asv_id,source_branch,habitat,Phylum,Genus,samples_local_TRUE,samples_local_FALSE,samples_detected_local_TRUE,samples_detected_local_FALSE,detection_fraction_local_TRUE,detection_fraction_local_FALSE,mean_read_percent_local_TRUE,mean_read_percent_local_FALSE,detection_difference,read_percent_difference
ASV_000017,47,planktonic,Verrucomicrobiota,Candidatus Udaeobacter,2,1,0,0,0,0,0,0,0,0
ASV_000027,47,planktonic,Actinomycetota,Gaiella,2,1,2,1,1,1,0.055,0.05,0,0.0049999999999999975
ASV_000034,47,planktonic,Verrucomicrobiota,Candidatus Udaeobacter,2,1,0,0,0,0,0,0,0,0
ASV_000039,47,planktonic,Acidobacteriota,NA,2,1,0,0,0,0,0,0,0,0
ASV_000052,47,planktonic,Acidobacteriota,NA,2,1,2,1,1,1,0.035,0.08,0,-0.045
ASV_000059,47,planktonic,Verrucomicrobiota,Chthoniobacter,2,1,0,0,0,0,0,0,0,0
ASV_000060,47,planktonic,Pseudomonadota,NA,2,1,2,1,1,1,0.025,0.02,0,0.005000000000000001
ASV_000064,47,planktonic,Acidobacteriota,NA,2,1,0,0,0,0,0,0,0,0
ASV_000081,47,planktonic,Acidobacteriota,NA,2,1,0,0,0,0,0,0,0,0
ASV_000098,47,planktonic,Actinomycetota,NA,2,1,0,0,0,0,0,0,0,0
ASV_000120,47,planktonic,Acidobacteriota,NA,2,1,0,0,0,0,0,0,0,0
ASV_000124,47,planktonic,Verrucomicrobiota,Candidatus Udaeobacter,2,1,0,0,0,0,0,0,0,0
ASV_000129,47,planktonic,Chloroflexota,NA,2,1,0,0,0,0,0,0,0,0
ASV_000134,47,planktonic,Acidobacteriota,NA,2,1,0,0,0,0,0,0,0,0
ASV_000151,47,planktonic,Acidobacteriota,NA,2,1,0,0,0,0,0,0,0,0
ASV_000153,47,planktonic,Pseudomonadota,Ellin6067,2,1,0,0,0,0,0,0,0,0
ASV_000179,47,planktonic,Pseudomonadota,Rhodovastum,2,1,0,0,0,0,0,0,0,0
ASV_000184,47,planktonic,Chloroflexota,NA,2,1,0,0,0,0,0,0,0,0
ASV_000193,47,planktonic,Verrucomicrobiota,Oleiharenicola,2,1,0,0,0,0,0,0,0,0
ASV_000244,47,planktonic,Actinomycetota,Acidiferrimicrobium,2,1,0,0,0,0,0,0,0,0
ASV_000259,47,planktonic,Pseudomonadota,Devosia,2,1,2,1,1,1,0.015,0.02,0,-0.005000000000000001
ASV_000261,47,planktonic,Pseudomonadota,Mesorhizobium,2,1,0,0,0,0,0,0,0,0
ASV_000275,47,planktonic,Pseudomonadota,IS-44,2,1,0,0,0,0,0,0,0,0
ASV_000279,47,planktonic,Myxococcota,NA,2,1,0,0,0,0,0,0,0,0
ASV_000282,47,planktonic,Bacteroidota,NA,2,1,0,0,0,0,0,0,0,0
ASV_000302,47,planktonic,Pseudomonadota,Massilia,2,1,1,0,0.5,0,0.005,0,0.5,0.005
ASV_000306,47,planktonic,Planctomycetota,NA,2,1,0,0,0,0,0,0,0,0
ASV_000315,47,planktonic,Acidobacteriota,NA,2,1,0,0,0,0,0,0,0,0
ASV_000340,47,planktonic,Myxococcota,NA,2,1,0,1,0,1,0,0.01,-1,-0.01
ASV_000349,47,planktonic,Pseudomonadota,Sphingomonas,2,1,0,1,0,1,0,0.01,-1,-0.01
ASV_000354,47,planktonic,Pseudomonadota,Aminobacter,2,1,0,0,0,0,0,0,0,0
ASV_000408,47,planktonic,Pseudomonadota,Bradyrhizobium,2,1,0,0,0,0,0,0,0,0
ASV_000419,47,planktonic,Pseudomonadota,Bradyrhizobium,2,1,2,1,1,1,0.075,0.09,0,-0.015
ASV_000468,47,planktonic,Pseudomonadota,NA,2,1,0,0,0,0,0,0,0,0
ASV_000470,47,planktonic,Pseudomonadota,NA,2,1,2,1,1,1,0.055,0.04,0,0.015
ASV_000492,47,planktonic,Actinomycetota,Acidiferrimicrobium,2,1,0,0,0,0,0,0,0,0
ASV_000500,47,planktonic,Pseudomonadota,MND1,2,1,0,0,0,0,0,0,0,0
ASV_000512,47,planktonic,Myxococcota,NA,2,1,0,0,0,0,0,0,0,0
ASV_000532,47,planktonic,Acidobacteriota,NA,2,1,0,0,0,0,0,0,0,0
ASV_000542,47,planktonic,Actinomycetota,NA,2,1,0,0,0,0,0,0,0,0
ASV_000572,47,planktonic,Actinomycetota,NA,2,1,0,0,0,0,0,0,0,0
ASV_000582,47,planktonic,Actinomycetota,NA,2,1,0,0,0,0,0,0,0,0
ASV_000615,47,planktonic,Pseudomonadota,Piscinibacter,2,1,2,1,1,1,0.015,0.01,0,0.004999999999999999
ASV_000671,47,planktonic,Bacteroidota,NA,2,1,0,0,0,0,0,0,0,0
ASV_000696,47,planktonic,Actinomycetota,Streptomyces,2,1,0,0,0,0,0,0,0,0
ASV_000708,47,planktonic,Actinomycetota,Nocardioides,2,1,1,1,0.5,1,0.01,0.02,-0.5,-0.01
ASV_000724,47,planktonic,Pseudomonadota,NA,2,1,0,0,0,0,0,0,0,0
ASV_000731,47,planktonic,Myxococcota,NA,2,1,0,0,0,0,0,0,0,0
ASV_000765,47,planktonic,Actinomycetota,NA,2,1,0,0,0,0,0,0,0,0
ASV_000789,47,planktonic,Actinomycetota,Mycobacterium,2,1,0,0,0,0,0,0,0,0
ASV_000794,47,planktonic,Acidobacteriota,NA,2,1,0,0,0,0,0,0,0,0
ASV_000812,47,planktonic,Verrucomicrobiota,Candidatus Udaeobacter,2,1,0,0,0,0,0,0,0,0
ASV_000842,47,planktonic,Actinomycetota,Mycobacterium,2,1,0,0,0,0,0,0,0,0
ASV_000861,47,planktonic,Acidobacteriota,NA,2,1,0,0,0,0,0,0,0,0
ASV_000881,47,planktonic,Pseudomonadota,NA,2,1,0,0,0,0,0,0,0,0
ASV_000903,47,planktonic,Gemmatimonadota,NA,2,1,0,0,0,0,0,0,0,0
ASV_000915,47,planktonic,Bacteroidota,Puia,2,1,0,0,0,0,0,0,0,0
ASV_000928,47,planktonic,Actinomycetota,NA,2,1,1,0,0.5,0,0.005,0,0.5,0.005
ASV_000931,47,planktonic,Pseudomonadota,Phenylobacterium,2,1,2,0,1,0,0.015,0,1,0.015
ASV_000940,47,planktonic,Actinomycetota,NA,2,1,0,0,0,0,0,0,0,0
ASV_000958,47,planktonic,Actinomycetota,CL500-29 marine group,2,1,0,0,0,0,0,0,0,0
ASV_000967,47,planktonic,Planctomycetota,Pir4 lineage,2,1,0,0,0,0,0,0,0,0
ASV_000971,47,planktonic,Pseudomonadota,Rhodoplanes,2,1,1,1,0.5,1,0.035,0.01,-0.5,0.025
ASV_000974,47,planktonic,Verrucomicrobiota,Candidatus Udaeobacter,2,1,0,0,0,0,0,0,0,0
ASV_001041,47,planktonic,Pseudomonadota,Afipia,2,1,0,0,0,0,0,0,0,0
ASV_001085,47,planktonic,Verrucomicrobiota,Chthoniobacter,2,1,1,0,0.5,0,0.005,0,0.5,0.005
ASV_001129,47,planktonic,Acidobacteriota,NA,2,1,0,0,0,0,0,0,0,0
ASV_001152,47,planktonic,Verrucomicrobiota,Chthoniobacter,2,1,0,0,0,0,0,0,0,0
ASV_001169,47,planktonic,Actinomycetota,NA,2,1,0,0,0,0,0,0,0,0
ASV_001178,47,planktonic,Verrucomicrobiota,NA,2,1,0,0,0,0,0,0,0,0
ASV_001313,47,planktonic,Actinomycetota,Galbitalea,2,1,0,0,0,0,0,0,0,0
ASV_001373,47,planktonic,Actinomycetota,Streptomyces,2,1,0,0,0,0,0,0,0,0
ASV_001391,47,planktonic,Pseudomonadota,Arsenicitalea,2,1,0,0,0,0,0,0,0,0
ASV_001397,47,planktonic,Pseudomonadota,NA,2,1,0,0,0,0,0,0,0,0
ASV_001410,47,planktonic,Pseudomonadota,Sphingomonas,2,1,0,0,0,0,0,0,0,0
ASV_001468,47,planktonic,Verrucomicrobiota,Candidatus Xiphinematobacter,2,1,0,0,0,0,0,0,0,0
ASV_001472,47,planktonic,Acidobacteriota,Candidatus Koribacter,2,1,0,0,0,0,0,0,0,0
ASV_001514,47,planktonic,Myxococcota,Pajaroellobacter,2,1,0,0,0,0,0,0,0,0
ASV_001527,47,planktonic,Acidobacteriota,NA,2,1,0,0,0,0,0,0,0,0
ASV_001744,47,planktonic,Actinomycetota,NA,2,1,0,0,0,0,0,0,0,0
ASV_001915,47,planktonic,Bdellovibrionota,NA,2,1,1,0,0.5,0,0.01,0,0.5,0.01
ASV_001955,47,planktonic,Verrucomicrobiota,Candidatus Udaeobacter,2,1,0,0,0,0,0,0,0,0
ASV_001982,47,planktonic,Bacteroidota,NA,2,1,0,0,0,0,0,0,0,0
ASV_001984,47,planktonic,Bacteroidota,NA,2,1,0,0,0,0,0,0,0,0
ASV_002007,47,planktonic,Acidobacteriota,NA,2,1,0,0,0,0,0,0,0,0
ASV_002015,47,planktonic,Planctomycetota,NA,2,1,0,0,0,0,0,0,0,0
ASV_002070,47,planktonic,Pseudomonadota,NA,2,1,0,0,0,0,0,0,0,0
ASV_002073,47,planktonic,Bacteroidota,NA,2,1,0,0,0,0,0,0,0,0
ASV_002075,47,planktonic,RCP2-54,NA,2,1,0,0,0,0,0,0,0,0
ASV_002114,47,planktonic,Actinomycetota,Baekduia,2,1,0,0,0,0,0,0,0,0
ASV_002133,47,planktonic,Pseudomonadota,NA,2,1,0,0,0,0,0,0,0,0
ASV_002164,47,planktonic,Pseudomonadota,Afipia,2,1,0,0,0,0,0,0,0,0
ASV_002196,47,planktonic,Pseudomonadota,NA,2,1,0,0,0,0,0,0,0,0
ASV_002226,47,planktonic,Acidobacteriota,NA,2,1,0,0,0,0,0,0,0,0
ASV_002239,47,planktonic,Acidobacteriota,Candidatus Solibacter,2,1,0,0,0,0,0,0,0,0
ASV_002286,47,planktonic,Chloroflexota,NA,2,1,0,0,0,0,0,0,0,0
ASV_002366,47,planktonic,Acidobacteriota,NA,2,1,0,0,0,0,0,0,0,0
ASV_002481,47,planktonic,Chloroflexota,NA,2,1,0,0,0,0,0,0,0,0
ASV_002491,47,planktonic,Pseudomonadota,Reyranella,2,1,0,0,0,0,0,0,0,0
ASV_002515,47,planktonic,Verrucomicrobiota,Candidatus Udaeobacter,2,1,0,0,0,0,0,0,0,0
ASV_002537,47,planktonic,Pseudomonadota,Dongia,2,1,0,0,0,0,0,0,0,0
ASV_002571,47,planktonic,Pseudomonadota,NA,2,1,0,0,0,0,0,0,0,0
ASV_002669,47,planktonic,Myxococcota,Minicystis,2,1,0,0,0,0,0,0,0,0
ASV_002689,47,planktonic,Myxococcota,NA,2,1,0,0,0,0,0,0,0,0
ASV_002728,47,planktonic,Verrucomicrobiota,Opitutus,2,1,0,0,0,0,0,0,0,0
ASV_002823,47,planktonic,Acidobacteriota,NA,2,1,0,0,0,0,0,0,0,0
ASV_002825,47,planktonic,Pseudomonadota,Pseudomonas,2,1,0,0,0,0,0,0,0,0
ASV_002833,47,planktonic,Pseudomonadota,Hirschia,2,1,0,0,0,0,0,0,0,0
ASV_002883,47,planktonic,Actinomycetota,Conexibacter,2,1,0,0,0,0,0,0,0,0
ASV_002888,47,planktonic,Planctomycetota,NA,2,1,0,0,0,0,0,0,0,0
ASV_002911,47,planktonic,Actinomycetota,Mycobacterium,2,1,0,0,0,0,0,0,0,0
ASV_002935,47,planktonic,Pseudomonadota,NA,2,1,0,0,0,0,0,0,0,0
ASV_003047,47,planktonic,Actinomycetota,NA,2,1,0,0,0,0,0,0,0,0
ASV_003070,47,planktonic,Pseudomonadota,NA,2,1,0,0,0,0,0,0,0,0
ASV_003085,47,planktonic,Actinomycetota,NA,2,1,0,0,0,0,0,0,0,0
ASV_003207,47,planktonic,Pseudomonadota,NA,2,1,0,0,0,0,0,0,0,0
ASV_003239,47,planktonic,Verrucomicrobiota,Candidatus Udaeobacter,2,1,0,0,0,0,0,0,0,0
ASV_003247,47,planktonic,Pseudomonadota,Rhodanobacter,2,1,0,0,0,0,0,0,0,0
ASV_003284,47,planktonic,Myxococcota,Anaeromyxobacter,2,1,0,0,0,0,0,0,0,0
ASV_003485,47,planktonic,Pseudomonadota,NA,2,1,1,0,0.5,0,0.01,0,0.5,0.01
ASV_003575,47,planktonic,Chloroflexota,NA,2,1,0,0,0,0,0,0,0,0
ASV_003587,47,planktonic,Pseudomonadota,NA,2,1,0,0,0,0,0,0,0,0
ASV_003702,47,planktonic,Acidobacteriota,NA,2,1,0,0,0,0,0,0,0,0
ASV_003723,47,planktonic,Pseudomonadota,Burkholderia-Caballeronia-Paraburkholderia,2,1,0,0,0,0,0,0,0,0
ASV_003904,47,planktonic,Acidobacteriota,Candidatus Solibacter,2,1,0,0,0,0,0,0,0,0
ASV_003989,47,planktonic,Verrucomicrobiota,Candidatus Udaeobacter,2,1,0,0,0,0,0,0,0,0
ASV_004003,47,planktonic,Elusimicrobiota,NA,2,1,0,0,0,0,0,0,0,0
ASV_004078,47,planktonic,Verrucomicrobiota,SH3-11,2,1,0,0,0,0,0,0,0,0
ASV_004100,47,planktonic,Acidobacteriota,Bryobacter,2,1,0,0,0,0,0,0,0,0
ASV_004123,47,planktonic,Acidobacteriota,NA,2,1,0,0,0,0,0,0,0,0
ASV_004231,47,planktonic,Acidobacteriota,NA,2,1,0,0,0,0,0,0,0,0
ASV_004235,47,planktonic,Myxococcota,Pajaroellobacter,2,1,0,0,0,0,0,0,0,0
ASV_004322,47,planktonic,Actinomycetota,NA,2,1,0,0,0,0,0,0,0,0
ASV_004339,47,planktonic,Pseudomonadota,Pseudolabrys,2,1,0,0,0,0,0,0,0,0
ASV_004417,47,planktonic,Gemmatimonadota,Gemmatimonas,2,1,0,0,0,0,0,0,0,0
ASV_004490,47,planktonic,Pseudomonadota,NA,2,1,0,0,0,0,0,0,0,0
ASV_004583,47,planktonic,Pseudomonadota,Roseiarcus,2,1,0,0,0,0,0,0,0,0
ASV_004707,47,planktonic,Myxococcota,NA,2,1,0,0,0,0,0,0,0,0
ASV_004877,47,planktonic,Bacteroidota,Ferruginibacter,2,1,0,0,0,0,0,0,0,0
ASV_004903,47,planktonic,Gemmatimonadota,Gemmatimonas,2,1,0,0,0,0,0,0,0,0
ASV_004942,47,planktonic,Pseudomonadota,Roseiarcus,2,1,0,0,0,0,0,0,0,0
ASV_004951,47,planktonic,Pseudomonadota,Sphingomonas,2,1,1,0,0.5,0,0.015,0,0.5,0.015
ASV_005011,47,planktonic,Pseudomonadota,NA,2,1,0,0,0,0,0,0,0,0
ASV_005024,47,planktonic,Myxococcota,Pajaroellobacter,2,1,0,0,0,0,0,0,0,0
ASV_005040,47,planktonic,Myxococcota,NA,2,1,0,0,0,0,0,0,0,0
ASV_005056,47,planktonic,Planctomycetota,Singulisphaera,2,1,0,0,0,0,0,0,0,0
ASV_005165,47,planktonic,Acidobacteriota,NA,2,1,0,0,0,0,0,0,0,0
ASV_005332,47,planktonic,Pseudomonadota,NA,2,1,0,0,0,0,0,0,0,0
ASV_005460,47,planktonic,Actinomycetota,NA,2,1,0,0,0,0,0,0,0,0
ASV_005509,47,planktonic,Pseudomonadota,Roseiarcus,2,1,0,0,0,0,0,0,0,0
ASV_005620,47,planktonic,Planctomycetota,Gemmata,2,1,0,0,0,0,0,0,0,0
ASV_005818,47,planktonic,Acidobacteriota,NA,2,1,0,0,0,0,0,0,0,0
ASV_006018,47,planktonic,Pseudomonadota,Roseiarcus,2,1,0,0,0,0,0,0,0,0
ASV_006046,47,planktonic,Pseudomonadota,NA,2,1,0,0,0,0,0,0,0,0
ASV_006188,47,planktonic,Acidobacteriota,Occallatibacter,2,1,0,0,0,0,0,0,0,0
ASV_006520,47,planktonic,Pseudomonadota,NA,2,1,0,0,0,0,0,0,0,0
ASV_006586,47,planktonic,Pseudomonadota,Bradyrhizobium,2,1,0,0,0,0,0,0,0,0
ASV_006668,47,planktonic,Acidobacteriota,NA,2,1,0,0,0,0,0,0,0,0
ASV_006681,47,planktonic,Pseudomonadota,Limnobacter,2,1,0,0,0,0,0,0,0,0
ASV_006688,47,planktonic,Planctomycetota,NA,2,1,0,0,0,0,0,0,0,0
ASV_006797,47,planktonic,Actinomycetota,Acidiferrimicrobium,2,1,0,1,0,1,0,0.01,-1,-0.01
ASV_006886,47,planktonic,Chloroflexota,NA,2,1,0,0,0,0,0,0,0,0
ASV_006951,47,planktonic,Actinomycetota,NA,2,1,0,1,0,1,0,0.01,-1,-0.01
ASV_006987,47,planktonic,Pseudomonadota,NA,2,1,0,0,0,0,0,0,0,0
ASV_007047,47,planktonic,Acidobacteriota,Granulicella,2,1,0,0,0,0,0,0,0,0
ASV_007124,47,planktonic,Pseudomonadota,Reyranella,2,1,0,0,0,0,0,0,0,0
ASV_007410,47,planktonic,Acidobacteriota,NA,2,1,0,0,0,0,0,0,0,0
ASV_007600,47,planktonic,Pseudomonadota,SWB02,2,1,0,0,0,0,0,0,0,0
ASV_007658,47,planktonic,RCP2-54,NA,2,1,0,0,0,0,0,0,0,0
ASV_007798,47,planktonic,Acidobacteriota,NA,2,1,0,0,0,0,0,0,0,0
ASV_007895,47,planktonic,Myxococcota,NA,2,1,0,0,0,0,0,0,0,0
ASV_008129,47,planktonic,Myxococcota,NA,2,1,0,0,0,0,0,0,0,0
ASV_008223,47,planktonic,Planctomycetota,NA,2,1,0,0,0,0,0,0,0,0
ASV_008294,47,planktonic,Bacteroidota,NA,2,1,0,0,0,0,0,0,0,0
ASV_008420,47,planktonic,Verrucomicrobiota,Pedosphaera,2,1,0,0,0,0,0,0,0,0
ASV_008816,47,planktonic,Pseudomonadota,NA,2,1,0,0,0,0,0,0,0,0
ASV_008971,47,planktonic,Verrucomicrobiota,Candidatus Udaeobacter,2,1,0,0,0,0,0,0,0,0
ASV_008989,47,planktonic,Myxococcota,Pajaroellobacter,2,1,0,0,0,0,0,0,0,0
ASV_009156,47,planktonic,Bacteroidota,Mucilaginibacter,2,1,0,0,0,0,0,0,0,0
ASV_009193,47,planktonic,Acidobacteriota,NA,2,1,0,0,0,0,0,0,0,0
ASV_009309,47,planktonic,Bacteroidota,Chryseotalea,2,1,0,0,0,0,0,0,0,0
ASV_009463,47,planktonic,Acidobacteriota,NA,2,1,0,0,0,0,0,0,0,0
ASV_009500,47,planktonic,Actinomycetota,Conexibacter,2,1,0,0,0,0,0,0,0,0
ASV_009545,47,planktonic,Pseudomonadota,Roseiarcus,2,1,0,0,0,0,0,0,0,0
ASV_009582,47,planktonic,Chloroflexota,NA,2,1,0,0,0,0,0,0,0,0
ASV_009740,47,planktonic,Acidobacteriota,NA,2,1,0,0,0,0,0,0,0,0
ASV_009882,47,planktonic,Pseudomonadota,NA,2,1,0,0,0,0,0,0,0,0
ASV_009961,47,planktonic,Gemmatimonadota,NA,2,1,0,0,0,0,0,0,0,0
ASV_010150,47,planktonic,Pseudomonadota,NA,2,1,0,0,0,0,0,0,0,0
ASV_010278,47,planktonic,Bacteroidota,Mucilaginibacter,2,1,0,0,0,0,0,0,0,0
ASV_010424,47,planktonic,Planctomycetota,NA,2,1,0,0,0,0,0,0,0,0
ASV_010536,47,planktonic,Verrucomicrobiota,NA,2,1,0,0,0,0,0,0,0,0
ASV_010592,47,planktonic,Pseudomonadota,NA,2,1,0,0,0,0,0,0,0,0
ASV_010620,47,planktonic,Pseudomonadota,NA,2,1,0,0,0,0,0,0,0,0
ASV_010784,47,planktonic,Acidobacteriota,Granulicella,2,1,0,0,0,0,0,0,0,0
ASV_011140,47,planktonic,Verrucomicrobiota,NA,2,1,0,0,0,0,0,0,0,0
ASV_011607,47,planktonic,Acidobacteriota,Candidatus Solibacter,2,1,0,0,0,0,0,0,0,0
ASV_011690,47,planktonic,Bacteroidota,Puia,2,1,0,0,0,0,0,0,0,0
ASV_012068,47,planktonic,Actinomycetota,NA,2,1,0,0,0,0,0,0,0,0
ASV_012675,47,planktonic,Actinomycetota,NA,2,1,0,0,0,0,0,0,0,0
ASV_012810,47,planktonic,Pseudomonadota,NA,2,1,0,0,0,0,0,0,0,0
ASV_013298,47,planktonic,Armatimonadota,Chthonomonas,2,1,0,0,0,0,0,0,0,0
ASV_013385,47,planktonic,Pseudomonadota,Bradyrhizobium,2,1,0,0,0,0,0,0,0,0
ASV_013394,47,planktonic,Acidobacteriota,NA,2,1,0,0,0,0,0,0,0,0
ASV_013429,47,planktonic,Verrucomicrobiota,Oleiharenicola,2,1,0,0,0,0,0,0,0,0
ASV_013444,47,planktonic,Pseudomonadota,Hirschia,2,1,0,0,0,0,0,0,0,0
ASV_013728,47,planktonic,Pseudomonadota,NA,2,1,0,0,0,0,0,0,0,0
ASV_014009,47,planktonic,Pseudomonadota,NA,2,1,0,0,0,0,0,0,0,0
ASV_014698,47,planktonic,Pseudomonadota,NA,2,1,0,0,0,0,0,0,0,0
ASV_014792,47,planktonic,Actinomycetota,NA,2,1,0,0,0,0,0,0,0,0
ASV_015009,47,planktonic,Acidobacteriota,Bryobacter,2,1,0,0,0,0,0,0,0,0
ASV_015225,47,planktonic,Acidobacteriota,NA,2,1,0,0,0,0,0,0,0,0
ASV_016110,47,planktonic,Planctomycetota,NA,2,1,0,0,0,0,0,0,0,0
ASV_016435,47,planktonic,Myxococcota,NA,2,1,0,0,0,0,0,0,0,0
ASV_016460,47,planktonic,Pseudomonadota,Rhodovastum,2,1,0,0,0,0,0,0,0,0
ASV_016959,47,planktonic,Actinomycetota,Acidothermus,2,1,0,0,0,0,0,0,0,0
ASV_017883,47,planktonic,Verrucomicrobiota,NA,2,1,0,0,0,0,0,0,0,0
ASV_017969,47,planktonic,Pseudomonadota,NA,2,1,0,0,0,0,0,0,0,0
ASV_019206,47,planktonic,Pseudomonadota,Rhodoplanes,2,1,0,0,0,0,0,0,0,0
ASV_020336,47,planktonic,Verrucomicrobiota,ADurb.Bin063-1,2,1,0,0,0,0,0,0,0,0
ASV_020442,47,planktonic,Planctomycetota,NA,2,1,0,0,0,0,0,0,0,0
ASV_020508,47,planktonic,Pseudomonadota,Roseiarcus,2,1,0,0,0,0,0,0,0,0
ASV_021159,47,planktonic,RCP2-54,NA,2,1,0,0,0,0,0,0,0,0
ASV_025797,47,planktonic,Pseudomonadota,NA,2,1,0,0,0,0,0,0,0,0
ASV_029693,47,planktonic,Chloroflexota,NA,2,1,0,0,0,0,0,0,0,0
ASV_000017,47,hyporheic,Verrucomicrobiota,Candidatus Udaeobacter,3,2,0,0,0,0,0,0,0,0
ASV_000027,47,hyporheic,Actinomycetota,Gaiella,3,2,2,2,0.6666666666666666,1,0.02666666666666666,0.04,-0.33333333333333337,-0.01333333333333334
ASV_000034,47,hyporheic,Verrucomicrobiota,Candidatus Udaeobacter,3,2,0,1,0,0.5,0,0.05,-0.5,-0.05
ASV_000039,47,hyporheic,Acidobacteriota,NA,3,2,2,0,0.6666666666666666,0,0.01333333333333333,0,0.6666666666666666,0.01333333333333333
ASV_000052,47,hyporheic,Acidobacteriota,NA,3,2,2,1,0.6666666666666666,0.5,0.02,0.015,0.16666666666666663,0.005000000000000001
ASV_000059,47,hyporheic,Verrucomicrobiota,Chthoniobacter,3,2,0,1,0,0.5,0,0.045,-0.5,-0.045
ASV_000060,47,hyporheic,Pseudomonadota,NA,3,2,2,2,0.6666666666666666,1,0.01333333333333333,0.065,-0.33333333333333337,-0.05166666666666667
ASV_000064,47,hyporheic,Acidobacteriota,NA,3,2,0,0,0,0,0,0,0,0
ASV_000081,47,hyporheic,Acidobacteriota,NA,3,2,0,0,0,0,0,0,0,0
ASV_000098,47,hyporheic,Actinomycetota,NA,3,2,0,0,0,0,0,0,0,0
ASV_000120,47,hyporheic,Acidobacteriota,NA,3,2,0,0,0,0,0,0,0,0
ASV_000124,47,hyporheic,Verrucomicrobiota,Candidatus Udaeobacter,3,2,0,0,0,0,0,0,0,0
ASV_000129,47,hyporheic,Chloroflexota,NA,3,2,0,0,0,0,0,0,0,0
ASV_000134,47,hyporheic,Acidobacteriota,NA,3,2,0,0,0,0,0,0,0,0
ASV_000151,47,hyporheic,Acidobacteriota,NA,3,2,1,0,0.3333333333333333,0,0.0033333333333333327,0,0.3333333333333333,0.0033333333333333327
ASV_000153,47,hyporheic,Pseudomonadota,Ellin6067,3,2,1,1,0.3333333333333333,0.5,0.01,0.01,-0.16666666666666669,0
ASV_000179,47,hyporheic,Pseudomonadota,Rhodovastum,3,2,0,0,0,0,0,0,0,0
ASV_000184,47,hyporheic,Chloroflexota,NA,3,2,0,0,0,0,0,0,0,0
ASV_000193,47,hyporheic,Verrucomicrobiota,Oleiharenicola,3,2,1,1,0.3333333333333333,0.5,0.03333333333333334,0.18,-0.16666666666666669,-0.14666666666666667
ASV_000244,47,hyporheic,Actinomycetota,Acidiferrimicrobium,3,2,0,0,0,0,0,0,0,0
ASV_000259,47,hyporheic,Pseudomonadota,Devosia,3,2,0,1,0,0.5,0,0.01,-0.5,-0.01
ASV_000261,47,hyporheic,Pseudomonadota,Mesorhizobium,3,2,0,0,0,0,0,0,0,0
ASV_000275,47,hyporheic,Pseudomonadota,IS-44,3,2,0,0,0,0,0,0,0,0
ASV_000279,47,hyporheic,Myxococcota,NA,3,2,0,0,0,0,0,0,0,0
ASV_000282,47,hyporheic,Bacteroidota,NA,3,2,0,1,0,0.5,0,0.04,-0.5,-0.04
ASV_000302,47,hyporheic,Pseudomonadota,Massilia,3,2,1,0,0.3333333333333333,0,0.01333333333333333,0,0.3333333333333333,0.01333333333333333
ASV_000306,47,hyporheic,Planctomycetota,NA,3,2,0,0,0,0,0,0,0,0
ASV_000315,47,hyporheic,Acidobacteriota,NA,3,2,0,0,0,0,0,0,0,0
ASV_000340,47,hyporheic,Myxococcota,NA,3,2,0,0,0,0,0,0,0,0
ASV_000349,47,hyporheic,Pseudomonadota,Sphingomonas,3,2,1,0,0.3333333333333333,0,0.0033333333333333327,0,0.3333333333333333,0.0033333333333333327
ASV_000354,47,hyporheic,Pseudomonadota,Aminobacter,3,2,0,1,0,0.5,0,0.01,-0.5,-0.01
ASV_000408,47,hyporheic,Pseudomonadota,Bradyrhizobium,3,2,0,0,0,0,0,0,0,0
ASV_000419,47,hyporheic,Pseudomonadota,Bradyrhizobium,3,2,2,1,0.6666666666666666,0.5,0.01333333333333333,0.11,0.16666666666666663,-0.09666666666666666
ASV_000468,47,hyporheic,Pseudomonadota,NA,3,2,0,0,0,0,0,0,0,0
ASV_000470,47,hyporheic,Pseudomonadota,NA,3,2,2,1,0.6666666666666666,0.5,0.01666666666666667,0.025,0.16666666666666663,-0.008333333333333331
ASV_000492,47,hyporheic,Actinomycetota,Acidiferrimicrobium,3,2,0,0,0,0,0,0,0,0
ASV_000500,47,hyporheic,Pseudomonadota,MND1,3,2,0,0,0,0,0,0,0,0
ASV_000512,47,hyporheic,Myxococcota,NA,3,2,0,1,0,0.5,0,0.015,-0.5,-0.015
ASV_000532,47,hyporheic,Acidobacteriota,NA,3,2,0,0,0,0,0,0,0,0
ASV_000542,47,hyporheic,Actinomycetota,NA,3,2,0,0,0,0,0,0,0,0
ASV_000572,47,hyporheic,Actinomycetota,NA,3,2,1,0,0.3333333333333333,0,0.06,0,0.3333333333333333,0.06
ASV_000582,47,hyporheic,Actinomycetota,NA,3,2,0,0,0,0,0,0,0,0
ASV_000615,47,hyporheic,Pseudomonadota,Piscinibacter,3,2,0,1,0,0.5,0,0.015,-0.5,-0.015
ASV_000671,47,hyporheic,Bacteroidota,NA,3,2,0,0,0,0,0,0,0,0
ASV_000696,47,hyporheic,Actinomycetota,Streptomyces,3,2,1,0,0.3333333333333333,0,0.0033333333333333327,0,0.3333333333333333,0.0033333333333333327
ASV_000708,47,hyporheic,Actinomycetota,Nocardioides,3,2,2,1,0.6666666666666666,0.5,0.01,0.02,0.16666666666666663,-0.01
ASV_000724,47,hyporheic,Pseudomonadota,NA,3,2,0,0,0,0,0,0,0,0
ASV_000731,47,hyporheic,Myxococcota,NA,3,2,0,0,0,0,0,0,0,0
ASV_000765,47,hyporheic,Actinomycetota,NA,3,2,0,0,0,0,0,0,0,0
ASV_000789,47,hyporheic,Actinomycetota,Mycobacterium,3,2,0,0,0,0,0,0,0,0
ASV_000794,47,hyporheic,Acidobacteriota,NA,3,2,0,0,0,0,0,0,0,0
ASV_000812,47,hyporheic,Verrucomicrobiota,Candidatus Udaeobacter,3,2,0,0,0,0,0,0,0,0
ASV_000842,47,hyporheic,Actinomycetota,Mycobacterium,3,2,0,0,0,0,0,0,0,0
ASV_000861,47,hyporheic,Acidobacteriota,NA,3,2,0,0,0,0,0,0,0,0
ASV_000881,47,hyporheic,Pseudomonadota,NA,3,2,1,0,0.3333333333333333,0,0.0033333333333333327,0,0.3333333333333333,0.0033333333333333327
ASV_000903,47,hyporheic,Gemmatimonadota,NA,3,2,0,0,0,0,0,0,0,0
ASV_000915,47,hyporheic,Bacteroidota,Puia,3,2,0,0,0,0,0,0,0,0
ASV_000928,47,hyporheic,Actinomycetota,NA,3,2,0,0,0,0,0,0,0,0
ASV_000931,47,hyporheic,Pseudomonadota,Phenylobacterium,3,2,1,0,0.3333333333333333,0,0.0033333333333333327,0,0.3333333333333333,0.0033333333333333327
ASV_000940,47,hyporheic,Actinomycetota,NA,3,2,0,0,0,0,0,0,0,0
ASV_000958,47,hyporheic,Actinomycetota,CL500-29 marine group,3,2,0,0,0,0,0,0,0,0
ASV_000967,47,hyporheic,Planctomycetota,Pir4 lineage,3,2,0,0,0,0,0,0,0,0
ASV_000971,47,hyporheic,Pseudomonadota,Rhodoplanes,3,2,1,0,0.3333333333333333,0,0.0033333333333333327,0,0.3333333333333333,0.0033333333333333327
ASV_000974,47,hyporheic,Verrucomicrobiota,Candidatus Udaeobacter,3,2,0,0,0,0,0,0,0,0
ASV_001041,47,hyporheic,Pseudomonadota,Afipia,3,2,0,0,0,0,0,0,0,0
ASV_001085,47,hyporheic,Verrucomicrobiota,Chthoniobacter,3,2,0,0,0,0,0,0,0,0
ASV_001129,47,hyporheic,Acidobacteriota,NA,3,2,0,0,0,0,0,0,0,0
ASV_001152,47,hyporheic,Verrucomicrobiota,Chthoniobacter,3,2,0,0,0,0,0,0,0,0
ASV_001169,47,hyporheic,Actinomycetota,NA,3,2,0,0,0,0,0,0,0,0
ASV_001178,47,hyporheic,Verrucomicrobiota,NA,3,2,0,0,0,0,0,0,0,0
ASV_001313,47,hyporheic,Actinomycetota,Galbitalea,3,2,0,0,0,0,0,0,0,0
ASV_001373,47,hyporheic,Actinomycetota,Streptomyces,3,2,0,0,0,0,0,0,0,0
ASV_001391,47,hyporheic,Pseudomonadota,Arsenicitalea,3,2,0,0,0,0,0,0,0,0
ASV_001397,47,hyporheic,Pseudomonadota,NA,3,2,0,0,0,0,0,0,0,0
ASV_001410,47,hyporheic,Pseudomonadota,Sphingomonas,3,2,1,1,0.3333333333333333,0.5,0.03666666666666666,0.14,-0.16666666666666669,-0.10333333333333336
ASV_001468,47,hyporheic,Verrucomicrobiota,Candidatus Xiphinematobacter,3,2,0,0,0,0,0,0,0,0
ASV_001472,47,hyporheic,Acidobacteriota,Candidatus Koribacter,3,2,0,0,0,0,0,0,0,0
ASV_001514,47,hyporheic,Myxococcota,Pajaroellobacter,3,2,1,0,0.3333333333333333,0,0.0033333333333333327,0,0.3333333333333333,0.0033333333333333327
ASV_001527,47,hyporheic,Acidobacteriota,NA,3,2,0,0,0,0,0,0,0,0
ASV_001744,47,hyporheic,Actinomycetota,NA,3,2,0,0,0,0,0,0,0,0
ASV_001915,47,hyporheic,Bdellovibrionota,NA,3,2,0,0,0,0,0,0,0,0
ASV_001955,47,hyporheic,Verrucomicrobiota,Candidatus Udaeobacter,3,2,0,0,0,0,0,0,0,0
ASV_001982,47,hyporheic,Bacteroidota,NA,3,2,0,0,0,0,0,0,0,0
ASV_001984,47,hyporheic,Bacteroidota,NA,3,2,0,0,0,0,0,0,0,0
ASV_002007,47,hyporheic,Acidobacteriota,NA,3,2,0,0,0,0,0,0,0,0
ASV_002015,47,hyporheic,Planctomycetota,NA,3,2,0,0,0,0,0,0,0,0
ASV_002070,47,hyporheic,Pseudomonadota,NA,3,2,0,0,0,0,0,0,0,0
ASV_002073,47,hyporheic,Bacteroidota,NA,3,2,0,0,0,0,0,0,0,0
ASV_002075,47,hyporheic,RCP2-54,NA,3,2,0,0,0,0,0,0,0,0
ASV_002114,47,hyporheic,Actinomycetota,Baekduia,3,2,0,0,0,0,0,0,0,0
ASV_002133,47,hyporheic,Pseudomonadota,NA,3,2,0,0,0,0,0,0,0,0
ASV_002164,47,hyporheic,Pseudomonadota,Afipia,3,2,0,0,0,0,0,0,0,0
ASV_002196,47,hyporheic,Pseudomonadota,NA,3,2,0,0,0,0,0,0,0,0
ASV_002226,47,hyporheic,Acidobacteriota,NA,3,2,0,0,0,0,0,0,0,0
ASV_002239,47,hyporheic,Acidobacteriota,Candidatus Solibacter,3,2,0,0,0,0,0,0,0,0
ASV_002286,47,hyporheic,Chloroflexota,NA,3,2,0,0,0,0,0,0,0,0
ASV_002366,47,hyporheic,Acidobacteriota,NA,3,2,0,0,0,0,0,0,0,0
ASV_002481,47,hyporheic,Chloroflexota,NA,3,2,0,0,0,0,0,0,0,0
ASV_002491,47,hyporheic,Pseudomonadota,Reyranella,3,2,0,0,0,0,0,0,0,0
ASV_002515,47,hyporheic,Verrucomicrobiota,Candidatus Udaeobacter,3,2,0,0,0,0,0,0,0,0
ASV_002537,47,hyporheic,Pseudomonadota,Dongia,3,2,0,0,0,0,0,0,0,0
ASV_002571,47,hyporheic,Pseudomonadota,NA,3,2,0,0,0,0,0,0,0,0
ASV_002669,47,hyporheic,Myxococcota,Minicystis,3,2,0,0,0,0,0,0,0,0
ASV_002689,47,hyporheic,Myxococcota,NA,3,2,0,0,0,0,0,0,0,0
ASV_002728,47,hyporheic,Verrucomicrobiota,Opitutus,3,2,0,0,0,0,0,0,0,0
ASV_002823,47,hyporheic,Acidobacteriota,NA,3,2,0,0,0,0,0,0,0,0
ASV_002825,47,hyporheic,Pseudomonadota,Pseudomonas,3,2,0,1,0,0.5,0,0.045,-0.5,-0.045
ASV_002833,47,hyporheic,Pseudomonadota,Hirschia,3,2,0,0,0,0,0,0,0,0
ASV_002883,47,hyporheic,Actinomycetota,Conexibacter,3,2,0,0,0,0,0,0,0,0
ASV_002888,47,hyporheic,Planctomycetota,NA,3,2,0,0,0,0,0,0,0,0
ASV_002911,47,hyporheic,Actinomycetota,Mycobacterium,3,2,0,0,0,0,0,0,0,0
ASV_002935,47,hyporheic,Pseudomonadota,NA,3,2,0,0,0,0,0,0,0,0
ASV_003047,47,hyporheic,Actinomycetota,NA,3,2,0,0,0,0,0,0,0,0
ASV_003070,47,hyporheic,Pseudomonadota,NA,3,2,0,0,0,0,0,0,0,0
ASV_003085,47,hyporheic,Actinomycetota,NA,3,2,0,0,0,0,0,0,0,0
ASV_003207,47,hyporheic,Pseudomonadota,NA,3,2,0,0,0,0,0,0,0,0
ASV_003239,47,hyporheic,Verrucomicrobiota,Candidatus Udaeobacter,3,2,0,0,0,0,0,0,0,0
ASV_003247,47,hyporheic,Pseudomonadota,Rhodanobacter,3,2,0,0,0,0,0,0,0,0
ASV_003284,47,hyporheic,Myxococcota,Anaeromyxobacter,3,2,0,0,0,0,0,0,0,0
ASV_003485,47,hyporheic,Pseudomonadota,NA,3,2,2,0,0.6666666666666666,0,0.01,0,0.6666666666666666,0.01
ASV_003575,47,hyporheic,Chloroflexota,NA,3,2,0,0,0,0,0,0,0,0
ASV_003587,47,hyporheic,Pseudomonadota,NA,3,2,0,0,0,0,0,0,0,0
ASV_003702,47,hyporheic,Acidobacteriota,NA,3,2,0,0,0,0,0,0,0,0
ASV_003723,47,hyporheic,Pseudomonadota,Burkholderia-Caballeronia-Paraburkholderia,3,2,0,0,0,0,0,0,0,0
ASV_003904,47,hyporheic,Acidobacteriota,Candidatus Solibacter,3,2,0,0,0,0,0,0,0,0
ASV_003989,47,hyporheic,Verrucomicrobiota,Candidatus Udaeobacter,3,2,0,0,0,0,0,0,0,0
ASV_004003,47,hyporheic,Elusimicrobiota,NA,3,2,0,0,0,0,0,0,0,0
ASV_004078,47,hyporheic,Verrucomicrobiota,SH3-11,3,2,0,0,0,0,0,0,0,0
ASV_004100,47,hyporheic,Acidobacteriota,Bryobacter,3,2,0,0,0,0,0,0,0,0
ASV_004123,47,hyporheic,Acidobacteriota,NA,3,2,0,0,0,0,0,0,0,0
ASV_004231,47,hyporheic,Acidobacteriota,NA,3,2,0,0,0,0,0,0,0,0
ASV_004235,47,hyporheic,Myxococcota,Pajaroellobacter,3,2,0,0,0,0,0,0,0,0
ASV_004322,47,hyporheic,Actinomycetota,NA,3,2,0,0,0,0,0,0,0,0
ASV_004339,47,hyporheic,Pseudomonadota,Pseudolabrys,3,2,1,0,0.3333333333333333,0,0.0033333333333333327,0,0.3333333333333333,0.0033333333333333327
ASV_004417,47,hyporheic,Gemmatimonadota,Gemmatimonas,3,2,0,0,0,0,0,0,0,0
ASV_004490,47,hyporheic,Pseudomonadota,NA,3,2,0,0,0,0,0,0,0,0
ASV_004583,47,hyporheic,Pseudomonadota,Roseiarcus,3,2,0,0,0,0,0,0,0,0
ASV_004707,47,hyporheic,Myxococcota,NA,3,2,0,0,0,0,0,0,0,0
ASV_004877,47,hyporheic,Bacteroidota,Ferruginibacter,3,2,0,0,0,0,0,0,0,0
ASV_004903,47,hyporheic,Gemmatimonadota,Gemmatimonas,3,2,0,0,0,0,0,0,0,0
ASV_004942,47,hyporheic,Pseudomonadota,Roseiarcus,3,2,0,0,0,0,0,0,0,0
ASV_004951,47,hyporheic,Pseudomonadota,Sphingomonas,3,2,0,0,0,0,0,0,0,0
ASV_005011,47,hyporheic,Pseudomonadota,NA,3,2,0,0,0,0,0,0,0,0
ASV_005024,47,hyporheic,Myxococcota,Pajaroellobacter,3,2,0,0,0,0,0,0,0,0
ASV_005040,47,hyporheic,Myxococcota,NA,3,2,0,0,0,0,0,0,0,0
ASV_005056,47,hyporheic,Planctomycetota,Singulisphaera,3,2,0,0,0,0,0,0,0,0
ASV_005165,47,hyporheic,Acidobacteriota,NA,3,2,0,0,0,0,0,0,0,0
ASV_005332,47,hyporheic,Pseudomonadota,NA,3,2,0,0,0,0,0,0,0,0
ASV_005460,47,hyporheic,Actinomycetota,NA,3,2,0,0,0,0,0,0,0,0
ASV_005509,47,hyporheic,Pseudomonadota,Roseiarcus,3,2,0,0,0,0,0,0,0,0
ASV_005620,47,hyporheic,Planctomycetota,Gemmata,3,2,0,0,0,0,0,0,0,0
ASV_005818,47,hyporheic,Acidobacteriota,NA,3,2,0,0,0,0,0,0,0,0
ASV_006018,47,hyporheic,Pseudomonadota,Roseiarcus,3,2,0,0,0,0,0,0,0,0
ASV_006046,47,hyporheic,Pseudomonadota,NA,3,2,0,0,0,0,0,0,0,0
ASV_006188,47,hyporheic,Acidobacteriota,Occallatibacter,3,2,0,0,0,0,0,0,0,0
ASV_006520,47,hyporheic,Pseudomonadota,NA,3,2,0,0,0,0,0,0,0,0
ASV_006586,47,hyporheic,Pseudomonadota,Bradyrhizobium,3,2,0,0,0,0,0,0,0,0
ASV_006668,47,hyporheic,Acidobacteriota,NA,3,2,0,0,0,0,0,0,0,0
ASV_006681,47,hyporheic,Pseudomonadota,Limnobacter,3,2,0,0,0,0,0,0,0,0
ASV_006688,47,hyporheic,Planctomycetota,NA,3,2,0,0,0,0,0,0,0,0
ASV_006797,47,hyporheic,Actinomycetota,Acidiferrimicrobium,3,2,0,0,0,0,0,0,0,0
ASV_006886,47,hyporheic,Chloroflexota,NA,3,2,0,0,0,0,0,0,0,0
ASV_006951,47,hyporheic,Actinomycetota,NA,3,2,0,0,0,0,0,0,0,0
ASV_006987,47,hyporheic,Pseudomonadota,NA,3,2,0,0,0,0,0,0,0,0
ASV_007047,47,hyporheic,Acidobacteriota,Granulicella,3,2,0,0,0,0,0,0,0,0
ASV_007124,47,hyporheic,Pseudomonadota,Reyranella,3,2,0,0,0,0,0,0,0,0
ASV_007410,47,hyporheic,Acidobacteriota,NA,3,2,0,0,0,0,0,0,0,0
ASV_007600,47,hyporheic,Pseudomonadota,SWB02,3,2,0,0,0,0,0,0,0,0
ASV_007658,47,hyporheic,RCP2-54,NA,3,2,0,0,0,0,0,0,0,0
ASV_007798,47,hyporheic,Acidobacteriota,NA,3,2,0,0,0,0,0,0,0,0
ASV_007895,47,hyporheic,Myxococcota,NA,3,2,0,0,0,0,0,0,0,0
ASV_008129,47,hyporheic,Myxococcota,NA,3,2,0,0,0,0,0,0,0,0
ASV_008223,47,hyporheic,Planctomycetota,NA,3,2,0,1,0,0.5,0,0.035,-0.5,-0.035
ASV_008294,47,hyporheic,Bacteroidota,NA,3,2,0,0,0,0,0,0,0,0
ASV_008420,47,hyporheic,Verrucomicrobiota,Pedosphaera,3,2,0,0,0,0,0,0,0,0
ASV_008816,47,hyporheic,Pseudomonadota,NA,3,2,0,0,0,0,0,0,0,0
ASV_008971,47,hyporheic,Verrucomicrobiota,Candidatus Udaeobacter,3,2,0,0,0,0,0,0,0,0
ASV_008989,47,hyporheic,Myxococcota,Pajaroellobacter,3,2,0,1,0,0.5,0,0.01,-0.5,-0.01
ASV_009156,47,hyporheic,Bacteroidota,Mucilaginibacter,3,2,0,0,0,0,0,0,0,0
ASV_009193,47,hyporheic,Acidobacteriota,NA,3,2,0,0,0,0,0,0,0,0
ASV_009309,47,hyporheic,Bacteroidota,Chryseotalea,3,2,0,0,0,0,0,0,0,0
ASV_009463,47,hyporheic,Acidobacteriota,NA,3,2,0,0,0,0,0,0,0,0
ASV_009500,47,hyporheic,Actinomycetota,Conexibacter,3,2,0,0,0,0,0,0,0,0
ASV_009545,47,hyporheic,Pseudomonadota,Roseiarcus,3,2,0,0,0,0,0,0,0,0
ASV_009582,47,hyporheic,Chloroflexota,NA,3,2,0,0,0,0,0,0,0,0
ASV_009740,47,hyporheic,Acidobacteriota,NA,3,2,0,0,0,0,0,0,0,0
ASV_009882,47,hyporheic,Pseudomonadota,NA,3,2,0,0,0,0,0,0,0,0
ASV_009961,47,hyporheic,Gemmatimonadota,NA,3,2,0,0,0,0,0,0,0,0
ASV_010150,47,hyporheic,Pseudomonadota,NA,3,2,0,0,0,0,0,0,0,0
ASV_010278,47,hyporheic,Bacteroidota,Mucilaginibacter,3,2,0,0,0,0,0,0,0,0
ASV_010424,47,hyporheic,Planctomycetota,NA,3,2,0,0,0,0,0,0,0,0
ASV_010536,47,hyporheic,Verrucomicrobiota,NA,3,2,0,0,0,0,0,0,0,0
ASV_010592,47,hyporheic,Pseudomonadota,NA,3,2,0,0,0,0,0,0,0,0
ASV_010620,47,hyporheic,Pseudomonadota,NA,3,2,0,0,0,0,0,0,0,0
ASV_010784,47,hyporheic,Acidobacteriota,Granulicella,3,2,0,0,0,0,0,0,0,0
ASV_011140,47,hyporheic,Verrucomicrobiota,NA,3,2,0,0,0,0,0,0,0,0
ASV_011607,47,hyporheic,Acidobacteriota,Candidatus Solibacter,3,2,0,0,0,0,0,0,0,0
ASV_011690,47,hyporheic,Bacteroidota,Puia,3,2,0,0,0,0,0,0,0,0
ASV_012068,47,hyporheic,Actinomycetota,NA,3,2,0,0,0,0,0,0,0,0
ASV_012675,47,hyporheic,Actinomycetota,NA,3,2,0,0,0,0,0,0,0,0
ASV_012810,47,hyporheic,Pseudomonadota,NA,3,2,0,0,0,0,0,0,0,0
ASV_013298,47,hyporheic,Armatimonadota,Chthonomonas,3,2,0,0,0,0,0,0,0,0
ASV_013385,47,hyporheic,Pseudomonadota,Bradyrhizobium,3,2,0,0,0,0,0,0,0,0
ASV_013394,47,hyporheic,Acidobacteriota,NA,3,2,0,0,0,0,0,0,0,0
ASV_013429,47,hyporheic,Verrucomicrobiota,Oleiharenicola,3,2,0,0,0,0,0,0,0,0
ASV_013444,47,hyporheic,Pseudomonadota,Hirschia,3,2,0,0,0,0,0,0,0,0
ASV_013728,47,hyporheic,Pseudomonadota,NA,3,2,0,0,0,0,0,0,0,0
ASV_014009,47,hyporheic,Pseudomonadota,NA,3,2,0,0,0,0,0,0,0,0
ASV_014698,47,hyporheic,Pseudomonadota,NA,3,2,0,0,0,0,0,0,0,0
ASV_014792,47,hyporheic,Actinomycetota,NA,3,2,0,0,0,0,0,0,0,0
ASV_015009,47,hyporheic,Acidobacteriota,Bryobacter,3,2,0,0,0,0,0,0,0,0
ASV_015225,47,hyporheic,Acidobacteriota,NA,3,2,0,0,0,0,0,0,0,0
ASV_016110,47,hyporheic,Planctomycetota,NA,3,2,0,0,0,0,0,0,0,0
ASV_016435,47,hyporheic,Myxococcota,NA,3,2,0,0,0,0,0,0,0,0
ASV_016460,47,hyporheic,Pseudomonadota,Rhodovastum,3,2,0,0,0,0,0,0,0,0
ASV_016959,47,hyporheic,Actinomycetota,Acidothermus,3,2,0,0,0,0,0,0,0,0
ASV_017883,47,hyporheic,Verrucomicrobiota,NA,3,2,0,0,0,0,0,0,0,0
ASV_017969,47,hyporheic,Pseudomonadota,NA,3,2,0,0,0,0,0,0,0,0
ASV_019206,47,hyporheic,Pseudomonadota,Rhodoplanes,3,2,0,0,0,0,0,0,0,0
ASV_020336,47,hyporheic,Verrucomicrobiota,ADurb.Bin063-1,3,2,0,0,0,0,0,0,0,0
ASV_020442,47,hyporheic,Planctomycetota,NA,3,2,0,0,0,0,0,0,0,0
ASV_020508,47,hyporheic,Pseudomonadota,Roseiarcus,3,2,0,0,0,0,0,0,0,0
ASV_021159,47,hyporheic,RCP2-54,NA,3,2,0,0,0,0,0,0,0,0
ASV_025797,47,hyporheic,Pseudomonadota,NA,3,2,0,0,0,0,0,0,0,0
ASV_029693,47,hyporheic,Chloroflexota,NA,3,2,0,0,0,0,0,0,0,0
ASV_000017,47,sediment,Verrucomicrobiota,Candidatus Udaeobacter,5,4,5,4,1,1,0.246,0.1825,0,0.0635
ASV_000027,47,sediment,Actinomycetota,Gaiella,5,4,5,4,1,1,0.336,0.23,0,0.10600000000000001
ASV_000034,47,sediment,Verrucomicrobiota,Candidatus Udaeobacter,5,4,5,4,1,1,0.254,0.185,0,0.069
ASV_000039,47,sediment,Acidobacteriota,NA,5,4,5,4,1,1,0.062,0.0875,0,-0.025499999999999995
ASV_000052,47,sediment,Acidobacteriota,NA,5,4,5,4,1,1,0.11,0.18,0,-0.06999999999999999
ASV_000059,47,sediment,Verrucomicrobiota,Chthoniobacter,5,4,5,4,1,1,0.19600000000000004,0.0725,0,0.12350000000000004
ASV_000060,47,sediment,Pseudomonadota,NA,5,4,5,4,1,1,0.084,0.065,0,0.019000000000000003
ASV_000064,47,sediment,Acidobacteriota,NA,5,4,5,4,1,1,0.04599999999999999,0.32,0,-0.274
ASV_000081,47,sediment,Acidobacteriota,NA,5,4,5,4,1,1,0.08,0.145,0,-0.06499999999999999
ASV_000098,47,sediment,Actinomycetota,NA,5,4,1,1,0.2,0.25,0.004,0.0025,-0.04999999999999999,0.0015
ASV_000120,47,sediment,Acidobacteriota,NA,5,4,4,3,0.8,0.75,0.016,0.0175,0.050000000000000044,-0.0015000000000000013
ASV_000124,47,sediment,Verrucomicrobiota,Candidatus Udaeobacter,5,4,5,4,1,1,0.09,0.1375,0,-0.047500000000000014
ASV_000129,47,sediment,Chloroflexota,NA,5,4,5,4,1,1,0.084,0.0925,0,-0.008499999999999994
ASV_000134,47,sediment,Acidobacteriota,NA,5,4,5,4,1,1,0.06,0.11,0,-0.05
ASV_000151,47,sediment,Acidobacteriota,NA,5,4,5,4,1,1,0.08199999999999999,0.0475,0,0.03449999999999999
ASV_000153,47,sediment,Pseudomonadota,Ellin6067,5,4,5,4,1,1,0.09199999999999998,0.0975,0,-0.005500000000000019
ASV_000179,47,sediment,Pseudomonadota,Rhodovastum,5,4,3,3,0.6,0.75,0.008,0.025,-0.15000000000000002,-0.017
ASV_000184,47,sediment,Chloroflexota,NA,5,4,2,4,0.4,1,0.008,0.055,-0.6,-0.047
ASV_000193,47,sediment,Verrucomicrobiota,Oleiharenicola,5,4,5,4,1,1,0.062,0.04,0,0.022
ASV_000244,47,sediment,Actinomycetota,Acidiferrimicrobium,5,4,5,4,1,1,0.09800000000000002,0.025,0,0.07300000000000001
ASV_000259,47,sediment,Pseudomonadota,Devosia,5,4,2,2,0.4,0.5,0.024,0.035,-0.09999999999999998,-0.011000000000000003
ASV_000261,47,sediment,Pseudomonadota,Mesorhizobium,5,4,5,3,1,0.75,0.032,0.0175,0.25,0.014499999999999999
ASV_000275,47,sediment,Pseudomonadota,IS-44,5,4,3,2,0.6,0.5,0.014,0.005,0.09999999999999998,0.009000000000000001
ASV_000279,47,sediment,Myxococcota,NA,5,4,4,3,0.8,0.75,0.022000000000000002,0.015,0.050000000000000044,0.007000000000000003
ASV_000282,47,sediment,Bacteroidota,NA,5,4,5,4,1,1,0.074,0.03,0,0.044
ASV_000302,47,sediment,Pseudomonadota,Massilia,5,4,5,4,1,1,0.03,0.0475,0,-0.0175
ASV_000306,47,sediment,Planctomycetota,NA,5,4,5,4,1,1,0.04599999999999999,0.05,0,-0.0040000000000000105
ASV_000315,47,sediment,Acidobacteriota,NA,5,4,4,4,0.8,1,0.04,0.0475,-0.19999999999999996,-0.0075
ASV_000340,47,sediment,Myxococcota,NA,5,4,3,3,0.6,0.75,0.018,0.0225,-0.15000000000000002,-0.0045000000000000005
ASV_000349,47,sediment,Pseudomonadota,Sphingomonas,5,4,1,2,0.2,0.5,0.002,0.0075,-0.3,-0.0055
ASV_000354,47,sediment,Pseudomonadota,Aminobacter,5,4,5,3,1,0.75,0.032,0.025,0.25,0.006999999999999999
ASV_000408,47,sediment,Pseudomonadota,Bradyrhizobium,5,4,5,4,1,1,0.04599999999999999,0.0425,0,0.0034999999999999892
ASV_000419,47,sediment,Pseudomonadota,Bradyrhizobium,5,4,3,1,0.6,0.25,0.012,0.005,0.35,0.007
ASV_000468,47,sediment,Pseudomonadota,NA,5,4,1,0,0.2,0,0.002,0,0.2,0.002
ASV_000470,47,sediment,Pseudomonadota,NA,5,4,4,3,0.8,0.75,0.04599999999999999,0.0175,0.050000000000000044,0.02849999999999999
ASV_000492,47,sediment,Actinomycetota,Acidiferrimicrobium,5,4,5,3,1,0.75,0.03,0.0125,0.25,0.017499999999999998
ASV_000500,47,sediment,Pseudomonadota,MND1,5,4,4,3,0.8,0.75,0.032,0.0275,0.050000000000000044,0.0045000000000000005
ASV_000512,47,sediment,Myxococcota,NA,5,4,5,3,1,0.75,0.056,0.02,0.25,0.036000000000000004
ASV_000532,47,sediment,Acidobacteriota,NA,5,4,2,4,0.4,1,0.012,0.0175,-0.6,-0.005500000000000001
ASV_000542,47,sediment,Actinomycetota,NA,5,4,4,3,0.8,0.75,0.008,0.01,0.050000000000000044,-0.002
ASV_000572,47,sediment,Actinomycetota,NA,5,4,1,2,0.2,0.5,0.004,0.0075,-0.3,-0.0034999999999999996
ASV_000582,47,sediment,Actinomycetota,NA,5,4,2,3,0.4,0.75,0.004,0.01,-0.35,-0.006
ASV_000615,47,sediment,Pseudomonadota,Piscinibacter,5,4,4,2,0.8,0.5,0.016,0.01,0.30000000000000004,0.006
ASV_000671,47,sediment,Bacteroidota,NA,5,4,3,3,0.6,0.75,0.04,0.0325,-0.15000000000000002,0.0075
ASV_000696,47,sediment,Actinomycetota,Streptomyces,5,4,1,0,0.2,0,0.002,0,0.2,0.002
ASV_000708,47,sediment,Actinomycetota,Nocardioides,5,4,3,0,0.6,0,0.012,0,0.6,0.012
ASV_000724,47,sediment,Pseudomonadota,NA,5,4,4,3,0.8,0.75,0.024,0.0625,0.050000000000000044,-0.0385
ASV_000731,47,sediment,Myxococcota,NA,5,4,3,0,0.6,0,0.028,0,0.6,0.028
ASV_000765,47,sediment,Actinomycetota,NA,5,4,1,3,0.2,0.75,0.004,0.015,-0.55,-0.011
ASV_000789,47,sediment,Actinomycetota,Mycobacterium,5,4,1,0,0.2,0,0.004,0,0.2,0.004
ASV_000794,47,sediment,Acidobacteriota,NA,5,4,2,2,0.4,0.5,0.006,0.0075,-0.09999999999999998,-0.0014999999999999996
ASV_000812,47,sediment,Verrucomicrobiota,Candidatus Udaeobacter,5,4,2,1,0.4,0.25,0.016,0.0075,0.15000000000000002,0.0085
ASV_000842,47,sediment,Actinomycetota,Mycobacterium,5,4,4,1,0.8,0.25,0.01,0.01,0.55,0
ASV_000861,47,sediment,Acidobacteriota,NA,5,4,4,2,0.8,0.5,0.012,0.0075,0.30000000000000004,0.0045000000000000005
ASV_000881,47,sediment,Pseudomonadota,NA,5,4,3,2,0.6,0.5,0.01,0.01,0.09999999999999998,0
ASV_000903,47,sediment,Gemmatimonadota,NA,5,4,4,3,0.8,0.75,0.024,0.05,0.050000000000000044,-0.026000000000000002
ASV_000915,47,sediment,Bacteroidota,Puia,5,4,1,1,0.2,0.25,0.008,0.005,-0.04999999999999999,0.003
ASV_000928,47,sediment,Actinomycetota,NA,5,4,0,1,0,0.25,0,0.0025,-0.25,-0.0025
ASV_000931,47,sediment,Pseudomonadota,Phenylobacterium,5,4,2,3,0.4,0.75,0.016,0.0175,-0.35,-0.0015000000000000013
ASV_000940,47,sediment,Actinomycetota,NA,5,4,2,3,0.4,0.75,0.014,0.0225,-0.35,-0.008499999999999999
ASV_000958,47,sediment,Actinomycetota,CL500-29 marine group,5,4,5,4,1,1,0.032,0.0225,0,0.0095000000000000015
ASV_000967,47,sediment,Planctomycetota,Pir4 lineage,5,4,3,1,0.6,0.25,0.02,0.005,0.35,0.015
ASV_000971,47,sediment,Pseudomonadota,Rhodoplanes,5,4,0,0,0,0,0,0,0,0
ASV_000974,47,sediment,Verrucomicrobiota,Candidatus Udaeobacter,5,4,4,3,0.8,0.75,0.036,0.0475,0.050000000000000044,-0.011500000000000003
ASV_001041,47,sediment,Pseudomonadota,Afipia,5,4,2,3,0.4,0.75,0.006,0.0225,-0.35,-0.0165
ASV_001085,47,sediment,Verrucomicrobiota,Chthoniobacter,5,4,4,2,0.8,0.5,0.014,0.0075,0.30000000000000004,0.006500000000000001
ASV_001129,47,sediment,Acidobacteriota,NA,5,4,1,1,0.2,0.25,0.002,0.005,-0.04999999999999999,-0.003
ASV_001152,47,sediment,Verrucomicrobiota,Chthoniobacter,5,4,4,1,0.8,0.25,0.018,0.005,0.55,0.012999999999999998
ASV_001169,47,sediment,Actinomycetota,NA,5,4,1,0,0.2,0,0.004,0,0.2,0.004
ASV_001178,47,sediment,Verrucomicrobiota,NA,5,4,0,0,0,0,0,0,0,0
ASV_001313,47,sediment,Actinomycetota,Galbitalea,5,4,0,0,0,0,0,0,0,0
ASV_001373,47,sediment,Actinomycetota,Streptomyces,5,4,0,0,0,0,0,0,0,0
ASV_001391,47,sediment,Pseudomonadota,Arsenicitalea,5,4,3,4,0.6,1,0.006,0.015,-0.4,-0.009
ASV_001397,47,sediment,Pseudomonadota,NA,5,4,3,2,0.6,0.5,0.014,0.0075,0.09999999999999998,0.006500000000000001
ASV_001410,47,sediment,Pseudomonadota,Sphingomonas,5,4,2,0,0.4,0,0.006,0,0.4,0.006
ASV_001468,47,sediment,Verrucomicrobiota,Candidatus Xiphinematobacter,5,4,0,1,0,0.25,0,0.0025,-0.25,-0.0025
ASV_001472,47,sediment,Acidobacteriota,Candidatus Koribacter,5,4,0,1,0,0.25,0,0.0025,-0.25,-0.0025
ASV_001514,47,sediment,Myxococcota,Pajaroellobacter,5,4,4,2,0.8,0.5,0.026,0.0175,0.30000000000000004,0.008499999999999997
ASV_001527,47,sediment,Acidobacteriota,NA,5,4,4,1,0.8,0.25,0.008,0.0125,0.55,-0.0045000000000000005
ASV_001744,47,sediment,Actinomycetota,NA,5,4,2,0,0.4,0,0.004,0,0.4,0.004
ASV_001915,47,sediment,Bdellovibrionota,NA,5,4,2,2,0.4,0.5,0.008,0.0075,-0.09999999999999998,5.000000000000004e-4
ASV_001955,47,sediment,Verrucomicrobiota,Candidatus Udaeobacter,5,4,0,1,0,0.25,0,0.005,-0.25,-0.005
ASV_001982,47,sediment,Bacteroidota,NA,5,4,2,2,0.4,0.5,0.008,0.0075,-0.09999999999999998,5.000000000000004e-4
ASV_001984,47,sediment,Bacteroidota,NA,5,4,3,1,0.6,0.25,0.006,0.0025,0.35,0.0035
ASV_002007,47,sediment,Acidobacteriota,NA,5,4,0,2,0,0.5,0,0.005,-0.5,-0.005
ASV_002015,47,sediment,Planctomycetota,NA,5,4,2,1,0.4,0.25,0.004,0.005,0.15000000000000002,-0.001
ASV_002070,47,sediment,Pseudomonadota,NA,5,4,0,2,0,0.5,0,0.0075,-0.5,-0.0075
ASV_002073,47,sediment,Bacteroidota,NA,5,4,1,0,0.2,0,0.004,0,0.2,0.004
ASV_002075,47,sediment,RCP2-54,NA,5,4,1,0,0.2,0,0.002,0,0.2,0.002
ASV_002114,47,sediment,Actinomycetota,Baekduia,5,4,2,1,0.4,0.25,0.01,0.0075,0.15000000000000002,0.0025000000000000005
ASV_002133,47,sediment,Pseudomonadota,NA,5,4,0,0,0,0,0,0,0,0
ASV_002164,47,sediment,Pseudomonadota,Afipia,5,4,2,0,0.4,0,0.008,0,0.4,0.008
ASV_002196,47,sediment,Pseudomonadota,NA,5,4,3,0,0.6,0,0.01,0,0.6,0.01
ASV_002226,47,sediment,Acidobacteriota,NA,5,4,0,0,0,0,0,0,0,0
ASV_002239,47,sediment,Acidobacteriota,Candidatus Solibacter,5,4,0,0,0,0,0,0,0,0
ASV_002286,47,sediment,Chloroflexota,NA,5,4,1,3,0.2,0.75,0.006,0.025,-0.55,-0.019000000000000003
ASV_002366,47,sediment,Acidobacteriota,NA,5,4,0,0,0,0,0,0,0,0
ASV_002481,47,sediment,Chloroflexota,NA,5,4,2,0,0.4,0,0.006,0,0.4,0.006
ASV_002491,47,sediment,Pseudomonadota,Reyranella,5,4,0,1,0,0.25,0,0.005,-0.25,-0.005
ASV_002515,47,sediment,Verrucomicrobiota,Candidatus Udaeobacter,5,4,1,0,0.2,0,0.006,0,0.2,0.006
ASV_002537,47,sediment,Pseudomonadota,Dongia,5,4,0,1,0,0.25,0,0.0025,-0.25,-0.0025
ASV_002571,47,sediment,Pseudomonadota,NA,5,4,1,0,0.2,0,0.002,0,0.2,0.002
ASV_002669,47,sediment,Myxococcota,Minicystis,5,4,1,1,0.2,0.25,0.004,0.0025,-0.04999999999999999,0.0015
ASV_002689,47,sediment,Myxococcota,NA,5,4,3,2,0.6,0.5,0.028,0.0075,0.09999999999999998,0.0205
ASV_002728,47,sediment,Verrucomicrobiota,Opitutus,5,4,1,1,0.2,0.25,0.002,0.0025,-0.04999999999999999,-5e-4
ASV_002823,47,sediment,Acidobacteriota,NA,5,4,2,1,0.4,0.25,0.006,0.0025,0.15000000000000002,0.0035
ASV_002825,47,sediment,Pseudomonadota,Pseudomonas,5,4,2,1,0.4,0.25,0.006,0.0025,0.15000000000000002,0.0035
ASV_002833,47,sediment,Pseudomonadota,Hirschia,5,4,0,0,0,0,0,0,0,0
ASV_002883,47,sediment,Actinomycetota,Conexibacter,5,4,3,0,0.6,0,0.006,0,0.6,0.006
ASV_002888,47,sediment,Planctomycetota,NA,5,4,1,0,0.2,0,0.004,0,0.2,0.004
ASV_002911,47,sediment,Actinomycetota,Mycobacterium,5,4,0,1,0,0.25,0,0.005,-0.25,-0.005
ASV_002935,47,sediment,Pseudomonadota,NA,5,4,0,0,0,0,0,0,0,0
ASV_003047,47,sediment,Actinomycetota,NA,5,4,0,0,0,0,0,0,0,0
ASV_003070,47,sediment,Pseudomonadota,NA,5,4,0,0,0,0,0,0,0,0
ASV_003085,47,sediment,Actinomycetota,NA,5,4,0,1,0,0.25,0,0.0075,-0.25,-0.0075
ASV_003207,47,sediment,Pseudomonadota,NA,5,4,1,0,0.2,0,0.002,0,0.2,0.002
ASV_003239,47,sediment,Verrucomicrobiota,Candidatus Udaeobacter,5,4,4,0,0.8,0,0.01,0,0.8,0.01
ASV_003247,47,sediment,Pseudomonadota,Rhodanobacter,5,4,1,0,0.2,0,0.002,0,0.2,0.002
ASV_003284,47,sediment,Myxococcota,Anaeromyxobacter,5,4,1,3,0.2,0.75,0.004,0.0125,-0.55,-0.0085
ASV_003485,47,sediment,Pseudomonadota,NA,5,4,0,0,0,0,0,0,0,0
ASV_003575,47,sediment,Chloroflexota,NA,5,4,0,2,0,0.5,0,0.005,-0.5,-0.005
ASV_003587,47,sediment,Pseudomonadota,NA,5,4,1,3,0.2,0.75,0.006,0.0125,-0.55,-0.006500000000000001
ASV_003702,47,sediment,Acidobacteriota,NA,5,4,0,0,0,0,0,0,0,0
ASV_003723,47,sediment,Pseudomonadota,Burkholderia-Caballeronia-Paraburkholderia,5,4,0,0,0,0,0,0,0,0
ASV_003904,47,sediment,Acidobacteriota,Candidatus Solibacter,5,4,0,0,0,0,0,0,0,0
ASV_003989,47,sediment,Verrucomicrobiota,Candidatus Udaeobacter,5,4,0,0,0,0,0,0,0,0
ASV_004003,47,sediment,Elusimicrobiota,NA,5,4,1,0,0.2,0,0.004,0,0.2,0.004
ASV_004078,47,sediment,Verrucomicrobiota,SH3-11,5,4,0,0,0,0,0,0,0,0
ASV_004100,47,sediment,Acidobacteriota,Bryobacter,5,4,0,0,0,0,0,0,0,0
ASV_004123,47,sediment,Acidobacteriota,NA,5,4,0,1,0,0.25,0,0.0025,-0.25,-0.0025
ASV_004231,47,sediment,Acidobacteriota,NA,5,4,0,0,0,0,0,0,0,0
ASV_004235,47,sediment,Myxococcota,Pajaroellobacter,5,4,0,2,0,0.5,0,0.0075,-0.5,-0.0075
ASV_004322,47,sediment,Actinomycetota,NA,5,4,0,0,0,0,0,0,0,0
ASV_004339,47,sediment,Pseudomonadota,Pseudolabrys,5,4,0,0,0,0,0,0,0,0
ASV_004417,47,sediment,Gemmatimonadota,Gemmatimonas,5,4,1,0,0.2,0,0.002,0,0.2,0.002
ASV_004490,47,sediment,Pseudomonadota,NA,5,4,1,0,0.2,0,0.002,0,0.2,0.002
ASV_004583,47,sediment,Pseudomonadota,Roseiarcus,5,4,0,0,0,0,0,0,0,0
ASV_004707,47,sediment,Myxococcota,NA,5,4,2,0,0.4,0,0.004,0,0.4,0.004
ASV_004877,47,sediment,Bacteroidota,Ferruginibacter,5,4,2,0,0.4,0,0.006,0,0.4,0.006
ASV_004903,47,sediment,Gemmatimonadota,Gemmatimonas,5,4,1,0,0.2,0,0.004,0,0.2,0.004
ASV_004942,47,sediment,Pseudomonadota,Roseiarcus,5,4,0,0,0,0,0,0,0,0
ASV_004951,47,sediment,Pseudomonadota,Sphingomonas,5,4,1,1,0.2,0.25,0.002,0.0025,-0.04999999999999999,-5e-4
ASV_005011,47,sediment,Pseudomonadota,NA,5,4,0,0,0,0,0,0,0,0
ASV_005024,47,sediment,Myxococcota,Pajaroellobacter,5,4,0,0,0,0,0,0,0,0
ASV_005040,47,sediment,Myxococcota,NA,5,4,1,0,0.2,0,0.002,0,0.2,0.002
ASV_005056,47,sediment,Planctomycetota,Singulisphaera,5,4,0,0,0,0,0,0,0,0
ASV_005165,47,sediment,Acidobacteriota,NA,5,4,0,0,0,0,0,0,0,0
ASV_005332,47,sediment,Pseudomonadota,NA,5,4,0,0,0,0,0,0,0,0
ASV_005460,47,sediment,Actinomycetota,NA,5,4,1,0,0.2,0,0.002,0,0.2,0.002
ASV_005509,47,sediment,Pseudomonadota,Roseiarcus,5,4,0,0,0,0,0,0,0,0
ASV_005620,47,sediment,Planctomycetota,Gemmata,5,4,2,1,0.4,0.25,0.004,0.005,0.15000000000000002,-0.001
ASV_005818,47,sediment,Acidobacteriota,NA,5,4,0,0,0,0,0,0,0,0
ASV_006018,47,sediment,Pseudomonadota,Roseiarcus,5,4,0,0,0,0,0,0,0,0
ASV_006046,47,sediment,Pseudomonadota,NA,5,4,0,0,0,0,0,0,0,0
ASV_006188,47,sediment,Acidobacteriota,Occallatibacter,5,4,0,0,0,0,0,0,0,0
ASV_006520,47,sediment,Pseudomonadota,NA,5,4,0,0,0,0,0,0,0,0
ASV_006586,47,sediment,Pseudomonadota,Bradyrhizobium,5,4,0,0,0,0,0,0,0,0
ASV_006668,47,sediment,Acidobacteriota,NA,5,4,0,0,0,0,0,0,0,0
ASV_006681,47,sediment,Pseudomonadota,Limnobacter,5,4,0,0,0,0,0,0,0,0
ASV_006688,47,sediment,Planctomycetota,NA,5,4,0,1,0,0.25,0,0.0025,-0.25,-0.0025
ASV_006797,47,sediment,Actinomycetota,Acidiferrimicrobium,5,4,0,0,0,0,0,0,0,0
ASV_006886,47,sediment,Chloroflexota,NA,5,4,0,0,0,0,0,0,0,0
ASV_006951,47,sediment,Actinomycetota,NA,5,4,0,0,0,0,0,0,0,0
ASV_006987,47,sediment,Pseudomonadota,NA,5,4,0,0,0,0,0,0,0,0
ASV_007047,47,sediment,Acidobacteriota,Granulicella,5,4,0,0,0,0,0,0,0,0
ASV_007124,47,sediment,Pseudomonadota,Reyranella,5,4,0,0,0,0,0,0,0,0
ASV_007410,47,sediment,Acidobacteriota,NA,5,4,0,0,0,0,0,0,0,0
ASV_007600,47,sediment,Pseudomonadota,SWB02,5,4,0,0,0,0,0,0,0,0
ASV_007658,47,sediment,RCP2-54,NA,5,4,0,0,0,0,0,0,0,0
ASV_007798,47,sediment,Acidobacteriota,NA,5,4,0,0,0,0,0,0,0,0
ASV_007895,47,sediment,Myxococcota,NA,5,4,0,0,0,0,0,0,0,0
ASV_008129,47,sediment,Myxococcota,NA,5,4,0,0,0,0,0,0,0,0
ASV_008223,47,sediment,Planctomycetota,NA,5,4,0,0,0,0,0,0,0,0
ASV_008294,47,sediment,Bacteroidota,NA,5,4,0,0,0,0,0,0,0,0
ASV_008420,47,sediment,Verrucomicrobiota,Pedosphaera,5,4,0,0,0,0,0,0,0,0
ASV_008816,47,sediment,Pseudomonadota,NA,5,4,0,0,0,0,0,0,0,0
ASV_008971,47,sediment,Verrucomicrobiota,Candidatus Udaeobacter,5,4,0,0,0,0,0,0,0,0
ASV_008989,47,sediment,Myxococcota,Pajaroellobacter,5,4,0,0,0,0,0,0,0,0
ASV_009156,47,sediment,Bacteroidota,Mucilaginibacter,5,4,0,0,0,0,0,0,0,0
ASV_009193,47,sediment,Acidobacteriota,NA,5,4,0,0,0,0,0,0,0,0
ASV_009309,47,sediment,Bacteroidota,Chryseotalea,5,4,2,0,0.4,0,0.004,0,0.4,0.004
ASV_009463,47,sediment,Acidobacteriota,NA,5,4,0,1,0,0.25,0,0.0025,-0.25,-0.0025
ASV_009500,47,sediment,Actinomycetota,Conexibacter,5,4,0,0,0,0,0,0,0,0
ASV_009545,47,sediment,Pseudomonadota,Roseiarcus,5,4,0,0,0,0,0,0,0,0
ASV_009582,47,sediment,Chloroflexota,NA,5,4,0,0,0,0,0,0,0,0
ASV_009740,47,sediment,Acidobacteriota,NA,5,4,0,0,0,0,0,0,0,0
ASV_009882,47,sediment,Pseudomonadota,NA,5,4,0,0,0,0,0,0,0,0
ASV_009961,47,sediment,Gemmatimonadota,NA,5,4,0,0,0,0,0,0,0,0
ASV_010150,47,sediment,Pseudomonadota,NA,5,4,0,0,0,0,0,0,0,0
ASV_010278,47,sediment,Bacteroidota,Mucilaginibacter,5,4,0,1,0,0.25,0,0.0025,-0.25,-0.0025
ASV_010424,47,sediment,Planctomycetota,NA,5,4,0,0,0,0,0,0,0,0
ASV_010536,47,sediment,Verrucomicrobiota,NA,5,4,0,0,0,0,0,0,0,0
ASV_010592,47,sediment,Pseudomonadota,NA,5,4,0,0,0,0,0,0,0,0
ASV_010620,47,sediment,Pseudomonadota,NA,5,4,0,0,0,0,0,0,0,0
ASV_010784,47,sediment,Acidobacteriota,Granulicella,5,4,0,0,0,0,0,0,0,0
ASV_011140,47,sediment,Verrucomicrobiota,NA,5,4,0,0,0,0,0,0,0,0
ASV_011607,47,sediment,Acidobacteriota,Candidatus Solibacter,5,4,0,0,0,0,0,0,0,0
ASV_011690,47,sediment,Bacteroidota,Puia,5,4,0,0,0,0,0,0,0,0
ASV_012068,47,sediment,Actinomycetota,NA,5,4,0,0,0,0,0,0,0,0
ASV_012675,47,sediment,Actinomycetota,NA,5,4,0,0,0,0,0,0,0,0
ASV_012810,47,sediment,Pseudomonadota,NA,5,4,0,0,0,0,0,0,0,0
ASV_013298,47,sediment,Armatimonadota,Chthonomonas,5,4,1,0,0.2,0,0.004,0,0.2,0.004
ASV_013385,47,sediment,Pseudomonadota,Bradyrhizobium,5,4,0,0,0,0,0,0,0,0
ASV_013394,47,sediment,Acidobacteriota,NA,5,4,0,0,0,0,0,0,0,0
ASV_013429,47,sediment,Verrucomicrobiota,Oleiharenicola,5,4,0,0,0,0,0,0,0,0
ASV_013444,47,sediment,Pseudomonadota,Hirschia,5,4,0,0,0,0,0,0,0,0
ASV_013728,47,sediment,Pseudomonadota,NA,5,4,0,0,0,0,0,0,0,0
ASV_014009,47,sediment,Pseudomonadota,NA,5,4,0,0,0,0,0,0,0,0
ASV_014698,47,sediment,Pseudomonadota,NA,5,4,0,0,0,0,0,0,0,0
ASV_014792,47,sediment,Actinomycetota,NA,5,4,0,0,0,0,0,0,0,0
ASV_015009,47,sediment,Acidobacteriota,Bryobacter,5,4,0,0,0,0,0,0,0,0
ASV_015225,47,sediment,Acidobacteriota,NA,5,4,0,0,0,0,0,0,0,0
ASV_016110,47,sediment,Planctomycetota,NA,5,4,1,0,0.2,0,0.002,0,0.2,0.002
ASV_016435,47,sediment,Myxococcota,NA,5,4,0,0,0,0,0,0,0,0
ASV_016460,47,sediment,Pseudomonadota,Rhodovastum,5,4,0,0,0,0,0,0,0,0
ASV_016959,47,sediment,Actinomycetota,Acidothermus,5,4,0,0,0,0,0,0,0,0
ASV_017883,47,sediment,Verrucomicrobiota,NA,5,4,0,0,0,0,0,0,0,0
ASV_017969,47,sediment,Pseudomonadota,NA,5,4,0,0,0,0,0,0,0,0
ASV_019206,47,sediment,Pseudomonadota,Rhodoplanes,5,4,0,0,0,0,0,0,0,0
ASV_020336,47,sediment,Verrucomicrobiota,ADurb.Bin063-1,5,4,0,0,0,0,0,0,0,0
ASV_020442,47,sediment,Planctomycetota,NA,5,4,0,0,0,0,0,0,0,0
ASV_020508,47,sediment,Pseudomonadota,Roseiarcus,5,4,0,0,0,0,0,0,0,0
ASV_021159,47,sediment,RCP2-54,NA,5,4,0,0,0,0,0,0,0,0
ASV_025797,47,sediment,Pseudomonadota,NA,5,4,0,0,0,0,0,0,0,0
ASV_029693,47,sediment,Chloroflexota,NA,5,4,0,0,0,0,0,0,0,0
ASV_000023,66,planktonic,Pseudomonadota,NA,1,2,0,0,0,0,0,0,0,0
ASV_000054,66,planktonic,Acidobacteriota,NA,1,2,0,0,0,0,0,0,0,0
ASV_000071,66,planktonic,Acidobacteriota,NA,1,2,0,0,0,0,0,0,0,0
ASV_000082,66,planktonic,Acidobacteriota,NA,1,2,0,0,0,0,0,0,0,0
ASV_000109,66,planktonic,Pseudomonadota,NA,1,2,0,0,0,0,0,0,0,0
ASV_000115,66,planktonic,Chloroflexota,NA,1,2,0,0,0,0,0,0,0,0
ASV_000126,66,planktonic,Pseudomonadota,NA,1,2,0,0,0,0,0,0,0,0
ASV_000128,66,planktonic,Methylomirabilota,NA,1,2,1,0,1,0,0.03,0,1,0.03
ASV_000136,66,planktonic,Pseudomonadota,NA,1,2,0,0,0,0,0,0,0,0
ASV_000146,66,planktonic,Acidobacteriota,NA,1,2,0,1,0,0.5,0,0.005,-0.5,-0.005
ASV_000159,66,planktonic,Pseudomonadota,Methylocapsa,1,2,0,0,0,0,0,0,0,0
ASV_000163,66,planktonic,Pseudomonadota,Hypericibacter,1,2,0,0,0,0,0,0,0,0
ASV_000203,66,planktonic,Pseudomonadota,Methylocapsa,1,2,0,0,0,0,0,0,0,0
ASV_000214,66,planktonic,Acidobacteriota,NA,1,2,0,0,0,0,0,0,0,0
ASV_000229,66,planktonic,Methylomirabilota,NA,1,2,0,0,0,0,0,0,0,0
ASV_000230,66,planktonic,Pseudomonadota,NA,1,2,0,0,0,0,0,0,0,0
ASV_000243,66,planktonic,Acidobacteriota,NA,1,2,0,0,0,0,0,0,0,0
ASV_000299,66,planktonic,Actinomycetota,NA,1,2,0,0,0,0,0,0,0,0
ASV_000309,66,planktonic,Pseudomonadota,NA,1,2,0,0,0,0,0,0,0,0
ASV_000350,66,planktonic,Pseudomonadota,NA,1,2,0,0,0,0,0,0,0,0
ASV_000358,66,planktonic,Pseudomonadota,P3OB-51,1,2,0,0,0,0,0,0,0,0
ASV_000359,66,planktonic,Pseudomonadota,NA,1,2,0,0,0,0,0,0,0,0
ASV_000431,66,planktonic,Pseudomonadota,NA,1,2,1,1,1,0.5,0.01,0.01,0.5,0
ASV_000451,66,planktonic,Acidobacteriota,NA,1,2,0,0,0,0,0,0,0,0
ASV_000460,66,planktonic,Acidobacteriota,NA,1,2,0,1,0,0.5,0,0.005,-0.5,-0.005
ASV_000472,66,planktonic,Pseudomonadota,NA,1,2,0,0,0,0,0,0,0,0
ASV_000523,66,planktonic,Actinomycetota,Acidothermus,1,2,0,0,0,0,0,0,0,0
ASV_000526,66,planktonic,RCP2-54,NA,1,2,0,0,0,0,0,0,0,0
ASV_000534,66,planktonic,Actinomycetota,Mycobacterium,1,2,1,2,1,1,0.08,0.115,0,-0.035
ASV_000568,66,planktonic,Pseudomonadota,NA,1,2,0,0,0,0,0,0,0,0
ASV_000577,66,planktonic,Acidobacteriota,NA,1,2,0,0,0,0,0,0,0,0
ASV_000648,66,planktonic,Acidobacteriota,NA,1,2,0,0,0,0,0,0,0,0
ASV_000698,66,planktonic,Pseudomonadota,Reyranella,1,2,0,0,0,0,0,0,0,0
ASV_000699,66,planktonic,Acidobacteriota,NA,1,2,0,0,0,0,0,0,0,0
ASV_000707,66,planktonic,Pseudomonadota,NA,1,2,0,0,0,0,0,0,0,0
ASV_000713,66,planktonic,Acidobacteriota,NA,1,2,0,0,0,0,0,0,0,0
ASV_000728,66,planktonic,Acidobacteriota,NA,1,2,0,0,0,0,0,0,0,0
ASV_000752,66,planktonic,Acidobacteriota,NA,1,2,0,0,0,0,0,0,0,0
ASV_000848,66,planktonic,Acidobacteriota,NA,1,2,0,0,0,0,0,0,0,0
ASV_000895,66,planktonic,Acidobacteriota,Candidatus Solibacter,1,2,0,0,0,0,0,0,0,0
ASV_000930,66,planktonic,Planctomycetota,NA,1,2,0,0,0,0,0,0,0,0
ASV_000945,66,planktonic,Actinomycetota,Mycobacterium,1,2,0,0,0,0,0,0,0,0
ASV_000965,66,planktonic,Acidobacteriota,NA,1,2,0,0,0,0,0,0,0,0
ASV_000975,66,planktonic,Acidobacteriota,NA,1,2,0,0,0,0,0,0,0,0
ASV_001029,66,planktonic,Acidobacteriota,Candidatus Solibacter,1,2,0,0,0,0,0,0,0,0
ASV_001130,66,planktonic,Pseudomonadota,Reyranella,1,2,0,0,0,0,0,0,0,0
ASV_001173,66,planktonic,Chloroflexota,NA,1,2,0,0,0,0,0,0,0,0
ASV_001201,66,planktonic,RCP2-54,NA,1,2,0,0,0,0,0,0,0,0
ASV_001302,66,planktonic,Acidobacteriota,Granulicella,1,2,0,0,0,0,0,0,0,0
ASV_001406,66,planktonic,Bacteroidota,Puia,1,2,0,0,0,0,0,0,0,0
ASV_001415,66,planktonic,Pseudomonadota,Methylovirgula,1,2,0,0,0,0,0,0,0,0
ASV_001505,66,planktonic,Acidobacteriota,NA,1,2,0,0,0,0,0,0,0,0
ASV_001674,66,planktonic,Pseudomonadota,NA,1,2,0,0,0,0,0,0,0,0
ASV_001714,66,planktonic,Acidobacteriota,NA,1,2,0,0,0,0,0,0,0,0
ASV_001732,66,planktonic,Acidobacteriota,NA,1,2,0,0,0,0,0,0,0,0
ASV_001769,66,planktonic,Pseudomonadota,NA,1,2,0,0,0,0,0,0,0,0
ASV_001779,66,planktonic,Pseudomonadota,NA,1,2,0,0,0,0,0,0,0,0
ASV_001785,66,planktonic,Pseudomonadota,Roseiarcus,1,2,0,0,0,0,0,0,0,0
ASV_001794,66,planktonic,Acidobacteriota,NA,1,2,0,0,0,0,0,0,0,0
ASV_001815,66,planktonic,Acidobacteriota,NA,1,2,0,0,0,0,0,0,0,0
ASV_001816,66,planktonic,Bacteroidota,Puia,1,2,0,0,0,0,0,0,0,0
ASV_001829,66,planktonic,Acidobacteriota,Candidatus Solibacter,1,2,0,0,0,0,0,0,0,0
ASV_001882,66,planktonic,Verrucomicrobiota,NA,1,2,0,0,0,0,0,0,0,0
ASV_001892,66,planktonic,Acidobacteriota,NA,1,2,0,0,0,0,0,0,0,0
ASV_001900,66,planktonic,Pseudomonadota,NA,1,2,0,0,0,0,0,0,0,0
ASV_001925,66,planktonic,Acidobacteriota,NA,1,2,0,0,0,0,0,0,0,0
ASV_001973,66,planktonic,Pseudomonadota,NA,1,2,0,0,0,0,0,0,0,0
ASV_002016,66,planktonic,Acidobacteriota,NA,1,2,0,0,0,0,0,0,0,0
ASV_002022,66,planktonic,Acidobacteriota,NA,1,2,0,0,0,0,0,0,0,0
ASV_002098,66,planktonic,Planctomycetota,NA,1,2,0,0,0,0,0,0,0,0
ASV_002140,66,planktonic,Acidobacteriota,NA,1,2,0,0,0,0,0,0,0,0
ASV_002161,66,planktonic,Planctomycetota,NA,1,2,0,0,0,0,0,0,0,0
ASV_002203,66,planktonic,Pseudomonadota,NA,1,2,0,0,0,0,0,0,0,0
ASV_002247,66,planktonic,Acidobacteriota,NA,1,2,0,0,0,0,0,0,0,0
ASV_002339,66,planktonic,Acidobacteriota,NA,1,2,0,0,0,0,0,0,0,0
ASV_002371,66,planktonic,Actinomycetota,Acidothermus,1,2,0,0,0,0,0,0,0,0
ASV_002395,66,planktonic,Pseudomonadota,GOUTA6,1,2,0,0,0,0,0,0,0,0
ASV_002494,66,planktonic,Pseudomonadota,NA,1,2,0,0,0,0,0,0,0,0
ASV_002498,66,planktonic,Acidobacteriota,NA,1,2,0,0,0,0,0,0,0,0
ASV_002505,66,planktonic,Chloroflexota,NA,1,2,0,0,0,0,0,0,0,0
ASV_002518,66,planktonic,Actinomycetota,Mycobacterium,1,2,0,0,0,0,0,0,0,0
ASV_002541,66,planktonic,Acidobacteriota,NA,1,2,0,0,0,0,0,0,0,0
ASV_002560,66,planktonic,Acidobacteriota,Candidatus Solibacter,1,2,0,0,0,0,0,0,0,0
ASV_002612,66,planktonic,Acidobacteriota,NA,1,2,0,0,0,0,0,0,0,0
ASV_002625,66,planktonic,Pseudomonadota,Hypericibacter,1,2,0,0,0,0,0,0,0,0
ASV_002784,66,planktonic,Pseudomonadota,NA,1,2,0,0,0,0,0,0,0,0
ASV_002804,66,planktonic,Planctomycetota,Aquisphaera,1,2,0,0,0,0,0,0,0,0
ASV_002890,66,planktonic,Actinomycetota,Mycobacterium,1,2,0,0,0,0,0,0,0,0
ASV_002934,66,planktonic,Pseudomonadota,NA,1,2,0,0,0,0,0,0,0,0
ASV_002944,66,planktonic,Verrucomicrobiota,NA,1,2,0,0,0,0,0,0,0,0
ASV_002953,66,planktonic,Pseudomonadota,NA,1,2,0,0,0,0,0,0,0,0
ASV_003017,66,planktonic,Pseudomonadota,NA,1,2,0,0,0,0,0,0,0,0
ASV_003021,66,planktonic,Actinomycetota,Amycolatopsis,1,2,0,0,0,0,0,0,0,0
ASV_003032,66,planktonic,Pseudomonadota,Roseiarcus,1,2,0,0,0,0,0,0,0,0
ASV_003076,66,planktonic,Pseudomonadota,Acidibacter,1,2,0,0,0,0,0,0,0,0
ASV_003104,66,planktonic,Pseudomonadota,NA,1,2,0,0,0,0,0,0,0,0
ASV_003157,66,planktonic,Acidobacteriota,NA,1,2,0,0,0,0,0,0,0,0
ASV_003255,66,planktonic,Acidobacteriota,NA,1,2,0,0,0,0,0,0,0,0
ASV_003273,66,planktonic,Pseudomonadota,NA,1,2,0,0,0,0,0,0,0,0
ASV_003296,66,planktonic,Pseudomonadota,Methylocella,1,2,0,0,0,0,0,0,0,0
ASV_003318,66,planktonic,Acidobacteriota,NA,1,2,0,0,0,0,0,0,0,0
ASV_003331,66,planktonic,Pseudomonadota,NA,1,2,0,0,0,0,0,0,0,0
ASV_003361,66,planktonic,Verrucomicrobiota,NA,1,2,0,0,0,0,0,0,0,0
ASV_003386,66,planktonic,Acidobacteriota,NA,1,2,0,0,0,0,0,0,0,0
ASV_003395,66,planktonic,RCP2-54,NA,1,2,0,0,0,0,0,0,0,0
ASV_003412,66,planktonic,Actinomycetota,Acidothermus,1,2,0,0,0,0,0,0,0,0
ASV_003414,66,planktonic,Acidobacteriota,NA,1,2,0,0,0,0,0,0,0,0
ASV_003490,66,planktonic,Acidobacteriota,NA,1,2,0,0,0,0,0,0,0,0
ASV_003526,66,planktonic,Pseudomonadota,Roseiarcus,1,2,0,0,0,0,0,0,0,0
ASV_003625,66,planktonic,Pseudomonadota,Roseiarcus,1,2,0,0,0,0,0,0,0,0
ASV_003704,66,planktonic,Acidobacteriota,Bryobacter,1,2,0,0,0,0,0,0,0,0
ASV_003722,66,planktonic,Acidobacteriota,Candidatus Solibacter,1,2,0,0,0,0,0,0,0,0
ASV_003765,66,planktonic,Acidobacteriota,NA,1,2,0,0,0,0,0,0,0,0
ASV_003783,66,planktonic,Pseudomonadota,NA,1,2,0,0,0,0,0,0,0,0
ASV_003813,66,planktonic,Acidobacteriota,Bryobacter,1,2,0,0,0,0,0,0,0,0
ASV_003823,66,planktonic,Pseudomonadota,NA,1,2,0,0,0,0,0,0,0,0
ASV_003832,66,planktonic,Actinomycetota,Acidothermus,1,2,0,0,0,0,0,0,0,0
ASV_003863,66,planktonic,Pseudomonadota,Bradyrhizobium,1,2,0,0,0,0,0,0,0,0
ASV_003881,66,planktonic,Acidobacteriota,NA,1,2,0,0,0,0,0,0,0,0
ASV_003882,66,planktonic,Pseudomonadota,NA,1,2,0,0,0,0,0,0,0,0
ASV_003894,66,planktonic,Actinomycetota,NA,1,2,0,0,0,0,0,0,0,0
ASV_003994,66,planktonic,Pseudomonadota,NA,1,2,0,0,0,0,0,0,0,0
ASV_004015,66,planktonic,Acidobacteriota,NA,1,2,0,0,0,0,0,0,0,0
ASV_004045,66,planktonic,Verrucomicrobiota,Candidatus Xiphinematobacter,1,2,0,0,0,0,0,0,0,0
ASV_004051,66,planktonic,Acidobacteriota,Candidatus Koribacter,1,2,0,0,0,0,0,0,0,0
ASV_004196,66,planktonic,Verrucomicrobiota,Oleiharenicola,1,2,0,0,0,0,0,0,0,0
ASV_004197,66,planktonic,Acidobacteriota,NA,1,2,0,0,0,0,0,0,0,0
ASV_004297,66,planktonic,Acidobacteriota,NA,1,2,0,0,0,0,0,0,0,0
ASV_004330,66,planktonic,RCP2-54,NA,1,2,0,0,0,0,0,0,0,0
ASV_004408,66,planktonic,Acidobacteriota,Granulicella,1,2,0,0,0,0,0,0,0,0
ASV_004428,66,planktonic,Acidobacteriota,Candidatus Solibacter,1,2,0,0,0,0,0,0,0,0
ASV_004462,66,planktonic,Actinomycetota,Nocardia,1,2,0,0,0,0,0,0,0,0
ASV_004483,66,planktonic,Verrucomicrobiota,Candidatus Xiphinematobacter,1,2,0,0,0,0,0,0,0,0
ASV_004526,66,planktonic,Acidobacteriota,NA,1,2,0,0,0,0,0,0,0,0
ASV_004543,66,planktonic,Acidobacteriota,NA,1,2,0,0,0,0,0,0,0,0
ASV_004626,66,planktonic,Verrucomicrobiota,NA,1,2,0,0,0,0,0,0,0,0
ASV_004645,66,planktonic,Actinomycetota,Gaiella,1,2,0,0,0,0,0,0,0,0
ASV_004662,66,planktonic,Pseudomonadota,NA,1,2,0,0,0,0,0,0,0,0
ASV_004693,66,planktonic,Acidobacteriota,NA,1,2,0,0,0,0,0,0,0,0
ASV_004843,66,planktonic,Verrucomicrobiota,NA,1,2,0,0,0,0,0,0,0,0
ASV_004971,66,planktonic,Actinomycetota,Acidothermus,1,2,0,0,0,0,0,0,0,0
ASV_004998,66,planktonic,Actinomycetota,Acidothermus,1,2,0,0,0,0,0,0,0,0
ASV_005093,66,planktonic,Pseudomonadota,NA,1,2,0,0,0,0,0,0,0,0
ASV_005108,66,planktonic,Actinomycetota,Mycobacterium,1,2,0,0,0,0,0,0,0,0
ASV_005125,66,planktonic,Bacteroidota,Mucilaginibacter,1,2,0,0,0,0,0,0,0,0
ASV_005164,66,planktonic,Myxococcota,Pajaroellobacter,1,2,0,0,0,0,0,0,0,0
ASV_005207,66,planktonic,Verrucomicrobiota,Opitutus,1,2,0,0,0,0,0,0,0,0
ASV_005226,66,planktonic,Pseudomonadota,Afipia,1,2,0,0,0,0,0,0,0,0
ASV_005232,66,planktonic,Planctomycetota,NA,1,2,0,0,0,0,0,0,0,0
ASV_005248,66,planktonic,Acidobacteriota,Candidatus Solibacter,1,2,0,0,0,0,0,0,0,0
ASV_005279,66,planktonic,Acidobacteriota,NA,1,2,0,0,0,0,0,0,0,0
ASV_005313,66,planktonic,Pseudomonadota,NA,1,2,0,0,0,0,0,0,0,0
ASV_005454,66,planktonic,Pseudomonadota,NA,1,2,0,2,0,1,0,0.025,-1,-0.025
ASV_005535,66,planktonic,Pseudomonadota,Phenylobacterium,1,2,0,0,0,0,0,0,0,0
ASV_005536,66,planktonic,Acidobacteriota,Acidicapsa,1,2,0,0,0,0,0,0,0,0
ASV_005551,66,planktonic,FCPU426,NA,1,2,0,0,0,0,0,0,0,0
ASV_005588,66,planktonic,Pseudomonadota,Labrys,1,2,0,0,0,0,0,0,0,0
ASV_005661,66,planktonic,Acidobacteriota,Candidatus Solibacter,1,2,0,0,0,0,0,0,0,0
ASV_005758,66,planktonic,Acidobacteriota,Candidatus Solibacter,1,2,0,0,0,0,0,0,0,0
ASV_005905,66,planktonic,Acidobacteriota,NA,1,2,0,0,0,0,0,0,0,0
ASV_005945,66,planktonic,Pseudomonadota,Phenylobacterium,1,2,0,0,0,0,0,0,0,0
ASV_005968,66,planktonic,Acidobacteriota,NA,1,2,0,0,0,0,0,0,0,0
ASV_006290,66,planktonic,Planctomycetota,NA,1,2,0,0,0,0,0,0,0,0
ASV_006293,66,planktonic,Verrucomicrobiota,Chthoniobacter,1,2,0,0,0,0,0,0,0,0
ASV_006506,66,planktonic,Bacteroidota,Puia,1,2,0,0,0,0,0,0,0,0
ASV_006563,66,planktonic,Pseudomonadota,NA,1,2,0,0,0,0,0,0,0,0
ASV_006891,66,planktonic,Acidobacteriota,Bryobacter,1,2,0,0,0,0,0,0,0,0
ASV_006910,66,planktonic,Candidatus Eremiobacterota,NA,1,2,0,0,0,0,0,0,0,0
ASV_006959,66,planktonic,Planctomycetota,NA,1,2,0,0,0,0,0,0,0,0
ASV_006995,66,planktonic,Acidobacteriota,NA,1,2,0,0,0,0,0,0,0,0
ASV_007141,66,planktonic,Acidobacteriota,Occallatibacter,1,2,0,0,0,0,0,0,0,0
ASV_007150,66,planktonic,Verrucomicrobiota,Opitutus,1,2,0,0,0,0,0,0,0,0
ASV_007184,66,planktonic,Planctomycetota,NA,1,2,0,0,0,0,0,0,0,0
ASV_007196,66,planktonic,Acidobacteriota,NA,1,2,0,0,0,0,0,0,0,0
ASV_007502,66,planktonic,Pseudomonadota,Hypericibacter,1,2,0,0,0,0,0,0,0,0
ASV_007730,66,planktonic,Actinomycetota,NA,1,2,0,0,0,0,0,0,0,0
ASV_007786,66,planktonic,Actinomycetota,NA,1,2,0,0,0,0,0,0,0,0
ASV_007823,66,planktonic,Acidobacteriota,Granulicella,1,2,0,0,0,0,0,0,0,0
ASV_007919,66,planktonic,Verrucomicrobiota,Candidatus Udaeobacter,1,2,0,0,0,0,0,0,0,0
ASV_007956,66,planktonic,Acidobacteriota,NA,1,2,0,0,0,0,0,0,0,0
ASV_008000,66,planktonic,Acidobacteriota,Candidatus Solibacter,1,2,0,0,0,0,0,0,0,0
ASV_008014,66,planktonic,Pseudomonadota,NA,1,2,0,0,0,0,0,0,0,0
ASV_008086,66,planktonic,Gemmatimonadota,NA,1,2,0,0,0,0,0,0,0,0
ASV_008147,66,planktonic,Pseudomonadota,NA,1,2,0,0,0,0,0,0,0,0
ASV_008234,66,planktonic,Actinomycetota,Streptacidiphilus,1,2,0,0,0,0,0,0,0,0
ASV_008469,66,planktonic,Actinomycetota,NA,1,2,0,0,0,0,0,0,0,0
ASV_008531,66,planktonic,Acidobacteriota,Occallatibacter,1,2,0,0,0,0,0,0,0,0
ASV_008639,66,planktonic,Pseudomonadota,NA,1,2,0,0,0,0,0,0,0,0
ASV_008688,66,planktonic,Planctomycetota,NA,1,2,0,0,0,0,0,0,0,0
ASV_008716,66,planktonic,Verrucomicrobiota,NA,1,2,0,0,0,0,0,0,0,0
ASV_008724,66,planktonic,Bacteroidota,Puia,1,2,0,0,0,0,0,0,0,0
ASV_008809,66,planktonic,Verrucomicrobiota,NA,1,2,0,0,0,0,0,0,0,0
ASV_008817,66,planktonic,Gemmatimonadota,NA,1,2,0,0,0,0,0,0,0,0
ASV_009004,66,planktonic,Actinomycetota,NA,1,2,0,0,0,0,0,0,0,0
ASV_009209,66,planktonic,Actinomycetota,NA,1,2,0,0,0,0,0,0,0,0
ASV_009231,66,planktonic,Actinomycetota,Acidothermus,1,2,0,0,0,0,0,0,0,0
ASV_009253,66,planktonic,Acidobacteriota,NA,1,2,0,0,0,0,0,0,0,0
ASV_009371,66,planktonic,Pseudomonadota,NA,1,2,0,0,0,0,0,0,0,0
ASV_009460,66,planktonic,Pseudomonadota,NA,1,2,0,0,0,0,0,0,0,0
ASV_009465,66,planktonic,Acidobacteriota,Subgroup 10,1,2,0,0,0,0,0,0,0,0
ASV_009499,66,planktonic,Acidobacteriota,Candidatus Solibacter,1,2,0,0,0,0,0,0,0,0
ASV_009522,66,planktonic,Actinomycetota,Streptosporangium,1,2,0,0,0,0,0,0,0,0
ASV_009596,66,planktonic,Verrucomicrobiota,Candidatus Xiphinematobacter,1,2,0,0,0,0,0,0,0,0
ASV_009738,66,planktonic,Bdellovibrionota,NA,1,2,0,0,0,0,0,0,0,0
ASV_009899,66,planktonic,Acidobacteriota,Candidatus Solibacter,1,2,0,0,0,0,0,0,0,0
ASV_010312,66,planktonic,Pseudomonadota,NA,1,2,0,0,0,0,0,0,0,0
ASV_010511,66,planktonic,Pseudomonadota,Acidocella,1,2,0,0,0,0,0,0,0,0
ASV_010535,66,planktonic,Pseudomonadota,Steroidobacter,1,2,0,0,0,0,0,0,0,0
ASV_010640,66,planktonic,Verrucomicrobiota,Candidatus Xiphinematobacter,1,2,0,0,0,0,0,0,0,0
ASV_010684,66,planktonic,Pseudomonadota,NA,1,2,0,0,0,0,0,0,0,0
ASV_010687,66,planktonic,Acidobacteriota,NA,1,2,0,0,0,0,0,0,0,0
ASV_010744,66,planktonic,Bdellovibrionota,NA,1,2,0,0,0,0,0,0,0,0
ASV_010774,66,planktonic,Acidobacteriota,NA,1,2,0,0,0,0,0,0,0,0
ASV_010996,66,planktonic,Chloroflexota,NA,1,2,0,0,0,0,0,0,0,0
ASV_011184,66,planktonic,Bacteroidota,Ferruginibacter,1,2,0,0,0,0,0,0,0,0
ASV_011203,66,planktonic,Pseudomonadota,Acidibacter,1,2,0,0,0,0,0,0,0,0
ASV_011460,66,planktonic,Verrucomicrobiota,Pedosphaera,1,2,0,0,0,0,0,0,0,0
ASV_011535,66,planktonic,Acidobacteriota,Candidatus Solibacter,1,2,0,0,0,0,0,0,0,0
ASV_011735,66,planktonic,Acidobacteriota,Granulicella,1,2,0,0,0,0,0,0,0,0
ASV_012070,66,planktonic,Actinomycetota,Streptacidiphilus,1,2,0,0,0,0,0,0,0,0
ASV_012180,66,planktonic,Armatimonadota,NA,1,2,0,0,0,0,0,0,0,0
ASV_012493,66,planktonic,Planctomycetota,NA,1,2,0,0,0,0,0,0,0,0
ASV_012583,66,planktonic,Pseudomonadota,NA,1,2,0,0,0,0,0,0,0,0
ASV_012674,66,planktonic,Actinomycetota,Acidothermus,1,2,0,0,0,0,0,0,0,0
ASV_012755,66,planktonic,Acidobacteriota,Candidatus Koribacter,1,2,0,0,0,0,0,0,0,0
ASV_012981,66,planktonic,Acidobacteriota,Candidatus Solibacter,1,2,0,0,0,0,0,0,0,0
ASV_012988,66,planktonic,Actinomycetota,Jatrophihabitans,1,2,0,0,0,0,0,0,0,0
ASV_013120,66,planktonic,Pseudomonadota,NA,1,2,0,0,0,0,0,0,0,0
ASV_013279,66,planktonic,Bacteroidota,Mucilaginibacter,1,2,0,0,0,0,0,0,0,0
ASV_013342,66,planktonic,Acidobacteriota,Candidatus Solibacter,1,2,0,0,0,0,0,0,0,0
ASV_013581,66,planktonic,Actinomycetota,Conexibacter,1,2,0,0,0,0,0,0,0,0
ASV_013639,66,planktonic,Chloroflexota,NA,1,2,0,0,0,0,0,0,0,0
ASV_013983,66,planktonic,Planctomycetota,NA,1,2,0,0,0,0,0,0,0,0
ASV_014164,66,planktonic,Planctomycetota,NA,1,2,0,0,0,0,0,0,0,0
ASV_014242,66,planktonic,Pseudomonadota,NA,1,2,0,0,0,0,0,0,0,0
ASV_014672,66,planktonic,Planctomycetota,NA,1,2,0,0,0,0,0,0,0,0
ASV_014774,66,planktonic,Pseudomonadota,NA,1,2,0,0,0,0,0,0,0,0
ASV_014952,66,planktonic,Myxococcota,Pajaroellobacter,1,2,0,0,0,0,0,0,0,0
ASV_015102,66,planktonic,Acidobacteriota,NA,1,2,0,0,0,0,0,0,0,0
ASV_015131,66,planktonic,Bacteroidota,Puia,1,2,0,0,0,0,0,0,0,0
ASV_015380,66,planktonic,Actinomycetota,Acidothermus,1,2,0,0,0,0,0,0,0,0
ASV_015686,66,planktonic,Armatimonadota,NA,1,2,0,0,0,0,0,0,0,0
ASV_015889,66,planktonic,Cyanobacteriota,NA,1,2,0,0,0,0,0,0,0,0
ASV_016214,66,planktonic,Pseudomonadota,NA,1,2,0,0,0,0,0,0,0,0
ASV_016463,66,planktonic,Pseudomonadota,NA,1,2,0,0,0,0,0,0,0,0
ASV_016645,66,planktonic,Acidobacteriota,Terriglobus,1,2,0,0,0,0,0,0,0,0
ASV_017352,66,planktonic,Planctomycetota,NA,1,2,0,0,0,0,0,0,0,0
ASV_017494,66,planktonic,Pseudomonadota,NA,1,2,0,0,0,0,0,0,0,0
ASV_017596,66,planktonic,Pseudomonadota,NA,1,2,0,0,0,0,0,0,0,0
ASV_017756,66,planktonic,Cyanobacteriota,NA,1,2,0,0,0,0,0,0,0,0
ASV_017807,66,planktonic,Myxococcota,NA,1,2,0,0,0,0,0,0,0,0
ASV_017890,66,planktonic,Pseudomonadota,NA,1,2,0,0,0,0,0,0,0,0
ASV_017923,66,planktonic,Pseudomonadota,NA,1,2,0,0,0,0,0,0,0,0
ASV_018076,66,planktonic,Verrucomicrobiota,Opitutus,1,2,0,0,0,0,0,0,0,0
ASV_018122,66,planktonic,Bacteroidota,Nemorincola,1,2,0,0,0,0,0,0,0,0
ASV_018204,66,planktonic,Verrucomicrobiota,NA,1,2,0,0,0,0,0,0,0,0
ASV_018773,66,planktonic,Acidobacteriota,Candidatus Solibacter,1,2,0,0,0,0,0,0,0,0
ASV_019085,66,planktonic,Bacteroidota,NA,1,2,0,0,0,0,0,0,0,0
ASV_019095,66,planktonic,Pseudomonadota,NA,1,2,0,0,0,0,0,0,0,0
ASV_019578,66,planktonic,FCPU426,NA,1,2,0,0,0,0,0,0,0,0
ASV_020390,66,planktonic,Bdellovibrionota,NA,1,2,0,0,0,0,0,0,0,0
ASV_020443,66,planktonic,Planctomycetota,Gemmata,1,2,0,0,0,0,0,0,0,0
ASV_020758,66,planktonic,Pseudomonadota,NA,1,2,0,0,0,0,0,0,0,0
ASV_020769,66,planktonic,Acidobacteriota,NA,1,2,0,0,0,0,0,0,0,0
ASV_021040,66,planktonic,Verrucomicrobiota,NA,1,2,0,0,0,0,0,0,0,0
ASV_021109,66,planktonic,Acidobacteriota,Bryobacter,1,2,0,0,0,0,0,0,0,0
ASV_021113,66,planktonic,Acidobacteriota,Candidatus Solibacter,1,2,0,0,0,0,0,0,0,0
ASV_021314,66,planktonic,Planctomycetota,NA,1,2,0,0,0,0,0,0,0,0
ASV_021530,66,planktonic,Bacteroidota,Puia,1,2,0,0,0,0,0,0,0,0
ASV_021665,66,planktonic,Pseudomonadota,Inquilinus,1,2,0,0,0,0,0,0,0,0
ASV_021894,66,planktonic,Acidobacteriota,Candidatus Solibacter,1,2,0,0,0,0,0,0,0,0
ASV_023006,66,planktonic,Pseudomonadota,NA,1,2,0,0,0,0,0,0,0,0
ASV_023394,66,planktonic,Pseudomonadota,NA,1,2,0,0,0,0,0,0,0,0
ASV_023978,66,planktonic,Planctomycetota,NA,1,2,0,0,0,0,0,0,0,0
ASV_024177,66,planktonic,Pseudomonadota,Rhodovastum,1,2,0,0,0,0,0,0,0,0
ASV_024187,66,planktonic,Pseudomonadota,Rhodanobacter,1,2,0,0,0,0,0,0,0,0
ASV_024564,66,planktonic,Verrucomicrobiota,Opitutus,1,2,0,0,0,0,0,0,0,0
ASV_024586,66,planktonic,Verrucomicrobiota,NA,1,2,0,0,0,0,0,0,0,0
ASV_025247,66,planktonic,Pseudomonadota,Nevskia,1,2,0,0,0,0,0,0,0,0
ASV_025687,66,planktonic,Verrucomicrobiota,Chthoniobacter,1,2,0,0,0,0,0,0,0,0
ASV_027391,66,planktonic,Pseudomonadota,NA,1,2,0,0,0,0,0,0,0,0
ASV_028091,66,planktonic,Actinomycetota,NA,1,2,0,0,0,0,0,0,0,0
ASV_028955,66,planktonic,Actinomycetota,Acidiferrimicrobium,1,2,0,0,0,0,0,0,0,0
ASV_029794,66,planktonic,Pseudomonadota,Aquicella,1,2,0,0,0,0,0,0,0,0
ASV_030182,66,planktonic,Pseudomonadota,NA,1,2,0,0,0,0,0,0,0,0
ASV_031071,66,planktonic,Cyanobacteriota,Candidatus Obscuribacter,1,2,0,0,0,0,0,0,0,0
ASV_032962,66,planktonic,Planctomycetota,NA,1,2,0,0,0,0,0,0,0,0
ASV_033719,66,planktonic,Elusimicrobiota,NA,1,2,0,0,0,0,0,0,0,0
ASV_035686,66,planktonic,Myxococcota,NA,1,2,0,0,0,0,0,0,0,0
ASV_036159,66,planktonic,Cyanobacteriota,NA,1,2,0,0,0,0,0,0,0,0
ASV_038317,66,planktonic,Verrucomicrobiota,Oleiharenicola,1,2,0,0,0,0,0,0,0,0
ASV_000023,66,hyporheic,Pseudomonadota,NA,2,3,0,0,0,0,0,0,0,0
ASV_000054,66,hyporheic,Acidobacteriota,NA,2,3,1,0,0.5,0,0.015,0,0.5,0.015
ASV_000071,66,hyporheic,Acidobacteriota,NA,2,3,0,1,0,0.3333333333333333,0,0.11333333333333336,-0.3333333333333333,-0.11333333333333336
ASV_000082,66,hyporheic,Acidobacteriota,NA,2,3,0,0,0,0,0,0,0,0
ASV_000109,66,hyporheic,Pseudomonadota,NA,2,3,0,0,0,0,0,0,0,0
ASV_000115,66,hyporheic,Chloroflexota,NA,2,3,0,0,0,0,0,0,0,0
ASV_000126,66,hyporheic,Pseudomonadota,NA,2,3,0,0,0,0,0,0,0,0
ASV_000128,66,hyporheic,Methylomirabilota,NA,2,3,0,2,0,0.6666666666666666,0,0.03666666666666666,-0.6666666666666666,-0.03666666666666666
ASV_000136,66,hyporheic,Pseudomonadota,NA,2,3,0,0,0,0,0,0,0,0
ASV_000146,66,hyporheic,Acidobacteriota,NA,2,3,1,0,0.5,0,0.005,0,0.5,0.005
ASV_000159,66,hyporheic,Pseudomonadota,Methylocapsa,2,3,0,0,0,0,0,0,0,0
ASV_000163,66,hyporheic,Pseudomonadota,Hypericibacter,2,3,0,0,0,0,0,0,0,0
ASV_000203,66,hyporheic,Pseudomonadota,Methylocapsa,2,3,0,0,0,0,0,0,0,0
ASV_000214,66,hyporheic,Acidobacteriota,NA,2,3,0,0,0,0,0,0,0,0
ASV_000229,66,hyporheic,Methylomirabilota,NA,2,3,0,0,0,0,0,0,0,0
ASV_000230,66,hyporheic,Pseudomonadota,NA,2,3,0,0,0,0,0,0,0,0
ASV_000243,66,hyporheic,Acidobacteriota,NA,2,3,0,0,0,0,0,0,0,0
ASV_000299,66,hyporheic,Actinomycetota,NA,2,3,0,0,0,0,0,0,0,0
ASV_000309,66,hyporheic,Pseudomonadota,NA,2,3,0,0,0,0,0,0,0,0
ASV_000350,66,hyporheic,Pseudomonadota,NA,2,3,0,0,0,0,0,0,0,0
ASV_000358,66,hyporheic,Pseudomonadota,P3OB-51,2,3,1,0,0.5,0,0.06,0,0.5,0.06
ASV_000359,66,hyporheic,Pseudomonadota,NA,2,3,0,1,0,0.3333333333333333,0,0.04666666666666667,-0.3333333333333333,-0.04666666666666667
ASV_000431,66,hyporheic,Pseudomonadota,NA,2,3,0,0,0,0,0,0,0,0
ASV_000451,66,hyporheic,Acidobacteriota,NA,2,3,0,0,0,0,0,0,0,0
ASV_000460,66,hyporheic,Acidobacteriota,NA,2,3,0,0,0,0,0,0,0,0
ASV_000472,66,hyporheic,Pseudomonadota,NA,2,3,0,0,0,0,0,0,0,0
ASV_000523,66,hyporheic,Actinomycetota,Acidothermus,2,3,0,0,0,0,0,0,0,0
ASV_000526,66,hyporheic,RCP2-54,NA,2,3,0,0,0,0,0,0,0,0
ASV_000534,66,hyporheic,Actinomycetota,Mycobacterium,2,3,1,2,0.5,0.6666666666666666,0.05,0.03666666666666666,-0.16666666666666663,0.013333333333333343
ASV_000568,66,hyporheic,Pseudomonadota,NA,2,3,0,0,0,0,0,0,0,0
ASV_000577,66,hyporheic,Acidobacteriota,NA,2,3,0,0,0,0,0,0,0,0
ASV_000648,66,hyporheic,Acidobacteriota,NA,2,3,0,0,0,0,0,0,0,0
ASV_000698,66,hyporheic,Pseudomonadota,Reyranella,2,3,0,0,0,0,0,0,0,0
ASV_000699,66,hyporheic,Acidobacteriota,NA,2,3,0,0,0,0,0,0,0,0
ASV_000707,66,hyporheic,Pseudomonadota,NA,2,3,0,0,0,0,0,0,0,0
ASV_000713,66,hyporheic,Acidobacteriota,NA,2,3,0,0,0,0,0,0,0,0
ASV_000728,66,hyporheic,Acidobacteriota,NA,2,3,0,0,0,0,0,0,0,0
ASV_000752,66,hyporheic,Acidobacteriota,NA,2,3,0,1,0,0.3333333333333333,0,0.0033333333333333327,-0.3333333333333333,-0.0033333333333333327
ASV_000848,66,hyporheic,Acidobacteriota,NA,2,3,0,0,0,0,0,0,0,0
ASV_000895,66,hyporheic,Acidobacteriota,Candidatus Solibacter,2,3,0,0,0,0,0,0,0,0
ASV_000930,66,hyporheic,Planctomycetota,NA,2,3,1,0,0.5,0,0.065,0,0.5,0.065
ASV_000945,66,hyporheic,Actinomycetota,Mycobacterium,2,3,0,0,0,0,0,0,0,0
ASV_000965,66,hyporheic,Acidobacteriota,NA,2,3,1,0,0.5,0,0.03,0,0.5,0.03
ASV_000975,66,hyporheic,Acidobacteriota,NA,2,3,0,0,0,0,0,0,0,0
ASV_001029,66,hyporheic,Acidobacteriota,Candidatus Solibacter,2,3,0,0,0,0,0,0,0,0
ASV_001130,66,hyporheic,Pseudomonadota,Reyranella,2,3,1,0,0.5,0,0.07,0,0.5,0.07
ASV_001173,66,hyporheic,Chloroflexota,NA,2,3,0,0,0,0,0,0,0,0
ASV_001201,66,hyporheic,RCP2-54,NA,2,3,0,0,0,0,0,0,0,0
ASV_001302,66,hyporheic,Acidobacteriota,Granulicella,2,3,0,0,0,0,0,0,0,0
ASV_001406,66,hyporheic,Bacteroidota,Puia,2,3,0,0,0,0,0,0,0,0
ASV_001415,66,hyporheic,Pseudomonadota,Methylovirgula,2,3,0,1,0,0.3333333333333333,0,0.2433333333333333,-0.3333333333333333,-0.2433333333333333
ASV_001505,66,hyporheic,Acidobacteriota,NA,2,3,0,0,0,0,0,0,0,0
ASV_001674,66,hyporheic,Pseudomonadota,NA,2,3,0,0,0,0,0,0,0,0
ASV_001714,66,hyporheic,Acidobacteriota,NA,2,3,0,0,0,0,0,0,0,0
ASV_001732,66,hyporheic,Acidobacteriota,NA,2,3,0,2,0,0.6666666666666666,0,0.006666666666666665,-0.6666666666666666,-0.006666666666666665
ASV_001769,66,hyporheic,Pseudomonadota,NA,2,3,0,0,0,0,0,0,0,0
ASV_001779,66,hyporheic,Pseudomonadota,NA,2,3,0,0,0,0,0,0,0,0
ASV_001785,66,hyporheic,Pseudomonadota,Roseiarcus,2,3,0,0,0,0,0,0,0,0
ASV_001794,66,hyporheic,Acidobacteriota,NA,2,3,0,0,0,0,0,0,0,0
ASV_001815,66,hyporheic,Acidobacteriota,NA,2,3,0,0,0,0,0,0,0,0
ASV_001816,66,hyporheic,Bacteroidota,Puia,2,3,0,0,0,0,0,0,0,0
ASV_001829,66,hyporheic,Acidobacteriota,Candidatus Solibacter,2,3,0,0,0,0,0,0,0,0
ASV_001882,66,hyporheic,Verrucomicrobiota,NA,2,3,0,0,0,0,0,0,0,0
ASV_001892,66,hyporheic,Acidobacteriota,NA,2,3,0,0,0,0,0,0,0,0
ASV_001900,66,hyporheic,Pseudomonadota,NA,2,3,0,0,0,0,0,0,0,0
ASV_001925,66,hyporheic,Acidobacteriota,NA,2,3,0,0,0,0,0,0,0,0
ASV_001973,66,hyporheic,Pseudomonadota,NA,2,3,0,0,0,0,0,0,0,0
ASV_002016,66,hyporheic,Acidobacteriota,NA,2,3,0,0,0,0,0,0,0,0
ASV_002022,66,hyporheic,Acidobacteriota,NA,2,3,0,0,0,0,0,0,0,0
ASV_002098,66,hyporheic,Planctomycetota,NA,2,3,0,0,0,0,0,0,0,0
ASV_002140,66,hyporheic,Acidobacteriota,NA,2,3,0,0,0,0,0,0,0,0
ASV_002161,66,hyporheic,Planctomycetota,NA,2,3,0,0,0,0,0,0,0,0
ASV_002203,66,hyporheic,Pseudomonadota,NA,2,3,0,0,0,0,0,0,0,0
ASV_002247,66,hyporheic,Acidobacteriota,NA,2,3,0,0,0,0,0,0,0,0
ASV_002339,66,hyporheic,Acidobacteriota,NA,2,3,0,0,0,0,0,0,0,0
ASV_002371,66,hyporheic,Actinomycetota,Acidothermus,2,3,0,0,0,0,0,0,0,0
ASV_002395,66,hyporheic,Pseudomonadota,GOUTA6,2,3,0,0,0,0,0,0,0,0
ASV_002494,66,hyporheic,Pseudomonadota,NA,2,3,0,0,0,0,0,0,0,0
ASV_002498,66,hyporheic,Acidobacteriota,NA,2,3,0,0,0,0,0,0,0,0
ASV_002505,66,hyporheic,Chloroflexota,NA,2,3,0,0,0,0,0,0,0,0
ASV_002518,66,hyporheic,Actinomycetota,Mycobacterium,2,3,0,0,0,0,0,0,0,0
ASV_002541,66,hyporheic,Acidobacteriota,NA,2,3,0,0,0,0,0,0,0,0
ASV_002560,66,hyporheic,Acidobacteriota,Candidatus Solibacter,2,3,0,0,0,0,0,0,0,0
ASV_002612,66,hyporheic,Acidobacteriota,NA,2,3,0,0,0,0,0,0,0,0
ASV_002625,66,hyporheic,Pseudomonadota,Hypericibacter,2,3,0,0,0,0,0,0,0,0
ASV_002784,66,hyporheic,Pseudomonadota,NA,2,3,0,0,0,0,0,0,0,0
ASV_002804,66,hyporheic,Planctomycetota,Aquisphaera,2,3,0,0,0,0,0,0,0,0
ASV_002890,66,hyporheic,Actinomycetota,Mycobacterium,2,3,0,1,0,0.3333333333333333,0,0.07,-0.3333333333333333,-0.07
ASV_002934,66,hyporheic,Pseudomonadota,NA,2,3,0,0,0,0,0,0,0,0
ASV_002944,66,hyporheic,Verrucomicrobiota,NA,2,3,0,0,0,0,0,0,0,0
ASV_002953,66,hyporheic,Pseudomonadota,NA,2,3,0,0,0,0,0,0,0,0
ASV_003017,66,hyporheic,Pseudomonadota,NA,2,3,0,0,0,0,0,0,0,0
ASV_003021,66,hyporheic,Actinomycetota,Amycolatopsis,2,3,0,0,0,0,0,0,0,0
ASV_003032,66,hyporheic,Pseudomonadota,Roseiarcus,2,3,0,0,0,0,0,0,0,0
ASV_003076,66,hyporheic,Pseudomonadota,Acidibacter,2,3,0,0,0,0,0,0,0,0
ASV_003104,66,hyporheic,Pseudomonadota,NA,2,3,0,0,0,0,0,0,0,0
ASV_003157,66,hyporheic,Acidobacteriota,NA,2,3,0,0,0,0,0,0,0,0
ASV_003255,66,hyporheic,Acidobacteriota,NA,2,3,0,0,0,0,0,0,0,0
ASV_003273,66,hyporheic,Pseudomonadota,NA,2,3,0,0,0,0,0,0,0,0
ASV_003296,66,hyporheic,Pseudomonadota,Methylocella,2,3,0,0,0,0,0,0,0,0
ASV_003318,66,hyporheic,Acidobacteriota,NA,2,3,0,0,0,0,0,0,0,0
ASV_003331,66,hyporheic,Pseudomonadota,NA,2,3,0,0,0,0,0,0,0,0
ASV_003361,66,hyporheic,Verrucomicrobiota,NA,2,3,0,0,0,0,0,0,0,0
ASV_003386,66,hyporheic,Acidobacteriota,NA,2,3,0,0,0,0,0,0,0,0
ASV_003395,66,hyporheic,RCP2-54,NA,2,3,0,0,0,0,0,0,0,0
ASV_003412,66,hyporheic,Actinomycetota,Acidothermus,2,3,0,0,0,0,0,0,0,0
ASV_003414,66,hyporheic,Acidobacteriota,NA,2,3,0,0,0,0,0,0,0,0
ASV_003490,66,hyporheic,Acidobacteriota,NA,2,3,0,0,0,0,0,0,0,0
ASV_003526,66,hyporheic,Pseudomonadota,Roseiarcus,2,3,0,0,0,0,0,0,0,0
ASV_003625,66,hyporheic,Pseudomonadota,Roseiarcus,2,3,0,0,0,0,0,0,0,0
ASV_003704,66,hyporheic,Acidobacteriota,Bryobacter,2,3,0,0,0,0,0,0,0,0
ASV_003722,66,hyporheic,Acidobacteriota,Candidatus Solibacter,2,3,0,0,0,0,0,0,0,0
ASV_003765,66,hyporheic,Acidobacteriota,NA,2,3,0,0,0,0,0,0,0,0
ASV_003783,66,hyporheic,Pseudomonadota,NA,2,3,0,0,0,0,0,0,0,0
ASV_003813,66,hyporheic,Acidobacteriota,Bryobacter,2,3,0,0,0,0,0,0,0,0
ASV_003823,66,hyporheic,Pseudomonadota,NA,2,3,0,0,0,0,0,0,0,0
ASV_003832,66,hyporheic,Actinomycetota,Acidothermus,2,3,0,0,0,0,0,0,0,0
ASV_003863,66,hyporheic,Pseudomonadota,Bradyrhizobium,2,3,0,0,0,0,0,0,0,0
ASV_003881,66,hyporheic,Acidobacteriota,NA,2,3,0,0,0,0,0,0,0,0
ASV_003882,66,hyporheic,Pseudomonadota,NA,2,3,0,0,0,0,0,0,0,0
ASV_003894,66,hyporheic,Actinomycetota,NA,2,3,0,0,0,0,0,0,0,0
ASV_003994,66,hyporheic,Pseudomonadota,NA,2,3,0,0,0,0,0,0,0,0
ASV_004015,66,hyporheic,Acidobacteriota,NA,2,3,0,0,0,0,0,0,0,0
ASV_004045,66,hyporheic,Verrucomicrobiota,Candidatus Xiphinematobacter,2,3,0,0,0,0,0,0,0,0
ASV_004051,66,hyporheic,Acidobacteriota,Candidatus Koribacter,2,3,0,0,0,0,0,0,0,0
ASV_004196,66,hyporheic,Verrucomicrobiota,Oleiharenicola,2,3,0,0,0,0,0,0,0,0
ASV_004197,66,hyporheic,Acidobacteriota,NA,2,3,0,0,0,0,0,0,0,0
ASV_004297,66,hyporheic,Acidobacteriota,NA,2,3,0,0,0,0,0,0,0,0
ASV_004330,66,hyporheic,RCP2-54,NA,2,3,0,0,0,0,0,0,0,0
ASV_004408,66,hyporheic,Acidobacteriota,Granulicella,2,3,0,0,0,0,0,0,0,0
ASV_004428,66,hyporheic,Acidobacteriota,Candidatus Solibacter,2,3,0,0,0,0,0,0,0,0
ASV_004462,66,hyporheic,Actinomycetota,Nocardia,2,3,1,0,0.5,0,0.005,0,0.5,0.005
ASV_004483,66,hyporheic,Verrucomicrobiota,Candidatus Xiphinematobacter,2,3,0,0,0,0,0,0,0,0
ASV_004526,66,hyporheic,Acidobacteriota,NA,2,3,0,0,0,0,0,0,0,0
ASV_004543,66,hyporheic,Acidobacteriota,NA,2,3,0,0,0,0,0,0,0,0
ASV_004626,66,hyporheic,Verrucomicrobiota,NA,2,3,0,0,0,0,0,0,0,0
ASV_004645,66,hyporheic,Actinomycetota,Gaiella,2,3,0,0,0,0,0,0,0,0
ASV_004662,66,hyporheic,Pseudomonadota,NA,2,3,0,0,0,0,0,0,0,0
ASV_004693,66,hyporheic,Acidobacteriota,NA,2,3,0,0,0,0,0,0,0,0
ASV_004843,66,hyporheic,Verrucomicrobiota,NA,2,3,0,0,0,0,0,0,0,0
ASV_004971,66,hyporheic,Actinomycetota,Acidothermus,2,3,0,0,0,0,0,0,0,0
ASV_004998,66,hyporheic,Actinomycetota,Acidothermus,2,3,0,0,0,0,0,0,0,0
ASV_005093,66,hyporheic,Pseudomonadota,NA,2,3,0,0,0,0,0,0,0,0
ASV_005108,66,hyporheic,Actinomycetota,Mycobacterium,2,3,0,0,0,0,0,0,0,0
ASV_005125,66,hyporheic,Bacteroidota,Mucilaginibacter,2,3,0,0,0,0,0,0,0,0
ASV_005164,66,hyporheic,Myxococcota,Pajaroellobacter,2,3,0,0,0,0,0,0,0,0
ASV_005207,66,hyporheic,Verrucomicrobiota,Opitutus,2,3,0,0,0,0,0,0,0,0
ASV_005226,66,hyporheic,Pseudomonadota,Afipia,2,3,0,0,0,0,0,0,0,0
ASV_005232,66,hyporheic,Planctomycetota,NA,2,3,0,0,0,0,0,0,0,0
ASV_005248,66,hyporheic,Acidobacteriota,Candidatus Solibacter,2,3,0,0,0,0,0,0,0,0
ASV_005279,66,hyporheic,Acidobacteriota,NA,2,3,0,0,0,0,0,0,0,0
ASV_005313,66,hyporheic,Pseudomonadota,NA,2,3,0,0,0,0,0,0,0,0
ASV_005454,66,hyporheic,Pseudomonadota,NA,2,3,0,0,0,0,0,0,0,0
ASV_005535,66,hyporheic,Pseudomonadota,Phenylobacterium,2,3,0,0,0,0,0,0,0,0
ASV_005536,66,hyporheic,Acidobacteriota,Acidicapsa,2,3,0,0,0,0,0,0,0,0
ASV_005551,66,hyporheic,FCPU426,NA,2,3,0,0,0,0,0,0,0,0
ASV_005588,66,hyporheic,Pseudomonadota,Labrys,2,3,0,0,0,0,0,0,0,0
ASV_005661,66,hyporheic,Acidobacteriota,Candidatus Solibacter,2,3,0,0,0,0,0,0,0,0
ASV_005758,66,hyporheic,Acidobacteriota,Candidatus Solibacter,2,3,0,0,0,0,0,0,0,0
ASV_005905,66,hyporheic,Acidobacteriota,NA,2,3,0,0,0,0,0,0,0,0
ASV_005945,66,hyporheic,Pseudomonadota,Phenylobacterium,2,3,0,0,0,0,0,0,0,0
ASV_005968,66,hyporheic,Acidobacteriota,NA,2,3,0,0,0,0,0,0,0,0
ASV_006290,66,hyporheic,Planctomycetota,NA,2,3,0,0,0,0,0,0,0,0
ASV_006293,66,hyporheic,Verrucomicrobiota,Chthoniobacter,2,3,0,0,0,0,0,0,0,0
ASV_006506,66,hyporheic,Bacteroidota,Puia,2,3,0,0,0,0,0,0,0,0
ASV_006563,66,hyporheic,Pseudomonadota,NA,2,3,0,0,0,0,0,0,0,0
ASV_006891,66,hyporheic,Acidobacteriota,Bryobacter,2,3,0,0,0,0,0,0,0,0
ASV_006910,66,hyporheic,Candidatus Eremiobacterota,NA,2,3,0,0,0,0,0,0,0,0
ASV_006959,66,hyporheic,Planctomycetota,NA,2,3,0,0,0,0,0,0,0,0
ASV_006995,66,hyporheic,Acidobacteriota,NA,2,3,0,0,0,0,0,0,0,0
ASV_007141,66,hyporheic,Acidobacteriota,Occallatibacter,2,3,0,0,0,0,0,0,0,0
ASV_007150,66,hyporheic,Verrucomicrobiota,Opitutus,2,3,0,0,0,0,0,0,0,0
ASV_007184,66,hyporheic,Planctomycetota,NA,2,3,0,0,0,0,0,0,0,0
ASV_007196,66,hyporheic,Acidobacteriota,NA,2,3,0,0,0,0,0,0,0,0
ASV_007502,66,hyporheic,Pseudomonadota,Hypericibacter,2,3,0,0,0,0,0,0,0,0
ASV_007730,66,hyporheic,Actinomycetota,NA,2,3,0,0,0,0,0,0,0,0
ASV_007786,66,hyporheic,Actinomycetota,NA,2,3,0,0,0,0,0,0,0,0
ASV_007823,66,hyporheic,Acidobacteriota,Granulicella,2,3,0,0,0,0,0,0,0,0
ASV_007919,66,hyporheic,Verrucomicrobiota,Candidatus Udaeobacter,2,3,0,0,0,0,0,0,0,0
ASV_007956,66,hyporheic,Acidobacteriota,NA,2,3,0,0,0,0,0,0,0,0
ASV_008000,66,hyporheic,Acidobacteriota,Candidatus Solibacter,2,3,0,0,0,0,0,0,0,0
ASV_008014,66,hyporheic,Pseudomonadota,NA,2,3,0,0,0,0,0,0,0,0
ASV_008086,66,hyporheic,Gemmatimonadota,NA,2,3,0,0,0,0,0,0,0,0
ASV_008147,66,hyporheic,Pseudomonadota,NA,2,3,0,0,0,0,0,0,0,0
ASV_008234,66,hyporheic,Actinomycetota,Streptacidiphilus,2,3,0,0,0,0,0,0,0,0
ASV_008469,66,hyporheic,Actinomycetota,NA,2,3,0,0,0,0,0,0,0,0
ASV_008531,66,hyporheic,Acidobacteriota,Occallatibacter,2,3,0,0,0,0,0,0,0,0
ASV_008639,66,hyporheic,Pseudomonadota,NA,2,3,0,0,0,0,0,0,0,0
ASV_008688,66,hyporheic,Planctomycetota,NA,2,3,0,0,0,0,0,0,0,0
ASV_008716,66,hyporheic,Verrucomicrobiota,NA,2,3,0,0,0,0,0,0,0,0
ASV_008724,66,hyporheic,Bacteroidota,Puia,2,3,0,0,0,0,0,0,0,0
ASV_008809,66,hyporheic,Verrucomicrobiota,NA,2,3,0,0,0,0,0,0,0,0
ASV_008817,66,hyporheic,Gemmatimonadota,NA,2,3,0,0,0,0,0,0,0,0
ASV_009004,66,hyporheic,Actinomycetota,NA,2,3,0,0,0,0,0,0,0,0
ASV_009209,66,hyporheic,Actinomycetota,NA,2,3,0,0,0,0,0,0,0,0
ASV_009231,66,hyporheic,Actinomycetota,Acidothermus,2,3,0,0,0,0,0,0,0,0
ASV_009253,66,hyporheic,Acidobacteriota,NA,2,3,0,0,0,0,0,0,0,0
ASV_009371,66,hyporheic,Pseudomonadota,NA,2,3,0,0,0,0,0,0,0,0
ASV_009460,66,hyporheic,Pseudomonadota,NA,2,3,0,0,0,0,0,0,0,0
ASV_009465,66,hyporheic,Acidobacteriota,Subgroup 10,2,3,0,0,0,0,0,0,0,0
ASV_009499,66,hyporheic,Acidobacteriota,Candidatus Solibacter,2,3,0,0,0,0,0,0,0,0
ASV_009522,66,hyporheic,Actinomycetota,Streptosporangium,2,3,0,0,0,0,0,0,0,0
ASV_009596,66,hyporheic,Verrucomicrobiota,Candidatus Xiphinematobacter,2,3,0,0,0,0,0,0,0,0
ASV_009738,66,hyporheic,Bdellovibrionota,NA,2,3,0,0,0,0,0,0,0,0
ASV_009899,66,hyporheic,Acidobacteriota,Candidatus Solibacter,2,3,0,0,0,0,0,0,0,0
ASV_010312,66,hyporheic,Pseudomonadota,NA,2,3,0,0,0,0,0,0,0,0
ASV_010511,66,hyporheic,Pseudomonadota,Acidocella,2,3,0,0,0,0,0,0,0,0
ASV_010535,66,hyporheic,Pseudomonadota,Steroidobacter,2,3,0,0,0,0,0,0,0,0
ASV_010640,66,hyporheic,Verrucomicrobiota,Candidatus Xiphinematobacter,2,3,0,0,0,0,0,0,0,0
ASV_010684,66,hyporheic,Pseudomonadota,NA,2,3,0,0,0,0,0,0,0,0
ASV_010687,66,hyporheic,Acidobacteriota,NA,2,3,0,0,0,0,0,0,0,0
ASV_010744,66,hyporheic,Bdellovibrionota,NA,2,3,0,0,0,0,0,0,0,0
ASV_010774,66,hyporheic,Acidobacteriota,NA,2,3,0,0,0,0,0,0,0,0
ASV_010996,66,hyporheic,Chloroflexota,NA,2,3,0,0,0,0,0,0,0,0
ASV_011184,66,hyporheic,Bacteroidota,Ferruginibacter,2,3,0,0,0,0,0,0,0,0
ASV_011203,66,hyporheic,Pseudomonadota,Acidibacter,2,3,0,0,0,0,0,0,0,0
ASV_011460,66,hyporheic,Verrucomicrobiota,Pedosphaera,2,3,0,0,0,0,0,0,0,0
ASV_011535,66,hyporheic,Acidobacteriota,Candidatus Solibacter,2,3,0,0,0,0,0,0,0,0
ASV_011735,66,hyporheic,Acidobacteriota,Granulicella,2,3,0,0,0,0,0,0,0,0
ASV_012070,66,hyporheic,Actinomycetota,Streptacidiphilus,2,3,0,0,0,0,0,0,0,0
ASV_012180,66,hyporheic,Armatimonadota,NA,2,3,0,0,0,0,0,0,0,0
ASV_012493,66,hyporheic,Planctomycetota,NA,2,3,0,0,0,0,0,0,0,0
ASV_012583,66,hyporheic,Pseudomonadota,NA,2,3,0,0,0,0,0,0,0,0
ASV_012674,66,hyporheic,Actinomycetota,Acidothermus,2,3,0,0,0,0,0,0,0,0
ASV_012755,66,hyporheic,Acidobacteriota,Candidatus Koribacter,2,3,0,0,0,0,0,0,0,0
ASV_012981,66,hyporheic,Acidobacteriota,Candidatus Solibacter,2,3,0,0,0,0,0,0,0,0
ASV_012988,66,hyporheic,Actinomycetota,Jatrophihabitans,2,3,0,0,0,0,0,0,0,0
ASV_013120,66,hyporheic,Pseudomonadota,NA,2,3,0,0,0,0,0,0,0,0
ASV_013279,66,hyporheic,Bacteroidota,Mucilaginibacter,2,3,0,0,0,0,0,0,0,0
ASV_013342,66,hyporheic,Acidobacteriota,Candidatus Solibacter,2,3,0,0,0,0,0,0,0,0
ASV_013581,66,hyporheic,Actinomycetota,Conexibacter,2,3,0,0,0,0,0,0,0,0
ASV_013639,66,hyporheic,Chloroflexota,NA,2,3,0,0,0,0,0,0,0,0
ASV_013983,66,hyporheic,Planctomycetota,NA,2,3,0,0,0,0,0,0,0,0
ASV_014164,66,hyporheic,Planctomycetota,NA,2,3,0,0,0,0,0,0,0,0
ASV_014242,66,hyporheic,Pseudomonadota,NA,2,3,0,0,0,0,0,0,0,0
ASV_014672,66,hyporheic,Planctomycetota,NA,2,3,0,0,0,0,0,0,0,0
ASV_014774,66,hyporheic,Pseudomonadota,NA,2,3,0,0,0,0,0,0,0,0
ASV_014952,66,hyporheic,Myxococcota,Pajaroellobacter,2,3,0,0,0,0,0,0,0,0
ASV_015102,66,hyporheic,Acidobacteriota,NA,2,3,0,0,0,0,0,0,0,0
ASV_015131,66,hyporheic,Bacteroidota,Puia,2,3,0,0,0,0,0,0,0,0
ASV_015380,66,hyporheic,Actinomycetota,Acidothermus,2,3,0,0,0,0,0,0,0,0
ASV_015686,66,hyporheic,Armatimonadota,NA,2,3,0,0,0,0,0,0,0,0
ASV_015889,66,hyporheic,Cyanobacteriota,NA,2,3,0,0,0,0,0,0,0,0
ASV_016214,66,hyporheic,Pseudomonadota,NA,2,3,0,0,0,0,0,0,0,0
ASV_016463,66,hyporheic,Pseudomonadota,NA,2,3,0,0,0,0,0,0,0,0
ASV_016645,66,hyporheic,Acidobacteriota,Terriglobus,2,3,0,0,0,0,0,0,0,0
ASV_017352,66,hyporheic,Planctomycetota,NA,2,3,0,0,0,0,0,0,0,0
ASV_017494,66,hyporheic,Pseudomonadota,NA,2,3,0,0,0,0,0,0,0,0
ASV_017596,66,hyporheic,Pseudomonadota,NA,2,3,0,0,0,0,0,0,0,0
ASV_017756,66,hyporheic,Cyanobacteriota,NA,2,3,0,0,0,0,0,0,0,0
ASV_017807,66,hyporheic,Myxococcota,NA,2,3,0,0,0,0,0,0,0,0
ASV_017890,66,hyporheic,Pseudomonadota,NA,2,3,0,0,0,0,0,0,0,0
ASV_017923,66,hyporheic,Pseudomonadota,NA,2,3,0,0,0,0,0,0,0,0
ASV_018076,66,hyporheic,Verrucomicrobiota,Opitutus,2,3,0,0,0,0,0,0,0,0
ASV_018122,66,hyporheic,Bacteroidota,Nemorincola,2,3,0,0,0,0,0,0,0,0
ASV_018204,66,hyporheic,Verrucomicrobiota,NA,2,3,0,0,0,0,0,0,0,0
ASV_018773,66,hyporheic,Acidobacteriota,Candidatus Solibacter,2,3,0,0,0,0,0,0,0,0
ASV_019085,66,hyporheic,Bacteroidota,NA,2,3,0,0,0,0,0,0,0,0
ASV_019095,66,hyporheic,Pseudomonadota,NA,2,3,0,0,0,0,0,0,0,0
ASV_019578,66,hyporheic,FCPU426,NA,2,3,0,0,0,0,0,0,0,0
ASV_020390,66,hyporheic,Bdellovibrionota,NA,2,3,0,0,0,0,0,0,0,0
ASV_020443,66,hyporheic,Planctomycetota,Gemmata,2,3,0,0,0,0,0,0,0,0
ASV_020758,66,hyporheic,Pseudomonadota,NA,2,3,0,0,0,0,0,0,0,0
ASV_020769,66,hyporheic,Acidobacteriota,NA,2,3,0,0,0,0,0,0,0,0
ASV_021040,66,hyporheic,Verrucomicrobiota,NA,2,3,0,0,0,0,0,0,0,0
ASV_021109,66,hyporheic,Acidobacteriota,Bryobacter,2,3,0,0,0,0,0,0,0,0
ASV_021113,66,hyporheic,Acidobacteriota,Candidatus Solibacter,2,3,0,0,0,0,0,0,0,0
ASV_021314,66,hyporheic,Planctomycetota,NA,2,3,0,0,0,0,0,0,0,0
ASV_021530,66,hyporheic,Bacteroidota,Puia,2,3,0,0,0,0,0,0,0,0
ASV_021665,66,hyporheic,Pseudomonadota,Inquilinus,2,3,0,0,0,0,0,0,0,0
ASV_021894,66,hyporheic,Acidobacteriota,Candidatus Solibacter,2,3,0,0,0,0,0,0,0,0
ASV_023006,66,hyporheic,Pseudomonadota,NA,2,3,0,0,0,0,0,0,0,0
ASV_023394,66,hyporheic,Pseudomonadota,NA,2,3,0,0,0,0,0,0,0,0
ASV_023978,66,hyporheic,Planctomycetota,NA,2,3,0,0,0,0,0,0,0,0
ASV_024177,66,hyporheic,Pseudomonadota,Rhodovastum,2,3,0,0,0,0,0,0,0,0
ASV_024187,66,hyporheic,Pseudomonadota,Rhodanobacter,2,3,0,0,0,0,0,0,0,0
ASV_024564,66,hyporheic,Verrucomicrobiota,Opitutus,2,3,0,0,0,0,0,0,0,0
ASV_024586,66,hyporheic,Verrucomicrobiota,NA,2,3,0,0,0,0,0,0,0,0
ASV_025247,66,hyporheic,Pseudomonadota,Nevskia,2,3,0,0,0,0,0,0,0,0
ASV_025687,66,hyporheic,Verrucomicrobiota,Chthoniobacter,2,3,0,0,0,0,0,0,0,0
ASV_027391,66,hyporheic,Pseudomonadota,NA,2,3,0,0,0,0,0,0,0,0
ASV_028091,66,hyporheic,Actinomycetota,NA,2,3,0,0,0,0,0,0,0,0
ASV_028955,66,hyporheic,Actinomycetota,Acidiferrimicrobium,2,3,0,0,0,0,0,0,0,0
ASV_029794,66,hyporheic,Pseudomonadota,Aquicella,2,3,0,0,0,0,0,0,0,0
ASV_030182,66,hyporheic,Pseudomonadota,NA,2,3,0,0,0,0,0,0,0,0
ASV_031071,66,hyporheic,Cyanobacteriota,Candidatus Obscuribacter,2,3,0,0,0,0,0,0,0,0
ASV_032962,66,hyporheic,Planctomycetota,NA,2,3,0,0,0,0,0,0,0,0
ASV_033719,66,hyporheic,Elusimicrobiota,NA,2,3,0,0,0,0,0,0,0,0
ASV_035686,66,hyporheic,Myxococcota,NA,2,3,0,0,0,0,0,0,0,0
ASV_036159,66,hyporheic,Cyanobacteriota,NA,2,3,0,0,0,0,0,0,0,0
ASV_038317,66,hyporheic,Verrucomicrobiota,Oleiharenicola,2,3,0,0,0,0,0,0,0,0
ASV_000023,66,sediment,Pseudomonadota,NA,4,5,4,4,1,0.8,0.04,0.024,0.19999999999999996,0.016
ASV_000054,66,sediment,Acidobacteriota,NA,4,5,4,5,1,1,0.2375,0.034,0,0.2035
ASV_000071,66,sediment,Acidobacteriota,NA,4,5,4,4,1,0.8,0.0675,0.084,0.19999999999999996,-0.0165
ASV_000082,66,sediment,Acidobacteriota,NA,4,5,4,5,1,1,0.0575,0.036,0,0.021500000000000005
ASV_000109,66,sediment,Pseudomonadota,NA,4,5,4,5,1,1,0.0475,0.048,0,-5.000000000000004e-4
ASV_000115,66,sediment,Chloroflexota,NA,4,5,3,5,0.75,1,0.0575,0.034,-0.25,0.0235
ASV_000126,66,sediment,Pseudomonadota,NA,4,5,2,2,0.5,0.4,0.0075,0.004,0.09999999999999998,0.0034999999999999996
ASV_000128,66,sediment,Methylomirabilota,NA,4,5,4,4,1,0.8,0.11,0.084,0.19999999999999996,0.025999999999999995
ASV_000136,66,sediment,Pseudomonadota,NA,4,5,2,1,0.5,0.2,0.005,0.002,0.3,0.003
ASV_000146,66,sediment,Acidobacteriota,NA,4,5,4,5,1,1,0.0675,0.052,0,0.015500000000000007
ASV_000159,66,sediment,Pseudomonadota,Methylocapsa,4,5,4,3,1,0.6,0.0225,0.01,0.4,0.012499999999999999
ASV_000163,66,sediment,Pseudomonadota,Hypericibacter,4,5,4,4,1,0.8,0.0625,0.048,0.19999999999999996,0.014499999999999999
ASV_000203,66,sediment,Pseudomonadota,Methylocapsa,4,5,4,3,1,0.6,0.02,0.02,0.4,0
ASV_000214,66,sediment,Acidobacteriota,NA,4,5,3,3,0.75,0.6,0.015,0.008,0.15000000000000002,0.006999999999999999
ASV_000229,66,sediment,Methylomirabilota,NA,4,5,4,5,1,1,0.075,0.044000000000000004,0,0.030999999999999993
ASV_000230,66,sediment,Pseudomonadota,NA,4,5,3,4,0.75,0.8,0.035,0.08199999999999999,-0.050000000000000044,-0.046999999999999986
ASV_000243,66,sediment,Acidobacteriota,NA,4,5,4,2,1,0.4,0.02,0.014,0.6,0.006
ASV_000299,66,sediment,Actinomycetota,NA,4,5,0,0,0,0,0,0,0,0
ASV_000309,66,sediment,Pseudomonadota,NA,4,5,3,3,0.75,0.6,0.0175,0.012,0.15000000000000002,0.005500000000000001
ASV_000350,66,sediment,Pseudomonadota,NA,4,5,4,4,1,0.8,0.0225,0.022000000000000002,0.19999999999999996,4.99999999999997e-4
ASV_000358,66,sediment,Pseudomonadota,P3OB-51,4,5,4,3,1,0.6,0.0275,0.016,0.4,0.0115
ASV_000359,66,sediment,Pseudomonadota,NA,4,5,1,3,0.25,0.6,0.0025,0.01,-0.35,-0.0075
ASV_000431,66,sediment,Pseudomonadota,NA,4,5,1,4,0.25,0.8,0.01,0.018,-0.55,-0.007999999999999998
ASV_000451,66,sediment,Acidobacteriota,NA,4,5,4,1,1,0.2,0.0125,0.01,0.8,0.0025000000000000005
ASV_000460,66,sediment,Acidobacteriota,NA,4,5,0,0,0,0,0,0,0,0
ASV_000472,66,sediment,Pseudomonadota,NA,4,5,2,3,0.5,0.6,0.0075,0.02,-0.09999999999999998,-0.0125
ASV_000523,66,sediment,Actinomycetota,Acidothermus,4,5,3,4,0.75,0.8,0.0175,0.012,-0.050000000000000044,0.005500000000000001
ASV_000526,66,sediment,RCP2-54,NA,4,5,0,0,0,0,0,0,0,0
ASV_000534,66,sediment,Actinomycetota,Mycobacterium,4,5,0,4,0,0.8,0,0.014,-0.8,-0.014
ASV_000568,66,sediment,Pseudomonadota,NA,4,5,1,3,0.25,0.6,0.0025,0.006,-0.35,-0.0035
ASV_000577,66,sediment,Acidobacteriota,NA,4,5,3,2,0.75,0.4,0.01,0.006,0.35,0.004
ASV_000648,66,sediment,Acidobacteriota,NA,4,5,2,3,0.5,0.6,0.0175,0.008,-0.09999999999999998,0.0095000000000000015
ASV_000698,66,sediment,Pseudomonadota,Reyranella,4,5,4,3,1,0.6,0.03,0.016,0.4,0.013999999999999999
ASV_000699,66,sediment,Acidobacteriota,NA,4,5,0,2,0,0.4,0,0.036,-0.4,-0.036
ASV_000707,66,sediment,Pseudomonadota,NA,4,5,3,4,0.75,0.8,0.015,0.02,-0.050000000000000044,-0.005000000000000001
ASV_000713,66,sediment,Acidobacteriota,NA,4,5,0,2,0,0.4,0,0.004,-0.4,-0.004
ASV_000728,66,sediment,Acidobacteriota,NA,4,5,4,4,1,0.8,0.0225,0.02,0.19999999999999996,0.0024999999999999988
ASV_000752,66,sediment,Acidobacteriota,NA,4,5,2,0,0.5,0,0.01,0,0.5,0.01
ASV_000848,66,sediment,Acidobacteriota,NA,4,5,4,1,1,0.2,0.035,0.002,0.8,0.033
ASV_000895,66,sediment,Acidobacteriota,Candidatus Solibacter,4,5,0,2,0,0.4,0,0.01,-0.4,-0.01
ASV_000930,66,sediment,Planctomycetota,NA,4,5,1,2,0.25,0.4,0.005,0.016,-0.15000000000000002,-0.011
ASV_000945,66,sediment,Actinomycetota,Mycobacterium,4,5,0,0,0,0,0,0,0,0
ASV_000965,66,sediment,Acidobacteriota,NA,4,5,1,1,0.25,0.2,0.0075,0.004,0.04999999999999999,0.0034999999999999996
ASV_000975,66,sediment,Acidobacteriota,NA,4,5,1,3,0.25,0.6,0.0025,0.008,-0.35,-0.0055
ASV_001029,66,sediment,Acidobacteriota,Candidatus Solibacter,4,5,3,3,0.75,0.6,0.025,0.008,0.15000000000000002,0.017
ASV_001130,66,sediment,Pseudomonadota,Reyranella,4,5,3,2,0.75,0.4,0.01,0.006,0.35,0.004
ASV_001173,66,sediment,Chloroflexota,NA,4,5,3,2,0.75,0.4,0.015,0.008,0.35,0.006999999999999999
ASV_001201,66,sediment,RCP2-54,NA,4,5,3,3,0.75,0.6,0.02,0.008,0.15000000000000002,0.012
ASV_001302,66,sediment,Acidobacteriota,Granulicella,4,5,0,0,0,0,0,0,0,0
ASV_001406,66,sediment,Bacteroidota,Puia,4,5,4,2,1,0.4,0.02,0.01,0.6,0.01
ASV_001415,66,sediment,Pseudomonadota,Methylovirgula,4,5,2,3,0.5,0.6,0.005,0.01,-0.09999999999999998,-0.005
ASV_001505,66,sediment,Acidobacteriota,NA,4,5,0,0,0,0,0,0,0,0
ASV_001674,66,sediment,Pseudomonadota,NA,4,5,0,0,0,0,0,0,0,0
ASV_001714,66,sediment,Acidobacteriota,NA,4,5,0,1,0,0.2,0,0.004,-0.2,-0.004
ASV_001732,66,sediment,Acidobacteriota,NA,4,5,1,0,0.25,0,0.0025,0,0.25,0.0025
ASV_001769,66,sediment,Pseudomonadota,NA,4,5,1,2,0.25,0.4,0.005,0.004,-0.15000000000000002,0.001
ASV_001779,66,sediment,Pseudomonadota,NA,4,5,1,0,0.25,0,0.0025,0,0.25,0.0025
ASV_001785,66,sediment,Pseudomonadota,Roseiarcus,4,5,0,3,0,0.6,0,0.006,-0.6,-0.006
ASV_001794,66,sediment,Acidobacteriota,NA,4,5,1,0,0.25,0,0.005,0,0.25,0.005
ASV_001815,66,sediment,Acidobacteriota,NA,4,5,0,2,0,0.4,0,0.004,-0.4,-0.004
ASV_001816,66,sediment,Bacteroidota,Puia,4,5,0,1,0,0.2,0,0.004,-0.2,-0.004
ASV_001829,66,sediment,Acidobacteriota,Candidatus Solibacter,4,5,1,0,0.25,0,0.005,0,0.25,0.005
ASV_001882,66,sediment,Verrucomicrobiota,NA,4,5,0,1,0,0.2,0,0.004,-0.2,-0.004
ASV_001892,66,sediment,Acidobacteriota,NA,4,5,2,0,0.5,0,0.005,0,0.5,0.005
ASV_001900,66,sediment,Pseudomonadota,NA,4,5,0,0,0,0,0,0,0,0
ASV_001925,66,sediment,Acidobacteriota,NA,4,5,1,2,0.25,0.4,0.0075,0.008,-0.15000000000000002,-5.000000000000004e-4
ASV_001973,66,sediment,Pseudomonadota,NA,4,5,0,0,0,0,0,0,0,0
ASV_002016,66,sediment,Acidobacteriota,NA,4,5,0,0,0,0,0,0,0,0
ASV_002022,66,sediment,Acidobacteriota,NA,4,5,1,0,0.25,0,0.005,0,0.25,0.005
ASV_002098,66,sediment,Planctomycetota,NA,4,5,1,3,0.25,0.6,0.01,0.012,-0.35,-0.002
ASV_002140,66,sediment,Acidobacteriota,NA,4,5,0,0,0,0,0,0,0,0
ASV_002161,66,sediment,Planctomycetota,NA,4,5,2,2,0.5,0.4,0.005,0.016,0.09999999999999998,-0.011
ASV_002203,66,sediment,Pseudomonadota,NA,4,5,0,0,0,0,0,0,0,0
ASV_002247,66,sediment,Acidobacteriota,NA,4,5,0,0,0,0,0,0,0,0
ASV_002339,66,sediment,Acidobacteriota,NA,4,5,0,1,0,0.2,0,0.002,-0.2,-0.002
ASV_002371,66,sediment,Actinomycetota,Acidothermus,4,5,1,2,0.25,0.4,0.0025,0.006,-0.15000000000000002,-0.0035
ASV_002395,66,sediment,Pseudomonadota,GOUTA6,4,5,1,0,0.25,0,0.005,0,0.25,0.005
ASV_002494,66,sediment,Pseudomonadota,NA,4,5,0,0,0,0,0,0,0,0
ASV_002498,66,sediment,Acidobacteriota,NA,4,5,0,0,0,0,0,0,0,0
ASV_002505,66,sediment,Chloroflexota,NA,4,5,0,2,0,0.4,0,0.008,-0.4,-0.008
ASV_002518,66,sediment,Actinomycetota,Mycobacterium,4,5,0,0,0,0,0,0,0,0
ASV_002541,66,sediment,Acidobacteriota,NA,4,5,1,1,0.25,0.2,0.005,0.004,0.04999999999999999,0.001
ASV_002560,66,sediment,Acidobacteriota,Candidatus Solibacter,4,5,2,1,0.5,0.2,0.0075,0.002,0.3,0.0055
ASV_002612,66,sediment,Acidobacteriota,NA,4,5,0,0,0,0,0,0,0,0
ASV_002625,66,sediment,Pseudomonadota,Hypericibacter,4,5,0,1,0,0.2,0,0.004,-0.2,-0.004
ASV_002784,66,sediment,Pseudomonadota,NA,4,5,0,0,0,0,0,0,0,0
ASV_002804,66,sediment,Planctomycetota,Aquisphaera,4,5,0,2,0,0.4,0,0.006,-0.4,-0.006
ASV_002890,66,sediment,Actinomycetota,Mycobacterium,4,5,2,1,0.5,0.2,0.0075,0.002,0.3,0.0055
ASV_002934,66,sediment,Pseudomonadota,NA,4,5,0,0,0,0,0,0,0,0
ASV_002944,66,sediment,Verrucomicrobiota,NA,4,5,0,0,0,0,0,0,0,0
ASV_002953,66,sediment,Pseudomonadota,NA,4,5,0,1,0,0.2,0,0.006,-0.2,-0.006
ASV_003017,66,sediment,Pseudomonadota,NA,4,5,0,0,0,0,0,0,0,0
ASV_003021,66,sediment,Actinomycetota,Amycolatopsis,4,5,2,0,0.5,0,0.01,0,0.5,0.01
ASV_003032,66,sediment,Pseudomonadota,Roseiarcus,4,5,0,1,0,0.2,0,0.004,-0.2,-0.004
ASV_003076,66,sediment,Pseudomonadota,Acidibacter,4,5,2,1,0.5,0.2,0.005,0.002,0.3,0.003
ASV_003104,66,sediment,Pseudomonadota,NA,4,5,0,1,0,0.2,0,0.002,-0.2,-0.002
ASV_003157,66,sediment,Acidobacteriota,NA,4,5,0,2,0,0.4,0,0.008,-0.4,-0.008
ASV_003255,66,sediment,Acidobacteriota,NA,4,5,0,0,0,0,0,0,0,0
ASV_003273,66,sediment,Pseudomonadota,NA,4,5,0,0,0,0,0,0,0,0
ASV_003296,66,sediment,Pseudomonadota,Methylocella,4,5,0,0,0,0,0,0,0,0
ASV_003318,66,sediment,Acidobacteriota,NA,4,5,0,0,0,0,0,0,0,0
ASV_003331,66,sediment,Pseudomonadota,NA,4,5,0,0,0,0,0,0,0,0
ASV_003361,66,sediment,Verrucomicrobiota,NA,4,5,2,2,0.5,0.4,0.005,0.004,0.09999999999999998,0.001
ASV_003386,66,sediment,Acidobacteriota,NA,4,5,0,1,0,0.2,0,0.002,-0.2,-0.002
ASV_003395,66,sediment,RCP2-54,NA,4,5,0,0,0,0,0,0,0,0
ASV_003412,66,sediment,Actinomycetota,Acidothermus,4,5,0,0,0,0,0,0,0,0
ASV_003414,66,sediment,Acidobacteriota,NA,4,5,0,0,0,0,0,0,0,0
ASV_003490,66,sediment,Acidobacteriota,NA,4,5,0,0,0,0,0,0,0,0
ASV_003526,66,sediment,Pseudomonadota,Roseiarcus,4,5,0,0,0,0,0,0,0,0
ASV_003625,66,sediment,Pseudomonadota,Roseiarcus,4,5,0,0,0,0,0,0,0,0
ASV_003704,66,sediment,Acidobacteriota,Bryobacter,4,5,0,0,0,0,0,0,0,0
ASV_003722,66,sediment,Acidobacteriota,Candidatus Solibacter,4,5,0,0,0,0,0,0,0,0
ASV_003765,66,sediment,Acidobacteriota,NA,4,5,2,0,0.5,0,0.005,0,0.5,0.005
ASV_003783,66,sediment,Pseudomonadota,NA,4,5,1,0,0.25,0,0.0025,0,0.25,0.0025
ASV_003813,66,sediment,Acidobacteriota,Bryobacter,4,5,0,0,0,0,0,0,0,0
ASV_003823,66,sediment,Pseudomonadota,NA,4,5,0,0,0,0,0,0,0,0
ASV_003832,66,sediment,Actinomycetota,Acidothermus,4,5,1,3,0.25,0.6,0.0025,0.006,-0.35,-0.0035
ASV_003863,66,sediment,Pseudomonadota,Bradyrhizobium,4,5,0,1,0,0.2,0,0.004,-0.2,-0.004
ASV_003881,66,sediment,Acidobacteriota,NA,4,5,0,0,0,0,0,0,0,0
ASV_003882,66,sediment,Pseudomonadota,NA,4,5,0,0,0,0,0,0,0,0
ASV_003894,66,sediment,Actinomycetota,NA,4,5,0,0,0,0,0,0,0,0
ASV_003994,66,sediment,Pseudomonadota,NA,4,5,1,1,0.25,0.2,0.005,0.002,0.04999999999999999,0.003
ASV_004015,66,sediment,Acidobacteriota,NA,4,5,1,0,0.25,0,0.0025,0,0.25,0.0025
ASV_004045,66,sediment,Verrucomicrobiota,Candidatus Xiphinematobacter,4,5,0,0,0,0,0,0,0,0
ASV_004051,66,sediment,Acidobacteriota,Candidatus Koribacter,4,5,0,0,0,0,0,0,0,0
ASV_004196,66,sediment,Verrucomicrobiota,Oleiharenicola,4,5,0,0,0,0,0,0,0,0
ASV_004197,66,sediment,Acidobacteriota,NA,4,5,0,0,0,0,0,0,0,0
ASV_004297,66,sediment,Acidobacteriota,NA,4,5,0,0,0,0,0,0,0,0
ASV_004330,66,sediment,RCP2-54,NA,4,5,0,0,0,0,0,0,0,0
ASV_004408,66,sediment,Acidobacteriota,Granulicella,4,5,0,1,0,0.2,0,0.004,-0.2,-0.004
ASV_004428,66,sediment,Acidobacteriota,Candidatus Solibacter,4,5,0,0,0,0,0,0,0,0
ASV_004462,66,sediment,Actinomycetota,Nocardia,4,5,0,0,0,0,0,0,0,0
ASV_004483,66,sediment,Verrucomicrobiota,Candidatus Xiphinematobacter,4,5,0,1,0,0.2,0,0.002,-0.2,-0.002
ASV_004526,66,sediment,Acidobacteriota,NA,4,5,0,1,0,0.2,0,0.002,-0.2,-0.002
ASV_004543,66,sediment,Acidobacteriota,NA,4,5,0,0,0,0,0,0,0,0
ASV_004626,66,sediment,Verrucomicrobiota,NA,4,5,0,0,0,0,0,0,0,0
ASV_004645,66,sediment,Actinomycetota,Gaiella,4,5,0,0,0,0,0,0,0,0
ASV_004662,66,sediment,Pseudomonadota,NA,4,5,0,0,0,0,0,0,0,0
ASV_004693,66,sediment,Acidobacteriota,NA,4,5,0,0,0,0,0,0,0,0
ASV_004843,66,sediment,Verrucomicrobiota,NA,4,5,0,0,0,0,0,0,0,0
ASV_004971,66,sediment,Actinomycetota,Acidothermus,4,5,0,0,0,0,0,0,0,0
ASV_004998,66,sediment,Actinomycetota,Acidothermus,4,5,0,0,0,0,0,0,0,0
ASV_005093,66,sediment,Pseudomonadota,NA,4,5,0,0,0,0,0,0,0,0
ASV_005108,66,sediment,Actinomycetota,Mycobacterium,4,5,0,0,0,0,0,0,0,0
ASV_005125,66,sediment,Bacteroidota,Mucilaginibacter,4,5,0,0,0,0,0,0,0,0
ASV_005164,66,sediment,Myxococcota,Pajaroellobacter,4,5,1,0,0.25,0,0.0025,0,0.25,0.0025
ASV_005207,66,sediment,Verrucomicrobiota,Opitutus,4,5,0,0,0,0,0,0,0,0
ASV_005226,66,sediment,Pseudomonadota,Afipia,4,5,0,0,0,0,0,0,0,0
ASV_005232,66,sediment,Planctomycetota,NA,4,5,1,0,0.25,0,0.0025,0,0.25,0.0025
ASV_005248,66,sediment,Acidobacteriota,Candidatus Solibacter,4,5,0,0,0,0,0,0,0,0
ASV_005279,66,sediment,Acidobacteriota,NA,4,5,0,0,0,0,0,0,0,0
ASV_005313,66,sediment,Pseudomonadota,NA,4,5,0,0,0,0,0,0,0,0
ASV_005454,66,sediment,Pseudomonadota,NA,4,5,0,0,0,0,0,0,0,0
ASV_005535,66,sediment,Pseudomonadota,Phenylobacterium,4,5,0,0,0,0,0,0,0,0
ASV_005536,66,sediment,Acidobacteriota,Acidicapsa,4,5,0,0,0,0,0,0,0,0
ASV_005551,66,sediment,FCPU426,NA,4,5,0,2,0,0.4,0,0.004,-0.4,-0.004
ASV_005588,66,sediment,Pseudomonadota,Labrys,4,5,0,0,0,0,0,0,0,0
ASV_005661,66,sediment,Acidobacteriota,Candidatus Solibacter,4,5,0,0,0,0,0,0,0,0
ASV_005758,66,sediment,Acidobacteriota,Candidatus Solibacter,4,5,0,0,0,0,0,0,0,0
ASV_005905,66,sediment,Acidobacteriota,NA,4,5,0,1,0,0.2,0,0.002,-0.2,-0.002
ASV_005945,66,sediment,Pseudomonadota,Phenylobacterium,4,5,0,0,0,0,0,0,0,0
ASV_005968,66,sediment,Acidobacteriota,NA,4,5,0,0,0,0,0,0,0,0
ASV_006290,66,sediment,Planctomycetota,NA,4,5,1,0,0.25,0,0.0025,0,0.25,0.0025
ASV_006293,66,sediment,Verrucomicrobiota,Chthoniobacter,4,5,0,0,0,0,0,0,0,0
ASV_006506,66,sediment,Bacteroidota,Puia,4,5,0,0,0,0,0,0,0,0
ASV_006563,66,sediment,Pseudomonadota,NA,4,5,0,0,0,0,0,0,0,0
ASV_006891,66,sediment,Acidobacteriota,Bryobacter,4,5,0,0,0,0,0,0,0,0
ASV_006910,66,sediment,Candidatus Eremiobacterota,NA,4,5,0,1,0,0.2,0,0.002,-0.2,-0.002
ASV_006959,66,sediment,Planctomycetota,NA,4,5,0,0,0,0,0,0,0,0
ASV_006995,66,sediment,Acidobacteriota,NA,4,5,1,1,0.25,0.2,0.0025,0.002,0.04999999999999999,5e-4
ASV_007141,66,sediment,Acidobacteriota,Occallatibacter,4,5,0,0,0,0,0,0,0,0
ASV_007150,66,sediment,Verrucomicrobiota,Opitutus,4,5,1,2,0.25,0.4,0.0025,0.008,-0.15000000000000002,-0.0055
ASV_007184,66,sediment,Planctomycetota,NA,4,5,0,1,0,0.2,0,0.002,-0.2,-0.002
ASV_007196,66,sediment,Acidobacteriota,NA,4,5,0,0,0,0,0,0,0,0
ASV_007502,66,sediment,Pseudomonadota,Hypericibacter,4,5,0,1,0,0.2,0,0.002,-0.2,-0.002
ASV_007730,66,sediment,Actinomycetota,NA,4,5,0,0,0,0,0,0,0,0
ASV_007786,66,sediment,Actinomycetota,NA,4,5,0,0,0,0,0,0,0,0
ASV_007823,66,sediment,Acidobacteriota,Granulicella,4,5,0,0,0,0,0,0,0,0
ASV_007919,66,sediment,Verrucomicrobiota,Candidatus Udaeobacter,4,5,1,0,0.25,0,0.0025,0,0.25,0.0025
ASV_007956,66,sediment,Acidobacteriota,NA,4,5,0,0,0,0,0,0,0,0
ASV_008000,66,sediment,Acidobacteriota,Candidatus Solibacter,4,5,0,0,0,0,0,0,0,0
ASV_008014,66,sediment,Pseudomonadota,NA,4,5,1,0,0.25,0,0.0025,0,0.25,0.0025
ASV_008086,66,sediment,Gemmatimonadota,NA,4,5,0,0,0,0,0,0,0,0
ASV_008147,66,sediment,Pseudomonadota,NA,4,5,0,0,0,0,0,0,0,0
ASV_008234,66,sediment,Actinomycetota,Streptacidiphilus,4,5,0,0,0,0,0,0,0,0
ASV_008469,66,sediment,Actinomycetota,NA,4,5,0,0,0,0,0,0,0,0
ASV_008531,66,sediment,Acidobacteriota,Occallatibacter,4,5,0,0,0,0,0,0,0,0
ASV_008639,66,sediment,Pseudomonadota,NA,4,5,0,0,0,0,0,0,0,0
ASV_008688,66,sediment,Planctomycetota,NA,4,5,0,1,0,0.2,0,0.004,-0.2,-0.004
ASV_008716,66,sediment,Verrucomicrobiota,NA,4,5,0,0,0,0,0,0,0,0
ASV_008724,66,sediment,Bacteroidota,Puia,4,5,0,0,0,0,0,0,0,0
ASV_008809,66,sediment,Verrucomicrobiota,NA,4,5,0,0,0,0,0,0,0,0
ASV_008817,66,sediment,Gemmatimonadota,NA,4,5,0,0,0,0,0,0,0,0
ASV_009004,66,sediment,Actinomycetota,NA,4,5,0,0,0,0,0,0,0,0
ASV_009209,66,sediment,Actinomycetota,NA,4,5,0,0,0,0,0,0,0,0
ASV_009231,66,sediment,Actinomycetota,Acidothermus,4,5,0,0,0,0,0,0,0,0
ASV_009253,66,sediment,Acidobacteriota,NA,4,5,0,0,0,0,0,0,0,0
ASV_009371,66,sediment,Pseudomonadota,NA,4,5,0,0,0,0,0,0,0,0
ASV_009460,66,sediment,Pseudomonadota,NA,4,5,0,1,0,0.2,0,0.002,-0.2,-0.002
ASV_009465,66,sediment,Acidobacteriota,Subgroup 10,4,5,0,0,0,0,0,0,0,0
ASV_009499,66,sediment,Acidobacteriota,Candidatus Solibacter,4,5,0,0,0,0,0,0,0,0
ASV_009522,66,sediment,Actinomycetota,Streptosporangium,4,5,0,0,0,0,0,0,0,0
ASV_009596,66,sediment,Verrucomicrobiota,Candidatus Xiphinematobacter,4,5,0,0,0,0,0,0,0,0
ASV_009738,66,sediment,Bdellovibrionota,NA,4,5,0,0,0,0,0,0,0,0
ASV_009899,66,sediment,Acidobacteriota,Candidatus Solibacter,4,5,0,0,0,0,0,0,0,0
ASV_010312,66,sediment,Pseudomonadota,NA,4,5,0,0,0,0,0,0,0,0
ASV_010511,66,sediment,Pseudomonadota,Acidocella,4,5,0,0,0,0,0,0,0,0
ASV_010535,66,sediment,Pseudomonadota,Steroidobacter,4,5,0,0,0,0,0,0,0,0
ASV_010640,66,sediment,Verrucomicrobiota,Candidatus Xiphinematobacter,4,5,0,0,0,0,0,0,0,0
ASV_010684,66,sediment,Pseudomonadota,NA,4,5,0,0,0,0,0,0,0,0
ASV_010687,66,sediment,Acidobacteriota,NA,4,5,0,0,0,0,0,0,0,0
ASV_010744,66,sediment,Bdellovibrionota,NA,4,5,0,0,0,0,0,0,0,0
ASV_010774,66,sediment,Acidobacteriota,NA,4,5,0,0,0,0,0,0,0,0
ASV_010996,66,sediment,Chloroflexota,NA,4,5,1,0,0.25,0,0.0025,0,0.25,0.0025
ASV_011184,66,sediment,Bacteroidota,Ferruginibacter,4,5,0,2,0,0.4,0,0.006,-0.4,-0.006
ASV_011203,66,sediment,Pseudomonadota,Acidibacter,4,5,0,0,0,0,0,0,0,0
ASV_011460,66,sediment,Verrucomicrobiota,Pedosphaera,4,5,0,0,0,0,0,0,0,0
ASV_011535,66,sediment,Acidobacteriota,Candidatus Solibacter,4,5,1,0,0.25,0,0.0025,0,0.25,0.0025
ASV_011735,66,sediment,Acidobacteriota,Granulicella,4,5,0,0,0,0,0,0,0,0
ASV_012070,66,sediment,Actinomycetota,Streptacidiphilus,4,5,0,0,0,0,0,0,0,0
ASV_012180,66,sediment,Armatimonadota,NA,4,5,0,0,0,0,0,0,0,0
ASV_012493,66,sediment,Planctomycetota,NA,4,5,0,0,0,0,0,0,0,0
ASV_012583,66,sediment,Pseudomonadota,NA,4,5,0,1,0,0.2,0,0.002,-0.2,-0.002
ASV_012674,66,sediment,Actinomycetota,Acidothermus,4,5,0,0,0,0,0,0,0,0
ASV_012755,66,sediment,Acidobacteriota,Candidatus Koribacter,4,5,1,0,0.25,0,0.0025,0,0.25,0.0025
ASV_012981,66,sediment,Acidobacteriota,Candidatus Solibacter,4,5,0,0,0,0,0,0,0,0
ASV_012988,66,sediment,Actinomycetota,Jatrophihabitans,4,5,0,0,0,0,0,0,0,0
ASV_013120,66,sediment,Pseudomonadota,NA,4,5,0,0,0,0,0,0,0,0
ASV_013279,66,sediment,Bacteroidota,Mucilaginibacter,4,5,0,0,0,0,0,0,0,0
ASV_013342,66,sediment,Acidobacteriota,Candidatus Solibacter,4,5,0,0,0,0,0,0,0,0
ASV_013581,66,sediment,Actinomycetota,Conexibacter,4,5,0,0,0,0,0,0,0,0
ASV_013639,66,sediment,Chloroflexota,NA,4,5,0,0,0,0,0,0,0,0
ASV_013983,66,sediment,Planctomycetota,NA,4,5,0,0,0,0,0,0,0,0
ASV_014164,66,sediment,Planctomycetota,NA,4,5,0,0,0,0,0,0,0,0
ASV_014242,66,sediment,Pseudomonadota,NA,4,5,0,0,0,0,0,0,0,0
ASV_014672,66,sediment,Planctomycetota,NA,4,5,0,0,0,0,0,0,0,0
ASV_014774,66,sediment,Pseudomonadota,NA,4,5,0,0,0,0,0,0,0,0
ASV_014952,66,sediment,Myxococcota,Pajaroellobacter,4,5,0,0,0,0,0,0,0,0
ASV_015102,66,sediment,Acidobacteriota,NA,4,5,1,0,0.25,0,0.0025,0,0.25,0.0025
ASV_015131,66,sediment,Bacteroidota,Puia,4,5,0,0,0,0,0,0,0,0
ASV_015380,66,sediment,Actinomycetota,Acidothermus,4,5,0,0,0,0,0,0,0,0
ASV_015686,66,sediment,Armatimonadota,NA,4,5,0,0,0,0,0,0,0,0
ASV_015889,66,sediment,Cyanobacteriota,NA,4,5,0,2,0,0.4,0,0.004,-0.4,-0.004
ASV_016214,66,sediment,Pseudomonadota,NA,4,5,0,0,0,0,0,0,0,0
ASV_016463,66,sediment,Pseudomonadota,NA,4,5,0,0,0,0,0,0,0,0
ASV_016645,66,sediment,Acidobacteriota,Terriglobus,4,5,0,0,0,0,0,0,0,0
ASV_017352,66,sediment,Planctomycetota,NA,4,5,0,0,0,0,0,0,0,0
ASV_017494,66,sediment,Pseudomonadota,NA,4,5,0,0,0,0,0,0,0,0
ASV_017596,66,sediment,Pseudomonadota,NA,4,5,0,0,0,0,0,0,0,0
ASV_017756,66,sediment,Cyanobacteriota,NA,4,5,0,0,0,0,0,0,0,0
ASV_017807,66,sediment,Myxococcota,NA,4,5,0,0,0,0,0,0,0,0
ASV_017890,66,sediment,Pseudomonadota,NA,4,5,0,0,0,0,0,0,0,0
ASV_017923,66,sediment,Pseudomonadota,NA,4,5,0,0,0,0,0,0,0,0
ASV_018076,66,sediment,Verrucomicrobiota,Opitutus,4,5,0,0,0,0,0,0,0,0
ASV_018122,66,sediment,Bacteroidota,Nemorincola,4,5,0,0,0,0,0,0,0,0
ASV_018204,66,sediment,Verrucomicrobiota,NA,4,5,0,0,0,0,0,0,0,0
ASV_018773,66,sediment,Acidobacteriota,Candidatus Solibacter,4,5,0,0,0,0,0,0,0,0
ASV_019085,66,sediment,Bacteroidota,NA,4,5,0,0,0,0,0,0,0,0
ASV_019095,66,sediment,Pseudomonadota,NA,4,5,0,0,0,0,0,0,0,0
ASV_019578,66,sediment,FCPU426,NA,4,5,0,0,0,0,0,0,0,0
ASV_020390,66,sediment,Bdellovibrionota,NA,4,5,0,0,0,0,0,0,0,0
ASV_020443,66,sediment,Planctomycetota,Gemmata,4,5,0,0,0,0,0,0,0,0
ASV_020758,66,sediment,Pseudomonadota,NA,4,5,0,0,0,0,0,0,0,0
ASV_020769,66,sediment,Acidobacteriota,NA,4,5,0,0,0,0,0,0,0,0
ASV_021040,66,sediment,Verrucomicrobiota,NA,4,5,0,0,0,0,0,0,0,0
ASV_021109,66,sediment,Acidobacteriota,Bryobacter,4,5,0,0,0,0,0,0,0,0
ASV_021113,66,sediment,Acidobacteriota,Candidatus Solibacter,4,5,0,0,0,0,0,0,0,0
ASV_021314,66,sediment,Planctomycetota,NA,4,5,0,0,0,0,0,0,0,0
ASV_021530,66,sediment,Bacteroidota,Puia,4,5,0,0,0,0,0,0,0,0
ASV_021665,66,sediment,Pseudomonadota,Inquilinus,4,5,1,0,0.25,0,0.0025,0,0.25,0.0025
ASV_021894,66,sediment,Acidobacteriota,Candidatus Solibacter,4,5,0,0,0,0,0,0,0,0
ASV_023006,66,sediment,Pseudomonadota,NA,4,5,0,0,0,0,0,0,0,0
ASV_023394,66,sediment,Pseudomonadota,NA,4,5,0,0,0,0,0,0,0,0
ASV_023978,66,sediment,Planctomycetota,NA,4,5,0,0,0,0,0,0,0,0
ASV_024177,66,sediment,Pseudomonadota,Rhodovastum,4,5,0,0,0,0,0,0,0,0
ASV_024187,66,sediment,Pseudomonadota,Rhodanobacter,4,5,0,0,0,0,0,0,0,0
ASV_024564,66,sediment,Verrucomicrobiota,Opitutus,4,5,0,0,0,0,0,0,0,0
ASV_024586,66,sediment,Verrucomicrobiota,NA,4,5,0,0,0,0,0,0,0,0
ASV_025247,66,sediment,Pseudomonadota,Nevskia,4,5,0,0,0,0,0,0,0,0
ASV_025687,66,sediment,Verrucomicrobiota,Chthoniobacter,4,5,0,0,0,0,0,0,0,0
ASV_027391,66,sediment,Pseudomonadota,NA,4,5,0,0,0,0,0,0,0,0
ASV_028091,66,sediment,Actinomycetota,NA,4,5,0,0,0,0,0,0,0,0
ASV_028955,66,sediment,Actinomycetota,Acidiferrimicrobium,4,5,0,0,0,0,0,0,0,0
ASV_029794,66,sediment,Pseudomonadota,Aquicella,4,5,0,0,0,0,0,0,0,0
ASV_030182,66,sediment,Pseudomonadota,NA,4,5,0,0,0,0,0,0,0,0
ASV_031071,66,sediment,Cyanobacteriota,Candidatus Obscuribacter,4,5,0,0,0,0,0,0,0,0
ASV_032962,66,sediment,Planctomycetota,NA,4,5,0,0,0,0,0,0,0,0
ASV_033719,66,sediment,Elusimicrobiota,NA,4,5,0,0,0,0,0,0,0,0
ASV_035686,66,sediment,Myxococcota,NA,4,5,0,0,0,0,0,0,0,0
ASV_036159,66,sediment,Cyanobacteriota,NA,4,5,0,0,0,0,0,0,0,0
ASV_038317,66,sediment,Verrucomicrobiota,Oleiharenicola,4,5,0,0,0,0,0,0,0,0
