sample_id,site_code,habitat,site_stream_order,site_segment_number,site_drainage_area_ha,site_utm_x_m,site_utm_y_m,soil_sample_id,soil_site_code,detection_threshold,pool,soil_asvs,shared_asvs,soil_asv_detection_fraction,aquatic_read_percent,euclidean_distance_m,contributing,contributing_fraction,membership_stable,routing_qc_pass,robust_spatial_included
hja2016_001,50,planktonic,5,41,4956.4,563054.321479503,4898132.73601802,hja2016_183,HJA-2016_soil_01,1,soil_detected,2993,29,0.00968927497494153,6.98,4755.781483000312,FALSE,0,TRUE,TRUE,TRUE
hja2016_008,WS3-1,hyporheic,2,511,96.4,560508.433913191,4896516.80738205,hja2016_183,HJA-2016_soil_01,1,soil_detected,2993,110,0.03675242231874373,17.56,1816.0727806024734,FALSE,0,TRUE,TRUE,TRUE
hja2016_009,60,hyporheic,2,316,43.1,567391.129953618,4898693.71124374,hja2016_183,HJA-2016_soil_01,1,soil_detected,2993,109,0.036418309388573336,22.04,8755.930737479888,FALSE,0,TRUE,FALSE,FALSE
hja2016_010,164,planktonic,3,502,60.8,560307.442789535,4895737.8417834,hja2016_183,HJA-2016_soil_01,1,soil_detected,2993,22,0.007350484463748747,8.39,1113.0952643387484,FALSE,0,TRUE,TRUE,TRUE
hja2016_011,WS1-6,planktonic,2,522,82.7,559631.472642313,4894993.87463913,hja2016_183,HJA-2016_soil_01,1,soil_detected,2993,158,0.05278984296692282,13.62,216.39765888447488,FALSE,0,TRUE,TRUE,TRUE
hja2016_013,WS1-4,planktonic,2,522,89.8,559453.480502956,4895042.87247524,hja2016_183,HJA-2016_soil_01,1,soil_detected,2993,116,0.03875709989976612,14.44,32.67828392945876,FALSE,0.2962962962962963,FALSE,TRUE,FALSE
hja2016_014,WS1-6,hyporheic,2,522,82.7,559631.472642313,4894993.87463913,hja2016_183,HJA-2016_soil_01,1,soil_detected,2993,97,0.032408954226528564,17.55,216.39765888447488,FALSE,0,TRUE,TRUE,TRUE
hja2016_015,47,hyporheic,4,134,1550.1,563254.31264732,4898130.73610634,hja2016_183,HJA-2016_soil_01,1,soil_detected,2993,43,0.014366855997327097,9.6,4908.845287088644,FALSE,0,TRUE,TRUE,TRUE
hja2016_016,74,hyporheic,2,373,70,565310.221852481,4897724.75403567,hja2016_183,HJA-2016_soil_01,1,soil_detected,2993,31,0.010357500835282325,47.78,6460.5813604542345,FALSE,0,TRUE,TRUE,TRUE
hja2016_018,WS1-5,hyporheic,2,522,87.9,559517.477676657,4895016.87362342,hja2016_183,HJA-2016_soil_01,1,soil_detected,2993,136,0.04543935850317407,8.65,101.54713742738073,FALSE,0,TRUE,TRUE,TRUE
hja2016_019,155,hyporheic,2,345,81.2,565811.199727862,4897652.75721525,hja2016_183,HJA-2016_soil_01,1,soil_detected,2993,103,0.03441363180755095,17.53,6892.605750590121,FALSE,0,TRUE,FALSE,FALSE
hja2016_020,WS1-2,hyporheic,2,522,93.6,559354.484874886,4895103.86978142,hja2016_183,HJA-2016_soil_01,1,soil_detected,2993,203,0.06782492482459071,16.22,83.6204061236835,TRUE,1,TRUE,TRUE,TRUE
hja2016_021,156,hyporheic,5,24,2575.9,566141.185154761,4897558.76136638,hja2016_183,HJA-2016_soil_01,1,soil_detected,2993,52,0.017373872368860673,10.68,7166.0844096887195,FALSE,0,TRUE,TRUE,TRUE
hja2016_027,WS3-6,planktonic,2,510,78.4,560819.420179147,4896235.81979127,hja2016_183,HJA-2016_soil_01,1,soil_detected,2993,55,0.018376211159371866,6.13,1824.3912631204787,FALSE,0,TRUE,TRUE,TRUE
hja2016_065,68,hyporheic,5,30,3032.2,565145.229139031,4897899.74630751,hja2016_183,HJA-2016_soil_01,1,soil_detected,2993,136,0.04543935850317407,17.87,6386.539031084864,FALSE,0,TRUE,TRUE,TRUE
hja2016_066,49,hyporheic,5,40,3399.1,563281.311454976,4898046.73981585,hja2016_183,HJA-2016_soil_01,1,soil_detected,2993,144,0.04811226194453725,13.39,4878.044063411711,FALSE,0,TRUE,TRUE,TRUE
hja2016_070,56,hyporheic,3,321,99.5,562839.3309741,4897811.75019367,hja2016_183,HJA-2016_soil_01,1,soil_detected,2993,56,0.018710324089542266,8.33,4385.557248787959,FALSE,0,TRUE,TRUE,TRUE
hja2016_071,164,hyporheic,3,502,60.8,560307.442789535,4895737.8417834,hja2016_183,HJA-2016_soil_01,1,soil_detected,2993,188,0.06281323087203475,15.4,1113.0952643387484,FALSE,0,TRUE,TRUE,TRUE
hja2016_075,260,hyporheic,4,23,866.1,566425.172613061,4897456.76587079,hja2016_183,HJA-2016_soil_01,1,soil_detected,2993,83,0.027731373204143,13.61,7399.2200444966,FALSE,0,TRUE,FALSE,FALSE
hja2016_078,CC-1,hyporheic,2,183,64,569956.016680872,4897740.75332909,hja2016_183,HJA-2016_soil_01,1,soil_detected,2993,100,0.03341129301703976,15.28,10866.903284625894,FALSE,0,TRUE,TRUE,TRUE
hja2016_079,64,hyporheic,2,163,33.5,570527.99142083,4895508.85189625,hja2016_183,HJA-2016_soil_01,1,soil_detected,2993,108,0.03608419645840294,12.86,11111.926440575198,FALSE,0,TRUE,FALSE,FALSE
hja2016_084,177,hyporheic,1,452,14.8,565808.199860345,4901620.58198475,hja2016_183,HJA-2016_soil_01,1,soil_detected,2993,102,0.03407951887738055,16.38,9153.960602759795,FALSE,0,TRUE,TRUE,TRUE
hja2016_127,60,sediment,2,316,43.1,567391.129953618,4898693.71124374,hja2016_183,HJA-2016_soil_01,1,soil_detected,2993,483,0.16137654527230202,27.41,8755.930737479888,FALSE,0,TRUE,FALSE,FALSE
hja2016_129,72,sediment,4,16,568.3,566542.167446234,4896499.80813279,hja2016_183,HJA-2016_soil_01,1,soil_detected,2993,643,0.21483461409956564,35.91,7261.341586408594,FALSE,0,TRUE,TRUE,TRUE
hja2016_131,74,sediment,2,373,70,565310.221852481,4897724.75403567,hja2016_183,HJA-2016_soil_01,1,soil_detected,2993,714,0.2385566321416639,35.04,6460.5813604542345,FALSE,0,TRUE,TRUE,TRUE
hja2016_132,84,sediment,4,112,622.7,566447.171641521,4900685.6232752,hja2016_183,HJA-2016_soil_01,1,soil_detected,2993,725,0.24223187437353827,37.06,8998.073084625998,FALSE,0,TRUE,TRUE,TRUE
hja2016_133,161,sediment,5,51,5699.1,561109.407372482,4897170.77850081,hja2016_183,HJA-2016_soil_01,1,soil_detected,2993,702,0.2345472769796191,40.85,2701.014340405082,FALSE,0,TRUE,TRUE,TRUE
hja2016_135,169,sediment,2,144,53.5,568641.074752475,4902527.5419308,hja2016_183,HJA-2016_soil_01,1,soil_detected,2993,642,0.21450050116939526,39.1,11862.093449414371,FALSE,0,TRUE,TRUE,TRUE
hja2016_136,190,sediment,1,546,14.2,564169.272240084,4897881.7471024,hja2016_183,HJA-2016_soil_01,1,soil_detected,2993,574,0.1917808219178082,31.92,5520.269258726273,FALSE,0,TRUE,FALSE,FALSE
hja2016_139,CC-2,sediment,2,183,63.6,569992.01509108,4897760.75244588,hja2016_183,HJA-2016_soil_01,1,soil_detected,2993,791,0.26428332776478447,38.95,10906.72858402056,FALSE,0,TRUE,TRUE,TRUE
hja2016_140,CC-3,sediment,2,183,63,570038.013059678,4897795.75090024,hja2016_183,HJA-2016_soil_01,1,soil_detected,2993,536,0.1790845305713331,29.3,10959.985280103692,FALSE,0,TRUE,TRUE,TRUE
hja2016_141,CC-4,sediment,2,183,58.5,570162.007583724,4897831.74931045,hja2016_183,HJA-2016_soil_01,1,soil_detected,2993,561,0.18743735382559304,32.75,11089.041494915538,FALSE,0,TRUE,TRUE,TRUE
hja2016_142,KC-1,sediment,3,362,114.7,562012.367495176,4896802.79475203,hja2016_183,HJA-2016_soil_01,1,soil_detected,2993,547,0.1827597728032075,31.54,3119.8990020537276,FALSE,0,TRUE,TRUE,TRUE
hja2016_144,KC-3,sediment,3,362,114,562000.368025107,4896680.80013966,hja2016_183,HJA-2016_soil_01,1,soil_detected,2993,519,0.17340461075843636,33.16,3043.235980606604,FALSE,0,TRUE,TRUE,TRUE
hja2016_145,155,sediment,2,345,81.2,565811.199727862,4897652.75721525,hja2016_183,HJA-2016_soil_01,1,soil_detected,2993,699,0.23354493818910793,36.33,6892.605750590121,FALSE,0,TRUE,FALSE,FALSE
hja2016_146,156,sediment,5,24,2575.9,566141.185154761,4897558.76136638,hja2016_183,HJA-2016_soil_01,1,soil_detected,2993,476,0.15903775476110926,28.34,7166.0844096887195,FALSE,0,TRUE,TRUE,TRUE
hja2016_147,163,sediment,5,63,6126.6,559726.468447026,4896111.82526722,hja2016_183,HJA-2016_soil_01,1,soil_detected,2993,775,0.2589375208820581,41.62,1094.9095328738433,FALSE,0,TRUE,TRUE,TRUE
hja2016_148,165,sediment,2,494,27.9,564789.244860317,4900155.64668049,hja2016_183,HJA-2016_soil_01,1,soil_detected,2993,797,0.2662880053458069,39.74,7399.1363490737285,FALSE,0,TRUE,FALSE,FALSE
hja2016_150,53,sediment,3,78,280.7,568092.098996817,4898223.73199937,hja2016_183,HJA-2016_soil_01,1,soil_detected,2993,575,0.19211493484797862,30.77,9226.59458271796,FALSE,0,TRUE,TRUE,TRUE
hja2016_151,64,sediment,2,163,33.5,570527.99142083,4895508.85189625,hja2016_183,HJA-2016_soil_01,1,soil_detected,2993,842,0.28132308720347476,37.93,11111.926440575198,FALSE,0,TRUE,FALSE,FALSE
hja2016_152,66,sediment,4,79,1360.7,567970.104384448,4898153.73509064,hja2016_183,HJA-2016_soil_01,1,soil_detected,2993,511,0.17073170731707318,27.36,9088.02372767868,FALSE,0,TRUE,TRUE,TRUE
hja2016_155,82,sediment,2,536,36.6,564452.259742545,4899854.65997292,hja2016_183,HJA-2016_soil_01,1,soil_detected,2993,815,0.27230203808887404,38.58,6947.532615015915,FALSE,0,TRUE,TRUE,TRUE
hja2016_157,43,sediment,1,538,7.8,567346.131940859,4898257.7304979,hja2016_183,HJA-2016_soil_01,1,soil_detected,2993,556,0.18576678917474107,28.45,8542.385977026623,FALSE,0,TRUE,FALSE,FALSE
hja2016_159,49,sediment,5,40,3399.1,563281.311454976,4898046.73981585,hja2016_183,HJA-2016_soil_01,1,soil_detected,2993,564,0.18843969261610424,33.43,4878.044063411711,FALSE,0,TRUE,TRUE,TRUE
hja2016_160,50,sediment,5,41,4956.4,563054.321479503,4898132.73601802,hja2016_183,HJA-2016_soil_01,1,soil_detected,2993,354,0.11827597728032074,16.62,4755.781483000312,FALSE,0,TRUE,TRUE,TRUE
hja2016_031,161,hyporheic,5,51,5699.1,561109.407372482,4897170.77850081,hja2016_183,HJA-2016_soil_01,1,soil_detected,2993,34,0.011359839625793518,11.75,2701.014340405082,FALSE,0,TRUE,TRUE,TRUE
hja2016_032,54,hyporheic,3,363,207.7,561802.376768968,4897363.76997776,hja2016_183,HJA-2016_soil_01,1,soil_detected,2993,51,0.017039759438690277,13.35,3310.9247520991207,FALSE,0,TRUE,TRUE,TRUE
hja2016_035,192,hyporheic,2,542,28.5,564620.252323511,4897836.74908965,hja2016_183,HJA-2016_soil_01,1,soil_detected,2993,44,0.014700968927497494,8.08,5890.989349466072,FALSE,0,TRUE,TRUE,TRUE
hja2016_037,43,hyporheic,1,538,7.8,567346.131940859,4898257.7304979,hja2016_183,HJA-2016_soil_01,1,soil_detected,2993,51,0.017039759438690277,14.71,8542.385977026623,FALSE,0,TRUE,FALSE,FALSE
hja2016_042,165,planktonic,2,494,27.9,564789.244860317,4900155.64668049,hja2016_183,HJA-2016_soil_01,1,soil_detected,2993,16,0.0053458068827263614,3.4,7399.1363490737285,FALSE,0,TRUE,FALSE,FALSE
hja2016_043,KC-2,hyporheic,3,362,114.2,561999.368069268,4896735.79771081,hja2016_183,HJA-2016_soil_01,1,soil_detected,2993,62,0.02071500167056465,16.44,3072.056347196398,FALSE,0,TRUE,TRUE,TRUE
hja2016_049,67,planktonic,4,83,1558.1,567119.141965387,4897968.74326041,hja2016_183,HJA-2016_soil_01,1,soil_detected,2993,22,0.007350484463748747,7.42,8225.73773453772,FALSE,0,TRUE,TRUE,TRUE
hja2016_050,165,hyporheic,2,494,27.9,564789.244860317,4900155.64668049,hja2016_183,HJA-2016_soil_01,1,soil_detected,2993,103,0.03441363180755095,12.06,7399.1363490737285,FALSE,0,TRUE,FALSE,FALSE
hja2016_052,163,hyporheic,5,63,6126.6,559726.468447026,4896111.82526722,hja2016_183,HJA-2016_soil_01,1,soil_detected,2993,138,0.04610758436351487,15.05,1094.9095328738433,FALSE,0,TRUE,TRUE,TRUE
hja2016_056,KC-1,hyporheic,3,362,114.7,562012.367495176,4896802.79475203,hja2016_183,HJA-2016_soil_01,1,soil_detected,2993,165,0.055128633478115606,13.46,3119.8990020537276,FALSE,0,TRUE,TRUE,TRUE
hja2016_057,71,hyporheic,3,556,101.7,562662.338790582,4897988.74237719,hja2016_183,HJA-2016_soil_01,1,soil_detected,2993,51,0.017039759438690277,10.58,4365.955562321182,FALSE,0,TRUE,TRUE,TRUE
hja2016_059,KC-2,planktonic,3,362,114.2,561999.368069268,4896735.79771081,hja2016_183,HJA-2016_soil_01,1,soil_detected,2993,160,0.053458068827263616,13.81,3072.056347196398,FALSE,0,TRUE,TRUE,TRUE
hja2016_062,WS3-3,hyporheic,2,511,93.4,560639.428128111,4896408.81215143,hja2016_183,HJA-2016_soil_01,1,soil_detected,2993,172,0.05746742398930839,11.05,1815.4653488250265,FALSE,0,TRUE,TRUE,TRUE
hja2016_064,WS3-4,planktonic,2,510,81.3,560692.425787583,4896348.81480109,hja2016_183,HJA-2016_soil_01,1,soil_detected,2993,82,0.0273972602739726,12.82,1808.0600595762737,FALSE,0,TRUE,TRUE,TRUE
hja2016_099,162,planktonic,5,66,6208.4,559348.485139852,4895468.85366269,hja2016_183,HJA-2016_soil_01,1,soil_detected,2993,92,0.030738389575676577,3.44,416.7801366993802,FALSE,0,TRUE,TRUE,TRUE
hja2016_100,64,planktonic,2,163,33.5,570527.99142083,4895508.85189625,hja2016_183,HJA-2016_soil_01,1,soil_detected,2993,60,0.020046775810223856,2.17,11111.926440575198,FALSE,0,TRUE,FALSE,FALSE
hja2016_101,58,planktonic,3,385,67.2,566998.147308857,4898497.71989928,hja2016_183,HJA-2016_soil_01,1,soil_detected,2993,85,0.028399599064483794,3.51,8317.062617393829,FALSE,0,TRUE,TRUE,TRUE
hja2016_102,73,hyporheic,2,255,137,566310.177691566,4896786.79545861,hja2016_183,HJA-2016_soil_01,1,soil_detected,2993,90,0.030070163715335784,3.38,7098.4504909878015,FALSE,0,TRUE,TRUE,TRUE
hja2016_103,260,planktonic,4,23,866.1,566425.172613061,4897456.76587079,hja2016_183,HJA-2016_soil_01,1,soil_detected,2993,197,0.06582024724356833,9.16,7399.2200444966,FALSE,0,TRUE,FALSE,FALSE
hja2016_105,178,planktonic,2,411,19.9,566185.18321168,4901793.57434491,hja2016_183,HJA-2016_soil_01,1,soil_detected,2993,101,0.03374540594721016,4.07,9542.00050990428,FALSE,0,TRUE,TRUE,TRUE
hja2016_106,170,planktonic,2,229,49.4,570659.985591589,4896908.79007097,hja2016_183,HJA-2016_soil_01,1,soil_detected,2993,49,0.016371533578349484,1.17,11386.051855441236,FALSE,0,TRUE,FALSE,FALSE
hja2016_107,57,hyporheic,4,131,1488.8,563668.294364702,4898599.71539487,hja2016_183,HJA-2016_soil_01,1,soil_detected,2993,110,0.03675242231874373,3.5,5526.252040135455,FALSE,0,TRUE,TRUE,TRUE
hja2016_109,169,planktonic,2,144,53.5,568641.074752475,4902527.5419308,hja2016_183,HJA-2016_soil_01,1,soil_detected,2993,77,0.025726695623120615,3.96,11862.093449414371,FALSE,0,TRUE,TRUE,TRUE
hja2016_110,76,hyporheic,3,150,303.5,570464.994202967,4896947.7883487,hja2016_183,HJA-2016_soil_01,1,soil_detected,2993,73,0.024390243902439025,3.9,11200.205182421572,FALSE,0,TRUE,TRUE,TRUE
hja2016_111,160,planktonic,5,24,2569.5,566416.173010509,4897492.764281,hja2016_183,HJA-2016_soil_01,1,soil_detected,2993,104,0.034747744737721346,4.17,7402.4629386502365,FALSE,0,TRUE,TRUE,TRUE
hja2016_114,WS1-5,planktonic,2,522,87.9,559517.477676657,4895016.87362342,hja2016_183,HJA-2016_soil_01,1,soil_detected,2993,109,0.036418309388573336,4.23,101.54713742738073,FALSE,0,TRUE,TRUE,TRUE
hja2016_116,53,planktonic,3,78,280.7,568092.098996817,4898223.73199937,hja2016_183,HJA-2016_soil_01,1,soil_detected,2993,115,0.03842298696959572,4.14,9226.59458271796,FALSE,0,TRUE,TRUE,TRUE
hja2016_119,56,planktonic,3,321,99.5,562839.3309741,4897811.75019367,hja2016_183,HJA-2016_soil_01,1,soil_detected,2993,222,0.07417307049782827,8.48,4385.557248787959,FALSE,0,TRUE,TRUE,TRUE
hja2016_121,84,hyporheic,4,112,622.7,566447.171641521,4900685.6232752,hja2016_183,HJA-2016_soil_01,1,soil_detected,2993,45,0.015035081857667892,0.94,8998.073084625998,FALSE,0,TRUE,TRUE,TRUE
hja2016_122,45,sediment,3,390,193.2,565977.192397151,4897892.74661664,hja2016_183,HJA-2016_soil_01,1,soil_detected,2993,582,0.1944537253591714,34.61,7138.493525190552,FALSE,0,TRUE,TRUE,TRUE
hja2016_125,56,sediment,3,321,99.5,562839.3309741,4897811.75019367,hja2016_183,HJA-2016_soil_01,1,soil_detected,2993,605,0.20213832275309054,35.89,4385.557248787959,FALSE,0,TRUE,TRUE,TRUE
hja2016_164,260,sediment,4,23,866.1,566425.172613061,4897456.76587079,hja2016_183,HJA-2016_soil_01,1,soil_detected,2993,654,0.21850985633144002,35.67,7399.2200444966,FALSE,0,TRUE,FALSE,FALSE
hja2016_166,57,sediment,4,131,1488.8,563668.294364702,4898599.71539487,hja2016_183,HJA-2016_soil_01,1,soil_detected,2993,378,0.1262946876044103,17.29,5526.252040135455,FALSE,0,TRUE,TRUE,TRUE
hja2016_167,WS3-1,sediment,2,511,96.4,560508.433913191,4896516.80738205,hja2016_183,HJA-2016_soil_01,1,soil_detected,2993,698,0.23321082525893752,42.32,1816.0727806024734,FALSE,0,TRUE,TRUE,TRUE
hja2016_169,WS3-2,sediment,2,511,95.7,560554.431881789,4896487.80866272,hja2016_183,HJA-2016_soil_01,1,soil_detected,2993,737,0.24624122953558303,41.33,1821.0423062954935,FALSE,0,TRUE,TRUE,TRUE
hja2016_170,WS3-3,sediment,2,511,93.4,560639.428128111,4896408.81215143,hja2016_183,HJA-2016_soil_01,1,soil_detected,2993,667,0.22285332442365519,27.99,1815.4653488250265,FALSE,0,TRUE,TRUE,TRUE
hja2016_177,WS1-3,sediment,2,522,92.1,559404.482666841,4895069.8712829,hja2016_183,HJA-2016_soil_01,1,soil_detected,2993,645,0.21550283995990646,37.92,23.280057496084023,TRUE,1,TRUE,TRUE,TRUE
hja2016_179,WS1-5,sediment,2,522,87.9,559517.477676657,4895016.87362342,hja2016_183,HJA-2016_soil_01,1,soil_detected,2993,489,0.16338122285332443,30.84,101.54713742738073,FALSE,0,TRUE,TRUE,TRUE
hja2016_180,WS1-6,sediment,2,522,82.7,559631.472642313,4894993.87463913,hja2016_183,HJA-2016_soil_01,1,soil_detected,2993,408,0.1363180755095222,18.08,216.39765888447488,FALSE,0,TRUE,TRUE,TRUE
hja2016_181,177,sediment,1,452,14.8,565808.199860345,4901620.58198475,hja2016_183,HJA-2016_soil_01,1,soil_detected,2993,714,0.2385566321416639,28.28,9153.960602759795,FALSE,0,TRUE,TRUE,TRUE
hja2016_001,50,planktonic,5,41,4956.4,563054.321479503,4898132.73601802,hja2016_183,HJA-2016_soil_01,1,soil_enriched,1074,3,0.002793296089385475,0.62,4755.781483000312,FALSE,0,TRUE,TRUE,TRUE
hja2016_008,WS3-1,hyporheic,2,511,96.4,560508.433913191,4896516.80738205,hja2016_183,HJA-2016_soil_01,1,soil_enriched,1074,12,0.0111731843575419,1.27,1816.0727806024734,FALSE,0,TRUE,TRUE,TRUE
hja2016_009,60,hyporheic,2,316,43.1,567391.129953618,4898693.71124374,hja2016_183,HJA-2016_soil_01,1,soil_enriched,1074,9,0.008379888268156424,0.79,8755.930737479888,FALSE,0,TRUE,FALSE,FALSE
hja2016_010,164,planktonic,3,502,60.8,560307.442789535,4895737.8417834,hja2016_183,HJA-2016_soil_01,1,soil_enriched,1074,0,0,0,1113.0952643387484,FALSE,0,TRUE,TRUE,TRUE
hja2016_011,WS1-6,planktonic,2,522,82.7,559631.472642313,4894993.87463913,hja2016_183,HJA-2016_soil_01,1,soil_enriched,1074,20,0.0186219739292365,1.21,216.39765888447488,FALSE,0,TRUE,TRUE,TRUE
hja2016_013,WS1-4,planktonic,2,522,89.8,559453.480502956,4895042.87247524,hja2016_183,HJA-2016_soil_01,1,soil_enriched,1074,11,0.010242085661080074,1,32.67828392945876,FALSE,0.2962962962962963,FALSE,TRUE,FALSE
hja2016_014,WS1-6,hyporheic,2,522,82.7,559631.472642313,4894993.87463913,hja2016_183,HJA-2016_soil_01,1,soil_enriched,1074,4,0.0037243947858473,0.55,216.39765888447488,FALSE,0,TRUE,TRUE,TRUE
hja2016_015,47,hyporheic,4,134,1550.1,563254.31264732,4898130.73610634,hja2016_183,HJA-2016_soil_01,1,soil_enriched,1074,2,0.00186219739292365,0.62,4908.845287088644,FALSE,0,TRUE,TRUE,TRUE
hja2016_016,74,hyporheic,2,373,70,565310.221852481,4897724.75403567,hja2016_183,HJA-2016_soil_01,1,soil_enriched,1074,2,0.00186219739292365,0.21,6460.5813604542345,FALSE,0,TRUE,TRUE,TRUE
hja2016_018,WS1-5,hyporheic,2,522,87.9,559517.477676657,4895016.87362342,hja2016_183,HJA-2016_soil_01,1,soil_enriched,1074,15,0.013966480446927373,0.56,101.54713742738073,FALSE,0,TRUE,TRUE,TRUE
hja2016_019,155,hyporheic,2,345,81.2,565811.199727862,4897652.75721525,hja2016_183,HJA-2016_soil_01,1,soil_enriched,1074,12,0.0111731843575419,2.58,6892.605750590121,FALSE,0,TRUE,FALSE,FALSE
hja2016_020,WS1-2,hyporheic,2,522,93.6,559354.484874886,4895103.86978142,hja2016_183,HJA-2016_soil_01,1,soil_enriched,1074,27,0.025139664804469275,1.44,83.6204061236835,TRUE,1,TRUE,TRUE,TRUE
hja2016_021,156,hyporheic,5,24,2575.9,566141.185154761,4897558.76136638,hja2016_183,HJA-2016_soil_01,1,soil_enriched,1074,6,0.00558659217877095,0.99,7166.0844096887195,FALSE,0,TRUE,TRUE,TRUE
hja2016_027,WS3-6,planktonic,2,510,78.4,560819.420179147,4896235.81979127,hja2016_183,HJA-2016_soil_01,1,soil_enriched,1074,7,0.006517690875232775,0.64,1824.3912631204787,FALSE,0,TRUE,TRUE,TRUE
hja2016_065,68,hyporheic,5,30,3032.2,565145.229139031,4897899.74630751,hja2016_183,HJA-2016_soil_01,1,soil_enriched,1074,18,0.01675977653631285,1.77,6386.539031084864,FALSE,0,TRUE,TRUE,TRUE
hja2016_066,49,hyporheic,5,40,3399.1,563281.311454976,4898046.73981585,hja2016_183,HJA-2016_soil_01,1,soil_enriched,1074,24,0.0223463687150838,1.5,4878.044063411711,FALSE,0,TRUE,TRUE,TRUE
hja2016_070,56,hyporheic,3,321,99.5,562839.3309741,4897811.75019367,hja2016_183,HJA-2016_soil_01,1,soil_enriched,1074,9,0.008379888268156424,1.23,4385.557248787959,FALSE,0,TRUE,TRUE,TRUE
hja2016_071,164,hyporheic,3,502,60.8,560307.442789535,4895737.8417834,hja2016_183,HJA-2016_soil_01,1,soil_enriched,1074,24,0.0223463687150838,1.16,1113.0952643387484,FALSE,0,TRUE,TRUE,TRUE
hja2016_075,260,hyporheic,4,23,866.1,566425.172613061,4897456.76587079,hja2016_183,HJA-2016_soil_01,1,soil_enriched,1074,8,0.0074487895716946,1.19,7399.2200444966,FALSE,0,TRUE,FALSE,FALSE
hja2016_078,CC-1,hyporheic,2,183,64,569956.016680872,4897740.75332909,hja2016_183,HJA-2016_soil_01,1,soil_enriched,1074,9,0.008379888268156424,1.31,10866.903284625894,FALSE,0,TRUE,TRUE,TRUE
hja2016_079,64,hyporheic,2,163,33.5,570527.99142083,4895508.85189625,hja2016_183,HJA-2016_soil_01,1,soil_enriched,1074,26,0.024208566108007448,1.88,11111.926440575198,FALSE,0,TRUE,FALSE,FALSE
hja2016_084,177,hyporheic,1,452,14.8,565808.199860345,4901620.58198475,hja2016_183,HJA-2016_soil_01,1,soil_enriched,1074,13,0.012104283054003724,0.9,9153.960602759795,FALSE,0,TRUE,TRUE,TRUE
hja2016_127,60,sediment,2,316,43.1,567391.129953618,4898693.71124374,hja2016_183,HJA-2016_soil_01,1,soil_enriched,1074,77,0.07169459962756052,2.08,8755.930737479888,FALSE,0,TRUE,FALSE,FALSE
hja2016_129,72,sediment,4,16,568.3,566542.167446234,4896499.80813279,hja2016_183,HJA-2016_soil_01,1,soil_enriched,1074,151,0.14059590316573556,5.17,7261.341586408594,FALSE,0,TRUE,TRUE,TRUE
hja2016_131,74,sediment,2,373,70,565310.221852481,4897724.75403567,hja2016_183,HJA-2016_soil_01,1,soil_enriched,1074,176,0.16387337057728119,5.47,6460.5813604542345,FALSE,0,TRUE,TRUE,TRUE
hja2016_132,84,sediment,4,112,622.7,566447.171641521,4900685.6232752,hja2016_183,HJA-2016_soil_01,1,soil_enriched,1074,201,0.1871508379888268,5.07,8998.073084625998,FALSE,0,TRUE,TRUE,TRUE
hja2016_133,161,sediment,5,51,5699.1,561109.407372482,4897170.77850081,hja2016_183,HJA-2016_soil_01,1,soil_enriched,1074,256,0.2383612662942272,12.68,2701.014340405082,FALSE,0,TRUE,TRUE,TRUE
hja2016_135,169,sediment,2,144,53.5,568641.074752475,4902527.5419308,hja2016_183,HJA-2016_soil_01,1,soil_enriched,1074,170,0.15828677839851024,5.39,11862.093449414371,FALSE,0,TRUE,TRUE,TRUE
hja2016_136,190,sediment,1,546,14.2,564169.272240084,4897881.7471024,hja2016_183,HJA-2016_soil_01,1,soil_enriched,1074,133,0.12383612662942271,3.51,5520.269258726273,FALSE,0,TRUE,FALSE,FALSE
hja2016_139,CC-2,sediment,2,183,63.6,569992.01509108,4897760.75244588,hja2016_183,HJA-2016_soil_01,1,soil_enriched,1074,218,0.20297951582867785,6.78,10906.72858402056,FALSE,0,TRUE,TRUE,TRUE
hja2016_140,CC-3,sediment,2,183,63,570038.013059678,4897795.75090024,hja2016_183,HJA-2016_soil_01,1,soil_enriched,1074,125,0.11638733705772812,3.29,10959.985280103692,FALSE,0,TRUE,TRUE,TRUE
hja2016_141,CC-4,sediment,2,183,58.5,570162.007583724,4897831.74931045,hja2016_183,HJA-2016_soil_01,1,soil_enriched,1074,130,0.12104283054003724,3.98,11089.041494915538,FALSE,0,TRUE,TRUE,TRUE
hja2016_142,KC-1,sediment,3,362,114.7,562012.367495176,4896802.79475203,hja2016_183,HJA-2016_soil_01,1,soil_enriched,1074,123,0.11452513966480447,3.48,3119.8990020537276,FALSE,0,TRUE,TRUE,TRUE
hja2016_144,KC-3,sediment,3,362,114,562000.368025107,4896680.80013966,hja2016_183,HJA-2016_soil_01,1,soil_enriched,1074,108,0.1005586592178771,3.53,3043.235980606604,FALSE,0,TRUE,TRUE,TRUE
hja2016_145,155,sediment,2,345,81.2,565811.199727862,4897652.75721525,hja2016_183,HJA-2016_soil_01,1,soil_enriched,1074,165,0.15363128491620112,5.24,6892.605750590121,FALSE,0,TRUE,FALSE,FALSE
hja2016_146,156,sediment,5,24,2575.9,566141.185154761,4897558.76136638,hja2016_183,HJA-2016_soil_01,1,soil_enriched,1074,103,0.09590316573556797,2.57,7166.0844096887195,FALSE,0,TRUE,TRUE,TRUE
hja2016_147,163,sediment,5,63,6126.6,559726.468447026,4896111.82526722,hja2016_183,HJA-2016_soil_01,1,soil_enriched,1074,284,0.2644320297951583,12.54,1094.9095328738433,FALSE,0,TRUE,TRUE,TRUE
hja2016_148,165,sediment,2,494,27.9,564789.244860317,4900155.64668049,hja2016_183,HJA-2016_soil_01,1,soil_enriched,1074,240,0.22346368715083798,7.44,7399.1363490737285,FALSE,0,TRUE,FALSE,FALSE
hja2016_150,53,sediment,3,78,280.7,568092.098996817,4898223.73199937,hja2016_183,HJA-2016_soil_01,1,soil_enriched,1074,139,0.12942271880819367,3.38,9226.59458271796,FALSE,0,TRUE,TRUE,TRUE
hja2016_151,64,sediment,2,163,33.5,570527.99142083,4895508.85189625,hja2016_183,HJA-2016_soil_01,1,soil_enriched,1074,325,0.3026070763500931,11.53,11111.926440575198,FALSE,0,TRUE,FALSE,FALSE
hja2016_152,66,sediment,4,79,1360.7,567970.104384448,4898153.73509064,hja2016_183,HJA-2016_soil_01,1,soil_enriched,1074,123,0.11452513966480447,2.51,9088.02372767868,FALSE,0,TRUE,TRUE,TRUE
hja2016_155,82,sediment,2,536,36.6,564452.259742545,4899854.65997292,hja2016_183,HJA-2016_soil_01,1,soil_enriched,1074,233,0.2169459962756052,7.12,6947.532615015915,FALSE,0,TRUE,TRUE,TRUE
hja2016_157,43,sediment,1,538,7.8,567346.131940859,4898257.7304979,hja2016_183,HJA-2016_soil_01,1,soil_enriched,1074,130,0.12104283054003724,2.91,8542.385977026623,FALSE,0,TRUE,FALSE,FALSE
hja2016_159,49,sediment,5,40,3399.1,563281.311454976,4898046.73981585,hja2016_183,HJA-2016_soil_01,1,soil_enriched,1074,117,0.10893854748603352,3.2,4878.044063411711,FALSE,0,TRUE,TRUE,TRUE
hja2016_160,50,sediment,5,41,4956.4,563054.321479503,4898132.73601802,hja2016_183,HJA-2016_soil_01,1,soil_enriched,1074,61,0.056797020484171325,1.23,4755.781483000312,FALSE,0,TRUE,TRUE,TRUE
hja2016_031,161,hyporheic,5,51,5699.1,561109.407372482,4897170.77850081,hja2016_183,HJA-2016_soil_01,1,soil_enriched,1074,5,0.004655493482309125,1.31,2701.014340405082,FALSE,0,TRUE,TRUE,TRUE
hja2016_032,54,hyporheic,3,363,207.7,561802.376768968,4897363.76997776,hja2016_183,HJA-2016_soil_01,1,soil_enriched,1074,7,0.006517690875232775,0.76,3310.9247520991207,FALSE,0,TRUE,TRUE,TRUE
hja2016_035,192,hyporheic,2,542,28.5,564620.252323511,4897836.74908965,hja2016_183,HJA-2016_soil_01,1,soil_enriched,1074,7,0.006517690875232775,1.29,5890.989349466072,FALSE,0,TRUE,TRUE,TRUE
hja2016_037,43,hyporheic,1,538,7.8,567346.131940859,4898257.7304979,hja2016_183,HJA-2016_soil_01,1,soil_enriched,1074,0,0,0,8542.385977026623,FALSE,0,TRUE,FALSE,FALSE
hja2016_042,165,planktonic,2,494,27.9,564789.244860317,4900155.64668049,hja2016_183,HJA-2016_soil_01,1,soil_enriched,1074,1,9.31098696461825e-4,0.07,7399.1363490737285,FALSE,0,TRUE,FALSE,FALSE
hja2016_043,KC-2,hyporheic,3,362,114.2,561999.368069268,4896735.79771081,hja2016_183,HJA-2016_soil_01,1,soil_enriched,1074,6,0.00558659217877095,1.17,3072.056347196398,FALSE,0,TRUE,TRUE,TRUE
hja2016_049,67,planktonic,4,83,1558.1,567119.141965387,4897968.74326041,hja2016_183,HJA-2016_soil_01,1,soil_enriched,1074,4,0.0037243947858473,0.08,8225.73773453772,FALSE,0,TRUE,TRUE,TRUE
hja2016_050,165,hyporheic,2,494,27.9,564789.244860317,4900155.64668049,hja2016_183,HJA-2016_soil_01,1,soil_enriched,1074,10,0.00931098696461825,0.86,7399.1363490737285,FALSE,0,TRUE,FALSE,FALSE
hja2016_052,163,hyporheic,5,63,6126.6,559726.468447026,4896111.82526722,hja2016_183,HJA-2016_soil_01,1,soil_enriched,1074,23,0.021415270018621976,1.53,1094.9095328738433,FALSE,0,TRUE,TRUE,TRUE
hja2016_056,KC-1,hyporheic,3,362,114.7,562012.367495176,4896802.79475203,hja2016_183,HJA-2016_soil_01,1,soil_enriched,1074,16,0.0148975791433892,0.92,3119.8990020537276,FALSE,0,TRUE,TRUE,TRUE
hja2016_057,71,hyporheic,3,556,101.7,562662.338790582,4897988.74237719,hja2016_183,HJA-2016_soil_01,1,soil_enriched,1074,4,0.0037243947858473,0.78,4365.955562321182,FALSE,0,TRUE,TRUE,TRUE
hja2016_059,KC-2,planktonic,3,362,114.2,561999.368069268,4896735.79771081,hja2016_183,HJA-2016_soil_01,1,soil_enriched,1074,25,0.023277467411545624,1.49,3072.056347196398,FALSE,0,TRUE,TRUE,TRUE
hja2016_062,WS3-3,hyporheic,2,511,93.4,560639.428128111,4896408.81215143,hja2016_183,HJA-2016_soil_01,1,soil_enriched,1074,21,0.019553072625698324,1.3,1815.4653488250265,FALSE,0,TRUE,TRUE,TRUE
hja2016_064,WS3-4,planktonic,2,510,81.3,560692.425787583,4896348.81480109,hja2016_183,HJA-2016_soil_01,1,soil_enriched,1074,11,0.010242085661080074,1.2,1808.0600595762737,FALSE,0,TRUE,TRUE,TRUE
hja2016_099,162,planktonic,5,66,6208.4,559348.485139852,4895468.85366269,hja2016_183,HJA-2016_soil_01,1,soil_enriched,1074,15,0.013966480446927373,0.43,416.7801366993802,FALSE,0,TRUE,TRUE,TRUE
hja2016_100,64,planktonic,2,163,33.5,570527.99142083,4895508.85189625,hja2016_183,HJA-2016_soil_01,1,soil_enriched,1074,13,0.012104283054003724,0.23,11111.926440575198,FALSE,0,TRUE,FALSE,FALSE
hja2016_101,58,planktonic,3,385,67.2,566998.147308857,4898497.71989928,hja2016_183,HJA-2016_soil_01,1,soil_enriched,1074,14,0.01303538175046555,0.27,8317.062617393829,FALSE,0,TRUE,TRUE,TRUE
hja2016_102,73,hyporheic,2,255,137,566310.177691566,4896786.79545861,hja2016_183,HJA-2016_soil_01,1,soil_enriched,1074,19,0.017690875232774673,0.45,7098.4504909878015,FALSE,0,TRUE,TRUE,TRUE
hja2016_103,260,planktonic,4,23,866.1,566425.172613061,4897456.76587079,hja2016_183,HJA-2016_soil_01,1,soil_enriched,1074,51,0.04748603351955307,1.07,7399.2200444966,FALSE,0,TRUE,FALSE,FALSE
hja2016_105,178,planktonic,2,411,19.9,566185.18321168,4901793.57434491,hja2016_183,HJA-2016_soil_01,1,soil_enriched,1074,22,0.020484171322160148,0.61,9542.00050990428,FALSE,0,TRUE,TRUE,TRUE
hja2016_106,170,planktonic,2,229,49.4,570659.985591589,4896908.79007097,hja2016_183,HJA-2016_soil_01,1,soil_enriched,1074,10,0.00931098696461825,0.13,11386.051855441236,FALSE,0,TRUE,FALSE,FALSE
hja2016_107,57,hyporheic,4,131,1488.8,563668.294364702,4898599.71539487,hja2016_183,HJA-2016_soil_01,1,soil_enriched,1074,20,0.0186219739292365,0.43,5526.252040135455,FALSE,0,TRUE,TRUE,TRUE
hja2016_109,169,planktonic,2,144,53.5,568641.074752475,4902527.5419308,hja2016_183,HJA-2016_soil_01,1,soil_enriched,1074,13,0.012104283054003724,0.55,11862.093449414371,FALSE,0,TRUE,TRUE,TRUE
hja2016_110,76,hyporheic,3,150,303.5,570464.994202967,4896947.7883487,hja2016_183,HJA-2016_soil_01,1,soil_enriched,1074,16,0.0148975791433892,0.52,11200.205182421572,FALSE,0,TRUE,TRUE,TRUE
hja2016_111,160,planktonic,5,24,2569.5,566416.173010509,4897492.764281,hja2016_183,HJA-2016_soil_01,1,soil_enriched,1074,19,0.017690875232774673,0.56,7402.4629386502365,FALSE,0,TRUE,TRUE,TRUE
hja2016_114,WS1-5,planktonic,2,522,87.9,559517.477676657,4895016.87362342,hja2016_183,HJA-2016_soil_01,1,soil_enriched,1074,23,0.021415270018621976,0.43,101.54713742738073,FALSE,0,TRUE,TRUE,TRUE
hja2016_116,53,planktonic,3,78,280.7,568092.098996817,4898223.73199937,hja2016_183,HJA-2016_soil_01,1,soil_enriched,1074,26,0.024208566108007448,0.62,9226.59458271796,FALSE,0,TRUE,TRUE,TRUE
hja2016_119,56,planktonic,3,321,99.5,562839.3309741,4897811.75019367,hja2016_183,HJA-2016_soil_01,1,soil_enriched,1074,50,0.04655493482309125,1.12,4385.557248787959,FALSE,0,TRUE,TRUE,TRUE
hja2016_121,84,hyporheic,4,112,622.7,566447.171641521,4900685.6232752,hja2016_183,HJA-2016_soil_01,1,soil_enriched,1074,8,0.0074487895716946,0.11,8998.073084625998,FALSE,0,TRUE,TRUE,TRUE
hja2016_122,45,sediment,3,390,193.2,565977.192397151,4897892.74661664,hja2016_183,HJA-2016_soil_01,1,soil_enriched,1074,120,0.11173184357541899,3.03,7138.493525190552,FALSE,0,TRUE,TRUE,TRUE
hja2016_125,56,sediment,3,321,99.5,562839.3309741,4897811.75019367,hja2016_183,HJA-2016_soil_01,1,soil_enriched,1074,136,0.1266294227188082,3.62,4385.557248787959,FALSE,0,TRUE,TRUE,TRUE
hja2016_164,260,sediment,4,23,866.1,566425.172613061,4897456.76587079,hja2016_183,HJA-2016_soil_01,1,soil_enriched,1074,183,0.17039106145251395,4.59,7399.2200444966,FALSE,0,TRUE,FALSE,FALSE
hja2016_166,57,sediment,4,131,1488.8,563668.294364702,4898599.71539487,hja2016_183,HJA-2016_soil_01,1,soil_enriched,1074,64,0.0595903165735568,1.38,5526.252040135455,FALSE,0,TRUE,TRUE,TRUE
hja2016_167,WS3-1,sediment,2,511,96.4,560508.433913191,4896516.80738205,hja2016_183,HJA-2016_soil_01,1,soil_enriched,1074,272,0.2532588454376164,12.89,1816.0727806024734,FALSE,0,TRUE,TRUE,TRUE
hja2016_169,WS3-2,sediment,2,511,95.7,560554.431881789,4896487.80866272,hja2016_183,HJA-2016_soil_01,1,soil_enriched,1074,282,0.26256983240223464,12.64,1821.0423062954935,FALSE,0,TRUE,TRUE,TRUE
hja2016_170,WS3-3,sediment,2,511,93.4,560639.428128111,4896408.81215143,hja2016_183,HJA-2016_soil_01,1,soil_enriched,1074,184,0.1713221601489758,4.36,1815.4653488250265,FALSE,0,TRUE,TRUE,TRUE
hja2016_177,WS1-3,sediment,2,522,92.1,559404.482666841,4895069.8712829,hja2016_183,HJA-2016_soil_01,1,soil_enriched,1074,179,0.16666666666666666,5.48,23.280057496084023,TRUE,1,TRUE,TRUE,TRUE
hja2016_179,WS1-5,sediment,2,522,87.9,559517.477676657,4895016.87362342,hja2016_183,HJA-2016_soil_01,1,soil_enriched,1074,109,0.10148975791433892,3.08,101.54713742738073,FALSE,0,TRUE,TRUE,TRUE
hja2016_180,WS1-6,sediment,2,522,82.7,559631.472642313,4894993.87463913,hja2016_183,HJA-2016_soil_01,1,soil_enriched,1074,80,0.074487895716946,1.57,216.39765888447488,FALSE,0,TRUE,TRUE,TRUE
hja2016_181,177,sediment,1,452,14.8,565808.199860345,4901620.58198475,hja2016_183,HJA-2016_soil_01,1,soil_enriched,1074,210,0.19553072625698323,4.39,9153.960602759795,FALSE,0,TRUE,TRUE,TRUE
hja2016_001,50,planktonic,5,41,4956.4,563054.321479503,4898132.73601802,hja2016_184,HJA-2016_soil_03,1,soil_detected,1835,24,0.013079019073569483,5.41,4687.991531492832,FALSE,0,TRUE,TRUE,TRUE
hja2016_008,WS3-1,hyporheic,2,511,96.4,560508.433913191,4896516.80738205,hja2016_184,HJA-2016_soil_03,1,soil_detected,1835,101,0.055040871934604906,16.4,1787.6702445029728,FALSE,0,TRUE,TRUE,TRUE
hja2016_009,60,hyporheic,2,316,43.1,567391.129953618,4898693.71124374,hja2016_184,HJA-2016_soil_03,1,soil_detected,1835,92,0.05013623978201635,18.84,8650.066130714253,FALSE,0,TRUE,FALSE,FALSE
hja2016_010,164,planktonic,3,502,60.8,560307.442789535,4895737.8417834,hja2016_184,HJA-2016_soil_03,1,soil_detected,1835,16,0.008719346049046322,6.26,1045.941767403878,FALSE,0,TRUE,TRUE,TRUE
hja2016_011,WS1-6,planktonic,2,522,82.7,559631.472642313,4894993.87463913,hja2016_184,HJA-2016_soil_03,1,soil_detected,1835,123,0.0670299727520436,11.48,59.21978874432748,FALSE,0.1111111111111111,FALSE,TRUE,FALSE
hja2016_013,WS1-4,planktonic,2,522,89.8,559453.480502956,4895042.87247524,hja2016_184,HJA-2016_soil_03,1,soil_detected,1835,93,0.05068119891008174,12.05,128.48286041571276,TRUE,1,TRUE,TRUE,TRUE
hja2016_014,WS1-6,hyporheic,2,522,82.7,559631.472642313,4894993.87463913,hja2016_184,HJA-2016_soil_03,1,soil_detected,1835,74,0.040326975476839236,15.34,59.21978874432748,FALSE,0.1111111111111111,FALSE,TRUE,FALSE
hja2016_015,47,hyporheic,4,134,1550.1,563254.31264732,4898130.73610634,hja2016_184,HJA-2016_soil_03,1,soil_detected,1835,37,0.020163487738419618,8.45,4837.09376685639,FALSE,0,TRUE,TRUE,TRUE
hja2016_016,74,hyporheic,2,373,70,565310.221852481,4897724.75403567,hja2016_184,HJA-2016_soil_03,1,soil_detected,1835,23,0.012534059945504087,4.12,6354.6833822125955,FALSE,0,TRUE,TRUE,TRUE
hja2016_018,WS1-5,hyporheic,2,522,87.9,559517.477676657,4895016.87362342,hja2016_184,HJA-2016_soil_03,1,soil_detected,1835,113,0.061580381471389646,7.23,59.40842271270747,TRUE,1,TRUE,TRUE,TRUE
hja2016_019,155,hyporheic,2,345,81.2,565811.199727862,4897652.75721525,hja2016_184,HJA-2016_soil_03,1,soil_detected,1835,90,0.04904632152588556,17.46,6781.896840668349,FALSE,0,TRUE,FALSE,FALSE
hja2016_020,WS1-2,hyporheic,2,522,93.6,559354.484874886,4895103.86978142,hja2016_184,HJA-2016_soil_03,1,soil_detected,1835,168,0.09155313351498638,12.56,243.9718054923127,TRUE,1,TRUE,TRUE,TRUE
hja2016_021,156,hyporheic,5,24,2575.9,566141.185154761,4897558.76136638,hja2016_184,HJA-2016_soil_03,1,soil_detected,1835,37,0.020163487738419618,9.03,7051.916423758594,FALSE,0,TRUE,TRUE,TRUE
hja2016_027,WS3-6,planktonic,2,510,78.4,560819.420179147,4896235.81979127,hja2016_184,HJA-2016_soil_03,1,soil_detected,1835,49,0.02670299727520436,5.34,1760.0735264034727,FALSE,0,TRUE,TRUE,TRUE
hja2016_065,68,hyporheic,5,30,3032.2,565145.229139031,4897899.74630751,hja2016_184,HJA-2016_soil_03,1,soil_detected,1835,122,0.0664850136239782,15.76,6285.074850282766,FALSE,0,TRUE,TRUE,TRUE
hja2016_066,49,hyporheic,5,40,3399.1,563281.311454976,4898046.73981585,hja2016_184,HJA-2016_soil_03,1,soil_detected,1835,135,0.07356948228882834,13.74,4803.864392012124,FALSE,0,TRUE,TRUE,TRUE
hja2016_070,56,hyporheic,3,321,99.5,562839.3309741,4897811.75019367,hja2016_184,HJA-2016_soil_03,1,soil_detected,1835,53,0.02888283378746594,8.92,4314.421490132408,FALSE,0,TRUE,TRUE,TRUE
hja2016_071,164,hyporheic,3,502,60.8,560307.442789535,4895737.8417834,hja2016_184,HJA-2016_soil_03,1,soil_detected,1835,161,0.08773841961852862,14.19,1045.941767403878,FALSE,0,TRUE,TRUE,TRUE
hja2016_075,260,hyporheic,4,23,866.1,566425.172613061,4897456.76587079,hja2016_184,HJA-2016_soil_03,1,soil_detected,1835,73,0.03978201634877384,12.79,7282.056839095865,FALSE,0,TRUE,FALSE,FALSE
hja2016_078,CC-1,hyporheic,2,183,64,569956.016680872,4897740.75332909,hja2016_184,HJA-2016_soil_03,1,soil_detected,1835,86,0.046866485013623976,14.7,10740.94521894254,FALSE,0,TRUE,TRUE,TRUE
hja2016_079,64,hyporheic,2,163,33.5,570527.99142083,4895508.85189625,hja2016_184,HJA-2016_soil_03,1,soil_detected,1835,112,0.06103542234332425,13.99,10967.835296257144,FALSE,0,TRUE,FALSE,FALSE
hja2016_084,177,hyporheic,1,452,14.8,565808.199860345,4901620.58198475,hja2016_184,HJA-2016_soil_03,1,soil_detected,1835,90,0.04904632152588556,14.61,9099.467594179589,FALSE,0,TRUE,TRUE,TRUE
hja2016_127,60,sediment,2,316,43.1,567391.129953618,4898693.71124374,hja2016_184,HJA-2016_soil_03,1,soil_detected,1835,373,0.20326975476839237,21.39,8650.066130714253,FALSE,0,TRUE,FALSE,FALSE
hja2016_129,72,sediment,4,16,568.3,566542.167446234,4896499.80813279,hja2016_184,HJA-2016_soil_03,1,soil_detected,1835,511,0.2784741144414169,29.43,7130.746864013493,FALSE,0,TRUE,TRUE,TRUE
hja2016_131,74,sediment,2,373,70,565310.221852481,4897724.75403567,hja2016_184,HJA-2016_soil_03,1,soil_detected,1835,537,0.29264305177111716,27.74,6354.6833822125955,FALSE,0,TRUE,TRUE,TRUE
hja2016_132,84,sediment,4,112,622.7,566447.171641521,4900685.6232752,hja2016_184,HJA-2016_soil_03,1,soil_detected,1835,586,0.3193460490463215,30.24,8925.27492606731,FALSE,0,TRUE,TRUE,TRUE
hja2016_133,161,sediment,5,51,5699.1,561109.407372482,4897170.77850081,hja2016_184,HJA-2016_soil_03,1,soil_detected,1835,677,0.3689373297002725,40.47,2664.9132650716183,FALSE,0,TRUE,TRUE,TRUE
hja2016_135,169,sediment,2,144,53.5,568641.074752475,4902527.5419308,hja2016_184,HJA-2016_soil_03,1,soil_detected,1835,548,0.29863760217983654,32.82,11789.813489777138,FALSE,0,TRUE,TRUE,TRUE
hja2016_136,190,sediment,1,546,14.2,564169.272240084,4897881.7471024,hja2016_184,HJA-2016_soil_03,1,soil_detected,1835,436,0.23760217983651227,25.64,5428.849378828946,FALSE,0,TRUE,FALSE,FALSE
hja2016_139,CC-2,sediment,2,183,63.6,569992.01509108,4897760.75244588,hja2016_184,HJA-2016_soil_03,1,soil_detected,1835,559,0.30463215258855586,29.99,10780.86584637373,FALSE,0,TRUE,TRUE,TRUE
hja2016_140,CC-3,sediment,2,183,63,570038.013059678,4897795.75090024,hja2016_184,HJA-2016_soil_03,1,soil_detected,1835,442,0.24087193460490464,23.71,10834.32775584622,FALSE,0,TRUE,TRUE,TRUE
hja2016_141,CC-4,sediment,2,183,58.5,570162.007583724,4897831.74931045,hja2016_184,HJA-2016_soil_03,1,soil_detected,1835,450,0.2452316076294278,27.8,10963.414097738994,FALSE,0,TRUE,TRUE,TRUE
hja2016_142,KC-1,sediment,3,362,114.7,562012.367495176,4896802.79475203,hja2016_184,HJA-2016_soil_03,1,soil_detected,1835,417,0.22724795640326975,25.18,3037.492109117954,FALSE,0,TRUE,TRUE,TRUE
hja2016_144,KC-3,sediment,3,362,114,562000.368025107,4896680.80013966,hja2016_184,HJA-2016_soil_03,1,soil_detected,1835,400,0.21798365122615804,26.91,2956.597257138216,FALSE,0,TRUE,TRUE,TRUE
hja2016_145,155,sediment,2,345,81.2,565811.199727862,4897652.75721525,hja2016_184,HJA-2016_soil_03,1,soil_detected,1835,527,0.28719346049046324,29.53,6781.896840668349,FALSE,0,TRUE,FALSE,FALSE
hja2016_146,156,sediment,5,24,2575.9,566141.185154761,4897558.76136638,hja2016_184,HJA-2016_soil_03,1,soil_detected,1835,400,0.21798365122615804,22.88,7051.916423758594,FALSE,0,TRUE,TRUE,TRUE
hja2016_147,163,sediment,5,63,6126.6,559726.468447026,4896111.82526722,hja2016_184,HJA-2016_soil_03,1,soil_detected,1835,721,0.39291553133514984,40.36,1128.5390132464408,FALSE,0,TRUE,TRUE,TRUE
hja2016_148,165,sediment,2,494,27.9,564789.244860317,4900155.64668049,hja2016_184,HJA-2016_soil_03,1,soil_detected,1835,571,0.3111716621253406,30.53,7338.999647113132,FALSE,0,TRUE,FALSE,FALSE
hja2016_150,53,sediment,3,78,280.7,568092.098996817,4898223.73199937,hja2016_184,HJA-2016_soil_03,1,soil_detected,1835,452,0.24632152588555858,24.48,9111.518487351876,FALSE,0,TRUE,TRUE,TRUE
hja2016_151,64,sediment,2,163,33.5,570527.99142083,4895508.85189625,hja2016_184,HJA-2016_soil_03,1,soil_detected,1835,775,0.4223433242506812,36.32,10967.835296257144,FALSE,0,TRUE,FALSE,FALSE
hja2016_152,66,sediment,4,79,1360.7,567970.104384448,4898153.73509064,hja2016_184,HJA-2016_soil_03,1,soil_detected,1835,415,0.22615803814713897,21.79,8972.660721043567,FALSE,0,TRUE,TRUE,TRUE
hja2016_155,82,sediment,2,536,36.6,564452.259742545,4899854.65997292,hja2016_184,HJA-2016_soil_03,1,soil_detected,1835,567,0.30899182561307903,29.45,6887.794985971404,FALSE,0,TRUE,TRUE,TRUE
hja2016_157,43,sediment,1,538,7.8,567346.131940859,4898257.7304979,hja2016_184,HJA-2016_soil_03,1,soil_detected,1835,435,0.23705722070844687,22.74,8431.249227315959,FALSE,0,TRUE,FALSE,FALSE
hja2016_159,49,sediment,5,40,3399.1,563281.311454976,4898046.73981585,hja2016_184,HJA-2016_soil_03,1,soil_detected,1835,432,0.2354223433242507,27.88,4803.864392012124,FALSE,0,TRUE,TRUE,TRUE
hja2016_160,50,sediment,5,41,4956.4,563054.321479503,4898132.73601802,hja2016_184,HJA-2016_soil_03,1,soil_detected,1835,302,0.1645776566757493,14.26,4687.991531492832,FALSE,0,TRUE,TRUE,TRUE
hja2016_031,161,hyporheic,5,51,5699.1,561109.407372482,4897170.77850081,hja2016_184,HJA-2016_soil_03,1,soil_detected,1835,29,0.01580381471389646,8.36,2664.9132650716183,FALSE,0,TRUE,TRUE,TRUE
hja2016_032,54,hyporheic,3,363,207.7,561802.376768968,4897363.76997776,hja2016_184,HJA-2016_soil_03,1,soil_detected,1835,42,0.022888283378746595,11.39,3254.207368896037,FALSE,0,TRUE,TRUE,TRUE
hja2016_035,192,hyporheic,2,542,28.5,564620.252323511,4897836.74908965,hja2016_184,HJA-2016_soil_03,1,soil_detected,1835,44,0.023978201634877384,9.15,5793.465680646779,FALSE,0,TRUE,TRUE,TRUE
hja2016_037,43,hyporheic,1,538,7.8,567346.131940859,4898257.7304979,hja2016_184,HJA-2016_soil_03,1,soil_detected,1835,42,0.022888283378746595,12.66,8431.249227315959,FALSE,0,TRUE,FALSE,FALSE
hja2016_042,165,planktonic,2,494,27.9,564789.244860317,4900155.64668049,hja2016_184,HJA-2016_soil_03,1,soil_detected,1835,17,0.009264305177111716,3.98,7338.999647113132,FALSE,0,TRUE,FALSE,FALSE
hja2016_043,KC-2,hyporheic,3,362,114.2,561999.368069268,4896735.79771081,hja2016_184,HJA-2016_soil_03,1,soil_detected,1835,54,0.029427792915531336,14.52,2987.505795349974,FALSE,0,TRUE,TRUE,TRUE
hja2016_049,67,planktonic,4,83,1558.1,567119.141965387,4897968.74326041,hja2016_184,HJA-2016_soil_03,1,soil_detected,1835,15,0.008174386920980926,5.62,8112.0521376695615,FALSE,0,TRUE,TRUE,TRUE
hja2016_050,165,hyporheic,2,494,27.9,564789.244860317,4900155.64668049,hja2016_184,HJA-2016_soil_03,1,soil_detected,1835,88,0.04795640326975477,9.46,7338.999647113132,FALSE,0,TRUE,FALSE,FALSE
hja2016_052,163,hyporheic,5,63,6126.6,559726.468447026,4896111.82526722,hja2016_184,HJA-2016_soil_03,1,soil_detected,1835,118,0.06430517711171663,13.97,1128.5390132464408,FALSE,0,TRUE,TRUE,TRUE
hja2016_056,KC-1,hyporheic,3,362,114.7,562012.367495176,4896802.79475203,hja2016_184,HJA-2016_soil_03,1,soil_detected,1835,126,0.06866485013623978,11.65,3037.492109117954,FALSE,0,TRUE,TRUE,TRUE
hja2016_057,71,hyporheic,3,556,101.7,562662.338790582,4897988.74237719,hja2016_184,HJA-2016_soil_03,1,soil_detected,1835,43,0.023433242506811988,8.61,4303.240087095082,FALSE,0,TRUE,TRUE,TRUE
hja2016_059,KC-2,planktonic,3,362,114.2,561999.368069268,4896735.79771081,hja2016_184,HJA-2016_soil_03,1,soil_detected,1835,132,0.07193460490463215,13.76,2987.505795349974,FALSE,0,TRUE,TRUE,TRUE
hja2016_062,WS3-3,hyporheic,2,511,93.4,560639.428128111,4896408.81215143,hja2016_184,HJA-2016_soil_03,1,soil_detected,1835,142,0.07738419618528611,10.28,1772.263131461311,FALSE,0,TRUE,TRUE,TRUE
hja2016_064,WS3-4,planktonic,2,510,81.3,560692.425787583,4896348.81480109,hja2016_184,HJA-2016_soil_03,1,soil_detected,1835,58,0.03160762942779292,10.16,1758.0259933861705,FALSE,0,TRUE,TRUE,TRUE
hja2016_099,162,planktonic,5,66,6208.4,559348.485139852,4895468.85366269,hja2016_184,HJA-2016_soil_03,1,soil_detected,1835,72,0.03923705722070845,2.79,525.0512998787914,FALSE,0,TRUE,TRUE,TRUE
hja2016_100,64,planktonic,2,163,33.5,570527.99142083,4895508.85189625,hja2016_184,HJA-2016_soil_03,1,soil_detected,1835,44,0.023978201634877384,1.55,10967.835296257144,FALSE,0,TRUE,FALSE,FALSE
hja2016_101,58,planktonic,3,385,67.2,566998.147308857,4898497.71989928,hja2016_184,HJA-2016_soil_03,1,soil_detected,1835,65,0.035422343324250684,2.73,8211.020240057574,FALSE,0,TRUE,TRUE,TRUE
hja2016_102,73,hyporheic,2,255,137,566310.177691566,4896786.79545861,hja2016_184,HJA-2016_soil_03,1,soil_detected,1835,72,0.03923705722070845,2.77,6972.388615121755,FALSE,0,TRUE,TRUE,TRUE
hja2016_103,260,planktonic,4,23,866.1,566425.172613061,4897456.76587079,hja2016_184,HJA-2016_soil_03,1,soil_detected,1835,159,0.08664850136239782,6.96,7282.056839095865,FALSE,0,TRUE,FALSE,FALSE
hja2016_105,178,planktonic,2,411,19.9,566185.18321168,4901793.57434491,hja2016_184,HJA-2016_soil_03,1,soil_detected,1835,78,0.04250681198910082,3.18,9485.082490367893,FALSE,0,TRUE,TRUE,TRUE
hja2016_106,170,planktonic,2,229,49.4,570659.985591589,4896908.79007097,hja2016_184,HJA-2016_soil_03,1,soil_detected,1835,35,0.01907356948228883,0.76,11251.876539361969,FALSE,0,TRUE,FALSE,FALSE
hja2016_107,57,hyporheic,4,131,1488.8,563668.294364702,4898599.71539487,hja2016_184,HJA-2016_soil_03,1,soil_detected,1835,90,0.04904632152588556,2.91,5457.074062073813,FALSE,0,TRUE,TRUE,TRUE
hja2016_109,169,planktonic,2,144,53.5,568641.074752475,4902527.5419308,hja2016_184,HJA-2016_soil_03,1,soil_detected,1835,58,0.03160762942779292,3.05,11789.813489777138,FALSE,0,TRUE,TRUE,TRUE
hja2016_110,76,hyporheic,3,150,303.5,570464.994202967,4896947.7883487,hja2016_184,HJA-2016_soil_03,1,soil_detected,1835,57,0.03106267029972752,3.12,11066.598407538148,FALSE,0,TRUE,TRUE,TRUE
hja2016_111,160,planktonic,5,24,2569.5,566416.173010509,4897492.764281,hja2016_184,HJA-2016_soil_03,1,soil_detected,1835,87,0.04741144414168937,3.41,7285.856301932626,FALSE,0,TRUE,TRUE,TRUE
hja2016_114,WS1-5,planktonic,2,522,87.9,559517.477676657,4895016.87362342,hja2016_184,HJA-2016_soil_03,1,soil_detected,1835,86,0.046866485013623976,3.28,59.40842271270747,TRUE,1,TRUE,TRUE,TRUE
hja2016_116,53,planktonic,3,78,280.7,568092.098996817,4898223.73199937,hja2016_184,HJA-2016_soil_03,1,soil_detected,1835,89,0.048501362397820165,3.38,9111.518487351876,FALSE,0,TRUE,TRUE,TRUE
hja2016_119,56,planktonic,3,321,99.5,562839.3309741,4897811.75019367,hja2016_184,HJA-2016_soil_03,1,soil_detected,1835,162,0.088283378746594,6.7,4314.421490132408,FALSE,0,TRUE,TRUE,TRUE
hja2016_121,84,hyporheic,4,112,622.7,566447.171641521,4900685.6232752,hja2016_184,HJA-2016_soil_03,1,soil_detected,1835,34,0.018528610354223433,0.7,8925.27492606731,FALSE,0,TRUE,TRUE,TRUE
hja2016_122,45,sediment,3,390,193.2,565977.192397151,4897892.74661664,hja2016_184,HJA-2016_soil_03,1,soil_detected,1835,432,0.2354223433242507,27.87,7030.413950438915,FALSE,0,TRUE,TRUE,TRUE
hja2016_125,56,sediment,3,321,99.5,562839.3309741,4897811.75019367,hja2016_184,HJA-2016_soil_03,1,soil_detected,1835,442,0.24087193460490464,28.83,4314.421490132408,FALSE,0,TRUE,TRUE,TRUE
hja2016_164,260,sediment,4,23,866.1,566425.172613061,4897456.76587079,hja2016_184,HJA-2016_soil_03,1,soil_detected,1835,496,0.27029972752043596,27.58,7282.056839095865,FALSE,0,TRUE,FALSE,FALSE
hja2016_166,57,sediment,4,131,1488.8,563668.294364702,4898599.71539487,hja2016_184,HJA-2016_soil_03,1,soil_detected,1835,303,0.1651226158038147,13.99,5457.074062073813,FALSE,0,TRUE,TRUE,TRUE
hja2016_167,WS3-1,sediment,2,511,96.4,560508.433913191,4896516.80738205,hja2016_184,HJA-2016_soil_03,1,soil_detected,1835,655,0.3569482288828338,40.46,1787.6702445029728,FALSE,0,TRUE,TRUE,TRUE
hja2016_169,WS3-2,sediment,2,511,95.7,560554.431881789,4896487.80866272,hja2016_184,HJA-2016_soil_03,1,soil_detected,1835,664,0.36185286103542236,40.22,1787.8814802282668,FALSE,0,TRUE,TRUE,TRUE
hja2016_170,WS3-3,sediment,2,511,93.4,560639.428128111,4896408.81215143,hja2016_184,HJA-2016_soil_03,1,soil_detected,1835,492,0.2681198910081744,22.45,1772.263131461311,FALSE,0,TRUE,TRUE,TRUE
hja2016_177,WS1-3,sediment,2,522,92.1,559404.482666841,4895069.8712829,hja2016_184,HJA-2016_soil_03,1,soil_detected,1835,542,0.2953678474114441,32.25,184.18092796710175,TRUE,1,TRUE,TRUE,TRUE
hja2016_179,WS1-5,sediment,2,522,87.9,559517.477676657,4895016.87362342,hja2016_184,HJA-2016_soil_03,1,soil_detected,1835,406,0.2212534059945504,25.01,59.40842271270747,TRUE,1,TRUE,TRUE,TRUE
hja2016_180,WS1-6,sediment,2,522,82.7,559631.472642313,4894993.87463913,hja2016_184,HJA-2016_soil_03,1,soil_detected,1835,325,0.1771117166212534,14.51,59.21978874432748,FALSE,0.1111111111111111,FALSE,TRUE,FALSE
hja2016_181,177,sediment,1,452,14.8,565808.199860345,4901620.58198475,hja2016_184,HJA-2016_soil_03,1,soil_detected,1835,525,0.28610354223433243,22.9,9099.467594179589,FALSE,0,TRUE,TRUE,TRUE
hja2016_001,50,planktonic,5,41,4956.4,563054.321479503,4898132.73601802,hja2016_184,HJA-2016_soil_03,1,soil_enriched,895,3,0.0033519553072625698,0.62,4687.991531492832,FALSE,0,TRUE,TRUE,TRUE
hja2016_008,WS3-1,hyporheic,2,511,96.4,560508.433913191,4896516.80738205,hja2016_184,HJA-2016_soil_03,1,soil_enriched,895,14,0.01564245810055866,1.45,1787.6702445029728,FALSE,0,TRUE,TRUE,TRUE
hja2016_009,60,hyporheic,2,316,43.1,567391.129953618,4898693.71124374,hja2016_184,HJA-2016_soil_03,1,soil_enriched,895,12,0.013407821229050279,0.9,8650.066130714253,FALSE,0,TRUE,FALSE,FALSE
hja2016_010,164,planktonic,3,502,60.8,560307.442789535,4895737.8417834,hja2016_184,HJA-2016_soil_03,1,soil_enriched,895,0,0,0,1045.941767403878,FALSE,0,TRUE,TRUE,TRUE
hja2016_011,WS1-6,planktonic,2,522,82.7,559631.472642313,4894993.87463913,hja2016_184,HJA-2016_soil_03,1,soil_enriched,895,18,0.02011173184357542,1.17,59.21978874432748,FALSE,0.1111111111111111,FALSE,TRUE,FALSE
hja2016_013,WS1-4,planktonic,2,522,89.8,559453.480502956,4895042.87247524,hja2016_184,HJA-2016_soil_03,1,soil_enriched,895,9,0.01005586592178771,0.85,128.48286041571276,TRUE,1,TRUE,TRUE,TRUE
hja2016_014,WS1-6,hyporheic,2,522,82.7,559631.472642313,4894993.87463913,hja2016_184,HJA-2016_soil_03,1,soil_enriched,895,4,0.004469273743016759,0.55,59.21978874432748,FALSE,0.1111111111111111,FALSE,TRUE,FALSE
hja2016_015,47,hyporheic,4,134,1550.1,563254.31264732,4898130.73610634,hja2016_184,HJA-2016_soil_03,1,soil_enriched,895,2,0.0022346368715083797,0.62,4837.09376685639,FALSE,0,TRUE,TRUE,TRUE
hja2016_016,74,hyporheic,2,373,70,565310.221852481,4897724.75403567,hja2016_184,HJA-2016_soil_03,1,soil_enriched,895,2,0.0022346368715083797,0.21,6354.6833822125955,FALSE,0,TRUE,TRUE,TRUE
hja2016_018,WS1-5,hyporheic,2,522,87.9,559517.477676657,4895016.87362342,hja2016_184,HJA-2016_soil_03,1,soil_enriched,895,15,0.01675977653631285,0.62,59.40842271270747,TRUE,1,TRUE,TRUE,TRUE
hja2016_019,155,hyporheic,2,345,81.2,565811.199727862,4897652.75721525,hja2016_184,HJA-2016_soil_03,1,soil_enriched,895,13,0.01452513966480447,2.61,6781.896840668349,FALSE,0,TRUE,FALSE,FALSE
hja2016_020,WS1-2,hyporheic,2,522,93.6,559354.484874886,4895103.86978142,hja2016_184,HJA-2016_soil_03,1,soil_enriched,895,26,0.02905027932960894,1.41,243.9718054923127,TRUE,1,TRUE,TRUE,TRUE
hja2016_021,156,hyporheic,5,24,2575.9,566141.185154761,4897558.76136638,hja2016_184,HJA-2016_soil_03,1,soil_enriched,895,6,0.0067039106145251395,0.99,7051.916423758594,FALSE,0,TRUE,TRUE,TRUE
hja2016_027,WS3-6,planktonic,2,510,78.4,560819.420179147,4896235.81979127,hja2016_184,HJA-2016_soil_03,1,soil_enriched,895,6,0.0067039106145251395,0.6,1760.0735264034727,FALSE,0,TRUE,TRUE,TRUE
hja2016_065,68,hyporheic,5,30,3032.2,565145.229139031,4897899.74630751,hja2016_184,HJA-2016_soil_03,1,soil_enriched,895,20,0.0223463687150838,1.83,6285.074850282766,FALSE,0,TRUE,TRUE,TRUE
hja2016_066,49,hyporheic,5,40,3399.1,563281.311454976,4898046.73981585,hja2016_184,HJA-2016_soil_03,1,soil_enriched,895,25,0.027932960893854747,1.68,4803.864392012124,FALSE,0,TRUE,TRUE,TRUE
hja2016_070,56,hyporheic,3,321,99.5,562839.3309741,4897811.75019367,hja2016_184,HJA-2016_soil_03,1,soil_enriched,895,10,0.0111731843575419,1.25,4314.421490132408,FALSE,0,TRUE,TRUE,TRUE
hja2016_071,164,hyporheic,3,502,60.8,560307.442789535,4895737.8417834,hja2016_184,HJA-2016_soil_03,1,soil_enriched,895,24,0.026815642458100558,1.29,1045.941767403878,FALSE,0,TRUE,TRUE,TRUE
hja2016_075,260,hyporheic,4,23,866.1,566425.172613061,4897456.76587079,hja2016_184,HJA-2016_soil_03,1,soil_enriched,895,9,0.01005586592178771,1.36,7282.056839095865,FALSE,0,TRUE,FALSE,FALSE
hja2016_078,CC-1,hyporheic,2,183,64,569956.016680872,4897740.75332909,hja2016_184,HJA-2016_soil_03,1,soil_enriched,895,9,0.01005586592178771,1.25,10740.94521894254,FALSE,0,TRUE,TRUE,TRUE
hja2016_079,64,hyporheic,2,163,33.5,570527.99142083,4895508.85189625,hja2016_184,HJA-2016_soil_03,1,soil_enriched,895,28,0.03128491620111732,2.16,10967.835296257144,FALSE,0,TRUE,FALSE,FALSE
hja2016_084,177,hyporheic,1,452,14.8,565808.199860345,4901620.58198475,hja2016_184,HJA-2016_soil_03,1,soil_enriched,895,14,0.01564245810055866,1.26,9099.467594179589,FALSE,0,TRUE,TRUE,TRUE
hja2016_127,60,sediment,2,316,43.1,567391.129953618,4898693.71124374,hja2016_184,HJA-2016_soil_03,1,soil_enriched,895,72,0.08044692737430167,2.01,8650.066130714253,FALSE,0,TRUE,FALSE,FALSE
hja2016_129,72,sediment,4,16,568.3,566542.167446234,4896499.80813279,hja2016_184,HJA-2016_soil_03,1,soil_enriched,895,156,0.17430167597765364,5.44,7130.746864013493,FALSE,0,TRUE,TRUE,TRUE
hja2016_131,74,sediment,2,373,70,565310.221852481,4897724.75403567,hja2016_184,HJA-2016_soil_03,1,soil_enriched,895,169,0.1888268156424581,5.6,6354.6833822125955,FALSE,0,TRUE,TRUE,TRUE
hja2016_132,84,sediment,4,112,622.7,566447.171641521,4900685.6232752,hja2016_184,HJA-2016_soil_03,1,soil_enriched,895,183,0.20446927374301677,4.73,8925.27492606731,FALSE,0,TRUE,TRUE,TRUE
hja2016_133,161,sediment,5,51,5699.1,561109.407372482,4897170.77850081,hja2016_184,HJA-2016_soil_03,1,soil_enriched,895,288,0.3217877094972067,13.38,2664.9132650716183,FALSE,0,TRUE,TRUE,TRUE
hja2016_135,169,sediment,2,144,53.5,568641.074752475,4902527.5419308,hja2016_184,HJA-2016_soil_03,1,soil_enriched,895,165,0.18435754189944134,5.28,11789.813489777138,FALSE,0,TRUE,TRUE,TRUE
hja2016_136,190,sediment,1,546,14.2,564169.272240084,4897881.7471024,hja2016_184,HJA-2016_soil_03,1,soil_enriched,895,130,0.1452513966480447,3.65,5428.849378828946,FALSE,0,TRUE,FALSE,FALSE
hja2016_139,CC-2,sediment,2,183,63.6,569992.01509108,4897760.75244588,hja2016_184,HJA-2016_soil_03,1,soil_enriched,895,188,0.2100558659217877,6.13,10780.86584637373,FALSE,0,TRUE,TRUE,TRUE
hja2016_140,CC-3,sediment,2,183,63,570038.013059678,4897795.75090024,hja2016_184,HJA-2016_soil_03,1,soil_enriched,895,126,0.14078212290502792,3.53,10834.32775584622,FALSE,0,TRUE,TRUE,TRUE
hja2016_141,CC-4,sediment,2,183,58.5,570162.007583724,4897831.74931045,hja2016_184,HJA-2016_soil_03,1,soil_enriched,895,137,0.15307262569832403,4.23,10963.414097738994,FALSE,0,TRUE,TRUE,TRUE
hja2016_142,KC-1,sediment,3,362,114.7,562012.367495176,4896802.79475203,hja2016_184,HJA-2016_soil_03,1,soil_enriched,895,117,0.13072625698324022,3.49,3037.492109117954,FALSE,0,TRUE,TRUE,TRUE
hja2016_144,KC-3,sediment,3,362,114,562000.368025107,4896680.80013966,hja2016_184,HJA-2016_soil_03,1,soil_enriched,895,102,0.11396648044692738,3.36,2956.597257138216,FALSE,0,TRUE,TRUE,TRUE
hja2016_145,155,sediment,2,345,81.2,565811.199727862,4897652.75721525,hja2016_184,HJA-2016_soil_03,1,soil_enriched,895,162,0.18100558659217877,5.24,6781.896840668349,FALSE,0,TRUE,FALSE,FALSE
hja2016_146,156,sediment,5,24,2575.9,566141.185154761,4897558.76136638,hja2016_184,HJA-2016_soil_03,1,soil_enriched,895,108,0.12067039106145251,2.74,7051.916423758594,FALSE,0,TRUE,TRUE,TRUE
hja2016_147,163,sediment,5,63,6126.6,559726.468447026,4896111.82526722,hja2016_184,HJA-2016_soil_03,1,soil_enriched,895,318,0.3553072625698324,13.24,1128.5390132464408,FALSE,0,TRUE,TRUE,TRUE
hja2016_148,165,sediment,2,494,27.9,564789.244860317,4900155.64668049,hja2016_184,HJA-2016_soil_03,1,soil_enriched,895,193,0.21564245810055865,6.51,7338.999647113132,FALSE,0,TRUE,FALSE,FALSE
hja2016_150,53,sediment,3,78,280.7,568092.098996817,4898223.73199937,hja2016_184,HJA-2016_soil_03,1,soil_enriched,895,134,0.14972067039106146,3.41,9111.518487351876,FALSE,0,TRUE,TRUE,TRUE
hja2016_151,64,sediment,2,163,33.5,570527.99142083,4895508.85189625,hja2016_184,HJA-2016_soil_03,1,soil_enriched,895,359,0.4011173184357542,12.06,10967.835296257144,FALSE,0,TRUE,FALSE,FALSE
hja2016_152,66,sediment,4,79,1360.7,567970.104384448,4898153.73509064,hja2016_184,HJA-2016_soil_03,1,soil_enriched,895,121,0.13519553072625698,2.49,8972.660721043567,FALSE,0,TRUE,TRUE,TRUE
hja2016_155,82,sediment,2,536,36.6,564452.259742545,4899854.65997292,hja2016_184,HJA-2016_soil_03,1,soil_enriched,895,195,0.21787709497206703,6.46,6887.794985971404,FALSE,0,TRUE,TRUE,TRUE
hja2016_157,43,sediment,1,538,7.8,567346.131940859,4898257.7304979,hja2016_184,HJA-2016_soil_03,1,soil_enriched,895,115,0.12849162011173185,2.7,8431.249227315959,FALSE,0,TRUE,FALSE,FALSE
hja2016_159,49,sediment,5,40,3399.1,563281.311454976,4898046.73981585,hja2016_184,HJA-2016_soil_03,1,soil_enriched,895,115,0.12849162011173185,3.11,4803.864392012124,FALSE,0,TRUE,TRUE,TRUE
hja2016_160,50,sediment,5,41,4956.4,563054.321479503,4898132.73601802,hja2016_184,HJA-2016_soil_03,1,soil_enriched,895,57,0.06368715083798883,1.15,4687.991531492832,FALSE,0,TRUE,TRUE,TRUE
hja2016_031,161,hyporheic,5,51,5699.1,561109.407372482,4897170.77850081,hja2016_184,HJA-2016_soil_03,1,soil_enriched,895,5,0.00558659217877095,1.31,2664.9132650716183,FALSE,0,TRUE,TRUE,TRUE
hja2016_032,54,hyporheic,3,363,207.7,561802.376768968,4897363.76997776,hja2016_184,HJA-2016_soil_03,1,soil_enriched,895,8,0.008938547486033519,0.93,3254.207368896037,FALSE,0,TRUE,TRUE,TRUE
hja2016_035,192,hyporheic,2,542,28.5,564620.252323511,4897836.74908965,hja2016_184,HJA-2016_soil_03,1,soil_enriched,895,7,0.00782122905027933,1.19,5793.465680646779,FALSE,0,TRUE,TRUE,TRUE
hja2016_037,43,hyporheic,1,538,7.8,567346.131940859,4898257.7304979,hja2016_184,HJA-2016_soil_03,1,soil_enriched,895,0,0,0,8431.249227315959,FALSE,0,TRUE,FALSE,FALSE
hja2016_042,165,planktonic,2,494,27.9,564789.244860317,4900155.64668049,hja2016_184,HJA-2016_soil_03,1,soil_enriched,895,1,0.0011173184357541898,0.07,7338.999647113132,FALSE,0,TRUE,FALSE,FALSE
hja2016_043,KC-2,hyporheic,3,362,114.2,561999.368069268,4896735.79771081,hja2016_184,HJA-2016_soil_03,1,soil_enriched,895,7,0.00782122905027933,1.21,2987.505795349974,FALSE,0,TRUE,TRUE,TRUE
hja2016_049,67,planktonic,4,83,1558.1,567119.141965387,4897968.74326041,hja2016_184,HJA-2016_soil_03,1,soil_enriched,895,3,0.0033519553072625698,0.07,8112.0521376695615,FALSE,0,TRUE,TRUE,TRUE
hja2016_050,165,hyporheic,2,494,27.9,564789.244860317,4900155.64668049,hja2016_184,HJA-2016_soil_03,1,soil_enriched,895,18,0.02011173184357542,1.36,7338.999647113132,FALSE,0,TRUE,FALSE,FALSE
hja2016_052,163,hyporheic,5,63,6126.6,559726.468447026,4896111.82526722,hja2016_184,HJA-2016_soil_03,1,soil_enriched,895,20,0.0223463687150838,1.21,1128.5390132464408,FALSE,0,TRUE,TRUE,TRUE
hja2016_056,KC-1,hyporheic,3,362,114.7,562012.367495176,4896802.79475203,hja2016_184,HJA-2016_soil_03,1,soil_enriched,895,15,0.01675977653631285,0.84,3037.492109117954,FALSE,0,TRUE,TRUE,TRUE
hja2016_057,71,hyporheic,3,556,101.7,562662.338790582,4897988.74237719,hja2016_184,HJA-2016_soil_03,1,soil_enriched,895,4,0.004469273743016759,0.78,4303.240087095082,FALSE,0,TRUE,TRUE,TRUE
hja2016_059,KC-2,planktonic,3,362,114.2,561999.368069268,4896735.79771081,hja2016_184,HJA-2016_soil_03,1,soil_enriched,895,26,0.02905027932960894,1.62,2987.505795349974,FALSE,0,TRUE,TRUE,TRUE
hja2016_062,WS3-3,hyporheic,2,511,93.4,560639.428128111,4896408.81215143,hja2016_184,HJA-2016_soil_03,1,soil_enriched,895,18,0.02011173184357542,1.17,1772.263131461311,FALSE,0,TRUE,TRUE,TRUE
hja2016_064,WS3-4,planktonic,2,510,81.3,560692.425787583,4896348.81480109,hja2016_184,HJA-2016_soil_03,1,soil_enriched,895,11,0.012290502793296089,1.2,1758.0259933861705,FALSE,0,TRUE,TRUE,TRUE
hja2016_099,162,planktonic,5,66,6208.4,559348.485139852,4895468.85366269,hja2016_184,HJA-2016_soil_03,1,soil_enriched,895,13,0.01452513966480447,0.41,525.0512998787914,FALSE,0,TRUE,TRUE,TRUE
hja2016_100,64,planktonic,2,163,33.5,570527.99142083,4895508.85189625,hja2016_184,HJA-2016_soil_03,1,soil_enriched,895,12,0.013407821229050279,0.25,10967.835296257144,FALSE,0,TRUE,FALSE,FALSE
hja2016_101,58,planktonic,3,385,67.2,566998.147308857,4898497.71989928,hja2016_184,HJA-2016_soil_03,1,soil_enriched,895,14,0.01564245810055866,0.26,8211.020240057574,FALSE,0,TRUE,TRUE,TRUE
hja2016_102,73,hyporheic,2,255,137,566310.177691566,4896786.79545861,hja2016_184,HJA-2016_soil_03,1,soil_enriched,895,15,0.01675977653631285,0.41,6972.388615121755,FALSE,0,TRUE,TRUE,TRUE
hja2016_103,260,planktonic,4,23,866.1,566425.172613061,4897456.76587079,hja2016_184,HJA-2016_soil_03,1,soil_enriched,895,48,0.053631284916201116,1.05,7282.056839095865,FALSE,0,TRUE,FALSE,FALSE
hja2016_105,178,planktonic,2,411,19.9,566185.18321168,4901793.57434491,hja2016_184,HJA-2016_soil_03,1,soil_enriched,895,21,0.02346368715083799,0.61,9485.082490367893,FALSE,0,TRUE,TRUE,TRUE
hja2016_106,170,planktonic,2,229,49.4,570659.985591589,4896908.79007097,hja2016_184,HJA-2016_soil_03,1,soil_enriched,895,7,0.00782122905027933,0.1,11251.876539361969,FALSE,0,TRUE,FALSE,FALSE
hja2016_107,57,hyporheic,4,131,1488.8,563668.294364702,4898599.71539487,hja2016_184,HJA-2016_soil_03,1,soil_enriched,895,21,0.02346368715083799,0.46,5457.074062073813,FALSE,0,TRUE,TRUE,TRUE
hja2016_109,169,planktonic,2,144,53.5,568641.074752475,4902527.5419308,hja2016_184,HJA-2016_soil_03,1,soil_enriched,895,10,0.0111731843575419,0.53,11789.813489777138,FALSE,0,TRUE,TRUE,TRUE
hja2016_110,76,hyporheic,3,150,303.5,570464.994202967,4896947.7883487,hja2016_184,HJA-2016_soil_03,1,soil_enriched,895,12,0.013407821229050279,0.37,11066.598407538148,FALSE,0,TRUE,TRUE,TRUE
hja2016_111,160,planktonic,5,24,2569.5,566416.173010509,4897492.764281,hja2016_184,HJA-2016_soil_03,1,soil_enriched,895,23,0.02569832402234637,0.61,7285.856301932626,FALSE,0,TRUE,TRUE,TRUE
hja2016_114,WS1-5,planktonic,2,522,87.9,559517.477676657,4895016.87362342,hja2016_184,HJA-2016_soil_03,1,soil_enriched,895,22,0.024581005586592177,0.4,59.40842271270747,TRUE,1,TRUE,TRUE,TRUE
hja2016_116,53,planktonic,3,78,280.7,568092.098996817,4898223.73199937,hja2016_184,HJA-2016_soil_03,1,soil_enriched,895,24,0.026815642458100558,0.59,9111.518487351876,FALSE,0,TRUE,TRUE,TRUE
hja2016_119,56,planktonic,3,321,99.5,562839.3309741,4897811.75019367,hja2016_184,HJA-2016_soil_03,1,soil_enriched,895,43,0.048044692737430165,1.03,4314.421490132408,FALSE,0,TRUE,TRUE,TRUE
hja2016_121,84,hyporheic,4,112,622.7,566447.171641521,4900685.6232752,hja2016_184,HJA-2016_soil_03,1,soil_enriched,895,7,0.00782122905027933,0.1,8925.27492606731,FALSE,0,TRUE,TRUE,TRUE
hja2016_122,45,sediment,3,390,193.2,565977.192397151,4897892.74661664,hja2016_184,HJA-2016_soil_03,1,soil_enriched,895,104,0.11620111731843576,2.86,7030.413950438915,FALSE,0,TRUE,TRUE,TRUE
hja2016_125,56,sediment,3,321,99.5,562839.3309741,4897811.75019367,hja2016_184,HJA-2016_soil_03,1,soil_enriched,895,118,0.1318435754189944,3.39,4314.421490132408,FALSE,0,TRUE,TRUE,TRUE
hja2016_164,260,sediment,4,23,866.1,566425.172613061,4897456.76587079,hja2016_184,HJA-2016_soil_03,1,soil_enriched,895,167,0.18659217877094972,4.41,7282.056839095865,FALSE,0,TRUE,FALSE,FALSE
hja2016_166,57,sediment,4,131,1488.8,563668.294364702,4898599.71539487,hja2016_184,HJA-2016_soil_03,1,soil_enriched,895,66,0.07374301675977654,1.36,5457.074062073813,FALSE,0,TRUE,TRUE,TRUE
hja2016_167,WS3-1,sediment,2,511,96.4,560508.433913191,4896516.80738205,hja2016_184,HJA-2016_soil_03,1,soil_enriched,895,289,0.3229050279329609,13.34,1787.6702445029728,FALSE,0,TRUE,TRUE,TRUE
hja2016_169,WS3-2,sediment,2,511,95.7,560554.431881789,4896487.80866272,hja2016_184,HJA-2016_soil_03,1,soil_enriched,895,281,0.3139664804469274,12.81,1787.8814802282668,FALSE,0,TRUE,TRUE,TRUE
hja2016_170,WS3-3,sediment,2,511,93.4,560639.428128111,4896408.81215143,hja2016_184,HJA-2016_soil_03,1,soil_enriched,895,150,0.16759776536312848,3.82,1772.263131461311,FALSE,0,TRUE,TRUE,TRUE
hja2016_177,WS1-3,sediment,2,522,92.1,559404.482666841,4895069.8712829,hja2016_184,HJA-2016_soil_03,1,soil_enriched,895,166,0.18547486033519553,5.33,184.18092796710175,TRUE,1,TRUE,TRUE,TRUE
hja2016_179,WS1-5,sediment,2,522,87.9,559517.477676657,4895016.87362342,hja2016_184,HJA-2016_soil_03,1,soil_enriched,895,116,0.12960893854748604,3.28,59.40842271270747,TRUE,1,TRUE,TRUE,TRUE
hja2016_180,WS1-6,sediment,2,522,82.7,559631.472642313,4894993.87463913,hja2016_184,HJA-2016_soil_03,1,soil_enriched,895,68,0.07597765363128492,1.42,59.21978874432748,FALSE,0.1111111111111111,FALSE,TRUE,FALSE
hja2016_181,177,sediment,1,452,14.8,565808.199860345,4901620.58198475,hja2016_184,HJA-2016_soil_03,1,soil_enriched,895,170,0.18994413407821228,3.76,9099.467594179589,FALSE,0,TRUE,TRUE,TRUE
hja2016_001,50,planktonic,5,41,4956.4,563054.321479503,4898132.73601802,hja2016_188,HJA-2016_soil_07,1,soil_detected,749,4,0.0053404539385847796,0.69,6910.1270281218785,TRUE,1,TRUE,TRUE,TRUE
hja2016_008,WS3-1,hyporheic,2,511,96.4,560508.433913191,4896516.80738205,hja2016_188,HJA-2016_soil_07,1,soil_detected,749,11,0.014686248331108143,2.44,9523.741849313248,FALSE,0,TRUE,TRUE,TRUE
hja2016_009,60,hyporheic,2,316,43.1,567391.129953618,4898693.71124374,hja2016_188,HJA-2016_soil_07,1,soil_detected,749,14,0.018691588785046728,3.97,2733.862989949623,FALSE,0,TRUE,FALSE,FALSE
hja2016_010,164,planktonic,3,502,60.8,560307.442789535,4895737.8417834,hja2016_188,HJA-2016_soil_07,1,soil_detected,749,4,0.0053404539385847796,1.35,9851.462618870737,FALSE,0,TRUE,TRUE,TRUE
hja2016_011,WS1-6,planktonic,2,522,82.7,559631.472642313,4894993.87463913,hja2016_188,HJA-2016_soil_07,1,soil_detected,749,25,0.03337783711615487,2.08,10680.897592661751,FALSE,0,TRUE,TRUE,TRUE
hja2016_013,WS1-4,planktonic,2,522,89.8,559453.480502956,4895042.87247524,hja2016_188,HJA-2016_soil_07,1,soil_detected,749,15,0.020026702269692925,2.22,10840.707530876376,FALSE,0,TRUE,TRUE,TRUE
hja2016_014,WS1-6,hyporheic,2,522,82.7,559631.472642313,4894993.87463913,hja2016_188,HJA-2016_soil_07,1,soil_detected,749,13,0.017356475300400534,3.48,10680.897592661751,FALSE,0,TRUE,TRUE,TRUE
hja2016_015,47,hyporheic,4,134,1550.1,563254.31264732,4898130.73610634,hja2016_188,HJA-2016_soil_07,1,soil_detected,749,5,0.006675567423230975,1.59,6710.351860824906,FALSE,0,TRUE,TRUE,TRUE
hja2016_016,74,hyporheic,2,373,70,565310.221852481,4897724.75403567,hja2016_188,HJA-2016_soil_07,1,soil_detected,749,3,0.004005340453938585,0.33,4643.088287805931,FALSE,0,TRUE,TRUE,TRUE
hja2016_018,WS1-5,hyporheic,2,522,87.9,559517.477676657,4895016.87362342,hja2016_188,HJA-2016_soil_07,1,soil_detected,749,19,0.025367156208277702,1.46,10785.269840088382,FALSE,0,TRUE,TRUE,TRUE
hja2016_019,155,hyporheic,2,345,81.2,565811.199727862,4897652.75721525,hja2016_188,HJA-2016_soil_07,1,soil_detected,749,19,0.025367156208277702,3.72,4143.005879542107,TRUE,0.6666666666666666,FALSE,FALSE,FALSE
hja2016_020,WS1-2,hyporheic,2,522,93.6,559354.484874886,4895103.86978142,hja2016_188,HJA-2016_soil_07,1,soil_detected,749,27,0.036048064085447265,1.8,10921.734407795228,FALSE,0,TRUE,TRUE,TRUE
hja2016_021,156,hyporheic,5,24,2575.9,566141.185154761,4897558.76136638,hja2016_188,HJA-2016_soil_07,1,soil_detected,749,5,0.006675567423230975,0.97,3816.410370341947,TRUE,1,TRUE,TRUE,TRUE
hja2016_027,WS3-6,planktonic,2,510,78.4,560819.420179147,4896235.81979127,hja2016_188,HJA-2016_soil_07,1,soil_detected,749,13,0.017356475300400534,0.98,9256.908178199845,FALSE,0,TRUE,TRUE,TRUE
hja2016_065,68,hyporheic,5,30,3032.2,565145.229139031,4897899.74630751,hja2016_188,HJA-2016_soil_07,1,soil_detected,749,31,0.04138851802403204,4.14,4810.705259620966,TRUE,1,TRUE,TRUE,TRUE
hja2016_066,49,hyporheic,5,40,3399.1,563281.311454976,4898046.73981585,hja2016_188,HJA-2016_soil_07,1,soil_detected,749,20,0.0267022696929239,1.59,6679.01597166865,TRUE,1,TRUE,TRUE,TRUE
hja2016_070,56,hyporheic,3,321,99.5,562839.3309741,4897811.75019367,hja2016_188,HJA-2016_soil_07,1,soil_detected,749,14,0.018691588785046728,1.22,7114.31458527304,FALSE,0,TRUE,TRUE,TRUE
hja2016_071,164,hyporheic,3,502,60.8,560307.442789535,4895737.8417834,hja2016_188,HJA-2016_soil_07,1,soil_detected,749,31,0.04138851802403204,2.57,9851.462618870737,FALSE,0,TRUE,TRUE,TRUE
hja2016_075,260,hyporheic,4,23,866.1,566425.172613061,4897456.76587079,hja2016_188,HJA-2016_soil_07,1,soil_detected,749,17,0.022696929238985315,2.87,3539.4710167967696,TRUE,0.6666666666666666,FALSE,FALSE,FALSE
hja2016_078,CC-1,hyporheic,2,183,64,569956.016680872,4897740.75332909,hja2016_188,HJA-2016_soil_07,1,soil_detected,749,16,0.021361815754339118,2.3,2.8083515272266233,TRUE,0.5555555555555556,FALSE,TRUE,FALSE
hja2016_079,64,hyporheic,2,163,33.5,570527.99142083,4895508.85189625,hja2016_188,HJA-2016_soil_07,1,soil_detected,749,34,0.04539385847797063,3.52,2304.0762190300247,FALSE,0,TRUE,FALSE,FALSE
hja2016_084,177,hyporheic,1,452,14.8,565808.199860345,4901620.58198475,hja2016_188,HJA-2016_soil_07,1,soil_detected,749,18,0.02403204272363151,3.25,5678.014577912523,FALSE,0,TRUE,TRUE,TRUE
hja2016_127,60,sediment,2,316,43.1,567391.129953618,4898693.71124374,hja2016_188,HJA-2016_soil_07,1,soil_detected,749,55,0.07343124165554073,3.17,2733.862989949623,FALSE,0,TRUE,FALSE,FALSE
hja2016_129,72,sediment,4,16,568.3,566542.167446234,4896499.80813279,hja2016_188,HJA-2016_soil_07,1,soil_detected,749,112,0.14953271028037382,7.12,3629.607644780516,FALSE,0,TRUE,TRUE,TRUE
hja2016_131,74,sediment,2,373,70,565310.221852481,4897724.75403567,hja2016_188,HJA-2016_soil_07,1,soil_detected,749,122,0.1628838451268358,7.05,4643.088287805931,FALSE,0,TRUE,TRUE,TRUE
hja2016_132,84,sediment,4,112,622.7,566447.171641521,4900685.6232752,hja2016_188,HJA-2016_soil_07,1,soil_detected,749,126,0.16822429906542055,6.55,4579.183509080627,FALSE,0,TRUE,TRUE,TRUE
hja2016_133,161,sediment,5,51,5699.1,561109.407372482,4897170.77850081,hja2016_188,HJA-2016_soil_07,1,soil_detected,749,224,0.29906542056074764,14.34,8862.183553011997,TRUE,1,TRUE,TRUE,TRUE
hja2016_135,169,sediment,2,144,53.5,568641.074752475,4902527.5419308,hja2016_188,HJA-2016_soil_07,1,soil_detected,749,125,0.16688918558077437,7.75,4964.017620482448,FALSE,0,TRUE,TRUE,TRUE
hja2016_136,190,sediment,1,546,14.2,564169.272240084,4897881.7471024,hja2016_188,HJA-2016_soil_07,1,soil_detected,749,106,0.14152202937249667,4.97,5785.746636684302,FALSE,0,TRUE,FALSE,FALSE
hja2016_139,CC-2,sediment,2,183,63.6,569992.01509108,4897760.75244588,hja2016_188,HJA-2016_soil_07,1,soil_detected,749,101,0.1348464619492657,6.05,43.89140854827198,FALSE,0.1111111111111111,FALSE,TRUE,FALSE
hja2016_140,CC-3,sediment,2,183,63,570038.013059678,4897795.75090024,hja2016_188,HJA-2016_soil_07,1,soil_detected,749,96,0.12817089452603472,4.77,101.3687398107033,FALSE,0,TRUE,TRUE,TRUE
hja2016_141,CC-4,sediment,2,183,58.5,570162.007583724,4897831.74931045,hja2016_188,HJA-2016_soil_07,1,soil_detected,749,110,0.14686248331108145,5.75,227.95688307844947,FALSE,0,TRUE,TRUE,TRUE
hja2016_142,KC-1,sediment,3,362,114.7,562012.367495176,4896802.79475203,hja2016_188,HJA-2016_soil_07,1,soil_detected,749,74,0.09879839786381843,4.44,7996.043590705439,FALSE,0,TRUE,TRUE,TRUE
hja2016_144,KC-3,sediment,3,362,114,562000.368025107,4896680.80013966,hja2016_188,HJA-2016_soil_07,1,soil_detected,749,67,0.08945260347129506,4.71,8023.154390830395,FALSE,0,TRUE,TRUE,TRUE
hja2016_145,155,sediment,2,345,81.2,565811.199727862,4897652.75721525,hja2016_188,HJA-2016_soil_07,1,soil_detected,749,119,0.1588785046728972,6.63,4143.005879542107,TRUE,0.6666666666666666,FALSE,FALSE,FALSE
hja2016_146,156,sediment,5,24,2575.9,566141.185154761,4897558.76136638,hja2016_188,HJA-2016_soil_07,1,soil_detected,749,91,0.12149532710280374,4.13,3816.410370341947,TRUE,1,TRUE,TRUE,TRUE
hja2016_147,163,sediment,5,63,6126.6,559726.468447026,4896111.82526722,hja2016_188,HJA-2016_soil_07,1,soil_detected,749,243,0.32443257676902537,13.7,10355.62934133148,TRUE,1,TRUE,TRUE,TRUE
hja2016_148,165,sediment,2,494,27.9,564789.244860317,4900155.64668049,hja2016_188,HJA-2016_soil_07,1,soil_detected,749,113,0.15086782376502003,6.32,5701.066710775601,FALSE,0,TRUE,FALSE,FALSE
hja2016_150,53,sediment,3,78,280.7,568092.098996817,4898223.73199937,hja2016_188,HJA-2016_soil_07,1,soil_detected,749,91,0.12149532710280374,4.33,1922.9950417117375,FALSE,0,TRUE,TRUE,TRUE
hja2016_151,64,sediment,2,163,33.5,570527.99142083,4895508.85189625,hja2016_188,HJA-2016_soil_07,1,soil_detected,749,263,0.35113484646194926,12.68,2304.0762190300247,FALSE,0,TRUE,FALSE,FALSE
hja2016_152,66,sediment,4,79,1360.7,567970.104384448,4898153.73509064,hja2016_188,HJA-2016_soil_07,1,soil_detected,749,86,0.11481975967957277,2.98,2025.856935941587,TRUE,1,TRUE,TRUE,TRUE
hja2016_155,82,sediment,2,536,36.6,564452.259742545,4899854.65997292,hja2016_188,HJA-2016_soil_07,1,soil_detected,749,106,0.14152202937249667,6.1,5893.439526764576,FALSE,0,TRUE,TRUE,TRUE
hja2016_157,43,sediment,1,538,7.8,567346.131940859,4898257.7304979,hja2016_188,HJA-2016_soil_07,1,soil_detected,749,81,0.1081441922563418,3.26,2658.0414919826685,FALSE,0,TRUE,FALSE,FALSE
hja2016_159,49,sediment,5,40,3399.1,563281.311454976,4898046.73981585,hja2016_188,HJA-2016_soil_07,1,soil_detected,749,79,0.1054739652870494,4.75,6679.01597166865,TRUE,1,TRUE,TRUE,TRUE
hja2016_160,50,sediment,5,41,4956.4,563054.321479503,4898132.73601802,hja2016_188,HJA-2016_soil_07,1,soil_detected,749,52,0.06942590120160214,1.61,6910.1270281218785,TRUE,1,TRUE,TRUE,TRUE
hja2016_031,161,hyporheic,5,51,5699.1,561109.407372482,4897170.77850081,hja2016_188,HJA-2016_soil_07,1,soil_detected,749,6,0.00801068090787717,2.11,8862.183553011997,TRUE,1,TRUE,TRUE,TRUE
hja2016_032,54,hyporheic,3,363,207.7,561802.376768968,4897363.76997776,hja2016_188,HJA-2016_soil_07,1,soil_detected,749,10,0.01335113484646195,2.61,8159.591134056102,FALSE,0,TRUE,TRUE,TRUE
hja2016_035,192,hyporheic,2,542,28.5,564620.252323511,4897836.74908965,hja2016_188,HJA-2016_soil_07,1,soil_detected,749,9,0.012016021361815754,1.04,5333.908102517981,FALSE,0,TRUE,TRUE,TRUE
hja2016_037,43,hyporheic,1,538,7.8,567346.131940859,4898257.7304979,hja2016_188,HJA-2016_soil_07,1,soil_detected,749,5,0.006675567423230975,0.96,2658.0414919826685,FALSE,0,TRUE,FALSE,FALSE
hja2016_042,165,planktonic,2,494,27.9,564789.244860317,4900155.64668049,hja2016_188,HJA-2016_soil_07,1,soil_detected,749,6,0.00801068090787717,1.34,5701.066710775601,FALSE,0,TRUE,FALSE,FALSE
hja2016_043,KC-2,hyporheic,3,362,114.2,561999.368069268,4896735.79771081,hja2016_188,HJA-2016_soil_07,1,soil_detected,749,7,0.009345794392523364,1.49,8017.070482619889,FALSE,0,TRUE,TRUE,TRUE
hja2016_049,67,planktonic,4,83,1558.1,567119.141965387,4897968.74326041,hja2016_188,HJA-2016_soil_07,1,soil_detected,749,3,0.004005340453938585,0.61,2843.350491880963,TRUE,1,TRUE,TRUE,TRUE
hja2016_050,165,hyporheic,2,494,27.9,564789.244860317,4900155.64668049,hja2016_188,HJA-2016_soil_07,1,soil_detected,749,21,0.028037383177570093,2.25,5701.066710775601,FALSE,0,TRUE,FALSE,FALSE
hja2016_052,163,hyporheic,5,63,6126.6,559726.468447026,4896111.82526722,hja2016_188,HJA-2016_soil_07,1,soil_detected,749,13,0.017356475300400534,1.13,10355.62934133148,TRUE,1,TRUE,TRUE,TRUE
hja2016_056,KC-1,hyporheic,3,362,114.7,562012.367495176,4896802.79475203,hja2016_188,HJA-2016_soil_07,1,soil_detected,749,27,0.036048064085447265,2.36,7996.043590705439,FALSE,0,TRUE,TRUE,TRUE
hja2016_057,71,hyporheic,3,556,101.7,562662.338790582,4897988.74237719,hja2016_188,HJA-2016_soil_07,1,soil_detected,749,10,0.01335113484646195,1.91,7295.18437473543,FALSE,0,TRUE,TRUE,TRUE
hja2016_059,KC-2,planktonic,3,362,114.2,561999.368069268,4896735.79771081,hja2016_188,HJA-2016_soil_07,1,soil_detected,749,18,0.02403204272363151,2.87,8017.070482619889,FALSE,0,TRUE,TRUE,TRUE
hja2016_062,WS3-3,hyporheic,2,511,93.4,560639.428128111,4896408.81215143,hja2016_188,HJA-2016_soil_07,1,soil_detected,749,23,0.030707610146862484,1.7,9408.520590833115,FALSE,0,TRUE,TRUE,TRUE
hja2016_064,WS3-4,planktonic,2,510,81.3,560692.425787583,4896348.81480109,hja2016_188,HJA-2016_soil_07,1,soil_detected,749,9,0.012016021361815754,1.65,9364.784606692025,FALSE,0,TRUE,TRUE,TRUE
hja2016_099,162,planktonic,5,66,6208.4,559348.485139852,4895468.85366269,hja2016_188,HJA-2016_soil_07,1,soil_detected,749,9,0.012016021361815754,0.51,10845.291455262326,TRUE,1,TRUE,TRUE,TRUE
hja2016_100,64,planktonic,2,163,33.5,570527.99142083,4895508.85189625,hja2016_188,HJA-2016_soil_07,1,soil_detected,749,10,0.01335113484646195,0.28,2304.0762190300247,FALSE,0,TRUE,FALSE,FALSE
hja2016_101,58,planktonic,3,385,67.2,566998.147308857,4898497.71989928,hja2016_188,HJA-2016_soil_07,1,soil_detected,749,11,0.014686248331108143,0.27,3050.708355176634,FALSE,0,TRUE,TRUE,TRUE
hja2016_102,73,hyporheic,2,255,137,566310.177691566,4896786.79545861,hja2016_188,HJA-2016_soil_07,1,soil_detected,749,10,0.01335113484646195,0.62,3765.7699892612886,FALSE,0,TRUE,TRUE,TRUE
hja2016_103,260,planktonic,4,23,866.1,566425.172613061,4897456.76587079,hja2016_188,HJA-2016_soil_07,1,soil_detected,749,29,0.03871829105473965,1.08,3539.4710167967696,TRUE,0.6666666666666666,FALSE,FALSE,FALSE
hja2016_105,178,planktonic,2,411,19.9,566185.18321168,4901793.57434491,hja2016_188,HJA-2016_soil_07,1,soil_detected,749,19,0.025367156208277702,0.63,5534.367438026774,FALSE,0,TRUE,TRUE,TRUE
hja2016_106,170,planktonic,2,229,49.4,570659.985591589,4896908.79007097,hja2016_188,HJA-2016_soil_07,1,soil_detected,749,5,0.006675567423230975,0.13,1091.1033363755566,FALSE,0,TRUE,FALSE,FALSE
hja2016_107,57,hyporheic,4,131,1488.8,563668.294364702,4898599.71539487,hja2016_188,HJA-2016_soil_07,1,soil_detected,749,15,0.020026702269692925,0.48,6343.503657636255,FALSE,0,TRUE,TRUE,TRUE
hja2016_109,169,planktonic,2,144,53.5,568641.074752475,4902527.5419308,hja2016_188,HJA-2016_soil_07,1,soil_detected,749,10,0.01335113484646195,0.68,4964.017620482448,FALSE,0,TRUE,TRUE,TRUE
hja2016_110,76,hyporheic,3,150,303.5,570464.994202967,4896947.7883487,hja2016_188,HJA-2016_soil_07,1,soil_detected,749,9,0.012016021361815754,0.35,943.190510688023,FALSE,0,TRUE,TRUE,TRUE
hja2016_111,160,planktonic,5,24,2569.5,566416.173010509,4897492.764281,hja2016_188,HJA-2016_soil_07,1,soil_detected,749,17,0.022696929238985315,0.57,3545.748980302721,TRUE,1,TRUE,TRUE,TRUE
hja2016_114,WS1-5,planktonic,2,522,87.9,559517.477676657,4895016.87362342,hja2016_188,HJA-2016_soil_07,1,soil_detected,749,19,0.025367156208277702,0.52,10785.269840088382,FALSE,0,TRUE,TRUE,TRUE
hja2016_116,53,planktonic,3,78,280.7,568092.098996817,4898223.73199937,hja2016_188,HJA-2016_soil_07,1,soil_detected,749,11,0.014686248331108143,0.49,1922.9950417117375,FALSE,0,TRUE,TRUE,TRUE
hja2016_119,56,planktonic,3,321,99.5,562839.3309741,4897811.75019367,hja2016_188,HJA-2016_soil_07,1,soil_detected,749,29,0.03871829105473965,1.02,7114.31458527304,FALSE,0,TRUE,TRUE,TRUE
hja2016_121,84,hyporheic,4,112,622.7,566447.171641521,4900685.6232752,hja2016_188,HJA-2016_soil_07,1,soil_detected,749,7,0.009345794392523364,0.11,4579.183509080627,FALSE,0,TRUE,TRUE,TRUE
hja2016_122,45,sediment,3,390,193.2,565977.192397151,4897892.74661664,hja2016_188,HJA-2016_soil_07,1,soil_detected,749,78,0.1041388518024032,4.77,3979.0213345659004,FALSE,0,TRUE,TRUE,TRUE
hja2016_125,56,sediment,3,321,99.5,562839.3309741,4897811.75019367,hja2016_188,HJA-2016_soil_07,1,soil_detected,749,82,0.10947930574098798,4.97,7114.31458527304,FALSE,0,TRUE,TRUE,TRUE
hja2016_164,260,sediment,4,23,866.1,566425.172613061,4897456.76587079,hja2016_188,HJA-2016_soil_07,1,soil_detected,749,109,0.14552736982643524,4.66,3539.4710167967696,TRUE,0.6666666666666666,FALSE,FALSE,FALSE
hja2016_166,57,sediment,4,131,1488.8,563668.294364702,4898599.71539487,hja2016_188,HJA-2016_soil_07,1,soil_detected,749,58,0.0774365821094793,1.84,6343.503657636255,FALSE,0,TRUE,TRUE,TRUE
hja2016_167,WS3-1,sediment,2,511,96.4,560508.433913191,4896516.80738205,hja2016_188,HJA-2016_soil_07,1,soil_detected,749,200,0.26702269692923897,13.96,9523.741849313248,FALSE,0,TRUE,TRUE,TRUE
hja2016_169,WS3-2,sediment,2,511,95.7,560554.431881789,4896487.80866272,hja2016_188,HJA-2016_soil_07,1,soil_detected,749,227,0.3030707610146863,13.8,9481.913078667265,FALSE,0,TRUE,TRUE,TRUE
hja2016_170,WS3-3,sediment,2,511,93.4,560639.428128111,4896408.81215143,hja2016_188,HJA-2016_soil_07,1,soil_detected,749,88,0.11748998664886515,3.33,9408.520590833115,FALSE,0,TRUE,TRUE,TRUE
hja2016_177,WS1-3,sediment,2,522,92.1,559404.482666841,4895069.8712829,hja2016_188,HJA-2016_soil_07,1,soil_detected,749,126,0.16822429906542055,7.18,10881.514640849435,FALSE,0,TRUE,TRUE,TRUE
hja2016_179,WS1-5,sediment,2,522,87.9,559517.477676657,4895016.87362342,hja2016_188,HJA-2016_soil_07,1,soil_detected,749,103,0.1375166889185581,5.19,10785.269840088382,FALSE,0,TRUE,TRUE,TRUE
hja2016_180,WS1-6,sediment,2,522,82.7,559631.472642313,4894993.87463913,hja2016_188,HJA-2016_soil_07,1,soil_detected,749,60,0.0801068090787717,1.93,10680.897592661751,FALSE,0,TRUE,TRUE,TRUE
hja2016_181,177,sediment,1,452,14.8,565808.199860345,4901620.58198475,hja2016_188,HJA-2016_soil_07,1,soil_detected,749,88,0.11748998664886515,2.96,5678.014577912523,FALSE,0,TRUE,TRUE,TRUE
hja2016_001,50,planktonic,5,41,4956.4,563054.321479503,4898132.73601802,hja2016_188,HJA-2016_soil_07,1,soil_enriched,540,1,0.001851851851851852,0.04,6910.1270281218785,TRUE,1,TRUE,TRUE,TRUE
hja2016_008,WS3-1,hyporheic,2,511,96.4,560508.433913191,4896516.80738205,hja2016_188,HJA-2016_soil_07,1,soil_enriched,540,5,0.009259259259259259,0.58,9523.741849313248,FALSE,0,TRUE,TRUE,TRUE
hja2016_009,60,hyporheic,2,316,43.1,567391.129953618,4898693.71124374,hja2016_188,HJA-2016_soil_07,1,soil_enriched,540,3,0.005555555555555556,0.48,2733.862989949623,FALSE,0,TRUE,FALSE,FALSE
hja2016_010,164,planktonic,3,502,60.8,560307.442789535,4895737.8417834,hja2016_188,HJA-2016_soil_07,1,soil_enriched,540,0,0,0,9851.462618870737,FALSE,0,TRUE,TRUE,TRUE
hja2016_011,WS1-6,planktonic,2,522,82.7,559631.472642313,4894993.87463913,hja2016_188,HJA-2016_soil_07,1,soil_enriched,540,13,0.024074074074074074,0.9,10680.897592661751,FALSE,0,TRUE,TRUE,TRUE
hja2016_013,WS1-4,planktonic,2,522,89.8,559453.480502956,4895042.87247524,hja2016_188,HJA-2016_soil_07,1,soil_enriched,540,3,0.005555555555555556,0.57,10840.707530876376,FALSE,0,TRUE,TRUE,TRUE
hja2016_014,WS1-6,hyporheic,2,522,82.7,559631.472642313,4894993.87463913,hja2016_188,HJA-2016_soil_07,1,soil_enriched,540,1,0.001851851851851852,0.29,10680.897592661751,FALSE,0,TRUE,TRUE,TRUE
hja2016_015,47,hyporheic,4,134,1550.1,563254.31264732,4898130.73610634,hja2016_188,HJA-2016_soil_07,1,soil_enriched,540,1,0.001851851851851852,0.47,6710.351860824906,FALSE,0,TRUE,TRUE,TRUE
hja2016_016,74,hyporheic,2,373,70,565310.221852481,4897724.75403567,hja2016_188,HJA-2016_soil_07,1,soil_enriched,540,2,0.003703703703703704,0.21,4643.088287805931,FALSE,0,TRUE,TRUE,TRUE
hja2016_018,WS1-5,hyporheic,2,522,87.9,559517.477676657,4895016.87362342,hja2016_188,HJA-2016_soil_07,1,soil_enriched,540,8,0.014814814814814815,0.4,10785.269840088382,FALSE,0,TRUE,TRUE,TRUE
hja2016_019,155,hyporheic,2,345,81.2,565811.199727862,4897652.75721525,hja2016_188,HJA-2016_soil_07,1,soil_enriched,540,11,0.020370370370370372,2.7,4143.005879542107,TRUE,0.6666666666666666,FALSE,FALSE,FALSE
hja2016_020,WS1-2,hyporheic,2,522,93.6,559354.484874886,4895103.86978142,hja2016_188,HJA-2016_soil_07,1,soil_enriched,540,10,0.018518518518518517,0.44,10921.734407795228,FALSE,0,TRUE,TRUE,TRUE
hja2016_021,156,hyporheic,5,24,2575.9,566141.185154761,4897558.76136638,hja2016_188,HJA-2016_soil_07,1,soil_enriched,540,2,0.003703703703703704,0.45,3816.410370341947,TRUE,1,TRUE,TRUE,TRUE
hja2016_027,WS3-6,planktonic,2,510,78.4,560819.420179147,4896235.81979127,hja2016_188,HJA-2016_soil_07,1,soil_enriched,540,6,0.011111111111111112,0.61,9256.908178199845,FALSE,0,TRUE,TRUE,TRUE
hja2016_065,68,hyporheic,5,30,3032.2,565145.229139031,4897899.74630751,hja2016_188,HJA-2016_soil_07,1,soil_enriched,540,16,0.02962962962962963,1.86,4810.705259620966,TRUE,1,TRUE,TRUE,TRUE
hja2016_066,49,hyporheic,5,40,3399.1,563281.311454976,4898046.73981585,hja2016_188,HJA-2016_soil_07,1,soil_enriched,540,10,0.018518518518518517,0.69,6679.01597166865,TRUE,1,TRUE,TRUE,TRUE
hja2016_070,56,hyporheic,3,321,99.5,562839.3309741,4897811.75019367,hja2016_188,HJA-2016_soil_07,1,soil_enriched,540,9,0.016666666666666666,0.78,7114.31458527304,FALSE,0,TRUE,TRUE,TRUE
hja2016_071,164,hyporheic,3,502,60.8,560307.442789535,4895737.8417834,hja2016_188,HJA-2016_soil_07,1,soil_enriched,540,12,0.022222222222222223,0.79,9851.462618870737,FALSE,0,TRUE,TRUE,TRUE
hja2016_075,260,hyporheic,4,23,866.1,566425.172613061,4897456.76587079,hja2016_188,HJA-2016_soil_07,1,soil_enriched,540,8,0.014814814814814815,1.41,3539.4710167967696,TRUE,0.6666666666666666,FALSE,FALSE,FALSE
hja2016_078,CC-1,hyporheic,2,183,64,569956.016680872,4897740.75332909,hja2016_188,HJA-2016_soil_07,1,soil_enriched,540,8,0.014814814814814815,1.12,2.8083515272266233,TRUE,0.5555555555555556,FALSE,TRUE,FALSE
hja2016_079,64,hyporheic,2,163,33.5,570527.99142083,4895508.85189625,hja2016_188,HJA-2016_soil_07,1,soil_enriched,540,16,0.02962962962962963,1.2,2304.0762190300247,FALSE,0,TRUE,FALSE,FALSE
hja2016_084,177,hyporheic,1,452,14.8,565808.199860345,4901620.58198475,hja2016_188,HJA-2016_soil_07,1,soil_enriched,540,8,0.014814814814814815,0.85,5678.014577912523,FALSE,0,TRUE,TRUE,TRUE
hja2016_127,60,sediment,2,316,43.1,567391.129953618,4898693.71124374,hja2016_188,HJA-2016_soil_07,1,soil_enriched,540,26,0.04814814814814815,0.98,2733.862989949623,FALSE,0,TRUE,FALSE,FALSE
hja2016_129,72,sediment,4,16,568.3,566542.167446234,4896499.80813279,hja2016_188,HJA-2016_soil_07,1,soil_enriched,540,78,0.14444444444444443,3.59,3629.607644780516,FALSE,0,TRUE,TRUE,TRUE
hja2016_131,74,sediment,2,373,70,565310.221852481,4897724.75403567,hja2016_188,HJA-2016_soil_07,1,soil_enriched,540,83,0.1537037037037037,3.56,4643.088287805931,FALSE,0,TRUE,TRUE,TRUE
hja2016_132,84,sediment,4,112,622.7,566447.171641521,4900685.6232752,hja2016_188,HJA-2016_soil_07,1,soil_enriched,540,81,0.15,2.51,4579.183509080627,FALSE,0,TRUE,TRUE,TRUE
hja2016_133,161,sediment,5,51,5699.1,561109.407372482,4897170.77850081,hja2016_188,HJA-2016_soil_07,1,soil_enriched,540,170,0.3148148148148148,9.63,8862.183553011997,TRUE,1,TRUE,TRUE,TRUE
hja2016_135,169,sediment,2,144,53.5,568641.074752475,4902527.5419308,hja2016_188,HJA-2016_soil_07,1,soil_enriched,540,86,0.15925925925925927,3.24,4964.017620482448,FALSE,0,TRUE,TRUE,TRUE
hja2016_136,190,sediment,1,546,14.2,564169.272240084,4897881.7471024,hja2016_188,HJA-2016_soil_07,1,soil_enriched,540,72,0.13333333333333333,2.2,5785.746636684302,FALSE,0,TRUE,FALSE,FALSE
hja2016_139,CC-2,sediment,2,183,63.6,569992.01509108,4897760.75244588,hja2016_188,HJA-2016_soil_07,1,soil_enriched,540,69,0.12777777777777777,2.56,43.89140854827198,FALSE,0.1111111111111111,FALSE,TRUE,FALSE
hja2016_140,CC-3,sediment,2,183,63,570038.013059678,4897795.75090024,hja2016_188,HJA-2016_soil_07,1,soil_enriched,540,66,0.12222222222222222,2.08,101.3687398107033,FALSE,0,TRUE,TRUE,TRUE
hja2016_141,CC-4,sediment,2,183,58.5,570162.007583724,4897831.74931045,hja2016_188,HJA-2016_soil_07,1,soil_enriched,540,76,0.14074074074074075,2.61,227.95688307844947,FALSE,0,TRUE,TRUE,TRUE
hja2016_142,KC-1,sediment,3,362,114.7,562012.367495176,4896802.79475203,hja2016_188,HJA-2016_soil_07,1,soil_enriched,540,54,0.1,1.94,7996.043590705439,FALSE,0,TRUE,TRUE,TRUE
hja2016_144,KC-3,sediment,3,362,114,562000.368025107,4896680.80013966,hja2016_188,HJA-2016_soil_07,1,soil_enriched,540,45,0.08333333333333333,2.12,8023.154390830395,FALSE,0,TRUE,TRUE,TRUE
hja2016_145,155,sediment,2,345,81.2,565811.199727862,4897652.75721525,hja2016_188,HJA-2016_soil_07,1,soil_enriched,540,78,0.14444444444444443,3.2,4143.005879542107,TRUE,0.6666666666666666,FALSE,FALSE,FALSE
hja2016_146,156,sediment,5,24,2575.9,566141.185154761,4897558.76136638,hja2016_188,HJA-2016_soil_07,1,soil_enriched,540,56,0.1037037037037037,1.77,3816.410370341947,TRUE,1,TRUE,TRUE,TRUE
hja2016_147,163,sediment,5,63,6126.6,559726.468447026,4896111.82526722,hja2016_188,HJA-2016_soil_07,1,soil_enriched,540,192,0.35555555555555557,9.3,10355.62934133148,TRUE,1,TRUE,TRUE,TRUE
hja2016_148,165,sediment,2,494,27.9,564789.244860317,4900155.64668049,hja2016_188,HJA-2016_soil_07,1,soil_enriched,540,81,0.15,2.71,5701.066710775601,FALSE,0,TRUE,FALSE,FALSE
hja2016_150,53,sediment,3,78,280.7,568092.098996817,4898223.73199937,hja2016_188,HJA-2016_soil_07,1,soil_enriched,540,59,0.10925925925925926,1.92,1922.9950417117375,FALSE,0,TRUE,TRUE,TRUE
hja2016_151,64,sediment,2,163,33.5,570527.99142083,4895508.85189625,hja2016_188,HJA-2016_soil_07,1,soil_enriched,540,209,0.387037037037037,8.35,2304.0762190300247,FALSE,0,TRUE,FALSE,FALSE
hja2016_152,66,sediment,4,79,1360.7,567970.104384448,4898153.73509064,hja2016_188,HJA-2016_soil_07,1,soil_enriched,540,62,0.11481481481481481,1.64,2025.856935941587,TRUE,1,TRUE,TRUE,TRUE
hja2016_155,82,sediment,2,536,36.6,564452.259742545,4899854.65997292,hja2016_188,HJA-2016_soil_07,1,soil_enriched,540,72,0.13333333333333333,2.75,5893.439526764576,FALSE,0,TRUE,TRUE,TRUE
hja2016_157,43,sediment,1,538,7.8,567346.131940859,4898257.7304979,hja2016_188,HJA-2016_soil_07,1,soil_enriched,540,52,0.0962962962962963,1.5,2658.0414919826685,FALSE,0,TRUE,FALSE,FALSE
hja2016_159,49,sediment,5,40,3399.1,563281.311454976,4898046.73981585,hja2016_188,HJA-2016_soil_07,1,soil_enriched,540,53,0.09814814814814815,1.71,6679.01597166865,TRUE,1,TRUE,TRUE,TRUE
hja2016_160,50,sediment,5,41,4956.4,563054.321479503,4898132.73601802,hja2016_188,HJA-2016_soil_07,1,soil_enriched,540,29,0.053703703703703705,0.71,6910.1270281218785,TRUE,1,TRUE,TRUE,TRUE
hja2016_031,161,hyporheic,5,51,5699.1,561109.407372482,4897170.77850081,hja2016_188,HJA-2016_soil_07,1,soil_enriched,540,5,0.009259259259259259,1.31,8862.183553011997,TRUE,1,TRUE,TRUE,TRUE
hja2016_032,54,hyporheic,3,363,207.7,561802.376768968,4897363.76997776,hja2016_188,HJA-2016_soil_07,1,soil_enriched,540,4,0.007407407407407408,0.43,8159.591134056102,FALSE,0,TRUE,TRUE,TRUE
hja2016_035,192,hyporheic,2,542,28.5,564620.252323511,4897836.74908965,hja2016_188,HJA-2016_soil_07,1,soil_enriched,540,4,0.007407407407407408,0.59,5333.908102517981,FALSE,0,TRUE,TRUE,TRUE
hja2016_037,43,hyporheic,1,538,7.8,567346.131940859,4898257.7304979,hja2016_188,HJA-2016_soil_07,1,soil_enriched,540,0,0,0,2658.0414919826685,FALSE,0,TRUE,FALSE,FALSE
hja2016_042,165,planktonic,2,494,27.9,564789.244860317,4900155.64668049,hja2016_188,HJA-2016_soil_07,1,soil_enriched,540,1,0.001851851851851852,0.07,5701.066710775601,FALSE,0,TRUE,FALSE,FALSE
hja2016_043,KC-2,hyporheic,3,362,114.2,561999.368069268,4896735.79771081,hja2016_188,HJA-2016_soil_07,1,soil_enriched,540,5,0.009259259259259259,1.12,8017.070482619889,FALSE,0,TRUE,TRUE,TRUE
hja2016_049,67,planktonic,4,83,1558.1,567119.141965387,4897968.74326041,hja2016_188,HJA-2016_soil_07,1,soil_enriched,540,2,0.003703703703703704,0.06,2843.350491880963,TRUE,1,TRUE,TRUE,TRUE
hja2016_050,165,hyporheic,2,494,27.9,564789.244860317,4900155.64668049,hja2016_188,HJA-2016_soil_07,1,soil_enriched,540,12,0.022222222222222223,0.89,5701.066710775601,FALSE,0,TRUE,FALSE,FALSE
hja2016_052,163,hyporheic,5,63,6126.6,559726.468447026,4896111.82526722,hja2016_188,HJA-2016_soil_07,1,soil_enriched,540,7,0.012962962962962963,0.54,10355.62934133148,TRUE,1,TRUE,TRUE,TRUE
hja2016_056,KC-1,hyporheic,3,362,114.7,562012.367495176,4896802.79475203,hja2016_188,HJA-2016_soil_07,1,soil_enriched,540,14,0.025925925925925925,0.76,7996.043590705439,FALSE,0,TRUE,TRUE,TRUE
hja2016_057,71,hyporheic,3,556,101.7,562662.338790582,4897988.74237719,hja2016_188,HJA-2016_soil_07,1,soil_enriched,540,3,0.005555555555555556,0.68,7295.18437473543,FALSE,0,TRUE,TRUE,TRUE
hja2016_059,KC-2,planktonic,3,362,114.2,561999.368069268,4896735.79771081,hja2016_188,HJA-2016_soil_07,1,soil_enriched,540,8,0.014814814814814815,1.14,8017.070482619889,FALSE,0,TRUE,TRUE,TRUE
hja2016_062,WS3-3,hyporheic,2,511,93.4,560639.428128111,4896408.81215143,hja2016_188,HJA-2016_soil_07,1,soil_enriched,540,9,0.016666666666666666,0.66,9408.520590833115,FALSE,0,TRUE,TRUE,TRUE
hja2016_064,WS3-4,planktonic,2,510,81.3,560692.425787583,4896348.81480109,hja2016_188,HJA-2016_soil_07,1,soil_enriched,540,3,0.005555555555555556,0.48,9364.784606692025,FALSE,0,TRUE,TRUE,TRUE
hja2016_099,162,planktonic,5,66,6208.4,559348.485139852,4895468.85366269,hja2016_188,HJA-2016_soil_07,1,soil_enriched,540,3,0.005555555555555556,0.23,10845.291455262326,TRUE,1,TRUE,TRUE,TRUE
hja2016_100,64,planktonic,2,163,33.5,570527.99142083,4895508.85189625,hja2016_188,HJA-2016_soil_07,1,soil_enriched,540,4,0.007407407407407408,0.1,2304.0762190300247,FALSE,0,TRUE,FALSE,FALSE
hja2016_101,58,planktonic,3,385,67.2,566998.147308857,4898497.71989928,hja2016_188,HJA-2016_soil_07,1,soil_enriched,540,6,0.011111111111111112,0.13,3050.708355176634,FALSE,0,TRUE,TRUE,TRUE
hja2016_102,73,hyporheic,2,255,137,566310.177691566,4896786.79545861,hja2016_188,HJA-2016_soil_07,1,soil_enriched,540,4,0.007407407407407408,0.18,3765.7699892612886,FALSE,0,TRUE,TRUE,TRUE
hja2016_103,260,planktonic,4,23,866.1,566425.172613061,4897456.76587079,hja2016_188,HJA-2016_soil_07,1,soil_enriched,540,17,0.03148148148148148,0.42,3539.4710167967696,TRUE,0.6666666666666666,FALSE,FALSE,FALSE
hja2016_105,178,planktonic,2,411,19.9,566185.18321168,4901793.57434491,hja2016_188,HJA-2016_soil_07,1,soil_enriched,540,10,0.018518518518518517,0.37,5534.367438026774,FALSE,0,TRUE,TRUE,TRUE
hja2016_106,170,planktonic,2,229,49.4,570659.985591589,4896908.79007097,hja2016_188,HJA-2016_soil_07,1,soil_enriched,540,1,0.001851851851851852,0.04,1091.1033363755566,FALSE,0,TRUE,FALSE,FALSE
hja2016_107,57,hyporheic,4,131,1488.8,563668.294364702,4898599.71539487,hja2016_188,HJA-2016_soil_07,1,soil_enriched,540,8,0.014814814814814815,0.25,6343.503657636255,FALSE,0,TRUE,TRUE,TRUE
hja2016_109,169,planktonic,2,144,53.5,568641.074752475,4902527.5419308,hja2016_188,HJA-2016_soil_07,1,soil_enriched,540,5,0.009259259259259259,0.4,4964.017620482448,FALSE,0,TRUE,TRUE,TRUE
hja2016_110,76,hyporheic,3,150,303.5,570464.994202967,4896947.7883487,hja2016_188,HJA-2016_soil_07,1,soil_enriched,540,4,0.007407407407407408,0.18,943.190510688023,FALSE,0,TRUE,TRUE,TRUE
hja2016_111,160,planktonic,5,24,2569.5,566416.173010509,4897492.764281,hja2016_188,HJA-2016_soil_07,1,soil_enriched,540,7,0.012962962962962963,0.26,3545.748980302721,TRUE,1,TRUE,TRUE,TRUE
hja2016_114,WS1-5,planktonic,2,522,87.9,559517.477676657,4895016.87362342,hja2016_188,HJA-2016_soil_07,1,soil_enriched,540,10,0.018518518518518517,0.25,10785.269840088382,FALSE,0,TRUE,TRUE,TRUE
hja2016_116,53,planktonic,3,78,280.7,568092.098996817,4898223.73199937,hja2016_188,HJA-2016_soil_07,1,soil_enriched,540,5,0.009259259259259259,0.25,1922.9950417117375,FALSE,0,TRUE,TRUE,TRUE
hja2016_119,56,planktonic,3,321,99.5,562839.3309741,4897811.75019367,hja2016_188,HJA-2016_soil_07,1,soil_enriched,540,13,0.024074074074074074,0.41,7114.31458527304,FALSE,0,TRUE,TRUE,TRUE
hja2016_121,84,hyporheic,4,112,622.7,566447.171641521,4900685.6232752,hja2016_188,HJA-2016_soil_07,1,soil_enriched,540,4,0.007407407407407408,0.07,4579.183509080627,FALSE,0,TRUE,TRUE,TRUE
hja2016_122,45,sediment,3,390,193.2,565977.192397151,4897892.74661664,hja2016_188,HJA-2016_soil_07,1,soil_enriched,540,48,0.08888888888888889,1.6,3979.0213345659004,FALSE,0,TRUE,TRUE,TRUE
hja2016_125,56,sediment,3,321,99.5,562839.3309741,4897811.75019367,hja2016_188,HJA-2016_soil_07,1,soil_enriched,540,55,0.10185185185185185,1.73,7114.31458527304,FALSE,0,TRUE,TRUE,TRUE
hja2016_164,260,sediment,4,23,866.1,566425.172613061,4897456.76587079,hja2016_188,HJA-2016_soil_07,1,soil_enriched,540,74,0.13703703703703704,2.64,3539.4710167967696,TRUE,0.6666666666666666,FALSE,FALSE,FALSE
hja2016_166,57,sediment,4,131,1488.8,563668.294364702,4898599.71539487,hja2016_188,HJA-2016_soil_07,1,soil_enriched,540,35,0.06481481481481481,0.84,6343.503657636255,FALSE,0,TRUE,TRUE,TRUE
hja2016_167,WS3-1,sediment,2,511,96.4,560508.433913191,4896516.80738205,hja2016_188,HJA-2016_soil_07,1,soil_enriched,540,151,0.2796296296296296,9.15,9523.741849313248,FALSE,0,TRUE,TRUE,TRUE
hja2016_169,WS3-2,sediment,2,511,95.7,560554.431881789,4896487.80866272,hja2016_188,HJA-2016_soil_07,1,soil_enriched,540,175,0.32407407407407407,9.43,9481.913078667265,FALSE,0,TRUE,TRUE,TRUE
hja2016_170,WS3-3,sediment,2,511,93.4,560639.428128111,4896408.81215143,hja2016_188,HJA-2016_soil_07,1,soil_enriched,540,60,0.1111111111111111,1.59,9408.520590833115,FALSE,0,TRUE,TRUE,TRUE
hja2016_177,WS1-3,sediment,2,522,92.1,559404.482666841,4895069.8712829,hja2016_188,HJA-2016_soil_07,1,soil_enriched,540,86,0.15925925925925927,3.19,10881.514640849435,FALSE,0,TRUE,TRUE,TRUE
hja2016_179,WS1-5,sediment,2,522,87.9,559517.477676657,4895016.87362342,hja2016_188,HJA-2016_soil_07,1,soil_enriched,540,70,0.12962962962962962,2.29,10785.269840088382,FALSE,0,TRUE,TRUE,TRUE
hja2016_180,WS1-6,sediment,2,522,82.7,559631.472642313,4894993.87463913,hja2016_188,HJA-2016_soil_07,1,soil_enriched,540,31,0.05740740740740741,0.91,10680.897592661751,FALSE,0,TRUE,TRUE,TRUE
hja2016_181,177,sediment,1,452,14.8,565808.199860345,4901620.58198475,hja2016_188,HJA-2016_soil_07,1,soil_enriched,540,56,0.1037037037037037,1.35,5678.014577912523,FALSE,0,TRUE,TRUE,TRUE
hja2016_001,50,planktonic,5,41,4956.4,563054.321479503,4898132.73601802,hja2016_189,HJA-2016_soil_08,1,soil_detected,1430,5,0.0034965034965034965,1.52,7620.090001343134,TRUE,1,TRUE,TRUE,TRUE
hja2016_008,WS3-1,hyporheic,2,511,96.4,560508.433913191,4896516.80738205,hja2016_189,HJA-2016_soil_08,1,soil_detected,1430,24,0.016783216783216783,4.62,10095.980093538014,FALSE,0,TRUE,TRUE,TRUE
hja2016_009,60,hyporheic,2,316,43.1,567391.129953618,4898693.71124374,hja2016_189,HJA-2016_soil_08,1,soil_detected,1430,19,0.013286713286713287,4.81,3614.145359880108,FALSE,0,TRUE,FALSE,FALSE
hja2016_010,164,planktonic,3,502,60.8,560307.442789535,4895737.8417834,hja2016_189,HJA-2016_soil_08,1,soil_detected,1430,5,0.0034965034965034965,1.6,10363.714786462277,FALSE,0,TRUE,TRUE,TRUE
hja2016_011,WS1-6,planktonic,2,522,82.7,559631.472642313,4894993.87463913,hja2016_189,HJA-2016_soil_08,1,soil_detected,1430,36,0.025174825174825177,2.64,11145.51467965544,FALSE,0,TRUE,TRUE,TRUE
hja2016_013,WS1-4,planktonic,2,522,89.8,559453.480502956,4895042.87247524,hja2016_189,HJA-2016_soil_08,1,soil_detected,1430,27,0.01888111888111888,4.06,11311.952126813641,FALSE,0,TRUE,TRUE,TRUE
hja2016_014,WS1-6,hyporheic,2,522,82.7,559631.472642313,4894993.87463913,hja2016_189,HJA-2016_soil_08,1,soil_detected,1430,21,0.014685314685314685,5.09,11145.51467965544,FALSE,0,TRUE,TRUE,TRUE
hja2016_015,47,hyporheic,4,134,1550.1,563254.31264732,4898130.73610634,hja2016_189,HJA-2016_soil_08,1,soil_detected,1430,7,0.0048951048951048955,2.35,7422.016725895785,FALSE,0,TRUE,TRUE,TRUE
hja2016_016,74,hyporheic,2,373,70,565310.221852481,4897724.75403567,hja2016_189,HJA-2016_soil_08,1,soil_detected,1430,4,0.002797202797202797,0.56,5329.250656425102,FALSE,0,TRUE,TRUE,TRUE
hja2016_018,WS1-5,hyporheic,2,522,87.9,559517.477676657,4895016.87362342,hja2016_189,HJA-2016_soil_08,1,soil_detected,1430,29,0.02027972027972028,1.99,11253.529817429338,FALSE,0,TRUE,TRUE,TRUE
hja2016_019,155,hyporheic,2,345,81.2,565811.199727862,4897652.75721525,hja2016_189,HJA-2016_soil_08,1,soil_detected,1430,30,0.02097902097902098,5.74,4823.149863909543,TRUE,0.6666666666666666,FALSE,FALSE,FALSE
hja2016_020,WS1-2,hyporheic,2,522,93.6,559354.484874886,4895103.86978142,hja2016_189,HJA-2016_soil_08,1,soil_detected,1430,46,0.032167832167832165,3.01,11399.055287412546,FALSE,0,TRUE,TRUE,TRUE
hja2016_021,156,hyporheic,5,24,2575.9,566141.185154761,4897558.76136638,hja2016_189,HJA-2016_soil_08,1,soil_detected,1430,8,0.005594405594405594,1.9,4483.9137414836305,TRUE,1,TRUE,TRUE,TRUE
hja2016_027,WS3-6,planktonic,2,510,78.4,560819.420179147,4896235.81979127,hja2016_189,HJA-2016_soil_08,1,soil_detected,1430,15,0.01048951048951049,1.88,9803.726618668808,FALSE,0,TRUE,TRUE,TRUE
hja2016_065,68,hyporheic,5,30,3032.2,565145.229139031,4897899.74630751,hja2016_189,HJA-2016_soil_08,1,soil_detected,1430,47,0.032867132867132866,6.9,5518.140619933089,TRUE,1,TRUE,TRUE,TRUE
hja2016_066,49,hyporheic,5,40,3399.1,563281.311454976,4898046.73981585,hja2016_189,HJA-2016_soil_08,1,soil_detected,1430,43,0.03006993006993007,4.2,7383.127085134172,TRUE,1,TRUE,TRUE,TRUE
hja2016_070,56,hyporheic,3,321,99.5,562839.3309741,4897811.75019367,hja2016_189,HJA-2016_soil_08,1,soil_detected,1430,21,0.014685314685314685,2.56,7793.521088755496,FALSE,0,TRUE,TRUE,TRUE
hja2016_071,164,hyporheic,3,502,60.8,560307.442789535,4895737.8417834,hja2016_189,HJA-2016_soil_08,1,soil_detected,1430,49,0.03426573426573427,3.8,10363.714786462277,FALSE,0,TRUE,TRUE,TRUE
hja2016_075,260,hyporheic,4,23,866.1,566425.172613061,4897456.76587079,hja2016_189,HJA-2016_soil_08,1,soil_detected,1430,26,0.01818181818181818,4.9,4190.196024805917,TRUE,0.6666666666666666,FALSE,FALSE,FALSE
hja2016_078,CC-1,hyporheic,2,183,64,569956.016680872,4897740.75332909,hja2016_189,HJA-2016_soil_08,1,soil_detected,1430,29,0.02027972027972028,4.54,964.5616479714186,FALSE,0,TRUE,TRUE,TRUE
hja2016_079,64,hyporheic,2,163,33.5,570527.99142083,4895508.85189625,hja2016_189,HJA-2016_soil_08,1,soil_detected,1430,54,0.03776223776223776,6.54,1508.1443737294849,FALSE,0,TRUE,FALSE,FALSE
hja2016_084,177,hyporheic,1,452,14.8,565808.199860345,4901620.58198475,hja2016_189,HJA-2016_soil_08,1,soil_detected,1430,25,0.017482517482517484,6.35,6640.11214234545,FALSE,0,TRUE,TRUE,TRUE
hja2016_127,60,sediment,2,316,43.1,567391.129953618,4898693.71124374,hja2016_189,HJA-2016_soil_08,1,soil_detected,1430,111,0.07762237762237763,6,3614.145359880108,FALSE,0,TRUE,FALSE,FALSE
hja2016_129,72,sediment,4,16,568.3,566542.167446234,4896499.80813279,hja2016_189,HJA-2016_soil_08,1,soil_detected,1430,188,0.13146853146853146,11.41,4082.6333482604923,FALSE,0,TRUE,TRUE,TRUE
hja2016_131,74,sediment,2,373,70,565310.221852481,4897724.75403567,hja2016_189,HJA-2016_soil_08,1,soil_detected,1430,203,0.14195804195804196,11.57,5329.250656425102,FALSE,0,TRUE,TRUE,TRUE
hja2016_132,84,sediment,4,112,622.7,566447.171641521,4900685.6232752,hja2016_189,HJA-2016_soil_08,1,soil_detected,1430,217,0.15174825174825174,10.7,5536.164377725709,FALSE,0,TRUE,TRUE,TRUE
hja2016_133,161,sediment,5,51,5699.1,561109.407372482,4897170.77850081,hja2016_189,HJA-2016_soil_08,1,soil_detected,1430,358,0.25034965034965034,22.63,9483.945057711348,TRUE,1,TRUE,TRUE,TRUE
hja2016_135,169,sediment,2,144,53.5,568641.074752475,4902527.5419308,hja2016_189,HJA-2016_soil_08,1,soil_detected,1430,203,0.14195804195804196,11.91,5847.013422289788,FALSE,0,TRUE,TRUE,TRUE
hja2016_136,190,sediment,1,546,14.2,564169.272240084,4897881.7471024,hja2016_189,HJA-2016_soil_08,1,soil_detected,1430,159,0.11118881118881119,9.57,6480.945534006087,FALSE,0,TRUE,FALSE,FALSE
hja2016_139,CC-2,sediment,2,183,63.6,569992.01509108,4897760.75244588,hja2016_189,HJA-2016_soil_08,1,soil_detected,1430,174,0.12167832167832168,8.88,956.7046277898916,FALSE,0,TRUE,TRUE,TRUE
hja2016_140,CC-3,sediment,2,183,63,570038.013059678,4897795.75090024,hja2016_189,HJA-2016_soil_08,1,soil_detected,1430,170,0.11888111888111888,9.15,956.857674413576,FALSE,0,TRUE,TRUE,TRUE
hja2016_141,CC-4,sediment,2,183,58.5,570162.007583724,4897831.74931045,hja2016_189,HJA-2016_soil_08,1,soil_detected,1430,161,0.11258741258741259,10.57,922.501881063335,FALSE,0,TRUE,TRUE,TRUE
hja2016_142,KC-1,sediment,3,362,114.7,562012.367495176,4896802.79475203,hja2016_189,HJA-2016_soil_08,1,soil_detected,1430,137,0.0958041958041958,8.57,8582.35543778184,FALSE,0,TRUE,TRUE,TRUE
hja2016_144,KC-3,sediment,3,362,114,562000.368025107,4896680.80013966,hja2016_189,HJA-2016_soil_08,1,soil_detected,1430,123,0.08601398601398601,9.91,8598.237380564147,FALSE,0,TRUE,TRUE,TRUE
hja2016_145,155,sediment,2,345,81.2,565811.199727862,4897652.75721525,hja2016_189,HJA-2016_soil_08,1,soil_detected,1430,195,0.13636363636363635,11.37,4823.149863909543,TRUE,0.6666666666666666,FALSE,FALSE,FALSE
hja2016_146,156,sediment,5,24,2575.9,566141.185154761,4897558.76136638,hja2016_189,HJA-2016_soil_08,1,soil_detected,1430,144,0.1006993006993007,7.86,4483.9137414836305,TRUE,1,TRUE,TRUE,TRUE
hja2016_147,163,sediment,5,63,6126.6,559726.468447026,4896111.82526722,hja2016_189,HJA-2016_soil_08,1,soil_detected,1430,377,0.2636363636363636,21.06,10903.139794941539,TRUE,1,TRUE,TRUE,TRUE
hja2016_148,165,sediment,2,494,27.9,564789.244860317,4900155.64668049,hja2016_189,HJA-2016_soil_08,1,soil_detected,1430,178,0.12447552447552447,9.4,6597.925102899329,FALSE,0,TRUE,FALSE,FALSE
hja2016_150,53,sediment,3,78,280.7,568092.098996817,4898223.73199937,hja2016_189,HJA-2016_soil_08,1,soil_detected,1430,151,0.1055944055944056,8.53,2776.5847951051264,FALSE,0,TRUE,TRUE,TRUE
hja2016_151,64,sediment,2,163,33.5,570527.99142083,4895508.85189625,hja2016_189,HJA-2016_soil_08,1,soil_detected,1430,413,0.28881118881118883,19.8,1508.1443737294849,FALSE,0,TRUE,FALSE,FALSE
hja2016_152,66,sediment,4,79,1360.7,567970.104384448,4898153.73509064,hja2016_189,HJA-2016_soil_08,1,soil_detected,1430,161,0.11258741258741259,6.9,2858.3296424097116,TRUE,1,TRUE,TRUE,TRUE
hja2016_155,82,sediment,2,536,36.6,564452.259742545,4899854.65997292,hja2016_189,HJA-2016_soil_08,1,soil_detected,1430,178,0.12447552447552447,9.07,6764.4293019837405,FALSE,0,TRUE,TRUE,TRUE
hja2016_157,43,sediment,1,538,7.8,567346.131940859,4898257.7304979,hja2016_189,HJA-2016_soil_08,1,soil_detected,1430,128,0.08951048951048951,5.44,3475.486279533234,FALSE,0,TRUE,FALSE,FALSE
hja2016_159,49,sediment,5,40,3399.1,563281.311454976,4898046.73981585,hja2016_189,HJA-2016_soil_08,1,soil_detected,1430,136,0.0951048951048951,9,7383.127085134172,TRUE,1,TRUE,TRUE,TRUE
hja2016_160,50,sediment,5,41,4956.4,563054.321479503,4898132.73601802,hja2016_189,HJA-2016_soil_08,1,soil_detected,1430,89,0.062237762237762236,3.67,7620.090001343134,TRUE,1,TRUE,TRUE,TRUE
hja2016_031,161,hyporheic,5,51,5699.1,561109.407372482,4897170.77850081,hja2016_189,HJA-2016_soil_08,1,soil_detected,1430,8,0.005594405594405594,2.9,9483.945057711348,TRUE,1,TRUE,TRUE,TRUE
hja2016_032,54,hyporheic,3,363,207.7,561802.376768968,4897363.76997776,hja2016_189,HJA-2016_soil_08,1,soil_detected,1430,14,0.009790209790209791,3.89,8796.598254277265,FALSE,0,TRUE,TRUE,TRUE
hja2016_035,192,hyporheic,2,542,28.5,564620.252323511,4897836.74908965,hja2016_189,HJA-2016_soil_08,1,soil_detected,1430,17,0.011888111888111888,3.35,6028.017611289322,FALSE,0,TRUE,TRUE,TRUE
hja2016_037,43,hyporheic,1,538,7.8,567346.131940859,4898257.7304979,hja2016_189,HJA-2016_soil_08,1,soil_detected,1430,10,0.006993006993006993,2.29,3475.486279533234,FALSE,0,TRUE,FALSE,FALSE
hja2016_042,165,planktonic,2,494,27.9,564789.244860317,4900155.64668049,hja2016_189,HJA-2016_soil_08,1,soil_detected,1430,10,0.006993006993006993,1.56,6597.925102899329,FALSE,0,TRUE,FALSE,FALSE
hja2016_043,KC-2,hyporheic,3,362,114.2,561999.368069268,4896735.79771081,hja2016_189,HJA-2016_soil_08,1,soil_detected,1430,14,0.009790209790209791,3.31,8597.270751937693,FALSE,0,TRUE,TRUE,TRUE
hja2016_049,67,planktonic,4,83,1558.1,567119.141965387,4897968.74326041,hja2016_189,HJA-2016_soil_08,1,soil_detected,1430,6,0.004195804195804196,1,3601.3524719348575,TRUE,1,TRUE,TRUE,TRUE
hja2016_050,165,hyporheic,2,494,27.9,564789.244860317,4900155.64668049,hja2016_189,HJA-2016_soil_08,1,soil_detected,1430,33,0.023076923076923078,3.27,6597.925102899329,FALSE,0,TRUE,FALSE,FALSE
hja2016_052,163,hyporheic,5,63,6126.6,559726.468447026,4896111.82526722,hja2016_189,HJA-2016_soil_08,1,soil_detected,1430,34,0.023776223776223775,4.04,10903.139794941539,TRUE,1,TRUE,TRUE,TRUE
hja2016_056,KC-1,hyporheic,3,362,114.7,562012.367495176,4896802.79475203,hja2016_189,HJA-2016_soil_08,1,soil_detected,1430,40,0.027972027972027972,3.98,8582.35543778184,FALSE,0,TRUE,TRUE,TRUE
hja2016_057,71,hyporheic,3,556,101.7,562662.338790582,4897988.74237719,hja2016_189,HJA-2016_soil_08,1,soil_detected,1430,17,0.011888111888111888,4.11,7989.229583387442,FALSE,0,TRUE,TRUE,TRUE
hja2016_059,KC-2,planktonic,3,362,114.2,561999.368069268,4896735.79771081,hja2016_189,HJA-2016_soil_08,1,soil_detected,1430,37,0.025874125874125874,4.14,8597.270751937693,FALSE,0,TRUE,TRUE,TRUE
hja2016_062,WS3-3,hyporheic,2,511,93.4,560639.428128111,4896408.81215143,hja2016_189,HJA-2016_soil_08,1,soil_detected,1430,41,0.028671328671328673,2.72,9971.137285299243,FALSE,0,TRUE,TRUE,TRUE
hja2016_064,WS3-4,planktonic,2,510,81.3,560692.425787583,4896348.81480109,hja2016_189,HJA-2016_soil_08,1,soil_detected,1430,16,0.011188811188811189,3.09,9922.08988625604,FALSE,0,TRUE,TRUE,TRUE
hja2016_099,162,planktonic,5,66,6208.4,559348.485139852,4895468.85366269,hja2016_189,HJA-2016_soil_08,1,soil_detected,1430,20,0.013986013986013986,0.8,11349.494693901986,TRUE,1,TRUE,TRUE,TRUE
hja2016_100,64,planktonic,2,163,33.5,570527.99142083,4895508.85189625,hja2016_189,HJA-2016_soil_08,1,soil_detected,1430,12,0.008391608391608392,0.37,1508.1443737294849,FALSE,0,TRUE,FALSE,FALSE
hja2016_101,58,planktonic,3,385,67.2,566998.147308857,4898497.71989928,hja2016_189,HJA-2016_soil_08,1,soil_detected,1430,24,0.016783216783216783,0.67,3887.5385027709062,FALSE,0,TRUE,TRUE,TRUE
hja2016_102,73,hyporheic,2,255,137,566310.177691566,4896786.79545861,hja2016_189,HJA-2016_soil_08,1,soil_detected,1430,20,0.013986013986013986,0.78,4288.016228603595,FALSE,0,TRUE,TRUE,TRUE
hja2016_103,260,planktonic,4,23,866.1,566425.172613061,4897456.76587079,hja2016_189,HJA-2016_soil_08,1,soil_detected,1430,49,0.03426573426573427,1.87,4190.196024805917,TRUE,0.6666666666666666,FALSE,FALSE,FALSE
hja2016_105,178,planktonic,2,411,19.9,566185.18321168,4901793.57434491,hja2016_189,HJA-2016_soil_08,1,soil_detected,1430,30,0.02097902097902098,0.92,6499.960377436466,FALSE,0,TRUE,TRUE,TRUE
hja2016_106,170,planktonic,2,229,49.4,570659.985591589,4896908.79007097,hja2016_189,HJA-2016_soil_08,1,soil_detected,1430,10,0.006993006993006993,0.26,126.59499456271408,FALSE,0,TRUE,FALSE,FALSE
hja2016_107,57,hyporheic,4,131,1488.8,563668.294364702,4898599.71539487,hja2016_189,HJA-2016_soil_08,1,soil_detected,1430,28,0.019580419580419582,0.79,7102.687424501715,FALSE,0,TRUE,TRUE,TRUE
hja2016_109,169,planktonic,2,144,53.5,568641.074752475,4902527.5419308,hja2016_189,HJA-2016_soil_08,1,soil_detected,1430,22,0.015384615384615385,1.1,5847.013422289788,FALSE,0,TRUE,TRUE,TRUE
hja2016_110,76,hyporheic,3,150,303.5,570464.994202967,4896947.7883487,hja2016_189,HJA-2016_soil_08,1,soil_detected,1430,18,0.012587412587412588,0.66,144.06477344289544,FALSE,0.1111111111111111,FALSE,TRUE,FALSE
hja2016_111,160,planktonic,5,24,2569.5,566416.173010509,4897492.764281,hja2016_189,HJA-2016_soil_08,1,soil_detected,1430,34,0.023776223776223775,1.01,4203.079917533298,TRUE,1,TRUE,TRUE,TRUE
hja2016_114,WS1-5,planktonic,2,522,87.9,559517.477676657,4895016.87362342,hja2016_189,HJA-2016_soil_08,1,soil_detected,1430,31,0.021678321678321677,0.85,11253.529817429338,FALSE,0,TRUE,TRUE,TRUE
hja2016_116,53,planktonic,3,78,280.7,568092.098996817,4898223.73199937,hja2016_189,HJA-2016_soil_08,1,soil_detected,1430,27,0.01888111888111888,0.89,2776.5847951051264,FALSE,0,TRUE,TRUE,TRUE
hja2016_119,56,planktonic,3,321,99.5,562839.3309741,4897811.75019367,hja2016_189,HJA-2016_soil_08,1,soil_detected,1430,52,0.03636363636363636,1.71,7793.521088755496,FALSE,0,TRUE,TRUE,TRUE
hja2016_121,84,hyporheic,4,112,622.7,566447.171641521,4900685.6232752,hja2016_189,HJA-2016_soil_08,1,soil_detected,1430,13,0.00909090909090909,0.18,5536.164377725709,FALSE,0,TRUE,TRUE,TRUE
hja2016_122,45,sediment,3,390,193.2,565977.192397151,4897892.74661664,hja2016_189,HJA-2016_soil_08,1,soil_detected,1430,139,0.0972027972027972,8.97,4697.504183586255,FALSE,0,TRUE,TRUE,TRUE
hja2016_125,56,sediment,3,321,99.5,562839.3309741,4897811.75019367,hja2016_189,HJA-2016_soil_08,1,soil_detected,1430,143,0.1,9.37,7793.521088755496,FALSE,0,TRUE,TRUE,TRUE
hja2016_164,260,sediment,4,23,866.1,566425.172613061,4897456.76587079,hja2016_189,HJA-2016_soil_08,1,soil_detected,1430,196,0.13706293706293707,9.39,4190.196024805917,TRUE,0.6666666666666666,FALSE,FALSE,FALSE
hja2016_166,57,sediment,4,131,1488.8,563668.294364702,4898599.71539487,hja2016_189,HJA-2016_soil_08,1,soil_detected,1430,114,0.07972027972027972,3.75,7102.687424501715,FALSE,0,TRUE,TRUE,TRUE
hja2016_167,WS3-1,sediment,2,511,96.4,560508.433913191,4896516.80738205,hja2016_189,HJA-2016_soil_08,1,soil_detected,1430,325,0.22727272727272727,21.24,10095.980093538014,FALSE,0,TRUE,TRUE,TRUE
hja2016_169,WS3-2,sediment,2,511,95.7,560554.431881789,4896487.80866272,hja2016_189,HJA-2016_soil_08,1,soil_detected,1430,347,0.24265734265734265,21.35,10051.51961945439,FALSE,0,TRUE,TRUE,TRUE
hja2016_170,WS3-3,sediment,2,511,93.4,560639.428128111,4896408.81215143,hja2016_189,HJA-2016_soil_08,1,soil_detected,1430,140,0.0979020979020979,5.61,9971.137285299243,FALSE,0,TRUE,TRUE,TRUE
hja2016_177,WS1-3,sediment,2,522,92.1,559404.482666841,4895069.8712829,hja2016_189,HJA-2016_soil_08,1,soil_detected,1430,197,0.13776223776223775,12.33,11355.54494999942,FALSE,0,TRUE,TRUE,TRUE
hja2016_179,WS1-5,sediment,2,522,87.9,559517.477676657,4895016.87362342,hja2016_189,HJA-2016_soil_08,1,soil_detected,1430,156,0.10909090909090909,9.52,11253.529817429338,FALSE,0,TRUE,TRUE,TRUE
hja2016_180,WS1-6,sediment,2,522,82.7,559631.472642313,4894993.87463913,hja2016_189,HJA-2016_soil_08,1,soil_detected,1430,101,0.07062937062937064,3.83,11145.51467965544,FALSE,0,TRUE,TRUE,TRUE
hja2016_181,177,sediment,1,452,14.8,565808.199860345,4901620.58198475,hja2016_189,HJA-2016_soil_08,1,soil_detected,1430,149,0.1041958041958042,5.78,6640.11214234545,FALSE,0,TRUE,TRUE,TRUE
hja2016_001,50,planktonic,5,41,4956.4,563054.321479503,4898132.73601802,hja2016_189,HJA-2016_soil_08,1,soil_enriched,794,1,0.0012594458438287153,0.04,7620.090001343134,TRUE,1,TRUE,TRUE,TRUE
hja2016_008,WS3-1,hyporheic,2,511,96.4,560508.433913191,4896516.80738205,hja2016_189,HJA-2016_soil_08,1,soil_enriched,794,6,0.007556675062972292,0.74,10095.980093538014,FALSE,0,TRUE,TRUE,TRUE
hja2016_009,60,hyporheic,2,316,43.1,567391.129953618,4898693.71124374,hja2016_189,HJA-2016_soil_08,1,soil_enriched,794,5,0.006297229219143577,0.44,3614.145359880108,FALSE,0,TRUE,FALSE,FALSE
hja2016_010,164,planktonic,3,502,60.8,560307.442789535,4895737.8417834,hja2016_189,HJA-2016_soil_08,1,soil_enriched,794,0,0,0,10363.714786462277,FALSE,0,TRUE,TRUE,TRUE
hja2016_011,WS1-6,planktonic,2,522,82.7,559631.472642313,4894993.87463913,hja2016_189,HJA-2016_soil_08,1,soil_enriched,794,13,0.0163727959697733,0.89,11145.51467965544,FALSE,0,TRUE,TRUE,TRUE
hja2016_013,WS1-4,planktonic,2,522,89.8,559453.480502956,4895042.87247524,hja2016_189,HJA-2016_soil_08,1,soil_enriched,794,5,0.006297229219143577,0.61,11311.952126813641,FALSE,0,TRUE,TRUE,TRUE
hja2016_014,WS1-6,hyporheic,2,522,82.7,559631.472642313,4894993.87463913,hja2016_189,HJA-2016_soil_08,1,soil_enriched,794,3,0.003778337531486146,0.43,11145.51467965544,FALSE,0,TRUE,TRUE,TRUE
hja2016_015,47,hyporheic,4,134,1550.1,563254.31264732,4898130.73610634,hja2016_189,HJA-2016_soil_08,1,soil_enriched,794,1,0.0012594458438287153,0.47,7422.016725895785,FALSE,0,TRUE,TRUE,TRUE
hja2016_016,74,hyporheic,2,373,70,565310.221852481,4897724.75403567,hja2016_189,HJA-2016_soil_08,1,soil_enriched,794,1,0.0012594458438287153,0.05,5329.250656425102,FALSE,0,TRUE,TRUE,TRUE
hja2016_018,WS1-5,hyporheic,2,522,87.9,559517.477676657,4895016.87362342,hja2016_189,HJA-2016_soil_08,1,soil_enriched,794,9,0.011335012594458438,0.48,11253.529817429338,FALSE,0,TRUE,TRUE,TRUE
hja2016_019,155,hyporheic,2,345,81.2,565811.199727862,4897652.75721525,hja2016_189,HJA-2016_soil_08,1,soil_enriched,794,12,0.015113350125944584,2.6,4823.149863909543,TRUE,0.6666666666666666,FALSE,FALSE,FALSE
hja2016_020,WS1-2,hyporheic,2,522,93.6,559354.484874886,4895103.86978142,hja2016_189,HJA-2016_soil_08,1,soil_enriched,794,17,0.021410579345088162,0.79,11399.055287412546,FALSE,0,TRUE,TRUE,TRUE
hja2016_021,156,hyporheic,5,24,2575.9,566141.185154761,4897558.76136638,hja2016_189,HJA-2016_soil_08,1,soil_enriched,794,2,0.0025188916876574307,0.45,4483.9137414836305,TRUE,1,TRUE,TRUE,TRUE
hja2016_027,WS3-6,planktonic,2,510,78.4,560819.420179147,4896235.81979127,hja2016_189,HJA-2016_soil_08,1,soil_enriched,794,6,0.007556675062972292,0.61,9803.726618668808,FALSE,0,TRUE,TRUE,TRUE
hja2016_065,68,hyporheic,5,30,3032.2,565145.229139031,4897899.74630751,hja2016_189,HJA-2016_soil_08,1,soil_enriched,794,15,0.018891687657430732,1.76,5518.140619933089,TRUE,1,TRUE,TRUE,TRUE
hja2016_066,49,hyporheic,5,40,3399.1,563281.311454976,4898046.73981585,hja2016_189,HJA-2016_soil_08,1,soil_enriched,794,16,0.020151133501259445,1.02,7383.127085134172,TRUE,1,TRUE,TRUE,TRUE
hja2016_070,56,hyporheic,3,321,99.5,562839.3309741,4897811.75019367,hja2016_189,HJA-2016_soil_08,1,soil_enriched,794,8,0.010075566750629723,0.75,7793.521088755496,FALSE,0,TRUE,TRUE,TRUE
hja2016_071,164,hyporheic,3,502,60.8,560307.442789535,4895737.8417834,hja2016_189,HJA-2016_soil_08,1,soil_enriched,794,14,0.017632241813602016,0.91,10363.714786462277,FALSE,0,TRUE,TRUE,TRUE
hja2016_075,260,hyporheic,4,23,866.1,566425.172613061,4897456.76587079,hja2016_189,HJA-2016_soil_08,1,soil_enriched,794,7,0.008816120906801008,1.26,4190.196024805917,TRUE,0.6666666666666666,FALSE,FALSE,FALSE
hja2016_078,CC-1,hyporheic,2,183,64,569956.016680872,4897740.75332909,hja2016_189,HJA-2016_soil_08,1,soil_enriched,794,8,0.010075566750629723,1.12,964.5616479714186,FALSE,0,TRUE,TRUE,TRUE
hja2016_079,64,hyporheic,2,163,33.5,570527.99142083,4895508.85189625,hja2016_189,HJA-2016_soil_08,1,soil_enriched,794,22,0.027707808564231738,1.76,1508.1443737294849,FALSE,0,TRUE,FALSE,FALSE
hja2016_084,177,hyporheic,1,452,14.8,565808.199860345,4901620.58198475,hja2016_189,HJA-2016_soil_08,1,soil_enriched,794,7,0.008816120906801008,0.93,6640.11214234545,FALSE,0,TRUE,TRUE,TRUE
hja2016_127,60,sediment,2,316,43.1,567391.129953618,4898693.71124374,hja2016_189,HJA-2016_soil_08,1,soil_enriched,794,41,0.05163727959697733,1.26,3614.145359880108,FALSE,0,TRUE,FALSE,FALSE
hja2016_129,72,sediment,4,16,568.3,566542.167446234,4896499.80813279,hja2016_189,HJA-2016_soil_08,1,soil_enriched,794,108,0.13602015113350127,4.18,4082.6333482604923,FALSE,0,TRUE,TRUE,TRUE
hja2016_131,74,sediment,2,373,70,565310.221852481,4897724.75403567,hja2016_189,HJA-2016_soil_08,1,soil_enriched,794,107,0.13476070528967254,4.13,5329.250656425102,FALSE,0,TRUE,TRUE,TRUE
hja2016_132,84,sediment,4,112,622.7,566447.171641521,4900685.6232752,hja2016_189,HJA-2016_soil_08,1,soil_enriched,794,118,0.1486146095717884,3.12,5536.164377725709,FALSE,0,TRUE,TRUE,TRUE
hja2016_133,161,sediment,5,51,5699.1,561109.407372482,4897170.77850081,hja2016_189,HJA-2016_soil_08,1,soil_enriched,794,226,0.28463476070528965,11.55,9483.945057711348,TRUE,1,TRUE,TRUE,TRUE
hja2016_135,169,sediment,2,144,53.5,568641.074752475,4902527.5419308,hja2016_189,HJA-2016_soil_08,1,soil_enriched,794,109,0.13727959697732997,3.56,5847.013422289788,FALSE,0,TRUE,TRUE,TRUE
hja2016_136,190,sediment,1,546,14.2,564169.272240084,4897881.7471024,hja2016_189,HJA-2016_soil_08,1,soil_enriched,794,85,0.1070528967254408,2.57,6480.945534006087,FALSE,0,TRUE,FALSE,FALSE
hja2016_139,CC-2,sediment,2,183,63.6,569992.01509108,4897760.75244588,hja2016_189,HJA-2016_soil_08,1,soil_enriched,794,97,0.12216624685138538,3.02,956.7046277898916,FALSE,0,TRUE,TRUE,TRUE
hja2016_140,CC-3,sediment,2,183,63,570038.013059678,4897795.75090024,hja2016_189,HJA-2016_soil_08,1,soil_enriched,794,90,0.11335012594458438,2.68,956.857674413576,FALSE,0,TRUE,TRUE,TRUE
hja2016_141,CC-4,sediment,2,183,58.5,570162.007583724,4897831.74931045,hja2016_189,HJA-2016_soil_08,1,soil_enriched,794,86,0.10831234256926953,3.05,922.501881063335,FALSE,0,TRUE,TRUE,TRUE
hja2016_142,KC-1,sediment,3,362,114.7,562012.367495176,4896802.79475203,hja2016_189,HJA-2016_soil_08,1,soil_enriched,794,72,0.0906801007556675,2.36,8582.35543778184,FALSE,0,TRUE,TRUE,TRUE
hja2016_144,KC-3,sediment,3,362,114,562000.368025107,4896680.80013966,hja2016_189,HJA-2016_soil_08,1,soil_enriched,794,58,0.07304785894206549,2.42,8598.237380564147,FALSE,0,TRUE,TRUE,TRUE
hja2016_145,155,sediment,2,345,81.2,565811.199727862,4897652.75721525,hja2016_189,HJA-2016_soil_08,1,soil_enriched,794,100,0.12594458438287154,3.87,4823.149863909543,TRUE,0.6666666666666666,FALSE,FALSE,FALSE
hja2016_146,156,sediment,5,24,2575.9,566141.185154761,4897558.76136638,hja2016_189,HJA-2016_soil_08,1,soil_enriched,794,73,0.09193954659949623,2.02,4483.9137414836305,TRUE,1,TRUE,TRUE,TRUE
hja2016_147,163,sediment,5,63,6126.6,559726.468447026,4896111.82526722,hja2016_189,HJA-2016_soil_08,1,soil_enriched,794,246,0.30982367758186397,11.1,10903.139794941539,TRUE,1,TRUE,TRUE,TRUE
hja2016_148,165,sediment,2,494,27.9,564789.244860317,4900155.64668049,hja2016_189,HJA-2016_soil_08,1,soil_enriched,794,103,0.1297229219143577,3.1,6597.925102899329,FALSE,0,TRUE,FALSE,FALSE
hja2016_150,53,sediment,3,78,280.7,568092.098996817,4898223.73199937,hja2016_189,HJA-2016_soil_08,1,soil_enriched,794,77,0.09697732997481108,2.18,2776.5847951051264,FALSE,0,TRUE,TRUE,TRUE
hja2016_151,64,sediment,2,163,33.5,570527.99142083,4895508.85189625,hja2016_189,HJA-2016_soil_08,1,soil_enriched,794,273,0.3438287153652393,10.12,1508.1443737294849,FALSE,0,TRUE,FALSE,FALSE
hja2016_152,66,sediment,4,79,1360.7,567970.104384448,4898153.73509064,hja2016_189,HJA-2016_soil_08,1,soil_enriched,794,86,0.10831234256926953,1.97,2858.3296424097116,TRUE,1,TRUE,TRUE,TRUE
hja2016_155,82,sediment,2,536,36.6,564452.259742545,4899854.65997292,hja2016_189,HJA-2016_soil_08,1,soil_enriched,794,94,0.11838790931989925,3.19,6764.4293019837405,FALSE,0,TRUE,TRUE,TRUE
hja2016_157,43,sediment,1,538,7.8,567346.131940859,4898257.7304979,hja2016_189,HJA-2016_soil_08,1,soil_enriched,794,59,0.0743073047858942,1.61,3475.486279533234,FALSE,0,TRUE,FALSE,FALSE
hja2016_159,49,sediment,5,40,3399.1,563281.311454976,4898046.73981585,hja2016_189,HJA-2016_soil_08,1,soil_enriched,794,63,0.07934508816120907,1.9,7383.127085134172,TRUE,1,TRUE,TRUE,TRUE
hja2016_160,50,sediment,5,41,4956.4,563054.321479503,4898132.73601802,hja2016_189,HJA-2016_soil_08,1,soil_enriched,794,39,0.0491183879093199,0.84,7620.090001343134,TRUE,1,TRUE,TRUE,TRUE
hja2016_031,161,hyporheic,5,51,5699.1,561109.407372482,4897170.77850081,hja2016_189,HJA-2016_soil_08,1,soil_enriched,794,3,0.003778337531486146,0.37,9483.945057711348,TRUE,1,TRUE,TRUE,TRUE
hja2016_032,54,hyporheic,3,363,207.7,561802.376768968,4897363.76997776,hja2016_189,HJA-2016_soil_08,1,soil_enriched,794,6,0.007556675062972292,0.6,8796.598254277265,FALSE,0,TRUE,TRUE,TRUE
hja2016_035,192,hyporheic,2,542,28.5,564620.252323511,4897836.74908965,hja2016_189,HJA-2016_soil_08,1,soil_enriched,794,6,0.007556675062972292,0.93,6028.017611289322,FALSE,0,TRUE,TRUE,TRUE
hja2016_037,43,hyporheic,1,538,7.8,567346.131940859,4898257.7304979,hja2016_189,HJA-2016_soil_08,1,soil_enriched,794,0,0,0,3475.486279533234,FALSE,0,TRUE,FALSE,FALSE
hja2016_042,165,planktonic,2,494,27.9,564789.244860317,4900155.64668049,hja2016_189,HJA-2016_soil_08,1,soil_enriched,794,1,0.0012594458438287153,0.07,6597.925102899329,FALSE,0,TRUE,FALSE,FALSE
hja2016_043,KC-2,hyporheic,3,362,114.2,561999.368069268,4896735.79771081,hja2016_189,HJA-2016_soil_08,1,soil_enriched,794,6,0.007556675062972292,1.19,8597.270751937693,FALSE,0,TRUE,TRUE,TRUE
hja2016_049,67,planktonic,4,83,1558.1,567119.141965387,4897968.74326041,hja2016_189,HJA-2016_soil_08,1,soil_enriched,794,2,0.0025188916876574307,0.06,3601.3524719348575,TRUE,1,TRUE,TRUE,TRUE
hja2016_050,165,hyporheic,2,494,27.9,564789.244860317,4900155.64668049,hja2016_189,HJA-2016_soil_08,1,soil_enriched,794,14,0.017632241813602016,1.03,6597.925102899329,FALSE,0,TRUE,FALSE,FALSE
hja2016_052,163,hyporheic,5,63,6126.6,559726.468447026,4896111.82526722,hja2016_189,HJA-2016_soil_08,1,soil_enriched,794,7,0.008816120906801008,0.37,10903.139794941539,TRUE,1,TRUE,TRUE,TRUE
hja2016_056,KC-1,hyporheic,3,362,114.7,562012.367495176,4896802.79475203,hja2016_189,HJA-2016_soil_08,1,soil_enriched,794,13,0.0163727959697733,0.73,8582.35543778184,FALSE,0,TRUE,TRUE,TRUE
hja2016_057,71,hyporheic,3,556,101.7,562662.338790582,4897988.74237719,hja2016_189,HJA-2016_soil_08,1,soil_enriched,794,2,0.0025188916876574307,0.62,7989.229583387442,FALSE,0,TRUE,TRUE,TRUE
hja2016_059,KC-2,planktonic,3,362,114.2,561999.368069268,4896735.79771081,hja2016_189,HJA-2016_soil_08,1,soil_enriched,794,11,0.013853904282115869,1.25,8597.270751937693,FALSE,0,TRUE,TRUE,TRUE
hja2016_062,WS3-3,hyporheic,2,511,93.4,560639.428128111,4896408.81215143,hja2016_189,HJA-2016_soil_08,1,soil_enriched,794,11,0.013853904282115869,0.83,9971.137285299243,FALSE,0,TRUE,TRUE,TRUE
hja2016_064,WS3-4,planktonic,2,510,81.3,560692.425787583,4896348.81480109,hja2016_189,HJA-2016_soil_08,1,soil_enriched,794,6,0.007556675062972292,0.77,9922.08988625604,FALSE,0,TRUE,TRUE,TRUE
hja2016_099,162,planktonic,5,66,6208.4,559348.485139852,4895468.85366269,hja2016_189,HJA-2016_soil_08,1,soil_enriched,794,6,0.007556675062972292,0.26,11349.494693901986,TRUE,1,TRUE,TRUE,TRUE
hja2016_100,64,planktonic,2,163,33.5,570527.99142083,4895508.85189625,hja2016_189,HJA-2016_soil_08,1,soil_enriched,794,4,0.005037783375314861,0.1,1508.1443737294849,FALSE,0,TRUE,FALSE,FALSE
hja2016_101,58,planktonic,3,385,67.2,566998.147308857,4898497.71989928,hja2016_189,HJA-2016_soil_08,1,soil_enriched,794,10,0.012594458438287154,0.2,3887.5385027709062,FALSE,0,TRUE,TRUE,TRUE
hja2016_102,73,hyporheic,2,255,137,566310.177691566,4896786.79545861,hja2016_189,HJA-2016_soil_08,1,soil_enriched,794,7,0.008816120906801008,0.24,4288.016228603595,FALSE,0,TRUE,TRUE,TRUE
hja2016_103,260,planktonic,4,23,866.1,566425.172613061,4897456.76587079,hja2016_189,HJA-2016_soil_08,1,soil_enriched,794,23,0.028967254408060455,0.52,4190.196024805917,TRUE,0.6666666666666666,FALSE,FALSE,FALSE
hja2016_105,178,planktonic,2,411,19.9,566185.18321168,4901793.57434491,hja2016_189,HJA-2016_soil_08,1,soil_enriched,794,14,0.017632241813602016,0.4,6499.960377436466,FALSE,0,TRUE,TRUE,TRUE
hja2016_106,170,planktonic,2,229,49.4,570659.985591589,4896908.79007097,hja2016_189,HJA-2016_soil_08,1,soil_enriched,794,1,0.0012594458438287153,0.04,126.59499456271408,FALSE,0,TRUE,FALSE,FALSE
hja2016_107,57,hyporheic,4,131,1488.8,563668.294364702,4898599.71539487,hja2016_189,HJA-2016_soil_08,1,soil_enriched,794,11,0.013853904282115869,0.33,7102.687424501715,FALSE,0,TRUE,TRUE,TRUE
hja2016_109,169,planktonic,2,144,53.5,568641.074752475,4902527.5419308,hja2016_189,HJA-2016_soil_08,1,soil_enriched,794,7,0.008816120906801008,0.43,5847.013422289788,FALSE,0,TRUE,TRUE,TRUE
hja2016_110,76,hyporheic,3,150,303.5,570464.994202967,4896947.7883487,hja2016_189,HJA-2016_soil_08,1,soil_enriched,794,7,0.008816120906801008,0.23,144.06477344289544,FALSE,0.1111111111111111,FALSE,TRUE,FALSE
hja2016_111,160,planktonic,5,24,2569.5,566416.173010509,4897492.764281,hja2016_189,HJA-2016_soil_08,1,soil_enriched,794,15,0.018891687657430732,0.39,4203.079917533298,TRUE,1,TRUE,TRUE,TRUE
hja2016_114,WS1-5,planktonic,2,522,87.9,559517.477676657,4895016.87362342,hja2016_189,HJA-2016_soil_08,1,soil_enriched,794,12,0.015113350125944584,0.29,11253.529817429338,FALSE,0,TRUE,TRUE,TRUE
hja2016_116,53,planktonic,3,78,280.7,568092.098996817,4898223.73199937,hja2016_189,HJA-2016_soil_08,1,soil_enriched,794,11,0.013853904282115869,0.35,2776.5847951051264,FALSE,0,TRUE,TRUE,TRUE
hja2016_119,56,planktonic,3,321,99.5,562839.3309741,4897811.75019367,hja2016_189,HJA-2016_soil_08,1,soil_enriched,794,21,0.02644836272040302,0.45,7793.521088755496,FALSE,0,TRUE,TRUE,TRUE
hja2016_121,84,hyporheic,4,112,622.7,566447.171641521,4900685.6232752,hja2016_189,HJA-2016_soil_08,1,soil_enriched,794,4,0.005037783375314861,0.07,5536.164377725709,FALSE,0,TRUE,TRUE,TRUE
hja2016_122,45,sediment,3,390,193.2,565977.192397151,4897892.74661664,hja2016_189,HJA-2016_soil_08,1,soil_enriched,794,66,0.08312342569269521,1.93,4697.504183586255,FALSE,0,TRUE,TRUE,TRUE
hja2016_125,56,sediment,3,321,99.5,562839.3309741,4897811.75019367,hja2016_189,HJA-2016_soil_08,1,soil_enriched,794,72,0.0906801007556675,2.17,7793.521088755496,FALSE,0,TRUE,TRUE,TRUE
hja2016_164,260,sediment,4,23,866.1,566425.172613061,4897456.76587079,hja2016_189,HJA-2016_soil_08,1,soil_enriched,794,102,0.12846347607052896,3.04,4190.196024805917,TRUE,0.6666666666666666,FALSE,FALSE,FALSE
hja2016_166,57,sediment,4,131,1488.8,563668.294364702,4898599.71539487,hja2016_189,HJA-2016_soil_08,1,soil_enriched,794,47,0.05919395465994962,1.02,7102.687424501715,FALSE,0,TRUE,TRUE,TRUE
hja2016_167,WS3-1,sediment,2,511,96.4,560508.433913191,4896516.80738205,hja2016_189,HJA-2016_soil_08,1,soil_enriched,794,206,0.2594458438287154,10.66,10095.980093538014,FALSE,0,TRUE,TRUE,TRUE
hja2016_169,WS3-2,sediment,2,511,95.7,560554.431881789,4896487.80866272,hja2016_189,HJA-2016_soil_08,1,soil_enriched,794,227,0.2858942065491184,10.93,10051.51961945439,FALSE,0,TRUE,TRUE,TRUE
hja2016_170,WS3-3,sediment,2,511,93.4,560639.428128111,4896408.81215143,hja2016_189,HJA-2016_soil_08,1,soil_enriched,794,78,0.0982367758186398,1.83,9971.137285299243,FALSE,0,TRUE,TRUE,TRUE
hja2016_177,WS1-3,sediment,2,522,92.1,559404.482666841,4895069.8712829,hja2016_189,HJA-2016_soil_08,1,soil_enriched,794,109,0.13727959697732997,3.65,11355.54494999942,FALSE,0,TRUE,TRUE,TRUE
hja2016_179,WS1-5,sediment,2,522,87.9,559517.477676657,4895016.87362342,hja2016_189,HJA-2016_soil_08,1,soil_enriched,794,80,0.10075566750629723,2.66,11253.529817429338,FALSE,0,TRUE,TRUE,TRUE
hja2016_180,WS1-6,sediment,2,522,82.7,559631.472642313,4894993.87463913,hja2016_189,HJA-2016_soil_08,1,soil_enriched,794,43,0.05415617128463476,1.1,11145.51467965544,FALSE,0,TRUE,TRUE,TRUE
hja2016_181,177,sediment,1,452,14.8,565808.199860345,4901620.58198475,hja2016_189,HJA-2016_soil_08,1,soil_enriched,794,74,0.09319899244332494,1.75,6640.11214234545,FALSE,0,TRUE,TRUE,TRUE
hja2016_001,50,planktonic,5,41,4956.4,563054.321479503,4898132.73601802,hja2016_190,HJA-2016_soil_09,1,soil_detected,1393,19,0.013639626704953339,4.32,7994.881979135008,TRUE,1,TRUE,TRUE,TRUE
hja2016_008,WS3-1,hyporheic,2,511,96.4,560508.433913191,4896516.80738205,hja2016_190,HJA-2016_soil_09,1,soil_detected,1393,80,0.057430007178750894,12.07,10094.889231265372,FALSE,0,TRUE,TRUE,TRUE
hja2016_009,60,hyporheic,2,316,43.1,567391.129953618,4898693.71124374,hja2016_190,HJA-2016_soil_09,1,soil_detected,1393,70,0.05025125628140704,13.72,4624.615012900711,FALSE,0,TRUE,FALSE,FALSE
hja2016_010,164,planktonic,3,502,60.8,560307.442789535,4895737.8417834,hja2016_190,HJA-2016_soil_09,1,soil_detected,1393,16,0.01148600143575018,6.19,10231.40136143127,FALSE,0,TRUE,TRUE,TRUE
hja2016_011,WS1-6,planktonic,2,522,82.7,559631.472642313,4894993.87463913,hja2016_190,HJA-2016_soil_09,1,soil_detected,1393,89,0.06389088298636038,7.37,10902.073410267192,FALSE,0,TRUE,TRUE,TRUE
hja2016_013,WS1-4,planktonic,2,522,89.8,559453.480502956,4895042.87247524,hja2016_190,HJA-2016_soil_09,1,soil_detected,1393,64,0.04594400574300072,8.25,11078.766408852149,FALSE,0,TRUE,TRUE,TRUE
hja2016_014,WS1-6,hyporheic,2,522,82.7,559631.472642313,4894993.87463913,hja2016_190,HJA-2016_soil_09,1,soil_detected,1393,67,0.04809763101220388,12.46,10902.073410267192,FALSE,0,TRUE,TRUE,TRUE
hja2016_015,47,hyporheic,4,134,1550.1,563254.31264732,4898130.73610634,hja2016_190,HJA-2016_soil_09,1,soil_detected,1393,23,0.016511127063890883,5.31,7807.491380407746,FALSE,0,TRUE,TRUE,TRUE
hja2016_016,74,hyporheic,2,373,70,565310.221852481,4897724.75403567,hja2016_190,HJA-2016_soil_09,1,soil_detected,1393,19,0.013639626704953339,3.75,5756.2063149296855,FALSE,0,TRUE,TRUE,TRUE
hja2016_018,WS1-5,hyporheic,2,522,87.9,559517.477676657,4895016.87362342,hja2016_190,HJA-2016_soil_09,1,soil_detected,1393,77,0.05527638190954774,4.62,11015.416271937751,FALSE,0,TRUE,TRUE,TRUE
hja2016_019,155,hyporheic,2,345,81.2,565811.199727862,4897652.75721525,hja2016_190,HJA-2016_soil_09,1,soil_detected,1393,77,0.05527638190954774,13.45,5273.62763531838,TRUE,0.6666666666666666,FALSE,FALSE,FALSE
hja2016_020,WS1-2,hyporheic,2,522,93.6,559354.484874886,4895103.86978142,hja2016_190,HJA-2016_soil_09,1,soil_detected,1393,117,0.08399138549892318,8.76,11176.516704681717,FALSE,0,TRUE,TRUE,TRUE
hja2016_021,156,hyporheic,5,24,2575.9,566141.185154761,4897558.76136638,hja2016_190,HJA-2016_soil_09,1,soil_detected,1393,32,0.02297200287150036,6.65,4936.815689789386,TRUE,1,TRUE,TRUE,TRUE
hja2016_027,WS3-6,planktonic,2,510,78.4,560819.420179147,4896235.81979127,hja2016_190,HJA-2016_soil_09,1,soil_detected,1393,41,0.029432878679109833,3.87,9755.210838315252,FALSE,0,TRUE,TRUE,TRUE
hja2016_065,68,hyporheic,5,30,3032.2,565145.229139031,4897899.74630751,hja2016_190,HJA-2016_soil_09,1,soil_detected,1393,90,0.06460875807609476,12.02,5980.277555558904,TRUE,1,TRUE,TRUE,TRUE
hja2016_066,49,hyporheic,5,40,3399.1,563281.311454976,4898046.73981585,hja2016_190,HJA-2016_soil_09,1,soil_detected,1393,95,0.0681981335247667,9.28,7752.148003822669,TRUE,1,TRUE,TRUE,TRUE
hja2016_070,56,hyporheic,3,321,99.5,562839.3309741,4897811.75019367,hja2016_190,HJA-2016_soil_09,1,soil_detected,1393,43,0.030868628858578606,6.04,8090.793557318609,FALSE,0,TRUE,TRUE,TRUE
hja2016_071,164,hyporheic,3,502,60.8,560307.442789535,4895737.8417834,hja2016_190,HJA-2016_soil_09,1,soil_detected,1393,120,0.08614501076812635,9.34,10231.40136143127,FALSE,0,TRUE,TRUE,TRUE
hja2016_075,260,hyporheic,4,23,866.1,566425.172613061,4897456.76587079,hja2016_190,HJA-2016_soil_09,1,soil_detected,1393,62,0.04450825556353195,10.67,4637.826032708156,TRUE,0.6666666666666666,FALSE,FALSE,FALSE
hja2016_078,CC-1,hyporheic,2,183,64,569956.016680872,4897740.75332909,hja2016_190,HJA-2016_soil_09,1,soil_detected,1393,65,0.046661880832735106,9.71,2510.2596558967384,FALSE,0,TRUE,TRUE,TRUE
hja2016_079,64,hyporheic,2,163,33.5,570527.99142083,4895508.85189625,hja2016_190,HJA-2016_soil_09,1,soil_detected,1393,114,0.08183776022972003,13.53,212.0154697731951,FALSE,0,TRUE,FALSE,FALSE
hja2016_084,177,hyporheic,1,452,14.8,565808.199860345,4901620.58198475,hja2016_190,HJA-2016_soil_09,1,soil_detected,1393,70,0.05025125628140704,10.98,7891.693500778309,FALSE,0,TRUE,TRUE,TRUE
hja2016_127,60,sediment,2,316,43.1,567391.129953618,4898693.71124374,hja2016_190,HJA-2016_soil_09,1,soil_detected,1393,309,0.22182340272792533,17.29,4624.615012900711,FALSE,0,TRUE,FALSE,FALSE
hja2016_129,72,sediment,4,16,568.3,566542.167446234,4896499.80813279,hja2016_190,HJA-2016_soil_09,1,soil_detected,1393,479,0.34386216798277097,26.07,4164.689695318529,FALSE,0,TRUE,TRUE,TRUE
hja2016_131,74,sediment,2,373,70,565310.221852481,4897724.75403567,hja2016_190,HJA-2016_soil_09,1,soil_detected,1393,526,0.37760229720028715,25.94,5756.2063149296855,FALSE,0,TRUE,TRUE,TRUE
hja2016_132,84,sediment,4,112,622.7,566447.171641521,4900685.6232752,hja2016_190,HJA-2016_soil_09,1,soil_detected,1393,585,0.41995692749461594,31.38,6760.40235881473,FALSE,0,TRUE,TRUE,TRUE
hja2016_133,161,sediment,5,51,5699.1,561109.407372482,4897170.77850081,hja2016_190,HJA-2016_soil_09,1,soil_detected,1393,754,0.5412778176597272,43.78,9604.514044169222,TRUE,1,TRUE,TRUE,TRUE
hja2016_135,169,sediment,2,144,53.5,568641.074752475,4902527.5419308,hja2016_190,HJA-2016_soil_09,1,soil_detected,1393,563,0.40416367552045945,34.13,7473.190038875502,FALSE,0,TRUE,TRUE,TRUE
hja2016_136,190,sediment,1,546,14.2,564169.272240084,4897881.7471024,hja2016_190,HJA-2016_soil_09,1,soil_detected,1393,426,0.30581478822684854,22.89,6865.285619227525,FALSE,0,TRUE,FALSE,FALSE
hja2016_139,CC-2,sediment,2,183,63.6,569992.01509108,4897760.75244588,hja2016_190,HJA-2016_soil_09,1,soil_detected,1393,438,0.31442928930366115,23,2521.8196688904827,FALSE,0,TRUE,TRUE,TRUE
hja2016_140,CC-3,sediment,2,183,63,570038.013059678,4897795.75090024,hja2016_190,HJA-2016_soil_09,1,soil_detected,1393,404,0.29002153625269206,20.3,2546.752844993414,FALSE,0,TRUE,TRUE,TRUE
hja2016_141,CC-4,sediment,2,183,58.5,570162.007583724,4897831.74931045,hja2016_190,HJA-2016_soil_09,1,soil_detected,1393,427,0.3065326633165829,24.48,2561.384698009736,FALSE,0,TRUE,TRUE,TRUE
hja2016_142,KC-1,sediment,3,362,114.7,562012.367495176,4896802.79475203,hja2016_190,HJA-2016_soil_09,1,soil_detected,1393,353,0.25340990667623836,21.06,8649.083344288261,FALSE,0,TRUE,TRUE,TRUE
hja2016_144,KC-3,sediment,3,362,114,562000.368025107,4896680.80013966,hja2016_190,HJA-2016_soil_09,1,soil_detected,1393,313,0.22469490308686288,21.06,8640.522612158884,FALSE,0,TRUE,TRUE,TRUE
hja2016_145,155,sediment,2,345,81.2,565811.199727862,4897652.75721525,hja2016_190,HJA-2016_soil_09,1,soil_detected,1393,490,0.35175879396984927,26.18,5273.62763531838,TRUE,0.6666666666666666,FALSE,FALSE,FALSE
hja2016_146,156,sediment,5,24,2575.9,566141.185154761,4897558.76136638,hja2016_190,HJA-2016_soil_09,1,soil_detected,1393,386,0.2770997846374731,19.76,4936.815689789386,TRUE,1,TRUE,TRUE,TRUE
hja2016_147,163,sediment,5,63,6126.6,559726.468447026,4896111.82526722,hja2016_190,HJA-2016_soil_09,1,soil_detected,1393,801,0.5750179468772434,43.01,10833.565330464755,TRUE,1,TRUE,TRUE,TRUE
hja2016_148,165,sediment,2,494,27.9,564789.244860317,4900155.64668049,hja2016_190,HJA-2016_soil_09,1,soil_detected,1393,454,0.32591529073941133,24.06,7520.414678914003,FALSE,0,TRUE,FALSE,FALSE
hja2016_150,53,sediment,3,78,280.7,568092.098996817,4898223.73199937,hja2016_190,HJA-2016_soil_09,1,soil_detected,1393,401,0.28786791098348885,20.66,3808.7812784679686,FALSE,0,TRUE,TRUE,TRUE
hja2016_151,64,sediment,2,163,33.5,570527.99142083,4895508.85189625,hja2016_190,HJA-2016_soil_09,1,soil_detected,1393,834,0.5987078248384781,38.69,212.0154697731951,FALSE,0,TRUE,FALSE,FALSE
hja2016_152,66,sediment,4,79,1360.7,567970.104384448,4898153.73509064,hja2016_190,HJA-2016_soil_09,1,soil_detected,1393,386,0.2770997846374731,18.4,3835.558610146479,TRUE,1,TRUE,TRUE,TRUE
hja2016_155,82,sediment,2,536,36.6,564452.259742545,4899854.65997292,hja2016_190,HJA-2016_soil_09,1,soil_detected,1393,432,0.31012203876525485,23.56,7596.35222693214,FALSE,0,TRUE,TRUE,TRUE
hja2016_157,43,sediment,1,538,7.8,567346.131940859,4898257.7304979,hja2016_190,HJA-2016_soil_09,1,soil_detected,1393,325,0.23330940416367552,17.39,4347.37320275646,FALSE,0,TRUE,FALSE,FALSE
hja2016_159,49,sediment,5,40,3399.1,563281.311454976,4898046.73981585,hja2016_190,HJA-2016_soil_09,1,soil_detected,1393,349,0.2505384063173008,21.15,7752.148003822669,TRUE,1,TRUE,TRUE,TRUE
hja2016_160,50,sediment,5,41,4956.4,563054.321479503,4898132.73601802,hja2016_190,HJA-2016_soil_09,1,soil_detected,1393,234,0.16798277099784636,12.07,7994.881979135008,TRUE,1,TRUE,TRUE,TRUE
hja2016_031,161,hyporheic,5,51,5699.1,561109.407372482,4897170.77850081,hja2016_190,HJA-2016_soil_09,1,soil_detected,1393,21,0.01507537688442211,6.95,9604.514044169222,TRUE,1,TRUE,TRUE,TRUE
hja2016_032,54,hyporheic,3,363,207.7,561802.376768968,4897363.76997776,hja2016_190,HJA-2016_soil_09,1,soil_detected,1393,29,0.0208183776022972,6.57,8968.38929056266,FALSE,0,TRUE,TRUE,TRUE
hja2016_035,192,hyporheic,2,542,28.5,564620.252323511,4897836.74908965,hja2016_190,HJA-2016_soil_09,1,soil_detected,1393,41,0.029432878679109833,7.79,6431.82706636904,FALSE,0,TRUE,TRUE,TRUE
hja2016_037,43,hyporheic,1,538,7.8,567346.131940859,4898257.7304979,hja2016_190,HJA-2016_soil_09,1,soil_detected,1393,28,0.020100502512562814,6.44,4347.37320275646,FALSE,0,TRUE,FALSE,FALSE
hja2016_042,165,planktonic,2,494,27.9,564789.244860317,4900155.64668049,hja2016_190,HJA-2016_soil_09,1,soil_detected,1393,14,0.010050251256281407,2.73,7520.414678914003,FALSE,0,TRUE,FALSE,FALSE
hja2016_043,KC-2,hyporheic,3,362,114.2,561999.368069268,4896735.79771081,hja2016_190,HJA-2016_soil_09,1,soil_detected,1393,45,0.03230437903804738,11.67,8650.488006040332,FALSE,0,TRUE,TRUE,TRUE
hja2016_049,67,planktonic,4,83,1558.1,567119.141965387,4897968.74326041,hja2016_190,HJA-2016_soil_09,1,soil_detected,1393,13,0.00933237616654702,3.28,4332.260810070693,TRUE,1,TRUE,TRUE,TRUE
hja2016_050,165,hyporheic,2,494,27.9,564789.244860317,4900155.64668049,hja2016_190,HJA-2016_soil_09,1,soil_detected,1393,81,0.05814788226848528,9.04,7520.414678914003,FALSE,0,TRUE,FALSE,FALSE
hja2016_052,163,hyporheic,5,63,6126.6,559726.468447026,4896111.82526722,hja2016_190,HJA-2016_soil_09,1,soil_detected,1393,92,0.06604450825556353,9.2,10833.565330464755,TRUE,1,TRUE,TRUE,TRUE
hja2016_056,KC-1,hyporheic,3,362,114.7,562012.367495176,4896802.79475203,hja2016_190,HJA-2016_soil_09,1,soil_detected,1393,112,0.08040201005025126,9.78,8649.083344288261,FALSE,0,TRUE,TRUE,TRUE
hja2016_057,71,hyporheic,3,556,101.7,562662.338790582,4897988.74237719,hja2016_190,HJA-2016_soil_09,1,soil_detected,1393,28,0.020100502512562814,6.68,8314.804442049102,FALSE,0,TRUE,TRUE,TRUE
hja2016_059,KC-2,planktonic,3,362,114.2,561999.368069268,4896735.79771081,hja2016_190,HJA-2016_soil_09,1,soil_detected,1393,100,0.07178750897343862,9.53,8650.488006040332,FALSE,0,TRUE,TRUE,TRUE
hja2016_062,WS3-3,hyporheic,2,511,93.4,560639.428128111,4896408.81215143,hja2016_190,HJA-2016_soil_09,1,soil_detected,1393,102,0.0732232591529074,7.28,9952.223348983513,FALSE,0,TRUE,TRUE,TRUE
hja2016_064,WS3-4,planktonic,2,510,81.3,560692.425787583,4896348.81480109,hja2016_190,HJA-2016_soil_09,1,soil_detected,1393,50,0.03589375448671931,8.65,9892.999719307956,FALSE,0,TRUE,TRUE,TRUE
hja2016_099,162,planktonic,5,66,6208.4,559348.485139852,4895468.85366269,hja2016_190,HJA-2016_soil_09,1,soil_detected,1393,53,0.03804737975592247,1.95,11182.173519774584,TRUE,1,TRUE,TRUE,TRUE
hja2016_100,64,planktonic,2,163,33.5,570527.99142083,4895508.85189625,hja2016_190,HJA-2016_soil_09,1,soil_detected,1393,38,0.027279253409906678,1.2,212.0154697731951,FALSE,0,TRUE,FALSE,FALSE
hja2016_101,58,planktonic,3,385,67.2,566998.147308857,4898497.71989928,hja2016_190,HJA-2016_soil_09,1,soil_detected,1393,48,0.03445800430725054,1.47,4766.017017247842,FALSE,0,TRUE,TRUE,TRUE
hja2016_102,73,hyporheic,2,255,137,566310.177691566,4896786.79545861,hja2016_190,HJA-2016_soil_09,1,soil_detected,1393,49,0.035175879396984924,1.99,4474.5120802368565,FALSE,0,TRUE,TRUE,TRUE
hja2016_103,260,planktonic,4,23,866.1,566425.172613061,4897456.76587079,hja2016_190,HJA-2016_soil_09,1,soil_detected,1393,108,0.07753050969131371,5.3,4637.826032708156,TRUE,0.6666666666666666,FALSE,FALSE,FALSE
hja2016_105,178,planktonic,2,411,19.9,566185.18321168,4901793.57434491,hja2016_190,HJA-2016_soil_09,1,soil_detected,1393,66,0.04737975592246949,2.34,7815.318794547215,FALSE,0,TRUE,TRUE,TRUE
hja2016_106,170,planktonic,2,229,49.4,570659.985591589,4896908.79007097,hja2016_190,HJA-2016_soil_09,1,soil_detected,1393,25,0.017946877243359655,0.55,1617.235371133611,FALSE,0,TRUE,FALSE,FALSE
hja2016_107,57,hyporheic,4,131,1488.8,563668.294364702,4898599.71539487,hja2016_190,HJA-2016_soil_09,1,soil_detected,1393,63,0.04522613065326633,1.93,7614.648228569735,FALSE,0,TRUE,TRUE,TRUE
hja2016_109,169,planktonic,2,144,53.5,568641.074752475,4902527.5419308,hja2016_190,HJA-2016_soil_09,1,soil_detected,1393,47,0.03374012921751615,2.14,7473.190038875502,FALSE,0,TRUE,TRUE,TRUE
hja2016_110,76,hyporheic,3,150,303.5,570464.994202967,4896947.7883487,hja2016_190,HJA-2016_soil_09,1,soil_detected,1393,45,0.03230437903804738,1.94,1652.200953596933,TRUE,1,TRUE,TRUE,TRUE
hja2016_111,160,planktonic,5,24,2569.5,566416.173010509,4897492.764281,hja2016_190,HJA-2016_soil_09,1,soil_detected,1393,56,0.04020100502512563,2.5,4662.637301388792,TRUE,1,TRUE,TRUE,TRUE
hja2016_114,WS1-5,planktonic,2,522,87.9,559517.477676657,4895016.87362342,hja2016_190,HJA-2016_soil_09,1,soil_detected,1393,62,0.04450825556353195,2.08,11015.416271937751,FALSE,0,TRUE,TRUE,TRUE
hja2016_116,53,planktonic,3,78,280.7,568092.098996817,4898223.73199937,hja2016_190,HJA-2016_soil_09,1,soil_detected,1393,69,0.04953338119167265,2.54,3808.7812784679686,FALSE,0,TRUE,TRUE,TRUE
hja2016_119,56,planktonic,3,321,99.5,562839.3309741,4897811.75019367,hja2016_190,HJA-2016_soil_09,1,soil_detected,1393,114,0.08183776022972003,4.86,8090.793557318609,FALSE,0,TRUE,TRUE,TRUE
hja2016_121,84,hyporheic,4,112,622.7,566447.171641521,4900685.6232752,hja2016_190,HJA-2016_soil_09,1,soil_detected,1393,29,0.0208183776022972,0.47,6760.40235881473,FALSE,0,TRUE,TRUE,TRUE
hja2016_122,45,sediment,3,390,193.2,565977.192397151,4897892.74661664,hja2016_190,HJA-2016_soil_09,1,soil_detected,1393,358,0.25699928212491024,21.35,5240.299131461351,FALSE,0,TRUE,TRUE,TRUE
hja2016_125,56,sediment,3,321,99.5,562839.3309741,4897811.75019367,hja2016_190,HJA-2016_soil_09,1,soil_detected,1393,366,0.26274228284278534,22.22,8090.793557318609,FALSE,0,TRUE,TRUE,TRUE
hja2016_164,260,sediment,4,23,866.1,566425.172613061,4897456.76587079,hja2016_190,HJA-2016_soil_09,1,soil_detected,1393,476,0.3417085427135678,23.05,4637.826032708156,TRUE,0.6666666666666666,FALSE,FALSE,FALSE
hja2016_166,57,sediment,4,131,1488.8,563668.294364702,4898599.71539487,hja2016_190,HJA-2016_soil_09,1,soil_detected,1393,248,0.1780330222541278,12.11,7614.648228569735,FALSE,0,TRUE,TRUE,TRUE
hja2016_167,WS3-1,sediment,2,511,96.4,560508.433913191,4896516.80738205,hja2016_190,HJA-2016_soil_09,1,soil_detected,1393,662,0.4752333094041637,42.15,10094.889231265372,FALSE,0,TRUE,TRUE,TRUE
hja2016_169,WS3-2,sediment,2,511,95.7,560554.431881789,4896487.80866272,hja2016_190,HJA-2016_soil_09,1,soil_detected,1393,722,0.5183058147882269,42.35,10045.750750843794,FALSE,0,TRUE,TRUE,TRUE
hja2016_170,WS3-3,sediment,2,511,93.4,560639.428128111,4896408.81215143,hja2016_190,HJA-2016_soil_09,1,soil_detected,1393,351,0.2519741564967696,16.06,9952.223348983513,FALSE,0,TRUE,TRUE,TRUE
hja2016_177,WS1-3,sediment,2,522,92.1,559404.482666841,4895069.8712829,hja2016_190,HJA-2016_soil_09,1,soil_detected,1393,522,0.3747307968413496,31.71,11127.167970767903,FALSE,0,TRUE,TRUE,TRUE
hja2016_179,WS1-5,sediment,2,522,87.9,559517.477676657,4895016.87362342,hja2016_190,HJA-2016_soil_09,1,soil_detected,1393,388,0.2785355348169419,22.07,11015.416271937751,FALSE,0,TRUE,TRUE,TRUE
hja2016_180,WS1-6,sediment,2,522,82.7,559631.472642313,4894993.87463913,hja2016_190,HJA-2016_soil_09,1,soil_detected,1393,260,0.18664752333094042,12.14,10902.073410267192,FALSE,0,TRUE,TRUE,TRUE
hja2016_181,177,sediment,1,452,14.8,565808.199860345,4901620.58198475,hja2016_190,HJA-2016_soil_09,1,soil_detected,1393,397,0.28499641062455133,16.44,7891.693500778309,FALSE,0,TRUE,TRUE,TRUE
hja2016_001,50,planktonic,5,41,4956.4,563054.321479503,4898132.73601802,hja2016_190,HJA-2016_soil_09,1,soil_enriched,670,2,0.0029850746268656717,0.58,7994.881979135008,TRUE,1,TRUE,TRUE,TRUE
hja2016_008,WS3-1,hyporheic,2,511,96.4,560508.433913191,4896516.80738205,hja2016_190,HJA-2016_soil_09,1,soil_enriched,670,11,0.016417910447761194,1.15,10094.889231265372,FALSE,0,TRUE,TRUE,TRUE
hja2016_009,60,hyporheic,2,316,43.1,567391.129953618,4898693.71124374,hja2016_190,HJA-2016_soil_09,1,soil_enriched,670,8,0.011940298507462687,0.62,4624.615012900711,FALSE,0,TRUE,FALSE,FALSE
hja2016_010,164,planktonic,3,502,60.8,560307.442789535,4895737.8417834,hja2016_190,HJA-2016_soil_09,1,soil_enriched,670,0,0,0,10231.40136143127,FALSE,0,TRUE,TRUE,TRUE
hja2016_011,WS1-6,planktonic,2,522,82.7,559631.472642313,4894993.87463913,hja2016_190,HJA-2016_soil_09,1,soil_enriched,670,12,0.01791044776119403,0.85,10902.073410267192,FALSE,0,TRUE,TRUE,TRUE
hja2016_013,WS1-4,planktonic,2,522,89.8,559453.480502956,4895042.87247524,hja2016_190,HJA-2016_soil_09,1,soil_enriched,670,9,0.013432835820895522,0.78,11078.766408852149,FALSE,0,TRUE,TRUE,TRUE
hja2016_014,WS1-6,hyporheic,2,522,82.7,559631.472642313,4894993.87463913,hja2016_190,HJA-2016_soil_09,1,soil_enriched,670,4,0.005970149253731343,0.55,10902.073410267192,FALSE,0,TRUE,TRUE,TRUE
hja2016_015,47,hyporheic,4,134,1550.1,563254.31264732,4898130.73610634,hja2016_190,HJA-2016_soil_09,1,soil_enriched,670,2,0.0029850746268656717,0.5,7807.491380407746,FALSE,0,TRUE,TRUE,TRUE
hja2016_016,74,hyporheic,2,373,70,565310.221852481,4897724.75403567,hja2016_190,HJA-2016_soil_09,1,soil_enriched,670,1,0.0014925373134328358,0.05,5756.2063149296855,FALSE,0,TRUE,TRUE,TRUE
hja2016_018,WS1-5,hyporheic,2,522,87.9,559517.477676657,4895016.87362342,hja2016_190,HJA-2016_soil_09,1,soil_enriched,670,11,0.016417910447761194,0.48,11015.416271937751,FALSE,0,TRUE,TRUE,TRUE
hja2016_019,155,hyporheic,2,345,81.2,565811.199727862,4897652.75721525,hja2016_190,HJA-2016_soil_09,1,soil_enriched,670,12,0.01791044776119403,2.4,5273.62763531838,TRUE,0.6666666666666666,FALSE,FALSE,FALSE
hja2016_020,WS1-2,hyporheic,2,522,93.6,559354.484874886,4895103.86978142,hja2016_190,HJA-2016_soil_09,1,soil_enriched,670,20,0.029850746268656716,1.12,11176.516704681717,FALSE,0,TRUE,TRUE,TRUE
hja2016_021,156,hyporheic,5,24,2575.9,566141.185154761,4897558.76136638,hja2016_190,HJA-2016_soil_09,1,soil_enriched,670,4,0.005970149253731343,0.88,4936.815689789386,TRUE,1,TRUE,TRUE,TRUE
hja2016_027,WS3-6,planktonic,2,510,78.4,560819.420179147,4896235.81979127,hja2016_190,HJA-2016_soil_09,1,soil_enriched,670,7,0.010447761194029851,0.63,9755.210838315252,FALSE,0,TRUE,TRUE,TRUE
hja2016_065,68,hyporheic,5,30,3032.2,565145.229139031,4897899.74630751,hja2016_190,HJA-2016_soil_09,1,soil_enriched,670,19,0.028358208955223882,1.98,5980.277555558904,TRUE,1,TRUE,TRUE,TRUE
hja2016_066,49,hyporheic,5,40,3399.1,563281.311454976,4898046.73981585,hja2016_190,HJA-2016_soil_09,1,soil_enriched,670,20,0.029850746268656716,1.36,7752.148003822669,TRUE,1,TRUE,TRUE,TRUE
hja2016_070,56,hyporheic,3,321,99.5,562839.3309741,4897811.75019367,hja2016_190,HJA-2016_soil_09,1,soil_enriched,670,9,0.013432835820895522,1.12,8090.793557318609,FALSE,0,TRUE,TRUE,TRUE
hja2016_071,164,hyporheic,3,502,60.8,560307.442789535,4895737.8417834,hja2016_190,HJA-2016_soil_09,1,soil_enriched,670,17,0.025373134328358207,1.1,10231.40136143127,FALSE,0,TRUE,TRUE,TRUE
hja2016_075,260,hyporheic,4,23,866.1,566425.172613061,4897456.76587079,hja2016_190,HJA-2016_soil_09,1,soil_enriched,670,8,0.011940298507462687,1.31,4637.826032708156,TRUE,0.6666666666666666,FALSE,FALSE,FALSE
hja2016_078,CC-1,hyporheic,2,183,64,569956.016680872,4897740.75332909,hja2016_190,HJA-2016_soil_09,1,soil_enriched,670,8,0.011940298507462687,1.24,2510.2596558967384,FALSE,0,TRUE,TRUE,TRUE
hja2016_079,64,hyporheic,2,163,33.5,570527.99142083,4895508.85189625,hja2016_190,HJA-2016_soil_09,1,soil_enriched,670,25,0.03731343283582089,2.09,212.0154697731951,FALSE,0,TRUE,FALSE,FALSE
hja2016_084,177,hyporheic,1,452,14.8,565808.199860345,4901620.58198475,hja2016_190,HJA-2016_soil_09,1,soil_enriched,670,10,0.014925373134328358,1.15,7891.693500778309,FALSE,0,TRUE,TRUE,TRUE
hja2016_127,60,sediment,2,316,43.1,567391.129953618,4898693.71124374,hja2016_190,HJA-2016_soil_09,1,soil_enriched,670,56,0.08358208955223881,1.63,4624.615012900711,FALSE,0,TRUE,FALSE,FALSE
hja2016_129,72,sediment,4,16,568.3,566542.167446234,4896499.80813279,hja2016_190,HJA-2016_soil_09,1,soil_enriched,670,140,0.208955223880597,5.32,4164.689695318529,FALSE,0,TRUE,TRUE,TRUE
hja2016_131,74,sediment,2,373,70,565310.221852481,4897724.75403567,hja2016_190,HJA-2016_soil_09,1,soil_enriched,670,163,0.24328358208955222,5.46,5756.2063149296855,FALSE,0,TRUE,TRUE,TRUE
hja2016_132,84,sediment,4,112,622.7,566447.171641521,4900685.6232752,hja2016_190,HJA-2016_soil_09,1,soil_enriched,670,167,0.24925373134328357,4.48,6760.40235881473,FALSE,0,TRUE,TRUE,TRUE
hja2016_133,161,sediment,5,51,5699.1,561109.407372482,4897170.77850081,hja2016_190,HJA-2016_soil_09,1,soil_enriched,670,297,0.44328358208955226,14.32,9604.514044169222,TRUE,1,TRUE,TRUE,TRUE
hja2016_135,169,sediment,2,144,53.5,568641.074752475,4902527.5419308,hja2016_190,HJA-2016_soil_09,1,soil_enriched,670,157,0.23432835820895523,5.04,7473.190038875502,FALSE,0,TRUE,TRUE,TRUE
hja2016_136,190,sediment,1,546,14.2,564169.272240084,4897881.7471024,hja2016_190,HJA-2016_soil_09,1,soil_enriched,670,124,0.18507462686567164,3.51,6865.285619227525,FALSE,0,TRUE,FALSE,FALSE
hja2016_139,CC-2,sediment,2,183,63.6,569992.01509108,4897760.75244588,hja2016_190,HJA-2016_soil_09,1,soil_enriched,670,141,0.21044776119402986,4.88,2521.8196688904827,FALSE,0,TRUE,TRUE,TRUE
hja2016_140,CC-3,sediment,2,183,63,570038.013059678,4897795.75090024,hja2016_190,HJA-2016_soil_09,1,soil_enriched,670,117,0.1746268656716418,3.46,2546.752844993414,FALSE,0,TRUE,TRUE,TRUE
hja2016_141,CC-4,sediment,2,183,58.5,570162.007583724,4897831.74931045,hja2016_190,HJA-2016_soil_09,1,soil_enriched,670,125,0.1865671641791045,4.05,2561.384698009736,FALSE,0,TRUE,TRUE,TRUE
hja2016_142,KC-1,sediment,3,362,114.7,562012.367495176,4896802.79475203,hja2016_190,HJA-2016_soil_09,1,soil_enriched,670,99,0.14776119402985075,2.92,8649.083344288261,FALSE,0,TRUE,TRUE,TRUE
hja2016_144,KC-3,sediment,3,362,114,562000.368025107,4896680.80013966,hja2016_190,HJA-2016_soil_09,1,soil_enriched,670,73,0.10895522388059702,2.86,8640.522612158884,FALSE,0,TRUE,TRUE,TRUE
hja2016_145,155,sediment,2,345,81.2,565811.199727862,4897652.75721525,hja2016_190,HJA-2016_soil_09,1,soil_enriched,670,138,0.20597014925373133,4.9,5273.62763531838,TRUE,0.6666666666666666,FALSE,FALSE,FALSE
hja2016_146,156,sediment,5,24,2575.9,566141.185154761,4897558.76136638,hja2016_190,HJA-2016_soil_09,1,soil_enriched,670,101,0.15074626865671642,2.65,4936.815689789386,TRUE,1,TRUE,TRUE,TRUE
hja2016_147,163,sediment,5,63,6126.6,559726.468447026,4896111.82526722,hja2016_190,HJA-2016_soil_09,1,soil_enriched,670,339,0.5059701492537313,14.14,10833.565330464755,TRUE,1,TRUE,TRUE,TRUE
hja2016_148,165,sediment,2,494,27.9,564789.244860317,4900155.64668049,hja2016_190,HJA-2016_soil_09,1,soil_enriched,670,137,0.2044776119402985,4.98,7520.414678914003,FALSE,0,TRUE,FALSE,FALSE
hja2016_150,53,sediment,3,78,280.7,568092.098996817,4898223.73199937,hja2016_190,HJA-2016_soil_09,1,soil_enriched,670,103,0.1537313432835821,2.91,3808.7812784679686,FALSE,0,TRUE,TRUE,TRUE
hja2016_151,64,sediment,2,163,33.5,570527.99142083,4895508.85189625,hja2016_190,HJA-2016_soil_09,1,soil_enriched,670,371,0.5537313432835821,12.8,212.0154697731951,FALSE,0,TRUE,FALSE,FALSE
hja2016_152,66,sediment,4,79,1360.7,567970.104384448,4898153.73509064,hja2016_190,HJA-2016_soil_09,1,soil_enriched,670,116,0.17313432835820897,2.43,3835.558610146479,TRUE,1,TRUE,TRUE,TRUE
hja2016_155,82,sediment,2,536,36.6,564452.259742545,4899854.65997292,hja2016_190,HJA-2016_soil_09,1,soil_enriched,670,134,0.2,4.98,7596.35222693214,FALSE,0,TRUE,TRUE,TRUE
hja2016_157,43,sediment,1,538,7.8,567346.131940859,4898257.7304979,hja2016_190,HJA-2016_soil_09,1,soil_enriched,670,85,0.12686567164179105,2.17,4347.37320275646,FALSE,0,TRUE,FALSE,FALSE
hja2016_159,49,sediment,5,40,3399.1,563281.311454976,4898046.73981585,hja2016_190,HJA-2016_soil_09,1,soil_enriched,670,88,0.13134328358208955,2.52,7752.148003822669,TRUE,1,TRUE,TRUE,TRUE
hja2016_160,50,sediment,5,41,4956.4,563054.321479503,4898132.73601802,hja2016_190,HJA-2016_soil_09,1,soil_enriched,670,47,0.07014925373134329,0.97,7994.881979135008,TRUE,1,TRUE,TRUE,TRUE
hja2016_031,161,hyporheic,5,51,5699.1,561109.407372482,4897170.77850081,hja2016_190,HJA-2016_soil_09,1,soil_enriched,670,3,0.004477611940298508,0.37,9604.514044169222,TRUE,1,TRUE,TRUE,TRUE
hja2016_032,54,hyporheic,3,363,207.7,561802.376768968,4897363.76997776,hja2016_190,HJA-2016_soil_09,1,soil_enriched,670,9,0.013432835820895522,1.11,8968.38929056266,FALSE,0,TRUE,TRUE,TRUE
hja2016_035,192,hyporheic,2,542,28.5,564620.252323511,4897836.74908965,hja2016_190,HJA-2016_soil_09,1,soil_enriched,670,6,0.008955223880597015,0.93,6431.82706636904,FALSE,0,TRUE,TRUE,TRUE
hja2016_037,43,hyporheic,1,538,7.8,567346.131940859,4898257.7304979,hja2016_190,HJA-2016_soil_09,1,soil_enriched,670,0,0,0,4347.37320275646,FALSE,0,TRUE,FALSE,FALSE
hja2016_042,165,planktonic,2,494,27.9,564789.244860317,4900155.64668049,hja2016_190,HJA-2016_soil_09,1,soil_enriched,670,1,0.0014925373134328358,0.07,7520.414678914003,FALSE,0,TRUE,FALSE,FALSE
hja2016_043,KC-2,hyporheic,3,362,114.2,561999.368069268,4896735.79771081,hja2016_190,HJA-2016_soil_09,1,soil_enriched,670,7,0.010447761194029851,1.21,8650.488006040332,FALSE,0,TRUE,TRUE,TRUE
hja2016_049,67,planktonic,4,83,1558.1,567119.141965387,4897968.74326041,hja2016_190,HJA-2016_soil_09,1,soil_enriched,670,3,0.004477611940298508,0.07,4332.260810070693,TRUE,1,TRUE,TRUE,TRUE
hja2016_050,165,hyporheic,2,494,27.9,564789.244860317,4900155.64668049,hja2016_190,HJA-2016_soil_09,1,soil_enriched,670,16,0.023880597014925373,1.14,7520.414678914003,FALSE,0,TRUE,FALSE,FALSE
hja2016_052,163,hyporheic,5,63,6126.6,559726.468447026,4896111.82526722,hja2016_190,HJA-2016_soil_09,1,soil_enriched,670,13,0.019402985074626865,0.71,10833.565330464755,TRUE,1,TRUE,TRUE,TRUE
hja2016_056,KC-1,hyporheic,3,362,114.7,562012.367495176,4896802.79475203,hja2016_190,HJA-2016_soil_09,1,soil_enriched,670,13,0.019402985074626865,0.74,8649.083344288261,FALSE,0,TRUE,TRUE,TRUE
hja2016_057,71,hyporheic,3,556,101.7,562662.338790582,4897988.74237719,hja2016_190,HJA-2016_soil_09,1,soil_enriched,670,2,0.0029850746268656717,0.62,8314.804442049102,FALSE,0,TRUE,TRUE,TRUE
hja2016_059,KC-2,planktonic,3,362,114.2,561999.368069268,4896735.79771081,hja2016_190,HJA-2016_soil_09,1,soil_enriched,670,22,0.03283582089552239,1.57,8650.488006040332,FALSE,0,TRUE,TRUE,TRUE
hja2016_062,WS3-3,hyporheic,2,511,93.4,560639.428128111,4896408.81215143,hja2016_190,HJA-2016_soil_09,1,soil_enriched,670,14,0.020895522388059702,0.96,9952.223348983513,FALSE,0,TRUE,TRUE,TRUE
hja2016_064,WS3-4,planktonic,2,510,81.3,560692.425787583,4896348.81480109,hja2016_190,HJA-2016_soil_09,1,soil_enriched,670,8,0.011940298507462687,0.92,9892.999719307956,FALSE,0,TRUE,TRUE,TRUE
hja2016_099,162,planktonic,5,66,6208.4,559348.485139852,4895468.85366269,hja2016_190,HJA-2016_soil_09,1,soil_enriched,670,8,0.011940298507462687,0.34,11182.173519774584,TRUE,1,TRUE,TRUE,TRUE
hja2016_100,64,planktonic,2,163,33.5,570527.99142083,4895508.85189625,hja2016_190,HJA-2016_soil_09,1,soil_enriched,670,9,0.013432835820895522,0.22,212.0154697731951,FALSE,0,TRUE,FALSE,FALSE
hja2016_101,58,planktonic,3,385,67.2,566998.147308857,4898497.71989928,hja2016_190,HJA-2016_soil_09,1,soil_enriched,670,11,0.016417910447761194,0.23,4766.017017247842,FALSE,0,TRUE,TRUE,TRUE
hja2016_102,73,hyporheic,2,255,137,566310.177691566,4896786.79545861,hja2016_190,HJA-2016_soil_09,1,soil_enriched,670,10,0.014925373134328358,0.32,4474.5120802368565,FALSE,0,TRUE,TRUE,TRUE
hja2016_103,260,planktonic,4,23,866.1,566425.172613061,4897456.76587079,hja2016_190,HJA-2016_soil_09,1,soil_enriched,670,31,0.04626865671641791,0.76,4637.826032708156,TRUE,0.6666666666666666,FALSE,FALSE,FALSE
hja2016_105,178,planktonic,2,411,19.9,566185.18321168,4901793.57434491,hja2016_190,HJA-2016_soil_09,1,soil_enriched,670,18,0.026865671641791045,0.5,7815.318794547215,FALSE,0,TRUE,TRUE,TRUE
hja2016_106,170,planktonic,2,229,49.4,570659.985591589,4896908.79007097,hja2016_190,HJA-2016_soil_09,1,soil_enriched,670,4,0.005970149253731343,0.07,1617.235371133611,FALSE,0,TRUE,FALSE,FALSE
hja2016_107,57,hyporheic,4,131,1488.8,563668.294364702,4898599.71539487,hja2016_190,HJA-2016_soil_09,1,soil_enriched,670,15,0.022388059701492536,0.38,7614.648228569735,FALSE,0,TRUE,TRUE,TRUE
hja2016_109,169,planktonic,2,144,53.5,568641.074752475,4902527.5419308,hja2016_190,HJA-2016_soil_09,1,soil_enriched,670,9,0.013432835820895522,0.47,7473.190038875502,FALSE,0,TRUE,TRUE,TRUE
hja2016_110,76,hyporheic,3,150,303.5,570464.994202967,4896947.7883487,hja2016_190,HJA-2016_soil_09,1,soil_enriched,670,12,0.01791044776119403,0.37,1652.200953596933,TRUE,1,TRUE,TRUE,TRUE
hja2016_111,160,planktonic,5,24,2569.5,566416.173010509,4897492.764281,hja2016_190,HJA-2016_soil_09,1,soil_enriched,670,13,0.019402985074626865,0.43,4662.637301388792,TRUE,1,TRUE,TRUE,TRUE
hja2016_114,WS1-5,planktonic,2,522,87.9,559517.477676657,4895016.87362342,hja2016_190,HJA-2016_soil_09,1,soil_enriched,670,13,0.019402985074626865,0.3,11015.416271937751,FALSE,0,TRUE,TRUE,TRUE
hja2016_116,53,planktonic,3,78,280.7,568092.098996817,4898223.73199937,hja2016_190,HJA-2016_soil_09,1,soil_enriched,670,20,0.029850746268656716,0.52,3808.7812784679686,FALSE,0,TRUE,TRUE,TRUE
hja2016_119,56,planktonic,3,321,99.5,562839.3309741,4897811.75019367,hja2016_190,HJA-2016_soil_09,1,soil_enriched,670,30,0.04477611940298507,0.69,8090.793557318609,FALSE,0,TRUE,TRUE,TRUE
hja2016_121,84,hyporheic,4,112,622.7,566447.171641521,4900685.6232752,hja2016_190,HJA-2016_soil_09,1,soil_enriched,670,7,0.010447761194029851,0.1,6760.40235881473,FALSE,0,TRUE,TRUE,TRUE
hja2016_122,45,sediment,3,390,193.2,565977.192397151,4897892.74661664,hja2016_190,HJA-2016_soil_09,1,soil_enriched,670,82,0.12238805970149254,2.38,5240.299131461351,FALSE,0,TRUE,TRUE,TRUE
hja2016_125,56,sediment,3,321,99.5,562839.3309741,4897811.75019367,hja2016_190,HJA-2016_soil_09,1,soil_enriched,670,93,0.13880597014925372,2.79,8090.793557318609,FALSE,0,TRUE,TRUE,TRUE
hja2016_164,260,sediment,4,23,866.1,566425.172613061,4897456.76587079,hja2016_190,HJA-2016_soil_09,1,soil_enriched,670,151,0.2253731343283582,4.06,4637.826032708156,TRUE,0.6666666666666666,FALSE,FALSE,FALSE
hja2016_166,57,sediment,4,131,1488.8,563668.294364702,4898599.71539487,hja2016_190,HJA-2016_soil_09,1,soil_enriched,670,58,0.08656716417910448,1.24,7614.648228569735,FALSE,0,TRUE,TRUE,TRUE
hja2016_167,WS3-1,sediment,2,511,96.4,560508.433913191,4896516.80738205,hja2016_190,HJA-2016_soil_09,1,soil_enriched,670,267,0.39850746268656717,13.28,10094.889231265372,FALSE,0,TRUE,TRUE,TRUE
hja2016_169,WS3-2,sediment,2,511,95.7,560554.431881789,4896487.80866272,hja2016_190,HJA-2016_soil_09,1,soil_enriched,670,297,0.44328358208955226,13.47,10045.750750843794,FALSE,0,TRUE,TRUE,TRUE
hja2016_170,WS3-3,sediment,2,511,93.4,560639.428128111,4896408.81215143,hja2016_190,HJA-2016_soil_09,1,soil_enriched,670,109,0.1626865671641791,2.85,9952.223348983513,FALSE,0,TRUE,TRUE,TRUE
hja2016_177,WS1-3,sediment,2,522,92.1,559404.482666841,4895069.8712829,hja2016_190,HJA-2016_soil_09,1,soil_enriched,670,154,0.2298507462686567,4.94,11127.167970767903,FALSE,0,TRUE,TRUE,TRUE
hja2016_179,WS1-5,sediment,2,522,87.9,559517.477676657,4895016.87362342,hja2016_190,HJA-2016_soil_09,1,soil_enriched,670,108,0.16119402985074627,3.19,11015.416271937751,FALSE,0,TRUE,TRUE,TRUE
hja2016_180,WS1-6,sediment,2,522,82.7,559631.472642313,4894993.87463913,hja2016_190,HJA-2016_soil_09,1,soil_enriched,670,57,0.08507462686567165,1.25,10902.073410267192,FALSE,0,TRUE,TRUE,TRUE
hja2016_181,177,sediment,1,452,14.8,565808.199860345,4901620.58198475,hja2016_190,HJA-2016_soil_09,1,soil_enriched,670,109,0.1626865671641791,2.65,7891.693500778309,FALSE,0,TRUE,TRUE,TRUE
hja2016_001,50,planktonic,5,41,4956.4,563054.321479503,4898132.73601802,hja2016_191,HJA-2016_soil_10,1,soil_detected,934,9,0.009635974304068522,2.24,7608.10520377801,TRUE,0.8888888888888888,FALSE,TRUE,FALSE
hja2016_008,WS3-1,hyporheic,2,511,96.4,560508.433913191,4896516.80738205,hja2016_191,HJA-2016_soil_10,1,soil_detected,934,20,0.021413276231263382,3.8,10607.207692616097,FALSE,0,TRUE,TRUE,TRUE
hja2016_009,60,hyporheic,2,316,43.1,567391.129953618,4898693.71124374,hja2016_191,HJA-2016_soil_10,1,soil_detected,934,27,0.028907922912205567,8.06,4541.585714625101,FALSE,0,TRUE,FALSE,FALSE
hja2016_010,164,planktonic,3,502,60.8,560307.442789535,4895737.8417834,hja2016_191,HJA-2016_soil_10,1,soil_detected,934,9,0.009635974304068522,3.99,11251.394621212547,FALSE,0,TRUE,TRUE,TRUE
hja2016_011,WS1-6,planktonic,2,522,82.7,559631.472642313,4894993.87463913,hja2016_191,HJA-2016_soil_10,1,soil_detected,934,42,0.044967880085653104,3.54,12248.13346409912,FALSE,0,TRUE,TRUE,TRUE
hja2016_013,WS1-4,planktonic,2,522,89.8,559453.480502956,4895042.87247524,hja2016_191,HJA-2016_soil_10,1,soil_detected,934,29,0.031049250535331904,4.87,12352.30187753053,FALSE,0,TRUE,TRUE,TRUE
hja2016_014,WS1-6,hyporheic,2,522,82.7,559631.472642313,4894993.87463913,hja2016_191,HJA-2016_soil_10,1,soil_detected,934,17,0.018201284796573874,5.65,12248.13346409912,FALSE,0,TRUE,TRUE,TRUE
hja2016_015,47,hyporheic,4,134,1550.1,563254.31264732,4898130.73610634,hja2016_191,HJA-2016_soil_10,1,soil_detected,934,10,0.010706638115631691,2.53,7456.055798045585,TRUE,0.8888888888888888,FALSE,TRUE,FALSE
hja2016_016,74,hyporheic,2,373,70,565310.221852481,4897724.75403567,hja2016_191,HJA-2016_soil_10,1,soil_detected,934,5,0.0053533190578158455,1.03,6370.024803814588,FALSE,0,TRUE,TRUE,TRUE
hja2016_018,WS1-5,hyporheic,2,522,87.9,559517.477676657,4895016.87362342,hja2016_191,HJA-2016_soil_10,1,soil_detected,934,34,0.03640256959314775,2.73,12320.037844117269,FALSE,0,TRUE,TRUE,TRUE
hja2016_019,155,hyporheic,2,345,81.2,565811.199727862,4897652.75721525,hja2016_191,HJA-2016_soil_10,1,soil_detected,934,31,0.033190578158458245,5.55,6161.347224576549,FALSE,0,TRUE,FALSE,FALSE
hja2016_020,WS1-2,hyporheic,2,522,93.6,559354.484874886,4895103.86978142,hja2016_191,HJA-2016_soil_10,1,soil_detected,934,48,0.05139186295503212,4.05,12389.604183057578,FALSE,0,TRUE,TRUE,TRUE
hja2016_021,156,hyporheic,5,24,2575.9,566141.185154761,4897558.76136638,hja2016_191,HJA-2016_soil_10,1,soil_detected,934,10,0.010706638115631691,3.25,6084.503380435244,FALSE,0,TRUE,TRUE,TRUE
hja2016_027,WS3-6,planktonic,2,510,78.4,560819.420179147,4896235.81979127,hja2016_191,HJA-2016_soil_10,1,soil_detected,934,16,0.017130620985010708,1.98,10539.25382754138,FALSE,0,TRUE,TRUE,TRUE
hja2016_065,68,hyporheic,5,30,3032.2,565145.229139031,4897899.74630751,hja2016_191,HJA-2016_soil_10,1,soil_detected,934,36,0.03854389721627409,5.78,6324.126517014101,FALSE,0,TRUE,TRUE,TRUE
hja2016_066,49,hyporheic,5,40,3399.1,563281.311454976,4898046.73981585,hja2016_191,HJA-2016_soil_10,1,soil_detected,934,46,0.04925053533190578,4.16,7490.431877283785,FALSE,0,TRUE,TRUE,TRUE
hja2016_070,56,hyporheic,3,321,99.5,562839.3309741,4897811.75019367,hja2016_191,HJA-2016_soil_10,1,soil_detected,934,18,0.019271948608137045,3.25,7978.84752273846,FALSE,0,TRUE,TRUE,TRUE
hja2016_071,164,hyporheic,3,502,60.8,560307.442789535,4895737.8417834,hja2016_191,HJA-2016_soil_10,1,soil_detected,934,49,0.05246252676659529,3.83,11251.394621212547,FALSE,0,TRUE,TRUE,TRUE
hja2016_075,260,hyporheic,4,23,866.1,566425.172613061,4897456.76587079,hja2016_191,HJA-2016_soil_10,1,soil_detected,934,20,0.021413276231263382,3.83,6052.433427544388,FALSE,0,TRUE,FALSE,FALSE
hja2016_078,CC-1,hyporheic,2,183,64,569956.016680872,4897740.75332909,hja2016_191,HJA-2016_soil_10,1,soil_detected,934,24,0.02569593147751606,3.45,5326.107003601732,FALSE,0,TRUE,TRUE,TRUE
hja2016_079,64,hyporheic,2,163,33.5,570527.99142083,4895508.85189625,hja2016_191,HJA-2016_soil_10,1,soil_detected,934,41,0.043897216274089934,5.55,7627.53390664776,FALSE,0,TRUE,FALSE,FALSE
hja2016_084,177,hyporheic,1,452,14.8,565808.199860345,4901620.58198475,hja2016_191,HJA-2016_soil_10,1,soil_detected,934,28,0.029978586723768737,6.05,3398.9830560215537,FALSE,0,TRUE,TRUE,TRUE
hja2016_127,60,sediment,2,316,43.1,567391.129953618,4898693.71124374,hja2016_191,HJA-2016_soil_10,1,soil_detected,934,107,0.1145610278372591,7.04,4541.585714625101,FALSE,0,TRUE,FALSE,FALSE
hja2016_129,72,sediment,4,16,568.3,566542.167446234,4896499.80813279,hja2016_191,HJA-2016_soil_10,1,soil_detected,934,153,0.16381156316916487,11.15,6893.5838856801765,FALSE,0,TRUE,TRUE,TRUE
hja2016_131,74,sediment,2,373,70,565310.221852481,4897724.75403567,hja2016_191,HJA-2016_soil_10,1,soil_detected,934,162,0.1734475374732334,11.47,6370.024803814588,FALSE,0,TRUE,TRUE,TRUE
hja2016_132,84,sediment,4,112,622.7,566447.171641521,4900685.6232752,hja2016_191,HJA-2016_soil_10,1,soil_detected,934,157,0.16809421841541755,10.54,3371.1532552777685,TRUE,0.8888888888888888,FALSE,TRUE,FALSE
hja2016_133,161,sediment,5,51,5699.1,561109.407372482,4897170.77850081,hja2016_191,HJA-2016_soil_10,1,soil_detected,934,207,0.22162740899357602,14.99,9733.65480896199,TRUE,0.8888888888888888,FALSE,TRUE,FALSE
hja2016_135,169,sediment,2,144,53.5,568641.074752475,4902527.5419308,hja2016_191,HJA-2016_soil_10,1,soil_detected,934,136,0.145610278372591,11.47,525.4167260620284,TRUE,0.8888888888888888,FALSE,TRUE,FALSE
hja2016_136,190,sediment,1,546,14.2,564169.272240084,4897881.7471024,hja2016_191,HJA-2016_soil_10,1,soil_detected,934,155,0.16595289079229122,10.79,6965.3224658409845,FALSE,0,TRUE,FALSE,FALSE
hja2016_139,CC-2,sediment,2,183,63.6,569992.01509108,4897760.75244588,hja2016_191,HJA-2016_soil_10,1,soil_detected,934,171,0.18308351177730192,11.63,5313.5678897824055,FALSE,0,TRUE,TRUE,TRUE
hja2016_140,CC-3,sediment,2,183,63,570038.013059678,4897795.75090024,hja2016_191,HJA-2016_soil_10,1,soil_detected,934,145,0.15524625267665954,9.4,5288.733841673948,FALSE,0,TRUE,TRUE,TRUE
hja2016_141,CC-4,sediment,2,183,58.5,570162.007583724,4897831.74931045,hja2016_191,HJA-2016_soil_10,1,soil_detected,934,147,0.15738758029978586,11.33,5281.10308028242,FALSE,0,TRUE,TRUE,TRUE
hja2016_142,KC-1,sediment,3,362,114.7,562012.367495176,4896802.79475203,hja2016_191,HJA-2016_soil_10,1,soil_detected,934,120,0.1284796573875803,10.41,9264.918367019454,FALSE,0,TRUE,TRUE,TRUE
hja2016_144,KC-3,sediment,3,362,114,562000.368025107,4896680.80013966,hja2016_191,HJA-2016_soil_10,1,soil_detected,934,110,0.11777301927194861,11.58,9355.411211095503,FALSE,0,TRUE,TRUE,TRUE
hja2016_145,155,sediment,2,345,81.2,565811.199727862,4897652.75721525,hja2016_191,HJA-2016_soil_10,1,soil_detected,934,151,0.16167023554603854,11.13,6161.347224576549,FALSE,0,TRUE,FALSE,FALSE
hja2016_146,156,sediment,5,24,2575.9,566141.185154761,4897558.76136638,hja2016_191,HJA-2016_soil_10,1,soil_detected,934,127,0.13597430406852248,8.77,6084.503380435244,FALSE,0,TRUE,TRUE,TRUE
hja2016_147,163,sediment,5,63,6126.6,559726.468447026,4896111.82526722,hja2016_191,HJA-2016_soil_10,1,soil_detected,934,218,0.2334047109207709,14.57,11475.284274349297,TRUE,0.8888888888888888,FALSE,TRUE,FALSE
hja2016_148,165,sediment,2,494,27.9,564789.244860317,4900155.64668049,hja2016_191,HJA-2016_soil_10,1,soil_detected,934,166,0.1777301927194861,11.97,5004.226033328847,FALSE,0,TRUE,FALSE,FALSE
hja2016_150,53,sediment,3,78,280.7,568092.098996817,4898223.73199937,hja2016_191,HJA-2016_soil_10,1,soil_detected,934,122,0.13062098501070663,9.03,4816.499238111749,FALSE,0,TRUE,TRUE,TRUE
hja2016_151,64,sediment,2,163,33.5,570527.99142083,4895508.85189625,hja2016_191,HJA-2016_soil_10,1,soil_detected,934,240,0.2569593147751606,13.52,7627.53390664776,FALSE,0,TRUE,FALSE,FALSE
hja2016_152,66,sediment,4,79,1360.7,567970.104384448,4898153.73509064,hja2016_191,HJA-2016_soil_10,1,soil_detected,934,117,0.1252676659528908,7.21,4907.820415710128,FALSE,0,TRUE,TRUE,TRUE
hja2016_155,82,sediment,2,536,36.6,564452.259742545,4899854.65997292,hja2016_191,HJA-2016_soil_10,1,soil_detected,934,174,0.18629550321199143,12.57,5452.424591535673,FALSE,0,TRUE,TRUE,TRUE
hja2016_157,43,sediment,1,538,7.8,567346.131940859,4898257.7304979,hja2016_191,HJA-2016_soil_10,1,soil_detected,934,117,0.1252676659528908,7.32,4968.159568711401,FALSE,0,TRUE,FALSE,FALSE
hja2016_159,49,sediment,5,40,3399.1,563281.311454976,4898046.73981585,hja2016_191,HJA-2016_soil_10,1,soil_detected,934,110,0.11777301927194861,10.72,7490.431877283785,FALSE,0,TRUE,TRUE,TRUE
hja2016_160,50,sediment,5,41,4956.4,563054.321479503,4898132.73601802,hja2016_191,HJA-2016_soil_10,1,soil_detected,934,83,0.08886509635974305,4.95,7608.10520377801,TRUE,0.8888888888888888,FALSE,TRUE,FALSE
hja2016_031,161,hyporheic,5,51,5699.1,561109.407372482,4897170.77850081,hja2016_191,HJA-2016_soil_10,1,soil_detected,934,7,0.007494646680942184,2.22,9733.65480896199,TRUE,0.8888888888888888,FALSE,TRUE,FALSE
hja2016_032,54,hyporheic,3,363,207.7,561802.376768968,4897363.76997776,hja2016_191,HJA-2016_soil_10,1,soil_detected,934,17,0.018201284796573874,4.97,9065.680689283756,FALSE,0,TRUE,TRUE,TRUE
hja2016_035,192,hyporheic,2,542,28.5,564620.252323511,4897836.74908965,hja2016_191,HJA-2016_soil_10,1,soil_detected,934,15,0.016059957173447537,3.7,6699.667093865044,FALSE,0,TRUE,TRUE,TRUE
hja2016_037,43,hyporheic,1,538,7.8,567346.131940859,4898257.7304979,hja2016_191,HJA-2016_soil_10,1,soil_detected,934,18,0.019271948608137045,6.67,4968.159568711401,FALSE,0,TRUE,FALSE,FALSE
hja2016_042,165,planktonic,2,494,27.9,564789.244860317,4900155.64668049,hja2016_191,HJA-2016_soil_10,1,soil_detected,934,4,0.004282655246252677,0.81,5004.226033328847,FALSE,0,TRUE,FALSE,FALSE
hja2016_043,KC-2,hyporheic,3,362,114.2,561999.368069268,4896735.79771081,hja2016_191,HJA-2016_soil_10,1,soil_detected,934,25,0.02676659528907923,5.45,9319.289521980052,FALSE,0,TRUE,TRUE,TRUE
hja2016_049,67,planktonic,4,83,1558.1,567119.141965387,4897968.74326041,hja2016_191,HJA-2016_soil_10,1,soil_detected,934,6,0.006423982869379015,3.95,5315.836064430058,FALSE,0,TRUE,TRUE,TRUE
hja2016_050,165,hyporheic,2,494,27.9,564789.244860317,4900155.64668049,hja2016_191,HJA-2016_soil_10,1,soil_detected,934,26,0.027837259100642397,2.62,5004.226033328847,FALSE,0,TRUE,FALSE,FALSE
hja2016_052,163,hyporheic,5,63,6126.6,559726.468447026,4896111.82526722,hja2016_191,HJA-2016_soil_10,1,soil_detected,934,39,0.0417558886509636,4.31,11475.284274349297,TRUE,0.8888888888888888,FALSE,TRUE,FALSE
hja2016_056,KC-1,hyporheic,3,362,114.7,562012.367495176,4896802.79475203,hja2016_191,HJA-2016_soil_10,1,soil_detected,934,35,0.03747323340471092,3.97,9264.918367019454,FALSE,0,TRUE,TRUE,TRUE
hja2016_057,71,hyporheic,3,556,101.7,562662.338790582,4897988.74237719,hja2016_191,HJA-2016_soil_10,1,soil_detected,934,16,0.017130620985010708,2.26,8003.468657978869,FALSE,0,TRUE,TRUE,TRUE
hja2016_059,KC-2,planktonic,3,362,114.2,561999.368069268,4896735.79771081,hja2016_191,HJA-2016_soil_10,1,soil_detected,934,38,0.04068522483940043,4.88,9319.289521980052,FALSE,0,TRUE,TRUE,TRUE
hja2016_062,WS3-3,hyporheic,2,511,93.4,560639.428128111,4896408.81215143,hja2016_191,HJA-2016_soil_10,1,soil_detected,934,40,0.042826552462526764,3.37,10570.180226657185,FALSE,0,TRUE,TRUE,TRUE
hja2016_064,WS3-4,planktonic,2,510,81.3,560692.425787583,4896348.81480109,hja2016_191,HJA-2016_soil_10,1,soil_detected,934,18,0.019271948608137045,4.17,10566.143356680146,FALSE,0,TRUE,TRUE,TRUE
hja2016_099,162,planktonic,5,66,6208.4,559348.485139852,4895468.85366269,hja2016_191,HJA-2016_soil_10,1,soil_detected,934,21,0.022483940042826552,0.87,12165.96264212503,TRUE,0.8888888888888888,FALSE,TRUE,FALSE
hja2016_100,64,planktonic,2,163,33.5,570527.99142083,4895508.85189625,hja2016_191,HJA-2016_soil_10,1,soil_detected,934,20,0.021413276231263382,0.83,7627.53390664776,FALSE,0,TRUE,FALSE,FALSE
hja2016_101,58,planktonic,3,385,67.2,566998.147308857,4898497.71989928,hja2016_191,HJA-2016_soil_10,1,soil_detected,934,21,0.022483940042826552,0.77,4868.543954014098,FALSE,0,TRUE,TRUE,TRUE
hja2016_102,73,hyporheic,2,255,137,566310.177691566,4896786.79545861,hja2016_191,HJA-2016_soil_10,1,soil_detected,934,21,0.022483940042826552,1.36,6712.17025128801,FALSE,0,TRUE,TRUE,TRUE
hja2016_103,260,planktonic,4,23,866.1,566425.172613061,4897456.76587079,hja2016_191,HJA-2016_soil_10,1,soil_detected,934,40,0.042826552462526764,2.53,6052.433427544388,FALSE,0,TRUE,FALSE,FALSE
hja2016_105,178,planktonic,2,411,19.9,566185.18321168,4901793.57434491,hja2016_191,HJA-2016_soil_10,1,soil_detected,934,26,0.027837259100642397,1.29,2984.3270113852086,FALSE,0,TRUE,TRUE,TRUE
hja2016_106,170,planktonic,2,229,49.4,570659.985591589,4896908.79007097,hja2016_191,HJA-2016_soil_10,1,soil_detected,934,12,0.01284796573875803,0.31,6300.546043667716,FALSE,0,TRUE,FALSE,FALSE
hja2016_107,57,hyporheic,4,131,1488.8,563668.294364702,4898599.71539487,hja2016_191,HJA-2016_soil_10,1,soil_detected,934,28,0.029978586723768737,1.1,6837.350786204187,TRUE,0.8888888888888888,FALSE,TRUE,FALSE
hja2016_109,169,planktonic,2,144,53.5,568641.074752475,4902527.5419308,hja2016_191,HJA-2016_soil_10,1,soil_detected,934,21,0.022483940042826552,1.28,525.4167260620284,TRUE,0.8888888888888888,FALSE,TRUE,FALSE
hja2016_110,76,hyporheic,3,150,303.5,570464.994202967,4896947.7883487,hja2016_191,HJA-2016_soil_10,1,soil_detected,934,19,0.020342612419700215,1,6211.997884291831,FALSE,0,TRUE,TRUE,TRUE
hja2016_111,160,planktonic,5,24,2569.5,566416.173010509,4897492.764281,hja2016_191,HJA-2016_soil_10,1,soil_detected,934,29,0.031049250535331904,1.44,6023.42779234303,FALSE,0,TRUE,TRUE,TRUE
hja2016_114,WS1-5,planktonic,2,522,87.9,559517.477676657,4895016.87362342,hja2016_191,HJA-2016_soil_10,1,soil_detected,934,24,0.02569593147751606,1,12320.037844117269,FALSE,0,TRUE,TRUE,TRUE
hja2016_116,53,planktonic,3,78,280.7,568092.098996817,4898223.73199937,hja2016_191,HJA-2016_soil_10,1,soil_detected,934,29,0.031049250535331904,1.29,4816.499238111749,FALSE,0,TRUE,TRUE,TRUE
hja2016_119,56,planktonic,3,321,99.5,562839.3309741,4897811.75019367,hja2016_191,HJA-2016_soil_10,1,soil_detected,934,45,0.048179871520342615,2.23,7978.84752273846,FALSE,0,TRUE,TRUE,TRUE
hja2016_121,84,hyporheic,4,112,622.7,566447.171641521,4900685.6232752,hja2016_191,HJA-2016_soil_10,1,soil_detected,934,10,0.010706638115631691,0.19,3371.1532552777685,TRUE,0.8888888888888888,FALSE,TRUE,FALSE
hja2016_122,45,sediment,3,390,193.2,565977.192397151,4897892.74661664,hja2016_191,HJA-2016_soil_10,1,soil_detected,934,126,0.1349036402569593,11.3,5870.3949112977925,FALSE,0,TRUE,TRUE,TRUE
hja2016_125,56,sediment,3,321,99.5,562839.3309741,4897811.75019367,hja2016_191,HJA-2016_soil_10,1,soil_detected,934,135,0.14453961456102785,12.02,7978.84752273846,FALSE,0,TRUE,TRUE,TRUE
hja2016_164,260,sediment,4,23,866.1,566425.172613061,4897456.76587079,hja2016_191,HJA-2016_soil_10,1,soil_detected,934,147,0.15738758029978586,10.36,6052.433427544388,FALSE,0,TRUE,FALSE,FALSE
hja2016_166,57,sediment,4,131,1488.8,563668.294364702,4898599.71539487,hja2016_191,HJA-2016_soil_10,1,soil_detected,934,84,0.08993576017130621,5.14,6837.350786204187,TRUE,0.8888888888888888,FALSE,TRUE,FALSE
hja2016_167,WS3-1,sediment,2,511,96.4,560508.433913191,4896516.80738205,hja2016_191,HJA-2016_soil_10,1,soil_detected,934,203,0.21734475374732334,15.77,10607.207692616097,FALSE,0,TRUE,TRUE,TRUE
hja2016_169,WS3-2,sediment,2,511,95.7,560554.431881789,4896487.80866272,hja2016_191,HJA-2016_soil_10,1,soil_detected,934,199,0.21306209850107066,13.85,10588.447940875047,FALSE,0,TRUE,TRUE,TRUE
hja2016_170,WS3-3,sediment,2,511,93.4,560639.428128111,4896408.81215143,hja2016_191,HJA-2016_soil_10,1,soil_detected,934,135,0.14453961456102785,7.59,10570.180226657185,FALSE,0,TRUE,TRUE,TRUE
hja2016_177,WS1-3,sediment,2,522,92.1,559404.482666841,4895069.8712829,hja2016_191,HJA-2016_soil_10,1,soil_detected,934,142,0.15203426124197003,10.9,12372.679046857904,FALSE,0,TRUE,TRUE,TRUE
hja2016_179,WS1-5,sediment,2,522,87.9,559517.477676657,4895016.87362342,hja2016_191,HJA-2016_soil_10,1,soil_detected,934,129,0.1381156316916488,9.06,12320.037844117269,FALSE,0,TRUE,TRUE,TRUE
hja2016_180,WS1-6,sediment,2,522,82.7,559631.472642313,4894993.87463913,hja2016_191,HJA-2016_soil_10,1,soil_detected,934,91,0.0974304068522484,5.24,12248.13346409912,FALSE,0,TRUE,TRUE,TRUE
hja2016_181,177,sediment,1,452,14.8,565808.199860345,4901620.58198475,hja2016_191,HJA-2016_soil_10,1,soil_detected,934,140,0.14989293361884368,7.8,3398.9830560215537,FALSE,0,TRUE,TRUE,TRUE
hja2016_001,50,planktonic,5,41,4956.4,563054.321479503,4898132.73601802,hja2016_191,HJA-2016_soil_10,1,soil_enriched,602,0,0,0,7608.10520377801,TRUE,0.8888888888888888,FALSE,TRUE,FALSE
hja2016_008,WS3-1,hyporheic,2,511,96.4,560508.433913191,4896516.80738205,hja2016_191,HJA-2016_soil_10,1,soil_enriched,602,3,0.0049833887043189366,0.3,10607.207692616097,FALSE,0,TRUE,TRUE,TRUE
hja2016_009,60,hyporheic,2,316,43.1,567391.129953618,4898693.71124374,hja2016_191,HJA-2016_soil_10,1,soil_enriched,602,8,0.013289036544850499,0.67,4541.585714625101,FALSE,0,TRUE,FALSE,FALSE
hja2016_010,164,planktonic,3,502,60.8,560307.442789535,4895737.8417834,hja2016_191,HJA-2016_soil_10,1,soil_enriched,602,0,0,0,11251.394621212547,FALSE,0,TRUE,TRUE,TRUE
hja2016_011,WS1-6,planktonic,2,522,82.7,559631.472642313,4894993.87463913,hja2016_191,HJA-2016_soil_10,1,soil_enriched,602,11,0.018272425249169437,0.98,12248.13346409912,FALSE,0,TRUE,TRUE,TRUE
hja2016_013,WS1-4,planktonic,2,522,89.8,559453.480502956,4895042.87247524,hja2016_191,HJA-2016_soil_10,1,soil_enriched,602,7,0.011627906976744186,0.77,12352.30187753053,FALSE,0,TRUE,TRUE,TRUE
hja2016_014,WS1-6,hyporheic,2,522,82.7,559631.472642313,4894993.87463913,hja2016_191,HJA-2016_soil_10,1,soil_enriched,602,3,0.0049833887043189366,0.43,12248.13346409912,FALSE,0,TRUE,TRUE,TRUE
hja2016_015,47,hyporheic,4,134,1550.1,563254.31264732,4898130.73610634,hja2016_191,HJA-2016_soil_10,1,soil_enriched,602,1,0.0016611295681063123,0.47,7456.055798045585,TRUE,0.8888888888888888,FALSE,TRUE,FALSE
hja2016_016,74,hyporheic,2,373,70,565310.221852481,4897724.75403567,hja2016_191,HJA-2016_soil_10,1,soil_enriched,602,1,0.0016611295681063123,0.05,6370.024803814588,FALSE,0,TRUE,TRUE,TRUE
hja2016_018,WS1-5,hyporheic,2,522,87.9,559517.477676657,4895016.87362342,hja2016_191,HJA-2016_soil_10,1,soil_enriched,602,6,0.009966777408637873,0.35,12320.037844117269,FALSE,0,TRUE,TRUE,TRUE
hja2016_019,155,hyporheic,2,345,81.2,565811.199727862,4897652.75721525,hja2016_191,HJA-2016_soil_10,1,soil_enriched,602,7,0.011627906976744186,1.6,6161.347224576549,FALSE,0,TRUE,FALSE,FALSE
hja2016_020,WS1-2,hyporheic,2,522,93.6,559354.484874886,4895103.86978142,hja2016_191,HJA-2016_soil_10,1,soil_enriched,602,15,0.024916943521594685,0.78,12389.604183057578,FALSE,0,TRUE,TRUE,TRUE
hja2016_021,156,hyporheic,5,24,2575.9,566141.185154761,4897558.76136638,hja2016_191,HJA-2016_soil_10,1,soil_enriched,602,2,0.0033222591362126247,0.45,6084.503380435244,FALSE,0,TRUE,TRUE,TRUE
hja2016_027,WS3-6,planktonic,2,510,78.4,560819.420179147,4896235.81979127,hja2016_191,HJA-2016_soil_10,1,soil_enriched,602,6,0.009966777408637873,0.6,10539.25382754138,FALSE,0,TRUE,TRUE,TRUE
hja2016_065,68,hyporheic,5,30,3032.2,565145.229139031,4897899.74630751,hja2016_191,HJA-2016_soil_10,1,soil_enriched,602,10,0.016611295681063124,1.09,6324.126517014101,FALSE,0,TRUE,TRUE,TRUE
hja2016_066,49,hyporheic,5,40,3399.1,563281.311454976,4898046.73981585,hja2016_191,HJA-2016_soil_10,1,soil_enriched,602,17,0.02823920265780731,1.1,7490.431877283785,FALSE,0,TRUE,TRUE,TRUE
hja2016_070,56,hyporheic,3,321,99.5,562839.3309741,4897811.75019367,hja2016_191,HJA-2016_soil_10,1,soil_enriched,602,6,0.009966777408637873,0.87,7978.84752273846,FALSE,0,TRUE,TRUE,TRUE
hja2016_071,164,hyporheic,3,502,60.8,560307.442789535,4895737.8417834,hja2016_191,HJA-2016_soil_10,1,soil_enriched,602,12,0.019933554817275746,0.88,11251.394621212547,FALSE,0,TRUE,TRUE,TRUE
hja2016_075,260,hyporheic,4,23,866.1,566425.172613061,4897456.76587079,hja2016_191,HJA-2016_soil_10,1,soil_enriched,602,3,0.0049833887043189366,0.68,6052.433427544388,FALSE,0,TRUE,FALSE,FALSE
hja2016_078,CC-1,hyporheic,2,183,64,569956.016680872,4897740.75332909,hja2016_191,HJA-2016_soil_10,1,soil_enriched,602,5,0.008305647840531562,0.83,5326.107003601732,FALSE,0,TRUE,TRUE,TRUE
hja2016_079,64,hyporheic,2,163,33.5,570527.99142083,4895508.85189625,hja2016_191,HJA-2016_soil_10,1,soil_enriched,602,17,0.02823920265780731,1.57,7627.53390664776,FALSE,0,TRUE,FALSE,FALSE
hja2016_084,177,hyporheic,1,452,14.8,565808.199860345,4901620.58198475,hja2016_191,HJA-2016_soil_10,1,soil_enriched,602,9,0.014950166112956811,0.8,3398.9830560215537,FALSE,0,TRUE,TRUE,TRUE
hja2016_127,60,sediment,2,316,43.1,567391.129953618,4898693.71124374,hja2016_191,HJA-2016_soil_10,1,soil_enriched,602,42,0.06976744186046512,1.32,4541.585714625101,FALSE,0,TRUE,FALSE,FALSE
hja2016_129,72,sediment,4,16,568.3,566542.167446234,4896499.80813279,hja2016_191,HJA-2016_soil_10,1,soil_enriched,602,73,0.1212624584717608,3.15,6893.5838856801765,FALSE,0,TRUE,TRUE,TRUE
hja2016_131,74,sediment,2,373,70,565310.221852481,4897724.75403567,hja2016_191,HJA-2016_soil_10,1,soil_enriched,602,75,0.12458471760797342,3.2,6370.024803814588,FALSE,0,TRUE,TRUE,TRUE
hja2016_132,84,sediment,4,112,622.7,566447.171641521,4900685.6232752,hja2016_191,HJA-2016_soil_10,1,soil_enriched,602,79,0.13122923588039867,2.49,3371.1532552777685,TRUE,0.8888888888888888,FALSE,TRUE,FALSE
hja2016_133,161,sediment,5,51,5699.1,561109.407372482,4897170.77850081,hja2016_191,HJA-2016_soil_10,1,soil_enriched,602,123,0.20431893687707642,7.32,9733.65480896199,TRUE,0.8888888888888888,FALSE,TRUE,FALSE
hja2016_135,169,sediment,2,144,53.5,568641.074752475,4902527.5419308,hja2016_191,HJA-2016_soil_10,1,soil_enriched,602,66,0.10963455149501661,2.74,525.4167260620284,TRUE,0.8888888888888888,FALSE,TRUE,FALSE
hja2016_136,190,sediment,1,546,14.2,564169.272240084,4897881.7471024,hja2016_191,HJA-2016_soil_10,1,soil_enriched,602,70,0.11627906976744186,2.42,6965.3224658409845,FALSE,0,TRUE,FALSE,FALSE
hja2016_139,CC-2,sediment,2,183,63.6,569992.01509108,4897760.75244588,hja2016_191,HJA-2016_soil_10,1,soil_enriched,602,81,0.1345514950166113,2.74,5313.5678897824055,FALSE,0,TRUE,TRUE,TRUE
hja2016_140,CC-3,sediment,2,183,63,570038.013059678,4897795.75090024,hja2016_191,HJA-2016_soil_10,1,soil_enriched,602,73,0.1212624584717608,2.31,5288.733841673948,FALSE,0,TRUE,TRUE,TRUE
hja2016_141,CC-4,sediment,2,183,58.5,570162.007583724,4897831.74931045,hja2016_191,HJA-2016_soil_10,1,soil_enriched,602,71,0.11794019933554817,2.72,5281.10308028242,FALSE,0,TRUE,TRUE,TRUE
hja2016_142,KC-1,sediment,3,362,114.7,562012.367495176,4896802.79475203,hja2016_191,HJA-2016_soil_10,1,soil_enriched,602,56,0.09302325581395349,2.02,9264.918367019454,FALSE,0,TRUE,TRUE,TRUE
hja2016_144,KC-3,sediment,3,362,114,562000.368025107,4896680.80013966,hja2016_191,HJA-2016_soil_10,1,soil_enriched,602,44,0.07308970099667775,1.93,9355.411211095503,FALSE,0,TRUE,TRUE,TRUE
hja2016_145,155,sediment,2,345,81.2,565811.199727862,4897652.75721525,hja2016_191,HJA-2016_soil_10,1,soil_enriched,602,68,0.11295681063122924,2.96,6161.347224576549,FALSE,0,TRUE,FALSE,FALSE
hja2016_146,156,sediment,5,24,2575.9,566141.185154761,4897558.76136638,hja2016_191,HJA-2016_soil_10,1,soil_enriched,602,62,0.10299003322259136,1.79,6084.503380435244,FALSE,0,TRUE,TRUE,TRUE
hja2016_147,163,sediment,5,63,6126.6,559726.468447026,4896111.82526722,hja2016_191,HJA-2016_soil_10,1,soil_enriched,602,132,0.21926910299003322,7.15,11475.284274349297,TRUE,0.8888888888888888,FALSE,TRUE,FALSE
hja2016_148,165,sediment,2,494,27.9,564789.244860317,4900155.64668049,hja2016_191,HJA-2016_soil_10,1,soil_enriched,602,84,0.13953488372093023,2.7,5004.226033328847,FALSE,0,TRUE,FALSE,FALSE
hja2016_150,53,sediment,3,78,280.7,568092.098996817,4898223.73199937,hja2016_191,HJA-2016_soil_10,1,soil_enriched,602,51,0.08471760797342193,1.74,4816.499238111749,FALSE,0,TRUE,TRUE,TRUE
hja2016_151,64,sediment,2,163,33.5,570527.99142083,4895508.85189625,hja2016_191,HJA-2016_soil_10,1,soil_enriched,602,140,0.23255813953488372,6.42,7627.53390664776,FALSE,0,TRUE,FALSE,FALSE
hja2016_152,66,sediment,4,79,1360.7,567970.104384448,4898153.73509064,hja2016_191,HJA-2016_soil_10,1,soil_enriched,602,52,0.08637873754152824,1.11,4907.820415710128,FALSE,0,TRUE,TRUE,TRUE
hja2016_155,82,sediment,2,536,36.6,564452.259742545,4899854.65997292,hja2016_191,HJA-2016_soil_10,1,soil_enriched,602,87,0.14451827242524917,3.1,5452.424591535673,FALSE,0,TRUE,TRUE,TRUE
hja2016_157,43,sediment,1,538,7.8,567346.131940859,4898257.7304979,hja2016_191,HJA-2016_soil_10,1,soil_enriched,602,50,0.08305647840531562,1.37,4968.159568711401,FALSE,0,TRUE,FALSE,FALSE
hja2016_159,49,sediment,5,40,3399.1,563281.311454976,4898046.73981585,hja2016_191,HJA-2016_soil_10,1,soil_enriched,602,43,0.07142857142857142,1.39,7490.431877283785,FALSE,0,TRUE,TRUE,TRUE
hja2016_160,50,sediment,5,41,4956.4,563054.321479503,4898132.73601802,hja2016_191,HJA-2016_soil_10,1,soil_enriched,602,31,0.05149501661129568,0.7,7608.10520377801,TRUE,0.8888888888888888,FALSE,TRUE,FALSE
hja2016_031,161,hyporheic,5,51,5699.1,561109.407372482,4897170.77850081,hja2016_191,HJA-2016_soil_10,1,soil_enriched,602,1,0.0016611295681063123,0.19,9733.65480896199,TRUE,0.8888888888888888,FALSE,TRUE,FALSE
hja2016_032,54,hyporheic,3,363,207.7,561802.376768968,4897363.76997776,hja2016_191,HJA-2016_soil_10,1,soil_enriched,602,6,0.009966777408637873,0.72,9065.680689283756,FALSE,0,TRUE,TRUE,TRUE
hja2016_035,192,hyporheic,2,542,28.5,564620.252323511,4897836.74908965,hja2016_191,HJA-2016_soil_10,1,soil_enriched,602,5,0.008305647840531562,0.85,6699.667093865044,FALSE,0,TRUE,TRUE,TRUE
hja2016_037,43,hyporheic,1,538,7.8,567346.131940859,4898257.7304979,hja2016_191,HJA-2016_soil_10,1,soil_enriched,602,0,0,0,4968.159568711401,FALSE,0,TRUE,FALSE,FALSE
hja2016_042,165,planktonic,2,494,27.9,564789.244860317,4900155.64668049,hja2016_191,HJA-2016_soil_10,1,soil_enriched,602,1,0.0016611295681063123,0.07,5004.226033328847,FALSE,0,TRUE,FALSE,FALSE
hja2016_043,KC-2,hyporheic,3,362,114.2,561999.368069268,4896735.79771081,hja2016_191,HJA-2016_soil_10,1,soil_enriched,602,6,0.009966777408637873,1.14,9319.289521980052,FALSE,0,TRUE,TRUE,TRUE
hja2016_049,67,planktonic,4,83,1558.1,567119.141965387,4897968.74326041,hja2016_191,HJA-2016_soil_10,1,soil_enriched,602,2,0.0033222591362126247,0.03,5315.836064430058,FALSE,0,TRUE,TRUE,TRUE
hja2016_050,165,hyporheic,2,494,27.9,564789.244860317,4900155.64668049,hja2016_191,HJA-2016_soil_10,1,soil_enriched,602,7,0.011627906976744186,0.54,5004.226033328847,FALSE,0,TRUE,FALSE,FALSE
hja2016_052,163,hyporheic,5,63,6126.6,559726.468447026,4896111.82526722,hja2016_191,HJA-2016_soil_10,1,soil_enriched,602,13,0.02159468438538206,0.74,11475.284274349297,TRUE,0.8888888888888888,FALSE,TRUE,FALSE
hja2016_056,KC-1,hyporheic,3,362,114.7,562012.367495176,4896802.79475203,hja2016_191,HJA-2016_soil_10,1,soil_enriched,602,7,0.011627906976744186,0.52,9264.918367019454,FALSE,0,TRUE,TRUE,TRUE
hja2016_057,71,hyporheic,3,556,101.7,562662.338790582,4897988.74237719,hja2016_191,HJA-2016_soil_10,1,soil_enriched,602,2,0.0033222591362126247,0.62,8003.468657978869,FALSE,0,TRUE,TRUE,TRUE
hja2016_059,KC-2,planktonic,3,362,114.2,561999.368069268,4896735.79771081,hja2016_191,HJA-2016_soil_10,1,soil_enriched,602,11,0.018272425249169437,1.31,9319.289521980052,FALSE,0,TRUE,TRUE,TRUE
hja2016_062,WS3-3,hyporheic,2,511,93.4,560639.428128111,4896408.81215143,hja2016_191,HJA-2016_soil_10,1,soil_enriched,602,12,0.019933554817275746,0.79,10570.180226657185,FALSE,0,TRUE,TRUE,TRUE
hja2016_064,WS3-4,planktonic,2,510,81.3,560692.425787583,4896348.81480109,hja2016_191,HJA-2016_soil_10,1,soil_enriched,602,6,0.009966777408637873,0.76,10566.143356680146,FALSE,0,TRUE,TRUE,TRUE
hja2016_099,162,planktonic,5,66,6208.4,559348.485139852,4895468.85366269,hja2016_191,HJA-2016_soil_10,1,soil_enriched,602,7,0.011627906976744186,0.21,12165.96264212503,TRUE,0.8888888888888888,FALSE,TRUE,FALSE
hja2016_100,64,planktonic,2,163,33.5,570527.99142083,4895508.85189625,hja2016_191,HJA-2016_soil_10,1,soil_enriched,602,6,0.009966777408637873,0.14,7627.53390664776,FALSE,0,TRUE,FALSE,FALSE
hja2016_101,58,planktonic,3,385,67.2,566998.147308857,4898497.71989928,hja2016_191,HJA-2016_soil_10,1,soil_enriched,602,10,0.016611295681063124,0.19,4868.543954014098,FALSE,0,TRUE,TRUE,TRUE
hja2016_102,73,hyporheic,2,255,137,566310.177691566,4896786.79545861,hja2016_191,HJA-2016_soil_10,1,soil_enriched,602,9,0.014950166112956811,0.31,6712.17025128801,FALSE,0,TRUE,TRUE,TRUE
hja2016_103,260,planktonic,4,23,866.1,566425.172613061,4897456.76587079,hja2016_191,HJA-2016_soil_10,1,soil_enriched,602,20,0.03322259136212625,0.49,6052.433427544388,FALSE,0,TRUE,FALSE,FALSE
hja2016_105,178,planktonic,2,411,19.9,566185.18321168,4901793.57434491,hja2016_191,HJA-2016_soil_10,1,soil_enriched,602,11,0.018272425249169437,0.36,2984.3270113852086,FALSE,0,TRUE,TRUE,TRUE
hja2016_106,170,planktonic,2,229,49.4,570659.985591589,4896908.79007097,hja2016_191,HJA-2016_soil_10,1,soil_enriched,602,4,0.006644518272425249,0.07,6300.546043667716,FALSE,0,TRUE,FALSE,FALSE
hja2016_107,57,hyporheic,4,131,1488.8,563668.294364702,4898599.71539487,hja2016_191,HJA-2016_soil_10,1,soil_enriched,602,12,0.019933554817275746,0.34,6837.350786204187,TRUE,0.8888888888888888,FALSE,TRUE,FALSE
hja2016_109,169,planktonic,2,144,53.5,568641.074752475,4902527.5419308,hja2016_191,HJA-2016_soil_10,1,soil_enriched,602,6,0.009966777408637873,0.38,525.4167260620284,TRUE,0.8888888888888888,FALSE,TRUE,FALSE
hja2016_110,76,hyporheic,3,150,303.5,570464.994202967,4896947.7883487,hja2016_191,HJA-2016_soil_10,1,soil_enriched,602,8,0.013289036544850499,0.28,6211.997884291831,FALSE,0,TRUE,TRUE,TRUE
hja2016_111,160,planktonic,5,24,2569.5,566416.173010509,4897492.764281,hja2016_191,HJA-2016_soil_10,1,soil_enriched,602,9,0.014950166112956811,0.29,6023.42779234303,FALSE,0,TRUE,TRUE,TRUE
hja2016_114,WS1-5,planktonic,2,522,87.9,559517.477676657,4895016.87362342,hja2016_191,HJA-2016_soil_10,1,soil_enriched,602,9,0.014950166112956811,0.23,12320.037844117269,FALSE,0,TRUE,TRUE,TRUE
hja2016_116,53,planktonic,3,78,280.7,568092.098996817,4898223.73199937,hja2016_191,HJA-2016_soil_10,1,soil_enriched,602,13,0.02159468438538206,0.41,4816.499238111749,FALSE,0,TRUE,TRUE,TRUE
hja2016_119,56,planktonic,3,321,99.5,562839.3309741,4897811.75019367,hja2016_191,HJA-2016_soil_10,1,soil_enriched,602,16,0.026578073089700997,0.43,7978.84752273846,FALSE,0,TRUE,TRUE,TRUE
hja2016_121,84,hyporheic,4,112,622.7,566447.171641521,4900685.6232752,hja2016_191,HJA-2016_soil_10,1,soil_enriched,602,3,0.0049833887043189366,0.06,3371.1532552777685,TRUE,0.8888888888888888,FALSE,TRUE,FALSE
hja2016_122,45,sediment,3,390,193.2,565977.192397151,4897892.74661664,hja2016_191,HJA-2016_soil_10,1,soil_enriched,602,52,0.08637873754152824,1.51,5870.3949112977925,FALSE,0,TRUE,TRUE,TRUE
hja2016_125,56,sediment,3,321,99.5,562839.3309741,4897811.75019367,hja2016_191,HJA-2016_soil_10,1,soil_enriched,602,61,0.10132890365448505,1.74,7978.84752273846,FALSE,0,TRUE,TRUE,TRUE
hja2016_164,260,sediment,4,23,866.1,566425.172613061,4897456.76587079,hja2016_191,HJA-2016_soil_10,1,soil_enriched,602,72,0.11960132890365449,2.44,6052.433427544388,FALSE,0,TRUE,FALSE,FALSE
hja2016_166,57,sediment,4,131,1488.8,563668.294364702,4898599.71539487,hja2016_191,HJA-2016_soil_10,1,soil_enriched,602,33,0.054817275747508304,0.9,6837.350786204187,TRUE,0.8888888888888888,FALSE,TRUE,FALSE
hja2016_167,WS3-1,sediment,2,511,96.4,560508.433913191,4896516.80738205,hja2016_191,HJA-2016_soil_10,1,soil_enriched,602,118,0.19601328903654486,7.01,10607.207692616097,FALSE,0,TRUE,TRUE,TRUE
hja2016_169,WS3-2,sediment,2,511,95.7,560554.431881789,4896487.80866272,hja2016_191,HJA-2016_soil_10,1,soil_enriched,602,118,0.19601328903654486,6.73,10588.447940875047,FALSE,0,TRUE,TRUE,TRUE
hja2016_170,WS3-3,sediment,2,511,93.4,560639.428128111,4896408.81215143,hja2016_191,HJA-2016_soil_10,1,soil_enriched,602,66,0.10963455149501661,1.75,10570.180226657185,FALSE,0,TRUE,TRUE,TRUE
hja2016_177,WS1-3,sediment,2,522,92.1,559404.482666841,4895069.8712829,hja2016_191,HJA-2016_soil_10,1,soil_enriched,602,70,0.11627906976744186,2.53,12372.679046857904,FALSE,0,TRUE,TRUE,TRUE
hja2016_179,WS1-5,sediment,2,522,87.9,559517.477676657,4895016.87362342,hja2016_191,HJA-2016_soil_10,1,soil_enriched,602,54,0.08970099667774087,1.86,12320.037844117269,FALSE,0,TRUE,TRUE,TRUE
hja2016_180,WS1-6,sediment,2,522,82.7,559631.472642313,4894993.87463913,hja2016_191,HJA-2016_soil_10,1,soil_enriched,602,35,0.05813953488372093,0.93,12248.13346409912,FALSE,0,TRUE,TRUE,TRUE
hja2016_181,177,sediment,1,452,14.8,565808.199860345,4901620.58198475,hja2016_191,HJA-2016_soil_10,1,soil_enriched,602,65,0.1079734219269103,1.61,3398.9830560215537,FALSE,0,TRUE,TRUE,TRUE
hja2016_001,50,planktonic,5,41,4956.4,563054.321479503,4898132.73601802,hja2016_193,HJA-2016_soil_12,1,soil_detected,1548,20,0.012919896640826873,6.41,4849.873830215744,TRUE,1,TRUE,TRUE,TRUE
hja2016_008,WS3-1,hyporheic,2,511,96.4,560508.433913191,4896516.80738205,hja2016_193,HJA-2016_soil_12,1,soil_detected,1548,44,0.028423772609819122,6.78,7848.514822724774,FALSE,0,TRUE,TRUE,TRUE
hja2016_009,60,hyporheic,2,316,43.1,567391.129953618,4898693.71124374,hja2016_193,HJA-2016_soil_12,1,soil_detected,1548,42,0.027131782945736434,10.92,1467.6231152746443,FALSE,0,TRUE,FALSE,FALSE
hja2016_010,164,planktonic,3,502,60.8,560307.442789535,4895737.8417834,hja2016_193,HJA-2016_soil_12,1,soil_detected,1548,10,0.006459948320413436,2.84,8409.29718608642,FALSE,0,TRUE,TRUE,TRUE
hja2016_011,WS1-6,planktonic,2,522,82.7,559631.472642313,4894993.87463913,hja2016_193,HJA-2016_soil_12,1,soil_detected,1548,69,0.044573643410852716,6.05,9379.57260270993,FALSE,0,TRUE,TRUE,TRUE
hja2016_013,WS1-4,planktonic,2,522,89.8,559453.480502956,4895042.87247524,hja2016_193,HJA-2016_soil_12,1,soil_detected,1548,44,0.028423772609819122,6.6,9502.166918869456,FALSE,0,TRUE,TRUE,TRUE
hja2016_014,WS1-6,hyporheic,2,522,82.7,559631.472642313,4894993.87463913,hja2016_193,HJA-2016_soil_12,1,soil_detected,1548,37,0.023901808785529714,9.55,9379.57260270993,FALSE,0,TRUE,TRUE,TRUE
hja2016_015,47,hyporheic,4,134,1550.1,563254.31264732,4898130.73610634,hja2016_193,HJA-2016_soil_12,1,soil_detected,1548,21,0.013565891472868217,5.59,4669.803963584939,TRUE,1,TRUE,TRUE,TRUE
hja2016_016,74,hyporheic,2,373,70,565310.221852481,4897724.75403567,hja2016_193,HJA-2016_soil_12,1,soil_detected,1548,14,0.00904392764857881,1.92,3248.358045025512,FALSE,0,TRUE,TRUE,TRUE
hja2016_018,WS1-5,hyporheic,2,522,87.9,559517.477676657,4895016.87362342,hja2016_193,HJA-2016_soil_12,1,soil_detected,1548,49,0.03165374677002584,3,9462.408946146646,FALSE,0,TRUE,TRUE,TRUE
hja2016_019,155,hyporheic,2,345,81.2,565811.199727862,4897652.75721525,hja2016_193,HJA-2016_soil_12,1,soil_detected,1548,48,0.031007751937984496,8.43,3000.7203504714066,FALSE,0,TRUE,FALSE,FALSE
hja2016_020,WS1-2,hyporheic,2,522,93.6,559354.484874886,4895103.86978142,hja2016_193,HJA-2016_soil_12,1,soil_detected,1548,83,0.053617571059431525,7.91,9553.311057881005,FALSE,0,TRUE,TRUE,TRUE
hja2016_021,156,hyporheic,5,24,2575.9,566141.185154761,4897558.76136638,hja2016_193,HJA-2016_soil_12,1,soil_detected,1548,24,0.015503875968992248,5.42,2916.328627189298,FALSE,0,TRUE,TRUE,TRUE
hja2016_027,WS3-6,planktonic,2,510,78.4,560819.420179147,4896235.81979127,hja2016_193,HJA-2016_soil_12,1,soil_detected,1548,38,0.02454780361757106,5.09,7713.5073980948955,FALSE,0,TRUE,TRUE,TRUE
hja2016_065,68,hyporheic,5,30,3032.2,565145.229139031,4897899.74630751,hja2016_193,HJA-2016_soil_12,1,soil_detected,1548,66,0.04263565891472868,9.17,3235.27062031254,FALSE,0,TRUE,TRUE,TRUE
hja2016_066,49,hyporheic,5,40,3399.1,563281.311454976,4898046.73981585,hja2016_193,HJA-2016_soil_12,1,soil_detected,1548,61,0.03940568475452196,5.64,4682.797380709248,FALSE,0,TRUE,TRUE,TRUE
hja2016_070,56,hyporheic,3,321,99.5,562839.3309741,4897811.75019367,hja2016_193,HJA-2016_soil_12,1,soil_detected,1548,40,0.025839793281653745,5.5,5183.268583436593,FALSE,0,TRUE,TRUE,TRUE
hja2016_071,164,hyporheic,3,502,60.8,560307.442789535,4895737.8417834,hja2016_193,HJA-2016_soil_12,1,soil_detected,1548,85,0.05490956072351421,7.56,8409.29718608642,FALSE,0,TRUE,TRUE,TRUE
hja2016_075,260,hyporheic,4,23,866.1,566425.172613061,4897456.76587079,hja2016_193,HJA-2016_soil_12,1,soil_detected,1548,40,0.025839793281653745,7.69,2894.368160252491,FALSE,0,TRUE,FALSE,FALSE
hja2016_078,CC-1,hyporheic,2,183,64,569956.016680872,4897740.75332909,hja2016_193,HJA-2016_soil_12,1,soil_detected,1548,46,0.029715762273901807,6.21,3475.6152960934396,FALSE,0,TRUE,TRUE,TRUE
hja2016_079,64,hyporheic,2,163,33.5,570527.99142083,4895508.85189625,hja2016_193,HJA-2016_soil_12,1,soil_detected,1548,89,0.05749354005167959,12.75,5571.456354611764,FALSE,0,TRUE,FALSE,FALSE
hja2016_084,177,hyporheic,1,452,14.8,565808.199860345,4901620.58198475,hja2016_193,HJA-2016_soil_12,1,soil_detected,1548,45,0.029069767441860465,8.34,2205.360285034122,FALSE,0,TRUE,TRUE,TRUE
hja2016_127,60,sediment,2,316,43.1,567391.129953618,4898693.71124374,hja2016_193,HJA-2016_soil_12,1,soil_detected,1548,191,0.12338501291989665,10.4,1467.6231152746443,FALSE,0,TRUE,FALSE,FALSE
hja2016_129,72,sediment,4,16,568.3,566542.167446234,4896499.80813279,hja2016_193,HJA-2016_soil_12,1,soil_detected,1548,212,0.13695090439276486,12.39,3773.3018240268284,FALSE,0,TRUE,TRUE,TRUE
hja2016_131,74,sediment,2,373,70,565310.221852481,4897724.75403567,hja2016_193,HJA-2016_soil_12,1,soil_detected,1548,227,0.146640826873385,12.62,3248.358045025512,FALSE,0,TRUE,TRUE,TRUE
hja2016_132,84,sediment,4,112,622.7,566447.171641521,4900685.6232752,hja2016_193,HJA-2016_soil_12,1,soil_detected,1548,279,0.18023255813953487,14.61,1141.5027718734016,FALSE,0,TRUE,TRUE,TRUE
hja2016_133,161,sediment,5,51,5699.1,561109.407372482,4897170.77850081,hja2016_193,HJA-2016_soil_12,1,soil_detected,1548,386,0.24935400516795866,25.36,7019.085147210741,TRUE,1,TRUE,TRUE,TRUE
hja2016_135,169,sediment,2,144,53.5,568641.074752475,4902527.5419308,hja2016_193,HJA-2016_soil_12,1,soil_detected,1548,248,0.16020671834625322,15.8,2645.917624946402,FALSE,0,TRUE,TRUE,TRUE
hja2016_136,190,sediment,1,546,14.2,564169.272240084,4897881.7471024,hja2016_193,HJA-2016_soil_12,1,soil_detected,1548,206,0.1330749354005168,11.85,4002.4958219943887,FALSE,0,TRUE,FALSE,FALSE
hja2016_139,CC-2,sediment,2,183,63.6,569992.01509108,4897760.75244588,hja2016_193,HJA-2016_soil_12,1,soil_detected,1548,242,0.15633074935400518,13.2,3487.7682271539056,FALSE,0,TRUE,TRUE,TRUE
hja2016_140,CC-3,sediment,2,183,63,570038.013059678,4897795.75090024,hja2016_193,HJA-2016_soil_12,1,soil_detected,1548,226,0.14599483204134367,11.85,3497.5499889993384,FALSE,0,TRUE,TRUE,TRUE
hja2016_141,CC-4,sediment,2,183,58.5,570162.007583724,4897831.74931045,hja2016_193,HJA-2016_soil_12,1,soil_detected,1548,228,0.14728682170542637,12.93,3566.310849022186,FALSE,0,TRUE,TRUE,TRUE
hja2016_142,KC-1,sediment,3,362,114.7,562012.367495176,4896802.79475203,hja2016_193,HJA-2016_soil_12,1,soil_detected,1548,169,0.10917312661498708,9.96,6399.128410632148,FALSE,0,TRUE,TRUE,TRUE
hja2016_144,KC-3,sediment,3,362,114,562000.368025107,4896680.80013966,hja2016_193,HJA-2016_soil_12,1,soil_detected,1548,163,0.10529715762273902,10.91,6474.076404355397,FALSE,0,TRUE,TRUE,TRUE
hja2016_145,155,sediment,2,345,81.2,565811.199727862,4897652.75721525,hja2016_193,HJA-2016_soil_12,1,soil_detected,1548,231,0.14922480620155038,12.97,3000.7203504714066,FALSE,0,TRUE,FALSE,FALSE
hja2016_146,156,sediment,5,24,2575.9,566141.185154761,4897558.76136638,hja2016_193,HJA-2016_soil_12,1,soil_detected,1548,206,0.1330749354005168,10.84,2916.328627189298,FALSE,0,TRUE,TRUE,TRUE
hja2016_147,163,sediment,5,63,6126.6,559726.468447026,4896111.82526722,hja2016_193,HJA-2016_soil_12,1,soil_detected,1548,393,0.25387596899224807,23.98,8729.119376582628,TRUE,1,TRUE,TRUE,TRUE
hja2016_148,165,sediment,2,494,27.9,564789.244860317,4900155.64668049,hja2016_193,HJA-2016_soil_12,1,soil_detected,1548,250,0.16149870801033592,13.9,2671.061992970397,FALSE,0,TRUE,FALSE,FALSE
hja2016_150,53,sediment,3,78,280.7,568092.098996817,4898223.73199937,hja2016_193,HJA-2016_soil_12,1,soil_detected,1548,212,0.13695090439276486,11,2036.4552355176897,FALSE,0,TRUE,TRUE,TRUE
hja2016_151,64,sediment,2,163,33.5,570527.99142083,4895508.85189625,hja2016_193,HJA-2016_soil_12,1,soil_detected,1548,475,0.30684754521963825,22.7,5571.456354611764,FALSE,0,TRUE,FALSE,FALSE
hja2016_152,66,sediment,4,79,1360.7,567970.104384448,4898153.73509064,hja2016_193,HJA-2016_soil_12,1,soil_detected,1548,202,0.13049095607235142,9.49,2069.7354805170307,FALSE,0,TRUE,TRUE,TRUE
hja2016_155,82,sediment,2,536,36.6,564452.259742545,4899854.65997292,hja2016_193,HJA-2016_soil_12,1,soil_detected,1548,234,0.1511627906976744,13.17,3023.471563517687,FALSE,0,TRUE,TRUE,TRUE
hja2016_157,43,sediment,1,538,7.8,567346.131940859,4898257.7304979,hja2016_193,HJA-2016_soil_12,1,soil_detected,1548,211,0.13630490956072353,9.94,1905.3964401986682,FALSE,0,TRUE,FALSE,FALSE
hja2016_159,49,sediment,5,40,3399.1,563281.311454976,4898046.73981585,hja2016_193,HJA-2016_soil_12,1,soil_detected,1548,189,0.12209302325581395,11.53,4682.797380709248,FALSE,0,TRUE,TRUE,TRUE
hja2016_160,50,sediment,5,41,4956.4,563054.321479503,4898132.73601802,hja2016_193,HJA-2016_soil_12,1,soil_detected,1548,158,0.1020671834625323,7.75,4849.873830215744,TRUE,1,TRUE,TRUE,TRUE
hja2016_031,161,hyporheic,5,51,5699.1,561109.407372482,4897170.77850081,hja2016_193,HJA-2016_soil_12,1,soil_detected,1548,17,0.010981912144702842,5.96,7019.085147210741,TRUE,1,TRUE,TRUE,TRUE
hja2016_032,54,hyporheic,3,363,207.7,561802.376768968,4897363.76997776,hja2016_193,HJA-2016_soil_12,1,soil_detected,1548,31,0.020025839793281652,8.54,6311.052281473792,FALSE,0,TRUE,TRUE,TRUE
hja2016_035,192,hyporheic,2,542,28.5,564620.252323511,4897836.74908965,hja2016_193,HJA-2016_soil_12,1,soil_detected,1548,30,0.01937984496124031,7.01,3669.0609577737937,FALSE,0,TRUE,TRUE,TRUE
hja2016_037,43,hyporheic,1,538,7.8,567346.131940859,4898257.7304979,hja2016_193,HJA-2016_soil_12,1,soil_detected,1548,14,0.00904392764857881,3.03,1905.3964401986682,FALSE,0,TRUE,FALSE,FALSE
hja2016_042,165,planktonic,2,494,27.9,564789.244860317,4900155.64668049,hja2016_193,HJA-2016_soil_12,1,soil_detected,1548,16,0.0103359173126615,3.6,2671.061992970397,FALSE,0,TRUE,FALSE,FALSE
hja2016_043,KC-2,hyporheic,3,362,114.2,561999.368069268,4896735.79771081,hja2016_193,HJA-2016_soil_12,1,soil_detected,1548,36,0.023255813953488372,9.57,6445.537058127088,FALSE,0,TRUE,TRUE,TRUE
hja2016_049,67,planktonic,4,83,1558.1,567119.141965387,4897968.74326041,hja2016_193,HJA-2016_soil_12,1,soil_detected,1548,12,0.007751937984496124,8.46,2217.3626446582643,FALSE,0,TRUE,TRUE,TRUE
hja2016_050,165,hyporheic,2,494,27.9,564789.244860317,4900155.64668049,hja2016_193,HJA-2016_soil_12,1,soil_detected,1548,57,0.03682170542635659,6.73,2671.061992970397,FALSE,0,TRUE,FALSE,FALSE
hja2016_052,163,hyporheic,5,63,6126.6,559726.468447026,4896111.82526722,hja2016_193,HJA-2016_soil_12,1,soil_detected,1548,61,0.03940568475452196,6.03,8729.119376582628,TRUE,1,TRUE,TRUE,TRUE
hja2016_056,KC-1,hyporheic,3,362,114.7,562012.367495176,4896802.79475203,hja2016_193,HJA-2016_soil_12,1,soil_detected,1548,65,0.04198966408268734,5.79,6399.128410632148,FALSE,0,TRUE,TRUE,TRUE
hja2016_057,71,hyporheic,3,556,101.7,562662.338790582,4897988.74237719,hja2016_193,HJA-2016_soil_12,1,soil_detected,1548,29,0.018733850129198967,4.46,5266.264247586409,FALSE,0,TRUE,TRUE,TRUE
hja2016_059,KC-2,planktonic,3,362,114.2,561999.368069268,4896735.79771081,hja2016_193,HJA-2016_soil_12,1,soil_detected,1548,61,0.03940568475452196,7.65,6445.537058127088,FALSE,0,TRUE,TRUE,TRUE
hja2016_062,WS3-3,hyporheic,2,511,93.4,560639.428128111,4896408.81215143,hja2016_193,HJA-2016_soil_12,1,soil_detected,1548,79,0.05103359173126615,6.23,7784.184521746783,FALSE,0,TRUE,TRUE,TRUE
hja2016_064,WS3-4,planktonic,2,510,81.3,560692.425787583,4896348.81480109,hja2016_193,HJA-2016_soil_12,1,soil_detected,1548,26,0.016795865633074936,5.97,7767.048555850915,FALSE,0,TRUE,TRUE,TRUE
hja2016_099,162,planktonic,5,66,6208.4,559348.485139852,4895468.85366269,hja2016_193,HJA-2016_soil_12,1,soil_detected,1548,43,0.027777777777777776,1.97,9370.468050117475,TRUE,1,TRUE,TRUE,TRUE
hja2016_100,64,planktonic,2,163,33.5,570527.99142083,4895508.85189625,hja2016_193,HJA-2016_soil_12,1,soil_detected,1548,30,0.01937984496124031,1.05,5571.456354611764,FALSE,0,TRUE,FALSE,FALSE
hja2016_101,58,planktonic,3,385,67.2,566998.147308857,4898497.71989928,hja2016_193,HJA-2016_soil_12,1,soil_detected,1548,45,0.029069767441860465,2.17,1725.04414087562,FALSE,0,TRUE,TRUE,TRUE
hja2016_102,73,hyporheic,2,255,137,566310.177691566,4896786.79545861,hja2016_193,HJA-2016_soil_12,1,soil_detected,1548,42,0.027131782945736434,2.05,3563.6073069890363,FALSE,0,TRUE,TRUE,TRUE
hja2016_103,260,planktonic,4,23,866.1,566425.172613061,4897456.76587079,hja2016_193,HJA-2016_soil_12,1,soil_detected,1548,85,0.05490956072351421,3.58,2894.368160252491,FALSE,0,TRUE,FALSE,FALSE
hja2016_105,178,planktonic,2,411,19.9,566185.18321168,4901793.57434491,hja2016_193,HJA-2016_soil_12,1,soil_detected,1548,50,0.03229974160206718,2.22,2072.5508843730527,FALSE,0,TRUE,TRUE,TRUE
hja2016_106,170,planktonic,2,229,49.4,570659.985591589,4896908.79007097,hja2016_193,HJA-2016_soil_12,1,soil_detected,1548,21,0.013565891472868217,0.56,4561.403325989067,FALSE,0,TRUE,FALSE,FALSE
hja2016_107,57,hyporheic,4,131,1488.8,563668.294364702,4898599.71539487,hja2016_193,HJA-2016_soil_12,1,soil_detected,1548,55,0.0355297157622739,1.93,4100.353337288182,TRUE,1,TRUE,TRUE,TRUE
hja2016_109,169,planktonic,2,144,53.5,568641.074752475,4902527.5419308,hja2016_193,HJA-2016_soil_12,1,soil_detected,1548,35,0.02260981912144703,1.93,2645.917624946402,FALSE,0,TRUE,TRUE,TRUE
hja2016_110,76,hyporheic,3,150,303.5,570464.994202967,4896947.7883487,hja2016_193,HJA-2016_soil_12,1,soil_detected,1548,34,0.021963824289405683,1.98,4398.2453293174785,FALSE,0,TRUE,TRUE,TRUE
hja2016_111,160,planktonic,5,24,2569.5,566416.173010509,4897492.764281,hja2016_193,HJA-2016_soil_12,1,soil_detected,1548,49,0.03165374677002584,1.82,2864.048282714149,FALSE,0,TRUE,TRUE,TRUE
hja2016_114,WS1-5,planktonic,2,522,87.9,559517.477676657,4895016.87362342,hja2016_193,HJA-2016_soil_12,1,soil_detected,1548,55,0.0355297157622739,2.42,9462.408946146646,FALSE,0,TRUE,TRUE,TRUE
hja2016_116,53,planktonic,3,78,280.7,568092.098996817,4898223.73199937,hja2016_193,HJA-2016_soil_12,1,soil_detected,1548,51,0.03294573643410853,2.09,2036.4552355176897,FALSE,0,TRUE,TRUE,TRUE
hja2016_119,56,planktonic,3,321,99.5,562839.3309741,4897811.75019367,hja2016_193,HJA-2016_soil_12,1,soil_detected,1548,87,0.0562015503875969,3.33,5183.268583436593,FALSE,0,TRUE,TRUE,TRUE
hja2016_121,84,hyporheic,4,112,622.7,566447.171641521,4900685.6232752,hja2016_193,HJA-2016_soil_12,1,soil_detected,1548,28,0.01808785529715762,0.7,1141.5027718734016,FALSE,0,TRUE,TRUE,TRUE
hja2016_122,45,sediment,3,390,193.2,565977.192397151,4897892.74661664,hja2016_193,HJA-2016_soil_12,1,soil_detected,1548,196,0.12661498708010335,11.41,2709.005680120184,FALSE,0,TRUE,TRUE,TRUE
hja2016_125,56,sediment,3,321,99.5,562839.3309741,4897811.75019367,hja2016_193,HJA-2016_soil_12,1,soil_detected,1548,208,0.1343669250645995,11.96,5183.268583436593,FALSE,0,TRUE,TRUE,TRUE
hja2016_164,260,sediment,4,23,866.1,566425.172613061,4897456.76587079,hja2016_193,HJA-2016_soil_12,1,soil_detected,1548,249,0.16085271317829458,12.39,2894.368160252491,FALSE,0,TRUE,FALSE,FALSE
hja2016_166,57,sediment,4,131,1488.8,563668.294364702,4898599.71539487,hja2016_193,HJA-2016_soil_12,1,soil_detected,1548,182,0.11757105943152454,8.19,4100.353337288182,TRUE,1,TRUE,TRUE,TRUE
hja2016_167,WS3-1,sediment,2,511,96.4,560508.433913191,4896516.80738205,hja2016_193,HJA-2016_soil_12,1,soil_detected,1548,404,0.26098191214470284,25.77,7848.514822724774,FALSE,0,TRUE,TRUE,TRUE
hja2016_169,WS3-2,sediment,2,511,95.7,560554.431881789,4896487.80866272,hja2016_193,HJA-2016_soil_12,1,soil_detected,1548,422,0.27260981912144705,24.96,7821.373057754974,FALSE,0,TRUE,TRUE,TRUE
hja2016_170,WS3-3,sediment,2,511,93.4,560639.428128111,4896408.81215143,hja2016_193,HJA-2016_soil_12,1,soil_detected,1548,232,0.14987080103359174,10.45,7784.184521746783,FALSE,0,TRUE,TRUE,TRUE
hja2016_177,WS1-3,sediment,2,522,92.1,559404.482666841,4895069.8712829,hja2016_193,HJA-2016_soil_12,1,soil_detected,1548,276,0.17829457364341086,16.23,9529.042094881454,FALSE,0,TRUE,TRUE,TRUE
hja2016_179,WS1-5,sediment,2,522,87.9,559517.477676657,4895016.87362342,hja2016_193,HJA-2016_soil_12,1,soil_detected,1548,229,0.1479328165374677,12.36,9462.408946146646,FALSE,0,TRUE,TRUE,TRUE
hja2016_180,WS1-6,sediment,2,522,82.7,559631.472642313,4894993.87463913,hja2016_193,HJA-2016_soil_12,1,soil_detected,1548,180,0.11627906976744186,8.19,9379.57260270993,FALSE,0,TRUE,TRUE,TRUE
hja2016_181,177,sediment,1,452,14.8,565808.199860345,4901620.58198475,hja2016_193,HJA-2016_soil_12,1,soil_detected,1548,247,0.15956072351421188,10.5,2205.360285034122,FALSE,0,TRUE,TRUE,TRUE
hja2016_001,50,planktonic,5,41,4956.4,563054.321479503,4898132.73601802,hja2016_193,HJA-2016_soil_12,1,soil_enriched,837,2,0.0023894862604540022,0.53,4849.873830215744,TRUE,1,TRUE,TRUE,TRUE
hja2016_008,WS3-1,hyporheic,2,511,96.4,560508.433913191,4896516.80738205,hja2016_193,HJA-2016_soil_12,1,soil_enriched,837,5,0.005973715651135006,0.52,7848.514822724774,FALSE,0,TRUE,TRUE,TRUE
hja2016_009,60,hyporheic,2,316,43.1,567391.129953618,4898693.71124374,hja2016_193,HJA-2016_soil_12,1,soil_enriched,837,7,0.008363201911589008,0.59,1467.6231152746443,FALSE,0,TRUE,FALSE,FALSE
hja2016_010,164,planktonic,3,502,60.8,560307.442789535,4895737.8417834,hja2016_193,HJA-2016_soil_12,1,soil_enriched,837,0,0,0,8409.29718608642,FALSE,0,TRUE,TRUE,TRUE
hja2016_011,WS1-6,planktonic,2,522,82.7,559631.472642313,4894993.87463913,hja2016_193,HJA-2016_soil_12,1,soil_enriched,837,17,0.02031063321385902,1.16,9379.57260270993,FALSE,0,TRUE,TRUE,TRUE
hja2016_013,WS1-4,planktonic,2,522,89.8,559453.480502956,4895042.87247524,hja2016_193,HJA-2016_soil_12,1,soil_enriched,837,8,0.009557945041816009,0.8,9502.166918869456,FALSE,0,TRUE,TRUE,TRUE
hja2016_014,WS1-6,hyporheic,2,522,82.7,559631.472642313,4894993.87463913,hja2016_193,HJA-2016_soil_12,1,soil_enriched,837,3,0.0035842293906810036,0.43,9379.57260270993,FALSE,0,TRUE,TRUE,TRUE
hja2016_015,47,hyporheic,4,134,1550.1,563254.31264732,4898130.73610634,hja2016_193,HJA-2016_soil_12,1,soil_enriched,837,2,0.0023894862604540022,0.62,4669.803963584939,TRUE,1,TRUE,TRUE,TRUE
hja2016_016,74,hyporheic,2,373,70,565310.221852481,4897724.75403567,hja2016_193,HJA-2016_soil_12,1,soil_enriched,837,1,0.0011947431302270011,0.05,3248.358045025512,FALSE,0,TRUE,TRUE,TRUE
hja2016_018,WS1-5,hyporheic,2,522,87.9,559517.477676657,4895016.87362342,hja2016_193,HJA-2016_soil_12,1,soil_enriched,837,11,0.013142174432497013,0.52,9462.408946146646,FALSE,0,TRUE,TRUE,TRUE
hja2016_019,155,hyporheic,2,345,81.2,565811.199727862,4897652.75721525,hja2016_193,HJA-2016_soil_12,1,soil_enriched,837,13,0.015531660692951015,2.8,3000.7203504714066,FALSE,0,TRUE,FALSE,FALSE
hja2016_020,WS1-2,hyporheic,2,522,93.6,559354.484874886,4895103.86978142,hja2016_193,HJA-2016_soil_12,1,soil_enriched,837,20,0.023894862604540025,1.16,9553.311057881005,FALSE,0,TRUE,TRUE,TRUE
hja2016_021,156,hyporheic,5,24,2575.9,566141.185154761,4897558.76136638,hja2016_193,HJA-2016_soil_12,1,soil_enriched,837,5,0.005973715651135006,0.98,2916.328627189298,FALSE,0,TRUE,TRUE,TRUE
hja2016_027,WS3-6,planktonic,2,510,78.4,560819.420179147,4896235.81979127,hja2016_193,HJA-2016_soil_12,1,soil_enriched,837,7,0.008363201911589008,0.63,7713.5073980948955,FALSE,0,TRUE,TRUE,TRUE
hja2016_065,68,hyporheic,5,30,3032.2,565145.229139031,4897899.74630751,hja2016_193,HJA-2016_soil_12,1,soil_enriched,837,14,0.016726403823178016,1.68,3235.27062031254,FALSE,0,TRUE,TRUE,TRUE
hja2016_066,49,hyporheic,5,40,3399.1,563281.311454976,4898046.73981585,hja2016_193,HJA-2016_soil_12,1,soil_enriched,837,18,0.021505376344086023,1.08,4682.797380709248,FALSE,0,TRUE,TRUE,TRUE
hja2016_070,56,hyporheic,3,321,99.5,562839.3309741,4897811.75019367,hja2016_193,HJA-2016_soil_12,1,soil_enriched,837,11,0.013142174432497013,0.83,5183.268583436593,FALSE,0,TRUE,TRUE,TRUE
hja2016_071,164,hyporheic,3,502,60.8,560307.442789535,4895737.8417834,hja2016_193,HJA-2016_soil_12,1,soil_enriched,837,16,0.019115890083632018,0.99,8409.29718608642,FALSE,0,TRUE,TRUE,TRUE
hja2016_075,260,hyporheic,4,23,866.1,566425.172613061,4897456.76587079,hja2016_193,HJA-2016_soil_12,1,soil_enriched,837,6,0.007168458781362007,0.99,2894.368160252491,FALSE,0,TRUE,FALSE,FALSE
hja2016_078,CC-1,hyporheic,2,183,64,569956.016680872,4897740.75332909,hja2016_193,HJA-2016_soil_12,1,soil_enriched,837,7,0.008363201911589008,1.18,3475.6152960934396,FALSE,0,TRUE,TRUE,TRUE
hja2016_079,64,hyporheic,2,163,33.5,570527.99142083,4895508.85189625,hja2016_193,HJA-2016_soil_12,1,soil_enriched,837,25,0.02986857825567503,1.88,5571.456354611764,FALSE,0,TRUE,FALSE,FALSE
hja2016_084,177,hyporheic,1,452,14.8,565808.199860345,4901620.58198475,hja2016_193,HJA-2016_soil_12,1,soil_enriched,837,10,0.011947431302270013,1.03,2205.360285034122,FALSE,0,TRUE,TRUE,TRUE
hja2016_127,60,sediment,2,316,43.1,567391.129953618,4898693.71124374,hja2016_193,HJA-2016_soil_12,1,soil_enriched,837,55,0.06571087216248507,1.54,1467.6231152746443,FALSE,0,TRUE,FALSE,FALSE
hja2016_129,72,sediment,4,16,568.3,566542.167446234,4896499.80813279,hja2016_193,HJA-2016_soil_12,1,soil_enriched,837,85,0.1015531660692951,3.71,3773.3018240268284,FALSE,0,TRUE,TRUE,TRUE
hja2016_131,74,sediment,2,373,70,565310.221852481,4897724.75403567,hja2016_193,HJA-2016_soil_12,1,soil_enriched,837,90,0.10752688172043011,3.83,3248.358045025512,FALSE,0,TRUE,TRUE,TRUE
hja2016_132,84,sediment,4,112,622.7,566447.171641521,4900685.6232752,hja2016_193,HJA-2016_soil_12,1,soil_enriched,837,126,0.15053763440860216,3.48,1141.5027718734016,FALSE,0,TRUE,TRUE,TRUE
hja2016_133,161,sediment,5,51,5699.1,561109.407372482,4897170.77850081,hja2016_193,HJA-2016_soil_12,1,soil_enriched,837,211,0.2520908004778972,10.86,7019.085147210741,TRUE,1,TRUE,TRUE,TRUE
hja2016_135,169,sediment,2,144,53.5,568641.074752475,4902527.5419308,hja2016_193,HJA-2016_soil_12,1,soil_enriched,837,112,0.13381123058542413,3.74,2645.917624946402,FALSE,0,TRUE,TRUE,TRUE
hja2016_136,190,sediment,1,546,14.2,564169.272240084,4897881.7471024,hja2016_193,HJA-2016_soil_12,1,soil_enriched,837,90,0.10752688172043011,2.91,4002.4958219943887,FALSE,0,TRUE,FALSE,FALSE
hja2016_139,CC-2,sediment,2,183,63.6,569992.01509108,4897760.75244588,hja2016_193,HJA-2016_soil_12,1,soil_enriched,837,105,0.12544802867383512,3.82,3487.7682271539056,FALSE,0,TRUE,TRUE,TRUE
hja2016_140,CC-3,sediment,2,183,63,570038.013059678,4897795.75090024,hja2016_193,HJA-2016_soil_12,1,soil_enriched,837,96,0.11469534050179211,2.99,3497.5499889993384,FALSE,0,TRUE,TRUE,TRUE
hja2016_141,CC-4,sediment,2,183,58.5,570162.007583724,4897831.74931045,hja2016_193,HJA-2016_soil_12,1,soil_enriched,837,97,0.11589008363201912,3.36,3566.310849022186,FALSE,0,TRUE,TRUE,TRUE
hja2016_142,KC-1,sediment,3,362,114.7,562012.367495176,4896802.79475203,hja2016_193,HJA-2016_soil_12,1,soil_enriched,837,76,0.0908004778972521,2.39,6399.128410632148,FALSE,0,TRUE,TRUE,TRUE
hja2016_144,KC-3,sediment,3,362,114,562000.368025107,4896680.80013966,hja2016_193,HJA-2016_soil_12,1,soil_enriched,837,59,0.07048984468339307,2.38,6474.076404355397,FALSE,0,TRUE,TRUE,TRUE
hja2016_145,155,sediment,2,345,81.2,565811.199727862,4897652.75721525,hja2016_193,HJA-2016_soil_12,1,soil_enriched,837,98,0.11708482676224612,3.61,3000.7203504714066,FALSE,0,TRUE,FALSE,FALSE
hja2016_146,156,sediment,5,24,2575.9,566141.185154761,4897558.76136638,hja2016_193,HJA-2016_soil_12,1,soil_enriched,837,75,0.08960573476702509,2.05,2916.328627189298,FALSE,0,TRUE,TRUE,TRUE
hja2016_147,163,sediment,5,63,6126.6,559726.468447026,4896111.82526722,hja2016_193,HJA-2016_soil_12,1,soil_enriched,837,216,0.25806451612903225,10.43,8729.119376582628,TRUE,1,TRUE,TRUE,TRUE
hja2016_148,165,sediment,2,494,27.9,564789.244860317,4900155.64668049,hja2016_193,HJA-2016_soil_12,1,soil_enriched,837,116,0.13859020310633213,4.19,2671.061992970397,FALSE,0,TRUE,FALSE,FALSE
hja2016_150,53,sediment,3,78,280.7,568092.098996817,4898223.73199937,hja2016_193,HJA-2016_soil_12,1,soil_enriched,837,83,0.0991636798088411,2.4,2036.4552355176897,FALSE,0,TRUE,TRUE,TRUE
hja2016_151,64,sediment,2,163,33.5,570527.99142083,4895508.85189625,hja2016_193,HJA-2016_soil_12,1,soil_enriched,837,278,0.3321385902031063,9.72,5571.456354611764,FALSE,0,TRUE,FALSE,FALSE
hja2016_152,66,sediment,4,79,1360.7,567970.104384448,4898153.73509064,hja2016_193,HJA-2016_soil_12,1,soil_enriched,837,76,0.0908004778972521,1.78,2069.7354805170307,FALSE,0,TRUE,TRUE,TRUE
hja2016_155,82,sediment,2,536,36.6,564452.259742545,4899854.65997292,hja2016_193,HJA-2016_soil_12,1,soil_enriched,837,106,0.12664277180406214,4,3023.471563517687,FALSE,0,TRUE,TRUE,TRUE
hja2016_157,43,sediment,1,538,7.8,567346.131940859,4898257.7304979,hja2016_193,HJA-2016_soil_12,1,soil_enriched,837,73,0.08721624850657109,2.06,1905.3964401986682,FALSE,0,TRUE,FALSE,FALSE
hja2016_159,49,sediment,5,40,3399.1,563281.311454976,4898046.73981585,hja2016_193,HJA-2016_soil_12,1,soil_enriched,837,73,0.08721624850657109,2.07,4682.797380709248,FALSE,0,TRUE,TRUE,TRUE
hja2016_160,50,sediment,5,41,4956.4,563054.321479503,4898132.73601802,hja2016_193,HJA-2016_soil_12,1,soil_enriched,837,47,0.056152927120669056,1.02,4849.873830215744,TRUE,1,TRUE,TRUE,TRUE
hja2016_031,161,hyporheic,5,51,5699.1,561109.407372482,4897170.77850081,hja2016_193,HJA-2016_soil_12,1,soil_enriched,837,5,0.005973715651135006,1.31,7019.085147210741,TRUE,1,TRUE,TRUE,TRUE
hja2016_032,54,hyporheic,3,363,207.7,561802.376768968,4897363.76997776,hja2016_193,HJA-2016_soil_12,1,soil_enriched,837,7,0.008363201911589008,0.78,6311.052281473792,FALSE,0,TRUE,TRUE,TRUE
hja2016_035,192,hyporheic,2,542,28.5,564620.252323511,4897836.74908965,hja2016_193,HJA-2016_soil_12,1,soil_enriched,837,7,0.008363201911589008,1.19,3669.0609577737937,FALSE,0,TRUE,TRUE,TRUE
hja2016_037,43,hyporheic,1,538,7.8,567346.131940859,4898257.7304979,hja2016_193,HJA-2016_soil_12,1,soil_enriched,837,0,0,0,1905.3964401986682,FALSE,0,TRUE,FALSE,FALSE
hja2016_042,165,planktonic,2,494,27.9,564789.244860317,4900155.64668049,hja2016_193,HJA-2016_soil_12,1,soil_enriched,837,1,0.0011947431302270011,0.07,2671.061992970397,FALSE,0,TRUE,FALSE,FALSE
hja2016_043,KC-2,hyporheic,3,362,114.2,561999.368069268,4896735.79771081,hja2016_193,HJA-2016_soil_12,1,soil_enriched,837,7,0.008363201911589008,1.21,6445.537058127088,FALSE,0,TRUE,TRUE,TRUE
hja2016_049,67,planktonic,4,83,1558.1,567119.141965387,4897968.74326041,hja2016_193,HJA-2016_soil_12,1,soil_enriched,837,2,0.0023894862604540022,0.06,2217.3626446582643,FALSE,0,TRUE,TRUE,TRUE
hja2016_050,165,hyporheic,2,494,27.9,564789.244860317,4900155.64668049,hja2016_193,HJA-2016_soil_12,1,soil_enriched,837,15,0.017921146953405017,1.1,2671.061992970397,FALSE,0,TRUE,FALSE,FALSE
hja2016_052,163,hyporheic,5,63,6126.6,559726.468447026,4896111.82526722,hja2016_193,HJA-2016_soil_12,1,soil_enriched,837,16,0.019115890083632018,0.98,8729.119376582628,TRUE,1,TRUE,TRUE,TRUE
hja2016_056,KC-1,hyporheic,3,362,114.7,562012.367495176,4896802.79475203,hja2016_193,HJA-2016_soil_12,1,soil_enriched,837,15,0.017921146953405017,0.83,6399.128410632148,FALSE,0,TRUE,TRUE,TRUE
hja2016_057,71,hyporheic,3,556,101.7,562662.338790582,4897988.74237719,hja2016_193,HJA-2016_soil_12,1,soil_enriched,837,3,0.0035842293906810036,0.68,5266.264247586409,FALSE,0,TRUE,TRUE,TRUE
hja2016_059,KC-2,planktonic,3,362,114.2,561999.368069268,4896735.79771081,hja2016_193,HJA-2016_soil_12,1,soil_enriched,837,19,0.022700119474313024,1.57,6445.537058127088,FALSE,0,TRUE,TRUE,TRUE
hja2016_062,WS3-3,hyporheic,2,511,93.4,560639.428128111,4896408.81215143,hja2016_193,HJA-2016_soil_12,1,soil_enriched,837,16,0.019115890083632018,1.09,7784.184521746783,FALSE,0,TRUE,TRUE,TRUE
hja2016_064,WS3-4,planktonic,2,510,81.3,560692.425787583,4896348.81480109,hja2016_193,HJA-2016_soil_12,1,soil_enriched,837,6,0.007168458781362007,0.57,7767.048555850915,FALSE,0,TRUE,TRUE,TRUE
hja2016_099,162,planktonic,5,66,6208.4,559348.485139852,4895468.85366269,hja2016_193,HJA-2016_soil_12,1,soil_enriched,837,11,0.013142174432497013,0.34,9370.468050117475,TRUE,1,TRUE,TRUE,TRUE
hja2016_100,64,planktonic,2,163,33.5,570527.99142083,4895508.85189625,hja2016_193,HJA-2016_soil_12,1,soil_enriched,837,9,0.010752688172043012,0.17,5571.456354611764,FALSE,0,TRUE,FALSE,FALSE
hja2016_101,58,planktonic,3,385,67.2,566998.147308857,4898497.71989928,hja2016_193,HJA-2016_soil_12,1,soil_enriched,837,17,0.02031063321385902,0.3,1725.04414087562,FALSE,0,TRUE,TRUE,TRUE
hja2016_102,73,hyporheic,2,255,137,566310.177691566,4896786.79545861,hja2016_193,HJA-2016_soil_12,1,soil_enriched,837,12,0.014336917562724014,0.32,3563.6073069890363,FALSE,0,TRUE,TRUE,TRUE
hja2016_103,260,planktonic,4,23,866.1,566425.172613061,4897456.76587079,hja2016_193,HJA-2016_soil_12,1,soil_enriched,837,30,0.035842293906810034,0.56,2894.368160252491,FALSE,0,TRUE,FALSE,FALSE
hja2016_105,178,planktonic,2,411,19.9,566185.18321168,4901793.57434491,hja2016_193,HJA-2016_soil_12,1,soil_enriched,837,17,0.02031063321385902,0.53,2072.5508843730527,FALSE,0,TRUE,TRUE,TRUE
hja2016_106,170,planktonic,2,229,49.4,570659.985591589,4896908.79007097,hja2016_193,HJA-2016_soil_12,1,soil_enriched,837,6,0.007168458781362007,0.09,4561.403325989067,FALSE,0,TRUE,FALSE,FALSE
hja2016_107,57,hyporheic,4,131,1488.8,563668.294364702,4898599.71539487,hja2016_193,HJA-2016_soil_12,1,soil_enriched,837,20,0.023894862604540025,0.43,4100.353337288182,TRUE,1,TRUE,TRUE,TRUE
hja2016_109,169,planktonic,2,144,53.5,568641.074752475,4902527.5419308,hja2016_193,HJA-2016_soil_12,1,soil_enriched,837,7,0.008363201911589008,0.42,2645.917624946402,FALSE,0,TRUE,TRUE,TRUE
hja2016_110,76,hyporheic,3,150,303.5,570464.994202967,4896947.7883487,hja2016_193,HJA-2016_soil_12,1,soil_enriched,837,10,0.011947431302270013,0.35,4398.2453293174785,FALSE,0,TRUE,TRUE,TRUE
hja2016_111,160,planktonic,5,24,2569.5,566416.173010509,4897492.764281,hja2016_193,HJA-2016_soil_12,1,soil_enriched,837,14,0.016726403823178016,0.34,2864.048282714149,FALSE,0,TRUE,TRUE,TRUE
hja2016_114,WS1-5,planktonic,2,522,87.9,559517.477676657,4895016.87362342,hja2016_193,HJA-2016_soil_12,1,soil_enriched,837,15,0.017921146953405017,0.34,9462.408946146646,FALSE,0,TRUE,TRUE,TRUE
hja2016_116,53,planktonic,3,78,280.7,568092.098996817,4898223.73199937,hja2016_193,HJA-2016_soil_12,1,soil_enriched,837,18,0.021505376344086023,0.42,2036.4552355176897,FALSE,0,TRUE,TRUE,TRUE
hja2016_119,56,planktonic,3,321,99.5,562839.3309741,4897811.75019367,hja2016_193,HJA-2016_soil_12,1,soil_enriched,837,29,0.03464755077658303,0.66,5183.268583436593,FALSE,0,TRUE,TRUE,TRUE
hja2016_121,84,hyporheic,4,112,622.7,566447.171641521,4900685.6232752,hja2016_193,HJA-2016_soil_12,1,soil_enriched,837,7,0.008363201911589008,0.1,1141.5027718734016,FALSE,0,TRUE,TRUE,TRUE
hja2016_122,45,sediment,3,390,193.2,565977.192397151,4897892.74661664,hja2016_193,HJA-2016_soil_12,1,soil_enriched,837,70,0.08363201911589008,2.13,2709.005680120184,FALSE,0,TRUE,TRUE,TRUE
hja2016_125,56,sediment,3,321,99.5,562839.3309741,4897811.75019367,hja2016_193,HJA-2016_soil_12,1,soil_enriched,837,77,0.09199522102747909,2.15,5183.268583436593,FALSE,0,TRUE,TRUE,TRUE
hja2016_164,260,sediment,4,23,866.1,566425.172613061,4897456.76587079,hja2016_193,HJA-2016_soil_12,1,soil_enriched,837,108,0.12903225806451613,3.19,2894.368160252491,FALSE,0,TRUE,FALSE,FALSE
hja2016_166,57,sediment,4,131,1488.8,563668.294364702,4898599.71539487,hja2016_193,HJA-2016_soil_12,1,soil_enriched,837,57,0.06810035842293907,1.23,4100.353337288182,TRUE,1,TRUE,TRUE,TRUE
hja2016_167,WS3-1,sediment,2,511,96.4,560508.433913191,4896516.80738205,hja2016_193,HJA-2016_soil_12,1,soil_enriched,837,217,0.25925925925925924,10.65,7848.514822724774,FALSE,0,TRUE,TRUE,TRUE
hja2016_169,WS3-2,sediment,2,511,95.7,560554.431881789,4896487.80866272,hja2016_193,HJA-2016_soil_12,1,soil_enriched,837,239,0.2855436081242533,10.59,7821.373057754974,FALSE,0,TRUE,TRUE,TRUE
hja2016_170,WS3-3,sediment,2,511,93.4,560639.428128111,4896408.81215143,hja2016_193,HJA-2016_soil_12,1,soil_enriched,837,95,0.1135005973715651,2.53,7784.184521746783,FALSE,0,TRUE,TRUE,TRUE
hja2016_177,WS1-3,sediment,2,522,92.1,559404.482666841,4895069.8712829,hja2016_193,HJA-2016_soil_12,1,soil_enriched,837,121,0.14456391875746716,3.94,9529.042094881454,FALSE,0,TRUE,TRUE,TRUE
hja2016_179,WS1-5,sediment,2,522,87.9,559517.477676657,4895016.87362342,hja2016_193,HJA-2016_soil_12,1,soil_enriched,837,89,0.1063321385902031,2.76,9462.408946146646,FALSE,0,TRUE,TRUE,TRUE
hja2016_180,WS1-6,sediment,2,522,82.7,559631.472642313,4894993.87463913,hja2016_193,HJA-2016_soil_12,1,soil_enriched,837,56,0.06690561529271206,1.27,9379.57260270993,FALSE,0,TRUE,TRUE,TRUE
hja2016_181,177,sediment,1,452,14.8,565808.199860345,4901620.58198475,hja2016_193,HJA-2016_soil_12,1,soil_enriched,837,101,0.12066905615292713,2.53,2205.360285034122,FALSE,0,TRUE,TRUE,TRUE
hja2016_001,50,planktonic,5,41,4956.4,563054.321479503,4898132.73601802,hja2016_194,HJA-2016_soil_13,1,soil_detected,2839,55,0.019373018668545263,15.43,2941.905042101549,TRUE,1,TRUE,TRUE,TRUE
hja2016_008,WS3-1,hyporheic,2,511,96.4,560508.433913191,4896516.80738205,hja2016_194,HJA-2016_soil_13,1,soil_detected,2839,204,0.0718562874251497,30.51,5642.343480235059,FALSE,0,TRUE,TRUE,TRUE
hja2016_009,60,hyporheic,2,316,43.1,567391.129953618,4898693.71124374,hja2016_194,HJA-2016_soil_13,1,soil_detected,2839,176,0.06199365973934484,31.59,1627.261606199983,FALSE,0,TRUE,FALSE,FALSE
hja2016_010,164,planktonic,3,502,60.8,560307.442789535,4895737.8417834,hja2016_194,HJA-2016_soil_13,1,soil_detected,2839,38,0.013384994716449454,13.9,6066.3358915277595,FALSE,0,TRUE,TRUE,TRUE
hja2016_011,WS1-6,planktonic,2,522,82.7,559631.472642313,4894993.87463913,hja2016_194,HJA-2016_soil_13,1,soil_detected,2839,312,0.10989785135611131,27.18,6976.115962077639,FALSE,0,TRUE,TRUE,TRUE
hja2016_013,WS1-4,planktonic,2,522,89.8,559453.480502956,4895042.87247524,hja2016_194,HJA-2016_soil_13,1,soil_detected,2839,190,0.06692497358224728,22.99,7118.965691379154,FALSE,0,TRUE,TRUE,TRUE
hja2016_014,WS1-6,hyporheic,2,522,82.7,559631.472642313,4894993.87463913,hja2016_194,HJA-2016_soil_13,1,soil_detected,2839,142,0.05001761183515322,24.08,6976.115962077639,FALSE,0,TRUE,TRUE,TRUE
hja2016_015,47,hyporheic,4,134,1550.1,563254.31264732,4898130.73610634,hja2016_194,HJA-2016_soil_13,1,soil_detected,2839,81,0.028531172948221203,18.77,2742.552356261057,FALSE,0,TRUE,TRUE,TRUE
hja2016_016,74,hyporheic,2,373,70,565310.221852481,4897724.75403567,hja2016_194,HJA-2016_soil_13,1,soil_detected,2839,47,0.01655512504402959,8.36,691.1791434110165,FALSE,0,TRUE,TRUE,TRUE
hja2016_018,WS1-5,hyporheic,2,522,87.9,559517.477676657,4895016.87362342,hja2016_194,HJA-2016_soil_13,1,soil_detected,2839,206,0.07256076083127862,12.79,7070.764889003563,FALSE,0,TRUE,TRUE,TRUE
hja2016_019,155,hyporheic,2,345,81.2,565811.199727862,4897652.75721525,hja2016_194,HJA-2016_soil_13,1,soil_detected,2839,181,0.06375484325466714,28.04,281.96717029760634,FALSE,0,TRUE,FALSE,FALSE
hja2016_020,WS1-2,hyporheic,2,522,93.6,559354.484874886,4895103.86978142,hja2016_194,HJA-2016_soil_13,1,soil_detected,2839,346,0.12187389926030293,26.09,7186.158212151722,FALSE,0,TRUE,TRUE,TRUE
hja2016_021,156,hyporheic,5,24,2575.9,566141.185154761,4897558.76136638,hja2016_194,HJA-2016_soil_13,1,soil_detected,2839,87,0.03064459316660796,21.71,352.62821179016294,FALSE,0,TRUE,TRUE,TRUE
hja2016_027,WS3-6,planktonic,2,510,78.4,560819.420179147,4896235.81979127,hja2016_194,HJA-2016_soil_13,1,soil_detected,2839,133,0.04684748150757309,16.34,5419.288574085166,FALSE,0,TRUE,TRUE,TRUE
hja2016_065,68,hyporheic,5,30,3032.2,565145.229139031,4897899.74630751,hja2016_194,HJA-2016_soil_13,1,soil_detected,2839,225,0.07925325818950335,28.19,840.0424818821426,TRUE,1,TRUE,TRUE,TRUE
hja2016_066,49,hyporheic,5,40,3399.1,563281.311454976,4898046.73981585,hja2016_194,HJA-2016_soil_13,1,soil_detected,2839,250,0.08805917576611483,24.51,2709.049317179838,TRUE,1,TRUE,TRUE,TRUE
hja2016_070,56,hyporheic,3,321,99.5,562839.3309741,4897811.75019367,hja2016_194,HJA-2016_soil_13,1,soil_detected,2839,100,0.03522367030644593,13.52,3146.205293638957,FALSE,0,TRUE,TRUE,TRUE
hja2016_071,164,hyporheic,3,502,60.8,560307.442789535,4895737.8417834,hja2016_194,HJA-2016_soil_13,1,soil_detected,2839,341,0.12011271574498063,28.54,6066.3358915277595,FALSE,0,TRUE,TRUE,TRUE
hja2016_075,260,hyporheic,4,23,866.1,566425.172613061,4897456.76587079,hja2016_194,HJA-2016_soil_13,1,soil_detected,2839,177,0.0623458964424093,27.92,607.1618681870806,FALSE,0,TRUE,FALSE,FALSE
hja2016_078,CC-1,hyporheic,2,183,64,569956.016680872,4897740.75332909,hja2016_194,HJA-2016_soil_13,1,soil_detected,2839,176,0.06199365973934484,25.12,3973.377580052826,FALSE,0,TRUE,TRUE,TRUE
hja2016_079,64,hyporheic,2,163,33.5,570527.99142083,4895508.85189625,hja2016_194,HJA-2016_soil_13,1,soil_detected,2839,187,0.0658682634730539,23.41,5122.272682041751,FALSE,0,TRUE,FALSE,FALSE
hja2016_084,177,hyporheic,1,452,14.8,565808.199860345,4901620.58198475,hja2016_194,HJA-2016_soil_13,1,soil_detected,2839,150,0.0528355054596689,27.83,3749.880942035897,FALSE,0,TRUE,TRUE,TRUE
hja2016_127,60,sediment,2,316,43.1,567391.129953618,4898693.71124374,hja2016_194,HJA-2016_soil_13,1,soil_detected,2839,1009,0.35540683339203943,51.92,1627.261606199983,FALSE,0,TRUE,FALSE,FALSE
hja2016_129,72,sediment,4,16,568.3,566542.167446234,4896499.80813279,hja2016_194,HJA-2016_soil_13,1,soil_detected,2839,1080,0.3804156393096161,54.99,1483.6878335333088,FALSE,0,TRUE,TRUE,TRUE
hja2016_131,74,sediment,2,373,70,565310.221852481,4897724.75403567,hja2016_194,HJA-2016_soil_13,1,soil_detected,2839,1174,0.41352588939767526,53.11,691.1791434110165,FALSE,0,TRUE,TRUE,TRUE
hja2016_132,84,sediment,4,112,622.7,566447.171641521,4900685.6232752,hja2016_194,HJA-2016_soil_13,1,soil_detected,2839,1135,0.3997886579781613,57.49,2848.516237653659,FALSE,0,TRUE,TRUE,TRUE
hja2016_133,161,sediment,5,51,5699.1,561109.407372482,4897170.77850081,hja2016_194,HJA-2016_soil_13,1,soil_detected,2839,907,0.3194786896794646,52.5,4926.073371582875,TRUE,1,TRUE,TRUE,TRUE
hja2016_135,169,sediment,2,144,53.5,568641.074752475,4902527.5419308,hja2016_194,HJA-2016_soil_13,1,soil_detected,2839,1081,0.38076787601268053,60.93,5357.483985981573,FALSE,0,TRUE,TRUE,TRUE
hja2016_136,190,sediment,1,546,14.2,564169.272240084,4897881.7471024,hja2016_194,HJA-2016_soil_13,1,soil_detected,2839,921,0.32441000352236704,51.02,1815.6439058701772,FALSE,0,TRUE,FALSE,FALSE
hja2016_139,CC-2,sediment,2,183,63.6,569992.01509108,4897760.75244588,hja2016_194,HJA-2016_soil_13,1,soil_detected,2839,1287,0.45332863684395913,61.25,4008.736521257273,FALSE,0,TRUE,TRUE,TRUE
hja2016_140,CC-3,sediment,2,183,63,570038.013059678,4897795.75090024,hja2016_194,HJA-2016_soil_13,1,soil_detected,2839,925,0.3258189503346249,51.03,4053.88203817227,FALSE,0,TRUE,TRUE,TRUE
hja2016_141,CC-4,sediment,2,183,58.5,570162.007583724,4897831.74931045,hja2016_194,HJA-2016_soil_13,1,soil_detected,2839,915,0.32229658330398026,52.42,4177.327004173797,FALSE,0,TRUE,TRUE,TRUE
hja2016_142,KC-1,sediment,3,362,114.7,562012.367495176,4896802.79475203,hja2016_194,HJA-2016_soil_13,1,soil_detected,2839,988,0.3480098626276858,50.49,4114.653989453545,FALSE,0,TRUE,TRUE,TRUE
hja2016_144,KC-3,sediment,3,362,114,562000.368025107,4896680.80013966,hja2016_194,HJA-2016_soil_13,1,soil_detected,2839,898,0.31630855935188446,51.71,4159.605122121114,FALSE,0,TRUE,TRUE,TRUE
hja2016_145,155,sediment,2,345,81.2,565811.199727862,4897652.75721525,hja2016_194,HJA-2016_soil_13,1,soil_detected,2839,1116,0.3930961606199366,55.15,281.96717029760634,FALSE,0,TRUE,FALSE,FALSE
hja2016_146,156,sediment,5,24,2575.9,566141.185154761,4897558.76136638,hja2016_194,HJA-2016_soil_13,1,soil_detected,2839,846,0.2979922507925326,49.9,352.62821179016294,FALSE,0,TRUE,TRUE,TRUE
hja2016_147,163,sediment,5,63,6126.6,559726.468447026,4896111.82526722,hja2016_194,HJA-2016_soil_13,1,soil_detected,2839,968,0.3409651285663966,52.41,6502.0242611345475,TRUE,1,TRUE,TRUE,TRUE
hja2016_148,165,sediment,2,494,27.9,564789.244860317,4900155.64668049,hja2016_194,HJA-2016_soil_13,1,soil_detected,2839,1262,0.44452271926734765,61.48,2575.1807695924804,FALSE,0,TRUE,FALSE,FALSE
hja2016_150,53,sediment,3,78,280.7,568092.098996817,4898223.73199937,hja2016_194,HJA-2016_soil_13,1,soil_detected,2839,1027,0.36174709404719974,52.13,2135.8795636096365,FALSE,0,TRUE,TRUE,TRUE
hja2016_151,64,sediment,2,163,33.5,570527.99142083,4895508.85189625,hja2016_194,HJA-2016_soil_13,1,soil_detected,2839,1027,0.36174709404719974,47.1,5122.272682041751,FALSE,0,TRUE,FALSE,FALSE
hja2016_152,66,sediment,4,79,1360.7,567970.104384448,4898153.73509064,hja2016_194,HJA-2016_soil_13,1,soil_detected,2839,894,0.3148996125396266,45.85,2004.6924168111584,FALSE,0,TRUE,TRUE,TRUE
hja2016_155,82,sediment,2,536,36.6,564452.259742545,4899854.65997292,hja2016_194,HJA-2016_soil_13,1,soil_detected,2839,1303,0.4589644240929905,60.6,2503.712666748999,FALSE,0,TRUE,TRUE,TRUE
hja2016_157,43,sediment,1,538,7.8,567346.131940859,4898257.7304979,hja2016_194,HJA-2016_soil_13,1,soil_detected,2839,1014,0.3571680169073618,51.56,1414.0468962039336,FALSE,0,TRUE,FALSE,FALSE
hja2016_159,49,sediment,5,40,3399.1,563281.311454976,4898046.73981585,hja2016_194,HJA-2016_soil_13,1,soil_detected,2839,1087,0.38288129623106726,57.06,2709.049317179838,TRUE,1,TRUE,TRUE,TRUE
hja2016_160,50,sediment,5,41,4956.4,563054.321479503,4898132.73601802,hja2016_194,HJA-2016_soil_13,1,soil_detected,2839,718,0.2529059528002818,37.69,2941.905042101549,TRUE,1,TRUE,TRUE,TRUE
hja2016_031,161,hyporheic,5,51,5699.1,561109.407372482,4897170.77850081,hja2016_194,HJA-2016_soil_13,1,soil_detected,2839,52,0.018316308559351884,16.86,4926.073371582875,TRUE,1,TRUE,TRUE,TRUE
hja2016_032,54,hyporheic,3,363,207.7,561802.376768968,4897363.76997776,hja2016_194,HJA-2016_soil_13,1,soil_detected,2839,87,0.03064459316660796,20.88,4213.63814771205,FALSE,0,TRUE,TRUE,TRUE
hja2016_035,192,hyporheic,2,542,28.5,564620.252323511,4897836.74908965,hja2016_194,HJA-2016_soil_13,1,soil_detected,2839,90,0.03170130327580134,19.38,1365.1830348467006,FALSE,0,TRUE,TRUE,TRUE
hja2016_037,43,hyporheic,1,538,7.8,567346.131940859,4898257.7304979,hja2016_194,HJA-2016_soil_13,1,soil_detected,2839,84,0.029587883057414582,23.14,1414.0468962039336,FALSE,0,TRUE,FALSE,FALSE
hja2016_042,165,planktonic,2,494,27.9,564789.244860317,4900155.64668049,hja2016_194,HJA-2016_soil_13,1,soil_detected,2839,38,0.013384994716449454,11.35,2575.1807695924804,FALSE,0,TRUE,FALSE,FALSE
hja2016_043,KC-2,hyporheic,3,362,114.2,561999.368069268,4896735.79771081,hja2016_194,HJA-2016_soil_13,1,soil_detected,2839,120,0.042268404367735116,27.55,4145.113714053554,FALSE,0,TRUE,TRUE,TRUE
hja2016_049,67,planktonic,4,83,1558.1,567119.141965387,4897968.74326041,hja2016_194,HJA-2016_soil_13,1,soil_detected,2839,41,0.014441704825642832,12.52,1138.117126066273,FALSE,0,TRUE,TRUE,TRUE
hja2016_050,165,hyporheic,2,494,27.9,564789.244860317,4900155.64668049,hja2016_194,HJA-2016_soil_13,1,soil_detected,2839,206,0.07256076083127862,23.24,2575.1807695924804,FALSE,0,TRUE,FALSE,FALSE
hja2016_052,163,hyporheic,5,63,6126.6,559726.468447026,4896111.82526722,hja2016_194,HJA-2016_soil_13,1,soil_detected,2839,229,0.08066220500176119,23,6502.0242611345475,TRUE,1,TRUE,TRUE,TRUE
hja2016_056,KC-1,hyporheic,3,362,114.7,562012.367495176,4896802.79475203,hja2016_194,HJA-2016_soil_13,1,soil_detected,2839,281,0.09897851356111306,21.21,4114.653989453545,FALSE,0,TRUE,TRUE,TRUE
hja2016_057,71,hyporheic,3,556,101.7,562662.338790582,4897988.74237719,hja2016_194,HJA-2016_soil_13,1,soil_detected,2839,66,0.023247622402254316,10.26,3324.5152011471287,FALSE,0,TRUE,TRUE,TRUE
hja2016_059,KC-2,planktonic,3,362,114.2,561999.368069268,4896735.79771081,hja2016_194,HJA-2016_soil_13,1,soil_detected,2839,263,0.0926382529059528,29.03,4145.113714053554,FALSE,0,TRUE,TRUE,TRUE
hja2016_062,WS3-3,hyporheic,2,511,93.4,560639.428128111,4896408.81215143,hja2016_194,HJA-2016_soil_13,1,soil_detected,2839,312,0.10989785135611131,20.44,5542.8709794224105,FALSE,0,TRUE,TRUE,TRUE
hja2016_064,WS3-4,planktonic,2,510,81.3,560692.425787583,4896348.81480109,hja2016_194,HJA-2016_soil_13,1,soil_detected,2839,147,0.05177879535047552,25.92,5508.098635548978,FALSE,0,TRUE,TRUE,TRUE
hja2016_099,162,planktonic,5,66,6208.4,559348.485139852,4895468.85366269,hja2016_194,HJA-2016_soil_13,1,soil_detected,2839,131,0.04614300810144417,5.49,7059.103496162055,TRUE,1,TRUE,TRUE,TRUE
hja2016_100,64,planktonic,2,163,33.5,570527.99142083,4895508.85189625,hja2016_194,HJA-2016_soil_13,1,soil_detected,2839,79,0.027826699542092288,3.11,5122.272682041751,FALSE,0,TRUE,FALSE,FALSE
hja2016_101,58,planktonic,3,385,67.2,566998.147308857,4898497.71989928,hja2016_194,HJA-2016_soil_13,1,soil_detected,2839,125,0.044029587883057414,5.49,1189.373752770442,FALSE,0,TRUE,TRUE,TRUE
hja2016_102,73,hyporheic,2,255,137,566310.177691566,4896786.79545861,hja2016_194,HJA-2016_soil_13,1,soil_detected,2839,126,0.044381824586121874,5.08,1135.6507238819083,FALSE,0,TRUE,TRUE,TRUE
hja2016_103,260,planktonic,4,23,866.1,566425.172613061,4897456.76587079,hja2016_194,HJA-2016_soil_13,1,soil_detected,2839,276,0.09721733004579076,11.64,607.1618681870806,FALSE,0,TRUE,FALSE,FALSE
hja2016_105,178,planktonic,2,411,19.9,566185.18321168,4901793.57434491,hja2016_194,HJA-2016_soil_13,1,soil_detected,2839,135,0.04755195491370201,5.44,3923.8223424059493,FALSE,0,TRUE,TRUE,TRUE
hja2016_106,170,planktonic,2,229,49.4,570659.985591589,4896908.79007097,hja2016_194,HJA-2016_soil_13,1,soil_detected,2839,72,0.02536104262064107,1.89,4773.855910914637,FALSE,0,TRUE,FALSE,FALSE
hja2016_107,57,hyporheic,4,131,1488.8,563668.294364702,4898599.71539487,hja2016_194,HJA-2016_soil_13,1,soil_detected,2839,165,0.058119056005635786,5.38,2427.3610597989937,FALSE,0,TRUE,TRUE,TRUE
hja2016_109,169,planktonic,2,144,53.5,568641.074752475,4902527.5419308,hja2016_194,HJA-2016_soil_13,1,soil_detected,2839,107,0.03768932722789715,6.23,5357.483985981573,FALSE,0,TRUE,TRUE,TRUE
hja2016_110,76,hyporheic,3,150,303.5,570464.994202967,4896947.7883487,hja2016_194,HJA-2016_soil_13,1,soil_detected,2839,108,0.03804156393096161,5.56,4575.007154777444,FALSE,0,TRUE,TRUE,TRUE
hja2016_111,160,planktonic,5,24,2569.5,566416.173010509,4897492.764281,hja2016_194,HJA-2016_soil_13,1,soil_detected,2839,146,0.05142655864741106,5.94,576.1909246036323,FALSE,0,TRUE,TRUE,TRUE
hja2016_114,WS1-5,planktonic,2,522,87.9,559517.477676657,4895016.87362342,hja2016_194,HJA-2016_soil_13,1,soil_detected,2839,160,0.05635787249031349,6.3,7070.764889003563,FALSE,0,TRUE,TRUE,TRUE
hja2016_116,53,planktonic,3,78,280.7,568092.098996817,4898223.73199937,hja2016_194,HJA-2016_soil_13,1,soil_detected,2839,160,0.05635787249031349,5.97,2135.8795636096365,FALSE,0,TRUE,TRUE,TRUE
hja2016_119,56,planktonic,3,321,99.5,562839.3309741,4897811.75019367,hja2016_194,HJA-2016_soil_13,1,soil_detected,2839,280,0.0986262768580486,10.9,3146.205293638957,FALSE,0,TRUE,TRUE,TRUE
hja2016_121,84,hyporheic,4,112,622.7,566447.171641521,4900685.6232752,hja2016_194,HJA-2016_soil_13,1,soil_detected,2839,65,0.022895385699189856,1.72,2848.516237653659,FALSE,0,TRUE,TRUE,TRUE
hja2016_122,45,sediment,3,390,193.2,565977.192397151,4897892.74661664,hja2016_194,HJA-2016_soil_13,1,soil_detected,2839,1161,0.40894681225783724,60.48,19.471690301085165,TRUE,0.7407407407407407,FALSE,TRUE,FALSE
hja2016_125,56,sediment,3,321,99.5,562839.3309741,4897811.75019367,hja2016_194,HJA-2016_soil_13,1,soil_detected,2839,1188,0.41845720324057767,61.66,3146.205293638957,FALSE,0,TRUE,TRUE,TRUE
hja2016_164,260,sediment,4,23,866.1,566425.172613061,4897456.76587079,hja2016_194,HJA-2016_soil_13,1,soil_detected,2839,1050,0.36984853821768227,54.81,607.1618681870806,FALSE,0,TRUE,FALSE,FALSE
hja2016_166,57,sediment,4,131,1488.8,563668.294364702,4898599.71539487,hja2016_194,HJA-2016_soil_13,1,soil_detected,2839,765,0.2694610778443114,36.52,2427.3610597989937,FALSE,0,TRUE,TRUE,TRUE
hja2016_167,WS3-1,sediment,2,511,96.4,560508.433913191,4896516.80738205,hja2016_194,HJA-2016_soil_13,1,soil_detected,2839,958,0.33744276153575203,54.63,5642.343480235059,FALSE,0,TRUE,TRUE,TRUE
hja2016_169,WS3-2,sediment,2,511,95.7,560554.431881789,4896487.80866272,hja2016_194,HJA-2016_soil_13,1,soil_detected,2839,997,0.3511799929552659,54.16,5604.814692137714,FALSE,0,TRUE,TRUE,TRUE
hja2016_170,WS3-3,sediment,2,511,93.4,560639.428128111,4896408.81215143,hja2016_194,HJA-2016_soil_13,1,soil_detected,2839,1201,0.42303628038041563,51.78,5542.8709794224105,FALSE,0,TRUE,TRUE,TRUE
hja2016_177,WS1-3,sediment,2,522,92.1,559404.482666841,4895069.8712829,hja2016_194,HJA-2016_soil_13,1,soil_detected,2839,1142,0.40225431489961255,62.01,7153.316185736077,FALSE,0,TRUE,TRUE,TRUE
hja2016_179,WS1-5,sediment,2,522,87.9,559517.477676657,4895016.87362342,hja2016_194,HJA-2016_soil_13,1,soil_detected,2839,877,0.3089115885875308,55.42,7070.764889003563,FALSE,0,TRUE,TRUE,TRUE
hja2016_180,WS1-6,sediment,2,522,82.7,559631.472642313,4894993.87463913,hja2016_194,HJA-2016_soil_13,1,soil_detected,2839,807,0.28425501937301867,39.02,6976.115962077639,FALSE,0,TRUE,TRUE,TRUE
hja2016_181,177,sediment,1,452,14.8,565808.199860345,4901620.58198475,hja2016_194,HJA-2016_soil_13,1,soil_detected,2839,1231,0.4336033814723494,52.47,3749.880942035897,FALSE,0,TRUE,TRUE,TRUE
hja2016_001,50,planktonic,5,41,4956.4,563054.321479503,4898132.73601802,hja2016_194,HJA-2016_soil_13,1,soil_enriched,609,2,0.003284072249589491,0.53,2941.905042101549,TRUE,1,TRUE,TRUE,TRUE
hja2016_008,WS3-1,hyporheic,2,511,96.4,560508.433913191,4896516.80738205,hja2016_194,HJA-2016_soil_13,1,soil_enriched,609,11,0.0180623973727422,1.01,5642.343480235059,FALSE,0,TRUE,TRUE,TRUE
hja2016_009,60,hyporheic,2,316,43.1,567391.129953618,4898693.71124374,hja2016_194,HJA-2016_soil_13,1,soil_enriched,609,7,0.011494252873563218,0.62,1627.261606199983,FALSE,0,TRUE,FALSE,FALSE
hja2016_010,164,planktonic,3,502,60.8,560307.442789535,4895737.8417834,hja2016_194,HJA-2016_soil_13,1,soil_enriched,609,0,0,0,6066.3358915277595,FALSE,0,TRUE,TRUE,TRUE
hja2016_011,WS1-6,planktonic,2,522,82.7,559631.472642313,4894993.87463913,hja2016_194,HJA-2016_soil_13,1,soil_enriched,609,18,0.029556650246305417,1.14,6976.115962077639,FALSE,0,TRUE,TRUE,TRUE
hja2016_013,WS1-4,planktonic,2,522,89.8,559453.480502956,4895042.87247524,hja2016_194,HJA-2016_soil_13,1,soil_enriched,609,9,0.014778325123152709,0.78,7118.965691379154,FALSE,0,TRUE,TRUE,TRUE
hja2016_014,WS1-6,hyporheic,2,522,82.7,559631.472642313,4894993.87463913,hja2016_194,HJA-2016_soil_13,1,soil_enriched,609,2,0.003284072249589491,0.41,6976.115962077639,FALSE,0,TRUE,TRUE,TRUE
hja2016_015,47,hyporheic,4,134,1550.1,563254.31264732,4898130.73610634,hja2016_194,HJA-2016_soil_13,1,soil_enriched,609,2,0.003284072249589491,0.62,2742.552356261057,FALSE,0,TRUE,TRUE,TRUE
hja2016_016,74,hyporheic,2,373,70,565310.221852481,4897724.75403567,hja2016_194,HJA-2016_soil_13,1,soil_enriched,609,2,0.003284072249589491,0.21,691.1791434110165,FALSE,0,TRUE,TRUE,TRUE
hja2016_018,WS1-5,hyporheic,2,522,87.9,559517.477676657,4895016.87362342,hja2016_194,HJA-2016_soil_13,1,soil_enriched,609,13,0.021346469622331693,0.59,7070.764889003563,FALSE,0,TRUE,TRUE,TRUE
hja2016_019,155,hyporheic,2,345,81.2,565811.199727862,4897652.75721525,hja2016_194,HJA-2016_soil_13,1,soil_enriched,609,10,0.016420361247947456,2,281.96717029760634,FALSE,0,TRUE,FALSE,FALSE
hja2016_020,WS1-2,hyporheic,2,522,93.6,559354.484874886,4895103.86978142,hja2016_194,HJA-2016_soil_13,1,soil_enriched,609,23,0.03776683087027915,1.34,7186.158212151722,FALSE,0,TRUE,TRUE,TRUE
hja2016_021,156,hyporheic,5,24,2575.9,566141.185154761,4897558.76136638,hja2016_194,HJA-2016_soil_13,1,soil_enriched,609,4,0.006568144499178982,0.67,352.62821179016294,FALSE,0,TRUE,TRUE,TRUE
hja2016_027,WS3-6,planktonic,2,510,78.4,560819.420179147,4896235.81979127,hja2016_194,HJA-2016_soil_13,1,soil_enriched,609,7,0.011494252873563218,0.64,5419.288574085166,FALSE,0,TRUE,TRUE,TRUE
hja2016_065,68,hyporheic,5,30,3032.2,565145.229139031,4897899.74630751,hja2016_194,HJA-2016_soil_13,1,soil_enriched,609,16,0.026272577996715927,1.45,840.0424818821426,TRUE,1,TRUE,TRUE,TRUE
hja2016_066,49,hyporheic,5,40,3399.1,563281.311454976,4898046.73981585,hja2016_194,HJA-2016_soil_13,1,soil_enriched,609,21,0.034482758620689655,1.32,2709.049317179838,TRUE,1,TRUE,TRUE,TRUE
hja2016_070,56,hyporheic,3,321,99.5,562839.3309741,4897811.75019367,hja2016_194,HJA-2016_soil_13,1,soil_enriched,609,9,0.014778325123152709,0.92,3146.205293638957,FALSE,0,TRUE,TRUE,TRUE
hja2016_071,164,hyporheic,3,502,60.8,560307.442789535,4895737.8417834,hja2016_194,HJA-2016_soil_13,1,soil_enriched,609,19,0.031198686371100164,1.13,6066.3358915277595,FALSE,0,TRUE,TRUE,TRUE
hja2016_075,260,hyporheic,4,23,866.1,566425.172613061,4897456.76587079,hja2016_194,HJA-2016_soil_13,1,soil_enriched,609,8,0.013136288998357963,1.17,607.1618681870806,FALSE,0,TRUE,FALSE,FALSE
hja2016_078,CC-1,hyporheic,2,183,64,569956.016680872,4897740.75332909,hja2016_194,HJA-2016_soil_13,1,soil_enriched,609,9,0.014778325123152709,1.31,3973.377580052826,FALSE,0,TRUE,TRUE,TRUE
hja2016_079,64,hyporheic,2,163,33.5,570527.99142083,4895508.85189625,hja2016_194,HJA-2016_soil_13,1,soil_enriched,609,22,0.0361247947454844,1.68,5122.272682041751,FALSE,0,TRUE,FALSE,FALSE
hja2016_084,177,hyporheic,1,452,14.8,565808.199860345,4901620.58198475,hja2016_194,HJA-2016_soil_13,1,soil_enriched,609,11,0.0180623973727422,1.14,3749.880942035897,FALSE,0,TRUE,TRUE,TRUE
hja2016_127,60,sediment,2,316,43.1,567391.129953618,4898693.71124374,hja2016_194,HJA-2016_soil_13,1,soil_enriched,609,68,0.1116584564860427,1.92,1627.261606199983,FALSE,0,TRUE,FALSE,FALSE
hja2016_129,72,sediment,4,16,568.3,566542.167446234,4896499.80813279,hja2016_194,HJA-2016_soil_13,1,soil_enriched,609,120,0.19704433497536947,4.49,1483.6878335333088,FALSE,0,TRUE,TRUE,TRUE
hja2016_131,74,sediment,2,373,70,565310.221852481,4897724.75403567,hja2016_194,HJA-2016_soil_13,1,soil_enriched,609,132,0.21674876847290642,4.64,691.1791434110165,FALSE,0,TRUE,TRUE,TRUE
hja2016_132,84,sediment,4,112,622.7,566447.171641521,4900685.6232752,hja2016_194,HJA-2016_soil_13,1,soil_enriched,609,164,0.26929392446633826,4.47,2848.516237653659,FALSE,0,TRUE,TRUE,TRUE
hja2016_133,161,sediment,5,51,5699.1,561109.407372482,4897170.77850081,hja2016_194,HJA-2016_soil_13,1,soil_enriched,609,188,0.30870279146141216,10.47,4926.073371582875,TRUE,1,TRUE,TRUE,TRUE
hja2016_135,169,sediment,2,144,53.5,568641.074752475,4902527.5419308,hja2016_194,HJA-2016_soil_13,1,soil_enriched,609,152,0.24958949096880131,5.03,5357.483985981573,FALSE,0,TRUE,TRUE,TRUE
hja2016_136,190,sediment,1,546,14.2,564169.272240084,4897881.7471024,hja2016_194,HJA-2016_soil_13,1,soil_enriched,609,102,0.16748768472906403,2.96,1815.6439058701772,FALSE,0,TRUE,FALSE,FALSE
hja2016_139,CC-2,sediment,2,183,63.6,569992.01509108,4897760.75244588,hja2016_194,HJA-2016_soil_13,1,soil_enriched,609,161,0.26436781609195403,5.65,4008.736521257273,FALSE,0,TRUE,TRUE,TRUE
hja2016_140,CC-3,sediment,2,183,63,570038.013059678,4897795.75090024,hja2016_194,HJA-2016_soil_13,1,soil_enriched,609,90,0.1477832512315271,2.74,4053.88203817227,FALSE,0,TRUE,TRUE,TRUE
hja2016_141,CC-4,sediment,2,183,58.5,570162.007583724,4897831.74931045,hja2016_194,HJA-2016_soil_13,1,soil_enriched,609,100,0.16420361247947454,3.42,4177.327004173797,FALSE,0,TRUE,TRUE,TRUE
hja2016_142,KC-1,sediment,3,362,114.7,562012.367495176,4896802.79475203,hja2016_194,HJA-2016_soil_13,1,soil_enriched,609,115,0.18883415435139572,3.15,4114.653989453545,FALSE,0,TRUE,TRUE,TRUE
hja2016_144,KC-3,sediment,3,362,114,562000.368025107,4896680.80013966,hja2016_194,HJA-2016_soil_13,1,soil_enriched,609,91,0.14942528735632185,3.17,4159.605122121114,FALSE,0,TRUE,TRUE,TRUE
hja2016_145,155,sediment,2,345,81.2,565811.199727862,4897652.75721525,hja2016_194,HJA-2016_soil_13,1,soil_enriched,609,127,0.20853858784893267,4.4,281.96717029760634,FALSE,0,TRUE,FALSE,FALSE
hja2016_146,156,sediment,5,24,2575.9,566141.185154761,4897558.76136638,hja2016_194,HJA-2016_soil_13,1,soil_enriched,609,77,0.12643678160919541,2.15,352.62821179016294,FALSE,0,TRUE,TRUE,TRUE
hja2016_147,163,sediment,5,63,6126.6,559726.468447026,4896111.82526722,hja2016_194,HJA-2016_soil_13,1,soil_enriched,609,194,0.3185550082101806,9.93,6502.0242611345475,TRUE,1,TRUE,TRUE,TRUE
hja2016_148,165,sediment,2,494,27.9,564789.244860317,4900155.64668049,hja2016_194,HJA-2016_soil_13,1,soil_enriched,609,169,0.277504105090312,6,2575.1807695924804,FALSE,0,TRUE,FALSE,FALSE
hja2016_150,53,sediment,3,78,280.7,568092.098996817,4898223.73199937,hja2016_194,HJA-2016_soil_13,1,soil_enriched,609,106,0.17405582922824303,2.88,2135.8795636096365,FALSE,0,TRUE,TRUE,TRUE
hja2016_151,64,sediment,2,163,33.5,570527.99142083,4895508.85189625,hja2016_194,HJA-2016_soil_13,1,soil_enriched,609,219,0.35960591133004927,9.15,5122.272682041751,FALSE,0,TRUE,FALSE,FALSE
hja2016_152,66,sediment,4,79,1360.7,567970.104384448,4898153.73509064,hja2016_194,HJA-2016_soil_13,1,soil_enriched,609,102,0.16748768472906403,2.18,2004.6924168111584,FALSE,0,TRUE,TRUE,TRUE
hja2016_155,82,sediment,2,536,36.6,564452.259742545,4899854.65997292,hja2016_194,HJA-2016_soil_13,1,soil_enriched,609,165,0.270935960591133,5.96,2503.712666748999,FALSE,0,TRUE,TRUE,TRUE
hja2016_157,43,sediment,1,538,7.8,567346.131940859,4898257.7304979,hja2016_194,HJA-2016_soil_13,1,soil_enriched,609,99,0.1625615763546798,2.57,1414.0468962039336,FALSE,0,TRUE,FALSE,FALSE
hja2016_159,49,sediment,5,40,3399.1,563281.311454976,4898046.73981585,hja2016_194,HJA-2016_soil_13,1,soil_enriched,609,96,0.15763546798029557,2.79,2709.049317179838,TRUE,1,TRUE,TRUE,TRUE
hja2016_160,50,sediment,5,41,4956.4,563054.321479503,4898132.73601802,hja2016_194,HJA-2016_soil_13,1,soil_enriched,609,55,0.090311986863711,1.15,2941.905042101549,TRUE,1,TRUE,TRUE,TRUE
hja2016_031,161,hyporheic,5,51,5699.1,561109.407372482,4897170.77850081,hja2016_194,HJA-2016_soil_13,1,soil_enriched,609,4,0.006568144499178982,1.29,4926.073371582875,TRUE,1,TRUE,TRUE,TRUE
hja2016_032,54,hyporheic,3,363,207.7,561802.376768968,4897363.76997776,hja2016_194,HJA-2016_soil_13,1,soil_enriched,609,7,0.011494252873563218,0.81,4213.63814771205,FALSE,0,TRUE,TRUE,TRUE
hja2016_035,192,hyporheic,2,542,28.5,564620.252323511,4897836.74908965,hja2016_194,HJA-2016_soil_13,1,soil_enriched,609,4,0.006568144499178982,0.67,1365.1830348467006,FALSE,0,TRUE,TRUE,TRUE
hja2016_037,43,hyporheic,1,538,7.8,567346.131940859,4898257.7304979,hja2016_194,HJA-2016_soil_13,1,soil_enriched,609,0,0,0,1414.0468962039336,FALSE,0,TRUE,FALSE,FALSE
hja2016_042,165,planktonic,2,494,27.9,564789.244860317,4900155.64668049,hja2016_194,HJA-2016_soil_13,1,soil_enriched,609,1,0.0016420361247947454,0.07,2575.1807695924804,FALSE,0,TRUE,FALSE,FALSE
hja2016_043,KC-2,hyporheic,3,362,114.2,561999.368069268,4896735.79771081,hja2016_194,HJA-2016_soil_13,1,soil_enriched,609,7,0.011494252873563218,1.21,4145.113714053554,FALSE,0,TRUE,TRUE,TRUE
hja2016_049,67,planktonic,4,83,1558.1,567119.141965387,4897968.74326041,hja2016_194,HJA-2016_soil_13,1,soil_enriched,609,3,0.0049261083743842365,0.07,1138.117126066273,FALSE,0,TRUE,TRUE,TRUE
hja2016_050,165,hyporheic,2,494,27.9,564789.244860317,4900155.64668049,hja2016_194,HJA-2016_soil_13,1,soil_enriched,609,12,0.019704433497536946,0.93,2575.1807695924804,FALSE,0,TRUE,FALSE,FALSE
hja2016_052,163,hyporheic,5,63,6126.6,559726.468447026,4896111.82526722,hja2016_194,HJA-2016_soil_13,1,soil_enriched,609,17,0.027914614121510674,1.05,6502.0242611345475,TRUE,1,TRUE,TRUE,TRUE
hja2016_056,KC-1,hyporheic,3,362,114.7,562012.367495176,4896802.79475203,hja2016_194,HJA-2016_soil_13,1,soil_enriched,609,13,0.021346469622331693,0.72,4114.653989453545,FALSE,0,TRUE,TRUE,TRUE
hja2016_057,71,hyporheic,3,556,101.7,562662.338790582,4897988.74237719,hja2016_194,HJA-2016_soil_13,1,soil_enriched,609,3,0.0049261083743842365,0.68,3324.5152011471287,FALSE,0,TRUE,TRUE,TRUE
hja2016_059,KC-2,planktonic,3,362,114.2,561999.368069268,4896735.79771081,hja2016_194,HJA-2016_soil_13,1,soil_enriched,609,20,0.03284072249589491,1.43,4145.113714053554,FALSE,0,TRUE,TRUE,TRUE
hja2016_062,WS3-3,hyporheic,2,511,93.4,560639.428128111,4896408.81215143,hja2016_194,HJA-2016_soil_13,1,soil_enriched,609,18,0.029556650246305417,0.82,5542.8709794224105,FALSE,0,TRUE,TRUE,TRUE
hja2016_064,WS3-4,planktonic,2,510,81.3,560692.425787583,4896348.81480109,hja2016_194,HJA-2016_soil_13,1,soil_enriched,609,10,0.016420361247947456,1.13,5508.098635548978,FALSE,0,TRUE,TRUE,TRUE
hja2016_099,162,planktonic,5,66,6208.4,559348.485139852,4895468.85366269,hja2016_194,HJA-2016_soil_13,1,soil_enriched,609,13,0.021346469622331693,0.36,7059.103496162055,TRUE,1,TRUE,TRUE,TRUE
hja2016_100,64,planktonic,2,163,33.5,570527.99142083,4895508.85189625,hja2016_194,HJA-2016_soil_13,1,soil_enriched,609,9,0.014778325123152709,0.17,5122.272682041751,FALSE,0,TRUE,FALSE,FALSE
hja2016_101,58,planktonic,3,385,67.2,566998.147308857,4898497.71989928,hja2016_194,HJA-2016_soil_13,1,soil_enriched,609,13,0.021346469622331693,0.28,1189.373752770442,FALSE,0,TRUE,TRUE,TRUE
hja2016_102,73,hyporheic,2,255,137,566310.177691566,4896786.79545861,hja2016_194,HJA-2016_soil_13,1,soil_enriched,609,15,0.024630541871921183,0.37,1135.6507238819083,FALSE,0,TRUE,TRUE,TRUE
hja2016_103,260,planktonic,4,23,866.1,566425.172613061,4897456.76587079,hja2016_194,HJA-2016_soil_13,1,soil_enriched,609,47,0.07717569786535304,0.97,607.1618681870806,FALSE,0,TRUE,FALSE,FALSE
hja2016_105,178,planktonic,2,411,19.9,566185.18321168,4901793.57434491,hja2016_194,HJA-2016_soil_13,1,soil_enriched,609,21,0.034482758620689655,0.54,3923.8223424059493,FALSE,0,TRUE,TRUE,TRUE
hja2016_106,170,planktonic,2,229,49.4,570659.985591589,4896908.79007097,hja2016_194,HJA-2016_soil_13,1,soil_enriched,609,9,0.014778325123152709,0.12,4773.855910914637,FALSE,0,TRUE,FALSE,FALSE
hja2016_107,57,hyporheic,4,131,1488.8,563668.294364702,4898599.71539487,hja2016_194,HJA-2016_soil_13,1,soil_enriched,609,14,0.022988505747126436,0.37,2427.3610597989937,FALSE,0,TRUE,TRUE,TRUE
hja2016_109,169,planktonic,2,144,53.5,568641.074752475,4902527.5419308,hja2016_194,HJA-2016_soil_13,1,soil_enriched,609,12,0.019704433497536946,0.53,5357.483985981573,FALSE,0,TRUE,TRUE,TRUE
hja2016_110,76,hyporheic,3,150,303.5,570464.994202967,4896947.7883487,hja2016_194,HJA-2016_soil_13,1,soil_enriched,609,12,0.019704433497536946,0.38,4575.007154777444,FALSE,0,TRUE,TRUE,TRUE
hja2016_111,160,planktonic,5,24,2569.5,566416.173010509,4897492.764281,hja2016_194,HJA-2016_soil_13,1,soil_enriched,609,20,0.03284072249589491,0.57,576.1909246036323,FALSE,0,TRUE,TRUE,TRUE
hja2016_114,WS1-5,planktonic,2,522,87.9,559517.477676657,4895016.87362342,hja2016_194,HJA-2016_soil_13,1,soil_enriched,609,23,0.03776683087027915,0.41,7070.764889003563,FALSE,0,TRUE,TRUE,TRUE
hja2016_116,53,planktonic,3,78,280.7,568092.098996817,4898223.73199937,hja2016_194,HJA-2016_soil_13,1,soil_enriched,609,20,0.03284072249589491,0.54,2135.8795636096365,FALSE,0,TRUE,TRUE,TRUE
hja2016_119,56,planktonic,3,321,99.5,562839.3309741,4897811.75019367,hja2016_194,HJA-2016_soil_13,1,soil_enriched,609,36,0.059113300492610835,0.9,3146.205293638957,FALSE,0,TRUE,TRUE,TRUE
hja2016_121,84,hyporheic,4,112,622.7,566447.171641521,4900685.6232752,hja2016_194,HJA-2016_soil_13,1,soil_enriched,609,7,0.011494252873563218,0.1,2848.516237653659,FALSE,0,TRUE,TRUE,TRUE
hja2016_122,45,sediment,3,390,193.2,565977.192397151,4897892.74661664,hja2016_194,HJA-2016_soil_13,1,soil_enriched,609,108,0.17733990147783252,2.87,19.471690301085165,TRUE,0.7407407407407407,FALSE,TRUE,FALSE
hja2016_125,56,sediment,3,321,99.5,562839.3309741,4897811.75019367,hja2016_194,HJA-2016_soil_13,1,soil_enriched,609,127,0.20853858784893267,3.42,3146.205293638957,FALSE,0,TRUE,TRUE,TRUE
hja2016_164,260,sediment,4,23,866.1,566425.172613061,4897456.76587079,hja2016_194,HJA-2016_soil_13,1,soil_enriched,609,154,0.25287356321839083,4.06,607.1618681870806,FALSE,0,TRUE,FALSE,FALSE
hja2016_166,57,sediment,4,131,1488.8,563668.294364702,4898599.71539487,hja2016_194,HJA-2016_soil_13,1,soil_enriched,609,70,0.11494252873563218,1.38,2427.3610597989937,FALSE,0,TRUE,TRUE,TRUE
hja2016_167,WS3-1,sediment,2,511,96.4,560508.433913191,4896516.80738205,hja2016_194,HJA-2016_soil_13,1,soil_enriched,609,196,0.3218390804597701,10.57,5642.343480235059,FALSE,0,TRUE,TRUE,TRUE
hja2016_169,WS3-2,sediment,2,511,95.7,560554.431881789,4896487.80866272,hja2016_194,HJA-2016_soil_13,1,soil_enriched,609,213,0.3497536945812808,10.25,5604.814692137714,FALSE,0,TRUE,TRUE,TRUE
hja2016_170,WS3-3,sediment,2,511,93.4,560639.428128111,4896408.81215143,hja2016_194,HJA-2016_soil_13,1,soil_enriched,609,153,0.2512315270935961,3.86,5542.8709794224105,FALSE,0,TRUE,TRUE,TRUE
hja2016_177,WS1-3,sediment,2,522,92.1,559404.482666841,4895069.8712829,hja2016_194,HJA-2016_soil_13,1,soil_enriched,609,153,0.2512315270935961,5,7153.316185736077,FALSE,0,TRUE,TRUE,TRUE
hja2016_179,WS1-5,sediment,2,522,87.9,559517.477676657,4895016.87362342,hja2016_194,HJA-2016_soil_13,1,soil_enriched,609,73,0.11986863711001643,2.49,7070.764889003563,FALSE,0,TRUE,TRUE,TRUE
hja2016_180,WS1-6,sediment,2,522,82.7,559631.472642313,4894993.87463913,hja2016_194,HJA-2016_soil_13,1,soil_enriched,609,70,0.11494252873563218,1.4,6976.115962077639,FALSE,0,TRUE,TRUE,TRUE
hja2016_181,177,sediment,1,452,14.8,565808.199860345,4901620.58198475,hja2016_194,HJA-2016_soil_13,1,soil_enriched,609,164,0.26929392446633826,3.77,3749.880942035897,FALSE,0,TRUE,TRUE,TRUE
hja2016_001,50,planktonic,5,41,4956.4,563054.321479503,4898132.73601802,hja2016_195,HJA-2016_soil_14,1,soil_detected,2489,24,0.009642426677380474,5.91,2155.5055668184013,TRUE,1,TRUE,TRUE,TRUE
hja2016_008,WS3-1,hyporheic,2,511,96.4,560508.433913191,4896516.80738205,hja2016_195,HJA-2016_soil_14,1,soil_detected,2489,79,0.03173965447971073,12.72,4915.933715278434,FALSE,0,TRUE,TRUE,TRUE
hja2016_009,60,hyporheic,2,316,43.1,567391.129953618,4898693.71124374,hja2016_195,HJA-2016_soil_14,1,soil_detected,2489,65,0.026114905584572117,15.02,2303.069925106986,FALSE,0,TRUE,FALSE,FALSE
hja2016_010,164,planktonic,3,502,60.8,560307.442789535,4895737.8417834,hja2016_195,HJA-2016_soil_14,1,soil_detected,2489,15,0.006026516673362796,5.64,5382.292554207376,FALSE,0,TRUE,TRUE,TRUE
hja2016_011,WS1-6,planktonic,2,522,82.7,559631.472642313,4894993.87463913,hja2016_195,HJA-2016_soil_14,1,soil_detected,2489,97,0.038971474487746086,8.56,6318.569793603454,FALSE,0,TRUE,TRUE,TRUE
hja2016_013,WS1-4,planktonic,2,522,89.8,559453.480502956,4895042.87247524,hja2016_195,HJA-2016_soil_14,1,soil_detected,2489,67,0.02691844114102049,8.66,6453.695923190305,FALSE,0,TRUE,TRUE,TRUE
hja2016_014,WS1-6,hyporheic,2,522,82.7,559631.472642313,4894993.87463913,hja2016_195,HJA-2016_soil_14,1,soil_detected,2489,50,0.020088388911209322,11.85,6318.569793603454,FALSE,0,TRUE,TRUE,TRUE
hja2016_015,47,hyporheic,4,134,1550.1,563254.31264732,4898130.73610634,hja2016_195,HJA-2016_soil_14,1,soil_detected,2489,25,0.010044194455604661,7.38,1955.9608789176561,FALSE,0,TRUE,TRUE,TRUE
hja2016_016,74,hyporheic,2,373,70,565310.221852481,4897724.75403567,hja2016_195,HJA-2016_soil_14,1,soil_detected,2489,20,0.008035355564483728,3.97,269.68748844901444,FALSE,0,TRUE,TRUE,TRUE
hja2016_018,WS1-5,hyporheic,2,522,87.9,559517.477676657,4895016.87362342,hja2016_195,HJA-2016_soil_14,1,soil_detected,2489,82,0.03294495781438329,5.51,6408.688144514996,FALSE,0,TRUE,TRUE,TRUE
hja2016_019,155,hyporheic,2,345,81.2,565811.199727862,4897652.75721525,hja2016_195,HJA-2016_soil_14,1,soil_detected,2489,66,0.026516673362796304,12.12,686.3966609677049,FALSE,0,TRUE,FALSE,FALSE
hja2016_020,WS1-2,hyporheic,2,522,93.6,559354.484874886,4895103.86978142,hja2016_195,HJA-2016_soil_14,1,soil_detected,2489,132,0.05303334672559261,10.89,6514.969636914479,FALSE,0,TRUE,TRUE,TRUE
hja2016_021,156,hyporheic,5,24,2575.9,566141.185154761,4897558.76136638,hja2016_195,HJA-2016_soil_14,1,soil_detected,2489,30,0.012053033346725592,5.9,1024.6030457100446,FALSE,0,TRUE,TRUE,TRUE
hja2016_027,WS3-6,planktonic,2,510,78.4,560819.420179147,4896235.81979127,hja2016_195,HJA-2016_soil_14,1,soil_detected,2489,37,0.014865407794294898,3.35,4715.903957517875,FALSE,0,TRUE,TRUE,TRUE
hja2016_065,68,hyporheic,5,30,3032.2,565145.229139031,4897899.74630751,hja2016_195,HJA-2016_soil_14,1,soil_detected,2489,97,0.038971474487746086,12.49,93.51063876397282,FALSE,0.3703703703703703,FALSE,TRUE,FALSE
hja2016_066,49,hyporheic,5,40,3399.1,563281.311454976,4898046.73981585,hja2016_195,HJA-2016_soil_14,1,soil_detected,2489,97,0.038971474487746086,9.7,1923.9874606362598,TRUE,1,TRUE,TRUE,TRUE
hja2016_070,56,hyporheic,3,321,99.5,562839.3309741,4897811.75019367,hja2016_195,HJA-2016_soil_14,1,soil_detected,2489,44,0.017677782241864202,6.04,2370.0020705802326,FALSE,0,TRUE,TRUE,TRUE
hja2016_071,164,hyporheic,3,502,60.8,560307.442789535,4895737.8417834,hja2016_195,HJA-2016_soil_14,1,soil_detected,2489,135,0.05423865006026517,10.59,5382.292554207376,FALSE,0,TRUE,TRUE,TRUE
hja2016_075,260,hyporheic,4,23,866.1,566425.172613061,4897456.76587079,hja2016_195,HJA-2016_soil_14,1,soil_detected,2489,65,0.026114905584572117,10.07,1325.7645477769647,FALSE,0,TRUE,FALSE,FALSE
hja2016_078,CC-1,hyporheic,2,183,64,569956.016680872,4897740.75332909,hja2016_195,HJA-2016_soil_14,1,soil_detected,2489,61,0.02450783447167537,9.56,4757.798898140008,FALSE,0,TRUE,TRUE,TRUE
hja2016_079,64,hyporheic,2,163,33.5,570527.99142083,4895508.85189625,hja2016_195,HJA-2016_soil_14,1,soil_detected,2489,103,0.0413820811570912,12,5866.537268008727,FALSE,0,TRUE,FALSE,FALSE
hja2016_084,177,hyporheic,1,452,14.8,565808.199860345,4901620.58198475,hja2016_195,HJA-2016_soil_14,1,soil_detected,2489,62,0.02490960224989956,10.98,3697.7145517131607,FALSE,0,TRUE,TRUE,TRUE
hja2016_127,60,sediment,2,316,43.1,567391.129953618,4898693.71124374,hja2016_195,HJA-2016_soil_14,1,soil_detected,2489,302,0.1213338690237043,16.67,2303.069925106986,FALSE,0,TRUE,FALSE,FALSE
hja2016_129,72,sediment,4,16,568.3,566542.167446234,4896499.80813279,hja2016_195,HJA-2016_soil_14,1,soil_detected,2489,411,0.16512655685014063,22.42,1990.0038343390268,FALSE,0,TRUE,TRUE,TRUE
hja2016_131,74,sediment,2,373,70,565310.221852481,4897724.75403567,hja2016_195,HJA-2016_soil_14,1,soil_detected,2489,443,0.1779831257533146,22.34,269.68748844901444,FALSE,0,TRUE,TRUE,TRUE
hja2016_132,84,sediment,4,112,622.7,566447.171641521,4900685.6232752,hja2016_195,HJA-2016_soil_14,1,soil_detected,2489,519,0.20851747689835276,27.5,2984.3548609150585,FALSE,0,TRUE,TRUE,TRUE
hja2016_133,161,sediment,5,51,5699.1,561109.407372482,4897170.77850081,hja2016_195,HJA-2016_soil_14,1,soil_detected,2489,633,0.25431900361591,35.5,4172.23125147289,TRUE,1,TRUE,TRUE,TRUE
hja2016_135,169,sediment,2,144,53.5,568641.074752475,4902527.5419308,hja2016_195,HJA-2016_soil_14,1,soil_detected,2489,480,0.19284853354760947,28.66,5706.312994503374,FALSE,0,TRUE,TRUE,TRUE
hja2016_136,190,sediment,1,546,14.2,564169.272240084,4897881.7471024,hja2016_195,HJA-2016_soil_14,1,soil_detected,2489,377,0.15146645239051829,20.08,1038.5773140099457,FALSE,0,TRUE,FALSE,FALSE
hja2016_139,CC-2,sediment,2,183,63.6,569992.01509108,4897760.75244588,hja2016_195,HJA-2016_soil_14,1,soil_detected,2489,447,0.17959019686621133,24.12,4792.829312715031,FALSE,0,TRUE,TRUE,TRUE
hja2016_140,CC-3,sediment,2,183,63,570038.013059678,4897795.75090024,hja2016_195,HJA-2016_soil_14,1,soil_detected,2489,361,0.1450381679389313,18.49,4837.376955849646,FALSE,0,TRUE,TRUE,TRUE
hja2016_141,CC-4,sediment,2,183,58.5,570162.007583724,4897831.74931045,hja2016_195,HJA-2016_soil_14,1,soil_detected,2489,368,0.1478505423865006,21.41,4960.138052298477,FALSE,0,TRUE,TRUE,TRUE
hja2016_142,KC-1,sediment,3,362,114.7,562012.367495176,4896802.79475203,hja2016_195,HJA-2016_soil_14,1,soil_detected,2489,311,0.12494977902772197,19.08,3399.1314788393493,FALSE,0,TRUE,TRUE,TRUE
hja2016_144,KC-3,sediment,3,362,114,562000.368025107,4896680.80013966,hja2016_195,HJA-2016_soil_14,1,soil_detected,2489,295,0.11852149457613499,19.91,3454.146857014791,FALSE,0,TRUE,TRUE,TRUE
hja2016_145,155,sediment,2,345,81.2,565811.199727862,4897652.75721525,hja2016_195,HJA-2016_soil_14,1,soil_detected,2489,451,0.18119726797910807,23.72,686.3966609677049,FALSE,0,TRUE,FALSE,FALSE
hja2016_146,156,sediment,5,24,2575.9,566141.185154761,4897558.76136638,hja2016_195,HJA-2016_soil_14,1,soil_detected,2489,339,0.1361992768179992,17.72,1024.6030457100446,FALSE,0,TRUE,TRUE,TRUE
hja2016_147,163,sediment,5,63,6126.6,559726.468447026,4896111.82526722,hja2016_195,HJA-2016_soil_14,1,soil_detected,2489,675,0.27119325030132585,36.03,5784.837925553817,TRUE,1,TRUE,TRUE,TRUE
hja2016_148,165,sediment,2,494,27.9,564789.244860317,4900155.64668049,hja2016_195,HJA-2016_soil_14,1,soil_detected,2489,460,0.18481317798312574,25.17,2222.0866581185287,FALSE,0,TRUE,FALSE,FALSE
hja2016_150,53,sediment,3,78,280.7,568092.098996817,4898223.73199937,hja2016_195,HJA-2016_soil_14,1,soil_detected,2489,355,0.14262756126958617,18.58,2899.1283065446664,FALSE,0,TRUE,TRUE,TRUE
hja2016_151,64,sediment,2,163,33.5,570527.99142083,4895508.85189625,hja2016_195,HJA-2016_soil_14,1,soil_detected,2489,746,0.29971876255524305,32.79,5866.537268008727,FALSE,0,TRUE,FALSE,FALSE
hja2016_152,66,sediment,4,79,1360.7,567970.104384448,4898153.73509064,hja2016_195,HJA-2016_soil_14,1,soil_detected,2489,342,0.13740458015267176,16,2772.160049302084,FALSE,0,TRUE,TRUE,TRUE
hja2016_155,82,sediment,2,536,36.6,564452.259742545,4899854.65997292,hja2016_195,HJA-2016_soil_14,1,soil_detected,2489,459,0.18441141020490157,24.51,2026.6032981385986,FALSE,0,TRUE,TRUE,TRUE
hja2016_157,43,sediment,1,538,7.8,567346.131940859,4898257.7304979,hja2016_195,HJA-2016_soil_14,1,soil_detected,2489,361,0.1450381679389313,17.31,2161.1563034710957,FALSE,0,TRUE,FALSE,FALSE
hja2016_159,49,sediment,5,40,3399.1,563281.311454976,4898046.73981585,hja2016_195,HJA-2016_soil_14,1,soil_detected,2489,348,0.13981518682201688,20.91,1923.9874606362598,TRUE,1,TRUE,TRUE,TRUE
hja2016_160,50,sediment,5,41,4956.4,563054.321479503,4898132.73601802,hja2016_195,HJA-2016_soil_14,1,soil_detected,2489,243,0.0976295701084773,10.48,2155.5055668184013,TRUE,1,TRUE,TRUE,TRUE
hja2016_031,161,hyporheic,5,51,5699.1,561109.407372482,4897170.77850081,hja2016_195,HJA-2016_soil_14,1,soil_detected,2489,20,0.008035355564483728,6.96,4172.23125147289,TRUE,1,TRUE,TRUE,TRUE
hja2016_032,54,hyporheic,3,363,207.7,561802.376768968,4897363.76997776,hja2016_195,HJA-2016_soil_14,1,soil_detected,2489,38,0.015267175572519083,9.76,3455.5474714962434,FALSE,0,TRUE,TRUE,TRUE
hja2016_035,192,hyporheic,2,542,28.5,564620.252323511,4897836.74908965,hja2016_195,HJA-2016_soil_14,1,soil_detected,2489,37,0.014865407794294898,7.2,599.2164940053516,FALSE,0,TRUE,TRUE,TRUE
hja2016_037,43,hyporheic,1,538,7.8,567346.131940859,4898257.7304979,hja2016_195,HJA-2016_soil_14,1,soil_detected,2489,29,0.011651265568501407,6.59,2161.1563034710957,FALSE,0,TRUE,FALSE,FALSE
hja2016_042,165,planktonic,2,494,27.9,564789.244860317,4900155.64668049,hja2016_195,HJA-2016_soil_14,1,soil_detected,2489,20,0.008035355564483728,6.19,2222.0866581185287,FALSE,0,TRUE,FALSE,FALSE
hja2016_043,KC-2,hyporheic,3,362,114.2,561999.368069268,4896735.79771081,hja2016_195,HJA-2016_soil_14,1,soil_detected,2489,36,0.01446364001607071,11.2,3434.8905129163436,FALSE,0,TRUE,TRUE,TRUE
hja2016_049,67,planktonic,4,83,1558.1,567119.141965387,4897968.74326041,hja2016_195,HJA-2016_soil_14,1,soil_detected,2489,13,0.005222981116914423,8.81,1915.2764584802298,FALSE,0,TRUE,TRUE,TRUE
hja2016_050,165,hyporheic,2,494,27.9,564789.244860317,4900155.64668049,hja2016_195,HJA-2016_soil_14,1,soil_detected,2489,88,0.035355564483728404,9.03,2222.0866581185287,FALSE,0,TRUE,FALSE,FALSE
hja2016_052,163,hyporheic,5,63,6126.6,559726.468447026,4896111.82526722,hja2016_195,HJA-2016_soil_14,1,soil_detected,2489,102,0.04098031337886701,11.27,5784.837925553817,TRUE,1,TRUE,TRUE,TRUE
hja2016_056,KC-1,hyporheic,3,362,114.7,562012.367495176,4896802.79475203,hja2016_195,HJA-2016_soil_14,1,soil_detected,2489,105,0.04218561671353958,9.12,3399.1314788393493,FALSE,0,TRUE,TRUE,TRUE
hja2016_057,71,hyporheic,3,556,101.7,562662.338790582,4897988.74237719,hja2016_195,HJA-2016_soil_14,1,soil_detected,2489,36,0.01446364001607071,8.33,2541.5819250969857,FALSE,0,TRUE,TRUE,TRUE
hja2016_059,KC-2,planktonic,3,362,114.2,561999.368069268,4896735.79771081,hja2016_195,HJA-2016_soil_14,1,soil_detected,2489,100,0.040176777822418644,10,3434.8905129163436,FALSE,0,TRUE,TRUE,TRUE
hja2016_062,WS3-3,hyporheic,2,511,93.4,560639.428128111,4896408.81215143,hja2016_195,HJA-2016_soil_14,1,soil_detected,2489,107,0.042989152269987944,7.88,4824.884578681192,FALSE,0,TRUE,TRUE,TRUE
hja2016_064,WS3-4,planktonic,2,510,81.3,560692.425787583,4896348.81480109,hja2016_195,HJA-2016_soil_14,1,soil_detected,2489,50,0.020088388911209322,9.97,4794.7632637385395,FALSE,0,TRUE,TRUE,TRUE
hja2016_099,162,planktonic,5,66,6208.4,559348.485139852,4895468.85366269,hja2016_195,HJA-2016_soil_14,1,soil_detected,2489,69,0.027721976697468863,2.55,6368.217807202587,TRUE,1,TRUE,TRUE,TRUE
hja2016_100,64,planktonic,2,163,33.5,570527.99142083,4895508.85189625,hja2016_195,HJA-2016_soil_14,1,soil_detected,2489,46,0.018481317798312576,2.23,5866.537268008727,FALSE,0,TRUE,FALSE,FALSE
hja2016_101,58,planktonic,3,385,67.2,566998.147308857,4898497.71989928,hja2016_195,HJA-2016_soil_14,1,soil_detected,2489,68,0.027320208919244676,2.55,1869.54523243127,FALSE,0,TRUE,TRUE,TRUE
hja2016_102,73,hyporheic,2,255,137,566310.177691566,4896786.79545861,hja2016_195,HJA-2016_soil_14,1,soil_detected,2489,73,0.02932904781036561,2.61,1621.7325316129654,FALSE,0,TRUE,TRUE,TRUE
hja2016_103,260,planktonic,4,23,866.1,566425.172613061,4897456.76587079,hja2016_195,HJA-2016_soil_14,1,soil_detected,2489,159,0.06388107673764563,6.62,1325.7645477769647,FALSE,0,TRUE,FALSE,FALSE
hja2016_105,178,planktonic,2,411,19.9,566185.18321168,4901793.57434491,hja2016_195,HJA-2016_soil_14,1,soil_detected,2489,79,0.03173965447971073,3.12,3944.9881862003795,FALSE,0,TRUE,TRUE,TRUE
hja2016_106,170,planktonic,2,229,49.4,570659.985591589,4896908.79007097,hja2016_195,HJA-2016_soil_14,1,soil_detected,2489,36,0.01446364001607071,1.9,5558.854672371676,FALSE,0,TRUE,FALSE,FALSE
hja2016_107,57,hyporheic,4,131,1488.8,563668.294364702,4898599.71539487,hja2016_195,HJA-2016_soil_14,1,soil_detected,2489,84,0.03374849337083166,2.57,1658.6989893291154,FALSE,0,TRUE,TRUE,TRUE
hja2016_109,169,planktonic,2,144,53.5,568641.074752475,4902527.5419308,hja2016_195,HJA-2016_soil_14,1,soil_detected,2489,63,0.025311370028123746,2.84,5706.312994503374,FALSE,0,TRUE,TRUE,TRUE
hja2016_110,76,hyporheic,3,150,303.5,570464.994202967,4896947.7883487,hja2016_195,HJA-2016_soil_14,1,soil_detected,2489,59,0.023704298915227,2.61,5360.004107050124,FALSE,0,TRUE,TRUE,TRUE
hja2016_111,160,planktonic,5,24,2569.5,566416.173010509,4897492.764281,hja2016_195,HJA-2016_soil_14,1,soil_detected,2489,87,0.03495379670550422,3.47,1303.805447795197,FALSE,0,TRUE,TRUE,TRUE
hja2016_114,WS1-5,planktonic,2,522,87.9,559517.477676657,4895016.87362342,hja2016_195,HJA-2016_soil_14,1,soil_detected,2489,90,0.03615910004017678,2.68,6408.688144514996,FALSE,0,TRUE,TRUE,TRUE
hja2016_116,53,planktonic,3,78,280.7,568092.098996817,4898223.73199937,hja2016_195,HJA-2016_soil_14,1,soil_detected,2489,89,0.035757332261952594,3.11,2899.1283065446664,FALSE,0,TRUE,TRUE,TRUE
hja2016_119,56,planktonic,3,321,99.5,562839.3309741,4897811.75019367,hja2016_195,HJA-2016_soil_14,1,soil_detected,2489,166,0.06669345118521494,6.22,2370.0020705802326,FALSE,0,TRUE,TRUE,TRUE
hja2016_121,84,hyporheic,4,112,622.7,566447.171641521,4900685.6232752,hja2016_195,HJA-2016_soil_14,1,soil_detected,2489,37,0.014865407794294898,1.59,2984.3548609150585,FALSE,0,TRUE,TRUE,TRUE
hja2016_122,45,sediment,3,390,193.2,565977.192397151,4897892.74661664,hja2016_195,HJA-2016_soil_14,1,soil_detected,2489,351,0.14102049015668944,21.1,777.4334588146854,FALSE,0,TRUE,TRUE,TRUE
hja2016_125,56,sediment,3,321,99.5,562839.3309741,4897811.75019367,hja2016_195,HJA-2016_soil_14,1,soil_detected,2489,375,0.1506629168340699,22.3,2370.0020705802326,FALSE,0,TRUE,TRUE,TRUE
hja2016_164,260,sediment,4,23,866.1,566425.172613061,4897456.76587079,hja2016_195,HJA-2016_soil_14,1,soil_detected,2489,448,0.1799919646444355,21.63,1325.7645477769647,FALSE,0,TRUE,FALSE,FALSE
hja2016_166,57,sediment,4,131,1488.8,563668.294364702,4898599.71539487,hja2016_195,HJA-2016_soil_14,1,soil_detected,2489,270,0.10847730012053033,10.71,1658.6989893291154,FALSE,0,TRUE,TRUE,TRUE
hja2016_167,WS3-1,sediment,2,511,96.4,560508.433913191,4896516.80738205,hja2016_195,HJA-2016_soil_14,1,soil_detected,2489,664,0.26677380474085977,37.03,4915.933715278434,FALSE,0,TRUE,TRUE,TRUE
hja2016_169,WS3-2,sediment,2,511,95.7,560554.431881789,4896487.80866272,hja2016_195,HJA-2016_soil_14,1,soil_detected,2489,724,0.290879871434311,37.66,4880.761360251741,FALSE,0,TRUE,TRUE,TRUE
hja2016_170,WS3-3,sediment,2,511,93.4,560639.428128111,4896408.81215143,hja2016_195,HJA-2016_soil_14,1,soil_detected,2489,407,0.16351948573724387,17.15,4824.884578681192,FALSE,0,TRUE,TRUE,TRUE
hja2016_177,WS1-3,sediment,2,522,92.1,559404.482666841,4895069.8712829,hja2016_195,HJA-2016_soil_14,1,soil_detected,2489,509,0.20449979911611088,28.37,6485.263024078437,FALSE,0,TRUE,TRUE,TRUE
hja2016_179,WS1-5,sediment,2,522,87.9,559517.477676657,4895016.87362342,hja2016_195,HJA-2016_soil_14,1,soil_detected,2489,354,0.142225793491362,19.44,6408.688144514996,FALSE,0,TRUE,TRUE,TRUE
hja2016_180,WS1-6,sediment,2,522,82.7,559631.472642313,4894993.87463913,hja2016_195,HJA-2016_soil_14,1,soil_detected,2489,276,0.11088790678987545,11.37,6318.569793603454,FALSE,0,TRUE,TRUE,TRUE
hja2016_181,177,sediment,1,452,14.8,565808.199860345,4901620.58198475,hja2016_195,HJA-2016_soil_14,1,soil_detected,2489,447,0.17959019686621133,17.36,3697.7145517131607,FALSE,0,TRUE,TRUE,TRUE
hja2016_001,50,planktonic,5,41,4956.4,563054.321479503,4898132.73601802,hja2016_195,HJA-2016_soil_14,1,soil_enriched,1156,3,0.0025951557093425604,0.62,2155.5055668184013,TRUE,1,TRUE,TRUE,TRUE
hja2016_008,WS3-1,hyporheic,2,511,96.4,560508.433913191,4896516.80738205,hja2016_195,HJA-2016_soil_14,1,soil_enriched,1156,13,0.01124567474048443,1.4,4915.933715278434,FALSE,0,TRUE,TRUE,TRUE
hja2016_009,60,hyporheic,2,316,43.1,567391.129953618,4898693.71124374,hja2016_195,HJA-2016_soil_14,1,soil_enriched,1156,11,0.009515570934256055,0.88,2303.069925106986,FALSE,0,TRUE,FALSE,FALSE
hja2016_010,164,planktonic,3,502,60.8,560307.442789535,4895737.8417834,hja2016_195,HJA-2016_soil_14,1,soil_enriched,1156,0,0,0,5382.292554207376,FALSE,0,TRUE,TRUE,TRUE
hja2016_011,WS1-6,planktonic,2,522,82.7,559631.472642313,4894993.87463913,hja2016_195,HJA-2016_soil_14,1,soil_enriched,1156,17,0.014705882352941176,1.1,6318.569793603454,FALSE,0,TRUE,TRUE,TRUE
hja2016_013,WS1-4,planktonic,2,522,89.8,559453.480502956,4895042.87247524,hja2016_195,HJA-2016_soil_14,1,soil_enriched,1156,10,0.00865051903114187,0.96,6453.695923190305,FALSE,0,TRUE,TRUE,TRUE
hja2016_014,WS1-6,hyporheic,2,522,82.7,559631.472642313,4894993.87463913,hja2016_195,HJA-2016_soil_14,1,soil_enriched,1156,4,0.0034602076124567475,0.55,6318.569793603454,FALSE,0,TRUE,TRUE,TRUE
hja2016_015,47,hyporheic,4,134,1550.1,563254.31264732,4898130.73610634,hja2016_195,HJA-2016_soil_14,1,soil_enriched,1156,1,8.650519031141869e-4,0.47,1955.9608789176561,FALSE,0,TRUE,TRUE,TRUE
hja2016_016,74,hyporheic,2,373,70,565310.221852481,4897724.75403567,hja2016_195,HJA-2016_soil_14,1,soil_enriched,1156,2,0.0017301038062283738,0.21,269.68748844901444,FALSE,0,TRUE,TRUE,TRUE
hja2016_018,WS1-5,hyporheic,2,522,87.9,559517.477676657,4895016.87362342,hja2016_195,HJA-2016_soil_14,1,soil_enriched,1156,13,0.01124567474048443,0.63,6408.688144514996,FALSE,0,TRUE,TRUE,TRUE
hja2016_019,155,hyporheic,2,345,81.2,565811.199727862,4897652.75721525,hja2016_195,HJA-2016_soil_14,1,soil_enriched,1156,14,0.012110726643598616,2.66,686.3966609677049,FALSE,0,TRUE,FALSE,FALSE
hja2016_020,WS1-2,hyporheic,2,522,93.6,559354.484874886,4895103.86978142,hja2016_195,HJA-2016_soil_14,1,soil_enriched,1156,30,0.025951557093425604,1.67,6514.969636914479,FALSE,0,TRUE,TRUE,TRUE
hja2016_021,156,hyporheic,5,24,2575.9,566141.185154761,4897558.76136638,hja2016_195,HJA-2016_soil_14,1,soil_enriched,1156,6,0.005190311418685121,0.99,1024.6030457100446,FALSE,0,TRUE,TRUE,TRUE
hja2016_027,WS3-6,planktonic,2,510,78.4,560819.420179147,4896235.81979127,hja2016_195,HJA-2016_soil_14,1,soil_enriched,1156,6,0.005190311418685121,0.6,4715.903957517875,FALSE,0,TRUE,TRUE,TRUE
hja2016_065,68,hyporheic,5,30,3032.2,565145.229139031,4897899.74630751,hja2016_195,HJA-2016_soil_14,1,soil_enriched,1156,21,0.018166089965397925,1.95,93.51063876397282,FALSE,0.3703703703703703,FALSE,TRUE,FALSE
hja2016_066,49,hyporheic,5,40,3399.1,563281.311454976,4898046.73981585,hja2016_195,HJA-2016_soil_14,1,soil_enriched,1156,26,0.02249134948096886,1.71,1923.9874606362598,TRUE,1,TRUE,TRUE,TRUE
hja2016_070,56,hyporheic,3,321,99.5,562839.3309741,4897811.75019367,hja2016_195,HJA-2016_soil_14,1,soil_enriched,1156,11,0.009515570934256055,1.11,2370.0020705802326,FALSE,0,TRUE,TRUE,TRUE
hja2016_071,164,hyporheic,3,502,60.8,560307.442789535,4895737.8417834,hja2016_195,HJA-2016_soil_14,1,soil_enriched,1156,22,0.01903114186851211,1.25,5382.292554207376,FALSE,0,TRUE,TRUE,TRUE
hja2016_075,260,hyporheic,4,23,866.1,566425.172613061,4897456.76587079,hja2016_195,HJA-2016_soil_14,1,soil_enriched,1156,8,0.006920415224913495,1.33,1325.7645477769647,FALSE,0,TRUE,FALSE,FALSE
hja2016_078,CC-1,hyporheic,2,183,64,569956.016680872,4897740.75332909,hja2016_195,HJA-2016_soil_14,1,soil_enriched,1156,8,0.006920415224913495,1.24,4757.798898140008,FALSE,0,TRUE,TRUE,TRUE
hja2016_079,64,hyporheic,2,163,33.5,570527.99142083,4895508.85189625,hja2016_195,HJA-2016_soil_14,1,soil_enriched,1156,28,0.02422145328719723,2.13,5866.537268008727,FALSE,0,TRUE,FALSE,FALSE
hja2016_084,177,hyporheic,1,452,14.8,565808.199860345,4901620.58198475,hja2016_195,HJA-2016_soil_14,1,soil_enriched,1156,14,0.012110726643598616,1.26,3697.7145517131607,FALSE,0,TRUE,TRUE,TRUE
hja2016_127,60,sediment,2,316,43.1,567391.129953618,4898693.71124374,hja2016_195,HJA-2016_soil_14,1,soil_enriched,1156,73,0.06314878892733564,2.04,2303.069925106986,FALSE,0,TRUE,FALSE,FALSE
hja2016_129,72,sediment,4,16,568.3,566542.167446234,4896499.80813279,hja2016_195,HJA-2016_soil_14,1,soil_enriched,1156,147,0.12716262975778547,5.38,1990.0038343390268,FALSE,0,TRUE,TRUE,TRUE
hja2016_131,74,sediment,2,373,70,565310.221852481,4897724.75403567,hja2016_195,HJA-2016_soil_14,1,soil_enriched,1156,164,0.14186851211072665,5.48,269.68748844901444,FALSE,0,TRUE,TRUE,TRUE
hja2016_132,84,sediment,4,112,622.7,566447.171641521,4900685.6232752,hja2016_195,HJA-2016_soil_14,1,soil_enriched,1156,193,0.16695501730103807,4.91,2984.3548609150585,FALSE,0,TRUE,TRUE,TRUE
hja2016_133,161,sediment,5,51,5699.1,561109.407372482,4897170.77850081,hja2016_195,HJA-2016_soil_14,1,soil_enriched,1156,305,0.263840830449827,14.01,4172.23125147289,TRUE,1,TRUE,TRUE,TRUE
hja2016_135,169,sediment,2,144,53.5,568641.074752475,4902527.5419308,hja2016_195,HJA-2016_soil_14,1,soil_enriched,1156,172,0.14878892733564014,5.37,5706.312994503374,FALSE,0,TRUE,TRUE,TRUE
hja2016_136,190,sediment,1,546,14.2,564169.272240084,4897881.7471024,hja2016_195,HJA-2016_soil_14,1,soil_enriched,1156,130,0.11245674740484429,3.59,1038.5773140099457,FALSE,0,TRUE,FALSE,FALSE
hja2016_139,CC-2,sediment,2,183,63.6,569992.01509108,4897760.75244588,hja2016_195,HJA-2016_soil_14,1,soil_enriched,1156,174,0.15051903114186851,5.87,4792.829312715031,FALSE,0,TRUE,TRUE,TRUE
hja2016_140,CC-3,sediment,2,183,63,570038.013059678,4897795.75090024,hja2016_195,HJA-2016_soil_14,1,soil_enriched,1156,127,0.10986159169550173,3.57,4837.376955849646,FALSE,0,TRUE,TRUE,TRUE
hja2016_141,CC-4,sediment,2,183,58.5,570162.007583724,4897831.74931045,hja2016_195,HJA-2016_soil_14,1,soil_enriched,1156,136,0.11764705882352941,4.18,4960.138052298477,FALSE,0,TRUE,TRUE,TRUE
hja2016_142,KC-1,sediment,3,362,114.7,562012.367495176,4896802.79475203,hja2016_195,HJA-2016_soil_14,1,soil_enriched,1156,116,0.10034602076124567,3.33,3399.1314788393493,FALSE,0,TRUE,TRUE,TRUE
hja2016_144,KC-3,sediment,3,362,114,562000.368025107,4896680.80013966,hja2016_195,HJA-2016_soil_14,1,soil_enriched,1156,95,0.08217993079584775,3.29,3454.146857014791,FALSE,0,TRUE,TRUE,TRUE
hja2016_145,155,sediment,2,345,81.2,565811.199727862,4897652.75721525,hja2016_195,HJA-2016_soil_14,1,soil_enriched,1156,157,0.13581314878892733,5.18,686.3966609677049,FALSE,0,TRUE,FALSE,FALSE
hja2016_146,156,sediment,5,24,2575.9,566141.185154761,4897558.76136638,hja2016_195,HJA-2016_soil_14,1,soil_enriched,1156,103,0.08910034602076125,2.6,1024.6030457100446,FALSE,0,TRUE,TRUE,TRUE
hja2016_147,163,sediment,5,63,6126.6,559726.468447026,4896111.82526722,hja2016_195,HJA-2016_soil_14,1,soil_enriched,1156,334,0.2889273356401384,13.91,5784.837925553817,TRUE,1,TRUE,TRUE,TRUE
hja2016_148,165,sediment,2,494,27.9,564789.244860317,4900155.64668049,hja2016_195,HJA-2016_soil_14,1,soil_enriched,1156,183,0.1583044982698962,6.21,2222.0866581185287,FALSE,0,TRUE,FALSE,FALSE
hja2016_150,53,sediment,3,78,280.7,568092.098996817,4898223.73199937,hja2016_195,HJA-2016_soil_14,1,soil_enriched,1156,121,0.1046712802768166,3.19,2899.1283065446664,FALSE,0,TRUE,TRUE,TRUE
hja2016_151,64,sediment,2,163,33.5,570527.99142083,4895508.85189625,hja2016_195,HJA-2016_soil_14,1,soil_enriched,1156,383,0.3313148788927336,12.74,5866.537268008727,FALSE,0,TRUE,FALSE,FALSE
hja2016_152,66,sediment,4,79,1360.7,567970.104384448,4898153.73509064,hja2016_195,HJA-2016_soil_14,1,soil_enriched,1156,121,0.1046712802768166,2.51,2772.160049302084,FALSE,0,TRUE,TRUE,TRUE
hja2016_155,82,sediment,2,536,36.6,564452.259742545,4899854.65997292,hja2016_195,HJA-2016_soil_14,1,soil_enriched,1156,180,0.15570934256055363,6.1,2026.6032981385986,FALSE,0,TRUE,TRUE,TRUE
hja2016_157,43,sediment,1,538,7.8,567346.131940859,4898257.7304979,hja2016_195,HJA-2016_soil_14,1,soil_enriched,1156,121,0.1046712802768166,2.79,2161.1563034710957,FALSE,0,TRUE,FALSE,FALSE
hja2016_159,49,sediment,5,40,3399.1,563281.311454976,4898046.73981585,hja2016_195,HJA-2016_soil_14,1,soil_enriched,1156,107,0.092560553633218,2.89,1923.9874606362598,TRUE,1,TRUE,TRUE,TRUE
hja2016_160,50,sediment,5,41,4956.4,563054.321479503,4898132.73601802,hja2016_195,HJA-2016_soil_14,1,soil_enriched,1156,58,0.050173010380622836,1.14,2155.5055668184013,TRUE,1,TRUE,TRUE,TRUE
hja2016_031,161,hyporheic,5,51,5699.1,561109.407372482,4897170.77850081,hja2016_195,HJA-2016_soil_14,1,soil_enriched,1156,4,0.0034602076124567475,0.71,4172.23125147289,TRUE,1,TRUE,TRUE,TRUE
hja2016_032,54,hyporheic,3,363,207.7,561802.376768968,4897363.76997776,hja2016_195,HJA-2016_soil_14,1,soil_enriched,1156,9,0.007785467128027681,1.11,3455.5474714962434,FALSE,0,TRUE,TRUE,TRUE
hja2016_035,192,hyporheic,2,542,28.5,564620.252323511,4897836.74908965,hja2016_195,HJA-2016_soil_14,1,soil_enriched,1156,7,0.006055363321799308,1.19,599.2164940053516,FALSE,0,TRUE,TRUE,TRUE
hja2016_037,43,hyporheic,1,538,7.8,567346.131940859,4898257.7304979,hja2016_195,HJA-2016_soil_14,1,soil_enriched,1156,0,0,0,2161.1563034710957,FALSE,0,TRUE,FALSE,FALSE
hja2016_042,165,planktonic,2,494,27.9,564789.244860317,4900155.64668049,hja2016_195,HJA-2016_soil_14,1,soil_enriched,1156,1,8.650519031141869e-4,0.07,2222.0866581185287,FALSE,0,TRUE,FALSE,FALSE
hja2016_043,KC-2,hyporheic,3,362,114.2,561999.368069268,4896735.79771081,hja2016_195,HJA-2016_soil_14,1,soil_enriched,1156,7,0.006055363321799308,1.21,3434.8905129163436,FALSE,0,TRUE,TRUE,TRUE
hja2016_049,67,planktonic,4,83,1558.1,567119.141965387,4897968.74326041,hja2016_195,HJA-2016_soil_14,1,soil_enriched,1156,2,0.0017301038062283738,0.06,1915.2764584802298,FALSE,0,TRUE,TRUE,TRUE
hja2016_050,165,hyporheic,2,494,27.9,564789.244860317,4900155.64668049,hja2016_195,HJA-2016_soil_14,1,soil_enriched,1156,19,0.01643598615916955,1.45,2222.0866581185287,FALSE,0,TRUE,FALSE,FALSE
hja2016_052,163,hyporheic,5,63,6126.6,559726.468447026,4896111.82526722,hja2016_195,HJA-2016_soil_14,1,soil_enriched,1156,19,0.01643598615916955,1.06,5784.837925553817,TRUE,1,TRUE,TRUE,TRUE
hja2016_056,KC-1,hyporheic,3,362,114.7,562012.367495176,4896802.79475203,hja2016_195,HJA-2016_soil_14,1,soil_enriched,1156,18,0.015570934256055362,0.98,3399.1314788393493,FALSE,0,TRUE,TRUE,TRUE
hja2016_057,71,hyporheic,3,556,101.7,562662.338790582,4897988.74237719,hja2016_195,HJA-2016_soil_14,1,soil_enriched,1156,2,0.0017301038062283738,0.62,2541.5819250969857,FALSE,0,TRUE,TRUE,TRUE
hja2016_059,KC-2,planktonic,3,362,114.2,561999.368069268,4896735.79771081,hja2016_195,HJA-2016_soil_14,1,soil_enriched,1156,26,0.02249134948096886,1.68,3434.8905129163436,FALSE,0,TRUE,TRUE,TRUE
hja2016_062,WS3-3,hyporheic,2,511,93.4,560639.428128111,4896408.81215143,hja2016_195,HJA-2016_soil_14,1,soil_enriched,1156,20,0.01730103806228374,1.3,4824.884578681192,FALSE,0,TRUE,TRUE,TRUE
hja2016_064,WS3-4,planktonic,2,510,81.3,560692.425787583,4896348.81480109,hja2016_195,HJA-2016_soil_14,1,soil_enriched,1156,10,0.00865051903114187,1.19,4794.7632637385395,FALSE,0,TRUE,TRUE,TRUE
hja2016_099,162,planktonic,5,66,6208.4,559348.485139852,4895468.85366269,hja2016_195,HJA-2016_soil_14,1,soil_enriched,1156,18,0.015570934256055362,0.5,6368.217807202587,TRUE,1,TRUE,TRUE,TRUE
hja2016_100,64,planktonic,2,163,33.5,570527.99142083,4895508.85189625,hja2016_195,HJA-2016_soil_14,1,soil_enriched,1156,14,0.012110726643598616,0.29,5866.537268008727,FALSE,0,TRUE,FALSE,FALSE
hja2016_101,58,planktonic,3,385,67.2,566998.147308857,4898497.71989928,hja2016_195,HJA-2016_soil_14,1,soil_enriched,1156,18,0.015570934256055362,0.32,1869.54523243127,FALSE,0,TRUE,TRUE,TRUE
hja2016_102,73,hyporheic,2,255,137,566310.177691566,4896786.79545861,hja2016_195,HJA-2016_soil_14,1,soil_enriched,1156,20,0.01730103806228374,0.48,1621.7325316129654,FALSE,0,TRUE,TRUE,TRUE
hja2016_103,260,planktonic,4,23,866.1,566425.172613061,4897456.76587079,hja2016_195,HJA-2016_soil_14,1,soil_enriched,1156,55,0.04757785467128028,1.14,1325.7645477769647,FALSE,0,TRUE,FALSE,FALSE
hja2016_105,178,planktonic,2,411,19.9,566185.18321168,4901793.57434491,hja2016_195,HJA-2016_soil_14,1,soil_enriched,1156,23,0.019896193771626297,0.64,3944.9881862003795,FALSE,0,TRUE,TRUE,TRUE
hja2016_106,170,planktonic,2,229,49.4,570659.985591589,4896908.79007097,hja2016_195,HJA-2016_soil_14,1,soil_enriched,1156,10,0.00865051903114187,0.13,5558.854672371676,FALSE,0,TRUE,FALSE,FALSE
hja2016_107,57,hyporheic,4,131,1488.8,563668.294364702,4898599.71539487,hja2016_195,HJA-2016_soil_14,1,soil_enriched,1156,25,0.02162629757785467,0.53,1658.6989893291154,FALSE,0,TRUE,TRUE,TRUE
hja2016_109,169,planktonic,2,144,53.5,568641.074752475,4902527.5419308,hja2016_195,HJA-2016_soil_14,1,soil_enriched,1156,14,0.012110726643598616,0.61,5706.312994503374,FALSE,0,TRUE,TRUE,TRUE
hja2016_110,76,hyporheic,3,150,303.5,570464.994202967,4896947.7883487,hja2016_195,HJA-2016_soil_14,1,soil_enriched,1156,14,0.012110726643598616,0.44,5360.004107050124,FALSE,0,TRUE,TRUE,TRUE
hja2016_111,160,planktonic,5,24,2569.5,566416.173010509,4897492.764281,hja2016_195,HJA-2016_soil_14,1,soil_enriched,1156,24,0.020761245674740483,0.6,1303.805447795197,FALSE,0,TRUE,TRUE,TRUE
hja2016_114,WS1-5,planktonic,2,522,87.9,559517.477676657,4895016.87362342,hja2016_195,HJA-2016_soil_14,1,soil_enriched,1156,27,0.023356401384083045,0.47,6408.688144514996,FALSE,0,TRUE,TRUE,TRUE
hja2016_116,53,planktonic,3,78,280.7,568092.098996817,4898223.73199937,hja2016_195,HJA-2016_soil_14,1,soil_enriched,1156,30,0.025951557093425604,0.67,2899.1283065446664,FALSE,0,TRUE,TRUE,TRUE
hja2016_119,56,planktonic,3,321,99.5,562839.3309741,4897811.75019367,hja2016_195,HJA-2016_soil_14,1,soil_enriched,1156,55,0.04757785467128028,1.28,2370.0020705802326,FALSE,0,TRUE,TRUE,TRUE
hja2016_121,84,hyporheic,4,112,622.7,566447.171641521,4900685.6232752,hja2016_195,HJA-2016_soil_14,1,soil_enriched,1156,8,0.006920415224913495,0.11,2984.3548609150585,FALSE,0,TRUE,TRUE,TRUE
hja2016_122,45,sediment,3,390,193.2,565977.192397151,4897892.74661664,hja2016_195,HJA-2016_soil_14,1,soil_enriched,1156,116,0.10034602076124567,3.02,777.4334588146854,FALSE,0,TRUE,TRUE,TRUE
hja2016_125,56,sediment,3,321,99.5,562839.3309741,4897811.75019367,hja2016_195,HJA-2016_soil_14,1,soil_enriched,1156,128,0.11072664359861592,3.52,2370.0020705802326,FALSE,0,TRUE,TRUE,TRUE
hja2016_164,260,sediment,4,23,866.1,566425.172613061,4897456.76587079,hja2016_195,HJA-2016_soil_14,1,soil_enriched,1156,179,0.15484429065743946,4.38,1325.7645477769647,FALSE,0,TRUE,FALSE,FALSE
hja2016_166,57,sediment,4,131,1488.8,563668.294364702,4898599.71539487,hja2016_195,HJA-2016_soil_14,1,soil_enriched,1156,78,0.06747404844290658,1.57,1658.6989893291154,FALSE,0,TRUE,TRUE,TRUE
hja2016_167,WS3-1,sediment,2,511,96.4,560508.433913191,4896516.80738205,hja2016_195,HJA-2016_soil_14,1,soil_enriched,1156,324,0.28027681660899656,14.31,4915.933715278434,FALSE,0,TRUE,TRUE,TRUE
hja2016_169,WS3-2,sediment,2,511,95.7,560554.431881789,4896487.80866272,hja2016_195,HJA-2016_soil_14,1,soil_enriched,1156,360,0.31141868512110726,14.57,4880.761360251741,FALSE,0,TRUE,TRUE,TRUE
hja2016_170,WS3-3,sediment,2,511,93.4,560639.428128111,4896408.81215143,hja2016_195,HJA-2016_soil_14,1,soil_enriched,1156,154,0.13321799307958476,3.87,4824.884578681192,FALSE,0,TRUE,TRUE,TRUE
hja2016_177,WS1-3,sediment,2,522,92.1,559404.482666841,4895069.8712829,hja2016_195,HJA-2016_soil_14,1,soil_enriched,1156,182,0.157439446366782,5.5,6485.263024078437,FALSE,0,TRUE,TRUE,TRUE
hja2016_179,WS1-5,sediment,2,522,87.9,559517.477676657,4895016.87362342,hja2016_195,HJA-2016_soil_14,1,soil_enriched,1156,118,0.10207612456747404,3.32,6408.688144514996,FALSE,0,TRUE,TRUE,TRUE
hja2016_180,WS1-6,sediment,2,522,82.7,559631.472642313,4894993.87463913,hja2016_195,HJA-2016_soil_14,1,soil_enriched,1156,72,0.06228373702422145,1.49,6318.569793603454,FALSE,0,TRUE,TRUE,TRUE
hja2016_181,177,sediment,1,452,14.8,565808.199860345,4901620.58198475,hja2016_195,HJA-2016_soil_14,1,soil_enriched,1156,172,0.14878892733564014,3.87,3697.7145517131607,FALSE,0,TRUE,TRUE,TRUE
hja2016_001,50,planktonic,5,41,4956.4,563054.321479503,4898132.73601802,hja2016_196,HJA-2016_soil_16,1,soil_detected,4181,60,0.014350633819660369,15,2738.6780114059197,FALSE,0,TRUE,TRUE,TRUE
hja2016_008,WS3-1,hyporheic,2,511,96.4,560508.433913191,4896516.80738205,hja2016_196,HJA-2016_soil_16,1,soil_detected,4181,189,0.04520449653193016,30.46,386.2316397379532,FALSE,0,TRUE,TRUE,TRUE
hja2016_009,60,hyporheic,2,316,43.1,567391.129953618,4898693.71124374,hja2016_196,HJA-2016_soil_16,1,soil_detected,4181,150,0.03587658454915092,27.23,7012.760859620901,FALSE,0,TRUE,FALSE,FALSE
hja2016_010,164,planktonic,3,502,60.8,560307.442789535,4895737.8417834,hja2016_196,HJA-2016_soil_16,1,soil_detected,4181,42,0.010045443673762257,14.62,1190.6180363670742,FALSE,0,TRUE,TRUE,TRUE
hja2016_011,WS1-6,planktonic,2,522,82.7,559631.472642313,4894993.87463913,hja2016_196,HJA-2016_soil_16,1,soil_detected,4181,333,0.07964601769911504,29.03,2134.2541783474235,FALSE,0,TRUE,TRUE,TRUE
hja2016_013,WS1-4,planktonic,2,522,89.8,559453.480502956,4895042.87247524,hja2016_196,HJA-2016_soil_16,1,soil_detected,4181,171,0.04089930638603205,20.42,2180.263113241147,FALSE,0,TRUE,TRUE,TRUE
hja2016_014,WS1-6,hyporheic,2,522,82.7,559631.472642313,4894993.87463913,hja2016_196,HJA-2016_soil_16,1,soil_detected,4181,126,0.030136331021286773,20.73,2134.2541783474235,FALSE,0,TRUE,TRUE,TRUE
hja2016_015,47,hyporheic,4,134,1550.1,563254.31264732,4898130.73610634,hja2016_196,HJA-2016_soil_16,1,soil_detected,4181,96,0.02296101411145659,22.67,2917.3863799096735,FALSE,0,TRUE,TRUE,TRUE
hja2016_016,74,hyporheic,2,373,70,565310.221852481,4897724.75403567,hja2016_196,HJA-2016_soil_16,1,soil_detected,4181,48,0.011480507055728294,7.68,4769.374571735653,FALSE,0,TRUE,TRUE,TRUE
hja2016_018,WS1-5,hyporheic,2,522,87.9,559517.477676657,4895016.87362342,hja2016_196,HJA-2016_soil_16,1,soil_detected,4181,192,0.04592202822291318,11.77,2169.2449637815093,FALSE,0,TRUE,TRUE,TRUE
hja2016_019,155,hyporheic,2,345,81.2,565811.199727862,4897652.75721525,hja2016_196,HJA-2016_soil_16,1,soil_detected,4181,185,0.04424778761061947,30.61,5252.354196489572,FALSE,0,TRUE,FALSE,FALSE
hja2016_020,WS1-2,hyporheic,2,522,93.6,559354.484874886,4895103.86978142,hja2016_196,HJA-2016_soil_16,1,soil_detected,4181,339,0.08108108108108109,26.19,2184.4660209961244,FALSE,0,TRUE,TRUE,TRUE
hja2016_021,156,hyporheic,5,24,2575.9,566141.185154761,4897558.76136638,hja2016_196,HJA-2016_soil_16,1,soil_detected,4181,89,0.02128677349916288,21.98,5566.9265511126805,FALSE,0,TRUE,TRUE,TRUE
hja2016_027,WS3-6,planktonic,2,510,78.4,560819.420179147,4896235.81979127,hja2016_196,HJA-2016_soil_16,1,soil_detected,4181,161,0.03850753408275532,20.03,683.6233408177475,FALSE,0,TRUE,TRUE,TRUE
hja2016_065,68,hyporheic,5,30,3032.2,565145.229139031,4897899.74630751,hja2016_196,HJA-2016_soil_16,1,soil_detected,4181,240,0.057402535278641476,29.38,4642.001103908723,FALSE,0,TRUE,TRUE,TRUE
hja2016_066,49,hyporheic,5,40,3399.1,563281.311454976,4898046.73981585,hja2016_196,HJA-2016_soil_16,1,soil_detected,4181,243,0.05812006696962449,21.28,2907.353021932177,FALSE,0,TRUE,TRUE,TRUE
hja2016_070,56,hyporheic,3,321,99.5,562839.3309741,4897811.75019367,hja2016_196,HJA-2016_soil_16,1,soil_detected,4181,105,0.025113609184405646,14.36,2408.6603417304236,FALSE,0,TRUE,TRUE,TRUE
hja2016_071,164,hyporheic,3,502,60.8,560307.442789535,4895737.8417834,hja2016_196,HJA-2016_soil_16,1,soil_detected,4181,342,0.0817986127720641,27.61,1190.6180363670742,FALSE,0,TRUE,TRUE,TRUE
hja2016_075,260,hyporheic,4,23,866.1,566425.172613061,4897456.76587079,hja2016_196,HJA-2016_soil_16,1,soil_detected,4181,184,0.044008610380291795,31.1,5838.1299001296375,FALSE,0,TRUE,FALSE,FALSE
hja2016_078,CC-1,hyporheic,2,183,64,569956.016680872,4897740.75332909,hja2016_196,HJA-2016_soil_16,1,soil_detected,4181,171,0.04089930638603205,24.33,9380.046197451158,FALSE,0,TRUE,TRUE,TRUE
hja2016_079,64,hyporheic,2,163,33.5,570527.99142083,4895508.85189625,hja2016_196,HJA-2016_soil_16,1,soil_detected,4181,209,0.04998804113848362,23.48,10008.677094750621,FALSE,0,TRUE,FALSE,FALSE
hja2016_084,177,hyporheic,1,452,14.8,565808.199860345,4901620.58198475,hja2016_196,HJA-2016_soil_16,1,soil_detected,4181,139,0.03324563501554652,22.38,7026.2165905937445,FALSE,0,TRUE,TRUE,TRUE
hja2016_127,60,sediment,2,316,43.1,567391.129953618,4898693.71124374,hja2016_196,HJA-2016_soil_16,1,soil_detected,4181,952,0.2276967232719445,50.18,7012.760859620901,FALSE,0,TRUE,FALSE,FALSE
hja2016_129,72,sediment,4,16,568.3,566542.167446234,4896499.80813279,hja2016_196,HJA-2016_soil_16,1,soil_detected,4181,984,0.23535039464243004,49.54,5940.068161278948,FALSE,0,TRUE,TRUE,TRUE
hja2016_131,74,sediment,2,373,70,565310.221852481,4897724.75403567,hja2016_196,HJA-2016_soil_16,1,soil_detected,4181,1071,0.25615881368093757,48.55,4769.374571735653,FALSE,0,TRUE,TRUE,TRUE
hja2016_132,84,sediment,4,112,622.7,566447.171641521,4900685.6232752,hja2016_196,HJA-2016_soil_16,1,soil_detected,4181,1162,0.2779239416407558,55.63,6959.717938076398,FALSE,0,TRUE,TRUE,TRUE
hja2016_133,161,sediment,5,51,5699.1,561109.407372482,4897170.77850081,hja2016_196,HJA-2016_soil_16,1,soil_detected,4181,1119,0.26763932073666585,59.63,569.6823872868616,FALSE,0,TRUE,TRUE,TRUE
hja2016_135,169,sediment,2,144,53.5,568641.074752475,4902527.5419308,hja2016_196,HJA-2016_soil_16,1,soil_detected,4181,1075,0.2571155226022483,59.41,9809.398325968828,FALSE,0,TRUE,TRUE,TRUE
hja2016_136,190,sediment,1,546,14.2,564169.272240084,4897881.7471024,hja2016_196,HJA-2016_soil_16,1,soil_detected,4181,903,0.21597703898588855,49.18,3690.741559224264,FALSE,0,TRUE,FALSE,FALSE
hja2016_139,CC-2,sediment,2,183,63.6,569992.01509108,4897760.75244588,hja2016_196,HJA-2016_soil_16,1,soil_detected,4181,1152,0.2755321693374791,54.78,9417.728210217858,FALSE,0,TRUE,TRUE,TRUE
hja2016_140,CC-3,sediment,2,183,63,570038.013059678,4897795.75090024,hja2016_196,HJA-2016_soil_16,1,soil_detected,4181,932,0.22291317866539107,49.57,9466.820661898211,FALSE,0,TRUE,TRUE,TRUE
hja2016_141,CC-4,sediment,2,183,58.5,570162.007583724,4897831.74931045,hja2016_196,HJA-2016_soil_16,1,soil_detected,4181,897,0.21454197560392252,50.6,9593.725261161992,FALSE,0,TRUE,TRUE,TRUE
hja2016_142,KC-1,sediment,3,362,114.7,562012.367495176,4896802.79475203,hja2016_196,HJA-2016_soil_16,1,soil_detected,4181,849,0.2030614685481942,44.09,1400.1646650312857,FALSE,0,TRUE,TRUE,TRUE
hja2016_144,KC-3,sediment,3,362,114,562000.368025107,4896680.80013966,hja2016_196,HJA-2016_soil_16,1,soil_detected,4181,789,0.18871083472853384,44.58,1400.9860674355689,FALSE,0,TRUE,TRUE,TRUE
hja2016_145,155,sediment,2,345,81.2,565811.199727862,4897652.75721525,hja2016_196,HJA-2016_soil_16,1,soil_detected,4181,1037,0.2480267878497967,50.06,5252.354196489572,FALSE,0,TRUE,FALSE,FALSE
hja2016_146,156,sediment,5,24,2575.9,566141.185154761,4897558.76136638,hja2016_196,HJA-2016_soil_16,1,soil_detected,4181,850,0.2033006457785219,47.35,5566.9265511126805,FALSE,0,TRUE,TRUE,TRUE
hja2016_147,163,sediment,5,63,6126.6,559726.468447026,4896111.82526722,hja2016_196,HJA-2016_soil_16,1,soil_detected,4181,1192,0.285099258550586,59.57,1179.723230621148,TRUE,1,TRUE,TRUE,TRUE
hja2016_148,165,sediment,2,494,27.9,564789.244860317,4900155.64668049,hja2016_196,HJA-2016_soil_16,1,soil_detected,4181,1165,0.27864147333173883,56.42,5301.207345181816,FALSE,0,TRUE,FALSE,FALSE
hja2016_150,53,sediment,3,78,280.7,568092.098996817,4898223.73199937,hja2016_196,HJA-2016_soil_16,1,soil_detected,4181,964,0.2305668500358766,50.39,7595.646474099408,FALSE,0,TRUE,TRUE,TRUE
hja2016_151,64,sediment,2,163,33.5,570527.99142083,4895508.85189625,hja2016_196,HJA-2016_soil_16,1,soil_detected,4181,1294,0.3094953360440086,54.21,10008.677094750621,FALSE,0,TRUE,FALSE,FALSE
hja2016_152,66,sediment,4,79,1360.7,567970.104384448,4898153.73509064,hja2016_196,HJA-2016_soil_16,1,soil_detected,4181,894,0.21382444391293948,45.43,7463.3952313087275,FALSE,0,TRUE,TRUE,TRUE
hja2016_155,82,sediment,2,536,36.6,564452.259742545,4899854.65997292,hja2016_196,HJA-2016_soil_16,1,soil_detected,4181,1153,0.2757713465678067,54.2,4850.415225517794,FALSE,0,TRUE,TRUE,TRUE
hja2016_157,43,sediment,1,538,7.8,567346.131940859,4898257.7304979,hja2016_196,HJA-2016_soil_16,1,soil_detected,4181,1032,0.24683090169815833,54.69,6869.254359936313,FALSE,0,TRUE,FALSE,FALSE
hja2016_159,49,sediment,5,40,3399.1,563281.311454976,4898046.73981585,hja2016_196,HJA-2016_soil_16,1,soil_detected,4181,967,0.2312843817268596,52.9,2907.353021932177,FALSE,0,TRUE,TRUE,TRUE
hja2016_160,50,sediment,5,41,4956.4,563054.321479503,4898132.73601802,hja2016_196,HJA-2016_soil_16,1,soil_detected,4181,790,0.18895001195886152,45.55,2738.6780114059197,FALSE,0,TRUE,TRUE,TRUE
hja2016_031,161,hyporheic,5,51,5699.1,561109.407372482,4897170.77850081,hja2016_196,HJA-2016_soil_16,1,soil_detected,4181,51,0.012198038746711314,18.18,569.6823872868616,FALSE,0,TRUE,TRUE,TRUE
hja2016_032,54,hyporheic,3,363,207.7,561802.376768968,4897363.76997776,hja2016_196,HJA-2016_soil_16,1,soil_detected,4181,90,0.021525950729490553,22.18,1279.2921005908163,FALSE,0,TRUE,TRUE,TRUE
hja2016_035,192,hyporheic,2,542,28.5,564620.252323511,4897836.74908965,hja2016_196,HJA-2016_soil_16,1,soil_detected,4181,85,0.020330064577852188,16.25,4116.253856475994,FALSE,0,TRUE,TRUE,TRUE
hja2016_037,43,hyporheic,1,538,7.8,567346.131940859,4898257.7304979,hja2016_196,HJA-2016_soil_16,1,soil_detected,4181,72,0.017220760583592443,20.02,6869.254359936313,FALSE,0,TRUE,FALSE,FALSE
hja2016_042,165,planktonic,2,494,27.9,564789.244860317,4900155.64668049,hja2016_196,HJA-2016_soil_16,1,soil_detected,4181,45,0.010762975364745277,10.56,5301.207345181816,FALSE,0,TRUE,FALSE,FALSE
hja2016_043,KC-2,hyporheic,3,362,114.2,561999.368069268,4896735.79771081,hja2016_196,HJA-2016_soil_16,1,soil_detected,4181,121,0.028940444869648408,31.36,1392.9157922162822,FALSE,0,TRUE,TRUE,TRUE
hja2016_049,67,planktonic,4,83,1558.1,567119.141965387,4897968.74326041,hja2016_196,HJA-2016_soil_16,1,soil_detected,4181,35,0.008371203061468548,14.99,6593.496474796202,FALSE,0,TRUE,TRUE,TRUE
hja2016_050,165,hyporheic,2,494,27.9,564789.244860317,4900155.64668049,hja2016_196,HJA-2016_soil_16,1,soil_detected,4181,219,0.05237981344176035,24.18,5301.207345181816,FALSE,0,TRUE,FALSE,FALSE
hja2016_052,163,hyporheic,5,63,6126.6,559726.468447026,4896111.82526722,hja2016_196,HJA-2016_soil_16,1,soil_detected,4181,222,0.05309734513274336,21.92,1179.723230621148,TRUE,1,TRUE,TRUE,TRUE
hja2016_056,KC-1,hyporheic,3,362,114.7,562012.367495176,4896802.79475203,hja2016_196,HJA-2016_soil_16,1,soil_detected,4181,222,0.05309734513274336,16.79,1400.1646650312857,FALSE,0,TRUE,TRUE,TRUE
hja2016_057,71,hyporheic,3,556,101.7,562662.338790582,4897988.74237719,hja2016_196,HJA-2016_soil_16,1,soil_detected,4181,73,0.017459937813920114,13.27,2324.6088036368874,FALSE,0,TRUE,TRUE,TRUE
hja2016_059,KC-2,planktonic,3,362,114.2,561999.368069268,4896735.79771081,hja2016_196,HJA-2016_soil_16,1,soil_detected,4181,261,0.0624252571155226,28.55,1392.9157922162822,FALSE,0,TRUE,TRUE,TRUE
hja2016_062,WS3-3,hyporheic,2,511,93.4,560639.428128111,4896408.81215143,hja2016_196,HJA-2016_soil_16,1,soil_detected,4181,301,0.07199234632862951,19.34,479.92276293224097,FALSE,0,TRUE,TRUE,TRUE
hja2016_064,WS3-4,planktonic,2,510,81.3,560692.425787583,4896348.81480109,hja2016_196,HJA-2016_soil_16,1,soil_detected,4181,140,0.03348481224587419,25.2,544.8455444412544,FALSE,0,TRUE,TRUE,TRUE
hja2016_099,162,planktonic,5,66,6208.4,559348.485139852,4895468.85366269,hja2016_196,HJA-2016_soil_16,1,soil_detected,4181,131,0.031332217172925135,4.25,1902.0598347928849,TRUE,1,TRUE,TRUE,TRUE
hja2016_100,64,planktonic,2,163,33.5,570527.99142083,4895508.85189625,hja2016_196,HJA-2016_soil_16,1,soil_detected,4181,84,0.020090887347524514,2.44,10008.677094750621,FALSE,0,TRUE,FALSE,FALSE
hja2016_101,58,planktonic,3,385,67.2,566998.147308857,4898497.71989928,hja2016_196,HJA-2016_soil_16,1,soil_detected,4181,144,0.03444152116718489,4.76,6583.155673272899,FALSE,0,TRUE,TRUE,TRUE
hja2016_102,73,hyporheic,2,255,137,566310.177691566,4896786.79545861,hja2016_196,HJA-2016_soil_16,1,soil_detected,4181,126,0.030136331021286773,4.03,5696.274596264111,FALSE,0,TRUE,TRUE,TRUE
hja2016_103,260,planktonic,4,23,866.1,566425.172613061,4897456.76587079,hja2016_196,HJA-2016_soil_16,1,soil_detected,4181,288,0.06888304233436977,10.6,5838.1299001296375,FALSE,0,TRUE,FALSE,FALSE
hja2016_105,178,planktonic,2,411,19.9,566185.18321168,4901793.57434491,hja2016_196,HJA-2016_soil_16,1,soil_detected,4181,147,0.0351590528581679,4.56,7422.450767825452,FALSE,0,TRUE,TRUE,TRUE
hja2016_106,170,planktonic,2,229,49.4,570659.985591589,4896908.79007097,hja2016_196,HJA-2016_soil_16,1,soil_detected,4181,78,0.01865582396555848,1.71,10045.202859699495,FALSE,0,TRUE,FALSE,FALSE
hja2016_107,57,hyporheic,4,131,1488.8,563668.294364702,4898599.71539487,hja2016_196,HJA-2016_soil_16,1,soil_detected,4181,190,0.04544367376225783,4.59,3500.4886692847454,FALSE,0,TRUE,TRUE,TRUE
hja2016_109,169,planktonic,2,144,53.5,568641.074752475,4902527.5419308,hja2016_196,HJA-2016_soil_16,1,soil_detected,4181,122,0.029179622099976082,4.85,9809.398325968828,FALSE,0,TRUE,TRUE,TRUE
hja2016_110,76,hyporheic,3,150,303.5,570464.994202967,4896947.7883487,hja2016_196,HJA-2016_soil_16,1,soil_detected,4181,118,0.02822291317866539,4.7,9850.370994788298,FALSE,0,TRUE,TRUE,TRUE
hja2016_111,160,planktonic,5,24,2569.5,566416.173010509,4897492.764281,hja2016_196,HJA-2016_soil_16,1,soil_detected,4181,164,0.03922506577373834,4.87,5832.795001316289,FALSE,0,TRUE,TRUE,TRUE
hja2016_114,WS1-5,planktonic,2,522,87.9,559517.477676657,4895016.87362342,hja2016_196,HJA-2016_soil_16,1,soil_detected,4181,183,0.04376943314996412,5.64,2169.2449637815093,FALSE,0,TRUE,TRUE,TRUE
hja2016_116,53,planktonic,3,78,280.7,568092.098996817,4898223.73199937,hja2016_196,HJA-2016_soil_16,1,soil_detected,4181,168,0.04018177469504903,5.1,7595.646474099408,FALSE,0,TRUE,TRUE,TRUE
hja2016_119,56,planktonic,3,321,99.5,562839.3309741,4897811.75019367,hja2016_196,HJA-2016_soil_16,1,soil_detected,4181,312,0.07462329586223392,10.04,2408.6603417304236,FALSE,0,TRUE,TRUE,TRUE
hja2016_121,84,hyporheic,4,112,622.7,566447.171641521,4900685.6232752,hja2016_196,HJA-2016_soil_16,1,soil_detected,4181,76,0.018177469504903135,1.58,6959.717938076398,FALSE,0,TRUE,TRUE,TRUE
hja2016_122,45,sediment,3,390,193.2,565977.192397151,4897892.74661664,hja2016_196,HJA-2016_soil_16,1,soil_detected,4181,1033,0.247070078928486,55.04,5455.686774898173,FALSE,0,TRUE,TRUE,TRUE
hja2016_125,56,sediment,3,321,99.5,562839.3309741,4897811.75019367,hja2016_196,HJA-2016_soil_16,1,soil_detected,4181,1084,0.2592681176751973,55.99,2408.6603417304236,FALSE,0,TRUE,TRUE,TRUE
hja2016_164,260,sediment,4,23,866.1,566425.172613061,4897456.76587079,hja2016_196,HJA-2016_soil_16,1,soil_detected,4181,1092,0.2611815355178187,55.03,5838.1299001296375,FALSE,0,TRUE,FALSE,FALSE
hja2016_166,57,sediment,4,131,1488.8,563668.294364702,4898599.71539487,hja2016_196,HJA-2016_soil_16,1,soil_detected,4181,828,0.19803874671131308,43.51,3500.4886692847454,FALSE,0,TRUE,TRUE,TRUE
hja2016_167,WS3-1,sediment,2,511,96.4,560508.433913191,4896516.80738205,hja2016_196,HJA-2016_soil_16,1,soil_detected,4181,1174,0.28079406840468785,62.03,386.2316397379532,FALSE,0,TRUE,TRUE,TRUE
hja2016_169,WS3-2,sediment,2,511,95.7,560554.431881789,4896487.80866272,hja2016_196,HJA-2016_soil_16,1,soil_detected,4181,1221,0.2920353982300885,62.13,404.82117268042185,FALSE,0,TRUE,TRUE,TRUE
hja2016_170,WS3-3,sediment,2,511,93.4,560639.428128111,4896408.81215143,hja2016_196,HJA-2016_soil_16,1,soil_detected,4181,1120,0.26787849796699353,51.67,479.92276293224097,FALSE,0,TRUE,TRUE,TRUE
hja2016_177,WS1-3,sediment,2,522,92.1,559404.482666841,4895069.8712829,hja2016_196,HJA-2016_soil_16,1,soil_detected,4181,1123,0.2685960296579766,59.07,2184.226089512698,FALSE,0,TRUE,TRUE,TRUE
hja2016_179,WS1-5,sediment,2,522,87.9,559517.477676657,4895016.87362342,hja2016_196,HJA-2016_soil_16,1,soil_detected,4181,884,0.21143267160966275,53.09,2169.2449637815093,FALSE,0,TRUE,TRUE,TRUE
hja2016_180,WS1-6,sediment,2,522,82.7,559631.472642313,4894993.87463913,hja2016_196,HJA-2016_soil_16,1,soil_detected,4181,877,0.20975843099736904,46.89,2134.2541783474235,FALSE,0,TRUE,TRUE,TRUE
hja2016_181,177,sediment,1,452,14.8,565808.199860345,4901620.58198475,hja2016_196,HJA-2016_soil_16,1,soil_detected,4181,1226,0.29323128438172685,53.33,7026.2165905937445,FALSE,0,TRUE,TRUE,TRUE
hja2016_001,50,planktonic,5,41,4956.4,563054.321479503,4898132.73601802,hja2016_196,HJA-2016_soil_16,1,soil_enriched,1074,3,0.002793296089385475,0.62,2738.6780114059197,FALSE,0,TRUE,TRUE,TRUE
hja2016_008,WS3-1,hyporheic,2,511,96.4,560508.433913191,4896516.80738205,hja2016_196,HJA-2016_soil_16,1,soil_enriched,1074,13,0.012104283054003724,1.33,386.2316397379532,FALSE,0,TRUE,TRUE,TRUE
hja2016_009,60,hyporheic,2,316,43.1,567391.129953618,4898693.71124374,hja2016_196,HJA-2016_soil_16,1,soil_enriched,1074,9,0.008379888268156424,0.75,7012.760859620901,FALSE,0,TRUE,FALSE,FALSE
hja2016_010,164,planktonic,3,502,60.8,560307.442789535,4895737.8417834,hja2016_196,HJA-2016_soil_16,1,soil_enriched,1074,0,0,0,1190.6180363670742,FALSE,0,TRUE,TRUE,TRUE
hja2016_011,WS1-6,planktonic,2,522,82.7,559631.472642313,4894993.87463913,hja2016_196,HJA-2016_soil_16,1,soil_enriched,1074,18,0.01675977653631285,1.09,2134.2541783474235,FALSE,0,TRUE,TRUE,TRUE
hja2016_013,WS1-4,planktonic,2,522,89.8,559453.480502956,4895042.87247524,hja2016_196,HJA-2016_soil_16,1,soil_enriched,1074,10,0.00931098696461825,0.96,2180.263113241147,FALSE,0,TRUE,TRUE,TRUE
hja2016_014,WS1-6,hyporheic,2,522,82.7,559631.472642313,4894993.87463913,hja2016_196,HJA-2016_soil_16,1,soil_enriched,1074,5,0.004655493482309125,0.57,2134.2541783474235,FALSE,0,TRUE,TRUE,TRUE
hja2016_015,47,hyporheic,4,134,1550.1,563254.31264732,4898130.73610634,hja2016_196,HJA-2016_soil_16,1,soil_enriched,1074,3,0.002793296089385475,0.65,2917.3863799096735,FALSE,0,TRUE,TRUE,TRUE
hja2016_016,74,hyporheic,2,373,70,565310.221852481,4897724.75403567,hja2016_196,HJA-2016_soil_16,1,soil_enriched,1074,2,0.00186219739292365,0.21,4769.374571735653,FALSE,0,TRUE,TRUE,TRUE
hja2016_018,WS1-5,hyporheic,2,522,87.9,559517.477676657,4895016.87362342,hja2016_196,HJA-2016_soil_16,1,soil_enriched,1074,16,0.0148975791433892,0.63,2169.2449637815093,FALSE,0,TRUE,TRUE,TRUE
hja2016_019,155,hyporheic,2,345,81.2,565811.199727862,4897652.75721525,hja2016_196,HJA-2016_soil_16,1,soil_enriched,1074,15,0.013966480446927373,2.76,5252.354196489572,FALSE,0,TRUE,FALSE,FALSE
hja2016_020,WS1-2,hyporheic,2,522,93.6,559354.484874886,4895103.86978142,hja2016_196,HJA-2016_soil_16,1,soil_enriched,1074,28,0.0260707635009311,1.6,2184.4660209961244,FALSE,0,TRUE,TRUE,TRUE
hja2016_021,156,hyporheic,5,24,2575.9,566141.185154761,4897558.76136638,hja2016_196,HJA-2016_soil_16,1,soil_enriched,1074,6,0.00558659217877095,0.99,5566.9265511126805,FALSE,0,TRUE,TRUE,TRUE
hja2016_027,WS3-6,planktonic,2,510,78.4,560819.420179147,4896235.81979127,hja2016_196,HJA-2016_soil_16,1,soil_enriched,1074,8,0.0074487895716946,0.67,683.6233408177475,FALSE,0,TRUE,TRUE,TRUE
hja2016_065,68,hyporheic,5,30,3032.2,565145.229139031,4897899.74630751,hja2016_196,HJA-2016_soil_16,1,soil_enriched,1074,21,0.019553072625698324,1.92,4642.001103908723,FALSE,0,TRUE,TRUE,TRUE
hja2016_066,49,hyporheic,5,40,3399.1,563281.311454976,4898046.73981585,hja2016_196,HJA-2016_soil_16,1,soil_enriched,1074,30,0.027932960893854747,1.85,2907.353021932177,FALSE,0,TRUE,TRUE,TRUE
hja2016_070,56,hyporheic,3,321,99.5,562839.3309741,4897811.75019367,hja2016_196,HJA-2016_soil_16,1,soil_enriched,1074,12,0.0111731843575419,1.02,2408.6603417304236,FALSE,0,TRUE,TRUE,TRUE
hja2016_071,164,hyporheic,3,502,60.8,560307.442789535,4895737.8417834,hja2016_196,HJA-2016_soil_16,1,soil_enriched,1074,28,0.0260707635009311,1.48,1190.6180363670742,FALSE,0,TRUE,TRUE,TRUE
hja2016_075,260,hyporheic,4,23,866.1,566425.172613061,4897456.76587079,hja2016_196,HJA-2016_soil_16,1,soil_enriched,1074,10,0.00931098696461825,1.49,5838.1299001296375,FALSE,0,TRUE,FALSE,FALSE
hja2016_078,CC-1,hyporheic,2,183,64,569956.016680872,4897740.75332909,hja2016_196,HJA-2016_soil_16,1,soil_enriched,1074,7,0.006517690875232775,1.06,9380.046197451158,FALSE,0,TRUE,TRUE,TRUE
hja2016_079,64,hyporheic,2,163,33.5,570527.99142083,4895508.85189625,hja2016_196,HJA-2016_soil_16,1,soil_enriched,1074,30,0.027932960893854747,2.2,10008.677094750621,FALSE,0,TRUE,FALSE,FALSE
hja2016_084,177,hyporheic,1,452,14.8,565808.199860345,4901620.58198475,hja2016_196,HJA-2016_soil_16,1,soil_enriched,1074,14,0.01303538175046555,1.13,7026.2165905937445,FALSE,0,TRUE,TRUE,TRUE
hja2016_127,60,sediment,2,316,43.1,567391.129953618,4898693.71124374,hja2016_196,HJA-2016_soil_16,1,soil_enriched,1074,81,0.07541899441340782,2.09,7012.760859620901,FALSE,0,TRUE,FALSE,FALSE
hja2016_129,72,sediment,4,16,568.3,566542.167446234,4896499.80813279,hja2016_196,HJA-2016_soil_16,1,soil_enriched,1074,140,0.1303538175046555,5.18,5940.068161278948,FALSE,0,TRUE,TRUE,TRUE
hja2016_131,74,sediment,2,373,70,565310.221852481,4897724.75403567,hja2016_196,HJA-2016_soil_16,1,soil_enriched,1074,163,0.15176908752327747,5.52,4769.374571735653,FALSE,0,TRUE,TRUE,TRUE
hja2016_132,84,sediment,4,112,622.7,566447.171641521,4900685.6232752,hja2016_196,HJA-2016_soil_16,1,soil_enriched,1074,204,0.18994413407821228,4.98,6959.717938076398,FALSE,0,TRUE,TRUE,TRUE
hja2016_133,161,sediment,5,51,5699.1,561109.407372482,4897170.77850081,hja2016_196,HJA-2016_soil_16,1,soil_enriched,1074,284,0.2644320297951583,13.16,569.6823872868616,FALSE,0,TRUE,TRUE,TRUE
hja2016_135,169,sediment,2,144,53.5,568641.074752475,4902527.5419308,hja2016_196,HJA-2016_soil_16,1,soil_enriched,1074,178,0.16573556797020483,5.44,9809.398325968828,FALSE,0,TRUE,TRUE,TRUE
hja2016_136,190,sediment,1,546,14.2,564169.272240084,4897881.7471024,hja2016_196,HJA-2016_soil_16,1,soil_enriched,1074,141,0.13128491620111732,3.76,3690.741559224264,FALSE,0,TRUE,FALSE,FALSE
hja2016_139,CC-2,sediment,2,183,63.6,569992.01509108,4897760.75244588,hja2016_196,HJA-2016_soil_16,1,soil_enriched,1074,195,0.18156424581005587,6.3,9417.728210217858,FALSE,0,TRUE,TRUE,TRUE
hja2016_140,CC-3,sediment,2,183,63,570038.013059678,4897795.75090024,hja2016_196,HJA-2016_soil_16,1,soil_enriched,1074,132,0.12290502793296089,3.6,9466.820661898211,FALSE,0,TRUE,TRUE,TRUE
hja2016_141,CC-4,sediment,2,183,58.5,570162.007583724,4897831.74931045,hja2016_196,HJA-2016_soil_16,1,soil_enriched,1074,140,0.1303538175046555,4.17,9593.725261161992,FALSE,0,TRUE,TRUE,TRUE
hja2016_142,KC-1,sediment,3,362,114.7,562012.367495176,4896802.79475203,hja2016_196,HJA-2016_soil_16,1,soil_enriched,1074,138,0.12849162011173185,3.67,1400.1646650312857,FALSE,0,TRUE,TRUE,TRUE
hja2016_144,KC-3,sediment,3,362,114,562000.368025107,4896680.80013966,hja2016_196,HJA-2016_soil_16,1,soil_enriched,1074,102,0.09497206703910614,3.36,1400.9860674355689,FALSE,0,TRUE,TRUE,TRUE
hja2016_145,155,sediment,2,345,81.2,565811.199727862,4897652.75721525,hja2016_196,HJA-2016_soil_16,1,soil_enriched,1074,162,0.15083798882681565,5.27,5252.354196489572,FALSE,0,TRUE,FALSE,FALSE
hja2016_146,156,sediment,5,24,2575.9,566141.185154761,4897558.76136638,hja2016_196,HJA-2016_soil_16,1,soil_enriched,1074,104,0.09683426443202979,2.67,5566.9265511126805,FALSE,0,TRUE,TRUE,TRUE
hja2016_147,163,sediment,5,63,6126.6,559726.468447026,4896111.82526722,hja2016_196,HJA-2016_soil_16,1,soil_enriched,1074,308,0.28677839851024206,12.9,1179.723230621148,TRUE,1,TRUE,TRUE,TRUE
hja2016_148,165,sediment,2,494,27.9,564789.244860317,4900155.64668049,hja2016_196,HJA-2016_soil_16,1,soil_enriched,1074,210,0.19553072625698323,6.84,5301.207345181816,FALSE,0,TRUE,FALSE,FALSE
hja2016_150,53,sediment,3,78,280.7,568092.098996817,4898223.73199937,hja2016_196,HJA-2016_soil_16,1,soil_enriched,1074,138,0.12849162011173185,3.46,7595.646474099408,FALSE,0,TRUE,TRUE,TRUE
hja2016_151,64,sediment,2,163,33.5,570527.99142083,4895508.85189625,hja2016_196,HJA-2016_soil_16,1,soil_enriched,1074,341,0.31750465549348234,11.42,10008.677094750621,FALSE,0,TRUE,FALSE,FALSE
hja2016_152,66,sediment,4,79,1360.7,567970.104384448,4898153.73509064,hja2016_196,HJA-2016_soil_16,1,soil_enriched,1074,130,0.12104283054003724,2.63,7463.3952313087275,FALSE,0,TRUE,TRUE,TRUE
hja2016_155,82,sediment,2,536,36.6,564452.259742545,4899854.65997292,hja2016_196,HJA-2016_soil_16,1,soil_enriched,1074,208,0.19366852886405958,6.64,4850.415225517794,FALSE,0,TRUE,TRUE,TRUE
hja2016_157,43,sediment,1,538,7.8,567346.131940859,4898257.7304979,hja2016_196,HJA-2016_soil_16,1,soil_enriched,1074,127,0.11824953445065177,2.93,6869.254359936313,FALSE,0,TRUE,FALSE,FALSE
hja2016_159,49,sediment,5,40,3399.1,563281.311454976,4898046.73981585,hja2016_196,HJA-2016_soil_16,1,soil_enriched,1074,117,0.10893854748603352,3.15,2907.353021932177,FALSE,0,TRUE,TRUE,TRUE
hja2016_160,50,sediment,5,41,4956.4,563054.321479503,4898132.73601802,hja2016_196,HJA-2016_soil_16,1,soil_enriched,1074,61,0.056797020484171325,1.25,2738.6780114059197,FALSE,0,TRUE,TRUE,TRUE
hja2016_031,161,hyporheic,5,51,5699.1,561109.407372482,4897170.77850081,hja2016_196,HJA-2016_soil_16,1,soil_enriched,1074,4,0.0037243947858473,0.97,569.6823872868616,FALSE,0,TRUE,TRUE,TRUE
hja2016_032,54,hyporheic,3,363,207.7,561802.376768968,4897363.76997776,hja2016_196,HJA-2016_soil_16,1,soil_enriched,1074,9,0.008379888268156424,1.11,1279.2921005908163,FALSE,0,TRUE,TRUE,TRUE
hja2016_035,192,hyporheic,2,542,28.5,564620.252323511,4897836.74908965,hja2016_196,HJA-2016_soil_16,1,soil_enriched,1074,7,0.006517690875232775,1.19,4116.253856475994,FALSE,0,TRUE,TRUE,TRUE
hja2016_037,43,hyporheic,1,538,7.8,567346.131940859,4898257.7304979,hja2016_196,HJA-2016_soil_16,1,soil_enriched,1074,0,0,0,6869.254359936313,FALSE,0,TRUE,FALSE,FALSE
hja2016_042,165,planktonic,2,494,27.9,564789.244860317,4900155.64668049,hja2016_196,HJA-2016_soil_16,1,soil_enriched,1074,1,9.31098696461825e-4,0.07,5301.207345181816,FALSE,0,TRUE,FALSE,FALSE
hja2016_043,KC-2,hyporheic,3,362,114.2,561999.368069268,4896735.79771081,hja2016_196,HJA-2016_soil_16,1,soil_enriched,1074,7,0.006517690875232775,1.21,1392.9157922162822,FALSE,0,TRUE,TRUE,TRUE
hja2016_049,67,planktonic,4,83,1558.1,567119.141965387,4897968.74326041,hja2016_196,HJA-2016_soil_16,1,soil_enriched,1074,4,0.0037243947858473,0.08,6593.496474796202,FALSE,0,TRUE,TRUE,TRUE
hja2016_050,165,hyporheic,2,494,27.9,564789.244860317,4900155.64668049,hja2016_196,HJA-2016_soil_16,1,soil_enriched,1074,16,0.0148975791433892,1.25,5301.207345181816,FALSE,0,TRUE,FALSE,FALSE
hja2016_052,163,hyporheic,5,63,6126.6,559726.468447026,4896111.82526722,hja2016_196,HJA-2016_soil_16,1,soil_enriched,1074,25,0.023277467411545624,1.41,1179.723230621148,TRUE,1,TRUE,TRUE,TRUE
hja2016_056,KC-1,hyporheic,3,362,114.7,562012.367495176,4896802.79475203,hja2016_196,HJA-2016_soil_16,1,soil_enriched,1074,19,0.017690875232774673,1.04,1400.1646650312857,FALSE,0,TRUE,TRUE,TRUE
hja2016_057,71,hyporheic,3,556,101.7,562662.338790582,4897988.74237719,hja2016_196,HJA-2016_soil_16,1,soil_enriched,1074,4,0.0037243947858473,0.78,2324.6088036368874,FALSE,0,TRUE,TRUE,TRUE
hja2016_059,KC-2,planktonic,3,362,114.2,561999.368069268,4896735.79771081,hja2016_196,HJA-2016_soil_16,1,soil_enriched,1074,28,0.0260707635009311,1.71,1392.9157922162822,FALSE,0,TRUE,TRUE,TRUE
hja2016_062,WS3-3,hyporheic,2,511,93.4,560639.428128111,4896408.81215143,hja2016_196,HJA-2016_soil_16,1,soil_enriched,1074,20,0.0186219739292365,1.22,479.92276293224097,FALSE,0,TRUE,TRUE,TRUE
hja2016_064,WS3-4,planktonic,2,510,81.3,560692.425787583,4896348.81480109,hja2016_196,HJA-2016_soil_16,1,soil_enriched,1074,10,0.00931098696461825,1.19,544.8455444412544,FALSE,0,TRUE,TRUE,TRUE
hja2016_099,162,planktonic,5,66,6208.4,559348.485139852,4895468.85366269,hja2016_196,HJA-2016_soil_16,1,soil_enriched,1074,12,0.0111731843575419,0.37,1902.0598347928849,TRUE,1,TRUE,TRUE,TRUE
hja2016_100,64,planktonic,2,163,33.5,570527.99142083,4895508.85189625,hja2016_196,HJA-2016_soil_16,1,soil_enriched,1074,10,0.00931098696461825,0.19,10008.677094750621,FALSE,0,TRUE,FALSE,FALSE
hja2016_101,58,planktonic,3,385,67.2,566998.147308857,4898497.71989928,hja2016_196,HJA-2016_soil_16,1,soil_enriched,1074,22,0.020484171322160148,0.37,6583.155673272899,FALSE,0,TRUE,TRUE,TRUE
hja2016_102,73,hyporheic,2,255,137,566310.177691566,4896786.79545861,hja2016_196,HJA-2016_soil_16,1,soil_enriched,1074,18,0.01675977653631285,0.44,5696.274596264111,FALSE,0,TRUE,TRUE,TRUE
hja2016_103,260,planktonic,4,23,866.1,566425.172613061,4897456.76587079,hja2016_196,HJA-2016_soil_16,1,soil_enriched,1074,56,0.0521415270018622,1.1,5838.1299001296375,FALSE,0,TRUE,FALSE,FALSE
hja2016_105,178,planktonic,2,411,19.9,566185.18321168,4901793.57434491,hja2016_196,HJA-2016_soil_16,1,soil_enriched,1074,21,0.019553072625698324,0.52,7422.450767825452,FALSE,0,TRUE,TRUE,TRUE
hja2016_106,170,planktonic,2,229,49.4,570659.985591589,4896908.79007097,hja2016_196,HJA-2016_soil_16,1,soil_enriched,1074,10,0.00931098696461825,0.13,10045.202859699495,FALSE,0,TRUE,FALSE,FALSE
hja2016_107,57,hyporheic,4,131,1488.8,563668.294364702,4898599.71539487,hja2016_196,HJA-2016_soil_16,1,soil_enriched,1074,28,0.0260707635009311,0.6,3500.4886692847454,FALSE,0,TRUE,TRUE,TRUE
hja2016_109,169,planktonic,2,144,53.5,568641.074752475,4902527.5419308,hja2016_196,HJA-2016_soil_16,1,soil_enriched,1074,15,0.013966480446927373,0.59,9809.398325968828,FALSE,0,TRUE,TRUE,TRUE
hja2016_110,76,hyporheic,3,150,303.5,570464.994202967,4896947.7883487,hja2016_196,HJA-2016_soil_16,1,soil_enriched,1074,15,0.013966480446927373,0.43,9850.370994788298,FALSE,0,TRUE,TRUE,TRUE
hja2016_111,160,planktonic,5,24,2569.5,566416.173010509,4897492.764281,hja2016_196,HJA-2016_soil_16,1,soil_enriched,1074,25,0.023277467411545624,0.62,5832.795001316289,FALSE,0,TRUE,TRUE,TRUE
hja2016_114,WS1-5,planktonic,2,522,87.9,559517.477676657,4895016.87362342,hja2016_196,HJA-2016_soil_16,1,soil_enriched,1074,25,0.023277467411545624,0.45,2169.2449637815093,FALSE,0,TRUE,TRUE,TRUE
hja2016_116,53,planktonic,3,78,280.7,568092.098996817,4898223.73199937,hja2016_196,HJA-2016_soil_16,1,soil_enriched,1074,26,0.024208566108007448,0.64,7595.646474099408,FALSE,0,TRUE,TRUE,TRUE
hja2016_119,56,planktonic,3,321,99.5,562839.3309741,4897811.75019367,hja2016_196,HJA-2016_soil_16,1,soil_enriched,1074,56,0.0521415270018622,1.28,2408.6603417304236,FALSE,0,TRUE,TRUE,TRUE
hja2016_121,84,hyporheic,4,112,622.7,566447.171641521,4900685.6232752,hja2016_196,HJA-2016_soil_16,1,soil_enriched,1074,11,0.010242085661080074,0.14,6959.717938076398,FALSE,0,TRUE,TRUE,TRUE
hja2016_122,45,sediment,3,390,193.2,565977.192397151,4897892.74661664,hja2016_196,HJA-2016_soil_16,1,soil_enriched,1074,125,0.11638733705772812,3.12,5455.686774898173,FALSE,0,TRUE,TRUE,TRUE
hja2016_125,56,sediment,3,321,99.5,562839.3309741,4897811.75019367,hja2016_196,HJA-2016_soil_16,1,soil_enriched,1074,138,0.12849162011173185,3.61,2408.6603417304236,FALSE,0,TRUE,TRUE,TRUE
hja2016_164,260,sediment,4,23,866.1,566425.172613061,4897456.76587079,hja2016_196,HJA-2016_soil_16,1,soil_enriched,1074,206,0.19180633147113593,4.94,5838.1299001296375,FALSE,0,TRUE,FALSE,FALSE
hja2016_166,57,sediment,4,131,1488.8,563668.294364702,4898599.71539487,hja2016_196,HJA-2016_soil_16,1,soil_enriched,1074,81,0.07541899441340782,1.58,3500.4886692847454,FALSE,0,TRUE,TRUE,TRUE
hja2016_167,WS3-1,sediment,2,511,96.4,560508.433913191,4896516.80738205,hja2016_196,HJA-2016_soil_16,1,soil_enriched,1074,303,0.28212290502793297,13.1,386.2316397379532,FALSE,0,TRUE,TRUE,TRUE
hja2016_169,WS3-2,sediment,2,511,95.7,560554.431881789,4896487.80866272,hja2016_196,HJA-2016_soil_16,1,soil_enriched,1074,318,0.29608938547486036,13.18,404.82117268042185,FALSE,0,TRUE,TRUE,TRUE
hja2016_170,WS3-3,sediment,2,511,93.4,560639.428128111,4896408.81215143,hja2016_196,HJA-2016_soil_16,1,soil_enriched,1074,187,0.17411545623836128,4.35,479.92276293224097,FALSE,0,TRUE,TRUE,TRUE
hja2016_177,WS1-3,sediment,2,522,92.1,559404.482666841,4895069.8712829,hja2016_196,HJA-2016_soil_16,1,soil_enriched,1074,185,0.17225325884543763,5.61,2184.226089512698,FALSE,0,TRUE,TRUE,TRUE
hja2016_179,WS1-5,sediment,2,522,87.9,559517.477676657,4895016.87362342,hja2016_196,HJA-2016_soil_16,1,soil_enriched,1074,119,0.11080074487895716,3.29,2169.2449637815093,FALSE,0,TRUE,TRUE,TRUE
hja2016_180,WS1-6,sediment,2,522,82.7,559631.472642313,4894993.87463913,hja2016_196,HJA-2016_soil_16,1,soil_enriched,1074,80,0.074487895716946,1.63,2134.2541783474235,FALSE,0,TRUE,TRUE,TRUE
hja2016_181,177,sediment,1,452,14.8,565808.199860345,4901620.58198475,hja2016_196,HJA-2016_soil_16,1,soil_enriched,1074,205,0.1908752327746741,4.45,7026.2165905937445,FALSE,0,TRUE,TRUE,TRUE
hja2016_001,50,planktonic,5,41,4956.4,563054.321479503,4898132.73601802,hja2016_197,HJA-2016_soil_17,1,soil_detected,1654,14,0.008464328899637243,5.01,5142.561473306318,FALSE,0,TRUE,TRUE,TRUE
hja2016_008,WS3-1,hyporheic,2,511,96.4,560508.433913191,4896516.80738205,hja2016_197,HJA-2016_soil_17,1,soil_detected,1654,35,0.021160822249093107,6.33,2167.591609835966,FALSE,0,TRUE,TRUE,TRUE
hja2016_009,60,hyporheic,2,316,43.1,567391.129953618,4898693.71124374,hja2016_197,HJA-2016_soil_17,1,soil_detected,1654,36,0.02176541717049577,8.18,9169.500851157969,FALSE,0,TRUE,FALSE,FALSE
hja2016_010,164,planktonic,3,502,60.8,560307.442789535,4895737.8417834,hja2016_197,HJA-2016_soil_17,1,soil_detected,1654,14,0.008464328899637243,5.64,1511.2132607297297,FALSE,0,TRUE,TRUE,TRUE
hja2016_011,WS1-6,planktonic,2,522,82.7,559631.472642313,4894993.87463913,hja2016_197,HJA-2016_soil_17,1,soil_detected,1654,95,0.05743651753325272,7.74,606.3740533198791,FALSE,0,TRUE,TRUE,TRUE
hja2016_013,WS1-4,planktonic,2,522,89.8,559453.480502956,4895042.87247524,hja2016_197,HJA-2016_soil_17,1,soil_detected,1654,50,0.030229746070133012,7.42,439.21746981759634,FALSE,0,TRUE,TRUE,TRUE
hja2016_014,WS1-6,hyporheic,2,522,82.7,559631.472642313,4894993.87463913,hja2016_197,HJA-2016_soil_17,1,soil_detected,1654,38,0.022974607013301087,9.77,606.3740533198791,FALSE,0,TRUE,TRUE,TRUE
hja2016_015,47,hyporheic,4,134,1550.1,563254.31264732,4898130.73610634,hja2016_197,HJA-2016_soil_17,1,soil_detected,1654,28,0.016928657799274487,7.48,5299.391638008729,FALSE,0,TRUE,TRUE,TRUE
hja2016_016,74,hyporheic,2,373,70,565310.221852481,4897724.75403567,hja2016_197,HJA-2016_soil_17,1,soil_detected,1654,22,0.013301088270858524,3.41,6874.326463811788,FALSE,0,TRUE,TRUE,TRUE
hja2016_018,WS1-5,hyporheic,2,522,87.9,559517.477676657,4895016.87362342,hja2016_197,HJA-2016_soil_17,1,soil_detected,1654,45,0.02720677146311971,3.92,496.42309199158746,FALSE,0,TRUE,TRUE,TRUE
hja2016_019,155,hyporheic,2,345,81.2,565811.199727862,4897652.75721525,hja2016_197,HJA-2016_soil_17,1,soil_detected,1654,43,0.02599758162031439,6.31,7307.871101678858,FALSE,0,TRUE,FALSE,FALSE
hja2016_020,WS1-2,hyporheic,2,522,93.6,559354.484874886,4895103.86978142,hja2016_197,HJA-2016_soil_17,1,soil_detected,1654,97,0.058645707376058044,9.52,368.19569930090256,FALSE,0,TRUE,TRUE,TRUE
hja2016_021,156,hyporheic,5,24,2575.9,566141.185154761,4897558.76136638,hja2016_197,HJA-2016_soil_17,1,soil_detected,1654,25,0.015114873035066506,4.78,7582.092536369678,FALSE,0,TRUE,TRUE,TRUE
hja2016_027,WS3-6,planktonic,2,510,78.4,560819.420179147,4896235.81979127,hja2016_197,HJA-2016_soil_17,1,soil_detected,1654,55,0.03325272067714631,6.22,2214.725386135582,FALSE,0,TRUE,TRUE,TRUE
hja2016_065,68,hyporheic,5,30,3032.2,565145.229139031,4897899.74630751,hja2016_197,HJA-2016_soil_17,1,soil_detected,1654,71,0.042926239419588876,10.35,6798.391859301038,FALSE,0,TRUE,TRUE,TRUE
hja2016_066,49,hyporheic,5,40,3399.1,563281.311454976,4898046.73981585,hja2016_197,HJA-2016_soil_17,1,soil_detected,1654,62,0.037484885126964934,5.43,5270.902629810743,FALSE,0,TRUE,TRUE,TRUE
hja2016_070,56,hyporheic,3,321,99.5,562839.3309741,4897811.75019367,hja2016_197,HJA-2016_soil_17,1,soil_detected,1654,34,0.020556227327690448,5.33,4775.995104478822,FALSE,0,TRUE,TRUE,TRUE
hja2016_071,164,hyporheic,3,502,60.8,560307.442789535,4895737.8417834,hja2016_197,HJA-2016_soil_17,1,soil_detected,1654,89,0.05380894800483676,7.99,1511.2132607297297,FALSE,0,TRUE,TRUE,TRUE
hja2016_075,260,hyporheic,4,23,866.1,566425.172613061,4897456.76587079,hja2016_197,HJA-2016_soil_17,1,soil_detected,1654,53,0.03204353083434099,9.07,7815.604598230904,FALSE,0,TRUE,FALSE,FALSE
hja2016_078,CC-1,hyporheic,2,183,64,569956.016680872,4897740.75332909,hja2016_197,HJA-2016_soil_17,1,soil_detected,1654,40,0.02418379685610641,6.31,11282.73288111161,FALSE,0,TRUE,TRUE,TRUE
hja2016_079,64,hyporheic,2,163,33.5,570527.99142083,4895508.85189625,hja2016_197,HJA-2016_soil_17,1,soil_detected,1654,76,0.045949214026602174,11.04,11514.259312802751,FALSE,0,TRUE,FALSE,FALSE
hja2016_084,177,hyporheic,1,452,14.8,565808.199860345,4901620.58198475,hja2016_197,HJA-2016_soil_17,1,soil_detected,1654,38,0.022974607013301087,6.76,9523.006575182973,FALSE,0,TRUE,TRUE,TRUE
hja2016_127,60,sediment,2,316,43.1,567391.129953618,4898693.71124374,hja2016_197,HJA-2016_soil_17,1,soil_detected,1654,206,0.12454655380894801,13.44,9169.500851157969,FALSE,0,TRUE,FALSE,FALSE
hja2016_129,72,sediment,4,16,568.3,566542.167446234,4896499.80813279,hja2016_197,HJA-2016_soil_17,1,soil_detected,1654,201,0.1215235792019347,13.12,7675.577447144639,FALSE,0,TRUE,TRUE,TRUE
hja2016_131,74,sediment,2,373,70,565310.221852481,4897724.75403567,hja2016_197,HJA-2016_soil_17,1,soil_detected,1654,210,0.12696493349455865,12.97,6874.326463811788,FALSE,0,TRUE,TRUE,TRUE
hja2016_132,84,sediment,4,112,622.7,566447.171641521,4900685.6232752,hja2016_197,HJA-2016_soil_17,1,soil_detected,1654,253,0.15296251511487305,14.07,9387.768672449809,FALSE,0,TRUE,TRUE,TRUE
hja2016_133,161,sediment,5,51,5699.1,561109.407372482,4897170.77850081,hja2016_197,HJA-2016_soil_17,1,soil_detected,1654,285,0.17230955259975816,19.36,3055.73922385039,FALSE,0,TRUE,TRUE,TRUE
hja2016_135,169,sediment,2,144,53.5,568641.074752475,4902527.5419308,hja2016_197,HJA-2016_soil_17,1,soil_detected,1654,229,0.13845223700120918,15.26,12250.699071003923,FALSE,0,TRUE,TRUE,TRUE
hja2016_136,190,sediment,1,546,14.2,564169.272240084,4897881.7471024,hja2016_197,HJA-2016_soil_17,1,soil_detected,1654,207,0.12515114873035066,13.49,5926.558433392558,FALSE,0,TRUE,FALSE,FALSE
hja2016_139,CC-2,sediment,2,183,63.6,569992.01509108,4897760.75244588,hja2016_197,HJA-2016_soil_17,1,soil_detected,1654,268,0.16203143893591293,16.27,11322.580068739775,FALSE,0,TRUE,TRUE,TRUE
hja2016_140,CC-3,sediment,2,183,63,570038.013059678,4897795.75090024,hja2016_197,HJA-2016_soil_17,1,soil_detected,1654,230,0.13905683192261184,14.06,11375.882323631278,FALSE,0,TRUE,TRUE,TRUE
hja2016_141,CC-4,sediment,2,183,58.5,570162.007583724,4897831.74931045,hja2016_197,HJA-2016_soil_17,1,soil_detected,1654,221,0.1336154776299879,14.6,11504.945935734104,FALSE,0,TRUE,TRUE,TRUE
hja2016_142,KC-1,sediment,3,362,114.7,562012.367495176,4896802.79475203,hja2016_197,HJA-2016_soil_17,1,soil_detected,1654,173,0.10459492140266022,11.29,3521.4066934929992,FALSE,0,TRUE,TRUE,TRUE
hja2016_144,KC-3,sediment,3,362,114,562000.368025107,4896680.80013966,hja2016_197,HJA-2016_soil_17,1,soil_detected,1654,140,0.08464328899637243,11.35,3447.8406349206816,FALSE,0,TRUE,TRUE,TRUE
hja2016_145,155,sediment,2,345,81.2,565811.199727862,4897652.75721525,hja2016_197,HJA-2016_soil_17,1,soil_detected,1654,214,0.1293833131801693,13.04,7307.871101678858,FALSE,0,TRUE,FALSE,FALSE
hja2016_146,156,sediment,5,24,2575.9,566141.185154761,4897558.76136638,hja2016_197,HJA-2016_soil_17,1,soil_detected,1654,205,0.12394195888754535,13.2,7582.092536369678,FALSE,0,TRUE,TRUE,TRUE
hja2016_147,163,sediment,5,63,6126.6,559726.468447026,4896111.82526722,hja2016_197,HJA-2016_soil_17,1,soil_detected,1654,300,0.18137847642079807,19.88,1369.794094338863,FALSE,0,TRUE,TRUE,TRUE
hja2016_148,165,sediment,2,494,27.9,564789.244860317,4900155.64668049,hja2016_197,HJA-2016_soil_17,1,soil_detected,1654,261,0.15779927448609432,16.95,7775.746857685037,FALSE,0,TRUE,FALSE,FALSE
hja2016_150,53,sediment,3,78,280.7,568092.098996817,4898223.73199937,hja2016_197,HJA-2016_soil_17,1,soil_detected,1654,204,0.12333736396614269,13.28,9642.711543314153,FALSE,0,TRUE,TRUE,TRUE
hja2016_151,64,sediment,2,163,33.5,570527.99142083,4895508.85189625,hja2016_197,HJA-2016_soil_17,1,soil_detected,1654,331,0.20012091898428053,17.56,11514.259312802751,FALSE,0,TRUE,FALSE,FALSE
hja2016_152,66,sediment,4,79,1360.7,567970.104384448,4898153.73509064,hja2016_197,HJA-2016_soil_17,1,soil_detected,1654,186,0.1124546553808948,11.28,9504.184932917147,FALSE,0,TRUE,TRUE,TRUE
hja2016_155,82,sediment,2,536,36.6,564452.259742545,4899854.65997292,hja2016_197,HJA-2016_soil_17,1,soil_detected,1654,277,0.1674727932285369,17.46,7323.927992416931,FALSE,0,TRUE,TRUE,TRUE
hja2016_157,43,sediment,1,538,7.8,567346.131940859,4898257.7304979,hja2016_197,HJA-2016_soil_17,1,soil_detected,1654,223,0.13482466747279323,13.62,8957.699521987983,FALSE,0,TRUE,FALSE,FALSE
hja2016_159,49,sediment,5,40,3399.1,563281.311454976,4898046.73981585,hja2016_197,HJA-2016_soil_17,1,soil_detected,1654,182,0.11003627569528417,13.65,5270.902629810743,FALSE,0,TRUE,TRUE,TRUE
hja2016_160,50,sediment,5,41,4956.4,563054.321479503,4898132.73601802,hja2016_197,HJA-2016_soil_17,1,soil_detected,1654,199,0.12031438935912939,11.12,5142.561473306318,FALSE,0,TRUE,TRUE,TRUE
hja2016_031,161,hyporheic,5,51,5699.1,561109.407372482,4897170.77850081,hja2016_197,HJA-2016_soil_17,1,soil_detected,1654,14,0.008464328899637243,3.18,3055.73922385039,FALSE,0,TRUE,TRUE,TRUE
hja2016_032,54,hyporheic,3,363,207.7,561802.376768968,4897363.76997776,hja2016_197,HJA-2016_soil_17,1,soil_detected,1654,21,0.012696493349455865,8.19,3688.240051990639,FALSE,0,TRUE,TRUE,TRUE
hja2016_035,192,hyporheic,2,542,28.5,564620.252323511,4897836.74908965,hja2016_197,HJA-2016_soil_17,1,soil_detected,1654,25,0.015114873035066506,4.98,6300.895117747916,FALSE,0,TRUE,TRUE,TRUE
hja2016_037,43,hyporheic,1,538,7.8,567346.131940859,4898257.7304979,hja2016_197,HJA-2016_soil_17,1,soil_detected,1654,18,0.010882708585247884,4.18,8957.699521987983,FALSE,0,TRUE,FALSE,FALSE
hja2016_042,165,planktonic,2,494,27.9,564789.244860317,4900155.64668049,hja2016_197,HJA-2016_soil_17,1,soil_detected,1654,13,0.007859733978234583,2.76,7775.746857685037,FALSE,0,TRUE,FALSE,FALSE
hja2016_043,KC-2,hyporheic,3,362,114.2,561999.368069268,4896735.79771081,hja2016_197,HJA-2016_soil_17,1,soil_detected,1654,34,0.020556227327690448,7.62,3475.182033524307,FALSE,0,TRUE,TRUE,TRUE
hja2016_049,67,planktonic,4,83,1558.1,567119.141965387,4897968.74326041,hja2016_197,HJA-2016_soil_17,1,soil_detected,1654,15,0.009068923821039904,7.84,8641.634103484002,FALSE,0,TRUE,TRUE,TRUE
hja2016_050,165,hyporheic,2,494,27.9,564789.244860317,4900155.64668049,hja2016_197,HJA-2016_soil_17,1,soil_detected,1654,54,0.032648125755743655,6.85,7775.746857685037,FALSE,0,TRUE,FALSE,FALSE
hja2016_052,163,hyporheic,5,63,6126.6,559726.468447026,4896111.82526722,hja2016_197,HJA-2016_soil_17,1,soil_detected,1654,69,0.04171704957678356,6.75,1369.794094338863,FALSE,0,TRUE,TRUE,TRUE
hja2016_056,KC-1,hyporheic,3,362,114.7,562012.367495176,4896802.79475203,hja2016_197,HJA-2016_soil_17,1,soil_detected,1654,51,0.03083434099153567,4.98,3521.4066934929992,FALSE,0,TRUE,TRUE,TRUE
hja2016_057,71,hyporheic,3,556,101.7,562662.338790582,4897988.74237719,hja2016_197,HJA-2016_soil_17,1,soil_detected,1654,27,0.016324062877871828,4.56,4747.900319734572,FALSE,0,TRUE,TRUE,TRUE
hja2016_059,KC-2,planktonic,3,362,114.2,561999.368069268,4896735.79771081,hja2016_197,HJA-2016_soil_17,1,soil_detected,1654,80,0.04836759371221282,9.14,3475.182033524307,FALSE,0,TRUE,TRUE,TRUE
hja2016_062,WS3-3,hyporheic,2,511,93.4,560639.428128111,4896408.81215143,hja2016_197,HJA-2016_soil_17,1,soil_detected,1654,85,0.051390568319226115,6.13,2184.743418632016,FALSE,0,TRUE,TRUE,TRUE
hja2016_064,WS3-4,planktonic,2,510,81.3,560692.425787583,4896348.81480109,hja2016_197,HJA-2016_soil_17,1,soil_detected,1654,36,0.02176541717049577,7.64,2184.7800335612033,FALSE,0,TRUE,TRUE,TRUE
hja2016_099,162,planktonic,5,66,6208.4,559348.485139852,4895468.85366269,hja2016_197,HJA-2016_soil_17,1,soil_detected,1654,53,0.03204353083434099,1.62,623.9598606907086,FALSE,0,TRUE,TRUE,TRUE
hja2016_100,64,planktonic,2,163,33.5,570527.99142083,4895508.85189625,hja2016_197,HJA-2016_soil_17,1,soil_detected,1654,38,0.022974607013301087,0.84,11514.259312802751,FALSE,0,TRUE,FALSE,FALSE
hja2016_101,58,planktonic,3,385,67.2,566998.147308857,4898497.71989928,hja2016_197,HJA-2016_soil_17,1,soil_detected,1654,63,0.0380894800483676,1.65,8730.726668677686,FALSE,0,TRUE,TRUE,TRUE
hja2016_102,73,hyporheic,2,255,137,566310.177691566,4896786.79545861,hja2016_197,HJA-2016_soil_17,1,soil_detected,1654,47,0.028415961305925032,1.56,7514.211515619127,FALSE,0,TRUE,TRUE,TRUE
hja2016_103,260,planktonic,4,23,866.1,566425.172613061,4897456.76587079,hja2016_197,HJA-2016_soil_17,1,soil_detected,1654,96,0.05804111245465538,3.39,7815.604598230904,FALSE,0,TRUE,FALSE,FALSE
hja2016_105,178,planktonic,2,411,19.9,566185.18321168,4901793.57434491,hja2016_197,HJA-2016_soil_17,1,soil_detected,1654,60,0.036275695284159616,1.63,9913.89470826251,FALSE,0,TRUE,TRUE,TRUE
hja2016_106,170,planktonic,2,229,49.4,570659.985591589,4896908.79007097,hja2016_197,HJA-2016_soil_17,1,soil_detected,1654,33,0.01995163240628779,0.58,11798.40644113867,FALSE,0,TRUE,FALSE,FALSE
hja2016_107,57,hyporheic,4,131,1488.8,563668.294364702,4898599.71539487,hja2016_197,HJA-2016_soil_17,1,soil_detected,1654,79,0.047762998790810154,1.64,5913.794021875524,FALSE,0,TRUE,TRUE,TRUE
hja2016_109,169,planktonic,2,144,53.5,568641.074752475,4902527.5419308,hja2016_197,HJA-2016_soil_17,1,soil_detected,1654,53,0.03204353083434099,1.86,12250.699071003923,FALSE,0,TRUE,TRUE,TRUE
hja2016_110,76,hyporheic,3,150,303.5,570464.994202967,4896947.7883487,hja2016_197,HJA-2016_soil_17,1,soil_detected,1654,48,0.02902055622732769,1.76,11612.914452589946,FALSE,0,TRUE,TRUE,TRUE
hja2016_111,160,planktonic,5,24,2569.5,566416.173010509,4897492.764281,hja2016_197,HJA-2016_soil_17,1,soil_detected,1654,67,0.04050785973397823,1.76,7818.7968460936545,FALSE,0,TRUE,TRUE,TRUE
hja2016_114,WS1-5,planktonic,2,522,87.9,559517.477676657,4895016.87362342,hja2016_197,HJA-2016_soil_17,1,soil_detected,1654,83,0.0501813784764208,1.95,496.42309199158746,FALSE,0,TRUE,TRUE,TRUE
hja2016_116,53,planktonic,3,78,280.7,568092.098996817,4898223.73199937,hja2016_197,HJA-2016_soil_17,1,soil_detected,1654,77,0.046553808948004836,1.93,9642.711543314153,FALSE,0,TRUE,TRUE,TRUE
hja2016_119,56,planktonic,3,321,99.5,562839.3309741,4897811.75019367,hja2016_197,HJA-2016_soil_17,1,soil_detected,1654,118,0.07134220072551391,3.27,4775.995104478822,FALSE,0,TRUE,TRUE,TRUE
hja2016_121,84,hyporheic,4,112,622.7,566447.171641521,4900685.6232752,hja2016_197,HJA-2016_soil_17,1,soil_detected,1654,36,0.02176541717049577,0.61,9387.768672449809,FALSE,0,TRUE,TRUE,TRUE
hja2016_122,45,sediment,3,390,193.2,565977.192397151,4897892.74661664,hja2016_197,HJA-2016_soil_17,1,soil_detected,1654,208,0.12575574365175332,15.21,7552.962137358374,FALSE,0,TRUE,TRUE,TRUE
hja2016_125,56,sediment,3,321,99.5,562839.3309741,4897811.75019367,hja2016_197,HJA-2016_soil_17,1,soil_detected,1654,225,0.13603385731559856,15.42,4775.995104478822,FALSE,0,TRUE,TRUE,TRUE
hja2016_164,260,sediment,4,23,866.1,566425.172613061,4897456.76587079,hja2016_197,HJA-2016_soil_17,1,soil_detected,1654,253,0.15296251511487305,14.55,7815.604598230904,FALSE,0,TRUE,FALSE,FALSE
hja2016_166,57,sediment,4,131,1488.8,563668.294364702,4898599.71539487,hja2016_197,HJA-2016_soil_17,1,soil_detected,1654,210,0.12696493349455865,11.7,5913.794021875524,FALSE,0,TRUE,TRUE,TRUE
hja2016_167,WS3-1,sediment,2,511,96.4,560508.433913191,4896516.80738205,hja2016_197,HJA-2016_soil_17,1,soil_detected,1654,319,0.1928657799274486,21.77,2167.591609835966,FALSE,0,TRUE,TRUE,TRUE
hja2016_169,WS3-2,sediment,2,511,95.7,560554.431881789,4896487.80866272,hja2016_197,HJA-2016_soil_17,1,soil_detected,1654,330,0.19951632406287786,20.35,2178.476628857452,FALSE,0,TRUE,TRUE,TRUE
hja2016_170,WS3-3,sediment,2,511,93.4,560639.428128111,4896408.81215143,hja2016_197,HJA-2016_soil_17,1,soil_detected,1654,275,0.16626360338573157,15.72,2184.743418632016,FALSE,0,TRUE,TRUE,TRUE
hja2016_177,WS1-3,sediment,2,522,92.1,559404.482666841,4895069.8712829,hja2016_197,HJA-2016_soil_17,1,soil_detected,1654,245,0.14812575574365175,14.71,400.33553360311737,FALSE,0,TRUE,TRUE,TRUE
hja2016_179,WS1-5,sediment,2,522,87.9,559517.477676657,4895016.87362342,hja2016_197,HJA-2016_soil_17,1,soil_detected,1654,211,0.1275695284159613,13.96,496.42309199158746,FALSE,0,TRUE,TRUE,TRUE
hja2016_180,WS1-6,sediment,2,522,82.7,559631.472642313,4894993.87463913,hja2016_197,HJA-2016_soil_17,1,soil_detected,1654,228,0.13784764207980654,12.48,606.3740533198791,FALSE,0,TRUE,TRUE,TRUE
hja2016_181,177,sediment,1,452,14.8,565808.199860345,4901620.58198475,hja2016_197,HJA-2016_soil_17,1,soil_detected,1654,293,0.17714631197097944,16.05,9523.006575182973,FALSE,0,TRUE,TRUE,TRUE
hja2016_001,50,planktonic,5,41,4956.4,563054.321479503,4898132.73601802,hja2016_197,HJA-2016_soil_17,1,soil_enriched,772,1,0.0012953367875647669,0.49,5142.561473306318,FALSE,0,TRUE,TRUE,TRUE
hja2016_008,WS3-1,hyporheic,2,511,96.4,560508.433913191,4896516.80738205,hja2016_197,HJA-2016_soil_17,1,soil_enriched,772,5,0.006476683937823834,0.46,2167.591609835966,FALSE,0,TRUE,TRUE,TRUE
hja2016_009,60,hyporheic,2,316,43.1,567391.129953618,4898693.71124374,hja2016_197,HJA-2016_soil_17,1,soil_enriched,772,6,0.007772020725388601,0.55,9169.500851157969,FALSE,0,TRUE,FALSE,FALSE
hja2016_010,164,planktonic,3,502,60.8,560307.442789535,4895737.8417834,hja2016_197,HJA-2016_soil_17,1,soil_enriched,772,0,0,0,1511.2132607297297,FALSE,0,TRUE,TRUE,TRUE
hja2016_011,WS1-6,planktonic,2,522,82.7,559631.472642313,4894993.87463913,hja2016_197,HJA-2016_soil_17,1,soil_enriched,772,13,0.01683937823834197,0.93,606.3740533198791,FALSE,0,TRUE,TRUE,TRUE
hja2016_013,WS1-4,planktonic,2,522,89.8,559453.480502956,4895042.87247524,hja2016_197,HJA-2016_soil_17,1,soil_enriched,772,7,0.009067357512953367,0.53,439.21746981759634,FALSE,0,TRUE,TRUE,TRUE
hja2016_014,WS1-6,hyporheic,2,522,82.7,559631.472642313,4894993.87463913,hja2016_197,HJA-2016_soil_17,1,soil_enriched,772,4,0.0051813471502590676,0.45,606.3740533198791,FALSE,0,TRUE,TRUE,TRUE
hja2016_015,47,hyporheic,4,134,1550.1,563254.31264732,4898130.73610634,hja2016_197,HJA-2016_soil_17,1,soil_enriched,772,2,0.0025906735751295338,0.62,5299.391638008729,FALSE,0,TRUE,TRUE,TRUE
hja2016_016,74,hyporheic,2,373,70,565310.221852481,4897724.75403567,hja2016_197,HJA-2016_soil_17,1,soil_enriched,772,1,0.0012953367875647669,0.05,6874.326463811788,FALSE,0,TRUE,TRUE,TRUE
hja2016_018,WS1-5,hyporheic,2,522,87.9,559517.477676657,4895016.87362342,hja2016_197,HJA-2016_soil_17,1,soil_enriched,772,8,0.010362694300518135,0.37,496.42309199158746,FALSE,0,TRUE,TRUE,TRUE
hja2016_019,155,hyporheic,2,345,81.2,565811.199727862,4897652.75721525,hja2016_197,HJA-2016_soil_17,1,soil_enriched,772,8,0.010362694300518135,1.53,7307.871101678858,FALSE,0,TRUE,FALSE,FALSE
hja2016_020,WS1-2,hyporheic,2,522,93.6,559354.484874886,4895103.86978142,hja2016_197,HJA-2016_soil_17,1,soil_enriched,772,14,0.018134715025906734,1,368.19569930090256,FALSE,0,TRUE,TRUE,TRUE
hja2016_021,156,hyporheic,5,24,2575.9,566141.185154761,4897558.76136638,hja2016_197,HJA-2016_soil_17,1,soil_enriched,772,4,0.0051813471502590676,0.67,7582.092536369678,FALSE,0,TRUE,TRUE,TRUE
hja2016_027,WS3-6,planktonic,2,510,78.4,560819.420179147,4896235.81979127,hja2016_197,HJA-2016_soil_17,1,soil_enriched,772,7,0.009067357512953367,0.47,2214.725386135582,FALSE,0,TRUE,TRUE,TRUE
hja2016_065,68,hyporheic,5,30,3032.2,565145.229139031,4897899.74630751,hja2016_197,HJA-2016_soil_17,1,soil_enriched,772,14,0.018134715025906734,1.41,6798.391859301038,FALSE,0,TRUE,TRUE,TRUE
hja2016_066,49,hyporheic,5,40,3399.1,563281.311454976,4898046.73981585,hja2016_197,HJA-2016_soil_17,1,soil_enriched,772,14,0.018134715025906734,0.88,5270.902629810743,FALSE,0,TRUE,TRUE,TRUE
hja2016_070,56,hyporheic,3,321,99.5,562839.3309741,4897811.75019367,hja2016_197,HJA-2016_soil_17,1,soil_enriched,772,6,0.007772020725388601,0.57,4775.995104478822,FALSE,0,TRUE,TRUE,TRUE
hja2016_071,164,hyporheic,3,502,60.8,560307.442789535,4895737.8417834,hja2016_197,HJA-2016_soil_17,1,soil_enriched,772,12,0.015544041450777202,0.73,1511.2132607297297,FALSE,0,TRUE,TRUE,TRUE
hja2016_075,260,hyporheic,4,23,866.1,566425.172613061,4897456.76587079,hja2016_197,HJA-2016_soil_17,1,soil_enriched,772,4,0.0051813471502590676,0.75,7815.604598230904,FALSE,0,TRUE,FALSE,FALSE
hja2016_078,CC-1,hyporheic,2,183,64,569956.016680872,4897740.75332909,hja2016_197,HJA-2016_soil_17,1,soil_enriched,772,5,0.006476683937823834,0.86,11282.73288111161,FALSE,0,TRUE,TRUE,TRUE
hja2016_079,64,hyporheic,2,163,33.5,570527.99142083,4895508.85189625,hja2016_197,HJA-2016_soil_17,1,soil_enriched,772,16,0.02072538860103627,1.26,11514.259312802751,FALSE,0,TRUE,FALSE,FALSE
hja2016_084,177,hyporheic,1,452,14.8,565808.199860345,4901620.58198475,hja2016_197,HJA-2016_soil_17,1,soil_enriched,772,10,0.012953367875647668,0.92,9523.006575182973,FALSE,0,TRUE,TRUE,TRUE
hja2016_127,60,sediment,2,316,43.1,567391.129953618,4898693.71124374,hja2016_197,HJA-2016_soil_17,1,soil_enriched,772,45,0.05829015544041451,1.3,9169.500851157969,FALSE,0,TRUE,FALSE,FALSE
hja2016_129,72,sediment,4,16,568.3,566542.167446234,4896499.80813279,hja2016_197,HJA-2016_soil_17,1,soil_enriched,772,47,0.06088082901554404,2.58,7675.577447144639,FALSE,0,TRUE,TRUE,TRUE
hja2016_131,74,sediment,2,373,70,565310.221852481,4897724.75403567,hja2016_197,HJA-2016_soil_17,1,soil_enriched,772,55,0.07124352331606218,2.63,6874.326463811788,FALSE,0,TRUE,TRUE,TRUE
hja2016_132,84,sediment,4,112,622.7,566447.171641521,4900685.6232752,hja2016_197,HJA-2016_soil_17,1,soil_enriched,772,73,0.09455958549222798,2.26,9387.768672449809,FALSE,0,TRUE,TRUE,TRUE
hja2016_133,161,sediment,5,51,5699.1,561109.407372482,4897170.77850081,hja2016_197,HJA-2016_soil_17,1,soil_enriched,772,102,0.13212435233160622,5.78,3055.73922385039,FALSE,0,TRUE,TRUE,TRUE
hja2016_135,169,sediment,2,144,53.5,568641.074752475,4902527.5419308,hja2016_197,HJA-2016_soil_17,1,soil_enriched,772,62,0.08031088082901554,2.63,12250.699071003923,FALSE,0,TRUE,TRUE,TRUE
hja2016_136,190,sediment,1,546,14.2,564169.272240084,4897881.7471024,hja2016_197,HJA-2016_soil_17,1,soil_enriched,772,63,0.08160621761658031,2.19,5926.558433392558,FALSE,0,TRUE,FALSE,FALSE
hja2016_139,CC-2,sediment,2,183,63.6,569992.01509108,4897760.75244588,hja2016_197,HJA-2016_soil_17,1,soil_enriched,772,86,0.11139896373056994,3.24,11322.580068739775,FALSE,0,TRUE,TRUE,TRUE
hja2016_140,CC-3,sediment,2,183,63,570038.013059678,4897795.75090024,hja2016_197,HJA-2016_soil_17,1,soil_enriched,772,61,0.07901554404145078,2.22,11375.882323631278,FALSE,0,TRUE,TRUE,TRUE
hja2016_141,CC-4,sediment,2,183,58.5,570162.007583724,4897831.74931045,hja2016_197,HJA-2016_soil_17,1,soil_enriched,772,64,0.08290155440414508,2.27,11504.945935734104,FALSE,0,TRUE,TRUE,TRUE
hja2016_142,KC-1,sediment,3,362,114.7,562012.367495176,4896802.79475203,hja2016_197,HJA-2016_soil_17,1,soil_enriched,772,54,0.06994818652849741,1.54,3521.4066934929992,FALSE,0,TRUE,TRUE,TRUE
hja2016_144,KC-3,sediment,3,362,114,562000.368025107,4896680.80013966,hja2016_197,HJA-2016_soil_17,1,soil_enriched,772,33,0.042746113989637305,1.48,3447.8406349206816,FALSE,0,TRUE,TRUE,TRUE
hja2016_145,155,sediment,2,345,81.2,565811.199727862,4897652.75721525,hja2016_197,HJA-2016_soil_17,1,soil_enriched,772,55,0.07124352331606218,2.18,7307.871101678858,FALSE,0,TRUE,FALSE,FALSE
hja2016_146,156,sediment,5,24,2575.9,566141.185154761,4897558.76136638,hja2016_197,HJA-2016_soil_17,1,soil_enriched,772,46,0.05958549222797927,1.32,7582.092536369678,FALSE,0,TRUE,TRUE,TRUE
hja2016_147,163,sediment,5,63,6126.6,559726.468447026,4896111.82526722,hja2016_197,HJA-2016_soil_17,1,soil_enriched,772,99,0.12823834196891193,5.39,1369.794094338863,FALSE,0,TRUE,TRUE,TRUE
hja2016_148,165,sediment,2,494,27.9,564789.244860317,4900155.64668049,hja2016_197,HJA-2016_soil_17,1,soil_enriched,772,90,0.11658031088082901,3.36,7775.746857685037,FALSE,0,TRUE,FALSE,FALSE
hja2016_150,53,sediment,3,78,280.7,568092.098996817,4898223.73199937,hja2016_197,HJA-2016_soil_17,1,soil_enriched,772,51,0.06606217616580311,1.66,9642.711543314153,FALSE,0,TRUE,TRUE,TRUE
hja2016_151,64,sediment,2,163,33.5,570527.99142083,4895508.85189625,hja2016_197,HJA-2016_soil_17,1,soil_enriched,772,116,0.15025906735751296,4.73,11514.259312802751,FALSE,0,TRUE,FALSE,FALSE
hja2016_152,66,sediment,4,79,1360.7,567970.104384448,4898153.73509064,hja2016_197,HJA-2016_soil_17,1,soil_enriched,772,38,0.04922279792746114,0.92,9504.184932917147,FALSE,0,TRUE,TRUE,TRUE
hja2016_155,82,sediment,2,536,36.6,564452.259742545,4899854.65997292,hja2016_197,HJA-2016_soil_17,1,soil_enriched,772,91,0.11787564766839378,3.49,7323.927992416931,FALSE,0,TRUE,TRUE,TRUE
hja2016_157,43,sediment,1,538,7.8,567346.131940859,4898257.7304979,hja2016_197,HJA-2016_soil_17,1,soil_enriched,772,51,0.06606217616580311,1.5,8957.699521987983,FALSE,0,TRUE,FALSE,FALSE
hja2016_159,49,sediment,5,40,3399.1,563281.311454976,4898046.73981585,hja2016_197,HJA-2016_soil_17,1,soil_enriched,772,44,0.05699481865284974,1.39,5270.902629810743,FALSE,0,TRUE,TRUE,TRUE
hja2016_160,50,sediment,5,41,4956.4,563054.321479503,4898132.73601802,hja2016_197,HJA-2016_soil_17,1,soil_enriched,772,31,0.04015544041450777,0.77,5142.561473306318,FALSE,0,TRUE,TRUE,TRUE
hja2016_031,161,hyporheic,5,51,5699.1,561109.407372482,4897170.77850081,hja2016_197,HJA-2016_soil_17,1,soil_enriched,772,2,0.0025906735751295338,0.35,3055.73922385039,FALSE,0,TRUE,TRUE,TRUE
hja2016_032,54,hyporheic,3,363,207.7,561802.376768968,4897363.76997776,hja2016_197,HJA-2016_soil_17,1,soil_enriched,772,4,0.0051813471502590676,0.42,3688.240051990639,FALSE,0,TRUE,TRUE,TRUE
hja2016_035,192,hyporheic,2,542,28.5,564620.252323511,4897836.74908965,hja2016_197,HJA-2016_soil_17,1,soil_enriched,772,5,0.006476683937823834,0.78,6300.895117747916,FALSE,0,TRUE,TRUE,TRUE
hja2016_037,43,hyporheic,1,538,7.8,567346.131940859,4898257.7304979,hja2016_197,HJA-2016_soil_17,1,soil_enriched,772,0,0,0,8957.699521987983,FALSE,0,TRUE,FALSE,FALSE
hja2016_042,165,planktonic,2,494,27.9,564789.244860317,4900155.64668049,hja2016_197,HJA-2016_soil_17,1,soil_enriched,772,1,0.0012953367875647669,0.07,7775.746857685037,FALSE,0,TRUE,FALSE,FALSE
hja2016_043,KC-2,hyporheic,3,362,114.2,561999.368069268,4896735.79771081,hja2016_197,HJA-2016_soil_17,1,soil_enriched,772,6,0.007772020725388601,1.11,3475.182033524307,FALSE,0,TRUE,TRUE,TRUE
hja2016_049,67,planktonic,4,83,1558.1,567119.141965387,4897968.74326041,hja2016_197,HJA-2016_soil_17,1,soil_enriched,772,2,0.0025906735751295338,0.06,8641.634103484002,FALSE,0,TRUE,TRUE,TRUE
hja2016_050,165,hyporheic,2,494,27.9,564789.244860317,4900155.64668049,hja2016_197,HJA-2016_soil_17,1,soil_enriched,772,8,0.010362694300518135,0.63,7775.746857685037,FALSE,0,TRUE,FALSE,FALSE
hja2016_052,163,hyporheic,5,63,6126.6,559726.468447026,4896111.82526722,hja2016_197,HJA-2016_soil_17,1,soil_enriched,772,19,0.02461139896373057,1.18,1369.794094338863,FALSE,0,TRUE,TRUE,TRUE
hja2016_056,KC-1,hyporheic,3,362,114.7,562012.367495176,4896802.79475203,hja2016_197,HJA-2016_soil_17,1,soil_enriched,772,9,0.011658031088082901,0.59,3521.4066934929992,FALSE,0,TRUE,TRUE,TRUE
hja2016_057,71,hyporheic,3,556,101.7,562662.338790582,4897988.74237719,hja2016_197,HJA-2016_soil_17,1,soil_enriched,772,2,0.0025906735751295338,0.62,4747.900319734572,FALSE,0,TRUE,TRUE,TRUE
hja2016_059,KC-2,planktonic,3,362,114.2,561999.368069268,4896735.79771081,hja2016_197,HJA-2016_soil_17,1,soil_enriched,772,20,0.025906735751295335,1.59,3475.182033524307,FALSE,0,TRUE,TRUE,TRUE
hja2016_062,WS3-3,hyporheic,2,511,93.4,560639.428128111,4896408.81215143,hja2016_197,HJA-2016_soil_17,1,soil_enriched,772,13,0.01683937823834197,0.88,2184.743418632016,FALSE,0,TRUE,TRUE,TRUE
hja2016_064,WS3-4,planktonic,2,510,81.3,560692.425787583,4896348.81480109,hja2016_197,HJA-2016_soil_17,1,soil_enriched,772,3,0.0038860103626943004,0.56,2184.7800335612033,FALSE,0,TRUE,TRUE,TRUE
hja2016_099,162,planktonic,5,66,6208.4,559348.485139852,4895468.85366269,hja2016_197,HJA-2016_soil_17,1,soil_enriched,772,9,0.011658031088082901,0.28,623.9598606907086,FALSE,0,TRUE,TRUE,TRUE
hja2016_100,64,planktonic,2,163,33.5,570527.99142083,4895508.85189625,hja2016_197,HJA-2016_soil_17,1,soil_enriched,772,8,0.010362694300518135,0.14,11514.259312802751,FALSE,0,TRUE,FALSE,FALSE
hja2016_101,58,planktonic,3,385,67.2,566998.147308857,4898497.71989928,hja2016_197,HJA-2016_soil_17,1,soil_enriched,772,14,0.018134715025906734,0.28,8730.726668677686,FALSE,0,TRUE,TRUE,TRUE
hja2016_102,73,hyporheic,2,255,137,566310.177691566,4896786.79545861,hja2016_197,HJA-2016_soil_17,1,soil_enriched,772,12,0.015544041450777202,0.31,7514.211515619127,FALSE,0,TRUE,TRUE,TRUE
hja2016_103,260,planktonic,4,23,866.1,566425.172613061,4897456.76587079,hja2016_197,HJA-2016_soil_17,1,soil_enriched,772,25,0.03238341968911917,0.45,7815.604598230904,FALSE,0,TRUE,FALSE,FALSE
hja2016_105,178,planktonic,2,411,19.9,566185.18321168,4901793.57434491,hja2016_197,HJA-2016_soil_17,1,soil_enriched,772,15,0.019430051813471502,0.41,9913.89470826251,FALSE,0,TRUE,TRUE,TRUE
hja2016_106,170,planktonic,2,229,49.4,570659.985591589,4896908.79007097,hja2016_197,HJA-2016_soil_17,1,soil_enriched,772,8,0.010362694300518135,0.11,11798.40644113867,FALSE,0,TRUE,FALSE,FALSE
hja2016_107,57,hyporheic,4,131,1488.8,563668.294364702,4898599.71539487,hja2016_197,HJA-2016_soil_17,1,soil_enriched,772,15,0.019430051813471502,0.41,5913.794021875524,FALSE,0,TRUE,TRUE,TRUE
hja2016_109,169,planktonic,2,144,53.5,568641.074752475,4902527.5419308,hja2016_197,HJA-2016_soil_17,1,soil_enriched,772,9,0.011658031088082901,0.46,12250.699071003923,FALSE,0,TRUE,TRUE,TRUE
hja2016_110,76,hyporheic,3,150,303.5,570464.994202967,4896947.7883487,hja2016_197,HJA-2016_soil_17,1,soil_enriched,772,9,0.011658031088082901,0.35,11612.914452589946,FALSE,0,TRUE,TRUE,TRUE
hja2016_111,160,planktonic,5,24,2569.5,566416.173010509,4897492.764281,hja2016_197,HJA-2016_soil_17,1,soil_enriched,772,14,0.018134715025906734,0.31,7818.7968460936545,FALSE,0,TRUE,TRUE,TRUE
hja2016_114,WS1-5,planktonic,2,522,87.9,559517.477676657,4895016.87362342,hja2016_197,HJA-2016_soil_17,1,soil_enriched,772,16,0.02072538860103627,0.3,496.42309199158746,FALSE,0,TRUE,TRUE,TRUE
hja2016_116,53,planktonic,3,78,280.7,568092.098996817,4898223.73199937,hja2016_197,HJA-2016_soil_17,1,soil_enriched,772,15,0.019430051813471502,0.38,9642.711543314153,FALSE,0,TRUE,TRUE,TRUE
hja2016_119,56,planktonic,3,321,99.5,562839.3309741,4897811.75019367,hja2016_197,HJA-2016_soil_17,1,soil_enriched,772,29,0.03756476683937824,0.55,4775.995104478822,FALSE,0,TRUE,TRUE,TRUE
hja2016_121,84,hyporheic,4,112,622.7,566447.171641521,4900685.6232752,hja2016_197,HJA-2016_soil_17,1,soil_enriched,772,7,0.009067357512953367,0.1,9387.768672449809,FALSE,0,TRUE,TRUE,TRUE
hja2016_122,45,sediment,3,390,193.2,565977.192397151,4897892.74661664,hja2016_197,HJA-2016_soil_17,1,soil_enriched,772,53,0.06865284974093264,1.64,7552.962137358374,FALSE,0,TRUE,TRUE,TRUE
hja2016_125,56,sediment,3,321,99.5,562839.3309741,4897811.75019367,hja2016_197,HJA-2016_soil_17,1,soil_enriched,772,54,0.06994818652849741,1.66,4775.995104478822,FALSE,0,TRUE,TRUE,TRUE
hja2016_164,260,sediment,4,23,866.1,566425.172613061,4897456.76587079,hja2016_197,HJA-2016_soil_17,1,soil_enriched,772,80,0.10362694300518134,2.42,7815.604598230904,FALSE,0,TRUE,FALSE,FALSE
hja2016_166,57,sediment,4,131,1488.8,563668.294364702,4898599.71539487,hja2016_197,HJA-2016_soil_17,1,soil_enriched,772,45,0.05829015544041451,1.06,5913.794021875524,FALSE,0,TRUE,TRUE,TRUE
hja2016_167,WS3-1,sediment,2,511,96.4,560508.433913191,4896516.80738205,hja2016_197,HJA-2016_soil_17,1,soil_enriched,772,100,0.12953367875647667,5.8,2167.591609835966,FALSE,0,TRUE,TRUE,TRUE
hja2016_169,WS3-2,sediment,2,511,95.7,560554.431881789,4896487.80866272,hja2016_197,HJA-2016_soil_17,1,soil_enriched,772,115,0.1489637305699482,5.5,2178.476628857452,FALSE,0,TRUE,TRUE,TRUE
hja2016_170,WS3-3,sediment,2,511,93.4,560639.428128111,4896408.81215143,hja2016_197,HJA-2016_soil_17,1,soil_enriched,772,84,0.10880829015544041,2.38,2184.743418632016,FALSE,0,TRUE,TRUE,TRUE
hja2016_177,WS1-3,sediment,2,522,92.1,559404.482666841,4895069.8712829,hja2016_197,HJA-2016_soil_17,1,soil_enriched,772,68,0.08808290155440414,2.62,400.33553360311737,FALSE,0,TRUE,TRUE,TRUE
hja2016_179,WS1-5,sediment,2,522,87.9,559517.477676657,4895016.87362342,hja2016_197,HJA-2016_soil_17,1,soil_enriched,772,51,0.06606217616580311,1.69,496.42309199158746,FALSE,0,TRUE,TRUE,TRUE
hja2016_180,WS1-6,sediment,2,522,82.7,559631.472642313,4894993.87463913,hja2016_197,HJA-2016_soil_17,1,soil_enriched,772,39,0.050518134715025906,1.03,606.3740533198791,FALSE,0,TRUE,TRUE,TRUE
hja2016_181,177,sediment,1,452,14.8,565808.199860345,4901620.58198475,hja2016_197,HJA-2016_soil_17,1,soil_enriched,772,87,0.11269430051813471,2.24,9523.006575182973,FALSE,0,TRUE,TRUE,TRUE
hja2016_001,50,planktonic,5,41,4956.4,563054.321479503,4898132.73601802,hja2016_198,HJA-2016_soil_18,1,soil_detected,3040,41,0.013486842105263158,9.77,4735.163051647104,FALSE,0,TRUE,TRUE,TRUE
hja2016_008,WS3-1,hyporheic,2,511,96.4,560508.433913191,4896516.80738205,hja2016_198,HJA-2016_soil_18,1,soil_detected,3040,132,0.04342105263157895,20.48,1802.8509508042239,FALSE,0,TRUE,TRUE,TRUE
hja2016_009,60,hyporheic,2,316,43.1,567391.129953618,4898693.71124374,hja2016_198,HJA-2016_soil_18,1,soil_detected,3040,118,0.03881578947368421,23.08,8728.092559876224,FALSE,0,TRUE,FALSE,FALSE
hja2016_010,164,planktonic,3,502,60.8,560307.442789535,4895737.8417834,hja2016_198,HJA-2016_soil_18,1,soil_detected,3040,25,0.008223684210526315,8.84,1091.4000985366395,FALSE,0,TRUE,TRUE,TRUE
hja2016_011,WS1-6,planktonic,2,522,82.7,559631.472642313,4894993.87463913,hja2016_198,HJA-2016_soil_18,1,soil_detected,3040,187,0.06151315789473684,16.13,180.61730753557177,FALSE,0,TRUE,TRUE,TRUE
hja2016_013,WS1-4,planktonic,2,522,89.8,559453.480502956,4895042.87247524,hja2016_198,HJA-2016_soil_18,1,soil_detected,3040,126,0.04144736842105263,14.96,9.7620304592070255,TRUE,0.8518518518518519,FALSE,TRUE,FALSE
hja2016_014,WS1-6,hyporheic,2,522,82.7,559631.472642313,4894993.87463913,hja2016_198,HJA-2016_soil_18,1,soil_detected,3040,89,0.029276315789473685,17.78,180.61730753557177,FALSE,0,TRUE,TRUE,TRUE
hja2016_015,47,hyporheic,4,134,1550.1,563254.31264732,4898130.73610634,hja2016_198,HJA-2016_soil_18,1,soil_detected,3040,54,0.017763157894736842,14.43,4887.448641062916,FALSE,0,TRUE,TRUE,TRUE
hja2016_016,74,hyporheic,2,373,70,565310.221852481,4897724.75403567,hja2016_198,HJA-2016_soil_18,1,soil_detected,3040,39,0.012828947368421053,7.07,6432.69141138128,FALSE,0,TRUE,TRUE,TRUE
hja2016_018,WS1-5,hyporheic,2,522,87.9,559517.477676657,4895016.87362342,hja2016_198,HJA-2016_soil_18,1,soil_detected,3040,137,0.04506578947368421,8.89,66.5695257689727,FALSE,0,TRUE,TRUE,TRUE
hja2016_019,155,hyporheic,2,345,81.2,565811.199727862,4897652.75721525,hja2016_198,HJA-2016_soil_18,1,soil_detected,3040,117,0.03848684210526316,19.04,6863.84404620505,FALSE,0,TRUE,FALSE,FALSE
hja2016_020,WS1-2,hyporheic,2,522,93.6,559354.484874886,4895103.86978142,hja2016_198,HJA-2016_soil_18,1,soil_detected,3040,217,0.07138157894736842,16.84,118.25019909971482,TRUE,1,TRUE,TRUE,TRUE
hja2016_021,156,hyporheic,5,24,2575.9,566141.185154761,4897558.76136638,hja2016_198,HJA-2016_soil_18,1,soil_detected,3040,52,0.017105263157894738,10.97,7136.702159420954,FALSE,0,TRUE,TRUE,TRUE
hja2016_027,WS3-6,planktonic,2,510,78.4,560819.420179147,4896235.81979127,hja2016_198,HJA-2016_soil_18,1,soil_detected,3040,90,0.029605263157894735,9.92,1803.868155506703,FALSE,0,TRUE,TRUE,TRUE
hja2016_065,68,hyporheic,5,30,3032.2,565145.229139031,4897899.74630751,hja2016_198,HJA-2016_soil_18,1,soil_detected,3040,170,0.05592105263157895,21.41,6359.471024403313,FALSE,0,TRUE,TRUE,TRUE
hja2016_066,49,hyporheic,5,40,3399.1,563281.311454976,4898046.73981585,hja2016_198,HJA-2016_soil_18,1,soil_detected,3040,178,0.05855263157894737,15.01,4856.16407733212,FALSE,0,TRUE,TRUE,TRUE
hja2016_070,56,hyporheic,3,321,99.5,562839.3309741,4897811.75019367,hja2016_198,HJA-2016_soil_18,1,soil_detected,3040,75,0.024671052631578948,10.49,4364.242015028436,FALSE,0,TRUE,TRUE,TRUE
hja2016_071,164,hyporheic,3,502,60.8,560307.442789535,4895737.8417834,hja2016_198,HJA-2016_soil_18,1,soil_detected,3040,231,0.07598684210526316,19.68,1091.4000985366395,FALSE,0,TRUE,TRUE,TRUE
hja2016_075,260,hyporheic,4,23,866.1,566425.172613061,4897456.76587079,hja2016_198,HJA-2016_soil_18,1,soil_detected,3040,119,0.03914473684210526,20.19,7369.305956388233,FALSE,0,TRUE,FALSE,FALSE
hja2016_078,CC-1,hyporheic,2,183,64,569956.016680872,4897740.75332909,hja2016_198,HJA-2016_soil_18,1,soil_detected,3040,127,0.04177631578947368,19.03,10835.486263394596,FALSE,0,TRUE,TRUE,TRUE
hja2016_079,64,hyporheic,2,163,33.5,570527.99142083,4895508.85189625,hja2016_198,HJA-2016_soil_18,1,soil_detected,3040,133,0.04375,17.4,11077.610827329456,FALSE,0,TRUE,FALSE,FALSE
hja2016_084,177,hyporheic,1,452,14.8,565808.199860345,4901620.58198475,hja2016_198,HJA-2016_soil_18,1,soil_detected,3040,104,0.034210526315789476,17.22,9136.219431347461,FALSE,0,TRUE,TRUE,TRUE
hja2016_127,60,sediment,2,316,43.1,567391.129953618,4898693.71124374,hja2016_198,HJA-2016_soil_18,1,soil_detected,3040,612,0.2013157894736842,31.62,8728.092559876224,FALSE,0,TRUE,FALSE,FALSE
hja2016_129,72,sediment,4,16,568.3,566542.167446234,4896499.80813279,hja2016_198,HJA-2016_soil_18,1,soil_detected,3040,684,0.225,36.77,7229.111857472629,FALSE,0,TRUE,TRUE,TRUE
hja2016_131,74,sediment,2,373,70,565310.221852481,4897724.75403567,hja2016_198,HJA-2016_soil_18,1,soil_detected,3040,742,0.24407894736842106,35.1,6432.69141138128,FALSE,0,TRUE,TRUE,TRUE
hja2016_132,84,sediment,4,112,622.7,566447.171641521,4900685.6232752,hja2016_198,HJA-2016_soil_18,1,soil_detected,3040,840,0.27631578947368424,39.66,8976.62245244036,FALSE,0,TRUE,TRUE,TRUE
hja2016_133,161,sediment,5,51,5699.1,561109.407372482,4897170.77850081,hja2016_198,HJA-2016_soil_18,1,soil_detected,3040,826,0.27171052631578946,45.26,2686.5600656391903,FALSE,0,TRUE,TRUE,TRUE
hja2016_135,169,sediment,2,144,53.5,568641.074752475,4902527.5419308,hja2016_198,HJA-2016_soil_18,1,soil_detected,3040,763,0.2509868421052632,41.16,11840.790926087466,FALSE,0,TRUE,TRUE,TRUE
hja2016_136,190,sediment,1,546,14.2,564169.272240084,4897881.7471024,hja2016_198,HJA-2016_soil_18,1,soil_detected,3040,666,0.21907894736842104,34.72,5495.069976972914,FALSE,0,TRUE,FALSE,FALSE
hja2016_139,CC-2,sediment,2,183,63.6,569992.01509108,4897760.75244588,hja2016_198,HJA-2016_soil_18,1,soil_detected,3040,781,0.2569078947368421,38.19,10875.328159595249,FALSE,0,TRUE,TRUE,TRUE
hja2016_140,CC-3,sediment,2,183,63,570038.013059678,4897795.75090024,hja2016_198,HJA-2016_soil_18,1,soil_detected,3040,655,0.21546052631578946,32.88,10928.620415573041,FALSE,0,TRUE,TRUE,TRUE
hja2016_141,CC-4,sediment,2,183,58.5,570162.007583724,4897831.74931045,hja2016_198,HJA-2016_soil_18,1,soil_detected,3040,645,0.21217105263157895,33.83,11057.682580298573,FALSE,0,TRUE,TRUE,TRUE
hja2016_142,KC-1,sediment,3,362,114.7,562012.367495176,4896802.79475203,hja2016_198,HJA-2016_soil_18,1,soil_detected,3040,586,0.19276315789473683,31.42,3096.2284138540695,FALSE,0,TRUE,TRUE,TRUE
hja2016_144,KC-3,sediment,3,362,114,562000.368025107,4896680.80013966,hja2016_198,HJA-2016_soil_18,1,soil_detected,3040,535,0.17598684210526316,33.16,3018.7409764815766,FALSE,0,TRUE,TRUE,TRUE
hja2016_145,155,sediment,2,345,81.2,565811.199727862,4897652.75721525,hja2016_198,HJA-2016_soil_18,1,soil_detected,3040,736,0.24210526315789474,37.1,6863.84404620505,FALSE,0,TRUE,FALSE,FALSE
hja2016_146,156,sediment,5,24,2575.9,566141.185154761,4897558.76136638,hja2016_198,HJA-2016_soil_18,1,soil_detected,3040,587,0.1930921052631579,31.3,7136.702159420954,FALSE,0,TRUE,TRUE,TRUE
hja2016_147,163,sediment,5,63,6126.6,559726.468447026,4896111.82526722,hja2016_198,HJA-2016_soil_18,1,soil_detected,3040,869,0.2858552631578947,45.79,1094.5412202238017,FALSE,0,TRUE,TRUE,TRUE
hja2016_148,165,sediment,2,494,27.9,564789.244860317,4900155.64668049,hja2016_198,HJA-2016_soil_18,1,soil_detected,3040,809,0.26611842105263156,39.49,7380.194279453538,FALSE,0,TRUE,FALSE,FALSE
hja2016_150,53,sediment,3,78,280.7,568092.098996817,4898223.73199937,hja2016_198,HJA-2016_soil_18,1,soil_detected,3040,645,0.21217105263157895,32.32,9197.07870692452,FALSE,0,TRUE,TRUE,TRUE
hja2016_151,64,sediment,2,163,33.5,570527.99142083,4895508.85189625,hja2016_198,HJA-2016_soil_18,1,soil_detected,3040,937,0.3082236842105263,40.61,11077.610827329456,FALSE,0,TRUE,FALSE,FALSE
hja2016_152,66,sediment,4,79,1360.7,567970.104384448,4898153.73509064,hja2016_198,HJA-2016_soil_18,1,soil_detected,3040,600,0.19736842105263158,29.29,9058.454704072268,FALSE,0,TRUE,TRUE,TRUE
hja2016_155,82,sediment,2,536,36.6,564452.259742545,4899854.65997292,hja2016_198,HJA-2016_soil_18,1,soil_detected,3040,819,0.2694078947368421,38.8,6928.655671280818,FALSE,0,TRUE,TRUE,TRUE
hja2016_157,43,sediment,1,538,7.8,567346.131940859,4898257.7304979,hja2016_198,HJA-2016_soil_18,1,soil_detected,3040,664,0.21842105263157896,33.08,8513.575129456362,FALSE,0,TRUE,FALSE,FALSE
hja2016_159,49,sediment,5,40,3399.1,563281.311454976,4898046.73981585,hja2016_198,HJA-2016_soil_18,1,soil_detected,3040,609,0.20032894736842105,34.76,4856.16407733212,FALSE,0,TRUE,TRUE,TRUE
hja2016_160,50,sediment,5,41,4956.4,563054.321479503,4898132.73601802,hja2016_198,HJA-2016_soil_18,1,soil_detected,3040,455,0.14967105263157895,21.71,4735.163051647104,FALSE,0,TRUE,TRUE,TRUE
hja2016_031,161,hyporheic,5,51,5699.1,561109.407372482,4897170.77850081,hja2016_198,HJA-2016_soil_18,1,soil_detected,3040,42,0.01381578947368421,13.37,2686.5600656391903,FALSE,0,TRUE,TRUE,TRUE
hja2016_032,54,hyporheic,3,363,207.7,561802.376768968,4897363.76997776,hja2016_198,HJA-2016_soil_18,1,soil_detected,3040,57,0.01875,15.57,3292.3690240901924,FALSE,0,TRUE,TRUE,TRUE
hja2016_035,192,hyporheic,2,542,28.5,564620.252323511,4897836.74908965,hja2016_198,HJA-2016_soil_18,1,soil_detected,3040,59,0.019407894736842107,10.95,5864.645294420613,FALSE,0,TRUE,TRUE,TRUE
hja2016_037,43,hyporheic,1,538,7.8,567346.131940859,4898257.7304979,hja2016_198,HJA-2016_soil_18,1,soil_detected,3040,57,0.01875,16.5,8513.575129456362,FALSE,0,TRUE,FALSE,FALSE
hja2016_042,165,planktonic,2,494,27.9,564789.244860317,4900155.64668049,hja2016_198,HJA-2016_soil_18,1,soil_detected,3040,31,0.010197368421052632,8.42,7380.194279453538,FALSE,0,TRUE,FALSE,FALSE
hja2016_043,KC-2,hyporheic,3,362,114.2,561999.368069268,4896735.79771081,hja2016_198,HJA-2016_soil_18,1,soil_detected,3040,78,0.025657894736842105,20.25,3047.9657243921524,FALSE,0,TRUE,TRUE,TRUE
hja2016_049,67,planktonic,4,83,1558.1,567119.141965387,4897968.74326041,hja2016_198,HJA-2016_soil_18,1,soil_detected,3040,28,0.009210526315789473,7.82,8196.459860458364,FALSE,0,TRUE,TRUE,TRUE
hja2016_050,165,hyporheic,2,494,27.9,564789.244860317,4900155.64668049,hja2016_198,HJA-2016_soil_18,1,soil_detected,3040,132,0.04342105263157895,15.09,7380.194279453538,FALSE,0,TRUE,FALSE,FALSE
hja2016_052,163,hyporheic,5,63,6126.6,559726.468447026,4896111.82526722,hja2016_198,HJA-2016_soil_18,1,soil_detected,3040,170,0.05592105263157895,17.42,1094.5412202238017,FALSE,0,TRUE,TRUE,TRUE
hja2016_056,KC-1,hyporheic,3,362,114.7,562012.367495176,4896802.79475203,hja2016_198,HJA-2016_soil_18,1,soil_detected,3040,182,0.05986842105263158,15.22,3096.2284138540695,FALSE,0,TRUE,TRUE,TRUE
hja2016_057,71,hyporheic,3,556,101.7,562662.338790582,4897988.74237719,hja2016_198,HJA-2016_soil_18,1,soil_detected,3040,55,0.018092105263157895,9.39,4346.322166926757,FALSE,0,TRUE,TRUE,TRUE
hja2016_059,KC-2,planktonic,3,362,114.2,561999.368069268,4896735.79771081,hja2016_198,HJA-2016_soil_18,1,soil_detected,3040,172,0.056578947368421055,17.54,3047.9657243921524,FALSE,0,TRUE,TRUE,TRUE
hja2016_062,WS3-3,hyporheic,2,511,93.4,560639.428128111,4896408.81215143,hja2016_198,HJA-2016_soil_18,1,soil_detected,3040,198,0.06513157894736842,13.37,1799.1777063243635,FALSE,0,TRUE,TRUE,TRUE
hja2016_064,WS3-4,planktonic,2,510,81.3,560692.425787583,4896348.81480109,hja2016_198,HJA-2016_soil_18,1,soil_detected,3040,92,0.030263157894736843,14.48,1790.3784472458547,FALSE,0,TRUE,TRUE,TRUE
hja2016_099,162,planktonic,5,66,6208.4,559348.485139852,4895468.85366269,hja2016_198,HJA-2016_soil_18,1,soil_detected,3040,98,0.03223684210526316,3.38,433.17477253201287,FALSE,0,TRUE,TRUE,TRUE
hja2016_100,64,planktonic,2,163,33.5,570527.99142083,4895508.85189625,hja2016_198,HJA-2016_soil_18,1,soil_detected,3040,69,0.022697368421052633,2.16,11077.610827329456,FALSE,0,TRUE,FALSE,FALSE
hja2016_101,58,planktonic,3,385,67.2,566998.147308857,4898497.71989928,hja2016_198,HJA-2016_soil_18,1,soil_detected,3040,98,0.03223684210526316,3.53,8289.184731358639,FALSE,0,TRUE,TRUE,TRUE
hja2016_102,73,hyporheic,2,255,137,566310.177691566,4896786.79545861,hja2016_198,HJA-2016_soil_18,1,soil_detected,3040,91,0.02993421052631579,3.32,7066.980514964893,FALSE,0,TRUE,TRUE,TRUE
hja2016_103,260,planktonic,4,23,866.1,566425.172613061,4897456.76587079,hja2016_198,HJA-2016_soil_18,1,soil_detected,3040,216,0.07105263157894737,8.09,7369.305956388233,FALSE,0,TRUE,FALSE,FALSE
hja2016_105,178,planktonic,2,411,19.9,566185.18321168,4901793.57434491,hja2016_198,HJA-2016_soil_18,1,soil_detected,3040,106,0.034868421052631576,3.91,9523.770661477496,FALSE,0,TRUE,TRUE,TRUE
hja2016_106,170,planktonic,2,229,49.4,570659.985591589,4896908.79007097,hja2016_198,HJA-2016_soil_18,1,soil_detected,3040,56,0.018421052631578946,1.19,11353.263973696423,FALSE,0,TRUE,FALSE,FALSE
hja2016_107,57,hyporheic,4,131,1488.8,563668.294364702,4898599.71539487,hja2016_198,HJA-2016_soil_18,1,soil_detected,3040,124,0.04078947368421053,3.54,5505.406605713743,FALSE,0,TRUE,TRUE,TRUE
hja2016_109,169,planktonic,2,144,53.5,568641.074752475,4902527.5419308,hja2016_198,HJA-2016_soil_18,1,soil_detected,3040,87,0.028618421052631578,3.81,11840.790926087466,FALSE,0,TRUE,TRUE,TRUE
hja2016_110,76,hyporheic,3,150,303.5,570464.994202967,4896947.7883487,hja2016_198,HJA-2016_soil_18,1,soil_detected,3040,84,0.02763157894736842,3.83,11167.508950982683,FALSE,0,TRUE,TRUE,TRUE
hja2016_111,160,planktonic,5,24,2569.5,566416.173010509,4897492.764281,hja2016_198,HJA-2016_soil_18,1,soil_detected,3040,128,0.042105263157894736,4.13,7372.648041188147,FALSE,0,TRUE,TRUE,TRUE
hja2016_114,WS1-5,planktonic,2,522,87.9,559517.477676657,4895016.87362342,hja2016_198,HJA-2016_soil_18,1,soil_detected,3040,138,0.045394736842105265,4.34,66.5695257689727,FALSE,0,TRUE,TRUE,TRUE
hja2016_116,53,planktonic,3,78,280.7,568092.098996817,4898223.73199937,hja2016_198,HJA-2016_soil_18,1,soil_detected,3040,128,0.042105263157894736,4.34,9197.07870692452,FALSE,0,TRUE,TRUE,TRUE
hja2016_119,56,planktonic,3,321,99.5,562839.3309741,4897811.75019367,hja2016_198,HJA-2016_soil_18,1,soil_detected,3040,227,0.07467105263157894,7.45,4364.242015028436,FALSE,0,TRUE,TRUE,TRUE
hja2016_121,84,hyporheic,4,112,622.7,566447.171641521,4900685.6232752,hja2016_198,HJA-2016_soil_18,1,soil_detected,3040,49,0.01611842105263158,1.03,8976.62245244036,FALSE,0,TRUE,TRUE,TRUE
hja2016_122,45,sediment,3,390,193.2,565977.192397151,4897892.74661664,hja2016_198,HJA-2016_soil_18,1,soil_detected,3040,681,0.22401315789473683,36.31,7110.217959952251,FALSE,0,TRUE,TRUE,TRUE
hja2016_125,56,sediment,3,321,99.5,562839.3309741,4897811.75019367,hja2016_198,HJA-2016_soil_18,1,soil_detected,3040,701,0.2305921052631579,37.65,4364.242015028436,FALSE,0,TRUE,TRUE,TRUE
hja2016_164,260,sediment,4,23,866.1,566425.172613061,4897456.76587079,hja2016_198,HJA-2016_soil_18,1,soil_detected,3040,774,0.2546052631578947,37.17,7369.305956388233,FALSE,0,TRUE,FALSE,FALSE
hja2016_166,57,sediment,4,131,1488.8,563668.294364702,4898599.71539487,hja2016_198,HJA-2016_soil_18,1,soil_detected,3040,514,0.16907894736842105,22.02,5505.406605713743,FALSE,0,TRUE,TRUE,TRUE
hja2016_167,WS3-1,sediment,2,511,96.4,560508.433913191,4896516.80738205,hja2016_198,HJA-2016_soil_18,1,soil_detected,3040,879,0.2891447368421053,46.83,1802.8509508042239,FALSE,0,TRUE,TRUE,TRUE
hja2016_169,WS3-2,sediment,2,511,95.7,560554.431881789,4896487.80866272,hja2016_198,HJA-2016_soil_18,1,soil_detected,3040,912,0.3,46.35,1806.8299372316071,FALSE,0,TRUE,TRUE,TRUE
hja2016_170,WS3-3,sediment,2,511,93.4,560639.428128111,4896408.81215143,hja2016_198,HJA-2016_soil_18,1,soil_detected,3040,759,0.24967105263157896,32.21,1799.1777063243635,FALSE,0,TRUE,TRUE,TRUE
hja2016_177,WS1-3,sediment,2,522,92.1,559404.482666841,4895069.8712829,hja2016_198,HJA-2016_soil_18,1,soil_detected,3040,838,0.2756578947368421,42.75,58.768545949573614,TRUE,1,TRUE,TRUE,TRUE
hja2016_179,WS1-5,sediment,2,522,87.9,559517.477676657,4895016.87362342,hja2016_198,HJA-2016_soil_18,1,soil_detected,3040,628,0.20657894736842106,35.27,66.5695257689727,FALSE,0,TRUE,TRUE,TRUE
hja2016_180,WS1-6,sediment,2,522,82.7,559631.472642313,4894993.87463913,hja2016_198,HJA-2016_soil_18,1,soil_detected,3040,512,0.16842105263157894,22.87,180.61730753557177,FALSE,0,TRUE,TRUE,TRUE
hja2016_181,177,sediment,1,452,14.8,565808.199860345,4901620.58198475,hja2016_198,HJA-2016_soil_18,1,soil_detected,3040,825,0.2713815789473684,33.32,9136.219431347461,FALSE,0,TRUE,TRUE,TRUE
hja2016_001,50,planktonic,5,41,4956.4,563054.321479503,4898132.73601802,hja2016_198,HJA-2016_soil_18,1,soil_enriched,1048,3,0.0028625954198473282,0.62,4735.163051647104,FALSE,0,TRUE,TRUE,TRUE
hja2016_008,WS3-1,hyporheic,2,511,96.4,560508.433913191,4896516.80738205,hja2016_198,HJA-2016_soil_18,1,soil_enriched,1048,14,0.013358778625954198,1.28,1802.8509508042239,FALSE,0,TRUE,TRUE,TRUE
hja2016_009,60,hyporheic,2,316,43.1,567391.129953618,4898693.71124374,hja2016_198,HJA-2016_soil_18,1,soil_enriched,1048,12,0.011450381679389313,0.9,8728.092559876224,FALSE,0,TRUE,FALSE,FALSE
hja2016_010,164,planktonic,3,502,60.8,560307.442789535,4895737.8417834,hja2016_198,HJA-2016_soil_18,1,soil_enriched,1048,0,0,0,1091.4000985366395,FALSE,0,TRUE,TRUE,TRUE
hja2016_011,WS1-6,planktonic,2,522,82.7,559631.472642313,4894993.87463913,hja2016_198,HJA-2016_soil_18,1,soil_enriched,1048,24,0.022900763358778626,1.42,180.61730753557177,FALSE,0,TRUE,TRUE,TRUE
hja2016_013,WS1-4,planktonic,2,522,89.8,559453.480502956,4895042.87247524,hja2016_198,HJA-2016_soil_18,1,soil_enriched,1048,10,0.009541984732824428,0.89,9.7620304592070255,TRUE,0.8518518518518519,FALSE,TRUE,FALSE
hja2016_014,WS1-6,hyporheic,2,522,82.7,559631.472642313,4894993.87463913,hja2016_198,HJA-2016_soil_18,1,soil_enriched,1048,4,0.003816793893129771,0.55,180.61730753557177,FALSE,0,TRUE,TRUE,TRUE
hja2016_015,47,hyporheic,4,134,1550.1,563254.31264732,4898130.73610634,hja2016_198,HJA-2016_soil_18,1,soil_enriched,1048,2,0.0019083969465648854,0.62,4887.448641062916,FALSE,0,TRUE,TRUE,TRUE
hja2016_016,74,hyporheic,2,373,70,565310.221852481,4897724.75403567,hja2016_198,HJA-2016_soil_18,1,soil_enriched,1048,2,0.0019083969465648854,0.21,6432.69141138128,FALSE,0,TRUE,TRUE,TRUE
hja2016_018,WS1-5,hyporheic,2,522,87.9,559517.477676657,4895016.87362342,hja2016_198,HJA-2016_soil_18,1,soil_enriched,1048,19,0.01812977099236641,0.72,66.5695257689727,FALSE,0,TRUE,TRUE,TRUE
hja2016_019,155,hyporheic,2,345,81.2,565811.199727862,4897652.75721525,hja2016_198,HJA-2016_soil_18,1,soil_enriched,1048,14,0.013358778625954198,2.66,6863.84404620505,FALSE,0,TRUE,FALSE,FALSE
hja2016_020,WS1-2,hyporheic,2,522,93.6,559354.484874886,4895103.86978142,hja2016_198,HJA-2016_soil_18,1,soil_enriched,1048,25,0.02385496183206107,1.31,118.25019909971482,TRUE,1,TRUE,TRUE,TRUE
hja2016_021,156,hyporheic,5,24,2575.9,566141.185154761,4897558.76136638,hja2016_198,HJA-2016_soil_18,1,soil_enriched,1048,6,0.0057251908396946565,0.99,7136.702159420954,FALSE,0,TRUE,TRUE,TRUE
hja2016_027,WS3-6,planktonic,2,510,78.4,560819.420179147,4896235.81979127,hja2016_198,HJA-2016_soil_18,1,soil_enriched,1048,8,0.007633587786259542,0.67,1803.868155506703,FALSE,0,TRUE,TRUE,TRUE
hja2016_065,68,hyporheic,5,30,3032.2,565145.229139031,4897899.74630751,hja2016_198,HJA-2016_soil_18,1,soil_enriched,1048,20,0.019083969465648856,1.88,6359.471024403313,FALSE,0,TRUE,TRUE,TRUE
hja2016_066,49,hyporheic,5,40,3399.1,563281.311454976,4898046.73981585,hja2016_198,HJA-2016_soil_18,1,soil_enriched,1048,29,0.02767175572519084,1.73,4856.16407733212,FALSE,0,TRUE,TRUE,TRUE
hja2016_070,56,hyporheic,3,321,99.5,562839.3309741,4897811.75019367,hja2016_198,HJA-2016_soil_18,1,soil_enriched,1048,14,0.013358778625954198,1.39,4364.242015028436,FALSE,0,TRUE,TRUE,TRUE
hja2016_071,164,hyporheic,3,502,60.8,560307.442789535,4895737.8417834,hja2016_198,HJA-2016_soil_18,1,soil_enriched,1048,27,0.025763358778625955,1.33,1091.4000985366395,FALSE,0,TRUE,TRUE,TRUE
hja2016_075,260,hyporheic,4,23,866.1,566425.172613061,4897456.76587079,hja2016_198,HJA-2016_soil_18,1,soil_enriched,1048,10,0.009541984732824428,1.49,7369.305956388233,FALSE,0,TRUE,FALSE,FALSE
hja2016_078,CC-1,hyporheic,2,183,64,569956.016680872,4897740.75332909,hja2016_198,HJA-2016_soil_18,1,soil_enriched,1048,9,0.008587786259541985,1.31,10835.486263394596,FALSE,0,TRUE,TRUE,TRUE
hja2016_079,64,hyporheic,2,163,33.5,570527.99142083,4895508.85189625,hja2016_198,HJA-2016_soil_18,1,soil_enriched,1048,21,0.020038167938931296,1.37,11077.610827329456,FALSE,0,TRUE,FALSE,FALSE
hja2016_084,177,hyporheic,1,452,14.8,565808.199860345,4901620.58198475,hja2016_198,HJA-2016_soil_18,1,soil_enriched,1048,13,0.012404580152671756,1.31,9136.219431347461,FALSE,0,TRUE,TRUE,TRUE
hja2016_127,60,sediment,2,316,43.1,567391.129953618,4898693.71124374,hja2016_198,HJA-2016_soil_18,1,soil_enriched,1048,73,0.06965648854961833,1.99,8728.092559876224,FALSE,0,TRUE,FALSE,FALSE
hja2016_129,72,sediment,4,16,568.3,566542.167446234,4896499.80813279,hja2016_198,HJA-2016_soil_18,1,soil_enriched,1048,137,0.13072519083969467,5.17,7229.111857472629,FALSE,0,TRUE,TRUE,TRUE
hja2016_131,74,sediment,2,373,70,565310.221852481,4897724.75403567,hja2016_198,HJA-2016_soil_18,1,soil_enriched,1048,157,0.14980916030534353,5.39,6432.69141138128,FALSE,0,TRUE,TRUE,TRUE
hja2016_132,84,sediment,4,112,622.7,566447.171641521,4900685.6232752,hja2016_198,HJA-2016_soil_18,1,soil_enriched,1048,202,0.19274809160305342,5.06,8976.62245244036,FALSE,0,TRUE,TRUE,TRUE
hja2016_133,161,sediment,5,51,5699.1,561109.407372482,4897170.77850081,hja2016_198,HJA-2016_soil_18,1,soil_enriched,1048,270,0.25763358778625955,12.82,2686.5600656391903,FALSE,0,TRUE,TRUE,TRUE
hja2016_135,169,sediment,2,144,53.5,568641.074752475,4902527.5419308,hja2016_198,HJA-2016_soil_18,1,soil_enriched,1048,170,0.16221374045801526,5.4,11840.790926087466,FALSE,0,TRUE,TRUE,TRUE
hja2016_136,190,sediment,1,546,14.2,564169.272240084,4897881.7471024,hja2016_198,HJA-2016_soil_18,1,soil_enriched,1048,141,0.13454198473282442,3.9,5495.069976972914,FALSE,0,TRUE,FALSE,FALSE
hja2016_139,CC-2,sediment,2,183,63.6,569992.01509108,4897760.75244588,hja2016_198,HJA-2016_soil_18,1,soil_enriched,1048,191,0.18225190839694658,6.1,10875.328159595249,FALSE,0,TRUE,TRUE,TRUE
hja2016_140,CC-3,sediment,2,183,63,570038.013059678,4897795.75090024,hja2016_198,HJA-2016_soil_18,1,soil_enriched,1048,132,0.12595419847328243,3.68,10928.620415573041,FALSE,0,TRUE,TRUE,TRUE
hja2016_141,CC-4,sediment,2,183,58.5,570162.007583724,4897831.74931045,hja2016_198,HJA-2016_soil_18,1,soil_enriched,1048,130,0.12404580152671756,4.04,11057.682580298573,FALSE,0,TRUE,TRUE,TRUE
hja2016_142,KC-1,sediment,3,362,114.7,562012.367495176,4896802.79475203,hja2016_198,HJA-2016_soil_18,1,soil_enriched,1048,114,0.10877862595419847,3.42,3096.2284138540695,FALSE,0,TRUE,TRUE,TRUE
hja2016_144,KC-3,sediment,3,362,114,562000.368025107,4896680.80013966,hja2016_198,HJA-2016_soil_18,1,soil_enriched,1048,98,0.09351145038167939,3.31,3018.7409764815766,FALSE,0,TRUE,TRUE,TRUE
hja2016_145,155,sediment,2,345,81.2,565811.199727862,4897652.75721525,hja2016_198,HJA-2016_soil_18,1,soil_enriched,1048,147,0.14026717557251908,5.05,6863.84404620505,FALSE,0,TRUE,FALSE,FALSE
hja2016_146,156,sediment,5,24,2575.9,566141.185154761,4897558.76136638,hja2016_198,HJA-2016_soil_18,1,soil_enriched,1048,105,0.10019083969465649,2.76,7136.702159420954,FALSE,0,TRUE,TRUE,TRUE
hja2016_147,163,sediment,5,63,6126.6,559726.468447026,4896111.82526722,hja2016_198,HJA-2016_soil_18,1,soil_enriched,1048,276,0.2633587786259542,12.14,1094.5412202238017,FALSE,0,TRUE,TRUE,TRUE
hja2016_148,165,sediment,2,494,27.9,564789.244860317,4900155.64668049,hja2016_198,HJA-2016_soil_18,1,soil_enriched,1048,208,0.1984732824427481,6.55,7380.194279453538,FALSE,0,TRUE,FALSE,FALSE
hja2016_150,53,sediment,3,78,280.7,568092.098996817,4898223.73199937,hja2016_198,HJA-2016_soil_18,1,soil_enriched,1048,120,0.11450381679389313,3.13,9197.07870692452,FALSE,0,TRUE,TRUE,TRUE
hja2016_151,64,sediment,2,163,33.5,570527.99142083,4895508.85189625,hja2016_198,HJA-2016_soil_18,1,soil_enriched,1048,313,0.29866412213740456,11.09,11077.610827329456,FALSE,0,TRUE,FALSE,FALSE
hja2016_152,66,sediment,4,79,1360.7,567970.104384448,4898153.73509064,hja2016_198,HJA-2016_soil_18,1,soil_enriched,1048,122,0.11641221374045801,2.48,9058.454704072268,FALSE,0,TRUE,TRUE,TRUE
hja2016_155,82,sediment,2,536,36.6,564452.259742545,4899854.65997292,hja2016_198,HJA-2016_soil_18,1,soil_enriched,1048,194,0.1851145038167939,6.4,6928.655671280818,FALSE,0,TRUE,TRUE,TRUE
hja2016_157,43,sediment,1,538,7.8,567346.131940859,4898257.7304979,hja2016_198,HJA-2016_soil_18,1,soil_enriched,1048,118,0.11259541984732824,2.81,8513.575129456362,FALSE,0,TRUE,FALSE,FALSE
hja2016_159,49,sediment,5,40,3399.1,563281.311454976,4898046.73981585,hja2016_198,HJA-2016_soil_18,1,soil_enriched,1048,101,0.09637404580152671,2.85,4856.16407733212,FALSE,0,TRUE,TRUE,TRUE
hja2016_160,50,sediment,5,41,4956.4,563054.321479503,4898132.73601802,hja2016_198,HJA-2016_soil_18,1,soil_enriched,1048,62,0.05916030534351145,1.26,4735.163051647104,FALSE,0,TRUE,TRUE,TRUE
hja2016_031,161,hyporheic,5,51,5699.1,561109.407372482,4897170.77850081,hja2016_198,HJA-2016_soil_18,1,soil_enriched,1048,5,0.004770992366412214,1.31,2686.5600656391903,FALSE,0,TRUE,TRUE,TRUE
hja2016_032,54,hyporheic,3,363,207.7,561802.376768968,4897363.76997776,hja2016_198,HJA-2016_soil_18,1,soil_enriched,1048,8,0.007633587786259542,0.94,3292.3690240901924,FALSE,0,TRUE,TRUE,TRUE
hja2016_035,192,hyporheic,2,542,28.5,564620.252323511,4897836.74908965,hja2016_198,HJA-2016_soil_18,1,soil_enriched,1048,6,0.0057251908396946565,1.12,5864.645294420613,FALSE,0,TRUE,TRUE,TRUE
hja2016_037,43,hyporheic,1,538,7.8,567346.131940859,4898257.7304979,hja2016_198,HJA-2016_soil_18,1,soil_enriched,1048,0,0,0,8513.575129456362,FALSE,0,TRUE,FALSE,FALSE
hja2016_042,165,planktonic,2,494,27.9,564789.244860317,4900155.64668049,hja2016_198,HJA-2016_soil_18,1,soil_enriched,1048,1,9.541984732824427e-4,0.07,7380.194279453538,FALSE,0,TRUE,FALSE,FALSE
hja2016_043,KC-2,hyporheic,3,362,114.2,561999.368069268,4896735.79771081,hja2016_198,HJA-2016_soil_18,1,soil_enriched,1048,7,0.006679389312977099,1.21,3047.9657243921524,FALSE,0,TRUE,TRUE,TRUE
hja2016_049,67,planktonic,4,83,1558.1,567119.141965387,4897968.74326041,hja2016_198,HJA-2016_soil_18,1,soil_enriched,1048,4,0.003816793893129771,0.08,8196.459860458364,FALSE,0,TRUE,TRUE,TRUE
hja2016_050,165,hyporheic,2,494,27.9,564789.244860317,4900155.64668049,hja2016_198,HJA-2016_soil_18,1,soil_enriched,1048,16,0.015267175572519083,1.17,7380.194279453538,FALSE,0,TRUE,FALSE,FALSE
hja2016_052,163,hyporheic,5,63,6126.6,559726.468447026,4896111.82526722,hja2016_198,HJA-2016_soil_18,1,soil_enriched,1048,27,0.025763358778625955,1.56,1094.5412202238017,FALSE,0,TRUE,TRUE,TRUE
hja2016_056,KC-1,hyporheic,3,362,114.7,562012.367495176,4896802.79475203,hja2016_198,HJA-2016_soil_18,1,soil_enriched,1048,16,0.015267175572519083,0.78,3096.2284138540695,FALSE,0,TRUE,TRUE,TRUE
hja2016_057,71,hyporheic,3,556,101.7,562662.338790582,4897988.74237719,hja2016_198,HJA-2016_soil_18,1,soil_enriched,1048,4,0.003816793893129771,0.78,4346.322166926757,FALSE,0,TRUE,TRUE,TRUE
hja2016_059,KC-2,planktonic,3,362,114.2,561999.368069268,4896735.79771081,hja2016_198,HJA-2016_soil_18,1,soil_enriched,1048,28,0.026717557251908396,1.71,3047.9657243921524,FALSE,0,TRUE,TRUE,TRUE
hja2016_062,WS3-3,hyporheic,2,511,93.4,560639.428128111,4896408.81215143,hja2016_198,HJA-2016_soil_18,1,soil_enriched,1048,21,0.020038167938931296,1.29,1799.1777063243635,FALSE,0,TRUE,TRUE,TRUE
hja2016_064,WS3-4,planktonic,2,510,81.3,560692.425787583,4896348.81480109,hja2016_198,HJA-2016_soil_18,1,soil_enriched,1048,11,0.01049618320610687,1.29,1790.3784472458547,FALSE,0,TRUE,TRUE,TRUE
hja2016_099,162,planktonic,5,66,6208.4,559348.485139852,4895468.85366269,hja2016_198,HJA-2016_soil_18,1,soil_enriched,1048,13,0.012404580152671756,0.39,433.17477253201287,FALSE,0,TRUE,TRUE,TRUE
hja2016_100,64,planktonic,2,163,33.5,570527.99142083,4895508.85189625,hja2016_198,HJA-2016_soil_18,1,soil_enriched,1048,14,0.013358778625954198,0.27,11077.610827329456,FALSE,0,TRUE,FALSE,FALSE
hja2016_101,58,planktonic,3,385,67.2,566998.147308857,4898497.71989928,hja2016_198,HJA-2016_soil_18,1,soil_enriched,1048,17,0.016221374045801526,0.31,8289.184731358639,FALSE,0,TRUE,TRUE,TRUE
hja2016_102,73,hyporheic,2,255,137,566310.177691566,4896786.79545861,hja2016_198,HJA-2016_soil_18,1,soil_enriched,1048,19,0.01812977099236641,0.45,7066.980514964893,FALSE,0,TRUE,TRUE,TRUE
hja2016_103,260,planktonic,4,23,866.1,566425.172613061,4897456.76587079,hja2016_198,HJA-2016_soil_18,1,soil_enriched,1048,51,0.04866412213740458,1.07,7369.305956388233,FALSE,0,TRUE,FALSE,FALSE
hja2016_105,178,planktonic,2,411,19.9,566185.18321168,4901793.57434491,hja2016_198,HJA-2016_soil_18,1,soil_enriched,1048,26,0.02480916030534351,0.69,9523.770661477496,FALSE,0,TRUE,TRUE,TRUE
hja2016_106,170,planktonic,2,229,49.4,570659.985591589,4896908.79007097,hja2016_198,HJA-2016_soil_18,1,soil_enriched,1048,11,0.01049618320610687,0.14,11353.263973696423,FALSE,0,TRUE,FALSE,FALSE
hja2016_107,57,hyporheic,4,131,1488.8,563668.294364702,4898599.71539487,hja2016_198,HJA-2016_soil_18,1,soil_enriched,1048,26,0.02480916030534351,0.56,5505.406605713743,FALSE,0,TRUE,TRUE,TRUE
hja2016_109,169,planktonic,2,144,53.5,568641.074752475,4902527.5419308,hja2016_198,HJA-2016_soil_18,1,soil_enriched,1048,15,0.01431297709923664,0.6,11840.790926087466,FALSE,0,TRUE,TRUE,TRUE
hja2016_110,76,hyporheic,3,150,303.5,570464.994202967,4896947.7883487,hja2016_198,HJA-2016_soil_18,1,soil_enriched,1048,17,0.016221374045801526,0.48,11167.508950982683,FALSE,0,TRUE,TRUE,TRUE
hja2016_111,160,planktonic,5,24,2569.5,566416.173010509,4897492.764281,hja2016_198,HJA-2016_soil_18,1,soil_enriched,1048,27,0.025763358778625955,0.67,7372.648041188147,FALSE,0,TRUE,TRUE,TRUE
hja2016_114,WS1-5,planktonic,2,522,87.9,559517.477676657,4895016.87362342,hja2016_198,HJA-2016_soil_18,1,soil_enriched,1048,32,0.030534351145038167,0.54,66.5695257689727,FALSE,0,TRUE,TRUE,TRUE
hja2016_116,53,planktonic,3,78,280.7,568092.098996817,4898223.73199937,hja2016_198,HJA-2016_soil_18,1,soil_enriched,1048,29,0.02767175572519084,0.68,9197.07870692452,FALSE,0,TRUE,TRUE,TRUE
hja2016_119,56,planktonic,3,321,99.5,562839.3309741,4897811.75019367,hja2016_198,HJA-2016_soil_18,1,soil_enriched,1048,53,0.05057251908396947,1.24,4364.242015028436,FALSE,0,TRUE,TRUE,TRUE
hja2016_121,84,hyporheic,4,112,622.7,566447.171641521,4900685.6232752,hja2016_198,HJA-2016_soil_18,1,soil_enriched,1048,10,0.009541984732824428,0.13,8976.62245244036,FALSE,0,TRUE,TRUE,TRUE
hja2016_122,45,sediment,3,390,193.2,565977.192397151,4897892.74661664,hja2016_198,HJA-2016_soil_18,1,soil_enriched,1048,110,0.1049618320610687,2.77,7110.217959952251,FALSE,0,TRUE,TRUE,TRUE
hja2016_125,56,sediment,3,321,99.5,562839.3309741,4897811.75019367,hja2016_198,HJA-2016_soil_18,1,soil_enriched,1048,126,0.12022900763358779,3.45,4364.242015028436,FALSE,0,TRUE,TRUE,TRUE
hja2016_164,260,sediment,4,23,866.1,566425.172613061,4897456.76587079,hja2016_198,HJA-2016_soil_18,1,soil_enriched,1048,204,0.1946564885496183,4.89,7369.305956388233,FALSE,0,TRUE,FALSE,FALSE
hja2016_166,57,sediment,4,131,1488.8,563668.294364702,4898599.71539487,hja2016_198,HJA-2016_soil_18,1,soil_enriched,1048,78,0.07442748091603053,1.5,5505.406605713743,FALSE,0,TRUE,TRUE,TRUE
hja2016_167,WS3-1,sediment,2,511,96.4,560508.433913191,4896516.80738205,hja2016_198,HJA-2016_soil_18,1,soil_enriched,1048,284,0.27099236641221375,12.77,1802.8509508042239,FALSE,0,TRUE,TRUE,TRUE
hja2016_169,WS3-2,sediment,2,511,95.7,560554.431881789,4896487.80866272,hja2016_198,HJA-2016_soil_18,1,soil_enriched,1048,294,0.28053435114503816,12.37,1806.8299372316071,FALSE,0,TRUE,TRUE,TRUE
hja2016_170,WS3-3,sediment,2,511,93.4,560639.428128111,4896408.81215143,hja2016_198,HJA-2016_soil_18,1,soil_enriched,1048,180,0.1717557251908397,4.22,1799.1777063243635,FALSE,0,TRUE,TRUE,TRUE
hja2016_177,WS1-3,sediment,2,522,92.1,559404.482666841,4895069.8712829,hja2016_198,HJA-2016_soil_18,1,soil_enriched,1048,191,0.18225190839694658,5.71,58.768545949573614,TRUE,1,TRUE,TRUE,TRUE
hja2016_179,WS1-5,sediment,2,522,87.9,559517.477676657,4895016.87362342,hja2016_198,HJA-2016_soil_18,1,soil_enriched,1048,118,0.11259541984732824,3.34,66.5695257689727,FALSE,0,TRUE,TRUE,TRUE
hja2016_180,WS1-6,sediment,2,522,82.7,559631.472642313,4894993.87463913,hja2016_198,HJA-2016_soil_18,1,soil_enriched,1048,75,0.0715648854961832,1.53,180.61730753557177,FALSE,0,TRUE,TRUE,TRUE
hja2016_181,177,sediment,1,452,14.8,565808.199860345,4901620.58198475,hja2016_198,HJA-2016_soil_18,1,soil_enriched,1048,200,0.19083969465648856,4.28,9136.219431347461,FALSE,0,TRUE,TRUE,TRUE
hja2016_001,50,planktonic,5,41,4956.4,563054.321479503,4898132.73601802,hja2016_199,HJA-2016_soil_19,1,soil_detected,2449,31,0.012658227848101266,8.4,4190.495659857366,TRUE,1,TRUE,TRUE,TRUE
hja2016_008,WS3-1,hyporheic,2,511,96.4,560508.433913191,4896516.80738205,hja2016_199,HJA-2016_soil_19,1,soil_detected,2449,92,0.037566353613719884,13.96,7200.594258014596,FALSE,0,TRUE,TRUE,TRUE
hja2016_009,60,hyporheic,2,316,43.1,567391.129953618,4898693.71124374,hja2016_199,HJA-2016_soil_19,1,soil_detected,2449,74,0.030216414863209473,12.79,2187.283761655009,FALSE,0,TRUE,FALSE,FALSE
hja2016_010,164,planktonic,3,502,60.8,560307.442789535,4895737.8417834,hja2016_199,HJA-2016_soil_19,1,soil_detected,2449,19,0.007758268681094325,8,7829.513416173379,FALSE,0,TRUE,TRUE,TRUE
hja2016_011,WS1-6,planktonic,2,522,82.7,559631.472642313,4894993.87463913,hja2016_199,HJA-2016_soil_19,1,soil_detected,2449,130,0.053082890975908535,11.62,8823.949514567797,FALSE,0,TRUE,TRUE,TRUE
hja2016_013,WS1-4,planktonic,2,522,89.8,559453.480502956,4895042.87247524,hja2016_199,HJA-2016_soil_19,1,soil_detected,2449,79,0.03225806451612903,9.15,8930.514248420448,FALSE,0,TRUE,TRUE,TRUE
hja2016_014,WS1-6,hyporheic,2,522,82.7,559631.472642313,4894993.87463913,hja2016_199,HJA-2016_soil_19,1,soil_detected,2449,57,0.023274806043282973,12.05,8823.949514567797,FALSE,0,TRUE,TRUE,TRUE
hja2016_015,47,hyporheic,4,134,1550.1,563254.31264732,4898130.73610634,hja2016_199,HJA-2016_soil_19,1,soil_detected,2449,41,0.016741527153940384,11.57,4033.5336110260355,TRUE,1,TRUE,TRUE,TRUE
hja2016_016,74,hyporheic,2,373,70,565310.221852481,4897724.75403567,hja2016_199,HJA-2016_soil_19,1,soil_detected,2449,29,0.011841567986933442,5.29,3121.1804993362944,FALSE,0,TRUE,TRUE,TRUE
hja2016_018,WS1-5,hyporheic,2,522,87.9,559517.477676657,4895016.87362342,hja2016_199,HJA-2016_soil_19,1,soil_detected,2449,90,0.03674969375255206,5.99,8897.20606774569,FALSE,0,TRUE,TRUE,TRUE
hja2016_019,155,hyporheic,2,345,81.2,565811.199727862,4897652.75721525,hja2016_199,HJA-2016_soil_19,1,soil_detected,2449,82,0.03348305430788077,13.69,3052.8716295078952,FALSE,0,TRUE,FALSE,FALSE
hja2016_020,WS1-2,hyporheic,2,522,93.6,559354.484874886,4895103.86978142,hja2016_199,HJA-2016_soil_19,1,soil_detected,2449,152,0.0620661494487546,11.71,8969.984649914864,FALSE,0,TRUE,TRUE,TRUE
hja2016_021,156,hyporheic,5,24,2575.9,566141.185154761,4897558.76136638,hja2016_199,HJA-2016_soil_19,1,soil_detected,2449,45,0.01837484687627603,11.38,3099.6103020396645,FALSE,0,TRUE,TRUE,TRUE
hja2016_027,WS3-6,planktonic,2,510,78.4,560819.420179147,4896235.81979127,hja2016_199,HJA-2016_soil_19,1,soil_detected,2449,68,0.027766435279706004,6.74,7118.755232504653,FALSE,0,TRUE,TRUE,TRUE
hja2016_065,68,hyporheic,5,30,3032.2,565145.229139031,4897899.74630751,hja2016_199,HJA-2016_soil_19,1,soil_detected,2449,112,0.045732952225398124,14.72,3023.0322048640182,FALSE,0,TRUE,TRUE,TRUE
hja2016_066,49,hyporheic,5,40,3399.1,563281.311454976,4898046.73981585,hja2016_199,HJA-2016_soil_19,1,soil_detected,2449,117,0.04777460187831768,10.32,4065.6687097580225,FALSE,0,TRUE,TRUE,TRUE
hja2016_070,56,hyporheic,3,321,99.5,562839.3309741,4897811.75019367,hja2016_199,HJA-2016_soil_19,1,soil_detected,2449,56,0.022866476112699062,7.99,4556.869753167082,FALSE,0,TRUE,TRUE,TRUE
hja2016_071,164,hyporheic,3,502,60.8,560307.442789535,4895737.8417834,hja2016_199,HJA-2016_soil_19,1,soil_detected,2449,163,0.06655777868517762,14.37,7829.513416173379,FALSE,0,TRUE,TRUE,TRUE
hja2016_075,260,hyporheic,4,23,866.1,566425.172613061,4897456.76587079,hja2016_199,HJA-2016_soil_19,1,soil_detected,2449,83,0.03389138423846468,13.4,3190.26044818662,FALSE,0,TRUE,FALSE,FALSE
hja2016_078,CC-1,hyporheic,2,183,64,569956.016680872,4897740.75332909,hja2016_199,HJA-2016_soil_19,1,soil_detected,2449,85,0.034708044099632504,11.96,4587.299256863675,FALSE,0,TRUE,TRUE,TRUE
hja2016_079,64,hyporheic,2,163,33.5,570527.99142083,4895508.85189625,hja2016_199,HJA-2016_soil_19,1,soil_detected,2449,124,0.05063291139240506,14.58,6586.714878747069,FALSE,0,TRUE,FALSE,FALSE
hja2016_084,177,hyporheic,1,452,14.8,565808.199860345,4901620.58198475,hja2016_199,HJA-2016_soil_19,1,soil_detected,2449,76,0.0310330747243773,10.69,1142.8876106646787,FALSE,0,TRUE,TRUE,TRUE
hja2016_127,60,sediment,2,316,43.1,567391.129953618,4898693.71124374,hja2016_199,HJA-2016_soil_19,1,soil_detected,2449,395,0.16129032258064516,22.66,2187.283761655009,FALSE,0,TRUE,FALSE,FALSE
hja2016_129,72,sediment,4,16,568.3,566542.167446234,4896499.80813279,hja2016_199,HJA-2016_soil_19,1,soil_detected,2449,477,0.19477337688852592,26.74,4149.374945100051,FALSE,0,TRUE,TRUE,TRUE
hja2016_131,74,sediment,2,373,70,565310.221852481,4897724.75403567,hja2016_199,HJA-2016_soil_19,1,soil_detected,2449,513,0.20947325438954675,26.13,3121.1804993362944,FALSE,0,TRUE,TRUE,TRUE
hja2016_132,84,sediment,4,112,622.7,566447.171641521,4900685.6232752,hja2016_199,HJA-2016_soil_19,1,soil_detected,2449,648,0.2645977950183748,32.57,55.91666195588681,FALSE,0.07407407407407407,FALSE,TRUE,FALSE
hja2016_133,161,sediment,5,51,5699.1,561109.407372482,4897170.77850081,hja2016_199,HJA-2016_soil_19,1,soil_detected,2449,726,0.29644752960391996,41.92,6336.079860435524,TRUE,1,TRUE,TRUE,TRUE
hja2016_135,169,sediment,2,144,53.5,568641.074752475,4902527.5419308,hja2016_199,HJA-2016_soil_19,1,soil_detected,2449,595,0.24295630869742751,34.47,2920.391585256906,FALSE,0,TRUE,TRUE,TRUE
hja2016_136,190,sediment,1,546,14.2,564169.272240084,4897881.7471024,hja2016_199,HJA-2016_soil_19,1,soil_detected,2449,425,0.1735402204981625,24.08,3557.083218643484,FALSE,0,TRUE,FALSE,FALSE
hja2016_139,CC-2,sediment,2,183,63.6,569992.01509108,4897760.75244588,hja2016_199,HJA-2016_soil_19,1,soil_detected,2449,531,0.21682319314005716,27.13,4602.640723419848,FALSE,0,TRUE,TRUE,TRUE
hja2016_140,CC-3,sediment,2,183,63,570038.013059678,4897795.75090024,hja2016_199,HJA-2016_soil_19,1,soil_detected,2449,456,0.18619844834626378,23.79,4616.865215053934,FALSE,0,TRUE,TRUE,TRUE
hja2016_141,CC-4,sediment,2,183,58.5,570162.007583724,4897831.74931045,hja2016_199,HJA-2016_soil_19,1,soil_detected,2449,440,0.17966516945692118,24.99,4693.329969879759,FALSE,0,TRUE,TRUE,TRUE
hja2016_142,KC-1,sediment,3,362,114.7,562012.367495176,4896802.79475203,hja2016_199,HJA-2016_soil_19,1,soil_detected,2449,370,0.15108207431604737,21.52,5838.529032480024,FALSE,0,TRUE,TRUE,TRUE
hja2016_144,KC-3,sediment,3,362,114,562000.368025107,4896680.80013966,hja2016_199,HJA-2016_soil_19,1,soil_detected,2449,334,0.13638219681502653,21.55,5928.477620297179,FALSE,0,TRUE,TRUE,TRUE
hja2016_145,155,sediment,2,345,81.2,565811.199727862,4897652.75721525,hja2016_199,HJA-2016_soil_19,1,soil_detected,2449,492,0.2008983258472846,27,3052.8716295078952,FALSE,0,TRUE,FALSE,FALSE
hja2016_146,156,sediment,5,24,2575.9,566141.185154761,4897558.76136638,hja2016_199,HJA-2016_soil_19,1,soil_detected,2449,406,0.1657819518170682,22.95,3099.6103020396645,FALSE,0,TRUE,TRUE,TRUE
hja2016_147,163,sediment,5,63,6126.6,559726.468447026,4896111.82526722,hja2016_199,HJA-2016_soil_19,1,soil_detected,2449,784,0.32013066557778685,41.94,8074.274228401942,TRUE,1,TRUE,TRUE,TRUE
hja2016_148,165,sediment,2,494,27.9,564789.244860317,4900155.64668049,hja2016_199,HJA-2016_soil_19,1,soil_detected,2449,528,0.21559820334830543,28.15,1690.4931876698345,FALSE,0,TRUE,FALSE,FALSE
hja2016_150,53,sediment,3,78,280.7,568092.098996817,4898223.73199937,hja2016_199,HJA-2016_soil_19,1,soil_detected,2449,440,0.17966516945692118,24.17,2951.686771046734,FALSE,0,TRUE,TRUE,TRUE
hja2016_151,64,sediment,2,163,33.5,570527.99142083,4895508.85189625,hja2016_199,HJA-2016_soil_19,1,soil_detected,2449,865,0.3532053899550837,37.93,6586.714878747069,FALSE,0,TRUE,FALSE,FALSE
hja2016_152,66,sediment,4,79,1360.7,567970.104384448,4898153.73509064,hja2016_199,HJA-2016_soil_19,1,soil_detected,2449,410,0.16741527153940383,20.86,2942.8340168454615,FALSE,0,TRUE,TRUE,TRUE
hja2016_155,82,sediment,2,536,36.6,564452.259742545,4899854.65997292,hja2016_199,HJA-2016_soil_19,1,soil_detected,2449,529,0.21600653327888933,27.26,2108.9912002145657,FALSE,0,TRUE,TRUE,TRUE
hja2016_157,43,sediment,1,538,7.8,567346.131940859,4898257.7304979,hja2016_199,HJA-2016_soil_19,1,soil_detected,2449,448,0.1829318089015925,23.34,2567.2737287839163,FALSE,0,TRUE,FALSE,FALSE
hja2016_159,49,sediment,5,40,3399.1,563281.311454976,4898046.73981585,hja2016_199,HJA-2016_soil_19,1,soil_detected,2449,416,0.16986525112290732,24.42,4065.6687097580225,FALSE,0,TRUE,TRUE,TRUE
hja2016_160,50,sediment,5,41,4956.4,563054.321479503,4898132.73601802,hja2016_199,HJA-2016_soil_19,1,soil_detected,2449,329,0.13434054716210697,16.62,4190.495659857366,TRUE,1,TRUE,TRUE,TRUE
hja2016_031,161,hyporheic,5,51,5699.1,561109.407372482,4897170.77850081,hja2016_199,HJA-2016_soil_19,1,soil_detected,2449,22,0.00898325847284606,7.74,6336.079860435524,TRUE,1,TRUE,TRUE,TRUE
hja2016_032,54,hyporheic,3,363,207.7,561802.376768968,4897363.76997776,hja2016_199,HJA-2016_soil_19,1,soil_detected,2449,48,0.019599836668027767,13.07,5655.068301974957,FALSE,0,TRUE,TRUE,TRUE
hja2016_035,192,hyporheic,2,542,28.5,564620.252323511,4897836.74908965,hja2016_199,HJA-2016_soil_19,1,soil_detected,2449,48,0.019599836668027767,7.64,3330.012094830613,FALSE,0,TRUE,TRUE,TRUE
hja2016_037,43,hyporheic,1,538,7.8,567346.131940859,4898257.7304979,hja2016_199,HJA-2016_soil_19,1,soil_detected,2449,29,0.011841567986933442,6.61,2567.2737287839163,FALSE,0,TRUE,FALSE,FALSE
hja2016_042,165,planktonic,2,494,27.9,564789.244860317,4900155.64668049,hja2016_199,HJA-2016_soil_19,1,soil_detected,2449,27,0.011024908125765618,7.65,1690.4931876698345,FALSE,0,TRUE,FALSE,FALSE
hja2016_043,KC-2,hyporheic,3,362,114.2,561999.368069268,4896735.79771081,hja2016_199,HJA-2016_soil_19,1,soil_detected,2449,56,0.022866476112699062,15.29,5892.573738000351,FALSE,0,TRUE,TRUE,TRUE
hja2016_049,67,planktonic,4,83,1558.1,567119.141965387,4897968.74326041,hja2016_199,HJA-2016_soil_19,1,soil_detected,2449,19,0.007758268681094325,8.16,2771.3533116465387,FALSE,0,TRUE,TRUE,TRUE
hja2016_050,165,hyporheic,2,494,27.9,564789.244860317,4900155.64668049,hja2016_199,HJA-2016_soil_19,1,soil_detected,2449,106,0.04328297264189465,13.24,1690.4931876698345,FALSE,0,TRUE,FALSE,FALSE
hja2016_052,163,hyporheic,5,63,6126.6,559726.468447026,4896111.82526722,hja2016_199,HJA-2016_soil_19,1,soil_detected,2449,108,0.04409963250306247,10.89,8074.274228401942,TRUE,1,TRUE,TRUE,TRUE
hja2016_056,KC-1,hyporheic,3,362,114.7,562012.367495176,4896802.79475203,hja2016_199,HJA-2016_soil_19,1,soil_detected,2449,122,0.04981625153123724,10.14,5838.529032480024,FALSE,0,TRUE,TRUE,TRUE
hja2016_057,71,hyporheic,3,556,101.7,562662.338790582,4897988.74237719,hja2016_199,HJA-2016_soil_19,1,soil_detected,2449,38,0.01551653736218865,8.07,4592.048019919939,FALSE,0,TRUE,TRUE,TRUE
hja2016_059,KC-2,planktonic,3,362,114.2,561999.368069268,4896735.79771081,hja2016_199,HJA-2016_soil_19,1,soil_detected,2449,122,0.04981625153123724,13.96,5892.573738000351,FALSE,0,TRUE,TRUE,TRUE
hja2016_062,WS3-3,hyporheic,2,511,93.4,560639.428128111,4896408.81215143,hja2016_199,HJA-2016_soil_19,1,soil_detected,2449,136,0.05553287055941201,10.41,7157.105736532577,FALSE,0,TRUE,TRUE,TRUE
hja2016_064,WS3-4,planktonic,2,510,81.3,560692.425787583,4896348.81480109,hja2016_199,HJA-2016_soil_19,1,soil_detected,2449,55,0.022458146182115148,10.18,7150.37183004636,FALSE,0,TRUE,TRUE,TRUE
hja2016_099,162,planktonic,5,66,6208.4,559348.485139852,4895468.85366269,hja2016_199,HJA-2016_soil_19,1,soil_detected,2449,85,0.034708044099632504,3.08,8753.982559414222,TRUE,1,TRUE,TRUE,TRUE
hja2016_100,64,planktonic,2,163,33.5,570527.99142083,4895508.85189625,hja2016_199,HJA-2016_soil_19,1,soil_detected,2449,56,0.022866476112699062,1.71,6586.714878747069,FALSE,0,TRUE,FALSE,FALSE
hja2016_101,58,planktonic,3,385,67.2,566998.147308857,4898497.71989928,hja2016_199,HJA-2016_soil_19,1,soil_detected,2449,73,0.029808084932625562,2.74,2229.1309892025542,FALSE,0,TRUE,TRUE,TRUE
hja2016_102,73,hyporheic,2,255,137,566310.177691566,4896786.79545861,hja2016_199,HJA-2016_soil_19,1,soil_detected,2449,82,0.03348305430788077,2.77,3861.385887003973,FALSE,0,TRUE,TRUE,TRUE
hja2016_103,260,planktonic,4,23,866.1,566425.172613061,4897456.76587079,hja2016_199,HJA-2016_soil_19,1,soil_detected,2449,185,0.07554103715802368,6.61,3190.26044818662,FALSE,0,TRUE,FALSE,FALSE
hja2016_105,178,planktonic,2,411,19.9,566185.18321168,4901793.57434491,hja2016_199,HJA-2016_soil_19,1,soil_detected,2449,82,0.03348305430788077,3.2,1167.8149919666546,FALSE,0,TRUE,TRUE,TRUE
hja2016_106,170,planktonic,2,229,49.4,570659.985591589,4896908.79007097,hja2016_199,HJA-2016_soil_19,1,soil_detected,2449,41,0.016741527153940384,0.97,5662.500696185432,FALSE,0,TRUE,FALSE,FALSE
hja2016_107,57,hyporheic,4,131,1488.8,563668.294364702,4898599.71539487,hja2016_199,HJA-2016_soil_19,1,soil_detected,2449,101,0.04124132298897509,3.05,3419.1337940713634,TRUE,1,TRUE,TRUE,TRUE
hja2016_109,169,planktonic,2,144,53.5,568641.074752475,4902527.5419308,hja2016_199,HJA-2016_soil_19,1,soil_detected,2449,69,0.028174765210289915,3.05,2920.391585256906,FALSE,0,TRUE,TRUE,TRUE
hja2016_110,76,hyporheic,3,150,303.5,570464.994202967,4896947.7883487,hja2016_199,HJA-2016_soil_19,1,soil_detected,2449,64,0.026133115557370357,3.24,5491.193653436456,FALSE,0,TRUE,TRUE,TRUE
hja2016_111,160,planktonic,5,24,2569.5,566416.173010509,4897492.764281,hja2016_199,HJA-2016_soil_19,1,soil_detected,2449,93,0.0379746835443038,3.24,3154.2229575367555,FALSE,0,TRUE,TRUE,TRUE
hja2016_114,WS1-5,planktonic,2,522,87.9,559517.477676657,4895016.87362342,hja2016_199,HJA-2016_soil_19,1,soil_detected,2449,106,0.04328297264189465,3.67,8897.20606774569,FALSE,0,TRUE,TRUE,TRUE
hja2016_116,53,planktonic,3,78,280.7,568092.098996817,4898223.73199937,hja2016_199,HJA-2016_soil_19,1,soil_detected,2449,104,0.04246631278072683,3.47,2951.686771046734,FALSE,0,TRUE,TRUE,TRUE
hja2016_119,56,planktonic,3,321,99.5,562839.3309741,4897811.75019367,hja2016_199,HJA-2016_soil_19,1,soil_detected,2449,191,0.07799101674152716,6.48,4556.869753167082,FALSE,0,TRUE,TRUE,TRUE
hja2016_121,84,hyporheic,4,112,622.7,566447.171641521,4900685.6232752,hja2016_199,HJA-2016_soil_19,1,soil_detected,2449,44,0.01796651694569212,0.88,55.91666195588681,FALSE,0.07407407407407407,FALSE,TRUE,FALSE
hja2016_122,45,sediment,3,390,193.2,565977.192397151,4897892.74661664,hja2016_199,HJA-2016_soil_19,1,soil_detected,2449,446,0.18211514904042467,24.88,2787.5249112963606,FALSE,0,TRUE,TRUE,TRUE
hja2016_125,56,sediment,3,321,99.5,562839.3309741,4897811.75019367,hja2016_199,HJA-2016_soil_19,1,soil_detected,2449,456,0.18619844834626378,25.76,4556.869753167082,FALSE,0,TRUE,TRUE,TRUE
hja2016_164,260,sediment,4,23,866.1,566425.172613061,4897456.76587079,hja2016_199,HJA-2016_soil_19,1,soil_detected,2449,525,0.2143732135565537,25.81,3190.26044818662,FALSE,0,TRUE,FALSE,FALSE
hja2016_166,57,sediment,4,131,1488.8,563668.294364702,4898599.71539487,hja2016_199,HJA-2016_soil_19,1,soil_detected,2449,363,0.14822376480195998,16.7,3419.1337940713634,TRUE,1,TRUE,TRUE,TRUE
hja2016_167,WS3-1,sediment,2,511,96.4,560508.433913191,4896516.80738205,hja2016_199,HJA-2016_soil_19,1,soil_detected,2449,778,0.3176806859942834,43.44,7200.594258014596,FALSE,0,TRUE,TRUE,TRUE
hja2016_169,WS3-2,sediment,2,511,95.7,560554.431881789,4896487.80866272,hja2016_199,HJA-2016_soil_19,1,soil_detected,2449,836,0.34136382196815024,42.96,7179.723610195527,FALSE,0,TRUE,TRUE,TRUE
hja2016_170,WS3-3,sediment,2,511,93.4,560639.428128111,4896408.81215143,hja2016_199,HJA-2016_soil_19,1,soil_detected,2449,500,0.2041649652919559,21.7,7157.105736532577,FALSE,0,TRUE,TRUE,TRUE
hja2016_177,WS1-3,sediment,2,522,92.1,559404.482666841,4895069.8712829,hja2016_199,HJA-2016_soil_19,1,soil_detected,2449,630,0.25724785626786445,33.81,8951.871200938998,FALSE,0,TRUE,TRUE,TRUE
hja2016_179,WS1-5,sediment,2,522,87.9,559517.477676657,4895016.87362342,hja2016_199,HJA-2016_soil_19,1,soil_detected,2449,451,0.18415679869334423,25.47,8897.20606774569,FALSE,0,TRUE,TRUE,TRUE
hja2016_180,WS1-6,sediment,2,522,82.7,559631.472642313,4894993.87463913,hja2016_199,HJA-2016_soil_19,1,soil_detected,2449,387,0.15802368313597387,17.35,8823.949514567797,FALSE,0,TRUE,TRUE,TRUE
hja2016_181,177,sediment,1,452,14.8,565808.199860345,4901620.58198475,hja2016_199,HJA-2016_soil_19,1,soil_detected,2449,528,0.21559820334830543,21.3,1142.8876106646787,FALSE,0,TRUE,TRUE,TRUE
hja2016_001,50,planktonic,5,41,4956.4,563054.321479503,4898132.73601802,hja2016_199,HJA-2016_soil_19,1,soil_enriched,1156,3,0.0025951557093425604,0.62,4190.495659857366,TRUE,1,TRUE,TRUE,TRUE
hja2016_008,WS3-1,hyporheic,2,511,96.4,560508.433913191,4896516.80738205,hja2016_199,HJA-2016_soil_19,1,soil_enriched,1156,14,0.012110726643598616,1.27,7200.594258014596,FALSE,0,TRUE,TRUE,TRUE
hja2016_009,60,hyporheic,2,316,43.1,567391.129953618,4898693.71124374,hja2016_199,HJA-2016_soil_19,1,soil_enriched,1156,10,0.00865051903114187,0.73,2187.283761655009,FALSE,0,TRUE,FALSE,FALSE
hja2016_010,164,planktonic,3,502,60.8,560307.442789535,4895737.8417834,hja2016_199,HJA-2016_soil_19,1,soil_enriched,1156,0,0,0,7829.513416173379,FALSE,0,TRUE,TRUE,TRUE
hja2016_011,WS1-6,planktonic,2,522,82.7,559631.472642313,4894993.87463913,hja2016_199,HJA-2016_soil_19,1,soil_enriched,1156,18,0.015570934256055362,1.14,8823.949514567797,FALSE,0,TRUE,TRUE,TRUE
hja2016_013,WS1-4,planktonic,2,522,89.8,559453.480502956,4895042.87247524,hja2016_199,HJA-2016_soil_19,1,soil_enriched,1156,9,0.007785467128027681,0.85,8930.514248420448,FALSE,0,TRUE,TRUE,TRUE
hja2016_014,WS1-6,hyporheic,2,522,82.7,559631.472642313,4894993.87463913,hja2016_199,HJA-2016_soil_19,1,soil_enriched,1156,5,0.004325259515570935,0.57,8823.949514567797,FALSE,0,TRUE,TRUE,TRUE
hja2016_015,47,hyporheic,4,134,1550.1,563254.31264732,4898130.73610634,hja2016_199,HJA-2016_soil_19,1,soil_enriched,1156,1,8.650519031141869e-4,0.47,4033.5336110260355,TRUE,1,TRUE,TRUE,TRUE
hja2016_016,74,hyporheic,2,373,70,565310.221852481,4897724.75403567,hja2016_199,HJA-2016_soil_19,1,soil_enriched,1156,2,0.0017301038062283738,0.21,3121.1804993362944,FALSE,0,TRUE,TRUE,TRUE
hja2016_018,WS1-5,hyporheic,2,522,87.9,559517.477676657,4895016.87362342,hja2016_199,HJA-2016_soil_19,1,soil_enriched,1156,15,0.012975778546712802,0.71,8897.20606774569,FALSE,0,TRUE,TRUE,TRUE
hja2016_019,155,hyporheic,2,345,81.2,565811.199727862,4897652.75721525,hja2016_199,HJA-2016_soil_19,1,soil_enriched,1156,14,0.012110726643598616,2.85,3052.8716295078952,FALSE,0,TRUE,FALSE,FALSE
hja2016_020,WS1-2,hyporheic,2,522,93.6,559354.484874886,4895103.86978142,hja2016_199,HJA-2016_soil_19,1,soil_enriched,1156,27,0.023356401384083045,1.54,8969.984649914864,FALSE,0,TRUE,TRUE,TRUE
hja2016_021,156,hyporheic,5,24,2575.9,566141.185154761,4897558.76136638,hja2016_199,HJA-2016_soil_19,1,soil_enriched,1156,6,0.005190311418685121,0.99,3099.6103020396645,FALSE,0,TRUE,TRUE,TRUE
hja2016_027,WS3-6,planktonic,2,510,78.4,560819.420179147,4896235.81979127,hja2016_199,HJA-2016_soil_19,1,soil_enriched,1156,8,0.006920415224913495,0.67,7118.755232504653,FALSE,0,TRUE,TRUE,TRUE
hja2016_065,68,hyporheic,5,30,3032.2,565145.229139031,4897899.74630751,hja2016_199,HJA-2016_soil_19,1,soil_enriched,1156,19,0.01643598615916955,1.77,3023.0322048640182,FALSE,0,TRUE,TRUE,TRUE
hja2016_066,49,hyporheic,5,40,3399.1,563281.311454976,4898046.73981585,hja2016_199,HJA-2016_soil_19,1,soil_enriched,1156,26,0.02249134948096886,1.49,4065.6687097580225,FALSE,0,TRUE,TRUE,TRUE
hja2016_070,56,hyporheic,3,321,99.5,562839.3309741,4897811.75019367,hja2016_199,HJA-2016_soil_19,1,soil_enriched,1156,13,0.01124567474048443,1.35,4556.869753167082,FALSE,0,TRUE,TRUE,TRUE
hja2016_071,164,hyporheic,3,502,60.8,560307.442789535,4895737.8417834,hja2016_199,HJA-2016_soil_19,1,soil_enriched,1156,25,0.02162629757785467,1.36,7829.513416173379,FALSE,0,TRUE,TRUE,TRUE
hja2016_075,260,hyporheic,4,23,866.1,566425.172613061,4897456.76587079,hja2016_199,HJA-2016_soil_19,1,soil_enriched,1156,10,0.00865051903114187,1.49,3190.26044818662,FALSE,0,TRUE,FALSE,FALSE
hja2016_078,CC-1,hyporheic,2,183,64,569956.016680872,4897740.75332909,hja2016_199,HJA-2016_soil_19,1,soil_enriched,1156,10,0.00865051903114187,1.32,4587.299256863675,FALSE,0,TRUE,TRUE,TRUE
hja2016_079,64,hyporheic,2,163,33.5,570527.99142083,4895508.85189625,hja2016_199,HJA-2016_soil_19,1,soil_enriched,1156,30,0.025951557093425604,2.28,6586.714878747069,FALSE,0,TRUE,FALSE,FALSE
hja2016_084,177,hyporheic,1,452,14.8,565808.199860345,4901620.58198475,hja2016_199,HJA-2016_soil_19,1,soil_enriched,1156,13,0.01124567474048443,1.25,1142.8876106646787,FALSE,0,TRUE,TRUE,TRUE
hja2016_127,60,sediment,2,316,43.1,567391.129953618,4898693.71124374,hja2016_199,HJA-2016_soil_19,1,soil_enriched,1156,71,0.061418685121107264,1.96,2187.283761655009,FALSE,0,TRUE,FALSE,FALSE
hja2016_129,72,sediment,4,16,568.3,566542.167446234,4896499.80813279,hja2016_199,HJA-2016_soil_19,1,soil_enriched,1156,144,0.1245674740484429,5.36,4149.374945100051,FALSE,0,TRUE,TRUE,TRUE
hja2016_131,74,sediment,2,373,70,565310.221852481,4897724.75403567,hja2016_199,HJA-2016_soil_19,1,soil_enriched,1156,156,0.13494809688581316,5.28,3121.1804993362944,FALSE,0,TRUE,TRUE,TRUE
hja2016_132,84,sediment,4,112,622.7,566447.171641521,4900685.6232752,hja2016_199,HJA-2016_soil_19,1,soil_enriched,1156,203,0.17560553633217993,4.94,55.91666195588681,FALSE,0.07407407407407407,FALSE,TRUE,FALSE
hja2016_133,161,sediment,5,51,5699.1,561109.407372482,4897170.77850081,hja2016_199,HJA-2016_soil_19,1,soil_enriched,1156,311,0.2690311418685121,14.03,6336.079860435524,TRUE,1,TRUE,TRUE,TRUE
hja2016_135,169,sediment,2,144,53.5,568641.074752475,4902527.5419308,hja2016_199,HJA-2016_soil_19,1,soil_enriched,1156,183,0.1583044982698962,5.54,2920.391585256906,FALSE,0,TRUE,TRUE,TRUE
hja2016_136,190,sediment,1,546,14.2,564169.272240084,4897881.7471024,hja2016_199,HJA-2016_soil_19,1,soil_enriched,1156,121,0.1046712802768166,3.4,3557.083218643484,FALSE,0,TRUE,FALSE,FALSE
hja2016_139,CC-2,sediment,2,183,63.6,569992.01509108,4897760.75244588,hja2016_199,HJA-2016_soil_19,1,soil_enriched,1156,166,0.14359861591695502,5.5,4602.640723419848,FALSE,0,TRUE,TRUE,TRUE
hja2016_140,CC-3,sediment,2,183,63,570038.013059678,4897795.75090024,hja2016_199,HJA-2016_soil_19,1,soil_enriched,1156,122,0.10553633217993079,3.33,4616.865215053934,FALSE,0,TRUE,TRUE,TRUE
hja2016_141,CC-4,sediment,2,183,58.5,570162.007583724,4897831.74931045,hja2016_199,HJA-2016_soil_19,1,soil_enriched,1156,132,0.11418685121107267,4.01,4693.329969879759,FALSE,0,TRUE,TRUE,TRUE
hja2016_142,KC-1,sediment,3,362,114.7,562012.367495176,4896802.79475203,hja2016_199,HJA-2016_soil_19,1,soil_enriched,1156,108,0.09342560553633218,3.18,5838.529032480024,FALSE,0,TRUE,TRUE,TRUE
hja2016_144,KC-3,sediment,3,362,114,562000.368025107,4896680.80013966,hja2016_199,HJA-2016_soil_19,1,soil_enriched,1156,91,0.078719723183391,3.17,5928.477620297179,FALSE,0,TRUE,TRUE,TRUE
hja2016_145,155,sediment,2,345,81.2,565811.199727862,4897652.75721525,hja2016_199,HJA-2016_soil_19,1,soil_enriched,1156,150,0.12975778546712802,5.02,3052.8716295078952,FALSE,0,TRUE,FALSE,FALSE
hja2016_146,156,sediment,5,24,2575.9,566141.185154761,4897558.76136638,hja2016_199,HJA-2016_soil_19,1,soil_enriched,1156,95,0.08217993079584775,2.45,3099.6103020396645,FALSE,0,TRUE,TRUE,TRUE
hja2016_147,163,sediment,5,63,6126.6,559726.468447026,4896111.82526722,hja2016_199,HJA-2016_soil_19,1,soil_enriched,1156,329,0.28460207612456745,13.58,8074.274228401942,TRUE,1,TRUE,TRUE,TRUE
hja2016_148,165,sediment,2,494,27.9,564789.244860317,4900155.64668049,hja2016_199,HJA-2016_soil_19,1,soil_enriched,1156,177,0.15311418685121106,5.68,1690.4931876698345,FALSE,0,TRUE,FALSE,FALSE
hja2016_150,53,sediment,3,78,280.7,568092.098996817,4898223.73199937,hja2016_199,HJA-2016_soil_19,1,soil_enriched,1156,118,0.10207612456747404,3.01,2951.686771046734,FALSE,0,TRUE,TRUE,TRUE
hja2016_151,64,sediment,2,163,33.5,570527.99142083,4895508.85189625,hja2016_199,HJA-2016_soil_19,1,soil_enriched,1156,380,0.328719723183391,12.44,6586.714878747069,FALSE,0,TRUE,FALSE,FALSE
hja2016_152,66,sediment,4,79,1360.7,567970.104384448,4898153.73509064,hja2016_199,HJA-2016_soil_19,1,soil_enriched,1156,117,0.10121107266435986,2.45,2942.8340168454615,FALSE,0,TRUE,TRUE,TRUE
hja2016_155,82,sediment,2,536,36.6,564452.259742545,4899854.65997292,hja2016_199,HJA-2016_soil_19,1,soil_enriched,1156,171,0.14792387543252594,5.68,2108.9912002145657,FALSE,0,TRUE,TRUE,TRUE
hja2016_157,43,sediment,1,538,7.8,567346.131940859,4898257.7304979,hja2016_199,HJA-2016_soil_19,1,soil_enriched,1156,101,0.08737024221453288,2.42,2567.2737287839163,FALSE,0,TRUE,FALSE,FALSE
hja2016_159,49,sediment,5,40,3399.1,563281.311454976,4898046.73981585,hja2016_199,HJA-2016_soil_19,1,soil_enriched,1156,101,0.08737024221453288,2.69,4065.6687097580225,FALSE,0,TRUE,TRUE,TRUE
hja2016_160,50,sediment,5,41,4956.4,563054.321479503,4898132.73601802,hja2016_199,HJA-2016_soil_19,1,soil_enriched,1156,55,0.04757785467128028,1.13,4190.495659857366,TRUE,1,TRUE,TRUE,TRUE
hja2016_031,161,hyporheic,5,51,5699.1,561109.407372482,4897170.77850081,hja2016_199,HJA-2016_soil_19,1,soil_enriched,1156,5,0.004325259515570935,1.31,6336.079860435524,TRUE,1,TRUE,TRUE,TRUE
hja2016_032,54,hyporheic,3,363,207.7,561802.376768968,4897363.76997776,hja2016_199,HJA-2016_soil_19,1,soil_enriched,1156,9,0.007785467128027681,1.11,5655.068301974957,FALSE,0,TRUE,TRUE,TRUE
hja2016_035,192,hyporheic,2,542,28.5,564620.252323511,4897836.74908965,hja2016_199,HJA-2016_soil_19,1,soil_enriched,1156,7,0.006055363321799308,1.19,3330.012094830613,FALSE,0,TRUE,TRUE,TRUE
hja2016_037,43,hyporheic,1,538,7.8,567346.131940859,4898257.7304979,hja2016_199,HJA-2016_soil_19,1,soil_enriched,1156,0,0,0,2567.2737287839163,FALSE,0,TRUE,FALSE,FALSE
hja2016_042,165,planktonic,2,494,27.9,564789.244860317,4900155.64668049,hja2016_199,HJA-2016_soil_19,1,soil_enriched,1156,1,8.650519031141869e-4,0.07,1690.4931876698345,FALSE,0,TRUE,FALSE,FALSE
hja2016_043,KC-2,hyporheic,3,362,114.2,561999.368069268,4896735.79771081,hja2016_199,HJA-2016_soil_19,1,soil_enriched,1156,7,0.006055363321799308,1.21,5892.573738000351,FALSE,0,TRUE,TRUE,TRUE
hja2016_049,67,planktonic,4,83,1558.1,567119.141965387,4897968.74326041,hja2016_199,HJA-2016_soil_19,1,soil_enriched,1156,2,0.0017301038062283738,0.06,2771.3533116465387,FALSE,0,TRUE,TRUE,TRUE
hja2016_050,165,hyporheic,2,494,27.9,564789.244860317,4900155.64668049,hja2016_199,HJA-2016_soil_19,1,soil_enriched,1156,18,0.015570934256055362,1.32,1690.4931876698345,FALSE,0,TRUE,FALSE,FALSE
hja2016_052,163,hyporheic,5,63,6126.6,559726.468447026,4896111.82526722,hja2016_199,HJA-2016_soil_19,1,soil_enriched,1156,21,0.018166089965397925,1.32,8074.274228401942,TRUE,1,TRUE,TRUE,TRUE
hja2016_056,KC-1,hyporheic,3,362,114.7,562012.367495176,4896802.79475203,hja2016_199,HJA-2016_soil_19,1,soil_enriched,1156,19,0.01643598615916955,0.99,5838.529032480024,FALSE,0,TRUE,TRUE,TRUE
hja2016_057,71,hyporheic,3,556,101.7,562662.338790582,4897988.74237719,hja2016_199,HJA-2016_soil_19,1,soil_enriched,1156,3,0.0025951557093425604,0.68,4592.048019919939,FALSE,0,TRUE,TRUE,TRUE
hja2016_059,KC-2,planktonic,3,362,114.2,561999.368069268,4896735.79771081,hja2016_199,HJA-2016_soil_19,1,soil_enriched,1156,23,0.019896193771626297,1.63,5892.573738000351,FALSE,0,TRUE,TRUE,TRUE
hja2016_062,WS3-3,hyporheic,2,511,93.4,560639.428128111,4896408.81215143,hja2016_199,HJA-2016_soil_19,1,soil_enriched,1156,20,0.01730103806228374,1.28,7157.105736532577,FALSE,0,TRUE,TRUE,TRUE
hja2016_064,WS3-4,planktonic,2,510,81.3,560692.425787583,4896348.81480109,hja2016_199,HJA-2016_soil_19,1,soil_enriched,1156,10,0.00865051903114187,1.03,7150.37183004636,FALSE,0,TRUE,TRUE,TRUE
hja2016_099,162,planktonic,5,66,6208.4,559348.485139852,4895468.85366269,hja2016_199,HJA-2016_soil_19,1,soil_enriched,1156,20,0.01730103806228374,0.52,8753.982559414222,TRUE,1,TRUE,TRUE,TRUE
hja2016_100,64,planktonic,2,163,33.5,570527.99142083,4895508.85189625,hja2016_199,HJA-2016_soil_19,1,soil_enriched,1156,14,0.012110726643598616,0.29,6586.714878747069,FALSE,0,TRUE,FALSE,FALSE
hja2016_101,58,planktonic,3,385,67.2,566998.147308857,4898497.71989928,hja2016_199,HJA-2016_soil_19,1,soil_enriched,1156,17,0.014705882352941176,0.3,2229.1309892025542,FALSE,0,TRUE,TRUE,TRUE
hja2016_102,73,hyporheic,2,255,137,566310.177691566,4896786.79545861,hja2016_199,HJA-2016_soil_19,1,soil_enriched,1156,22,0.01903114186851211,0.52,3861.385887003973,FALSE,0,TRUE,TRUE,TRUE
hja2016_103,260,planktonic,4,23,866.1,566425.172613061,4897456.76587079,hja2016_199,HJA-2016_soil_19,1,soil_enriched,1156,61,0.052768166089965395,1.23,3190.26044818662,FALSE,0,TRUE,FALSE,FALSE
hja2016_105,178,planktonic,2,411,19.9,566185.18321168,4901793.57434491,hja2016_199,HJA-2016_soil_19,1,soil_enriched,1156,26,0.02249134948096886,0.69,1167.8149919666546,FALSE,0,TRUE,TRUE,TRUE
hja2016_106,170,planktonic,2,229,49.4,570659.985591589,4896908.79007097,hja2016_199,HJA-2016_soil_19,1,soil_enriched,1156,10,0.00865051903114187,0.13,5662.500696185432,FALSE,0,TRUE,FALSE,FALSE
hja2016_107,57,hyporheic,4,131,1488.8,563668.294364702,4898599.71539487,hja2016_199,HJA-2016_soil_19,1,soil_enriched,1156,28,0.02422145328719723,0.59,3419.1337940713634,TRUE,1,TRUE,TRUE,TRUE
hja2016_109,169,planktonic,2,144,53.5,568641.074752475,4902527.5419308,hja2016_199,HJA-2016_soil_19,1,soil_enriched,1156,16,0.01384083044982699,0.61,2920.391585256906,FALSE,0,TRUE,TRUE,TRUE
hja2016_110,76,hyporheic,3,150,303.5,570464.994202967,4896947.7883487,hja2016_199,HJA-2016_soil_19,1,soil_enriched,1156,16,0.01384083044982699,0.53,5491.193653436456,FALSE,0,TRUE,TRUE,TRUE
hja2016_111,160,planktonic,5,24,2569.5,566416.173010509,4897492.764281,hja2016_199,HJA-2016_soil_19,1,soil_enriched,1156,26,0.02249134948096886,0.65,3154.2229575367555,FALSE,0,TRUE,TRUE,TRUE
hja2016_114,WS1-5,planktonic,2,522,87.9,559517.477676657,4895016.87362342,hja2016_199,HJA-2016_soil_19,1,soil_enriched,1156,30,0.025951557093425604,0.53,8897.20606774569,FALSE,0,TRUE,TRUE,TRUE
hja2016_116,53,planktonic,3,78,280.7,568092.098996817,4898223.73199937,hja2016_199,HJA-2016_soil_19,1,soil_enriched,1156,31,0.026816608996539794,0.72,2951.686771046734,FALSE,0,TRUE,TRUE,TRUE
hja2016_119,56,planktonic,3,321,99.5,562839.3309741,4897811.75019367,hja2016_199,HJA-2016_soil_19,1,soil_enriched,1156,49,0.04238754325259515,1.23,4556.869753167082,FALSE,0,TRUE,TRUE,TRUE
hja2016_121,84,hyporheic,4,112,622.7,566447.171641521,4900685.6232752,hja2016_199,HJA-2016_soil_19,1,soil_enriched,1156,10,0.00865051903114187,0.13,55.91666195588681,FALSE,0.07407407407407407,FALSE,TRUE,FALSE
hja2016_122,45,sediment,3,390,193.2,565977.192397151,4897892.74661664,hja2016_199,HJA-2016_soil_19,1,soil_enriched,1156,107,0.092560553633218,2.72,2787.5249112963606,FALSE,0,TRUE,TRUE,TRUE
hja2016_125,56,sediment,3,321,99.5,562839.3309741,4897811.75019367,hja2016_199,HJA-2016_soil_19,1,soil_enriched,1156,117,0.10121107266435986,3.08,4556.869753167082,FALSE,0,TRUE,TRUE,TRUE
hja2016_164,260,sediment,4,23,866.1,566425.172613061,4897456.76587079,hja2016_199,HJA-2016_soil_19,1,soil_enriched,1156,182,0.157439446366782,4.28,3190.26044818662,FALSE,0,TRUE,FALSE,FALSE
hja2016_166,57,sediment,4,131,1488.8,563668.294364702,4898599.71539487,hja2016_199,HJA-2016_soil_19,1,soil_enriched,1156,81,0.07006920415224914,1.54,3419.1337940713634,TRUE,1,TRUE,TRUE,TRUE
hja2016_167,WS3-1,sediment,2,511,96.4,560508.433913191,4896516.80738205,hja2016_199,HJA-2016_soil_19,1,soil_enriched,1156,325,0.2811418685121107,14.12,7200.594258014596,FALSE,0,TRUE,TRUE,TRUE
hja2016_169,WS3-2,sediment,2,511,95.7,560554.431881789,4896487.80866272,hja2016_199,HJA-2016_soil_19,1,soil_enriched,1156,362,0.31314878892733566,14.31,7179.723610195527,FALSE,0,TRUE,TRUE,TRUE
hja2016_170,WS3-3,sediment,2,511,93.4,560639.428128111,4896408.81215143,hja2016_199,HJA-2016_soil_19,1,soil_enriched,1156,148,0.12802768166089964,3.51,7157.105736532577,FALSE,0,TRUE,TRUE,TRUE
hja2016_177,WS1-3,sediment,2,522,92.1,559404.482666841,4895069.8712829,hja2016_199,HJA-2016_soil_19,1,soil_enriched,1156,195,0.16868512110726644,5.72,8951.871200938998,FALSE,0,TRUE,TRUE,TRUE
hja2016_179,WS1-5,sediment,2,522,87.9,559517.477676657,4895016.87362342,hja2016_199,HJA-2016_soil_19,1,soil_enriched,1156,121,0.1046712802768166,3.38,8897.20606774569,FALSE,0,TRUE,TRUE,TRUE
hja2016_180,WS1-6,sediment,2,522,82.7,559631.472642313,4894993.87463913,hja2016_199,HJA-2016_soil_19,1,soil_enriched,1156,82,0.07093425605536333,1.59,8823.949514567797,FALSE,0,TRUE,TRUE,TRUE
hja2016_181,177,sediment,1,452,14.8,565808.199860345,4901620.58198475,hja2016_199,HJA-2016_soil_19,1,soil_enriched,1156,162,0.14013840830449828,3.65,1142.8876106646787,FALSE,0,TRUE,TRUE,TRUE
hja2016_001,50,planktonic,5,41,4956.4,563054.321479503,4898132.73601802,hja2016_183,HJA-2016_soil_01,3,soil_detected,930,15,0.016129032258064516,3.96,4755.781483000312,FALSE,0,TRUE,TRUE,TRUE
hja2016_008,WS3-1,hyporheic,2,511,96.4,560508.433913191,4896516.80738205,hja2016_183,HJA-2016_soil_01,3,soil_detected,930,61,0.06559139784946237,10.81,1816.0727806024734,FALSE,0,TRUE,TRUE,TRUE
hja2016_009,60,hyporheic,2,316,43.1,567391.129953618,4898693.71124374,hja2016_183,HJA-2016_soil_01,3,soil_detected,930,48,0.05161290322580645,12.92,8755.930737479888,FALSE,0,TRUE,FALSE,FALSE
hja2016_010,164,planktonic,3,502,60.8,560307.442789535,4895737.8417834,hja2016_183,HJA-2016_soil_01,3,soil_detected,930,11,0.011827956989247311,4.68,1113.0952643387484,FALSE,0,TRUE,TRUE,TRUE
hja2016_011,WS1-6,planktonic,2,522,82.7,559631.472642313,4894993.87463913,hja2016_183,HJA-2016_soil_01,3,soil_detected,930,62,0.06666666666666667,6.67,216.39765888447488,FALSE,0,TRUE,TRUE,TRUE
hja2016_013,WS1-4,planktonic,2,522,89.8,559453.480502956,4895042.87247524,hja2016_183,HJA-2016_soil_01,3,soil_detected,930,55,0.05913978494623656,7.68,32.67828392945876,FALSE,0.2962962962962963,FALSE,TRUE,FALSE
hja2016_014,WS1-6,hyporheic,2,522,82.7,559631.472642313,4894993.87463913,hja2016_183,HJA-2016_soil_01,3,soil_detected,930,47,0.05053763440860215,11.26,216.39765888447488,FALSE,0,TRUE,TRUE,TRUE
hja2016_015,47,hyporheic,4,134,1550.1,563254.31264732,4898130.73610634,hja2016_183,HJA-2016_soil_01,3,soil_detected,930,16,0.017204301075268817,4.29,4908.845287088644,FALSE,0,TRUE,TRUE,TRUE
hja2016_016,74,hyporheic,2,373,70,565310.221852481,4897724.75403567,hja2016_183,HJA-2016_soil_01,3,soil_detected,930,9,0.00967741935483871,1.27,6460.5813604542345,FALSE,0,TRUE,TRUE,TRUE
hja2016_018,WS1-5,hyporheic,2,522,87.9,559517.477676657,4895016.87362342,hja2016_183,HJA-2016_soil_01,3,soil_detected,930,54,0.05806451612903226,4.89,101.54713742738073,FALSE,0,TRUE,TRUE,TRUE
hja2016_019,155,hyporheic,2,345,81.2,565811.199727862,4897652.75721525,hja2016_183,HJA-2016_soil_01,3,soil_detected,930,53,0.05698924731182796,10.09,6892.605750590121,FALSE,0,TRUE,FALSE,FALSE
hja2016_020,WS1-2,hyporheic,2,522,93.6,559354.484874886,4895103.86978142,hja2016_183,HJA-2016_soil_01,3,soil_detected,930,72,0.07741935483870968,7.85,83.6204061236835,TRUE,1,TRUE,TRUE,TRUE
hja2016_021,156,hyporheic,5,24,2575.9,566141.185154761,4897558.76136638,hja2016_183,HJA-2016_soil_01,3,soil_detected,930,23,0.024731182795698924,5.58,7166.0844096887195,FALSE,0,TRUE,TRUE,TRUE
hja2016_027,WS3-6,planktonic,2,510,78.4,560819.420179147,4896235.81979127,hja2016_183,HJA-2016_soil_01,3,soil_detected,930,16,0.017204301075268817,1.91,1824.3912631204787,FALSE,0,TRUE,TRUE,TRUE
hja2016_065,68,hyporheic,5,30,3032.2,565145.229139031,4897899.74630751,hja2016_183,HJA-2016_soil_01,3,soil_detected,930,67,0.07204301075268817,9.64,6386.539031084864,FALSE,0,TRUE,TRUE,TRUE
hja2016_066,49,hyporheic,5,40,3399.1,563281.311454976,4898046.73981585,hja2016_183,HJA-2016_soil_01,3,soil_detected,930,66,0.07096774193548387,8.3,4878.044063411711,FALSE,0,TRUE,TRUE,TRUE
hja2016_070,56,hyporheic,3,321,99.5,562839.3309741,4897811.75019367,hja2016_183,HJA-2016_soil_01,3,soil_detected,930,27,0.02903225806451613,3.96,4385.557248787959,FALSE,0,TRUE,TRUE,TRUE
hja2016_071,164,hyporheic,3,502,60.8,560307.442789535,4895737.8417834,hja2016_183,HJA-2016_soil_01,3,soil_detected,930,74,0.07956989247311828,7.41,1113.0952643387484,FALSE,0,TRUE,TRUE,TRUE
hja2016_075,260,hyporheic,4,23,866.1,566425.172613061,4897456.76587079,hja2016_183,HJA-2016_soil_01,3,soil_detected,930,44,0.047311827956989246,7.4,7399.2200444966,FALSE,0,TRUE,FALSE,FALSE
hja2016_078,CC-1,hyporheic,2,183,64,569956.016680872,4897740.75332909,hja2016_183,HJA-2016_soil_01,3,soil_detected,930,49,0.05268817204301075,7.19,10866.903284625894,FALSE,0,TRUE,TRUE,TRUE
hja2016_079,64,hyporheic,2,163,33.5,570527.99142083,4895508.85189625,hja2016_183,HJA-2016_soil_01,3,soil_detected,930,48,0.05161290322580645,6.15,11111.926440575198,FALSE,0,TRUE,FALSE,FALSE
hja2016_084,177,hyporheic,1,452,14.8,565808.199860345,4901620.58198475,hja2016_183,HJA-2016_soil_01,3,soil_detected,930,54,0.05806451612903226,11.67,9153.960602759795,FALSE,0,TRUE,TRUE,TRUE
hja2016_127,60,sediment,2,316,43.1,567391.129953618,4898693.71124374,hja2016_183,HJA-2016_soil_01,3,soil_detected,930,151,0.16236559139784945,14.85,8755.930737479888,FALSE,0,TRUE,FALSE,FALSE
hja2016_129,72,sediment,4,16,568.3,566542.167446234,4896499.80813279,hja2016_183,HJA-2016_soil_01,3,soil_detected,930,192,0.2064516129032258,22.65,7261.341586408594,FALSE,0,TRUE,TRUE,TRUE
hja2016_131,74,sediment,2,373,70,565310.221852481,4897724.75403567,hja2016_183,HJA-2016_soil_01,3,soil_detected,930,192,0.2064516129032258,22.42,6460.5813604542345,FALSE,0,TRUE,TRUE,TRUE
hja2016_132,84,sediment,4,112,622.7,566447.171641521,4900685.6232752,hja2016_183,HJA-2016_soil_01,3,soil_detected,930,170,0.1827956989247312,23.39,8998.073084625998,FALSE,0,TRUE,TRUE,TRUE
hja2016_133,161,sediment,5,51,5699.1,561109.407372482,4897170.77850081,hja2016_183,HJA-2016_soil_01,3,soil_detected,930,233,0.25053763440860216,26.33,2701.014340405082,FALSE,0,TRUE,TRUE,TRUE
hja2016_135,169,sediment,2,144,53.5,568641.074752475,4902527.5419308,hja2016_183,HJA-2016_soil_01,3,soil_detected,930,186,0.2,24.8,11862.093449414371,FALSE,0,TRUE,TRUE,TRUE
hja2016_136,190,sediment,1,546,14.2,564169.272240084,4897881.7471024,hja2016_183,HJA-2016_soil_01,3,soil_detected,930,149,0.16021505376344086,19.02,5520.269258726273,FALSE,0,TRUE,FALSE,FALSE
hja2016_139,CC-2,sediment,2,183,63.6,569992.01509108,4897760.75244588,hja2016_183,HJA-2016_soil_01,3,soil_detected,930,229,0.24623655913978496,25.62,10906.72858402056,FALSE,0,TRUE,TRUE,TRUE
hja2016_140,CC-3,sediment,2,183,63,570038.013059678,4897795.75090024,hja2016_183,HJA-2016_soil_01,3,soil_detected,930,146,0.15698924731182795,16.7,10959.985280103692,FALSE,0,TRUE,TRUE,TRUE
hja2016_141,CC-4,sediment,2,183,58.5,570162.007583724,4897831.74931045,hja2016_183,HJA-2016_soil_01,3,soil_detected,930,158,0.16989247311827957,20.23,11089.041494915538,FALSE,0,TRUE,TRUE,TRUE
hja2016_142,KC-1,sediment,3,362,114.7,562012.367495176,4896802.79475203,hja2016_183,HJA-2016_soil_01,3,soil_detected,930,169,0.1817204301075269,20.66,3119.8990020537276,FALSE,0,TRUE,TRUE,TRUE
hja2016_144,KC-3,sediment,3,362,114,562000.368025107,4896680.80013966,hja2016_183,HJA-2016_soil_01,3,soil_detected,930,151,0.16236559139784945,21.58,3043.235980606604,FALSE,0,TRUE,TRUE,TRUE
hja2016_145,155,sediment,2,345,81.2,565811.199727862,4897652.75721525,hja2016_183,HJA-2016_soil_01,3,soil_detected,930,196,0.210752688172043,22.64,6892.605750590121,FALSE,0,TRUE,FALSE,FALSE
hja2016_146,156,sediment,5,24,2575.9,566141.185154761,4897558.76136638,hja2016_183,HJA-2016_soil_01,3,soil_detected,930,129,0.13870967741935483,15.87,7166.0844096887195,FALSE,0,TRUE,TRUE,TRUE
hja2016_147,163,sediment,5,63,6126.6,559726.468447026,4896111.82526722,hja2016_183,HJA-2016_soil_01,3,soil_detected,930,245,0.26344086021505375,26.33,1094.9095328738433,FALSE,0,TRUE,TRUE,TRUE
hja2016_148,165,sediment,2,494,27.9,564789.244860317,4900155.64668049,hja2016_183,HJA-2016_soil_01,3,soil_detected,930,246,0.2645161290322581,26.02,7399.1363490737285,FALSE,0,TRUE,FALSE,FALSE
hja2016_150,53,sediment,3,78,280.7,568092.098996817,4898223.73199937,hja2016_183,HJA-2016_soil_01,3,soil_detected,930,158,0.16989247311827957,18.44,9226.59458271796,FALSE,0,TRUE,TRUE,TRUE
hja2016_151,64,sediment,2,163,33.5,570527.99142083,4895508.85189625,hja2016_183,HJA-2016_soil_01,3,soil_detected,930,231,0.24838709677419354,23.7,11111.926440575198,FALSE,0,TRUE,FALSE,FALSE
hja2016_152,66,sediment,4,79,1360.7,567970.104384448,4898153.73509064,hja2016_183,HJA-2016_soil_01,3,soil_detected,930,115,0.12365591397849462,14.91,9088.02372767868,FALSE,0,TRUE,TRUE,TRUE
hja2016_155,82,sediment,2,536,36.6,564452.259742545,4899854.65997292,hja2016_183,HJA-2016_soil_01,3,soil_detected,930,244,0.2623655913978495,24.66,6947.532615015915,FALSE,0,TRUE,TRUE,TRUE
hja2016_157,43,sediment,1,538,7.8,567346.131940859,4898257.7304979,hja2016_183,HJA-2016_soil_01,3,soil_detected,930,153,0.16451612903225807,16.27,8542.385977026623,FALSE,0,TRUE,FALSE,FALSE
hja2016_159,49,sediment,5,40,3399.1,563281.311454976,4898046.73981585,hja2016_183,HJA-2016_soil_01,3,soil_detected,930,179,0.1924731182795699,21,4878.044063411711,FALSE,0,TRUE,TRUE,TRUE
hja2016_160,50,sediment,5,41,4956.4,563054.321479503,4898132.73601802,hja2016_183,HJA-2016_soil_01,3,soil_detected,930,86,0.09247311827956989,8.49,4755.781483000312,FALSE,0,TRUE,TRUE,TRUE
hja2016_031,161,hyporheic,5,51,5699.1,561109.407372482,4897170.77850081,hja2016_183,HJA-2016_soil_01,3,soil_detected,930,15,0.016129032258064516,5.79,2701.014340405082,FALSE,0,TRUE,TRUE,TRUE
hja2016_032,54,hyporheic,3,363,207.7,561802.376768968,4897363.76997776,hja2016_183,HJA-2016_soil_01,3,soil_detected,930,27,0.02903225806451613,7.51,3310.9247520991207,FALSE,0,TRUE,TRUE,TRUE
hja2016_035,192,hyporheic,2,542,28.5,564620.252323511,4897836.74908965,hja2016_183,HJA-2016_soil_01,3,soil_detected,930,21,0.02258064516129032,5.3,5890.989349466072,FALSE,0,TRUE,TRUE,TRUE
hja2016_037,43,hyporheic,1,538,7.8,567346.131940859,4898257.7304979,hja2016_183,HJA-2016_soil_01,3,soil_detected,930,23,0.024731182795698924,8.56,8542.385977026623,FALSE,0,TRUE,FALSE,FALSE
hja2016_042,165,planktonic,2,494,27.9,564789.244860317,4900155.64668049,hja2016_183,HJA-2016_soil_01,3,soil_detected,930,7,0.007526881720430108,1.55,7399.1363490737285,FALSE,0,TRUE,FALSE,FALSE
hja2016_043,KC-2,hyporheic,3,362,114.2,561999.368069268,4896735.79771081,hja2016_183,HJA-2016_soil_01,3,soil_detected,930,30,0.03225806451612903,8.68,3072.056347196398,FALSE,0,TRUE,TRUE,TRUE
hja2016_049,67,planktonic,4,83,1558.1,567119.141965387,4897968.74326041,hja2016_183,HJA-2016_soil_01,3,soil_detected,930,5,0.005376344086021506,2.14,8225.73773453772,FALSE,0,TRUE,TRUE,TRUE
hja2016_050,165,hyporheic,2,494,27.9,564789.244860317,4900155.64668049,hja2016_183,HJA-2016_soil_01,3,soil_detected,930,39,0.041935483870967745,4.93,7399.1363490737285,FALSE,0,TRUE,FALSE,FALSE
hja2016_052,163,hyporheic,5,63,6126.6,559726.468447026,4896111.82526722,hja2016_183,HJA-2016_soil_01,3,soil_detected,930,66,0.07096774193548387,8.98,1094.9095328738433,FALSE,0,TRUE,TRUE,TRUE
hja2016_056,KC-1,hyporheic,3,362,114.7,562012.367495176,4896802.79475203,hja2016_183,HJA-2016_soil_01,3,soil_detected,930,78,0.08387096774193549,9.01,3119.8990020537276,FALSE,0,TRUE,TRUE,TRUE
hja2016_057,71,hyporheic,3,556,101.7,562662.338790582,4897988.74237719,hja2016_183,HJA-2016_soil_01,3,soil_detected,930,26,0.02795698924731183,5.27,4365.955562321182,FALSE,0,TRUE,TRUE,TRUE
hja2016_059,KC-2,planktonic,3,362,114.2,561999.368069268,4896735.79771081,hja2016_183,HJA-2016_soil_01,3,soil_detected,930,46,0.04946236559139785,8.33,3072.056347196398,FALSE,0,TRUE,TRUE,TRUE
hja2016_062,WS3-3,hyporheic,2,511,93.4,560639.428128111,4896408.81215143,hja2016_183,HJA-2016_soil_01,3,soil_detected,930,63,0.06774193548387097,6.01,1815.4653488250265,FALSE,0,TRUE,TRUE,TRUE
hja2016_064,WS3-4,planktonic,2,510,81.3,560692.425787583,4896348.81480109,hja2016_183,HJA-2016_soil_01,3,soil_detected,930,31,0.03333333333333333,5.68,1808.0600595762737,FALSE,0,TRUE,TRUE,TRUE
hja2016_099,162,planktonic,5,66,6208.4,559348.485139852,4895468.85366269,hja2016_183,HJA-2016_soil_01,3,soil_detected,930,35,0.03763440860215054,2.36,416.7801366993802,FALSE,0,TRUE,TRUE,TRUE
hja2016_100,64,planktonic,2,163,33.5,570527.99142083,4895508.85189625,hja2016_183,HJA-2016_soil_01,3,soil_detected,930,22,0.023655913978494623,1.81,11111.926440575198,FALSE,0,TRUE,FALSE,FALSE
hja2016_101,58,planktonic,3,385,67.2,566998.147308857,4898497.71989928,hja2016_183,HJA-2016_soil_01,3,soil_detected,930,30,0.03225806451612903,2.07,8317.062617393829,FALSE,0,TRUE,TRUE,TRUE
hja2016_102,73,hyporheic,2,255,137,566310.177691566,4896786.79545861,hja2016_183,HJA-2016_soil_01,3,soil_detected,930,29,0.03118279569892473,2.43,7098.4504909878015,FALSE,0,TRUE,TRUE,TRUE
hja2016_103,260,planktonic,4,23,866.1,566425.172613061,4897456.76587079,hja2016_183,HJA-2016_soil_01,3,soil_detected,930,53,0.05698924731182796,6.13,7399.2200444966,FALSE,0,TRUE,FALSE,FALSE
hja2016_105,178,planktonic,2,411,19.9,566185.18321168,4901793.57434491,hja2016_183,HJA-2016_soil_01,3,soil_detected,930,37,0.03978494623655914,3.14,9542.00050990428,FALSE,0,TRUE,TRUE,TRUE
hja2016_106,170,planktonic,2,229,49.4,570659.985591589,4896908.79007097,hja2016_183,HJA-2016_soil_01,3,soil_detected,930,8,0.008602150537634409,0.76,11386.051855441236,FALSE,0,TRUE,FALSE,FALSE
hja2016_107,57,hyporheic,4,131,1488.8,563668.294364702,4898599.71539487,hja2016_183,HJA-2016_soil_01,3,soil_detected,930,30,0.03225806451612903,2.58,5526.252040135455,FALSE,0,TRUE,TRUE,TRUE
hja2016_109,169,planktonic,2,144,53.5,568641.074752475,4902527.5419308,hja2016_183,HJA-2016_soil_01,3,soil_detected,930,33,0.035483870967741936,2.88,11862.093449414371,FALSE,0,TRUE,TRUE,TRUE
hja2016_110,76,hyporheic,3,150,303.5,570464.994202967,4896947.7883487,hja2016_183,HJA-2016_soil_01,3,soil_detected,930,27,0.02903225806451613,2.53,11200.205182421572,FALSE,0,TRUE,TRUE,TRUE
hja2016_111,160,planktonic,5,24,2569.5,566416.173010509,4897492.764281,hja2016_183,HJA-2016_soil_01,3,soil_detected,930,42,0.04516129032258064,3.29,7402.4629386502365,FALSE,0,TRUE,TRUE,TRUE
hja2016_114,WS1-5,planktonic,2,522,87.9,559517.477676657,4895016.87362342,hja2016_183,HJA-2016_soil_01,3,soil_detected,930,32,0.034408602150537634,2.36,101.54713742738073,FALSE,0,TRUE,TRUE,TRUE
hja2016_116,53,planktonic,3,78,280.7,568092.098996817,4898223.73199937,hja2016_183,HJA-2016_soil_01,3,soil_detected,930,32,0.034408602150537634,3.05,9226.59458271796,FALSE,0,TRUE,TRUE,TRUE
hja2016_119,56,planktonic,3,321,99.5,562839.3309741,4897811.75019367,hja2016_183,HJA-2016_soil_01,3,soil_detected,930,58,0.06236559139784946,5.9,4385.557248787959,FALSE,0,TRUE,TRUE,TRUE
hja2016_121,84,hyporheic,4,112,622.7,566447.171641521,4900685.6232752,hja2016_183,HJA-2016_soil_01,3,soil_detected,930,8,0.008602150537634409,0.59,8998.073084625998,FALSE,0,TRUE,TRUE,TRUE
hja2016_122,45,sediment,3,390,193.2,565977.192397151,4897892.74661664,hja2016_183,HJA-2016_soil_01,3,soil_detected,930,173,0.1860215053763441,21.7,7138.493525190552,FALSE,0,TRUE,TRUE,TRUE
hja2016_125,56,sediment,3,321,99.5,562839.3309741,4897811.75019367,hja2016_183,HJA-2016_soil_01,3,soil_detected,930,187,0.2010752688172043,22.8,4385.557248787959,FALSE,0,TRUE,TRUE,TRUE
hja2016_164,260,sediment,4,23,866.1,566425.172613061,4897456.76587079,hja2016_183,HJA-2016_soil_01,3,soil_detected,930,156,0.16774193548387098,20.83,7399.2200444966,FALSE,0,TRUE,FALSE,FALSE
hja2016_166,57,sediment,4,131,1488.8,563668.294364702,4898599.71539487,hja2016_183,HJA-2016_soil_01,3,soil_detected,930,90,0.0967741935483871,8.41,5526.252040135455,FALSE,0,TRUE,TRUE,TRUE
hja2016_167,WS3-1,sediment,2,511,96.4,560508.433913191,4896516.80738205,hja2016_183,HJA-2016_soil_01,3,soil_detected,930,240,0.25806451612903225,27.17,1816.0727806024734,FALSE,0,TRUE,TRUE,TRUE
hja2016_169,WS3-2,sediment,2,511,95.7,560554.431881789,4896487.80866272,hja2016_183,HJA-2016_soil_01,3,soil_detected,930,237,0.25483870967741934,25.81,1821.0423062954935,FALSE,0,TRUE,TRUE,TRUE
hja2016_170,WS3-3,sediment,2,511,93.4,560639.428128111,4896408.81215143,hja2016_183,HJA-2016_soil_01,3,soil_detected,930,169,0.1817204301075269,15.74,1815.4653488250265,FALSE,0,TRUE,TRUE,TRUE
hja2016_177,WS1-3,sediment,2,522,92.1,559404.482666841,4895069.8712829,hja2016_183,HJA-2016_soil_01,3,soil_detected,930,182,0.1956989247311828,23.52,23.280057496084023,TRUE,1,TRUE,TRUE,TRUE
hja2016_179,WS1-5,sediment,2,522,87.9,559517.477676657,4895016.87362342,hja2016_183,HJA-2016_soil_01,3,soil_detected,930,146,0.15698924731182795,17.4,101.54713742738073,FALSE,0,TRUE,TRUE,TRUE
hja2016_180,WS1-6,sediment,2,522,82.7,559631.472642313,4894993.87463913,hja2016_183,HJA-2016_soil_01,3,soil_detected,930,80,0.08602150537634409,9.35,216.39765888447488,FALSE,0,TRUE,TRUE,TRUE
hja2016_181,177,sediment,1,452,14.8,565808.199860345,4901620.58198475,hja2016_183,HJA-2016_soil_01,3,soil_detected,930,174,0.1870967741935484,15.91,9153.960602759795,FALSE,0,TRUE,TRUE,TRUE
hja2016_001,50,planktonic,5,41,4956.4,563054.321479503,4898132.73601802,hja2016_183,HJA-2016_soil_01,3,soil_enriched,508,2,0.003937007874015748,0.53,4755.781483000312,FALSE,0,TRUE,TRUE,TRUE
hja2016_008,WS3-1,hyporheic,2,511,96.4,560508.433913191,4896516.80738205,hja2016_183,HJA-2016_soil_01,3,soil_enriched,508,10,0.01968503937007874,1.12,1816.0727806024734,FALSE,0,TRUE,TRUE,TRUE
hja2016_009,60,hyporheic,2,316,43.1,567391.129953618,4898693.71124374,hja2016_183,HJA-2016_soil_01,3,soil_enriched,508,4,0.007874015748031496,0.59,8755.930737479888,FALSE,0,TRUE,FALSE,FALSE
hja2016_010,164,planktonic,3,502,60.8,560307.442789535,4895737.8417834,hja2016_183,HJA-2016_soil_01,3,soil_enriched,508,0,0,0,1113.0952643387484,FALSE,0,TRUE,TRUE,TRUE
hja2016_011,WS1-6,planktonic,2,522,82.7,559631.472642313,4894993.87463913,hja2016_183,HJA-2016_soil_01,3,soil_enriched,508,13,0.025590551181102362,1.14,216.39765888447488,FALSE,0,TRUE,TRUE,TRUE
hja2016_013,WS1-4,planktonic,2,522,89.8,559453.480502956,4895042.87247524,hja2016_183,HJA-2016_soil_01,3,soil_enriched,508,6,0.011811023622047244,0.64,32.67828392945876,FALSE,0.2962962962962963,FALSE,TRUE,FALSE
hja2016_014,WS1-6,hyporheic,2,522,82.7,559631.472642313,4894993.87463913,hja2016_183,HJA-2016_soil_01,3,soil_enriched,508,2,0.003937007874015748,0.43,216.39765888447488,FALSE,0,TRUE,TRUE,TRUE
hja2016_015,47,hyporheic,4,134,1550.1,563254.31264732,4898130.73610634,hja2016_183,HJA-2016_soil_01,3,soil_enriched,508,1,0.001968503937007874,0.47,4908.845287088644,FALSE,0,TRUE,TRUE,TRUE
hja2016_016,74,hyporheic,2,373,70,565310.221852481,4897724.75403567,hja2016_183,HJA-2016_soil_01,3,soil_enriched,508,2,0.003937007874015748,0.21,6460.5813604542345,FALSE,0,TRUE,TRUE,TRUE
hja2016_018,WS1-5,hyporheic,2,522,87.9,559517.477676657,4895016.87362342,hja2016_183,HJA-2016_soil_01,3,soil_enriched,508,7,0.013779527559055118,0.44,101.54713742738073,FALSE,0,TRUE,TRUE,TRUE
hja2016_019,155,hyporheic,2,345,81.2,565811.199727862,4897652.75721525,hja2016_183,HJA-2016_soil_01,3,soil_enriched,508,8,0.015748031496062992,2.26,6892.605750590121,FALSE,0,TRUE,FALSE,FALSE
hja2016_020,WS1-2,hyporheic,2,522,93.6,559354.484874886,4895103.86978142,hja2016_183,HJA-2016_soil_01,3,soil_enriched,508,10,0.01968503937007874,1.16,83.6204061236835,TRUE,1,TRUE,TRUE,TRUE
hja2016_021,156,hyporheic,5,24,2575.9,566141.185154761,4897558.76136638,hja2016_183,HJA-2016_soil_01,3,soil_enriched,508,3,0.005905511811023622,0.57,7166.0844096887195,FALSE,0,TRUE,TRUE,TRUE
hja2016_027,WS3-6,planktonic,2,510,78.4,560819.420179147,4896235.81979127,hja2016_183,HJA-2016_soil_01,3,soil_enriched,508,4,0.007874015748031496,0.58,1824.3912631204787,FALSE,0,TRUE,TRUE,TRUE
hja2016_065,68,hyporheic,5,30,3032.2,565145.229139031,4897899.74630751,hja2016_183,HJA-2016_soil_01,3,soil_enriched,508,11,0.021653543307086614,1.17,6386.539031084864,FALSE,0,TRUE,TRUE,TRUE
hja2016_066,49,hyporheic,5,40,3399.1,563281.311454976,4898046.73981585,hja2016_183,HJA-2016_soil_01,3,soil_enriched,508,11,0.021653543307086614,1.18,4878.044063411711,FALSE,0,TRUE,TRUE,TRUE
hja2016_070,56,hyporheic,3,321,99.5,562839.3309741,4897811.75019367,hja2016_183,HJA-2016_soil_01,3,soil_enriched,508,6,0.011811023622047244,0.99,4385.557248787959,FALSE,0,TRUE,TRUE,TRUE
hja2016_071,164,hyporheic,3,502,60.8,560307.442789535,4895737.8417834,hja2016_183,HJA-2016_soil_01,3,soil_enriched,508,10,0.01968503937007874,0.81,1113.0952643387484,FALSE,0,TRUE,TRUE,TRUE
hja2016_075,260,hyporheic,4,23,866.1,566425.172613061,4897456.76587079,hja2016_183,HJA-2016_soil_01,3,soil_enriched,508,7,0.013779527559055118,1.06,7399.2200444966,FALSE,0,TRUE,FALSE,FALSE
hja2016_078,CC-1,hyporheic,2,183,64,569956.016680872,4897740.75332909,hja2016_183,HJA-2016_soil_01,3,soil_enriched,508,8,0.015748031496062992,1.24,10866.903284625894,FALSE,0,TRUE,TRUE,TRUE
hja2016_079,64,hyporheic,2,163,33.5,570527.99142083,4895508.85189625,hja2016_183,HJA-2016_soil_01,3,soil_enriched,508,14,0.027559055118110236,1.26,11111.926440575198,FALSE,0,TRUE,FALSE,FALSE
hja2016_084,177,hyporheic,1,452,14.8,565808.199860345,4901620.58198475,hja2016_183,HJA-2016_soil_01,3,soil_enriched,508,7,0.013779527559055118,0.76,9153.960602759795,FALSE,0,TRUE,TRUE,TRUE
hja2016_127,60,sediment,2,316,43.1,567391.129953618,4898693.71124374,hja2016_183,HJA-2016_soil_01,3,soil_enriched,508,21,0.04133858267716536,1.66,8755.930737479888,FALSE,0,TRUE,FALSE,FALSE
hja2016_129,72,sediment,4,16,568.3,566542.167446234,4896499.80813279,hja2016_183,HJA-2016_soil_01,3,soil_enriched,508,37,0.07283464566929133,4.05,7261.341586408594,FALSE,0,TRUE,TRUE,TRUE
hja2016_131,74,sediment,2,373,70,565310.221852481,4897724.75403567,hja2016_183,HJA-2016_soil_01,3,soil_enriched,508,40,0.07874015748031496,4.28,6460.5813604542345,FALSE,0,TRUE,TRUE,TRUE
hja2016_132,84,sediment,4,112,622.7,566447.171641521,4900685.6232752,hja2016_183,HJA-2016_soil_01,3,soil_enriched,508,31,0.0610236220472441,3.57,8998.073084625998,FALSE,0,TRUE,TRUE,TRUE
hja2016_133,161,sediment,5,51,5699.1,561109.407372482,4897170.77850081,hja2016_183,HJA-2016_soil_01,3,soil_enriched,508,95,0.18700787401574803,9.87,2701.014340405082,FALSE,0,TRUE,TRUE,TRUE
hja2016_135,169,sediment,2,144,53.5,568641.074752475,4902527.5419308,hja2016_183,HJA-2016_soil_01,3,soil_enriched,508,42,0.08267716535433071,4.23,11862.093449414371,FALSE,0,TRUE,TRUE,TRUE
hja2016_136,190,sediment,1,546,14.2,564169.272240084,4897881.7471024,hja2016_183,HJA-2016_soil_01,3,soil_enriched,508,30,0.05905511811023622,2.78,5520.269258726273,FALSE,0,TRUE,FALSE,FALSE
hja2016_139,CC-2,sediment,2,183,63.6,569992.01509108,4897760.75244588,hja2016_183,HJA-2016_soil_01,3,soil_enriched,508,55,0.10826771653543307,5.55,10906.72858402056,FALSE,0,TRUE,TRUE,TRUE
hja2016_140,CC-3,sediment,2,183,63,570038.013059678,4897795.75090024,hja2016_183,HJA-2016_soil_01,3,soil_enriched,508,28,0.05511811023622047,2.52,10959.985280103692,FALSE,0,TRUE,TRUE,TRUE
hja2016_141,CC-4,sediment,2,183,58.5,570162.007583724,4897831.74931045,hja2016_183,HJA-2016_soil_01,3,soil_enriched,508,37,0.07283464566929133,3.25,11089.041494915538,FALSE,0,TRUE,TRUE,TRUE
hja2016_142,KC-1,sediment,3,362,114.7,562012.367495176,4896802.79475203,hja2016_183,HJA-2016_soil_01,3,soil_enriched,508,37,0.07283464566929133,2.63,3119.8990020537276,FALSE,0,TRUE,TRUE,TRUE
hja2016_144,KC-3,sediment,3,362,114,562000.368025107,4896680.80013966,hja2016_183,HJA-2016_soil_01,3,soil_enriched,508,29,0.05708661417322835,2.88,3043.235980606604,FALSE,0,TRUE,TRUE,TRUE
hja2016_145,155,sediment,2,345,81.2,565811.199727862,4897652.75721525,hja2016_183,HJA-2016_soil_01,3,soil_enriched,508,43,0.08464566929133858,4.06,6892.605750590121,FALSE,0,TRUE,FALSE,FALSE
hja2016_146,156,sediment,5,24,2575.9,566141.185154761,4897558.76136638,hja2016_183,HJA-2016_soil_01,3,soil_enriched,508,20,0.03937007874015748,1.94,7166.0844096887195,FALSE,0,TRUE,TRUE,TRUE
hja2016_147,163,sediment,5,63,6126.6,559726.468447026,4896111.82526722,hja2016_183,HJA-2016_soil_01,3,soil_enriched,508,92,0.18110236220472442,9.76,1094.9095328738433,FALSE,0,TRUE,TRUE,TRUE
hja2016_148,165,sediment,2,494,27.9,564789.244860317,4900155.64668049,hja2016_183,HJA-2016_soil_01,3,soil_enriched,508,70,0.13779527559055119,5.94,7399.1363490737285,FALSE,0,TRUE,FALSE,FALSE
hja2016_150,53,sediment,3,78,280.7,568092.098996817,4898223.73199937,hja2016_183,HJA-2016_soil_01,3,soil_enriched,508,25,0.04921259842519685,2.64,9226.59458271796,FALSE,0,TRUE,TRUE,TRUE
hja2016_151,64,sediment,2,163,33.5,570527.99142083,4895508.85189625,hja2016_183,HJA-2016_soil_01,3,soil_enriched,508,86,0.16929133858267717,8.5,11111.926440575198,FALSE,0,TRUE,FALSE,FALSE
hja2016_152,66,sediment,4,79,1360.7,567970.104384448,4898153.73509064,hja2016_183,HJA-2016_soil_01,3,soil_enriched,508,18,0.03543307086614173,1.97,9088.02372767868,FALSE,0,TRUE,TRUE,TRUE
hja2016_155,82,sediment,2,536,36.6,564452.259742545,4899854.65997292,hja2016_183,HJA-2016_soil_01,3,soil_enriched,508,65,0.1279527559055118,5.77,6947.532615015915,FALSE,0,TRUE,TRUE,TRUE
hja2016_157,43,sediment,1,538,7.8,567346.131940859,4898257.7304979,hja2016_183,HJA-2016_soil_01,3,soil_enriched,508,26,0.051181102362204724,2.29,8542.385977026623,FALSE,0,TRUE,FALSE,FALSE
hja2016_159,49,sediment,5,40,3399.1,563281.311454976,4898046.73981585,hja2016_183,HJA-2016_soil_01,3,soil_enriched,508,32,0.06299212598425197,2.46,4878.044063411711,FALSE,0,TRUE,TRUE,TRUE
hja2016_160,50,sediment,5,41,4956.4,563054.321479503,4898132.73601802,hja2016_183,HJA-2016_soil_01,3,soil_enriched,508,4,0.007874015748031496,0.89,4755.781483000312,FALSE,0,TRUE,TRUE,TRUE
hja2016_031,161,hyporheic,5,51,5699.1,561109.407372482,4897170.77850081,hja2016_183,HJA-2016_soil_01,3,soil_enriched,508,4,0.007874015748031496,1.31,2701.014340405082,FALSE,0,TRUE,TRUE,TRUE
hja2016_032,54,hyporheic,3,363,207.7,561802.376768968,4897363.76997776,hja2016_183,HJA-2016_soil_01,3,soil_enriched,508,6,0.011811023622047244,0.63,3310.9247520991207,FALSE,0,TRUE,TRUE,TRUE
hja2016_035,192,hyporheic,2,542,28.5,564620.252323511,4897836.74908965,hja2016_183,HJA-2016_soil_01,3,soil_enriched,508,6,0.011811023622047244,1.1,5890.989349466072,FALSE,0,TRUE,TRUE,TRUE
hja2016_037,43,hyporheic,1,538,7.8,567346.131940859,4898257.7304979,hja2016_183,HJA-2016_soil_01,3,soil_enriched,508,0,0,0,8542.385977026623,FALSE,0,TRUE,FALSE,FALSE
hja2016_042,165,planktonic,2,494,27.9,564789.244860317,4900155.64668049,hja2016_183,HJA-2016_soil_01,3,soil_enriched,508,1,0.001968503937007874,0.07,7399.1363490737285,FALSE,0,TRUE,FALSE,FALSE
hja2016_043,KC-2,hyporheic,3,362,114.2,561999.368069268,4896735.79771081,hja2016_183,HJA-2016_soil_01,3,soil_enriched,508,5,0.00984251968503937,1.17,3072.056347196398,FALSE,0,TRUE,TRUE,TRUE
hja2016_049,67,planktonic,4,83,1558.1,567119.141965387,4897968.74326041,hja2016_183,HJA-2016_soil_01,3,soil_enriched,508,1,0.001968503937007874,0.07,8225.73773453772,FALSE,0,TRUE,TRUE,TRUE
hja2016_050,165,hyporheic,2,494,27.9,564789.244860317,4900155.64668049,hja2016_183,HJA-2016_soil_01,3,soil_enriched,508,8,0.015748031496062992,0.76,7399.1363490737285,FALSE,0,TRUE,FALSE,FALSE
hja2016_052,163,hyporheic,5,63,6126.6,559726.468447026,4896111.82526722,hja2016_183,HJA-2016_soil_01,3,soil_enriched,508,12,0.023622047244094488,1.08,1094.9095328738433,FALSE,0,TRUE,TRUE,TRUE
hja2016_056,KC-1,hyporheic,3,362,114.7,562012.367495176,4896802.79475203,hja2016_183,HJA-2016_soil_01,3,soil_enriched,508,8,0.015748031496062992,0.69,3119.8990020537276,FALSE,0,TRUE,TRUE,TRUE
hja2016_057,71,hyporheic,3,556,101.7,562662.338790582,4897988.74237719,hja2016_183,HJA-2016_soil_01,3,soil_enriched,508,4,0.007874015748031496,0.78,4365.955562321182,FALSE,0,TRUE,TRUE,TRUE
hja2016_059,KC-2,planktonic,3,362,114.2,561999.368069268,4896735.79771081,hja2016_183,HJA-2016_soil_01,3,soil_enriched,508,6,0.011811023622047244,1.45,3072.056347196398,FALSE,0,TRUE,TRUE,TRUE
hja2016_062,WS3-3,hyporheic,2,511,93.4,560639.428128111,4896408.81215143,hja2016_183,HJA-2016_soil_01,3,soil_enriched,508,12,0.023622047244094488,1.07,1815.4653488250265,FALSE,0,TRUE,TRUE,TRUE
hja2016_064,WS3-4,planktonic,2,510,81.3,560692.425787583,4896348.81480109,hja2016_183,HJA-2016_soil_01,3,soil_enriched,508,6,0.011811023622047244,1.11,1808.0600595762737,FALSE,0,TRUE,TRUE,TRUE
hja2016_099,162,planktonic,5,66,6208.4,559348.485139852,4895468.85366269,hja2016_183,HJA-2016_soil_01,3,soil_enriched,508,4,0.007874015748031496,0.39,416.7801366993802,FALSE,0,TRUE,TRUE,TRUE
hja2016_100,64,planktonic,2,163,33.5,570527.99142083,4895508.85189625,hja2016_183,HJA-2016_soil_01,3,soil_enriched,508,4,0.007874015748031496,0.21,11111.926440575198,FALSE,0,TRUE,FALSE,FALSE
hja2016_101,58,planktonic,3,385,67.2,566998.147308857,4898497.71989928,hja2016_183,HJA-2016_soil_01,3,soil_enriched,508,3,0.005905511811023622,0.23,8317.062617393829,FALSE,0,TRUE,TRUE,TRUE
hja2016_102,73,hyporheic,2,255,137,566310.177691566,4896786.79545861,hja2016_183,HJA-2016_soil_01,3,soil_enriched,508,5,0.00984251968503937,0.41,7098.4504909878015,FALSE,0,TRUE,TRUE,TRUE
hja2016_103,260,planktonic,4,23,866.1,566425.172613061,4897456.76587079,hja2016_183,HJA-2016_soil_01,3,soil_enriched,508,8,0.015748031496062992,0.88,7399.2200444966,FALSE,0,TRUE,FALSE,FALSE
hja2016_105,178,planktonic,2,411,19.9,566185.18321168,4901793.57434491,hja2016_183,HJA-2016_soil_01,3,soil_enriched,508,7,0.013779527559055118,0.61,9542.00050990428,FALSE,0,TRUE,TRUE,TRUE
hja2016_106,170,planktonic,2,229,49.4,570659.985591589,4896908.79007097,hja2016_183,HJA-2016_soil_01,3,soil_enriched,508,1,0.001968503937007874,0.12,11386.051855441236,FALSE,0,TRUE,FALSE,FALSE
hja2016_107,57,hyporheic,4,131,1488.8,563668.294364702,4898599.71539487,hja2016_183,HJA-2016_soil_01,3,soil_enriched,508,3,0.005905511811023622,0.41,5526.252040135455,FALSE,0,TRUE,TRUE,TRUE
hja2016_109,169,planktonic,2,144,53.5,568641.074752475,4902527.5419308,hja2016_183,HJA-2016_soil_01,3,soil_enriched,508,5,0.00984251968503937,0.52,11862.093449414371,FALSE,0,TRUE,TRUE,TRUE
hja2016_110,76,hyporheic,3,150,303.5,570464.994202967,4896947.7883487,hja2016_183,HJA-2016_soil_01,3,soil_enriched,508,4,0.007874015748031496,0.42,11200.205182421572,FALSE,0,TRUE,TRUE,TRUE
hja2016_111,160,planktonic,5,24,2569.5,566416.173010509,4897492.764281,hja2016_183,HJA-2016_soil_01,3,soil_enriched,508,9,0.017716535433070866,0.5,7402.4629386502365,FALSE,0,TRUE,TRUE,TRUE
hja2016_114,WS1-5,planktonic,2,522,87.9,559517.477676657,4895016.87362342,hja2016_183,HJA-2016_soil_01,3,soil_enriched,508,4,0.007874015748031496,0.36,101.54713742738073,FALSE,0,TRUE,TRUE,TRUE
hja2016_116,53,planktonic,3,78,280.7,568092.098996817,4898223.73199937,hja2016_183,HJA-2016_soil_01,3,soil_enriched,508,6,0.011811023622047244,0.58,9226.59458271796,FALSE,0,TRUE,TRUE,TRUE
hja2016_119,56,planktonic,3,321,99.5,562839.3309741,4897811.75019367,hja2016_183,HJA-2016_soil_01,3,soil_enriched,508,11,0.021653543307086614,0.94,4385.557248787959,FALSE,0,TRUE,TRUE,TRUE
hja2016_121,84,hyporheic,4,112,622.7,566447.171641521,4900685.6232752,hja2016_183,HJA-2016_soil_01,3,soil_enriched,508,1,0.001968503937007874,0.09,8998.073084625998,FALSE,0,TRUE,TRUE,TRUE
hja2016_122,45,sediment,3,390,193.2,565977.192397151,4897892.74661664,hja2016_183,HJA-2016_soil_01,3,soil_enriched,508,26,0.051181102362204724,2.36,7138.493525190552,FALSE,0,TRUE,TRUE,TRUE
hja2016_125,56,sediment,3,321,99.5,562839.3309741,4897811.75019367,hja2016_183,HJA-2016_soil_01,3,soil_enriched,508,33,0.06496062992125984,2.87,4385.557248787959,FALSE,0,TRUE,TRUE,TRUE
hja2016_164,260,sediment,4,23,866.1,566425.172613061,4897456.76587079,hja2016_183,HJA-2016_soil_01,3,soil_enriched,508,31,0.0610236220472441,3.63,7399.2200444966,FALSE,0,TRUE,FALSE,FALSE
hja2016_166,57,sediment,4,131,1488.8,563668.294364702,4898599.71539487,hja2016_183,HJA-2016_soil_01,3,soil_enriched,508,9,0.017716535433070866,1,5526.252040135455,FALSE,0,TRUE,TRUE,TRUE
hja2016_167,WS3-1,sediment,2,511,96.4,560508.433913191,4896516.80738205,hja2016_183,HJA-2016_soil_01,3,soil_enriched,508,99,0.19488188976377951,10.04,1816.0727806024734,FALSE,0,TRUE,TRUE,TRUE
hja2016_169,WS3-2,sediment,2,511,95.7,560554.431881789,4896487.80866272,hja2016_183,HJA-2016_soil_01,3,soil_enriched,508,97,0.19094488188976377,9.56,1821.0423062954935,FALSE,0,TRUE,TRUE,TRUE
hja2016_170,WS3-3,sediment,2,511,93.4,560639.428128111,4896408.81215143,hja2016_183,HJA-2016_soil_01,3,soil_enriched,508,36,0.07086614173228346,3.5,1815.4653488250265,FALSE,0,TRUE,TRUE,TRUE
hja2016_177,WS1-3,sediment,2,522,92.1,559404.482666841,4895069.8712829,hja2016_183,HJA-2016_soil_01,3,soil_enriched,508,45,0.08858267716535433,4.01,23.280057496084023,TRUE,1,TRUE,TRUE,TRUE
hja2016_179,WS1-5,sediment,2,522,87.9,559517.477676657,4895016.87362342,hja2016_183,HJA-2016_soil_01,3,soil_enriched,508,25,0.04921259842519685,2.48,101.54713742738073,FALSE,0,TRUE,TRUE,TRUE
hja2016_180,WS1-6,sediment,2,522,82.7,559631.472642313,4894993.87463913,hja2016_183,HJA-2016_soil_01,3,soil_enriched,508,7,0.013779527559055118,1.25,216.39765888447488,FALSE,0,TRUE,TRUE,TRUE
hja2016_181,177,sediment,1,452,14.8,565808.199860345,4901620.58198475,hja2016_183,HJA-2016_soil_01,3,soil_enriched,508,33,0.06496062992125984,3.35,9153.960602759795,FALSE,0,TRUE,TRUE,TRUE
hja2016_001,50,planktonic,5,41,4956.4,563054.321479503,4898132.73601802,hja2016_184,HJA-2016_soil_03,3,soil_detected,971,13,0.013388259526261586,3.42,4687.991531492832,FALSE,0,TRUE,TRUE,TRUE
hja2016_008,WS3-1,hyporheic,2,511,96.4,560508.433913191,4896516.80738205,hja2016_184,HJA-2016_soil_03,3,soil_detected,971,56,0.057672502574665295,10.88,1787.6702445029728,FALSE,0,TRUE,TRUE,TRUE
hja2016_009,60,hyporheic,2,316,43.1,567391.129953618,4898693.71124374,hja2016_184,HJA-2016_soil_03,3,soil_detected,971,57,0.05870236869207003,13.98,8650.066130714253,FALSE,0,TRUE,FALSE,FALSE
hja2016_010,164,planktonic,3,502,60.8,560307.442789535,4895737.8417834,hja2016_184,HJA-2016_soil_03,3,soil_detected,971,12,0.012358393408856848,5.18,1045.941767403878,FALSE,0,TRUE,TRUE,TRUE
hja2016_011,WS1-6,planktonic,2,522,82.7,559631.472642313,4894993.87463913,hja2016_184,HJA-2016_soil_03,3,soil_detected,971,60,0.061791967044284246,6.8,59.21978874432748,FALSE,0.1111111111111111,FALSE,TRUE,FALSE
hja2016_013,WS1-4,planktonic,2,522,89.8,559453.480502956,4895042.87247524,hja2016_184,HJA-2016_soil_03,3,soil_detected,971,54,0.055612770339855816,8.2,128.48286041571276,TRUE,1,TRUE,TRUE,TRUE
hja2016_014,WS1-6,hyporheic,2,522,82.7,559631.472642313,4894993.87463913,hja2016_184,HJA-2016_soil_03,3,soil_detected,971,46,0.04737384140061792,11.46,59.21978874432748,FALSE,0.1111111111111111,FALSE,TRUE,FALSE
hja2016_015,47,hyporheic,4,134,1550.1,563254.31264732,4898130.73610634,hja2016_184,HJA-2016_soil_03,3,soil_detected,971,19,0.01956745623069001,4.53,4837.09376685639,FALSE,0,TRUE,TRUE,TRUE
hja2016_016,74,hyporheic,2,373,70,565310.221852481,4897724.75403567,hja2016_184,HJA-2016_soil_03,3,soil_detected,971,12,0.012358393408856848,2.32,6354.6833822125955,FALSE,0,TRUE,TRUE,TRUE
hja2016_018,WS1-5,hyporheic,2,522,87.9,559517.477676657,4895016.87362342,hja2016_184,HJA-2016_soil_03,3,soil_detected,971,51,0.05252317198764161,4.41,59.40842271270747,TRUE,1,TRUE,TRUE,TRUE
hja2016_019,155,hyporheic,2,345,81.2,565811.199727862,4897652.75721525,hja2016_184,HJA-2016_soil_03,3,soil_detected,971,60,0.061791967044284246,12.59,6781.896840668349,FALSE,0,TRUE,FALSE,FALSE
hja2016_020,WS1-2,hyporheic,2,522,93.6,559354.484874886,4895103.86978142,hja2016_184,HJA-2016_soil_03,3,soil_detected,971,77,0.07929969104016478,8.39,243.9718054923127,TRUE,1,TRUE,TRUE,TRUE
hja2016_021,156,hyporheic,5,24,2575.9,566141.185154761,4897558.76136638,hja2016_184,HJA-2016_soil_03,3,soil_detected,971,22,0.02265705458290422,5.87,7051.916423758594,FALSE,0,TRUE,TRUE,TRUE
hja2016_027,WS3-6,planktonic,2,510,78.4,560819.420179147,4896235.81979127,hja2016_184,HJA-2016_soil_03,3,soil_detected,971,15,0.015447991761071062,2.01,1760.0735264034727,FALSE,0,TRUE,TRUE,TRUE
hja2016_065,68,hyporheic,5,30,3032.2,565145.229139031,4897899.74630751,hja2016_184,HJA-2016_soil_03,3,soil_detected,971,75,0.07723995880535531,10.81,6285.074850282766,FALSE,0,TRUE,TRUE,TRUE
hja2016_066,49,hyporheic,5,40,3399.1,563281.311454976,4898046.73981585,hja2016_184,HJA-2016_soil_03,3,soil_detected,971,62,0.06385169927909372,8.15,4803.864392012124,FALSE,0,TRUE,TRUE,TRUE
hja2016_070,56,hyporheic,3,321,99.5,562839.3309741,4897811.75019367,hja2016_184,HJA-2016_soil_03,3,soil_detected,971,23,0.02368692070030896,4.04,4314.421490132408,FALSE,0,TRUE,TRUE,TRUE
hja2016_071,164,hyporheic,3,502,60.8,560307.442789535,4895737.8417834,hja2016_184,HJA-2016_soil_03,3,soil_detected,971,68,0.07003089598352215,8.75,1045.941767403878,FALSE,0,TRUE,TRUE,TRUE
hja2016_075,260,hyporheic,4,23,866.1,566425.172613061,4897456.76587079,hja2016_184,HJA-2016_soil_03,3,soil_detected,971,48,0.04943357363542739,9.2,7282.056839095865,FALSE,0,TRUE,FALSE,FALSE
hja2016_078,CC-1,hyporheic,2,183,64,569956.016680872,4897740.75332909,hja2016_184,HJA-2016_soil_03,3,soil_detected,971,45,0.046343975283213185,10.08,10740.94521894254,FALSE,0,TRUE,TRUE,TRUE
hja2016_079,64,hyporheic,2,163,33.5,570527.99142083,4895508.85189625,hja2016_184,HJA-2016_soil_03,3,soil_detected,971,63,0.06488156539649846,9.53,10967.835296257144,FALSE,0,TRUE,FALSE,FALSE
hja2016_084,177,hyporheic,1,452,14.8,565808.199860345,4901620.58198475,hja2016_184,HJA-2016_soil_03,3,soil_detected,971,52,0.053553038105046344,10.75,9099.467594179589,FALSE,0,TRUE,TRUE,TRUE
hja2016_127,60,sediment,2,316,43.1,567391.129953618,4898693.71124374,hja2016_184,HJA-2016_soil_03,3,soil_detected,971,133,0.13697219361483007,13.29,8650.066130714253,FALSE,0,TRUE,FALSE,FALSE
hja2016_129,72,sediment,4,16,568.3,566542.167446234,4896499.80813279,hja2016_184,HJA-2016_soil_03,3,soil_detected,971,173,0.17816683831101957,20.8,7130.746864013493,FALSE,0,TRUE,TRUE,TRUE
hja2016_131,74,sediment,2,373,70,565310.221852481,4897724.75403567,hja2016_184,HJA-2016_soil_03,3,soil_detected,971,165,0.16992790937178168,19.54,6354.6833822125955,FALSE,0,TRUE,TRUE,TRUE
hja2016_132,84,sediment,4,112,622.7,566447.171641521,4900685.6232752,hja2016_184,HJA-2016_soil_03,3,soil_detected,971,162,0.16683831101956745,21.05,8925.27492606731,FALSE,0,TRUE,TRUE,TRUE
hja2016_133,161,sediment,5,51,5699.1,561109.407372482,4897170.77850081,hja2016_184,HJA-2016_soil_03,3,soil_detected,971,261,0.2687950566426365,28.86,2664.9132650716183,FALSE,0,TRUE,TRUE,TRUE
hja2016_135,169,sediment,2,144,53.5,568641.074752475,4902527.5419308,hja2016_184,HJA-2016_soil_03,3,soil_detected,971,181,0.18640576725025745,21.95,11789.813489777138,FALSE,0,TRUE,TRUE,TRUE
hja2016_136,190,sediment,1,546,14.2,564169.272240084,4897881.7471024,hja2016_184,HJA-2016_soil_03,3,soil_detected,971,140,0.14418125643666324,16.86,5428.849378828946,FALSE,0,TRUE,FALSE,FALSE
hja2016_139,CC-2,sediment,2,183,63.6,569992.01509108,4897760.75244588,hja2016_184,HJA-2016_soil_03,3,soil_detected,971,188,0.19361483007209063,21.01,10780.86584637373,FALSE,0,TRUE,TRUE,TRUE
hja2016_140,CC-3,sediment,2,183,63,570038.013059678,4897795.75090024,hja2016_184,HJA-2016_soil_03,3,soil_detected,971,138,0.14212152420185376,14.86,10834.32775584622,FALSE,0,TRUE,TRUE,TRUE
hja2016_141,CC-4,sediment,2,183,58.5,570162.007583724,4897831.74931045,hja2016_184,HJA-2016_soil_03,3,soil_detected,971,151,0.15550978372811536,18.07,10963.414097738994,FALSE,0,TRUE,TRUE,TRUE
hja2016_142,KC-1,sediment,3,362,114.7,562012.367495176,4896802.79475203,hja2016_184,HJA-2016_soil_03,3,soil_detected,971,143,0.14727085478887744,16.36,3037.492109117954,FALSE,0,TRUE,TRUE,TRUE
hja2016_144,KC-3,sediment,3,362,114,562000.368025107,4896680.80013966,hja2016_184,HJA-2016_soil_03,3,soil_detected,971,143,0.14727085478887744,18.51,2956.597257138216,FALSE,0,TRUE,TRUE,TRUE
hja2016_145,155,sediment,2,345,81.2,565811.199727862,4897652.75721525,hja2016_184,HJA-2016_soil_03,3,soil_detected,971,178,0.18331616889804325,20.3,6781.896840668349,FALSE,0,TRUE,FALSE,FALSE
hja2016_146,156,sediment,5,24,2575.9,566141.185154761,4897558.76136638,hja2016_184,HJA-2016_soil_03,3,soil_detected,971,122,0.12564366632337795,14.11,7051.916423758594,FALSE,0,TRUE,TRUE,TRUE
hja2016_147,163,sediment,5,63,6126.6,559726.468447026,4896111.82526722,hja2016_184,HJA-2016_soil_03,3,soil_detected,971,278,0.286302780638517,28.62,1128.5390132464408,FALSE,0,TRUE,TRUE,TRUE
hja2016_148,165,sediment,2,494,27.9,564789.244860317,4900155.64668049,hja2016_184,HJA-2016_soil_03,3,soil_detected,971,202,0.20803295571575695,21.87,7338.999647113132,FALSE,0,TRUE,FALSE,FALSE
hja2016_150,53,sediment,3,78,280.7,568092.098996817,4898223.73199937,hja2016_184,HJA-2016_soil_03,3,soil_detected,971,153,0.15756951596292482,16.44,9111.518487351876,FALSE,0,TRUE,TRUE,TRUE
hja2016_151,64,sediment,2,163,33.5,570527.99142083,4895508.85189625,hja2016_184,HJA-2016_soil_03,3,soil_detected,971,245,0.25231719876416064,25.71,10967.835296257144,FALSE,0,TRUE,FALSE,FALSE
hja2016_152,66,sediment,4,79,1360.7,567970.104384448,4898153.73509064,hja2016_184,HJA-2016_soil_03,3,soil_detected,971,104,0.10710607621009269,13.19,8972.660721043567,FALSE,0,TRUE,TRUE,TRUE
hja2016_155,82,sediment,2,536,36.6,564452.259742545,4899854.65997292,hja2016_184,HJA-2016_soil_03,3,soil_detected,971,202,0.20803295571575695,20.85,6887.794985971404,FALSE,0,TRUE,TRUE,TRUE
hja2016_157,43,sediment,1,538,7.8,567346.131940859,4898257.7304979,hja2016_184,HJA-2016_soil_03,3,soil_detected,971,135,0.13903192584963955,13.32,8431.249227315959,FALSE,0,TRUE,FALSE,FALSE
hja2016_159,49,sediment,5,40,3399.1,563281.311454976,4898046.73981585,hja2016_184,HJA-2016_soil_03,3,soil_detected,971,146,0.15036045314109167,17.75,4803.864392012124,FALSE,0,TRUE,TRUE,TRUE
hja2016_160,50,sediment,5,41,4956.4,563054.321479503,4898132.73601802,hja2016_184,HJA-2016_soil_03,3,soil_detected,971,82,0.08444902162718847,7.81,4687.991531492832,FALSE,0,TRUE,TRUE,TRUE
hja2016_031,161,hyporheic,5,51,5699.1,561109.407372482,4897170.77850081,hja2016_184,HJA-2016_soil_03,3,soil_detected,971,18,0.018537590113285273,5.43,2664.9132650716183,FALSE,0,TRUE,TRUE,TRUE
hja2016_032,54,hyporheic,3,363,207.7,561802.376768968,4897363.76997776,hja2016_184,HJA-2016_soil_03,3,soil_detected,971,24,0.024716786817713696,7.25,3254.207368896037,FALSE,0,TRUE,TRUE,TRUE
hja2016_035,192,hyporheic,2,542,28.5,564620.252323511,4897836.74908965,hja2016_184,HJA-2016_soil_03,3,soil_detected,971,30,0.030895983522142123,6.66,5793.465680646779,FALSE,0,TRUE,TRUE,TRUE
hja2016_037,43,hyporheic,1,538,7.8,567346.131940859,4898257.7304979,hja2016_184,HJA-2016_soil_03,3,soil_detected,971,26,0.026776519052523172,7.05,8431.249227315959,FALSE,0,TRUE,FALSE,FALSE
hja2016_042,165,planktonic,2,494,27.9,564789.244860317,4900155.64668049,hja2016_184,HJA-2016_soil_03,3,soil_detected,971,11,0.01132852729145211,3.1,7338.999647113132,FALSE,0,TRUE,FALSE,FALSE
hja2016_043,KC-2,hyporheic,3,362,114.2,561999.368069268,4896735.79771081,hja2016_184,HJA-2016_soil_03,3,soil_detected,971,31,0.03192584963954686,10.12,2987.505795349974,FALSE,0,TRUE,TRUE,TRUE
hja2016_049,67,planktonic,4,83,1558.1,567119.141965387,4897968.74326041,hja2016_184,HJA-2016_soil_03,3,soil_detected,971,7,0.007209062821833162,3.79,8112.0521376695615,FALSE,0,TRUE,TRUE,TRUE
hja2016_050,165,hyporheic,2,494,27.9,564789.244860317,4900155.64668049,hja2016_184,HJA-2016_soil_03,3,soil_detected,971,48,0.04943357363542739,7.17,7338.999647113132,FALSE,0,TRUE,FALSE,FALSE
hja2016_052,163,hyporheic,5,63,6126.6,559726.468447026,4896111.82526722,hja2016_184,HJA-2016_soil_03,3,soil_detected,971,62,0.06385169927909372,10.26,1128.5390132464408,FALSE,0,TRUE,TRUE,TRUE
hja2016_056,KC-1,hyporheic,3,362,114.7,562012.367495176,4896802.79475203,hja2016_184,HJA-2016_soil_03,3,soil_detected,971,70,0.07209062821833162,8.27,3037.492109117954,FALSE,0,TRUE,TRUE,TRUE
hja2016_057,71,hyporheic,3,556,101.7,562662.338790582,4897988.74237719,hja2016_184,HJA-2016_soil_03,3,soil_detected,971,33,0.03398558187435633,7.45,4303.240087095082,FALSE,0,TRUE,TRUE,TRUE
hja2016_059,KC-2,planktonic,3,362,114.2,561999.368069268,4896735.79771081,hja2016_184,HJA-2016_soil_03,3,soil_detected,971,42,0.04325437693099897,8.59,2987.505795349974,FALSE,0,TRUE,TRUE,TRUE
hja2016_062,WS3-3,hyporheic,2,511,93.4,560639.428128111,4896408.81215143,hja2016_184,HJA-2016_soil_03,3,soil_detected,971,71,0.07312049433573635,6.61,1772.263131461311,FALSE,0,TRUE,TRUE,TRUE
hja2016_064,WS3-4,planktonic,2,510,81.3,560692.425787583,4896348.81480109,hja2016_184,HJA-2016_soil_03,3,soil_detected,971,29,0.029866117404737384,7.44,1758.0259933861705,FALSE,0,TRUE,TRUE,TRUE
hja2016_099,162,planktonic,5,66,6208.4,559348.485139852,4895468.85366269,hja2016_184,HJA-2016_soil_03,3,soil_detected,971,30,0.030895983522142123,2.16,525.0512998787914,FALSE,0,TRUE,TRUE,TRUE
hja2016_100,64,planktonic,2,163,33.5,570527.99142083,4895508.85189625,hja2016_184,HJA-2016_soil_03,3,soil_detected,971,15,0.015447991761071062,1.02,10967.835296257144,FALSE,0,TRUE,FALSE,FALSE
hja2016_101,58,planktonic,3,385,67.2,566998.147308857,4898497.71989928,hja2016_184,HJA-2016_soil_03,3,soil_detected,971,19,0.01956745623069001,1.91,8211.020240057574,FALSE,0,TRUE,TRUE,TRUE
hja2016_102,73,hyporheic,2,255,137,566310.177691566,4896786.79545861,hja2016_184,HJA-2016_soil_03,3,soil_detected,971,22,0.02265705458290422,2.09,6972.388615121755,FALSE,0,TRUE,TRUE,TRUE
hja2016_103,260,planktonic,4,23,866.1,566425.172613061,4897456.76587079,hja2016_184,HJA-2016_soil_03,3,soil_detected,971,41,0.042224510813594233,4.77,7282.056839095865,FALSE,0,TRUE,FALSE,FALSE
hja2016_105,178,planktonic,2,411,19.9,566185.18321168,4901793.57434491,hja2016_184,HJA-2016_soil_03,3,soil_detected,971,28,0.028836251287332648,2.43,9485.082490367893,FALSE,0,TRUE,TRUE,TRUE
hja2016_106,170,planktonic,2,229,49.4,570659.985591589,4896908.79007097,hja2016_184,HJA-2016_soil_03,3,soil_detected,971,4,0.004119464469618949,0.48,11251.876539361969,FALSE,0,TRUE,FALSE,FALSE
hja2016_107,57,hyporheic,4,131,1488.8,563668.294364702,4898599.71539487,hja2016_184,HJA-2016_soil_03,3,soil_detected,971,23,0.02368692070030896,2.07,5457.074062073813,FALSE,0,TRUE,TRUE,TRUE
hja2016_109,169,planktonic,2,144,53.5,568641.074752475,4902527.5419308,hja2016_184,HJA-2016_soil_03,3,soil_detected,971,24,0.024716786817713696,2.17,11789.813489777138,FALSE,0,TRUE,TRUE,TRUE
hja2016_110,76,hyporheic,3,150,303.5,570464.994202967,4896947.7883487,hja2016_184,HJA-2016_soil_03,3,soil_detected,971,18,0.018537590113285273,2.28,11066.598407538148,FALSE,0,TRUE,TRUE,TRUE
hja2016_111,160,planktonic,5,24,2569.5,566416.173010509,4897492.764281,hja2016_184,HJA-2016_soil_03,3,soil_detected,971,29,0.029866117404737384,2.35,7285.856301932626,FALSE,0,TRUE,TRUE,TRUE
hja2016_114,WS1-5,planktonic,2,522,87.9,559517.477676657,4895016.87362342,hja2016_184,HJA-2016_soil_03,3,soil_detected,971,25,0.025746652935118436,2.46,59.40842271270747,TRUE,1,TRUE,TRUE,TRUE
hja2016_116,53,planktonic,3,78,280.7,568092.098996817,4898223.73199937,hja2016_184,HJA-2016_soil_03,3,soil_detected,971,27,0.027806385169927908,2.46,9111.518487351876,FALSE,0,TRUE,TRUE,TRUE
hja2016_119,56,planktonic,3,321,99.5,562839.3309741,4897811.75019367,hja2016_184,HJA-2016_soil_03,3,soil_detected,971,45,0.046343975283213185,4.94,4314.421490132408,FALSE,0,TRUE,TRUE,TRUE
hja2016_121,84,hyporheic,4,112,622.7,566447.171641521,4900685.6232752,hja2016_184,HJA-2016_soil_03,3,soil_detected,971,5,0.005149330587023687,0.53,8925.27492606731,FALSE,0,TRUE,TRUE,TRUE
hja2016_122,45,sediment,3,390,193.2,565977.192397151,4897892.74661664,hja2016_184,HJA-2016_soil_03,3,soil_detected,971,157,0.16168898043254376,18.22,7030.413950438915,FALSE,0,TRUE,TRUE,TRUE
hja2016_125,56,sediment,3,321,99.5,562839.3309741,4897811.75019367,hja2016_184,HJA-2016_soil_03,3,soil_detected,971,157,0.16168898043254376,18.97,4314.421490132408,FALSE,0,TRUE,TRUE,TRUE
hja2016_164,260,sediment,4,23,866.1,566425.172613061,4897456.76587079,hja2016_184,HJA-2016_soil_03,3,soil_detected,971,140,0.14418125643666324,18.67,7282.056839095865,FALSE,0,TRUE,FALSE,FALSE
hja2016_166,57,sediment,4,131,1488.8,563668.294364702,4898599.71539487,hja2016_184,HJA-2016_soil_03,3,soil_detected,971,84,0.08650875386199794,7.34,5457.074062073813,FALSE,0,TRUE,TRUE,TRUE
hja2016_167,WS3-1,sediment,2,511,96.4,560508.433913191,4896516.80738205,hja2016_184,HJA-2016_soil_03,3,soil_detected,971,265,0.2729145211122554,28.67,1787.6702445029728,FALSE,0,TRUE,TRUE,TRUE
hja2016_169,WS3-2,sediment,2,511,95.7,560554.431881789,4896487.80866272,hja2016_184,HJA-2016_soil_03,3,soil_detected,971,271,0.27909371781668385,28.53,1787.8814802282668,FALSE,0,TRUE,TRUE,TRUE
hja2016_170,WS3-3,sediment,2,511,93.4,560639.428128111,4896408.81215143,hja2016_184,HJA-2016_soil_03,3,soil_detected,971,147,0.1513903192584964,14.18,1772.263131461311,FALSE,0,TRUE,TRUE,TRUE
hja2016_177,WS1-3,sediment,2,522,92.1,559404.482666841,4895069.8712829,hja2016_184,HJA-2016_soil_03,3,soil_detected,971,184,0.18949536560247168,21.89,184.18092796710175,TRUE,1,TRUE,TRUE,TRUE
hja2016_179,WS1-5,sediment,2,522,87.9,559517.477676657,4895016.87362342,hja2016_184,HJA-2016_soil_03,3,soil_detected,971,133,0.13697219361483007,15.53,59.40842271270747,TRUE,1,TRUE,TRUE,TRUE
hja2016_180,WS1-6,sediment,2,522,82.7,559631.472642313,4894993.87463913,hja2016_184,HJA-2016_soil_03,3,soil_detected,971,76,0.07826982492276004,8.01,59.21978874432748,FALSE,0.1111111111111111,FALSE,TRUE,FALSE
hja2016_181,177,sediment,1,452,14.8,565808.199860345,4901620.58198475,hja2016_184,HJA-2016_soil_03,3,soil_detected,971,142,0.1462409886714727,14.05,9099.467594179589,FALSE,0,TRUE,TRUE,TRUE
hja2016_001,50,planktonic,5,41,4956.4,563054.321479503,4898132.73601802,hja2016_184,HJA-2016_soil_03,3,soil_enriched,601,3,0.004991680532445923,0.62,4687.991531492832,FALSE,0,TRUE,TRUE,TRUE
hja2016_008,WS3-1,hyporheic,2,511,96.4,560508.433913191,4896516.80738205,hja2016_184,HJA-2016_soil_03,3,soil_enriched,601,8,0.013311148086522463,0.97,1787.6702445029728,FALSE,0,TRUE,TRUE,TRUE
hja2016_009,60,hyporheic,2,316,43.1,567391.129953618,4898693.71124374,hja2016_184,HJA-2016_soil_03,3,soil_enriched,601,7,0.011647254575707155,0.88,8650.066130714253,FALSE,0,TRUE,FALSE,FALSE
hja2016_010,164,planktonic,3,502,60.8,560307.442789535,4895737.8417834,hja2016_184,HJA-2016_soil_03,3,soil_enriched,601,0,0,0,1045.941767403878,FALSE,0,TRUE,TRUE,TRUE
hja2016_011,WS1-6,planktonic,2,522,82.7,559631.472642313,4894993.87463913,hja2016_184,HJA-2016_soil_03,3,soil_enriched,601,12,0.019966722129783693,0.84,59.21978874432748,FALSE,0.1111111111111111,FALSE,TRUE,FALSE
hja2016_013,WS1-4,planktonic,2,522,89.8,559453.480502956,4895042.87247524,hja2016_184,HJA-2016_soil_03,3,soil_enriched,601,8,0.013311148086522463,0.85,128.48286041571276,TRUE,1,TRUE,TRUE,TRUE
hja2016_014,WS1-6,hyporheic,2,522,82.7,559631.472642313,4894993.87463913,hja2016_184,HJA-2016_soil_03,3,soil_enriched,601,2,0.0033277870216306157,0.43,59.21978874432748,FALSE,0.1111111111111111,FALSE,TRUE,FALSE
hja2016_015,47,hyporheic,4,134,1550.1,563254.31264732,4898130.73610634,hja2016_184,HJA-2016_soil_03,3,soil_enriched,601,1,0.0016638935108153079,0.47,4837.09376685639,FALSE,0,TRUE,TRUE,TRUE
hja2016_016,74,hyporheic,2,373,70,565310.221852481,4897724.75403567,hja2016_184,HJA-2016_soil_03,3,soil_enriched,601,2,0.0033277870216306157,0.21,6354.6833822125955,FALSE,0,TRUE,TRUE,TRUE
hja2016_018,WS1-5,hyporheic,2,522,87.9,559517.477676657,4895016.87362342,hja2016_184,HJA-2016_soil_03,3,soil_enriched,601,8,0.013311148086522463,0.59,59.40842271270747,TRUE,1,TRUE,TRUE,TRUE
hja2016_019,155,hyporheic,2,345,81.2,565811.199727862,4897652.75721525,hja2016_184,HJA-2016_soil_03,3,soil_enriched,601,13,0.021630615640599003,2.61,6781.896840668349,FALSE,0,TRUE,FALSE,FALSE
hja2016_020,WS1-2,hyporheic,2,522,93.6,559354.484874886,4895103.86978142,hja2016_184,HJA-2016_soil_03,3,soil_enriched,601,12,0.019966722129783693,1.35,243.9718054923127,TRUE,1,TRUE,TRUE,TRUE
hja2016_021,156,hyporheic,5,24,2575.9,566141.185154761,4897558.76136638,hja2016_184,HJA-2016_soil_03,3,soil_enriched,601,4,0.0066555740432612314,0.88,7051.916423758594,FALSE,0,TRUE,TRUE,TRUE
hja2016_027,WS3-6,planktonic,2,510,78.4,560819.420179147,4896235.81979127,hja2016_184,HJA-2016_soil_03,3,soil_enriched,601,4,0.0066555740432612314,0.58,1760.0735264034727,FALSE,0,TRUE,TRUE,TRUE
hja2016_065,68,hyporheic,5,30,3032.2,565145.229139031,4897899.74630751,hja2016_184,HJA-2016_soil_03,3,soil_enriched,601,16,0.026622296173044926,1.49,6285.074850282766,FALSE,0,TRUE,TRUE,TRUE
hja2016_066,49,hyporheic,5,40,3399.1,563281.311454976,4898046.73981585,hja2016_184,HJA-2016_soil_03,3,soil_enriched,601,13,0.021630615640599003,1.4,4803.864392012124,FALSE,0,TRUE,TRUE,TRUE
hja2016_070,56,hyporheic,3,321,99.5,562839.3309741,4897811.75019367,hja2016_184,HJA-2016_soil_03,3,soil_enriched,601,7,0.011647254575707155,1.01,4314.421490132408,FALSE,0,TRUE,TRUE,TRUE
hja2016_071,164,hyporheic,3,502,60.8,560307.442789535,4895737.8417834,hja2016_184,HJA-2016_soil_03,3,soil_enriched,601,12,0.019966722129783693,1.09,1045.941767403878,FALSE,0,TRUE,TRUE,TRUE
hja2016_075,260,hyporheic,4,23,866.1,566425.172613061,4897456.76587079,hja2016_184,HJA-2016_soil_03,3,soil_enriched,601,8,0.013311148086522463,1.33,7282.056839095865,FALSE,0,TRUE,FALSE,FALSE
hja2016_078,CC-1,hyporheic,2,183,64,569956.016680872,4897740.75332909,hja2016_184,HJA-2016_soil_03,3,soil_enriched,601,8,0.013311148086522463,1.25,10740.94521894254,FALSE,0,TRUE,TRUE,TRUE
hja2016_079,64,hyporheic,2,163,33.5,570527.99142083,4895508.85189625,hja2016_184,HJA-2016_soil_03,3,soil_enriched,601,17,0.028286189683860232,1.86,10967.835296257144,FALSE,0,TRUE,FALSE,FALSE
hja2016_084,177,hyporheic,1,452,14.8,565808.199860345,4901620.58198475,hja2016_184,HJA-2016_soil_03,3,soil_enriched,601,8,0.013311148086522463,1.15,9099.467594179589,FALSE,0,TRUE,TRUE,TRUE
hja2016_127,60,sediment,2,316,43.1,567391.129953618,4898693.71124374,hja2016_184,HJA-2016_soil_03,3,soil_enriched,601,24,0.03993344425956739,1.76,8650.066130714253,FALSE,0,TRUE,FALSE,FALSE
hja2016_129,72,sediment,4,16,568.3,566542.167446234,4896499.80813279,hja2016_184,HJA-2016_soil_03,3,soil_enriched,601,46,0.07653910149750416,4.81,7130.746864013493,FALSE,0,TRUE,TRUE,TRUE
hja2016_131,74,sediment,2,373,70,565310.221852481,4897724.75403567,hja2016_184,HJA-2016_soil_03,3,soil_enriched,601,44,0.07321131447587355,4.89,6354.6833822125955,FALSE,0,TRUE,TRUE,TRUE
hja2016_132,84,sediment,4,112,622.7,566447.171641521,4900685.6232752,hja2016_184,HJA-2016_soil_03,3,soil_enriched,601,36,0.059900166389351084,4.08,8925.27492606731,FALSE,0,TRUE,TRUE,TRUE
hja2016_133,161,sediment,5,51,5699.1,561109.407372482,4897170.77850081,hja2016_184,HJA-2016_soil_03,3,soil_enriched,601,119,0.19800332778702162,11.8,2664.9132650716183,FALSE,0,TRUE,TRUE,TRUE
hja2016_135,169,sediment,2,144,53.5,568641.074752475,4902527.5419308,hja2016_184,HJA-2016_soil_03,3,soil_enriched,601,47,0.07820299500831947,4.72,11789.813489777138,FALSE,0,TRUE,TRUE,TRUE
hja2016_136,190,sediment,1,546,14.2,564169.272240084,4897881.7471024,hja2016_184,HJA-2016_soil_03,3,soil_enriched,601,37,0.06156405990016639,3.23,5428.849378828946,FALSE,0,TRUE,FALSE,FALSE
hja2016_139,CC-2,sediment,2,183,63.6,569992.01509108,4897760.75244588,hja2016_184,HJA-2016_soil_03,3,soil_enriched,601,50,0.08319467554076539,5.4,10780.86584637373,FALSE,0,TRUE,TRUE,TRUE
hja2016_140,CC-3,sediment,2,183,63,570038.013059678,4897795.75090024,hja2016_184,HJA-2016_soil_03,3,soil_enriched,601,35,0.05823627287853577,3.07,10834.32775584622,FALSE,0,TRUE,TRUE,TRUE
hja2016_141,CC-4,sediment,2,183,58.5,570162.007583724,4897831.74931045,hja2016_184,HJA-2016_soil_03,3,soil_enriched,601,40,0.06655574043261231,3.61,10963.414097738994,FALSE,0,TRUE,TRUE,TRUE
hja2016_142,KC-1,sediment,3,362,114.7,562012.367495176,4896802.79475203,hja2016_184,HJA-2016_soil_03,3,soil_enriched,601,42,0.06988352745424292,2.93,3037.492109117954,FALSE,0,TRUE,TRUE,TRUE
hja2016_144,KC-3,sediment,3,362,114,562000.368025107,4896680.80013966,hja2016_184,HJA-2016_soil_03,3,soil_enriched,601,30,0.04991680532445923,2.93,2956.597257138216,FALSE,0,TRUE,TRUE,TRUE
hja2016_145,155,sediment,2,345,81.2,565811.199727862,4897652.75721525,hja2016_184,HJA-2016_soil_03,3,soil_enriched,601,49,0.08153078202995008,4.56,6781.896840668349,FALSE,0,TRUE,FALSE,FALSE
hja2016_146,156,sediment,5,24,2575.9,566141.185154761,4897558.76136638,hja2016_184,HJA-2016_soil_03,3,soil_enriched,601,26,0.04326123128119801,2.31,7051.916423758594,FALSE,0,TRUE,TRUE,TRUE
hja2016_147,163,sediment,5,63,6126.6,559726.468447026,4896111.82526722,hja2016_184,HJA-2016_soil_03,3,soil_enriched,601,124,0.20632279534109818,11.55,1128.5390132464408,FALSE,0,TRUE,TRUE,TRUE
hja2016_148,165,sediment,2,494,27.9,564789.244860317,4900155.64668049,hja2016_184,HJA-2016_soil_03,3,soil_enriched,601,65,0.10815307820299501,5.68,7338.999647113132,FALSE,0,TRUE,FALSE,FALSE
hja2016_150,53,sediment,3,78,280.7,568092.098996817,4898223.73199937,hja2016_184,HJA-2016_soil_03,3,soil_enriched,601,34,0.056572379367720464,2.95,9111.518487351876,FALSE,0,TRUE,TRUE,TRUE
hja2016_151,64,sediment,2,163,33.5,570527.99142083,4895508.85189625,hja2016_184,HJA-2016_soil_03,3,soil_enriched,601,110,0.18302828618968386,10.47,10967.835296257144,FALSE,0,TRUE,FALSE,FALSE
hja2016_152,66,sediment,4,79,1360.7,567970.104384448,4898153.73509064,hja2016_184,HJA-2016_soil_03,3,soil_enriched,601,21,0.03494176372712146,2.18,8972.660721043567,FALSE,0,TRUE,TRUE,TRUE
hja2016_155,82,sediment,2,536,36.6,564452.259742545,4899854.65997292,hja2016_184,HJA-2016_soil_03,3,soil_enriched,601,62,0.10316139767054909,5.57,6887.794985971404,FALSE,0,TRUE,TRUE,TRUE
hja2016_157,43,sediment,1,538,7.8,567346.131940859,4898257.7304979,hja2016_184,HJA-2016_soil_03,3,soil_enriched,601,28,0.04658901830282862,2.37,8431.249227315959,FALSE,0,TRUE,FALSE,FALSE
hja2016_159,49,sediment,5,40,3399.1,563281.311454976,4898046.73981585,hja2016_184,HJA-2016_soil_03,3,soil_enriched,601,32,0.05324459234608985,2.67,4803.864392012124,FALSE,0,TRUE,TRUE,TRUE
hja2016_160,50,sediment,5,41,4956.4,563054.321479503,4898132.73601802,hja2016_184,HJA-2016_soil_03,3,soil_enriched,601,6,0.009983361064891847,1,4687.991531492832,FALSE,0,TRUE,TRUE,TRUE
hja2016_031,161,hyporheic,5,51,5699.1,561109.407372482,4897170.77850081,hja2016_184,HJA-2016_soil_03,3,soil_enriched,601,4,0.0066555740432612314,1.31,2664.9132650716183,FALSE,0,TRUE,TRUE,TRUE
hja2016_032,54,hyporheic,3,363,207.7,561802.376768968,4897363.76997776,hja2016_184,HJA-2016_soil_03,3,soil_enriched,601,7,0.011647254575707155,0.8,3254.207368896037,FALSE,0,TRUE,TRUE,TRUE
hja2016_035,192,hyporheic,2,542,28.5,564620.252323511,4897836.74908965,hja2016_184,HJA-2016_soil_03,3,soil_enriched,601,7,0.011647254575707155,1.19,5793.465680646779,FALSE,0,TRUE,TRUE,TRUE
hja2016_037,43,hyporheic,1,538,7.8,567346.131940859,4898257.7304979,hja2016_184,HJA-2016_soil_03,3,soil_enriched,601,0,0,0,8431.249227315959,FALSE,0,TRUE,FALSE,FALSE
hja2016_042,165,planktonic,2,494,27.9,564789.244860317,4900155.64668049,hja2016_184,HJA-2016_soil_03,3,soil_enriched,601,1,0.0016638935108153079,0.07,7338.999647113132,FALSE,0,TRUE,FALSE,FALSE
hja2016_043,KC-2,hyporheic,3,362,114.2,561999.368069268,4896735.79771081,hja2016_184,HJA-2016_soil_03,3,soil_enriched,601,6,0.009983361064891847,1.21,2987.505795349974,FALSE,0,TRUE,TRUE,TRUE
hja2016_049,67,planktonic,4,83,1558.1,567119.141965387,4897968.74326041,hja2016_184,HJA-2016_soil_03,3,soil_enriched,601,1,0.0016638935108153079,0.06,8112.0521376695615,FALSE,0,TRUE,TRUE,TRUE
hja2016_050,165,hyporheic,2,494,27.9,564789.244860317,4900155.64668049,hja2016_184,HJA-2016_soil_03,3,soil_enriched,601,13,0.021630615640599003,1.09,7338.999647113132,FALSE,0,TRUE,FALSE,FALSE
hja2016_052,163,hyporheic,5,63,6126.6,559726.468447026,4896111.82526722,hja2016_184,HJA-2016_soil_03,3,soil_enriched,601,14,0.02329450915141431,1.13,1128.5390132464408,FALSE,0,TRUE,TRUE,TRUE
hja2016_056,KC-1,hyporheic,3,362,114.7,562012.367495176,4896802.79475203,hja2016_184,HJA-2016_soil_03,3,soil_enriched,601,10,0.016638935108153077,0.83,3037.492109117954,FALSE,0,TRUE,TRUE,TRUE
hja2016_057,71,hyporheic,3,556,101.7,562662.338790582,4897988.74237719,hja2016_184,HJA-2016_soil_03,3,soil_enriched,601,4,0.0066555740432612314,0.78,4303.240087095082,FALSE,0,TRUE,TRUE,TRUE
hja2016_059,KC-2,planktonic,3,362,114.2,561999.368069268,4896735.79771081,hja2016_184,HJA-2016_soil_03,3,soil_enriched,601,7,0.011647254575707155,1.52,2987.505795349974,FALSE,0,TRUE,TRUE,TRUE
hja2016_062,WS3-3,hyporheic,2,511,93.4,560639.428128111,4896408.81215143,hja2016_184,HJA-2016_soil_03,3,soil_enriched,601,12,0.019966722129783693,1.01,1772.263131461311,FALSE,0,TRUE,TRUE,TRUE
hja2016_064,WS3-4,planktonic,2,510,81.3,560692.425787583,4896348.81480109,hja2016_184,HJA-2016_soil_03,3,soil_enriched,601,6,0.009983361064891847,1.13,1758.0259933861705,FALSE,0,TRUE,TRUE,TRUE
hja2016_099,162,planktonic,5,66,6208.4,559348.485139852,4895468.85366269,hja2016_184,HJA-2016_soil_03,3,soil_enriched,601,4,0.0066555740432612314,0.38,525.0512998787914,FALSE,0,TRUE,TRUE,TRUE
hja2016_100,64,planktonic,2,163,33.5,570527.99142083,4895508.85189625,hja2016_184,HJA-2016_soil_03,3,soil_enriched,601,4,0.0066555740432612314,0.21,10967.835296257144,FALSE,0,TRUE,FALSE,FALSE
hja2016_101,58,planktonic,3,385,67.2,566998.147308857,4898497.71989928,hja2016_184,HJA-2016_soil_03,3,soil_enriched,601,2,0.0033277870216306157,0.19,8211.020240057574,FALSE,0,TRUE,TRUE,TRUE
hja2016_102,73,hyporheic,2,255,137,566310.177691566,4896786.79545861,hja2016_184,HJA-2016_soil_03,3,soil_enriched,601,5,0.008319467554076539,0.38,6972.388615121755,FALSE,0,TRUE,TRUE,TRUE
hja2016_103,260,planktonic,4,23,866.1,566425.172613061,4897456.76587079,hja2016_184,HJA-2016_soil_03,3,soil_enriched,601,7,0.011647254575707155,0.88,7282.056839095865,FALSE,0,TRUE,FALSE,FALSE
hja2016_105,178,planktonic,2,411,19.9,566185.18321168,4901793.57434491,hja2016_184,HJA-2016_soil_03,3,soil_enriched,601,7,0.011647254575707155,0.58,9485.082490367893,FALSE,0,TRUE,TRUE,TRUE
hja2016_106,170,planktonic,2,229,49.4,570659.985591589,4896908.79007097,hja2016_184,HJA-2016_soil_03,3,soil_enriched,601,1,0.0016638935108153079,0.09,11251.876539361969,FALSE,0,TRUE,FALSE,FALSE
hja2016_107,57,hyporheic,4,131,1488.8,563668.294364702,4898599.71539487,hja2016_184,HJA-2016_soil_03,3,soil_enriched,601,3,0.004991680532445923,0.4,5457.074062073813,FALSE,0,TRUE,TRUE,TRUE
hja2016_109,169,planktonic,2,144,53.5,568641.074752475,4902527.5419308,hja2016_184,HJA-2016_soil_03,3,soil_enriched,601,6,0.009983361064891847,0.52,11789.813489777138,FALSE,0,TRUE,TRUE,TRUE
hja2016_110,76,hyporheic,3,150,303.5,570464.994202967,4896947.7883487,hja2016_184,HJA-2016_soil_03,3,soil_enriched,601,3,0.004991680532445923,0.37,11066.598407538148,FALSE,0,TRUE,TRUE,TRUE
hja2016_111,160,planktonic,5,24,2569.5,566416.173010509,4897492.764281,hja2016_184,HJA-2016_soil_03,3,soil_enriched,601,9,0.014975041597337771,0.54,7285.856301932626,FALSE,0,TRUE,TRUE,TRUE
hja2016_114,WS1-5,planktonic,2,522,87.9,559517.477676657,4895016.87362342,hja2016_184,HJA-2016_soil_03,3,soil_enriched,601,3,0.004991680532445923,0.36,59.40842271270747,TRUE,1,TRUE,TRUE,TRUE
hja2016_116,53,planktonic,3,78,280.7,568092.098996817,4898223.73199937,hja2016_184,HJA-2016_soil_03,3,soil_enriched,601,7,0.011647254575707155,0.54,9111.518487351876,FALSE,0,TRUE,TRUE,TRUE
hja2016_119,56,planktonic,3,321,99.5,562839.3309741,4897811.75019367,hja2016_184,HJA-2016_soil_03,3,soil_enriched,601,10,0.016638935108153077,0.92,4314.421490132408,FALSE,0,TRUE,TRUE,TRUE
hja2016_121,84,hyporheic,4,112,622.7,566447.171641521,4900685.6232752,hja2016_184,HJA-2016_soil_03,3,soil_enriched,601,1,0.0016638935108153079,0.09,8925.27492606731,FALSE,0,TRUE,TRUE,TRUE
hja2016_122,45,sediment,3,390,193.2,565977.192397151,4897892.74661664,hja2016_184,HJA-2016_soil_03,3,soil_enriched,601,32,0.05324459234608985,2.55,7030.413950438915,FALSE,0,TRUE,TRUE,TRUE
hja2016_125,56,sediment,3,321,99.5,562839.3309741,4897811.75019367,hja2016_184,HJA-2016_soil_03,3,soil_enriched,601,32,0.05324459234608985,2.97,4314.421490132408,FALSE,0,TRUE,TRUE,TRUE
hja2016_164,260,sediment,4,23,866.1,566425.172613061,4897456.76587079,hja2016_184,HJA-2016_soil_03,3,soil_enriched,601,34,0.056572379367720464,3.92,7282.056839095865,FALSE,0,TRUE,FALSE,FALSE
hja2016_166,57,sediment,4,131,1488.8,563668.294364702,4898599.71539487,hja2016_184,HJA-2016_soil_03,3,soil_enriched,601,12,0.019966722129783693,1.19,5457.074062073813,FALSE,0,TRUE,TRUE,TRUE
hja2016_167,WS3-1,sediment,2,511,96.4,560508.433913191,4896516.80738205,hja2016_184,HJA-2016_soil_03,3,soil_enriched,601,124,0.20632279534109818,11.72,1787.6702445029728,FALSE,0,TRUE,TRUE,TRUE
hja2016_169,WS3-2,sediment,2,511,95.7,560554.431881789,4896487.80866272,hja2016_184,HJA-2016_soil_03,3,soil_enriched,601,121,0.20133111480865223,11.26,1787.8814802282668,FALSE,0,TRUE,TRUE,TRUE
hja2016_170,WS3-3,sediment,2,511,93.4,560639.428128111,4896408.81215143,hja2016_184,HJA-2016_soil_03,3,soil_enriched,601,33,0.05490848585690516,3.3,1772.263131461311,FALSE,0,TRUE,TRUE,TRUE
hja2016_177,WS1-3,sediment,2,522,92.1,559404.482666841,4895069.8712829,hja2016_184,HJA-2016_soil_03,3,soil_enriched,601,53,0.08818635607321132,4.62,184.18092796710175,TRUE,1,TRUE,TRUE,TRUE
hja2016_179,WS1-5,sediment,2,522,87.9,559517.477676657,4895016.87362342,hja2016_184,HJA-2016_soil_03,3,soil_enriched,601,25,0.04159733777038269,2.74,59.40842271270747,TRUE,1,TRUE,TRUE,TRUE
hja2016_180,WS1-6,sediment,2,522,82.7,559631.472642313,4894993.87463913,hja2016_184,HJA-2016_soil_03,3,soil_enriched,601,8,0.013311148086522463,1.27,59.21978874432748,FALSE,0.1111111111111111,FALSE,TRUE,FALSE
hja2016_181,177,sediment,1,452,14.8,565808.199860345,4901620.58198475,hja2016_184,HJA-2016_soil_03,3,soil_enriched,601,31,0.051580698835274545,3.06,9099.467594179589,FALSE,0,TRUE,TRUE,TRUE
hja2016_001,50,planktonic,5,41,4956.4,563054.321479503,4898132.73601802,hja2016_188,HJA-2016_soil_07,3,soil_detected,526,1,0.0019011406844106464,0.32,6910.1270281218785,TRUE,1,TRUE,TRUE,TRUE
hja2016_008,WS3-1,hyporheic,2,511,96.4,560508.433913191,4896516.80738205,hja2016_188,HJA-2016_soil_07,3,soil_detected,526,10,0.019011406844106463,2.17,9523.741849313248,FALSE,0,TRUE,TRUE,TRUE
hja2016_009,60,hyporheic,2,316,43.1,567391.129953618,4898693.71124374,hja2016_188,HJA-2016_soil_07,3,soil_detected,526,11,0.02091254752851711,3.57,2733.862989949623,FALSE,0,TRUE,FALSE,FALSE
hja2016_010,164,planktonic,3,502,60.8,560307.442789535,4895737.8417834,hja2016_188,HJA-2016_soil_07,3,soil_detected,526,2,0.0038022813688212928,0.99,9851.462618870737,FALSE,0,TRUE,TRUE,TRUE
hja2016_011,WS1-6,planktonic,2,522,82.7,559631.472642313,4894993.87463913,hja2016_188,HJA-2016_soil_07,3,soil_detected,526,14,0.026615969581749048,1.49,10680.897592661751,FALSE,0,TRUE,TRUE,TRUE
hja2016_013,WS1-4,planktonic,2,522,89.8,559453.480502956,4895042.87247524,hja2016_188,HJA-2016_soil_07,3,soil_detected,526,12,0.022813688212927757,1.77,10840.707530876376,FALSE,0,TRUE,TRUE,TRUE
hja2016_014,WS1-6,hyporheic,2,522,82.7,559631.472642313,4894993.87463913,hja2016_188,HJA-2016_soil_07,3,soil_detected,526,8,0.015209125475285171,2.88,10680.897592661751,FALSE,0,TRUE,TRUE,TRUE
hja2016_015,47,hyporheic,4,134,1550.1,563254.31264732,4898130.73610634,hja2016_188,HJA-2016_soil_07,3,soil_detected,526,3,0.005703422053231939,1.37,6710.351860824906,FALSE,0,TRUE,TRUE,TRUE
hja2016_016,74,hyporheic,2,373,70,565310.221852481,4897724.75403567,hja2016_188,HJA-2016_soil_07,3,soil_detected,526,2,0.0038022813688212928,0.21,4643.088287805931,FALSE,0,TRUE,TRUE,TRUE
hja2016_018,WS1-5,hyporheic,2,522,87.9,559517.477676657,4895016.87362342,hja2016_188,HJA-2016_soil_07,3,soil_detected,526,10,0.019011406844106463,0.89,10785.269840088382,FALSE,0,TRUE,TRUE,TRUE
hja2016_019,155,hyporheic,2,345,81.2,565811.199727862,4897652.75721525,hja2016_188,HJA-2016_soil_07,3,soil_detected,526,13,0.024714828897338403,3.08,4143.005879542107,TRUE,0.6666666666666666,FALSE,FALSE,FALSE
hja2016_020,WS1-2,hyporheic,2,522,93.6,559354.484874886,4895103.86978142,hja2016_188,HJA-2016_soil_07,3,soil_detected,526,13,0.024714828897338403,1.32,10921.734407795228,FALSE,0,TRUE,TRUE,TRUE
hja2016_021,156,hyporheic,5,24,2575.9,566141.185154761,4897558.76136638,hja2016_188,HJA-2016_soil_07,3,soil_detected,526,3,0.005703422053231939,0.62,3816.410370341947,TRUE,1,TRUE,TRUE,TRUE
hja2016_027,WS3-6,planktonic,2,510,78.4,560819.420179147,4896235.81979127,hja2016_188,HJA-2016_soil_07,3,soil_detected,526,8,0.015209125475285171,0.81,9256.908178199845,FALSE,0,TRUE,TRUE,TRUE
hja2016_065,68,hyporheic,5,30,3032.2,565145.229139031,4897899.74630751,hja2016_188,HJA-2016_soil_07,3,soil_detected,526,27,0.051330798479087454,3.81,4810.705259620966,TRUE,1,TRUE,TRUE,TRUE
hja2016_066,49,hyporheic,5,40,3399.1,563281.311454976,4898046.73981585,hja2016_188,HJA-2016_soil_07,3,soil_detected,526,10,0.019011406844106463,1.23,6679.01597166865,TRUE,1,TRUE,TRUE,TRUE
hja2016_070,56,hyporheic,3,321,99.5,562839.3309741,4897811.75019367,hja2016_188,HJA-2016_soil_07,3,soil_detected,526,9,0.017110266159695818,0.92,7114.31458527304,FALSE,0,TRUE,TRUE,TRUE
hja2016_071,164,hyporheic,3,502,60.8,560307.442789535,4895737.8417834,hja2016_188,HJA-2016_soil_07,3,soil_detected,526,17,0.03231939163498099,1.94,9851.462618870737,FALSE,0,TRUE,TRUE,TRUE
hja2016_075,260,hyporheic,4,23,866.1,566425.172613061,4897456.76587079,hja2016_188,HJA-2016_soil_07,3,soil_detected,526,12,0.022813688212927757,2.24,3539.4710167967696,TRUE,0.6666666666666666,FALSE,FALSE,FALSE
hja2016_078,CC-1,hyporheic,2,183,64,569956.016680872,4897740.75332909,hja2016_188,HJA-2016_soil_07,3,soil_detected,526,11,0.02091254752851711,1.98,2.8083515272266233,TRUE,0.5555555555555556,FALSE,TRUE,FALSE
hja2016_079,64,hyporheic,2,163,33.5,570527.99142083,4895508.85189625,hja2016_188,HJA-2016_soil_07,3,soil_detected,526,20,0.03802281368821293,2.27,2304.0762190300247,FALSE,0,TRUE,FALSE,FALSE
hja2016_084,177,hyporheic,1,452,14.8,565808.199860345,4901620.58198475,hja2016_188,HJA-2016_soil_07,3,soil_detected,526,9,0.017110266159695818,1.78,5678.014577912523,FALSE,0,TRUE,TRUE,TRUE
hja2016_127,60,sediment,2,316,43.1,567391.129953618,4898693.71124374,hja2016_188,HJA-2016_soil_07,3,soil_detected,526,18,0.034220532319391636,2.63,2733.862989949623,FALSE,0,TRUE,FALSE,FALSE
hja2016_129,72,sediment,4,16,568.3,566542.167446234,4896499.80813279,hja2016_188,HJA-2016_soil_07,3,soil_detected,526,39,0.0741444866920152,6.11,3629.607644780516,FALSE,0,TRUE,TRUE,TRUE
hja2016_131,74,sediment,2,373,70,565310.221852481,4897724.75403567,hja2016_188,HJA-2016_soil_07,3,soil_detected,526,38,0.07224334600760456,6.03,4643.088287805931,FALSE,0,TRUE,TRUE,TRUE
hja2016_132,84,sediment,4,112,622.7,566447.171641521,4900685.6232752,hja2016_188,HJA-2016_soil_07,3,soil_detected,526,28,0.053231939163498096,5.3,4579.183509080627,FALSE,0,TRUE,TRUE,TRUE
hja2016_133,161,sediment,5,51,5699.1,561109.407372482,4897170.77850081,hja2016_188,HJA-2016_soil_07,3,soil_detected,526,107,0.20342205323193915,12.16,8862.183553011997,TRUE,1,TRUE,TRUE,TRUE
hja2016_135,169,sediment,2,144,53.5,568641.074752475,4902527.5419308,hja2016_188,HJA-2016_soil_07,3,soil_detected,526,39,0.0741444866920152,6.41,4964.017620482448,FALSE,0,TRUE,TRUE,TRUE
hja2016_136,190,sediment,1,546,14.2,564169.272240084,4897881.7471024,hja2016_188,HJA-2016_soil_07,3,soil_detected,526,29,0.055133079847908745,4.15,5785.746636684302,FALSE,0,TRUE,FALSE,FALSE
hja2016_139,CC-2,sediment,2,183,63.6,569992.01509108,4897760.75244588,hja2016_188,HJA-2016_soil_07,3,soil_detected,526,35,0.06653992395437262,5.22,43.89140854827198,FALSE,0.1111111111111111,FALSE,TRUE,FALSE
hja2016_140,CC-3,sediment,2,183,63,570038.013059678,4897795.75090024,hja2016_188,HJA-2016_soil_07,3,soil_detected,526,30,0.057034220532319393,4.03,101.3687398107033,FALSE,0,TRUE,TRUE,TRUE
hja2016_141,CC-4,sediment,2,183,58.5,570162.007583724,4897831.74931045,hja2016_188,HJA-2016_soil_07,3,soil_detected,526,40,0.07604562737642585,4.94,227.95688307844947,FALSE,0,TRUE,TRUE,TRUE
hja2016_142,KC-1,sediment,3,362,114.7,562012.367495176,4896802.79475203,hja2016_188,HJA-2016_soil_07,3,soil_detected,526,29,0.055133079847908745,3.92,7996.043590705439,FALSE,0,TRUE,TRUE,TRUE
hja2016_144,KC-3,sediment,3,362,114,562000.368025107,4896680.80013966,hja2016_188,HJA-2016_soil_07,3,soil_detected,526,25,0.04752851711026616,4.11,8023.154390830395,FALSE,0,TRUE,TRUE,TRUE
hja2016_145,155,sediment,2,345,81.2,565811.199727862,4897652.75721525,hja2016_188,HJA-2016_soil_07,3,soil_detected,526,42,0.07984790874524715,5.68,4143.005879542107,TRUE,0.6666666666666666,FALSE,FALSE,FALSE
hja2016_146,156,sediment,5,24,2575.9,566141.185154761,4897558.76136638,hja2016_188,HJA-2016_soil_07,3,soil_detected,526,30,0.057034220532319393,3.42,3816.410370341947,TRUE,1,TRUE,TRUE,TRUE
hja2016_147,163,sediment,5,63,6126.6,559726.468447026,4896111.82526722,hja2016_188,HJA-2016_soil_07,3,soil_detected,526,97,0.1844106463878327,11.76,10355.62934133148,TRUE,1,TRUE,TRUE,TRUE
hja2016_148,165,sediment,2,494,27.9,564789.244860317,4900155.64668049,hja2016_188,HJA-2016_soil_07,3,soil_detected,526,33,0.06273764258555133,5.21,5701.066710775601,FALSE,0,TRUE,FALSE,FALSE
hja2016_150,53,sediment,3,78,280.7,568092.098996817,4898223.73199937,hja2016_188,HJA-2016_soil_07,3,soil_detected,526,28,0.053231939163498096,3.4,1922.9950417117375,FALSE,0,TRUE,TRUE,TRUE
hja2016_151,64,sediment,2,163,33.5,570527.99142083,4895508.85189625,hja2016_188,HJA-2016_soil_07,3,soil_detected,526,97,0.1844106463878327,10.63,2304.0762190300247,FALSE,0,TRUE,FALSE,FALSE
hja2016_152,66,sediment,4,79,1360.7,567970.104384448,4898153.73509064,hja2016_188,HJA-2016_soil_07,3,soil_detected,526,23,0.043726235741444866,2.56,2025.856935941587,TRUE,1,TRUE,TRUE,TRUE
hja2016_155,82,sediment,2,536,36.6,564452.259742545,4899854.65997292,hja2016_188,HJA-2016_soil_07,3,soil_detected,526,35,0.06653992395437262,4.98,5893.439526764576,FALSE,0,TRUE,TRUE,TRUE
hja2016_157,43,sediment,1,538,7.8,567346.131940859,4898257.7304979,hja2016_188,HJA-2016_soil_07,3,soil_detected,526,27,0.051330798479087454,2.83,2658.0414919826685,FALSE,0,TRUE,FALSE,FALSE
hja2016_159,49,sediment,5,40,3399.1,563281.311454976,4898046.73981585,hja2016_188,HJA-2016_soil_07,3,soil_detected,526,26,0.049429657794676805,3.81,6679.01597166865,TRUE,1,TRUE,TRUE,TRUE
hja2016_160,50,sediment,5,41,4956.4,563054.321479503,4898132.73601802,hja2016_188,HJA-2016_soil_07,3,soil_detected,526,10,0.019011406844106463,1.29,6910.1270281218785,TRUE,1,TRUE,TRUE,TRUE
hja2016_031,161,hyporheic,5,51,5699.1,561109.407372482,4897170.77850081,hja2016_188,HJA-2016_soil_07,3,soil_detected,526,3,0.005703422053231939,1.17,8862.183553011997,TRUE,1,TRUE,TRUE,TRUE
hja2016_032,54,hyporheic,3,363,207.7,561802.376768968,4897363.76997776,hja2016_188,HJA-2016_soil_07,3,soil_detected,526,9,0.017110266159695818,2.53,8159.591134056102,FALSE,0,TRUE,TRUE,TRUE
hja2016_035,192,hyporheic,2,542,28.5,564620.252323511,4897836.74908965,hja2016_188,HJA-2016_soil_07,3,soil_detected,526,6,0.011406844106463879,0.81,5333.908102517981,FALSE,0,TRUE,TRUE,TRUE
hja2016_037,43,hyporheic,1,538,7.8,567346.131940859,4898257.7304979,hja2016_188,HJA-2016_soil_07,3,soil_detected,526,2,0.0038022813688212928,0.31,2658.0414919826685,FALSE,0,TRUE,FALSE,FALSE
hja2016_042,165,planktonic,2,494,27.9,564789.244860317,4900155.64668049,hja2016_188,HJA-2016_soil_07,3,soil_detected,526,3,0.005703422053231939,0.5,5701.066710775601,FALSE,0,TRUE,FALSE,FALSE
hja2016_043,KC-2,hyporheic,3,362,114.2,561999.368069268,4896735.79771081,hja2016_188,HJA-2016_soil_07,3,soil_detected,526,6,0.011406844106463879,1.32,8017.070482619889,FALSE,0,TRUE,TRUE,TRUE
hja2016_049,67,planktonic,4,83,1558.1,567119.141965387,4897968.74326041,hja2016_188,HJA-2016_soil_07,3,soil_detected,526,2,0.0038022813688212928,0.61,2843.350491880963,TRUE,1,TRUE,TRUE,TRUE
hja2016_050,165,hyporheic,2,494,27.9,564789.244860317,4900155.64668049,hja2016_188,HJA-2016_soil_07,3,soil_detected,526,15,0.028517110266159697,1.98,5701.066710775601,FALSE,0,TRUE,FALSE,FALSE
hja2016_052,163,hyporheic,5,63,6126.6,559726.468447026,4896111.82526722,hja2016_188,HJA-2016_soil_07,3,soil_detected,526,7,0.013307984790874524,0.67,10355.62934133148,TRUE,1,TRUE,TRUE,TRUE
hja2016_056,KC-1,hyporheic,3,362,114.7,562012.367495176,4896802.79475203,hja2016_188,HJA-2016_soil_07,3,soil_detected,526,16,0.030418250950570342,1.97,7996.043590705439,FALSE,0,TRUE,TRUE,TRUE
hja2016_057,71,hyporheic,3,556,101.7,562662.338790582,4897988.74237719,hja2016_188,HJA-2016_soil_07,3,soil_detected,526,6,0.011406844106463879,1.11,7295.18437473543,FALSE,0,TRUE,TRUE,TRUE
hja2016_059,KC-2,planktonic,3,362,114.2,561999.368069268,4896735.79771081,hja2016_188,HJA-2016_soil_07,3,soil_detected,526,8,0.015209125475285171,2.33,8017.070482619889,FALSE,0,TRUE,TRUE,TRUE
hja2016_062,WS3-3,hyporheic,2,511,93.4,560639.428128111,4896408.81215143,hja2016_188,HJA-2016_soil_07,3,soil_detected,526,12,0.022813688212927757,1.33,9408.520590833115,FALSE,0,TRUE,TRUE,TRUE
hja2016_064,WS3-4,planktonic,2,510,81.3,560692.425787583,4896348.81480109,hja2016_188,HJA-2016_soil_07,3,soil_detected,526,4,0.0076045627376425855,0.88,9364.784606692025,FALSE,0,TRUE,TRUE,TRUE
hja2016_099,162,planktonic,5,66,6208.4,559348.485139852,4895468.85366269,hja2016_188,HJA-2016_soil_07,3,soil_detected,526,6,0.011406844106463879,0.36,10845.291455262326,TRUE,1,TRUE,TRUE,TRUE
hja2016_100,64,planktonic,2,163,33.5,570527.99142083,4895508.85189625,hja2016_188,HJA-2016_soil_07,3,soil_detected,526,4,0.0076045627376425855,0.22,2304.0762190300247,FALSE,0,TRUE,FALSE,FALSE
hja2016_101,58,planktonic,3,385,67.2,566998.147308857,4898497.71989928,hja2016_188,HJA-2016_soil_07,3,soil_detected,526,2,0.0038022813688212928,0.19,3050.708355176634,FALSE,0,TRUE,TRUE,TRUE
hja2016_102,73,hyporheic,2,255,137,566310.177691566,4896786.79545861,hja2016_188,HJA-2016_soil_07,3,soil_detected,526,4,0.0076045627376425855,0.31,3765.7699892612886,FALSE,0,TRUE,TRUE,TRUE
hja2016_103,260,planktonic,4,23,866.1,566425.172613061,4897456.76587079,hja2016_188,HJA-2016_soil_07,3,soil_detected,526,7,0.013307984790874524,0.71,3539.4710167967696,TRUE,0.6666666666666666,FALSE,FALSE,FALSE
hja2016_105,178,planktonic,2,411,19.9,566185.18321168,4901793.57434491,hja2016_188,HJA-2016_soil_07,3,soil_detected,526,7,0.013307984790874524,0.58,5534.367438026774,FALSE,0,TRUE,TRUE,TRUE
hja2016_106,170,planktonic,2,229,49.4,570659.985591589,4896908.79007097,hja2016_188,HJA-2016_soil_07,3,soil_detected,526,2,0.0038022813688212928,0.12,1091.1033363755566,FALSE,0,TRUE,FALSE,FALSE
hja2016_107,57,hyporheic,4,131,1488.8,563668.294364702,4898599.71539487,hja2016_188,HJA-2016_soil_07,3,soil_detected,526,4,0.0076045627376425855,0.41,6343.503657636255,FALSE,0,TRUE,TRUE,TRUE
hja2016_109,169,planktonic,2,144,53.5,568641.074752475,4902527.5419308,hja2016_188,HJA-2016_soil_07,3,soil_detected,526,5,0.009505703422053232,0.59,4964.017620482448,FALSE,0,TRUE,TRUE,TRUE
hja2016_110,76,hyporheic,3,150,303.5,570464.994202967,4896947.7883487,hja2016_188,HJA-2016_soil_07,3,soil_detected,526,2,0.0038022813688212928,0.29,943.190510688023,FALSE,0,TRUE,TRUE,TRUE
hja2016_111,160,planktonic,5,24,2569.5,566416.173010509,4897492.764281,hja2016_188,HJA-2016_soil_07,3,soil_detected,526,7,0.013307984790874524,0.44,3545.748980302721,TRUE,1,TRUE,TRUE,TRUE
hja2016_114,WS1-5,planktonic,2,522,87.9,559517.477676657,4895016.87362342,hja2016_188,HJA-2016_soil_07,3,soil_detected,526,4,0.0076045627376425855,0.43,10785.269840088382,FALSE,0,TRUE,TRUE,TRUE
hja2016_116,53,planktonic,3,78,280.7,568092.098996817,4898223.73199937,hja2016_188,HJA-2016_soil_07,3,soil_detected,526,4,0.0076045627376425855,0.37,1922.9950417117375,FALSE,0,TRUE,TRUE,TRUE
hja2016_119,56,planktonic,3,321,99.5,562839.3309741,4897811.75019367,hja2016_188,HJA-2016_soil_07,3,soil_detected,526,6,0.011406844106463879,0.71,7114.31458527304,FALSE,0,TRUE,TRUE,TRUE
hja2016_121,84,hyporheic,4,112,622.7,566447.171641521,4900685.6232752,hja2016_188,HJA-2016_soil_07,3,soil_detected,526,1,0.0019011406844106464,0.1,4579.183509080627,FALSE,0,TRUE,TRUE,TRUE
hja2016_122,45,sediment,3,390,193.2,565977.192397151,4897892.74661664,hja2016_188,HJA-2016_soil_07,3,soil_detected,526,29,0.055133079847908745,3.86,3979.0213345659004,FALSE,0,TRUE,TRUE,TRUE
hja2016_125,56,sediment,3,321,99.5,562839.3309741,4897811.75019367,hja2016_188,HJA-2016_soil_07,3,soil_detected,526,27,0.051330798479087454,4.13,7114.31458527304,FALSE,0,TRUE,TRUE,TRUE
hja2016_164,260,sediment,4,23,866.1,566425.172613061,4897456.76587079,hja2016_188,HJA-2016_soil_07,3,soil_detected,526,26,0.049429657794676805,3.91,3539.4710167967696,TRUE,0.6666666666666666,FALSE,FALSE,FALSE
hja2016_166,57,sediment,4,131,1488.8,563668.294364702,4898599.71539487,hja2016_188,HJA-2016_soil_07,3,soil_detected,526,10,0.019011406844106463,1.41,6343.503657636255,FALSE,0,TRUE,TRUE,TRUE
hja2016_167,WS3-1,sediment,2,511,96.4,560508.433913191,4896516.80738205,hja2016_188,HJA-2016_soil_07,3,soil_detected,526,97,0.1844106463878327,11.48,9523.741849313248,FALSE,0,TRUE,TRUE,TRUE
hja2016_169,WS3-2,sediment,2,511,95.7,560554.431881789,4896487.80866272,hja2016_188,HJA-2016_soil_07,3,soil_detected,526,104,0.19771863117870722,11.84,9481.913078667265,FALSE,0,TRUE,TRUE,TRUE
hja2016_170,WS3-3,sediment,2,511,93.4,560639.428128111,4896408.81215143,hja2016_188,HJA-2016_soil_07,3,soil_detected,526,27,0.051330798479087454,2.83,9408.520590833115,FALSE,0,TRUE,TRUE,TRUE
hja2016_177,WS1-3,sediment,2,522,92.1,559404.482666841,4895069.8712829,hja2016_188,HJA-2016_soil_07,3,soil_detected,526,47,0.08935361216730038,5.96,10881.514640849435,FALSE,0,TRUE,TRUE,TRUE
hja2016_179,WS1-5,sediment,2,522,87.9,559517.477676657,4895016.87362342,hja2016_188,HJA-2016_soil_07,3,soil_detected,526,27,0.051330798479087454,4.34,10785.269840088382,FALSE,0,TRUE,TRUE,TRUE
hja2016_180,WS1-6,sediment,2,522,82.7,559631.472642313,4894993.87463913,hja2016_188,HJA-2016_soil_07,3,soil_detected,526,11,0.02091254752851711,1.47,10680.897592661751,FALSE,0,TRUE,TRUE,TRUE
hja2016_181,177,sediment,1,452,14.8,565808.199860345,4901620.58198475,hja2016_188,HJA-2016_soil_07,3,soil_detected,526,24,0.045627376425855515,2.44,5678.014577912523,FALSE,0,TRUE,TRUE,TRUE
hja2016_001,50,planktonic,5,41,4956.4,563054.321479503,4898132.73601802,hja2016_188,HJA-2016_soil_07,3,soil_enriched,442,0,0,0,6910.1270281218785,TRUE,1,TRUE,TRUE,TRUE
hja2016_008,WS3-1,hyporheic,2,511,96.4,560508.433913191,4896516.80738205,hja2016_188,HJA-2016_soil_07,3,soil_enriched,442,5,0.011312217194570135,0.58,9523.741849313248,FALSE,0,TRUE,TRUE,TRUE
hja2016_009,60,hyporheic,2,316,43.1,567391.129953618,4898693.71124374,hja2016_188,HJA-2016_soil_07,3,soil_enriched,442,3,0.006787330316742082,0.48,2733.862989949623,FALSE,0,TRUE,FALSE,FALSE
hja2016_010,164,planktonic,3,502,60.8,560307.442789535,4895737.8417834,hja2016_188,HJA-2016_soil_07,3,soil_enriched,442,0,0,0,9851.462618870737,FALSE,0,TRUE,TRUE,TRUE
hja2016_011,WS1-6,planktonic,2,522,82.7,559631.472642313,4894993.87463913,hja2016_188,HJA-2016_soil_07,3,soil_enriched,442,8,0.01809954751131222,0.78,10680.897592661751,FALSE,0,TRUE,TRUE,TRUE
hja2016_013,WS1-4,planktonic,2,522,89.8,559453.480502956,4895042.87247524,hja2016_188,HJA-2016_soil_07,3,soil_enriched,442,3,0.006787330316742082,0.57,10840.707530876376,FALSE,0,TRUE,TRUE,TRUE
hja2016_014,WS1-6,hyporheic,2,522,82.7,559631.472642313,4894993.87463913,hja2016_188,HJA-2016_soil_07,3,soil_enriched,442,1,0.0022624434389140274,0.29,10680.897592661751,FALSE,0,TRUE,TRUE,TRUE
hja2016_015,47,hyporheic,4,134,1550.1,563254.31264732,4898130.73610634,hja2016_188,HJA-2016_soil_07,3,soil_enriched,442,1,0.0022624434389140274,0.47,6710.351860824906,FALSE,0,TRUE,TRUE,TRUE
hja2016_016,74,hyporheic,2,373,70,565310.221852481,4897724.75403567,hja2016_188,HJA-2016_soil_07,3,soil_enriched,442,2,0.004524886877828055,0.21,4643.088287805931,FALSE,0,TRUE,TRUE,TRUE
hja2016_018,WS1-5,hyporheic,2,522,87.9,559517.477676657,4895016.87362342,hja2016_188,HJA-2016_soil_07,3,soil_enriched,442,5,0.011312217194570135,0.37,10785.269840088382,FALSE,0,TRUE,TRUE,TRUE
hja2016_019,155,hyporheic,2,345,81.2,565811.199727862,4897652.75721525,hja2016_188,HJA-2016_soil_07,3,soil_enriched,442,10,0.02262443438914027,2.48,4143.005879542107,TRUE,0.6666666666666666,FALSE,FALSE,FALSE
hja2016_020,WS1-2,hyporheic,2,522,93.6,559354.484874886,4895103.86978142,hja2016_188,HJA-2016_soil_07,3,soil_enriched,442,5,0.011312217194570135,0.4,10921.734407795228,FALSE,0,TRUE,TRUE,TRUE
hja2016_021,156,hyporheic,5,24,2575.9,566141.185154761,4897558.76136638,hja2016_188,HJA-2016_soil_07,3,soil_enriched,442,2,0.004524886877828055,0.45,3816.410370341947,TRUE,1,TRUE,TRUE,TRUE
hja2016_027,WS3-6,planktonic,2,510,78.4,560819.420179147,4896235.81979127,hja2016_188,HJA-2016_soil_07,3,soil_enriched,442,5,0.011312217194570135,0.61,9256.908178199845,FALSE,0,TRUE,TRUE,TRUE
hja2016_065,68,hyporheic,5,30,3032.2,565145.229139031,4897899.74630751,hja2016_188,HJA-2016_soil_07,3,soil_enriched,442,15,0.033936651583710405,1.82,4810.705259620966,TRUE,1,TRUE,TRUE,TRUE
hja2016_066,49,hyporheic,5,40,3399.1,563281.311454976,4898046.73981585,hja2016_188,HJA-2016_soil_07,3,soil_enriched,442,6,0.013574660633484163,0.69,6679.01597166865,TRUE,1,TRUE,TRUE,TRUE
hja2016_070,56,hyporheic,3,321,99.5,562839.3309741,4897811.75019367,hja2016_188,HJA-2016_soil_07,3,soil_enriched,442,5,0.011312217194570135,0.59,7114.31458527304,FALSE,0,TRUE,TRUE,TRUE
hja2016_071,164,hyporheic,3,502,60.8,560307.442789535,4895737.8417834,hja2016_188,HJA-2016_soil_07,3,soil_enriched,442,8,0.01809954751131222,0.7,9851.462618870737,FALSE,0,TRUE,TRUE,TRUE
hja2016_075,260,hyporheic,4,23,866.1,566425.172613061,4897456.76587079,hja2016_188,HJA-2016_soil_07,3,soil_enriched,442,8,0.01809954751131222,1.41,3539.4710167967696,TRUE,0.6666666666666666,FALSE,FALSE,FALSE
hja2016_078,CC-1,hyporheic,2,183,64,569956.016680872,4897740.75332909,hja2016_188,HJA-2016_soil_07,3,soil_enriched,442,5,0.011312217194570135,0.93,2.8083515272266233,TRUE,0.5555555555555556,FALSE,TRUE,FALSE
hja2016_079,64,hyporheic,2,163,33.5,570527.99142083,4895508.85189625,hja2016_188,HJA-2016_soil_07,3,soil_enriched,442,13,0.029411764705882353,1.2,2304.0762190300247,FALSE,0,TRUE,FALSE,FALSE
hja2016_084,177,hyporheic,1,452,14.8,565808.199860345,4901620.58198475,hja2016_188,HJA-2016_soil_07,3,soil_enriched,442,5,0.011312217194570135,0.83,5678.014577912523,FALSE,0,TRUE,TRUE,TRUE
hja2016_127,60,sediment,2,316,43.1,567391.129953618,4898693.71124374,hja2016_188,HJA-2016_soil_07,3,soil_enriched,442,9,0.020361990950226245,0.96,2733.862989949623,FALSE,0,TRUE,FALSE,FALSE
hja2016_129,72,sediment,4,16,568.3,566542.167446234,4896499.80813279,hja2016_188,HJA-2016_soil_07,3,soil_enriched,442,27,0.06108597285067873,3.43,3629.607644780516,FALSE,0,TRUE,TRUE,TRUE
hja2016_131,74,sediment,2,373,70,565310.221852481,4897724.75403567,hja2016_188,HJA-2016_soil_07,3,soil_enriched,442,26,0.058823529411764705,3.36,4643.088287805931,FALSE,0,TRUE,TRUE,TRUE
hja2016_132,84,sediment,4,112,622.7,566447.171641521,4900685.6232752,hja2016_188,HJA-2016_soil_07,3,soil_enriched,442,19,0.042986425339366516,2.37,4579.183509080627,FALSE,0,TRUE,TRUE,TRUE
hja2016_133,161,sediment,5,51,5699.1,561109.407372482,4897170.77850081,hja2016_188,HJA-2016_soil_07,3,soil_enriched,442,82,0.18552036199095023,8.84,8862.183553011997,TRUE,1,TRUE,TRUE,TRUE
hja2016_135,169,sediment,2,144,53.5,568641.074752475,4902527.5419308,hja2016_188,HJA-2016_soil_07,3,soil_enriched,442,25,0.05656108597285068,3,4964.017620482448,FALSE,0,TRUE,TRUE,TRUE
hja2016_136,190,sediment,1,546,14.2,564169.272240084,4897881.7471024,hja2016_188,HJA-2016_soil_07,3,soil_enriched,442,20,0.04524886877828054,1.99,5785.746636684302,FALSE,0,TRUE,FALSE,FALSE
hja2016_139,CC-2,sediment,2,183,63.6,569992.01509108,4897760.75244588,hja2016_188,HJA-2016_soil_07,3,soil_enriched,442,26,0.058823529411764705,2.37,43.89140854827198,FALSE,0.1111111111111111,FALSE,TRUE,FALSE
hja2016_140,CC-3,sediment,2,183,63,570038.013059678,4897795.75090024,hja2016_188,HJA-2016_soil_07,3,soil_enriched,442,18,0.04072398190045249,1.96,101.3687398107033,FALSE,0,TRUE,TRUE,TRUE
hja2016_141,CC-4,sediment,2,183,58.5,570162.007583724,4897831.74931045,hja2016_188,HJA-2016_soil_07,3,soil_enriched,442,27,0.06108597285067873,2.41,227.95688307844947,FALSE,0,TRUE,TRUE,TRUE
hja2016_142,KC-1,sediment,3,362,114.7,562012.367495176,4896802.79475203,hja2016_188,HJA-2016_soil_07,3,soil_enriched,442,24,0.05429864253393665,1.86,7996.043590705439,FALSE,0,TRUE,TRUE,TRUE
hja2016_144,KC-3,sediment,3,362,114,562000.368025107,4896680.80013966,hja2016_188,HJA-2016_soil_07,3,soil_enriched,442,17,0.038461538461538464,1.99,8023.154390830395,FALSE,0,TRUE,TRUE,TRUE
hja2016_145,155,sediment,2,345,81.2,565811.199727862,4897652.75721525,hja2016_188,HJA-2016_soil_07,3,soil_enriched,442,29,0.06561085972850679,3.08,4143.005879542107,TRUE,0.6666666666666666,FALSE,FALSE,FALSE
hja2016_146,156,sediment,5,24,2575.9,566141.185154761,4897558.76136638,hja2016_188,HJA-2016_soil_07,3,soil_enriched,442,17,0.038461538461538464,1.6,3816.410370341947,TRUE,1,TRUE,TRUE,TRUE
hja2016_147,163,sediment,5,63,6126.6,559726.468447026,4896111.82526722,hja2016_188,HJA-2016_soil_07,3,soil_enriched,442,74,0.167420814479638,8.43,10355.62934133148,TRUE,1,TRUE,TRUE,TRUE
hja2016_148,165,sediment,2,494,27.9,564789.244860317,4900155.64668049,hja2016_188,HJA-2016_soil_07,3,soil_enriched,442,24,0.05429864253393665,2.44,5701.066710775601,FALSE,0,TRUE,FALSE,FALSE
hja2016_150,53,sediment,3,78,280.7,568092.098996817,4898223.73199937,hja2016_188,HJA-2016_soil_07,3,soil_enriched,442,18,0.04072398190045249,1.78,1922.9950417117375,FALSE,0,TRUE,TRUE,TRUE
hja2016_151,64,sediment,2,163,33.5,570527.99142083,4895508.85189625,hja2016_188,HJA-2016_soil_07,3,soil_enriched,442,73,0.16515837104072398,7.49,2304.0762190300247,FALSE,0,TRUE,FALSE,FALSE
hja2016_152,66,sediment,4,79,1360.7,567970.104384448,4898153.73509064,hja2016_188,HJA-2016_soil_07,3,soil_enriched,442,15,0.033936651583710405,1.53,2025.856935941587,TRUE,1,TRUE,TRUE,TRUE
hja2016_155,82,sediment,2,536,36.6,564452.259742545,4899854.65997292,hja2016_188,HJA-2016_soil_07,3,soil_enriched,442,26,0.058823529411764705,2.53,5893.439526764576,FALSE,0,TRUE,TRUE,TRUE
hja2016_157,43,sediment,1,538,7.8,567346.131940859,4898257.7304979,hja2016_188,HJA-2016_soil_07,3,soil_enriched,442,17,0.038461538461538464,1.4,2658.0414919826685,FALSE,0,TRUE,FALSE,FALSE
hja2016_159,49,sediment,5,40,3399.1,563281.311454976,4898046.73981585,hja2016_188,HJA-2016_soil_07,3,soil_enriched,442,17,0.038461538461538464,1.64,6679.01597166865,TRUE,1,TRUE,TRUE,TRUE
hja2016_160,50,sediment,5,41,4956.4,563054.321479503,4898132.73601802,hja2016_188,HJA-2016_soil_07,3,soil_enriched,442,4,0.00904977375565611,0.7,6910.1270281218785,TRUE,1,TRUE,TRUE,TRUE
hja2016_031,161,hyporheic,5,51,5699.1,561109.407372482,4897170.77850081,hja2016_188,HJA-2016_soil_07,3,soil_enriched,442,2,0.004524886877828055,0.37,8862.183553011997,TRUE,1,TRUE,TRUE,TRUE
hja2016_032,54,hyporheic,3,363,207.7,561802.376768968,4897363.76997776,hja2016_188,HJA-2016_soil_07,3,soil_enriched,442,4,0.00904977375565611,0.43,8159.591134056102,FALSE,0,TRUE,TRUE,TRUE
hja2016_035,192,hyporheic,2,542,28.5,564620.252323511,4897836.74908965,hja2016_188,HJA-2016_soil_07,3,soil_enriched,442,4,0.00904977375565611,0.59,5333.908102517981,FALSE,0,TRUE,TRUE,TRUE
hja2016_037,43,hyporheic,1,538,7.8,567346.131940859,4898257.7304979,hja2016_188,HJA-2016_soil_07,3,soil_enriched,442,0,0,0,2658.0414919826685,FALSE,0,TRUE,FALSE,FALSE
hja2016_042,165,planktonic,2,494,27.9,564789.244860317,4900155.64668049,hja2016_188,HJA-2016_soil_07,3,soil_enriched,442,1,0.0022624434389140274,0.07,5701.066710775601,FALSE,0,TRUE,FALSE,FALSE
hja2016_043,KC-2,hyporheic,3,362,114.2,561999.368069268,4896735.79771081,hja2016_188,HJA-2016_soil_07,3,soil_enriched,442,5,0.011312217194570135,1.12,8017.070482619889,FALSE,0,TRUE,TRUE,TRUE
hja2016_049,67,planktonic,4,83,1558.1,567119.141965387,4897968.74326041,hja2016_188,HJA-2016_soil_07,3,soil_enriched,442,1,0.0022624434389140274,0.06,2843.350491880963,TRUE,1,TRUE,TRUE,TRUE
hja2016_050,165,hyporheic,2,494,27.9,564789.244860317,4900155.64668049,hja2016_188,HJA-2016_soil_07,3,soil_enriched,442,10,0.02262443438914027,0.76,5701.066710775601,FALSE,0,TRUE,FALSE,FALSE
hja2016_052,163,hyporheic,5,63,6126.6,559726.468447026,4896111.82526722,hja2016_188,HJA-2016_soil_07,3,soil_enriched,442,5,0.011312217194570135,0.32,10355.62934133148,TRUE,1,TRUE,TRUE,TRUE
hja2016_056,KC-1,hyporheic,3,362,114.7,562012.367495176,4896802.79475203,hja2016_188,HJA-2016_soil_07,3,soil_enriched,442,9,0.020361990950226245,0.72,7996.043590705439,FALSE,0,TRUE,TRUE,TRUE
hja2016_057,71,hyporheic,3,556,101.7,562662.338790582,4897988.74237719,hja2016_188,HJA-2016_soil_07,3,soil_enriched,442,2,0.004524886877828055,0.62,7295.18437473543,FALSE,0,TRUE,TRUE,TRUE
hja2016_059,KC-2,planktonic,3,362,114.2,561999.368069268,4896735.79771081,hja2016_188,HJA-2016_soil_07,3,soil_enriched,442,3,0.006787330316742082,1.13,8017.070482619889,FALSE,0,TRUE,TRUE,TRUE
hja2016_062,WS3-3,hyporheic,2,511,93.4,560639.428128111,4896408.81215143,hja2016_188,HJA-2016_soil_07,3,soil_enriched,442,6,0.013574660633484163,0.58,9408.520590833115,FALSE,0,TRUE,TRUE,TRUE
hja2016_064,WS3-4,planktonic,2,510,81.3,560692.425787583,4896348.81480109,hja2016_188,HJA-2016_soil_07,3,soil_enriched,442,2,0.004524886877828055,0.48,9364.784606692025,FALSE,0,TRUE,TRUE,TRUE
hja2016_099,162,planktonic,5,66,6208.4,559348.485139852,4895468.85366269,hja2016_188,HJA-2016_soil_07,3,soil_enriched,442,3,0.006787330316742082,0.23,10845.291455262326,TRUE,1,TRUE,TRUE,TRUE
hja2016_100,64,planktonic,2,163,33.5,570527.99142083,4895508.85189625,hja2016_188,HJA-2016_soil_07,3,soil_enriched,442,2,0.004524886877828055,0.1,2304.0762190300247,FALSE,0,TRUE,FALSE,FALSE
hja2016_101,58,planktonic,3,385,67.2,566998.147308857,4898497.71989928,hja2016_188,HJA-2016_soil_07,3,soil_enriched,442,1,0.0022624434389140274,0.12,3050.708355176634,FALSE,0,TRUE,TRUE,TRUE
hja2016_102,73,hyporheic,2,255,137,566310.177691566,4896786.79545861,hja2016_188,HJA-2016_soil_07,3,soil_enriched,442,2,0.004524886877828055,0.18,3765.7699892612886,FALSE,0,TRUE,TRUE,TRUE
hja2016_103,260,planktonic,4,23,866.1,566425.172613061,4897456.76587079,hja2016_188,HJA-2016_soil_07,3,soil_enriched,442,3,0.006787330316742082,0.37,3539.4710167967696,TRUE,0.6666666666666666,FALSE,FALSE,FALSE
hja2016_105,178,planktonic,2,411,19.9,566185.18321168,4901793.57434491,hja2016_188,HJA-2016_soil_07,3,soil_enriched,442,4,0.00904977375565611,0.37,5534.367438026774,FALSE,0,TRUE,TRUE,TRUE
hja2016_106,170,planktonic,2,229,49.4,570659.985591589,4896908.79007097,hja2016_188,HJA-2016_soil_07,3,soil_enriched,442,1,0.0022624434389140274,0.04,1091.1033363755566,FALSE,0,TRUE,FALSE,FALSE
hja2016_107,57,hyporheic,4,131,1488.8,563668.294364702,4898599.71539487,hja2016_188,HJA-2016_soil_07,3,soil_enriched,442,1,0.0022624434389140274,0.25,6343.503657636255,FALSE,0,TRUE,TRUE,TRUE
hja2016_109,169,planktonic,2,144,53.5,568641.074752475,4902527.5419308,hja2016_188,HJA-2016_soil_07,3,soil_enriched,442,3,0.006787330316742082,0.4,4964.017620482448,FALSE,0,TRUE,TRUE,TRUE
hja2016_110,76,hyporheic,3,150,303.5,570464.994202967,4896947.7883487,hja2016_188,HJA-2016_soil_07,3,soil_enriched,442,1,0.0022624434389140274,0.17,943.190510688023,FALSE,0,TRUE,TRUE,TRUE
hja2016_111,160,planktonic,5,24,2569.5,566416.173010509,4897492.764281,hja2016_188,HJA-2016_soil_07,3,soil_enriched,442,4,0.00904977375565611,0.26,3545.748980302721,TRUE,1,TRUE,TRUE,TRUE
hja2016_114,WS1-5,planktonic,2,522,87.9,559517.477676657,4895016.87362342,hja2016_188,HJA-2016_soil_07,3,soil_enriched,442,2,0.004524886877828055,0.25,10785.269840088382,FALSE,0,TRUE,TRUE,TRUE
hja2016_116,53,planktonic,3,78,280.7,568092.098996817,4898223.73199937,hja2016_188,HJA-2016_soil_07,3,soil_enriched,442,3,0.006787330316742082,0.25,1922.9950417117375,FALSE,0,TRUE,TRUE,TRUE
hja2016_119,56,planktonic,3,321,99.5,562839.3309741,4897811.75019367,hja2016_188,HJA-2016_soil_07,3,soil_enriched,442,3,0.006787330316742082,0.4,7114.31458527304,FALSE,0,TRUE,TRUE,TRUE
hja2016_121,84,hyporheic,4,112,622.7,566447.171641521,4900685.6232752,hja2016_188,HJA-2016_soil_07,3,soil_enriched,442,1,0.0022624434389140274,0.07,4579.183509080627,FALSE,0,TRUE,TRUE,TRUE
hja2016_122,45,sediment,3,390,193.2,565977.192397151,4897892.74661664,hja2016_188,HJA-2016_soil_07,3,soil_enriched,442,18,0.04072398190045249,1.53,3979.0213345659004,FALSE,0,TRUE,TRUE,TRUE
hja2016_125,56,sediment,3,321,99.5,562839.3309741,4897811.75019367,hja2016_188,HJA-2016_soil_07,3,soil_enriched,442,19,0.042986425339366516,1.63,7114.31458527304,FALSE,0,TRUE,TRUE,TRUE
hja2016_164,260,sediment,4,23,866.1,566425.172613061,4897456.76587079,hja2016_188,HJA-2016_soil_07,3,soil_enriched,442,18,0.04072398190045249,2.49,3539.4710167967696,TRUE,0.6666666666666666,FALSE,FALSE,FALSE
hja2016_166,57,sediment,4,131,1488.8,563668.294364702,4898599.71539487,hja2016_188,HJA-2016_soil_07,3,soil_enriched,442,5,0.011312217194570135,0.81,6343.503657636255,FALSE,0,TRUE,TRUE,TRUE
hja2016_167,WS3-1,sediment,2,511,96.4,560508.433913191,4896516.80738205,hja2016_188,HJA-2016_soil_07,3,soil_enriched,442,72,0.16289592760180996,8.18,9523.741849313248,FALSE,0,TRUE,TRUE,TRUE
hja2016_169,WS3-2,sediment,2,511,95.7,560554.431881789,4896487.80866272,hja2016_188,HJA-2016_soil_07,3,soil_enriched,442,80,0.18099547511312217,8.62,9481.913078667265,FALSE,0,TRUE,TRUE,TRUE
hja2016_170,WS3-3,sediment,2,511,93.4,560639.428128111,4896408.81215143,hja2016_188,HJA-2016_soil_07,3,soil_enriched,442,18,0.04072398190045249,1.45,9408.520590833115,FALSE,0,TRUE,TRUE,TRUE
hja2016_177,WS1-3,sediment,2,522,92.1,559404.482666841,4895069.8712829,hja2016_188,HJA-2016_soil_07,3,soil_enriched,442,29,0.06561085972850679,2.86,10881.514640849435,FALSE,0,TRUE,TRUE,TRUE
hja2016_179,WS1-5,sediment,2,522,87.9,559517.477676657,4895016.87362342,hja2016_188,HJA-2016_soil_07,3,soil_enriched,442,17,0.038461538461538464,2.15,10785.269840088382,FALSE,0,TRUE,TRUE,TRUE
hja2016_180,WS1-6,sediment,2,522,82.7,559631.472642313,4894993.87463913,hja2016_188,HJA-2016_soil_07,3,soil_enriched,442,5,0.011312217194570135,0.88,10680.897592661751,FALSE,0,TRUE,TRUE,TRUE
hja2016_181,177,sediment,1,452,14.8,565808.199860345,4901620.58198475,hja2016_188,HJA-2016_soil_07,3,soil_enriched,442,15,0.033936651583710405,1.21,5678.014577912523,FALSE,0,TRUE,TRUE,TRUE
hja2016_001,50,planktonic,5,41,4956.4,563054.321479503,4898132.73601802,hja2016_189,HJA-2016_soil_08,3,soil_detected,766,4,0.005221932114882507,1.48,7620.090001343134,TRUE,1,TRUE,TRUE,TRUE
hja2016_008,WS3-1,hyporheic,2,511,96.4,560508.433913191,4896516.80738205,hja2016_189,HJA-2016_soil_08,3,soil_detected,766,11,0.014360313315926894,1.87,10095.980093538014,FALSE,0,TRUE,TRUE,TRUE
hja2016_009,60,hyporheic,2,316,43.1,567391.129953618,4898693.71124374,hja2016_189,HJA-2016_soil_08,3,soil_detected,766,10,0.013054830287206266,3.79,3614.145359880108,FALSE,0,TRUE,FALSE,FALSE
hja2016_010,164,planktonic,3,502,60.8,560307.442789535,4895737.8417834,hja2016_189,HJA-2016_soil_08,3,soil_detected,766,2,0.0026109660574412533,0.99,10363.714786462277,FALSE,0,TRUE,TRUE,TRUE
hja2016_011,WS1-6,planktonic,2,522,82.7,559631.472642313,4894993.87463913,hja2016_189,HJA-2016_soil_08,3,soil_detected,766,15,0.0195822454308094,1.42,11145.51467965544,FALSE,0,TRUE,TRUE,TRUE
hja2016_013,WS1-4,planktonic,2,522,89.8,559453.480502956,4895042.87247524,hja2016_189,HJA-2016_soil_08,3,soil_detected,766,14,0.018276762402088774,2.64,11311.952126813641,FALSE,0,TRUE,TRUE,TRUE
hja2016_014,WS1-6,hyporheic,2,522,82.7,559631.472642313,4894993.87463913,hja2016_189,HJA-2016_soil_08,3,soil_detected,766,9,0.01174934725848564,3.16,11145.51467965544,FALSE,0,TRUE,TRUE,TRUE
hja2016_015,47,hyporheic,4,134,1550.1,563254.31264732,4898130.73610634,hja2016_189,HJA-2016_soil_08,3,soil_detected,766,5,0.006527415143603133,1.65,7422.016725895785,FALSE,0,TRUE,TRUE,TRUE
hja2016_016,74,hyporheic,2,373,70,565310.221852481,4897724.75403567,hja2016_189,HJA-2016_soil_08,3,soil_detected,766,2,0.0026109660574412533,0.25,5329.250656425102,FALSE,0,TRUE,TRUE,TRUE
hja2016_018,WS1-5,hyporheic,2,522,87.9,559517.477676657,4895016.87362342,hja2016_189,HJA-2016_soil_08,3,soil_detected,766,15,0.0195822454308094,1.48,11253.529817429338,FALSE,0,TRUE,TRUE,TRUE
hja2016_019,155,hyporheic,2,345,81.2,565811.199727862,4897652.75721525,hja2016_189,HJA-2016_soil_08,3,soil_detected,766,16,0.020887728459530026,3.35,4823.149863909543,TRUE,0.6666666666666666,FALSE,FALSE,FALSE
hja2016_020,WS1-2,hyporheic,2,522,93.6,559354.484874886,4895103.86978142,hja2016_189,HJA-2016_soil_08,3,soil_detected,766,14,0.018276762402088774,1.49,11399.055287412546,FALSE,0,TRUE,TRUE,TRUE
hja2016_021,156,hyporheic,5,24,2575.9,566141.185154761,4897558.76136638,hja2016_189,HJA-2016_soil_08,3,soil_detected,766,5,0.006527415143603133,1.07,4483.9137414836305,TRUE,1,TRUE,TRUE,TRUE
hja2016_027,WS3-6,planktonic,2,510,78.4,560819.420179147,4896235.81979127,hja2016_189,HJA-2016_soil_08,3,soil_detected,766,7,0.009138381201044387,1.04,9803.726618668808,FALSE,0,TRUE,TRUE,TRUE
hja2016_065,68,hyporheic,5,30,3032.2,565145.229139031,4897899.74630751,hja2016_189,HJA-2016_soil_08,3,soil_detected,766,26,0.033942558746736295,4.14,5518.140619933089,TRUE,1,TRUE,TRUE,TRUE
hja2016_066,49,hyporheic,5,40,3399.1,563281.311454976,4898046.73981585,hja2016_189,HJA-2016_soil_08,3,soil_detected,766,18,0.02349869451697128,2.25,7383.127085134172,TRUE,1,TRUE,TRUE,TRUE
hja2016_070,56,hyporheic,3,321,99.5,562839.3309741,4897811.75019367,hja2016_189,HJA-2016_soil_08,3,soil_detected,766,11,0.014360313315926894,1.05,7793.521088755496,FALSE,0,TRUE,TRUE,TRUE
hja2016_071,164,hyporheic,3,502,60.8,560307.442789535,4895737.8417834,hja2016_189,HJA-2016_soil_08,3,soil_detected,766,20,0.02610966057441253,2.03,10363.714786462277,FALSE,0,TRUE,TRUE,TRUE
hja2016_075,260,hyporheic,4,23,866.1,566425.172613061,4897456.76587079,hja2016_189,HJA-2016_soil_08,3,soil_detected,766,15,0.0195822454308094,2.83,4190.196024805917,TRUE,0.6666666666666666,FALSE,FALSE,FALSE
hja2016_078,CC-1,hyporheic,2,183,64,569956.016680872,4897740.75332909,hja2016_189,HJA-2016_soil_08,3,soil_detected,766,16,0.020887728459530026,2.94,964.5616479714186,FALSE,0,TRUE,TRUE,TRUE
hja2016_079,64,hyporheic,2,163,33.5,570527.99142083,4895508.85189625,hja2016_189,HJA-2016_soil_08,3,soil_detected,766,28,0.03655352480417755,3.89,1508.1443737294849,FALSE,0,TRUE,FALSE,FALSE
hja2016_084,177,hyporheic,1,452,14.8,565808.199860345,4901620.58198475,hja2016_189,HJA-2016_soil_08,3,soil_detected,766,13,0.016971279373368148,3.4,6640.11214234545,FALSE,0,TRUE,TRUE,TRUE
hja2016_127,60,sediment,2,316,43.1,567391.129953618,4898693.71124374,hja2016_189,HJA-2016_soil_08,3,soil_detected,766,34,0.044386422976501305,3.44,3614.145359880108,FALSE,0,TRUE,FALSE,FALSE
hja2016_129,72,sediment,4,16,568.3,566542.167446234,4896499.80813279,hja2016_189,HJA-2016_soil_08,3,soil_detected,766,57,0.07441253263707572,7.5,4082.6333482604923,FALSE,0,TRUE,TRUE,TRUE
hja2016_131,74,sediment,2,373,70,565310.221852481,4897724.75403567,hja2016_189,HJA-2016_soil_08,3,soil_detected,766,53,0.06919060052219321,7.71,5329.250656425102,FALSE,0,TRUE,TRUE,TRUE
hja2016_132,84,sediment,4,112,622.7,566447.171641521,4900685.6232752,hja2016_189,HJA-2016_soil_08,3,soil_detected,766,42,0.05483028720626632,6.97,5536.164377725709,FALSE,0,TRUE,TRUE,TRUE
hja2016_133,161,sediment,5,51,5699.1,561109.407372482,4897170.77850081,hja2016_189,HJA-2016_soil_08,3,soil_detected,766,131,0.17101827676240208,16.03,9483.945057711348,TRUE,1,TRUE,TRUE,TRUE
hja2016_135,169,sediment,2,144,53.5,568641.074752475,4902527.5419308,hja2016_189,HJA-2016_soil_08,3,soil_detected,766,50,0.06527415143603134,7.95,5847.013422289788,FALSE,0,TRUE,TRUE,TRUE
hja2016_136,190,sediment,1,546,14.2,564169.272240084,4897881.7471024,hja2016_189,HJA-2016_soil_08,3,soil_detected,766,38,0.04960835509138381,5.41,6480.945534006087,FALSE,0,TRUE,FALSE,FALSE
hja2016_139,CC-2,sediment,2,183,63.6,569992.01509108,4897760.75244588,hja2016_189,HJA-2016_soil_08,3,soil_detected,766,49,0.0639686684073107,5.47,956.7046277898916,FALSE,0,TRUE,TRUE,TRUE
hja2016_140,CC-3,sediment,2,183,63,570038.013059678,4897795.75090024,hja2016_189,HJA-2016_soil_08,3,soil_detected,766,45,0.0587467362924282,5.43,956.857674413576,FALSE,0,TRUE,TRUE,TRUE
hja2016_141,CC-4,sediment,2,183,58.5,570162.007583724,4897831.74931045,hja2016_189,HJA-2016_soil_08,3,soil_detected,766,51,0.06657963446475196,6.23,922.501881063335,FALSE,0,TRUE,TRUE,TRUE
hja2016_142,KC-1,sediment,3,362,114.7,562012.367495176,4896802.79475203,hja2016_189,HJA-2016_soil_08,3,soil_detected,766,42,0.05483028720626632,4.81,8582.35543778184,FALSE,0,TRUE,TRUE,TRUE
hja2016_144,KC-3,sediment,3,362,114,562000.368025107,4896680.80013966,hja2016_189,HJA-2016_soil_08,3,soil_detected,766,32,0.04177545691906005,5.38,8598.237380564147,FALSE,0,TRUE,TRUE,TRUE
hja2016_145,155,sediment,2,345,81.2,565811.199727862,4897652.75721525,hja2016_189,HJA-2016_soil_08,3,soil_detected,766,59,0.07702349869451697,7.25,4823.149863909543,TRUE,0.6666666666666666,FALSE,FALSE,FALSE
hja2016_146,156,sediment,5,24,2575.9,566141.185154761,4897558.76136638,hja2016_189,HJA-2016_soil_08,3,soil_detected,766,42,0.05483028720626632,4.55,4483.9137414836305,TRUE,1,TRUE,TRUE,TRUE
hja2016_147,163,sediment,5,63,6126.6,559726.468447026,4896111.82526722,hja2016_189,HJA-2016_soil_08,3,soil_detected,766,119,0.15535248041775457,15.08,10903.139794941539,TRUE,1,TRUE,TRUE,TRUE
hja2016_148,165,sediment,2,494,27.9,564789.244860317,4900155.64668049,hja2016_189,HJA-2016_soil_08,3,soil_detected,766,51,0.06657963446475196,5.56,6597.925102899329,FALSE,0,TRUE,FALSE,FALSE
hja2016_150,53,sediment,3,78,280.7,568092.098996817,4898223.73199937,hja2016_189,HJA-2016_soil_08,3,soil_detected,766,40,0.05221932114882506,4.58,2776.5847951051264,FALSE,0,TRUE,TRUE,TRUE
hja2016_151,64,sediment,2,163,33.5,570527.99142083,4895508.85189625,hja2016_189,HJA-2016_soil_08,3,soil_detected,766,124,0.1618798955613577,13.87,1508.1443737294849,FALSE,0,TRUE,FALSE,FALSE
hja2016_152,66,sediment,4,79,1360.7,567970.104384448,4898153.73509064,hja2016_189,HJA-2016_soil_08,3,soil_detected,766,30,0.0391644908616188,3.76,2858.3296424097116,TRUE,1,TRUE,TRUE,TRUE
hja2016_155,82,sediment,2,536,36.6,564452.259742545,4899854.65997292,hja2016_189,HJA-2016_soil_08,3,soil_detected,766,54,0.07049608355091384,5.67,6764.4293019837405,FALSE,0,TRUE,TRUE,TRUE
hja2016_157,43,sediment,1,538,7.8,567346.131940859,4898257.7304979,hja2016_189,HJA-2016_soil_08,3,soil_detected,766,33,0.04308093994778068,3.42,3475.486279533234,FALSE,0,TRUE,FALSE,FALSE
hja2016_159,49,sediment,5,40,3399.1,563281.311454976,4898046.73981585,hja2016_189,HJA-2016_soil_08,3,soil_detected,766,33,0.04308093994778068,4.99,7383.127085134172,TRUE,1,TRUE,TRUE,TRUE
hja2016_160,50,sediment,5,41,4956.4,563054.321479503,4898132.73601802,hja2016_189,HJA-2016_soil_08,3,soil_detected,766,19,0.024804177545691905,2.05,7620.090001343134,TRUE,1,TRUE,TRUE,TRUE
hja2016_031,161,hyporheic,5,51,5699.1,561109.407372482,4897170.77850081,hja2016_189,HJA-2016_soil_08,3,soil_detected,766,5,0.006527415143603133,2.23,9483.945057711348,TRUE,1,TRUE,TRUE,TRUE
hja2016_032,54,hyporheic,3,363,207.7,561802.376768968,4897363.76997776,hja2016_189,HJA-2016_soil_08,3,soil_detected,766,10,0.013054830287206266,2.81,8796.598254277265,FALSE,0,TRUE,TRUE,TRUE
hja2016_035,192,hyporheic,2,542,28.5,564620.252323511,4897836.74908965,hja2016_189,HJA-2016_soil_08,3,soil_detected,766,11,0.014360313315926894,2.08,6028.017611289322,FALSE,0,TRUE,TRUE,TRUE
hja2016_037,43,hyporheic,1,538,7.8,567346.131940859,4898257.7304979,hja2016_189,HJA-2016_soil_08,3,soil_detected,766,4,0.005221932114882507,1.2,3475.486279533234,FALSE,0,TRUE,FALSE,FALSE
hja2016_042,165,planktonic,2,494,27.9,564789.244860317,4900155.64668049,hja2016_189,HJA-2016_soil_08,3,soil_detected,766,3,0.0039164490861618795,0.5,6597.925102899329,FALSE,0,TRUE,FALSE,FALSE
hja2016_043,KC-2,hyporheic,3,362,114.2,561999.368069268,4896735.79771081,hja2016_189,HJA-2016_soil_08,3,soil_detected,766,10,0.013054830287206266,2.8,8597.270751937693,FALSE,0,TRUE,TRUE,TRUE
hja2016_049,67,planktonic,4,83,1558.1,567119.141965387,4897968.74326041,hja2016_189,HJA-2016_soil_08,3,soil_detected,766,2,0.0026109660574412533,0.63,3601.3524719348575,TRUE,1,TRUE,TRUE,TRUE
hja2016_050,165,hyporheic,2,494,27.9,564789.244860317,4900155.64668049,hja2016_189,HJA-2016_soil_08,3,soil_detected,766,20,0.02610966057441253,2.29,6597.925102899329,FALSE,0,TRUE,FALSE,FALSE
hja2016_052,163,hyporheic,5,63,6126.6,559726.468447026,4896111.82526722,hja2016_189,HJA-2016_soil_08,3,soil_detected,766,15,0.0195822454308094,1.67,10903.139794941539,TRUE,1,TRUE,TRUE,TRUE
hja2016_056,KC-1,hyporheic,3,362,114.7,562012.367495176,4896802.79475203,hja2016_189,HJA-2016_soil_08,3,soil_detected,766,20,0.02610966057441253,2.2,8582.35543778184,FALSE,0,TRUE,TRUE,TRUE
hja2016_057,71,hyporheic,3,556,101.7,562662.338790582,4897988.74237719,hja2016_189,HJA-2016_soil_08,3,soil_detected,766,8,0.010443864229765013,1.81,7989.229583387442,FALSE,0,TRUE,TRUE,TRUE
hja2016_059,KC-2,planktonic,3,362,114.2,561999.368069268,4896735.79771081,hja2016_189,HJA-2016_soil_08,3,soil_detected,766,11,0.014360313315926894,2.4,8597.270751937693,FALSE,0,TRUE,TRUE,TRUE
hja2016_062,WS3-3,hyporheic,2,511,93.4,560639.428128111,4896408.81215143,hja2016_189,HJA-2016_soil_08,3,soil_detected,766,16,0.020887728459530026,1.59,9971.137285299243,FALSE,0,TRUE,TRUE,TRUE
hja2016_064,WS3-4,planktonic,2,510,81.3,560692.425787583,4896348.81480109,hja2016_189,HJA-2016_soil_08,3,soil_detected,766,5,0.006527415143603133,1.07,9922.08988625604,FALSE,0,TRUE,TRUE,TRUE
hja2016_099,162,planktonic,5,66,6208.4,559348.485139852,4895468.85366269,hja2016_189,HJA-2016_soil_08,3,soil_detected,766,7,0.009138381201044387,0.44,11349.494693901986,TRUE,1,TRUE,TRUE,TRUE
hja2016_100,64,planktonic,2,163,33.5,570527.99142083,4895508.85189625,hja2016_189,HJA-2016_soil_08,3,soil_detected,766,4,0.005221932114882507,0.24,1508.1443737294849,FALSE,0,TRUE,FALSE,FALSE
hja2016_101,58,planktonic,3,385,67.2,566998.147308857,4898497.71989928,hja2016_189,HJA-2016_soil_08,3,soil_detected,766,3,0.0039164490861618795,0.29,3887.5385027709062,FALSE,0,TRUE,TRUE,TRUE
hja2016_102,73,hyporheic,2,255,137,566310.177691566,4896786.79545861,hja2016_189,HJA-2016_soil_08,3,soil_detected,766,5,0.006527415143603133,0.37,4288.016228603595,FALSE,0,TRUE,TRUE,TRUE
hja2016_103,260,planktonic,4,23,866.1,566425.172613061,4897456.76587079,hja2016_189,HJA-2016_soil_08,3,soil_detected,766,9,0.01174934725848564,0.88,4190.196024805917,TRUE,0.6666666666666666,FALSE,FALSE,FALSE
hja2016_105,178,planktonic,2,411,19.9,566185.18321168,4901793.57434491,hja2016_189,HJA-2016_soil_08,3,soil_detected,766,7,0.009138381201044387,0.62,6499.960377436466,FALSE,0,TRUE,TRUE,TRUE
hja2016_106,170,planktonic,2,229,49.4,570659.985591589,4896908.79007097,hja2016_189,HJA-2016_soil_08,3,soil_detected,766,2,0.0026109660574412533,0.12,126.59499456271408,FALSE,0,TRUE,FALSE,FALSE
hja2016_107,57,hyporheic,4,131,1488.8,563668.294364702,4898599.71539487,hja2016_189,HJA-2016_soil_08,3,soil_detected,766,5,0.006527415143603133,0.49,7102.687424501715,FALSE,0,TRUE,TRUE,TRUE
hja2016_109,169,planktonic,2,144,53.5,568641.074752475,4902527.5419308,hja2016_189,HJA-2016_soil_08,3,soil_detected,766,7,0.009138381201044387,0.69,5847.013422289788,FALSE,0,TRUE,TRUE,TRUE
hja2016_110,76,hyporheic,3,150,303.5,570464.994202967,4896947.7883487,hja2016_189,HJA-2016_soil_08,3,soil_detected,766,3,0.0039164490861618795,0.36,144.06477344289544,FALSE,0.1111111111111111,FALSE,TRUE,FALSE
hja2016_111,160,planktonic,5,24,2569.5,566416.173010509,4897492.764281,hja2016_189,HJA-2016_soil_08,3,soil_detected,766,7,0.009138381201044387,0.5,4203.079917533298,TRUE,1,TRUE,TRUE,TRUE
hja2016_114,WS1-5,planktonic,2,522,87.9,559517.477676657,4895016.87362342,hja2016_189,HJA-2016_soil_08,3,soil_detected,766,5,0.006527415143603133,0.46,11253.529817429338,FALSE,0,TRUE,TRUE,TRUE
hja2016_116,53,planktonic,3,78,280.7,568092.098996817,4898223.73199937,hja2016_189,HJA-2016_soil_08,3,soil_detected,766,4,0.005221932114882507,0.43,2776.5847951051264,FALSE,0,TRUE,TRUE,TRUE
hja2016_119,56,planktonic,3,321,99.5,562839.3309741,4897811.75019367,hja2016_189,HJA-2016_soil_08,3,soil_detected,766,11,0.014360313315926894,0.83,7793.521088755496,FALSE,0,TRUE,TRUE,TRUE
hja2016_121,84,hyporheic,4,112,622.7,566447.171641521,4900685.6232752,hja2016_189,HJA-2016_soil_08,3,soil_detected,766,1,0.0013054830287206266,0.13,5536.164377725709,FALSE,0,TRUE,TRUE,TRUE
hja2016_122,45,sediment,3,390,193.2,565977.192397151,4897892.74661664,hja2016_189,HJA-2016_soil_08,3,soil_detected,766,41,0.05352480417754569,5.03,4697.504183586255,FALSE,0,TRUE,TRUE,TRUE
hja2016_125,56,sediment,3,321,99.5,562839.3309741,4897811.75019367,hja2016_189,HJA-2016_soil_08,3,soil_detected,766,41,0.05352480417754569,5.28,7793.521088755496,FALSE,0,TRUE,TRUE,TRUE
hja2016_164,260,sediment,4,23,866.1,566425.172613061,4897456.76587079,hja2016_189,HJA-2016_soil_08,3,soil_detected,766,39,0.050913838120104436,5.51,4190.196024805917,TRUE,0.6666666666666666,FALSE,FALSE,FALSE
hja2016_166,57,sediment,4,131,1488.8,563668.294364702,4898599.71539487,hja2016_189,HJA-2016_soil_08,3,soil_detected,766,18,0.02349869451697128,2.32,7102.687424501715,FALSE,0,TRUE,TRUE,TRUE
hja2016_167,WS3-1,sediment,2,511,96.4,560508.433913191,4896516.80738205,hja2016_189,HJA-2016_soil_08,3,soil_detected,766,125,0.16318537859007834,15.07,10095.980093538014,FALSE,0,TRUE,TRUE,TRUE
hja2016_169,WS3-2,sediment,2,511,95.7,560554.431881789,4896487.80866272,hja2016_189,HJA-2016_soil_08,3,soil_detected,766,132,0.17232375979112272,15.2,10051.51961945439,FALSE,0,TRUE,TRUE,TRUE
hja2016_170,WS3-3,sediment,2,511,93.4,560639.428128111,4896408.81215143,hja2016_189,HJA-2016_soil_08,3,soil_detected,766,32,0.04177545691906005,3.43,9971.137285299243,FALSE,0,TRUE,TRUE,TRUE
hja2016_177,WS1-3,sediment,2,522,92.1,559404.482666841,4895069.8712829,hja2016_189,HJA-2016_soil_08,3,soil_detected,766,56,0.0731070496083551,7.86,11355.54494999942,FALSE,0,TRUE,TRUE,TRUE
hja2016_179,WS1-5,sediment,2,522,87.9,559517.477676657,4895016.87362342,hja2016_189,HJA-2016_soil_08,3,soil_detected,766,40,0.05221932114882506,5.92,11253.529817429338,FALSE,0,TRUE,TRUE,TRUE
hja2016_180,WS1-6,sediment,2,522,82.7,559631.472642313,4894993.87463913,hja2016_189,HJA-2016_soil_08,3,soil_detected,766,15,0.0195822454308094,2.22,11145.51467965544,FALSE,0,TRUE,TRUE,TRUE
hja2016_181,177,sediment,1,452,14.8,565808.199860345,4901620.58198475,hja2016_189,HJA-2016_soil_08,3,soil_detected,766,33,0.04308093994778068,3.52,6640.11214234545,FALSE,0,TRUE,TRUE,TRUE
hja2016_001,50,planktonic,5,41,4956.4,563054.321479503,4898132.73601802,hja2016_189,HJA-2016_soil_08,3,soil_enriched,584,0,0,0,7620.090001343134,TRUE,1,TRUE,TRUE,TRUE
hja2016_008,WS3-1,hyporheic,2,511,96.4,560508.433913191,4896516.80738205,hja2016_189,HJA-2016_soil_08,3,soil_enriched,584,5,0.008561643835616438,0.65,10095.980093538014,FALSE,0,TRUE,TRUE,TRUE
hja2016_009,60,hyporheic,2,316,43.1,567391.129953618,4898693.71124374,hja2016_189,HJA-2016_soil_08,3,soil_enriched,584,3,0.005136986301369863,0.42,3614.145359880108,FALSE,0,TRUE,FALSE,FALSE
hja2016_010,164,planktonic,3,502,60.8,560307.442789535,4895737.8417834,hja2016_189,HJA-2016_soil_08,3,soil_enriched,584,0,0,0,10363.714786462277,FALSE,0,TRUE,TRUE,TRUE
hja2016_011,WS1-6,planktonic,2,522,82.7,559631.472642313,4894993.87463913,hja2016_189,HJA-2016_soil_08,3,soil_enriched,584,8,0.0136986301369863,0.69,11145.51467965544,FALSE,0,TRUE,TRUE,TRUE
hja2016_013,WS1-4,planktonic,2,522,89.8,559453.480502956,4895042.87247524,hja2016_189,HJA-2016_soil_08,3,soil_enriched,584,4,0.00684931506849315,0.6,11311.952126813641,FALSE,0,TRUE,TRUE,TRUE
hja2016_014,WS1-6,hyporheic,2,522,82.7,559631.472642313,4894993.87463913,hja2016_189,HJA-2016_soil_08,3,soil_enriched,584,2,0.003424657534246575,0.41,11145.51467965544,FALSE,0,TRUE,TRUE,TRUE
hja2016_015,47,hyporheic,4,134,1550.1,563254.31264732,4898130.73610634,hja2016_189,HJA-2016_soil_08,3,soil_enriched,584,1,0.0017123287671232876,0.47,7422.016725895785,FALSE,0,TRUE,TRUE,TRUE
hja2016_016,74,hyporheic,2,373,70,565310.221852481,4897724.75403567,hja2016_189,HJA-2016_soil_08,3,soil_enriched,584,1,0.0017123287671232876,0.05,5329.250656425102,FALSE,0,TRUE,TRUE,TRUE
hja2016_018,WS1-5,hyporheic,2,522,87.9,559517.477676657,4895016.87362342,hja2016_189,HJA-2016_soil_08,3,soil_enriched,584,6,0.010273972602739725,0.48,11253.529817429338,FALSE,0,TRUE,TRUE,TRUE
hja2016_019,155,hyporheic,2,345,81.2,565811.199727862,4897652.75721525,hja2016_189,HJA-2016_soil_08,3,soil_enriched,584,10,0.017123287671232876,2.52,4823.149863909543,TRUE,0.6666666666666666,FALSE,FALSE,FALSE
hja2016_020,WS1-2,hyporheic,2,522,93.6,559354.484874886,4895103.86978142,hja2016_189,HJA-2016_soil_08,3,soil_enriched,584,5,0.008561643835616438,0.53,11399.055287412546,FALSE,0,TRUE,TRUE,TRUE
hja2016_021,156,hyporheic,5,24,2575.9,566141.185154761,4897558.76136638,hja2016_189,HJA-2016_soil_08,3,soil_enriched,584,2,0.003424657534246575,0.45,4483.9137414836305,TRUE,1,TRUE,TRUE,TRUE
hja2016_027,WS3-6,planktonic,2,510,78.4,560819.420179147,4896235.81979127,hja2016_189,HJA-2016_soil_08,3,soil_enriched,584,5,0.008561643835616438,0.61,9803.726618668808,FALSE,0,TRUE,TRUE,TRUE
hja2016_065,68,hyporheic,5,30,3032.2,565145.229139031,4897899.74630751,hja2016_189,HJA-2016_soil_08,3,soil_enriched,584,14,0.023972602739726026,1.71,5518.140619933089,TRUE,1,TRUE,TRUE,TRUE
hja2016_066,49,hyporheic,5,40,3399.1,563281.311454976,4898046.73981585,hja2016_189,HJA-2016_soil_08,3,soil_enriched,584,10,0.017123287671232876,1,7383.127085134172,TRUE,1,TRUE,TRUE,TRUE
hja2016_070,56,hyporheic,3,321,99.5,562839.3309741,4897811.75019367,hja2016_189,HJA-2016_soil_08,3,soil_enriched,584,6,0.010273972602739725,0.63,7793.521088755496,FALSE,0,TRUE,TRUE,TRUE
hja2016_071,164,hyporheic,3,502,60.8,560307.442789535,4895737.8417834,hja2016_189,HJA-2016_soil_08,3,soil_enriched,584,9,0.015410958904109588,0.8,10363.714786462277,FALSE,0,TRUE,TRUE,TRUE
hja2016_075,260,hyporheic,4,23,866.1,566425.172613061,4897456.76587079,hja2016_189,HJA-2016_soil_08,3,soil_enriched,584,7,0.011986301369863013,1.26,4190.196024805917,TRUE,0.6666666666666666,FALSE,FALSE,FALSE
hja2016_078,CC-1,hyporheic,2,183,64,569956.016680872,4897740.75332909,hja2016_189,HJA-2016_soil_08,3,soil_enriched,584,6,0.010273972602739725,0.99,964.5616479714186,FALSE,0,TRUE,TRUE,TRUE
hja2016_079,64,hyporheic,2,163,33.5,570527.99142083,4895508.85189625,hja2016_189,HJA-2016_soil_08,3,soil_enriched,584,14,0.023972602739726026,1.39,1508.1443737294849,FALSE,0,TRUE,FALSE,FALSE
hja2016_084,177,hyporheic,1,452,14.8,565808.199860345,4901620.58198475,hja2016_189,HJA-2016_soil_08,3,soil_enriched,584,5,0.008561643835616438,0.79,6640.11214234545,FALSE,0,TRUE,TRUE,TRUE
hja2016_127,60,sediment,2,316,43.1,567391.129953618,4898693.71124374,hja2016_189,HJA-2016_soil_08,3,soil_enriched,584,11,0.018835616438356163,1.08,3614.145359880108,FALSE,0,TRUE,FALSE,FALSE
hja2016_129,72,sediment,4,16,568.3,566542.167446234,4896499.80813279,hja2016_189,HJA-2016_soil_08,3,soil_enriched,584,32,0.0547945205479452,3.8,4082.6333482604923,FALSE,0,TRUE,TRUE,TRUE
hja2016_131,74,sediment,2,373,70,565310.221852481,4897724.75403567,hja2016_189,HJA-2016_soil_08,3,soil_enriched,584,29,0.04965753424657534,3.66,5329.250656425102,FALSE,0,TRUE,TRUE,TRUE
hja2016_132,84,sediment,4,112,622.7,566447.171641521,4900685.6232752,hja2016_189,HJA-2016_soil_08,3,soil_enriched,584,22,0.03767123287671233,2.66,5536.164377725709,FALSE,0,TRUE,TRUE,TRUE
hja2016_133,161,sediment,5,51,5699.1,561109.407372482,4897170.77850081,hja2016_189,HJA-2016_soil_08,3,soil_enriched,584,94,0.16095890410958905,9.92,9483.945057711348,TRUE,1,TRUE,TRUE,TRUE
hja2016_135,169,sediment,2,144,53.5,568641.074752475,4902527.5419308,hja2016_189,HJA-2016_soil_08,3,soil_enriched,584,23,0.039383561643835614,3.13,5847.013422289788,FALSE,0,TRUE,TRUE,TRUE
hja2016_136,190,sediment,1,546,14.2,564169.272240084,4897881.7471024,hja2016_189,HJA-2016_soil_08,3,soil_enriched,584,21,0.03595890410958904,2.15,6480.945534006087,FALSE,0,TRUE,FALSE,FALSE
hja2016_139,CC-2,sediment,2,183,63.6,569992.01509108,4897760.75244588,hja2016_189,HJA-2016_soil_08,3,soil_enriched,584,29,0.04965753424657534,2.52,956.7046277898916,FALSE,0,TRUE,TRUE,TRUE
hja2016_140,CC-3,sediment,2,183,63,570038.013059678,4897795.75090024,hja2016_189,HJA-2016_soil_08,3,soil_enriched,584,23,0.039383561643835614,2.29,956.857674413576,FALSE,0,TRUE,TRUE,TRUE
hja2016_141,CC-4,sediment,2,183,58.5,570162.007583724,4897831.74931045,hja2016_189,HJA-2016_soil_08,3,soil_enriched,584,28,0.04794520547945205,2.64,922.501881063335,FALSE,0,TRUE,TRUE,TRUE
hja2016_142,KC-1,sediment,3,362,114.7,562012.367495176,4896802.79475203,hja2016_189,HJA-2016_soil_08,3,soil_enriched,584,25,0.04280821917808219,1.97,8582.35543778184,FALSE,0,TRUE,TRUE,TRUE
hja2016_144,KC-3,sediment,3,362,114,562000.368025107,4896680.80013966,hja2016_189,HJA-2016_soil_08,3,soil_enriched,584,15,0.025684931506849314,2.11,8598.237380564147,FALSE,0,TRUE,TRUE,TRUE
hja2016_145,155,sediment,2,345,81.2,565811.199727862,4897652.75721525,hja2016_189,HJA-2016_soil_08,3,soil_enriched,584,33,0.05650684931506849,3.36,4823.149863909543,TRUE,0.6666666666666666,FALSE,FALSE,FALSE
hja2016_146,156,sediment,5,24,2575.9,566141.185154761,4897558.76136638,hja2016_189,HJA-2016_soil_08,3,soil_enriched,584,21,0.03595890410958904,1.85,4483.9137414836305,TRUE,1,TRUE,TRUE,TRUE
hja2016_147,163,sediment,5,63,6126.6,559726.468447026,4896111.82526722,hja2016_189,HJA-2016_soil_08,3,soil_enriched,584,82,0.1404109589041096,9.29,10903.139794941539,TRUE,1,TRUE,TRUE,TRUE
hja2016_148,165,sediment,2,494,27.9,564789.244860317,4900155.64668049,hja2016_189,HJA-2016_soil_08,3,soil_enriched,584,28,0.04794520547945205,2.54,6597.925102899329,FALSE,0,TRUE,FALSE,FALSE
hja2016_150,53,sediment,3,78,280.7,568092.098996817,4898223.73199937,hja2016_189,HJA-2016_soil_08,3,soil_enriched,584,21,0.03595890410958904,1.94,2776.5847951051264,FALSE,0,TRUE,TRUE,TRUE
hja2016_151,64,sediment,2,163,33.5,570527.99142083,4895508.85189625,hja2016_189,HJA-2016_soil_08,3,soil_enriched,584,83,0.1421232876712329,8.44,1508.1443737294849,FALSE,0,TRUE,FALSE,FALSE
hja2016_152,66,sediment,4,79,1360.7,567970.104384448,4898153.73509064,hja2016_189,HJA-2016_soil_08,3,soil_enriched,584,15,0.025684931506849314,1.67,2858.3296424097116,TRUE,1,TRUE,TRUE,TRUE
hja2016_155,82,sediment,2,536,36.6,564452.259742545,4899854.65997292,hja2016_189,HJA-2016_soil_08,3,soil_enriched,584,32,0.0547945205479452,2.72,6764.4293019837405,FALSE,0,TRUE,TRUE,TRUE
hja2016_157,43,sediment,1,538,7.8,567346.131940859,4898257.7304979,hja2016_189,HJA-2016_soil_08,3,soil_enriched,584,16,0.0273972602739726,1.4,3475.486279533234,FALSE,0,TRUE,FALSE,FALSE
hja2016_159,49,sediment,5,40,3399.1,563281.311454976,4898046.73981585,hja2016_189,HJA-2016_soil_08,3,soil_enriched,584,15,0.025684931506849314,1.66,7383.127085134172,TRUE,1,TRUE,TRUE,TRUE
hja2016_160,50,sediment,5,41,4956.4,563054.321479503,4898132.73601802,hja2016_189,HJA-2016_soil_08,3,soil_enriched,584,5,0.008561643835616438,0.75,7620.090001343134,TRUE,1,TRUE,TRUE,TRUE
hja2016_031,161,hyporheic,5,51,5699.1,561109.407372482,4897170.77850081,hja2016_189,HJA-2016_soil_08,3,soil_enriched,584,2,0.003424657534246575,0.37,9483.945057711348,TRUE,1,TRUE,TRUE,TRUE
hja2016_032,54,hyporheic,3,363,207.7,561802.376768968,4897363.76997776,hja2016_189,HJA-2016_soil_08,3,soil_enriched,584,5,0.008561643835616438,0.56,8796.598254277265,FALSE,0,TRUE,TRUE,TRUE
hja2016_035,192,hyporheic,2,542,28.5,564620.252323511,4897836.74908965,hja2016_189,HJA-2016_soil_08,3,soil_enriched,584,5,0.008561643835616438,0.78,6028.017611289322,FALSE,0,TRUE,TRUE,TRUE
hja2016_037,43,hyporheic,1,538,7.8,567346.131940859,4898257.7304979,hja2016_189,HJA-2016_soil_08,3,soil_enriched,584,0,0,0,3475.486279533234,FALSE,0,TRUE,FALSE,FALSE
hja2016_042,165,planktonic,2,494,27.9,564789.244860317,4900155.64668049,hja2016_189,HJA-2016_soil_08,3,soil_enriched,584,1,0.0017123287671232876,0.07,6597.925102899329,FALSE,0,TRUE,FALSE,FALSE
hja2016_043,KC-2,hyporheic,3,362,114.2,561999.368069268,4896735.79771081,hja2016_189,HJA-2016_soil_08,3,soil_enriched,584,5,0.008561643835616438,1.12,8597.270751937693,FALSE,0,TRUE,TRUE,TRUE
hja2016_049,67,planktonic,4,83,1558.1,567119.141965387,4897968.74326041,hja2016_189,HJA-2016_soil_08,3,soil_enriched,584,1,0.0017123287671232876,0.06,3601.3524719348575,TRUE,1,TRUE,TRUE,TRUE
hja2016_050,165,hyporheic,2,494,27.9,564789.244860317,4900155.64668049,hja2016_189,HJA-2016_soil_08,3,soil_enriched,584,10,0.017123287671232876,0.84,6597.925102899329,FALSE,0,TRUE,FALSE,FALSE
hja2016_052,163,hyporheic,5,63,6126.6,559726.468447026,4896111.82526722,hja2016_189,HJA-2016_soil_08,3,soil_enriched,584,6,0.010273972602739725,0.35,10903.139794941539,TRUE,1,TRUE,TRUE,TRUE
hja2016_056,KC-1,hyporheic,3,362,114.7,562012.367495176,4896802.79475203,hja2016_189,HJA-2016_soil_08,3,soil_enriched,584,8,0.0136986301369863,0.68,8582.35543778184,FALSE,0,TRUE,TRUE,TRUE
hja2016_057,71,hyporheic,3,556,101.7,562662.338790582,4897988.74237719,hja2016_189,HJA-2016_soil_08,3,soil_enriched,584,2,0.003424657534246575,0.62,7989.229583387442,FALSE,0,TRUE,TRUE,TRUE
hja2016_059,KC-2,planktonic,3,362,114.2,561999.368069268,4896735.79771081,hja2016_189,HJA-2016_soil_08,3,soil_enriched,584,4,0.00684931506849315,1.17,8597.270751937693,FALSE,0,TRUE,TRUE,TRUE
hja2016_062,WS3-3,hyporheic,2,511,93.4,560639.428128111,4896408.81215143,hja2016_189,HJA-2016_soil_08,3,soil_enriched,584,7,0.011986301369863013,0.66,9971.137285299243,FALSE,0,TRUE,TRUE,TRUE
hja2016_064,WS3-4,planktonic,2,510,81.3,560692.425787583,4896348.81480109,hja2016_189,HJA-2016_soil_08,3,soil_enriched,584,2,0.003424657534246575,0.38,9922.08988625604,FALSE,0,TRUE,TRUE,TRUE
hja2016_099,162,planktonic,5,66,6208.4,559348.485139852,4895468.85366269,hja2016_189,HJA-2016_soil_08,3,soil_enriched,584,3,0.005136986301369863,0.25,11349.494693901986,TRUE,1,TRUE,TRUE,TRUE
hja2016_100,64,planktonic,2,163,33.5,570527.99142083,4895508.85189625,hja2016_189,HJA-2016_soil_08,3,soil_enriched,584,2,0.003424657534246575,0.1,1508.1443737294849,FALSE,0,TRUE,FALSE,FALSE
hja2016_101,58,planktonic,3,385,67.2,566998.147308857,4898497.71989928,hja2016_189,HJA-2016_soil_08,3,soil_enriched,584,2,0.003424657534246575,0.16,3887.5385027709062,FALSE,0,TRUE,TRUE,TRUE
hja2016_102,73,hyporheic,2,255,137,566310.177691566,4896786.79545861,hja2016_189,HJA-2016_soil_08,3,soil_enriched,584,3,0.005136986301369863,0.23,4288.016228603595,FALSE,0,TRUE,TRUE,TRUE
hja2016_103,260,planktonic,4,23,866.1,566425.172613061,4897456.76587079,hja2016_189,HJA-2016_soil_08,3,soil_enriched,584,3,0.005136986301369863,0.4,4190.196024805917,TRUE,0.6666666666666666,FALSE,FALSE,FALSE
hja2016_105,178,planktonic,2,411,19.9,566185.18321168,4901793.57434491,hja2016_189,HJA-2016_soil_08,3,soil_enriched,584,3,0.005136986301369863,0.38,6499.960377436466,FALSE,0,TRUE,TRUE,TRUE
hja2016_106,170,planktonic,2,229,49.4,570659.985591589,4896908.79007097,hja2016_189,HJA-2016_soil_08,3,soil_enriched,584,1,0.0017123287671232876,0.04,126.59499456271408,FALSE,0,TRUE,FALSE,FALSE
hja2016_107,57,hyporheic,4,131,1488.8,563668.294364702,4898599.71539487,hja2016_189,HJA-2016_soil_08,3,soil_enriched,584,3,0.005136986301369863,0.33,7102.687424501715,FALSE,0,TRUE,TRUE,TRUE
hja2016_109,169,planktonic,2,144,53.5,568641.074752475,4902527.5419308,hja2016_189,HJA-2016_soil_08,3,soil_enriched,584,3,0.005136986301369863,0.4,5847.013422289788,FALSE,0,TRUE,TRUE,TRUE
hja2016_110,76,hyporheic,3,150,303.5,570464.994202967,4896947.7883487,hja2016_189,HJA-2016_soil_08,3,soil_enriched,584,1,0.0017123287671232876,0.2,144.06477344289544,FALSE,0.1111111111111111,FALSE,TRUE,FALSE
hja2016_111,160,planktonic,5,24,2569.5,566416.173010509,4897492.764281,hja2016_189,HJA-2016_soil_08,3,soil_enriched,584,4,0.00684931506849315,0.3,4203.079917533298,TRUE,1,TRUE,TRUE,TRUE
hja2016_114,WS1-5,planktonic,2,522,87.9,559517.477676657,4895016.87362342,hja2016_189,HJA-2016_soil_08,3,soil_enriched,584,3,0.005136986301369863,0.27,11253.529817429338,FALSE,0,TRUE,TRUE,TRUE
hja2016_116,53,planktonic,3,78,280.7,568092.098996817,4898223.73199937,hja2016_189,HJA-2016_soil_08,3,soil_enriched,584,3,0.005136986301369863,0.27,2776.5847951051264,FALSE,0,TRUE,TRUE,TRUE
hja2016_119,56,planktonic,3,321,99.5,562839.3309741,4897811.75019367,hja2016_189,HJA-2016_soil_08,3,soil_enriched,584,3,0.005136986301369863,0.32,7793.521088755496,FALSE,0,TRUE,TRUE,TRUE
hja2016_121,84,hyporheic,4,112,622.7,566447.171641521,4900685.6232752,hja2016_189,HJA-2016_soil_08,3,soil_enriched,584,1,0.0017123287671232876,0.07,5536.164377725709,FALSE,0,TRUE,TRUE,TRUE
hja2016_122,45,sediment,3,390,193.2,565977.192397151,4897892.74661664,hja2016_189,HJA-2016_soil_08,3,soil_enriched,584,19,0.032534246575342464,1.68,4697.504183586255,FALSE,0,TRUE,TRUE,TRUE
hja2016_125,56,sediment,3,321,99.5,562839.3309741,4897811.75019367,hja2016_189,HJA-2016_soil_08,3,soil_enriched,584,21,0.03595890410958904,1.81,7793.521088755496,FALSE,0,TRUE,TRUE,TRUE
hja2016_164,260,sediment,4,23,866.1,566425.172613061,4897456.76587079,hja2016_189,HJA-2016_soil_08,3,soil_enriched,584,19,0.032534246575342464,2.73,4190.196024805917,TRUE,0.6666666666666666,FALSE,FALSE,FALSE
hja2016_166,57,sediment,4,131,1488.8,563668.294364702,4898599.71539487,hja2016_189,HJA-2016_soil_08,3,soil_enriched,584,6,0.010273972602739725,0.92,7102.687424501715,FALSE,0,TRUE,TRUE,TRUE
hja2016_167,WS3-1,sediment,2,511,96.4,560508.433913191,4896516.80738205,hja2016_189,HJA-2016_soil_08,3,soil_enriched,584,85,0.14554794520547945,9.05,10095.980093538014,FALSE,0,TRUE,TRUE,TRUE
hja2016_169,WS3-2,sediment,2,511,95.7,560554.431881789,4896487.80866272,hja2016_189,HJA-2016_soil_08,3,soil_enriched,584,93,0.15924657534246575,9.7,10051.51961945439,FALSE,0,TRUE,TRUE,TRUE
hja2016_170,WS3-3,sediment,2,511,93.4,560639.428128111,4896408.81215143,hja2016_189,HJA-2016_soil_08,3,soil_enriched,584,17,0.02910958904109589,1.47,9971.137285299243,FALSE,0,TRUE,TRUE,TRUE
hja2016_177,WS1-3,sediment,2,522,92.1,559404.482666841,4895069.8712829,hja2016_189,HJA-2016_soil_08,3,soil_enriched,584,31,0.053082191780821915,3.06,11355.54494999942,FALSE,0,TRUE,TRUE,TRUE
hja2016_179,WS1-5,sediment,2,522,87.9,559517.477676657,4895016.87362342,hja2016_189,HJA-2016_soil_08,3,soil_enriched,584,20,0.03424657534246575,2.45,11253.529817429338,FALSE,0,TRUE,TRUE,TRUE
hja2016_180,WS1-6,sediment,2,522,82.7,559631.472642313,4894993.87463913,hja2016_189,HJA-2016_soil_08,3,soil_enriched,584,5,0.008561643835616438,0.95,11145.51467965544,FALSE,0,TRUE,TRUE,TRUE
hja2016_181,177,sediment,1,452,14.8,565808.199860345,4901620.58198475,hja2016_189,HJA-2016_soil_08,3,soil_enriched,584,17,0.02910958904109589,1.32,6640.11214234545,FALSE,0,TRUE,TRUE,TRUE
hja2016_001,50,planktonic,5,41,4956.4,563054.321479503,4898132.73601802,hja2016_190,HJA-2016_soil_09,3,soil_detected,834,11,0.013189448441247002,3.16,7994.881979135008,TRUE,1,TRUE,TRUE,TRUE
hja2016_008,WS3-1,hyporheic,2,511,96.4,560508.433913191,4896516.80738205,hja2016_190,HJA-2016_soil_09,3,soil_detected,834,51,0.06115107913669065,8.7,10094.889231265372,FALSE,0,TRUE,TRUE,TRUE
hja2016_009,60,hyporheic,2,316,43.1,567391.129953618,4898693.71124374,hja2016_190,HJA-2016_soil_09,3,soil_detected,834,45,0.0539568345323741,11.15,4624.615012900711,FALSE,0,TRUE,FALSE,FALSE
hja2016_010,164,planktonic,3,502,60.8,560307.442789535,4895737.8417834,hja2016_190,HJA-2016_soil_09,3,soil_detected,834,12,0.014388489208633094,4.39,10231.40136143127,FALSE,0,TRUE,TRUE,TRUE
hja2016_011,WS1-6,planktonic,2,522,82.7,559631.472642313,4894993.87463913,hja2016_190,HJA-2016_soil_09,3,soil_detected,834,50,0.05995203836930456,5.23,10902.073410267192,FALSE,0,TRUE,TRUE,TRUE
hja2016_013,WS1-4,planktonic,2,522,89.8,559453.480502956,4895042.87247524,hja2016_190,HJA-2016_soil_09,3,soil_detected,834,45,0.0539568345323741,6.14,11078.766408852149,FALSE,0,TRUE,TRUE,TRUE
hja2016_014,WS1-6,hyporheic,2,522,82.7,559631.472642313,4894993.87463913,hja2016_190,HJA-2016_soil_09,3,soil_detected,834,40,0.047961630695443645,9.49,10902.073410267192,FALSE,0,TRUE,TRUE,TRUE
hja2016_015,47,hyporheic,4,134,1550.1,563254.31264732,4898130.73610634,hja2016_190,HJA-2016_soil_09,3,soil_detected,834,15,0.017985611510791366,3.91,7807.491380407746,FALSE,0,TRUE,TRUE,TRUE
hja2016_016,74,hyporheic,2,373,70,565310.221852481,4897724.75403567,hja2016_190,HJA-2016_soil_09,3,soil_detected,834,10,0.011990407673860911,1.61,5756.2063149296855,FALSE,0,TRUE,TRUE,TRUE
hja2016_018,WS1-5,hyporheic,2,522,87.9,559517.477676657,4895016.87362342,hja2016_190,HJA-2016_soil_09,3,soil_detected,834,38,0.045563549160671464,3.3,11015.416271937751,FALSE,0,TRUE,TRUE,TRUE
hja2016_019,155,hyporheic,2,345,81.2,565811.199727862,4897652.75721525,hja2016_190,HJA-2016_soil_09,3,soil_detected,834,55,0.06594724220623502,10.43,5273.62763531838,TRUE,0.6666666666666666,FALSE,FALSE,FALSE
hja2016_020,WS1-2,hyporheic,2,522,93.6,559354.484874886,4895103.86978142,hja2016_190,HJA-2016_soil_09,3,soil_detected,834,60,0.07194244604316546,6.46,11176.516704681717,FALSE,0,TRUE,TRUE,TRUE
hja2016_021,156,hyporheic,5,24,2575.9,566141.185154761,4897558.76136638,hja2016_190,HJA-2016_soil_09,3,soil_detected,834,23,0.027577937649880094,5.59,4936.815689789386,TRUE,1,TRUE,TRUE,TRUE
hja2016_027,WS3-6,planktonic,2,510,78.4,560819.420179147,4896235.81979127,hja2016_190,HJA-2016_soil_09,3,soil_detected,834,17,0.02038369304556355,2.6,9755.210838315252,FALSE,0,TRUE,TRUE,TRUE
hja2016_065,68,hyporheic,5,30,3032.2,565145.229139031,4897899.74630751,hja2016_190,HJA-2016_soil_09,3,soil_detected,834,67,0.0803357314148681,9.46,5980.277555558904,TRUE,1,TRUE,TRUE,TRUE
hja2016_066,49,hyporheic,5,40,3399.1,563281.311454976,4898046.73981585,hja2016_190,HJA-2016_soil_09,3,soil_detected,834,54,0.06474820143884892,6.62,7752.148003822669,TRUE,1,TRUE,TRUE,TRUE
hja2016_070,56,hyporheic,3,321,99.5,562839.3309741,4897811.75019367,hja2016_190,HJA-2016_soil_09,3,soil_detected,834,25,0.02997601918465228,3.99,8090.793557318609,FALSE,0,TRUE,TRUE,TRUE
hja2016_071,164,hyporheic,3,502,60.8,560307.442789535,4895737.8417834,hja2016_190,HJA-2016_soil_09,3,soil_detected,834,63,0.07553956834532374,6.72,10231.40136143127,FALSE,0,TRUE,TRUE,TRUE
hja2016_075,260,hyporheic,4,23,866.1,566425.172613061,4897456.76587079,hja2016_190,HJA-2016_soil_09,3,soil_detected,834,43,0.05155875299760192,7.96,4637.826032708156,TRUE,0.6666666666666666,FALSE,FALSE,FALSE
hja2016_078,CC-1,hyporheic,2,183,64,569956.016680872,4897740.75332909,hja2016_190,HJA-2016_soil_09,3,soil_detected,834,44,0.05275779376498801,6.74,2510.2596558967384,FALSE,0,TRUE,TRUE,TRUE
hja2016_079,64,hyporheic,2,163,33.5,570527.99142083,4895508.85189625,hja2016_190,HJA-2016_soil_09,3,soil_detected,834,70,0.08393285371702638,9.75,212.0154697731951,FALSE,0,TRUE,FALSE,FALSE
hja2016_084,177,hyporheic,1,452,14.8,565808.199860345,4901620.58198475,hja2016_190,HJA-2016_soil_09,3,soil_detected,834,45,0.0539568345323741,9.45,7891.693500778309,FALSE,0,TRUE,TRUE,TRUE
hja2016_127,60,sediment,2,316,43.1,567391.129953618,4898693.71124374,hja2016_190,HJA-2016_soil_09,3,soil_detected,834,122,0.14628297362110312,11.58,4624.615012900711,FALSE,0,TRUE,FALSE,FALSE
hja2016_129,72,sediment,4,16,568.3,566542.167446234,4896499.80813279,hja2016_190,HJA-2016_soil_09,3,soil_detected,834,169,0.2026378896882494,19.35,4164.689695318529,FALSE,0,TRUE,TRUE,TRUE
hja2016_131,74,sediment,2,373,70,565310.221852481,4897724.75403567,hja2016_190,HJA-2016_soil_09,3,soil_detected,834,183,0.21942446043165467,19.63,5756.2063149296855,FALSE,0,TRUE,TRUE,TRUE
hja2016_132,84,sediment,4,112,622.7,566447.171641521,4900685.6232752,hja2016_190,HJA-2016_soil_09,3,soil_detected,834,188,0.22541966426858512,23.71,6760.40235881473,FALSE,0,TRUE,TRUE,TRUE
hja2016_133,161,sediment,5,51,5699.1,561109.407372482,4897170.77850081,hja2016_190,HJA-2016_soil_09,3,soil_detected,834,348,0.4172661870503597,35.8,9604.514044169222,TRUE,1,TRUE,TRUE,TRUE
hja2016_135,169,sediment,2,144,53.5,568641.074752475,4902527.5419308,hja2016_190,HJA-2016_soil_09,3,soil_detected,834,207,0.24820143884892087,25.39,7473.190038875502,FALSE,0,TRUE,TRUE,TRUE
hja2016_136,190,sediment,1,546,14.2,564169.272240084,4897881.7471024,hja2016_190,HJA-2016_soil_09,3,soil_detected,834,138,0.16546762589928057,16.13,6865.285619227525,FALSE,0,TRUE,FALSE,FALSE
hja2016_139,CC-2,sediment,2,183,63.6,569992.01509108,4897760.75244588,hja2016_190,HJA-2016_soil_09,3,soil_detected,834,154,0.18465227817745802,17.15,2521.8196688904827,FALSE,0,TRUE,TRUE,TRUE
hja2016_140,CC-3,sediment,2,183,63,570038.013059678,4897795.75090024,hja2016_190,HJA-2016_soil_09,3,soil_detected,834,145,0.17386091127098321,14.55,2546.752844993414,FALSE,0,TRUE,TRUE,TRUE
hja2016_141,CC-4,sediment,2,183,58.5,570162.007583724,4897831.74931045,hja2016_190,HJA-2016_soil_09,3,soil_detected,834,145,0.17386091127098321,17.7,2561.384698009736,FALSE,0,TRUE,TRUE,TRUE
hja2016_142,KC-1,sediment,3,362,114.7,562012.367495176,4896802.79475203,hja2016_190,HJA-2016_soil_09,3,soil_detected,834,135,0.1618705035971223,14.65,8649.083344288261,FALSE,0,TRUE,TRUE,TRUE
hja2016_144,KC-3,sediment,3,362,114,562000.368025107,4896680.80013966,hja2016_190,HJA-2016_soil_09,3,soil_detected,834,113,0.1354916067146283,15.79,8640.522612158884,FALSE,0,TRUE,TRUE,TRUE
hja2016_145,155,sediment,2,345,81.2,565811.199727862,4897652.75721525,hja2016_190,HJA-2016_soil_09,3,soil_detected,834,190,0.2278177458033573,19.77,5273.62763531838,TRUE,0.6666666666666666,FALSE,FALSE,FALSE
hja2016_146,156,sediment,5,24,2575.9,566141.185154761,4897558.76136638,hja2016_190,HJA-2016_soil_09,3,soil_detected,834,124,0.1486810551558753,13.75,4936.815689789386,TRUE,1,TRUE,TRUE,TRUE
hja2016_147,163,sediment,5,63,6126.6,559726.468447026,4896111.82526722,hja2016_190,HJA-2016_soil_09,3,soil_detected,834,344,0.41247002398081534,34.94,10833.565330464755,TRUE,1,TRUE,TRUE,TRUE
hja2016_148,165,sediment,2,494,27.9,564789.244860317,4900155.64668049,hja2016_190,HJA-2016_soil_09,3,soil_detected,834,168,0.2014388489208633,18,7520.414678914003,FALSE,0,TRUE,FALSE,FALSE
hja2016_150,53,sediment,3,78,280.7,568092.098996817,4898223.73199937,hja2016_190,HJA-2016_soil_09,3,soil_detected,834,132,0.15827338129496402,14.87,3808.7812784679686,FALSE,0,TRUE,TRUE,TRUE
hja2016_151,64,sediment,2,163,33.5,570527.99142083,4895508.85189625,hja2016_190,HJA-2016_soil_09,3,soil_detected,834,315,0.3776978417266187,31,212.0154697731951,FALSE,0,TRUE,FALSE,FALSE
hja2016_152,66,sediment,4,79,1360.7,567970.104384448,4898153.73509064,hja2016_190,HJA-2016_soil_09,3,soil_detected,834,100,0.11990407673860912,12.95,3835.558610146479,TRUE,1,TRUE,TRUE,TRUE
hja2016_155,82,sediment,2,536,36.6,564452.259742545,4899854.65997292,hja2016_190,HJA-2016_soil_09,3,soil_detected,834,165,0.19784172661870503,17.23,7596.35222693214,FALSE,0,TRUE,TRUE,TRUE
hja2016_157,43,sediment,1,538,7.8,567346.131940859,4898257.7304979,hja2016_190,HJA-2016_soil_09,3,soil_detected,834,116,0.13908872901678657,11.64,4347.37320275646,FALSE,0,TRUE,FALSE,FALSE
hja2016_159,49,sediment,5,40,3399.1,563281.311454976,4898046.73981585,hja2016_190,HJA-2016_soil_09,3,soil_detected,834,130,0.15587529976019185,14.86,7752.148003822669,TRUE,1,TRUE,TRUE,TRUE
hja2016_160,50,sediment,5,41,4956.4,563054.321479503,4898132.73601802,hja2016_190,HJA-2016_soil_09,3,soil_detected,834,76,0.09112709832134293,8.49,7994.881979135008,TRUE,1,TRUE,TRUE,TRUE
hja2016_031,161,hyporheic,5,51,5699.1,561109.407372482,4897170.77850081,hja2016_190,HJA-2016_soil_09,3,soil_detected,834,17,0.02038369304556355,5.42,9604.514044169222,TRUE,1,TRUE,TRUE,TRUE
hja2016_032,54,hyporheic,3,363,207.7,561802.376768968,4897363.76997776,hja2016_190,HJA-2016_soil_09,3,soil_detected,834,24,0.02877697841726619,5.86,8968.38929056266,FALSE,0,TRUE,TRUE,TRUE
hja2016_035,192,hyporheic,2,542,28.5,564620.252323511,4897836.74908965,hja2016_190,HJA-2016_soil_09,3,soil_detected,834,25,0.02997601918465228,5.67,6431.82706636904,FALSE,0,TRUE,TRUE,TRUE
hja2016_037,43,hyporheic,1,538,7.8,567346.131940859,4898257.7304979,hja2016_190,HJA-2016_soil_09,3,soil_detected,834,21,0.025179856115107913,5.06,4347.37320275646,FALSE,0,TRUE,FALSE,FALSE
hja2016_042,165,planktonic,2,494,27.9,564789.244860317,4900155.64668049,hja2016_190,HJA-2016_soil_09,3,soil_detected,834,8,0.009592326139088728,2.09,7520.414678914003,FALSE,0,TRUE,FALSE,FALSE
hja2016_043,KC-2,hyporheic,3,362,114.2,561999.368069268,4896735.79771081,hja2016_190,HJA-2016_soil_09,3,soil_detected,834,25,0.02997601918465228,6.81,8650.488006040332,FALSE,0,TRUE,TRUE,TRUE
hja2016_049,67,planktonic,4,83,1558.1,567119.141965387,4897968.74326041,hja2016_190,HJA-2016_soil_09,3,soil_detected,834,3,0.0035971223021582736,1.11,4332.260810070693,TRUE,1,TRUE,TRUE,TRUE
hja2016_050,165,hyporheic,2,494,27.9,564789.244860317,4900155.64668049,hja2016_190,HJA-2016_soil_09,3,soil_detected,834,43,0.05155875299760192,5.92,7520.414678914003,FALSE,0,TRUE,FALSE,FALSE
hja2016_052,163,hyporheic,5,63,6126.6,559726.468447026,4896111.82526722,hja2016_190,HJA-2016_soil_09,3,soil_detected,834,50,0.05995203836930456,6.51,10833.565330464755,TRUE,1,TRUE,TRUE,TRUE
hja2016_056,KC-1,hyporheic,3,362,114.7,562012.367495176,4896802.79475203,hja2016_190,HJA-2016_soil_09,3,soil_detected,834,62,0.07434052757793765,7.47,8649.083344288261,FALSE,0,TRUE,TRUE,TRUE
hja2016_057,71,hyporheic,3,556,101.7,562662.338790582,4897988.74237719,hja2016_190,HJA-2016_soil_09,3,soil_detected,834,20,0.023980815347721823,4.75,8314.804442049102,FALSE,0,TRUE,TRUE,TRUE
hja2016_059,KC-2,planktonic,3,362,114.2,561999.368069268,4896735.79771081,hja2016_190,HJA-2016_soil_09,3,soil_detected,834,34,0.0407673860911271,6.98,8650.488006040332,FALSE,0,TRUE,TRUE,TRUE
hja2016_062,WS3-3,hyporheic,2,511,93.4,560639.428128111,4896408.81215143,hja2016_190,HJA-2016_soil_09,3,soil_detected,834,52,0.06235011990407674,4.85,9952.223348983513,FALSE,0,TRUE,TRUE,TRUE
hja2016_064,WS3-4,planktonic,2,510,81.3,560692.425787583,4896348.81480109,hja2016_190,HJA-2016_soil_09,3,soil_detected,834,30,0.03597122302158273,5.26,9892.999719307956,FALSE,0,TRUE,TRUE,TRUE
hja2016_099,162,planktonic,5,66,6208.4,559348.485139852,4895468.85366269,hja2016_190,HJA-2016_soil_09,3,soil_detected,834,25,0.02997601918465228,1.63,11182.173519774584,TRUE,1,TRUE,TRUE,TRUE
hja2016_100,64,planktonic,2,163,33.5,570527.99142083,4895508.85189625,hja2016_190,HJA-2016_soil_09,3,soil_detected,834,13,0.015587529976019185,1.09,212.0154697731951,FALSE,0,TRUE,FALSE,FALSE
hja2016_101,58,planktonic,3,385,67.2,566998.147308857,4898497.71989928,hja2016_190,HJA-2016_soil_09,3,soil_detected,834,12,0.014388489208633094,1.09,4766.017017247842,FALSE,0,TRUE,TRUE,TRUE
hja2016_102,73,hyporheic,2,255,137,566310.177691566,4896786.79545861,hja2016_190,HJA-2016_soil_09,3,soil_detected,834,18,0.02158273381294964,1.69,4474.5120802368565,FALSE,0,TRUE,TRUE,TRUE
hja2016_103,260,planktonic,4,23,866.1,566425.172613061,4897456.76587079,hja2016_190,HJA-2016_soil_09,3,soil_detected,834,39,0.046762589928057555,4.31,4637.826032708156,TRUE,0.6666666666666666,FALSE,FALSE,FALSE
hja2016_105,178,planktonic,2,411,19.9,566185.18321168,4901793.57434491,hja2016_190,HJA-2016_soil_09,3,soil_detected,834,25,0.02997601918465228,1.99,7815.318794547215,FALSE,0,TRUE,TRUE,TRUE
hja2016_106,170,planktonic,2,229,49.4,570659.985591589,4896908.79007097,hja2016_190,HJA-2016_soil_09,3,soil_detected,834,3,0.0035971223021582736,0.39,1617.235371133611,FALSE,0,TRUE,FALSE,FALSE
hja2016_107,57,hyporheic,4,131,1488.8,563668.294364702,4898599.71539487,hja2016_190,HJA-2016_soil_09,3,soil_detected,834,20,0.023980815347721823,1.64,7614.648228569735,FALSE,0,TRUE,TRUE,TRUE
hja2016_109,169,planktonic,2,144,53.5,568641.074752475,4902527.5419308,hja2016_190,HJA-2016_soil_09,3,soil_detected,834,18,0.02158273381294964,1.72,7473.190038875502,FALSE,0,TRUE,TRUE,TRUE
hja2016_110,76,hyporheic,3,150,303.5,570464.994202967,4896947.7883487,hja2016_190,HJA-2016_soil_09,3,soil_detected,834,14,0.016786570743405275,1.68,1652.200953596933,TRUE,1,TRUE,TRUE,TRUE
hja2016_111,160,planktonic,5,24,2569.5,566416.173010509,4897492.764281,hja2016_190,HJA-2016_soil_09,3,soil_detected,834,24,0.02877697841726619,2.15,4662.637301388792,TRUE,1,TRUE,TRUE,TRUE
hja2016_114,WS1-5,planktonic,2,522,87.9,559517.477676657,4895016.87362342,hja2016_190,HJA-2016_soil_09,3,soil_detected,834,20,0.023980815347721823,1.51,11015.416271937751,FALSE,0,TRUE,TRUE,TRUE
hja2016_116,53,planktonic,3,78,280.7,568092.098996817,4898223.73199937,hja2016_190,HJA-2016_soil_09,3,soil_detected,834,23,0.027577937649880094,2.09,3808.7812784679686,FALSE,0,TRUE,TRUE,TRUE
hja2016_119,56,planktonic,3,321,99.5,562839.3309741,4897811.75019367,hja2016_190,HJA-2016_soil_09,3,soil_detected,834,41,0.049160671462829736,3.8,8090.793557318609,FALSE,0,TRUE,TRUE,TRUE
hja2016_121,84,hyporheic,4,112,622.7,566447.171641521,4900685.6232752,hja2016_190,HJA-2016_soil_09,3,soil_detected,834,3,0.0035971223021582736,0.33,6760.40235881473,FALSE,0,TRUE,TRUE,TRUE
hja2016_122,45,sediment,3,390,193.2,565977.192397151,4897892.74661664,hja2016_190,HJA-2016_soil_09,3,soil_detected,834,130,0.15587529976019185,14.88,5240.299131461351,FALSE,0,TRUE,TRUE,TRUE
hja2016_125,56,sediment,3,321,99.5,562839.3309741,4897811.75019367,hja2016_190,HJA-2016_soil_09,3,soil_detected,834,134,0.1606714628297362,15.52,8090.793557318609,FALSE,0,TRUE,TRUE,TRUE
hja2016_164,260,sediment,4,23,866.1,566425.172613061,4897456.76587079,hja2016_190,HJA-2016_soil_09,3,soil_detected,834,141,0.16906474820143885,16.99,4637.826032708156,TRUE,0.6666666666666666,FALSE,FALSE,FALSE
hja2016_166,57,sediment,4,131,1488.8,563668.294364702,4898599.71539487,hja2016_190,HJA-2016_soil_09,3,soil_detected,834,69,0.08273381294964029,8.14,7614.648228569735,FALSE,0,TRUE,TRUE,TRUE
hja2016_167,WS3-1,sediment,2,511,96.4,560508.433913191,4896516.80738205,hja2016_190,HJA-2016_soil_09,3,soil_detected,834,331,0.39688249400479614,34.52,10094.889231265372,FALSE,0,TRUE,TRUE,TRUE
hja2016_169,WS3-2,sediment,2,511,95.7,560554.431881789,4896487.80866272,hja2016_190,HJA-2016_soil_09,3,soil_detected,834,335,0.40167865707434053,34.09,10045.750750843794,FALSE,0,TRUE,TRUE,TRUE
hja2016_170,WS3-3,sediment,2,511,93.4,560639.428128111,4896408.81215143,hja2016_190,HJA-2016_soil_09,3,soil_detected,834,109,0.13069544364508393,11.41,9952.223348983513,FALSE,0,TRUE,TRUE,TRUE
hja2016_177,WS1-3,sediment,2,522,92.1,559404.482666841,4895069.8712829,hja2016_190,HJA-2016_soil_09,3,soil_detected,834,198,0.23741007194244604,23.6,11127.167970767903,FALSE,0,TRUE,TRUE,TRUE
hja2016_179,WS1-5,sediment,2,522,87.9,559517.477676657,4895016.87362342,hja2016_190,HJA-2016_soil_09,3,soil_detected,834,147,0.17625899280575538,15.95,11015.416271937751,FALSE,0,TRUE,TRUE,TRUE
hja2016_180,WS1-6,sediment,2,522,82.7,559631.472642313,4894993.87463913,hja2016_190,HJA-2016_soil_09,3,soil_detected,834,68,0.0815347721822542,8.37,10902.073410267192,FALSE,0,TRUE,TRUE,TRUE
hja2016_181,177,sediment,1,452,14.8,565808.199860345,4901620.58198475,hja2016_190,HJA-2016_soil_09,3,soil_detected,834,118,0.14148681055155876,11.81,7891.693500778309,FALSE,0,TRUE,TRUE,TRUE
hja2016_001,50,planktonic,5,41,4956.4,563054.321479503,4898132.73601802,hja2016_190,HJA-2016_soil_09,3,soil_enriched,472,1,0.00211864406779661,0.49,7994.881979135008,TRUE,1,TRUE,TRUE,TRUE
hja2016_008,WS3-1,hyporheic,2,511,96.4,560508.433913191,4896516.80738205,hja2016_190,HJA-2016_soil_09,3,soil_enriched,472,9,0.019067796610169493,1.05,10094.889231265372,FALSE,0,TRUE,TRUE,TRUE
hja2016_009,60,hyporheic,2,316,43.1,567391.129953618,4898693.71124374,hja2016_190,HJA-2016_soil_09,3,soil_enriched,472,4,0.00847457627118644,0.54,4624.615012900711,FALSE,0,TRUE,FALSE,FALSE
hja2016_010,164,planktonic,3,502,60.8,560307.442789535,4895737.8417834,hja2016_190,HJA-2016_soil_09,3,soil_enriched,472,0,0,0,10231.40136143127,FALSE,0,TRUE,TRUE,TRUE
hja2016_011,WS1-6,planktonic,2,522,82.7,559631.472642313,4894993.87463913,hja2016_190,HJA-2016_soil_09,3,soil_enriched,472,9,0.019067796610169493,0.84,10902.073410267192,FALSE,0,TRUE,TRUE,TRUE
hja2016_013,WS1-4,planktonic,2,522,89.8,559453.480502956,4895042.87247524,hja2016_190,HJA-2016_soil_09,3,soil_enriched,472,8,0.01694915254237288,0.78,11078.766408852149,FALSE,0,TRUE,TRUE,TRUE
hja2016_014,WS1-6,hyporheic,2,522,82.7,559631.472642313,4894993.87463913,hja2016_190,HJA-2016_soil_09,3,soil_enriched,472,3,0.006355932203389831,0.55,10902.073410267192,FALSE,0,TRUE,TRUE,TRUE
hja2016_015,47,hyporheic,4,134,1550.1,563254.31264732,4898130.73610634,hja2016_190,HJA-2016_soil_09,3,soil_enriched,472,1,0.00211864406779661,0.47,7807.491380407746,FALSE,0,TRUE,TRUE,TRUE
hja2016_016,74,hyporheic,2,373,70,565310.221852481,4897724.75403567,hja2016_190,HJA-2016_soil_09,3,soil_enriched,472,1,0.00211864406779661,0.05,5756.2063149296855,FALSE,0,TRUE,TRUE,TRUE
hja2016_018,WS1-5,hyporheic,2,522,87.9,559517.477676657,4895016.87362342,hja2016_190,HJA-2016_soil_09,3,soil_enriched,472,5,0.01059322033898305,0.38,11015.416271937751,FALSE,0,TRUE,TRUE,TRUE
hja2016_019,155,hyporheic,2,345,81.2,565811.199727862,4897652.75721525,hja2016_190,HJA-2016_soil_09,3,soil_enriched,472,12,0.025423728813559324,2.4,5273.62763531838,TRUE,0.6666666666666666,FALSE,FALSE,FALSE
hja2016_020,WS1-2,hyporheic,2,522,93.6,559354.484874886,4895103.86978142,hja2016_190,HJA-2016_soil_09,3,soil_enriched,472,8,0.01694915254237288,0.86,11176.516704681717,FALSE,0,TRUE,TRUE,TRUE
hja2016_021,156,hyporheic,5,24,2575.9,566141.185154761,4897558.76136638,hja2016_190,HJA-2016_soil_09,3,soil_enriched,472,4,0.00847457627118644,0.88,4936.815689789386,TRUE,1,TRUE,TRUE,TRUE
hja2016_027,WS3-6,planktonic,2,510,78.4,560819.420179147,4896235.81979127,hja2016_190,HJA-2016_soil_09,3,soil_enriched,472,5,0.01059322033898305,0.63,9755.210838315252,FALSE,0,TRUE,TRUE,TRUE
hja2016_065,68,hyporheic,5,30,3032.2,565145.229139031,4897899.74630751,hja2016_190,HJA-2016_soil_09,3,soil_enriched,472,17,0.036016949152542374,1.86,5980.277555558904,TRUE,1,TRUE,TRUE,TRUE
hja2016_066,49,hyporheic,5,40,3399.1,563281.311454976,4898046.73981585,hja2016_190,HJA-2016_soil_09,3,soil_enriched,472,9,0.019067796610169493,1.04,7752.148003822669,TRUE,1,TRUE,TRUE,TRUE
hja2016_070,56,hyporheic,3,321,99.5,562839.3309741,4897811.75019367,hja2016_190,HJA-2016_soil_09,3,soil_enriched,472,7,0.014830508474576272,1.08,8090.793557318609,FALSE,0,TRUE,TRUE,TRUE
hja2016_071,164,hyporheic,3,502,60.8,560307.442789535,4895737.8417834,hja2016_190,HJA-2016_soil_09,3,soil_enriched,472,10,0.0211864406779661,0.92,10231.40136143127,FALSE,0,TRUE,TRUE,TRUE
hja2016_075,260,hyporheic,4,23,866.1,566425.172613061,4897456.76587079,hja2016_190,HJA-2016_soil_09,3,soil_enriched,472,8,0.01694915254237288,1.31,4637.826032708156,TRUE,0.6666666666666666,FALSE,FALSE,FALSE
hja2016_078,CC-1,hyporheic,2,183,64,569956.016680872,4897740.75332909,hja2016_190,HJA-2016_soil_09,3,soil_enriched,472,8,0.01694915254237288,1.24,2510.2596558967384,FALSE,0,TRUE,TRUE,TRUE
hja2016_079,64,hyporheic,2,163,33.5,570527.99142083,4895508.85189625,hja2016_190,HJA-2016_soil_09,3,soil_enriched,472,18,0.038135593220338986,1.96,212.0154697731951,FALSE,0,TRUE,FALSE,FALSE
hja2016_084,177,hyporheic,1,452,14.8,565808.199860345,4901620.58198475,hja2016_190,HJA-2016_soil_09,3,soil_enriched,472,7,0.014830508474576272,0.93,7891.693500778309,FALSE,0,TRUE,TRUE,TRUE
hja2016_127,60,sediment,2,316,43.1,567391.129953618,4898693.71124374,hja2016_190,HJA-2016_soil_09,3,soil_enriched,472,17,0.036016949152542374,1.42,4624.615012900711,FALSE,0,TRUE,FALSE,FALSE
hja2016_129,72,sediment,4,16,568.3,566542.167446234,4896499.80813279,hja2016_190,HJA-2016_soil_09,3,soil_enriched,472,46,0.09745762711864407,4.94,4164.689695318529,FALSE,0,TRUE,TRUE,TRUE
hja2016_131,74,sediment,2,373,70,565310.221852481,4897724.75403567,hja2016_190,HJA-2016_soil_09,3,soil_enriched,472,46,0.09745762711864407,5.02,5756.2063149296855,FALSE,0,TRUE,TRUE,TRUE
hja2016_132,84,sediment,4,112,622.7,566447.171641521,4900685.6232752,hja2016_190,HJA-2016_soil_09,3,soil_enriched,472,35,0.07415254237288135,4.03,6760.40235881473,FALSE,0,TRUE,TRUE,TRUE
hja2016_133,161,sediment,5,51,5699.1,561109.407372482,4897170.77850081,hja2016_190,HJA-2016_soil_09,3,soil_enriched,472,143,0.3029661016949153,13.45,9604.514044169222,TRUE,1,TRUE,TRUE,TRUE
hja2016_135,169,sediment,2,144,53.5,568641.074752475,4902527.5419308,hja2016_190,HJA-2016_soil_09,3,soil_enriched,472,44,0.09322033898305085,4.76,7473.190038875502,FALSE,0,TRUE,TRUE,TRUE
hja2016_136,190,sediment,1,546,14.2,564169.272240084,4897881.7471024,hja2016_190,HJA-2016_soil_09,3,soil_enriched,472,33,0.06991525423728813,3.08,6865.285619227525,FALSE,0,TRUE,FALSE,FALSE
hja2016_139,CC-2,sediment,2,183,63.6,569992.01509108,4897760.75244588,hja2016_190,HJA-2016_soil_09,3,soil_enriched,472,40,0.0847457627118644,4.2,2521.8196688904827,FALSE,0,TRUE,TRUE,TRUE
hja2016_140,CC-3,sediment,2,183,63,570038.013059678,4897795.75090024,hja2016_190,HJA-2016_soil_09,3,soil_enriched,472,36,0.07627118644067797,3.08,2546.752844993414,FALSE,0,TRUE,TRUE,TRUE
hja2016_141,CC-4,sediment,2,183,58.5,570162.007583724,4897831.74931045,hja2016_190,HJA-2016_soil_09,3,soil_enriched,472,39,0.0826271186440678,3.47,2561.384698009736,FALSE,0,TRUE,TRUE,TRUE
hja2016_142,KC-1,sediment,3,362,114.7,562012.367495176,4896802.79475203,hja2016_190,HJA-2016_soil_09,3,soil_enriched,472,35,0.07415254237288135,2.56,8649.083344288261,FALSE,0,TRUE,TRUE,TRUE
hja2016_144,KC-3,sediment,3,362,114,562000.368025107,4896680.80013966,hja2016_190,HJA-2016_soil_09,3,soil_enriched,472,22,0.046610169491525424,2.51,8640.522612158884,FALSE,0,TRUE,TRUE,TRUE
hja2016_145,155,sediment,2,345,81.2,565811.199727862,4897652.75721525,hja2016_190,HJA-2016_soil_09,3,soil_enriched,472,51,0.10805084745762712,4.54,5273.62763531838,TRUE,0.6666666666666666,FALSE,FALSE,FALSE
hja2016_146,156,sediment,5,24,2575.9,566141.185154761,4897558.76136638,hja2016_190,HJA-2016_soil_09,3,soil_enriched,472,25,0.05296610169491525,2.41,4936.815689789386,TRUE,1,TRUE,TRUE,TRUE
hja2016_147,163,sediment,5,63,6126.6,559726.468447026,4896111.82526722,hja2016_190,HJA-2016_soil_09,3,soil_enriched,472,138,0.2923728813559322,13.06,10833.565330464755,TRUE,1,TRUE,TRUE,TRUE
hja2016_148,165,sediment,2,494,27.9,564789.244860317,4900155.64668049,hja2016_190,HJA-2016_soil_09,3,soil_enriched,472,43,0.09110169491525423,4.32,7520.414678914003,FALSE,0,TRUE,FALSE,FALSE
hja2016_150,53,sediment,3,78,280.7,568092.098996817,4898223.73199937,hja2016_190,HJA-2016_soil_09,3,soil_enriched,472,29,0.0614406779661017,2.62,3808.7812784679686,FALSE,0,TRUE,TRUE,TRUE
hja2016_151,64,sediment,2,163,33.5,570527.99142083,4895508.85189625,hja2016_190,HJA-2016_soil_09,3,soil_enriched,472,127,0.2690677966101695,11.54,212.0154697731951,FALSE,0,TRUE,FALSE,FALSE
hja2016_152,66,sediment,4,79,1360.7,567970.104384448,4898153.73509064,hja2016_190,HJA-2016_soil_09,3,soil_enriched,472,20,0.0423728813559322,2.15,3835.558610146479,TRUE,1,TRUE,TRUE,TRUE
hja2016_155,82,sediment,2,536,36.6,564452.259742545,4899854.65997292,hja2016_190,HJA-2016_soil_09,3,soil_enriched,472,44,0.09322033898305085,4.34,7596.35222693214,FALSE,0,TRUE,TRUE,TRUE
hja2016_157,43,sediment,1,538,7.8,567346.131940859,4898257.7304979,hja2016_190,HJA-2016_soil_09,3,soil_enriched,472,21,0.04449152542372881,1.91,4347.37320275646,FALSE,0,TRUE,FALSE,FALSE
hja2016_159,49,sediment,5,40,3399.1,563281.311454976,4898046.73981585,hja2016_190,HJA-2016_soil_09,3,soil_enriched,472,26,0.05508474576271186,2.27,7752.148003822669,TRUE,1,TRUE,TRUE,TRUE
hja2016_160,50,sediment,5,41,4956.4,563054.321479503,4898132.73601802,hja2016_190,HJA-2016_soil_09,3,soil_enriched,472,5,0.01059322033898305,0.92,7994.881979135008,TRUE,1,TRUE,TRUE,TRUE
hja2016_031,161,hyporheic,5,51,5699.1,561109.407372482,4897170.77850081,hja2016_190,HJA-2016_soil_09,3,soil_enriched,472,2,0.00423728813559322,0.37,9604.514044169222,TRUE,1,TRUE,TRUE,TRUE
hja2016_032,54,hyporheic,3,363,207.7,561802.376768968,4897363.76997776,hja2016_190,HJA-2016_soil_09,3,soil_enriched,472,8,0.01694915254237288,0.96,8968.38929056266,FALSE,0,TRUE,TRUE,TRUE
hja2016_035,192,hyporheic,2,542,28.5,564620.252323511,4897836.74908965,hja2016_190,HJA-2016_soil_09,3,soil_enriched,472,5,0.01059322033898305,0.86,6431.82706636904,FALSE,0,TRUE,TRUE,TRUE
hja2016_037,43,hyporheic,1,538,7.8,567346.131940859,4898257.7304979,hja2016_190,HJA-2016_soil_09,3,soil_enriched,472,0,0,0,4347.37320275646,FALSE,0,TRUE,FALSE,FALSE
hja2016_042,165,planktonic,2,494,27.9,564789.244860317,4900155.64668049,hja2016_190,HJA-2016_soil_09,3,soil_enriched,472,1,0.00211864406779661,0.07,7520.414678914003,FALSE,0,TRUE,FALSE,FALSE
hja2016_043,KC-2,hyporheic,3,362,114.2,561999.368069268,4896735.79771081,hja2016_190,HJA-2016_soil_09,3,soil_enriched,472,6,0.012711864406779662,1.21,8650.488006040332,FALSE,0,TRUE,TRUE,TRUE
hja2016_049,67,planktonic,4,83,1558.1,567119.141965387,4897968.74326041,hja2016_190,HJA-2016_soil_09,3,soil_enriched,472,1,0.00211864406779661,0.06,4332.260810070693,TRUE,1,TRUE,TRUE,TRUE
hja2016_050,165,hyporheic,2,494,27.9,564789.244860317,4900155.64668049,hja2016_190,HJA-2016_soil_09,3,soil_enriched,472,9,0.019067796610169493,0.82,7520.414678914003,FALSE,0,TRUE,FALSE,FALSE
hja2016_052,163,hyporheic,5,63,6126.6,559726.468447026,4896111.82526722,hja2016_190,HJA-2016_soil_09,3,soil_enriched,472,8,0.01694915254237288,0.57,10833.565330464755,TRUE,1,TRUE,TRUE,TRUE
hja2016_056,KC-1,hyporheic,3,362,114.7,562012.367495176,4896802.79475203,hja2016_190,HJA-2016_soil_09,3,soil_enriched,472,9,0.019067796610169493,0.74,8649.083344288261,FALSE,0,TRUE,TRUE,TRUE
hja2016_057,71,hyporheic,3,556,101.7,562662.338790582,4897988.74237719,hja2016_190,HJA-2016_soil_09,3,soil_enriched,472,2,0.00423728813559322,0.62,8314.804442049102,FALSE,0,TRUE,TRUE,TRUE
hja2016_059,KC-2,planktonic,3,362,114.2,561999.368069268,4896735.79771081,hja2016_190,HJA-2016_soil_09,3,soil_enriched,472,6,0.012711864406779662,1.46,8650.488006040332,FALSE,0,TRUE,TRUE,TRUE
hja2016_062,WS3-3,hyporheic,2,511,93.4,560639.428128111,4896408.81215143,hja2016_190,HJA-2016_soil_09,3,soil_enriched,472,11,0.023305084745762712,0.96,9952.223348983513,FALSE,0,TRUE,TRUE,TRUE
hja2016_064,WS3-4,planktonic,2,510,81.3,560692.425787583,4896348.81480109,hja2016_190,HJA-2016_soil_09,3,soil_enriched,472,5,0.01059322033898305,0.91,9892.999719307956,FALSE,0,TRUE,TRUE,TRUE
hja2016_099,162,planktonic,5,66,6208.4,559348.485139852,4895468.85366269,hja2016_190,HJA-2016_soil_09,3,soil_enriched,472,4,0.00847457627118644,0.32,11182.173519774584,TRUE,1,TRUE,TRUE,TRUE
hja2016_100,64,planktonic,2,163,33.5,570527.99142083,4895508.85189625,hja2016_190,HJA-2016_soil_09,3,soil_enriched,472,5,0.01059322033898305,0.21,212.0154697731951,FALSE,0,TRUE,FALSE,FALSE
hja2016_101,58,planktonic,3,385,67.2,566998.147308857,4898497.71989928,hja2016_190,HJA-2016_soil_09,3,soil_enriched,472,3,0.006355932203389831,0.22,4766.017017247842,FALSE,0,TRUE,TRUE,TRUE
hja2016_102,73,hyporheic,2,255,137,566310.177691566,4896786.79545861,hja2016_190,HJA-2016_soil_09,3,soil_enriched,472,3,0.006355932203389831,0.32,4474.5120802368565,FALSE,0,TRUE,TRUE,TRUE
hja2016_103,260,planktonic,4,23,866.1,566425.172613061,4897456.76587079,hja2016_190,HJA-2016_soil_09,3,soil_enriched,472,5,0.01059322033898305,0.67,4637.826032708156,TRUE,0.6666666666666666,FALSE,FALSE,FALSE
hja2016_105,178,planktonic,2,411,19.9,566185.18321168,4901793.57434491,hja2016_190,HJA-2016_soil_09,3,soil_enriched,472,6,0.012711864406779662,0.5,7815.318794547215,FALSE,0,TRUE,TRUE,TRUE
hja2016_106,170,planktonic,2,229,49.4,570659.985591589,4896908.79007097,hja2016_190,HJA-2016_soil_09,3,soil_enriched,472,1,0.00211864406779661,0.07,1617.235371133611,FALSE,0,TRUE,FALSE,FALSE
hja2016_107,57,hyporheic,4,131,1488.8,563668.294364702,4898599.71539487,hja2016_190,HJA-2016_soil_09,3,soil_enriched,472,4,0.00847457627118644,0.38,7614.648228569735,FALSE,0,TRUE,TRUE,TRUE
hja2016_109,169,planktonic,2,144,53.5,568641.074752475,4902527.5419308,hja2016_190,HJA-2016_soil_09,3,soil_enriched,472,4,0.00847457627118644,0.47,7473.190038875502,FALSE,0,TRUE,TRUE,TRUE
hja2016_110,76,hyporheic,3,150,303.5,570464.994202967,4896947.7883487,hja2016_190,HJA-2016_soil_09,3,soil_enriched,472,3,0.006355932203389831,0.37,1652.200953596933,TRUE,1,TRUE,TRUE,TRUE
hja2016_111,160,planktonic,5,24,2569.5,566416.173010509,4897492.764281,hja2016_190,HJA-2016_soil_09,3,soil_enriched,472,7,0.014830508474576272,0.43,4662.637301388792,TRUE,1,TRUE,TRUE,TRUE
hja2016_114,WS1-5,planktonic,2,522,87.9,559517.477676657,4895016.87362342,hja2016_190,HJA-2016_soil_09,3,soil_enriched,472,3,0.006355932203389831,0.29,11015.416271937751,FALSE,0,TRUE,TRUE,TRUE
hja2016_116,53,planktonic,3,78,280.7,568092.098996817,4898223.73199937,hja2016_190,HJA-2016_soil_09,3,soil_enriched,472,5,0.01059322033898305,0.5,3808.7812784679686,FALSE,0,TRUE,TRUE,TRUE
hja2016_119,56,planktonic,3,321,99.5,562839.3309741,4897811.75019367,hja2016_190,HJA-2016_soil_09,3,soil_enriched,472,7,0.014830508474576272,0.61,8090.793557318609,FALSE,0,TRUE,TRUE,TRUE
hja2016_121,84,hyporheic,4,112,622.7,566447.171641521,4900685.6232752,hja2016_190,HJA-2016_soil_09,3,soil_enriched,472,1,0.00211864406779661,0.1,6760.40235881473,FALSE,0,TRUE,TRUE,TRUE
hja2016_122,45,sediment,3,390,193.2,565977.192397151,4897892.74661664,hja2016_190,HJA-2016_soil_09,3,soil_enriched,472,23,0.048728813559322036,2.06,5240.299131461351,FALSE,0,TRUE,TRUE,TRUE
hja2016_125,56,sediment,3,321,99.5,562839.3309741,4897811.75019367,hja2016_190,HJA-2016_soil_09,3,soil_enriched,472,28,0.059322033898305086,2.51,8090.793557318609,FALSE,0,TRUE,TRUE,TRUE
hja2016_164,260,sediment,4,23,866.1,566425.172613061,4897456.76587079,hja2016_190,HJA-2016_soil_09,3,soil_enriched,472,31,0.06567796610169492,3.67,4637.826032708156,TRUE,0.6666666666666666,FALSE,FALSE,FALSE
hja2016_166,57,sediment,4,131,1488.8,563668.294364702,4898599.71539487,hja2016_190,HJA-2016_soil_09,3,soil_enriched,472,8,0.01694915254237288,1.01,7614.648228569735,FALSE,0,TRUE,TRUE,TRUE
hja2016_167,WS3-1,sediment,2,511,96.4,560508.433913191,4896516.80738205,hja2016_190,HJA-2016_soil_09,3,soil_enriched,472,133,0.2817796610169492,12.43,10094.889231265372,FALSE,0,TRUE,TRUE,TRUE
hja2016_169,WS3-2,sediment,2,511,95.7,560554.431881789,4896487.80866272,hja2016_190,HJA-2016_soil_09,3,soil_enriched,472,134,0.2838983050847458,12.4,10045.750750843794,FALSE,0,TRUE,TRUE,TRUE
hja2016_170,WS3-3,sediment,2,511,93.4,560639.428128111,4896408.81215143,hja2016_190,HJA-2016_soil_09,3,soil_enriched,472,24,0.05084745762711865,2.41,9952.223348983513,FALSE,0,TRUE,TRUE,TRUE
hja2016_177,WS1-3,sediment,2,522,92.1,559404.482666841,4895069.8712829,hja2016_190,HJA-2016_soil_09,3,soil_enriched,472,52,0.11016949152542373,4.49,11127.167970767903,FALSE,0,TRUE,TRUE,TRUE
hja2016_179,WS1-5,sediment,2,522,87.9,559517.477676657,4895016.87362342,hja2016_190,HJA-2016_soil_09,3,soil_enriched,472,30,0.0635593220338983,2.93,11015.416271937751,FALSE,0,TRUE,TRUE,TRUE
hja2016_180,WS1-6,sediment,2,522,82.7,559631.472642313,4894993.87463913,hja2016_190,HJA-2016_soil_09,3,soil_enriched,472,6,0.012711864406779662,1.13,10902.073410267192,FALSE,0,TRUE,TRUE,TRUE
hja2016_181,177,sediment,1,452,14.8,565808.199860345,4901620.58198475,hja2016_190,HJA-2016_soil_09,3,soil_enriched,472,19,0.04025423728813559,2.21,7891.693500778309,FALSE,0,TRUE,TRUE,TRUE
hja2016_001,50,planktonic,5,41,4956.4,563054.321479503,4898132.73601802,hja2016_191,HJA-2016_soil_10,3,soil_detected,687,4,0.005822416302765648,1.47,7608.10520377801,TRUE,0.8888888888888888,FALSE,TRUE,FALSE
hja2016_008,WS3-1,hyporheic,2,511,96.4,560508.433913191,4896516.80738205,hja2016_191,HJA-2016_soil_10,3,soil_detected,687,12,0.017467248908296942,2.35,10607.207692616097,FALSE,0,TRUE,TRUE,TRUE
hja2016_009,60,hyporheic,2,316,43.1,567391.129953618,4898693.71124374,hja2016_191,HJA-2016_soil_10,3,soil_detected,687,20,0.02911208151382824,7.19,4541.585714625101,FALSE,0,TRUE,FALSE,FALSE
hja2016_010,164,planktonic,3,502,60.8,560307.442789535,4895737.8417834,hja2016_191,HJA-2016_soil_10,3,soil_detected,687,4,0.005822416302765648,1.82,11251.394621212547,FALSE,0,TRUE,TRUE,TRUE
hja2016_011,WS1-6,planktonic,2,522,82.7,559631.472642313,4894993.87463913,hja2016_191,HJA-2016_soil_10,3,soil_detected,687,20,0.02911208151382824,2.11,12248.13346409912,FALSE,0,TRUE,TRUE,TRUE
hja2016_013,WS1-4,planktonic,2,522,89.8,559453.480502956,4895042.87247524,hja2016_191,HJA-2016_soil_10,3,soil_detected,687,20,0.02911208151382824,4.02,12352.30187753053,FALSE,0,TRUE,TRUE,TRUE
hja2016_014,WS1-6,hyporheic,2,522,82.7,559631.472642313,4894993.87463913,hja2016_191,HJA-2016_soil_10,3,soil_detected,687,12,0.017467248908296942,4.8,12248.13346409912,FALSE,0,TRUE,TRUE,TRUE
hja2016_015,47,hyporheic,4,134,1550.1,563254.31264732,4898130.73610634,hja2016_191,HJA-2016_soil_10,3,soil_detected,687,5,0.00727802037845706,1.49,7456.055798045585,TRUE,0.8888888888888888,FALSE,TRUE,FALSE
hja2016_016,74,hyporheic,2,373,70,565310.221852481,4897724.75403567,hja2016_191,HJA-2016_soil_10,3,soil_detected,687,3,0.004366812227074236,0.39,6370.024803814588,FALSE,0,TRUE,TRUE,TRUE
hja2016_018,WS1-5,hyporheic,2,522,87.9,559517.477676657,4895016.87362342,hja2016_191,HJA-2016_soil_10,3,soil_detected,687,16,0.023289665211062592,1.72,12320.037844117269,FALSE,0,TRUE,TRUE,TRUE
hja2016_019,155,hyporheic,2,345,81.2,565811.199727862,4897652.75721525,hja2016_191,HJA-2016_soil_10,3,soil_detected,687,21,0.03056768558951965,3.85,6161.347224576549,FALSE,0,TRUE,FALSE,FALSE
hja2016_020,WS1-2,hyporheic,2,522,93.6,559354.484874886,4895103.86978142,hja2016_191,HJA-2016_soil_10,3,soil_detected,687,22,0.03202328966521106,2.84,12389.604183057578,FALSE,0,TRUE,TRUE,TRUE
hja2016_021,156,hyporheic,5,24,2575.9,566141.185154761,4897558.76136638,hja2016_191,HJA-2016_soil_10,3,soil_detected,687,5,0.00727802037845706,1.27,6084.503380435244,FALSE,0,TRUE,TRUE,TRUE
hja2016_027,WS3-6,planktonic,2,510,78.4,560819.420179147,4896235.81979127,hja2016_191,HJA-2016_soil_10,3,soil_detected,687,7,0.010189228529839884,1.23,10539.25382754138,FALSE,0,TRUE,TRUE,TRUE
hja2016_065,68,hyporheic,5,30,3032.2,565145.229139031,4897899.74630751,hja2016_191,HJA-2016_soil_10,3,soil_detected,687,24,0.034934497816593885,4.41,6324.126517014101,FALSE,0,TRUE,TRUE,TRUE
hja2016_066,49,hyporheic,5,40,3399.1,563281.311454976,4898046.73981585,hja2016_191,HJA-2016_soil_10,3,soil_detected,687,24,0.034934497816593885,2.82,7490.431877283785,FALSE,0,TRUE,TRUE,TRUE
hja2016_070,56,hyporheic,3,321,99.5,562839.3309741,4897811.75019367,hja2016_191,HJA-2016_soil_10,3,soil_detected,687,14,0.020378457059679767,2.76,7978.84752273846,FALSE,0,TRUE,TRUE,TRUE
hja2016_071,164,hyporheic,3,502,60.8,560307.442789535,4895737.8417834,hja2016_191,HJA-2016_soil_10,3,soil_detected,687,24,0.034934497816593885,2.21,11251.394621212547,FALSE,0,TRUE,TRUE,TRUE
hja2016_075,260,hyporheic,4,23,866.1,566425.172613061,4897456.76587079,hja2016_191,HJA-2016_soil_10,3,soil_detected,687,12,0.017467248908296942,1.92,6052.433427544388,FALSE,0,TRUE,FALSE,FALSE
hja2016_078,CC-1,hyporheic,2,183,64,569956.016680872,4897740.75332909,hja2016_191,HJA-2016_soil_10,3,soil_detected,687,15,0.021834061135371178,2.59,5326.107003601732,FALSE,0,TRUE,TRUE,TRUE
hja2016_079,64,hyporheic,2,163,33.5,570527.99142083,4895508.85189625,hja2016_191,HJA-2016_soil_10,3,soil_detected,687,23,0.033478893740902474,3.85,7627.53390664776,FALSE,0,TRUE,FALSE,FALSE
hja2016_084,177,hyporheic,1,452,14.8,565808.199860345,4901620.58198475,hja2016_191,HJA-2016_soil_10,3,soil_detected,687,17,0.024745269286754003,4.47,3398.9830560215537,FALSE,0,TRUE,TRUE,TRUE
hja2016_127,60,sediment,2,316,43.1,567391.129953618,4898693.71124374,hja2016_191,HJA-2016_soil_10,3,soil_detected,687,40,0.05822416302765648,5.45,4541.585714625101,FALSE,0,TRUE,FALSE,FALSE
hja2016_129,72,sediment,4,16,568.3,566542.167446234,4896499.80813279,hja2016_191,HJA-2016_soil_10,3,soil_detected,687,55,0.08005822416302766,8.97,6893.5838856801765,FALSE,0,TRUE,TRUE,TRUE
hja2016_131,74,sediment,2,373,70,565310.221852481,4897724.75403567,hja2016_191,HJA-2016_soil_10,3,soil_detected,687,59,0.0858806404657933,8.86,6370.024803814588,FALSE,0,TRUE,TRUE,TRUE
hja2016_132,84,sediment,4,112,622.7,566447.171641521,4900685.6232752,hja2016_191,HJA-2016_soil_10,3,soil_detected,687,48,0.06986899563318777,7.09,3371.1532552777685,TRUE,0.8888888888888888,FALSE,TRUE,FALSE
hja2016_133,161,sediment,5,51,5699.1,561109.407372482,4897170.77850081,hja2016_191,HJA-2016_soil_10,3,soil_detected,687,81,0.11790393013100436,10.64,9733.65480896199,TRUE,0.8888888888888888,FALSE,TRUE,FALSE
hja2016_135,169,sediment,2,144,53.5,568641.074752475,4902527.5419308,hja2016_191,HJA-2016_soil_10,3,soil_detected,687,45,0.06550218340611354,8.04,525.4167260620284,TRUE,0.8888888888888888,FALSE,TRUE,FALSE
hja2016_136,190,sediment,1,546,14.2,564169.272240084,4897881.7471024,hja2016_191,HJA-2016_soil_10,3,soil_detected,687,58,0.08442503639010189,7.89,6965.3224658409845,FALSE,0,TRUE,FALSE,FALSE
hja2016_139,CC-2,sediment,2,183,63.6,569992.01509108,4897760.75244588,hja2016_191,HJA-2016_soil_10,3,soil_detected,687,63,0.09170305676855896,8.99,5313.5678897824055,FALSE,0,TRUE,TRUE,TRUE
hja2016_140,CC-3,sediment,2,183,63,570038.013059678,4897795.75090024,hja2016_191,HJA-2016_soil_10,3,soil_detected,687,45,0.06550218340611354,6.8,5288.733841673948,FALSE,0,TRUE,TRUE,TRUE
hja2016_141,CC-4,sediment,2,183,58.5,570162.007583724,4897831.74931045,hja2016_191,HJA-2016_soil_10,3,soil_detected,687,54,0.07860262008733625,8.33,5281.10308028242,FALSE,0,TRUE,TRUE,TRUE
hja2016_142,KC-1,sediment,3,362,114.7,562012.367495176,4896802.79475203,hja2016_191,HJA-2016_soil_10,3,soil_detected,687,43,0.06259097525473072,7.24,9264.918367019454,FALSE,0,TRUE,TRUE,TRUE
hja2016_144,KC-3,sediment,3,362,114,562000.368025107,4896680.80013966,hja2016_191,HJA-2016_soil_10,3,soil_detected,687,47,0.06841339155749636,8.01,9355.411211095503,FALSE,0,TRUE,TRUE,TRUE
hja2016_145,155,sediment,2,345,81.2,565811.199727862,4897652.75721525,hja2016_191,HJA-2016_soil_10,3,soil_detected,687,62,0.09024745269286755,8.58,6161.347224576549,FALSE,0,TRUE,FALSE,FALSE
hja2016_146,156,sediment,5,24,2575.9,566141.185154761,4897558.76136638,hja2016_191,HJA-2016_soil_10,3,soil_detected,687,44,0.06404657933042213,6.19,6084.503380435244,FALSE,0,TRUE,TRUE,TRUE
hja2016_147,163,sediment,5,63,6126.6,559726.468447026,4896111.82526722,hja2016_191,HJA-2016_soil_10,3,soil_detected,687,85,0.12372634643377002,10.71,11475.284274349297,TRUE,0.8888888888888888,FALSE,TRUE,FALSE
hja2016_148,165,sediment,2,494,27.9,564789.244860317,4900155.64668049,hja2016_191,HJA-2016_soil_10,3,soil_detected,687,68,0.09898107714701601,9.13,5004.226033328847,FALSE,0,TRUE,FALSE,FALSE
hja2016_150,53,sediment,3,78,280.7,568092.098996817,4898223.73199937,hja2016_191,HJA-2016_soil_10,3,soil_detected,687,45,0.06550218340611354,6.04,4816.499238111749,FALSE,0,TRUE,TRUE,TRUE
hja2016_151,64,sediment,2,163,33.5,570527.99142083,4895508.85189625,hja2016_191,HJA-2016_soil_10,3,soil_detected,687,76,0.11062590975254731,9.7,7627.53390664776,FALSE,0,TRUE,FALSE,FALSE
hja2016_152,66,sediment,4,79,1360.7,567970.104384448,4898153.73509064,hja2016_191,HJA-2016_soil_10,3,soil_detected,687,31,0.04512372634643377,4.87,4907.820415710128,FALSE,0,TRUE,TRUE,TRUE
hja2016_155,82,sediment,2,536,36.6,564452.259742545,4899854.65997292,hja2016_191,HJA-2016_soil_10,3,soil_detected,687,72,0.10480349344978165,9.46,5452.424591535673,FALSE,0,TRUE,TRUE,TRUE
hja2016_157,43,sediment,1,538,7.8,567346.131940859,4898257.7304979,hja2016_191,HJA-2016_soil_10,3,soil_detected,687,40,0.05822416302765648,5.62,4968.159568711401,FALSE,0,TRUE,FALSE,FALSE
hja2016_159,49,sediment,5,40,3399.1,563281.311454976,4898046.73981585,hja2016_191,HJA-2016_soil_10,3,soil_detected,687,44,0.06404657933042213,7.94,7490.431877283785,FALSE,0,TRUE,TRUE,TRUE
hja2016_160,50,sediment,5,41,4956.4,563054.321479503,4898132.73601802,hja2016_191,HJA-2016_soil_10,3,soil_detected,687,27,0.039301310043668124,3.17,7608.10520377801,TRUE,0.8888888888888888,FALSE,TRUE,FALSE
hja2016_031,161,hyporheic,5,51,5699.1,561109.407372482,4897170.77850081,hja2016_191,HJA-2016_soil_10,3,soil_detected,687,4,0.005822416302765648,1.74,9733.65480896199,TRUE,0.8888888888888888,FALSE,TRUE,FALSE
hja2016_032,54,hyporheic,3,363,207.7,561802.376768968,4897363.76997776,hja2016_191,HJA-2016_soil_10,3,soil_detected,687,10,0.01455604075691412,3.49,9065.680689283756,FALSE,0,TRUE,TRUE,TRUE
hja2016_035,192,hyporheic,2,542,28.5,564620.252323511,4897836.74908965,hja2016_191,HJA-2016_soil_10,3,soil_detected,687,9,0.013100436681222707,2.68,6699.667093865044,FALSE,0,TRUE,TRUE,TRUE
hja2016_037,43,hyporheic,1,538,7.8,567346.131940859,4898257.7304979,hja2016_191,HJA-2016_soil_10,3,soil_detected,687,11,0.01601164483260553,3.5,4968.159568711401,FALSE,0,TRUE,FALSE,FALSE
hja2016_042,165,planktonic,2,494,27.9,564789.244860317,4900155.64668049,hja2016_191,HJA-2016_soil_10,3,soil_detected,687,4,0.005822416302765648,0.81,5004.226033328847,FALSE,0,TRUE,FALSE,FALSE
hja2016_043,KC-2,hyporheic,3,362,114.2,561999.368069268,4896735.79771081,hja2016_191,HJA-2016_soil_10,3,soil_detected,687,13,0.018922852983988356,3.8,9319.289521980052,FALSE,0,TRUE,TRUE,TRUE
hja2016_049,67,planktonic,4,83,1558.1,567119.141965387,4897968.74326041,hja2016_191,HJA-2016_soil_10,3,soil_detected,687,1,0.001455604075691412,2.71,5315.836064430058,FALSE,0,TRUE,TRUE,TRUE
hja2016_050,165,hyporheic,2,494,27.9,564789.244860317,4900155.64668049,hja2016_191,HJA-2016_soil_10,3,soil_detected,687,13,0.018922852983988356,1.43,5004.226033328847,FALSE,0,TRUE,FALSE,FALSE
hja2016_052,163,hyporheic,5,63,6126.6,559726.468447026,4896111.82526722,hja2016_191,HJA-2016_soil_10,3,soil_detected,687,22,0.03202328966521106,3,11475.284274349297,TRUE,0.8888888888888888,FALSE,TRUE,FALSE
hja2016_056,KC-1,hyporheic,3,362,114.7,562012.367495176,4896802.79475203,hja2016_191,HJA-2016_soil_10,3,soil_detected,687,18,0.026200873362445413,2.79,9264.918367019454,FALSE,0,TRUE,TRUE,TRUE
hja2016_057,71,hyporheic,3,556,101.7,562662.338790582,4897988.74237719,hja2016_191,HJA-2016_soil_10,3,soil_detected,687,7,0.010189228529839884,1.29,8003.468657978869,FALSE,0,TRUE,TRUE,TRUE
hja2016_059,KC-2,planktonic,3,362,114.2,561999.368069268,4896735.79771081,hja2016_191,HJA-2016_soil_10,3,soil_detected,687,15,0.021834061135371178,3.2,9319.289521980052,FALSE,0,TRUE,TRUE,TRUE
hja2016_062,WS3-3,hyporheic,2,511,93.4,560639.428128111,4896408.81215143,hja2016_191,HJA-2016_soil_10,3,soil_detected,687,21,0.03056768558951965,2.27,10570.180226657185,FALSE,0,TRUE,TRUE,TRUE
hja2016_064,WS3-4,planktonic,2,510,81.3,560692.425787583,4896348.81480109,hja2016_191,HJA-2016_soil_10,3,soil_detected,687,8,0.011644832605531296,2.31,10566.143356680146,FALSE,0,TRUE,TRUE,TRUE
hja2016_099,162,planktonic,5,66,6208.4,559348.485139852,4895468.85366269,hja2016_191,HJA-2016_soil_10,3,soil_detected,687,12,0.017467248908296942,0.8,12165.96264212503,TRUE,0.8888888888888888,FALSE,TRUE,FALSE
hja2016_100,64,planktonic,2,163,33.5,570527.99142083,4895508.85189625,hja2016_191,HJA-2016_soil_10,3,soil_detected,687,7,0.010189228529839884,0.73,7627.53390664776,FALSE,0,TRUE,FALSE,FALSE
hja2016_101,58,planktonic,3,385,67.2,566998.147308857,4898497.71989928,hja2016_191,HJA-2016_soil_10,3,soil_detected,687,5,0.00727802037845706,0.66,4868.543954014098,FALSE,0,TRUE,TRUE,TRUE
hja2016_102,73,hyporheic,2,255,137,566310.177691566,4896786.79545861,hja2016_191,HJA-2016_soil_10,3,soil_detected,687,11,0.01601164483260553,1.21,6712.17025128801,FALSE,0,TRUE,TRUE,TRUE
hja2016_103,260,planktonic,4,23,866.1,566425.172613061,4897456.76587079,hja2016_191,HJA-2016_soil_10,3,soil_detected,687,14,0.020378457059679767,2.26,6052.433427544388,FALSE,0,TRUE,FALSE,FALSE
hja2016_105,178,planktonic,2,411,19.9,566185.18321168,4901793.57434491,hja2016_191,HJA-2016_soil_10,3,soil_detected,687,13,0.018922852983988356,1.16,2984.3270113852086,FALSE,0,TRUE,TRUE,TRUE
hja2016_106,170,planktonic,2,229,49.4,570659.985591589,4896908.79007097,hja2016_191,HJA-2016_soil_10,3,soil_detected,687,3,0.004366812227074236,0.29,6300.546043667716,FALSE,0,TRUE,FALSE,FALSE
hja2016_107,57,hyporheic,4,131,1488.8,563668.294364702,4898599.71539487,hja2016_191,HJA-2016_soil_10,3,soil_detected,687,10,0.01455604075691412,0.99,6837.350786204187,TRUE,0.8888888888888888,FALSE,TRUE,FALSE
hja2016_109,169,planktonic,2,144,53.5,568641.074752475,4902527.5419308,hja2016_191,HJA-2016_soil_10,3,soil_detected,687,10,0.01455604075691412,1.18,525.4167260620284,TRUE,0.8888888888888888,FALSE,TRUE,FALSE
hja2016_110,76,hyporheic,3,150,303.5,570464.994202967,4896947.7883487,hja2016_191,HJA-2016_soil_10,3,soil_detected,687,5,0.00727802037845706,0.86,6211.997884291831,FALSE,0,TRUE,TRUE,TRUE
hja2016_111,160,planktonic,5,24,2569.5,566416.173010509,4897492.764281,hja2016_191,HJA-2016_soil_10,3,soil_detected,687,12,0.017467248908296942,1.17,6023.42779234303,FALSE,0,TRUE,TRUE,TRUE
hja2016_114,WS1-5,planktonic,2,522,87.9,559517.477676657,4895016.87362342,hja2016_191,HJA-2016_soil_10,3,soil_detected,687,9,0.013100436681222707,0.84,12320.037844117269,FALSE,0,TRUE,TRUE,TRUE
hja2016_116,53,planktonic,3,78,280.7,568092.098996817,4898223.73199937,hja2016_191,HJA-2016_soil_10,3,soil_detected,687,9,0.013100436681222707,1.08,4816.499238111749,FALSE,0,TRUE,TRUE,TRUE
hja2016_119,56,planktonic,3,321,99.5,562839.3309741,4897811.75019367,hja2016_191,HJA-2016_soil_10,3,soil_detected,687,13,0.018922852983988356,2.02,7978.84752273846,FALSE,0,TRUE,TRUE,TRUE
hja2016_121,84,hyporheic,4,112,622.7,566447.171641521,4900685.6232752,hja2016_191,HJA-2016_soil_10,3,soil_detected,687,2,0.002911208151382824,0.18,3371.1532552777685,TRUE,0.8888888888888888,FALSE,TRUE,FALSE
hja2016_122,45,sediment,3,390,193.2,565977.192397151,4897892.74661664,hja2016_191,HJA-2016_soil_10,3,soil_detected,687,43,0.06259097525473072,7.98,5870.3949112977925,FALSE,0,TRUE,TRUE,TRUE
hja2016_125,56,sediment,3,321,99.5,562839.3309741,4897811.75019367,hja2016_191,HJA-2016_soil_10,3,soil_detected,687,50,0.07278020378457059,8.41,7978.84752273846,FALSE,0,TRUE,TRUE,TRUE
hja2016_164,260,sediment,4,23,866.1,566425.172613061,4897456.76587079,hja2016_191,HJA-2016_soil_10,3,soil_detected,687,50,0.07278020378457059,8.23,6052.433427544388,FALSE,0,TRUE,FALSE,FALSE
hja2016_166,57,sediment,4,131,1488.8,563668.294364702,4898599.71539487,hja2016_191,HJA-2016_soil_10,3,soil_detected,687,27,0.039301310043668124,3.37,6837.350786204187,TRUE,0.8888888888888888,FALSE,TRUE,FALSE
hja2016_167,WS3-1,sediment,2,511,96.4,560508.433913191,4896516.80738205,hja2016_191,HJA-2016_soil_10,3,soil_detected,687,82,0.11935953420669577,11.3,10607.207692616097,FALSE,0,TRUE,TRUE,TRUE
hja2016_169,WS3-2,sediment,2,511,95.7,560554.431881789,4896487.80866272,hja2016_191,HJA-2016_soil_10,3,soil_detected,687,76,0.11062590975254731,10.13,10588.447940875047,FALSE,0,TRUE,TRUE,TRUE
hja2016_170,WS3-3,sediment,2,511,93.4,560639.428128111,4896408.81215143,hja2016_191,HJA-2016_soil_10,3,soil_detected,687,50,0.07278020378457059,6.02,10570.180226657185,FALSE,0,TRUE,TRUE,TRUE
hja2016_177,WS1-3,sediment,2,522,92.1,559404.482666841,4895069.8712829,hja2016_191,HJA-2016_soil_10,3,soil_detected,687,48,0.06986899563318777,7.35,12372.679046857904,FALSE,0,TRUE,TRUE,TRUE
hja2016_179,WS1-5,sediment,2,522,87.9,559517.477676657,4895016.87362342,hja2016_191,HJA-2016_soil_10,3,soil_detected,687,41,0.05967976710334789,6.6,12320.037844117269,FALSE,0,TRUE,TRUE,TRUE
hja2016_180,WS1-6,sediment,2,522,82.7,559631.472642313,4894993.87463913,hja2016_191,HJA-2016_soil_10,3,soil_detected,687,25,0.036390101892285295,3.37,12248.13346409912,FALSE,0,TRUE,TRUE,TRUE
hja2016_181,177,sediment,1,452,14.8,565808.199860345,4901620.58198475,hja2016_191,HJA-2016_soil_10,3,soil_detected,687,52,0.07569141193595343,6.17,3398.9830560215537,FALSE,0,TRUE,TRUE,TRUE
hja2016_001,50,planktonic,5,41,4956.4,563054.321479503,4898132.73601802,hja2016_191,HJA-2016_soil_10,3,soil_enriched,515,0,0,0,7608.10520377801,TRUE,0.8888888888888888,FALSE,TRUE,FALSE
hja2016_008,WS3-1,hyporheic,2,511,96.4,560508.433913191,4896516.80738205,hja2016_191,HJA-2016_soil_10,3,soil_enriched,515,0,0,0,10607.207692616097,FALSE,0,TRUE,TRUE,TRUE
hja2016_009,60,hyporheic,2,316,43.1,567391.129953618,4898693.71124374,hja2016_191,HJA-2016_soil_10,3,soil_enriched,515,5,0.009708737864077669,0.66,4541.585714625101,FALSE,0,TRUE,FALSE,FALSE
hja2016_010,164,planktonic,3,502,60.8,560307.442789535,4895737.8417834,hja2016_191,HJA-2016_soil_10,3,soil_enriched,515,0,0,0,11251.394621212547,FALSE,0,TRUE,TRUE,TRUE
hja2016_011,WS1-6,planktonic,2,522,82.7,559631.472642313,4894993.87463913,hja2016_191,HJA-2016_soil_10,3,soil_enriched,515,6,0.011650485436893204,0.62,12248.13346409912,FALSE,0,TRUE,TRUE,TRUE
hja2016_013,WS1-4,planktonic,2,522,89.8,559453.480502956,4895042.87247524,hja2016_191,HJA-2016_soil_10,3,soil_enriched,515,6,0.011650485436893204,0.76,12352.30187753053,FALSE,0,TRUE,TRUE,TRUE
hja2016_014,WS1-6,hyporheic,2,522,82.7,559631.472642313,4894993.87463913,hja2016_191,HJA-2016_soil_10,3,soil_enriched,515,2,0.003883495145631068,0.41,12248.13346409912,FALSE,0,TRUE,TRUE,TRUE
hja2016_015,47,hyporheic,4,134,1550.1,563254.31264732,4898130.73610634,hja2016_191,HJA-2016_soil_10,3,soil_enriched,515,1,0.001941747572815534,0.47,7456.055798045585,TRUE,0.8888888888888888,FALSE,TRUE,FALSE
hja2016_016,74,hyporheic,2,373,70,565310.221852481,4897724.75403567,hja2016_191,HJA-2016_soil_10,3,soil_enriched,515,1,0.001941747572815534,0.05,6370.024803814588,FALSE,0,TRUE,TRUE,TRUE
hja2016_018,WS1-5,hyporheic,2,522,87.9,559517.477676657,4895016.87362342,hja2016_191,HJA-2016_soil_10,3,soil_enriched,515,4,0.007766990291262136,0.27,12320.037844117269,FALSE,0,TRUE,TRUE,TRUE
hja2016_019,155,hyporheic,2,345,81.2,565811.199727862,4897652.75721525,hja2016_191,HJA-2016_soil_10,3,soil_enriched,515,6,0.011650485436893204,1.5,6161.347224576549,FALSE,0,TRUE,FALSE,FALSE
hja2016_020,WS1-2,hyporheic,2,522,93.6,559354.484874886,4895103.86978142,hja2016_191,HJA-2016_soil_10,3,soil_enriched,515,6,0.011650485436893204,0.6,12389.604183057578,FALSE,0,TRUE,TRUE,TRUE
hja2016_021,156,hyporheic,5,24,2575.9,566141.185154761,4897558.76136638,hja2016_191,HJA-2016_soil_10,3,soil_enriched,515,2,0.003883495145631068,0.45,6084.503380435244,FALSE,0,TRUE,TRUE,TRUE
hja2016_027,WS3-6,planktonic,2,510,78.4,560819.420179147,4896235.81979127,hja2016_191,HJA-2016_soil_10,3,soil_enriched,515,4,0.007766990291262136,0.6,10539.25382754138,FALSE,0,TRUE,TRUE,TRUE
hja2016_065,68,hyporheic,5,30,3032.2,565145.229139031,4897899.74630751,hja2016_191,HJA-2016_soil_10,3,soil_enriched,515,8,0.015533980582524271,0.94,6324.126517014101,FALSE,0,TRUE,TRUE,TRUE
hja2016_066,49,hyporheic,5,40,3399.1,563281.311454976,4898046.73981585,hja2016_191,HJA-2016_soil_10,3,soil_enriched,515,8,0.015533980582524271,0.71,7490.431877283785,FALSE,0,TRUE,TRUE,TRUE
hja2016_070,56,hyporheic,3,321,99.5,562839.3309741,4897811.75019367,hja2016_191,HJA-2016_soil_10,3,soil_enriched,515,5,0.009708737864077669,0.83,7978.84752273846,FALSE,0,TRUE,TRUE,TRUE
hja2016_071,164,hyporheic,3,502,60.8,560307.442789535,4895737.8417834,hja2016_191,HJA-2016_soil_10,3,soil_enriched,515,6,0.011650485436893204,0.69,11251.394621212547,FALSE,0,TRUE,TRUE,TRUE
hja2016_075,260,hyporheic,4,23,866.1,566425.172613061,4897456.76587079,hja2016_191,HJA-2016_soil_10,3,soil_enriched,515,2,0.003883495145631068,0.47,6052.433427544388,FALSE,0,TRUE,FALSE,FALSE
hja2016_078,CC-1,hyporheic,2,183,64,569956.016680872,4897740.75332909,hja2016_191,HJA-2016_soil_10,3,soil_enriched,515,5,0.009708737864077669,0.83,5326.107003601732,FALSE,0,TRUE,TRUE,TRUE
hja2016_079,64,hyporheic,2,163,33.5,570527.99142083,4895508.85189625,hja2016_191,HJA-2016_soil_10,3,soil_enriched,515,9,0.017475728155339806,0.83,7627.53390664776,FALSE,0,TRUE,FALSE,FALSE
hja2016_084,177,hyporheic,1,452,14.8,565808.199860345,4901620.58198475,hja2016_191,HJA-2016_soil_10,3,soil_enriched,515,5,0.009708737864077669,0.77,3398.9830560215537,FALSE,0,TRUE,TRUE,TRUE
hja2016_127,60,sediment,2,316,43.1,567391.129953618,4898693.71124374,hja2016_191,HJA-2016_soil_10,3,soil_enriched,515,8,0.015533980582524271,1.06,4541.585714625101,FALSE,0,TRUE,FALSE,FALSE
hja2016_129,72,sediment,4,16,568.3,566542.167446234,4896499.80813279,hja2016_191,HJA-2016_soil_10,3,soil_enriched,515,17,0.03300970873786408,2.65,6893.5838856801765,FALSE,0,TRUE,TRUE,TRUE
hja2016_131,74,sediment,2,373,70,565310.221852481,4897724.75403567,hja2016_191,HJA-2016_soil_10,3,soil_enriched,515,18,0.03495145631067961,2.59,6370.024803814588,FALSE,0,TRUE,TRUE,TRUE
hja2016_132,84,sediment,4,112,622.7,566447.171641521,4900685.6232752,hja2016_191,HJA-2016_soil_10,3,soil_enriched,515,18,0.03495145631067961,1.86,3371.1532552777685,TRUE,0.8888888888888888,FALSE,TRUE,FALSE
hja2016_133,161,sediment,5,51,5699.1,561109.407372482,4897170.77850081,hja2016_191,HJA-2016_soil_10,3,soil_enriched,515,47,0.0912621359223301,5.36,9733.65480896199,TRUE,0.8888888888888888,FALSE,TRUE,FALSE
hja2016_135,169,sediment,2,144,53.5,568641.074752475,4902527.5419308,hja2016_191,HJA-2016_soil_10,3,soil_enriched,515,17,0.03300970873786408,2.16,525.4167260620284,TRUE,0.8888888888888888,FALSE,TRUE,FALSE
hja2016_136,190,sediment,1,546,14.2,564169.272240084,4897881.7471024,hja2016_191,HJA-2016_soil_10,3,soil_enriched,515,21,0.040776699029126215,1.95,6965.3224658409845,FALSE,0,TRUE,FALSE,FALSE
hja2016_139,CC-2,sediment,2,183,63.6,569992.01509108,4897760.75244588,hja2016_191,HJA-2016_soil_10,3,soil_enriched,515,24,0.04660194174757282,2.21,5313.5678897824055,FALSE,0,TRUE,TRUE,TRUE
hja2016_140,CC-3,sediment,2,183,63,570038.013059678,4897795.75090024,hja2016_191,HJA-2016_soil_10,3,soil_enriched,515,17,0.03300970873786408,1.83,5288.733841673948,FALSE,0,TRUE,TRUE,TRUE
hja2016_141,CC-4,sediment,2,183,58.5,570162.007583724,4897831.74931045,hja2016_191,HJA-2016_soil_10,3,soil_enriched,515,23,0.04466019417475728,2.05,5281.10308028242,FALSE,0,TRUE,TRUE,TRUE
hja2016_142,KC-1,sediment,3,362,114.7,562012.367495176,4896802.79475203,hja2016_191,HJA-2016_soil_10,3,soil_enriched,515,17,0.03300970873786408,1.5,9264.918367019454,FALSE,0,TRUE,TRUE,TRUE
hja2016_144,KC-3,sediment,3,362,114,562000.368025107,4896680.80013966,hja2016_191,HJA-2016_soil_10,3,soil_enriched,515,13,0.02524271844660194,1.58,9355.411211095503,FALSE,0,TRUE,TRUE,TRUE
hja2016_145,155,sediment,2,345,81.2,565811.199727862,4897652.75721525,hja2016_191,HJA-2016_soil_10,3,soil_enriched,515,24,0.04660194174757282,2.43,6161.347224576549,FALSE,0,TRUE,FALSE,FALSE
hja2016_146,156,sediment,5,24,2575.9,566141.185154761,4897558.76136638,hja2016_191,HJA-2016_soil_10,3,soil_enriched,515,13,0.02524271844660194,1.38,6084.503380435244,FALSE,0,TRUE,TRUE,TRUE
hja2016_147,163,sediment,5,63,6126.6,559726.468447026,4896111.82526722,hja2016_191,HJA-2016_soil_10,3,soil_enriched,515,49,0.09514563106796116,5.49,11475.284274349297,TRUE,0.8888888888888888,FALSE,TRUE,FALSE
hja2016_148,165,sediment,2,494,27.9,564789.244860317,4900155.64668049,hja2016_191,HJA-2016_soil_10,3,soil_enriched,515,30,0.05825242718446602,2.18,5004.226033328847,FALSE,0,TRUE,FALSE,FALSE
hja2016_150,53,sediment,3,78,280.7,568092.098996817,4898223.73199937,hja2016_191,HJA-2016_soil_10,3,soil_enriched,515,11,0.021359223300970873,1.42,4816.499238111749,FALSE,0,TRUE,TRUE,TRUE
hja2016_151,64,sediment,2,163,33.5,570527.99142083,4895508.85189625,hja2016_191,HJA-2016_soil_10,3,soil_enriched,515,41,0.07961165048543689,4.73,7627.53390664776,FALSE,0,TRUE,FALSE,FALSE
hja2016_152,66,sediment,4,79,1360.7,567970.104384448,4898153.73509064,hja2016_191,HJA-2016_soil_10,3,soil_enriched,515,7,0.013592233009708738,0.75,4907.820415710128,FALSE,0,TRUE,TRUE,TRUE
hja2016_155,82,sediment,2,536,36.6,564452.259742545,4899854.65997292,hja2016_191,HJA-2016_soil_10,3,soil_enriched,515,29,0.05631067961165048,2.4,5452.424591535673,FALSE,0,TRUE,TRUE,TRUE
hja2016_157,43,sediment,1,538,7.8,567346.131940859,4898257.7304979,hja2016_191,HJA-2016_soil_10,3,soil_enriched,515,10,0.019417475728155338,1.11,4968.159568711401,FALSE,0,TRUE,FALSE,FALSE
hja2016_159,49,sediment,5,40,3399.1,563281.311454976,4898046.73981585,hja2016_191,HJA-2016_soil_10,3,soil_enriched,515,11,0.021359223300970873,1.15,7490.431877283785,FALSE,0,TRUE,TRUE,TRUE
hja2016_160,50,sediment,5,41,4956.4,563054.321479503,4898132.73601802,hja2016_191,HJA-2016_soil_10,3,soil_enriched,515,2,0.003883495145631068,0.56,7608.10520377801,TRUE,0.8888888888888888,FALSE,TRUE,FALSE
hja2016_031,161,hyporheic,5,51,5699.1,561109.407372482,4897170.77850081,hja2016_191,HJA-2016_soil_10,3,soil_enriched,515,1,0.001941747572815534,0.19,9733.65480896199,TRUE,0.8888888888888888,FALSE,TRUE,FALSE
hja2016_032,54,hyporheic,3,363,207.7,561802.376768968,4897363.76997776,hja2016_191,HJA-2016_soil_10,3,soil_enriched,515,4,0.007766990291262136,0.42,9065.680689283756,FALSE,0,TRUE,TRUE,TRUE
hja2016_035,192,hyporheic,2,542,28.5,564620.252323511,4897836.74908965,hja2016_191,HJA-2016_soil_10,3,soil_enriched,515,3,0.005825242718446602,0.51,6699.667093865044,FALSE,0,TRUE,TRUE,TRUE
hja2016_037,43,hyporheic,1,538,7.8,567346.131940859,4898257.7304979,hja2016_191,HJA-2016_soil_10,3,soil_enriched,515,0,0,0,4968.159568711401,FALSE,0,TRUE,FALSE,FALSE
hja2016_042,165,planktonic,2,494,27.9,564789.244860317,4900155.64668049,hja2016_191,HJA-2016_soil_10,3,soil_enriched,515,1,0.001941747572815534,0.07,5004.226033328847,FALSE,0,TRUE,FALSE,FALSE
hja2016_043,KC-2,hyporheic,3,362,114.2,561999.368069268,4896735.79771081,hja2016_191,HJA-2016_soil_10,3,soil_enriched,515,4,0.007766990291262136,1.02,9319.289521980052,FALSE,0,TRUE,TRUE,TRUE
hja2016_049,67,planktonic,4,83,1558.1,567119.141965387,4897968.74326041,hja2016_191,HJA-2016_soil_10,3,soil_enriched,515,0,0,0.03,5315.836064430058,FALSE,0,TRUE,TRUE,TRUE
hja2016_050,165,hyporheic,2,494,27.9,564789.244860317,4900155.64668049,hja2016_191,HJA-2016_soil_10,3,soil_enriched,515,5,0.009708737864077669,0.42,5004.226033328847,FALSE,0,TRUE,FALSE,FALSE
hja2016_052,163,hyporheic,5,63,6126.6,559726.468447026,4896111.82526722,hja2016_191,HJA-2016_soil_10,3,soil_enriched,515,7,0.013592233009708738,0.5,11475.284274349297,TRUE,0.8888888888888888,FALSE,TRUE,FALSE
hja2016_056,KC-1,hyporheic,3,362,114.7,562012.367495176,4896802.79475203,hja2016_191,HJA-2016_soil_10,3,soil_enriched,515,3,0.005825242718446602,0.42,9264.918367019454,FALSE,0,TRUE,TRUE,TRUE
hja2016_057,71,hyporheic,3,556,101.7,562662.338790582,4897988.74237719,hja2016_191,HJA-2016_soil_10,3,soil_enriched,515,2,0.003883495145631068,0.62,8003.468657978869,FALSE,0,TRUE,TRUE,TRUE
hja2016_059,KC-2,planktonic,3,362,114.2,561999.368069268,4896735.79771081,hja2016_191,HJA-2016_soil_10,3,soil_enriched,515,5,0.009708737864077669,1.3,9319.289521980052,FALSE,0,TRUE,TRUE,TRUE
hja2016_062,WS3-3,hyporheic,2,511,93.4,560639.428128111,4896408.81215143,hja2016_191,HJA-2016_soil_10,3,soil_enriched,515,8,0.015533980582524271,0.66,10570.180226657185,FALSE,0,TRUE,TRUE,TRUE
hja2016_064,WS3-4,planktonic,2,510,81.3,560692.425787583,4896348.81480109,hja2016_191,HJA-2016_soil_10,3,soil_enriched,515,3,0.005825242718446602,0.74,10566.143356680146,FALSE,0,TRUE,TRUE,TRUE
hja2016_099,162,planktonic,5,66,6208.4,559348.485139852,4895468.85366269,hja2016_191,HJA-2016_soil_10,3,soil_enriched,515,2,0.003883495145631068,0.18,12165.96264212503,TRUE,0.8888888888888888,FALSE,TRUE,FALSE
hja2016_100,64,planktonic,2,163,33.5,570527.99142083,4895508.85189625,hja2016_191,HJA-2016_soil_10,3,soil_enriched,515,2,0.003883495145631068,0.11,7627.53390664776,FALSE,0,TRUE,FALSE,FALSE
hja2016_101,58,planktonic,3,385,67.2,566998.147308857,4898497.71989928,hja2016_191,HJA-2016_soil_10,3,soil_enriched,515,1,0.001941747572815534,0.17,4868.543954014098,FALSE,0,TRUE,TRUE,TRUE
hja2016_102,73,hyporheic,2,255,137,566310.177691566,4896786.79545861,hja2016_191,HJA-2016_soil_10,3,soil_enriched,515,2,0.003883495145631068,0.19,6712.17025128801,FALSE,0,TRUE,TRUE,TRUE
hja2016_103,260,planktonic,4,23,866.1,566425.172613061,4897456.76587079,hja2016_191,HJA-2016_soil_10,3,soil_enriched,515,2,0.003883495145631068,0.34,6052.433427544388,FALSE,0,TRUE,FALSE,FALSE
hja2016_105,178,planktonic,2,411,19.9,566185.18321168,4901793.57434491,hja2016_191,HJA-2016_soil_10,3,soil_enriched,515,3,0.005825242718446602,0.31,2984.3270113852086,FALSE,0,TRUE,TRUE,TRUE
hja2016_106,170,planktonic,2,229,49.4,570659.985591589,4896908.79007097,hja2016_191,HJA-2016_soil_10,3,soil_enriched,515,1,0.001941747572815534,0.06,6300.546043667716,FALSE,0,TRUE,FALSE,FALSE
hja2016_107,57,hyporheic,4,131,1488.8,563668.294364702,4898599.71539487,hja2016_191,HJA-2016_soil_10,3,soil_enriched,515,2,0.003883495145631068,0.27,6837.350786204187,TRUE,0.8888888888888888,FALSE,TRUE,FALSE
hja2016_109,169,planktonic,2,144,53.5,568641.074752475,4902527.5419308,hja2016_191,HJA-2016_soil_10,3,soil_enriched,515,2,0.003883495145631068,0.37,525.4167260620284,TRUE,0.8888888888888888,FALSE,TRUE,FALSE
hja2016_110,76,hyporheic,3,150,303.5,570464.994202967,4896947.7883487,hja2016_191,HJA-2016_soil_10,3,soil_enriched,515,1,0.001941747572815534,0.22,6211.997884291831,FALSE,0,TRUE,TRUE,TRUE
hja2016_111,160,planktonic,5,24,2569.5,566416.173010509,4897492.764281,hja2016_191,HJA-2016_soil_10,3,soil_enriched,515,2,0.003883495145631068,0.19,6023.42779234303,FALSE,0,TRUE,TRUE,TRUE
hja2016_114,WS1-5,planktonic,2,522,87.9,559517.477676657,4895016.87362342,hja2016_191,HJA-2016_soil_10,3,soil_enriched,515,1,0.001941747572815534,0.19,12320.037844117269,FALSE,0,TRUE,TRUE,TRUE
hja2016_116,53,planktonic,3,78,280.7,568092.098996817,4898223.73199937,hja2016_191,HJA-2016_soil_10,3,soil_enriched,515,2,0.003883495145631068,0.29,4816.499238111749,FALSE,0,TRUE,TRUE,TRUE
hja2016_119,56,planktonic,3,321,99.5,562839.3309741,4897811.75019367,hja2016_191,HJA-2016_soil_10,3,soil_enriched,515,3,0.005825242718446602,0.32,7978.84752273846,FALSE,0,TRUE,TRUE,TRUE
hja2016_121,84,hyporheic,4,112,622.7,566447.171641521,4900685.6232752,hja2016_191,HJA-2016_soil_10,3,soil_enriched,515,1,0.001941747572815534,0.06,3371.1532552777685,TRUE,0.8888888888888888,FALSE,TRUE,FALSE
hja2016_122,45,sediment,3,390,193.2,565977.192397151,4897892.74661664,hja2016_191,HJA-2016_soil_10,3,soil_enriched,515,12,0.02330097087378641,1.12,5870.3949112977925,FALSE,0,TRUE,TRUE,TRUE
hja2016_125,56,sediment,3,321,99.5,562839.3309741,4897811.75019367,hja2016_191,HJA-2016_soil_10,3,soil_enriched,515,16,0.031067961165048542,1.37,7978.84752273846,FALSE,0,TRUE,TRUE,TRUE
hja2016_164,260,sediment,4,23,866.1,566425.172613061,4897456.76587079,hja2016_191,HJA-2016_soil_10,3,soil_enriched,515,17,0.03300970873786408,2.13,6052.433427544388,FALSE,0,TRUE,FALSE,FALSE
hja2016_166,57,sediment,4,131,1488.8,563668.294364702,4898599.71539487,hja2016_191,HJA-2016_soil_10,3,soil_enriched,515,6,0.011650485436893204,0.6,6837.350786204187,TRUE,0.8888888888888888,FALSE,TRUE,FALSE
hja2016_167,WS3-1,sediment,2,511,96.4,560508.433913191,4896516.80738205,hja2016_191,HJA-2016_soil_10,3,soil_enriched,515,41,0.07961165048543689,5.28,10607.207692616097,FALSE,0,TRUE,TRUE,TRUE
hja2016_169,WS3-2,sediment,2,511,95.7,560554.431881789,4896487.80866272,hja2016_191,HJA-2016_soil_10,3,soil_enriched,515,44,0.0854368932038835,4.97,10588.447940875047,FALSE,0,TRUE,TRUE,TRUE
hja2016_170,WS3-3,sediment,2,511,93.4,560639.428128111,4896408.81215143,hja2016_191,HJA-2016_soil_10,3,soil_enriched,515,17,0.03300970873786408,1.36,10570.180226657185,FALSE,0,TRUE,TRUE,TRUE
hja2016_177,WS1-3,sediment,2,522,92.1,559404.482666841,4895069.8712829,hja2016_191,HJA-2016_soil_10,3,soil_enriched,515,18,0.03495145631067961,1.98,12372.679046857904,FALSE,0,TRUE,TRUE,TRUE
hja2016_179,WS1-5,sediment,2,522,87.9,559517.477676657,4895016.87362342,hja2016_191,HJA-2016_soil_10,3,soil_enriched,515,9,0.017475728155339806,1.39,12320.037844117269,FALSE,0,TRUE,TRUE,TRUE
hja2016_180,WS1-6,sediment,2,522,82.7,559631.472642313,4894993.87463913,hja2016_191,HJA-2016_soil_10,3,soil_enriched,515,3,0.005825242718446602,0.75,12248.13346409912,FALSE,0,TRUE,TRUE,TRUE
hja2016_181,177,sediment,1,452,14.8,565808.199860345,4901620.58198475,hja2016_191,HJA-2016_soil_10,3,soil_enriched,515,18,0.03495145631067961,1.22,3398.9830560215537,FALSE,0,TRUE,TRUE,TRUE
hja2016_001,50,planktonic,5,41,4956.4,563054.321479503,4898132.73601802,hja2016_193,HJA-2016_soil_12,3,soil_detected,761,12,0.01576872536136662,3.67,4849.873830215744,TRUE,1,TRUE,TRUE,TRUE
hja2016_008,WS3-1,hyporheic,2,511,96.4,560508.433913191,4896516.80738205,hja2016_193,HJA-2016_soil_12,3,soil_detected,761,24,0.03153745072273324,3.36,7848.514822724774,FALSE,0,TRUE,TRUE,TRUE
hja2016_009,60,hyporheic,2,316,43.1,567391.129953618,4898693.71124374,hja2016_193,HJA-2016_soil_12,3,soil_detected,761,19,0.024967148488830485,5.1,1467.6231152746443,FALSE,0,TRUE,FALSE,FALSE
hja2016_010,164,planktonic,3,502,60.8,560307.442789535,4895737.8417834,hja2016_193,HJA-2016_soil_12,3,soil_detected,761,6,0.00788436268068331,1.7,8409.29718608642,FALSE,0,TRUE,TRUE,TRUE
hja2016_011,WS1-6,planktonic,2,522,82.7,559631.472642313,4894993.87463913,hja2016_193,HJA-2016_soil_12,3,soil_detected,761,33,0.04336399474375821,3.29,9379.57260270993,FALSE,0,TRUE,TRUE,TRUE
hja2016_013,WS1-4,planktonic,2,522,89.8,559453.480502956,4895042.87247524,hja2016_193,HJA-2016_soil_12,3,soil_detected,761,24,0.03153745072273324,3.31,9502.166918869456,FALSE,0,TRUE,TRUE,TRUE
hja2016_014,WS1-6,hyporheic,2,522,82.7,559631.472642313,4894993.87463913,hja2016_193,HJA-2016_soil_12,3,soil_detected,761,20,0.026281208935611037,5.84,9379.57260270993,FALSE,0,TRUE,TRUE,TRUE
hja2016_015,47,hyporheic,4,134,1550.1,563254.31264732,4898130.73610634,hja2016_193,HJA-2016_soil_12,3,soil_detected,761,7,0.009198423127463863,2.26,4669.803963584939,TRUE,1,TRUE,TRUE,TRUE
hja2016_016,74,hyporheic,2,373,70,565310.221852481,4897724.75403567,hja2016_193,HJA-2016_soil_12,3,soil_detected,761,8,0.010512483574244415,1.29,3248.358045025512,FALSE,0,TRUE,TRUE,TRUE
hja2016_018,WS1-5,hyporheic,2,522,87.9,559517.477676657,4895016.87362342,hja2016_193,HJA-2016_soil_12,3,soil_detected,761,20,0.026281208935611037,1.65,9462.408946146646,FALSE,0,TRUE,TRUE,TRUE
hja2016_019,155,hyporheic,2,345,81.2,565811.199727862,4897652.75721525,hja2016_193,HJA-2016_soil_12,3,soil_detected,761,26,0.03416557161629435,4.8,3000.7203504714066,FALSE,0,TRUE,FALSE,FALSE
hja2016_020,WS1-2,hyporheic,2,522,93.6,559354.484874886,4895103.86978142,hja2016_193,HJA-2016_soil_12,3,soil_detected,761,34,0.04467805519053877,3.39,9553.311057881005,FALSE,0,TRUE,TRUE,TRUE
hja2016_021,156,hyporheic,5,24,2575.9,566141.185154761,4897558.76136638,hja2016_193,HJA-2016_soil_12,3,soil_detected,761,11,0.01445466491458607,2.13,2916.328627189298,FALSE,0,TRUE,TRUE,TRUE
hja2016_027,WS3-6,planktonic,2,510,78.4,560819.420179147,4896235.81979127,hja2016_193,HJA-2016_soil_12,3,soil_detected,761,11,0.01445466491458607,1.89,7713.5073980948955,FALSE,0,TRUE,TRUE,TRUE
hja2016_065,68,hyporheic,5,30,3032.2,565145.229139031,4897899.74630751,hja2016_193,HJA-2016_soil_12,3,soil_detected,761,41,0.05387647831800263,6.98,3235.27062031254,FALSE,0,TRUE,TRUE,TRUE
hja2016_066,49,hyporheic,5,40,3399.1,563281.311454976,4898046.73981585,hja2016_193,HJA-2016_soil_12,3,soil_detected,761,22,0.02890932982917214,3.33,4682.797380709248,FALSE,0,TRUE,TRUE,TRUE
hja2016_070,56,hyporheic,3,321,99.5,562839.3309741,4897811.75019367,hja2016_193,HJA-2016_soil_12,3,soil_detected,761,24,0.03153745072273324,3.45,5183.268583436593,FALSE,0,TRUE,TRUE,TRUE
hja2016_071,164,hyporheic,3,502,60.8,560307.442789535,4895737.8417834,hja2016_193,HJA-2016_soil_12,3,soil_detected,761,34,0.04467805519053877,4,8409.29718608642,FALSE,0,TRUE,TRUE,TRUE
hja2016_075,260,hyporheic,4,23,866.1,566425.172613061,4897456.76587079,hja2016_193,HJA-2016_soil_12,3,soil_detected,761,21,0.02759526938239159,4.04,2894.368160252491,FALSE,0,TRUE,FALSE,FALSE
hja2016_078,CC-1,hyporheic,2,183,64,569956.016680872,4897740.75332909,hja2016_193,HJA-2016_soil_12,3,soil_detected,761,23,0.030223390275952694,3.85,3475.6152960934396,FALSE,0,TRUE,TRUE,TRUE
hja2016_079,64,hyporheic,2,163,33.5,570527.99142083,4895508.85189625,hja2016_193,HJA-2016_soil_12,3,soil_detected,761,49,0.06438896189224705,7.08,5571.456354611764,FALSE,0,TRUE,FALSE,FALSE
hja2016_084,177,hyporheic,1,452,14.8,565808.199860345,4901620.58198475,hja2016_193,HJA-2016_soil_12,3,soil_detected,761,24,0.03153745072273324,4.13,2205.360285034122,FALSE,0,TRUE,TRUE,TRUE
hja2016_127,60,sediment,2,316,43.1,567391.129953618,4898693.71124374,hja2016_193,HJA-2016_soil_12,3,soil_detected,761,58,0.07621550591327202,6.14,1467.6231152746443,FALSE,0,TRUE,FALSE,FALSE
hja2016_129,72,sediment,4,16,568.3,566542.167446234,4896499.80813279,hja2016_193,HJA-2016_soil_12,3,soil_detected,761,70,0.09198423127463863,8.68,3773.3018240268284,FALSE,0,TRUE,TRUE,TRUE
hja2016_131,74,sediment,2,373,70,565310.221852481,4897724.75403567,hja2016_193,HJA-2016_soil_12,3,soil_detected,761,71,0.09329829172141918,8.67,3248.358045025512,FALSE,0,TRUE,TRUE,TRUE
hja2016_132,84,sediment,4,112,622.7,566447.171641521,4900685.6232752,hja2016_193,HJA-2016_soil_12,3,soil_detected,761,62,0.08147174770039421,9.63,1141.5027718734016,FALSE,0,TRUE,TRUE,TRUE
hja2016_133,161,sediment,5,51,5699.1,561109.407372482,4897170.77850081,hja2016_193,HJA-2016_soil_12,3,soil_detected,761,156,0.2049934296977661,18.52,7019.085147210741,TRUE,1,TRUE,TRUE,TRUE
hja2016_135,169,sediment,2,144,53.5,568641.074752475,4902527.5419308,hja2016_193,HJA-2016_soil_12,3,soil_detected,761,72,0.09461235216819974,10.43,2645.917624946402,FALSE,0,TRUE,TRUE,TRUE
hja2016_136,190,sediment,1,546,14.2,564169.272240084,4897881.7471024,hja2016_193,HJA-2016_soil_12,3,soil_detected,761,62,0.08147174770039421,8.19,4002.4958219943887,FALSE,0,TRUE,FALSE,FALSE
hja2016_139,CC-2,sediment,2,183,63.6,569992.01509108,4897760.75244588,hja2016_193,HJA-2016_soil_12,3,soil_detected,761,74,0.09724047306176084,8.58,3487.7682271539056,FALSE,0,TRUE,TRUE,TRUE
hja2016_140,CC-3,sediment,2,183,63,570038.013059678,4897795.75090024,hja2016_193,HJA-2016_soil_12,3,soil_detected,761,72,0.09461235216819974,8.2,3497.5499889993384,FALSE,0,TRUE,TRUE,TRUE
hja2016_141,CC-4,sediment,2,183,58.5,570162.007583724,4897831.74931045,hja2016_193,HJA-2016_soil_12,3,soil_detected,761,67,0.08804204993429698,8.95,3566.310849022186,FALSE,0,TRUE,TRUE,TRUE
hja2016_142,KC-1,sediment,3,362,114.7,562012.367495176,4896802.79475203,hja2016_193,HJA-2016_soil_12,3,soil_detected,761,54,0.070959264126149807,6.65,6399.128410632148,FALSE,0,TRUE,TRUE,TRUE
hja2016_144,KC-3,sediment,3,362,114,562000.368025107,4896680.80013966,hja2016_193,HJA-2016_soil_12,3,soil_detected,761,50,0.0657030223390276,7.42,6474.076404355397,FALSE,0,TRUE,TRUE,TRUE
hja2016_145,155,sediment,2,345,81.2,565811.199727862,4897652.75721525,hja2016_193,HJA-2016_soil_12,3,soil_detected,761,77,0.1011826544021025,8.99,3000.7203504714066,FALSE,0,TRUE,FALSE,FALSE
hja2016_146,156,sediment,5,24,2575.9,566141.185154761,4897558.76136638,hja2016_193,HJA-2016_soil_12,3,soil_detected,761,57,0.07490144546649145,6.93,2916.328627189298,FALSE,0,TRUE,TRUE,TRUE
hja2016_147,163,sediment,5,63,6126.6,559726.468447026,4896111.82526722,hja2016_193,HJA-2016_soil_12,3,soil_detected,761,141,0.18528252299605782,17.46,8729.119376582628,TRUE,1,TRUE,TRUE,TRUE
hja2016_148,165,sediment,2,494,27.9,564789.244860317,4900155.64668049,hja2016_193,HJA-2016_soil_12,3,soil_detected,761,86,0.11300919842312747,9.27,2671.061992970397,FALSE,0,TRUE,FALSE,FALSE
hja2016_150,53,sediment,3,78,280.7,568092.098996817,4898223.73199937,hja2016_193,HJA-2016_soil_12,3,soil_detected,761,63,0.08278580814717477,6.94,2036.4552355176897,FALSE,0,TRUE,TRUE,TRUE
hja2016_151,64,sediment,2,163,33.5,570527.99142083,4895508.85189625,hja2016_193,HJA-2016_soil_12,3,soil_detected,761,142,0.18659658344283836,16.26,5571.456354611764,FALSE,0,TRUE,FALSE,FALSE
hja2016_152,66,sediment,4,79,1360.7,567970.104384448,4898153.73509064,hja2016_193,HJA-2016_soil_12,3,soil_detected,761,41,0.05387647831800263,5.58,2069.7354805170307,FALSE,0,TRUE,TRUE,TRUE
hja2016_155,82,sediment,2,536,36.6,564452.259742545,4899854.65997292,hja2016_193,HJA-2016_soil_12,3,soil_detected,761,79,0.1038107752956636,9.13,3023.471563517687,FALSE,0,TRUE,TRUE,TRUE
hja2016_157,43,sediment,1,538,7.8,567346.131940859,4898257.7304979,hja2016_193,HJA-2016_soil_12,3,soil_detected,761,63,0.08278580814717477,5.95,1905.3964401986682,FALSE,0,TRUE,FALSE,FALSE
hja2016_159,49,sediment,5,40,3399.1,563281.311454976,4898046.73981585,hja2016_193,HJA-2016_soil_12,3,soil_detected,761,52,0.0683311432325887,7.29,4682.797380709248,FALSE,0,TRUE,TRUE,TRUE
hja2016_160,50,sediment,5,41,4956.4,563054.321479503,4898132.73601802,hja2016_193,HJA-2016_soil_12,3,soil_detected,761,43,0.056504599211563734,3.89,4849.873830215744,TRUE,1,TRUE,TRUE,TRUE
hja2016_031,161,hyporheic,5,51,5699.1,561109.407372482,4897170.77850081,hja2016_193,HJA-2016_soil_12,3,soil_detected,761,7,0.009198423127463863,2.96,7019.085147210741,TRUE,1,TRUE,TRUE,TRUE
hja2016_032,54,hyporheic,3,363,207.7,561802.376768968,4897363.76997776,hja2016_193,HJA-2016_soil_12,3,soil_detected,761,16,0.02102496714848883,4.57,6311.052281473792,FALSE,0,TRUE,TRUE,TRUE
hja2016_035,192,hyporheic,2,542,28.5,564620.252323511,4897836.74908965,hja2016_193,HJA-2016_soil_12,3,soil_detected,761,19,0.024967148488830485,4.17,3669.0609577737937,FALSE,0,TRUE,TRUE,TRUE
hja2016_037,43,hyporheic,1,538,7.8,567346.131940859,4898257.7304979,hja2016_193,HJA-2016_soil_12,3,soil_detected,761,5,0.006570302233902759,1.37,1905.3964401986682,FALSE,0,TRUE,FALSE,FALSE
hja2016_042,165,planktonic,2,494,27.9,564789.244860317,4900155.64668049,hja2016_193,HJA-2016_soil_12,3,soil_detected,761,6,0.00788436268068331,0.81,2671.061992970397,FALSE,0,TRUE,FALSE,FALSE
hja2016_043,KC-2,hyporheic,3,362,114.2,561999.368069268,4896735.79771081,hja2016_193,HJA-2016_soil_12,3,soil_detected,761,22,0.02890932982917214,5.48,6445.537058127088,FALSE,0,TRUE,TRUE,TRUE
hja2016_049,67,planktonic,4,83,1558.1,567119.141965387,4897968.74326041,hja2016_193,HJA-2016_soil_12,3,soil_detected,761,5,0.006570302233902759,4.82,2217.3626446582643,FALSE,0,TRUE,TRUE,TRUE
hja2016_050,165,hyporheic,2,494,27.9,564789.244860317,4900155.64668049,hja2016_193,HJA-2016_soil_12,3,soil_detected,761,26,0.03416557161629435,3.72,2671.061992970397,FALSE,0,TRUE,FALSE,FALSE
hja2016_052,163,hyporheic,5,63,6126.6,559726.468447026,4896111.82526722,hja2016_193,HJA-2016_soil_12,3,soil_detected,761,28,0.03679369250985545,2.86,8729.119376582628,TRUE,1,TRUE,TRUE,TRUE
hja2016_056,KC-1,hyporheic,3,362,114.7,562012.367495176,4896802.79475203,hja2016_193,HJA-2016_soil_12,3,soil_detected,761,33,0.04336399474375821,3.44,6399.128410632148,FALSE,0,TRUE,TRUE,TRUE
hja2016_057,71,hyporheic,3,556,101.7,562662.338790582,4897988.74237719,hja2016_193,HJA-2016_soil_12,3,soil_detected,761,14,0.018396846254927726,2.61,5266.264247586409,FALSE,0,TRUE,TRUE,TRUE
hja2016_059,KC-2,planktonic,3,362,114.2,561999.368069268,4896735.79771081,hja2016_193,HJA-2016_soil_12,3,soil_detected,761,25,0.0328515111695138,5.22,6445.537058127088,FALSE,0,TRUE,TRUE,TRUE
hja2016_062,WS3-3,hyporheic,2,511,93.4,560639.428128111,4896408.81215143,hja2016_193,HJA-2016_soil_12,3,soil_detected,761,32,0.04204993429697766,3.25,7784.184521746783,FALSE,0,TRUE,TRUE,TRUE
hja2016_064,WS3-4,planktonic,2,510,81.3,560692.425787583,4896348.81480109,hja2016_193,HJA-2016_soil_12,3,soil_detected,761,12,0.01576872536136662,2.49,7767.048555850915,FALSE,0,TRUE,TRUE,TRUE
hja2016_099,162,planktonic,5,66,6208.4,559348.485139852,4895468.85366269,hja2016_193,HJA-2016_soil_12,3,soil_detected,761,13,0.017082785808147174,0.77,9370.468050117475,TRUE,1,TRUE,TRUE,TRUE
hja2016_100,64,planktonic,2,163,33.5,570527.99142083,4895508.85189625,hja2016_193,HJA-2016_soil_12,3,soil_detected,761,5,0.006570302233902759,0.33,5571.456354611764,FALSE,0,TRUE,FALSE,FALSE
hja2016_101,58,planktonic,3,385,67.2,566998.147308857,4898497.71989928,hja2016_193,HJA-2016_soil_12,3,soil_detected,761,7,0.009198423127463863,0.58,1725.04414087562,FALSE,0,TRUE,TRUE,TRUE
hja2016_102,73,hyporheic,2,255,137,566310.177691566,4896786.79545861,hja2016_193,HJA-2016_soil_12,3,soil_detected,761,11,0.01445466491458607,0.95,3563.6073069890363,FALSE,0,TRUE,TRUE,TRUE
hja2016_103,260,planktonic,4,23,866.1,566425.172613061,4897456.76587079,hja2016_193,HJA-2016_soil_12,3,soil_detected,761,16,0.02102496714848883,1.57,2894.368160252491,FALSE,0,TRUE,FALSE,FALSE
hja2016_105,178,planktonic,2,411,19.9,566185.18321168,4901793.57434491,hja2016_193,HJA-2016_soil_12,3,soil_detected,761,13,0.017082785808147174,0.99,2072.5508843730527,FALSE,0,TRUE,TRUE,TRUE
hja2016_106,170,planktonic,2,229,49.4,570659.985591589,4896908.79007097,hja2016_193,HJA-2016_soil_12,3,soil_detected,761,2,0.002628120893561104,0.2,4561.403325989067,FALSE,0,TRUE,FALSE,FALSE
hja2016_107,57,hyporheic,4,131,1488.8,563668.294364702,4898599.71539487,hja2016_193,HJA-2016_soil_12,3,soil_detected,761,9,0.011826544021024968,0.72,4100.353337288182,TRUE,1,TRUE,TRUE,TRUE
hja2016_109,169,planktonic,2,144,53.5,568641.074752475,4902527.5419308,hja2016_193,HJA-2016_soil_12,3,soil_detected,761,7,0.009198423127463863,0.76,2645.917624946402,FALSE,0,TRUE,TRUE,TRUE
hja2016_110,76,hyporheic,3,150,303.5,570464.994202967,4896947.7883487,hja2016_193,HJA-2016_soil_12,3,soil_detected,761,7,0.009198423127463863,0.72,4398.2453293174785,FALSE,0,TRUE,TRUE,TRUE
hja2016_111,160,planktonic,5,24,2569.5,566416.173010509,4897492.764281,hja2016_193,HJA-2016_soil_12,3,soil_detected,761,9,0.011826544021024968,0.76,2864.048282714149,FALSE,0,TRUE,TRUE,TRUE
hja2016_114,WS1-5,planktonic,2,522,87.9,559517.477676657,4895016.87362342,hja2016_193,HJA-2016_soil_12,3,soil_detected,761,14,0.018396846254927726,0.88,9462.408946146646,FALSE,0,TRUE,TRUE,TRUE
hja2016_116,53,planktonic,3,78,280.7,568092.098996817,4898223.73199937,hja2016_193,HJA-2016_soil_12,3,soil_detected,761,8,0.010512483574244415,0.79,2036.4552355176897,FALSE,0,TRUE,TRUE,TRUE
hja2016_119,56,planktonic,3,321,99.5,562839.3309741,4897811.75019367,hja2016_193,HJA-2016_soil_12,3,soil_detected,761,17,0.022339027595269383,1.49,5183.268583436593,FALSE,0,TRUE,TRUE,TRUE
hja2016_121,84,hyporheic,4,112,622.7,566447.171641521,4900685.6232752,hja2016_193,HJA-2016_soil_12,3,soil_detected,761,1,0.001314060446780552,0.18,1141.5027718734016,FALSE,0,TRUE,TRUE,TRUE
hja2016_122,45,sediment,3,390,193.2,565977.192397151,4897892.74661664,hja2016_193,HJA-2016_soil_12,3,soil_detected,761,65,0.08541392904073587,7.63,2709.005680120184,FALSE,0,TRUE,TRUE,TRUE
hja2016_125,56,sediment,3,321,99.5,562839.3309741,4897811.75019367,hja2016_193,HJA-2016_soil_12,3,soil_detected,761,62,0.08147174770039421,7.59,5183.268583436593,FALSE,0,TRUE,TRUE,TRUE
hja2016_164,260,sediment,4,23,866.1,566425.172613061,4897456.76587079,hja2016_193,HJA-2016_soil_12,3,soil_detected,761,54,0.070959264126149807,8.36,2894.368160252491,FALSE,0,TRUE,FALSE,FALSE
hja2016_166,57,sediment,4,131,1488.8,563668.294364702,4898599.71539487,hja2016_193,HJA-2016_soil_12,3,soil_detected,761,43,0.056504599211563734,4.57,4100.353337288182,TRUE,1,TRUE,TRUE,TRUE
hja2016_167,WS3-1,sediment,2,511,96.4,560508.433913191,4896516.80738205,hja2016_193,HJA-2016_soil_12,3,soil_detected,761,148,0.19448094612352168,18.08,7848.514822724774,FALSE,0,TRUE,TRUE,TRUE
hja2016_169,WS3-2,sediment,2,511,95.7,560554.431881789,4896487.80866272,hja2016_193,HJA-2016_soil_12,3,soil_detected,761,160,0.2102496714848883,17.66,7821.373057754974,FALSE,0,TRUE,TRUE,TRUE
hja2016_170,WS3-3,sediment,2,511,93.4,560639.428128111,4896408.81215143,hja2016_193,HJA-2016_soil_12,3,soil_detected,761,64,0.08409986859395532,6.18,7784.184521746783,FALSE,0,TRUE,TRUE,TRUE
hja2016_177,WS1-3,sediment,2,522,92.1,559404.482666841,4895069.8712829,hja2016_193,HJA-2016_soil_12,3,soil_detected,761,79,0.1038107752956636,10.27,9529.042094881454,FALSE,0,TRUE,TRUE,TRUE
hja2016_179,WS1-5,sediment,2,522,87.9,559517.477676657,4895016.87362342,hja2016_193,HJA-2016_soil_12,3,soil_detected,761,68,0.08935611038107753,8.37,9462.408946146646,FALSE,0,TRUE,TRUE,TRUE
hja2016_180,WS1-6,sediment,2,522,82.7,559631.472642313,4894993.87463913,hja2016_193,HJA-2016_soil_12,3,soil_detected,761,39,0.051248357424441525,4.14,9379.57260270993,FALSE,0,TRUE,TRUE,TRUE
hja2016_181,177,sediment,1,452,14.8,565808.199860345,4901620.58198475,hja2016_193,HJA-2016_soil_12,3,soil_detected,761,63,0.08278580814717477,6.25,2205.360285034122,FALSE,0,TRUE,TRUE,TRUE
hja2016_001,50,planktonic,5,41,4956.4,563054.321479503,4898132.73601802,hja2016_193,HJA-2016_soil_12,3,soil_enriched,549,2,0.0036429872495446266,0.53,4849.873830215744,TRUE,1,TRUE,TRUE,TRUE
hja2016_008,WS3-1,hyporheic,2,511,96.4,560508.433913191,4896516.80738205,hja2016_193,HJA-2016_soil_12,3,soil_enriched,549,5,0.009107468123861567,0.52,7848.514822724774,FALSE,0,TRUE,TRUE,TRUE
hja2016_009,60,hyporheic,2,316,43.1,567391.129953618,4898693.71124374,hja2016_193,HJA-2016_soil_12,3,soil_enriched,549,4,0.007285974499089253,0.58,1467.6231152746443,FALSE,0,TRUE,FALSE,FALSE
hja2016_010,164,planktonic,3,502,60.8,560307.442789535,4895737.8417834,hja2016_193,HJA-2016_soil_12,3,soil_enriched,549,0,0,0,8409.29718608642,FALSE,0,TRUE,TRUE,TRUE
hja2016_011,WS1-6,planktonic,2,522,82.7,559631.472642313,4894993.87463913,hja2016_193,HJA-2016_soil_12,3,soil_enriched,549,11,0.020036429872495445,1.05,9379.57260270993,FALSE,0,TRUE,TRUE,TRUE
hja2016_013,WS1-4,planktonic,2,522,89.8,559453.480502956,4895042.87247524,hja2016_193,HJA-2016_soil_12,3,soil_enriched,549,6,0.01092896174863388,0.76,9502.166918869456,FALSE,0,TRUE,TRUE,TRUE
hja2016_014,WS1-6,hyporheic,2,522,82.7,559631.472642313,4894993.87463913,hja2016_193,HJA-2016_soil_12,3,soil_enriched,549,2,0.0036429872495446266,0.43,9379.57260270993,FALSE,0,TRUE,TRUE,TRUE
hja2016_015,47,hyporheic,4,134,1550.1,563254.31264732,4898130.73610634,hja2016_193,HJA-2016_soil_12,3,soil_enriched,549,2,0.0036429872495446266,0.62,4669.803963584939,TRUE,1,TRUE,TRUE,TRUE
hja2016_016,74,hyporheic,2,373,70,565310.221852481,4897724.75403567,hja2016_193,HJA-2016_soil_12,3,soil_enriched,549,1,0.0018214936247723133,0.05,3248.358045025512,FALSE,0,TRUE,TRUE,TRUE
hja2016_018,WS1-5,hyporheic,2,522,87.9,559517.477676657,4895016.87362342,hja2016_193,HJA-2016_soil_12,3,soil_enriched,549,6,0.01092896174863388,0.41,9462.408946146646,FALSE,0,TRUE,TRUE,TRUE
hja2016_019,155,hyporheic,2,345,81.2,565811.199727862,4897652.75721525,hja2016_193,HJA-2016_soil_12,3,soil_enriched,549,13,0.023679417122040074,2.8,3000.7203504714066,FALSE,0,TRUE,FALSE,FALSE
hja2016_020,WS1-2,hyporheic,2,522,93.6,559354.484874886,4895103.86978142,hja2016_193,HJA-2016_soil_12,3,soil_enriched,549,7,0.012750455373406194,0.89,9553.311057881005,FALSE,0,TRUE,TRUE,TRUE
hja2016_021,156,hyporheic,5,24,2575.9,566141.185154761,4897558.76136638,hja2016_193,HJA-2016_soil_12,3,soil_enriched,549,3,0.00546448087431694,0.55,2916.328627189298,FALSE,0,TRUE,TRUE,TRUE
hja2016_027,WS3-6,planktonic,2,510,78.4,560819.420179147,4896235.81979127,hja2016_193,HJA-2016_soil_12,3,soil_enriched,549,5,0.009107468123861567,0.61,7713.5073980948955,FALSE,0,TRUE,TRUE,TRUE
hja2016_065,68,hyporheic,5,30,3032.2,565145.229139031,4897899.74630751,hja2016_193,HJA-2016_soil_12,3,soil_enriched,549,14,0.025500910746812388,1.68,3235.27062031254,FALSE,0,TRUE,TRUE,TRUE
hja2016_066,49,hyporheic,5,40,3399.1,563281.311454976,4898046.73981585,hja2016_193,HJA-2016_soil_12,3,soil_enriched,549,6,0.01092896174863388,0.83,4682.797380709248,FALSE,0,TRUE,TRUE,TRUE
hja2016_070,56,hyporheic,3,321,99.5,562839.3309741,4897811.75019367,hja2016_193,HJA-2016_soil_12,3,soil_enriched,549,8,0.014571948998178506,0.79,5183.268583436593,FALSE,0,TRUE,TRUE,TRUE
hja2016_071,164,hyporheic,3,502,60.8,560307.442789535,4895737.8417834,hja2016_193,HJA-2016_soil_12,3,soil_enriched,549,10,0.018214936247723135,0.92,8409.29718608642,FALSE,0,TRUE,TRUE,TRUE
hja2016_075,260,hyporheic,4,23,866.1,566425.172613061,4897456.76587079,hja2016_193,HJA-2016_soil_12,3,soil_enriched,549,6,0.01092896174863388,0.99,2894.368160252491,FALSE,0,TRUE,FALSE,FALSE
hja2016_078,CC-1,hyporheic,2,183,64,569956.016680872,4897740.75332909,hja2016_193,HJA-2016_soil_12,3,soil_enriched,549,6,0.01092896174863388,1.05,3475.6152960934396,FALSE,0,TRUE,TRUE,TRUE
hja2016_079,64,hyporheic,2,163,33.5,570527.99142083,4895508.85189625,hja2016_193,HJA-2016_soil_12,3,soil_enriched,549,16,0.029143897996357013,1.57,5571.456354611764,FALSE,0,TRUE,FALSE,FALSE
hja2016_084,177,hyporheic,1,452,14.8,565808.199860345,4901620.58198475,hja2016_193,HJA-2016_soil_12,3,soil_enriched,549,6,0.01092896174863388,0.81,2205.360285034122,FALSE,0,TRUE,TRUE,TRUE
hja2016_127,60,sediment,2,316,43.1,567391.129953618,4898693.71124374,hja2016_193,HJA-2016_soil_12,3,soil_enriched,549,14,0.025500910746812388,1.33,1467.6231152746443,FALSE,0,TRUE,FALSE,FALSE
hja2016_129,72,sediment,4,16,568.3,566542.167446234,4896499.80813279,hja2016_193,HJA-2016_soil_12,3,soil_enriched,549,30,0.0546448087431694,3.43,3773.3018240268284,FALSE,0,TRUE,TRUE,TRUE
hja2016_131,74,sediment,2,373,70,565310.221852481,4897724.75403567,hja2016_193,HJA-2016_soil_12,3,soil_enriched,549,31,0.056466302367941715,3.5,3248.358045025512,FALSE,0,TRUE,TRUE,TRUE
hja2016_132,84,sediment,4,112,622.7,566447.171641521,4900685.6232752,hja2016_193,HJA-2016_soil_12,3,soil_enriched,549,27,0.04918032786885246,3.01,1141.5027718734016,FALSE,0,TRUE,TRUE,TRUE
hja2016_133,161,sediment,5,51,5699.1,561109.407372482,4897170.77850081,hja2016_193,HJA-2016_soil_12,3,soil_enriched,549,86,0.15664845173041894,9.28,7019.085147210741,TRUE,1,TRUE,TRUE,TRUE
hja2016_135,169,sediment,2,144,53.5,568641.074752475,4902527.5419308,hja2016_193,HJA-2016_soil_12,3,soil_enriched,549,27,0.04918032786885246,3.19,2645.917624946402,FALSE,0,TRUE,TRUE,TRUE
hja2016_136,190,sediment,1,546,14.2,564169.272240084,4897881.7471024,hja2016_193,HJA-2016_soil_12,3,soil_enriched,549,28,0.051001821493624776,2.55,4002.4958219943887,FALSE,0,TRUE,FALSE,FALSE
hja2016_139,CC-2,sediment,2,183,63.6,569992.01509108,4897760.75244588,hja2016_193,HJA-2016_soil_12,3,soil_enriched,549,27,0.04918032786885246,3.16,3487.7682271539056,FALSE,0,TRUE,TRUE,TRUE
hja2016_140,CC-3,sediment,2,183,63,570038.013059678,4897795.75090024,hja2016_193,HJA-2016_soil_12,3,soil_enriched,549,30,0.0546448087431694,2.71,3497.5499889993384,FALSE,0,TRUE,TRUE,TRUE
hja2016_141,CC-4,sediment,2,183,58.5,570162.007583724,4897831.74931045,hja2016_193,HJA-2016_soil_12,3,soil_enriched,549,27,0.04918032786885246,2.94,3566.310849022186,FALSE,0,TRUE,TRUE,TRUE
hja2016_142,KC-1,sediment,3,362,114.7,562012.367495176,4896802.79475203,hja2016_193,HJA-2016_soil_12,3,soil_enriched,549,24,0.04371584699453552,2.1,6399.128410632148,FALSE,0,TRUE,TRUE,TRUE
hja2016_144,KC-3,sediment,3,362,114,562000.368025107,4896680.80013966,hja2016_193,HJA-2016_soil_12,3,soil_enriched,549,19,0.03460837887067395,2.25,6474.076404355397,FALSE,0,TRUE,TRUE,TRUE
hja2016_145,155,sediment,2,345,81.2,565811.199727862,4897652.75721525,hja2016_193,HJA-2016_soil_12,3,soil_enriched,549,34,0.061930783242258654,3.29,3000.7203504714066,FALSE,0,TRUE,FALSE,FALSE
hja2016_146,156,sediment,5,24,2575.9,566141.185154761,4897558.76136638,hja2016_193,HJA-2016_soil_12,3,soil_enriched,549,21,0.03825136612021858,1.76,2916.328627189298,FALSE,0,TRUE,TRUE,TRUE
hja2016_147,163,sediment,5,63,6126.6,559726.468447026,4896111.82526722,hja2016_193,HJA-2016_soil_12,3,soil_enriched,549,79,0.14389799635701275,9,8729.119376582628,TRUE,1,TRUE,TRUE,TRUE
hja2016_148,165,sediment,2,494,27.9,564789.244860317,4900155.64668049,hja2016_193,HJA-2016_soil_12,3,soil_enriched,549,39,0.07103825136612021,3.47,2671.061992970397,FALSE,0,TRUE,FALSE,FALSE
hja2016_150,53,sediment,3,78,280.7,568092.098996817,4898223.73199937,hja2016_193,HJA-2016_soil_12,3,soil_enriched,549,21,0.03825136612021858,1.98,2036.4552355176897,FALSE,0,TRUE,TRUE,TRUE
hja2016_151,64,sediment,2,163,33.5,570527.99142083,4895508.85189625,hja2016_193,HJA-2016_soil_12,3,soil_enriched,549,76,0.1384335154826958,8.17,5571.456354611764,FALSE,0,TRUE,FALSE,FALSE
hja2016_152,66,sediment,4,79,1360.7,567970.104384448,4898153.73509064,hja2016_193,HJA-2016_soil_12,3,soil_enriched,549,14,0.025500910746812388,1.6,2069.7354805170307,FALSE,0,TRUE,TRUE,TRUE
hja2016_155,82,sediment,2,536,36.6,564452.259742545,4899854.65997292,hja2016_193,HJA-2016_soil_12,3,soil_enriched,549,34,0.061930783242258654,3.36,3023.471563517687,FALSE,0,TRUE,TRUE,TRUE
hja2016_157,43,sediment,1,538,7.8,567346.131940859,4898257.7304979,hja2016_193,HJA-2016_soil_12,3,soil_enriched,549,24,0.04371584699453552,1.74,1905.3964401986682,FALSE,0,TRUE,FALSE,FALSE
hja2016_159,49,sediment,5,40,3399.1,563281.311454976,4898046.73981585,hja2016_193,HJA-2016_soil_12,3,soil_enriched,549,17,0.030965391621129327,1.72,4682.797380709248,FALSE,0,TRUE,TRUE,TRUE
hja2016_160,50,sediment,5,41,4956.4,563054.321479503,4898132.73601802,hja2016_193,HJA-2016_soil_12,3,soil_enriched,549,7,0.012750455373406194,0.87,4849.873830215744,TRUE,1,TRUE,TRUE,TRUE
hja2016_031,161,hyporheic,5,51,5699.1,561109.407372482,4897170.77850081,hja2016_193,HJA-2016_soil_12,3,soil_enriched,549,3,0.00546448087431694,0.97,7019.085147210741,TRUE,1,TRUE,TRUE,TRUE
hja2016_032,54,hyporheic,3,363,207.7,561802.376768968,4897363.76997776,hja2016_193,HJA-2016_soil_12,3,soil_enriched,549,7,0.012750455373406194,0.78,6311.052281473792,FALSE,0,TRUE,TRUE,TRUE
hja2016_035,192,hyporheic,2,542,28.5,564620.252323511,4897836.74908965,hja2016_193,HJA-2016_soil_12,3,soil_enriched,549,7,0.012750455373406194,1.19,3669.0609577737937,FALSE,0,TRUE,TRUE,TRUE
hja2016_037,43,hyporheic,1,538,7.8,567346.131940859,4898257.7304979,hja2016_193,HJA-2016_soil_12,3,soil_enriched,549,0,0,0,1905.3964401986682,FALSE,0,TRUE,FALSE,FALSE
hja2016_042,165,planktonic,2,494,27.9,564789.244860317,4900155.64668049,hja2016_193,HJA-2016_soil_12,3,soil_enriched,549,1,0.0018214936247723133,0.07,2671.061992970397,FALSE,0,TRUE,FALSE,FALSE
hja2016_043,KC-2,hyporheic,3,362,114.2,561999.368069268,4896735.79771081,hja2016_193,HJA-2016_soil_12,3,soil_enriched,549,6,0.01092896174863388,1.21,6445.537058127088,FALSE,0,TRUE,TRUE,TRUE
hja2016_049,67,planktonic,4,83,1558.1,567119.141965387,4897968.74326041,hja2016_193,HJA-2016_soil_12,3,soil_enriched,549,1,0.0018214936247723133,0.06,2217.3626446582643,FALSE,0,TRUE,TRUE,TRUE
hja2016_050,165,hyporheic,2,494,27.9,564789.244860317,4900155.64668049,hja2016_193,HJA-2016_soil_12,3,soil_enriched,549,10,0.018214936247723135,0.92,2671.061992970397,FALSE,0,TRUE,FALSE,FALSE
hja2016_052,163,hyporheic,5,63,6126.6,559726.468447026,4896111.82526722,hja2016_193,HJA-2016_soil_12,3,soil_enriched,549,8,0.014571948998178506,0.8,8729.119376582628,TRUE,1,TRUE,TRUE,TRUE
hja2016_056,KC-1,hyporheic,3,362,114.7,562012.367495176,4896802.79475203,hja2016_193,HJA-2016_soil_12,3,soil_enriched,549,10,0.018214936247723135,0.81,6399.128410632148,FALSE,0,TRUE,TRUE,TRUE
hja2016_057,71,hyporheic,3,556,101.7,562662.338790582,4897988.74237719,hja2016_193,HJA-2016_soil_12,3,soil_enriched,549,3,0.00546448087431694,0.68,5266.264247586409,FALSE,0,TRUE,TRUE,TRUE
hja2016_059,KC-2,planktonic,3,362,114.2,561999.368069268,4896735.79771081,hja2016_193,HJA-2016_soil_12,3,soil_enriched,549,7,0.012750455373406194,1.49,6445.537058127088,FALSE,0,TRUE,TRUE,TRUE
hja2016_062,WS3-3,hyporheic,2,511,93.4,560639.428128111,4896408.81215143,hja2016_193,HJA-2016_soil_12,3,soil_enriched,549,10,0.018214936247723135,0.89,7784.184521746783,FALSE,0,TRUE,TRUE,TRUE
hja2016_064,WS3-4,planktonic,2,510,81.3,560692.425787583,4896348.81480109,hja2016_193,HJA-2016_soil_12,3,soil_enriched,549,4,0.007285974499089253,0.56,7767.048555850915,FALSE,0,TRUE,TRUE,TRUE
hja2016_099,162,planktonic,5,66,6208.4,559348.485139852,4895468.85366269,hja2016_193,HJA-2016_soil_12,3,soil_enriched,549,4,0.007285974499089253,0.3,9370.468050117475,TRUE,1,TRUE,TRUE,TRUE
hja2016_100,64,planktonic,2,163,33.5,570527.99142083,4895508.85189625,hja2016_193,HJA-2016_soil_12,3,soil_enriched,549,2,0.0036429872495446266,0.14,5571.456354611764,FALSE,0,TRUE,FALSE,FALSE
hja2016_101,58,planktonic,3,385,67.2,566998.147308857,4898497.71989928,hja2016_193,HJA-2016_soil_12,3,soil_enriched,549,2,0.0036429872495446266,0.2,1725.04414087562,FALSE,0,TRUE,TRUE,TRUE
hja2016_102,73,hyporheic,2,255,137,566310.177691566,4896786.79545861,hja2016_193,HJA-2016_soil_12,3,soil_enriched,549,4,0.007285974499089253,0.28,3563.6073069890363,FALSE,0,TRUE,TRUE,TRUE
hja2016_103,260,planktonic,4,23,866.1,566425.172613061,4897456.76587079,hja2016_193,HJA-2016_soil_12,3,soil_enriched,549,2,0.0036429872495446266,0.42,2894.368160252491,FALSE,0,TRUE,FALSE,FALSE
hja2016_105,178,planktonic,2,411,19.9,566185.18321168,4901793.57434491,hja2016_193,HJA-2016_soil_12,3,soil_enriched,549,5,0.009107468123861567,0.48,2072.5508843730527,FALSE,0,TRUE,TRUE,TRUE
hja2016_106,170,planktonic,2,229,49.4,570659.985591589,4896908.79007097,hja2016_193,HJA-2016_soil_12,3,soil_enriched,549,1,0.0018214936247723133,0.07,4561.403325989067,FALSE,0,TRUE,FALSE,FALSE
hja2016_107,57,hyporheic,4,131,1488.8,563668.294364702,4898599.71539487,hja2016_193,HJA-2016_soil_12,3,soil_enriched,549,3,0.00546448087431694,0.39,4100.353337288182,TRUE,1,TRUE,TRUE,TRUE
hja2016_109,169,planktonic,2,144,53.5,568641.074752475,4902527.5419308,hja2016_193,HJA-2016_soil_12,3,soil_enriched,549,3,0.00546448087431694,0.41,2645.917624946402,FALSE,0,TRUE,TRUE,TRUE
hja2016_110,76,hyporheic,3,150,303.5,570464.994202967,4896947.7883487,hja2016_193,HJA-2016_soil_12,3,soil_enriched,549,3,0.00546448087431694,0.3,4398.2453293174785,FALSE,0,TRUE,TRUE,TRUE
hja2016_111,160,planktonic,5,24,2569.5,566416.173010509,4897492.764281,hja2016_193,HJA-2016_soil_12,3,soil_enriched,549,3,0.00546448087431694,0.26,2864.048282714149,FALSE,0,TRUE,TRUE,TRUE
hja2016_114,WS1-5,planktonic,2,522,87.9,559517.477676657,4895016.87362342,hja2016_193,HJA-2016_soil_12,3,soil_enriched,549,4,0.007285974499089253,0.32,9462.408946146646,FALSE,0,TRUE,TRUE,TRUE
hja2016_116,53,planktonic,3,78,280.7,568092.098996817,4898223.73199937,hja2016_193,HJA-2016_soil_12,3,soil_enriched,549,3,0.00546448087431694,0.36,2036.4552355176897,FALSE,0,TRUE,TRUE,TRUE
hja2016_119,56,planktonic,3,321,99.5,562839.3309741,4897811.75019367,hja2016_193,HJA-2016_soil_12,3,soil_enriched,549,4,0.007285974499089253,0.51,5183.268583436593,FALSE,0,TRUE,TRUE,TRUE
hja2016_121,84,hyporheic,4,112,622.7,566447.171641521,4900685.6232752,hja2016_193,HJA-2016_soil_12,3,soil_enriched,549,1,0.0018214936247723133,0.08,1141.5027718734016,FALSE,0,TRUE,TRUE,TRUE
hja2016_122,45,sediment,3,390,193.2,565977.192397151,4897892.74661664,hja2016_193,HJA-2016_soil_12,3,soil_enriched,549,23,0.04189435336976321,1.91,2709.005680120184,FALSE,0,TRUE,TRUE,TRUE
hja2016_125,56,sediment,3,321,99.5,562839.3309741,4897811.75019367,hja2016_193,HJA-2016_soil_12,3,soil_enriched,549,22,0.04007285974499089,1.82,5183.268583436593,FALSE,0,TRUE,TRUE,TRUE
hja2016_164,260,sediment,4,23,866.1,566425.172613061,4897456.76587079,hja2016_193,HJA-2016_soil_12,3,soil_enriched,549,20,0.03642987249544627,2.69,2894.368160252491,FALSE,0,TRUE,FALSE,FALSE
hja2016_166,57,sediment,4,131,1488.8,563668.294364702,4898599.71539487,hja2016_193,HJA-2016_soil_12,3,soil_enriched,549,8,0.014571948998178506,1.04,4100.353337288182,TRUE,1,TRUE,TRUE,TRUE
hja2016_167,WS3-1,sediment,2,511,96.4,560508.433913191,4896516.80738205,hja2016_193,HJA-2016_soil_12,3,soil_enriched,549,83,0.151183970856102,9,7848.514822724774,FALSE,0,TRUE,TRUE,TRUE
hja2016_169,WS3-2,sediment,2,511,95.7,560554.431881789,4896487.80866272,hja2016_193,HJA-2016_soil_12,3,soil_enriched,549,88,0.16029143897996356,9.05,7821.373057754974,FALSE,0,TRUE,TRUE,TRUE
hja2016_170,WS3-3,sediment,2,511,93.4,560639.428128111,4896408.81215143,hja2016_193,HJA-2016_soil_12,3,soil_enriched,549,22,0.04007285974499089,2.13,7784.184521746783,FALSE,0,TRUE,TRUE,TRUE
hja2016_177,WS1-3,sediment,2,522,92.1,559404.482666841,4895069.8712829,hja2016_193,HJA-2016_soil_12,3,soil_enriched,549,35,0.06375227686703097,3.34,9529.042094881454,FALSE,0,TRUE,TRUE,TRUE
hja2016_179,WS1-5,sediment,2,522,87.9,559517.477676657,4895016.87362342,hja2016_193,HJA-2016_soil_12,3,soil_enriched,549,23,0.04189435336976321,2.5,9462.408946146646,FALSE,0,TRUE,TRUE,TRUE
hja2016_180,WS1-6,sediment,2,522,82.7,559631.472642313,4894993.87463913,hja2016_193,HJA-2016_soil_12,3,soil_enriched,549,5,0.009107468123861567,1.11,9379.57260270993,FALSE,0,TRUE,TRUE,TRUE
hja2016_181,177,sediment,1,452,14.8,565808.199860345,4901620.58198475,hja2016_193,HJA-2016_soil_12,3,soil_enriched,549,19,0.03460837887067395,1.98,2205.360285034122,FALSE,0,TRUE,TRUE,TRUE
hja2016_001,50,planktonic,5,41,4956.4,563054.321479503,4898132.73601802,hja2016_194,HJA-2016_soil_13,3,soil_detected,1132,28,0.024734982332155476,7.84,2941.905042101549,TRUE,1,TRUE,TRUE,TRUE
hja2016_008,WS3-1,hyporheic,2,511,96.4,560508.433913191,4896516.80738205,hja2016_194,HJA-2016_soil_13,3,soil_detected,1132,113,0.09982332155477032,20.53,5642.343480235059,FALSE,0,TRUE,TRUE,TRUE
hja2016_009,60,hyporheic,2,316,43.1,567391.129953618,4898693.71124374,hja2016_194,HJA-2016_soil_13,3,soil_detected,1132,100,0.08833922261484099,21.29,1627.261606199983,FALSE,0,TRUE,FALSE,FALSE
hja2016_010,164,planktonic,3,502,60.8,560307.442789535,4895737.8417834,hja2016_194,HJA-2016_soil_13,3,soil_detected,1132,22,0.019434628975265017,7.69,6066.3358915277595,FALSE,0,TRUE,TRUE,TRUE
hja2016_011,WS1-6,planktonic,2,522,82.7,559631.472642313,4894993.87463913,hja2016_194,HJA-2016_soil_13,3,soil_detected,1132,138,0.12190812720848057,15.49,6976.115962077639,FALSE,0,TRUE,TRUE,TRUE
hja2016_013,WS1-4,planktonic,2,522,89.8,559453.480502956,4895042.87247524,hja2016_194,HJA-2016_soil_13,3,soil_detected,1132,95,0.08392226148409894,13.7,7118.965691379154,FALSE,0,TRUE,TRUE,TRUE
hja2016_014,WS1-6,hyporheic,2,522,82.7,559631.472642313,4894993.87463913,hja2016_194,HJA-2016_soil_13,3,soil_detected,1132,83,0.07332155477031801,17.44,6976.115962077639,FALSE,0,TRUE,TRUE,TRUE
hja2016_015,47,hyporheic,4,134,1550.1,563254.31264732,4898130.73610634,hja2016_194,HJA-2016_soil_13,3,soil_detected,1132,39,0.03445229681978799,10.08,2742.552356261057,FALSE,0,TRUE,TRUE,TRUE
hja2016_016,74,hyporheic,2,373,70,565310.221852481,4897724.75403567,hja2016_194,HJA-2016_soil_13,3,soil_detected,1132,25,0.022084805653710248,5.29,691.1791434110165,FALSE,0,TRUE,TRUE,TRUE
hja2016_018,WS1-5,hyporheic,2,522,87.9,559517.477676657,4895016.87362342,hja2016_194,HJA-2016_soil_13,3,soil_detected,1132,93,0.08215547703180212,8.07,7070.764889003563,FALSE,0,TRUE,TRUE,TRUE
hja2016_019,155,hyporheic,2,345,81.2,565811.199727862,4897652.75721525,hja2016_194,HJA-2016_soil_13,3,soil_detected,1132,115,0.10159010600706714,18.86,281.96717029760634,FALSE,0,TRUE,FALSE,FALSE
hja2016_020,WS1-2,hyporheic,2,522,93.6,559354.484874886,4895103.86978142,hja2016_194,HJA-2016_soil_13,3,soil_detected,1132,163,0.1439929328621908,17.81,7186.158212151722,FALSE,0,TRUE,TRUE,TRUE
hja2016_021,156,hyporheic,5,24,2575.9,566141.185154761,4897558.76136638,hja2016_194,HJA-2016_soil_13,3,soil_detected,1132,47,0.04151943462897526,12.81,352.62821179016294,FALSE,0,TRUE,TRUE,TRUE
hja2016_027,WS3-6,planktonic,2,510,78.4,560819.420179147,4896235.81979127,hja2016_194,HJA-2016_soil_13,3,soil_detected,1132,59,0.052120141342756186,8.66,5419.288574085166,FALSE,0,TRUE,TRUE,TRUE
hja2016_065,68,hyporheic,5,30,3032.2,565145.229139031,4897899.74630751,hja2016_194,HJA-2016_soil_13,3,soil_detected,1132,131,0.1157243816254417,17.81,840.0424818821426,TRUE,1,TRUE,TRUE,TRUE
hja2016_066,49,hyporheic,5,40,3399.1,563281.311454976,4898046.73981585,hja2016_194,HJA-2016_soil_13,3,soil_detected,1132,115,0.10159010600706714,13.85,2709.049317179838,TRUE,1,TRUE,TRUE,TRUE
hja2016_070,56,hyporheic,3,321,99.5,562839.3309741,4897811.75019367,hja2016_194,HJA-2016_soil_13,3,soil_detected,1132,57,0.05035335689045936,8.83,3146.205293638957,FALSE,0,TRUE,TRUE,TRUE
hja2016_071,164,hyporheic,3,502,60.8,560307.442789535,4895737.8417834,hja2016_194,HJA-2016_soil_13,3,soil_detected,1132,149,0.13162544169611307,16.31,6066.3358915277595,FALSE,0,TRUE,TRUE,TRUE
hja2016_075,260,hyporheic,4,23,866.1,566425.172613061,4897456.76587079,hja2016_194,HJA-2016_soil_13,3,soil_detected,1132,94,0.08303886925795052,18.25,607.1618681870806,FALSE,0,TRUE,FALSE,FALSE
hja2016_078,CC-1,hyporheic,2,183,64,569956.016680872,4897740.75332909,hja2016_194,HJA-2016_soil_13,3,soil_detected,1132,90,0.07950530035335689,13.08,3973.377580052826,FALSE,0,TRUE,TRUE,TRUE
hja2016_079,64,hyporheic,2,163,33.5,570527.99142083,4895508.85189625,hja2016_194,HJA-2016_soil_13,3,soil_detected,1132,90,0.07950530035335689,13.19,5122.272682041751,FALSE,0,TRUE,FALSE,FALSE
hja2016_084,177,hyporheic,1,452,14.8,565808.199860345,4901620.58198475,hja2016_194,HJA-2016_soil_13,3,soil_detected,1132,86,0.07597173144876325,20.13,3749.880942035897,FALSE,0,TRUE,TRUE,TRUE
hja2016_127,60,sediment,2,316,43.1,567391.129953618,4898693.71124374,hja2016_194,HJA-2016_soil_13,3,soil_detected,1132,353,0.3118374558303887,33,1627.261606199983,FALSE,0,TRUE,FALSE,FALSE
hja2016_129,72,sediment,4,16,568.3,566542.167446234,4896499.80813279,hja2016_194,HJA-2016_soil_13,3,soil_detected,1132,359,0.31713780918727913,39.07,1483.6878335333088,FALSE,0,TRUE,TRUE,TRUE
hja2016_131,74,sediment,2,373,70,565310.221852481,4897724.75403567,hja2016_194,HJA-2016_soil_13,3,soil_detected,1132,353,0.3118374558303887,37.74,691.1791434110165,FALSE,0,TRUE,TRUE,TRUE
hja2016_132,84,sediment,4,112,622.7,566447.171641521,4900685.6232752,hja2016_194,HJA-2016_soil_13,3,soil_detected,1132,343,0.3030035335689046,41.1,2848.516237653659,FALSE,0,TRUE,TRUE,TRUE
hja2016_133,161,sediment,5,51,5699.1,561109.407372482,4897170.77850081,hja2016_194,HJA-2016_soil_13,3,soil_detected,1132,323,0.28533568904593637,36.09,4926.073371582875,TRUE,1,TRUE,TRUE,TRUE
hja2016_135,169,sediment,2,144,53.5,568641.074752475,4902527.5419308,hja2016_194,HJA-2016_soil_13,3,soil_detected,1132,388,0.34275618374558303,44.97,5357.483985981573,FALSE,0,TRUE,TRUE,TRUE
hja2016_136,190,sediment,1,546,14.2,564169.272240084,4897881.7471024,hja2016_194,HJA-2016_soil_13,3,soil_detected,1132,283,0.25,33.89,1815.6439058701772,FALSE,0,TRUE,FALSE,FALSE
hja2016_139,CC-2,sediment,2,183,63.6,569992.01509108,4897760.75244588,hja2016_194,HJA-2016_soil_13,3,soil_detected,1132,429,0.3789752650176678,44.47,4008.736521257273,FALSE,0,TRUE,TRUE,TRUE
hja2016_140,CC-3,sediment,2,183,63,570038.013059678,4897795.75090024,hja2016_194,HJA-2016_soil_13,3,soil_detected,1132,285,0.25176678445229683,32.97,4053.88203817227,FALSE,0,TRUE,TRUE,TRUE
hja2016_141,CC-4,sediment,2,183,58.5,570162.007583724,4897831.74931045,hja2016_194,HJA-2016_soil_13,3,soil_detected,1132,303,0.2676678445229682,35.64,4177.327004173797,FALSE,0,TRUE,TRUE,TRUE
hja2016_142,KC-1,sediment,3,362,114.7,562012.367495176,4896802.79475203,hja2016_194,HJA-2016_soil_13,3,soil_detected,1132,341,0.30123674911660775,36.15,4114.653989453545,FALSE,0,TRUE,TRUE,TRUE
hja2016_144,KC-3,sediment,3,362,114,562000.368025107,4896680.80013966,hja2016_194,HJA-2016_soil_13,3,soil_detected,1132,322,0.284452296819788,37.47,4159.605122121114,FALSE,0,TRUE,TRUE,TRUE
hja2016_145,155,sediment,2,345,81.2,565811.199727862,4897652.75721525,hja2016_194,HJA-2016_soil_13,3,soil_detected,1132,354,0.3127208480565371,38.6,281.96717029760634,FALSE,0,TRUE,FALSE,FALSE
hja2016_146,156,sediment,5,24,2575.9,566141.185154761,4897558.76136638,hja2016_194,HJA-2016_soil_13,3,soil_detected,1132,253,0.2234982332155477,31.48,352.62821179016294,FALSE,0,TRUE,TRUE,TRUE
hja2016_147,163,sediment,5,63,6126.6,559726.468447026,4896111.82526722,hja2016_194,HJA-2016_soil_13,3,soil_detected,1132,330,0.2915194346289753,36.33,6502.0242611345475,TRUE,1,TRUE,TRUE,TRUE
hja2016_148,165,sediment,2,494,27.9,564789.244860317,4900155.64668049,hja2016_194,HJA-2016_soil_13,3,soil_detected,1132,438,0.3869257950530035,44.75,2575.1807695924804,FALSE,0,TRUE,FALSE,FALSE
hja2016_150,53,sediment,3,78,280.7,568092.098996817,4898223.73199937,hja2016_194,HJA-2016_soil_13,3,soil_detected,1132,314,0.2773851590106007,34.35,2135.8795636096365,FALSE,0,TRUE,TRUE,TRUE
hja2016_151,64,sediment,2,163,33.5,570527.99142083,4895508.85189625,hja2016_194,HJA-2016_soil_13,3,soil_detected,1132,305,0.26943462897526504,32.15,5122.272682041751,FALSE,0,TRUE,FALSE,FALSE
hja2016_152,66,sediment,4,79,1360.7,567970.104384448,4898153.73509064,hja2016_194,HJA-2016_soil_13,3,soil_detected,1132,220,0.19434628975265017,30.08,2004.6924168111584,FALSE,0,TRUE,TRUE,TRUE
hja2016_155,82,sediment,2,536,36.6,564452.259742545,4899854.65997292,hja2016_194,HJA-2016_soil_13,3,soil_detected,1132,458,0.4045936395759717,43.7,2503.712666748999,FALSE,0,TRUE,TRUE,TRUE
hja2016_157,43,sediment,1,538,7.8,567346.131940859,4898257.7304979,hja2016_194,HJA-2016_soil_13,3,soil_detected,1132,308,0.27208480565371024,32.97,1414.0468962039336,FALSE,0,TRUE,FALSE,FALSE
hja2016_159,49,sediment,5,40,3399.1,563281.311454976,4898046.73981585,hja2016_194,HJA-2016_soil_13,3,soil_detected,1132,359,0.31713780918727913,39.16,2709.049317179838,TRUE,1,TRUE,TRUE,TRUE
hja2016_160,50,sediment,5,41,4956.4,563054.321479503,4898132.73601802,hja2016_194,HJA-2016_soil_13,3,soil_detected,1132,186,0.16431095406360424,21.9,2941.905042101549,TRUE,1,TRUE,TRUE,TRUE
hja2016_031,161,hyporheic,5,51,5699.1,561109.407372482,4897170.77850081,hja2016_194,HJA-2016_soil_13,3,soil_detected,1132,30,0.026501766784452298,10.66,4926.073371582875,TRUE,1,TRUE,TRUE,TRUE
hja2016_032,54,hyporheic,3,363,207.7,561802.376768968,4897363.76997776,hja2016_194,HJA-2016_soil_13,3,soil_detected,1132,51,0.045053003533568906,13.81,4213.63814771205,FALSE,0,TRUE,TRUE,TRUE
hja2016_035,192,hyporheic,2,542,28.5,564620.252323511,4897836.74908965,hja2016_194,HJA-2016_soil_13,3,soil_detected,1132,44,0.038869257950530034,9.63,1365.1830348467006,FALSE,0,TRUE,TRUE,TRUE
hja2016_037,43,hyporheic,1,538,7.8,567346.131940859,4898257.7304979,hja2016_194,HJA-2016_soil_13,3,soil_detected,1132,53,0.046819787985865724,16.72,1414.0468962039336,FALSE,0,TRUE,FALSE,FALSE
hja2016_042,165,planktonic,2,494,27.9,564789.244860317,4900155.64668049,hja2016_194,HJA-2016_soil_13,3,soil_detected,1132,20,0.0176678445229682,6.41,2575.1807695924804,FALSE,0,TRUE,FALSE,FALSE
hja2016_043,KC-2,hyporheic,3,362,114.2,561999.368069268,4896735.79771081,hja2016_194,HJA-2016_soil_13,3,soil_detected,1132,61,0.053886925795053005,16.32,4145.113714053554,FALSE,0,TRUE,TRUE,TRUE
hja2016_049,67,planktonic,4,83,1558.1,567119.141965387,4897968.74326041,hja2016_194,HJA-2016_soil_13,3,soil_detected,1132,17,0.015017667844522967,6.97,1138.117126066273,FALSE,0,TRUE,TRUE,TRUE
hja2016_050,165,hyporheic,2,494,27.9,564789.244860317,4900155.64668049,hja2016_194,HJA-2016_soil_13,3,soil_detected,1132,110,0.09717314487632508,14.6,2575.1807695924804,FALSE,0,TRUE,FALSE,FALSE
hja2016_052,163,hyporheic,5,63,6126.6,559726.468447026,4896111.82526722,hja2016_194,HJA-2016_soil_13,3,soil_detected,1132,107,0.09452296819787986,14.95,6502.0242611345475,TRUE,1,TRUE,TRUE,TRUE
hja2016_056,KC-1,hyporheic,3,362,114.7,562012.367495176,4896802.79475203,hja2016_194,HJA-2016_soil_13,3,soil_detected,1132,128,0.11307420494699646,14.69,4114.653989453545,FALSE,0,TRUE,TRUE,TRUE
hja2016_057,71,hyporheic,3,556,101.7,562662.338790582,4897988.74237719,hja2016_194,HJA-2016_soil_13,3,soil_detected,1132,38,0.03356890459363958,6.74,3324.5152011471287,FALSE,0,TRUE,TRUE,TRUE
hja2016_059,KC-2,planktonic,3,362,114.2,561999.368069268,4896735.79771081,hja2016_194,HJA-2016_soil_13,3,soil_detected,1132,82,0.07243816254416961,17.68,4145.113714053554,FALSE,0,TRUE,TRUE,TRUE
hja2016_062,WS3-3,hyporheic,2,511,93.4,560639.428128111,4896408.81215143,hja2016_194,HJA-2016_soil_13,3,soil_detected,1132,135,0.11925795053003534,11.83,5542.8709794224105,FALSE,0,TRUE,TRUE,TRUE
hja2016_064,WS3-4,planktonic,2,510,81.3,560692.425787583,4896348.81480109,hja2016_194,HJA-2016_soil_13,3,soil_detected,1132,74,0.06537102473498234,14.18,5508.098635548978,FALSE,0,TRUE,TRUE,TRUE
hja2016_099,162,planktonic,5,66,6208.4,559348.485139852,4895468.85366269,hja2016_194,HJA-2016_soil_13,3,soil_detected,1132,41,0.036219081272084806,3.21,7059.103496162055,TRUE,1,TRUE,TRUE,TRUE
hja2016_100,64,planktonic,2,163,33.5,570527.99142083,4895508.85189625,hja2016_194,HJA-2016_soil_13,3,soil_detected,1132,17,0.015017667844522967,1.77,5122.272682041751,FALSE,0,TRUE,FALSE,FALSE
hja2016_101,58,planktonic,3,385,67.2,566998.147308857,4898497.71989928,hja2016_194,HJA-2016_soil_13,3,soil_detected,1132,34,0.030035335689045935,3.07,1189.373752770442,FALSE,0,TRUE,TRUE,TRUE
hja2016_102,73,hyporheic,2,255,137,566310.177691566,4896786.79545861,hja2016_194,HJA-2016_soil_13,3,soil_detected,1132,34,0.030035335689045935,3,1135.6507238819083,FALSE,0,TRUE,TRUE,TRUE
hja2016_103,260,planktonic,4,23,866.1,566425.172613061,4897456.76587079,hja2016_194,HJA-2016_soil_13,3,soil_detected,1132,77,0.06802120141342756,7.94,607.1618681870806,FALSE,0,TRUE,FALSE,FALSE
hja2016_105,178,planktonic,2,411,19.9,566185.18321168,4901793.57434491,hja2016_194,HJA-2016_soil_13,3,soil_detected,1132,37,0.03268551236749117,3.52,3923.8223424059493,FALSE,0,TRUE,TRUE,TRUE
hja2016_106,170,planktonic,2,229,49.4,570659.985591589,4896908.79007097,hja2016_194,HJA-2016_soil_13,3,soil_detected,1132,9,0.007950530035335688,0.98,4773.855910914637,FALSE,0,TRUE,FALSE,FALSE
hja2016_107,57,hyporheic,4,131,1488.8,563668.294364702,4898599.71539487,hja2016_194,HJA-2016_soil_13,3,soil_detected,1132,31,0.027385159010600707,3.13,2427.3610597989937,FALSE,0,TRUE,TRUE,TRUE
hja2016_109,169,planktonic,2,144,53.5,568641.074752475,4902527.5419308,hja2016_194,HJA-2016_soil_13,3,soil_detected,1132,39,0.03445229681978799,3.71,5357.483985981573,FALSE,0,TRUE,TRUE,TRUE
hja2016_110,76,hyporheic,3,150,303.5,570464.994202967,4896947.7883487,hja2016_194,HJA-2016_soil_13,3,soil_detected,1132,30,0.026501766784452298,3.22,4575.007154777444,FALSE,0,TRUE,TRUE,TRUE
hja2016_111,160,planktonic,5,24,2569.5,566416.173010509,4897492.764281,hja2016_194,HJA-2016_soil_13,3,soil_detected,1132,40,0.0353356890459364,3.6,576.1909246036323,FALSE,0,TRUE,TRUE,TRUE
hja2016_114,WS1-5,planktonic,2,522,87.9,559517.477676657,4895016.87362342,hja2016_194,HJA-2016_soil_13,3,soil_detected,1132,38,0.03356890459363958,3.84,7070.764889003563,FALSE,0,TRUE,TRUE,TRUE
hja2016_116,53,planktonic,3,78,280.7,568092.098996817,4898223.73199937,hja2016_194,HJA-2016_soil_13,3,soil_detected,1132,39,0.03445229681978799,3.85,2135.8795636096365,FALSE,0,TRUE,TRUE,TRUE
hja2016_119,56,planktonic,3,321,99.5,562839.3309741,4897811.75019367,hja2016_194,HJA-2016_soil_13,3,soil_detected,1132,66,0.05830388692579505,7.23,3146.205293638957,FALSE,0,TRUE,TRUE,TRUE
hja2016_121,84,hyporheic,4,112,622.7,566447.171641521,4900685.6232752,hja2016_194,HJA-2016_soil_13,3,soil_detected,1132,9,0.007950530035335688,0.85,2848.516237653659,FALSE,0,TRUE,TRUE,TRUE
hja2016_122,45,sediment,3,390,193.2,565977.192397151,4897892.74661664,hja2016_194,HJA-2016_soil_13,3,soil_detected,1132,378,0.3339222614840989,41.84,19.471690301085165,TRUE,0.7407407407407407,FALSE,TRUE,FALSE
hja2016_125,56,sediment,3,321,99.5,562839.3309741,4897811.75019367,hja2016_194,HJA-2016_soil_13,3,soil_detected,1132,392,0.3462897526501767,43.03,3146.205293638957,FALSE,0,TRUE,TRUE,TRUE
hja2016_164,260,sediment,4,23,866.1,566425.172613061,4897456.76587079,hja2016_194,HJA-2016_soil_13,3,soil_detected,1132,282,0.24911660777385158,37.94,607.1618681870806,FALSE,0,TRUE,FALSE,FALSE
hja2016_166,57,sediment,4,131,1488.8,563668.294364702,4898599.71539487,hja2016_194,HJA-2016_soil_13,3,soil_detected,1132,194,0.17137809187279152,21.51,2427.3610597989937,FALSE,0,TRUE,TRUE,TRUE
hja2016_167,WS3-1,sediment,2,511,96.4,560508.433913191,4896516.80738205,hja2016_194,HJA-2016_soil_13,3,soil_detected,1132,326,0.2879858657243816,37.28,5642.343480235059,FALSE,0,TRUE,TRUE,TRUE
hja2016_169,WS3-2,sediment,2,511,95.7,560554.431881789,4896487.80866272,hja2016_194,HJA-2016_soil_13,3,soil_detected,1132,325,0.2871024734982332,36.75,5604.814692137714,FALSE,0,TRUE,TRUE,TRUE
hja2016_170,WS3-3,sediment,2,511,93.4,560639.428128111,4896408.81215143,hja2016_194,HJA-2016_soil_13,3,soil_detected,1132,334,0.2950530035335689,34.16,5542.8709794224105,FALSE,0,TRUE,TRUE,TRUE
hja2016_177,WS1-3,sediment,2,522,92.1,559404.482666841,4895069.8712829,hja2016_194,HJA-2016_soil_13,3,soil_detected,1132,373,0.3295053003533569,43.18,7153.316185736077,FALSE,0,TRUE,TRUE,TRUE
hja2016_179,WS1-5,sediment,2,522,87.9,559517.477676657,4895016.87362342,hja2016_194,HJA-2016_soil_13,3,soil_detected,1132,298,0.26325088339222613,35.18,7070.764889003563,FALSE,0,TRUE,TRUE,TRUE
hja2016_180,WS1-6,sediment,2,522,82.7,559631.472642313,4894993.87463913,hja2016_194,HJA-2016_soil_13,3,soil_detected,1132,186,0.16431095406360424,22.68,6976.115962077639,FALSE,0,TRUE,TRUE,TRUE
hja2016_181,177,sediment,1,452,14.8,565808.199860345,4901620.58198475,hja2016_194,HJA-2016_soil_13,3,soil_detected,1132,366,0.32332155477031804,34.1,3749.880942035897,FALSE,0,TRUE,TRUE,TRUE
hja2016_001,50,planktonic,5,41,4956.4,563054.321479503,4898132.73601802,hja2016_194,HJA-2016_soil_13,3,soil_enriched,261,2,0.007662835249042145,0.53,2941.905042101549,TRUE,1,TRUE,TRUE,TRUE
hja2016_008,WS3-1,hyporheic,2,511,96.4,560508.433913191,4896516.80738205,hja2016_194,HJA-2016_soil_13,3,soil_enriched,261,7,0.02681992337164751,0.62,5642.343480235059,FALSE,0,TRUE,TRUE,TRUE
hja2016_009,60,hyporheic,2,316,43.1,567391.129953618,4898693.71124374,hja2016_194,HJA-2016_soil_13,3,soil_enriched,261,4,0.01532567049808429,0.61,1627.261606199983,FALSE,0,TRUE,FALSE,FALSE
hja2016_010,164,planktonic,3,502,60.8,560307.442789535,4895737.8417834,hja2016_194,HJA-2016_soil_13,3,soil_enriched,261,0,0,0,6066.3358915277595,FALSE,0,TRUE,TRUE,TRUE
hja2016_011,WS1-6,planktonic,2,522,82.7,559631.472642313,4894993.87463913,hja2016_194,HJA-2016_soil_13,3,soil_enriched,261,10,0.038314176245210725,0.98,6976.115962077639,FALSE,0,TRUE,TRUE,TRUE
hja2016_013,WS1-4,planktonic,2,522,89.8,559453.480502956,4895042.87247524,hja2016_194,HJA-2016_soil_13,3,soil_enriched,261,5,0.019157088122605363,0.59,7118.965691379154,FALSE,0,TRUE,TRUE,TRUE
hja2016_014,WS1-6,hyporheic,2,522,82.7,559631.472642313,4894993.87463913,hja2016_194,HJA-2016_soil_13,3,soil_enriched,261,2,0.007662835249042145,0.41,6976.115962077639,FALSE,0,TRUE,TRUE,TRUE
hja2016_015,47,hyporheic,4,134,1550.1,563254.31264732,4898130.73610634,hja2016_194,HJA-2016_soil_13,3,soil_enriched,261,1,0.0038314176245210726,0.47,2742.552356261057,FALSE,0,TRUE,TRUE,TRUE
hja2016_016,74,hyporheic,2,373,70,565310.221852481,4897724.75403567,hja2016_194,HJA-2016_soil_13,3,soil_enriched,261,2,0.007662835249042145,0.21,691.1791434110165,FALSE,0,TRUE,TRUE,TRUE
hja2016_018,WS1-5,hyporheic,2,522,87.9,559517.477676657,4895016.87362342,hja2016_194,HJA-2016_soil_13,3,soil_enriched,261,7,0.02681992337164751,0.44,7070.764889003563,FALSE,0,TRUE,TRUE,TRUE
hja2016_019,155,hyporheic,2,345,81.2,565811.199727862,4897652.75721525,hja2016_194,HJA-2016_soil_13,3,soil_enriched,261,8,0.03065134099616858,1.86,281.96717029760634,FALSE,0,TRUE,FALSE,FALSE
hja2016_020,WS1-2,hyporheic,2,522,93.6,559354.484874886,4895103.86978142,hja2016_194,HJA-2016_soil_13,3,soil_enriched,261,8,0.03065134099616858,0.97,7186.158212151722,FALSE,0,TRUE,TRUE,TRUE
hja2016_021,156,hyporheic,5,24,2575.9,566141.185154761,4897558.76136638,hja2016_194,HJA-2016_soil_13,3,soil_enriched,261,4,0.01532567049808429,0.67,352.62821179016294,FALSE,0,TRUE,TRUE,TRUE
hja2016_027,WS3-6,planktonic,2,510,78.4,560819.420179147,4896235.81979127,hja2016_194,HJA-2016_soil_13,3,soil_enriched,261,5,0.019157088122605363,0.64,5419.288574085166,FALSE,0,TRUE,TRUE,TRUE
hja2016_065,68,hyporheic,5,30,3032.2,565145.229139031,4897899.74630751,hja2016_194,HJA-2016_soil_13,3,soil_enriched,261,10,0.038314176245210725,1.12,840.0424818821426,TRUE,1,TRUE,TRUE,TRUE
hja2016_066,49,hyporheic,5,40,3399.1,563281.311454976,4898046.73981585,hja2016_194,HJA-2016_soil_13,3,soil_enriched,261,7,0.02681992337164751,0.77,2709.049317179838,TRUE,1,TRUE,TRUE,TRUE
hja2016_070,56,hyporheic,3,321,99.5,562839.3309741,4897811.75019367,hja2016_194,HJA-2016_soil_13,3,soil_enriched,261,6,0.022988505747126436,0.71,3146.205293638957,FALSE,0,TRUE,TRUE,TRUE
hja2016_071,164,hyporheic,3,502,60.8,560307.442789535,4895737.8417834,hja2016_194,HJA-2016_soil_13,3,soil_enriched,261,9,0.034482758620689655,0.84,6066.3358915277595,FALSE,0,TRUE,TRUE,TRUE
hja2016_075,260,hyporheic,4,23,866.1,566425.172613061,4897456.76587079,hja2016_194,HJA-2016_soil_13,3,soil_enriched,261,4,0.01532567049808429,0.59,607.1618681870806,FALSE,0,TRUE,FALSE,FALSE
hja2016_078,CC-1,hyporheic,2,183,64,569956.016680872,4897740.75332909,hja2016_194,HJA-2016_soil_13,3,soil_enriched,261,7,0.02681992337164751,1.18,3973.377580052826,FALSE,0,TRUE,TRUE,TRUE
hja2016_079,64,hyporheic,2,163,33.5,570527.99142083,4895508.85189625,hja2016_194,HJA-2016_soil_13,3,soil_enriched,261,10,0.038314176245210725,1,5122.272682041751,FALSE,0,TRUE,FALSE,FALSE
hja2016_084,177,hyporheic,1,452,14.8,565808.199860345,4901620.58198475,hja2016_194,HJA-2016_soil_13,3,soil_enriched,261,6,0.022988505747126436,0.76,3749.880942035897,FALSE,0,TRUE,TRUE,TRUE
hja2016_127,60,sediment,2,316,43.1,567391.129953618,4898693.71124374,hja2016_194,HJA-2016_soil_13,3,soil_enriched,261,22,0.0842911877394636,1.66,1627.261606199983,FALSE,0,TRUE,FALSE,FALSE
hja2016_129,72,sediment,4,16,568.3,566542.167446234,4896499.80813279,hja2016_194,HJA-2016_soil_13,3,soil_enriched,261,30,0.11494252873563218,3.55,1483.6878335333088,FALSE,0,TRUE,TRUE,TRUE
hja2016_131,74,sediment,2,373,70,565310.221852481,4897724.75403567,hja2016_194,HJA-2016_soil_13,3,soil_enriched,261,30,0.11494252873563218,3.54,691.1791434110165,FALSE,0,TRUE,TRUE,TRUE
hja2016_132,84,sediment,4,112,622.7,566447.171641521,4900685.6232752,hja2016_194,HJA-2016_soil_13,3,soil_enriched,261,34,0.13026819923371646,3.4,2848.516237653659,FALSE,0,TRUE,TRUE,TRUE
hja2016_133,161,sediment,5,51,5699.1,561109.407372482,4897170.77850081,hja2016_194,HJA-2016_soil_13,3,soil_enriched,261,61,0.23371647509578544,7.54,4926.073371582875,TRUE,1,TRUE,TRUE,TRUE
hja2016_135,169,sediment,2,144,53.5,568641.074752475,4902527.5419308,hja2016_194,HJA-2016_soil_13,3,soil_enriched,261,38,0.14559386973180077,4.03,5357.483985981573,FALSE,0,TRUE,TRUE,TRUE
hja2016_136,190,sediment,1,546,14.2,564169.272240084,4897881.7471024,hja2016_194,HJA-2016_soil_13,3,soil_enriched,261,23,0.08812260536398467,2.23,1815.6439058701772,FALSE,0,TRUE,FALSE,FALSE
hja2016_139,CC-2,sediment,2,183,63.6,569992.01509108,4897760.75244588,hja2016_194,HJA-2016_soil_13,3,soil_enriched,261,46,0.17624521072796934,4.63,4008.736521257273,FALSE,0,TRUE,TRUE,TRUE
hja2016_140,CC-3,sediment,2,183,63,570038.013059678,4897795.75090024,hja2016_194,HJA-2016_soil_13,3,soil_enriched,261,22,0.0842911877394636,2.1,4053.88203817227,FALSE,0,TRUE,TRUE,TRUE
hja2016_141,CC-4,sediment,2,183,58.5,570162.007583724,4897831.74931045,hja2016_194,HJA-2016_soil_13,3,soil_enriched,261,29,0.1111111111111111,2.53,4177.327004173797,FALSE,0,TRUE,TRUE,TRUE
hja2016_142,KC-1,sediment,3,362,114.7,562012.367495176,4896802.79475203,hja2016_194,HJA-2016_soil_13,3,soil_enriched,261,30,0.11494252873563218,2.38,4114.653989453545,FALSE,0,TRUE,TRUE,TRUE
hja2016_144,KC-3,sediment,3,362,114,562000.368025107,4896680.80013966,hja2016_194,HJA-2016_soil_13,3,soil_enriched,261,24,0.09195402298850575,2.31,4159.605122121114,FALSE,0,TRUE,TRUE,TRUE
hja2016_145,155,sediment,2,345,81.2,565811.199727862,4897652.75721525,hja2016_194,HJA-2016_soil_13,3,soil_enriched,261,29,0.1111111111111111,3.27,281.96717029760634,FALSE,0,TRUE,FALSE,FALSE
hja2016_146,156,sediment,5,24,2575.9,566141.185154761,4897558.76136638,hja2016_194,HJA-2016_soil_13,3,soil_enriched,261,15,0.05747126436781609,1.63,352.62821179016294,FALSE,0,TRUE,TRUE,TRUE
hja2016_147,163,sediment,5,63,6126.6,559726.468447026,4896111.82526722,hja2016_194,HJA-2016_soil_13,3,soil_enriched,261,60,0.22988505747126436,6.92,6502.0242611345475,TRUE,1,TRUE,TRUE,TRUE
hja2016_148,165,sediment,2,494,27.9,564789.244860317,4900155.64668049,hja2016_194,HJA-2016_soil_13,3,soil_enriched,261,46,0.17624521072796934,4.81,2575.1807695924804,FALSE,0,TRUE,FALSE,FALSE
hja2016_150,53,sediment,3,78,280.7,568092.098996817,4898223.73199937,hja2016_194,HJA-2016_soil_13,3,soil_enriched,261,23,0.08812260536398467,2.28,2135.8795636096365,FALSE,0,TRUE,TRUE,TRUE
hja2016_151,64,sediment,2,163,33.5,570527.99142083,4895508.85189625,hja2016_194,HJA-2016_soil_13,3,soil_enriched,261,59,0.2260536398467433,6.16,5122.272682041751,FALSE,0,TRUE,FALSE,FALSE
hja2016_152,66,sediment,4,79,1360.7,567970.104384448,4898153.73509064,hja2016_194,HJA-2016_soil_13,3,soil_enriched,261,16,0.06130268199233716,1.58,2004.6924168111584,FALSE,0,TRUE,TRUE,TRUE
hja2016_155,82,sediment,2,536,36.6,564452.259742545,4899854.65997292,hja2016_194,HJA-2016_soil_13,3,soil_enriched,261,55,0.210727969348659,4.93,2503.712666748999,FALSE,0,TRUE,TRUE,TRUE
hja2016_157,43,sediment,1,538,7.8,567346.131940859,4898257.7304979,hja2016_194,HJA-2016_soil_13,3,soil_enriched,261,26,0.09961685823754789,1.96,1414.0468962039336,FALSE,0,TRUE,FALSE,FALSE
hja2016_159,49,sediment,5,40,3399.1,563281.311454976,4898046.73981585,hja2016_194,HJA-2016_soil_13,3,soil_enriched,261,28,0.10727969348659004,2.15,2709.049317179838,TRUE,1,TRUE,TRUE,TRUE
hja2016_160,50,sediment,5,41,4956.4,563054.321479503,4898132.73601802,hja2016_194,HJA-2016_soil_13,3,soil_enriched,261,5,0.019157088122605363,0.89,2941.905042101549,TRUE,1,TRUE,TRUE,TRUE
hja2016_031,161,hyporheic,5,51,5699.1,561109.407372482,4897170.77850081,hja2016_194,HJA-2016_soil_13,3,soil_enriched,261,4,0.01532567049808429,1.29,4926.073371582875,TRUE,1,TRUE,TRUE,TRUE
hja2016_032,54,hyporheic,3,363,207.7,561802.376768968,4897363.76997776,hja2016_194,HJA-2016_soil_13,3,soil_enriched,261,6,0.022988505747126436,0.63,4213.63814771205,FALSE,0,TRUE,TRUE,TRUE
hja2016_035,192,hyporheic,2,542,28.5,564620.252323511,4897836.74908965,hja2016_194,HJA-2016_soil_13,3,soil_enriched,261,3,0.011494252873563218,0.52,1365.1830348467006,FALSE,0,TRUE,TRUE,TRUE
hja2016_037,43,hyporheic,1,538,7.8,567346.131940859,4898257.7304979,hja2016_194,HJA-2016_soil_13,3,soil_enriched,261,0,0,0,1414.0468962039336,FALSE,0,TRUE,FALSE,FALSE
hja2016_042,165,planktonic,2,494,27.9,564789.244860317,4900155.64668049,hja2016_194,HJA-2016_soil_13,3,soil_enriched,261,1,0.0038314176245210726,0.07,2575.1807695924804,FALSE,0,TRUE,FALSE,FALSE
hja2016_043,KC-2,hyporheic,3,362,114.2,561999.368069268,4896735.79771081,hja2016_194,HJA-2016_soil_13,3,soil_enriched,261,4,0.01532567049808429,0.72,4145.113714053554,FALSE,0,TRUE,TRUE,TRUE
hja2016_049,67,planktonic,4,83,1558.1,567119.141965387,4897968.74326041,hja2016_194,HJA-2016_soil_13,3,soil_enriched,261,1,0.0038314176245210726,0.07,1138.117126066273,FALSE,0,TRUE,TRUE,TRUE
hja2016_050,165,hyporheic,2,494,27.9,564789.244860317,4900155.64668049,hja2016_194,HJA-2016_soil_13,3,soil_enriched,261,8,0.03065134099616858,0.81,2575.1807695924804,FALSE,0,TRUE,FALSE,FALSE
hja2016_052,163,hyporheic,5,63,6126.6,559726.468447026,4896111.82526722,hja2016_194,HJA-2016_soil_13,3,soil_enriched,261,8,0.03065134099616858,0.68,6502.0242611345475,TRUE,1,TRUE,TRUE,TRUE
hja2016_056,KC-1,hyporheic,3,362,114.7,562012.367495176,4896802.79475203,hja2016_194,HJA-2016_soil_13,3,soil_enriched,261,6,0.022988505747126436,0.6,4114.653989453545,FALSE,0,TRUE,TRUE,TRUE
hja2016_057,71,hyporheic,3,556,101.7,562662.338790582,4897988.74237719,hja2016_194,HJA-2016_soil_13,3,soil_enriched,261,2,0.007662835249042145,0.65,3324.5152011471287,FALSE,0,TRUE,TRUE,TRUE
hja2016_059,KC-2,planktonic,3,362,114.2,561999.368069268,4896735.79771081,hja2016_194,HJA-2016_soil_13,3,soil_enriched,261,5,0.019157088122605363,1.35,4145.113714053554,FALSE,0,TRUE,TRUE,TRUE
hja2016_062,WS3-3,hyporheic,2,511,93.4,560639.428128111,4896408.81215143,hja2016_194,HJA-2016_soil_13,3,soil_enriched,261,5,0.019157088122605363,0.37,5542.8709794224105,FALSE,0,TRUE,TRUE,TRUE
hja2016_064,WS3-4,planktonic,2,510,81.3,560692.425787583,4896348.81480109,hja2016_194,HJA-2016_soil_13,3,soil_enriched,261,3,0.011494252873563218,0.56,5508.098635548978,FALSE,0,TRUE,TRUE,TRUE
hja2016_099,162,planktonic,5,66,6208.4,559348.485139852,4895468.85366269,hja2016_194,HJA-2016_soil_13,3,soil_enriched,261,4,0.01532567049808429,0.34,7059.103496162055,TRUE,1,TRUE,TRUE,TRUE
hja2016_100,64,planktonic,2,163,33.5,570527.99142083,4895508.85189625,hja2016_194,HJA-2016_soil_13,3,soil_enriched,261,3,0.011494252873563218,0.14,5122.272682041751,FALSE,0,TRUE,FALSE,FALSE
hja2016_101,58,planktonic,3,385,67.2,566998.147308857,4898497.71989928,hja2016_194,HJA-2016_soil_13,3,soil_enriched,261,3,0.011494252873563218,0.26,1189.373752770442,FALSE,0,TRUE,TRUE,TRUE
hja2016_102,73,hyporheic,2,255,137,566310.177691566,4896786.79545861,hja2016_194,HJA-2016_soil_13,3,soil_enriched,261,3,0.011494252873563218,0.36,1135.6507238819083,FALSE,0,TRUE,TRUE,TRUE
hja2016_103,260,planktonic,4,23,866.1,566425.172613061,4897456.76587079,hja2016_194,HJA-2016_soil_13,3,soil_enriched,261,4,0.01532567049808429,0.69,607.1618681870806,FALSE,0,TRUE,FALSE,FALSE
hja2016_105,178,planktonic,2,411,19.9,566185.18321168,4901793.57434491,hja2016_194,HJA-2016_soil_13,3,soil_enriched,261,5,0.019157088122605363,0.49,3923.8223424059493,FALSE,0,TRUE,TRUE,TRUE
hja2016_106,170,planktonic,2,229,49.4,570659.985591589,4896908.79007097,hja2016_194,HJA-2016_soil_13,3,soil_enriched,261,1,0.0038314176245210726,0.11,4773.855910914637,FALSE,0,TRUE,FALSE,FALSE
hja2016_107,57,hyporheic,4,131,1488.8,563668.294364702,4898599.71539487,hja2016_194,HJA-2016_soil_13,3,soil_enriched,261,3,0.011494252873563218,0.36,2427.3610597989937,FALSE,0,TRUE,TRUE,TRUE
hja2016_109,169,planktonic,2,144,53.5,568641.074752475,4902527.5419308,hja2016_194,HJA-2016_soil_13,3,soil_enriched,261,4,0.01532567049808429,0.47,5357.483985981573,FALSE,0,TRUE,TRUE,TRUE
hja2016_110,76,hyporheic,3,150,303.5,570464.994202967,4896947.7883487,hja2016_194,HJA-2016_soil_13,3,soil_enriched,261,4,0.01532567049808429,0.38,4575.007154777444,FALSE,0,TRUE,TRUE,TRUE
hja2016_111,160,planktonic,5,24,2569.5,566416.173010509,4897492.764281,hja2016_194,HJA-2016_soil_13,3,soil_enriched,261,7,0.02681992337164751,0.46,576.1909246036323,FALSE,0,TRUE,TRUE,TRUE
hja2016_114,WS1-5,planktonic,2,522,87.9,559517.477676657,4895016.87362342,hja2016_194,HJA-2016_soil_13,3,soil_enriched,261,3,0.011494252873563218,0.32,7070.764889003563,FALSE,0,TRUE,TRUE,TRUE
hja2016_116,53,planktonic,3,78,280.7,568092.098996817,4898223.73199937,hja2016_194,HJA-2016_soil_13,3,soil_enriched,261,7,0.02681992337164751,0.53,2135.8795636096365,FALSE,0,TRUE,TRUE,TRUE
hja2016_119,56,planktonic,3,321,99.5,562839.3309741,4897811.75019367,hja2016_194,HJA-2016_soil_13,3,soil_enriched,261,8,0.03065134099616858,0.7,3146.205293638957,FALSE,0,TRUE,TRUE,TRUE
hja2016_121,84,hyporheic,4,112,622.7,566447.171641521,4900685.6232752,hja2016_194,HJA-2016_soil_13,3,soil_enriched,261,1,0.0038314176245210726,0.09,2848.516237653659,FALSE,0,TRUE,TRUE,TRUE
hja2016_122,45,sediment,3,390,193.2,565977.192397151,4897892.74661664,hja2016_194,HJA-2016_soil_13,3,soil_enriched,261,27,0.10344827586206896,2.36,19.471690301085165,TRUE,0.7407407407407407,FALSE,TRUE,FALSE
hja2016_125,56,sediment,3,321,99.5,562839.3309741,4897811.75019367,hja2016_194,HJA-2016_soil_13,3,soil_enriched,261,27,0.10344827586206896,2.68,3146.205293638957,FALSE,0,TRUE,TRUE,TRUE
hja2016_164,260,sediment,4,23,866.1,566425.172613061,4897456.76587079,hja2016_194,HJA-2016_soil_13,3,soil_enriched,261,23,0.08812260536398467,3.12,607.1618681870806,FALSE,0,TRUE,FALSE,FALSE
hja2016_166,57,sediment,4,131,1488.8,563668.294364702,4898599.71539487,hja2016_194,HJA-2016_soil_13,3,soil_enriched,261,11,0.0421455938697318,1.11,2427.3610597989937,FALSE,0,TRUE,TRUE,TRUE
hja2016_167,WS3-1,sediment,2,511,96.4,560508.433913191,4896516.80738205,hja2016_194,HJA-2016_soil_13,3,soil_enriched,261,68,0.26053639846743293,7.48,5642.343480235059,FALSE,0,TRUE,TRUE,TRUE
hja2016_169,WS3-2,sediment,2,511,95.7,560554.431881789,4896487.80866272,hja2016_194,HJA-2016_soil_13,3,soil_enriched,261,63,0.2413793103448276,7.08,5604.814692137714,FALSE,0,TRUE,TRUE,TRUE
hja2016_170,WS3-3,sediment,2,511,93.4,560639.428128111,4896408.81215143,hja2016_194,HJA-2016_soil_13,3,soil_enriched,261,33,0.12643678160919541,3.06,5542.8709794224105,FALSE,0,TRUE,TRUE,TRUE
hja2016_177,WS1-3,sediment,2,522,92.1,559404.482666841,4895069.8712829,hja2016_194,HJA-2016_soil_13,3,soil_enriched,261,45,0.1724137931034483,3.82,7153.316185736077,FALSE,0,TRUE,TRUE,TRUE
hja2016_179,WS1-5,sediment,2,522,87.9,559517.477676657,4895016.87362342,hja2016_194,HJA-2016_soil_13,3,soil_enriched,261,18,0.06896551724137931,1.94,7070.764889003563,FALSE,0,TRUE,TRUE,TRUE
hja2016_180,WS1-6,sediment,2,522,82.7,559631.472642313,4894993.87463913,hja2016_194,HJA-2016_soil_13,3,soil_enriched,261,6,0.022988505747126436,1.1,6976.115962077639,FALSE,0,TRUE,TRUE,TRUE
hja2016_181,177,sediment,1,452,14.8,565808.199860345,4901620.58198475,hja2016_194,HJA-2016_soil_13,3,soil_enriched,261,30,0.11494252873563218,2.88,3749.880942035897,FALSE,0,TRUE,TRUE,TRUE
hja2016_001,50,planktonic,5,41,4956.4,563054.321479503,4898132.73601802,hja2016_195,HJA-2016_soil_14,3,soil_detected,845,12,0.014201183431952662,3.3,2155.5055668184013,TRUE,1,TRUE,TRUE,TRUE
hja2016_008,WS3-1,hyporheic,2,511,96.4,560508.433913191,4896516.80738205,hja2016_195,HJA-2016_soil_14,3,soil_detected,845,39,0.046153846153846156,6.63,4915.933715278434,FALSE,0,TRUE,TRUE,TRUE
hja2016_009,60,hyporheic,2,316,43.1,567391.129953618,4898693.71124374,hja2016_195,HJA-2016_soil_14,3,soil_detected,845,28,0.033136094674556214,8.81,2303.069925106986,FALSE,0,TRUE,FALSE,FALSE
hja2016_010,164,planktonic,3,502,60.8,560307.442789535,4895737.8417834,hja2016_195,HJA-2016_soil_14,3,soil_detected,845,10,0.011834319526627219,4.19,5382.292554207376,FALSE,0,TRUE,TRUE,TRUE
hja2016_011,WS1-6,planktonic,2,522,82.7,559631.472642313,4894993.87463913,hja2016_195,HJA-2016_soil_14,3,soil_detected,845,44,0.05207100591715976,4.28,6318.569793603454,FALSE,0,TRUE,TRUE,TRUE
hja2016_013,WS1-4,planktonic,2,522,89.8,559453.480502956,4895042.87247524,hja2016_195,HJA-2016_soil_14,3,soil_detected,845,35,0.04142011834319527,4.66,6453.695923190305,FALSE,0,TRUE,TRUE,TRUE
hja2016_014,WS1-6,hyporheic,2,522,82.7,559631.472642313,4894993.87463913,hja2016_195,HJA-2016_soil_14,3,soil_detected,845,24,0.028402366863905324,7.43,6318.569793603454,FALSE,0,TRUE,TRUE,TRUE
hja2016_015,47,hyporheic,4,134,1550.1,563254.31264732,4898130.73610634,hja2016_195,HJA-2016_soil_14,3,soil_detected,845,11,0.01301775147928994,2.93,1955.9608789176561,FALSE,0,TRUE,TRUE,TRUE
hja2016_016,74,hyporheic,2,373,70,565310.221852481,4897724.75403567,hja2016_195,HJA-2016_soil_14,3,soil_detected,845,10,0.011834319526627219,2.05,269.68748844901444,FALSE,0,TRUE,TRUE,TRUE
hja2016_018,WS1-5,hyporheic,2,522,87.9,559517.477676657,4895016.87362342,hja2016_195,HJA-2016_soil_14,3,soil_detected,845,32,0.0378698224852071,2.77,6408.688144514996,FALSE,0,TRUE,TRUE,TRUE
hja2016_019,155,hyporheic,2,345,81.2,565811.199727862,4897652.75721525,hja2016_195,HJA-2016_soil_14,3,soil_detected,845,38,0.04497041420118343,7.22,686.3966609677049,FALSE,0,TRUE,FALSE,FALSE
hja2016_020,WS1-2,hyporheic,2,522,93.6,559354.484874886,4895103.86978142,hja2016_195,HJA-2016_soil_14,3,soil_detected,845,49,0.05798816568047337,5.63,6514.969636914479,FALSE,0,TRUE,TRUE,TRUE
hja2016_021,156,hyporheic,5,24,2575.9,566141.185154761,4897558.76136638,hja2016_195,HJA-2016_soil_14,3,soil_detected,845,16,0.01893491124260355,3.24,1024.6030457100446,FALSE,0,TRUE,TRUE,TRUE
hja2016_027,WS3-6,planktonic,2,510,78.4,560819.420179147,4896235.81979127,hja2016_195,HJA-2016_soil_14,3,soil_detected,845,9,0.010650887573964497,1.27,4715.903957517875,FALSE,0,TRUE,TRUE,TRUE
hja2016_065,68,hyporheic,5,30,3032.2,565145.229139031,4897899.74630751,hja2016_195,HJA-2016_soil_14,3,soil_detected,845,53,0.06272189349112427,7.32,93.51063876397282,FALSE,0.3703703703703703,FALSE,TRUE,FALSE
hja2016_066,49,hyporheic,5,40,3399.1,563281.311454976,4898046.73981585,hja2016_195,HJA-2016_soil_14,3,soil_detected,845,44,0.05207100591715976,5.92,1923.9874606362598,TRUE,1,TRUE,TRUE,TRUE
hja2016_070,56,hyporheic,3,321,99.5,562839.3309741,4897811.75019367,hja2016_195,HJA-2016_soil_14,3,soil_detected,845,21,0.02485207100591716,3.82,2370.0020705802326,FALSE,0,TRUE,TRUE,TRUE
hja2016_071,164,hyporheic,3,502,60.8,560307.442789535,4895737.8417834,hja2016_195,HJA-2016_soil_14,3,soil_detected,845,58,0.06863905325443787,5.54,5382.292554207376,FALSE,0,TRUE,TRUE,TRUE
hja2016_075,260,hyporheic,4,23,866.1,566425.172613061,4897456.76587079,hja2016_195,HJA-2016_soil_14,3,soil_detected,845,34,0.040236686390532544,6.26,1325.7645477769647,FALSE,0,TRUE,FALSE,FALSE
hja2016_078,CC-1,hyporheic,2,183,64,569956.016680872,4897740.75332909,hja2016_195,HJA-2016_soil_14,3,soil_detected,845,32,0.0378698224852071,5.19,4757.798898140008,FALSE,0,TRUE,TRUE,TRUE
hja2016_079,64,hyporheic,2,163,33.5,570527.99142083,4895508.85189625,hja2016_195,HJA-2016_soil_14,3,soil_detected,845,53,0.06272189349112427,6.82,5866.537268008727,FALSE,0,TRUE,FALSE,FALSE
hja2016_084,177,hyporheic,1,452,14.8,565808.199860345,4901620.58198475,hja2016_195,HJA-2016_soil_14,3,soil_detected,845,30,0.03550295857988166,6.82,3697.7145517131607,FALSE,0,TRUE,TRUE,TRUE
hja2016_127,60,sediment,2,316,43.1,567391.129953618,4898693.71124374,hja2016_195,HJA-2016_soil_14,3,soil_detected,845,100,0.11834319526627218,9.68,2303.069925106986,FALSE,0,TRUE,FALSE,FALSE
hja2016_129,72,sediment,4,16,568.3,566542.167446234,4896499.80813279,hja2016_195,HJA-2016_soil_14,3,soil_detected,845,121,0.14319526627218934,15.3,1990.0038343390268,FALSE,0,TRUE,TRUE,TRUE
hja2016_131,74,sediment,2,373,70,565310.221852481,4897724.75403567,hja2016_195,HJA-2016_soil_14,3,soil_detected,845,130,0.15384615384615385,15.45,269.68748844901444,FALSE,0,TRUE,TRUE,TRUE
hja2016_132,84,sediment,4,112,622.7,566447.171641521,4900685.6232752,hja2016_195,HJA-2016_soil_14,3,soil_detected,845,135,0.15976331360946747,17.76,2984.3548609150585,FALSE,0,TRUE,TRUE,TRUE
hja2016_133,161,sediment,5,51,5699.1,561109.407372482,4897170.77850081,hja2016_195,HJA-2016_soil_14,3,soil_detected,845,231,0.2733727810650888,24.83,4172.23125147289,TRUE,1,TRUE,TRUE,TRUE
hja2016_135,169,sediment,2,144,53.5,568641.074752475,4902527.5419308,hja2016_195,HJA-2016_soil_14,3,soil_detected,845,142,0.1680473372781065,19.15,5706.312994503374,FALSE,0,TRUE,TRUE,TRUE
hja2016_136,190,sediment,1,546,14.2,564169.272240084,4897881.7471024,hja2016_195,HJA-2016_soil_14,3,soil_detected,845,88,0.10414201183431952,12.89,1038.5773140099457,FALSE,0,TRUE,FALSE,FALSE
hja2016_139,CC-2,sediment,2,183,63.6,569992.01509108,4897760.75244588,hja2016_195,HJA-2016_soil_14,3,soil_detected,845,131,0.15502958579881657,16.65,4792.829312715031,FALSE,0,TRUE,TRUE,TRUE
hja2016_140,CC-3,sediment,2,183,63,570038.013059678,4897795.75090024,hja2016_195,HJA-2016_soil_14,3,soil_detected,845,98,0.11597633136094675,12.04,4837.376955849646,FALSE,0,TRUE,TRUE,TRUE
hja2016_141,CC-4,sediment,2,183,58.5,570162.007583724,4897831.74931045,hja2016_195,HJA-2016_soil_14,3,soil_detected,845,108,0.12781065088757396,14.96,4960.138052298477,FALSE,0,TRUE,TRUE,TRUE
hja2016_142,KC-1,sediment,3,362,114.7,562012.367495176,4896802.79475203,hja2016_195,HJA-2016_soil_14,3,soil_detected,845,107,0.12662721893491125,13.69,3399.1314788393493,FALSE,0,TRUE,TRUE,TRUE
hja2016_144,KC-3,sediment,3,362,114,562000.368025107,4896680.80013966,hja2016_195,HJA-2016_soil_14,3,soil_detected,845,85,0.10059171597633136,13.45,3454.146857014791,FALSE,0,TRUE,TRUE,TRUE
hja2016_145,155,sediment,2,345,81.2,565811.199727862,4897652.75721525,hja2016_195,HJA-2016_soil_14,3,soil_detected,845,131,0.15502958579881657,15.71,686.3966609677049,FALSE,0,TRUE,FALSE,FALSE
hja2016_146,156,sediment,5,24,2575.9,566141.185154761,4897558.76136638,hja2016_195,HJA-2016_soil_14,3,soil_detected,845,83,0.09822485207100591,11.32,1024.6030457100446,FALSE,0,TRUE,TRUE,TRUE
hja2016_147,163,sediment,5,63,6126.6,559726.468447026,4896111.82526722,hja2016_195,HJA-2016_soil_14,3,soil_detected,845,231,0.2733727810650888,25.05,5784.837925553817,TRUE,1,TRUE,TRUE,TRUE
hja2016_148,165,sediment,2,494,27.9,564789.244860317,4900155.64668049,hja2016_195,HJA-2016_soil_14,3,soil_detected,845,145,0.17159763313609466,17.36,2222.0866581185287,FALSE,0,TRUE,FALSE,FALSE
hja2016_150,53,sediment,3,78,280.7,568092.098996817,4898223.73199937,hja2016_195,HJA-2016_soil_14,3,soil_detected,845,103,0.12189349112426036,12.42,2899.1283065446664,FALSE,0,TRUE,TRUE,TRUE
hja2016_151,64,sediment,2,163,33.5,570527.99142083,4895508.85189625,hja2016_195,HJA-2016_soil_14,3,soil_detected,845,210,0.2485207100591716,21.98,5866.537268008727,FALSE,0,TRUE,FALSE,FALSE
hja2016_152,66,sediment,4,79,1360.7,567970.104384448,4898153.73509064,hja2016_195,HJA-2016_soil_14,3,soil_detected,845,67,0.07928994082840236,10.2,2772.160049302084,FALSE,0,TRUE,TRUE,TRUE
hja2016_155,82,sediment,2,536,36.6,564452.259742545,4899854.65997292,hja2016_195,HJA-2016_soil_14,3,soil_detected,845,139,0.16449704142011834,16.81,2026.6032981385986,FALSE,0,TRUE,TRUE,TRUE
hja2016_157,43,sediment,1,538,7.8,567346.131940859,4898257.7304979,hja2016_195,HJA-2016_soil_14,3,soil_detected,845,105,0.1242603550295858,10.4,2161.1563034710957,FALSE,0,TRUE,FALSE,FALSE
hja2016_159,49,sediment,5,40,3399.1,563281.311454976,4898046.73981585,hja2016_195,HJA-2016_soil_14,3,soil_detected,845,95,0.11242603550295859,13.96,1923.9874606362598,TRUE,1,TRUE,TRUE,TRUE
hja2016_160,50,sediment,5,41,4956.4,563054.321479503,4898132.73601802,hja2016_195,HJA-2016_soil_14,3,soil_detected,845,56,0.06627218934911243,5.31,2155.5055668184013,TRUE,1,TRUE,TRUE,TRUE
hja2016_031,161,hyporheic,5,51,5699.1,561109.407372482,4897170.77850081,hja2016_195,HJA-2016_soil_14,3,soil_detected,845,12,0.014201183431952662,3.84,4172.23125147289,TRUE,1,TRUE,TRUE,TRUE
hja2016_032,54,hyporheic,3,363,207.7,561802.376768968,4897363.76997776,hja2016_195,HJA-2016_soil_14,3,soil_detected,845,19,0.022485207100591716,5.17,3455.5474714962434,FALSE,0,TRUE,TRUE,TRUE
hja2016_035,192,hyporheic,2,542,28.5,564620.252323511,4897836.74908965,hja2016_195,HJA-2016_soil_14,3,soil_detected,845,20,0.023668639053254437,4.12,599.2164940053516,FALSE,0,TRUE,TRUE,TRUE
hja2016_037,43,hyporheic,1,538,7.8,567346.131940859,4898257.7304979,hja2016_195,HJA-2016_soil_14,3,soil_detected,845,11,0.01301775147928994,3.64,2161.1563034710957,FALSE,0,TRUE,FALSE,FALSE
hja2016_042,165,planktonic,2,494,27.9,564789.244860317,4900155.64668049,hja2016_195,HJA-2016_soil_14,3,soil_detected,845,7,0.008284023668639054,2.37,2222.0866581185287,FALSE,0,TRUE,FALSE,FALSE
hja2016_043,KC-2,hyporheic,3,362,114.2,561999.368069268,4896735.79771081,hja2016_195,HJA-2016_soil_14,3,soil_detected,845,24,0.028402366863905324,7.49,3434.8905129163436,FALSE,0,TRUE,TRUE,TRUE
hja2016_049,67,planktonic,4,83,1558.1,567119.141965387,4897968.74326041,hja2016_195,HJA-2016_soil_14,3,soil_detected,845,3,0.0035502958579881655,1.11,1915.2764584802298,FALSE,0,TRUE,TRUE,TRUE
hja2016_050,165,hyporheic,2,494,27.9,564789.244860317,4900155.64668049,hja2016_195,HJA-2016_soil_14,3,soil_detected,845,40,0.047337278106508875,5.06,2222.0866581185287,FALSE,0,TRUE,FALSE,FALSE
hja2016_052,163,hyporheic,5,63,6126.6,559726.468447026,4896111.82526722,hja2016_195,HJA-2016_soil_14,3,soil_detected,845,53,0.06272189349112427,6.89,5784.837925553817,TRUE,1,TRUE,TRUE,TRUE
hja2016_056,KC-1,hyporheic,3,362,114.7,562012.367495176,4896802.79475203,hja2016_195,HJA-2016_soil_14,3,soil_detected,845,48,0.05680473372781065,6.33,3399.1314788393493,FALSE,0,TRUE,TRUE,TRUE
hja2016_057,71,hyporheic,3,556,101.7,562662.338790582,4897988.74237719,hja2016_195,HJA-2016_soil_14,3,soil_detected,845,18,0.021301775147928994,3.91,2541.5819250969857,FALSE,0,TRUE,TRUE,TRUE
hja2016_059,KC-2,planktonic,3,362,114.2,561999.368069268,4896735.79771081,hja2016_195,HJA-2016_soil_14,3,soil_detected,845,30,0.03550295857988166,5.59,3434.8905129163436,FALSE,0,TRUE,TRUE,TRUE
hja2016_062,WS3-3,hyporheic,2,511,93.4,560639.428128111,4896408.81215143,hja2016_195,HJA-2016_soil_14,3,soil_detected,845,41,0.0485207100591716,4.31,4824.884578681192,FALSE,0,TRUE,TRUE,TRUE
hja2016_064,WS3-4,planktonic,2,510,81.3,560692.425787583,4896348.81480109,hja2016_195,HJA-2016_soil_14,3,soil_detected,845,19,0.022485207100591716,4.26,4794.7632637385395,FALSE,0,TRUE,TRUE,TRUE
hja2016_099,162,planktonic,5,66,6208.4,559348.485139852,4895468.85366269,hja2016_195,HJA-2016_soil_14,3,soil_detected,845,25,0.029585798816568046,1.73,6368.217807202587,TRUE,1,TRUE,TRUE,TRUE
hja2016_100,64,planktonic,2,163,33.5,570527.99142083,4895508.85189625,hja2016_195,HJA-2016_soil_14,3,soil_detected,845,13,0.015384615384615385,1.09,5866.537268008727,FALSE,0,TRUE,FALSE,FALSE
hja2016_101,58,planktonic,3,385,67.2,566998.147308857,4898497.71989928,hja2016_195,HJA-2016_soil_14,3,soil_detected,845,15,0.01775147928994083,1.48,1869.54523243127,FALSE,0,TRUE,TRUE,TRUE
hja2016_102,73,hyporheic,2,255,137,566310.177691566,4896786.79545861,hja2016_195,HJA-2016_soil_14,3,soil_detected,845,17,0.020118343195266272,1.65,1621.7325316129654,FALSE,0,TRUE,TRUE,TRUE
hja2016_103,260,planktonic,4,23,866.1,566425.172613061,4897456.76587079,hja2016_195,HJA-2016_soil_14,3,soil_detected,845,35,0.04142011834319527,4.07,1325.7645477769647,FALSE,0,TRUE,FALSE,FALSE
hja2016_105,178,planktonic,2,411,19.9,566185.18321168,4901793.57434491,hja2016_195,HJA-2016_soil_14,3,soil_detected,845,25,0.029585798816568046,2.04,3944.9881862003795,FALSE,0,TRUE,TRUE,TRUE
hja2016_106,170,planktonic,2,229,49.4,570659.985591589,4896908.79007097,hja2016_195,HJA-2016_soil_14,3,soil_detected,845,4,0.004733727810650888,0.43,5558.854672371676,FALSE,0,TRUE,FALSE,FALSE
hja2016_107,57,hyporheic,4,131,1488.8,563668.294364702,4898599.71539487,hja2016_195,HJA-2016_soil_14,3,soil_detected,845,17,0.020118343195266272,1.64,1658.6989893291154,FALSE,0,TRUE,TRUE,TRUE
hja2016_109,169,planktonic,2,144,53.5,568641.074752475,4902527.5419308,hja2016_195,HJA-2016_soil_14,3,soil_detected,845,21,0.02485207100591716,1.91,5706.312994503374,FALSE,0,TRUE,TRUE,TRUE
hja2016_110,76,hyporheic,3,150,303.5,570464.994202967,4896947.7883487,hja2016_195,HJA-2016_soil_14,3,soil_detected,845,14,0.016568047337278107,1.62,5360.004107050124,FALSE,0,TRUE,TRUE,TRUE
hja2016_111,160,planktonic,5,24,2569.5,566416.173010509,4897492.764281,hja2016_195,HJA-2016_soil_14,3,soil_detected,845,24,0.028402366863905324,2.22,1303.805447795197,FALSE,0,TRUE,TRUE,TRUE
hja2016_114,WS1-5,planktonic,2,522,87.9,559517.477676657,4895016.87362342,hja2016_195,HJA-2016_soil_14,3,soil_detected,845,20,0.023668639053254437,1.61,6408.688144514996,FALSE,0,TRUE,TRUE,TRUE
hja2016_116,53,planktonic,3,78,280.7,568092.098996817,4898223.73199937,hja2016_195,HJA-2016_soil_14,3,soil_detected,845,21,0.02485207100591716,2.06,2899.1283065446664,FALSE,0,TRUE,TRUE,TRUE
hja2016_119,56,planktonic,3,321,99.5,562839.3309741,4897811.75019367,hja2016_195,HJA-2016_soil_14,3,soil_detected,845,39,0.046153846153846156,3.93,2370.0020705802326,FALSE,0,TRUE,TRUE,TRUE
hja2016_121,84,hyporheic,4,112,622.7,566447.171641521,4900685.6232752,hja2016_195,HJA-2016_soil_14,3,soil_detected,845,5,0.005917159763313609,0.38,2984.3548609150585,FALSE,0,TRUE,TRUE,TRUE
hja2016_122,45,sediment,3,390,193.2,565977.192397151,4897892.74661664,hja2016_195,HJA-2016_soil_14,3,soil_detected,845,95,0.11242603550295859,13.81,777.4334588146854,FALSE,0,TRUE,TRUE,TRUE
hja2016_125,56,sediment,3,321,99.5,562839.3309741,4897811.75019367,hja2016_195,HJA-2016_soil_14,3,soil_detected,845,116,0.13727810650887573,15.05,2370.0020705802326,FALSE,0,TRUE,TRUE,TRUE
hja2016_164,260,sediment,4,23,866.1,566425.172613061,4897456.76587079,hja2016_195,HJA-2016_soil_14,3,soil_detected,845,100,0.11834319526627218,15.26,1325.7645477769647,FALSE,0,TRUE,FALSE,FALSE
hja2016_166,57,sediment,4,131,1488.8,563668.294364702,4898599.71539487,hja2016_195,HJA-2016_soil_14,3,soil_detected,845,51,0.06035502958579882,5.44,1658.6989893291154,FALSE,0,TRUE,TRUE,TRUE
hja2016_167,WS3-1,sediment,2,511,96.4,560508.433913191,4896516.80738205,hja2016_195,HJA-2016_soil_14,3,soil_detected,845,235,0.2781065088757396,25.21,4915.933715278434,FALSE,0,TRUE,TRUE,TRUE
hja2016_169,WS3-2,sediment,2,511,95.7,560554.431881789,4896487.80866272,hja2016_195,HJA-2016_soil_14,3,soil_detected,845,229,0.2710059171597633,24.82,4880.761360251741,FALSE,0,TRUE,TRUE,TRUE
hja2016_170,WS3-3,sediment,2,511,93.4,560639.428128111,4896408.81215143,hja2016_195,HJA-2016_soil_14,3,soil_detected,845,94,0.11124260355029586,10.11,4824.884578681192,FALSE,0,TRUE,TRUE,TRUE
hja2016_177,WS1-3,sediment,2,522,92.1,559404.482666841,4895069.8712829,hja2016_195,HJA-2016_soil_14,3,soil_detected,845,150,0.17751479289940827,18.4,6485.263024078437,FALSE,0,TRUE,TRUE,TRUE
hja2016_179,WS1-5,sediment,2,522,87.9,559517.477676657,4895016.87362342,hja2016_195,HJA-2016_soil_14,3,soil_detected,845,99,0.11715976331360947,12.75,6408.688144514996,FALSE,0,TRUE,TRUE,TRUE
hja2016_180,WS1-6,sediment,2,522,82.7,559631.472642313,4894993.87463913,hja2016_195,HJA-2016_soil_14,3,soil_detected,845,48,0.05680473372781065,5.81,6318.569793603454,FALSE,0,TRUE,TRUE,TRUE
hja2016_181,177,sediment,1,452,14.8,565808.199860345,4901620.58198475,hja2016_195,HJA-2016_soil_14,3,soil_detected,845,98,0.11597633136094675,10.34,3697.7145517131607,FALSE,0,TRUE,TRUE,TRUE
hja2016_001,50,planktonic,5,41,4956.4,563054.321479503,4898132.73601802,hja2016_195,HJA-2016_soil_14,3,soil_enriched,579,3,0.0051813471502590676,0.62,2155.5055668184013,TRUE,1,TRUE,TRUE,TRUE
hja2016_008,WS3-1,hyporheic,2,511,96.4,560508.433913191,4896516.80738205,hja2016_195,HJA-2016_soil_14,3,soil_enriched,579,9,0.015544041450777202,0.95,4915.933715278434,FALSE,0,TRUE,TRUE,TRUE
hja2016_009,60,hyporheic,2,316,43.1,567391.129953618,4898693.71124374,hja2016_195,HJA-2016_soil_14,3,soil_enriched,579,5,0.008635578583765112,0.69,2303.069925106986,FALSE,0,TRUE,FALSE,FALSE
hja2016_010,164,planktonic,3,502,60.8,560307.442789535,4895737.8417834,hja2016_195,HJA-2016_soil_14,3,soil_enriched,579,0,0,0,5382.292554207376,FALSE,0,TRUE,TRUE,TRUE
hja2016_011,WS1-6,planktonic,2,522,82.7,559631.472642313,4894993.87463913,hja2016_195,HJA-2016_soil_14,3,soil_enriched,579,10,0.017271157167530225,0.94,6318.569793603454,FALSE,0,TRUE,TRUE,TRUE
hja2016_013,WS1-4,planktonic,2,522,89.8,559453.480502956,4895042.87247524,hja2016_195,HJA-2016_soil_14,3,soil_enriched,579,8,0.013816925734024179,0.85,6453.695923190305,FALSE,0,TRUE,TRUE,TRUE
hja2016_014,WS1-6,hyporheic,2,522,82.7,559631.472642313,4894993.87463913,hja2016_195,HJA-2016_soil_14,3,soil_enriched,579,3,0.0051813471502590676,0.55,6318.569793603454,FALSE,0,TRUE,TRUE,TRUE
hja2016_015,47,hyporheic,4,134,1550.1,563254.31264732,4898130.73610634,hja2016_195,HJA-2016_soil_14,3,soil_enriched,579,1,0.0017271157167530224,0.47,1955.9608789176561,FALSE,0,TRUE,TRUE,TRUE
hja2016_016,74,hyporheic,2,373,70,565310.221852481,4897724.75403567,hja2016_195,HJA-2016_soil_14,3,soil_enriched,579,2,0.0034542314335060447,0.21,269.68748844901444,FALSE,0,TRUE,TRUE,TRUE
hja2016_018,WS1-5,hyporheic,2,522,87.9,559517.477676657,4895016.87362342,hja2016_195,HJA-2016_soil_14,3,soil_enriched,579,6,0.010362694300518135,0.43,6408.688144514996,FALSE,0,TRUE,TRUE,TRUE
hja2016_019,155,hyporheic,2,345,81.2,565811.199727862,4897652.75721525,hja2016_195,HJA-2016_soil_14,3,soil_enriched,579,9,0.015544041450777202,1.63,686.3966609677049,FALSE,0,TRUE,FALSE,FALSE
hja2016_020,WS1-2,hyporheic,2,522,93.6,559354.484874886,4895103.86978142,hja2016_195,HJA-2016_soil_14,3,soil_enriched,579,12,0.02072538860103627,1.18,6514.969636914479,FALSE,0,TRUE,TRUE,TRUE
hja2016_021,156,hyporheic,5,24,2575.9,566141.185154761,4897558.76136638,hja2016_195,HJA-2016_soil_14,3,soil_enriched,579,4,0.0069084628670120895,0.89,1024.6030457100446,FALSE,0,TRUE,TRUE,TRUE
hja2016_027,WS3-6,planktonic,2,510,78.4,560819.420179147,4896235.81979127,hja2016_195,HJA-2016_soil_14,3,soil_enriched,579,4,0.0069084628670120895,0.58,4715.903957517875,FALSE,0,TRUE,TRUE,TRUE
hja2016_065,68,hyporheic,5,30,3032.2,565145.229139031,4897899.74630751,hja2016_195,HJA-2016_soil_14,3,soil_enriched,579,15,0.025906735751295335,1.47,93.51063876397282,FALSE,0.3703703703703703,FALSE,TRUE,FALSE
hja2016_066,49,hyporheic,5,40,3399.1,563281.311454976,4898046.73981585,hja2016_195,HJA-2016_soil_14,3,soil_enriched,579,12,0.02072538860103627,1.3,1923.9874606362598,TRUE,1,TRUE,TRUE,TRUE
hja2016_070,56,hyporheic,3,321,99.5,562839.3309741,4897811.75019367,hja2016_195,HJA-2016_soil_14,3,soil_enriched,579,7,0.012089810017271158,1.05,2370.0020705802326,FALSE,0,TRUE,TRUE,TRUE
hja2016_071,164,hyporheic,3,502,60.8,560307.442789535,4895737.8417834,hja2016_195,HJA-2016_soil_14,3,soil_enriched,579,11,0.018998272884283247,0.99,5382.292554207376,FALSE,0,TRUE,TRUE,TRUE
hja2016_075,260,hyporheic,4,23,866.1,566425.172613061,4897456.76587079,hja2016_195,HJA-2016_soil_14,3,soil_enriched,579,7,0.012089810017271158,1.28,1325.7645477769647,FALSE,0,TRUE,FALSE,FALSE
hja2016_078,CC-1,hyporheic,2,183,64,569956.016680872,4897740.75332909,hja2016_195,HJA-2016_soil_14,3,soil_enriched,579,7,0.012089810017271158,1.11,4757.798898140008,FALSE,0,TRUE,TRUE,TRUE
hja2016_079,64,hyporheic,2,163,33.5,570527.99142083,4895508.85189625,hja2016_195,HJA-2016_soil_14,3,soil_enriched,579,17,0.02936096718480138,1.65,5866.537268008727,FALSE,0,TRUE,FALSE,FALSE
hja2016_084,177,hyporheic,1,452,14.8,565808.199860345,4901620.58198475,hja2016_195,HJA-2016_soil_14,3,soil_enriched,579,7,0.012089810017271158,0.94,3697.7145517131607,FALSE,0,TRUE,TRUE,TRUE
hja2016_127,60,sediment,2,316,43.1,567391.129953618,4898693.71124374,hja2016_195,HJA-2016_soil_14,3,soil_enriched,579,18,0.031088082901554404,1.49,2303.069925106986,FALSE,0,TRUE,FALSE,FALSE
hja2016_129,72,sediment,4,16,568.3,566542.167446234,4896499.80813279,hja2016_195,HJA-2016_soil_14,3,soil_enriched,579,43,0.07426597582037997,4.59,1990.0038343390268,FALSE,0,TRUE,TRUE,TRUE
hja2016_131,74,sediment,2,373,70,565310.221852481,4897724.75403567,hja2016_195,HJA-2016_soil_14,3,soil_enriched,579,43,0.07426597582037997,4.63,269.68748844901444,FALSE,0,TRUE,TRUE,TRUE
hja2016_132,84,sediment,4,112,622.7,566447.171641521,4900685.6232752,hja2016_195,HJA-2016_soil_14,3,soil_enriched,579,37,0.06390328151986183,3.93,2984.3548609150585,FALSE,0,TRUE,TRUE,TRUE
hja2016_133,161,sediment,5,51,5699.1,561109.407372482,4897170.77850081,hja2016_195,HJA-2016_soil_14,3,soil_enriched,579,125,0.2158894645941278,11.63,4172.23125147289,TRUE,1,TRUE,TRUE,TRUE
hja2016_135,169,sediment,2,144,53.5,568641.074752475,4902527.5419308,hja2016_195,HJA-2016_soil_14,3,soil_enriched,579,43,0.07426597582037997,4.52,5706.312994503374,FALSE,0,TRUE,TRUE,TRUE
hja2016_136,190,sediment,1,546,14.2,564169.272240084,4897881.7471024,hja2016_195,HJA-2016_soil_14,3,soil_enriched,579,29,0.05008635578583765,2.78,1038.5773140099457,FALSE,0,TRUE,FALSE,FALSE
hja2016_139,CC-2,sediment,2,183,63.6,569992.01509108,4897760.75244588,hja2016_195,HJA-2016_soil_14,3,soil_enriched,579,46,0.07944732297063903,4.81,4792.829312715031,FALSE,0,TRUE,TRUE,TRUE
hja2016_140,CC-3,sediment,2,183,63,570038.013059678,4897795.75090024,hja2016_195,HJA-2016_soil_14,3,soil_enriched,579,30,0.05181347150259067,2.81,4837.376955849646,FALSE,0,TRUE,TRUE,TRUE
hja2016_141,CC-4,sediment,2,183,58.5,570162.007583724,4897831.74931045,hja2016_195,HJA-2016_soil_14,3,soil_enriched,579,37,0.06390328151986183,3.49,4960.138052298477,FALSE,0,TRUE,TRUE,TRUE
hja2016_142,KC-1,sediment,3,362,114.7,562012.367495176,4896802.79475203,hja2016_195,HJA-2016_soil_14,3,soil_enriched,579,38,0.06563039723661486,2.63,3399.1314788393493,FALSE,0,TRUE,TRUE,TRUE
hja2016_144,KC-3,sediment,3,362,114,562000.368025107,4896680.80013966,hja2016_195,HJA-2016_soil_14,3,soil_enriched,579,27,0.046632124352331605,2.79,3454.146857014791,FALSE,0,TRUE,TRUE,TRUE
hja2016_145,155,sediment,2,345,81.2,565811.199727862,4897652.75721525,hja2016_195,HJA-2016_soil_14,3,soil_enriched,579,46,0.07944732297063903,4.27,686.3966609677049,FALSE,0,TRUE,FALSE,FALSE
hja2016_146,156,sediment,5,24,2575.9,566141.185154761,4897558.76136638,hja2016_195,HJA-2016_soil_14,3,soil_enriched,579,23,0.039723661485319514,2.18,1024.6030457100446,FALSE,0,TRUE,TRUE,TRUE
hja2016_147,163,sediment,5,63,6126.6,559726.468447026,4896111.82526722,hja2016_195,HJA-2016_soil_14,3,soil_enriched,579,119,0.20552677029360966,11.75,5784.837925553817,TRUE,1,TRUE,TRUE,TRUE
hja2016_148,165,sediment,2,494,27.9,564789.244860317,4900155.64668049,hja2016_195,HJA-2016_soil_14,3,soil_enriched,579,54,0.09326424870466321,5.1,2222.0866581185287,FALSE,0,TRUE,FALSE,FALSE
hja2016_150,53,sediment,3,78,280.7,568092.098996817,4898223.73199937,hja2016_195,HJA-2016_soil_14,3,soil_enriched,579,30,0.05181347150259067,2.7,2899.1283065446664,FALSE,0,TRUE,TRUE,TRUE
hja2016_151,64,sediment,2,163,33.5,570527.99142083,4895508.85189625,hja2016_195,HJA-2016_soil_14,3,soil_enriched,579,108,0.18652849740932642,10.22,5866.537268008727,FALSE,0,TRUE,FALSE,FALSE
hja2016_152,66,sediment,4,79,1360.7,567970.104384448,4898153.73509064,hja2016_195,HJA-2016_soil_14,3,soil_enriched,579,20,0.03454231433506045,2.05,2772.160049302084,FALSE,0,TRUE,TRUE,TRUE
hja2016_155,82,sediment,2,536,36.6,564452.259742545,4899854.65997292,hja2016_195,HJA-2016_soil_14,3,soil_enriched,579,48,0.08290155440414508,4.91,2026.6032981385986,FALSE,0,TRUE,TRUE,TRUE
hja2016_157,43,sediment,1,538,7.8,567346.131940859,4898257.7304979,hja2016_195,HJA-2016_soil_14,3,soil_enriched,579,25,0.04317789291882556,2.21,2161.1563034710957,FALSE,0,TRUE,FALSE,FALSE
hja2016_159,49,sediment,5,40,3399.1,563281.311454976,4898046.73981585,hja2016_195,HJA-2016_soil_14,3,soil_enriched,579,24,0.04145077720207254,2.24,1923.9874606362598,TRUE,1,TRUE,TRUE,TRUE
hja2016_160,50,sediment,5,41,4956.4,563054.321479503,4898132.73601802,hja2016_195,HJA-2016_soil_14,3,soil_enriched,579,6,0.010362694300518135,0.93,2155.5055668184013,TRUE,1,TRUE,TRUE,TRUE
hja2016_031,161,hyporheic,5,51,5699.1,561109.407372482,4897170.77850081,hja2016_195,HJA-2016_soil_14,3,soil_enriched,579,3,0.0051813471502590676,0.71,4172.23125147289,TRUE,1,TRUE,TRUE,TRUE
hja2016_032,54,hyporheic,3,363,207.7,561802.376768968,4897363.76997776,hja2016_195,HJA-2016_soil_14,3,soil_enriched,579,7,0.012089810017271158,0.76,3455.5474714962434,FALSE,0,TRUE,TRUE,TRUE
hja2016_035,192,hyporheic,2,542,28.5,564620.252323511,4897836.74908965,hja2016_195,HJA-2016_soil_14,3,soil_enriched,579,7,0.012089810017271158,1.19,599.2164940053516,FALSE,0,TRUE,TRUE,TRUE
hja2016_037,43,hyporheic,1,538,7.8,567346.131940859,4898257.7304979,hja2016_195,HJA-2016_soil_14,3,soil_enriched,579,0,0,0,2161.1563034710957,FALSE,0,TRUE,FALSE,FALSE
hja2016_042,165,planktonic,2,494,27.9,564789.244860317,4900155.64668049,hja2016_195,HJA-2016_soil_14,3,soil_enriched,579,0,0,0,2222.0866581185287,FALSE,0,TRUE,FALSE,FALSE
hja2016_043,KC-2,hyporheic,3,362,114.2,561999.368069268,4896735.79771081,hja2016_195,HJA-2016_soil_14,3,soil_enriched,579,6,0.010362694300518135,1.21,3434.8905129163436,FALSE,0,TRUE,TRUE,TRUE
hja2016_049,67,planktonic,4,83,1558.1,567119.141965387,4897968.74326041,hja2016_195,HJA-2016_soil_14,3,soil_enriched,579,1,0.0017271157167530224,0.06,1915.2764584802298,FALSE,0,TRUE,TRUE,TRUE
hja2016_050,165,hyporheic,2,494,27.9,564789.244860317,4900155.64668049,hja2016_195,HJA-2016_soil_14,3,soil_enriched,579,13,0.022452504317789293,1.13,2222.0866581185287,FALSE,0,TRUE,FALSE,FALSE
hja2016_052,163,hyporheic,5,63,6126.6,559726.468447026,4896111.82526722,hja2016_195,HJA-2016_soil_14,3,soil_enriched,579,12,0.02072538860103627,0.85,5784.837925553817,TRUE,1,TRUE,TRUE,TRUE
hja2016_056,KC-1,hyporheic,3,362,114.7,562012.367495176,4896802.79475203,hja2016_195,HJA-2016_soil_14,3,soil_enriched,579,9,0.015544041450777202,0.79,3399.1314788393493,FALSE,0,TRUE,TRUE,TRUE
hja2016_057,71,hyporheic,3,556,101.7,562662.338790582,4897988.74237719,hja2016_195,HJA-2016_soil_14,3,soil_enriched,579,2,0.0034542314335060447,0.62,2541.5819250969857,FALSE,0,TRUE,TRUE,TRUE
hja2016_059,KC-2,planktonic,3,362,114.2,561999.368069268,4896735.79771081,hja2016_195,HJA-2016_soil_14,3,soil_enriched,579,6,0.010362694300518135,1.15,3434.8905129163436,FALSE,0,TRUE,TRUE,TRUE
hja2016_062,WS3-3,hyporheic,2,511,93.4,560639.428128111,4896408.81215143,hja2016_195,HJA-2016_soil_14,3,soil_enriched,579,10,0.017271157167530225,0.93,4824.884578681192,FALSE,0,TRUE,TRUE,TRUE
hja2016_064,WS3-4,planktonic,2,510,81.3,560692.425787583,4896348.81480109,hja2016_195,HJA-2016_soil_14,3,soil_enriched,579,4,0.0069084628670120895,0.65,4794.7632637385395,FALSE,0,TRUE,TRUE,TRUE
hja2016_099,162,planktonic,5,66,6208.4,559348.485139852,4895468.85366269,hja2016_195,HJA-2016_soil_14,3,soil_enriched,579,5,0.008635578583765112,0.39,6368.217807202587,TRUE,1,TRUE,TRUE,TRUE
hja2016_100,64,planktonic,2,163,33.5,570527.99142083,4895508.85189625,hja2016_195,HJA-2016_soil_14,3,soil_enriched,579,5,0.008635578583765112,0.25,5866.537268008727,FALSE,0,TRUE,FALSE,FALSE
hja2016_101,58,planktonic,3,385,67.2,566998.147308857,4898497.71989928,hja2016_195,HJA-2016_soil_14,3,soil_enriched,579,2,0.0034542314335060447,0.22,1869.54523243127,FALSE,0,TRUE,TRUE,TRUE
hja2016_102,73,hyporheic,2,255,137,566310.177691566,4896786.79545861,hja2016_195,HJA-2016_soil_14,3,soil_enriched,579,5,0.008635578583765112,0.4,1621.7325316129654,FALSE,0,TRUE,TRUE,TRUE
hja2016_103,260,planktonic,4,23,866.1,566425.172613061,4897456.76587079,hja2016_195,HJA-2016_soil_14,3,soil_enriched,579,7,0.012089810017271158,0.9,1325.7645477769647,FALSE,0,TRUE,FALSE,FALSE
hja2016_105,178,planktonic,2,411,19.9,566185.18321168,4901793.57434491,hja2016_195,HJA-2016_soil_14,3,soil_enriched,579,7,0.012089810017271158,0.6,3944.9881862003795,FALSE,0,TRUE,TRUE,TRUE
hja2016_106,170,planktonic,2,229,49.4,570659.985591589,4896908.79007097,hja2016_195,HJA-2016_soil_14,3,soil_enriched,579,1,0.0017271157167530224,0.08,5558.854672371676,FALSE,0,TRUE,FALSE,FALSE
hja2016_107,57,hyporheic,4,131,1488.8,563668.294364702,4898599.71539487,hja2016_195,HJA-2016_soil_14,3,soil_enriched,579,3,0.0051813471502590676,0.41,1658.6989893291154,FALSE,0,TRUE,TRUE,TRUE
hja2016_109,169,planktonic,2,144,53.5,568641.074752475,4902527.5419308,hja2016_195,HJA-2016_soil_14,3,soil_enriched,579,4,0.0069084628670120895,0.47,5706.312994503374,FALSE,0,TRUE,TRUE,TRUE
hja2016_110,76,hyporheic,3,150,303.5,570464.994202967,4896947.7883487,hja2016_195,HJA-2016_soil_14,3,soil_enriched,579,4,0.0069084628670120895,0.36,5360.004107050124,FALSE,0,TRUE,TRUE,TRUE
hja2016_111,160,planktonic,5,24,2569.5,566416.173010509,4897492.764281,hja2016_195,HJA-2016_soil_14,3,soil_enriched,579,8,0.013816925734024179,0.51,1303.805447795197,FALSE,0,TRUE,TRUE,TRUE
hja2016_114,WS1-5,planktonic,2,522,87.9,559517.477676657,4895016.87362342,hja2016_195,HJA-2016_soil_14,3,soil_enriched,579,4,0.0069084628670120895,0.4,6408.688144514996,FALSE,0,TRUE,TRUE,TRUE
hja2016_116,53,planktonic,3,78,280.7,568092.098996817,4898223.73199937,hja2016_195,HJA-2016_soil_14,3,soil_enriched,579,6,0.010362694300518135,0.53,2899.1283065446664,FALSE,0,TRUE,TRUE,TRUE
hja2016_119,56,planktonic,3,321,99.5,562839.3309741,4897811.75019367,hja2016_195,HJA-2016_soil_14,3,soil_enriched,579,11,0.018998272884283247,1.05,2370.0020705802326,FALSE,0,TRUE,TRUE,TRUE
hja2016_121,84,hyporheic,4,112,622.7,566447.171641521,4900685.6232752,hja2016_195,HJA-2016_soil_14,3,soil_enriched,579,1,0.0017271157167530224,0.09,2984.3548609150585,FALSE,0,TRUE,TRUE,TRUE
hja2016_122,45,sediment,3,390,193.2,565977.192397151,4897892.74661664,hja2016_195,HJA-2016_soil_14,3,soil_enriched,579,24,0.04145077720207254,2.22,777.4334588146854,FALSE,0,TRUE,TRUE,TRUE
hja2016_125,56,sediment,3,321,99.5,562839.3309741,4897811.75019367,hja2016_195,HJA-2016_soil_14,3,soil_enriched,579,34,0.05872193436960276,2.67,2370.0020705802326,FALSE,0,TRUE,TRUE,TRUE
hja2016_164,260,sediment,4,23,866.1,566425.172613061,4897456.76587079,hja2016_195,HJA-2016_soil_14,3,soil_enriched,579,29,0.05008635578583765,3.65,1325.7645477769647,FALSE,0,TRUE,FALSE,FALSE
hja2016_166,57,sediment,4,131,1488.8,563668.294364702,4898599.71539487,hja2016_195,HJA-2016_soil_14,3,soil_enriched,579,10,0.017271157167530225,1.12,1658.6989893291154,FALSE,0,TRUE,TRUE,TRUE
hja2016_167,WS3-1,sediment,2,511,96.4,560508.433913191,4896516.80738205,hja2016_195,HJA-2016_soil_14,3,soil_enriched,579,128,0.22107081174438686,11.87,4915.933715278434,FALSE,0,TRUE,TRUE,TRUE
hja2016_169,WS3-2,sediment,2,511,95.7,560554.431881789,4896487.80866272,hja2016_195,HJA-2016_soil_14,3,soil_enriched,579,125,0.2158894645941278,11.62,4880.761360251741,FALSE,0,TRUE,TRUE,TRUE
hja2016_170,WS3-3,sediment,2,511,93.4,560639.428128111,4896408.81215143,hja2016_195,HJA-2016_soil_14,3,soil_enriched,579,30,0.05181347150259067,2.97,4824.884578681192,FALSE,0,TRUE,TRUE,TRUE
hja2016_177,WS1-3,sediment,2,522,92.1,559404.482666841,4895069.8712829,hja2016_195,HJA-2016_soil_14,3,soil_enriched,579,52,0.08981001727115717,4.47,6485.263024078437,FALSE,0,TRUE,TRUE,TRUE
hja2016_179,WS1-5,sediment,2,522,87.9,559517.477676657,4895016.87362342,hja2016_195,HJA-2016_soil_14,3,soil_enriched,579,27,0.046632124352331605,2.83,6408.688144514996,FALSE,0,TRUE,TRUE,TRUE
hja2016_180,WS1-6,sediment,2,522,82.7,559631.472642313,4894993.87463913,hja2016_195,HJA-2016_soil_14,3,soil_enriched,579,6,0.010362694300518135,1.2,6318.569793603454,FALSE,0,TRUE,TRUE,TRUE
hja2016_181,177,sediment,1,452,14.8,565808.199860345,4901620.58198475,hja2016_195,HJA-2016_soil_14,3,soil_enriched,579,28,0.04835924006908463,2.99,3697.7145517131607,FALSE,0,TRUE,TRUE,TRUE
hja2016_001,50,planktonic,5,41,4956.4,563054.321479503,4898132.73601802,hja2016_196,HJA-2016_soil_16,3,soil_detected,853,26,0.03048065650644783,6.99,2738.6780114059197,FALSE,0,TRUE,TRUE,TRUE
hja2016_008,WS3-1,hyporheic,2,511,96.4,560508.433913191,4896516.80738205,hja2016_196,HJA-2016_soil_16,3,soil_detected,853,88,0.10316529894490035,16.76,386.2316397379532,FALSE,0,TRUE,TRUE,TRUE
hja2016_009,60,hyporheic,2,316,43.1,567391.129953618,4898693.71124374,hja2016_196,HJA-2016_soil_16,3,soil_detected,853,64,0.07502930832356389,16.89,7012.760859620901,FALSE,0,TRUE,FALSE,FALSE
hja2016_010,164,planktonic,3,502,60.8,560307.442789535,4895737.8417834,hja2016_196,HJA-2016_soil_16,3,soil_detected,853,18,0.021101992966002344,7.03,1190.6180363670742,FALSE,0,TRUE,TRUE,TRUE
hja2016_011,WS1-6,planktonic,2,522,82.7,559631.472642313,4894993.87463913,hja2016_196,HJA-2016_soil_16,3,soil_detected,853,116,0.13599062133645956,13.17,2134.2541783474235,FALSE,0,TRUE,TRUE,TRUE
hja2016_013,WS1-4,planktonic,2,522,89.8,559453.480502956,4895042.87247524,hja2016_196,HJA-2016_soil_16,3,soil_detected,853,67,0.07854630715123095,9.53,2180.263113241147,FALSE,0,TRUE,TRUE,TRUE
hja2016_014,WS1-6,hyporheic,2,522,82.7,559631.472642313,4894993.87463913,hja2016_196,HJA-2016_soil_16,3,soil_detected,853,52,0.06096131301289566,12.9,2134.2541783474235,FALSE,0,TRUE,TRUE,TRUE
hja2016_015,47,hyporheic,4,134,1550.1,563254.31264732,4898130.73610634,hja2016_196,HJA-2016_soil_16,3,soil_detected,853,39,0.04572098475967175,9.45,2917.3863799096735,FALSE,0,TRUE,TRUE,TRUE
hja2016_016,74,hyporheic,2,373,70,565310.221852481,4897724.75403567,hja2016_196,HJA-2016_soil_16,3,soil_detected,853,22,0.02579132473622509,4.66,4769.374571735653,FALSE,0,TRUE,TRUE,TRUE
hja2016_018,WS1-5,hyporheic,2,522,87.9,559517.477676657,4895016.87362342,hja2016_196,HJA-2016_soil_16,3,soil_detected,853,69,0.08089097303634232,6.14,2169.2449637815093,FALSE,0,TRUE,TRUE,TRUE
hja2016_019,155,hyporheic,2,345,81.2,565811.199727862,4897652.75721525,hja2016_196,HJA-2016_soil_16,3,soil_detected,853,87,0.10199296600234467,16.27,5252.354196489572,FALSE,0,TRUE,FALSE,FALSE
hja2016_020,WS1-2,hyporheic,2,522,93.6,559354.484874886,4895103.86978142,hja2016_196,HJA-2016_soil_16,3,soil_detected,853,113,0.1324736225087925,13.11,2184.4660209961244,FALSE,0,TRUE,TRUE,TRUE
hja2016_021,156,hyporheic,5,24,2575.9,566141.185154761,4897558.76136638,hja2016_196,HJA-2016_soil_16,3,soil_detected,853,40,0.04689331770222743,10.36,5566.9265511126805,FALSE,0,TRUE,TRUE,TRUE
hja2016_027,WS3-6,planktonic,2,510,78.4,560819.420179147,4896235.81979127,hja2016_196,HJA-2016_soil_16,3,soil_detected,853,49,0.05744431418522861,8.09,683.6233408177475,FALSE,0,TRUE,TRUE,TRUE
hja2016_065,68,hyporheic,5,30,3032.2,565145.229139031,4897899.74630751,hja2016_196,HJA-2016_soil_16,3,soil_detected,853,101,0.11840562719812427,14.64,4642.001103908723,FALSE,0,TRUE,TRUE,TRUE
hja2016_066,49,hyporheic,5,40,3399.1,563281.311454976,4898046.73981585,hja2016_196,HJA-2016_soil_16,3,soil_detected,853,86,0.10082063305978899,10.02,2907.353021932177,FALSE,0,TRUE,TRUE,TRUE
hja2016_070,56,hyporheic,3,321,99.5,562839.3309741,4897811.75019367,hja2016_196,HJA-2016_soil_16,3,soil_detected,853,41,0.04806565064478312,6.18,2408.6603417304236,FALSE,0,TRUE,TRUE,TRUE
hja2016_071,164,hyporheic,3,502,60.8,560307.442789535,4895737.8417834,hja2016_196,HJA-2016_soil_16,3,soil_detected,853,124,0.14536928487690504,14.38,1190.6180363670742,FALSE,0,TRUE,TRUE,TRUE
hja2016_075,260,hyporheic,4,23,866.1,566425.172613061,4897456.76587079,hja2016_196,HJA-2016_soil_16,3,soil_detected,853,87,0.10199296600234467,17.63,5838.1299001296375,FALSE,0,TRUE,FALSE,FALSE
hja2016_078,CC-1,hyporheic,2,183,64,569956.016680872,4897740.75332909,hja2016_196,HJA-2016_soil_16,3,soil_detected,853,78,0.0914419695193435,12.53,9380.046197451158,FALSE,0,TRUE,TRUE,TRUE
hja2016_079,64,hyporheic,2,163,33.5,570527.99142083,4895508.85189625,hja2016_196,HJA-2016_soil_16,3,soil_detected,853,90,0.10550996483001172,12.77,10008.677094750621,FALSE,0,TRUE,FALSE,FALSE
hja2016_084,177,hyporheic,1,452,14.8,565808.199860345,4901620.58198475,hja2016_196,HJA-2016_soil_16,3,soil_detected,853,57,0.0668229777256741,11.62,7026.2165905937445,FALSE,0,TRUE,TRUE,TRUE
hja2016_127,60,sediment,2,316,43.1,567391.129953618,4898693.71124374,hja2016_196,HJA-2016_soil_16,3,soil_detected,853,235,0.27549824150058616,25,7012.760859620901,FALSE,0,TRUE,FALSE,FALSE
hja2016_129,72,sediment,4,16,568.3,566542.167446234,4896499.80813279,hja2016_196,HJA-2016_soil_16,3,soil_detected,853,232,0.2719812426729191,28.21,5940.068161278948,FALSE,0,TRUE,TRUE,TRUE
hja2016_131,74,sediment,2,373,70,565310.221852481,4897724.75403567,hja2016_196,HJA-2016_soil_16,3,soil_detected,853,229,0.268464243845252,26.58,4769.374571735653,FALSE,0,TRUE,TRUE,TRUE
hja2016_132,84,sediment,4,112,622.7,566447.171641521,4900685.6232752,hja2016_196,HJA-2016_soil_16,3,soil_detected,853,243,0.28487690504103164,31.53,6959.717938076398,FALSE,0,TRUE,TRUE,TRUE
hja2016_133,161,sediment,5,51,5699.1,561109.407372482,4897170.77850081,hja2016_196,HJA-2016_soil_16,3,soil_detected,853,332,0.3892145369284877,36.32,569.6823872868616,FALSE,0,TRUE,TRUE,TRUE
hja2016_135,169,sediment,2,144,53.5,568641.074752475,4902527.5419308,hja2016_196,HJA-2016_soil_16,3,soil_detected,853,267,0.3130128956623681,34.18,9809.398325968828,FALSE,0,TRUE,TRUE,TRUE
hja2016_136,190,sediment,1,546,14.2,564169.272240084,4897881.7471024,hja2016_196,HJA-2016_soil_16,3,soil_detected,853,193,0.22626025791324736,25.56,3690.741559224264,FALSE,0,TRUE,FALSE,FALSE
hja2016_139,CC-2,sediment,2,183,63.6,569992.01509108,4897760.75244588,hja2016_196,HJA-2016_soil_16,3,soil_detected,853,265,0.3106682297772567,31.41,9417.728210217858,FALSE,0,TRUE,TRUE,TRUE
hja2016_140,CC-3,sediment,2,183,63,570038.013059678,4897795.75090024,hja2016_196,HJA-2016_soil_16,3,soil_detected,853,217,0.2543962485345838,25.89,9466.820661898211,FALSE,0,TRUE,TRUE,TRUE
hja2016_141,CC-4,sediment,2,183,58.5,570162.007583724,4897831.74931045,hja2016_196,HJA-2016_soil_16,3,soil_detected,853,204,0.2391559202813599,27.97,9593.725261161992,FALSE,0,TRUE,TRUE,TRUE
hja2016_142,KC-1,sediment,3,362,114.7,562012.367495176,4896802.79475203,hja2016_196,HJA-2016_soil_16,3,soil_detected,853,199,0.23329425556858147,24.17,1400.1646650312857,FALSE,0,TRUE,TRUE,TRUE
hja2016_144,KC-3,sediment,3,362,114,562000.368025107,4896680.80013966,hja2016_196,HJA-2016_soil_16,3,soil_detected,853,177,0.20750293083235638,24,1400.9860674355689,FALSE,0,TRUE,TRUE,TRUE
hja2016_145,155,sediment,2,345,81.2,565811.199727862,4897652.75721525,hja2016_196,HJA-2016_soil_16,3,soil_detected,853,239,0.2801875732708089,27.61,5252.354196489572,FALSE,0,TRUE,FALSE,FALSE
hja2016_146,156,sediment,5,24,2575.9,566141.185154761,4897558.76136638,hja2016_196,HJA-2016_soil_16,3,soil_detected,853,201,0.23563892145369286,25.46,5566.9265511126805,FALSE,0,TRUE,TRUE,TRUE
hja2016_147,163,sediment,5,63,6126.6,559726.468447026,4896111.82526722,hja2016_196,HJA-2016_soil_16,3,soil_detected,853,324,0.3798358733880422,35.85,1179.723230621148,TRUE,1,TRUE,TRUE,TRUE
hja2016_148,165,sediment,2,494,27.9,564789.244860317,4900155.64668049,hja2016_196,HJA-2016_soil_16,3,soil_detected,853,276,0.3235638921453693,31.88,5301.207345181816,FALSE,0,TRUE,FALSE,FALSE
hja2016_150,53,sediment,3,78,280.7,568092.098996817,4898223.73199937,hja2016_196,HJA-2016_soil_16,3,soil_detected,853,224,0.26260257913247365,26.85,7595.646474099408,FALSE,0,TRUE,TRUE,TRUE
hja2016_151,64,sediment,2,163,33.5,570527.99142083,4895508.85189625,hja2016_196,HJA-2016_soil_16,3,soil_detected,853,304,0.3563892145369285,32.22,10008.677094750621,FALSE,0,TRUE,FALSE,FALSE
hja2016_152,66,sediment,4,79,1360.7,567970.104384448,4898153.73509064,hja2016_196,HJA-2016_soil_16,3,soil_detected,853,160,0.18757327080890973,23.35,7463.3952313087275,FALSE,0,TRUE,TRUE,TRUE
hja2016_155,82,sediment,2,536,36.6,564452.259742545,4899854.65997292,hja2016_196,HJA-2016_soil_16,3,soil_detected,853,271,0.31770222743259086,30.53,4850.415225517794,FALSE,0,TRUE,TRUE,TRUE
hja2016_157,43,sediment,1,538,7.8,567346.131940859,4898257.7304979,hja2016_196,HJA-2016_soil_16,3,soil_detected,853,219,0.2567409144196952,26.53,6869.254359936313,FALSE,0,TRUE,FALSE,FALSE
hja2016_159,49,sediment,5,40,3399.1,563281.311454976,4898046.73981585,hja2016_196,HJA-2016_soil_16,3,soil_detected,853,239,0.2801875732708089,28.02,2907.353021932177,FALSE,0,TRUE,TRUE,TRUE
hja2016_160,50,sediment,5,41,4956.4,563054.321479503,4898132.73601802,hja2016_196,HJA-2016_soil_16,3,soil_detected,853,158,0.18522860492379836,19.88,2738.6780114059197,FALSE,0,TRUE,TRUE,TRUE
hja2016_031,161,hyporheic,5,51,5699.1,561109.407372482,4897170.77850081,hja2016_196,HJA-2016_soil_16,3,soil_detected,853,19,0.022274325908558032,6.89,569.6823872868616,FALSE,0,TRUE,TRUE,TRUE
hja2016_032,54,hyporheic,3,363,207.7,561802.376768968,4897363.76997776,hja2016_196,HJA-2016_soil_16,3,soil_detected,853,33,0.038686987104337635,9.92,1279.2921005908163,FALSE,0,TRUE,TRUE,TRUE
hja2016_035,192,hyporheic,2,542,28.5,564620.252323511,4897836.74908965,hja2016_196,HJA-2016_soil_16,3,soil_detected,853,35,0.041031652989449004,7.71,4116.253856475994,FALSE,0,TRUE,TRUE,TRUE
hja2016_037,43,hyporheic,1,538,7.8,567346.131940859,4898257.7304979,hja2016_196,HJA-2016_soil_16,3,soil_detected,853,34,0.03985932004689332,10.54,6869.254359936313,FALSE,0,TRUE,FALSE,FALSE
hja2016_042,165,planktonic,2,494,27.9,564789.244860317,4900155.64668049,hja2016_196,HJA-2016_soil_16,3,soil_detected,853,17,0.01992966002344666,5.61,5301.207345181816,FALSE,0,TRUE,FALSE,FALSE
hja2016_043,KC-2,hyporheic,3,362,114.2,561999.368069268,4896735.79771081,hja2016_196,HJA-2016_soil_16,3,soil_detected,853,48,0.05627198124267292,13.89,1392.9157922162822,FALSE,0,TRUE,TRUE,TRUE
hja2016_049,67,planktonic,4,83,1558.1,567119.141965387,4897968.74326041,hja2016_196,HJA-2016_soil_16,3,soil_detected,853,13,0.015240328253223915,7.08,6593.496474796202,FALSE,0,TRUE,TRUE,TRUE
hja2016_050,165,hyporheic,2,494,27.9,564789.244860317,4900155.64668049,hja2016_196,HJA-2016_soil_16,3,soil_detected,853,81,0.09495896834701055,11.44,5301.207345181816,FALSE,0,TRUE,FALSE,FALSE
hja2016_052,163,hyporheic,5,63,6126.6,559726.468447026,4896111.82526722,hja2016_196,HJA-2016_soil_16,3,soil_detected,853,82,0.09613130128956623,11.65,1179.723230621148,TRUE,1,TRUE,TRUE,TRUE
hja2016_056,KC-1,hyporheic,3,362,114.7,562012.367495176,4896802.79475203,hja2016_196,HJA-2016_soil_16,3,soil_detected,853,83,0.09730363423212192,9.69,1400.1646650312857,FALSE,0,TRUE,TRUE,TRUE
hja2016_057,71,hyporheic,3,556,101.7,562662.338790582,4897988.74237719,hja2016_196,HJA-2016_soil_16,3,soil_detected,853,33,0.038686987104337635,6.76,2324.6088036368874,FALSE,0,TRUE,TRUE,TRUE
hja2016_059,KC-2,planktonic,3,362,114.2,561999.368069268,4896735.79771081,hja2016_196,HJA-2016_soil_16,3,soil_detected,853,72,0.08440797186400938,15.65,1392.9157922162822,FALSE,0,TRUE,TRUE,TRUE
hja2016_062,WS3-3,hyporheic,2,511,93.4,560639.428128111,4896408.81215143,hja2016_196,HJA-2016_soil_16,3,soil_detected,853,103,0.12075029308323564,10.12,479.92276293224097,FALSE,0,TRUE,TRUE,TRUE
hja2016_064,WS3-4,planktonic,2,510,81.3,560692.425787583,4896348.81480109,hja2016_196,HJA-2016_soil_16,3,soil_detected,853,55,0.06447831184056271,10.32,544.8455444412544,FALSE,0,TRUE,TRUE,TRUE
hja2016_099,162,planktonic,5,66,6208.4,559348.485139852,4895468.85366269,hja2016_196,HJA-2016_soil_16,3,soil_detected,853,35,0.041031652989449004,2.55,1902.0598347928849,TRUE,1,TRUE,TRUE,TRUE
hja2016_100,64,planktonic,2,163,33.5,570527.99142083,4895508.85189625,hja2016_196,HJA-2016_soil_16,3,soil_detected,853,17,0.01992966002344666,1.4,10008.677094750621,FALSE,0,TRUE,FALSE,FALSE
hja2016_101,58,planktonic,3,385,67.2,566998.147308857,4898497.71989928,hja2016_196,HJA-2016_soil_16,3,soil_detected,853,30,0.035169988276670575,2.72,6583.155673272899,FALSE,0,TRUE,TRUE,TRUE
hja2016_102,73,hyporheic,2,255,137,566310.177691566,4896786.79545861,hja2016_196,HJA-2016_soil_16,3,soil_detected,853,30,0.035169988276670575,2.42,5696.274596264111,FALSE,0,TRUE,TRUE,TRUE
hja2016_103,260,planktonic,4,23,866.1,566425.172613061,4897456.76587079,hja2016_196,HJA-2016_soil_16,3,soil_detected,853,57,0.0668229777256741,5.95,5838.1299001296375,FALSE,0,TRUE,FALSE,FALSE
hja2016_105,178,planktonic,2,411,19.9,566185.18321168,4901793.57434491,hja2016_196,HJA-2016_soil_16,3,soil_detected,853,31,0.03634232121922626,2.79,7422.450767825452,FALSE,0,TRUE,TRUE,TRUE
hja2016_106,170,planktonic,2,229,49.4,570659.985591589,4896908.79007097,hja2016_196,HJA-2016_soil_16,3,soil_detected,853,8,0.009378663540445486,0.8,10045.202859699495,FALSE,0,TRUE,FALSE,FALSE
hja2016_107,57,hyporheic,4,131,1488.8,563668.294364702,4898599.71539487,hja2016_196,HJA-2016_soil_16,3,soil_detected,853,28,0.032825322391559206,2.6,3500.4886692847454,FALSE,0,TRUE,TRUE,TRUE
hja2016_109,169,planktonic,2,144,53.5,568641.074752475,4902527.5419308,hja2016_196,HJA-2016_soil_16,3,soil_detected,853,30,0.035169988276670575,2.9,9809.398325968828,FALSE,0,TRUE,TRUE,TRUE
hja2016_110,76,hyporheic,3,150,303.5,570464.994202967,4896947.7883487,hja2016_196,HJA-2016_soil_16,3,soil_detected,853,25,0.029308323563892145,2.82,9850.370994788298,FALSE,0,TRUE,TRUE,TRUE
hja2016_111,160,planktonic,5,24,2569.5,566416.173010509,4897492.764281,hja2016_196,HJA-2016_soil_16,3,soil_detected,853,37,0.04337631887456037,2.99,5832.795001316289,FALSE,0,TRUE,TRUE,TRUE
hja2016_114,WS1-5,planktonic,2,522,87.9,559517.477676657,4895016.87362342,hja2016_196,HJA-2016_soil_16,3,soil_detected,853,35,0.041031652989449004,3.39,2169.2449637815093,FALSE,0,TRUE,TRUE,TRUE
hja2016_116,53,planktonic,3,78,280.7,568092.098996817,4898223.73199937,hja2016_196,HJA-2016_soil_16,3,soil_detected,853,31,0.03634232121922626,3.06,7595.646474099408,FALSE,0,TRUE,TRUE,TRUE
hja2016_119,56,planktonic,3,321,99.5,562839.3309741,4897811.75019367,hja2016_196,HJA-2016_soil_16,3,soil_detected,853,55,0.06447831184056271,5.91,2408.6603417304236,FALSE,0,TRUE,TRUE,TRUE
hja2016_121,84,hyporheic,4,112,622.7,566447.171641521,4900685.6232752,hja2016_196,HJA-2016_soil_16,3,soil_detected,853,9,0.010550996483001172,0.76,6959.717938076398,FALSE,0,TRUE,TRUE,TRUE
hja2016_122,45,sediment,3,390,193.2,565977.192397151,4897892.74661664,hja2016_196,HJA-2016_soil_16,3,soil_detected,853,226,0.264947245017585,28.16,5455.686774898173,FALSE,0,TRUE,TRUE,TRUE
hja2016_125,56,sediment,3,321,99.5,562839.3309741,4897811.75019367,hja2016_196,HJA-2016_soil_16,3,soil_detected,853,230,0.2696365767878077,28.91,2408.6603417304236,FALSE,0,TRUE,TRUE,TRUE
hja2016_164,260,sediment,4,23,866.1,566425.172613061,4897456.76587079,hja2016_196,HJA-2016_soil_16,3,soil_detected,853,210,0.246189917936694,30.57,5838.1299001296375,FALSE,0,TRUE,FALSE,FALSE
hja2016_166,57,sediment,4,131,1488.8,563668.294364702,4898599.71539487,hja2016_196,HJA-2016_soil_16,3,soil_detected,853,161,0.18874560375146543,19.19,3500.4886692847454,FALSE,0,TRUE,TRUE,TRUE
hja2016_167,WS3-1,sediment,2,511,96.4,560508.433913191,4896516.80738205,hja2016_196,HJA-2016_soil_16,3,soil_detected,853,327,0.38335287221570924,37.37,386.2316397379532,FALSE,0,TRUE,TRUE,TRUE
hja2016_169,WS3-2,sediment,2,511,95.7,560554.431881789,4896487.80866272,hja2016_196,HJA-2016_soil_16,3,soil_detected,853,330,0.38686987104337633,36.66,404.82117268042185,FALSE,0,TRUE,TRUE,TRUE
hja2016_170,WS3-3,sediment,2,511,93.4,560639.428128111,4896408.81215143,hja2016_196,HJA-2016_soil_16,3,soil_detected,853,235,0.27549824150058616,26.33,479.92276293224097,FALSE,0,TRUE,TRUE,TRUE
hja2016_177,WS1-3,sediment,2,522,92.1,559404.482666841,4895069.8712829,hja2016_196,HJA-2016_soil_16,3,soil_detected,853,254,0.2977725674091442,32.82,2184.226089512698,FALSE,0,TRUE,TRUE,TRUE
hja2016_179,WS1-5,sediment,2,522,87.9,559517.477676657,4895016.87362342,hja2016_196,HJA-2016_soil_16,3,soil_detected,853,218,0.2555685814771395,28.03,2169.2449637815093,FALSE,0,TRUE,TRUE,TRUE
hja2016_180,WS1-6,sediment,2,522,82.7,559631.472642313,4894993.87463913,hja2016_196,HJA-2016_soil_16,3,soil_detected,853,157,0.18405627198124266,20.93,2134.2541783474235,FALSE,0,TRUE,TRUE,TRUE
hja2016_181,177,sediment,1,452,14.8,565808.199860345,4901620.58198475,hja2016_196,HJA-2016_soil_16,3,soil_detected,853,250,0.29308323563892147,26.46,7026.2165905937445,FALSE,0,TRUE,TRUE,TRUE
hja2016_001,50,planktonic,5,41,4956.4,563054.321479503,4898132.73601802,hja2016_196,HJA-2016_soil_16,3,soil_enriched,353,3,0.0084985835694051,0.62,2738.6780114059197,FALSE,0,TRUE,TRUE,TRUE
hja2016_008,WS3-1,hyporheic,2,511,96.4,560508.433913191,4896516.80738205,hja2016_196,HJA-2016_soil_16,3,soil_enriched,353,10,0.028328611898016998,1.02,386.2316397379532,FALSE,0,TRUE,TRUE,TRUE
hja2016_009,60,hyporheic,2,316,43.1,567391.129953618,4898693.71124374,hja2016_196,HJA-2016_soil_16,3,soil_enriched,353,5,0.014164305949008499,0.75,7012.760859620901,FALSE,0,TRUE,FALSE,FALSE
hja2016_010,164,planktonic,3,502,60.8,560307.442789535,4895737.8417834,hja2016_196,HJA-2016_soil_16,3,soil_enriched,353,0,0,0,1190.6180363670742,FALSE,0,TRUE,TRUE,TRUE
hja2016_011,WS1-6,planktonic,2,522,82.7,559631.472642313,4894993.87463913,hja2016_196,HJA-2016_soil_16,3,soil_enriched,353,10,0.028328611898016998,0.94,2134.2541783474235,FALSE,0,TRUE,TRUE,TRUE
hja2016_013,WS1-4,planktonic,2,522,89.8,559453.480502956,4895042.87247524,hja2016_196,HJA-2016_soil_16,3,soil_enriched,353,7,0.019830028328611898,0.8,2180.263113241147,FALSE,0,TRUE,TRUE,TRUE
hja2016_014,WS1-6,hyporheic,2,522,82.7,559631.472642313,4894993.87463913,hja2016_196,HJA-2016_soil_16,3,soil_enriched,353,2,0.0056657223796034,0.45,2134.2541783474235,FALSE,0,TRUE,TRUE,TRUE
hja2016_015,47,hyporheic,4,134,1550.1,563254.31264732,4898130.73610634,hja2016_196,HJA-2016_soil_16,3,soil_enriched,353,1,0.0028328611898017,0.47,2917.3863799096735,FALSE,0,TRUE,TRUE,TRUE
hja2016_016,74,hyporheic,2,373,70,565310.221852481,4897724.75403567,hja2016_196,HJA-2016_soil_16,3,soil_enriched,353,2,0.0056657223796034,0.21,4769.374571735653,FALSE,0,TRUE,TRUE,TRUE
hja2016_018,WS1-5,hyporheic,2,522,87.9,559517.477676657,4895016.87362342,hja2016_196,HJA-2016_soil_16,3,soil_enriched,353,6,0.0169971671388102,0.45,2169.2449637815093,FALSE,0,TRUE,TRUE,TRUE
hja2016_019,155,hyporheic,2,345,81.2,565811.199727862,4897652.75721525,hja2016_196,HJA-2016_soil_16,3,soil_enriched,353,13,0.036827195467422094,2.62,5252.354196489572,FALSE,0,TRUE,FALSE,FALSE
hja2016_020,WS1-2,hyporheic,2,522,93.6,559354.484874886,4895103.86978142,hja2016_196,HJA-2016_soil_16,3,soil_enriched,353,10,0.028328611898016998,1.11,2184.4660209961244,FALSE,0,TRUE,TRUE,TRUE
hja2016_021,156,hyporheic,5,24,2575.9,566141.185154761,4897558.76136638,hja2016_196,HJA-2016_soil_16,3,soil_enriched,353,4,0.0113314447592068,0.67,5566.9265511126805,FALSE,0,TRUE,TRUE,TRUE
hja2016_027,WS3-6,planktonic,2,510,78.4,560819.420179147,4896235.81979127,hja2016_196,HJA-2016_soil_16,3,soil_enriched,353,4,0.0113314447592068,0.6,683.6233408177475,FALSE,0,TRUE,TRUE,TRUE
hja2016_065,68,hyporheic,5,30,3032.2,565145.229139031,4897899.74630751,hja2016_196,HJA-2016_soil_16,3,soil_enriched,353,12,0.0339943342776204,1.3,4642.001103908723,FALSE,0,TRUE,TRUE,TRUE
hja2016_066,49,hyporheic,5,40,3399.1,563281.311454976,4898046.73981585,hja2016_196,HJA-2016_soil_16,3,soil_enriched,353,11,0.031161473087818695,1.18,2907.353021932177,FALSE,0,TRUE,TRUE,TRUE
hja2016_070,56,hyporheic,3,321,99.5,562839.3309741,4897811.75019367,hja2016_196,HJA-2016_soil_16,3,soil_enriched,353,7,0.019830028328611898,0.7,2408.6603417304236,FALSE,0,TRUE,TRUE,TRUE
hja2016_071,164,hyporheic,3,502,60.8,560307.442789535,4895737.8417834,hja2016_196,HJA-2016_soil_16,3,soil_enriched,353,14,0.039660056657223795,1.19,1190.6180363670742,FALSE,0,TRUE,TRUE,TRUE
hja2016_075,260,hyporheic,4,23,866.1,566425.172613061,4897456.76587079,hja2016_196,HJA-2016_soil_16,3,soil_enriched,353,7,0.019830028328611898,1.2,5838.1299001296375,FALSE,0,TRUE,FALSE,FALSE
hja2016_078,CC-1,hyporheic,2,183,64,569956.016680872,4897740.75332909,hja2016_196,HJA-2016_soil_16,3,soil_enriched,353,6,0.0169971671388102,1.06,9380.046197451158,FALSE,0,TRUE,TRUE,TRUE
hja2016_079,64,hyporheic,2,163,33.5,570527.99142083,4895508.85189625,hja2016_196,HJA-2016_soil_16,3,soil_enriched,353,16,0.0453257790368272,1.7,10008.677094750621,FALSE,0,TRUE,FALSE,FALSE
hja2016_084,177,hyporheic,1,452,14.8,565808.199860345,4901620.58198475,hja2016_196,HJA-2016_soil_16,3,soil_enriched,353,6,0.0169971671388102,0.85,7026.2165905937445,FALSE,0,TRUE,TRUE,TRUE
hja2016_127,60,sediment,2,316,43.1,567391.129953618,4898693.71124374,hja2016_196,HJA-2016_soil_16,3,soil_enriched,353,19,0.053824362606232294,1.54,7012.760859620901,FALSE,0,TRUE,FALSE,FALSE
hja2016_129,72,sediment,4,16,568.3,566542.167446234,4896499.80813279,hja2016_196,HJA-2016_soil_16,3,soil_enriched,353,36,0.10198300283286119,3.97,5940.068161278948,FALSE,0,TRUE,TRUE,TRUE
hja2016_131,74,sediment,2,373,70,565310.221852481,4897724.75403567,hja2016_196,HJA-2016_soil_16,3,soil_enriched,353,38,0.10764872521246459,3.97,4769.374571735653,FALSE,0,TRUE,TRUE,TRUE
hja2016_132,84,sediment,4,112,622.7,566447.171641521,4900685.6232752,hja2016_196,HJA-2016_soil_16,3,soil_enriched,353,33,0.09348441926345609,3.47,6959.717938076398,FALSE,0,TRUE,TRUE,TRUE
hja2016_133,161,sediment,5,51,5699.1,561109.407372482,4897170.77850081,hja2016_196,HJA-2016_soil_16,3,soil_enriched,353,89,0.2521246458923513,9.68,569.6823872868616,FALSE,0,TRUE,TRUE,TRUE
hja2016_135,169,sediment,2,144,53.5,568641.074752475,4902527.5419308,hja2016_196,HJA-2016_soil_16,3,soil_enriched,353,39,0.11048158640226628,4.01,9809.398325968828,FALSE,0,TRUE,TRUE,TRUE
hja2016_136,190,sediment,1,546,14.2,564169.272240084,4897881.7471024,hja2016_196,HJA-2016_soil_16,3,soil_enriched,353,30,0.08498583569405099,2.61,3690.741559224264,FALSE,0,TRUE,FALSE,FALSE
hja2016_139,CC-2,sediment,2,183,63.6,569992.01509108,4897760.75244588,hja2016_196,HJA-2016_soil_16,3,soil_enriched,353,47,0.13314447592067988,4.76,9417.728210217858,FALSE,0,TRUE,TRUE,TRUE
hja2016_140,CC-3,sediment,2,183,63,570038.013059678,4897795.75090024,hja2016_196,HJA-2016_soil_16,3,soil_enriched,353,30,0.08498583569405099,2.69,9466.820661898211,FALSE,0,TRUE,TRUE,TRUE
hja2016_141,CC-4,sediment,2,183,58.5,570162.007583724,4897831.74931045,hja2016_196,HJA-2016_soil_16,3,soil_enriched,353,30,0.08498583569405099,2.99,9593.725261161992,FALSE,0,TRUE,TRUE,TRUE
hja2016_142,KC-1,sediment,3,362,114.7,562012.367495176,4896802.79475203,hja2016_196,HJA-2016_soil_16,3,soil_enriched,353,30,0.08498583569405099,2.41,1400.1646650312857,FALSE,0,TRUE,TRUE,TRUE
hja2016_144,KC-3,sediment,3,362,114,562000.368025107,4896680.80013966,hja2016_196,HJA-2016_soil_16,3,soil_enriched,353,25,0.0708215297450425,2.55,1400.9860674355689,FALSE,0,TRUE,TRUE,TRUE
hja2016_145,155,sediment,2,345,81.2,565811.199727862,4897652.75721525,hja2016_196,HJA-2016_soil_16,3,soil_enriched,353,36,0.10198300283286119,3.69,5252.354196489572,FALSE,0,TRUE,FALSE,FALSE
hja2016_146,156,sediment,5,24,2575.9,566141.185154761,4897558.76136638,hja2016_196,HJA-2016_soil_16,3,soil_enriched,353,22,0.06232294617563739,1.99,5566.9265511126805,FALSE,0,TRUE,TRUE,TRUE
hja2016_147,163,sediment,5,63,6126.6,559726.468447026,4896111.82526722,hja2016_196,HJA-2016_soil_16,3,soil_enriched,353,88,0.24929178470254956,9.32,1179.723230621148,TRUE,1,TRUE,TRUE,TRUE
hja2016_148,165,sediment,2,494,27.9,564789.244860317,4900155.64668049,hja2016_196,HJA-2016_soil_16,3,soil_enriched,353,51,0.14447592067988668,4.92,5301.207345181816,FALSE,0,TRUE,FALSE,FALSE
hja2016_150,53,sediment,3,78,280.7,568092.098996817,4898223.73199937,hja2016_196,HJA-2016_soil_16,3,soil_enriched,353,29,0.0821529745042493,2.61,7595.646474099408,FALSE,0,TRUE,TRUE,TRUE
hja2016_151,64,sediment,2,163,33.5,570527.99142083,4895508.85189625,hja2016_196,HJA-2016_soil_16,3,soil_enriched,353,85,0.24079320113314448,8.12,10008.677094750621,FALSE,0,TRUE,FALSE,FALSE
hja2016_152,66,sediment,4,79,1360.7,567970.104384448,4898153.73509064,hja2016_196,HJA-2016_soil_16,3,soil_enriched,353,16,0.0453257790368272,1.74,7463.3952313087275,FALSE,0,TRUE,TRUE,TRUE
hja2016_155,82,sediment,2,536,36.6,564452.259742545,4899854.65997292,hja2016_196,HJA-2016_soil_16,3,soil_enriched,353,49,0.1388101983002833,4.65,4850.415225517794,FALSE,0,TRUE,TRUE,TRUE
hja2016_157,43,sediment,1,538,7.8,567346.131940859,4898257.7304979,hja2016_196,HJA-2016_soil_16,3,soil_enriched,353,23,0.06515580736543909,1.96,6869.254359936313,FALSE,0,TRUE,FALSE,FALSE
hja2016_159,49,sediment,5,40,3399.1,563281.311454976,4898046.73981585,hja2016_196,HJA-2016_soil_16,3,soil_enriched,353,26,0.07365439093484419,2.3,2907.353021932177,FALSE,0,TRUE,TRUE,TRUE
hja2016_160,50,sediment,5,41,4956.4,563054.321479503,4898132.73601802,hja2016_196,HJA-2016_soil_16,3,soil_enriched,353,6,0.0169971671388102,0.87,2738.6780114059197,FALSE,0,TRUE,TRUE,TRUE
hja2016_031,161,hyporheic,5,51,5699.1,561109.407372482,4897170.77850081,hja2016_196,HJA-2016_soil_16,3,soil_enriched,353,3,0.0084985835694051,0.97,569.6823872868616,FALSE,0,TRUE,TRUE,TRUE
hja2016_032,54,hyporheic,3,363,207.7,561802.376768968,4897363.76997776,hja2016_196,HJA-2016_soil_16,3,soil_enriched,353,5,0.014164305949008499,0.45,1279.2921005908163,FALSE,0,TRUE,TRUE,TRUE
hja2016_035,192,hyporheic,2,542,28.5,564620.252323511,4897836.74908965,hja2016_196,HJA-2016_soil_16,3,soil_enriched,353,5,0.014164305949008499,0.86,4116.253856475994,FALSE,0,TRUE,TRUE,TRUE
hja2016_037,43,hyporheic,1,538,7.8,567346.131940859,4898257.7304979,hja2016_196,HJA-2016_soil_16,3,soil_enriched,353,0,0,0,6869.254359936313,FALSE,0,TRUE,FALSE,FALSE
hja2016_042,165,planktonic,2,494,27.9,564789.244860317,4900155.64668049,hja2016_196,HJA-2016_soil_16,3,soil_enriched,353,1,0.0028328611898017,0.07,5301.207345181816,FALSE,0,TRUE,FALSE,FALSE
hja2016_043,KC-2,hyporheic,3,362,114.2,561999.368069268,4896735.79771081,hja2016_196,HJA-2016_soil_16,3,soil_enriched,353,5,0.014164305949008499,1.17,1392.9157922162822,FALSE,0,TRUE,TRUE,TRUE
hja2016_049,67,planktonic,4,83,1558.1,567119.141965387,4897968.74326041,hja2016_196,HJA-2016_soil_16,3,soil_enriched,353,1,0.0028328611898017,0.08,6593.496474796202,FALSE,0,TRUE,TRUE,TRUE
hja2016_050,165,hyporheic,2,494,27.9,564789.244860317,4900155.64668049,hja2016_196,HJA-2016_soil_16,3,soil_enriched,353,9,0.025495750708215296,0.85,5301.207345181816,FALSE,0,TRUE,FALSE,FALSE
hja2016_052,163,hyporheic,5,63,6126.6,559726.468447026,4896111.82526722,hja2016_196,HJA-2016_soil_16,3,soil_enriched,353,12,0.0339943342776204,1.06,1179.723230621148,TRUE,1,TRUE,TRUE,TRUE
hja2016_056,KC-1,hyporheic,3,362,114.7,562012.367495176,4896802.79475203,hja2016_196,HJA-2016_soil_16,3,soil_enriched,353,10,0.028328611898016998,0.77,1400.1646650312857,FALSE,0,TRUE,TRUE,TRUE
hja2016_057,71,hyporheic,3,556,101.7,562662.338790582,4897988.74237719,hja2016_196,HJA-2016_soil_16,3,soil_enriched,353,3,0.0084985835694051,0.68,2324.6088036368874,FALSE,0,TRUE,TRUE,TRUE
hja2016_059,KC-2,planktonic,3,362,114.2,561999.368069268,4896735.79771081,hja2016_196,HJA-2016_soil_16,3,soil_enriched,353,9,0.025495750708215296,1.63,1392.9157922162822,FALSE,0,TRUE,TRUE,TRUE
hja2016_062,WS3-3,hyporheic,2,511,93.4,560639.428128111,4896408.81215143,hja2016_196,HJA-2016_soil_16,3,soil_enriched,353,11,0.031161473087818695,0.96,479.92276293224097,FALSE,0,TRUE,TRUE,TRUE
hja2016_064,WS3-4,planktonic,2,510,81.3,560692.425787583,4896348.81480109,hja2016_196,HJA-2016_soil_16,3,soil_enriched,353,6,0.0169971671388102,1.09,544.8455444412544,FALSE,0,TRUE,TRUE,TRUE
hja2016_099,162,planktonic,5,66,6208.4,559348.485139852,4895468.85366269,hja2016_196,HJA-2016_soil_16,3,soil_enriched,353,3,0.0084985835694051,0.32,1902.0598347928849,TRUE,1,TRUE,TRUE,TRUE
hja2016_100,64,planktonic,2,163,33.5,570527.99142083,4895508.85189625,hja2016_196,HJA-2016_soil_16,3,soil_enriched,353,2,0.0056657223796034,0.12,10008.677094750621,FALSE,0,TRUE,FALSE,FALSE
hja2016_101,58,planktonic,3,385,67.2,566998.147308857,4898497.71989928,hja2016_196,HJA-2016_soil_16,3,soil_enriched,353,2,0.0056657223796034,0.25,6583.155673272899,FALSE,0,TRUE,TRUE,TRUE
hja2016_102,73,hyporheic,2,255,137,566310.177691566,4896786.79545861,hja2016_196,HJA-2016_soil_16,3,soil_enriched,353,4,0.0113314447592068,0.31,5696.274596264111,FALSE,0,TRUE,TRUE,TRUE
hja2016_103,260,planktonic,4,23,866.1,566425.172613061,4897456.76587079,hja2016_196,HJA-2016_soil_16,3,soil_enriched,353,5,0.014164305949008499,0.65,5838.1299001296375,FALSE,0,TRUE,FALSE,FALSE
hja2016_105,178,planktonic,2,411,19.9,566185.18321168,4901793.57434491,hja2016_196,HJA-2016_soil_16,3,soil_enriched,353,4,0.0113314447592068,0.43,7422.450767825452,FALSE,0,TRUE,TRUE,TRUE
hja2016_106,170,planktonic,2,229,49.4,570659.985591589,4896908.79007097,hja2016_196,HJA-2016_soil_16,3,soil_enriched,353,1,0.0028328611898017,0.09,10045.202859699495,FALSE,0,TRUE,FALSE,FALSE
hja2016_107,57,hyporheic,4,131,1488.8,563668.294364702,4898599.71539487,hja2016_196,HJA-2016_soil_16,3,soil_enriched,353,3,0.0084985835694051,0.41,3500.4886692847454,FALSE,0,TRUE,TRUE,TRUE
hja2016_109,169,planktonic,2,144,53.5,568641.074752475,4902527.5419308,hja2016_196,HJA-2016_soil_16,3,soil_enriched,353,4,0.0113314447592068,0.48,9809.398325968828,FALSE,0,TRUE,TRUE,TRUE
hja2016_110,76,hyporheic,3,150,303.5,570464.994202967,4896947.7883487,hja2016_196,HJA-2016_soil_16,3,soil_enriched,353,2,0.0056657223796034,0.29,9850.370994788298,FALSE,0,TRUE,TRUE,TRUE
hja2016_111,160,planktonic,5,24,2569.5,566416.173010509,4897492.764281,hja2016_196,HJA-2016_soil_16,3,soil_enriched,353,7,0.019830028328611898,0.45,5832.795001316289,FALSE,0,TRUE,TRUE,TRUE
hja2016_114,WS1-5,planktonic,2,522,87.9,559517.477676657,4895016.87362342,hja2016_196,HJA-2016_soil_16,3,soil_enriched,353,2,0.0056657223796034,0.31,2169.2449637815093,FALSE,0,TRUE,TRUE,TRUE
hja2016_116,53,planktonic,3,78,280.7,568092.098996817,4898223.73199937,hja2016_196,HJA-2016_soil_16,3,soil_enriched,353,6,0.0169971671388102,0.48,7595.646474099408,FALSE,0,TRUE,TRUE,TRUE
hja2016_119,56,planktonic,3,321,99.5,562839.3309741,4897811.75019367,hja2016_196,HJA-2016_soil_16,3,soil_enriched,353,9,0.025495750708215296,0.76,2408.6603417304236,FALSE,0,TRUE,TRUE,TRUE
hja2016_121,84,hyporheic,4,112,622.7,566447.171641521,4900685.6232752,hja2016_196,HJA-2016_soil_16,3,soil_enriched,353,1,0.0028328611898017,0.07,6959.717938076398,FALSE,0,TRUE,TRUE,TRUE
hja2016_122,45,sediment,3,390,193.2,565977.192397151,4897892.74661664,hja2016_196,HJA-2016_soil_16,3,soil_enriched,353,28,0.07932011331444759,2.21,5455.686774898173,FALSE,0,TRUE,TRUE,TRUE
hja2016_125,56,sediment,3,321,99.5,562839.3309741,4897811.75019367,hja2016_196,HJA-2016_soil_16,3,soil_enriched,353,29,0.0821529745042493,2.5,2408.6603417304236,FALSE,0,TRUE,TRUE,TRUE
hja2016_164,260,sediment,4,23,866.1,566425.172613061,4897456.76587079,hja2016_196,HJA-2016_soil_16,3,soil_enriched,353,27,0.0764872521246459,3.57,5838.1299001296375,FALSE,0,TRUE,FALSE,FALSE
hja2016_166,57,sediment,4,131,1488.8,563668.294364702,4898599.71539487,hja2016_196,HJA-2016_soil_16,3,soil_enriched,353,12,0.0339943342776204,1.15,3500.4886692847454,FALSE,0,TRUE,TRUE,TRUE
hja2016_167,WS3-1,sediment,2,511,96.4,560508.433913191,4896516.80738205,hja2016_196,HJA-2016_soil_16,3,soil_enriched,353,96,0.2719546742209632,9.74,386.2316397379532,FALSE,0,TRUE,TRUE,TRUE
hja2016_169,WS3-2,sediment,2,511,95.7,560554.431881789,4896487.80866272,hja2016_196,HJA-2016_soil_16,3,soil_enriched,353,98,0.2776203966005666,9.64,404.82117268042185,FALSE,0,TRUE,TRUE,TRUE
hja2016_170,WS3-3,sediment,2,511,93.4,560639.428128111,4896408.81215143,hja2016_196,HJA-2016_soil_16,3,soil_enriched,353,34,0.09631728045325778,2.91,479.92276293224097,FALSE,0,TRUE,TRUE,TRUE
hja2016_177,WS1-3,sediment,2,522,92.1,559404.482666841,4895069.8712829,hja2016_196,HJA-2016_soil_16,3,soil_enriched,353,45,0.1274787535410765,4,2184.226089512698,FALSE,0,TRUE,TRUE,TRUE
hja2016_179,WS1-5,sediment,2,522,87.9,559517.477676657,4895016.87362342,hja2016_196,HJA-2016_soil_16,3,soil_enriched,353,23,0.06515580736543909,2.44,2169.2449637815093,FALSE,0,TRUE,TRUE,TRUE
hja2016_180,WS1-6,sediment,2,522,82.7,559631.472642313,4894993.87463913,hja2016_196,HJA-2016_soil_16,3,soil_enriched,353,8,0.0226628895184136,1.3,2134.2541783474235,FALSE,0,TRUE,TRUE,TRUE
hja2016_181,177,sediment,1,452,14.8,565808.199860345,4901620.58198475,hja2016_196,HJA-2016_soil_16,3,soil_enriched,353,28,0.07932011331444759,2.9,7026.2165905937445,FALSE,0,TRUE,TRUE,TRUE
hja2016_001,50,planktonic,5,41,4956.4,563054.321479503,4898132.73601802,hja2016_197,HJA-2016_soil_17,3,soil_detected,1021,7,0.0068560235063663075,2.37,5142.561473306318,FALSE,0,TRUE,TRUE,TRUE
hja2016_008,WS3-1,hyporheic,2,511,96.4,560508.433913191,4896516.80738205,hja2016_197,HJA-2016_soil_17,3,soil_detected,1021,21,0.02056807051909892,4.64,2167.591609835966,FALSE,0,TRUE,TRUE,TRUE
hja2016_009,60,hyporheic,2,316,43.1,567391.129953618,4898693.71124374,hja2016_197,HJA-2016_soil_17,3,soil_detected,1021,24,0.023506366307541625,6.83,9169.500851157969,FALSE,0,TRUE,FALSE,FALSE
hja2016_010,164,planktonic,3,502,60.8,560307.442789535,4895737.8417834,hja2016_197,HJA-2016_soil_17,3,soil_detected,1021,8,0.007835455435847209,3.08,1511.2132607297297,FALSE,0,TRUE,TRUE,TRUE
hja2016_011,WS1-6,planktonic,2,522,82.7,559631.472642313,4894993.87463913,hja2016_197,HJA-2016_soil_17,3,soil_detected,1021,44,0.043095004897159644,4.59,606.3740533198791,FALSE,0,TRUE,TRUE,TRUE
hja2016_013,WS1-4,planktonic,2,522,89.8,559453.480502956,4895042.87247524,hja2016_197,HJA-2016_soil_17,3,soil_detected,1021,35,0.034280117531831536,5.19,439.21746981759634,FALSE,0,TRUE,TRUE,TRUE
hja2016_014,WS1-6,hyporheic,2,522,82.7,559631.472642313,4894993.87463913,hja2016_197,HJA-2016_soil_17,3,soil_detected,1021,25,0.024485798237022526,7.78,606.3740533198791,FALSE,0,TRUE,TRUE,TRUE
hja2016_015,47,hyporheic,4,134,1550.1,563254.31264732,4898130.73610634,hja2016_197,HJA-2016_soil_17,3,soil_detected,1021,18,0.01762977473065622,4.89,5299.391638008729,FALSE,0,TRUE,TRUE,TRUE
hja2016_016,74,hyporheic,2,373,70,565310.221852481,4897724.75403567,hja2016_197,HJA-2016_soil_17,3,soil_detected,1021,15,0.014691478942213516,2.23,6874.326463811788,FALSE,0,TRUE,TRUE,TRUE
hja2016_018,WS1-5,hyporheic,2,522,87.9,559517.477676657,4895016.87362342,hja2016_197,HJA-2016_soil_17,3,soil_detected,1021,22,0.021547502448579822,2.07,496.42309199158746,FALSE,0,TRUE,TRUE,TRUE
hja2016_019,155,hyporheic,2,345,81.2,565811.199727862,4897652.75721525,hja2016_197,HJA-2016_soil_17,3,soil_detected,1021,27,0.02644466209598433,4.82,7307.871101678858,FALSE,0,TRUE,FALSE,FALSE
hja2016_020,WS1-2,hyporheic,2,522,93.6,559354.484874886,4895103.86978142,hja2016_197,HJA-2016_soil_17,3,soil_detected,1021,49,0.047992164544564155,6.08,368.19569930090256,FALSE,0,TRUE,TRUE,TRUE
hja2016_021,156,hyporheic,5,24,2575.9,566141.185154761,4897558.76136638,hja2016_197,HJA-2016_soil_17,3,soil_detected,1021,15,0.014691478942213516,3.04,7582.092536369678,FALSE,0,TRUE,TRUE,TRUE
hja2016_027,WS3-6,planktonic,2,510,78.4,560819.420179147,4896235.81979127,hja2016_197,HJA-2016_soil_17,3,soil_detected,1021,25,0.024485798237022526,3.58,2214.725386135582,FALSE,0,TRUE,TRUE,TRUE
hja2016_065,68,hyporheic,5,30,3032.2,565145.229139031,4897899.74630751,hja2016_197,HJA-2016_soil_17,3,soil_detected,1021,45,0.04407443682664055,7.33,6798.391859301038,FALSE,0,TRUE,TRUE,TRUE
hja2016_066,49,hyporheic,5,40,3399.1,563281.311454976,4898046.73981585,hja2016_197,HJA-2016_soil_17,3,soil_detected,1021,29,0.02840352595494613,4.23,5270.902629810743,FALSE,0,TRUE,TRUE,TRUE
hja2016_070,56,hyporheic,3,321,99.5,562839.3309741,4897811.75019367,hja2016_197,HJA-2016_soil_17,3,soil_detected,1021,23,0.022526934378060724,3.81,4775.995104478822,FALSE,0,TRUE,TRUE,TRUE
hja2016_071,164,hyporheic,3,502,60.8,560307.442789535,4895737.8417834,hja2016_197,HJA-2016_soil_17,3,soil_detected,1021,45,0.04407443682664055,4.79,1511.2132607297297,FALSE,0,TRUE,TRUE,TRUE
hja2016_075,260,hyporheic,4,23,866.1,566425.172613061,4897456.76587079,hja2016_197,HJA-2016_soil_17,3,soil_detected,1021,33,0.03232125367286973,6.32,7815.604598230904,FALSE,0,TRUE,FALSE,FALSE
hja2016_078,CC-1,hyporheic,2,183,64,569956.016680872,4897740.75332909,hja2016_197,HJA-2016_soil_17,3,soil_detected,1021,26,0.025465230166503428,4.12,11282.73288111161,FALSE,0,TRUE,TRUE,TRUE
hja2016_079,64,hyporheic,2,163,33.5,570527.99142083,4895508.85189625,hja2016_197,HJA-2016_soil_17,3,soil_detected,1021,49,0.047992164544564155,8.56,11514.259312802751,FALSE,0,TRUE,FALSE,FALSE
hja2016_084,177,hyporheic,1,452,14.8,565808.199860345,4901620.58198475,hja2016_197,HJA-2016_soil_17,3,soil_detected,1021,28,0.02742409402546523,6.14,9523.006575182973,FALSE,0,TRUE,TRUE,TRUE
hja2016_127,60,sediment,2,316,43.1,567391.129953618,4898693.71124374,hja2016_197,HJA-2016_soil_17,3,soil_detected,1021,71,0.06953966699314397,9.81,9169.500851157969,FALSE,0,TRUE,FALSE,FALSE
hja2016_129,72,sediment,4,16,568.3,566542.167446234,4896499.80813279,hja2016_197,HJA-2016_soil_17,3,soil_detected,1021,64,0.06268364348677767,9.18,7675.577447144639,FALSE,0,TRUE,TRUE,TRUE
hja2016_131,74,sediment,2,373,70,565310.221852481,4897724.75403567,hja2016_197,HJA-2016_soil_17,3,soil_detected,1021,63,0.061704211557296766,9.49,6874.326463811788,FALSE,0,TRUE,TRUE,TRUE
hja2016_132,84,sediment,4,112,622.7,566447.171641521,4900685.6232752,hja2016_197,HJA-2016_soil_17,3,soil_detected,1021,66,0.06464250734573947,11.32,9387.768672449809,FALSE,0,TRUE,TRUE,TRUE
hja2016_133,161,sediment,5,51,5699.1,561109.407372482,4897170.77850081,hja2016_197,HJA-2016_soil_17,3,soil_detected,1021,106,0.10381978452497552,14.34,3055.73922385039,FALSE,0,TRUE,TRUE,TRUE
hja2016_135,169,sediment,2,144,53.5,568641.074752475,4902527.5419308,hja2016_197,HJA-2016_soil_17,3,soil_detected,1021,73,0.07149853085210578,12.42,12250.699071003923,FALSE,0,TRUE,TRUE,TRUE
hja2016_136,190,sediment,1,546,14.2,564169.272240084,4897881.7471024,hja2016_197,HJA-2016_soil_17,3,soil_detected,1021,59,0.05778648383937316,10.02,5926.558433392558,FALSE,0,TRUE,FALSE,FALSE
hja2016_139,CC-2,sediment,2,183,63.6,569992.01509108,4897760.75244588,hja2016_197,HJA-2016_soil_17,3,soil_detected,1021,83,0.08129285014691479,11.63,11322.580068739775,FALSE,0,TRUE,TRUE,TRUE
hja2016_140,CC-3,sediment,2,183,63,570038.013059678,4897795.75090024,hja2016_197,HJA-2016_soil_17,3,soil_detected,1021,68,0.06660137120470128,9.71,11375.882323631278,FALSE,0,TRUE,TRUE,TRUE
hja2016_141,CC-4,sediment,2,183,58.5,570162.007583724,4897831.74931045,hja2016_197,HJA-2016_soil_17,3,soil_detected,1021,66,0.06464250734573947,10.94,11504.945935734104,FALSE,0,TRUE,TRUE,TRUE
hja2016_142,KC-1,sediment,3,362,114.7,562012.367495176,4896802.79475203,hja2016_197,HJA-2016_soil_17,3,soil_detected,1021,45,0.04407443682664055,8.51,3521.4066934929992,FALSE,0,TRUE,TRUE,TRUE
hja2016_144,KC-3,sediment,3,362,114,562000.368025107,4896680.80013966,hja2016_197,HJA-2016_soil_17,3,soil_detected,1021,50,0.04897159647404505,8.65,3447.8406349206816,FALSE,0,TRUE,TRUE,TRUE
hja2016_145,155,sediment,2,345,81.2,565811.199727862,4897652.75721525,hja2016_197,HJA-2016_soil_17,3,soil_detected,1021,69,0.06758080313418217,9.54,7307.871101678858,FALSE,0,TRUE,FALSE,FALSE
hja2016_146,156,sediment,5,24,2575.9,566141.185154761,4897558.76136638,hja2016_197,HJA-2016_soil_17,3,soil_detected,1021,62,0.06072477962781587,9.08,7582.092536369678,FALSE,0,TRUE,TRUE,TRUE
hja2016_147,163,sediment,5,63,6126.6,559726.468447026,4896111.82526722,hja2016_197,HJA-2016_soil_17,3,soil_detected,1021,99,0.096963761018609207,14.58,1369.794094338863,FALSE,0,TRUE,TRUE,TRUE
hja2016_148,165,sediment,2,494,27.9,564789.244860317,4900155.64668049,hja2016_197,HJA-2016_soil_17,3,soil_detected,1021,85,0.0832517140058766,11.96,7775.746857685037,FALSE,0,TRUE,FALSE,FALSE
hja2016_150,53,sediment,3,78,280.7,568092.098996817,4898223.73199937,hja2016_197,HJA-2016_soil_17,3,soil_detected,1021,65,0.06366307541625857,9.97,9642.711543314153,FALSE,0,TRUE,TRUE,TRUE
hja2016_151,64,sediment,2,163,33.5,570527.99142083,4895508.85189625,hja2016_197,HJA-2016_soil_17,3,soil_detected,1021,92,0.0901077375122429,12.91,11514.259312802751,FALSE,0,TRUE,FALSE,FALSE
hja2016_152,66,sediment,4,79,1360.7,567970.104384448,4898153.73509064,hja2016_197,HJA-2016_soil_17,3,soil_detected,1021,47,0.04603330068560235,8.09,9504.184932917147,FALSE,0,TRUE,TRUE,TRUE
hja2016_155,82,sediment,2,536,36.6,564452.259742545,4899854.65997292,hja2016_197,HJA-2016_soil_17,3,soil_detected,1021,91,0.089128305582762,12.65,7323.927992416931,FALSE,0,TRUE,TRUE,TRUE
hja2016_157,43,sediment,1,538,7.8,567346.131940859,4898257.7304979,hja2016_197,HJA-2016_soil_17,3,soil_detected,1021,79,0.07737512242899118,9.58,8957.699521987983,FALSE,0,TRUE,FALSE,FALSE
hja2016_159,49,sediment,5,40,3399.1,563281.311454976,4898046.73981585,hja2016_197,HJA-2016_soil_17,3,soil_detected,1021,62,0.06072477962781587,10.1,5270.902629810743,FALSE,0,TRUE,TRUE,TRUE
hja2016_160,50,sediment,5,41,4956.4,563054.321479503,4898132.73601802,hja2016_197,HJA-2016_soil_17,3,soil_detected,1021,60,0.058765915768854066,7.51,5142.561473306318,FALSE,0,TRUE,TRUE,TRUE
hja2016_031,161,hyporheic,5,51,5699.1,561109.407372482,4897170.77850081,hja2016_197,HJA-2016_soil_17,3,soil_detected,1021,9,0.00881488736532811,2.51,3055.73922385039,FALSE,0,TRUE,TRUE,TRUE
hja2016_032,54,hyporheic,3,363,207.7,561802.376768968,4897363.76997776,hja2016_197,HJA-2016_soil_17,3,soil_detected,1021,15,0.014691478942213516,5.35,3688.240051990639,FALSE,0,TRUE,TRUE,TRUE
hja2016_035,192,hyporheic,2,542,28.5,564620.252323511,4897836.74908965,hja2016_197,HJA-2016_soil_17,3,soil_detected,1021,16,0.015670910871694418,3.92,6300.895117747916,FALSE,0,TRUE,TRUE,TRUE
hja2016_037,43,hyporheic,1,538,7.8,567346.131940859,4898257.7304979,hja2016_197,HJA-2016_soil_17,3,soil_detected,1021,12,0.011753183153770812,3.12,8957.699521987983,FALSE,0,TRUE,FALSE,FALSE
hja2016_042,165,planktonic,2,494,27.9,564789.244860317,4900155.64668049,hja2016_197,HJA-2016_soil_17,3,soil_detected,1021,7,0.0068560235063663075,1.33,7775.746857685037,FALSE,0,TRUE,FALSE,FALSE
hja2016_043,KC-2,hyporheic,3,362,114.2,561999.368069268,4896735.79771081,hja2016_197,HJA-2016_soil_17,3,soil_detected,1021,22,0.021547502448579822,5.67,3475.182033524307,FALSE,0,TRUE,TRUE,TRUE
hja2016_049,67,planktonic,4,83,1558.1,567119.141965387,4897968.74326041,hja2016_197,HJA-2016_soil_17,3,soil_detected,1021,9,0.00881488736532811,7.23,8641.634103484002,FALSE,0,TRUE,TRUE,TRUE
hja2016_050,165,hyporheic,2,494,27.9,564789.244860317,4900155.64668049,hja2016_197,HJA-2016_soil_17,3,soil_detected,1021,27,0.02644466209598433,4.02,7775.746857685037,FALSE,0,TRUE,FALSE,FALSE
hja2016_052,163,hyporheic,5,63,6126.6,559726.468447026,4896111.82526722,hja2016_197,HJA-2016_soil_17,3,soil_detected,1021,42,0.04113614103819784,5.28,1369.794094338863,FALSE,0,TRUE,TRUE,TRUE
hja2016_056,KC-1,hyporheic,3,362,114.7,562012.367495176,4896802.79475203,hja2016_197,HJA-2016_soil_17,3,soil_detected,1021,30,0.029382957884427033,3.88,3521.4066934929992,FALSE,0,TRUE,TRUE,TRUE
hja2016_057,71,hyporheic,3,556,101.7,562662.338790582,4897988.74237719,hja2016_197,HJA-2016_soil_17,3,soil_detected,1021,20,0.019588638589618023,3.82,4747.900319734572,FALSE,0,TRUE,TRUE,TRUE
hja2016_059,KC-2,planktonic,3,362,114.2,561999.368069268,4896735.79771081,hja2016_197,HJA-2016_soil_17,3,soil_detected,1021,26,0.025465230166503428,5.96,3475.182033524307,FALSE,0,TRUE,TRUE,TRUE
hja2016_062,WS3-3,hyporheic,2,511,93.4,560639.428128111,4896408.81215143,hja2016_197,HJA-2016_soil_17,3,soil_detected,1021,48,0.04701273261508325,4.15,2184.743418632016,FALSE,0,TRUE,TRUE,TRUE
hja2016_064,WS3-4,planktonic,2,510,81.3,560692.425787583,4896348.81480109,hja2016_197,HJA-2016_soil_17,3,soil_detected,1021,23,0.022526934378060724,5.62,2184.7800335612033,FALSE,0,TRUE,TRUE,TRUE
hja2016_099,162,planktonic,5,66,6208.4,559348.485139852,4895468.85366269,hja2016_197,HJA-2016_soil_17,3,soil_detected,1021,20,0.019588638589618023,1.12,623.9598606907086,FALSE,0,TRUE,TRUE,TRUE
hja2016_100,64,planktonic,2,163,33.5,570527.99142083,4895508.85189625,hja2016_197,HJA-2016_soil_17,3,soil_detected,1021,9,0.00881488736532811,0.69,11514.259312802751,FALSE,0,TRUE,FALSE,FALSE
hja2016_101,58,planktonic,3,385,67.2,566998.147308857,4898497.71989928,hja2016_197,HJA-2016_soil_17,3,soil_detected,1021,16,0.015670910871694418,1.24,8730.726668677686,FALSE,0,TRUE,TRUE,TRUE
hja2016_102,73,hyporheic,2,255,137,566310.177691566,4896786.79545861,hja2016_197,HJA-2016_soil_17,3,soil_detected,1021,16,0.015670910871694418,1.23,7514.211515619127,FALSE,0,TRUE,TRUE,TRUE
hja2016_103,260,planktonic,4,23,866.1,566425.172613061,4897456.76587079,hja2016_197,HJA-2016_soil_17,3,soil_detected,1021,29,0.02840352595494613,2.64,7815.604598230904,FALSE,0,TRUE,FALSE,FALSE
hja2016_105,178,planktonic,2,411,19.9,566185.18321168,4901793.57434491,hja2016_197,HJA-2016_soil_17,3,soil_detected,1021,16,0.015670910871694418,1.33,9913.89470826251,FALSE,0,TRUE,TRUE,TRUE
hja2016_106,170,planktonic,2,229,49.4,570659.985591589,4896908.79007097,hja2016_197,HJA-2016_soil_17,3,soil_detected,1021,5,0.004897159647404506,0.46,11798.40644113867,FALSE,0,TRUE,FALSE,FALSE
hja2016_107,57,hyporheic,4,131,1488.8,563668.294364702,4898599.71539487,hja2016_197,HJA-2016_soil_17,3,soil_detected,1021,13,0.012732615083251714,1.12,5913.794021875524,FALSE,0,TRUE,TRUE,TRUE
hja2016_109,169,planktonic,2,144,53.5,568641.074752475,4902527.5419308,hja2016_197,HJA-2016_soil_17,3,soil_detected,1021,15,0.014691478942213516,1.45,12250.699071003923,FALSE,0,TRUE,TRUE,TRUE
hja2016_110,76,hyporheic,3,150,303.5,570464.994202967,4896947.7883487,hja2016_197,HJA-2016_soil_17,3,soil_detected,1021,13,0.012732615083251714,1.13,11612.914452589946,FALSE,0,TRUE,TRUE,TRUE
hja2016_111,160,planktonic,5,24,2569.5,566416.173010509,4897492.764281,hja2016_197,HJA-2016_soil_17,3,soil_detected,1021,15,0.014691478942213516,1.21,7818.7968460936545,FALSE,0,TRUE,TRUE,TRUE
hja2016_114,WS1-5,planktonic,2,522,87.9,559517.477676657,4895016.87362342,hja2016_197,HJA-2016_soil_17,3,soil_detected,1021,23,0.022526934378060724,1.54,496.42309199158746,FALSE,0,TRUE,TRUE,TRUE
hja2016_116,53,planktonic,3,78,280.7,568092.098996817,4898223.73199937,hja2016_197,HJA-2016_soil_17,3,soil_detected,1021,14,0.013712047012732615,1.46,9642.711543314153,FALSE,0,TRUE,TRUE,TRUE
hja2016_119,56,planktonic,3,321,99.5,562839.3309741,4897811.75019367,hja2016_197,HJA-2016_soil_17,3,soil_detected,1021,21,0.02056807051909892,2.38,4775.995104478822,FALSE,0,TRUE,TRUE,TRUE
hja2016_121,84,hyporheic,4,112,622.7,566447.171641521,4900685.6232752,hja2016_197,HJA-2016_soil_17,3,soil_detected,1021,3,0.002938295788442703,0.48,9387.768672449809,FALSE,0,TRUE,TRUE,TRUE
hja2016_122,45,sediment,3,390,193.2,565977.192397151,4897892.74661664,hja2016_197,HJA-2016_soil_17,3,soil_detected,1021,65,0.06366307541625857,11.29,7552.962137358374,FALSE,0,TRUE,TRUE,TRUE
hja2016_125,56,sediment,3,321,99.5,562839.3309741,4897811.75019367,hja2016_197,HJA-2016_soil_17,3,soil_detected,1021,75,0.07345739471106758,11.28,4775.995104478822,FALSE,0,TRUE,TRUE,TRUE
hja2016_164,260,sediment,4,23,866.1,566425.172613061,4897456.76587079,hja2016_197,HJA-2016_soil_17,3,soil_detected,1021,69,0.06758080313418217,10.7,7815.604598230904,FALSE,0,TRUE,FALSE,FALSE
hja2016_166,57,sediment,4,131,1488.8,563668.294364702,4898599.71539487,hja2016_197,HJA-2016_soil_17,3,soil_detected,1021,69,0.06758080313418217,8.21,5913.794021875524,FALSE,0,TRUE,TRUE,TRUE
hja2016_167,WS3-1,sediment,2,511,96.4,560508.433913191,4896516.80738205,hja2016_197,HJA-2016_soil_17,3,soil_detected,1021,110,0.10773751224289912,16.06,2167.591609835966,FALSE,0,TRUE,TRUE,TRUE
hja2016_169,WS3-2,sediment,2,511,95.7,560554.431881789,4896487.80866272,hja2016_197,HJA-2016_soil_17,3,soil_detected,1021,108,0.10577864838393732,14.42,2178.476628857452,FALSE,0,TRUE,TRUE,TRUE
hja2016_170,WS3-3,sediment,2,511,93.4,560639.428128111,4896408.81215143,hja2016_197,HJA-2016_soil_17,3,soil_detected,1021,87,0.08521057786483839,10.99,2184.743418632016,FALSE,0,TRUE,TRUE,TRUE
hja2016_177,WS1-3,sediment,2,522,92.1,559404.482666841,4895069.8712829,hja2016_197,HJA-2016_soil_17,3,soil_detected,1021,70,0.06856023506366307,11.85,400.33553360311737,FALSE,0,TRUE,TRUE,TRUE
hja2016_179,WS1-5,sediment,2,522,87.9,559517.477676657,4895016.87362342,hja2016_197,HJA-2016_soil_17,3,soil_detected,1021,69,0.06758080313418217,9.43,496.42309199158746,FALSE,0,TRUE,TRUE,TRUE
hja2016_180,WS1-6,sediment,2,522,82.7,559631.472642313,4894993.87463913,hja2016_197,HJA-2016_soil_17,3,soil_detected,1021,66,0.06464250734573947,8.49,606.3740533198791,FALSE,0,TRUE,TRUE,TRUE
hja2016_181,177,sediment,1,452,14.8,565808.199860345,4901620.58198475,hja2016_197,HJA-2016_soil_17,3,soil_detected,1021,93,0.0910871694417238,11.33,9523.006575182973,FALSE,0,TRUE,TRUE,TRUE
hja2016_001,50,planktonic,5,41,4956.4,563054.321479503,4898132.73601802,hja2016_197,HJA-2016_soil_17,3,soil_enriched,622,0,0,0,5142.561473306318,FALSE,0,TRUE,TRUE,TRUE
hja2016_008,WS3-1,hyporheic,2,511,96.4,560508.433913191,4896516.80738205,hja2016_197,HJA-2016_soil_17,3,soil_enriched,622,2,0.003215434083601286,0.23,2167.591609835966,FALSE,0,TRUE,TRUE,TRUE
hja2016_009,60,hyporheic,2,316,43.1,567391.129953618,4898693.71124374,hja2016_197,HJA-2016_soil_17,3,soil_enriched,622,4,0.006430868167202572,0.55,9169.500851157969,FALSE,0,TRUE,FALSE,FALSE
hja2016_010,164,planktonic,3,502,60.8,560307.442789535,4895737.8417834,hja2016_197,HJA-2016_soil_17,3,soil_enriched,622,0,0,0,1511.2132607297297,FALSE,0,TRUE,TRUE,TRUE
hja2016_011,WS1-6,planktonic,2,522,82.7,559631.472642313,4894993.87463913,hja2016_197,HJA-2016_soil_17,3,soil_enriched,622,9,0.014469453376205787,0.82,606.3740533198791,FALSE,0,TRUE,TRUE,TRUE
hja2016_013,WS1-4,planktonic,2,522,89.8,559453.480502956,4895042.87247524,hja2016_197,HJA-2016_soil_17,3,soil_enriched,622,7,0.011254019292604502,0.53,439.21746981759634,FALSE,0,TRUE,TRUE,TRUE
hja2016_014,WS1-6,hyporheic,2,522,82.7,559631.472642313,4894993.87463913,hja2016_197,HJA-2016_soil_17,3,soil_enriched,622,1,0.001607717041800643,0.16,606.3740533198791,FALSE,0,TRUE,TRUE,TRUE
hja2016_015,47,hyporheic,4,134,1550.1,563254.31264732,4898130.73610634,hja2016_197,HJA-2016_soil_17,3,soil_enriched,622,2,0.003215434083601286,0.62,5299.391638008729,FALSE,0,TRUE,TRUE,TRUE
hja2016_016,74,hyporheic,2,373,70,565310.221852481,4897724.75403567,hja2016_197,HJA-2016_soil_17,3,soil_enriched,622,1,0.001607717041800643,0.05,6874.326463811788,FALSE,0,TRUE,TRUE,TRUE
hja2016_018,WS1-5,hyporheic,2,522,87.9,559517.477676657,4895016.87362342,hja2016_197,HJA-2016_soil_17,3,soil_enriched,622,3,0.00482315112540193,0.19,496.42309199158746,FALSE,0,TRUE,TRUE,TRUE
hja2016_019,155,hyporheic,2,345,81.2,565811.199727862,4897652.75721525,hja2016_197,HJA-2016_soil_17,3,soil_enriched,622,5,0.008038585209003215,1.16,7307.871101678858,FALSE,0,TRUE,FALSE,FALSE
hja2016_020,WS1-2,hyporheic,2,522,93.6,559354.484874886,4895103.86978142,hja2016_197,HJA-2016_soil_17,3,soil_enriched,622,5,0.008038585209003215,0.55,368.19569930090256,FALSE,0,TRUE,TRUE,TRUE
hja2016_021,156,hyporheic,5,24,2575.9,566141.185154761,4897558.76136638,hja2016_197,HJA-2016_soil_17,3,soil_enriched,622,4,0.006430868167202572,0.67,7582.092536369678,FALSE,0,TRUE,TRUE,TRUE
hja2016_027,WS3-6,planktonic,2,510,78.4,560819.420179147,4896235.81979127,hja2016_197,HJA-2016_soil_17,3,soil_enriched,622,5,0.008038585209003215,0.47,2214.725386135582,FALSE,0,TRUE,TRUE,TRUE
hja2016_065,68,hyporheic,5,30,3032.2,565145.229139031,4897899.74630751,hja2016_197,HJA-2016_soil_17,3,soil_enriched,622,10,0.01607717041800643,1.19,6798.391859301038,FALSE,0,TRUE,TRUE,TRUE
hja2016_066,49,hyporheic,5,40,3399.1,563281.311454976,4898046.73981585,hja2016_197,HJA-2016_soil_17,3,soil_enriched,622,4,0.006430868167202572,0.58,5270.902629810743,FALSE,0,TRUE,TRUE,TRUE
hja2016_070,56,hyporheic,3,321,99.5,562839.3309741,4897811.75019367,hja2016_197,HJA-2016_soil_17,3,soil_enriched,622,4,0.006430868167202572,0.52,4775.995104478822,FALSE,0,TRUE,TRUE,TRUE
hja2016_071,164,hyporheic,3,502,60.8,560307.442789535,4895737.8417834,hja2016_197,HJA-2016_soil_17,3,soil_enriched,622,7,0.011254019292604502,0.63,1511.2132607297297,FALSE,0,TRUE,TRUE,TRUE
hja2016_075,260,hyporheic,4,23,866.1,566425.172613061,4897456.76587079,hja2016_197,HJA-2016_soil_17,3,soil_enriched,622,1,0.001607717041800643,0.26,7815.604598230904,FALSE,0,TRUE,FALSE,FALSE
hja2016_078,CC-1,hyporheic,2,183,64,569956.016680872,4897740.75332909,hja2016_197,HJA-2016_soil_17,3,soil_enriched,622,4,0.006430868167202572,0.64,11282.73288111161,FALSE,0,TRUE,TRUE,TRUE
hja2016_079,64,hyporheic,2,163,33.5,570527.99142083,4895508.85189625,hja2016_197,HJA-2016_soil_17,3,soil_enriched,622,9,0.014469453376205787,0.97,11514.259312802751,FALSE,0,TRUE,FALSE,FALSE
hja2016_084,177,hyporheic,1,452,14.8,565808.199860345,4901620.58198475,hja2016_197,HJA-2016_soil_17,3,soil_enriched,622,7,0.011254019292604502,0.77,9523.006575182973,FALSE,0,TRUE,TRUE,TRUE
hja2016_127,60,sediment,2,316,43.1,567391.129953618,4898693.71124374,hja2016_197,HJA-2016_soil_17,3,soil_enriched,622,8,0.012861736334405145,1.02,9169.500851157969,FALSE,0,TRUE,FALSE,FALSE
hja2016_129,72,sediment,4,16,568.3,566542.167446234,4896499.80813279,hja2016_197,HJA-2016_soil_17,3,soil_enriched,622,10,0.01607717041800643,1.8,7675.577447144639,FALSE,0,TRUE,TRUE,TRUE
hja2016_131,74,sediment,2,373,70,565310.221852481,4897724.75403567,hja2016_197,HJA-2016_soil_17,3,soil_enriched,622,10,0.01607717041800643,1.94,6874.326463811788,FALSE,0,TRUE,TRUE,TRUE
hja2016_132,84,sediment,4,112,622.7,566447.171641521,4900685.6232752,hja2016_197,HJA-2016_soil_17,3,soil_enriched,622,14,0.022508038585209004,1.66,9387.768672449809,FALSE,0,TRUE,TRUE,TRUE
hja2016_133,161,sediment,5,51,5699.1,561109.407372482,4897170.77850081,hja2016_197,HJA-2016_soil_17,3,soil_enriched,622,30,0.04823151125401929,4.24,3055.73922385039,FALSE,0,TRUE,TRUE,TRUE
hja2016_135,169,sediment,2,144,53.5,568641.074752475,4902527.5419308,hja2016_197,HJA-2016_soil_17,3,soil_enriched,622,14,0.022508038585209004,1.94,12250.699071003923,FALSE,0,TRUE,TRUE,TRUE
hja2016_136,190,sediment,1,546,14.2,564169.272240084,4897881.7471024,hja2016_197,HJA-2016_soil_17,3,soil_enriched,622,12,0.01929260450160772,1.49,5926.558433392558,FALSE,0,TRUE,FALSE,FALSE
hja2016_139,CC-2,sediment,2,183,63.6,569992.01509108,4897760.75244588,hja2016_197,HJA-2016_soil_17,3,soil_enriched,622,20,0.03215434083601286,2.08,11322.580068739775,FALSE,0,TRUE,TRUE,TRUE
hja2016_140,CC-3,sediment,2,183,63,570038.013059678,4897795.75090024,hja2016_197,HJA-2016_soil_17,3,soil_enriched,622,15,0.024115755627009645,1.5,11375.882323631278,FALSE,0,TRUE,TRUE,TRUE
hja2016_141,CC-4,sediment,2,183,58.5,570162.007583724,4897831.74931045,hja2016_197,HJA-2016_soil_17,3,soil_enriched,622,13,0.02090032154340836,1.63,11504.945935734104,FALSE,0,TRUE,TRUE,TRUE
hja2016_142,KC-1,sediment,3,362,114.7,562012.367495176,4896802.79475203,hja2016_197,HJA-2016_soil_17,3,soil_enriched,622,7,0.011254019292604502,1.01,3521.4066934929992,FALSE,0,TRUE,TRUE,TRUE
hja2016_144,KC-3,sediment,3,362,114,562000.368025107,4896680.80013966,hja2016_197,HJA-2016_soil_17,3,soil_enriched,622,6,0.00964630225080386,1.13,3447.8406349206816,FALSE,0,TRUE,TRUE,TRUE
hja2016_145,155,sediment,2,345,81.2,565811.199727862,4897652.75721525,hja2016_197,HJA-2016_soil_17,3,soil_enriched,622,9,0.014469453376205787,1.5,7307.871101678858,FALSE,0,TRUE,FALSE,FALSE
hja2016_146,156,sediment,5,24,2575.9,566141.185154761,4897558.76136638,hja2016_197,HJA-2016_soil_17,3,soil_enriched,622,9,0.014469453376205787,0.9,7582.092536369678,FALSE,0,TRUE,TRUE,TRUE
hja2016_147,163,sediment,5,63,6126.6,559726.468447026,4896111.82526722,hja2016_197,HJA-2016_soil_17,3,soil_enriched,622,28,0.04501607717041801,3.89,1369.794094338863,FALSE,0,TRUE,TRUE,TRUE
hja2016_148,165,sediment,2,494,27.9,564789.244860317,4900155.64668049,hja2016_197,HJA-2016_soil_17,3,soil_enriched,622,26,0.04180064308681672,1.99,7775.746857685037,FALSE,0,TRUE,FALSE,FALSE
hja2016_150,53,sediment,3,78,280.7,568092.098996817,4898223.73199937,hja2016_197,HJA-2016_soil_17,3,soil_enriched,622,9,0.014469453376205787,1.29,9642.711543314153,FALSE,0,TRUE,TRUE,TRUE
hja2016_151,64,sediment,2,163,33.5,570527.99142083,4895508.85189625,hja2016_197,HJA-2016_soil_17,3,soil_enriched,622,28,0.04501607717041801,3.52,11514.259312802751,FALSE,0,TRUE,FALSE,FALSE
hja2016_152,66,sediment,4,79,1360.7,567970.104384448,4898153.73509064,hja2016_197,HJA-2016_soil_17,3,soil_enriched,622,2,0.003215434083601286,0.5,9504.184932917147,FALSE,0,TRUE,TRUE,TRUE
hja2016_155,82,sediment,2,536,36.6,564452.259742545,4899854.65997292,hja2016_197,HJA-2016_soil_17,3,soil_enriched,622,27,0.04340836012861737,2.33,7323.927992416931,FALSE,0,TRUE,TRUE,TRUE
hja2016_157,43,sediment,1,538,7.8,567346.131940859,4898257.7304979,hja2016_197,HJA-2016_soil_17,3,soil_enriched,622,14,0.022508038585209004,1.11,8957.699521987983,FALSE,0,TRUE,FALSE,FALSE
hja2016_159,49,sediment,5,40,3399.1,563281.311454976,4898046.73981585,hja2016_197,HJA-2016_soil_17,3,soil_enriched,622,12,0.01929260450160772,1.03,5270.902629810743,FALSE,0,TRUE,TRUE,TRUE
hja2016_160,50,sediment,5,41,4956.4,563054.321479503,4898132.73601802,hja2016_197,HJA-2016_soil_17,3,soil_enriched,622,3,0.00482315112540193,0.58,5142.561473306318,FALSE,0,TRUE,TRUE,TRUE
hja2016_031,161,hyporheic,5,51,5699.1,561109.407372482,4897170.77850081,hja2016_197,HJA-2016_soil_17,3,soil_enriched,622,1,0.001607717041800643,0.19,3055.73922385039,FALSE,0,TRUE,TRUE,TRUE
hja2016_032,54,hyporheic,3,363,207.7,561802.376768968,4897363.76997776,hja2016_197,HJA-2016_soil_17,3,soil_enriched,622,2,0.003215434083601286,0.2,3688.240051990639,FALSE,0,TRUE,TRUE,TRUE
hja2016_035,192,hyporheic,2,542,28.5,564620.252323511,4897836.74908965,hja2016_197,HJA-2016_soil_17,3,soil_enriched,622,4,0.006430868167202572,0.7,6300.895117747916,FALSE,0,TRUE,TRUE,TRUE
hja2016_037,43,hyporheic,1,538,7.8,567346.131940859,4898257.7304979,hja2016_197,HJA-2016_soil_17,3,soil_enriched,622,0,0,0,8957.699521987983,FALSE,0,TRUE,FALSE,FALSE
hja2016_042,165,planktonic,2,494,27.9,564789.244860317,4900155.64668049,hja2016_197,HJA-2016_soil_17,3,soil_enriched,622,1,0.001607717041800643,0.07,7775.746857685037,FALSE,0,TRUE,FALSE,FALSE
hja2016_043,KC-2,hyporheic,3,362,114.2,561999.368069268,4896735.79771081,hja2016_197,HJA-2016_soil_17,3,soil_enriched,622,2,0.003215434083601286,0.55,3475.182033524307,FALSE,0,TRUE,TRUE,TRUE
hja2016_049,67,planktonic,4,83,1558.1,567119.141965387,4897968.74326041,hja2016_197,HJA-2016_soil_17,3,soil_enriched,622,0,0,0.02,8641.634103484002,FALSE,0,TRUE,TRUE,TRUE
hja2016_050,165,hyporheic,2,494,27.9,564789.244860317,4900155.64668049,hja2016_197,HJA-2016_soil_17,3,soil_enriched,622,5,0.008038585209003215,0.44,7775.746857685037,FALSE,0,TRUE,FALSE,FALSE
hja2016_052,163,hyporheic,5,63,6126.6,559726.468447026,4896111.82526722,hja2016_197,HJA-2016_soil_17,3,soil_enriched,622,12,0.01929260450160772,1.04,1369.794094338863,FALSE,0,TRUE,TRUE,TRUE
hja2016_056,KC-1,hyporheic,3,362,114.7,562012.367495176,4896802.79475203,hja2016_197,HJA-2016_soil_17,3,soil_enriched,622,4,0.006430868167202572,0.38,3521.4066934929992,FALSE,0,TRUE,TRUE,TRUE
hja2016_057,71,hyporheic,3,556,101.7,562662.338790582,4897988.74237719,hja2016_197,HJA-2016_soil_17,3,soil_enriched,622,1,0.001607717041800643,0.59,4747.900319734572,FALSE,0,TRUE,TRUE,TRUE
hja2016_059,KC-2,planktonic,3,362,114.2,561999.368069268,4896735.79771081,hja2016_197,HJA-2016_soil_17,3,soil_enriched,622,5,0.008038585209003215,1.39,3475.182033524307,FALSE,0,TRUE,TRUE,TRUE
hja2016_062,WS3-3,hyporheic,2,511,93.4,560639.428128111,4896408.81215143,hja2016_197,HJA-2016_soil_17,3,soil_enriched,622,11,0.017684887459807074,0.75,2184.743418632016,FALSE,0,TRUE,TRUE,TRUE
hja2016_064,WS3-4,planktonic,2,510,81.3,560692.425787583,4896348.81480109,hja2016_197,HJA-2016_soil_17,3,soil_enriched,622,3,0.00482315112540193,0.56,2184.7800335612033,FALSE,0,TRUE,TRUE,TRUE
hja2016_099,162,planktonic,5,66,6208.4,559348.485139852,4895468.85366269,hja2016_197,HJA-2016_soil_17,3,soil_enriched,622,2,0.003215434083601286,0.21,623.9598606907086,FALSE,0,TRUE,TRUE,TRUE
hja2016_100,64,planktonic,2,163,33.5,570527.99142083,4895508.85189625,hja2016_197,HJA-2016_soil_17,3,soil_enriched,622,2,0.003215434083601286,0.14,11514.259312802751,FALSE,0,TRUE,FALSE,FALSE
hja2016_101,58,planktonic,3,385,67.2,566998.147308857,4898497.71989928,hja2016_197,HJA-2016_soil_17,3,soil_enriched,622,3,0.00482315112540193,0.26,8730.726668677686,FALSE,0,TRUE,TRUE,TRUE
hja2016_102,73,hyporheic,2,255,137,566310.177691566,4896786.79545861,hja2016_197,HJA-2016_soil_17,3,soil_enriched,622,3,0.00482315112540193,0.26,7514.211515619127,FALSE,0,TRUE,TRUE,TRUE
hja2016_103,260,planktonic,4,23,866.1,566425.172613061,4897456.76587079,hja2016_197,HJA-2016_soil_17,3,soil_enriched,622,1,0.001607717041800643,0.33,7815.604598230904,FALSE,0,TRUE,FALSE,FALSE
hja2016_105,178,planktonic,2,411,19.9,566185.18321168,4901793.57434491,hja2016_197,HJA-2016_soil_17,3,soil_enriched,622,4,0.006430868167202572,0.38,9913.89470826251,FALSE,0,TRUE,TRUE,TRUE
hja2016_106,170,planktonic,2,229,49.4,570659.985591589,4896908.79007097,hja2016_197,HJA-2016_soil_17,3,soil_enriched,622,1,0.001607717041800643,0.11,11798.40644113867,FALSE,0,TRUE,FALSE,FALSE
hja2016_107,57,hyporheic,4,131,1488.8,563668.294364702,4898599.71539487,hja2016_197,HJA-2016_soil_17,3,soil_enriched,622,2,0.003215434083601286,0.29,5913.794021875524,FALSE,0,TRUE,TRUE,TRUE
hja2016_109,169,planktonic,2,144,53.5,568641.074752475,4902527.5419308,hja2016_197,HJA-2016_soil_17,3,soil_enriched,622,4,0.006430868167202572,0.42,12250.699071003923,FALSE,0,TRUE,TRUE,TRUE
hja2016_110,76,hyporheic,3,150,303.5,570464.994202967,4896947.7883487,hja2016_197,HJA-2016_soil_17,3,soil_enriched,622,2,0.003215434083601286,0.25,11612.914452589946,FALSE,0,TRUE,TRUE,TRUE
hja2016_111,160,planktonic,5,24,2569.5,566416.173010509,4897492.764281,hja2016_197,HJA-2016_soil_17,3,soil_enriched,622,2,0.003215434083601286,0.22,7818.7968460936545,FALSE,0,TRUE,TRUE,TRUE
hja2016_114,WS1-5,planktonic,2,522,87.9,559517.477676657,4895016.87362342,hja2016_197,HJA-2016_soil_17,3,soil_enriched,622,2,0.003215434083601286,0.26,496.42309199158746,FALSE,0,TRUE,TRUE,TRUE
hja2016_116,53,planktonic,3,78,280.7,568092.098996817,4898223.73199937,hja2016_197,HJA-2016_soil_17,3,soil_enriched,622,2,0.003215434083601286,0.31,9642.711543314153,FALSE,0,TRUE,TRUE,TRUE
hja2016_119,56,planktonic,3,321,99.5,562839.3309741,4897811.75019367,hja2016_197,HJA-2016_soil_17,3,soil_enriched,622,2,0.003215434083601286,0.39,4775.995104478822,FALSE,0,TRUE,TRUE,TRUE
hja2016_121,84,hyporheic,4,112,622.7,566447.171641521,4900685.6232752,hja2016_197,HJA-2016_soil_17,3,soil_enriched,622,1,0.001607717041800643,0.1,9387.768672449809,FALSE,0,TRUE,TRUE,TRUE
hja2016_122,45,sediment,3,390,193.2,565977.192397151,4897892.74661664,hja2016_197,HJA-2016_soil_17,3,soil_enriched,622,12,0.01929260450160772,1.27,7552.962137358374,FALSE,0,TRUE,TRUE,TRUE
hja2016_125,56,sediment,3,321,99.5,562839.3309741,4897811.75019367,hja2016_197,HJA-2016_soil_17,3,soil_enriched,622,11,0.017684887459807074,1.26,4775.995104478822,FALSE,0,TRUE,TRUE,TRUE
hja2016_164,260,sediment,4,23,866.1,566425.172613061,4897456.76587079,hja2016_197,HJA-2016_soil_17,3,soil_enriched,622,11,0.017684887459807074,1.83,7815.604598230904,FALSE,0,TRUE,FALSE,FALSE
hja2016_166,57,sediment,4,131,1488.8,563668.294364702,4898599.71539487,hja2016_197,HJA-2016_soil_17,3,soil_enriched,622,10,0.01607717041800643,0.87,5913.794021875524,FALSE,0,TRUE,TRUE,TRUE
hja2016_167,WS3-1,sediment,2,511,96.4,560508.433913191,4896516.80738205,hja2016_197,HJA-2016_soil_17,3,soil_enriched,622,31,0.04983922829581994,4.37,2167.591609835966,FALSE,0,TRUE,TRUE,TRUE
hja2016_169,WS3-2,sediment,2,511,95.7,560554.431881789,4896487.80866272,hja2016_197,HJA-2016_soil_17,3,soil_enriched,622,28,0.04501607717041801,3.82,2178.476628857452,FALSE,0,TRUE,TRUE,TRUE
hja2016_170,WS3-3,sediment,2,511,93.4,560639.428128111,4896408.81215143,hja2016_197,HJA-2016_soil_17,3,soil_enriched,622,23,0.03697749196141479,1.68,2184.743418632016,FALSE,0,TRUE,TRUE,TRUE
hja2016_177,WS1-3,sediment,2,522,92.1,559404.482666841,4895069.8712829,hja2016_197,HJA-2016_soil_17,3,soil_enriched,622,13,0.02090032154340836,1.88,400.33553360311737,FALSE,0,TRUE,TRUE,TRUE
hja2016_179,WS1-5,sediment,2,522,87.9,559517.477676657,4895016.87362342,hja2016_197,HJA-2016_soil_17,3,soil_enriched,622,9,0.014469453376205787,1.12,496.42309199158746,FALSE,0,TRUE,TRUE,TRUE
hja2016_180,WS1-6,sediment,2,522,82.7,559631.472642313,4894993.87463913,hja2016_197,HJA-2016_soil_17,3,soil_enriched,622,3,0.00482315112540193,0.85,606.3740533198791,FALSE,0,TRUE,TRUE,TRUE
hja2016_181,177,sediment,1,452,14.8,565808.199860345,4901620.58198475,hja2016_197,HJA-2016_soil_17,3,soil_enriched,622,15,0.024115755627009645,1.45,9523.006575182973,FALSE,0,TRUE,TRUE,TRUE
hja2016_001,50,planktonic,5,41,4956.4,563054.321479503,4898132.73601802,hja2016_198,HJA-2016_soil_18,3,soil_detected,1039,21,0.02021174205967276,5.16,4735.163051647104,FALSE,0,TRUE,TRUE,TRUE
hja2016_008,WS3-1,hyporheic,2,511,96.4,560508.433913191,4896516.80738205,hja2016_198,HJA-2016_soil_18,3,soil_detected,1039,73,0.07025986525505294,14.23,1802.8509508042239,FALSE,0,TRUE,TRUE,TRUE
hja2016_009,60,hyporheic,2,316,43.1,567391.129953618,4898693.71124374,hja2016_198,HJA-2016_soil_18,3,soil_detected,1039,62,0.059672762271414825,15.69,8728.092559876224,FALSE,0,TRUE,FALSE,FALSE
hja2016_010,164,planktonic,3,502,60.8,560307.442789535,4895737.8417834,hja2016_198,HJA-2016_soil_18,3,soil_detected,1039,16,0.015399422521655439,5.87,1091.4000985366395,FALSE,0,TRUE,TRUE,TRUE
hja2016_011,WS1-6,planktonic,2,522,82.7,559631.472642313,4894993.87463913,hja2016_198,HJA-2016_soil_18,3,soil_detected,1039,80,0.07699711260827719,8.58,180.61730753557177,FALSE,0,TRUE,TRUE,TRUE
hja2016_013,WS1-4,planktonic,2,522,89.8,559453.480502956,4895042.87247524,hja2016_198,HJA-2016_soil_18,3,soil_detected,1039,61,0.05871029836381136,9.22,9.7620304592070255,TRUE,0.8518518518518519,FALSE,TRUE,FALSE
hja2016_014,WS1-6,hyporheic,2,522,82.7,559631.472642313,4894993.87463913,hja2016_198,HJA-2016_soil_18,3,soil_detected,1039,47,0.04523580365736285,12.39,180.61730753557177,FALSE,0,TRUE,TRUE,TRUE
hja2016_015,47,hyporheic,4,134,1550.1,563254.31264732,4898130.73610634,hja2016_198,HJA-2016_soil_18,3,soil_detected,1039,27,0.02598652550529355,7.27,4887.448641062916,FALSE,0,TRUE,TRUE,TRUE
hja2016_016,74,hyporheic,2,373,70,565310.221852481,4897724.75403567,hja2016_198,HJA-2016_soil_18,3,soil_detected,1039,16,0.015399422521655439,3.33,6432.69141138128,FALSE,0,TRUE,TRUE,TRUE
hja2016_018,WS1-5,hyporheic,2,522,87.9,559517.477676657,4895016.87362342,hja2016_198,HJA-2016_soil_18,3,soil_detected,1039,67,0.06448508180943215,5.88,66.5695257689727,FALSE,0,TRUE,TRUE,TRUE
hja2016_019,155,hyporheic,2,345,81.2,565811.199727862,4897652.75721525,hja2016_198,HJA-2016_soil_18,3,soil_detected,1039,70,0.06737247353224254,13.14,6863.84404620505,FALSE,0,TRUE,FALSE,FALSE
hja2016_020,WS1-2,hyporheic,2,522,93.6,559354.484874886,4895103.86978142,hja2016_198,HJA-2016_soil_18,3,soil_detected,1039,92,0.08854667949951876,9.84,118.25019909971482,TRUE,1,TRUE,TRUE,TRUE
hja2016_021,156,hyporheic,5,24,2575.9,566141.185154761,4897558.76136638,hja2016_198,HJA-2016_soil_18,3,soil_detected,1039,30,0.028873917228103944,7.42,7136.702159420954,FALSE,0,TRUE,TRUE,TRUE
hja2016_027,WS3-6,planktonic,2,510,78.4,560819.420179147,4896235.81979127,hja2016_198,HJA-2016_soil_18,3,soil_detected,1039,32,0.030798845043310877,3.85,1803.868155506703,FALSE,0,TRUE,TRUE,TRUE
hja2016_065,68,hyporheic,5,30,3032.2,565145.229139031,4897899.74630751,hja2016_198,HJA-2016_soil_18,3,soil_detected,1039,106,0.10202117420596728,14.64,6359.471024403313,FALSE,0,TRUE,TRUE,TRUE
hja2016_066,49,hyporheic,5,40,3399.1,563281.311454976,4898046.73981585,hja2016_198,HJA-2016_soil_18,3,soil_detected,1039,85,0.08180943214629452,10.14,4856.16407733212,FALSE,0,TRUE,TRUE,TRUE
hja2016_070,56,hyporheic,3,321,99.5,562839.3309741,4897811.75019367,hja2016_198,HJA-2016_soil_18,3,soil_detected,1039,32,0.030798845043310877,4.7,4364.242015028436,FALSE,0,TRUE,TRUE,TRUE
hja2016_071,164,hyporheic,3,502,60.8,560307.442789535,4895737.8417834,hja2016_198,HJA-2016_soil_18,3,soil_detected,1039,97,0.0933589990375361,11.6,1091.4000985366395,FALSE,0,TRUE,TRUE,TRUE
hja2016_075,260,hyporheic,4,23,866.1,566425.172613061,4897456.76587079,hja2016_198,HJA-2016_soil_18,3,soil_detected,1039,66,0.06352261790182868,12.29,7369.305956388233,FALSE,0,TRUE,FALSE,FALSE
hja2016_078,CC-1,hyporheic,2,183,64,569956.016680872,4897740.75332909,hja2016_198,HJA-2016_soil_18,3,soil_detected,1039,66,0.06352261790182868,11.66,10835.486263394596,FALSE,0,TRUE,TRUE,TRUE
hja2016_079,64,hyporheic,2,163,33.5,570527.99142083,4895508.85189625,hja2016_198,HJA-2016_soil_18,3,soil_detected,1039,71,0.068334937439846,9.78,11077.610827329456,FALSE,0,TRUE,FALSE,FALSE
hja2016_084,177,hyporheic,1,452,14.8,565808.199860345,4901620.58198475,hja2016_198,HJA-2016_soil_18,3,soil_detected,1039,59,0.05678537054860443,12.31,9136.219431347461,FALSE,0,TRUE,TRUE,TRUE
hja2016_127,60,sediment,2,316,43.1,567391.129953618,4898693.71124374,hja2016_198,HJA-2016_soil_18,3,soil_detected,1039,190,0.18286814244465832,19.42,8728.092559876224,FALSE,0,TRUE,FALSE,FALSE
hja2016_129,72,sediment,4,16,568.3,566542.167446234,4896499.80813279,hja2016_198,HJA-2016_soil_18,3,soil_detected,1039,218,0.20981713185755535,25.48,7229.111857472629,FALSE,0,TRUE,TRUE,TRUE
hja2016_131,74,sediment,2,373,70,565310.221852481,4897724.75403567,hja2016_198,HJA-2016_soil_18,3,soil_detected,1039,222,0.2136669874879692,24.34,6432.69141138128,FALSE,0,TRUE,TRUE,TRUE
hja2016_132,84,sediment,4,112,622.7,566447.171641521,4900685.6232752,hja2016_198,HJA-2016_soil_18,3,soil_detected,1039,208,0.20019249278152068,26.96,8976.62245244036,FALSE,0,TRUE,TRUE,TRUE
hja2016_133,161,sediment,5,51,5699.1,561109.407372482,4897170.77850081,hja2016_198,HJA-2016_soil_18,3,soil_detected,1039,260,0.2502406159769009,29.78,2686.5600656391903,FALSE,0,TRUE,TRUE,TRUE
hja2016_135,169,sediment,2,144,53.5,568641.074752475,4902527.5419308,hja2016_198,HJA-2016_soil_18,3,soil_detected,1039,235,0.22617901828681425,28.8,11840.790926087466,FALSE,0,TRUE,TRUE,TRUE
hja2016_136,190,sediment,1,546,14.2,564169.272240084,4897881.7471024,hja2016_198,HJA-2016_soil_18,3,soil_detected,1039,180,0.17324350336862368,22.8,5495.069976972914,FALSE,0,TRUE,FALSE,FALSE
hja2016_139,CC-2,sediment,2,183,63.6,569992.01509108,4897760.75244588,hja2016_198,HJA-2016_soil_18,3,soil_detected,1039,238,0.22906641000962463,25.93,10875.328159595249,FALSE,0,TRUE,TRUE,TRUE
hja2016_140,CC-3,sediment,2,183,63,570038.013059678,4897795.75090024,hja2016_198,HJA-2016_soil_18,3,soil_detected,1039,191,0.18383060635226178,21.05,10928.620415573041,FALSE,0,TRUE,TRUE,TRUE
hja2016_141,CC-4,sediment,2,183,58.5,570162.007583724,4897831.74931045,hja2016_198,HJA-2016_soil_18,3,soil_detected,1039,186,0.17901828681424448,23.12,11057.682580298573,FALSE,0,TRUE,TRUE,TRUE
hja2016_142,KC-1,sediment,3,362,114.7,562012.367495176,4896802.79475203,hja2016_198,HJA-2016_soil_18,3,soil_detected,1039,174,0.16746871992300288,21.61,3096.2284138540695,FALSE,0,TRUE,TRUE,TRUE
hja2016_144,KC-3,sediment,3,362,114,562000.368025107,4896680.80013966,hja2016_198,HJA-2016_soil_18,3,soil_detected,1039,168,0.1616939364773821,23.4,3018.7409764815766,FALSE,0,TRUE,TRUE,TRUE
hja2016_145,155,sediment,2,345,81.2,565811.199727862,4897652.75721525,hja2016_198,HJA-2016_soil_18,3,soil_detected,1039,225,0.2165543792107796,25.2,6863.84404620505,FALSE,0,TRUE,FALSE,FALSE
hja2016_146,156,sediment,5,24,2575.9,566141.185154761,4897558.76136638,hja2016_198,HJA-2016_soil_18,3,soil_detected,1039,171,0.1645813282001925,20.56,7136.702159420954,FALSE,0,TRUE,TRUE,TRUE
hja2016_147,163,sediment,5,63,6126.6,559726.468447026,4896111.82526722,hja2016_198,HJA-2016_soil_18,3,soil_detected,1039,275,0.2646775745909528,30.19,1094.5412202238017,FALSE,0,TRUE,TRUE,TRUE
hja2016_148,165,sediment,2,494,27.9,564789.244860317,4900155.64668049,hja2016_198,HJA-2016_soil_18,3,soil_detected,1039,240,0.23099133782483156,27.15,7380.194279453538,FALSE,0,TRUE,FALSE,FALSE
hja2016_150,53,sediment,3,78,280.7,568092.098996817,4898223.73199937,hja2016_198,HJA-2016_soil_18,3,soil_detected,1039,199,0.1915303176130895,22.13,9197.07870692452,FALSE,0,TRUE,TRUE,TRUE
hja2016_151,64,sediment,2,163,33.5,570527.99142083,4895508.85189625,hja2016_198,HJA-2016_soil_18,3,soil_detected,1039,239,0.2300288739172281,26.48,11077.610827329456,FALSE,0,TRUE,FALSE,FALSE
hja2016_152,66,sediment,4,79,1360.7,567970.104384448,4898153.73509064,hja2016_198,HJA-2016_soil_18,3,soil_detected,1039,138,0.13282001924927817,19.26,9058.454704072268,FALSE,0,TRUE,TRUE,TRUE
hja2016_155,82,sediment,2,536,36.6,564452.259742545,4899854.65997292,hja2016_198,HJA-2016_soil_18,3,soil_detected,1039,247,0.2377285851780558,26.04,6928.655671280818,FALSE,0,TRUE,TRUE,TRUE
hja2016_157,43,sediment,1,538,7.8,567346.131940859,4898257.7304979,hja2016_198,HJA-2016_soil_18,3,soil_detected,1039,183,0.17613089509143406,19.44,8513.575129456362,FALSE,0,TRUE,FALSE,FALSE
hja2016_159,49,sediment,5,40,3399.1,563281.311454976,4898046.73981585,hja2016_198,HJA-2016_soil_18,3,soil_detected,1039,195,0.18768046198267566,23.52,4856.16407733212,FALSE,0,TRUE,TRUE,TRUE
hja2016_160,50,sediment,5,41,4956.4,563054.321479503,4898132.73601802,hja2016_198,HJA-2016_soil_18,3,soil_detected,1039,116,0.11164581328200192,12.12,4735.163051647104,FALSE,0,TRUE,TRUE,TRUE
hja2016_031,161,hyporheic,5,51,5699.1,561109.407372482,4897170.77850081,hja2016_198,HJA-2016_soil_18,3,soil_detected,1039,24,0.023099133782483156,7.61,2686.5600656391903,FALSE,0,TRUE,TRUE,TRUE
hja2016_032,54,hyporheic,3,363,207.7,561802.376768968,4897363.76997776,hja2016_198,HJA-2016_soil_18,3,soil_detected,1039,32,0.030798845043310877,9.26,3292.3690240901924,FALSE,0,TRUE,TRUE,TRUE
hja2016_035,192,hyporheic,2,542,28.5,564620.252323511,4897836.74908965,hja2016_198,HJA-2016_soil_18,3,soil_detected,1039,29,0.02791145332050048,6.5,5864.645294420613,FALSE,0,TRUE,TRUE,TRUE
hja2016_037,43,hyporheic,1,538,7.8,567346.131940859,4898257.7304979,hja2016_198,HJA-2016_soil_18,3,soil_detected,1039,32,0.030798845043310877,10.27,8513.575129456362,FALSE,0,TRUE,FALSE,FALSE
hja2016_042,165,planktonic,2,494,27.9,564789.244860317,4900155.64668049,hja2016_198,HJA-2016_soil_18,3,soil_detected,1039,18,0.017324350336862367,4.47,7380.194279453538,FALSE,0,TRUE,FALSE,FALSE
hja2016_043,KC-2,hyporheic,3,362,114.2,561999.368069268,4896735.79771081,hja2016_198,HJA-2016_soil_18,3,soil_detected,1039,41,0.03946102021174206,11.3,3047.9657243921524,FALSE,0,TRUE,TRUE,TRUE
hja2016_049,67,planktonic,4,83,1558.1,567119.141965387,4897968.74326041,hja2016_198,HJA-2016_soil_18,3,soil_detected,1039,7,0.006737247353224254,3.45,8196.459860458364,FALSE,0,TRUE,TRUE,TRUE
hja2016_050,165,hyporheic,2,494,27.9,564789.244860317,4900155.64668049,hja2016_198,HJA-2016_soil_18,3,soil_detected,1039,54,0.0519730510105871,7.61,7380.194279453538,FALSE,0,TRUE,FALSE,FALSE
hja2016_052,163,hyporheic,5,63,6126.6,559726.468447026,4896111.82526722,hja2016_198,HJA-2016_soil_18,3,soil_detected,1039,85,0.08180943214629452,11.67,1094.5412202238017,FALSE,0,TRUE,TRUE,TRUE
hja2016_056,KC-1,hyporheic,3,362,114.7,562012.367495176,4896802.79475203,hja2016_198,HJA-2016_soil_18,3,soil_detected,1039,90,0.08662175168431184,10.76,3096.2284138540695,FALSE,0,TRUE,TRUE,TRUE
hja2016_057,71,hyporheic,3,556,101.7,562662.338790582,4897988.74237719,hja2016_198,HJA-2016_soil_18,3,soil_detected,1039,35,0.03368623676612127,6.66,4346.322166926757,FALSE,0,TRUE,TRUE,TRUE
hja2016_059,KC-2,planktonic,3,362,114.2,561999.368069268,4896735.79771081,hja2016_198,HJA-2016_soil_18,3,soil_detected,1039,57,0.0548604427333975,12.66,3047.9657243921524,FALSE,0,TRUE,TRUE,TRUE
hja2016_062,WS3-3,hyporheic,2,511,93.4,560639.428128111,4896408.81215143,hja2016_198,HJA-2016_soil_18,3,soil_detected,1039,86,0.08277189605389798,8.65,1799.1777063243635,FALSE,0,TRUE,TRUE,TRUE
hja2016_064,WS3-4,planktonic,2,510,81.3,560692.425787583,4896348.81480109,hja2016_198,HJA-2016_soil_18,3,soil_detected,1039,44,0.04234841193455245,8.51,1790.3784472458547,FALSE,0,TRUE,TRUE,TRUE
hja2016_099,162,planktonic,5,66,6208.4,559348.485139852,4895468.85366269,hja2016_198,HJA-2016_soil_18,3,soil_detected,1039,31,0.029836381135707413,2.06,433.17477253201287,FALSE,0,TRUE,TRUE,TRUE
hja2016_100,64,planktonic,2,163,33.5,570527.99142083,4895508.85189625,hja2016_198,HJA-2016_soil_18,3,soil_detected,1039,14,0.013474494706448507,1.3,11077.610827329456,FALSE,0,TRUE,FALSE,FALSE
hja2016_101,58,planktonic,3,385,67.2,566998.147308857,4898497.71989928,hja2016_198,HJA-2016_soil_18,3,soil_detected,1039,22,0.021174205967276226,1.82,8289.184731358639,FALSE,0,TRUE,TRUE,TRUE
hja2016_102,73,hyporheic,2,255,137,566310.177691566,4896786.79545861,hja2016_198,HJA-2016_soil_18,3,soil_detected,1039,24,0.023099133782483156,2.07,7066.980514964893,FALSE,0,TRUE,TRUE,TRUE
hja2016_103,260,planktonic,4,23,866.1,566425.172613061,4897456.76587079,hja2016_198,HJA-2016_soil_18,3,soil_detected,1039,46,0.04427333974975938,4.8,7369.305956388233,FALSE,0,TRUE,FALSE,FALSE
hja2016_105,178,planktonic,2,411,19.9,566185.18321168,4901793.57434491,hja2016_198,HJA-2016_soil_18,3,soil_detected,1039,27,0.02598652550529355,2.31,9523.770661477496,FALSE,0,TRUE,TRUE,TRUE
hja2016_106,170,planktonic,2,229,49.4,570659.985591589,4896908.79007097,hja2016_198,HJA-2016_soil_18,3,soil_detected,1039,5,0.004812319538017324,0.61,11353.263973696423,FALSE,0,TRUE,FALSE,FALSE
hja2016_107,57,hyporheic,4,131,1488.8,563668.294364702,4898599.71539487,hja2016_198,HJA-2016_soil_18,3,soil_detected,1039,24,0.023099133782483156,2.15,5505.406605713743,FALSE,0,TRUE,TRUE,TRUE
hja2016_109,169,planktonic,2,144,53.5,568641.074752475,4902527.5419308,hja2016_198,HJA-2016_soil_18,3,soil_detected,1039,25,0.02406159769008662,2.21,11840.790926087466,FALSE,0,TRUE,TRUE,TRUE
hja2016_110,76,hyporheic,3,150,303.5,570464.994202967,4896947.7883487,hja2016_198,HJA-2016_soil_18,3,soil_detected,1039,24,0.023099133782483156,2.17,11167.508950982683,FALSE,0,TRUE,TRUE,TRUE
hja2016_111,160,planktonic,5,24,2569.5,566416.173010509,4897492.764281,hja2016_198,HJA-2016_soil_18,3,soil_detected,1039,29,0.02791145332050048,2.78,7372.648041188147,FALSE,0,TRUE,TRUE,TRUE
hja2016_114,WS1-5,planktonic,2,522,87.9,559517.477676657,4895016.87362342,hja2016_198,HJA-2016_soil_18,3,soil_detected,1039,25,0.02406159769008662,2.06,66.5695257689727,FALSE,0,TRUE,TRUE,TRUE
hja2016_116,53,planktonic,3,78,280.7,568092.098996817,4898223.73199937,hja2016_198,HJA-2016_soil_18,3,soil_detected,1039,31,0.029836381135707413,2.75,9197.07870692452,FALSE,0,TRUE,TRUE,TRUE
hja2016_119,56,planktonic,3,321,99.5,562839.3309741,4897811.75019367,hja2016_198,HJA-2016_soil_18,3,soil_detected,1039,44,0.04234841193455245,4.31,4364.242015028436,FALSE,0,TRUE,TRUE,TRUE
hja2016_121,84,hyporheic,4,112,622.7,566447.171641521,4900685.6232752,hja2016_198,HJA-2016_soil_18,3,soil_detected,1039,7,0.006737247353224254,0.5,8976.62245244036,FALSE,0,TRUE,TRUE,TRUE
hja2016_122,45,sediment,3,390,193.2,565977.192397151,4897892.74661664,hja2016_198,HJA-2016_soil_18,3,soil_detected,1039,199,0.1915303176130895,23.91,7110.217959952251,FALSE,0,TRUE,TRUE,TRUE
hja2016_125,56,sediment,3,321,99.5,562839.3309741,4897811.75019367,hja2016_198,HJA-2016_soil_18,3,soil_detected,1039,214,0.20596727622714148,25.26,4364.242015028436,FALSE,0,TRUE,TRUE,TRUE
hja2016_164,260,sediment,4,23,866.1,566425.172613061,4897456.76587079,hja2016_198,HJA-2016_soil_18,3,soil_detected,1039,180,0.17324350336862368,26.44,7369.305956388233,FALSE,0,TRUE,FALSE,FALSE
hja2016_166,57,sediment,4,131,1488.8,563668.294364702,4898599.71539487,hja2016_198,HJA-2016_soil_18,3,soil_detected,1039,110,0.10587102983638114,11.47,5505.406605713743,FALSE,0,TRUE,TRUE,TRUE
hja2016_167,WS3-1,sediment,2,511,96.4,560508.433913191,4896516.80738205,hja2016_198,HJA-2016_soil_18,3,soil_detected,1039,279,0.2685274302213667,30.9,1802.8509508042239,FALSE,0,TRUE,TRUE,TRUE
hja2016_169,WS3-2,sediment,2,511,95.7,560554.431881789,4896487.80866272,hja2016_198,HJA-2016_soil_18,3,soil_detected,1039,271,0.26082771896053897,29.9,1806.8299372316071,FALSE,0,TRUE,TRUE,TRUE
hja2016_170,WS3-3,sediment,2,511,93.4,560639.428128111,4896408.81215143,hja2016_198,HJA-2016_soil_18,3,soil_detected,1039,181,0.17420596727622714,18.32,1799.1777063243635,FALSE,0,TRUE,TRUE,TRUE
hja2016_177,WS1-3,sediment,2,522,92.1,559404.482666841,4895069.8712829,hja2016_198,HJA-2016_soil_18,3,soil_detected,1039,236,0.2271414821944177,28.81,58.768545949573614,TRUE,1,TRUE,TRUE,TRUE
hja2016_179,WS1-5,sediment,2,522,87.9,559517.477676657,4895016.87362342,hja2016_198,HJA-2016_soil_18,3,soil_detected,1039,187,0.17998075072184794,22.38,66.5695257689727,FALSE,0,TRUE,TRUE,TRUE
hja2016_180,WS1-6,sediment,2,522,82.7,559631.472642313,4894993.87463913,hja2016_198,HJA-2016_soil_18,3,soil_detected,1039,111,0.1068334937439846,12.32,180.61730753557177,FALSE,0,TRUE,TRUE,TRUE
hja2016_181,177,sediment,1,452,14.8,565808.199860345,4901620.58198475,hja2016_198,HJA-2016_soil_18,3,soil_detected,1039,202,0.1944177093358999,19.01,9136.219431347461,FALSE,0,TRUE,TRUE,TRUE
hja2016_001,50,planktonic,5,41,4956.4,563054.321479503,4898132.73601802,hja2016_198,HJA-2016_soil_18,3,soil_enriched,502,3,0.00597609561752988,0.62,4735.163051647104,FALSE,0,TRUE,TRUE,TRUE
hja2016_008,WS3-1,hyporheic,2,511,96.4,560508.433913191,4896516.80738205,hja2016_198,HJA-2016_soil_18,3,soil_enriched,502,12,0.02390438247011952,1.22,1802.8509508042239,FALSE,0,TRUE,TRUE,TRUE
hja2016_009,60,hyporheic,2,316,43.1,567391.129953618,4898693.71124374,hja2016_198,HJA-2016_soil_18,3,soil_enriched,502,6,0.01195219123505976,0.83,8728.092559876224,FALSE,0,TRUE,FALSE,FALSE
hja2016_010,164,planktonic,3,502,60.8,560307.442789535,4895737.8417834,hja2016_198,HJA-2016_soil_18,3,soil_enriched,502,0,0,0,1091.4000985366395,FALSE,0,TRUE,TRUE,TRUE
hja2016_011,WS1-6,planktonic,2,522,82.7,559631.472642313,4894993.87463913,hja2016_198,HJA-2016_soil_18,3,soil_enriched,502,15,0.029880478087649404,1.27,180.61730753557177,FALSE,0,TRUE,TRUE,TRUE
hja2016_013,WS1-4,planktonic,2,522,89.8,559453.480502956,4895042.87247524,hja2016_198,HJA-2016_soil_18,3,soil_enriched,502,7,0.013944223107569721,0.82,9.7620304592070255,TRUE,0.8518518518518519,FALSE,TRUE,FALSE
hja2016_014,WS1-6,hyporheic,2,522,82.7,559631.472642313,4894993.87463913,hja2016_198,HJA-2016_soil_18,3,soil_enriched,502,3,0.00597609561752988,0.55,180.61730753557177,FALSE,0,TRUE,TRUE,TRUE
hja2016_015,47,hyporheic,4,134,1550.1,563254.31264732,4898130.73610634,hja2016_198,HJA-2016_soil_18,3,soil_enriched,502,1,0.00199203187250996,0.47,4887.448641062916,FALSE,0,TRUE,TRUE,TRUE
hja2016_016,74,hyporheic,2,373,70,565310.221852481,4897724.75403567,hja2016_198,HJA-2016_soil_18,3,soil_enriched,502,2,0.00398406374501992,0.21,6432.69141138128,FALSE,0,TRUE,TRUE,TRUE
hja2016_018,WS1-5,hyporheic,2,522,87.9,559517.477676657,4895016.87362342,hja2016_198,HJA-2016_soil_18,3,soil_enriched,502,10,0.0199203187250996,0.66,66.5695257689727,FALSE,0,TRUE,TRUE,TRUE
hja2016_019,155,hyporheic,2,345,81.2,565811.199727862,4897652.75721525,hja2016_198,HJA-2016_soil_18,3,soil_enriched,502,11,0.021912350597609563,2.35,6863.84404620505,FALSE,0,TRUE,FALSE,FALSE
hja2016_020,WS1-2,hyporheic,2,522,93.6,559354.484874886,4895103.86978142,hja2016_198,HJA-2016_soil_18,3,soil_enriched,502,9,0.017928286852589643,1.05,118.25019909971482,TRUE,1,TRUE,TRUE,TRUE
hja2016_021,156,hyporheic,5,24,2575.9,566141.185154761,4897558.76136638,hja2016_198,HJA-2016_soil_18,3,soil_enriched,502,5,0.0099601593625498,0.99,7136.702159420954,FALSE,0,TRUE,TRUE,TRUE
hja2016_027,WS3-6,planktonic,2,510,78.4,560819.420179147,4896235.81979127,hja2016_198,HJA-2016_soil_18,3,soil_enriched,502,5,0.0099601593625498,0.61,1803.868155506703,FALSE,0,TRUE,TRUE,TRUE
hja2016_065,68,hyporheic,5,30,3032.2,565145.229139031,4897899.74630751,hja2016_198,HJA-2016_soil_18,3,soil_enriched,502,15,0.029880478087649404,1.55,6359.471024403313,FALSE,0,TRUE,TRUE,TRUE
hja2016_066,49,hyporheic,5,40,3399.1,563281.311454976,4898046.73981585,hja2016_198,HJA-2016_soil_18,3,soil_enriched,502,12,0.02390438247011952,1.29,4856.16407733212,FALSE,0,TRUE,TRUE,TRUE
hja2016_070,56,hyporheic,3,321,99.5,562839.3309741,4897811.75019367,hja2016_198,HJA-2016_soil_18,3,soil_enriched,502,8,0.01593625498007968,1.06,4364.242015028436,FALSE,0,TRUE,TRUE,TRUE
hja2016_071,164,hyporheic,3,502,60.8,560307.442789535,4895737.8417834,hja2016_198,HJA-2016_soil_18,3,soil_enriched,502,12,0.02390438247011952,0.99,1091.4000985366395,FALSE,0,TRUE,TRUE,TRUE
hja2016_075,260,hyporheic,4,23,866.1,566425.172613061,4897456.76587079,hja2016_198,HJA-2016_soil_18,3,soil_enriched,502,7,0.013944223107569721,1.14,7369.305956388233,FALSE,0,TRUE,FALSE,FALSE
hja2016_078,CC-1,hyporheic,2,183,64,569956.016680872,4897740.75332909,hja2016_198,HJA-2016_soil_18,3,soil_enriched,502,8,0.01593625498007968,1.18,10835.486263394596,FALSE,0,TRUE,TRUE,TRUE
hja2016_079,64,hyporheic,2,163,33.5,570527.99142083,4895508.85189625,hja2016_198,HJA-2016_soil_18,3,soil_enriched,502,12,0.02390438247011952,1.07,11077.610827329456,FALSE,0,TRUE,FALSE,FALSE
hja2016_084,177,hyporheic,1,452,14.8,565808.199860345,4901620.58198475,hja2016_198,HJA-2016_soil_18,3,soil_enriched,502,10,0.0199203187250996,1.31,9136.219431347461,FALSE,0,TRUE,TRUE,TRUE
hja2016_127,60,sediment,2,316,43.1,567391.129953618,4898693.71124374,hja2016_198,HJA-2016_soil_18,3,soil_enriched,502,22,0.043824701195219126,1.66,8728.092559876224,FALSE,0,TRUE,FALSE,FALSE
hja2016_129,72,sediment,4,16,568.3,566542.167446234,4896499.80813279,hja2016_198,HJA-2016_soil_18,3,soil_enriched,502,41,0.08167330677290836,4.44,7229.111857472629,FALSE,0,TRUE,TRUE,TRUE
hja2016_131,74,sediment,2,373,70,565310.221852481,4897724.75403567,hja2016_198,HJA-2016_soil_18,3,soil_enriched,502,46,0.09163346613545817,4.59,6432.69141138128,FALSE,0,TRUE,TRUE,TRUE
hja2016_132,84,sediment,4,112,622.7,566447.171641521,4900685.6232752,hja2016_198,HJA-2016_soil_18,3,soil_enriched,502,41,0.08167330677290836,4.03,8976.62245244036,FALSE,0,TRUE,TRUE,TRUE
hja2016_133,161,sediment,5,51,5699.1,561109.407372482,4897170.77850081,hja2016_198,HJA-2016_soil_18,3,soil_enriched,502,88,0.1752988047808765,9.73,2686.5600656391903,FALSE,0,TRUE,TRUE,TRUE
hja2016_135,169,sediment,2,144,53.5,568641.074752475,4902527.5419308,hja2016_198,HJA-2016_soil_18,3,soil_enriched,502,47,0.09362549800796813,4.53,11840.790926087466,FALSE,0,TRUE,TRUE,TRUE
hja2016_136,190,sediment,1,546,14.2,564169.272240084,4897881.7471024,hja2016_198,HJA-2016_soil_18,3,soil_enriched,502,36,0.07171314741035857,3.28,5495.069976972914,FALSE,0,TRUE,FALSE,FALSE
hja2016_139,CC-2,sediment,2,183,63.6,569992.01509108,4897760.75244588,hja2016_198,HJA-2016_soil_18,3,soil_enriched,502,49,0.09760956175298804,5.01,10875.328159595249,FALSE,0,TRUE,TRUE,TRUE
hja2016_140,CC-3,sediment,2,183,63,570038.013059678,4897795.75090024,hja2016_198,HJA-2016_soil_18,3,soil_enriched,502,34,0.06772908366533864,3.03,10928.620415573041,FALSE,0,TRUE,TRUE,TRUE
hja2016_141,CC-4,sediment,2,183,58.5,570162.007583724,4897831.74931045,hja2016_198,HJA-2016_soil_18,3,soil_enriched,502,40,0.0796812749003984,3.45,11057.682580298573,FALSE,0,TRUE,TRUE,TRUE
hja2016_142,KC-1,sediment,3,362,114.7,562012.367495176,4896802.79475203,hja2016_198,HJA-2016_soil_18,3,soil_enriched,502,34,0.06772908366533864,2.69,3096.2284138540695,FALSE,0,TRUE,TRUE,TRUE
hja2016_144,KC-3,sediment,3,362,114,562000.368025107,4896680.80013966,hja2016_198,HJA-2016_soil_18,3,soil_enriched,502,29,0.05776892430278884,2.77,3018.7409764815766,FALSE,0,TRUE,TRUE,TRUE
hja2016_145,155,sediment,2,345,81.2,565811.199727862,4897652.75721525,hja2016_198,HJA-2016_soil_18,3,soil_enriched,502,43,0.08565737051792828,4.11,6863.84404620505,FALSE,0,TRUE,FALSE,FALSE
hja2016_146,156,sediment,5,24,2575.9,566141.185154761,4897558.76136638,hja2016_198,HJA-2016_soil_18,3,soil_enriched,502,28,0.055776892430278883,2.35,7136.702159420954,FALSE,0,TRUE,TRUE,TRUE
hja2016_147,163,sediment,5,63,6126.6,559726.468447026,4896111.82526722,hja2016_198,HJA-2016_soil_18,3,soil_enriched,502,82,0.16334661354581673,8.8,1094.5412202238017,FALSE,0,TRUE,TRUE,TRUE
hja2016_148,165,sediment,2,494,27.9,564789.244860317,4900155.64668049,hja2016_198,HJA-2016_soil_18,3,soil_enriched,502,58,0.11553784860557768,5.35,7380.194279453538,FALSE,0,TRUE,FALSE,FALSE
hja2016_150,53,sediment,3,78,280.7,568092.098996817,4898223.73199937,hja2016_198,HJA-2016_soil_18,3,soil_enriched,502,32,0.06374501992031872,2.73,9197.07870692452,FALSE,0,TRUE,TRUE,TRUE
hja2016_151,64,sediment,2,163,33.5,570527.99142083,4895508.85189625,hja2016_198,HJA-2016_soil_18,3,soil_enriched,502,70,0.1394422310756972,7.9,11077.610827329456,FALSE,0,TRUE,FALSE,FALSE
hja2016_152,66,sediment,4,79,1360.7,567970.104384448,4898153.73509064,hja2016_198,HJA-2016_soil_18,3,soil_enriched,502,19,0.037848605577689244,2.04,9058.454704072268,FALSE,0,TRUE,TRUE,TRUE
hja2016_155,82,sediment,2,536,36.6,564452.259742545,4899854.65997292,hja2016_198,HJA-2016_soil_18,3,soil_enriched,502,57,0.11354581673306773,5.36,6928.655671280818,FALSE,0,TRUE,TRUE,TRUE
hja2016_157,43,sediment,1,538,7.8,567346.131940859,4898257.7304979,hja2016_198,HJA-2016_soil_18,3,soil_enriched,502,28,0.055776892430278883,2.18,8513.575129456362,FALSE,0,TRUE,FALSE,FALSE
hja2016_159,49,sediment,5,40,3399.1,563281.311454976,4898046.73981585,hja2016_198,HJA-2016_soil_18,3,soil_enriched,502,31,0.061752988047808766,2.44,4856.16407733212,FALSE,0,TRUE,TRUE,TRUE
hja2016_160,50,sediment,5,41,4956.4,563054.321479503,4898132.73601802,hja2016_198,HJA-2016_soil_18,3,soil_enriched,502,8,0.01593625498007968,1.06,4735.163051647104,FALSE,0,TRUE,TRUE,TRUE
hja2016_031,161,hyporheic,5,51,5699.1,561109.407372482,4897170.77850081,hja2016_198,HJA-2016_soil_18,3,soil_enriched,502,4,0.00796812749003984,1.31,2686.5600656391903,FALSE,0,TRUE,TRUE,TRUE
hja2016_032,54,hyporheic,3,363,207.7,561802.376768968,4897363.76997776,hja2016_198,HJA-2016_soil_18,3,soil_enriched,502,8,0.01593625498007968,0.94,3292.3690240901924,FALSE,0,TRUE,TRUE,TRUE
hja2016_035,192,hyporheic,2,542,28.5,564620.252323511,4897836.74908965,hja2016_198,HJA-2016_soil_18,3,soil_enriched,502,5,0.0099601593625498,0.86,5864.645294420613,FALSE,0,TRUE,TRUE,TRUE
hja2016_037,43,hyporheic,1,538,7.8,567346.131940859,4898257.7304979,hja2016_198,HJA-2016_soil_18,3,soil_enriched,502,0,0,0,8513.575129456362,FALSE,0,TRUE,FALSE,FALSE
hja2016_042,165,planktonic,2,494,27.9,564789.244860317,4900155.64668049,hja2016_198,HJA-2016_soil_18,3,soil_enriched,502,1,0.00199203187250996,0.07,7380.194279453538,FALSE,0,TRUE,FALSE,FALSE
hja2016_043,KC-2,hyporheic,3,362,114.2,561999.368069268,4896735.79771081,hja2016_198,HJA-2016_soil_18,3,soil_enriched,502,6,0.01195219123505976,1.21,3047.9657243921524,FALSE,0,TRUE,TRUE,TRUE
hja2016_049,67,planktonic,4,83,1558.1,567119.141965387,4897968.74326041,hja2016_198,HJA-2016_soil_18,3,soil_enriched,502,1,0.00199203187250996,0.06,8196.459860458364,FALSE,0,TRUE,TRUE,TRUE
hja2016_050,165,hyporheic,2,494,27.9,564789.244860317,4900155.64668049,hja2016_198,HJA-2016_soil_18,3,soil_enriched,502,13,0.025896414342629483,1.07,7380.194279453538,FALSE,0,TRUE,FALSE,FALSE
hja2016_052,163,hyporheic,5,63,6126.6,559726.468447026,4896111.82526722,hja2016_198,HJA-2016_soil_18,3,soil_enriched,502,16,0.03187250996015936,1.31,1094.5412202238017,FALSE,0,TRUE,TRUE,TRUE
hja2016_056,KC-1,hyporheic,3,362,114.7,562012.367495176,4896802.79475203,hja2016_198,HJA-2016_soil_18,3,soil_enriched,502,9,0.017928286852589643,0.75,3096.2284138540695,FALSE,0,TRUE,TRUE,TRUE
hja2016_057,71,hyporheic,3,556,101.7,562662.338790582,4897988.74237719,hja2016_198,HJA-2016_soil_18,3,soil_enriched,502,4,0.00796812749003984,0.78,4346.322166926757,FALSE,0,TRUE,TRUE,TRUE
hja2016_059,KC-2,planktonic,3,362,114.2,561999.368069268,4896735.79771081,hja2016_198,HJA-2016_soil_18,3,soil_enriched,502,8,0.01593625498007968,1.58,3047.9657243921524,FALSE,0,TRUE,TRUE,TRUE
hja2016_062,WS3-3,hyporheic,2,511,93.4,560639.428128111,4896408.81215143,hja2016_198,HJA-2016_soil_18,3,soil_enriched,502,13,0.025896414342629483,1.08,1799.1777063243635,FALSE,0,TRUE,TRUE,TRUE
hja2016_064,WS3-4,planktonic,2,510,81.3,560692.425787583,4896348.81480109,hja2016_198,HJA-2016_soil_18,3,soil_enriched,502,6,0.01195219123505976,1.02,1790.3784472458547,FALSE,0,TRUE,TRUE,TRUE
hja2016_099,162,planktonic,5,66,6208.4,559348.485139852,4895468.85366269,hja2016_198,HJA-2016_soil_18,3,soil_enriched,502,4,0.00796812749003984,0.36,433.17477253201287,FALSE,0,TRUE,TRUE,TRUE
hja2016_100,64,planktonic,2,163,33.5,570527.99142083,4895508.85189625,hja2016_198,HJA-2016_soil_18,3,soil_enriched,502,4,0.00796812749003984,0.21,11077.610827329456,FALSE,0,TRUE,FALSE,FALSE
hja2016_101,58,planktonic,3,385,67.2,566998.147308857,4898497.71989928,hja2016_198,HJA-2016_soil_18,3,soil_enriched,502,3,0.00597609561752988,0.25,8289.184731358639,FALSE,0,TRUE,TRUE,TRUE
hja2016_102,73,hyporheic,2,255,137,566310.177691566,4896786.79545861,hja2016_198,HJA-2016_soil_18,3,soil_enriched,502,4,0.00796812749003984,0.36,7066.980514964893,FALSE,0,TRUE,TRUE,TRUE
hja2016_103,260,planktonic,4,23,866.1,566425.172613061,4897456.76587079,hja2016_198,HJA-2016_soil_18,3,soil_enriched,502,6,0.01195219123505976,0.82,7369.305956388233,FALSE,0,TRUE,FALSE,FALSE
hja2016_105,178,planktonic,2,411,19.9,566185.18321168,4901793.57434491,hja2016_198,HJA-2016_soil_18,3,soil_enriched,502,7,0.013944223107569721,0.58,9523.770661477496,FALSE,0,TRUE,TRUE,TRUE
hja2016_106,170,planktonic,2,229,49.4,570659.985591589,4896908.79007097,hja2016_198,HJA-2016_soil_18,3,soil_enriched,502,1,0.00199203187250996,0.11,11353.263973696423,FALSE,0,TRUE,FALSE,FALSE
hja2016_107,57,hyporheic,4,131,1488.8,563668.294364702,4898599.71539487,hja2016_198,HJA-2016_soil_18,3,soil_enriched,502,5,0.0099601593625498,0.47,5505.406605713743,FALSE,0,TRUE,TRUE,TRUE
hja2016_109,169,planktonic,2,144,53.5,568641.074752475,4902527.5419308,hja2016_198,HJA-2016_soil_18,3,soil_enriched,502,5,0.0099601593625498,0.52,11840.790926087466,FALSE,0,TRUE,TRUE,TRUE
hja2016_110,76,hyporheic,3,150,303.5,570464.994202967,4896947.7883487,hja2016_198,HJA-2016_soil_18,3,soil_enriched,502,5,0.0099601593625498,0.43,11167.508950982683,FALSE,0,TRUE,TRUE,TRUE
hja2016_111,160,planktonic,5,24,2569.5,566416.173010509,4897492.764281,hja2016_198,HJA-2016_soil_18,3,soil_enriched,502,8,0.01593625498007968,0.53,7372.648041188147,FALSE,0,TRUE,TRUE,TRUE
hja2016_114,WS1-5,planktonic,2,522,87.9,559517.477676657,4895016.87362342,hja2016_198,HJA-2016_soil_18,3,soil_enriched,502,4,0.00796812749003984,0.4,66.5695257689727,FALSE,0,TRUE,TRUE,TRUE
hja2016_116,53,planktonic,3,78,280.7,568092.098996817,4898223.73199937,hja2016_198,HJA-2016_soil_18,3,soil_enriched,502,8,0.01593625498007968,0.62,9197.07870692452,FALSE,0,TRUE,TRUE,TRUE
hja2016_119,56,planktonic,3,321,99.5,562839.3309741,4897811.75019367,hja2016_198,HJA-2016_soil_18,3,soil_enriched,502,9,0.017928286852589643,0.78,4364.242015028436,FALSE,0,TRUE,TRUE,TRUE
hja2016_121,84,hyporheic,4,112,622.7,566447.171641521,4900685.6232752,hja2016_198,HJA-2016_soil_18,3,soil_enriched,502,1,0.00199203187250996,0.11,8976.62245244036,FALSE,0,TRUE,TRUE,TRUE
hja2016_122,45,sediment,3,390,193.2,565977.192397151,4897892.74661664,hja2016_198,HJA-2016_soil_18,3,soil_enriched,502,26,0.05179282868525897,2.36,7110.217959952251,FALSE,0,TRUE,TRUE,TRUE
hja2016_125,56,sediment,3,321,99.5,562839.3309741,4897811.75019367,hja2016_198,HJA-2016_soil_18,3,soil_enriched,502,33,0.06573705179282868,2.87,4364.242015028436,FALSE,0,TRUE,TRUE,TRUE
hja2016_164,260,sediment,4,23,866.1,566425.172613061,4897456.76587079,hja2016_198,HJA-2016_soil_18,3,soil_enriched,502,34,0.06772908366533864,4.01,7369.305956388233,FALSE,0,TRUE,FALSE,FALSE
hja2016_166,57,sediment,4,131,1488.8,563668.294364702,4898599.71539487,hja2016_198,HJA-2016_soil_18,3,soil_enriched,502,10,0.0199203187250996,1.09,5505.406605713743,FALSE,0,TRUE,TRUE,TRUE
hja2016_167,WS3-1,sediment,2,511,96.4,560508.433913191,4896516.80738205,hja2016_198,HJA-2016_soil_18,3,soil_enriched,502,93,0.1852589641434263,9.52,1802.8509508042239,FALSE,0,TRUE,TRUE,TRUE
hja2016_169,WS3-2,sediment,2,511,95.7,560554.431881789,4896487.80866272,hja2016_198,HJA-2016_soil_18,3,soil_enriched,502,91,0.18127490039840638,8.9,1806.8299372316071,FALSE,0,TRUE,TRUE,TRUE
hja2016_170,WS3-3,sediment,2,511,93.4,560639.428128111,4896408.81215143,hja2016_198,HJA-2016_soil_18,3,soil_enriched,502,37,0.07370517928286853,3.24,1799.1777063243635,FALSE,0,TRUE,TRUE,TRUE
hja2016_177,WS1-3,sediment,2,522,92.1,559404.482666841,4895069.8712829,hja2016_198,HJA-2016_soil_18,3,soil_enriched,502,50,0.099601593625498,4.44,58.768545949573614,TRUE,1,TRUE,TRUE,TRUE
hja2016_179,WS1-5,sediment,2,522,87.9,559517.477676657,4895016.87362342,hja2016_198,HJA-2016_soil_18,3,soil_enriched,502,29,0.05776892430278884,2.82,66.5695257689727,FALSE,0,TRUE,TRUE,TRUE
hja2016_180,WS1-6,sediment,2,522,82.7,559631.472642313,4894993.87463913,hja2016_198,HJA-2016_soil_18,3,soil_enriched,502,8,0.01593625498007968,1.29,180.61730753557177,FALSE,0,TRUE,TRUE,TRUE
hja2016_181,177,sediment,1,452,14.8,565808.199860345,4901620.58198475,hja2016_198,HJA-2016_soil_18,3,soil_enriched,502,33,0.06573705179282868,3.17,9136.219431347461,FALSE,0,TRUE,TRUE,TRUE
hja2016_001,50,planktonic,5,41,4956.4,563054.321479503,4898132.73601802,hja2016_199,HJA-2016_soil_19,3,soil_detected,959,21,0.021897810218978103,6.19,4190.495659857366,TRUE,1,TRUE,TRUE,TRUE
hja2016_008,WS3-1,hyporheic,2,511,96.4,560508.433913191,4896516.80738205,hja2016_199,HJA-2016_soil_19,3,soil_detected,959,48,0.05005213764337852,7.39,7200.594258014596,FALSE,0,TRUE,TRUE,TRUE
hja2016_009,60,hyporheic,2,316,43.1,567391.129953618,4898693.71124374,hja2016_199,HJA-2016_soil_19,3,soil_detected,959,35,0.0364963503649635,7.46,2187.283761655009,FALSE,0,TRUE,FALSE,FALSE
hja2016_010,164,planktonic,3,502,60.8,560307.442789535,4895737.8417834,hja2016_199,HJA-2016_soil_19,3,soil_detected,959,13,0.013555787278415016,5.03,7829.513416173379,FALSE,0,TRUE,TRUE,TRUE
hja2016_011,WS1-6,planktonic,2,522,82.7,559631.472642313,4894993.87463913,hja2016_199,HJA-2016_soil_19,3,soil_detected,959,60,0.06256517205422316,6.12,8823.949514567797,FALSE,0,TRUE,TRUE,TRUE
hja2016_013,WS1-4,planktonic,2,522,89.8,559453.480502956,4895042.87247524,hja2016_199,HJA-2016_soil_19,3,soil_detected,959,42,0.043795620437956206,5.81,8930.514248420448,FALSE,0,TRUE,TRUE,TRUE
hja2016_014,WS1-6,hyporheic,2,522,82.7,559631.472642313,4894993.87463913,hja2016_199,HJA-2016_soil_19,3,soil_detected,959,31,0.03232533889468196,7.31,8823.949514567797,FALSE,0,TRUE,TRUE,TRUE
hja2016_015,47,hyporheic,4,134,1550.1,563254.31264732,4898130.73610634,hja2016_199,HJA-2016_soil_19,3,soil_detected,959,17,0.017726798748696558,5.43,4033.5336110260355,TRUE,1,TRUE,TRUE,TRUE
hja2016_016,74,hyporheic,2,373,70,565310.221852481,4897724.75403567,hja2016_199,HJA-2016_soil_19,3,soil_detected,959,15,0.01564129301355579,2.84,3121.1804993362944,FALSE,0,TRUE,TRUE,TRUE
hja2016_018,WS1-5,hyporheic,2,522,87.9,559517.477676657,4895016.87362342,hja2016_199,HJA-2016_soil_19,3,soil_detected,959,40,0.04171011470281543,3.08,8897.20606774569,FALSE,0,TRUE,TRUE,TRUE
hja2016_019,155,hyporheic,2,345,81.2,565811.199727862,4897652.75721525,hja2016_199,HJA-2016_soil_19,3,soil_detected,959,41,0.04275286757038582,7.81,3052.8716295078952,FALSE,0,TRUE,FALSE,FALSE
hja2016_020,WS1-2,hyporheic,2,522,93.6,559354.484874886,4895103.86978142,hja2016_199,HJA-2016_soil_19,3,soil_detected,959,64,0.0667361835245047,6.7,8969.984649914864,FALSE,0,TRUE,TRUE,TRUE
hja2016_021,156,hyporheic,5,24,2575.9,566141.185154761,4897558.76136638,hja2016_199,HJA-2016_soil_19,3,soil_detected,959,30,0.03128258602711158,6.95,3099.6103020396645,FALSE,0,TRUE,TRUE,TRUE
hja2016_027,WS3-6,planktonic,2,510,78.4,560819.420179147,4896235.81979127,hja2016_199,HJA-2016_soil_19,3,soil_detected,959,23,0.023983315954118872,3.66,7118.755232504653,FALSE,0,TRUE,TRUE,TRUE
hja2016_065,68,hyporheic,5,30,3032.2,565145.229139031,4897899.74630751,hja2016_199,HJA-2016_soil_19,3,soil_detected,959,73,0.07612095933263817,10.36,3023.0322048640182,FALSE,0,TRUE,TRUE,TRUE
hja2016_066,49,hyporheic,5,40,3399.1,563281.311454976,4898046.73981585,hja2016_199,HJA-2016_soil_19,3,soil_detected,959,51,0.053180396246089674,6.11,4065.6687097580225,FALSE,0,TRUE,TRUE,TRUE
hja2016_070,56,hyporheic,3,321,99.5,562839.3309741,4897811.75019367,hja2016_199,HJA-2016_soil_19,3,soil_detected,959,30,0.03128258602711158,4.35,4556.869753167082,FALSE,0,TRUE,TRUE,TRUE
hja2016_071,164,hyporheic,3,502,60.8,560307.442789535,4895737.8417834,hja2016_199,HJA-2016_soil_19,3,soil_detected,959,74,0.07716371220020855,8.36,7829.513416173379,FALSE,0,TRUE,TRUE,TRUE
hja2016_075,260,hyporheic,4,23,866.1,566425.172613061,4897456.76587079,hja2016_199,HJA-2016_soil_19,3,soil_detected,959,47,0.049009384775808136,8.75,3190.26044818662,FALSE,0,TRUE,FALSE,FALSE
hja2016_078,CC-1,hyporheic,2,183,64,569956.016680872,4897740.75332909,hja2016_199,HJA-2016_soil_19,3,soil_detected,959,44,0.045881126173096975,6.6,4587.299256863675,FALSE,0,TRUE,TRUE,TRUE
hja2016_079,64,hyporheic,2,163,33.5,570527.99142083,4895508.85189625,hja2016_199,HJA-2016_soil_19,3,soil_detected,959,58,0.06047966631908238,7.85,6586.714878747069,FALSE,0,TRUE,FALSE,FALSE
hja2016_084,177,hyporheic,1,452,14.8,565808.199860345,4901620.58198475,hja2016_199,HJA-2016_soil_19,3,soil_detected,959,41,0.04275286757038582,7.01,1142.8876106646787,FALSE,0,TRUE,TRUE,TRUE
hja2016_127,60,sediment,2,316,43.1,567391.129953618,4898693.71124374,hja2016_199,HJA-2016_soil_19,3,soil_detected,959,129,0.13451511991657977,12.96,2187.283761655009,FALSE,0,TRUE,FALSE,FALSE
hja2016_129,72,sediment,4,16,568.3,566542.167446234,4896499.80813279,hja2016_199,HJA-2016_soil_19,3,soil_detected,959,152,0.15849843587069865,17.8,4149.374945100051,FALSE,0,TRUE,TRUE,TRUE
hja2016_131,74,sediment,2,373,70,565310.221852481,4897724.75403567,hja2016_199,HJA-2016_soil_19,3,soil_detected,959,149,0.1553701772679875,17.39,3121.1804993362944,FALSE,0,TRUE,TRUE,TRUE
hja2016_132,84,sediment,4,112,622.7,566447.171641521,4900685.6232752,hja2016_199,HJA-2016_soil_19,3,soil_detected,959,160,0.16684045881126172,21.41,55.91666195588681,FALSE,0.07407407407407407,FALSE,TRUE,FALSE
hja2016_133,161,sediment,5,51,5699.1,561109.407372482,4897170.77850081,hja2016_199,HJA-2016_soil_19,3,soil_detected,959,273,0.2846715328467153,29.45,6336.079860435524,TRUE,1,TRUE,TRUE,TRUE
hja2016_135,169,sediment,2,144,53.5,568641.074752475,4902527.5419308,hja2016_199,HJA-2016_soil_19,3,soil_detected,959,196,0.20437956204379562,22.58,2920.391585256906,FALSE,0,TRUE,TRUE,TRUE
hja2016_136,190,sediment,1,546,14.2,564169.272240084,4897881.7471024,hja2016_199,HJA-2016_soil_19,3,soil_detected,959,117,0.12200208550573514,14.72,3557.083218643484,FALSE,0,TRUE,FALSE,FALSE
hja2016_139,CC-2,sediment,2,183,63.6,569992.01509108,4897760.75244588,hja2016_199,HJA-2016_soil_19,3,soil_detected,959,151,0.15745568300312826,18,4602.640723419848,FALSE,0,TRUE,TRUE,TRUE
hja2016_140,CC-3,sediment,2,183,63,570038.013059678,4897795.75090024,hja2016_199,HJA-2016_soil_19,3,soil_detected,959,135,0.14077163712200208,14.54,4616.865215053934,FALSE,0,TRUE,TRUE,TRUE
hja2016_141,CC-4,sediment,2,183,58.5,570162.007583724,4897831.74931045,hja2016_199,HJA-2016_soil_19,3,soil_detected,959,137,0.14285714285714285,16.38,4693.329969879759,FALSE,0,TRUE,TRUE,TRUE
hja2016_142,KC-1,sediment,3,362,114.7,562012.367495176,4896802.79475203,hja2016_199,HJA-2016_soil_19,3,soil_detected,959,123,0.12825860271115747,14.75,5838.529032480024,FALSE,0,TRUE,TRUE,TRUE
hja2016_144,KC-3,sediment,3,362,114,562000.368025107,4896680.80013966,hja2016_199,HJA-2016_soil_19,3,soil_detected,959,102,0.10636079249217935,14.43,5928.477620297179,FALSE,0,TRUE,TRUE,TRUE
hja2016_145,155,sediment,2,345,81.2,565811.199727862,4897652.75721525,hja2016_199,HJA-2016_soil_19,3,soil_detected,959,158,0.16475495307612095,17.58,3052.8716295078952,FALSE,0,TRUE,FALSE,FALSE
hja2016_146,156,sediment,5,24,2575.9,566141.185154761,4897558.76136638,hja2016_199,HJA-2016_soil_19,3,soil_detected,959,121,0.1261730969760167,13.23,3099.6103020396645,FALSE,0,TRUE,TRUE,TRUE
hja2016_147,163,sediment,5,63,6126.6,559726.468447026,4896111.82526722,hja2016_199,HJA-2016_soil_19,3,soil_detected,959,273,0.2846715328467153,29.36,8074.274228401942,TRUE,1,TRUE,TRUE,TRUE
hja2016_148,165,sediment,2,494,27.9,564789.244860317,4900155.64668049,hja2016_199,HJA-2016_soil_19,3,soil_detected,959,166,0.17309697601668406,18.83,1690.4931876698345,FALSE,0,TRUE,FALSE,FALSE
hja2016_150,53,sediment,3,78,280.7,568092.098996817,4898223.73199937,hja2016_199,HJA-2016_soil_19,3,soil_detected,959,136,0.14181438998957246,14.97,2951.686771046734,FALSE,0,TRUE,TRUE,TRUE
hja2016_151,64,sediment,2,163,33.5,570527.99142083,4895508.85189625,hja2016_199,HJA-2016_soil_19,3,soil_detected,959,251,0.26173096976016685,26.13,6586.714878747069,FALSE,0,TRUE,FALSE,FALSE
hja2016_152,66,sediment,4,79,1360.7,567970.104384448,4898153.73509064,hja2016_199,HJA-2016_soil_19,3,soil_detected,959,95,0.09906152241918666,11.16,2942.8340168454615,FALSE,0,TRUE,TRUE,TRUE
hja2016_155,82,sediment,2,536,36.6,564452.259742545,4899854.65997292,hja2016_199,HJA-2016_soil_19,3,soil_detected,959,171,0.17831074035453598,18.38,2108.9912002145657,FALSE,0,TRUE,TRUE,TRUE
hja2016_157,43,sediment,1,538,7.8,567346.131940859,4898257.7304979,hja2016_199,HJA-2016_soil_19,3,soil_detected,959,138,0.14389989572471323,13.88,2567.2737287839163,FALSE,0,TRUE,FALSE,FALSE
hja2016_159,49,sediment,5,40,3399.1,563281.311454976,4898046.73981585,hja2016_199,HJA-2016_soil_19,3,soil_detected,959,125,0.13034410844629823,15.87,4065.6687097580225,FALSE,0,TRUE,TRUE,TRUE
hja2016_160,50,sediment,5,41,4956.4,563054.321479503,4898132.73601802,hja2016_199,HJA-2016_soil_19,3,soil_detected,959,82,0.08550573514077164,9.77,4190.495659857366,TRUE,1,TRUE,TRUE,TRUE
hja2016_031,161,hyporheic,5,51,5699.1,561109.407372482,4897170.77850081,hja2016_199,HJA-2016_soil_19,3,soil_detected,959,13,0.013555787278415016,4.62,6336.079860435524,TRUE,1,TRUE,TRUE,TRUE
hja2016_032,54,hyporheic,3,363,207.7,561802.376768968,4897363.76997776,hja2016_199,HJA-2016_soil_19,3,soil_detected,959,24,0.02502606882168926,7.65,5655.068301974957,FALSE,0,TRUE,TRUE,TRUE
hja2016_035,192,hyporheic,2,542,28.5,564620.252323511,4897836.74908965,hja2016_199,HJA-2016_soil_19,3,soil_detected,959,22,0.022940563086548488,4.57,3330.012094830613,FALSE,0,TRUE,TRUE,TRUE
hja2016_037,43,hyporheic,1,538,7.8,567346.131940859,4898257.7304979,hja2016_199,HJA-2016_soil_19,3,soil_detected,959,14,0.014598540145985401,2.86,2567.2737287839163,FALSE,0,TRUE,FALSE,FALSE
hja2016_042,165,planktonic,2,494,27.9,564789.244860317,4900155.64668049,hja2016_199,HJA-2016_soil_19,3,soil_detected,959,13,0.013555787278415016,2.89,1690.4931876698345,FALSE,0,TRUE,FALSE,FALSE
hja2016_043,KC-2,hyporheic,3,362,114.2,561999.368069268,4896735.79771081,hja2016_199,HJA-2016_soil_19,3,soil_detected,959,31,0.03232533889468196,9.8,5892.573738000351,FALSE,0,TRUE,TRUE,TRUE
hja2016_049,67,planktonic,4,83,1558.1,567119.141965387,4897968.74326041,hja2016_199,HJA-2016_soil_19,3,soil_detected,959,6,0.006256517205422315,4.06,2771.3533116465387,FALSE,0,TRUE,TRUE,TRUE
hja2016_050,165,hyporheic,2,494,27.9,564789.244860317,4900155.64668049,hja2016_199,HJA-2016_soil_19,3,soil_detected,959,48,0.05005213764337852,6.25,1690.4931876698345,FALSE,0,TRUE,FALSE,FALSE
hja2016_052,163,hyporheic,5,63,6126.6,559726.468447026,4896111.82526722,hja2016_199,HJA-2016_soil_19,3,soil_detected,959,50,0.05213764337851929,5.74,8074.274228401942,TRUE,1,TRUE,TRUE,TRUE
hja2016_056,KC-1,hyporheic,3,362,114.7,562012.367495176,4896802.79475203,hja2016_199,HJA-2016_soil_19,3,soil_detected,959,56,0.058394160583941604,6.7,5838.529032480024,FALSE,0,TRUE,TRUE,TRUE
hja2016_057,71,hyporheic,3,556,101.7,562662.338790582,4897988.74237719,hja2016_199,HJA-2016_soil_19,3,soil_detected,959,24,0.02502606882168926,5.62,4592.048019919939,FALSE,0,TRUE,TRUE,TRUE
hja2016_059,KC-2,planktonic,3,362,114.2,561999.368069268,4896735.79771081,hja2016_199,HJA-2016_soil_19,3,soil_detected,959,38,0.03962460896767466,7.32,5892.573738000351,FALSE,0,TRUE,TRUE,TRUE
hja2016_062,WS3-3,hyporheic,2,511,93.4,560639.428128111,4896408.81215143,hja2016_199,HJA-2016_soil_19,3,soil_detected,959,59,0.061522419186652764,5.76,7157.105736532577,FALSE,0,TRUE,TRUE,TRUE
hja2016_064,WS3-4,planktonic,2,510,81.3,560692.425787583,4896348.81480109,hja2016_199,HJA-2016_soil_19,3,soil_detected,959,29,0.03023983315954119,6.39,7150.37183004636,FALSE,0,TRUE,TRUE,TRUE
hja2016_099,162,planktonic,5,66,6208.4,559348.485139852,4895468.85366269,hja2016_199,HJA-2016_soil_19,3,soil_detected,959,26,0.027111574556830033,1.86,8753.982559414222,TRUE,1,TRUE,TRUE,TRUE
hja2016_100,64,planktonic,2,163,33.5,570527.99142083,4895508.85189625,hja2016_199,HJA-2016_soil_19,3,soil_detected,959,14,0.014598540145985401,1.17,6586.714878747069,FALSE,0,TRUE,FALSE,FALSE
hja2016_101,58,planktonic,3,385,67.2,566998.147308857,4898497.71989928,hja2016_199,HJA-2016_soil_19,3,soil_detected,959,17,0.017726798748696558,1.35,2229.1309892025542,FALSE,0,TRUE,TRUE,TRUE
hja2016_102,73,hyporheic,2,255,137,566310.177691566,4896786.79545861,hja2016_199,HJA-2016_soil_19,3,soil_detected,959,21,0.021897810218978103,1.83,3861.385887003973,FALSE,0,TRUE,TRUE,TRUE
hja2016_103,260,planktonic,4,23,866.1,566425.172613061,4897456.76587079,hja2016_199,HJA-2016_soil_19,3,soil_detected,959,36,0.03753910323253389,3.94,3190.26044818662,FALSE,0,TRUE,FALSE,FALSE
hja2016_105,178,planktonic,2,411,19.9,566185.18321168,4901793.57434491,hja2016_199,HJA-2016_soil_19,3,soil_detected,959,27,0.028154327424400417,2.21,1167.8149919666546,FALSE,0,TRUE,TRUE,TRUE
hja2016_106,170,planktonic,2,229,49.4,570659.985591589,4896908.79007097,hja2016_199,HJA-2016_soil_19,3,soil_detected,959,5,0.005213764337851929,0.53,5662.500696185432,FALSE,0,TRUE,FALSE,FALSE
hja2016_107,57,hyporheic,4,131,1488.8,563668.294364702,4898599.71539487,hja2016_199,HJA-2016_soil_19,3,soil_detected,959,22,0.022940563086548488,1.88,3419.1337940713634,TRUE,1,TRUE,TRUE,TRUE
hja2016_109,169,planktonic,2,144,53.5,568641.074752475,4902527.5419308,hja2016_199,HJA-2016_soil_19,3,soil_detected,959,20,0.020855057351407715,1.89,2920.391585256906,FALSE,0,TRUE,TRUE,TRUE
hja2016_110,76,hyporheic,3,150,303.5,570464.994202967,4896947.7883487,hja2016_199,HJA-2016_soil_19,3,soil_detected,959,17,0.017726798748696558,1.79,5491.193653436456,FALSE,0,TRUE,TRUE,TRUE
hja2016_111,160,planktonic,5,24,2569.5,566416.173010509,4897492.764281,hja2016_199,HJA-2016_soil_19,3,soil_detected,959,25,0.026068821689259645,2.27,3154.2229575367555,FALSE,0,TRUE,TRUE,TRUE
hja2016_114,WS1-5,planktonic,2,522,87.9,559517.477676657,4895016.87362342,hja2016_199,HJA-2016_soil_19,3,soil_detected,959,23,0.023983315954118872,1.85,8897.20606774569,FALSE,0,TRUE,TRUE,TRUE
hja2016_116,53,planktonic,3,78,280.7,568092.098996817,4898223.73199937,hja2016_199,HJA-2016_soil_19,3,soil_detected,959,24,0.02502606882168926,2.23,2951.686771046734,FALSE,0,TRUE,TRUE,TRUE
hja2016_119,56,planktonic,3,321,99.5,562839.3309741,4897811.75019367,hja2016_199,HJA-2016_soil_19,3,soil_detected,959,39,0.040667361835245046,3.67,4556.869753167082,FALSE,0,TRUE,TRUE,TRUE
hja2016_121,84,hyporheic,4,112,622.7,566447.171641521,4900685.6232752,hja2016_199,HJA-2016_soil_19,3,soil_detected,959,5,0.005213764337851929,0.45,55.91666195588681,FALSE,0.07407407407407407,FALSE,TRUE,FALSE
hja2016_122,45,sediment,3,390,193.2,565977.192397151,4897892.74661664,hja2016_199,HJA-2016_soil_19,3,soil_detected,959,134,0.1397288842544317,16.38,2787.5249112963606,FALSE,0,TRUE,TRUE,TRUE
hja2016_125,56,sediment,3,321,99.5,562839.3309741,4897811.75019367,hja2016_199,HJA-2016_soil_19,3,soil_detected,959,146,0.15224191866527634,17.65,4556.869753167082,FALSE,0,TRUE,TRUE,TRUE
hja2016_164,260,sediment,4,23,866.1,566425.172613061,4897456.76587079,hja2016_199,HJA-2016_soil_19,3,soil_detected,959,124,0.12930135557872785,16.06,3190.26044818662,FALSE,0,TRUE,FALSE,FALSE
hja2016_166,57,sediment,4,131,1488.8,563668.294364702,4898599.71539487,hja2016_199,HJA-2016_soil_19,3,soil_detected,959,84,0.08759124087591241,9.65,3419.1337940713634,TRUE,1,TRUE,TRUE,TRUE
hja2016_167,WS3-1,sediment,2,511,96.4,560508.433913191,4896516.80738205,hja2016_199,HJA-2016_soil_19,3,soil_detected,959,286,0.29822732012513037,29.75,7200.594258014596,FALSE,0,TRUE,TRUE,TRUE
hja2016_169,WS3-2,sediment,2,511,95.7,560554.431881789,4896487.80866272,hja2016_199,HJA-2016_soil_19,3,soil_detected,959,281,0.2930135557872784,29.13,7179.723610195527,FALSE,0,TRUE,TRUE,TRUE
hja2016_170,WS3-3,sediment,2,511,93.4,560639.428128111,4896408.81215143,hja2016_199,HJA-2016_soil_19,3,soil_detected,959,119,0.12408759124087591,12.75,7157.105736532577,FALSE,0,TRUE,TRUE,TRUE
hja2016_177,WS1-3,sediment,2,522,92.1,559404.482666841,4895069.8712829,hja2016_199,HJA-2016_soil_19,3,soil_detected,959,187,0.19499478623566216,22.14,8951.871200938998,FALSE,0,TRUE,TRUE,TRUE
hja2016_179,WS1-5,sediment,2,522,87.9,559517.477676657,4895016.87362342,hja2016_199,HJA-2016_soil_19,3,soil_detected,959,131,0.13660062565172054,15.6,8897.20606774569,FALSE,0,TRUE,TRUE,TRUE
hja2016_180,WS1-6,sediment,2,522,82.7,559631.472642313,4894993.87463913,hja2016_199,HJA-2016_soil_19,3,soil_detected,959,78,0.08133472367049009,9.94,8823.949514567797,FALSE,0,TRUE,TRUE,TRUE
hja2016_181,177,sediment,1,452,14.8,565808.199860345,4901620.58198475,hja2016_199,HJA-2016_soil_19,3,soil_detected,959,128,0.1334723670490094,12.65,1142.8876106646787,FALSE,0,TRUE,TRUE,TRUE
hja2016_001,50,planktonic,5,41,4956.4,563054.321479503,4898132.73601802,hja2016_199,HJA-2016_soil_19,3,soil_enriched,626,3,0.004792332268370607,0.62,4190.495659857366,TRUE,1,TRUE,TRUE,TRUE
hja2016_008,WS3-1,hyporheic,2,511,96.4,560508.433913191,4896516.80738205,hja2016_199,HJA-2016_soil_19,3,soil_enriched,626,11,0.01757188498402556,1.14,7200.594258014596,FALSE,0,TRUE,TRUE,TRUE
hja2016_009,60,hyporheic,2,316,43.1,567391.129953618,4898693.71124374,hja2016_199,HJA-2016_soil_19,3,soil_enriched,626,4,0.006389776357827476,0.56,2187.283761655009,FALSE,0,TRUE,FALSE,FALSE
hja2016_010,164,planktonic,3,502,60.8,560307.442789535,4895737.8417834,hja2016_199,HJA-2016_soil_19,3,soil_enriched,626,0,0,0,7829.513416173379,FALSE,0,TRUE,TRUE,TRUE
hja2016_011,WS1-6,planktonic,2,522,82.7,559631.472642313,4894993.87463913,hja2016_199,HJA-2016_soil_19,3,soil_enriched,626,13,0.020766773162939296,1.05,8823.949514567797,FALSE,0,TRUE,TRUE,TRUE
hja2016_013,WS1-4,planktonic,2,522,89.8,559453.480502956,4895042.87247524,hja2016_199,HJA-2016_soil_19,3,soil_enriched,626,7,0.011182108626198083,0.75,8930.514248420448,FALSE,0,TRUE,TRUE,TRUE
hja2016_014,WS1-6,hyporheic,2,522,82.7,559631.472642313,4894993.87463913,hja2016_199,HJA-2016_soil_19,3,soil_enriched,626,3,0.004792332268370607,0.55,8823.949514567797,FALSE,0,TRUE,TRUE,TRUE
hja2016_015,47,hyporheic,4,134,1550.1,563254.31264732,4898130.73610634,hja2016_199,HJA-2016_soil_19,3,soil_enriched,626,1,0.001597444089456869,0.47,4033.5336110260355,TRUE,1,TRUE,TRUE,TRUE
hja2016_016,74,hyporheic,2,373,70,565310.221852481,4897724.75403567,hja2016_199,HJA-2016_soil_19,3,soil_enriched,626,2,0.003194888178913738,0.21,3121.1804993362944,FALSE,0,TRUE,TRUE,TRUE
hja2016_018,WS1-5,hyporheic,2,522,87.9,559517.477676657,4895016.87362342,hja2016_199,HJA-2016_soil_19,3,soil_enriched,626,7,0.011182108626198083,0.45,8897.20606774569,FALSE,0,TRUE,TRUE,TRUE
hja2016_019,155,hyporheic,2,345,81.2,565811.199727862,4897652.75721525,hja2016_199,HJA-2016_soil_19,3,soil_enriched,626,10,0.01597444089456869,1.92,3052.8716295078952,FALSE,0,TRUE,FALSE,FALSE
hja2016_020,WS1-2,hyporheic,2,522,93.6,559354.484874886,4895103.86978142,hja2016_199,HJA-2016_soil_19,3,soil_enriched,626,14,0.022364217252396165,1.44,8969.984649914864,FALSE,0,TRUE,TRUE,TRUE
hja2016_021,156,hyporheic,5,24,2575.9,566141.185154761,4897558.76136638,hja2016_199,HJA-2016_soil_19,3,soil_enriched,626,5,0.007987220447284345,0.99,3099.6103020396645,FALSE,0,TRUE,TRUE,TRUE
hja2016_027,WS3-6,planktonic,2,510,78.4,560819.420179147,4896235.81979127,hja2016_199,HJA-2016_soil_19,3,soil_enriched,626,5,0.007987220447284345,0.63,7118.755232504653,FALSE,0,TRUE,TRUE,TRUE
hja2016_065,68,hyporheic,5,30,3032.2,565145.229139031,4897899.74630751,hja2016_199,HJA-2016_soil_19,3,soil_enriched,626,14,0.022364217252396165,1.45,3023.0322048640182,FALSE,0,TRUE,TRUE,TRUE
hja2016_066,49,hyporheic,5,40,3399.1,563281.311454976,4898046.73981585,hja2016_199,HJA-2016_soil_19,3,soil_enriched,626,11,0.01757188498402556,1.19,4065.6687097580225,FALSE,0,TRUE,TRUE,TRUE
hja2016_070,56,hyporheic,3,321,99.5,562839.3309741,4897811.75019367,hja2016_199,HJA-2016_soil_19,3,soil_enriched,626,6,0.009584664536741214,0.99,4556.869753167082,FALSE,0,TRUE,TRUE,TRUE
hja2016_071,164,hyporheic,3,502,60.8,560307.442789535,4895737.8417834,hja2016_199,HJA-2016_soil_19,3,soil_enriched,626,14,0.022364217252396165,1.14,7829.513416173379,FALSE,0,TRUE,TRUE,TRUE
hja2016_075,260,hyporheic,4,23,866.1,566425.172613061,4897456.76587079,hja2016_199,HJA-2016_soil_19,3,soil_enriched,626,9,0.01437699680511182,1.46,3190.26044818662,FALSE,0,TRUE,FALSE,FALSE
hja2016_078,CC-1,hyporheic,2,183,64,569956.016680872,4897740.75332909,hja2016_199,HJA-2016_soil_19,3,soil_enriched,626,7,0.011182108626198083,1.11,4587.299256863675,FALSE,0,TRUE,TRUE,TRUE
hja2016_079,64,hyporheic,2,163,33.5,570527.99142083,4895508.85189625,hja2016_199,HJA-2016_soil_19,3,soil_enriched,626,21,0.03354632587859425,2.07,6586.714878747069,FALSE,0,TRUE,FALSE,FALSE
hja2016_084,177,hyporheic,1,452,14.8,565808.199860345,4901620.58198475,hja2016_199,HJA-2016_soil_19,3,soil_enriched,626,7,0.011182108626198083,0.93,1142.8876106646787,FALSE,0,TRUE,TRUE,TRUE
hja2016_127,60,sediment,2,316,43.1,567391.129953618,4898693.71124374,hja2016_199,HJA-2016_soil_19,3,soil_enriched,626,22,0.03514376996805112,1.69,2187.283761655009,FALSE,0,TRUE,FALSE,FALSE
hja2016_129,72,sediment,4,16,568.3,566542.167446234,4896499.80813279,hja2016_199,HJA-2016_soil_19,3,soil_enriched,626,45,0.07188498402555911,4.65,4149.374945100051,FALSE,0,TRUE,TRUE,TRUE
hja2016_131,74,sediment,2,373,70,565310.221852481,4897724.75403567,hja2016_199,HJA-2016_soil_19,3,soil_enriched,626,43,0.06869009584664537,4.67,3121.1804993362944,FALSE,0,TRUE,TRUE,TRUE
hja2016_132,84,sediment,4,112,622.7,566447.171641521,4900685.6232752,hja2016_199,HJA-2016_soil_19,3,soil_enriched,626,38,0.06070287539936102,4.15,55.91666195588681,FALSE,0.07407407407407407,FALSE,TRUE,FALSE
hja2016_133,161,sediment,5,51,5699.1,561109.407372482,4897170.77850081,hja2016_199,HJA-2016_soil_19,3,soil_enriched,626,124,0.19808306709265175,11.87,6336.079860435524,TRUE,1,TRUE,TRUE,TRUE
hja2016_135,169,sediment,2,144,53.5,568641.074752475,4902527.5419308,hja2016_199,HJA-2016_soil_19,3,soil_enriched,626,47,0.07507987220447285,4.74,2920.391585256906,FALSE,0,TRUE,TRUE,TRUE
hja2016_136,190,sediment,1,546,14.2,564169.272240084,4897881.7471024,hja2016_199,HJA-2016_soil_19,3,soil_enriched,626,31,0.04952076677316294,2.93,3557.083218643484,FALSE,0,TRUE,FALSE,FALSE
hja2016_139,CC-2,sediment,2,183,63.6,569992.01509108,4897760.75244588,hja2016_199,HJA-2016_soil_19,3,soil_enriched,626,42,0.0670926517571885,4.6,4602.640723419848,FALSE,0,TRUE,TRUE,TRUE
hja2016_140,CC-3,sediment,2,183,63,570038.013059678,4897795.75090024,hja2016_199,HJA-2016_soil_19,3,soil_enriched,626,30,0.04792332268370607,2.84,4616.865215053934,FALSE,0,TRUE,TRUE,TRUE
hja2016_141,CC-4,sediment,2,183,58.5,570162.007583724,4897831.74931045,hja2016_199,HJA-2016_soil_19,3,soil_enriched,626,36,0.05750798722044728,3.47,4693.329969879759,FALSE,0,TRUE,TRUE,TRUE
hja2016_142,KC-1,sediment,3,362,114.7,562012.367495176,4896802.79475203,hja2016_199,HJA-2016_soil_19,3,soil_enriched,626,36,0.05750798722044728,2.61,5838.529032480024,FALSE,0,TRUE,TRUE,TRUE
hja2016_144,KC-3,sediment,3,362,114,562000.368025107,4896680.80013966,hja2016_199,HJA-2016_soil_19,3,soil_enriched,626,27,0.04313099041533546,2.67,5928.477620297179,FALSE,0,TRUE,TRUE,TRUE
hja2016_145,155,sediment,2,345,81.2,565811.199727862,4897652.75721525,hja2016_199,HJA-2016_soil_19,3,soil_enriched,626,49,0.07827476038338659,4.34,3052.8716295078952,FALSE,0,TRUE,FALSE,FALSE
hja2016_146,156,sediment,5,24,2575.9,566141.185154761,4897558.76136638,hja2016_199,HJA-2016_soil_19,3,soil_enriched,626,24,0.038338658146964855,2.09,3099.6103020396645,FALSE,0,TRUE,TRUE,TRUE
hja2016_147,163,sediment,5,63,6126.6,559726.468447026,4896111.82526722,hja2016_199,HJA-2016_soil_19,3,soil_enriched,626,116,0.1853035143769968,11.78,8074.274228401942,TRUE,1,TRUE,TRUE,TRUE
hja2016_148,165,sediment,2,494,27.9,564789.244860317,4900155.64668049,hja2016_199,HJA-2016_soil_19,3,soil_enriched,626,52,0.08306709265175719,4.85,1690.4931876698345,FALSE,0,TRUE,FALSE,FALSE
hja2016_150,53,sediment,3,78,280.7,568092.098996817,4898223.73199937,hja2016_199,HJA-2016_soil_19,3,soil_enriched,626,30,0.04792332268370607,2.66,2951.686771046734,FALSE,0,TRUE,TRUE,TRUE
hja2016_151,64,sediment,2,163,33.5,570527.99142083,4895508.85189625,hja2016_199,HJA-2016_soil_19,3,soil_enriched,626,110,0.1757188498402556,10.39,6586.714878747069,FALSE,0,TRUE,FALSE,FALSE
hja2016_152,66,sediment,4,79,1360.7,567970.104384448,4898153.73509064,hja2016_199,HJA-2016_soil_19,3,soil_enriched,626,19,0.03035143769968051,2.07,2942.8340168454615,FALSE,0,TRUE,TRUE,TRUE
hja2016_155,82,sediment,2,536,36.6,564452.259742545,4899854.65997292,hja2016_199,HJA-2016_soil_19,3,soil_enriched,626,48,0.07667731629392971,4.83,2108.9912002145657,FALSE,0,TRUE,TRUE,TRUE
hja2016_157,43,sediment,1,538,7.8,567346.131940859,4898257.7304979,hja2016_199,HJA-2016_soil_19,3,soil_enriched,626,23,0.036741214057507986,2.03,2567.2737287839163,FALSE,0,TRUE,FALSE,FALSE
hja2016_159,49,sediment,5,40,3399.1,563281.311454976,4898046.73981585,hja2016_199,HJA-2016_soil_19,3,soil_enriched,626,26,0.04153354632587859,2.33,4065.6687097580225,FALSE,0,TRUE,TRUE,TRUE
hja2016_160,50,sediment,5,41,4956.4,563054.321479503,4898132.73601802,hja2016_199,HJA-2016_soil_19,3,soil_enriched,626,7,0.011182108626198083,1.02,4190.495659857366,TRUE,1,TRUE,TRUE,TRUE
hja2016_031,161,hyporheic,5,51,5699.1,561109.407372482,4897170.77850081,hja2016_199,HJA-2016_soil_19,3,soil_enriched,626,3,0.004792332268370607,0.69,6336.079860435524,TRUE,1,TRUE,TRUE,TRUE
hja2016_032,54,hyporheic,3,363,207.7,561802.376768968,4897363.76997776,hja2016_199,HJA-2016_soil_19,3,soil_enriched,626,8,0.012779552715654952,0.94,5655.068301974957,FALSE,0,TRUE,TRUE,TRUE
hja2016_035,192,hyporheic,2,542,28.5,564620.252323511,4897836.74908965,hja2016_199,HJA-2016_soil_19,3,soil_enriched,626,7,0.011182108626198083,1.19,3330.012094830613,FALSE,0,TRUE,TRUE,TRUE
hja2016_037,43,hyporheic,1,538,7.8,567346.131940859,4898257.7304979,hja2016_199,HJA-2016_soil_19,3,soil_enriched,626,0,0,0,2567.2737287839163,FALSE,0,TRUE,FALSE,FALSE
hja2016_042,165,planktonic,2,494,27.9,564789.244860317,4900155.64668049,hja2016_199,HJA-2016_soil_19,3,soil_enriched,626,1,0.001597444089456869,0.07,1690.4931876698345,FALSE,0,TRUE,FALSE,FALSE
hja2016_043,KC-2,hyporheic,3,362,114.2,561999.368069268,4896735.79771081,hja2016_199,HJA-2016_soil_19,3,soil_enriched,626,6,0.009584664536741214,1.21,5892.573738000351,FALSE,0,TRUE,TRUE,TRUE
hja2016_049,67,planktonic,4,83,1558.1,567119.141965387,4897968.74326041,hja2016_199,HJA-2016_soil_19,3,soil_enriched,626,1,0.001597444089456869,0.06,2771.3533116465387,FALSE,0,TRUE,TRUE,TRUE
hja2016_050,165,hyporheic,2,494,27.9,564789.244860317,4900155.64668049,hja2016_199,HJA-2016_soil_19,3,soil_enriched,626,13,0.020766773162939296,1.13,1690.4931876698345,FALSE,0,TRUE,FALSE,FALSE
hja2016_052,163,hyporheic,5,63,6126.6,559726.468447026,4896111.82526722,hja2016_199,HJA-2016_soil_19,3,soil_enriched,626,9,0.01437699680511182,0.65,8074.274228401942,TRUE,1,TRUE,TRUE,TRUE
hja2016_056,KC-1,hyporheic,3,362,114.7,562012.367495176,4896802.79475203,hja2016_199,HJA-2016_soil_19,3,soil_enriched,626,8,0.012779552715654952,0.75,5838.529032480024,FALSE,0,TRUE,TRUE,TRUE
hja2016_057,71,hyporheic,3,556,101.7,562662.338790582,4897988.74237719,hja2016_199,HJA-2016_soil_19,3,soil_enriched,626,2,0.003194888178913738,0.62,4592.048019919939,FALSE,0,TRUE,TRUE,TRUE
hja2016_059,KC-2,planktonic,3,362,114.2,561999.368069268,4896735.79771081,hja2016_199,HJA-2016_soil_19,3,soil_enriched,626,7,0.011182108626198083,1.4,5892.573738000351,FALSE,0,TRUE,TRUE,TRUE
hja2016_062,WS3-3,hyporheic,2,511,93.4,560639.428128111,4896408.81215143,hja2016_199,HJA-2016_soil_19,3,soil_enriched,626,13,0.020766773162939296,1.09,7157.105736532577,FALSE,0,TRUE,TRUE,TRUE
hja2016_064,WS3-4,planktonic,2,510,81.3,560692.425787583,4896348.81480109,hja2016_199,HJA-2016_soil_19,3,soil_enriched,626,6,0.009584664536741214,0.96,7150.37183004636,FALSE,0,TRUE,TRUE,TRUE
hja2016_099,162,planktonic,5,66,6208.4,559348.485139852,4895468.85366269,hja2016_199,HJA-2016_soil_19,3,soil_enriched,626,5,0.007987220447284345,0.45,8753.982559414222,TRUE,1,TRUE,TRUE,TRUE
hja2016_100,64,planktonic,2,163,33.5,570527.99142083,4895508.85189625,hja2016_199,HJA-2016_soil_19,3,soil_enriched,626,5,0.007987220447284345,0.26,6586.714878747069,FALSE,0,TRUE,FALSE,FALSE
hja2016_101,58,planktonic,3,385,67.2,566998.147308857,4898497.71989928,hja2016_199,HJA-2016_soil_19,3,soil_enriched,626,3,0.004792332268370607,0.24,2229.1309892025542,FALSE,0,TRUE,TRUE,TRUE
hja2016_102,73,hyporheic,2,255,137,566310.177691566,4896786.79545861,hja2016_199,HJA-2016_soil_19,3,soil_enriched,626,4,0.006389776357827476,0.41,3861.385887003973,FALSE,0,TRUE,TRUE,TRUE
hja2016_103,260,planktonic,4,23,866.1,566425.172613061,4897456.76587079,hja2016_199,HJA-2016_soil_19,3,soil_enriched,626,8,0.012779552715654952,1.03,3190.26044818662,FALSE,0,TRUE,FALSE,FALSE
hja2016_105,178,planktonic,2,411,19.9,566185.18321168,4901793.57434491,hja2016_199,HJA-2016_soil_19,3,soil_enriched,626,9,0.01437699680511182,0.66,1167.8149919666546,FALSE,0,TRUE,TRUE,TRUE
hja2016_106,170,planktonic,2,229,49.4,570659.985591589,4896908.79007097,hja2016_199,HJA-2016_soil_19,3,soil_enriched,626,1,0.001597444089456869,0.1,5662.500696185432,FALSE,0,TRUE,FALSE,FALSE
hja2016_107,57,hyporheic,4,131,1488.8,563668.294364702,4898599.71539487,hja2016_199,HJA-2016_soil_19,3,soil_enriched,626,4,0.006389776357827476,0.48,3419.1337940713634,TRUE,1,TRUE,TRUE,TRUE
hja2016_109,169,planktonic,2,144,53.5,568641.074752475,4902527.5419308,hja2016_199,HJA-2016_soil_19,3,soil_enriched,626,5,0.007987220447284345,0.51,2920.391585256906,FALSE,0,TRUE,TRUE,TRUE
hja2016_110,76,hyporheic,3,150,303.5,570464.994202967,4896947.7883487,hja2016_199,HJA-2016_soil_19,3,soil_enriched,626,4,0.006389776357827476,0.37,5491.193653436456,FALSE,0,TRUE,TRUE,TRUE
hja2016_111,160,planktonic,5,24,2569.5,566416.173010509,4897492.764281,hja2016_199,HJA-2016_soil_19,3,soil_enriched,626,8,0.012779552715654952,0.54,3154.2229575367555,FALSE,0,TRUE,TRUE,TRUE
hja2016_114,WS1-5,planktonic,2,522,87.9,559517.477676657,4895016.87362342,hja2016_199,HJA-2016_soil_19,3,soil_enriched,626,5,0.007987220447284345,0.46,8897.20606774569,FALSE,0,TRUE,TRUE,TRUE
hja2016_116,53,planktonic,3,78,280.7,568092.098996817,4898223.73199937,hja2016_199,HJA-2016_soil_19,3,soil_enriched,626,8,0.012779552715654952,0.59,2951.686771046734,FALSE,0,TRUE,TRUE,TRUE
hja2016_119,56,planktonic,3,321,99.5,562839.3309741,4897811.75019367,hja2016_199,HJA-2016_soil_19,3,soil_enriched,626,11,0.01757188498402556,1.03,4556.869753167082,FALSE,0,TRUE,TRUE,TRUE
hja2016_121,84,hyporheic,4,112,622.7,566447.171641521,4900685.6232752,hja2016_199,HJA-2016_soil_19,3,soil_enriched,626,1,0.001597444089456869,0.09,55.91666195588681,FALSE,0.07407407407407407,FALSE,TRUE,FALSE
hja2016_122,45,sediment,3,390,193.2,565977.192397151,4897892.74661664,hja2016_199,HJA-2016_soil_19,3,soil_enriched,626,29,0.0463258785942492,2.4,2787.5249112963606,FALSE,0,TRUE,TRUE,TRUE
hja2016_125,56,sediment,3,321,99.5,562839.3309741,4897811.75019367,hja2016_199,HJA-2016_soil_19,3,soil_enriched,626,32,0.051118210862619806,2.86,4556.869753167082,FALSE,0,TRUE,TRUE,TRUE
hja2016_164,260,sediment,4,23,866.1,566425.172613061,4897456.76587079,hja2016_199,HJA-2016_soil_19,3,soil_enriched,626,29,0.0463258785942492,3.65,3190.26044818662,FALSE,0,TRUE,FALSE,FALSE
hja2016_166,57,sediment,4,131,1488.8,563668.294364702,4898599.71539487,hja2016_199,HJA-2016_soil_19,3,soil_enriched,626,13,0.020766773162939296,1.33,3419.1337940713634,TRUE,1,TRUE,TRUE,TRUE
hja2016_167,WS3-1,sediment,2,511,96.4,560508.433913191,4896516.80738205,hja2016_199,HJA-2016_soil_19,3,soil_enriched,626,124,0.19808306709265175,11.72,7200.594258014596,FALSE,0,TRUE,TRUE,TRUE
hja2016_169,WS3-2,sediment,2,511,95.7,560554.431881789,4896487.80866272,hja2016_199,HJA-2016_soil_19,3,soil_enriched,626,128,0.20447284345047922,11.7,7179.723610195527,FALSE,0,TRUE,TRUE,TRUE
hja2016_170,WS3-3,sediment,2,511,93.4,560639.428128111,4896408.81215143,hja2016_199,HJA-2016_soil_19,3,soil_enriched,626,28,0.04472843450479233,2.85,7157.105736532577,FALSE,0,TRUE,TRUE,TRUE
hja2016_177,WS1-3,sediment,2,522,92.1,559404.482666841,4895069.8712829,hja2016_199,HJA-2016_soil_19,3,soil_enriched,626,51,0.08146964856230032,4.59,8951.871200938998,FALSE,0,TRUE,TRUE,TRUE
hja2016_179,WS1-5,sediment,2,522,87.9,559517.477676657,4895016.87362342,hja2016_199,HJA-2016_soil_19,3,soil_enriched,626,27,0.04313099041533546,2.85,8897.20606774569,FALSE,0,TRUE,TRUE,TRUE
hja2016_180,WS1-6,sediment,2,522,82.7,559631.472642313,4894993.87463913,hja2016_199,HJA-2016_soil_19,3,soil_enriched,626,7,0.011182108626198083,1.37,8823.949514567797,FALSE,0,TRUE,TRUE,TRUE
hja2016_181,177,sediment,1,452,14.8,565808.199860345,4901620.58198475,hja2016_199,HJA-2016_soil_19,3,soil_enriched,626,28,0.04472843450479233,2.78,1142.8876106646787,FALSE,0,TRUE,TRUE,TRUE
