sample1,sample2,habitat_pair,comparison,asv_bray,bin_bray,one_sided_bin_weight,one_sided_zero_phylo_weight,one_sided_special_phylo_weight,special_phylo_weight
hja2016_008,hja2016_001,hyporheic / planktonic,across habitats,0.9441,0.7659,0.4299499999999997,0.3967999999999999,0.03315,0.04554999999999999
hja2016_009,hja2016_001,hyporheic / planktonic,across habitats,0.967,0.7994,0.5325999999999991,0.4716999999999992,0.06090000000000001,0.06235000000000001
hja2016_010,hja2016_001,planktonic / planktonic,within habitat,0.9244,0.6646,0.4357499999999997,0.40749999999999975,0.02825,0.03995
hja2016_011,hja2016_001,planktonic / planktonic,within habitat,0.9281,0.6956,0.3304499999999998,0.2999,0.030549999999999997,0.0357
hja2016_013,hja2016_001,planktonic / planktonic,within habitat,0.9442,0.7601,0.4366999999999994,0.39884999999999937,0.03785,0.045099999999999994
hja2016_014,hja2016_001,hyporheic / planktonic,across habitats,0.9731,0.8049,0.5381999999999993,0.4797499999999998,0.05845,0.05845
hja2016_015,hja2016_001,hyporheic / planktonic,across habitats,0.8954,0.6947,0.4088499999999998,0.3725999999999999,0.03625,0.0493
hja2016_016,hja2016_001,hyporheic / planktonic,across habitats,0.9598,0.7576,0.3514499999999998,0.32934999999999987,0.022099999999999998,0.022099999999999998
hja2016_018,hja2016_001,hyporheic / planktonic,across habitats,0.9823,0.8611,0.5064999999999996,0.46589999999999976,0.0406,0.044649999999999995
hja2016_019,hja2016_001,hyporheic / planktonic,across habitats,0.9602,0.7682,0.4466999999999999,0.40159999999999985,0.04510000000000001,0.050050000000000004
hja2016_020,hja2016_001,hyporheic / planktonic,across habitats,0.9335,0.6821,0.3397499999999992,0.2991499999999996,0.0406,0.0406
hja2016_021,hja2016_001,hyporheic / planktonic,across habitats,0.9107,0.6154,0.3285999999999999,0.3133999999999999,0.015200000000000002,0.04055
hja2016_027,hja2016_001,planktonic / planktonic,within habitat,0.8899,0.5546,0.24395000000000006,0.22985000000000005,0.014099999999999998,0.0226
hja2016_065,hja2016_001,hyporheic / planktonic,across habitats,0.9503,0.7668,0.47334999999999944,0.4451999999999995,0.02815,0.03365
hja2016_066,hja2016_001,hyporheic / planktonic,across habitats,0.9606,0.7913,0.4568999999999992,0.4052499999999994,0.05165,0.05405
hja2016_070,hja2016_001,hyporheic / planktonic,across habitats,0.9334,0.6933,0.4081499999999994,0.36574999999999963,0.0424,0.06250000000000001
hja2016_071,hja2016_001,hyporheic / planktonic,across habitats,0.9272,0.6588,0.3205999999999995,0.2860999999999997,0.034499999999999996,0.0438
hja2016_075,hja2016_001,hyporheic / planktonic,across habitats,0.8984,0.6349,0.33719999999999994,0.32205,0.01515,0.02985000000000001
hja2016_078,hja2016_001,hyporheic / planktonic,across habitats,0.9328,0.6538,0.3334000000000001,0.3044500000000002,0.028950000000000004,0.041100000000000005
hja2016_079,hja2016_001,hyporheic / planktonic,across habitats,0.9356,0.6371,0.3337999999999997,0.3010999999999999,0.0327,0.03560000000000001
hja2016_084,hja2016_001,hyporheic / planktonic,across habitats,0.9754,0.8439,0.6817499999999993,0.5968499999999993,0.08489999999999999,0.08589999999999999
hja2016_127,hja2016_001,planktonic / sediment,across habitats,0.9557,0.779,0.43824999999999936,0.3695499999999994,0.06870000000000001,0.07755
hja2016_129,hja2016_001,planktonic / sediment,across habitats,0.9637,0.8067,0.44989999999999886,0.32999999999999935,0.11990000000000002,0.12005
hja2016_131,hja2016_001,planktonic / sediment,across habitats,0.9672,0.8094,0.4353499999999992,0.3022499999999996,0.13310000000000002,0.13840000000000002
hja2016_132,hja2016_001,planktonic / sediment,across habitats,0.9692,0.8222,0.49849999999999883,0.3891499999999991,0.10934999999999996,0.10984999999999999
hja2016_133,hja2016_001,planktonic / sediment,across habitats,0.9577,0.7514,0.3917999999999991,0.2852499999999998,0.10655000000000002,0.10695000000000002
hja2016_135,hja2016_001,planktonic / sediment,across habitats,0.9689,0.8125,0.5383999999999985,0.42084999999999867,0.11754999999999997,0.11799999999999998
hja2016_136,hja2016_001,planktonic / sediment,across habitats,0.9701,0.8258,0.5078499999999984,0.4065499999999987,0.10129999999999997,0.10139999999999998
hja2016_139,hja2016_001,planktonic / sediment,across habitats,0.959,0.8048,0.43769999999999837,0.3250499999999992,0.11265,0.11265
hja2016_140,hja2016_001,planktonic / sediment,across habitats,0.962,0.7909,0.4288499999999988,0.32424999999999926,0.10460000000000001,0.10505000000000002
hja2016_141,hja2016_001,planktonic / sediment,across habitats,0.9702,0.8182,0.5074499999999986,0.4043499999999986,0.10310000000000002,0.10500000000000002
hja2016_142,hja2016_001,planktonic / sediment,across habitats,0.9799,0.8366,0.4680499999999985,0.3363999999999992,0.13165,0.1321
hja2016_144,hja2016_001,planktonic / sediment,across habitats,0.9811,0.8472,0.5201999999999983,0.39654999999999896,0.12365000000000002,0.12365000000000002
hja2016_145,hja2016_001,planktonic / sediment,across habitats,0.9671,0.8132,0.456749999999999,0.33839999999999937,0.11834999999999998,0.1237
hja2016_146,hja2016_001,planktonic / sediment,across habitats,0.9577,0.7839,0.39049999999999924,0.29869999999999947,0.0918,0.09605000000000001
hja2016_147,hja2016_001,planktonic / sediment,across habitats,0.9598,0.7583,0.39699999999999896,0.26054999999999956,0.13645,0.14055
hja2016_148,hja2016_001,planktonic / sediment,across habitats,0.9615,0.8099,0.48979999999999874,0.36614999999999914,0.12365000000000001,0.12365000000000001
hja2016_150,hja2016_001,planktonic / sediment,across habitats,0.9635,0.8139,0.4552999999999982,0.31689999999999885,0.13840000000000005,0.13905000000000003
hja2016_151,hja2016_001,planktonic / sediment,across habitats,0.9622,0.7559,0.36434999999999884,0.23539999999999997,0.12895000000000006,0.12895000000000006
hja2016_152,hja2016_001,planktonic / sediment,across habitats,0.9632,0.7956,0.4070499999999993,0.24489999999999984,0.16215000000000002,0.16745000000000004
hja2016_155,hja2016_001,planktonic / sediment,across habitats,0.96,0.8023,0.43899999999999884,0.32844999999999913,0.11055000000000001,0.11055000000000001
hja2016_157,hja2016_001,planktonic / sediment,across habitats,0.9502,0.7878,0.45119999999999894,0.3467999999999991,0.10440000000000003,0.10450000000000005
hja2016_159,hja2016_001,planktonic / sediment,across habitats,0.966,0.8334,0.47269999999999857,0.34004999999999896,0.13265000000000002,0.1337
hja2016_160,hja2016_001,planktonic / sediment,across habitats,0.9325,0.7213,0.3204499999999989,0.25129999999999963,0.06915,0.07200000000000001
hja2016_183,hja2016_001,planktonic / soil,across habitats,0.9855,0.8788,0.559749999999999,0.37469999999999926,0.1850500000000001,0.1850500000000001
hja2016_184,hja2016_001,planktonic / soil,across habitats,0.98740000000000006,0.886,0.5864499999999985,0.44434999999999897,0.14209999999999998,0.1475
hja2016_185,hja2016_001,planktonic / soil,across habitats,0.9884,0.9085,0.6730499999999989,0.522599999999999,0.15045000000000006,0.15320000000000003
hja2016_188,hja2016_001,planktonic / soil,across habitats,0.9993,0.9456,0.7760499999999986,0.5559999999999994,0.22005000000000005,0.22035000000000005
hja2016_189,hja2016_001,planktonic / soil,across habitats,0.9977,0.9204,0.711599999999999,0.4699499999999995,0.24165000000000006,0.24195000000000008
hja2016_190,hja2016_001,planktonic / soil,across habitats,0.9878,0.9059,0.6444499999999974,0.463099999999999,0.18135000000000004,0.18325000000000005
hja2016_191,hja2016_001,planktonic / soil,across habitats,0.9912,0.9017,0.6977499999999994,0.5893499999999997,0.1084,0.1098
hja2016_031,hja2016_001,hyporheic / planktonic,across habitats,0.9256,0.7313,0.5014499999999997,0.4751499999999998,0.026299999999999997,0.0359
hja2016_032,hja2016_001,hyporheic / planktonic,across habitats,0.9299,0.6683,0.4072499999999998,0.39284999999999987,0.0144,0.020300000000000002
hja2016_035,hja2016_001,hyporheic / planktonic,across habitats,0.9543,0.8014,0.5876499999999998,0.5113500000000001,0.0763,0.07665
hja2016_037,hja2016_001,hyporheic / planktonic,across habitats,0.944,0.8257,0.64845,0.5538500000000001,0.09459999999999999,0.09894999999999998
hja2016_042,hja2016_001,planktonic / planktonic,within habitat,0.9202,0.7203,0.47565000000000013,0.42555000000000015,0.0501,0.0654
hja2016_043,hja2016_001,hyporheic / planktonic,across habitats,0.9251,0.672,0.4054499999999998,0.37129999999999985,0.03415,0.038650000000000004
hja2016_049,hja2016_001,planktonic / planktonic,within habitat,0.9051,0.6467,0.3501499999999998,0.32194999999999985,0.028199999999999996,0.04045
hja2016_050,hja2016_001,hyporheic / planktonic,across habitats,0.9619,0.7267,0.41834999999999983,0.3671,0.05124999999999999,0.05459999999999999
hja2016_052,hja2016_001,hyporheic / planktonic,across habitats,0.9759,0.8265,0.4900499999999992,0.4199999999999993,0.07005,0.07200000000000001
hja2016_056,hja2016_001,hyporheic / planktonic,across habitats,0.9716,0.8149,0.3240499999999991,0.29834999999999934,0.0257,0.033600000000000005
hja2016_057,hja2016_001,hyporheic / planktonic,across habitats,0.9536,0.7094,0.4610999999999998,0.4226499999999998,0.03845,0.048999999999999995
hja2016_059,hja2016_001,planktonic / planktonic,within habitat,0.9426,0.671,0.35109999999999963,0.3239499999999997,0.027149999999999997,0.0386
hja2016_062,hja2016_001,hyporheic / planktonic,across habitats,0.9226,0.6792,0.25899999999999995,0.22875,0.03025,0.03495
hja2016_064,hja2016_001,planktonic / planktonic,within habitat,0.9287,0.6805,0.39904999999999974,0.35864999999999986,0.0404,0.044950000000000004
hja2016_099,hja2016_001,planktonic / planktonic,within habitat,0.9964,0.9258,0.6455999999999971,0.4437499999999988,0.20185,0.20185
hja2016_100,hja2016_001,planktonic / planktonic,within habitat,0.9989,0.9341,0.5853999999999978,0.46394999999999836,0.12145,0.12145
hja2016_101,hja2016_001,planktonic / planktonic,within habitat,0.9965,0.9078,0.6144999999999965,0.4594499999999982,0.15505,0.15664999999999998
hja2016_102,hja2016_001,hyporheic / planktonic,across habitats,0.996,0.9346,0.6646999999999972,0.4628999999999985,0.2018,0.20315
hja2016_103,hja2016_001,planktonic / planktonic,within habitat,0.9953,0.9132,0.5700499999999967,0.44569999999999804,0.12435,0.1264
hja2016_105,hja2016_001,planktonic / planktonic,within habitat,0.9966,0.9307,0.6833999999999971,0.48589999999999833,0.19749999999999998,0.19749999999999998
hja2016_106,hja2016_001,planktonic / planktonic,within habitat,0.999,0.9097,0.6039999999999974,0.47479999999999845,0.1292,0.1292
hja2016_107,hja2016_001,hyporheic / planktonic,across habitats,0.9975,0.9218,0.6237499999999967,0.4504499999999985,0.17329999999999995,0.17529999999999993
hja2016_109,hja2016_001,planktonic / planktonic,within habitat,0.9972,0.9086,0.6959499999999966,0.5436499999999981,0.1523,0.1523
hja2016_110,hja2016_001,hyporheic / planktonic,across habitats,0.996,0.9157,0.6130499999999963,0.4413999999999986,0.17165000000000002,0.17165000000000002
hja2016_111,hja2016_001,planktonic / planktonic,within habitat,0.997,0.9256,0.6277499999999969,0.45159999999999867,0.17615000000000003,0.17860000000000004
hja2016_114,hja2016_001,planktonic / planktonic,within habitat,0.9964,0.9082,0.6219499999999965,0.44819999999999843,0.17375000000000004,0.17590000000000006
hja2016_116,hja2016_001,planktonic / planktonic,within habitat,0.9965,0.9258,0.6661999999999968,0.48279999999999856,0.1834000000000001,0.1834000000000001
hja2016_119,hja2016_001,planktonic / planktonic,within habitat,0.9947,0.9014,0.5327499999999978,0.38124999999999826,0.1515,0.1515
hja2016_121,hja2016_001,hyporheic / planktonic,across habitats,0.9989,0.9155,0.5759499999999979,0.45319999999999866,0.12275000000000001,0.12275000000000001
hja2016_122,hja2016_001,planktonic / sediment,across habitats,0.9634,0.8266,0.44994999999999863,0.30409999999999937,0.14585000000000006,0.14625000000000007
hja2016_125,hja2016_001,planktonic / sediment,across habitats,0.9657,0.8332,0.4830499999999984,0.3274499999999994,0.15560000000000004,0.15990000000000004
hja2016_164,hja2016_001,planktonic / sediment,across habitats,0.9675,0.8192,0.4409999999999986,0.2908999999999994,0.15009999999999996,0.15654999999999997
hja2016_166,hja2016_001,planktonic / sediment,across habitats,0.9333,0.7259,0.32629999999999904,0.26109999999999967,0.06520000000000001,0.06615
hja2016_167,hja2016_001,planktonic / sediment,across habitats,0.9607,0.7542,0.403999999999999,0.2967499999999992,0.10724999999999997,0.10924999999999997
hja2016_169,hja2016_001,planktonic / sediment,across habitats,0.9546,0.7465,0.3984999999999989,0.2796999999999998,0.11879999999999999,0.12084999999999999
hja2016_170,hja2016_001,planktonic / sediment,across habitats,0.939,0.7295,0.35839999999999883,0.28309999999999924,0.0753,0.0753
hja2016_177,hja2016_001,planktonic / sediment,across habitats,0.9628,0.7969,0.5124499999999986,0.4123499999999987,0.10010000000000002,0.10060000000000002
hja2016_179,hja2016_001,planktonic / sediment,across habitats,0.953,0.776,0.4192499999999986,0.3327499999999992,0.08649999999999998,0.09349999999999999
hja2016_180,hja2016_001,planktonic / sediment,across habitats,0.9343,0.7403,0.32289999999999935,0.2536499999999998,0.06924999999999999,0.06924999999999999
hja2016_181,hja2016_001,planktonic / sediment,across habitats,0.9401,0.7229,0.3558499999999988,0.27909999999999935,0.07675000000000001,0.08085000000000002
hja2016_193,hja2016_001,planktonic / soil,across habitats,0.9904,0.8842,0.5908999999999992,0.4436999999999993,0.1472,0.14845000000000003
hja2016_194,hja2016_001,planktonic / soil,across habitats,0.9704,0.83,0.5103499999999991,0.3966999999999992,0.11364999999999999,0.11364999999999999
hja2016_195,hja2016_001,planktonic / soil,across habitats,0.9879,0.8919,0.5915499999999991,0.42689999999999917,0.16465000000000005,0.16640000000000002
hja2016_196,hja2016_001,planktonic / soil,across habitats,0.9737,0.8081,0.47179999999999833,0.33714999999999884,0.13465000000000008,0.1375500000000001
hja2016_197,hja2016_001,planktonic / soil,across habitats,0.9932,0.8535,0.4951999999999991,0.3834499999999991,0.11174999999999999,0.11174999999999999
hja2016_198,hja2016_001,planktonic / soil,across habitats,0.9821,0.8425,0.5355499999999983,0.3558499999999986,0.17969999999999997,0.17969999999999997
hja2016_199,hja2016_001,planktonic / soil,across habitats,0.9822,0.8659,0.5619499999999985,0.4060499999999991,0.15589999999999998,0.15794999999999998
hja2016_200,hja2016_001,planktonic / soil,across habitats,0.9806,0.8651,0.5803499999999985,0.3974499999999989,0.18290000000000003,0.18545000000000003
hja2016_009,hja2016_008,hyporheic / hyporheic,within habitat,0.9119,0.5694,0.29485,0.28384999999999994,0.011,0.0206
hja2016_010,hja2016_008,hyporheic / planktonic,across habitats,0.9592,0.7642,0.4899499999999995,0.4611999999999994,0.02875,0.03865000000000001
hja2016_011,hja2016_008,hyporheic / planktonic,across habitats,0.9027,0.537,0.21270000000000008,0.20120000000000013,0.0115,0.014199999999999997
hja2016_013,hja2016_008,hyporheic / planktonic,across habitats,0.9096,0.5531,0.25244999999999984,0.2442999999999999,0.00815,0.017300000000000003
hja2016_014,hja2016_008,hyporheic / hyporheic,within habitat,0.9159,0.583,0.29100000000000004,0.27624999999999994,0.01475,0.01855
hja2016_015,hja2016_008,hyporheic / hyporheic,within habitat,0.9321,0.6559,0.36569999999999975,0.32174999999999987,0.04395000000000001,0.04780000000000001
hja2016_016,hja2016_008,hyporheic / hyporheic,within habitat,0.9653,0.7818,0.5923499999999992,0.561349999999999,0.030999999999999996,0.032299999999999995
hja2016_018,hja2016_008,hyporheic / hyporheic,within habitat,0.9464,0.6869,0.3746499999999997,0.3508999999999996,0.02375,0.03085
hja2016_019,hja2016_008,hyporheic / hyporheic,within habitat,0.8994,0.5406,0.2715999999999998,0.2592999999999999,0.0123,0.0183
hja2016_020,hja2016_008,hyporheic / hyporheic,within habitat,0.8974,0.5137,0.19785000000000003,0.18385000000000007,0.013999999999999999,0.01485
hja2016_021,hja2016_008,hyporheic / hyporheic,within habitat,0.9397,0.6901,0.38594999999999974,0.35839999999999966,0.027549999999999998,0.04265
hja2016_027,hja2016_008,hyporheic / planktonic,across habitats,0.9358,0.6814,0.3209999999999998,0.29279999999999995,0.0282,0.0394
hja2016_065,hja2016_008,hyporheic / hyporheic,within habitat,0.8935,0.5556,0.27749999999999997,0.26539999999999997,0.012099999999999998,0.01505
hja2016_066,hja2016_008,hyporheic / hyporheic,within habitat,0.8933,0.5177,0.22304999999999983,0.21334999999999987,0.009699999999999999,0.01715
hja2016_070,hja2016_008,hyporheic / hyporheic,within habitat,0.9535,0.67,0.3731999999999996,0.3443499999999997,0.028849999999999997,0.03880000000000001
hja2016_071,hja2016_008,hyporheic / hyporheic,within habitat,0.8879,0.5317,0.2069500000000001,0.1885500000000001,0.018399999999999996,0.021299999999999996
hja2016_075,hja2016_008,hyporheic / hyporheic,within habitat,0.9204,0.5973,0.28365000000000007,0.27555000000000013,0.0081,0.013
hja2016_078,hja2016_008,hyporheic / hyporheic,within habitat,0.8972,0.5726,0.25550000000000017,0.2405500000000001,0.01495,0.0204
hja2016_079,hja2016_008,hyporheic / hyporheic,within habitat,0.9325,0.6305,0.3119999999999997,0.2939999999999999,0.018,0.02035
hja2016_084,hja2016_008,hyporheic / hyporheic,within habitat,0.9244,0.6625,0.35635,0.3162999999999999,0.04005,0.04675000000000001
hja2016_127,hja2016_008,hyporheic / sediment,across habitats,0.8606,0.5291,0.18285,0.1588,0.024049999999999995,0.025849999999999995
hja2016_129,hja2016_008,hyporheic / sediment,across habitats,0.8702,0.5135,0.17894999999999983,0.15029999999999993,0.028650000000000002,0.03055
hja2016_131,hja2016_008,hyporheic / sediment,across habitats,0.8772,0.5207,0.17629999999999993,0.1432,0.033100000000000004,0.03395000000000001
hja2016_132,hja2016_008,hyporheic / sediment,across habitats,0.8842,0.5539,0.18230000000000002,0.14740000000000003,0.03490000000000001,0.03595000000000002
hja2016_133,hja2016_008,hyporheic / sediment,across habitats,0.91,0.582,0.2276499999999999,0.16989999999999997,0.05775000000000001,0.05815000000000001
hja2016_135,hja2016_008,hyporheic / sediment,across habitats,0.8835,0.5489,0.19515000000000018,0.16200000000000014,0.03315,0.0344
hja2016_136,hja2016_008,hyporheic / sediment,across habitats,0.8819,0.5692,0.1791499999999999,0.15729999999999994,0.021849999999999998,0.025449999999999997
hja2016_139,hja2016_008,hyporheic / sediment,across habitats,0.8496,0.5319,0.15549999999999997,0.1393,0.0162,0.02095
hja2016_140,hja2016_008,hyporheic / sediment,across habitats,0.8804,0.541,0.1791999999999999,0.15544999999999995,0.023749999999999993,0.024549999999999995
hja2016_141,hja2016_008,hyporheic / sediment,across habitats,0.8842,0.5635,0.19529999999999972,0.1732999999999997,0.022,0.022549999999999997
hja2016_142,hja2016_008,hyporheic / sediment,across habitats,0.8858,0.5206,0.1729499999999999,0.14154999999999987,0.031400000000000004,0.03185000000000001
hja2016_144,hja2016_008,hyporheic / sediment,across habitats,0.882,0.5372,0.1804,0.14689999999999995,0.033499999999999995,0.03464999999999999
hja2016_145,hja2016_008,hyporheic / sediment,across habitats,0.869,0.5149,0.17134999999999984,0.1398,0.03155000000000001,0.0338
hja2016_146,hja2016_008,hyporheic / sediment,across habitats,0.8791,0.5266,0.16424999999999998,0.14324999999999993,0.020999999999999998,0.026949999999999995
hja2016_147,hja2016_008,hyporheic / sediment,across habitats,0.9074,0.5783,0.22054999999999983,0.16820000000000002,0.052350000000000015,0.05350000000000001
hja2016_148,hja2016_008,hyporheic / sediment,across habitats,0.8501,0.5213,0.16290000000000013,0.13975000000000004,0.023149999999999997,0.026449999999999998
hja2016_150,hja2016_008,hyporheic / sediment,across habitats,0.862,0.5254,0.18179999999999996,0.1467999999999998,0.034999999999999996,0.03789999999999999
hja2016_151,hja2016_008,hyporheic / sediment,across habitats,0.9186,0.5792,0.2211000000000001,0.16210000000000002,0.05899999999999999,0.05899999999999999
hja2016_152,hja2016_008,hyporheic / sediment,across habitats,0.8896,0.5617,0.18925,0.16349999999999995,0.025750000000000002,0.027950000000000003
hja2016_155,hja2016_008,hyporheic / sediment,across habitats,0.8463,0.5194,0.15124999999999994,0.13129999999999992,0.01995,0.022449999999999998
hja2016_157,hja2016_008,hyporheic / sediment,across habitats,0.8494,0.5331,0.16995000000000032,0.14910000000000018,0.020849999999999994,0.023099999999999996
hja2016_159,hja2016_008,hyporheic / sediment,across habitats,0.8611,0.5239,0.17025000000000007,0.14694999999999997,0.0233,0.026
hja2016_160,hja2016_008,hyporheic / sediment,across habitats,0.9074,0.6203,0.1914999999999998,0.15799999999999995,0.033499999999999995,0.03534999999999999
hja2016_183,hja2016_008,hyporheic / soil,across habitats,0.9428,0.6605,0.2593999999999997,0.18994999999999973,0.06945000000000001,0.06945000000000001
hja2016_184,hja2016_008,hyporheic / soil,across habitats,0.9402,0.6888,0.31359999999999993,0.23369999999999996,0.0799,0.08355
hja2016_185,hja2016_008,hyporheic / soil,across habitats,0.9622,0.7572,0.4202999999999996,0.32054999999999945,0.09974999999999998,0.09974999999999998
hja2016_188,hja2016_008,hyporheic / soil,across habitats,0.9933,0.8937,0.6897499999999985,0.4601999999999992,0.22955000000000006,0.22955000000000006
hja2016_189,hja2016_008,hyporheic / soil,across habitats,0.9891,0.8445,0.5877499999999988,0.3862499999999994,0.20150000000000004,0.20150000000000004
hja2016_190,hja2016_008,hyporheic / soil,across habitats,0.9455,0.732,0.43029999999999946,0.2766499999999999,0.15365,0.15439999999999998
hja2016_191,hja2016_008,hyporheic / soil,across habitats,0.9882,0.842,0.5632999999999992,0.4853999999999996,0.0779,0.07885
hja2016_031,hja2016_008,hyporheic / hyporheic,within habitat,0.9617,0.7286,0.4322499999999998,0.4124499999999997,0.019799999999999998,0.027
hja2016_032,hja2016_008,hyporheic / hyporheic,within habitat,0.9399,0.6617,0.3810499999999996,0.3624499999999998,0.0186,0.022799999999999997
hja2016_035,hja2016_008,hyporheic / hyporheic,within habitat,0.9335,0.6764,0.4002499999999999,0.36,0.04025,0.043649999999999994
hja2016_037,hja2016_008,hyporheic / hyporheic,within habitat,0.9382,0.6522,0.37569999999999987,0.36864999999999987,0.007050000000000001,0.01025
hja2016_042,hja2016_008,hyporheic / planktonic,across habitats,0.9614,0.7598,0.47594999999999976,0.44724999999999976,0.028699999999999996,0.0393
hja2016_043,hja2016_008,hyporheic / hyporheic,within habitat,0.9213,0.629,0.30945000000000006,0.29365,0.0158,0.024
hja2016_049,hja2016_008,hyporheic / planktonic,across habitats,0.9617,0.8059,0.46109999999999945,0.4331499999999995,0.027949999999999996,0.031149999999999997
hja2016_050,hja2016_008,hyporheic / hyporheic,within habitat,0.9087,0.5807,0.2271500000000001,0.21285000000000012,0.0143,0.02045
hja2016_052,hja2016_008,hyporheic / hyporheic,within habitat,0.8982,0.5626,0.26025000000000004,0.24010000000000004,0.020149999999999998,0.029599999999999994
hja2016_056,hja2016_008,hyporheic / hyporheic,within habitat,0.9161,0.6515,0.19955000000000006,0.18855000000000005,0.011,0.015050000000000001
hja2016_057,hja2016_008,hyporheic / hyporheic,within habitat,0.9384,0.7111,0.37994999999999973,0.3526999999999998,0.02725,0.03145
hja2016_059,hja2016_008,hyporheic / planktonic,across habitats,0.9143,0.632,0.28414999999999985,0.2721999999999999,0.011949999999999999,0.0189
hja2016_062,hja2016_008,hyporheic / hyporheic,within habitat,0.9127,0.5812,0.18090000000000003,0.17235000000000006,0.00855,0.01065
hja2016_064,hja2016_008,hyporheic / planktonic,across habitats,0.928,0.6176,0.3293999999999997,0.3094499999999998,0.019949999999999996,0.022849999999999995
hja2016_099,hja2016_008,hyporheic / planktonic,across habitats,0.9897,0.8066,0.46259999999999857,0.32649999999999924,0.1361,0.1361
hja2016_100,hja2016_008,hyporheic / planktonic,across habitats,0.9909,0.8425,0.5402999999999984,0.4248499999999989,0.11545000000000002,0.11545000000000002
hja2016_101,hja2016_008,hyporheic / planktonic,across habitats,0.9899,0.7839,0.4390999999999986,0.3312999999999991,0.10780000000000001,0.10780000000000001
hja2016_102,hja2016_008,hyporheic / hyporheic,within habitat,0.9897,0.8181,0.46964999999999885,0.3436999999999992,0.12595,0.12775
hja2016_103,hja2016_008,hyporheic / planktonic,across habitats,0.9683,0.7047,0.36304999999999876,0.29179999999999934,0.07125000000000002,0.07125000000000002
hja2016_105,hja2016_008,hyporheic / planktonic,across habitats,0.9869,0.8159,0.47629999999999834,0.35044999999999893,0.12585,0.12610000000000002
hja2016_106,hja2016_008,hyporheic / planktonic,across habitats,0.9944,0.8108,0.5175499999999988,0.39574999999999894,0.12180000000000002,0.12180000000000002
hja2016_107,hja2016_008,hyporheic / hyporheic,within habitat,0.9871,0.7903,0.42099999999999915,0.2952999999999997,0.12570000000000006,0.12885000000000002
hja2016_109,hja2016_008,hyporheic / planktonic,across habitats,0.9868,0.7739,0.47384999999999844,0.38374999999999915,0.0901,0.0901
hja2016_110,hja2016_008,hyporheic / hyporheic,within habitat,0.9876,0.7728,0.46834999999999893,0.3619499999999994,0.1064,0.1064
hja2016_111,hja2016_008,hyporheic / planktonic,across habitats,0.9838,0.7971,0.46119999999999867,0.3337999999999992,0.12740000000000004,0.12825000000000003
hja2016_114,hja2016_008,hyporheic / planktonic,across habitats,0.9869,0.7802,0.4281999999999991,0.2994999999999994,0.1287,0.1295
hja2016_116,hja2016_008,hyporheic / planktonic,across habitats,0.985,0.7941,0.450599999999999,0.3264999999999991,0.1241,0.12425
hja2016_119,hja2016_008,hyporheic / planktonic,across habitats,0.971,0.6962,0.34169999999999884,0.24634999999999968,0.09535000000000002,0.09535000000000002
hja2016_121,hja2016_008,hyporheic / hyporheic,within habitat,0.9961,0.819,0.5390999999999994,0.41989999999999916,0.1192,0.1192
hja2016_122,hja2016_008,hyporheic / sediment,across habitats,0.8621,0.5228,0.17229999999999984,0.14824999999999994,0.02405,0.024549999999999995
hja2016_125,hja2016_008,hyporheic / sediment,across habitats,0.8584,0.5322,0.16729999999999995,0.14564999999999997,0.02165,0.023149999999999997
hja2016_164,hja2016_008,hyporheic / sediment,across habitats,0.8986,0.5937,0.19864999999999994,0.17234999999999998,0.026299999999999994,0.026949999999999995
hja2016_166,hja2016_008,hyporheic / sediment,across habitats,0.9065,0.6253,0.20479999999999995,0.17605000000000012,0.02875,0.02875
hja2016_167,hja2016_008,hyporheic / sediment,across habitats,0.9109,0.58,0.23940000000000008,0.1823500000000001,0.057050000000000003,0.057050000000000003
hja2016_169,hja2016_008,hyporheic / sediment,across habitats,0.9046,0.5669,0.23019999999999988,0.1808499999999999,0.04935,0.0499
hja2016_170,hja2016_008,hyporheic / sediment,across habitats,0.8629,0.54,0.15695000000000003,0.13629999999999998,0.020649999999999998,0.021650000000000003
hja2016_177,hja2016_008,hyporheic / sediment,across habitats,0.881,0.5366,0.1817999999999998,0.1521999999999998,0.029599999999999994,0.032549999999999996
hja2016_179,hja2016_008,hyporheic / sediment,across habitats,0.8744,0.5273,0.18715,0.16715000000000005,0.020000000000000004,0.020800000000000006
hja2016_180,hja2016_008,hyporheic / sediment,across habitats,0.9044,0.6287,0.1977,0.16759999999999992,0.030099999999999995,0.031049999999999994
hja2016_181,hja2016_008,hyporheic / sediment,across habitats,0.8668,0.5394,0.16854999999999995,0.14725000000000008,0.0213,0.022
hja2016_193,hja2016_008,hyporheic / soil,across habitats,0.9806,0.8096,0.5289499999999991,0.3255499999999996,0.20340000000000003,0.20340000000000003
hja2016_194,hja2016_008,hyporheic / soil,across habitats,0.8869,0.5621,0.19459999999999997,0.16705000000000003,0.027549999999999995,0.028849999999999997
hja2016_195,hja2016_008,hyporheic / soil,across habitats,0.9581,0.7314,0.3402499999999996,0.21409999999999976,0.12614999999999998,0.1266
hja2016_196,hja2016_008,hyporheic / soil,across habitats,0.9171,0.6042,0.23940000000000008,0.16204999999999992,0.07734999999999999,0.0799
hja2016_197,hja2016_008,hyporheic / soil,across habitats,0.9842,0.7787,0.46894999999999887,0.40584999999999904,0.06309999999999999,0.06425
hja2016_198,hja2016_008,hyporheic / soil,across habitats,0.9306,0.6378,0.23169999999999985,0.17479999999999982,0.0569,0.058499999999999996
hja2016_199,hja2016_008,hyporheic / soil,across habitats,0.9512,0.6922,0.3342999999999994,0.2173000000000001,0.11699999999999999,0.11699999999999999
hja2016_200,hja2016_008,hyporheic / soil,across habitats,0.9275,0.6444,0.24329999999999968,0.18144999999999975,0.06185000000000001,0.06185000000000001
hja2016_010,hja2016_009,hyporheic / planktonic,across habitats,0.9578,0.7603,0.4863999999999993,0.4495499999999993,0.03685,0.040100000000000004
hja2016_011,hja2016_009,hyporheic / planktonic,across habitats,0.9442,0.6542,0.2786499999999999,0.2595499999999999,0.019099999999999995,0.021099999999999997
hja2016_013,hja2016_009,hyporheic / planktonic,across habitats,0.8962,0.5313,0.2556500000000002,0.2362500000000003,0.019400000000000004,0.029799999999999997
hja2016_014,hja2016_009,hyporheic / hyporheic,within habitat,0.8868,0.5333,0.23595000000000008,0.22640000000000007,0.009550000000000001,0.01565
hja2016_015,hja2016_009,hyporheic / hyporheic,within habitat,0.9545,0.7049,0.45479999999999926,0.42634999999999934,0.028450000000000003,0.035750000000000004
hja2016_016,hja2016_009,hyporheic / hyporheic,within habitat,0.9617,0.78,0.4271999999999996,0.39459999999999956,0.0326,0.03434999999999999
hja2016_018,hja2016_009,hyporheic / hyporheic,within habitat,0.9292,0.6535,0.3458999999999994,0.3092999999999997,0.0366,0.04239999999999999
hja2016_019,hja2016_009,hyporheic / hyporheic,within habitat,0.9009,0.5562,0.23625000000000007,0.23050000000000007,0.00575,0.011049999999999999
hja2016_020,hja2016_009,hyporheic / hyporheic,within habitat,0.9235,0.5585,0.2187,0.1997500000000001,0.01895,0.02055
hja2016_021,hja2016_009,hyporheic / hyporheic,within habitat,0.9602,0.7697,0.5331999999999991,0.5000999999999992,0.033100000000000004,0.033900000000000007
hja2016_027,hja2016_009,hyporheic / planktonic,across habitats,0.9644,0.7355,0.45319999999999944,0.40319999999999934,0.05,0.05134999999999999
hja2016_065,hja2016_009,hyporheic / hyporheic,within habitat,0.9111,0.5511,0.28704999999999986,0.2807999999999998,0.00625,0.00795
hja2016_066,hja2016_009,hyporheic / hyporheic,within habitat,0.8832,0.4533,0.17054999999999992,0.16199999999999992,0.008549999999999999,0.01625
hja2016_070,hja2016_009,hyporheic / hyporheic,within habitat,0.9566,0.6547,0.34124999999999983,0.3203499999999998,0.020900000000000002,0.02435
hja2016_071,hja2016_009,hyporheic / hyporheic,within habitat,0.902,0.5667,0.23135000000000014,0.21660000000000013,0.01475,0.0231
hja2016_075,hja2016_009,hyporheic / hyporheic,within habitat,0.9228,0.6554,0.35444999999999993,0.34324999999999983,0.0112,0.01455
hja2016_078,hja2016_009,hyporheic / hyporheic,within habitat,0.9091,0.6026,0.27444999999999997,0.2524500000000001,0.022,0.02875
hja2016_079,hja2016_009,hyporheic / hyporheic,within habitat,0.9168,0.6343,0.29834999999999967,0.26064999999999994,0.0377,0.0447
hja2016_084,hja2016_009,hyporheic / hyporheic,within habitat,0.8619,0.5171,0.22750000000000012,0.2098500000000001,0.017650000000000002,0.0239
hja2016_127,hja2016_009,hyporheic / sediment,across habitats,0.8931,0.6383,0.30674999999999975,0.2781499999999997,0.028599999999999997,0.029699999999999997
hja2016_129,hja2016_009,hyporheic / sediment,across habitats,0.8896,0.6135,0.27779999999999977,0.23694999999999988,0.040850000000000004,0.04235
hja2016_131,hja2016_009,hyporheic / sediment,across habitats,0.8949,0.6119,0.2557999999999998,0.20379999999999981,0.05200000000000001,0.055900000000000005
hja2016_132,hja2016_009,hyporheic / sediment,across habitats,0.923,0.6773,0.29739999999999933,0.2461499999999998,0.05125000000000001,0.055650000000000005
hja2016_133,hja2016_009,hyporheic / sediment,across habitats,0.9301,0.6705,0.27224999999999977,0.21439999999999992,0.057850000000000006,0.061450000000000005
hja2016_135,hja2016_009,hyporheic / sediment,across habitats,0.9181,0.6689,0.29384999999999967,0.2549499999999999,0.038900000000000004,0.04065
hja2016_136,hja2016_009,hyporheic / sediment,across habitats,0.9043,0.6462,0.2774499999999996,0.24154999999999988,0.0359,0.03715
hja2016_139,hja2016_009,hyporheic / sediment,across habitats,0.9005,0.6354,0.26515,0.22974999999999995,0.035399999999999994,0.04054999999999999
hja2016_140,hja2016_009,hyporheic / sediment,across habitats,0.8998,0.628,0.28144999999999987,0.2434,0.038049999999999994,0.038049999999999994
hja2016_141,hja2016_009,hyporheic / sediment,across habitats,0.9048,0.6486,0.29854999999999976,0.25824999999999965,0.0403,0.0419
hja2016_142,hja2016_009,hyporheic / sediment,across habitats,0.8789,0.5978,0.22995,0.19959999999999997,0.030350000000000002,0.03135000000000001
hja2016_144,hja2016_009,hyporheic / sediment,across habitats,0.8652,0.5556,0.22305,0.1975,0.025550000000000003,0.026199999999999998
hja2016_145,hja2016_009,hyporheic / sediment,across habitats,0.8881,0.6148,0.2632499999999997,0.2117999999999998,0.05145,0.052550000000000006
hja2016_146,hja2016_009,hyporheic / sediment,across habitats,0.906,0.6444,0.2801999999999996,0.24119999999999991,0.038999999999999986,0.04294999999999999
hja2016_147,hja2016_009,hyporheic / sediment,across habitats,0.92490000000000006,0.6705,0.28849999999999965,0.23324999999999985,0.05525000000000002,0.055850000000000025
hja2016_148,hja2016_009,hyporheic / sediment,across habitats,0.901,0.628,0.2718999999999997,0.22229999999999991,0.049600000000000005,0.0526
hja2016_150,hja2016_009,hyporheic / sediment,across habitats,0.8901,0.6383,0.29329999999999956,0.24894999999999992,0.04434999999999999,0.047449999999999985
hja2016_151,hja2016_009,hyporheic / sediment,across habitats,0.9349,0.6681,0.2894499999999999,0.2180499999999999,0.07139999999999998,0.07279999999999998
hja2016_152,hja2016_009,hyporheic / sediment,across habitats,0.9062,0.6686,0.2878499999999998,0.22239999999999993,0.06545,0.07195000000000001
hja2016_155,hja2016_009,hyporheic / sediment,across habitats,0.9034,0.6272,0.26229999999999976,0.2238999999999999,0.03839999999999999,0.04215
hja2016_157,hja2016_009,hyporheic / sediment,across habitats,0.925,0.665,0.2982999999999997,0.26035,0.03795,0.041449999999999994
hja2016_159,hja2016_009,hyporheic / sediment,across habitats,0.877,0.603,0.26299999999999985,0.22505,0.037950000000000005,0.03949999999999999
hja2016_160,hja2016_009,hyporheic / sediment,across habitats,0.9527,0.733,0.3516499999999991,0.2826499999999996,0.06900000000000002,0.07295000000000001
hja2016_183,hja2016_009,hyporheic / soil,across habitats,0.952,0.7138,0.30699999999999983,0.2366999999999998,0.07029999999999999,0.07094999999999999
hja2016_184,hja2016_009,hyporheic / soil,across habitats,0.9477,0.7087,0.31789999999999946,0.2735999999999997,0.04430000000000001,0.04600000000000001
hja2016_185,hja2016_009,hyporheic / soil,across habitats,0.9505,0.7715,0.4344499999999995,0.3756999999999995,0.058750000000000004,0.058750000000000004
hja2016_188,hja2016_009,hyporheic / soil,across habitats,0.9889,0.8886,0.5784999999999986,0.4536999999999989,0.12480000000000002,0.12685
hja2016_189,hja2016_009,hyporheic / soil,across habitats,0.9883,0.8628,0.5257499999999988,0.3425999999999997,0.18314999999999998,0.18359999999999999
hja2016_190,hja2016_009,hyporheic / soil,across habitats,0.9527,0.7597,0.3967499999999996,0.3136,0.08315,0.08495
hja2016_191,hja2016_009,hyporheic / soil,across habitats,0.981,0.8716,0.5861499999999988,0.500799999999999,0.08534999999999998,0.08534999999999998
hja2016_031,hja2016_009,hyporheic / hyporheic,within habitat,0.9405,0.6745,0.3506999999999997,0.32674999999999965,0.023950000000000003,0.03015
hja2016_032,hja2016_009,hyporheic / hyporheic,within habitat,0.9239,0.6607,0.3690999999999997,0.34839999999999977,0.020700000000000003,0.03910000000000001
hja2016_035,hja2016_009,hyporheic / hyporheic,within habitat,0.9121,0.5963,0.27100000000000013,0.24980000000000005,0.021200000000000004,0.023150000000000004
hja2016_037,hja2016_009,hyporheic / hyporheic,within habitat,0.9054,0.5987,0.31314999999999976,0.29589999999999994,0.017249999999999998,0.022949999999999998
hja2016_042,hja2016_009,hyporheic / planktonic,across habitats,0.9516,0.7451,0.4447999999999994,0.40874999999999945,0.03605,0.050300000000000004
hja2016_043,hja2016_009,hyporheic / hyporheic,within habitat,0.9234,0.6792,0.3584999999999997,0.3327999999999999,0.0257,0.03225
hja2016_049,hja2016_009,hyporheic / planktonic,across habitats,0.9635,0.8483,0.5515999999999992,0.5160499999999993,0.035550000000000005,0.037750000000000006
hja2016_050,hja2016_009,hyporheic / hyporheic,within habitat,0.9447,0.6587,0.29395,0.27355,0.020399999999999998,0.026050000000000004
hja2016_052,hja2016_009,hyporheic / hyporheic,within habitat,0.888,0.5268,0.21330000000000007,0.1989500000000001,0.014349999999999998,0.023699999999999995
hja2016_056,hja2016_009,hyporheic / hyporheic,within habitat,0.9089,0.627,0.16505,0.15940000000000001,0.00565,0.011950000000000002
hja2016_057,hja2016_009,hyporheic / hyporheic,within habitat,0.9489,0.6974,0.3457499999999997,0.31514999999999976,0.030600000000000002,0.032
hja2016_059,hja2016_009,hyporheic / planktonic,across habitats,0.9089,0.6657,0.33094999999999974,0.3191499999999997,0.011799999999999998,0.016649999999999998
hja2016_062,hja2016_009,hyporheic / hyporheic,within habitat,0.9255,0.6051,0.16815,0.15525000000000003,0.0129,0.015999999999999997
hja2016_064,hja2016_009,hyporheic / planktonic,across habitats,0.9416,0.7211,0.43524999999999947,0.3972999999999994,0.03795000000000001,0.045250000000000005
hja2016_099,hja2016_009,hyporheic / planktonic,across habitats,0.9896,0.8187,0.4956499999999985,0.35999999999999904,0.13564999999999997,0.13564999999999997
hja2016_100,hja2016_009,hyporheic / planktonic,across habitats,0.9922,0.8573,0.5812999999999983,0.4646999999999988,0.11660000000000004,0.11705000000000004
hja2016_101,hja2016_009,hyporheic / planktonic,across habitats,0.9926,0.8139,0.48814999999999814,0.3695499999999987,0.11860000000000005,0.11860000000000005
hja2016_102,hja2016_009,hyporheic / hyporheic,within habitat,0.9902,0.8354,0.5103499999999985,0.37939999999999896,0.13095,0.13175
hja2016_103,hja2016_009,hyporheic / planktonic,across habitats,0.9766,0.7652,0.38279999999999864,0.3168499999999989,0.06595,0.06685
hja2016_105,hja2016_009,hyporheic / planktonic,across habitats,0.9883,0.8321,0.49624999999999886,0.3758499999999993,0.1204,0.12165
hja2016_106,hja2016_009,hyporheic / planktonic,across habitats,0.9969,0.8441,0.5802499999999984,0.4696999999999989,0.11055,0.11055
hja2016_107,hja2016_009,hyporheic / hyporheic,within habitat,0.9901,0.807,0.46024999999999916,0.3269499999999994,0.1333,0.13375
hja2016_109,hja2016_009,hyporheic / planktonic,across habitats,0.9876,0.7976,0.5145499999999985,0.40954999999999886,0.105,0.105
hja2016_110,hja2016_009,hyporheic / hyporheic,within habitat,0.9908,0.8008,0.5219999999999989,0.40634999999999927,0.11565,0.11565
hja2016_111,hja2016_009,hyporheic / planktonic,across habitats,0.9865,0.8184,0.47364999999999874,0.353449999999999,0.1202,0.1202
hja2016_114,hja2016_009,hyporheic / planktonic,across habitats,0.9908,0.8155,0.47929999999999856,0.35204999999999925,0.12725,0.12725
hja2016_116,hja2016_009,hyporheic / planktonic,across habitats,0.9875,0.8225,0.4871999999999987,0.3467499999999988,0.14045000000000002,0.14045000000000002
hja2016_119,hja2016_009,hyporheic / planktonic,across habitats,0.9788,0.7513,0.35139999999999877,0.25849999999999956,0.09290000000000005,0.09290000000000005
hja2016_121,hja2016_009,hyporheic / hyporheic,within habitat,0.996,0.8496,0.5849499999999982,0.4788499999999985,0.1061,0.1061
hja2016_122,hja2016_009,hyporheic / sediment,across habitats,0.8809,0.5972,0.2533999999999998,0.22014999999999985,0.03325,0.0343
hja2016_125,hja2016_009,hyporheic / sediment,across habitats,0.8763,0.6017,0.26714999999999983,0.23289999999999986,0.03425,0.03939999999999999
hja2016_164,hja2016_009,hyporheic / sediment,across habitats,0.9074,0.6602,0.2887999999999996,0.22929999999999987,0.05950000000000001,0.06095000000000001
hja2016_166,hja2016_009,hyporheic / sediment,across habitats,0.955,0.7321,0.3603499999999994,0.29974999999999963,0.06059999999999999,0.06059999999999999
hja2016_167,hja2016_009,hyporheic / sediment,across habitats,0.93,0.6657,0.3000999999999997,0.24769999999999998,0.0524,0.0527
hja2016_169,hja2016_009,hyporheic / sediment,across habitats,0.9284,0.6663,0.3023999999999999,0.2530999999999998,0.0493,0.05009999999999999
hja2016_170,hja2016_009,hyporheic / sediment,across habitats,0.9303,0.6786,0.2731999999999996,0.23244999999999985,0.040750000000000015,0.04545000000000001
hja2016_177,hja2016_009,hyporheic / sediment,across habitats,0.9174,0.6696,0.27319999999999933,0.23739999999999967,0.0358,0.0406
hja2016_179,hja2016_009,hyporheic / sediment,across habitats,0.896,0.6332,0.27404999999999974,0.24719999999999986,0.026849999999999995,0.028099999999999993
hja2016_180,hja2016_009,hyporheic / sediment,across habitats,0.951,0.7379,0.3527999999999995,0.2824999999999997,0.07029999999999997,0.07049999999999998
hja2016_181,hja2016_009,hyporheic / sediment,across habitats,0.9305,0.6725,0.27879999999999966,0.2356999999999998,0.04309999999999999,0.04554999999999999
hja2016_193,hja2016_009,hyporheic / soil,across habitats,0.9789,0.8414,0.49334999999999885,0.36244999999999955,0.13090000000000002,0.1317
hja2016_194,hja2016_009,hyporheic / soil,across habitats,0.9072,0.6374,0.2682999999999996,0.24509999999999985,0.0232,0.027649999999999997
hja2016_195,hja2016_009,hyporheic / soil,across habitats,0.9702,0.7628,0.3489499999999992,0.2428499999999998,0.10609999999999999,0.10669999999999998
hja2016_196,hja2016_009,hyporheic / soil,across habitats,0.94,0.6766,0.28299999999999986,0.215,0.068,0.0714
hja2016_197,hja2016_009,hyporheic / soil,across habitats,0.9774,0.8113,0.4780999999999986,0.405499999999999,0.0726,0.0739
hja2016_198,hja2016_009,hyporheic / soil,across habitats,0.9384,0.6797,0.2955499999999995,0.2314499999999998,0.0641,0.0678
hja2016_199,hja2016_009,hyporheic / soil,across habitats,0.9573,0.7376,0.35149999999999926,0.26354999999999984,0.08795000000000001,0.08795000000000001
hja2016_200,hja2016_009,hyporheic / soil,across habitats,0.927,0.6991,0.3274499999999992,0.2487999999999998,0.07865000000000003,0.08085000000000003
hja2016_011,hja2016_010,planktonic / planktonic,within habitat,0.9561,0.7023,0.36064999999999936,0.33319999999999955,0.027450000000000002,0.0332
hja2016_013,hja2016_010,planktonic / planktonic,within habitat,0.957,0.7251,0.4198499999999993,0.39094999999999924,0.028900000000000002,0.0397
hja2016_014,hja2016_010,hyporheic / planktonic,across habitats,0.9717,0.7507,0.4632999999999998,0.44924999999999987,0.01405,0.0161
hja2016_015,hja2016_010,hyporheic / planktonic,across habitats,0.9263,0.6883,0.43079999999999957,0.4223499999999996,0.008450000000000001,0.028999999999999998
hja2016_016,hja2016_010,hyporheic / planktonic,across habitats,0.9564,0.7633,0.37829999999999997,0.3516999999999999,0.0266,0.045949999999999984
hja2016_018,hja2016_010,hyporheic / planktonic,across habitats,0.9827,0.8368,0.46314999999999956,0.39139999999999975,0.07175000000000001,0.09250000000000003
hja2016_019,hja2016_010,hyporheic / planktonic,across habitats,0.9548,0.7461,0.4730999999999997,0.4465499999999996,0.02655,0.03515
hja2016_020,hja2016_010,hyporheic / planktonic,across habitats,0.9563,0.6674,0.33614999999999917,0.31714999999999927,0.019,0.02315
hja2016_021,hja2016_010,hyporheic / planktonic,across habitats,0.9228,0.6953,0.4620499999999997,0.4384499999999997,0.0236,0.042050000000000004
hja2016_027,hja2016_010,planktonic / planktonic,within habitat,0.9314,0.6837,0.35304999999999964,0.3261499999999997,0.0269,0.027549999999999998
hja2016_065,hja2016_010,hyporheic / planktonic,across habitats,0.9609,0.7727,0.46589999999999965,0.44224999999999987,0.023649999999999997,0.023649999999999997
hja2016_066,hja2016_010,hyporheic / planktonic,across habitats,0.961,0.7474,0.4222999999999993,0.3752999999999995,0.046999999999999986,0.046999999999999986
hja2016_070,hja2016_010,hyporheic / planktonic,across habitats,0.9569,0.6782,0.3942999999999993,0.3660499999999993,0.02825,0.044800000000000006
hja2016_071,hja2016_010,hyporheic / planktonic,across habitats,0.881,0.6373,0.2954499999999995,0.2760999999999998,0.01935,0.036149999999999995
hja2016_075,hja2016_010,hyporheic / planktonic,across habitats,0.9418,0.6801,0.3887999999999999,0.3663499999999999,0.022449999999999998,0.033100000000000004
hja2016_078,hja2016_010,hyporheic / planktonic,across habitats,0.9358,0.7125,0.4302499999999997,0.4035999999999998,0.026650000000000004,0.04895
hja2016_079,hja2016_010,hyporheic / planktonic,across habitats,0.958,0.7031,0.37879999999999947,0.3530999999999993,0.025699999999999997,0.034300000000000004
hja2016_084,hja2016_010,hyporheic / planktonic,across habitats,0.9654,0.811,0.5549499999999999,0.48244999999999955,0.0725,0.07454999999999999
hja2016_127,hja2016_010,planktonic / sediment,across habitats,0.9484,0.777,0.4649499999999991,0.37169999999999925,0.09324999999999999,0.09614999999999997
hja2016_129,hja2016_010,planktonic / sediment,across habitats,0.9694,0.7921,0.45409999999999884,0.3377499999999991,0.11635000000000006,0.11790000000000006
hja2016_131,hja2016_010,planktonic / sediment,across habitats,0.9701,0.7922,0.4515999999999994,0.31044999999999956,0.14115000000000003,0.14115000000000003
hja2016_132,hja2016_010,planktonic / sediment,across habitats,0.9748,0.808,0.5338499999999983,0.37189999999999884,0.16195,0.16290000000000004
hja2016_133,hja2016_010,planktonic / sediment,across habitats,0.96,0.7565,0.4162499999999989,0.2963999999999993,0.11984999999999998,0.12465000000000001
hja2016_135,hja2016_010,planktonic / sediment,across habitats,0.9738,0.8019,0.5253499999999984,0.3782499999999992,0.14710000000000004,0.15340000000000004
hja2016_136,hja2016_010,planktonic / sediment,across habitats,0.9753,0.8277,0.47329999999999844,0.38474999999999876,0.08855000000000002,0.09340000000000001
hja2016_139,hja2016_010,planktonic / sediment,across habitats,0.9668,0.7965,0.4565999999999981,0.34384999999999877,0.11275,0.11645
hja2016_140,hja2016_010,planktonic / sediment,across habitats,0.9684,0.8022,0.46764999999999884,0.3634999999999992,0.10415000000000008,0.10415000000000008
hja2016_141,hja2016_010,planktonic / sediment,across habitats,0.974,0.8183,0.5002999999999984,0.37274999999999897,0.12755000000000002,0.12870000000000004
hja2016_142,hja2016_010,planktonic / sediment,across habitats,0.9804,0.816,0.4690999999999987,0.351099999999999,0.11800000000000002,0.11930000000000003
hja2016_144,hja2016_010,planktonic / sediment,across habitats,0.9815,0.8286,0.47214999999999846,0.370149999999999,0.10200000000000001,0.10640000000000002
hja2016_145,hja2016_010,planktonic / sediment,across habitats,0.969,0.8011,0.4690999999999989,0.341999999999999,0.1271,0.12999999999999998
hja2016_146,hja2016_010,planktonic / sediment,across habitats,0.9623,0.8003,0.4653999999999992,0.37174999999999936,0.09365000000000002,0.09485000000000002
hja2016_147,hja2016_010,planktonic / sediment,across habitats,0.9662,0.7672,0.4265499999999989,0.30574999999999924,0.12079999999999999,0.12079999999999999
hja2016_148,hja2016_010,planktonic / sediment,across habitats,0.9688,0.8012,0.4974499999999986,0.3376499999999989,0.1598,0.16275
hja2016_150,hja2016_010,planktonic / sediment,across habitats,0.9682,0.8221,0.4866499999999983,0.3531999999999987,0.13345000000000007,0.13345000000000007
hja2016_151,hja2016_010,planktonic / sediment,across habitats,0.9666,0.768,0.395849999999999,0.2877999999999996,0.10805000000000001,0.10805000000000001
hja2016_152,hja2016_010,planktonic / sediment,across habitats,0.9693,0.8041,0.4478499999999994,0.31604999999999955,0.13179999999999994,0.13995000000000005
hja2016_155,hja2016_010,planktonic / sediment,across habitats,0.9645,0.7858,0.46824999999999845,0.3480499999999987,0.1202,0.1202
hja2016_157,hja2016_010,planktonic / sediment,across habitats,0.9539,0.783,0.45534999999999903,0.34734999999999916,0.10800000000000003,0.11005000000000005
hja2016_159,hja2016_010,planktonic / sediment,across habitats,0.9683,0.808,0.4678499999999986,0.3464499999999988,0.12140000000000005,0.13695000000000002
hja2016_160,hja2016_010,planktonic / sediment,across habitats,0.9476,0.762,0.39544999999999836,0.31664999999999893,0.07879999999999998,0.08319999999999998
hja2016_183,hja2016_010,planktonic / soil,across habitats,0.9887,0.8382,0.536249999999999,0.35479999999999917,0.18145000000000006,0.18550000000000005
hja2016_184,hja2016_010,planktonic / soil,across habitats,0.9871,0.8455,0.5407999999999985,0.40774999999999906,0.13305,0.1375
hja2016_185,hja2016_010,planktonic / soil,across habitats,0.9938,0.8979,0.663449999999999,0.499499999999999,0.16395,0.1645
hja2016_188,hja2016_010,planktonic / soil,across habitats,0.9961,0.9232,0.6938999999999985,0.5120499999999993,0.18185000000000004,0.18515000000000004
hja2016_189,hja2016_010,planktonic / soil,across habitats,0.9956,0.9115,0.6591999999999989,0.41819999999999924,0.2410000000000001,0.24275000000000013
hja2016_190,hja2016_010,planktonic / soil,across habitats,0.9802,0.8634,0.627699999999998,0.437899999999999,0.1898,0.19385
hja2016_191,hja2016_010,planktonic / soil,across habitats,0.997,0.9058,0.7581999999999993,0.6070499999999998,0.15115,0.15245
hja2016_031,hja2016_010,hyporheic / planktonic,across habitats,0.9177,0.7318,0.5688999999999999,0.5462500000000001,0.02265,0.048549999999999996
hja2016_032,hja2016_010,hyporheic / planktonic,across habitats,0.9429,0.6887,0.4885499999999997,0.4691499999999998,0.0194,0.022750000000000003
hja2016_035,hja2016_010,hyporheic / planktonic,across habitats,0.9541,0.7813,0.5355500000000002,0.4980000000000005,0.03755,0.04465
hja2016_037,hja2016_010,hyporheic / planktonic,across habitats,0.9508,0.793,0.5873500000000003,0.5619500000000001,0.0254,0.0317
hja2016_042,hja2016_010,planktonic / planktonic,within habitat,0.9091,0.6707,0.45524999999999977,0.4417499999999998,0.0135,0.04460000000000001
hja2016_043,hja2016_010,hyporheic / planktonic,across habitats,0.9333,0.6697,0.4767999999999998,0.46429999999999977,0.0125,0.02655
hja2016_049,hja2016_010,planktonic / planktonic,within habitat,0.9161,0.6676,0.4673999999999998,0.45339999999999975,0.014,0.028749999999999998
hja2016_050,hja2016_010,hyporheic / planktonic,across habitats,0.953,0.7451,0.43359999999999954,0.39649999999999963,0.0371,0.0426
hja2016_052,hja2016_010,hyporheic / planktonic,across habitats,0.9742,0.7713,0.42894999999999917,0.40224999999999916,0.0267,0.03175
hja2016_056,hja2016_010,hyporheic / planktonic,across habitats,0.9776,0.8251,0.5420999999999984,0.5159999999999983,0.0261,0.0261
hja2016_057,hja2016_010,hyporheic / planktonic,across habitats,0.953,0.7307,0.43624999999999975,0.42009999999999975,0.01615,0.0379
hja2016_059,hja2016_010,planktonic / planktonic,within habitat,0.9194,0.6825,0.4038499999999994,0.39429999999999943,0.00955,0.01775
hja2016_062,hja2016_010,hyporheic / planktonic,across habitats,0.9636,0.7506,0.3970499999999992,0.37074999999999925,0.0263,0.0274
hja2016_064,hja2016_010,planktonic / planktonic,within habitat,0.9198,0.6538,0.3922999999999994,0.3661499999999995,0.02615,0.04835
hja2016_099,hja2016_010,planktonic / planktonic,within habitat,0.9975,0.9091,0.5726999999999974,0.4024999999999985,0.17020000000000002,0.17200000000000004
hja2016_100,hja2016_010,planktonic / planktonic,within habitat,0.9972,0.9136,0.5405499999999983,0.4322999999999987,0.10825000000000001,0.11155000000000001
hja2016_101,hja2016_010,planktonic / planktonic,within habitat,0.9956,0.8906,0.5547999999999975,0.3927999999999984,0.16199999999999998,0.16374999999999998
hja2016_102,hja2016_010,hyporheic / planktonic,across habitats,0.9977,0.9131,0.6560499999999967,0.4368999999999984,0.21914999999999998,0.2211
hja2016_103,hja2016_010,planktonic / planktonic,within habitat,0.9927,0.884,0.5302499999999974,0.39839999999999814,0.13185,0.13904999999999998
hja2016_105,hja2016_010,planktonic / planktonic,within habitat,0.9967,0.9125,0.6391499999999971,0.41434999999999844,0.22480000000000003,0.22660000000000002
hja2016_106,hja2016_010,planktonic / planktonic,within habitat,0.9981,0.8902,0.5377999999999985,0.4336999999999988,0.1041,0.1049
hja2016_107,hja2016_010,hyporheic / planktonic,across habitats,0.9971,0.9001,0.5711499999999973,0.39769999999999867,0.17344999999999997,0.17344999999999997
hja2016_109,hja2016_010,planktonic / planktonic,within habitat,0.9946,0.896,0.6434499999999974,0.4695999999999986,0.17385000000000003,0.17585000000000003
hja2016_110,hja2016_010,hyporheic / planktonic,across habitats,0.9964,0.8956,0.5788999999999971,0.41464999999999885,0.16425000000000006,0.16425000000000006
hja2016_111,hja2016_010,planktonic / planktonic,within habitat,0.9959,0.8957,0.562749999999998,0.39974999999999855,0.163,0.16650000000000004
hja2016_114,hja2016_010,planktonic / planktonic,within habitat,0.9955,0.893,0.5961999999999965,0.3976499999999988,0.19855000000000003,0.20030000000000003
hja2016_116,hja2016_010,planktonic / planktonic,within habitat,0.9958,0.9048,0.6215999999999969,0.4196499999999985,0.20195000000000005,0.20625000000000004
hja2016_119,hja2016_010,planktonic / planktonic,within habitat,0.9934,0.8746,0.4904999999999985,0.33664999999999856,0.15385000000000004,0.15680000000000005
hja2016_121,hja2016_010,hyporheic / planktonic,across habitats,0.9987,0.8898,0.5496499999999985,0.45114999999999855,0.09849999999999999,0.09849999999999999
hja2016_122,hja2016_010,planktonic / sediment,across habitats,0.9688,0.8066,0.4579499999999984,0.3309999999999989,0.12695000000000004,0.13025000000000003
hja2016_125,hja2016_010,planktonic / sediment,across habitats,0.9657,0.8035,0.47309999999999847,0.344449999999999,0.12865,0.14240000000000005
hja2016_164,hja2016_010,planktonic / sediment,across habitats,0.9765,0.8141,0.449099999999999,0.3240999999999991,0.12500000000000003,0.12500000000000003
hja2016_166,hja2016_010,planktonic / sediment,across habitats,0.9497,0.7714,0.4137499999999985,0.3235499999999992,0.09020000000000003,0.09425000000000001
hja2016_167,hja2016_010,planktonic / sediment,across habitats,0.9641,0.7676,0.4476499999999986,0.3421499999999987,0.1055,0.1055
hja2016_169,hja2016_010,planktonic / sediment,across habitats,0.9608,0.7553,0.4212499999999987,0.31564999999999926,0.1056,0.10855
hja2016_170,hja2016_010,planktonic / sediment,across habitats,0.9451,0.7454,0.3903999999999984,0.32494999999999874,0.06545000000000001,0.0719
hja2016_177,hja2016_010,planktonic / sediment,across habitats,0.9712,0.8019,0.5251999999999983,0.38384999999999864,0.1413500000000001,0.14965000000000006
hja2016_179,hja2016_010,planktonic / sediment,across habitats,0.9568,0.7927,0.44994999999999863,0.37144999999999884,0.0785,0.0838
hja2016_180,hja2016_010,planktonic / sediment,across habitats,0.9463,0.7713,0.384599999999999,0.3023499999999992,0.08224999999999998,0.08509999999999997
hja2016_181,hja2016_010,planktonic / sediment,across habitats,0.9479,0.7472,0.4120999999999986,0.3221999999999988,0.08990000000000002,0.10145000000000003
hja2016_193,hja2016_010,planktonic / soil,across habitats,0.9948,0.8908,0.594949999999999,0.4053499999999994,0.18960000000000002,0.18960000000000002
hja2016_194,hja2016_010,planktonic / soil,across habitats,0.9749,0.7935,0.47309999999999874,0.3492499999999988,0.12384999999999997,0.12384999999999997
hja2016_195,hja2016_010,planktonic / soil,across habitats,0.9892,0.8498,0.5660499999999988,0.3793499999999992,0.1867,0.1867
hja2016_196,hja2016_010,planktonic / soil,across habitats,0.9775,0.7821,0.4724499999999984,0.29504999999999937,0.17740000000000017,0.17740000000000017
hja2016_197,hja2016_010,planktonic / soil,across habitats,0.9943,0.8361,0.5659999999999987,0.4655999999999991,0.1004,0.10170000000000001
hja2016_198,hja2016_010,planktonic / soil,across habitats,0.9781,0.8123,0.5068499999999982,0.3108999999999989,0.19595000000000007,0.19595000000000007
hja2016_199,hja2016_010,planktonic / soil,across habitats,0.9854,0.8393,0.5827999999999981,0.402749999999999,0.18005,0.18005
hja2016_200,hja2016_010,planktonic / soil,across habitats,0.9855,0.8336,0.5758999999999985,0.35959999999999886,0.21630000000000005,0.22035000000000005
hja2016_013,hja2016_011,planktonic / planktonic,within habitat,0.9303,0.5971,0.2445500000000001,0.22605000000000008,0.0185,0.02345
hja2016_014,hja2016_011,hyporheic / planktonic,across habitats,0.9301,0.6222,0.27385,0.25565000000000004,0.018199999999999997,0.022449999999999998
hja2016_015,hja2016_011,hyporheic / planktonic,across habitats,0.9198,0.5901,0.27109999999999995,0.25145,0.019649999999999997,0.02435
hja2016_016,hja2016_011,hyporheic / planktonic,across habitats,0.963,0.7352,0.3265999999999996,0.28209999999999985,0.0445,0.0499
hja2016_018,hja2016_011,hyporheic / planktonic,across habitats,0.9419,0.6918,0.30499999999999966,0.2579499999999999,0.04705,0.05065000000000001
hja2016_019,hja2016_011,hyporheic / planktonic,across habitats,0.9314,0.5617,0.20920000000000005,0.1953,0.0139,0.020149999999999994
hja2016_020,hja2016_011,hyporheic / planktonic,across habitats,0.8474,0.4452,0.1188,0.11485000000000002,0.00395,0.0055000000000000005
hja2016_021,hja2016_011,hyporheic / planktonic,across habitats,0.9133,0.5866,0.27045,0.23855000000000007,0.031900000000000005,0.0346
hja2016_027,hja2016_011,planktonic / planktonic,within habitat,0.882,0.529,0.1627499999999999,0.15314999999999995,0.0096,0.01635
hja2016_065,hja2016_011,hyporheic / planktonic,across habitats,0.9174,0.5825,0.2653000000000002,0.2500500000000002,0.01525,0.018699999999999998
hja2016_066,hja2016_011,hyporheic / planktonic,across habitats,0.9244,0.5872,0.21149999999999994,0.19234999999999994,0.019149999999999997,0.019549999999999998
hja2016_070,hja2016_011,hyporheic / planktonic,across habitats,0.9426,0.6363,0.28624999999999995,0.25695000000000007,0.029300000000000003,0.03455
hja2016_071,hja2016_011,hyporheic / planktonic,across habitats,0.8718,0.4931,0.1335500000000001,0.13040000000000004,0.00315,0.006699999999999999
hja2016_075,hja2016_011,hyporheic / planktonic,across habitats,0.8801,0.486,0.18289999999999998,0.1724999999999999,0.0104,0.015
hja2016_078,hja2016_011,hyporheic / planktonic,across habitats,0.9009,0.5389,0.18325000000000008,0.17235000000000003,0.0109,0.0139
hja2016_079,hja2016_011,hyporheic / planktonic,across habitats,0.9289,0.5603,0.22190000000000007,0.20260000000000009,0.019299999999999998,0.020199999999999996
hja2016_084,hja2016_011,hyporheic / planktonic,across habitats,0.9629,0.719,0.37724999999999953,0.3264999999999996,0.050749999999999997,0.051649999999999995
hja2016_127,hja2016_011,planktonic / sediment,across habitats,0.8133,0.4613,0.11180000000000012,0.09525000000000013,0.01655,0.018050000000000004
hja2016_129,hja2016_011,planktonic / sediment,across habitats,0.8387,0.5083,0.11954999999999999,0.1017,0.017849999999999998,0.018799999999999997
hja2016_131,hja2016_011,planktonic / sediment,across habitats,0.8518,0.5199,0.11665000000000003,0.0914500000000001,0.0252,0.0252
hja2016_132,hja2016_011,planktonic / sediment,across habitats,0.883,0.5609,0.14579999999999993,0.12010000000000003,0.025700000000000004,0.026950000000000005
hja2016_133,hja2016_011,planktonic / sediment,across habitats,0.8727,0.4899,0.12314999999999997,0.0898,0.033350000000000005,0.033350000000000005
hja2016_135,hja2016_011,planktonic / sediment,across habitats,0.8797,0.5637,0.15840000000000018,0.1278000000000001,0.030600000000000006,0.030600000000000006
hja2016_136,hja2016_011,planktonic / sediment,across habitats,0.8791,0.5776,0.13295000000000004,0.10770000000000007,0.02525,0.028650000000000002
hja2016_139,hja2016_011,planktonic / sediment,across habitats,0.8044,0.5189,0.11410000000000003,0.09760000000000003,0.0165,0.019649999999999997
hja2016_140,hja2016_011,planktonic / sediment,across habitats,0.8547,0.5248,0.10870000000000003,0.08945000000000003,0.019250000000000003,0.021100000000000004
hja2016_141,hja2016_011,planktonic / sediment,across habitats,0.876,0.5719,0.13764999999999988,0.11490000000000003,0.02275,0.0229
hja2016_142,hja2016_011,planktonic / sediment,across habitats,0.8909,0.5846,0.13929999999999987,0.12619999999999998,0.0131,0.0152
hja2016_144,hja2016_011,planktonic / sediment,across habitats,0.9074,0.6097,0.1362499999999999,0.12024999999999998,0.016,0.0167
hja2016_145,hja2016_011,planktonic / sediment,across habitats,0.8466,0.5187,0.12180000000000007,0.10110000000000013,0.020700000000000003,0.021100000000000004
hja2016_146,hja2016_011,planktonic / sediment,across habitats,0.8563,0.5237,0.10995000000000002,0.09145000000000003,0.0185,0.018799999999999997
hja2016_147,hja2016_011,planktonic / sediment,across habitats,0.8745,0.5072,0.12699999999999997,0.09810000000000003,0.028900000000000002,0.029200000000000004
hja2016_148,hja2016_011,planktonic / sediment,across habitats,0.8078,0.5178,0.12365000000000001,0.10204999999999999,0.021599999999999998,0.022999999999999996
hja2016_150,hja2016_011,planktonic / sediment,across habitats,0.8451,0.5321,0.13735000000000006,0.11110000000000005,0.026250000000000002,0.027300000000000005
hja2016_151,hja2016_011,planktonic / sediment,across habitats,0.8819,0.4977,0.12220000000000006,0.0862000000000001,0.036000000000000004,0.03705000000000001
hja2016_152,hja2016_011,planktonic / sediment,across habitats,0.8781,0.5555,0.10964999999999998,0.09170000000000003,0.017949999999999997,0.017949999999999997
hja2016_155,hja2016_011,planktonic / sediment,across habitats,0.8039,0.5008,0.11975000000000001,0.09615000000000003,0.023599999999999996,0.02405
hja2016_157,hja2016_011,planktonic / sediment,across habitats,0.773,0.4547,0.10839999999999997,0.0937,0.014699999999999998,0.016399999999999998
hja2016_159,hja2016_011,planktonic / sediment,across habitats,0.8387,0.5455,0.1277,0.10055000000000003,0.027150000000000004,0.0275
hja2016_160,hja2016_011,planktonic / sediment,across habitats,0.79990000000000006,0.4685,0.10744999999999989,0.09554999999999997,0.0119,0.012400000000000001
hja2016_183,hja2016_011,planktonic / soil,across habitats,0.9505,0.6859,0.23869999999999975,0.19299999999999973,0.04569999999999999,0.047049999999999995
hja2016_184,hja2016_011,planktonic / soil,across habitats,0.955,0.7041,0.24170000000000003,0.21369999999999995,0.027999999999999997,0.02945
hja2016_185,hja2016_011,planktonic / soil,across habitats,0.9695,0.8038,0.4290999999999993,0.3673999999999995,0.06169999999999999,0.06169999999999999
hja2016_188,hja2016_011,planktonic / soil,across habitats,0.9884,0.8822,0.5408999999999993,0.43729999999999974,0.1036,0.10400000000000001
hja2016_189,hja2016_011,planktonic / soil,across habitats,0.9868,0.8337,0.4970999999999995,0.33629999999999965,0.1608,0.1608
hja2016_190,hja2016_011,planktonic / soil,across habitats,0.9595,0.7525,0.34114999999999984,0.2539,0.08725,0.08785
hja2016_191,hja2016_011,planktonic / soil,across habitats,0.9817,0.8462,0.5286999999999987,0.4534999999999993,0.07519999999999999,0.07519999999999999
hja2016_031,hja2016_011,hyporheic / planktonic,across habitats,0.9625,0.7197,0.36829999999999974,0.33009999999999984,0.038200000000000005,0.04025
hja2016_032,hja2016_011,hyporheic / planktonic,across habitats,0.9306,0.6014,0.27125000000000005,0.25195000000000006,0.019299999999999998,0.02395
hja2016_035,hja2016_011,hyporheic / planktonic,across habitats,0.9716,0.7096,0.3979999999999995,0.3189999999999999,0.079,0.0817
hja2016_037,hja2016_011,hyporheic / planktonic,across habitats,0.9625,0.6998,0.3715999999999997,0.32969999999999994,0.0419,0.0426
hja2016_042,hja2016_011,planktonic / planktonic,within habitat,0.9707,0.7457,0.4029999999999994,0.3679999999999996,0.034999999999999996,0.04295
hja2016_043,hja2016_011,hyporheic / planktonic,across habitats,0.9255,0.587,0.2594499999999999,0.24394999999999997,0.0155,0.0155
hja2016_049,hja2016_011,planktonic / planktonic,within habitat,0.957,0.704,0.3397999999999995,0.3032499999999997,0.03655,0.03655
hja2016_050,hja2016_011,hyporheic / planktonic,across habitats,0.9104,0.5652,0.18765000000000004,0.18215000000000003,0.0055000000000000005,0.009149999999999998
hja2016_052,hja2016_011,hyporheic / planktonic,across habitats,0.9458,0.6138,0.2235000000000001,0.20335000000000003,0.020149999999999998,0.02095
hja2016_056,hja2016_011,hyporheic / planktonic,across habitats,0.9428,0.6805,0.19494999999999996,0.18100000000000005,0.013949999999999999,0.015050000000000001
hja2016_057,hja2016_011,hyporheic / planktonic,across habitats,0.9547,0.6682,0.3313499999999998,0.3088,0.02255,0.025550000000000003
hja2016_059,hja2016_011,planktonic / planktonic,within habitat,0.9047,0.5642,0.19574999999999995,0.1882,0.007549999999999999,0.0163
hja2016_062,hja2016_011,hyporheic / planktonic,across habitats,0.9047,0.5373,0.10855000000000001,0.10145000000000001,0.0070999999999999995,0.013349999999999999
hja2016_064,hja2016_011,planktonic / planktonic,within habitat,0.9106,0.5374,0.20349999999999993,0.18789999999999987,0.0156,0.01785
hja2016_099,hja2016_011,planktonic / planktonic,within habitat,0.9884,0.7959,0.44994999999999863,0.3027999999999995,0.14715000000000003,0.14715000000000003
hja2016_100,hja2016_011,planktonic / planktonic,within habitat,0.9911,0.8179,0.4729999999999987,0.37759999999999905,0.0954,0.09585
hja2016_101,hja2016_011,planktonic / planktonic,within habitat,0.9848,0.7614,0.37944999999999873,0.27274999999999977,0.10670000000000004,0.10715000000000002
hja2016_102,hja2016_011,hyporheic / planktonic,across habitats,0.987,0.8131,0.47019999999999834,0.31474999999999914,0.15545,0.15640000000000004
hja2016_103,hja2016_011,planktonic / planktonic,within habitat,0.9713,0.7145,0.3351499999999992,0.2492499999999998,0.08590000000000002,0.08590000000000002
hja2016_105,hja2016_011,planktonic / planktonic,within habitat,0.9859,0.8099,0.4693499999999985,0.3229499999999993,0.14639999999999997,0.14639999999999997
hja2016_106,hja2016_011,planktonic / planktonic,within habitat,0.9926,0.7895,0.42849999999999905,0.3455499999999994,0.08294999999999998,0.08294999999999998
hja2016_107,hja2016_011,hyporheic / planktonic,across habitats,0.984,0.7758,0.402749999999999,0.2771499999999999,0.12560000000000004,0.12705000000000002
hja2016_109,hja2016_011,planktonic / planktonic,within habitat,0.9844,0.7587,0.4303999999999986,0.3478499999999992,0.08255,0.08255
hja2016_110,hja2016_011,hyporheic / planktonic,across habitats,0.9851,0.7684,0.4170999999999989,0.31629999999999964,0.1008,0.1008
hja2016_111,hja2016_011,planktonic / planktonic,within habitat,0.9832,0.7796,0.4388499999999987,0.31319999999999915,0.12565,0.12565
hja2016_114,hja2016_011,planktonic / planktonic,within habitat,0.9806,0.7608,0.4083499999999989,0.2795499999999997,0.12879999999999997,0.12879999999999997
hja2016_116,hja2016_011,planktonic / planktonic,within habitat,0.9822,0.7878,0.4366999999999988,0.3048999999999992,0.13180000000000003,0.13180000000000003
hja2016_119,hja2016_011,planktonic / planktonic,within habitat,0.9721,0.7016,0.3011499999999997,0.2061499999999999,0.095,0.09545000000000001
hja2016_121,hja2016_011,hyporheic / planktonic,across habitats,0.993,0.7994,0.45429999999999904,0.3709499999999991,0.08334999999999998,0.08334999999999998
hja2016_122,hja2016_011,planktonic / sediment,across habitats,0.8429,0.5327,0.11820000000000003,0.09545000000000003,0.02275,0.024300000000000002
hja2016_125,hja2016_011,planktonic / sediment,across habitats,0.8429,0.5438,0.12894999999999998,0.10285,0.026100000000000005,0.027000000000000007
hja2016_164,hja2016_011,planktonic / sediment,across habitats,0.8871,0.5901,0.1300999999999999,0.10844999999999996,0.02165,0.0221
hja2016_166,hja2016_011,planktonic / sediment,across habitats,0.807,0.4638,0.10464999999999998,0.09005000000000005,0.014600000000000002,0.015400000000000002
hja2016_167,hja2016_011,planktonic / sediment,across habitats,0.8754,0.4982,0.14354999999999996,0.11754999999999995,0.026000000000000002,0.026850000000000002
hja2016_169,hja2016_011,planktonic / sediment,across habitats,0.8678,0.4874,0.1383499999999999,0.10974999999999994,0.028600000000000004,0.028600000000000004
hja2016_170,hja2016_011,planktonic / sediment,across habitats,0.7482,0.4087,0.08715000000000003,0.0762500000000001,0.0109,0.012749999999999997
hja2016_177,hja2016_011,planktonic / sediment,across habitats,0.8759,0.5576,0.14190000000000003,0.11649999999999998,0.025399999999999992,0.026399999999999986
hja2016_179,hja2016_011,planktonic / sediment,across habitats,0.8545,0.516,0.11484999999999991,0.09814999999999993,0.016700000000000003,0.020950000000000003
hja2016_180,hja2016_011,planktonic / sediment,across habitats,0.7931,0.4739,0.096,0.08380000000000003,0.012199999999999999,0.014199999999999999
hja2016_181,hja2016_011,planktonic / sediment,across habitats,0.7438,0.4013,0.08900000000000001,0.07935000000000005,0.00965,0.01095
hja2016_193,hja2016_011,planktonic / soil,across habitats,0.9725,0.8027,0.39844999999999964,0.3066999999999999,0.09175,0.09185
hja2016_194,hja2016_011,planktonic / soil,across habitats,0.8862,0.5832,0.14734999999999993,0.12594999999999992,0.021400000000000002,0.021400000000000002
hja2016_195,hja2016_011,planktonic / soil,across habitats,0.9648,0.7489,0.31285,0.2053999999999998,0.10744999999999998,0.10744999999999998
hja2016_196,hja2016_011,planktonic / soil,across habitats,0.8993,0.5751,0.14439999999999992,0.11374999999999998,0.03065,0.03125
hja2016_197,hja2016_011,planktonic / soil,across habitats,0.9702,0.7407,0.30679999999999963,0.26015000000000005,0.04664999999999998,0.04664999999999998
hja2016_198,hja2016_011,planktonic / soil,across habitats,0.9373,0.6397,0.1802499999999999,0.13965,0.04059999999999999,0.04059999999999999
hja2016_199,hja2016_011,planktonic / soil,across habitats,0.9521,0.6938,0.2818500000000001,0.2044,0.07744999999999998,0.07744999999999998
hja2016_200,hja2016_011,planktonic / soil,across habitats,0.936,0.668,0.24579999999999988,0.1823499999999999,0.06345000000000002,0.06465000000000003
hja2016_014,hja2016_013,hyporheic / planktonic,across habitats,0.9,0.5328,0.24390000000000006,0.23320000000000005,0.0107,0.013
hja2016_015,hja2016_013,hyporheic / planktonic,across habitats,0.9533,0.6336,0.3276499999999997,0.3172499999999997,0.0104,0.019749999999999997
hja2016_016,hja2016_013,hyporheic / planktonic,across habitats,0.9734,0.7753,0.3859999999999994,0.36144999999999955,0.024550000000000002,0.024550000000000002
hja2016_018,hja2016_013,hyporheic / planktonic,across habitats,0.9277,0.6395,0.23314999999999997,0.22999999999999998,0.00315,0.014599999999999998
hja2016_019,hja2016_013,hyporheic / planktonic,across habitats,0.9128,0.5233,0.25439999999999996,0.24865000000000007,0.00575,0.010450000000000001
hja2016_020,hja2016_013,hyporheic / planktonic,across habitats,0.8934,0.4996,0.17310000000000006,0.16700000000000007,0.0061,0.010000000000000002
hja2016_021,hja2016_013,hyporheic / planktonic,across habitats,0.9587,0.7372,0.45589999999999953,0.41509999999999936,0.040799999999999996,0.043
hja2016_027,hja2016_013,planktonic / planktonic,within habitat,0.9358,0.6818,0.3765999999999994,0.34824999999999945,0.02835,0.03045
hja2016_065,hja2016_013,hyporheic / planktonic,across habitats,0.917,0.5298,0.24575000000000002,0.23775000000000004,0.008,0.01305
hja2016_066,hja2016_013,hyporheic / planktonic,across habitats,0.8891,0.4686,0.16384999999999994,0.1474499999999999,0.0164,0.01995
hja2016_070,hja2016_013,hyporheic / planktonic,across habitats,0.9499,0.6176,0.3044999999999997,0.2799000000000001,0.024600000000000004,0.03645
hja2016_071,hja2016_013,hyporheic / planktonic,across habitats,0.8949,0.4892,0.16500000000000004,0.15835000000000005,0.0066500000000000005,0.0155
hja2016_075,hja2016_013,hyporheic / planktonic,across habitats,0.9293,0.5956,0.3005999999999999,0.29055,0.01005,0.01015
hja2016_078,hja2016_013,hyporheic / planktonic,across habitats,0.9042,0.5583,0.22625000000000015,0.20780000000000004,0.01845,0.0256
hja2016_079,hja2016_013,hyporheic / planktonic,across habitats,0.9427,0.6253,0.2904999999999999,0.2583500000000001,0.032150000000000005,0.0348
hja2016_084,hja2016_013,hyporheic / planktonic,across habitats,0.9238,0.5982,0.27554999999999996,0.2611000000000001,0.014450000000000001,0.0176
hja2016_127,hja2016_013,planktonic / sediment,across habitats,0.9085,0.6079,0.24890000000000018,0.21660000000000001,0.032299999999999995,0.033449999999999994
hja2016_129,hja2016_013,planktonic / sediment,across habitats,0.9084,0.6037,0.23929999999999993,0.19924999999999993,0.04005,0.04089999999999999
hja2016_131,hja2016_013,planktonic / sediment,across habitats,0.9087,0.6034,0.23264999999999988,0.19104999999999983,0.041600000000000005,0.04295000000000001
hja2016_132,hja2016_013,planktonic / sediment,across habitats,0.9334,0.6551,0.2673499999999999,0.20845000000000008,0.05890000000000001,0.06135
hja2016_133,hja2016_013,planktonic / sediment,across habitats,0.9328,0.6495,0.2630499999999999,0.20584999999999987,0.0572,0.06055000000000001
hja2016_135,hja2016_013,planktonic / sediment,across habitats,0.9306,0.6561,0.2745,0.23460000000000028,0.03989999999999999,0.04089999999999999
hja2016_136,hja2016_013,planktonic / sediment,across habitats,0.9296,0.6462,0.24519999999999995,0.21145,0.033749999999999995,0.03459999999999999
hja2016_139,hja2016_013,planktonic / sediment,across habitats,0.8876,0.6093,0.2275499999999999,0.19859999999999994,0.028950000000000004,0.032600000000000004
hja2016_140,hja2016_013,planktonic / sediment,across habitats,0.9246,0.6245,0.2374500000000001,0.1989,0.038549999999999994,0.04044999999999999
hja2016_141,hja2016_013,planktonic / sediment,across habitats,0.9287,0.6462,0.2595999999999999,0.22404999999999997,0.03555000000000001,0.03740000000000001
hja2016_142,hja2016_013,planktonic / sediment,across habitats,0.913,0.5939,0.2168499999999999,0.17639999999999983,0.040450000000000014,0.040450000000000014
hja2016_144,hja2016_013,planktonic / sediment,across habitats,0.9038,0.5901,0.2327,0.19285,0.03984999999999999,0.04084999999999999
hja2016_145,hja2016_013,planktonic / sediment,across habitats,0.9106,0.6109,0.23024999999999976,0.18124999999999983,0.049,0.05084999999999999
hja2016_146,hja2016_013,planktonic / sediment,across habitats,0.9286,0.6216,0.23869999999999997,0.20419999999999988,0.034499999999999996,0.036950000000000004
hja2016_147,hja2016_013,planktonic / sediment,across habitats,0.9328,0.6478,0.2656499999999999,0.21149999999999997,0.054150000000000004,0.055850000000000004
hja2016_148,hja2016_013,planktonic / sediment,across habitats,0.8903,0.6041,0.23570000000000002,0.20239999999999994,0.033299999999999996,0.035949999999999996
hja2016_150,hja2016_013,planktonic / sediment,across habitats,0.9149,0.6194,0.25284999999999996,0.21275,0.0401,0.04189999999999999
hja2016_151,hja2016_013,planktonic / sediment,across habitats,0.9383,0.6404,0.25795,0.1983499999999999,0.05959999999999997,0.06154999999999998
hja2016_152,hja2016_013,planktonic / sediment,across habitats,0.9325,0.6521,0.22870000000000007,0.1837,0.045,0.04685
hja2016_155,hja2016_013,planktonic / sediment,across habitats,0.888,0.6009,0.22389999999999985,0.18549999999999972,0.0384,0.040499999999999994
hja2016_157,hja2016_013,planktonic / sediment,across habitats,0.9132,0.6197,0.24085000000000026,0.21285000000000018,0.027999999999999997,0.029699999999999997
hja2016_159,hja2016_013,planktonic / sediment,across habitats,0.9055,0.6006,0.2437,0.19924999999999995,0.04444999999999999,0.045399999999999996
hja2016_160,hja2016_013,planktonic / sediment,across habitats,0.9446,0.6926,0.2866499999999996,0.24534999999999982,0.04130000000000001,0.044700000000000004
hja2016_183,hja2016_013,planktonic / soil,across habitats,0.9455,0.7021,0.3004999999999997,0.2548999999999997,0.04559999999999998,0.04559999999999998
hja2016_184,hja2016_013,planktonic / soil,across habitats,0.9512,0.7244,0.31924999999999937,0.26174999999999976,0.05750000000000001,0.058450000000000016
hja2016_185,hja2016_013,planktonic / soil,across habitats,0.9537,0.7873,0.4211499999999991,0.37204999999999944,0.04909999999999999,0.04909999999999999
hja2016_188,hja2016_013,planktonic / soil,across habitats,0.9881,0.9071,0.5673499999999991,0.48539999999999933,0.08195,0.08295
hja2016_189,hja2016_013,planktonic / soil,across habitats,0.9869,0.8553,0.5299499999999993,0.39034999999999953,0.1396,0.1396
hja2016_190,hja2016_013,planktonic / soil,across habitats,0.9571,0.7702,0.4299499999999992,0.3333499999999994,0.09659999999999996,0.098099999999999965
hja2016_191,hja2016_013,planktonic / soil,across habitats,0.9799,0.8583,0.6062999999999993,0.5263999999999992,0.0799,0.08165
hja2016_031,hja2016_013,hyporheic / planktonic,across habitats,0.9482,0.6967,0.3907999999999995,0.36619999999999947,0.024600000000000004,0.026950000000000002
hja2016_032,hja2016_013,hyporheic / planktonic,across habitats,0.9426,0.6556,0.35114999999999963,0.3383999999999997,0.01275,0.021650000000000003
hja2016_035,hja2016_013,hyporheic / planktonic,across habitats,0.9286,0.6566,0.3679999999999997,0.3286999999999999,0.03930000000000001,0.059800000000000006
hja2016_037,hja2016_013,hyporheic / planktonic,across habitats,0.9327,0.6262,0.31569999999999987,0.2994999999999998,0.0162,0.020999999999999998
hja2016_042,hja2016_013,planktonic / planktonic,within habitat,0.9559,0.6997,0.39399999999999946,0.3671999999999996,0.026800000000000004,0.03525
hja2016_043,hja2016_013,hyporheic / planktonic,across habitats,0.9332,0.6638,0.36749999999999977,0.3458499999999998,0.021650000000000003,0.032350000000000004
hja2016_049,hja2016_013,planktonic / planktonic,within habitat,0.9685,0.7705,0.4468499999999993,0.42324999999999935,0.023600000000000003,0.025550000000000003
hja2016_050,hja2016_013,hyporheic / planktonic,across habitats,0.9409,0.6216,0.2657999999999999,0.2468500000000001,0.01895,0.02395
hja2016_052,hja2016_013,hyporheic / planktonic,across habitats,0.914,0.5385,0.2266000000000001,0.20735000000000012,0.01925,0.028300000000000002
hja2016_056,hja2016_013,hyporheic / planktonic,across habitats,0.9146,0.6445,0.1892,0.18245000000000006,0.006750000000000001,0.014900000000000002
hja2016_057,hja2016_013,hyporheic / planktonic,across habitats,0.9443,0.6592,0.3403999999999998,0.32304999999999995,0.01735,0.0252
hja2016_059,hja2016_013,planktonic / planktonic,within habitat,0.9437,0.6434,0.30844999999999956,0.2962999999999996,0.01215,0.024149999999999998
hja2016_062,hja2016_013,hyporheic / planktonic,across habitats,0.9193,0.5852,0.16755000000000017,0.15895000000000023,0.0086,0.011600000000000001
hja2016_064,hja2016_013,planktonic / planktonic,within habitat,0.9472,0.6605,0.34599999999999964,0.31874999999999976,0.02725,0.03395
hja2016_099,hja2016_013,planktonic / planktonic,within habitat,0.9897,0.8287,0.49924999999999853,0.37144999999999867,0.1278,0.12919999999999998
hja2016_100,hja2016_013,planktonic / planktonic,within habitat,0.9943,0.8534,0.5685999999999981,0.4506499999999988,0.11795000000000003,0.11795000000000003
hja2016_101,hja2016_013,planktonic / planktonic,within habitat,0.9939,0.8201,0.4785499999999986,0.3604499999999989,0.11810000000000002,0.11810000000000002
hja2016_102,hja2016_013,hyporheic / planktonic,across habitats,0.9921,0.8353,0.5397499999999984,0.4042499999999987,0.1355,0.13635
hja2016_103,hja2016_013,planktonic / planktonic,within habitat,0.9767,0.7562,0.4235999999999988,0.3275499999999989,0.09605000000000001,0.09730000000000001
hja2016_105,hja2016_013,planktonic / planktonic,within habitat,0.9913,0.8428,0.5459499999999986,0.39979999999999905,0.14614999999999995,0.14699999999999996
hja2016_106,hja2016_013,planktonic / planktonic,within habitat,0.9979,0.8351,0.5190999999999985,0.3965499999999988,0.12255000000000002,0.12255000000000002
hja2016_107,hja2016_013,hyporheic / planktonic,across habitats,0.9907,0.8103,0.4712999999999988,0.33629999999999893,0.13500000000000004,0.13800000000000004
hja2016_109,hja2016_013,planktonic / planktonic,within habitat,0.9918,0.8011,0.5168499999999987,0.42419999999999886,0.09264999999999998,0.09264999999999998
hja2016_110,hja2016_013,hyporheic / planktonic,across habitats,0.9931,0.806,0.4993999999999989,0.373899999999999,0.1255,0.1255
hja2016_111,hja2016_013,planktonic / planktonic,within habitat,0.9879,0.8166,0.4994999999999987,0.3557999999999988,0.14370000000000002,0.14740000000000003
hja2016_114,hja2016_013,planktonic / planktonic,within habitat,0.9905,0.8157,0.47554999999999875,0.33709999999999907,0.13845000000000002,0.13870000000000002
hja2016_116,hja2016_013,planktonic / planktonic,within habitat,0.9883,0.8224,0.5001499999999987,0.3613999999999989,0.13875,0.13875
hja2016_119,hja2016_013,planktonic / planktonic,within habitat,0.98,0.7431,0.36919999999999914,0.2549999999999998,0.11420000000000001,0.11445000000000001
hja2016_121,hja2016_013,hyporheic / planktonic,across habitats,0.9975,0.8363,0.534949999999999,0.421199999999999,0.11374999999999998,0.11374999999999998
hja2016_122,hja2016_013,planktonic / sediment,across habitats,0.9001,0.5877,0.2355500000000001,0.19995,0.0356,0.0378
hja2016_125,hja2016_013,planktonic / sediment,across habitats,0.9034,0.5944,0.22930000000000011,0.19520000000000004,0.034100000000000005,0.0378
hja2016_164,hja2016_013,planktonic / sediment,across habitats,0.9314,0.6544,0.2582499999999998,0.20929999999999976,0.04895000000000001,0.04925000000000001
hja2016_166,hja2016_013,planktonic / sediment,across habitats,0.941,0.678,0.28034999999999977,0.23995000000000005,0.0404,0.0419
hja2016_167,hja2016_013,planktonic / sediment,across habitats,0.9368,0.6446,0.2833499999999997,0.2267,0.05664999999999999,0.05824999999999999
hja2016_169,hja2016_013,planktonic / sediment,across habitats,0.9387,0.6403,0.2818,0.22304999999999997,0.05875,0.0596
hja2016_170,hja2016_013,planktonic / sediment,across habitats,0.9073,0.6171,0.2339499999999999,0.2049999999999998,0.028950000000000004,0.03135
hja2016_177,hja2016_013,planktonic / sediment,across habitats,0.9335,0.6465,0.24284999999999973,0.1981999999999997,0.044649999999999995,0.04735
hja2016_179,hja2016_013,planktonic / sediment,across habitats,0.9192,0.6216,0.24415000000000006,0.20700000000000005,0.037149999999999996,0.04175
hja2016_180,hja2016_013,planktonic / sediment,across habitats,0.9414,0.6865,0.2676,0.22960000000000003,0.03799999999999999,0.03914999999999999
hja2016_181,hja2016_013,planktonic / sediment,across habitats,0.9109,0.614,0.21969999999999998,0.18419999999999986,0.0355,0.0358
hja2016_193,hja2016_013,planktonic / soil,across habitats,0.9771,0.8242,0.4426499999999996,0.3583999999999998,0.08425,0.08505
hja2016_194,hja2016_013,planktonic / soil,across habitats,0.9073,0.6265,0.22475,0.1868,0.03794999999999999,0.040749999999999995
hja2016_195,hja2016_013,planktonic / soil,across habitats,0.9649,0.7573,0.36269999999999913,0.27879999999999977,0.08390000000000002,0.08390000000000002
hja2016_196,hja2016_013,planktonic / soil,across habitats,0.9344,0.6396,0.25090000000000007,0.19794999999999988,0.052949999999999976,0.059799999999999985
hja2016_197,hja2016_013,planktonic / soil,across habitats,0.9736,0.785,0.4723499999999992,0.4074999999999993,0.06485,0.06485
hja2016_198,hja2016_013,planktonic / soil,across habitats,0.9339,0.6685,0.27819999999999956,0.21844999999999984,0.05975000000000001,0.06105000000000001
hja2016_199,hja2016_013,planktonic / soil,across habitats,0.96,0.743,0.36259999999999903,0.28350000000000003,0.07909999999999999,0.07909999999999999
hja2016_200,hja2016_013,planktonic / soil,across habitats,0.9327,0.6828,0.29589999999999955,0.22914999999999983,0.06675000000000002,0.06770000000000002
hja2016_015,hja2016_014,hyporheic / hyporheic,within habitat,0.9554,0.7227,0.4294499999999999,0.4129999999999999,0.01645,0.026050000000000004
hja2016_016,hja2016_014,hyporheic / hyporheic,within habitat,0.9606,0.7811,0.3895999999999998,0.3708499999999998,0.018750000000000003,0.021050000000000003
hja2016_018,hja2016_014,hyporheic / hyporheic,within habitat,0.9481,0.6658,0.22124999999999995,0.21465,0.0066,0.0071
hja2016_019,hja2016_014,hyporheic / hyporheic,within habitat,0.9207,0.5667,0.25355,0.2418,0.01175,0.01375
hja2016_020,hja2016_014,hyporheic / hyporheic,within habitat,0.9212,0.5537,0.20385000000000003,0.19245000000000004,0.0114,0.0129
hja2016_021,hja2016_014,hyporheic / hyporheic,within habitat,0.9663,0.7678,0.5052999999999997,0.4715999999999998,0.0337,0.03635
hja2016_027,hja2016_014,hyporheic / planktonic,across habitats,0.9671,0.7411,0.4476499999999995,0.3929499999999996,0.0547,0.0547
hja2016_065,hja2016_014,hyporheic / hyporheic,within habitat,0.9227,0.5761,0.2595,0.25125000000000003,0.008249999999999999,0.014599999999999998
hja2016_066,hja2016_014,hyporheic / hyporheic,within habitat,0.9042,0.5096,0.17434999999999998,0.16619999999999993,0.00815,0.013249999999999998
hja2016_070,hja2016_014,hyporheic / hyporheic,within habitat,0.966,0.6565,0.32319999999999993,0.3017000000000001,0.0215,0.024849999999999997
hja2016_071,hja2016_014,hyporheic / hyporheic,within habitat,0.9267,0.5864,0.21935,0.20160000000000003,0.01775,0.019949999999999996
hja2016_075,hja2016_014,hyporheic / hyporheic,within habitat,0.9577,0.6554,0.33709999999999984,0.3242499999999998,0.012849999999999999,0.014
hja2016_078,hja2016_014,hyporheic / hyporheic,within habitat,0.9334,0.6272,0.30740000000000006,0.2955500000000001,0.01185,0.0182
hja2016_079,hja2016_014,hyporheic / hyporheic,within habitat,0.9511,0.6648,0.34699999999999975,0.3036999999999999,0.04329999999999999,0.04439999999999999
hja2016_084,hja2016_014,hyporheic / hyporheic,within habitat,0.8866,0.5879,0.27815,0.27290000000000003,0.0052499999999999995,0.01015
hja2016_127,hja2016_014,hyporheic / sediment,across habitats,0.9308,0.6346,0.30889999999999973,0.27919999999999995,0.029700000000000004,0.029700000000000004
hja2016_129,hja2016_014,hyporheic / sediment,across habitats,0.9132,0.619,0.27404999999999985,0.2299999999999998,0.04404999999999999,0.04529999999999999
hja2016_131,hja2016_014,hyporheic / sediment,across habitats,0.9109,0.6144,0.2831999999999998,0.2380499999999997,0.04515,0.04515
hja2016_132,hja2016_014,hyporheic / sediment,across habitats,0.9363,0.6496,0.2825499999999999,0.24184999999999984,0.04070000000000001,0.04070000000000001
hja2016_133,hja2016_014,hyporheic / sediment,across habitats,0.943,0.6776,0.32129999999999936,0.2556499999999998,0.06564999999999999,0.06764999999999999
hja2016_135,hja2016_014,hyporheic / sediment,across habitats,0.933,0.6546,0.2946499999999998,0.2610000000000001,0.03365,0.03365
hja2016_136,hja2016_014,hyporheic / sediment,across habitats,0.9337,0.6423,0.2876499999999996,0.2422499999999999,0.04539999999999999,0.045999999999999985
hja2016_139,hja2016_014,hyporheic / sediment,across habitats,0.8994,0.6105,0.2599,0.22445000000000004,0.035449999999999995,0.03704999999999999
hja2016_140,hja2016_014,hyporheic / sediment,across habitats,0.9295,0.6386,0.2881999999999999,0.24020000000000014,0.047999999999999994,0.047999999999999994
hja2016_141,hja2016_014,hyporheic / sediment,across habitats,0.9294,0.6388,0.3080499999999997,0.2632499999999999,0.0448,0.0448
hja2016_142,hja2016_014,hyporheic / sediment,across habitats,0.9108,0.5896,0.2455999999999999,0.2118999999999999,0.033700000000000015,0.03465000000000001
hja2016_144,hja2016_014,hyporheic / sediment,across habitats,0.9095,0.5709,0.25005,0.21279999999999996,0.03724999999999999,0.037849999999999995
hja2016_145,hja2016_014,hyporheic / sediment,across habitats,0.9165,0.6168,0.2801999999999998,0.22979999999999992,0.05040000000000001,0.05115000000000001
hja2016_146,hja2016_014,hyporheic / sediment,across habitats,0.94,0.6468,0.2948999999999995,0.2529999999999998,0.04189999999999999,0.04259999999999999
hja2016_147,hja2016_014,hyporheic / sediment,across habitats,0.9422,0.6688,0.3016999999999995,0.24259999999999984,0.05910000000000001,0.05910000000000001
hja2016_148,hja2016_014,hyporheic / sediment,across habitats,0.8994,0.5957,0.2516499999999998,0.20669999999999988,0.04494999999999999,0.04584999999999999
hja2016_150,hja2016_014,hyporheic / sediment,across habitats,0.9274,0.6358,0.28604999999999964,0.23994999999999983,0.04609999999999999,0.04609999999999999
hja2016_151,hja2016_014,hyporheic / sediment,across habitats,0.9457,0.6693,0.30169999999999986,0.23400000000000012,0.06769999999999997,0.06814999999999997
hja2016_152,hja2016_014,hyporheic / sediment,across habitats,0.9468,0.6857,0.2843999999999999,0.21660000000000015,0.0678,0.0678
hja2016_155,hja2016_014,hyporheic / sediment,across habitats,0.9035,0.6065,0.26594999999999985,0.22694999999999996,0.039,0.03955
hja2016_157,hja2016_014,hyporheic / sediment,across habitats,0.9319,0.6623,0.30219999999999925,0.26679999999999987,0.0354,0.03565
hja2016_159,hja2016_014,hyporheic / sediment,across habitats,0.9099,0.5922,0.2861999999999998,0.23940000000000006,0.046799999999999994,0.04734999999999999
hja2016_160,hja2016_014,hyporheic / sediment,across habitats,0.9622,0.7325,0.35619999999999913,0.27679999999999966,0.07939999999999998,0.07939999999999998
hja2016_183,hja2016_014,hyporheic / soil,across habitats,0.9471,0.6961,0.2987999999999998,0.23024999999999962,0.06855000000000001,0.06905000000000001
hja2016_184,hja2016_014,hyporheic / soil,across habitats,0.9509,0.7101,0.3225499999999995,0.2704499999999998,0.052100000000000014,0.05380000000000001
hja2016_185,hja2016_014,hyporheic / soil,across habitats,0.9554,0.7687,0.4350999999999996,0.3633999999999997,0.07169999999999999,0.07275
hja2016_188,hja2016_014,hyporheic / soil,across habitats,0.9936,0.9044,0.5482999999999991,0.4569999999999997,0.0913,0.09274999999999999
hja2016_189,hja2016_014,hyporheic / soil,across habitats,0.9879,0.8706,0.530449999999999,0.37894999999999984,0.15149999999999997,0.15234999999999999
hja2016_190,hja2016_014,hyporheic / soil,across habitats,0.9572,0.7611,0.4072999999999997,0.31395000000000006,0.09334999999999999,0.09685
hja2016_191,hja2016_014,hyporheic / soil,across habitats,0.9907,0.8639,0.5866999999999992,0.5108999999999996,0.07579999999999998,0.07689999999999998
hja2016_031,hja2016_014,hyporheic / hyporheic,within habitat,0.9606,0.7093,0.4021999999999999,0.39069999999999994,0.0115,0.012249999999999999
hja2016_032,hja2016_014,hyporheic / hyporheic,within habitat,0.9347,0.696,0.39689999999999975,0.3805499999999998,0.01635,0.02925
hja2016_035,hja2016_014,hyporheic / hyporheic,within habitat,0.9422,0.6452,0.3425500000000002,0.3012500000000002,0.0413,0.04335
hja2016_037,hja2016_014,hyporheic / hyporheic,within habitat,0.9237,0.6395,0.36354999999999993,0.3551499999999998,0.0084,0.010499999999999999
hja2016_042,hja2016_014,hyporheic / planktonic,across habitats,0.9697,0.7351,0.43150000000000016,0.40795000000000026,0.023550000000000005,0.028050000000000002
hja2016_043,hja2016_014,hyporheic / hyporheic,within habitat,0.9374,0.7014,0.3755999999999998,0.3596499999999999,0.015950000000000002,0.02025
hja2016_049,hja2016_014,hyporheic / planktonic,across habitats,0.9652,0.8519,0.5806999999999991,0.5583999999999993,0.0223,0.0223
hja2016_050,hja2016_014,hyporheic / hyporheic,within habitat,0.942,0.6536,0.29054999999999986,0.27035000000000003,0.0202,0.025699999999999997
hja2016_052,hja2016_014,hyporheic / hyporheic,within habitat,0.9244,0.5543,0.2357500000000001,0.22595000000000012,0.0098,0.013149999999999998
hja2016_056,hja2016_014,hyporheic / hyporheic,within habitat,0.9271,0.6504,0.17760000000000004,0.17590000000000003,0.0017000000000000001,0.005600000000000001
hja2016_057,hja2016_014,hyporheic / hyporheic,within habitat,0.959,0.6908,0.32465000000000005,0.3227500000000001,0.0019,0.002
hja2016_059,hja2016_014,hyporheic / planktonic,across habitats,0.9355,0.6887,0.3481499999999997,0.3363499999999997,0.011799999999999998,0.013600000000000001
hja2016_062,hja2016_014,hyporheic / hyporheic,within habitat,0.9373,0.6319,0.20539999999999997,0.19315000000000004,0.01225,0.014099999999999998
hja2016_064,hja2016_014,hyporheic / planktonic,across habitats,0.9517,0.7096,0.4423999999999996,0.41209999999999963,0.0303,0.0363
hja2016_099,hja2016_014,hyporheic / planktonic,across habitats,0.9939,0.8314,0.5343499999999983,0.3729999999999992,0.16134999999999997,0.16134999999999997
hja2016_100,hja2016_014,hyporheic / planktonic,across habitats,0.9956,0.8556,0.5720999999999982,0.45889999999999925,0.11320000000000001,0.11355
hja2016_101,hja2016_014,hyporheic / planktonic,across habitats,0.9942,0.8221,0.513949999999998,0.37639999999999896,0.13755000000000003,0.13790000000000005
hja2016_102,hja2016_014,hyporheic / hyporheic,within habitat,0.9928,0.8394,0.5521499999999983,0.3863999999999991,0.16575000000000004,0.16575000000000004
hja2016_103,hja2016_014,hyporheic / planktonic,across habitats,0.9825,0.769,0.4294999999999987,0.34279999999999894,0.0867,0.0867
hja2016_105,hja2016_014,hyporheic / planktonic,across habitats,0.9926,0.84,0.5454499999999983,0.3840499999999991,0.16139999999999993,0.16249999999999998
hja2016_106,hja2016_014,hyporheic / planktonic,across habitats,0.999,0.8504,0.5668999999999982,0.452199999999999,0.11469999999999997,0.11469999999999997
hja2016_107,hja2016_014,hyporheic / hyporheic,within habitat,0.9923,0.8158,0.4839499999999989,0.33354999999999935,0.15040000000000003,0.15085
hja2016_109,hja2016_014,hyporheic / planktonic,across habitats,0.9927,0.8047,0.5394499999999979,0.43324999999999864,0.10619999999999999,0.10619999999999999
hja2016_110,hja2016_014,hyporheic / hyporheic,within habitat,0.9921,0.8066,0.5151999999999985,0.3637999999999995,0.1514,0.1514
hja2016_111,hja2016_014,hyporheic / planktonic,across habitats,0.9902,0.8223,0.4957499999999989,0.3482999999999991,0.14745000000000003,0.14745000000000003
hja2016_114,hja2016_014,hyporheic / planktonic,across habitats,0.9932,0.8195,0.5150499999999986,0.3632999999999993,0.15175000000000005,0.15345000000000003
hja2016_116,hja2016_014,hyporheic / planktonic,across habitats,0.9907,0.826,0.5227999999999986,0.3660999999999992,0.15670000000000006,0.15670000000000006
hja2016_119,hja2016_014,hyporheic / planktonic,across habitats,0.9826,0.75,0.39394999999999897,0.28314999999999946,0.11080000000000004,0.11245000000000002
hja2016_121,hja2016_014,hyporheic / hyporheic,within habitat,0.9983,0.8525,0.5761499999999985,0.4710999999999991,0.10505,0.10505
hja2016_122,hja2016_014,hyporheic / sediment,across habitats,0.9067,0.5798,0.2580999999999998,0.22329999999999997,0.0348,0.0348
hja2016_125,hja2016_014,hyporheic / sediment,across habitats,0.9038,0.5889,0.26680000000000004,0.23209999999999992,0.03469999999999999,0.03469999999999999
hja2016_164,hja2016_014,hyporheic / sediment,across habitats,0.939,0.6489,0.2982499999999995,0.23564999999999986,0.0626,0.06330000000000002
hja2016_166,hja2016_014,hyporheic / sediment,across habitats,0.9596,0.7314,0.3475999999999996,0.28279999999999966,0.0648,0.06599999999999999
hja2016_167,hja2016_014,hyporheic / sediment,across habitats,0.9437,0.6647,0.3127499999999996,0.25875,0.054,0.05415
hja2016_169,hja2016_014,hyporheic / sediment,across habitats,0.944,0.6671,0.31579999999999964,0.2568999999999999,0.05889999999999999,0.05889999999999999
hja2016_170,hja2016_014,hyporheic / sediment,across habitats,0.9304,0.6646,0.2746999999999996,0.23844999999999988,0.036250000000000004,0.0364
hja2016_177,hja2016_014,hyporheic / sediment,across habitats,0.9342,0.6649,0.2714999999999994,0.24069999999999972,0.0308,0.0308
hja2016_179,hja2016_014,hyporheic / sediment,across habitats,0.9286,0.6514,0.3037499999999995,0.2652999999999998,0.03845,0.0388
hja2016_180,hja2016_014,hyporheic / sediment,across habitats,0.9597,0.7321,0.33979999999999955,0.26339999999999997,0.07639999999999995,0.07639999999999995
hja2016_181,hja2016_014,hyporheic / sediment,across habitats,0.9304,0.6628,0.2672999999999997,0.22339999999999988,0.04390000000000001,0.045700000000000005
hja2016_193,hja2016_014,hyporheic / soil,across habitats,0.9799,0.8393,0.47239999999999976,0.36164999999999986,0.11075000000000003,0.11325
hja2016_194,hja2016_014,hyporheic / soil,across habitats,0.9085,0.6117,0.2546999999999999,0.22134999999999988,0.033350000000000005,0.033350000000000005
hja2016_195,hja2016_014,hyporheic / soil,across habitats,0.9658,0.7405,0.34094999999999975,0.23264999999999975,0.1083,0.1083
hja2016_196,hja2016_014,hyporheic / soil,across habitats,0.9433,0.6447,0.2796999999999998,0.2102999999999999,0.06939999999999999,0.06939999999999999
hja2016_197,hja2016_014,hyporheic / soil,across habitats,0.9816,0.7908,0.45449999999999935,0.3941499999999996,0.06035,0.06035
hja2016_198,hja2016_014,hyporheic / soil,across habitats,0.9415,0.6554,0.2657999999999996,0.20299999999999982,0.06279999999999998,0.06329999999999998
hja2016_199,hja2016_014,hyporheic / soil,across habitats,0.9584,0.7263,0.3731999999999995,0.2770500000000001,0.09615,0.09675
hja2016_200,hja2016_014,hyporheic / soil,across habitats,0.9224,0.6581,0.3039499999999992,0.22099999999999986,0.08295000000000002,0.08345000000000002
hja2016_016,hja2016_015,hyporheic / hyporheic,within habitat,0.9591,0.7478,0.37879999999999975,0.35639999999999966,0.0224,0.0351
hja2016_018,hja2016_015,hyporheic / hyporheic,within habitat,0.9732,0.7685,0.39909999999999946,0.3396999999999996,0.0594,0.06720000000000001
hja2016_019,hja2016_015,hyporheic / hyporheic,within habitat,0.9386,0.6127,0.34584999999999977,0.32734999999999986,0.0185,0.032600000000000004
hja2016_020,hja2016_015,hyporheic / hyporheic,within habitat,0.9315,0.581,0.2523000000000002,0.23235000000000025,0.019950000000000002,0.021700000000000004
hja2016_021,hja2016_015,hyporheic / hyporheic,within habitat,0.9025,0.669,0.3952,0.3732999999999999,0.0219,0.03815
hja2016_027,hja2016_015,hyporheic / planktonic,across habitats,0.9207,0.614,0.2862000000000001,0.25220000000000026,0.034,0.0456
hja2016_065,hja2016_015,hyporheic / hyporheic,within habitat,0.9496,0.6768,0.38679999999999964,0.37159999999999965,0.015199999999999998,0.016499999999999997
hja2016_066,hja2016_015,hyporheic / hyporheic,within habitat,0.9486,0.6721,0.3456999999999997,0.3257499999999996,0.019950000000000002,0.024300000000000002
hja2016_070,hja2016_015,hyporheic / hyporheic,within habitat,0.9582,0.6529,0.3822499999999995,0.3512499999999995,0.031,0.038250000000000006
hja2016_071,hja2016_015,hyporheic / hyporheic,within habitat,0.9251,0.5596,0.25649999999999995,0.24345000000000006,0.013050000000000003,0.021249999999999998
hja2016_075,hja2016_015,hyporheic / hyporheic,within habitat,0.9019,0.5984,0.3339999999999999,0.32294999999999996,0.01105,0.028200000000000003
hja2016_078,hja2016_015,hyporheic / hyporheic,within habitat,0.9268,0.5896,0.27360000000000007,0.2580000000000001,0.015600000000000001,0.027950000000000003
hja2016_079,hja2016_015,hyporheic / hyporheic,within habitat,0.9273,0.6265,0.33179999999999954,0.3007499999999997,0.031049999999999998,0.04945
hja2016_084,hja2016_015,hyporheic / hyporheic,within habitat,0.9653,0.7736,0.5430499999999998,0.5010999999999997,0.04195,0.0526
hja2016_127,hja2016_015,hyporheic / sediment,across habitats,0.9232,0.6808,0.3293999999999996,0.2712499999999997,0.05815000000000001,0.06225000000000001
hja2016_129,hja2016_015,hyporheic / sediment,across habitats,0.9399,0.725,0.3539499999999993,0.28189999999999976,0.07205000000000002,0.07590000000000002
hja2016_131,hja2016_015,hyporheic / sediment,across habitats,0.9455,0.7291,0.3427499999999994,0.25589999999999974,0.08685000000000001,0.08805
hja2016_132,hja2016_015,hyporheic / sediment,across habitats,0.9495,0.7471,0.36404999999999915,0.26764999999999983,0.0964,0.09955
hja2016_133,hja2016_015,hyporheic / sediment,across habitats,0.939,0.713,0.32264999999999927,0.24199999999999966,0.08064999999999997,0.08389999999999997
hja2016_135,hja2016_015,hyporheic / sediment,across habitats,0.9488,0.7449,0.35954999999999937,0.28249999999999975,0.07705,0.07965
hja2016_136,hja2016_015,hyporheic / sediment,across habitats,0.9481,0.7538,0.3492999999999989,0.2918499999999993,0.05745,0.0611
hja2016_139,hja2016_015,hyporheic / sediment,across habitats,0.9389,0.7276,0.3270499999999994,0.2756499999999997,0.0514,0.053200000000000004
hja2016_140,hja2016_015,hyporheic / sediment,across habitats,0.9356,0.7165,0.32549999999999957,0.2629999999999999,0.06249999999999999,0.06375
hja2016_141,hja2016_015,hyporheic / sediment,across habitats,0.9456,0.7473,0.386549999999999,0.3133499999999996,0.0732,0.0741
hja2016_142,hja2016_015,hyporheic / sediment,across habitats,0.9574,0.743,0.38464999999999905,0.3103499999999996,0.0743,0.0746
hja2016_144,hja2016_015,hyporheic / sediment,across habitats,0.9595,0.7592,0.39719999999999894,0.3232499999999994,0.07395000000000002,0.07505000000000002
hja2016_145,hja2016_015,hyporheic / sediment,across habitats,0.944,0.7307,0.3328999999999993,0.2555999999999996,0.0773,0.0793
hja2016_146,hja2016_015,hyporheic / sediment,across habitats,0.9384,0.7133,0.32219999999999926,0.2790499999999995,0.043149999999999994,0.04554999999999999
hja2016_147,hja2016_015,hyporheic / sediment,across habitats,0.9429,0.7162,0.3162999999999993,0.23724999999999985,0.07904999999999997,0.0817
hja2016_148,hja2016_015,hyporheic / sediment,across habitats,0.9428,0.7289,0.3435499999999991,0.2628499999999998,0.08069999999999998,0.08224999999999998
hja2016_150,hja2016_015,hyporheic / sediment,across habitats,0.9335,0.7245,0.35739999999999883,0.2797999999999995,0.07760000000000002,0.08000000000000002
hja2016_151,hja2016_015,hyporheic / sediment,across habitats,0.9471,0.7084,0.3126499999999997,0.22385,0.08879999999999999,0.09004999999999999
hja2016_152,hja2016_015,hyporheic / sediment,across habitats,0.9408,0.7369,0.2935499999999995,0.2277999999999997,0.06574999999999999,0.06689999999999999
hja2016_155,hja2016_015,hyporheic / sediment,across habitats,0.9386,0.7113,0.3415499999999991,0.2739999999999997,0.06755000000000001,0.07055000000000002
hja2016_157,hja2016_015,hyporheic / sediment,across habitats,0.9189,0.6802,0.3137499999999995,0.2567999999999999,0.056950000000000014,0.05940000000000001
hja2016_159,hja2016_015,hyporheic / sediment,across habitats,0.9359,0.728,0.366049999999999,0.2922999999999995,0.07375,0.07375
hja2016_160,hja2016_015,hyporheic / sediment,across habitats,0.9189,0.6829,0.31304999999999894,0.2325999999999996,0.08044999999999997,0.08799999999999998
hja2016_183,hja2016_015,hyporheic / soil,across habitats,0.9792,0.8009,0.44299999999999906,0.31434999999999946,0.12865000000000001,0.12865000000000001
hja2016_184,hja2016_015,hyporheic / soil,across habitats,0.9819,0.825,0.4625999999999992,0.36509999999999926,0.0975,0.09775
hja2016_185,hja2016_015,hyporheic / soil,across habitats,0.987,0.8843,0.5948499999999992,0.5016999999999994,0.09314999999999998,0.09534999999999998
hja2016_188,hja2016_015,hyporheic / soil,across habitats,0.9933,0.9029,0.5775999999999992,0.45654999999999946,0.12105000000000002,0.12105000000000002
hja2016_189,hja2016_015,hyporheic / soil,across habitats,0.993,0.8688,0.558899999999999,0.39799999999999924,0.1609,0.16224999999999998
hja2016_190,hja2016_015,hyporheic / soil,across habitats,0.9832,0.8546,0.553399999999999,0.41589999999999927,0.1375,0.1375
hja2016_191,hja2016_015,hyporheic / soil,across habitats,0.9948,0.8824,0.6777499999999991,0.5778499999999998,0.09989999999999999,0.09989999999999999
hja2016_031,hja2016_015,hyporheic / hyporheic,within habitat,0.9218,0.715,0.45464999999999967,0.43644999999999967,0.0182,0.04010000000000001
hja2016_032,hja2016_015,hyporheic / hyporheic,within habitat,0.9279,0.669,0.41704999999999975,0.40739999999999976,0.00965,0.0392
hja2016_035,hja2016_015,hyporheic / hyporheic,within habitat,0.9572,0.7608,0.5735999999999991,0.50735,0.06625000000000002,0.0728
hja2016_037,hja2016_015,hyporheic / hyporheic,within habitat,0.9572,0.756,0.5455500000000002,0.5072499999999999,0.0383,0.050850000000000006
hja2016_042,hja2016_015,hyporheic / planktonic,across habitats,0.9371,0.71,0.45199999999999985,0.44979999999999987,0.0022,0.0204
hja2016_043,hja2016_015,hyporheic / hyporheic,within habitat,0.9404,0.6619,0.3995499999999998,0.37699999999999984,0.02255,0.03905
hja2016_049,hja2016_015,hyporheic / planktonic,across habitats,0.9084,0.7014,0.4189499999999997,0.4119999999999997,0.00695,0.025450000000000004
hja2016_050,hja2016_015,hyporheic / hyporheic,within habitat,0.9433,0.664,0.3411499999999998,0.3249999999999998,0.016149999999999998,0.0264
hja2016_052,hja2016_015,hyporheic / hyporheic,within habitat,0.9582,0.6961,0.3617999999999995,0.3497499999999995,0.012049999999999998,0.02855
hja2016_056,hja2016_015,hyporheic / hyporheic,within habitat,0.9685,0.7817,0.3194499999999992,0.3004499999999994,0.019,0.022450000000000005
hja2016_057,hja2016_015,hyporheic / hyporheic,within habitat,0.9357,0.6792,0.40339999999999965,0.40119999999999967,0.0022,0.015450000000000002
hja2016_059,hja2016_015,hyporheic / planktonic,across habitats,0.9158,0.6417,0.37739999999999957,0.3671999999999996,0.0102,0.01235
hja2016_062,hja2016_015,hyporheic / hyporheic,within habitat,0.9368,0.6468,0.21170000000000008,0.2013500000000001,0.01035,0.0187
hja2016_064,hja2016_015,hyporheic / planktonic,across habitats,0.9077,0.5808,0.36184999999999984,0.3299999999999999,0.03185,0.05465
hja2016_099,hja2016_015,hyporheic / planktonic,across habitats,0.9957,0.8932,0.6076999999999975,0.4299999999999989,0.17770000000000002,0.17770000000000002
hja2016_100,hja2016_015,hyporheic / planktonic,across habitats,0.9963,0.8881,0.6108999999999983,0.47929999999999895,0.1316,0.1324
hja2016_101,hja2016_015,hyporheic / planktonic,across habitats,0.995,0.8677,0.5591499999999979,0.41089999999999866,0.14825,0.15094999999999997
hja2016_102,hja2016_015,hyporheic / hyporheic,within habitat,0.9963,0.9009,0.6147999999999977,0.4248999999999986,0.1899,0.19085000000000002
hja2016_103,hja2016_015,hyporheic / planktonic,across habitats,0.992,0.8382,0.494099999999998,0.3708499999999984,0.12325000000000001,0.12325000000000001
hja2016_105,hja2016_015,hyporheic / planktonic,across habitats,0.9941,0.8948,0.6197999999999974,0.43184999999999846,0.18795,0.18795
hja2016_106,hja2016_015,hyporheic / planktonic,across habitats,0.9987,0.8775,0.5526499999999983,0.42829999999999885,0.12434999999999999,0.12434999999999999
hja2016_107,hja2016_015,hyporheic / hyporheic,within habitat,0.9941,0.8776,0.5958999999999973,0.422299999999999,0.17359999999999995,0.17359999999999995
hja2016_109,hja2016_015,hyporheic / planktonic,across habitats,0.9947,0.8546,0.5922999999999977,0.4571999999999989,0.13510000000000003,0.13545000000000001
hja2016_110,hja2016_015,hyporheic / hyporheic,within habitat,0.9944,0.8667,0.5899499999999975,0.44494999999999885,0.14500000000000002,0.14500000000000002
hja2016_111,hja2016_015,hyporheic / planktonic,across habitats,0.9932,0.8763,0.5677499999999979,0.4081499999999988,0.15960000000000005,0.16045000000000004
hja2016_114,hja2016_015,hyporheic / planktonic,across habitats,0.9943,0.871,0.5595499999999973,0.38994999999999896,0.16960000000000006,0.17040000000000005
hja2016_116,hja2016_015,hyporheic / planktonic,across habitats,0.9935,0.8868,0.6116499999999975,0.4275999999999989,0.18405000000000005,0.18485000000000004
hja2016_119,hja2016_015,hyporheic / planktonic,across habitats,0.9928,0.8275,0.46649999999999847,0.32444999999999874,0.14205,0.14215000000000003
hja2016_121,hja2016_015,hyporheic / hyporheic,within habitat,0.9983,0.8862,0.5909499999999982,0.4671999999999988,0.12374999999999997,0.12374999999999997
hja2016_122,hja2016_015,hyporheic / sediment,across habitats,0.9372,0.7266,0.3593999999999991,0.28809999999999975,0.07130000000000002,0.07675000000000003
hja2016_125,hja2016_015,hyporheic / sediment,across habitats,0.936,0.7285,0.356449999999999,0.27515,0.08129999999999998,0.08414999999999999
hja2016_164,hja2016_015,hyporheic / sediment,across habitats,0.9408,0.758,0.36159999999999914,0.2768999999999997,0.08470000000000003,0.08895000000000002
hja2016_166,hja2016_015,hyporheic / sediment,across habitats,0.9236,0.6977,0.2983999999999992,0.22124999999999975,0.07715,0.08165
hja2016_167,hja2016_015,hyporheic / sediment,across habitats,0.9457,0.7114,0.346699999999999,0.27644999999999975,0.07024999999999999,0.07504999999999999
hja2016_169,hja2016_015,hyporheic / sediment,across habitats,0.9404,0.7069,0.33039999999999903,0.2614499999999996,0.06894999999999998,0.07234999999999998
hja2016_170,hja2016_015,hyporheic / sediment,across habitats,0.9187,0.6571,0.28364999999999957,0.23389999999999986,0.04975000000000001,0.051100000000000007
hja2016_177,hja2016_015,hyporheic / sediment,across habitats,0.9503,0.7468,0.3482999999999992,0.2723999999999995,0.07590000000000001,0.0772
hja2016_179,hja2016_015,hyporheic / sediment,across habitats,0.9322,0.7025,0.3183499999999995,0.27314999999999967,0.04519999999999999,0.04799999999999999
hja2016_180,hja2016_015,hyporheic / sediment,across habitats,0.9206,0.6923,0.30739999999999945,0.2284499999999998,0.07895,0.08495
hja2016_181,hja2016_015,hyporheic / sediment,across habitats,0.9201,0.6525,0.2778499999999995,0.23304999999999973,0.044800000000000006,0.044800000000000006
hja2016_193,hja2016_015,hyporheic / soil,across habitats,0.9869,0.8484,0.48294999999999916,0.3620499999999994,0.1209,0.12269999999999999
hja2016_194,hja2016_015,hyporheic / soil,across habitats,0.9528,0.7502,0.3697999999999991,0.2922999999999997,0.0775,0.0825
hja2016_195,hja2016_015,hyporheic / soil,across habitats,0.9855,0.8317,0.4802999999999994,0.3317499999999996,0.14854999999999996,0.14854999999999996
hja2016_196,hja2016_015,hyporheic / soil,across habitats,0.9567,0.7214,0.32889999999999897,0.22379999999999986,0.10510000000000005,0.10510000000000005
hja2016_197,hja2016_015,hyporheic / soil,across habitats,0.9839,0.8106,0.48559999999999925,0.4099999999999993,0.0756,0.0764
hja2016_198,hja2016_015,hyporheic / soil,across habitats,0.9678,0.7729,0.3744999999999989,0.2540499999999998,0.12044999999999999,0.12355000000000001
hja2016_199,hja2016_015,hyporheic / soil,across habitats,0.9767,0.809,0.44429999999999914,0.33494999999999936,0.10934999999999999,0.11224999999999997
hja2016_200,hja2016_015,hyporheic / soil,across habitats,0.9692,0.802,0.43349999999999883,0.2940499999999995,0.13944999999999996,0.14214999999999997
hja2016_018,hja2016_016,hyporheic / hyporheic,within habitat,0.9858,0.824,0.45574999999999904,0.39344999999999963,0.06229999999999999,0.0685
hja2016_019,hja2016_016,hyporheic / hyporheic,within habitat,0.9552,0.7498,0.38319999999999976,0.35639999999999983,0.026799999999999997,0.0317
hja2016_020,hja2016_016,hyporheic / hyporheic,within habitat,0.952,0.7203,0.3190999999999992,0.2947499999999994,0.024350000000000004,0.029000000000000005
hja2016_021,hja2016_016,hyporheic / hyporheic,within habitat,0.9654,0.7219,0.3604999999999999,0.3454999999999999,0.015,0.0234
hja2016_027,hja2016_016,hyporheic / planktonic,across habitats,0.9657,0.7379,0.33274999999999966,0.29109999999999986,0.04165,0.044899999999999995
hja2016_065,hja2016_016,hyporheic / hyporheic,within habitat,0.9702,0.7716,0.6118999999999979,0.5928499999999981,0.019049999999999997,0.021649999999999996
hja2016_066,hja2016_016,hyporheic / hyporheic,within habitat,0.9664,0.7568,0.3576499999999998,0.32589999999999975,0.031749999999999994,0.032549999999999996
hja2016_070,hja2016_016,hyporheic / hyporheic,within habitat,0.9628,0.7451,0.37244999999999967,0.3485999999999996,0.023850000000000003,0.0317
hja2016_071,hja2016_016,hyporheic / hyporheic,within habitat,0.9575,0.7184,0.30534999999999934,0.2717999999999996,0.03355,0.03915000000000001
hja2016_075,hja2016_016,hyporheic / hyporheic,within habitat,0.9471,0.7173,0.3044999999999999,0.28070000000000006,0.02380000000000001,0.03475000000000001
hja2016_078,hja2016_016,hyporheic / hyporheic,within habitat,0.9511,0.7391,0.33394999999999997,0.30795,0.026000000000000002,0.0398
hja2016_079,hja2016_016,hyporheic / hyporheic,within habitat,0.953,0.7315,0.3247999999999997,0.28919999999999996,0.03560000000000001,0.04075
hja2016_084,hja2016_016,hyporheic / hyporheic,within habitat,0.9687,0.8301,0.4677999999999995,0.41604999999999936,0.051750000000000004,0.0582
hja2016_127,hja2016_016,hyporheic / sediment,across habitats,0.9669,0.8036,0.6152499999999965,0.5450499999999978,0.07019999999999997,0.07089999999999998
hja2016_129,hja2016_016,hyporheic / sediment,across habitats,0.9665,0.8166,0.392099999999999,0.2871999999999996,0.10490000000000005,0.10880000000000005
hja2016_131,hja2016_016,hyporheic / sediment,across habitats,0.9721,0.8232,0.5966999999999968,0.48429999999999845,0.1124,0.11430000000000001
hja2016_132,hja2016_016,hyporheic / sediment,across habitats,0.9746,0.8401,0.6132999999999972,0.5152999999999983,0.09799999999999998,0.10014999999999996
hja2016_133,hja2016_016,hyporheic / sediment,across habitats,0.9664,0.793,0.33624999999999916,0.23319999999999974,0.10304999999999997,0.10399999999999998
hja2016_135,hja2016_016,hyporheic / sediment,across habitats,0.9709,0.8377,0.6225999999999965,0.5361499999999979,0.08644999999999999,0.08889999999999999
hja2016_136,hja2016_016,hyporheic / sediment,across habitats,0.9788,0.843,0.3967499999999986,0.31549999999999934,0.08124999999999995,0.08124999999999995
hja2016_139,hja2016_016,hyporheic / sediment,across habitats,0.9712,0.83,0.3817999999999986,0.2897999999999996,0.092,0.0951
hja2016_140,hja2016_016,hyporheic / sediment,across habitats,0.9752,0.8173,0.5964999999999971,0.5057499999999986,0.09075000000000004,0.09350000000000004
hja2016_141,hja2016_016,hyporheic / sediment,across habitats,0.979,0.8371,0.4129999999999989,0.3253499999999995,0.08765000000000002,0.08920000000000003
hja2016_142,hja2016_016,hyporheic / sediment,across habitats,0.979,0.8371,0.4041999999999988,0.28459999999999963,0.11960000000000004,0.12105000000000003
hja2016_144,hja2016_016,hyporheic / sediment,across habitats,0.9806,0.85,0.40744999999999887,0.2997499999999998,0.10770000000000002,0.10880000000000004
hja2016_145,hja2016_016,hyporheic / sediment,across habitats,0.9708,0.8255,0.39534999999999915,0.28619999999999945,0.10914999999999998,0.10914999999999998
hja2016_146,hja2016_016,hyporheic / sediment,across habitats,0.9762,0.8073,0.3810499999999991,0.30194999999999944,0.07909999999999999,0.07909999999999999
hja2016_147,hja2016_016,hyporheic / sediment,across habitats,0.9651,0.7958,0.33794999999999925,0.24259999999999982,0.09534999999999999,0.09534999999999999
hja2016_148,hja2016_016,hyporheic / sediment,across habitats,0.9704,0.8292,0.399949999999999,0.2879499999999996,0.112,0.11305
hja2016_150,hja2016_016,hyporheic / sediment,across habitats,0.9722,0.827,0.6318499999999979,0.5104499999999984,0.12140000000000002,0.12210000000000003
hja2016_151,hja2016_016,hyporheic / sediment,across habitats,0.9714,0.7853,0.3366999999999992,0.2301999999999999,0.10650000000000003,0.10650000000000003
hja2016_152,hja2016_016,hyporheic / sediment,across habitats,0.9706,0.8126,0.3788999999999993,0.22319999999999982,0.15569999999999998,0.15639999999999998
hja2016_155,hja2016_016,hyporheic / sediment,across habitats,0.9707,0.8274,0.3965999999999989,0.29094999999999943,0.10565000000000002,0.10595000000000003
hja2016_157,hja2016_016,hyporheic / sediment,across habitats,0.9726,0.8097,0.3836499999999991,0.2820499999999999,0.10160000000000002,0.10160000000000002
hja2016_159,hja2016_016,hyporheic / sediment,across habitats,0.9705,0.8266,0.6123499999999972,0.5028499999999982,0.1095,0.11385000000000002
hja2016_160,hja2016_016,hyporheic / sediment,across habitats,0.9676,0.7883,0.3459999999999988,0.25209999999999966,0.0939,0.0939
hja2016_183,hja2016_016,hyporheic / soil,across habitats,0.9864,0.8853,0.4344499999999993,0.31199999999999956,0.12245000000000002,0.12545
hja2016_184,hja2016_016,hyporheic / soil,across habitats,0.9904,0.8793,0.4333499999999991,0.3397999999999997,0.09355000000000001,0.09465000000000001
hja2016_185,hja2016_016,hyporheic / soil,across habitats,0.9927,0.9204,0.498849999999999,0.40154999999999913,0.09729999999999997,0.09954999999999997
hja2016_188,hja2016_016,hyporheic / soil,across habitats,0.9989,0.9459,0.5984999999999988,0.3873999999999995,0.2111,0.21180000000000004
hja2016_189,hja2016_016,hyporheic / soil,across habitats,0.9989,0.9291,0.7889999999999987,0.5524499999999987,0.23655000000000007,0.23655000000000007
hja2016_190,hja2016_016,hyporheic / soil,across habitats,0.994,0.9015,0.6997999999999975,0.559749999999998,0.14005,0.1426
hja2016_191,hja2016_016,hyporheic / soil,across habitats,0.9976,0.9107,0.5770499999999995,0.5056499999999997,0.07139999999999999,0.07139999999999999
hja2016_031,hja2016_016,hyporheic / hyporheic,within habitat,0.9531,0.7931,0.39684999999999987,0.39094999999999985,0.0059,0.0229
hja2016_032,hja2016_016,hyporheic / hyporheic,within habitat,0.947,0.7397,0.37439999999999984,0.36954999999999993,0.00485,0.035550000000000005
hja2016_035,hja2016_016,hyporheic / hyporheic,within habitat,0.9614,0.8185,0.47034999999999977,0.4098499999999997,0.060500000000000005,0.06875
hja2016_037,hja2016_016,hyporheic / hyporheic,within habitat,0.9605,0.8087,0.4777500000000001,0.4353500000000002,0.0424,0.050749999999999997
hja2016_042,hja2016_016,hyporheic / planktonic,across habitats,0.9609,0.7902,0.4266499999999999,0.4138999999999999,0.012750000000000001,0.016550000000000002
hja2016_043,hja2016_016,hyporheic / hyporheic,within habitat,0.9453,0.7583,0.3617499999999999,0.34909999999999997,0.012650000000000002,0.0242
hja2016_049,hja2016_016,hyporheic / planktonic,across habitats,0.9529,0.7779,0.3513499999999996,0.34379999999999966,0.00755,0.01745
hja2016_050,hja2016_016,hyporheic / hyporheic,within habitat,0.9558,0.7739,0.3381499999999999,0.30840000000000006,0.02975,0.031849999999999996
hja2016_052,hja2016_016,hyporheic / hyporheic,within habitat,0.9728,0.7853,0.40594999999999926,0.3868499999999993,0.0191,0.021300000000000003
hja2016_056,hja2016_016,hyporheic / hyporheic,within habitat,0.9723,0.8302,0.2758999999999997,0.26654999999999995,0.00935,0.0105
hja2016_057,hja2016_016,hyporheic / hyporheic,within habitat,0.9716,0.7898,0.36825,0.3589499999999999,0.0093,0.02045
hja2016_059,hja2016_016,hyporheic / planktonic,across habitats,0.9507,0.7493,0.3493499999999995,0.3318999999999995,0.017449999999999997,0.025499999999999995
hja2016_062,hja2016_016,hyporheic / hyporheic,within habitat,0.9696,0.7447,0.24400000000000008,0.2176500000000001,0.026349999999999995,0.03425
hja2016_064,hja2016_016,hyporheic / planktonic,across habitats,0.9492,0.7486,0.35164999999999974,0.31389999999999973,0.037750000000000006,0.0602
hja2016_099,hja2016_016,hyporheic / planktonic,across habitats,0.9983,0.9226,0.5617499999999974,0.38374999999999876,0.17800000000000002,0.17890000000000003
hja2016_100,hja2016_016,hyporheic / planktonic,across habitats,0.9991,0.9291,0.565049999999998,0.44439999999999846,0.12065000000000001,0.12065000000000001
hja2016_101,hja2016_016,hyporheic / planktonic,across habitats,0.9984,0.9099,0.7518999999999965,0.6060999999999964,0.1458,0.14665
hja2016_102,hja2016_016,hyporheic / hyporheic,within habitat,0.9985,0.9245,0.777649999999996,0.6014499999999966,0.1762,0.1762
hja2016_103,hja2016_016,hyporheic / planktonic,across habitats,0.9971,0.8997,0.7022999999999954,0.5869999999999961,0.1153,0.1153
hja2016_105,hja2016_016,hyporheic / planktonic,across habitats,0.9967,0.9237,0.5671999999999979,0.39124999999999865,0.17595,0.17595
hja2016_106,hja2016_016,hyporheic / planktonic,across habitats,0.9998,0.9225,0.5589499999999984,0.4324499999999986,0.1265,0.12675
hja2016_107,hja2016_016,hyporheic / hyporheic,within habitat,0.9986,0.9172,0.7432499999999959,0.5730999999999967,0.17014999999999997,0.17014999999999997
hja2016_109,hja2016_016,hyporheic / planktonic,across habitats,0.9982,0.9063,0.5564999999999977,0.42534999999999873,0.13115,0.13115
hja2016_110,hja2016_016,hyporheic / hyporheic,within habitat,0.9977,0.9104,0.5605999999999981,0.408349999999999,0.15225,0.15225
hja2016_111,hja2016_016,hyporheic / planktonic,across habitats,0.9981,0.9186,0.5501499999999984,0.3853499999999988,0.16480000000000003,0.16480000000000003
hja2016_114,hja2016_016,hyporheic / planktonic,across habitats,0.9986,0.9142,0.5548499999999976,0.39784999999999887,0.15700000000000006,0.15785000000000005
hja2016_116,hja2016_016,hyporheic / planktonic,across habitats,0.9979,0.9199,0.7783999999999958,0.6102499999999969,0.16815000000000005,0.16910000000000006
hja2016_119,hja2016_016,hyporheic / planktonic,across habitats,0.9955,0.8804,0.46164999999999834,0.31944999999999857,0.1422,0.1422
hja2016_121,hja2016_016,hyporheic / hyporheic,within habitat,0.9993,0.9266,0.5642999999999985,0.4491999999999983,0.1151,0.1151
hja2016_122,hja2016_016,hyporheic / sediment,across habitats,0.9707,0.8323,0.40224999999999855,0.29419999999999946,0.10805000000000003,0.10985000000000002
hja2016_125,hja2016_016,hyporheic / sediment,across habitats,0.9742,0.8332,0.6237499999999967,0.5143999999999972,0.10934999999999999,0.11099999999999999
hja2016_164,hja2016_016,hyporheic / sediment,across habitats,0.975,0.8414,0.40114999999999895,0.2770499999999997,0.12410000000000002,0.12515
hja2016_166,hja2016_016,hyporheic / sediment,across habitats,0.9718,0.7946,0.3479499999999986,0.26069999999999977,0.08725,0.0881
hja2016_167,hja2016_016,hyporheic / sediment,across habitats,0.9686,0.7922,0.35299999999999887,0.2732499999999997,0.07974999999999999,0.0807
hja2016_169,hja2016_016,hyporheic / sediment,across habitats,0.9686,0.7848,0.34729999999999916,0.26884999999999987,0.07844999999999999,0.07844999999999999
hja2016_170,hja2016_016,hyporheic / sediment,across habitats,0.9649,0.7883,0.3513999999999985,0.2623499999999997,0.08905000000000002,0.09060000000000001
hja2016_177,hja2016_016,hyporheic / sediment,across habitats,0.9722,0.8351,0.618549999999997,0.5376499999999979,0.0809,0.0825
hja2016_179,hja2016_016,hyporheic / sediment,across habitats,0.9732,0.8123,0.37499999999999906,0.2911999999999993,0.08379999999999997,0.08464999999999999
hja2016_180,hja2016_016,hyporheic / sediment,across habitats,0.9711,0.7995,0.3502999999999992,0.2604499999999998,0.08984999999999996,0.09234999999999996
hja2016_181,hja2016_016,hyporheic / sediment,across habitats,0.9635,0.786,0.34654999999999875,0.2514999999999998,0.09505000000000005,0.09580000000000005
hja2016_193,hja2016_016,hyporheic / soil,across habitats,0.9941,0.9108,0.7039499999999982,0.5558999999999985,0.14805000000000001,0.14805000000000001
hja2016_194,hja2016_016,hyporheic / soil,across habitats,0.9791,0.8373,0.40104999999999885,0.30474999999999935,0.09630000000000001,0.09630000000000001
hja2016_195,hja2016_016,hyporheic / soil,across habitats,0.9928,0.8901,0.4395499999999992,0.3023499999999996,0.1372,0.14044999999999996
hja2016_196,hja2016_016,hyporheic / soil,across habitats,0.9798,0.8262,0.39134999999999864,0.27249999999999963,0.11885000000000003,0.12250000000000004
hja2016_197,hja2016_016,hyporheic / soil,across habitats,0.9889,0.864,0.49319999999999875,0.42799999999999905,0.0652,0.0652
hja2016_198,hja2016_016,hyporheic / soil,across habitats,0.9878,0.8596,0.4105499999999988,0.28129999999999944,0.12925,0.13065000000000002
hja2016_199,hja2016_016,hyporheic / soil,across habitats,0.9876,0.8711,0.43864999999999915,0.3088499999999999,0.1298,0.1331
hja2016_200,hja2016_016,hyporheic / soil,across habitats,0.9865,0.8813,0.4389999999999989,0.30129999999999924,0.13770000000000002,0.13920000000000002
hja2016_019,hja2016_018,hyporheic / hyporheic,within habitat,0.9483,0.6995,0.3633999999999998,0.3228,0.04059999999999999,0.045349999999999994
hja2016_020,hja2016_018,hyporheic / hyporheic,within habitat,0.9373,0.6333,0.2742499999999997,0.2279,0.046349999999999995,0.0498
hja2016_021,hja2016_018,hyporheic / hyporheic,within habitat,0.9731,0.832,0.5533499999999986,0.4789499999999995,0.07440000000000002,0.08165000000000003
hja2016_027,hja2016_018,hyporheic / planktonic,across habitats,0.9697,0.7899,0.37164999999999954,0.3393999999999997,0.03225,0.03315
hja2016_065,hja2016_018,hyporheic / hyporheic,within habitat,0.9389,0.6036,0.18719999999999998,0.18154999999999996,0.0056500000000000005,0.0091
hja2016_066,hja2016_018,hyporheic / hyporheic,within habitat,0.9143,0.6036,0.16229999999999986,0.12664999999999998,0.035649999999999994,0.04315
hja2016_070,hja2016_018,hyporheic / hyporheic,within habitat,0.9673,0.7002,0.29129999999999984,0.2550999999999998,0.036199999999999996,0.04285
hja2016_071,hja2016_018,hyporheic / hyporheic,within habitat,0.9305,0.6368,0.20710000000000003,0.17355000000000007,0.033549999999999996,0.037399999999999996
hja2016_075,hja2016_018,hyporheic / hyporheic,within habitat,0.9551,0.7063,0.36344999999999966,0.3046499999999998,0.058800000000000005,0.05965
hja2016_078,hja2016_018,hyporheic / hyporheic,within habitat,0.9454,0.676,0.2854000000000002,0.2804500000000002,0.0049499999999999995,0.017600000000000005
hja2016_079,hja2016_018,hyporheic / hyporheic,within habitat,0.9607,0.7169,0.2871999999999996,0.22360000000000008,0.06359999999999999,0.06835000000000001
hja2016_084,hja2016_018,hyporheic / hyporheic,within habitat,0.9429,0.7072,0.2866999999999997,0.2500499999999999,0.036649999999999995,0.040749999999999995
hja2016_127,hja2016_018,hyporheic / sediment,across habitats,0.9284,0.7463,0.4453999999999989,0.36634999999999956,0.07905,0.07905
hja2016_129,hja2016_018,hyporheic / sediment,across habitats,0.9295,0.7395,0.4264999999999994,0.34024999999999933,0.08625,0.0867
hja2016_131,hja2016_018,hyporheic / sediment,across habitats,0.9269,0.7388,0.41734999999999933,0.32459999999999956,0.09275000000000003,0.09365000000000004
hja2016_132,hja2016_018,hyporheic / sediment,across habitats,0.9505,0.7625,0.3598999999999992,0.26069999999999977,0.09919999999999997,0.10094999999999997
hja2016_133,hja2016_018,hyporheic / sediment,across habitats,0.9532,0.7538,0.3613499999999992,0.2674499999999997,0.09389999999999998,0.09494999999999999
hja2016_135,hja2016_018,hyporheic / sediment,across habitats,0.947,0.7603,0.4238499999999988,0.33659999999999946,0.08725,0.08725
hja2016_136,hja2016_018,hyporheic / sediment,across habitats,0.939,0.7695,0.4173999999999988,0.3305999999999993,0.08679999999999999,0.08719999999999999
hja2016_139,hja2016_018,hyporheic / sediment,across habitats,0.9193,0.7492,0.3734499999999989,0.2879999999999994,0.08545000000000001,0.08780000000000002
hja2016_140,hja2016_018,hyporheic / sediment,across habitats,0.9351,0.7526,0.42419999999999913,0.3300499999999995,0.09415000000000005,0.09425000000000006
hja2016_141,hja2016_018,hyporheic / sediment,across habitats,0.9362,0.7664,0.37274999999999925,0.28504999999999975,0.08770000000000001,0.08770000000000001
hja2016_142,hja2016_018,hyporheic / sediment,across habitats,0.9284,0.746,0.37319999999999937,0.3076999999999993,0.06549999999999997,0.06559999999999998
hja2016_144,hja2016_018,hyporheic / sediment,across habitats,0.9236,0.7422,0.3863999999999987,0.3026499999999992,0.08375,0.08540000000000002
hja2016_145,hja2016_018,hyporheic / sediment,across habitats,0.9323,0.7408,0.41944999999999905,0.32774999999999926,0.09169999999999999,0.09215
hja2016_146,hja2016_018,hyporheic / sediment,across habitats,0.9382,0.75,0.4201999999999995,0.3346999999999999,0.0855,0.08595000000000001
hja2016_147,hja2016_018,hyporheic / sediment,across habitats,0.9531,0.7545,0.35129999999999917,0.26094999999999985,0.09034999999999997,0.09034999999999997
hja2016_148,hja2016_018,hyporheic / sediment,across habitats,0.9204,0.7482,0.3478999999999993,0.2757999999999996,0.0721,0.07295
hja2016_150,hja2016_018,hyporheic / sediment,across habitats,0.9309,0.7565,0.42979999999999885,0.3402999999999994,0.08950000000000002,0.09080000000000003
hja2016_151,hja2016_018,hyporheic / sediment,across habitats,0.9526,0.7402,0.34934999999999927,0.24374999999999988,0.10560000000000001,0.10570000000000002
hja2016_152,hja2016_018,hyporheic / sediment,across habitats,0.945,0.7703,0.43334999999999935,0.3288499999999995,0.10449999999999998,0.10515
hja2016_155,hja2016_018,hyporheic / sediment,across habitats,0.9149,0.7425,0.41994999999999877,0.3235999999999989,0.09635000000000002,0.09780000000000003
hja2016_157,hja2016_018,hyporheic / sediment,across habitats,0.9331,0.7508,0.42534999999999884,0.33819999999999917,0.08715,0.08760000000000001
hja2016_159,hja2016_018,hyporheic / sediment,across habitats,0.9226,0.7543,0.3501999999999994,0.2691499999999997,0.08105000000000001,0.08270000000000001
hja2016_160,hja2016_018,hyporheic / sediment,across habitats,0.9562,0.7671,0.351999999999999,0.25764999999999966,0.09434999999999999,0.09724999999999999
hja2016_183,hja2016_018,hyporheic / soil,across habitats,0.9585,0.7675,0.36219999999999936,0.2545499999999996,0.10765000000000004,0.10820000000000003
hja2016_184,hja2016_018,hyporheic / soil,across habitats,0.9616,0.7788,0.4752999999999988,0.38069999999999915,0.09460000000000002,0.09530000000000002
hja2016_185,hja2016_018,hyporheic / soil,across habitats,0.9756,0.8243,0.5924999999999985,0.46114999999999934,0.13135,0.13135
hja2016_188,hja2016_018,hyporheic / soil,across habitats,0.9918,0.9078,0.6574499999999972,0.4646499999999993,0.19280000000000005,0.19300000000000006
hja2016_189,hja2016_018,hyporheic / soil,across habitats,0.9897,0.8602,0.6253499999999985,0.40274999999999955,0.22260000000000008,0.22270000000000006
hja2016_190,hja2016_018,hyporheic / soil,across habitats,0.9721,0.8067,0.5085499999999992,0.33879999999999955,0.16974999999999998,0.17104999999999998
hja2016_191,hja2016_018,hyporheic / soil,across habitats,0.9884,0.883,0.6497499999999977,0.5240999999999987,0.12565,0.12680000000000002
hja2016_031,hja2016_018,hyporheic / hyporheic,within habitat,0.9751,0.7924,0.43574999999999947,0.4029499999999996,0.032799999999999996,0.037349999999999994
hja2016_032,hja2016_018,hyporheic / hyporheic,within habitat,0.9684,0.77,0.4498499999999995,0.4102999999999998,0.03954999999999999,0.04599999999999999
hja2016_035,hja2016_018,hyporheic / hyporheic,within habitat,0.9567,0.683,0.23059999999999986,0.2104499999999998,0.02015,0.0223
hja2016_037,hja2016_018,hyporheic / hyporheic,within habitat,0.9497,0.7367,0.3086499999999997,0.3026999999999997,0.00595,0.018400000000000003
hja2016_042,hja2016_018,hyporheic / planktonic,across habitats,0.9759,0.7772,0.39514999999999995,0.37665000000000004,0.018500000000000003,0.0245
hja2016_043,hja2016_018,hyporheic / hyporheic,within habitat,0.9633,0.7705,0.34329999999999966,0.3260999999999997,0.0172,0.02075
hja2016_049,hja2016_018,hyporheic / planktonic,across habitats,0.9798,0.8739,0.5125999999999988,0.4733999999999994,0.03919999999999999,0.045349999999999994
hja2016_050,hja2016_018,hyporheic / hyporheic,within habitat,0.9619,0.6978,0.2545,0.22235000000000005,0.03215,0.03779999999999999
hja2016_052,hja2016_018,hyporheic / hyporheic,within habitat,0.9287,0.6643,0.27595,0.23855000000000007,0.037399999999999996,0.0436
hja2016_056,hja2016_018,hyporheic / hyporheic,within habitat,0.9405,0.7134,0.20870000000000002,0.18525000000000008,0.02345,0.031
hja2016_057,hja2016_018,hyporheic / hyporheic,within habitat,0.9651,0.7294,0.31004999999999994,0.2724499999999999,0.037599999999999995,0.04165
hja2016_059,hja2016_018,hyporheic / planktonic,across habitats,0.9631,0.7762,0.38424999999999965,0.3511499999999997,0.033100000000000004,0.03775000000000001
hja2016_062,hja2016_018,hyporheic / hyporheic,within habitat,0.9435,0.672,0.21845,0.17875000000000005,0.039699999999999985,0.04144999999999999
hja2016_064,hja2016_018,hyporheic / planktonic,across habitats,0.9636,0.7697,0.3883999999999996,0.34749999999999964,0.0409,0.047599999999999996
hja2016_099,hja2016_018,hyporheic / planktonic,across habitats,0.9901,0.8161,0.4173499999999988,0.2638999999999997,0.15345,0.15345
hja2016_100,hja2016_018,hyporheic / planktonic,across habitats,0.9924,0.8474,0.5256999999999985,0.38719999999999916,0.13849999999999998,0.13849999999999998
hja2016_101,hja2016_018,hyporheic / planktonic,across habitats,0.9917,0.8157,0.47999999999999815,0.3565999999999989,0.12340000000000002,0.12340000000000002
hja2016_102,hja2016_018,hyporheic / hyporheic,within habitat,0.9878,0.8322,0.4135999999999986,0.2791499999999994,0.13445000000000007,0.13445000000000007
hja2016_103,hja2016_018,hyporheic / planktonic,across habitats,0.9839,0.7774,0.3961999999999984,0.2973499999999991,0.09885000000000002,0.09970000000000002
hja2016_105,hja2016_018,hyporheic / planktonic,across habitats,0.9887,0.8312,0.42099999999999876,0.2815999999999994,0.13940000000000002,0.13940000000000002
hja2016_106,hja2016_018,hyporheic / planktonic,across habitats,0.9966,0.8452,0.48494999999999894,0.3517999999999994,0.13315000000000005,0.13315000000000005
hja2016_107,hja2016_018,hyporheic / hyporheic,within habitat,0.9883,0.803,0.3948499999999991,0.2574999999999998,0.13734999999999997,0.13834999999999997
hja2016_109,hja2016_018,hyporheic / planktonic,across habitats,0.9885,0.8046,0.4610999999999987,0.33344999999999947,0.12764999999999999,0.12775
hja2016_110,hja2016_018,hyporheic / hyporheic,within habitat,0.9899,0.8111,0.5167999999999987,0.3946999999999993,0.12210000000000007,0.12210000000000007
hja2016_111,hja2016_018,hyporheic / planktonic,across habitats,0.9878,0.816,0.38834999999999875,0.24969999999999987,0.13865000000000005,0.13920000000000005
hja2016_114,hja2016_018,hyporheic / planktonic,across habitats,0.9896,0.8109,0.36739999999999934,0.2801499999999996,0.08724999999999998,0.08799999999999998
hja2016_116,hja2016_018,hyporheic / planktonic,across habitats,0.9869,0.8139,0.4721999999999988,0.3239999999999992,0.14820000000000003,0.14820000000000003
hja2016_119,hja2016_018,hyporheic / planktonic,across habitats,0.9832,0.7596,0.3185999999999991,0.20109999999999997,0.11750000000000003,0.11835000000000002
hja2016_121,hja2016_018,hyporheic / hyporheic,within habitat,0.9971,0.8476,0.5292999999999982,0.40754999999999897,0.12175000000000001,0.12175000000000001
hja2016_122,hja2016_018,hyporheic / sediment,across habitats,0.9219,0.7486,0.40259999999999907,0.3198999999999992,0.08269999999999998,0.08379999999999997
hja2016_125,hja2016_018,hyporheic / sediment,across habitats,0.9217,0.7573,0.4025999999999991,0.32719999999999927,0.07539999999999998,0.07759999999999997
hja2016_164,hja2016_018,hyporheic / sediment,across habitats,0.9451,0.7783,0.4408999999999986,0.34029999999999916,0.10060000000000001,0.10060000000000001
hja2016_166,hja2016_018,hyporheic / sediment,across habitats,0.9525,0.7599,0.3652999999999989,0.27949999999999947,0.0858,0.0863
hja2016_167,hja2016_018,hyporheic / sediment,across habitats,0.9523,0.7448,0.3636999999999992,0.2826999999999997,0.08099999999999997,0.08144999999999998
hja2016_169,hja2016_018,hyporheic / sediment,across habitats,0.9561,0.7517,0.3544499999999996,0.26959999999999984,0.08484999999999998,0.08564999999999998
hja2016_170,hja2016_018,hyporheic / sediment,across habitats,0.9325,0.7495,0.41829999999999873,0.3401499999999991,0.07814999999999998,0.08065000000000001
hja2016_177,hja2016_018,hyporheic / sediment,across habitats,0.9476,0.7551,0.38314999999999916,0.2996499999999995,0.08350000000000002,0.08515000000000002
hja2016_179,hja2016_018,hyporheic / sediment,across habitats,0.9366,0.756,0.4309999999999988,0.3463999999999991,0.08460000000000002,0.08600000000000001
hja2016_180,hja2016_018,hyporheic / sediment,across habitats,0.9547,0.7653,0.3526999999999993,0.26079999999999975,0.09189999999999998,0.09399999999999997
hja2016_181,hja2016_018,hyporheic / sediment,across habitats,0.9304,0.7493,0.42134999999999884,0.3227999999999991,0.09855,0.0989
hja2016_193,hja2016_018,hyporheic / soil,across habitats,0.9821,0.8519,0.6282499999999979,0.4191999999999991,0.20905000000000007,0.20905000000000007
hja2016_194,hja2016_018,hyporheic / soil,across habitats,0.9291,0.7373,0.34744999999999915,0.2791499999999999,0.06830000000000001,0.0689
hja2016_195,hja2016_018,hyporheic / soil,across habitats,0.9732,0.8105,0.493799999999999,0.34274999999999944,0.15105,0.15105
hja2016_196,hja2016_018,hyporheic / soil,across habitats,0.9453,0.7414,0.3587999999999991,0.2512999999999998,0.10750000000000004,0.10960000000000003
hja2016_197,hja2016_018,hyporheic / soil,across habitats,0.9812,0.8466,0.578449999999998,0.474199999999999,0.10425000000000004,0.10530000000000003
hja2016_198,hja2016_018,hyporheic / soil,across habitats,0.9497,0.7623,0.45169999999999844,0.32404999999999906,0.12764999999999999,0.12979999999999997
hja2016_199,hja2016_018,hyporheic / soil,across habitats,0.969,0.7926,0.5009999999999987,0.3583999999999993,0.14260000000000003,0.14275000000000004
hja2016_200,hja2016_018,hyporheic / soil,across habitats,0.9479,0.7808,0.44199999999999856,0.32329999999999914,0.1187,0.11925
hja2016_020,hja2016_019,hyporheic / hyporheic,within habitat,0.9231,0.5367,0.19730000000000017,0.18200000000000016,0.015300000000000001,0.0188
hja2016_021,hja2016_019,hyporheic / hyporheic,within habitat,0.9543,0.6945,0.4158499999999998,0.38889999999999975,0.026949999999999998,0.0319
hja2016_027,hja2016_019,hyporheic / planktonic,across habitats,0.9586,0.6861,0.3347,0.31355000000000005,0.02115,0.02325
hja2016_065,hja2016_019,hyporheic / hyporheic,within habitat,0.9143,0.5407,0.28155000000000024,0.2756500000000003,0.0059,0.013500000000000002
hja2016_066,hja2016_019,hyporheic / hyporheic,within habitat,0.8883,0.5221,0.21350000000000005,0.19975000000000004,0.013749999999999997,0.018199999999999997
hja2016_070,hja2016_019,hyporheic / hyporheic,within habitat,0.9684,0.6326,0.3484499999999996,0.33644999999999964,0.012,0.013049999999999999
hja2016_071,hja2016_019,hyporheic / hyporheic,within habitat,0.9025,0.5395,0.2247999999999999,0.21239999999999992,0.012400000000000001,0.0151
hja2016_075,hja2016_019,hyporheic / hyporheic,within habitat,0.9195,0.5921,0.27860000000000007,0.27480000000000004,0.0038,0.0069
hja2016_078,hja2016_019,hyporheic / hyporheic,within habitat,0.9105,0.5582,0.25045000000000023,0.24250000000000024,0.00795,0.013699999999999999
hja2016_079,hja2016_019,hyporheic / hyporheic,within habitat,0.907,0.5656,0.2627499999999998,0.25255,0.010199999999999999,0.015
hja2016_084,hja2016_019,hyporheic / hyporheic,within habitat,0.9098,0.5971,0.27605000000000024,0.26430000000000003,0.01175,0.014799999999999999
hja2016_127,hja2016_019,hyporheic / sediment,across habitats,0.901,0.5888,0.22764999999999982,0.19574999999999976,0.031900000000000005,0.03380000000000001
hja2016_129,hja2016_019,hyporheic / sediment,across habitats,0.897,0.581,0.21584999999999974,0.18229999999999982,0.033549999999999996,0.03385
hja2016_131,hja2016_019,hyporheic / sediment,across habitats,0.9024,0.5824,0.2194499999999999,0.1758499999999999,0.043600000000000014,0.04450000000000001
hja2016_132,hja2016_019,hyporheic / sediment,across habitats,0.9104,0.6171,0.2376,0.18684999999999988,0.05075000000000002,0.051700000000000024
hja2016_133,hja2016_019,hyporheic / sediment,across habitats,0.907,0.5994,0.23789999999999983,0.19204999999999992,0.04585000000000001,0.04715000000000001
hja2016_135,hja2016_019,hyporheic / sediment,across habitats,0.9032,0.6141,0.2502000000000001,0.2063,0.043899999999999995,0.044349999999999994
hja2016_136,hja2016_019,hyporheic / sediment,across habitats,0.9155,0.6274,0.22279999999999991,0.1865499999999999,0.036250000000000004,0.03805
hja2016_139,hja2016_019,hyporheic / sediment,across habitats,0.9041,0.6005,0.21124999999999983,0.18019999999999983,0.031050000000000008,0.03135
hja2016_140,hja2016_019,hyporheic / sediment,across habitats,0.9128,0.5913,0.2231999999999999,0.18294999999999992,0.040249999999999994,0.0441
hja2016_141,hja2016_019,hyporheic / sediment,across habitats,0.9134,0.619,0.24969999999999967,0.2152499999999997,0.034450000000000015,0.034450000000000015
hja2016_142,hja2016_019,hyporheic / sediment,across habitats,0.9056,0.5774,0.20594999999999986,0.1744999999999999,0.03145,0.03145
hja2016_144,hja2016_019,hyporheic / sediment,across habitats,0.8987,0.5954,0.2271999999999999,0.19489999999999985,0.032299999999999995,0.032299999999999995
hja2016_145,hja2016_019,hyporheic / sediment,across habitats,0.8986,0.5856,0.21444999999999967,0.17149999999999976,0.04295,0.045750000000000006
hja2016_146,hja2016_019,hyporheic / sediment,across habitats,0.9121,0.5964,0.20614999999999994,0.17574999999999993,0.0304,0.0304
hja2016_147,hja2016_019,hyporheic / sediment,across habitats,0.9039,0.5928,0.22294999999999987,0.17785000000000006,0.04510000000000001,0.04715000000000002
hja2016_148,hja2016_019,hyporheic / sediment,across habitats,0.9054,0.5938,0.21479999999999996,0.17705,0.03774999999999999,0.03774999999999999
hja2016_150,hja2016_019,hyporheic / sediment,across habitats,0.9078,0.6006,0.24824999999999978,0.20854999999999982,0.0397,0.04305
hja2016_151,hja2016_019,hyporheic / sediment,across habitats,0.9148,0.5909,0.22460000000000002,0.16065,0.06394999999999998,0.06754999999999997
hja2016_152,hja2016_019,hyporheic / sediment,across habitats,0.9181,0.6285,0.19714999999999994,0.15569999999999995,0.04145,0.0433
hja2016_155,hja2016_019,hyporheic / sediment,across habitats,0.9038,0.5908,0.2163999999999997,0.1800999999999998,0.0363,0.0378
hja2016_157,hja2016_019,hyporheic / sediment,across habitats,0.9068,0.5998,0.21045000000000014,0.1798500000000001,0.030599999999999995,0.03159999999999999
hja2016_159,hja2016_019,hyporheic / sediment,across habitats,0.8986,0.5928,0.2350499999999999,0.2005999999999998,0.034449999999999995,0.035449999999999995
hja2016_160,hja2016_019,hyporheic / sediment,across habitats,0.9386,0.6661,0.24859999999999963,0.2163999999999997,0.0322,0.03245
hja2016_183,hja2016_019,hyporheic / soil,across habitats,0.9457,0.6981,0.28559999999999985,0.20784999999999984,0.07774999999999999,0.07774999999999999
hja2016_184,hja2016_019,hyporheic / soil,across habitats,0.9444,0.7041,0.3090999999999999,0.26809999999999984,0.04100000000000001,0.044000000000000004
hja2016_185,hja2016_019,hyporheic / soil,across habitats,0.9607,0.7722,0.43399999999999944,0.3566499999999994,0.07734999999999997,0.07774999999999997
hja2016_188,hja2016_019,hyporheic / soil,across habitats,0.9814,0.8763,0.5359999999999996,0.4278499999999997,0.10815000000000001,0.10830000000000002
hja2016_189,hja2016_019,hyporheic / soil,across habitats,0.9833,0.8342,0.49369999999999953,0.32894999999999985,0.16474999999999995,0.16474999999999995
hja2016_190,hja2016_019,hyporheic / soil,across habitats,0.9481,0.7446,0.41294999999999954,0.31619999999999987,0.09675,0.0975
hja2016_191,hja2016_019,hyporheic / soil,across habitats,0.9843,0.8192,0.5373499999999999,0.4598499999999997,0.0775,0.07835
hja2016_031,hja2016_019,hyporheic / hyporheic,within habitat,0.954,0.6716,0.37675,0.36945,0.0073,0.023349999999999996
hja2016_032,hja2016_019,hyporheic / hyporheic,within habitat,0.9079,0.6203,0.34514999999999973,0.33714999999999967,0.008,0.012899999999999998
hja2016_035,hja2016_019,hyporheic / hyporheic,within habitat,0.9307,0.6475,0.35630000000000017,0.3374000000000002,0.018899999999999997,0.018899999999999997
hja2016_037,hja2016_019,hyporheic / hyporheic,within habitat,0.9361,0.6526,0.36374999999999996,0.34895,0.014799999999999999,0.0256
hja2016_042,hja2016_019,hyporheic / planktonic,across habitats,0.9632,0.7465,0.4686999999999999,0.4440499999999999,0.02465,0.0295
hja2016_043,hja2016_019,hyporheic / hyporheic,within habitat,0.9279,0.6318,0.33699999999999997,0.33175000000000004,0.0052499999999999995,0.013800000000000002
hja2016_049,hja2016_019,hyporheic / planktonic,across habitats,0.9633,0.7673,0.43899999999999967,0.4115499999999997,0.02745,0.0294
hja2016_050,hja2016_019,hyporheic / hyporheic,within habitat,0.9426,0.6159,0.29289999999999994,0.27765,0.01525,0.019349999999999996
hja2016_052,hja2016_019,hyporheic / hyporheic,within habitat,0.8934,0.5453,0.22045000000000006,0.21680000000000008,0.0036499999999999996,0.012349999999999998
hja2016_056,hja2016_019,hyporheic / hyporheic,within habitat,0.9104,0.649,0.21030000000000013,0.20210000000000014,0.0082,0.009300000000000001
hja2016_057,hja2016_019,hyporheic / hyporheic,within habitat,0.9526,0.6675,0.3757999999999999,0.36494999999999994,0.01085,0.014100000000000001
hja2016_059,hja2016_019,hyporheic / planktonic,across habitats,0.9057,0.6003,0.2589499999999998,0.25019999999999987,0.00875,0.0132
hja2016_062,hja2016_019,hyporheic / hyporheic,within habitat,0.9139,0.6005,0.17155000000000012,0.16465000000000013,0.0069,0.009049999999999999
hja2016_064,hja2016_019,hyporheic / planktonic,across habitats,0.935,0.6349,0.33794999999999975,0.3190499999999998,0.0189,0.0199
hja2016_099,hja2016_019,hyporheic / planktonic,across habitats,0.9936,0.8267,0.4847499999999984,0.353199999999999,0.13155,0.13155
hja2016_100,hja2016_019,hyporheic / planktonic,across habitats,0.9954,0.855,0.5548499999999982,0.4404999999999988,0.11435000000000002,0.11435000000000002
hja2016_101,hja2016_019,hyporheic / planktonic,across habitats,0.9947,0.8052,0.45589999999999836,0.33714999999999895,0.11875000000000004,0.11875000000000004
hja2016_102,hja2016_019,hyporheic / hyporheic,within habitat,0.9925,0.8355,0.4900499999999988,0.35474999999999923,0.13529999999999998,0.13584999999999997
hja2016_103,hja2016_019,hyporheic / planktonic,across habitats,0.981,0.7487,0.37504999999999883,0.29444999999999916,0.08060000000000002,0.08060000000000002
hja2016_105,hja2016_019,hyporheic / planktonic,across habitats,0.9915,0.8338,0.47804999999999886,0.35409999999999925,0.12394999999999998,0.12394999999999998
hja2016_106,hja2016_019,hyporheic / planktonic,across habitats,0.9975,0.8315,0.5231999999999988,0.40814999999999896,0.11505,0.11505
hja2016_107,hja2016_019,hyporheic / hyporheic,within habitat,0.993,0.8105,0.45669999999999866,0.32819999999999916,0.12850000000000003,0.12920000000000004
hja2016_109,hja2016_019,hyporheic / planktonic,across habitats,0.9912,0.7942,0.4794999999999985,0.39784999999999887,0.08165,0.08165
hja2016_110,hja2016_019,hyporheic / hyporheic,within habitat,0.9938,0.8023,0.47779999999999884,0.3664999999999992,0.11129999999999998,0.11129999999999998
hja2016_111,hja2016_019,hyporheic / planktonic,across habitats,0.99,0.8134,0.4521499999999986,0.327549999999999,0.12460000000000002,0.12460000000000002
hja2016_114,hja2016_019,hyporheic / planktonic,across habitats,0.9937,0.8084,0.45439999999999864,0.334299999999999,0.1201,0.1201
hja2016_116,hja2016_019,hyporheic / planktonic,across habitats,0.9906,0.8147,0.4673999999999988,0.32469999999999877,0.14270000000000002,0.14390000000000003
hja2016_119,hja2016_019,hyporheic / planktonic,across habitats,0.9806,0.7325,0.3536999999999989,0.2438499999999998,0.10985000000000003,0.11095000000000002
hja2016_121,hja2016_019,hyporheic / hyporheic,within habitat,0.9977,0.843,0.5587999999999981,0.4493499999999986,0.10944999999999999,0.10944999999999999
hja2016_122,hja2016_019,hyporheic / sediment,across habitats,0.8966,0.5905,0.20884999999999987,0.1759999999999999,0.03284999999999999,0.03309999999999999
hja2016_125,hja2016_019,hyporheic / sediment,across habitats,0.897,0.599,0.22789999999999988,0.19664999999999988,0.03125000000000001,0.032999999999999995
hja2016_164,hja2016_019,hyporheic / sediment,across habitats,0.9198,0.6302,0.22709999999999986,0.1857499999999999,0.04134999999999999,0.0434
hja2016_166,hja2016_019,hyporheic / sediment,across habitats,0.9402,0.657,0.23394999999999985,0.21249999999999997,0.021450000000000004,0.023
hja2016_167,hja2016_019,hyporheic / sediment,across habitats,0.9121,0.5961,0.24229999999999993,0.20054999999999995,0.04175,0.04215000000000001
hja2016_169,hja2016_019,hyporheic / sediment,across habitats,0.9082,0.5824,0.2416499999999999,0.19364999999999988,0.047999999999999994,0.0486
hja2016_170,hja2016_019,hyporheic / sediment,across habitats,0.9131,0.606,0.1942499999999998,0.15639999999999984,0.03785000000000001,0.03785000000000001
hja2016_177,hja2016_019,hyporheic / sediment,across habitats,0.902,0.6131,0.2270499999999998,0.19349999999999978,0.033549999999999996,0.03855
hja2016_179,hja2016_019,hyporheic / sediment,across habitats,0.9041,0.5864,0.20894999999999994,0.18244999999999995,0.0265,0.030899999999999997
hja2016_180,hja2016_019,hyporheic / sediment,across habitats,0.9369,0.6604,0.22739999999999996,0.2014999999999999,0.025900000000000006,0.026300000000000004
hja2016_181,hja2016_019,hyporheic / sediment,across habitats,0.9156,0.6081,0.20354999999999987,0.16819999999999982,0.035350000000000006,0.03615
hja2016_193,hja2016_019,hyporheic / soil,across habitats,0.9721,0.7921,0.39969999999999944,0.29279999999999967,0.10690000000000001,0.10729999999999999
hja2016_194,hja2016_019,hyporheic / soil,across habitats,0.8999,0.6076,0.2302,0.208,0.022199999999999998,0.022199999999999998
hja2016_195,hja2016_019,hyporheic / soil,across habitats,0.9578,0.7408,0.3503999999999996,0.2465499999999998,0.10384999999999998,0.10384999999999998
hja2016_196,hja2016_019,hyporheic / soil,across habitats,0.9185,0.5878,0.23085,0.17579999999999993,0.05504999999999998,0.055349999999999976
hja2016_197,hja2016_019,hyporheic / soil,across habitats,0.9767,0.7298,0.36719999999999947,0.3179499999999998,0.04925,0.04925
hja2016_198,hja2016_019,hyporheic / soil,across habitats,0.9289,0.6339,0.24464999999999995,0.19834999999999992,0.046299999999999994,0.046299999999999994
hja2016_199,hja2016_019,hyporheic / soil,across habitats,0.9571,0.7163,0.3167499999999998,0.23085000000000006,0.0859,0.08615
hja2016_200,hja2016_019,hyporheic / soil,across habitats,0.9303,0.6643,0.28414999999999957,0.20154999999999984,0.0826,0.0826
hja2016_021,hja2016_020,hyporheic / hyporheic,within habitat,0.9388,0.6038,0.29824999999999974,0.2636,0.03465,0.040600000000000004
hja2016_027,hja2016_020,hyporheic / planktonic,across habitats,0.8908,0.563,0.2204,0.20050000000000004,0.0199,0.02315
hja2016_065,hja2016_020,hyporheic / hyporheic,within habitat,0.9177,0.5346,0.21240000000000017,0.19525000000000017,0.01715,0.02125
hja2016_066,hja2016_020,hyporheic / hyporheic,within habitat,0.9026,0.4966,0.14755000000000004,0.14090000000000008,0.0066500000000000005,0.00745
hja2016_070,hja2016_020,hyporheic / hyporheic,within habitat,0.9235,0.58,0.24545000000000008,0.2226000000000001,0.02285,0.027349999999999996
hja2016_071,hja2016_020,hyporheic / hyporheic,within habitat,0.8652,0.4294,0.11030000000000004,0.10675000000000003,0.0035499999999999998,0.0074
hja2016_075,hja2016_020,hyporheic / hyporheic,within habitat,0.8974,0.466,0.18045000000000003,0.16570000000000007,0.01475,0.019850000000000003
hja2016_078,hja2016_020,hyporheic / hyporheic,within habitat,0.9079,0.5021,0.17405,0.16355,0.0105,0.011550000000000001
hja2016_079,hja2016_020,hyporheic / hyporheic,within habitat,0.9195,0.5193,0.1983500000000001,0.1651000000000002,0.03325,0.03425
hja2016_084,hja2016_020,hyporheic / hyporheic,within habitat,0.9366,0.6517,0.2914999999999995,0.2717499999999999,0.01975,0.02385
hja2016_127,hja2016_020,hyporheic / sediment,across habitats,0.8399,0.4902,0.12140000000000002,0.11015000000000001,0.01125,0.013200000000000002
hja2016_129,hja2016_020,hyporheic / sediment,across habitats,0.8508,0.5192,0.12455000000000006,0.11315000000000004,0.011399999999999997,0.012849999999999997
hja2016_131,hja2016_020,hyporheic / sediment,across habitats,0.8526,0.5141,0.11820000000000006,0.10060000000000004,0.0176,0.0191
hja2016_132,hja2016_020,hyporheic / sediment,across habitats,0.8818,0.5441,0.12314999999999998,0.10634999999999999,0.0168,0.01925
hja2016_133,hja2016_020,hyporheic / sediment,across habitats,0.8797,0.5126,0.1332,0.11099999999999992,0.022199999999999998,0.023600000000000003
hja2016_135,hja2016_020,hyporheic / sediment,across habitats,0.8831,0.5457,0.14954999999999996,0.13470000000000001,0.014849999999999999,0.0176
hja2016_136,hja2016_020,hyporheic / sediment,across habitats,0.8848,0.5788,0.14645000000000002,0.12305000000000002,0.023400000000000004,0.0258
hja2016_139,hja2016_020,hyporheic / sediment,across habitats,0.8069,0.5269,0.11225000000000002,0.10060000000000002,0.01165,0.014550000000000002
hja2016_140,hja2016_020,hyporheic / sediment,across habitats,0.8648,0.5405,0.12719999999999995,0.11534999999999995,0.011849999999999998,0.012649999999999998
hja2016_141,hja2016_020,hyporheic / sediment,across habitats,0.881,0.5705,0.16789999999999985,0.14369999999999994,0.0242,0.0258
hja2016_142,hja2016_020,hyporheic / sediment,across habitats,0.8817,0.5508,0.13544999999999996,0.12539999999999998,0.01005,0.013049999999999999
hja2016_144,hja2016_020,hyporheic / sediment,across habitats,0.8912,0.5628,0.1392,0.12789999999999996,0.011300000000000001,0.011300000000000001
hja2016_145,hja2016_020,hyporheic / sediment,across habitats,0.8456,0.5222,0.12654999999999997,0.1098,0.016749999999999998,0.018199999999999997
hja2016_146,hja2016_020,hyporheic / sediment,across habitats,0.8725,0.5315,0.11844999999999997,0.10264999999999998,0.0158,0.018850000000000002
hja2016_147,hja2016_020,hyporheic / sediment,across habitats,0.8792,0.514,0.12309999999999995,0.09999999999999996,0.0231,0.02475
hja2016_148,hja2016_020,hyporheic / sediment,across habitats,0.8109,0.5232,0.11770000000000004,0.10665000000000002,0.011049999999999999,0.012299999999999998
hja2016_150,hja2016_020,hyporheic / sediment,across habitats,0.8649,0.5448,0.14304999999999995,0.12509999999999993,0.017949999999999997,0.021449999999999997
hja2016_151,hja2016_020,hyporheic / sediment,across habitats,0.8864,0.5049,0.12305000000000003,0.09750000000000004,0.025550000000000003,0.02705
hja2016_152,hja2016_020,hyporheic / sediment,across habitats,0.8874,0.5748,0.11455000000000004,0.09865000000000004,0.0159,0.019250000000000003
hja2016_155,hja2016_020,hyporheic / sediment,across habitats,0.8041,0.5011,0.11620000000000003,0.10535000000000003,0.01085,0.01155
hja2016_157,hja2016_020,hyporheic / sediment,across habitats,0.8253,0.4886,0.11680000000000003,0.10840000000000001,0.008399999999999998,0.0101
hja2016_159,hja2016_020,hyporheic / sediment,across habitats,0.8483,0.5383,0.12469999999999999,0.11094999999999998,0.013749999999999997,0.015649999999999994
hja2016_160,hja2016_020,hyporheic / sediment,across habitats,0.8473,0.5376,0.13174999999999998,0.10435000000000003,0.027399999999999997,0.0287
hja2016_183,hja2016_020,hyporheic / soil,across habitats,0.9346,0.644,0.20244999999999985,0.16124999999999987,0.04120000000000001,0.04120000000000001
hja2016_184,hja2016_020,hyporheic / soil,across habitats,0.939,0.6556,0.24719999999999986,0.21024999999999985,0.03695,0.039599999999999996
hja2016_185,hja2016_020,hyporheic / soil,across habitats,0.9587,0.7514,0.3476999999999993,0.3044999999999996,0.043199999999999995,0.04375
hja2016_188,hja2016_020,hyporheic / soil,across habitats,0.9892,0.873,0.4859499999999992,0.38864999999999933,0.09730000000000003,0.09775000000000003
hja2016_189,hja2016_020,hyporheic / soil,across habitats,0.9853,0.8222,0.4197499999999993,0.29439999999999955,0.12535,0.12535
hja2016_190,hja2016_020,hyporheic / soil,across habitats,0.9556,0.7199,0.3335499999999996,0.2600999999999999,0.07345,0.07345
hja2016_191,hja2016_020,hyporheic / soil,across habitats,0.9828,0.8218,0.495349999999999,0.43319999999999914,0.06215,0.06215
hja2016_031,hja2016_020,hyporheic / hyporheic,within habitat,0.9652,0.6962,0.329499999999999,0.28844999999999965,0.04105,0.0529
hja2016_032,hja2016_020,hyporheic / hyporheic,within habitat,0.9437,0.5975,0.2875999999999998,0.2649500000000002,0.02265,0.027299999999999998
hja2016_035,hja2016_020,hyporheic / hyporheic,within habitat,0.9539,0.6783,0.3814999999999995,0.3151499999999996,0.06635,0.07185
hja2016_037,hja2016_020,hyporheic / hyporheic,within habitat,0.9536,0.6686,0.30419999999999947,0.28499999999999964,0.019200000000000002,0.02225
hja2016_042,hja2016_020,hyporheic / planktonic,across habitats,0.9679,0.6852,0.32869999999999916,0.29809999999999953,0.030600000000000006,0.03155000000000001
hja2016_043,hja2016_020,hyporheic / hyporheic,within habitat,0.919,0.5862,0.2519500000000001,0.22565000000000016,0.026300000000000004,0.0287
hja2016_049,hja2016_020,hyporheic / planktonic,across habitats,0.9651,0.7232,0.34874999999999917,0.32184999999999925,0.026900000000000004,0.031400000000000004
hja2016_050,hja2016_020,hyporheic / hyporheic,within habitat,0.9111,0.5582,0.17770000000000008,0.16980000000000006,0.0079,0.011850000000000001
hja2016_052,hja2016_020,hyporheic / hyporheic,within habitat,0.9261,0.556,0.16790000000000008,0.1603500000000001,0.007549999999999999,0.00895
hja2016_056,hja2016_020,hyporheic / hyporheic,within habitat,0.9268,0.6051,0.15245000000000003,0.14085,0.011600000000000001,0.0126
hja2016_057,hja2016_020,hyporheic / hyporheic,within habitat,0.9505,0.6389,0.2720999999999998,0.25859999999999994,0.013500000000000002,0.0155
hja2016_059,hja2016_020,hyporheic / planktonic,across habitats,0.9151,0.5646,0.1873,0.1792,0.0081,0.009799999999999998
hja2016_062,hja2016_020,hyporheic / hyporheic,within habitat,0.8983,0.4898,0.09470000000000003,0.08695000000000001,0.007749999999999999,0.009349999999999999
hja2016_064,hja2016_020,hyporheic / planktonic,across habitats,0.9125,0.543,0.2224500000000001,0.20495000000000005,0.017499999999999998,0.0194
hja2016_099,hja2016_020,hyporheic / planktonic,across habitats,0.9818,0.7902,0.4850499999999984,0.3508999999999988,0.13415000000000002,0.13415000000000002
hja2016_100,hja2016_020,hyporheic / planktonic,across habitats,0.9907,0.8316,0.5382999999999987,0.43619999999999887,0.10210000000000001,0.10275000000000002
hja2016_101,hja2016_020,hyporheic / planktonic,across habitats,0.9809,0.7692,0.43759999999999855,0.3324499999999991,0.10515000000000004,0.10515000000000004
hja2016_102,hja2016_020,hyporheic / hyporheic,within habitat,0.9818,0.8149,0.4967999999999986,0.35834999999999895,0.13845000000000002,0.13885000000000003
hja2016_103,hja2016_020,hyporheic / planktonic,across habitats,0.9648,0.7103,0.35694999999999893,0.28324999999999956,0.07370000000000003,0.07370000000000003
hja2016_105,hja2016_020,hyporheic / planktonic,across habitats,0.9815,0.8159,0.5020499999999987,0.373099999999999,0.12895,0.12945000000000004
hja2016_106,hja2016_020,hyporheic / planktonic,across habitats,0.995,0.7994,0.4994999999999986,0.3934999999999987,0.10600000000000002,0.10600000000000002
hja2016_107,hja2016_020,hyporheic / hyporheic,within habitat,0.9803,0.7739,0.4537999999999987,0.3373999999999991,0.11640000000000007,0.11655000000000006
hja2016_109,hja2016_020,hyporheic / planktonic,across habitats,0.981,0.7607,0.46604999999999835,0.3913499999999987,0.0747,0.0747
hja2016_110,hja2016_020,hyporheic / hyporheic,within habitat,0.9788,0.7674,0.4448999999999987,0.34424999999999945,0.10065,0.10065
hja2016_111,hja2016_020,hyporheic / planktonic,across habitats,0.9807,0.7936,0.4872999999999992,0.3494999999999991,0.1378,0.13835
hja2016_114,hja2016_020,hyporheic / planktonic,across habitats,0.9785,0.7667,0.42729999999999896,0.3135499999999992,0.11374999999999998,0.11374999999999998
hja2016_116,hja2016_020,hyporheic / planktonic,across habitats,0.9781,0.7864,0.46034999999999904,0.34149999999999897,0.11885000000000001,0.11885000000000001
hja2016_119,hja2016_020,hyporheic / planktonic,across habitats,0.9626,0.6893,0.3156499999999991,0.23274999999999993,0.08290000000000002,0.08315000000000002
hja2016_121,hja2016_020,hyporheic / hyporheic,within habitat,0.9944,0.805,0.5114999999999987,0.42184999999999884,0.08964999999999997,0.08964999999999997
hja2016_122,hja2016_020,hyporheic / sediment,across habitats,0.8475,0.5296,0.11995,0.11084999999999999,0.0091,0.010450000000000001
hja2016_125,hja2016_020,hyporheic / sediment,across habitats,0.8428,0.5443,0.13204999999999997,0.12010000000000001,0.01195,0.0153
hja2016_164,hja2016_020,hyporheic / sediment,across habitats,0.888,0.597,0.15194999999999997,0.13435,0.0176,0.020050000000000002
hja2016_166,hja2016_020,hyporheic / sediment,across habitats,0.8531,0.5346,0.12589999999999998,0.10635,0.01955,0.022000000000000002
hja2016_167,hja2016_020,hyporheic / sediment,across habitats,0.877,0.504,0.14115,0.12115000000000002,0.019999999999999997,0.022549999999999997
hja2016_169,hja2016_020,hyporheic / sediment,across habitats,0.8762,0.5101,0.13959999999999992,0.11974999999999995,0.01985,0.02295
hja2016_170,hja2016_020,hyporheic / sediment,across habitats,0.7821,0.4525,0.09955000000000001,0.0826,0.016949999999999996,0.01855
hja2016_177,hja2016_020,hyporheic / sediment,across habitats,0.8828,0.5407,0.12775,0.10839999999999997,0.019349999999999996,0.021399999999999995
hja2016_179,hja2016_020,hyporheic / sediment,across habitats,0.8615,0.5277,0.12699999999999995,0.11444999999999995,0.01255,0.0149
hja2016_180,hja2016_020,hyporheic / sediment,across habitats,0.8481,0.5422,0.12554999999999997,0.10515,0.020399999999999998,0.021699999999999997
hja2016_181,hja2016_020,hyporheic / sediment,across habitats,0.7781,0.4517,0.0922,0.08090000000000001,0.011299999999999998,0.013399999999999995
hja2016_193,hja2016_020,hyporheic / soil,across habitats,0.9742,0.7906,0.3493999999999993,0.2668499999999997,0.08255000000000001,0.08335000000000001
hja2016_194,hja2016_020,hyporheic / soil,across habitats,0.8726,0.5494,0.14234999999999998,0.13135,0.010999999999999998,0.011199999999999998
hja2016_195,hja2016_020,hyporheic / soil,across habitats,0.9551,0.6902,0.2699499999999999,0.21129999999999985,0.058650000000000015,0.05955000000000001
hja2016_196,hja2016_020,hyporheic / soil,across habitats,0.8984,0.5385,0.1423500000000001,0.10885000000000007,0.033499999999999995,0.033499999999999995
hja2016_197,hja2016_020,hyporheic / soil,across habitats,0.9675,0.7273,0.2859999999999996,0.25404999999999983,0.031950000000000006,0.031950000000000006
hja2016_198,hja2016_020,hyporheic / soil,across habitats,0.9277,0.6031,0.17209999999999992,0.1411999999999999,0.030899999999999993,0.030899999999999993
hja2016_199,hja2016_020,hyporheic / soil,across habitats,0.9488,0.6549,0.2481999999999998,0.18879999999999983,0.059399999999999994,0.060349999999999994
hja2016_200,hja2016_020,hyporheic / soil,across habitats,0.9149,0.6306,0.21299999999999983,0.16709999999999983,0.0459,0.04624999999999999
hja2016_027,hja2016_021,hyporheic / planktonic,across habitats,0.898,0.5273,0.23630000000000004,0.2306,0.005699999999999999,0.01605
hja2016_065,hja2016_021,hyporheic / hyporheic,within habitat,0.94,0.7508,0.4956499999999995,0.4673499999999996,0.028299999999999992,0.03425
hja2016_066,hja2016_021,hyporheic / hyporheic,within habitat,0.9471,0.7419,0.42409999999999964,0.39119999999999977,0.032900000000000006,0.0347
hja2016_070,hja2016_021,hyporheic / hyporheic,within habitat,0.9581,0.7037,0.4347499999999997,0.3912499999999996,0.0435,0.05344999999999999
hja2016_071,hja2016_021,hyporheic / hyporheic,within habitat,0.9192,0.623,0.3062499999999995,0.2718,0.034449999999999995,0.03845
hja2016_075,hja2016_021,hyporheic / hyporheic,within habitat,0.8719,0.5674,0.2748000000000001,0.26915000000000017,0.0056500000000000005,0.024399999999999998
hja2016_078,hja2016_021,hyporheic / hyporheic,within habitat,0.9107,0.6427,0.33135000000000003,0.3193000000000002,0.01205,0.03980000000000001
hja2016_079,hja2016_021,hyporheic / hyporheic,within habitat,0.923,0.6401,0.3485999999999999,0.3075999999999999,0.041,0.04665
hja2016_084,hja2016_021,hyporheic / hyporheic,within habitat,0.9697,0.824,0.63295,0.5597999999999997,0.07315,0.08750000000000001
hja2016_127,hja2016_021,hyporheic / sediment,across habitats,0.9043,0.6453,0.3178499999999996,0.25854999999999984,0.0593,0.0631
hja2016_129,hja2016_021,hyporheic / sediment,across habitats,0.921,0.686,0.3181499999999996,0.25139999999999973,0.06675,0.07024999999999999
hja2016_131,hja2016_021,hyporheic / sediment,across habitats,0.9298,0.6962,0.3221499999999996,0.22819999999999968,0.09395,0.0971
hja2016_132,hja2016_021,hyporheic / sediment,across habitats,0.9385,0.7333,0.3659499999999991,0.2838499999999998,0.08209999999999998,0.08644999999999994
hja2016_133,hja2016_021,hyporheic / sediment,across habitats,0.9214,0.6582,0.30124999999999963,0.2251999999999997,0.07604999999999999,0.0802
hja2016_135,hja2016_021,hyporheic / sediment,across habitats,0.9324,0.7327,0.3825999999999993,0.31634999999999924,0.06624999999999998,0.06719999999999998
hja2016_136,hja2016_021,hyporheic / sediment,across habitats,0.9313,0.7241,0.3406999999999988,0.27909999999999957,0.0616,0.06480000000000001
hja2016_139,hja2016_021,hyporheic / sediment,across habitats,0.9296,0.7127,0.31529999999999947,0.2387999999999998,0.0765,0.07805000000000001
hja2016_140,hja2016_021,hyporheic / sediment,across habitats,0.9116,0.6686,0.3023499999999997,0.23899999999999988,0.06334999999999999,0.06334999999999999
hja2016_141,hja2016_021,hyporheic / sediment,across habitats,0.9268,0.7104,0.357299999999999,0.2825499999999994,0.07474999999999998,0.07474999999999998
hja2016_142,hja2016_021,hyporheic / sediment,across habitats,0.9497,0.7539,0.38459999999999855,0.27299999999999963,0.11160000000000003,0.11490000000000003
hja2016_144,hja2016_021,hyporheic / sediment,across habitats,0.9536,0.7697,0.4019499999999987,0.3179499999999991,0.08400000000000002,0.08860000000000001
hja2016_145,hja2016_021,hyporheic / sediment,across habitats,0.925,0.6983,0.3188999999999995,0.24164999999999978,0.07725000000000001,0.08290000000000002
hja2016_146,hja2016_021,hyporheic / sediment,across habitats,0.9059,0.671,0.2796999999999996,0.22379999999999986,0.0559,0.0663
hja2016_147,hja2016_021,hyporheic / sediment,across habitats,0.9264,0.6732,0.3097499999999996,0.22189999999999982,0.08784999999999997,0.0926
hja2016_148,hja2016_021,hyporheic / sediment,across habitats,0.9333,0.7167,0.3569499999999992,0.24149999999999974,0.11545000000000001,0.11705000000000002
hja2016_150,hja2016_021,hyporheic / sediment,across habitats,0.9227,0.7014,0.36234999999999884,0.26024999999999965,0.10210000000000004,0.10790000000000004
hja2016_151,hja2016_021,hyporheic / sediment,across habitats,0.9278,0.6695,0.3054499999999996,0.21024999999999988,0.09520000000000002,0.09750000000000003
hja2016_152,hja2016_021,hyporheic / sediment,across habitats,0.9117,0.6978,0.2873999999999996,0.1970999999999998,0.0903,0.09615
hja2016_155,hja2016_021,hyporheic / sediment,across habitats,0.9259,0.7041,0.32479999999999914,0.2419999999999998,0.08280000000000001,0.08280000000000001
hja2016_157,hja2016_021,hyporheic / sediment,across habitats,0.9118,0.6472,0.2914999999999998,0.2415000000000002,0.05000000000000001,0.0551
hja2016_159,hja2016_021,hyporheic / sediment,across habitats,0.9322,0.7183,0.356599999999999,0.26784999999999975,0.08875000000000001,0.09135000000000001
hja2016_160,hja2016_021,hyporheic / sediment,across habitats,0.8775,0.5802,0.21359999999999954,0.16669999999999957,0.04690000000000001,0.05065000000000002
hja2016_183,hja2016_021,hyporheic / soil,across habitats,0.977,0.8138,0.5063999999999987,0.36839999999999923,0.138,0.13935
hja2016_184,hja2016_021,hyporheic / soil,across habitats,0.979,0.8186,0.5027499999999989,0.38564999999999927,0.11710000000000005,0.12025000000000004
hja2016_185,hja2016_021,hyporheic / soil,across habitats,0.9827,0.8756,0.6346499999999988,0.5047499999999991,0.12989999999999996,0.13374999999999998
hja2016_188,hja2016_021,hyporheic / soil,across habitats,0.9942,0.9417,0.7565499999999988,0.5282999999999992,0.22824999999999998,0.22824999999999998
hja2016_189,hja2016_021,hyporheic / soil,across habitats,0.9928,0.9235,0.727799999999999,0.4722999999999992,0.25550000000000006,0.2578500000000001
hja2016_190,hja2016_021,hyporheic / soil,across habitats,0.9774,0.8555,0.5809999999999987,0.3984499999999992,0.18255,0.18589999999999998
hja2016_191,hja2016_021,hyporheic / soil,across habitats,0.9936,0.8936,0.6959499999999998,0.5830999999999996,0.11285000000000002,0.11500000000000002
hja2016_031,hja2016_021,hyporheic / hyporheic,within habitat,0.931,0.7196,0.45499999999999974,0.44824999999999976,0.006750000000000001,0.0359
hja2016_032,hja2016_021,hyporheic / hyporheic,within habitat,0.9349,0.6484,0.4218999999999996,0.41749999999999976,0.0044,0.01235
hja2016_035,hja2016_021,hyporheic / hyporheic,within habitat,0.9586,0.8001,0.6230999999999998,0.5483500000000001,0.07475000000000002,0.07660000000000002
hja2016_037,hja2016_021,hyporheic / hyporheic,within habitat,0.9606,0.795,0.5943000000000003,0.5285500000000001,0.06575,0.06735000000000001
hja2016_042,hja2016_021,hyporheic / planktonic,across habitats,0.9704,0.7655,0.55505,0.5295000000000003,0.025549999999999996,0.026549999999999997
hja2016_043,hja2016_021,hyporheic / hyporheic,within habitat,0.9299,0.6288,0.39724999999999966,0.37279999999999974,0.02445,0.0343
hja2016_049,hja2016_021,hyporheic / planktonic,across habitats,0.8977,0.6539,0.36524999999999974,0.3605999999999998,0.00465,0.021900000000000003
hja2016_050,hja2016_021,hyporheic / hyporheic,within habitat,0.9296,0.6681,0.34459999999999985,0.3176999999999999,0.0269,0.04045
hja2016_052,hja2016_021,hyporheic / hyporheic,within habitat,0.9632,0.7627,0.45659999999999945,0.4091499999999995,0.04744999999999999,0.049499999999999995
hja2016_056,hja2016_021,hyporheic / hyporheic,within habitat,0.9624,0.8023,0.34389999999999904,0.31999999999999923,0.0239,0.026199999999999998
hja2016_057,hja2016_021,hyporheic / hyporheic,within habitat,0.9519,0.7415,0.5161499999999998,0.4952999999999999,0.02085,0.028200000000000003
hja2016_059,hja2016_021,hyporheic / planktonic,across habitats,0.9163,0.6521,0.3799499999999996,0.3620499999999996,0.0179,0.03675
hja2016_062,hja2016_021,hyporheic / hyporheic,within habitat,0.9188,0.64,0.2362999999999999,0.22144999999999995,0.014849999999999999,0.031100000000000003
hja2016_064,hja2016_021,hyporheic / planktonic,across habitats,0.9321,0.6732,0.39224999999999965,0.36169999999999974,0.03055,0.0478
hja2016_099,hja2016_021,hyporheic / planktonic,across habitats,0.9957,0.8856,0.6070999999999975,0.4418499999999989,0.16525,0.16525
hja2016_100,hja2016_021,hyporheic / planktonic,across habitats,0.998,0.89,0.557999999999998,0.4479499999999986,0.11005000000000001,0.1115
hja2016_101,hja2016_021,hyporheic / planktonic,across habitats,0.9951,0.8592,0.5299499999999979,0.40779999999999855,0.12215000000000004,0.12245000000000003
hja2016_102,hja2016_021,hyporheic / hyporheic,within habitat,0.9962,0.9,0.6140999999999975,0.43449999999999883,0.17959999999999998,0.17959999999999998
hja2016_103,hja2016_021,hyporheic / planktonic,across habitats,0.9933,0.8539,0.5052999999999976,0.39284999999999826,0.11245000000000004,0.11245000000000004
hja2016_105,hja2016_021,hyporheic / planktonic,across habitats,0.9944,0.8967,0.6285499999999976,0.44949999999999846,0.17905,0.17905
hja2016_106,hja2016_021,hyporheic / planktonic,across habitats,0.9988,0.8693,0.5666499999999984,0.4580499999999986,0.1086,0.1086
hja2016_107,hja2016_021,hyporheic / hyporheic,within habitat,0.9965,0.8795,0.5878499999999975,0.43124999999999863,0.15660000000000002,0.15660000000000002
hja2016_109,hja2016_021,hyporheic / planktonic,across habitats,0.9939,0.8587,0.6034999999999983,0.4830499999999986,0.12045,0.12045
hja2016_110,hja2016_021,hyporheic / hyporheic,within habitat,0.9959,0.8709,0.5744999999999979,0.444999999999999,0.1295,0.1295
hja2016_111,hja2016_021,hyporheic / planktonic,across habitats,0.9958,0.8806,0.5878999999999975,0.4343999999999987,0.15350000000000003,0.15350000000000003
hja2016_114,hja2016_021,hyporheic / planktonic,across habitats,0.9958,0.8595,0.5394999999999982,0.389449999999999,0.15005000000000007,0.15085000000000007
hja2016_116,hja2016_021,hyporheic / planktonic,across habitats,0.995,0.8793,0.5850499999999982,0.4191999999999988,0.16585000000000005,0.16720000000000007
hja2016_119,hja2016_021,hyporheic / planktonic,across habitats,0.9939,0.8416,0.48684999999999845,0.35154999999999864,0.1353,0.1353
hja2016_121,hja2016_021,hyporheic / hyporheic,within habitat,0.9983,0.8693,0.5679499999999982,0.46749999999999875,0.10045000000000001,0.10070000000000001
hja2016_122,hja2016_021,hyporheic / sediment,across habitats,0.9311,0.7207,0.33789999999999887,0.2278499999999997,0.11005000000000005,0.11095000000000003
hja2016_125,hja2016_021,hyporheic / sediment,across habitats,0.9306,0.7174,0.34434999999999893,0.2260499999999999,0.1183,0.1248
hja2016_164,hja2016_021,hyporheic / sediment,across habitats,0.9334,0.7241,0.30359999999999954,0.2072999999999998,0.09630000000000002,0.10600000000000004
hja2016_166,hja2016_021,hyporheic / sediment,across habitats,0.8822,0.5929,0.23474999999999976,0.18084999999999984,0.053900000000000003,0.05805
hja2016_167,hja2016_021,hyporheic / sediment,across habitats,0.9235,0.6665,0.31989999999999913,0.25064999999999993,0.06925,0.0727
hja2016_169,hja2016_021,hyporheic / sediment,across habitats,0.9268,0.6651,0.3241999999999994,0.24869999999999995,0.0755,0.0795
hja2016_170,hja2016_021,hyporheic / sediment,across habitats,0.9166,0.6094,0.25549999999999984,0.20169999999999977,0.05380000000000001,0.054950000000000006
hja2016_177,hja2016_021,hyporheic / sediment,across habitats,0.9297,0.7192,0.3605999999999992,0.292099999999999,0.0685,0.07115
hja2016_179,hja2016_021,hyporheic / sediment,across habitats,0.908,0.6654,0.2982999999999997,0.24579999999999985,0.0525,0.0548
hja2016_180,hja2016_021,hyporheic / sediment,across habitats,0.8738,0.5933,0.21759999999999974,0.17224999999999976,0.045349999999999994,0.045349999999999994
hja2016_181,hja2016_021,hyporheic / sediment,across habitats,0.9146,0.6014,0.25534999999999974,0.20654999999999973,0.0488,0.050600000000000006
hja2016_193,hja2016_021,hyporheic / soil,across habitats,0.9888,0.8836,0.563749999999999,0.39499999999999924,0.16874999999999998,0.16874999999999998
hja2016_194,hja2016_021,hyporheic / soil,across habitats,0.9519,0.7414,0.3907999999999992,0.29784999999999967,0.09295000000000002,0.09530000000000002
hja2016_195,hja2016_021,hyporheic / soil,across habitats,0.9839,0.8421,0.5296999999999987,0.3622499999999993,0.16745000000000002,0.1685
hja2016_196,hja2016_021,hyporheic / soil,across habitats,0.9597,0.7289,0.3657499999999988,0.24179999999999996,0.12395000000000006,0.12670000000000006
hja2016_197,hja2016_021,hyporheic / soil,across habitats,0.9851,0.8116,0.46309999999999896,0.3773999999999992,0.08570000000000001,0.0863
hja2016_198,hja2016_021,hyporheic / soil,across habitats,0.967,0.7805,0.43989999999999846,0.2952499999999992,0.14465,0.14555
hja2016_199,hja2016_021,hyporheic / soil,across habitats,0.9732,0.821,0.5193999999999985,0.377599999999999,0.1418,0.1437
hja2016_200,hja2016_021,hyporheic / soil,across habitats,0.9742,0.802,0.4952499999999985,0.32459999999999917,0.17065,0.17200000000000001
hja2016_065,hja2016_027,hyporheic / planktonic,across habitats,0.9284,0.69,0.3360999999999998,0.3125999999999997,0.0235,0.02735
hja2016_066,hja2016_027,hyporheic / planktonic,across habitats,0.9594,0.6958,0.3332499999999996,0.3030499999999998,0.0302,0.03105
hja2016_070,hja2016_027,hyporheic / planktonic,across habitats,0.9225,0.6351,0.27779999999999994,0.2608000000000001,0.016999999999999998,0.0236
hja2016_071,hja2016_027,hyporheic / planktonic,across habitats,0.8791,0.5523,0.1875499999999999,0.17894999999999991,0.0086,0.011999999999999999
hja2016_075,hja2016_027,hyporheic / planktonic,across habitats,0.8906,0.5577,0.24040000000000003,0.23325000000000004,0.00715,0.0115
hja2016_078,hja2016_027,hyporheic / planktonic,across habitats,0.9221,0.5981,0.2474000000000002,0.23880000000000018,0.008599999999999998,0.012
hja2016_079,hja2016_027,hyporheic / planktonic,across habitats,0.9286,0.5373,0.22230000000000016,0.2011000000000002,0.0212,0.0286
hja2016_084,hja2016_027,hyporheic / planktonic,across habitats,0.9661,0.7981,0.5555499999999992,0.4587999999999992,0.09674999999999999,0.09799999999999999
hja2016_127,hja2016_027,planktonic / sediment,across habitats,0.8995,0.6572,0.24564999999999992,0.19349999999999987,0.05215,0.052500000000000005
hja2016_129,hja2016_027,planktonic / sediment,across habitats,0.9113,0.6943,0.28074999999999967,0.2034499999999998,0.07729999999999998,0.07959999999999998
hja2016_131,hja2016_027,planktonic / sediment,across habitats,0.916,0.6964,0.25534999999999974,0.1763499999999998,0.07899999999999999,0.07979999999999998
hja2016_132,hja2016_027,planktonic / sediment,across habitats,0.9375,0.7491,0.32734999999999953,0.25195,0.0754,0.0765
hja2016_133,hja2016_027,planktonic / sediment,across habitats,0.9026,0.6349,0.22959999999999975,0.15884999999999994,0.07075000000000001,0.0731
hja2016_135,hja2016_027,planktonic / sediment,across habitats,0.9382,0.7446,0.33389999999999936,0.2641999999999999,0.06969999999999998,0.06969999999999998
hja2016_136,hja2016_027,planktonic / sediment,across habitats,0.9312,0.7328,0.2851499999999996,0.22574999999999992,0.05940000000000001,0.060350000000000015
hja2016_139,hja2016_027,planktonic / sediment,across habitats,0.8969,0.7053,0.2718499999999999,0.20334999999999992,0.0685,0.06885000000000001
hja2016_140,hja2016_027,planktonic / sediment,across habitats,0.9001,0.6732,0.22204999999999991,0.17979999999999985,0.04224999999999999,0.04294999999999998
hja2016_141,hja2016_027,planktonic / sediment,across habitats,0.9263,0.7226,0.2720999999999995,0.22779999999999972,0.0443,0.046049999999999994
hja2016_142,hja2016_027,planktonic / sediment,across habitats,0.9561,0.7628,0.3273499999999991,0.24359999999999987,0.08375000000000003,0.08455000000000004
hja2016_144,hja2016_027,planktonic / sediment,across habitats,0.9654,0.779,0.34579999999999905,0.28329999999999983,0.06249999999999999,0.06259999999999999
hja2016_145,hja2016_027,planktonic / sediment,across habitats,0.9158,0.698,0.26964999999999983,0.18819999999999976,0.08145000000000001,0.0843
hja2016_146,hja2016_027,planktonic / sediment,across habitats,0.8954,0.6667,0.20464999999999997,0.18159999999999996,0.02305,0.024849999999999997
hja2016_147,hja2016_027,planktonic / sediment,across habitats,0.9057,0.6498,0.2395499999999998,0.16434999999999977,0.0752,0.07815000000000001
hja2016_148,hja2016_027,planktonic / sediment,across habitats,0.9089,0.7145,0.30564999999999964,0.21894999999999998,0.08670000000000001,0.08770000000000003
hja2016_150,hja2016_027,planktonic / sediment,across habitats,0.9087,0.7077,0.27314999999999984,0.21229999999999985,0.06085,0.06259999999999999
hja2016_151,hja2016_027,planktonic / sediment,across habitats,0.9138,0.6356,0.22499999999999992,0.1585999999999999,0.06639999999999999,0.06895
hja2016_152,hja2016_027,planktonic / sediment,across habitats,0.9143,0.6739,0.2101499999999999,0.16120000000000004,0.04895,0.049800000000000004
hja2016_155,hja2016_027,planktonic / sediment,across habitats,0.9027,0.7018,0.2751499999999997,0.20029999999999973,0.07484999999999999,0.07579999999999999
hja2016_157,hja2016_027,planktonic / sediment,across habitats,0.8496,0.6491,0.2480000000000002,0.2021500000000002,0.04584999999999999,0.04644999999999999
hja2016_159,hja2016_027,planktonic / sediment,across habitats,0.9178,0.7266,0.28614999999999974,0.20629999999999998,0.07984999999999998,0.08134999999999999
hja2016_160,hja2016_027,planktonic / sediment,across habitats,0.7552,0.5033,0.1242999999999998,0.11664999999999982,0.00765,0.011
hja2016_183,hja2016_027,planktonic / soil,across habitats,0.9829,0.8294,0.48894999999999905,0.34014999999999956,0.14880000000000002,0.14880000000000002
hja2016_184,hja2016_027,planktonic / soil,across habitats,0.9839,0.8226,0.452949999999999,0.35039999999999943,0.10255000000000002,0.10330000000000002
hja2016_185,hja2016_027,planktonic / soil,across habitats,0.9886,0.8973,0.6406499999999984,0.5176499999999987,0.12299999999999997,0.12369999999999999
hja2016_188,hja2016_027,planktonic / soil,across habitats,0.9923,0.9232,0.6184999999999986,0.46939999999999915,0.1491,0.15045
hja2016_189,hja2016_027,planktonic / soil,across habitats,0.9939,0.8945,0.5989499999999984,0.4015999999999992,0.19735,0.19795000000000001
hja2016_190,hja2016_027,planktonic / soil,across habitats,0.9834,0.86,0.5401999999999988,0.40079999999999943,0.13940000000000002,0.1407
hja2016_191,hja2016_027,planktonic / soil,across habitats,0.9929,0.8949,0.6954999999999988,0.5795499999999993,0.11595,0.11595
hja2016_031,hja2016_027,hyporheic / planktonic,across habitats,0.9603,0.7455,0.41889999999999955,0.39229999999999954,0.0266,0.034199999999999994
hja2016_032,hja2016_027,hyporheic / planktonic,across habitats,0.9438,0.6477,0.33254999999999973,0.3156999999999999,0.01685,0.021400000000000002
hja2016_035,hja2016_027,hyporheic / planktonic,across habitats,0.9627,0.7754,0.4954999999999998,0.4175499999999998,0.07795,0.07995000000000001
hja2016_037,hja2016_027,hyporheic / planktonic,across habitats,0.9693,0.8047,0.5560499999999994,0.46369999999999945,0.09235,0.09835000000000002
hja2016_042,hja2016_027,planktonic / planktonic,within habitat,0.9569,0.7302,0.4179999999999997,0.38854999999999973,0.02945,0.03365
hja2016_043,hja2016_027,hyporheic / planktonic,across habitats,0.9334,0.6358,0.3016999999999999,0.26955000000000007,0.03215,0.036000000000000004
hja2016_049,hja2016_027,planktonic / planktonic,within habitat,0.9365,0.661,0.2816499999999998,0.26829999999999987,0.013349999999999999,0.013349999999999999
hja2016_050,hja2016_027,hyporheic / planktonic,across habitats,0.9361,0.659,0.2695,0.24315,0.02635,0.028999999999999998
hja2016_052,hja2016_027,hyporheic / planktonic,across habitats,0.9681,0.7302,0.3757499999999994,0.33964999999999945,0.0361,0.03730000000000001
hja2016_056,hja2016_027,hyporheic / planktonic,across habitats,0.9627,0.7863,0.3007499999999998,0.26794999999999997,0.0328,0.033100000000000004
hja2016_057,hja2016_027,hyporheic / planktonic,across habitats,0.9516,0.7105,0.40519999999999984,0.37724999999999975,0.027949999999999996,0.027949999999999996
hja2016_059,hja2016_027,planktonic / planktonic,within habitat,0.9303,0.6338,0.2587999999999998,0.23479999999999984,0.024,0.030699999999999998
hja2016_062,hja2016_027,hyporheic / planktonic,across habitats,0.9118,0.6104,0.15830000000000005,0.14010000000000003,0.018199999999999997,0.019549999999999998
hja2016_064,hja2016_027,planktonic / planktonic,within habitat,0.9209,0.5892,0.2734999999999999,0.25285,0.02065,0.0234
hja2016_099,hja2016_027,planktonic / planktonic,within habitat,0.9946,0.8759,0.549499999999998,0.4054999999999986,0.14400000000000002,0.14400000000000002
hja2016_100,hja2016_027,planktonic / planktonic,within habitat,0.9939,0.8735,0.5217999999999983,0.43174999999999847,0.09005,0.091
hja2016_101,hja2016_027,planktonic / planktonic,within habitat,0.9917,0.8342,0.4773499999999986,0.3606499999999989,0.11670000000000001,0.11765000000000002
hja2016_102,hja2016_027,hyporheic / planktonic,across habitats,0.9932,0.8912,0.5762499999999977,0.4251999999999985,0.15105000000000007,0.15440000000000006
hja2016_103,hja2016_027,planktonic / planktonic,within habitat,0.9876,0.8484,0.4827999999999984,0.38064999999999866,0.10215000000000002,0.10265000000000002
hja2016_105,hja2016_027,planktonic / planktonic,within habitat,0.9926,0.8836,0.5694999999999982,0.42574999999999874,0.14375,0.14375
hja2016_106,hja2016_027,planktonic / planktonic,within habitat,0.9957,0.8347,0.4762499999999987,0.4011499999999988,0.0751,0.0751
hja2016_107,hja2016_027,hyporheic / planktonic,across habitats,0.9926,0.8655,0.5214499999999986,0.37554999999999894,0.14590000000000003,0.14685
hja2016_109,hja2016_027,planktonic / planktonic,within habitat,0.992,0.8511,0.5325999999999982,0.4528499999999989,0.07974999999999999,0.07974999999999999
hja2016_110,hja2016_027,hyporheic / planktonic,across habitats,0.9924,0.848,0.5042999999999986,0.40014999999999873,0.10414999999999999,0.10435
hja2016_111,hja2016_027,planktonic / planktonic,within habitat,0.9917,0.8612,0.5304999999999982,0.3953499999999987,0.13515000000000002,0.13560000000000003
hja2016_114,hja2016_027,planktonic / planktonic,within habitat,0.9909,0.8387,0.45619999999999894,0.3418499999999988,0.11434999999999994,0.11534999999999995
hja2016_116,hja2016_027,planktonic / planktonic,within habitat,0.9919,0.872,0.5301499999999986,0.3851999999999985,0.14495000000000002,0.14495000000000002
hja2016_119,hja2016_027,planktonic / planktonic,within habitat,0.9894,0.8411,0.4305999999999989,0.3032499999999989,0.12735,0.1283
hja2016_121,hja2016_027,hyporheic / planktonic,across habitats,0.9956,0.8441,0.4703999999999988,0.4010999999999989,0.0693,0.0693
hja2016_122,hja2016_027,planktonic / sediment,across habitats,0.9166,0.7228,0.2769999999999997,0.19969999999999982,0.07730000000000001,0.0804
hja2016_125,hja2016_027,planktonic / sediment,across habitats,0.9155,0.726,0.2834999999999999,0.20969999999999994,0.0738,0.07500000000000001
hja2016_164,hja2016_027,planktonic / sediment,across habitats,0.9261,0.7195,0.2458999999999997,0.1898499999999998,0.056050000000000016,0.05795000000000002
hja2016_166,hja2016_027,planktonic / sediment,across habitats,0.7745,0.5256,0.14250000000000004,0.12569999999999998,0.016800000000000002,0.020150000000000005
hja2016_167,hja2016_027,planktonic / sediment,across habitats,0.9059,0.6393,0.24230000000000004,0.20129999999999995,0.040999999999999995,0.041249999999999995
hja2016_169,hja2016_027,planktonic / sediment,across habitats,0.896,0.6371,0.25034999999999996,0.18309999999999982,0.06725,0.07
hja2016_170,hja2016_027,planktonic / sediment,across habitats,0.8408,0.581,0.18714999999999984,0.16099999999999987,0.02615,0.02745
hja2016_177,hja2016_027,planktonic / sediment,across habitats,0.93,0.7335,0.32514999999999944,0.25329999999999964,0.07185,0.0727
hja2016_179,hja2016_027,planktonic / sediment,across habitats,0.8941,0.6572,0.22655,0.17664999999999986,0.0499,0.05120000000000001
hja2016_180,hja2016_027,planktonic / sediment,across habitats,0.7688,0.5278,0.12769999999999987,0.1158499999999999,0.01185,0.01825
hja2016_181,hja2016_027,planktonic / sediment,across habitats,0.8398,0.5843,0.18004999999999965,0.15349999999999972,0.02655,0.02685
hja2016_193,hja2016_027,planktonic / soil,across habitats,0.9875,0.869,0.4974999999999992,0.38214999999999943,0.11535000000000001,0.11895
hja2016_194,hja2016_027,planktonic / soil,across habitats,0.9503,0.7685,0.3356999999999991,0.2537499999999999,0.08195000000000001,0.08265
hja2016_195,hja2016_027,planktonic / soil,across habitats,0.9877,0.8421,0.4854999999999989,0.3414999999999992,0.14399999999999993,0.14414999999999994
hja2016_196,hja2016_027,planktonic / soil,across habitats,0.9531,0.7289,0.2935499999999998,0.2109999999999999,0.08255,0.08255
hja2016_197,hja2016_027,planktonic / soil,across habitats,0.9813,0.8097,0.3891999999999995,0.3250999999999995,0.0641,0.06525
hja2016_198,hja2016_027,planktonic / soil,across habitats,0.9715,0.7931,0.37279999999999885,0.2573999999999998,0.1154,0.11610000000000001
hja2016_199,hja2016_027,planktonic / soil,across habitats,0.979,0.8142,0.469399999999999,0.32944999999999947,0.13995,0.1402
hja2016_200,hja2016_027,planktonic / soil,across habitats,0.9784,0.8245,0.47844999999999877,0.3167499999999991,0.16169999999999998,0.16169999999999998
hja2016_066,hja2016_065,hyporheic / hyporheic,within habitat,0.8636,0.4722,0.18259999999999996,0.1712,0.011399999999999999,0.0291
hja2016_070,hja2016_065,hyporheic / hyporheic,within habitat,0.9422,0.5816,0.26765000000000017,0.2615000000000002,0.00615,0.01255
hja2016_071,hja2016_065,hyporheic / hyporheic,within habitat,0.8812,0.5327,0.20640000000000014,0.20315000000000008,0.0032500000000000003,0.006900000000000001
hja2016_075,hja2016_065,hyporheic / hyporheic,within habitat,0.906,0.6011,0.30430000000000007,0.2902000000000001,0.014099999999999998,0.022250000000000006
hja2016_078,hja2016_065,hyporheic / hyporheic,within habitat,0.8938,0.5657,0.2767500000000002,0.26925000000000016,0.0075,0.015649999999999997
hja2016_079,hja2016_065,hyporheic / hyporheic,within habitat,0.9228,0.6021,0.2784500000000001,0.2645500000000002,0.013899999999999997,0.01935
hja2016_084,hja2016_065,hyporheic / hyporheic,within habitat,0.9098,0.6038,0.31004999999999977,0.2983499999999997,0.011699999999999999,0.014399999999999998
hja2016_127,hja2016_065,hyporheic / sediment,across habitats,0.8806,0.59,0.26349999999999985,0.2290999999999999,0.03439999999999999,0.03899999999999999
hja2016_129,hja2016_065,hyporheic / sediment,across habitats,0.8853,0.6046,0.2673999999999998,0.21779999999999994,0.049600000000000005,0.054150000000000004
hja2016_131,hja2016_065,hyporheic / sediment,across habitats,0.8883,0.6065,0.27104999999999985,0.20139999999999977,0.06965000000000002,0.07190000000000002
hja2016_132,hja2016_065,hyporheic / sediment,across habitats,0.8938,0.6304,0.27739999999999987,0.21850000000000014,0.05890000000000002,0.06375000000000001
hja2016_133,hja2016_065,hyporheic / sediment,across habitats,0.888,0.5838,0.2381999999999999,0.1879999999999999,0.050199999999999995,0.05120000000000001
hja2016_135,hja2016_065,hyporheic / sediment,across habitats,0.8895,0.6269,0.27199999999999996,0.2262000000000001,0.0458,0.051449999999999996
hja2016_136,hja2016_065,hyporheic / sediment,across habitats,0.902,0.6458,0.28059999999999957,0.23495000000000002,0.04564999999999999,0.04764999999999999
hja2016_139,hja2016_065,hyporheic / sediment,across habitats,0.8831,0.6218,0.26474999999999993,0.2233499999999999,0.041399999999999985,0.04414999999999999
hja2016_140,hja2016_065,hyporheic / sediment,across habitats,0.8956,0.6191,0.2803499999999998,0.23740000000000003,0.042949999999999995,0.04375
hja2016_141,hja2016_065,hyporheic / sediment,across habitats,0.8989,0.6338,0.2824999999999997,0.2484499999999999,0.034050000000000004,0.03820000000000002
hja2016_142,hja2016_065,hyporheic / sediment,across habitats,0.9032,0.6114,0.2419499999999999,0.20709999999999984,0.034850000000000006,0.038250000000000006
hja2016_144,hja2016_065,hyporheic / sediment,across habitats,0.9079,0.6227,0.26684999999999987,0.22744999999999993,0.03939999999999999,0.04044999999999999
hja2016_145,hja2016_065,hyporheic / sediment,across habitats,0.8897,0.6049,0.2682,0.20244999999999996,0.06575,0.06810000000000001
hja2016_146,hja2016_065,hyporheic / sediment,across habitats,0.9064,0.6211,0.2653499999999997,0.2259499999999998,0.039399999999999984,0.04184999999999999
hja2016_147,hja2016_065,hyporheic / sediment,across habitats,0.8877,0.5894,0.23874999999999985,0.19264999999999996,0.04610000000000001,0.0472
hja2016_148,hja2016_065,hyporheic / sediment,across habitats,0.8795,0.6165,0.2549,0.21255,0.04234999999999999,0.04714999999999999
hja2016_150,hja2016_065,hyporheic / sediment,across habitats,0.8892,0.6197,0.2809999999999995,0.22804999999999997,0.05294999999999999,0.056949999999999994
hja2016_151,hja2016_065,hyporheic / sediment,across habitats,0.8965,0.5857,0.22960000000000005,0.16405000000000006,0.06554999999999997,0.06594999999999997
hja2016_152,hja2016_065,hyporheic / sediment,across habitats,0.9192,0.6617,0.28474999999999995,0.20975,0.075,0.0773
hja2016_155,hja2016_065,hyporheic / sediment,across habitats,0.879,0.6049,0.26890000000000003,0.22749999999999995,0.04139999999999999,0.04355
hja2016_157,hja2016_065,hyporheic / sediment,across habitats,0.8672,0.6027,0.25950000000000006,0.2326500000000002,0.026849999999999995,0.029399999999999992
hja2016_159,hja2016_065,hyporheic / sediment,across habitats,0.88,0.6152,0.25375,0.20799999999999996,0.045750000000000006,0.05225
hja2016_160,hja2016_065,hyporheic / sediment,across habitats,0.8962,0.6435,0.23479999999999993,0.2099499999999999,0.02485,0.029700000000000008
hja2016_183,hja2016_065,hyporheic / soil,across habitats,0.9388,0.6793,0.3029999999999999,0.23704999999999987,0.06594999999999998,0.06594999999999998
hja2016_184,hja2016_065,hyporheic / soil,across habitats,0.9376,0.6984,0.31960000000000005,0.2948,0.024799999999999996,0.025849999999999995
hja2016_185,hja2016_065,hyporheic / soil,across habitats,0.9522,0.7659,0.48399999999999926,0.41234999999999977,0.07164999999999999,0.07234999999999998
hja2016_188,hja2016_065,hyporheic / soil,across habitats,0.9789,0.8587,0.524199999999999,0.4610499999999994,0.06315000000000001,0.06530000000000001
hja2016_189,hja2016_065,hyporheic / soil,across habitats,0.9724,0.8115,0.46345,0.3311,0.13235000000000002,0.1325
hja2016_190,hja2016_065,hyporheic / soil,across habitats,0.9412,0.7307,0.4177999999999999,0.33535,0.08244999999999998,0.08404999999999999
hja2016_191,hja2016_065,hyporheic / soil,across habitats,0.9795,0.8397,0.5804499999999988,0.5118499999999989,0.06859999999999998,0.06859999999999998
hja2016_031,hja2016_065,hyporheic / hyporheic,within habitat,0.9582,0.7338,0.41934999999999945,0.4059999999999995,0.013349999999999997,0.018199999999999997
hja2016_032,hja2016_065,hyporheic / hyporheic,within habitat,0.9333,0.6629,0.38989999999999975,0.3807999999999998,0.0091,0.014499999999999997
hja2016_035,hja2016_065,hyporheic / hyporheic,within habitat,0.9375,0.6031,0.3007000000000001,0.27435,0.02635,0.028699999999999996
hja2016_037,hja2016_065,hyporheic / hyporheic,within habitat,0.9295,0.6393,0.34489999999999993,0.3274499999999999,0.017449999999999997,0.026949999999999998
hja2016_042,hja2016_065,hyporheic / planktonic,across habitats,0.9573,0.734,0.39985000000000004,0.38820000000000005,0.011649999999999999,0.02325
hja2016_043,hja2016_065,hyporheic / hyporheic,within habitat,0.935,0.6635,0.35245,0.3469500000000001,0.0055000000000000005,0.0084
hja2016_049,hja2016_065,hyporheic / planktonic,across habitats,0.9584,0.815,0.4853499999999997,0.4641499999999997,0.0212,0.0291
hja2016_050,hja2016_065,hyporheic / hyporheic,within habitat,0.9223,0.6045,0.25035,0.23680000000000007,0.01355,0.015349999999999999
hja2016_052,hja2016_065,hyporheic / hyporheic,within habitat,0.8928,0.5543,0.24625000000000002,0.22775000000000004,0.0185,0.02095
hja2016_056,hja2016_065,hyporheic / hyporheic,within habitat,0.9189,0.6432,0.21635000000000004,0.2023,0.014050000000000002,0.014900000000000002
hja2016_057,hja2016_065,hyporheic / hyporheic,within habitat,0.9336,0.6781,0.32849999999999996,0.32039999999999996,0.0081,0.016249999999999997
hja2016_059,hja2016_065,hyporheic / planktonic,across habitats,0.9161,0.6413,0.30734999999999985,0.2938499999999998,0.013500000000000002,0.0232
hja2016_062,hja2016_065,hyporheic / hyporheic,within habitat,0.9163,0.5938,0.1787500000000001,0.1679500000000001,0.010799999999999999,0.013149999999999998
hja2016_064,hja2016_065,hyporheic / planktonic,across habitats,0.932,0.6609,0.3579999999999997,0.32859999999999984,0.029400000000000003,0.0395
hja2016_099,hja2016_065,hyporheic / planktonic,across habitats,0.9844,0.7739,0.4067499999999989,0.3013999999999994,0.10534999999999999,0.10564999999999998
hja2016_100,hja2016_065,hyporheic / planktonic,across habitats,0.9875,0.8134,0.4768999999999989,0.403749999999999,0.07314999999999999,0.07344999999999999
hja2016_101,hja2016_065,hyporheic / planktonic,across habitats,0.9858,0.7681,0.3912999999999989,0.2999999999999993,0.09130000000000002,0.09330000000000002
hja2016_102,hja2016_065,hyporheic / hyporheic,within habitat,0.9816,0.7927,0.4350999999999987,0.32469999999999916,0.1104,0.1111
hja2016_103,hja2016_065,hyporheic / planktonic,across habitats,0.9664,0.7174,0.3366999999999992,0.27359999999999973,0.06309999999999999,0.06425
hja2016_105,hja2016_065,hyporheic / planktonic,across habitats,0.9785,0.7929,0.4352499999999988,0.33069999999999905,0.10454999999999999,0.10454999999999999
hja2016_106,hja2016_065,hyporheic / planktonic,across habitats,0.9948,0.8074,0.4428999999999988,0.3637999999999991,0.0791,0.0794
hja2016_107,hja2016_065,hyporheic / hyporheic,within habitat,0.9833,0.7674,0.3869499999999994,0.2896999999999996,0.09725000000000002,0.09725000000000002
hja2016_109,hja2016_065,hyporheic / planktonic,across habitats,0.9797,0.7402,0.42569999999999847,0.35649999999999943,0.06919999999999998,0.06969999999999998
hja2016_110,hja2016_065,hyporheic / hyporheic,within habitat,0.9833,0.744,0.41689999999999916,0.32354999999999956,0.09335,0.09380000000000001
hja2016_111,hja2016_065,hyporheic / planktonic,across habitats,0.9809,0.7679,0.4124999999999988,0.30089999999999933,0.11160000000000002,0.11215000000000001
hja2016_114,hja2016_065,hyporheic / planktonic,across habitats,0.9833,0.7524,0.36814999999999914,0.2691499999999997,0.09899999999999995,0.09999999999999998
hja2016_116,hja2016_065,hyporheic / planktonic,across habitats,0.9802,0.7726,0.4000499999999991,0.2965499999999993,0.10350000000000002,0.10385000000000001
hja2016_119,hja2016_065,hyporheic / planktonic,across habitats,0.9678,0.6987,0.3027499999999992,0.21819999999999992,0.08455000000000004,0.08580000000000004
hja2016_121,hja2016_065,hyporheic / hyporheic,within habitat,0.9956,0.8111,0.4792999999999988,0.40159999999999907,0.07769999999999998,0.07809999999999999
hja2016_122,hja2016_065,hyporheic / sediment,across habitats,0.8847,0.604,0.24645,0.20085,0.04560000000000001,0.05000000000000001
hja2016_125,hja2016_065,hyporheic / sediment,across habitats,0.8774,0.6067,0.24149999999999994,0.20224999999999993,0.03924999999999999,0.04519999999999999
hja2016_164,hja2016_065,hyporheic / sediment,across habitats,0.9111,0.6546,0.29179999999999967,0.23334999999999995,0.058450000000000016,0.06175000000000002
hja2016_166,hja2016_065,hyporheic / sediment,across habitats,0.9006,0.6413,0.2427500000000001,0.22770000000000004,0.015050000000000001,0.021349999999999997
hja2016_167,hja2016_065,hyporheic / sediment,across habitats,0.8877,0.5881,0.24875,0.21235000000000007,0.036399999999999995,0.04039999999999999
hja2016_169,hja2016_065,hyporheic / sediment,across habitats,0.8893,0.5869,0.24374999999999997,0.20134999999999992,0.04240000000000001,0.047550000000000016
hja2016_170,hja2016_065,hyporheic / sediment,across habitats,0.8875,0.6163,0.27469999999999967,0.23364999999999994,0.04105000000000002,0.044500000000000026
hja2016_177,hja2016_065,hyporheic / sediment,across habitats,0.8865,0.6229,0.2660499999999996,0.2197499999999997,0.04630000000000001,0.05160000000000001
hja2016_179,hja2016_065,hyporheic / sediment,across habitats,0.8941,0.6202,0.2938999999999995,0.26559999999999995,0.028299999999999995,0.03295
hja2016_180,hja2016_065,hyporheic / sediment,across habitats,0.8991,0.6363,0.21980000000000008,0.2004,0.019400000000000004,0.022900000000000004
hja2016_181,hja2016_065,hyporheic / sediment,across habitats,0.8845,0.6046,0.2638499999999998,0.21574999999999997,0.0481,0.05085
hja2016_193,hja2016_065,hyporheic / soil,across habitats,0.9665,0.7792,0.42274999999999996,0.34070000000000006,0.08205000000000001,0.08420000000000002
hja2016_194,hja2016_065,hyporheic / soil,across habitats,0.8816,0.617,0.2567500000000001,0.22470000000000007,0.03205,0.0325
hja2016_195,hja2016_065,hyporheic / soil,across habitats,0.9534,0.7126,0.3454999999999998,0.2659499999999998,0.07955000000000001,0.08265000000000002
hja2016_196,hja2016_065,hyporheic / soil,across habitats,0.9044,0.5964,0.21465000000000004,0.16984999999999995,0.044799999999999986,0.045649999999999975
hja2016_197,hja2016_065,hyporheic / soil,across habitats,0.9655,0.7543,0.4401499999999992,0.3939499999999994,0.04619999999999999,0.04704999999999999
hja2016_198,hja2016_065,hyporheic / soil,across habitats,0.9111,0.6399,0.29229999999999967,0.2310499999999999,0.061249999999999985,0.06294999999999999
hja2016_199,hja2016_065,hyporheic / soil,across habitats,0.9353,0.6879,0.30510000000000004,0.24274999999999997,0.06235,0.0632
hja2016_200,hja2016_065,hyporheic / soil,across habitats,0.9179,0.6703,0.33989999999999926,0.25099999999999983,0.08890000000000002,0.08960000000000003
hja2016_070,hja2016_066,hyporheic / hyporheic,within habitat,0.9328,0.5881,0.2555,0.23189999999999994,0.023600000000000003,0.030850000000000006
hja2016_071,hja2016_066,hyporheic / hyporheic,within habitat,0.8864,0.5013,0.13320000000000015,0.12475000000000017,0.008450000000000001,0.010600000000000002
hja2016_075,hja2016_066,hyporheic / hyporheic,within habitat,0.9163,0.5898,0.25000000000000006,0.22920000000000001,0.020800000000000006,0.0284
hja2016_078,hja2016_066,hyporheic / hyporheic,within habitat,0.9024,0.5515,0.2096000000000001,0.19585000000000005,0.013749999999999998,0.017950000000000004
hja2016_079,hja2016_066,hyporheic / hyporheic,within habitat,0.9151,0.5758,0.23015000000000016,0.2001000000000001,0.030050000000000004,0.033549999999999996
hja2016_084,hja2016_066,hyporheic / hyporheic,within habitat,0.875,0.5047,0.18675,0.17635000000000003,0.010399999999999998,0.016199999999999996
hja2016_127,hja2016_066,hyporheic / sediment,across habitats,0.8913,0.6148,0.23484999999999992,0.21254999999999985,0.0223,0.0223
hja2016_129,hja2016_066,hyporheic / sediment,across habitats,0.8934,0.6175,0.23339999999999975,0.20094999999999985,0.03245,0.03455
hja2016_131,hja2016_066,hyporheic / sediment,across habitats,0.8976,0.619,0.22559999999999986,0.1862999999999998,0.0393,0.04095000000000001
hja2016_132,hja2016_066,hyporheic / sediment,across habitats,0.9222,0.6455,0.2440499999999999,0.19859999999999986,0.04545,0.047299999999999995
hja2016_133,hja2016_066,hyporheic / sediment,across habitats,0.9253,0.6386,0.23319999999999994,0.18729999999999997,0.045899999999999996,0.04705
hja2016_135,hja2016_066,hyporheic / sediment,across habitats,0.916,0.6476,0.2509,0.21349999999999997,0.037399999999999996,0.0378
hja2016_136,hja2016_066,hyporheic / sediment,across habitats,0.9165,0.6602,0.23884999999999992,0.2079999999999999,0.03085,0.031799999999999995
hja2016_139,hja2016_066,hyporheic / sediment,across habitats,0.8859,0.6353,0.23439999999999991,0.20240000000000002,0.032,0.0337
hja2016_140,hja2016_066,hyporheic / sediment,across habitats,0.9108,0.6419,0.23549999999999996,0.19754999999999992,0.03795,0.038599999999999995
hja2016_141,hja2016_066,hyporheic / sediment,across habitats,0.9123,0.6529,0.24459999999999985,0.22304999999999986,0.021549999999999996,0.022199999999999998
hja2016_142,hja2016_066,hyporheic / sediment,across habitats,0.8983,0.6044,0.19699999999999984,0.1727999999999999,0.024199999999999992,0.025
hja2016_144,hja2016_066,hyporheic / sediment,across habitats,0.8891,0.5939,0.21204999999999993,0.18689999999999984,0.02515,0.0273
hja2016_145,hja2016_066,hyporheic / sediment,across habitats,0.899,0.6227,0.23179999999999965,0.19899999999999965,0.0328,0.03415
hja2016_146,hja2016_066,hyporheic / sediment,across habitats,0.9139,0.6455,0.2261999999999999,0.19469999999999985,0.0315,0.032549999999999996
hja2016_147,hja2016_066,hyporheic / sediment,across habitats,0.9208,0.6408,0.2373499999999999,0.19655,0.04079999999999998,0.04079999999999998
hja2016_148,hja2016_066,hyporheic / sediment,across habitats,0.8888,0.6204,0.22149999999999995,0.18395,0.03754999999999999,0.0391
hja2016_150,hja2016_066,hyporheic / sediment,across habitats,0.8966,0.6313,0.24594999999999995,0.20509999999999984,0.04085,0.041
hja2016_151,hja2016_066,hyporheic / sediment,across habitats,0.9293,0.629,0.23734999999999995,0.19129999999999986,0.04605,0.04605
hja2016_152,hja2016_066,hyporheic / sediment,across habitats,0.9176,0.6655,0.23365000000000008,0.18300000000000008,0.050649999999999994,0.05209999999999999
hja2016_155,hja2016_066,hyporheic / sediment,across habitats,0.882,0.617,0.2127,0.18324999999999997,0.029449999999999997,0.030699999999999995
hja2016_157,hja2016_066,hyporheic / sediment,across habitats,0.8927,0.6396,0.22440000000000013,0.1917500000000001,0.03265,0.034499999999999996
hja2016_159,hja2016_066,hyporheic / sediment,across habitats,0.8911,0.6105,0.23745,0.2099499999999999,0.027500000000000007,0.028300000000000002
hja2016_160,hja2016_066,hyporheic / sediment,across habitats,0.9288,0.6891,0.26294999999999985,0.2019999999999998,0.06095,0.0623
hja2016_183,hja2016_066,hyporheic / soil,across habitats,0.9432,0.7019,0.25149999999999983,0.20454999999999982,0.04695,0.047999999999999994
hja2016_184,hja2016_066,hyporheic / soil,across habitats,0.9426,0.7035,0.25934999999999986,0.2180999999999999,0.041250000000000016,0.043600000000000014
hja2016_185,hja2016_066,hyporheic / soil,across habitats,0.9529,0.7736,0.40819999999999923,0.3442999999999996,0.0639,0.0639
hja2016_188,hja2016_066,hyporheic / soil,across habitats,0.9902,0.8868,0.5299499999999989,0.4233499999999994,0.10659999999999997,0.1069
hja2016_189,hja2016_066,hyporheic / soil,across habitats,0.9839,0.8453,0.47214999999999924,0.31394999999999956,0.1582,0.1582
hja2016_190,hja2016_066,hyporheic / soil,across habitats,0.9562,0.7611,0.3831499999999995,0.3014999999999999,0.08164999999999999,0.08304999999999998
hja2016_191,hja2016_066,hyporheic / soil,across habitats,0.9837,0.8413,0.533149999999999,0.4477999999999994,0.08535000000000001,0.08535000000000001
hja2016_031,hja2016_066,hyporheic / hyporheic,within habitat,0.9426,0.6714,0.3092999999999997,0.2839999999999999,0.0253,0.03145
hja2016_032,hja2016_066,hyporheic / hyporheic,within habitat,0.927,0.6546,0.30124999999999974,0.2883499999999999,0.012899999999999998,0.0242
hja2016_035,hja2016_066,hyporheic / hyporheic,within habitat,0.9211,0.5549,0.2789499999999998,0.2362499999999999,0.04269999999999999,0.04269999999999999
hja2016_037,hja2016_066,hyporheic / hyporheic,within habitat,0.9142,0.5866,0.29449999999999993,0.28255,0.011949999999999997,0.015449999999999997
hja2016_042,hja2016_066,hyporheic / planktonic,across habitats,0.962,0.694,0.30364999999999975,0.2789999999999999,0.024650000000000005,0.024650000000000005
hja2016_043,hja2016_066,hyporheic / hyporheic,within habitat,0.9204,0.6694,0.3436499999999999,0.31454999999999983,0.0291,0.03695
hja2016_049,hja2016_066,hyporheic / planktonic,across habitats,0.9589,0.8144,0.4305999999999995,0.40309999999999946,0.027499999999999997,0.03145
hja2016_050,hja2016_066,hyporheic / hyporheic,within habitat,0.9293,0.5925,0.22185000000000007,0.20565000000000008,0.016200000000000003,0.023850000000000007
hja2016_052,hja2016_066,hyporheic / hyporheic,within habitat,0.864,0.4618,0.18135,0.16185000000000002,0.019499999999999997,0.02715
hja2016_056,hja2016_066,hyporheic / hyporheic,within habitat,0.8964,0.5924,0.1543500000000001,0.1438000000000001,0.010549999999999999,0.0152
hja2016_057,hja2016_066,hyporheic / hyporheic,within habitat,0.9258,0.6522,0.2526500000000001,0.22594999999999998,0.0267,0.03484999999999999
hja2016_059,hja2016_066,hyporheic / planktonic,across habitats,0.9229,0.6495,0.27679999999999993,0.26664999999999994,0.01015,0.012899999999999998
hja2016_062,hja2016_066,hyporheic / hyporheic,within habitat,0.9114,0.5571,0.1329500000000001,0.12155000000000006,0.011399999999999997,0.012899999999999997
hja2016_064,hja2016_066,hyporheic / planktonic,across habitats,0.9446,0.6633,0.34299999999999947,0.3072999999999996,0.03569999999999999,0.03619999999999999
hja2016_099,hja2016_066,hyporheic / planktonic,across habitats,0.9891,0.8005,0.46429999999999877,0.33904999999999935,0.12524999999999997,0.12524999999999997
hja2016_100,hja2016_066,hyporheic / planktonic,across habitats,0.9937,0.8334,0.5215499999999986,0.3907499999999992,0.13080000000000003,0.13080000000000003
hja2016_101,hja2016_066,hyporheic / planktonic,across habitats,0.9901,0.7895,0.45199999999999896,0.3488999999999992,0.10310000000000002,0.10310000000000002
hja2016_102,hja2016_066,hyporheic / hyporheic,within habitat,0.9881,0.8207,0.5133499999999985,0.38709999999999917,0.12625000000000003,0.12625000000000003
hja2016_103,hja2016_066,hyporheic / planktonic,across habitats,0.9748,0.7274,0.378899999999999,0.29359999999999953,0.08530000000000001,0.08645000000000001
hja2016_105,hja2016_066,hyporheic / planktonic,across habitats,0.98740000000000006,0.8171,0.49559999999999865,0.37614999999999926,0.11945000000000001,0.12025000000000001
hja2016_106,hja2016_066,hyporheic / planktonic,across habitats,0.9965,0.8167,0.4986999999999989,0.3839999999999992,0.11469999999999998,0.11469999999999998
hja2016_107,hja2016_066,hyporheic / hyporheic,within habitat,0.98740000000000006,0.7873,0.44094999999999923,0.3187999999999994,0.12215000000000004,0.12230000000000003
hja2016_109,hja2016_066,hyporheic / planktonic,across habitats,0.9865,0.7796,0.4770499999999986,0.39139999999999914,0.08565,0.08565
hja2016_110,hja2016_066,hyporheic / hyporheic,within habitat,0.9905,0.7823,0.47144999999999887,0.3776499999999994,0.0938,0.0938
hja2016_111,hja2016_066,hyporheic / planktonic,across habitats,0.9868,0.7967,0.4551999999999989,0.32349999999999923,0.13170000000000004,0.13170000000000004
hja2016_114,hja2016_066,hyporheic / planktonic,across habitats,0.9872,0.7863,0.43869999999999915,0.3290999999999994,0.10959999999999995,0.10974999999999996
hja2016_116,hja2016_066,hyporheic / planktonic,across habitats,0.9864,0.7998,0.46834999999999877,0.3432499999999991,0.12510000000000002,0.12510000000000002
hja2016_119,hja2016_066,hyporheic / planktonic,across habitats,0.9729,0.7082,0.34179999999999916,0.24409999999999984,0.09770000000000001,0.0985
hja2016_121,hja2016_066,hyporheic / hyporheic,within habitat,0.9959,0.8195,0.5128499999999989,0.40524999999999917,0.10759999999999999,0.10759999999999999
hja2016_122,hja2016_066,hyporheic / sediment,across habitats,0.8912,0.6019,0.21884999999999988,0.19589999999999982,0.022949999999999998,0.022949999999999998
hja2016_125,hja2016_066,hyporheic / sediment,across habitats,0.8844,0.6081,0.23214999999999994,0.20564999999999983,0.026500000000000003,0.028300000000000002
hja2016_164,hja2016_066,hyporheic / sediment,across habitats,0.9214,0.6807,0.24744999999999992,0.2109499999999999,0.03649999999999999,0.036849999999999994
hja2016_166,hja2016_066,hyporheic / sediment,across habitats,0.9272,0.6857,0.26754999999999995,0.21525,0.0523,0.05245
hja2016_167,hja2016_066,hyporheic / sediment,across habitats,0.9265,0.6373,0.25104999999999994,0.20929999999999993,0.04175,0.043250000000000004
hja2016_169,hja2016_066,hyporheic / sediment,across habitats,0.92490000000000006,0.6386,0.2429499999999999,0.20144999999999985,0.04150000000000001,0.043850000000000014
hja2016_170,hja2016_066,hyporheic / sediment,across habitats,0.9014,0.6484,0.23139999999999988,0.19414999999999993,0.037250000000000005,0.03935000000000001
hja2016_177,hja2016_066,hyporheic / sediment,across habitats,0.9136,0.6382,0.22209999999999985,0.19339999999999974,0.028699999999999996,0.0298
hja2016_179,hja2016_066,hyporheic / sediment,across habitats,0.9077,0.6482,0.24439999999999998,0.22184999999999994,0.022550000000000004,0.022750000000000006
hja2016_180,hja2016_066,hyporheic / sediment,across habitats,0.9262,0.6875,0.24534999999999998,0.1861,0.059250000000000004,0.05965000000000001
hja2016_181,hja2016_066,hyporheic / sediment,across habitats,0.8966,0.6432,0.21434999999999985,0.17459999999999984,0.03974999999999999,0.04014999999999999
hja2016_193,hja2016_066,hyporheic / soil,across habitats,0.9776,0.8081,0.42434999999999945,0.32759999999999984,0.09674999999999999,0.09709999999999998
hja2016_194,hja2016_066,hyporheic / soil,across habitats,0.9014,0.6278,0.2141499999999998,0.19969999999999974,0.01445,0.0157
hja2016_195,hja2016_066,hyporheic / soil,across habitats,0.9574,0.7339,0.29844999999999994,0.21909999999999988,0.07935,0.08139999999999999
hja2016_196,hja2016_066,hyporheic / soil,across habitats,0.922,0.6242,0.1985499999999999,0.17239999999999986,0.026150000000000003,0.0275
hja2016_197,hja2016_066,hyporheic / soil,across habitats,0.9768,0.7694,0.4107999999999993,0.35594999999999927,0.05484999999999999,0.05484999999999999
hja2016_198,hja2016_066,hyporheic / soil,across habitats,0.9268,0.6615,0.23484999999999975,0.18639999999999976,0.04844999999999998,0.050749999999999976
hja2016_199,hja2016_066,hyporheic / soil,across habitats,0.9555,0.7189,0.28629999999999994,0.21859999999999996,0.06769999999999998,0.06884999999999998
hja2016_200,hja2016_066,hyporheic / soil,across habitats,0.9225,0.6752,0.2688499999999997,0.21614999999999968,0.05270000000000001,0.05310000000000001
hja2016_071,hja2016_070,hyporheic / hyporheic,within habitat,0.925,0.5155,0.19080000000000005,0.17909999999999998,0.0117,0.018049999999999997
hja2016_075,hja2016_070,hyporheic / hyporheic,within habitat,0.9439,0.5808,0.31249999999999967,0.3016499999999998,0.01085,0.013799999999999998
hja2016_078,hja2016_070,hyporheic / hyporheic,within habitat,0.9389,0.5805,0.3069499999999999,0.29035,0.0166,0.022099999999999998
hja2016_079,hja2016_070,hyporheic / hyporheic,within habitat,0.946,0.589,0.2833500000000001,0.25530000000000025,0.02805,0.03405
hja2016_084,hja2016_070,hyporheic / hyporheic,within habitat,0.9554,0.7058,0.3859999999999996,0.3589999999999997,0.026999999999999996,0.031099999999999996
hja2016_127,hja2016_070,hyporheic / sediment,across habitats,0.9496,0.7269,0.3763999999999991,0.3184999999999994,0.057899999999999986,0.061449999999999984
hja2016_129,hja2016_070,hyporheic / sediment,across habitats,0.9476,0.7483,0.381599999999999,0.3150499999999993,0.06654999999999998,0.07095000000000001
hja2016_131,hja2016_070,hyporheic / sediment,across habitats,0.9513,0.7493,0.3737999999999995,0.29194999999999954,0.08185,0.08185
hja2016_132,hja2016_070,hyporheic / sediment,across habitats,0.9571,0.7858,0.415199999999999,0.3216999999999991,0.09349999999999997,0.09669999999999998
hja2016_133,hja2016_070,hyporheic / sediment,across habitats,0.9456,0.7256,0.38559999999999905,0.2905499999999994,0.09505,0.09705000000000001
hja2016_135,hja2016_070,hyporheic / sediment,across habitats,0.9552,0.7789,0.4144499999999992,0.3301999999999994,0.08424999999999999,0.08799999999999998
hja2016_136,hja2016_070,hyporheic / sediment,across habitats,0.9644,0.8017,0.40539999999999876,0.340049999999999,0.06534999999999999,0.06984999999999997
hja2016_139,hja2016_070,hyporheic / sediment,across habitats,0.951,0.7724,0.3846499999999988,0.3140999999999993,0.07054999999999999,0.07169999999999999
hja2016_140,hja2016_070,hyporheic / sediment,across habitats,0.9556,0.7673,0.3860499999999991,0.3229999999999993,0.06305000000000001,0.06400000000000002
hja2016_141,hja2016_070,hyporheic / sediment,across habitats,0.9614,0.7934,0.4117499999999989,0.343299999999999,0.06844999999999997,0.07054999999999999
hja2016_142,hja2016_070,hyporheic / sediment,across habitats,0.9623,0.7857,0.38279999999999925,0.3250499999999994,0.05775,0.06180000000000001
hja2016_144,hja2016_070,hyporheic / sediment,across habitats,0.9649,0.7916,0.4015999999999989,0.3271999999999991,0.07440000000000002,0.07515000000000002
hja2016_145,hja2016_070,hyporheic / sediment,across habitats,0.9496,0.7601,0.3831499999999991,0.30789999999999923,0.07525,0.0784
hja2016_146,hja2016_070,hyporheic / sediment,across habitats,0.962,0.7622,0.37429999999999913,0.3156499999999994,0.058649999999999994,0.06355000000000001
hja2016_147,hja2016_070,hyporheic / sediment,across habitats,0.9438,0.7317,0.3719999999999991,0.2750499999999998,0.09695,0.0977
hja2016_148,hja2016_070,hyporheic / sediment,across habitats,0.951,0.7691,0.3921999999999992,0.31164999999999915,0.08055,0.08155
hja2016_150,hja2016_070,hyporheic / sediment,across habitats,0.9571,0.776,0.4052499999999986,0.3314499999999988,0.0738,0.07585000000000003
hja2016_151,hja2016_070,hyporheic / sediment,across habitats,0.9499,0.7213,0.34924999999999906,0.24309999999999987,0.10615000000000001,0.10645000000000002
hja2016_152,hja2016_070,hyporheic / sediment,across habitats,0.9597,0.7762,0.35664999999999947,0.27149999999999974,0.08514999999999999,0.08855
hja2016_155,hja2016_070,hyporheic / sediment,across habitats,0.9501,0.7608,0.39114999999999894,0.31844999999999907,0.0727,0.07635000000000003
hja2016_157,hja2016_070,hyporheic / sediment,across habitats,0.9481,0.7526,0.3874499999999989,0.3280499999999992,0.05940000000000001,0.06320000000000002
hja2016_159,hja2016_070,hyporheic / sediment,across habitats,0.9551,0.7736,0.3953499999999991,0.327049999999999,0.06829999999999999,0.0735
hja2016_160,hja2016_070,hyporheic / sediment,across habitats,0.943,0.7171,0.31359999999999894,0.2704999999999995,0.0431,0.04685000000000002
hja2016_183,hja2016_070,hyporheic / soil,across habitats,0.9794,0.8288,0.44744999999999924,0.34184999999999943,0.10560000000000004,0.10810000000000003
hja2016_184,hja2016_070,hyporheic / soil,across habitats,0.9769,0.8209,0.4723499999999988,0.39504999999999907,0.07730000000000002,0.07925000000000001
hja2016_185,hja2016_070,hyporheic / soil,across habitats,0.9808,0.8858,0.6388499999999989,0.5220499999999993,0.11679999999999996,0.11934999999999996
hja2016_188,hja2016_070,hyporheic / soil,across habitats,0.9926,0.9112,0.6829999999999984,0.4710999999999994,0.21190000000000003,0.21405000000000002
hja2016_189,hja2016_070,hyporheic / soil,across habitats,0.9914,0.8837,0.613049999999999,0.3659499999999994,0.24710000000000007,0.24930000000000008
hja2016_190,hja2016_070,hyporheic / soil,across habitats,0.9749,0.8523,0.5525999999999991,0.42049999999999926,0.1321,0.13425
hja2016_191,hja2016_070,hyporheic / soil,across habitats,0.9892,0.8987,0.698899999999999,0.6014999999999991,0.09739999999999999,0.09874999999999999
hja2016_031,hja2016_070,hyporheic / hyporheic,within habitat,0.9654,0.7209,0.46239999999999953,0.44779999999999953,0.0146,0.01745
hja2016_032,hja2016_070,hyporheic / hyporheic,within habitat,0.9461,0.6351,0.37799999999999945,0.35604999999999953,0.02195,0.030500000000000003
hja2016_035,hja2016_070,hyporheic / hyporheic,within habitat,0.937,0.6319,0.34804999999999997,0.32339999999999997,0.024650000000000002,0.035750000000000004
hja2016_037,hja2016_070,hyporheic / hyporheic,within habitat,0.9635,0.7137,0.43554999999999966,0.4061499999999997,0.0294,0.033
hja2016_042,hja2016_070,hyporheic / planktonic,across habitats,0.9502,0.6531,0.3509999999999996,0.3249499999999997,0.02605,0.0368
hja2016_043,hja2016_070,hyporheic / hyporheic,within habitat,0.9405,0.6841,0.42949999999999977,0.39804999999999974,0.03145,0.049250000000000016
hja2016_049,hja2016_070,hyporheic / planktonic,across habitats,0.9456,0.7524,0.4682499999999993,0.44459999999999933,0.02365,0.0364
hja2016_050,hja2016_070,hyporheic / hyporheic,within habitat,0.9434,0.6524,0.30334999999999984,0.2749500000000001,0.0284,0.03795
hja2016_052,hja2016_070,hyporheic / hyporheic,within habitat,0.9577,0.6592,0.3049999999999996,0.2708,0.0342,0.039950000000000006
hja2016_056,hja2016_070,hyporheic / hyporheic,within habitat,0.9583,0.7294,0.2480500000000002,0.22365000000000015,0.0244,0.030900000000000004
hja2016_057,hja2016_070,hyporheic / hyporheic,within habitat,0.9461,0.6043,0.25605000000000006,0.25445000000000007,0.0015999999999999999,0.013600000000000003
hja2016_059,hja2016_070,hyporheic / planktonic,across habitats,0.9529,0.6612,0.36844999999999956,0.3443499999999995,0.0241,0.028700000000000003
hja2016_062,hja2016_070,hyporheic / hyporheic,within habitat,0.9569,0.6152,0.20675000000000002,0.1948,0.01195,0.0129
hja2016_064,hja2016_070,hyporheic / planktonic,across habitats,0.9523,0.616,0.39059999999999956,0.36024999999999957,0.030350000000000002,0.03650000000000001
hja2016_099,hja2016_070,hyporheic / planktonic,across habitats,0.994,0.8573,0.5434999999999984,0.39194999999999897,0.15155000000000005,0.15220000000000003
hja2016_100,hja2016_070,hyporheic / planktonic,across habitats,0.9968,0.876,0.5514999999999984,0.44574999999999876,0.10575000000000002,0.10680000000000002
hja2016_101,hja2016_070,hyporheic / planktonic,across habitats,0.9943,0.8461,0.5220499999999985,0.40299999999999875,0.11905000000000002,0.12010000000000003
hja2016_102,hja2016_070,hyporheic / hyporheic,within habitat,0.9938,0.8645,0.5871499999999976,0.43049999999999855,0.15664999999999998,0.15764999999999998
hja2016_103,hja2016_070,hyporheic / planktonic,across habitats,0.9875,0.8292,0.46864999999999857,0.37074999999999875,0.09790000000000001,0.09945000000000002
hja2016_105,hja2016_070,hyporheic / planktonic,across habitats,0.9918,0.8612,0.5882499999999982,0.43604999999999855,0.15219999999999997,0.15304999999999996
hja2016_106,hja2016_070,hyporheic / planktonic,across habitats,0.9976,0.8532,0.5022499999999988,0.42039999999999894,0.08185,0.08185
hja2016_107,hja2016_070,hyporheic / hyporheic,within habitat,0.9938,0.8463,0.5220999999999982,0.38899999999999885,0.13309999999999997,0.13309999999999997
hja2016_109,hja2016_070,hyporheic / planktonic,across habitats,0.9908,0.8458,0.5995999999999981,0.49449999999999883,0.10509999999999996,0.10594999999999996
hja2016_110,hja2016_070,hyporheic / hyporheic,within habitat,0.9935,0.84,0.5426499999999981,0.4124999999999989,0.13015000000000002,0.13015000000000002
hja2016_111,hja2016_070,hyporheic / planktonic,across habitats,0.9927,0.8463,0.5245499999999985,0.38839999999999886,0.13615000000000002,0.13685000000000003
hja2016_114,hja2016_070,hyporheic / planktonic,across habitats,0.9942,0.8451,0.5219499999999989,0.395549999999999,0.12639999999999998,0.127
hja2016_116,hja2016_070,hyporheic / planktonic,across habitats,0.993,0.8568,0.5549999999999984,0.41799999999999893,0.13699999999999998,0.13785
hja2016_119,hja2016_070,hyporheic / planktonic,across habitats,0.98740000000000006,0.8093,0.4261999999999984,0.30194999999999866,0.12425000000000003,0.12425000000000003
hja2016_121,hja2016_070,hyporheic / hyporheic,within habitat,0.9988,0.8646,0.5145499999999985,0.43274999999999875,0.08179999999999998,0.08179999999999998
hja2016_122,hja2016_070,hyporheic / sediment,across habitats,0.9526,0.7687,0.3743499999999989,0.30809999999999926,0.06625000000000002,0.06885000000000001
hja2016_125,hja2016_070,hyporheic / sediment,across habitats,0.9544,0.7716,0.4018499999999988,0.3448999999999991,0.05695000000000001,0.05965
hja2016_164,hja2016_070,hyporheic / sediment,across habitats,0.9588,0.8009,0.4015499999999989,0.32674999999999915,0.07480000000000002,0.07925000000000003
hja2016_166,hja2016_070,hyporheic / sediment,across habitats,0.944,0.7342,0.3296499999999991,0.2857999999999993,0.04384999999999999,0.0458
hja2016_167,hja2016_070,hyporheic / sediment,across habitats,0.9495,0.7242,0.3842499999999988,0.30659999999999915,0.07764999999999998,0.0797
hja2016_169,hja2016_070,hyporheic / sediment,across habitats,0.9459,0.7163,0.372199999999999,0.29204999999999964,0.08014999999999997,0.08329999999999999
hja2016_170,hja2016_070,hyporheic / sediment,across habitats,0.9322,0.7177,0.3466499999999987,0.28544999999999915,0.061200000000000004,0.06365000000000001
hja2016_177,hja2016_070,hyporheic / sediment,across habitats,0.9535,0.7744,0.3921999999999988,0.3226999999999992,0.06950000000000002,0.07300000000000004
hja2016_179,hja2016_070,hyporheic / sediment,across habitats,0.9559,0.7556,0.38479999999999903,0.325549999999999,0.059250000000000004,0.06445
hja2016_180,hja2016_070,hyporheic / sediment,across habitats,0.9447,0.7367,0.32449999999999923,0.2851499999999995,0.039349999999999996,0.040799999999999996
hja2016_181,hja2016_070,hyporheic / sediment,across habitats,0.9339,0.7146,0.34699999999999903,0.28474999999999934,0.06224999999999999,0.0636
hja2016_193,hja2016_070,hyporheic / soil,across habitats,0.9836,0.8755,0.542799999999999,0.3802499999999995,0.16255000000000003,0.16300000000000003
hja2016_194,hja2016_070,hyporheic / soil,across habitats,0.9562,0.7746,0.3938499999999991,0.33249999999999913,0.06134999999999999,0.0628
hja2016_195,hja2016_070,hyporheic / soil,across habitats,0.9788,0.8378,0.4640999999999989,0.3332499999999992,0.13085,0.13799999999999996
hja2016_196,hja2016_070,hyporheic / soil,across habitats,0.962,0.7473,0.35359999999999886,0.25634999999999986,0.09725000000000003,0.09725000000000003
hja2016_197,hja2016_070,hyporheic / soil,across habitats,0.9839,0.8371,0.5202999999999991,0.4444499999999991,0.07584999999999999,0.07604999999999999
hja2016_198,hja2016_070,hyporheic / soil,across habitats,0.973,0.799,0.39809999999999846,0.3035499999999988,0.09454999999999998,0.09574999999999997
hja2016_199,hja2016_070,hyporheic / soil,across habitats,0.976,0.8266,0.45949999999999896,0.33594999999999936,0.12355,0.125
hja2016_200,hja2016_070,hyporheic / soil,across habitats,0.9679,0.819,0.4731499999999986,0.34109999999999885,0.13205,0.13315
hja2016_075,hja2016_071,hyporheic / hyporheic,within habitat,0.8838,0.4989,0.19380000000000014,0.18485000000000013,0.00895,0.011049999999999999
hja2016_078,hja2016_071,hyporheic / hyporheic,within habitat,0.8716,0.4749,0.17850000000000013,0.16055000000000008,0.01795,0.019749999999999997
hja2016_079,hja2016_071,hyporheic / hyporheic,within habitat,0.8992,0.5039,0.19445000000000018,0.18070000000000017,0.013750000000000002,0.015300000000000001
hja2016_084,hja2016_071,hyporheic / hyporheic,within habitat,0.9352,0.651,0.29069999999999985,0.2629500000000001,0.02775,0.030650000000000004
hja2016_127,hja2016_071,hyporheic / sediment,across habitats,0.8215,0.5539,0.1650999999999999,0.1477499999999999,0.01735,0.0188
hja2016_129,hja2016_071,hyporheic / sediment,across habitats,0.8598,0.5903,0.1661999999999999,0.1409999999999999,0.025200000000000004,0.025200000000000004
hja2016_131,hja2016_071,hyporheic / sediment,across habitats,0.858,0.5905,0.16094999999999993,0.13650000000000007,0.024450000000000003,0.025600000000000005
hja2016_132,hja2016_071,hyporheic / sediment,across habitats,0.8885,0.6307,0.20359999999999992,0.16649999999999998,0.037099999999999994,0.037099999999999994
hja2016_133,hja2016_071,hyporheic / sediment,across habitats,0.8618,0.5635,0.17044999999999985,0.13295,0.037500000000000006,0.0401
hja2016_135,hja2016_071,hyporheic / sediment,across habitats,0.8841,0.623,0.21000000000000005,0.18165000000000003,0.028350000000000004,0.028750000000000008
hja2016_136,hja2016_071,hyporheic / sediment,across habitats,0.8898,0.6472,0.18154999999999996,0.163,0.01855,0.020500000000000004
hja2016_139,hja2016_071,hyporheic / sediment,across habitats,0.8519,0.6189,0.1583499999999999,0.14399999999999993,0.014350000000000002,0.0163
hja2016_140,hja2016_071,hyporheic / sediment,across habitats,0.8643,0.6052,0.14889999999999984,0.13085,0.018049999999999997,0.020049999999999995
hja2016_141,hja2016_071,hyporheic / sediment,across habitats,0.8868,0.6423,0.20024999999999965,0.18034999999999976,0.0199,0.0212
hja2016_142,hja2016_071,hyporheic / sediment,across habitats,0.8899,0.6143,0.18119999999999986,0.15879999999999986,0.0224,0.024049999999999995
hja2016_144,hja2016_071,hyporheic / sediment,across habitats,0.9007,0.6332,0.19129999999999983,0.1730999999999998,0.0182,0.0182
hja2016_145,hja2016_071,hyporheic / sediment,across habitats,0.8568,0.5959,0.16314999999999993,0.132,0.031150000000000004,0.031650000000000005
hja2016_146,hja2016_071,hyporheic / sediment,across habitats,0.8683,0.5967,0.1450999999999999,0.13119999999999993,0.013900000000000001,0.016050000000000002
hja2016_147,hja2016_071,hyporheic / sediment,across habitats,0.8631,0.5678,0.17814999999999986,0.13755,0.04059999999999999,0.04135
hja2016_148,hja2016_071,hyporheic / sediment,across habitats,0.8519,0.6181,0.1797,0.15690000000000004,0.022799999999999997,0.02375
hja2016_150,hja2016_071,hyporheic / sediment,across habitats,0.8566,0.6083,0.17005,0.14054999999999998,0.0295,0.0309
hja2016_151,hja2016_071,hyporheic / sediment,across habitats,0.8733,0.5555,0.16984999999999997,0.12615000000000004,0.043699999999999996,0.044399999999999995
hja2016_152,hja2016_071,hyporheic / sediment,across habitats,0.8803,0.6252,0.14819999999999997,0.1268,0.021400000000000002,0.0225
hja2016_155,hja2016_071,hyporheic / sediment,across habitats,0.8496,0.6099,0.16529999999999978,0.14464999999999983,0.02065,0.023400000000000004
hja2016_157,hja2016_071,hyporheic / sediment,across habitats,0.8285,0.5818,0.1571500000000002,0.14655000000000007,0.0106,0.01315
hja2016_159,hja2016_071,hyporheic / sediment,across habitats,0.84,0.5983,0.16609999999999991,0.1454499999999999,0.02065,0.0216
hja2016_160,hja2016_071,hyporheic / sediment,across habitats,0.8585,0.5905,0.15509999999999996,0.13179999999999994,0.023299999999999998,0.0262
hja2016_183,hja2016_071,hyporheic / soil,across habitats,0.9356,0.7034,0.22475,0.1977,0.02705,0.0274
hja2016_184,hja2016_071,hyporheic / soil,across habitats,0.938,0.7069,0.2418999999999999,0.21884999999999993,0.02305,0.024849999999999997
hja2016_185,hja2016_071,hyporheic / soil,across habitats,0.9605,0.8036,0.37424999999999936,0.3300999999999995,0.04414999999999999,0.04414999999999999
hja2016_188,hja2016_071,hyporheic / soil,across habitats,0.986,0.8812,0.48334999999999934,0.4128999999999993,0.07045000000000001,0.07135000000000001
hja2016_189,hja2016_071,hyporheic / soil,across habitats,0.9838,0.8321,0.4361999999999994,0.3206999999999996,0.11550000000000002,0.11580000000000001
hja2016_190,hja2016_071,hyporheic / soil,across habitats,0.9472,0.7656,0.3573499999999995,0.2940499999999999,0.0633,0.06485
hja2016_191,hja2016_071,hyporheic / soil,across habitats,0.9809,0.851,0.6025999999999991,0.5369499999999995,0.06565000000000001,0.06675000000000002
hja2016_031,hja2016_071,hyporheic / hyporheic,within habitat,0.954,0.6733,0.34384999999999966,0.3209499999999995,0.022899999999999997,0.025849999999999998
hja2016_032,hja2016_071,hyporheic / hyporheic,within habitat,0.9287,0.5776,0.28554999999999975,0.2645999999999999,0.02095,0.0248
hja2016_035,hja2016_071,hyporheic / hyporheic,within habitat,0.9412,0.6423,0.3270499999999998,0.27215,0.0549,0.05670000000000001
hja2016_037,hja2016_071,hyporheic / hyporheic,within habitat,0.9485,0.672,0.3291499999999996,0.30384999999999956,0.025299999999999993,0.02874999999999999
hja2016_042,hja2016_071,hyporheic / planktonic,across habitats,0.945,0.6262,0.3104999999999995,0.29154999999999953,0.018949999999999998,0.029449999999999997
hja2016_043,hja2016_071,hyporheic / hyporheic,within habitat,0.9243,0.5891,0.2756499999999996,0.24680000000000002,0.02885,0.03665
hja2016_049,hja2016_071,hyporheic / planktonic,across habitats,0.9439,0.6575,0.33559999999999934,0.3235499999999993,0.01205,0.016649999999999998
hja2016_050,hja2016_071,hyporheic / hyporheic,within habitat,0.8961,0.5456,0.20325000000000004,0.17995000000000008,0.023299999999999998,0.0295
hja2016_052,hja2016_071,hyporheic / hyporheic,within habitat,0.9088,0.5694,0.20279999999999998,0.18469999999999995,0.018099999999999998,0.02155
hja2016_056,hja2016_071,hyporheic / hyporheic,within habitat,0.923,0.6558,0.17630000000000015,0.16435000000000005,0.01195,0.016200000000000003
hja2016_057,hja2016_071,hyporheic / hyporheic,within habitat,0.929,0.5923,0.23850000000000005,0.22770000000000007,0.0108,0.0195
hja2016_059,hja2016_071,hyporheic / planktonic,across habitats,0.8958,0.5656,0.21139999999999995,0.20305,0.008350000000000002,0.012649999999999998
hja2016_062,hja2016_071,hyporheic / hyporheic,within habitat,0.8837,0.491,0.10740000000000002,0.10265000000000003,0.00475,0.0069500000000000004
hja2016_064,hja2016_071,hyporheic / planktonic,across habitats,0.9046,0.5384,0.24979999999999994,0.22099999999999995,0.028799999999999996,0.035699999999999996
hja2016_099,hja2016_071,hyporheic / planktonic,across habitats,0.9845,0.8045,0.47499999999999903,0.3510999999999992,0.12390000000000001,0.12390000000000001
hja2016_100,hja2016_071,hyporheic / planktonic,across habitats,0.9911,0.8327,0.5147999999999987,0.41849999999999904,0.09630000000000001,0.09665000000000003
hja2016_101,hja2016_071,hyporheic / planktonic,across habitats,0.9842,0.7815,0.43934999999999924,0.34639999999999915,0.09295,0.09350000000000003
hja2016_102,hja2016_071,hyporheic / hyporheic,within habitat,0.9855,0.824,0.49244999999999917,0.3665499999999994,0.1259,0.12665000000000004
hja2016_103,hja2016_071,hyporheic / planktonic,across habitats,0.9663,0.7428,0.3601499999999991,0.29259999999999947,0.06755,0.06955000000000001
hja2016_105,hja2016_071,hyporheic / planktonic,across habitats,0.9824,0.8236,0.49699999999999905,0.37929999999999925,0.11770000000000003,0.11880000000000002
hja2016_106,hja2016_071,hyporheic / planktonic,across habitats,0.9948,0.8062,0.46289999999999926,0.3604499999999993,0.10244999999999999,0.10244999999999999
hja2016_107,hja2016_071,hyporheic / hyporheic,within habitat,0.9823,0.7858,0.4503999999999996,0.33819999999999945,0.11220000000000002,0.11255000000000001
hja2016_109,hja2016_071,hyporheic / planktonic,across habitats,0.9815,0.7782,0.48704999999999915,0.4151999999999996,0.07184999999999998,0.07184999999999998
hja2016_110,hja2016_071,hyporheic / hyporheic,within habitat,0.983,0.7857,0.46119999999999933,0.37184999999999935,0.08935,0.08955
hja2016_111,hja2016_071,hyporheic / planktonic,across habitats,0.9817,0.7984,0.44464999999999943,0.33814999999999934,0.10650000000000001,0.10650000000000001
hja2016_114,hja2016_071,hyporheic / planktonic,across habitats,0.9807,0.7791,0.4336999999999995,0.32564999999999933,0.10804999999999998,0.10824999999999999
hja2016_116,hja2016_071,hyporheic / planktonic,across habitats,0.9811,0.8005,0.4735499999999992,0.3539499999999992,0.11960000000000001,0.11980000000000002
hja2016_119,hja2016_071,hyporheic / planktonic,across habitats,0.9697,0.7228,0.3217999999999993,0.24374999999999988,0.07805000000000004,0.07805000000000004
hja2016_121,hja2016_071,hyporheic / hyporheic,within habitat,0.9946,0.8081,0.49299999999999927,0.3990999999999995,0.0939,0.0939
hja2016_122,hja2016_071,hyporheic / sediment,across habitats,0.8404,0.5964,0.1613,0.14000000000000007,0.021300000000000006,0.023000000000000007
hja2016_125,hja2016_071,hyporheic / sediment,across habitats,0.8477,0.6083,0.1733499999999999,0.15459999999999988,0.01875,0.02115
hja2016_164,hja2016_071,hyporheic / sediment,across habitats,0.89,0.6581,0.17724999999999985,0.15364999999999984,0.023599999999999996,0.024499999999999997
hja2016_166,hja2016_071,hyporheic / sediment,across habitats,0.8681,0.5946,0.164,0.13620000000000004,0.027800000000000005,0.02985
hja2016_167,hja2016_071,hyporheic / sediment,across habitats,0.8643,0.5682,0.18639999999999995,0.15264999999999995,0.033749999999999995,0.03699999999999999
hja2016_169,hja2016_071,hyporheic / sediment,across habitats,0.8659,0.5608,0.18234999999999982,0.15089999999999992,0.03145,0.033299999999999996
hja2016_170,hja2016_071,hyporheic / sediment,across habitats,0.8186,0.5539,0.13740000000000005,0.12120000000000003,0.0162,0.018899999999999997
hja2016_177,hja2016_071,hyporheic / sediment,across habitats,0.8752,0.6071,0.19229999999999983,0.16454999999999978,0.027750000000000007,0.028700000000000007
hja2016_179,hja2016_071,hyporheic / sediment,across habitats,0.8543,0.5941,0.15769999999999992,0.1451999999999999,0.0125,0.0135
hja2016_180,hja2016_071,hyporheic / sediment,across habitats,0.8588,0.5947,0.14894999999999992,0.13235,0.0166,0.0167
hja2016_181,hja2016_071,hyporheic / sediment,across habitats,0.8183,0.5409,0.13235000000000002,0.11780000000000003,0.014549999999999997,0.016599999999999997
hja2016_193,hja2016_071,hyporheic / soil,across habitats,0.9691,0.8035,0.3483499999999996,0.27699999999999986,0.07135000000000001,0.07135000000000001
hja2016_194,hja2016_071,hyporheic / soil,across habitats,0.8782,0.6217,0.1817500000000001,0.15975000000000003,0.022000000000000002,0.022650000000000003
hja2016_195,hja2016_071,hyporheic / soil,across habitats,0.9501,0.7366,0.28795,0.2042499999999999,0.0837,0.0847
hja2016_196,hja2016_071,hyporheic / soil,across habitats,0.8922,0.5901,0.17699999999999996,0.15489999999999987,0.022100000000000005,0.023400000000000004
hja2016_197,hja2016_071,hyporheic / soil,across habitats,0.9698,0.7461,0.3708499999999992,0.34914999999999924,0.021700000000000004,0.022900000000000004
hja2016_198,hja2016_071,hyporheic / soil,across habitats,0.9174,0.6509,0.2118499999999999,0.1673999999999999,0.04445,0.04445
hja2016_199,hja2016_071,hyporheic / soil,across habitats,0.9365,0.6994,0.26355,0.20095000000000007,0.06259999999999999,0.06419999999999998
hja2016_200,hja2016_071,hyporheic / soil,across habitats,0.9214,0.6997,0.2448499999999998,0.19389999999999988,0.05095000000000001,0.05135000000000001
hja2016_078,hja2016_075,hyporheic / hyporheic,within habitat,0.8922,0.5472,0.26040000000000013,0.25450000000000017,0.0059,0.014650000000000003
hja2016_079,hja2016_075,hyporheic / hyporheic,within habitat,0.8948,0.5336,0.2474500000000001,0.21690000000000012,0.030549999999999997,0.03755
hja2016_084,hja2016_075,hyporheic / hyporheic,within habitat,0.9467,0.6998,0.40294999999999964,0.38349999999999995,0.01945,0.022150000000000003
hja2016_127,hja2016_075,hyporheic / sediment,across habitats,0.8685,0.5673,0.2170499999999999,0.1936499999999998,0.023399999999999997,0.0269
hja2016_129,hja2016_075,hyporheic / sediment,across habitats,0.8746,0.5971,0.23094999999999982,0.19559999999999983,0.035350000000000006,0.0379
hja2016_131,hja2016_075,hyporheic / sediment,across habitats,0.8775,0.6061,0.22429999999999983,0.17799999999999983,0.0463,0.04735
hja2016_132,hja2016_075,hyporheic / sediment,across habitats,0.8887,0.6397,0.24135000000000012,0.18929999999999997,0.05205000000000001,0.05474999999999999
hja2016_133,hja2016_075,hyporheic / sediment,across habitats,0.8764,0.54990000000000006,0.20499999999999982,0.15279999999999994,0.052199999999999996,0.052199999999999996
hja2016_135,hja2016_075,hyporheic / sediment,across habitats,0.8845,0.6324,0.25805000000000006,0.21750000000000003,0.04054999999999999,0.04619999999999999
hja2016_136,hja2016_075,hyporheic / sediment,across habitats,0.886,0.6367,0.21409999999999996,0.17939999999999992,0.0347,0.04019999999999999
hja2016_139,hja2016_075,hyporheic / sediment,across habitats,0.8877,0.6154,0.19644999999999987,0.17799999999999983,0.01845,0.022600000000000002
hja2016_140,hja2016_075,hyporheic / sediment,across habitats,0.8618,0.5829,0.20159999999999995,0.1701499999999999,0.03145,0.03225
hja2016_141,hja2016_075,hyporheic / sediment,across habitats,0.8845,0.6302,0.2350499999999999,0.19134999999999983,0.043699999999999996,0.049049999999999996
hja2016_142,hja2016_075,hyporheic / sediment,across habitats,0.9098,0.6581,0.22845,0.17954999999999982,0.0489,0.0505
hja2016_144,hja2016_075,hyporheic / sediment,across habitats,0.9151,0.6705,0.25515,0.21229999999999993,0.04285,0.04285
hja2016_145,hja2016_075,hyporheic / sediment,across habitats,0.878,0.6121,0.2309499999999997,0.18789999999999973,0.04305,0.044599999999999994
hja2016_146,hja2016_075,hyporheic / sediment,across habitats,0.86240000000000006,0.587,0.19584999999999986,0.15774999999999992,0.0381,0.039349999999999996
hja2016_147,hja2016_075,hyporheic / sediment,across habitats,0.8747,0.5672,0.20614999999999992,0.15389999999999995,0.05225000000000001,0.05325000000000001
hja2016_148,hja2016_075,hyporheic / sediment,across habitats,0.8929,0.6233,0.2198499999999998,0.17984999999999987,0.039999999999999994,0.04164999999999999
hja2016_150,hja2016_075,hyporheic / sediment,across habitats,0.874,0.614,0.23399999999999987,0.1920499999999998,0.041949999999999994,0.04269999999999999
hja2016_151,hja2016_075,hyporheic / sediment,across habitats,0.8863,0.556,0.20819999999999997,0.14780000000000004,0.06039999999999999,0.061299999999999986
hja2016_152,hja2016_075,hyporheic / sediment,across habitats,0.8776,0.6151,0.17945,0.13424999999999998,0.045200000000000004,0.04655000000000001
hja2016_155,hja2016_075,hyporheic / sediment,across habitats,0.8876,0.6031,0.20099999999999982,0.1641499999999998,0.03685,0.0403
hja2016_157,hja2016_075,hyporheic / sediment,across habitats,0.8639,0.5731,0.19465000000000013,0.17725000000000013,0.0174,0.019199999999999995
hja2016_159,hja2016_075,hyporheic / sediment,across habitats,0.8902,0.6277,0.21815000000000007,0.1715999999999998,0.04654999999999998,0.04729999999999998
hja2016_160,hja2016_075,hyporheic / sediment,across habitats,0.8605,0.5563,0.1760999999999998,0.15084999999999982,0.02525,0.026350000000000002
hja2016_183,hja2016_075,hyporheic / soil,across habitats,0.9544,0.7314,0.3311999999999996,0.2645999999999997,0.06659999999999999,0.06659999999999999
hja2016_184,hja2016_075,hyporheic / soil,across habitats,0.9556,0.7373,0.36019999999999935,0.2965499999999999,0.06365,0.06555
hja2016_185,hja2016_075,hyporheic / soil,across habitats,0.9714,0.8247,0.49499999999999916,0.4156499999999993,0.07935,0.0814
hja2016_188,hja2016_075,hyporheic / soil,across habitats,0.9845,0.8781,0.6458499999999989,0.46934999999999966,0.17650000000000005,0.17650000000000005
hja2016_189,hja2016_075,hyporheic / soil,across habitats,0.9841,0.8471,0.578399999999999,0.3651499999999998,0.21325000000000005,0.21545000000000009
hja2016_190,hja2016_075,hyporheic / soil,across habitats,0.9588,0.7841,0.4385499999999994,0.3122,0.12635000000000002,0.12905000000000003
hja2016_191,hja2016_075,hyporheic / soil,across habitats,0.9872,0.8504,0.6134999999999993,0.5559999999999993,0.05749999999999999,0.05749999999999999
hja2016_031,hja2016_075,hyporheic / hyporheic,within habitat,0.9414,0.6724,0.38379999999999975,0.3663999999999998,0.0174,0.02675
hja2016_032,hja2016_075,hyporheic / hyporheic,within habitat,0.9212,0.606,0.3317000000000001,0.3235,0.008199999999999999,0.0139
hja2016_035,hja2016_075,hyporheic / hyporheic,within habitat,0.9397,0.7021,0.4432,0.4112499999999999,0.03195,0.035050000000000005
hja2016_037,hja2016_075,hyporheic / hyporheic,within habitat,0.9478,0.6976,0.43744999999999973,0.41854999999999976,0.0189,0.0189
hja2016_042,hja2016_075,hyporheic / planktonic,across habitats,0.952,0.7036,0.4232,0.39410000000000006,0.0291,0.03535
hja2016_043,hja2016_075,hyporheic / hyporheic,within habitat,0.9197,0.5851,0.3018499999999997,0.2923499999999997,0.0095000000000000015,0.014100000000000001
hja2016_049,hja2016_075,hyporheic / planktonic,across habitats,0.9227,0.6893,0.3788999999999997,0.36414999999999975,0.014750000000000001,0.020900000000000002
hja2016_050,hja2016_075,hyporheic / hyporheic,within habitat,0.9128,0.5984,0.25400000000000017,0.24215000000000012,0.01185,0.015149999999999999
hja2016_052,hja2016_075,hyporheic / hyporheic,within habitat,0.9303,0.6377,0.30334999999999984,0.2902500000000001,0.0131,0.014249999999999999
hja2016_056,hja2016_075,hyporheic / hyporheic,within habitat,0.9363,0.6832,0.22595,0.22145000000000004,0.0045,0.00845
hja2016_057,hja2016_075,hyporheic / hyporheic,within habitat,0.9353,0.6608,0.36214999999999997,0.34979999999999994,0.01235,0.021550000000000007
hja2016_059,hja2016_075,hyporheic / planktonic,across habitats,0.8972,0.5845,0.25934999999999997,0.2538499999999999,0.0055,0.014049999999999998
hja2016_062,hja2016_075,hyporheic / hyporheic,within habitat,0.8984,0.5656,0.16215000000000004,0.15170000000000006,0.01045,0.020249999999999997
hja2016_064,hja2016_075,hyporheic / planktonic,across habitats,0.898,0.5411,0.2766999999999999,0.2655,0.0112,0.021650000000000003
hja2016_099,hja2016_075,hyporheic / planktonic,across habitats,0.9895,0.8361,0.5421999999999982,0.39549999999999885,0.14670000000000002,0.14670000000000002
hja2016_100,hja2016_075,hyporheic / planktonic,across habitats,0.9937,0.8663,0.5511999999999982,0.4331999999999988,0.11800000000000004,0.11800000000000004
hja2016_101,hja2016_075,hyporheic / planktonic,across habitats,0.9883,0.8103,0.47879999999999845,0.36924999999999897,0.10955000000000005,0.11140000000000004
hja2016_102,hja2016_075,hyporheic / hyporheic,within habitat,0.9886,0.8539,0.5437499999999981,0.40134999999999893,0.14240000000000003,0.14240000000000003
hja2016_103,hja2016_075,hyporheic / planktonic,across habitats,0.9806,0.78,0.43054999999999877,0.344299999999999,0.08625000000000002,0.08810000000000003
hja2016_105,hja2016_075,hyporheic / planktonic,across habitats,0.9869,0.8432,0.5287999999999987,0.39699999999999896,0.1318,0.1318
hja2016_106,hja2016_075,hyporheic / planktonic,across habitats,0.9973,0.8435,0.5169499999999987,0.40859999999999863,0.10835000000000002,0.10835000000000002
hja2016_107,hja2016_075,hyporheic / hyporheic,within habitat,0.9876,0.8239,0.49419999999999903,0.3571499999999993,0.13705000000000003,0.13800000000000004
hja2016_109,hja2016_075,hyporheic / planktonic,across habitats,0.9863,0.8116,0.5301499999999982,0.4441499999999991,0.086,0.086
hja2016_110,hja2016_075,hyporheic / hyporheic,within habitat,0.9887,0.8131,0.4909999999999986,0.3943999999999988,0.0966,0.0966
hja2016_111,hja2016_075,hyporheic / planktonic,across habitats,0.9863,0.8282,0.5038499999999987,0.37529999999999897,0.12855000000000003,0.12980000000000003
hja2016_114,hja2016_075,hyporheic / planktonic,across habitats,0.987,0.8138,0.47819999999999857,0.360649999999999,0.11754999999999999,0.11969999999999999
hja2016_116,hja2016_075,hyporheic / planktonic,across habitats,0.9866,0.8289,0.5225999999999986,0.3792999999999989,0.14330000000000007,0.14330000000000007
hja2016_119,hja2016_075,hyporheic / planktonic,across habitats,0.9805,0.7612,0.37549999999999906,0.27329999999999954,0.10220000000000001,0.10235
hja2016_121,hja2016_075,hyporheic / hyporheic,within habitat,0.9955,0.845,0.5410499999999986,0.4501999999999989,0.09085,0.09085
hja2016_122,hja2016_075,hyporheic / sediment,across habitats,0.8936,0.6304,0.20139999999999994,0.16864999999999997,0.032749999999999994,0.0343
hja2016_125,hja2016_075,hyporheic / sediment,across habitats,0.8846,0.6212,0.21320000000000008,0.17744999999999994,0.035750000000000004,0.03804999999999999
hja2016_164,hja2016_075,hyporheic / sediment,across habitats,0.8851,0.6348,0.20294999999999988,0.16574999999999981,0.03719999999999999,0.04075000000000001
hja2016_166,hja2016_075,hyporheic / sediment,across habitats,0.872,0.563,0.18734999999999996,0.16090000000000002,0.026450000000000005,0.030550000000000004
hja2016_167,hja2016_075,hyporheic / sediment,across habitats,0.8769,0.5584,0.22004999999999997,0.17409999999999992,0.045950000000000005,0.04965
hja2016_169,hja2016_075,hyporheic / sediment,across habitats,0.8784,0.551,0.20840000000000009,0.1619,0.04650000000000001,0.05160000000000001
hja2016_170,hja2016_075,hyporheic / sediment,across habitats,0.8616,0.5299,0.1703999999999999,0.14879999999999993,0.0216,0.02355
hja2016_177,hja2016_075,hyporheic / sediment,across habitats,0.8833,0.6262,0.23619999999999977,0.19799999999999962,0.0382,0.04139999999999999
hja2016_179,hja2016_075,hyporheic / sediment,across habitats,0.8535,0.5726,0.19239999999999988,0.1726999999999999,0.019700000000000002,0.020600000000000007
hja2016_180,hja2016_075,hyporheic / sediment,across habitats,0.8674,0.559,0.1636999999999999,0.14419999999999986,0.019500000000000003,0.020600000000000007
hja2016_181,hja2016_075,hyporheic / sediment,across habitats,0.8611,0.5256,0.15539999999999993,0.13054999999999994,0.02485,0.026149999999999996
hja2016_193,hja2016_075,hyporheic / soil,across habitats,0.974,0.8126,0.4227499999999997,0.31289999999999984,0.10985000000000003,0.11015000000000003
hja2016_194,hja2016_075,hyporheic / soil,across habitats,0.9152,0.6494,0.23324999999999999,0.19499999999999998,0.038250000000000006,0.03935
hja2016_195,hja2016_075,hyporheic / soil,across habitats,0.9647,0.7602,0.38464999999999955,0.2710499999999998,0.11359999999999999,0.11654999999999997
hja2016_196,hja2016_075,hyporheic / soil,across habitats,0.9228,0.6024,0.20614999999999992,0.14654999999999987,0.05959999999999999,0.05959999999999999
hja2016_197,hja2016_075,hyporheic / soil,across habitats,0.974,0.7443,0.3615499999999997,0.32295000000000007,0.038599999999999995,0.038599999999999995
hja2016_198,hja2016_075,hyporheic / soil,across habitats,0.9338,0.6789,0.26484999999999986,0.19134999999999985,0.0735,0.07555
hja2016_199,hja2016_075,hyporheic / soil,across habitats,0.9511,0.7254,0.34934999999999927,0.2612,0.08815,0.09285
hja2016_200,hja2016_075,hyporheic / soil,across habitats,0.945,0.7202,0.32099999999999945,0.2390499999999998,0.08195000000000004,0.08195000000000004
hja2016_079,hja2016_078,hyporheic / hyporheic,within habitat,0.9005,0.5323,0.2271500000000002,0.21235000000000018,0.0148,0.02215
hja2016_084,hja2016_078,hyporheic / hyporheic,within habitat,0.9413,0.6869,0.3717999999999998,0.34130000000000005,0.030500000000000003,0.0394
hja2016_127,hja2016_078,hyporheic / sediment,across habitats,0.874,0.5976,0.20745000000000002,0.17709999999999998,0.03035,0.033049999999999996
hja2016_129,hja2016_078,hyporheic / sediment,across habitats,0.8824,0.6269,0.22709999999999977,0.1852499999999999,0.04185,0.04544999999999999
hja2016_131,hja2016_078,hyporheic / sediment,across habitats,0.8857,0.6317,0.2130499999999998,0.16619999999999988,0.04685,0.04805
hja2016_132,hja2016_078,hyporheic / sediment,across habitats,0.9015,0.6491,0.2364999999999999,0.18419999999999986,0.05230000000000001,0.05450000000000001
hja2016_133,hja2016_078,hyporheic / sediment,across habitats,0.8986,0.6225,0.22074999999999978,0.16679999999999992,0.05395,0.05474999999999999
hja2016_135,hja2016_078,hyporheic / sediment,across habitats,0.8934,0.6531,0.2505500000000001,0.21855000000000002,0.03200000000000001,0.03425000000000001
hja2016_136,hja2016_078,hyporheic / sediment,across habitats,0.8926,0.6806,0.24319999999999986,0.21209999999999982,0.031099999999999996,0.0356
hja2016_139,hja2016_078,hyporheic / sediment,across habitats,0.9034,0.6487,0.20174999999999987,0.1719999999999999,0.029750000000000006,0.031950000000000006
hja2016_140,hja2016_078,hyporheic / sediment,across habitats,0.8705,0.6373,0.21064999999999984,0.17854999999999988,0.0321,0.0348
hja2016_141,hja2016_078,hyporheic / sediment,across habitats,0.8914,0.6699,0.25459999999999977,0.22879999999999978,0.0258,0.028900000000000002
hja2016_142,hja2016_078,hyporheic / sediment,across habitats,0.9114,0.6657,0.21205000000000002,0.17019999999999988,0.04185000000000001,0.04709999999999999
hja2016_144,hja2016_078,hyporheic / sediment,across habitats,0.9135,0.6753,0.22359999999999985,0.1729499999999998,0.05064999999999999,0.05924999999999998
hja2016_145,hja2016_078,hyporheic / sediment,across habitats,0.8902,0.6355,0.22309999999999974,0.17464999999999978,0.04845000000000001,0.050050000000000004
hja2016_146,hja2016_078,hyporheic / sediment,across habitats,0.879,0.6317,0.2093499999999999,0.1859999999999999,0.02335,0.02895
hja2016_147,hja2016_078,hyporheic / sediment,across habitats,0.9011,0.6264,0.22694999999999985,0.1715,0.05545000000000002,0.05900000000000002
hja2016_148,hja2016_078,hyporheic / sediment,across habitats,0.9044,0.646,0.2167999999999999,0.1790999999999999,0.03769999999999999,0.03934999999999999
hja2016_150,hja2016_078,hyporheic / sediment,across habitats,0.8828,0.6409,0.2323499999999998,0.19944999999999974,0.032900000000000006,0.03640000000000001
hja2016_151,hja2016_078,hyporheic / sediment,across habitats,0.9106,0.6216,0.2292999999999999,0.16434999999999983,0.06494999999999998,0.06649999999999998
hja2016_152,hja2016_078,hyporheic / sediment,across habitats,0.8933,0.6661,0.20794999999999994,0.16729999999999998,0.04065000000000001,0.04540000000000001
hja2016_155,hja2016_078,hyporheic / sediment,across habitats,0.9065,0.6428,0.21424999999999988,0.17959999999999984,0.03465,0.03465
hja2016_157,hja2016_078,hyporheic / sediment,across habitats,0.8951,0.6195,0.1983000000000001,0.17565000000000006,0.022649999999999997,0.024349999999999997
hja2016_159,hja2016_078,hyporheic / sediment,across habitats,0.8927,0.6506,0.20274999999999993,0.17119999999999994,0.03155,0.04469999999999999
hja2016_160,hja2016_078,hyporheic / sediment,across habitats,0.9177,0.6455,0.21404999999999985,0.17724999999999985,0.036800000000000006,0.04225000000000001
hja2016_183,hja2016_078,hyporheic / soil,across habitats,0.9522,0.7136,0.3293999999999997,0.26114999999999977,0.06824999999999999,0.07700000000000001
hja2016_184,hja2016_078,hyporheic / soil,across habitats,0.9518,0.7236,0.33909999999999946,0.2770499999999999,0.06205,0.07170000000000001
hja2016_185,hja2016_078,hyporheic / soil,across habitats,0.9587,0.8154,0.5002999999999994,0.4402999999999994,0.06,0.06145
hja2016_188,hja2016_078,hyporheic / soil,across habitats,0.9883,0.8845,0.6014499999999993,0.4470499999999998,0.1544,0.1544
hja2016_189,hja2016_078,hyporheic / soil,across habitats,0.9839,0.844,0.5750999999999992,0.3690499999999996,0.20605,0.2096
hja2016_190,hja2016_078,hyporheic / soil,across habitats,0.9522,0.7715,0.4340999999999994,0.3299999999999996,0.10410000000000004,0.11320000000000004
hja2016_191,hja2016_078,hyporheic / soil,across habitats,0.9837,0.8481,0.6338499999999997,0.5673999999999998,0.06645000000000001,0.06645000000000001
hja2016_031,hja2016_078,hyporheic / hyporheic,within habitat,0.9563,0.722,0.40314999999999984,0.38434999999999997,0.018799999999999997,0.032999999999999995
hja2016_032,hja2016_078,hyporheic / hyporheic,within habitat,0.9153,0.5906,0.3246,0.312,0.0126,0.026600000000000002
hja2016_035,hja2016_078,hyporheic / hyporheic,within habitat,0.9298,0.6649,0.40865,0.3573000000000002,0.05134999999999999,0.055099999999999996
hja2016_037,hja2016_078,hyporheic / hyporheic,within habitat,0.9423,0.6651,0.3354500000000001,0.32295000000000007,0.0125,0.01705
hja2016_042,hja2016_078,hyporheic / planktonic,across habitats,0.9459,0.7097,0.39575,0.3723,0.02345,0.030500000000000003
hja2016_043,hja2016_078,hyporheic / hyporheic,within habitat,0.8964,0.567,0.28375,0.2631000000000001,0.020649999999999998,0.0287
hja2016_049,hja2016_078,hyporheic / planktonic,across habitats,0.9421,0.7233,0.3760999999999999,0.35489999999999994,0.021199999999999997,0.027250000000000003
hja2016_050,hja2016_078,hyporheic / hyporheic,within habitat,0.9296,0.5775,0.2539000000000002,0.23315000000000022,0.02075,0.030750000000000003
hja2016_052,hja2016_078,hyporheic / hyporheic,within habitat,0.9034,0.5971,0.24895000000000028,0.23465000000000022,0.0143,0.0205
hja2016_056,hja2016_078,hyporheic / hyporheic,within habitat,0.9133,0.6585,0.20635000000000003,0.19530000000000006,0.01105,0.0174
hja2016_057,hja2016_078,hyporheic / hyporheic,within habitat,0.9281,0.6227,0.33830000000000005,0.32439999999999997,0.0139,0.0205
hja2016_059,hja2016_078,hyporheic / planktonic,across habitats,0.8986,0.5891,0.27219999999999994,0.2614999999999999,0.0107,0.03260000000000001
hja2016_062,hja2016_078,hyporheic / hyporheic,within habitat,0.9,0.5382,0.15470000000000012,0.14430000000000007,0.0104,0.01535
hja2016_064,hja2016_078,hyporheic / planktonic,across habitats,0.9139,0.5791,0.2976,0.27624999999999994,0.02135,0.047349999999999996
hja2016_099,hja2016_078,hyporheic / planktonic,across habitats,0.9918,0.8614,0.5660499999999983,0.3979999999999992,0.16805,0.16895000000000002
hja2016_100,hja2016_078,hyporheic / planktonic,across habitats,0.9934,0.8797,0.5923999999999982,0.4714499999999991,0.12095000000000002,0.12235000000000001
hja2016_101,hja2016_078,hyporheic / planktonic,across habitats,0.9923,0.8381,0.5150999999999988,0.3900499999999992,0.12505000000000002,0.12655
hja2016_102,hja2016_078,hyporheic / hyporheic,within habitat,0.9919,0.868,0.5811499999999983,0.41329999999999906,0.16785000000000003,0.16785000000000003
hja2016_103,hja2016_078,hyporheic / planktonic,across habitats,0.9827,0.7992,0.46484999999999865,0.3453499999999989,0.1195,0.12065
hja2016_105,hja2016_078,hyporheic / planktonic,across habitats,0.9899,0.8754,0.5809999999999984,0.41159999999999897,0.1694,0.1694
hja2016_106,hja2016_078,hyporheic / planktonic,across habitats,0.9965,0.8489,0.5596499999999988,0.4333999999999992,0.12625000000000003,0.12715
hja2016_107,hja2016_078,hyporheic / hyporheic,within habitat,0.9907,0.8467,0.5399499999999984,0.38604999999999934,0.15390000000000004,0.15490000000000004
hja2016_109,hja2016_078,hyporheic / planktonic,across habitats,0.9879,0.828,0.5856999999999982,0.470749999999999,0.11495,0.1163
hja2016_110,hja2016_078,hyporheic / hyporheic,within habitat,0.9908,0.8402,0.5480499999999985,0.411249999999999,0.13680000000000006,0.13785000000000006
hja2016_111,hja2016_078,hyporheic / planktonic,across habitats,0.9883,0.85,0.534049999999999,0.38004999999999917,0.154,0.1545
hja2016_114,hja2016_078,hyporheic / planktonic,across habitats,0.9914,0.8396,0.516749999999999,0.37069999999999936,0.14605,0.1471
hja2016_116,hja2016_078,hyporheic / planktonic,across habitats,0.9891,0.8537,0.560049999999999,0.39644999999999897,0.16360000000000008,0.16565000000000007
hja2016_119,hja2016_078,hyporheic / planktonic,across habitats,0.9843,0.7821,0.4374499999999989,0.2942999999999995,0.14315000000000003,0.14470000000000005
hja2016_121,hja2016_078,hyporheic / hyporheic,within habitat,0.9967,0.8583,0.597849999999998,0.48009999999999914,0.11775000000000001,0.11775000000000001
hja2016_122,hja2016_078,hyporheic / sediment,across habitats,0.8989,0.6581,0.21214999999999992,0.18224999999999997,0.029900000000000003,0.03175
hja2016_125,hja2016_078,hyporheic / sediment,across habitats,0.8995,0.6545,0.21770000000000012,0.18294999999999997,0.03475,0.04534999999999999
hja2016_164,hja2016_078,hyporheic / sediment,across habitats,0.9077,0.6954,0.2442499999999998,0.19579999999999984,0.048450000000000014,0.05070000000000002
hja2016_166,hja2016_078,hyporheic / sediment,across habitats,0.9209,0.6536,0.22514999999999996,0.18689999999999993,0.03825,0.043949999999999996
hja2016_167,hja2016_078,hyporheic / sediment,across habitats,0.9043,0.6289,0.24760000000000001,0.19774999999999995,0.04985000000000001,0.051850000000000014
hja2016_169,hja2016_078,hyporheic / sediment,across habitats,0.9007,0.6198,0.23545000000000005,0.19465000000000007,0.0408,0.04625000000000002
hja2016_170,hja2016_078,hyporheic / sediment,across habitats,0.8984,0.5981,0.18944999999999987,0.15644999999999987,0.033,0.03475
hja2016_177,hja2016_078,hyporheic / sediment,across habitats,0.8949,0.6453,0.24239999999999995,0.20819999999999986,0.034199999999999994,0.04054999999999999
hja2016_179,hja2016_078,hyporheic / sediment,across habitats,0.8681,0.6319,0.20370000000000002,0.17850000000000005,0.025200000000000004,0.031200000000000002
hja2016_180,hja2016_078,hyporheic / sediment,across habitats,0.9165,0.6566,0.20959999999999984,0.1833999999999998,0.026199999999999998,0.027399999999999997
hja2016_181,hja2016_078,hyporheic / sediment,across habitats,0.8947,0.5905,0.17274999999999985,0.14899999999999997,0.02375,0.027149999999999997
hja2016_193,hja2016_078,hyporheic / soil,across habitats,0.9756,0.8159,0.48474999999999935,0.3690999999999996,0.11564999999999999,0.11675
hja2016_194,hja2016_078,hyporheic / soil,across habitats,0.9079,0.6611,0.25209999999999994,0.21644999999999986,0.03565,0.038400000000000004
hja2016_195,hja2016_078,hyporheic / soil,across habitats,0.9649,0.7563,0.38274999999999965,0.2876,0.09514999999999997,0.0982
hja2016_196,hja2016_078,hyporheic / soil,across habitats,0.9217,0.6373,0.24945,0.1918499999999999,0.05759999999999997,0.059449999999999975
hja2016_197,hja2016_078,hyporheic / soil,across habitats,0.9791,0.7707,0.43229999999999935,0.3857499999999992,0.04655,0.04655
hja2016_198,hja2016_078,hyporheic / soil,across habitats,0.9325,0.6822,0.2834499999999994,0.23049999999999976,0.05295,0.0542
hja2016_199,hja2016_078,hyporheic / soil,across habitats,0.9547,0.7252,0.33004999999999945,0.25145,0.0786,0.0811
hja2016_200,hja2016_078,hyporheic / soil,across habitats,0.939,0.7156,0.32119999999999954,0.22914999999999983,0.09205000000000002,0.10245000000000001
hja2016_084,hja2016_079,hyporheic / hyporheic,within habitat,0.9387,0.7089,0.3753499999999997,0.3439499999999998,0.0314,0.03585000000000001
hja2016_127,hja2016_079,hyporheic / sediment,across habitats,0.9119,0.6431,0.27824999999999966,0.24064999999999998,0.0376,0.03815
hja2016_129,hja2016_079,hyporheic / sediment,across habitats,0.9202,0.6568,0.25534999999999985,0.20485000000000003,0.05049999999999999,0.05049999999999999
hja2016_131,hja2016_079,hyporheic / sediment,across habitats,0.9223,0.6678,0.2592999999999997,0.19974999999999973,0.05955,0.0601
hja2016_132,hja2016_079,hyporheic / sediment,across habitats,0.9133,0.7047,0.2706999999999998,0.20485000000000003,0.06584999999999999,0.06769999999999998
hja2016_133,hja2016_079,hyporheic / sediment,across habitats,0.8566,0.5874,0.1924500000000001,0.15310000000000015,0.03935,0.04200000000000001
hja2016_135,hja2016_079,hyporheic / sediment,across habitats,0.9084,0.6928,0.29259999999999964,0.23089999999999997,0.06169999999999999,0.06325
hja2016_136,hja2016_079,hyporheic / sediment,across habitats,0.9326,0.7045,0.2870999999999994,0.23625,0.05085,0.05175
hja2016_139,hja2016_079,hyporheic / sediment,across habitats,0.9314,0.6869,0.2725999999999996,0.22495,0.04765,0.0482
hja2016_140,hja2016_079,hyporheic / sediment,across habitats,0.9153,0.6667,0.25215,0.20305000000000017,0.0491,0.050499999999999996
hja2016_141,hja2016_079,hyporheic / sediment,across habitats,0.9299,0.6997,0.30709999999999954,0.2575999999999996,0.04949999999999998,0.049849999999999985
hja2016_142,hja2016_079,hyporheic / sediment,across habitats,0.9445,0.7088,0.3036999999999995,0.24454999999999982,0.05915,0.05955
hja2016_144,hja2016_079,hyporheic / sediment,across habitats,0.9382,0.7172,0.28244999999999965,0.23574999999999993,0.04669999999999999,0.04714999999999999
hja2016_145,hja2016_079,hyporheic / sediment,across habitats,0.9181,0.6639,0.26674999999999965,0.20529999999999995,0.06145,0.06145
hja2016_146,hja2016_079,hyporheic / sediment,across habitats,0.9243,0.6724,0.25324999999999975,0.21544999999999992,0.03779999999999999,0.039099999999999996
hja2016_147,hja2016_079,hyporheic / sediment,across habitats,0.8533,0.5923,0.19794999999999985,0.16099999999999998,0.036950000000000004,0.03790000000000001
hja2016_148,hja2016_079,hyporheic / sediment,across habitats,0.931,0.6898,0.2925999999999992,0.23129999999999998,0.0613,0.06155
hja2016_150,hja2016_079,hyporheic / sediment,across habitats,0.9274,0.6929,0.2939499999999995,0.22054999999999997,0.0734,0.0742
hja2016_151,hja2016_079,hyporheic / sediment,across habitats,0.8668,0.5814,0.18714999999999998,0.13970000000000013,0.047449999999999985,0.04774999999999998
hja2016_152,hja2016_079,hyporheic / sediment,across habitats,0.9181,0.6655,0.23650000000000002,0.16910000000000006,0.06740000000000002,0.06965
hja2016_155,hja2016_079,hyporheic / sediment,across habitats,0.9332,0.6771,0.2648999999999998,0.21284999999999998,0.05205,0.05355000000000001
hja2016_157,hja2016_079,hyporheic / sediment,across habitats,0.9324,0.6861,0.27429999999999993,0.22630000000000033,0.04800000000000001,0.04955000000000001
hja2016_159,hja2016_079,hyporheic / sediment,across habitats,0.9313,0.6971,0.2760999999999998,0.2174000000000001,0.05869999999999998,0.06064999999999999
hja2016_160,hja2016_079,hyporheic / sediment,across habitats,0.9234,0.6462,0.2126499999999998,0.1925499999999998,0.0201,0.023299999999999998
hja2016_183,hja2016_079,hyporheic / soil,across habitats,0.9566,0.7567,0.3166499999999996,0.24269999999999983,0.07394999999999999,0.07419999999999999
hja2016_184,hja2016_079,hyporheic / soil,across habitats,0.9488,0.7376,0.30244999999999966,0.2677499999999997,0.03470000000000001,0.03675000000000001
hja2016_185,hja2016_079,hyporheic / soil,across habitats,0.9711,0.8263,0.43844999999999884,0.3834999999999989,0.05495,0.05495
hja2016_188,hja2016_079,hyporheic / soil,across habitats,0.9837,0.8619,0.4419499999999993,0.3792999999999993,0.06265,0.0632
hja2016_189,hja2016_079,hyporheic / soil,across habitats,0.9767,0.8157,0.3665999999999997,0.29064999999999985,0.07595,0.07705000000000001
hja2016_190,hja2016_079,hyporheic / soil,across habitats,0.9458,0.7807,0.37269999999999914,0.3158999999999997,0.05679999999999999,0.058299999999999984
hja2016_191,hja2016_079,hyporheic / soil,across habitats,0.9847,0.853,0.523649999999999,0.45334999999999914,0.07030000000000002,0.07030000000000002
hja2016_031,hja2016_079,hyporheic / hyporheic,within habitat,0.956,0.7001,0.36044999999999955,0.3336999999999995,0.02675,0.0306
hja2016_032,hja2016_079,hyporheic / hyporheic,within habitat,0.9276,0.5944,0.34299999999999947,0.31264999999999954,0.03035,0.035899999999999994
hja2016_035,hja2016_079,hyporheic / hyporheic,within habitat,0.9193,0.6716,0.36824999999999986,0.33579999999999977,0.03245,0.033
hja2016_037,hja2016_079,hyporheic / hyporheic,within habitat,0.9423,0.7068,0.39089999999999964,0.3646999999999997,0.026199999999999998,0.0329
hja2016_042,hja2016_079,hyporheic / planktonic,across habitats,0.9447,0.6991,0.38264999999999966,0.3548499999999996,0.027799999999999995,0.031900000000000005
hja2016_043,hja2016_079,hyporheic / hyporheic,within habitat,0.9144,0.6102,0.3021499999999997,0.2786499999999997,0.023499999999999997,0.030149999999999996
hja2016_049,hja2016_079,hyporheic / planktonic,across habitats,0.9373,0.6958,0.3889999999999995,0.3644499999999996,0.02455,0.0368
hja2016_050,hja2016_079,hyporheic / hyporheic,within habitat,0.94,0.5995,0.26445,0.22855000000000025,0.035899999999999994,0.03875
hja2016_052,hja2016_079,hyporheic / hyporheic,within habitat,0.9247,0.6399,0.2644,0.2503000000000001,0.014099999999999998,0.01745
hja2016_056,hja2016_079,hyporheic / hyporheic,within habitat,0.9361,0.7037,0.19950000000000007,0.18705000000000008,0.01245,0.0159
hja2016_057,hja2016_079,hyporheic / hyporheic,within habitat,0.9479,0.6877,0.35399999999999965,0.3356999999999997,0.018299999999999997,0.021800000000000003
hja2016_059,hja2016_079,hyporheic / planktonic,across habitats,0.9173,0.6192,0.28549999999999964,0.25954999999999967,0.025949999999999997,0.030749999999999996
hja2016_062,hja2016_079,hyporheic / hyporheic,within habitat,0.9158,0.5643,0.15030000000000018,0.13960000000000017,0.010699999999999998,0.0115
hja2016_064,hja2016_079,hyporheic / planktonic,across habitats,0.9212,0.5787,0.3059999999999996,0.2942499999999997,0.01175,0.01465
hja2016_099,hja2016_079,hyporheic / planktonic,across habitats,0.993,0.8551,0.5449999999999979,0.39074999999999865,0.15425000000000003,0.15425000000000003
hja2016_100,hja2016_079,hyporheic / planktonic,across habitats,0.9967,0.8706,0.5742999999999979,0.4638999999999987,0.11040000000000003,0.11060000000000003
hja2016_101,hja2016_079,hyporheic / planktonic,across habitats,0.9925,0.83,0.49329999999999813,0.37269999999999875,0.12060000000000004,0.12080000000000005
hja2016_102,hja2016_079,hyporheic / hyporheic,within habitat,0.9933,0.8726,0.5541999999999975,0.4211999999999988,0.13300000000000003,0.13320000000000004
hja2016_103,hja2016_079,hyporheic / planktonic,across habitats,0.9836,0.8014,0.45809999999999834,0.3734999999999986,0.08460000000000006,0.08540000000000006
hja2016_105,hja2016_079,hyporheic / planktonic,across habitats,0.9922,0.8626,0.5312999999999983,0.4011499999999987,0.13015000000000002,0.13015000000000002
hja2016_106,hja2016_079,hyporheic / planktonic,across habitats,0.9978,0.8471,0.5383999999999982,0.4420499999999988,0.09634999999999999,0.09634999999999999
hja2016_107,hja2016_079,hyporheic / hyporheic,within habitat,0.9932,0.8427,0.5184499999999983,0.3805999999999992,0.13785,0.13805
hja2016_109,hja2016_079,hyporheic / planktonic,across habitats,0.9919,0.8266,0.5477499999999978,0.4470999999999988,0.10065000000000002,0.10065000000000002
hja2016_110,hja2016_079,hyporheic / hyporheic,within habitat,0.9917,0.8289,0.5262499999999983,0.40609999999999885,0.12014999999999999,0.1215
hja2016_111,hja2016_079,hyporheic / planktonic,across habitats,0.9918,0.8405,0.5188499999999984,0.3804999999999988,0.13835000000000003,0.13835000000000003
hja2016_114,hja2016_079,hyporheic / planktonic,across habitats,0.9908,0.8283,0.4868499999999989,0.36349999999999916,0.12334999999999997,0.12334999999999997
hja2016_116,hja2016_079,hyporheic / planktonic,across habitats,0.9917,0.848,0.5294499999999983,0.39049999999999885,0.13895,0.14045
hja2016_119,hja2016_079,hyporheic / planktonic,across habitats,0.9846,0.7798,0.4058999999999988,0.2970999999999989,0.10880000000000001,0.10900000000000001
hja2016_121,hja2016_079,hyporheic / hyporheic,within habitat,0.997,0.8522,0.5385499999999981,0.4513999999999988,0.08714999999999999,0.08714999999999999
hja2016_122,hja2016_079,hyporheic / sediment,across habitats,0.9339,0.6953,0.2899499999999995,0.22330000000000005,0.06665000000000001,0.06975
hja2016_125,hja2016_079,hyporheic / sediment,across habitats,0.9292,0.6958,0.28189999999999976,0.2301,0.051799999999999985,0.05324999999999998
hja2016_164,hja2016_079,hyporheic / sediment,across habitats,0.9243,0.6951,0.2758999999999998,0.2251999999999999,0.05070000000000001,0.05435000000000001
hja2016_166,hja2016_079,hyporheic / sediment,across habitats,0.9262,0.664,0.21754999999999983,0.19564999999999994,0.021900000000000003,0.023350000000000003
hja2016_167,hja2016_079,hyporheic / sediment,across habitats,0.86240000000000006,0.6028,0.2165,0.17650000000000005,0.04000000000000001,0.04110000000000001
hja2016_169,hja2016_079,hyporheic / sediment,across habitats,0.861,0.5806,0.19665,0.16555,0.031100000000000006,0.03245000000000001
hja2016_170,hja2016_079,hyporheic / sediment,across habitats,0.9211,0.6316,0.2410499999999999,0.1979999999999999,0.04305000000000001,0.04405000000000002
hja2016_177,hja2016_079,hyporheic / sediment,across habitats,0.9031,0.6801,0.2806999999999995,0.2238999999999996,0.056799999999999996,0.05765
hja2016_179,hja2016_079,hyporheic / sediment,across habitats,0.9134,0.6528,0.23994999999999997,0.20424999999999996,0.0357,0.036550000000000006
hja2016_180,hja2016_079,hyporheic / sediment,across habitats,0.9265,0.6732,0.20775000000000005,0.1809,0.026850000000000006,0.030950000000000005
hja2016_181,hja2016_079,hyporheic / sediment,across habitats,0.9225,0.6266,0.23049999999999993,0.19294999999999987,0.03755,0.0378
hja2016_193,hja2016_079,hyporheic / soil,across habitats,0.9587,0.7882,0.3116499999999998,0.25734999999999975,0.054299999999999994,0.05499999999999999
hja2016_194,hja2016_079,hyporheic / soil,across habitats,0.9247,0.6931,0.28069999999999956,0.22134999999999996,0.05935000000000001,0.06030000000000001
hja2016_195,hja2016_079,hyporheic / soil,across habitats,0.9563,0.7529,0.3304999999999993,0.24059999999999976,0.08989999999999998,0.09039999999999998
hja2016_196,hja2016_079,hyporheic / soil,across habitats,0.9163,0.637,0.20855000000000004,0.16879999999999987,0.03974999999999998,0.04189999999999998
hja2016_197,hja2016_079,hyporheic / soil,across habitats,0.9653,0.7581,0.3173999999999994,0.2682499999999999,0.04914999999999999,0.05004999999999999
hja2016_198,hja2016_079,hyporheic / soil,across habitats,0.9461,0.7129,0.2706999999999995,0.2141499999999998,0.05655,0.057150000000000006
hja2016_199,hja2016_079,hyporheic / soil,across habitats,0.9483,0.7184,0.27814999999999973,0.22704999999999995,0.05109999999999999,0.05254999999999999
hja2016_200,hja2016_079,hyporheic / soil,across habitats,0.947,0.7543,0.327849999999999,0.2515999999999998,0.07625000000000001,0.076550000000000007
hja2016_127,hja2016_084,hyporheic / sediment,across habitats,0.926,0.7015,0.3780999999999995,0.31424999999999975,0.06384999999999999,0.06384999999999999
hja2016_129,hja2016_084,hyporheic / sediment,across habitats,0.9079,0.6708,0.3174999999999995,0.2596999999999998,0.05779999999999999,0.06104999999999998
hja2016_131,hja2016_084,hyporheic / sediment,across habitats,0.9093,0.6673,0.30579999999999963,0.23319999999999974,0.0726,0.07529999999999999
hja2016_132,hja2016_084,hyporheic / sediment,across habitats,0.9315,0.7152,0.3259499999999997,0.2504999999999999,0.07544999999999996,0.07764999999999996
hja2016_133,hja2016_084,hyporheic / sediment,across habitats,0.9376,0.707,0.32399999999999957,0.24664999999999976,0.07734999999999996,0.07734999999999996
hja2016_135,hja2016_084,hyporheic / sediment,across habitats,0.9314,0.7085,0.3209999999999997,0.2621999999999998,0.05879999999999999,0.06009999999999999
hja2016_136,hja2016_084,hyporheic / sediment,across habitats,0.9223,0.6913,0.30094999999999944,0.24694999999999973,0.054,0.054
hja2016_139,hja2016_084,hyporheic / sediment,across habitats,0.9187,0.6788,0.2958999999999999,0.24955000000000005,0.046349999999999995,0.05015
hja2016_140,hja2016_084,hyporheic / sediment,across habitats,0.9218,0.6854,0.32414999999999955,0.2624,0.06175000000000002,0.06280000000000002
hja2016_141,hja2016_084,hyporheic / sediment,across habitats,0.9165,0.6879,0.31829999999999964,0.26994999999999963,0.04835,0.04915
hja2016_142,hja2016_084,hyporheic / sediment,across habitats,0.9035,0.6375,0.25350000000000006,0.1981999999999998,0.0553,0.0553
hja2016_144,hja2016_084,hyporheic / sediment,across habitats,0.8875,0.6043,0.2644999999999999,0.21729999999999985,0.047199999999999985,0.05004999999999998
hja2016_145,hja2016_084,hyporheic / sediment,across habitats,0.9055,0.677,0.31004999999999966,0.23604999999999976,0.07399999999999997,0.07669999999999996
hja2016_146,hja2016_084,hyporheic / sediment,across habitats,0.926,0.7076,0.3232999999999996,0.2642499999999998,0.059050000000000005,0.06015
hja2016_147,hja2016_084,hyporheic / sediment,across habitats,0.9359,0.7026,0.3337999999999993,0.2664999999999998,0.06730000000000001,0.06730000000000001
hja2016_148,hja2016_084,hyporheic / sediment,across habitats,0.9158,0.6686,0.2970499999999997,0.23765000000000003,0.059399999999999994,0.06249999999999999
hja2016_150,hja2016_084,hyporheic / sediment,across habitats,0.914,0.6842,0.3183499999999994,0.24999999999999972,0.06835000000000002,0.06855000000000003
hja2016_151,hja2016_084,hyporheic / sediment,across habitats,0.9402,0.7072,0.3307499999999994,0.2522999999999999,0.07844999999999998,0.07844999999999998
hja2016_152,hja2016_084,hyporheic / sediment,across habitats,0.9317,0.7278,0.30964999999999976,0.23279999999999998,0.07684999999999999,0.07744999999999999
hja2016_155,hja2016_084,hyporheic / sediment,across habitats,0.9165,0.6695,0.3047999999999997,0.2467999999999998,0.05799999999999999,0.059949999999999996
hja2016_157,hja2016_084,hyporheic / sediment,across habitats,0.9422,0.7153,0.35674999999999957,0.295,0.06175000000000002,0.06300000000000001
hja2016_159,hja2016_084,hyporheic / sediment,across habitats,0.9037,0.6646,0.31614999999999943,0.25219999999999987,0.06394999999999999,0.06785
hja2016_160,hja2016_084,hyporheic / sediment,across habitats,0.9619,0.7798,0.41569999999999857,0.28814999999999946,0.12755,0.12865
hja2016_183,hja2016_084,hyporheic / soil,across habitats,0.9451,0.7363,0.3186999999999998,0.24604999999999988,0.07264999999999999,0.07264999999999999
hja2016_184,hja2016_084,hyporheic / soil,across habitats,0.9448,0.7251,0.3107999999999997,0.24814999999999973,0.06265000000000001,0.06265000000000001
hja2016_185,hja2016_084,hyporheic / soil,across habitats,0.9421,0.7791,0.3847999999999994,0.3300499999999997,0.05475000000000001,0.05475000000000001
hja2016_188,hja2016_084,hyporheic / soil,across habitats,0.9894,0.8937,0.5743499999999991,0.4438499999999993,0.1305,0.13105
hja2016_189,hja2016_084,hyporheic / soil,across habitats,0.9873,0.8526,0.46784999999999927,0.31239999999999984,0.15545000000000003,0.15835000000000002
hja2016_190,hja2016_084,hyporheic / soil,across habitats,0.9477,0.754,0.35954999999999954,0.27444999999999997,0.0851,0.0851
hja2016_191,hja2016_084,hyporheic / soil,across habitats,0.981,0.8659,0.6377499999999993,0.5401499999999995,0.09759999999999999,0.09849999999999999
hja2016_031,hja2016_084,hyporheic / hyporheic,within habitat,0.9399,0.7443,0.43744999999999984,0.3900499999999999,0.0474,0.05115
hja2016_032,hja2016_084,hyporheic / hyporheic,within habitat,0.9357,0.7157,0.44334999999999947,0.4080999999999995,0.035250000000000004,0.035250000000000004
hja2016_035,hja2016_084,hyporheic / hyporheic,within habitat,0.9335,0.6276,0.32120000000000015,0.2841000000000002,0.0371,0.0371
hja2016_037,hja2016_084,hyporheic / hyporheic,within habitat,0.88,0.6178,0.31339999999999973,0.27569999999999983,0.0377,0.0474
hja2016_042,hja2016_084,hyporheic / planktonic,across habitats,0.9717,0.7752,0.4505499999999998,0.42489999999999983,0.025649999999999996,0.027399999999999997
hja2016_043,hja2016_084,hyporheic / hyporheic,within habitat,0.9526,0.7431,0.4663999999999996,0.4257499999999995,0.040650000000000006,0.043050000000000005
hja2016_049,hja2016_084,hyporheic / planktonic,across habitats,0.967,0.8712,0.6001999999999998,0.5400499999999996,0.06015,0.0605
hja2016_050,hja2016_084,hyporheic / hyporheic,within habitat,0.9547,0.7357,0.42969999999999964,0.3946999999999997,0.035,0.035750000000000004
hja2016_052,hja2016_084,hyporheic / hyporheic,within habitat,0.8865,0.5736,0.24590000000000017,0.22745000000000024,0.01845,0.02035
hja2016_056,hja2016_084,hyporheic / hyporheic,within habitat,0.8978,0.6541,0.3617999999999986,0.35714999999999875,0.00465,0.01285
hja2016_057,hja2016_084,hyporheic / hyporheic,within habitat,0.9573,0.7238,0.4325999999999993,0.4013999999999996,0.031200000000000002,0.03275
hja2016_059,hja2016_084,hyporheic / planktonic,across habitats,0.9395,0.7531,0.4308499999999993,0.4125499999999992,0.018299999999999997,0.02735
hja2016_062,hja2016_084,hyporheic / hyporheic,within habitat,0.9404,0.6893,0.3520999999999994,0.3318999999999995,0.020199999999999996,0.022149999999999996
hja2016_064,hja2016_084,hyporheic / planktonic,across habitats,0.9514,0.7576,0.5055999999999993,0.46174999999999944,0.04385,0.046
hja2016_099,hja2016_084,hyporheic / planktonic,across habitats,0.9953,0.8562,0.5188499999999981,0.35719999999999863,0.16165,0.16165
hja2016_100,hja2016_084,hyporheic / planktonic,across habitats,0.9968,0.8887,0.5930999999999981,0.46614999999999857,0.12695000000000004,0.12695000000000004
hja2016_101,hja2016_084,hyporheic / planktonic,across habitats,0.9956,0.8492,0.5307499999999977,0.37309999999999865,0.15764999999999998,0.15764999999999998
hja2016_102,hja2016_084,hyporheic / hyporheic,within habitat,0.9932,0.8724,0.5455999999999981,0.3835999999999989,0.162,0.162
hja2016_103,hja2016_084,hyporheic / planktonic,across habitats,0.9828,0.805,0.4300499999999984,0.33564999999999856,0.0944,0.0944
hja2016_105,hja2016_084,hyporheic / planktonic,across habitats,0.9928,0.8686,0.5530999999999983,0.3950999999999985,0.15799999999999997,0.15799999999999997
hja2016_106,hja2016_084,hyporheic / planktonic,across habitats,0.9988,0.869,0.609099999999998,0.4703499999999985,0.13875,0.13875
hja2016_107,hja2016_084,hyporheic / hyporheic,within habitat,0.9937,0.8468,0.4701999999999983,0.3099999999999991,0.1602,0.1602
hja2016_109,hja2016_084,hyporheic / planktonic,across habitats,0.993,0.8337,0.5441999999999979,0.4310499999999985,0.11315,0.11315
hja2016_110,hja2016_084,hyporheic / hyporheic,within habitat,0.9943,0.8412,0.5735999999999977,0.4287499999999987,0.14485,0.14485
hja2016_111,hja2016_084,hyporheic / planktonic,across habitats,0.9932,0.8534,0.5079499999999982,0.3472499999999987,0.1607,0.1607
hja2016_114,hja2016_084,hyporheic / planktonic,across habitats,0.9942,0.8424,0.5150999999999982,0.3599999999999989,0.15510000000000004,0.15520000000000003
hja2016_116,hja2016_084,hyporheic / planktonic,across habitats,0.9928,0.856,0.5130999999999984,0.345299999999999,0.16780000000000003,0.16945000000000005
hja2016_119,hja2016_084,hyporheic / planktonic,across habitats,0.9846,0.7907,0.3961499999999986,0.2719999999999996,0.12415000000000001,0.12415000000000001
hja2016_121,hja2016_084,hyporheic / hyporheic,within habitat,0.9986,0.8759,0.6189499999999979,0.4900499999999984,0.12890000000000004,0.12890000000000004
hja2016_122,hja2016_084,hyporheic / sediment,across habitats,0.9016,0.6508,0.2974999999999996,0.2437499999999998,0.053750000000000006,0.05515000000000001
hja2016_125,hja2016_084,hyporheic / sediment,across habitats,0.8999,0.6457,0.31309999999999966,0.25074999999999986,0.06234999999999999,0.06624999999999999
hja2016_164,hja2016_084,hyporheic / sediment,across habitats,0.9261,0.6932,0.3030499999999996,0.24079999999999968,0.062250000000000014,0.062250000000000014
hja2016_166,hja2016_084,hyporheic / sediment,across habitats,0.9616,0.7843,0.41474999999999895,0.3302499999999994,0.08449999999999999,0.08924999999999998
hja2016_167,hja2016_084,hyporheic / sediment,across habitats,0.9338,0.7062,0.35164999999999924,0.27790000000000004,0.07374999999999997,0.07524999999999998
hja2016_169,hja2016_084,hyporheic / sediment,across habitats,0.9393,0.7082,0.35409999999999925,0.28984999999999983,0.06424999999999999,0.06464999999999999
hja2016_170,hja2016_084,hyporheic / sediment,across habitats,0.939,0.7356,0.34414999999999885,0.2801999999999994,0.06395,0.0651
hja2016_177,hja2016_084,hyporheic / sediment,across habitats,0.9332,0.7134,0.30669999999999936,0.25404999999999966,0.05264999999999999,0.05264999999999999
hja2016_179,hja2016_084,hyporheic / sediment,across habitats,0.9204,0.6965,0.3259499999999991,0.2765999999999997,0.04935,0.04935
hja2016_180,hja2016_084,hyporheic / sediment,across habitats,0.9613,0.7779,0.3854999999999994,0.28494999999999965,0.10054999999999997,0.10094999999999997
hja2016_181,hja2016_084,hyporheic / sediment,across habitats,0.9438,0.7325,0.348099999999999,0.2823999999999996,0.06570000000000001,0.0671
hja2016_193,hja2016_084,hyporheic / soil,across habitats,0.9784,0.8344,0.46254999999999924,0.3489999999999996,0.11355,0.11355
hja2016_194,hja2016_084,hyporheic / soil,across habitats,0.9092,0.6707,0.2799999999999999,0.24014999999999995,0.039850000000000003,0.039850000000000003
hja2016_195,hja2016_084,hyporheic / soil,across habitats,0.961,0.7622,0.34849999999999953,0.2625499999999999,0.08595,0.08595
hja2016_196,hja2016_084,hyporheic / soil,across habitats,0.9388,0.6927,0.2806999999999998,0.2149999999999999,0.06570000000000001,0.06570000000000001
hja2016_197,hja2016_084,hyporheic / soil,across habitats,0.978,0.8109,0.492049999999999,0.43684999999999896,0.0552,0.0552
hja2016_198,hja2016_084,hyporheic / soil,across habitats,0.9303,0.6852,0.3067499999999996,0.24544999999999986,0.06129999999999999,0.06169999999999999
hja2016_199,hja2016_084,hyporheic / soil,across habitats,0.9591,0.7397,0.34939999999999943,0.25675,0.09265,0.09265
hja2016_200,hja2016_084,hyporheic / soil,across habitats,0.9183,0.7065,0.33934999999999926,0.2521999999999998,0.08715,0.08715
hja2016_129,hja2016_127,sediment / sediment,within habitat,0.5599,0.289,0.025100000000000035,0.020649999999999998,0.004450000000000001,0.008649999999999998
hja2016_131,hja2016_127,sediment / sediment,within habitat,0.5656,0.2818,0.02210000000000001,0.01724999999999999,0.00485,0.0061
hja2016_132,hja2016_127,sediment / sediment,within habitat,0.6622,0.3305,0.03620000000000005,0.025650000000000003,0.01055,0.014649999999999998
hja2016_133,hja2016_127,sediment / sediment,within habitat,0.7127,0.384,0.05285000000000008,0.042000000000000065,0.01085,0.0115
hja2016_135,hja2016_127,sediment / sediment,within habitat,0.6514,0.3343,0.040500000000000036,0.03160000000000002,0.008900000000000003,0.012750000000000003
hja2016_136,hja2016_127,sediment / sediment,within habitat,0.6088,0.3344,0.027450000000000026,0.022750000000000006,0.0047,0.0083
hja2016_139,hja2016_127,sediment / sediment,within habitat,0.6063,0.3279,0.024000000000000018,0.02115000000000001,0.0028499999999999997,0.0065
hja2016_140,hja2016_127,sediment / sediment,within habitat,0.5621,0.2715,0.019400000000000008,0.016599999999999993,0.0028000000000000004,0.004649999999999999
hja2016_141,hja2016_127,sediment / sediment,within habitat,0.6084,0.327,0.03505000000000009,0.024750000000000015,0.0103,0.013200000000000002
hja2016_142,hja2016_127,sediment / sediment,within habitat,0.65,0.3782,0.034050000000000066,0.029800000000000038,0.0042499999999999994,0.007299999999999999
hja2016_144,hja2016_127,sediment / sediment,within habitat,0.6704,0.4037,0.03765000000000007,0.03455000000000007,0.0031,0.0038000000000000004
hja2016_145,hja2016_127,sediment / sediment,within habitat,0.563,0.2892,0.026000000000000044,0.022200000000000008,0.0037999999999999996,0.005399999999999999
hja2016_146,hja2016_127,sediment / sediment,within habitat,0.5866,0.3,0.025200000000000014,0.023650000000000015,0.00155,0.005549999999999999
hja2016_147,hja2016_127,sediment / sediment,within habitat,0.7042,0.3801,0.05140000000000008,0.04050000000000005,0.010900000000000003,0.011300000000000003
hja2016_148,hja2016_127,sediment / sediment,within habitat,0.5971,0.3282,0.030850000000000044,0.02310000000000001,0.00775,0.011000000000000001
hja2016_150,hja2016_127,sediment / sediment,within habitat,0.526,0.2793,0.019550000000000005,0.018099999999999998,0.0014500000000000001,0.004399999999999999
hja2016_151,hja2016_127,sediment / sediment,within habitat,0.7172,0.3851,0.05345000000000008,0.03970000000000006,0.013750000000000002,0.01395
hja2016_152,hja2016_127,sediment / sediment,within habitat,0.6398,0.3959,0.026100000000000036,0.022050000000000004,0.004050000000000001,0.00775
hja2016_155,hja2016_127,sediment / sediment,within habitat,0.6007,0.3234,0.024050000000000026,0.01915000000000002,0.0049,0.005849999999999999
hja2016_157,hja2016_127,sediment / sediment,within habitat,0.5523,0.2437,0.0183,0.016949999999999996,0.00135,0.00485
hja2016_159,hja2016_127,sediment / sediment,within habitat,0.5517,0.3069,0.021900000000000013,0.019400000000000004,0.0025000000000000005,0.00605
hja2016_160,hja2016_127,sediment / sediment,within habitat,0.6925,0.4405,0.059350000000000076,0.04410000000000004,0.015250000000000001,0.017650000000000002
hja2016_183,hja2016_127,sediment / soil,across habitats,0.8688,0.5837,0.13215,0.10245000000000004,0.0297,0.0297
hja2016_184,hja2016_127,sediment / soil,across habitats,0.8867,0.6104,0.14775000000000005,0.12290000000000005,0.02485,0.0255
hja2016_185,hja2016_127,sediment / soil,across habitats,0.91,0.7046,0.24884999999999996,0.18714999999999982,0.06169999999999999,0.06219999999999999
hja2016_188,hja2016_127,sediment / soil,across habitats,0.9816,0.8714,0.47229999999999916,0.3549999999999997,0.11729999999999999,0.11749999999999997
hja2016_189,hja2016_127,sediment / soil,across habitats,0.97,0.8123,0.40094999999999936,0.2623999999999998,0.13855000000000003,0.13855000000000003
hja2016_190,hja2016_127,sediment / soil,across habitats,0.8939,0.6535,0.19949999999999987,0.14490000000000006,0.05459999999999999,0.05599999999999999
hja2016_191,hja2016_127,sediment / soil,across habitats,0.962,0.8294,0.3927499999999996,0.32309999999999967,0.06964999999999998,0.06964999999999998
hja2016_031,hja2016_127,hyporheic / sediment,across habitats,0.9677,0.7843,0.503249999999999,0.3753999999999992,0.12785000000000002,0.12785000000000002
hja2016_032,hja2016_127,hyporheic / sediment,across habitats,0.9334,0.6618,0.3301999999999994,0.26404999999999984,0.06614999999999999,0.07129999999999997
hja2016_035,hja2016_127,hyporheic / sediment,across habitats,0.9711,0.7791,0.4398499999999996,0.3638999999999997,0.07594999999999999,0.07594999999999999
hja2016_037,hja2016_127,hyporheic / sediment,across habitats,0.9528,0.7098,0.39609999999999945,0.35099999999999965,0.0451,0.0451
hja2016_042,hja2016_127,planktonic / sediment,across habitats,0.9743,0.8217,0.5327999999999987,0.4384999999999994,0.0943,0.0943
hja2016_043,hja2016_127,hyporheic / sediment,across habitats,0.9008,0.6049,0.2623499999999998,0.21469999999999984,0.04765000000000001,0.04790000000000001
hja2016_049,hja2016_127,planktonic / sediment,across habitats,0.98,0.8058,0.42124999999999924,0.35114999999999935,0.07009999999999998,0.07314999999999995
hja2016_050,hja2016_127,hyporheic / sediment,across habitats,0.8846,0.5922,0.18929999999999989,0.16319999999999987,0.026100000000000005,0.02750000000000001
hja2016_052,hja2016_127,hyporheic / sediment,across habitats,0.9096,0.6234,0.22489999999999993,0.19779999999999986,0.0271,0.0277
hja2016_056,hja2016_127,hyporheic / sediment,across habitats,0.8949,0.6669,0.18439999999999984,0.1595499999999998,0.02485,0.025950000000000004
hja2016_057,hja2016_127,hyporheic / sediment,across habitats,0.9575,0.7526,0.4370999999999992,0.3800499999999993,0.05705000000000002,0.05705000000000002
hja2016_059,hja2016_127,planktonic / sediment,across habitats,0.8705,0.6136,0.15514999999999976,0.14059999999999984,0.01455,0.020500000000000004
hja2016_062,hja2016_127,hyporheic / sediment,across habitats,0.8655,0.5939,0.15079999999999993,0.13215000000000005,0.018649999999999996,0.0194
hja2016_064,hja2016_127,planktonic / sediment,across habitats,0.901,0.6112,0.22159999999999977,0.18039999999999973,0.0412,0.04685
hja2016_099,hja2016_127,planktonic / sediment,across habitats,0.9727,0.7957,0.39824999999999916,0.2667999999999998,0.13144999999999996,0.13144999999999996
hja2016_100,hja2016_127,planktonic / sediment,across habitats,0.9845,0.8358,0.4804499999999989,0.371699999999999,0.10875,0.10885000000000002
hja2016_101,hja2016_127,planktonic / sediment,across habitats,0.9709,0.7546,0.32824999999999943,0.23659999999999987,0.09164999999999994,0.09189999999999994
hja2016_102,hja2016_127,hyporheic / sediment,across habitats,0.9734,0.8123,0.4093999999999989,0.2807499999999994,0.12865,0.129
hja2016_103,hja2016_127,planktonic / sediment,across habitats,0.9434,0.6769,0.2793499999999995,0.21809999999999974,0.06124999999999999,0.06184999999999999
hja2016_105,hja2016_127,planktonic / sediment,across habitats,0.9725,0.8186,0.4028499999999991,0.27569999999999945,0.12715000000000004,0.12715000000000004
hja2016_106,hja2016_127,planktonic / sediment,across habitats,0.988,0.8055,0.434599999999999,0.31239999999999957,0.12219999999999998,0.12219999999999998
hja2016_107,hja2016_127,hyporheic / sediment,across habitats,0.9702,0.7762,0.3545999999999993,0.2402499999999998,0.11435000000000003,0.11435000000000003
hja2016_109,hja2016_127,planktonic / sediment,across habitats,0.9713,0.7463,0.35164999999999924,0.27154999999999974,0.08009999999999998,0.08009999999999998
hja2016_110,hja2016_127,hyporheic / sediment,across habitats,0.9739,0.7535,0.3540999999999994,0.26534999999999964,0.08874999999999997,0.08929999999999996
hja2016_111,hja2016_127,planktonic / sediment,across habitats,0.97,0.785,0.37924999999999914,0.2661999999999995,0.11305000000000001,0.11305000000000001
hja2016_114,hja2016_127,planktonic / sediment,across habitats,0.9668,0.7569,0.3346499999999993,0.22789999999999988,0.10674999999999997,0.10674999999999997
hja2016_116,hja2016_127,planktonic / sediment,across habitats,0.9679,0.7782,0.373649999999999,0.2561499999999997,0.11749999999999998,0.11749999999999998
hja2016_119,hja2016_127,planktonic / sediment,across habitats,0.9443,0.6641,0.24524999999999972,0.16699999999999982,0.07824999999999999,0.07824999999999999
hja2016_121,hja2016_127,hyporheic / sediment,across habitats,0.989,0.8159,0.4656499999999988,0.34834999999999927,0.11729999999999999,0.11729999999999999
hja2016_122,hja2016_127,sediment / sediment,within habitat,0.5587,0.3004,0.018099999999999988,0.01619999999999999,0.0019,0.0053
hja2016_125,hja2016_127,sediment / sediment,within habitat,0.5457,0.3086,0.01605,0.014749999999999992,0.0013,0.0062
hja2016_164,hja2016_127,sediment / sediment,within habitat,0.6497,0.3912,0.027000000000000027,0.022250000000000006,0.00475,0.0087
hja2016_166,hja2016_127,sediment / sediment,within habitat,0.693,0.396,0.04655000000000008,0.03550000000000006,0.01105,0.014199999999999999
hja2016_167,hja2016_127,sediment / sediment,within habitat,0.7089,0.3773,0.0573000000000001,0.045400000000000086,0.011899999999999997,0.015499999999999998
hja2016_169,hja2016_127,sediment / sediment,within habitat,0.7168,0.3933,0.05415000000000007,0.04135000000000005,0.012799999999999999,0.01565
hja2016_170,hja2016_127,sediment / sediment,within habitat,0.6045,0.3231,0.024200000000000037,0.019650000000000004,0.00455,0.007050000000000001
hja2016_177,hja2016_127,sediment / sediment,within habitat,0.6606,0.3456,0.03845000000000006,0.02855,0.0099,0.013950000000000004
hja2016_179,hja2016_127,sediment / sediment,within habitat,0.5727,0.3017,0.020300000000000006,0.017499999999999998,0.0028,0.006299999999999999
hja2016_180,hja2016_127,sediment / sediment,within habitat,0.6858,0.413,0.042150000000000055,0.03365000000000004,0.0085,0.010700000000000001
hja2016_181,hja2016_127,sediment / sediment,within habitat,0.6032,0.3082,0.02315000000000002,0.019700000000000002,0.00345,0.00675
hja2016_193,hja2016_127,sediment / soil,across habitats,0.9469,0.761,0.29044999999999976,0.1943999999999998,0.09604999999999998,0.09744999999999998
hja2016_194,hja2016_127,sediment / soil,across habitats,0.7009,0.4062,0.04490000000000007,0.04085000000000004,0.00405,0.004999999999999999
hja2016_195,hja2016_127,sediment / soil,across habitats,0.9115,0.6676,0.19099999999999978,0.12844999999999998,0.06255000000000002,0.06390000000000001
hja2016_196,hja2016_127,sediment / soil,across habitats,0.7704,0.4487,0.08130000000000003,0.04970000000000009,0.0316,0.0321
hja2016_197,hja2016_127,sediment / soil,across habitats,0.9403,0.6967,0.23399999999999985,0.19724999999999973,0.03675,0.03675
hja2016_198,hja2016_127,sediment / soil,across habitats,0.831,0.5162,0.09250000000000005,0.0605500000000001,0.03195,0.03195
hja2016_199,hja2016_127,sediment / soil,across habitats,0.8823,0.6038,0.16449999999999984,0.11305000000000005,0.05145,0.051899999999999995
hja2016_200,hja2016_127,sediment / soil,across habitats,0.8284,0.5247,0.09370000000000002,0.06835000000000004,0.02535,0.02535
hja2016_131,hja2016_129,sediment / sediment,within habitat,0.3832,0.1325,0.010249999999999987,0.009849999999999987,3.9999999999999996e-4,0.0026499999999999996
hja2016_132,hja2016_129,sediment / sediment,within habitat,0.631,0.3014,0.01970000000000001,0.015349999999999989,0.00435,0.009099999999999999
hja2016_133,hja2016_129,sediment / sediment,within habitat,0.666,0.3456,0.03140000000000003,0.026100000000000022,0.0053,0.006299999999999999
hja2016_135,hja2016_129,sediment / sediment,within habitat,0.6144,0.2901,0.020700000000000007,0.017949999999999997,0.00275,0.0075
hja2016_136,hja2016_129,sediment / sediment,within habitat,0.5629,0.2768,0.017950000000000004,0.01619999999999999,0.00175,0.0055000000000000005
hja2016_139,hja2016_129,sediment / sediment,within habitat,0.5782,0.2533,0.01709999999999999,0.01694999999999999,1.5e-4,0.0025
hja2016_140,hja2016_129,sediment / sediment,within habitat,0.5474,0.2508,0.020300000000000012,0.016549999999999992,0.0037500000000000003,0.00665
hja2016_141,hja2016_129,sediment / sediment,within habitat,0.5615,0.2798,0.01910000000000001,0.01835000000000001,7.5e-4,0.0044
hja2016_142,hja2016_129,sediment / sediment,within habitat,0.5969,0.2733,0.020450000000000017,0.018750000000000017,0.0017000000000000001,0.00505
hja2016_144,hja2016_129,sediment / sediment,within habitat,0.629,0.3192,0.026400000000000017,0.024800000000000006,0.0015999999999999999,0.0035999999999999995
hja2016_145,hja2016_129,sediment / sediment,within habitat,0.3631,0.1315,0.008549999999999993,0.008199999999999994,3.5e-4,0.00475
hja2016_146,hja2016_129,sediment / sediment,within habitat,0.5564,0.2616,0.01930000000000001,0.017249999999999988,0.00205,0.006650000000000001
hja2016_147,hja2016_129,sediment / sediment,within habitat,0.6518,0.3354,0.02690000000000003,0.019850000000000007,0.00705,0.007350000000000001
hja2016_148,hja2016_129,sediment / sediment,within habitat,0.5805,0.2562,0.01834999999999999,0.016099999999999982,0.0022500000000000003,0.004549999999999999
hja2016_150,hja2016_129,sediment / sediment,within habitat,0.5299,0.2418,0.018400000000000003,0.01665,0.00175,0.0055000000000000005
hja2016_151,hja2016_129,sediment / sediment,within habitat,0.6698,0.3426,0.033200000000000056,0.025900000000000038,0.0073,0.0074
hja2016_152,hja2016_129,sediment / sediment,within habitat,0.6057,0.3357,0.021250000000000022,0.019650000000000008,0.0016,0.0045000000000000005
hja2016_155,hja2016_129,sediment / sediment,within habitat,0.5807,0.2472,0.01765000000000001,0.016199999999999985,0.00145,0.0029
hja2016_157,hja2016_129,sediment / sediment,within habitat,0.6394,0.3144,0.021400000000000013,0.01980000000000001,0.0016,0.0041
hja2016_159,hja2016_129,sediment / sediment,within habitat,0.5534,0.2476,0.014849999999999986,0.013899999999999984,9.5e-4,0.004749999999999999
hja2016_160,hja2016_129,sediment / sediment,within habitat,0.7441,0.4791,0.06610000000000008,0.050550000000000116,0.01555,0.0197
hja2016_183,hja2016_129,sediment / soil,across habitats,0.8043,0.4917,0.07675000000000003,0.059600000000000083,0.01715,0.01815
hja2016_184,hja2016_129,sediment / soil,across habitats,0.8299,0.5309,0.07399999999999997,0.06230000000000009,0.011700000000000002,0.012400000000000001
hja2016_185,hja2016_129,sediment / soil,across habitats,0.8286,0.5978,0.13784999999999992,0.10944999999999995,0.028399999999999998,0.02905
hja2016_188,hja2016_129,sediment / soil,across habitats,0.9562,0.8131,0.3469499999999993,0.23849999999999977,0.10845,0.10845
hja2016_189,hja2016_129,sediment / soil,across habitats,0.9389,0.7629,0.25849999999999995,0.1749499999999999,0.08355000000000001,0.08400000000000002
hja2016_190,hja2016_129,sediment / soil,across habitats,0.827,0.5656,0.11224999999999999,0.08865000000000002,0.023600000000000003,0.025050000000000003
hja2016_191,hja2016_129,sediment / soil,across habitats,0.9414,0.7735,0.2946999999999997,0.2089999999999998,0.08570000000000001,0.08595000000000001
hja2016_031,hja2016_129,hyporheic / sediment,across habitats,0.9629,0.7955,0.49224999999999886,0.34964999999999913,0.14259999999999998,0.14259999999999998
hja2016_032,hja2016_129,hyporheic / sediment,across habitats,0.9435,0.6871,0.3399499999999993,0.2547499999999998,0.08520000000000005,0.08800000000000004
hja2016_035,hja2016_129,hyporheic / sediment,across habitats,0.9635,0.7689,0.4207999999999993,0.3477499999999994,0.07305,0.07305
hja2016_037,hja2016_129,hyporheic / sediment,across habitats,0.9409,0.6832,0.3634999999999992,0.3086499999999992,0.05484999999999999,0.05484999999999999
hja2016_042,hja2016_129,planktonic / sediment,across habitats,0.9772,0.8524,0.5322999999999989,0.4044999999999991,0.1278,0.1278
hja2016_043,hja2016_129,hyporheic / sediment,across habitats,0.912,0.6198,0.25819999999999954,0.19359999999999972,0.06459999999999999,0.0673
hja2016_049,hja2016_129,planktonic / sediment,across habitats,0.9809,0.8441,0.44699999999999895,0.3384999999999992,0.1085,0.1085
hja2016_050,hja2016_129,hyporheic / sediment,across habitats,0.9035,0.6053,0.17589999999999997,0.1476,0.028300000000000002,0.030600000000000002
hja2016_052,hja2016_129,hyporheic / sediment,across habitats,0.9058,0.6011,0.20824999999999985,0.18634999999999988,0.021900000000000003,0.0228
hja2016_056,hja2016_129,hyporheic / sediment,across habitats,0.8813,0.645,0.16559999999999994,0.14510000000000003,0.020500000000000004,0.022500000000000006
hja2016_057,hja2016_129,hyporheic / sediment,across habitats,0.96,0.7689,0.4210499999999991,0.34189999999999937,0.07915000000000004,0.07925000000000003
hja2016_059,hja2016_129,planktonic / sediment,across habitats,0.8833,0.634,0.15609999999999988,0.14039999999999989,0.015700000000000006,0.02115000000000001
hja2016_062,hja2016_129,hyporheic / sediment,across habitats,0.8692,0.6133,0.15689999999999987,0.13579999999999995,0.0211,0.021500000000000002
hja2016_064,hja2016_129,planktonic / sediment,across habitats,0.9206,0.6477,0.2505999999999997,0.2006999999999998,0.0499,0.05095
hja2016_099,hja2016_129,planktonic / sediment,across habitats,0.9743,0.7884,0.3340499999999991,0.23024999999999987,0.1038,0.1038
hja2016_100,hja2016_129,planktonic / sediment,across habitats,0.9866,0.8341,0.4315499999999992,0.33694999999999925,0.0946,0.0946
hja2016_101,hja2016_129,planktonic / sediment,across habitats,0.9784,0.7588,0.28854999999999936,0.2150999999999998,0.07345000000000002,0.07345000000000002
hja2016_102,hja2016_129,hyporheic / sediment,across habitats,0.9756,0.7967,0.3255499999999995,0.23774999999999993,0.0878,0.0878
hja2016_103,hja2016_129,planktonic / sediment,across habitats,0.9479,0.6637,0.21414999999999973,0.16399999999999984,0.05014999999999998,0.05014999999999998
hja2016_105,hja2016_129,planktonic / sediment,across habitats,0.9744,0.8042,0.3373499999999994,0.2368499999999998,0.1005,0.1005
hja2016_106,hja2016_129,planktonic / sediment,across habitats,0.9922,0.809,0.4317499999999989,0.3109499999999994,0.12080000000000002,0.12080000000000002
hja2016_107,hja2016_129,hyporheic / sediment,across habitats,0.9748,0.7694,0.28189999999999965,0.19819999999999977,0.08370000000000001,0.08370000000000001
hja2016_109,hja2016_129,planktonic / sediment,across habitats,0.9755,0.7505,0.31189999999999907,0.24189999999999984,0.06999999999999999,0.06999999999999999
hja2016_110,hja2016_129,hyporheic / sediment,across habitats,0.977,0.7531,0.3216499999999995,0.2244499999999998,0.09720000000000002,0.09720000000000002
hja2016_111,hja2016_129,planktonic / sediment,across habitats,0.9701,0.7768,0.32389999999999936,0.2409999999999997,0.08289999999999999,0.08289999999999999
hja2016_114,hja2016_129,planktonic / sediment,across habitats,0.9722,0.7571,0.2865499999999993,0.22374999999999995,0.0628,0.0628
hja2016_116,hja2016_129,planktonic / sediment,across habitats,0.9686,0.7721,0.29354999999999937,0.2087999999999998,0.08475,0.08475
hja2016_119,hja2016_129,planktonic / sediment,across habitats,0.9496,0.6493,0.1887999999999997,0.13044999999999995,0.05835,0.05835
hja2016_121,hja2016_129,hyporheic / sediment,across habitats,0.9931,0.8204,0.45204999999999884,0.3378499999999992,0.11420000000000001,0.11420000000000001
hja2016_122,hja2016_129,sediment / sediment,within habitat,0.5612,0.2464,0.01634999999999999,0.015749999999999983,6e-4,0.00445
hja2016_125,hja2016_129,sediment / sediment,within habitat,0.5509,0.2467,0.017149999999999988,0.015849999999999982,0.0013,0.00575
hja2016_164,hja2016_129,sediment / sediment,within habitat,0.5862,0.3054,0.019550000000000005,0.017849999999999994,0.0017,0.0047
hja2016_166,hja2016_129,sediment / sediment,within habitat,0.7462,0.4613,0.06270000000000006,0.04410000000000006,0.018600000000000002,0.021049999999999996
hja2016_167,hja2016_129,sediment / sediment,within habitat,0.67,0.3449,0.03620000000000003,0.027250000000000035,0.008950000000000001,0.0122
hja2016_169,hja2016_129,sediment / sediment,within habitat,0.661,0.3461,0.028650000000000043,0.023050000000000032,0.005600000000000001,0.008700000000000001
hja2016_170,hja2016_129,sediment / sediment,within habitat,0.6396,0.3425,0.021700000000000035,0.01990000000000001,0.0018,0.0039499999999999995
hja2016_177,hja2016_129,sediment / sediment,within habitat,0.6242,0.2951,0.020650000000000012,0.019200000000000002,0.00145,0.005350000000000001
hja2016_179,hja2016_129,sediment / sediment,within habitat,0.5543,0.2656,0.024300000000000013,0.02085,0.00345,0.006699999999999999
hja2016_180,hja2016_129,sediment / sediment,within habitat,0.7343,0.4695,0.0607000000000001,0.04640000000000009,0.014300000000000004,0.0163
hja2016_181,hja2016_129,sediment / sediment,within habitat,0.6446,0.3352,0.021400000000000034,0.020600000000000035,7.999999999999999e-4,0.0032999999999999995
hja2016_193,hja2016_129,sediment / soil,across habitats,0.9307,0.7026,0.1991499999999999,0.13974999999999985,0.059399999999999974,0.06054999999999998
hja2016_194,hja2016_129,sediment / soil,across habitats,0.6478,0.3356,0.029650000000000034,0.02705000000000003,0.0026,0.004
hja2016_195,hja2016_129,sediment / soil,across habitats,0.8723,0.5954,0.11044999999999992,0.08539999999999998,0.02505,0.026050000000000004
hja2016_196,hja2016_129,sediment / soil,across habitats,0.7478,0.4123,0.041750000000000044,0.03370000000000005,0.008050000000000002,0.008150000000000001
hja2016_197,hja2016_129,sediment / soil,across habitats,0.9365,0.6814,0.19539999999999988,0.15174999999999986,0.04364999999999999,0.04394999999999999
hja2016_198,hja2016_129,sediment / soil,across habitats,0.7748,0.4385,0.06520000000000006,0.04565000000000011,0.019550000000000005,0.019950000000000002
hja2016_199,hja2016_129,sediment / soil,across habitats,0.8435,0.5455,0.11599999999999991,0.08695,0.02905,0.02965
hja2016_200,hja2016_129,sediment / soil,across habitats,0.7532,0.4419,0.06035000000000009,0.051200000000000065,0.009149999999999998,0.0095
hja2016_132,hja2016_131,sediment / sediment,within habitat,0.6249,0.2856,0.023100000000000037,0.017950000000000008,0.005149999999999999,0.005949999999999999
hja2016_133,hja2016_131,sediment / sediment,within habitat,0.668,0.3394,0.03100000000000004,0.023950000000000023,0.007050000000000001,0.0079
hja2016_135,hja2016_131,sediment / sediment,within habitat,0.6168,0.2849,0.023200000000000026,0.01940000000000002,0.0038,0.004699999999999999
hja2016_136,hja2016_131,sediment / sediment,within habitat,0.5694,0.2844,0.01930000000000001,0.016799999999999995,0.0025,0.005050000000000001
hja2016_139,hja2016_131,sediment / sediment,within habitat,0.5787,0.2594,0.018000000000000002,0.017499999999999998,5e-4,0.0012000000000000001
hja2016_140,hja2016_131,sediment / sediment,within habitat,0.554,0.252,0.01935,0.016299999999999995,0.00305,0.004850000000000001
hja2016_141,hja2016_131,sediment / sediment,within habitat,0.5706,0.2854,0.02120000000000001,0.01935000000000001,0.00185,0.00285
hja2016_142,hja2016_131,sediment / sediment,within habitat,0.6017,0.2818,0.02005000000000002,0.018050000000000017,0.002,0.0028999999999999994
hja2016_144,hja2016_131,sediment / sediment,within habitat,0.6336,0.3208,0.025950000000000004,0.02205,0.0039000000000000003,0.0043
hja2016_145,hja2016_131,sediment / sediment,within habitat,0.3839,0.1499,0.011399999999999983,0.010249999999999985,0.00115,0.004149999999999999
hja2016_146,hja2016_131,sediment / sediment,within habitat,0.5721,0.2713,0.01935,0.0178,0.00155,0.0035499999999999993
hja2016_147,hja2016_131,sediment / sediment,within habitat,0.6517,0.331,0.030000000000000037,0.02340000000000002,0.0066,0.0072499999999999995
hja2016_148,hja2016_131,sediment / sediment,within habitat,0.5765,0.2571,0.01980000000000001,0.016800000000000006,0.003,0.00335
hja2016_150,hja2016_131,sediment / sediment,within habitat,0.541,0.2587,0.018600000000000012,0.016849999999999993,0.0017499999999999998,0.0029
hja2016_151,hja2016_131,sediment / sediment,within habitat,0.6678,0.344,0.033300000000000066,0.02620000000000005,0.0071,0.0076500000000000005
hja2016_152,hja2016_131,sediment / sediment,within habitat,0.6206,0.3603,0.02070000000000002,0.017699999999999997,0.0029999999999999996,0.004999999999999999
hja2016_155,hja2016_131,sediment / sediment,within habitat,0.5782,0.2477,0.019100000000000006,0.01609999999999999,0.003,0.0036999999999999997
hja2016_157,hja2016_131,sediment / sediment,within habitat,0.6444,0.3192,0.02015000000000002,0.018300000000000007,0.0018499999999999999,0.0025
hja2016_159,hja2016_131,sediment / sediment,within habitat,0.564,0.2583,0.01624999999999999,0.015099999999999981,0.00115,0.0022999999999999995
hja2016_160,hja2016_131,sediment / sediment,within habitat,0.7482,0.4905,0.0659000000000001,0.048000000000000105,0.0179,0.018600000000000002
hja2016_183,hja2016_131,sediment / soil,across habitats,0.7973,0.4752,0.08115000000000006,0.0616000000000001,0.01955,0.019649999999999997
hja2016_184,hja2016_131,sediment / soil,across habitats,0.8317,0.5156,0.08069999999999997,0.06760000000000002,0.0131,0.01335
hja2016_185,hja2016_131,sediment / soil,across habitats,0.8328,0.5876,0.1419999999999999,0.10780000000000001,0.03420000000000001,0.03615000000000001
hja2016_188,hja2016_131,sediment / soil,across habitats,0.955,0.8135,0.3436499999999996,0.2372999999999996,0.10635,0.10635
hja2016_189,hja2016_131,sediment / soil,across habitats,0.9354,0.76,0.25194999999999973,0.17149999999999968,0.08045000000000001,0.08055000000000001
hja2016_190,hja2016_131,sediment / soil,across habitats,0.815,0.5551,0.1082,0.08540000000000005,0.0228,0.023750000000000004
hja2016_191,hja2016_131,sediment / soil,across habitats,0.9386,0.7572,0.32394999999999946,0.24999999999999978,0.07395,0.0741
hja2016_031,hja2016_131,hyporheic / sediment,across habitats,0.9633,0.7933,0.4792999999999991,0.32204999999999934,0.1572500000000001,0.1572500000000001
hja2016_032,hja2016_131,hyporheic / sediment,across habitats,0.9423,0.6813,0.3270999999999995,0.22729999999999972,0.09979999999999999,0.10500000000000001
hja2016_035,hja2016_131,hyporheic / sediment,across habitats,0.9655,0.7687,0.3882999999999998,0.2978999999999996,0.0904,0.09144999999999999
hja2016_037,hja2016_131,hyporheic / sediment,across habitats,0.9461,0.6814,0.36689999999999945,0.2913499999999994,0.07554999999999999,0.07905000000000002
hja2016_042,hja2016_131,planktonic / sediment,across habitats,0.9816,0.8496,0.5463499999999984,0.3983999999999994,0.14795000000000008,0.14795000000000008
hja2016_043,hja2016_131,hyporheic / sediment,across habitats,0.9195,0.6292,0.2613999999999997,0.18279999999999974,0.0786,0.0803
hja2016_049,hja2016_131,planktonic / sediment,across habitats,0.9838,0.847,0.4275499999999994,0.3071499999999995,0.12040000000000001,0.12175000000000001
hja2016_050,hja2016_131,hyporheic / sediment,across habitats,0.9048,0.6135,0.18329999999999985,0.14839999999999992,0.0349,0.0351
hja2016_052,hja2016_131,hyporheic / sediment,across habitats,0.9052,0.5995,0.2009499999999999,0.16519999999999993,0.035750000000000004,0.03730000000000001
hja2016_056,hja2016_131,hyporheic / sediment,across habitats,0.881,0.6482,0.16295000000000012,0.13375000000000012,0.029199999999999993,0.0319
hja2016_057,hja2016_131,hyporheic / sediment,across habitats,0.9599,0.7735,0.4137499999999995,0.33299999999999946,0.08074999999999999,0.08074999999999999
hja2016_059,hja2016_131,planktonic / sediment,across habitats,0.8906,0.6426,0.16814999999999983,0.13749999999999993,0.030649999999999997,0.0318
hja2016_062,hja2016_131,hyporheic / sediment,across habitats,0.876,0.6156,0.14979999999999996,0.12129999999999999,0.028499999999999998,0.02865
hja2016_064,hja2016_131,planktonic / sediment,across habitats,0.9261,0.6577,0.24744999999999973,0.1839999999999997,0.06345,0.06570000000000001
hja2016_099,hja2016_131,planktonic / sediment,across habitats,0.9739,0.7905,0.3263499999999997,0.22639999999999985,0.09994999999999998,0.09994999999999998
hja2016_100,hja2016_131,planktonic / sediment,across habitats,0.9844,0.8324,0.42384999999999945,0.3135499999999995,0.11029999999999998,0.11029999999999998
hja2016_101,hja2016_131,planktonic / sediment,across habitats,0.977,0.7581,0.29569999999999974,0.2106999999999996,0.08499999999999998,0.08499999999999998
hja2016_102,hja2016_131,hyporheic / sediment,across habitats,0.9765,0.7986,0.3103499999999995,0.22224999999999975,0.08809999999999998,0.08809999999999998
hja2016_103,hja2016_131,planktonic / sediment,across habitats,0.947,0.6684,0.21614999999999984,0.1642499999999999,0.051899999999999995,0.0523
hja2016_105,hja2016_131,planktonic / sediment,across habitats,0.9733,0.804,0.3348999999999995,0.2379999999999997,0.09689999999999997,0.09689999999999997
hja2016_106,hja2016_131,planktonic / sediment,across habitats,0.9913,0.8085,0.43169999999999936,0.27774999999999955,0.15395000000000006,0.15395000000000006
hja2016_107,hja2016_131,hyporheic / sediment,across habitats,0.9727,0.769,0.26749999999999957,0.19544999999999987,0.07205,0.07205
hja2016_109,hja2016_131,planktonic / sediment,across habitats,0.9738,0.7504,0.30044999999999955,0.2232999999999999,0.07715000000000001,0.07715000000000001
hja2016_110,hja2016_131,hyporheic / sediment,across habitats,0.9759,0.7512,0.31164999999999987,0.21444999999999975,0.09719999999999998,0.09769999999999998
hja2016_111,hja2016_131,planktonic / sediment,across habitats,0.9704,0.7802,0.3254499999999995,0.23204999999999967,0.0934,0.0934
hja2016_114,hja2016_131,planktonic / sediment,across habitats,0.97,0.7596,0.2946999999999996,0.1964499999999997,0.09824999999999999,0.09824999999999999
hja2016_116,hja2016_131,planktonic / sediment,across habitats,0.9694,0.7721,0.2882999999999995,0.21109999999999976,0.0772,0.0772
hja2016_119,hja2016_131,planktonic / sediment,across habitats,0.9481,0.65,0.19079999999999978,0.13889999999999983,0.051899999999999995,0.051899999999999995
hja2016_121,hja2016_131,hyporheic / sediment,across habitats,0.992,0.8204,0.4519999999999997,0.29479999999999984,0.1572000000000001,0.1572000000000001
hja2016_122,hja2016_131,sediment / sediment,within habitat,0.5695,0.2532,0.016549999999999992,0.014249999999999983,0.0022999999999999995,0.0027499999999999994
hja2016_125,hja2016_131,sediment / sediment,within habitat,0.5568,0.258,0.01735,0.015149999999999978,0.0021999999999999997,0.0036000000000000003
hja2016_164,hja2016_131,sediment / sediment,within habitat,0.6043,0.3329,0.022200000000000008,0.019500000000000014,0.0027,0.00365
hja2016_166,hja2016_131,sediment / sediment,within habitat,0.7529,0.4707,0.06015000000000009,0.039800000000000085,0.020349999999999997,0.020749999999999998
hja2016_167,hja2016_131,sediment / sediment,within habitat,0.6721,0.3388,0.037250000000000054,0.02925000000000004,0.008,0.008
hja2016_169,hja2016_131,sediment / sediment,within habitat,0.6691,0.3509,0.02905000000000004,0.02505000000000004,0.003999999999999999,0.00445
hja2016_170,hja2016_131,sediment / sediment,within habitat,0.6352,0.3495,0.018250000000000002,0.015949999999999985,0.0023,0.0030499999999999998
hja2016_177,hja2016_131,sediment / sediment,within habitat,0.6321,0.297,0.021149999999999995,0.019449999999999995,0.0017000000000000001,0.0024
hja2016_179,hja2016_131,sediment / sediment,within habitat,0.5649,0.2819,0.024650000000000016,0.02180000000000001,0.00285,0.00315
hja2016_180,hja2016_131,sediment / sediment,within habitat,0.7387,0.4754,0.0554500000000001,0.037700000000000095,0.01775,0.018149999999999996
hja2016_181,hja2016_131,sediment / sediment,within habitat,0.6403,0.3444,0.01990000000000002,0.0182,0.0017,0.00275
hja2016_193,hja2016_131,sediment / soil,across habitats,0.9272,0.6934,0.21644999999999973,0.13669999999999988,0.07974999999999999,0.07974999999999999
hja2016_194,hja2016_131,sediment / soil,across habitats,0.6448,0.3208,0.03305000000000007,0.02940000000000005,0.00365,0.0040999999999999995
hja2016_195,hja2016_131,sediment / soil,across habitats,0.8668,0.5876,0.11364999999999989,0.08215,0.03150000000000001,0.03175000000000001
hja2016_196,hja2016_131,sediment / soil,across habitats,0.7383,0.3991,0.04655000000000005,0.036000000000000046,0.01055,0.01125
hja2016_197,hja2016_131,sediment / soil,across habitats,0.9336,0.6742,0.19719999999999988,0.15164999999999995,0.045549999999999986,0.045549999999999986
hja2016_198,hja2016_131,sediment / soil,across habitats,0.7728,0.4243,0.06705000000000008,0.047250000000000084,0.01979999999999999,0.020099999999999996
hja2016_199,hja2016_131,sediment / soil,across habitats,0.8415,0.5403,0.11284999999999994,0.07720000000000007,0.035649999999999994,0.035649999999999994
hja2016_200,hja2016_131,sediment / soil,across habitats,0.7417,0.4218,0.06395000000000002,0.05510000000000008,0.00885,0.008950000000000001
hja2016_133,hja2016_132,sediment / sediment,within habitat,0.6285,0.3765,0.03555000000000003,0.02875000000000003,0.0068,0.009499999999999998
hja2016_135,hja2016_132,sediment / sediment,within habitat,0.3488,0.1387,0.010199999999999996,0.009899999999999997,3e-4,0.007299999999999999
hja2016_136,hja2016_132,sediment / sediment,within habitat,0.6633,0.3248,0.020399999999999998,0.018899999999999997,0.0014999999999999998,0.005200000000000001
hja2016_139,hja2016_132,sediment / sediment,within habitat,0.6707,0.3095,0.02130000000000001,0.020700000000000003,6e-4,0.00415
hja2016_140,hja2016_132,sediment / sediment,within habitat,0.6574,0.3139,0.023499999999999997,0.021049999999999996,0.00245,0.0045000000000000005
hja2016_141,hja2016_132,sediment / sediment,within habitat,0.6524,0.3158,0.020999999999999998,0.01819999999999999,0.0027999999999999995,0.0059499999999999996
hja2016_142,hja2016_132,sediment / sediment,within habitat,0.7156,0.3497,0.025100000000000032,0.021550000000000014,0.0035499999999999998,0.0060999999999999995
hja2016_144,hja2016_132,sediment / sediment,within habitat,0.7413,0.3889,0.03155000000000001,0.026550000000000018,0.005,0.00575
hja2016_145,hja2016_132,sediment / sediment,within habitat,0.6229,0.2913,0.020300000000000016,0.0167,0.0036,0.00535
hja2016_146,hja2016_132,sediment / sediment,within habitat,0.6785,0.3292,0.022000000000000013,0.02045000000000001,0.0015499999999999997,0.00615
hja2016_147,hja2016_132,sediment / sediment,within habitat,0.6129,0.3551,0.02795000000000002,0.023600000000000013,0.00435,0.00555
hja2016_148,hja2016_132,sediment / sediment,within habitat,0.6697,0.3057,0.021650000000000013,0.018699999999999998,0.00295,0.0066500000000000005
hja2016_150,hja2016_132,sediment / sediment,within habitat,0.6697,0.3319,0.022600000000000006,0.019549999999999994,0.00305,0.00735
hja2016_151,hja2016_132,sediment / sediment,within habitat,0.6309,0.3628,0.03190000000000003,0.025350000000000022,0.006549999999999999,0.0070999999999999995
hja2016_152,hja2016_132,sediment / sediment,within habitat,0.7267,0.4294,0.031750000000000056,0.02700000000000003,0.00475,0.008549999999999997
hja2016_155,hja2016_132,sediment / sediment,within habitat,0.6744,0.3094,0.021400000000000016,0.02025000000000001,0.00115,0.0024
hja2016_157,hja2016_132,sediment / sediment,within habitat,0.6957,0.3556,0.022850000000000013,0.02150000000000001,0.00135,0.00575
hja2016_159,hja2016_132,sediment / sediment,within habitat,0.6909,0.3431,0.023700000000000023,0.020650000000000005,0.0030499999999999998,0.00645
hja2016_160,hja2016_132,sediment / sediment,within habitat,0.8003,0.526,0.08515000000000005,0.07050000000000006,0.014650000000000002,0.0186
hja2016_183,hja2016_132,sediment / soil,across habitats,0.8134,0.4827,0.0569500000000001,0.04360000000000009,0.013349999999999997,0.013499999999999998
hja2016_184,hja2016_132,sediment / soil,across habitats,0.8291,0.5455,0.06800000000000007,0.05655000000000009,0.011450000000000004,0.011450000000000004
hja2016_185,hja2016_132,sediment / soil,across habitats,0.8774,0.6115,0.11969999999999995,0.09060000000000004,0.029100000000000004,0.029900000000000006
hja2016_188,hja2016_132,sediment / soil,across habitats,0.9663,0.8372,0.34139999999999926,0.24719999999999984,0.09419999999999995,0.09444999999999995
hja2016_189,hja2016_132,sediment / soil,across habitats,0.9488,0.779,0.26454999999999984,0.17419999999999988,0.09034999999999999,0.09034999999999999
hja2016_190,hja2016_132,sediment / soil,across habitats,0.8068,0.5763,0.08905,0.07685000000000004,0.012200000000000003,0.013100000000000004
hja2016_191,hja2016_132,sediment / soil,across habitats,0.9526,0.761,0.2688999999999996,0.19954999999999987,0.06934999999999998,0.06934999999999998
hja2016_031,hja2016_132,hyporheic / sediment,across habitats,0.9793,0.8226,0.5095499999999988,0.3444999999999992,0.16505000000000003,0.16920000000000002
hja2016_032,hja2016_132,hyporheic / sediment,across habitats,0.9585,0.7196,0.35849999999999926,0.24594999999999997,0.11254999999999998,0.11584999999999998
hja2016_035,hja2016_132,hyporheic / sediment,across habitats,0.9688,0.7972,0.43479999999999935,0.3234499999999996,0.11135,0.11275
hja2016_037,hja2016_132,hyporheic / sediment,across habitats,0.958,0.7101,0.3866499999999991,0.3227499999999996,0.0639,0.06745
hja2016_042,hja2016_132,planktonic / sediment,across habitats,0.9868,0.8718,0.5733499999999989,0.4462999999999992,0.12705,0.12785
hja2016_043,hja2016_132,hyporheic / sediment,across habitats,0.9225,0.6626,0.3138499999999992,0.2428999999999999,0.07095,0.07314999999999998
hja2016_049,hja2016_132,planktonic / sediment,across habitats,0.9853,0.8663,0.48709999999999876,0.36329999999999896,0.12379999999999998,0.12379999999999998
hja2016_050,hja2016_132,hyporheic / sediment,across habitats,0.9253,0.6429,0.19910000000000003,0.15875,0.04035000000000001,0.04240000000000002
hja2016_052,hja2016_132,hyporheic / sediment,across habitats,0.9281,0.6466,0.21549999999999991,0.1753499999999999,0.040150000000000005,0.04295000000000001
hja2016_056,hja2016_132,hyporheic / sediment,across habitats,0.9114,0.6838,0.17154999999999992,0.14025,0.031299999999999994,0.03194999999999999
hja2016_057,hja2016_132,hyporheic / sediment,across habitats,0.972,0.7906,0.4208999999999994,0.3423999999999995,0.07849999999999997,0.07914999999999997
hja2016_059,hja2016_132,planktonic / sediment,across habitats,0.9082,0.6703,0.1786499999999999,0.1442499999999999,0.03440000000000001,0.03870000000000001
hja2016_062,hja2016_132,hyporheic / sediment,across habitats,0.897,0.6504,0.18639999999999993,0.15049999999999997,0.0359,0.03745
hja2016_064,hja2016_132,planktonic / sediment,across habitats,0.922,0.6785,0.2810999999999997,0.20579999999999993,0.07529999999999998,0.078099999999999975
hja2016_099,hja2016_132,planktonic / sediment,across habitats,0.9755,0.7933,0.3759999999999989,0.23825000000000002,0.13775,0.13775
hja2016_100,hja2016_132,planktonic / sediment,across habitats,0.9848,0.8377,0.4844999999999988,0.3597499999999992,0.12475000000000001,0.12475000000000001
hja2016_101,hja2016_132,planktonic / sediment,across habitats,0.9764,0.7709,0.33984999999999893,0.22764999999999977,0.11219999999999998,0.11219999999999998
hja2016_102,hja2016_132,hyporheic / sediment,across habitats,0.975,0.8024,0.3828999999999989,0.2562999999999997,0.1266,0.12735
hja2016_103,hja2016_132,planktonic / sediment,across habitats,0.9443,0.6682,0.25504999999999983,0.18889999999999996,0.06615,0.06615
hja2016_105,hja2016_132,planktonic / sediment,across habitats,0.9736,0.8081,0.38494999999999907,0.2506,0.13435000000000005,0.13435000000000005
hja2016_106,hja2016_132,planktonic / sediment,across habitats,0.9909,0.8192,0.4796499999999987,0.33769999999999933,0.14195000000000002,0.14195000000000002
hja2016_107,hja2016_132,hyporheic / sediment,across habitats,0.9726,0.7715,0.3275499999999992,0.2115999999999999,0.11595000000000004,0.11595000000000004
hja2016_109,hja2016_132,planktonic / sediment,across habitats,0.9726,0.7406,0.34114999999999884,0.24310000000000012,0.09805000000000003,0.09805000000000003
hja2016_110,hja2016_132,hyporheic / sediment,across habitats,0.9763,0.7553,0.3686999999999994,0.25245,0.11624999999999996,0.11624999999999996
hja2016_111,hja2016_132,planktonic / sediment,across habitats,0.9689,0.7826,0.3739999999999991,0.23999999999999982,0.13400000000000004,0.13415000000000002
hja2016_114,hja2016_132,planktonic / sediment,across habitats,0.9695,0.7638,0.32984999999999937,0.22200000000000003,0.10784999999999997,0.10784999999999997
hja2016_116,hja2016_132,planktonic / sediment,across habitats,0.9683,0.7781,0.3403999999999992,0.2273,0.11310000000000003,0.11310000000000003
hja2016_119,hja2016_132,planktonic / sediment,across habitats,0.9452,0.6519,0.22424999999999984,0.14814999999999992,0.07610000000000001,0.07610000000000001
hja2016_121,hja2016_132,hyporheic / sediment,across habitats,0.9921,0.831,0.5170999999999984,0.3753999999999988,0.14170000000000008,0.14170000000000008
hja2016_122,hja2016_132,sediment / sediment,within habitat,0.689,0.3439,0.023600000000000024,0.021050000000000013,0.00255,0.0066999999999999985
hja2016_125,hja2016_132,sediment / sediment,within habitat,0.6797,0.343,0.0214,0.018849999999999995,0.0025499999999999993,0.00745
hja2016_164,hja2016_132,sediment / sediment,within habitat,0.692,0.4103,0.025500000000000016,0.02220000000000001,0.0033,0.0083
hja2016_166,hja2016_132,sediment / sediment,within habitat,0.7907,0.5092,0.06965000000000003,0.05280000000000007,0.01685,0.020799999999999996
hja2016_167,hja2016_132,sediment / sediment,within habitat,0.6274,0.3579,0.03425000000000003,0.028350000000000024,0.0059,0.01085
hja2016_169,hja2016_132,sediment / sediment,within habitat,0.632,0.3749,0.030300000000000035,0.024500000000000022,0.0058,0.01035
hja2016_170,hja2016_132,sediment / sediment,within habitat,0.7276,0.3947,0.02490000000000003,0.021400000000000016,0.0034999999999999996,0.006799999999999999
hja2016_177,hja2016_132,sediment / sediment,within habitat,0.3962,0.183,0.011699999999999986,0.011549999999999987,1.5e-4,0.0068000000000000005
hja2016_179,hja2016_132,sediment / sediment,within habitat,0.6663,0.3499,0.032450000000000034,0.030400000000000035,0.00205,0.006549999999999999
hja2016_180,hja2016_132,sediment / sediment,within habitat,0.7838,0.5063,0.06925000000000008,0.055300000000000106,0.01395,0.016800000000000002
hja2016_181,hja2016_132,sediment / sediment,within habitat,0.7258,0.3876,0.026900000000000028,0.024800000000000023,0.0021000000000000003,0.0051
hja2016_193,hja2016_132,sediment / soil,across habitats,0.9298,0.7118,0.1780999999999998,0.12824999999999986,0.04985000000000001,0.05180000000000001
hja2016_194,hja2016_132,sediment / soil,across habitats,0.6621,0.312,0.02265000000000002,0.020250000000000008,0.0024000000000000002,0.0037500000000000003
hja2016_195,hja2016_132,sediment / soil,across habitats,0.8555,0.587,0.08365000000000004,0.06705000000000008,0.016600000000000004,0.018400000000000003
hja2016_196,hja2016_132,sediment / soil,across habitats,0.7253,0.3996,0.029650000000000034,0.027250000000000028,0.0024,0.00295
hja2016_197,hja2016_132,sediment / soil,across habitats,0.9373,0.6777,0.1775999999999998,0.13069999999999993,0.046900000000000004,0.047450000000000006
hja2016_198,hja2016_132,sediment / soil,across habitats,0.7749,0.4343,0.03655000000000009,0.029750000000000047,0.006799999999999999,0.007599999999999998
hja2016_199,hja2016_132,sediment / soil,across habitats,0.8154,0.5433,0.08085000000000003,0.06410000000000007,0.01675,0.017050000000000003
hja2016_200,hja2016_132,sediment / soil,across habitats,0.7663,0.4124,0.03825000000000006,0.032550000000000044,0.005699999999999999,0.005699999999999999
hja2016_135,hja2016_133,sediment / sediment,within habitat,0.6201,0.3688,0.032450000000000034,0.02630000000000003,0.006149999999999999,0.0083
hja2016_136,hja2016_133,sediment / sediment,within habitat,0.7382,0.4311,0.04315000000000005,0.034650000000000035,0.008499999999999999,0.009699999999999999
hja2016_139,hja2016_133,sediment / sediment,within habitat,0.7255,0.4095,0.03395000000000003,0.030600000000000023,0.00335,0.0041
hja2016_140,hja2016_133,sediment / sediment,within habitat,0.7069,0.3752,0.03950000000000004,0.03205000000000003,0.007450000000000002,0.00915
hja2016_141,hja2016_133,sediment / sediment,within habitat,0.7255,0.4207,0.04245000000000008,0.03310000000000005,0.00935,0.00985
hja2016_142,hja2016_133,sediment / sediment,within habitat,0.789,0.4739,0.05425000000000005,0.038000000000000034,0.016249999999999997,0.01745
hja2016_144,hja2016_133,sediment / sediment,within habitat,0.8016,0.5,0.05965000000000006,0.04760000000000005,0.012050000000000002,0.013400000000000002
hja2016_145,hja2016_133,sediment / sediment,within habitat,0.6716,0.3635,0.028900000000000026,0.024300000000000013,0.0046,0.007450000000000001
hja2016_146,hja2016_133,sediment / sediment,within habitat,0.7213,0.393,0.03795000000000005,0.03215000000000001,0.0058,0.007899999999999999
hja2016_147,hja2016_133,sediment / sediment,within habitat,0.3377,0.1258,0.011799999999999988,0.01024999999999999,0.00155,0.006350000000000001
hja2016_148,hja2016_133,sediment / sediment,within habitat,0.7318,0.4189,0.042650000000000056,0.03380000000000002,0.008850000000000002,0.010700000000000003
hja2016_150,hja2016_133,sediment / sediment,within habitat,0.7366,0.4278,0.048250000000000105,0.03665000000000006,0.0116,0.014100000000000001
hja2016_151,hja2016_133,sediment / sediment,within habitat,0.3754,0.1334,0.012449999999999989,0.011849999999999986,6e-4,0.00405
hja2016_152,hja2016_133,sediment / sediment,within habitat,0.7455,0.4457,0.042900000000000056,0.03390000000000004,0.009,0.010200000000000002
hja2016_155,hja2016_133,sediment / sediment,within habitat,0.7282,0.3962,0.03780000000000005,0.030650000000000028,0.007150000000000001,0.00855
hja2016_157,hja2016_133,sediment / sediment,within habitat,0.7414,0.4097,0.039850000000000045,0.03285000000000003,0.006999999999999999,0.007899999999999999
hja2016_159,hja2016_133,sediment / sediment,within habitat,0.7383,0.4268,0.03870000000000004,0.028600000000000014,0.010100000000000001,0.011250000000000001
hja2016_160,hja2016_133,sediment / sediment,within habitat,0.7572,0.4661,0.04930000000000009,0.041050000000000066,0.008249999999999999,0.009649999999999999
hja2016_183,hja2016_133,sediment / soil,across habitats,0.7777,0.4811,0.08224999999999996,0.06335000000000009,0.018900000000000004,0.0194
hja2016_184,hja2016_133,sediment / soil,across habitats,0.748,0.4785,0.07000000000000002,0.057850000000000124,0.01215,0.01345
hja2016_185,hja2016_133,sediment / soil,across habitats,0.7966,0.5659,0.14614999999999975,0.11164999999999985,0.0345,0.037450000000000004
hja2016_188,hja2016_133,sediment / soil,across habitats,0.8954,0.7484,0.27144999999999936,0.2107999999999996,0.060649999999999996,0.0631
hja2016_189,hja2016_133,sediment / soil,across habitats,0.8667,0.679,0.1866999999999997,0.1384499999999999,0.04825000000000001,0.048650000000000006
hja2016_190,hja2016_133,sediment / soil,across habitats,0.6738,0.4892,0.10384999999999985,0.0812999999999999,0.022550000000000004,0.026350000000000005
hja2016_191,hja2016_133,sediment / soil,across habitats,0.9187,0.7255,0.2533999999999997,0.1928999999999998,0.0605,0.06075
hja2016_031,hja2016_133,hyporheic / sediment,across habitats,0.9732,0.7967,0.4509999999999991,0.2995499999999996,0.15145000000000008,0.15145000000000008
hja2016_032,hja2016_133,hyporheic / sediment,across habitats,0.9522,0.6674,0.32959999999999906,0.23579999999999984,0.09379999999999998,0.09534999999999998
hja2016_035,hja2016_133,hyporheic / sediment,across habitats,0.9614,0.7656,0.40124999999999933,0.29139999999999955,0.10985,0.10985
hja2016_037,hja2016_133,hyporheic / sediment,across habitats,0.9644,0.7098,0.3617499999999994,0.27374999999999977,0.088,0.09215
hja2016_042,hja2016_133,planktonic / sediment,across habitats,0.9807,0.8265,0.5229499999999988,0.3881999999999991,0.13475000000000004,0.13565
hja2016_043,hja2016_133,hyporheic / sediment,across habitats,0.9311,0.6079,0.26074999999999976,0.18054999999999982,0.08020000000000001,0.08204999999999998
hja2016_049,hja2016_133,planktonic / sediment,across habitats,0.9789,0.8145,0.3887499999999991,0.2850999999999994,0.10364999999999998,0.10685
hja2016_050,hja2016_133,hyporheic / sediment,across habitats,0.9072,0.6059,0.18469999999999998,0.14795000000000003,0.036750000000000005,0.03929999999999999
hja2016_052,hja2016_133,hyporheic / sediment,across habitats,0.9337,0.6422,0.21384999999999993,0.17324999999999993,0.0406,0.042499999999999996
hja2016_056,hja2016_133,hyporheic / sediment,across habitats,0.9254,0.6812,0.1832500000000001,0.1485000000000002,0.03475,0.035850000000000014
hja2016_057,hja2016_133,hyporheic / sediment,across habitats,0.9587,0.7628,0.419849999999999,0.34339999999999926,0.07644999999999998,0.08109999999999999
hja2016_059,hja2016_133,planktonic / sediment,across habitats,0.9061,0.6336,0.19384999999999974,0.15459999999999985,0.03925,0.03925
hja2016_062,hja2016_133,hyporheic / sediment,across habitats,0.8957,0.6186,0.15949999999999998,0.12885000000000008,0.030650000000000004,0.03125000000000001
hja2016_064,hja2016_133,planktonic / sediment,across habitats,0.9178,0.6198,0.24014999999999972,0.16769999999999982,0.07245,0.07285000000000001
hja2016_099,hja2016_133,planktonic / sediment,across habitats,0.9758,0.7927,0.4167999999999989,0.25949999999999984,0.15730000000000002,0.15730000000000002
hja2016_100,hja2016_133,planktonic / sediment,across habitats,0.9881,0.8338,0.4889499999999987,0.36489999999999906,0.12405000000000004,0.12405000000000004
hja2016_101,hja2016_133,planktonic / sediment,across habitats,0.9774,0.7581,0.36019999999999913,0.2277499999999997,0.13245,0.13245
hja2016_102,hja2016_133,hyporheic / sediment,across habitats,0.9775,0.8023,0.42669999999999897,0.2735999999999995,0.15310000000000001,0.15395000000000003
hja2016_103,hja2016_133,planktonic / sediment,across habitats,0.9469,0.6885,0.29734999999999917,0.19734999999999986,0.09999999999999999,0.09999999999999999
hja2016_105,hja2016_133,planktonic / sediment,across habitats,0.9749,0.8105,0.4272999999999991,0.26454999999999973,0.16275000000000006,0.16305000000000006
hja2016_106,hja2016_133,planktonic / sediment,across habitats,0.9904,0.8108,0.4640499999999987,0.33549999999999913,0.12855,0.12855
hja2016_107,hja2016_133,hyporheic / sediment,across habitats,0.9739,0.7757,0.3649499999999994,0.22304999999999975,0.14190000000000003,0.14210000000000003
hja2016_109,hja2016_133,planktonic / sediment,across habitats,0.9747,0.7492,0.37089999999999934,0.2679999999999996,0.10289999999999998,0.10289999999999998
hja2016_110,hja2016_133,hyporheic / sediment,across habitats,0.9784,0.7582,0.3806999999999993,0.25354999999999966,0.12714999999999999,0.12714999999999999
hja2016_111,hja2016_133,planktonic / sediment,across habitats,0.9723,0.7868,0.41394999999999915,0.26139999999999963,0.15255000000000002,0.15270000000000003
hja2016_114,hja2016_133,planktonic / sediment,across habitats,0.9714,0.7583,0.36114999999999936,0.21734999999999982,0.14379999999999996,0.14394999999999997
hja2016_116,hja2016_133,planktonic / sediment,across habitats,0.9715,0.7805,0.37744999999999934,0.23504999999999968,0.1424,0.1424
hja2016_119,hja2016_133,planktonic / sediment,across habitats,0.9488,0.6719,0.27164999999999956,0.16094999999999987,0.11069999999999999,0.11069999999999999
hja2016_121,hja2016_133,hyporheic / sediment,across habitats,0.9928,0.8193,0.4860999999999988,0.355099999999999,0.131,0.131
hja2016_122,hja2016_133,sediment / sediment,within habitat,0.7381,0.4298,0.04440000000000008,0.034400000000000035,0.009999999999999997,0.010849999999999999
hja2016_125,hja2016_133,sediment / sediment,within habitat,0.729,0.433,0.044100000000000056,0.03445000000000003,0.00965,0.011950000000000002
hja2016_164,hja2016_133,sediment / sediment,within habitat,0.7252,0.4341,0.04125000000000006,0.03315000000000001,0.008100000000000001,0.009649999999999999
hja2016_166,hja2016_133,sediment / sediment,within habitat,0.7636,0.4468,0.04535000000000009,0.03775000000000007,0.007600000000000001,0.008800000000000002
hja2016_167,hja2016_133,sediment / sediment,within habitat,0.3692,0.1318,0.01264999999999999,0.01224999999999999,3.9999999999999996e-4,0.0038
hja2016_169,hja2016_133,sediment / sediment,within habitat,0.3673,0.1465,0.01104999999999999,0.01029999999999999,7.5e-4,0.0049
hja2016_170,hja2016_133,sediment / sediment,within habitat,0.7324,0.3771,0.03230000000000003,0.02830000000000003,0.004,0.0051
hja2016_177,hja2016_133,sediment / sediment,within habitat,0.6166,0.3628,0.033850000000000054,0.028400000000000036,0.005449999999999999,0.006999999999999999
hja2016_179,hja2016_133,sediment / sediment,within habitat,0.6956,0.3744,0.04150000000000006,0.03480000000000005,0.006699999999999999,0.0083
hja2016_180,hja2016_133,sediment / sediment,within habitat,0.7618,0.4592,0.046550000000000064,0.03870000000000004,0.007850000000000001,0.0083
hja2016_181,hja2016_133,sediment / sediment,within habitat,0.7204,0.3674,0.03605000000000006,0.029250000000000033,0.006800000000000001,0.0076500000000000005
hja2016_193,hja2016_133,sediment / soil,across habitats,0.8564,0.6142,0.12054999999999992,0.09339999999999994,0.027150000000000004,0.02775
hja2016_194,hja2016_133,sediment / soil,across habitats,0.7096,0.4036,0.04585000000000009,0.039650000000000074,0.006200000000000001,0.007050000000000001
hja2016_195,hja2016_133,sediment / soil,across habitats,0.773,0.5113,0.09254999999999984,0.0729499999999999,0.019600000000000003,0.020250000000000004
hja2016_196,hja2016_133,sediment / soil,across habitats,0.6732,0.3402,0.03490000000000004,0.02980000000000002,0.0051,0.005600000000000001
hja2016_197,hja2016_133,sediment / soil,across habitats,0.9063,0.6211,0.16884999999999983,0.13089999999999988,0.037950000000000005,0.03815
hja2016_198,hja2016_133,sediment / soil,across habitats,0.7402,0.4262,0.061750000000000124,0.0427500000000001,0.019,0.019549999999999998
hja2016_199,hja2016_133,sediment / soil,across habitats,0.7336,0.4588,0.08244999999999993,0.06295000000000009,0.019500000000000003,0.020300000000000002
hja2016_200,hja2016_133,sediment / soil,across habitats,0.7376,0.4451,0.06760000000000006,0.0523000000000001,0.015299999999999996,0.015299999999999996
hja2016_136,hja2016_135,sediment / sediment,within habitat,0.6547,0.3227,0.02150000000000001,0.0198,0.0017000000000000001,0.00575
hja2016_139,hja2016_135,sediment / sediment,within habitat,0.6637,0.30620000000000003,0.028350000000000018,0.026400000000000014,0.0019500000000000001,0.0048000000000000004
hja2016_140,hja2016_135,sediment / sediment,within habitat,0.6531,0.3081,0.024250000000000008,0.02205,0.0021999999999999997,0.00365
hja2016_141,hja2016_135,sediment / sediment,within habitat,0.6449,0.30620000000000003,0.02090000000000001,0.019749999999999997,0.00115,0.004950000000000001
hja2016_142,hja2016_135,sediment / sediment,within habitat,0.703,0.3409,0.03400000000000006,0.028550000000000037,0.005449999999999999,0.0093
hja2016_144,hja2016_135,sediment / sediment,within habitat,0.7338,0.3853,0.035450000000000016,0.028150000000000022,0.007299999999999999,0.009200000000000003
hja2016_145,hja2016_135,sediment / sediment,within habitat,0.6129,0.2874,0.023250000000000014,0.01885,0.0044,0.00625
hja2016_146,hja2016_135,sediment / sediment,within habitat,0.6708,0.3271,0.023600000000000013,0.02230000000000001,0.0013000000000000002,0.0060500000000000016
hja2016_147,hja2016_135,sediment / sediment,within habitat,0.5964,0.3441,0.028050000000000037,0.02280000000000002,0.00525,0.006050000000000001
hja2016_148,hja2016_135,sediment / sediment,within habitat,0.6609,0.3029,0.028850000000000008,0.023500000000000004,0.00535,0.008450000000000001
hja2016_150,hja2016_135,sediment / sediment,within habitat,0.6604,0.3292,0.026850000000000023,0.024200000000000013,0.0026500000000000004,0.00635
hja2016_151,hja2016_135,sediment / sediment,within habitat,0.616,0.3561,0.03045000000000004,0.025250000000000022,0.0052,0.00625
hja2016_152,hja2016_135,sediment / sediment,within habitat,0.7147,0.4208,0.034300000000000046,0.03070000000000002,0.0036,0.00725
hja2016_155,hja2016_135,sediment / sediment,within habitat,0.6648,0.3004,0.03210000000000004,0.029400000000000023,0.0026999999999999997,0.0044
hja2016_157,hja2016_135,sediment / sediment,within habitat,0.6904,0.3449,0.03155000000000003,0.03080000000000003,7.5e-4,0.004900000000000001
hja2016_159,hja2016_135,sediment / sediment,within habitat,0.6811,0.3427,0.028700000000000024,0.025049999999999996,0.0036500000000000005,0.00785
hja2016_160,hja2016_135,sediment / sediment,within habitat,0.8021,0.5182,0.09169999999999999,0.07550000000000008,0.016200000000000003,0.019
hja2016_183,hja2016_135,sediment / soil,across habitats,0.812,0.4851,0.057100000000000053,0.040900000000000034,0.016200000000000006,0.01675
hja2016_184,hja2016_135,sediment / soil,across habitats,0.8246,0.5491,0.06550000000000003,0.05595000000000007,0.009550000000000001,0.0103
hja2016_185,hja2016_135,sediment / soil,across habitats,0.8728,0.6141,0.11814999999999998,0.09615000000000004,0.022000000000000002,0.022000000000000002
hja2016_188,hja2016_135,sediment / soil,across habitats,0.9585,0.8406,0.34269999999999934,0.26944999999999986,0.07324999999999997,0.07324999999999997
hja2016_189,hja2016_135,sediment / soil,across habitats,0.9446,0.7839,0.2582499999999998,0.18474999999999991,0.07349999999999998,0.07349999999999998
hja2016_190,hja2016_135,sediment / soil,across habitats,0.803,0.5817,0.09264999999999997,0.08215000000000006,0.010499999999999999,0.0116
hja2016_191,hja2016_135,sediment / soil,across habitats,0.9535,0.7679,0.2777999999999998,0.20909999999999998,0.06869999999999997,0.06869999999999997
hja2016_031,hja2016_135,hyporheic / sediment,across habitats,0.975,0.8174,0.512299999999999,0.36594999999999933,0.14635000000000004,0.14745000000000003
hja2016_032,hja2016_135,hyporheic / sediment,across habitats,0.9558,0.7215,0.3905499999999991,0.3031499999999994,0.08739999999999996,0.08889999999999997
hja2016_035,hja2016_135,hyporheic / sediment,across habitats,0.9661,0.7935,0.44309999999999916,0.34504999999999963,0.09804999999999997,0.09804999999999997
hja2016_037,hja2016_135,hyporheic / sediment,across habitats,0.9544,0.6972,0.3744499999999994,0.3313999999999995,0.04305,0.04305
hja2016_042,hja2016_135,planktonic / sediment,across habitats,0.9857,0.8699,0.578949999999998,0.45964999999999895,0.11929999999999998,0.12124999999999998
hja2016_043,hja2016_135,hyporheic / sediment,across habitats,0.917,0.6493,0.31489999999999935,0.2468499999999999,0.06804999999999999,0.07104999999999999
hja2016_049,hja2016_135,planktonic / sediment,across habitats,0.9836,0.8617,0.519199999999999,0.4110999999999992,0.10810000000000002,0.11315000000000001
hja2016_050,hja2016_135,hyporheic / sediment,across habitats,0.9179,0.6445,0.2751499999999998,0.24259999999999987,0.03255,0.03315
hja2016_052,hja2016_135,hyporheic / sediment,across habitats,0.9224,0.6351,0.21465,0.18190000000000003,0.03275000000000001,0.03275000000000001
hja2016_056,hja2016_135,hyporheic / sediment,across habitats,0.907,0.6809,0.36799999999999866,0.34359999999999885,0.0244,0.025750000000000002
hja2016_057,hja2016_135,hyporheic / sediment,across habitats,0.9669,0.7829,0.47889999999999905,0.41044999999999937,0.06845,0.0691
hja2016_059,hja2016_135,planktonic / sediment,across habitats,0.9023,0.6636,0.21719999999999987,0.19159999999999985,0.025600000000000005,0.030400000000000007
hja2016_062,hja2016_135,hyporheic / sediment,across habitats,0.8903,0.646,0.2972499999999993,0.2715499999999996,0.0257,0.027600000000000003
hja2016_064,hja2016_135,planktonic / sediment,across habitats,0.9188,0.6815,0.29129999999999945,0.2196500000000001,0.07165,0.0761
hja2016_099,hja2016_135,planktonic / sediment,across habitats,0.976,0.7929,0.38944999999999913,0.25499999999999995,0.13444999999999996,0.13444999999999996
hja2016_100,hja2016_135,planktonic / sediment,across habitats,0.9854,0.8455,0.49599999999999894,0.3822999999999992,0.11370000000000002,0.11370000000000002
hja2016_101,hja2016_135,planktonic / sediment,across habitats,0.9784,0.7696,0.3531499999999991,0.23914999999999967,0.114,0.11415000000000002
hja2016_102,hja2016_135,hyporheic / sediment,across habitats,0.9761,0.8035,0.3966499999999991,0.2636999999999997,0.13294999999999998,0.13294999999999998
hja2016_103,hja2016_135,planktonic / sediment,across habitats,0.9432,0.6686,0.26909999999999934,0.20254999999999984,0.06655,0.06675
hja2016_105,hja2016_135,planktonic / sediment,across habitats,0.9728,0.8096,0.392249999999999,0.25794999999999974,0.1343,0.1343
hja2016_106,hja2016_135,planktonic / sediment,across habitats,0.9911,0.8246,0.49889999999999884,0.36119999999999913,0.13769999999999996,0.13769999999999996
hja2016_107,hja2016_135,hyporheic / sediment,across habitats,0.9734,0.7736,0.3405499999999994,0.21534999999999982,0.12520000000000003,0.12520000000000003
hja2016_109,hja2016_135,planktonic / sediment,across habitats,0.974,0.7414,0.3605999999999992,0.2618999999999997,0.09869999999999998,0.09869999999999998
hja2016_110,hja2016_135,hyporheic / sediment,across habitats,0.9766,0.7582,0.3852499999999994,0.2715999999999997,0.11364999999999999,0.11364999999999999
hja2016_111,hja2016_135,planktonic / sediment,across habitats,0.9702,0.7865,0.396349999999999,0.2592499999999995,0.13710000000000003,0.13730000000000003
hja2016_114,hja2016_135,planktonic / sediment,across habitats,0.9714,0.7655,0.34459999999999946,0.23129999999999987,0.11329999999999997,0.11329999999999997
hja2016_116,hja2016_135,planktonic / sediment,across habitats,0.9693,0.7772,0.3571999999999994,0.23529999999999987,0.12190000000000001,0.12190000000000001
hja2016_119,hja2016_135,planktonic / sediment,across habitats,0.9439,0.6531,0.2414999999999997,0.15839999999999987,0.08309999999999998,0.08309999999999998
hja2016_121,hja2016_135,hyporheic / sediment,across habitats,0.9922,0.8371,0.5317499999999984,0.3997999999999991,0.13195,0.13195
hja2016_122,hja2016_135,sediment / sediment,within habitat,0.6796,0.3426,0.03000000000000002,0.02385000000000001,0.006150000000000001,0.011150000000000004
hja2016_125,hja2016_135,sediment / sediment,within habitat,0.6713,0.338,0.025900000000000038,0.023050000000000015,0.00285,0.00715
hja2016_164,hja2016_135,sediment / sediment,within habitat,0.6789,0.392,0.025450000000000014,0.022750000000000006,0.0027,0.0070999999999999995
hja2016_166,hja2016_135,sediment / sediment,within habitat,0.7913,0.5002,0.0793,0.05980000000000007,0.019500000000000007,0.022950000000000005
hja2016_167,hja2016_135,sediment / sediment,within habitat,0.6113,0.3515,0.03400000000000004,0.028850000000000035,0.00515,0.010849999999999999
hja2016_169,hja2016_135,sediment / sediment,within habitat,0.6139,0.3628,0.032850000000000025,0.02600000000000003,0.00685,0.0109
hja2016_170,hja2016_135,sediment / sediment,within habitat,0.7208,0.3857,0.03590000000000006,0.033550000000000045,0.00235,0.0050999999999999995
hja2016_177,hja2016_135,sediment / sediment,within habitat,0.3618,0.1637,0.01144999999999999,0.010399999999999994,0.00105,0.0087
hja2016_179,hja2016_135,sediment / sediment,within habitat,0.6535,0.3305,0.033900000000000034,0.029900000000000027,0.004,0.0077
hja2016_180,hja2016_135,sediment / sediment,within habitat,0.7828,0.4995,0.07245,0.05520000000000006,0.017250000000000005,0.019400000000000004
hja2016_181,hja2016_135,sediment / sediment,within habitat,0.7184,0.3767,0.036550000000000034,0.033900000000000034,0.00265,0.006000000000000001
hja2016_193,hja2016_135,sediment / soil,across habitats,0.9264,0.7192,0.17415000000000005,0.13129999999999997,0.04284999999999999,0.04499999999999999
hja2016_194,hja2016_135,sediment / soil,across habitats,0.6458,0.3161,0.02730000000000003,0.026200000000000025,0.0011,0.00155
hja2016_195,hja2016_135,sediment / soil,across habitats,0.8542,0.5953,0.09344999999999996,0.07765000000000004,0.0158,0.01765
hja2016_196,hja2016_135,sediment / soil,across habitats,0.7262,0.4011,0.03680000000000006,0.030700000000000036,0.0061,0.0068
hja2016_197,hja2016_135,sediment / soil,across habitats,0.936,0.6723,0.19600000000000004,0.15284999999999996,0.04314999999999999,0.04349999999999998
hja2016_198,hja2016_135,sediment / soil,across habitats,0.7778,0.4423,0.04480000000000008,0.031900000000000026,0.012900000000000003,0.013050000000000004
hja2016_199,hja2016_135,sediment / soil,across habitats,0.8136,0.5454,0.08590000000000002,0.06985000000000005,0.016050000000000002,0.0167
hja2016_200,hja2016_135,sediment / soil,across habitats,0.7644,0.4235,0.040650000000000026,0.03630000000000003,0.00435,0.004699999999999999
hja2016_139,hja2016_136,sediment / sediment,within habitat,0.6388,0.268,0.023550000000000015,0.021150000000000013,0.0024000000000000002,0.0040999999999999995
hja2016_140,hja2016_136,sediment / sediment,within habitat,0.3779,0.1817,0.011499999999999993,0.010249999999999993,0.00125,0.00645
hja2016_141,hja2016_136,sediment / sediment,within habitat,0.3352,0.139,0.009149999999999988,0.008749999999999989,3.9999999999999996e-4,0.004750000000000001
hja2016_142,hja2016_136,sediment / sediment,within habitat,0.6079,0.2718,0.024900000000000012,0.02305000000000001,0.0018499999999999999,0.0045
hja2016_144,hja2016_136,sediment / sediment,within habitat,0.6429,0.3094,0.027250000000000038,0.02545000000000003,0.0018,0.0025499999999999997
hja2016_145,hja2016_136,sediment / sediment,within habitat,0.5623,0.2856,0.0201,0.017649999999999992,0.00245,0.0059499999999999996
hja2016_146,hja2016_136,sediment / sediment,within habitat,0.3978,0.2057,0.012899999999999986,0.012299999999999988,6.000000000000001e-4,0.007300000000000002
hja2016_147,hja2016_136,sediment / sediment,within habitat,0.723,0.4171,0.03475000000000002,0.027200000000000026,0.00755,0.00885
hja2016_148,hja2016_136,sediment / sediment,within habitat,0.6333,0.2799,0.024550000000000002,0.021950000000000004,0.0026,0.0048000000000000004
hja2016_150,hja2016_136,sediment / sediment,within habitat,0.4578,0.2032,0.016049999999999984,0.013199999999999983,0.00285,0.0059499999999999996
hja2016_151,hja2016_136,sediment / sediment,within habitat,0.7342,0.4298,0.040750000000000036,0.03125000000000004,0.0095,0.0103
hja2016_152,hja2016_136,sediment / sediment,within habitat,0.4973,0.2844,0.019800000000000012,0.019000000000000006,8e-4,0.00475
hja2016_155,hja2016_136,sediment / sediment,within habitat,0.6368,0.2814,0.025150000000000002,0.022199999999999998,0.00295,0.004
hja2016_157,hja2016_136,sediment / sediment,within habitat,0.6717,0.3508,0.027600000000000017,0.026950000000000012,6.500000000000001e-4,0.00305
hja2016_159,hja2016_136,sediment / sediment,within habitat,0.5608,0.2265,0.022650000000000017,0.02030000000000001,0.00235,0.005399999999999999
hja2016_160,hja2016_136,sediment / sediment,within habitat,0.7821,0.5252,0.07899999999999999,0.06220000000000013,0.016800000000000002,0.019750000000000004
hja2016_183,hja2016_136,sediment / soil,across habitats,0.8542,0.5638,0.08420000000000008,0.07305000000000006,0.01115,0.011250000000000001
hja2016_184,hja2016_136,sediment / soil,across habitats,0.871,0.5966,0.09570000000000002,0.08195000000000005,0.013750000000000002,0.014650000000000002
hja2016_185,hja2016_136,sediment / soil,across habitats,0.8815,0.6665,0.14309999999999984,0.11035000000000005,0.032749999999999994,0.03504999999999999
hja2016_188,hja2016_136,sediment / soil,across habitats,0.9714,0.8605,0.38919999999999894,0.2945499999999995,0.09465,0.0965
hja2016_189,hja2016_136,sediment / soil,across habitats,0.9575,0.8155,0.30929999999999946,0.22459999999999977,0.08470000000000001,0.08470000000000001
hja2016_190,hja2016_136,sediment / soil,across habitats,0.8645,0.623,0.11114999999999997,0.0781,0.03305,0.033350000000000005
hja2016_191,hja2016_136,sediment / soil,across habitats,0.9437,0.795,0.2826499999999996,0.21159999999999995,0.07104999999999999,0.0715
hja2016_031,hja2016_136,hyporheic / sediment,across habitats,0.9688,0.8165,0.48349999999999854,0.353299999999999,0.1302,0.1302
hja2016_032,hja2016_136,hyporheic / sediment,across habitats,0.9553,0.7455,0.3527499999999989,0.2762499999999996,0.07649999999999998,0.07889999999999998
hja2016_035,hja2016_136,hyporheic / sediment,across habitats,0.9759,0.7981,0.43994999999999873,0.34634999999999916,0.0936,0.09425
hja2016_037,hja2016_136,hyporheic / sediment,across habitats,0.9535,0.7124,0.35889999999999883,0.30439999999999945,0.054500000000000014,0.054750000000000014
hja2016_042,hja2016_136,planktonic / sediment,across habitats,0.9846,0.8763,0.5722499999999989,0.47099999999999903,0.10125,0.10170000000000001
hja2016_043,hja2016_136,hyporheic / sediment,across habitats,0.9212,0.6617,0.26989999999999953,0.22389999999999968,0.046000000000000006,0.04775000000000001
hja2016_049,hja2016_136,planktonic / sediment,across habitats,0.9889,0.8634,0.44774999999999837,0.3688999999999987,0.07884999999999999,0.07884999999999999
hja2016_050,hja2016_136,hyporheic / sediment,across habitats,0.9325,0.667,0.2603999999999997,0.2292999999999998,0.0311,0.03225
hja2016_052,hja2016_136,hyporheic / sediment,across habitats,0.9111,0.6228,0.2075999999999999,0.18074999999999988,0.02685,0.027399999999999997
hja2016_056,hja2016_136,hyporheic / sediment,across habitats,0.9031,0.6864,0.35989999999999867,0.3343999999999988,0.025500000000000002,0.0277
hja2016_057,hja2016_136,hyporheic / sediment,across habitats,0.9673,0.8088,0.4871499999999988,0.4264999999999991,0.060650000000000016,0.06310000000000002
hja2016_059,hja2016_136,planktonic / sediment,across habitats,0.9048,0.6847,0.18579999999999983,0.1630999999999998,0.0227,0.0233
hja2016_062,hja2016_136,hyporheic / sediment,across habitats,0.8866,0.6472,0.2597499999999997,0.24274999999999974,0.017,0.017
hja2016_064,hja2016_136,planktonic / sediment,across habitats,0.9389,0.7079,0.2793499999999993,0.2332499999999998,0.0461,0.0509
hja2016_099,hja2016_136,planktonic / sediment,across habitats,0.9815,0.8177,0.4216999999999988,0.2843499999999996,0.13734999999999997,0.13734999999999997
hja2016_100,hja2016_136,planktonic / sediment,across habitats,0.9896,0.8503,0.5060499999999982,0.373399999999999,0.13265000000000007,0.13265000000000007
hja2016_101,hja2016_136,planktonic / sediment,across habitats,0.9809,0.787,0.3570999999999988,0.24479999999999963,0.1123,0.1123
hja2016_102,hja2016_136,hyporheic / sediment,across habitats,0.9814,0.833,0.420599999999999,0.2813499999999996,0.13925,0.13935000000000003
hja2016_103,hja2016_136,planktonic / sediment,across habitats,0.9602,0.7101,0.2823999999999993,0.21959999999999968,0.06280000000000001,0.06290000000000001
hja2016_105,hja2016_136,planktonic / sediment,across habitats,0.9806,0.8337,0.4280499999999986,0.28704999999999936,0.14100000000000001,0.1411
hja2016_106,hja2016_136,planktonic / sediment,across habitats,0.992,0.836,0.48399999999999865,0.3596499999999992,0.12434999999999999,0.12434999999999999
hja2016_107,hja2016_136,hyporheic / sediment,across habitats,0.9797,0.7995,0.35844999999999927,0.23984999999999976,0.11860000000000002,0.11860000000000002
hja2016_109,hja2016_136,planktonic / sediment,across habitats,0.9794,0.786,0.38079999999999886,0.2921499999999994,0.08864999999999998,0.08864999999999998
hja2016_110,hja2016_136,hyporheic / sediment,across habitats,0.9826,0.7867,0.3969499999999989,0.29924999999999957,0.09770000000000001,0.09770000000000001
hja2016_111,hja2016_136,planktonic / sediment,across habitats,0.9776,0.8084,0.40759999999999896,0.27914999999999945,0.12845000000000006,0.12845000000000006
hja2016_114,hja2016_136,planktonic / sediment,across habitats,0.9778,0.7943,0.3523499999999991,0.23904999999999973,0.11329999999999997,0.11329999999999997
hja2016_116,hja2016_136,planktonic / sediment,across habitats,0.9772,0.8007,0.38974999999999915,0.26904999999999946,0.1207,0.1207
hja2016_119,hja2016_136,planktonic / sediment,across habitats,0.9605,0.6986,0.26554999999999973,0.19364999999999968,0.07190000000000002,0.07190000000000002
hja2016_121,hja2016_136,hyporheic / sediment,across habitats,0.9929,0.8435,0.5104499999999985,0.3862499999999989,0.12420000000000002,0.12420000000000002
hja2016_122,hja2016_136,sediment / sediment,within habitat,0.5692,0.2457,0.021550000000000007,0.01749999999999999,0.00405,0.00715
hja2016_125,hja2016_136,sediment / sediment,within habitat,0.5572,0.2351,0.022250000000000016,0.019300000000000008,0.0029500000000000004,0.0069
hja2016_164,hja2016_136,sediment / sediment,within habitat,0.5276,0.2434,0.015299999999999992,0.01344999999999999,0.00185,0.00585
hja2016_166,hja2016_136,sediment / sediment,within habitat,0.7798,0.498,0.06675000000000007,0.0528500000000001,0.013900000000000003,0.0157
hja2016_167,hja2016_136,sediment / sediment,within habitat,0.7322,0.4232,0.038100000000000044,0.029900000000000034,0.0082,0.01105
hja2016_169,hja2016_136,sediment / sediment,within habitat,0.729,0.4334,0.04080000000000004,0.028400000000000043,0.012400000000000001,0.015450000000000004
hja2016_170,hja2016_136,sediment / sediment,within habitat,0.7076,0.3909,0.03050000000000003,0.027050000000000022,0.0034500000000000004,0.005500000000000001
hja2016_177,hja2016_136,sediment / sediment,within habitat,0.6655,0.3439,0.021300000000000003,0.018650000000000007,0.00265,0.006799999999999999
hja2016_179,hja2016_136,sediment / sediment,within habitat,0.4023,0.2148,0.01549999999999999,0.01474999999999999,7.5e-4,0.004999999999999999
hja2016_180,hja2016_136,sediment / sediment,within habitat,0.7662,0.4987,0.060200000000000094,0.04680000000000011,0.013399999999999999,0.014299999999999998
hja2016_181,hja2016_136,sediment / sediment,within habitat,0.7059,0.3954,0.03055000000000005,0.028600000000000046,0.0019500000000000001,0.004499999999999999
hja2016_193,hja2016_136,sediment / soil,across habitats,0.9407,0.7557,0.22424999999999978,0.1577999999999998,0.06645,0.0672
hja2016_194,hja2016_136,sediment / soil,across habitats,0.7174,0.4065,0.03140000000000005,0.028150000000000036,0.00325,0.00375
hja2016_195,hja2016_136,sediment / soil,across habitats,0.8989,0.6587,0.10464999999999991,0.07630000000000002,0.028349999999999993,0.029149999999999995
hja2016_196,hja2016_136,sediment / soil,across habitats,0.7873,0.4832,0.04660000000000005,0.03310000000000003,0.0135,0.01385
hja2016_197,hja2016_136,sediment / soil,across habitats,0.9383,0.704,0.16809999999999994,0.1303499999999999,0.03775,0.037849999999999995
hja2016_198,hja2016_136,sediment / soil,across habitats,0.8167,0.5038,0.0599500000000001,0.052900000000000086,0.00705,0.00725
hja2016_199,hja2016_136,sediment / soil,across habitats,0.8768,0.6206,0.13804999999999992,0.09155000000000009,0.046499999999999986,0.04734999999999998
hja2016_200,hja2016_136,sediment / soil,across habitats,0.807,0.5156,0.06405000000000008,0.05265000000000006,0.011400000000000004,0.011400000000000004
hja2016_140,hja2016_139,sediment / sediment,within habitat,0.6371,0.2669,0.024150000000000012,0.02035,0.0038,0.0057
hja2016_141,hja2016_139,sediment / sediment,within habitat,0.6423,0.2739,0.024600000000000004,0.021450000000000004,0.00315,0.004900000000000001
hja2016_142,hja2016_139,sediment / sediment,within habitat,0.6175,0.2958,0.025050000000000013,0.02230000000000001,0.0027500000000000003,0.0057
hja2016_144,hja2016_139,sediment / sediment,within habitat,0.6612,0.3536,0.03175000000000001,0.028300000000000002,0.00345,0.004699999999999999
hja2016_145,hja2016_139,sediment / sediment,within habitat,0.5688,0.2461,0.015349999999999982,0.014499999999999983,8.500000000000001e-4,0.0025
hja2016_146,hja2016_139,sediment / sediment,within habitat,0.6412,0.2728,0.022500000000000006,0.021600000000000008,9.000000000000001e-4,0.0038499999999999997
hja2016_147,hja2016_139,sediment / sediment,within habitat,0.7129,0.3951,0.03030000000000002,0.024000000000000007,0.0063,0.0066
hja2016_148,hja2016_139,sediment / sediment,within habitat,0.3495,0.1232,0.011099999999999988,0.010949999999999988,1.5e-4,0.0036999999999999997
hja2016_150,hja2016_139,sediment / sediment,within habitat,0.5803,0.2617,0.01919999999999999,0.018699999999999994,5e-4,0.00345
hja2016_151,hja2016_139,sediment / sediment,within habitat,0.7292,0.407,0.03870000000000005,0.03220000000000005,0.006500000000000001,0.00685
hja2016_152,hja2016_139,sediment / sediment,within habitat,0.6603,0.3619,0.026050000000000025,0.025150000000000027,9e-4,0.0037499999999999994
hja2016_155,hja2016_139,sediment / sediment,within habitat,0.3628,0.1395,0.01229999999999999,0.011799999999999991,5e-4,0.0029999999999999988
hja2016_157,hja2016_139,sediment / sediment,within habitat,0.5555,0.2915,0.018950000000000005,0.01855,3.9999999999999996e-4,0.0031
hja2016_159,hja2016_139,sediment / sediment,within habitat,0.5352,0.241,0.01704999999999999,0.016349999999999986,7e-4,0.0031999999999999997
hja2016_160,hja2016_139,sediment / sediment,within habitat,0.6754,0.4618,0.05260000000000007,0.03930000000000007,0.013300000000000001,0.01635
hja2016_183,hja2016_139,sediment / soil,across habitats,0.7633,0.4846,0.06375000000000007,0.05150000000000009,0.01225,0.013099999999999997
hja2016_184,hja2016_139,sediment / soil,across habitats,0.8263,0.5727,0.07770000000000002,0.06570000000000009,0.012,0.013399999999999999
hja2016_185,hja2016_139,sediment / soil,across habitats,0.8448,0.612,0.13149999999999998,0.10615000000000005,0.025349999999999998,0.026249999999999996
hja2016_188,hja2016_139,sediment / soil,across habitats,0.9696,0.8501,0.3605999999999986,0.2563999999999996,0.1042,0.10460000000000001
hja2016_189,hja2016_139,sediment / soil,across habitats,0.9534,0.8033,0.2743499999999995,0.17894999999999972,0.09540000000000003,0.09540000000000003
hja2016_190,hja2016_139,sediment / soil,across habitats,0.8553,0.6104,0.1181,0.09435000000000007,0.023749999999999997,0.025349999999999998
hja2016_191,hja2016_139,sediment / soil,across habitats,0.9411,0.7732,0.30039999999999956,0.2237999999999999,0.0766,0.07785
hja2016_031,hja2016_139,hyporheic / sediment,across habitats,0.9682,0.7934,0.47094999999999826,0.332299999999999,0.13865000000000005,0.13995000000000005
hja2016_032,hja2016_139,hyporheic / sediment,across habitats,0.9418,0.7003,0.34264999999999896,0.26384999999999986,0.0788,0.08115
hja2016_035,hja2016_139,hyporheic / sediment,across habitats,0.9663,0.7926,0.41994999999999877,0.32749999999999924,0.09245,0.09280000000000001
hja2016_037,hja2016_139,hyporheic / sediment,across habitats,0.9451,0.7021,0.3476999999999989,0.29214999999999974,0.055549999999999995,0.05855
hja2016_042,hja2016_139,planktonic / sediment,across habitats,0.984,0.8586,0.540899999999998,0.41189999999999866,0.129,0.129
hja2016_043,hja2016_139,hyporheic / sediment,across habitats,0.9186,0.6496,0.25754999999999967,0.20509999999999964,0.052450000000000004,0.05310000000000001
hja2016_049,hja2016_139,planktonic / sediment,across habitats,0.9845,0.8397,0.4172999999999984,0.324849999999999,0.09245,0.09245
hja2016_050,hja2016_139,hyporheic / sediment,across habitats,0.9016,0.6347,0.17225000000000007,0.15039999999999998,0.021850000000000005,0.023650000000000008
hja2016_052,hja2016_139,hyporheic / sediment,across habitats,0.9034,0.6062,0.19669999999999987,0.1776999999999999,0.019000000000000003,0.020850000000000004
hja2016_056,hja2016_139,hyporheic / sediment,across habitats,0.8952,0.6719,0.1600999999999999,0.1356,0.0245,0.027299999999999998
hja2016_057,hja2016_139,hyporheic / sediment,across habitats,0.9634,0.7787,0.40534999999999877,0.3347499999999992,0.07059999999999998,0.07274999999999998
hja2016_059,hja2016_139,planktonic / sediment,across habitats,0.8826,0.6489,0.14069999999999996,0.13124999999999992,0.00945,0.015550000000000003
hja2016_062,hja2016_139,hyporheic / sediment,across habitats,0.8728,0.6299,0.15195000000000006,0.13145000000000004,0.0205,0.02115
hja2016_064,hja2016_139,planktonic / sediment,across habitats,0.9226,0.6697,0.24739999999999984,0.20724999999999996,0.04014999999999999,0.040749999999999995
hja2016_099,hja2016_139,planktonic / sediment,across habitats,0.9692,0.7972,0.37024999999999875,0.2430499999999998,0.12719999999999998,0.12719999999999998
hja2016_100,hja2016_139,planktonic / sediment,across habitats,0.9841,0.8367,0.47649999999999876,0.35179999999999895,0.12470000000000003,0.12480000000000005
hja2016_101,hja2016_139,planktonic / sediment,across habitats,0.9707,0.7673,0.3241999999999991,0.23929999999999982,0.08490000000000002,0.08490000000000002
hja2016_102,hja2016_139,hyporheic / sediment,across habitats,0.9692,0.8068,0.37124999999999875,0.26049999999999945,0.11075000000000003,0.11085000000000005
hja2016_103,hja2016_139,planktonic / sediment,across habitats,0.9383,0.673,0.24104999999999951,0.1859499999999998,0.0551,0.0552
hja2016_105,hja2016_139,planktonic / sediment,across habitats,0.9712,0.8128,0.3704999999999987,0.26169999999999977,0.10880000000000002,0.10880000000000002
hja2016_106,hja2016_139,planktonic / sediment,across habitats,0.9898,0.8222,0.46299999999999886,0.3088999999999995,0.15409999999999996,0.15409999999999996
hja2016_107,hja2016_139,hyporheic / sediment,across habitats,0.9681,0.7777,0.3129499999999991,0.21109999999999987,0.10185000000000005,0.10195000000000004
hja2016_109,hja2016_139,planktonic / sediment,across habitats,0.971,0.7606,0.34689999999999915,0.25369999999999976,0.09320000000000002,0.09320000000000002
hja2016_110,hja2016_139,hyporheic / sediment,across habitats,0.9731,0.7655,0.3491999999999993,0.24829999999999977,0.10090000000000002,0.10090000000000002
hja2016_111,hja2016_139,planktonic / sediment,across habitats,0.9661,0.7825,0.3722499999999992,0.24899999999999978,0.12325000000000004,0.12325000000000004
hja2016_114,hja2016_139,planktonic / sediment,across habitats,0.9659,0.7692,0.32174999999999915,0.21735000000000002,0.10439999999999999,0.10439999999999999
hja2016_116,hja2016_139,planktonic / sediment,across habitats,0.9633,0.7779,0.3449999999999991,0.2396999999999999,0.10530000000000002,0.10530000000000002
hja2016_119,hja2016_139,planktonic / sediment,across habitats,0.9356,0.6576,0.22299999999999975,0.16439999999999988,0.058600000000000006,0.058600000000000006
hja2016_121,hja2016_139,hyporheic / sediment,across habitats,0.9897,0.8313,0.4876499999999987,0.3278499999999993,0.15980000000000005,0.15980000000000005
hja2016_122,hja2016_139,sediment / sediment,within habitat,0.5322,0.2463,0.017099999999999983,0.01654999999999998,5.5e-4,0.004450000000000001
hja2016_125,hja2016_139,sediment / sediment,within habitat,0.5298,0.2465,0.016999999999999994,0.015899999999999987,0.0011,0.004899999999999999
hja2016_164,hja2016_139,sediment / sediment,within habitat,0.6472,0.3373,0.023300000000000008,0.021450000000000004,0.0018499999999999999,0.0048000000000000004
hja2016_166,hja2016_139,sediment / sediment,within habitat,0.6821,0.4487,0.050850000000000055,0.037550000000000056,0.013300000000000003,0.014350000000000003
hja2016_167,hja2016_139,sediment / sediment,within habitat,0.7205,0.4071,0.03770000000000006,0.03065000000000002,0.007049999999999999,0.010000000000000002
hja2016_169,hja2016_139,sediment / sediment,within habitat,0.7181,0.4136,0.03580000000000007,0.03045000000000004,0.00535,0.0072499999999999995
hja2016_170,hja2016_139,sediment / sediment,within habitat,0.5083,0.3111,0.016449999999999985,0.016149999999999984,3e-4,0.0031999999999999997
hja2016_177,hja2016_139,sediment / sediment,within habitat,0.6737,0.3185,0.02670000000000001,0.025800000000000003,9e-4,0.0036499999999999996
hja2016_179,hja2016_139,sediment / sediment,within habitat,0.6385,0.2926,0.028500000000000036,0.02530000000000003,0.0031999999999999997,0.0065499999999999985
hja2016_180,hja2016_139,sediment / sediment,within habitat,0.6715,0.4448,0.04455000000000005,0.033300000000000045,0.011250000000000001,0.013150000000000004
hja2016_181,hja2016_139,sediment / sediment,within habitat,0.5139,0.32,0.014749999999999985,0.01439999999999999,3.5e-4,0.004300000000000001
hja2016_193,hja2016_139,sediment / soil,across habitats,0.9326,0.7257,0.2102999999999997,0.1420499999999999,0.06824999999999999,0.06899999999999999
hja2016_194,hja2016_139,sediment / soil,across habitats,0.5942,0.3298,0.022050000000000014,0.021650000000000016,4e-4,0.0011500000000000002
hja2016_195,hja2016_139,sediment / soil,across habitats,0.8611,0.6123,0.10794999999999993,0.08209999999999999,0.025849999999999995,0.026299999999999994
hja2016_196,hja2016_139,sediment / soil,across habitats,0.7186,0.4364,0.03535000000000004,0.03085000000000004,0.0045000000000000005,0.0049
hja2016_197,hja2016_139,sediment / soil,across habitats,0.9264,0.6793,0.1648999999999997,0.12984999999999985,0.035050000000000005,0.035250000000000004
hja2016_198,hja2016_139,sediment / soil,across habitats,0.766,0.4618,0.05990000000000014,0.04440000000000009,0.015500000000000003,0.015750000000000004
hja2016_199,hja2016_139,sediment / soil,across habitats,0.8425,0.5828,0.11844999999999989,0.0822,0.03625,0.036399999999999995
hja2016_200,hja2016_139,sediment / soil,across habitats,0.7223,0.4345,0.05850000000000006,0.04220000000000004,0.0163,0.01675
hja2016_141,hja2016_140,sediment / sediment,within habitat,0.3839,0.1793,0.013099999999999987,0.012449999999999987,6.5e-4,0.0041
hja2016_142,hja2016_140,sediment / sediment,within habitat,0.628,0.2994,0.027350000000000034,0.02510000000000003,0.00225,0.0038
hja2016_144,hja2016_140,sediment / sediment,within habitat,0.6619,0.3355,0.03585000000000004,0.03195000000000003,0.0038999999999999994,0.004699999999999999
hja2016_145,hja2016_140,sediment / sediment,within habitat,0.5504,0.257,0.02095000000000001,0.01695,0.004,0.008100000000000001
hja2016_146,hja2016_140,sediment / sediment,within habitat,0.37,0.1698,0.00999999999999999,0.00949999999999999,5e-4,0.005149999999999999
hja2016_147,hja2016_140,sediment / sediment,within habitat,0.6965,0.3656,0.03450000000000003,0.027900000000000015,0.006600000000000001,0.007449999999999999
hja2016_148,hja2016_140,sediment / sediment,within habitat,0.6365,0.2805,0.02465,0.02059999999999999,0.004050000000000001,0.00515
hja2016_150,hja2016_140,sediment / sediment,within habitat,0.4453,0.1893,0.01634999999999999,0.013199999999999983,0.00315,0.007149999999999999
hja2016_151,hja2016_140,sediment / sediment,within habitat,0.7082,0.3759,0.04105000000000006,0.03430000000000006,0.00675,0.00695
hja2016_152,hja2016_140,sediment / sediment,within habitat,0.501,0.2788,0.01569999999999999,0.014849999999999988,8.500000000000001e-4,0.0031000000000000003
hja2016_155,hja2016_140,sediment / sediment,within habitat,0.6398,0.2756,0.02375000000000001,0.018249999999999995,0.0055,0.006850000000000001
hja2016_157,hja2016_140,sediment / sediment,within habitat,0.6307,0.2948,0.01945,0.018149999999999996,0.0013000000000000002,0.003499999999999999
hja2016_159,hja2016_140,sediment / sediment,within habitat,0.5607,0.2428,0.020500000000000004,0.01825,0.00225,0.0042000000000000015
hja2016_160,hja2016_140,sediment / sediment,within habitat,0.7296,0.4538,0.06020000000000012,0.04665000000000012,0.01355,0.01655
hja2016_183,hja2016_140,sediment / soil,across habitats,0.8637,0.5679,0.10500000000000005,0.08350000000000003,0.021499999999999995,0.02235
hja2016_184,hja2016_140,sediment / soil,across habitats,0.8777,0.598,0.09785000000000003,0.08075000000000006,0.017099999999999997,0.018699999999999998
hja2016_185,hja2016_140,sediment / soil,across habitats,0.8841,0.6741,0.1747499999999999,0.13204999999999986,0.0427,0.04535
hja2016_188,hja2016_140,sediment / soil,across habitats,0.9721,0.8629,0.38489999999999935,0.28474999999999956,0.10015000000000003,0.10165000000000003
hja2016_189,hja2016_140,sediment / soil,across habitats,0.9554,0.809,0.3019999999999995,0.2123499999999999,0.08965000000000005,0.09000000000000005
hja2016_190,hja2016_140,sediment / soil,across habitats,0.8678,0.618,0.12994999999999995,0.08985000000000007,0.040100000000000004,0.0403
hja2016_191,hja2016_140,sediment / soil,across habitats,0.9508,0.8096,0.3326999999999995,0.26034999999999986,0.07235000000000003,0.07405000000000003
hja2016_031,hja2016_140,hyporheic / sediment,across habitats,0.9662,0.7876,0.46514999999999906,0.3264999999999994,0.13864999999999997,0.13864999999999997
hja2016_032,hja2016_140,hyporheic / sediment,across habitats,0.9479,0.6998,0.34259999999999946,0.26694999999999985,0.07565000000000002,0.07850000000000004
hja2016_035,hja2016_140,hyporheic / sediment,across habitats,0.9727,0.7879,0.4470999999999994,0.34299999999999964,0.10410000000000004,0.10410000000000004
hja2016_037,hja2016_140,hyporheic / sediment,across habitats,0.9536,0.7056,0.38094999999999934,0.31464999999999954,0.0663,0.0665
hja2016_042,hja2016_140,planktonic / sediment,across habitats,0.9776,0.8444,0.5452999999999986,0.4352499999999992,0.11005000000000006,0.11005000000000006
hja2016_043,hja2016_140,hyporheic / sediment,across habitats,0.916,0.6245,0.2538999999999998,0.19329999999999983,0.0606,0.0606
hja2016_049,hja2016_140,planktonic / sediment,across habitats,0.9798,0.8333,0.40904999999999897,0.32679999999999926,0.08225000000000006,0.08225000000000006
hja2016_050,hja2016_140,hyporheic / sediment,across habitats,0.9191,0.6407,0.19350000000000003,0.15484999999999996,0.03865,0.04015
hja2016_052,hja2016_140,hyporheic / sediment,across habitats,0.9151,0.6154,0.21100000000000013,0.17970000000000014,0.031299999999999994,0.03235
hja2016_056,hja2016_140,hyporheic / sediment,across habitats,0.9011,0.6786,0.17804999999999988,0.14814999999999987,0.029899999999999996,0.030349999999999995
hja2016_057,hja2016_140,hyporheic / sediment,across habitats,0.9654,0.7811,0.42379999999999934,0.3574499999999995,0.06634999999999999,0.06634999999999999
hja2016_059,hja2016_140,planktonic / sediment,across habitats,0.8919,0.6443,0.15939999999999976,0.14039999999999977,0.019000000000000003,0.021750000000000002
hja2016_062,hja2016_140,hyporheic / sediment,across habitats,0.8724,0.6218,0.13879999999999987,0.12155,0.01725,0.0181
hja2016_064,hja2016_140,planktonic / sediment,across habitats,0.9258,0.659,0.2461499999999999,0.20004999999999998,0.0461,0.0461
hja2016_099,hja2016_140,planktonic / sediment,across habitats,0.9812,0.8077,0.4251999999999992,0.2873999999999997,0.1378,0.1378
hja2016_100,hja2016_140,planktonic / sediment,across habitats,0.9888,0.844,0.49189999999999917,0.3583999999999992,0.1335,0.13360000000000002
hja2016_101,hja2016_140,planktonic / sediment,across habitats,0.9806,0.7711,0.3537499999999988,0.23609999999999978,0.11765000000000003,0.11765000000000003
hja2016_102,hja2016_140,hyporheic / sediment,across habitats,0.9812,0.8196,0.422249999999999,0.2798499999999995,0.14240000000000003,0.14240000000000003
hja2016_103,hja2016_140,planktonic / sediment,across habitats,0.9574,0.6977,0.28664999999999924,0.21539999999999973,0.07125000000000002,0.07125000000000002
hja2016_105,hja2016_140,planktonic / sediment,across habitats,0.9805,0.8255,0.42664999999999903,0.2844499999999996,0.14220000000000002,0.14220000000000002
hja2016_106,hja2016_140,planktonic / sediment,across habitats,0.9913,0.8209,0.4616999999999992,0.3261499999999994,0.13555,0.13555
hja2016_107,hja2016_140,hyporheic / sediment,across habitats,0.9791,0.7926,0.3619499999999993,0.23714999999999983,0.12480000000000001,0.12480000000000001
hja2016_109,hja2016_140,planktonic / sediment,across habitats,0.9792,0.7671,0.36879999999999924,0.2717499999999995,0.09705000000000001,0.09705000000000001
hja2016_110,hja2016_140,hyporheic / sediment,across habitats,0.9816,0.7742,0.396949999999999,0.2960499999999995,0.10090000000000002,0.10090000000000002
hja2016_111,hja2016_140,planktonic / sediment,across habitats,0.976,0.7971,0.41039999999999915,0.27259999999999956,0.1378,0.138
hja2016_114,hja2016_140,planktonic / sediment,across habitats,0.9751,0.7759,0.3519999999999994,0.23944999999999975,0.11254999999999998,0.11254999999999998
hja2016_116,hja2016_140,planktonic / sediment,across habitats,0.976,0.7933,0.3919499999999991,0.2632999999999994,0.12865,0.12865
hja2016_119,hja2016_140,planktonic / sediment,across habitats,0.957,0.6854,0.26269999999999966,0.1855999999999999,0.07710000000000002,0.07710000000000002
hja2016_121,hja2016_140,hyporheic / sediment,across habitats,0.992,0.829,0.49214999999999903,0.35609999999999914,0.13605000000000006,0.13605000000000006
hja2016_122,hja2016_140,sediment / sediment,within habitat,0.5683,0.2477,0.0189,0.01624999999999999,0.0026500000000000004,0.0053
hja2016_125,hja2016_140,sediment / sediment,within habitat,0.5557,0.2503,0.020600000000000007,0.016699999999999993,0.0039,0.0073999999999999995
hja2016_164,hja2016_140,sediment / sediment,within habitat,0.5398,0.2598,0.017399999999999992,0.01504999999999998,0.00235,0.0036000000000000008
hja2016_166,hja2016_140,sediment / sediment,within habitat,0.7333,0.4274,0.05030000000000006,0.03680000000000005,0.013500000000000002,0.014450000000000003
hja2016_167,hja2016_140,sediment / sediment,within habitat,0.7004,0.371,0.04170000000000006,0.03655000000000004,0.00515,0.0066
hja2016_169,hja2016_140,sediment / sediment,within habitat,0.7036,0.3814,0.04105000000000004,0.030350000000000026,0.0107,0.01095
hja2016_170,hja2016_140,sediment / sediment,within habitat,0.6746,0.3343,0.02165000000000001,0.01819999999999999,0.00345,0.00435
hja2016_177,hja2016_140,sediment / sediment,within habitat,0.6596,0.3215,0.024400000000000005,0.022400000000000003,0.002,0.003649999999999999
hja2016_179,hja2016_140,sediment / sediment,within habitat,0.3614,0.1521,0.01104999999999999,0.01029999999999999,7.500000000000001e-4,0.006599999999999998
hja2016_180,hja2016_140,sediment / sediment,within habitat,0.7174,0.4289,0.042900000000000105,0.03195000000000009,0.01095,0.0112
hja2016_181,hja2016_140,sediment / sediment,within habitat,0.6721,0.3222,0.02010000000000001,0.016750000000000004,0.00335,0.00445
hja2016_193,hja2016_140,sediment / soil,across habitats,0.9352,0.7451,0.2224999999999999,0.1546999999999999,0.06780000000000003,0.06780000000000003
hja2016_194,hja2016_140,sediment / soil,across habitats,0.7225,0.4004,0.04105000000000006,0.03525000000000005,0.0058000000000000005,0.006700000000000001
hja2016_195,hja2016_140,sediment / soil,across habitats,0.9028,0.6526,0.13129999999999983,0.09729999999999993,0.034,0.0342
hja2016_196,hja2016_140,sediment / soil,across habitats,0.7799,0.4505,0.05190000000000006,0.04230000000000006,0.009600000000000001,0.010050000000000002
hja2016_197,hja2016_140,sediment / soil,across habitats,0.9375,0.6888,0.18289999999999992,0.13969999999999982,0.04319999999999999,0.04339999999999999
hja2016_198,hja2016_140,sediment / soil,across habitats,0.8189,0.4964,0.07400000000000005,0.051850000000000104,0.022149999999999993,0.022249999999999992
hja2016_199,hja2016_140,sediment / soil,across habitats,0.8718,0.5987,0.1361499999999998,0.09025000000000002,0.04590000000000001,0.04665000000000001
hja2016_200,hja2016_140,sediment / soil,across habitats,0.8168,0.5118,0.07600000000000003,0.06200000000000009,0.014,0.014700000000000003
hja2016_142,hja2016_141,sediment / sediment,within habitat,0.6075,0.2657,0.02805000000000005,0.02560000000000004,0.0024499999999999995,0.005150000000000001
hja2016_144,hja2016_141,sediment / sediment,within habitat,0.6479,0.3139,0.03225000000000004,0.02885000000000004,0.0034,0.0040999999999999995
hja2016_145,hja2016_141,sediment / sediment,within habitat,0.5665,0.291,0.02295000000000004,0.02020000000000001,0.00275,0.0056
hja2016_146,hja2016_141,sediment / sediment,within habitat,0.413,0.2283,0.014649999999999977,0.013999999999999978,6.5e-4,0.0050999999999999995
hja2016_147,hja2016_141,sediment / sediment,within habitat,0.7156,0.4128,0.03620000000000005,0.02870000000000005,0.007500000000000001,0.007949999999999999
hja2016_148,hja2016_141,sediment / sediment,within habitat,0.6368,0.2857,0.026200000000000005,0.02190000000000001,0.0043,0.0053
hja2016_150,hja2016_141,sediment / sediment,within habitat,0.4653,0.2217,0.0185,0.015849999999999986,0.0026500000000000004,0.005299999999999999
hja2016_151,hja2016_141,sediment / sediment,within habitat,0.7232,0.4212,0.04155000000000007,0.033400000000000055,0.008150000000000001,0.008600000000000002
hja2016_152,hja2016_141,sediment / sediment,within habitat,0.5223,0.3031,0.02215000000000004,0.020900000000000033,0.00125,0.00375
hja2016_155,hja2016_141,sediment / sediment,within habitat,0.6411,0.2827,0.026699999999999998,0.021800000000000003,0.0049,0.00585
hja2016_157,hja2016_141,sediment / sediment,within habitat,0.6685,0.3472,0.029550000000000024,0.02815000000000002,0.0014,0.0032499999999999994
hja2016_159,hja2016_141,sediment / sediment,within habitat,0.562,0.2334,0.02325000000000002,0.020700000000000007,0.0025499999999999997,0.00505
hja2016_160,hja2016_141,sediment / sediment,within habitat,0.7769,0.523,0.07570000000000002,0.05855000000000011,0.01715,0.018999999999999996
hja2016_183,hja2016_141,sediment / soil,across habitats,0.8521,0.5513,0.08355000000000007,0.07285000000000001,0.010700000000000001,0.01165
hja2016_184,hja2016_141,sediment / soil,across habitats,0.8646,0.5843,0.08815000000000003,0.07700000000000001,0.011150000000000002,0.011649999999999999
hja2016_185,hja2016_141,sediment / soil,across habitats,0.8751,0.6581,0.13669999999999977,0.10635000000000001,0.03035,0.03145
hja2016_188,hja2016_141,sediment / soil,across habitats,0.9656,0.8518,0.381349999999999,0.2831999999999996,0.098150000000000015,0.09835000000000002
hja2016_189,hja2016_141,sediment / soil,across habitats,0.9523,0.8064,0.29659999999999964,0.2156499999999996,0.08095000000000001,0.08155
hja2016_190,hja2016_141,sediment / soil,across habitats,0.8612,0.6138,0.11059999999999996,0.08350000000000005,0.027100000000000003,0.027700000000000002
hja2016_191,hja2016_141,sediment / soil,across habitats,0.9459,0.8037,0.29209999999999964,0.22664999999999977,0.06545,0.06559999999999999
hja2016_031,hja2016_141,hyporheic / sediment,across habitats,0.9678,0.8125,0.5134499999999986,0.377699999999999,0.13575,0.14095
hja2016_032,hja2016_141,hyporheic / sediment,across habitats,0.9545,0.7306,0.3704499999999989,0.28679999999999967,0.08365,0.08365
hja2016_035,hja2016_141,hyporheic / sediment,across habitats,0.9716,0.7965,0.46259999999999885,0.3627499999999993,0.09985000000000002,0.10020000000000004
hja2016_037,hja2016_141,hyporheic / sediment,across habitats,0.9524,0.7059,0.3874499999999992,0.33419999999999966,0.053250000000000006,0.053250000000000006
hja2016_042,hja2016_141,planktonic / sediment,across habitats,0.9846,0.871,0.594299999999998,0.4896999999999991,0.10460000000000003,0.10530000000000003
hja2016_043,hja2016_141,hyporheic / sediment,across habitats,0.9189,0.6571,0.2997499999999996,0.25164999999999965,0.0481,0.0501
hja2016_049,hja2016_141,planktonic / sediment,across habitats,0.9859,0.8539,0.4686499999999988,0.3662499999999989,0.10239999999999999,0.10239999999999999
hja2016_050,hja2016_141,hyporheic / sediment,across habitats,0.9306,0.6633,0.2619499999999996,0.2320499999999997,0.029899999999999996,0.029899999999999996
hja2016_052,hja2016_141,hyporheic / sediment,across habitats,0.9112,0.6299,0.2191499999999997,0.1903999999999998,0.02875,0.02875
hja2016_056,hja2016_141,hyporheic / sediment,across habitats,0.9043,0.684,0.36674999999999836,0.34309999999999863,0.023650000000000004,0.024650000000000002
hja2016_057,hja2016_141,hyporheic / sediment,across habitats,0.9664,0.8028,0.48649999999999866,0.4181999999999991,0.06829999999999999,0.06904999999999999
hja2016_059,hja2016_141,planktonic / sediment,across habitats,0.8989,0.6722,0.19894999999999968,0.1782999999999997,0.020649999999999998,0.025849999999999998
hja2016_062,hja2016_141,hyporheic / sediment,across habitats,0.8846,0.6454,0.2807999999999994,0.26084999999999936,0.019949999999999996,0.020399999999999998
hja2016_064,hja2016_141,planktonic / sediment,across habitats,0.9397,0.6994,0.28785,0.24069999999999994,0.047150000000000004,0.0488
hja2016_099,hja2016_141,planktonic / sediment,across habitats,0.9784,0.8143,0.4280499999999988,0.29189999999999966,0.13614999999999997,0.13614999999999997
hja2016_100,hja2016_141,planktonic / sediment,across habitats,0.9869,0.8458,0.5127999999999985,0.3704499999999989,0.14235000000000006,0.14255000000000007
hja2016_101,hja2016_141,planktonic / sediment,across habitats,0.9798,0.7848,0.36764999999999903,0.25579999999999947,0.11185,0.11185
hja2016_102,hja2016_141,hyporheic / sediment,across habitats,0.9785,0.8269,0.4384999999999986,0.2909499999999995,0.14755000000000001,0.14755000000000001
hja2016_103,hja2016_141,planktonic / sediment,across habitats,0.9591,0.7089,0.29444999999999916,0.22914999999999974,0.0653,0.06615
hja2016_105,hja2016_141,planktonic / sediment,across habitats,0.9788,0.8292,0.43264999999999876,0.29274999999999934,0.13989999999999997,0.14009999999999997
hja2016_106,hja2016_141,planktonic / sediment,across habitats,0.9918,0.8347,0.48584999999999867,0.362199999999999,0.12365000000000001,0.12365000000000001
hja2016_107,hja2016_141,hyporheic / sediment,across habitats,0.9771,0.7945,0.37389999999999923,0.2502999999999997,0.12360000000000002,0.12360000000000002
hja2016_109,hja2016_141,planktonic / sediment,across habitats,0.9789,0.7775,0.3882999999999989,0.2957499999999997,0.09255000000000001,0.09255000000000001
hja2016_110,hja2016_141,hyporheic / sediment,across habitats,0.9812,0.7818,0.40724999999999895,0.2969999999999995,0.11025,0.11025
hja2016_111,hja2016_141,planktonic / sediment,across habitats,0.9743,0.8018,0.41969999999999885,0.27624999999999955,0.14345000000000005,0.14345000000000005
hja2016_114,hja2016_141,planktonic / sediment,across habitats,0.9752,0.7883,0.3620499999999991,0.25099999999999983,0.11104999999999997,0.11104999999999997
hja2016_116,hja2016_141,planktonic / sediment,across habitats,0.9738,0.7965,0.4002999999999992,0.27549999999999947,0.12480000000000002,0.12495000000000002
hja2016_119,hja2016_141,planktonic / sediment,across habitats,0.9576,0.693,0.2709999999999997,0.19119999999999981,0.0798,0.07995
hja2016_121,hja2016_141,hyporheic / sediment,across habitats,0.9928,0.8409,0.5088999999999985,0.3892499999999987,0.11965,0.11965
hja2016_122,hja2016_141,sediment / sediment,within habitat,0.5774,0.2529,0.02390000000000003,0.018800000000000004,0.0051,0.007350000000000001
hja2016_125,hja2016_141,sediment / sediment,within habitat,0.5638,0.2437,0.021900000000000017,0.019700000000000016,0.0022,0.00475
hja2016_164,hja2016_141,sediment / sediment,within habitat,0.5274,0.2444,0.01629999999999999,0.014449999999999982,0.00185,0.00505
hja2016_166,hja2016_141,sediment / sediment,within habitat,0.7807,0.4955,0.06565000000000008,0.05025000000000011,0.015400000000000002,0.016700000000000003
hja2016_167,hja2016_141,sediment / sediment,within habitat,0.7202,0.4138,0.04280000000000007,0.03410000000000005,0.008700000000000001,0.011149999999999998
hja2016_169,hja2016_141,sediment / sediment,within habitat,0.7235,0.4257,0.04075000000000006,0.029500000000000044,0.01125,0.01405
hja2016_170,hja2016_141,sediment / sediment,within habitat,0.707,0.3857,0.03230000000000006,0.028750000000000043,0.00355,0.00575
hja2016_177,hja2016_141,sediment / sediment,within habitat,0.6524,0.3361,0.021599999999999998,0.019749999999999997,0.00185,0.0047
hja2016_179,hja2016_141,sediment / sediment,within habitat,0.4041,0.215,0.016749999999999984,0.015999999999999983,7.5e-4,0.00475
hja2016_180,hja2016_141,sediment / sediment,within habitat,0.7625,0.4945,0.06070000000000014,0.04820000000000013,0.012499999999999999,0.01345
hja2016_181,hja2016_141,sediment / sediment,within habitat,0.704,0.3765,0.03035000000000003,0.028750000000000022,0.0016,0.00295
hja2016_193,hja2016_141,sediment / soil,across habitats,0.9363,0.7504,0.21494999999999975,0.15434999999999965,0.06059999999999997,0.06149999999999997
hja2016_194,hja2016_141,sediment / soil,across habitats,0.7077,0.3944,0.03210000000000005,0.029800000000000028,0.0023,0.0032499999999999994
hja2016_195,hja2016_141,sediment / soil,across habitats,0.8928,0.6465,0.10764999999999991,0.08625000000000002,0.021400000000000002,0.021949999999999997
hja2016_196,hja2016_141,sediment / soil,across habitats,0.781,0.468,0.05095000000000006,0.037700000000000074,0.01325,0.01325
hja2016_197,hja2016_141,sediment / soil,across habitats,0.9374,0.7029,0.18379999999999974,0.1515999999999998,0.03220000000000001,0.033900000000000013
hja2016_198,hja2016_141,sediment / soil,across habitats,0.8158,0.4923,0.0646000000000001,0.05240000000000013,0.012199999999999999,0.01235
hja2016_199,hja2016_141,sediment / soil,across habitats,0.8688,0.6066,0.12934999999999983,0.0929,0.03644999999999999,0.03679999999999999
hja2016_200,hja2016_141,sediment / soil,across habitats,0.7987,0.5036,0.06450000000000006,0.05855000000000008,0.00595,0.0063
hja2016_144,hja2016_142,sediment / sediment,within habitat,0.5336,0.225,0.022800000000000018,0.02180000000000001,0.001,0.0025
hja2016_145,hja2016_142,sediment / sediment,within habitat,0.5968,0.2872,0.023000000000000013,0.020800000000000006,0.0022,0.0036
hja2016_146,hja2016_142,sediment / sediment,within habitat,0.6448,0.321,0.02765000000000003,0.02515000000000002,0.0024999999999999996,0.005450000000000001
hja2016_147,hja2016_142,sediment / sediment,within habitat,0.7778,0.4622,0.05080000000000005,0.03555000000000004,0.015250000000000001,0.015700000000000002
hja2016_148,hja2016_142,sediment / sediment,within habitat,0.6084,0.286,0.02910000000000004,0.026850000000000027,0.00225,0.0044
hja2016_150,hja2016_142,sediment / sediment,within habitat,0.5783,0.2816,0.022050000000000014,0.02005000000000001,0.002,0.0049499999999999995
hja2016_151,hja2016_142,sediment / sediment,within habitat,0.7863,0.4665,0.05695000000000006,0.041650000000000055,0.015300000000000001,0.016
hja2016_152,hja2016_142,sediment / sediment,within habitat,0.6245,0.3643,0.03025000000000005,0.02810000000000005,0.00215,0.005200000000000001
hja2016_155,hja2016_142,sediment / sediment,within habitat,0.6114,0.2866,0.023350000000000017,0.020600000000000014,0.00275,0.00345
hja2016_157,hja2016_142,sediment / sediment,within habitat,0.717,0.4083,0.029700000000000032,0.02665000000000002,0.0030499999999999998,0.0045
hja2016_159,hja2016_142,sediment / sediment,within habitat,0.5292,0.233,0.02100000000000002,0.019250000000000017,0.00175,0.006400000000000001
hja2016_160,hja2016_142,sediment / sediment,within habitat,0.8147,0.5895,0.08649999999999994,0.06685000000000008,0.01965,0.02135
hja2016_183,hja2016_142,sediment / soil,across habitats,0.838,0.5279,0.07345000000000002,0.059750000000000074,0.013700000000000004,0.014650000000000005
hja2016_184,hja2016_142,sediment / soil,across habitats,0.8665,0.5758,0.10005,0.08030000000000001,0.019749999999999997,0.021349999999999994
hja2016_185,hja2016_142,sediment / soil,across habitats,0.884,0.637,0.13459999999999983,0.10649999999999996,0.028099999999999997,0.031099999999999996
hja2016_188,hja2016_142,sediment / soil,across habitats,0.9772,0.8518,0.418849999999999,0.28514999999999974,0.1337,0.13520000000000004
hja2016_189,hja2016_142,sediment / soil,across habitats,0.9621,0.8055,0.3216999999999997,0.20579999999999982,0.11590000000000002,0.11610000000000002
hja2016_190,hja2016_142,sediment / soil,across habitats,0.8755,0.6214,0.1293999999999999,0.09514999999999996,0.034249999999999996,0.03625
hja2016_191,hja2016_142,sediment / soil,across habitats,0.9567,0.7957,0.3233499999999995,0.25069999999999976,0.07265000000000002,0.07275000000000002
hja2016_031,hja2016_142,hyporheic / sediment,across habitats,0.9745,0.7983,0.46769999999999834,0.30524999999999936,0.16245000000000004,0.16670000000000004
hja2016_032,hja2016_142,hyporheic / sediment,across habitats,0.9511,0.7177,0.33989999999999915,0.24759999999999988,0.09230000000000001,0.09295000000000002
hja2016_035,hja2016_142,hyporheic / sediment,across habitats,0.9687,0.7655,0.36474999999999946,0.28619999999999995,0.07855,0.07855
hja2016_037,hja2016_142,hyporheic / sediment,across habitats,0.9433,0.6852,0.3318999999999994,0.2527999999999997,0.07910000000000002,0.07965000000000001
hja2016_042,hja2016_142,planktonic / sediment,across habitats,0.9853,0.855,0.5335499999999981,0.3953499999999991,0.13820000000000002,0.13820000000000002
hja2016_043,hja2016_142,hyporheic / sediment,across habitats,0.9297,0.6787,0.2855999999999998,0.20904999999999974,0.07655000000000002,0.07930000000000002
hja2016_049,hja2016_142,planktonic / sediment,across habitats,0.9877,0.8604,0.4500999999999986,0.32584999999999903,0.12425000000000005,0.12425000000000005
hja2016_050,hja2016_142,hyporheic / sediment,across habitats,0.92490000000000006,0.6431,0.1858499999999999,0.14579999999999999,0.04005,0.041499999999999995
hja2016_052,hja2016_142,hyporheic / sediment,across habitats,0.9042,0.5776,0.17845,0.16035,0.018100000000000005,0.018100000000000005
hja2016_056,hja2016_142,hyporheic / sediment,across habitats,0.8917,0.6478,0.14469999999999994,0.12544999999999995,0.019249999999999996,0.019950000000000002
hja2016_057,hja2016_142,hyporheic / sediment,across habitats,0.971,0.7966,0.3957499999999991,0.31999999999999923,0.07575,0.07575
hja2016_059,hja2016_142,planktonic / sediment,across habitats,0.9052,0.6805,0.1709999999999998,0.14879999999999982,0.0222,0.0282
hja2016_062,hja2016_142,hyporheic / sediment,across habitats,0.8945,0.6356,0.1430999999999999,0.1191,0.024,0.024
hja2016_064,hja2016_142,planktonic / sediment,across habitats,0.941,0.6958,0.3087499999999994,0.2447999999999997,0.06394999999999997,0.06874999999999996
hja2016_099,hja2016_142,planktonic / sediment,across habitats,0.9774,0.7938,0.36754999999999943,0.25675000000000003,0.11079999999999995,0.11079999999999995
hja2016_100,hja2016_142,planktonic / sediment,across habitats,0.98740000000000006,0.8311,0.4648999999999992,0.34669999999999934,0.11820000000000001,0.11820000000000001
hja2016_101,hja2016_142,planktonic / sediment,across habitats,0.98,0.7675,0.3266499999999993,0.24350000000000002,0.08315,0.08315
hja2016_102,hja2016_142,hyporheic / sediment,across habitats,0.9789,0.8011,0.36219999999999924,0.26094999999999974,0.10124999999999999,0.10124999999999999
hja2016_103,hja2016_142,planktonic / sediment,across habitats,0.9534,0.6757,0.24544999999999986,0.19869999999999974,0.046749999999999986,0.046749999999999986
hja2016_105,hja2016_142,planktonic / sediment,across habitats,0.978,0.8036,0.3709999999999993,0.27044999999999986,0.10055000000000003,0.10055000000000003
hja2016_106,hja2016_142,planktonic / sediment,across habitats,0.9918,0.8147,0.4593999999999988,0.3173999999999992,0.142,0.142
hja2016_107,hja2016_142,hyporheic / sediment,across habitats,0.9774,0.772,0.3069499999999993,0.21109999999999987,0.09585000000000002,0.09585000000000002
hja2016_109,hja2016_142,planktonic / sediment,across habitats,0.977,0.7539,0.34424999999999956,0.2533000000000001,0.09094999999999999,0.09094999999999999
hja2016_110,hja2016_142,hyporheic / sediment,across habitats,0.9788,0.7583,0.34959999999999947,0.26709999999999995,0.08249999999999999,0.08249999999999999
hja2016_111,hja2016_142,planktonic / sediment,across habitats,0.9738,0.779,0.36769999999999975,0.2576999999999997,0.11,0.11010000000000002
hja2016_114,hja2016_142,planktonic / sediment,across habitats,0.975,0.7672,0.32624999999999943,0.23500000000000001,0.09124999999999997,0.09124999999999997
hja2016_116,hja2016_142,planktonic / sediment,across habitats,0.9712,0.7762,0.3426999999999993,0.23709999999999992,0.10560000000000001,0.10560000000000001
hja2016_119,hja2016_142,planktonic / sediment,across habitats,0.9533,0.6562,0.21819999999999992,0.16639999999999988,0.051799999999999985,0.051799999999999985
hja2016_121,hja2016_142,hyporheic / sediment,across habitats,0.9925,0.8272,0.48614999999999847,0.3414499999999989,0.14470000000000008,0.14470000000000008
hja2016_122,hja2016_142,sediment / sediment,within habitat,0.5326,0.2253,0.02150000000000003,0.017700000000000014,0.0037999999999999996,0.006849999999999999
hja2016_125,hja2016_142,sediment / sediment,within habitat,0.5301,0.2302,0.02460000000000001,0.022800000000000004,0.0018,0.004349999999999999
hja2016_164,hja2016_142,sediment / sediment,within habitat,0.5983,0.3139,0.026050000000000035,0.02300000000000002,0.0030499999999999998,0.005949999999999999
hja2016_166,hja2016_142,sediment / sediment,within habitat,0.8176,0.5673,0.07869999999999998,0.061850000000000065,0.01685,0.01825
hja2016_167,hja2016_142,sediment / sediment,within habitat,0.7873,0.4652,0.05905000000000009,0.03950000000000004,0.019549999999999998,0.022
hja2016_169,hja2016_142,sediment / sediment,within habitat,0.7823,0.4699,0.053850000000000064,0.03850000000000006,0.01535,0.018
hja2016_170,hja2016_142,sediment / sediment,within habitat,0.723,0.4432,0.039250000000000056,0.03195000000000004,0.007299999999999999,0.009099999999999999
hja2016_177,hja2016_142,sediment / sediment,within habitat,0.718,0.36,0.02715000000000003,0.023250000000000017,0.0039,0.006699999999999999
hja2016_179,hja2016_142,sediment / sediment,within habitat,0.6304,0.3159,0.034400000000000056,0.02875000000000005,0.00565,0.007899999999999999
hja2016_180,hja2016_142,sediment / sediment,within habitat,0.8115,0.5752,0.07394999999999997,0.05740000000000007,0.016550000000000002,0.01795
hja2016_181,hja2016_142,sediment / sediment,within habitat,0.7195,0.4351,0.0378500000000001,0.03215000000000007,0.0057,0.0075
hja2016_193,hja2016_142,sediment / soil,across habitats,0.9515,0.7591,0.2575499999999998,0.16659999999999972,0.09095000000000004,0.09185000000000004
hja2016_194,hja2016_142,sediment / soil,across habitats,0.6795,0.3632,0.030900000000000052,0.02745000000000004,0.00345,0.00405
hja2016_195,hja2016_142,sediment / soil,across habitats,0.9039,0.6359,0.13029999999999983,0.09684999999999996,0.033449999999999994,0.03439999999999999
hja2016_196,hja2016_142,sediment / soil,across habitats,0.7952,0.4726,0.050000000000000024,0.03700000000000005,0.013000000000000001,0.013150000000000002
hja2016_197,hja2016_142,sediment / soil,across habitats,0.9514,0.7154,0.1971999999999998,0.14909999999999976,0.04809999999999999,0.048499999999999995
hja2016_198,hja2016_142,sediment / soil,across habitats,0.8246,0.4775,0.0534000000000001,0.04010000000000008,0.013300000000000003,0.013300000000000003
hja2016_199,hja2016_142,sediment / soil,across habitats,0.8844,0.6078,0.1442999999999998,0.08725000000000005,0.05705,0.057800000000000004
hja2016_200,hja2016_142,sediment / soil,across habitats,0.7971,0.4697,0.059300000000000096,0.047250000000000084,0.012050000000000003,0.012400000000000003
hja2016_145,hja2016_144,sediment / sediment,within habitat,0.6295,0.3241,0.029750000000000026,0.02725,0.0025,0.00405
hja2016_146,hja2016_144,sediment / sediment,within habitat,0.6795,0.3576,0.03395000000000005,0.03080000000000004,0.003149999999999999,0.004900000000000001
hja2016_147,hja2016_144,sediment / sediment,within habitat,0.8007,0.4903,0.05445000000000008,0.04240000000000006,0.012050000000000003,0.012400000000000003
hja2016_148,hja2016_144,sediment / sediment,within habitat,0.6499,0.3443,0.02860000000000003,0.026250000000000027,0.0023499999999999997,0.00395
hja2016_150,hja2016_144,sediment / sediment,within habitat,0.6133,0.3181,0.026500000000000034,0.024350000000000024,0.00215,0.0041
hja2016_151,hja2016_144,sediment / sediment,within habitat,0.8041,0.4927,0.06270000000000006,0.05190000000000007,0.0108,0.011300000000000001
hja2016_152,hja2016_144,sediment / sediment,within habitat,0.6686,0.4204,0.03610000000000004,0.032250000000000036,0.00385,0.0042
hja2016_155,hja2016_144,sediment / sediment,within habitat,0.6558,0.3462,0.028300000000000027,0.02550000000000002,0.0027999999999999995,0.0039499999999999995
hja2016_157,hja2016_144,sediment / sediment,within habitat,0.7497,0.4481,0.035100000000000034,0.032900000000000026,0.0021999999999999997,0.0032500000000000003
hja2016_159,hja2016_144,sediment / sediment,within habitat,0.5623,0.2756,0.02430000000000002,0.02270000000000001,0.0015999999999999999,0.00425
hja2016_160,hja2016_144,sediment / sediment,within habitat,0.8418,0.6188,0.09799999999999998,0.07865000000000012,0.019350000000000006,0.021050000000000003
hja2016_183,hja2016_144,sediment / soil,across habitats,0.8412,0.5524,0.07095000000000008,0.060000000000000074,0.010950000000000003,0.012200000000000004
hja2016_184,hja2016_144,sediment / soil,across habitats,0.863,0.5809,0.083800000000000055,0.07240000000000008,0.011399999999999999,0.012950000000000001
hja2016_185,hja2016_144,sediment / soil,across habitats,0.8727,0.6523,0.1399999999999999,0.11155000000000005,0.028449999999999996,0.029699999999999997
hja2016_188,hja2016_144,sediment / soil,across habitats,0.9742,0.85,0.4152999999999987,0.28444999999999976,0.13085000000000005,0.13085000000000005
hja2016_189,hja2016_144,sediment / soil,across habitats,0.9604,0.7962,0.30779999999999946,0.20509999999999987,0.10269999999999999,0.10314999999999999
hja2016_190,hja2016_144,sediment / soil,across habitats,0.8762,0.6309,0.13044999999999998,0.10715000000000008,0.0233,0.02485
hja2016_191,hja2016_144,sediment / soil,across habitats,0.9522,0.8008,0.3321999999999995,0.2688999999999998,0.06330000000000001,0.06369999999999999
hja2016_031,hja2016_144,hyporheic / sediment,across habitats,0.9627,0.7962,0.48229999999999856,0.34434999999999905,0.1379500000000001,0.1431500000000001
hja2016_032,hja2016_144,hyporheic / sediment,across habitats,0.9489,0.7346,0.3574999999999989,0.2740999999999998,0.08340000000000002,0.08470000000000001
hja2016_035,hja2016_144,hyporheic / sediment,across habitats,0.9548,0.7429,0.34454999999999936,0.27470000000000006,0.06985,0.06985
hja2016_037,hja2016_144,hyporheic / sediment,across habitats,0.926,0.659,0.32989999999999914,0.2803999999999998,0.04949999999999999,0.04959999999999999
hja2016_042,hja2016_144,planktonic / sediment,across habitats,0.9806,0.8635,0.5603999999999975,0.439399999999999,0.12100000000000004,0.12100000000000004
hja2016_043,hja2016_144,hyporheic / sediment,across habitats,0.9282,0.6959,0.2900999999999997,0.21654999999999974,0.07355000000000002,0.07580000000000002
hja2016_049,hja2016_144,planktonic / sediment,across habitats,0.9901,0.8898,0.49814999999999837,0.39684999999999887,0.10130000000000006,0.10800000000000007
hja2016_050,hja2016_144,hyporheic / sediment,across habitats,0.9326,0.6621,0.18340000000000004,0.14629999999999996,0.037099999999999994,0.037099999999999994
hja2016_052,hja2016_144,hyporheic / sediment,across habitats,0.8838,0.572,0.17514999999999994,0.15374999999999991,0.021400000000000002,0.022650000000000003
hja2016_056,hja2016_144,hyporheic / sediment,across habitats,0.8797,0.6461,0.13244999999999993,0.11429999999999998,0.018150000000000003,0.022350000000000002
hja2016_057,hja2016_144,hyporheic / sediment,across habitats,0.9642,0.7988,0.400599999999999,0.32739999999999925,0.07319999999999997,0.07619999999999998
hja2016_059,hja2016_144,planktonic / sediment,across habitats,0.9119,0.675,0.1890499999999998,0.16734999999999978,0.021700000000000004,0.024900000000000005
hja2016_062,hja2016_144,hyporheic / sediment,across habitats,0.8923,0.6455,0.14649999999999994,0.12405000000000001,0.022449999999999998,0.022849999999999995
hja2016_064,hja2016_144,planktonic / sediment,across habitats,0.9422,0.7195,0.30359999999999926,0.23674999999999968,0.06684999999999999,0.07135000000000001
hja2016_099,hja2016_144,planktonic / sediment,across habitats,0.9799,0.7889,0.341249999999999,0.2350499999999999,0.10619999999999997,0.10619999999999997
hja2016_100,hja2016_144,planktonic / sediment,across habitats,0.9893,0.8408,0.4617999999999984,0.33929999999999877,0.12250000000000001,0.12250000000000001
hja2016_101,hja2016_144,planktonic / sediment,across habitats,0.9797,0.7693,0.3200499999999989,0.2279999999999997,0.09205,0.09205
hja2016_102,hja2016_144,hyporheic / sediment,across habitats,0.978,0.7988,0.3316999999999989,0.23504999999999995,0.09665000000000001,0.0968
hja2016_103,hja2016_144,planktonic / sediment,across habitats,0.9527,0.6918,0.23309999999999995,0.18370000000000006,0.049399999999999986,0.04969999999999999
hja2016_105,hja2016_144,planktonic / sediment,across habitats,0.9793,0.8064,0.3387999999999989,0.24614999999999992,0.09264999999999998,0.09275
hja2016_106,hja2016_144,planktonic / sediment,across habitats,0.9934,0.8187,0.4697499999999984,0.33279999999999893,0.13695000000000007,0.13695000000000007
hja2016_107,hja2016_144,hyporheic / sediment,across habitats,0.9782,0.7723,0.2874499999999993,0.1965499999999999,0.09089999999999998,0.09089999999999998
hja2016_109,hja2016_144,planktonic / sediment,across habitats,0.9767,0.754,0.3264499999999989,0.24109999999999995,0.08535000000000001,0.08535000000000001
hja2016_110,hja2016_144,hyporheic / sediment,across habitats,0.9811,0.7546,0.3437999999999994,0.2541999999999998,0.08960000000000001,0.08960000000000001
hja2016_111,hja2016_144,planktonic / sediment,across habitats,0.9772,0.7849,0.3392499999999991,0.2288999999999996,0.11035000000000002,0.11035000000000002
hja2016_114,hja2016_144,planktonic / sediment,across habitats,0.9761,0.7668,0.314049999999999,0.21810000000000007,0.09595,0.09595
hja2016_116,hja2016_144,planktonic / sediment,across habitats,0.9744,0.7749,0.31714999999999915,0.2122999999999999,0.10485000000000001,0.10485000000000001
hja2016_119,hja2016_144,planktonic / sediment,across habitats,0.9539,0.6737,0.20869999999999986,0.14865,0.060049999999999985,0.060049999999999985
hja2016_121,hja2016_144,hyporheic / sediment,across habitats,0.994,0.8297,0.4815999999999984,0.3490999999999988,0.13250000000000003,0.13250000000000003
hja2016_122,hja2016_144,sediment / sediment,within habitat,0.5708,0.2685,0.027300000000000033,0.02425000000000001,0.0030499999999999998,0.004449999999999999
hja2016_125,hja2016_144,sediment / sediment,within habitat,0.5632,0.2643,0.022800000000000004,0.0209,0.0018999999999999998,0.004
hja2016_164,hja2016_144,sediment / sediment,within habitat,0.6293,0.3508,0.03100000000000003,0.026950000000000033,0.00405,0.00455
hja2016_166,hja2016_144,sediment / sediment,within habitat,0.8436,0.59,0.08830000000000006,0.07080000000000009,0.0175,0.0182
hja2016_167,hja2016_144,sediment / sediment,within habitat,0.8062,0.495,0.06305000000000005,0.051300000000000075,0.011750000000000003,0.012600000000000004
hja2016_169,hja2016_144,sediment / sediment,within habitat,0.802,0.505,0.06075000000000007,0.04825000000000007,0.0125,0.0125
hja2016_170,hja2016_144,sediment / sediment,within habitat,0.7604,0.4904,0.04040000000000006,0.03555000000000006,0.00485,0.00525
hja2016_177,hja2016_144,sediment / sediment,within habitat,0.7471,0.4037,0.03275000000000006,0.028350000000000028,0.0044,0.005300000000000001
hja2016_179,hja2016_144,sediment / sediment,within habitat,0.671,0.3694,0.044300000000000055,0.03835000000000005,0.0059499999999999996,0.006649999999999999
hja2016_180,hja2016_144,sediment / sediment,within habitat,0.8405,0.603,0.08070000000000006,0.06635000000000012,0.014350000000000002,0.01535
hja2016_181,hja2016_144,sediment / sediment,within habitat,0.7615,0.4842,0.04320000000000008,0.038200000000000074,0.005,0.005749999999999999
hja2016_193,hja2016_144,sediment / soil,across habitats,0.9465,0.7557,0.2874999999999997,0.18844999999999984,0.09905000000000003,0.09920000000000002
hja2016_194,hja2016_144,sediment / soil,across habitats,0.6959,0.3981,0.037350000000000064,0.032700000000000035,0.00465,0.005449999999999999
hja2016_195,hja2016_144,sediment / soil,across habitats,0.9045,0.653,0.11239999999999996,0.08910000000000004,0.023299999999999998,0.023299999999999998
hja2016_196,hja2016_144,sediment / soil,across habitats,0.801,0.4971,0.06110000000000008,0.040100000000000066,0.021000000000000005,0.021850000000000005
hja2016_197,hja2016_144,sediment / soil,across habitats,0.9504,0.7214,0.2630999999999999,0.21294999999999997,0.05015,0.05015
hja2016_198,hja2016_144,sediment / soil,across habitats,0.8218,0.5076,0.06255000000000009,0.046650000000000094,0.015900000000000008,0.01620000000000001
hja2016_199,hja2016_144,sediment / soil,across habitats,0.8908,0.6104,0.14689999999999984,0.09215000000000005,0.05475000000000001,0.055200000000000006
hja2016_200,hja2016_144,sediment / soil,across habitats,0.783,0.4989,0.05665000000000011,0.045400000000000086,0.01125,0.011949999999999999
hja2016_146,hja2016_145,sediment / sediment,within habitat,0.5617,0.2689,0.018650000000000007,0.01669999999999999,0.00195,0.005200000000000001
hja2016_147,hja2016_145,sediment / sediment,within habitat,0.6508,0.3447,0.025600000000000026,0.020450000000000006,0.005150000000000002,0.007400000000000001
hja2016_148,hja2016_145,sediment / sediment,within habitat,0.5748,0.2514,0.01829999999999999,0.016149999999999977,0.00215,0.0042499999999999994
hja2016_150,hja2016_145,sediment / sediment,within habitat,0.5364,0.2546,0.018449999999999994,0.01644999999999999,0.002,0.005600000000000001
hja2016_151,hja2016_145,sediment / sediment,within habitat,0.6728,0.3556,0.02885000000000002,0.024200000000000003,0.004650000000000001,0.006050000000000001
hja2016_152,hja2016_145,sediment / sediment,within habitat,0.6052,0.338,0.019549999999999994,0.018199999999999997,0.00135,0.0034499999999999995
hja2016_155,hja2016_145,sediment / sediment,within habitat,0.5831,0.2485,0.018300000000000007,0.0174,9.000000000000001e-4,0.00265
hja2016_157,hja2016_145,sediment / sediment,within habitat,0.6434,0.3147,0.02075000000000001,0.019050000000000004,0.0017,0.0030499999999999993
hja2016_159,hja2016_145,sediment / sediment,within habitat,0.5568,0.2534,0.016149999999999994,0.01544999999999999,7e-4,0.00325
hja2016_160,hja2016_145,sediment / sediment,within habitat,0.7457,0.4724,0.060500000000000116,0.04375000000000008,0.01675,0.018050000000000004
hja2016_183,hja2016_145,sediment / soil,across habitats,0.8003,0.4883,0.08265000000000007,0.06780000000000003,0.01485,0.015150000000000002
hja2016_184,hja2016_145,sediment / soil,across habitats,0.8316,0.5445,0.07720000000000006,0.06920000000000004,0.008,0.008600000000000002
hja2016_185,hja2016_145,sediment / soil,across habitats,0.8335,0.5998,0.13824999999999998,0.10025000000000009,0.03800000000000001,0.04010000000000002
hja2016_188,hja2016_145,sediment / soil,across habitats,0.9585,0.8203,0.3300499999999991,0.2375499999999997,0.09249999999999997,0.09399999999999997
hja2016_189,hja2016_145,sediment / soil,across habitats,0.9405,0.7694,0.25474999999999975,0.1757499999999998,0.07899999999999997,0.07899999999999997
hja2016_190,hja2016_145,sediment / soil,across habitats,0.8246,0.5825,0.1058,0.08300000000000007,0.022799999999999997,0.023750000000000004
hja2016_191,hja2016_145,sediment / soil,across habitats,0.9417,0.7702,0.29789999999999955,0.21894999999999978,0.07894999999999996,0.07914999999999997
hja2016_031,hja2016_145,hyporheic / sediment,across habitats,0.9638,0.7922,0.4825999999999987,0.3282999999999992,0.15429999999999994,0.15429999999999994
hja2016_032,hja2016_145,hyporheic / sediment,across habitats,0.9427,0.6881,0.3425999999999995,0.23759999999999976,0.10500000000000001,0.10994999999999999
hja2016_035,hja2016_145,hyporheic / sediment,across habitats,0.9654,0.7714,0.4086499999999992,0.3245999999999997,0.08404999999999997,0.08404999999999997
hja2016_037,hja2016_145,hyporheic / sediment,across habitats,0.9447,0.689,0.35739999999999944,0.29069999999999957,0.06669999999999998,0.06694999999999998
hja2016_042,hja2016_145,planktonic / sediment,across habitats,0.9777,0.8525,0.5431499999999986,0.41159999999999897,0.13155,0.13219999999999998
hja2016_043,hja2016_145,hyporheic / sediment,across habitats,0.9197,0.6278,0.27329999999999965,0.19499999999999973,0.07830000000000001,0.08045000000000002
hja2016_049,hja2016_145,planktonic / sediment,across habitats,0.9819,0.8452,0.417899999999999,0.3106999999999994,0.10719999999999999,0.11195
hja2016_050,hja2016_145,hyporheic / sediment,across habitats,0.9076,0.6158,0.18574999999999997,0.14780000000000013,0.03795,0.03875
hja2016_052,hja2016_145,hyporheic / sediment,across habitats,0.9027,0.5967,0.19954999999999967,0.17224999999999985,0.027299999999999994,0.02745
hja2016_056,hja2016_145,hyporheic / sediment,across habitats,0.8808,0.6523,0.16344999999999996,0.13795000000000004,0.0255,0.0283
hja2016_057,hja2016_145,hyporheic / sediment,across habitats,0.9636,0.7743,0.4196999999999992,0.33564999999999945,0.08405,0.08505
hja2016_059,hja2016_145,planktonic / sediment,across habitats,0.891,0.6476,0.1629999999999998,0.13764999999999994,0.02535,0.02735
hja2016_062,hja2016_145,hyporheic / sediment,across habitats,0.874,0.6194,0.15115000000000006,0.12310000000000003,0.028050000000000002,0.0285
hja2016_064,hja2016_145,planktonic / sediment,across habitats,0.9208,0.6572,0.24529999999999974,0.18789999999999973,0.057400000000000014,0.05875000000000001
hja2016_099,hja2016_145,planktonic / sediment,across habitats,0.9743,0.793,0.363649999999999,0.25099999999999983,0.11264999999999996,0.11264999999999996
hja2016_100,hja2016_145,planktonic / sediment,across habitats,0.9854,0.836,0.46214999999999895,0.345149999999999,0.11699999999999998,0.11699999999999998
hja2016_101,hja2016_145,planktonic / sediment,across habitats,0.9773,0.7609,0.31689999999999907,0.23359999999999975,0.08329999999999997,0.08339999999999997
hja2016_102,hja2016_145,hyporheic / sediment,across habitats,0.9756,0.8015,0.35944999999999916,0.25949999999999945,0.09994999999999996,0.09994999999999996
hja2016_103,hja2016_145,planktonic / sediment,across habitats,0.9459,0.6655,0.2470499999999998,0.18859999999999993,0.05845,0.058600000000000006
hja2016_105,hja2016_145,planktonic / sediment,across habitats,0.974,0.807,0.3724499999999993,0.25479999999999986,0.11765,0.11765
hja2016_106,hja2016_145,planktonic / sediment,across habitats,0.991,0.8106,0.46699999999999886,0.30554999999999927,0.16144999999999995,0.16144999999999995
hja2016_107,hja2016_145,hyporheic / sediment,across habitats,0.9734,0.773,0.3061499999999994,0.21049999999999988,0.09564999999999999,0.09564999999999999
hja2016_109,hja2016_145,planktonic / sediment,across habitats,0.9752,0.7523,0.3326499999999991,0.24749999999999994,0.08514999999999996,0.08514999999999996
hja2016_110,hja2016_145,hyporheic / sediment,across habitats,0.9767,0.7533,0.34719999999999945,0.24129999999999988,0.10589999999999997,0.10589999999999997
hja2016_111,hja2016_145,planktonic / sediment,across habitats,0.9704,0.7806,0.3550499999999995,0.2533499999999995,0.1017,0.1017
hja2016_114,hja2016_145,planktonic / sediment,across habitats,0.9703,0.7608,0.3190499999999994,0.2173499999999999,0.10169999999999997,0.10179999999999997
hja2016_116,hja2016_145,planktonic / sediment,across habitats,0.9699,0.7727,0.3253499999999993,0.22929999999999995,0.09605,0.09605
hja2016_119,hja2016_145,planktonic / sediment,across habitats,0.9464,0.6501,0.21514999999999979,0.15159999999999987,0.06355,0.06355
hja2016_121,hja2016_145,hyporheic / sediment,across habitats,0.9918,0.8208,0.48284999999999895,0.3232999999999992,0.15955,0.15955
hja2016_122,hja2016_145,sediment / sediment,within habitat,0.5607,0.2531,0.01689999999999999,0.01639999999999999,5e-4,0.00275
hja2016_125,hja2016_145,sediment / sediment,within habitat,0.5539,0.2621,0.018349999999999998,0.017399999999999995,9.499999999999999e-4,0.0044
hja2016_164,hja2016_145,sediment / sediment,within habitat,0.5918,0.3184,0.02065000000000001,0.018650000000000003,0.002,0.0038500000000000006
hja2016_166,hja2016_145,sediment / sediment,within habitat,0.7481,0.4482,0.05695000000000009,0.036900000000000044,0.02005,0.0208
hja2016_167,hja2016_145,sediment / sediment,within habitat,0.6718,0.3622,0.03135000000000003,0.025650000000000017,0.0057,0.006450000000000001
hja2016_169,hja2016_145,sediment / sediment,within habitat,0.6652,0.3624,0.027450000000000033,0.024200000000000027,0.0032499999999999994,0.00445
hja2016_170,hja2016_145,sediment / sediment,within habitat,0.6373,0.3518,0.019099999999999995,0.017449999999999993,0.0016499999999999998,0.003
hja2016_177,hja2016_145,sediment / sediment,within habitat,0.6187,0.2938,0.021850000000000012,0.019650000000000008,0.0022,0.0028
hja2016_179,hja2016_145,sediment / sediment,within habitat,0.5643,0.2824,0.02610000000000004,0.023700000000000016,0.0024,0.0039
hja2016_180,hja2016_145,sediment / sediment,within habitat,0.7356,0.456,0.054000000000000124,0.04025000000000007,0.013749999999999998,0.014400000000000001
hja2016_181,hja2016_145,sediment / sediment,within habitat,0.6415,0.3479,0.020250000000000015,0.01940000000000001,8.500000000000001e-4,0.0026500000000000004
hja2016_193,hja2016_145,sediment / soil,across habitats,0.9283,0.7111,0.20354999999999965,0.1442499999999999,0.05929999999999999,0.05944999999999999
hja2016_194,hja2016_145,sediment / soil,across habitats,0.646,0.3397,0.030600000000000047,0.028750000000000046,0.0018499999999999999,0.0035999999999999995
hja2016_195,hja2016_145,sediment / soil,across habitats,0.8673,0.6043,0.10639999999999991,0.08150000000000003,0.0249,0.02645
hja2016_196,hja2016_145,sediment / soil,across habitats,0.7458,0.4217,0.04605000000000008,0.03790000000000007,0.008150000000000003,0.00855
hja2016_197,hja2016_145,sediment / soil,across habitats,0.9372,0.6827,0.1978999999999997,0.1502999999999999,0.047599999999999996,0.048150000000000005
hja2016_198,hja2016_145,sediment / soil,across habitats,0.7719,0.4483,0.06150000000000012,0.05065000000000009,0.010850000000000004,0.011350000000000004
hja2016_199,hja2016_145,sediment / soil,across habitats,0.8449,0.5592,0.11269999999999998,0.08800000000000008,0.0247,0.02545
hja2016_200,hja2016_145,sediment / soil,across habitats,0.743,0.4407,0.06280000000000008,0.05615000000000007,0.006650000000000001,0.0069500000000000004
hja2016_147,hja2016_146,sediment / sediment,within habitat,0.7056,0.3803,0.03300000000000003,0.02735000000000002,0.005650000000000001,0.007050000000000002
hja2016_148,hja2016_146,sediment / sediment,within habitat,0.6478,0.2911,0.02280000000000001,0.021000000000000008,0.0018,0.0039499999999999995
hja2016_150,hja2016_146,sediment / sediment,within habitat,0.451,0.1888,0.015149999999999981,0.014749999999999982,4e-4,0.005499999999999999
hja2016_151,hja2016_146,sediment / sediment,within habitat,0.7184,0.3908,0.039500000000000084,0.03250000000000007,0.007000000000000001,0.008400000000000003
hja2016_152,hja2016_146,sediment / sediment,within habitat,0.4819,0.252,0.014199999999999978,0.013799999999999979,4e-4,0.005900000000000001
hja2016_155,hja2016_146,sediment / sediment,within habitat,0.6463,0.2877,0.024800000000000006,0.022100000000000012,0.0027,0.0036999999999999997
hja2016_157,hja2016_146,sediment / sediment,within habitat,0.644,0.3036,0.023150000000000004,0.022250000000000006,9e-4,0.00415
hja2016_159,hja2016_146,sediment / sediment,within habitat,0.5693,0.2466,0.02130000000000002,0.01985000000000002,0.0014500000000000001,0.0036
hja2016_160,hja2016_146,sediment / sediment,within habitat,0.7339,0.4469,0.06215000000000012,0.04980000000000012,0.01235,0.016499999999999997
hja2016_183,hja2016_146,sediment / soil,across habitats,0.875,0.5897,0.1082000000000001,0.08210000000000008,0.0261,0.0267
hja2016_184,hja2016_146,sediment / soil,across habitats,0.8849,0.618,0.11099999999999996,0.09625,0.01475,0.016099999999999996
hja2016_185,hja2016_146,sediment / soil,across habitats,0.8974,0.685,0.18144999999999964,0.14134999999999978,0.0401,0.0404
hja2016_188,hja2016_146,sediment / soil,across habitats,0.9747,0.8601,0.3956499999999996,0.2926499999999995,0.10300000000000001,0.1033
hja2016_189,hja2016_146,sediment / soil,across habitats,0.9615,0.8121,0.31204999999999944,0.23609999999999962,0.07595,0.0762
hja2016_190,hja2016_146,sediment / soil,across habitats,0.8813,0.6416,0.14299999999999977,0.11749999999999994,0.0255,0.025949999999999997
hja2016_191,hja2016_146,sediment / soil,across habitats,0.9542,0.8051,0.3478499999999996,0.27499999999999963,0.07285000000000001,0.07285000000000001
hja2016_031,hja2016_146,hyporheic / sediment,across habitats,0.9685,0.7869,0.4516999999999992,0.3294499999999995,0.12225000000000005,0.12950000000000003
hja2016_032,hja2016_146,hyporheic / sediment,across habitats,0.9488,0.7085,0.32874999999999927,0.25309999999999977,0.07565000000000001,0.07950000000000002
hja2016_035,hja2016_146,hyporheic / sediment,across habitats,0.9774,0.792,0.43429999999999963,0.3547999999999996,0.07949999999999999,0.08019999999999998
hja2016_037,hja2016_146,hyporheic / sediment,across habitats,0.9554,0.7217,0.3474499999999995,0.2968999999999998,0.05054999999999999,0.05334999999999999
hja2016_042,hja2016_146,planktonic / sediment,across habitats,0.9767,0.8404,0.5218499999999994,0.4256499999999996,0.09620000000000001,0.09620000000000001
hja2016_043,hja2016_146,hyporheic / sediment,across habitats,0.9219,0.6233,0.26249999999999973,0.2163499999999997,0.04615,0.050449999999999995
hja2016_049,hja2016_146,planktonic / sediment,across habitats,0.9806,0.8248,0.3890499999999991,0.3081999999999993,0.08085000000000002,0.08085000000000002
hja2016_050,hja2016_146,hyporheic / sediment,across habitats,0.915,0.6301,0.18504999999999996,0.15414999999999993,0.030900000000000004,0.03290000000000001
hja2016_052,hja2016_146,hyporheic / sediment,across habitats,0.9141,0.6212,0.2016,0.17524999999999996,0.026350000000000002,0.0288
hja2016_056,hja2016_146,hyporheic / sediment,across habitats,0.9127,0.6808,0.17904999999999996,0.1597,0.019350000000000003,0.020300000000000006
hja2016_057,hja2016_146,hyporheic / sediment,across habitats,0.9649,0.7752,0.41939999999999944,0.3636999999999995,0.0557,0.0571
hja2016_059,hja2016_146,planktonic / sediment,across habitats,0.8979,0.6435,0.1466,0.12519999999999998,0.021400000000000002,0.024799999999999996
hja2016_062,hja2016_146,hyporheic / sediment,across habitats,0.8728,0.6144,0.13505,0.12244999999999999,0.0126,0.01335
hja2016_064,hja2016_146,planktonic / sediment,across habitats,0.9279,0.6411,0.2343999999999998,0.19524999999999984,0.03915,0.03985
hja2016_099,hja2016_146,planktonic / sediment,across habitats,0.9813,0.8113,0.416599999999999,0.2828999999999995,0.13369999999999996,0.13369999999999996
hja2016_100,hja2016_146,planktonic / sediment,across habitats,0.9884,0.8505,0.5019499999999988,0.36599999999999916,0.13595000000000004,0.13595000000000004
hja2016_101,hja2016_146,planktonic / sediment,across habitats,0.9806,0.7769,0.34589999999999926,0.24359999999999965,0.10230000000000003,0.10230000000000003
hja2016_102,hja2016_146,hyporheic / sediment,across habitats,0.9796,0.821,0.41234999999999905,0.2849499999999995,0.1274,0.12755000000000002
hja2016_103,hja2016_146,planktonic / sediment,across habitats,0.9577,0.7054,0.28514999999999946,0.21664999999999965,0.06850000000000002,0.06850000000000002
hja2016_105,hja2016_146,planktonic / sediment,across habitats,0.9807,0.8253,0.4188499999999993,0.29534999999999956,0.12350000000000001,0.12380000000000001
hja2016_106,hja2016_146,planktonic / sediment,across habitats,0.9923,0.8197,0.4622999999999989,0.3428499999999994,0.11945,0.11945
hja2016_107,hja2016_146,hyporheic / sediment,across habitats,0.9797,0.7917,0.3439499999999995,0.23889999999999983,0.10505000000000002,0.10505000000000002
hja2016_109,hja2016_146,planktonic / sediment,across habitats,0.9804,0.7761,0.36554999999999926,0.28549999999999953,0.08004999999999998,0.08014999999999999
hja2016_110,hja2016_146,hyporheic / sediment,across habitats,0.9829,0.7753,0.3878499999999995,0.2966999999999995,0.09115000000000001,0.09115000000000001
hja2016_111,hja2016_146,planktonic / sediment,across habitats,0.9774,0.8064,0.4082499999999992,0.2771499999999994,0.13110000000000002,0.13110000000000002
hja2016_114,hja2016_146,planktonic / sediment,across habitats,0.9771,0.7803,0.34824999999999934,0.24999999999999983,0.09824999999999999,0.09834999999999999
hja2016_116,hja2016_146,planktonic / sediment,across habitats,0.9772,0.7962,0.3870999999999996,0.2705499999999994,0.11655000000000001,0.11655000000000001
hja2016_119,hja2016_146,planktonic / sediment,across habitats,0.9603,0.6937,0.2655999999999997,0.18659999999999988,0.07899999999999999,0.07899999999999999
hja2016_121,hja2016_146,hyporheic / sediment,across habitats,0.9926,0.825,0.49449999999999883,0.3780999999999991,0.11640000000000002,0.11640000000000002
hja2016_122,hja2016_146,sediment / sediment,within habitat,0.5832,0.2673,0.01905000000000001,0.015299999999999982,0.0037500000000000007,0.007050000000000001
hja2016_125,hja2016_146,sediment / sediment,within habitat,0.5698,0.2681,0.024750000000000032,0.021000000000000015,0.00375,0.007650000000000001
hja2016_164,hja2016_146,sediment / sediment,within habitat,0.5487,0.2867,0.01935,0.01855,8e-4,0.00385
hja2016_166,hja2016_146,sediment / sediment,within habitat,0.736,0.431,0.05345000000000012,0.041650000000000104,0.011800000000000001,0.014450000000000003
hja2016_167,hja2016_146,sediment / sediment,within habitat,0.7122,0.3885,0.03865000000000005,0.032600000000000046,0.00605,0.0095
hja2016_169,hja2016_146,sediment / sediment,within habitat,0.7105,0.3958,0.037250000000000054,0.029950000000000043,0.007299999999999999,0.0105
hja2016_170,hja2016_146,sediment / sediment,within habitat,0.6784,0.3183,0.024450000000000017,0.02340000000000002,0.00105,0.0026
hja2016_177,hja2016_146,sediment / sediment,within habitat,0.6733,0.3257,0.02425,0.022900000000000004,0.00135,0.00605
hja2016_179,hja2016_146,sediment / sediment,within habitat,0.3744,0.1754,0.01499999999999999,0.01484999999999999,1.5e-4,0.006999999999999999
hja2016_180,hja2016_146,sediment / sediment,within habitat,0.716,0.4321,0.04955000000000012,0.0406000000000001,0.008950000000000001,0.010150000000000003
hja2016_181,hja2016_146,sediment / sediment,within habitat,0.6812,0.3212,0.022900000000000014,0.021950000000000015,9.5e-4,0.00275
hja2016_193,hja2016_146,sediment / soil,across habitats,0.9461,0.7437,0.2354999999999997,0.1581499999999999,0.07735,0.07815000000000001
hja2016_194,hja2016_146,sediment / soil,across habitats,0.7461,0.4303,0.03985000000000005,0.035400000000000056,0.004449999999999999,0.0058
hja2016_195,hja2016_146,sediment / soil,across habitats,0.9095,0.6603,0.1377999999999999,0.10129999999999993,0.0365,0.03705
hja2016_196,hja2016_146,sediment / soil,across habitats,0.7959,0.4794,0.049850000000000054,0.03845000000000005,0.011400000000000002,0.011800000000000001
hja2016_197,hja2016_146,sediment / soil,across habitats,0.9453,0.6974,0.17839999999999973,0.13894999999999988,0.03945,0.039749999999999994
hja2016_198,hja2016_146,sediment / soil,across habitats,0.8369,0.5227,0.07650000000000005,0.06355000000000005,0.012950000000000003,0.013350000000000004
hja2016_199,hja2016_146,sediment / soil,across habitats,0.883,0.6143,0.15254999999999977,0.09664999999999999,0.0559,0.056249999999999994
hja2016_200,hja2016_146,sediment / soil,across habitats,0.8327,0.5404,0.07635000000000004,0.07015000000000002,0.0062,0.006349999999999999
hja2016_148,hja2016_147,sediment / sediment,within habitat,0.7169,0.4015,0.03585000000000002,0.02650000000000002,0.00935,0.01025
hja2016_150,hja2016_147,sediment / sediment,within habitat,0.7206,0.4127,0.04455000000000006,0.03405000000000003,0.0105,0.012
hja2016_151,hja2016_147,sediment / sediment,within habitat,0.3677,0.1392,0.010949999999999991,0.00904999999999999,0.0019000000000000002,0.0052
hja2016_152,hja2016_147,sediment / sediment,within habitat,0.7298,0.4389,0.03895000000000003,0.03180000000000003,0.00715,0.007700000000000002
hja2016_155,hja2016_147,sediment / sediment,within habitat,0.7152,0.383,0.033650000000000034,0.027800000000000026,0.00585,0.0066500000000000005
hja2016_157,hja2016_147,sediment / sediment,within habitat,0.7342,0.3994,0.03605000000000002,0.02935000000000001,0.006699999999999999,0.0083
hja2016_159,hja2016_147,sediment / sediment,within habitat,0.7245,0.4124,0.03605000000000004,0.026100000000000022,0.00995,0.01115
hja2016_160,hja2016_147,sediment / sediment,within habitat,0.7544,0.4578,0.04650000000000006,0.03880000000000005,0.0077,0.00835
hja2016_183,hja2016_147,sediment / soil,across habitats,0.7596,0.4679,0.07149999999999998,0.060850000000000085,0.010650000000000001,0.010900000000000002
hja2016_184,hja2016_147,sediment / soil,across habitats,0.7434,0.4819,0.06690000000000007,0.0550500000000001,0.01185,0.014249999999999997
hja2016_185,hja2016_147,sediment / soil,across habitats,0.8017,0.5638,0.13885000000000006,0.10894999999999998,0.029899999999999993,0.030899999999999993
hja2016_188,hja2016_147,sediment / soil,across habitats,0.9017,0.7557,0.26949999999999924,0.21869999999999984,0.05080000000000002,0.05110000000000003
hja2016_189,hja2016_147,sediment / soil,across habitats,0.8695,0.6827,0.1788999999999999,0.14060000000000006,0.03830000000000001,0.03855000000000001
hja2016_190,hja2016_147,sediment / soil,across habitats,0.6815,0.4983,0.09464999999999993,0.08144999999999997,0.013200000000000002,0.01435
hja2016_191,hja2016_147,sediment / soil,across habitats,0.9186,0.7331,0.23134999999999992,0.17719999999999997,0.05415000000000002,0.05415000000000002
hja2016_031,hja2016_147,hyporheic / sediment,across habitats,0.9725,0.7992,0.4579999999999988,0.3079499999999993,0.15005000000000002,0.1579
hja2016_032,hja2016_147,hyporheic / sediment,across habitats,0.9531,0.6694,0.3387499999999991,0.24149999999999988,0.09724999999999999,0.09779999999999998
hja2016_035,hja2016_147,hyporheic / sediment,across habitats,0.962,0.7666,0.40524999999999933,0.3053499999999995,0.09989999999999999,0.1002
hja2016_037,hja2016_147,hyporheic / sediment,across habitats,0.9623,0.7018,0.3546499999999993,0.27439999999999964,0.08024999999999997,0.08034999999999999
hja2016_042,hja2016_147,planktonic / sediment,across habitats,0.981,0.826,0.5236499999999992,0.38199999999999923,0.14165000000000003,0.14340000000000003
hja2016_043,hja2016_147,hyporheic / sediment,across habitats,0.9287,0.6125,0.26314999999999966,0.1916499999999999,0.07150000000000002,0.07310000000000003
hja2016_049,hja2016_147,planktonic / sediment,across habitats,0.9825,0.8157,0.43044999999999894,0.31954999999999906,0.11089999999999998,0.11089999999999998
hja2016_050,hja2016_147,hyporheic / sediment,across habitats,0.9092,0.6038,0.17949999999999997,0.14660000000000006,0.0329,0.0331
hja2016_052,hja2016_147,hyporheic / sediment,across habitats,0.9266,0.6391,0.20304999999999992,0.16985000000000006,0.03319999999999999,0.033449999999999994
hja2016_056,hja2016_147,hyporheic / sediment,across habitats,0.9156,0.6787,0.18419999999999995,0.1567500000000001,0.027449999999999995,0.027549999999999995
hja2016_057,hja2016_147,hyporheic / sediment,across habitats,0.9611,0.7612,0.4017999999999992,0.3328499999999994,0.06895000000000001,0.06960000000000001
hja2016_059,hja2016_147,planktonic / sediment,across habitats,0.9061,0.6376,0.17504999999999987,0.13264999999999996,0.04240000000000001,0.04455000000000001
hja2016_062,hja2016_147,hyporheic / sediment,across habitats,0.8909,0.6242,0.1675,0.13735000000000006,0.03015,0.03095
hja2016_064,hja2016_147,planktonic / sediment,across habitats,0.9204,0.6236,0.24474999999999988,0.17594999999999994,0.06880000000000003,0.07010000000000001
hja2016_099,hja2016_147,planktonic / sediment,across habitats,0.9761,0.7916,0.4351999999999986,0.2690499999999997,0.16615,0.16615
hja2016_100,hja2016_147,planktonic / sediment,across habitats,0.9873,0.8338,0.5012499999999986,0.38254999999999867,0.1187,0.11885000000000001
hja2016_101,hja2016_147,planktonic / sediment,across habitats,0.9768,0.76,0.3700999999999987,0.2420499999999998,0.12805000000000002,0.12805000000000002
hja2016_102,hja2016_147,hyporheic / sediment,across habitats,0.977,0.803,0.44794999999999846,0.28889999999999905,0.15905000000000005,0.15905000000000005
hja2016_103,hja2016_147,planktonic / sediment,across habitats,0.9425,0.6843,0.302799999999999,0.21254999999999982,0.09025000000000002,0.09085000000000003
hja2016_105,hja2016_147,planktonic / sediment,across habitats,0.9739,0.8078,0.4419499999999987,0.27424999999999955,0.16770000000000002,0.168
hja2016_106,hja2016_147,planktonic / sediment,across habitats,0.9907,0.8127,0.4777999999999988,0.3453999999999992,0.1324,0.1324
hja2016_107,hja2016_147,hyporheic / sediment,across habitats,0.9746,0.7742,0.3817499999999991,0.2433999999999999,0.13835000000000006,0.13835000000000006
hja2016_109,hja2016_147,planktonic / sediment,across habitats,0.974,0.7492,0.37704999999999905,0.2743499999999995,0.1027,0.1027
hja2016_110,hja2016_147,hyporheic / sediment,across habitats,0.9775,0.7583,0.388299999999999,0.25649999999999984,0.13180000000000003,0.13180000000000003
hja2016_111,hja2016_147,planktonic / sediment,across habitats,0.971,0.7872,0.4212499999999988,0.2808499999999994,0.1404,0.14065
hja2016_114,hja2016_147,planktonic / sediment,across habitats,0.971,0.7579,0.36689999999999906,0.24234999999999987,0.12454999999999995,0.12454999999999995
hja2016_116,hja2016_147,planktonic / sediment,across habitats,0.9708,0.7782,0.39224999999999904,0.25269999999999965,0.13955000000000004,0.13955000000000004
hja2016_119,hja2016_147,planktonic / sediment,across habitats,0.9455,0.6696,0.2781999999999995,0.16944999999999996,0.10875000000000001,0.10895000000000002
hja2016_121,hja2016_147,hyporheic / sediment,across habitats,0.9923,0.8233,0.5052999999999988,0.36499999999999877,0.14029999999999998,0.14029999999999998
hja2016_122,hja2016_147,sediment / sediment,within habitat,0.7276,0.4141,0.03870000000000005,0.029850000000000022,0.008850000000000002,0.0095000000000000015
hja2016_125,hja2016_147,sediment / sediment,within habitat,0.7231,0.4256,0.03885000000000004,0.03000000000000003,0.008850000000000002,0.0101
hja2016_164,hja2016_147,sediment / sediment,within habitat,0.7153,0.423,0.035550000000000026,0.02800000000000001,0.00755,0.0089
hja2016_166,hja2016_147,sediment / sediment,within habitat,0.7569,0.4432,0.04435000000000004,0.03445000000000004,0.0099,0.011300000000000001
hja2016_167,hja2016_147,sediment / sediment,within habitat,0.3742,0.1473,0.01269999999999999,0.011149999999999992,0.00155,0.004050000000000001
hja2016_169,hja2016_147,sediment / sediment,within habitat,0.3693,0.1482,0.011799999999999995,0.010899999999999995,9e-4,0.004399999999999999
hja2016_170,hja2016_147,sediment / sediment,within habitat,0.7246,0.3834,0.03055000000000003,0.026200000000000025,0.00435,0.00535
hja2016_177,hja2016_147,sediment / sediment,within habitat,0.5986,0.3423,0.03220000000000003,0.02735000000000003,0.004849999999999999,0.005849999999999999
hja2016_179,hja2016_147,sediment / sediment,within habitat,0.6912,0.3717,0.03680000000000005,0.031550000000000036,0.00525,0.0066
hja2016_180,hja2016_147,sediment / sediment,within habitat,0.755,0.4486,0.047100000000000065,0.03820000000000004,0.0089,0.009800000000000001
hja2016_181,hja2016_147,sediment / sediment,within habitat,0.7133,0.3653,0.030050000000000025,0.02435000000000002,0.0057,0.0068
hja2016_193,hja2016_147,sediment / soil,across habitats,0.8639,0.6147,0.11599999999999994,0.09284999999999999,0.02315,0.02345
hja2016_194,hja2016_147,sediment / soil,across habitats,0.7006,0.3962,0.04185000000000004,0.031850000000000045,0.01,0.01145
hja2016_195,hja2016_147,sediment / soil,across habitats,0.7685,0.5075,0.08039999999999997,0.06890000000000004,0.011500000000000002,0.011800000000000001
hja2016_196,hja2016_147,sediment / soil,across habitats,0.6688,0.3361,0.03160000000000003,0.024100000000000024,0.007500000000000001,0.008150000000000003
hja2016_197,hja2016_147,sediment / soil,across habitats,0.9077,0.6228,0.13664999999999997,0.09205,0.04460000000000001,0.045750000000000006
hja2016_198,hja2016_147,sediment / soil,across habitats,0.7379,0.4215,0.05305000000000011,0.04565000000000011,0.0073999999999999995,0.008
hja2016_199,hja2016_147,sediment / soil,across habitats,0.7276,0.4584,0.07340000000000006,0.05850000000000008,0.014900000000000002,0.016100000000000003
hja2016_200,hja2016_147,sediment / soil,across habitats,0.7323,0.4424,0.058550000000000074,0.05000000000000006,0.008550000000000002,0.009250000000000001
hja2016_150,hja2016_148,sediment / sediment,within habitat,0.5768,0.2599,0.019299999999999994,0.01834999999999999,9.5e-4,0.00455
hja2016_151,hja2016_148,sediment / sediment,within habitat,0.7299,0.4124,0.043500000000000066,0.03415000000000004,0.00935,0.0095000000000000015
hja2016_152,hja2016_148,sediment / sediment,within habitat,0.6626,0.3706,0.028050000000000023,0.025750000000000026,0.0023,0.00485
hja2016_155,hja2016_148,sediment / sediment,within habitat,0.3609,0.1286,0.011549999999999984,0.011049999999999985,5e-4,0.0028999999999999994
hja2016_157,hja2016_148,sediment / sediment,within habitat,0.5585,0.2976,0.019300000000000005,0.018600000000000002,7e-4,0.0033499999999999992
hja2016_159,hja2016_148,sediment / sediment,within habitat,0.5397,0.2348,0.017599999999999998,0.017049999999999996,5.499999999999999e-4,0.0037999999999999996
hja2016_160,hja2016_148,sediment / sediment,within habitat,0.6878,0.4869,0.05840000000000008,0.04560000000000007,0.0128,0.014850000000000002
hja2016_183,hja2016_148,sediment / soil,across habitats,0.7572,0.473,0.0655500000000001,0.055250000000000084,0.010300000000000002,0.010650000000000001
hja2016_184,hja2016_148,sediment / soil,across habitats,0.82,0.5647,0.08220000000000008,0.0662000000000001,0.016,0.016850000000000004
hja2016_185,hja2016_148,sediment / soil,across habitats,0.8394,0.6067,0.13734999999999997,0.11075000000000003,0.026600000000000002,0.0289
hja2016_188,hja2016_148,sediment / soil,across habitats,0.9675,0.8452,0.36704999999999904,0.24959999999999952,0.11744999999999997,0.11959999999999997
hja2016_189,hja2016_148,sediment / soil,across habitats,0.9524,0.8,0.2931499999999993,0.19059999999999963,0.10255,0.10275
hja2016_190,hja2016_148,sediment / soil,across habitats,0.8492,0.6069,0.12124999999999998,0.0991,0.02215,0.023149999999999997
hja2016_191,hja2016_148,sediment / soil,across habitats,0.9395,0.7801,0.3297999999999992,0.23664999999999967,0.09315,0.09379999999999998
hja2016_031,hja2016_148,hyporheic / sediment,across habitats,0.9683,0.7985,0.49184999999999873,0.32574999999999904,0.16610000000000003,0.16610000000000003
hja2016_032,hja2016_148,hyporheic / sediment,across habitats,0.9447,0.6974,0.338799999999999,0.23699999999999985,0.10180000000000003,0.10300000000000002
hja2016_035,hja2016_148,hyporheic / sediment,across habitats,0.9645,0.7853,0.42354999999999915,0.3075499999999994,0.11600000000000002,0.11645000000000003
hja2016_037,hja2016_148,hyporheic / sediment,across habitats,0.949,0.695,0.34849999999999914,0.2775999999999996,0.07089999999999999,0.07135
hja2016_042,hja2016_148,planktonic / sediment,across habitats,0.9813,0.8561,0.5317999999999987,0.383149999999999,0.14865,0.14865
hja2016_043,hja2016_148,hyporheic / sediment,across habitats,0.9215,0.6504,0.26949999999999974,0.2010499999999999,0.06845,0.06915
hja2016_049,hja2016_148,planktonic / sediment,across habitats,0.9844,0.841,0.4803999999999986,0.33814999999999906,0.14225,0.14555
hja2016_050,hja2016_148,hyporheic / sediment,across habitats,0.9023,0.6243,0.17345000000000013,0.1404500000000001,0.033,0.0338
hja2016_052,hja2016_148,hyporheic / sediment,across habitats,0.8966,0.5997,0.18974999999999995,0.16380000000000008,0.025949999999999997,0.026149999999999996
hja2016_056,hja2016_148,hyporheic / sediment,across habitats,0.8881,0.6663,0.15885000000000013,0.13325000000000012,0.0256,0.0269
hja2016_057,hja2016_148,hyporheic / sediment,across habitats,0.9633,0.773,0.40519999999999906,0.32314999999999905,0.08205,0.0827
hja2016_059,hja2016_148,planktonic / sediment,across habitats,0.8832,0.647,0.15139999999999987,0.1393999999999999,0.011999999999999999,0.013900000000000003
hja2016_062,hja2016_148,hyporheic / sediment,across habitats,0.8808,0.631,0.17350000000000004,0.14725000000000002,0.02625,0.0265
hja2016_064,hja2016_148,planktonic / sediment,across habitats,0.9228,0.667,0.26924999999999955,0.21524999999999989,0.054000000000000006,0.0575
hja2016_099,hja2016_148,planktonic / sediment,across habitats,0.9676,0.7907,0.39054999999999906,0.23294999999999974,0.15759999999999996,0.15759999999999996
hja2016_100,hja2016_148,planktonic / sediment,across habitats,0.9824,0.8314,0.5004499999999986,0.360649999999999,0.13980000000000004,0.13980000000000004
hja2016_101,hja2016_148,planktonic / sediment,across habitats,0.9708,0.7634,0.35149999999999904,0.23369999999999966,0.11780000000000003,0.11780000000000003
hja2016_102,hja2016_148,hyporheic / sediment,across habitats,0.969,0.8011,0.38964999999999894,0.2504499999999997,0.13920000000000005,0.13920000000000005
hja2016_103,hja2016_148,planktonic / sediment,across habitats,0.9359,0.6666,0.25824999999999954,0.1881999999999998,0.07005000000000002,0.07005000000000002
hja2016_105,hja2016_148,planktonic / sediment,across habitats,0.9692,0.8067,0.393149999999999,0.2585499999999997,0.13460000000000003,0.13460000000000003
hja2016_106,hja2016_148,planktonic / sediment,across habitats,0.9889,0.8184,0.49219999999999875,0.3315499999999992,0.16065,0.16065
hja2016_107,hja2016_148,hyporheic / sediment,across habitats,0.9683,0.7716,0.3408499999999992,0.2144999999999997,0.12635000000000002,0.12645000000000003
hja2016_109,hja2016_148,planktonic / sediment,across habitats,0.9684,0.7527,0.360949999999999,0.24679999999999985,0.11415000000000002,0.11415000000000002
hja2016_110,hja2016_148,hyporheic / sediment,across habitats,0.9699,0.7592,0.36759999999999937,0.24064999999999973,0.12694999999999998,0.12694999999999998
hja2016_111,hja2016_148,planktonic / sediment,across habitats,0.9654,0.7763,0.3911999999999992,0.2550999999999995,0.13610000000000003,0.13645000000000002
hja2016_114,hja2016_148,planktonic / sediment,across habitats,0.9663,0.7639,0.340199999999999,0.21999999999999997,0.12019999999999999,0.12019999999999999
hja2016_116,hja2016_148,planktonic / sediment,across habitats,0.9619,0.7719,0.36384999999999923,0.2303499999999999,0.1335,0.1335
hja2016_119,hja2016_148,planktonic / sediment,across habitats,0.9346,0.6481,0.2339499999999997,0.1544999999999999,0.07945,0.07945
hja2016_121,hja2016_148,hyporheic / sediment,across habitats,0.9895,0.8292,0.5173499999999984,0.3553999999999991,0.16195000000000007,0.16195000000000007
hja2016_122,hja2016_148,sediment / sediment,within habitat,0.5256,0.234,0.017099999999999994,0.015499999999999979,0.0015999999999999999,0.0047
hja2016_125,hja2016_148,sediment / sediment,within habitat,0.5219,0.2301,0.016999999999999987,0.016249999999999987,7.5e-4,0.004749999999999999
hja2016_164,hja2016_148,sediment / sediment,within habitat,0.6398,0.34,0.023950000000000003,0.0213,0.00265,0.0057
hja2016_166,hja2016_148,sediment / sediment,within habitat,0.6923,0.4681,0.05530000000000008,0.042750000000000066,0.012550000000000002,0.014550000000000002
hja2016_167,hja2016_148,sediment / sediment,within habitat,0.7236,0.411,0.04255000000000007,0.03465000000000005,0.0079,0.01115
hja2016_169,hja2016_148,sediment / sediment,within habitat,0.7252,0.4161,0.04200000000000011,0.03395000000000007,0.00805,0.01045
hja2016_170,hja2016_148,sediment / sediment,within habitat,0.5255,0.3272,0.01935,0.018699999999999994,6.5e-4,0.0044
hja2016_177,hja2016_148,sediment / sediment,within habitat,0.6737,0.3237,0.02595000000000001,0.024050000000000012,0.0018999999999999998,0.004850000000000001
hja2016_179,hja2016_148,sediment / sediment,within habitat,0.639,0.2984,0.02905000000000002,0.02590000000000002,0.00315,0.006249999999999999
hja2016_180,hja2016_148,sediment / sediment,within habitat,0.6829,0.4689,0.04985000000000006,0.03885000000000006,0.011000000000000003,0.011600000000000003
hja2016_181,hja2016_148,sediment / sediment,within habitat,0.5299,0.3319,0.017650000000000006,0.0172,4.5e-4,0.0036499999999999996
hja2016_193,hja2016_148,sediment / soil,across habitats,0.9295,0.7287,0.2222499999999997,0.15034999999999987,0.07189999999999998,0.07234999999999998
hja2016_194,hja2016_148,sediment / soil,across habitats,0.5903,0.3182,0.02335000000000002,0.02320000000000002,1.5e-4,0.0019500000000000001
hja2016_195,hja2016_148,sediment / soil,across habitats,0.8553,0.6003,0.10459999999999993,0.07625000000000003,0.02835,0.028950000000000004
hja2016_196,hja2016_148,sediment / soil,across habitats,0.7117,0.4318,0.03910000000000008,0.03120000000000003,0.007899999999999999,0.008100000000000001
hja2016_197,hja2016_148,sediment / soil,across habitats,0.9242,0.6811,0.17084999999999992,0.13804999999999998,0.032799999999999996,0.032799999999999996
hja2016_198,hja2016_148,sediment / soil,across habitats,0.7614,0.4533,0.05245000000000011,0.043850000000000104,0.0086,0.0086
hja2016_199,hja2016_148,sediment / soil,across habitats,0.8397,0.5786,0.12539999999999998,0.08225000000000005,0.043149999999999994,0.043649999999999994
hja2016_200,hja2016_148,sediment / soil,across habitats,0.7092,0.4267,0.05200000000000007,0.038100000000000044,0.013900000000000001,0.014100000000000003
hja2016_151,hja2016_150,sediment / sediment,within habitat,0.7343,0.4243,0.0484500000000001,0.03660000000000006,0.01185,0.013049999999999999
hja2016_152,hja2016_150,sediment / sediment,within habitat,0.4843,0.2659,0.018199999999999994,0.017149999999999988,0.00105,0.004200000000000001
hja2016_155,hja2016_150,sediment / sediment,within habitat,0.5834,0.2653,0.020350000000000007,0.017799999999999996,0.00255,0.00375
hja2016_157,hja2016_150,sediment / sediment,within habitat,0.5952,0.2884,0.017449999999999993,0.015899999999999984,0.0015500000000000002,0.0045499999999999985
hja2016_159,hja2016_150,sediment / sediment,within habitat,0.4973,0.2157,0.014699999999999984,0.013649999999999982,0.0010500000000000002,0.00435
hja2016_160,hja2016_150,sediment / sediment,within habitat,0.7301,0.4835,0.06660000000000006,0.05070000000000012,0.015899999999999997,0.0186
hja2016_183,hja2016_150,sediment / soil,across habitats,0.8486,0.5658,0.09895000000000004,0.07970000000000005,0.01925,0.020050000000000002
hja2016_184,hja2016_150,sediment / soil,across habitats,0.8666,0.603,0.10840000000000002,0.08735000000000008,0.02105,0.022850000000000002
hja2016_185,hja2016_150,sediment / soil,across habitats,0.8817,0.6756,0.17224999999999968,0.13574999999999982,0.0365,0.03725
hja2016_188,hja2016_150,sediment / soil,across habitats,0.973,0.8602,0.42859999999999865,0.26949999999999946,0.15910000000000005,0.15940000000000004
hja2016_189,hja2016_150,sediment / soil,across habitats,0.9592,0.8117,0.32424999999999904,0.21099999999999977,0.11325000000000003,0.11355000000000003
hja2016_190,hja2016_150,sediment / soil,across habitats,0.8716,0.6302,0.13744999999999985,0.10085,0.036599999999999994,0.03724999999999999
hja2016_191,hja2016_150,sediment / soil,across habitats,0.9546,0.8117,0.38444999999999907,0.3037499999999992,0.08070000000000002,0.08070000000000002
hja2016_031,hja2016_150,hyporheic / sediment,across habitats,0.9659,0.7891,0.47499999999999837,0.32739999999999897,0.14760000000000006,0.14760000000000006
hja2016_032,hja2016_150,hyporheic / sediment,across habitats,0.9454,0.7102,0.36914999999999887,0.28369999999999945,0.08545000000000003,0.08965000000000006
hja2016_035,hja2016_150,hyporheic / sediment,across habitats,0.969,0.7885,0.42664999999999886,0.33554999999999924,0.09110000000000003,0.09140000000000002
hja2016_037,hja2016_150,hyporheic / sediment,across habitats,0.9513,0.7148,0.36524999999999913,0.29424999999999946,0.07100000000000001,0.07450000000000001
hja2016_042,hja2016_150,planktonic / sediment,across habitats,0.981,0.8548,0.5718499999999983,0.4242999999999986,0.14755000000000004,0.15010000000000004
hja2016_043,hja2016_150,hyporheic / sediment,across habitats,0.9123,0.6512,0.28404999999999936,0.21534999999999968,0.06870000000000002,0.07330000000000002
hja2016_049,hja2016_150,planktonic / sediment,across habitats,0.9812,0.8464,0.4318999999999984,0.3058499999999989,0.12605000000000005,0.13030000000000005
hja2016_050,hja2016_150,hyporheic / sediment,across habitats,0.9112,0.6369,0.2665999999999996,0.22829999999999978,0.0383,0.042249999999999996
hja2016_052,hja2016_150,hyporheic / sediment,across habitats,0.898,0.6052,0.23039999999999988,0.19359999999999983,0.03679999999999999,0.0382
hja2016_056,hja2016_150,hyporheic / sediment,across habitats,0.8888,0.6627,0.36079999999999857,0.3331999999999986,0.0276,0.0281
hja2016_057,hja2016_150,hyporheic / sediment,across habitats,0.9587,0.783,0.4678499999999986,0.39369999999999866,0.07415000000000001,0.07560000000000001
hja2016_059,hja2016_150,planktonic / sediment,across habitats,0.8866,0.6511,0.19204999999999978,0.16654999999999975,0.025500000000000002,0.03259999999999999
hja2016_062,hja2016_150,hyporheic / sediment,across habitats,0.8699,0.6244,0.26479999999999965,0.23994999999999994,0.024849999999999994,0.026249999999999996
hja2016_064,hja2016_150,planktonic / sediment,across habitats,0.9206,0.6715,0.26144999999999957,0.19819999999999985,0.06324999999999999,0.06414999999999998
hja2016_099,hja2016_150,planktonic / sediment,across habitats,0.9781,0.8066,0.38969999999999894,0.27534999999999943,0.11435,0.11435
hja2016_100,hja2016_150,planktonic / sediment,across habitats,0.9883,0.8449,0.4745999999999987,0.3608499999999989,0.11375000000000002,0.1139
hja2016_101,hja2016_150,planktonic / sediment,across habitats,0.9774,0.7775,0.3331999999999989,0.22844999999999974,0.10475000000000001,0.10475000000000001
hja2016_102,hja2016_150,hyporheic / sediment,across habitats,0.9778,0.8154,0.38514999999999894,0.2791999999999995,0.10595,0.1062
hja2016_103,hja2016_150,planktonic / sediment,across habitats,0.9515,0.6887,0.26254999999999945,0.21269999999999958,0.049849999999999985,0.05044999999999999
hja2016_105,hja2016_150,planktonic / sediment,across habitats,0.9779,0.8198,0.39484999999999904,0.2728499999999994,0.12200000000000003,0.12215000000000001
hja2016_106,hja2016_150,planktonic / sediment,across habitats,0.9914,0.8261,0.4526999999999987,0.31599999999999906,0.13670000000000002,0.13670000000000002
hja2016_107,hja2016_150,hyporheic / sediment,across habitats,0.9767,0.7864,0.32869999999999916,0.23279999999999976,0.09590000000000001,0.09590000000000001
hja2016_109,hja2016_150,planktonic / sediment,across habitats,0.9763,0.7697,0.3530499999999989,0.25379999999999986,0.09924999999999999,0.09924999999999999
hja2016_110,hja2016_150,hyporheic / sediment,across habitats,0.9785,0.7709,0.36439999999999934,0.2685999999999997,0.09580000000000002,0.09580000000000002
hja2016_111,hja2016_150,planktonic / sediment,across habitats,0.9748,0.7926,0.37709999999999955,0.2566999999999994,0.12040000000000002,0.12070000000000002
hja2016_114,hja2016_150,planktonic / sediment,across habitats,0.9724,0.7772,0.32534999999999903,0.2307499999999998,0.09459999999999999,0.09459999999999999
hja2016_116,hja2016_150,planktonic / sediment,across habitats,0.9732,0.7907,0.35674999999999935,0.25339999999999974,0.10335000000000001,0.10335000000000001
hja2016_119,hja2016_150,planktonic / sediment,across habitats,0.9518,0.6753,0.23984999999999967,0.17469999999999986,0.06515,0.06515
hja2016_121,hja2016_150,hyporheic / sediment,across habitats,0.9922,0.833,0.4794999999999985,0.3457999999999988,0.1337,0.1337
hja2016_122,hja2016_150,sediment / sediment,within habitat,0.5071,0.2134,0.016249999999999994,0.013649999999999992,0.0026000000000000007,0.00615
hja2016_125,hja2016_150,sediment / sediment,within habitat,0.5002,0.2214,0.016199999999999985,0.01499999999999998,0.0012000000000000001,0.00555
hja2016_164,hja2016_150,sediment / sediment,within habitat,0.533,0.2475,0.017050000000000003,0.015349999999999982,0.0017000000000000001,0.005000000000000001
hja2016_166,hja2016_150,sediment / sediment,within habitat,0.7295,0.4617,0.057000000000000106,0.044100000000000104,0.012900000000000003,0.014450000000000003
hja2016_167,hja2016_150,sediment / sediment,within habitat,0.734,0.4206,0.04790000000000009,0.037350000000000064,0.010550000000000002,0.013150000000000004
hja2016_169,hja2016_150,sediment / sediment,within habitat,0.7336,0.4287,0.04605000000000009,0.03770000000000007,0.00835,0.010750000000000001
hja2016_170,hja2016_150,sediment / sediment,within habitat,0.6399,0.352,0.02030000000000003,0.01805000000000001,0.0022500000000000003,0.0055
hja2016_177,hja2016_150,sediment / sediment,within habitat,0.6677,0.3359,0.024900000000000026,0.021200000000000014,0.0037,0.0072
hja2016_179,hja2016_150,sediment / sediment,within habitat,0.4529,0.1995,0.01945,0.016149999999999994,0.003300000000000001,0.00765
hja2016_180,hja2016_150,sediment / sediment,within habitat,0.717,0.4632,0.052350000000000105,0.039400000000000095,0.01295,0.01495
hja2016_181,hja2016_150,sediment / sediment,within habitat,0.6432,0.3444,0.021500000000000033,0.019400000000000018,0.0021,0.0049
hja2016_193,hja2016_150,sediment / soil,across habitats,0.941,0.7492,0.2576499999999994,0.15819999999999967,0.09945000000000001,0.1
hja2016_194,hja2016_150,sediment / soil,across habitats,0.6995,0.3978,0.03225000000000005,0.02555000000000003,0.0067,0.008250000000000002
hja2016_195,hja2016_150,sediment / soil,across habitats,0.9,0.6579,0.13844999999999977,0.10229999999999995,0.03615,0.03655
hja2016_196,hja2016_150,sediment / soil,across habitats,0.7692,0.4682,0.053600000000000064,0.03745000000000006,0.016149999999999998,0.017
hja2016_197,hja2016_150,sediment / soil,across habitats,0.9411,0.7064,0.2260499999999997,0.17524999999999974,0.0508,0.0522
hja2016_198,hja2016_150,sediment / soil,across habitats,0.8199,0.5112,0.08395000000000005,0.058150000000000104,0.025800000000000007,0.025950000000000008
hja2016_199,hja2016_150,sediment / soil,across habitats,0.8725,0.6018,0.14584999999999976,0.09180000000000002,0.054049999999999994,0.054349999999999996
hja2016_200,hja2016_150,sediment / soil,across habitats,0.8007,0.5162,0.07050000000000008,0.055700000000000076,0.014800000000000002,0.015100000000000002
hja2016_152,hja2016_151,sediment / sediment,within habitat,0.7426,0.4422,0.04555000000000005,0.03570000000000004,0.009850000000000001,0.010650000000000001
hja2016_155,hja2016_151,sediment / sediment,within habitat,0.7313,0.3963,0.03860000000000007,0.03155000000000006,0.007050000000000002,0.007450000000000002
hja2016_157,hja2016_151,sediment / sediment,within habitat,0.7451,0.3971,0.03945000000000006,0.03170000000000005,0.00775,0.0082
hja2016_159,hja2016_151,sediment / sediment,within habitat,0.7388,0.4245,0.042950000000000065,0.03325000000000005,0.0097,0.0097
hja2016_160,hja2016_151,sediment / sediment,within habitat,0.7691,0.4622,0.059600000000000077,0.05085000000000008,0.008749999999999999,0.009200000000000002
hja2016_183,hja2016_151,sediment / soil,across habitats,0.7713,0.4769,0.07300000000000001,0.05670000000000009,0.016300000000000002,0.0164
hja2016_184,hja2016_151,sediment / soil,across habitats,0.7645,0.4831,0.06830000000000006,0.0488500000000001,0.019450000000000002,0.020300000000000002
hja2016_185,hja2016_151,sediment / soil,across habitats,0.8133,0.5659,0.14494999999999986,0.10360000000000001,0.041349999999999984,0.041649999999999986
hja2016_188,hja2016_151,sediment / soil,across habitats,0.9066,0.7504,0.2734499999999995,0.2007499999999998,0.0727,0.07325
hja2016_189,hja2016_151,sediment / soil,across habitats,0.8756,0.6734,0.18734999999999974,0.1256499999999999,0.06169999999999997,0.06194999999999997
hja2016_190,hja2016_151,sediment / soil,across habitats,0.7064,0.4958,0.10549999999999993,0.07955000000000005,0.025950000000000004,0.027950000000000006
hja2016_191,hja2016_151,sediment / soil,across habitats,0.921,0.7212,0.24264999999999987,0.17559999999999976,0.06705000000000001,0.06705000000000001
hja2016_031,hja2016_151,hyporheic / sediment,across habitats,0.9745,0.799,0.41329999999999906,0.2973999999999996,0.1159,0.1159
hja2016_032,hja2016_151,hyporheic / sediment,across habitats,0.9593,0.6765,0.32114999999999955,0.23139999999999994,0.08974999999999998,0.0944
hja2016_035,hja2016_151,hyporheic / sediment,across habitats,0.966,0.7649,0.39644999999999914,0.2839499999999998,0.1125,0.1125
hja2016_037,hja2016_151,hyporheic / sediment,across habitats,0.9677,0.7091,0.357099999999999,0.25924999999999965,0.09784999999999999,0.09985
hja2016_042,hja2016_151,planktonic / sediment,across habitats,0.9838,0.8232,0.49824999999999886,0.3620999999999991,0.13615,0.13615
hja2016_043,hja2016_151,hyporheic / sediment,across habitats,0.936,0.6138,0.28324999999999945,0.2015499999999998,0.08170000000000001,0.08549999999999999
hja2016_049,hja2016_151,planktonic / sediment,across habitats,0.9832,0.8185,0.4148499999999987,0.2961499999999994,0.11869999999999999,0.11869999999999999
hja2016_050,hja2016_151,hyporheic / sediment,across habitats,0.9173,0.5969,0.18074999999999994,0.14270000000000005,0.03805,0.03865
hja2016_052,hja2016_151,hyporheic / sediment,across habitats,0.9354,0.629,0.2004499999999999,0.16314999999999993,0.03730000000000001,0.037450000000000004
hja2016_056,hja2016_151,hyporheic / sediment,across habitats,0.9253,0.6696,0.18290000000000003,0.14500000000000016,0.0379,0.03805
hja2016_057,hja2016_151,hyporheic / sediment,across habitats,0.962,0.7574,0.3838999999999991,0.2974499999999998,0.08645000000000001,0.08770000000000001
hja2016_059,hja2016_151,planktonic / sediment,across habitats,0.9109,0.6277,0.17614999999999995,0.12000000000000004,0.05614999999999998,0.05839999999999998
hja2016_062,hja2016_151,hyporheic / sediment,across habitats,0.8981,0.6123,0.16155000000000005,0.12560000000000007,0.03595,0.0366
hja2016_064,hja2016_151,planktonic / sediment,across habitats,0.9262,0.6185,0.23479999999999987,0.15459999999999993,0.0802,0.0802
hja2016_099,hja2016_151,planktonic / sediment,across habitats,0.9767,0.7865,0.4209499999999988,0.26874999999999966,0.15220000000000003,0.15220000000000003
hja2016_100,hja2016_151,planktonic / sediment,across habitats,0.988,0.829,0.48174999999999896,0.359949999999999,0.12180000000000002,0.12180000000000002
hja2016_101,hja2016_151,planktonic / sediment,across habitats,0.9766,0.7593,0.364899999999999,0.22854999999999978,0.13634999999999997,0.13634999999999997
hja2016_102,hja2016_151,hyporheic / sediment,across habitats,0.9776,0.8025,0.426849999999999,0.2672499999999996,0.15960000000000002,0.15960000000000002
hja2016_103,hja2016_151,planktonic / sediment,across habitats,0.9478,0.6845,0.2846499999999994,0.19289999999999982,0.09175000000000004,0.09175000000000004
hja2016_105,hja2016_151,planktonic / sediment,across habitats,0.9748,0.8069,0.42179999999999884,0.2534999999999997,0.1683000000000001,0.16845000000000007
hja2016_106,hja2016_151,planktonic / sediment,across habitats,0.991,0.8079,0.46394999999999886,0.3272999999999994,0.13664999999999997,0.13664999999999997
hja2016_107,hja2016_151,hyporheic / sediment,across habitats,0.9742,0.7698,0.3732499999999992,0.23659999999999984,0.13665,0.13665
hja2016_109,hja2016_151,planktonic / sediment,across habitats,0.9759,0.7527,0.37344999999999895,0.2700999999999995,0.10335000000000001,0.10335000000000001
hja2016_110,hja2016_151,hyporheic / sediment,across habitats,0.9797,0.7565,0.3816499999999993,0.2540499999999997,0.12759999999999996,0.12759999999999996
hja2016_111,hja2016_151,planktonic / sediment,across habitats,0.9716,0.7833,0.4185499999999993,0.2709499999999996,0.14760000000000006,0.14760000000000006
hja2016_114,hja2016_151,planktonic / sediment,across habitats,0.9689,0.7546,0.3505499999999992,0.21654999999999996,0.13399999999999995,0.13399999999999995
hja2016_116,hja2016_151,planktonic / sediment,across habitats,0.9715,0.7761,0.3829999999999992,0.2447999999999999,0.1382,0.1382
hja2016_119,hja2016_151,planktonic / sediment,across habitats,0.9494,0.6655,0.2578999999999996,0.15864999999999996,0.09925,0.09925
hja2016_121,hja2016_151,hyporheic / sediment,across habitats,0.9922,0.8177,0.48484999999999867,0.3556499999999988,0.12920000000000004,0.12920000000000004
hja2016_122,hja2016_151,sediment / sediment,within habitat,0.739,0.4255,0.044700000000000045,0.03615000000000003,0.00855,0.00915
hja2016_125,hja2016_151,sediment / sediment,within habitat,0.7329,0.4367,0.04415000000000008,0.035350000000000034,0.0088,0.00905
hja2016_164,hja2016_151,sediment / sediment,within habitat,0.7198,0.4333,0.04330000000000007,0.03355000000000003,0.00975,0.010650000000000001
hja2016_166,hja2016_151,sediment / sediment,within habitat,0.7682,0.4375,0.055800000000000065,0.04440000000000005,0.011400000000000002,0.011850000000000001
hja2016_167,hja2016_151,sediment / sediment,within habitat,0.4027,0.1462,0.014549999999999987,0.014149999999999987,3.9999999999999996e-4,0.0017500000000000003
hja2016_169,hja2016_151,sediment / sediment,within habitat,0.3994,0.1521,0.01254999999999999,0.012199999999999989,3.5e-4,0.0024000000000000002
hja2016_170,hja2016_151,sediment / sediment,within habitat,0.7381,0.3777,0.03590000000000005,0.02930000000000004,0.0066,0.0066
hja2016_177,hja2016_151,sediment / sediment,within habitat,0.6188,0.3481,0.032950000000000035,0.027000000000000027,0.005949999999999999,0.006750000000000001
hja2016_179,hja2016_151,sediment / sediment,within habitat,0.7044,0.383,0.04525000000000007,0.03760000000000006,0.00765,0.00825
hja2016_180,hja2016_151,sediment / sediment,within habitat,0.7694,0.4494,0.060900000000000086,0.051800000000000096,0.009100000000000002,0.009250000000000001
hja2016_181,hja2016_151,sediment / sediment,within habitat,0.7294,0.3664,0.0396500000000001,0.03295000000000008,0.006700000000000001,0.006950000000000001
hja2016_193,hja2016_151,sediment / soil,across habitats,0.8615,0.6034,0.12199999999999997,0.08510000000000005,0.03689999999999999,0.037299999999999986
hja2016_194,hja2016_151,sediment / soil,across habitats,0.7085,0.3915,0.04110000000000005,0.029750000000000026,0.011349999999999999,0.011549999999999998
hja2016_195,hja2016_151,sediment / soil,across habitats,0.7825,0.5102,0.08215000000000001,0.0643000000000001,0.017850000000000005,0.017850000000000005
hja2016_196,hja2016_151,sediment / soil,across habitats,0.6753,0.3338,0.030150000000000034,0.02250000000000001,0.007649999999999999,0.007649999999999999
hja2016_197,hja2016_151,sediment / soil,across habitats,0.9104,0.6137,0.15574999999999983,0.10070000000000001,0.05504999999999999,0.05529999999999999
hja2016_198,hja2016_151,sediment / soil,across habitats,0.7482,0.42,0.05640000000000013,0.04405000000000011,0.012350000000000002,0.012600000000000002
hja2016_199,hja2016_151,sediment / soil,across habitats,0.7439,0.4539,0.07545,0.051400000000000064,0.024049999999999995,0.024249999999999994
hja2016_200,hja2016_151,sediment / soil,across habitats,0.743,0.4458,0.06440000000000007,0.046800000000000064,0.0176,0.0178
hja2016_155,hja2016_152,sediment / sediment,within habitat,0.6624,0.3588,0.02425000000000003,0.021450000000000014,0.0028,0.0032499999999999994
hja2016_157,hja2016_152,sediment / sediment,within habitat,0.6931,0.4017,0.023350000000000013,0.021500000000000002,0.00185,0.00485
hja2016_159,hja2016_152,sediment / sediment,within habitat,0.571,0.3036,0.021200000000000042,0.020100000000000024,0.0011,0.0037999999999999996
hja2016_160,hja2016_152,sediment / sediment,within habitat,0.7443,0.4901,0.06090000000000009,0.04120000000000007,0.0197,0.022849999999999995
hja2016_183,hja2016_152,sediment / soil,across habitats,0.8837,0.6435,0.12355,0.08255000000000007,0.040999999999999995,0.04189999999999999
hja2016_184,hja2016_152,sediment / soil,across habitats,0.896,0.6465,0.12195000000000002,0.08994999999999999,0.031999999999999994,0.0337
hja2016_185,hja2016_152,sediment / soil,across habitats,0.9067,0.7208,0.18474999999999986,0.12529999999999994,0.05945,0.05945
hja2016_188,hja2016_152,sediment / soil,across habitats,0.9784,0.8784,0.4393999999999994,0.25159999999999977,0.18780000000000008,0.18800000000000008
hja2016_189,hja2016_152,sediment / soil,across habitats,0.9637,0.8317,0.3619999999999993,0.16849999999999993,0.19350000000000003,0.19360000000000002
hja2016_190,hja2016_152,sediment / soil,across habitats,0.8941,0.6787,0.15684999999999988,0.10690000000000001,0.04995,0.051550000000000006
hja2016_191,hja2016_152,sediment / soil,across habitats,0.963,0.8386,0.35394999999999943,0.23029999999999984,0.12364999999999998,0.12364999999999998
hja2016_031,hja2016_152,hyporheic / sediment,across habitats,0.9714,0.7975,0.42064999999999964,0.26549999999999996,0.15514999999999995,0.15824999999999997
hja2016_032,hja2016_152,hyporheic / sediment,across habitats,0.9528,0.7097,0.3170499999999995,0.22709999999999989,0.08995,0.09325000000000001
hja2016_035,hja2016_152,hyporheic / sediment,across habitats,0.9707,0.8011,0.4270499999999998,0.2946999999999999,0.13234999999999997,0.13294999999999998
hja2016_037,hja2016_152,hyporheic / sediment,across habitats,0.9571,0.7488,0.34694999999999937,0.2600499999999998,0.0869,0.09164999999999998
hja2016_042,hja2016_152,planktonic / sediment,across habitats,0.9819,0.8572,0.5393499999999996,0.3612999999999995,0.17804999999999996,0.17909999999999995
hja2016_043,hja2016_152,hyporheic / sediment,across habitats,0.9278,0.6542,0.2505999999999998,0.19419999999999993,0.056399999999999985,0.058599999999999985
hja2016_049,hja2016_152,planktonic / sediment,across habitats,0.9813,0.8341,0.37704999999999933,0.2361999999999997,0.14084999999999998,0.14239999999999997
hja2016_050,hja2016_152,hyporheic / sediment,across habitats,0.9248,0.6593,0.19135,0.14955,0.04180000000000001,0.044000000000000004
hja2016_052,hja2016_152,hyporheic / sediment,across habitats,0.9151,0.6456,0.22175,0.1814,0.04035,0.04349999999999999
hja2016_056,hja2016_152,hyporheic / sediment,across habitats,0.9194,0.6939,0.16640000000000005,0.13105,0.03534999999999999,0.03644999999999999
hja2016_057,hja2016_152,hyporheic / sediment,across habitats,0.9669,0.8025,0.41664999999999947,0.31484999999999963,0.10179999999999999,0.10809999999999999
hja2016_059,hja2016_152,planktonic / sediment,across habitats,0.9038,0.6642,0.15114999999999987,0.1280999999999999,0.023050000000000005,0.025500000000000002
hja2016_062,hja2016_152,hyporheic / sediment,across habitats,0.8604,0.6265,0.12100000000000004,0.10070000000000004,0.020300000000000002,0.021850000000000005
hja2016_064,hja2016_152,planktonic / sediment,across habitats,0.9288,0.6744,0.2288999999999998,0.15729999999999997,0.07160000000000002,0.07275000000000002
hja2016_099,hja2016_152,planktonic / sediment,across habitats,0.9836,0.8275,0.4236999999999992,0.2756499999999999,0.14804999999999993,0.14804999999999993
hja2016_100,hja2016_152,planktonic / sediment,across habitats,0.9916,0.8641,0.5175999999999986,0.36359999999999915,0.15400000000000003,0.15430000000000002
hja2016_101,hja2016_152,planktonic / sediment,across habitats,0.9834,0.7957,0.3506499999999991,0.2390499999999997,0.1116,0.1116
hja2016_102,hja2016_152,hyporheic / sediment,across habitats,0.9832,0.8351,0.4143499999999992,0.2831499999999997,0.1312,0.1312
hja2016_103,hja2016_152,planktonic / sediment,across habitats,0.9638,0.7298,0.2826499999999995,0.20364999999999978,0.07900000000000001,0.07960000000000002
hja2016_105,hja2016_152,planktonic / sediment,across habitats,0.9833,0.842,0.4250999999999992,0.2845999999999997,0.14049999999999996,0.14064999999999997
hja2016_106,hja2016_152,planktonic / sediment,across habitats,0.9934,0.8364,0.4649999999999989,0.3158499999999995,0.14915000000000003,0.14915000000000003
hja2016_107,hja2016_152,hyporheic / sediment,across habitats,0.9808,0.8128,0.3477999999999993,0.2354999999999998,0.11230000000000002,0.11230000000000002
hja2016_109,hja2016_152,planktonic / sediment,across habitats,0.9814,0.8013,0.4032999999999991,0.26939999999999975,0.1339,0.1339
hja2016_110,hja2016_152,hyporheic / sediment,across habitats,0.9852,0.8013,0.3974499999999989,0.26409999999999983,0.13335,0.13335
hja2016_111,hja2016_152,planktonic / sediment,across habitats,0.9811,0.8168,0.41689999999999927,0.26869999999999966,0.1482,0.1482
hja2016_114,hja2016_152,planktonic / sediment,across habitats,0.9787,0.7963,0.3576999999999995,0.23884999999999976,0.11884999999999998,0.11884999999999998
hja2016_116,hja2016_152,planktonic / sediment,across habitats,0.9796,0.8182,0.39359999999999923,0.2612499999999997,0.13235,0.13235
hja2016_119,hja2016_152,planktonic / sediment,across habitats,0.9654,0.7184,0.26739999999999975,0.1771,0.09029999999999998,0.09029999999999998
hja2016_121,hja2016_152,hyporheic / sediment,across habitats,0.9938,0.845,0.4948499999999989,0.3432999999999994,0.15155000000000002,0.15155000000000002
hja2016_122,hja2016_152,sediment / sediment,within habitat,0.5852,0.3227,0.018099999999999995,0.016249999999999994,0.00185,0.0056
hja2016_125,hja2016_152,sediment / sediment,within habitat,0.5815,0.327,0.022300000000000025,0.021500000000000012,8e-4,0.005100000000000001
hja2016_164,hja2016_152,sediment / sediment,within habitat,0.4487,0.2246,0.014699999999999982,0.013949999999999983,7.500000000000001e-4,0.005450000000000001
hja2016_166,hja2016_152,sediment / sediment,within habitat,0.7569,0.49,0.0576500000000001,0.0403000000000001,0.01735,0.019549999999999998
hja2016_167,hja2016_152,sediment / sediment,within habitat,0.7404,0.445,0.04660000000000007,0.03775000000000003,0.008849999999999998,0.01165
hja2016_169,hja2016_152,sediment / sediment,within habitat,0.7329,0.439,0.04265000000000004,0.03245000000000004,0.0102,0.013649999999999999
hja2016_170,hja2016_152,sediment / sediment,within habitat,0.6972,0.3808,0.023000000000000024,0.021350000000000015,0.0016500000000000004,0.00425
hja2016_177,hja2016_152,sediment / sediment,within habitat,0.7082,0.4065,0.034100000000000054,0.030200000000000046,0.0039000000000000003,0.007649999999999998
hja2016_179,hja2016_152,sediment / sediment,within habitat,0.483,0.2452,0.016699999999999993,0.015599999999999989,0.0011,0.00445
hja2016_180,hja2016_152,sediment / sediment,within habitat,0.7428,0.4886,0.0501000000000001,0.03295000000000008,0.01715,0.0192
hja2016_181,hja2016_152,sediment / sediment,within habitat,0.6985,0.3803,0.019350000000000013,0.017650000000000002,0.0017000000000000001,0.00455
hja2016_193,hja2016_152,sediment / soil,across habitats,0.9549,0.7858,0.2776499999999996,0.15509999999999993,0.12254999999999999,0.12394999999999998
hja2016_194,hja2016_152,sediment / soil,across habitats,0.7705,0.5048,0.054050000000000084,0.04745000000000006,0.0066,0.00835
hja2016_195,hja2016_152,sediment / soil,across habitats,0.9187,0.7,0.13979999999999984,0.08725000000000008,0.05255,0.054000000000000006
hja2016_196,hja2016_152,sediment / soil,across habitats,0.8114,0.5331,0.06290000000000007,0.049300000000000066,0.013600000000000001,0.014400000000000001
hja2016_197,hja2016_152,sediment / soil,across habitats,0.9513,0.7277,0.22349999999999984,0.17454999999999987,0.04895,0.05045
hja2016_198,hja2016_152,sediment / soil,across habitats,0.8582,0.5897,0.09979999999999993,0.05810000000000011,0.041699999999999994,0.042249999999999996
hja2016_199,hja2016_152,sediment / soil,across habitats,0.8993,0.6623,0.1824499999999998,0.0894500000000001,0.093,0.09315
hja2016_200,hja2016_152,sediment / soil,across habitats,0.8511,0.6019,0.09615000000000001,0.07215000000000009,0.024,0.024399999999999998
hja2016_157,hja2016_155,sediment / sediment,within habitat,0.5556,0.2969,0.019850000000000013,0.01865000000000001,0.0012000000000000001,0.0033499999999999997
hja2016_159,hja2016_155,sediment / sediment,within habitat,0.5365,0.2433,0.018200000000000008,0.016399999999999988,0.0018000000000000002,0.00295
hja2016_160,hja2016_155,sediment / sediment,within habitat,0.6796,0.4641,0.0594500000000001,0.0450500000000001,0.014400000000000001,0.016350000000000003
hja2016_183,hja2016_155,sediment / soil,across habitats,0.7656,0.4796,0.06370000000000008,0.05005000000000009,0.013650000000000002,0.014400000000000003
hja2016_184,hja2016_155,sediment / soil,across habitats,0.8228,0.5616,0.07775000000000007,0.06720000000000012,0.01055,0.011850000000000001
hja2016_185,hja2016_155,sediment / soil,across habitats,0.8448,0.6086,0.14129999999999984,0.11269999999999993,0.0286,0.02885
hja2016_188,hja2016_155,sediment / soil,across habitats,0.9652,0.8434,0.360699999999999,0.24279999999999985,0.11789999999999999,0.11789999999999999
hja2016_189,hja2016_155,sediment / soil,across habitats,0.9514,0.7997,0.27704999999999946,0.17939999999999978,0.09765000000000001,0.09765000000000001
hja2016_190,hja2016_155,sediment / soil,across habitats,0.8516,0.6058,0.1196999999999999,0.09874999999999996,0.02095,0.02135
hja2016_191,hja2016_155,sediment / soil,across habitats,0.9375,0.7702,0.3321999999999991,0.25139999999999973,0.08079999999999998,0.08089999999999999
hja2016_031,hja2016_155,hyporheic / sediment,across habitats,0.9705,0.7866,0.47659999999999864,0.3244999999999991,0.15210000000000004,0.15750000000000003
hja2016_032,hja2016_155,hyporheic / sediment,across habitats,0.9442,0.6872,0.340099999999999,0.2610499999999998,0.07905,0.07975
hja2016_035,hja2016_155,hyporheic / sediment,across habitats,0.9656,0.7834,0.4177999999999991,0.3157499999999995,0.10205,0.10575000000000001
hja2016_037,hja2016_155,hyporheic / sediment,across habitats,0.947,0.6875,0.34309999999999913,0.2744999999999997,0.0686,0.0686
hja2016_042,hja2016_155,planktonic / sediment,across habitats,0.9827,0.8516,0.5257499999999988,0.3925499999999988,0.1332,0.1332
hja2016_043,hja2016_155,hyporheic / sediment,across habitats,0.9175,0.6345,0.2695499999999996,0.20939999999999978,0.06015,0.063
hja2016_049,hja2016_155,planktonic / sediment,across habitats,0.982,0.8306,0.40504999999999863,0.3025999999999992,0.10245,0.10245
hja2016_050,hja2016_155,hyporheic / sediment,across habitats,0.8991,0.6165,0.16689999999999997,0.1385499999999999,0.02835,0.0286
hja2016_052,hja2016_155,hyporheic / sediment,across habitats,0.8999,0.5926,0.1714999999999999,0.15279999999999996,0.018699999999999998,0.02115
hja2016_056,hja2016_155,hyporheic / sediment,across habitats,0.8902,0.661,0.15769999999999984,0.12955000000000003,0.028149999999999998,0.029599999999999998
hja2016_057,hja2016_155,hyporheic / sediment,across habitats,0.962,0.7731,0.429599999999999,0.332599999999999,0.09700000000000002,0.10340000000000002
hja2016_059,hja2016_155,planktonic / sediment,across habitats,0.8831,0.6348,0.1430999999999998,0.1322999999999999,0.010800000000000002,0.011550000000000003
hja2016_062,hja2016_155,hyporheic / sediment,across habitats,0.8761,0.6223,0.14559999999999995,0.12065000000000001,0.024949999999999996,0.024949999999999996
hja2016_064,hja2016_155,planktonic / sediment,across habitats,0.9175,0.6491,0.24984999999999977,0.21229999999999985,0.03755,0.03905
hja2016_099,hja2016_155,planktonic / sediment,across habitats,0.9688,0.7911,0.35644999999999905,0.24034999999999992,0.11609999999999998,0.11609999999999998
hja2016_100,hja2016_155,planktonic / sediment,across habitats,0.9827,0.8347,0.4614999999999992,0.3316999999999992,0.12980000000000003,0.12980000000000003
hja2016_101,hja2016_155,planktonic / sediment,across habitats,0.9709,0.7576,0.31059999999999915,0.22699999999999987,0.08360000000000002,0.08360000000000002
hja2016_102,hja2016_155,hyporheic / sediment,across habitats,0.9693,0.8033,0.3591499999999991,0.23924999999999977,0.11990000000000005,0.11990000000000005
hja2016_103,hja2016_155,planktonic / sediment,across habitats,0.9354,0.6654,0.23349999999999976,0.18074999999999994,0.05275,0.05275
hja2016_105,hja2016_155,planktonic / sediment,across habitats,0.969,0.8085,0.36609999999999887,0.25594999999999973,0.11015,0.11015
hja2016_106,hja2016_155,planktonic / sediment,across habitats,0.9885,0.8172,0.45344999999999874,0.2986999999999993,0.15474999999999994,0.15474999999999994
hja2016_107,hja2016_155,hyporheic / sediment,across habitats,0.9673,0.7745,0.3013999999999993,0.2050499999999998,0.09635000000000003,0.09655000000000002
hja2016_109,hja2016_155,planktonic / sediment,across habitats,0.9701,0.7526,0.3367999999999991,0.2505999999999998,0.0862,0.0862
hja2016_110,hja2016_155,hyporheic / sediment,across habitats,0.972,0.7581,0.33999999999999947,0.2382499999999999,0.10175,0.10175
hja2016_111,hja2016_155,planktonic / sediment,across habitats,0.9637,0.7738,0.3587499999999991,0.23384999999999964,0.12490000000000005,0.12490000000000005
hja2016_114,hja2016_155,planktonic / sediment,across habitats,0.964,0.7608,0.3098499999999991,0.2093499999999998,0.10049999999999999,0.10049999999999999
hja2016_116,hja2016_155,planktonic / sediment,across habitats,0.9619,0.7751,0.33034999999999926,0.22634999999999988,0.10400000000000001,0.10400000000000001
hja2016_119,hja2016_155,planktonic / sediment,across habitats,0.9353,0.6489,0.21324999999999963,0.15349999999999978,0.05975,0.05975
hja2016_121,hja2016_155,hyporheic / sediment,across habitats,0.9895,0.8269,0.4730999999999989,0.3166499999999994,0.15645000000000006,0.15645000000000006
hja2016_122,hja2016_155,sediment / sediment,within habitat,0.5323,0.2442,0.01654999999999999,0.014849999999999985,0.0017000000000000001,0.0030999999999999995
hja2016_125,hja2016_155,sediment / sediment,within habitat,0.5317,0.2382,0.016149999999999994,0.015199999999999988,9.499999999999999e-4,0.00265
hja2016_164,hja2016_155,sediment / sediment,within habitat,0.6468,0.3396,0.021150000000000013,0.019300000000000005,0.00185,0.0028999999999999994
hja2016_166,hja2016_155,sediment / sediment,within habitat,0.6878,0.4515,0.05645000000000008,0.043100000000000076,0.013350000000000002,0.0149
hja2016_167,hja2016_155,sediment / sediment,within habitat,0.72,0.3903,0.03985000000000006,0.033900000000000055,0.0059499999999999996,0.0071
hja2016_169,hja2016_155,sediment / sediment,within habitat,0.7239,0.3991,0.036900000000000044,0.031400000000000046,0.0055000000000000005,0.006200000000000001
hja2016_170,hja2016_155,sediment / sediment,within habitat,0.5138,0.3008,0.01549999999999998,0.014149999999999982,0.00135,0.0037499999999999994
hja2016_177,hja2016_155,sediment / sediment,within habitat,0.6792,0.316,0.02865000000000003,0.02720000000000002,0.00145,0.0031
hja2016_179,hja2016_155,sediment / sediment,within habitat,0.642,0.2909,0.027300000000000043,0.023800000000000033,0.0034999999999999996,0.005299999999999999
hja2016_180,hja2016_155,sediment / sediment,within habitat,0.6792,0.4523,0.04740000000000009,0.03650000000000008,0.010900000000000002,0.011450000000000002
hja2016_181,hja2016_155,sediment / sediment,within habitat,0.5189,0.3007,0.01549999999999999,0.013749999999999984,0.0017499999999999998,0.0038499999999999993
hja2016_193,hja2016_155,sediment / soil,across habitats,0.9318,0.7239,0.2171499999999997,0.1439999999999997,0.07314999999999999,0.07314999999999999
hja2016_194,hja2016_155,sediment / soil,across habitats,0.5925,0.3144,0.02080000000000001,0.019700000000000006,0.0010999999999999998,0.00185
hja2016_195,hja2016_155,sediment / soil,across habitats,0.8576,0.5967,0.10479999999999992,0.08485,0.01995,0.02015
hja2016_196,hja2016_155,sediment / soil,across habitats,0.7184,0.4168,0.037700000000000046,0.029550000000000028,0.00815,0.008799999999999999
hja2016_197,hja2016_155,sediment / soil,across habitats,0.9189,0.6613,0.17519999999999963,0.14029999999999973,0.03490000000000001,0.03490000000000001
hja2016_198,hja2016_155,sediment / soil,across habitats,0.7619,0.4417,0.044850000000000084,0.03715000000000008,0.0077,0.008500000000000002
hja2016_199,hja2016_155,sediment / soil,across habitats,0.835,0.5696,0.1276999999999998,0.08725,0.04045000000000001,0.041
hja2016_200,hja2016_155,sediment / soil,across habitats,0.7235,0.4243,0.05315000000000007,0.039350000000000024,0.013800000000000003,0.013950000000000002
hja2016_159,hja2016_157,sediment / sediment,within habitat,0.5977,0.331,0.020600000000000007,0.019650000000000004,9.5e-4,0.00345
hja2016_160,hja2016_157,sediment / sediment,within habitat,0.5588,0.3663,0.05320000000000007,0.03880000000000003,0.014400000000000001,0.0183
hja2016_183,hja2016_157,sediment / soil,across habitats,0.8625,0.5654,0.08705000000000004,0.07105,0.015999999999999997,0.016499999999999997
hja2016_184,hja2016_157,sediment / soil,across habitats,0.8821,0.6194,0.09824999999999999,0.08229999999999996,0.01595,0.01725
hja2016_185,hja2016_157,sediment / soil,across habitats,0.9095,0.7057,0.20944999999999994,0.15970000000000004,0.04975000000000001,0.05055000000000001
hja2016_188,hja2016_157,sediment / soil,across habitats,0.9771,0.8647,0.39869999999999933,0.2810999999999998,0.11760000000000002,0.11770000000000004
hja2016_189,hja2016_157,sediment / soil,across habitats,0.9677,0.8113,0.33969999999999945,0.2084499999999999,0.13125000000000006,0.13125000000000006
hja2016_190,hja2016_157,sediment / soil,across habitats,0.8954,0.6561,0.16104999999999997,0.12485000000000009,0.0362,0.03765000000000001
hja2016_191,hja2016_157,sediment / soil,across habitats,0.9622,0.8154,0.37919999999999904,0.27934999999999965,0.09985000000000002,0.09995000000000004
hja2016_031,hja2016_157,hyporheic / sediment,across habitats,0.9691,0.7825,0.4626499999999988,0.32844999999999924,0.13420000000000004,0.14145000000000005
hja2016_032,hja2016_157,hyporheic / sediment,across habitats,0.9369,0.6779,0.3458999999999994,0.26265000000000005,0.08325,0.08395000000000001
hja2016_035,hja2016_157,hyporheic / sediment,across habitats,0.9738,0.8152,0.4735499999999991,0.3634499999999997,0.11010000000000002,0.11040000000000001
hja2016_037,hja2016_157,hyporheic / sediment,across habitats,0.9605,0.7295,0.3803499999999992,0.31829999999999936,0.06205000000000001,0.0625
hja2016_042,hja2016_157,planktonic / sediment,across habitats,0.9742,0.8292,0.5191499999999988,0.3999499999999989,0.11920000000000004,0.11985000000000004
hja2016_043,hja2016_157,hyporheic / sediment,across habitats,0.9132,0.6086,0.25655000000000006,0.2061500000000002,0.05040000000000001,0.052500000000000005
hja2016_049,hja2016_157,planktonic / sediment,across habitats,0.975,0.8064,0.4154999999999989,0.3325999999999993,0.08290000000000002,0.0874
hja2016_050,hja2016_157,hyporheic / sediment,across habitats,0.8981,0.6166,0.17670000000000027,0.15680000000000027,0.019899999999999998,0.020749999999999998
hja2016_052,hja2016_157,hyporheic / sediment,across habitats,0.9213,0.6384,0.20920000000000025,0.1874000000000002,0.021799999999999996,0.023849999999999996
hja2016_056,hja2016_157,hyporheic / sediment,across habitats,0.9132,0.6773,0.1819000000000002,0.15965000000000026,0.022249999999999995,0.0235
hja2016_057,hja2016_157,hyporheic / sediment,across habitats,0.9585,0.7513,0.420549999999999,0.3490999999999992,0.07145000000000003,0.07145000000000003
hja2016_059,hja2016_157,planktonic / sediment,across habitats,0.8755,0.6115,0.15880000000000016,0.14705000000000007,0.011749999999999998,0.014949999999999998
hja2016_062,hja2016_157,hyporheic / sediment,across habitats,0.8717,0.6176,0.14940000000000012,0.13090000000000004,0.018499999999999996,0.0192
hja2016_064,hja2016_157,planktonic / sediment,across habitats,0.9063,0.6318,0.2254000000000001,0.18880000000000016,0.0366,0.03785
hja2016_099,hja2016_157,planktonic / sediment,across habitats,0.9706,0.7968,0.3923499999999991,0.26129999999999975,0.13105,0.13105
hja2016_100,hja2016_157,planktonic / sediment,across habitats,0.984,0.8336,0.4808499999999991,0.3720499999999991,0.1088,0.10914999999999998
hja2016_101,hja2016_157,planktonic / sediment,across habitats,0.9708,0.754,0.3388499999999994,0.23899999999999985,0.09985,0.09985
hja2016_102,hja2016_157,hyporheic / sediment,across habitats,0.9736,0.8141,0.3911499999999993,0.27469999999999956,0.11644999999999997,0.11644999999999997
hja2016_103,hja2016_157,planktonic / sediment,across habitats,0.941,0.6843,0.2675999999999995,0.19954999999999998,0.06805,0.06865000000000002
hja2016_105,hja2016_157,planktonic / sediment,across habitats,0.971,0.8177,0.3995499999999991,0.2735499999999996,0.12600000000000003,0.12615000000000004
hja2016_106,hja2016_157,planktonic / sediment,across habitats,0.9888,0.8103,0.4493499999999989,0.31719999999999926,0.13215,0.13215
hja2016_107,hja2016_157,hyporheic / sediment,across habitats,0.9681,0.7776,0.3472499999999994,0.236,0.11125000000000002,0.11125000000000002
hja2016_109,hja2016_157,planktonic / sediment,across habitats,0.97,0.7484,0.34014999999999923,0.26254999999999956,0.07759999999999997,0.07759999999999997
hja2016_110,hja2016_157,hyporheic / sediment,across habitats,0.9727,0.7549,0.3513499999999998,0.2644999999999997,0.08684999999999998,0.08684999999999998
hja2016_111,hja2016_157,planktonic / sediment,across habitats,0.9672,0.7837,0.39354999999999934,0.2621999999999996,0.13135000000000005,0.13135000000000005
hja2016_114,hja2016_157,planktonic / sediment,across habitats,0.9636,0.7563,0.32579999999999937,0.2172000000000001,0.10859999999999996,0.10859999999999996
hja2016_116,hja2016_157,planktonic / sediment,across habitats,0.9648,0.779,0.3649499999999995,0.2524999999999998,0.11245000000000004,0.11245000000000004
hja2016_119,hja2016_157,planktonic / sediment,across habitats,0.9438,0.6706,0.2394999999999999,0.17204999999999995,0.06745000000000001,0.06745000000000001
hja2016_121,hja2016_157,hyporheic / sediment,across habitats,0.9905,0.8191,0.468849999999999,0.34579999999999933,0.12304999999999998,0.12304999999999998
hja2016_122,hja2016_157,sediment / sediment,within habitat,0.5969,0.3178,0.01755,0.016099999999999993,0.0014500000000000001,0.0056
hja2016_125,hja2016_157,sediment / sediment,within habitat,0.5941,0.3268,0.017350000000000004,0.015649999999999994,0.0017000000000000001,0.0052
hja2016_164,hja2016_157,sediment / sediment,within habitat,0.6867,0.3921,0.024700000000000017,0.023150000000000018,0.0015500000000000002,0.004350000000000001
hja2016_166,hja2016_157,sediment / sediment,within habitat,0.5635,0.3364,0.04905000000000005,0.03460000000000003,0.014450000000000001,0.018850000000000002
hja2016_167,hja2016_157,sediment / sediment,within habitat,0.7365,0.3999,0.04125000000000008,0.034300000000000046,0.006950000000000001,0.01085
hja2016_169,hja2016_157,sediment / sediment,within habitat,0.7312,0.41,0.03960000000000005,0.032500000000000036,0.0070999999999999995,0.0096
hja2016_170,hja2016_157,sediment / sediment,within habitat,0.5385,0.2848,0.017699999999999997,0.01724999999999999,4.5e-4,0.004750000000000001
hja2016_177,hja2016_157,sediment / sediment,within habitat,0.6907,0.361,0.02855000000000002,0.02770000000000002,8.5e-4,0.00475
hja2016_179,hja2016_157,sediment / sediment,within habitat,0.6344,0.3051,0.023200000000000016,0.022700000000000015,5e-4,0.00285
hja2016_180,hja2016_157,sediment / sediment,within habitat,0.5473,0.3422,0.04395000000000006,0.03285000000000006,0.0111,0.012950000000000001
hja2016_181,hja2016_157,sediment / sediment,within habitat,0.539,0.274,0.016900000000000002,0.015749999999999997,0.00115,0.00485
hja2016_193,hja2016_157,sediment / soil,across habitats,0.9473,0.7596,0.24904999999999977,0.16065000000000002,0.08840000000000003,0.08925000000000002
hja2016_194,hja2016_157,sediment / soil,across habitats,0.7175,0.4125,0.03020000000000003,0.02620000000000003,0.004,0.006150000000000001
hja2016_195,hja2016_157,sediment / soil,across habitats,0.9054,0.6647,0.14154999999999995,0.10704999999999994,0.0345,0.035800000000000005
hja2016_196,hja2016_157,sediment / soil,across habitats,0.7633,0.4648,0.044800000000000055,0.03500000000000003,0.0098,0.0113
hja2016_197,hja2016_157,sediment / soil,across habitats,0.9373,0.7035,0.1879999999999999,0.14924999999999994,0.03875000000000001,0.03975000000000001
hja2016_198,hja2016_157,sediment / soil,across habitats,0.8282,0.5167,0.06770000000000002,0.04650000000000005,0.0212,0.02145
hja2016_199,hja2016_157,sediment / soil,across habitats,0.8787,0.6014,0.12654999999999997,0.08790000000000003,0.038650000000000004,0.03900000000000001
hja2016_200,hja2016_157,sediment / soil,across habitats,0.8335,0.5341,0.08169999999999998,0.05630000000000003,0.025400000000000006,0.025900000000000006
hja2016_160,hja2016_159,sediment / sediment,within habitat,0.7259,0.505,0.05815000000000007,0.04485000000000006,0.013300000000000001,0.014850000000000002
hja2016_183,hja2016_159,sediment / soil,across habitats,0.8371,0.5612,0.08620000000000007,0.07135000000000008,0.014850000000000004,0.015700000000000002
hja2016_184,hja2016_159,sediment / soil,across habitats,0.8643,0.6051,0.09815000000000007,0.08110000000000012,0.017050000000000003,0.018700000000000005
hja2016_185,hja2016_159,sediment / soil,across habitats,0.88,0.6657,0.14919999999999986,0.11390000000000003,0.0353,0.03745
hja2016_188,hja2016_159,sediment / soil,across habitats,0.9766,0.8604,0.4111499999999988,0.25489999999999974,0.15625000000000006,0.15790000000000004
hja2016_189,hja2016_159,sediment / soil,across habitats,0.9628,0.8094,0.310449999999999,0.2012499999999999,0.10920000000000002,0.10950000000000001
hja2016_190,hja2016_159,sediment / soil,across habitats,0.8798,0.6393,0.1358,0.10350000000000004,0.032299999999999995,0.03455
hja2016_191,hja2016_159,sediment / soil,across habitats,0.9585,0.8178,0.35654999999999915,0.2669999999999996,0.08955000000000003,0.08985000000000003
hja2016_031,hja2016_159,hyporheic / sediment,across habitats,0.9639,0.8067,0.4959499999999985,0.34784999999999916,0.14810000000000006,0.15225000000000005
hja2016_032,hja2016_159,hyporheic / sediment,across habitats,0.9436,0.7046,0.347799999999999,0.2615499999999998,0.08625,0.08755000000000002
hja2016_035,hja2016_159,hyporheic / sediment,across habitats,0.9623,0.7836,0.40329999999999955,0.3224499999999997,0.08084999999999999,0.08084999999999999
hja2016_037,hja2016_159,hyporheic / sediment,across habitats,0.9403,0.6939,0.35079999999999933,0.28074999999999967,0.07005,0.07104999999999999
hja2016_042,hja2016_159,planktonic / sediment,across habitats,0.9776,0.855,0.559549999999998,0.4198999999999991,0.13965000000000005,0.14200000000000007
hja2016_043,hja2016_159,hyporheic / sediment,across habitats,0.9107,0.655,0.2720999999999998,0.2162999999999999,0.05579999999999998,0.05679999999999998
hja2016_049,hja2016_159,planktonic / sediment,across habitats,0.9832,0.8586,0.42129999999999873,0.31484999999999924,0.10645000000000003,0.11355000000000004
hja2016_050,hja2016_159,hyporheic / sediment,across habitats,0.8981,0.6201,0.18460000000000007,0.15039999999999995,0.03420000000000001,0.035550000000000005
hja2016_052,hja2016_159,hyporheic / sediment,across habitats,0.8912,0.5862,0.2187,0.19234999999999994,0.026350000000000002,0.026650000000000004
hja2016_056,hja2016_159,hyporheic / sediment,across habitats,0.8876,0.6613,0.15469999999999987,0.13094999999999996,0.023750000000000007,0.027250000000000003
hja2016_057,hja2016_159,hyporheic / sediment,across habitats,0.9587,0.7786,0.4119999999999992,0.3283999999999992,0.08360000000000001,0.08980000000000002
hja2016_059,hja2016_159,planktonic / sediment,across habitats,0.885,0.6537,0.15419999999999995,0.1356,0.018600000000000005,0.02295
hja2016_062,hja2016_159,hyporheic / sediment,across habitats,0.8726,0.635,0.15964999999999996,0.13325000000000006,0.0264,0.0272
hja2016_064,hja2016_159,planktonic / sediment,across habitats,0.9132,0.673,0.24560000000000015,0.20504999999999998,0.040549999999999996,0.045749999999999985
hja2016_099,hja2016_159,planktonic / sediment,across habitats,0.9731,0.799,0.366949999999999,0.23829999999999985,0.12865,0.12865
hja2016_100,hja2016_159,planktonic / sediment,across habitats,0.9857,0.8408,0.48029999999999856,0.3527499999999988,0.12755000000000005,0.12755000000000005
hja2016_101,hja2016_159,planktonic / sediment,across habitats,0.9756,0.7646,0.3158999999999991,0.20969999999999983,0.10620000000000002,0.10630000000000002
hja2016_102,hja2016_159,hyporheic / sediment,across habitats,0.9727,0.8077,0.34719999999999895,0.23444999999999983,0.11275000000000003,0.11275000000000003
hja2016_103,hja2016_159,planktonic / sediment,across habitats,0.9452,0.6819,0.2150999999999998,0.1644999999999999,0.05059999999999999,0.05104999999999999
hja2016_105,hja2016_159,planktonic / sediment,across habitats,0.9728,0.8138,0.3531499999999988,0.23269999999999996,0.12045000000000003,0.12045000000000003
hja2016_106,hja2016_159,planktonic / sediment,across habitats,0.9906,0.818,0.47129999999999855,0.3258499999999991,0.14544999999999997,0.14544999999999997
hja2016_107,hja2016_159,hyporheic / sediment,across habitats,0.9732,0.7805,0.307399999999999,0.19929999999999984,0.10810000000000003,0.10810000000000003
hja2016_109,hja2016_159,planktonic / sediment,across habitats,0.9719,0.7589,0.3412999999999989,0.24339999999999998,0.09790000000000001,0.09790000000000001
hja2016_110,hja2016_159,hyporheic / sediment,across habitats,0.9744,0.7613,0.3502499999999994,0.25205,0.09820000000000001,0.09865
hja2016_111,hja2016_159,planktonic / sediment,across habitats,0.9693,0.7898,0.3543999999999991,0.22474999999999976,0.12965000000000007,0.13030000000000005
hja2016_114,hja2016_159,planktonic / sediment,across habitats,0.9689,0.7648,0.3080499999999992,0.21505000000000007,0.093,0.093
hja2016_116,hja2016_159,planktonic / sediment,across habitats,0.9673,0.7785,0.3400499999999992,0.22400000000000003,0.11605000000000001,0.11615000000000002
hja2016_119,hja2016_159,planktonic / sediment,across habitats,0.9482,0.6667,0.20519999999999977,0.1443999999999999,0.06079999999999999,0.06104999999999999
hja2016_121,hja2016_159,hyporheic / sediment,across habitats,0.9908,0.8261,0.4878499999999988,0.34944999999999893,0.13840000000000002,0.13840000000000002
hja2016_122,hja2016_159,sediment / sediment,within habitat,0.3826,0.1473,0.014099999999999982,0.013049999999999983,0.00105,0.0056
hja2016_125,hja2016_159,sediment / sediment,within habitat,0.3813,0.1455,0.011999999999999985,0.011699999999999986,3.0000000000000003e-4,0.006500000000000001
hja2016_164,hja2016_159,sediment / sediment,within habitat,0.5521,0.2744,0.01905000000000001,0.016299999999999988,0.00275,0.00575
hja2016_166,hja2016_159,sediment / sediment,within habitat,0.728,0.481,0.05385000000000008,0.04095000000000007,0.012900000000000002,0.015150000000000005
hja2016_167,hja2016_159,sediment / sediment,within habitat,0.7353,0.4189,0.03990000000000005,0.03010000000000003,0.009800000000000001,0.01225
hja2016_169,hja2016_159,sediment / sediment,within habitat,0.7315,0.4362,0.03885000000000006,0.031200000000000037,0.00765,0.0102
hja2016_170,hja2016_159,sediment / sediment,within habitat,0.6127,0.3609,0.02205000000000004,0.019950000000000016,0.0021,0.0050999999999999995
hja2016_177,hja2016_159,sediment / sediment,within habitat,0.6814,0.3543,0.028300000000000054,0.024650000000000016,0.0036500000000000005,0.0069500000000000004
hja2016_179,hja2016_159,sediment / sediment,within habitat,0.5657,0.2643,0.024950000000000017,0.023100000000000013,0.0018499999999999996,0.0048000000000000004
hja2016_180,hja2016_159,sediment / sediment,within habitat,0.7171,0.4852,0.04835000000000006,0.036200000000000045,0.012150000000000001,0.013850000000000003
hja2016_181,hja2016_159,sediment / sediment,within habitat,0.6183,0.3592,0.021950000000000025,0.019050000000000008,0.0029000000000000002,0.006
hja2016_193,hja2016_159,sediment / soil,across habitats,0.9484,0.7601,0.24409999999999976,0.14419999999999983,0.09990000000000003,0.10075000000000003
hja2016_194,hja2016_159,sediment / soil,across habitats,0.663,0.3784,0.03150000000000006,0.025900000000000024,0.005600000000000001,0.007049999999999999
hja2016_195,hja2016_159,sediment / soil,across habitats,0.9012,0.6552,0.13269999999999987,0.09779999999999998,0.03489999999999999,0.03604999999999999
hja2016_196,hja2016_159,sediment / soil,across habitats,0.7629,0.4652,0.052700000000000045,0.038200000000000046,0.0145,0.015200000000000002
hja2016_197,hja2016_159,sediment / soil,across habitats,0.9451,0.7077,0.21009999999999987,0.1552499999999999,0.05484999999999999,0.054999999999999986
hja2016_198,hja2016_159,sediment / soil,across habitats,0.8143,0.5015,0.08030000000000004,0.05570000000000007,0.024600000000000004,0.024900000000000005
hja2016_199,hja2016_159,sediment / soil,across habitats,0.8761,0.6103,0.1358999999999999,0.08875000000000008,0.04715,0.04794999999999999
hja2016_200,hja2016_159,sediment / soil,across habitats,0.7896,0.5028,0.07255000000000006,0.05535000000000009,0.0172,0.017599999999999998
hja2016_183,hja2016_160,sediment / soil,across habitats,0.9233,0.7064,0.20529999999999984,0.13829999999999984,0.067,0.067
hja2016_184,hja2016_160,sediment / soil,across habitats,0.9279,0.7174,0.18124999999999977,0.14174999999999996,0.03949999999999999,0.04034999999999999
hja2016_185,hja2016_160,sediment / soil,across habitats,0.9576,0.8129,0.3059999999999993,0.2044499999999998,0.10154999999999999,0.10164999999999999
hja2016_188,hja2016_160,sediment / soil,across habitats,0.9875,0.8994,0.46909999999999863,0.31254999999999916,0.15655000000000002,0.15755000000000002
hja2016_189,hja2016_160,sediment / soil,across habitats,0.9803,0.8484,0.41869999999999885,0.2496499999999997,0.16905,0.16905
hja2016_190,hja2016_160,sediment / soil,across habitats,0.9365,0.7574,0.24114999999999961,0.16869999999999977,0.07245,0.0726
hja2016_191,hja2016_160,sediment / soil,across habitats,0.976,0.8587,0.4571999999999986,0.32069999999999926,0.13650000000000007,0.13650000000000007
hja2016_031,hja2016_160,hyporheic / sediment,across habitats,0.9715,0.7787,0.4537999999999983,0.33854999999999874,0.11525000000000006,0.11600000000000006
hja2016_032,hja2016_160,hyporheic / sediment,across habitats,0.9538,0.6888,0.3120999999999991,0.23889999999999967,0.07319999999999997,0.07394999999999997
hja2016_035,hja2016_160,hyporheic / sediment,across habitats,0.9758,0.8096,0.4618999999999988,0.34879999999999917,0.1131,0.1131
hja2016_037,hja2016_160,hyporheic / sediment,across habitats,0.9735,0.7863,0.41294999999999876,0.3287499999999991,0.08419999999999998,0.0931
hja2016_042,hja2016_160,planktonic / sediment,across habitats,0.9831,0.8147,0.4966499999999987,0.37859999999999866,0.11805,0.11805
hja2016_043,hja2016_160,hyporheic / sediment,across habitats,0.9325,0.6362,0.2522499999999995,0.20399999999999965,0.04825,0.04825
hja2016_049,hja2016_160,planktonic / sediment,across habitats,0.9718,0.7686,0.3353999999999987,0.26299999999999923,0.07239999999999999,0.0725
hja2016_050,hja2016_160,hyporheic / sediment,across habitats,0.9179,0.6525,0.18494999999999984,0.15609999999999988,0.028850000000000004,0.033299999999999996
hja2016_052,hja2016_160,hyporheic / sediment,across habitats,0.9444,0.6977,0.2684999999999996,0.20389999999999972,0.0646,0.06775
hja2016_056,hja2016_160,hyporheic / sediment,across habitats,0.9427,0.746,0.21084999999999993,0.16925,0.04160000000000001,0.04265000000000002
hja2016_057,hja2016_160,hyporheic / sediment,across habitats,0.9662,0.7678,0.40764999999999846,0.320699999999999,0.08694999999999999,0.08759999999999998
hja2016_059,hja2016_160,planktonic / sediment,across habitats,0.9089,0.6278,0.1564999999999998,0.12774999999999984,0.028749999999999998,0.03165
hja2016_062,hja2016_160,hyporheic / sediment,across habitats,0.884,0.6366,0.14454999999999996,0.1256,0.01895,0.0203
hja2016_064,hja2016_160,planktonic / sediment,across habitats,0.9211,0.633,0.19659999999999975,0.1630499999999997,0.03355,0.0361
hja2016_099,hja2016_160,planktonic / sediment,across habitats,0.9761,0.7833,0.35634999999999856,0.23164999999999977,0.12470000000000002,0.12490000000000002
hja2016_100,hja2016_160,planktonic / sediment,across habitats,0.9865,0.8149,0.4087999999999985,0.33019999999999877,0.07859999999999999,0.0791
hja2016_101,hja2016_160,planktonic / sediment,across habitats,0.9734,0.7359,0.29314999999999913,0.18969999999999967,0.10345000000000004,0.10345000000000004
hja2016_102,hja2016_160,hyporheic / sediment,across habitats,0.9775,0.81,0.3596499999999987,0.24364999999999964,0.116,0.11620000000000001
hja2016_103,hja2016_160,planktonic / sediment,across habitats,0.9582,0.7238,0.26589999999999914,0.19824999999999973,0.06765000000000002,0.06765000000000002
hja2016_105,hja2016_160,planktonic / sediment,across habitats,0.9753,0.8089,0.3607999999999986,0.24574999999999975,0.11505000000000004,0.11505000000000004
hja2016_106,hja2016_160,planktonic / sediment,across habitats,0.9891,0.7801,0.37364999999999876,0.30604999999999916,0.06760000000000002,0.06760000000000002
hja2016_107,hja2016_160,hyporheic / sediment,across habitats,0.9743,0.7742,0.3179499999999993,0.21394999999999978,0.10400000000000004,0.10400000000000004
hja2016_109,hja2016_160,planktonic / sediment,across habitats,0.9751,0.7493,0.33314999999999884,0.2604499999999996,0.07269999999999999,0.07294999999999999
hja2016_110,hja2016_160,hyporheic / sediment,across habitats,0.9778,0.7553,0.3290999999999991,0.24524999999999963,0.08385,0.08385
hja2016_111,hja2016_160,planktonic / sediment,across habitats,0.9734,0.7819,0.36699999999999905,0.25639999999999963,0.11060000000000002,0.11060000000000002
hja2016_114,hja2016_160,planktonic / sediment,across habitats,0.9701,0.7442,0.27709999999999935,0.19439999999999982,0.08269999999999997,0.08294999999999997
hja2016_116,hja2016_160,planktonic / sediment,across habitats,0.9728,0.7732,0.333849999999999,0.22294999999999973,0.11090000000000003,0.11090000000000003
hja2016_119,hja2016_160,planktonic / sediment,across habitats,0.9566,0.7132,0.22614999999999966,0.15319999999999992,0.07295000000000001,0.07305000000000002
hja2016_121,hja2016_160,hyporheic / sediment,across habitats,0.9905,0.7929,0.38024999999999853,0.306249999999999,0.07400000000000002,0.07400000000000002
hja2016_122,hja2016_160,sediment / sediment,within habitat,0.7217,0.4994,0.05850000000000007,0.042600000000000054,0.0159,0.0194
hja2016_125,hja2016_160,sediment / sediment,within habitat,0.728,0.5102,0.05340000000000007,0.04425000000000005,0.00915,0.013250000000000001
hja2016_164,hja2016_160,sediment / sediment,within habitat,0.7594,0.5235,0.0650500000000001,0.044050000000000096,0.020999999999999998,0.022999999999999993
hja2016_166,hja2016_160,sediment / sediment,within habitat,0.3627,0.1717,0.015799999999999988,0.015299999999999989,5e-4,0.00625
hja2016_167,hja2016_160,sediment / sediment,within habitat,0.7596,0.4623,0.05090000000000007,0.044550000000000055,0.00635,0.00975
hja2016_169,hja2016_160,sediment / sediment,within habitat,0.7516,0.4642,0.05410000000000011,0.04535000000000008,0.008749999999999997,0.011
hja2016_170,hja2016_160,sediment / sediment,within habitat,0.5996,0.3455,0.05040000000000008,0.038900000000000046,0.0115,0.015000000000000001
hja2016_177,hja2016_160,sediment / sediment,within habitat,0.7877,0.5132,0.0905999999999999,0.07490000000000006,0.0157,0.02085
hja2016_179,hja2016_160,sediment / sediment,within habitat,0.7243,0.4489,0.0578500000000001,0.045100000000000105,0.01275,0.017350000000000004
hja2016_180,hja2016_160,sediment / sediment,within habitat,0.3213,0.1402,0.012399999999999979,0.012049999999999979,3.5e-4,0.007600000000000001
hja2016_181,hja2016_160,sediment / sediment,within habitat,0.6044,0.3516,0.050600000000000096,0.03605000000000009,0.014550000000000002,0.017400000000000002
hja2016_193,hja2016_160,sediment / soil,across habitats,0.965,0.81,0.2919499999999992,0.2043499999999997,0.08760000000000001,0.0882
hja2016_194,hja2016_160,sediment / soil,across habitats,0.8259,0.5938,0.08924999999999993,0.06965000000000005,0.019600000000000003,0.020800000000000003
hja2016_195,hja2016_160,sediment / soil,across habitats,0.9462,0.7485,0.21214999999999973,0.14769999999999975,0.06445,0.06469999999999998
hja2016_196,hja2016_160,sediment / soil,across habitats,0.8289,0.5873,0.08605000000000007,0.059450000000000114,0.026600000000000006,0.027050000000000008
hja2016_197,hja2016_160,sediment / soil,across habitats,0.9511,0.7395,0.23824999999999963,0.14354999999999987,0.09469999999999999,0.09505
hja2016_198,hja2016_160,sediment / soil,across habitats,0.8939,0.6669,0.16729999999999978,0.09515,0.07214999999999999,0.0732
hja2016_199,hja2016_160,sediment / soil,across habitats,0.9225,0.703,0.2234999999999998,0.1324499999999999,0.09104999999999998,0.09169999999999999
hja2016_200,hja2016_160,sediment / soil,across habitats,0.9067,0.7,0.19419999999999976,0.11989999999999996,0.0743,0.0743
hja2016_184,hja2016_183,soil / soil,within habitat,0.5836,0.3142,0.020400000000000022,0.01970000000000002,6.999999999999999e-4,0.005049999999999999
hja2016_185,hja2016_183,soil / soil,within habitat,0.7709,0.4481,0.05405000000000011,0.0429500000000001,0.011099999999999999,0.011949999999999999
hja2016_188,hja2016_183,soil / soil,within habitat,0.8822,0.6511,0.16914999999999972,0.10659999999999983,0.06254999999999998,0.06254999999999998
hja2016_189,hja2016_183,soil / soil,within habitat,0.8722,0.6159,0.13289999999999977,0.08314999999999995,0.04974999999999999,0.050149999999999986
hja2016_190,hja2016_183,soil / soil,within habitat,0.7083,0.4294,0.04945000000000007,0.0419500000000001,0.007500000000000001,0.00915
hja2016_191,hja2016_183,soil / soil,within habitat,0.9073,0.664,0.1528499999999996,0.11224999999999984,0.04059999999999998,0.04059999999999998
hja2016_031,hja2016_183,hyporheic / soil,across habitats,0.9767,0.8143,0.5088499999999989,0.30864999999999965,0.2002000000000001,0.2002000000000001
hja2016_032,hja2016_183,hyporheic / soil,across habitats,0.9727,0.77,0.4140999999999994,0.2829999999999998,0.1311,0.1356
hja2016_035,hja2016_183,hyporheic / soil,across habitats,0.9771,0.8087,0.4275999999999996,0.3152499999999998,0.11235000000000003,0.11410000000000002
hja2016_037,hja2016_183,hyporheic / soil,across habitats,0.9756,0.7553,0.3859499999999995,0.3068999999999997,0.07905,0.07905
hja2016_042,hja2016_183,planktonic / soil,across habitats,0.9946,0.8765,0.5807999999999983,0.40084999999999926,0.17995000000000005,0.18065000000000003
hja2016_043,hja2016_183,hyporheic / soil,across habitats,0.9676,0.7413,0.3623999999999996,0.2569499999999995,0.10545000000000002,0.10940000000000001
hja2016_049,hja2016_183,planktonic / soil,across habitats,0.996,0.9004,0.5100999999999988,0.37574999999999936,0.13435000000000002,0.14085000000000003
hja2016_050,hja2016_183,hyporheic / soil,across habitats,0.9619,0.72,0.2933499999999998,0.24134999999999976,0.051999999999999984,0.051999999999999984
hja2016_052,hja2016_183,hyporheic / soil,across habitats,0.9431,0.6677,0.19614999999999985,0.16154999999999997,0.034600000000000006,0.034600000000000006
hja2016_056,hja2016_183,hyporheic / soil,across habitats,0.9377,0.7174,0.3902499999999986,0.33534999999999904,0.05489999999999999,0.05549999999999999
hja2016_057,hja2016_183,hyporheic / soil,across habitats,0.9701,0.8115,0.4576499999999993,0.34914999999999946,0.10850000000000003,0.11230000000000002
hja2016_059,hja2016_183,planktonic / soil,across habitats,0.9526,0.7494,0.2649499999999998,0.21659999999999982,0.04835,0.05174999999999999
hja2016_062,hja2016_183,hyporheic / soil,across habitats,0.9417,0.7252,0.3618999999999996,0.3044999999999997,0.05739999999999999,0.05759999999999999
hja2016_064,hja2016_183,planktonic / soil,across habitats,0.9689,0.7656,0.3730499999999995,0.27594999999999975,0.09710000000000002,0.10285000000000002
hja2016_099,hja2016_183,planktonic / soil,across habitats,0.9751,0.8289,0.4571499999999988,0.28329999999999983,0.17385,0.17385
hja2016_100,hja2016_183,planktonic / soil,across habitats,0.9851,0.8616,0.5370499999999989,0.3654999999999991,0.17155000000000006,0.17175000000000004
hja2016_101,hja2016_183,planktonic / soil,across habitats,0.9788,0.8171,0.4239499999999985,0.28934999999999944,0.13460000000000003,0.13460000000000003
hja2016_102,hja2016_183,hyporheic / soil,across habitats,0.9759,0.8354,0.4511999999999985,0.26899999999999946,0.18220000000000008,0.18220000000000008
hja2016_103,hja2016_183,planktonic / soil,across habitats,0.947,0.708,0.29934999999999895,0.20669999999999972,0.09265000000000001,0.09355000000000001
hja2016_105,hja2016_183,planktonic / soil,across habitats,0.9709,0.8272,0.4564999999999987,0.29359999999999953,0.16290000000000004,0.16325000000000006
hja2016_106,hja2016_183,planktonic / soil,across habitats,0.9921,0.873,0.5742499999999986,0.38624999999999915,0.18800000000000003,0.18800000000000003
hja2016_107,hja2016_183,hyporheic / soil,across habitats,0.975,0.8077,0.3980499999999993,0.25994999999999957,0.13810000000000008,0.13810000000000008
hja2016_109,hja2016_183,planktonic / soil,across habitats,0.975,0.7945,0.41144999999999854,0.2852999999999995,0.12614999999999998,0.12614999999999998
hja2016_110,hja2016_183,hyporheic / soil,across habitats,0.977,0.8055,0.424199999999999,0.27989999999999976,0.14429999999999998,0.14429999999999998
hja2016_111,hja2016_183,planktonic / soil,across habitats,0.9696,0.8138,0.42959999999999926,0.27044999999999947,0.15915000000000004,0.15915000000000004
hja2016_114,hja2016_183,planktonic / soil,across habitats,0.9753,0.8123,0.41389999999999894,0.26169999999999954,0.15220000000000006,0.15220000000000006
hja2016_116,hja2016_183,planktonic / soil,across habitats,0.9698,0.8125,0.405149999999999,0.2679499999999994,0.13720000000000002,0.13720000000000002
hja2016_119,hja2016_183,planktonic / soil,across habitats,0.9435,0.6864,0.2889499999999992,0.1896499999999997,0.09930000000000001,0.09930000000000001
hja2016_121,hja2016_183,hyporheic / soil,across habitats,0.9933,0.8816,0.6005999999999981,0.42129999999999884,0.1793000000000001,0.1794000000000001
hja2016_122,hja2016_183,sediment / soil,across habitats,0.8305,0.5513,0.09065000000000004,0.07815000000000004,0.0125,0.0125
hja2016_125,hja2016_183,sediment / soil,across habitats,0.8245,0.5483,0.08640000000000005,0.06360000000000002,0.022800000000000004,0.02365
hja2016_164,hja2016_183,sediment / soil,across habitats,0.8293,0.5882,0.10330000000000006,0.06905000000000017,0.03425,0.03465
hja2016_166,hja2016_183,sediment / soil,across habitats,0.9176,0.6774,0.19909999999999983,0.13379999999999997,0.06529999999999998,0.06584999999999998
hja2016_167,hja2016_183,sediment / soil,across habitats,0.7723,0.4765,0.08344999999999998,0.06410000000000006,0.019350000000000003,0.019450000000000002
hja2016_169,hja2016_183,sediment / soil,across habitats,0.7722,0.4898,0.06935000000000002,0.05530000000000008,0.01405,0.0143
hja2016_170,hja2016_183,sediment / soil,across habitats,0.8377,0.5849,0.09190000000000002,0.07655000000000003,0.01535,0.015600000000000001
hja2016_177,hja2016_183,sediment / soil,across habitats,0.8199,0.4959,0.058050000000000074,0.043300000000000054,0.014750000000000003,0.014950000000000001
hja2016_179,hja2016_183,sediment / soil,across habitats,0.8672,0.5827,0.12109999999999996,0.10680000000000003,0.014300000000000002,0.015000000000000003
hja2016_180,hja2016_183,sediment / soil,across habitats,0.9131,0.6796,0.19789999999999972,0.13804999999999992,0.059849999999999993,0.060099999999999994
hja2016_181,hja2016_183,sediment / soil,across habitats,0.8365,0.5836,0.08569999999999998,0.06864999999999999,0.017050000000000003,0.017300000000000003
hja2016_193,hja2016_183,soil / soil,within habitat,0.8413,0.5512,0.08544999999999994,0.05830000000000012,0.027150000000000004,0.02770000000000001
hja2016_194,hja2016_183,soil / soil,within habitat,0.668,0.3694,0.02915000000000005,0.02535000000000004,0.0038,0.00505
hja2016_195,hja2016_183,soil / soil,within habitat,0.6328,0.3155,0.027250000000000028,0.02014999999999999,0.0071,0.008600000000000002
hja2016_196,hja2016_183,soil / soil,within habitat,0.6678,0.3536,0.024450000000000013,0.019750000000000007,0.0047,0.005649999999999999
hja2016_197,hja2016_183,soil / soil,within habitat,0.8996,0.61240000000000006,0.12689999999999982,0.08455000000000001,0.042349999999999985,0.04349999999999998
hja2016_198,hja2016_183,soil / soil,within habitat,0.6489,0.3341,0.023750000000000018,0.022550000000000018,0.0012,0.0022
hja2016_199,hja2016_183,soil / soil,within habitat,0.6598,0.3462,0.03430000000000006,0.02275000000000002,0.011550000000000001,0.012400000000000005
hja2016_200,hja2016_183,soil / soil,within habitat,0.5852,0.291,0.01669999999999999,0.014649999999999984,0.00205,0.0030499999999999998
hja2016_185,hja2016_184,soil / soil,within habitat,0.7465,0.4706,0.06745000000000008,0.05980000000000008,0.00765,0.009
hja2016_188,hja2016_184,soil / soil,within habitat,0.7871,0.5728,0.14394999999999988,0.1063999999999999,0.03754999999999999,0.038799999999999994
hja2016_189,hja2016_184,soil / soil,within habitat,0.7814,0.5312,0.09534999999999999,0.07780000000000005,0.01755,0.01945
hja2016_190,hja2016_184,soil / soil,within habitat,0.6015,0.3398,0.04090000000000005,0.03595000000000005,0.0049499999999999995,0.01285
hja2016_191,hja2016_184,soil / soil,within habitat,0.8863,0.6667,0.14764999999999995,0.12179999999999996,0.025849999999999998,0.027249999999999996
hja2016_031,hja2016_184,hyporheic / soil,across habitats,0.9768,0.8103,0.5289499999999988,0.3755499999999992,0.15340000000000004,0.15445000000000003
hja2016_032,hja2016_184,hyporheic / soil,across habitats,0.9644,0.7612,0.4158499999999991,0.3256499999999998,0.09020000000000002,0.09080000000000002
hja2016_035,hja2016_184,hyporheic / soil,across habitats,0.9665,0.8014,0.4508499999999993,0.34754999999999964,0.1033,0.1037
hja2016_037,hja2016_184,hyporheic / soil,across habitats,0.9747,0.7627,0.38484999999999936,0.3039999999999998,0.08085000000000002,0.08195000000000002
hja2016_042,hja2016_184,planktonic / soil,across habitats,0.9919,0.8772,0.6033999999999978,0.4374999999999991,0.1659,0.16804999999999998
hja2016_043,hja2016_184,hyporheic / soil,across habitats,0.9658,0.7727,0.4100499999999994,0.33404999999999985,0.07600000000000003,0.08020000000000001
hja2016_049,hja2016_184,planktonic / soil,across habitats,0.996,0.9149,0.5345999999999986,0.41594999999999915,0.11865000000000002,0.12360000000000003
hja2016_050,hja2016_184,hyporheic / soil,across habitats,0.9614,0.7246,0.3058499999999996,0.27645,0.029400000000000003,0.030750000000000003
hja2016_052,hja2016_184,hyporheic / soil,across habitats,0.9433,0.6841,0.24344999999999994,0.22015000000000004,0.023299999999999998,0.024399999999999998
hja2016_056,hja2016_184,hyporheic / soil,across habitats,0.9423,0.7267,0.4128999999999984,0.3819499999999985,0.03095,0.031349999999999996
hja2016_057,hja2016_184,hyporheic / soil,across habitats,0.9652,0.8066,0.4761999999999989,0.4056499999999991,0.07055000000000003,0.07055000000000003
hja2016_059,hja2016_184,planktonic / soil,across habitats,0.9528,0.7558,0.29794999999999977,0.26534999999999975,0.0326,0.03955000000000001
hja2016_062,hja2016_184,hyporheic / soil,across habitats,0.9424,0.7432,0.3752999999999997,0.3305499999999997,0.044750000000000005,0.045450000000000004
hja2016_064,hja2016_184,planktonic / soil,across habitats,0.9713,0.767,0.4141499999999994,0.30274999999999963,0.11139999999999999,0.11595000000000001
hja2016_099,hja2016_184,planktonic / soil,across habitats,0.9798,0.8364,0.47774999999999845,0.2889999999999997,0.18875,0.18875
hja2016_100,hja2016_184,planktonic / soil,across habitats,0.9896,0.8713,0.5640499999999979,0.4208499999999986,0.14319999999999997,0.1433
hja2016_101,hja2016_184,planktonic / soil,across habitats,0.985,0.8225,0.45429999999999826,0.31389999999999907,0.1404,0.1404
hja2016_102,hja2016_184,hyporheic / soil,across habitats,0.9814,0.8386,0.4698499999999982,0.2964999999999992,0.17335000000000006,0.17365000000000005
hja2016_103,hja2016_184,planktonic / soil,across habitats,0.9574,0.7264,0.3024499999999988,0.22149999999999956,0.08095000000000005,0.08195000000000005
hja2016_105,hja2016_184,planktonic / soil,across habitats,0.978,0.8318,0.4827499999999983,0.30139999999999917,0.18135000000000004,0.18135000000000004
hja2016_106,hja2016_184,planktonic / soil,across habitats,0.9944,0.8724,0.5910999999999973,0.42469999999999875,0.16639999999999996,0.16694999999999996
hja2016_107,hja2016_184,hyporheic / soil,across habitats,0.9808,0.8183,0.4117999999999991,0.2730999999999996,0.13870000000000005,0.13870000000000005
hja2016_109,hja2016_184,planktonic / soil,across habitats,0.9811,0.7986,0.4333999999999985,0.31844999999999934,0.11495000000000001,0.11495000000000001
hja2016_110,hja2016_184,hyporheic / soil,across habitats,0.9838,0.8176,0.44274999999999864,0.30234999999999934,0.14040000000000002,0.14040000000000002
hja2016_111,hja2016_184,planktonic / soil,across habitats,0.9763,0.8202,0.4648999999999986,0.3116499999999992,0.15325000000000005,0.15325000000000005
hja2016_114,hja2016_184,planktonic / soil,across habitats,0.9808,0.8216,0.4502499999999984,0.30469999999999925,0.14555000000000007,0.14555000000000007
hja2016_116,hja2016_184,planktonic / soil,across habitats,0.9776,0.8224,0.417949999999999,0.2653999999999996,0.15255000000000005,0.15255000000000005
hja2016_119,hja2016_184,planktonic / soil,across habitats,0.9569,0.7083,0.2983499999999991,0.20279999999999962,0.09555000000000004,0.09555000000000004
hja2016_121,hja2016_184,hyporheic / soil,across habitats,0.995,0.884,0.6172499999999971,0.4492999999999985,0.16795000000000002,0.16795000000000002
hja2016_122,hja2016_184,sediment / soil,across habitats,0.8651,0.598,0.10090000000000009,0.08905000000000007,0.011849999999999998,0.012349999999999998
hja2016_125,hja2016_184,sediment / soil,across habitats,0.8611,0.6005,0.09785,0.08155,0.0163,0.016900000000000002
hja2016_164,hja2016_184,sediment / soil,across habitats,0.8534,0.611,0.10375000000000009,0.07325000000000013,0.030499999999999996,0.030849999999999995
hja2016_166,hja2016_184,sediment / soil,across habitats,0.9278,0.7035,0.19269999999999982,0.1573500000000001,0.03534999999999999,0.03579999999999999
hja2016_167,hja2016_184,sediment / soil,across habitats,0.755,0.4722,0.07484999999999997,0.06395000000000008,0.010899999999999998,0.013749999999999998
hja2016_169,hja2016_184,sediment / soil,across habitats,0.7523,0.4934,0.06245000000000009,0.05520000000000008,0.0072499999999999995,0.0092
hja2016_170,hja2016_184,sediment / soil,across habitats,0.8685,0.6245,0.09975000000000006,0.08535000000000001,0.014400000000000001,0.015250000000000001
hja2016_177,hja2016_184,sediment / soil,across habitats,0.8253,0.5433,0.07785000000000006,0.06970000000000008,0.00815,0.0093
hja2016_179,hja2016_184,sediment / soil,across habitats,0.8773,0.6061,0.11404999999999997,0.10394999999999997,0.010100000000000001,0.011350000000000002
hja2016_180,hja2016_184,sediment / soil,across habitats,0.9242,0.7068,0.17469999999999983,0.15184999999999996,0.022849999999999995,0.02465
hja2016_181,hja2016_184,sediment / soil,across habitats,0.8691,0.6159,0.09619999999999995,0.07799999999999997,0.0182,0.01865
hja2016_193,hja2016_184,soil / soil,within habitat,0.7717,0.5268,0.0709000000000001,0.06115000000000013,0.009750000000000002,0.011850000000000003
hja2016_194,hja2016_184,soil / soil,within habitat,0.755,0.4599,0.04450000000000008,0.04300000000000008,0.0015000000000000002,0.00365
hja2016_195,hja2016_184,soil / soil,within habitat,0.5777,0.3056,0.027050000000000036,0.02615000000000003,9e-4,0.00535
hja2016_196,hja2016_184,soil / soil,within habitat,0.6957,0.3868,0.03170000000000003,0.028250000000000018,0.00345,0.0063
hja2016_197,hja2016_184,soil / soil,within habitat,0.9041,0.6427,0.12680000000000005,0.10500000000000007,0.021800000000000003,0.022000000000000002
hja2016_198,hja2016_184,soil / soil,within habitat,0.6833,0.3775,0.028350000000000024,0.026250000000000027,0.0021,0.0042499999999999994
hja2016_199,hja2016_184,soil / soil,within habitat,0.5828,0.2997,0.02985000000000005,0.028700000000000052,0.00115,0.00655
hja2016_200,hja2016_184,soil / soil,within habitat,0.6624,0.3925,0.028600000000000035,0.02545000000000004,0.00315,0.005149999999999999
hja2016_188,hja2016_185,soil / soil,within habitat,0.7967,0.5824,0.1758499999999997,0.13104999999999986,0.044800000000000006,0.04970000000000001
hja2016_189,hja2016_185,soil / soil,within habitat,0.7872,0.5587,0.13094999999999984,0.09729999999999994,0.03365,0.038400000000000004
hja2016_190,hja2016_185,soil / soil,within habitat,0.6626,0.3685,0.05385000000000007,0.04830000000000007,0.00555,0.00985
hja2016_191,hja2016_185,soil / soil,within habitat,0.8808,0.634,0.12779999999999989,0.10729999999999998,0.020500000000000004,0.023200000000000002
hja2016_031,hja2016_185,hyporheic / soil,across habitats,0.9904,0.8809,0.6413999999999991,0.49434999999999907,0.14705000000000001,0.14780000000000001
hja2016_032,hja2016_185,hyporheic / soil,across habitats,0.9749,0.8355,0.5784999999999987,0.4598499999999993,0.11864999999999996,0.12249999999999997
hja2016_035,hja2016_185,hyporheic / soil,across habitats,0.9745,0.841,0.5295999999999995,0.42784999999999956,0.10174999999999998,0.10194999999999999
hja2016_037,hja2016_185,hyporheic / soil,across habitats,0.977,0.8061,0.5137999999999995,0.4289999999999995,0.08479999999999997,0.08604999999999997
hja2016_042,hja2016_185,planktonic / soil,across habitats,0.9951,0.9119,0.7385999999999988,0.5731499999999996,0.16545000000000004,0.16750000000000004
hja2016_043,hja2016_185,hyporheic / soil,across habitats,0.9721,0.8192,0.5152499999999992,0.4344999999999995,0.08074999999999999,0.08569999999999998
hja2016_049,hja2016_185,planktonic / soil,across habitats,0.9969,0.9466,0.633349999999999,0.5052499999999992,0.12809999999999994,0.13134999999999994
hja2016_050,hja2016_185,hyporheic / soil,across habitats,0.9679,0.7981,0.39994999999999925,0.36619999999999936,0.03375,0.03485
hja2016_052,hja2016_185,hyporheic / soil,across habitats,0.9545,0.7398,0.32595,0.2795000000000001,0.046450000000000005,0.046450000000000005
hja2016_056,hja2016_185,hyporheic / soil,across habitats,0.9519,0.7786,0.4738999999999982,0.43534999999999824,0.03855000000000001,0.039450000000000006
hja2016_057,hja2016_185,hyporheic / soil,across habitats,0.9841,0.881,0.6181499999999994,0.5429499999999997,0.07519999999999998,0.07519999999999998
hja2016_059,hja2016_185,planktonic / soil,across habitats,0.9632,0.8203,0.40809999999999924,0.3444999999999995,0.06360000000000002,0.06360000000000002
hja2016_062,hja2016_185,hyporheic / soil,across habitats,0.9638,0.8211,0.5002499999999991,0.4507999999999991,0.04945000000000001,0.04945000000000001
hja2016_064,hja2016_185,planktonic / soil,across habitats,0.9811,0.8555,0.581949999999999,0.45854999999999924,0.12340000000000001,0.12795
hja2016_099,hja2016_185,planktonic / soil,across habitats,0.9899,0.8801,0.5409999999999983,0.349099999999999,0.19190000000000007,0.19200000000000006
hja2016_100,hja2016_185,planktonic / soil,across habitats,0.9963,0.9068,0.6376499999999978,0.4798499999999987,0.15780000000000002,0.15815
hja2016_101,hja2016_185,planktonic / soil,across habitats,0.9935,0.875,0.5427999999999984,0.3837999999999987,0.15899999999999997,0.15899999999999997
hja2016_102,hja2016_185,hyporheic / soil,across habitats,0.98740000000000006,0.8897,0.5619999999999982,0.3752499999999989,0.18674999999999997,0.18749999999999997
hja2016_103,hja2016_185,planktonic / soil,across habitats,0.9746,0.8091,0.3813499999999986,0.27029999999999904,0.11105,0.11105
hja2016_105,hja2016_185,planktonic / soil,across habitats,0.9884,0.8839,0.5448999999999984,0.36249999999999893,0.18239999999999998,0.18239999999999998
hja2016_106,hja2016_185,planktonic / soil,across habitats,0.9975,0.9165,0.7027999999999973,0.5145999999999984,0.18820000000000006,0.18820000000000006
hja2016_107,hja2016_185,hyporheic / soil,across habitats,0.9901,0.8688,0.4916499999999989,0.32469999999999943,0.16694999999999996,0.16694999999999996
hja2016_109,hja2016_185,planktonic / soil,across habitats,0.9885,0.856,0.5351999999999982,0.3938499999999991,0.14135000000000003,0.14135000000000003
hja2016_110,hja2016_185,hyporheic / soil,across habitats,0.9931,0.8685,0.558249999999998,0.3978999999999992,0.16035,0.16035
hja2016_111,hja2016_185,planktonic / soil,across habitats,0.9872,0.8823,0.5289999999999987,0.350949999999999,0.17805000000000007,0.17855000000000004
hja2016_114,hja2016_185,planktonic / soil,across habitats,0.9904,0.8729,0.5300999999999986,0.35164999999999924,0.17845000000000003,0.17880000000000004
hja2016_116,hja2016_185,planktonic / soil,across habitats,0.9877,0.8705,0.4969999999999988,0.3231999999999988,0.17380000000000007,0.17425000000000007
hja2016_119,hja2016_185,planktonic / soil,across habitats,0.9751,0.7905,0.37854999999999883,0.25279999999999964,0.12575000000000003,0.12575000000000003
hja2016_121,hja2016_185,hyporheic / soil,across habitats,0.9976,0.9198,0.6933999999999978,0.5069999999999986,0.18640000000000007,0.18640000000000007
hja2016_122,hja2016_185,sediment / soil,across habitats,0.8806,0.6721,0.14789999999999995,0.1153,0.0326,0.03455
hja2016_125,hja2016_185,sediment / soil,across habitats,0.8756,0.6729,0.1591499999999999,0.12310000000000003,0.03604999999999999,0.03739999999999999
hja2016_164,hja2016_185,sediment / soil,across habitats,0.8751,0.6734,0.14399999999999993,0.1038500000000001,0.040150000000000005,0.0407
hja2016_166,hja2016_185,sediment / soil,across habitats,0.9531,0.7885,0.31169999999999926,0.2170999999999997,0.09459999999999999,0.09509999999999999
hja2016_167,hja2016_185,sediment / soil,across habitats,0.7968,0.5626,0.1444499999999999,0.11039999999999993,0.03405000000000001,0.03475000000000001
hja2016_169,hja2016_185,sediment / soil,across habitats,0.8111,0.5786,0.13954999999999995,0.10739999999999997,0.032150000000000005,0.033350000000000005
hja2016_170,hja2016_185,sediment / soil,across habitats,0.9065,0.7116,0.20559999999999984,0.1525999999999999,0.05300000000000001,0.05375000000000001
hja2016_177,hja2016_185,sediment / soil,across habitats,0.8802,0.6269,0.13069999999999993,0.10714999999999998,0.023549999999999995,0.024099999999999996
hja2016_179,hja2016_185,sediment / soil,across habitats,0.8876,0.6904,0.1894999999999998,0.1559499999999999,0.03355,0.03565
hja2016_180,hja2016_185,sediment / soil,across habitats,0.9541,0.7988,0.3124499999999995,0.21359999999999976,0.09884999999999998,0.09974999999999999
hja2016_181,hja2016_185,sediment / soil,across habitats,0.9091,0.7154,0.20829999999999982,0.1571499999999998,0.051149999999999994,0.051149999999999994
hja2016_193,hja2016_185,soil / soil,within habitat,0.7793,0.5331,0.09254999999999994,0.07045000000000007,0.022099999999999998,0.0269
hja2016_194,hja2016_185,soil / soil,within habitat,0.8045,0.5504,0.0845,0.0782,0.006299999999999999,0.008
hja2016_195,hja2016_185,soil / soil,within habitat,0.7342,0.4349,0.05270000000000009,0.045750000000000075,0.006950000000000001,0.009450000000000002
hja2016_196,hja2016_185,soil / soil,within habitat,0.7858,0.5282,0.09045000000000003,0.07020000000000007,0.020249999999999997,0.0207
hja2016_197,hja2016_185,soil / soil,within habitat,0.9277,0.6821,0.1829499999999999,0.12974999999999992,0.053200000000000004,0.0534
hja2016_198,hja2016_185,soil / soil,within habitat,0.8045,0.5325,0.07455000000000002,0.06540000000000012,0.00915,0.009300000000000001
hja2016_199,hja2016_185,soil / soil,within habitat,0.7585,0.4927,0.08449999999999999,0.06880000000000006,0.015700000000000002,0.018550000000000004
hja2016_200,hja2016_185,soil / soil,within habitat,0.6915,0.4236,0.052700000000000115,0.04660000000000009,0.0060999999999999995,0.0070999999999999995
hja2016_189,hja2016_188,soil / soil,within habitat,0.4742,0.2857,0.02855000000000002,0.024800000000000013,0.0037500000000000003,0.007699999999999999
hja2016_190,hja2016_188,soil / soil,within habitat,0.7211,0.4814,0.11744999999999998,0.08115,0.036299999999999985,0.03974999999999998
hja2016_191,hja2016_188,soil / soil,within habitat,0.9283,0.7209,0.18199999999999986,0.11874999999999998,0.06324999999999999,0.06599999999999999
hja2016_031,hja2016_188,hyporheic / soil,across habitats,0.9958,0.9277,0.6575499999999989,0.4705499999999995,0.18700000000000003,0.18700000000000003
hja2016_032,hja2016_188,hyporheic / soil,across habitats,0.991,0.9033,0.654599999999999,0.47454999999999936,0.18005000000000004,0.18055000000000004
hja2016_035,hja2016_188,hyporheic / soil,across habitats,0.9929,0.9146,0.6695999999999985,0.4649499999999996,0.20465,0.20545
hja2016_037,hja2016_188,hyporheic / soil,across habitats,0.9987,0.9242,0.7242999999999988,0.46969999999999984,0.25460000000000005,0.25595
hja2016_042,hja2016_188,planktonic / soil,across habitats,0.9983,0.9379,0.7890999999999986,0.5289999999999997,0.26010000000000005,0.26255
hja2016_043,hja2016_188,hyporheic / soil,across habitats,0.9883,0.9012,0.6727499999999985,0.49359999999999965,0.17915000000000003,0.17915000000000003
hja2016_049,hja2016_188,planktonic / soil,across habitats,0.999,0.9727,0.7251999999999983,0.5588999999999992,0.16630000000000003,0.16630000000000003
hja2016_050,hja2016_188,hyporheic / soil,across habitats,0.988,0.8792,0.5014499999999993,0.4128499999999994,0.08860000000000001,0.08930000000000002
hja2016_052,hja2016_188,hyporheic / soil,across habitats,0.9948,0.8621,0.5078499999999991,0.4250499999999996,0.08280000000000001,0.08280000000000001
hja2016_056,hja2016_188,hyporheic / soil,across habitats,0.9875,0.9028,0.5634999999999983,0.4893499999999983,0.07415000000000001,0.07415000000000001
hja2016_057,hja2016_188,hyporheic / soil,across habitats,0.9906,0.9148,0.6316999999999992,0.5097499999999996,0.12195,0.12555
hja2016_059,hja2016_188,planktonic / soil,across habitats,0.98740000000000006,0.8899,0.534449999999999,0.4408499999999992,0.09359999999999999,0.09359999999999999
hja2016_062,hja2016_188,hyporheic / soil,across habitats,0.9911,0.9045,0.5759499999999989,0.4936999999999991,0.08225000000000003,0.08225000000000003
hja2016_064,hja2016_188,planktonic / soil,across habitats,0.9958,0.9124,0.6993999999999987,0.45454999999999957,0.24485,0.24795
hja2016_099,hja2016_188,planktonic / soil,across habitats,0.9961,0.9426,0.6631999999999967,0.37899999999999884,0.28419999999999995,0.28469999999999995
hja2016_100,hja2016_188,planktonic / soil,across habitats,0.9974,0.9526,0.6254999999999972,0.4342999999999985,0.19120000000000004,0.19165000000000004
hja2016_101,hja2016_188,planktonic / soil,across habitats,0.9978,0.9404,0.5877999999999975,0.4048999999999984,0.18289999999999995,0.18334999999999996
hja2016_102,hja2016_188,hyporheic / soil,across habitats,0.9967,0.949,0.598999999999997,0.38449999999999857,0.21450000000000005,0.21690000000000004
hja2016_103,hja2016_188,planktonic / soil,across habitats,0.9935,0.9092,0.48184999999999795,0.34704999999999847,0.1348,0.13620000000000002
hja2016_105,hja2016_188,planktonic / soil,across habitats,0.9938,0.9384,0.6701499999999969,0.37124999999999875,0.2989,0.29964999999999997
hja2016_106,hja2016_188,planktonic / soil,across habitats,0.9987,0.9612,0.6874499999999969,0.4675999999999984,0.2198500000000001,0.2199500000000001
hja2016_107,hja2016_188,hyporheic / soil,across habitats,0.9956,0.9317,0.550149999999998,0.3662499999999989,0.1839,0.1839
hja2016_109,hja2016_188,planktonic / soil,across habitats,0.9938,0.9268,0.5786499999999974,0.4051499999999987,0.17350000000000004,0.17420000000000005
hja2016_110,hja2016_188,hyporheic / soil,across habitats,0.9968,0.9319,0.5693499999999976,0.4017499999999992,0.16760000000000005,0.16760000000000005
hja2016_111,hja2016_188,planktonic / soil,across habitats,0.9952,0.9439,0.5887499999999974,0.378299999999999,0.21045000000000008,0.21100000000000008
hja2016_114,hja2016_188,planktonic / soil,across habitats,0.9954,0.936,0.5997499999999973,0.3899999999999988,0.20975000000000005,0.21020000000000005
hja2016_116,hja2016_188,planktonic / soil,across habitats,0.996,0.9368,0.6101499999999973,0.3601499999999987,0.25000000000000006,0.25045000000000006
hja2016_119,hja2016_188,planktonic / soil,across habitats,0.9935,0.8953,0.48769999999999825,0.33294999999999847,0.15475,0.15475
hja2016_121,hja2016_188,hyporheic / soil,across habitats,0.9989,0.9649,0.7134999999999968,0.5187499999999984,0.19475000000000003,0.19475000000000003
hja2016_122,hja2016_188,sediment / soil,across habitats,0.9767,0.864,0.40369999999999906,0.2832499999999996,0.12045000000000003,0.12220000000000002
hja2016_125,hja2016_188,sediment / soil,across habitats,0.9767,0.8605,0.3995999999999992,0.27565,0.12394999999999999,0.12565
hja2016_164,hja2016_188,sediment / soil,across habitats,0.9666,0.8532,0.42059999999999925,0.2658999999999997,0.1547,0.15525
hja2016_166,hja2016_188,sediment / soil,across habitats,0.987,0.8893,0.46649999999999864,0.3216999999999992,0.14479999999999998,0.14479999999999998
hja2016_167,hja2016_188,sediment / soil,across habitats,0.9035,0.753,0.27619999999999933,0.22894999999999985,0.047249999999999986,0.04779999999999999
hja2016_169,hja2016_188,sediment / soil,across habitats,0.8992,0.7551,0.28184999999999927,0.23139999999999994,0.05045,0.051000000000000004
hja2016_170,hja2016_188,sediment / soil,across habitats,0.9768,0.8699,0.38554999999999856,0.2745999999999997,0.11095,0.11114999999999998
hja2016_177,hja2016_188,sediment / soil,across habitats,0.9599,0.8351,0.3567499999999991,0.27729999999999944,0.07945000000000002,0.07960000000000003
hja2016_179,hja2016_188,sediment / soil,across habitats,0.9698,0.8652,0.40604999999999897,0.31809999999999905,0.08794999999999996,0.08984999999999997
hja2016_180,hja2016_188,sediment / soil,across habitats,0.9854,0.8925,0.5009999999999992,0.3466499999999994,0.15434999999999996,0.15444999999999998
hja2016_181,hja2016_188,sediment / soil,across habitats,0.9792,0.8669,0.3939499999999992,0.2670499999999995,0.1269,0.12830000000000003
hja2016_193,hja2016_188,soil / soil,within habitat,0.6535,0.4024,0.0629000000000001,0.051900000000000085,0.011000000000000001,0.015400000000000002
hja2016_194,hja2016_188,soil / soil,within habitat,0.9359,0.78,0.30029999999999923,0.20774999999999974,0.09255000000000001,0.09400000000000001
hja2016_195,hja2016_188,soil / soil,within habitat,0.7758,0.5447,0.1085999999999999,0.07975,0.02885,0.0308
hja2016_196,hja2016_188,soil / soil,within habitat,0.8805,0.6765,0.21084999999999982,0.13369999999999985,0.07715,0.07715
hja2016_197,hja2016_188,soil / soil,within habitat,0.9559,0.7467,0.25944999999999985,0.18689999999999993,0.07255,0.07265
hja2016_198,hja2016_188,soil / soil,within habitat,0.9006,0.7104,0.1950999999999996,0.1394999999999997,0.0556,0.0556
hja2016_199,hja2016_188,soil / soil,within habitat,0.7646,0.5559,0.1238499999999999,0.08850000000000001,0.035350000000000006,0.03785
hja2016_200,hja2016_188,soil / soil,within habitat,0.8961,0.7239,0.23599999999999968,0.13204999999999978,0.10394999999999999,0.10394999999999999
hja2016_190,hja2016_189,soil / soil,within habitat,0.6969,0.4689,0.0657000000000001,0.05105000000000006,0.014650000000000002,0.01695
hja2016_191,hja2016_189,soil / soil,within habitat,0.9146,0.6879,0.14149999999999996,0.07795000000000006,0.06355,0.06515
hja2016_031,hja2016_189,hyporheic / soil,across habitats,0.9948,0.9069,0.6606499999999993,0.43279999999999946,0.2278500000000001,0.23470000000000008
hja2016_032,hja2016_189,hyporheic / soil,across habitats,0.99,0.876,0.6085499999999989,0.38349999999999934,0.2250500000000001,0.2250500000000001
hja2016_035,hja2016_189,hyporheic / soil,across habitats,0.9905,0.8848,0.5967999999999997,0.3527500000000001,0.24405000000000004,0.24405000000000004
hja2016_037,hja2016_189,hyporheic / soil,across habitats,0.995,0.895,0.6085499999999995,0.36154999999999976,0.24700000000000008,0.24700000000000008
hja2016_042,hja2016_189,planktonic / soil,across habitats,0.9979,0.9211,0.7457999999999992,0.4759999999999995,0.2698000000000001,0.2720500000000001
hja2016_043,hja2016_189,hyporheic / soil,across habitats,0.9878,0.8627,0.648099999999999,0.42334999999999934,0.22475000000000006,0.22475000000000006
hja2016_049,hja2016_189,planktonic / soil,across habitats,0.9972,0.9618,0.638999999999999,0.4146999999999995,0.22430000000000008,0.22445000000000012
hja2016_050,hja2016_189,hyporheic / soil,across habitats,0.9827,0.8344,0.4509499999999996,0.36019999999999963,0.09075,0.09075
hja2016_052,hja2016_189,hyporheic / soil,across habitats,0.988,0.8217,0.4398499999999996,0.30599999999999994,0.13385,0.13394999999999999
hja2016_056,hja2016_189,hyporheic / soil,across habitats,0.9846,0.8621,0.5165999999999982,0.4185999999999983,0.098,0.098
hja2016_057,hja2016_189,hyporheic / soil,across habitats,0.9917,0.8857,0.6030499999999993,0.4415999999999996,0.16144999999999998,0.1632
hja2016_059,hja2016_189,planktonic / soil,across habitats,0.98740000000000006,0.8581,0.485499999999999,0.36919999999999936,0.11630000000000001,0.11695000000000003
hja2016_062,hja2016_189,hyporheic / soil,across habitats,0.9858,0.856,0.535399999999999,0.3990999999999991,0.13629999999999998,0.13629999999999998
hja2016_064,hja2016_189,planktonic / soil,across habitats,0.9934,0.864,0.5961999999999988,0.3469499999999993,0.24925000000000005,0.24925000000000005
hja2016_099,hja2016_189,planktonic / soil,across habitats,0.9943,0.9192,0.6361499999999977,0.3385999999999986,0.2975500000000001,0.2975500000000001
hja2016_100,hja2016_189,planktonic / soil,across habitats,0.997,0.9378,0.6378999999999977,0.4424999999999985,0.19540000000000002,0.19540000000000002
hja2016_101,hja2016_189,planktonic / soil,across habitats,0.9959,0.9194,0.5803999999999983,0.3387499999999987,0.24165000000000003,0.24165000000000003
hja2016_102,hja2016_189,hyporheic / soil,across habitats,0.9951,0.9264,0.5807999999999978,0.3441499999999989,0.23665000000000005,0.23665000000000005
hja2016_103,hja2016_189,planktonic / soil,across habitats,0.989,0.8691,0.4240499999999983,0.2967499999999989,0.1273,0.1273
hja2016_105,hja2016_189,planktonic / soil,across habitats,0.9923,0.9208,0.6312999999999978,0.33404999999999874,0.29724999999999996,0.29724999999999996
hja2016_106,hja2016_189,planktonic / soil,across habitats,0.9981,0.9405,0.6999999999999977,0.45299999999999846,0.24700000000000008,0.24710000000000013
hja2016_107,hja2016_189,hyporheic / soil,across habitats,0.9937,0.9104,0.5260999999999986,0.31009999999999927,0.21599999999999997,0.21599999999999997
hja2016_109,hja2016_189,planktonic / soil,across habitats,0.9916,0.9006,0.5589999999999982,0.36129999999999896,0.19770000000000004,0.19770000000000004
hja2016_110,hja2016_189,hyporheic / soil,across habitats,0.995,0.9013,0.5506999999999982,0.36109999999999925,0.18960000000000007,0.18960000000000007
hja2016_111,hja2016_189,planktonic / soil,across habitats,0.9931,0.922,0.5732999999999983,0.34619999999999895,0.2271000000000001,0.2271000000000001
hja2016_114,hja2016_189,planktonic / soil,across habitats,0.9937,0.9084,0.5613999999999981,0.32069999999999926,0.24070000000000008,0.24070000000000008
hja2016_116,hja2016_189,planktonic / soil,across habitats,0.9935,0.9146,0.5769499999999982,0.31889999999999896,0.25805000000000017,0.25805000000000017
hja2016_119,hja2016_189,planktonic / soil,across habitats,0.9886,0.8596,0.44194999999999823,0.2645999999999995,0.17735000000000006,0.17735000000000006
hja2016_121,hja2016_189,hyporheic / soil,across habitats,0.9982,0.9454,0.7034999999999976,0.4767999999999985,0.22670000000000004,0.22670000000000004
hja2016_122,hja2016_189,sediment / soil,across habitats,0.9625,0.8156,0.3206999999999992,0.21809999999999977,0.10260000000000002,0.10260000000000002
hja2016_125,hja2016_189,sediment / soil,across habitats,0.9616,0.818,0.3113499999999996,0.23459999999999986,0.07675,0.07675
hja2016_164,hja2016_189,sediment / soil,across habitats,0.949,0.8036,0.3250499999999991,0.21089999999999984,0.11415,0.11415
hja2016_166,hja2016_189,sediment / soil,across habitats,0.9765,0.8368,0.41994999999999905,0.27504999999999974,0.1449,0.14529999999999998
hja2016_167,hja2016_189,sediment / soil,across habitats,0.8748,0.6783,0.19014999999999982,0.14694999999999986,0.043199999999999995,0.043699999999999996
hja2016_169,hja2016_189,sediment / soil,across habitats,0.8706,0.6855,0.1847499999999999,0.14499999999999988,0.03975,0.04085
hja2016_170,hja2016_189,sediment / soil,across habitats,0.9684,0.8156,0.3114499999999993,0.2109499999999998,0.10049999999999999,0.10049999999999999
hja2016_177,hja2016_189,sediment / soil,across habitats,0.9446,0.7793,0.2659499999999995,0.18904999999999972,0.07690000000000002,0.07690000000000002
hja2016_179,hja2016_189,sediment / soil,across habitats,0.9566,0.8161,0.3191999999999993,0.22844999999999965,0.09075,0.09115000000000001
hja2016_180,hja2016_189,sediment / soil,across habitats,0.978,0.8444,0.45929999999999943,0.28689999999999966,0.17240000000000003,0.17255
hja2016_181,hja2016_189,sediment / soil,across habitats,0.9671,0.8156,0.31389999999999935,0.2047999999999999,0.10910000000000002,0.10930000000000001
hja2016_193,hja2016_189,soil / soil,within habitat,0.6733,0.3957,0.038250000000000055,0.03355000000000004,0.0047,0.0114
hja2016_194,hja2016_189,soil / soil,within habitat,0.9277,0.7416,0.2210499999999997,0.1497499999999997,0.0713,0.0713
hja2016_195,hja2016_189,soil / soil,within habitat,0.7631,0.5183,0.07370000000000008,0.058650000000000174,0.015050000000000001,0.01635
hja2016_196,hja2016_189,soil / soil,within habitat,0.8678,0.609,0.13674999999999987,0.09644999999999994,0.04029999999999998,0.04029999999999998
hja2016_197,hja2016_189,soil / soil,within habitat,0.9496,0.7069,0.20819999999999986,0.14179999999999993,0.06639999999999999,0.06649999999999999
hja2016_198,hja2016_189,soil / soil,within habitat,0.8868,0.6778,0.1417999999999997,0.10024999999999991,0.04155000000000001,0.04155000000000001
hja2016_199,hja2016_189,soil / soil,within habitat,0.7404,0.4933,0.07560000000000003,0.06130000000000009,0.014300000000000004,0.0164
hja2016_200,hja2016_189,soil / soil,within habitat,0.8795,0.6836,0.1725499999999997,0.10374999999999987,0.06880000000000003,0.06880000000000003
hja2016_191,hja2016_190,soil / soil,within habitat,0.8876,0.6759,0.12190000000000002,0.07955000000000007,0.04234999999999999,0.043699999999999996
hja2016_031,hja2016_190,hyporheic / soil,across habitats,0.9814,0.8582,0.5875999999999989,0.40099999999999925,0.1866,0.18955
hja2016_032,hja2016_190,hyporheic / soil,across habitats,0.9711,0.8066,0.508149999999999,0.38424999999999937,0.12390000000000001,0.12685000000000002
hja2016_035,hja2016_190,hyporheic / soil,across habitats,0.9731,0.8331,0.5042499999999991,0.3586499999999997,0.14560000000000003,0.14560000000000003
hja2016_037,hja2016_190,hyporheic / soil,across habitats,0.981,0.7964,0.4717499999999994,0.34344999999999976,0.12830000000000003,0.12960000000000002
hja2016_042,hja2016_190,planktonic / soil,across habitats,0.9933,0.9059,0.7442499999999977,0.5180999999999994,0.22615000000000002,0.22845000000000001
hja2016_043,hja2016_190,hyporheic / soil,across habitats,0.9673,0.7947,0.47454999999999936,0.34594999999999965,0.12860000000000002,0.13050000000000003
hja2016_049,hja2016_190,planktonic / soil,across habitats,0.9966,0.9392,0.6282999999999976,0.45459999999999906,0.17370000000000002,0.1763
hja2016_050,hja2016_190,hyporheic / soil,across habitats,0.9604,0.7674,0.36344999999999916,0.3135499999999996,0.04989999999999999,0.05219999999999999
hja2016_052,hja2016_190,hyporheic / soil,across habitats,0.9549,0.7412,0.3263999999999999,0.24120000000000003,0.0852,0.0853
hja2016_056,hja2016_190,hyporheic / soil,across habitats,0.9483,0.7609,0.42314999999999836,0.3744999999999985,0.04865,0.0494
hja2016_057,hja2016_190,hyporheic / soil,across habitats,0.9756,0.8547,0.5786999999999991,0.4565499999999994,0.12215000000000001,0.1259
hja2016_059,hja2016_190,planktonic / soil,across habitats,0.9525,0.7928,0.39174999999999943,0.3269999999999994,0.06475,0.07095
hja2016_062,hja2016_190,hyporheic / soil,across habitats,0.9566,0.7923,0.4502999999999992,0.3903999999999992,0.059899999999999995,0.06005
hja2016_064,hja2016_190,planktonic / soil,across habitats,0.9689,0.816,0.5103499999999992,0.30789999999999956,0.20245000000000005,0.20865000000000003
hja2016_099,hja2016_190,planktonic / soil,across habitats,0.9838,0.8605,0.5168999999999984,0.3090999999999993,0.2078000000000001,0.2078000000000001
hja2016_100,hja2016_190,planktonic / soil,across habitats,0.9902,0.8929,0.575499999999998,0.4419499999999988,0.13355000000000003,0.13355000000000003
hja2016_101,hja2016_190,planktonic / soil,across habitats,0.9882,0.8455,0.49899999999999833,0.30489999999999917,0.19409999999999994,0.19424999999999995
hja2016_102,hja2016_190,hyporheic / soil,across habitats,0.9842,0.8639,0.49994999999999856,0.3000999999999993,0.19985,0.20135
hja2016_103,hja2016_190,planktonic / soil,across habitats,0.9653,0.7763,0.3477999999999986,0.24599999999999966,0.10180000000000002,0.10265000000000002
hja2016_105,hja2016_190,planktonic / soil,across habitats,0.9814,0.8588,0.5311499999999982,0.2963499999999994,0.2348,0.23555
hja2016_106,hja2016_190,planktonic / soil,across habitats,0.9953,0.8938,0.6423999999999969,0.4366999999999987,0.20570000000000005,0.20620000000000005
hja2016_107,hja2016_190,hyporheic / soil,across habitats,0.9843,0.844,0.4577999999999987,0.2853499999999995,0.17244999999999996,0.17244999999999996
hja2016_109,hja2016_190,planktonic / soil,across habitats,0.9828,0.8318,0.47319999999999857,0.32839999999999914,0.1448,0.1448
hja2016_110,hja2016_190,hyporheic / soil,across habitats,0.987,0.8484,0.4762999999999987,0.2971499999999995,0.17915000000000006,0.17915000000000006
hja2016_111,hja2016_190,planktonic / soil,across habitats,0.9811,0.8467,0.49969999999999876,0.32879999999999926,0.17089999999999997,0.17109999999999997
hja2016_114,hja2016_190,planktonic / soil,across habitats,0.9834,0.8419,0.5071499999999987,0.31969999999999943,0.18745,0.18755000000000002
hja2016_116,hja2016_190,planktonic / soil,across habitats,0.9799,0.8443,0.461649999999999,0.27874999999999944,0.18290000000000006,0.18290000000000006
hja2016_119,hja2016_190,planktonic / soil,across habitats,0.9663,0.7575,0.33954999999999913,0.22374999999999962,0.11580000000000003,0.11600000000000003
hja2016_121,hja2016_190,hyporheic / soil,across habitats,0.9956,0.9061,0.6518999999999969,0.44729999999999875,0.2046,0.2046
hja2016_122,hja2016_190,sediment / soil,across habitats,0.8788,0.6376,0.13135000000000008,0.09545000000000009,0.0359,0.037200000000000004
hja2016_125,hja2016_190,sediment / soil,across habitats,0.876,0.636,0.13699999999999993,0.10655000000000006,0.03045,0.031100000000000003
hja2016_164,hja2016_190,sediment / soil,across habitats,0.8546,0.6283,0.11360000000000005,0.08335000000000005,0.030249999999999996,0.0317
hja2016_166,hja2016_190,sediment / soil,across habitats,0.9355,0.7431,0.24364999999999978,0.1771499999999998,0.06649999999999999,0.06664999999999999
hja2016_167,hja2016_190,sediment / soil,across habitats,0.6982,0.4976,0.1064499999999999,0.08529999999999995,0.021150000000000002,0.024250000000000008
hja2016_169,hja2016_190,sediment / soil,across habitats,0.6968,0.5074,0.10224999999999994,0.08779999999999993,0.014450000000000001,0.016700000000000003
hja2016_170,hja2016_190,sediment / soil,across habitats,0.9001,0.6745,0.16699999999999987,0.13919999999999993,0.027800000000000002,0.0286
hja2016_177,hja2016_190,sediment / soil,across habitats,0.8096,0.5798,0.10574999999999998,0.09040000000000005,0.01535,0.016350000000000003
hja2016_179,hja2016_190,sediment / soil,across habitats,0.8676,0.6359,0.13994999999999985,0.11229999999999998,0.027650000000000004,0.02835
hja2016_180,hja2016_190,sediment / soil,across habitats,0.9345,0.7416,0.24259999999999976,0.1778499999999997,0.06475,0.06570000000000001
hja2016_181,hja2016_190,sediment / soil,across habitats,0.8942,0.6696,0.17404999999999984,0.13319999999999996,0.04085,0.0414
hja2016_193,hja2016_190,soil / soil,within habitat,0.716,0.4542,0.059400000000000126,0.041150000000000096,0.018249999999999992,0.02385
hja2016_194,hja2016_190,soil / soil,within habitat,0.7745,0.5161,0.07565000000000006,0.0706000000000001,0.00505,0.006499999999999999
hja2016_195,hja2016_190,soil / soil,within habitat,0.637,0.3515,0.04265000000000012,0.038250000000000096,0.0044,0.007400000000000001
hja2016_196,hja2016_190,soil / soil,within habitat,0.7292,0.4469,0.07130000000000004,0.055600000000000115,0.0157,0.016999999999999998
hja2016_197,hja2016_190,soil / soil,within habitat,0.914,0.6787,0.1727499999999998,0.12084999999999993,0.051899999999999995,0.052349999999999994
hja2016_198,hja2016_190,soil / soil,within habitat,0.7405,0.471,0.0654500000000001,0.05140000000000011,0.014049999999999997,0.015399999999999999
hja2016_199,hja2016_190,soil / soil,within habitat,0.6004,0.3517,0.055100000000000114,0.04565000000000008,0.00945,0.0116
hja2016_200,hja2016_190,soil / soil,within habitat,0.7029,0.4608,0.060250000000000116,0.050000000000000114,0.010249999999999997,0.011099999999999999
hja2016_031,hja2016_191,hyporheic / soil,across habitats,0.997,0.8807,0.7244999999999994,0.5987499999999998,0.12575000000000003,0.12575000000000003
hja2016_032,hja2016_191,hyporheic / soil,across habitats,0.9897,0.8713,0.6929999999999997,0.5905499999999996,0.10245,0.10245
hja2016_035,hja2016_191,hyporheic / soil,across habitats,0.99,0.8636,0.6819499999999994,0.56835,0.11359999999999999,0.11359999999999999
hja2016_037,hja2016_191,hyporheic / soil,across habitats,0.989,0.8809,0.6206999999999996,0.5547999999999998,0.0659,0.0659
hja2016_042,hja2016_191,planktonic / soil,across habitats,0.9981,0.9192,0.7779499999999995,0.6681499999999998,0.10980000000000002,0.10980000000000002
hja2016_043,hja2016_191,hyporheic / soil,across habitats,0.9868,0.8538,0.6356499999999997,0.54485,0.0908,0.09400000000000001
hja2016_049,hja2016_191,planktonic / soil,across habitats,0.9981,0.944,0.7690999999999985,0.6496499999999997,0.11945000000000001,0.11945000000000001
hja2016_050,hja2016_191,hyporheic / soil,across habitats,0.9901,0.8529,0.5756499999999993,0.5092999999999995,0.06635,0.06635
hja2016_052,hja2016_191,hyporheic / soil,across habitats,0.9832,0.7787,0.45799999999999946,0.38069999999999954,0.07730000000000002,0.07790000000000001
hja2016_056,hja2016_191,hyporheic / soil,across habitats,0.9846,0.8655,0.5389999999999986,0.49339999999999856,0.0456,0.047950000000000007
hja2016_057,hja2016_191,hyporheic / soil,across habitats,0.9937,0.8967,0.7322999999999993,0.6721999999999996,0.060099999999999994,0.060099999999999994
hja2016_059,hja2016_191,planktonic / soil,across habitats,0.98740000000000006,0.85,0.5440499999999989,0.4940499999999993,0.049999999999999996,0.050449999999999995
hja2016_062,hja2016_191,hyporheic / soil,across habitats,0.9831,0.8657,0.6003499999999979,0.5239999999999988,0.07635,0.0774
hja2016_064,hja2016_191,planktonic / soil,across habitats,0.9887,0.8863,0.660049999999999,0.5454499999999995,0.11459999999999997,0.11459999999999997
hja2016_099,hja2016_191,planktonic / soil,across habitats,0.9928,0.924,0.6511499999999977,0.4479499999999987,0.20320000000000008,0.2033500000000001
hja2016_100,hja2016_191,planktonic / soil,across habitats,0.995,0.9417,0.6622999999999976,0.49494999999999856,0.16734999999999994,0.16734999999999994
hja2016_101,hja2016_191,planktonic / soil,across habitats,0.9951,0.9184,0.5869499999999974,0.4069499999999984,0.18,0.18
hja2016_102,hja2016_191,hyporheic / soil,across habitats,0.9908,0.9297,0.6732999999999976,0.4800499999999984,0.19324999999999998,0.19344999999999998
hja2016_103,hja2016_191,planktonic / soil,across habitats,0.9866,0.8778,0.48769999999999797,0.35874999999999846,0.12895,0.12895
hja2016_105,hja2016_191,planktonic / soil,across habitats,0.9922,0.9271,0.6609999999999979,0.4695499999999985,0.19145,0.19145
hja2016_106,hja2016_191,planktonic / soil,across habitats,0.9976,0.9447,0.7162499999999974,0.5270499999999988,0.18920000000000003,0.19015000000000004
hja2016_107,hja2016_191,hyporheic / soil,across habitats,0.9926,0.9183,0.6146999999999978,0.43624999999999886,0.17844999999999997,0.17889999999999998
hja2016_109,hja2016_191,planktonic / soil,across habitats,0.9914,0.9018,0.6171499999999982,0.460399999999999,0.15675000000000003,0.15675000000000003
hja2016_110,hja2016_191,hyporheic / soil,across habitats,0.9945,0.9159,0.636499999999998,0.46019999999999894,0.17629999999999996,0.17629999999999996
hja2016_111,hja2016_191,planktonic / soil,across habitats,0.9908,0.9242,0.6033499999999972,0.4173999999999988,0.18595000000000003,0.18595000000000003
hja2016_114,hja2016_191,planktonic / soil,across habitats,0.993,0.9185,0.6315999999999972,0.4325499999999989,0.19905,0.19905
hja2016_116,hja2016_191,planktonic / soil,across habitats,0.9913,0.9194,0.6100999999999983,0.4265499999999988,0.18355000000000005,0.18355000000000005
hja2016_119,hja2016_191,planktonic / soil,across habitats,0.987,0.8695,0.5295499999999981,0.37894999999999834,0.1506,0.1506
hja2016_121,hja2016_191,hyporheic / soil,across habitats,0.9984,0.9466,0.7696499999999974,0.5828999999999986,0.18675000000000008,0.18675000000000008
hja2016_122,hja2016_191,sediment / soil,across habitats,0.9563,0.8174,0.33699999999999913,0.27419999999999967,0.06280000000000001,0.06385
hja2016_125,hja2016_191,sediment / soil,across habitats,0.9546,0.8193,0.344549999999999,0.26649999999999985,0.07805000000000001,0.07855000000000001
hja2016_164,hja2016_191,sediment / soil,across habitats,0.9461,0.8105,0.3120499999999993,0.25059999999999966,0.06145000000000001,0.06145000000000001
hja2016_166,hja2016_191,sediment / soil,across habitats,0.9747,0.8395,0.46454999999999863,0.34734999999999905,0.1172,0.11745
hja2016_167,hja2016_191,sediment / soil,across habitats,0.9147,0.7188,0.22299999999999995,0.16064999999999993,0.06234999999999998,0.06234999999999998
hja2016_169,hja2016_191,sediment / soil,across habitats,0.9238,0.7289,0.24305,0.1906499999999999,0.052399999999999995,0.052399999999999995
hja2016_170,hja2016_191,sediment / soil,across habitats,0.9581,0.8136,0.39344999999999863,0.2993999999999993,0.09405,0.09405
hja2016_177,hja2016_191,sediment / soil,across habitats,0.9523,0.7716,0.2778499999999993,0.20069999999999963,0.07715000000000002,0.07715000000000002
hja2016_179,hja2016_191,sediment / soil,across habitats,0.9528,0.8231,0.3584999999999991,0.2855499999999998,0.07294999999999999,0.07335
hja2016_180,hja2016_191,sediment / soil,across habitats,0.9765,0.8483,0.49219999999999914,0.3514499999999993,0.14075000000000001,0.14075000000000001
hja2016_181,hja2016_191,sediment / soil,across habitats,0.9566,0.8191,0.3555999999999989,0.25854999999999984,0.09705000000000004,0.09725000000000004
hja2016_193,hja2016_191,soil / soil,within habitat,0.8725,0.5843,0.08200000000000007,0.0642500000000001,0.01775,0.019449999999999995
hja2016_194,hja2016_191,soil / soil,within habitat,0.9271,0.7234,0.24154999999999974,0.18484999999999976,0.05670000000000001,0.05670000000000001
hja2016_195,hja2016_191,soil / soil,within habitat,0.8952,0.648,0.11039999999999994,0.08510000000000008,0.025300000000000007,0.025550000000000007
hja2016_196,hja2016_191,soil / soil,within habitat,0.9054,0.6595,0.16719999999999996,0.12574999999999997,0.04144999999999999,0.04144999999999999
hja2016_197,hja2016_191,soil / soil,within habitat,0.8419,0.5724,0.1211,0.09930000000000003,0.0218,0.022099999999999998
hja2016_198,hja2016_191,soil / soil,within habitat,0.8932,0.6487,0.19949999999999957,0.15419999999999984,0.0453,0.0453
hja2016_199,hja2016_191,soil / soil,within habitat,0.9053,0.6646,0.15754999999999977,0.10490000000000002,0.05264999999999998,0.05289999999999998
hja2016_200,hja2016_191,soil / soil,within habitat,0.8755,0.6181,0.1802999999999997,0.12069999999999992,0.05960000000000001,0.05960000000000001
hja2016_032,hja2016_031,hyporheic / hyporheic,within habitat,0.9404,0.6579,0.4337999999999995,0.42184999999999956,0.01195,0.01645
hja2016_035,hja2016_031,hyporheic / hyporheic,within habitat,0.9351,0.7601,0.5056000000000002,0.4691000000000001,0.0365,0.039549999999999995
hja2016_037,hja2016_031,hyporheic / hyporheic,within habitat,0.9305,0.7272,0.4695499999999998,0.43194999999999983,0.037599999999999995,0.05205
hja2016_042,hja2016_031,hyporheic / planktonic,across habitats,0.9183,0.7105,0.48070000000000007,0.4711000000000001,0.009600000000000001,0.03415
hja2016_043,hja2016_031,hyporheic / hyporheic,within habitat,0.9307,0.667,0.44629999999999975,0.43609999999999977,0.0102,0.02395
hja2016_049,hja2016_031,hyporheic / planktonic,across habitats,0.9187,0.7412,0.47349999999999987,0.4670499999999999,0.006449999999999999,0.01525
hja2016_050,hja2016_031,hyporheic / hyporheic,within habitat,0.9592,0.7474,0.3888999999999996,0.36769999999999964,0.0212,0.02705
hja2016_052,hja2016_031,hyporheic / hyporheic,within habitat,0.9442,0.6991,0.34974999999999945,0.33044999999999963,0.0193,0.032749999999999994
hja2016_056,hja2016_031,hyporheic / hyporheic,within habitat,0.9598,0.77,0.25869999999999993,0.2506500000000001,0.00805,0.00865
hja2016_057,hja2016_031,hyporheic / hyporheic,within habitat,0.9564,0.7469,0.4358999999999997,0.4292499999999998,0.00665,0.019000000000000003
hja2016_059,hja2016_031,hyporheic / planktonic,across habitats,0.9428,0.7,0.4394499999999992,0.42394999999999927,0.0155,0.02155
hja2016_062,hja2016_031,hyporheic / hyporheic,within habitat,0.9576,0.7092,0.2678999999999999,0.24685000000000018,0.02105,0.02905
hja2016_064,hja2016_031,hyporheic / planktonic,across habitats,0.9514,0.7525,0.51204999999999945,0.4823999999999993,0.02965,0.038200000000000005
hja2016_099,hja2016_031,hyporheic / planktonic,across habitats,0.9975,0.9265,0.6228999999999972,0.44154999999999855,0.18135,0.18320000000000003
hja2016_100,hja2016_031,hyporheic / planktonic,across habitats,0.9989,0.9325,0.6162499999999973,0.4965499999999984,0.11970000000000001,0.12280000000000003
hja2016_101,hja2016_031,hyporheic / planktonic,across habitats,0.9973,0.9082,0.6414999999999967,0.43514999999999826,0.20635000000000003,0.20635000000000003
hja2016_102,hja2016_031,hyporheic / hyporheic,within habitat,0.9979,0.9283,0.6999999999999964,0.45954999999999824,0.24044999999999997,0.24359999999999998
hja2016_103,hja2016_031,hyporheic / planktonic,across habitats,0.9949,0.8906,0.5375999999999976,0.41814999999999786,0.11945000000000001,0.11945000000000001
hja2016_105,hja2016_031,hyporheic / planktonic,across habitats,0.9962,0.9294,0.666649999999997,0.42939999999999845,0.23724999999999996,0.23724999999999996
hja2016_106,hja2016_031,hyporheic / planktonic,across habitats,0.9991,0.9136,0.6046499999999977,0.4803999999999985,0.12425,0.1257
hja2016_107,hja2016_031,hyporheic / hyporheic,within habitat,0.9975,0.9187,0.5758499999999974,0.4047499999999989,0.17109999999999997,0.17109999999999997
hja2016_109,hja2016_031,hyporheic / planktonic,across habitats,0.9964,0.9042,0.6860499999999968,0.4986499999999983,0.18739999999999998,0.18739999999999998
hja2016_110,hja2016_031,hyporheic / hyporheic,within habitat,0.9977,0.9185,0.6541999999999962,0.4471499999999987,0.20704999999999998,0.20704999999999998
hja2016_111,hja2016_031,hyporheic / planktonic,across habitats,0.9966,0.9191,0.5869999999999972,0.4215499999999988,0.16545000000000004,0.16970000000000005
hja2016_114,hja2016_031,hyporheic / planktonic,across habitats,0.9968,0.914,0.6394499999999959,0.4072499999999986,0.2322,0.2322
hja2016_116,hja2016_031,hyporheic / planktonic,across habitats,0.9969,0.9233,0.6684999999999967,0.43574999999999864,0.2327500000000001,0.2327500000000001
hja2016_119,hja2016_031,hyporheic / planktonic,across habitats,0.9945,0.8781,0.4981499999999986,0.3519999999999985,0.14615,0.14615
hja2016_121,hja2016_031,hyporheic / hyporheic,within habitat,0.999,0.9201,0.6033999999999977,0.48849999999999827,0.1149,0.1149
hja2016_122,hja2016_031,hyporheic / sediment,across habitats,0.9629,0.8017,0.4640499999999987,0.32009999999999905,0.14395000000000008,0.1473000000000001
hja2016_125,hja2016_031,hyporheic / sediment,across habitats,0.9608,0.8011,0.47039999999999865,0.3240999999999993,0.14630000000000007,0.15225000000000008
hja2016_164,hja2016_031,hyporheic / sediment,across habitats,0.9681,0.815,0.4659999999999988,0.3246499999999992,0.14134999999999995,0.14134999999999995
hja2016_166,hja2016_031,hyporheic / sediment,across habitats,0.9759,0.7842,0.4553999999999984,0.3376999999999992,0.11770000000000003,0.12015000000000002
hja2016_167,hja2016_031,hyporheic / sediment,across habitats,0.9717,0.7969,0.476999999999999,0.3378499999999989,0.13915000000000002,0.13915000000000002
hja2016_169,hja2016_031,hyporheic / sediment,across habitats,0.9726,0.7955,0.4748499999999987,0.3401999999999993,0.13465000000000002,0.13990000000000002
hja2016_170,hja2016_031,hyporheic / sediment,across habitats,0.9683,0.7766,0.39719999999999867,0.3247999999999991,0.07239999999999999,0.07665
hja2016_177,hja2016_031,hyporheic / sediment,across habitats,0.9719,0.8104,0.4909999999999986,0.35089999999999877,0.14010000000000009,0.14090000000000008
hja2016_179,hja2016_031,hyporheic / sediment,across habitats,0.9625,0.7828,0.4601499999999987,0.3384999999999991,0.12165000000000002,0.12370000000000002
hja2016_180,hja2016_031,hyporheic / sediment,across habitats,0.9736,0.7837,0.44139999999999907,0.32389999999999947,0.1175,0.12539999999999998
hja2016_181,hja2016_031,hyporheic / sediment,across habitats,0.9718,0.772,0.4360499999999988,0.30184999999999923,0.13420000000000004,0.13420000000000004
hja2016_193,hja2016_031,hyporheic / soil,across habitats,0.9899,0.8837,0.5872999999999989,0.40589999999999943,0.18140000000000003,0.18140000000000003
hja2016_194,hja2016_031,hyporheic / soil,across habitats,0.9692,0.791,0.518299999999999,0.35609999999999903,0.16220000000000004,0.16720000000000004
hja2016_195,hja2016_031,hyporheic / soil,across habitats,0.985,0.8472,0.5475499999999991,0.33649999999999936,0.21105,0.21574999999999997
hja2016_196,hja2016_031,hyporheic / soil,across habitats,0.9725,0.7745,0.4532499999999985,0.2701499999999997,0.18310000000000012,0.18310000000000012
hja2016_197,hja2016_031,hyporheic / soil,across habitats,0.991,0.8311,0.5671999999999986,0.44634999999999897,0.12085,0.1215
hja2016_198,hja2016_031,hyporheic / soil,across habitats,0.9733,0.7895,0.49064999999999837,0.3209499999999989,0.16970000000000002,0.16990000000000002
hja2016_199,hja2016_031,hyporheic / soil,across habitats,0.9808,0.8343,0.5562499999999985,0.38029999999999897,0.17595000000000002,0.18150000000000002
hja2016_200,hja2016_031,hyporheic / soil,across habitats,0.9774,0.8029,0.5306999999999987,0.338349999999999,0.19235000000000002,0.19325000000000003
hja2016_035,hja2016_032,hyporheic / hyporheic,within habitat,0.9426,0.7319,0.4566000000000002,0.41035000000000016,0.046250000000000006,0.05165
hja2016_037,hja2016_032,hyporheic / hyporheic,within habitat,0.9341,0.7005,0.46679999999999977,0.44734999999999986,0.019449999999999995,0.027899999999999998
hja2016_042,hja2016_032,hyporheic / planktonic,across habitats,0.9253,0.6511,0.4322999999999999,0.41705000000000003,0.015249999999999998,0.019450000000000002
hja2016_043,hja2016_032,hyporheic / hyporheic,within habitat,0.9109,0.6411,0.3999999999999999,0.3793,0.0207,0.036950000000000004
hja2016_049,hja2016_032,hyporheic / planktonic,across habitats,0.9245,0.6977,0.4507499999999995,0.43764999999999943,0.013099999999999999,0.02995
hja2016_050,hja2016_032,hyporheic / hyporheic,within habitat,0.9298,0.6408,0.34239999999999987,0.32024999999999987,0.02215,0.041949999999999994
hja2016_052,hja2016_032,hyporheic / hyporheic,within habitat,0.9337,0.6714,0.3505999999999995,0.3320999999999996,0.018499999999999996,0.0348
hja2016_056,hja2016_032,hyporheic / hyporheic,within habitat,0.9504,0.7577,0.25885,0.25055000000000016,0.0083,0.010150000000000001
hja2016_057,hja2016_032,hyporheic / hyporheic,within habitat,0.9471,0.6795,0.40809999999999963,0.3978999999999997,0.010199999999999999,0.01625
hja2016_059,hja2016_032,hyporheic / planktonic,across habitats,0.9374,0.6335,0.3323999999999997,0.32379999999999975,0.008599999999999998,0.009449999999999998
hja2016_062,hja2016_032,hyporheic / hyporheic,within habitat,0.9338,0.6502,0.23470000000000008,0.2191500000000001,0.015550000000000001,0.0182
hja2016_064,hja2016_032,hyporheic / planktonic,across habitats,0.9349,0.6366,0.3769499999999995,0.35859999999999964,0.018349999999999998,0.02765
hja2016_099,hja2016_032,hyporheic / planktonic,across habitats,0.997,0.87,0.5478499999999974,0.3782499999999988,0.16960000000000003,0.16960000000000003
hja2016_100,hja2016_032,hyporheic / planktonic,across habitats,0.9956,0.8872,0.5549499999999981,0.44079999999999875,0.11415000000000004,0.11415000000000004
hja2016_101,hja2016_032,hyporheic / planktonic,across habitats,0.9973,0.8554,0.5352999999999978,0.38504999999999856,0.15025000000000002,0.15025000000000002
hja2016_102,hja2016_032,hyporheic / hyporheic,within habitat,0.9949,0.8834,0.5831499999999975,0.40669999999999845,0.17645,0.17645
hja2016_103,hja2016_032,hyporheic / planktonic,across habitats,0.98740000000000006,0.8232,0.46104999999999774,0.3546499999999984,0.10640000000000004,0.10710000000000003
hja2016_105,hja2016_032,hyporheic / planktonic,across habitats,0.9953,0.891,0.5836999999999979,0.39134999999999864,0.19235,0.19235
hja2016_106,hja2016_032,hyporheic / planktonic,across habitats,0.9995,0.8662,0.5371499999999982,0.4240999999999987,0.11305,0.11305
hja2016_107,hja2016_032,hyporheic / hyporheic,within habitat,0.9971,0.8653,0.5360499999999979,0.366899999999999,0.16914999999999997,0.16914999999999997
hja2016_109,hja2016_032,hyporheic / planktonic,across habitats,0.997,0.8464,0.6016499999999978,0.4573999999999983,0.14425000000000002,0.14425000000000002
hja2016_110,hja2016_032,hyporheic / hyporheic,within habitat,0.9976,0.8514,0.5523999999999973,0.39849999999999863,0.15390000000000004,0.15390000000000004
hja2016_111,hja2016_032,hyporheic / planktonic,across habitats,0.9943,0.871,0.5392999999999982,0.37679999999999864,0.16250000000000006,0.16340000000000007
hja2016_114,hja2016_032,hyporheic / planktonic,across habitats,0.9953,0.8442,0.5274499999999982,0.35729999999999906,0.17015000000000002,0.17055000000000003
hja2016_116,hja2016_032,hyporheic / planktonic,across habitats,0.9949,0.8666,0.555449999999998,0.3719999999999986,0.18345000000000003,0.18345000000000003
hja2016_119,hja2016_032,hyporheic / planktonic,across habitats,0.9904,0.8089,0.42614999999999836,0.2960499999999987,0.1301,0.13049999999999998
hja2016_121,hja2016_032,hyporheic / hyporheic,within habitat,0.9993,0.8701,0.5663999999999983,0.46709999999999857,0.0993,0.1002
hja2016_122,hja2016_032,hyporheic / sediment,across habitats,0.9455,0.6962,0.3170999999999994,0.24350000000000005,0.07360000000000001,0.07475000000000001
hja2016_125,hja2016_032,hyporheic / sediment,across habitats,0.9413,0.7006,0.3367999999999991,0.258,0.0788,0.0835
hja2016_164,hja2016_032,hyporheic / sediment,across habitats,0.9543,0.7186,0.341549999999999,0.2610999999999997,0.08045000000000002,0.08430000000000001
hja2016_166,hja2016_032,hyporheic / sediment,across habitats,0.954,0.697,0.3204999999999993,0.2429,0.0776,0.07915
hja2016_167,hja2016_032,hyporheic / sediment,across habitats,0.9511,0.667,0.345449999999999,0.2675999999999999,0.07784999999999997,0.07784999999999997
hja2016_169,hja2016_032,hyporheic / sediment,across habitats,0.9498,0.6657,0.3503499999999989,0.27089999999999986,0.07944999999999999,0.0806
hja2016_170,hja2016_032,hyporheic / sediment,across habitats,0.9306,0.6517,0.28524999999999934,0.23544999999999983,0.04980000000000001,0.05355
hja2016_177,hja2016_032,hyporheic / sediment,across habitats,0.9561,0.7088,0.36044999999999894,0.2751499999999992,0.08530000000000001,0.08855000000000002
hja2016_179,hja2016_032,hyporheic / sediment,across habitats,0.9411,0.691,0.32299999999999923,0.2640499999999999,0.05894999999999998,0.06299999999999999
hja2016_180,hja2016_032,hyporheic / sediment,across habitats,0.9515,0.6953,0.3139999999999994,0.2473999999999999,0.0666,0.0666
hja2016_181,hja2016_032,hyporheic / sediment,across habitats,0.9331,0.6427,0.2907999999999994,0.22419999999999982,0.06660000000000002,0.069
hja2016_193,hja2016_032,hyporheic / soil,across habitats,0.9815,0.8507,0.5255999999999991,0.38209999999999944,0.14350000000000004,0.14440000000000003
hja2016_194,hja2016_032,hyporheic / soil,across habitats,0.9499,0.7101,0.33744999999999903,0.2575999999999999,0.07985,0.0806
hja2016_195,hja2016_032,hyporheic / soil,across habitats,0.9672,0.7883,0.45779999999999915,0.31914999999999943,0.13865000000000002,0.14170000000000002
hja2016_196,hja2016_032,hyporheic / soil,across habitats,0.96,0.6888,0.336449999999999,0.23164999999999994,0.10480000000000003,0.10875000000000004
hja2016_197,hja2016_032,hyporheic / soil,across habitats,0.9821,0.7774,0.4530499999999989,0.38434999999999897,0.0687,0.0687
hja2016_198,hja2016_032,hyporheic / soil,across habitats,0.9624,0.7292,0.3741499999999989,0.24484999999999987,0.1293,0.1318
hja2016_199,hja2016_032,hyporheic / soil,across habitats,0.9683,0.7691,0.4548499999999987,0.3251499999999997,0.1297,0.13275
hja2016_200,hja2016_032,hyporheic / soil,across habitats,0.9656,0.7549,0.42514999999999886,0.27279999999999965,0.15234999999999996,0.15234999999999996
hja2016_037,hja2016_035,hyporheic / hyporheic,within habitat,0.927,0.644,0.384,0.34370000000000006,0.0403,0.0463
hja2016_042,hja2016_035,hyporheic / planktonic,across habitats,0.9565,0.7606,0.4346000000000002,0.4074000000000002,0.027200000000000002,0.02805
hja2016_043,hja2016_035,hyporheic / hyporheic,within habitat,0.9267,0.7252,0.5083500000000002,0.4512500000000001,0.057100000000000005,0.06755
hja2016_049,hja2016_035,hyporheic / planktonic,across habitats,0.9495,0.8372,0.5478,0.4889000000000003,0.05890000000000001,0.06070000000000001
hja2016_050,hja2016_035,hyporheic / hyporheic,within habitat,0.9365,0.6787,0.3804499999999998,0.3423499999999998,0.0381,0.043649999999999994
hja2016_052,hja2016_035,hyporheic / hyporheic,within habitat,0.9253,0.6194,0.3215499999999997,0.28135000000000004,0.04020000000000001,0.04765000000000001
hja2016_056,hja2016_035,hyporheic / hyporheic,within habitat,0.92490000000000006,0.6917,0.25719999999999993,0.2224000000000001,0.034800000000000005,0.03885
hja2016_057,hja2016_035,hyporheic / hyporheic,within habitat,0.9236,0.7041,0.38409999999999994,0.36129999999999995,0.022799999999999997,0.02405
hja2016_059,hja2016_035,hyporheic / planktonic,across habitats,0.9226,0.736,0.46769999999999967,0.4199999999999996,0.0477,0.0496
hja2016_062,hja2016_035,hyporheic / hyporheic,within habitat,0.928,0.669,0.27130000000000004,0.23610000000000006,0.035199999999999995,0.03805
hja2016_064,hja2016_035,hyporheic / planktonic,across habitats,0.9289,0.736,0.5098499999999998,0.46044999999999986,0.049400000000000006,0.05085
hja2016_099,hja2016_035,hyporheic / planktonic,across habitats,0.9884,0.7995,0.4545499999999984,0.32559999999999917,0.12895,0.12895
hja2016_100,hja2016_035,hyporheic / planktonic,across habitats,0.9951,0.8247,0.5100999999999988,0.4167999999999989,0.09330000000000001,0.09435000000000003
hja2016_101,hja2016_035,hyporheic / planktonic,across habitats,0.9913,0.8082,0.4925999999999983,0.3725499999999988,0.12005000000000003,0.12005000000000003
hja2016_102,hja2016_035,hyporheic / hyporheic,within habitat,0.9879,0.7961,0.48379999999999856,0.347349999999999,0.13645000000000007,0.13745000000000007
hja2016_103,hja2016_035,hyporheic / planktonic,across habitats,0.9843,0.77,0.39854999999999857,0.31924999999999876,0.07930000000000004,0.08105000000000005
hja2016_105,hja2016_035,hyporheic / planktonic,across habitats,0.9857,0.7955,0.4824999999999987,0.34664999999999896,0.13585000000000003,0.13825000000000004
hja2016_106,hja2016_035,hyporheic / planktonic,across habitats,0.9971,0.8352,0.5406999999999985,0.43074999999999897,0.10995000000000002,0.10995000000000002
hja2016_107,hja2016_035,hyporheic / hyporheic,within habitat,0.9885,0.7878,0.440049999999999,0.3170999999999991,0.12295000000000005,0.12330000000000005
hja2016_109,hja2016_035,hyporheic / planktonic,across habitats,0.9873,0.7853,0.5013999999999984,0.4030999999999987,0.09829999999999998,0.09829999999999998
hja2016_110,hja2016_035,hyporheic / hyporheic,within habitat,0.9895,0.7856,0.47799999999999904,0.3695999999999992,0.10840000000000001,0.10840000000000001
hja2016_111,hja2016_035,hyporheic / planktonic,across habitats,0.9914,0.793,0.4705999999999987,0.3500499999999991,0.12055000000000003,0.12090000000000004
hja2016_114,hja2016_035,hyporheic / planktonic,across habitats,0.99,0.8089,0.484099999999999,0.3454999999999992,0.13860000000000006,0.13860000000000006
hja2016_116,hja2016_035,hyporheic / planktonic,across habitats,0.987,0.7975,0.47709999999999886,0.3374499999999991,0.13965,0.14025
hja2016_119,hja2016_035,hyporheic / planktonic,across habitats,0.9841,0.7615,0.3814999999999985,0.2774999999999994,0.10400000000000004,0.10400000000000004
hja2016_121,hja2016_035,hyporheic / hyporheic,within habitat,0.9969,0.83,0.546099999999998,0.45479999999999876,0.09129999999999999,0.09129999999999999
hja2016_122,hja2016_035,hyporheic / sediment,across habitats,0.959,0.7753,0.3855499999999992,0.31454999999999955,0.07100000000000001,0.07100000000000001
hja2016_125,hja2016_035,hyporheic / sediment,across habitats,0.9608,0.7824,0.3981999999999992,0.33189999999999953,0.0663,0.06680000000000001
hja2016_164,hja2016_035,hyporheic / sediment,across habitats,0.9706,0.804,0.4235499999999993,0.3201999999999996,0.10335,0.10335
hja2016_166,hja2016_035,hyporheic / sediment,across habitats,0.9777,0.8153,0.468049999999999,0.35759999999999953,0.11045,0.11345
hja2016_167,hja2016_035,hyporheic / sediment,across habitats,0.9625,0.7649,0.4181499999999992,0.32234999999999936,0.09580000000000001,0.09580000000000001
hja2016_169,hja2016_035,hyporheic / sediment,across habitats,0.9607,0.7651,0.41709999999999947,0.31839999999999963,0.09870000000000001,0.09910000000000001
hja2016_170,hja2016_035,hyporheic / sediment,across habitats,0.9703,0.7906,0.4356499999999988,0.3261499999999994,0.10950000000000003,0.11305000000000003
hja2016_177,hja2016_035,hyporheic / sediment,across habitats,0.9669,0.7829,0.43439999999999906,0.3356499999999994,0.09875000000000003,0.09875000000000003
hja2016_179,hja2016_035,hyporheic / sediment,across habitats,0.9705,0.7899,0.4291499999999989,0.3439499999999992,0.08520000000000001,0.08619999999999998
hja2016_180,hja2016_035,hyporheic / sediment,across habitats,0.9768,0.818,0.46719999999999945,0.3501499999999995,0.11704999999999996,0.11849999999999997
hja2016_181,hja2016_035,hyporheic / sediment,across habitats,0.9737,0.7868,0.4436499999999989,0.3305999999999992,0.11305000000000004,0.11750000000000002
hja2016_193,hja2016_035,hyporheic / soil,across habitats,0.9825,0.8547,0.5598499999999994,0.3720999999999998,0.18775000000000003,0.18860000000000005
hja2016_194,hja2016_035,hyporheic / soil,across habitats,0.9561,0.768,0.41349999999999926,0.31649999999999945,0.09699999999999999,0.10095
hja2016_195,hja2016_035,hyporheic / soil,across habitats,0.9729,0.8225,0.47299999999999937,0.3153499999999995,0.15765,0.15885000000000005
hja2016_196,hja2016_035,hyporheic / soil,across habitats,0.9616,0.765,0.37764999999999904,0.26129999999999987,0.11635000000000008,0.11870000000000007
hja2016_197,hja2016_035,hyporheic / soil,across habitats,0.9852,0.8471,0.5536999999999992,0.4540999999999996,0.09960000000000001,0.1037
hja2016_198,hja2016_035,hyporheic / soil,across habitats,0.9697,0.7791,0.4397999999999988,0.30234999999999934,0.13745,0.13745
hja2016_199,hja2016_035,hyporheic / soil,across habitats,0.9734,0.8146,0.46724999999999894,0.30884999999999974,0.15840000000000004,0.15960000000000005
hja2016_200,hja2016_035,hyporheic / soil,across habitats,0.9595,0.7952,0.46179999999999893,0.28944999999999976,0.17235000000000003,0.17305000000000004
hja2016_042,hja2016_037,hyporheic / planktonic,across habitats,0.9406,0.7675,0.5341500000000002,0.5026000000000003,0.03155,0.0349
hja2016_043,hja2016_037,hyporheic / hyporheic,within habitat,0.9331,0.7075,0.4868000000000001,0.43989999999999996,0.0469,0.050199999999999995
hja2016_049,hja2016_037,hyporheic / planktonic,across habitats,0.9505,0.8236,0.59615,0.5430999999999998,0.05305,0.05555
hja2016_050,hja2016_037,hyporheic / hyporheic,within habitat,0.9549,0.6755,0.3339999999999999,0.31309999999999993,0.0209,0.025500000000000002
hja2016_052,hja2016_037,hyporheic / hyporheic,within habitat,0.9161,0.6207,0.31254999999999983,0.28790000000000004,0.024650000000000002,0.033
hja2016_056,hja2016_037,hyporheic / hyporheic,within habitat,0.9343,0.7049,0.22080000000000005,0.21260000000000007,0.008199999999999999,0.01315
hja2016_057,hja2016_037,hyporheic / hyporheic,within habitat,0.9551,0.7555,0.44265,0.42354999999999987,0.0191,0.0213
hja2016_059,hja2016_037,hyporheic / planktonic,across habitats,0.9355,0.719,0.4222499999999997,0.4126999999999997,0.00955,0.017699999999999994
hja2016_062,hja2016_037,hyporheic / hyporheic,within habitat,0.9467,0.7097,0.2666,0.2437000000000001,0.022899999999999997,0.026299999999999997
hja2016_064,hja2016_037,hyporheic / planktonic,across habitats,0.9374,0.7262,0.46449999999999997,0.41769999999999996,0.0468,0.05365
hja2016_099,hja2016_037,hyporheic / planktonic,across habitats,0.9963,0.8853,0.5869999999999979,0.41804999999999864,0.16895,0.16965
hja2016_100,hja2016_037,hyporheic / planktonic,across habitats,0.9974,0.907,0.619149999999998,0.5062999999999984,0.11285000000000002,0.11285000000000002
hja2016_101,hja2016_037,hyporheic / planktonic,across habitats,0.9962,0.884,0.5668999999999983,0.4234499999999987,0.14345000000000002,0.14345000000000002
hja2016_102,hja2016_037,hyporheic / hyporheic,within habitat,0.9927,0.8948,0.6066499999999976,0.43879999999999847,0.16785,0.16925
hja2016_103,hja2016_037,hyporheic / planktonic,across habitats,0.9871,0.826,0.48044999999999777,0.3762499999999982,0.10420000000000001,0.10420000000000001
hja2016_105,hja2016_037,hyporheic / planktonic,across habitats,0.9939,0.895,0.6124499999999978,0.4568499999999986,0.1556,0.1556
hja2016_106,hja2016_037,hyporheic / planktonic,across habitats,0.9993,0.9067,0.6304999999999977,0.4837999999999985,0.14670000000000005,0.14670000000000005
hja2016_107,hja2016_037,hyporheic / hyporheic,within habitat,0.9955,0.8772,0.5498499999999982,0.3925999999999989,0.15725000000000003,0.15725000000000003
hja2016_109,hja2016_037,hyporheic / planktonic,across habitats,0.9943,0.8579,0.590299999999998,0.4498999999999988,0.1404,0.1404
hja2016_110,hja2016_037,hyporheic / hyporheic,within habitat,0.997,0.8633,0.6177999999999971,0.45364999999999867,0.16415000000000007,0.16415000000000007
hja2016_111,hja2016_037,hyporheic / planktonic,across habitats,0.9946,0.8836,0.5608499999999977,0.4139999999999986,0.14685000000000004,0.14685000000000004
hja2016_114,hja2016_037,hyporheic / planktonic,across habitats,0.9965,0.8813,0.5781999999999976,0.42054999999999876,0.15765000000000004,0.15765000000000004
hja2016_116,hja2016_037,hyporheic / planktonic,across habitats,0.9944,0.88,0.5993499999999982,0.43574999999999875,0.16360000000000005,0.16590000000000005
hja2016_119,hja2016_037,hyporheic / planktonic,across habitats,0.9897,0.8223,0.4316999999999987,0.30564999999999887,0.12605000000000002,0.12605000000000002
hja2016_121,hja2016_037,hyporheic / hyporheic,within habitat,0.9989,0.9086,0.6252999999999982,0.49199999999999844,0.13330000000000003,0.13330000000000003
hja2016_122,hja2016_037,hyporheic / sediment,across habitats,0.9374,0.6801,0.33849999999999886,0.2832999999999996,0.05520000000000001,0.059850000000000014
hja2016_125,hja2016_037,hyporheic / sediment,across habitats,0.9364,0.6782,0.347149999999999,0.28044999999999987,0.0667,0.07445000000000002
hja2016_164,hja2016_037,hyporheic / sediment,across habitats,0.9598,0.7305,0.35019999999999896,0.2711999999999995,0.07900000000000003,0.08025000000000003
hja2016_166,hja2016_037,hyporheic / sediment,across habitats,0.9746,0.7848,0.42524999999999863,0.3589499999999991,0.0663,0.06724999999999998
hja2016_167,hja2016_037,hyporheic / sediment,across habitats,0.9657,0.7085,0.3821999999999994,0.3065499999999995,0.07564999999999998,0.07589999999999998
hja2016_169,hja2016_037,hyporheic / sediment,across habitats,0.9613,0.7029,0.38834999999999925,0.31844999999999957,0.06989999999999998,0.07409999999999996
hja2016_170,hja2016_037,hyporheic / sediment,across habitats,0.961,0.7315,0.35194999999999893,0.28179999999999955,0.07014999999999999,0.07014999999999999
hja2016_177,hja2016_037,hyporheic / sediment,across habitats,0.9531,0.7015,0.3536499999999989,0.3105999999999991,0.04304999999999999,0.04649999999999999
hja2016_179,hja2016_037,hyporheic / sediment,across habitats,0.9512,0.7016,0.3766999999999991,0.3221499999999994,0.05455,0.0578
hja2016_180,hja2016_037,hyporheic / sediment,across habitats,0.9691,0.7853,0.39094999999999924,0.3165999999999994,0.07434999999999999,0.08375
hja2016_181,hja2016_037,hyporheic / sediment,across habitats,0.9609,0.7241,0.35329999999999917,0.28404999999999964,0.06925,0.06925
hja2016_193,hja2016_037,hyporheic / soil,across habitats,0.9936,0.8556,0.601349999999999,0.36934999999999957,0.23200000000000007,0.23200000000000007
hja2016_194,hja2016_037,hyporheic / soil,across habitats,0.9474,0.6953,0.3361499999999992,0.28539999999999965,0.05075,0.05075
hja2016_195,hja2016_037,hyporheic / soil,across habitats,0.9868,0.7882,0.4242499999999994,0.2821499999999998,0.1421,0.1421
hja2016_196,hja2016_037,hyporheic / soil,across habitats,0.9684,0.7155,0.36394999999999855,0.2554999999999998,0.10845000000000003,0.11210000000000005
hja2016_197,hja2016_037,hyporheic / soil,across habitats,0.9897,0.8148,0.5555499999999992,0.46509999999999935,0.09045,0.0927
hja2016_198,hja2016_037,hyporheic / soil,across habitats,0.9722,0.7265,0.39144999999999885,0.3004499999999994,0.091,0.091
hja2016_199,hja2016_037,hyporheic / soil,across habitats,0.9881,0.767,0.4564499999999993,0.3117499999999999,0.14469999999999994,0.14579999999999999
hja2016_200,hja2016_037,hyporheic / soil,across habitats,0.9618,0.732,0.394699999999999,0.27674999999999966,0.11795000000000001,0.11795000000000001
hja2016_043,hja2016_042,hyporheic / planktonic,across habitats,0.9261,0.7276,0.5316999999999998,0.50725,0.02445,0.028949999999999997
hja2016_049,hja2016_042,planktonic / planktonic,within habitat,0.9054,0.6986,0.4499,0.44045,0.00945,0.01955
hja2016_050,hja2016_042,hyporheic / planktonic,across habitats,0.9477,0.7215,0.37159999999999993,0.3608499999999999,0.010750000000000001,0.0195
hja2016_052,hja2016_042,hyporheic / planktonic,across habitats,0.9741,0.7623,0.45134999999999936,0.42029999999999945,0.03105,0.0373
hja2016_056,hja2016_042,hyporheic / planktonic,across habitats,0.9725,0.8036,0.28734999999999944,0.26789999999999986,0.019450000000000002,0.028750000000000005
hja2016_057,hja2016_042,hyporheic / planktonic,across habitats,0.9452,0.6778,0.3622,0.34940000000000004,0.0128,0.0235
hja2016_059,hja2016_042,planktonic / planktonic,within habitat,0.9375,0.7162,0.4464999999999995,0.4318499999999995,0.01465,0.018349999999999998
hja2016_062,hja2016_042,hyporheic / planktonic,across habitats,0.9763,0.7348,0.2927,0.26165000000000005,0.031050000000000005,0.031050000000000005
hja2016_064,hja2016_042,planktonic / planktonic,within habitat,0.935,0.7015,0.44784999999999964,0.43299999999999966,0.01485,0.02025
hja2016_099,hja2016_042,planktonic / planktonic,within habitat,0.999,0.9045,0.5847999999999973,0.41584999999999883,0.16895000000000002,0.16895000000000002
hja2016_100,hja2016_042,planktonic / planktonic,within habitat,0.9991,0.9011,0.6063499999999975,0.48959999999999887,0.11675,0.11745000000000001
hja2016_101,hja2016_042,planktonic / planktonic,within habitat,0.9984,0.8924,0.6019999999999969,0.44549999999999856,0.15649999999999997,0.15649999999999997
hja2016_102,hja2016_042,hyporheic / planktonic,across habitats,0.9977,0.9141,0.6475499999999969,0.46054999999999857,0.18699999999999997,0.19044999999999998
hja2016_103,hja2016_042,planktonic / planktonic,within habitat,0.9965,0.8928,0.518999999999998,0.40099999999999847,0.11800000000000002,0.11915000000000002
hja2016_105,hja2016_042,planktonic / planktonic,within habitat,0.9982,0.9138,0.6324999999999973,0.44554999999999867,0.18695,0.18765
hja2016_106,hja2016_042,planktonic / planktonic,within habitat,0.9995,0.886,0.5558999999999983,0.43149999999999894,0.12439999999999998,0.12439999999999998
hja2016_107,hja2016_042,hyporheic / planktonic,across habitats,0.9985,0.9008,0.6062499999999967,0.4463499999999988,0.15990000000000001,0.15990000000000001
hja2016_109,hja2016_042,planktonic / planktonic,within habitat,0.999,0.8942,0.6524499999999973,0.5066499999999985,0.14580000000000004,0.14580000000000004
hja2016_110,hja2016_042,hyporheic / planktonic,across habitats,0.9992,0.8963,0.6137999999999965,0.4557999999999988,0.15800000000000008,0.15800000000000008
hja2016_111,hja2016_042,planktonic / planktonic,within habitat,0.9989,0.895,0.551549999999998,0.39739999999999875,0.15415,0.15415
hja2016_114,hja2016_042,planktonic / planktonic,within habitat,0.9985,0.8957,0.5775499999999968,0.3995499999999991,0.17800000000000005,0.17800000000000005
hja2016_116,hja2016_042,planktonic / planktonic,within habitat,0.9987,0.9037,0.6052499999999974,0.4192999999999989,0.18595000000000003,0.18595000000000003
hja2016_119,hja2016_042,planktonic / planktonic,within habitat,0.9974,0.8788,0.5106999999999982,0.36889999999999845,0.14180000000000004,0.14180000000000004
hja2016_121,hja2016_042,hyporheic / planktonic,across habitats,0.9994,0.888,0.6046499999999976,0.4881999999999988,0.11644999999999998,0.11644999999999998
hja2016_122,hja2016_042,planktonic / sediment,across habitats,0.9777,0.8482,0.5241499999999987,0.37829999999999897,0.14585000000000004,0.14585000000000004
hja2016_125,hja2016_042,planktonic / sediment,across habitats,0.9748,0.8504,0.5515499999999983,0.3892499999999987,0.16230000000000008,0.1631500000000001
hja2016_164,hja2016_042,planktonic / sediment,across habitats,0.9838,0.8722,0.5690999999999982,0.416149999999999,0.15294999999999997,0.15294999999999997
hja2016_166,hja2016_042,planktonic / sediment,across habitats,0.9851,0.8255,0.5157499999999986,0.40359999999999896,0.11215,0.11215
hja2016_167,hja2016_042,planktonic / sediment,across habitats,0.9804,0.8202,0.5201499999999987,0.39549999999999885,0.12465000000000001,0.1259
hja2016_169,hja2016_042,planktonic / sediment,across habitats,0.98,0.8246,0.5259499999999989,0.4013999999999991,0.12455000000000002,0.12650000000000003
hja2016_170,hja2016_042,planktonic / sediment,across habitats,0.972,0.8194,0.4762999999999986,0.3892499999999987,0.08704999999999999,0.08860000000000001
hja2016_177,hja2016_042,planktonic / sediment,across habitats,0.9827,0.8595,0.5463999999999984,0.43534999999999885,0.11105000000000002,0.11385000000000002
hja2016_179,hja2016_042,planktonic / sediment,across habitats,0.9768,0.8386,0.5328499999999988,0.44114999999999904,0.09169999999999999,0.09169999999999999
hja2016_180,hja2016_042,planktonic / sediment,across habitats,0.9838,0.8285,0.5125999999999992,0.38544999999999935,0.12714999999999999,0.12905
hja2016_181,hja2016_042,planktonic / sediment,across habitats,0.9752,0.8144,0.4777499999999988,0.37579999999999886,0.10195000000000005,0.10695000000000006
hja2016_193,hja2016_042,planktonic / soil,across habitats,0.9959,0.9049,0.6535499999999992,0.4244499999999995,0.22910000000000005,0.23145000000000007
hja2016_194,hja2016_042,planktonic / soil,across habitats,0.9856,0.8577,0.5485999999999986,0.4176499999999991,0.13094999999999998,0.13194999999999998
hja2016_195,hja2016_042,planktonic / soil,across habitats,0.9943,0.8835,0.6092999999999985,0.4029499999999992,0.20635,0.207
hja2016_196,hja2016_042,planktonic / soil,across habitats,0.9862,0.8202,0.5064499999999985,0.3269499999999991,0.17950000000000016,0.18065000000000014
hja2016_197,hja2016_042,planktonic / soil,across habitats,0.9942,0.865,0.6011499999999991,0.5049999999999992,0.09615000000000001,0.09770000000000001
hja2016_198,hja2016_042,planktonic / soil,across habitats,0.9845,0.8583,0.5505999999999981,0.3694999999999989,0.18109999999999998,0.18295
hja2016_199,hja2016_042,planktonic / soil,across habitats,0.9906,0.8758,0.6096999999999982,0.42954999999999893,0.18015,0.18465
hja2016_200,hja2016_042,planktonic / soil,across habitats,0.9875,0.876,0.5948499999999983,0.3964499999999988,0.19840000000000005,0.19915000000000008
hja2016_049,hja2016_043,hyporheic / planktonic,across habitats,0.9314,0.711,0.44504999999999995,0.42939999999999995,0.015649999999999997,0.0247
hja2016_050,hja2016_043,hyporheic / hyporheic,within habitat,0.9271,0.6226,0.2960499999999999,0.27705,0.019,0.02385
hja2016_052,hja2016_043,hyporheic / hyporheic,within habitat,0.9326,0.6796,0.3368499999999997,0.3206499999999999,0.0162,0.024949999999999993
hja2016_056,hja2016_043,hyporheic / hyporheic,within habitat,0.9322,0.7149,0.24345000000000014,0.23325000000000015,0.0102,0.019299999999999998
hja2016_057,hja2016_043,hyporheic / hyporheic,within habitat,0.934,0.6881,0.44944999999999985,0.4437999999999998,0.0056500000000000005,0.0207
hja2016_059,hja2016_043,hyporheic / planktonic,across habitats,0.8958,0.6027,0.2971999999999996,0.29039999999999966,0.0068,0.01215
hja2016_062,hja2016_043,hyporheic / hyporheic,within habitat,0.9184,0.6207,0.20994999999999997,0.19470000000000004,0.015249999999999998,0.024699999999999996
hja2016_064,hja2016_043,hyporheic / planktonic,across habitats,0.9099,0.6121,0.34755,0.31865000000000004,0.028900000000000006,0.050100000000000006
hja2016_099,hja2016_043,hyporheic / planktonic,across habitats,0.9947,0.8777,0.5610999999999976,0.39849999999999874,0.16260000000000005,0.16260000000000005
hja2016_100,hja2016_043,hyporheic / planktonic,across habitats,0.9962,0.9057,0.579499999999998,0.4602499999999985,0.11925000000000002,0.11960000000000001
hja2016_101,hja2016_043,hyporheic / planktonic,across habitats,0.9929,0.8497,0.5131499999999983,0.3714499999999987,0.14170000000000002,0.14395000000000002
hja2016_102,hja2016_043,hyporheic / hyporheic,within habitat,0.9934,0.8909,0.5448499999999977,0.37854999999999883,0.16629999999999998,0.16629999999999998
hja2016_103,hja2016_043,hyporheic / planktonic,across habitats,0.9839,0.8148,0.47324999999999823,0.36449999999999855,0.10875000000000001,0.10905000000000002
hja2016_105,hja2016_043,hyporheic / planktonic,across habitats,0.9918,0.8875,0.5752999999999975,0.40249999999999836,0.17280000000000004,0.17515000000000003
hja2016_106,hja2016_043,hyporheic / planktonic,across habitats,0.9978,0.8806,0.565249999999998,0.4551499999999986,0.1101,0.11025000000000001
hja2016_107,hja2016_043,hyporheic / hyporheic,within habitat,0.9931,0.8712,0.5286999999999981,0.37479999999999897,0.1539,0.1542
hja2016_109,hja2016_043,hyporheic / planktonic,across habitats,0.9925,0.8471,0.5821499999999977,0.45784999999999887,0.12429999999999997,0.12644999999999998
hja2016_110,hja2016_043,hyporheic / hyporheic,within habitat,0.9935,0.8567,0.537149999999998,0.3911999999999988,0.14595000000000002,0.14595000000000002
hja2016_111,hja2016_043,hyporheic / planktonic,across habitats,0.992,0.8782,0.5335999999999981,0.3857999999999987,0.14780000000000007,0.14780000000000007
hja2016_114,hja2016_043,hyporheic / planktonic,across habitats,0.9922,0.8571,0.5242999999999981,0.3737499999999988,0.15055000000000004,0.15055000000000004
hja2016_116,hja2016_043,hyporheic / planktonic,across habitats,0.9915,0.8706,0.5474499999999983,0.3849999999999987,0.16245000000000007,0.16245000000000007
hja2016_119,hja2016_043,hyporheic / planktonic,across habitats,0.9849,0.7998,0.43189999999999856,0.301099999999999,0.13079999999999997,0.13079999999999997
hja2016_121,hja2016_043,hyporheic / hyporheic,within habitat,0.9977,0.8842,0.5661499999999987,0.4603499999999986,0.1058,0.1058
hja2016_122,hja2016_043,hyporheic / sediment,across habitats,0.9132,0.6581,0.2734499999999997,0.21424999999999986,0.0592,0.06160000000000001
hja2016_125,hja2016_043,hyporheic / sediment,across habitats,0.9087,0.6529,0.2584999999999999,0.20034999999999986,0.05814999999999999,0.05814999999999999
hja2016_164,hja2016_043,hyporheic / sediment,across habitats,0.9334,0.6724,0.2590999999999996,0.20409999999999962,0.05500000000000001,0.05695000000000001
hja2016_166,hja2016_043,hyporheic / sediment,across habitats,0.9304,0.6347,0.26834999999999964,0.22049999999999997,0.04785000000000001,0.04980000000000001
hja2016_167,hja2016_043,hyporheic / sediment,across habitats,0.9291,0.6174,0.2670999999999998,0.19719999999999996,0.06989999999999999,0.06989999999999999
hja2016_169,hja2016_043,hyporheic / sediment,across habitats,0.9274,0.61,0.29409999999999964,0.2294499999999999,0.06465,0.06874999999999999
hja2016_170,hja2016_043,hyporheic / sediment,across habitats,0.9173,0.5973,0.2472499999999997,0.20759999999999967,0.03965000000000002,0.04260000000000001
hja2016_177,hja2016_043,hyporheic / sediment,across habitats,0.9151,0.644,0.3030499999999991,0.2414499999999995,0.06159999999999999,0.06159999999999999
hja2016_179,hja2016_043,hyporheic / sediment,across habitats,0.9104,0.6103,0.2561499999999998,0.21644999999999986,0.03969999999999999,0.03969999999999999
hja2016_180,hja2016_043,hyporheic / sediment,across habitats,0.9281,0.6369,0.25124999999999975,0.20494999999999983,0.046299999999999994,0.04644999999999999
hja2016_181,hja2016_043,hyporheic / sediment,across habitats,0.9187,0.584,0.23994999999999972,0.1957499999999998,0.04420000000000001,0.04485000000000001
hja2016_193,hja2016_043,hyporheic / soil,across habitats,0.9789,0.8353,0.49109999999999937,0.35139999999999955,0.1397,0.1397
hja2016_194,hja2016_043,hyporheic / soil,across habitats,0.9299,0.6766,0.3102499999999996,0.25344999999999973,0.056799999999999996,0.0571
hja2016_195,hja2016_043,hyporheic / soil,across habitats,0.9758,0.7881,0.4222999999999994,0.2908999999999997,0.13139999999999996,0.13735
hja2016_196,hja2016_043,hyporheic / soil,across habitats,0.9454,0.6657,0.3051499999999993,0.2163999999999998,0.08875000000000001,0.09465000000000001
hja2016_197,hja2016_043,hyporheic / soil,across habitats,0.9797,0.7751,0.42364999999999947,0.36599999999999944,0.05764999999999999,0.05764999999999999
hja2016_198,hja2016_043,hyporheic / soil,across habitats,0.9547,0.7064,0.3230499999999991,0.22139999999999982,0.10165,0.10660000000000001
hja2016_199,hja2016_043,hyporheic / soil,across habitats,0.97,0.7571,0.4187499999999992,0.2989499999999999,0.11979999999999998,0.12479999999999998
hja2016_200,hja2016_043,hyporheic / soil,across habitats,0.957,0.7225,0.3677499999999992,0.24384999999999962,0.12390000000000001,0.12390000000000001
hja2016_050,hja2016_049,hyporheic / planktonic,across habitats,0.945,0.7871,0.39374999999999966,0.37099999999999966,0.02275,0.03045
hja2016_052,hja2016_049,hyporheic / planktonic,across habitats,0.9762,0.8379,0.494949999999999,0.4598499999999989,0.0351,0.03835000000000001
hja2016_056,hja2016_049,hyporheic / planktonic,across habitats,0.9757,0.8835,0.35244999999999876,0.33584999999999887,0.0166,0.02465
hja2016_057,hja2016_049,hyporheic / planktonic,across habitats,0.9515,0.792,0.4659999999999997,0.4515999999999997,0.014400000000000001,0.021200000000000004
hja2016_059,hja2016_049,planktonic / planktonic,within habitat,0.9217,0.7232,0.3891499999999994,0.3851499999999993,0.004,0.01715
hja2016_062,hja2016_049,hyporheic / planktonic,across habitats,0.9524,0.7379,0.27729999999999977,0.2520499999999999,0.02525,0.03305000000000001
hja2016_064,hja2016_049,planktonic / planktonic,within habitat,0.9347,0.682,0.4096999999999994,0.39249999999999946,0.017200000000000003,0.0244
hja2016_099,hja2016_049,planktonic / planktonic,within habitat,0.9986,0.9377,0.6101499999999972,0.4315999999999986,0.17855000000000001,0.17855000000000001
hja2016_100,hja2016_049,planktonic / planktonic,within habitat,0.998,0.9276,0.5884499999999974,0.46439999999999837,0.12405000000000004,0.12405000000000004
hja2016_101,hja2016_049,planktonic / planktonic,within habitat,0.9982,0.9176,0.580649999999997,0.42164999999999847,0.15899999999999997,0.15899999999999997
hja2016_102,hja2016_049,hyporheic / planktonic,across habitats,0.9973,0.9414,0.6636999999999964,0.4400999999999981,0.2236,0.2236
hja2016_103,hja2016_049,planktonic / planktonic,within habitat,0.9974,0.9146,0.5707999999999966,0.43839999999999785,0.13240000000000002,0.1336
hja2016_105,hja2016_049,planktonic / planktonic,within habitat,0.9975,0.9421,0.664599999999997,0.4456999999999983,0.21889999999999996,0.21889999999999996
hja2016_106,hja2016_049,planktonic / planktonic,within habitat,0.9985,0.9152,0.5541999999999977,0.4260999999999984,0.12810000000000002,0.12810000000000002
hja2016_107,hja2016_049,hyporheic / planktonic,across habitats,0.9988,0.9321,0.6138999999999966,0.4179999999999987,0.19589999999999988,0.19589999999999988
hja2016_109,hja2016_049,planktonic / planktonic,within habitat,0.9991,0.9227,0.6711499999999968,0.5009499999999987,0.17020000000000002,0.17020000000000002
hja2016_110,hja2016_049,hyporheic / planktonic,across habitats,0.999,0.9301,0.6140499999999964,0.4442999999999985,0.16975000000000004,0.16975000000000004
hja2016_111,hja2016_049,planktonic / planktonic,within habitat,0.9981,0.9263,0.6011999999999961,0.43359999999999826,0.16760000000000003,0.16760000000000003
hja2016_114,hja2016_049,planktonic / planktonic,within habitat,0.9975,0.9163,0.5979999999999961,0.3985999999999987,0.19940000000000002,0.20030000000000003
hja2016_116,hja2016_049,planktonic / planktonic,within habitat,0.9988,0.9332,0.6412499999999968,0.42614999999999836,0.21510000000000004,0.21510000000000004
hja2016_119,hja2016_049,planktonic / planktonic,within habitat,0.9977,0.9082,0.529799999999998,0.37419999999999826,0.15560000000000002,0.15650000000000003
hja2016_121,hja2016_049,hyporheic / planktonic,across habitats,0.9982,0.9138,0.5842999999999974,0.4637499999999983,0.12055000000000002,0.12055000000000002
hja2016_122,hja2016_049,planktonic / sediment,across habitats,0.9839,0.8587,0.4322999999999986,0.3036499999999993,0.12865000000000007,0.12865000000000007
hja2016_125,hja2016_049,planktonic / sediment,across habitats,0.9843,0.8557,0.4370499999999984,0.30164999999999953,0.13540000000000008,0.13620000000000004
hja2016_164,hja2016_049,planktonic / sediment,across habitats,0.9868,0.8569,0.4317499999999988,0.297549999999999,0.13419999999999999,0.14034999999999995
hja2016_166,hja2016_049,planktonic / sediment,across habitats,0.9736,0.7809,0.34984999999999855,0.2834499999999991,0.06639999999999999,0.06995
hja2016_167,hja2016_049,planktonic / sediment,across habitats,0.9799,0.8106,0.4054999999999988,0.316249999999999,0.08925000000000001,0.09074999999999998
hja2016_169,hja2016_049,planktonic / sediment,across habitats,0.9785,0.803,0.41734999999999883,0.3201999999999993,0.09715000000000001,0.09980000000000003
hja2016_170,hja2016_049,planktonic / sediment,across habitats,0.9693,0.7624,0.3488499999999986,0.2858499999999994,0.06300000000000001,0.06300000000000001
hja2016_177,hja2016_049,planktonic / sediment,across habitats,0.9819,0.8583,0.4797999999999985,0.3779499999999987,0.10185000000000004,0.10370000000000003
hja2016_179,hja2016_049,planktonic / sediment,across habitats,0.9753,0.824,0.3926499999999988,0.3240999999999989,0.06854999999999997,0.07529999999999998
hja2016_180,hja2016_049,planktonic / sediment,across habitats,0.9732,0.7801,0.32724999999999915,0.2583999999999996,0.06884999999999998,0.06884999999999998
hja2016_181,hja2016_049,planktonic / sediment,across habitats,0.9693,0.7604,0.3276999999999988,0.25189999999999974,0.07580000000000002,0.08445000000000005
hja2016_193,hja2016_049,planktonic / soil,across habitats,0.9949,0.9411,0.564849999999999,0.39064999999999944,0.17420000000000005,0.17420000000000005
hja2016_194,hja2016_049,planktonic / soil,across habitats,0.9856,0.8641,0.450599999999999,0.34234999999999915,0.10824999999999997,0.10824999999999997
hja2016_195,hja2016_049,planktonic / soil,across habitats,0.9975,0.9186,0.5682499999999988,0.39439999999999925,0.17384999999999995,0.17714999999999995
hja2016_196,hja2016_049,planktonic / soil,across habitats,0.9885,0.8466,0.47799999999999826,0.30849999999999933,0.16950000000000015,0.17560000000000014
hja2016_197,hja2016_049,planktonic / soil,across habitats,0.9924,0.8562,0.4977499999999992,0.42584999999999923,0.07189999999999999,0.07189999999999999
hja2016_198,hja2016_049,planktonic / soil,across habitats,0.9919,0.8714,0.5029999999999981,0.32129999999999875,0.18169999999999997,0.18169999999999997
hja2016_199,hja2016_049,planktonic / soil,across habitats,0.9954,0.9025,0.5716499999999985,0.4066999999999992,0.16494999999999999,0.1774
hja2016_200,hja2016_049,planktonic / soil,across habitats,0.9931,0.8944,0.5377499999999986,0.3534999999999988,0.18425000000000002,0.18425000000000002
hja2016_052,hja2016_050,hyporheic / hyporheic,within habitat,0.9463,0.6377,0.2432500000000002,0.2291500000000002,0.014099999999999998,0.0221
hja2016_056,hja2016_050,hyporheic / hyporheic,within habitat,0.8214,0.5845,0.19485000000000005,0.18145000000000006,0.0134,0.015250000000000001
hja2016_057,hja2016_050,hyporheic / hyporheic,within habitat,0.8662,0.6104,0.33910000000000007,0.3253500000000001,0.01375,0.01565
hja2016_059,hja2016_050,hyporheic / planktonic,across habitats,0.9008,0.6138,0.26324999999999976,0.2506,0.01265,0.0214
hja2016_062,hja2016_050,hyporheic / hyporheic,within habitat,0.8085,0.5033,0.16790000000000005,0.15749999999999997,0.0104,0.014049999999999998
hja2016_064,hja2016_050,hyporheic / planktonic,across habitats,0.9275,0.644,0.28685000000000005,0.26965000000000006,0.0172,0.0185
hja2016_099,hja2016_050,hyporheic / planktonic,across habitats,0.9922,0.8191,0.5238999999999983,0.38754999999999906,0.13635,0.13675
hja2016_100,hja2016_050,hyporheic / planktonic,across habitats,0.9959,0.8567,0.5230999999999988,0.4090999999999992,0.114,0.11455
hja2016_101,hja2016_050,hyporheic / planktonic,across habitats,0.9916,0.79,0.4993999999999986,0.38964999999999905,0.10975000000000004,0.10975000000000004
hja2016_102,hja2016_050,hyporheic / hyporheic,within habitat,0.9904,0.8366,0.4956999999999989,0.3596999999999993,0.13600000000000004,0.13790000000000005
hja2016_103,hja2016_050,hyporheic / planktonic,across habitats,0.9805,0.7386,0.35439999999999894,0.28024999999999917,0.07415000000000002,0.07495000000000002
hja2016_105,hja2016_050,hyporheic / planktonic,across habitats,0.9905,0.834,0.5492499999999981,0.4209499999999989,0.12830000000000003,0.12830000000000003
hja2016_106,hja2016_050,hyporheic / planktonic,across habitats,0.9971,0.8211,0.5586999999999976,0.44979999999999903,0.10889999999999998,0.10889999999999998
hja2016_107,hja2016_050,hyporheic / hyporheic,within habitat,0.9914,0.8085,0.5216499999999982,0.39679999999999926,0.12485000000000006,0.12555000000000008
hja2016_109,hja2016_050,hyporheic / planktonic,across habitats,0.9904,0.788,0.525099999999998,0.43159999999999904,0.09350000000000003,0.09350000000000003
hja2016_110,hja2016_050,hyporheic / hyporheic,within habitat,0.9914,0.792,0.44459999999999894,0.33694999999999964,0.10765000000000004,0.10765000000000004
hja2016_111,hja2016_050,hyporheic / planktonic,across habitats,0.9912,0.8231,0.5197999999999979,0.38874999999999904,0.13105000000000006,0.13245000000000004
hja2016_114,hja2016_050,hyporheic / planktonic,across habitats,0.99,0.7891,0.4891499999999988,0.382599999999999,0.10654999999999996,0.10654999999999996
hja2016_116,hja2016_050,hyporheic / planktonic,across habitats,0.9905,0.8101,0.5164999999999987,0.39014999999999916,0.12635000000000002,0.12635000000000002
hja2016_119,hja2016_050,hyporheic / planktonic,across habitats,0.9819,0.734,0.3936999999999986,0.30359999999999904,0.09010000000000004,0.09010000000000004
hja2016_121,hja2016_050,hyporheic / hyporheic,within habitat,0.9966,0.824,0.5745999999999976,0.472249999999999,0.10235000000000001,0.10235000000000001
hja2016_122,hja2016_050,hyporheic / sediment,across habitats,0.8978,0.6201,0.17214999999999997,0.13769999999999996,0.03445,0.03679999999999999
hja2016_125,hja2016_050,hyporheic / sediment,across habitats,0.8934,0.6286,0.17470000000000005,0.13809999999999992,0.03660000000000001,0.041349999999999984
hja2016_164,hja2016_050,hyporheic / sediment,across habitats,0.9289,0.6817,0.19244999999999993,0.15744999999999998,0.035,0.035100000000000006
hja2016_166,hja2016_050,hyporheic / sediment,across habitats,0.9179,0.6383,0.18844999999999995,0.15545000000000003,0.033,0.0331
hja2016_167,hja2016_050,hyporheic / sediment,across habitats,0.9096,0.597,0.18844999999999992,0.15644999999999995,0.032,0.032850000000000004
hja2016_169,hja2016_050,hyporheic / sediment,across habitats,0.9065,0.5987,0.18739999999999996,0.16139999999999993,0.026000000000000002,0.027899999999999994
hja2016_170,hja2016_050,hyporheic / sediment,across habitats,0.8919,0.6026,0.1591499999999999,0.13469999999999996,0.02445,0.0284
hja2016_177,hja2016_050,hyporheic / sediment,across habitats,0.9148,0.6299,0.24979999999999977,0.22179999999999972,0.02799999999999999,0.029849999999999988
hja2016_179,hja2016_050,hyporheic / sediment,across habitats,0.9113,0.6316,0.18250000000000002,0.16230000000000006,0.0202,0.02545
hja2016_180,hja2016_050,hyporheic / sediment,across habitats,0.9136,0.6585,0.18864999999999998,0.16544999999999993,0.023200000000000002,0.025800000000000003
hja2016_181,hja2016_050,hyporheic / sediment,across habitats,0.8869,0.5946,0.1667,0.1392,0.027499999999999997,0.0293
hja2016_193,hja2016_050,hyporheic / soil,across habitats,0.9754,0.8047,0.42409999999999926,0.33759999999999957,0.08650000000000002,0.08650000000000002
hja2016_194,hja2016_050,hyporheic / soil,across habitats,0.9214,0.6495,0.25934999999999975,0.22499999999999973,0.03435,0.03565
hja2016_195,hja2016_050,hyporheic / soil,across habitats,0.965,0.7493,0.33699999999999924,0.26414999999999983,0.07285000000000001,0.07375
hja2016_196,hja2016_050,hyporheic / soil,across habitats,0.9271,0.6314,0.2535999999999998,0.2072499999999999,0.04634999999999999,0.04889999999999999
hja2016_197,hja2016_050,hyporheic / soil,across habitats,0.9806,0.7709,0.4491499999999993,0.4016999999999993,0.04745,0.04795
hja2016_198,hja2016_050,hyporheic / soil,across habitats,0.9556,0.6867,0.2961499999999991,0.23744999999999958,0.05869999999999999,0.05944999999999999
hja2016_199,hja2016_050,hyporheic / soil,across habitats,0.953,0.7235,0.26939999999999975,0.20709999999999995,0.06229999999999999,0.065
hja2016_200,hja2016_050,hyporheic / soil,across habitats,0.9523,0.7058,0.29954999999999926,0.23539999999999972,0.06415000000000001,0.06450000000000002
hja2016_056,hja2016_052,hyporheic / hyporheic,within habitat,0.9041,0.6431,0.19125000000000011,0.17930000000000007,0.011949999999999999,0.0162
hja2016_057,hja2016_052,hyporheic / hyporheic,within habitat,0.9452,0.6972,0.32279999999999975,0.3111999999999998,0.011599999999999997,0.014149999999999998
hja2016_059,hja2016_052,hyporheic / planktonic,across habitats,0.9378,0.6664,0.26995,0.26340000000000013,0.00655,0.0085
hja2016_062,hja2016_052,hyporheic / hyporheic,within habitat,0.9215,0.5993,0.15585000000000007,0.14780000000000001,0.00805,0.009149999999999998
hja2016_064,hja2016_052,hyporheic / planktonic,across habitats,0.9487,0.6902,0.36429999999999946,0.34304999999999963,0.021249999999999998,0.0249
hja2016_099,hja2016_052,hyporheic / planktonic,across habitats,0.9896,0.8193,0.48024999999999857,0.3318499999999991,0.14839999999999998,0.14839999999999998
hja2016_100,hja2016_052,hyporheic / planktonic,across habitats,0.9942,0.8554,0.5315499999999984,0.4193499999999991,0.11220000000000001,0.11240000000000001
hja2016_101,hja2016_052,hyporheic / planktonic,across habitats,0.9892,0.8054,0.47194999999999865,0.3525499999999992,0.11939999999999999,0.12015000000000002
hja2016_102,hja2016_052,hyporheic / hyporheic,within habitat,0.9879,0.8287,0.5028999999999986,0.35914999999999914,0.14375,0.14544999999999997
hja2016_103,hja2016_052,hyporheic / planktonic,across habitats,0.9733,0.7427,0.36874999999999886,0.2873999999999995,0.08135,0.08155000000000001
hja2016_105,hja2016_052,hyporheic / planktonic,across habitats,0.98740000000000006,0.8327,0.5038499999999988,0.3655999999999991,0.13825000000000004,0.13840000000000002
hja2016_106,hja2016_052,hyporheic / planktonic,across habitats,0.9964,0.8306,0.5196499999999985,0.3947499999999989,0.12490000000000002,0.12490000000000002
hja2016_107,hja2016_052,hyporheic / hyporheic,within habitat,0.9885,0.8078,0.43469999999999936,0.2928499999999997,0.14185000000000003,0.14310000000000003
hja2016_109,hja2016_052,hyporheic / planktonic,across habitats,0.9863,0.7857,0.4589999999999986,0.37229999999999924,0.08669999999999999,0.08669999999999999
hja2016_110,hja2016_052,hyporheic / hyporheic,within habitat,0.9894,0.7913,0.4700499999999989,0.3483999999999995,0.12165,0.12165
hja2016_111,hja2016_052,hyporheic / planktonic,across habitats,0.9876,0.8223,0.4697999999999988,0.32019999999999926,0.14960000000000004,0.14960000000000004
hja2016_114,hja2016_052,hyporheic / planktonic,across habitats,0.9876,0.7964,0.4454999999999988,0.3177999999999992,0.1277,0.1278
hja2016_116,hja2016_052,hyporheic / planktonic,across habitats,0.9867,0.8104,0.46029999999999877,0.3255499999999989,0.13475000000000004,0.13495000000000001
hja2016_119,hja2016_052,hyporheic / planktonic,across habitats,0.9727,0.7207,0.3310999999999993,0.23769999999999988,0.0934,0.09355000000000001
hja2016_121,hja2016_052,hyporheic / hyporheic,within habitat,0.9955,0.8374,0.5448999999999985,0.42834999999999895,0.11654999999999999,0.11654999999999999
hja2016_122,hja2016_052,hyporheic / sediment,across habitats,0.8896,0.5932,0.19950000000000007,0.18885000000000007,0.010650000000000003,0.010900000000000003
hja2016_125,hja2016_052,hyporheic / sediment,across habitats,0.8875,0.5906,0.20210000000000009,0.18035000000000007,0.021750000000000005,0.023850000000000003
hja2016_164,hja2016_052,hyporheic / sediment,across habitats,0.9152,0.6532,0.2277499999999999,0.19359999999999988,0.03414999999999999,0.035199999999999995
hja2016_166,hja2016_052,hyporheic / sediment,across habitats,0.9382,0.6867,0.25794999999999985,0.20579999999999998,0.052149999999999995,0.0525
hja2016_167,hja2016_052,hyporheic / sediment,across habitats,0.9308,0.637,0.22399999999999992,0.1900499999999999,0.03395000000000001,0.03475
hja2016_169,hja2016_052,hyporheic / sediment,across habitats,0.9315,0.6348,0.22429999999999997,0.18679999999999997,0.03750000000000001,0.03785000000000001
hja2016_170,hja2016_052,hyporheic / sediment,across habitats,0.9148,0.644,0.19839999999999985,0.1707499999999999,0.027650000000000004,0.030650000000000004
hja2016_177,hja2016_052,hyporheic / sediment,across habitats,0.9195,0.6349,0.2036999999999999,0.1769999999999999,0.026699999999999995,0.028899999999999995
hja2016_179,hja2016_052,hyporheic / sediment,across habitats,0.9092,0.6295,0.23409999999999995,0.20454999999999993,0.029549999999999996,0.03025
hja2016_180,hja2016_052,hyporheic / sediment,across habitats,0.9433,0.6951,0.23764999999999992,0.1758,0.061849999999999995,0.062099999999999995
hja2016_181,hja2016_052,hyporheic / sediment,across habitats,0.9182,0.6431,0.19339999999999988,0.1677999999999998,0.025599999999999998,0.025599999999999998
hja2016_193,hja2016_052,hyporheic / soil,across habitats,0.9761,0.7719,0.37539999999999946,0.29,0.08540000000000002,0.08595000000000001
hja2016_194,hja2016_052,hyporheic / soil,across habitats,0.9088,0.6157,0.17725000000000007,0.16345,0.013799999999999998,0.015399999999999999
hja2016_195,hja2016_052,hyporheic / soil,across habitats,0.9553,0.6939,0.2624,0.19660000000000002,0.06580000000000001,0.06605000000000001
hja2016_196,hja2016_052,hyporheic / soil,across habitats,0.9253,0.6117,0.17594999999999997,0.13424999999999998,0.04169999999999997,0.043949999999999975
hja2016_197,hja2016_052,hyporheic / soil,across habitats,0.97,0.6855,0.31794999999999957,0.27209999999999984,0.045849999999999995,0.045849999999999995
hja2016_198,hja2016_052,hyporheic / soil,across habitats,0.9286,0.6215,0.19145000000000006,0.16620000000000004,0.025249999999999995,0.028399999999999998
hja2016_199,hja2016_052,hyporheic / soil,across habitats,0.9562,0.6994,0.2632,0.20495000000000002,0.05824999999999999,0.05849999999999999
hja2016_200,hja2016_052,hyporheic / soil,across habitats,0.9175,0.632,0.2134,0.16894999999999993,0.044449999999999996,0.044449999999999996
hja2016_057,hja2016_056,hyporheic / hyporheic,within habitat,0.8692,0.6777,0.23275000000000018,0.21285000000000018,0.0199,0.025500000000000002
hja2016_059,hja2016_056,hyporheic / planktonic,across habitats,0.9087,0.7082,0.22699999999999995,0.22074999999999995,0.0062499999999999995,0.012150000000000001
hja2016_062,hja2016_056,hyporheic / hyporheic,within habitat,0.7692,0.4511,0.1476500000000001,0.13730000000000012,0.01035,0.011250000000000001
hja2016_064,hja2016_056,hyporheic / planktonic,across habitats,0.9538,0.7491,0.2717999999999995,0.24920000000000006,0.0226,0.029599999999999998
hja2016_099,hja2016_056,hyporheic / planktonic,across habitats,0.9894,0.8466,0.6209999999999976,0.47224999999999817,0.14875,0.14925
hja2016_100,hja2016_056,hyporheic / planktonic,across habitats,0.9941,0.8826,0.48759999999999853,0.37914999999999893,0.10845,0.10845
hja2016_101,hja2016_056,hyporheic / planktonic,across habitats,0.9899,0.8401,0.6116499999999978,0.4871499999999979,0.12450000000000001,0.12460000000000002
hja2016_102,hja2016_056,hyporheic / hyporheic,within habitat,0.9888,0.8605,0.43964999999999826,0.3046999999999989,0.13495000000000001,0.13495000000000001
hja2016_103,hja2016_056,hyporheic / planktonic,across habitats,0.9759,0.787,0.3390499999999985,0.26299999999999973,0.07605000000000002,0.07605000000000002
hja2016_105,hja2016_056,hyporheic / planktonic,across habitats,0.9872,0.8588,0.6299999999999976,0.4977999999999981,0.1322,0.1322
hja2016_106,hja2016_056,hyporheic / planktonic,across habitats,0.9968,0.8776,0.681749999999998,0.5673999999999977,0.11435000000000001,0.11435000000000001
hja2016_107,hja2016_056,hyporheic / hyporheic,within habitat,0.988,0.834,0.5872999999999975,0.4543999999999981,0.1329,0.1329
hja2016_109,hja2016_056,hyporheic / planktonic,across habitats,0.9867,0.8244,0.6027499999999977,0.5135499999999982,0.08920000000000002,0.08920000000000002
hja2016_110,hja2016_056,hyporheic / hyporheic,within habitat,0.9905,0.8316,0.42474999999999863,0.3061999999999996,0.11855,0.11855
hja2016_111,hja2016_056,hyporheic / planktonic,across habitats,0.988,0.8419,0.610349999999997,0.4777499999999979,0.13260000000000002,0.13290000000000002
hja2016_114,hja2016_056,hyporheic / planktonic,across habitats,0.9881,0.8349,0.6069499999999968,0.4745999999999977,0.13235000000000002,0.13275
hja2016_116,hja2016_056,hyporheic / planktonic,across habitats,0.9864,0.8483,0.6104499999999969,0.46879999999999816,0.14165,0.14165
hja2016_119,hja2016_056,hyporheic / planktonic,across habitats,0.9768,0.7668,0.5103499999999981,0.4129499999999981,0.0974,0.0976
hja2016_121,hja2016_056,hyporheic / hyporheic,within habitat,0.9969,0.8817,0.6897999999999975,0.5846999999999979,0.1051,0.1051
hja2016_122,hja2016_056,hyporheic / sediment,across habitats,0.8853,0.6519,0.15529999999999994,0.13305000000000006,0.02225,0.023099999999999996
hja2016_125,hja2016_056,hyporheic / sediment,across habitats,0.8855,0.6542,0.15679999999999997,0.13604999999999995,0.020750000000000008,0.022750000000000006
hja2016_164,hja2016_056,hyporheic / sediment,across habitats,0.9098,0.6935,0.1739500000000001,0.1399000000000001,0.034050000000000004,0.0349
hja2016_166,hja2016_056,hyporheic / sediment,across habitats,0.9421,0.7341,0.21719999999999987,0.18149999999999994,0.03569999999999999,0.03684999999999999
hja2016_167,hja2016_056,hyporheic / sediment,across habitats,0.9233,0.6763,0.1951499999999999,0.1663,0.02885,0.03045
hja2016_169,hja2016_056,hyporheic / sediment,across habitats,0.9209,0.6761,0.18675,0.15854999999999997,0.02820000000000001,0.029400000000000003
hja2016_170,hja2016_056,hyporheic / sediment,across habitats,0.9098,0.6934,0.17585,0.1495,0.026350000000000002,0.028400000000000005
hja2016_177,hja2016_056,hyporheic / sediment,across habitats,0.9027,0.6757,0.3618499999999989,0.34414999999999907,0.017699999999999997,0.0196
hja2016_179,hja2016_056,hyporheic / sediment,across habitats,0.8995,0.6758,0.17625000000000002,0.15550000000000005,0.02075,0.0212
hja2016_180,hja2016_056,hyporheic / sediment,across habitats,0.9427,0.7409,0.2017,0.17020000000000002,0.03149999999999999,0.03149999999999999
hja2016_181,hja2016_056,hyporheic / sediment,across habitats,0.9118,0.6903,0.1754999999999998,0.14589999999999995,0.0296,0.030350000000000002
hja2016_193,hja2016_056,hyporheic / soil,across habitats,0.9736,0.8351,0.47874999999999823,0.40924999999999856,0.0695,0.06985000000000001
hja2016_194,hja2016_056,hyporheic / soil,across habitats,0.8871,0.6711,0.34594999999999854,0.3259499999999988,0.019999999999999993,0.021099999999999994
hja2016_195,hja2016_056,hyporheic / soil,across habitats,0.9563,0.7618,0.43549999999999855,0.3584999999999989,0.077,0.07715
hja2016_196,hja2016_056,hyporheic / soil,across habitats,0.9228,0.6597,0.3727499999999983,0.32204999999999884,0.05069999999999999,0.05124999999999999
hja2016_197,hja2016_056,hyporheic / soil,across habitats,0.9759,0.8037,0.5305499999999981,0.48539999999999817,0.04515000000000001,0.04530000000000001
hja2016_198,hja2016_056,hyporheic / soil,across habitats,0.9143,0.6815,0.37474999999999825,0.34729999999999855,0.027450000000000002,0.028100000000000003
hja2016_199,hja2016_056,hyporheic / soil,across habitats,0.9477,0.7309,0.21539999999999995,0.16734999999999997,0.04804999999999999,0.04829999999999999
hja2016_200,hja2016_056,hyporheic / soil,across habitats,0.9151,0.6999,0.3832499999999982,0.34499999999999836,0.03825,0.0385
hja2016_059,hja2016_057,hyporheic / planktonic,across habitats,0.9047,0.6608,0.3871499999999995,0.3702499999999994,0.016900000000000002,0.0186
hja2016_062,hja2016_057,hyporheic / hyporheic,within habitat,0.8676,0.6157,0.2298500000000001,0.2107000000000001,0.019149999999999997,0.022949999999999995
hja2016_064,hja2016_057,hyporheic / planktonic,across habitats,0.9384,0.693,0.4200499999999995,0.4119499999999995,0.0081,0.0172
hja2016_099,hja2016_057,hyporheic / planktonic,across habitats,0.9928,0.8787,0.6076499999999967,0.4455999999999985,0.16205000000000003,0.1642
hja2016_100,hja2016_057,hyporheic / planktonic,across habitats,0.9948,0.8996,0.594949999999998,0.468099999999999,0.12685000000000005,0.13030000000000003
hja2016_101,hja2016_057,hyporheic / planktonic,across habitats,0.9958,0.8729,0.606649999999997,0.4598499999999982,0.1468,0.14765000000000003
hja2016_102,hja2016_057,hyporheic / hyporheic,within habitat,0.9927,0.8895,0.5756499999999971,0.4208999999999982,0.15475000000000005,0.15905000000000002
hja2016_103,hja2016_057,hyporheic / planktonic,across habitats,0.9885,0.848,0.4907499999999979,0.38729999999999837,0.10345000000000003,0.10475000000000004
hja2016_105,hja2016_057,hyporheic / planktonic,across habitats,0.9908,0.8891,0.6257999999999974,0.4716499999999985,0.15414999999999998,0.15525
hja2016_106,hja2016_057,hyporheic / planktonic,across habitats,0.9978,0.8823,0.5890999999999976,0.46919999999999884,0.1199,0.12325000000000001
hja2016_107,hja2016_057,hyporheic / hyporheic,within habitat,0.9938,0.876,0.5920499999999972,0.4466499999999986,0.14539999999999997,0.14859999999999998
hja2016_109,hja2016_057,hyporheic / planktonic,across habitats,0.9938,0.8617,0.6267999999999975,0.5028499999999987,0.12394999999999999,0.1253
hja2016_110,hja2016_057,hyporheic / hyporheic,within habitat,0.9937,0.8697,0.5636999999999978,0.4225499999999989,0.14115000000000003,0.14285
hja2016_111,hja2016_057,hyporheic / planktonic,across habitats,0.9931,0.8776,0.5902999999999968,0.44244999999999873,0.14785000000000004,0.14830000000000004
hja2016_114,hja2016_057,hyporheic / planktonic,across habitats,0.9941,0.8672,0.5871999999999968,0.43184999999999846,0.15535000000000004,0.15570000000000003
hja2016_116,hja2016_057,hyporheic / planktonic,across habitats,0.9931,0.8794,0.6123499999999966,0.4510499999999986,0.16130000000000005,0.16480000000000006
hja2016_119,hja2016_057,hyporheic / planktonic,across habitats,0.9914,0.8328,0.46969999999999834,0.3506499999999984,0.11905000000000003,0.11945000000000001
hja2016_121,hja2016_057,hyporheic / hyporheic,within habitat,0.9982,0.8831,0.6146999999999972,0.49249999999999866,0.12219999999999999,0.12525
hja2016_122,hja2016_057,hyporheic / sediment,across habitats,0.9616,0.7779,0.39549999999999896,0.32444999999999924,0.07105,0.07255
hja2016_125,hja2016_057,hyporheic / sediment,across habitats,0.9589,0.7815,0.41929999999999895,0.35454999999999914,0.06474999999999999,0.06724999999999999
hja2016_164,hja2016_057,hyporheic / sediment,across habitats,0.9688,0.8198,0.46579999999999905,0.38274999999999915,0.08305000000000003,0.08870000000000001
hja2016_166,hja2016_057,hyporheic / sediment,across habitats,0.9657,0.7644,0.40124999999999894,0.3116499999999995,0.0896,0.09444999999999999
hja2016_167,hja2016_057,hyporheic / sediment,across habitats,0.9622,0.7546,0.422199999999999,0.3577499999999989,0.06445000000000001,0.06515
hja2016_169,hja2016_057,hyporheic / sediment,across habitats,0.959,0.7505,0.4067499999999989,0.3480499999999993,0.0587,0.06524999999999999
hja2016_170,hja2016_057,hyporheic / sediment,across habitats,0.9587,0.7425,0.3908499999999988,0.3230499999999993,0.06780000000000001,0.06855000000000001
hja2016_177,hja2016_057,hyporheic / sediment,across habitats,0.9658,0.775,0.4533999999999987,0.3898999999999986,0.0635,0.06415
hja2016_179,hja2016_057,hyporheic / sediment,across habitats,0.9624,0.773,0.42109999999999886,0.37464999999999915,0.04645,0.0515
hja2016_180,hja2016_057,hyporheic / sediment,across habitats,0.9648,0.7742,0.4076499999999992,0.3197999999999992,0.08784999999999998,0.09014999999999998
hja2016_181,hja2016_057,hyporheic / sediment,across habitats,0.9565,0.7376,0.3718999999999991,0.30484999999999934,0.06705,0.06890000000000002
hja2016_193,hja2016_057,hyporheic / soil,across habitats,0.9834,0.8732,0.5387499999999992,0.4261999999999994,0.11255,0.11255
hja2016_194,hja2016_057,hyporheic / soil,across habitats,0.9579,0.7745,0.4360499999999991,0.3659999999999992,0.07004999999999999,0.07244999999999999
hja2016_195,hja2016_057,hyporheic / soil,across habitats,0.9776,0.8377,0.5087999999999991,0.38624999999999926,0.12254999999999998,0.12819999999999998
hja2016_196,hja2016_057,hyporheic / soil,across habitats,0.961,0.7528,0.41814999999999897,0.3210499999999993,0.09710000000000005,0.09785000000000002
hja2016_197,hja2016_057,hyporheic / soil,across habitats,0.9741,0.8292,0.5626999999999984,0.493599999999999,0.06910000000000001,0.06910000000000001
hja2016_198,hja2016_057,hyporheic / soil,across habitats,0.9596,0.791,0.4432999999999985,0.3462999999999987,0.09700000000000003,0.09700000000000003
hja2016_199,hja2016_057,hyporheic / soil,across habitats,0.9735,0.8131,0.4388499999999989,0.3423999999999993,0.09645,0.09919999999999997
hja2016_200,hja2016_057,hyporheic / soil,across habitats,0.9644,0.8072,0.49329999999999863,0.36144999999999905,0.13185000000000002,0.13185000000000002
hja2016_062,hja2016_059,hyporheic / planktonic,across habitats,0.905,0.6254,0.18019999999999986,0.17339999999999986,0.0068000000000000005,0.0214
hja2016_064,hja2016_059,planktonic / planktonic,within habitat,0.894,0.6306,0.3025999999999996,0.2904499999999996,0.01215,0.025800000000000003
hja2016_099,hja2016_059,planktonic / planktonic,within habitat,0.9875,0.8456,0.5268999999999981,0.3826499999999988,0.14425,0.14465
hja2016_100,hja2016_059,planktonic / planktonic,within habitat,0.9915,0.8577,0.5435499999999982,0.43239999999999873,0.11115000000000005,0.11155000000000005
hja2016_101,hja2016_059,planktonic / planktonic,within habitat,0.9877,0.8084,0.48159999999999825,0.36244999999999883,0.11915000000000002,0.11915000000000002
hja2016_102,hja2016_059,hyporheic / planktonic,across habitats,0.9883,0.8609,0.5118499999999985,0.3808499999999991,0.13100000000000003,0.13265000000000002
hja2016_103,hja2016_059,planktonic / planktonic,within habitat,0.9738,0.7927,0.39909999999999873,0.32229999999999875,0.07680000000000002,0.07925000000000001
hja2016_105,hja2016_059,planktonic / planktonic,within habitat,0.9845,0.8555,0.5151999999999983,0.3906499999999987,0.12455000000000001,0.12455000000000001
hja2016_106,hja2016_059,planktonic / planktonic,within habitat,0.9943,0.8256,0.5270999999999981,0.41849999999999876,0.10859999999999999,0.10859999999999999
hja2016_107,hja2016_059,hyporheic / planktonic,across habitats,0.986,0.8278,0.48314999999999886,0.3539499999999993,0.12920000000000004,0.13115000000000004
hja2016_109,hja2016_059,planktonic / planktonic,within habitat,0.9838,0.8055,0.5034499999999986,0.4211499999999989,0.08230000000000001,0.08240000000000001
hja2016_110,hja2016_059,hyporheic / planktonic,across habitats,0.9876,0.8208,0.498199999999999,0.3889999999999993,0.10919999999999999,0.10919999999999999
hja2016_111,hja2016_059,planktonic / planktonic,within habitat,0.9866,0.8373,0.5193999999999983,0.38949999999999885,0.12990000000000004,0.13145000000000004
hja2016_114,hja2016_059,planktonic / planktonic,within habitat,0.9841,0.8096,0.4687999999999988,0.347449999999999,0.12134999999999997,0.12174999999999997
hja2016_116,hja2016_059,planktonic / planktonic,within habitat,0.9845,0.8339,0.5170999999999986,0.3862999999999989,0.13080000000000003,0.13115000000000002
hja2016_119,hja2016_059,planktonic / planktonic,within habitat,0.9763,0.7736,0.37324999999999914,0.27179999999999926,0.10145000000000001,0.10185000000000002
hja2016_121,hja2016_059,hyporheic / planktonic,across habitats,0.9938,0.8354,0.5461999999999981,0.44634999999999875,0.09985000000000001,0.09985000000000001
hja2016_122,hja2016_059,planktonic / sediment,across habitats,0.8782,0.649,0.14590000000000003,0.1316,0.0143,0.01955
hja2016_125,hja2016_059,planktonic / sediment,across habitats,0.885,0.6528,0.1602499999999998,0.14859999999999982,0.011649999999999999,0.016599999999999997
hja2016_164,hja2016_059,planktonic / sediment,across habitats,0.9076,0.6859,0.1697999999999998,0.1460999999999999,0.023699999999999995,0.027999999999999994
hja2016_166,hja2016_059,planktonic / sediment,across habitats,0.9071,0.6222,0.16019999999999995,0.13709999999999997,0.0231,0.031
hja2016_167,hja2016_059,planktonic / sediment,across habitats,0.9083,0.6354,0.18904999999999986,0.15699999999999992,0.03205,0.03630000000000001
hja2016_169,hja2016_059,planktonic / sediment,across habitats,0.902,0.6155,0.18109999999999996,0.14154999999999995,0.03955,0.04825
hja2016_170,hja2016_059,planktonic / sediment,across habitats,0.8719,0.5704,0.12474999999999989,0.10899999999999989,0.01575,0.01905
hja2016_177,hja2016_059,planktonic / sediment,across habitats,0.9009,0.6563,0.20294999999999966,0.18059999999999965,0.022350000000000002,0.02715
hja2016_179,hja2016_059,planktonic / sediment,across habitats,0.8868,0.6329,0.1521,0.1371,0.015000000000000003,0.020000000000000004
hja2016_180,hja2016_059,planktonic / sediment,across habitats,0.9043,0.6348,0.1486999999999999,0.1285999999999999,0.020100000000000003,0.0223
hja2016_181,hja2016_059,planktonic / sediment,across habitats,0.8773,0.5761,0.12854999999999986,0.10839999999999997,0.020149999999999998,0.023
hja2016_193,hja2016_059,planktonic / soil,across habitats,0.9733,0.8238,0.3918499999999993,0.30584999999999957,0.086,0.08625
hja2016_194,hja2016_059,planktonic / soil,across habitats,0.9031,0.6767,0.18969999999999984,0.17824999999999988,0.011449999999999998,0.01245
hja2016_195,hja2016_059,planktonic / soil,across habitats,0.9659,0.7949,0.3122499999999996,0.2513999999999996,0.06085000000000001,0.06300000000000001
hja2016_196,hja2016_059,planktonic / soil,across habitats,0.9171,0.657,0.20479999999999995,0.1582499999999999,0.046549999999999994,0.049999999999999996
hja2016_197,hja2016_059,planktonic / soil,across habitats,0.9705,0.7517,0.3329499999999993,0.2968499999999996,0.0361,0.036550000000000006
hja2016_198,hja2016_059,planktonic / soil,across habitats,0.9406,0.704,0.21959999999999982,0.18744999999999976,0.032150000000000005,0.032150000000000005
hja2016_199,hja2016_059,planktonic / soil,across habitats,0.9533,0.7508,0.3027999999999997,0.22759999999999997,0.07519999999999998,0.07999999999999999
hja2016_200,hja2016_059,planktonic / soil,across habitats,0.9393,0.7328,0.26104999999999967,0.21244999999999967,0.048600000000000004,0.05295
hja2016_064,hja2016_062,hyporheic / planktonic,across habitats,0.9401,0.6453,0.21695000000000003,0.19440000000000004,0.022549999999999997,0.0291
hja2016_099,hja2016_062,hyporheic / planktonic,across habitats,0.9883,0.8418,0.5802999999999982,0.43419999999999914,0.1461,0.14655
hja2016_100,hja2016_062,hyporheic / planktonic,across habitats,0.9938,0.8594,0.49624999999999925,0.37549999999999945,0.12075000000000002,0.12075000000000002
hja2016_101,hja2016_062,hyporheic / planktonic,across habitats,0.9895,0.8183,0.5293999999999986,0.4155999999999987,0.11380000000000004,0.11380000000000004
hja2016_102,hja2016_062,hyporheic / hyporheic,within habitat,0.9871,0.8501,0.49524999999999886,0.35309999999999914,0.14215000000000005,0.14215000000000005
hja2016_103,hja2016_062,hyporheic / planktonic,across habitats,0.9729,0.7777,0.3813499999999992,0.2826499999999995,0.09870000000000004,0.09870000000000004
hja2016_105,hja2016_062,hyporheic / planktonic,across habitats,0.9877,0.856,0.5862999999999974,0.4506499999999989,0.13565,0.13565
hja2016_106,hja2016_062,hyporheic / planktonic,across habitats,0.9967,0.8325,0.566999999999998,0.44434999999999897,0.12265,0.12265
hja2016_107,hja2016_062,hyporheic / hyporheic,within habitat,0.9868,0.8249,0.5450499999999983,0.4088999999999991,0.13615000000000002,0.13615000000000002
hja2016_109,hja2016_062,hyporheic / planktonic,across habitats,0.9865,0.8166,0.5632499999999979,0.4677999999999994,0.09545000000000001,0.09545000000000001
hja2016_110,hja2016_062,hyporheic / hyporheic,within habitat,0.9881,0.8165,0.44419999999999915,0.32889999999999947,0.1153,0.11545
hja2016_111,hja2016_062,hyporheic / planktonic,across habitats,0.9872,0.8352,0.556099999999998,0.41084999999999905,0.14525000000000002,0.14575000000000002
hja2016_114,hja2016_062,hyporheic / planktonic,across habitats,0.9866,0.8155,0.5331499999999983,0.40809999999999896,0.12505,0.12544999999999998
hja2016_116,hja2016_062,hyporheic / planktonic,across habitats,0.9855,0.8363,0.5744499999999978,0.4368999999999993,0.13755000000000006,0.13805000000000006
hja2016_119,hja2016_062,hyporheic / planktonic,across habitats,0.9738,0.7571,0.45304999999999906,0.33714999999999884,0.1159,0.1159
hja2016_121,hja2016_062,hyporheic / hyporheic,within habitat,0.9956,0.8392,0.5803999999999979,0.461799999999999,0.11859999999999998,0.11859999999999998
hja2016_122,hja2016_062,hyporheic / sediment,across habitats,0.8701,0.6294,0.14860000000000015,0.1214000000000001,0.027200000000000002,0.0285
hja2016_125,hja2016_062,hyporheic / sediment,across habitats,0.8701,0.6324,0.1548,0.13340000000000002,0.0214,0.023450000000000002
hja2016_164,hja2016_062,hyporheic / sediment,across habitats,0.8683,0.6596,0.15825,0.12789999999999999,0.030350000000000002,0.0315
hja2016_166,hja2016_062,hyporheic / sediment,across habitats,0.8885,0.6406,0.14975000000000005,0.12795000000000004,0.021800000000000003,0.022650000000000003
hja2016_167,hja2016_062,hyporheic / sediment,across habitats,0.8899,0.615,0.1683499999999999,0.14335000000000003,0.024999999999999998,0.0259
hja2016_169,hja2016_062,hyporheic / sediment,across habitats,0.8913,0.6083,0.1737499999999999,0.1487999999999999,0.02495,0.025349999999999998
hja2016_170,hja2016_062,hyporheic / sediment,across habitats,0.8693,0.5942,0.12705000000000008,0.10960000000000007,0.017449999999999997,0.017449999999999997
hja2016_177,hja2016_062,hyporheic / sediment,across habitats,0.8904,0.6422,0.27609999999999957,0.2535499999999996,0.02255,0.024249999999999997
hja2016_179,hja2016_062,hyporheic / sediment,across habitats,0.8627,0.6183,0.13960000000000003,0.12545,0.014150000000000001,0.015850000000000003
hja2016_180,hja2016_062,hyporheic / sediment,across habitats,0.886,0.6411,0.13294999999999996,0.12089999999999995,0.01205,0.0129
hja2016_181,hja2016_062,hyporheic / sediment,across habitats,0.87,0.5928,0.12330000000000003,0.1063,0.017,0.0176
hja2016_193,hja2016_062,hyporheic / soil,across habitats,0.9725,0.8242,0.4609499999999992,0.3780499999999993,0.0829,0.0829
hja2016_194,hja2016_062,hyporheic / soil,across habitats,0.8969,0.6559,0.28354999999999975,0.2619499999999999,0.021599999999999994,0.021599999999999994
hja2016_195,hja2016_062,hyporheic / soil,across habitats,0.9611,0.7716,0.4207499999999992,0.33219999999999916,0.08854999999999999,0.08895
hja2016_196,hja2016_062,hyporheic / soil,across habitats,0.9131,0.6475,0.2767499999999997,0.2448999999999999,0.03185,0.0328
hja2016_197,hja2016_062,hyporheic / soil,across habitats,0.9691,0.7757,0.40139999999999904,0.354999999999999,0.0464,0.0464
hja2016_198,hja2016_062,hyporheic / soil,across habitats,0.9301,0.6916,0.3051499999999992,0.2751499999999996,0.030000000000000002,0.0302
hja2016_199,hja2016_062,hyporheic / soil,across habitats,0.9501,0.7391,0.2812,0.2129500000000001,0.06824999999999999,0.06824999999999999
hja2016_200,hja2016_062,hyporheic / soil,across habitats,0.9266,0.7209,0.3580499999999991,0.2948999999999993,0.06315,0.06335
hja2016_099,hja2016_064,planktonic / planktonic,within habitat,0.9918,0.8514,0.5619999999999983,0.3826999999999987,0.17929999999999996,0.18029999999999996
hja2016_100,hja2016_064,planktonic / planktonic,within habitat,0.9964,0.8678,0.5908999999999981,0.46809999999999863,0.1228,0.12410000000000003
hja2016_101,hja2016_064,planktonic / planktonic,within habitat,0.9897,0.8194,0.49884999999999835,0.35569999999999885,0.14315000000000003,0.14670000000000005
hja2016_102,hja2016_064,hyporheic / planktonic,across habitats,0.9911,0.8605,0.5632999999999981,0.38324999999999887,0.18005,0.18349999999999997
hja2016_103,hja2016_064,planktonic / planktonic,within habitat,0.9829,0.7901,0.4555499999999982,0.33539999999999853,0.12015000000000002,0.12205000000000002
hja2016_105,hja2016_064,planktonic / planktonic,within habitat,0.9893,0.8588,0.5630499999999985,0.38574999999999876,0.17730000000000004,0.17830000000000004
hja2016_106,hja2016_064,planktonic / planktonic,within habitat,0.9972,0.8476,0.5325499999999985,0.4269499999999985,0.10560000000000001,0.10560000000000001
hja2016_107,hja2016_064,hyporheic / planktonic,across habitats,0.9902,0.8393,0.5197999999999982,0.3559499999999991,0.16384999999999997,0.16539999999999996
hja2016_109,hja2016_064,planktonic / planktonic,within habitat,0.9891,0.8238,0.5501499999999983,0.4299499999999985,0.12019999999999997,0.12139999999999998
hja2016_110,hja2016_064,hyporheic / planktonic,across habitats,0.9882,0.8246,0.5210999999999985,0.38219999999999865,0.13890000000000002,0.13890000000000002
hja2016_111,hja2016_064,planktonic / planktonic,within habitat,0.9912,0.8364,0.5399999999999986,0.375449999999999,0.16455000000000003,0.16560000000000002
hja2016_114,hja2016_064,planktonic / planktonic,within habitat,0.9893,0.8219,0.5067499999999988,0.34869999999999896,0.15805000000000005,0.15900000000000006
hja2016_116,hja2016_064,planktonic / planktonic,within habitat,0.9886,0.849,0.5432499999999986,0.3718999999999987,0.17135000000000006,0.17230000000000006
hja2016_119,hja2016_064,planktonic / planktonic,within habitat,0.9841,0.7753,0.40144999999999853,0.2619999999999997,0.13945000000000005,0.13945000000000005
hja2016_121,hja2016_064,hyporheic / planktonic,across habitats,0.996,0.8561,0.5638499999999984,0.4655999999999987,0.09824999999999999,0.09824999999999999
hja2016_122,hja2016_064,planktonic / sediment,across habitats,0.911,0.6639,0.2644499999999995,0.19984999999999983,0.0646,0.06625
hja2016_125,hja2016_064,planktonic / sediment,across habitats,0.9092,0.6716,0.25344999999999995,0.1928,0.06065,0.06675
hja2016_164,hja2016_064,planktonic / sediment,across habitats,0.9352,0.7104,0.2689999999999997,0.20494999999999985,0.06405,0.06580000000000001
hja2016_166,hja2016_064,planktonic / sediment,across habitats,0.9255,0.6476,0.21614999999999998,0.18815000000000004,0.028000000000000008,0.029500000000000005
hja2016_167,hja2016_064,planktonic / sediment,across habitats,0.9175,0.6195,0.25764999999999993,0.19069999999999998,0.06695000000000001,0.06974999999999999
hja2016_169,hja2016_064,planktonic / sediment,across habitats,0.9142,0.607,0.23750000000000002,0.17019999999999985,0.0673,0.0696
hja2016_170,hja2016_064,planktonic / sediment,across habitats,0.8998,0.5855,0.19519999999999998,0.16469999999999987,0.030500000000000003,0.033400000000000006
hja2016_177,hja2016_064,planktonic / sediment,across habitats,0.9159,0.6663,0.2736999999999993,0.20334999999999978,0.07035,0.07529999999999999
hja2016_179,hja2016_064,planktonic / sediment,across habitats,0.9179,0.6415,0.22769999999999982,0.1928499999999998,0.03485,0.0381
hja2016_180,hja2016_064,planktonic / sediment,across habitats,0.9254,0.6489,0.19789999999999983,0.17124999999999982,0.026649999999999997,0.027099999999999996
hja2016_181,hja2016_064,planktonic / sediment,across habitats,0.8966,0.5767,0.19309999999999983,0.16464999999999985,0.028450000000000007,0.030650000000000007
hja2016_193,hja2016_064,planktonic / soil,across habitats,0.9866,0.8508,0.5394999999999993,0.3431999999999995,0.1963,0.1967
hja2016_194,hja2016_064,planktonic / soil,across habitats,0.9299,0.6887,0.2715499999999998,0.21974999999999992,0.05180000000000001,0.052850000000000015
hja2016_195,hja2016_064,planktonic / soil,across habitats,0.9753,0.7875,0.4426499999999992,0.26834999999999976,0.17429999999999998,0.17609999999999998
hja2016_196,hja2016_064,planktonic / soil,across habitats,0.9431,0.6703,0.28884999999999944,0.17764999999999992,0.11120000000000001,0.11485000000000001
hja2016_197,hja2016_064,planktonic / soil,across habitats,0.9814,0.7751,0.444349999999999,0.3676499999999991,0.07669999999999999,0.0778
hja2016_198,hja2016_064,planktonic / soil,across habitats,0.9583,0.7371,0.3435999999999992,0.23584999999999978,0.10774999999999998,0.10834999999999999
hja2016_199,hja2016_064,planktonic / soil,across habitats,0.9714,0.7651,0.3910499999999992,0.25054999999999994,0.14049999999999993,0.14164999999999994
hja2016_200,hja2016_064,planktonic / soil,across habitats,0.9567,0.7571,0.38219999999999926,0.25754999999999983,0.12464999999999998,0.12925
hja2016_100,hja2016_099,planktonic / planktonic,within habitat,0.704,0.3689,0.03985000000000009,0.03770000000000009,0.00215,0.0032000000000000006
hja2016_101,hja2016_099,planktonic / planktonic,within habitat,0.5024,0.2408,0.0186,0.01734999999999999,0.00125,0.0034
hja2016_102,hja2016_099,hyporheic / planktonic,across habitats,0.4853,0.2026,0.018400000000000003,0.017299999999999996,0.0011,0.00515
hja2016_103,hja2016_099,planktonic / planktonic,within habitat,0.6021,0.3379,0.030350000000000005,0.027650000000000004,0.0026999999999999997,0.005550000000000001
hja2016_105,hja2016_099,planktonic / planktonic,within habitat,0.4652,0.2089,0.018300000000000004,0.01674999999999999,0.00155,0.0045
hja2016_106,hja2016_099,planktonic / planktonic,within habitat,0.7793,0.4108,0.03635000000000009,0.033250000000000085,0.0031000000000000003,0.004450000000000001
hja2016_107,hja2016_099,hyporheic / planktonic,across habitats,0.4278,0.137,0.013949999999999968,0.013699999999999967,2.5e-4,0.0017000000000000003
hja2016_109,hja2016_099,planktonic / planktonic,within habitat,0.584,0.2853,0.029850000000000015,0.02635000000000001,0.0034999999999999996,0.00565
hja2016_110,hja2016_099,hyporheic / planktonic,across habitats,0.5894,0.2568,0.02455000000000001,0.022450000000000008,0.0021000000000000003,0.00455
hja2016_111,hja2016_099,planktonic / planktonic,within habitat,0.5278,0.2419,0.022350000000000037,0.018850000000000002,0.0035000000000000005,0.00575
hja2016_114,hja2016_099,planktonic / planktonic,within habitat,0.4995,0.235,0.017450000000000004,0.016749999999999998,6.999999999999999e-4,0.00395
hja2016_116,hja2016_099,planktonic / planktonic,within habitat,0.3877,0.1401,0.014149999999999979,0.01289999999999998,0.00125,0.0043
hja2016_119,hja2016_099,planktonic / planktonic,within habitat,0.623,0.3412,0.025950000000000032,0.02290000000000002,0.0030499999999999998,0.00435
hja2016_121,hja2016_099,hyporheic / planktonic,across habitats,0.7816,0.4075,0.04070000000000005,0.035700000000000065,0.005,0.0058
hja2016_122,hja2016_099,planktonic / sediment,across habitats,0.9718,0.797,0.3433999999999991,0.22894999999999982,0.11445000000000001,0.11445000000000001
hja2016_125,hja2016_099,planktonic / sediment,across habitats,0.9711,0.7986,0.35724999999999935,0.2545499999999998,0.10269999999999999,0.10269999999999999
hja2016_164,hja2016_099,planktonic / sediment,across habitats,0.9785,0.8261,0.4223499999999987,0.27664999999999973,0.14569999999999997,0.14569999999999997
hja2016_166,hja2016_099,planktonic / sediment,across habitats,0.9741,0.7711,0.3369499999999989,0.22090000000000007,0.11604999999999999,0.11604999999999999
hja2016_167,hja2016_099,planktonic / sediment,across habitats,0.9774,0.7945,0.43659999999999877,0.28039999999999965,0.1562,0.1562
hja2016_169,hja2016_099,planktonic / sediment,across habitats,0.9761,0.785,0.4140499999999988,0.26994999999999975,0.1441,0.1441
hja2016_170,hja2016_099,planktonic / sediment,across habitats,0.9697,0.8027,0.4022999999999988,0.27164999999999967,0.13065,0.13065
hja2016_177,hja2016_099,planktonic / sediment,across habitats,0.9771,0.7837,0.3821499999999992,0.23864999999999983,0.1435,0.1435
hja2016_179,hja2016_099,planktonic / sediment,across habitats,0.9784,0.8115,0.42659999999999865,0.2916999999999993,0.13489999999999996,0.13489999999999996
hja2016_180,hja2016_099,planktonic / sediment,across habitats,0.9736,0.7858,0.3482999999999991,0.2373999999999999,0.1109,0.1111
hja2016_181,hja2016_099,planktonic / sediment,across habitats,0.9686,0.8035,0.404099999999999,0.2768999999999997,0.12719999999999998,0.12719999999999998
hja2016_193,hja2016_099,planktonic / soil,across habitats,0.991,0.9018,0.5777499999999974,0.351849999999999,0.22590000000000005,0.22590000000000005
hja2016_194,hja2016_099,planktonic / soil,across habitats,0.9673,0.7911,0.37109999999999893,0.23709999999999995,0.13399999999999998,0.13399999999999998
hja2016_195,hja2016_099,planktonic / soil,across habitats,0.9821,0.8487,0.46189999999999876,0.28325,0.17864999999999998,0.17864999999999998
hja2016_196,hja2016_099,planktonic / soil,across habitats,0.9718,0.7973,0.42769999999999864,0.24824999999999994,0.17945000000000008,0.17945000000000008
hja2016_197,hja2016_099,planktonic / soil,across habitats,0.9867,0.8768,0.5820499999999977,0.39724999999999877,0.1848,0.1848
hja2016_198,hja2016_099,planktonic / soil,across habitats,0.9766,0.8161,0.4333499999999987,0.2686499999999995,0.16469999999999999,0.16469999999999999
hja2016_199,hja2016_099,planktonic / soil,across habitats,0.9793,0.8354,0.4833999999999988,0.2873999999999999,0.196,0.196
hja2016_200,hja2016_099,planktonic / soil,across habitats,0.9741,0.8164,0.4211999999999987,0.2707999999999998,0.15040000000000003,0.15040000000000003
hja2016_101,hja2016_100,planktonic / planktonic,within habitat,0.7095,0.3664,0.03000000000000004,0.02850000000000004,0.0015,0.0033499999999999997
hja2016_102,hja2016_100,hyporheic / planktonic,across habitats,0.729,0.4281,0.03700000000000004,0.03535000000000002,0.0016500000000000002,0.0043
hja2016_103,hja2016_100,planktonic / planktonic,within habitat,0.7715,0.514,0.0817500000000001,0.06780000000000011,0.013949999999999999,0.0169
hja2016_105,hja2016_100,planktonic / planktonic,within habitat,0.7127,0.425,0.04800000000000012,0.04375000000000011,0.0042499999999999994,0.00615
hja2016_106,hja2016_100,planktonic / planktonic,within habitat,0.6094,0.3001,0.026450000000000053,0.026250000000000055,2e-4,0.0024
hja2016_107,hja2016_100,hyporheic / planktonic,across habitats,0.7101,0.363,0.03990000000000011,0.03575000000000009,0.00415,0.0058
hja2016_109,hja2016_100,planktonic / planktonic,within habitat,0.7568,0.4447,0.05375000000000011,0.051600000000000104,0.00215,0.004399999999999999
hja2016_110,hja2016_100,hyporheic / planktonic,across habitats,0.7649,0.4262,0.04350000000000007,0.04050000000000007,0.003,0.005
hja2016_111,hja2016_100,planktonic / planktonic,within habitat,0.5952,0.3371,0.03405000000000007,0.026400000000000045,0.00765,0.0114
hja2016_114,hja2016_100,planktonic / planktonic,within habitat,0.7176,0.3816,0.033950000000000036,0.03260000000000003,0.00135,0.0034500000000000004
hja2016_116,hja2016_100,planktonic / planktonic,within habitat,0.6976,0.3726,0.03440000000000006,0.03165000000000007,0.00275,0.00435
hja2016_119,hja2016_100,planktonic / planktonic,within habitat,0.7793,0.5134,0.07800000000000012,0.06890000000000014,0.0091,0.0103
hja2016_121,hja2016_100,hyporheic / planktonic,across habitats,0.6063,0.2953,0.023650000000000043,0.02305000000000004,6.000000000000001e-4,0.0030499999999999998
hja2016_122,hja2016_100,planktonic / sediment,across habitats,0.9858,0.8353,0.4546999999999989,0.3363499999999991,0.11835000000000002,0.11870000000000004
hja2016_125,hja2016_100,planktonic / sediment,across habitats,0.9844,0.8419,0.4569999999999989,0.34189999999999937,0.11510000000000001,0.11560000000000002
hja2016_164,hja2016_100,planktonic / sediment,across habitats,0.9887,0.8607,0.5187999999999984,0.35539999999999894,0.16339999999999993,0.16339999999999993
hja2016_166,hja2016_100,planktonic / sediment,across habitats,0.9849,0.8025,0.39649999999999896,0.3188999999999993,0.07759999999999999,0.07759999999999999
hja2016_167,hja2016_100,planktonic / sediment,across habitats,0.9879,0.8377,0.49779999999999885,0.39194999999999897,0.10584999999999999,0.10609999999999999
hja2016_169,hja2016_100,planktonic / sediment,across habitats,0.9883,0.8339,0.49129999999999885,0.3864999999999989,0.10480000000000003,0.10480000000000003
hja2016_170,hja2016_100,planktonic / sediment,across habitats,0.985,0.8394,0.5017999999999988,0.37054999999999916,0.13125000000000006,0.13150000000000006
hja2016_177,hja2016_100,planktonic / sediment,across habitats,0.9861,0.8365,0.47359999999999897,0.36464999999999903,0.10895,0.10895
hja2016_179,hja2016_100,planktonic / sediment,across habitats,0.9881,0.8486,0.5027999999999989,0.380249999999999,0.12255000000000002,0.12255000000000002
hja2016_180,hja2016_100,planktonic / sediment,across habitats,0.9851,0.8187,0.39944999999999903,0.3241999999999992,0.07525000000000001,0.07580000000000002
hja2016_181,hja2016_100,planktonic / sediment,across habitats,0.9829,0.8403,0.49409999999999904,0.36694999999999933,0.12715,0.1274
hja2016_193,hja2016_100,planktonic / soil,across habitats,0.9953,0.9196,0.5865499999999978,0.4115999999999988,0.17495000000000002,0.17495000000000002
hja2016_194,hja2016_100,planktonic / soil,across habitats,0.9822,0.8359,0.4689999999999989,0.3390999999999991,0.12990000000000007,0.13040000000000007
hja2016_195,hja2016_100,planktonic / soil,across habitats,0.9905,0.8831,0.5468999999999984,0.39984999999999893,0.14705,0.14705
hja2016_196,hja2016_100,planktonic / soil,across habitats,0.9837,0.8372,0.5029499999999986,0.35034999999999905,0.15260000000000007,0.15260000000000007
hja2016_197,hja2016_100,planktonic / soil,across habitats,0.9921,0.9078,0.5653999999999979,0.43154999999999855,0.13385000000000002,0.13490000000000002
hja2016_198,hja2016_100,planktonic / soil,across habitats,0.9858,0.8537,0.5028999999999986,0.368199999999999,0.1347,0.1348
hja2016_199,hja2016_100,planktonic / soil,across habitats,0.9882,0.8734,0.5444499999999981,0.4031999999999991,0.14125000000000001,0.14125000000000001
hja2016_200,hja2016_100,planktonic / soil,across habitats,0.9855,0.857,0.5214499999999991,0.3759999999999992,0.14545000000000002,0.14570000000000002
hja2016_102,hja2016_101,hyporheic / planktonic,across habitats,0.6141,0.3255,0.02605000000000002,0.02260000000000002,0.00345,0.0062
hja2016_103,hja2016_101,planktonic / planktonic,within habitat,0.618,0.3314,0.03395000000000002,0.03025000000000002,0.0037,0.0062499999999999995
hja2016_105,hja2016_101,planktonic / planktonic,within habitat,0.5842,0.3215,0.022850000000000002,0.020500000000000004,0.00235,0.0039000000000000003
hja2016_106,hja2016_101,planktonic / planktonic,within habitat,0.7241,0.3325,0.02535000000000002,0.02245000000000002,0.0029000000000000007,0.0039000000000000007
hja2016_107,hja2016_101,hyporheic / planktonic,across habitats,0.5292,0.2355,0.01619999999999998,0.015249999999999977,9.499999999999999e-4,0.0026999999999999997
hja2016_109,hja2016_101,planktonic / planktonic,within habitat,0.5684,0.2687,0.026200000000000025,0.02515000000000003,0.0010500000000000002,0.0039000000000000007
hja2016_110,hja2016_101,hyporheic / planktonic,across habitats,0.5914,0.2642,0.02270000000000001,0.021700000000000007,0.001,0.0033
hja2016_111,hja2016_101,planktonic / planktonic,within habitat,0.553,0.2641,0.02025000000000001,0.019450000000000005,8e-4,0.0035499999999999998
hja2016_114,hja2016_101,planktonic / planktonic,within habitat,0.4434,0.1824,0.01379999999999999,0.013649999999999989,1.5e-4,0.0036999999999999993
hja2016_116,hja2016_101,planktonic / planktonic,within habitat,0.4966,0.2301,0.01699999999999998,0.015149999999999976,0.0018499999999999999,0.0050999999999999995
hja2016_119,hja2016_101,planktonic / planktonic,within habitat,0.6455,0.3313,0.03325000000000006,0.02810000000000004,0.00515,0.006500000000000001
hja2016_121,hja2016_101,hyporheic / planktonic,across habitats,0.7215,0.3356,0.02955000000000003,0.02675000000000003,0.0028,0.00455
hja2016_122,hja2016_101,planktonic / sediment,across habitats,0.974,0.7694,0.30389999999999917,0.21589999999999976,0.08800000000000001,0.08800000000000001
hja2016_125,hja2016_101,planktonic / sediment,across habitats,0.9729,0.7701,0.3020499999999993,0.22219999999999976,0.07984999999999999,0.07984999999999999
hja2016_164,hja2016_101,planktonic / sediment,across habitats,0.981,0.7998,0.3535999999999988,0.24934999999999968,0.10425000000000005,0.10425000000000005
hja2016_166,hja2016_101,planktonic / sediment,across habitats,0.971,0.7226,0.2762499999999994,0.18319999999999997,0.09305000000000001,0.09475000000000001
hja2016_167,hja2016_101,planktonic / sediment,across habitats,0.9761,0.7665,0.373449999999999,0.24544999999999995,0.128,0.128
hja2016_169,hja2016_101,planktonic / sediment,across habitats,0.9759,0.7561,0.34424999999999895,0.22614999999999988,0.11810000000000002,0.11810000000000002
hja2016_170,hja2016_101,planktonic / sediment,across habitats,0.9688,0.766,0.34504999999999897,0.2407999999999998,0.10425000000000002,0.10425000000000002
hja2016_177,hja2016_101,planktonic / sediment,across habitats,0.9764,0.7648,0.3311999999999992,0.22364999999999968,0.10755000000000005,0.10755000000000005
hja2016_179,hja2016_101,planktonic / sediment,across habitats,0.9791,0.7757,0.3540499999999989,0.2480999999999995,0.10595000000000002,0.10595000000000002
hja2016_180,hja2016_101,planktonic / sediment,across habitats,0.9712,0.7449,0.27619999999999956,0.1898999999999998,0.08630000000000003,0.08675000000000004
hja2016_181,hja2016_101,planktonic / sediment,across habitats,0.9656,0.7638,0.340649999999999,0.2403499999999997,0.1003,0.1003
hja2016_193,hja2016_101,planktonic / soil,across habitats,0.9923,0.8945,0.5278999999999983,0.34539999999999904,0.18250000000000002,0.1826
hja2016_194,hja2016_101,planktonic / soil,across habitats,0.9715,0.7698,0.3330999999999988,0.23879999999999976,0.09430000000000004,0.09430000000000004
hja2016_195,hja2016_101,planktonic / soil,across habitats,0.9856,0.8394,0.41694999999999877,0.2764499999999998,0.1405,0.1405
hja2016_196,hja2016_101,planktonic / soil,across habitats,0.9725,0.7642,0.3664499999999987,0.2430999999999998,0.12335000000000006,0.12335000000000006
hja2016_197,hja2016_101,planktonic / soil,across habitats,0.9864,0.8546,0.48154999999999837,0.3327999999999989,0.14875000000000002,0.14895000000000003
hja2016_198,hja2016_101,planktonic / soil,across habitats,0.9787,0.7981,0.38129999999999875,0.2686999999999994,0.11260000000000002,0.11270000000000002
hja2016_199,hja2016_101,planktonic / soil,across habitats,0.9849,0.8274,0.42604999999999854,0.2825999999999995,0.14345000000000005,0.14345000000000005
hja2016_200,hja2016_101,planktonic / soil,across habitats,0.9769,0.8018,0.3837999999999988,0.2574499999999996,0.12634999999999993,0.12644999999999995
hja2016_103,hja2016_102,hyporheic / planktonic,across habitats,0.5945,0.3379,0.03115000000000003,0.029000000000000026,0.00215,0.006899999999999999
hja2016_105,hja2016_102,hyporheic / planktonic,across habitats,0.4558,0.1874,0.01719999999999999,0.01629999999999998,9e-4,0.00615
hja2016_106,hja2016_102,hyporheic / planktonic,across habitats,0.8237,0.4854,0.047950000000000055,0.04230000000000006,0.005649999999999999,0.0063999999999999994
hja2016_107,hja2016_102,hyporheic / hyporheic,within habitat,0.5211,0.2088,0.02015000000000001,0.01925000000000001,9e-4,0.0037
hja2016_109,hja2016_102,hyporheic / planktonic,across habitats,0.6359,0.3355,0.03235000000000002,0.031300000000000015,0.00105,0.0033499999999999997
hja2016_110,hja2016_102,hyporheic / hyporheic,within habitat,0.6461,0.3084,0.029700000000000018,0.027750000000000018,0.00195,0.0036000000000000003
hja2016_111,hja2016_102,hyporheic / planktonic,across habitats,0.5537,0.2719,0.02280000000000003,0.020500000000000004,0.0023,0.005399999999999999
hja2016_114,hja2016_102,hyporheic / planktonic,across habitats,0.5875,0.2964,0.022250000000000023,0.021100000000000025,0.00115,0.00465
hja2016_116,hja2016_102,hyporheic / planktonic,across habitats,0.4873,0.2122,0.01709999999999999,0.016699999999999986,3.9999999999999996e-4,0.0040999999999999995
hja2016_119,hja2016_102,hyporheic / planktonic,across habitats,0.6231,0.354,0.029600000000000036,0.02655000000000003,0.0030499999999999998,0.005349999999999999
hja2016_121,hja2016_102,hyporheic / hyporheic,within habitat,0.8221,0.4786,0.058100000000000096,0.044350000000000056,0.01375,0.014449999999999998
hja2016_122,hja2016_102,hyporheic / sediment,across habitats,0.9719,0.8058,0.3364499999999989,0.23499999999999982,0.10145,0.10184999999999998
hja2016_125,hja2016_102,hyporheic / sediment,across habitats,0.9713,0.8107,0.35449999999999915,0.2548499999999998,0.09965,0.09985000000000001
hja2016_164,hja2016_102,hyporheic / sediment,across habitats,0.9789,0.8349,0.41944999999999877,0.26829999999999954,0.15115,0.15115
hja2016_166,hja2016_102,hyporheic / sediment,across habitats,0.9756,0.7991,0.33449999999999896,0.22924999999999984,0.10524999999999997,0.10574999999999997
hja2016_167,hja2016_102,hyporheic / sediment,across habitats,0.9768,0.806,0.438049999999999,0.28834999999999905,0.14970000000000003,0.14970000000000003
hja2016_169,hja2016_102,hyporheic / sediment,across habitats,0.9754,0.7953,0.4215499999999986,0.27974999999999933,0.14179999999999998,0.14245
hja2016_170,hja2016_102,hyporheic / sediment,across habitats,0.9709,0.8152,0.3881499999999989,0.2493499999999997,0.13880000000000003,0.13880000000000003
hja2016_177,hja2016_102,hyporheic / sediment,across habitats,0.9755,0.796,0.3835999999999993,0.2540499999999995,0.12955,0.13035
hja2016_179,hja2016_102,hyporheic / sediment,across habitats,0.9792,0.8237,0.41959999999999864,0.2895499999999991,0.13005,0.13025
hja2016_180,hja2016_102,hyporheic / sediment,across habitats,0.9761,0.8092,0.3564499999999991,0.23814999999999992,0.11830000000000002,0.11980000000000005
hja2016_181,hja2016_102,hyporheic / sediment,across habitats,0.9688,0.817,0.40284999999999893,0.26939999999999953,0.13345,0.13360000000000002
hja2016_193,hja2016_102,hyporheic / soil,across habitats,0.9908,0.9081,0.5748499999999975,0.34894999999999893,0.2259000000000001,0.22645000000000012
hja2016_194,hja2016_102,hyporheic / soil,across habitats,0.9692,0.7981,0.3732499999999988,0.24029999999999987,0.13294999999999996,0.13309999999999997
hja2016_195,hja2016_102,hyporheic / soil,across habitats,0.9821,0.861,0.4843499999999986,0.2876499999999994,0.1967,0.1967
hja2016_196,hja2016_102,hyporheic / soil,across habitats,0.9736,0.8032,0.4186999999999985,0.2586499999999997,0.1600500000000001,0.1600500000000001
hja2016_197,hja2016_102,hyporheic / soil,across habitats,0.98740000000000006,0.8827,0.5592499999999979,0.38389999999999874,0.17535,0.17550000000000002
hja2016_198,hja2016_102,hyporheic / soil,across habitats,0.9776,0.8211,0.4305999999999986,0.26459999999999934,0.16600000000000004,0.16600000000000004
hja2016_199,hja2016_102,hyporheic / soil,across habitats,0.9813,0.8431,0.4773999999999984,0.28629999999999933,0.19110000000000002,0.19170000000000004
hja2016_200,hja2016_102,hyporheic / soil,across habitats,0.9737,0.8241,0.42044999999999894,0.2674499999999996,0.15299999999999997,0.15299999999999997
hja2016_105,hja2016_103,planktonic / planktonic,within habitat,0.5791,0.3267,0.031600000000000024,0.02865000000000002,0.00295,0.0071
hja2016_106,hja2016_103,planktonic / planktonic,within habitat,0.8453,0.5452,0.07880000000000012,0.06765000000000011,0.01115,0.011899999999999999
hja2016_107,hja2016_103,hyporheic / planktonic,across habitats,0.6056,0.3141,0.025950000000000004,0.024550000000000002,0.0014,0.0035499999999999998
hja2016_109,hja2016_103,planktonic / planktonic,within habitat,0.6509,0.3345,0.047550000000000064,0.04370000000000006,0.00385,0.007299999999999998
hja2016_110,hja2016_103,hyporheic / planktonic,across habitats,0.6644,0.3257,0.04045000000000004,0.03760000000000002,0.0028499999999999997,0.004850000000000001
hja2016_111,hja2016_103,planktonic / planktonic,within habitat,0.5978,0.3421,0.029650000000000027,0.028400000000000026,0.00125,0.00415
hja2016_114,hja2016_103,planktonic / planktonic,within habitat,0.5889,0.3034,0.026150000000000017,0.02345000000000001,0.0027,0.007200000000000001
hja2016_116,hja2016_103,planktonic / planktonic,within habitat,0.5894,0.3093,0.02600000000000002,0.025050000000000006,9.500000000000001e-4,0.0035499999999999998
hja2016_119,hja2016_103,planktonic / planktonic,within habitat,0.3971,0.1441,0.01619999999999998,0.014749999999999978,0.00145,0.00685
hja2016_121,hja2016_103,hyporheic / planktonic,across habitats,0.8463,0.5461,0.08425000000000007,0.0744500000000001,0.009799999999999998,0.010149999999999998
hja2016_122,hja2016_103,planktonic / sediment,across habitats,0.9441,0.6791,0.21989999999999985,0.16265000000000004,0.057249999999999995,0.057249999999999995
hja2016_125,hja2016_103,planktonic / sediment,across habitats,0.9431,0.6778,0.2398499999999996,0.19154999999999978,0.048299999999999996,0.04959999999999999
hja2016_164,hja2016_103,planktonic / sediment,across habitats,0.956,0.7273,0.28254999999999925,0.2050499999999999,0.07750000000000005,0.07750000000000005
hja2016_166,hja2016_103,planktonic / sediment,across habitats,0.9546,0.7107,0.2386499999999999,0.18895000000000012,0.0497,0.0497
hja2016_167,hja2016_103,planktonic / sediment,across habitats,0.9439,0.6872,0.28829999999999917,0.21039999999999992,0.07790000000000004,0.07895000000000005
hja2016_169,hja2016_103,planktonic / sediment,across habitats,0.9445,0.6834,0.26889999999999925,0.19649999999999995,0.07240000000000002,0.07320000000000002
hja2016_170,hja2016_103,planktonic / sediment,across habitats,0.9423,0.6971,0.27219999999999944,0.19744999999999976,0.07475000000000001,0.07575000000000001
hja2016_177,hja2016_103,planktonic / sediment,across habitats,0.943,0.6638,0.24784999999999965,0.17629999999999982,0.07155000000000003,0.07260000000000003
hja2016_179,hja2016_103,planktonic / sediment,across habitats,0.9568,0.6974,0.29554999999999915,0.22734999999999975,0.06819999999999998,0.06835
hja2016_180,hja2016_103,planktonic / sediment,across habitats,0.9541,0.7169,0.2508999999999998,0.19994999999999993,0.050949999999999995,0.05109999999999999
hja2016_181,hja2016_103,planktonic / sediment,across habitats,0.9379,0.6991,0.2704999999999994,0.19674999999999987,0.07375000000000001,0.07495000000000002
hja2016_193,hja2016_103,planktonic / soil,across habitats,0.9826,0.8489,0.4181999999999983,0.2782499999999991,0.13995,0.13995
hja2016_194,hja2016_103,planktonic / soil,across habitats,0.9284,0.6624,0.2287999999999998,0.17154999999999995,0.05725000000000001,0.05850000000000001
hja2016_195,hja2016_103,planktonic / soil,across habitats,0.9607,0.7573,0.30384999999999923,0.19924999999999962,0.10460000000000003,0.10510000000000003
hja2016_196,hja2016_103,planktonic / soil,across habitats,0.9389,0.6827,0.2609499999999995,0.18184999999999976,0.07910000000000002,0.07945000000000002
hja2016_197,hja2016_103,planktonic / soil,across habitats,0.9755,0.8155,0.41124999999999823,0.2983999999999986,0.11285000000000002,0.11460000000000002
hja2016_198,hja2016_103,planktonic / soil,across habitats,0.9514,0.7035,0.2872999999999991,0.19889999999999955,0.0884,0.08880000000000002
hja2016_199,hja2016_103,planktonic / soil,across habitats,0.9579,0.7421,0.3034999999999988,0.19994999999999974,0.10355000000000003,0.10450000000000002
hja2016_200,hja2016_103,planktonic / soil,across habitats,0.9447,0.7173,0.25574999999999953,0.18484999999999965,0.07090000000000003,0.07175000000000004
hja2016_106,hja2016_105,planktonic / planktonic,within habitat,0.8273,0.4968,0.04705000000000008,0.04195000000000008,0.0051,0.00575
hja2016_107,hja2016_105,hyporheic / planktonic,across habitats,0.4991,0.2075,0.01664999999999998,0.01549999999999997,0.00115,0.0028499999999999997
hja2016_109,hja2016_105,planktonic / planktonic,within habitat,0.624,0.3231,0.025550000000000014,0.024050000000000012,0.0015,0.00345
hja2016_110,hja2016_105,hyporheic / planktonic,across habitats,0.6315,0.2959,0.024500000000000004,0.021900000000000003,0.0026000000000000003,0.0036500000000000005
hja2016_111,hja2016_105,planktonic / planktonic,within habitat,0.5161,0.2652,0.02340000000000002,0.021450000000000014,0.0019500000000000001,0.0040999999999999995
hja2016_114,hja2016_105,planktonic / planktonic,within habitat,0.5601,0.2824,0.018449999999999998,0.017299999999999986,0.00115,0.0032499999999999994
hja2016_116,hja2016_105,planktonic / planktonic,within habitat,0.4698,0.2129,0.015549999999999982,0.01474999999999998,7.999999999999999e-4,0.0026499999999999996
hja2016_119,hja2016_105,planktonic / planktonic,within habitat,0.6094,0.3338,0.029500000000000044,0.025500000000000026,0.003999999999999999,0.0046500000000000005
hja2016_121,hja2016_105,hyporheic / planktonic,across habitats,0.8229,0.4831,0.0537000000000001,0.047300000000000085,0.0064,0.0070999999999999995
hja2016_122,hja2016_105,planktonic / sediment,across habitats,0.9722,0.8124,0.3394499999999988,0.22824999999999993,0.11120000000000002,0.11130000000000001
hja2016_125,hja2016_105,planktonic / sediment,across habitats,0.9718,0.8156,0.36184999999999945,0.25524999999999987,0.1066,0.10705
hja2016_164,hja2016_105,planktonic / sediment,across habitats,0.978,0.8369,0.41829999999999873,0.2738999999999994,0.1444,0.14454999999999998
hja2016_166,hja2016_105,planktonic / sediment,across habitats,0.9748,0.8035,0.3372999999999991,0.23579999999999998,0.10149999999999999,0.10149999999999999
hja2016_167,hja2016_105,planktonic / sediment,across habitats,0.9744,0.8092,0.43009999999999865,0.2732499999999996,0.15685000000000007,0.15705000000000008
hja2016_169,hja2016_105,planktonic / sediment,across habitats,0.974,0.7987,0.4074499999999987,0.2693499999999997,0.13810000000000003,0.13810000000000003
hja2016_170,hja2016_105,planktonic / sediment,across habitats,0.9694,0.8217,0.4066999999999988,0.2726999999999996,0.13400000000000004,0.13425000000000004
hja2016_177,hja2016_105,planktonic / sediment,across habitats,0.9732,0.8039,0.385149999999999,0.2626999999999994,0.12245,0.12245
hja2016_179,hja2016_105,planktonic / sediment,across habitats,0.9786,0.8273,0.4241499999999987,0.2959499999999993,0.1282,0.1282
hja2016_180,hja2016_105,planktonic / sediment,across habitats,0.9745,0.8107,0.3557499999999989,0.24549999999999988,0.11025000000000004,0.11035000000000005
hja2016_181,hja2016_105,planktonic / sediment,across habitats,0.9688,0.8214,0.40359999999999935,0.28119999999999945,0.12239999999999998,0.12264999999999998
hja2016_193,hja2016_105,planktonic / soil,across habitats,0.9896,0.9075,0.5819999999999977,0.351999999999999,0.22999999999999993,0.23039999999999994
hja2016_194,hja2016_105,planktonic / soil,across habitats,0.9665,0.8041,0.3726999999999988,0.25874999999999965,0.11395000000000004,0.11445000000000004
hja2016_195,hja2016_105,planktonic / soil,across habitats,0.9811,0.8491,0.4894499999999986,0.28614999999999935,0.2033,0.2033
hja2016_196,hja2016_105,planktonic / soil,across habitats,0.9697,0.8065,0.41369999999999885,0.2674999999999997,0.14620000000000005,0.14620000000000005
hja2016_197,hja2016_105,planktonic / soil,across habitats,0.9854,0.8918,0.5462499999999982,0.37449999999999867,0.17175000000000007,0.17290000000000005
hja2016_198,hja2016_105,planktonic / soil,across habitats,0.9748,0.819,0.4352999999999986,0.27074999999999955,0.16454999999999997,0.16454999999999997
hja2016_199,hja2016_105,planktonic / soil,across habitats,0.979,0.8372,0.4732499999999984,0.2772499999999997,0.196,0.196
hja2016_200,hja2016_105,planktonic / soil,across habitats,0.9712,0.8239,0.4068999999999989,0.2638999999999996,0.143,0.1434
hja2016_107,hja2016_106,hyporheic / planktonic,across habitats,0.7875,0.4186,0.03450000000000008,0.03155000000000008,0.0029500000000000004,0.00395
hja2016_109,hja2016_106,planktonic / planktonic,within habitat,0.7987,0.4441,0.0533500000000001,0.04800000000000009,0.005350000000000001,0.00655
hja2016_110,hja2016_106,hyporheic / planktonic,across habitats,0.8115,0.4332,0.042800000000000074,0.03945000000000006,0.0033499999999999997,0.004750000000000001
hja2016_111,hja2016_106,planktonic / planktonic,within habitat,0.7158,0.4066,0.030450000000000036,0.026700000000000022,0.0037500000000000007,0.005050000000000001
hja2016_114,hja2016_106,planktonic / planktonic,within habitat,0.7516,0.3876,0.026650000000000028,0.024600000000000028,0.0020499999999999997,0.003599999999999999
hja2016_116,hja2016_106,planktonic / planktonic,within habitat,0.7756,0.4206,0.03185000000000005,0.027600000000000045,0.00425,0.0056
hja2016_119,hja2016_106,planktonic / planktonic,within habitat,0.8571,0.5393,0.07815000000000011,0.06250000000000012,0.015649999999999997,0.01605
hja2016_121,hja2016_106,hyporheic / planktonic,across habitats,0.36,0.1251,0.01154999999999998,0.011149999999999978,4e-4,0.003999999999999999
hja2016_122,hja2016_106,planktonic / sediment,across habitats,0.9912,0.8175,0.4391999999999987,0.2886999999999997,0.1505,0.1505
hja2016_125,hja2016_106,planktonic / sediment,across habitats,0.99,0.8206,0.4413499999999988,0.3026499999999994,0.13870000000000005,0.13870000000000005
hja2016_164,hja2016_106,planktonic / sediment,across habitats,0.9925,0.8513,0.47414999999999863,0.3327499999999992,0.14139999999999997,0.14139999999999997
hja2016_166,hja2016_106,planktonic / sediment,across habitats,0.9865,0.7733,0.3599999999999994,0.28974999999999945,0.07025000000000002,0.07025000000000002
hja2016_167,hja2016_106,planktonic / sediment,across habitats,0.9902,0.812,0.477049999999999,0.357799999999999,0.11924999999999998,0.11944999999999999
hja2016_169,hja2016_106,planktonic / sediment,across habitats,0.99,0.8078,0.4579999999999988,0.33324999999999944,0.12475,0.12475
hja2016_170,hja2016_106,planktonic / sediment,across habitats,0.9893,0.8132,0.45564999999999883,0.32864999999999917,0.127,0.127
hja2016_177,hja2016_106,planktonic / sediment,across habitats,0.9901,0.8167,0.46494999999999886,0.33219999999999933,0.13275000000000003,0.13275000000000003
hja2016_179,hja2016_106,planktonic / sediment,across habitats,0.9909,0.8218,0.46294999999999875,0.33989999999999904,0.12304999999999998,0.12304999999999998
hja2016_180,hja2016_106,planktonic / sediment,across habitats,0.9876,0.7916,0.3624999999999992,0.29549999999999943,0.067,0.0671
hja2016_181,hja2016_106,planktonic / sediment,across habitats,0.9869,0.8121,0.45269999999999855,0.3238999999999991,0.12880000000000003,0.12880000000000003
hja2016_193,hja2016_106,planktonic / soil,across habitats,0.9973,0.9261,0.6438499999999971,0.43849999999999884,0.20535000000000003,0.20570000000000002
hja2016_194,hja2016_106,planktonic / soil,across habitats,0.9883,0.8336,0.4819999999999988,0.33879999999999916,0.14320000000000002,0.14320000000000002
hja2016_195,hja2016_106,planktonic / soil,across habitats,0.9942,0.8885,0.5522999999999986,0.37459999999999893,0.17769999999999997,0.17769999999999997
hja2016_196,hja2016_106,planktonic / soil,across habitats,0.9892,0.8302,0.4961999999999987,0.32259999999999933,0.17360000000000012,0.17360000000000012
hja2016_197,hja2016_106,planktonic / soil,across habitats,0.9943,0.8925,0.5907999999999975,0.44809999999999856,0.14270000000000005,0.14270000000000005
hja2016_198,hja2016_106,planktonic / soil,across habitats,0.9915,0.855,0.5059499999999986,0.34704999999999897,0.1589,0.1589
hja2016_199,hja2016_106,planktonic / soil,across habitats,0.9936,0.8813,0.5771999999999976,0.38539999999999913,0.1918,0.1918
hja2016_200,hja2016_106,planktonic / soil,across habitats,0.9902,0.862,0.5515999999999984,0.34359999999999885,0.20800000000000005,0.20800000000000005
hja2016_109,hja2016_107,hyporheic / planktonic,across habitats,0.5963,0.2645,0.024800000000000027,0.022800000000000018,0.002,0.0031999999999999993
hja2016_110,hja2016_107,hyporheic / hyporheic,within habitat,0.6067,0.2438,0.021950000000000004,0.021250000000000005,7e-4,0.00105
hja2016_111,hja2016_107,hyporheic / planktonic,across habitats,0.5415,0.2422,0.020750000000000025,0.01845,0.0023,0.00455
hja2016_114,hja2016_107,hyporheic / planktonic,across habitats,0.5187,0.2308,0.014949999999999975,0.014599999999999976,3.5e-4,0.0023000000000000004
hja2016_116,hja2016_107,hyporheic / planktonic,across habitats,0.4229,0.1283,0.015199999999999977,0.014899999999999976,3e-4,0.0024000000000000002
hja2016_119,hja2016_107,hyporheic / planktonic,across habitats,0.618,0.3148,0.021150000000000023,0.019150000000000004,0.002,0.0031000000000000003
hja2016_121,hja2016_107,hyporheic / hyporheic,within habitat,0.7891,0.4075,0.04055000000000008,0.03430000000000006,0.00625,0.00745
hja2016_122,hja2016_107,hyporheic / sediment,across habitats,0.972,0.7776,0.2875999999999995,0.18809999999999988,0.09949999999999999,0.09949999999999999
hja2016_125,hja2016_107,hyporheic / sediment,across habitats,0.9714,0.781,0.2986499999999992,0.21099999999999972,0.08765000000000002,0.08765000000000002
hja2016_164,hja2016_107,hyporheic / sediment,across habitats,0.9773,0.8093,0.35814999999999886,0.2385499999999997,0.11960000000000005,0.11960000000000005
hja2016_166,hja2016_107,hyporheic / sediment,across habitats,0.9709,0.7623,0.30054999999999954,0.20939999999999992,0.09115000000000001,0.09115000000000001
hja2016_167,hja2016_107,hyporheic / sediment,across habitats,0.9742,0.7775,0.3807999999999992,0.2448499999999999,0.13595000000000004,0.13605000000000003
hja2016_169,hja2016_107,hyporheic / sediment,across habitats,0.9738,0.7658,0.3507999999999991,0.23109999999999997,0.11970000000000003,0.11970000000000003
hja2016_170,hja2016_107,hyporheic / sediment,across habitats,0.966,0.7853,0.3359999999999994,0.2250499999999998,0.11095000000000002,0.11115000000000003
hja2016_177,hja2016_107,hyporheic / sediment,across habitats,0.9739,0.7644,0.3337499999999993,0.21314999999999978,0.12060000000000004,0.12060000000000004
hja2016_179,hja2016_107,hyporheic / sediment,across habitats,0.9774,0.7932,0.36419999999999914,0.24824999999999978,0.11595,0.11595
hja2016_180,hja2016_107,hyporheic / sediment,across habitats,0.9707,0.7724,0.3099999999999995,0.21599999999999983,0.09400000000000003,0.09435000000000003
hja2016_181,hja2016_107,hyporheic / sediment,across habitats,0.9647,0.7856,0.3426499999999995,0.23099999999999987,0.11165000000000003,0.11165000000000003
hja2016_193,hja2016_107,hyporheic / soil,across habitats,0.9906,0.8925,0.5089999999999986,0.32449999999999946,0.1844999999999999,0.1844999999999999
hja2016_194,hja2016_107,hyporheic / soil,across habitats,0.9675,0.77,0.3194999999999991,0.20529999999999982,0.11420000000000004,0.11440000000000004
hja2016_195,hja2016_107,hyporheic / soil,across habitats,0.984,0.8341,0.40364999999999907,0.2559999999999996,0.14765000000000003,0.14765000000000003
hja2016_196,hja2016_107,hyporheic / soil,across habitats,0.9675,0.7728,0.3650999999999993,0.23224999999999987,0.1328500000000001,0.1329500000000001
hja2016_197,hja2016_107,hyporheic / soil,across habitats,0.9855,0.8682,0.5312999999999983,0.3720999999999991,0.1592,0.15935000000000002
hja2016_198,hja2016_107,hyporheic / soil,across habitats,0.9756,0.795,0.3705999999999991,0.2428999999999999,0.1277,0.1278
hja2016_199,hja2016_107,hyporheic / soil,across habitats,0.9801,0.8209,0.41324999999999884,0.25619999999999987,0.15705000000000005,0.15705000000000005
hja2016_200,hja2016_107,hyporheic / soil,across habitats,0.9728,0.7962,0.3635999999999992,0.2481999999999998,0.11540000000000006,0.11550000000000006
hja2016_110,hja2016_109,hyporheic / planktonic,across habitats,0.5905,0.2136,0.02850000000000002,0.02620000000000002,0.0023,0.005
hja2016_111,hja2016_109,planktonic / planktonic,within habitat,0.6237,0.3178,0.029100000000000032,0.027450000000000023,0.00165,0.00375
hja2016_114,hja2016_109,planktonic / planktonic,within habitat,0.571,0.2583,0.026850000000000044,0.02490000000000004,0.00195,0.0055000000000000005
hja2016_116,hja2016_109,planktonic / planktonic,within habitat,0.5725,0.2591,0.025850000000000015,0.023550000000000015,0.0023,0.004
hja2016_119,hja2016_109,planktonic / planktonic,within habitat,0.6707,0.3348,0.04360000000000006,0.040800000000000065,0.0028,0.0048
hja2016_121,hja2016_109,hyporheic / planktonic,across habitats,0.7985,0.444,0.056550000000000086,0.049750000000000086,0.0068,0.00785
hja2016_122,hja2016_109,planktonic / sediment,across habitats,0.9731,0.7595,0.33144999999999913,0.2395499999999999,0.09190000000000001,0.09190000000000001
hja2016_125,hja2016_109,planktonic / sediment,across habitats,0.9723,0.7611,0.325299999999999,0.25409999999999994,0.07119999999999999,0.07119999999999999
hja2016_164,hja2016_109,planktonic / sediment,across habitats,0.9767,0.7944,0.38624999999999887,0.2642499999999997,0.122,0.122
hja2016_166,hja2016_109,planktonic / sediment,across habitats,0.9714,0.7338,0.2980499999999994,0.24169999999999994,0.05635,0.05635
hja2016_167,hja2016_109,planktonic / sediment,across habitats,0.9744,0.754,0.38444999999999896,0.2851499999999995,0.09929999999999999,0.09929999999999999
hja2016_169,hja2016_109,planktonic / sediment,across habitats,0.9755,0.7439,0.35604999999999914,0.2790999999999996,0.07695,0.07695
hja2016_170,hja2016_109,planktonic / sediment,across habitats,0.9688,0.7658,0.38279999999999903,0.28694999999999943,0.09584999999999998,0.09584999999999998
hja2016_177,hja2016_109,planktonic / sediment,across habitats,0.9738,0.7411,0.34509999999999913,0.25219999999999976,0.0929,0.0929
hja2016_179,hja2016_109,planktonic / sediment,across habitats,0.9777,0.7711,0.368199999999999,0.27864999999999956,0.08954999999999999,0.08954999999999999
hja2016_180,hja2016_109,planktonic / sediment,across habitats,0.9728,0.7477,0.3141999999999995,0.24379999999999993,0.07039999999999999,0.07064999999999999
hja2016_181,hja2016_109,planktonic / sediment,across habitats,0.9682,0.7626,0.37224999999999925,0.28464999999999946,0.08760000000000001,0.08760000000000001
hja2016_193,hja2016_109,planktonic / soil,across habitats,0.9907,0.8828,0.5033499999999981,0.3479499999999992,0.1554,0.1554
hja2016_194,hja2016_109,planktonic / soil,across habitats,0.9672,0.7423,0.3334499999999992,0.25134999999999985,0.08209999999999999,0.08209999999999999
hja2016_195,hja2016_109,planktonic / soil,across habitats,0.9812,0.8227,0.40529999999999894,0.28994999999999943,0.11535000000000001,0.11550000000000002
hja2016_196,hja2016_109,planktonic / soil,across habitats,0.9708,0.7435,0.34969999999999885,0.2530999999999999,0.09660000000000003,0.09660000000000003
hja2016_197,hja2016_109,planktonic / soil,across habitats,0.9844,0.8379,0.48859999999999854,0.3759999999999989,0.11259999999999999,0.11259999999999999
hja2016_198,hja2016_109,planktonic / soil,across habitats,0.9762,0.7747,0.37134999999999885,0.2740499999999996,0.09730000000000001,0.09730000000000001
hja2016_199,hja2016_109,planktonic / soil,across habitats,0.9815,0.802,0.4071499999999986,0.2899999999999996,0.11715,0.11715
hja2016_200,hja2016_109,planktonic / soil,across habitats,0.9744,0.7784,0.36489999999999917,0.25004999999999994,0.11485000000000002,0.11485000000000002
hja2016_111,hja2016_110,hyporheic / planktonic,across habitats,0.6354,0.3085,0.023900000000000008,0.022799999999999997,0.0011,0.0031499999999999996
hja2016_114,hja2016_110,hyporheic / planktonic,across habitats,0.597,0.2525,0.021500000000000016,0.019600000000000013,0.0019000000000000002,0.00415
hja2016_116,hja2016_110,hyporheic / planktonic,across habitats,0.5842,0.2324,0.021950000000000008,0.01945,0.0024999999999999996,0.00485
hja2016_119,hja2016_110,hyporheic / planktonic,across habitats,0.6868,0.3244,0.03845000000000007,0.03310000000000003,0.005350000000000001,0.0062
hja2016_121,hja2016_110,hyporheic / hyporheic,within habitat,0.8069,0.4259,0.04955000000000007,0.04080000000000006,0.008749999999999999,0.0099
hja2016_122,hja2016_110,hyporheic / sediment,across habitats,0.9739,0.7619,0.33579999999999954,0.23384999999999984,0.10195,0.10195
hja2016_125,hja2016_110,hyporheic / sediment,across habitats,0.9734,0.7634,0.34344999999999976,0.24934999999999977,0.09409999999999999,0.09454999999999998
hja2016_164,hja2016_110,hyporheic / sediment,across habitats,0.9795,0.7986,0.3862499999999991,0.27399999999999963,0.11225000000000002,0.11225000000000002
hja2016_166,hja2016_110,hyporheic / sediment,across habitats,0.9752,0.7405,0.30209999999999965,0.2269999999999999,0.07510000000000001,0.07510000000000001
hja2016_167,hja2016_110,hyporheic / sediment,across habitats,0.9772,0.7579,0.39069999999999916,0.2741999999999997,0.11649999999999996,0.11664999999999996
hja2016_169,hja2016_110,hyporheic / sediment,across habitats,0.9793,0.7516,0.3599999999999993,0.24930000000000005,0.1107,0.1107
hja2016_170,hja2016_110,hyporheic / sediment,across habitats,0.9713,0.7728,0.3757999999999992,0.2794999999999997,0.09629999999999998,0.09629999999999998
hja2016_177,hja2016_110,hyporheic / sediment,across habitats,0.9773,0.7554,0.3603999999999997,0.2510499999999998,0.10935,0.10980000000000001
hja2016_179,hja2016_110,hyporheic / sediment,across habitats,0.9798,0.7752,0.3907499999999991,0.3000999999999995,0.09064999999999998,0.09064999999999998
hja2016_180,hja2016_110,hyporheic / sediment,across habitats,0.9742,0.7514,0.32224999999999954,0.2391499999999998,0.08310000000000001,0.08320000000000001
hja2016_181,hja2016_110,hyporheic / sediment,across habitats,0.9683,0.7718,0.3677499999999994,0.27604999999999963,0.09169999999999998,0.0923
hja2016_193,hja2016_110,hyporheic / soil,across habitats,0.9932,0.8861,0.5167999999999983,0.35064999999999924,0.16615000000000002,0.16615000000000002
hja2016_194,hja2016_110,hyporheic / soil,across habitats,0.9713,0.7602,0.3520999999999992,0.24419999999999975,0.10789999999999998,0.10789999999999998
hja2016_195,hja2016_110,hyporheic / soil,across habitats,0.9863,0.8313,0.42889999999999884,0.28239999999999976,0.14650000000000002,0.14650000000000002
hja2016_196,hja2016_110,hyporheic / soil,across habitats,0.9731,0.7603,0.37059999999999893,0.24139999999999984,0.12920000000000006,0.12930000000000008
hja2016_197,hja2016_110,hyporheic / soil,across habitats,0.98740000000000006,0.8556,0.5089999999999985,0.375299999999999,0.1337,0.1337
hja2016_198,hja2016_110,hyporheic / soil,across habitats,0.9778,0.7911,0.4008499999999989,0.27099999999999974,0.12985,0.12985
hja2016_199,hja2016_110,hyporheic / soil,across habitats,0.9826,0.8156,0.4301999999999989,0.2845999999999997,0.14560000000000006,0.14560000000000006
hja2016_200,hja2016_110,hyporheic / soil,across habitats,0.9754,0.7895,0.3929499999999989,0.25139999999999996,0.14155,0.14175
hja2016_114,hja2016_111,planktonic / planktonic,within habitat,0.5643,0.2701,0.01900000000000001,0.01704999999999999,0.00195,0.00585
hja2016_116,hja2016_111,planktonic / planktonic,within habitat,0.5183,0.2458,0.02050000000000001,0.01885,0.00165,0.0037
hja2016_119,hja2016_111,planktonic / planktonic,within habitat,0.6234,0.3433,0.03130000000000005,0.02835000000000005,0.00295,0.00405
hja2016_121,hja2016_111,hyporheic / planktonic,across habitats,0.7179,0.4088,0.03765000000000006,0.035600000000000055,0.00205,0.0034999999999999996
hja2016_122,hja2016_111,planktonic / sediment,across habitats,0.971,0.7879,0.33949999999999914,0.22259999999999977,0.11690000000000003,0.11705000000000003
hja2016_125,hja2016_111,planktonic / sediment,across habitats,0.9681,0.7899,0.3627499999999994,0.24499999999999958,0.11775000000000004,0.11830000000000003
hja2016_164,hja2016_111,planktonic / sediment,across habitats,0.9749,0.8172,0.4080499999999989,0.26099999999999957,0.14705000000000007,0.14705000000000007
hja2016_166,hja2016_111,planktonic / sediment,across habitats,0.9708,0.7721,0.3487499999999993,0.2539999999999995,0.09475,0.0949
hja2016_167,hja2016_111,planktonic / sediment,across habitats,0.9702,0.7896,0.42154999999999904,0.28719999999999934,0.13435,0.13435
hja2016_169,hja2016_111,planktonic / sediment,across habitats,0.9718,0.7789,0.403949999999999,0.28019999999999945,0.12375000000000003,0.12375000000000003
hja2016_170,hja2016_111,planktonic / sediment,across habitats,0.9657,0.7899,0.4213999999999991,0.2661499999999995,0.15525000000000005,0.15525000000000005
hja2016_177,hja2016_111,planktonic / sediment,across habitats,0.9707,0.7784,0.3836999999999991,0.2551999999999994,0.12850000000000003,0.12865000000000004
hja2016_179,hja2016_111,planktonic / sediment,across habitats,0.9757,0.799,0.4117999999999989,0.2814999999999993,0.13030000000000005,0.13050000000000006
hja2016_180,hja2016_111,planktonic / sediment,across habitats,0.9717,0.7807,0.3534499999999993,0.25064999999999976,0.10280000000000002,0.10315000000000003
hja2016_181,hja2016_111,planktonic / sediment,across habitats,0.9634,0.7921,0.42309999999999914,0.2704499999999995,0.15265,0.15265
hja2016_193,hja2016_111,planktonic / soil,across habitats,0.9905,0.9032,0.5348999999999984,0.3245499999999994,0.21035000000000004,0.21035000000000004
hja2016_194,hja2016_111,planktonic / soil,across habitats,0.9622,0.7798,0.35494999999999943,0.23199999999999968,0.12295000000000002,0.12320000000000003
hja2016_195,hja2016_111,planktonic / soil,across habitats,0.979,0.8442,0.4420999999999988,0.2787499999999997,0.16335000000000002,0.16335000000000002
hja2016_196,hja2016_111,planktonic / soil,across habitats,0.963,0.7837,0.388749999999999,0.24994999999999976,0.13880000000000003,0.13905
hja2016_197,hja2016_111,planktonic / soil,across habitats,0.9856,0.8772,0.5311999999999981,0.3682999999999989,0.16290000000000002,0.1633
hja2016_198,hja2016_111,planktonic / soil,across habitats,0.9692,0.8039,0.39844999999999914,0.25899999999999945,0.13944999999999996,0.13944999999999996
hja2016_199,hja2016_111,planktonic / soil,across habitats,0.9766,0.8278,0.4461499999999988,0.2830499999999997,0.16310000000000002,0.16310000000000002
hja2016_200,hja2016_111,planktonic / soil,across habitats,0.969,0.8093,0.39419999999999905,0.25304999999999955,0.14115000000000003,0.14115000000000003
hja2016_116,hja2016_114,planktonic / planktonic,within habitat,0.485,0.2235,0.015199999999999983,0.014099999999999982,0.0010999999999999998,0.004
hja2016_119,hja2016_114,planktonic / planktonic,within habitat,0.6153,0.3166,0.02625000000000003,0.023750000000000028,0.0025,0.004399999999999999
hja2016_121,hja2016_114,hyporheic / planktonic,across habitats,0.752,0.3855,0.032900000000000026,0.028700000000000028,0.0042,0.005750000000000001
hja2016_122,hja2016_114,planktonic / sediment,across habitats,0.9676,0.7666,0.2904999999999996,0.21844999999999998,0.07204999999999999,0.07204999999999999
hja2016_125,hja2016_114,planktonic / sediment,across habitats,0.9656,0.7691,0.3016499999999995,0.21219999999999994,0.08944999999999999,0.08969999999999999
hja2016_164,hja2016_114,planktonic / sediment,across habitats,0.9738,0.7982,0.3594999999999992,0.23414999999999983,0.12535000000000002,0.12535000000000002
hja2016_166,hja2016_114,planktonic / sediment,across habitats,0.9641,0.7332,0.2621999999999995,0.18854999999999988,0.07365,0.07365
hja2016_167,hja2016_114,planktonic / sediment,across habitats,0.9703,0.7611,0.37139999999999906,0.24689999999999995,0.12449999999999994,0.12449999999999994
hja2016_169,hja2016_114,planktonic / sediment,across habitats,0.9692,0.7485,0.3447999999999989,0.2239,0.12089999999999998,0.12089999999999998
hja2016_170,hja2016_114,planktonic / sediment,across habitats,0.9636,0.7667,0.34284999999999927,0.22589999999999988,0.11694999999999998,0.11704999999999999
hja2016_177,hja2016_114,planktonic / sediment,across habitats,0.9697,0.7583,0.3268999999999994,0.2145499999999997,0.11234999999999996,0.11244999999999998
hja2016_179,hja2016_114,planktonic / sediment,across habitats,0.9734,0.7784,0.34814999999999935,0.2422999999999997,0.10584999999999993,0.10584999999999993
hja2016_180,hja2016_114,planktonic / sediment,across habitats,0.9667,0.7464,0.2712499999999995,0.2025999999999998,0.06864999999999997,0.06874999999999998
hja2016_181,hja2016_114,planktonic / sediment,across habitats,0.9623,0.7653,0.3413999999999995,0.22559999999999986,0.11579999999999999,0.11609999999999998
hja2016_193,hja2016_114,planktonic / soil,across habitats,0.9894,0.8906,0.5219499999999984,0.3347499999999991,0.18720000000000003,0.18720000000000003
hja2016_194,hja2016_114,planktonic / soil,across habitats,0.9651,0.7634,0.32549999999999923,0.22269999999999995,0.10279999999999996,0.10279999999999996
hja2016_195,hja2016_114,planktonic / soil,across habitats,0.982,0.8356,0.42239999999999894,0.2579499999999997,0.16444999999999999,0.16444999999999999
hja2016_196,hja2016_114,planktonic / soil,across habitats,0.9666,0.7605,0.355649999999999,0.23654999999999993,0.11909999999999998,0.11934999999999998
hja2016_197,hja2016_114,planktonic / soil,across habitats,0.9827,0.86240000000000006,0.48339999999999855,0.3301499999999987,0.15325000000000003,0.1535
hja2016_198,hja2016_114,planktonic / soil,across habitats,0.9739,0.7946,0.3783999999999989,0.2360499999999997,0.14234999999999998,0.14254999999999998
hja2016_199,hja2016_114,planktonic / soil,across habitats,0.9781,0.8188,0.4169499999999989,0.26354999999999973,0.15340000000000006,0.15340000000000006
hja2016_200,hja2016_114,planktonic / soil,across habitats,0.9745,0.7977,0.3700499999999992,0.23204999999999976,0.13799999999999998,0.13799999999999998
hja2016_119,hja2016_116,planktonic / planktonic,within habitat,0.6118,0.316,0.02355000000000002,0.022450000000000015,0.0011,0.00215
hja2016_121,hja2016_116,hyporheic / planktonic,across habitats,0.779,0.4164,0.037550000000000035,0.03040000000000004,0.00715,0.008400000000000001
hja2016_122,hja2016_116,planktonic / sediment,across habitats,0.9673,0.7795,0.316549999999999,0.21659999999999982,0.09995,0.09995
hja2016_125,hja2016_116,planktonic / sediment,across habitats,0.9658,0.7781,0.3258999999999993,0.23984999999999976,0.08605,0.08605
hja2016_164,hja2016_116,planktonic / sediment,across habitats,0.9745,0.8136,0.38329999999999903,0.25754999999999945,0.12575000000000003,0.12575000000000003
hja2016_166,hja2016_116,planktonic / sediment,across habitats,0.9685,0.7605,0.31049999999999917,0.21115,0.09935000000000002,0.09935000000000002
hja2016_167,hja2016_116,planktonic / sediment,across habitats,0.9717,0.782,0.38854999999999906,0.25249999999999984,0.13605,0.13625
hja2016_169,hja2016_116,planktonic / sediment,across habitats,0.9703,0.772,0.36434999999999895,0.24915000000000004,0.11520000000000001,0.11520000000000001
hja2016_170,hja2016_116,planktonic / sediment,across habitats,0.9637,0.7865,0.37324999999999936,0.25694999999999957,0.11630000000000001,0.11630000000000001
hja2016_177,hja2016_116,planktonic / sediment,across habitats,0.9708,0.7702,0.34479999999999933,0.2214499999999998,0.12335000000000004,0.12335000000000004
hja2016_179,hja2016_116,planktonic / sediment,across habitats,0.9736,0.7942,0.38799999999999896,0.26919999999999933,0.11879999999999998,0.11904999999999998
hja2016_180,hja2016_116,planktonic / sediment,across habitats,0.9691,0.7727,0.32864999999999917,0.23424999999999982,0.09440000000000001,0.09460000000000002
hja2016_181,hja2016_116,planktonic / sediment,across habitats,0.9616,0.7887,0.3753499999999992,0.2602499999999995,0.11510000000000004,0.11510000000000004
hja2016_193,hja2016_116,planktonic / soil,across habitats,0.9905,0.8961,0.5332999999999984,0.3187499999999991,0.21455000000000013,0.21455000000000013
hja2016_194,hja2016_116,planktonic / soil,across habitats,0.9614,0.771,0.3364999999999991,0.22424999999999987,0.11225,0.11225
hja2016_195,hja2016_116,planktonic / soil,across habitats,0.9798,0.8376,0.4072499999999992,0.2565499999999995,0.15070000000000003,0.15070000000000003
hja2016_196,hja2016_116,planktonic / soil,across habitats,0.9648,0.7749,0.37854999999999894,0.23524999999999988,0.1433000000000001,0.1433000000000001
hja2016_197,hja2016_116,planktonic / soil,across habitats,0.9831,0.8644,0.5034999999999988,0.34239999999999876,0.16110000000000008,0.16155000000000008
hja2016_198,hja2016_116,planktonic / soil,across habitats,0.9689,0.7984,0.3800499999999993,0.24669999999999961,0.13335,0.13335
hja2016_199,hja2016_116,planktonic / soil,across habitats,0.9759,0.8245,0.42479999999999885,0.2441499999999997,0.18065000000000003,0.18065000000000003
hja2016_200,hja2016_116,planktonic / soil,across habitats,0.9678,0.7976,0.3698999999999991,0.2450999999999997,0.12480000000000002,0.12480000000000002
hja2016_121,hja2016_119,hyporheic / planktonic,across habitats,0.8572,0.5415,0.08740000000000002,0.07025000000000013,0.017150000000000006,0.017750000000000005
hja2016_122,hja2016_119,planktonic / sediment,across habitats,0.9455,0.6668,0.2030499999999998,0.1441499999999999,0.05890000000000001,0.05890000000000001
hja2016_125,hja2016_119,planktonic / sediment,across habitats,0.9442,0.6675,0.21904999999999963,0.16344999999999985,0.055600000000000004,0.055600000000000004
hja2016_164,hja2016_119,planktonic / sediment,across habitats,0.9565,0.7174,0.26159999999999944,0.18184999999999985,0.07975,0.07975
hja2016_166,hja2016_119,planktonic / sediment,across habitats,0.9529,0.6968,0.20379999999999984,0.14054999999999984,0.06325000000000001,0.06335000000000002
hja2016_167,hja2016_119,planktonic / sediment,across habitats,0.9467,0.6708,0.2635499999999998,0.17045,0.09310000000000002,0.09310000000000002
hja2016_169,hja2016_119,planktonic / sediment,across habitats,0.9482,0.6653,0.24784999999999974,0.16130000000000003,0.08655000000000002,0.08665000000000002
hja2016_170,hja2016_119,planktonic / sediment,across habitats,0.9421,0.6836,0.23974999999999957,0.16779999999999973,0.07195000000000001,0.07215
hja2016_177,hja2016_119,planktonic / sediment,across habitats,0.9458,0.6504,0.2253499999999998,0.14239999999999986,0.08295000000000001,0.08315
hja2016_179,hja2016_119,planktonic / sediment,across habitats,0.9575,0.6812,0.26849999999999974,0.18564999999999976,0.08285,0.08285
hja2016_180,hja2016_119,planktonic / sediment,across habitats,0.9534,0.7058,0.21844999999999973,0.15709999999999985,0.06135,0.061950000000000005
hja2016_181,hja2016_119,planktonic / sediment,across habitats,0.9375,0.6809,0.23704999999999976,0.1656499999999999,0.07140000000000002,0.07140000000000002
hja2016_193,hja2016_119,planktonic / soil,across habitats,0.9818,0.8339,0.42444999999999816,0.2700999999999995,0.15435000000000004,0.15435000000000004
hja2016_194,hja2016_119,planktonic / soil,across habitats,0.9322,0.6449,0.20969999999999972,0.14849999999999983,0.061200000000000004,0.06130000000000001
hja2016_195,hja2016_119,planktonic / soil,across habitats,0.9607,0.7325,0.28929999999999934,0.18409999999999968,0.10520000000000004,0.10520000000000004
hja2016_196,hja2016_119,planktonic / soil,across habitats,0.9379,0.6559,0.2536499999999996,0.16014999999999976,0.0935,0.09385
hja2016_197,hja2016_119,planktonic / soil,across habitats,0.9753,0.7996,0.40954999999999836,0.29479999999999873,0.11475000000000003,0.11500000000000003
hja2016_198,hja2016_119,planktonic / soil,across habitats,0.954,0.6809,0.2776499999999992,0.18069999999999953,0.09695000000000002,0.09740000000000001
hja2016_199,hja2016_119,planktonic / soil,across habitats,0.9599,0.7197,0.299949999999999,0.1817999999999999,0.11815000000000002,0.11815000000000002
hja2016_200,hja2016_119,planktonic / soil,across habitats,0.9431,0.6982,0.24789999999999965,0.16749999999999968,0.08040000000000001,0.08040000000000001
hja2016_122,hja2016_121,hyporheic / sediment,across habitats,0.9912,0.828,0.4539999999999986,0.31879999999999925,0.13520000000000007,0.13520000000000007
hja2016_125,hja2016_121,hyporheic / sediment,across habitats,0.9896,0.83,0.4555999999999988,0.3157499999999995,0.13985000000000006,0.13985000000000006
hja2016_164,hja2016_121,hyporheic / sediment,across habitats,0.9932,0.8571,0.49399999999999855,0.35409999999999875,0.1399,0.1399
hja2016_166,hja2016_121,hyporheic / sediment,across habitats,0.9883,0.7845,0.3549499999999991,0.2822499999999995,0.07270000000000001,0.07270000000000001
hja2016_167,hja2016_121,hyporheic / sediment,across habitats,0.9929,0.8224,0.501899999999999,0.3842499999999988,0.11764999999999998,0.11764999999999998
hja2016_169,hja2016_121,hyporheic / sediment,across habitats,0.9923,0.8204,0.47924999999999857,0.35579999999999895,0.12344999999999998,0.12344999999999998
hja2016_170,hja2016_121,hyporheic / sediment,across habitats,0.9895,0.8229,0.47764999999999896,0.351849999999999,0.12580000000000002,0.12580000000000002
hja2016_177,hja2016_121,hyporheic / sediment,across habitats,0.9918,0.8269,0.4958499999999987,0.3719499999999988,0.12389999999999998,0.12389999999999998
hja2016_179,hja2016_121,hyporheic / sediment,across habitats,0.9932,0.8333,0.4887999999999988,0.36279999999999885,0.12600000000000003,0.12600000000000003
hja2016_180,hja2016_121,hyporheic / sediment,across habitats,0.9893,0.8029,0.36924999999999897,0.2919999999999993,0.07725,0.07725
hja2016_181,hja2016_121,hyporheic / sediment,across habitats,0.9883,0.8231,0.46674999999999867,0.339149999999999,0.12760000000000002,0.12760000000000002
hja2016_193,hja2016_121,hyporheic / soil,across habitats,0.9966,0.9292,0.6671999999999974,0.46684999999999854,0.20035000000000006,0.20035000000000006
hja2016_194,hja2016_121,hyporheic / soil,across habitats,0.9896,0.8447,0.5055999999999987,0.364949999999999,0.14065000000000005,0.14065000000000005
hja2016_195,hja2016_121,hyporheic / soil,across habitats,0.9944,0.8971,0.5893499999999982,0.4118999999999989,0.17745,0.17745
hja2016_196,hja2016_121,hyporheic / soil,across habitats,0.9892,0.8408,0.5318499999999985,0.3557499999999991,0.17610000000000012,0.17610000000000012
hja2016_197,hja2016_121,hyporheic / soil,across habitats,0.9947,0.8997,0.6004999999999975,0.4660999999999982,0.13440000000000005,0.13440000000000005
hja2016_198,hja2016_121,hyporheic / soil,across habitats,0.9927,0.8638,0.5584999999999981,0.37394999999999895,0.18455000000000008,0.18465000000000006
hja2016_199,hja2016_121,hyporheic / soil,across habitats,0.9938,0.8893,0.6062999999999975,0.4300499999999991,0.17625000000000005,0.17625000000000005
hja2016_200,hja2016_121,hyporheic / soil,across habitats,0.9922,0.8733,0.5784999999999982,0.37984999999999886,0.1986500000000001,0.1986500000000001
hja2016_125,hja2016_122,sediment / sediment,within habitat,0.3415,0.138,0.012899999999999984,0.012349999999999984,5.5e-4,0.0074
hja2016_164,hja2016_122,sediment / sediment,within habitat,0.5466,0.2734,0.0182,0.016099999999999993,0.0021000000000000003,0.005599999999999999
hja2016_166,hja2016_122,sediment / sediment,within habitat,0.7145,0.4783,0.054900000000000095,0.03965000000000006,0.01525,0.017649999999999996
hja2016_167,hja2016_122,sediment / sediment,within habitat,0.7312,0.4209,0.041750000000000065,0.03320000000000003,0.00855,0.011850000000000003
hja2016_169,hja2016_122,sediment / sediment,within habitat,0.7245,0.4304,0.04055000000000006,0.033300000000000045,0.00725,0.01055
hja2016_170,hja2016_122,sediment / sediment,within habitat,0.6032,0.3618,0.020600000000000025,0.017949999999999997,0.00265,0.00585
hja2016_177,hja2016_122,sediment / sediment,within habitat,0.6806,0.3583,0.02785000000000003,0.023100000000000027,0.00475,0.00805
hja2016_179,hja2016_122,sediment / sediment,within habitat,0.5551,0.2594,0.022800000000000004,0.02055,0.0022500000000000003,0.00585
hja2016_180,hja2016_122,sediment / sediment,within habitat,0.7095,0.4813,0.04810000000000008,0.03595000000000006,0.012150000000000001,0.01425
hja2016_181,hja2016_122,sediment / sediment,within habitat,0.6021,0.3559,0.019800000000000022,0.017800000000000003,0.002,0.005749999999999998
hja2016_193,hja2016_122,sediment / soil,across habitats,0.9456,0.7577,0.2525999999999996,0.17129999999999984,0.08130000000000001,0.08255000000000003
hja2016_194,hja2016_122,sediment / soil,across habitats,0.6406,0.3667,0.031700000000000055,0.03045000000000005,0.00125,0.0029999999999999996
hja2016_195,hja2016_122,sediment / soil,across habitats,0.9,0.6497,0.13444999999999985,0.10084999999999991,0.0336,0.0349
hja2016_196,hja2016_122,sediment / soil,across habitats,0.7549,0.4629,0.05060000000000007,0.04290000000000005,0.007699999999999999,0.0086
hja2016_197,hja2016_122,sediment / soil,across habitats,0.9394,0.7103,0.19029999999999994,0.14959999999999998,0.0407,0.04085
hja2016_198,hja2016_122,sediment / soil,across habitats,0.8002,0.4795,0.07125000000000004,0.05010000000000009,0.02115,0.021449999999999997
hja2016_199,hja2016_122,sediment / soil,across habitats,0.8695,0.5992,0.13879999999999987,0.08769999999999999,0.0511,0.0525
hja2016_200,hja2016_122,sediment / soil,across habitats,0.7752,0.501,0.06735000000000005,0.053900000000000094,0.013449999999999998,0.013550000000000001
hja2016_164,hja2016_125,sediment / sediment,within habitat,0.5372,0.2718,0.017299999999999992,0.014899999999999981,0.0024000000000000002,0.006449999999999999
hja2016_166,hja2016_125,sediment / sediment,within habitat,0.7187,0.4883,0.04815000000000007,0.04040000000000006,0.00775,0.0105
hja2016_167,hja2016_125,sediment / sediment,within habitat,0.7204,0.4316,0.04085000000000007,0.032950000000000056,0.007899999999999999,0.01145
hja2016_169,hja2016_125,sediment / sediment,within habitat,0.7176,0.4347,0.04185000000000007,0.03215000000000004,0.0097,0.01235
hja2016_170,hja2016_125,sediment / sediment,within habitat,0.605,0.3682,0.02200000000000005,0.017749999999999988,0.0042499999999999994,0.0091
hja2016_177,hja2016_125,sediment / sediment,within habitat,0.6701,0.3526,0.025099999999999997,0.023699999999999995,0.0014,0.005899999999999999
hja2016_179,hja2016_125,sediment / sediment,within habitat,0.5457,0.2669,0.027700000000000054,0.02335000000000002,0.004350000000000001,0.009149999999999998
hja2016_180,hja2016_125,sediment / sediment,within habitat,0.7032,0.4866,0.04135000000000006,0.03505000000000006,0.0063,0.009250000000000001
hja2016_181,hja2016_125,sediment / sediment,within habitat,0.6051,0.359,0.021900000000000034,0.018700000000000012,0.0032,0.008150000000000001
hja2016_193,hja2016_125,sediment / soil,across habitats,0.9467,0.7625,0.24834999999999993,0.1732499999999999,0.07509999999999999,0.07614999999999998
hja2016_194,hja2016_125,sediment / soil,across habitats,0.6308,0.3672,0.026000000000000016,0.024500000000000008,0.0015000000000000002,0.00365
hja2016_195,hja2016_125,sediment / soil,across habitats,0.8912,0.6509,0.12879999999999991,0.0939,0.0349,0.03585
hja2016_196,hja2016_125,sediment / soil,across habitats,0.7471,0.4634,0.04470000000000007,0.03620000000000006,0.008499999999999999,0.009800000000000003
hja2016_197,hja2016_125,sediment / soil,across habitats,0.9358,0.7087,0.17724999999999982,0.1367999999999999,0.04045,0.04164999999999999
hja2016_198,hja2016_125,sediment / soil,across habitats,0.791,0.4784,0.06500000000000004,0.04580000000000007,0.019199999999999995,0.019649999999999994
hja2016_199,hja2016_125,sediment / soil,across habitats,0.8658,0.606,0.13599999999999987,0.09534999999999999,0.04065,0.0411
hja2016_200,hja2016_125,sediment / soil,across habitats,0.7667,0.4882,0.06085000000000008,0.04975000000000006,0.0111,0.011750000000000002
hja2016_166,hja2016_164,sediment / sediment,within habitat,0.7593,0.5075,0.059700000000000086,0.04015000000000009,0.01955,0.0225
hja2016_167,hja2016_164,sediment / sediment,within habitat,0.717,0.4278,0.03925000000000005,0.029250000000000026,0.009999999999999997,0.01345
hja2016_169,hja2016_164,sediment / sediment,within habitat,0.7108,0.4306,0.03985000000000009,0.028500000000000032,0.011349999999999999,0.015149999999999999
hja2016_170,hja2016_164,sediment / sediment,within habitat,0.6934,0.4136,0.024000000000000028,0.02085,0.00315,0.00625
hja2016_177,hja2016_164,sediment / sediment,within habitat,0.6828,0.4026,0.028650000000000023,0.024700000000000014,0.0039499999999999995,0.00715
hja2016_179,hja2016_164,sediment / sediment,within habitat,0.5191,0.2475,0.01990000000000001,0.01900000000000001,9e-4,0.0049
hja2016_180,hja2016_164,sediment / sediment,within habitat,0.7471,0.5062,0.053700000000000095,0.035250000000000094,0.018449999999999998,0.020399999999999998
hja2016_181,hja2016_164,sediment / sediment,within habitat,0.6921,0.4108,0.02425000000000005,0.02120000000000002,0.00305,0.006500000000000001
hja2016_193,hja2016_164,sediment / soil,across habitats,0.9348,0.7507,0.2371499999999996,0.1497999999999998,0.08735,0.08864999999999999
hja2016_194,hja2016_164,sediment / soil,across habitats,0.7044,0.4341,0.034850000000000096,0.030150000000000045,0.004699999999999999,0.00565
hja2016_195,hja2016_164,sediment / soil,across habitats,0.8829,0.656,0.12814999999999988,0.08860000000000003,0.03955000000000001,0.04105
hja2016_196,hja2016_164,sediment / soil,across habitats,0.7481,0.4898,0.053400000000000114,0.03950000000000007,0.0139,0.014099999999999998
hja2016_197,hja2016_164,sediment / soil,across habitats,0.9271,0.712,0.15739999999999993,0.11979999999999998,0.0376,0.03775
hja2016_198,hja2016_164,sediment / soil,across habitats,0.7933,0.5164,0.07505000000000005,0.05315000000000012,0.021899999999999996,0.021899999999999996
hja2016_199,hja2016_164,sediment / soil,across habitats,0.8594,0.6191,0.16299999999999976,0.0874500000000001,0.07555000000000002,0.07565000000000002
hja2016_200,hja2016_164,sediment / soil,across habitats,0.7802,0.5372,0.07505000000000007,0.05410000000000012,0.020950000000000003,0.020950000000000003
hja2016_167,hja2016_166,sediment / sediment,within habitat,0.7564,0.4423,0.046300000000000084,0.04065000000000005,0.00565,0.008450000000000001
hja2016_169,hja2016_166,sediment / sediment,within habitat,0.7477,0.4496,0.049050000000000066,0.04095000000000005,0.0081,0.011250000000000001
hja2016_170,hja2016_166,sediment / sediment,within habitat,0.6144,0.3414,0.04705000000000007,0.035250000000000045,0.011800000000000003,0.013600000000000003
hja2016_177,hja2016_166,sediment / sediment,within habitat,0.7794,0.4982,0.07460000000000003,0.0588000000000001,0.0158,0.0193
hja2016_179,hja2016_166,sediment / sediment,within habitat,0.7255,0.4337,0.05310000000000009,0.03930000000000007,0.013800000000000002,0.017200000000000007
hja2016_180,hja2016_166,sediment / sediment,within habitat,0.3442,0.1527,0.012649999999999988,0.012649999999999988,0,0.005649999999999999
hja2016_181,hja2016_166,sediment / sediment,within habitat,0.6168,0.3455,0.04715000000000007,0.03470000000000006,0.012450000000000001,0.014600000000000002
hja2016_193,hja2016_166,sediment / soil,across habitats,0.9586,0.7903,0.2930999999999993,0.18774999999999994,0.10534999999999999,0.10614999999999998
hja2016_194,hja2016_166,sediment / soil,across habitats,0.8169,0.5654,0.08159999999999995,0.06260000000000009,0.019,0.020099999999999996
hja2016_195,hja2016_166,sediment / soil,across habitats,0.943,0.7334,0.21629999999999971,0.14794999999999983,0.06835000000000001,0.06924999999999999
hja2016_196,hja2016_166,sediment / soil,across habitats,0.8243,0.5571,0.07700000000000005,0.0534000000000001,0.023600000000000003,0.0242
hja2016_197,hja2016_166,sediment / soil,across habitats,0.9454,0.7155,0.21979999999999975,0.14034999999999992,0.07944999999999999,0.07955
hja2016_198,hja2016_166,sediment / soil,across habitats,0.8889,0.6349,0.15399999999999972,0.08644999999999997,0.06755,0.06775
hja2016_199,hja2016_166,sediment / soil,across habitats,0.9179,0.6861,0.21539999999999992,0.12975000000000012,0.08564999999999999,0.0861
hja2016_200,hja2016_166,sediment / soil,across habitats,0.8985,0.668,0.17164999999999989,0.11064999999999998,0.06100000000000001,0.06115000000000001
hja2016_169,hja2016_167,sediment / sediment,within habitat,0.3622,0.1526,0.01299999999999999,0.01249999999999999,5e-4,0.006
hja2016_170,hja2016_167,sediment / sediment,within habitat,0.7166,0.3705,0.03525000000000005,0.03045000000000004,0.0048,0.007599999999999999
hja2016_177,hja2016_167,sediment / sediment,within habitat,0.6005,0.3474,0.03360000000000005,0.02760000000000004,0.005999999999999999,0.011900000000000003
hja2016_179,hja2016_167,sediment / sediment,within habitat,0.6885,0.3692,0.041050000000000066,0.03555000000000006,0.0055000000000000005,0.009000000000000001
hja2016_180,hja2016_167,sediment / sediment,within habitat,0.7538,0.4532,0.04675000000000009,0.04265000000000008,0.0041,0.006899999999999999
hja2016_181,hja2016_167,sediment / sediment,within habitat,0.7123,0.3605,0.03710000000000006,0.029750000000000047,0.007350000000000001,0.010700000000000003
hja2016_193,hja2016_167,sediment / soil,across habitats,0.8571,0.6116,0.12254999999999984,0.09654999999999998,0.02600000000000001,0.02805000000000001
hja2016_194,hja2016_167,sediment / soil,across habitats,0.6971,0.3923,0.04355000000000008,0.03885000000000008,0.0047,0.005550000000000001
hja2016_195,hja2016_167,sediment / soil,across habitats,0.7691,0.5085,0.0884999999999999,0.07365,0.01485,0.018149999999999996
hja2016_196,hja2016_167,sediment / soil,across habitats,0.6659,0.3358,0.03440000000000005,0.027550000000000043,0.00685,0.007350000000000001
hja2016_197,hja2016_167,sediment / soil,across habitats,0.9015,0.606,0.14624999999999982,0.10834999999999995,0.03790000000000001,0.03860000000000001
hja2016_198,hja2016_167,sediment / soil,across habitats,0.7291,0.4176,0.06560000000000002,0.050450000000000085,0.015150000000000004,0.015450000000000002
hja2016_199,hja2016_167,sediment / soil,across habitats,0.7232,0.4519,0.08479999999999997,0.06640000000000006,0.018400000000000003,0.019850000000000003
hja2016_200,hja2016_167,sediment / soil,across habitats,0.7295,0.4345,0.06710000000000003,0.05315000000000008,0.013949999999999999,0.014299999999999997
hja2016_170,hja2016_169,sediment / sediment,within habitat,0.7146,0.3708,0.032300000000000044,0.028500000000000046,0.003799999999999999,0.00655
hja2016_177,hja2016_169,sediment / sediment,within habitat,0.5932,0.3499,0.03245000000000006,0.026400000000000045,0.006049999999999999,0.010849999999999999
hja2016_179,hja2016_169,sediment / sediment,within habitat,0.6871,0.381,0.04290000000000006,0.03490000000000004,0.008,0.0105
hja2016_180,hja2016_169,sediment / sediment,within habitat,0.7472,0.4596,0.0530500000000001,0.04185000000000005,0.0112,0.013550000000000001
hja2016_181,hja2016_169,sediment / sediment,within habitat,0.7053,0.3541,0.03640000000000008,0.029150000000000058,0.00725,0.0099
hja2016_193,hja2016_169,sediment / soil,across habitats,0.8568,0.6212,0.12539999999999996,0.09415,0.03125,0.03355
hja2016_194,hja2016_169,sediment / soil,across habitats,0.6967,0.4028,0.04055000000000007,0.03710000000000005,0.0034499999999999995,0.0040999999999999995
hja2016_195,hja2016_169,sediment / soil,across habitats,0.7691,0.526,0.07880000000000001,0.0642500000000001,0.014550000000000002,0.018049999999999997
hja2016_196,hja2016_169,sediment / soil,across habitats,0.6688,0.3526,0.02925000000000005,0.02320000000000003,0.006050000000000001,0.006500000000000001
hja2016_197,hja2016_169,sediment / soil,across habitats,0.9025,0.6171,0.14374999999999996,0.10405000000000005,0.0397,0.0399
hja2016_198,hja2016_169,sediment / soil,across habitats,0.7352,0.4375,0.05130000000000009,0.04220000000000008,0.009099999999999999,0.01015
hja2016_199,hja2016_169,sediment / soil,across habitats,0.725,0.47,0.07330000000000005,0.05935000000000005,0.013949999999999999,0.018149999999999996
hja2016_200,hja2016_169,sediment / soil,across habitats,0.7318,0.4614,0.054900000000000046,0.046000000000000034,0.0089,0.009449999999999998
hja2016_177,hja2016_170,sediment / sediment,within habitat,0.7103,0.3671,0.03230000000000005,0.03065000000000005,0.0016500000000000002,0.004549999999999999
hja2016_179,hja2016_170,sediment / sediment,within habitat,0.6606,0.3281,0.02455000000000004,0.021850000000000036,0.0026999999999999997,0.00515
hja2016_180,hja2016_170,sediment / sediment,within habitat,0.5987,0.3522,0.04320000000000011,0.034900000000000056,0.0083,0.01
hja2016_181,hja2016_170,sediment / sediment,within habitat,0.3449,0.1406,0.010299999999999986,0.010149999999999985,1.5e-4,0.00565
hja2016_193,hja2016_170,sediment / soil,across habitats,0.9448,0.7524,0.22229999999999972,0.15614999999999982,0.06615,0.06685
hja2016_194,hja2016_170,sediment / soil,across habitats,0.6888,0.4492,0.035850000000000055,0.03265000000000006,0.0032000000000000006,0.006149999999999998
hja2016_195,hja2016_170,sediment / soil,across habitats,0.9011,0.6639,0.1387499999999999,0.11029999999999991,0.028450000000000003,0.029
hja2016_196,hja2016_170,sediment / soil,across habitats,0.7472,0.4617,0.03685000000000005,0.031700000000000034,0.005150000000000001,0.005900000000000001
hja2016_197,hja2016_170,sediment / soil,across habitats,0.9324,0.6836,0.16904999999999992,0.12139999999999991,0.04765,0.04889999999999999
hja2016_198,hja2016_170,sediment / soil,across habitats,0.8206,0.5347,0.06815000000000004,0.0585500000000001,0.0096,0.01005
hja2016_199,hja2016_170,sediment / soil,across habitats,0.8773,0.6165,0.1320499999999999,0.08590000000000002,0.046150000000000004,0.04680000000000001
hja2016_200,hja2016_170,sediment / soil,across habitats,0.8043,0.5598,0.09215000000000002,0.05880000000000006,0.033350000000000005,0.033800000000000004
hja2016_179,hja2016_177,sediment / sediment,within habitat,0.6396,0.3274,0.03300000000000004,0.029450000000000028,0.0035499999999999998,0.008249999999999999
hja2016_180,hja2016_177,sediment / sediment,within habitat,0.7764,0.5023,0.07180000000000004,0.05740000000000011,0.014400000000000001,0.01695
hja2016_181,hja2016_177,sediment / sediment,within habitat,0.7085,0.3655,0.03500000000000005,0.03400000000000006,0.001,0.004
hja2016_193,hja2016_177,sediment / soil,across habitats,0.9217,0.715,0.1928999999999997,0.13169999999999984,0.0612,0.063
hja2016_194,hja2016_177,sediment / soil,across habitats,0.6479,0.3389,0.02395000000000001,0.021699999999999997,0.0022500000000000003,0.00355
hja2016_195,hja2016_177,sediment / soil,across habitats,0.8546,0.5908,0.10070000000000003,0.07300000000000005,0.027700000000000002,0.029650000000000003
hja2016_196,hja2016_177,sediment / soil,across habitats,0.7249,0.3968,0.030600000000000037,0.02345,0.007149999999999999,0.008650000000000001
hja2016_197,hja2016_177,sediment / soil,across habitats,0.9346,0.6712,0.17299999999999965,0.1258999999999999,0.0471,0.04725000000000001
hja2016_198,hja2016_177,sediment / soil,across habitats,0.7702,0.4406,0.040000000000000084,0.02935000000000001,0.010650000000000003,0.011800000000000005
hja2016_199,hja2016_177,sediment / soil,across habitats,0.8096,0.5335,0.08790000000000003,0.06360000000000011,0.024300000000000002,0.024550000000000002
hja2016_200,hja2016_177,sediment / soil,across habitats,0.7671,0.445,0.03635000000000005,0.03160000000000003,0.00475,0.0049
hja2016_180,hja2016_179,sediment / sediment,within habitat,0.709,0.4306,0.04685000000000008,0.036650000000000085,0.010200000000000002,0.011400000000000004
hja2016_181,hja2016_179,sediment / sediment,within habitat,0.6569,0.3104,0.02275000000000002,0.020050000000000023,0.0027,0.006149999999999999
hja2016_193,hja2016_179,sediment / soil,across habitats,0.9351,0.7579,0.22634999999999955,0.1518999999999997,0.07444999999999997,0.07499999999999998
hja2016_194,hja2016_179,sediment / soil,across habitats,0.7209,0.4201,0.04530000000000005,0.040300000000000044,0.004999999999999999,0.006449999999999998
hja2016_195,hja2016_179,sediment / soil,across habitats,0.9,0.6579,0.1448499999999998,0.11359999999999994,0.03125,0.0322
hja2016_196,hja2016_179,sediment / soil,across habitats,0.7806,0.4653,0.060750000000000075,0.048250000000000064,0.0125,0.013000000000000003
hja2016_197,hja2016_179,sediment / soil,across habitats,0.9385,0.7004,0.18454999999999983,0.1530499999999998,0.03150000000000001,0.03180000000000001
hja2016_198,hja2016_179,sediment / soil,across habitats,0.8211,0.5123,0.08350000000000002,0.06690000000000004,0.0166,0.017249999999999998
hja2016_199,hja2016_179,sediment / soil,across habitats,0.8682,0.6064,0.15119999999999975,0.10070000000000003,0.0505,0.051699999999999996
hja2016_200,hja2016_179,sediment / soil,across habitats,0.8172,0.5332,0.09009999999999997,0.07400000000000005,0.0161,0.01665
hja2016_181,hja2016_180,sediment / sediment,within habitat,0.6005,0.3547,0.04045000000000008,0.029500000000000054,0.010950000000000001,0.01295
hja2016_193,hja2016_180,sediment / soil,across habitats,0.9599,0.7981,0.30624999999999936,0.19604999999999967,0.1102,0.11085000000000002
hja2016_194,hja2016_180,sediment / soil,across habitats,0.8106,0.5674,0.07085000000000005,0.059300000000000075,0.011550000000000001,0.01195
hja2016_195,hja2016_180,sediment / soil,across habitats,0.9419,0.7353,0.2169999999999997,0.1484999999999998,0.06850000000000002,0.06915000000000002
hja2016_196,hja2016_180,sediment / soil,across habitats,0.8162,0.5604,0.07515000000000001,0.054000000000000076,0.021150000000000002,0.02155
hja2016_197,hja2016_180,sediment / soil,across habitats,0.9432,0.7307,0.22234999999999971,0.13319999999999987,0.08915,0.08915
hja2016_198,hja2016_180,sediment / soil,across habitats,0.8867,0.6388,0.15149999999999975,0.08985000000000004,0.061649999999999996,0.06185
hja2016_199,hja2016_180,sediment / soil,across habitats,0.9133,0.6861,0.23459999999999975,0.13135000000000002,0.10325000000000001,0.10395000000000001
hja2016_200,hja2016_180,sediment / soil,across habitats,0.8936,0.67490000000000006,0.16909999999999975,0.09824999999999996,0.07085,0.07119999999999999
hja2016_193,hja2016_181,sediment / soil,across habitats,0.9445,0.7501,0.22469999999999976,0.14924999999999988,0.07545,0.0765
hja2016_194,hja2016_181,sediment / soil,across habitats,0.6855,0.44,0.03470000000000005,0.032250000000000056,0.00245,0.0045
hja2016_195,hja2016_181,sediment / soil,across habitats,0.8981,0.6616,0.13129999999999986,0.09954999999999999,0.031749999999999994,0.03264999999999999
hja2016_196,hja2016_181,sediment / soil,across habitats,0.7337,0.4471,0.03700000000000005,0.030000000000000027,0.007,0.0077
hja2016_197,hja2016_181,sediment / soil,across habitats,0.9291,0.6797,0.1631499999999998,0.11804999999999996,0.0451,0.0466
hja2016_198,hja2016_181,sediment / soil,across habitats,0.8082,0.5219,0.06265000000000012,0.05230000000000014,0.01035,0.010650000000000001
hja2016_199,hja2016_181,sediment / soil,across habitats,0.8738,0.611,0.1335999999999999,0.08405000000000004,0.049550000000000004,0.049550000000000004
hja2016_200,hja2016_181,sediment / soil,across habitats,0.7979,0.5507,0.09269999999999996,0.05725000000000006,0.03545,0.03595
hja2016_194,hja2016_193,soil / soil,within habitat,0.8929,0.6689,0.15109999999999976,0.11229999999999989,0.03880000000000001,0.038950000000000005
hja2016_195,hja2016_193,soil / soil,within habitat,0.7235,0.4672,0.0411000000000001,0.03525000000000007,0.00585,0.00835
hja2016_196,hja2016_193,soil / soil,within habitat,0.7784,0.5216,0.07295000000000003,0.053750000000000096,0.019200000000000002,0.020050000000000005
hja2016_197,hja2016_193,soil / soil,within habitat,0.8814,0.5785,0.08050000000000004,0.058200000000000064,0.022300000000000004,0.022550000000000004
hja2016_198,hja2016_193,soil / soil,within habitat,0.8215,0.5714,0.08255000000000007,0.06665000000000014,0.015900000000000004,0.016550000000000006
hja2016_199,hja2016_193,soil / soil,within habitat,0.6694,0.4365,0.043950000000000065,0.036400000000000064,0.007549999999999999,0.00935
hja2016_200,hja2016_193,soil / soil,within habitat,0.8235,0.5836,0.09994999999999986,0.06115000000000011,0.038800000000000015,0.03910000000000002
hja2016_195,hja2016_194,soil / soil,within habitat,0.7898,0.5172,0.06320000000000013,0.05580000000000012,0.0073999999999999995,0.00785
hja2016_196,hja2016_194,soil / soil,within habitat,0.6197,0.3142,0.023050000000000008,0.021550000000000003,0.0015,0.0024
hja2016_197,hja2016_194,soil / soil,within habitat,0.8917,0.6259,0.14784999999999984,0.11989999999999987,0.027950000000000006,0.02940000000000001
hja2016_198,hja2016_194,soil / soil,within habitat,0.6508,0.3301,0.03005000000000007,0.023800000000000026,0.00625,0.0076
hja2016_199,hja2016_194,soil / soil,within habitat,0.7519,0.4741,0.07255000000000006,0.05625000000000009,0.016300000000000002,0.01735
hja2016_200,hja2016_194,soil / soil,within habitat,0.6025,0.3157,0.021350000000000025,0.019250000000000007,0.0021000000000000003,0.0038499999999999997
hja2016_196,hja2016_195,soil / soil,within habitat,0.7052,0.4092,0.03270000000000003,0.027700000000000016,0.005000000000000001,0.0061
hja2016_197,hja2016_195,soil / soil,within habitat,0.8997,0.6329,0.09454999999999997,0.06790000000000007,0.026650000000000004,0.026650000000000004
hja2016_198,hja2016_195,soil / soil,within habitat,0.7049,0.3969,0.03490000000000007,0.03125000000000004,0.0036499999999999996,0.00425
hja2016_199,hja2016_195,soil / soil,within habitat,0.4936,0.2548,0.01639999999999999,0.014899999999999984,0.0015,0.0069
hja2016_200,hja2016_195,soil / soil,within habitat,0.6779,0.3967,0.034300000000000073,0.02755000000000005,0.00675,0.00785
hja2016_197,hja2016_196,soil / soil,within habitat,0.8488,0.5138,0.08289999999999996,0.06295000000000008,0.019950000000000002,0.02045
hja2016_198,hja2016_196,soil / soil,within habitat,0.6319,0.2998,0.018549999999999997,0.017349999999999994,0.0012000000000000001,0.0020499999999999997
hja2016_199,hja2016_196,soil / soil,within habitat,0.653,0.3444,0.03120000000000004,0.02535000000000001,0.00585,0.0074
hja2016_200,hja2016_196,soil / soil,within habitat,0.6213,0.3435,0.02195000000000002,0.018050000000000007,0.0039000000000000007,0.004250000000000001
hja2016_198,hja2016_197,soil / soil,within habitat,0.8528,0.5503,0.10120000000000001,0.08025000000000009,0.02095,0.021300000000000003
hja2016_199,hja2016_197,soil / soil,within habitat,0.8855,0.6034,0.10149999999999997,0.07205000000000006,0.029450000000000004,0.029650000000000003
hja2016_200,hja2016_197,soil / soil,within habitat,0.8654,0.5884,0.11644999999999982,0.0767000000000001,0.03975000000000001,0.040850000000000004
hja2016_199,hja2016_198,soil / soil,within habitat,0.6489,0.3552,0.03270000000000005,0.028000000000000035,0.004699999999999999,0.0053
hja2016_200,hja2016_198,soil / soil,within habitat,0.5761,0.2859,0.018750000000000003,0.017650000000000002,0.0010999999999999998,0.00245
hja2016_200,hja2016_199,soil / soil,within habitat,0.6823,0.4124,0.04865000000000009,0.03320000000000007,0.01545,0.0157
