habitat,metric,sample_1,sample_2,site_1,site_2,group_1,group_2,same_group,same_segment,geographic_distance_km,raw_dissimilarity,corrected_dissimilarity
sediment,bray,hja2016_127,hja2016_129,60,72,Headwater,Intermediate,FALSE,FALSE,2.352434526013626,0.5599,0.5599000000000001
sediment,bray,hja2016_127,hja2016_131,60,74,Headwater,Headwater,TRUE,FALSE,2.2954425709323405,0.5656,0.5656000000000001
sediment,bray,hja2016_129,hja2016_131,72,74,Intermediate,Headwater,FALSE,FALSE,1.7372916885056047,0.3832,0.38320000000000015
sediment,bray,hja2016_127,hja2016_132,60,84,Headwater,Intermediate,FALSE,FALSE,2.2042619708307414,0.6622,0.6622000000000001
sediment,bray,hja2016_129,hja2016_132,72,84,Intermediate,Intermediate,TRUE,FALSE,4.186892954129695,0.631,0.6310000000000001
sediment,bray,hja2016_131,hja2016_132,74,84,Headwater,Intermediate,FALSE,FALSE,3.171655951768841,0.6249,0.6249000000000001
sediment,bray,hja2016_127,hja2016_133,60,161,Headwater,Mainstem,FALSE,FALSE,6.463695748242083,0.7127,0.7127000000000001
sediment,bray,hja2016_129,hja2016_133,72,161,Intermediate,Mainstem,FALSE,FALSE,5.474037198788051,0.666,0.6660000000000001
sediment,bray,hja2016_131,hja2016_133,74,161,Headwater,Mainstem,FALSE,FALSE,4.237184346779455,0.668,0.6680000000000001
sediment,bray,hja2016_132,hja2016_133,84,161,Intermediate,Mainstem,FALSE,FALSE,6.391076683930805,0.6285,0.6285000000000001
sediment,bray,hja2016_127,hja2016_135,60,169,Headwater,Headwater,TRUE,FALSE,4.032445875301082,0.6514,0.6514000000000001
sediment,bray,hja2016_129,hja2016_135,72,169,Intermediate,Headwater,FALSE,FALSE,6.382709974600693,0.6144,0.6144000000000001
sediment,bray,hja2016_131,hja2016_135,74,169,Headwater,Headwater,TRUE,FALSE,5.84477139048275,0.6168,0.6168000000000001
sediment,bray,hja2016_132,hja2016_135,84,169,Intermediate,Headwater,FALSE,FALSE,2.8645898823570413,0.3488,0.34880000000000017
sediment,bray,hja2016_133,hja2016_135,161,169,Mainstem,Headwater,FALSE,FALSE,9.242344289612321,0.6201,0.6201000000000001
sediment,bray,hja2016_127,hja2016_136,60,190,Headwater,Headwater,TRUE,FALSE,3.322597311303422,0.6088,0.6088000000000001
sediment,bray,hja2016_129,hja2016_136,72,190,Intermediate,Headwater,FALSE,FALSE,2.7459765066542707,0.5629,0.5629000000000001
sediment,bray,hja2016_131,hja2016_136,74,190,Headwater,Headwater,TRUE,FALSE,1.1516999787401894,0.5694,0.5694000000000001
sediment,bray,hja2016_132,hja2016_136,84,190,Intermediate,Headwater,FALSE,FALSE,3.6125541207656098,0.6633,0.6633000000000001
sediment,bray,hja2016_133,hja2016_136,161,190,Mainstem,Headwater,FALSE,FALSE,3.1413769847682933,0.7382,0.7382000000000001
sediment,bray,hja2016_135,hja2016_136,169,190,Headwater,Headwater,TRUE,FALSE,6.448288710767753,0.6547,0.6547000000000001
sediment,bray,hja2016_127,hja2016_139,60,CC-2,Headwater,Headwater,TRUE,FALSE,2.763153201828433,0.6063,0.6063000000000001
sediment,bray,hja2016_129,hja2016_139,72,CC-2,Intermediate,Headwater,FALSE,FALSE,3.6730681090015116,0.5782,0.5782000000000002
sediment,bray,hja2016_131,hja2016_139,74,CC-2,Headwater,Headwater,TRUE,FALSE,4.681931632833683,0.5787,0.5787000000000001
sediment,bray,hja2016_132,hja2016_139,84,CC-2,Intermediate,Headwater,FALSE,FALSE,4.595735463458007,0.6707,0.6707000000000001
sediment,bray,hja2016_133,hja2016_139,161,CC-2,Mainstem,Headwater,FALSE,FALSE,8.902178898357297,0.7255,0.7255000000000001
sediment,bray,hja2016_135,hja2016_139,169,CC-2,Headwater,Headwater,TRUE,FALSE,4.954525385141729,0.6637,0.6637000000000001
sediment,bray,hja2016_136,hja2016_139,190,CC-2,Headwater,Headwater,TRUE,FALSE,5.82399982964724,0.6388,0.6388000000000001
sediment,bray,hja2016_127,hja2016_140,60,CC-3,Headwater,Headwater,TRUE,FALSE,2.7950533010383585,0.5621,0.5621000000000002
sediment,bray,hja2016_129,hja2016_140,72,CC-3,Intermediate,Headwater,FALSE,FALSE,3.7283245847888113,0.5474,0.5474000000000001
sediment,bray,hja2016_131,hja2016_140,74,CC-3,Headwater,Headwater,TRUE,FALSE,4.728324254281637,0.554,0.5540000000000002
sediment,bray,hja2016_132,hja2016_140,84,CC-3,Intermediate,Headwater,FALSE,FALSE,4.609284590249324,0.6574,0.6574000000000001
sediment,bray,hja2016_133,hja2016_140,161,CC-3,Mainstem,Headwater,FALSE,FALSE,8.95045194487282,0.7069,0.7069000000000001
sediment,bray,hja2016_135,hja2016_140,169,CC-3,Headwater,Headwater,TRUE,FALSE,4.933688578642265,0.6531,0.6531000000000001
sediment,bray,hja2016_136,hja2016_140,190,CC-3,Headwater,Headwater,TRUE,FALSE,5.869370848255799,0.3779,0.3779000000000002
sediment,bray,hja2016_139,hja2016_140,CC-2,CC-3,Headwater,Headwater,TRUE,TRUE,0.05779883149934886,0.6371,0.6371000000000001
sediment,bray,hja2016_127,hja2016_141,60,CC-4,Headwater,Headwater,TRUE,FALSE,2.9018513427575088,0.6084,0.6084000000000002
sediment,bray,hja2016_129,hja2016_141,72,CC-4,Intermediate,Headwater,FALSE,FALSE,3.8571116034837156,0.5615,0.5615000000000001
sediment,bray,hja2016_131,hja2016_141,74,CC-4,Headwater,Headwater,TRUE,FALSE,4.852965358491444,0.5706,0.5706000000000001
sediment,bray,hja2016_132,hja2016_141,84,CC-4,Intermediate,Headwater,FALSE,FALSE,4.6845066639041,0.6524,0.6524000000000001
sediment,bray,hja2016_133,hja2016_141,161,CC-4,Mainstem,Headwater,FALSE,FALSE,9.076698353243527,0.7255,0.7255000000000001
sediment,bray,hja2016_135,hja2016_141,169,CC-4,Headwater,Headwater,TRUE,FALSE,4.935960393936545,0.6449,0.6449000000000001
sediment,bray,hja2016_136,hja2016_141,190,CC-4,Headwater,Headwater,TRUE,FALSE,5.9929439074724895,0.3352,0.3352000000000002
sediment,bray,hja2016_139,hja2016_141,CC-2,CC-4,Headwater,Headwater,TRUE,TRUE,0.18422269766237356,0.6423,0.6423000000000001
sediment,bray,hja2016_140,hja2016_141,CC-3,CC-4,Headwater,Headwater,TRUE,TRUE,0.12911439707109926,0.3839,0.3839000000000002
sediment,bray,hja2016_127,hja2016_142,60,KC-1,Headwater,Intermediate,FALSE,FALSE,5.701460406156321,0.65,0.6500000000000001
sediment,bray,hja2016_129,hja2016_142,72,KC-1,Intermediate,Intermediate,TRUE,FALSE,4.539921638976088,0.5969,0.5969000000000001
sediment,bray,hja2016_131,hja2016_142,74,KC-1,Headwater,Intermediate,FALSE,FALSE,3.4243031820629675,0.6017,0.6017000000000001
sediment,bray,hja2016_132,hja2016_142,84,KC-1,Intermediate,Intermediate,TRUE,FALSE,5.894390991169737,0.7156,0.7156
sediment,bray,hja2016_133,hja2016_142,161,KC-1,Mainstem,Intermediate,FALSE,FALSE,0.9750635992294102,0.789,0.7890000000000001
sediment,bray,hja2016_135,hja2016_142,169,KC-1,Headwater,Intermediate,FALSE,FALSE,8.758566672910025,0.703,0.7030000000000001
sediment,bray,hja2016_136,hja2016_142,190,KC-1,Headwater,Intermediate,FALSE,FALSE,2.4117164536853775,0.6079,0.6079000000000001
sediment,bray,hja2016_139,hja2016_142,CC-2,KC-1,Headwater,Intermediate,FALSE,FALSE,8.036943367849704,0.6175,0.6175000000000002
sediment,bray,hja2016_140,hja2016_142,CC-3,KC-1,Headwater,Intermediate,FALSE,FALSE,8.086837987698186,0.628,0.6280000000000001
sediment,bray,hja2016_141,hja2016_142,CC-4,KC-1,Headwater,Intermediate,FALSE,FALSE,8.214339964730042,0.6075,0.6075000000000002
sediment,bray,hja2016_127,hja2016_144,60,KC-3,Headwater,Intermediate,FALSE,FALSE,5.7543136239532675,0.6704,0.6704000000000001
sediment,bray,hja2016_129,hja2016_144,72,KC-3,Intermediate,Intermediate,TRUE,FALSE,4.5454042821624805,0.629,0.6290000000000001
sediment,bray,hja2016_131,hja2016_144,74,KC-3,Headwater,Intermediate,FALSE,FALSE,3.4705867076875863,0.6336,0.6336000000000002
sediment,bray,hja2016_132,hja2016_144,84,KC-3,Intermediate,Intermediate,TRUE,FALSE,5.984368868135459,0.7413,0.7413000000000001
sediment,bray,hja2016_133,hja2016_144,161,KC-3,Mainstem,Intermediate,FALSE,FALSE,1.0168036579996018,0.8016,0.8016000000000001
sediment,bray,hja2016_135,hja2016_144,169,KC-3,Headwater,Intermediate,FALSE,FALSE,8.847789295139082,0.7338,0.7338000000000001
sediment,bray,hja2016_136,hja2016_144,190,KC-3,Headwater,Intermediate,FALSE,FALSE,2.4791972694927518,0.6429,0.6429000000000001
sediment,bray,hja2016_139,hja2016_144,CC-2,KC-3,Headwater,Intermediate,FALSE,FALSE,8.064286689521015,0.6612,0.6612000000000001
sediment,bray,hja2016_140,hja2016_144,CC-3,KC-3,Headwater,Intermediate,FALSE,FALSE,8.114607378073323,0.6619,0.6619000000000002
sediment,bray,hja2016_141,hja2016_144,CC-4,KC-3,Headwater,Intermediate,FALSE,FALSE,8.24239311599027,0.6479,0.6479000000000001
sediment,bray,hja2016_142,hja2016_144,KC-1,KC-3,Intermediate,Intermediate,TRUE,TRUE,0.12258332973601514,0.5336,0.5336000000000001
sediment,bray,hja2016_127,hja2016_145,60,155,Headwater,Headwater,TRUE,FALSE,1.8920266403217012,0.563,0.5630000000000001
sediment,bray,hja2016_129,hja2016_145,72,155,Intermediate,Headwater,FALSE,FALSE,1.3651393306354915,0.3631,0.3631000000000002
sediment,bray,hja2016_131,hja2016_145,74,155,Headwater,Headwater,TRUE,FALSE,0.5061248598635163,0.3839,0.3839000000000002
sediment,bray,hja2016_132,hja2016_145,84,155,Intermediate,Headwater,FALSE,FALSE,3.0988282967207863,0.6229,0.6229000000000001
sediment,bray,hja2016_133,hja2016_145,161,155,Mainstem,Headwater,FALSE,FALSE,4.726431511646313,0.6716,0.6716000000000001
sediment,bray,hja2016_135,hja2016_145,169,155,Headwater,Headwater,TRUE,FALSE,5.636640726344769,0.6129,0.6129000000000001
sediment,bray,hja2016_136,hja2016_145,190,155,Headwater,Headwater,TRUE,FALSE,1.6578185194821493,0.5623,0.5623000000000001
sediment,bray,hja2016_139,hja2016_145,CC-2,155,Headwater,Headwater,TRUE,FALSE,4.182209950631144,0.5688,0.5688000000000001
sediment,bray,hja2016_140,hja2016_145,CC-3,155,Headwater,Headwater,TRUE,FALSE,4.229231388321558,0.5504,0.5504000000000001
sediment,bray,hja2016_141,hja2016_145,CC-4,155,Headwater,Headwater,TRUE,FALSE,4.354488163811451,0.5665,0.5665000000000001
sediment,bray,hja2016_142,hja2016_145,KC-1,155,Intermediate,Headwater,FALSE,FALSE,3.892757701293267,0.5968,0.5968000000000001
sediment,bray,hja2016_144,hja2016_145,KC-3,155,Intermediate,Headwater,FALSE,FALSE,3.9328283491036142,0.6295,0.6295000000000001
sediment,bray,hja2016_127,hja2016_146,60,156,Headwater,Mainstem,FALSE,FALSE,1.6883344527400823,0.5866,0.5866000000000001
sediment,bray,hja2016_129,hja2016_146,72,156,Intermediate,Mainstem,FALSE,FALSE,1.1323289049593568,0.5564,0.5564000000000001
sediment,bray,hja2016_131,hja2016_146,74,156,Headwater,Mainstem,FALSE,FALSE,0.8473804198788037,0.5721,0.5721000000000002
sediment,bray,hja2016_132,hja2016_146,84,156,Intermediate,Mainstem,FALSE,FALSE,3.141797753978806,0.6785,0.6785000000000001
sediment,bray,hja2016_133,hja2016_146,161,156,Mainstem,Mainstem,TRUE,FALSE,5.046713619199337,0.7213,0.7213000000000002
sediment,bray,hja2016_135,hja2016_146,169,156,Headwater,Mainstem,FALSE,FALSE,5.562214334068418,0.6708,0.6708000000000001
sediment,bray,hja2016_136,hja2016_146,190,156,Headwater,Mainstem,FALSE,FALSE,1.9981892624929278,0.3978,0.39780000000000015
sediment,bray,hja2016_139,hja2016_146,CC-2,156,Headwater,Mainstem,FALSE,FALSE,3.8561239081036267,0.6412,0.6412000000000001
sediment,bray,hja2016_140,hja2016_146,CC-3,156,Headwater,Mainstem,FALSE,FALSE,3.9040276330604,0.37,0.37000000000000016
sediment,bray,hja2016_141,hja2016_146,CC-4,156,Headwater,Mainstem,FALSE,FALSE,4.030078835811945,0.413,0.41300000000000014
sediment,bray,hja2016_142,hja2016_146,KC-1,156,Intermediate,Mainstem,FALSE,FALSE,4.197454084098257,0.6448,0.6448000000000002
sediment,bray,hja2016_144,hja2016_146,KC-3,156,Intermediate,Mainstem,FALSE,FALSE,4.232869288893797,0.6795,0.6795000000000001
sediment,bray,hja2016_145,hja2016_146,155,156,Headwater,Mainstem,FALSE,FALSE,0.3431116459265739,0.5617,0.5617000000000001
sediment,bray,hja2016_127,hja2016_147,60,163,Headwater,Mainstem,FALSE,FALSE,8.087840948385834,0.7042,0.7042000000000002
sediment,bray,hja2016_129,hja2016_147,72,163,Intermediate,Mainstem,FALSE,FALSE,6.826733007213743,0.6518,0.6518000000000002
sediment,bray,hja2016_131,hja2016_147,74,163,Headwater,Mainstem,FALSE,FALSE,5.812042782449695,0.6517,0.6517000000000001
sediment,bray,hja2016_132,hja2016_147,84,163,Intermediate,Mainstem,FALSE,FALSE,8.129420621809267,0.6129,0.6129000000000001
sediment,bray,hja2016_133,hja2016_147,161,163,Mainstem,Mainstem,TRUE,FALSE,1.7418099846059318,0.3377,0.3377000000000002
sediment,bray,hja2016_135,hja2016_147,169,163,Headwater,Mainstem,FALSE,FALSE,10.983242958639073,0.5964,0.5964000000000002
sediment,bray,hja2016_136,hja2016_147,190,163,Headwater,Mainstem,FALSE,FALSE,4.78237690340892,0.723,0.7230000000000001
sediment,bray,hja2016_139,hja2016_147,CC-2,163,Headwater,Mainstem,FALSE,FALSE,10.39713464093706,0.7129,0.7129000000000001
sediment,bray,hja2016_140,hja2016_147,CC-3,163,Headwater,Mainstem,FALSE,FALSE,10.448136572435027,0.6965,0.6965000000000001
sediment,bray,hja2016_141,hja2016_147,CC-4,163,Headwater,Mainstem,FALSE,FALSE,10.57632335871193,0.7156,0.7156
sediment,bray,hja2016_142,hja2016_147,KC-1,163,Intermediate,Mainstem,FALSE,FALSE,2.3880480077401316,0.7778,0.7778000000000002
sediment,bray,hja2016_144,hja2016_147,KC-3,163,Intermediate,Mainstem,FALSE,FALSE,2.344003348262344,0.8007,0.8007000000000001
sediment,bray,hja2016_145,hja2016_147,155,163,Headwater,Mainstem,FALSE,FALSE,6.276816552078394,0.6508,0.6508000000000002
sediment,bray,hja2016_146,hja2016_147,156,163,Mainstem,Mainstem,TRUE,FALSE,6.575881272920605,0.7056,0.7056000000000001
sediment,bray,hja2016_127,hja2016_148,60,165,Headwater,Headwater,TRUE,FALSE,2.984470013246444,0.5971,0.5971000000000001
sediment,bray,hja2016_129,hja2016_148,72,165,Intermediate,Headwater,FALSE,FALSE,4.054367161354285,0.5805,0.5805000000000001
sediment,bray,hja2016_131,hja2016_148,74,165,Headwater,Headwater,TRUE,FALSE,2.486092531866686,0.5765,0.5765000000000001
sediment,bray,hja2016_132,hja2016_148,84,165,Intermediate,Headwater,FALSE,FALSE,1.740573584418037,0.6697,0.6697000000000001
sediment,bray,hja2016_133,hja2016_148,161,165,Mainstem,Headwater,FALSE,FALSE,4.738210842389866,0.7318,0.7318
sediment,bray,hja2016_135,hja2016_148,169,165,Headwater,Headwater,TRUE,FALSE,4.523547346559587,0.6609,0.6609000000000002
sediment,bray,hja2016_136,hja2016_148,190,165,Headwater,Headwater,TRUE,FALSE,2.3569016400935383,0.6333,0.6333000000000001
sediment,bray,hja2016_139,hja2016_148,CC-2,165,Headwater,Headwater,TRUE,FALSE,5.727507002970926,0.3495,0.3495000000000002
sediment,bray,hja2016_140,hja2016_148,CC-3,165,Headwater,Headwater,TRUE,FALSE,5.754882770679832,0.6365,0.6365000000000001
sediment,bray,hja2016_141,hja2016_148,CC-4,165,Headwater,Headwater,TRUE,FALSE,5.8538088684644185,0.6368,0.6368000000000001
sediment,bray,hja2016_142,hja2016_148,KC-1,165,Intermediate,Headwater,FALSE,FALSE,4.353465740672919,0.6084,0.6084000000000002
sediment,bray,hja2016_144,hja2016_148,KC-3,165,Intermediate,Headwater,FALSE,FALSE,4.455602370531951,0.6499,0.6499000000000001
sediment,bray,hja2016_145,hja2016_148,155,165,Headwater,Headwater,TRUE,FALSE,2.7034880111640116,0.5748,0.5748000000000001
sediment,bray,hja2016_146,hja2016_148,156,165,Mainstem,Headwater,FALSE,FALSE,2.9277219632984433,0.6478,0.6478000000000002
sediment,bray,hja2016_147,hja2016_148,163,165,Mainstem,Headwater,FALSE,FALSE,6.479521327490033,0.7169,0.7169
sediment,bray,hja2016_127,hja2016_150,60,53,Headwater,Intermediate,FALSE,FALSE,0.843941994251911,0.526,0.5260000000000001
sediment,bray,hja2016_129,hja2016_150,72,53,Intermediate,Intermediate,TRUE,FALSE,2.318232367399254,0.5299,0.5299000000000001
sediment,bray,hja2016_131,hja2016_150,74,53,Headwater,Intermediate,FALSE,FALSE,2.8262730679177457,0.541,0.5410000000000001
sediment,bray,hja2016_132,hja2016_150,84,53,Intermediate,Intermediate,TRUE,FALSE,2.9608604590907506,0.6697,0.6697000000000001
sediment,bray,hja2016_133,hja2016_150,161,53,Mainstem,Intermediate,FALSE,FALSE,7.061635319859565,0.7366,0.7366000000000001
sediment,bray,hja2016_135,hja2016_150,169,53,Headwater,Intermediate,FALSE,FALSE,4.338681171298033,0.6604,0.6604000000000001
sediment,bray,hja2016_136,hja2016_150,190,53,Headwater,Intermediate,FALSE,FALSE,3.9377053512288027,0.4578,0.45780000000000015
sediment,bray,hja2016_139,hja2016_150,CC-2,53,Headwater,Intermediate,FALSE,FALSE,1.9555130355457107,0.5803,0.5803000000000001
sediment,bray,hja2016_140,hja2016_150,CC-3,53,Headwater,Intermediate,FALSE,FALSE,1.9924229875338328,0.4453,0.44530000000000014
sediment,bray,hja2016_141,hja2016_150,CC-4,53,Headwater,Intermediate,FALSE,FALSE,2.106696937522007,0.4653,0.46530000000000016
sediment,bray,hja2016_142,hja2016_150,KC-1,53,Intermediate,Intermediate,TRUE,FALSE,6.243572518432499,0.5783,0.5783000000000001
sediment,bray,hja2016_144,hja2016_150,KC-3,53,Intermediate,Intermediate,TRUE,FALSE,6.284093009766845,0.6133,0.6133000000000001
sediment,bray,hja2016_145,hja2016_150,155,53,Headwater,Intermediate,FALSE,FALSE,2.351279158079764,0.5364,0.5364000000000001
sediment,bray,hja2016_146,hja2016_150,156,53,Mainstem,Intermediate,FALSE,FALSE,2.0611285165813715,0.451,0.4510000000000002
sediment,bray,hja2016_147,hja2016_150,163,53,Mainstem,Intermediate,FALSE,FALSE,8.628089275204509,0.7206,0.7206
sediment,bray,hja2016_148,hja2016_150,165,53,Headwater,Intermediate,FALSE,FALSE,3.82637423445771,0.5768,0.5768000000000001
sediment,bray,hja2016_127,hja2016_151,60,64,Headwater,Headwater,TRUE,FALSE,4.4702604988722365,0.7172,0.7172000000000001
sediment,bray,hja2016_129,hja2016_151,72,64,Intermediate,Headwater,FALSE,FALSE,4.107162891729807,0.6698,0.6698000000000001
sediment,bray,hja2016_131,hja2016_151,74,64,Headwater,Headwater,TRUE,FALSE,5.668804244272139,0.6678,0.6678000000000001
sediment,bray,hja2016_132,hja2016_151,84,64,Intermediate,Headwater,FALSE,FALSE,6.591817046999826,0.6309,0.6309000000000001
sediment,bray,hja2016_133,hja2016_151,161,64,Mainstem,Headwater,FALSE,FALSE,9.56408518964265,0.3754,0.37540000000000023
sediment,bray,hja2016_135,hja2016_151,169,64,Headwater,Headwater,TRUE,FALSE,7.267906460213701,0.616,0.6160000000000001
sediment,bray,hja2016_136,hja2016_151,190,64,Headwater,Headwater,TRUE,FALSE,6.787042159804198,0.7342,0.7342000000000001
sediment,bray,hja2016_139,hja2016_151,CC-2,64,Headwater,Headwater,TRUE,FALSE,2.314805977070016,0.7292,0.7292000000000001
sediment,bray,hja2016_140,hja2016_151,CC-3,64,Headwater,Headwater,TRUE,FALSE,2.338800087405425,0.7082,0.7082000000000002
sediment,bray,hja2016_141,hja2016_151,CC-4,64,Headwater,Headwater,TRUE,FALSE,2.3515519483779084,0.7232,0.7232000000000001
sediment,bray,hja2016_142,hja2016_151,KC-1,64,Intermediate,Headwater,FALSE,FALSE,8.61336977942981,0.7863,0.7863000000000001
sediment,bray,hja2016_144,hja2016_151,KC-3,64,Intermediate,Headwater,FALSE,FALSE,8.607776917678327,0.8041,0.8041000000000001
sediment,bray,hja2016_145,hja2016_151,155,64,Headwater,Headwater,TRUE,FALSE,5.181163372418487,0.6728,0.6728000000000001
sediment,bray,hja2016_146,hja2016_151,156,64,Mainstem,Headwater,FALSE,FALSE,4.842127430350659,0.7184,0.7184000000000001
sediment,bray,hja2016_147,hja2016_151,163,64,Mainstem,Headwater,FALSE,FALSE,10.818339772798577,0.3677,0.36770000000000025
sediment,bray,hja2016_148,hja2016_151,165,64,Headwater,Headwater,TRUE,FALSE,7.384166429099786,0.7299,0.7299000000000001
sediment,bray,hja2016_150,hja2016_151,53,64,Intermediate,Headwater,FALSE,FALSE,3.6474848698361915,0.7343,0.7343000000000001
sediment,bray,hja2016_127,hja2016_152,60,66,Headwater,Intermediate,FALSE,FALSE,0.7916979458552875,0.6398,0.6398000000000001
sediment,bray,hja2016_129,hja2016_152,72,66,Intermediate,Intermediate,TRUE,FALSE,2.185057958366337,0.6057,0.6057000000000001
sediment,bray,hja2016_131,hja2016_152,74,66,Headwater,Intermediate,FALSE,FALSE,2.6942531116037487,0.6206,0.6206000000000002
sediment,bray,hja2016_132,hja2016_152,84,66,Intermediate,Intermediate,TRUE,FALSE,2.9546204356213486,0.7267,0.7267000000000001
sediment,bray,hja2016_133,hja2016_152,161,66,Mainstem,Intermediate,FALSE,FALSE,6.9307551643013605,0.7455,0.7455000000000002
sediment,bray,hja2016_135,hja2016_152,169,66,Headwater,Intermediate,FALSE,FALSE,4.42497316486779,0.7147,0.7147000000000001
sediment,bray,hja2016_136,hja2016_152,190,66,Headwater,Intermediate,FALSE,FALSE,3.810551463420702,0.4973,0.49730000000000013
sediment,bray,hja2016_139,hja2016_152,CC-2,66,Headwater,Intermediate,FALSE,FALSE,2.059747136100822,0.6603,0.6603000000000001
sediment,bray,hja2016_140,hja2016_152,CC-3,66,Headwater,Intermediate,FALSE,FALSE,2.0986659976442885,0.501,0.5010000000000001
sediment,bray,hja2016_141,hja2016_152,CC-4,66,Headwater,Intermediate,FALSE,FALSE,2.2154264775977484,0.5223,0.5223000000000001
sediment,bray,hja2016_142,hja2016_152,KC-1,66,Intermediate,Intermediate,TRUE,FALSE,6.108982619084611,0.6245,0.6245000000000002
sediment,bray,hja2016_144,hja2016_152,KC-3,66,Intermediate,Intermediate,TRUE,FALSE,6.148763255310639,0.6686,0.6686000000000001
sediment,bray,hja2016_145,hja2016_152,155,66,Headwater,Intermediate,FALSE,FALSE,2.2162689701069906,0.6052,0.6052000000000001
sediment,bray,hja2016_146,hja2016_152,156,66,Mainstem,Intermediate,FALSE,FALSE,1.9232626657009106,0.4819,0.48190000000000016
sediment,bray,hja2016_147,hja2016_152,163,66,Mainstem,Intermediate,FALSE,FALSE,8.492757455369677,0.7298,0.7298000000000001
sediment,bray,hja2016_148,hja2016_152,165,66,Headwater,Intermediate,FALSE,FALSE,3.7583929179677247,0.6626,0.6626000000000001
sediment,bray,hja2016_150,hja2016_152,53,66,Intermediate,Intermediate,TRUE,FALSE,0.14064939629732148,0.4843,0.4843000000000001
sediment,bray,hja2016_151,hja2016_152,64,66,Headwater,Intermediate,FALSE,FALSE,3.67942837990649,0.7426,0.7426000000000001
sediment,bray,hja2016_127,hja2016_155,60,82,Headwater,Headwater,TRUE,FALSE,3.1598670967806424,0.6007,0.6007000000000001
sediment,bray,hja2016_129,hja2016_155,72,82,Intermediate,Headwater,FALSE,FALSE,3.9525618374875444,0.5807,0.5807000000000001
sediment,bray,hja2016_131,hja2016_155,74,82,Headwater,Headwater,TRUE,FALSE,2.296213901973802,0.5782,0.5782000000000002
sediment,bray,hja2016_132,hja2016_155,84,82,Intermediate,Headwater,FALSE,FALSE,2.1610584199442915,0.6744,0.6744000000000001
sediment,bray,hja2016_133,hja2016_155,161,82,Mainstem,Headwater,FALSE,FALSE,4.286943167849313,0.7282,0.7282000000000001
sediment,bray,hja2016_135,hja2016_155,169,82,Headwater,Headwater,TRUE,FALSE,4.968950507720613,0.6648,0.6648000000000001
sediment,bray,hja2016_136,hja2016_155,190,82,Headwater,Headwater,TRUE,FALSE,1.9931048946836045,0.6368,0.6368000000000001
sediment,bray,hja2016_139,hja2016_155,CC-2,82,Headwater,Headwater,TRUE,FALSE,5.92227473640122,0.3628,0.36280000000000023
sediment,bray,hja2016_140,hja2016_155,CC-3,82,Headwater,Headwater,TRUE,FALSE,5.953129151079172,0.6398,0.6398000000000001
sediment,bray,hja2016_141,hja2016_155,CC-4,82,Headwater,Headwater,TRUE,FALSE,6.057506744377992,0.6411,0.6411000000000001
sediment,bray,hja2016_142,hja2016_155,KC-1,82,Intermediate,Headwater,FALSE,FALSE,3.907295164848863,0.6114,0.6114000000000002
sediment,bray,hja2016_144,hja2016_155,KC-3,82,Intermediate,Headwater,FALSE,FALSE,4.010630777723462,0.6558,0.6558000000000002
sediment,bray,hja2016_145,hja2016_155,155,82,Headwater,Headwater,TRUE,FALSE,2.5874879010204865,0.5831,0.5831000000000001
sediment,bray,hja2016_146,hja2016_155,156,82,Mainstem,Headwater,FALSE,FALSE,2.850196389644038,0.6463,0.6463000000000001
sediment,bray,hja2016_147,hja2016_155,163,82,Mainstem,Headwater,FALSE,FALSE,6.028425582438306,0.7152,0.7152000000000001
sediment,bray,hja2016_148,hja2016_155,165,82,Headwater,Headwater,TRUE,FALSE,0.45183179141541635,0.3609,0.36090000000000017
sediment,bray,hja2016_150,hja2016_155,53,82,Intermediate,Headwater,FALSE,FALSE,3.9885280307209876,0.5834,0.5834000000000001
sediment,bray,hja2016_151,hja2016_155,64,82,Headwater,Headwater,TRUE,FALSE,7.469977460860918,0.7313,0.7313000000000001
sediment,bray,hja2016_152,hja2016_155,66,82,Intermediate,Headwater,FALSE,FALSE,3.907476983902062,0.6624,0.6624000000000001
sediment,bray,hja2016_127,hja2016_157,60,43,Headwater,Headwater,TRUE,FALSE,0.43829673954452925,0.5523,0.5523000000000001
sediment,bray,hja2016_129,hja2016_157,72,43,Intermediate,Headwater,FALSE,FALSE,1.9330416318260826,0.6394,0.6394000000000001
sediment,bray,hja2016_131,hja2016_157,74,43,Headwater,Headwater,TRUE,FALSE,2.104517473733738,0.6444,0.6444000000000001
sediment,bray,hja2016_132,hja2016_157,84,43,Intermediate,Headwater,FALSE,FALSE,2.588975271772396,0.6957,0.6957000000000001
sediment,bray,hja2016_133,hja2016_157,161,43,Mainstem,Headwater,FALSE,FALSE,6.330734395453319,0.7414,0.7414000000000001
sediment,bray,hja2016_135,hja2016_157,169,43,Headwater,Headwater,TRUE,FALSE,4.461856850895007,0.6904,0.6904000000000001
sediment,bray,hja2016_136,hja2016_157,190,43,Headwater,Headwater,TRUE,FALSE,3.1990312708849933,0.6717,0.6717000000000001
sediment,bray,hja2016_139,hja2016_157,CC-2,43,Headwater,Headwater,TRUE,FALSE,2.6921524527435077,0.5555,0.5555000000000001
sediment,bray,hja2016_140,hja2016_157,CC-3,43,Headwater,Headwater,TRUE,FALSE,2.7312358203767375,0.6307,0.6307000000000001
sediment,bray,hja2016_141,hja2016_157,CC-4,43,Headwater,Headwater,TRUE,FALSE,2.8479142557566735,0.6685,0.6685000000000001
sediment,bray,hja2016_142,hja2016_157,KC-1,43,Intermediate,Headwater,FALSE,FALSE,5.528641893507325,0.717,0.717
sediment,bray,hja2016_144,hja2016_157,KC-3,43,Intermediate,Headwater,FALSE,FALSE,5.573499905597643,0.7497,0.7497000000000001
sediment,bray,hja2016_145,hja2016_157,155,43,Headwater,Headwater,TRUE,FALSE,1.649851378523625,0.6434,0.6434000000000001
sediment,bray,hja2016_146,hja2016_157,156,43,Mainstem,Headwater,FALSE,FALSE,1.3930020115369202,0.644,0.6440000000000001
sediment,bray,hja2016_147,hja2016_157,163,43,Mainstem,Headwater,FALSE,FALSE,7.916071059453279,0.7342,0.7342000000000001
sediment,bray,hja2016_148,hja2016_157,165,43,Headwater,Headwater,TRUE,FALSE,3.184298569352243,0.5585,0.5585000000000001
sediment,bray,hja2016_150,hja2016_157,53,43,Intermediate,Headwater,FALSE,FALSE,0.7467414187501219,0.5952,0.5952000000000001
sediment,bray,hja2016_151,hja2016_157,64,43,Headwater,Headwater,TRUE,FALSE,4.2048261934227975,0.7451,0.7451000000000001
sediment,bray,hja2016_152,hja2016_157,66,43,Intermediate,Headwater,FALSE,FALSE,0.6325793666328499,0.6931,0.6931000000000002
sediment,bray,hja2016_155,hja2016_157,82,43,Headwater,Headwater,TRUE,FALSE,3.3052503760474305,0.5556,0.5556000000000001
sediment,bray,hja2016_127,hja2016_159,60,49,Headwater,Mainstem,FALSE,FALSE,4.160430280666553,0.5517,0.5517000000000001
sediment,bray,hja2016_129,hja2016_159,72,49,Intermediate,Mainstem,FALSE,FALSE,3.609179882989723,0.5534,0.5534000000000001
sediment,bray,hja2016_131,hja2016_159,74,49,Headwater,Mainstem,FALSE,FALSE,2.054300913630195,0.564,0.5640000000000001
sediment,bray,hja2016_132,hja2016_159,84,49,Intermediate,Mainstem,FALSE,FALSE,4.121453218560494,0.6909,0.6909000000000001
sediment,bray,hja2016_133,hja2016_159,161,49,Mainstem,Mainstem,TRUE,FALSE,2.341895721205322,0.7383,0.7383000000000001
sediment,bray,hja2016_135,hja2016_159,169,49,Headwater,Mainstem,FALSE,FALSE,6.986032507694378,0.6811,0.6811000000000001
sediment,bray,hja2016_136,hja2016_159,190,49,Headwater,Mainstem,FALSE,FALSE,0.9031594274440791,0.5608,0.5608000000000001
sediment,bray,hja2016_139,hja2016_159,CC-2,49,Headwater,Mainstem,FALSE,FALSE,6.7167947763350355,0.5352,0.5352000000000001
sediment,bray,hja2016_140,hja2016_159,CC-3,49,Headwater,Mainstem,FALSE,FALSE,6.761361697967528,0.5607,0.5607000000000001
sediment,bray,hja2016_141,hja2016_159,CC-4,49,Headwater,Mainstem,FALSE,FALSE,6.884054047839835,0.562,0.5620000000000002
sediment,bray,hja2016_142,hja2016_159,KC-1,49,Intermediate,Mainstem,FALSE,FALSE,1.7769687940183916,0.5292,0.5292000000000001
sediment,bray,hja2016_144,hja2016_159,KC-3,49,Intermediate,Mainstem,FALSE,FALSE,1.8725937278315563,0.5623,0.5623000000000001
sediment,bray,hja2016_145,hja2016_159,155,49,Headwater,Mainstem,FALSE,FALSE,2.560382190779634,0.5568,0.5568000000000001
sediment,bray,hja2016_146,hja2016_159,156,49,Mainstem,Mainstem,TRUE,FALSE,2.9012067395944756,0.5693,0.5693000000000001
sediment,bray,hja2016_147,hja2016_159,163,49,Mainstem,Mainstem,TRUE,FALSE,4.0473204866517065,0.7245,0.7245000000000001
sediment,bray,hja2016_148,hja2016_159,165,49,Headwater,Mainstem,FALSE,FALSE,2.5925569075085497,0.5397,0.5397000000000001
sediment,bray,hja2016_150,hja2016_159,53,49,Intermediate,Mainstem,FALSE,FALSE,4.814042272951111,0.4973,0.49730000000000013
sediment,bray,hja2016_151,hja2016_159,64,49,Headwater,Mainstem,FALSE,FALSE,7.678231933196766,0.7388,0.7388000000000001
sediment,bray,hja2016_152,hja2016_159,66,49,Intermediate,Mainstem,FALSE,FALSE,4.6900135526770725,0.571,0.5710000000000001
sediment,bray,hja2016_155,hja2016_159,82,49,Headwater,Mainstem,FALSE,FALSE,2.153995168634725,0.5365,0.5365000000000001
sediment,bray,hja2016_157,hja2016_159,43,49,Headwater,Mainstem,FALSE,FALSE,4.070292698365393,0.5977,0.5977000000000001
sediment,bray,hja2016_127,hja2016_160,60,50,Headwater,Mainstem,FALSE,FALSE,4.372939622842823,0.6925,0.6925000000000001
sediment,bray,hja2016_129,hja2016_160,72,50,Intermediate,Mainstem,FALSE,FALSE,3.851171635490038,0.7441,0.7441000000000001
sediment,bray,hja2016_131,hja2016_160,74,50,Headwater,Mainstem,FALSE,FALSE,2.292495537776321,0.7482,0.7482
sediment,bray,hja2016_132,hja2016_160,84,50,Intermediate,Mainstem,FALSE,FALSE,4.246017612985033,0.8003,0.8003000000000001
sediment,bray,hja2016_133,hja2016_160,161,50,Mainstem,Mainstem,TRUE,FALSE,2.169804864176701,0.7572,0.7572
sediment,bray,hja2016_135,hja2016_160,169,50,Headwater,Mainstem,FALSE,FALSE,7.108173544876014,0.8021,0.8021000000000001
sediment,bray,hja2016_136,hja2016_160,190,50,Headwater,Mainstem,FALSE,FALSE,1.1428519739161838,0.7821,0.7821000000000001
sediment,bray,hja2016_139,hja2016_160,CC-2,50,Headwater,Mainstem,FALSE,FALSE,6.947658916934424,0.6754,0.6754000000000001
sediment,bray,hja2016_140,hja2016_160,CC-3,50,Headwater,Mainstem,FALSE,FALSE,6.9918171498268915,0.7296,0.7296000000000001
sediment,bray,hja2016_141,hja2016_160,CC-4,50,Headwater,Mainstem,FALSE,FALSE,7.114056139381433,0.7769,0.7769000000000001
sediment,bray,hja2016_142,hja2016_160,KC-1,50,Intermediate,Mainstem,FALSE,FALSE,1.6895004813369803,0.8147,0.8147000000000001
sediment,bray,hja2016_144,hja2016_160,KC-3,50,Intermediate,Mainstem,FALSE,FALSE,1.7941392585029257,0.8418,0.8418000000000001
sediment,bray,hja2016_145,hja2016_160,155,50,Headwater,Mainstem,FALSE,FALSE,2.7983490360180947,0.7457,0.7457000000000001
sediment,bray,hja2016_146,hja2016_160,156,50,Mainstem,Mainstem,TRUE,FALSE,3.139772961593223,0.7339,0.7339
sediment,bray,hja2016_147,hja2016_160,163,50,Mainstem,Mainstem,TRUE,FALSE,3.8934157328064014,0.7544,0.7544000000000001
sediment,bray,hja2016_148,hja2016_160,165,50,Headwater,Mainstem,FALSE,FALSE,2.6649815544636604,0.6878,0.6878000000000001
sediment,bray,hja2016_150,hja2016_160,53,50,Intermediate,Mainstem,FALSE,FALSE,5.038599267909391,0.7301,0.7301000000000001
sediment,bray,hja2016_151,hja2016_160,64,50,Headwater,Mainstem,FALSE,FALSE,7.920890750185404,0.7691,0.7691000000000001
sediment,bray,hja2016_152,hja2016_160,66,50,Intermediate,Mainstem,FALSE,FALSE,4.9158277562991595,0.7443,0.7443000000000001
sediment,bray,hja2016_155,hja2016_160,82,50,Headwater,Mainstem,FALSE,FALSE,2.2179390193908852,0.6796,0.6796000000000001
sediment,bray,hja2016_157,hja2016_160,43,50,Headwater,Mainstem,FALSE,FALSE,4.2936302421384696,0.5588,0.5588000000000001
sediment,bray,hja2016_159,hja2016_160,49,50,Mainstem,Mainstem,TRUE,FALSE,0.24273400205347304,0.7259,0.7259000000000001
sediment,bray,hja2016_127,hja2016_122,60,45,Headwater,Intermediate,FALSE,FALSE,1.6250426909634144,0.5587,0.5587000000000001
sediment,bray,hja2016_129,hja2016_122,72,45,Intermediate,Intermediate,TRUE,FALSE,1.5031548243201551,0.5612,0.5612000000000001
sediment,bray,hja2016_131,hja2016_122,74,45,Headwater,Intermediate,FALSE,FALSE,0.687801726312395,0.5695,0.5695000000000001
sediment,bray,hja2016_132,hja2016_122,84,45,Intermediate,Intermediate,TRUE,FALSE,2.8321441559473333,0.689,0.6890000000000001
sediment,bray,hja2016_133,hja2016_122,161,45,Mainstem,Intermediate,FALSE,FALSE,4.921033327124183,0.7381,0.7381000000000001
sediment,bray,hja2016_135,hja2016_122,169,45,Headwater,Intermediate,FALSE,FALSE,5.345801792731154,0.6796,0.6796000000000001
sediment,bray,hja2016_136,hja2016_122,190,45,Headwater,Intermediate,FALSE,FALSE,1.8079536176690825,0.5692,0.5692000000000002
sediment,bray,hja2016_139,hja2016_122,CC-2,45,Headwater,Intermediate,FALSE,FALSE,4.016991875122672,0.5322,0.5322000000000001
sediment,bray,hja2016_140,hja2016_122,CC-3,45,Headwater,Intermediate,FALSE,FALSE,4.061978904697343,0.5683,0.5683000000000001
sediment,bray,hja2016_141,hja2016_122,CC-4,45,Headwater,Intermediate,FALSE,FALSE,4.185259707250455,0.5774,0.5774000000000001
sediment,bray,hja2016_142,hja2016_122,KC-1,45,Intermediate,Intermediate,TRUE,FALSE,4.1119133709854285,0.5326,0.5326000000000001
sediment,bray,hja2016_144,hja2016_122,KC-3,45,Intermediate,Intermediate,TRUE,FALSE,4.1573965830971895,0.5708,0.5708000000000001
sediment,bray,hja2016_145,hja2016_122,155,45,Headwater,Intermediate,FALSE,FALSE,0.291802123085394,0.5607,0.5607000000000001
sediment,bray,hja2016_146,hja2016_122,156,45,Mainstem,Intermediate,FALSE,FALSE,0.37207495473301677,0.5832,0.5832000000000002
sediment,bray,hja2016_147,hja2016_122,163,45,Mainstem,Intermediate,FALSE,FALSE,6.499479267871199,0.7276,0.7276000000000001
sediment,bray,hja2016_148,hja2016_122,165,45,Headwater,Intermediate,FALSE,FALSE,2.555765257069271,0.5256,0.5256000000000001
sediment,bray,hja2016_150,hja2016_122,53,45,Intermediate,Intermediate,TRUE,FALSE,2.140649725875718,0.5071,0.5071000000000001
sediment,bray,hja2016_151,hja2016_122,64,45,Headwater,Intermediate,FALSE,FALSE,5.137385112274831,0.739,0.7390000000000001
sediment,bray,hja2016_152,hja2016_122,66,45,Intermediate,Intermediate,TRUE,FALSE,2.0099286486522527,0.5852,0.5852000000000002
sediment,bray,hja2016_155,hja2016_122,82,45,Headwater,Intermediate,FALSE,FALSE,2.4848588729812335,0.5323,0.5323000000000001
sediment,bray,hja2016_157,hja2016_122,43,45,Headwater,Intermediate,FALSE,FALSE,1.416759933054031,0.5969,0.5969000000000001
sediment,bray,hja2016_159,hja2016_122,49,45,Mainstem,Intermediate,FALSE,FALSE,2.700275534049342,0.3826,0.38260000000000016
sediment,bray,hja2016_160,hja2016_122,50,45,Mainstem,Intermediate,FALSE,FALSE,2.9327068237393674,0.7217,0.7217000000000001
sediment,bray,hja2016_127,hja2016_125,60,56,Headwater,Intermediate,FALSE,FALSE,4.636456539619618,0.5457,0.5457000000000001
sediment,bray,hja2016_129,hja2016_125,72,56,Intermediate,Intermediate,TRUE,FALSE,3.9283826074445325,0.5509,0.5509000000000001
sediment,bray,hja2016_131,hja2016_125,74,56,Headwater,Intermediate,FALSE,FALSE,2.4724219025831897,0.5568,0.5568000000000001
sediment,bray,hja2016_132,hja2016_125,84,56,Intermediate,Intermediate,TRUE,FALSE,4.612554690216337,0.6797,0.6797000000000001
sediment,bray,hja2016_133,hja2016_125,161,56,Mainstem,Intermediate,FALSE,FALSE,1.844852400188995,0.729,0.729
sediment,bray,hja2016_135,hja2016_125,169,56,Headwater,Intermediate,FALSE,FALSE,7.476558204006406,0.6713,0.6713000000000001
sediment,bray,hja2016_136,hja2016_125,190,56,Headwater,Intermediate,FALSE,FALSE,1.3317820160216887,0.5572,0.5572000000000001
sediment,bray,hja2016_139,hja2016_125,CC-2,56,Headwater,Intermediate,FALSE,FALSE,7.152865918467704,0.5298,0.5298000000000002
sediment,bray,hja2016_140,hja2016_125,CC-3,56,Headwater,Intermediate,FALSE,FALSE,7.198699865018101,0.5557,0.5557000000000001
sediment,bray,hja2016_141,hja2016_125,CC-4,56,Headwater,Intermediate,FALSE,FALSE,7.322703919578176,0.5638,0.5638000000000001
sediment,bray,hja2016_142,hja2016_125,KC-1,56,Intermediate,Intermediate,TRUE,FALSE,1.30455344033522,0.5301,0.5301000000000001
sediment,bray,hja2016_144,hja2016_125,KC-3,56,Intermediate,Intermediate,TRUE,FALSE,1.4081572548722108,0.5632,0.5632000000000001
sediment,bray,hja2016_145,hja2016_125,155,56,Headwater,Intermediate,FALSE,FALSE,2.976118723568283,0.5539,0.5539000000000001
sediment,bray,hja2016_146,hja2016_125,156,56,Mainstem,Intermediate,FALSE,FALSE,3.311532028696315,0.5698,0.5698000000000001
sediment,bray,hja2016_147,hja2016_125,163,56,Mainstem,Intermediate,FALSE,FALSE,3.546781339190444,0.7231,0.7231000000000001
sediment,bray,hja2016_148,hja2016_125,165,56,Headwater,Intermediate,FALSE,FALSE,3.048936684253621,0.5219,0.5219000000000001
sediment,bray,hja2016_150,hja2016_125,53,56,Intermediate,Intermediate,TRUE,FALSE,5.268899402029398,0.5002,0.5002000000000001
sediment,bray,hja2016_151,hja2016_125,64,56,Headwater,Intermediate,FALSE,FALSE,8.02613481280829,0.7329,0.7329
sediment,bray,hja2016_152,hja2016_125,66,56,Intermediate,Intermediate,TRUE,FALSE,5.1421580545612855,0.5815,0.5815000000000001
sediment,bray,hja2016_155,hja2016_125,82,56,Headwater,Intermediate,FALSE,FALSE,2.6028867778355775,0.5317,0.5317000000000001
sediment,bray,hja2016_157,hja2016_125,43,56,Headwater,Intermediate,FALSE,FALSE,4.5288136841496085,0.5941,0.5941000000000001
sediment,bray,hja2016_159,hja2016_125,49,56,Mainstem,Intermediate,FALSE,FALSE,0.5005665470318107,0.3813,0.38130000000000014
sediment,bray,hja2016_160,hja2016_125,50,56,Mainstem,Intermediate,FALSE,FALSE,0.3863325210833547,0.728,0.7280000000000001
sediment,bray,hja2016_122,hja2016_125,45,56,Intermediate,Intermediate,TRUE,FALSE,3.13890661390323,0.3415,0.34150000000000025
sediment,bray,hja2016_127,hja2016_164,60,260,Headwater,Intermediate,FALSE,FALSE,1.56942901701195,0.6497,0.6497000000000002
sediment,bray,hja2016_129,hja2016_164,72,260,Intermediate,Intermediate,TRUE,FALSE,0.9640829338325585,0.5862,0.5862000000000002
sediment,bray,hja2016_131,hja2016_164,74,260,Headwater,Intermediate,FALSE,FALSE,1.1467052171477534,0.6043,0.6043000000000001
sediment,bray,hja2016_132,hja2016_164,84,260,Intermediate,Intermediate,TRUE,FALSE,3.228932346034192,0.692,0.6920000000000001
sediment,bray,hja2016_133,hja2016_164,161,260,Mainstem,Intermediate,FALSE,FALSE,5.323452720625603,0.7252,0.7252
sediment,bray,hja2016_135,hja2016_164,169,260,Headwater,Intermediate,FALSE,FALSE,5.533804490785081,0.6789,0.6789000000000001
sediment,bray,hja2016_136,hja2016_164,190,260,Headwater,Intermediate,FALSE,FALSE,2.295581743266585,0.5276,0.5276000000000001
sediment,bray,hja2016_139,hja2016_164,CC-2,260,Headwater,Intermediate,FALSE,FALSE,3.579772772235066,0.6472,0.6472000000000001
sediment,bray,hja2016_140,hja2016_164,CC-3,260,Headwater,Intermediate,FALSE,FALSE,3.6287087156318636,0.5398,0.5398000000000001
sediment,bray,hja2016_141,hja2016_164,CC-4,260,Headwater,Intermediate,FALSE,FALSE,3.7556022390541584,0.5274,0.5274000000000001
sediment,bray,hja2016_142,hja2016_164,KC-1,260,Intermediate,Intermediate,TRUE,FALSE,4.461000698565809,0.5983,0.5983000000000002
sediment,bray,hja2016_144,hja2016_164,KC-3,260,Intermediate,Intermediate,TRUE,FALSE,4.49232884565094,0.6293,0.6293000000000001
sediment,bray,hja2016_145,hja2016_164,155,260,Headwater,Intermediate,FALSE,FALSE,0.6444961682298386,0.5918,0.5918000000000001
sediment,bray,hja2016_146,hja2016_164,156,260,Mainstem,Intermediate,FALSE,FALSE,0.3017481691617469,0.5487,0.5487000000000001
sediment,bray,hja2016_147,hja2016_164,163,260,Mainstem,Intermediate,FALSE,FALSE,6.832386313081748,0.7153,0.7153000000000002
sediment,bray,hja2016_148,hja2016_164,165,260,Headwater,Intermediate,FALSE,FALSE,3.1559811845392516,0.6398,0.6398000000000001
sediment,bray,hja2016_150,hja2016_164,53,260,Intermediate,Intermediate,TRUE,FALSE,1.834906158704367,0.533,0.5330000000000001
sediment,bray,hja2016_151,hja2016_164,64,260,Headwater,Intermediate,FALSE,FALSE,4.541749775317034,0.7198,0.7198000000000001
sediment,bray,hja2016_152,hja2016_164,66,260,Intermediate,Intermediate,TRUE,FALSE,1.6948688066218593,0.4487,0.44870000000000015
sediment,bray,hja2016_155,hja2016_164,82,260,Headwater,Intermediate,FALSE,FALSE,3.1052022993161335,0.6468,0.6468000000000002
sediment,bray,hja2016_157,hja2016_164,43,260,Headwater,Intermediate,FALSE,FALSE,1.220536938130191,0.6867,0.6867000000000001
sediment,bray,hja2016_159,hja2016_164,49,260,Mainstem,Intermediate,FALSE,FALSE,3.198739163665169,0.5521,0.5521000000000001
sediment,bray,hja2016_160,hja2016_164,50,260,Mainstem,Intermediate,FALSE,FALSE,3.4379605879875363,0.7594,0.7594
sediment,bray,hja2016_122,hja2016_164,45,260,Intermediate,Intermediate,TRUE,FALSE,0.6251123775760749,0.5466,0.5466000000000001
sediment,bray,hja2016_125,hja2016_164,56,260,Intermediate,Intermediate,TRUE,FALSE,3.603369829645204,0.5372,0.5372000000000001
sediment,bray,hja2016_127,hja2016_166,60,57,Headwater,Intermediate,FALSE,FALSE,3.7240220248684044,0.693,0.6930000000000001
sediment,bray,hja2016_129,hja2016_166,72,57,Intermediate,Intermediate,TRUE,FALSE,3.559319738109018,0.7462,0.7462
sediment,bray,hja2016_131,hja2016_166,74,57,Headwater,Intermediate,FALSE,FALSE,1.8605061825260576,0.7529,0.7529000000000001
sediment,bray,hja2016_132,hja2016_166,84,57,Intermediate,Intermediate,TRUE,FALSE,3.474646831671136,0.7907,0.7907000000000001
sediment,bray,hja2016_133,hja2016_166,161,57,Mainstem,Intermediate,FALSE,FALSE,2.9308297948121504,0.7636,0.7636
sediment,bray,hja2016_135,hja2016_166,169,57,Headwater,Intermediate,FALSE,FALSE,6.336905086978634,0.7913,0.7913000000000001
sediment,bray,hja2016_136,hja2016_166,190,57,Headwater,Intermediate,FALSE,FALSE,0.8754754711668037,0.7798,0.7798000000000002
sediment,bray,hja2016_139,hja2016_166,CC-2,57,Headwater,Intermediate,FALSE,FALSE,6.379130242831004,0.6821,0.6821000000000002
sediment,bray,hja2016_140,hja2016_166,CC-3,57,Headwater,Intermediate,FALSE,FALSE,6.420255069835962,0.7333,0.7333000000000001
sediment,bray,hja2016_141,hja2016_166,CC-4,57,Headwater,Intermediate,FALSE,FALSE,6.538966529790612,0.7807,0.7807000000000001
sediment,bray,hja2016_142,hja2016_166,KC-1,57,Intermediate,Intermediate,TRUE,FALSE,2.443566572427457,0.8176,0.8176000000000001
sediment,bray,hja2016_144,hja2016_166,KC-3,57,Intermediate,Intermediate,TRUE,FALSE,2.5424818644375446,0.8436,0.8436
sediment,bray,hja2016_145,hja2016_166,155,57,Headwater,Intermediate,FALSE,FALSE,2.3428130931445623,0.7481,0.7481000000000001
sediment,bray,hja2016_146,hja2016_166,156,57,Mainstem,Intermediate,FALSE,FALSE,2.6830531394268315,0.736,0.7360000000000001
sediment,bray,hja2016_147,hja2016_166,163,57,Mainstem,Intermediate,FALSE,FALSE,4.6612861800711904,0.7569,0.7569000000000001
sediment,bray,hja2016_148,hja2016_166,165,57,Headwater,Intermediate,FALSE,FALSE,1.9176684226398057,0.6923,0.6923000000000001
sediment,bray,hja2016_150,hja2016_166,53,57,Intermediate,Intermediate,TRUE,FALSE,4.439753477031632,0.7295,0.7295000000000001
sediment,bray,hja2016_151,hja2016_166,64,57,Headwater,Intermediate,FALSE,FALSE,7.523887350894997,0.7682,0.7682
sediment,bray,hja2016_152,hja2016_166,66,57,Intermediate,Intermediate,TRUE,FALSE,4.324866226572655,0.7569,0.7569000000000001
sediment,bray,hja2016_155,hja2016_166,82,57,Headwater,Intermediate,FALSE,FALSE,1.479691727229993,0.6878,0.6878000000000001
sediment,bray,hja2016_157,hja2016_166,43,57,Headwater,Intermediate,FALSE,FALSE,3.6937031426941225,0.5635,0.5635000000000001
sediment,bray,hja2016_159,hja2016_166,49,57,Mainstem,Intermediate,FALSE,FALSE,0.6749353772126016,0.728,0.7280000000000001
sediment,bray,hja2016_160,hja2016_166,50,57,Mainstem,Intermediate,FALSE,FALSE,0.7713834598715575,0.3627,0.3627000000000002
sediment,bray,hja2016_122,hja2016_166,45,57,Intermediate,Intermediate,TRUE,FALSE,2.414708052257986,0.7145,0.7145000000000001
sediment,bray,hja2016_125,hja2016_166,56,57,Intermediate,Intermediate,TRUE,FALSE,1.1437086435191255,0.7187,0.7187000000000001
sediment,bray,hja2016_164,hja2016_166,260,57,Intermediate,Intermediate,TRUE,FALSE,2.984411380971293,0.7593,0.7593000000000001
sediment,bray,hja2016_127,hja2016_167,60,WS3-1,Headwater,Headwater,TRUE,FALSE,7.218754408341704,0.7089,0.7089000000000001
sediment,bray,hja2016_129,hja2016_167,72,WS3-1,Intermediate,Headwater,FALSE,FALSE,6.03375747956808,0.67,0.6700000000000002
sediment,bray,hja2016_131,hja2016_167,74,WS3-1,Headwater,Headwater,TRUE,FALSE,4.951393998855672,0.6721,0.6721000000000001
sediment,bray,hja2016_132,hja2016_167,84,WS3-1,Intermediate,Headwater,FALSE,FALSE,7.255868780295749,0.6274,0.6274000000000001
sediment,bray,hja2016_133,hja2016_167,161,WS3-1,Mainstem,Headwater,FALSE,FALSE,0.8881707735254691,0.3692,0.36920000000000014
sediment,bray,hja2016_135,hja2016_167,169,WS3-1,Headwater,Headwater,TRUE,FALSE,10.112802620259712,0.6113,0.6113000000000001
sediment,bray,hja2016_136,hja2016_167,190,WS3-1,Headwater,Headwater,TRUE,FALSE,3.907019029367415,0.7322,0.7322000000000001
sediment,bray,hja2016_139,hja2016_167,CC-2,WS3-1,Headwater,Headwater,TRUE,FALSE,9.564816322305347,0.7205,0.7205000000000001
sediment,bray,hja2016_140,hja2016_167,CC-3,WS3-1,Headwater,Headwater,TRUE,FALSE,9.615018212769046,0.7004,0.7004000000000001
sediment,bray,hja2016_141,hja2016_167,CC-4,WS3-1,Headwater,Headwater,TRUE,FALSE,9.742718146773617,0.7202,0.7202000000000001
sediment,bray,hja2016_142,hja2016_167,KC-1,WS3-1,Intermediate,Headwater,FALSE,FALSE,1.5308837300103362,0.7873,0.7873000000000001
sediment,bray,hja2016_144,hja2016_167,KC-3,WS3-1,Intermediate,Headwater,FALSE,FALSE,1.500920057447136,0.8062,0.8062000000000001
sediment,bray,hja2016_145,hja2016_167,155,WS3-1,Headwater,Headwater,TRUE,FALSE,5.42307175950972,0.6718,0.6718000000000001
sediment,bray,hja2016_146,hja2016_167,156,WS3-1,Mainstem,Headwater,FALSE,FALSE,5.728311675779372,0.7122,0.7122000000000002
sediment,bray,hja2016_147,hja2016_167,163,WS3-1,Mainstem,Headwater,FALSE,FALSE,0.8806137085049516,0.3742,0.37420000000000014
sediment,bray,hja2016_148,hja2016_167,165,WS3-1,Headwater,Headwater,TRUE,FALSE,5.618406696289105,0.7236,0.7236000000000001
sediment,bray,hja2016_150,hja2016_167,53,WS3-1,Intermediate,Headwater,FALSE,FALSE,7.773388434255874,0.734,0.7340000000000001
sediment,bray,hja2016_151,hja2016_167,64,WS3-1,Headwater,Headwater,TRUE,FALSE,10.070129438604102,0.4027,0.40270000000000017
sediment,bray,hja2016_152,hja2016_167,66,WS3-1,Intermediate,Headwater,FALSE,FALSE,7.639113727703014,0.7404,0.7404000000000001
sediment,bray,hja2016_155,hja2016_167,82,WS3-1,Headwater,Headwater,TRUE,FALSE,5.166722567610735,0.72,0.7200000000000001
sediment,bray,hja2016_157,hja2016_167,43,WS3-1,Headwater,Headwater,TRUE,FALSE,7.05584350824747,0.7365,0.7365000000000002
sediment,bray,hja2016_159,hja2016_167,49,WS3-1,Mainstem,Headwater,FALSE,FALSE,3.166945391655561,0.7353,0.7353
sediment,bray,hja2016_160,hja2016_167,50,WS3-1,Mainstem,Headwater,FALSE,FALSE,3.015421837297236,0.7596,0.7596000000000002
sediment,bray,hja2016_122,hja2016_167,45,WS3-1,Intermediate,Headwater,FALSE,FALSE,5.639195699137394,0.7312,0.7312000000000001
sediment,bray,hja2016_125,hja2016_167,56,WS3-1,Intermediate,Headwater,FALSE,FALSE,2.6664504484280163,0.7204,0.7204
sediment,bray,hja2016_164,hja2016_167,260,WS3-1,Intermediate,Headwater,FALSE,FALSE,5.990936387835759,0.717,0.717
sediment,bray,hja2016_166,hja2016_167,57,WS3-1,Intermediate,Headwater,FALSE,FALSE,3.784603527834151,0.7564,0.7564000000000001
sediment,bray,hja2016_127,hja2016_169,60,WS3-2,Headwater,Headwater,TRUE,FALSE,7.18376271339072,0.7168,0.7168000000000001
sediment,bray,hja2016_129,hja2016_169,72,WS3-2,Intermediate,Headwater,FALSE,FALSE,5.987747587950063,0.661,0.6610000000000001
sediment,bray,hja2016_131,hja2016_169,74,WS3-2,Headwater,Headwater,TRUE,FALSE,4.914017918261784,0.6691,0.6691000000000001
sediment,bray,hja2016_132,hja2016_169,84,WS3-2,Intermediate,Headwater,FALSE,FALSE,7.235055590434424,0.632,0.6320000000000001
sediment,bray,hja2016_133,hja2016_169,161,WS3-2,Mainstem,Headwater,FALSE,FALSE,0.8800259058749063,0.3673,0.3673000000000002
sediment,bray,hja2016_135,hja2016_169,169,WS3-2,Headwater,Headwater,TRUE,FALSE,10.093174469292238,0.6139,0.6139000000000001
sediment,bray,hja2016_136,hja2016_169,190,WS3-2,Headwater,Headwater,TRUE,FALSE,3.874291572607392,0.729,0.729
sediment,bray,hja2016_139,hja2016_169,CC-2,WS3-2,Headwater,Headwater,TRUE,FALSE,9.523043773257454,0.7181,0.7181000000000001
sediment,bray,hja2016_140,hja2016_169,CC-3,WS3-2,Headwater,Headwater,TRUE,FALSE,9.57334971962786,0.7036,0.7036000000000001
sediment,bray,hja2016_141,hja2016_169,CC-4,WS3-2,Headwater,Headwater,TRUE,FALSE,9.701117839353955,0.7235,0.7235000000000001
sediment,bray,hja2016_142,hja2016_169,KC-1,WS3-2,Intermediate,Headwater,FALSE,FALSE,1.4915738296312469,0.7823,0.7823000000000001
sediment,bray,hja2016_144,hja2016_169,KC-3,WS3-2,Intermediate,Headwater,FALSE,FALSE,1.4587587328700695,0.802,0.8020000000000002
sediment,bray,hja2016_145,hja2016_169,155,WS3-2,Headwater,Headwater,TRUE,FALSE,5.384302491274943,0.6652,0.6652000000000001
sediment,bray,hja2016_146,hja2016_169,156,WS3-2,Mainstem,Headwater,FALSE,FALSE,5.688475351668517,0.7105,0.7105000000000001
sediment,bray,hja2016_147,hja2016_169,163,WS3-2,Mainstem,Headwater,FALSE,FALSE,0.909333251891939,0.3693,0.36930000000000024
sediment,bray,hja2016_148,hja2016_169,165,WS3-2,Headwater,Headwater,TRUE,FALSE,5.602381340796839,0.7252,0.7252
sediment,bray,hja2016_150,hja2016_169,53,WS3-2,Intermediate,Headwater,FALSE,FALSE,7.734976106472579,0.7336,0.7336000000000001
sediment,bray,hja2016_151,hja2016_169,64,WS3-2,Headwater,Headwater,TRUE,FALSE,10.021489222137301,0.3994,0.39940000000000014
sediment,bray,hja2016_152,hja2016_169,66,WS3-2,Intermediate,Headwater,FALSE,FALSE,7.600494031965072,0.7329,0.7329
sediment,bray,hja2016_155,hja2016_169,82,WS3-2,Headwater,Headwater,TRUE,FALSE,5.1506067387329475,0.7239,0.7239000000000001
sediment,bray,hja2016_157,hja2016_169,43,WS3-2,Headwater,Headwater,TRUE,FALSE,7.018533535933269,0.7312,0.7312000000000001
sediment,bray,hja2016_159,hja2016_169,49,WS3-2,Mainstem,Headwater,FALSE,FALSE,3.141040997322854,0.7315,0.7315000000000002
sediment,bray,hja2016_160,hja2016_169,50,WS3-2,Mainstem,Headwater,FALSE,FALSE,2.9925296999314273,0.7516,0.7516000000000002
sediment,bray,hja2016_122,hja2016_169,45,WS3-2,Intermediate,Headwater,FALSE,FALSE,5.601801697787473,0.7245,0.7245000000000001
sediment,bray,hja2016_125,hja2016_169,56,WS3-2,Intermediate,Headwater,FALSE,FALSE,2.6407546344594413,0.7176,0.7176000000000001
sediment,bray,hja2016_164,hja2016_169,260,WS3-2,Intermediate,Headwater,FALSE,FALSE,5.950165947676352,0.7108,0.7108000000000001
sediment,bray,hja2016_166,hja2016_169,57,WS3-2,Intermediate,Headwater,FALSE,FALSE,3.762484499342797,0.7477,0.7477000000000001
sediment,bray,hja2016_167,hja2016_169,WS3-1,WS3-2,Headwater,Headwater,TRUE,TRUE,0.05437590309983719,0.3622,0.36220000000000024
sediment,bray,hja2016_127,hja2016_170,60,WS3-3,Headwater,Headwater,TRUE,FALSE,7.12784970398475,0.6045,0.6045000000000001
sediment,bray,hja2016_129,hja2016_170,72,WS3-3,Intermediate,Headwater,FALSE,FALSE,5.90344066848646,0.6396,0.6396000000000001
sediment,bray,hja2016_131,hja2016_170,74,WS3-3,Headwater,Headwater,TRUE,FALSE,4.8526299115337785,0.6352,0.6352000000000001
sediment,bray,hja2016_132,hja2016_170,84,WS3-3,Intermediate,Headwater,FALSE,FALSE,7.212558360662155,0.7276,0.7276000000000001
sediment,bray,hja2016_133,hja2016_170,161,WS3-3,Mainstem,Headwater,FALSE,FALSE,0.8952503603613999,0.7324,0.7324000000000002
sediment,bray,hja2016_135,hja2016_170,169,WS3-3,Headwater,Headwater,TRUE,FALSE,10.072993736429495,0.7208,0.7208000000000001
sediment,bray,hja2016_136,hja2016_170,190,WS3-3,Headwater,Headwater,TRUE,FALSE,3.8248316073547977,0.7076,0.7076000000000001
sediment,bray,hja2016_139,hja2016_170,CC-2,WS3-3,Headwater,Headwater,TRUE,FALSE,9.449794995641781,0.5083,0.5083000000000001
sediment,bray,hja2016_140,hja2016_170,CC-3,WS3-3,Headwater,Headwater,TRUE,FALSE,9.500368298588693,0.6746,0.6746000000000001
sediment,bray,hja2016_141,hja2016_170,CC-4,WS3-3,Headwater,Headwater,TRUE,FALSE,9.62830564777532,0.707,0.7070000000000001
sediment,bray,hja2016_142,hja2016_170,KC-1,WS3-3,Intermediate,Headwater,FALSE,FALSE,1.4283503755074438,0.723,0.7230000000000001
sediment,bray,hja2016_144,hja2016_170,KC-3,WS3-3,Intermediate,Headwater,FALSE,FALSE,1.3878526106820004,0.7604,0.7604000000000001
sediment,bray,hja2016_145,hja2016_170,155,WS3-3,Headwater,Headwater,TRUE,FALSE,5.319268822102741,0.6373,0.6373000000000001
sediment,bray,hja2016_146,hja2016_170,156,WS3-3,Mainstem,Headwater,FALSE,FALSE,5.620650636470601,0.6784,0.6784000000000001
sediment,bray,hja2016_147,hja2016_170,163,WS3-3,Mainstem,Headwater,FALSE,FALSE,0.9600503052859639,0.7246,0.7246000000000001
sediment,bray,hja2016_148,hja2016_170,165,WS3-3,Headwater,Headwater,TRUE,FALSE,5.59104175436501,0.5255,0.5255000000000001
sediment,bray,hja2016_150,hja2016_170,53,WS3-3,Intermediate,Headwater,FALSE,FALSE,7.670478285720328,0.6399,0.6399000000000001
sediment,bray,hja2016_151,hja2016_170,64,WS3-3,Headwater,Headwater,TRUE,FALSE,9.929431627994406,0.7381,0.7381000000000001
sediment,bray,hja2016_152,hja2016_170,66,WS3-3,Intermediate,Headwater,FALSE,FALSE,7.535487405536969,0.6972,0.6972000000000002
sediment,bray,hja2016_155,hja2016_170,82,WS3-3,Headwater,Headwater,TRUE,FALSE,5.139217073533116,0.5138,0.5138000000000001
sediment,bray,hja2016_157,hja2016_170,43,WS3-3,Headwater,Headwater,TRUE,FALSE,6.956894068752504,0.5385,0.5385000000000001
sediment,bray,hja2016_159,hja2016_170,49,WS3-3,Mainstem,Headwater,FALSE,FALSE,3.108432811987196,0.6127,0.6127000000000001
sediment,bray,hja2016_160,hja2016_170,50,WS3-3,Mainstem,Headwater,FALSE,FALSE,2.96709005532262,0.5996,0.5996000000000001
sediment,bray,hja2016_122,hja2016_170,45,WS3-3,Intermediate,Headwater,FALSE,FALSE,5.540197549625731,0.6032,0.6032000000000001
sediment,bray,hja2016_125,hja2016_170,56,WS3-3,Intermediate,Headwater,FALSE,FALSE,2.6091775873166907,0.605,0.6050000000000001
sediment,bray,hja2016_164,hja2016_170,260,WS3-3,Intermediate,Headwater,FALSE,FALSE,5.87988488348628,0.6934,0.6934000000000001
sediment,bray,hja2016_166,hja2016_170,57,WS3-3,Intermediate,Headwater,FALSE,FALSE,3.738193106472405,0.6144,0.6144000000000001
sediment,bray,hja2016_167,hja2016_170,WS3-1,WS3-3,Headwater,Headwater,TRUE,TRUE,0.16977177085465114,0.7166,0.7166
sediment,bray,hja2016_169,hja2016_170,WS3-2,WS3-3,Headwater,Headwater,TRUE,TRUE,0.11603797087500096,0.7146,0.7146000000000001
sediment,bray,hja2016_127,hja2016_177,60,WS1-3,Headwater,Headwater,TRUE,FALSE,8.770333570917796,0.6606,0.6606000000000001
sediment,bray,hja2016_129,hja2016_177,72,WS1-3,Intermediate,Headwater,FALSE,FALSE,7.279509832719023,0.6242,0.6242000000000001
sediment,bray,hja2016_131,hja2016_177,74,WS1-3,Headwater,Headwater,TRUE,FALSE,6.475041139619304,0.6321,0.6321000000000001
sediment,bray,hja2016_132,hja2016_177,84,WS1-3,Intermediate,Headwater,FALSE,FALSE,9.007560071023828,0.3962,0.39620000000000016
sediment,bray,hja2016_133,hja2016_177,161,WS1-3,Mainstem,Headwater,FALSE,FALSE,2.705656923960155,0.6166,0.6166000000000001
sediment,bray,hja2016_135,hja2016_177,169,WS1-3,Headwater,Headwater,TRUE,FALSE,11.871456728175959,0.3618,0.3618000000000002
sediment,bray,hja2016_136,hja2016_177,190,WS1-3,Headwater,Headwater,TRUE,FALSE,5.532618304345336,0.6655,0.6655000000000001
sediment,bray,hja2016_139,hja2016_177,CC-2,WS1-3,Headwater,Headwater,TRUE,FALSE,10.92413311286508,0.6737,0.6737000000000001
sediment,bray,hja2016_140,hja2016_177,CC-3,WS1-3,Headwater,Headwater,TRUE,FALSE,10.977357983759925,0.6596,0.6596000000000001
sediment,bray,hja2016_141,hja2016_177,CC-4,WS1-3,Headwater,Headwater,TRUE,FALSE,11.106408626393199,0.6524,0.6524000000000001
sediment,bray,hja2016_142,hja2016_177,KC-1,WS1-3,Intermediate,Headwater,FALSE,FALSE,3.131147877012738,0.718,0.7180000000000001
sediment,bray,hja2016_144,hja2016_177,KC-3,WS1-3,Intermediate,Headwater,FALSE,FALSE,3.0551125306283677,0.7471,0.7471000000000001
sediment,bray,hja2016_145,hja2016_177,155,WS1-3,Headwater,Headwater,TRUE,FALSE,6.907772668488161,0.6187,0.6187000000000001
sediment,bray,hja2016_146,hja2016_177,156,WS1-3,Mainstem,Headwater,FALSE,FALSE,7.181764007428466,0.6733,0.6733000000000001
sediment,bray,hja2016_147,hja2016_177,163,WS1-3,Mainstem,Headwater,FALSE,FALSE,1.090570010628382,0.5986,0.5986000000000001
sediment,bray,hja2016_148,hja2016_177,165,WS1-3,Headwater,Headwater,TRUE,FALSE,7.406806010354497,0.6737,0.6737000000000001
sediment,bray,hja2016_150,hja2016_177,53,WS1-3,Intermediate,Headwater,FALSE,FALSE,9.242376042758798,0.6677,0.6677000000000001
sediment,bray,hja2016_151,hja2016_177,64,WS1-3,Headwater,Headwater,TRUE,FALSE,11.13216739808413,0.6188,0.6188000000000001
sediment,bray,hja2016_152,hja2016_177,66,WS1-3,Intermediate,Headwater,FALSE,FALSE,9.103850360909583,0.7082,0.7082000000000002
sediment,bray,hja2016_155,hja2016_177,82,WS1-3,Headwater,Headwater,TRUE,FALSE,6.955160401755579,0.6792,0.6792000000000001
sediment,bray,hja2016_157,hja2016_177,43,WS1-3,Headwater,Headwater,TRUE,FALSE,8.55758374578802,0.6907,0.6907000000000001
sediment,bray,hja2016_159,hja2016_177,49,WS1-3,Mainstem,Headwater,FALSE,FALSE,4.88789808762215,0.6814,0.6814000000000001
sediment,bray,hja2016_160,hja2016_177,50,WS1-3,Mainstem,Headwater,FALSE,FALSE,4.764710247649386,0.7877,0.7877
sediment,bray,hja2016_122,hja2016_177,45,WS1-3,Intermediate,Headwater,FALSE,FALSE,7.153260679490983,0.6806,0.6806000000000001
sediment,bray,hja2016_125,hja2016_177,56,WS1-3,Intermediate,Headwater,FALSE,FALSE,4.395006581930113,0.6701,0.6701000000000001
sediment,bray,hja2016_164,hja2016_177,260,WS1-3,Intermediate,Headwater,FALSE,FALSE,7.415345783889964,0.6828,0.6828000000000001
sediment,bray,hja2016_166,hja2016_177,57,WS1-3,Intermediate,Headwater,FALSE,FALSE,5.535331033427861,0.7794,0.7794
sediment,bray,hja2016_167,hja2016_177,WS3-1,WS1-3,Headwater,Headwater,TRUE,FALSE,1.8199814365376563,0.6005,0.6005000000000001
sediment,bray,hja2016_169,hja2016_177,WS3-2,WS1-3,Headwater,Headwater,TRUE,FALSE,1.8256312908282115,0.5932,0.5932000000000001
sediment,bray,hja2016_170,hja2016_177,WS3-3,WS1-3,Headwater,Headwater,TRUE,FALSE,1.8214974448876429,0.7103,0.7103000000000002
sediment,bray,hja2016_127,hja2016_179,60,WS1-5,Headwater,Headwater,TRUE,FALSE,8.689852419040223,0.5727,0.5727000000000001
sediment,bray,hja2016_129,hja2016_179,72,WS1-5,Intermediate,Headwater,FALSE,FALSE,7.179509810417537,0.5543,0.5543000000000001
sediment,bray,hja2016_131,hja2016_179,74,WS1-5,Headwater,Headwater,TRUE,FALSE,6.3944117331928245,0.5649,0.5649000000000001
sediment,bray,hja2016_132,hja2016_179,84,WS1-5,Intermediate,Headwater,FALSE,FALSE,8.952953761816966,0.6663,0.6663000000000001
sediment,bray,hja2016_133,hja2016_179,161,WS1-5,Mainstem,Headwater,FALSE,FALSE,2.6783476953705807,0.6956,0.6956000000000001
sediment,bray,hja2016_135,hja2016_179,169,WS1-5,Headwater,Headwater,TRUE,FALSE,11.817366966687977,0.6535,0.6535000000000001
sediment,bray,hja2016_136,hja2016_179,190,WS1-5,Headwater,Headwater,TRUE,FALSE,5.463212673042854,0.4023,0.40230000000000016
sediment,bray,hja2016_139,hja2016_179,CC-2,WS1-5,Headwater,Headwater,TRUE,FALSE,10.8279640301626,0.6385,0.6385000000000001
sediment,bray,hja2016_140,hja2016_179,CC-3,WS1-5,Headwater,Headwater,TRUE,FALSE,10.881352106472061,0.3614,0.36140000000000017
sediment,bray,hja2016_141,hja2016_179,CC-4,WS1-5,Headwater,Headwater,TRUE,FALSE,11.010428787103448,0.4041,0.4041000000000002
sediment,bray,hja2016_142,hja2016_179,KC-1,WS1-5,Intermediate,Headwater,FALSE,FALSE,3.068222528462683,0.6304,0.6304000000000001
sediment,bray,hja2016_144,hja2016_179,KC-3,WS1-5,Intermediate,Headwater,FALSE,FALSE,2.988878708458064,0.671,0.6710000000000002
sediment,bray,hja2016_145,hja2016_179,155,WS1-5,Headwater,Headwater,TRUE,FALSE,6.823402345421711,0.5643,0.5643000000000001
sediment,bray,hja2016_146,hja2016_179,156,WS1-5,Mainstem,Headwater,FALSE,FALSE,7.094694782251337,0.3744,0.3744000000000002
sediment,bray,hja2016_147,hja2016_179,163,WS1-5,Mainstem,Headwater,FALSE,FALSE,1.1147180111402728,0.6912,0.6912000000000001
sediment,bray,hja2016_148,hja2016_179,165,WS1-5,Headwater,Headwater,TRUE,FALSE,7.361964260357983,0.639,0.6390000000000001
sediment,bray,hja2016_150,hja2016_179,53,WS1-5,Intermediate,Headwater,FALSE,FALSE,9.154674840077474,0.4529,0.4529000000000002
sediment,bray,hja2016_151,hja2016_179,64,WS1-5,Headwater,Headwater,TRUE,FALSE,11.021499695212045,0.7044,0.7044000000000001
sediment,bray,hja2016_152,hja2016_179,66,WS1-5,Intermediate,Headwater,FALSE,FALSE,9.015919150358242,0.483,0.48300000000000015
sediment,bray,hja2016_155,hja2016_179,82,WS1-5,Headwater,Headwater,TRUE,FALSE,6.910589757844323,0.642,0.6420000000000001
sediment,bray,hja2016_157,hja2016_179,43,WS1-5,Headwater,Headwater,TRUE,FALSE,8.47295585196086,0.6344,0.6344000000000001
sediment,bray,hja2016_159,hja2016_179,49,WS1-5,Mainstem,Headwater,FALSE,FALSE,4.831825105987025,0.5657,0.5657000000000001
sediment,bray,hja2016_160,hja2016_179,50,WS1-5,Mainstem,Headwater,FALSE,FALSE,4.713582771927649,0.7243,0.7243
sediment,bray,hja2016_122,hja2016_179,45,WS1-5,Intermediate,Headwater,FALSE,FALSE,7.070965969604316,0.5551,0.5551000000000001
sediment,bray,hja2016_125,hja2016_179,56,WS1-5,Intermediate,Headwater,FALSE,FALSE,4.341203101983378,0.5457,0.5457000000000001
sediment,bray,hja2016_164,hja2016_179,260,WS1-5,Intermediate,Headwater,FALSE,FALSE,7.3259349924224635,0.5191,0.5191000000000001
sediment,bray,hja2016_166,hja2016_179,57,WS1-5,Intermediate,Headwater,FALSE,FALSE,5.483250344185021,0.7255,0.7255000000000001
sediment,bray,hja2016_167,hja2016_179,WS3-1,WS1-5,Headwater,Headwater,TRUE,FALSE,1.7977195395847136,0.6885,0.6885000000000001
sediment,bray,hja2016_169,hja2016_179,WS3-2,WS1-5,Headwater,Headwater,TRUE,FALSE,1.7997010622274918,0.6871,0.6871000000000002
sediment,bray,hja2016_170,hja2016_179,WS3-3,WS1-5,Headwater,Headwater,TRUE,FALSE,1.7878103034936397,0.6606,0.6606000000000001
sediment,bray,hja2016_177,hja2016_179,WS1-3,WS1-5,Headwater,Headwater,TRUE,TRUE,0.12480634660826087,0.6396,0.6396000000000001
sediment,bray,hja2016_127,hja2016_180,60,WS1-6,Headwater,Headwater,TRUE,FALSE,8.596573299268883,0.6858,0.6858000000000001
sediment,bray,hja2016_129,hja2016_180,72,WS1-6,Intermediate,Headwater,FALSE,FALSE,7.0728734161066225,0.7343,0.7343000000000001
sediment,bray,hja2016_131,hja2016_180,74,WS1-6,Headwater,Headwater,TRUE,FALSE,6.301261371378851,0.7387,0.7387
sediment,bray,hja2016_132,hja2016_180,84,WS1-6,Intermediate,Headwater,FALSE,FALSE,8.879738474978133,0.7838,0.7838
sediment,bray,hja2016_133,hja2016_180,161,WS1-6,Mainstem,Headwater,FALSE,FALSE,2.631197729103107,0.7618,0.7618000000000001
sediment,bray,hja2016_135,hja2016_180,169,WS1-6,Headwater,Headwater,TRUE,FALSE,11.744320884794321,0.7828,0.7828000000000002
sediment,bray,hja2016_136,hja2016_180,190,WS1-6,Headwater,Headwater,TRUE,FALSE,5.378794711981906,0.7662,0.7662000000000001
sediment,bray,hja2016_139,hja2016_180,CC-2,WS1-6,Headwater,Headwater,TRUE,FALSE,10.723639896517842,0.6715,0.6715000000000001
sediment,bray,hja2016_140,hja2016_180,CC-3,WS1-6,Headwater,Headwater,TRUE,FALSE,10.777132923037595,0.7174,0.7174000000000001
sediment,bray,hja2016_141,hja2016_180,CC-4,WS1-6,Headwater,Headwater,TRUE,FALSE,10.906222939331224,0.7625,0.7625
sediment,bray,hja2016_142,hja2016_180,KC-1,WS1-6,Intermediate,Headwater,FALSE,FALSE,2.9901257958892105,0.8115,0.8115000000000001
sediment,bray,hja2016_144,hja2016_180,KC-3,WS1-6,Intermediate,Headwater,FALSE,FALSE,2.9081580044695583,0.8405,0.8405
sediment,bray,hja2016_145,hja2016_180,155,WS1-6,Headwater,Headwater,TRUE,FALSE,6.727457425020492,0.7356,0.7356000000000001
sediment,bray,hja2016_146,hja2016_180,156,WS1-6,Mainstem,Headwater,FALSE,FALSE,6.996785041599158,0.716,0.7160000000000001
sediment,bray,hja2016_147,hja2016_180,163,WS1-6,Mainstem,Headwater,FALSE,FALSE,1.1219794159249379,0.755,0.7550000000000001
sediment,bray,hja2016_148,hja2016_180,165,WS1-6,Headwater,Headwater,TRUE,FALSE,7.297020272671488,0.6829,0.6829000000000001
sediment,bray,hja2016_150,hja2016_180,53,WS1-6,Intermediate,Headwater,FALSE,FALSE,9.056167891444211,0.717,0.717
sediment,bray,hja2016_151,hja2016_180,64,WS1-6,Headwater,Headwater,TRUE,FALSE,10.90868108736911,0.7694,0.7694000000000001
sediment,bray,hja2016_152,hja2016_180,66,WS1-6,Intermediate,Headwater,FALSE,FALSE,8.917258401771262,0.7428,0.7428
sediment,bray,hja2016_155,hja2016_180,82,WS1-6,Headwater,Headwater,TRUE,FALSE,6.845963944321489,0.6792,0.6792000000000001
sediment,bray,hja2016_157,hja2016_180,43,WS1-6,Headwater,Headwater,TRUE,FALSE,8.376677334090845,0.5473,0.5473000000000001
sediment,bray,hja2016_159,hja2016_180,49,WS1-6,Mainstem,Headwater,FALSE,FALSE,4.758288468099474,0.7171,0.7171000000000001
sediment,bray,hja2016_160,hja2016_180,50,WS1-6,Mainstem,Headwater,FALSE,FALSE,4.644173222236327,0.3213,0.3213000000000002
sediment,bray,hja2016_122,hja2016_180,45,WS1-6,Intermediate,Headwater,FALSE,FALSE,6.976504708586817,0.7095,0.7095000000000001
sediment,bray,hja2016_125,hja2016_180,56,WS1-6,Intermediate,Headwater,FALSE,FALSE,4.269751481958969,0.7032,0.7032000000000002
sediment,bray,hja2016_164,hja2016_180,260,WS1-6,Intermediate,Headwater,FALSE,FALSE,7.226354026168984,0.7471,0.7471000000000001
sediment,bray,hja2016_166,hja2016_180,57,WS1-6,Intermediate,Headwater,FALSE,FALSE,5.412764282149032,0.3442,0.34420000000000023
sediment,bray,hja2016_167,hja2016_180,WS3-1,WS1-6,Headwater,Headwater,TRUE,FALSE,1.7573802121558828,0.7538,0.7538
sediment,bray,hja2016_169,hja2016_180,WS3-2,WS1-6,Headwater,Headwater,TRUE,FALSE,1.756044596407912,0.7472,0.7472000000000001
sediment,bray,hja2016_170,hja2016_180,WS3-3,WS1-6,Headwater,Headwater,TRUE,FALSE,1.7372456432709322,0.5987,0.5987000000000001
sediment,bray,hja2016_177,hja2016_180,WS1-3,WS1-6,Headwater,Headwater,TRUE,TRUE,0.23937405629893788,0.7764,0.7764
sediment,bray,hja2016_179,hja2016_180,WS1-5,WS1-6,Headwater,Headwater,TRUE,TRUE,0.11629189771108726,0.709,0.7090000000000001
sediment,bray,hja2016_127,hja2016_181,60,177,Headwater,Headwater,TRUE,FALSE,3.3274975604451136,0.6032,0.6032000000000001
sediment,bray,hja2016_129,hja2016_181,72,177,Intermediate,Headwater,FALSE,FALSE,5.173106731940942,0.6446,0.6446000000000001
sediment,bray,hja2016_131,hja2016_181,74,177,Headwater,Headwater,TRUE,FALSE,3.927525621195436,0.6403,0.6403000000000001
sediment,bray,hja2016_132,hja2016_181,84,177,Intermediate,Headwater,FALSE,FALSE,1.1324454625733034,0.7258,0.7258000000000001
sediment,bray,hja2016_133,hja2016_181,161,177,Mainstem,Headwater,FALSE,FALSE,6.471429663504022,0.7204,0.7204
sediment,bray,hja2016_135,hja2016_181,169,177,Headwater,Headwater,TRUE,FALSE,2.9745178597884228,0.7184,0.7184000000000001
sediment,bray,hja2016_136,hja2016_181,190,177,Headwater,Headwater,TRUE,FALSE,4.082275103655957,0.7059,0.7059000000000001
sediment,bray,hja2016_139,hja2016_181,CC-2,177,Headwater,Headwater,TRUE,FALSE,5.69232763938101,0.5139,0.5139000000000001
sediment,bray,hja2016_140,hja2016_181,CC-3,177,Headwater,Headwater,TRUE,FALSE,5.702688184206486,0.6721,0.6721000000000001
sediment,bray,hja2016_141,hja2016_181,CC-4,177,Headwater,Headwater,TRUE,FALSE,5.77155912436147,0.704,0.7040000000000001
sediment,bray,hja2016_142,hja2016_181,KC-1,177,Intermediate,Headwater,FALSE,FALSE,6.133466977511725,0.7195,0.7195000000000001
sediment,bray,hja2016_144,hja2016_181,KC-3,177,Intermediate,Headwater,FALSE,FALSE,6.237068859851781,0.7615,0.7615000000000001
sediment,bray,hja2016_145,hja2016_181,155,177,Headwater,Headwater,TRUE,FALSE,3.9678259035220487,0.6415,0.6415000000000001
sediment,bray,hja2016_146,hja2016_181,156,177,Mainstem,Headwater,FALSE,FALSE,4.0754467168777735,0.6812,0.6812000000000001
sediment,bray,hja2016_147,hja2016_181,163,177,Mainstem,Headwater,FALSE,FALSE,8.205721026008865,0.7133,0.7133000000000002
sediment,bray,hja2016_148,hja2016_181,165,177,Headwater,Headwater,TRUE,FALSE,1.784462030346704,0.5299,0.5299000000000001
sediment,bray,hja2016_150,hja2016_181,53,177,Intermediate,Headwater,FALSE,FALSE,4.093260935825118,0.6432,0.6432000000000001
sediment,bray,hja2016_151,hja2016_181,64,177,Headwater,Headwater,TRUE,FALSE,7.722025449913103,0.7294,0.7294000000000002
sediment,bray,hja2016_152,hja2016_181,66,177,Intermediate,Headwater,FALSE,FALSE,4.085689483861288,0.6985,0.6985000000000001
sediment,bray,hja2016_155,hja2016_181,82,177,Headwater,Headwater,TRUE,FALSE,2.226444285160748,0.5189,0.5189000000000001
sediment,bray,hja2016_157,hja2016_181,43,177,Headwater,Headwater,TRUE,FALSE,3.697837909763051,0.539,0.5390000000000001
sediment,bray,hja2016_159,hja2016_181,49,177,Mainstem,Headwater,FALSE,FALSE,4.3769296157692015,0.6183,0.6183000000000001
sediment,bray,hja2016_160,hja2016_181,50,177,Mainstem,Headwater,FALSE,FALSE,4.4439752051632535,0.6044,0.6044000000000002
sediment,bray,hja2016_122,hja2016_181,45,177,Intermediate,Headwater,FALSE,FALSE,3.7316638392581623,0.6021,0.6021000000000001
sediment,bray,hja2016_125,hja2016_181,56,177,Intermediate,Headwater,FALSE,FALSE,4.829221684335063,0.6051,0.6051000000000001
sediment,bray,hja2016_164,hja2016_181,260,177,Intermediate,Headwater,FALSE,FALSE,4.209277848808148,0.6921,0.6921000000000002
sediment,bray,hja2016_166,hja2016_181,57,177,Intermediate,Headwater,FALSE,FALSE,3.702003577001806,0.6168,0.6168000000000001
sediment,bray,hja2016_167,hja2016_181,WS3-1,177,Headwater,Headwater,TRUE,FALSE,7.357719367424881,0.7123,0.7123
sediment,bray,hja2016_169,hja2016_181,WS3-2,177,Headwater,Headwater,TRUE,FALSE,7.344892099128677,0.7053,0.7053000000000001
sediment,bray,hja2016_170,hja2016_181,WS3-3,177,Headwater,Headwater,TRUE,FALSE,7.340214303100712,0.3449,0.3449000000000002
sediment,bray,hja2016_177,hja2016_181,WS1-3,177,Headwater,Headwater,TRUE,FALSE,9.160753494866773,0.7085,0.7085000000000001
sediment,bray,hja2016_179,hja2016_181,WS1-5,177,Headwater,Headwater,TRUE,FALSE,9.120424864766411,0.6569,0.6569000000000002
sediment,bray,hja2016_180,hja2016_181,WS1-6,177,Headwater,Headwater,TRUE,FALSE,9.058985007740587,0.6005,0.6005000000000001
sediment,jaccard,hja2016_127,hja2016_129,60,72,Headwater,Intermediate,FALSE,FALSE,2.352434526013626,0.6860210341805434,0.6860210341805443
sediment,jaccard,hja2016_127,hja2016_131,60,74,Headwater,Headwater,TRUE,FALSE,2.2954425709323405,0.7036671924290221,0.7036671924290229
sediment,jaccard,hja2016_129,hja2016_131,72,74,Intermediate,Headwater,FALSE,FALSE,1.7372916885056047,0.5950379331556285,0.5950379331556295
sediment,jaccard,hja2016_127,hja2016_132,60,84,Headwater,Intermediate,FALSE,FALSE,2.2042619708307414,0.7732283464566929,0.7732283464566936
sediment,jaccard,hja2016_129,hja2016_132,72,84,Intermediate,Intermediate,TRUE,FALSE,4.186892954129695,0.7448900887003471,0.7448900887003478
sediment,jaccard,hja2016_131,hja2016_132,74,84,Headwater,Intermediate,FALSE,FALSE,3.171655951768841,0.7547004041468987,0.7547004041468993
sediment,jaccard,hja2016_127,hja2016_133,60,161,Headwater,Mainstem,FALSE,FALSE,6.463695748242083,0.8170004260758416,0.8170004260758422
sediment,jaccard,hja2016_129,hja2016_133,72,161,Intermediate,Mainstem,FALSE,FALSE,5.474037198788051,0.786427976686095,0.7864279766860957
sediment,jaccard,hja2016_131,hja2016_133,74,161,Headwater,Mainstem,FALSE,FALSE,4.237184346779455,0.7957150911482804,0.7957150911482811
sediment,jaccard,hja2016_132,hja2016_133,84,161,Intermediate,Mainstem,FALSE,FALSE,6.391076683930805,0.728244915076536,0.7282449150765368
sediment,jaccard,hja2016_127,hja2016_135,60,169,Headwater,Headwater,TRUE,FALSE,4.032445875301082,0.7593488781346239,0.7593488781346246
sediment,jaccard,hja2016_129,hja2016_135,72,169,Intermediate,Headwater,FALSE,FALSE,6.382709974600693,0.7308022308022308,0.7308022308022316
sediment,jaccard,hja2016_131,hja2016_135,74,169,Headwater,Headwater,TRUE,FALSE,5.84477139048275,0.7429843235920264,0.742984323592027
sediment,jaccard,hja2016_132,hja2016_135,84,169,Intermediate,Headwater,FALSE,FALSE,2.8645898823570413,0.5656330146887386,0.5656330146887396
sediment,jaccard,hja2016_133,hja2016_135,161,169,Mainstem,Headwater,FALSE,FALSE,9.242344289612321,0.7248369058713887,0.7248369058713895
sediment,jaccard,hja2016_127,hja2016_136,60,190,Headwater,Headwater,TRUE,FALSE,3.322597311303422,0.7140560404225998,0.7140560404226006
sediment,jaccard,hja2016_129,hja2016_136,72,190,Intermediate,Headwater,FALSE,FALSE,2.7459765066542707,0.6976950354609929,0.6976950354609937
sediment,jaccard,hja2016_131,hja2016_136,74,190,Headwater,Headwater,TRUE,FALSE,1.1516999787401894,0.7151104917380051,0.7151104917380059
sediment,jaccard,hja2016_132,hja2016_136,84,190,Intermediate,Headwater,FALSE,FALSE,3.6125541207656098,0.7755960729312763,0.775596072931277
sediment,jaccard,hja2016_133,hja2016_136,161,190,Mainstem,Headwater,FALSE,FALSE,3.1413769847682933,0.8162998474613206,0.8162998474613212
sediment,jaccard,hja2016_135,hja2016_136,169,190,Headwater,Headwater,TRUE,FALSE,6.448288710767753,0.7561415370746,0.7561415370746007
sediment,jaccard,hja2016_127,hja2016_139,60,CC-2,Headwater,Headwater,TRUE,FALSE,2.763153201828433,0.7168764668231279,0.7168764668231287
sediment,jaccard,hja2016_129,hja2016_139,72,CC-2,Intermediate,Headwater,FALSE,FALSE,3.6730681090015116,0.7234172077922079,0.7234172077922086
sediment,jaccard,hja2016_131,hja2016_139,74,CC-2,Headwater,Headwater,TRUE,FALSE,4.681931632833683,0.733357919970496,0.7333579199704968
sediment,jaccard,hja2016_132,hja2016_139,84,CC-2,Intermediate,Headwater,FALSE,FALSE,4.595735463458007,0.7808705398841771,0.7808705398841778
sediment,jaccard,hja2016_133,hja2016_139,161,CC-2,Mainstem,Headwater,FALSE,FALSE,8.902178898357297,0.8185492018589614,0.8185492018589621
sediment,jaccard,hja2016_135,hja2016_139,169,CC-2,Headwater,Headwater,TRUE,FALSE,4.954525385141729,0.7754849360297152,0.7754849360297159
sediment,jaccard,hja2016_136,hja2016_139,190,CC-2,Headwater,Headwater,TRUE,FALSE,5.82399982964724,0.759107180459044,0.7591071804590448
sediment,jaccard,hja2016_127,hja2016_140,60,CC-3,Headwater,Headwater,TRUE,FALSE,2.7950533010383585,0.6854838709677419,0.6854838709677428
sediment,jaccard,hja2016_129,hja2016_140,72,CC-3,Intermediate,Headwater,FALSE,FALSE,3.7283245847888113,0.6898817345597897,0.6898817345597906
sediment,jaccard,hja2016_131,hja2016_140,74,CC-3,Headwater,Headwater,TRUE,FALSE,4.728324254281637,0.7030446816923686,0.7030446816923693
sediment,jaccard,hja2016_132,hja2016_140,84,CC-3,Intermediate,Headwater,FALSE,FALSE,4.609284590249324,0.7667129537790122,0.7667129537790128
sediment,jaccard,hja2016_133,hja2016_140,161,CC-3,Mainstem,Headwater,FALSE,FALSE,8.95045194487282,0.7979162144562622,0.7979162144562628
sediment,jaccard,hja2016_135,hja2016_140,169,CC-3,Headwater,Headwater,TRUE,FALSE,4.933688578642265,0.7541528239202657,0.7541528239202665
sediment,jaccard,hja2016_136,hja2016_140,190,CC-3,Headwater,Headwater,TRUE,FALSE,5.869370848255799,0.5813008130081301,0.5813008130081311
sediment,jaccard,hja2016_139,hja2016_140,CC-2,CC-3,Headwater,Headwater,TRUE,TRUE,0.05779883149934886,0.7551359203154182,0.755135920315419
sediment,jaccard,hja2016_127,hja2016_141,60,CC-4,Headwater,Headwater,TRUE,FALSE,2.9018513427575088,0.7142188961646398,0.7142188961646406
sediment,jaccard,hja2016_129,hja2016_141,72,CC-4,Intermediate,Headwater,FALSE,FALSE,3.8571116034837156,0.6969765342960289,0.6969765342960298
sediment,jaccard,hja2016_131,hja2016_141,74,CC-4,Headwater,Headwater,TRUE,FALSE,4.852965358491444,0.7201853344077357,0.7201853344077365
sediment,jaccard,hja2016_132,hja2016_141,84,CC-4,Intermediate,Headwater,FALSE,FALSE,4.6845066639041,0.7679376793767937,0.7679376793767945
sediment,jaccard,hja2016_133,hja2016_141,161,CC-4,Mainstem,Headwater,FALSE,FALSE,9.076698353243527,0.8071156858357574,0.8071156858357581
sediment,jaccard,hja2016_135,hja2016_141,169,CC-4,Headwater,Headwater,TRUE,FALSE,4.935960393936545,0.751325190135976,0.7513251901359768
sediment,jaccard,hja2016_136,hja2016_141,190,CC-4,Headwater,Headwater,TRUE,FALSE,5.9929439074724895,0.5549583445310401,0.5549583445310411
sediment,jaccard,hja2016_139,hja2016_141,CC-2,CC-4,Headwater,Headwater,TRUE,TRUE,0.18422269766237356,0.7554791577137945,0.7554791577137953
sediment,jaccard,hja2016_140,hja2016_141,CC-3,CC-4,Headwater,Headwater,TRUE,TRUE,0.12911439707109926,0.5853973168214655,0.5853973168214665
sediment,jaccard,hja2016_127,hja2016_142,60,KC-1,Headwater,Intermediate,FALSE,FALSE,5.701460406156321,0.7470414201183433,0.747041420118344
sediment,jaccard,hja2016_129,hja2016_142,72,KC-1,Intermediate,Intermediate,TRUE,FALSE,4.539921638976088,0.7326934858076373,0.732693485807638
sediment,jaccard,hja2016_131,hja2016_142,74,KC-1,Headwater,Intermediate,FALSE,FALSE,3.4243031820629675,0.749953934033536,0.7499539340335368
sediment,jaccard,hja2016_132,hja2016_142,84,KC-1,Intermediate,Intermediate,TRUE,FALSE,5.894390991169737,0.8211932650073206,0.8211932650073213
sediment,jaccard,hja2016_133,hja2016_142,161,KC-1,Mainstem,Intermediate,FALSE,FALSE,0.9750635992294102,0.8673088264202871,0.8673088264202877
sediment,jaccard,hja2016_135,hja2016_142,169,KC-1,Headwater,Intermediate,FALSE,FALSE,8.758566672910025,0.8131087662337662,0.8131087662337668
sediment,jaccard,hja2016_136,hja2016_142,190,KC-1,Headwater,Intermediate,FALSE,FALSE,2.4117164536853775,0.7563169164882227,0.7563169164882235
sediment,jaccard,hja2016_139,hja2016_142,CC-2,KC-1,Headwater,Intermediate,FALSE,FALSE,8.036943367849704,0.7524057738572574,0.7524057738572582
sediment,jaccard,hja2016_140,hja2016_142,CC-3,KC-1,Headwater,Intermediate,FALSE,FALSE,8.086837987698186,0.7663746349603671,0.7663746349603678
sediment,jaccard,hja2016_141,hja2016_142,CC-4,KC-1,Headwater,Intermediate,FALSE,FALSE,8.214339964730042,0.756102877070619,0.7561028770706197
sediment,jaccard,hja2016_127,hja2016_144,60,KC-3,Headwater,Intermediate,FALSE,FALSE,5.7543136239532675,0.7589266392555724,0.758926639255573
sediment,jaccard,hja2016_129,hja2016_144,72,KC-3,Intermediate,Intermediate,TRUE,FALSE,4.5454042821624805,0.7570808352284474,0.7570808352284482
sediment,jaccard,hja2016_131,hja2016_144,74,KC-3,Headwater,Intermediate,FALSE,FALSE,3.4705867076875863,0.7709809772472956,0.7709809772472963
sediment,jaccard,hja2016_132,hja2016_144,84,KC-3,Intermediate,Intermediate,TRUE,FALSE,5.984368868135459,0.8321181529257805,0.8321181529257812
sediment,jaccard,hja2016_133,hja2016_144,161,KC-3,Mainstem,Intermediate,FALSE,FALSE,1.0168036579996018,0.8728744939271256,0.8728744939271262
sediment,jaccard,hja2016_135,hja2016_144,169,KC-3,Headwater,Intermediate,FALSE,FALSE,8.847789295139082,0.8243243243243243,0.824324324324325
sediment,jaccard,hja2016_136,hja2016_144,190,KC-3,Headwater,Intermediate,FALSE,FALSE,2.4791972694927518,0.7779712668698302,0.7779712668698309
sediment,jaccard,hja2016_139,hja2016_144,CC-2,KC-3,Headwater,Intermediate,FALSE,FALSE,8.064286689521015,0.7740951606344042,0.774095160634405
sediment,jaccard,hja2016_140,hja2016_144,CC-3,KC-3,Headwater,Intermediate,FALSE,FALSE,8.114607378073323,0.7865931268561731,0.7865931268561738
sediment,jaccard,hja2016_141,hja2016_144,CC-4,KC-3,Headwater,Intermediate,FALSE,FALSE,8.24239311599027,0.7805795178057952,0.7805795178057959
sediment,jaccard,hja2016_142,hja2016_144,KC-1,KC-3,Intermediate,Intermediate,TRUE,TRUE,0.12258332973601514,0.7296430861295149,0.7296430861295157
sediment,jaccard,hja2016_127,hja2016_145,60,155,Headwater,Headwater,TRUE,FALSE,1.8920266403217012,0.6840285282040198,0.6840285282040207
sediment,jaccard,hja2016_129,hja2016_145,72,155,Intermediate,Headwater,FALSE,FALSE,1.3651393306354915,0.5469070988358822,0.5469070988358832
sediment,jaccard,hja2016_131,hja2016_145,74,155,Headwater,Headwater,TRUE,FALSE,0.5061248598635163,0.5894779605931342,0.5894779605931352
sediment,jaccard,hja2016_132,hja2016_145,84,155,Intermediate,Headwater,FALSE,FALSE,3.0988282967207863,0.7397861779305078,0.7397861779305086
sediment,jaccard,hja2016_133,hja2016_145,161,155,Mainstem,Headwater,FALSE,FALSE,4.726431511646313,0.7894521668029436,0.7894521668029443
sediment,jaccard,hja2016_135,hja2016_145,169,155,Headwater,Headwater,TRUE,FALSE,5.636640726344769,0.7295983086680762,0.729598308668077
sediment,jaccard,hja2016_136,hja2016_145,190,155,Headwater,Headwater,TRUE,FALSE,1.6578185194821493,0.6915150186362641,0.691515018636265
sediment,jaccard,hja2016_139,hja2016_145,CC-2,155,Headwater,Headwater,TRUE,FALSE,4.182209950631144,0.7138827322184164,0.7138827322184171
sediment,jaccard,hja2016_140,hja2016_145,CC-3,155,Headwater,Headwater,TRUE,FALSE,4.229231388321558,0.6849967525438405,0.6849967525438414
sediment,jaccard,hja2016_141,hja2016_145,CC-4,155,Headwater,Headwater,TRUE,FALSE,4.354488163811451,0.6953524571936847,0.6953524571936855
sediment,jaccard,hja2016_142,hja2016_145,KC-1,155,Intermediate,Headwater,FALSE,FALSE,3.892757701293267,0.7345790636929878,0.7345790636929885
sediment,jaccard,hja2016_144,hja2016_145,KC-3,155,Intermediate,Headwater,FALSE,FALSE,3.9328283491036142,0.7578347578347578,0.7578347578347586
sediment,jaccard,hja2016_127,hja2016_146,60,156,Headwater,Mainstem,FALSE,FALSE,1.6883344527400823,0.6975722543352602,0.697572254335261
sediment,jaccard,hja2016_129,hja2016_146,72,156,Intermediate,Mainstem,FALSE,FALSE,1.1323289049593568,0.7002419177479656,0.7002419177479664
sediment,jaccard,hja2016_131,hja2016_146,74,156,Headwater,Mainstem,FALSE,FALSE,0.8473804198788037,0.7139742319127849,0.7139742319127856
sediment,jaccard,hja2016_132,hja2016_146,84,156,Intermediate,Mainstem,FALSE,FALSE,3.141797753978806,0.7771144278606965,0.7771144278606973
sediment,jaccard,hja2016_133,hja2016_146,161,156,Mainstem,Mainstem,TRUE,FALSE,5.046713619199337,0.8052459016393442,0.8052459016393448
sediment,jaccard,hja2016_135,hja2016_146,169,156,Headwater,Mainstem,FALSE,FALSE,5.562214334068418,0.7613205442783849,0.7613205442783857
sediment,jaccard,hja2016_136,hja2016_146,190,156,Headwater,Mainstem,FALSE,FALSE,1.9981892624929278,0.5999491998983998,0.5999491998984008
sediment,jaccard,hja2016_139,hja2016_146,CC-2,156,Headwater,Mainstem,FALSE,FALSE,3.8561239081036267,0.7571817991193123,0.757181799119313
sediment,jaccard,hja2016_140,hja2016_146,CC-3,156,Headwater,Mainstem,FALSE,FALSE,3.9040276330604,0.5730251460502921,0.5730251460502931
sediment,jaccard,hja2016_141,hja2016_146,CC-4,156,Headwater,Mainstem,FALSE,FALSE,4.030078835811945,0.6,0.600000000000001
sediment,jaccard,hja2016_142,hja2016_146,KC-1,156,Intermediate,Mainstem,FALSE,FALSE,4.197454084098257,0.7793564563309653,0.7793564563309661
sediment,jaccard,hja2016_144,hja2016_146,KC-3,156,Intermediate,Mainstem,FALSE,FALSE,4.232869288893797,0.7952218430034129,0.7952218430034136
sediment,jaccard,hja2016_145,hja2016_146,155,156,Headwater,Mainstem,FALSE,FALSE,0.3431116459265739,0.6906631762652705,0.6906631762652713
sediment,jaccard,hja2016_127,hja2016_147,60,163,Headwater,Mainstem,FALSE,FALSE,8.087840948385834,0.8138814294567238,0.8138814294567245
sediment,jaccard,hja2016_129,hja2016_147,72,163,Intermediate,Mainstem,FALSE,FALSE,6.826733007213743,0.7796025952960259,0.7796025952960267
sediment,jaccard,hja2016_131,hja2016_147,74,163,Headwater,Mainstem,FALSE,FALSE,5.812042782449695,0.7866470480044141,0.7866470480044149
sediment,jaccard,hja2016_132,hja2016_147,84,163,Intermediate,Mainstem,FALSE,FALSE,8.129420621809267,0.7166016827416376,0.7166016827416384
sediment,jaccard,hja2016_133,hja2016_147,161,163,Mainstem,Mainstem,TRUE,FALSE,1.7418099846059318,0.5069630423138726,0.5069630423138737
sediment,jaccard,hja2016_135,hja2016_147,169,163,Headwater,Mainstem,FALSE,FALSE,10.983242958639073,0.7078959379278867,0.7078959379278875
sediment,jaccard,hja2016_136,hja2016_147,190,163,Headwater,Mainstem,FALSE,FALSE,4.78237690340892,0.8004694835680751,0.8004694835680758
sediment,jaccard,hja2016_139,hja2016_147,CC-2,163,Headwater,Mainstem,FALSE,FALSE,10.39713464093706,0.809232590254488,0.8092325902544887
sediment,jaccard,hja2016_140,hja2016_147,CC-3,163,Headwater,Mainstem,FALSE,FALSE,10.448136572435027,0.7899852102260723,0.7899852102260729
sediment,jaccard,hja2016_141,hja2016_147,CC-4,163,Headwater,Mainstem,FALSE,FALSE,10.57632335871193,0.798171129980405,0.7981711299804056
sediment,jaccard,hja2016_142,hja2016_147,KC-1,163,Intermediate,Mainstem,FALSE,FALSE,2.3880480077401316,0.8593061146252635,0.8593061146252642
sediment,jaccard,hja2016_144,hja2016_147,KC-3,163,Intermediate,Mainstem,FALSE,FALSE,2.344003348262344,0.8702904238618525,0.8702904238618531
sediment,jaccard,hja2016_145,hja2016_147,155,163,Headwater,Mainstem,FALSE,FALSE,6.276816552078394,0.7792648821414302,0.779264882141431
sediment,jaccard,hja2016_146,hja2016_147,156,163,Mainstem,Mainstem,TRUE,FALSE,6.575881272920605,0.793213828425096,0.7932138284250968
sediment,jaccard,hja2016_127,hja2016_148,60,165,Headwater,Headwater,TRUE,FALSE,2.984470013246444,0.7086511222488561,0.7086511222488568
sediment,jaccard,hja2016_129,hja2016_148,72,165,Intermediate,Headwater,FALSE,FALSE,4.054367161354285,0.7278506972928631,0.7278506972928639
sediment,jaccard,hja2016_131,hja2016_148,74,165,Headwater,Headwater,TRUE,FALSE,2.486092531866686,0.7400594574507617,0.7400594574507625
sediment,jaccard,hja2016_132,hja2016_148,84,165,Intermediate,Headwater,FALSE,FALSE,1.740573584418037,0.7850537837327798,0.7850537837327805
sediment,jaccard,hja2016_133,hja2016_148,161,165,Mainstem,Headwater,FALSE,FALSE,4.738210842389866,0.8193931939319393,0.81939319393194
sediment,jaccard,hja2016_135,hja2016_148,169,165,Headwater,Headwater,TRUE,FALSE,4.523547346559587,0.7757068062827225,0.7757068062827231
sediment,jaccard,hja2016_136,hja2016_148,190,165,Headwater,Headwater,TRUE,FALSE,2.3569016400935383,0.7508069722401549,0.7508069722401556
sediment,jaccard,hja2016_139,hja2016_148,CC-2,165,Headwater,Headwater,TRUE,FALSE,5.727507002970926,0.5504544395245864,0.5504544395245874
sediment,jaccard,hja2016_140,hja2016_148,CC-3,165,Headwater,Headwater,TRUE,FALSE,5.754882770679832,0.7529535864978902,0.7529535864978909
sediment,jaccard,hja2016_141,hja2016_148,CC-4,165,Headwater,Headwater,TRUE,FALSE,5.8538088684644185,0.7543131688141516,0.7543131688141523
sediment,jaccard,hja2016_142,hja2016_148,KC-1,165,Intermediate,Headwater,FALSE,FALSE,4.353465740672919,0.7438574938574938,0.7438574938574946
sediment,jaccard,hja2016_144,hja2016_148,KC-3,165,Intermediate,Headwater,FALSE,FALSE,4.455602370531951,0.7704884105960266,0.7704884105960272
sediment,jaccard,hja2016_145,hja2016_148,155,165,Headwater,Headwater,TRUE,FALSE,2.7034880111640116,0.7197478137075454,0.7197478137075461
sediment,jaccard,hja2016_146,hja2016_148,156,165,Mainstem,Headwater,FALSE,FALSE,2.9277219632984433,0.7621369514521942,0.762136951452195
sediment,jaccard,hja2016_147,hja2016_148,163,165,Mainstem,Headwater,FALSE,FALSE,6.479521327490033,0.8153754232224657,0.8153754232224664
sediment,jaccard,hja2016_127,hja2016_150,60,53,Headwater,Intermediate,FALSE,FALSE,0.843941994251911,0.6521142857142856,0.6521142857142865
sediment,jaccard,hja2016_129,hja2016_150,72,53,Intermediate,Intermediate,TRUE,FALSE,2.318232367399254,0.6883365200764818,0.6883365200764827
sediment,jaccard,hja2016_131,hja2016_150,74,53,Headwater,Intermediate,FALSE,FALSE,2.8262730679177457,0.6965250965250965,0.6965250965250974
sediment,jaccard,hja2016_132,hja2016_150,84,53,Intermediate,Intermediate,TRUE,FALSE,2.9608604590907506,0.7850236966824644,0.7850236966824652
sediment,jaccard,hja2016_133,hja2016_150,161,53,Mainstem,Intermediate,FALSE,FALSE,7.061635319859565,0.8173374613003095,0.8173374613003102
sediment,jaccard,hja2016_135,hja2016_150,169,53,Headwater,Intermediate,FALSE,FALSE,4.338681171298033,0.7683675629896254,0.7683675629896262
sediment,jaccard,hja2016_136,hja2016_150,190,53,Headwater,Intermediate,FALSE,FALSE,3.9377053512288027,0.644131455399061,0.6441314553990619
sediment,jaccard,hja2016_139,hja2016_150,CC-2,53,Headwater,Intermediate,FALSE,FALSE,1.9555130355457107,0.705353408615642,0.7053534086156429
sediment,jaccard,hja2016_140,hja2016_150,CC-3,53,Headwater,Intermediate,FALSE,FALSE,1.9924229875338328,0.6377952755905512,0.637795275590552
sediment,jaccard,hja2016_141,hja2016_150,CC-4,53,Headwater,Intermediate,FALSE,FALSE,2.106696937522007,0.6436424474187381,0.643642447418739
sediment,jaccard,hja2016_142,hja2016_150,KC-1,53,Intermediate,Intermediate,TRUE,FALSE,6.243572518432499,0.7225941422594142,0.722594142259415
sediment,jaccard,hja2016_144,hja2016_150,KC-3,53,Intermediate,Intermediate,TRUE,FALSE,6.284093009766845,0.7442650807136788,0.7442650807136796
sediment,jaccard,hja2016_145,hja2016_150,155,53,Headwater,Intermediate,FALSE,FALSE,2.351279158079764,0.6735817104149026,0.6735817104149034
sediment,jaccard,hja2016_146,hja2016_150,156,53,Mainstem,Intermediate,FALSE,FALSE,2.0611285165813715,0.6396628424256615,0.6396628424256624
sediment,jaccard,hja2016_147,hja2016_150,163,53,Mainstem,Intermediate,FALSE,FALSE,8.628089275204509,0.8078549848942599,0.8078549848942606
sediment,jaccard,hja2016_148,hja2016_150,165,53,Headwater,Intermediate,FALSE,FALSE,3.82637423445771,0.7116318344944058,0.7116318344944066
sediment,jaccard,hja2016_127,hja2016_151,60,64,Headwater,Headwater,TRUE,FALSE,4.4702604988722365,0.8305236728837877,0.8305236728837884
sediment,jaccard,hja2016_129,hja2016_151,72,64,Intermediate,Headwater,FALSE,FALSE,4.107162891729807,0.8016922263352724,0.801692226335273
sediment,jaccard,hja2016_131,hja2016_151,74,64,Headwater,Headwater,TRUE,FALSE,5.668804244272139,0.801819363222872,0.8018193632228727
sediment,jaccard,hja2016_132,hja2016_151,84,64,Intermediate,Headwater,FALSE,FALSE,6.591817046999826,0.7391538185729651,0.7391538185729659
sediment,jaccard,hja2016_133,hja2016_151,161,64,Mainstem,Headwater,FALSE,FALSE,9.56408518964265,0.5835934016941596,0.5835934016941606
sediment,jaccard,hja2016_135,hja2016_151,169,64,Headwater,Headwater,TRUE,FALSE,7.267906460213701,0.7353229923424308,0.7353229923424316
sediment,jaccard,hja2016_136,hja2016_151,190,64,Headwater,Headwater,TRUE,FALSE,6.787042159804198,0.8170055452865065,0.8170055452865072
sediment,jaccard,hja2016_139,hja2016_151,CC-2,64,Headwater,Headwater,TRUE,FALSE,2.314805977070016,0.8282324621733149,0.8282324621733156
sediment,jaccard,hja2016_140,hja2016_151,CC-3,64,Headwater,Headwater,TRUE,FALSE,2.338800087405425,0.8077698369067253,0.807769836906726
sediment,jaccard,hja2016_141,hja2016_151,CC-4,64,Headwater,Headwater,TRUE,FALSE,2.3515519483779084,0.8141942771084337,0.8141942771084344
sediment,jaccard,hja2016_142,hja2016_151,KC-1,64,Intermediate,Headwater,FALSE,FALSE,8.61336977942981,0.8730743469524448,0.8730743469524455
sediment,jaccard,hja2016_144,hja2016_151,KC-3,64,Intermediate,Headwater,FALSE,FALSE,8.607776917678327,0.8783250386133515,0.8783250386133522
sediment,jaccard,hja2016_145,hja2016_151,155,64,Headwater,Headwater,TRUE,FALSE,5.181163372418487,0.7994424115699599,0.7994424115699605
sediment,jaccard,hja2016_146,hja2016_151,156,64,Mainstem,Headwater,FALSE,FALSE,4.842127430350659,0.8129151291512916,0.8129151291512923
sediment,jaccard,hja2016_147,hja2016_151,163,64,Mainstem,Headwater,FALSE,FALSE,10.818339772798577,0.5735775016350556,0.5735775016350566
sediment,jaccard,hja2016_148,hja2016_151,165,64,Headwater,Headwater,TRUE,FALSE,7.384166429099786,0.8290687554395125,0.8290687554395132
sediment,jaccard,hja2016_150,hja2016_151,53,64,Intermediate,Headwater,FALSE,FALSE,3.6474848698361915,0.8257363253856943,0.825736325385695
sediment,jaccard,hja2016_127,hja2016_152,60,66,Headwater,Intermediate,FALSE,FALSE,0.7916979458552875,0.7217278055133493,0.72172780551335
sediment,jaccard,hja2016_129,hja2016_152,72,66,Intermediate,Intermediate,TRUE,FALSE,2.185057958366337,0.7215426083350611,0.7215426083350619
sediment,jaccard,hja2016_131,hja2016_152,74,66,Headwater,Intermediate,FALSE,FALSE,2.6942531116037487,0.7236941710825132,0.723694171082514
sediment,jaccard,hja2016_132,hja2016_152,84,66,Intermediate,Intermediate,TRUE,FALSE,2.9546204356213486,0.7956726246472249,0.7956726246472255
sediment,jaccard,hja2016_133,hja2016_152,161,66,Mainstem,Intermediate,FALSE,FALSE,6.9307551643013605,0.8066736183524504,0.8066736183524511
sediment,jaccard,hja2016_135,hja2016_152,169,66,Headwater,Intermediate,FALSE,FALSE,4.42497316486779,0.7859979101358412,0.7859979101358419
sediment,jaccard,hja2016_136,hja2016_152,190,66,Headwater,Intermediate,FALSE,FALSE,3.810551463420702,0.6764570904084443,0.6764570904084451
sediment,jaccard,hja2016_139,hja2016_152,CC-2,66,Headwater,Intermediate,FALSE,FALSE,2.059747136100822,0.7521695257315842,0.7521695257315849
sediment,jaccard,hja2016_140,hja2016_152,CC-3,66,Headwater,Intermediate,FALSE,FALSE,2.0986659976442885,0.6604332953249714,0.6604332953249723
sediment,jaccard,hja2016_141,hja2016_152,CC-4,66,Headwater,Intermediate,FALSE,FALSE,2.2154264775977484,0.6787129867101889,0.6787129867101898
sediment,jaccard,hja2016_142,hja2016_152,KC-1,66,Intermediate,Intermediate,TRUE,FALSE,6.108982619084611,0.7542390194075587,0.7542390194075594
sediment,jaccard,hja2016_144,hja2016_152,KC-3,66,Intermediate,Intermediate,TRUE,FALSE,6.148763255310639,0.7689741451209341,0.7689741451209348
sediment,jaccard,hja2016_145,hja2016_152,155,66,Headwater,Intermediate,FALSE,FALSE,2.2162689701069906,0.7110195674562307,0.7110195674562315
sediment,jaccard,hja2016_146,hja2016_152,156,66,Mainstem,Intermediate,FALSE,FALSE,1.9232626657009106,0.6659002069441251,0.665900206944126
sediment,jaccard,hja2016_147,hja2016_152,163,66,Mainstem,Intermediate,FALSE,FALSE,8.492757455369677,0.795639771801141,0.7956397718011416
sediment,jaccard,hja2016_148,hja2016_152,165,66,Headwater,Intermediate,FALSE,FALSE,3.7583929179677247,0.7517919311898423,0.7517919311898431
sediment,jaccard,hja2016_150,hja2016_152,53,66,Intermediate,Intermediate,TRUE,FALSE,0.14064939629732148,0.6432565421605905,0.6432565421605914
sediment,jaccard,hja2016_151,hja2016_152,64,66,Headwater,Intermediate,FALSE,FALSE,3.67942837990649,0.8138297872340425,0.8138297872340432
sediment,jaccard,hja2016_127,hja2016_155,60,82,Headwater,Headwater,TRUE,FALSE,3.1598670967806424,0.7117039586919104,0.7117039586919112
sediment,jaccard,hja2016_129,hja2016_155,72,82,Intermediate,Headwater,FALSE,FALSE,3.9525618374875444,0.7209064924458963,0.7209064924458971
sediment,jaccard,hja2016_131,hja2016_155,74,82,Headwater,Headwater,TRUE,FALSE,2.296213901973802,0.7327777777777779,0.7327777777777786
sediment,jaccard,hja2016_132,hja2016_155,84,82,Intermediate,Headwater,FALSE,FALSE,2.1610584199442915,0.7841376730265619,0.7841376730265626
sediment,jaccard,hja2016_133,hja2016_155,161,82,Mainstem,Headwater,FALSE,FALSE,4.286943167849313,0.8197485806974858,0.8197485806974865
sediment,jaccard,hja2016_135,hja2016_155,169,82,Headwater,Headwater,TRUE,FALSE,4.968950507720613,0.7755440414507772,0.7755440414507779
sediment,jaccard,hja2016_136,hja2016_155,190,82,Headwater,Headwater,TRUE,FALSE,1.9931048946836045,0.7593571579615142,0.7593571579615148
sediment,jaccard,hja2016_139,hja2016_155,CC-2,82,Headwater,Headwater,TRUE,FALSE,5.92227473640122,0.5532012897282359,0.5532012897282369
sediment,jaccard,hja2016_140,hja2016_155,CC-3,82,Headwater,Headwater,TRUE,FALSE,5.953129151079172,0.7582120582120582,0.758212058212059
sediment,jaccard,hja2016_141,hja2016_155,CC-4,82,Headwater,Headwater,TRUE,FALSE,6.057506744377992,0.76,0.7600000000000008
sediment,jaccard,hja2016_142,hja2016_155,KC-1,82,Intermediate,Headwater,FALSE,FALSE,3.907295164848863,0.7465614886731392,0.74656148867314
sediment,jaccard,hja2016_144,hja2016_155,KC-3,82,Intermediate,Headwater,FALSE,FALSE,4.010630777723462,0.7673511293634496,0.7673511293634504
sediment,jaccard,hja2016_145,hja2016_155,155,82,Headwater,Headwater,TRUE,FALSE,2.5874879010204865,0.7263073532358244,0.7263073532358252
sediment,jaccard,hja2016_146,hja2016_155,156,82,Mainstem,Headwater,FALSE,FALSE,2.850196389644038,0.7698561601000625,0.7698561601000632
sediment,jaccard,hja2016_147,hja2016_155,163,82,Mainstem,Headwater,FALSE,FALSE,6.028425582438306,0.814595660749507,0.8145956607495076
sediment,jaccard,hja2016_148,hja2016_155,165,82,Headwater,Headwater,TRUE,FALSE,0.45183179141541635,0.5578579743888242,0.5578579743888252
sediment,jaccard,hja2016_150,hja2016_155,53,82,Intermediate,Headwater,FALSE,FALSE,3.9885280307209876,0.7132122730118973,0.713212273011898
sediment,jaccard,hja2016_151,hja2016_155,64,82,Headwater,Headwater,TRUE,FALSE,7.469977460860918,0.8302894555478979,0.8302894555478986
sediment,jaccard,hja2016_152,hja2016_155,66,82,Intermediate,Headwater,FALSE,FALSE,3.907476983902062,0.7528863682398217,0.7528863682398224
sediment,jaccard,hja2016_127,hja2016_157,60,43,Headwater,Headwater,TRUE,FALSE,0.43829673954452925,0.6843440166013373,0.684344016601338
sediment,jaccard,hja2016_129,hja2016_157,72,43,Intermediate,Headwater,FALSE,FALSE,1.9330416318260826,0.7556156405990017,0.7556156405990024
sediment,jaccard,hja2016_131,hja2016_157,74,43,Headwater,Headwater,TRUE,FALSE,2.104517473733738,0.7651044607566347,0.7651044607566354
sediment,jaccard,hja2016_132,hja2016_157,84,43,Intermediate,Headwater,FALSE,FALSE,2.588975271772396,0.7975246567395088,0.7975246567395095
sediment,jaccard,hja2016_133,hja2016_157,161,43,Mainstem,Headwater,FALSE,FALSE,6.330734395453319,0.824241137762683,0.8242411377626837
sediment,jaccard,hja2016_135,hja2016_157,169,43,Headwater,Headwater,TRUE,FALSE,4.461856850895007,0.7898472789847278,0.7898472789847286
sediment,jaccard,hja2016_136,hja2016_157,190,43,Headwater,Headwater,TRUE,FALSE,3.1990312708849933,0.7657458563535912,0.7657458563535919
sediment,jaccard,hja2016_139,hja2016_157,CC-2,43,Headwater,Headwater,TRUE,FALSE,2.6921524527435077,0.6740331491712707,0.6740331491712716
sediment,jaccard,hja2016_140,hja2016_157,CC-3,43,Headwater,Headwater,TRUE,FALSE,2.7312358203767375,0.7423204419889503,0.7423204419889511
sediment,jaccard,hja2016_141,hja2016_157,CC-4,43,Headwater,Headwater,TRUE,FALSE,2.8479142557566735,0.7561805398049445,0.7561805398049452
sediment,jaccard,hja2016_142,hja2016_157,KC-1,43,Intermediate,Headwater,FALSE,FALSE,5.528641893507325,0.7970307097823877,0.7970307097823883
sediment,jaccard,hja2016_144,hja2016_157,KC-3,43,Intermediate,Headwater,FALSE,FALSE,5.573499905597643,0.802887633396108,0.8028876333961087
sediment,jaccard,hja2016_145,hja2016_157,155,43,Headwater,Headwater,TRUE,FALSE,1.649851378523625,0.7489703459637562,0.748970345963757
sediment,jaccard,hja2016_146,hja2016_157,156,43,Mainstem,Headwater,FALSE,FALSE,1.3930020115369202,0.749387936790563,0.7493879367905637
sediment,jaccard,hja2016_147,hja2016_157,163,43,Mainstem,Headwater,FALSE,FALSE,7.916071059453279,0.8153050672182006,0.8153050672182013
sediment,jaccard,hja2016_148,hja2016_157,165,43,Headwater,Headwater,TRUE,FALSE,3.184298569352243,0.6794728612910431,0.679472861291044
sediment,jaccard,hja2016_150,hja2016_157,53,43,Intermediate,Headwater,FALSE,FALSE,0.7467414187501219,0.7095854354025005,0.7095854354025013
sediment,jaccard,hja2016_151,hja2016_157,64,43,Headwater,Headwater,TRUE,FALSE,4.2048261934227975,0.8309378368666906,0.8309378368666913
sediment,jaccard,hja2016_152,hja2016_157,66,43,Intermediate,Headwater,FALSE,FALSE,0.6325793666328499,0.761854583772392,0.7618545837723928
sediment,jaccard,hja2016_155,hja2016_157,82,43,Headwater,Headwater,TRUE,FALSE,3.3052503760474305,0.6671128960285586,0.6671128960285595
sediment,jaccard,hja2016_127,hja2016_159,60,49,Headwater,Mainstem,FALSE,FALSE,4.160430280666553,0.6661988304093568,0.6661988304093577
sediment,jaccard,hja2016_129,hja2016_159,72,49,Intermediate,Mainstem,FALSE,FALSE,3.609179882989723,0.7033181522446325,0.7033181522446332
sediment,jaccard,hja2016_131,hja2016_159,74,49,Headwater,Mainstem,FALSE,FALSE,2.054300913630195,0.7215831546110353,0.7215831546110361
sediment,jaccard,hja2016_132,hja2016_159,84,49,Intermediate,Mainstem,FALSE,FALSE,4.121453218560494,0.7976006191950464,0.7976006191950471
sediment,jaccard,hja2016_133,hja2016_159,161,49,Mainstem,Mainstem,TRUE,FALSE,2.341895721205322,0.8255887969446213,0.825588796944622
sediment,jaccard,hja2016_135,hja2016_159,169,49,Headwater,Mainstem,FALSE,FALSE,6.986032507694378,0.7852203975799481,0.7852203975799488
sediment,jaccard,hja2016_136,hja2016_159,190,49,Headwater,Mainstem,FALSE,FALSE,0.9031594274440791,0.7266712297513118,0.7266712297513126
sediment,jaccard,hja2016_139,hja2016_159,CC-2,49,Headwater,Mainstem,FALSE,FALSE,6.7167947763350355,0.6781305114638447,0.6781305114638456
sediment,jaccard,hja2016_140,hja2016_159,CC-3,49,Headwater,Mainstem,FALSE,FALSE,6.761361697967528,0.7285937849318131,0.7285937849318139
sediment,jaccard,hja2016_141,hja2016_159,CC-4,49,Headwater,Mainstem,FALSE,FALSE,6.884054047839835,0.7311877749479047,0.7311877749479054
sediment,jaccard,hja2016_142,hja2016_159,KC-1,49,Intermediate,Mainstem,FALSE,FALSE,1.7769687940183916,0.720008661758337,0.7200086617583378
sediment,jaccard,hja2016_144,hja2016_159,KC-3,49,Intermediate,Mainstem,FALSE,FALSE,1.8725937278315563,0.7374116607773851,0.7374116607773858
sediment,jaccard,hja2016_145,hja2016_159,155,49,Headwater,Mainstem,FALSE,FALSE,2.560382190779634,0.701112537441164,0.7011125374411649
sediment,jaccard,hja2016_146,hja2016_159,156,49,Mainstem,Mainstem,TRUE,FALSE,2.9012067395944756,0.7304996608636672,0.730499660863668
sediment,jaccard,hja2016_147,hja2016_159,163,49,Mainstem,Mainstem,TRUE,FALSE,4.0473204866517065,0.8166218730618151,0.8166218730618158
sediment,jaccard,hja2016_148,hja2016_159,165,49,Headwater,Mainstem,FALSE,FALSE,2.5925569075085497,0.6762267533049519,0.6762267533049527
sediment,jaccard,hja2016_150,hja2016_159,53,49,Intermediate,Mainstem,FALSE,FALSE,4.814042272951111,0.6662885662431941,0.666288566243195
sediment,jaccard,hja2016_151,hja2016_159,64,49,Headwater,Mainstem,FALSE,FALSE,7.678231933196766,0.8350053744177715,0.8350053744177721
sediment,jaccard,hja2016_152,hja2016_159,66,49,Intermediate,Mainstem,FALSE,FALSE,4.6900135526770725,0.7062582635522257,0.7062582635522264
sediment,jaccard,hja2016_155,hja2016_159,82,49,Headwater,Mainstem,FALSE,FALSE,2.153995168634725,0.6800795931903604,0.6800795931903613
sediment,jaccard,hja2016_157,hja2016_159,43,49,Headwater,Mainstem,FALSE,FALSE,4.070292698365393,0.6981002517738613,0.6981002517738621
sediment,jaccard,hja2016_127,hja2016_160,60,50,Headwater,Mainstem,FALSE,FALSE,4.372939622842823,0.7694270470888425,0.7694270470888431
sediment,jaccard,hja2016_129,hja2016_160,72,50,Intermediate,Mainstem,FALSE,FALSE,3.851171635490038,0.814610320662561,0.8146103206625617
sediment,jaccard,hja2016_131,hja2016_160,74,50,Headwater,Mainstem,FALSE,FALSE,2.292495537776321,0.8199233716475095,0.8199233716475102
sediment,jaccard,hja2016_132,hja2016_160,84,50,Intermediate,Mainstem,FALSE,FALSE,4.246017612985033,0.8488026914704135,0.8488026914704142
sediment,jaccard,hja2016_133,hja2016_160,161,50,Mainstem,Mainstem,TRUE,FALSE,2.169804864176701,0.8164017507486754,0.816401750748676
sediment,jaccard,hja2016_135,hja2016_160,169,50,Headwater,Mainstem,FALSE,FALSE,7.108173544876014,0.8419769503546098,0.8419769503546105
sediment,jaccard,hja2016_136,hja2016_160,190,50,Headwater,Mainstem,FALSE,FALSE,1.1428519739161838,0.8292682926829268,0.8292682926829275
sediment,jaccard,hja2016_139,hja2016_160,CC-2,50,Headwater,Mainstem,FALSE,FALSE,6.947658916934424,0.7543937708565073,0.7543937708565079
sediment,jaccard,hja2016_140,hja2016_160,CC-3,50,Headwater,Mainstem,FALSE,FALSE,6.9918171498268915,0.7949886104783599,0.7949886104783607
sediment,jaccard,hja2016_141,hja2016_160,CC-4,50,Headwater,Mainstem,FALSE,FALSE,7.114056139381433,0.8198281866728581,0.8198281866728587
sediment,jaccard,hja2016_142,hja2016_160,KC-1,50,Intermediate,Mainstem,FALSE,FALSE,1.6895004813369803,0.8517284464806332,0.8517284464806338
sediment,jaccard,hja2016_144,hja2016_160,KC-3,50,Intermediate,Mainstem,FALSE,FALSE,1.7941392585029257,0.8622754491017963,0.862275449101797
sediment,jaccard,hja2016_145,hja2016_160,155,50,Headwater,Mainstem,FALSE,FALSE,2.7983490360180947,0.8132189918427107,0.8132189918427114
sediment,jaccard,hja2016_146,hja2016_160,156,50,Mainstem,Mainstem,TRUE,FALSE,3.139772961593223,0.7954755309325946,0.7954755309325953
sediment,jaccard,hja2016_147,hja2016_160,163,50,Mainstem,Mainstem,TRUE,FALSE,3.8934157328064014,0.8196321737203633,0.819632173720364
sediment,jaccard,hja2016_148,hja2016_160,165,50,Headwater,Mainstem,FALSE,FALSE,2.6649815544636604,0.7590632740373789,0.7590632740373797
sediment,jaccard,hja2016_150,hja2016_160,53,50,Intermediate,Mainstem,FALSE,FALSE,5.038599267909391,0.7914462081128747,0.7914462081128754
sediment,jaccard,hja2016_151,hja2016_160,64,50,Headwater,Mainstem,FALSE,FALSE,7.920890750185404,0.8404861374857576,0.8404861374857583
sediment,jaccard,hja2016_152,hja2016_160,66,50,Intermediate,Mainstem,FALSE,FALSE,4.9158277562991595,0.793475865109103,0.7934758651091037
sediment,jaccard,hja2016_155,hja2016_160,82,50,Headwater,Mainstem,FALSE,FALSE,2.2179390193908852,0.75240653682561,0.7524065368256108
sediment,jaccard,hja2016_157,hja2016_160,43,50,Headwater,Mainstem,FALSE,FALSE,4.2936302421384696,0.6893732970027248,0.6893732970027256
sediment,jaccard,hja2016_159,hja2016_160,49,50,Mainstem,Mainstem,TRUE,FALSE,0.24273400205347304,0.7787017787017787,0.7787017787017794
sediment,jaccard,hja2016_127,hja2016_122,60,45,Headwater,Intermediate,FALSE,FALSE,1.6250426909634144,0.679711157698579,0.6797111576985799
sediment,jaccard,hja2016_129,hja2016_122,72,45,Intermediate,Intermediate,TRUE,FALSE,1.5031548243201551,0.7231529209621993,0.7231529209622001
sediment,jaccard,hja2016_131,hja2016_122,74,45,Headwater,Intermediate,FALSE,FALSE,0.687801726312395,0.7392732895245459,0.7392732895245466
sediment,jaccard,hja2016_132,hja2016_122,84,45,Intermediate,Intermediate,TRUE,FALSE,2.8321441559473333,0.7957911145752143,0.795791114575215
sediment,jaccard,hja2016_133,hja2016_122,161,45,Mainstem,Intermediate,FALSE,FALSE,4.921033327124183,0.8253256459534486,0.8253256459534493
sediment,jaccard,hja2016_135,hja2016_122,169,45,Headwater,Intermediate,FALSE,FALSE,5.345801792731154,0.784688995215311,0.7846889952153118
sediment,jaccard,hja2016_136,hja2016_122,190,45,Headwater,Intermediate,FALSE,FALSE,1.8079536176690825,0.7416061705989111,0.7416061705989119
sediment,jaccard,hja2016_139,hja2016_122,CC-2,45,Headwater,Intermediate,FALSE,FALSE,4.016991875122672,0.6824309392265194,0.6824309392265203
sediment,jaccard,hja2016_140,hja2016_122,CC-3,45,Headwater,Intermediate,FALSE,FALSE,4.061978904697343,0.7381696428571429,0.7381696428571437
sediment,jaccard,hja2016_141,hja2016_122,CC-4,45,Headwater,Intermediate,FALSE,FALSE,4.185259707250455,0.7471819645732689,0.7471819645732697
sediment,jaccard,hja2016_142,hja2016_122,KC-1,45,Intermediate,Intermediate,TRUE,FALSE,4.1119133709854285,0.7342235623519278,0.7342235623519285
sediment,jaccard,hja2016_144,hja2016_122,KC-3,45,Intermediate,Intermediate,TRUE,FALSE,4.1573965830971895,0.7463048753584822,0.7463048753584829
sediment,jaccard,hja2016_145,hja2016_122,155,45,Headwater,Intermediate,FALSE,FALSE,0.291802123085394,0.711419423692636,0.7114194236926368
sediment,jaccard,hja2016_146,hja2016_122,156,45,Mainstem,Intermediate,FALSE,FALSE,0.37207495473301677,0.7416009019165728,0.7416009019165736
sediment,jaccard,hja2016_147,hja2016_122,163,45,Mainstem,Intermediate,FALSE,FALSE,6.499479267871199,0.822190022769613,0.8221900227696136
sediment,jaccard,hja2016_148,hja2016_122,165,45,Headwater,Intermediate,FALSE,FALSE,2.555765257069271,0.6829596412556054,0.6829596412556063
sediment,jaccard,hja2016_150,hja2016_122,53,45,Intermediate,Intermediate,TRUE,FALSE,2.140649725875718,0.6999555160142348,0.6999555160142356
sediment,jaccard,hja2016_151,hja2016_122,64,45,Headwater,Intermediate,FALSE,FALSE,5.137385112274831,0.8408887296183479,0.8408887296183486
sediment,jaccard,hja2016_152,hja2016_122,66,45,Intermediate,Intermediate,TRUE,FALSE,2.0099286486522527,0.7230365346751259,0.7230365346751266
sediment,jaccard,hja2016_155,hja2016_122,82,45,Headwater,Intermediate,FALSE,FALSE,2.4848588729812335,0.6843971631205674,0.6843971631205683
sediment,jaccard,hja2016_157,hja2016_122,43,45,Headwater,Intermediate,FALSE,FALSE,1.416759933054031,0.6996320147194113,0.6996320147194122
sediment,jaccard,hja2016_159,hja2016_122,49,45,Mainstem,Intermediate,FALSE,FALSE,2.700275534049342,0.62262311067771825,0.6226231106777191
sediment,jaccard,hja2016_160,hja2016_122,50,45,Mainstem,Intermediate,FALSE,FALSE,2.9327068237393674,0.7760950605778191,0.7760950605778197
sediment,jaccard,hja2016_127,hja2016_125,60,56,Headwater,Intermediate,FALSE,FALSE,4.636456539619618,0.6573006724303554,0.6573006724303563
sediment,jaccard,hja2016_129,hja2016_125,72,56,Intermediate,Intermediate,TRUE,FALSE,3.9283826074445325,0.7052074139452781,0.705207413945279
sediment,jaccard,hja2016_131,hja2016_125,74,56,Headwater,Intermediate,FALSE,FALSE,2.4724219025831897,0.7278468521807776,0.7278468521807784
sediment,jaccard,hja2016_132,hja2016_125,84,56,Intermediate,Intermediate,TRUE,FALSE,4.612554690216337,0.7871621621621622,0.7871621621621628
sediment,jaccard,hja2016_133,hja2016_125,161,56,Mainstem,Intermediate,FALSE,FALSE,1.844852400188995,0.8126094570928196,0.8126094570928203
sediment,jaccard,hja2016_135,hja2016_125,169,56,Headwater,Intermediate,FALSE,FALSE,7.476558204006406,0.7775066548358474,0.777506654835848
sediment,jaccard,hja2016_136,hja2016_125,190,56,Headwater,Intermediate,FALSE,FALSE,1.3317820160216887,0.7282027435480121,0.7282027435480128
sediment,jaccard,hja2016_139,hja2016_125,CC-2,56,Headwater,Intermediate,FALSE,FALSE,7.152865918467704,0.6706573300203298,0.6706573300203307
sediment,jaccard,hja2016_140,hja2016_125,CC-3,56,Headwater,Intermediate,FALSE,FALSE,7.198699865018101,0.7219802887921155,0.7219802887921163
sediment,jaccard,hja2016_141,hja2016_125,CC-4,56,Headwater,Intermediate,FALSE,FALSE,7.322703919578176,0.7319319792158715,0.7319319792158723
sediment,jaccard,hja2016_142,hja2016_125,KC-1,56,Intermediate,Intermediate,TRUE,FALSE,1.30455344033522,0.725834797891037,0.7258347978910378
sediment,jaccard,hja2016_144,hja2016_125,KC-3,56,Intermediate,Intermediate,TRUE,FALSE,1.4081572548722108,0.7402247191011235,0.7402247191011243
sediment,jaccard,hja2016_145,hja2016_125,155,56,Headwater,Intermediate,FALSE,FALSE,2.976118723568283,0.7037842540234884,0.7037842540234893
sediment,jaccard,hja2016_146,hja2016_125,156,56,Mainstem,Intermediate,FALSE,FALSE,3.311532028696315,0.7288683602771362,0.728868360277137
sediment,jaccard,hja2016_147,hja2016_125,163,56,Mainstem,Intermediate,FALSE,FALSE,3.546781339190444,0.8077740016992353,0.807774001699236
sediment,jaccard,hja2016_148,hja2016_125,165,56,Headwater,Intermediate,FALSE,FALSE,3.048936684253621,0.6630535055350554,0.6630535055350563
sediment,jaccard,hja2016_150,hja2016_125,53,56,Intermediate,Intermediate,TRUE,FALSE,5.268899402029398,0.6761533165021805,0.6761533165021814
sediment,jaccard,hja2016_151,hja2016_125,64,56,Headwater,Intermediate,FALSE,FALSE,8.02613481280829,0.8269407230684528,0.8269407230684535
sediment,jaccard,hja2016_152,hja2016_125,66,56,Intermediate,Intermediate,TRUE,FALSE,5.1421580545612855,0.7180057867794347,0.7180057867794355
sediment,jaccard,hja2016_155,hja2016_125,82,56,Headwater,Intermediate,FALSE,FALSE,2.6028867778355775,0.6741344195519348,0.6741344195519356
sediment,jaccard,hja2016_157,hja2016_125,43,56,Headwater,Intermediate,FALSE,FALSE,4.5288136841496085,0.680624556422995,0.6806245564229959
sediment,jaccard,hja2016_159,hja2016_125,49,56,Mainstem,Intermediate,FALSE,FALSE,0.5005665470318107,0.6077941543842119,0.6077941543842129
sediment,jaccard,hja2016_160,hja2016_125,50,56,Mainstem,Intermediate,FALSE,FALSE,0.3863325210833547,0.7687916270218839,0.7687916270218845
sediment,jaccard,hja2016_122,hja2016_125,45,56,Intermediate,Intermediate,TRUE,FALSE,3.13890661390323,0.5605509355509355,0.5605509355509365
sediment,jaccard,hja2016_127,hja2016_164,60,260,Headwater,Intermediate,FALSE,FALSE,1.56942901701195,0.7402826855123675,0.7402826855123683
sediment,jaccard,hja2016_129,hja2016_164,72,260,Intermediate,Intermediate,TRUE,FALSE,0.9640829338325585,0.7184486822369831,0.7184486822369839
sediment,jaccard,hja2016_131,hja2016_164,74,260,Headwater,Intermediate,FALSE,FALSE,1.1467052171477534,0.7332947083816145,0.7332947083816153
sediment,jaccard,hja2016_132,hja2016_164,84,260,Intermediate,Intermediate,TRUE,FALSE,3.228932346034192,0.7715415019762847,0.7715415019762853
sediment,jaccard,hja2016_133,hja2016_164,161,260,Mainstem,Intermediate,FALSE,FALSE,5.323452720625603,0.7952567449956484,0.795256744995649
sediment,jaccard,hja2016_135,hja2016_164,169,260,Headwater,Intermediate,FALSE,FALSE,5.533804490785081,0.7620515078142197,0.7620515078142205
sediment,jaccard,hja2016_136,hja2016_164,190,260,Headwater,Intermediate,FALSE,FALSE,2.295581743266585,0.7079379773200648,0.7079379773200656
sediment,jaccard,hja2016_139,hja2016_164,CC-2,260,Headwater,Intermediate,FALSE,FALSE,3.579772772235066,0.7449257166771291,0.7449257166771299
sediment,jaccard,hja2016_140,hja2016_164,CC-3,260,Headwater,Intermediate,FALSE,FALSE,3.6287087156318636,0.7008449417675268,0.7008449417675277
sediment,jaccard,hja2016_141,hja2016_164,CC-4,260,Headwater,Intermediate,FALSE,FALSE,3.7556022390541584,0.7021780303030303,0.7021780303030312
sediment,jaccard,hja2016_142,hja2016_164,KC-1,260,Intermediate,Intermediate,TRUE,FALSE,4.461000698565809,0.760377358490566,0.7603773584905666
sediment,jaccard,hja2016_144,hja2016_164,KC-3,260,Intermediate,Intermediate,TRUE,FALSE,4.49232884565094,0.7722198368398454,0.7722198368398461
sediment,jaccard,hja2016_145,hja2016_164,155,260,Headwater,Intermediate,FALSE,FALSE,0.6444961682298386,0.7128020347604918,0.7128020347604925
sediment,jaccard,hja2016_146,hja2016_164,156,260,Mainstem,Intermediate,FALSE,FALSE,0.3017481691617469,0.7152333028362307,0.7152333028362314
sediment,jaccard,hja2016_147,hja2016_164,163,260,Mainstem,Intermediate,FALSE,FALSE,6.832386313081748,0.7793647409933916,0.7793647409933923
sediment,jaccard,hja2016_148,hja2016_164,165,260,Headwater,Intermediate,FALSE,FALSE,3.1559811845392516,0.7393344709897611,0.7393344709897619
sediment,jaccard,hja2016_150,hja2016_164,53,260,Intermediate,Intermediate,TRUE,FALSE,1.834906158704367,0.7037690103592683,0.7037690103592692
sediment,jaccard,hja2016_151,hja2016_164,64,260,Headwater,Intermediate,FALSE,FALSE,4.541749775317034,0.8035681441971675,0.8035681441971682
sediment,jaccard,hja2016_152,hja2016_164,66,260,Intermediate,Intermediate,TRUE,FALSE,1.6948688066218593,0.6621867881548975,0.6621867881548984
sediment,jaccard,hja2016_155,hja2016_164,82,260,Headwater,Intermediate,FALSE,FALSE,3.1052022993161335,0.7445869245322682,0.7445869245322689
sediment,jaccard,hja2016_157,hja2016_164,43,260,Headwater,Intermediate,FALSE,FALSE,1.220536938130191,0.7546509082950318,0.7546509082950325
sediment,jaccard,hja2016_159,hja2016_164,49,260,Mainstem,Intermediate,FALSE,FALSE,3.198739163665169,0.7135746606334842,0.713574660633485
sediment,jaccard,hja2016_160,hja2016_164,50,260,Mainstem,Intermediate,FALSE,FALSE,3.4379605879875363,0.797681291202546,0.7976812912025467
sediment,jaccard,hja2016_122,hja2016_164,45,260,Intermediate,Intermediate,TRUE,FALSE,0.6251123775760749,0.7012867647058824,0.7012867647058831
sediment,jaccard,hja2016_125,hja2016_164,56,260,Intermediate,Intermediate,TRUE,FALSE,3.603369829645204,0.6854515444470645,0.6854515444470654
sediment,jaccard,hja2016_127,hja2016_166,60,57,Headwater,Intermediate,FALSE,FALSE,3.7240220248684044,0.7803594914511179,0.7803594914511186
sediment,jaccard,hja2016_129,hja2016_166,72,57,Intermediate,Intermediate,TRUE,FALSE,3.559319738109018,0.8209527654420671,0.8209527654420677
sediment,jaccard,hja2016_131,hja2016_166,74,57,Headwater,Intermediate,FALSE,FALSE,1.8605061825260576,0.8333333333333333,0.8333333333333339
sediment,jaccard,hja2016_132,hja2016_166,84,57,Intermediate,Intermediate,TRUE,FALSE,3.474646831671136,0.8490244364462967,0.8490244364462973
sediment,jaccard,hja2016_133,hja2016_166,161,57,Mainstem,Intermediate,FALSE,FALSE,2.9308297948121504,0.8358498705780845,0.8358498705780851
sediment,jaccard,hja2016_135,hja2016_166,169,57,Headwater,Intermediate,FALSE,FALSE,6.336905086978634,0.8447440488729724,0.844744048872973
sediment,jaccard,hja2016_136,hja2016_166,190,57,Headwater,Intermediate,FALSE,FALSE,0.8754754711668037,0.8337261624169702,0.8337261624169708
sediment,jaccard,hja2016_139,hja2016_166,CC-2,57,Headwater,Intermediate,FALSE,FALSE,6.379130242831004,0.7742205482318476,0.7742205482318483
sediment,jaccard,hja2016_140,hja2016_166,CC-3,57,Headwater,Intermediate,FALSE,FALSE,6.420255069835962,0.8097383097383097,0.8097383097383104
sediment,jaccard,hja2016_141,hja2016_166,CC-4,57,Headwater,Intermediate,FALSE,FALSE,6.538966529790612,0.832859951933581,0.8328599519335816
sediment,jaccard,hja2016_142,hja2016_166,KC-1,57,Intermediate,Intermediate,TRUE,FALSE,2.443566572427457,0.8547907161277524,0.854790716127753
sediment,jaccard,hja2016_144,hja2016_166,KC-3,57,Intermediate,Intermediate,TRUE,FALSE,2.5424818644375446,0.8717896865520728,0.8717896865520735
sediment,jaccard,hja2016_145,hja2016_166,155,57,Headwater,Intermediate,FALSE,FALSE,2.3428130931445623,0.8228174603174604,0.8228174603174611
sediment,jaccard,hja2016_146,hja2016_166,156,57,Mainstem,Intermediate,FALSE,FALSE,2.6830531394268315,0.8121882454998915,0.8121882454998922
sediment,jaccard,hja2016_147,hja2016_166,163,57,Mainstem,Intermediate,FALSE,FALSE,4.6612861800711904,0.8389108293494076,0.8389108293494083
sediment,jaccard,hja2016_148,hja2016_166,165,57,Headwater,Intermediate,FALSE,FALSE,1.9176684226398057,0.7775423728813559,0.7775423728813565
sediment,jaccard,hja2016_150,hja2016_166,53,57,Intermediate,Intermediate,TRUE,FALSE,4.439753477031632,0.7994562944374739,0.7994562944374746
sediment,jaccard,hja2016_151,hja2016_166,64,57,Headwater,Intermediate,FALSE,FALSE,7.523887350894997,0.8510830324909747,0.8510830324909754
sediment,jaccard,hja2016_152,hja2016_166,66,57,Intermediate,Intermediate,TRUE,FALSE,4.324866226572655,0.815251084934904,0.8152510849349046
sediment,jaccard,hja2016_155,hja2016_166,82,57,Headwater,Intermediate,FALSE,FALSE,1.479691727229993,0.7781269641734758,0.7781269641734765
sediment,jaccard,hja2016_157,hja2016_166,43,57,Headwater,Intermediate,FALSE,FALSE,3.6937031426941225,0.7155750983568617,0.7155750983568625
sediment,jaccard,hja2016_159,hja2016_166,49,57,Mainstem,Intermediate,FALSE,FALSE,0.6749353772126016,0.7919843171422347,0.7919843171422354
sediment,jaccard,hja2016_160,hja2016_166,50,57,Mainstem,Intermediate,FALSE,FALSE,0.7713834598715575,0.6320403825717322,0.6320403825717331
sediment,jaccard,hja2016_122,hja2016_166,45,57,Intermediate,Intermediate,TRUE,FALSE,2.414708052257986,0.7726564239590291,0.7726564239590298
sediment,jaccard,hja2016_125,hja2016_166,56,57,Intermediate,Intermediate,TRUE,FALSE,1.1437086435191255,0.7622409473923935,0.7622409473923942
sediment,jaccard,hja2016_164,hja2016_166,260,57,Intermediate,Intermediate,TRUE,FALSE,2.984411380971293,0.7960069444444445,0.7960069444444452
sediment,jaccard,hja2016_127,hja2016_167,60,WS3-1,Headwater,Headwater,TRUE,FALSE,7.218754408341704,0.8112290008841734,0.811229000884174
sediment,jaccard,hja2016_129,hja2016_167,72,WS3-1,Intermediate,Headwater,FALSE,FALSE,6.03375747956808,0.7939859245041587,0.7939859245041594
sediment,jaccard,hja2016_131,hja2016_167,74,WS3-1,Headwater,Headwater,TRUE,FALSE,4.951393998855672,0.8057099061122821,0.8057099061122828
sediment,jaccard,hja2016_132,hja2016_167,84,WS3-1,Intermediate,Headwater,FALSE,FALSE,7.255868780295749,0.7390280453864269,0.7390280453864276
sediment,jaccard,hja2016_133,hja2016_167,161,WS3-1,Mainstem,Headwater,FALSE,FALSE,0.8881707735254691,0.5804957777172433,0.5804957777172443
sediment,jaccard,hja2016_135,hja2016_167,169,WS3-1,Headwater,Headwater,TRUE,FALSE,10.112802620259712,0.7261360904063477,0.7261360904063485
sediment,jaccard,hja2016_136,hja2016_167,190,WS3-1,Headwater,Headwater,TRUE,FALSE,3.907019029367415,0.8114401989599819,0.8114401989599825
sediment,jaccard,hja2016_139,hja2016_167,CC-2,WS3-1,Headwater,Headwater,TRUE,FALSE,9.564816322305347,0.8136373143693788,0.8136373143693795
sediment,jaccard,hja2016_140,hja2016_167,CC-3,WS3-1,Headwater,Headwater,TRUE,FALSE,9.615018212769046,0.7948314606741572,0.7948314606741579
sediment,jaccard,hja2016_141,hja2016_167,CC-4,WS3-1,Headwater,Headwater,TRUE,FALSE,9.742718146773617,0.7992547741034001,0.7992547741034007
sediment,jaccard,hja2016_142,hja2016_167,KC-1,WS3-1,Intermediate,Headwater,FALSE,FALSE,1.5308837300103362,0.8665043619395415,0.8665043619395422
sediment,jaccard,hja2016_144,hja2016_167,KC-3,WS3-1,Intermediate,Headwater,FALSE,FALSE,1.500920057447136,0.875052148518982,0.8750521485189827
sediment,jaccard,hja2016_145,hja2016_167,155,WS3-1,Headwater,Headwater,TRUE,FALSE,5.42307175950972,0.7916316232127838,0.7916316232127845
sediment,jaccard,hja2016_146,hja2016_167,156,WS3-1,Mainstem,Headwater,FALSE,FALSE,5.728311675779372,0.7991375397185656,0.7991375397185663
sediment,jaccard,hja2016_147,hja2016_167,163,WS3-1,Mainstem,Headwater,FALSE,FALSE,0.8806137085049516,0.5706723133933298,0.5706723133933308
sediment,jaccard,hja2016_148,hja2016_167,165,WS3-1,Headwater,Headwater,TRUE,FALSE,5.618406696289105,0.8116620557565439,0.8116620557565446
sediment,jaccard,hja2016_150,hja2016_167,53,WS3-1,Intermediate,Headwater,FALSE,FALSE,7.773388434255874,0.8143009605122732,0.8143009605122739
sediment,jaccard,hja2016_151,hja2016_167,64,WS3-1,Headwater,Headwater,TRUE,FALSE,10.070129438604102,0.6274988893824968,0.6274988893824978
sediment,jaccard,hja2016_152,hja2016_167,66,WS3-1,Intermediate,Headwater,FALSE,FALSE,7.639113727703014,0.8094011590470057,0.8094011590470064
sediment,jaccard,hja2016_155,hja2016_167,82,WS3-1,Headwater,Headwater,TRUE,FALSE,5.166722567610735,0.8193224592220827,0.8193224592220834
sediment,jaccard,hja2016_157,hja2016_167,43,WS3-1,Headwater,Headwater,TRUE,FALSE,7.05584350824747,0.8151093439363817,0.8151093439363823
sediment,jaccard,hja2016_159,hja2016_167,49,WS3-1,Mainstem,Headwater,FALSE,FALSE,3.166945391655561,0.8212007917308115,0.8212007917308122
sediment,jaccard,hja2016_160,hja2016_167,50,WS3-1,Mainstem,Headwater,FALSE,FALSE,3.015421837297236,0.821420090239848,0.8214200902398486
sediment,jaccard,hja2016_122,hja2016_167,45,WS3-1,Intermediate,Headwater,FALSE,FALSE,5.639195699137394,0.8153914590747332,0.8153914590747339
sediment,jaccard,hja2016_125,hja2016_167,56,WS3-1,Intermediate,Headwater,FALSE,FALSE,2.6664504484280163,0.7977553825011452,0.7977553825011459
sediment,jaccard,hja2016_164,hja2016_167,260,WS3-1,Intermediate,Headwater,FALSE,FALSE,5.990936387835759,0.7771949828962371,0.7771949828962378
sediment,jaccard,hja2016_166,hja2016_167,57,WS3-1,Intermediate,Headwater,FALSE,FALSE,3.784603527834151,0.8322898032200358,0.8322898032200364
sediment,jaccard,hja2016_127,hja2016_169,60,WS3-2,Headwater,Headwater,TRUE,FALSE,7.18376271339072,0.8156149732620321,0.8156149732620328
sediment,jaccard,hja2016_129,hja2016_169,72,WS3-2,Intermediate,Headwater,FALSE,FALSE,5.987747587950063,0.7874869655891553,0.787486965589156
sediment,jaccard,hja2016_131,hja2016_169,74,WS3-2,Headwater,Headwater,TRUE,FALSE,4.914017918261784,0.8005254269093638,0.8005254269093645
sediment,jaccard,hja2016_132,hja2016_169,84,WS3-2,Intermediate,Headwater,FALSE,FALSE,7.235055590434424,0.740054155384295,0.7400541553842958
sediment,jaccard,hja2016_133,hja2016_169,161,WS3-2,Mainstem,Headwater,FALSE,FALSE,0.8800259058749063,0.5706680862390205,0.5706680862390215
sediment,jaccard,hja2016_135,hja2016_169,169,WS3-2,Headwater,Headwater,TRUE,FALSE,10.093174469292238,0.7276754488225694,0.7276754488225702
sediment,jaccard,hja2016_136,hja2016_169,190,WS3-2,Headwater,Headwater,TRUE,FALSE,3.874291572607392,0.8033583738400354,0.803358373840036
sediment,jaccard,hja2016_139,hja2016_169,CC-2,WS3-2,Headwater,Headwater,TRUE,FALSE,9.523043773257454,0.81628095818108,0.8162809581810807
sediment,jaccard,hja2016_140,hja2016_169,CC-3,WS3-2,Headwater,Headwater,TRUE,FALSE,9.57334971962786,0.7916849015317287,0.7916849015317293
sediment,jaccard,hja2016_141,hja2016_169,CC-4,WS3-2,Headwater,Headwater,TRUE,FALSE,9.701117839353955,0.8002257336343115,0.8002257336343122
sediment,jaccard,hja2016_142,hja2016_169,KC-1,WS3-2,Intermediate,Headwater,FALSE,FALSE,1.4915738296312469,0.8664430854211876,0.8664430854211883
sediment,jaccard,hja2016_144,hja2016_169,KC-3,WS3-2,Intermediate,Headwater,FALSE,FALSE,1.4587587328700695,0.871085807238715,0.8710858072387156
sediment,jaccard,hja2016_145,hja2016_169,155,WS3-2,Headwater,Headwater,TRUE,FALSE,5.384302491274943,0.7872689938398358,0.7872689938398365
sediment,jaccard,hja2016_146,hja2016_169,156,WS3-2,Mainstem,Headwater,FALSE,FALSE,5.688475351668517,0.7987657042098302,0.7987657042098308
sediment,jaccard,hja2016_147,hja2016_169,163,WS3-2,Mainstem,Headwater,FALSE,FALSE,0.909333251891939,0.5620796689084325,0.5620796689084335
sediment,jaccard,hja2016_148,hja2016_169,165,WS3-2,Headwater,Headwater,TRUE,FALSE,5.602381340796839,0.8163643858202803,0.8163643858202809
sediment,jaccard,hja2016_150,hja2016_169,53,WS3-2,Intermediate,Headwater,FALSE,FALSE,7.734976106472579,0.8147687201825348,0.8147687201825354
sediment,jaccard,hja2016_151,hja2016_169,64,WS3-2,Headwater,Headwater,TRUE,FALSE,10.021489222137301,0.6100877192982456,0.6100877192982466
sediment,jaccard,hja2016_152,hja2016_169,66,WS3-2,Intermediate,Headwater,FALSE,FALSE,7.600494031965072,0.8035227511008597,0.8035227511008604
sediment,jaccard,hja2016_155,hja2016_169,82,WS3-2,Headwater,Headwater,TRUE,FALSE,5.1506067387329475,0.8191619202603743,0.8191619202603749
sediment,jaccard,hja2016_157,hja2016_169,43,WS3-2,Headwater,Headwater,TRUE,FALSE,7.018533535933269,0.8158233276157804,0.815823327615781
sediment,jaccard,hja2016_159,hja2016_169,49,WS3-2,Mainstem,Headwater,FALSE,FALSE,3.141040997322854,0.8239931813339015,0.8239931813339022
sediment,jaccard,hja2016_160,hja2016_169,50,WS3-2,Mainstem,Headwater,FALSE,FALSE,2.9925296999314273,0.8176361957525392,0.8176361957525399
sediment,jaccard,hja2016_122,hja2016_169,45,WS3-2,Intermediate,Headwater,FALSE,FALSE,5.601801697787473,0.8078678548141709,0.8078678548141716
sediment,jaccard,hja2016_125,hja2016_169,56,WS3-2,Intermediate,Headwater,FALSE,FALSE,2.6407546344594413,0.7950089126559714,0.7950089126559721
sediment,jaccard,hja2016_164,hja2016_169,260,WS3-2,Intermediate,Headwater,FALSE,FALSE,5.950165947676352,0.7681838464970995,0.7681838464971001
sediment,jaccard,hja2016_166,hja2016_169,57,WS3-2,Intermediate,Headwater,FALSE,FALSE,3.762484499342797,0.8245958934032329,0.8245958934032336
sediment,jaccard,hja2016_167,hja2016_169,WS3-1,WS3-2,Headwater,Headwater,TRUE,TRUE,0.05437590309983719,0.5390888638920135,0.5390888638920146
sediment,jaccard,hja2016_127,hja2016_170,60,WS3-3,Headwater,Headwater,TRUE,FALSE,7.12784970398475,0.7167151488028641,0.7167151488028649
sediment,jaccard,hja2016_129,hja2016_170,72,WS3-3,Intermediate,Headwater,FALSE,FALSE,5.90344066848646,0.7516611295681063,0.751661129568107
sediment,jaccard,hja2016_131,hja2016_170,74,WS3-3,Headwater,Headwater,TRUE,FALSE,4.8526299115337785,0.759879563417388,0.7598795634173888
sediment,jaccard,hja2016_132,hja2016_170,84,WS3-3,Intermediate,Headwater,FALSE,FALSE,7.212558360662155,0.8023389570552147,0.8023389570552154
sediment,jaccard,hja2016_133,hja2016_170,161,WS3-3,Mainstem,Headwater,FALSE,FALSE,0.8952503603613999,0.8158230540195661,0.8158230540195668
sediment,jaccard,hja2016_135,hja2016_170,169,WS3-3,Headwater,Headwater,TRUE,FALSE,10.072993736429495,0.7960400255482222,0.7960400255482228
sediment,jaccard,hja2016_136,hja2016_170,190,WS3-3,Headwater,Headwater,TRUE,FALSE,3.8248316073547977,0.7832683138274816,0.7832683138274823
sediment,jaccard,hja2016_139,hja2016_170,CC-2,WS3-3,Headwater,Headwater,TRUE,FALSE,9.449794995641781,0.6393590611600091,0.63935906116001
sediment,jaccard,hja2016_140,hja2016_170,CC-3,WS3-3,Headwater,Headwater,TRUE,FALSE,9.500368298588693,0.762440501947209,0.7624405019472098
sediment,jaccard,hja2016_141,hja2016_170,CC-4,WS3-3,Headwater,Headwater,TRUE,FALSE,9.62830564777532,0.779229406554473,0.7792294065544738
sediment,jaccard,hja2016_142,hja2016_170,KC-1,WS3-3,Intermediate,Headwater,FALSE,FALSE,1.4283503755074438,0.7979777553083923,0.797977755308393
sediment,jaccard,hja2016_144,hja2016_170,KC-3,WS3-3,Intermediate,Headwater,FALSE,FALSE,1.3878526106820004,0.8129644921552436,0.8129644921552442
sediment,jaccard,hja2016_145,hja2016_170,155,WS3-3,Headwater,Headwater,TRUE,FALSE,5.319268822102741,0.742480428512567,0.7424804285125678
sediment,jaccard,hja2016_146,hja2016_170,156,WS3-3,Mainstem,Headwater,FALSE,FALSE,5.620650636470601,0.7703026344437186,0.7703026344437194
sediment,jaccard,hja2016_147,hja2016_170,163,WS3-3,Mainstem,Headwater,FALSE,FALSE,0.9600503052859639,0.8144563426688632,0.8144563426688639
sediment,jaccard,hja2016_148,hja2016_170,165,WS3-3,Headwater,Headwater,TRUE,FALSE,5.59104175436501,0.6476212155702253,0.6476212155702262
sediment,jaccard,hja2016_150,hja2016_170,53,WS3-3,Intermediate,Headwater,FALSE,FALSE,7.670478285720328,0.7296948861194671,0.7296948861194679
sediment,jaccard,hja2016_151,hja2016_170,64,WS3-3,Headwater,Headwater,TRUE,FALSE,9.929431627994406,0.8326486872655832,0.8326486872655838
sediment,jaccard,hja2016_152,hja2016_170,66,WS3-3,Intermediate,Headwater,FALSE,FALSE,7.535487405536969,0.7684605757196495,0.7684605757196502
sediment,jaccard,hja2016_155,hja2016_170,82,WS3-3,Headwater,Headwater,TRUE,FALSE,5.139217073533116,0.6433898305084746,0.6433898305084755
sediment,jaccard,hja2016_157,hja2016_170,43,WS3-3,Headwater,Headwater,TRUE,FALSE,6.956894068752504,0.670771375464684,0.6707713754646849
sediment,jaccard,hja2016_159,hja2016_170,49,WS3-3,Mainstem,Headwater,FALSE,FALSE,3.108432811987196,0.7048028998640689,0.7048028998640697
sediment,jaccard,hja2016_160,hja2016_170,50,WS3-3,Mainstem,Headwater,FALSE,FALSE,2.96709005532262,0.7263586305961216,0.7263586305961224
sediment,jaccard,hja2016_122,hja2016_170,45,WS3-3,Intermediate,Headwater,FALSE,FALSE,5.540197549625731,0.683271547729379,0.6832715477293799
sediment,jaccard,hja2016_125,hja2016_170,56,WS3-3,Intermediate,Headwater,FALSE,FALSE,2.6091775873166907,0.6690408357075024,0.6690408357075033
sediment,jaccard,hja2016_164,hja2016_170,260,WS3-3,Intermediate,Headwater,FALSE,FALSE,5.87988488348628,0.7391975308641976,0.7391975308641984
sediment,jaccard,hja2016_166,hja2016_170,57,WS3-3,Intermediate,Headwater,FALSE,FALSE,3.738193106472405,0.7343466424682396,0.7343466424682403
sediment,jaccard,hja2016_167,hja2016_170,WS3-1,WS3-3,Headwater,Headwater,TRUE,TRUE,0.16977177085465114,0.8028856825749168,0.8028856825749174
sediment,jaccard,hja2016_169,hja2016_170,WS3-2,WS3-3,Headwater,Headwater,TRUE,TRUE,0.11603797087500096,0.803448275862069,0.8034482758620697
sediment,jaccard,hja2016_127,hja2016_177,60,WS1-3,Headwater,Headwater,TRUE,FALSE,8.770333570917796,0.762424782705594,0.7624247827055948
sediment,jaccard,hja2016_129,hja2016_177,72,WS1-3,Intermediate,Headwater,FALSE,FALSE,7.279509832719023,0.7421790722761595,0.7421790722761602
sediment,jaccard,hja2016_131,hja2016_177,74,WS1-3,Headwater,Headwater,TRUE,FALSE,6.475041139619304,0.7646038172353963,0.7646038172353969
sediment,jaccard,hja2016_132,hja2016_177,84,WS1-3,Intermediate,Headwater,FALSE,FALSE,9.007560071023828,0.5967144840351689,0.5967144840351699
sediment,jaccard,hja2016_133,hja2016_177,161,WS1-3,Mainstem,Headwater,FALSE,FALSE,2.705656923960155,0.7179243037372055,0.7179243037372063
sediment,jaccard,hja2016_135,hja2016_177,169,WS1-3,Headwater,Headwater,TRUE,FALSE,11.871456728175959,0.5638939910784571,0.5638939910784581
sediment,jaccard,hja2016_136,hja2016_177,190,WS1-3,Headwater,Headwater,TRUE,FALSE,5.532618304345336,0.7704843820733364,0.7704843820733371
sediment,jaccard,hja2016_139,hja2016_177,CC-2,WS1-3,Headwater,Headwater,TRUE,FALSE,10.92413311286508,0.7800959732943876,0.7800959732943883
sediment,jaccard,hja2016_140,hja2016_177,CC-3,WS1-3,Headwater,Headwater,TRUE,FALSE,10.977357983759925,0.7621814930710774,0.7621814930710782
sediment,jaccard,hja2016_141,hja2016_177,CC-4,WS1-3,Headwater,Headwater,TRUE,FALSE,11.106408626393199,0.7631090487238978,0.7631090487238986
sediment,jaccard,hja2016_142,hja2016_177,KC-1,WS1-3,Intermediate,Headwater,FALSE,FALSE,3.131147877012738,0.818051282051282,0.8180512820512826
sediment,jaccard,hja2016_144,hja2016_177,KC-3,WS1-3,Intermediate,Headwater,FALSE,FALSE,3.0551125306283677,0.8312342569269521,0.8312342569269527
sediment,jaccard,hja2016_145,hja2016_177,155,WS1-3,Headwater,Headwater,TRUE,FALSE,6.907772668488161,0.7405359421522756,0.7405359421522764
sediment,jaccard,hja2016_146,hja2016_177,156,WS1-3,Mainstem,Headwater,FALSE,FALSE,7.181764007428466,0.7669749605233476,0.7669749605233482
sediment,jaccard,hja2016_147,hja2016_177,163,WS1-3,Mainstem,Headwater,FALSE,FALSE,1.090570010628382,0.70619633325597575,0.7061963332559766
sediment,jaccard,hja2016_148,hja2016_177,165,WS1-3,Headwater,Headwater,TRUE,FALSE,7.406806010354497,0.7775419231585652,0.7775419231585659
sediment,jaccard,hja2016_150,hja2016_177,53,WS1-3,Intermediate,Headwater,FALSE,FALSE,9.242376042758798,0.7740693196405648,0.7740693196405656
sediment,jaccard,hja2016_151,hja2016_177,64,WS1-3,Headwater,Headwater,TRUE,FALSE,11.13216739808413,0.7360254625024866,0.7360254625024873
sediment,jaccard,hja2016_152,hja2016_177,66,WS1-3,Intermediate,Headwater,FALSE,FALSE,9.103850360909583,0.7846219201359388,0.7846219201359395
sediment,jaccard,hja2016_155,hja2016_177,82,WS1-3,Headwater,Headwater,TRUE,FALSE,6.955160401755579,0.7778710896493807,0.7778710896493815
sediment,jaccard,hja2016_157,hja2016_177,43,WS1-3,Headwater,Headwater,TRUE,FALSE,8.55758374578802,0.777802294792586,0.7778022947925867
sediment,jaccard,hja2016_159,hja2016_177,49,WS1-3,Mainstem,Headwater,FALSE,FALSE,4.88789808762215,0.7813738441215323,0.7813738441215331
sediment,jaccard,hja2016_160,hja2016_177,50,WS1-3,Mainstem,Headwater,FALSE,FALSE,4.764710247649386,0.8269406392694064,0.8269406392694071
sediment,jaccard,hja2016_122,hja2016_177,45,WS1-3,Intermediate,Headwater,FALSE,FALSE,7.153260679490983,0.776467971530249,0.7764679715302497
sediment,jaccard,hja2016_125,hja2016_177,56,WS1-3,Intermediate,Headwater,FALSE,FALSE,4.395006581930113,0.7573883161512027,0.7573883161512034
sediment,jaccard,hja2016_164,hja2016_177,260,WS1-3,Intermediate,Headwater,FALSE,FALSE,7.415345783889964,0.7537699752419535,0.7537699752419542
sediment,jaccard,hja2016_166,hja2016_177,57,WS1-3,Intermediate,Headwater,FALSE,FALSE,5.535331033427861,0.8257180156657963,0.825718015665797
sediment,jaccard,hja2016_167,hja2016_177,WS3-1,WS1-3,Headwater,Headwater,TRUE,FALSE,1.8199814365376563,0.6874055415617127,0.6874055415617136
sediment,jaccard,hja2016_169,hja2016_177,WS3-2,WS1-3,Headwater,Headwater,TRUE,FALSE,1.8256312908282115,0.6924762600438276,0.6924762600438285
sediment,jaccard,hja2016_170,hja2016_177,WS3-3,WS1-3,Headwater,Headwater,TRUE,FALSE,1.8214974448876429,0.7786795349857425,0.7786795349857432
sediment,jaccard,hja2016_127,hja2016_179,60,WS1-5,Headwater,Headwater,TRUE,FALSE,8.689852419040223,0.7022188603126576,0.7022188603126583
sediment,jaccard,hja2016_129,hja2016_179,72,WS1-5,Intermediate,Headwater,FALSE,FALSE,7.179509810417537,0.71072022819111,0.7107202281911108
sediment,jaccard,hja2016_131,hja2016_179,74,WS1-5,Headwater,Headwater,TRUE,FALSE,6.3944117331928245,0.723793323410589,0.7237933234105898
sediment,jaccard,hja2016_132,hja2016_179,84,WS1-5,Intermediate,Headwater,FALSE,FALSE,8.952953761816966,0.7761678200692042,0.7761678200692048
sediment,jaccard,hja2016_133,hja2016_179,161,WS1-5,Mainstem,Headwater,FALSE,FALSE,2.6783476953705807,0.7847730600292825,0.7847730600292832
sediment,jaccard,hja2016_135,hja2016_179,169,WS1-5,Headwater,Headwater,TRUE,FALSE,11.817366966687977,0.7577837705319931,0.7577837705319939
sediment,jaccard,hja2016_136,hja2016_179,190,WS1-5,Headwater,Headwater,TRUE,FALSE,5.463212673042854,0.6256494394312277,0.6256494394312286
sediment,jaccard,hja2016_139,hja2016_179,CC-2,WS1-5,Headwater,Headwater,TRUE,FALSE,10.8279640301626,0.7517779307180545,0.7517779307180553
sediment,jaccard,hja2016_140,hja2016_179,CC-3,WS1-5,Headwater,Headwater,TRUE,FALSE,10.881352106472061,0.5978142076502733,0.5978142076502743
sediment,jaccard,hja2016_141,hja2016_179,CC-4,WS1-5,Headwater,Headwater,TRUE,FALSE,11.010428787103448,0.6208345001400167,0.6208345001400176
sediment,jaccard,hja2016_142,hja2016_179,KC-1,WS1-5,Intermediate,Headwater,FALSE,FALSE,3.068222528462683,0.7704315886134067,0.7704315886134073
sediment,jaccard,hja2016_144,hja2016_179,KC-3,WS1-5,Intermediate,Headwater,FALSE,FALSE,2.988878708458064,0.7950513538748832,0.7950513538748839
sediment,jaccard,hja2016_145,hja2016_179,155,WS1-5,Headwater,Headwater,TRUE,FALSE,6.823402345421711,0.7109137648983408,0.7109137648983416
sediment,jaccard,hja2016_146,hja2016_179,156,WS1-5,Mainstem,Headwater,FALSE,FALSE,7.094694782251337,0.6049076371657017,0.6049076371657027
sediment,jaccard,hja2016_147,hja2016_179,163,WS1-5,Mainstem,Headwater,FALSE,FALSE,1.1147180111402728,0.7814710042432815,0.7814710042432822
sediment,jaccard,hja2016_148,hja2016_179,165,WS1-5,Headwater,Headwater,TRUE,FALSE,7.361964260357983,0.7548267038846243,0.754826703884625
sediment,jaccard,hja2016_150,hja2016_179,53,WS1-5,Intermediate,Headwater,FALSE,FALSE,9.154674840077474,0.6552159636271786,0.6552159636271795
sediment,jaccard,hja2016_151,hja2016_179,64,WS1-5,Headwater,Headwater,TRUE,FALSE,11.021499695212045,0.8094475580464372,0.8094475580464379
sediment,jaccard,hja2016_152,hja2016_179,66,WS1-5,Intermediate,Headwater,FALSE,FALSE,9.015919150358242,0.6739835370416563,0.6739835370416571
sediment,jaccard,hja2016_155,hja2016_179,82,WS1-5,Headwater,Headwater,TRUE,FALSE,6.910589757844323,0.7525915687629579,0.7525915687629585
sediment,jaccard,hja2016_157,hja2016_179,43,WS1-5,Headwater,Headwater,TRUE,FALSE,8.47295585196086,0.7372693726937269,0.7372693726937277
sediment,jaccard,hja2016_159,hja2016_179,49,WS1-5,Mainstem,Headwater,FALSE,FALSE,4.831825105987025,0.7222222222222222,0.722222222222223
sediment,jaccard,hja2016_160,hja2016_179,50,WS1-5,Mainstem,Headwater,FALSE,FALSE,4.713582771927649,0.787288569964121,0.7872885699641217
sediment,jaccard,hja2016_122,hja2016_179,45,WS1-5,Intermediate,Headwater,FALSE,FALSE,7.070965969604316,0.7124083901945919,0.7124083901945927
sediment,jaccard,hja2016_125,hja2016_179,56,WS1-5,Intermediate,Headwater,FALSE,FALSE,4.341203101983378,0.6942492844132188,0.6942492844132196
sediment,jaccard,hja2016_164,hja2016_179,260,WS1-5,Intermediate,Headwater,FALSE,FALSE,7.3259349924224635,0.6816546762589929,0.6816546762589938
sediment,jaccard,hja2016_166,hja2016_179,57,WS1-5,Intermediate,Headwater,FALSE,FALSE,5.483250344185021,0.7918179617526023,0.791817961752603
sediment,jaccard,hja2016_167,hja2016_179,WS3-1,WS1-5,Headwater,Headwater,TRUE,FALSE,1.7977195395847136,0.7714139606238813,0.7714139606238821
sediment,jaccard,hja2016_169,hja2016_179,WS3-2,WS1-5,Headwater,Headwater,TRUE,FALSE,1.7997010622274918,0.7679324894514769,0.7679324894514775
sediment,jaccard,hja2016_170,hja2016_179,WS3-3,WS1-5,Headwater,Headwater,TRUE,FALSE,1.7878103034936397,0.7394383394383395,0.7394383394383401
sediment,jaccard,hja2016_177,hja2016_179,WS1-3,WS1-5,Headwater,Headwater,TRUE,TRUE,0.12480634660826087,0.7382822396757031,0.7382822396757038
sediment,jaccard,hja2016_127,hja2016_180,60,WS1-6,Headwater,Headwater,TRUE,FALSE,8.596573299268883,0.7634826325411334,0.7634826325411341
sediment,jaccard,hja2016_129,hja2016_180,72,WS1-6,Intermediate,Headwater,FALSE,FALSE,7.0728734161066225,0.8057946672265379,0.8057946672265386
sediment,jaccard,hja2016_131,hja2016_180,74,WS1-6,Headwater,Headwater,TRUE,FALSE,6.301261371378851,0.8166194523135033,0.816619452313504
sediment,jaccard,hja2016_132,hja2016_180,84,WS1-6,Intermediate,Headwater,FALSE,FALSE,8.879738474978133,0.8442926829268292,0.8442926829268299
sediment,jaccard,hja2016_133,hja2016_180,161,WS1-6,Mainstem,Headwater,FALSE,FALSE,2.631197729103107,0.8234238276867849,0.8234238276867856
sediment,jaccard,hja2016_135,hja2016_180,169,WS1-6,Headwater,Headwater,TRUE,FALSE,11.744320884794321,0.8327129406612656,0.8327129406612662
sediment,jaccard,hja2016_136,hja2016_180,190,WS1-6,Headwater,Headwater,TRUE,FALSE,5.378794711981906,0.8254884547069271,0.8254884547069278
sediment,jaccard,hja2016_139,hja2016_180,CC-2,WS1-6,Headwater,Headwater,TRUE,FALSE,10.723639896517842,0.757892445025038,0.7578924450250388
sediment,jaccard,hja2016_140,hja2016_180,CC-3,WS1-6,Headwater,Headwater,TRUE,FALSE,10.777132923037595,0.7917599641737573,0.7917599641737579
sediment,jaccard,hja2016_141,hja2016_180,CC-4,WS1-6,Headwater,Headwater,TRUE,FALSE,10.906222939331224,0.8123140306706339,0.8123140306706346
sediment,jaccard,hja2016_142,hja2016_180,KC-1,WS1-6,Intermediate,Headwater,FALSE,FALSE,2.9901257958892105,0.8509507258229401,0.8509507258229407
sediment,jaccard,hja2016_144,hja2016_180,KC-3,WS1-6,Intermediate,Headwater,FALSE,FALSE,2.9081580044695583,0.8610411418975651,0.8610411418975658
sediment,jaccard,hja2016_145,hja2016_180,155,WS1-6,Headwater,Headwater,TRUE,FALSE,6.727457425020492,0.8055383343666047,0.8055383343666054
sediment,jaccard,hja2016_146,hja2016_180,156,WS1-6,Mainstem,Headwater,FALSE,FALSE,6.996785041599158,0.7938377888536475,0.7938377888536482
sediment,jaccard,hja2016_147,hja2016_180,163,WS1-6,Mainstem,Headwater,FALSE,FALSE,1.1219794159249379,0.8209635416666667,0.8209635416666674
sediment,jaccard,hja2016_148,hja2016_180,165,WS1-6,Headwater,Headwater,TRUE,FALSE,7.297020272671488,0.7586740331491713,0.758674033149172
sediment,jaccard,hja2016_150,hja2016_180,53,WS1-6,Intermediate,Headwater,FALSE,FALSE,9.056167891444211,0.7873263888888888,0.7873263888888895
sediment,jaccard,hja2016_151,hja2016_180,64,WS1-6,Headwater,Headwater,TRUE,FALSE,10.90868108736911,0.8395292359424622,0.8395292359424629
sediment,jaccard,hja2016_152,hja2016_180,66,WS1-6,Intermediate,Headwater,FALSE,FALSE,8.917258401771262,0.7974137931034483,0.7974137931034491
sediment,jaccard,hja2016_155,hja2016_180,82,WS1-6,Headwater,Headwater,TRUE,FALSE,6.845963944321489,0.7603143418467584,0.7603143418467592
sediment,jaccard,hja2016_157,hja2016_180,43,WS1-6,Headwater,Headwater,TRUE,FALSE,8.376677334090845,0.6992046276211136,0.6992046276211143
sediment,jaccard,hja2016_159,hja2016_180,49,WS1-6,Mainstem,Headwater,FALSE,FALSE,4.758288468099474,0.7795881421136003,0.7795881421136011
sediment,jaccard,hja2016_160,hja2016_180,50,WS1-6,Mainstem,Headwater,FALSE,FALSE,4.644173222236327,0.5822928490351873,0.5822928490351883
sediment,jaccard,hja2016_122,hja2016_180,45,WS1-6,Intermediate,Headwater,FALSE,FALSE,6.976504708586817,0.7586286773222144,0.7586286773222151
sediment,jaccard,hja2016_125,hja2016_180,56,WS1-6,Intermediate,Headwater,FALSE,FALSE,4.269751481958969,0.7375717017208413,0.7375717017208421
sediment,jaccard,hja2016_164,hja2016_180,260,WS1-6,Intermediate,Headwater,FALSE,FALSE,7.226354026168984,0.7805153707052441,0.7805153707052448
sediment,jaccard,hja2016_166,hja2016_180,57,WS1-6,Intermediate,Headwater,FALSE,FALSE,5.412764282149032,0.6016498137307078,0.6016498137307088
sediment,jaccard,hja2016_167,hja2016_180,WS3-1,WS1-6,Headwater,Headwater,TRUE,FALSE,1.7573802121558828,0.8100938967136151,0.8100938967136158
sediment,jaccard,hja2016_169,hja2016_180,WS3-2,WS1-6,Headwater,Headwater,TRUE,FALSE,1.756044596407912,0.8080255357957137,0.8080255357957143
sediment,jaccard,hja2016_170,hja2016_180,WS3-3,WS1-6,Headwater,Headwater,TRUE,FALSE,1.7372456432709322,0.7043935052531042,0.7043935052531051
sediment,jaccard,hja2016_177,hja2016_180,WS1-3,WS1-6,Headwater,Headwater,TRUE,TRUE,0.23937405629893788,0.8199819981998199,0.8199819981998205
sediment,jaccard,hja2016_179,hja2016_180,WS1-5,WS1-6,Headwater,Headwater,TRUE,TRUE,0.11629189771108726,0.773637515842839,0.7736375158428398
sediment,jaccard,hja2016_127,hja2016_181,60,177,Headwater,Headwater,TRUE,FALSE,3.3274975604451136,0.7142857142857143,0.7142857142857151
sediment,jaccard,hja2016_129,hja2016_181,72,177,Intermediate,Headwater,FALSE,FALSE,5.173106731940942,0.7525562372188139,0.7525562372188147
sediment,jaccard,hja2016_131,hja2016_181,74,177,Headwater,Headwater,TRUE,FALSE,3.927525621195436,0.7591973244147158,0.7591973244147164
sediment,jaccard,hja2016_132,hja2016_181,84,177,Intermediate,Headwater,FALSE,FALSE,1.1324454625733034,0.7926434152849247,0.7926434152849253
sediment,jaccard,hja2016_133,hja2016_181,161,177,Mainstem,Headwater,FALSE,FALSE,6.471429663504022,0.8077571669477234,0.807757166947724
sediment,jaccard,hja2016_135,hja2016_181,169,177,Headwater,Headwater,TRUE,FALSE,2.9745178597884228,0.7855783463734405,0.7855783463734413
sediment,jaccard,hja2016_136,hja2016_181,190,177,Headwater,Headwater,TRUE,FALSE,4.082275103655957,0.7774442538593481,0.7774442538593488
sediment,jaccard,hja2016_139,hja2016_181,CC-2,177,Headwater,Headwater,TRUE,FALSE,5.69232763938101,0.6445823177487259,0.6445823177487268
sediment,jaccard,hja2016_140,hja2016_181,CC-3,177,Headwater,Headwater,TRUE,FALSE,5.702688184206486,0.7613563659628919,0.7613563659628927
sediment,jaccard,hja2016_141,hja2016_181,CC-4,177,Headwater,Headwater,TRUE,FALSE,5.77155912436147,0.7770742358078603,0.7770742358078611
sediment,jaccard,hja2016_142,hja2016_181,KC-1,177,Intermediate,Headwater,FALSE,FALSE,6.133466977511725,0.7892412685668406,0.7892412685668413
sediment,jaccard,hja2016_144,hja2016_181,KC-3,177,Intermediate,Headwater,FALSE,FALSE,6.237068859851781,0.813655761024182,0.8136557610241827
sediment,jaccard,hja2016_145,hja2016_181,155,177,Headwater,Headwater,TRUE,FALSE,3.9678259035220487,0.7460510328068043,0.7460510328068051
sediment,jaccard,hja2016_146,hja2016_181,156,177,Mainstem,Headwater,FALSE,FALSE,4.0754467168777735,0.7714714071535661,0.7714714071535668
sediment,jaccard,hja2016_147,hja2016_181,163,177,Mainstem,Headwater,FALSE,FALSE,8.205721026008865,0.8034800409416581,0.8034800409416588
sediment,jaccard,hja2016_148,hja2016_181,165,177,Headwater,Headwater,TRUE,FALSE,1.784462030346704,0.6536400178651184,0.6536400178651193
sediment,jaccard,hja2016_150,hja2016_181,53,177,Intermediate,Headwater,FALSE,FALSE,4.093260935825118,0.730964467005076,0.7309644670050768
sediment,jaccard,hja2016_151,hja2016_181,64,177,Headwater,Headwater,TRUE,FALSE,7.722025449913103,0.8244897959183674,0.824489795918368
sediment,jaccard,hja2016_152,hja2016_181,66,177,Intermediate,Headwater,FALSE,FALSE,4.085689483861288,0.7673318247274223,0.767331824727423
sediment,jaccard,hja2016_155,hja2016_181,82,177,Headwater,Headwater,TRUE,FALSE,2.226444285160748,0.6437319082609664,0.6437319082609673
sediment,jaccard,hja2016_157,hja2016_181,43,177,Headwater,Headwater,TRUE,FALSE,3.697837909763051,0.6701007326007326,0.6701007326007334
sediment,jaccard,hja2016_159,hja2016_181,49,177,Mainstem,Headwater,FALSE,FALSE,4.3769296157692015,0.7085650723025584,0.7085650723025592
sediment,jaccard,hja2016_160,hja2016_181,50,177,Mainstem,Headwater,FALSE,FALSE,4.4439752051632535,0.7251296558227251,0.7251296558227259
sediment,jaccard,hja2016_122,hja2016_181,45,177,Intermediate,Headwater,FALSE,FALSE,3.7316638392581623,0.6809142857142857,0.6809142857142866
sediment,jaccard,hja2016_125,hja2016_181,56,177,Intermediate,Headwater,FALSE,FALSE,4.829221684335063,0.656758669497523,0.6567586694975239
sediment,jaccard,hja2016_164,hja2016_181,260,177,Intermediate,Headwater,FALSE,FALSE,4.209277848808148,0.7414390983961855,0.7414390983961863
sediment,jaccard,hja2016_166,hja2016_181,57,177,Intermediate,Headwater,FALSE,FALSE,3.702003577001806,0.7341970069242796,0.7341970069242804
sediment,jaccard,hja2016_167,hja2016_181,WS3-1,177,Headwater,Headwater,TRUE,FALSE,7.357719367424881,0.7967069154774973,0.796706915477498
sediment,jaccard,hja2016_169,hja2016_181,WS3-2,177,Headwater,Headwater,TRUE,FALSE,7.344892099128677,0.7940987812700449,0.7940987812700455
sediment,jaccard,hja2016_170,hja2016_181,WS3-3,177,Headwater,Headwater,TRUE,FALSE,7.340214303100712,0.548483341621084,0.5484833416210851
sediment,jaccard,hja2016_177,hja2016_181,WS1-3,177,Headwater,Headwater,TRUE,FALSE,9.160753494866773,0.7693646649260226,0.7693646649260234
sediment,jaccard,hja2016_179,hja2016_181,WS1-5,177,Headwater,Headwater,TRUE,FALSE,9.120424864766411,0.7358535998073682,0.735853599807369
sediment,jaccard,hja2016_180,hja2016_181,WS1-6,177,Headwater,Headwater,TRUE,FALSE,9.058985007740587,0.7001414427157001,0.7001414427157009
hyporheic,bray,hja2016_008,hja2016_009,WS3-1,60,Headwater,Headwater,TRUE,FALSE,7.218754408341704,0.9119,0.9119
hyporheic,bray,hja2016_008,hja2016_014,WS3-1,WS1-6,Headwater,Headwater,TRUE,FALSE,1.7573802121558828,0.9159,0.9159
hyporheic,bray,hja2016_009,hja2016_014,60,WS1-6,Headwater,Headwater,TRUE,FALSE,8.596573299268883,0.8868,0.8868
hyporheic,bray,hja2016_008,hja2016_015,WS3-1,47,Headwater,Intermediate,FALSE,FALSE,3.185061372976963,0.9321,0.9321
hyporheic,bray,hja2016_009,hja2016_015,60,47,Headwater,Intermediate,FALSE,FALSE,4.174948913581844,0.9545,0.9545
hyporheic,bray,hja2016_014,hja2016_015,WS1-6,47,Headwater,Intermediate,FALSE,FALSE,4.79216752277544,0.9554,0.9554
hyporheic,bray,hja2016_008,hja2016_016,WS3-1,74,Headwater,Headwater,TRUE,FALSE,4.951393998855672,0.9653,0.9653
hyporheic,bray,hja2016_009,hja2016_016,60,74,Headwater,Headwater,TRUE,FALSE,2.2954425709323405,0.9617,0.9617
hyporheic,bray,hja2016_014,hja2016_016,WS1-6,74,Headwater,Headwater,TRUE,FALSE,6.301261371378851,0.9606,0.9606
hyporheic,bray,hja2016_015,hja2016_016,47,74,Intermediate,Headwater,FALSE,FALSE,2.0956106750947323,0.9591,0.9591
hyporheic,bray,hja2016_008,hja2016_018,WS3-1,WS1-5,Headwater,Headwater,TRUE,FALSE,1.7977195395847136,0.9464,0.9464
hyporheic,bray,hja2016_009,hja2016_018,60,WS1-5,Headwater,Headwater,TRUE,FALSE,8.689852419040223,0.9292,0.9292
hyporheic,bray,hja2016_014,hja2016_018,WS1-6,WS1-5,Headwater,Headwater,TRUE,TRUE,0.11629189771108726,0.9481,0.9481
hyporheic,bray,hja2016_015,hja2016_018,47,WS1-5,Intermediate,Headwater,FALSE,FALSE,4.864162328757963,0.9732,0.9732
hyporheic,bray,hja2016_016,hja2016_018,74,WS1-5,Headwater,Headwater,TRUE,FALSE,6.3944117331928245,0.9858,0.9858
hyporheic,bray,hja2016_008,hja2016_019,WS3-1,155,Headwater,Headwater,TRUE,FALSE,5.42307175950972,0.8994,0.8994
hyporheic,bray,hja2016_009,hja2016_019,60,155,Headwater,Headwater,TRUE,FALSE,1.8920266403217012,0.9009,0.9009
hyporheic,bray,hja2016_014,hja2016_019,WS1-6,155,Headwater,Headwater,TRUE,FALSE,6.727457425020492,0.9207,0.9207
hyporheic,bray,hja2016_015,hja2016_019,47,155,Intermediate,Headwater,FALSE,FALSE,2.6011796099020197,0.9386,0.9386
hyporheic,bray,hja2016_016,hja2016_019,74,155,Headwater,Headwater,TRUE,FALSE,0.5061248598635163,0.9552,0.9552
hyporheic,bray,hja2016_018,hja2016_019,WS1-5,155,Headwater,Headwater,TRUE,FALSE,6.823402345421711,0.9483,0.9483
hyporheic,bray,hja2016_008,hja2016_020,WS3-1,WS1-2,Headwater,Headwater,TRUE,FALSE,1.8242782261157358,0.8974,0.8974
hyporheic,bray,hja2016_009,hja2016_020,60,WS1-2,Headwater,Headwater,TRUE,FALSE,8.801967157749711,0.9235,0.9235
hyporheic,bray,hja2016_014,hja2016_020,WS1-6,WS1-2,Headwater,Headwater,TRUE,TRUE,0.29802878154880436,0.9212,0.9212
hyporheic,bray,hja2016_015,hja2016_020,47,WS1-2,Intermediate,Headwater,FALSE,FALSE,4.936656399181878,0.9315,0.9315
hyporheic,bray,hja2016_016,hja2016_020,74,WS1-2,Headwater,Headwater,TRUE,FALSE,6.506906885800025,0.952,0.952
hyporheic,bray,hja2016_018,hja2016_020,WS1-5,WS1-2,Headwater,Headwater,TRUE,TRUE,0.1847565558672997,0.9373,0.9373
hyporheic,bray,hja2016_019,hja2016_020,155,WS1-2,Headwater,Headwater,TRUE,FALSE,6.941613201769534,0.9231,0.9231
hyporheic,bray,hja2016_008,hja2016_021,WS3-1,156,Headwater,Mainstem,FALSE,FALSE,5.728311675779372,0.9397,0.9397
hyporheic,bray,hja2016_009,hja2016_021,60,156,Headwater,Mainstem,FALSE,FALSE,1.6883344527400823,0.9602,0.9602
hyporheic,bray,hja2016_014,hja2016_021,WS1-6,156,Headwater,Mainstem,FALSE,FALSE,6.996785041599158,0.9663,0.9663
hyporheic,bray,hja2016_015,hja2016_021,47,156,Intermediate,Mainstem,FALSE,FALSE,2.9429896325624787,0.9025,0.9025
hyporheic,bray,hja2016_016,hja2016_021,74,156,Headwater,Mainstem,FALSE,FALSE,0.8473804198788037,0.9654,0.9654
hyporheic,bray,hja2016_018,hja2016_021,WS1-5,156,Headwater,Mainstem,FALSE,FALSE,7.094694782251337,0.9731,0.9731
hyporheic,bray,hja2016_019,hja2016_021,155,156,Headwater,Mainstem,FALSE,FALSE,0.3431116459265739,0.9543,0.9543
hyporheic,bray,hja2016_020,hja2016_021,WS1-2,156,Headwater,Mainstem,FALSE,FALSE,7.217048800082062,0.9388,0.9388
hyporheic,bray,hja2016_008,hja2016_065,WS3-1,68,Headwater,Mainstem,FALSE,FALSE,4.838635142054585,0.8935,0.8935
hyporheic,bray,hja2016_009,hja2016_065,60,68,Headwater,Mainstem,FALSE,FALSE,2.3821105744540625,0.9111,0.9111
hyporheic,bray,hja2016_014,hja2016_065,WS1-6,68,Headwater,Mainstem,FALSE,FALSE,6.232623914387302,0.9227,0.9227
hyporheic,bray,hja2016_015,hja2016_065,47,68,Intermediate,Mainstem,FALSE,FALSE,1.9049728254723965,0.9496,0.9496
hyporheic,bray,hja2016_016,hja2016_065,74,68,Headwater,Mainstem,FALSE,FALSE,0.24050964782143117,0.9702,0.9702
hyporheic,bray,hja2016_018,hja2016_065,WS1-5,68,Headwater,Mainstem,FALSE,FALSE,6.323174948941968,0.9389,0.9389
hyporheic,bray,hja2016_019,hja2016_065,155,68,Headwater,Mainstem,FALSE,FALSE,0.7102960206020875,0.9143,0.9143
hyporheic,bray,hja2016_020,hja2016_065,WS1-2,68,Headwater,Mainstem,FALSE,FALSE,6.430368938239193,0.9177,0.9177
hyporheic,bray,hja2016_021,hja2016_065,156,68,Mainstem,Mainstem,TRUE,FALSE,1.0527103663143864,0.94,0.94
hyporheic,bray,hja2016_008,hja2016_066,WS3-1,49,Headwater,Mainstem,FALSE,FALSE,3.166945391655561,0.8933,0.8933
hyporheic,bray,hja2016_009,hja2016_066,60,49,Headwater,Mainstem,FALSE,FALSE,4.160430280666553,0.8832,0.8832
hyporheic,bray,hja2016_014,hja2016_066,WS1-6,49,Headwater,Mainstem,FALSE,FALSE,4.758288468099474,0.9042,0.9042
hyporheic,bray,hja2016_015,hja2016_066,47,49,Intermediate,Mainstem,FALSE,FALSE,0.08822875059146658,0.9486,0.9486
hyporheic,bray,hja2016_016,hja2016_066,74,49,Headwater,Mainstem,FALSE,FALSE,2.054300913630195,0.9664,0.9664
hyporheic,bray,hja2016_018,hja2016_066,WS1-5,49,Headwater,Mainstem,FALSE,FALSE,4.831825105987025,0.9143,0.9143
hyporheic,bray,hja2016_019,hja2016_066,155,49,Headwater,Mainstem,FALSE,FALSE,2.560382190779634,0.8883,0.8883
hyporheic,bray,hja2016_020,hja2016_066,WS1-2,49,Headwater,Mainstem,FALSE,FALSE,4.907183614829208,0.9026,0.9026
hyporheic,bray,hja2016_021,hja2016_066,156,49,Mainstem,Mainstem,TRUE,FALSE,2.9012067395944756,0.9471,0.9471
hyporheic,bray,hja2016_065,hja2016_066,68,49,Mainstem,Mainstem,TRUE,FALSE,1.8697048495490407,0.8636,0.8636
hyporheic,bray,hja2016_008,hja2016_070,WS3-1,56,Headwater,Intermediate,FALSE,FALSE,2.6664504484280163,0.9535,0.9535
hyporheic,bray,hja2016_009,hja2016_070,60,56,Headwater,Intermediate,FALSE,FALSE,4.636456539619618,0.9566,0.9566
hyporheic,bray,hja2016_014,hja2016_070,WS1-6,56,Headwater,Intermediate,FALSE,FALSE,4.269751481958969,0.966,0.966
hyporheic,bray,hja2016_015,hja2016_070,47,56,Intermediate,Intermediate,TRUE,FALSE,0.5234136047047142,0.9582,0.9582
hyporheic,bray,hja2016_016,hja2016_070,74,56,Headwater,Intermediate,FALSE,FALSE,2.4724219025831897,0.9628,0.9628
hyporheic,bray,hja2016_018,hja2016_070,WS1-5,56,Headwater,Intermediate,FALSE,FALSE,4.341203101983378,0.9673,0.9673
hyporheic,bray,hja2016_019,hja2016_070,155,56,Headwater,Intermediate,FALSE,FALSE,2.976118723568283,0.9684,0.9684
hyporheic,bray,hja2016_020,hja2016_070,WS1-2,56,Headwater,Intermediate,FALSE,FALSE,4.413249218235776,0.9235,0.9235
hyporheic,bray,hja2016_021,hja2016_070,156,56,Mainstem,Intermediate,FALSE,FALSE,3.311532028696315,0.9581,0.9581
hyporheic,bray,hja2016_065,hja2016_070,68,56,Mainstem,Intermediate,FALSE,FALSE,2.3075765779455626,0.9422,0.9422
hyporheic,bray,hja2016_066,hja2016_070,49,56,Mainstem,Intermediate,FALSE,FALSE,0.5005665470318107,0.9328,0.9328
hyporheic,bray,hja2016_008,hja2016_071,WS3-1,164,Headwater,Intermediate,FALSE,FALSE,0.8044779895491587,0.8879,0.8879
hyporheic,bray,hja2016_009,hja2016_071,60,164,Headwater,Intermediate,FALSE,FALSE,7.675662062986393,0.902,0.902
hyporheic,bray,hja2016_014,hja2016_071,WS1-6,164,Headwater,Intermediate,FALSE,FALSE,1.0051978669336232,0.9267,0.9267
hyporheic,bray,hja2016_015,hja2016_071,47,164,Intermediate,Intermediate,TRUE,FALSE,3.796048629757084,0.9251,0.9251
hyporheic,bray,hja2016_016,hja2016_071,74,164,Headwater,Intermediate,FALSE,FALSE,5.382900579694347,0.9575,0.9575
hyporheic,bray,hja2016_018,hja2016_071,WS1-5,164,Headwater,Intermediate,FALSE,FALSE,1.0695045428933514,0.9305,0.9305
hyporheic,bray,hja2016_019,hja2016_071,155,164,Headwater,Intermediate,FALSE,FALSE,5.827370036931066,0.9025,0.9025
hyporheic,bray,hja2016_020,hja2016_071,WS1-2,164,Headwater,Intermediate,FALSE,FALSE,1.1445738448815161,0.8652,0.8652
hyporheic,bray,hja2016_021,hja2016_071,156,164,Mainstem,Intermediate,FALSE,FALSE,6.11132539728611,0.9192,0.9192
hyporheic,bray,hja2016_065,hja2016_071,68,164,Mainstem,Intermediate,FALSE,FALSE,5.298868552317384,0.8812,0.8812
hyporheic,bray,hja2016_066,hja2016_071,49,164,Mainstem,Intermediate,FALSE,FALSE,3.7649574982386587,0.8864,0.8864
hyporheic,bray,hja2016_070,hja2016_071,56,164,Intermediate,Intermediate,TRUE,FALSE,3.272851031338182,0.925,0.925
hyporheic,bray,hja2016_008,hja2016_075,WS3-1,260,Headwater,Intermediate,FALSE,FALSE,5.990936387835759,0.9204,0.9204
hyporheic,bray,hja2016_009,hja2016_075,60,260,Headwater,Intermediate,FALSE,FALSE,1.56942901701195,0.9228,0.9228
hyporheic,bray,hja2016_014,hja2016_075,WS1-6,260,Headwater,Intermediate,FALSE,FALSE,7.226354026168984,0.9577,0.9577
hyporheic,bray,hja2016_015,hja2016_075,47,260,Intermediate,Intermediate,TRUE,FALSE,3.24169535902843,0.9019,0.9019
hyporheic,bray,hja2016_016,hja2016_075,74,260,Headwater,Intermediate,FALSE,FALSE,1.1467052171477534,0.9471,0.9471
hyporheic,bray,hja2016_018,hja2016_075,WS1-5,260,Headwater,Intermediate,FALSE,FALSE,7.3259349924224635,0.9551,0.9551
hyporheic,bray,hja2016_019,hja2016_075,155,260,Headwater,Intermediate,FALSE,FALSE,0.6444961682298386,0.9195,0.9195
hyporheic,bray,hja2016_020,hja2016_075,WS1-2,260,Headwater,Intermediate,FALSE,FALSE,7.451895403060431,0.8974,0.8974
hyporheic,bray,hja2016_021,hja2016_075,156,260,Mainstem,Intermediate,FALSE,FALSE,0.3017481691617469,0.8719,0.8719
hyporheic,bray,hja2016_065,hja2016_075,68,260,Mainstem,Intermediate,FALSE,FALSE,1.3544323401442395,0.906,0.906
hyporheic,bray,hja2016_066,hja2016_075,49,260,Mainstem,Intermediate,FALSE,FALSE,3.198739163665169,0.9163,0.9163
hyporheic,bray,hja2016_070,hja2016_075,56,260,Intermediate,Intermediate,TRUE,FALSE,3.603369829645204,0.9439,0.9439
hyporheic,bray,hja2016_071,hja2016_075,164,260,Intermediate,Intermediate,TRUE,FALSE,6.354629667562855,0.8838,0.8838
hyporheic,bray,hja2016_008,hja2016_078,WS3-1,CC-1,Headwater,Headwater,TRUE,FALSE,9.526534723258926,0.8972,0.8972
hyporheic,bray,hja2016_009,hja2016_078,60,CC-1,Headwater,Headwater,TRUE,FALSE,2.7361967602382276,0.9091,0.9091
hyporheic,bray,hja2016_014,hja2016_078,WS1-6,CC-1,Headwater,Headwater,TRUE,FALSE,10.683704981957233,0.9334,0.9334
hyporheic,bray,hja2016_015,hja2016_078,47,CC-1,Intermediate,Headwater,FALSE,FALSE,6.713041301815324,0.9268,0.9268
hyporheic,bray,hja2016_016,hja2016_078,74,CC-1,Headwater,Headwater,TRUE,FALSE,4.645822377673719,0.9511,0.9511
hyporheic,bray,hja2016_018,hja2016_078,WS1-5,CC-1,Headwater,Headwater,TRUE,FALSE,10.78807754854769,0.9454,0.9454
hyporheic,bray,hja2016_019,hja2016_078,155,CC-1,Headwater,Headwater,TRUE,FALSE,4.145750944040096,0.9105,0.9105
hyporheic,bray,hja2016_020,hja2016_078,WS1-2,CC-1,Headwater,Headwater,TRUE,FALSE,10.924542620966136,0.9079,0.9079
hyporheic,bray,hja2016_021,hja2016_078,156,CC-1,Mainstem,Headwater,FALSE,FALSE,3.819170151629958,0.9107,0.9107
hyporheic,bray,hja2016_065,hja2016_078,68,CC-1,Mainstem,Headwater,FALSE,FALSE,4.813414125121455,0.8938,0.8938
hyporheic,bray,hja2016_066,hja2016_078,49,CC-1,Mainstem,Headwater,FALSE,FALSE,6.681715167730719,0.9024,0.9024
hyporheic,bray,hja2016_070,hja2016_078,56,CC-1,Intermediate,Headwater,FALSE,FALSE,7.11703983435191,0.9389,0.9389
hyporheic,bray,hja2016_071,hja2016_078,164,CC-1,Intermediate,Headwater,FALSE,FALSE,9.854269774896933,0.8716,0.8716
hyporheic,bray,hja2016_075,hja2016_078,260,CC-1,Intermediate,Headwater,FALSE,FALSE,3.5422462799284804,0.8922,0.8922
hyporheic,bray,hja2016_008,hja2016_079,WS3-1,64,Headwater,Headwater,TRUE,FALSE,10.070129438604102,0.9325,0.9325
hyporheic,bray,hja2016_009,hja2016_079,60,64,Headwater,Headwater,TRUE,FALSE,4.4702604988722365,0.9168,0.9168
hyporheic,bray,hja2016_014,hja2016_079,WS1-6,64,Headwater,Headwater,TRUE,FALSE,10.90868108736911,0.9511,0.9511
hyporheic,bray,hja2016_015,hja2016_079,47,64,Intermediate,Headwater,FALSE,FALSE,7.731796667743568,0.9273,0.9273
hyporheic,bray,hja2016_016,hja2016_079,74,64,Headwater,Headwater,TRUE,FALSE,5.668804244272139,0.953,0.953
hyporheic,bray,hja2016_018,hja2016_079,WS1-5,64,Headwater,Headwater,TRUE,FALSE,11.021499695212045,0.9607,0.9607
hyporheic,bray,hja2016_019,hja2016_079,155,64,Headwater,Headwater,TRUE,FALSE,5.181163372418487,0.907,0.907
hyporheic,bray,hja2016_020,hja2016_079,WS1-2,64,Headwater,Headwater,TRUE,FALSE,11.180843395987,0.9195,0.9195
hyporheic,bray,hja2016_021,hja2016_079,156,64,Mainstem,Headwater,FALSE,FALSE,4.842127430350659,0.923,0.923
hyporheic,bray,hja2016_065,hja2016_079,68,64,Mainstem,Headwater,FALSE,FALSE,5.889864673161297,0.9228,0.9228
hyporheic,bray,hja2016_066,hja2016_079,49,64,Mainstem,Headwater,FALSE,FALSE,7.678231933196766,0.9151,0.9151
hyporheic,bray,hja2016_070,hja2016_079,56,64,Intermediate,Headwater,FALSE,FALSE,8.02613481280829,0.946,0.946
hyporheic,bray,hja2016_071,hja2016_079,164,64,Intermediate,Headwater,FALSE,FALSE,10.223113551804197,0.8992,0.8992
hyporheic,bray,hja2016_075,hja2016_079,260,64,Intermediate,Headwater,FALSE,FALSE,4.541749775317034,0.8948,0.8948
hyporheic,bray,hja2016_078,hja2016_079,CC-1,64,Headwater,Headwater,TRUE,FALSE,2.3040267162218475,0.9005,0.9005
hyporheic,bray,hja2016_008,hja2016_084,WS3-1,177,Headwater,Headwater,TRUE,FALSE,7.357719367424881,0.9244,0.9244
hyporheic,bray,hja2016_009,hja2016_084,60,177,Headwater,Headwater,TRUE,FALSE,3.3274975604451136,0.8619,0.8619
hyporheic,bray,hja2016_014,hja2016_084,WS1-6,177,Headwater,Headwater,TRUE,FALSE,9.058985007740587,0.8866,0.8866
hyporheic,bray,hja2016_015,hja2016_084,47,177,Intermediate,Headwater,FALSE,FALSE,4.324507388351763,0.9653,0.9653
hyporheic,bray,hja2016_016,hja2016_084,74,177,Headwater,Headwater,TRUE,FALSE,3.927525621195436,0.9687,0.9687
hyporheic,bray,hja2016_018,hja2016_084,WS1-5,177,Headwater,Headwater,TRUE,FALSE,9.120424864766411,0.9429,0.9429
hyporheic,bray,hja2016_019,hja2016_084,155,177,Headwater,Headwater,TRUE,FALSE,3.9678259035220487,0.9098,0.9098
hyporheic,bray,hja2016_020,hja2016_084,WS1-2,177,Headwater,Headwater,TRUE,FALSE,9.171585198566977,0.9366,0.9366
hyporheic,bray,hja2016_021,hja2016_084,156,177,Mainstem,Headwater,FALSE,FALSE,4.0754467168777735,0.9697,0.9697
hyporheic,bray,hja2016_065,hja2016_084,68,177,Mainstem,Headwater,FALSE,FALSE,3.7794375658743107,0.9098,0.9098
hyporheic,bray,hja2016_066,hja2016_084,49,177,Mainstem,Headwater,FALSE,FALSE,4.3769296157692015,0.875,0.875
hyporheic,bray,hja2016_070,hja2016_084,56,177,Intermediate,Headwater,FALSE,FALSE,4.829221684335063,0.9554,0.9554
hyporheic,bray,hja2016_071,hja2016_084,164,177,Intermediate,Headwater,FALSE,FALSE,8.053878607767109,0.9352,0.9352
hyporheic,bray,hja2016_075,hja2016_084,260,177,Intermediate,Headwater,FALSE,FALSE,4.209277848808148,0.9467,0.9467
hyporheic,bray,hja2016_078,hja2016_084,CC-1,177,Headwater,Headwater,TRUE,FALSE,5.6795646641206625,0.9413,0.9413
hyporheic,bray,hja2016_079,hja2016_084,64,177,Headwater,Headwater,TRUE,FALSE,7.722025449913103,0.9387,0.9387
hyporheic,bray,hja2016_008,hja2016_031,WS3-1,161,Headwater,Mainstem,FALSE,FALSE,0.8881707735254691,0.9617,0.9617
hyporheic,bray,hja2016_009,hja2016_031,60,161,Headwater,Mainstem,FALSE,FALSE,6.463695748242083,0.9405,0.9405
hyporheic,bray,hja2016_014,hja2016_031,WS1-6,161,Headwater,Mainstem,FALSE,FALSE,2.631197729103107,0.9606,0.9606
hyporheic,bray,hja2016_015,hja2016_031,47,161,Intermediate,Mainstem,FALSE,FALSE,2.3499228162733035,0.9218,0.9218
hyporheic,bray,hja2016_016,hja2016_031,74,161,Headwater,Mainstem,FALSE,FALSE,4.237184346779455,0.9531,0.9531
hyporheic,bray,hja2016_018,hja2016_031,WS1-5,161,Headwater,Mainstem,FALSE,FALSE,2.6783476953705807,0.9751,0.9751
hyporheic,bray,hja2016_019,hja2016_031,155,161,Headwater,Mainstem,FALSE,FALSE,4.726431511646313,0.954,0.954
hyporheic,bray,hja2016_020,hja2016_031,WS1-2,161,Headwater,Mainstem,FALSE,FALSE,2.7114322095272145,0.9652,0.9652
hyporheic,bray,hja2016_021,hja2016_031,156,161,Mainstem,Mainstem,TRUE,FALSE,5.046713619199337,0.931,0.931
hyporheic,bray,hja2016_065,hja2016_031,68,161,Mainstem,Mainstem,TRUE,FALSE,4.1011280636619265,0.9582,0.9582
hyporheic,bray,hja2016_066,hja2016_031,49,161,Mainstem,Mainstem,TRUE,FALSE,2.341895721205322,0.9426,0.9426
hyporheic,bray,hja2016_070,hja2016_031,56,161,Intermediate,Mainstem,FALSE,FALSE,1.844852400188995,0.9654,0.9654
hyporheic,bray,hja2016_071,hja2016_031,164,161,Intermediate,Mainstem,FALSE,FALSE,1.642088556809494,0.954,0.954
hyporheic,bray,hja2016_075,hja2016_031,260,161,Intermediate,Mainstem,FALSE,FALSE,5.323452720625603,0.9414,0.9414
hyporheic,bray,hja2016_078,hja2016_031,CC-1,161,Headwater,Mainstem,FALSE,FALSE,8.86495163890723,0.9563,0.9563
hyporheic,bray,hja2016_079,hja2016_031,64,161,Headwater,Mainstem,FALSE,FALSE,9.56408518964265,0.956,0.956
hyporheic,bray,hja2016_084,hja2016_031,177,161,Headwater,Mainstem,FALSE,FALSE,6.471429663504022,0.9399,0.9399
hyporheic,bray,hja2016_008,hja2016_032,WS3-1,54,Headwater,Intermediate,FALSE,FALSE,1.5464907864411752,0.9399,0.9399
hyporheic,bray,hja2016_009,hja2016_032,60,54,Headwater,Intermediate,FALSE,FALSE,5.744815569702386,0.9239,0.9239
hyporheic,bray,hja2016_014,hja2016_032,WS1-6,54,Headwater,Intermediate,FALSE,FALSE,3.2139117354377933,0.9347,0.9347
hyporheic,bray,hja2016_015,hja2016_032,47,54,Intermediate,Intermediate,TRUE,FALSE,1.6420581101883358,0.9279,0.9279
hyporheic,bray,hja2016_016,hja2016_032,74,54,Headwater,Intermediate,FALSE,FALSE,3.5263701762566675,0.947,0.947
hyporheic,bray,hja2016_018,hja2016_032,WS1-5,54,Headwater,Intermediate,FALSE,FALSE,3.2754673498689835,0.9684,0.9684
hyporheic,bray,hja2016_019,hja2016_032,155,54,Headwater,Intermediate,FALSE,FALSE,4.01922568900886,0.9079,0.9079
hyporheic,bray,hja2016_020,hja2016_032,WS1-2,54,Headwater,Intermediate,FALSE,FALSE,3.331564740858179,0.9437,0.9437
hyporheic,bray,hja2016_021,hja2016_032,156,54,Mainstem,Intermediate,FALSE,FALSE,4.343187752131372,0.9349,0.9349
hyporheic,bray,hja2016_065,hja2016_032,68,54,Mainstem,Intermediate,FALSE,FALSE,3.3855476062358085,0.9333,0.9333
hyporheic,bray,hja2016_066,hja2016_032,49,54,Mainstem,Intermediate,FALSE,FALSE,1.6290167602632786,0.927,0.927
hyporheic,bray,hja2016_070,hja2016_032,56,54,Intermediate,Intermediate,TRUE,FALSE,1.1295841258572248,0.9461,0.9461
hyporheic,bray,hja2016_071,hja2016_032,164,54,Intermediate,Intermediate,TRUE,FALSE,2.2087258988107816,0.9287,0.9287
hyporheic,bray,hja2016_075,hja2016_032,260,54,Intermediate,Intermediate,TRUE,FALSE,4.623731139705767,0.9212,0.9212
hyporheic,bray,hja2016_078,hja2016_032,CC-1,54,Headwater,Intermediate,FALSE,FALSE,8.162350167701339,0.9153,0.9153
hyporheic,bray,hja2016_079,hja2016_032,64,54,Headwater,Intermediate,FALSE,FALSE,8.920598194174103,0.9276,0.9276
hyporheic,bray,hja2016_084,hja2016_032,177,54,Headwater,Intermediate,FALSE,FALSE,5.845260225367845,0.9357,0.9357
hyporheic,bray,hja2016_031,hja2016_032,161,54,Mainstem,Intermediate,FALSE,FALSE,0.719341570216244,0.9404,0.9404
hyporheic,bray,hja2016_008,hja2016_035,WS3-1,192,Headwater,Headwater,TRUE,FALSE,4.318483153945261,0.9335,0.9335
hyporheic,bray,hja2016_009,hja2016_035,60,192,Headwater,Headwater,TRUE,FALSE,2.9003701444075354,0.9121,0.9121
hyporheic,bray,hja2016_014,hja2016_035,WS1-6,192,Headwater,Headwater,TRUE,FALSE,5.741938509680529,0.9422,0.9422
hyporheic,bray,hja2016_015,hja2016_035,47,192,Intermediate,Headwater,FALSE,FALSE,1.3972185101032857,0.9572,0.9572
hyporheic,bray,hja2016_016,hja2016_035,74,192,Headwater,Headwater,TRUE,FALSE,0.6989998877130911,0.9614,0.9614
hyporheic,bray,hja2016_018,hja2016_035,WS1-5,192,Headwater,Headwater,TRUE,FALSE,5.8300949170338505,0.9567,0.9567
hyporheic,bray,hja2016_019,hja2016_035,155,192,Headwater,Headwater,TRUE,FALSE,1.20507623400986,0.9307,0.9307
hyporheic,bray,hja2016_020,hja2016_035,WS1-2,192,Headwater,Headwater,TRUE,FALSE,5.932700577001363,0.9539,0.9539
hyporheic,bray,hja2016_021,hja2016_035,156,192,Mainstem,Headwater,FALSE,FALSE,1.5461286658821096,0.9586,0.9586
hyporheic,bray,hja2016_065,hja2016_035,68,192,Mainstem,Headwater,FALSE,FALSE,0.5287431382926865,0.9375,0.9375
hyporheic,bray,hja2016_066,hja2016_035,49,192,Mainstem,Headwater,FALSE,FALSE,1.3553076235760821,0.9211,0.9211
hyporheic,bray,hja2016_070,hja2016_035,56,192,Intermediate,Headwater,FALSE,FALSE,1.7810967962432995,0.937,0.937
hyporheic,bray,hja2016_071,hja2016_035,164,192,Intermediate,Headwater,FALSE,FALSE,4.796429709334314,0.9412,0.9412
hyporheic,bray,hja2016_075,hja2016_035,260,192,Intermediate,Headwater,FALSE,FALSE,1.844484886965542,0.9397,0.9397
hyporheic,bray,hja2016_078,hja2016_035,CC-1,192,Headwater,Headwater,TRUE,FALSE,5.336627817576229,0.9298,0.9298
hyporheic,bray,hja2016_079,hja2016_035,64,192,Headwater,Headwater,TRUE,FALSE,6.349841461409217,0.9193,0.9193
hyporheic,bray,hja2016_084,hja2016_035,177,192,Headwater,Headwater,TRUE,FALSE,3.9659312561252924,0.9335,0.9335
hyporheic,bray,hja2016_031,hja2016_035,161,192,Mainstem,Headwater,FALSE,FALSE,3.5734505866690767,0.9351,0.9351
hyporheic,bray,hja2016_032,hja2016_035,54,192,Intermediate,Headwater,FALSE,FALSE,2.857294503752834,0.9426,0.9426
hyporheic,bray,hja2016_008,hja2016_037,WS3-1,43,Headwater,Headwater,TRUE,FALSE,7.05584350824747,0.9382,0.9382
hyporheic,bray,hja2016_009,hja2016_037,60,43,Headwater,Headwater,TRUE,FALSE,0.43829673954452925,0.9054,0.9054
hyporheic,bray,hja2016_014,hja2016_037,WS1-6,43,Headwater,Headwater,TRUE,FALSE,8.376677334090845,0.9237,0.9237
hyporheic,bray,hja2016_015,hja2016_037,47,43,Intermediate,Headwater,FALSE,FALSE,4.093789528843192,0.9572,0.9572
hyporheic,bray,hja2016_016,hja2016_037,74,43,Headwater,Headwater,TRUE,FALSE,2.104517473733738,0.9605,0.9605
hyporheic,bray,hja2016_018,hja2016_037,WS1-5,43,Headwater,Headwater,TRUE,FALSE,8.47295585196086,0.9497,0.9497
hyporheic,bray,hja2016_019,hja2016_037,155,43,Headwater,Headwater,TRUE,FALSE,1.649851378523625,0.9361,0.9361
hyporheic,bray,hja2016_020,hja2016_037,WS1-2,43,Headwater,Headwater,TRUE,FALSE,8.59146438309767,0.9536,0.9536
hyporheic,bray,hja2016_021,hja2016_037,156,43,Mainstem,Headwater,FALSE,FALSE,1.3930020115369202,0.9606,0.9606
hyporheic,bray,hja2016_065,hja2016_037,68,43,Mainstem,Headwater,FALSE,FALSE,2.22982641110554,0.9295,0.9295
hyporheic,bray,hja2016_066,hja2016_037,49,43,Mainstem,Headwater,FALSE,FALSE,4.070292698365393,0.9142,0.9142
hyporheic,bray,hja2016_070,hja2016_037,56,43,Intermediate,Headwater,FALSE,FALSE,4.5288136841496085,0.9635,0.9635
hyporheic,bray,hja2016_071,hja2016_037,164,43,Intermediate,Headwater,FALSE,FALSE,7.476161053805217,0.9485,0.9485
hyporheic,bray,hja2016_075,hja2016_037,260,43,Intermediate,Headwater,FALSE,FALSE,1.220536938130191,0.9478,0.9478
hyporheic,bray,hja2016_078,hja2016_037,CC-1,43,Headwater,Headwater,TRUE,FALSE,2.660594623241906,0.9423,0.9423
hyporheic,bray,hja2016_079,hja2016_037,64,43,Headwater,Headwater,TRUE,FALSE,4.2048261934227975,0.9423,0.9423
hyporheic,bray,hja2016_084,hja2016_037,177,43,Headwater,Headwater,TRUE,FALSE,3.697837909763051,0.88,0.88
hyporheic,bray,hja2016_031,hja2016_037,161,43,Mainstem,Headwater,FALSE,FALSE,6.330734395453319,0.9305,0.9305
hyporheic,bray,hja2016_032,hja2016_037,54,43,Intermediate,Headwater,FALSE,FALSE,5.615370585939937,0.9341,0.9341
hyporheic,bray,hja2016_035,hja2016_037,192,43,Headwater,Headwater,TRUE,FALSE,2.7581959746119695,0.927,0.927
hyporheic,bray,hja2016_008,hja2016_043,WS3-1,KC-2,Headwater,Intermediate,FALSE,FALSE,1.5069311271081194,0.9213,0.9213
hyporheic,bray,hja2016_009,hja2016_043,60,KC-2,Headwater,Intermediate,FALSE,FALSE,5.736246300496747,0.9234,0.9234
hyporheic,bray,hja2016_014,hja2016_043,WS1-6,KC-2,Headwater,Intermediate,FALSE,FALSE,2.939596016571682,0.9374,0.9374
hyporheic,bray,hja2016_015,hja2016_043,47,KC-2,Intermediate,Intermediate,TRUE,FALSE,1.876363243432882,0.9404,0.9404
hyporheic,bray,hja2016_016,hja2016_043,74,KC-2,Headwater,Intermediate,FALSE,FALSE,3.455399743343421,0.9453,0.9453
hyporheic,bray,hja2016_018,hja2016_043,WS1-5,KC-2,Headwater,Intermediate,FALSE,FALSE,3.0190196983698154,0.9633,0.9633
hyporheic,bray,hja2016_019,hja2016_043,155,KC-2,Headwater,Intermediate,FALSE,FALSE,3.9205707908726386,0.9279,0.9279
hyporheic,bray,hja2016_020,hja2016_043,WS1-2,KC-2,Headwater,Intermediate,FALSE,FALSE,3.107828161055232,0.919,0.919
hyporheic,bray,hja2016_021,hja2016_043,156,KC-2,Mainstem,Intermediate,FALSE,FALSE,4.2227855673798755,0.9299,0.9299
hyporheic,bray,hja2016_065,hja2016_043,68,KC-2,Mainstem,Intermediate,FALSE,FALSE,3.3542835607639114,0.935,0.935
hyporheic,bray,hja2016_066,hja2016_043,49,KC-2,Mainstem,Intermediate,FALSE,FALSE,1.833561574348446,0.9204,0.9204
hyporheic,bray,hja2016_070,hja2016_043,56,KC-2,Intermediate,Intermediate,TRUE,FALSE,1.3649950281476189,0.9405,0.9405
hyporheic,bray,hja2016_071,hja2016_043,164,KC-2,Intermediate,Intermediate,TRUE,FALSE,1.9643134131936186,0.9243,0.9243
hyporheic,bray,hja2016_075,hja2016_043,260,KC-2,Intermediate,Intermediate,TRUE,FALSE,4.484143279107467,0.9197,0.9197
hyporheic,bray,hja2016_078,hja2016_043,CC-1,KC-2,Headwater,Intermediate,FALSE,FALSE,8.019862400518628,0.8964,0.8964
hyporheic,bray,hja2016_079,hja2016_043,64,KC-2,Headwater,Intermediate,FALSE,FALSE,8.616426887328446,0.9144,0.9144
hyporheic,bray,hja2016_084,hja2016_043,177,KC-2,Headwater,Intermediate,FALSE,FALSE,6.194216416597989,0.9526,0.9526
hyporheic,bray,hja2016_031,hja2016_043,161,KC-2,Mainstem,Intermediate,FALSE,FALSE,0.990574747049965,0.9307,0.9307
hyporheic,bray,hja2016_032,hja2016_043,54,KC-2,Intermediate,Intermediate,TRUE,FALSE,0.6581449235934631,0.9109,0.9109
hyporheic,bray,hja2016_035,hja2016_043,192,KC-2,Headwater,Intermediate,FALSE,FALSE,2.8427325257064195,0.9267,0.9267
hyporheic,bray,hja2016_037,hja2016_043,43,KC-2,Headwater,Intermediate,FALSE,FALSE,5.559151311753686,0.9331,0.9331
hyporheic,bray,hja2016_008,hja2016_050,WS3-1,165,Headwater,Headwater,TRUE,FALSE,5.618406696289105,0.9087,0.9087
hyporheic,bray,hja2016_009,hja2016_050,60,165,Headwater,Headwater,TRUE,FALSE,2.984470013246444,0.9447,0.9447
hyporheic,bray,hja2016_014,hja2016_050,WS1-6,165,Headwater,Headwater,TRUE,FALSE,7.297020272671488,0.942,0.942
hyporheic,bray,hja2016_015,hja2016_050,47,165,Intermediate,Headwater,FALSE,FALSE,2.540921040056427,0.9433,0.9433
hyporheic,bray,hja2016_016,hja2016_050,74,165,Headwater,Headwater,TRUE,FALSE,2.486092531866686,0.9558,0.9558
hyporheic,bray,hja2016_018,hja2016_050,WS1-5,165,Headwater,Headwater,TRUE,FALSE,7.361964260357983,0.9619,0.9619
hyporheic,bray,hja2016_019,hja2016_050,155,165,Headwater,Headwater,TRUE,FALSE,2.7034880111640116,0.9426,0.9426
hyporheic,bray,hja2016_020,hja2016_050,WS1-2,165,Headwater,Headwater,TRUE,FALSE,7.420044874340309,0.9111,0.9111
hyporheic,bray,hja2016_021,hja2016_050,156,165,Mainstem,Headwater,FALSE,FALSE,2.9277219632984433,0.9296,0.9296
hyporheic,bray,hja2016_065,hja2016_050,68,165,Mainstem,Headwater,FALSE,FALSE,2.2838150755925053,0.9223,0.9223
hyporheic,bray,hja2016_066,hja2016_050,49,165,Mainstem,Headwater,FALSE,FALSE,2.5925569075085497,0.9293,0.9293
hyporheic,bray,hja2016_070,hja2016_050,56,165,Intermediate,Headwater,FALSE,FALSE,3.048936684253621,0.9434,0.9434
hyporheic,bray,hja2016_071,hja2016_050,164,165,Intermediate,Headwater,FALSE,FALSE,6.2931351415984516,0.8961,0.8961
hyporheic,bray,hja2016_075,hja2016_050,260,165,Intermediate,Headwater,FALSE,FALSE,3.1559811845392516,0.9128,0.9128
hyporheic,bray,hja2016_078,hja2016_050,CC-1,165,Headwater,Headwater,TRUE,FALSE,5.703265813927859,0.9296,0.9296
hyporheic,bray,hja2016_079,hja2016_050,64,165,Headwater,Headwater,TRUE,FALSE,7.384166429099786,0.94,0.94
hyporheic,bray,hja2016_084,hja2016_050,177,165,Headwater,Headwater,TRUE,FALSE,1.784462030346704,0.9547,0.9547
hyporheic,bray,hja2016_031,hja2016_050,161,165,Mainstem,Headwater,FALSE,FALSE,4.738210842389866,0.9592,0.9592
hyporheic,bray,hja2016_032,hja2016_050,54,165,Intermediate,Headwater,FALSE,FALSE,4.0885151972774345,0.9298,0.9298
hyporheic,bray,hja2016_035,hja2016_050,192,165,Headwater,Headwater,TRUE,FALSE,2.3250472068972594,0.9365,0.9365
hyporheic,bray,hja2016_037,hja2016_050,43,165,Headwater,Headwater,TRUE,FALSE,3.184298569352243,0.9549,0.9549
hyporheic,bray,hja2016_043,hja2016_050,KC-2,165,Intermediate,Headwater,FALSE,FALSE,4.413477028903304,0.9271,0.9271
hyporheic,bray,hja2016_008,hja2016_052,WS3-1,163,Headwater,Mainstem,FALSE,FALSE,0.8806137085049516,0.8982,0.8982
hyporheic,bray,hja2016_009,hja2016_052,60,163,Headwater,Mainstem,FALSE,FALSE,8.087840948385834,0.888,0.888
hyporheic,bray,hja2016_014,hja2016_052,WS1-6,163,Headwater,Mainstem,FALSE,FALSE,1.1219794159249379,0.9244,0.9244
hyporheic,bray,hja2016_015,hja2016_052,47,163,Intermediate,Mainstem,FALSE,FALSE,4.064687648253421,0.9582,0.9582
hyporheic,bray,hja2016_016,hja2016_052,74,163,Headwater,Mainstem,FALSE,FALSE,5.812042782449695,0.9728,0.9728
hyporheic,bray,hja2016_018,hja2016_052,WS1-5,163,Headwater,Mainstem,FALSE,FALSE,1.1147180111402728,0.9287,0.9287
hyporheic,bray,hja2016_019,hja2016_052,155,163,Headwater,Mainstem,FALSE,FALSE,6.276816552078394,0.8934,0.8934
hyporheic,bray,hja2016_020,hja2016_052,WS1-2,163,Headwater,Mainstem,FALSE,FALSE,1.0744049698772364,0.9261,0.9261
hyporheic,bray,hja2016_021,hja2016_052,156,163,Mainstem,Mainstem,TRUE,FALSE,6.575881272920605,0.9632,0.9632
hyporheic,bray,hja2016_065,hja2016_052,68,163,Mainstem,Mainstem,TRUE,FALSE,5.706104545443485,0.8928,0.8928
hyporheic,bray,hja2016_066,hja2016_052,49,163,Mainstem,Mainstem,TRUE,FALSE,4.0473204866517065,0.864,0.864
hyporheic,bray,hja2016_070,hja2016_052,56,163,Intermediate,Mainstem,FALSE,FALSE,3.546781339190444,0.9577,0.9577
hyporheic,bray,hja2016_071,hja2016_052,164,163,Intermediate,Mainstem,FALSE,FALSE,0.6909376475660745,0.9088,0.9088
hyporheic,bray,hja2016_075,hja2016_052,260,163,Intermediate,Mainstem,FALSE,FALSE,6.832386313081748,0.9303,0.9303
hyporheic,bray,hja2016_078,hja2016_052,CC-1,163,Headwater,Mainstem,FALSE,FALSE,10.358429596194998,0.9034,0.9034
hyporheic,bray,hja2016_079,hja2016_052,64,163,Headwater,Mainstem,FALSE,FALSE,10.818339772798577,0.9247,0.9247
hyporheic,bray,hja2016_084,hja2016_052,177,163,Headwater,Mainstem,FALSE,FALSE,8.205721026008865,0.8865,0.8865
hyporheic,bray,hja2016_031,hja2016_052,161,163,Mainstem,Mainstem,TRUE,FALSE,1.7418099846059318,0.9442,0.9442
hyporheic,bray,hja2016_032,hja2016_052,54,163,Intermediate,Mainstem,FALSE,FALSE,2.424203151420306,0.9337,0.9337
hyporheic,bray,hja2016_035,hja2016_052,192,163,Headwater,Mainstem,FALSE,FALSE,5.1888806907590075,0.9253,0.9253
hyporheic,bray,hja2016_037,hja2016_052,43,163,Headwater,Mainstem,FALSE,FALSE,7.916071059453279,0.9161,0.9161
hyporheic,bray,hja2016_043,hja2016_052,KC-2,163,Intermediate,Mainstem,FALSE,FALSE,2.3569926396039667,0.9326,0.9326
hyporheic,bray,hja2016_050,hja2016_052,165,163,Headwater,Mainstem,FALSE,FALSE,6.479521327490033,0.9463,0.9463
hyporheic,bray,hja2016_008,hja2016_056,WS3-1,KC-1,Headwater,Intermediate,FALSE,FALSE,1.5308837300103362,0.9161,0.9161
hyporheic,bray,hja2016_009,hja2016_056,60,KC-1,Headwater,Intermediate,FALSE,FALSE,5.701460406156321,0.9089,0.9089
hyporheic,bray,hja2016_014,hja2016_056,WS1-6,KC-1,Headwater,Intermediate,FALSE,FALSE,2.9901257958892105,0.9271,0.9271
hyporheic,bray,hja2016_015,hja2016_056,47,KC-1,Intermediate,Intermediate,TRUE,FALSE,1.818201309377183,0.9685,0.9685
hyporheic,bray,hja2016_016,hja2016_056,74,KC-1,Headwater,Intermediate,FALSE,FALSE,3.4243031820629675,0.9723,0.9723
hyporheic,bray,hja2016_018,hja2016_056,WS1-5,KC-1,Headwater,Intermediate,FALSE,FALSE,3.068222528462683,0.9405,0.9405
hyporheic,bray,hja2016_019,hja2016_056,155,KC-1,Headwater,Intermediate,FALSE,FALSE,3.892757701293267,0.9104,0.9104
hyporheic,bray,hja2016_020,hja2016_056,WS1-2,KC-1,Headwater,Intermediate,FALSE,FALSE,3.1544708080757786,0.9268,0.9268
hyporheic,bray,hja2016_021,hja2016_056,156,KC-1,Mainstem,Intermediate,FALSE,FALSE,4.197454084098257,0.9624,0.9624
hyporheic,bray,hja2016_065,hja2016_056,68,KC-1,Mainstem,Intermediate,FALSE,FALSE,3.3193560813218514,0.9189,0.9189
hyporheic,bray,hja2016_066,hja2016_056,49,KC-1,Mainstem,Intermediate,FALSE,FALSE,1.7769687940183916,0.8964,0.8964
hyporheic,bray,hja2016_070,hja2016_056,56,KC-1,Intermediate,Intermediate,TRUE,FALSE,1.30455344033522,0.9583,0.9583
hyporheic,bray,hja2016_071,hja2016_056,164,KC-1,Intermediate,Intermediate,TRUE,FALSE,2.0101972732293967,0.923,0.923
hyporheic,bray,hja2016_075,hja2016_056,260,KC-1,Intermediate,Intermediate,TRUE,FALSE,4.461000698565809,0.9363,0.9363
hyporheic,bray,hja2016_078,hja2016_056,CC-1,KC-1,Headwater,Intermediate,FALSE,FALSE,7.998832957231205,0.9133,0.9133
hyporheic,bray,hja2016_079,hja2016_056,64,KC-1,Headwater,Intermediate,FALSE,FALSE,8.61336977942981,0.9361,0.9361
hyporheic,bray,hja2016_084,hja2016_056,177,KC-1,Headwater,Intermediate,FALSE,FALSE,6.133466977511725,0.8978,0.8978
hyporheic,bray,hja2016_031,hja2016_056,161,KC-1,Mainstem,Intermediate,FALSE,FALSE,0.9750635992294102,0.9598,0.9598
hyporheic,bray,hja2016_032,hja2016_056,54,KC-1,Intermediate,Intermediate,TRUE,FALSE,0.598990241135925,0.9504,0.9504
hyporheic,bray,hja2016_035,hja2016_056,192,KC-1,Headwater,Intermediate,FALSE,FALSE,2.8053742798677637,0.92490000000000006,0.92490000000000006
hyporheic,bray,hja2016_037,hja2016_056,43,KC-1,Headwater,Intermediate,FALSE,FALSE,5.528641893507325,0.9343,0.9343
hyporheic,bray,hja2016_043,hja2016_056,KC-2,KC-1,Intermediate,Intermediate,TRUE,TRUE,0.06824652816190327,0.9322,0.9322
hyporheic,bray,hja2016_050,hja2016_056,165,KC-1,Headwater,Intermediate,FALSE,FALSE,4.353465740672919,0.8214,0.8214
hyporheic,bray,hja2016_052,hja2016_056,163,KC-1,Mainstem,Intermediate,FALSE,FALSE,2.3880480077401316,0.9041,0.9041
hyporheic,bray,hja2016_008,hja2016_057,WS3-1,71,Headwater,Intermediate,FALSE,FALSE,2.6088117698995927,0.9384,0.9384
hyporheic,bray,hja2016_009,hja2016_057,60,71,Headwater,Intermediate,FALSE,FALSE,4.781050822404301,0.9489,0.9489
hyporheic,bray,hja2016_014,hja2016_057,WS1-6,71,Headwater,Intermediate,FALSE,FALSE,4.260913326646547,0.959,0.959
hyporheic,bray,hja2016_015,hja2016_057,47,71,Intermediate,Intermediate,TRUE,FALSE,0.6087653621709344,0.9357,0.9357
hyporheic,bray,hja2016_016,hja2016_057,74,71,Headwater,Intermediate,FALSE,FALSE,2.6610100627299094,0.9716,0.9716
hyporheic,bray,hja2016_018,hja2016_057,WS1-5,71,Headwater,Intermediate,FALSE,FALSE,4.326910597125184,0.9651,0.9651
hyporheic,bray,hja2016_019,hja2016_057,155,71,Headwater,Intermediate,FALSE,FALSE,3.166735105968207,0.9526,0.9526
hyporheic,bray,hja2016_020,hja2016_057,WS1-2,71,Headwater,Intermediate,FALSE,FALSE,4.389121486289933,0.9505,0.9505
hyporheic,bray,hja2016_021,hja2016_057,156,71,Mainstem,Intermediate,FALSE,FALSE,3.5053182017069062,0.9519,0.9519
hyporheic,bray,hja2016_065,hja2016_057,68,71,Mainstem,Intermediate,FALSE,FALSE,2.484484812358425,0.9336,0.9336
hyporheic,bray,hja2016_066,hja2016_057,49,71,Mainstem,Intermediate,FALSE,FALSE,0.6216838924711285,0.9258,0.9258
hyporheic,bray,hja2016_070,hja2016_057,56,71,Intermediate,Intermediate,TRUE,FALSE,0.2503047463662732,0.9461,0.9461
hyporheic,bray,hja2016_071,hja2016_057,164,71,Intermediate,Intermediate,TRUE,FALSE,3.2576200912433437,0.929,0.929
hyporheic,bray,hja2016_075,hja2016_057,260,71,Intermediate,Intermediate,TRUE,FALSE,3.800252278330142,0.9353,0.9353
hyporheic,bray,hja2016_078,hja2016_057,CC-1,71,Headwater,Intermediate,FALSE,FALSE,7.297892554380454,0.9281,0.9281
hyporheic,bray,hja2016_079,hja2016_057,64,71,Headwater,Intermediate,FALSE,FALSE,8.247323693003999,0.9479,0.9479
hyporheic,bray,hja2016_084,hja2016_057,177,71,Headwater,Intermediate,FALSE,FALSE,4.804862204610274,0.9573,0.9573
hyporheic,bray,hja2016_031,hja2016_057,161,71,Mainstem,Intermediate,FALSE,FALSE,1.7551811565716449,0.9564,0.9564
hyporheic,bray,hja2016_032,hja2016_057,54,71,Intermediate,Intermediate,TRUE,FALSE,1.0630734587357058,0.9471,0.9471
hyporheic,bray,hja2016_035,hja2016_057,192,71,Headwater,Intermediate,FALSE,FALSE,1.9638043084492565,0.9236,0.9236
hyporheic,bray,hja2016_037,hja2016_057,43,71,Headwater,Intermediate,FALSE,FALSE,4.691510725093255,0.9551,0.9551
hyporheic,bray,hja2016_043,hja2016_057,KC-2,71,Intermediate,Intermediate,TRUE,FALSE,1.4175332498146056,0.934,0.934
hyporheic,bray,hja2016_050,hja2016_057,165,71,Headwater,Intermediate,FALSE,FALSE,3.036314161798194,0.8662,0.8662
hyporheic,bray,hja2016_052,hja2016_057,163,71,Mainstem,Intermediate,FALSE,FALSE,3.4845591560296465,0.9452,0.9452
hyporheic,bray,hja2016_056,hja2016_057,KC-1,71,Intermediate,Intermediate,TRUE,FALSE,1.3523810315421114,0.8692,0.8692
hyporheic,bray,hja2016_008,hja2016_062,WS3-1,WS3-3,Headwater,Headwater,TRUE,TRUE,0.16977177085465114,0.9127,0.9127
hyporheic,bray,hja2016_009,hja2016_062,60,WS3-3,Headwater,Headwater,TRUE,FALSE,7.12784970398475,0.9255,0.9255
hyporheic,bray,hja2016_014,hja2016_062,WS1-6,WS3-3,Headwater,Headwater,TRUE,FALSE,1.7372456432709322,0.9373,0.9373
hyporheic,bray,hja2016_015,hja2016_062,47,WS3-3,Intermediate,Headwater,FALSE,FALSE,3.130917302531453,0.9368,0.9368
hyporheic,bray,hja2016_016,hja2016_062,74,WS3-3,Headwater,Headwater,TRUE,FALSE,4.8526299115337785,0.9696,0.9696
hyporheic,bray,hja2016_018,hja2016_062,WS1-5,WS3-3,Headwater,Headwater,TRUE,FALSE,1.7878103034936397,0.9435,0.9435
hyporheic,bray,hja2016_019,hja2016_062,155,WS3-3,Headwater,Headwater,TRUE,FALSE,5.319268822102741,0.9139,0.9139
hyporheic,bray,hja2016_020,hja2016_062,WS1-2,WS3-3,Headwater,Headwater,TRUE,FALSE,1.831380286302394,0.8983,0.8983
hyporheic,bray,hja2016_021,hja2016_062,156,WS3-3,Mainstem,Headwater,FALSE,FALSE,5.620650636470601,0.9188,0.9188
hyporheic,bray,hja2016_065,hja2016_062,68,WS3-3,Mainstem,Headwater,FALSE,FALSE,4.7460644125184155,0.9163,0.9163
hyporheic,bray,hja2016_066,hja2016_062,49,WS3-3,Mainstem,Headwater,FALSE,FALSE,3.108432811987196,0.9114,0.9114
hyporheic,bray,hja2016_070,hja2016_062,56,WS3-3,Intermediate,Headwater,FALSE,FALSE,2.6091775873166907,0.9569,0.9569
hyporheic,bray,hja2016_071,hja2016_062,164,WS3-3,Intermediate,Headwater,FALSE,FALSE,0.7486090433626337,0.8837,0.8837
hyporheic,bray,hja2016_075,hja2016_062,260,WS3-3,Intermediate,Headwater,FALSE,FALSE,5.87988488348628,0.8984,0.8984
hyporheic,bray,hja2016_078,hja2016_062,CC-1,WS3-3,Headwater,Headwater,TRUE,FALSE,9.411317100288509,0.9,0.9
hyporheic,bray,hja2016_079,hja2016_062,64,WS3-3,Headwater,Headwater,TRUE,FALSE,9.929431627994406,0.9158,0.9158
hyporheic,bray,hja2016_084,hja2016_062,177,WS3-3,Headwater,Headwater,TRUE,FALSE,7.340214303100712,0.9404,0.9404
hyporheic,bray,hja2016_031,hja2016_062,161,WS3-3,Mainstem,Headwater,FALSE,FALSE,0.8952503603613999,0.9576,0.9576
hyporheic,bray,hja2016_032,hja2016_062,54,WS3-3,Intermediate,Headwater,FALSE,FALSE,1.5047903479684226,0.9338,0.9338
hyporheic,bray,hja2016_035,hja2016_062,192,WS3-3,Headwater,Headwater,TRUE,FALSE,4.229180201199189,0.928,0.928
hyporheic,bray,hja2016_037,hja2016_062,43,WS3-3,Headwater,Headwater,TRUE,FALSE,6.956894068752504,0.9467,0.9467
hyporheic,bray,hja2016_043,hja2016_062,KC-2,WS3-3,Intermediate,Headwater,FALSE,FALSE,1.3986980373179057,0.9184,0.9184
hyporheic,bray,hja2016_050,hja2016_062,165,WS3-3,Headwater,Headwater,TRUE,FALSE,5.59104175436501,0.8085,0.8085
hyporheic,bray,hja2016_052,hja2016_062,163,WS3-3,Mainstem,Headwater,FALSE,FALSE,0.9600503052859639,0.9215,0.9215
hyporheic,bray,hja2016_056,hja2016_062,KC-1,WS3-3,Intermediate,Headwater,FALSE,FALSE,1.4283503755074438,0.7692,0.7692
hyporheic,bray,hja2016_057,hja2016_062,71,WS3-3,Intermediate,Headwater,FALSE,FALSE,2.566777564692437,0.8676,0.8676
hyporheic,bray,hja2016_008,hja2016_102,WS3-1,73,Headwater,Headwater,TRUE,FALSE,5.808022420015047,0.9897,0.9897
hyporheic,bray,hja2016_009,hja2016_102,60,73,Headwater,Headwater,TRUE,FALSE,2.191982117722212,0.9902,0.9902
hyporheic,bray,hja2016_014,hja2016_102,WS1-6,73,Headwater,Headwater,TRUE,FALSE,6.915176512558563,0.9928,0.9928
hyporheic,bray,hja2016_015,hja2016_102,47,73,Intermediate,Headwater,FALSE,FALSE,3.3383360575688643,0.9963,0.9963
hyporheic,bray,hja2016_016,hja2016_102,74,73,Headwater,Headwater,TRUE,FALSE,1.3710134836684593,0.9985,0.9985
hyporheic,bray,hja2016_018,hja2016_102,WS1-5,73,Headwater,Headwater,TRUE,FALSE,7.01950117851889,0.9878,0.9878
hyporheic,bray,hja2016_019,hja2016_102,155,73,Headwater,Headwater,TRUE,FALSE,0.9994342260625957,0.9925,0.9925
hyporheic,bray,hja2016_020,hja2016_102,WS1-2,73,Headwater,Headwater,TRUE,FALSE,7.156388851575929,0.9818,0.9818
hyporheic,bray,hja2016_021,hja2016_102,156,73,Mainstem,Headwater,FALSE,FALSE,0.7902466958205318,0.9962,0.9962
hyporheic,bray,hja2016_065,hja2016_102,68,73,Mainstem,Headwater,FALSE,FALSE,1.6111377104766493,0.9816,0.9816
hyporheic,bray,hja2016_066,hja2016_102,49,73,Mainstem,Headwater,FALSE,FALSE,3.2804710732598563,0.9881,0.9881
hyporheic,bray,hja2016_070,hja2016_102,56,73,Intermediate,Headwater,FALSE,FALSE,3.6190204676218944,0.9938,0.9938
hyporheic,bray,hja2016_071,hja2016_102,164,73,Intermediate,Headwater,FALSE,FALSE,6.09369593242045,0.9855,0.9855
hyporheic,bray,hja2016_075,hja2016_102,260,73,Intermediate,Headwater,FALSE,FALSE,0.6797677435463308,0.9886,0.9886
hyporheic,bray,hja2016_078,hja2016_102,CC-1,73,Headwater,Headwater,TRUE,FALSE,3.7685776567020572,0.9919,0.9919
hyporheic,bray,hja2016_079,hja2016_102,64,73,Headwater,Headwater,TRUE,FALSE,4.407163759533689,0.9933,0.9933
hyporheic,bray,hja2016_084,hja2016_102,177,73,Headwater,Headwater,TRUE,FALSE,4.859781262909702,0.9932,0.9932
hyporheic,bray,hja2016_031,hja2016_102,161,73,Mainstem,Headwater,FALSE,FALSE,5.214926163289533,0.9979,0.9979
hyporheic,bray,hja2016_032,hja2016_102,54,73,Intermediate,Headwater,FALSE,FALSE,4.54457575066397,0.9949,0.9949
hyporheic,bray,hja2016_035,hja2016_102,192,73,Headwater,Headwater,TRUE,FALSE,1.9895352163077968,0.9879,0.9879
hyporheic,bray,hja2016_037,hja2016_102,43,73,Headwater,Headwater,TRUE,FALSE,1.7991250919377804,0.9927,0.9927
hyporheic,bray,hja2016_043,hja2016_102,KC-2,73,Intermediate,Headwater,FALSE,FALSE,4.311111268568428,0.9934,0.9934
hyporheic,bray,hja2016_050,hja2016_102,165,73,Headwater,Headwater,TRUE,FALSE,3.696267743593934,0.9904,0.9904
hyporheic,bray,hja2016_052,hja2016_102,163,73,Mainstem,Headwater,FALSE,FALSE,6.618218202500303,0.9879,0.9879
hyporheic,bray,hja2016_056,hja2016_102,KC-1,73,Intermediate,Headwater,FALSE,FALSE,4.297839976265171,0.9888,0.9888
hyporheic,bray,hja2016_057,hja2016_102,71,73,Intermediate,Headwater,FALSE,FALSE,3.840755790546295,0.9927,0.9927
hyporheic,bray,hja2016_062,hja2016_102,WS3-3,73,Headwater,Headwater,TRUE,FALSE,5.683332824314602,0.9871,0.9871
hyporheic,bray,hja2016_008,hja2016_107,WS3-1,57,Headwater,Intermediate,FALSE,FALSE,3.784603527834151,0.9871,0.9871
hyporheic,bray,hja2016_009,hja2016_107,60,57,Headwater,Intermediate,FALSE,FALSE,3.7240220248684044,0.9901,0.9901
hyporheic,bray,hja2016_014,hja2016_107,WS1-6,57,Headwater,Intermediate,FALSE,FALSE,5.412764282149032,0.9923,0.9923
hyporheic,bray,hja2016_015,hja2016_107,47,57,Intermediate,Intermediate,TRUE,FALSE,0.6255576994947291,0.9941,0.9941
hyporheic,bray,hja2016_016,hja2016_107,74,57,Headwater,Intermediate,FALSE,FALSE,1.8605061825260576,0.9986,0.9986
hyporheic,bray,hja2016_018,hja2016_107,WS1-5,57,Headwater,Intermediate,FALSE,FALSE,5.483250344185021,0.9883,0.9883
hyporheic,bray,hja2016_019,hja2016_107,155,57,Headwater,Intermediate,FALSE,FALSE,2.3428130931445623,0.993,0.993
hyporheic,bray,hja2016_020,hja2016_107,WS1-2,57,Headwater,Intermediate,FALSE,FALSE,5.5524669172818175,0.9803,0.9803
hyporheic,bray,hja2016_021,hja2016_107,156,57,Mainstem,Intermediate,FALSE,FALSE,2.6830531394268315,0.9965,0.9965
hyporheic,bray,hja2016_065,hja2016_107,68,57,Mainstem,Intermediate,FALSE,FALSE,1.6344090830886409,0.9833,0.9833
hyporheic,bray,hja2016_066,hja2016_107,49,57,Mainstem,Intermediate,FALSE,FALSE,0.6749353772126016,0.98740000000000006,0.98740000000000006
hyporheic,bray,hja2016_070,hja2016_107,56,57,Intermediate,Intermediate,TRUE,FALSE,1.1437086435191255,0.9938,0.9938
hyporheic,bray,hja2016_071,hja2016_107,164,57,Intermediate,Intermediate,TRUE,FALSE,4.414254623187726,0.9823,0.9823
hyporheic,bray,hja2016_075,hja2016_107,260,57,Intermediate,Intermediate,TRUE,FALSE,2.984411380971293,0.9876,0.9876
hyporheic,bray,hja2016_078,hja2016_107,CC-1,57,Headwater,Intermediate,FALSE,FALSE,6.346122261327158,0.9907,0.9907
hyporheic,bray,hja2016_079,hja2016_107,64,57,Headwater,Intermediate,FALSE,FALSE,7.523887350894997,0.9932,0.9932
hyporheic,bray,hja2016_084,hja2016_107,177,57,Headwater,Intermediate,FALSE,FALSE,3.702003577001806,0.9937,0.9937
hyporheic,bray,hja2016_031,hja2016_107,161,57,Mainstem,Intermediate,FALSE,FALSE,2.9308297948121504,0.9975,0.9975
hyporheic,bray,hja2016_032,hja2016_107,54,57,Intermediate,Intermediate,TRUE,FALSE,2.2381263476727535,0.9971,0.9971
hyporheic,bray,hja2016_035,hja2016_107,192,57,Headwater,Intermediate,FALSE,FALSE,1.2199760400277577,0.9885,0.9885
hyporheic,bray,hja2016_037,hja2016_107,43,57,Headwater,Intermediate,FALSE,FALSE,3.6937031426941225,0.9955,0.9955
hyporheic,bray,hja2016_043,hja2016_107,KC-2,57,Intermediate,Intermediate,TRUE,FALSE,2.5019001004325934,0.9931,0.9931
hyporheic,bray,hja2016_050,hja2016_107,165,57,Headwater,Intermediate,FALSE,FALSE,1.9176684226398057,0.9914,0.9914
hyporheic,bray,hja2016_052,hja2016_107,163,57,Mainstem,Intermediate,FALSE,FALSE,4.6612861800711904,0.9885,0.9885
hyporheic,bray,hja2016_056,hja2016_107,KC-1,57,Intermediate,Intermediate,TRUE,FALSE,2.443566572427457,0.988,0.988
hyporheic,bray,hja2016_057,hja2016_107,71,57,Intermediate,Intermediate,TRUE,FALSE,1.1769599166651865,0.9938,0.9938
hyporheic,bray,hja2016_062,hja2016_107,WS3-3,57,Headwater,Intermediate,FALSE,FALSE,3.738193106472405,0.9868,0.9868
hyporheic,bray,hja2016_102,hja2016_107,73,57,Headwater,Intermediate,FALSE,FALSE,3.2040952245605383,0.5211,0.5211
hyporheic,bray,hja2016_008,hja2016_110,WS3-1,76,Headwater,Intermediate,FALSE,FALSE,9.965883673691975,0.9876,0.9876
hyporheic,bray,hja2016_009,hja2016_110,60,76,Headwater,Intermediate,FALSE,FALSE,3.5350938005733243,0.9908,0.9908
hyporheic,bray,hja2016_014,hja2016_110,WS1-6,76,Headwater,Intermediate,FALSE,FALSE,11.00831359426141,0.9921,0.9921
hyporheic,bray,hja2016_015,hja2016_110,47,76,Intermediate,Intermediate,TRUE,FALSE,7.307071499188573,0.9944,0.9944
hyporheic,bray,hja2016_016,hja2016_110,74,76,Headwater,Intermediate,FALSE,FALSE,5.212998529067941,0.9977,0.9977
hyporheic,bray,hja2016_018,hja2016_110,WS1-5,76,Headwater,Intermediate,FALSE,FALSE,11.116498988896426,0.9899,0.9899
hyporheic,bray,hja2016_019,hja2016_110,155,76,Headwater,Intermediate,FALSE,FALSE,4.706886881934089,0.9938,0.9938
hyporheic,bray,hja2016_020,hja2016_110,WS1-2,76,Headwater,Intermediate,FALSE,FALSE,11.262479887313308,0.9788,0.9788
hyporheic,bray,hja2016_021,hja2016_110,156,76,Mainstem,Intermediate,FALSE,FALSE,4.366762268967975,0.9959,0.9959
hyporheic,bray,hja2016_065,hja2016_110,68,76,Mainstem,Intermediate,FALSE,FALSE,5.404269080163925,0.9833,0.9833
hyporheic,bray,hja2016_066,hja2016_110,49,76,Mainstem,Intermediate,FALSE,FALSE,7.267254787809166,0.9905,0.9905
hyporheic,bray,hja2016_070,hja2016_110,56,76,Intermediate,Intermediate,TRUE,FALSE,7.674449149591061,0.9935,0.9935
hyporheic,bray,hja2016_071,hja2016_110,164,76,Intermediate,Intermediate,TRUE,FALSE,10.229360752627516,0.983,0.983
hyporheic,bray,hja2016_075,hja2016_110,260,76,Intermediate,Intermediate,TRUE,FALSE,4.071758415754011,0.9887,0.9887
hyporheic,bray,hja2016_078,hja2016_110,CC-1,76,Headwater,Intermediate,FALSE,FALSE,0.9422587638875225,0.9908,0.9908
hyporheic,bray,hja2016_079,hja2016_110,64,76,Headwater,Intermediate,FALSE,FALSE,1.440314814076607,0.9917,0.9917
hyporheic,bray,hja2016_084,hja2016_110,177,76,Headwater,Intermediate,FALSE,FALSE,6.597024625889065,0.9943,0.9943
hyporheic,bray,hja2016_031,hja2016_110,161,76,Mainstem,Intermediate,FALSE,FALSE,9.358243935198693,0.9977,0.9977
hyporheic,bray,hja2016_032,hja2016_110,54,76,Intermediate,Intermediate,TRUE,FALSE,8.672599467491853,0.9976,0.9976
hyporheic,bray,hja2016_035,hja2016_110,192,76,Headwater,Intermediate,FALSE,FALSE,5.911958967754842,0.9895,0.9895
hyporheic,bray,hja2016_037,hja2016_110,43,76,Headwater,Intermediate,FALSE,FALSE,3.382787348364287,0.997,0.997
hyporheic,bray,hja2016_043,hja2016_110,KC-2,76,Intermediate,Intermediate,TRUE,FALSE,8.468279982742775,0.9935,0.9935
hyporheic,bray,hja2016_050,hja2016_110,165,76,Headwater,Intermediate,FALSE,FALSE,6.519546431879164,0.9914,0.9914
hyporheic,bray,hja2016_052,hja2016_110,163,76,Mainstem,Intermediate,FALSE,FALSE,10.771015257839295,0.9894,0.9894
hyporheic,bray,hja2016_056,hja2016_110,KC-1,76,Intermediate,Intermediate,TRUE,FALSE,8.453870202714086,0.9905,0.9905
hyporheic,bray,hja2016_057,hja2016_110,71,76,Intermediate,Intermediate,TRUE,FALSE,7.871786123482434,0.9937,0.9937
hyporheic,bray,hja2016_062,hja2016_110,WS3-3,76,Headwater,Intermediate,FALSE,FALSE,9.84033759749056,0.9881,0.9881
hyporheic,bray,hja2016_102,hja2016_110,73,76,Headwater,Intermediate,FALSE,FALSE,4.157934457644877,0.6461,0.6461
hyporheic,bray,hja2016_107,hja2016_110,57,76,Intermediate,Intermediate,TRUE,FALSE,6.994568725614324,0.6067,0.6067
hyporheic,bray,hja2016_008,hja2016_121,WS3-1,84,Headwater,Intermediate,FALSE,FALSE,7.255868780295749,0.9961,0.9961
hyporheic,bray,hja2016_009,hja2016_121,60,84,Headwater,Intermediate,FALSE,FALSE,2.2042619708307414,0.996,0.996
hyporheic,bray,hja2016_014,hja2016_121,WS1-6,84,Headwater,Intermediate,FALSE,FALSE,8.879738474978133,0.9983,0.9983
hyporheic,bray,hja2016_015,hja2016_121,47,84,Intermediate,Intermediate,TRUE,FALSE,4.089229389806395,0.9983,0.9983
hyporheic,bray,hja2016_016,hja2016_121,74,84,Headwater,Intermediate,FALSE,FALSE,3.171655951768841,0.9993,0.9993
hyporheic,bray,hja2016_018,hja2016_121,WS1-5,84,Headwater,Intermediate,FALSE,FALSE,8.952953761816966,0.9971,0.9971
hyporheic,bray,hja2016_019,hja2016_121,155,84,Headwater,Intermediate,FALSE,FALSE,3.0988282967207863,0.9977,0.9977
hyporheic,bray,hja2016_020,hja2016_121,WS1-2,84,Headwater,Intermediate,FALSE,FALSE,9.025640012482668,0.9944,0.9944
hyporheic,bray,hja2016_021,hja2016_121,156,84,Mainstem,Intermediate,FALSE,FALSE,3.141797753978806,0.9983,0.9983
hyporheic,bray,hja2016_065,hja2016_121,68,84,Mainstem,Intermediate,FALSE,FALSE,3.0750877644215824,0.9956,0.9956
hyporheic,bray,hja2016_066,hja2016_121,49,84,Mainstem,Intermediate,FALSE,FALSE,4.121453218560494,0.9959,0.9959
hyporheic,bray,hja2016_070,hja2016_121,56,84,Intermediate,Intermediate,TRUE,FALSE,4.612554690216337,0.9988,0.9988
hyporheic,bray,hja2016_071,hja2016_121,164,84,Intermediate,Intermediate,TRUE,FALSE,7.88522745813398,0.9946,0.9946
hyporheic,bray,hja2016_075,hja2016_121,260,84,Intermediate,Intermediate,TRUE,FALSE,3.228932346034192,0.9955,0.9955
hyporheic,bray,hja2016_078,hja2016_121,CC-1,84,Headwater,Intermediate,FALSE,FALSE,4.58085718066824,0.9967,0.9967
hyporheic,bray,hja2016_079,hja2016_121,64,84,Headwater,Intermediate,FALSE,FALSE,6.591817046999826,0.997,0.997
hyporheic,bray,hja2016_084,hja2016_121,177,84,Headwater,Intermediate,FALSE,FALSE,1.1324454625733034,0.9986,0.9986
hyporheic,bray,hja2016_031,hja2016_121,161,84,Mainstem,Intermediate,FALSE,FALSE,6.391076683930805,0.999,0.999
hyporheic,bray,hja2016_032,hja2016_121,54,84,Intermediate,Intermediate,TRUE,FALSE,5.710414060102007,0.9993,0.9993
hyporheic,bray,hja2016_035,hja2016_121,192,84,Headwater,Intermediate,FALSE,FALSE,3.3843342505744594,0.9969,0.9969
hyporheic,bray,hja2016_037,hja2016_121,43,84,Headwater,Intermediate,FALSE,FALSE,2.588975271772396,0.9989,0.9989
hyporheic,bray,hja2016_043,hja2016_121,KC-2,84,Intermediate,Intermediate,TRUE,FALSE,5.948451782309118,0.9977,0.9977
hyporheic,bray,hja2016_050,hja2016_121,165,84,Headwater,Intermediate,FALSE,FALSE,1.740573584418037,0.9966,0.9966
hyporheic,bray,hja2016_052,hja2016_121,163,84,Mainstem,Intermediate,FALSE,FALSE,8.129420621809267,0.9955,0.9955
hyporheic,bray,hja2016_056,hja2016_121,KC-1,84,Intermediate,Intermediate,TRUE,FALSE,5.894390991169737,0.9969,0.9969
hyporheic,bray,hja2016_057,hja2016_121,71,84,Intermediate,Intermediate,TRUE,FALSE,4.647378431718067,0.9982,0.9982
hyporheic,bray,hja2016_062,hja2016_121,WS3-3,84,Headwater,Intermediate,FALSE,FALSE,7.212558360662155,0.9956,0.9956
hyporheic,bray,hja2016_102,hja2016_121,73,84,Headwater,Intermediate,FALSE,FALSE,3.9012338670910496,0.8221,0.8221
hyporheic,bray,hja2016_107,hja2016_121,57,84,Intermediate,Intermediate,TRUE,FALSE,3.474646831671136,0.7891,0.7891
hyporheic,bray,hja2016_110,hja2016_121,76,84,Intermediate,Intermediate,TRUE,FALSE,5.487650505728987,0.8069,0.8069
hyporheic,jaccard,hja2016_008,hja2016_009,WS3-1,60,Headwater,Headwater,TRUE,FALSE,7.218754408341704,0.9523809523809523,0.9523809523809526
hyporheic,jaccard,hja2016_008,hja2016_014,WS3-1,WS1-6,Headwater,Headwater,TRUE,FALSE,1.7573802121558828,0.9553148273527421,0.9553148273527423
hyporheic,jaccard,hja2016_009,hja2016_014,60,WS1-6,Headwater,Headwater,TRUE,FALSE,8.596573299268883,0.9389367816091954,0.9389367816091956
hyporheic,jaccard,hja2016_008,hja2016_015,WS3-1,47,Headwater,Intermediate,FALSE,FALSE,3.185061372976963,0.9574652777777777,0.9574652777777779
hyporheic,jaccard,hja2016_009,hja2016_015,60,47,Headwater,Intermediate,FALSE,FALSE,4.174948913581844,0.9663023679417122,0.9663023679417124
hyporheic,jaccard,hja2016_014,hja2016_015,WS1-6,47,Headwater,Intermediate,FALSE,FALSE,4.79216752277544,0.9679715302491103,0.9679715302491105
hyporheic,jaccard,hja2016_008,hja2016_016,WS3-1,74,Headwater,Headwater,TRUE,FALSE,4.951393998855672,0.9768115942028985,0.9768115942028988
hyporheic,jaccard,hja2016_009,hja2016_016,60,74,Headwater,Headwater,TRUE,FALSE,2.2954425709323405,0.9752321981424148,0.975232198142415
hyporheic,jaccard,hja2016_014,hja2016_016,WS1-6,74,Headwater,Headwater,TRUE,FALSE,6.301261371378851,0.9758551307847082,0.9758551307847084
hyporheic,jaccard,hja2016_015,hja2016_016,47,74,Intermediate,Headwater,FALSE,FALSE,2.0956106750947323,0.9663608562691132,0.9663608562691134
hyporheic,jaccard,hja2016_008,hja2016_018,WS3-1,WS1-5,Headwater,Headwater,TRUE,FALSE,1.7977195395847136,0.9490616621983915,0.9490616621983917
hyporheic,jaccard,hja2016_009,hja2016_018,60,WS1-5,Headwater,Headwater,TRUE,FALSE,8.689852419040223,0.9335585585585586,0.9335585585585588
hyporheic,jaccard,hja2016_014,hja2016_018,WS1-6,WS1-5,Headwater,Headwater,TRUE,TRUE,0.11629189771108726,0.9519388312397598,0.95193883123976
hyporheic,jaccard,hja2016_015,hja2016_018,47,WS1-5,Intermediate,Headwater,FALSE,FALSE,4.864162328757963,0.970626631853786,0.9706266318537862
hyporheic,jaccard,hja2016_016,hja2016_018,74,WS1-5,Headwater,Headwater,TRUE,FALSE,6.3944117331928245,0.9837110481586403,0.9837110481586405
hyporheic,jaccard,hja2016_008,hja2016_019,WS3-1,155,Headwater,Headwater,TRUE,FALSE,5.42307175950972,0.944,0.9440000000000002
hyporheic,jaccard,hja2016_009,hja2016_019,60,155,Headwater,Headwater,TRUE,FALSE,1.8920266403217012,0.9346656418139893,0.9346656418139895
hyporheic,jaccard,hja2016_014,hja2016_019,WS1-6,155,Headwater,Headwater,TRUE,FALSE,6.727457425020492,0.9501488095238095,0.9501488095238098
hyporheic,jaccard,hja2016_015,hja2016_019,47,155,Intermediate,Headwater,FALSE,FALSE,2.6011796099020197,0.9467980295566503,0.9467980295566505
hyporheic,jaccard,hja2016_016,hja2016_019,74,155,Headwater,Headwater,TRUE,FALSE,0.5061248598635163,0.960762331838565,0.9607623318385652
hyporheic,jaccard,hja2016_018,hja2016_019,WS1-5,155,Headwater,Headwater,TRUE,FALSE,6.823402345421711,0.9512335054503729,0.9512335054503731
hyporheic,jaccard,hja2016_008,hja2016_020,WS3-1,WS1-2,Headwater,Headwater,TRUE,FALSE,1.8242782261157358,0.9368095448519664,0.9368095448519667
hyporheic,jaccard,hja2016_009,hja2016_020,60,WS1-2,Headwater,Headwater,TRUE,FALSE,8.801967157749711,0.9502018842530283,0.9502018842530285
hyporheic,jaccard,hja2016_014,hja2016_020,WS1-6,WS1-2,Headwater,Headwater,TRUE,TRUE,0.29802878154880436,0.9507542147293699,0.9507542147293702
hyporheic,jaccard,hja2016_015,hja2016_020,47,WS1-2,Intermediate,Headwater,FALSE,FALSE,4.936656399181878,0.9566787003610108,0.956678700361011
hyporheic,jaccard,hja2016_016,hja2016_020,74,WS1-2,Headwater,Headwater,TRUE,FALSE,6.506906885800025,0.9653465346534654,0.9653465346534656
hyporheic,jaccard,hja2016_018,hja2016_020,WS1-5,WS1-2,Headwater,Headwater,TRUE,TRUE,0.1847565558672997,0.9450132726583239,0.9450132726583241
hyporheic,jaccard,hja2016_019,hja2016_020,155,WS1-2,Headwater,Headwater,TRUE,FALSE,6.941613201769534,0.9437993497445425,0.9437993497445427
hyporheic,jaccard,hja2016_008,hja2016_021,WS3-1,156,Headwater,Mainstem,FALSE,FALSE,5.728311675779372,0.9574660633484163,0.9574660633484166
hyporheic,jaccard,hja2016_009,hja2016_021,60,156,Headwater,Mainstem,FALSE,FALSE,1.6883344527400823,0.9725638599810785,0.9725638599810787
hyporheic,jaccard,hja2016_014,hja2016_021,WS1-6,156,Headwater,Mainstem,FALSE,FALSE,6.996785041599158,0.9769797421731123,0.9769797421731126
hyporheic,jaccard,hja2016_015,hja2016_021,47,156,Intermediate,Mainstem,FALSE,FALSE,2.9429896325624787,0.9378453038674033,0.9378453038674035
hyporheic,jaccard,hja2016_016,hja2016_021,74,156,Headwater,Mainstem,FALSE,FALSE,0.8473804198788037,0.96875,0.9687500000000002
hyporheic,jaccard,hja2016_018,hja2016_021,WS1-5,156,Headwater,Mainstem,FALSE,FALSE,7.094694782251337,0.9696561024949426,0.9696561024949428
hyporheic,jaccard,hja2016_019,hja2016_021,155,156,Headwater,Mainstem,FALSE,FALSE,0.3431116459265739,0.9613034623217923,0.9613034623217925
hyporheic,jaccard,hja2016_020,hja2016_021,WS1-2,156,Headwater,Mainstem,FALSE,FALSE,7.217048800082062,0.963235294117647,0.9632352941176472
hyporheic,jaccard,hja2016_008,hja2016_065,WS3-1,68,Headwater,Mainstem,FALSE,FALSE,4.838635142054585,0.9391086001255492,0.9391086001255494
hyporheic,jaccard,hja2016_009,hja2016_065,60,68,Headwater,Mainstem,FALSE,FALSE,2.3821105744540625,0.9433962264150945,0.9433962264150947
hyporheic,jaccard,hja2016_014,hja2016_065,WS1-6,68,Headwater,Mainstem,FALSE,FALSE,6.232623914387302,0.9530158730158731,0.9530158730158733
hyporheic,jaccard,hja2016_015,hja2016_065,47,68,Intermediate,Mainstem,FALSE,FALSE,1.9049728254723965,0.9651623119556612,0.9651623119556614
hyporheic,jaccard,hja2016_016,hja2016_065,74,68,Headwater,Mainstem,FALSE,FALSE,0.24050964782143117,0.976274165202109,0.9762741652021092
hyporheic,jaccard,hja2016_018,hja2016_065,WS1-5,68,Headwater,Mainstem,FALSE,FALSE,6.323174948941968,0.9372427983539094,0.9372427983539097
hyporheic,jaccard,hja2016_019,hja2016_065,155,68,Headwater,Mainstem,FALSE,FALSE,0.7102960206020875,0.9480081026333558,0.948008102633356
hyporheic,jaccard,hja2016_020,hja2016_065,WS1-2,68,Headwater,Mainstem,FALSE,FALSE,6.430368938239193,0.9445378151260505,0.9445378151260507
hyporheic,jaccard,hja2016_021,hja2016_065,156,68,Mainstem,Mainstem,TRUE,FALSE,1.0527103663143864,0.9611890999174236,0.9611890999174239
hyporheic,jaccard,hja2016_008,hja2016_066,WS3-1,49,Headwater,Mainstem,FALSE,FALSE,3.166945391655561,0.9380928607089366,0.9380928607089368
hyporheic,jaccard,hja2016_009,hja2016_066,60,49,Headwater,Mainstem,FALSE,FALSE,4.160430280666553,0.9321243523316062,0.9321243523316064
hyporheic,jaccard,hja2016_014,hja2016_066,WS1-6,49,Headwater,Mainstem,FALSE,FALSE,4.758288468099474,0.9507042253521127,0.950704225352113
hyporheic,jaccard,hja2016_015,hja2016_066,47,49,Intermediate,Mainstem,FALSE,FALSE,0.08822875059146658,0.9716981132075472,0.9716981132075474
hyporheic,jaccard,hja2016_016,hja2016_066,74,49,Headwater,Mainstem,FALSE,FALSE,2.054300913630195,0.9783163265306123,0.9783163265306125
hyporheic,jaccard,hja2016_018,hja2016_066,WS1-5,49,Headwater,Mainstem,FALSE,FALSE,4.831825105987025,0.9248281786941581,0.9248281786941583
hyporheic,jaccard,hja2016_019,hja2016_066,155,49,Headwater,Mainstem,FALSE,FALSE,2.560382190779634,0.9314408141403322,0.9314408141403324
hyporheic,jaccard,hja2016_020,hja2016_066,WS1-2,49,Headwater,Mainstem,FALSE,FALSE,4.907183614829208,0.9349945828819067,0.934994582881907
hyporheic,jaccard,hja2016_021,hja2016_066,156,49,Mainstem,Mainstem,TRUE,FALSE,2.9012067395944756,0.970856102003643,0.9708561020036433
hyporheic,jaccard,hja2016_065,hja2016_066,68,49,Mainstem,Mainstem,TRUE,FALSE,1.8697048495490407,0.9207346544224262,0.9207346544224264
hyporheic,jaccard,hja2016_008,hja2016_070,WS3-1,56,Headwater,Intermediate,FALSE,FALSE,2.6664504484280163,0.9664045746962115,0.9664045746962118
hyporheic,jaccard,hja2016_009,hja2016_070,60,56,Headwater,Intermediate,FALSE,FALSE,4.636456539619618,0.9701492537313433,0.9701492537313435
hyporheic,jaccard,hja2016_014,hja2016_070,WS1-6,56,Headwater,Intermediate,FALSE,FALSE,4.269751481958969,0.9722019019751281,0.9722019019751283
hyporheic,jaccard,hja2016_015,hja2016_070,47,56,Intermediate,Intermediate,TRUE,FALSE,0.5234136047047142,0.9659533073929962,0.9659533073929965
hyporheic,jaccard,hja2016_016,hja2016_070,74,56,Headwater,Intermediate,FALSE,FALSE,2.4724219025831897,0.9697986577181208,0.969798657718121
hyporheic,jaccard,hja2016_018,hja2016_070,WS1-5,56,Headwater,Intermediate,FALSE,FALSE,4.341203101983378,0.9600456621004566,0.9600456621004568
hyporheic,jaccard,hja2016_019,hja2016_070,155,56,Headwater,Intermediate,FALSE,FALSE,2.976118723568283,0.966168371361133,0.9661683713611332
hyporheic,jaccard,hja2016_020,hja2016_070,WS1-2,56,Headwater,Intermediate,FALSE,FALSE,4.413249218235776,0.9577205882352942,0.9577205882352944
hyporheic,jaccard,hja2016_021,hja2016_070,156,56,Mainstem,Intermediate,FALSE,FALSE,3.311532028696315,0.9653061224489795,0.9653061224489797
hyporheic,jaccard,hja2016_065,hja2016_070,68,56,Mainstem,Intermediate,FALSE,FALSE,2.3075765779455626,0.9618729096989966,0.9618729096989969
hyporheic,jaccard,hja2016_066,hja2016_070,49,56,Mainstem,Intermediate,FALSE,FALSE,0.5005665470318107,0.9586387434554974,0.9586387434554976
hyporheic,jaccard,hja2016_008,hja2016_071,WS3-1,164,Headwater,Intermediate,FALSE,FALSE,0.8044779895491587,0.9326568265682657,0.9326568265682659
hyporheic,jaccard,hja2016_009,hja2016_071,60,164,Headwater,Intermediate,FALSE,FALSE,7.675662062986393,0.9426152398871119,0.9426152398871122
hyporheic,jaccard,hja2016_014,hja2016_071,WS1-6,164,Headwater,Intermediate,FALSE,FALSE,1.0051978669336232,0.9568609453877925,0.9568609453877928
hyporheic,jaccard,hja2016_015,hja2016_071,47,164,Intermediate,Intermediate,TRUE,FALSE,3.796048629757084,0.9494015233949945,0.9494015233949947
hyporheic,jaccard,hja2016_016,hja2016_071,74,164,Headwater,Intermediate,FALSE,FALSE,5.382900579694347,0.9730195177956371,0.9730195177956373
hyporheic,jaccard,hja2016_018,hja2016_071,WS1-5,164,Headwater,Intermediate,FALSE,FALSE,1.0695045428933514,0.9401103230890465,0.9401103230890467
hyporheic,jaccard,hja2016_019,hja2016_071,155,164,Headwater,Intermediate,FALSE,FALSE,5.827370036931066,0.9350902879453391,0.9350902879453393
hyporheic,jaccard,hja2016_020,hja2016_071,WS1-2,164,Headwater,Intermediate,FALSE,FALSE,1.1445738448815161,0.9145032883350641,0.9145032883350643
hyporheic,jaccard,hja2016_021,hja2016_071,156,164,Mainstem,Intermediate,FALSE,FALSE,6.11132539728611,0.9567627494456763,0.9567627494456765
hyporheic,jaccard,hja2016_065,hja2016_071,68,164,Mainstem,Intermediate,FALSE,FALSE,5.298868552317384,0.9230084557187361,0.9230084557187364
hyporheic,jaccard,hja2016_066,hja2016_071,49,164,Mainstem,Intermediate,FALSE,FALSE,3.7649574982386587,0.9267468069120962,0.9267468069120964
hyporheic,jaccard,hja2016_070,hja2016_071,56,164,Intermediate,Intermediate,TRUE,FALSE,3.272851031338182,0.9538461538461539,0.9538461538461541
hyporheic,jaccard,hja2016_008,hja2016_075,WS3-1,260,Headwater,Intermediate,FALSE,FALSE,5.990936387835759,0.9496096522356281,0.9496096522356283
hyporheic,jaccard,hja2016_009,hja2016_075,60,260,Headwater,Intermediate,FALSE,FALSE,1.56942901701195,0.961820851688693,0.9618208516886932
hyporheic,jaccard,hja2016_014,hja2016_075,WS1-6,260,Headwater,Intermediate,FALSE,FALSE,7.226354026168984,0.9714081486776268,0.971408148677627
hyporheic,jaccard,hja2016_015,hja2016_075,47,260,Intermediate,Intermediate,TRUE,FALSE,3.24169535902843,0.9339164237123422,0.9339164237123424
hyporheic,jaccard,hja2016_016,hja2016_075,74,260,Headwater,Intermediate,FALSE,FALSE,1.1467052171477534,0.9562841530054645,0.9562841530054648
hyporheic,jaccard,hja2016_018,hja2016_075,WS1-5,260,Headwater,Intermediate,FALSE,FALSE,7.3259349924224635,0.9573033707865168,0.9573033707865171
hyporheic,jaccard,hja2016_019,hja2016_075,155,260,Headwater,Intermediate,FALSE,FALSE,0.6444961682298386,0.9310071371927042,0.9310071371927044
hyporheic,jaccard,hja2016_020,hja2016_075,WS1-2,260,Headwater,Intermediate,FALSE,FALSE,7.451895403060431,0.9391705069124425,0.9391705069124427
hyporheic,jaccard,hja2016_021,hja2016_075,156,260,Mainstem,Intermediate,FALSE,FALSE,0.3017481691617469,0.9128630705394191,0.9128630705394193
hyporheic,jaccard,hja2016_065,hja2016_075,68,260,Mainstem,Intermediate,FALSE,FALSE,1.3544323401442395,0.9433710859427049,0.9433710859427051
hyporheic,jaccard,hja2016_066,hja2016_075,49,260,Mainstem,Intermediate,FALSE,FALSE,3.198739163665169,0.9518134715025907,0.9518134715025909
hyporheic,jaccard,hja2016_070,hja2016_075,56,260,Intermediate,Intermediate,TRUE,FALSE,3.603369829645204,0.9596899224806201,0.9596899224806203
hyporheic,jaccard,hja2016_071,hja2016_075,164,260,Intermediate,Intermediate,TRUE,FALSE,6.354629667562855,0.932882665379044,0.9328826653790442
hyporheic,jaccard,hja2016_008,hja2016_078,WS3-1,CC-1,Headwater,Headwater,TRUE,FALSE,9.526534723258926,0.9456152277362339,0.9456152277362341
hyporheic,jaccard,hja2016_009,hja2016_078,60,CC-1,Headwater,Headwater,TRUE,FALSE,2.7361967602382276,0.9445628997867804,0.9445628997867807
hyporheic,jaccard,hja2016_014,hja2016_078,WS1-6,CC-1,Headwater,Headwater,TRUE,FALSE,10.683704981957233,0.9586206896551724,0.9586206896551727
hyporheic,jaccard,hja2016_015,hja2016_078,47,CC-1,Intermediate,Headwater,FALSE,FALSE,6.713041301815324,0.9505840071877808,0.950584007187781
hyporheic,jaccard,hja2016_016,hja2016_078,74,CC-1,Headwater,Headwater,TRUE,FALSE,4.645822377673719,0.9604863221884498,0.96048632218845
hyporheic,jaccard,hja2016_018,hja2016_078,WS1-5,CC-1,Headwater,Headwater,TRUE,FALSE,10.78807754854769,0.9510070767555798,0.95100707675558
hyporheic,jaccard,hja2016_019,hja2016_078,155,CC-1,Headwater,Headwater,TRUE,FALSE,4.145750944040096,0.9426229508196722,0.9426229508196724
hyporheic,jaccard,hja2016_020,hja2016_078,WS1-2,CC-1,Headwater,Headwater,TRUE,FALSE,10.924542620966136,0.9443950177935944,0.9443950177935946
hyporheic,jaccard,hja2016_021,hja2016_078,156,CC-1,Mainstem,Headwater,FALSE,FALSE,3.819170151629958,0.9393364928909952,0.9393364928909954
hyporheic,jaccard,hja2016_065,hja2016_078,68,CC-1,Mainstem,Headwater,FALSE,FALSE,4.813414125121455,0.9398592450415867,0.9398592450415869
hyporheic,jaccard,hja2016_066,hja2016_078,49,CC-1,Mainstem,Headwater,FALSE,FALSE,6.681715167730719,0.9445564516129032,0.9445564516129035
hyporheic,jaccard,hja2016_070,hja2016_078,56,CC-1,Intermediate,Headwater,FALSE,FALSE,7.11703983435191,0.9548816568047338,0.954881656804734
hyporheic,jaccard,hja2016_071,hja2016_078,164,CC-1,Intermediate,Headwater,FALSE,FALSE,9.854269774896933,0.9250706880301602,0.9250706880301605
hyporheic,jaccard,hja2016_075,hja2016_078,260,CC-1,Intermediate,Headwater,FALSE,FALSE,3.5422462799284804,0.9281481481481482,0.9281481481481484
hyporheic,jaccard,hja2016_008,hja2016_079,WS3-1,64,Headwater,Headwater,TRUE,FALSE,10.070129438604102,0.9542857142857144,0.9542857142857146
hyporheic,jaccard,hja2016_009,hja2016_079,60,64,Headwater,Headwater,TRUE,FALSE,4.4702604988722365,0.9501992031872509,0.9501992031872512
hyporheic,jaccard,hja2016_014,hja2016_079,WS1-6,64,Headwater,Headwater,TRUE,FALSE,10.90868108736911,0.9744572158365262,0.9744572158365264
hyporheic,jaccard,hja2016_015,hja2016_079,47,64,Intermediate,Headwater,FALSE,FALSE,7.731796667743568,0.961380443714051,0.9613804437140512
hyporheic,jaccard,hja2016_016,hja2016_079,74,64,Headwater,Headwater,TRUE,FALSE,5.668804244272139,0.9658986175115207,0.965898617511521
hyporheic,jaccard,hja2016_018,hja2016_079,WS1-5,64,Headwater,Headwater,TRUE,FALSE,11.021499695212045,0.9588265568708183,0.9588265568708185
hyporheic,jaccard,hja2016_019,hja2016_079,155,64,Headwater,Headwater,TRUE,FALSE,5.181163372418487,0.9368421052631579,0.9368421052631581
hyporheic,jaccard,hja2016_020,hja2016_079,WS1-2,64,Headwater,Headwater,TRUE,FALSE,11.180843395987,0.9462227912932138,0.9462227912932141
hyporheic,jaccard,hja2016_021,hja2016_079,156,64,Mainstem,Headwater,FALSE,FALSE,4.842127430350659,0.9552880481513327,0.955288048151333
hyporheic,jaccard,hja2016_065,hja2016_079,68,64,Mainstem,Headwater,FALSE,FALSE,5.889864673161297,0.9502994011976048,0.950299401197605
hyporheic,jaccard,hja2016_066,hja2016_079,49,64,Mainstem,Headwater,FALSE,FALSE,7.678231933196766,0.9536550406115624,0.9536550406115626
hyporheic,jaccard,hja2016_070,hja2016_079,56,64,Intermediate,Headwater,FALSE,FALSE,8.02613481280829,0.9628865979381444,0.9628865979381446
hyporheic,jaccard,hja2016_071,hja2016_079,164,64,Intermediate,Headwater,FALSE,FALSE,10.223113551804197,0.9350358422939068,0.935035842293907
hyporheic,jaccard,hja2016_075,hja2016_079,260,64,Intermediate,Headwater,FALSE,FALSE,4.541749775317034,0.9284722222222223,0.9284722222222225
hyporheic,jaccard,hja2016_078,hja2016_079,CC-1,64,Headwater,Headwater,TRUE,FALSE,2.3040267162218475,0.9311258278145695,0.9311258278145698
hyporheic,jaccard,hja2016_008,hja2016_084,WS3-1,177,Headwater,Headwater,TRUE,FALSE,7.357719367424881,0.9538024164889836,0.9538024164889838
hyporheic,jaccard,hja2016_009,hja2016_084,60,177,Headwater,Headwater,TRUE,FALSE,3.3274975604451136,0.9258976317799847,0.925897631779985
hyporheic,jaccard,hja2016_014,hja2016_084,WS1-6,177,Headwater,Headwater,TRUE,FALSE,9.058985007740587,0.9392142327650111,0.9392142327650114
hyporheic,jaccard,hja2016_015,hja2016_084,47,177,Intermediate,Headwater,FALSE,FALSE,4.324507388351763,0.9774647887323944,0.9774647887323946
hyporheic,jaccard,hja2016_016,hja2016_084,74,177,Headwater,Headwater,TRUE,FALSE,3.927525621195436,0.9751082251082251,0.9751082251082254
hyporheic,jaccard,hja2016_018,hja2016_084,WS1-5,177,Headwater,Headwater,TRUE,FALSE,9.120424864766411,0.9458071876782658,0.945807187678266
hyporheic,jaccard,hja2016_019,hja2016_084,155,177,Headwater,Headwater,TRUE,FALSE,3.9678259035220487,0.933969769291965,0.9339697692919652
hyporheic,jaccard,hja2016_020,hja2016_084,WS1-2,177,Headwater,Headwater,TRUE,FALSE,9.171585198566977,0.9567985447930878,0.956798544793088
hyporheic,jaccard,hja2016_021,hja2016_084,156,177,Mainstem,Headwater,FALSE,FALSE,4.0754467168777735,0.9793915603532874,0.9793915603532877
hyporheic,jaccard,hja2016_065,hja2016_084,68,177,Mainstem,Headwater,FALSE,FALSE,3.7794375658743107,0.9437751004016064,0.9437751004016066
hyporheic,jaccard,hja2016_066,hja2016_084,49,177,Mainstem,Headwater,FALSE,FALSE,4.3769296157692015,0.9241857981847305,0.9241857981847307
hyporheic,jaccard,hja2016_070,hja2016_084,56,177,Intermediate,Headwater,FALSE,FALSE,4.829221684335063,0.9642857142857143,0.9642857142857145
hyporheic,jaccard,hja2016_071,hja2016_084,164,177,Intermediate,Headwater,FALSE,FALSE,8.053878607767109,0.9603399433427762,0.9603399433427764
hyporheic,jaccard,hja2016_075,hja2016_084,260,177,Intermediate,Headwater,FALSE,FALSE,4.209277848808148,0.9612756264236901,0.9612756264236904
hyporheic,jaccard,hja2016_078,hja2016_084,CC-1,177,Headwater,Headwater,TRUE,FALSE,5.6795646641206625,0.9654924514737598,0.9654924514737601
hyporheic,jaccard,hja2016_079,hja2016_084,64,177,Headwater,Headwater,TRUE,FALSE,7.722025449913103,0.9593220338983051,0.9593220338983053
hyporheic,jaccard,hja2016_008,hja2016_031,WS3-1,161,Headwater,Mainstem,FALSE,FALSE,0.8881707735254691,0.9699097291875627,0.9699097291875629
hyporheic,jaccard,hja2016_009,hja2016_031,60,161,Headwater,Mainstem,FALSE,FALSE,6.463695748242083,0.9588299024918743,0.9588299024918745
hyporheic,jaccard,hja2016_014,hja2016_031,WS1-6,161,Headwater,Mainstem,FALSE,FALSE,2.631197729103107,0.9729166666666667,0.9729166666666669
hyporheic,jaccard,hja2016_015,hja2016_031,47,161,Intermediate,Mainstem,FALSE,FALSE,2.3499228162733035,0.9511400651465798,0.95114006514658
hyporheic,jaccard,hja2016_016,hja2016_031,74,161,Headwater,Mainstem,FALSE,FALSE,4.237184346779455,0.9628099173553718,0.962809917355372
hyporheic,jaccard,hja2016_018,hja2016_031,WS1-5,161,Headwater,Mainstem,FALSE,FALSE,2.6783476953705807,0.9744152046783625,0.9744152046783627
hyporheic,jaccard,hja2016_019,hja2016_031,155,161,Headwater,Mainstem,FALSE,FALSE,4.726431511646313,0.9532163742690057,0.953216374269006
hyporheic,jaccard,hja2016_020,hja2016_031,WS1-2,161,Headwater,Mainstem,FALSE,FALSE,2.7114322095272145,0.9761904761904763,0.9761904761904765
hyporheic,jaccard,hja2016_021,hja2016_031,156,161,Mainstem,Mainstem,TRUE,FALSE,5.046713619199337,0.9561403508771931,0.9561403508771933
hyporheic,jaccard,hja2016_065,hja2016_031,68,161,Mainstem,Mainstem,TRUE,FALSE,4.1011280636619265,0.9709355131698456,0.9709355131698458
hyporheic,jaccard,hja2016_066,hja2016_031,49,161,Mainstem,Mainstem,TRUE,FALSE,2.341895721205322,0.967784352399737,0.9677843523997373
hyporheic,jaccard,hja2016_070,hja2016_031,56,161,Intermediate,Mainstem,FALSE,FALSE,1.844852400188995,0.9746251441753172,0.9746251441753174
hyporheic,jaccard,hja2016_071,hja2016_031,164,161,Intermediate,Mainstem,FALSE,FALSE,1.642088556809494,0.9737149532710281,0.9737149532710283
hyporheic,jaccard,hja2016_075,hja2016_031,260,161,Intermediate,Mainstem,FALSE,FALSE,5.323452720625603,0.9570621468926555,0.9570621468926557
hyporheic,jaccard,hja2016_078,hja2016_031,CC-1,161,Headwater,Mainstem,FALSE,FALSE,8.86495163890723,0.9656607700312175,0.9656607700312178
hyporheic,jaccard,hja2016_079,hja2016_031,64,161,Headwater,Mainstem,FALSE,FALSE,9.56408518964265,0.9697542533081286,0.9697542533081288
hyporheic,jaccard,hja2016_084,hja2016_031,177,161,Headwater,Mainstem,FALSE,FALSE,6.471429663504022,0.9614074914869466,0.9614074914869468
hyporheic,jaccard,hja2016_008,hja2016_032,WS3-1,54,Headwater,Intermediate,FALSE,FALSE,1.5464907864411752,0.9618117229129662,0.9618117229129665
hyporheic,jaccard,hja2016_009,hja2016_032,60,54,Headwater,Intermediate,FALSE,FALSE,5.744815569702386,0.9584513692162417,0.958451369216242
hyporheic,jaccard,hja2016_014,hja2016_032,WS1-6,54,Headwater,Intermediate,FALSE,FALSE,3.2139117354377933,0.967032967032967,0.9670329670329673
hyporheic,jaccard,hja2016_015,hja2016_032,47,54,Intermediate,Intermediate,TRUE,FALSE,1.6420581101883358,0.9520000000000001,0.9520000000000003
hyporheic,jaccard,hja2016_016,hja2016_032,74,54,Headwater,Intermediate,FALSE,FALSE,3.5263701762566675,0.9612903225806452,0.9612903225806454
hyporheic,jaccard,hja2016_018,hja2016_032,WS1-5,54,Headwater,Intermediate,FALSE,FALSE,3.2754673498689835,0.9672459893048128,0.967245989304813
hyporheic,jaccard,hja2016_019,hja2016_032,155,54,Headwater,Intermediate,FALSE,FALSE,4.01922568900886,0.9461382113821138,0.9461382113821141
hyporheic,jaccard,hja2016_020,hja2016_032,WS1-2,54,Headwater,Intermediate,FALSE,FALSE,3.331564740858179,0.9710594315245479,0.9710594315245481
hyporheic,jaccard,hja2016_021,hja2016_032,156,54,Mainstem,Intermediate,FALSE,FALSE,4.343187752131372,0.9516358463726885,0.9516358463726887
hyporheic,jaccard,hja2016_065,hja2016_032,68,54,Mainstem,Intermediate,FALSE,FALSE,3.3855476062358085,0.9600326264274062,0.9600326264274064
hyporheic,jaccard,hja2016_066,hja2016_032,49,54,Mainstem,Intermediate,FALSE,FALSE,1.6290167602632786,0.9560975609756098,0.95609756097561
hyporheic,jaccard,hja2016_070,hja2016_032,56,54,Intermediate,Intermediate,TRUE,FALSE,1.1295841258572248,0.964859437751004,0.9648594377510042
hyporheic,jaccard,hja2016_071,hja2016_032,164,54,Intermediate,Intermediate,TRUE,FALSE,2.2087258988107816,0.9611597374179431,0.9611597374179434
hyporheic,jaccard,hja2016_075,hja2016_032,260,54,Intermediate,Intermediate,TRUE,FALSE,4.623731139705767,0.9476284584980237,0.9476284584980239
hyporheic,jaccard,hja2016_078,hja2016_032,CC-1,54,Headwater,Intermediate,FALSE,FALSE,8.162350167701339,0.9510618651892889,0.9510618651892891
hyporheic,jaccard,hja2016_079,hja2016_032,64,54,Headwater,Intermediate,FALSE,FALSE,8.920598194174103,0.960337552742616,0.9603375527426162
hyporheic,jaccard,hja2016_084,hja2016_032,177,54,Headwater,Intermediate,FALSE,FALSE,5.845260225367845,0.9627085377821394,0.9627085377821396
hyporheic,jaccard,hja2016_031,hja2016_032,161,54,Mainstem,Intermediate,FALSE,FALSE,0.719341570216244,0.9591836734693878,0.959183673469388
hyporheic,jaccard,hja2016_008,hja2016_035,WS3-1,192,Headwater,Headwater,TRUE,FALSE,4.318483153945261,0.9685099846390169,0.9685099846390172
hyporheic,jaccard,hja2016_009,hja2016_035,60,192,Headwater,Headwater,TRUE,FALSE,2.9003701444075354,0.9524200164068909,0.9524200164068911
hyporheic,jaccard,hja2016_014,hja2016_035,WS1-6,192,Headwater,Headwater,TRUE,FALSE,5.741938509680529,0.965845909451946,0.9658459094519463
hyporheic,jaccard,hja2016_015,hja2016_035,47,192,Intermediate,Headwater,FALSE,FALSE,1.3972185101032857,0.9787234042553191,0.9787234042553193
hyporheic,jaccard,hja2016_016,hja2016_035,74,192,Headwater,Headwater,TRUE,FALSE,0.6989998877130911,0.9697732997481108,0.969773299748111
hyporheic,jaccard,hja2016_018,hja2016_035,WS1-5,192,Headwater,Headwater,TRUE,FALSE,5.8300949170338505,0.9644578313253012,0.9644578313253014
hyporheic,jaccard,hja2016_019,hja2016_035,155,192,Headwater,Headwater,TRUE,FALSE,1.20507623400986,0.9542314335060449,0.9542314335060451
hyporheic,jaccard,hja2016_020,hja2016_035,WS1-2,192,Headwater,Headwater,TRUE,FALSE,5.932700577001363,0.9724727100142383,0.9724727100142385
hyporheic,jaccard,hja2016_021,hja2016_035,156,192,Mainstem,Headwater,FALSE,FALSE,1.5461286658821096,0.9740990990990991,0.9740990990990993
hyporheic,jaccard,hja2016_065,hja2016_035,68,192,Mainstem,Headwater,FALSE,FALSE,0.5287431382926865,0.9612903225806452,0.9612903225806454
hyporheic,jaccard,hja2016_066,hja2016_035,49,192,Mainstem,Headwater,FALSE,FALSE,1.3553076235760821,0.9625962596259626,0.9625962596259628
hyporheic,jaccard,hja2016_070,hja2016_035,56,192,Intermediate,Headwater,FALSE,FALSE,1.7810967962432995,0.9674378748928878,0.967437874892888
hyporheic,jaccard,hja2016_071,hja2016_035,164,192,Intermediate,Headwater,FALSE,FALSE,4.796429709334314,0.9660847880299251,0.9660847880299254
hyporheic,jaccard,hja2016_075,hja2016_035,260,192,Intermediate,Headwater,FALSE,FALSE,1.844484886965542,0.9675,0.9675000000000002
hyporheic,jaccard,hja2016_078,hja2016_035,CC-1,192,Headwater,Headwater,TRUE,FALSE,5.336627817576229,0.9652448657187993,0.9652448657187995
hyporheic,jaccard,hja2016_079,hja2016_035,64,192,Headwater,Headwater,TRUE,FALSE,6.349841461409217,0.9577464788732395,0.9577464788732397
hyporheic,jaccard,hja2016_084,hja2016_035,177,192,Headwater,Headwater,TRUE,FALSE,3.9659312561252924,0.9567796610169491,0.9567796610169493
hyporheic,jaccard,hja2016_031,hja2016_035,161,192,Mainstem,Headwater,FALSE,FALSE,3.5734505866690767,0.9644268774703557,0.9644268774703559
hyporheic,jaccard,hja2016_032,hja2016_035,54,192,Intermediate,Headwater,FALSE,FALSE,2.857294503752834,0.9654403567447046,0.9654403567447049
hyporheic,jaccard,hja2016_008,hja2016_037,WS3-1,43,Headwater,Headwater,TRUE,FALSE,7.05584350824747,0.9571428571428571,0.9571428571428573
hyporheic,jaccard,hja2016_009,hja2016_037,60,43,Headwater,Headwater,TRUE,FALSE,0.43829673954452925,0.947468958930277,0.9474689589302773
hyporheic,jaccard,hja2016_014,hja2016_037,WS1-6,43,Headwater,Headwater,TRUE,FALSE,8.376677334090845,0.9545454545454545,0.9545454545454547
hyporheic,jaccard,hja2016_015,hja2016_037,47,43,Intermediate,Headwater,FALSE,FALSE,4.093789528843192,0.9630118890356671,0.9630118890356674
hyporheic,jaccard,hja2016_016,hja2016_037,74,43,Headwater,Headwater,TRUE,FALSE,2.104517473733738,0.9678972712680578,0.967897271268058
hyporheic,jaccard,hja2016_018,hja2016_037,WS1-5,43,Headwater,Headwater,TRUE,FALSE,8.47295585196086,0.9553450608930988,0.955345060893099
hyporheic,jaccard,hja2016_019,hja2016_037,155,43,Headwater,Headwater,TRUE,FALSE,1.649851378523625,0.9439347604485219,0.9439347604485221
hyporheic,jaccard,hja2016_020,hja2016_037,WS1-2,43,Headwater,Headwater,TRUE,FALSE,8.59146438309767,0.9673066943435392,0.9673066943435394
hyporheic,jaccard,hja2016_021,hja2016_037,156,43,Mainstem,Headwater,FALSE,FALSE,1.3930020115369202,0.9648382559774965,0.9648382559774967
hyporheic,jaccard,hja2016_065,hja2016_037,68,43,Mainstem,Headwater,FALSE,FALSE,2.22982641110554,0.9531635168447,0.9531635168447002
hyporheic,jaccard,hja2016_066,hja2016_037,49,43,Mainstem,Headwater,FALSE,FALSE,4.070292698365393,0.9515931372549019,0.9515931372549021
hyporheic,jaccard,hja2016_070,hja2016_037,56,43,Intermediate,Headwater,FALSE,FALSE,4.5288136841496085,0.97,0.9700000000000002
hyporheic,jaccard,hja2016_071,hja2016_037,164,43,Intermediate,Headwater,FALSE,FALSE,7.476161053805217,0.9628415300546448,0.962841530054645
hyporheic,jaccard,hja2016_075,hja2016_037,260,43,Intermediate,Headwater,FALSE,FALSE,1.220536938130191,0.9568627450980391,0.9568627450980394
hyporheic,jaccard,hja2016_078,hja2016_037,CC-1,43,Headwater,Headwater,TRUE,FALSE,2.660594623241906,0.9596700274977086,0.9596700274977088
hyporheic,jaccard,hja2016_079,hja2016_037,64,43,Headwater,Headwater,TRUE,FALSE,4.2048261934227975,0.9690117252931323,0.9690117252931325
hyporheic,jaccard,hja2016_084,hja2016_037,177,43,Headwater,Headwater,TRUE,FALSE,3.697837909763051,0.9333333333333333,0.9333333333333336
hyporheic,jaccard,hja2016_031,hja2016_037,161,43,Mainstem,Headwater,FALSE,FALSE,6.330734395453319,0.959114139693356,0.9591141396933562
hyporheic,jaccard,hja2016_032,hja2016_037,54,43,Intermediate,Headwater,FALSE,FALSE,5.615370585939937,0.9599447513812154,0.9599447513812156
hyporheic,jaccard,hja2016_035,hja2016_037,192,43,Headwater,Headwater,TRUE,FALSE,2.7581959746119695,0.9513574660633484,0.9513574660633486
hyporheic,jaccard,hja2016_008,hja2016_043,WS3-1,KC-2,Headwater,Intermediate,FALSE,FALSE,1.5069311271081194,0.9485165794066318,0.948516579406632
hyporheic,jaccard,hja2016_009,hja2016_043,60,KC-2,Headwater,Intermediate,FALSE,FALSE,5.736246300496747,0.953125,0.9531250000000002
hyporheic,jaccard,hja2016_014,hja2016_043,WS1-6,KC-2,Headwater,Intermediate,FALSE,FALSE,2.939596016571682,0.9588550983899822,0.9588550983899824
hyporheic,jaccard,hja2016_015,hja2016_043,47,KC-2,Intermediate,Intermediate,TRUE,FALSE,1.876363243432882,0.9621212121212122,0.9621212121212124
hyporheic,jaccard,hja2016_016,hja2016_043,74,KC-2,Headwater,Intermediate,FALSE,FALSE,3.455399743343421,0.9586523736600306,0.9586523736600309
hyporheic,jaccard,hja2016_018,hja2016_043,WS1-5,KC-2,Headwater,Intermediate,FALSE,FALSE,3.0190196983698154,0.9686888454011742,0.9686888454011744
hyporheic,jaccard,hja2016_019,hja2016_043,155,KC-2,Headwater,Intermediate,FALSE,FALSE,3.9205707908726386,0.9459724950884086,0.9459724950884089
hyporheic,jaccard,hja2016_020,hja2016_043,WS1-2,KC-2,Headwater,Intermediate,FALSE,FALSE,3.107828161055232,0.951913133402275,0.9519131334022752
hyporheic,jaccard,hja2016_021,hja2016_043,156,KC-2,Mainstem,Intermediate,FALSE,FALSE,4.2227855673798755,0.946866485013624,0.9468664850136242
hyporheic,jaccard,hja2016_065,hja2016_043,68,KC-2,Mainstem,Intermediate,FALSE,FALSE,3.3542835607639114,0.9537110933758979,0.9537110933758981
hyporheic,jaccard,hja2016_066,hja2016_043,49,KC-2,Mainstem,Intermediate,FALSE,FALSE,1.833561574348446,0.9619952494061758,0.961995249406176
hyporheic,jaccard,hja2016_070,hja2016_043,56,KC-2,Intermediate,Intermediate,TRUE,FALSE,1.3649950281476189,0.9549461312438786,0.9549461312438788
hyporheic,jaccard,hja2016_071,hja2016_043,164,KC-2,Intermediate,Intermediate,TRUE,FALSE,1.9643134131936186,0.9557474365893147,0.9557474365893149
hyporheic,jaccard,hja2016_075,hja2016_043,260,KC-2,Intermediate,Intermediate,TRUE,FALSE,4.484143279107467,0.9403272377285852,0.9403272377285854
hyporheic,jaccard,hja2016_078,hja2016_043,CC-1,KC-2,Headwater,Intermediate,FALSE,FALSE,8.019862400518628,0.9441441441441442,0.9441441441441444
hyporheic,jaccard,hja2016_079,hja2016_043,64,KC-2,Headwater,Intermediate,FALSE,FALSE,8.616426887328446,0.9520661157024793,0.9520661157024796
hyporheic,jaccard,hja2016_084,hja2016_043,177,KC-2,Headwater,Intermediate,FALSE,FALSE,6.194216416597989,0.9639810426540284,0.9639810426540286
hyporheic,jaccard,hja2016_031,hja2016_043,161,KC-2,Mainstem,Intermediate,FALSE,FALSE,0.990574747049965,0.9632000000000001,0.9632000000000003
hyporheic,jaccard,hja2016_032,hja2016_043,54,KC-2,Intermediate,Intermediate,TRUE,FALSE,0.6581449235934631,0.9381720430107527,0.938172043010753
hyporheic,jaccard,hja2016_035,hja2016_043,192,KC-2,Headwater,Intermediate,FALSE,FALSE,2.8427325257064195,0.9656652360515021,0.9656652360515023
hyporheic,jaccard,hja2016_037,hja2016_043,43,KC-2,Headwater,Intermediate,FALSE,FALSE,5.559151311753686,0.9480000000000001,0.9480000000000003
hyporheic,jaccard,hja2016_008,hja2016_050,WS3-1,165,Headwater,Headwater,TRUE,FALSE,5.618406696289105,0.93782722513089,0.9378272251308902
hyporheic,jaccard,hja2016_009,hja2016_050,60,165,Headwater,Headwater,TRUE,FALSE,2.984470013246444,0.9606141522029373,0.9606141522029376
hyporheic,jaccard,hja2016_014,hja2016_050,WS1-6,165,Headwater,Headwater,TRUE,FALSE,7.297020272671488,0.9633027522935781,0.9633027522935783
hyporheic,jaccard,hja2016_015,hja2016_050,47,165,Intermediate,Headwater,FALSE,FALSE,2.540921040056427,0.9606035205364627,0.9606035205364629
hyporheic,jaccard,hja2016_016,hja2016_050,74,165,Headwater,Headwater,TRUE,FALSE,2.486092531866686,0.9719101123595506,0.9719101123595508
hyporheic,jaccard,hja2016_018,hja2016_050,WS1-5,165,Headwater,Headwater,TRUE,FALSE,7.361964260357983,0.9615584415584416,0.9615584415584418
hyporheic,jaccard,hja2016_019,hja2016_050,155,165,Headwater,Headwater,TRUE,FALSE,2.7034880111640116,0.9507389162561576,0.9507389162561578
hyporheic,jaccard,hja2016_020,hja2016_050,WS1-2,165,Headwater,Headwater,TRUE,FALSE,7.420044874340309,0.9378801042571676,0.9378801042571678
hyporheic,jaccard,hja2016_021,hja2016_050,156,165,Mainstem,Headwater,FALSE,FALSE,2.9277219632984433,0.953427065026362,0.9534270650263622
hyporheic,jaccard,hja2016_065,hja2016_050,68,165,Mainstem,Headwater,FALSE,FALSE,2.2838150755925053,0.9495747266099636,0.9495747266099638
hyporheic,jaccard,hja2016_066,hja2016_050,49,165,Mainstem,Headwater,FALSE,FALSE,2.5925569075085497,0.9500727096461464,0.9500727096461467
hyporheic,jaccard,hja2016_070,hja2016_050,56,165,Intermediate,Headwater,FALSE,FALSE,3.048936684253621,0.9578947368421054,0.9578947368421056
hyporheic,jaccard,hja2016_071,hja2016_050,164,165,Intermediate,Headwater,FALSE,FALSE,6.2931351415984516,0.9348121321865098,0.93481213218651
hyporheic,jaccard,hja2016_075,hja2016_050,260,165,Intermediate,Headwater,FALSE,FALSE,3.1559811845392516,0.9414634146341464,0.9414634146341466
hyporheic,jaccard,hja2016_078,hja2016_050,CC-1,165,Headwater,Headwater,TRUE,FALSE,5.703265813927859,0.9553219448094612,0.9553219448094614
hyporheic,jaccard,hja2016_079,hja2016_050,64,165,Headwater,Headwater,TRUE,FALSE,7.384166429099786,0.9547427154370738,0.954742715437074
hyporheic,jaccard,hja2016_084,hja2016_050,177,165,Headwater,Headwater,TRUE,FALSE,1.784462030346704,0.9657768651608487,0.9657768651608489
hyporheic,jaccard,hja2016_031,hja2016_050,161,165,Mainstem,Headwater,FALSE,FALSE,4.738210842389866,0.975,0.9750000000000002
hyporheic,jaccard,hja2016_032,hja2016_050,54,165,Intermediate,Headwater,FALSE,FALSE,4.0885151972774345,0.9577221742881794,0.9577221742881796
hyporheic,jaccard,hja2016_035,hja2016_050,192,165,Headwater,Headwater,TRUE,FALSE,2.3250472068972594,0.9709605361131795,0.9709605361131797
hyporheic,jaccard,hja2016_037,hja2016_050,43,165,Headwater,Headwater,TRUE,FALSE,3.184298569352243,0.9621668099742047,0.9621668099742049
hyporheic,jaccard,hja2016_043,hja2016_050,KC-2,165,Intermediate,Headwater,FALSE,FALSE,4.413477028903304,0.9493243243243242,0.9493243243243245
hyporheic,jaccard,hja2016_008,hja2016_052,WS3-1,163,Headwater,Mainstem,FALSE,FALSE,0.8806137085049516,0.947261663286004,0.9472616632860043
hyporheic,jaccard,hja2016_009,hja2016_052,60,163,Headwater,Mainstem,FALSE,FALSE,8.087840948385834,0.9437729900157645,0.9437729900157648
hyporheic,jaccard,hja2016_014,hja2016_052,WS1-6,163,Headwater,Mainstem,FALSE,FALSE,1.1219794159249379,0.9622641509433962,0.9622641509433965
hyporheic,jaccard,hja2016_015,hja2016_052,47,163,Intermediate,Mainstem,FALSE,FALSE,4.064687648253421,0.9733171619163129,0.9733171619163131
hyporheic,jaccard,hja2016_016,hja2016_052,74,163,Headwater,Mainstem,FALSE,FALSE,5.812042782449695,0.980946123521682,0.9809461235216822
hyporheic,jaccard,hja2016_018,hja2016_052,WS1-5,163,Headwater,Mainstem,FALSE,FALSE,1.1147180111402728,0.9421915444348576,0.9421915444348579
hyporheic,jaccard,hja2016_019,hja2016_052,155,163,Headwater,Mainstem,FALSE,FALSE,6.276816552078394,0.9371241115363587,0.9371241115363589
hyporheic,jaccard,hja2016_020,hja2016_052,WS1-2,163,Headwater,Mainstem,FALSE,FALSE,1.0744049698772364,0.9507603186097031,0.9507603186097033
hyporheic,jaccard,hja2016_021,hja2016_052,156,163,Mainstem,Mainstem,TRUE,FALSE,6.575881272920605,0.9795158286778398,0.97951582867784
hyporheic,jaccard,hja2016_065,hja2016_052,68,163,Mainstem,Mainstem,TRUE,FALSE,5.706104545443485,0.9412906356137798,0.94129063561378
hyporheic,jaccard,hja2016_066,hja2016_052,49,163,Mainstem,Mainstem,TRUE,FALSE,4.0473204866517065,0.9275184275184275,0.9275184275184277
hyporheic,jaccard,hja2016_070,hja2016_052,56,163,Intermediate,Mainstem,FALSE,FALSE,3.546781339190444,0.9669509594882729,0.9669509594882731
hyporheic,jaccard,hja2016_071,hja2016_052,164,163,Intermediate,Mainstem,FALSE,FALSE,0.6909376475660745,0.9470919324577861,0.9470919324577863
hyporheic,jaccard,hja2016_075,hja2016_052,260,163,Intermediate,Mainstem,FALSE,FALSE,6.832386313081748,0.9582673005810882,0.9582673005810884
hyporheic,jaccard,hja2016_078,hja2016_052,CC-1,163,Headwater,Mainstem,FALSE,FALSE,10.358429596194998,0.9490740740740741,0.9490740740740743
hyporheic,jaccard,hja2016_079,hja2016_052,64,163,Headwater,Mainstem,FALSE,FALSE,10.818339772798577,0.9555664062499999,0.9555664062500001
hyporheic,jaccard,hja2016_084,hja2016_052,177,163,Headwater,Mainstem,FALSE,FALSE,8.205721026008865,0.9349240780911063,0.9349240780911066
hyporheic,jaccard,hja2016_031,hja2016_052,161,163,Mainstem,Mainstem,TRUE,FALSE,1.7418099846059318,0.9694708276797829,0.9694708276797831
hyporheic,jaccard,hja2016_032,hja2016_052,54,163,Intermediate,Mainstem,FALSE,FALSE,2.424203151420306,0.9638178415470993,0.9638178415470995
hyporheic,jaccard,hja2016_035,hja2016_052,192,163,Headwater,Mainstem,FALSE,FALSE,5.1888806907590075,0.9621040723981901,0.9621040723981903
hyporheic,jaccard,hja2016_037,hja2016_052,43,163,Headwater,Mainstem,FALSE,FALSE,7.916071059453279,0.9579409918392968,0.957940991839297
hyporheic,jaccard,hja2016_043,hja2016_052,KC-2,163,Intermediate,Mainstem,FALSE,FALSE,2.3569926396039667,0.9627139364303179,0.9627139364303181
hyporheic,jaccard,hja2016_050,hja2016_052,165,163,Headwater,Mainstem,FALSE,FALSE,6.479521327490033,0.9591535433070866,0.9591535433070868
hyporheic,jaccard,hja2016_008,hja2016_056,WS3-1,KC-1,Headwater,Intermediate,FALSE,FALSE,1.5308837300103362,0.9331742243436755,0.9331742243436757
hyporheic,jaccard,hja2016_009,hja2016_056,60,KC-1,Headwater,Intermediate,FALSE,FALSE,5.701460406156321,0.9390018484288355,0.9390018484288357
hyporheic,jaccard,hja2016_014,hja2016_056,WS1-6,KC-1,Headwater,Intermediate,FALSE,FALSE,2.9901257958892105,0.9482239614689947,0.9482239614689949
hyporheic,jaccard,hja2016_015,hja2016_056,47,KC-1,Intermediate,Intermediate,TRUE,FALSE,1.818201309377183,0.9737034331628925,0.9737034331628928
hyporheic,jaccard,hja2016_016,hja2016_056,74,KC-1,Headwater,Intermediate,FALSE,FALSE,3.4243031820629675,0.9748376623376623,0.9748376623376626
hyporheic,jaccard,hja2016_018,hja2016_056,WS1-5,KC-1,Headwater,Intermediate,FALSE,FALSE,3.068222528462683,0.9402546523016649,0.9402546523016652
hyporheic,jaccard,hja2016_019,hja2016_056,155,KC-1,Headwater,Intermediate,FALSE,FALSE,3.892757701293267,0.9377806286080821,0.9377806286080823
hyporheic,jaccard,hja2016_020,hja2016_056,WS1-2,KC-1,Headwater,Intermediate,FALSE,FALSE,3.1544708080757786,0.9475806451612904,0.9475806451612906
hyporheic,jaccard,hja2016_021,hja2016_056,156,KC-1,Mainstem,Intermediate,FALSE,FALSE,4.197454084098257,0.965675057208238,0.9656750572082382
hyporheic,jaccard,hja2016_065,hja2016_056,68,KC-1,Mainstem,Intermediate,FALSE,FALSE,3.3193560813218514,0.9383408071748879,0.9383408071748881
hyporheic,jaccard,hja2016_066,hja2016_056,49,KC-1,Mainstem,Intermediate,FALSE,FALSE,1.7769687940183916,0.934156378600823,0.9341563786008232
hyporheic,jaccard,hja2016_070,hja2016_056,56,KC-1,Intermediate,Intermediate,TRUE,FALSE,1.30455344033522,0.961611076148521,0.9616110761485213
hyporheic,jaccard,hja2016_071,hja2016_056,164,KC-1,Intermediate,Intermediate,TRUE,FALSE,2.0101972732293967,0.9371042634022794,0.9371042634022796
hyporheic,jaccard,hja2016_075,hja2016_056,260,KC-1,Intermediate,Intermediate,TRUE,FALSE,4.461000698565809,0.9501246882793017,0.950124688279302
hyporheic,jaccard,hja2016_078,hja2016_056,CC-1,KC-1,Headwater,Intermediate,FALSE,FALSE,7.998832957231205,0.9363636363636364,0.9363636363636366
hyporheic,jaccard,hja2016_079,hja2016_056,64,KC-1,Headwater,Intermediate,FALSE,FALSE,8.61336977942981,0.9518686296715742,0.9518686296715744
hyporheic,jaccard,hja2016_084,hja2016_056,177,KC-1,Headwater,Intermediate,FALSE,FALSE,6.133466977511725,0.929073482428115,0.9290734824281153
hyporheic,jaccard,hja2016_031,hja2016_056,161,KC-1,Mainstem,Intermediate,FALSE,FALSE,0.9750635992294102,0.9715956558061821,0.9715956558061823
hyporheic,jaccard,hja2016_032,hja2016_056,54,KC-1,Intermediate,Intermediate,TRUE,FALSE,0.598990241135925,0.9637735849056605,0.9637735849056607
hyporheic,jaccard,hja2016_035,hja2016_056,192,KC-1,Headwater,Intermediate,FALSE,FALSE,2.8053742798677637,0.9631367292225201,0.9631367292225204
hyporheic,jaccard,hja2016_037,hja2016_056,43,KC-1,Headwater,Intermediate,FALSE,FALSE,5.528641893507325,0.9470452801227935,0.9470452801227938
hyporheic,jaccard,hja2016_043,hja2016_056,KC-2,KC-1,Intermediate,Intermediate,TRUE,TRUE,0.06824652816190327,0.9500745156482862,0.9500745156482864
hyporheic,jaccard,hja2016_050,hja2016_056,165,KC-1,Headwater,Intermediate,FALSE,FALSE,4.353465740672919,0.9500000000000001,0.9500000000000003
hyporheic,jaccard,hja2016_052,hja2016_056,163,KC-1,Mainstem,Intermediate,FALSE,FALSE,2.3880480077401316,0.9345794392523363,0.9345794392523366
hyporheic,jaccard,hja2016_008,hja2016_057,WS3-1,71,Headwater,Intermediate,FALSE,FALSE,2.6088117698995927,0.9538977367979882,0.9538977367979884
hyporheic,jaccard,hja2016_009,hja2016_057,60,71,Headwater,Intermediate,FALSE,FALSE,4.781050822404301,0.9649737302977233,0.9649737302977235
hyporheic,jaccard,hja2016_014,hja2016_057,WS1-6,71,Headwater,Intermediate,FALSE,FALSE,4.260913326646547,0.9710144927536231,0.9710144927536233
hyporheic,jaccard,hja2016_015,hja2016_057,47,71,Intermediate,Intermediate,TRUE,FALSE,0.6087653621709344,0.9628297362110312,0.9628297362110314
hyporheic,jaccard,hja2016_016,hja2016_057,74,71,Headwater,Intermediate,FALSE,FALSE,2.6610100627299094,0.9715504978662873,0.9715504978662876
hyporheic,jaccard,hja2016_018,hja2016_057,WS1-5,71,Headwater,Intermediate,FALSE,FALSE,4.326910597125184,0.9609724888035829,0.9609724888035831
hyporheic,jaccard,hja2016_019,hja2016_057,155,71,Headwater,Intermediate,FALSE,FALSE,3.166735105968207,0.9589552238805971,0.9589552238805973
hyporheic,jaccard,hja2016_020,hja2016_057,WS1-2,71,Headwater,Intermediate,FALSE,FALSE,4.389121486289933,0.9675810473815462,0.9675810473815464
hyporheic,jaccard,hja2016_021,hja2016_057,156,71,Mainstem,Intermediate,FALSE,FALSE,3.5053182017069062,0.9657794676806084,0.9657794676806086
hyporheic,jaccard,hja2016_065,hja2016_057,68,71,Mainstem,Intermediate,FALSE,FALSE,2.484484812358425,0.9536321483771252,0.9536321483771254
hyporheic,jaccard,hja2016_066,hja2016_057,49,71,Mainstem,Intermediate,FALSE,FALSE,0.6216838924711285,0.9562937062937062,0.9562937062937065
hyporheic,jaccard,hja2016_070,hja2016_057,56,71,Intermediate,Intermediate,TRUE,FALSE,0.2503047463662732,0.9616463985032742,0.9616463985032744
hyporheic,jaccard,hja2016_071,hja2016_057,164,71,Intermediate,Intermediate,TRUE,FALSE,3.2576200912433437,0.9562005277044855,0.9562005277044857
hyporheic,jaccard,hja2016_075,hja2016_057,260,71,Intermediate,Intermediate,TRUE,FALSE,3.800252278330142,0.9600000000000001,0.9600000000000003
hyporheic,jaccard,hja2016_078,hja2016_057,CC-1,71,Headwater,Intermediate,FALSE,FALSE,7.297892554380454,0.9525862068965517,0.9525862068965519
hyporheic,jaccard,hja2016_079,hja2016_057,64,71,Headwater,Intermediate,FALSE,FALSE,8.247323693003999,0.9677165354330709,0.9677165354330711
hyporheic,jaccard,hja2016_084,hja2016_057,177,71,Headwater,Intermediate,FALSE,FALSE,4.804862204610274,0.9616087751371115,0.9616087751371117
hyporheic,jaccard,hja2016_031,hja2016_057,161,71,Mainstem,Intermediate,FALSE,FALSE,1.7551811565716449,0.9732540861812778,0.9732540861812781
hyporheic,jaccard,hja2016_032,hja2016_057,54,71,Intermediate,Intermediate,TRUE,FALSE,1.0630734587357058,0.9652173913043478,0.965217391304348
hyporheic,jaccard,hja2016_035,hja2016_057,192,71,Headwater,Intermediate,FALSE,FALSE,1.9638043084492565,0.9650565262076053,0.9650565262076055
hyporheic,jaccard,hja2016_037,hja2016_057,43,71,Headwater,Intermediate,FALSE,FALSE,4.691510725093255,0.9625935162094763,0.9625935162094765
hyporheic,jaccard,hja2016_043,hja2016_057,KC-2,71,Intermediate,Intermediate,TRUE,FALSE,1.4175332498146056,0.9654761904761905,0.9654761904761907
hyporheic,jaccard,hja2016_050,hja2016_057,165,71,Headwater,Intermediate,FALSE,FALSE,3.036314161798194,0.9654340836012861,0.9654340836012864
hyporheic,jaccard,hja2016_052,hja2016_057,163,71,Mainstem,Intermediate,FALSE,FALSE,3.4845591560296465,0.9655172413793104,0.9655172413793106
hyporheic,jaccard,hja2016_056,hja2016_057,KC-1,71,Intermediate,Intermediate,TRUE,FALSE,1.3523810315421114,0.9606299212598425,0.9606299212598427
hyporheic,jaccard,hja2016_008,hja2016_062,WS3-1,WS3-3,Headwater,Headwater,TRUE,TRUE,0.16977177085465114,0.9438775510204082,0.9438775510204084
hyporheic,jaccard,hja2016_009,hja2016_062,60,WS3-3,Headwater,Headwater,TRUE,FALSE,7.12784970398475,0.9456366237482118,0.945636623748212
hyporheic,jaccard,hja2016_014,hja2016_062,WS1-6,WS3-3,Headwater,Headwater,TRUE,FALSE,1.7372456432709322,0.9580615097856477,0.958061509785648
hyporheic,jaccard,hja2016_015,hja2016_062,47,WS3-3,Intermediate,Headwater,FALSE,FALSE,3.130917302531453,0.950110864745011,0.9501108647450113
hyporheic,jaccard,hja2016_016,hja2016_062,74,WS3-3,Headwater,Headwater,TRUE,FALSE,4.8526299115337785,0.9730363423212193,0.9730363423212195
hyporheic,jaccard,hja2016_018,hja2016_062,WS1-5,WS3-3,Headwater,Headwater,TRUE,FALSE,1.7878103034936397,0.9509687623566627,0.95096876235666294
hyporheic,jaccard,hja2016_019,hja2016_062,155,WS3-3,Headwater,Headwater,TRUE,FALSE,5.319268822102741,0.9396935244686109,0.9396935244686111
hyporheic,jaccard,hja2016_020,hja2016_062,WS1-2,WS3-3,Headwater,Headwater,TRUE,FALSE,1.831380286302394,0.9321157822191591,0.9321157822191594
hyporheic,jaccard,hja2016_021,hja2016_062,156,WS3-3,Mainstem,Headwater,FALSE,FALSE,5.620650636470601,0.9426934097421203,0.9426934097421206
hyporheic,jaccard,hja2016_065,hja2016_062,68,WS3-3,Mainstem,Headwater,FALSE,FALSE,4.7460644125184155,0.9399466192170819,0.9399466192170821
hyporheic,jaccard,hja2016_066,hja2016_062,49,WS3-3,Mainstem,Headwater,FALSE,FALSE,3.108432811987196,0.9410439354111905,0.9410439354111907
hyporheic,jaccard,hja2016_070,hja2016_062,56,WS3-3,Intermediate,Headwater,FALSE,FALSE,2.6091775873166907,0.9666666666666666,0.9666666666666668
hyporheic,jaccard,hja2016_071,hja2016_062,164,WS3-3,Intermediate,Headwater,FALSE,FALSE,0.7486090433626337,0.9206748025843504,0.9206748025843506
hyporheic,jaccard,hja2016_075,hja2016_062,260,WS3-3,Intermediate,Headwater,FALSE,FALSE,5.87988488348628,0.9285009861932939,0.9285009861932941
hyporheic,jaccard,hja2016_078,hja2016_062,CC-1,WS3-3,Headwater,Headwater,TRUE,FALSE,9.411317100288509,0.9334600760456274,0.9334600760456276
hyporheic,jaccard,hja2016_079,hja2016_062,64,WS3-3,Headwater,Headwater,TRUE,FALSE,9.929431627994406,0.9402173913043478,0.940217391304348
hyporheic,jaccard,hja2016_084,hja2016_062,177,WS3-3,Headwater,Headwater,TRUE,FALSE,7.340214303100712,0.9581328200192493,0.9581328200192495
hyporheic,jaccard,hja2016_031,hja2016_062,161,WS3-3,Mainstem,Headwater,FALSE,FALSE,0.8952503603613999,0.9688249400479616,0.9688249400479618
hyporheic,jaccard,hja2016_032,hja2016_062,54,WS3-3,Intermediate,Headwater,FALSE,FALSE,1.5047903479684226,0.9609375000000001,0.9609375000000003
hyporheic,jaccard,hja2016_035,hja2016_062,192,WS3-3,Headwater,Headwater,TRUE,FALSE,4.229180201199189,0.9670218163368848,0.967021816336885
hyporheic,jaccard,hja2016_037,hja2016_062,43,WS3-3,Headwater,Headwater,TRUE,FALSE,6.956894068752504,0.9597540525433202,0.9597540525433205
hyporheic,jaccard,hja2016_043,hja2016_062,KC-2,WS3-3,Intermediate,Headwater,FALSE,FALSE,1.3986980373179057,0.9455555555555556,0.9455555555555558
hyporheic,jaccard,hja2016_050,hja2016_062,165,WS3-3,Headwater,Headwater,TRUE,FALSE,5.59104175436501,0.947751022262608,0.9477510222626082
hyporheic,jaccard,hja2016_052,hja2016_062,163,WS3-3,Mainstem,Headwater,FALSE,FALSE,0.9600503052859639,0.9435330026707364,0.9435330026707366
hyporheic,jaccard,hja2016_056,hja2016_062,KC-1,WS3-3,Intermediate,Headwater,FALSE,FALSE,1.4283503755074438,0.9397435897435898,0.9397435897435901
hyporheic,jaccard,hja2016_057,hja2016_062,71,WS3-3,Intermediate,Headwater,FALSE,FALSE,2.566777564692437,0.9670037253858436,0.9670037253858438
hyporheic,jaccard,hja2016_008,hja2016_102,WS3-1,73,Headwater,Headwater,TRUE,FALSE,5.808022420015047,0.9906284454244763,0.9906284454244765
hyporheic,jaccard,hja2016_009,hja2016_102,60,73,Headwater,Headwater,TRUE,FALSE,2.191982117722212,0.992999159899188,0.9929991598991882
hyporheic,jaccard,hja2016_014,hja2016_102,WS1-6,73,Headwater,Headwater,TRUE,FALSE,6.915176512558563,0.9950041631973355,0.9950041631973358
hyporheic,jaccard,hja2016_015,hja2016_102,47,73,Intermediate,Headwater,FALSE,FALSE,3.3383360575688643,0.9963269054178145,0.9963269054178148
hyporheic,jaccard,hja2016_016,hja2016_102,74,73,Headwater,Headwater,TRUE,FALSE,1.3710134836684593,0.998723268432812,0.9987232684328122
hyporheic,jaccard,hja2016_018,hja2016_102,WS1-5,73,Headwater,Headwater,TRUE,FALSE,7.01950117851889,0.9917602996254681,0.9917602996254683
hyporheic,jaccard,hja2016_019,hja2016_102,155,73,Headwater,Headwater,TRUE,FALSE,0.9994342260625957,0.9934416880524665,0.9934416880524667
hyporheic,jaccard,hja2016_020,hja2016_102,WS1-2,73,Headwater,Headwater,TRUE,FALSE,7.156388851575929,0.9875818469180402,0.9875818469180404
hyporheic,jaccard,hja2016_021,hja2016_102,156,73,Mainstem,Headwater,FALSE,FALSE,0.7902466958205318,0.9959589679825925,0.9959589679825928
hyporheic,jaccard,hja2016_065,hja2016_102,68,73,Mainstem,Headwater,FALSE,FALSE,1.6111377104766493,0.9870967741935484,0.9870967741935486
hyporheic,jaccard,hja2016_066,hja2016_102,49,73,Mainstem,Headwater,FALSE,FALSE,3.2804710732598563,0.9908807295416366,0.9908807295416369
hyporheic,jaccard,hja2016_070,hja2016_102,56,73,Intermediate,Headwater,FALSE,FALSE,3.6190204676218944,0.9940051384527548,0.9940051384527551
hyporheic,jaccard,hja2016_071,hja2016_102,164,73,Intermediate,Headwater,FALSE,FALSE,6.09369593242045,0.9903448275862068,0.990344827586207
hyporheic,jaccard,hja2016_075,hja2016_102,260,73,Intermediate,Headwater,FALSE,FALSE,0.6797677435463308,0.9932088285229203,0.9932088285229205
hyporheic,jaccard,hja2016_078,hja2016_102,CC-1,73,Headwater,Headwater,TRUE,FALSE,3.7685776567020572,0.9950152312378842,0.9950152312378844
hyporheic,jaccard,hja2016_079,hja2016_102,64,73,Headwater,Headwater,TRUE,FALSE,4.407163759533689,0.9948731786292498,0.9948731786292501
hyporheic,jaccard,hja2016_084,hja2016_102,177,73,Headwater,Headwater,TRUE,FALSE,4.859781262909702,0.9954725523486135,0.9954725523486138
hyporheic,jaccard,hja2016_031,hja2016_102,161,73,Mainstem,Headwater,FALSE,FALSE,5.214926163289533,0.9977404777275661,0.9977404777275664
hyporheic,jaccard,hja2016_032,hja2016_102,54,73,Intermediate,Headwater,FALSE,FALSE,4.54457575066397,0.9950479727638503,0.9950479727638505
hyporheic,jaccard,hja2016_035,hja2016_102,192,73,Headwater,Headwater,TRUE,FALSE,1.9895352163077968,0.9929349425964086,0.9929349425964088
hyporheic,jaccard,hja2016_037,hja2016_102,43,73,Headwater,Headwater,TRUE,FALSE,1.7991250919377804,0.9962894248608535,0.9962894248608537
hyporheic,jaccard,hja2016_043,hja2016_102,KC-2,73,Intermediate,Headwater,FALSE,FALSE,4.311111268568428,0.9938706711615077,0.993870671161508
hyporheic,jaccard,hja2016_050,hja2016_102,165,73,Headwater,Headwater,TRUE,FALSE,3.696267743593934,0.9918278398256607,0.9918278398256609
hyporheic,jaccard,hja2016_052,hja2016_102,163,73,Mainstem,Headwater,FALSE,FALSE,6.618218202500303,0.9917475728155339,0.9917475728155342
hyporheic,jaccard,hja2016_056,hja2016_102,KC-1,73,Intermediate,Headwater,FALSE,FALSE,4.297839976265171,0.9908640041764553,0.9908640041764555
hyporheic,jaccard,hja2016_057,hja2016_102,71,73,Intermediate,Headwater,FALSE,FALSE,3.840755790546295,0.9945586457073761,0.9945586457073763
hyporheic,jaccard,hja2016_062,hja2016_102,WS3-3,73,Headwater,Headwater,TRUE,FALSE,5.683332824314602,0.9895591647331786,0.9895591647331788
hyporheic,jaccard,hja2016_008,hja2016_107,WS3-1,57,Headwater,Intermediate,FALSE,FALSE,3.784603527834151,0.9916083916083916,0.9916083916083919
hyporheic,jaccard,hja2016_009,hja2016_107,60,57,Headwater,Intermediate,FALSE,FALSE,3.7240220248684044,0.9945498587000403,0.9945498587000405
hyporheic,jaccard,hja2016_014,hja2016_107,WS1-6,57,Headwater,Intermediate,FALSE,FALSE,5.412764282149032,0.9945772243422374,0.9945772243422376
hyporheic,jaccard,hja2016_015,hja2016_107,47,57,Intermediate,Intermediate,TRUE,FALSE,0.6255576994947291,0.99677349967735,0.9967734996773502
hyporheic,jaccard,hja2016_016,hja2016_107,74,57,Headwater,Intermediate,FALSE,FALSE,1.8605061825260576,0.9980057611345003,0.9980057611345006
hyporheic,jaccard,hja2016_018,hja2016_107,WS1-5,57,Headwater,Intermediate,FALSE,FALSE,5.483250344185021,0.992569199331228,0.9925691993312282
hyporheic,jaccard,hja2016_019,hja2016_107,155,57,Headwater,Intermediate,FALSE,FALSE,2.3428130931445623,0.9938587512794268,0.993858751279427
hyporheic,jaccard,hja2016_020,hja2016_107,WS1-2,57,Headwater,Intermediate,FALSE,FALSE,5.5524669172818175,0.9882778831235994,0.9882778831235997
hyporheic,jaccard,hja2016_021,hja2016_107,156,57,Mainstem,Intermediate,FALSE,FALSE,2.6830531394268315,0.9965209828223527,0.9965209828223529
hyporheic,jaccard,hja2016_065,hja2016_107,68,57,Mainstem,Intermediate,FALSE,FALSE,1.6344090830886409,0.9911902897415819,0.9911902897415821
hyporheic,jaccard,hja2016_066,hja2016_107,49,57,Mainstem,Intermediate,FALSE,FALSE,0.6749353772126016,0.9902456647398844,0.9902456647398846
hyporheic,jaccard,hja2016_070,hja2016_107,56,57,Intermediate,Intermediate,TRUE,FALSE,1.1437086435191255,0.9952926729431028,0.995292672943103
hyporheic,jaccard,hja2016_071,hja2016_107,164,57,Intermediate,Intermediate,TRUE,FALSE,4.414254623187726,0.9903879762320867,0.990387976232087
hyporheic,jaccard,hja2016_075,hja2016_107,260,57,Intermediate,Intermediate,TRUE,FALSE,2.984411380971293,0.9928687856560717,0.992868785656072
hyporheic,jaccard,hja2016_078,hja2016_107,CC-1,57,Headwater,Intermediate,FALSE,FALSE,6.346122261327158,0.9939807383627609,0.9939807383627611
hyporheic,jaccard,hja2016_079,hja2016_107,64,57,Headwater,Intermediate,FALSE,FALSE,7.523887350894997,0.9940944881889764,0.9940944881889766
hyporheic,jaccard,hja2016_084,hja2016_107,177,57,Headwater,Intermediate,FALSE,FALSE,3.702003577001806,0.9951130116065974,0.9951130116065976
hyporheic,jaccard,hja2016_031,hja2016_107,161,57,Mainstem,Intermediate,FALSE,FALSE,2.9308297948121504,0.9984385456167745,0.9984385456167747
hyporheic,jaccard,hja2016_032,hja2016_107,54,57,Intermediate,Intermediate,TRUE,FALSE,2.2381263476727535,0.9969683845820702,0.9969683845820704
hyporheic,jaccard,hja2016_035,hja2016_107,192,57,Headwater,Intermediate,FALSE,FALSE,1.2199760400277577,0.995191302529793,0.9951913025297933
hyporheic,jaccard,hja2016_037,hja2016_107,43,57,Headwater,Intermediate,FALSE,FALSE,3.6937031426941225,0.99696772796188,0.9969677279618803
hyporheic,jaccard,hja2016_043,hja2016_107,KC-2,57,Intermediate,Intermediate,TRUE,FALSE,2.5019001004325934,0.994398965962947,0.9943989659629472
hyporheic,jaccard,hja2016_050,hja2016_107,165,57,Headwater,Intermediate,FALSE,FALSE,1.9176684226398057,0.9928712871287129,0.9928712871287131
hyporheic,jaccard,hja2016_052,hja2016_107,163,57,Mainstem,Intermediate,FALSE,FALSE,4.6612861800711904,0.9921761280931587,0.9921761280931589
hyporheic,jaccard,hja2016_056,hja2016_107,KC-1,57,Intermediate,Intermediate,TRUE,FALSE,2.443566572427457,0.9913561275451402,0.9913561275451405
hyporheic,jaccard,hja2016_057,hja2016_107,71,57,Intermediate,Intermediate,TRUE,FALSE,1.1769599166651865,0.9970193740685545,0.9970193740685547
hyporheic,jaccard,hja2016_062,hja2016_107,WS3-3,57,Headwater,Intermediate,FALSE,FALSE,3.738193106472405,0.9899700862220658,0.9899700862220661
hyporheic,jaccard,hja2016_102,hja2016_107,73,57,Headwater,Intermediate,FALSE,FALSE,3.2040952245605383,0.6902573529411765,0.6902573529411768
hyporheic,jaccard,hja2016_008,hja2016_110,WS3-1,76,Headwater,Intermediate,FALSE,FALSE,9.965883673691975,0.9920233980324382,0.9920233980324384
hyporheic,jaccard,hja2016_009,hja2016_110,60,76,Headwater,Intermediate,FALSE,FALSE,3.5350938005733243,0.9956861687786466,0.9956861687786468
hyporheic,jaccard,hja2016_014,hja2016_110,WS1-6,76,Headwater,Intermediate,FALSE,FALSE,11.00831359426141,0.9957150508837708,0.995715050883771
hyporheic,jaccard,hja2016_015,hja2016_110,47,76,Intermediate,Intermediate,TRUE,FALSE,7.307071499188573,0.997352162400706,0.9973521624007062
hyporheic,jaccard,hja2016_016,hja2016_110,74,76,Headwater,Intermediate,FALSE,FALSE,5.212998529067941,0.9987737584304107,0.9987737584304109
hyporheic,jaccard,hja2016_018,hja2016_110,WS1-5,76,Headwater,Intermediate,FALSE,FALSE,11.116498988896426,0.9942070963070239,0.9942070963070241
hyporheic,jaccard,hja2016_019,hja2016_110,155,76,Headwater,Intermediate,FALSE,FALSE,4.706886881934089,0.9939510585647512,0.9939510585647514
hyporheic,jaccard,hja2016_020,hja2016_110,WS1-2,76,Headwater,Intermediate,FALSE,FALSE,11.262479887313308,0.9903698840008754,0.9903698840008757
hyporheic,jaccard,hja2016_021,hja2016_110,156,76,Mainstem,Intermediate,FALSE,FALSE,4.366762268967975,0.9976126529394211,0.9976126529394214
hyporheic,jaccard,hja2016_065,hja2016_110,68,76,Mainstem,Intermediate,FALSE,FALSE,5.404269080163925,0.9911985503494694,0.9911985503494696
hyporheic,jaccard,hja2016_066,hja2016_110,49,76,Mainstem,Intermediate,FALSE,FALSE,7.267254787809166,0.9932636469221835,0.9932636469221837
hyporheic,jaccard,hja2016_070,hja2016_110,56,76,Intermediate,Intermediate,TRUE,FALSE,7.674449149591061,0.9956007698652736,0.9956007698652738
hyporheic,jaccard,hja2016_071,hja2016_110,164,76,Intermediate,Intermediate,TRUE,FALSE,10.229360752627516,0.9926470588235294,0.9926470588235297
hyporheic,jaccard,hja2016_075,hja2016_110,260,76,Intermediate,Intermediate,TRUE,FALSE,4.071758415754011,0.9939972714870395,0.9939972714870398
hyporheic,jaccard,hja2016_078,hja2016_110,CC-1,76,Headwater,Intermediate,FALSE,FALSE,0.9422587638875225,0.9943805191329943,0.9943805191329945
hyporheic,jaccard,hja2016_079,hja2016_110,64,76,Headwater,Intermediate,FALSE,FALSE,1.440314814076607,0.9947835159102764,0.9947835159102766
hyporheic,jaccard,hja2016_084,hja2016_110,177,76,Headwater,Intermediate,FALSE,FALSE,6.597024625889065,0.996727570220889,0.9967275702208892
hyporheic,jaccard,hja2016_031,hja2016_110,161,76,Mainstem,Intermediate,FALSE,FALSE,9.358243935198693,0.9984515329823473,0.9984515329823476
hyporheic,jaccard,hja2016_032,hja2016_110,54,76,Intermediate,Intermediate,TRUE,FALSE,8.672599467491853,0.997624703087886,0.9976247030878862
hyporheic,jaccard,hja2016_035,hja2016_110,192,76,Headwater,Intermediate,FALSE,FALSE,5.911958967754842,0.9954725523486135,0.9954725523486138
hyporheic,jaccard,hja2016_037,hja2016_110,43,76,Headwater,Intermediate,FALSE,FALSE,3.382787348364287,0.9979216152019003,0.9979216152019005
hyporheic,jaccard,hja2016_043,hja2016_110,KC-2,76,Intermediate,Intermediate,TRUE,FALSE,8.468279982742775,0.9949926362297496,0.9949926362297499
hyporheic,jaccard,hja2016_050,hja2016_110,165,76,Headwater,Intermediate,FALSE,FALSE,6.519546431879164,0.994486741927015,0.9944867419270152
hyporheic,jaccard,hja2016_052,hja2016_110,163,76,Mainstem,Intermediate,FALSE,FALSE,10.771015257839295,0.9934195064629847,0.9934195064629849
hyporheic,jaccard,hja2016_056,hja2016_110,KC-1,76,Intermediate,Intermediate,TRUE,FALSE,8.453870202714086,0.9926878466969238,0.992687846696924
hyporheic,jaccard,hja2016_057,hja2016_110,71,76,Intermediate,Intermediate,TRUE,FALSE,7.871786123482434,0.9968060394889663,0.9968060394889665
hyporheic,jaccard,hja2016_062,hja2016_110,WS3-3,76,Headwater,Intermediate,FALSE,FALSE,9.84033759749056,0.9925859357447764,0.9925859357447766
hyporheic,jaccard,hja2016_102,hja2016_110,73,76,Headwater,Intermediate,FALSE,FALSE,4.157934457644877,0.7570944515036002,0.7570944515036006
hyporheic,jaccard,hja2016_107,hja2016_110,57,76,Intermediate,Intermediate,TRUE,FALSE,6.994568725614324,0.7640143124893508,0.7640143124893511
hyporheic,jaccard,hja2016_008,hja2016_121,WS3-1,84,Headwater,Intermediate,FALSE,FALSE,7.255868780295749,0.9947229551451187,0.9947229551451189
hyporheic,jaccard,hja2016_009,hja2016_121,60,84,Headwater,Intermediate,FALSE,FALSE,2.2042619708307414,0.9968385214007782,0.9968385214007784
hyporheic,jaccard,hja2016_014,hja2016_121,WS1-6,84,Headwater,Intermediate,FALSE,FALSE,8.879738474978133,0.9973423532254168,0.997342353225417
hyporheic,jaccard,hja2016_015,hja2016_121,47,84,Intermediate,Intermediate,TRUE,FALSE,4.089229389806395,0.9976309555146091,0.9976309555146093
hyporheic,jaccard,hja2016_016,hja2016_121,74,84,Headwater,Intermediate,FALSE,FALSE,3.171655951768841,0.9983606557377049,0.9983606557377052
hyporheic,jaccard,hja2016_018,hja2016_121,WS1-5,84,Headwater,Intermediate,FALSE,FALSE,8.952953761816966,0.9967047451669596,0.9967047451669598
hyporheic,jaccard,hja2016_019,hja2016_121,155,84,Headwater,Intermediate,FALSE,FALSE,3.0988282967207863,0.9970348406226835,0.9970348406226838
hyporheic,jaccard,hja2016_020,hja2016_121,WS1-2,84,Headwater,Intermediate,FALSE,FALSE,9.025640012482668,0.9945848375451263,0.9945848375451265
hyporheic,jaccard,hja2016_021,hja2016_121,156,84,Mainstem,Intermediate,FALSE,FALSE,3.141797753978806,0.9965296316070474,0.9965296316070477
hyporheic,jaccard,hja2016_065,hja2016_121,68,84,Mainstem,Intermediate,FALSE,FALSE,3.0750877644215824,0.9948538011695907,0.9948538011695909
hyporheic,jaccard,hja2016_066,hja2016_121,49,84,Mainstem,Intermediate,FALSE,FALSE,4.121453218560494,0.9944774851316908,0.994477485131691
hyporheic,jaccard,hja2016_070,hja2016_121,56,84,Intermediate,Intermediate,TRUE,FALSE,4.612554690216337,0.9980222496909765,0.9980222496909767
hyporheic,jaccard,hja2016_071,hja2016_121,164,84,Intermediate,Intermediate,TRUE,FALSE,7.88522745813398,0.9950990402287114,0.9950990402287117
hyporheic,jaccard,hja2016_075,hja2016_121,260,84,Intermediate,Intermediate,TRUE,FALSE,3.228932346034192,0.9958230958230958,0.995823095823096
hyporheic,jaccard,hja2016_078,hja2016_121,CC-1,84,Headwater,Intermediate,FALSE,FALSE,4.58085718066824,0.9961371318203766,0.9961371318203768
hyporheic,jaccard,hja2016_079,hja2016_121,64,84,Headwater,Intermediate,FALSE,FALSE,6.591817046999826,0.996224634261444,0.9962246342614443
hyporheic,jaccard,hja2016_084,hja2016_121,177,84,Headwater,Intermediate,FALSE,FALSE,1.1324454625733034,0.9975423937085278,0.997542393708528
hyporheic,jaccard,hja2016_031,hja2016_121,161,84,Mainstem,Intermediate,FALSE,FALSE,6.391076683930805,0.9977937120794265,0.9977937120794267
hyporheic,jaccard,hja2016_032,hja2016_121,54,84,Intermediate,Intermediate,TRUE,FALSE,5.710414060102007,0.9981427434332715,0.9981427434332717
hyporheic,jaccard,hja2016_035,hja2016_121,192,84,Headwater,Intermediate,FALSE,FALSE,3.3843342505744594,0.9972074130489972,0.9972074130489974
hyporheic,jaccard,hja2016_037,hja2016_121,43,84,Headwater,Intermediate,FALSE,FALSE,2.588975271772396,0.9981422505307855,0.9981422505307858
hyporheic,jaccard,hja2016_043,hja2016_121,KC-2,84,Intermediate,Intermediate,TRUE,FALSE,5.948451782309118,0.996313849394418,0.9963138493944182
hyporheic,jaccard,hja2016_050,hja2016_121,165,84,Headwater,Intermediate,FALSE,FALSE,1.740573584418037,0.9959648706384999,0.9959648706385001
hyporheic,jaccard,hja2016_052,hja2016_121,163,84,Mainstem,Intermediate,FALSE,FALSE,8.129420621809267,0.9963566223746249,0.9963566223746251
hyporheic,jaccard,hja2016_056,hja2016_121,KC-1,84,Intermediate,Intermediate,TRUE,FALSE,5.894390991169737,0.9956581352833638,0.995658135283364
hyporheic,jaccard,hja2016_057,hja2016_121,71,84,Intermediate,Intermediate,TRUE,FALSE,4.647378431718067,0.9968774395003903,0.9968774395003905
hyporheic,jaccard,hja2016_062,hja2016_121,WS3-3,84,Headwater,Intermediate,FALSE,FALSE,7.212558360662155,0.9940267765190526,0.9940267765190528
hyporheic,jaccard,hja2016_102,hja2016_121,73,84,Headwater,Intermediate,FALSE,FALSE,3.9012338670910496,0.8578976134086355,0.8578976134086357
hyporheic,jaccard,hja2016_107,hja2016_121,57,84,Intermediate,Intermediate,TRUE,FALSE,3.474646831671136,0.8582935560859188,0.8582935560859191
hyporheic,jaccard,hja2016_110,hja2016_121,76,84,Intermediate,Intermediate,TRUE,FALSE,5.487650505728987,0.8609578066583586,0.8609578066583589
planktonic,bray,hja2016_001,hja2016_010,50,164,Mainstem,Intermediate,FALSE,FALSE,3.6442915542552448,0.9244,0.9244000000000001
planktonic,bray,hja2016_001,hja2016_011,50,WS1-6,Mainstem,Headwater,FALSE,FALSE,4.644173222236327,0.9281,0.9281000000000003
planktonic,bray,hja2016_010,hja2016_011,164,WS1-6,Intermediate,Headwater,FALSE,FALSE,1.0051978669336232,0.9561,0.9561000000000001
planktonic,bray,hja2016_001,hja2016_013,50,WS1-4,Mainstem,Headwater,FALSE,FALSE,4.744819538336182,0.9442,0.9442000000000003
planktonic,bray,hja2016_010,hja2016_013,164,WS1-4,Intermediate,Headwater,FALSE,FALSE,1.1010149527516848,0.957,0.9570000000000002
planktonic,bray,hja2016_011,hja2016_013,WS1-6,WS1-4,Headwater,Headwater,TRUE,TRUE,0.18461308083765662,0.9303,0.9303000000000002
planktonic,bray,hja2016_001,hja2016_027,50,WS3-6,Mainstem,Headwater,FALSE,FALSE,2.9313947181567626,0.8899,0.8899000000000002
planktonic,bray,hja2016_010,hja2016_027,164,WS3-6,Intermediate,Headwater,FALSE,FALSE,0.7142149142917817,0.9314,0.9314000000000002
planktonic,bray,hja2016_011,hja2016_027,WS1-6,WS3-6,Headwater,Headwater,TRUE,FALSE,1.7186177908990374,0.882,0.8820000000000002
planktonic,bray,hja2016_013,hja2016_027,WS1-4,WS3-6,Headwater,Headwater,TRUE,FALSE,1.8135364616726783,0.9358,0.9358000000000002
planktonic,bray,hja2016_001,hja2016_042,50,165,Mainstem,Headwater,FALSE,FALSE,2.6649815544636604,0.9202,0.9202000000000002
planktonic,bray,hja2016_010,hja2016_042,164,165,Intermediate,Headwater,FALSE,FALSE,6.2931351415984516,0.9091,0.9091000000000001
planktonic,bray,hja2016_011,hja2016_042,WS1-6,165,Headwater,Headwater,TRUE,FALSE,7.297020272671488,0.9707,0.9707000000000002
planktonic,bray,hja2016_013,hja2016_042,WS1-4,165,Headwater,Headwater,TRUE,FALSE,7.389914840588571,0.9559,0.9559000000000002
planktonic,bray,hja2016_027,hja2016_042,WS3-6,165,Headwater,Headwater,TRUE,FALSE,5.578938146338936,0.9569,0.9569000000000001
planktonic,bray,hja2016_001,hja2016_049,50,67,Mainstem,Intermediate,FALSE,FALSE,4.068127235843481,0.9051,0.9051000000000002
planktonic,bray,hja2016_010,hja2016_049,164,67,Intermediate,Intermediate,TRUE,FALSE,7.167717004906666,0.9161,0.9161000000000001
planktonic,bray,hja2016_011,hja2016_049,WS1-6,67,Headwater,Intermediate,FALSE,FALSE,8.05698673236946,0.957,0.9570000000000002
planktonic,bray,hja2016_013,hja2016_049,WS1-4,67,Headwater,Intermediate,FALSE,FALSE,8.205064625468113,0.9685,0.9685000000000002
planktonic,bray,hja2016_027,hja2016_049,WS3-6,67,Headwater,Intermediate,FALSE,FALSE,6.533721629662573,0.9365,0.9365000000000001
planktonic,bray,hja2016_042,hja2016_049,165,67,Headwater,Intermediate,FALSE,FALSE,3.195460387639526,0.9054,0.9054000000000002
planktonic,bray,hja2016_001,hja2016_059,50,KC-2,Mainstem,Intermediate,FALSE,FALSE,1.7505322995925667,0.9426,0.9426000000000001
planktonic,bray,hja2016_010,hja2016_059,164,KC-2,Intermediate,Intermediate,TRUE,FALSE,1.9643134131936186,0.9194,0.9194000000000002
planktonic,bray,hja2016_011,hja2016_059,WS1-6,KC-2,Headwater,Intermediate,FALSE,FALSE,2.939596016571682,0.9047,0.9047000000000002
planktonic,bray,hja2016_013,hja2016_059,WS1-4,KC-2,Headwater,Intermediate,FALSE,FALSE,3.0573745850860212,0.9437,0.9437000000000002
planktonic,bray,hja2016_027,hja2016_059,WS3-6,KC-2,Headwater,Intermediate,FALSE,FALSE,1.281504952556862,0.9303,0.9303000000000002
planktonic,bray,hja2016_042,hja2016_059,165,KC-2,Headwater,Intermediate,FALSE,FALSE,4.413477028903304,0.9375,0.9375000000000002
planktonic,bray,hja2016_049,hja2016_059,67,KC-2,Intermediate,Intermediate,TRUE,FALSE,5.2661408522427955,0.9217,0.9217000000000002
planktonic,bray,hja2016_001,hja2016_064,50,WS3-4,Mainstem,Headwater,FALSE,FALSE,2.9598861747912997,0.9287,0.9287000000000001
planktonic,bray,hja2016_010,hja2016_064,164,WS3-4,Intermediate,Headwater,FALSE,FALSE,0.7221495254669051,0.9198,0.9198000000000001
planktonic,bray,hja2016_011,hja2016_064,WS1-6,WS3-4,Headwater,Headwater,TRUE,FALSE,1.7208963998309263,0.9106,0.9106000000000002
planktonic,bray,hja2016_013,hja2016_064,WS1-4,WS3-4,Headwater,Headwater,TRUE,FALSE,1.8001307665683908,0.9472,0.9472000000000003
planktonic,bray,hja2016_027,hja2016_064,WS3-6,WS3-4,Headwater,Headwater,TRUE,TRUE,0.16998661045193875,0.9209,0.9209000000000003
planktonic,bray,hja2016_042,hja2016_064,165,WS3-4,Headwater,Headwater,TRUE,FALSE,5.592485625616833,0.935,0.9350000000000003
planktonic,bray,hja2016_049,hja2016_064,67,WS3-4,Intermediate,Headwater,FALSE,FALSE,6.627733326210463,0.9347,0.9347000000000002
planktonic,bray,hja2016_059,hja2016_064,KC-2,WS3-4,Intermediate,Headwater,FALSE,FALSE,1.3630311442042748,0.894,0.8940000000000002
planktonic,bray,hja2016_001,hja2016_099,50,162,Mainstem,Mainstem,TRUE,FALSE,4.563933849138648,0.9964,0.9964000000000001
planktonic,bray,hja2016_010,hja2016_099,164,162,Intermediate,Mainstem,FALSE,FALSE,0.9959690672748789,0.9975,0.9975000000000002
planktonic,bray,hja2016_011,hja2016_099,WS1-6,162,Headwater,Mainstem,FALSE,FALSE,0.5528896810133556,0.9884,0.9884000000000002
planktonic,bray,hja2016_013,hja2016_099,WS1-4,162,Headwater,Mainstem,FALSE,FALSE,0.4387299834003136,0.9897,0.9897000000000001
planktonic,bray,hja2016_027,hja2016_099,WS3-6,162,Headwater,Mainstem,FALSE,FALSE,1.6588812290863966,0.9946,0.9946000000000002
planktonic,bray,hja2016_042,hja2016_099,165,162,Headwater,Mainstem,FALSE,FALSE,7.181078966807996,0.999,0.9990000000000002
planktonic,bray,hja2016_049,hja2016_099,67,162,Intermediate,Mainstem,FALSE,FALSE,8.162876668247536,0.9986,0.9986000000000002
planktonic,bray,hja2016_059,hja2016_099,KC-2,162,Intermediate,Mainstem,FALSE,FALSE,2.938082287229992,0.9875,0.9875000000000002
planktonic,bray,hja2016_064,hja2016_099,WS3-4,162,Headwater,Mainstem,FALSE,FALSE,1.606395987830571,0.9918,0.9918000000000002
planktonic,bray,hja2016_001,hja2016_100,50,64,Mainstem,Headwater,FALSE,FALSE,7.920890750185404,0.9989,0.9989000000000001
planktonic,bray,hja2016_010,hja2016_100,164,64,Intermediate,Headwater,FALSE,FALSE,10.223113551804197,0.9972,0.9972000000000001
planktonic,bray,hja2016_011,hja2016_100,WS1-6,64,Headwater,Headwater,TRUE,FALSE,10.90868108736911,0.9911,0.9911000000000001
planktonic,bray,hja2016_013,hja2016_100,WS1-4,64,Headwater,Headwater,TRUE,FALSE,11.084310032244487,0.9943,0.9943000000000002
planktonic,bray,hja2016_027,hja2016_100,WS3-6,64,Headwater,Headwater,TRUE,FALSE,9.73575050395318,0.9939,0.9939000000000002
planktonic,bray,hja2016_042,hja2016_100,165,64,Headwater,Headwater,TRUE,FALSE,7.384166429099786,0.9991,0.9991000000000001
planktonic,bray,hja2016_049,hja2016_100,67,64,Intermediate,Headwater,FALSE,FALSE,4.203726933727118,0.998,0.9980000000000002
planktonic,bray,hja2016_059,hja2016_100,KC-2,64,Intermediate,Headwater,FALSE,FALSE,8.616426887328446,0.9915,0.9915000000000002
planktonic,bray,hja2016_064,hja2016_100,WS3-4,64,Headwater,Headwater,TRUE,FALSE,9.871367129603597,0.9964,0.9964000000000001
planktonic,bray,hja2016_099,hja2016_100,162,64,Mainstem,Headwater,FALSE,FALSE,11.179577833939613,0.704,0.7040000000000002
planktonic,bray,hja2016_001,hja2016_101,50,58,Mainstem,Intermediate,FALSE,FALSE,3.9606786547079986,0.9965,0.9965000000000003
planktonic,bray,hja2016_010,hja2016_101,164,58,Intermediate,Intermediate,TRUE,FALSE,7.237572395450676,0.9956,0.9956000000000003
planktonic,bray,hja2016_011,hja2016_101,WS1-6,58,Headwater,Intermediate,FALSE,FALSE,8.157501287145147,0.9848,0.9848000000000001
planktonic,bray,hja2016_013,hja2016_101,WS1-4,58,Headwater,Intermediate,FALSE,FALSE,8.298070133197074,0.9939,0.9939000000000002
planktonic,bray,hja2016_027,hja2016_101,WS3-6,58,Headwater,Intermediate,FALSE,FALSE,6.579731076725474,0.9917,0.9917000000000001
planktonic,bray,hja2016_042,hja2016_101,165,58,Headwater,Intermediate,FALSE,FALSE,2.761878208578289,0.9984,0.9984000000000001
planktonic,bray,hja2016_049,hja2016_101,67,58,Intermediate,Intermediate,TRUE,FALSE,0.5426379929376207,0.9982,0.9982000000000001
planktonic,bray,hja2016_059,hja2016_101,KC-2,58,Intermediate,Intermediate,TRUE,FALSE,5.300204117236371,0.9877,0.9877000000000002
planktonic,bray,hja2016_064,hja2016_101,WS3-4,58,Headwater,Intermediate,FALSE,FALSE,6.661825352325199,0.9897,0.9897000000000001
planktonic,bray,hja2016_099,hja2016_101,162,58,Mainstem,Intermediate,FALSE,FALSE,8.227476039409582,0.5024,0.5024000000000003
planktonic,bray,hja2016_100,hja2016_101,64,58,Headwater,Intermediate,FALSE,FALSE,4.6252709536165915,0.7095,0.7095000000000002
planktonic,bray,hja2016_001,hja2016_103,50,260,Mainstem,Intermediate,FALSE,FALSE,3.4379605879875363,0.9953,0.9953000000000001
planktonic,bray,hja2016_010,hja2016_103,164,260,Intermediate,Intermediate,TRUE,FALSE,6.354629667562855,0.9927,0.9927000000000001
planktonic,bray,hja2016_011,hja2016_103,WS1-6,260,Headwater,Intermediate,FALSE,FALSE,7.226354026168984,0.9713,0.9713000000000003
planktonic,bray,hja2016_013,hja2016_103,WS1-4,260,Headwater,Intermediate,FALSE,FALSE,7.37776200505135,0.9767,0.9767000000000001
planktonic,bray,hja2016_027,hja2016_103,WS3-6,260,Headwater,Intermediate,FALSE,FALSE,5.737174363693932,0.9876,0.9876000000000003
planktonic,bray,hja2016_042,hja2016_103,165,260,Headwater,Intermediate,FALSE,FALSE,3.1559811845392516,0.9965,0.9965000000000003
planktonic,bray,hja2016_049,hja2016_103,67,260,Intermediate,Intermediate,TRUE,FALSE,0.8623887229373796,0.9974,0.9974000000000001
planktonic,bray,hja2016_059,hja2016_103,KC-2,260,Intermediate,Intermediate,TRUE,FALSE,4.484143279107467,0.9738,0.9738000000000001
planktonic,bray,hja2016_064,hja2016_103,WS3-4,260,Headwater,Intermediate,FALSE,FALSE,5.838830511144936,0.9829,0.9829000000000002
planktonic,bray,hja2016_099,hja2016_103,162,260,Mainstem,Intermediate,FALSE,FALSE,7.35059865185044,0.6021,0.6021000000000003
planktonic,bray,hja2016_100,hja2016_103,64,260,Headwater,Intermediate,FALSE,FALSE,4.541749775317034,0.7715,0.7715000000000002
planktonic,bray,hja2016_101,hja2016_103,58,260,Intermediate,Intermediate,TRUE,FALSE,1.1882277944283153,0.618,0.6180000000000002
planktonic,bray,hja2016_001,hja2016_105,50,178,Mainstem,Headwater,FALSE,FALSE,4.817056408392769,0.9966,0.9966000000000003
planktonic,bray,hja2016_010,hja2016_105,164,178,Intermediate,Headwater,FALSE,FALSE,8.439178237639634,0.9967,0.9967000000000001
planktonic,bray,hja2016_011,hja2016_105,WS1-6,178,Headwater,Headwater,TRUE,FALSE,9.443888940251883,0.9859,0.9859000000000001
planktonic,bray,hja2016_013,hja2016_105,WS1-4,178,Headwater,Headwater,TRUE,FALSE,9.53350916985978,0.9913,0.9913000000000001
planktonic,bray,hja2016_027,hja2016_105,WS3-6,178,Headwater,Headwater,TRUE,FALSE,7.725286311833135,0.9926,0.9926000000000003
planktonic,bray,hja2016_042,hja2016_105,165,178,Headwater,Headwater,TRUE,FALSE,2.1520806013431244,0.9982,0.9982000000000001
planktonic,bray,hja2016_049,hja2016_105,67,178,Intermediate,Headwater,FALSE,FALSE,3.937208627769666,0.9975,0.9975000000000002
planktonic,bray,hja2016_059,hja2016_105,KC-2,178,Intermediate,Headwater,FALSE,FALSE,6.565222988360195,0.9845,0.9845000000000003
planktonic,bray,hja2016_064,hja2016_105,WS3-4,178,Headwater,Headwater,TRUE,FALSE,7.734066886831605,0.9893,0.9893000000000001
planktonic,bray,hja2016_099,hja2016_105,162,178,Mainstem,Headwater,FALSE,FALSE,9.31356710575669,0.4652,0.4652000000000004
planktonic,bray,hja2016_100,hja2016_105,64,178,Headwater,Headwater,TRUE,FALSE,7.639222434132428,0.7127,0.7127000000000002
planktonic,bray,hja2016_101,hja2016_105,58,178,Intermediate,Headwater,FALSE,FALSE,3.394637999857434,0.5842,0.5842000000000004
planktonic,bray,hja2016_103,hja2016_105,260,178,Intermediate,Headwater,FALSE,FALSE,4.343443640013314,0.5791,0.5791000000000003
planktonic,bray,hja2016_001,hja2016_106,50,170,Mainstem,Headwater,FALSE,FALSE,7.703516746731601,0.999,0.9990000000000002
planktonic,bray,hja2016_010,hja2016_106,164,170,Intermediate,Headwater,FALSE,FALSE,10.418553755705364,0.9981,0.9981000000000002
planktonic,bray,hja2016_011,hja2016_106,WS1-6,170,Headwater,Headwater,TRUE,FALSE,11.193524868576722,0.9926,0.9926000000000003
planktonic,bray,hja2016_013,hja2016_106,WS1-4,170,Headwater,Headwater,TRUE,FALSE,11.36078363387008,0.9979,0.9979000000000001
planktonic,bray,hja2016_027,hja2016_106,WS3-6,170,Headwater,Headwater,TRUE,FALSE,9.863549900208726,0.9957,0.9957000000000001
planktonic,bray,hja2016_042,hja2016_106,165,170,Headwater,Headwater,TRUE,FALSE,6.708775937278234,0.9995,0.9995000000000003
planktonic,bray,hja2016_049,hja2016_106,67,170,Intermediate,Headwater,FALSE,FALSE,3.6960890612942867,0.9985,0.9985000000000002
planktonic,bray,hja2016_059,hja2016_106,KC-2,170,Intermediate,Headwater,FALSE,FALSE,8.662345076514107,0.9943,0.9943000000000002
planktonic,bray,hja2016_064,hja2016_106,WS3-4,170,Headwater,Headwater,TRUE,FALSE,9.983277054620526,0.9972,0.9972000000000001
planktonic,bray,hja2016_099,hja2016_106,162,170,Mainstem,Headwater,FALSE,FALSE,11.40278296423879,0.7793,0.7793000000000002
planktonic,bray,hja2016_100,hja2016_106,64,170,Headwater,Headwater,TRUE,FALSE,1.4061469888146476,0.6094,0.6094000000000003
planktonic,bray,hja2016_101,hja2016_106,58,170,Intermediate,Headwater,FALSE,FALSE,3.9917111128157248,0.7241,0.7241000000000002
planktonic,bray,hja2016_103,hja2016_106,260,170,Intermediate,Headwater,FALSE,FALSE,4.270119253638915,0.8453,0.8453000000000003
planktonic,bray,hja2016_105,hja2016_106,178,170,Headwater,Headwater,TRUE,FALSE,6.624573476245236,0.8273,0.8273000000000003
planktonic,bray,hja2016_001,hja2016_109,50,169,Mainstem,Headwater,FALSE,FALSE,7.108173544876014,0.9972,0.9972000000000001
planktonic,bray,hja2016_010,hja2016_109,164,169,Intermediate,Headwater,FALSE,FALSE,10.74939299613456,0.9946,0.9946000000000002
planktonic,bray,hja2016_011,hja2016_109,WS1-6,169,Headwater,Headwater,TRUE,FALSE,11.744320884794321,0.9844,0.9844000000000003
planktonic,bray,hja2016_013,hja2016_109,WS1-4,169,Headwater,Headwater,TRUE,FALSE,11.850407796898269,0.9918,0.9918000000000002
planktonic,bray,hja2016_027,hja2016_109,WS3-6,169,Headwater,Headwater,TRUE,FALSE,10.038129693598952,0.992,0.9920000000000001
planktonic,bray,hja2016_042,hja2016_109,165,169,Headwater,Headwater,TRUE,FALSE,4.523547346559587,0.999,0.9990000000000002
planktonic,bray,hja2016_049,hja2016_109,67,169,Intermediate,Headwater,FALSE,FALSE,4.806134072783309,0.9991,0.9991000000000001
planktonic,bray,hja2016_059,hja2016_109,KC-2,169,Intermediate,Headwater,FALSE,FALSE,8.81229645299965,0.9838,0.9838000000000001
planktonic,bray,hja2016_064,hja2016_109,WS3-4,169,Headwater,Headwater,TRUE,FALSE,10.067655601503871,0.9891,0.9891000000000002
planktonic,bray,hja2016_099,hja2016_109,162,169,Mainstem,Headwater,FALSE,FALSE,11.66950306461181,0.584,0.5840000000000003
planktonic,bray,hja2016_100,hja2016_109,64,169,Headwater,Headwater,TRUE,FALSE,7.267906460213701,0.7568,0.7568000000000003
planktonic,bray,hja2016_101,hja2016_109,58,169,Intermediate,Headwater,FALSE,FALSE,4.351858935066699,0.5684,0.5684000000000003
planktonic,bray,hja2016_103,hja2016_109,260,169,Intermediate,Headwater,FALSE,FALSE,5.533804490785081,0.6509,0.6509000000000003
planktonic,bray,hja2016_105,hja2016_109,178,169,Headwater,Headwater,TRUE,FALSE,2.5632229082322047,0.624,0.6240000000000002
planktonic,bray,hja2016_106,hja2016_109,170,169,Headwater,Headwater,TRUE,FALSE,5.970458394348194,0.7987,0.7987000000000002
planktonic,bray,hja2016_001,hja2016_111,50,160,Mainstem,Mainstem,TRUE,FALSE,3.4222228946565907,0.997,0.9970000000000002
planktonic,bray,hja2016_010,hja2016_111,164,160,Intermediate,Mainstem,FALSE,FALSE,6.355811347516875,0.9959,0.9959000000000001
planktonic,bray,hja2016_011,hja2016_111,WS1-6,160,Headwater,Mainstem,FALSE,FALSE,7.230256463531791,0.9832,0.9832000000000001
planktonic,bray,hja2016_013,hja2016_111,WS1-4,160,Headwater,Mainstem,FALSE,FALSE,7.381128424208814,0.9879,0.9879000000000002
planktonic,bray,hja2016_027,hja2016_111,WS3-6,160,Headwater,Mainstem,FALSE,FALSE,5.7361617572746,0.9917,0.9917000000000001
planktonic,bray,hja2016_042,hja2016_111,165,160,Headwater,Mainstem,FALSE,FALSE,3.1205508935765485,0.9989,0.9989000000000001
planktonic,bray,hja2016_049,hja2016_111,67,160,Intermediate,Mainstem,FALSE,FALSE,0.8489530849005752,0.9981,0.9981000000000002
planktonic,bray,hja2016_059,hja2016_111,KC-2,160,Intermediate,Mainstem,FALSE,FALSE,4.48120120920237,0.9866,0.9866000000000001
planktonic,bray,hja2016_064,hja2016_111,WS3-4,160,Headwater,Mainstem,FALSE,FALSE,5.836942922843995,0.9912,0.9912000000000001
planktonic,bray,hja2016_099,hja2016_111,162,160,Mainstem,Mainstem,TRUE,FALSE,7.351763463818655,0.5278,0.5278000000000004
planktonic,bray,hja2016_100,hja2016_111,64,160,Headwater,Mainstem,FALSE,FALSE,4.565408961946411,0.5952,0.5952000000000002
planktonic,bray,hja2016_101,hja2016_111,58,160,Intermediate,Mainstem,FALSE,FALSE,1.161305247835426,0.553,0.5530000000000004
planktonic,bray,hja2016_103,hja2016_111,260,160,Intermediate,Mainstem,FALSE,FALSE,0.037106311912436664,0.5978,0.5978000000000003
planktonic,bray,hja2016_105,hja2016_111,178,160,Headwater,Mainstem,FALSE,FALSE,4.307008647888966,0.5161,0.5161000000000003
planktonic,bray,hja2016_106,hja2016_111,170,160,Headwater,Mainstem,FALSE,FALSE,4.283803345312856,0.7158,0.7158000000000002
planktonic,bray,hja2016_109,hja2016_111,169,160,Headwater,Mainstem,FALSE,FALSE,5.50446852514682,0.6237,0.6237000000000004
planktonic,bray,hja2016_001,hja2016_114,50,WS1-5,Mainstem,Headwater,FALSE,FALSE,4.713582771927649,0.9964,0.9964000000000001
planktonic,bray,hja2016_010,hja2016_114,164,WS1-5,Intermediate,Headwater,FALSE,FALSE,1.0695045428933514,0.9955,0.9955000000000003
planktonic,bray,hja2016_011,hja2016_114,WS1-6,WS1-5,Headwater,Headwater,TRUE,TRUE,0.11629189771108726,0.9806,0.9806000000000001
planktonic,bray,hja2016_013,hja2016_114,WS1-4,WS1-5,Headwater,Headwater,TRUE,TRUE,0.06907661353689407,0.9905,0.9905000000000002
planktonic,bray,hja2016_027,hja2016_114,WS3-6,WS1-5,Headwater,Headwater,TRUE,FALSE,1.7835033052697908,0.9909,0.9909000000000001
planktonic,bray,hja2016_042,hja2016_114,165,WS1-5,Headwater,Headwater,TRUE,FALSE,7.361964260357983,0.9985,0.9985000000000002
planktonic,bray,hja2016_049,hja2016_114,67,WS1-5,Intermediate,Headwater,FALSE,FALSE,8.154681741940477,0.9975,0.9975000000000002
planktonic,bray,hja2016_059,hja2016_114,KC-2,WS1-5,Intermediate,Headwater,FALSE,FALSE,3.0190196983698154,0.9841,0.9841000000000001
planktonic,bray,hja2016_064,hja2016_114,WS3-4,WS1-5,Headwater,Headwater,TRUE,FALSE,1.7761110224711991,0.9893,0.9893000000000001
planktonic,bray,hja2016_099,hja2016_114,162,WS1-5,Mainstem,Headwater,FALSE,FALSE,0.4825395666625003,0.4995,0.4995000000000004
planktonic,bray,hja2016_100,hja2016_114,64,WS1-5,Headwater,Headwater,TRUE,FALSE,11.021499695212045,0.7176,0.7176000000000002
planktonic,bray,hja2016_101,hja2016_114,58,WS1-5,Intermediate,Headwater,FALSE,FALSE,8.250861103078247,0.4434,0.4434000000000004
planktonic,bray,hja2016_103,hja2016_114,260,WS1-5,Intermediate,Headwater,FALSE,FALSE,7.3259349924224635,0.5889,0.5889000000000003
planktonic,bray,hja2016_105,hja2016_114,178,WS1-5,Headwater,Headwater,TRUE,FALSE,9.506943240096797,0.5601,0.5601000000000004
planktonic,bray,hja2016_106,hja2016_114,170,WS1-5,Headwater,Headwater,TRUE,FALSE,11.301983475427322,0.7516,0.7516000000000003
planktonic,bray,hja2016_109,hja2016_114,169,WS1-5,Headwater,Headwater,TRUE,FALSE,11.817366966687977,0.571,0.5710000000000003
planktonic,bray,hja2016_111,hja2016_114,160,WS1-5,Mainstem,Headwater,FALSE,FALSE,7.329531489638686,0.5643,0.5643000000000004
planktonic,bray,hja2016_001,hja2016_116,50,53,Mainstem,Intermediate,FALSE,FALSE,5.038599267909391,0.9965,0.9965000000000003
planktonic,bray,hja2016_010,hja2016_116,164,53,Intermediate,Intermediate,TRUE,FALSE,8.171935048165281,0.9958,0.9958000000000002
planktonic,bray,hja2016_011,hja2016_116,WS1-6,53,Headwater,Intermediate,FALSE,FALSE,9.056167891444211,0.9822,0.9822000000000001
planktonic,bray,hja2016_013,hja2016_116,WS1-4,53,Headwater,Intermediate,FALSE,FALSE,9.205628538819392,0.9883,0.9883000000000002
planktonic,bray,hja2016_027,hja2016_116,WS3-6,53,Headwater,Intermediate,FALSE,FALSE,7.539472934635286,0.9919,0.9919000000000002
planktonic,bray,hja2016_042,hja2016_116,165,53,Headwater,Intermediate,FALSE,FALSE,3.82637423445771,0.9987,0.9987000000000003
planktonic,bray,hja2016_049,hja2016_116,67,53,Intermediate,Intermediate,TRUE,FALSE,1.0058154114974305,0.9988,0.9988000000000002
planktonic,bray,hja2016_059,hja2016_116,KC-2,53,Intermediate,Intermediate,TRUE,FALSE,6.271787512550687,0.9845,0.9845000000000003
planktonic,bray,hja2016_064,hja2016_116,WS3-4,53,Headwater,Intermediate,FALSE,FALSE,7.633510208538495,0.9886,0.9886000000000001
planktonic,bray,hja2016_099,hja2016_116,162,53,Mainstem,Intermediate,FALSE,FALSE,9.16734083197627,0.3877,0.38770000000000043
planktonic,bray,hja2016_100,hja2016_116,64,53,Headwater,Intermediate,FALSE,FALSE,3.6474848698361915,0.6976,0.6976000000000002
planktonic,bray,hja2016_101,hja2016_116,58,53,Intermediate,Intermediate,TRUE,FALSE,1.127740956464573,0.4966,0.4966000000000003
planktonic,bray,hja2016_103,hja2016_116,260,53,Intermediate,Intermediate,TRUE,FALSE,1.834906158704367,0.5894,0.5894000000000004
planktonic,bray,hja2016_105,hja2016_116,178,53,Headwater,Intermediate,FALSE,FALSE,4.0472338928719465,0.4698,0.4698000000000004
planktonic,bray,hja2016_106,hja2016_116,170,53,Headwater,Intermediate,FALSE,FALSE,2.8849807345415197,0.7756,0.7756000000000002
planktonic,bray,hja2016_109,hja2016_116,169,53,Headwater,Intermediate,FALSE,FALSE,4.338681171298033,0.5725,0.5725000000000003
planktonic,bray,hja2016_111,hja2016_116,160,53,Mainstem,Intermediate,FALSE,FALSE,1.828398675585262,0.5183,0.5183000000000003
planktonic,bray,hja2016_114,hja2016_116,WS1-5,53,Headwater,Intermediate,FALSE,FALSE,9.154674840077474,0.485,0.4850000000000004
planktonic,bray,hja2016_001,hja2016_119,50,56,Mainstem,Intermediate,FALSE,FALSE,0.3863325210833547,0.9947,0.9947000000000003
planktonic,bray,hja2016_010,hja2016_119,164,56,Intermediate,Intermediate,TRUE,FALSE,3.272851031338182,0.9934,0.9934000000000002
planktonic,bray,hja2016_011,hja2016_119,WS1-6,56,Headwater,Intermediate,FALSE,FALSE,4.269751481958969,0.9721,0.9721000000000002
planktonic,bray,hja2016_013,hja2016_119,WS1-4,56,Headwater,Intermediate,FALSE,FALSE,4.373861821384479,0.98,0.9800000000000001
planktonic,bray,hja2016_027,hja2016_119,WS3-6,56,Headwater,Intermediate,FALSE,FALSE,2.5619516491878223,0.9894,0.9894000000000002
planktonic,bray,hja2016_042,hja2016_119,165,56,Headwater,Intermediate,FALSE,FALSE,3.048936684253621,0.9974,0.9974000000000001
planktonic,bray,hja2016_049,hja2016_119,67,56,Intermediate,Intermediate,TRUE,FALSE,4.282689452218689,0.9977,0.9977000000000003
planktonic,bray,hja2016_059,hja2016_119,KC-2,56,Intermediate,Intermediate,TRUE,FALSE,1.3649950281476189,0.9763,0.9763000000000001
planktonic,bray,hja2016_064,hja2016_119,WS3-4,56,Headwater,Intermediate,FALSE,FALSE,2.5979572442126497,0.9841,0.9841000000000001
planktonic,bray,hja2016_099,hja2016_119,162,56,Mainstem,Intermediate,FALSE,FALSE,4.204184676410621,0.623,0.6230000000000002
planktonic,bray,hja2016_100,hja2016_119,64,56,Headwater,Intermediate,FALSE,FALSE,8.02613481280829,0.7793,0.7793000000000002
planktonic,bray,hja2016_101,hja2016_119,58,56,Intermediate,Intermediate,TRUE,FALSE,4.215009815321311,0.6455,0.6455000000000002
planktonic,bray,hja2016_103,hja2016_119,260,56,Intermediate,Intermediate,TRUE,FALSE,3.603369829645204,0.3971,0.39710000000000045
planktonic,bray,hja2016_105,hja2016_119,178,56,Headwater,Intermediate,FALSE,FALSE,5.2009278755922095,0.6094,0.6094000000000003
planktonic,bray,hja2016_106,hja2016_119,170,56,Headwater,Intermediate,FALSE,FALSE,7.872609200845631,0.8571,0.8571000000000002
planktonic,bray,hja2016_109,hja2016_119,169,56,Headwater,Intermediate,FALSE,FALSE,7.476558204006406,0.6707,0.6707000000000002
planktonic,bray,hja2016_111,hja2016_119,160,56,Mainstem,Intermediate,FALSE,FALSE,3.5910375890408486,0.6234,0.6234000000000002
planktonic,bray,hja2016_114,hja2016_119,WS1-5,56,Headwater,Intermediate,FALSE,FALSE,4.341203101983378,0.6153,0.6153000000000002
planktonic,bray,hja2016_116,hja2016_119,53,56,Intermediate,Intermediate,TRUE,FALSE,5.268899402029398,0.6118,0.6118000000000003
planktonic,jaccard,hja2016_001,hja2016_010,50,164,Mainstem,Intermediate,FALSE,FALSE,3.6442915542552448,0.9657657657657658,0.9657657657657661
planktonic,jaccard,hja2016_001,hja2016_011,50,WS1-6,Mainstem,Headwater,FALSE,FALSE,4.644173222236327,0.9605181986428131,0.9605181986428134
planktonic,jaccard,hja2016_010,hja2016_011,164,WS1-6,Intermediate,Headwater,FALSE,FALSE,1.0051978669336232,0.9691714836223506,0.969171483622351
planktonic,jaccard,hja2016_001,hja2016_013,50,WS1-4,Mainstem,Headwater,FALSE,FALSE,4.744819538336182,0.9627434377646062,0.9627434377646066
planktonic,jaccard,hja2016_010,hja2016_013,164,WS1-4,Intermediate,Headwater,FALSE,FALSE,1.1010149527516848,0.9693969396939693,0.9693969396939697
planktonic,jaccard,hja2016_011,hja2016_013,WS1-6,WS1-4,Headwater,Headwater,TRUE,TRUE,0.18461308083765662,0.9423347398030942,0.9423347398030946
planktonic,jaccard,hja2016_001,hja2016_027,50,WS3-6,Mainstem,Headwater,FALSE,FALSE,2.9313947181567626,0.9384191176470589,0.9384191176470592
planktonic,jaccard,hja2016_010,hja2016_027,164,WS3-6,Intermediate,Headwater,FALSE,FALSE,0.7142149142917817,0.9633558341369334,0.9633558341369337
planktonic,jaccard,hja2016_011,hja2016_027,WS1-6,WS3-6,Headwater,Headwater,TRUE,FALSE,1.7186177908990374,0.90863704443335,0.9086370444333504
planktonic,jaccard,hja2016_013,hja2016_027,WS1-4,WS3-6,Headwater,Headwater,TRUE,FALSE,1.8135364616726783,0.9627403846153846,0.9627403846153849
planktonic,jaccard,hja2016_001,hja2016_042,50,165,Mainstem,Headwater,FALSE,FALSE,2.6649815544636604,0.9591194968553459,0.9591194968553463
planktonic,jaccard,hja2016_010,hja2016_042,164,165,Intermediate,Headwater,FALSE,FALSE,6.2931351415984516,0.9662522202486679,0.9662522202486682
planktonic,jaccard,hja2016_011,hja2016_042,WS1-6,165,Headwater,Headwater,TRUE,FALSE,7.297020272671488,0.9788902291917974,0.9788902291917977
planktonic,jaccard,hja2016_013,hja2016_042,WS1-4,165,Headwater,Headwater,TRUE,FALSE,7.389914840588571,0.9690635451505016,0.969063545150502
planktonic,jaccard,hja2016_027,hja2016_042,WS3-6,165,Headwater,Headwater,TRUE,FALSE,5.578938146338936,0.9680567879325643,0.9680567879325647
planktonic,jaccard,hja2016_001,hja2016_049,50,67,Mainstem,Intermediate,FALSE,FALSE,4.068127235843481,0.9372549019607843,0.9372549019607846
planktonic,jaccard,hja2016_010,hja2016_049,164,67,Intermediate,Intermediate,TRUE,FALSE,7.167717004906666,0.9547511312217195,0.9547511312217198
planktonic,jaccard,hja2016_011,hja2016_049,WS1-6,67,Headwater,Intermediate,FALSE,FALSE,8.05698673236946,0.9692005242463958,0.9692005242463961
planktonic,jaccard,hja2016_013,hja2016_049,WS1-4,67,Headwater,Intermediate,FALSE,FALSE,8.205064625468113,0.9722991689750692,0.9722991689750695
planktonic,jaccard,hja2016_027,hja2016_049,WS3-6,67,Headwater,Intermediate,FALSE,FALSE,6.533721629662573,0.9590818363273452,0.9590818363273456
planktonic,jaccard,hja2016_042,hja2016_049,165,67,Headwater,Intermediate,FALSE,FALSE,3.195460387639526,0.9543726235741445,0.9543726235741449
planktonic,jaccard,hja2016_001,hja2016_059,50,KC-2,Mainstem,Intermediate,FALSE,FALSE,1.7505322995925667,0.9576612903225806,0.957661290322581
planktonic,jaccard,hja2016_010,hja2016_059,164,KC-2,Intermediate,Intermediate,TRUE,FALSE,1.9643134131936186,0.9607843137254902,0.9607843137254906
planktonic,jaccard,hja2016_011,hja2016_059,WS1-6,KC-2,Headwater,Intermediate,FALSE,FALSE,2.939596016571682,0.9165792235047219,0.9165792235047222
planktonic,jaccard,hja2016_013,hja2016_059,WS1-4,KC-2,Headwater,Intermediate,FALSE,FALSE,3.0573745850860212,0.9502943100065403,0.9502943100065406
planktonic,jaccard,hja2016_027,hja2016_059,WS3-6,KC-2,Headwater,Intermediate,FALSE,FALSE,1.281504952556862,0.9369806094182825,0.9369806094182829
planktonic,jaccard,hja2016_042,hja2016_059,165,KC-2,Headwater,Intermediate,FALSE,FALSE,4.413477028903304,0.9723865877712032,0.9723865877712036
planktonic,jaccard,hja2016_049,hja2016_059,67,KC-2,Intermediate,Intermediate,TRUE,FALSE,5.2661408522427955,0.9581920903954801,0.9581920903954805
planktonic,jaccard,hja2016_001,hja2016_064,50,WS3-4,Mainstem,Headwater,FALSE,FALSE,2.9598861747912997,0.9586374695863746,0.958637469586375
planktonic,jaccard,hja2016_010,hja2016_064,164,WS3-4,Intermediate,Headwater,FALSE,FALSE,0.7221495254669051,0.9527665317139001,0.9527665317139005
planktonic,jaccard,hja2016_011,hja2016_064,WS1-6,WS3-4,Headwater,Headwater,TRUE,FALSE,1.7208963998309263,0.9404828747894441,0.9404828747894445
planktonic,jaccard,hja2016_013,hja2016_064,WS1-4,WS3-4,Headwater,Headwater,TRUE,FALSE,1.8001307665683908,0.9614264919941775,0.9614264919941778
planktonic,jaccard,hja2016_027,hja2016_064,WS3-6,WS3-4,Headwater,Headwater,TRUE,TRUE,0.16998661045193875,0.9390148553557467,0.939014855355747
planktonic,jaccard,hja2016_042,hja2016_064,165,WS3-4,Headwater,Headwater,TRUE,FALSE,5.592485625616833,0.9615384615384615,0.9615384615384618
planktonic,jaccard,hja2016_049,hja2016_064,67,WS3-4,Intermediate,Headwater,FALSE,FALSE,6.627733326210463,0.9594405594405595,0.9594405594405598
planktonic,jaccard,hja2016_059,hja2016_064,KC-2,WS3-4,Intermediate,Headwater,FALSE,FALSE,1.3630311442042748,0.9298701298701298,0.9298701298701302
planktonic,jaccard,hja2016_001,hja2016_099,50,162,Mainstem,Mainstem,TRUE,FALSE,4.563933849138648,0.996504436676526,0.9965044366765263
planktonic,jaccard,hja2016_010,hja2016_099,164,162,Intermediate,Mainstem,FALSE,FALSE,0.9959690672748789,0.9978046103183316,0.9978046103183319
planktonic,jaccard,hja2016_011,hja2016_099,WS1-6,162,Headwater,Mainstem,FALSE,FALSE,0.5528896810133556,0.9906759906759907,0.990675990675991
planktonic,jaccard,hja2016_013,hja2016_099,WS1-4,162,Headwater,Mainstem,FALSE,FALSE,0.4387299834003136,0.9939209726443768,0.9939209726443772
planktonic,jaccard,hja2016_027,hja2016_099,WS3-6,162,Headwater,Mainstem,FALSE,FALSE,1.6588812290863966,0.9954912197437114,0.9954912197437117
planktonic,jaccard,hja2016_042,hja2016_099,165,162,Headwater,Mainstem,FALSE,FALSE,7.181078966807996,0.998393144081414,0.9983931440814143
planktonic,jaccard,hja2016_049,hja2016_099,67,162,Intermediate,Mainstem,FALSE,FALSE,8.162876668247536,0.9986168741355463,0.9986168741355467
planktonic,jaccard,hja2016_059,hja2016_099,KC-2,162,Intermediate,Mainstem,FALSE,FALSE,2.938082287229992,0.9916625796959293,0.9916625796959296
planktonic,jaccard,hja2016_064,hja2016_099,WS3-4,162,Headwater,Mainstem,FALSE,FALSE,1.606395987830571,0.99514687100894,0.9951468710089403
planktonic,jaccard,hja2016_001,hja2016_100,50,64,Mainstem,Headwater,FALSE,FALSE,7.920890750185404,0.997872340425532,0.9978723404255323
planktonic,jaccard,hja2016_010,hja2016_100,164,64,Intermediate,Headwater,FALSE,FALSE,10.223113551804197,0.9971945137157108,0.9971945137157111
planktonic,jaccard,hja2016_011,hja2016_100,WS1-6,64,Headwater,Headwater,TRUE,FALSE,10.90868108736911,0.9925512104283054,0.9925512104283057
planktonic,jaccard,hja2016_013,hja2016_100,WS1-4,64,Headwater,Headwater,TRUE,FALSE,11.084310032244487,0.996106929665196,0.9961069296651963
planktonic,jaccard,hja2016_027,hja2016_100,WS3-6,64,Headwater,Headwater,TRUE,FALSE,9.73575050395318,0.9928400954653938,0.9928400954653941
planktonic,jaccard,hja2016_042,hja2016_100,165,64,Headwater,Headwater,TRUE,FALSE,7.384166429099786,0.9981812670506214,0.9981812670506217
planktonic,jaccard,hja2016_049,hja2016_100,67,64,Intermediate,Headwater,FALSE,FALSE,4.203726933727118,0.9971662468513854,0.9971662468513858
planktonic,jaccard,hja2016_059,hja2016_100,KC-2,64,Intermediate,Headwater,FALSE,FALSE,8.616426887328446,0.9937055281882868,0.9937055281882872
planktonic,jaccard,hja2016_064,hja2016_100,WS3-4,64,Headwater,Headwater,TRUE,FALSE,9.871367129603597,0.9968463302752294,0.9968463302752297
planktonic,jaccard,hja2016_099,hja2016_100,162,64,Mainstem,Headwater,FALSE,FALSE,11.179577833939613,0.798076923076923,0.7980769230769235
planktonic,jaccard,hja2016_001,hja2016_101,50,58,Mainstem,Intermediate,FALSE,FALSE,3.9606786547079986,0.9960530025373555,0.9960530025373558
planktonic,jaccard,hja2016_010,hja2016_101,164,58,Intermediate,Intermediate,TRUE,FALSE,7.237572395450676,0.9971189858830309,0.9971189858830313
planktonic,jaccard,hja2016_011,hja2016_101,WS1-6,58,Headwater,Intermediate,FALSE,FALSE,8.157501287145147,0.9876543209876543,0.9876543209876546
planktonic,jaccard,hja2016_013,hja2016_101,WS1-4,58,Headwater,Intermediate,FALSE,FALSE,8.298070133197074,0.9953805008509603,0.9953805008509606
planktonic,jaccard,hja2016_027,hja2016_101,WS3-6,58,Headwater,Intermediate,FALSE,FALSE,6.579731076725474,0.9915590863952334,0.9915590863952337
planktonic,jaccard,hja2016_042,hja2016_101,165,58,Headwater,Intermediate,FALSE,FALSE,2.761878208578289,0.9983160258209375,0.9983160258209378
planktonic,jaccard,hja2016_049,hja2016_101,67,58,Intermediate,Intermediate,TRUE,FALSE,0.5426379929376207,0.9973837209302325,0.9973837209302329
planktonic,jaccard,hja2016_059,hja2016_101,KC-2,58,Intermediate,Intermediate,TRUE,FALSE,5.300204117236371,0.9902638995644376,0.9902638995644379
planktonic,jaccard,hja2016_064,hja2016_101,WS3-4,58,Headwater,Intermediate,FALSE,FALSE,6.661825352325199,0.9946566924926529,0.9946566924926532
planktonic,jaccard,hja2016_099,hja2016_101,162,58,Mainstem,Intermediate,FALSE,FALSE,8.227476039409582,0.6451020408163266,0.6451020408163272
planktonic,jaccard,hja2016_100,hja2016_101,64,58,Headwater,Intermediate,FALSE,FALSE,4.6252709536165915,0.7922912205567452,0.7922912205567456
planktonic,jaccard,hja2016_001,hja2016_103,50,260,Mainstem,Intermediate,FALSE,FALSE,3.4379605879875363,0.9949733885274986,0.994973388527499
planktonic,jaccard,hja2016_010,hja2016_103,164,260,Intermediate,Intermediate,TRUE,FALSE,6.354629667562855,0.995155918861641,0.9951559188616413
planktonic,jaccard,hja2016_011,hja2016_103,WS1-6,260,Headwater,Intermediate,FALSE,FALSE,7.226354026168984,0.9799677642182822,0.9799677642182826
planktonic,jaccard,hja2016_013,hja2016_103,WS1-4,260,Headwater,Intermediate,FALSE,FALSE,7.37776200505135,0.988019372928881,0.9880193729288813
planktonic,jaccard,hja2016_027,hja2016_103,WS3-6,260,Headwater,Intermediate,FALSE,FALSE,5.737174363693932,0.9878017129509473,0.9878017129509477
planktonic,jaccard,hja2016_042,hja2016_103,165,260,Headwater,Intermediate,FALSE,FALSE,3.1559811845392516,0.997056226081837,0.9970562260818373
planktonic,jaccard,hja2016_049,hja2016_103,67,260,Intermediate,Intermediate,TRUE,FALSE,0.8623887229373796,0.9975602317779811,0.9975602317779815
planktonic,jaccard,hja2016_059,hja2016_103,KC-2,260,Intermediate,Intermediate,TRUE,FALSE,4.484143279107467,0.9808522114347358,0.9808522114347361
planktonic,jaccard,hja2016_064,hja2016_103,WS3-4,260,Headwater,Intermediate,FALSE,FALSE,5.838830511144936,0.9907511210762331,0.9907511210762334
planktonic,jaccard,hja2016_099,hja2016_103,162,260,Mainstem,Intermediate,FALSE,FALSE,7.35059865185044,0.7202133965619443,0.7202133965619447
planktonic,jaccard,hja2016_100,hja2016_103,64,260,Headwater,Intermediate,FALSE,FALSE,4.541749775317034,0.8374061958822397,0.8374061958822402
planktonic,jaccard,hja2016_101,hja2016_103,58,260,Intermediate,Intermediate,TRUE,FALSE,1.1882277944283153,0.7283726557773744,0.7283726557773749
planktonic,jaccard,hja2016_001,hja2016_105,50,178,Mainstem,Headwater,FALSE,FALSE,4.817056408392769,0.9966514459665143,0.9966514459665147
planktonic,jaccard,hja2016_010,hja2016_105,164,178,Intermediate,Headwater,FALSE,FALSE,8.439178237639634,0.9978186350888127,0.9978186350888131
planktonic,jaccard,hja2016_011,hja2016_105,WS1-6,178,Headwater,Headwater,TRUE,FALSE,9.443888940251883,0.98878242580042075,0.9887824258004211
planktonic,jaccard,hja2016_013,hja2016_105,WS1-4,178,Headwater,Headwater,TRUE,FALSE,9.53350916985978,0.9940166493236213,0.9940166493236217
planktonic,jaccard,hja2016_027,hja2016_105,WS3-6,178,Headwater,Headwater,TRUE,FALSE,7.725286311833135,0.9941721854304636,0.9941721854304639
planktonic,jaccard,hja2016_042,hja2016_105,165,178,Headwater,Headwater,TRUE,FALSE,2.1520806013431244,0.9978768577494692,0.9978768577494695
planktonic,jaccard,hja2016_049,hja2016_105,67,178,Intermediate,Headwater,FALSE,FALSE,3.937208627769666,0.9981120201384518,0.9981120201384521
planktonic,jaccard,hja2016_059,hja2016_105,KC-2,178,Intermediate,Headwater,FALSE,FALSE,6.565222988360195,0.9892768765466043,0.9892768765466047
planktonic,jaccard,hja2016_064,hja2016_105,WS3-4,178,Headwater,Headwater,TRUE,FALSE,7.734066886831605,0.9930915371329879,0.9930915371329883
planktonic,jaccard,hja2016_099,hja2016_105,162,178,Mainstem,Headwater,FALSE,FALSE,9.31356710575669,0.6254043562648264,0.6254043562648269
planktonic,jaccard,hja2016_100,hja2016_105,64,178,Headwater,Headwater,TRUE,FALSE,7.639222434132428,0.7965552178318136,0.796555217831814
planktonic,jaccard,hja2016_101,hja2016_105,58,178,Intermediate,Headwater,FALSE,FALSE,3.394637999857434,0.6946548821548821,0.6946548821548826
planktonic,jaccard,hja2016_103,hja2016_105,260,178,Intermediate,Headwater,FALSE,FALSE,4.343443640013314,0.700580770058077,0.7005807700580774
planktonic,jaccard,hja2016_001,hja2016_106,50,170,Mainstem,Headwater,FALSE,FALSE,7.703516746731601,0.9981353223228556,0.998135322322856
planktonic,jaccard,hja2016_010,hja2016_106,164,170,Intermediate,Headwater,FALSE,FALSE,10.418553755705364,0.9983673469387755,0.9983673469387758
planktonic,jaccard,hja2016_011,hja2016_106,WS1-6,170,Headwater,Headwater,TRUE,FALSE,11.193524868576722,0.9913702378446643,0.9913702378446646
planktonic,jaccard,hja2016_013,hja2016_106,WS1-4,170,Headwater,Headwater,TRUE,FALSE,11.36078363387008,0.9969900439916647,0.996990043991665
planktonic,jaccard,hja2016_027,hja2016_106,WS3-6,170,Headwater,Headwater,TRUE,FALSE,9.863549900208726,0.9952852428099953,0.9952852428099956
planktonic,jaccard,hja2016_042,hja2016_106,165,170,Headwater,Headwater,TRUE,FALSE,6.708775937278234,0.9992033988316517,0.999203398831652
planktonic,jaccard,hja2016_049,hja2016_106,67,170,Intermediate,Headwater,FALSE,FALSE,3.6960890612942867,0.997802801428179,0.9978028014281793
planktonic,jaccard,hja2016_059,hja2016_106,KC-2,170,Intermediate,Headwater,FALSE,FALSE,8.662345076514107,0.9944147644487615,0.9944147644487619
planktonic,jaccard,hja2016_064,hja2016_106,WS3-4,170,Headwater,Headwater,TRUE,FALSE,9.983277054620526,0.9967088607594936,0.9967088607594939
planktonic,jaccard,hja2016_099,hja2016_106,162,170,Mainstem,Headwater,FALSE,FALSE,11.40278296423879,0.8376954452753228,0.8376954452753232
planktonic,jaccard,hja2016_100,hja2016_106,64,170,Headwater,Headwater,TRUE,FALSE,1.4061469888146476,0.714830423439695,0.7148304234396955
planktonic,jaccard,hja2016_101,hja2016_106,58,170,Intermediate,Headwater,FALSE,FALSE,3.9917111128157248,0.8056600394053376,0.8056600394053379
planktonic,jaccard,hja2016_103,hja2016_106,260,170,Intermediate,Headwater,FALSE,FALSE,4.270119253638915,0.8790489317711923,0.8790489317711926
planktonic,jaccard,hja2016_105,hja2016_106,178,170,Headwater,Headwater,TRUE,FALSE,6.624573476245236,0.8596616206589494,0.8596616206589497
planktonic,jaccard,hja2016_001,hja2016_109,50,169,Mainstem,Headwater,FALSE,FALSE,7.108173544876014,0.9971518987341771,0.9971518987341774
planktonic,jaccard,hja2016_010,hja2016_109,164,169,Intermediate,Headwater,FALSE,FALSE,10.74939299613456,0.9967521922702176,0.9967521922702179
planktonic,jaccard,hja2016_011,hja2016_109,WS1-6,169,Headwater,Headwater,TRUE,FALSE,11.744320884794321,0.98989898989899,0.9898989898989903
planktonic,jaccard,hja2016_013,hja2016_109,WS1-4,169,Headwater,Headwater,TRUE,FALSE,11.850407796898269,0.9951638903815153,0.9951638903815156
planktonic,jaccard,hja2016_027,hja2016_109,WS3-6,169,Headwater,Headwater,TRUE,FALSE,10.038129693598952,0.9950711938663745,0.9950711938663749
planktonic,jaccard,hja2016_042,hja2016_109,165,169,Headwater,Headwater,TRUE,FALSE,4.523547346559587,0.9993700787401575,0.9993700787401578
planktonic,jaccard,hja2016_049,hja2016_109,67,169,Intermediate,Headwater,FALSE,FALSE,4.806134072783309,0.9980334316617503,0.9980334316617506
planktonic,jaccard,hja2016_059,hja2016_109,KC-2,169,Intermediate,Headwater,FALSE,FALSE,8.81229645299965,0.9917613636363637,0.991761363636364
planktonic,jaccard,hja2016_064,hja2016_109,WS3-4,169,Headwater,Headwater,TRUE,FALSE,10.067655601503871,0.9943317422434368,0.9943317422434371
planktonic,jaccard,hja2016_099,hja2016_109,162,169,Mainstem,Headwater,FALSE,FALSE,11.66950306461181,0.7224948875255625,0.7224948875255629
planktonic,jaccard,hja2016_100,hja2016_109,64,169,Headwater,Headwater,TRUE,FALSE,7.267906460213701,0.8282258064516129,0.8282258064516133
planktonic,jaccard,hja2016_101,hja2016_109,58,169,Intermediate,Headwater,FALSE,FALSE,4.351858935066699,0.7066836951894422,0.7066836951894426
planktonic,jaccard,hja2016_103,hja2016_109,260,169,Intermediate,Headwater,FALSE,FALSE,5.533804490785081,0.7614659685863875,0.7614659685863879
planktonic,jaccard,hja2016_105,hja2016_109,178,169,Headwater,Headwater,TRUE,FALSE,2.5632229082322047,0.733435047951177,0.7334350479511774
planktonic,jaccard,hja2016_106,hja2016_109,170,169,Headwater,Headwater,TRUE,FALSE,5.970458394348194,0.8576629049872588,0.8576629049872592
planktonic,jaccard,hja2016_001,hja2016_111,50,160,Mainstem,Mainstem,TRUE,FALSE,3.4222228946565907,0.9959850874677373,0.9959850874677376
planktonic,jaccard,hja2016_010,hja2016_111,164,160,Intermediate,Mainstem,FALSE,FALSE,6.355811347516875,0.9979496192149971,0.9979496192149975
planktonic,jaccard,hja2016_011,hja2016_111,WS1-6,160,Headwater,Mainstem,FALSE,FALSE,7.230256463531791,0.9879410451094238,0.9879410451094242
planktonic,jaccard,hja2016_013,hja2016_111,WS1-4,160,Headwater,Mainstem,FALSE,FALSE,7.381128424208814,0.9933250927070457,0.993325092707046
planktonic,jaccard,hja2016_027,hja2016_111,WS3-6,160,Headwater,Mainstem,FALSE,FALSE,5.7361617572746,0.9934607645875251,0.9934607645875254
planktonic,jaccard,hja2016_042,hja2016_111,165,160,Headwater,Mainstem,FALSE,FALSE,3.1205508935765485,0.9985730593607305,0.9985730593607308
planktonic,jaccard,hja2016_049,hja2016_111,67,160,Intermediate,Mainstem,FALSE,FALSE,0.8489530849005752,0.9985224586288415,0.9985224586288418
planktonic,jaccard,hja2016_059,hja2016_111,KC-2,160,Intermediate,Mainstem,FALSE,FALSE,4.48120120920237,0.9903746097814776,0.990374609781478
planktonic,jaccard,hja2016_064,hja2016_111,WS3-4,160,Headwater,Mainstem,FALSE,FALSE,5.836942922843995,0.9929290182213761,0.9929290182213765
planktonic,jaccard,hja2016_099,hja2016_111,162,160,Mainstem,Mainstem,TRUE,FALSE,7.351763463818655,0.6762575452716297,0.6762575452716302
planktonic,jaccard,hja2016_100,hja2016_111,64,160,Headwater,Mainstem,FALSE,FALSE,4.565408961946411,0.7097858042839144,0.7097858042839148
planktonic,jaccard,hja2016_101,hja2016_111,58,160,Intermediate,Mainstem,FALSE,FALSE,1.161305247835426,0.6868852459016394,0.6868852459016398
planktonic,jaccard,hja2016_103,hja2016_111,260,160,Intermediate,Mainstem,FALSE,FALSE,0.037106311912436664,0.7200819672131148,0.7200819672131152
planktonic,jaccard,hja2016_105,hja2016_111,178,160,Headwater,Mainstem,FALSE,FALSE,4.307008647888966,0.6625299368604398,0.6625299368604404
planktonic,jaccard,hja2016_106,hja2016_111,170,160,Headwater,Mainstem,FALSE,FALSE,4.283803345312856,0.7803617571059431,0.7803617571059436
planktonic,jaccard,hja2016_109,hja2016_111,169,160,Headwater,Mainstem,FALSE,FALSE,5.50446852514682,0.7430004178854994,0.7430004178854999
planktonic,jaccard,hja2016_001,hja2016_114,50,WS1-5,Mainstem,Headwater,FALSE,FALSE,4.713582771927649,0.9959634015069968,0.9959634015069971
planktonic,jaccard,hja2016_010,hja2016_114,164,WS1-5,Intermediate,Headwater,FALSE,FALSE,1.0695045428933514,0.9975288303130149,0.9975288303130152
planktonic,jaccard,hja2016_011,hja2016_114,WS1-6,WS1-5,Headwater,Headwater,TRUE,TRUE,0.11629189771108726,0.9839982931512695,0.9839982931512699
planktonic,jaccard,hja2016_013,hja2016_114,WS1-4,WS1-5,Headwater,Headwater,TRUE,TRUE,0.06907661353689407,0.9934487599438465,0.9934487599438468
planktonic,jaccard,hja2016_027,hja2016_114,WS3-6,WS1-5,Headwater,Headwater,TRUE,FALSE,1.7835033052697908,0.9906987836870975,0.9906987836870979
planktonic,jaccard,hja2016_042,hja2016_114,165,WS1-5,Headwater,Headwater,TRUE,FALSE,7.361964260357983,0.9981243301178991,0.9981243301178995
planktonic,jaccard,hja2016_049,hja2016_114,67,WS1-5,Intermediate,Headwater,FALSE,FALSE,8.154681741940477,0.9966731355697255,0.9966731355697258
planktonic,jaccard,hja2016_059,hja2016_114,KC-2,WS1-5,Intermediate,Headwater,FALSE,FALSE,3.0190196983698154,0.9866896721715553,0.9866896721715557
planktonic,jaccard,hja2016_064,hja2016_114,WS3-4,WS1-5,Headwater,Headwater,TRUE,FALSE,1.7761110224711991,0.9941176470588234,0.9941176470588238
planktonic,jaccard,hja2016_099,hja2016_114,162,WS1-5,Mainstem,Headwater,FALSE,FALSE,0.4825395666625003,0.6414604948124502,0.6414604948124507
planktonic,jaccard,hja2016_100,hja2016_114,64,WS1-5,Headwater,Headwater,TRUE,FALSE,11.021499695212045,0.7993972499529101,0.7993972499529105
planktonic,jaccard,hja2016_101,hja2016_114,58,WS1-5,Intermediate,Headwater,FALSE,FALSE,8.250861103078247,0.601643143037708,0.6016431430377086
planktonic,jaccard,hja2016_103,hja2016_114,260,WS1-5,Intermediate,Headwater,FALSE,FALSE,7.3259349924224635,0.6988145469158127,0.6988145469158131
planktonic,jaccard,hja2016_105,hja2016_114,178,WS1-5,Headwater,Headwater,TRUE,FALSE,9.506943240096797,0.6742250884127314,0.6742250884127319
planktonic,jaccard,hja2016_106,hja2016_114,170,WS1-5,Headwater,Headwater,TRUE,FALSE,11.301983475427322,0.8216439772531449,0.8216439772531453
planktonic,jaccard,hja2016_109,hja2016_114,169,WS1-5,Headwater,Headwater,TRUE,FALSE,11.817366966687977,0.7148148148148148,0.7148148148148152
planktonic,jaccard,hja2016_111,hja2016_114,160,WS1-5,Mainstem,Headwater,FALSE,FALSE,7.329531489638686,0.6791164658634539,0.6791164658634543
planktonic,jaccard,hja2016_001,hja2016_116,50,53,Mainstem,Intermediate,FALSE,FALSE,5.038599267909391,0.9966189856957087,0.9966189856957091
planktonic,jaccard,hja2016_010,hja2016_116,164,53,Intermediate,Intermediate,TRUE,FALSE,8.171935048165281,0.997079904433236,0.9970799044332364
planktonic,jaccard,hja2016_011,hja2016_116,WS1-6,53,Headwater,Intermediate,FALSE,FALSE,9.056167891444211,0.9877846790890269,0.9877846790890272
planktonic,jaccard,hja2016_013,hja2016_116,WS1-4,53,Headwater,Intermediate,FALSE,FALSE,9.205628538819392,0.9924931756141947,0.992493175614195
planktonic,jaccard,hja2016_027,hja2016_116,WS3-6,53,Headwater,Intermediate,FALSE,FALSE,7.539472934635286,0.9926045759186504,0.9926045759186507
planktonic,jaccard,hja2016_042,hja2016_116,165,53,Headwater,Intermediate,FALSE,FALSE,3.82637423445771,0.9984455958549223,0.9984455958549227
planktonic,jaccard,hja2016_049,hja2016_116,67,53,Intermediate,Intermediate,TRUE,FALSE,1.0058154114974305,0.9983957219251336,0.9983957219251339
planktonic,jaccard,hja2016_059,hja2016_116,KC-2,53,Intermediate,Intermediate,TRUE,FALSE,6.271787512550687,0.9897497020262216,0.9897497020262219
planktonic,jaccard,hja2016_064,hja2016_116,WS3-4,53,Headwater,Intermediate,FALSE,FALSE,7.633510208538495,0.9928057553956835,0.9928057553956838
planktonic,jaccard,hja2016_099,hja2016_116,162,53,Mainstem,Intermediate,FALSE,FALSE,9.16734083197627,0.5559025608994378,0.5559025608994385
planktonic,jaccard,hja2016_100,hja2016_116,64,53,Headwater,Intermediate,FALSE,FALSE,3.6474848698361915,0.7923091213078209,0.7923091213078214
planktonic,jaccard,hja2016_101,hja2016_116,58,53,Intermediate,Intermediate,TRUE,FALSE,1.127740956464573,0.6382850241545894,0.63828502415459
planktonic,jaccard,hja2016_103,hja2016_116,260,53,Intermediate,Intermediate,TRUE,FALSE,1.834906158704367,0.7001968503937008,0.7001968503937013
planktonic,jaccard,hja2016_105,hja2016_116,178,53,Headwater,Intermediate,FALSE,FALSE,4.0472338928719465,0.6125933831376734,0.612593383137674
planktonic,jaccard,hja2016_106,hja2016_116,170,53,Headwater,Intermediate,FALSE,FALSE,2.8849807345415197,0.8323554065381391,0.8323554065381396
planktonic,jaccard,hja2016_109,hja2016_116,169,53,Headwater,Intermediate,FALSE,FALSE,4.338681171298033,0.7171900161030595,0.71719001610306
planktonic,jaccard,hja2016_111,hja2016_116,160,53,Mainstem,Intermediate,FALSE,FALSE,1.828398675585262,0.6662025064650886,0.666202506465089
planktonic,jaccard,hja2016_114,hja2016_116,WS1-5,53,Headwater,Intermediate,FALSE,FALSE,9.154674840077474,0.6190760653126245,0.619076065312625
planktonic,jaccard,hja2016_001,hja2016_119,50,56,Mainstem,Intermediate,FALSE,FALSE,0.3863325210833547,0.9959915114359821,0.9959915114359824
planktonic,jaccard,hja2016_010,hja2016_119,164,56,Intermediate,Intermediate,TRUE,FALSE,3.272851031338182,0.995914443643355,0.9959144436433554
planktonic,jaccard,hja2016_011,hja2016_119,WS1-6,56,Headwater,Intermediate,FALSE,FALSE,4.269751481958969,0.9787603784514385,0.9787603784514388
planktonic,jaccard,hja2016_013,hja2016_119,WS1-4,56,Headwater,Intermediate,FALSE,FALSE,4.373861821384479,0.9901714763697197,0.99017147636972
planktonic,jaccard,hja2016_027,hja2016_119,WS3-6,56,Headwater,Intermediate,FALSE,FALSE,2.5619516491878223,0.988952623751859,0.9889526237518593
planktonic,jaccard,hja2016_042,hja2016_119,165,56,Headwater,Intermediate,FALSE,FALSE,3.048936684253621,0.9967074317968014,0.9967074317968018
planktonic,jaccard,hja2016_049,hja2016_119,67,56,Intermediate,Intermediate,TRUE,FALSE,4.282689452218689,0.9958827803342214,0.9958827803342217
planktonic,jaccard,hja2016_059,hja2016_119,KC-2,56,Intermediate,Intermediate,TRUE,FALSE,1.3649950281476189,0.9835634451019066,0.983563445101907
planktonic,jaccard,hja2016_064,hja2016_119,WS3-4,56,Headwater,Intermediate,FALSE,FALSE,2.5979572442126497,0.990036231884058,0.9900362318840583
planktonic,jaccard,hja2016_099,hja2016_119,162,56,Mainstem,Intermediate,FALSE,FALSE,4.204184676410621,0.7494033412887828,0.7494033412887833
planktonic,jaccard,hja2016_100,hja2016_119,64,56,Headwater,Intermediate,FALSE,FALSE,8.02613481280829,0.8578285335981463,0.8578285335981467
planktonic,jaccard,hja2016_101,hja2016_119,58,56,Intermediate,Intermediate,TRUE,FALSE,4.215009815321311,0.7595221606648199,0.7595221606648204
planktonic,jaccard,hja2016_103,hja2016_119,260,56,Intermediate,Intermediate,TRUE,FALSE,3.603369829645204,0.6154606563859233,0.6154606563859238
planktonic,jaccard,hja2016_105,hja2016_119,178,56,Headwater,Intermediate,FALSE,FALSE,5.2009278755922095,0.7433982881078128,0.7433982881078133
planktonic,jaccard,hja2016_106,hja2016_119,170,56,Headwater,Intermediate,FALSE,FALSE,7.872609200845631,0.8943101636390932,0.8943101636390937
planktonic,jaccard,hja2016_109,hja2016_119,169,56,Headwater,Intermediate,FALSE,FALSE,7.476558204006406,0.7935518346989668,0.7935518346989673
planktonic,jaccard,hja2016_111,hja2016_119,160,56,Mainstem,Intermediate,FALSE,FALSE,3.5910375890408486,0.762841720355215,0.7628417203552155
planktonic,jaccard,hja2016_114,hja2016_119,WS1-5,56,Headwater,Intermediate,FALSE,FALSE,4.341203101983378,0.7325038880248833,0.7325038880248838
planktonic,jaccard,hja2016_116,hja2016_119,53,56,Intermediate,Intermediate,TRUE,FALSE,5.268899402029398,0.7384615384615384,0.7384615384615388
