asv_id,habitat,detection_threshold,soil_enriched,mapped_soil_sources,aquatic_samples,aquatic_samples_detected,spearman_nearest_distance_abundance,diagnostic,Phylum,Genus
ASV_000001,planktonic,1,TRUE,13,20,13,-0.07727896812073493,,Pseudomonadota,Bradyrhizobium
ASV_000002,planktonic,1,FALSE,13,20,15,-0.17574443582022672,,Acidobacteriota,NA
ASV_000003,planktonic,1,FALSE,5,20,5,-0.39724173496308857,,Pseudomonadota,NA
ASV_000004,planktonic,1,FALSE,12,20,17,-0.30490783132016236,,Pseudomonadota,IS-44
ASV_000005,planktonic,1,TRUE,13,20,16,-0.04459624025856468,,Pseudomonadota,Bradyrhizobium
ASV_000006,planktonic,1,FALSE,9,20,12,0.0545081417883825,,Acidobacteriota,NA
ASV_000007,planktonic,1,FALSE,8,20,8,-0.2750914139151698,,Pseudomonadota,Rhizobacter
ASV_000009,planktonic,1,TRUE,11,20,10,0.12269160932097893,,Pseudomonadota,Pseudolabrys
ASV_000011,planktonic,1,FALSE,10,20,4,0.007534420784201131,,Pseudomonadota,NA
ASV_000013,planktonic,1,FALSE,5,20,5,-0.3549812858284541,,Pseudomonadota,NA
ASV_000014,planktonic,1,FALSE,8,20,15,-0.27715852938026125,,Pseudomonadota,Hyphomicrobium
ASV_000015,planktonic,1,FALSE,10,20,11,-0.29821707912347023,,Acidobacteriota,NA
ASV_000021,planktonic,1,FALSE,4,20,4,-0.3119000892957845,,Pseudomonadota,NA
ASV_000022,planktonic,1,FALSE,5,20,16,-0.030978839796504676,,Pseudomonadota,NA
ASV_000024,planktonic,1,FALSE,2,20,7,-0.39700696873918806,,Pseudomonadota,Kineobactrum
ASV_000026,planktonic,1,FALSE,7,20,8,-0.09782824129836278,,Acidobacteriota,JGI 0001001-H03
ASV_000027,planktonic,1,FALSE,8,20,15,0.05779843718180744,,Actinomycetota,Gaiella
ASV_000028,planktonic,1,FALSE,2,20,4,0.17544436968925492,,Pseudomonadota,NA
ASV_000029,planktonic,1,FALSE,8,20,13,0.21330170247902092,,Acidobacteriota,NA
ASV_000031,planktonic,1,FALSE,12,20,4,0.17853591318310422,,Pseudomonadota,Rhizobacter
ASV_000033,planktonic,1,FALSE,1,20,3,0.09433812118856436,,Pseudomonadota,NA
ASV_000034,planktonic,1,FALSE,11,20,4,0.020434833436620364,,Verrucomicrobiota,Candidatus Udaeobacter
ASV_000036,planktonic,1,FALSE,3,20,5,0.12648493053551077,,Pseudomonadota,NA
ASV_000037,planktonic,1,FALSE,5,20,3,-0.14029771869068547,,Nitrospirota,Nitrospira
ASV_000038,planktonic,1,TRUE,12,20,3,-0.4257310084407007,,Pseudomonadota,NA
ASV_000039,planktonic,1,TRUE,11,20,4,0.06580937337255008,,Acidobacteriota,NA
ASV_000040,planktonic,1,TRUE,8,20,8,0.030639241059511498,,Acidobacteriota,NA
ASV_000041,planktonic,1,FALSE,12,20,12,0.13565586594313792,,Pseudomonadota,NA
ASV_000042,planktonic,1,FALSE,10,20,7,0.05041820054048978,,Planctomycetota,NA
ASV_000043,planktonic,1,FALSE,7,20,3,-0.09917597355720868,,Verrucomicrobiota,NA
ASV_000048,planktonic,1,FALSE,7,20,15,-0.12813182506689616,,Verrucomicrobiota,NA
ASV_000049,planktonic,1,FALSE,6,20,5,-0.34388090489341994,,Verrucomicrobiota,NA
ASV_000050,planktonic,1,FALSE,3,20,4,-0.25489765918310664,,Pseudomonadota,Novosphingobium
ASV_000052,planktonic,1,FALSE,13,20,12,-0.2121544525366721,,Acidobacteriota,NA
ASV_000053,planktonic,1,FALSE,12,20,9,0.06351609150046245,,Acidobacteriota,NA
ASV_000057,planktonic,1,FALSE,1,20,11,-0.30992283741656557,,Pseudomonadota,Methylocystis
ASV_000060,planktonic,1,FALSE,13,20,12,-0.38171093926390404,,Pseudomonadota,NA
ASV_000063,planktonic,1,FALSE,12,20,9,-0.2702267093427968,,Pseudomonadota,Piscinibacter
ASV_000065,planktonic,1,FALSE,9,20,5,-0.3102833452199249,,Pseudomonadota,MND1
ASV_000066,planktonic,1,FALSE,8,20,9,-0.14119192256787733,,Thermodesulfobacteriota,NA
ASV_000068,planktonic,1,FALSE,7,20,6,-0.28168075862511704,,Pseudomonadota,NA
ASV_000070,planktonic,1,FALSE,2,20,3,-0.4136363775190899,,Pseudomonadota,Kineobactrum
ASV_000073,planktonic,1,FALSE,10,20,3,-0.44750134409960013,,Acidobacteriota,NA
ASV_000075,planktonic,1,FALSE,5,20,4,-0.3355614753802923,,Pseudomonadota,Hyphomicrobium
ASV_000076,planktonic,1,FALSE,8,20,13,-0.13987218707772578,,Pseudomonadota,NA
ASV_000077,planktonic,1,FALSE,5,20,10,-0.3397485687479714,,Pseudomonadota,NA
ASV_000079,planktonic,1,FALSE,7,20,13,-0.0431053718076736,,Pseudomonadota,NA
ASV_000083,planktonic,1,FALSE,5,20,3,-0.49104201541739906,,Methylomirabilota,NA
ASV_000087,planktonic,1,FALSE,6,20,3,-0.06047315460805408,,Verrucomicrobiota,Chthoniobacter
ASV_000090,planktonic,1,TRUE,13,20,5,0.010012523486435177,,Acidobacteriota,NA
ASV_000091,planktonic,1,FALSE,2,20,3,-0.004837852368644325,,Pseudomonadota,NA
ASV_000092,planktonic,1,FALSE,3,20,10,-0.1623138515616581,,NB1-j,NA
ASV_000093,planktonic,1,FALSE,2,20,5,-0.2303917537549577,,Bacteroidota,OLB12
ASV_000094,planktonic,1,FALSE,1,20,8,0.12620472810809555,,Bacteroidota,Maribellus
ASV_000096,planktonic,1,FALSE,1,20,3,-0.27575758501272657,,Nitrospirota,Nitrospira
ASV_000099,planktonic,1,FALSE,4,20,4,-0.21725454495775334,,Pseudomonadota,NA
ASV_000100,planktonic,1,FALSE,5,20,6,0.04180975433978818,,Acidobacteriota,NA
ASV_000102,planktonic,1,FALSE,4,20,8,-0.528107590911221,,Actinomycetota,Galbitalea
ASV_000110,planktonic,1,FALSE,9,20,12,0.21101285679139467,,Chloroflexota,NA
ASV_000121,planktonic,1,FALSE,3,20,3,-0.26366295409111573,,Bacteroidota,Ferruginibacter
ASV_000123,planktonic,1,FALSE,7,20,7,-0.22938180416041976,,Acidobacteriota,NA
ASV_000127,planktonic,1,FALSE,5,20,11,0.1840503200913015,,Verrucomicrobiota,NA
ASV_000128,planktonic,1,FALSE,9,20,7,-0.15094079505600583,,Methylomirabilota,NA
ASV_000131,planktonic,1,TRUE,12,20,5,0.24917906414699287,,Pseudomonadota,NA
ASV_000132,planktonic,1,TRUE,9,20,7,0.09797911258021431,,Pseudomonadota,Pseudolabrys
ASV_000138,planktonic,1,FALSE,3,20,6,-0.27315706168661613,,Acidobacteriota,Bryobacter
ASV_000142,planktonic,1,FALSE,7,20,5,-0.09003989125684161,,Planctomycetota,NA
ASV_000146,planktonic,1,FALSE,8,20,5,0.13672215060252732,,Acidobacteriota,NA
ASV_000149,planktonic,1,FALSE,2,20,7,-0.4722416687424744,,Pseudomonadota,Rhizobacter
ASV_000151,planktonic,1,FALSE,10,20,3,0.3644030409860502,,Acidobacteriota,NA
ASV_000152,planktonic,1,FALSE,5,20,12,0.024978512841081765,,Pseudomonadota,NA
ASV_000153,planktonic,1,FALSE,6,20,4,0.23033800683129174,,Pseudomonadota,Ellin6067
ASV_000155,planktonic,1,TRUE,8,20,7,0.08478263217265142,,Verrucomicrobiota,Candidatus Udaeobacter
ASV_000156,planktonic,1,FALSE,8,20,3,0.1499734234279741,,Acidobacteriota,NA
ASV_000161,planktonic,1,FALSE,10,20,7,0.32285338942594327,,Pseudomonadota,Ellin6067
ASV_000167,planktonic,1,FALSE,3,20,10,0.030553989058546113,,Pseudomonadota,NA
ASV_000168,planktonic,1,FALSE,8,20,5,-0.09789177520060434,,Acidobacteriota,NA
ASV_000170,planktonic,1,FALSE,7,20,4,-0.11301631176301696,,Acidobacteriota,NA
ASV_000171,planktonic,1,FALSE,5,20,4,-0.35411777685745316,,Pseudomonadota,NA
ASV_000174,planktonic,1,FALSE,9,20,3,0.2239686464532202,,Pseudomonadota,Hyphomicrobium
ASV_000175,planktonic,1,FALSE,8,20,3,-0.18886004782001273,,Pseudomonadota,NA
ASV_000177,planktonic,1,FALSE,1,20,3,0.38219033712290174,,Pseudomonadota,NA
ASV_000181,planktonic,1,FALSE,1,20,7,-0.08150406175077922,,Bacteroidota,Dinghuibacter
ASV_000183,planktonic,1,FALSE,11,20,3,0.3773524847542574,,Pseudomonadota,Rhodoplanes
ASV_000185,planktonic,1,FALSE,8,20,10,-0.02973715478661311,,Planctomycetota,NA
ASV_000186,planktonic,1,FALSE,2,20,3,-0.28059543738137094,,Verrucomicrobiota,NA
ASV_000189,planktonic,1,FALSE,11,20,3,-0.16101529717988264,,Pseudomonadota,Rhodoplanes
ASV_000193,planktonic,1,FALSE,7,20,5,-0.3241176344972464,,Verrucomicrobiota,Oleiharenicola
ASV_000194,planktonic,1,FALSE,1,20,5,0.39526540792347126,,Pseudomonadota,Arenimonas
ASV_000195,planktonic,1,FALSE,5,20,10,0.0823682231805429,,Pseudomonadota,NA
ASV_000199,planktonic,1,FALSE,9,20,3,-0.49104201541739906,,Acidobacteriota,Stenotrophobacter
ASV_000200,planktonic,1,FALSE,3,20,12,-0.4616962067902607,,Pseudomonadota,Hyphomicrobium
ASV_000206,planktonic,1,FALSE,2,20,4,-0.1118538251267641,,Pseudomonadota,Rhodoferax
ASV_000208,planktonic,1,FALSE,7,20,8,0.010208164309394377,,Pseudomonadota,Piscinibacter
ASV_000210,planktonic,1,TRUE,13,20,3,0.11852738303178599,,Actinomycetota,Mycobacterium
ASV_000220,planktonic,1,FALSE,2,20,3,-0.3628389276483244,,Pseudomonadota,NA
ASV_000221,planktonic,1,FALSE,6,20,4,0.2591997293802899,,Pseudomonadota,Pseudolabrys
ASV_000223,planktonic,1,FALSE,2,20,7,0.09371141784468642,,Bacteroidota,Chryseotalea
ASV_000228,planktonic,1,FALSE,3,20,7,-0.2529755325364926,,Pseudomonadota,NA
ASV_000237,planktonic,1,FALSE,3,20,6,-0.15196855367337048,,NB1-j,NA
ASV_000240,planktonic,1,FALSE,6,20,9,-0.40959699124970644,,Thermodesulfobacteriota,NA
ASV_000244,planktonic,1,FALSE,11,20,6,-0.21239972276145433,,Actinomycetota,Acidiferrimicrobium
ASV_000247,planktonic,1,FALSE,1,20,11,-0.23421649545221368,,Thermodesulfobacteriota,Desulfobacca
ASV_000248,planktonic,1,FALSE,2,20,4,-0.46892565149297255,,Actinomycetota,Nocardioides
ASV_000249,planktonic,1,FALSE,6,20,6,-0.4111220629295242,,Verrucomicrobiota,Chthoniobacter
ASV_000250,planktonic,1,FALSE,5,20,3,-0.23221691369492764,,Pseudomonadota,NA
ASV_000251,planktonic,1,FALSE,6,20,6,-0.19466570535691502,,Pseudomonadota,Rhodoferax
ASV_000258,planktonic,1,FALSE,2,20,3,0.07142783859859454,,Pseudomonadota,NA
ASV_000259,planktonic,1,FALSE,11,20,8,0.1191526041203225,,Pseudomonadota,Devosia
ASV_000260,planktonic,1,FALSE,1,20,4,-0.3301838876338133,,Bacillota,Anoxybacillus
ASV_000263,planktonic,1,FALSE,1,20,8,-0.5298056860588455,,Verrucomicrobiota,Oleiharenicola
ASV_000265,planktonic,1,FALSE,10,20,3,-0.10643275211017518,,Acidobacteriota,NA
ASV_000267,planktonic,1,FALSE,5,20,4,-0.32157974723944677,,Pseudomonadota,NA
ASV_000268,planktonic,1,TRUE,9,20,5,0.01483208715160672,,Pseudomonadota,Reyranella
ASV_000278,planktonic,1,TRUE,8,20,8,0.04712885522013984,,Chloroflexota,NA
ASV_000280,planktonic,1,FALSE,9,20,10,0.03381383859576967,,Pseudomonadota,NA
ASV_000281,planktonic,1,FALSE,2,20,5,-0.3051479883012928,,Pseudomonadota,MND1
ASV_000285,planktonic,1,FALSE,4,20,8,0.34097747626682956,,Planctomycetota,NA
ASV_000287,planktonic,1,FALSE,6,20,9,-0.34186323347184655,,Pseudomonadota,Acidibacter
ASV_000307,planktonic,1,FALSE,8,20,10,-0.020127284878434324,,Verrucomicrobiota,NA
ASV_000311,planktonic,1,FALSE,10,20,3,-0.25786660375424814,,Planctomycetota,NA
ASV_000315,planktonic,1,FALSE,9,20,4,0.22547801696496664,,Acidobacteriota,NA
ASV_000318,planktonic,1,FALSE,5,20,15,0.04024493714288725,,Pseudomonadota,Hyphomicrobium
ASV_000320,planktonic,1,FALSE,1,20,3,0.29027114211865956,,Pseudomonadota,NA
ASV_000322,planktonic,1,FALSE,1,20,11,-0.28508022227039603,,Pseudomonadota,Rhodoferax
ASV_000323,planktonic,1,FALSE,3,20,5,0.08718513951465509,,Actinomycetota,Gaiella
ASV_000327,planktonic,1,FALSE,7,20,8,-0.18930709216214334,,Verrucomicrobiota,Chthoniobacter
ASV_000329,planktonic,1,FALSE,9,20,7,0.09901583772268754,,Pseudomonadota,NA
ASV_000331,planktonic,1,TRUE,11,20,6,0.2569458957333483,,Actinomycetota,Acidiferrimicrobium
ASV_000333,planktonic,1,TRUE,6,20,3,0.2651304517473255,,Pseudomonadota,Actimicrobium
ASV_000336,planktonic,1,TRUE,13,20,3,0.20338774380616756,,Pseudomonadota,NA
ASV_000342,planktonic,1,FALSE,3,20,4,-0.4312825372676192,,Pseudomonadota,NA
ASV_000347,planktonic,1,FALSE,6,20,12,0.06704830155810265,,Pseudomonadota,NA
ASV_000348,planktonic,1,FALSE,1,20,4,-0.1205507325472181,,Acidobacteriota,NA
ASV_000352,planktonic,1,FALSE,5,20,4,-0.27103042242254377,,Fibrobacterota,NA
ASV_000353,planktonic,1,FALSE,7,20,5,-0.23252059830063493,,Acidobacteriota,NA
ASV_000354,planktonic,1,FALSE,11,20,3,-0.03386496658051028,,Pseudomonadota,Aminobacter
ASV_000355,planktonic,1,FALSE,8,20,5,0.13744400760488892,,Pseudomonadota,Afipia
ASV_000366,planktonic,1,FALSE,6,20,3,-0.4039606727818012,,Actinomycetota,Luedemannella
ASV_000368,planktonic,1,FALSE,4,20,6,-0.10628475532984191,,Pseudomonadota,NA
ASV_000370,planktonic,1,FALSE,1,20,3,-0.3459064443580693,,Planctomycetota,NA
ASV_000371,planktonic,1,TRUE,12,20,4,0.10838874619051501,,Pseudomonadota,Rhodoplanes
ASV_000373,planktonic,1,TRUE,13,20,3,-0.27239429974040297,,Pseudomonadota,Rhizobium
ASV_000377,planktonic,1,FALSE,1,20,3,-0.46685275357417744,,Acidobacteriota,Stenotrophobacter
ASV_000379,planktonic,1,FALSE,1,20,9,-0.02491622162962541,,Pseudomonadota,Fuscovulum
ASV_000389,planktonic,1,FALSE,2,20,11,0.20604672843158556,,Pseudomonadota,NA
ASV_000394,planktonic,1,FALSE,3,20,12,0.1329413546141732,,Pseudomonadota,NA
ASV_000396,planktonic,1,FALSE,7,20,3,-0.024189261843221628,,Acidobacteriota,NA
ASV_000401,planktonic,1,FALSE,2,20,9,0.01818865216746895,,Acidobacteriota,NA
ASV_000411,planktonic,1,FALSE,11,20,4,-0.2850121505633893,,Pseudomonadota,Pseudomonas
ASV_000417,planktonic,1,FALSE,3,20,3,-0.08837681724910851,,Chloroflexota,NA
ASV_000419,planktonic,1,FALSE,11,20,10,0.09017023625538577,,Pseudomonadota,Bradyrhizobium
ASV_000420,planktonic,1,FALSE,3,20,3,0.2893432783909169,,Planctomycetota,NA
ASV_000423,planktonic,1,FALSE,1,20,4,-0.5409853272957917,,Pseudomonadota,Kineobactrum
ASV_000431,planktonic,1,FALSE,9,20,4,0.1766568672639374,,Pseudomonadota,NA
ASV_000432,planktonic,1,FALSE,2,20,4,0.081802282799898,,Thermodesulfobacteriota,Pelotalea
ASV_000435,planktonic,1,FALSE,2,20,10,0.12859310177994857,,Pseudomonadota,MND1
ASV_000442,planktonic,1,TRUE,9,20,3,-0.2699730170760438,,Myxococcota,NA
ASV_000447,planktonic,1,FALSE,4,20,6,-0.20219711599125345,,Pseudomonadota,NA
ASV_000449,planktonic,1,FALSE,3,20,4,-0.06453105295774852,,Pseudomonadota,Piscinibacter
ASV_000453,planktonic,1,FALSE,1,20,10,-0.3272493038639018,,Thermoplasmatota,Marine Benthic Group D and DHVEG-1
ASV_000455,planktonic,1,FALSE,2,20,5,-0.33806315554197014,,Acidobacteriota,NA
ASV_000461,planktonic,1,FALSE,3,20,4,-0.15702556219718805,,Pseudomonadota,Paucibacter
ASV_000462,planktonic,1,FALSE,7,20,3,0.19109516856145087,,Verrucomicrobiota,NA
ASV_000464,planktonic,1,FALSE,6,20,4,-0.12691107081690542,,Pseudomonadota,Reyranella
ASV_000470,planktonic,1,FALSE,9,20,9,0.3639407416710448,,Pseudomonadota,NA
ASV_000473,planktonic,1,FALSE,2,20,6,-0.2422186420419996,,Bacteroidota,Ferruginibacter
ASV_000476,planktonic,1,FALSE,2,20,4,-0.5291546342535378,,Pseudomonadota,Georgfuchsia
ASV_000487,planktonic,1,FALSE,6,20,12,0.18724232972656077,,Actinomycetota,NA
ASV_000489,planktonic,1,FALSE,9,20,6,-0.013944592011144409,,Chloroflexota,NA
ASV_000490,planktonic,1,FALSE,8,20,5,-0.3102833452199249,,Pseudomonadota,NA
ASV_000493,planktonic,1,FALSE,8,20,4,0.010763458263144473,,Pseudomonadota,NA
ASV_000494,planktonic,1,FALSE,10,20,3,-0.35074429672671364,,Actinomycetota,Galbitalea
ASV_000497,planktonic,1,FALSE,2,20,7,-0.24223517442871775,,Pseudomonadota,NA
ASV_000499,planktonic,1,FALSE,3,20,7,-0.010642079022063815,,Pseudomonadota,Nordella
ASV_000506,planktonic,1,FALSE,1,20,11,-0.2587703755357096,,Acidobacteriota,NA
ASV_000509,planktonic,1,FALSE,3,20,5,-0.23632458861560038,,Verrucomicrobiota,NA
ASV_000510,planktonic,1,FALSE,7,20,3,0.11368953066314166,,Pseudomonadota,NA
ASV_000513,planktonic,1,FALSE,2,20,7,-0.20743325636351678,,Pseudomonadota,NA
ASV_000514,planktonic,1,FALSE,1,20,3,0.19351409474577302,,Pseudomonadota,Hyphomicrobium
ASV_000517,planktonic,1,FALSE,5,20,3,-0.20077087329873952,,Pseudomonadota,Hyphomicrobium
ASV_000529,planktonic,1,FALSE,10,20,3,-0.05321637605508759,,Actinomycetota,NA
ASV_000534,planktonic,1,FALSE,9,20,11,0.15027112807353732,,Actinomycetota,Mycobacterium
ASV_000536,planktonic,1,FALSE,4,20,4,0.0021526916526288945,,Pseudomonadota,Leptothrix
ASV_000544,planktonic,1,FALSE,3,20,11,0.26165107872270676,,Pseudomonadota,Pseudolabrys
ASV_000546,planktonic,1,FALSE,5,20,12,-0.1245398308201785,,Verrucomicrobiota,NA
ASV_000547,planktonic,1,FALSE,5,20,9,0.30864642077039395,,Verrucomicrobiota,NA
ASV_000567,planktonic,1,FALSE,5,20,8,0.13682790920698304,,MBNT15,NA
ASV_000569,planktonic,1,FALSE,7,20,5,0.04873752415118982,,Pseudomonadota,Hyphomicrobium
ASV_000570,planktonic,1,FALSE,3,20,5,-0.17306794290422506,,Acidobacteriota,NA
ASV_000576,planktonic,1,FALSE,5,20,4,-0.6420839769295977,,Pseudomonadota,Hyphomicrobium
ASV_000583,planktonic,1,FALSE,7,20,5,0.05548145241841687,,Actinomycetota,NA
ASV_000584,planktonic,1,FALSE,8,20,10,0.06460252798473953,,Actinomycetota,Acidiferrimicrobium
ASV_000589,planktonic,1,FALSE,1,20,4,0.3164456729364475,,Acidobacteriota,NA
ASV_000593,planktonic,1,FALSE,3,20,6,0.07517130270268954,,Acidobacteriota,NA
ASV_000595,planktonic,1,FALSE,1,20,11,-0.19707044761911818,,Chloroflexota,NA
ASV_000598,planktonic,1,FALSE,3,20,3,0.15980465584770306,,Planctomycetota,NA
ASV_000599,planktonic,1,FALSE,8,20,7,0.09974450199607403,,Planctomycetota,NA
ASV_000604,planktonic,1,FALSE,3,20,3,-0.29027114211865956,,Actinomycetota,Conexibacter
ASV_000605,planktonic,1,FALSE,3,20,3,-0.3289739610678142,,Acidobacteriota,NA
ASV_000614,planktonic,1,FALSE,6,20,6,0.017632774708038285,,Verrucomicrobiota,NA
ASV_000615,planktonic,1,FALSE,10,20,12,-0.12320150127109662,,Pseudomonadota,Piscinibacter
ASV_000625,planktonic,1,FALSE,4,20,3,-0.45475812265256665,,Bacteroidota,Chryseotalea
ASV_000631,planktonic,1,FALSE,1,20,4,0.24844455388733178,,Myxococcota,NA
ASV_000633,planktonic,1,FALSE,2,20,4,-0.317522018762762,,Planctomycetota,NA
ASV_000642,planktonic,1,FALSE,8,20,4,0.015103790610093457,,Acidobacteriota,NA
ASV_000650,planktonic,1,FALSE,1,20,3,-0.12094630921610816,,Pseudomonadota,BIyi10
ASV_000653,planktonic,1,FALSE,7,20,8,0.01954684417242615,,Pseudomonadota,Acidibacter
ASV_000656,planktonic,1,FALSE,1,20,6,0.17798007346917943,,Pseudomonadota,Yersinia
ASV_000671,planktonic,1,FALSE,6,20,5,0.05339551374578418,,Bacteroidota,NA
ASV_000676,planktonic,1,FALSE,2,20,7,-0.15888504742737455,,Pseudomonadota,Cellvibrio
ASV_000677,planktonic,1,FALSE,2,20,4,-0.16885625523944195,,Bacteroidota,NA
ASV_000680,planktonic,1,FALSE,1,20,11,0.479473499107562,,RCP2-54,NA
ASV_000683,planktonic,1,FALSE,4,20,7,0.11767996824305446,,Pseudomonadota,NA
ASV_000685,planktonic,1,FALSE,7,20,7,-0.19272725556737397,,Planctomycetota,NA
ASV_000693,planktonic,1,FALSE,3,20,3,-0.4257310084407007,,Bacteroidota,Chryseotalea
ASV_000694,planktonic,1,FALSE,2,20,3,-0.16690590671822925,,Pseudomonadota,NA
ASV_000701,planktonic,1,FALSE,4,20,5,-0.3606294407197097,,Bacteroidota,NA
ASV_000702,planktonic,1,FALSE,2,20,3,-0.14755449724365194,,Actinomycetota,Gaiella
ASV_000706,planktonic,1,FALSE,2,20,11,0.19802245201055826,,Nitrospirota,NA
ASV_000707,planktonic,1,FALSE,11,20,4,0.21311647361026057,,Pseudomonadota,NA
ASV_000708,planktonic,1,TRUE,8,20,10,-0.07955315957634411,,Actinomycetota,Nocardioides
ASV_000710,planktonic,1,FALSE,3,20,3,-0.5394205391038424,,Actinomycetota,NA
ASV_000715,planktonic,1,FALSE,4,20,3,0.03642590462960279,,Myxococcota,NA
ASV_000718,planktonic,1,FALSE,2,20,7,0.11821985291344711,,Bacteroidota,Flavobacterium
ASV_000720,planktonic,1,FALSE,5,20,9,-0.3340781436063284,,Acidobacteriota,NA
ASV_000733,planktonic,1,FALSE,1,20,3,-0.31960931169540613,,NB1-j,NA
ASV_000741,planktonic,1,TRUE,10,20,7,0.10453781833252118,,Pseudomonadota,Xylophilus
ASV_000742,planktonic,1,FALSE,2,20,6,-0.21232419088879,,NB1-j,NA
ASV_000744,planktonic,1,TRUE,8,20,3,0.19835194711441737,,Pseudomonadota,NA
ASV_000755,planktonic,1,FALSE,2,20,3,-0.06772993316102056,,Acidobacteriota,NA
ASV_000762,planktonic,1,FALSE,2,20,4,-0.1431539948998215,,Pseudomonadota,NA
ASV_000764,planktonic,1,FALSE,3,20,3,-0.22517928778539975,,Acidobacteriota,NA
ASV_000776,planktonic,1,TRUE,10,20,7,0.23680770559172876,,Verrucomicrobiota,ADurb.Bin063-1
ASV_000778,planktonic,1,FALSE,2,20,6,0.06214315032758707,,Bacteroidota,Chryseotalea
ASV_000781,planktonic,1,FALSE,3,20,4,-0.31727767704226356,,Verrucomicrobiota,Oleiharenicola
ASV_000785,planktonic,1,FALSE,5,20,6,-0.14122405910328453,,Myxococcota,NA
ASV_000790,planktonic,1,FALSE,7,20,4,-0.027963456281691026,,Pseudomonadota,Rhodoferax
ASV_000810,planktonic,1,FALSE,6,20,4,0.08738621710125502,,Pseudomonadota,Ellin6067
ASV_000828,planktonic,1,FALSE,6,20,3,0.08595553458474937,,Bacteroidota,Panacibacter
ASV_000831,planktonic,1,FALSE,3,20,3,-0.5103934248919764,,Myxococcota,NA
ASV_000841,planktonic,1,TRUE,6,20,8,-0.16537943740885433,,Pseudomonadota,Pseudolabrys
ASV_000857,planktonic,1,FALSE,1,20,8,-0.4001260819277272,,Thermodesulfobacteriota,NA
ASV_000860,planktonic,1,FALSE,5,20,7,-0.03684539322008281,,Myxococcota,P3OB-42
ASV_000872,planktonic,1,FALSE,7,20,3,0.445082417915278,,Actinomycetota,NA
ASV_000873,planktonic,1,FALSE,2,20,6,-0.1857145510209767,,Pseudomonadota,NA
ASV_000878,planktonic,1,FALSE,1,20,3,-0.07014885934534273,,Bacteroidota,Ferruginibacter
ASV_000897,planktonic,1,FALSE,1,20,6,-0.5209625067170773,,Pseudomonadota,Rhodoferax
ASV_000900,planktonic,1,FALSE,2,20,6,-0.08454861433157167,,Pseudomonadota,MND1
ASV_000902,planktonic,1,FALSE,7,20,4,0.19789522907042878,,Chloroflexota,NA
ASV_000909,planktonic,1,FALSE,3,20,3,0.4370415209168243,,Pseudomonadota,Pseudorhodoferax
ASV_000914,planktonic,1,FALSE,4,20,6,0.1864644830348104,,Latescibacterota,NA
ASV_000931,planktonic,1,FALSE,8,20,4,-0.05933632025393859,,Pseudomonadota,Phenylobacterium
ASV_000952,planktonic,1,FALSE,1,20,3,-0.029055391972309646,,Pseudomonadota,Blastomonas
ASV_000966,planktonic,1,FALSE,2,20,10,0.24845217418659865,,Pseudomonadota,Pseudolabrys
ASV_000971,planktonic,1,TRUE,6,20,8,0.0908301573333604,,Pseudomonadota,Rhodoplanes
ASV_000981,planktonic,1,FALSE,3,20,3,0.17416268527119572,,Actinomycetota,Aquihabitans
ASV_000997,planktonic,1,FALSE,4,20,8,-0.019593956422428588,,Acidobacteriota,NA
ASV_001025,planktonic,1,TRUE,7,20,4,0.007551895305046729,,Pseudomonadota,Reyranella
ASV_001030,planktonic,1,FALSE,4,20,10,0.1653290322161055,,Actinomycetota,NA
ASV_001037,planktonic,1,FALSE,7,20,3,-0.07256778552966489,,Verrucomicrobiota,Opitutus
ASV_001057,planktonic,1,FALSE,9,20,4,-0.26215865130376503,,Myxococcota,NA
ASV_001058,planktonic,1,FALSE,2,20,3,-0.2467304708008606,,Pseudomonadota,NA
ASV_001060,planktonic,1,FALSE,1,20,4,0.044096219521128154,,Pseudomonadota,NA
ASV_001069,planktonic,1,FALSE,2,20,4,-0.21742185691551835,,Pseudomonadota,SWB02
ASV_001071,planktonic,1,FALSE,5,20,7,-0.34850475461321,,Pseudomonadota,Arsenicitalea
ASV_001076,planktonic,1,FALSE,5,20,3,-0.4830458915396479,,Pseudomonadota,Bauldia
ASV_001077,planktonic,1,FALSE,1,20,11,-0.3823191198463087,,Verrucomicrobiota,ADurb.Bin063-1
ASV_001085,planktonic,1,TRUE,9,20,4,0.21677749238103003,,Verrucomicrobiota,Chthoniobacter
ASV_001103,planktonic,1,FALSE,3,20,3,-0.326555034883492,,Planctomycetota,NA
ASV_001107,planktonic,1,FALSE,1,20,4,0.054851395014086236,,Myxococcota,NA
ASV_001130,planktonic,1,FALSE,5,20,4,-0.317522018762762,,Pseudomonadota,Reyranella
ASV_001146,planktonic,1,FALSE,3,20,4,-0.2175895560202156,,Actinomycetota,Acidiferrimicrobium
ASV_001153,planktonic,1,FALSE,5,20,5,0.24269297740592483,,Acidobacteriota,NA
ASV_001167,planktonic,1,FALSE,1,20,3,-0.2588251017224714,,Pseudomonadota,NA
ASV_001170,planktonic,1,FALSE,2,20,4,-0.5306384923730225,,Methylomirabilota,NA
ASV_001176,planktonic,1,TRUE,8,20,4,0.3161007606255274,,Pseudomonadota,Ramlibacter
ASV_001190,planktonic,1,FALSE,2,20,3,-0.0846624164512757,,Acidobacteriota,NA
ASV_001195,planktonic,1,FALSE,6,20,3,-0.08595553458474937,,Pseudomonadota,NA
ASV_001209,planktonic,1,FALSE,7,20,3,0.2990284090483535,,Planctomycetota,NA
ASV_001238,planktonic,1,FALSE,1,20,3,-0.11258964389269988,,Pseudomonadota,GOUTA6
ASV_001246,planktonic,1,FALSE,6,20,5,-0.17612198509580007,,Pseudomonadota,NA
ASV_001259,planktonic,1,FALSE,8,20,6,0.2993439085058999,,Pseudomonadota,NA
ASV_001264,planktonic,1,FALSE,1,20,3,-0.11852738303178599,,Pseudomonadota,NA
ASV_001265,planktonic,1,FALSE,8,20,3,0.16690590671822925,,Pseudomonadota,NA
ASV_001289,planktonic,1,FALSE,7,20,3,0.1271173398788547,,Pseudomonadota,NA
ASV_001304,planktonic,1,FALSE,8,20,3,-0.037529881297566625,,Planctomycetota,NA
ASV_001305,planktonic,1,FALSE,1,20,3,-0.11622156788923858,,Pseudomonadota,GOUTA6
ASV_001312,planktonic,1,FALSE,2,20,7,-0.44994123123774643,,Pseudomonadota,Undibacterium
ASV_001320,planktonic,1,FALSE,1,20,5,-0.35620176760948324,,Pseudomonadota,NA
ASV_001328,planktonic,1,FALSE,6,20,3,-0.0423724466262849,,Thermodesulfobacteriota,NA
ASV_001329,planktonic,1,FALSE,6,20,10,0.04215649651267086,,Actinomycetota,NA
ASV_001331,planktonic,1,FALSE,1,20,4,-0.37133931007848436,,Acidobacteriota,NA
ASV_001337,planktonic,1,FALSE,1,20,6,0.08361950867957636,,Acidobacteriota,NA
ASV_001359,planktonic,1,FALSE,6,20,3,-0.4257310084407007,,Pseudomonadota,Steroidobacter
ASV_001362,planktonic,1,FALSE,1,20,4,-0.30867353664789704,,Planctomycetota,NA
ASV_001391,planktonic,1,FALSE,7,20,4,0.03775947652523365,,Pseudomonadota,Arsenicitalea
ASV_001395,planktonic,1,FALSE,1,20,4,0.2934450747103872,,Pseudomonadota,Bauldia
ASV_001410,planktonic,1,FALSE,8,20,9,-0.11620357297023866,,Pseudomonadota,Sphingomonas
ASV_001419,planktonic,1,FALSE,2,20,4,0.17477243420251004,,Actinomycetota,NA
ASV_001431,planktonic,1,FALSE,2,20,3,-0.5079744987076542,,Pseudomonadota,NA
ASV_001443,planktonic,1,FALSE,1,20,9,0.3149633194767403,,Pseudomonadota,Pseudolabrys
ASV_001458,planktonic,1,FALSE,1,20,3,0.49104201541739906,,Bacteroidota,NA
ASV_001471,planktonic,1,FALSE,4,20,5,-0.2240535869574348,,Acidobacteriota,NA
ASV_001475,planktonic,1,FALSE,1,20,5,0.27461435215579394,,Planctomycetota,NA
ASV_001477,planktonic,1,FALSE,1,20,3,0.222541208957639,,Pseudomonadota,NA
ASV_001482,planktonic,1,FALSE,6,20,3,0.15980465584770306,,Acidobacteriota,Candidatus Koribacter
ASV_001483,planktonic,1,FALSE,2,20,7,0.052989145107907136,,Bacteroidota,Terrimonas
ASV_001494,planktonic,1,FALSE,1,20,9,0.4792577813216712,,Pseudomonadota,Pseudolabrys
ASV_001497,planktonic,1,FALSE,3,20,4,-0.25636789273668964,,Verrucomicrobiota,NA
ASV_001521,planktonic,1,FALSE,1,20,3,-0.23486441844283634,,Planctomycetota,Pirellula
ASV_001522,planktonic,1,FALSE,3,20,5,0.06031715441653399,,Gemmatimonadota,NA
ASV_001537,planktonic,1,FALSE,2,20,3,-0.4039606727818012,,Actinomycetota,NA
ASV_001545,planktonic,1,TRUE,8,20,4,0.09041304941041359,,Pseudomonadota,Pseudolabrys
ASV_001592,planktonic,1,FALSE,2,20,5,0.08212429642107531,,Myxococcota,Anaeromyxobacter
ASV_001594,planktonic,1,FALSE,2,20,4,0.32904686686275036,,Pseudomonadota,NA
ASV_001596,planktonic,1,FALSE,4,20,5,-0.006962503450169974,,Pseudomonadota,Kineobactrum
ASV_001641,planktonic,1,FALSE,1,20,9,-0.211265999243906,,Bacteroidota,NA
ASV_001645,planktonic,1,FALSE,3,20,10,0.3277157459494569,,Pseudomonadota,NA
ASV_001651,planktonic,1,FALSE,2,20,4,-0.35707182636620843,,Myxococcota,NA
ASV_001664,planktonic,1,FALSE,3,20,11,0.3172828497180092,,Acidobacteriota,NA
ASV_001678,planktonic,1,FALSE,7,20,3,-0.22012228277331683,,Pseudomonadota,MND1
ASV_001681,planktonic,1,FALSE,1,20,5,-0.03955223240428458,,Verrucomicrobiota,NA
ASV_001702,planktonic,1,FALSE,2,20,11,0.24492548048740856,,Actinomycetota,Acidiferrimicrobium
ASV_001729,planktonic,1,FALSE,1,20,8,0.2858286006630426,,Pseudomonadota,Pseudorhodoplanes
ASV_001734,planktonic,1,FALSE,1,20,12,-0.15396123254779534,,Pseudomonadota,Novosphingobium
ASV_001764,planktonic,1,FALSE,3,20,9,0.2048972038293517,,MBNT15,NA
ASV_001767,planktonic,1,FALSE,5,20,7,-0.1401940495560405,,Actinomycetota,NA
ASV_001784,planktonic,1,FALSE,5,20,7,0.20478517223972723,,Acidobacteriota,NA
ASV_001786,planktonic,1,FALSE,3,20,4,-0.07103882453675353,,Pseudomonadota,Rhodoplanes
ASV_001789,planktonic,1,FALSE,2,20,3,-0.21791543979232234,,Gemmatimonadota,NA
ASV_001808,planktonic,1,FALSE,2,20,3,-0.41847422988773414,,Pseudomonadota,Georgfuchsia
ASV_001817,planktonic,1,FALSE,2,20,8,0.11437711272119633,,Chloroflexota,NA
ASV_001823,planktonic,1,TRUE,4,20,3,0.23069739598748434,,Pseudomonadota,Ramlibacter
ASV_001824,planktonic,1,FALSE,2,20,3,-0.04112174513347677,,Pseudomonadota,NA
ASV_001843,planktonic,1,FALSE,1,20,6,0.03060782031060259,,Acidobacteriota,NA
ASV_001851,planktonic,1,FALSE,3,20,3,-0.430568860809345,,Actinomycetota,NA
ASV_001870,planktonic,1,FALSE,1,20,4,-0.2387648959436695,,Pseudomonadota,AAP99
ASV_001874,planktonic,1,FALSE,1,20,3,0.2031897994830617,,Pseudomonadota,NA
ASV_001888,planktonic,1,FALSE,1,20,11,-0.1796091811976444,,Thermodesulfobacteriota,Trichlorobacter
ASV_001898,planktonic,1,FALSE,2,20,4,-0.30759801909860124,,Pseudomonadota,NA
ASV_001914,planktonic,1,FALSE,9,20,3,0.15784558672827875,,Pseudomonadota,Phenylobacterium
ASV_001915,planktonic,1,FALSE,8,20,5,0.2976305488422415,,Bdellovibrionota,NA
ASV_001916,planktonic,1,FALSE,1,20,9,0.19653405265264345,,Pseudomonadota,NA
ASV_001938,planktonic,1,FALSE,8,20,3,0.16343657984424179,,Thermodesulfobacteriota,NA
ASV_001957,planktonic,1,FALSE,1,20,11,0.5314852529758795,,FCPU426,NA
ASV_001960,planktonic,1,FALSE,10,20,3,-0.09200874124564722,,Planctomycetota,NA
ASV_001975,planktonic,1,FALSE,5,20,3,-0.10401382592585301,,RCP2-54,NA
ASV_001987,planktonic,1,FALSE,10,20,3,0.28059543738137094,,Bdellovibrionota,NA
ASV_002019,planktonic,1,FALSE,2,20,3,0.10169387190308378,,Pseudomonadota,NA
ASV_002025,planktonic,1,FALSE,4,20,6,-0.05391908910975838,,Actinomycetota,Acidiferrimicrobium
ASV_002031,planktonic,1,FALSE,3,20,3,-0.20096646114180838,,Myxococcota,NA
ASV_002034,planktonic,1,FALSE,1,20,10,-0.19305557928354672,,Thermodesulfobacteriota,NA
ASV_002064,planktonic,1,FALSE,1,20,3,0.16690590671822925,,Planctomycetota,Fimbriiglobus
ASV_002082,planktonic,1,FALSE,1,20,7,-0.18742283568937285,,Actinomycetota,NA
ASV_002089,planktonic,1,FALSE,3,20,5,-0.23028804018800908,,Thermodesulfobacteriota,NA
ASV_002092,planktonic,1,FALSE,6,20,4,0.35170255277789053,,Actinomycetota,NA
ASV_002112,planktonic,1,FALSE,2,20,4,0.10572653427065422,,Actinomycetota,NA
ASV_002129,planktonic,1,FALSE,4,20,3,-0.3434875181737471,,Acidobacteriota,NA
ASV_002174,planktonic,1,FALSE,11,20,3,0.014527695986154823,,Bacteroidota,NA
ASV_002176,planktonic,1,FALSE,2,20,3,0.0012106413321795685,,Pseudomonadota,Bauldia
ASV_002182,planktonic,1,FALSE,1,20,11,0.46092831899332676,,Pseudomonadota,Hyphomicrobium
ASV_002217,planktonic,1,FALSE,1,20,7,-0.46776244135229816,,Pseudomonadota,GOUTA6
ASV_002231,planktonic,1,FALSE,1,20,3,0.1572302019809406,,Pseudomonadota,Novosphingobium
ASV_002232,planktonic,1,FALSE,1,20,3,0.13304094013771897,,Pseudomonadota,Leptothrix
ASV_002251,planktonic,1,FALSE,2,20,8,-0.23779800560097206,,Verrucomicrobiota,ADurb.Bin063-1
ASV_002254,planktonic,1,FALSE,1,20,4,-0.4581704760000145,,Bacteroidota,Flavobacterium
ASV_002257,planktonic,1,FALSE,3,20,12,0.2014264941903042,,Pseudomonadota,NA
ASV_002258,planktonic,1,FALSE,1,20,9,0.7084394717729833,,Thermodesulfobacteriota,Syntrophus
ASV_002291,planktonic,1,FALSE,4,20,4,-0.09572106188732696,,Planctomycetota,NA
ASV_002309,planktonic,1,FALSE,1,20,4,-0.21526916526288947,,Acidobacteriota,NA
ASV_002372,planktonic,1,FALSE,2,20,3,-0.222541208957639,,Pseudomonadota,Dongia
ASV_002425,planktonic,1,FALSE,2,20,11,0.24034376236411772,,Actinomycetota,Oryzobacter
ASV_002431,planktonic,1,TRUE,7,20,3,-0.10927771388880836,,Verrucomicrobiota,ADurb.Bin063-1
ASV_002456,planktonic,1,FALSE,2,20,6,0.021344937804467397,,MBNT15,NA
ASV_002465,planktonic,1,FALSE,1,20,3,0.14164503586500954,,NB1-j,NA
ASV_002489,planktonic,1,FALSE,1,20,3,0.1886762423771287,,Bacillota,Staphylococcus
ASV_002506,planktonic,1,FALSE,4,20,7,-0.19244426231565398,,Verrucomicrobiota,Candidatus Udaeobacter
ASV_002508,planktonic,1,FALSE,3,20,6,0.011155673608915525,,Myxococcota,NA
ASV_002513,planktonic,1,FALSE,3,20,8,-0.5697109220280213,,Planctomycetota,NA
ASV_002519,planktonic,1,FALSE,1,20,4,-0.1937422487366005,,Chloroflexota,NA
ASV_002527,planktonic,1,FALSE,5,20,3,-0.14513557105932978,,Pseudomonadota,Ramlibacter
ASV_002552,planktonic,1,FALSE,2,20,7,0.04192336489937107,,Bacteroidota,Dinghuibacter
ASV_002557,planktonic,1,FALSE,1,20,8,0.2916430489763031,,Myxococcota,NA
ASV_002596,planktonic,1,FALSE,3,20,3,0.13356165030854356,,Acidobacteriota,NA
ASV_002603,planktonic,1,FALSE,8,20,6,-0.18921890815214912,,Myxococcota,Aetherobacter
ASV_002606,planktonic,1,TRUE,7,20,3,0.1271173398788547,,Pseudomonadota,Acidibacter
ASV_002626,planktonic,1,FALSE,8,20,3,0.11852738303178599,,Bacillota,Bacillus
ASV_002638,planktonic,1,FALSE,2,20,5,0.3388331558410459,,Pseudomonadota,Ramlibacter
ASV_002689,planktonic,1,FALSE,7,20,3,-0.03144604039618812,,Myxococcota,NA
ASV_002714,planktonic,1,FALSE,1,20,3,-0.2951089944873039,,Verrucomicrobiota,Oleiharenicola
ASV_002724,planktonic,1,FALSE,2,20,11,0.45341151816483716,,Chloroflexota,NA
ASV_002756,planktonic,1,FALSE,1,20,11,-0.304155166468165,,Thermodesulfobacteriota,NA
ASV_002758,planktonic,1,FALSE,1,20,8,0.04077383465159316,,Thermodesulfobacteriota,Syntrophus
ASV_002769,planktonic,1,FALSE,3,20,5,0.03658581497396324,,Verrucomicrobiota,Oleiharenicola
ASV_002771,planktonic,1,FALSE,8,20,4,0.1467225373551936,,Chloroflexota,NA
ASV_002791,planktonic,1,FALSE,5,20,8,0.10963229992360754,,Verrucomicrobiota,ADurb.Bin063-1
ASV_002795,planktonic,1,FALSE,4,20,3,-0.24212826643591376,,Pseudomonadota,Dongia
ASV_002862,planktonic,1,FALSE,3,20,3,-0.3837733023009233,,Pseudomonadota,AAP99
ASV_002882,planktonic,1,FALSE,4,20,3,0.012141968209867597,,MBNT15,NA
ASV_002894,planktonic,1,FALSE,5,20,4,0.3662398467666995,,Myxococcota,NA
ASV_002907,planktonic,1,FALSE,3,20,9,0.16557713235624377,,Chloroflexota,NA
ASV_002924,planktonic,1,FALSE,1,20,3,-0.10401382592585301,,Pseudomonadota,NA
ASV_002931,planktonic,1,FALSE,5,20,3,0,,Pseudomonadota,NA
ASV_002933,planktonic,1,FALSE,2,20,7,-0.10525905025119796,,Acidobacteriota,Geothrix
ASV_002952,planktonic,1,FALSE,2,20,3,0.24431154461653845,,Bacteroidota,NA
ASV_002974,planktonic,1,FALSE,3,20,4,-0.051784424948891856,,Bacteroidota,NA
ASV_003052,planktonic,1,FALSE,1,20,4,-0.1107783075774683,,Actinomycetota,NA
ASV_003061,planktonic,1,FALSE,6,20,4,0.0010763458263144472,,Pseudomonadota,Rhizobium
ASV_003089,planktonic,1,FALSE,3,20,6,0.20359104336270836,,Pseudomonadota,NA
ASV_003091,planktonic,1,FALSE,2,20,3,-0.13356165030854356,,Pseudomonadota,Hyphomicrobium
ASV_003106,planktonic,1,FALSE,1,20,5,0.06521879230737275,,Myxococcota,NA
ASV_003133,planktonic,1,FALSE,3,20,3,-0.18212952314801395,,Planctomycetota,NA
ASV_003159,planktonic,1,FALSE,1,20,8,-0.21352077013816573,,Actinomycetota,NA
ASV_003194,planktonic,1,FALSE,2,20,3,0.14285567719718908,,Planctomycetota,Pir4 lineage
ASV_003219,planktonic,1,FALSE,2,20,9,0.18031498783544353,,Chloroflexota,NA
ASV_003227,planktonic,1,TRUE,8,20,3,0.3607711169895115,,Verrucomicrobiota,ADurb.Bin063-1
ASV_003265,planktonic,1,FALSE,4,20,6,-0.31979597678891175,,Bacteroidota,Chryseotalea
ASV_003312,planktonic,1,FALSE,1,20,3,-0.24431154461653845,,Pseudomonadota,Uliginosibacterium
ASV_003388,planktonic,1,TRUE,3,20,3,0.15980465584770306,,Chloroflexota,NA
ASV_003410,planktonic,1,FALSE,3,20,3,0.010895771989616117,,Bacteroidota,NA
ASV_003427,planktonic,1,FALSE,4,20,4,-0.07421071090141079,,Pseudomonadota,Ellin6067
ASV_003445,planktonic,1,FALSE,3,20,6,-0.19930060310350825,,Pseudomonadota,Klebsiella
ASV_003450,planktonic,1,FALSE,2,20,4,0.004302070197183234,,Pseudomonadota,NA
ASV_003453,planktonic,1,FALSE,3,20,3,-0.3096225515932368,,Actinomycetota,Nocardia
ASV_003473,planktonic,1,FALSE,1,20,4,-0.10117650767355806,,Bacillota,Clostridium
ASV_003485,planktonic,1,FALSE,6,20,5,-0.0059444413305446645,,Pseudomonadota,NA
ASV_003506,planktonic,1,FALSE,1,20,3,-0.3846092633072239,,Gemmatimonadota,NA
ASV_003559,planktonic,1,FALSE,5,20,4,0.20127666952080167,,Verrucomicrobiota,Opitutus
ASV_003641,planktonic,1,FALSE,1,20,9,-0.09903093714558094,,Chloroflexota,NA
ASV_003679,planktonic,1,FALSE,1,20,8,0.26128463903527865,,Pseudomonadota,NA
ASV_003700,planktonic,1,FALSE,1,20,4,-0.2669337649259829,,Chlamydiota,Ga0074140
ASV_003725,planktonic,1,FALSE,3,20,3,0.007256778552966489,,Pseudomonadota,SWB02
ASV_003760,planktonic,1,FALSE,2,20,3,0.061742707941158,,Acidobacteriota,Candidatus Koribacter
ASV_003777,planktonic,1,FALSE,4,20,8,-0.1777921950552854,,Actinomycetota,Acidiferrimicrobium
ASV_003798,planktonic,1,FALSE,3,20,3,-0.3580010752796801,,Verrucomicrobiota,NA
ASV_003845,planktonic,1,FALSE,1,20,9,-0.020659534353424835,,Bacteroidota,NA
ASV_003868,planktonic,1,FALSE,1,20,9,-0.17540508811282837,,Bacteroidota,NA
ASV_003873,planktonic,1,FALSE,1,20,8,0.24124518835525957,,Verrucomicrobiota,NA
ASV_003919,planktonic,1,TRUE,6,20,7,-0.21239769762143662,,Acidobacteriota,Bryobacter
ASV_003962,planktonic,1,FALSE,2,20,10,-0.09880744117765922,,Pseudomonadota,NA
ASV_003967,planktonic,1,FALSE,2,20,4,-0.1594220509455045,,Pseudomonadota,NA
ASV_004003,planktonic,1,FALSE,3,20,3,0.07627040392731282,,Elusimicrobiota,NA
ASV_004025,planktonic,1,FALSE,1,20,4,0.18943686543134272,,Pseudomonadota,Rhodoferax
ASV_004062,planktonic,1,TRUE,7,20,5,-0.0885232581521611,,Actinomycetota,Conexibacter
ASV_004146,planktonic,1,TRUE,5,20,3,-0.0847448932525698,,Myxococcota,NA
ASV_004156,planktonic,1,FALSE,2,20,3,0.14285567719718908,,Planctomycetota,Gemmata
ASV_004190,planktonic,1,FALSE,2,20,3,0.012141968209867597,,Actinomycetota,NA
ASV_004213,planktonic,1,FALSE,2,20,3,-0.6144072508178294,,Verrucomicrobiota,Opitutus
ASV_004319,planktonic,1,FALSE,1,20,3,-0.5121012835119575,,MBNT15,NA
ASV_004348,planktonic,1,FALSE,1,20,7,0.10168645954315536,,Bacteroidota,NA
ASV_004378,planktonic,1,FALSE,2,20,4,-0.005381729131572237,,MBNT15,NA
ASV_004471,planktonic,1,FALSE,3,20,3,-0.1548112757966184,,Bacteroidota,NA
ASV_004474,planktonic,1,FALSE,1,20,6,-0.27470006913575434,,Acidobacteriota,Candidatus Solibacter
ASV_004528,planktonic,1,FALSE,2,20,8,0.05033569047704883,,Pseudomonadota,Methylobacterium
ASV_004716,planktonic,1,FALSE,1,20,3,0.578123358052997,,Chloroflexota,NA
ASV_004720,planktonic,1,FALSE,1,20,3,-0.09443002391000636,,Planctomycetota,Pir4 lineage
ASV_004991,planktonic,1,FALSE,3,20,3,-0.03144604039618812,,Bacteroidota,Cytophaga
ASV_005028,planktonic,1,TRUE,4,20,3,-0.061742707941158,,Pseudomonadota,Arenimonas
ASV_005138,planktonic,1,FALSE,1,20,7,-0.2533713223991615,,Actinomycetota,Mycobacterium
ASV_005344,planktonic,1,TRUE,2,20,9,0.22133031571751968,,Pseudomonadota,Alsobacter
ASV_005388,planktonic,1,FALSE,1,20,8,-0.2811966913769764,,Acidobacteriota,NA
ASV_005454,planktonic,1,FALSE,4,20,5,0.3737685962204893,,Pseudomonadota,NA
ASV_005508,planktonic,1,FALSE,1,20,5,0.6856884026482553,,Pseudomonadota,Hyphomicrobium
ASV_005521,planktonic,1,FALSE,3,20,6,0.6423701440549218,,Myxococcota,Pajaroellobacter
ASV_005662,planktonic,1,FALSE,1,20,6,-0.17351229435036242,,Actinomycetota,Conexibacter
ASV_005667,planktonic,1,FALSE,1,20,9,0.28788462251508307,,Pseudomonadota,Alsobacter
ASV_005737,planktonic,1,FALSE,1,20,8,0.37685139908847576,,Pseudomonadota,Pseudorhodoplanes
ASV_005820,planktonic,1,FALSE,4,20,4,0.0064580749578866834,,Planctomycetota,NA
ASV_005829,planktonic,1,FALSE,2,20,3,-0.07498671171398705,,Pseudomonadota,NA
ASV_005845,planktonic,1,FALSE,1,20,3,0.2167047984601428,,Actinomycetota,Ilumatobacter
ASV_005895,planktonic,1,FALSE,3,20,4,0.33120455123562087,,Verrucomicrobiota,Opitutus
ASV_005932,planktonic,1,FALSE,1,20,4,0.27144835701531844,,Pseudomonadota,Hirschia
ASV_005997,planktonic,1,FALSE,2,20,6,0.04454595715714935,,Acidobacteriota,Telmatobacter
ASV_006005,planktonic,1,FALSE,2,20,4,-0.2841552981470141,,Pseudomonadota,NA
ASV_006018,planktonic,1,TRUE,5,20,3,0.029027114211865955,,Pseudomonadota,Roseiarcus
ASV_006163,planktonic,1,FALSE,3,20,3,0.14769824252590738,,NA,NA
ASV_006217,planktonic,1,FALSE,2,20,3,-0.18625731619280653,,Pseudomonadota,Undibacterium
ASV_006276,planktonic,1,FALSE,1,20,3,0.13356165030854356,,Bacillota,Fonticella
ASV_006513,planktonic,1,FALSE,2,20,7,0.01677989595083726,,Pseudomonadota,Reyranella
ASV_006557,planktonic,1,FALSE,1,20,5,0.3844072060418884,,Latescibacterota,NA
ASV_006649,planktonic,1,FALSE,1,20,5,-0.22985173144772708,,Bacteroidota,NA
ASV_006661,planktonic,1,FALSE,1,20,4,0.24736903633803597,,Verrucomicrobiota,Ellin516
ASV_006691,planktonic,1,FALSE,1,20,5,0.43664843066065984,,Pseudomonadota,Rhodoplanes
ASV_006698,planktonic,1,FALSE,1,20,6,0.4013736416619666,,Pseudomonadota,Candidatus Nitrotoga
ASV_006735,planktonic,1,TRUE,2,20,4,-0.3821027683416288,,Pseudomonadota,NA
ASV_006760,planktonic,1,FALSE,3,20,3,-0.21186223313142452,,Pseudomonadota,mle1-7
ASV_006773,planktonic,1,FALSE,2,20,4,0.28437446925414317,,Bacillota,Clostridium
ASV_006775,planktonic,1,FALSE,2,20,3,-0.0846624164512757,,Actinomycetota,NA
ASV_006788,planktonic,1,FALSE,1,20,6,-0.31698962115917767,,Actinomycetota,NA
ASV_006834,planktonic,1,FALSE,3,20,6,0.14264532952162992,,Verrucomicrobiota,NA
ASV_006856,planktonic,1,FALSE,1,20,5,-0.23028804018800908,,Myxococcota,NA
ASV_006925,planktonic,1,FALSE,1,20,3,0.5176502034449428,,Nanoarchaeota,NA
ASV_007015,planktonic,1,FALSE,2,20,5,-0.16908936950412795,,Pseudomonadota,Porticoccus
ASV_007110,planktonic,1,FALSE,1,20,6,0.1744716655321683,,Verrucomicrobiota,NA
ASV_007193,planktonic,1,FALSE,2,20,5,0.09498713802919553,,Pseudomonadota,NA
ASV_007201,planktonic,1,FALSE,4,20,7,-0.2285657383880548,,MBNT15,NA
ASV_007283,planktonic,1,FALSE,1,20,3,0.18383839000848437,,Pseudomonadota,NA
ASV_007361,planktonic,1,FALSE,1,20,4,0.13377643111797063,,Pseudomonadota,NA
ASV_007660,planktonic,1,FALSE,1,20,7,0.1707142579704303,,Acidobacteriota,NA
ASV_007750,planktonic,1,FALSE,1,20,5,0.20805544656906327,,Pseudomonadota,NA
ASV_007788,planktonic,1,FALSE,1,20,4,0.43914909713629446,,Chloroflexota,NA
ASV_008218,planktonic,1,FALSE,1,20,4,-0.05070558276245661,,Chloroflexota,NA
ASV_008317,planktonic,1,FALSE,1,20,6,0.03526554941607657,,Pseudomonadota,NA
ASV_008503,planktonic,1,FALSE,2,20,4,0.449877191743498,,Actinomycetota,Nocardioides
ASV_008734,planktonic,1,FALSE,1,20,8,0.2571710409484393,,Myxococcota,NA
ASV_008873,planktonic,1,FALSE,1,20,3,-0.10885167829449732,,MBNT15,NA
ASV_008924,planktonic,1,FALSE,1,20,3,-0.4600437062282361,,Verrucomicrobiota,NA
ASV_008989,planktonic,1,FALSE,2,20,3,-0.2433389077680933,,Myxococcota,Pajaroellobacter
ASV_008998,planktonic,1,TRUE,4,20,4,-0.10838874619051501,,Verrucomicrobiota,NA
ASV_009016,planktonic,1,FALSE,1,20,3,0.19612389581309014,,Bacteroidota,NA
ASV_009113,planktonic,1,FALSE,1,20,5,-0.1754755968648936,,Pseudomonadota,NA
ASV_009449,planktonic,1,FALSE,1,20,7,-0.19177709475244212,,Pseudomonadota,NA
ASV_009451,planktonic,1,FALSE,3,20,3,-0.10643275211017518,,Chloroflexota,NA
ASV_009598,planktonic,1,FALSE,4,20,7,-0.25689210831955034,,Pseudomonadota,Hyphomicrobium
ASV_009599,planktonic,1,FALSE,1,20,3,0.08708134263559786,,Pseudomonadota,NA
ASV_009671,planktonic,1,FALSE,1,20,3,-0.00967570473728865,,Bacteroidota,NA
ASV_009725,planktonic,1,FALSE,1,20,4,0.21145306854130844,,Pseudomonadota,Crenothrix
ASV_009806,planktonic,1,TRUE,5,20,3,-0.35211707808616033,,Pseudomonadota,NA
ASV_009889,planktonic,1,FALSE,1,20,3,0.2651304517473255,,Planctomycetota,Pirellula
ASV_009893,planktonic,1,FALSE,1,20,3,-0.08353425192039024,,Pseudomonadota,NA
ASV_009911,planktonic,1,FALSE,1,20,4,0.151744244666721,,Pseudomonadota,NA
ASV_010037,planktonic,1,FALSE,2,20,4,-0.04413017887889234,,Verrucomicrobiota,ADurb.Bin063-1
ASV_010144,planktonic,1,TRUE,3,20,4,0.22871454352427237,,Verrucomicrobiota,NA
ASV_010166,planktonic,1,FALSE,2,20,3,-0.23069739598748434,,Elusimicrobiota,NA
ASV_010290,planktonic,1,FALSE,1,20,5,-0.07008766440504624,,Actinomycetota,NA
ASV_010301,planktonic,1,FALSE,1,20,4,0.065033247714309,,Planctomycetota,NA
ASV_010364,planktonic,1,FALSE,4,20,3,0.03642590462960279,,Bacteroidota,NA
ASV_010439,planktonic,1,FALSE,1,20,6,-0.1701240225359618,,Acidobacteriota,NA
ASV_010449,planktonic,1,FALSE,1,20,3,0.2031897994830617,,Actinomycetota,NA
ASV_010500,planktonic,1,FALSE,2,20,5,0.5132034348703561,,Pseudomonadota,Candidatus Megaira
ASV_010505,planktonic,1,TRUE,2,20,3,0.18212952314801395,,Verrucomicrobiota,NA
ASV_010929,planktonic,1,FALSE,1,20,5,0.02387144040058277,,Verrucomicrobiota,Alterococcus
ASV_011020,planktonic,1,FALSE,4,20,3,0.24212826643591376,,NA,NA
ASV_011232,planktonic,1,FALSE,2,20,3,0.11622156788923858,,Bacteroidota,NA
ASV_011521,planktonic,1,FALSE,1,20,4,-0.012926112238824687,,Pseudomonadota,Alsobacter
ASV_011668,planktonic,1,FALSE,1,20,4,0.3236526559305741,,Actinomycetota,Marmoricola
ASV_011815,planktonic,1,FALSE,2,20,3,0.10927771388880836,,Acidobacteriota,NA
ASV_011941,planktonic,1,FALSE,1,20,3,0.013317054653975256,,Planctomycetota,NA
ASV_012315,planktonic,1,FALSE,1,20,4,0.0010763458263144472,,Actinomycetota,NA
ASV_012378,planktonic,1,FALSE,1,20,4,-0.5515141221898533,,Acidobacteriota,NA
ASV_012516,planktonic,1,FALSE,1,20,3,-0.060709841049337986,,Acidobacteriota,NA
ASV_012532,planktonic,1,TRUE,2,20,3,-0.09443002391000636,,Verrucomicrobiota,NA
ASV_012648,planktonic,1,FALSE,1,20,3,0.012141968209867597,,Pseudomonadota,Coxiella
ASV_012774,planktonic,1,FALSE,1,20,3,0.060709841049337986,,Chloroflexota,NA
ASV_012909,planktonic,1,FALSE,1,20,3,-0.1464876011937278,,Pseudomonadota,Nordella
ASV_013201,planktonic,1,FALSE,3,20,3,0.10927771388880836,,Planctomycetota,Aquisphaera
ASV_013248,planktonic,1,TRUE,1,20,4,-0.08199200616907877,,Myxococcota,NA
ASV_013882,planktonic,1,FALSE,1,20,4,-0.49195203701447265,,Pseudomonadota,NA
ASV_014020,planktonic,1,FALSE,1,20,4,0.17153590764320428,,Thermodesulfobacteriota,NA
ASV_014101,planktonic,1,FALSE,1,20,3,0.04112174513347677,,Pseudomonadota,mle1-7
ASV_014899,planktonic,1,FALSE,1,20,3,-0.42130318359848984,,Planctomycetota,NA
ASV_015481,planktonic,1,FALSE,2,20,3,-0.21549415712796322,,Verrucomicrobiota,Chthoniobacter
ASV_016637,planktonic,1,FALSE,1,20,4,-0.19203390918547397,,Planctomycetota,NA
ASV_017500,planktonic,1,FALSE,1,20,3,0.07990232792385153,,Pseudomonadota,NA
ASV_017632,planktonic,1,FALSE,1,20,3,0.16101529717988264,,Chloroflexota,NA
ASV_018414,planktonic,1,FALSE,1,20,3,0.2614985277507868,,Pseudomonadota,alphaI cluster
ASV_018927,planktonic,1,FALSE,1,20,3,-0.2542346797577094,,Actinomycetota,Micromonospora
ASV_018982,planktonic,1,FALSE,1,20,5,0.37046336899810156,,Pseudomonadota,Novosphingobium
ASV_018985,planktonic,1,TRUE,3,20,4,-0.41187723552395705,,Pseudomonadota,Cypionkella
ASV_020682,planktonic,1,FALSE,1,20,3,-0.1464876011937278,,Actinomycetota,Conexibacter
ASV_000001,hyporheic,1,TRUE,13,31,18,-0.2819792012710093,,Pseudomonadota,Bradyrhizobium
ASV_000002,hyporheic,1,FALSE,13,31,22,-0.06430382153455615,,Acidobacteriota,NA
ASV_000003,hyporheic,1,FALSE,5,31,16,-0.12673713563700417,,Pseudomonadota,NA
ASV_000004,hyporheic,1,FALSE,12,31,29,0.09141361856016798,,Pseudomonadota,IS-44
ASV_000005,hyporheic,1,TRUE,13,31,21,0.27405948795327273,,Pseudomonadota,Bradyrhizobium
ASV_000006,hyporheic,1,FALSE,9,31,13,0.14697071500215425,,Acidobacteriota,NA
ASV_000007,hyporheic,1,FALSE,8,31,13,-0.00404820987257253,,Pseudomonadota,Rhizobacter
ASV_000009,hyporheic,1,TRUE,11,31,5,-0.2368145123179133,,Pseudomonadota,Pseudolabrys
ASV_000010,hyporheic,1,FALSE,4,31,6,-0.11399026605158294,,Pseudomonadota,NA
ASV_000011,hyporheic,1,FALSE,10,31,4,-0.39006862534493214,,Pseudomonadota,NA
ASV_000012,hyporheic,1,FALSE,6,31,15,-0.08381613263593687,,Nitrospirota,Nitrospira
ASV_000013,hyporheic,1,FALSE,5,31,13,-0.16771270787258072,,Pseudomonadota,NA
ASV_000014,hyporheic,1,FALSE,8,31,18,-0.0800601098934339,,Pseudomonadota,Hyphomicrobium
ASV_000015,hyporheic,1,FALSE,10,31,24,-0.21395624531860005,,Acidobacteriota,NA
ASV_000016,hyporheic,1,FALSE,6,31,15,-0.12074409307321494,,Acidobacteriota,NA
ASV_000018,hyporheic,1,FALSE,11,31,12,0.09097512609858777,,Acidobacteriota,NA
ASV_000019,hyporheic,1,FALSE,11,31,18,-0.23585620924155049,,Acidobacteriota,NA
ASV_000020,hyporheic,1,FALSE,6,31,15,-0.009117758018726996,,Nitrospirota,Nitrospira
ASV_000021,hyporheic,1,FALSE,4,31,10,-0.20349494713787694,,Pseudomonadota,NA
ASV_000022,hyporheic,1,FALSE,5,31,23,-0.21705507338250543,,Pseudomonadota,NA
ASV_000024,hyporheic,1,FALSE,2,31,9,-0.09378658748860288,,Pseudomonadota,Kineobactrum
ASV_000026,hyporheic,1,FALSE,7,31,11,-0.11197450008272822,,Acidobacteriota,JGI 0001001-H03
ASV_000027,hyporheic,1,FALSE,8,31,19,0.2982264971212615,,Actinomycetota,Gaiella
ASV_000028,hyporheic,1,FALSE,2,31,10,-0.1634273262813737,,Pseudomonadota,NA
ASV_000029,hyporheic,1,FALSE,8,31,16,-0.08114668060175105,,Acidobacteriota,NA
ASV_000030,hyporheic,1,FALSE,8,31,12,-0.030340931497947067,,Acidobacteriota,NA
ASV_000031,hyporheic,1,FALSE,12,31,10,-0.2178221570198993,,Pseudomonadota,Rhizobacter
ASV_000032,hyporheic,1,FALSE,12,31,8,-0.3036587068053889,,Pseudomonadota,NA
ASV_000033,hyporheic,1,FALSE,1,31,5,0.10137702893217623,,Pseudomonadota,NA
ASV_000034,hyporheic,1,FALSE,11,31,4,-0.018684517098923995,,Verrucomicrobiota,Candidatus Udaeobacter
ASV_000035,hyporheic,1,FALSE,9,31,6,0.08450552498693481,,Pseudomonadota,NA
ASV_000036,hyporheic,1,FALSE,3,31,4,-0.23874660737513995,,Pseudomonadota,NA
ASV_000037,hyporheic,1,FALSE,5,31,12,-0.09721615698676009,,Nitrospirota,Nitrospira
ASV_000038,hyporheic,1,TRUE,12,31,7,-0.19877215263611367,,Pseudomonadota,NA
ASV_000039,hyporheic,1,TRUE,11,31,8,0.017036032723226947,,Acidobacteriota,NA
ASV_000040,hyporheic,1,TRUE,8,31,5,0.07837477409974375,,Acidobacteriota,NA
ASV_000041,hyporheic,1,FALSE,12,31,24,0.15035307606211937,,Pseudomonadota,NA
ASV_000042,hyporheic,1,FALSE,10,31,3,-0.31982468305483064,,Planctomycetota,NA
ASV_000043,hyporheic,1,FALSE,7,31,7,0.16282931928319222,,Verrucomicrobiota,NA
ASV_000044,hyporheic,1,FALSE,11,31,5,-0.22316351340047513,,Pseudomonadota,Pedomicrobium
ASV_000045,hyporheic,1,TRUE,13,31,4,0.06504980027032799,,Pseudomonadota,NA
ASV_000048,hyporheic,1,FALSE,7,31,12,-0.1222351092061722,,Verrucomicrobiota,NA
ASV_000049,hyporheic,1,FALSE,6,31,12,-0.12568158784920339,,Verrucomicrobiota,NA
ASV_000050,hyporheic,1,FALSE,3,31,7,-0.3157779211546016,,Pseudomonadota,Novosphingobium
ASV_000052,hyporheic,1,FALSE,13,31,5,-9.445064807345613e-4,,Acidobacteriota,NA
ASV_000053,hyporheic,1,FALSE,12,31,18,0.0647324650843404,,Acidobacteriota,NA
ASV_000056,hyporheic,1,FALSE,11,31,8,-0.02018114645674577,,Acidobacteriota,NA
ASV_000057,hyporheic,1,FALSE,1,31,4,-0.12733152393340796,,Pseudomonadota,Methylocystis
ASV_000058,hyporheic,1,FALSE,6,31,14,0.007721864185054167,,Acidobacteriota,NA
ASV_000059,hyporheic,1,FALSE,9,31,6,0.09353047470899112,,Verrucomicrobiota,Chthoniobacter
ASV_000060,hyporheic,1,FALSE,13,31,13,0.10364015861831061,,Pseudomonadota,NA
ASV_000061,hyporheic,1,FALSE,8,31,6,-0.30878143386229473,,Acidobacteriota,NA
ASV_000063,hyporheic,1,FALSE,12,31,5,0.011966690782022215,,Pseudomonadota,Piscinibacter
ASV_000064,hyporheic,1,FALSE,9,31,3,0.07347323799908272,,Acidobacteriota,NA
ASV_000065,hyporheic,1,FALSE,9,31,18,-0.0033511134772462917,,Pseudomonadota,MND1
ASV_000066,hyporheic,1,FALSE,8,31,7,-0.15723024868695162,,Thermodesulfobacteriota,NA
ASV_000068,hyporheic,1,FALSE,7,31,4,-0.19930151572185595,,Pseudomonadota,NA
ASV_000069,hyporheic,1,FALSE,9,31,4,-0.26573535429580797,,Acidobacteriota,NA
ASV_000070,hyporheic,1,FALSE,2,31,8,-0.2442288972276061,,Pseudomonadota,Kineobactrum
ASV_000071,hyporheic,1,FALSE,10,31,4,-0.11283262809445242,,Acidobacteriota,NA
ASV_000072,hyporheic,1,FALSE,1,31,3,-0.1811292123934606,,Actinomycetota,NA
ASV_000073,hyporheic,1,FALSE,10,31,5,0.059174528235951096,,Acidobacteriota,NA
ASV_000074,hyporheic,1,FALSE,11,31,10,-0.40595919423448534,,Pseudomonadota,NA
ASV_000075,hyporheic,1,FALSE,5,31,12,-0.18940096632051803,,Pseudomonadota,Hyphomicrobium
ASV_000076,hyporheic,1,FALSE,8,31,9,-0.16773582894967146,,Pseudomonadota,NA
ASV_000077,hyporheic,1,FALSE,5,31,9,-0.1001039471086307,,Pseudomonadota,NA
ASV_000078,hyporheic,1,FALSE,7,31,4,0.3058724651009039,,Pseudomonadota,NA
ASV_000079,hyporheic,1,FALSE,7,31,8,0.15413683358382313,,Pseudomonadota,NA
ASV_000081,hyporheic,1,FALSE,12,31,4,0.02215119079154894,,Acidobacteriota,NA
ASV_000083,hyporheic,1,FALSE,5,31,14,-0.05978207512582358,,Methylomirabilota,NA
ASV_000086,hyporheic,1,FALSE,10,31,10,0.13258739992515609,,Bacteroidota,Chryseotalea
ASV_000087,hyporheic,1,FALSE,6,31,7,-0.2502546907842484,,Verrucomicrobiota,Chthoniobacter
ASV_000088,hyporheic,1,FALSE,5,31,8,-0.20446722822343885,,Nitrospirota,Nitrospira
ASV_000089,hyporheic,1,FALSE,6,31,5,-0.39732239289567217,,Verrucomicrobiota,Candidatus Udaeobacter
ASV_000090,hyporheic,1,TRUE,13,31,9,-0.19212919537863415,,Acidobacteriota,NA
ASV_000091,hyporheic,1,FALSE,2,31,6,-0.11282113511772056,,Pseudomonadota,NA
ASV_000092,hyporheic,1,FALSE,3,31,5,0.13065672983494767,,NB1-j,NA
ASV_000093,hyporheic,1,FALSE,2,31,15,-0.21998878827907686,,Bacteroidota,OLB12
ASV_000094,hyporheic,1,FALSE,1,31,4,-0.08860476316619575,,Bacteroidota,Maribellus
ASV_000096,hyporheic,1,FALSE,1,31,6,-0.06783834531823141,,Nitrospirota,Nitrospira
ASV_000097,hyporheic,1,TRUE,12,31,10,-0.13113039553037417,,Pseudomonadota,Reyranella
ASV_000099,hyporheic,1,FALSE,4,31,3,-0.26678250588971747,,Pseudomonadota,NA
ASV_000100,hyporheic,1,FALSE,5,31,9,-0.02390541224917586,,Acidobacteriota,NA
ASV_000102,hyporheic,1,FALSE,4,31,11,-0.14006567122832458,,Actinomycetota,Galbitalea
ASV_000103,hyporheic,1,FALSE,3,31,7,-0.11454953319399627,,Bacteroidota,Terrimonas
ASV_000104,hyporheic,1,FALSE,7,31,9,-0.30473109719738917,,Pseudomonadota,mle1-7
ASV_000106,hyporheic,1,FALSE,6,31,4,0.14740007933595595,,Bacteroidota,Terrimonas
ASV_000110,hyporheic,1,FALSE,9,31,12,-0.017933432401508565,,Chloroflexota,NA
ASV_000111,hyporheic,1,FALSE,1,31,8,0.1910656593112684,,Bacteroidota,Terrimonas
ASV_000112,hyporheic,1,FALSE,3,31,9,-0.1141710140077224,,Acidobacteriota,NA
ASV_000115,hyporheic,1,FALSE,9,31,5,0.11617429713035105,,Chloroflexota,NA
ASV_000117,hyporheic,1,FALSE,7,31,6,0.14146484299734907,,Pseudomonadota,NA
ASV_000118,hyporheic,1,FALSE,8,31,6,0.043257844552908396,,Bacteroidota,Terrimonas
ASV_000119,hyporheic,1,FALSE,7,31,4,0.07545249363371358,,Myxococcota,NA
ASV_000121,hyporheic,1,FALSE,3,31,7,-0.28306951952747156,,Bacteroidota,Ferruginibacter
ASV_000122,hyporheic,1,FALSE,2,31,4,-0.17992497947111993,,Pseudomonadota,Arenimonas
ASV_000123,hyporheic,1,FALSE,7,31,24,-0.10934381119363434,,Acidobacteriota,NA
ASV_000127,hyporheic,1,FALSE,5,31,13,0.028137286014525077,,Verrucomicrobiota,NA
ASV_000128,hyporheic,1,FALSE,9,31,9,0.24588690821503834,,Methylomirabilota,NA
ASV_000129,hyporheic,1,FALSE,8,31,5,-0.4831537278839624,,Chloroflexota,NA
ASV_000131,hyporheic,1,TRUE,12,31,9,0.12128851267476595,,Pseudomonadota,NA
ASV_000132,hyporheic,1,TRUE,9,31,5,0.0572859794624633,,Pseudomonadota,Pseudolabrys
ASV_000134,hyporheic,1,FALSE,8,31,5,0.030216780375804816,,Acidobacteriota,NA
ASV_000138,hyporheic,1,FALSE,3,31,7,-0.17757346045746997,,Acidobacteriota,Bryobacter
ASV_000139,hyporheic,1,TRUE,10,31,3,-0.1249437951000444,,Pseudomonadota,Burkholderia-Caballeronia-Paraburkholderia
ASV_000141,hyporheic,1,FALSE,3,31,6,-0.06870099920305806,,Pseudomonadota,NA
ASV_000143,hyporheic,1,TRUE,8,31,5,-0.04942917249177538,,Actinomycetota,NA
ASV_000146,hyporheic,1,FALSE,8,31,9,-0.2814921982285982,,Acidobacteriota,NA
ASV_000147,hyporheic,1,FALSE,5,31,10,-0.2755350565237421,,Nitrospirota,Nitrospira
ASV_000149,hyporheic,1,FALSE,2,31,10,-0.19429566882331165,,Pseudomonadota,Rhizobacter
ASV_000151,hyporheic,1,FALSE,10,31,4,-0.10864700683448397,,Acidobacteriota,NA
ASV_000152,hyporheic,1,FALSE,5,31,8,0.10938591564882487,,Pseudomonadota,NA
ASV_000153,hyporheic,1,FALSE,6,31,19,-0.2699910776788163,,Pseudomonadota,Ellin6067
ASV_000154,hyporheic,1,FALSE,7,31,4,-0.22933086562724056,,Methylomirabilota,NA
ASV_000155,hyporheic,1,TRUE,8,31,4,-0.024912689465231994,,Verrucomicrobiota,Candidatus Udaeobacter
ASV_000156,hyporheic,1,FALSE,8,31,12,-0.02114117041862294,,Acidobacteriota,NA
ASV_000157,hyporheic,1,FALSE,3,31,6,-0.0719167906551161,,Bacteroidota,Ferruginibacter
ASV_000158,hyporheic,1,FALSE,4,31,4,-0.42018040032719395,,Gemmatimonadota,NA
ASV_000161,hyporheic,1,FALSE,10,31,13,0.012367978836136172,,Pseudomonadota,Ellin6067
ASV_000164,hyporheic,1,FALSE,2,31,4,-0.07266201094025998,,Pseudomonadota,Rhizorhapis
ASV_000165,hyporheic,1,FALSE,2,31,7,0.17950061429189212,,Pseudomonadota,NA
ASV_000167,hyporheic,1,FALSE,3,31,5,-0.10861824528447454,,Pseudomonadota,NA
ASV_000168,hyporheic,1,FALSE,8,31,4,0.16405725679990935,,Acidobacteriota,NA
ASV_000171,hyporheic,1,FALSE,5,31,8,-0.04743879881390889,,Pseudomonadota,NA
ASV_000174,hyporheic,1,FALSE,9,31,6,-0.09236134377512874,,Pseudomonadota,Hyphomicrobium
ASV_000175,hyporheic,1,FALSE,8,31,6,0.0193070292367987,,Pseudomonadota,NA
ASV_000177,hyporheic,1,FALSE,1,31,10,0.3472527140896945,,Pseudomonadota,NA
ASV_000181,hyporheic,1,FALSE,1,31,5,-0.08687324358043884,,Bacteroidota,Dinghuibacter
ASV_000183,hyporheic,1,FALSE,11,31,7,-0.0055061538126347275,,Pseudomonadota,Rhodoplanes
ASV_000184,hyporheic,1,TRUE,11,31,7,-0.026434507660152987,,Chloroflexota,NA
ASV_000185,hyporheic,1,FALSE,8,31,5,-0.019209687834298817,,Planctomycetota,NA
ASV_000187,hyporheic,1,FALSE,7,31,9,0.008550252150358066,,Verrucomicrobiota,NA
ASV_000189,hyporheic,1,FALSE,11,31,11,0.12896525176369492,,Pseudomonadota,Rhodoplanes
ASV_000190,hyporheic,1,FALSE,11,31,5,-0.04785499502388444,,Acidobacteriota,NA
ASV_000193,hyporheic,1,FALSE,7,31,15,0.15762538390386424,,Verrucomicrobiota,Oleiharenicola
ASV_000194,hyporheic,1,FALSE,1,31,10,0.31123751698349794,,Pseudomonadota,Arenimonas
ASV_000195,hyporheic,1,FALSE,5,31,7,-0.15337521631984596,,Pseudomonadota,NA
ASV_000196,hyporheic,1,FALSE,8,31,11,-0.08203605479745141,,Acidobacteriota,NA
ASV_000197,hyporheic,1,FALSE,3,31,13,-0.269464660582251,,Planctomycetota,NA
ASV_000198,hyporheic,1,FALSE,9,31,6,-0.10904456469251343,,Myxococcota,Anaeromyxobacter
ASV_000199,hyporheic,1,FALSE,9,31,7,0.014318691649249534,,Acidobacteriota,Stenotrophobacter
ASV_000200,hyporheic,1,FALSE,3,31,6,-0.26246989465210635,,Pseudomonadota,Hyphomicrobium
ASV_000201,hyporheic,1,FALSE,1,31,6,-0.021628922276454198,,Acidobacteriota,NA
ASV_000204,hyporheic,1,FALSE,2,31,4,-0.09203854719099598,,Actinomycetota,NA
ASV_000205,hyporheic,1,FALSE,7,31,4,-0.32317294389620393,,Pseudomonadota,NA
ASV_000206,hyporheic,1,FALSE,2,31,10,-0.07309305380489374,,Pseudomonadota,Rhodoferax
ASV_000207,hyporheic,1,FALSE,2,31,10,-0.14311300554892778,,Pseudomonadota,NA
ASV_000210,hyporheic,1,TRUE,13,31,3,-0.06129318250190858,,Actinomycetota,Mycobacterium
ASV_000212,hyporheic,1,FALSE,10,31,8,-0.18867468455351544,,Acidobacteriota,NA
ASV_000218,hyporheic,1,FALSE,5,31,9,-0.12194770759241931,,Chloroflexota,NA
ASV_000222,hyporheic,1,FALSE,4,31,7,0.1294189437528323,,Pseudomonadota,NA
ASV_000223,hyporheic,1,FALSE,2,31,15,0.08964747673084389,,Bacteroidota,Chryseotalea
ASV_000228,hyporheic,1,FALSE,3,31,4,0.38903028827657826,,Pseudomonadota,NA
ASV_000231,hyporheic,1,FALSE,3,31,6,-0.35950776216268465,,Acidobacteriota,NA
ASV_000233,hyporheic,1,FALSE,2,31,4,0.0861819766733701,,Actinomycetota,NA
ASV_000234,hyporheic,1,FALSE,3,31,4,-0.2287802673939664,,Pseudomonadota,NA
ASV_000236,hyporheic,1,FALSE,4,31,6,0.32947245149721893,,Acidobacteriota,Paludibaculum
ASV_000237,hyporheic,1,FALSE,3,31,4,0.09864202149361637,,NB1-j,NA
ASV_000238,hyporheic,1,FALSE,10,31,3,-0.12415798506796866,,Pseudomonadota,Bradyrhizobium
ASV_000240,hyporheic,1,FALSE,6,31,13,0.10750246217164833,,Thermodesulfobacteriota,NA
ASV_000244,hyporheic,1,FALSE,11,31,10,0.011414870543369558,,Actinomycetota,Acidiferrimicrobium
ASV_000247,hyporheic,1,FALSE,1,31,4,-0.14393998357689597,,Thermodesulfobacteriota,Desulfobacca
ASV_000248,hyporheic,1,FALSE,2,31,9,-0.24522951867064052,,Actinomycetota,Nocardioides
ASV_000249,hyporheic,1,FALSE,6,31,7,-0.18751978871421024,,Verrucomicrobiota,Chthoniobacter
ASV_000250,hyporheic,1,FALSE,5,31,5,-0.19955665373187764,,Pseudomonadota,NA
ASV_000251,hyporheic,1,FALSE,6,31,23,0.083209594381349,,Pseudomonadota,Rhodoferax
ASV_000254,hyporheic,1,FALSE,7,31,6,-0.02045979134259181,,Pseudomonadota,Pseudaminobacter
ASV_000256,hyporheic,1,FALSE,10,31,5,0.03242008727820725,,Pseudomonadota,Pedomicrobium
ASV_000258,hyporheic,1,FALSE,2,31,5,0.041862831145646255,,Pseudomonadota,NA
ASV_000259,hyporheic,1,FALSE,11,31,5,0.04375137991913406,,Pseudomonadota,Devosia
ASV_000260,hyporheic,1,FALSE,1,31,5,-0.10072260125268272,,Bacillota,Anoxybacillus
ASV_000263,hyporheic,1,FALSE,1,31,19,-0.33403639583557254,,Verrucomicrobiota,Oleiharenicola
ASV_000265,hyporheic,1,FALSE,10,31,10,-0.05196649008055569,,Acidobacteriota,NA
ASV_000267,hyporheic,1,FALSE,5,31,11,0.11738024736811453,,Pseudomonadota,NA
ASV_000268,hyporheic,1,TRUE,9,31,3,0.08408167343210536,,Pseudomonadota,Reyranella
ASV_000269,hyporheic,1,FALSE,1,31,3,0.0738944387997306,,Nitrospirota,Nitrospira
ASV_000271,hyporheic,1,FALSE,11,31,4,0.18343954874251467,,Acidobacteriota,NA
ASV_000273,hyporheic,1,TRUE,13,31,3,-0.14851809606231692,,Pseudomonadota,NA
ASV_000275,hyporheic,1,FALSE,8,31,3,0.03614726147548455,,Pseudomonadota,IS-44
ASV_000276,hyporheic,1,FALSE,8,31,3,0.3017510523170884,,Bacteroidota,OLB12
ASV_000277,hyporheic,1,FALSE,1,31,3,-0.11669278976324902,,Verrucomicrobiota,Chthoniobacter
ASV_000278,hyporheic,1,TRUE,8,31,3,0.25234164739056936,,Chloroflexota,NA
ASV_000279,hyporheic,1,FALSE,12,31,6,0.04355935694151341,,Myxococcota,NA
ASV_000280,hyporheic,1,FALSE,9,31,5,-0.024551134055341414,,Pseudomonadota,NA
ASV_000281,hyporheic,1,FALSE,2,31,16,-0.12723763273862648,,Pseudomonadota,MND1
ASV_000283,hyporheic,1,FALSE,3,31,14,-0.10744422451775368,,Pseudomonadota,MND1
ASV_000285,hyporheic,1,FALSE,4,31,6,-0.12573486416741167,,Planctomycetota,NA
ASV_000287,hyporheic,1,FALSE,6,31,7,-0.36622807487503617,,Pseudomonadota,Acidibacter
ASV_000288,hyporheic,1,FALSE,4,31,4,-0.013498381888600135,,Pseudomonadota,mle1-7
ASV_000290,hyporheic,1,FALSE,1,31,7,0.018999802380734957,,Planctomycetota,Pirellula
ASV_000293,hyporheic,1,FALSE,3,31,5,-0.06641396520098766,,Pseudomonadota,NA
ASV_000294,hyporheic,1,FALSE,9,31,4,-0.021452593706171995,,Actinomycetota,Acidiferrimicrobium
ASV_000295,hyporheic,1,FALSE,8,31,10,-0.2880433290305595,,Pseudomonadota,Hyphomicrobium
ASV_000296,hyporheic,1,FALSE,3,31,4,-0.07750614500294398,,Pseudomonadota,NA
ASV_000298,hyporheic,1,FALSE,11,31,4,0.06850989602938798,,Verrucomicrobiota,NA
ASV_000302,hyporheic,1,FALSE,11,31,16,-0.08975179817758333,,Pseudomonadota,Massilia
ASV_000304,hyporheic,1,FALSE,3,31,4,-0.19307334335554796,,Pseudomonadota,NA
ASV_000305,hyporheic,1,FALSE,1,31,14,0.2587615281276423,,Acidobacteriota,NA
ASV_000307,hyporheic,1,FALSE,8,31,7,-0.07792672570649266,,Verrucomicrobiota,NA
ASV_000311,hyporheic,1,FALSE,10,31,5,-0.17720882657893866,,Planctomycetota,NA
ASV_000313,hyporheic,1,FALSE,2,31,3,-0.2978220021567096,,Acidobacteriota,Bryobacter
ASV_000314,hyporheic,1,FALSE,2,31,6,0.21078051244853135,,Pseudomonadota,NA
ASV_000316,hyporheic,1,FALSE,4,31,3,-0.07661647812738571,,Acidobacteriota,NA
ASV_000317,hyporheic,1,FALSE,1,31,3,-0.29714997730104425,,Acidobacteriota,NA
ASV_000318,hyporheic,1,FALSE,5,31,10,-0.08280641643677332,,Pseudomonadota,Hyphomicrobium
ASV_000319,hyporheic,1,FALSE,1,31,8,0.23719399406954444,,Actinomycetota,NA
ASV_000320,hyporheic,1,FALSE,1,31,7,0.3309820646614989,,Pseudomonadota,NA
ASV_000321,hyporheic,1,FALSE,7,31,12,-0.24298914781204609,,Pseudomonadota,MND1
ASV_000322,hyporheic,1,FALSE,1,31,13,0.28729762818691296,,Pseudomonadota,Rhodoferax
ASV_000323,hyporheic,1,FALSE,3,31,5,-0.30979812568093607,,Actinomycetota,Gaiella
ASV_000325,hyporheic,1,FALSE,6,31,10,-0.24665700033257879,,Pseudomonadota,MND1
ASV_000327,hyporheic,1,FALSE,7,31,3,0.09115396372078712,,Verrucomicrobiota,Chthoniobacter
ASV_000329,hyporheic,1,FALSE,9,31,4,0.02976566262614389,,Pseudomonadota,NA
ASV_000331,hyporheic,1,TRUE,11,31,5,-0.08341090416237788,,Actinomycetota,Acidiferrimicrobium
ASV_000336,hyporheic,1,TRUE,13,31,3,0.1280870352283474,,Pseudomonadota,NA
ASV_000338,hyporheic,1,FALSE,1,31,3,-0.029479164414786138,,Actinomycetota,Acidiferrimicrobium
ASV_000341,hyporheic,1,FALSE,7,31,3,-0.15912653149533956,,Pseudomonadota,SWB02
ASV_000342,hyporheic,1,FALSE,3,31,5,-0.10135211751051199,,Pseudomonadota,NA
ASV_000343,hyporheic,1,TRUE,13,31,5,0.22290352945335648,,Pseudomonadota,Acidibacter
ASV_000347,hyporheic,1,FALSE,6,31,5,0.1164605076984144,,Pseudomonadota,NA
ASV_000348,hyporheic,1,FALSE,1,31,5,0.09851929435028028,,Acidobacteriota,NA
ASV_000351,hyporheic,1,FALSE,1,31,7,-0.3976190527214678,,Pseudomonadota,NA
ASV_000352,hyporheic,1,FALSE,5,31,20,-0.1235630033882126,,Fibrobacterota,NA
ASV_000353,hyporheic,1,FALSE,7,31,3,0.3289874748690133,,Acidobacteriota,NA
ASV_000354,hyporheic,1,FALSE,11,31,4,-0.22559824349071195,,Pseudomonadota,Aminobacter
ASV_000355,hyporheic,1,FALSE,8,31,5,0.454307617233324,,Pseudomonadota,Afipia
ASV_000358,hyporheic,1,FALSE,7,31,15,-0.15112960703267375,,Pseudomonadota,P3OB-51
ASV_000364,hyporheic,1,FALSE,9,31,6,0.1286044027248628,,Pseudomonadota,NA
ASV_000366,hyporheic,1,FALSE,6,31,11,0.039652826696249636,,Actinomycetota,Luedemannella
ASV_000367,hyporheic,1,FALSE,6,31,6,0.01519870214021106,,Pseudomonadota,Acidibacter
ASV_000368,hyporheic,1,FALSE,4,31,8,-0.18978752978688426,,Pseudomonadota,NA
ASV_000369,hyporheic,1,FALSE,2,31,11,-0.18264490077638174,,Pseudomonadota,MND1
ASV_000370,hyporheic,1,FALSE,1,31,3,0.23111664901192336,,Planctomycetota,NA
ASV_000372,hyporheic,1,FALSE,2,31,4,0.026988746920667994,,Pseudomonadota,NA
ASV_000378,hyporheic,1,FALSE,7,31,10,-0.22559284712540295,,Pseudomonadota,NA
ASV_000379,hyporheic,1,FALSE,1,31,6,0.08830681157804261,,Pseudomonadota,Fuscovulum
ASV_000382,hyporheic,1,FALSE,2,31,3,-0.0577570373575677,,Acidobacteriota,NA
ASV_000386,hyporheic,1,FALSE,1,31,3,-0.30658330991377586,,Nitrospirota,Nitrospira
ASV_000387,hyporheic,1,FALSE,9,31,3,-0.18152211740949847,,Acidobacteriota,NA
ASV_000388,hyporheic,1,FALSE,3,31,6,-0.18939921128570705,,Pseudomonadota,mle1-7
ASV_000389,hyporheic,1,FALSE,2,31,3,0.2641333131564838,,Pseudomonadota,NA
ASV_000394,hyporheic,1,FALSE,3,31,7,0.10052510557997607,,Pseudomonadota,NA
ASV_000395,hyporheic,1,FALSE,8,31,5,0.034317068800022395,,Pseudomonadota,NA
ASV_000396,hyporheic,1,FALSE,7,31,10,0.08934987050136999,,Acidobacteriota,NA
ASV_000397,hyporheic,1,FALSE,6,31,4,0.04013711080509599,,Myxococcota,NA
ASV_000399,hyporheic,1,FALSE,5,31,6,-0.3419707981547488,,Pseudomonadota,IS-44
ASV_000400,hyporheic,1,FALSE,2,31,3,0.05304217716511319,,Nitrospirota,Nitrospira
ASV_000401,hyporheic,1,FALSE,2,31,6,0.19466030048808777,,Acidobacteriota,NA
ASV_000404,hyporheic,1,FALSE,10,31,3,0.014930390609439268,,Pseudomonadota,Hypericibacter
ASV_000409,hyporheic,1,FALSE,1,31,5,0.044066138048048695,,Pseudomonadota,AAP99
ASV_000410,hyporheic,1,FALSE,2,31,4,0.06989393433301198,,Pseudomonadota,NA
ASV_000411,hyporheic,1,FALSE,11,31,8,-0.3993614156382743,,Pseudomonadota,Pseudomonas
ASV_000412,hyporheic,1,FALSE,4,31,6,-0.24785575797882647,,Pseudomonadota,Dongia
ASV_000415,hyporheic,1,FALSE,2,31,5,-9.442743867439005e-4,,Planctomycetota,NA
ASV_000416,hyporheic,1,FALSE,6,31,6,-0.09703786751057829,,Pseudomonadota,NA
ASV_000417,hyporheic,1,FALSE,3,31,4,0.12979213354423208,,Chloroflexota,NA
ASV_000419,hyporheic,1,FALSE,11,31,9,-0.1961528434493909,,Pseudomonadota,Bradyrhizobium
ASV_000423,hyporheic,1,FALSE,1,31,4,-0.05605355129677199,,Pseudomonadota,Kineobactrum
ASV_000425,hyporheic,1,FALSE,2,31,5,-0.026439682828829213,,Nitrospirota,Nitrospira
ASV_000426,hyporheic,1,FALSE,1,31,6,0.18271542341238844,,NB1-j,NA
ASV_000427,hyporheic,1,FALSE,3,31,5,0.045325170563707225,,Bacteroidota,NA
ASV_000429,hyporheic,1,FALSE,8,31,3,0.09351139381701437,,Pseudomonadota,Hyphomicrobium
ASV_000431,hyporheic,1,FALSE,9,31,3,0.27110446106613406,,Pseudomonadota,NA
ASV_000432,hyporheic,1,FALSE,2,31,6,-0.022213487743385392,,Thermodesulfobacteriota,Pelotalea
ASV_000433,hyporheic,1,FALSE,3,31,3,-0.1701278719444001,,Bacteroidota,Terrimonas
ASV_000435,hyporheic,1,FALSE,2,31,14,0.07590405698783828,,Pseudomonadota,MND1
ASV_000439,hyporheic,1,FALSE,10,31,6,-0.03039740428042212,,Pseudomonadota,Variovorax
ASV_000442,hyporheic,1,TRUE,9,31,3,-0.09429720384909011,,Myxococcota,NA
ASV_000446,hyporheic,1,FALSE,2,31,6,-0.06956329056481216,,Pseudomonadota,NA
ASV_000447,hyporheic,1,FALSE,4,31,11,0.002121329771712913,,Pseudomonadota,NA
ASV_000449,hyporheic,1,FALSE,3,31,3,0.09076105870474924,,Pseudomonadota,Piscinibacter
ASV_000452,hyporheic,1,FALSE,5,31,8,-0.22068214696857064,,Acidobacteriota,NA
ASV_000453,hyporheic,1,FALSE,1,31,4,-0.23459449246426795,,Thermoplasmatota,Marine Benthic Group D and DHVEG-1
ASV_000455,hyporheic,1,FALSE,2,31,5,0.31074263216167064,,Acidobacteriota,NA
ASV_000458,hyporheic,1,FALSE,4,31,7,-0.03441993184915754,,Pseudomonadota,Reyranella
ASV_000461,hyporheic,1,FALSE,3,31,13,-0.22034726414221945,,Pseudomonadota,Paucibacter
ASV_000462,hyporheic,1,FALSE,7,31,6,-0.23207249037168423,,Verrucomicrobiota,NA
ASV_000464,hyporheic,1,FALSE,6,31,9,-0.13152299631286082,,Pseudomonadota,Reyranella
ASV_000467,hyporheic,1,FALSE,3,31,6,-0.24519280650575168,,Planctomycetota,Pir4 lineage
ASV_000470,hyporheic,1,FALSE,9,31,6,-0.279659393187569,,Pseudomonadota,NA
ASV_000473,hyporheic,1,FALSE,2,31,5,-0.03682670108301212,,Bacteroidota,Ferruginibacter
ASV_000474,hyporheic,1,FALSE,4,31,4,-0.031140861831539992,,Actinomycetota,NA
ASV_000475,hyporheic,1,FALSE,1,31,5,0.15552873382762442,,Verrucomicrobiota,Luteolibacter
ASV_000476,hyporheic,1,FALSE,2,31,6,0.06315983874456028,,Pseudomonadota,Georgfuchsia
ASV_000477,hyporheic,1,FALSE,5,31,3,0.22199133406139962,,Pseudomonadota,NA
ASV_000483,hyporheic,1,FALSE,4,31,6,0.06840865452559824,,Planctomycetota,NA
ASV_000486,hyporheic,1,FALSE,3,31,5,0.22033069024024343,,Myxococcota,NA
ASV_000487,hyporheic,1,FALSE,6,31,6,0.041814152502185745,,Actinomycetota,NA
ASV_000489,hyporheic,1,FALSE,9,31,5,0.07493084747160854,,Chloroflexota,NA
ASV_000490,hyporheic,1,FALSE,8,31,8,-0.2904483190661157,,Pseudomonadota,NA
ASV_000493,hyporheic,1,FALSE,8,31,7,0.053705193392042015,,Pseudomonadota,NA
ASV_000494,hyporheic,1,FALSE,10,31,6,-0.21019582309361168,,Actinomycetota,Galbitalea
ASV_000497,hyporheic,1,FALSE,2,31,15,-0.34225304079745816,,Pseudomonadota,NA
ASV_000499,hyporheic,1,FALSE,3,31,5,-0.30248256188696276,,Pseudomonadota,Nordella
ASV_000500,hyporheic,1,FALSE,8,31,3,-0.11158502455475663,,Pseudomonadota,MND1
ASV_000501,hyporheic,1,FALSE,1,31,3,-0.2637402576309533,,Acidobacteriota,NA
ASV_000506,hyporheic,1,FALSE,1,31,4,-0.13290714474929363,,Acidobacteriota,NA
ASV_000509,hyporheic,1,FALSE,3,31,4,0.05605355129677199,,Verrucomicrobiota,NA
ASV_000510,hyporheic,1,FALSE,7,31,3,0.13358770545287768,,Pseudomonadota,NA
ASV_000512,hyporheic,1,FALSE,8,31,8,0.04716867113837886,,Myxococcota,NA
ASV_000513,hyporheic,1,FALSE,2,31,16,-0.3283660003795743,,Pseudomonadota,NA
ASV_000514,hyporheic,1,FALSE,1,31,6,0.1706931163439088,,Pseudomonadota,Hyphomicrobium
ASV_000517,hyporheic,1,FALSE,5,31,4,-0.03736903419784799,,Pseudomonadota,Hyphomicrobium
ASV_000518,hyporheic,1,FALSE,3,31,8,-0.19719460061973443,,Pseudomonadota,NA
ASV_000519,hyporheic,1,FALSE,7,31,8,-0.1213489715516012,,Pseudomonadota,Pseudomonas
ASV_000520,hyporheic,1,FALSE,4,31,6,0.00380048080697768,,Planctomycetota,NA
ASV_000527,hyporheic,1,TRUE,11,31,3,0.12022893490758989,,Verrucomicrobiota,Candidatus Udaeobacter
ASV_000530,hyporheic,1,FALSE,4,31,4,-0.10311085361998798,,Acidobacteriota,NA
ASV_000531,hyporheic,1,FALSE,12,31,9,-0.2847177591129898,,Bacillota,Paenibacillus
ASV_000534,hyporheic,1,FALSE,9,31,4,-0.11072306428991996,,Actinomycetota,Mycobacterium
ASV_000536,hyporheic,1,FALSE,4,31,3,-0.13948128069344581,,Pseudomonadota,Leptothrix
ASV_000537,hyporheic,1,FALSE,7,31,5,0.10355542441291442,,Pseudomonadota,IS-44
ASV_000539,hyporheic,1,FALSE,4,31,10,-0.09809061870259095,,Pseudomonadota,NA
ASV_000544,hyporheic,1,FALSE,3,31,5,0.21812738333784104,,Pseudomonadota,Pseudolabrys
ASV_000546,hyporheic,1,FALSE,5,31,9,0.17429635693555887,,Verrucomicrobiota,NA
ASV_000547,hyporheic,1,FALSE,5,31,6,-0.12132304114582594,,Verrucomicrobiota,NA
ASV_000550,hyporheic,1,FALSE,3,31,8,-0.15460842206468628,,Planctomycetota,NA
ASV_000551,hyporheic,1,FALSE,6,31,7,-0.05423561505445207,,Acidobacteriota,NA
ASV_000554,hyporheic,1,FALSE,9,31,3,-0.12376508005193078,,Acidobacteriota,NA
ASV_000556,hyporheic,1,FALSE,1,31,7,0.2998664462698604,,Nitrospirota,Nitrospira
ASV_000557,hyporheic,1,FALSE,2,31,5,-0.16021188761754843,,Pseudomonadota,Hirschia
ASV_000561,hyporheic,1,FALSE,5,31,10,-0.31475898349376485,,Pseudomonadota,MND1
ASV_000563,hyporheic,1,FALSE,1,31,5,-0.13317541378357314,,Acidobacteriota,NA
ASV_000567,hyporheic,1,FALSE,5,31,4,-0.03598499589422399,,MBNT15,NA
ASV_000569,hyporheic,1,FALSE,7,31,4,0.17162074964937596,,Pseudomonadota,Hyphomicrobium
ASV_000572,hyporheic,1,TRUE,11,31,4,0.06712585772576399,,Actinomycetota,NA
ASV_000576,hyporheic,1,FALSE,5,31,3,0.10529854429815064,,Pseudomonadota,Hyphomicrobium
ASV_000579,hyporheic,1,FALSE,5,31,8,-0.23693190125841787,,Pseudomonadota,MND1
ASV_000581,hyporheic,1,FALSE,2,31,4,0.10380287277179998,,Actinomycetota,NA
ASV_000583,hyporheic,1,FALSE,7,31,5,0.19803152546067967,,Actinomycetota,NA
ASV_000584,hyporheic,1,FALSE,8,31,4,-0.05536153214495998,,Actinomycetota,Acidiferrimicrobium
ASV_000585,hyporheic,1,FALSE,5,31,4,-0.18892122844467593,,Actinomycetota,Acidiferrimicrobium
ASV_000589,hyporheic,1,FALSE,1,31,7,0.1787082861608259,,Acidobacteriota,NA
ASV_000592,hyporheic,1,FALSE,8,31,11,-0.05681232530513158,,Pseudomonadota,MND1
ASV_000595,hyporheic,1,FALSE,1,31,4,-0.10726296853085998,,Chloroflexota,NA
ASV_000598,hyporheic,1,FALSE,3,31,3,0.129708323425059,,Planctomycetota,NA
ASV_000599,hyporheic,1,FALSE,8,31,3,0.1756958199121254,,Planctomycetota,NA
ASV_000603,hyporheic,1,FALSE,6,31,4,0.06712585772576399,,Acidobacteriota,NA
ASV_000604,hyporheic,1,FALSE,3,31,6,0.361414632816095,,Actinomycetota,Conexibacter
ASV_000605,hyporheic,1,FALSE,3,31,17,-0.012060992404048624,,Acidobacteriota,NA
ASV_000608,hyporheic,1,FALSE,1,31,4,-0.06158970451126799,,Pseudomonadota,GOUTA6
ASV_000609,hyporheic,1,FALSE,2,31,6,-0.038589497424696445,,Acidobacteriota,NA
ASV_000612,hyporheic,1,FALSE,3,31,8,-0.011796186243659933,,Pseudomonadota,Methylotenera
ASV_000614,hyporheic,1,FALSE,6,31,3,-0.05422089221322681,,Verrucomicrobiota,NA
ASV_000615,hyporheic,1,FALSE,10,31,4,-0.29800273861755683,,Pseudomonadota,Piscinibacter
ASV_000622,hyporheic,1,FALSE,5,31,4,-0.020760574554359996,,Actinomycetota,Acidiferrimicrobium
ASV_000625,hyporheic,1,FALSE,4,31,7,-0.026429538300646694,,Bacteroidota,Chryseotalea
ASV_000628,hyporheic,1,FALSE,6,31,4,-0.18130901777474392,,Planctomycetota,Pirellula
ASV_000631,hyporheic,1,FALSE,1,31,9,-0.06841274777273254,,Myxococcota,NA
ASV_000637,hyporheic,1,FALSE,1,31,3,-0.0208239658500074,,Pseudomonadota,Hyphomicrobium
ASV_000642,hyporheic,1,FALSE,8,31,3,-0.13280189542080192,,Acidobacteriota,NA
ASV_000643,hyporheic,1,FALSE,3,31,4,-0.06160799938899549,,Bacteroidota,Chryseotalea
ASV_000645,hyporheic,1,FALSE,5,31,6,0.16835485447618403,,Gemmatimonadota,NA
ASV_000646,hyporheic,1,FALSE,6,31,4,-0.07819816415475597,,Pseudomonadota,Variibacter
ASV_000650,hyporheic,1,FALSE,1,31,11,-0.08604356322146484,,Pseudomonadota,BIyi10
ASV_000653,hyporheic,1,FALSE,7,31,6,0.1856388701869867,,Pseudomonadota,Acidibacter
ASV_000656,hyporheic,1,FALSE,1,31,12,0.11302970212248784,,Pseudomonadota,Yersinia
ASV_000666,hyporheic,1,FALSE,9,31,5,-0.15489906284046803,,Verrucomicrobiota,Chthoniobacter
ASV_000669,hyporheic,1,FALSE,2,31,5,-0.12813804588632216,,Acidobacteriota,NA
ASV_000670,hyporheic,1,FALSE,3,31,3,-0.11079921452268089,,Acidobacteriota,NA
ASV_000671,hyporheic,1,FALSE,6,31,6,-0.08887278194778575,,Bacteroidota,NA
ASV_000676,hyporheic,1,FALSE,2,31,14,0.1006048590967057,,Pseudomonadota,Cellvibrio
ASV_000677,hyporheic,1,FALSE,2,31,3,-0.23849334473499043,,Bacteroidota,NA
ASV_000680,hyporheic,1,FALSE,1,31,4,0.31946170469686985,,RCP2-54,NA
ASV_000683,hyporheic,1,FALSE,4,31,3,-0.1080902695208825,,Pseudomonadota,NA
ASV_000685,hyporheic,1,FALSE,7,31,5,-0.17783834283676792,,Planctomycetota,NA
ASV_000689,hyporheic,1,FALSE,11,31,3,0.45301948349167037,,Pseudomonadota,Bradyrhizobium
ASV_000693,hyporheic,1,FALSE,3,31,6,-0.12158961712168848,,Bacteroidota,Chryseotalea
ASV_000694,hyporheic,1,FALSE,2,31,4,0.07543008754750798,,Pseudomonadota,NA
ASV_000695,hyporheic,1,FALSE,1,31,8,-0.019132775212239495,,Pseudomonadota,NA
ASV_000696,hyporheic,1,TRUE,10,31,3,-0.1426791557675649,,Actinomycetota,Streptomyces
ASV_000698,hyporheic,1,FALSE,7,31,5,-0.01196374875597111,,Pseudomonadota,Reyranella
ASV_000700,hyporheic,1,FALSE,1,31,6,0.17595420554628957,,Thermoproteota,NA
ASV_000702,hyporheic,1,FALSE,2,31,6,-0.0964533020436471,,Actinomycetota,Gaiella
ASV_000706,hyporheic,1,FALSE,2,31,4,0.20345363063272795,,Nitrospirota,NA
ASV_000708,hyporheic,1,TRUE,8,31,5,0.21351095658450164,,Actinomycetota,Nocardioides
ASV_000709,hyporheic,1,FALSE,2,31,4,-0.26962152541588474,,Verrucomicrobiota,NA
ASV_000710,hyporheic,1,FALSE,3,31,5,-0.2936693342773531,,Actinomycetota,NA
ASV_000712,hyporheic,1,FALSE,1,31,4,-0.18546113268561595,,Actinomycetota,NA
ASV_000718,hyporheic,1,FALSE,2,31,11,0.35821967636141966,,Bacteroidota,Flavobacterium
ASV_000720,hyporheic,1,FALSE,5,31,5,-0.2017599606342801,,Acidobacteriota,NA
ASV_000724,hyporheic,1,FALSE,5,31,5,-0.11806331009182017,,Pseudomonadota,NA
ASV_000730,hyporheic,1,FALSE,7,31,9,0.07870027314727267,,Acidobacteriota,NA
ASV_000731,hyporheic,1,FALSE,10,31,4,-0.3923748590774039,,Myxococcota,NA
ASV_000736,hyporheic,1,FALSE,8,31,3,0.10372692423399914,,Pseudomonadota,NA
ASV_000738,hyporheic,1,FALSE,1,31,14,0.1233292022698651,,Pseudomonadota,MND1
ASV_000741,hyporheic,1,TRUE,10,31,4,-0.2903010051293468,,Pseudomonadota,Xylophilus
ASV_000742,hyporheic,1,FALSE,2,31,4,0.0069201915181199974,,NB1-j,NA
ASV_000745,hyporheic,1,FALSE,5,31,4,0.09757470040549197,,Acidobacteriota,NA
ASV_000746,hyporheic,1,FALSE,8,31,3,-0.3139311078142625,,Actinomycetota,Nakamurella
ASV_000755,hyporheic,1,FALSE,2,31,9,-0.062144313770734885,,Acidobacteriota,NA
ASV_000757,hyporheic,1,FALSE,5,31,12,0.08618453633578023,,Pseudomonadota,NA
ASV_000760,hyporheic,1,FALSE,1,31,3,0.0770093831434236,,Actinomycetota,Acidiferrimicrobium
ASV_000761,hyporheic,1,FALSE,1,31,4,0.4069072612654559,,Acidobacteriota,NA
ASV_000764,hyporheic,1,FALSE,3,31,7,-0.09112684559910474,,Acidobacteriota,NA
ASV_000767,hyporheic,1,FALSE,2,31,3,-0.2589244055689599,,Actinomycetota,Gaiella
ASV_000772,hyporheic,1,FALSE,1,31,4,0.2727365366209463,,Actinomycetota,NA
ASV_000778,hyporheic,1,FALSE,2,31,7,-0.20876172610855304,,Bacteroidota,Chryseotalea
ASV_000781,hyporheic,1,FALSE,3,31,9,0.1523956706799114,,Verrucomicrobiota,Oleiharenicola
ASV_000785,hyporheic,1,FALSE,5,31,6,0.18823008035184463,,Myxococcota,NA
ASV_000787,hyporheic,1,FALSE,1,31,8,-0.04874926286954173,,Pseudomonadota,MND1
ASV_000788,hyporheic,1,FALSE,3,31,4,0.15224421339863994,,Pseudomonadota,NA
ASV_000790,hyporheic,1,FALSE,7,31,10,-0.22753551965177887,,Pseudomonadota,Rhodoferax
ASV_000793,hyporheic,1,FALSE,8,31,4,0.10311085361998798,,Actinomycetota,Acidiferrimicrobium
ASV_000802,hyporheic,1,FALSE,2,31,5,0.05667038884407368,,Pseudomonadota,NA
ASV_000808,hyporheic,1,FALSE,3,31,4,0.06712585772576399,,Pseudomonadota,GOUTA6
ASV_000817,hyporheic,1,FALSE,5,31,6,-0.09528417110978472,,Pseudomonadota,NA
ASV_000819,hyporheic,1,FALSE,3,31,4,-0.3183288098335199,,Pseudomonadota,NA
ASV_000826,hyporheic,1,FALSE,2,31,6,-0.02280288484186608,,Planctomycetota,NA
ASV_000827,hyporheic,1,FALSE,3,31,6,-0.24902488891268887,,Bacteroidota,Terrimonas
ASV_000828,hyporheic,1,FALSE,6,31,3,-0.22993748243533188,,Bacteroidota,Panacibacter
ASV_000830,hyporheic,1,FALSE,2,31,3,-0.18387954750572572,,Verrucomicrobiota,NA
ASV_000831,hyporheic,1,FALSE,3,31,4,-0.04290518741234399,,Myxococcota,NA
ASV_000833,hyporheic,1,FALSE,8,31,4,-0.3176367906817079,,Myxococcota,NA
ASV_000835,hyporheic,1,TRUE,4,31,4,-0.13286767714790398,,Nitrospirota,Nitrospira
ASV_000836,hyporheic,1,FALSE,7,31,3,-0.025941664685011804,,Entotheonellaeota,NA
ASV_000841,hyporheic,1,TRUE,6,31,3,0.0011791665765914458,,Pseudomonadota,Pseudolabrys
ASV_000842,hyporheic,1,TRUE,11,31,3,-0.10804887941041574,,Actinomycetota,Mycobacterium
ASV_000846,hyporheic,1,FALSE,3,31,4,-0.11625921750441597,,Acidobacteriota,NA
ASV_000850,hyporheic,1,FALSE,2,31,3,0.055420829099797946,,Pseudomonadota,MND1
ASV_000851,hyporheic,1,FALSE,1,31,3,-0.4596988687643143,,Acidobacteriota,NA
ASV_000855,hyporheic,1,FALSE,3,31,7,0.03003112656830449,,Actinomycetota,Gaiella
ASV_000856,hyporheic,1,FALSE,9,31,5,-0.2512387238753933,,Bacillota,Alicyclobacillus
ASV_000857,hyporheic,1,FALSE,1,31,6,0.2751546678640335,,Thermodesulfobacteriota,NA
ASV_000860,hyporheic,1,FALSE,5,31,3,0.2051749843269115,,Myxococcota,P3OB-42
ASV_000864,hyporheic,1,FALSE,11,31,9,0.05129346876052276,,Myxococcota,NA
ASV_000873,hyporheic,1,FALSE,2,31,5,0.03903000798541456,,Pseudomonadota,NA
ASV_000876,hyporheic,1,FALSE,1,31,10,0.29492997736144577,,Nitrospirota,Nitrospira
ASV_000878,hyporheic,1,FALSE,1,31,4,0.062281723663079984,,Bacteroidota,Ferruginibacter
ASV_000889,hyporheic,1,FALSE,8,31,3,-0.16351109862068047,,Pseudomonadota,NA
ASV_000893,hyporheic,1,FALSE,4,31,3,0.2691399359859447,,Pseudomonadota,mle1-7
ASV_000897,hyporheic,1,FALSE,1,31,11,0.0063631126722094285,,Pseudomonadota,Rhodoferax
ASV_000899,hyporheic,1,FALSE,2,31,5,0.1781968893652539,,Pseudomonadota,Georgfuchsia
ASV_000900,hyporheic,1,FALSE,2,31,10,-0.21348236611961366,,Pseudomonadota,MND1
ASV_000906,hyporheic,1,FALSE,2,31,3,-0.028289161154727033,,Pseudomonadota,GOUTA6
ASV_000907,hyporheic,1,FALSE,4,31,3,0.04361245678020418,,Gemmatimonadota,NA
ASV_000909,hyporheic,1,FALSE,3,31,4,-0.18274732403027877,,Pseudomonadota,Pseudorhodoferax
ASV_000910,hyporheic,1,FALSE,2,31,4,-0.056745570448583985,,Pseudomonadota,NA
ASV_000911,hyporheic,1,FALSE,1,31,4,0.20829776469541195,,Thermodesulfobacteriota,NA
ASV_000918,hyporheic,1,FALSE,2,31,6,-0.07571727146209377,,Acidobacteriota,NA
ASV_000921,hyporheic,1,FALSE,6,31,4,0.22905833924977193,,Pseudomonadota,Rhizobacter
ASV_000924,hyporheic,1,FALSE,2,31,4,0.04013711080509599,,Pseudomonadota,NA
ASV_000925,hyporheic,1,FALSE,5,31,4,0.06020566620764398,,Pseudomonadota,NA
ASV_000930,hyporheic,1,TRUE,10,31,3,-0.1508755261585442,,Planctomycetota,NA
ASV_000937,hyporheic,1,FALSE,1,31,3,-0.07192916117207818,,Acidobacteriota,NA
ASV_000940,hyporheic,1,FALSE,7,31,3,-0.2498875902000888,,Actinomycetota,NA
ASV_000950,hyporheic,1,FALSE,5,31,3,0.3096091526378459,,Gemmatimonadota,NA
ASV_000957,hyporheic,1,FALSE,1,31,5,-0.2162388345643532,,Pseudomonadota,Rhizorhapis
ASV_000958,hyporheic,1,FALSE,6,31,4,-0.010729483039656519,,Actinomycetota,CL500-29 marine group
ASV_000966,hyporheic,1,FALSE,2,31,4,0.2699676377720027,,Pseudomonadota,Pseudolabrys
ASV_000977,hyporheic,1,FALSE,2,31,5,-0.21560931830652394,,Planctomycetota,NA
ASV_000981,hyporheic,1,FALSE,3,31,3,0.2868206617076491,,Actinomycetota,Aquihabitans
ASV_000986,hyporheic,1,FALSE,8,31,4,-0.27542362242117596,,Pseudomonadota,Hyphomicrobium
ASV_000997,hyporheic,1,FALSE,4,31,3,0.22246942745025275,,Acidobacteriota,NA
ASV_001005,hyporheic,1,FALSE,1,31,4,-0.23085694153067413,,Acidobacteriota,NA
ASV_001006,hyporheic,1,FALSE,2,31,3,-0.28485613662745973,,Pseudomonadota,NA
ASV_001008,hyporheic,1,FALSE,1,31,5,-0.09161712863125245,,Pseudomonadota,NA
ASV_001013,hyporheic,1,FALSE,1,31,4,0.3287090971106999,,Bacteroidota,Chryseotalea
ASV_001016,hyporheic,1,FALSE,2,31,7,-0.15483938652648738,,Pseudomonadota,Amaricoccus
ASV_001025,hyporheic,1,TRUE,7,31,4,-0.05743758960039599,,Pseudomonadota,Reyranella
ASV_001031,hyporheic,1,FALSE,3,31,11,0.16220857991484844,,Spirochaetota,Spirochaeta
ASV_001036,hyporheic,1,FALSE,3,31,3,0.05225636713303744,,Pseudomonadota,Ellin6067
ASV_001037,hyporheic,1,FALSE,7,31,8,-0.1295400700879638,,Verrucomicrobiota,Opitutus
ASV_001040,hyporheic,1,FALSE,4,31,5,-0.3084629663363408,,Pseudomonadota,NA
ASV_001049,hyporheic,1,FALSE,1,31,5,0.01542314831681704,,Pseudomonadota,Sphingorhabdus
ASV_001050,hyporheic,1,FALSE,5,31,3,0.08761781857644624,,Chloroflexota,NA
ASV_001053,hyporheic,1,FALSE,5,31,3,0.2794624786521726,,Pseudomonadota,MND1
ASV_001060,hyporheic,1,FALSE,1,31,9,0.18634520127692136,,Pseudomonadota,NA
ASV_001063,hyporheic,1,FALSE,3,31,5,-0.18921613164049048,,Pseudomonadota,mle1-7
ASV_001064,hyporheic,1,FALSE,3,31,3,0.11629988474721115,,Planctomycetota,NA
ASV_001065,hyporheic,1,FALSE,2,31,5,-0.10387018254182906,,Pseudomonadota,NA
ASV_001068,hyporheic,1,FALSE,1,31,5,0.04060379862998772,,Pseudomonadota,NA
ASV_001071,hyporheic,1,FALSE,5,31,3,0.04518407684435568,,Pseudomonadota,Arsenicitalea
ASV_001077,hyporheic,1,FALSE,1,31,4,-0.22462691912055097,,Verrucomicrobiota,ADurb.Bin063-1
ASV_001082,hyporheic,1,TRUE,10,31,3,0.014930390609439268,,Pseudomonadota,Burkholderia-Caballeronia-Paraburkholderia
ASV_001087,hyporheic,1,FALSE,2,31,3,-0.27581932125858855,,Planctomycetota,NA
ASV_001092,hyporheic,1,FALSE,2,31,5,0.21309125327520687,,Pseudomonadota,NA
ASV_001097,hyporheic,1,FALSE,5,31,3,-0.17562854216893034,,Pseudomonadota,NA
ASV_001099,hyporheic,1,FALSE,2,31,7,0.05919115348582332,,Pseudomonadota,Rugosibacter
ASV_001100,hyporheic,1,FALSE,2,31,3,0.2641333131564838,,Planctomycetota,NA
ASV_001103,hyporheic,1,FALSE,3,31,6,-0.13596909729731727,,Planctomycetota,NA
ASV_001105,hyporheic,1,FALSE,5,31,3,0.20588222840384673,,Myxococcota,NA
ASV_001107,hyporheic,1,FALSE,1,31,7,0.1288682248432458,,Myxococcota,NA
ASV_001110,hyporheic,1,FALSE,3,31,7,-0.10709469165574545,,Acidobacteriota,NA
ASV_001120,hyporheic,1,FALSE,2,31,3,0.3791533404765498,,Pseudomonadota,SWB02
ASV_001123,hyporheic,1,FALSE,1,31,5,-0.171585344000112,,Pseudomonadota,Pedomicrobium
ASV_001130,hyporheic,1,FALSE,5,31,5,-0.1436709762157118,,Pseudomonadota,Reyranella
ASV_001139,hyporheic,1,FALSE,2,31,3,-0.0719016179349312,,Pseudomonadota,GOUTA6
ASV_001146,hyporheic,1,FALSE,3,31,7,-0.24424383640162184,,Actinomycetota,Acidiferrimicrobium
ASV_001151,hyporheic,1,FALSE,5,31,4,0.2723904242648284,,Pseudomonadota,Ellin6067
ASV_001170,hyporheic,1,FALSE,2,31,3,-0.009822625400946888,,Methylomirabilota,NA
ASV_001180,hyporheic,1,FALSE,2,31,3,0.20745384846799828,,Verrucomicrobiota,NA
ASV_001182,hyporheic,1,FALSE,2,31,5,-0.13786406046460947,,Chloroflexota,NA
ASV_001186,hyporheic,1,FALSE,1,31,3,-0.013358770545287765,,Pseudomonadota,NA
ASV_001191,hyporheic,1,FALSE,1,31,4,0.3377053460842559,,Planctomycetota,Pir4 lineage
ASV_001195,hyporheic,1,FALSE,6,31,3,-0.12533670011608228,,Pseudomonadota,NA
ASV_001207,hyporheic,1,FALSE,1,31,5,0.06705996013215385,,Pseudomonadota,NA
ASV_001213,hyporheic,1,FALSE,4,31,3,-0.03183749756796903,,Pseudomonadota,Reyranella
ASV_001216,hyporheic,1,FALSE,1,31,3,0.0880107235924841,,Acidobacteriota,Geothrix
ASV_001228,hyporheic,1,FALSE,1,31,3,-0.19409507792271047,,Bacteroidota,Terrimonas
ASV_001237,hyporheic,1,FALSE,4,31,3,-0.05500670224530257,,Acidobacteriota,JGI 0001001-H03
ASV_001238,hyporheic,1,FALSE,1,31,12,-0.1001645327752128,,Pseudomonadota,GOUTA6
ASV_001245,hyporheic,1,FALSE,5,31,3,0.19959574814724074,,Pseudomonadota,Rhizobacter
ASV_001246,hyporheic,1,FALSE,6,31,3,0.10926943609747397,,Pseudomonadota,NA
ASV_001254,hyporheic,1,FALSE,4,31,3,0.03929050160378755,,Pseudomonadota,Rhodoplanes
ASV_001259,hyporheic,1,FALSE,8,31,4,-0.05397749384133599,,Pseudomonadota,NA
ASV_001261,hyporheic,1,FALSE,1,31,5,-0.14797268198174793,,Pseudomonadota,NA
ASV_001266,hyporheic,1,FALSE,1,31,3,0.2102847061588078,,Planctomycetota,NA
ASV_001268,hyporheic,1,FALSE,3,31,10,-0.4188297207340465,,Bacteroidota,NA
ASV_001269,hyporheic,1,FALSE,3,31,3,-0.15211248838029648,,Verrucomicrobiota,DEV114
ASV_001282,hyporheic,1,FALSE,6,31,6,0.3879413869891832,,Actinomycetota,Kineosporia
ASV_001284,hyporheic,1,FALSE,2,31,3,-0.24792306511989945,,Pseudomonadota,MND1
ASV_001305,hyporheic,1,FALSE,1,31,8,-0.14727107322093846,,Pseudomonadota,GOUTA6
ASV_001312,hyporheic,1,FALSE,2,31,16,-0.18650507971535418,,Pseudomonadota,Undibacterium
ASV_001319,hyporheic,1,FALSE,1,31,3,-0.04243374173209055,,Acidobacteriota,NA
ASV_001323,hyporheic,1,FALSE,2,31,5,-0.1501396274922802,,Actinomycetota,NA
ASV_001329,hyporheic,1,FALSE,6,31,3,0.2877166446883127,,Actinomycetota,NA
ASV_001331,hyporheic,1,FALSE,1,31,3,-0.4424110480586478,,Acidobacteriota,NA
ASV_001332,hyporheic,1,FALSE,3,31,3,-0.18080554174402166,,Acidobacteriota,NA
ASV_001334,hyporheic,1,FALSE,1,31,6,-0.10054526031216547,,Pseudomonadota,NA
ASV_001335,hyporheic,1,FALSE,1,31,3,0.19409507792271047,,Thermodesulfobacteriota,NA
ASV_001337,hyporheic,1,FALSE,1,31,4,-0.39906754660399885,,Acidobacteriota,NA
ASV_001348,hyporheic,1,FALSE,1,31,4,0.3443817943373624,,Pseudomonadota,NA
ASV_001354,hyporheic,1,FALSE,5,31,5,-0.2030189931499386,,Acidobacteriota,NA
ASV_001362,hyporheic,1,FALSE,1,31,9,-0.05230742491983758,,Planctomycetota,NA
ASV_001364,hyporheic,1,FALSE,1,31,5,0.0025180650313170677,,Verrucomicrobiota,NA
ASV_001365,hyporheic,1,FALSE,3,31,6,0.050315288314081455,,Methylomirabilota,NA
ASV_001372,hyporheic,1,FALSE,6,31,5,-0.10764728008880466,,Pseudomonadota,Ellin6067
ASV_001378,hyporheic,1,FALSE,2,31,11,0.032531538971403144,,Bacteroidota,Flavobacterium
ASV_001379,hyporheic,1,FALSE,8,31,3,0.3017510523170884,,Pseudomonadota,NA
ASV_001387,hyporheic,1,FALSE,1,31,3,0.07072290288681758,,Pseudomonadota,Ellin6067
ASV_001391,hyporheic,1,FALSE,7,31,3,0.015323295625477145,,Pseudomonadota,Arsenicitalea
ASV_001393,hyporheic,1,FALSE,2,31,4,-0.020760574554359996,,Acidobacteriota,NA
ASV_001395,hyporheic,1,FALSE,1,31,3,-0.25067340023216456,,Pseudomonadota,Bauldia
ASV_001396,hyporheic,1,FALSE,1,31,3,0.2051749843269115,,Pseudomonadota,NA
ASV_001410,hyporheic,1,FALSE,8,31,10,0.04225930796907028,,Pseudomonadota,Sphingomonas
ASV_001412,hyporheic,1,FALSE,1,31,3,0.0738661430151206,,Bacteroidota,NA
ASV_001419,hyporheic,1,FALSE,2,31,3,0.27974837141896736,,Actinomycetota,NA
ASV_001422,hyporheic,1,FALSE,2,31,7,-0.233636654402956,,Pseudomonadota,Bauldia
ASV_001431,hyporheic,1,FALSE,2,31,4,-0.19168930505192394,,Pseudomonadota,NA
ASV_001433,hyporheic,1,FALSE,1,31,6,0.057896518849180255,,Pseudomonadota,NA
ASV_001439,hyporheic,1,FALSE,5,31,4,-0.45188850613323583,,Pseudomonadota,MND1
ASV_001443,hyporheic,1,FALSE,1,31,3,0.2553882604246191,,Pseudomonadota,Pseudolabrys
ASV_001452,hyporheic,1,FALSE,6,31,7,-0.16442051515409783,,Pseudomonadota,Reyranella
ASV_001460,hyporheic,1,FALSE,1,31,3,-0.20195317824346798,,Verrucomicrobiota,NA
ASV_001462,hyporheic,1,FALSE,3,31,5,-0.028328231602317015,,Pseudomonadota,Ellin6067
ASV_001471,hyporheic,1,FALSE,4,31,3,0.19134474281044536,,Acidobacteriota,NA
ASV_001479,hyporheic,1,FALSE,5,31,5,0.007868953222865838,,Pseudomonadota,Pseudomonas
ASV_001492,hyporheic,1,TRUE,9,31,5,0.21713526581652012,,Pseudomonadota,Ellin6067
ASV_001494,hyporheic,1,FALSE,1,31,7,0.30818518669587186,,Pseudomonadota,Pseudolabrys
ASV_001497,hyporheic,1,FALSE,3,31,3,-0.17805415306530828,,Verrucomicrobiota,NA
ASV_001513,hyporheic,1,FALSE,3,31,5,0.3172761939459506,,Verrucomicrobiota,NA
ASV_001517,hyporheic,1,FALSE,1,31,3,-0.0719016179349312,,Acidobacteriota,NA
ASV_001521,hyporheic,1,FALSE,1,31,3,-0.21020418358026338,,Planctomycetota,Pirellula
ASV_001522,hyporheic,1,FALSE,3,31,4,-0.11279912174535597,,Gemmatimonadota,NA
ASV_001526,hyporheic,1,FALSE,2,31,5,-0.19452052366924352,,Pseudomonadota,MND1
ASV_001532,hyporheic,1,FALSE,2,31,4,-0.27057948835849194,,Acidobacteriota,NA
ASV_001544,hyporheic,1,FALSE,7,31,3,0.009429720384909012,,Planctomycetota,NA
ASV_001551,hyporheic,1,FALSE,1,31,10,-0.13865825157008083,,SAR324 clade(Marine group B),Candidatus Nitrosoarchaeum
ASV_001553,hyporheic,1,FALSE,10,31,4,0.21383391790990797,,Pseudomonadota,NA
ASV_001554,hyporheic,1,FALSE,3,31,4,-0.13286767714790398,,Actinomycetota,NA
ASV_001564,hyporheic,1,TRUE,11,31,4,0.017300478795299997,,Pseudomonadota,Ellin6067
ASV_001584,hyporheic,1,FALSE,1,31,3,0.1685562518802486,,Thermoproteota,NA
ASV_001587,hyporheic,1,FALSE,3,31,4,-0.14536718956953992,,Acidobacteriota,NA
ASV_001591,hyporheic,1,FALSE,2,31,7,-0.009085153790847301,,Bacteroidota,NA
ASV_001593,hyporheic,1,FALSE,4,31,5,-0.2480294055847312,,Pseudomonadota,Hyphomicrobium
ASV_001594,hyporheic,1,FALSE,2,31,3,0.1556499881100708,,Pseudomonadota,NA
ASV_001596,hyporheic,1,FALSE,4,31,3,0.12022893490758989,,Pseudomonadota,Kineobactrum
ASV_001616,hyporheic,1,FALSE,2,31,3,-0.20116736821139225,,Acidobacteriota,NA
ASV_001634,hyporheic,1,FALSE,5,31,3,-0.18859440769818023,,Planctomycetota,Fimbriiglobus
ASV_001641,hyporheic,1,FALSE,1,31,4,0.05020120805640618,,Bacteroidota,NA
ASV_001644,hyporheic,1,FALSE,2,31,4,-0.20282184068512,,Acidobacteriota,NA
ASV_001645,hyporheic,1,FALSE,3,31,3,0.2641333131564838,,Pseudomonadota,NA
ASV_001650,hyporheic,1,FALSE,8,31,8,0.009176375455615641,,Pseudomonadota,NA
ASV_001663,hyporheic,1,FALSE,3,31,3,-0.2286707193340435,,Actinomycetota,Acidiferrimicrobium
ASV_001664,hyporheic,1,FALSE,3,31,3,0.227579149282149,,Acidobacteriota,NA
ASV_001665,hyporheic,1,FALSE,7,31,3,-0.10376665874004722,,Myxococcota,NA
ASV_001678,hyporheic,1,FALSE,7,31,6,0.05553371935846348,,Pseudomonadota,MND1
ASV_001681,hyporheic,1,FALSE,1,31,4,-0.23597853076789194,,Verrucomicrobiota,NA
ASV_001691,hyporheic,1,FALSE,6,31,8,0.07552133640755786,,Pseudomonadota,P3OB-51
ASV_001693,hyporheic,1,FALSE,4,31,7,-0.4507424134472123,,Planctomycetota,NA
ASV_001695,hyporheic,1,FALSE,2,31,9,-0.07242566527362125,,Verrucomicrobiota,Oleiharenicola
ASV_001696,hyporheic,1,FALSE,4,31,4,-0.16746863473850396,,Pseudomonadota,NA
ASV_001702,hyporheic,1,FALSE,2,31,6,0.07254762501100118,,Actinomycetota,Acidiferrimicrobium
ASV_001716,hyporheic,1,FALSE,3,31,4,-0.26296727768855993,,Pseudomonadota,MND1
ASV_001717,hyporheic,1,FALSE,3,31,4,-0.16608459643487997,,Pseudomonadota,NA
ASV_001726,hyporheic,1,FALSE,1,31,6,0.1397111465965555,,Pseudomonadota,MND1
ASV_001729,hyporheic,1,FALSE,1,31,4,0.07925972955101106,,Pseudomonadota,Pseudorhodoplanes
ASV_001732,hyporheic,1,TRUE,8,31,3,-0.020045831802054576,,Acidobacteriota,NA
ASV_001734,hyporheic,1,FALSE,1,31,3,-0.2160977588208315,,Pseudomonadota,Novosphingobium
ASV_001736,hyporheic,1,FALSE,3,31,12,-0.22778684177625408,,Gemmatimonadota,NA
ASV_001740,hyporheic,1,FALSE,8,31,3,0.15480457631892294,,Bacteroidota,Terrimonas
ASV_001752,hyporheic,1,FALSE,1,31,4,0.03529297674241199,,Actinomycetota,NA
ASV_001753,hyporheic,1,FALSE,1,31,10,0.03401667364490644,,Pseudomonadota,MND1
ASV_001754,hyporheic,1,FALSE,7,31,3,-0.30528719746142924,,FCPU426,NA
ASV_001757,hyporheic,1,FALSE,5,31,5,-0.31664667768812127,,Actinomycetota,Luedemannella
ASV_001761,hyporheic,1,FALSE,3,31,4,-0.055031864622754396,,Bacteroidota,OLB12
ASV_001762,hyporheic,1,FALSE,5,31,3,0.0432195517641663,,Pseudomonadota,GOUTA6
ASV_001772,hyporheic,1,FALSE,4,31,4,-0.20206959232910393,,Pseudomonadota,Hyphomicrobium
ASV_001798,hyporheic,1,FALSE,2,31,3,0.3002944215052881,,Verrucomicrobiota,Chthoniobacter
ASV_001802,hyporheic,1,FALSE,2,31,3,0.43101680259354946,,Pseudomonadota,NA
ASV_001808,hyporheic,1,FALSE,2,31,3,0.18230792744157423,,Pseudomonadota,Georgfuchsia
ASV_001812,hyporheic,1,FALSE,5,31,4,-0.12702323469528845,,Chloroflexota,NA
ASV_001825,hyporheic,1,FALSE,3,31,3,-0.29192842691614146,,Planctomycetota,NA
ASV_001826,hyporheic,1,FALSE,3,31,3,-0.2773909413227401,,Verrucomicrobiota,NA
ASV_001839,hyporheic,1,FALSE,2,31,4,-0.11971931326347597,,Verrucomicrobiota,Opitutus
ASV_001871,hyporheic,1,FALSE,3,31,3,0.04596988687643143,,Pseudomonadota,NA
ASV_001875,hyporheic,1,FALSE,1,31,3,0.2553882604246191,,Pseudomonadota,NA
ASV_001876,hyporheic,1,FALSE,3,31,5,-0.20364850940776788,,Myxococcota,NA
ASV_001879,hyporheic,1,FALSE,3,31,7,0.1462158704952212,,Acidobacteriota,NA
ASV_001882,hyporheic,1,TRUE,8,31,3,-0.07072290288681758,,Verrucomicrobiota,NA
ASV_001888,hyporheic,1,FALSE,1,31,3,-0.2255274792057405,,Thermodesulfobacteriota,Trichlorobacter
ASV_001894,hyporheic,1,FALSE,1,31,3,0.30764462755765654,,Pseudomonadota,NA
ASV_001898,hyporheic,1,FALSE,2,31,4,-0.3750743802821039,,Pseudomonadota,NA
ASV_001915,hyporheic,1,FALSE,8,31,7,0.05372540991577408,,Bdellovibrionota,NA
ASV_001929,hyporheic,1,FALSE,1,31,5,0.2426785173931824,,Bacteroidota,NA
ASV_001942,hyporheic,1,FALSE,2,31,4,-0.2057742208196086,,Actinomycetota,NA
ASV_001957,hyporheic,1,FALSE,1,31,4,0.3228646023634263,,FCPU426,NA
ASV_001963,hyporheic,1,FALSE,3,31,7,-0.17757346045746997,,Elusimicrobiota,NA
ASV_001966,hyporheic,1,FALSE,3,31,3,0.040076311635863296,,Bacteroidota,NA
ASV_001975,hyporheic,1,FALSE,5,31,3,-0.14144580577363516,,RCP2-54,NA
ASV_001977,hyporheic,1,FALSE,1,31,3,-0.23377848454253589,,Pseudomonadota,NA
ASV_001980,hyporheic,1,FALSE,3,31,4,-0.15639632830951194,,Acidobacteriota,NA
ASV_001983,hyporheic,1,FALSE,3,31,3,0.22317004910951327,,Pseudomonadota,Georgfuchsia
ASV_001987,hyporheic,1,FALSE,10,31,7,-0.09582509026805457,,Bdellovibrionota,NA
ASV_001992,hyporheic,1,TRUE,10,31,5,-0.29972338988643416,,Actinomycetota,Mycobacterium
ASV_002008,hyporheic,1,FALSE,2,31,3,0.009036815368871137,,Actinomycetota,Acidiferrimicrobium
ASV_002011,hyporheic,1,FALSE,4,31,7,-0.03554811769144942,,Bacteroidota,NA
ASV_002019,hyporheic,1,FALSE,2,31,4,0.011072306428991997,,Pseudomonadota,NA
ASV_002025,hyporheic,1,FALSE,4,31,4,-0.2838121320167208,,Actinomycetota,Acidiferrimicrobium
ASV_002031,hyporheic,1,FALSE,3,31,3,-0.06365061259813583,,Myxococcota,NA
ASV_002034,hyporheic,1,FALSE,1,31,3,-0.1249437951000444,,Thermodesulfobacteriota,NA
ASV_002043,hyporheic,1,FALSE,1,31,5,-0.306334935251576,,Bacteroidota,NA
ASV_002108,hyporheic,1,FALSE,4,31,7,0.044599845882341296,,SAR324 clade(Marine group B),Candidatus Nitrosoarchaeum
ASV_002112,hyporheic,1,FALSE,2,31,3,-0.19763122306705136,,Actinomycetota,NA
ASV_002119,hyporheic,1,FALSE,2,31,9,-0.1471146325870432,,Pseudomonadota,Pseudomonas
ASV_002123,hyporheic,1,FALSE,5,31,3,0.09154686873682498,,Myxococcota,NA
ASV_002125,hyporheic,1,FALSE,4,31,5,-0.1756782054166284,,Acidobacteriota,NA
ASV_002126,hyporheic,1,FALSE,2,31,10,-0.1634273262813737,,Pseudomonadota,NA
ASV_002129,hyporheic,1,FALSE,4,31,8,-0.30135539893964275,,Acidobacteriota,NA
ASV_002141,hyporheic,1,FALSE,1,31,8,0.06813252497765834,,FCPU426,NA
ASV_002147,hyporheic,1,TRUE,4,31,3,-0.2400649647991419,,Pseudomonadota,Rhodoplanes
ASV_002155,hyporheic,1,FALSE,1,31,5,-0.1492320239560607,,Bacteroidota,Chryseotalea
ASV_002163,hyporheic,1,FALSE,2,31,5,0.23575383855706047,,Gemmatimonadota,NA
ASV_002170,hyporheic,1,FALSE,2,31,5,-0.33899450484106025,,Acidobacteriota,NA
ASV_002174,hyporheic,1,FALSE,11,31,4,-0.23154916624291003,,Bacteroidota,NA
ASV_002182,hyporheic,1,FALSE,1,31,4,0.3197128481371439,,Pseudomonadota,Hyphomicrobium
ASV_002210,hyporheic,1,FALSE,1,31,7,0.2593398445750957,,Acidobacteriota,NA
ASV_002214,hyporheic,1,FALSE,4,31,4,0.23597853076789194,,Pseudomonadota,MND1
ASV_002217,hyporheic,1,FALSE,1,31,7,-0.002478701233478862,,Pseudomonadota,GOUTA6
ASV_002232,hyporheic,1,FALSE,1,31,3,0.34261317398502744,,Pseudomonadota,Leptothrix
ASV_002250,hyporheic,1,FALSE,5,31,8,0.050837345560252774,,Pseudomonadota,Duganella
ASV_002251,hyporheic,1,FALSE,2,31,4,-0.20074516654841226,,Verrucomicrobiota,ADurb.Bin063-1
ASV_002254,hyporheic,1,FALSE,1,31,8,-0.2134890759330606,,Bacteroidota,Flavobacterium
ASV_002257,hyporheic,1,FALSE,3,31,4,0.3204048672889559,,Pseudomonadota,NA
ASV_002258,hyporheic,1,FALSE,1,31,6,0.17497052301961755,,Thermodesulfobacteriota,Syntrophus
ASV_002260,hyporheic,1,FALSE,1,31,3,0.009036815368871137,,Chloroflexota,NA
ASV_002281,hyporheic,1,FALSE,1,31,9,0.045517518800435586,,Methylomirabilota,NA
ASV_002290,hyporheic,1,FALSE,7,31,3,-0.08761781857644624,,Chloroflexota,NA
ASV_002309,hyporheic,1,FALSE,1,31,4,0.03288067383120546,,Acidobacteriota,NA
ASV_002332,hyporheic,1,FALSE,1,31,7,-0.18256331852793156,,Myxococcota,NA
ASV_002355,hyporheic,1,FALSE,5,31,3,0.16934206191232434,,Pseudomonadota,MND1
ASV_002356,hyporheic,1,FALSE,2,31,3,-0.1764143522010061,,Myxococcota,NA
ASV_002368,hyporheic,1,FALSE,1,31,7,0.18369930252560013,,Myxococcota,NA
ASV_002394,hyporheic,1,FALSE,2,31,3,0.12533670011608228,,Bacteroidota,NA
ASV_002398,hyporheic,1,FALSE,2,31,4,0.013840383036239995,,Acidobacteriota,NA
ASV_002407,hyporheic,1,FALSE,2,31,5,-0.12527373530802413,,Pseudomonadota,NA
ASV_002423,hyporheic,1,FALSE,1,31,5,-0.14636252994530458,,Myxococcota,NA
ASV_002425,hyporheic,1,FALSE,2,31,4,0.15159721197966305,,Actinomycetota,Oryzobacter
ASV_002427,hyporheic,1,FALSE,3,31,3,0.37458191583054923,,Myxococcota,NA
ASV_002429,hyporheic,1,FALSE,5,31,3,-0.10333401921796126,,Pseudomonadota,GOUTA6
ASV_002445,hyporheic,1,FALSE,4,31,3,0.025538826042461906,,Pseudomonadota,Dongia
ASV_002465,hyporheic,1,FALSE,1,31,3,-0.3702583050497139,,NB1-j,NA
ASV_002480,hyporheic,1,FALSE,1,31,3,-0.15323295625477143,,Pseudomonadota,IS-44
ASV_002489,hyporheic,1,FALSE,1,31,8,-0.19286745532137137,,Bacillota,Staphylococcus
ASV_002508,hyporheic,1,FALSE,3,31,3,-0.29310714196425514,,Myxococcota,NA
ASV_002510,hyporheic,1,FALSE,2,31,3,0.2542095453765054,,Acidobacteriota,NA
ASV_002513,hyporheic,1,FALSE,3,31,3,0.1791646873132712,,Planctomycetota,NA
ASV_002527,hyporheic,1,FALSE,5,31,3,0.031825306299067914,,Pseudomonadota,Ramlibacter
ASV_002528,hyporheic,1,FALSE,2,31,3,-0.2624605507133008,,Latescibacterota,NA
ASV_002554,hyporheic,1,FALSE,2,31,4,-0.04498124486777998,,Actinomycetota,Acidiferrimicrobium
ASV_002557,hyporheic,1,FALSE,1,31,3,0.2502804952161267,,Myxococcota,NA
ASV_002578,hyporheic,1,FALSE,2,31,7,-0.28202111812026165,,Pseudomonadota,MND1
ASV_002588,hyporheic,1,FALSE,3,31,10,0.10150463950314148,,Acidobacteriota,NA
ASV_002626,hyporheic,1,FALSE,8,31,5,0.13188365601523144,,Bacillota,Bacillus
ASV_002670,hyporheic,1,FALSE,2,31,3,0.09394027060178517,,Verrucomicrobiota,Candidatus Udaeobacter
ASV_002673,hyporheic,1,FALSE,5,31,3,0.04714860192454506,,Pseudomonadota,Acidibacter
ASV_002706,hyporheic,1,FALSE,4,31,3,-0.13796248946119913,,Pseudomonadota,MND1
ASV_002720,hyporheic,1,FALSE,3,31,3,0.24753016010386156,,Pseudomonadota,GOUTA6
ASV_002724,hyporheic,1,FALSE,2,31,5,0.34245684425912126,,Chloroflexota,NA
ASV_002726,hyporheic,1,FALSE,1,31,4,0.20835963838300722,,Latescibacterota,NA
ASV_002732,hyporheic,1,FALSE,2,31,8,-0.026728913645081353,,Bacteroidota,NA
ASV_002737,hyporheic,1,FALSE,2,31,6,-0.25019401984655126,,Pseudomonadota,BD1-7 clade
ASV_002756,hyporheic,1,FALSE,1,31,4,-0.18546113268561595,,Thermodesulfobacteriota,NA
ASV_002758,hyporheic,1,FALSE,1,31,6,-0.02805914241269734,,Thermodesulfobacteriota,Syntrophus
ASV_002761,hyporheic,1,FALSE,1,31,3,-0.15598329136703656,,Pseudomonadota,Arenimonas
ASV_002765,hyporheic,1,FALSE,1,31,8,0.03591283367514246,,Pseudomonadota,NA
ASV_002769,hyporheic,1,FALSE,3,31,6,-0.291237034211028,,Verrucomicrobiota,Oleiharenicola
ASV_002773,hyporheic,1,FALSE,1,31,5,-0.5202951870958892,,Bacteroidota,NA
ASV_002795,hyporheic,1,FALSE,4,31,3,-0.0671867577424767,,Pseudomonadota,Dongia
ASV_002811,hyporheic,1,FALSE,4,31,4,0.022144612857983994,,Acidobacteriota,NA
ASV_002812,hyporheic,1,FALSE,6,31,3,-0.0192523457858559,,Planctomycetota,NA
ASV_002825,hyporheic,1,FALSE,5,31,3,0.020431060833969526,,Pseudomonadota,Pseudomonas
ASV_002827,hyporheic,1,FALSE,1,31,3,0.10451273426607488,,Bacteroidota,NA
ASV_002830,hyporheic,1,FALSE,1,31,3,0.34313747378811066,,Thermodesulfobacteriota,NA
ASV_002839,hyporheic,1,FALSE,2,31,7,-0.10436123336664564,,Pseudomonadota,MND1
ASV_002864,hyporheic,1,FALSE,3,31,3,-0.1312302753566504,,Verrucomicrobiota,NA
ASV_002890,hyporheic,1,TRUE,9,31,6,-0.08830681157804261,,Actinomycetota,Mycobacterium
ASV_002897,hyporheic,1,FALSE,6,31,3,-0.30764462755765654,,Actinomycetota,Luedemannella
ASV_002902,hyporheic,1,FALSE,3,31,4,0.05397749384133599,,Elusimicrobiota,NA
ASV_002907,hyporheic,1,FALSE,3,31,4,0.3284606259559366,,Chloroflexota,NA
ASV_002911,hyporheic,1,FALSE,9,31,3,0.17444982712081672,,Actinomycetota,Mycobacterium
ASV_002919,hyporheic,1,FALSE,2,31,5,0.12621800969476804,,Acidobacteriota,NA
ASV_002924,hyporheic,1,FALSE,1,31,9,0.2218035999004651,,Pseudomonadota,NA
ASV_002930,hyporheic,1,FALSE,2,31,3,-0.08918943864059774,,NB1-j,NA
ASV_002933,hyporheic,1,FALSE,2,31,4,-0.06089768535945598,,Acidobacteriota,Geothrix
ASV_002942,hyporheic,1,FALSE,1,31,5,-0.44097613860940155,,Verrucomicrobiota,Verrucomicrobium
ASV_002948,hyporheic,1,FALSE,3,31,3,-0.22513457418970267,,Pseudomonadota,MND1
ASV_002952,hyporheic,1,FALSE,2,31,5,0.020459278379451176,,Bacteroidota,NA
ASV_002955,hyporheic,1,FALSE,1,31,5,-0.25023271248713364,,Pseudomonadota,NA
ASV_002974,hyporheic,1,FALSE,3,31,5,0.0572859794624633,,Bacteroidota,NA
ASV_002993,hyporheic,1,FALSE,2,31,4,0.3281145135998187,,Chloroflexota,NA
ASV_003027,hyporheic,1,FALSE,1,31,5,-0.01637144566606573,,Elusimicrobiota,NA
ASV_003043,hyporheic,1,FALSE,1,31,3,-0.34261317398502744,,Myxococcota,NA
ASV_003052,hyporheic,1,FALSE,1,31,4,-0.3141766949226479,,Actinomycetota,NA
ASV_003060,hyporheic,1,TRUE,1,31,3,0.0223955859141589,,Chloroflexota,NA
ASV_003067,hyporheic,1,FALSE,1,31,6,-0.2472711925118953,,Bacteroidota,NA
ASV_003075,hyporheic,1,FALSE,1,31,5,0.09696933202208163,,Pseudomonadota,GOUTA6
ASV_003089,hyporheic,1,FALSE,3,31,5,0.11428528416888191,,Pseudomonadota,NA
ASV_003110,hyporheic,1,FALSE,1,31,3,0.3877972508293831,,Pseudomonadota,Aquicella
ASV_003138,hyporheic,1,FALSE,4,31,3,-0.17484273213685458,,Acidobacteriota,NA
ASV_003159,hyporheic,1,FALSE,1,31,3,-0.10848332504641299,,Actinomycetota,NA
ASV_003193,hyporheic,1,FALSE,1,31,3,-0.011001340449060513,,Verrucomicrobiota,NA
ASV_003238,hyporheic,1,FALSE,1,31,3,-0.3182530629906791,,Pseudomonadota,Asticcacaulis
ASV_003245,hyporheic,1,FALSE,7,31,4,0.021452593706171995,,Pseudomonadota,MND1
ASV_003265,hyporheic,1,FALSE,4,31,4,0.2996442927345959,,Bacteroidota,Chryseotalea
ASV_003277,hyporheic,1,FALSE,1,31,3,0.22513457418970267,,Bacteroidota,Sediminibacterium
ASV_003285,hyporheic,1,FALSE,5,31,6,0.08010244162399109,,Pseudomonadota,NA
ASV_003286,hyporheic,1,FALSE,4,31,4,0.1512510996235451,,Bacteroidota,NA
ASV_003300,hyporheic,1,FALSE,1,31,5,-0.28800368795688963,,Chloroflexota,NA
ASV_003312,hyporheic,1,FALSE,1,31,3,-0.2290636243500814,,Pseudomonadota,Uliginosibacterium
ASV_003313,hyporheic,1,FALSE,2,31,5,-0.1164605076984144,,Chloroflexota,NA
ASV_003321,hyporheic,1,FALSE,4,31,3,-0.004714860192454506,,Pseudomonadota,Pseudolabrys
ASV_003338,hyporheic,1,FALSE,1,31,5,-0.2852409571818375,,Methylomirabilota,NA
ASV_003344,hyporheic,1,FALSE,3,31,3,-0.22395585914158903,,Actinomycetota,Solirubrobacter
ASV_003346,hyporheic,1,FALSE,5,31,4,-0.23362584037961773,,Pseudomonadota,Ellin6067
ASV_003355,hyporheic,1,FALSE,1,31,3,-0.007074999459548674,,Pseudomonadota,MND1
ASV_003387,hyporheic,1,FALSE,1,31,3,0.24949468518405093,,Actinomycetota,Acidiferrimicrobium
ASV_003391,hyporheic,1,FALSE,1,31,4,-0.06020566620764398,,Bacteroidota,NA
ASV_003415,hyporheic,1,FALSE,1,31,3,-0.03732597652359817,,Pseudomonadota,NA
ASV_003445,hyporheic,1,FALSE,3,31,7,-0.1434622759472886,,Pseudomonadota,Klebsiella
ASV_003446,hyporheic,1,FALSE,2,31,3,-0.1795575923293091,,Pseudomonadota,NA
ASV_003450,hyporheic,1,FALSE,2,31,6,-0.11048287324999577,,Pseudomonadota,NA
ASV_003453,hyporheic,1,FALSE,3,31,8,-0.5592108011627805,,Actinomycetota,Nocardia
ASV_003467,hyporheic,1,FALSE,1,31,3,0.13515932551702917,,Methylomirabilota,NA
ASV_003469,hyporheic,1,FALSE,3,31,3,-0.26521088582556596,,Pseudomonadota,NA
ASV_003473,hyporheic,1,FALSE,1,31,8,-0.29559033913384086,,Bacillota,Clostridium
ASV_003478,hyporheic,1,FALSE,1,31,6,-0.11457483151851414,,Acidobacteriota,NA
ASV_003492,hyporheic,1,FALSE,2,31,3,0.0223955859141589,,Pseudomonadota,Asticcacaulis
ASV_003506,hyporheic,1,FALSE,1,31,5,-0.15678807580193718,,Gemmatimonadota,NA
ASV_003519,hyporheic,1,FALSE,3,31,3,-0.07818809819153723,,Chloroflexota,NA
ASV_003521,hyporheic,1,FALSE,2,31,3,-0.20627513341988463,,Actinomycetota,NA
ASV_003550,hyporheic,1,FALSE,1,31,3,-0.08251005336795385,,Pseudomonadota,NA
ASV_003551,hyporheic,1,FALSE,2,31,7,-0.28719991134937045,,Fibrobacterota,possible genus 04
ASV_003559,hyporheic,1,FALSE,5,31,5,-0.19834636095425787,,Verrucomicrobiota,Opitutus
ASV_003573,hyporheic,1,FALSE,2,31,3,-0.017680725721704395,,Acidobacteriota,JGI 0001001-H03
ASV_003581,hyporheic,1,FALSE,3,31,5,-0.2162388345643532,,Bacillota,Fonticella
ASV_003593,hyporheic,1,FALSE,1,31,3,-0.2769980363067022,,Methylomirabilota,NA
ASV_003614,hyporheic,1,FALSE,1,31,4,0.06712585772576399,,Pseudomonadota,Massilia
ASV_003631,hyporheic,1,FALSE,3,31,3,-0.30933469859248924,,Pseudomonadota,MND1
ASV_003641,hyporheic,1,FALSE,1,31,5,-0.21566231310105816,,Chloroflexota,NA
ASV_003691,hyporheic,1,FALSE,3,31,3,0.10376665874004722,,Pseudomonadota,NA
ASV_003700,hyporheic,1,FALSE,1,31,10,-0.2144852225960898,,Chlamydiota,Ga0074140
ASV_003705,hyporheic,1,FALSE,1,31,6,0.009355029678714289,,Pseudomonadota,NA
ASV_003708,hyporheic,1,FALSE,2,31,3,0.002357430096227253,,Pseudomonadota,Bauldia
ASV_003719,hyporheic,1,FALSE,2,31,3,0.0832958634000296,,Pseudomonadota,Ellin6067
ASV_003720,hyporheic,1,FALSE,1,31,4,-0.011072306428991997,,Myxococcota,NA
ASV_003762,hyporheic,1,FALSE,1,31,3,0.0656151376783252,,Acidobacteriota,NA
ASV_003798,hyporheic,1,FALSE,3,31,3,0.018073630737742274,,Verrucomicrobiota,NA
ASV_003845,hyporheic,1,FALSE,1,31,5,-0.07113533713470717,,Bacteroidota,NA
ASV_003856,hyporheic,1,FALSE,1,31,7,-0.34123453647559,,Pseudomonadota,NA
ASV_003868,hyporheic,1,FALSE,1,31,3,-0.2687470309699068,,Bacteroidota,NA
ASV_003873,hyporheic,1,FALSE,1,31,5,-0.11651777866705841,,Verrucomicrobiota,NA
ASV_003879,hyporheic,1,FALSE,1,31,3,-0.0656151376783252,,Verrucomicrobiota,NA
ASV_003930,hyporheic,1,FALSE,3,31,4,-0.21037382215084793,,Pseudomonadota,Cellvibrio
ASV_003966,hyporheic,1,FALSE,4,31,6,-0.04150414815211481,,Pseudomonadota,Duganella
ASV_003977,hyporheic,1,FALSE,3,31,4,-0.43610156870861977,,Actinomycetota,Acidiferrimicrobium
ASV_003978,hyporheic,1,FALSE,2,31,4,-0.44912042952598785,,Chloroflexota,NA
ASV_003998,hyporheic,1,FALSE,3,31,5,-0.2571573913232556,,Acidobacteriota,NA
ASV_003999,hyporheic,1,FALSE,1,31,4,-0.0702608082919443,,Acidobacteriota,NA
ASV_004005,hyporheic,1,FALSE,2,31,3,-0.005107765208492382,,Bacteroidota,NA
ASV_004025,hyporheic,1,FALSE,1,31,4,-0.21383391790990797,,Pseudomonadota,Rhodoferax
ASV_004055,hyporheic,1,FALSE,1,31,8,0.13969546833046098,,Acidobacteriota,NA
ASV_004163,hyporheic,1,FALSE,6,31,3,0.17169949200855159,,Acidobacteriota,NA
ASV_004176,hyporheic,1,FALSE,1,31,3,0.1477322860302412,,Actinomycetota,Mycobacterium
ASV_004229,hyporheic,1,FALSE,8,31,3,-0.31982468305483064,,Acidobacteriota,NA
ASV_004247,hyporheic,1,FALSE,4,31,3,-0.16934206191232434,,Nitrospirota,Nitrospira
ASV_004260,hyporheic,1,FALSE,1,31,5,0.06546969081424377,,Pseudomonadota,NA
ASV_004325,hyporheic,1,FALSE,2,31,3,-0.08093843330380235,,Bacteroidota,NA
ASV_004348,hyporheic,1,FALSE,1,31,5,-0.12561936193769666,,Bacteroidota,NA
ASV_004373,hyporheic,1,FALSE,2,31,7,-0.0616805178736903,,Pseudomonadota,NA
ASV_004390,hyporheic,1,FALSE,3,31,4,-0.16954469219393994,,Pseudomonadota,NA
ASV_004443,hyporheic,1,FALSE,1,31,3,-0.10647725934626426,,Candidatus Kryptonia,NA
ASV_004546,hyporheic,1,FALSE,1,31,3,-0.0931541595507242,,Pseudomonadota,Agrobacterium
ASV_004569,hyporheic,1,FALSE,1,31,6,0.09530436485190183,,Pseudomonadota,MND1
ASV_004577,hyporheic,1,FALSE,4,31,3,-0.02789625613868916,,Bacillota,Neobacillus
ASV_004584,hyporheic,1,FALSE,4,31,3,-0.04911312700473444,,Pseudomonadota,NA
ASV_004599,hyporheic,1,FALSE,3,31,3,-0.3516499893538985,,Actinomycetota,Mycobacterium
ASV_004616,hyporheic,1,FALSE,4,31,7,-0.06608626915038246,,Pseudomonadota,Pedomicrobium
ASV_004638,hyporheic,1,FALSE,1,31,6,-0.02134116145456697,,Fibrobacterota,possible genus 04
ASV_004644,hyporheic,1,FALSE,3,31,4,-0.056070201691108254,,Bacteroidota,NA
ASV_004728,hyporheic,1,FALSE,2,31,3,-0.051470557100961684,,Pseudomonadota,NA
ASV_004866,hyporheic,1,FALSE,1,31,5,-0.04689896120828039,,Pseudomonadota,NA
ASV_004867,hyporheic,1,FALSE,1,31,3,0.1508755261585442,,Pseudomonadota,NA
ASV_004878,hyporheic,1,TRUE,7,31,3,0.09759000729485333,,Actinomycetota,Mycobacterium
ASV_004908,hyporheic,1,FALSE,2,31,6,-0.07807257844813702,,Pseudomonadota,Sphingomonas
ASV_004933,hyporheic,1,FALSE,1,31,6,0.07017759860506698,,Verrucomicrobiota,Opitutus
ASV_004935,hyporheic,1,FALSE,5,31,7,0.17454507586052087,,Bacteroidota,NA
ASV_004991,hyporheic,1,FALSE,3,31,6,-0.1823844256825327,,Bacteroidota,Cytophaga
ASV_004995,hyporheic,1,FALSE,1,31,3,0.0687583778066282,,Pseudomonadota,MND1
ASV_004996,hyporheic,1,FALSE,1,31,8,-0.053457827290162706,,Pseudomonadota,MND1
ASV_005090,hyporheic,1,FALSE,4,31,4,-0.32050004176522373,,Myxococcota,Pajaroellobacter
ASV_005150,hyporheic,1,FALSE,3,31,3,0.39408373108598904,,Pseudomonadota,Reyranella
ASV_005186,hyporheic,1,FALSE,1,31,7,-0.07821679447866632,,Acidobacteriota,NA
ASV_005210,hyporheic,1,FALSE,1,31,7,-0.08921646335301633,,Pseudomonadota,Pokkaliibacter
ASV_005212,hyporheic,1,FALSE,2,31,9,-0.18030972917078625,,Acidobacteriota,NA
ASV_005246,hyporheic,1,FALSE,1,31,4,0.031140861831539992,,Pseudomonadota,NA
ASV_005254,hyporheic,1,FALSE,3,31,3,0.3481138442095577,,Pseudomonadota,Caulobacter
ASV_005315,hyporheic,1,FALSE,1,31,6,-0.309593013429951,,Acidobacteriota,NA
ASV_005328,hyporheic,1,FALSE,2,31,3,-0.06640094771040096,,Acidobacteriota,Vicinamibacter
ASV_005330,hyporheic,1,FALSE,3,31,8,0.3169242037463302,,Bdellovibrionota,NA
ASV_005337,hyporheic,1,FALSE,2,31,4,0.21590997536534395,,Planctomycetota,NA
ASV_005360,hyporheic,1,FALSE,2,31,5,0.20238947689210934,,Acidobacteriota,NA
ASV_005388,hyporheic,1,FALSE,1,31,4,-0.3280170779588879,,Acidobacteriota,NA
ASV_005389,hyporheic,1,FALSE,3,31,9,-0.08650843352126984,,Pseudomonadota,Pseudomonas
ASV_005461,hyporheic,1,FALSE,1,31,5,0.17909737535242645,,Pseudomonadota,MND1
ASV_005475,hyporheic,1,FALSE,1,31,3,0.17884026411636925,,Planctomycetota,NA
ASV_005490,hyporheic,1,FALSE,2,31,3,0.1587336264793017,,Verrucomicrobiota,Pedosphaera
ASV_005493,hyporheic,1,FALSE,1,31,3,-0.14223161580571092,,Pseudomonadota,NA
ASV_005537,hyporheic,1,FALSE,3,31,3,-0.04795277411471879,,Bdellovibrionota,NA
ASV_005544,hyporheic,1,FALSE,1,31,3,-0.04439826681227993,,Bacteroidota,NA
ASV_005569,hyporheic,1,FALSE,2,31,3,-3.929050160378755e-4,,Planctomycetota,SM1A02
ASV_005594,hyporheic,1,FALSE,1,31,3,-0.15918748783984515,,Acidobacteriota,NA
ASV_005604,hyporheic,1,FALSE,1,31,5,0.08718800170935347,,Pseudomonadota,NA
ASV_005605,hyporheic,1,FALSE,3,31,4,-0.06158970451126799,,Chloroflexota,NA
ASV_005627,hyporheic,1,FALSE,1,31,3,0.10254820918588549,,Pseudomonadota,NA
ASV_005628,hyporheic,1,FALSE,1,31,5,-0.18759584483312156,,Chlamydiota,NA
ASV_005643,hyporheic,1,FALSE,1,31,6,0.19557858922062063,,Verrucomicrobiota,Opitutus
ASV_005672,hyporheic,1,FALSE,1,31,5,0.3456044255482676,,Bacteroidota,Cytophaga
ASV_005678,hyporheic,1,FALSE,2,31,3,-0.14183871078967306,,Pseudomonadota,Phenylobacterium
ASV_005689,hyporheic,1,FALSE,1,31,3,-0.4268583007261033,,Pseudomonadota,NA
ASV_005700,hyporheic,1,FALSE,1,31,3,0.498596465352064,,Acidobacteriota,NA
ASV_005745,hyporheic,1,FALSE,1,31,10,-0.37928591114070676,,Bdellovibrionota,NA
ASV_005766,hyporheic,1,FALSE,2,31,4,-0.11003104513810796,,Myxococcota,Sandaracinus
ASV_005809,hyporheic,1,FALSE,4,31,7,-0.07875280407087243,,Bdellovibrionota,NA
ASV_005835,hyporheic,1,FALSE,1,31,5,0.04439180459452438,,Patescibacteria,NA
ASV_005876,hyporheic,1,FALSE,1,31,4,-0.3909908207737799,,Pseudomonadota,NA
ASV_005893,hyporheic,1,FALSE,1,31,3,0.14385832234415635,,Acidobacteriota,Paludibaculum
ASV_005895,hyporheic,1,FALSE,3,31,6,0.30345377520329475,,Verrucomicrobiota,Opitutus
ASV_006009,hyporheic,1,FALSE,5,31,4,0.19099728590011195,,Elusimicrobiota,NA
ASV_006081,hyporheic,1,FALSE,4,31,3,-0.009433332612731566,,Actinomycetota,Actinoplanes
ASV_006102,hyporheic,1,FALSE,1,31,6,-0.08834428529565465,,Acidobacteriota,NA
ASV_006113,hyporheic,1,FALSE,2,31,3,-0.059328657421719194,,Actinomycetota,Pseudolysinimonas
ASV_006149,hyporheic,1,FALSE,2,31,4,0.24912689465231994,,Pseudomonadota,Ellin6067
ASV_006170,hyporheic,1,FALSE,1,31,6,0.07922540759161163,,Bacillota,NA
ASV_006217,hyporheic,1,FALSE,2,31,7,-0.24722630618729927,,Pseudomonadota,Undibacterium
ASV_006218,hyporheic,1,FALSE,2,31,3,-0.09979787407362037,,Pseudomonadota,Massilia
ASV_006235,hyporheic,1,FALSE,3,31,3,-0.1170856947792869,,Bacillota,Desulfosporosinus
ASV_006276,hyporheic,1,FALSE,1,31,3,-0.1363380405651428,,Bacillota,Fonticella
ASV_006307,hyporheic,1,FALSE,1,31,7,0.06223123678327682,,Chloroflexota,NA
ASV_006389,hyporheic,1,FALSE,5,31,4,-0.15847238576494796,,Pseudomonadota,NA
ASV_006565,hyporheic,1,FALSE,1,31,3,-0.06286480256606007,,NA,NA
ASV_006637,hyporheic,1,FALSE,1,31,5,-0.332384584133853,,Actinomycetota,Actinoplanes
ASV_006649,hyporheic,1,FALSE,1,31,3,0.35715065957842884,,Bacteroidota,NA
ASV_006679,hyporheic,1,FALSE,1,31,3,-0.3382912188086108,,Acidobacteriota,NA
ASV_006698,hyporheic,1,FALSE,1,31,4,0.3429570346993477,,Pseudomonadota,Candidatus Nitrotoga
ASV_006733,hyporheic,1,FALSE,1,31,3,0.12847994024438528,,SAR324 clade(Marine group B),Candidatus Nitrosoarchaeum
ASV_006739,hyporheic,1,FALSE,2,31,3,-0.012572960513212016,,Actinomycetota,Gaiella
ASV_006773,hyporheic,1,FALSE,2,31,5,0.08185722833032864,,Bacillota,Clostridium
ASV_006821,hyporheic,1,FALSE,3,31,3,-0.09272558378493861,,Pseudomonadota,Rhodoplanes
ASV_006863,hyporheic,1,FALSE,1,31,7,0.17103038511004148,,Pseudomonadota,Duganella
ASV_006894,hyporheic,1,FALSE,1,31,4,-0.09411460464643197,,Pseudomonadota,NA
ASV_006925,hyporheic,1,FALSE,1,31,4,0.07266201094025998,,Nanoarchaeota,NA
ASV_006930,hyporheic,1,FALSE,1,31,3,-0.2259203842217784,,Acidobacteriota,NA
ASV_006931,hyporheic,1,FALSE,4,31,3,-0.13673094558118065,,Acidobacteriota,Candidatus Solibacter
ASV_007015,hyporheic,1,FALSE,2,31,4,-0.15748112203366824,,Pseudomonadota,Porticoccus
ASV_007081,hyporheic,1,FALSE,2,31,4,-0.4838650738528972,,Acidobacteriota,NA
ASV_007306,hyporheic,1,FALSE,2,31,4,-0.10808342911737018,,NA,NA
ASV_007361,hyporheic,1,FALSE,1,31,6,-0.36301515496427184,,Pseudomonadota,NA
ASV_007455,hyporheic,1,FALSE,1,31,3,-0.08054552828776447,,MBNT15,NA
ASV_007647,hyporheic,1,FALSE,1,31,4,0.06091577467675958,,Methylomirabilota,NA
ASV_007672,hyporheic,1,FALSE,1,31,3,0.0719016179349312,,Actinomycetota,NA
ASV_007721,hyporheic,1,FALSE,1,31,3,0.013751675561325642,,Myxococcota,NA
ASV_007756,hyporheic,1,FALSE,2,31,3,0.2228624829757832,,Bacteroidota,NA
ASV_007788,hyporheic,1,FALSE,1,31,3,0.24762498108420358,,Chloroflexota,NA
ASV_007806,hyporheic,1,FALSE,1,31,3,0.1233721750358929,,Bacteroidota,NA
ASV_007829,hyporheic,1,FALSE,1,31,4,0.22324246969607917,,Pseudomonadota,Rugamonas
ASV_008012,hyporheic,1,FALSE,1,31,3,-0.17805415306530828,,Pseudomonadota,Pedomicrobium
ASV_008016,hyporheic,1,FALSE,2,31,4,-0.03183288098335199,,Verrucomicrobiota,Candidatus Omnitrophus
ASV_008036,hyporheic,1,FALSE,2,31,3,-0.26363926576141444,,Thermodesulfobacteriota,NA
ASV_008064,hyporheic,1,FALSE,1,31,5,-0.07019106274796327,,Planctomycetota,NA
ASV_008133,hyporheic,1,FALSE,2,31,3,-0.20156027322743014,,Bdellovibrionota,Oligoflexus
ASV_008156,hyporheic,1,FALSE,1,31,6,0.1099215987248929,,Nanoarchaeota,NA
ASV_008256,hyporheic,1,FALSE,1,31,4,-0.09965075786092797,,Pseudomonadota,Reyranella
ASV_008271,hyporheic,1,FALSE,1,31,3,0.17523563715289248,,Acidobacteriota,NA
ASV_008317,hyporheic,1,FALSE,1,31,3,-0.12499165711869323,,Pseudomonadota,NA
ASV_008379,hyporheic,1,FALSE,1,31,3,-0.09861915902550675,,Gemmatimonadota,NA
ASV_008392,hyporheic,1,FALSE,1,31,6,0.25837793638358797,,NA,NA
ASV_008633,hyporheic,1,FALSE,1,31,5,-0.057600737591377925,,Planctomycetota,NA
ASV_008637,hyporheic,1,FALSE,1,31,3,-0.3037155773972777,,Planctomycetota,NA
ASV_008646,hyporheic,1,FALSE,2,31,3,0.009429720384909012,,Pseudomonadota,Rhizorhabdus
ASV_008827,hyporheic,1,FALSE,1,31,3,0.1933092678906347,,Acidobacteriota,NA
ASV_008828,hyporheic,1,FALSE,1,31,4,0.45188850613323583,,Pseudomonadota,GOUTA6
ASV_008911,hyporheic,1,FALSE,1,31,4,0.08373431736925198,,Pseudomonadota,MND1
ASV_009449,hyporheic,1,FALSE,1,31,3,-0.11084165819959589,,Pseudomonadota,NA
ASV_009599,hyporheic,1,FALSE,1,31,3,0.24762498108420358,,Pseudomonadota,NA
ASV_009894,hyporheic,1,FALSE,1,31,3,0.1842724525217636,,Bacteroidota,Nemorincola
ASV_009903,hyporheic,1,FALSE,1,31,3,-0.3508641793218228,,Candidatus Kryptonia,NA
ASV_009980,hyporheic,1,FALSE,1,31,5,-0.19955665373187764,,Elusimicrobiota,NA
ASV_010005,hyporheic,1,FALSE,1,31,4,0.13079161969246797,,Pseudomonadota,Pseudomonas
ASV_010013,hyporheic,1,FALSE,2,31,4,0.07681412585113198,,Pseudomonadota,Candidatus Paracaedibacter
ASV_010067,hyporheic,1,FALSE,1,31,4,-0.02561231435272846,,Bacteroidota,Flavobacterium
ASV_010136,hyporheic,1,FALSE,1,31,3,-0.04439826681227993,,Pseudomonadota,NA
ASV_010167,hyporheic,1,FALSE,1,31,4,0.42628379751619194,,NA,NA
ASV_010220,hyporheic,1,FALSE,2,31,4,0.08304229821743998,,Bacillota,Paenibacillus
ASV_010290,hyporheic,1,FALSE,1,31,4,-0.04013711080509599,,Actinomycetota,NA
ASV_010325,hyporheic,1,FALSE,2,31,4,-0.09757470040549197,,Bdellovibrionota,NA
ASV_010327,hyporheic,1,FALSE,1,31,3,0.22474166917366478,,Bacillota,Ruminiclostridium
ASV_010673,hyporheic,1,FALSE,2,31,3,-0.024753016010386156,,Verrucomicrobiota,Opitutus
ASV_010681,hyporheic,1,FALSE,1,31,3,0.16777044184817283,,Bacteroidota,NA
ASV_010693,hyporheic,1,FALSE,2,31,3,-0.12263332396551034,,Pseudomonadota,Massilia
ASV_010763,hyporheic,1,FALSE,1,31,3,-0.2353501046066874,,Bdellovibrionota,NA
ASV_010808,hyporheic,1,FALSE,1,31,4,-0.3937588973810279,,Elusimicrobiota,NA
ASV_010840,hyporheic,1,FALSE,2,31,4,-0.08514363960501622,,Pseudomonadota,MND1
ASV_010929,hyporheic,1,FALSE,1,31,3,-0.040076311635863296,,Verrucomicrobiota,Alterococcus
ASV_011001,hyporheic,1,FALSE,1,31,3,-0.11905021985947627,,Verrucomicrobiota,NA
ASV_011047,hyporheic,1,FALSE,1,31,3,-0.3386841238246487,,Acidobacteriota,NA
ASV_011668,hyporheic,1,FALSE,1,31,3,0.32427080856264756,,Actinomycetota,Marmoricola
ASV_012010,hyporheic,1,FALSE,1,31,4,-0.3346906483660598,,Acidobacteriota,NA
ASV_012087,hyporheic,1,FALSE,1,31,3,-0.07072290288681758,,Pseudomonadota,Candidatus Ovatusbacter
ASV_012219,hyporheic,1,FALSE,1,31,3,0.37168814517183024,,Planctomycetota,NA
ASV_012267,hyporheic,1,FALSE,1,31,3,-0.06365061259813583,,Pseudomonadota,MND1
ASV_012458,hyporheic,1,FALSE,1,31,3,0.24124367984725553,,Elusimicrobiota,NA
ASV_012464,hyporheic,1,FALSE,1,31,3,-0.17680725721704396,,Myxococcota,NA
ASV_012541,hyporheic,1,FALSE,1,31,3,-0.42865937249732217,,Chlamydiota,NA
ASV_012734,hyporheic,1,FALSE,1,31,3,0.1764143522010061,,Chlamydiota,Ga0074140
ASV_012774,hyporheic,1,FALSE,1,31,3,-0.08372082693799263,,Chloroflexota,NA
ASV_013439,hyporheic,1,FALSE,2,31,3,0.12022893490758989,,Bdellovibrionota,Oligoflexus
ASV_013445,hyporheic,1,FALSE,2,31,3,0.2180622839010209,,Pseudomonadota,Roseiarcus
ASV_013571,hyporheic,1,FALSE,1,31,3,0.1343735154849534,,Acidobacteriota,NA
ASV_014954,hyporheic,1,FALSE,1,31,3,0.23338557952649805,,Elusimicrobiota,NA
ASV_015257,hyporheic,1,FALSE,1,31,3,0.17484273213685458,,Chlamydiota,Candidatus Rhabdochlamydia
ASV_016130,hyporheic,1,FALSE,1,31,4,0.034600957590599994,,Acidobacteriota,NA
ASV_020465,hyporheic,1,FALSE,2,31,3,-0.34889965424163344,,Planctomycetota,NA
ASV_020979,hyporheic,1,FALSE,1,31,3,0.23810043971895253,,Pseudomonadota,MND1
ASV_000001,sediment,1,TRUE,13,34,34,-0.2452224889039162,,Pseudomonadota,Bradyrhizobium
ASV_000002,sediment,1,FALSE,13,34,34,-0.3843508926537851,,Acidobacteriota,NA
ASV_000003,sediment,1,FALSE,5,34,34,0.09432810202850142,,Pseudomonadota,NA
ASV_000004,sediment,1,FALSE,12,34,34,-0.07047853328223526,,Pseudomonadota,IS-44
ASV_000005,sediment,1,TRUE,13,34,34,-0.15623583708923994,,Pseudomonadota,Bradyrhizobium
ASV_000006,sediment,1,FALSE,9,34,34,0.3709591405712213,,Acidobacteriota,NA
ASV_000007,sediment,1,FALSE,8,34,34,0.04569769432499202,,Pseudomonadota,Rhizobacter
ASV_000009,sediment,1,TRUE,11,34,31,-0.2501167070147393,,Pseudomonadota,Pseudolabrys
ASV_000010,sediment,1,FALSE,4,34,34,-0.0932507968070758,,Pseudomonadota,NA
ASV_000011,sediment,1,FALSE,10,34,34,0.11820479752154398,,Pseudomonadota,NA
ASV_000012,sediment,1,FALSE,6,34,34,0.10291310314618253,,Nitrospirota,Nitrospira
ASV_000013,sediment,1,FALSE,5,34,34,-0.17132814494420087,,Pseudomonadota,NA
ASV_000014,sediment,1,FALSE,8,34,33,0.17140677792238393,,Pseudomonadota,Hyphomicrobium
ASV_000015,sediment,1,FALSE,10,34,34,-0.05799992184364277,,Acidobacteriota,NA
ASV_000016,sediment,1,FALSE,6,34,29,0.16400009800195525,,Acidobacteriota,NA
ASV_000017,sediment,1,TRUE,10,34,34,-0.04713811393699528,,Verrucomicrobiota,Candidatus Udaeobacter
ASV_000018,sediment,1,FALSE,11,34,34,-0.05125463855522913,,Acidobacteriota,NA
ASV_000019,sediment,1,FALSE,11,34,34,-0.09638410448279083,,Acidobacteriota,NA
ASV_000020,sediment,1,FALSE,6,34,34,-0.04983548417957366,,Nitrospirota,Nitrospira
ASV_000021,sediment,1,FALSE,4,34,34,0.09588626149985566,,Pseudomonadota,NA
ASV_000022,sediment,1,FALSE,5,34,34,0.24701757810568994,,Pseudomonadota,NA
ASV_000023,sediment,1,TRUE,11,34,30,-0.310598770782276,,Pseudomonadota,NA
ASV_000024,sediment,1,FALSE,2,34,34,0.08853213596526344,,Pseudomonadota,Kineobactrum
ASV_000025,sediment,1,FALSE,1,34,34,-0.2470948734367283,,Acidobacteriota,NA
ASV_000026,sediment,1,FALSE,7,34,34,0.009947216147326597,,Acidobacteriota,JGI 0001001-H03
ASV_000027,sediment,1,FALSE,8,34,34,-0.07554097021428553,,Actinomycetota,Gaiella
ASV_000028,sediment,1,FALSE,2,34,32,-0.11829535510589939,,Pseudomonadota,NA
ASV_000029,sediment,1,FALSE,8,34,34,0.10456175666413782,,Acidobacteriota,NA
ASV_000030,sediment,1,FALSE,8,34,34,0.13179423652987818,,Acidobacteriota,NA
ASV_000031,sediment,1,FALSE,12,34,34,-0.20558330928350504,,Pseudomonadota,Rhizobacter
ASV_000032,sediment,1,FALSE,12,34,31,-0.3863433131857008,,Pseudomonadota,NA
ASV_000033,sediment,1,FALSE,1,34,28,-0.4046618143638956,,Pseudomonadota,NA
ASV_000034,sediment,1,FALSE,11,34,34,-0.5272832840887092,,Verrucomicrobiota,Candidatus Udaeobacter
ASV_000035,sediment,1,FALSE,9,34,34,-0.22814770275809784,,Pseudomonadota,NA
ASV_000036,sediment,1,FALSE,3,34,30,-0.11613507793840508,,Pseudomonadota,NA
ASV_000037,sediment,1,FALSE,5,34,34,-0.001988376789705244,,Nitrospirota,Nitrospira
ASV_000038,sediment,1,TRUE,12,34,34,-0.313597450252282,,Pseudomonadota,NA
ASV_000039,sediment,1,TRUE,11,34,34,-0.2796894202019314,,Acidobacteriota,NA
ASV_000040,sediment,1,TRUE,8,34,33,0.1744605826423549,,Acidobacteriota,NA
ASV_000041,sediment,1,FALSE,12,34,34,-0.040171976262089674,,Pseudomonadota,NA
ASV_000042,sediment,1,FALSE,10,34,34,-0.3255850888886646,,Planctomycetota,NA
ASV_000043,sediment,1,FALSE,7,34,34,-0.19596159695179668,,Verrucomicrobiota,NA
ASV_000044,sediment,1,FALSE,11,34,34,-0.07027497212748815,,Pseudomonadota,Pedomicrobium
ASV_000045,sediment,1,TRUE,13,34,27,-0.2834792528659761,,Pseudomonadota,NA
ASV_000046,sediment,1,FALSE,8,34,34,-0.007192051266595768,,Verrucomicrobiota,Candidatus Udaeobacter
ASV_000047,sediment,1,FALSE,3,34,32,-0.22135552754820437,,Pseudomonadota,NA
ASV_000048,sediment,1,FALSE,7,34,33,0.10691085690994756,,Verrucomicrobiota,NA
ASV_000049,sediment,1,FALSE,6,34,34,-0.08965050033930454,,Verrucomicrobiota,NA
ASV_000050,sediment,1,FALSE,3,34,34,0.10644648526636578,,Pseudomonadota,Novosphingobium
ASV_000051,sediment,1,FALSE,11,34,30,-0.3165157911186802,,Bacteroidota,Puia
ASV_000052,sediment,1,FALSE,13,34,34,0.2749180018937376,,Acidobacteriota,NA
ASV_000053,sediment,1,FALSE,12,34,34,0.07827845170482264,,Acidobacteriota,NA
ASV_000054,sediment,1,FALSE,7,34,32,0.11164645724776871,,Acidobacteriota,NA
ASV_000055,sediment,1,FALSE,1,34,30,0.14615142527634442,,Pseudomonadota,Rhizobacter
ASV_000056,sediment,1,FALSE,11,34,33,-0.007041727396119147,,Acidobacteriota,NA
ASV_000058,sediment,1,FALSE,6,34,34,-0.04228280228120656,,Acidobacteriota,NA
ASV_000059,sediment,1,FALSE,9,34,34,-0.256850272576405,,Verrucomicrobiota,Chthoniobacter
ASV_000060,sediment,1,FALSE,13,34,33,0.013998167105571615,,Pseudomonadota,NA
ASV_000061,sediment,1,FALSE,8,34,32,-0.04152318834616824,,Acidobacteriota,NA
ASV_000062,sediment,1,FALSE,3,34,32,-0.005356603856476736,,Pseudomonadota,NA
ASV_000063,sediment,1,FALSE,12,34,34,0.3992662822615007,,Pseudomonadota,Piscinibacter
ASV_000064,sediment,1,FALSE,9,34,32,-0.08427658547135304,,Acidobacteriota,NA
ASV_000065,sediment,1,FALSE,9,34,34,0.0263744716273436,,Pseudomonadota,MND1
ASV_000066,sediment,1,FALSE,8,34,34,0.0511251436475085,,Thermodesulfobacteriota,NA
ASV_000067,sediment,1,TRUE,12,34,33,-0.26586076514728474,,Acidobacteriota,NA
ASV_000068,sediment,1,FALSE,7,34,31,-0.027756667056816564,,Pseudomonadota,NA
ASV_000069,sediment,1,FALSE,9,34,34,-0.00520116650769796,,Acidobacteriota,NA
ASV_000070,sediment,1,FALSE,2,34,32,0.107276900296553,,Pseudomonadota,Kineobactrum
ASV_000071,sediment,1,FALSE,10,34,32,-0.1846555527466563,,Acidobacteriota,NA
ASV_000072,sediment,1,FALSE,1,34,34,0.1852958885156898,,Actinomycetota,NA
ASV_000073,sediment,1,FALSE,10,34,34,0.08416230205590791,,Acidobacteriota,NA
ASV_000074,sediment,1,FALSE,11,34,34,0.2329434544039473,,Pseudomonadota,NA
ASV_000075,sediment,1,FALSE,5,34,33,0.07095818773466932,,Pseudomonadota,Hyphomicrobium
ASV_000076,sediment,1,FALSE,8,34,31,-0.0992333850294726,,Pseudomonadota,NA
ASV_000077,sediment,1,FALSE,5,34,34,0.17013827429958342,,Pseudomonadota,NA
ASV_000078,sediment,1,FALSE,7,34,33,-0.11287266659809936,,Pseudomonadota,NA
ASV_000079,sediment,1,FALSE,7,34,34,-0.13898312045451713,,Pseudomonadota,NA
ASV_000081,sediment,1,FALSE,12,34,34,-0.052849443910301004,,Acidobacteriota,NA
ASV_000082,sediment,1,TRUE,12,34,31,-0.21128422992578139,,Acidobacteriota,NA
ASV_000083,sediment,1,FALSE,5,34,33,-0.2845552973363157,,Methylomirabilota,NA
ASV_000086,sediment,1,FALSE,10,34,33,-0.2576699225932466,,Bacteroidota,Chryseotalea
ASV_000087,sediment,1,FALSE,6,34,34,-0.313188791410609,,Verrucomicrobiota,Chthoniobacter
ASV_000088,sediment,1,FALSE,5,34,30,0.07288893244531346,,Nitrospirota,Nitrospira
ASV_000089,sediment,1,FALSE,6,34,32,-0.07718941313055823,,Verrucomicrobiota,Candidatus Udaeobacter
ASV_000090,sediment,1,TRUE,13,34,30,-0.2302887504554686,,Acidobacteriota,NA
ASV_000091,sediment,1,FALSE,2,34,25,0.05970661523307579,,Pseudomonadota,NA
ASV_000092,sediment,1,FALSE,3,34,34,-0.19156932487336384,,NB1-j,NA
ASV_000093,sediment,1,FALSE,2,34,34,-0.2736126263559236,,Bacteroidota,OLB12
ASV_000096,sediment,1,FALSE,1,34,22,0.03968440705223472,,Nitrospirota,Nitrospira
ASV_000097,sediment,1,TRUE,12,34,33,-0.33034432921086765,,Pseudomonadota,Reyranella
ASV_000098,sediment,1,TRUE,8,34,8,0.2044644528804172,,Actinomycetota,NA
ASV_000099,sediment,1,FALSE,4,34,23,-0.027844916299456162,,Pseudomonadota,NA
ASV_000100,sediment,1,FALSE,5,34,34,0.023603457761332478,,Acidobacteriota,NA
ASV_000102,sediment,1,FALSE,4,34,34,-0.20995496377371264,,Actinomycetota,Galbitalea
ASV_000103,sediment,1,FALSE,3,34,34,0.21574081109662416,,Bacteroidota,Terrimonas
ASV_000104,sediment,1,FALSE,7,34,33,0.1486482769107401,,Pseudomonadota,mle1-7
ASV_000106,sediment,1,FALSE,6,34,33,0.019588364105504685,,Bacteroidota,Terrimonas
ASV_000109,sediment,1,TRUE,10,34,34,0.07092548559556337,,Pseudomonadota,NA
ASV_000110,sediment,1,FALSE,9,34,34,-0.1132746518238329,,Chloroflexota,NA
ASV_000111,sediment,1,FALSE,1,34,28,-0.21548443085495217,,Bacteroidota,Terrimonas
ASV_000112,sediment,1,FALSE,3,34,27,-0.07216980461852987,,Acidobacteriota,NA
ASV_000115,sediment,1,FALSE,9,34,30,-0.08182276749656092,,Chloroflexota,NA
ASV_000116,sediment,1,FALSE,8,34,32,-0.17005998380952678,,Pseudomonadota,mle1-7
ASV_000117,sediment,1,FALSE,7,34,34,-0.07759001536881316,,Pseudomonadota,NA
ASV_000118,sediment,1,FALSE,8,34,33,0.22140593048049118,,Bacteroidota,Terrimonas
ASV_000119,sediment,1,FALSE,7,34,32,0.11205531421650468,,Myxococcota,NA
ASV_000120,sediment,1,TRUE,12,34,22,0.1028007995167975,,Acidobacteriota,NA
ASV_000121,sediment,1,FALSE,3,34,33,-0.015926535127953806,,Bacteroidota,Ferruginibacter
ASV_000122,sediment,1,FALSE,2,34,29,0.11716073829507104,,Pseudomonadota,Arenimonas
ASV_000123,sediment,1,FALSE,7,34,33,0.11866882922334006,,Acidobacteriota,NA
ASV_000124,sediment,1,FALSE,9,34,34,0.04675429700169707,,Verrucomicrobiota,Candidatus Udaeobacter
ASV_000125,sediment,1,TRUE,12,34,27,-0.15984689428869858,,Pseudomonadota,NA
ASV_000126,sediment,1,TRUE,10,34,19,0.09154652896099466,,Pseudomonadota,NA
ASV_000127,sediment,1,FALSE,5,34,33,0.20902525216529258,,Verrucomicrobiota,NA
ASV_000128,sediment,1,FALSE,9,34,31,-0.03774196235308564,,Methylomirabilota,NA
ASV_000129,sediment,1,FALSE,8,34,34,0.01535290848519611,,Chloroflexota,NA
ASV_000131,sediment,1,TRUE,12,34,29,-0.112238419060434,,Pseudomonadota,NA
ASV_000132,sediment,1,TRUE,9,34,27,-0.2825329768961058,,Pseudomonadota,Pseudolabrys
ASV_000133,sediment,1,TRUE,12,34,19,-0.5225443257722603,,Actinomycetota,NA
ASV_000134,sediment,1,FALSE,8,34,34,0.1660035007567493,,Acidobacteriota,NA
ASV_000135,sediment,1,TRUE,13,34,28,0.03551227222553132,,Acidobacteriota,Bryobacter
ASV_000136,sediment,1,TRUE,11,34,10,-0.14847317579503957,,Pseudomonadota,NA
ASV_000137,sediment,1,FALSE,4,34,31,-0.02174417732612292,,Acidobacteriota,NA
ASV_000138,sediment,1,FALSE,3,34,34,0.00950415217739416,,Acidobacteriota,Bryobacter
ASV_000139,sediment,1,TRUE,10,34,25,-0.2345547877280103,,Pseudomonadota,Burkholderia-Caballeronia-Paraburkholderia
ASV_000141,sediment,1,FALSE,3,34,33,-0.1257387600838474,,Pseudomonadota,NA
ASV_000142,sediment,1,FALSE,7,34,34,0.12634999992324555,,Planctomycetota,NA
ASV_000143,sediment,1,TRUE,8,34,5,0.23753700258181745,,Actinomycetota,NA
ASV_000144,sediment,1,FALSE,2,34,26,0.007851817560369938,,Pseudomonadota,Rhizobacter
ASV_000145,sediment,1,FALSE,2,34,24,-0.04941609607432829,,Pseudomonadota,NA
ASV_000146,sediment,1,FALSE,8,34,34,0.06901566903604718,,Acidobacteriota,NA
ASV_000147,sediment,1,FALSE,5,34,29,0.07633980297326277,,Nitrospirota,Nitrospira
ASV_000148,sediment,1,TRUE,11,34,12,-0.12796224096901826,,Pseudomonadota,Burkholderia-Caballeronia-Paraburkholderia
ASV_000149,sediment,1,FALSE,2,34,34,0.016849253476663946,,Pseudomonadota,Rhizobacter
ASV_000150,sediment,1,FALSE,2,34,32,-0.144432965475482,,Verrucomicrobiota,NA
ASV_000151,sediment,1,FALSE,10,34,33,-0.04115214391014044,,Acidobacteriota,NA
ASV_000152,sediment,1,FALSE,5,34,34,0.08207955649214341,,Pseudomonadota,NA
ASV_000153,sediment,1,FALSE,6,34,34,-0.00912033666936988,,Pseudomonadota,Ellin6067
ASV_000154,sediment,1,FALSE,7,34,33,0.08142351415185728,,Methylomirabilota,NA
ASV_000155,sediment,1,TRUE,8,34,30,0.062405056059569704,,Verrucomicrobiota,Candidatus Udaeobacter
ASV_000156,sediment,1,FALSE,8,34,34,-0.10281410912657599,,Acidobacteriota,NA
ASV_000157,sediment,1,FALSE,3,34,32,0.007204206543599657,,Bacteroidota,Ferruginibacter
ASV_000158,sediment,1,FALSE,4,34,31,0.2198243595831977,,Gemmatimonadota,NA
ASV_000159,sediment,1,TRUE,11,34,27,-0.2505599905021951,,Pseudomonadota,Methylocapsa
ASV_000161,sediment,1,FALSE,10,34,32,0.20189048907286042,,Pseudomonadota,Ellin6067
ASV_000163,sediment,1,FALSE,9,34,32,-0.24267718706616678,,Pseudomonadota,Hypericibacter
ASV_000164,sediment,1,FALSE,2,34,34,-0.29248261862045255,,Pseudomonadota,Rhizorhapis
ASV_000165,sediment,1,FALSE,2,34,29,-0.08229291206295612,,Pseudomonadota,NA
ASV_000167,sediment,1,FALSE,3,34,34,-0.009813756884592968,,Pseudomonadota,NA
ASV_000168,sediment,1,FALSE,8,34,34,-0.03727882305229729,,Acidobacteriota,NA
ASV_000169,sediment,1,FALSE,2,34,34,0.31604862719612004,,Verrucomicrobiota,Candidatus Udaeobacter
ASV_000170,sediment,1,FALSE,7,34,33,-0.22084351890221982,,Acidobacteriota,NA
ASV_000171,sediment,1,FALSE,5,34,33,-0.10104552348925598,,Pseudomonadota,NA
ASV_000173,sediment,1,TRUE,9,34,31,0.27380806180291956,,Acidobacteriota,NA
ASV_000174,sediment,1,FALSE,9,34,34,-0.12097846104840572,,Pseudomonadota,Hyphomicrobium
ASV_000175,sediment,1,FALSE,8,34,34,-0.15594673049423513,,Pseudomonadota,NA
ASV_000176,sediment,1,FALSE,1,34,23,-0.3590417316123134,,Pseudomonadota,Rhizobacter
ASV_000177,sediment,1,FALSE,1,34,22,-0.3303224556532426,,Pseudomonadota,NA
ASV_000178,sediment,1,FALSE,2,34,26,0.1452502782662128,,Pseudomonadota,mle1-7
ASV_000179,sediment,1,TRUE,10,34,21,-0.12398116464313319,,Pseudomonadota,Rhodovastum
ASV_000180,sediment,1,FALSE,2,34,28,0.1162853821960549,,Acidobacteriota,NA
ASV_000181,sediment,1,FALSE,1,34,34,-0.11647564293379843,,Bacteroidota,Dinghuibacter
ASV_000182,sediment,1,TRUE,9,34,16,-0.05289013680631799,,Pseudomonadota,NA
ASV_000183,sediment,1,FALSE,11,34,31,-0.18387904828919388,,Pseudomonadota,Rhodoplanes
ASV_000184,sediment,1,TRUE,11,34,25,0.14797962866876882,,Chloroflexota,NA
ASV_000185,sediment,1,FALSE,8,34,32,-0.17663669844681806,,Planctomycetota,NA
ASV_000186,sediment,1,FALSE,2,34,34,-0.10649753992931578,,Verrucomicrobiota,NA
ASV_000187,sediment,1,FALSE,7,34,31,0.07406388905540988,,Verrucomicrobiota,NA
ASV_000188,sediment,1,TRUE,10,34,19,-0.3980477142928315,,Acidobacteriota,Subgroup 10
ASV_000189,sediment,1,FALSE,11,34,31,-0.07105321047335768,,Pseudomonadota,Rhodoplanes
ASV_000190,sediment,1,FALSE,11,34,34,-0.1507028202357165,,Acidobacteriota,NA
ASV_000191,sediment,1,FALSE,4,34,34,-0.19361099628592623,,Verrucomicrobiota,Chthoniobacter
ASV_000193,sediment,1,FALSE,7,34,33,-0.11295072216080189,,Verrucomicrobiota,Oleiharenicola
ASV_000194,sediment,1,FALSE,1,34,23,-0.15325140641773335,,Pseudomonadota,Arenimonas
ASV_000195,sediment,1,FALSE,5,34,34,0.02222061871346115,,Pseudomonadota,NA
ASV_000196,sediment,1,FALSE,8,34,32,0.2096239347097899,,Acidobacteriota,NA
ASV_000197,sediment,1,FALSE,3,34,30,0.1794353591080536,,Planctomycetota,NA
ASV_000198,sediment,1,FALSE,9,34,30,0.27080586982108135,,Myxococcota,Anaeromyxobacter
ASV_000199,sediment,1,FALSE,9,34,33,0.14190498486985592,,Acidobacteriota,Stenotrophobacter
ASV_000200,sediment,1,FALSE,3,34,28,0.1435496943365836,,Pseudomonadota,Hyphomicrobium
ASV_000201,sediment,1,FALSE,1,34,31,0.41191434512162434,,Acidobacteriota,NA
ASV_000202,sediment,1,TRUE,9,34,29,0.09298055327327667,,Actinomycetota,Pseudarthrobacter
ASV_000203,sediment,1,TRUE,10,34,25,-0.18083693728298905,,Pseudomonadota,Methylocapsa
ASV_000204,sediment,1,FALSE,2,34,33,0.11563239962801965,,Actinomycetota,NA
ASV_000205,sediment,1,FALSE,7,34,34,-0.1712064466105505,,Pseudomonadota,NA
ASV_000206,sediment,1,FALSE,2,34,33,-0.20848722655628887,,Pseudomonadota,Rhodoferax
ASV_000207,sediment,1,FALSE,2,34,33,0.2526552995576845,,Pseudomonadota,NA
ASV_000208,sediment,1,FALSE,7,34,30,-0.09962500776836572,,Pseudomonadota,Piscinibacter
ASV_000210,sediment,1,TRUE,13,34,23,-0.12285480476255281,,Actinomycetota,Mycobacterium
ASV_000212,sediment,1,FALSE,10,34,27,0.04514098593208244,,Acidobacteriota,NA
ASV_000214,sediment,1,TRUE,6,34,27,-0.008210842602506084,,Acidobacteriota,NA
ASV_000216,sediment,1,TRUE,12,34,31,0.06535751856521398,,Acidobacteriota,NA
ASV_000218,sediment,1,FALSE,5,34,34,0.04231857041349904,,Chloroflexota,NA
ASV_000220,sediment,1,FALSE,2,34,32,0.03662852455418135,,Pseudomonadota,NA
ASV_000221,sediment,1,FALSE,6,34,21,-0.21198409257180093,,Pseudomonadota,Pseudolabrys
ASV_000222,sediment,1,FALSE,4,34,34,-0.06325886272626374,,Pseudomonadota,NA
ASV_000223,sediment,1,FALSE,2,34,34,-0.24667962497884333,,Bacteroidota,Chryseotalea
ASV_000225,sediment,1,FALSE,2,34,25,-0.03935689944594562,,Pseudomonadota,NA
ASV_000227,sediment,1,FALSE,2,34,27,0.1260495143670691,,Acidobacteriota,NA
ASV_000228,sediment,1,FALSE,3,34,34,0.09029638969184467,,Pseudomonadota,NA
ASV_000229,sediment,1,FALSE,10,34,32,0.01800740693624882,,Methylomirabilota,NA
ASV_000230,sediment,1,FALSE,6,34,28,0.05994517709994011,,Pseudomonadota,NA
ASV_000231,sediment,1,FALSE,3,34,34,-0.06355123762111464,,Acidobacteriota,NA
ASV_000232,sediment,1,FALSE,3,34,28,-0.19811355524276664,,Pseudomonadota,NA
ASV_000233,sediment,1,FALSE,2,34,34,-0.09184835497215958,,Actinomycetota,NA
ASV_000234,sediment,1,FALSE,3,34,29,0.26644728627781183,,Pseudomonadota,NA
ASV_000235,sediment,1,FALSE,5,34,29,-0.1459287953954731,,Acidobacteriota,NA
ASV_000236,sediment,1,FALSE,4,34,34,0.10748694304887427,,Acidobacteriota,Paludibaculum
ASV_000237,sediment,1,FALSE,3,34,33,-0.05432415953920002,,NB1-j,NA
ASV_000238,sediment,1,FALSE,10,34,32,-0.2268585130436028,,Pseudomonadota,Bradyrhizobium
ASV_000240,sediment,1,FALSE,6,34,34,0.04299477721954971,,Thermodesulfobacteriota,NA
ASV_000241,sediment,1,FALSE,5,34,28,-0.03735369755024121,,Pseudomonadota,NA
ASV_000243,sediment,1,TRUE,11,34,23,-0.38248660343845675,,Acidobacteriota,NA
ASV_000244,sediment,1,FALSE,11,34,28,0.07921392226608985,,Actinomycetota,Acidiferrimicrobium
ASV_000246,sediment,1,TRUE,7,34,28,0.042056423318841255,,Acidobacteriota,NA
ASV_000248,sediment,1,FALSE,2,34,33,0.025920435944286703,,Actinomycetota,Nocardioides
ASV_000249,sediment,1,FALSE,6,34,34,0.09190259679774654,,Verrucomicrobiota,Chthoniobacter
ASV_000250,sediment,1,FALSE,5,34,31,-0.11380481451642398,,Pseudomonadota,NA
ASV_000251,sediment,1,FALSE,6,34,29,0.10285139255329384,,Pseudomonadota,Rhodoferax
ASV_000252,sediment,1,TRUE,7,34,16,0.035643906638170596,,Pseudomonadota,Pseudolabrys
ASV_000253,sediment,1,FALSE,5,34,30,-0.15588611746941908,,Actinomycetota,NA
ASV_000254,sediment,1,FALSE,7,34,34,-0.09112310409135929,,Pseudomonadota,Pseudaminobacter
ASV_000255,sediment,1,TRUE,10,34,27,0.6590347796468412,,Actinomycetota,Gaiella
ASV_000256,sediment,1,FALSE,10,34,30,0.012820282800215884,,Pseudomonadota,Pedomicrobium
ASV_000257,sediment,1,FALSE,2,34,33,0.01456505408078166,,Acidobacteriota,JGI 0001001-H03
ASV_000258,sediment,1,FALSE,2,34,24,0.13205477548251363,,Pseudomonadota,NA
ASV_000259,sediment,1,FALSE,11,34,25,-0.04117034949464355,,Pseudomonadota,Devosia
ASV_000261,sediment,1,TRUE,9,34,28,0.050457513490722715,,Pseudomonadota,Mesorhizobium
ASV_000263,sediment,1,FALSE,1,34,34,-0.03569592816116967,,Verrucomicrobiota,Oleiharenicola
ASV_000265,sediment,1,FALSE,10,34,29,0.2350544055049476,,Acidobacteriota,NA
ASV_000266,sediment,1,TRUE,12,34,31,-0.14614268236282868,,Pseudomonadota,Rhodoplanes
ASV_000267,sediment,1,FALSE,5,34,31,-0.009986325732201444,,Pseudomonadota,NA
ASV_000268,sediment,1,TRUE,9,34,17,0.09011033868732429,,Pseudomonadota,Reyranella
ASV_000269,sediment,1,FALSE,1,34,13,0.16872302842989542,,Nitrospirota,Nitrospira
ASV_000271,sediment,1,FALSE,11,34,30,-0.05872149885894234,,Acidobacteriota,NA
ASV_000273,sediment,1,TRUE,13,34,26,0.14214727787216402,,Pseudomonadota,NA
ASV_000275,sediment,1,FALSE,8,34,24,-0.23965089463245803,,Pseudomonadota,IS-44
ASV_000276,sediment,1,FALSE,8,34,29,0.029504400245811576,,Bacteroidota,OLB12
ASV_000277,sediment,1,FALSE,1,34,31,0.46622520657135297,,Verrucomicrobiota,Chthoniobacter
ASV_000278,sediment,1,TRUE,8,34,20,0.1916358515236258,,Chloroflexota,NA
ASV_000279,sediment,1,FALSE,12,34,25,-0.22712585464582688,,Myxococcota,NA
ASV_000280,sediment,1,FALSE,9,34,33,0.1329588621387682,,Pseudomonadota,NA
ASV_000281,sediment,1,FALSE,2,34,34,-0.11848503376528567,,Pseudomonadota,MND1
ASV_000282,sediment,1,FALSE,9,34,31,-0.25848057939699837,,Bacteroidota,NA
ASV_000283,sediment,1,FALSE,3,34,28,0.08095355094509607,,Pseudomonadota,MND1
ASV_000285,sediment,1,FALSE,4,34,32,-0.15171159166146583,,Planctomycetota,NA
ASV_000286,sediment,1,TRUE,9,34,27,-0.03493006438606586,,Acidobacteriota,NA
ASV_000287,sediment,1,FALSE,6,34,34,-0.1436272678058156,,Pseudomonadota,Acidibacter
ASV_000288,sediment,1,FALSE,4,34,30,0.004449941332956782,,Pseudomonadota,mle1-7
ASV_000289,sediment,1,FALSE,3,34,30,0.03221706506599978,,Pseudomonadota,Methylibium
ASV_000290,sediment,1,FALSE,1,34,34,0.07599103553111686,,Planctomycetota,Pirellula
ASV_000291,sediment,1,TRUE,10,34,20,-0.1485882051401288,,Pseudomonadota,NA
ASV_000292,sediment,1,FALSE,6,34,33,0.07273912887452207,,Pseudomonadota,NA
ASV_000293,sediment,1,FALSE,3,34,29,0.22208707984526466,,Pseudomonadota,NA
ASV_000294,sediment,1,FALSE,9,34,30,-0.10068020421397268,,Actinomycetota,Acidiferrimicrobium
ASV_000295,sediment,1,FALSE,8,34,30,-0.2015299840494951,,Pseudomonadota,Hyphomicrobium
ASV_000296,sediment,1,FALSE,3,34,30,-0.12119452761857964,,Pseudomonadota,NA
ASV_000298,sediment,1,FALSE,11,34,23,-0.26389187489877386,,Verrucomicrobiota,NA
ASV_000299,sediment,1,TRUE,8,34,3,0.10342173505417891,,Actinomycetota,NA
ASV_000301,sediment,1,FALSE,1,34,25,-0.1354667889726927,,Bacteroidota,Terrimonas
ASV_000302,sediment,1,FALSE,11,34,31,-0.13797473856266898,,Pseudomonadota,Massilia
ASV_000303,sediment,1,FALSE,7,34,26,-0.019434822075968437,,Actinomycetota,Gaiella
ASV_000304,sediment,1,FALSE,3,34,32,-0.054134182040244914,,Pseudomonadota,NA
ASV_000305,sediment,1,FALSE,1,34,26,-0.3437925261488815,,Acidobacteriota,NA
ASV_000306,sediment,1,FALSE,8,34,29,-0.045243015491497625,,Planctomycetota,NA
ASV_000307,sediment,1,FALSE,8,34,16,-0.1839555452542917,,Verrucomicrobiota,NA
ASV_000308,sediment,1,FALSE,1,34,33,0.2578065650960086,,Verrucomicrobiota,Chthoniobacter
ASV_000309,sediment,1,TRUE,11,34,22,-0.2869479927377913,,Pseudomonadota,NA
ASV_000310,sediment,1,FALSE,5,34,25,-0.19919567968321236,,Pseudomonadota,Cereibacter
ASV_000311,sediment,1,FALSE,10,34,32,-0.29644568167283103,,Planctomycetota,NA
ASV_000312,sediment,1,FALSE,2,34,22,0.03269863161395555,,Methylomirabilota,NA
ASV_000313,sediment,1,FALSE,2,34,34,-0.3585886258041638,,Acidobacteriota,Bryobacter
ASV_000314,sediment,1,FALSE,2,34,29,-0.09227048096472111,,Pseudomonadota,NA
ASV_000315,sediment,1,FALSE,9,34,32,0.15226333696283417,,Acidobacteriota,NA
ASV_000316,sediment,1,FALSE,4,34,32,0.1227853886924239,,Acidobacteriota,NA
ASV_000317,sediment,1,FALSE,1,34,19,0.06704166479929069,,Acidobacteriota,NA
ASV_000318,sediment,1,FALSE,5,34,25,0.1540888795290197,,Pseudomonadota,Hyphomicrobium
ASV_000319,sediment,1,FALSE,1,34,28,-0.50836105686932,,Actinomycetota,NA
ASV_000320,sediment,1,FALSE,1,34,30,-0.28989620793708604,,Pseudomonadota,NA
ASV_000321,sediment,1,FALSE,7,34,32,0.1430146153068606,,Pseudomonadota,MND1
ASV_000322,sediment,1,FALSE,1,34,29,-0.14512977141404007,,Pseudomonadota,Rhodoferax
ASV_000323,sediment,1,FALSE,3,34,27,-0.1479826912122478,,Actinomycetota,Gaiella
ASV_000324,sediment,1,FALSE,3,34,26,-0.15519147805827332,,Acidobacteriota,NA
ASV_000325,sediment,1,FALSE,6,34,32,-0.2851472098209389,,Pseudomonadota,MND1
ASV_000327,sediment,1,FALSE,7,34,32,0.11111221155471689,,Verrucomicrobiota,Chthoniobacter
ASV_000329,sediment,1,FALSE,9,34,25,-0.3341561266458667,,Pseudomonadota,NA
ASV_000330,sediment,1,FALSE,1,34,30,-0.20589314421886556,,NB1-j,NA
ASV_000331,sediment,1,TRUE,11,34,31,-0.27900205890255475,,Actinomycetota,Acidiferrimicrobium
ASV_000333,sediment,1,TRUE,6,34,8,-0.32495886612900593,,Pseudomonadota,Actimicrobium
ASV_000334,sediment,1,FALSE,1,34,27,-0.383717473746519,,Pseudomonadota,NA
ASV_000335,sediment,1,TRUE,11,34,6,-0.3851999437269895,,Actinomycetota,Mycobacterium
ASV_000336,sediment,1,TRUE,13,34,13,-0.102395614472258,,Pseudomonadota,NA
ASV_000337,sediment,1,FALSE,10,34,23,-0.1273196549542406,,Acidobacteriota,NA
ASV_000338,sediment,1,FALSE,1,34,29,0.3444621338495569,,Actinomycetota,Acidiferrimicrobium
ASV_000339,sediment,1,FALSE,4,34,28,-0.1630856321361548,,Acidobacteriota,NA
ASV_000340,sediment,1,TRUE,11,34,21,-0.010282902005392844,,Myxococcota,NA
ASV_000341,sediment,1,FALSE,7,34,32,-0.06866491435147044,,Pseudomonadota,SWB02
ASV_000342,sediment,1,FALSE,3,34,27,0.24371702675557222,,Pseudomonadota,NA
ASV_000343,sediment,1,TRUE,13,34,25,-0.10077689077621677,,Pseudomonadota,Acidibacter
ASV_000344,sediment,1,TRUE,9,34,10,-0.3781610004930565,,Pseudomonadota,NA
ASV_000347,sediment,1,FALSE,6,34,22,0.1446421809356846,,Pseudomonadota,NA
ASV_000348,sediment,1,FALSE,1,34,29,-0.39896585258535505,,Acidobacteriota,NA
ASV_000349,sediment,1,TRUE,9,34,6,0.34053262531458767,,Pseudomonadota,Sphingomonas
ASV_000350,sediment,1,TRUE,11,34,27,-0.031114804586372315,,Pseudomonadota,NA
ASV_000351,sediment,1,FALSE,1,34,24,0.21756113745554728,,Pseudomonadota,NA
ASV_000352,sediment,1,FALSE,5,34,24,0.0051354540861005445,,Fibrobacterota,NA
ASV_000353,sediment,1,FALSE,7,34,31,0.030561719059676164,,Acidobacteriota,NA
ASV_000354,sediment,1,FALSE,11,34,29,0.0780543922214109,,Pseudomonadota,Aminobacter
ASV_000355,sediment,1,FALSE,8,34,26,-0.2061317778799233,,Pseudomonadota,Afipia
ASV_000356,sediment,1,FALSE,1,34,27,0.321041685362669,,Verrucomicrobiota,Candidatus Udaeobacter
ASV_000358,sediment,1,FALSE,7,34,27,-0.33561535771097645,,Pseudomonadota,P3OB-51
ASV_000359,sediment,1,TRUE,11,34,19,0.05460539031889323,,Pseudomonadota,NA
ASV_000362,sediment,1,FALSE,3,34,23,-0.08172634277678488,,Pseudomonadota,NA
ASV_000364,sediment,1,FALSE,9,34,31,-0.27176404646582586,,Pseudomonadota,NA
ASV_000366,sediment,1,FALSE,6,34,29,0.12422650893343039,,Actinomycetota,Luedemannella
ASV_000367,sediment,1,FALSE,6,34,30,0.048743354912014696,,Pseudomonadota,Acidibacter
ASV_000368,sediment,1,FALSE,4,34,24,0.1931416795074932,,Pseudomonadota,NA
ASV_000369,sediment,1,FALSE,2,34,30,0.17657206828932845,,Pseudomonadota,MND1
ASV_000370,sediment,1,FALSE,1,34,29,0.011226691161755337,,Planctomycetota,NA
ASV_000371,sediment,1,TRUE,12,34,23,-0.22913402377751016,,Pseudomonadota,Rhodoplanes
ASV_000372,sediment,1,FALSE,2,34,28,0.15063660336958007,,Pseudomonadota,NA
ASV_000373,sediment,1,TRUE,13,34,30,-0.18834732990428382,,Pseudomonadota,Rhizobium
ASV_000374,sediment,1,TRUE,9,34,16,-0.31716165545881675,,Acidobacteriota,Granulicella
ASV_000375,sediment,1,FALSE,4,34,20,-0.042133624520140245,,Pseudomonadota,NA
ASV_000376,sediment,1,FALSE,2,34,26,0.07860969221536444,,Acidobacteriota,NA
ASV_000377,sediment,1,FALSE,1,34,22,0.07585529876506754,,Acidobacteriota,Stenotrophobacter
ASV_000378,sediment,1,FALSE,7,34,27,0.03221103702118984,,Pseudomonadota,NA
ASV_000379,sediment,1,FALSE,1,34,24,-0.1991975924382706,,Pseudomonadota,Fuscovulum
ASV_000380,sediment,1,TRUE,10,34,11,-0.36522570337072197,,Pseudomonadota,Roseiarcus
ASV_000382,sediment,1,FALSE,2,34,32,0.21589520275245322,,Acidobacteriota,NA
ASV_000383,sediment,1,TRUE,12,34,21,-0.18551045192544577,,Acidobacteriota,Granulicella
ASV_000386,sediment,1,FALSE,1,34,19,-0.1818331365111538,,Nitrospirota,Nitrospira
ASV_000387,sediment,1,FALSE,9,34,26,-0.2814485132792612,,Acidobacteriota,NA
ASV_000388,sediment,1,FALSE,3,34,30,0.0883986655462941,,Pseudomonadota,mle1-7
ASV_000389,sediment,1,FALSE,2,34,24,0.18645016824082655,,Pseudomonadota,NA
ASV_000392,sediment,1,TRUE,8,34,6,0.0025309857286895028,,Pseudomonadota,NA
ASV_000394,sediment,1,FALSE,3,34,29,-0.08825541205674288,,Pseudomonadota,NA
ASV_000395,sediment,1,FALSE,8,34,32,0.13441568441861126,,Pseudomonadota,NA
ASV_000396,sediment,1,FALSE,7,34,27,0.2534078107726236,,Acidobacteriota,NA
ASV_000397,sediment,1,FALSE,6,34,24,-0.20325580950264535,,Myxococcota,NA
ASV_000399,sediment,1,FALSE,5,34,28,-0.03659076233680898,,Pseudomonadota,IS-44
ASV_000400,sediment,1,FALSE,2,34,19,-0.24673154793214438,,Nitrospirota,Nitrospira
ASV_000401,sediment,1,FALSE,2,34,31,0.17274052540993404,,Acidobacteriota,NA
ASV_000404,sediment,1,FALSE,10,34,23,-0.019081126699666474,,Pseudomonadota,Hypericibacter
ASV_000405,sediment,1,FALSE,2,34,26,-0.14104513705956526,,Methylomirabilota,NA
ASV_000406,sediment,1,TRUE,5,34,29,-0.1809673832242486,,Pseudomonadota,Acidibacter
ASV_000407,sediment,1,FALSE,1,34,25,0.05535919744445873,,Pseudomonadota,NA
ASV_000408,sediment,1,FALSE,11,34,32,-6.154947223069252e-4,,Pseudomonadota,Bradyrhizobium
ASV_000409,sediment,1,FALSE,1,34,34,-0.3004222017272677,,Pseudomonadota,AAP99
ASV_000410,sediment,1,FALSE,2,34,20,-0.02329910837029712,,Pseudomonadota,NA
ASV_000411,sediment,1,FALSE,11,34,28,-0.0740867786576636,,Pseudomonadota,Pseudomonas
ASV_000412,sediment,1,FALSE,4,34,33,-0.048819584239765026,,Pseudomonadota,Dongia
ASV_000414,sediment,1,FALSE,6,34,29,-0.12136289240587052,,Pseudomonadota,NA
ASV_000415,sediment,1,FALSE,2,34,33,0.1917511054780113,,Planctomycetota,NA
ASV_000416,sediment,1,FALSE,6,34,27,-0.08375921788771236,,Pseudomonadota,NA
ASV_000417,sediment,1,FALSE,3,34,28,-0.13880935077583986,,Chloroflexota,NA
ASV_000419,sediment,1,FALSE,11,34,14,0.03445194334056906,,Pseudomonadota,Bradyrhizobium
ASV_000420,sediment,1,FALSE,3,34,34,0.08563468328404455,,Planctomycetota,NA
ASV_000422,sediment,1,FALSE,7,34,26,-0.15344658128162658,,Pseudomonadota,Caenimonas
ASV_000423,sediment,1,FALSE,1,34,24,-0.09624811553640097,,Pseudomonadota,Kineobactrum
ASV_000425,sediment,1,FALSE,2,34,26,-0.08678838295349246,,Nitrospirota,Nitrospira
ASV_000426,sediment,1,FALSE,1,34,25,-0.3944303611787036,,NB1-j,NA
ASV_000427,sediment,1,FALSE,3,34,30,-0.083391270717781,,Bacteroidota,NA
ASV_000429,sediment,1,FALSE,8,34,21,-0.16662669783658146,,Pseudomonadota,Hyphomicrobium
ASV_000431,sediment,1,FALSE,9,34,22,-0.1594734517112772,,Pseudomonadota,NA
ASV_000432,sediment,1,FALSE,2,34,28,0.1642734608962106,,Thermodesulfobacteriota,Pelotalea
ASV_000433,sediment,1,FALSE,3,34,33,0.2199020693961977,,Bacteroidota,Terrimonas
ASV_000434,sediment,1,FALSE,1,34,25,0.14468537220508662,,Pseudomonadota,NA
ASV_000435,sediment,1,FALSE,2,34,26,0.0031260522432612512,,Pseudomonadota,MND1
ASV_000437,sediment,1,FALSE,10,34,29,-0.17343289105043344,,Pseudomonadota,NA
ASV_000439,sediment,1,FALSE,10,34,25,-0.02534332083753761,,Pseudomonadota,Variovorax
ASV_000442,sediment,1,TRUE,9,34,15,-0.5301257267895536,,Myxococcota,NA
ASV_000443,sediment,1,TRUE,10,34,26,-0.4062485732568145,,Pseudomonadota,NA
ASV_000444,sediment,1,FALSE,2,34,13,-0.29125849645443275,,Pseudomonadota,NA
ASV_000446,sediment,1,FALSE,2,34,30,-0.08257906999020309,,Pseudomonadota,NA
ASV_000447,sediment,1,FALSE,4,34,23,-0.14332935110053202,,Pseudomonadota,NA
ASV_000448,sediment,1,TRUE,10,34,19,-0.29656877484995925,,Pseudomonadota,NA
ASV_000449,sediment,1,FALSE,3,34,33,0.09835729423170199,,Pseudomonadota,Piscinibacter
ASV_000450,sediment,1,FALSE,8,34,26,-0.1872052925425586,,Planctomycetota,NA
ASV_000451,sediment,1,TRUE,9,34,17,-0.22957394411969964,,Acidobacteriota,NA
ASV_000452,sediment,1,FALSE,5,34,19,0.18878887235665204,,Acidobacteriota,NA
ASV_000454,sediment,1,FALSE,1,34,25,0.1796945486792999,,Acidobacteriota,NA
ASV_000455,sediment,1,FALSE,2,34,30,0.10420493320302872,,Acidobacteriota,NA
ASV_000456,sediment,1,FALSE,6,34,30,-0.17233297274141302,,Acidobacteriota,Bryobacter
ASV_000458,sediment,1,FALSE,4,34,30,-0.03220454629145836,,Pseudomonadota,Reyranella
ASV_000459,sediment,1,FALSE,5,34,23,-0.2338521966114851,,Thermodesulfobacteriota,NA
ASV_000460,sediment,1,TRUE,8,34,5,0.051627687081523536,,Acidobacteriota,NA
ASV_000461,sediment,1,FALSE,3,34,31,0.12447383008998013,,Pseudomonadota,Paucibacter
ASV_000462,sediment,1,FALSE,7,34,28,-0.11027631756080612,,Verrucomicrobiota,NA
ASV_000464,sediment,1,FALSE,6,34,33,0.02545234397193128,,Pseudomonadota,Reyranella
ASV_000466,sediment,1,FALSE,2,34,24,-0.11479533261820611,,Gemmatimonadota,NA
ASV_000467,sediment,1,FALSE,3,34,29,0.09316341367037664,,Planctomycetota,Pir4 lineage
ASV_000468,sediment,1,TRUE,11,34,8,-0.2664379142841228,,Pseudomonadota,NA
ASV_000470,sediment,1,FALSE,9,34,19,0.08629205022675937,,Pseudomonadota,NA
ASV_000471,sediment,1,FALSE,9,34,28,0.29114363440393765,,Gemmatimonadota,NA
ASV_000472,sediment,1,TRUE,9,34,18,-0.13480529886095374,,Pseudomonadota,NA
ASV_000473,sediment,1,FALSE,2,34,30,0.07567232951948769,,Bacteroidota,Ferruginibacter
ASV_000474,sediment,1,FALSE,4,34,27,0.22425342091820316,,Actinomycetota,NA
ASV_000475,sediment,1,FALSE,1,34,29,-0.11805476024935124,,Verrucomicrobiota,Luteolibacter
ASV_000476,sediment,1,FALSE,2,34,29,-0.21535641700879404,,Pseudomonadota,Georgfuchsia
ASV_000477,sediment,1,FALSE,5,34,25,-0.004812785348992175,,Pseudomonadota,NA
ASV_000478,sediment,1,FALSE,1,34,19,0.1588174306343322,,Myxococcota,NA
ASV_000479,sediment,1,FALSE,8,34,20,-0.24702575040053834,,Planctomycetota,Pir4 lineage
ASV_000480,sediment,1,FALSE,1,34,18,0.18736507576812816,,Latescibacterota,NA
ASV_000482,sediment,1,FALSE,2,34,29,0.07906563687547705,,Pseudomonadota,NA
ASV_000483,sediment,1,FALSE,4,34,31,-0.07309112127323451,,Planctomycetota,NA
ASV_000484,sediment,1,TRUE,12,34,12,-0.32879362678545526,,Actinomycetota,Conexibacter
ASV_000485,sediment,1,TRUE,6,34,16,-0.34371305893750237,,Pseudomonadota,NA
ASV_000486,sediment,1,FALSE,3,34,26,0.1357838333194966,,Myxococcota,NA
ASV_000487,sediment,1,FALSE,6,34,28,-0.15374597921388491,,Actinomycetota,NA
ASV_000489,sediment,1,FALSE,9,34,23,0.12929606519456996,,Chloroflexota,NA
ASV_000490,sediment,1,FALSE,8,34,23,0.040200922091776274,,Pseudomonadota,NA
ASV_000491,sediment,1,FALSE,1,34,23,0.2543952877450486,,Planctomycetota,NA
ASV_000492,sediment,1,TRUE,10,34,24,-0.20765018464479154,,Actinomycetota,Acidiferrimicrobium
ASV_000493,sediment,1,FALSE,8,34,31,0.007776678022049211,,Pseudomonadota,NA
ASV_000494,sediment,1,FALSE,10,34,12,-0.1681737479751008,,Actinomycetota,Galbitalea
ASV_000495,sediment,1,FALSE,1,34,16,-0.5039573384406573,,Pseudomonadota,NA
ASV_000497,sediment,1,FALSE,2,34,25,-0.017775537443739425,,Pseudomonadota,NA
ASV_000499,sediment,1,FALSE,3,34,31,0.018148658956004114,,Pseudomonadota,Nordella
ASV_000500,sediment,1,FALSE,8,34,27,0.20660782515133214,,Pseudomonadota,MND1
ASV_000501,sediment,1,FALSE,1,34,28,0.3014174552797195,,Acidobacteriota,NA
ASV_000509,sediment,1,FALSE,3,34,32,-0.2216679258623377,,Verrucomicrobiota,NA
ASV_000510,sediment,1,FALSE,7,34,28,0.33347208063342115,,Pseudomonadota,NA
ASV_000511,sediment,1,TRUE,9,34,7,0.14840900370375837,,Pseudomonadota,Afipia
ASV_000512,sediment,1,FALSE,8,34,29,-0.23001454734126084,,Myxococcota,NA
ASV_000513,sediment,1,FALSE,2,34,19,-0.06675206943998625,,Pseudomonadota,NA
ASV_000514,sediment,1,FALSE,1,34,28,-0.18267294300903872,,Pseudomonadota,Hyphomicrobium
ASV_000516,sediment,1,TRUE,8,34,21,-0.10234604277069262,,Pseudomonadota,NA
ASV_000517,sediment,1,FALSE,5,34,30,-0.1752655436951649,,Pseudomonadota,Hyphomicrobium
ASV_000518,sediment,1,FALSE,3,34,20,0.050740008390625646,,Pseudomonadota,NA
ASV_000519,sediment,1,FALSE,7,34,26,0.15958621939199216,,Pseudomonadota,Pseudomonas
ASV_000520,sediment,1,FALSE,4,34,32,-0.20053557942343994,,Planctomycetota,NA
ASV_000521,sediment,1,FALSE,2,34,21,-0.10276736292475452,,Actinomycetota,Acidiferrimicrobium
ASV_000523,sediment,1,TRUE,10,34,24,-0.1854193755478522,,Actinomycetota,Acidothermus
ASV_000525,sediment,1,FALSE,6,34,24,0.1763121131404466,,Pseudomonadota,NA
ASV_000526,sediment,1,TRUE,8,34,11,-0.045851012245120906,,RCP2-54,NA
ASV_000527,sediment,1,TRUE,11,34,22,0.22302007694111864,,Verrucomicrobiota,Candidatus Udaeobacter
ASV_000529,sediment,1,FALSE,10,34,31,-0.12546927537036723,,Actinomycetota,NA
ASV_000530,sediment,1,FALSE,4,34,30,0.08176874954400562,,Acidobacteriota,NA
ASV_000531,sediment,1,FALSE,12,34,20,-0.42767151008681203,,Bacillota,Paenibacillus
ASV_000532,sediment,1,FALSE,11,34,27,0.013353704825995035,,Acidobacteriota,NA
ASV_000533,sediment,1,FALSE,9,34,28,-0.15834367394698223,,Actinomycetota,NA
ASV_000534,sediment,1,FALSE,9,34,7,0.04348767174766045,,Actinomycetota,Mycobacterium
ASV_000535,sediment,1,TRUE,9,34,28,-0.14979547543794716,,Gemmatimonadota,NA
ASV_000536,sediment,1,FALSE,4,34,30,-0.07967544937504979,,Pseudomonadota,Leptothrix
ASV_000537,sediment,1,FALSE,7,34,30,-0.11994852920149611,,Pseudomonadota,IS-44
ASV_000539,sediment,1,FALSE,4,34,23,-0.22234848904668772,,Pseudomonadota,NA
ASV_000540,sediment,1,FALSE,2,34,18,0.09674630450800413,,Pseudomonadota,NA
ASV_000542,sediment,1,TRUE,11,34,25,-0.2402463496284476,,Actinomycetota,NA
ASV_000546,sediment,1,FALSE,5,34,21,0.1457097798919833,,Verrucomicrobiota,NA
ASV_000547,sediment,1,FALSE,5,34,22,0.11672550653967931,,Verrucomicrobiota,NA
ASV_000550,sediment,1,FALSE,3,34,30,0.1336867145019388,,Planctomycetota,NA
ASV_000551,sediment,1,FALSE,6,34,23,-0.0017165861435426456,,Acidobacteriota,NA
ASV_000553,sediment,1,TRUE,6,34,13,0.3107262384470166,,Verrucomicrobiota,Candidatus Udaeobacter
ASV_000554,sediment,1,FALSE,9,34,31,0.07997722263922535,,Acidobacteriota,NA
ASV_000556,sediment,1,FALSE,1,34,19,-0.39652921959996373,,Nitrospirota,Nitrospira
ASV_000557,sediment,1,FALSE,2,34,26,-0.019132292124189015,,Pseudomonadota,Hirschia
ASV_000558,sediment,1,FALSE,1,34,20,0.26476564045867124,,Pseudomonadota,NA
ASV_000561,sediment,1,FALSE,5,34,23,-0.20525337646215863,,Pseudomonadota,MND1
ASV_000562,sediment,1,FALSE,2,34,24,-0.09472561318776146,,Acidobacteriota,NA
ASV_000563,sediment,1,FALSE,1,34,23,0.09958090261291426,,Acidobacteriota,NA
ASV_000565,sediment,1,FALSE,1,34,31,-0.32921315971969817,,Planctomycetota,Fimbriiglobus
ASV_000566,sediment,1,FALSE,3,34,26,0.06266453160807814,,Pseudomonadota,NA
ASV_000567,sediment,1,FALSE,5,34,22,0.04873495396842074,,MBNT15,NA
ASV_000568,sediment,1,TRUE,11,34,18,0.03433818691950578,,Pseudomonadota,NA
ASV_000569,sediment,1,FALSE,7,34,25,0.1172457079363508,,Pseudomonadota,Hyphomicrobium
ASV_000570,sediment,1,FALSE,3,34,33,-0.3179189551402489,,Acidobacteriota,NA
ASV_000572,sediment,1,TRUE,11,34,9,-0.04281392834386561,,Actinomycetota,NA
ASV_000574,sediment,1,FALSE,3,34,28,0.10752524446469404,,Methylomirabilota,NA
ASV_000575,sediment,1,TRUE,6,34,15,0.16050231724906755,,Acidobacteriota,NA
ASV_000576,sediment,1,FALSE,5,34,29,0.11493732160466098,,Pseudomonadota,Hyphomicrobium
ASV_000577,sediment,1,FALSE,5,34,19,-0.15845648026841266,,Acidobacteriota,NA
ASV_000579,sediment,1,FALSE,5,34,32,0.0297941218817314,,Pseudomonadota,MND1
ASV_000580,sediment,1,TRUE,7,34,4,0.0759691305078031,,Pseudomonadota,Sphingomonas
ASV_000581,sediment,1,FALSE,2,34,28,0.11518312743092572,,Actinomycetota,NA
ASV_000582,sediment,1,TRUE,11,34,12,-0.30519580635547594,,Actinomycetota,NA
ASV_000583,sediment,1,FALSE,7,34,25,-0.17331678022754485,,Actinomycetota,NA
ASV_000584,sediment,1,FALSE,8,34,23,0.16082274579589398,,Actinomycetota,Acidiferrimicrobium
ASV_000585,sediment,1,FALSE,5,34,27,-0.0810219252500174,,Actinomycetota,Acidiferrimicrobium
ASV_000586,sediment,1,FALSE,3,34,31,-0.06191043751843776,,Actinomycetota,NA
ASV_000588,sediment,1,FALSE,8,34,28,0.07164994065481899,,Verrucomicrobiota,Candidatus Udaeobacter
ASV_000589,sediment,1,FALSE,1,34,29,-0.4353129299826111,,Acidobacteriota,NA
ASV_000590,sediment,1,FALSE,5,34,21,-0.3211425894798565,,Pseudomonadota,NA
ASV_000591,sediment,1,FALSE,10,34,21,0.13491760209218334,,Pseudomonadota,Pedomicrobium
ASV_000592,sediment,1,FALSE,8,34,20,0.03519029313917386,,Pseudomonadota,MND1
ASV_000593,sediment,1,FALSE,3,34,19,-0.05868943602878344,,Acidobacteriota,NA
ASV_000594,sediment,1,FALSE,3,34,30,0.06477265498185804,,Verrucomicrobiota,Chthoniobacter
ASV_000598,sediment,1,FALSE,3,34,33,0.07843304784240031,,Planctomycetota,NA
ASV_000599,sediment,1,FALSE,8,34,28,-0.07621487498888005,,Planctomycetota,NA
ASV_000600,sediment,1,FALSE,1,34,20,0.2493628970320535,,Acidobacteriota,Bryobacter
ASV_000601,sediment,1,TRUE,11,34,10,-0.08899747208880203,,Pseudomonadota,NA
ASV_000603,sediment,1,FALSE,6,34,25,-0.03735663978000975,,Acidobacteriota,NA
ASV_000604,sediment,1,FALSE,3,34,29,-0.1665108334789547,,Actinomycetota,Conexibacter
ASV_000605,sediment,1,FALSE,3,34,29,-1.5456989081512543e-4,,Acidobacteriota,NA
ASV_000607,sediment,1,TRUE,8,34,11,-0.0295281013336612,,Acidobacteriota,NA
ASV_000608,sediment,1,FALSE,1,34,25,0.26761701845902364,,Pseudomonadota,GOUTA6
ASV_000609,sediment,1,FALSE,2,34,25,0.06805865998069038,,Acidobacteriota,NA
ASV_000612,sediment,1,FALSE,3,34,28,-0.331469258815799,,Pseudomonadota,Methylotenera
ASV_000614,sediment,1,FALSE,6,34,22,-0.24173357971658607,,Verrucomicrobiota,NA
ASV_000615,sediment,1,FALSE,10,34,19,-0.039271963620791446,,Pseudomonadota,Piscinibacter
ASV_000620,sediment,1,TRUE,11,34,21,-0.11643237083799708,,Acidobacteriota,Bryobacter
ASV_000622,sediment,1,FALSE,5,34,18,-0.11480508034588283,,Actinomycetota,Acidiferrimicrobium
ASV_000623,sediment,1,FALSE,6,34,34,0.01478562741035268,,Verrucomicrobiota,Candidatus Udaeobacter
ASV_000625,sediment,1,FALSE,4,34,30,0.05497532563998013,,Bacteroidota,Chryseotalea
ASV_000626,sediment,1,FALSE,6,34,27,-0.23625192389758146,,Bacteroidota,Chryseotalea
ASV_000628,sediment,1,FALSE,6,34,32,0.094177494007034665,,Planctomycetota,Pirellula
ASV_000629,sediment,1,TRUE,7,34,22,-0.09970898772722021,,Pseudomonadota,NA
ASV_000630,sediment,1,FALSE,3,34,28,-0.0032559110002959024,,Pseudomonadota,mle1-7
ASV_000631,sediment,1,FALSE,1,34,26,-0.3938154450417207,,Myxococcota,NA
ASV_000633,sediment,1,FALSE,2,34,29,0.1428481772287579,,Planctomycetota,NA
ASV_000637,sediment,1,FALSE,1,34,28,0.016318110881647783,,Pseudomonadota,Hyphomicrobium
ASV_000639,sediment,1,FALSE,3,34,23,-0.4073181193988683,,Pseudomonadota,NA
ASV_000640,sediment,1,FALSE,2,34,26,0.24173896424128488,,Pseudomonadota,NA
ASV_000641,sediment,1,FALSE,2,34,29,-0.34499746225619876,,Actinomycetota,Demequina
ASV_000642,sediment,1,FALSE,8,34,21,0.035911057772679625,,Acidobacteriota,NA
ASV_000643,sediment,1,FALSE,3,34,32,0.03451499224550945,,Bacteroidota,Chryseotalea
ASV_000645,sediment,1,FALSE,5,34,30,-0.13410941375168461,,Gemmatimonadota,NA
ASV_000646,sediment,1,FALSE,6,34,26,-0.064035369391476,,Pseudomonadota,Variibacter
ASV_000648,sediment,1,TRUE,9,34,19,-0.3567002715962281,,Acidobacteriota,NA
ASV_000650,sediment,1,FALSE,1,34,22,-0.30767627575540385,,Pseudomonadota,BIyi10
ASV_000652,sediment,1,TRUE,11,34,23,-0.07333416486665059,,Acidobacteriota,Bryobacter
ASV_000653,sediment,1,FALSE,7,34,27,-0.2090326476153184,,Pseudomonadota,Acidibacter
ASV_000654,sediment,1,FALSE,1,34,30,-0.12107260813584875,,Planctomycetota,Fimbriiglobus
ASV_000655,sediment,1,FALSE,3,34,28,0.17534365840934998,,Thermodesulfobacteriota,NA
ASV_000656,sediment,1,FALSE,1,34,15,0.3982215526965796,,Pseudomonadota,Yersinia
ASV_000657,sediment,1,FALSE,2,34,27,0.05216718436364556,,Acidobacteriota,NA
ASV_000658,sediment,1,TRUE,9,34,13,-0.3610824518498206,,Pseudomonadota,Burkholderia-Caballeronia-Paraburkholderia
ASV_000659,sediment,1,TRUE,6,34,11,0.2749184876858187,,Actinomycetota,Gaiella
ASV_000660,sediment,1,TRUE,10,34,21,-0.24050110578123324,,Acidobacteriota,NA
ASV_000662,sediment,1,TRUE,11,34,12,-0.09037620536425713,,Acidobacteriota,NA
ASV_000664,sediment,1,FALSE,2,34,29,-0.07218353720598887,,Verrucomicrobiota,SH3-11
ASV_000666,sediment,1,FALSE,9,34,21,-0.07726420184478647,,Verrucomicrobiota,Chthoniobacter
ASV_000667,sediment,1,FALSE,7,34,30,0.1061450937476903,,Pseudomonadota,NA
ASV_000668,sediment,1,TRUE,7,34,18,0.10368930569603922,,Gemmatimonadota,NA
ASV_000669,sediment,1,FALSE,2,34,30,-0.13929700136413967,,Acidobacteriota,NA
ASV_000670,sediment,1,FALSE,3,34,22,0.010190676806074273,,Acidobacteriota,NA
ASV_000671,sediment,1,FALSE,6,34,28,-0.0361996043851577,,Bacteroidota,NA
ASV_000676,sediment,1,FALSE,2,34,21,0.07777887519469358,,Pseudomonadota,Cellvibrio
ASV_000677,sediment,1,FALSE,2,34,17,0.1796095647963757,,Bacteroidota,NA
ASV_000678,sediment,1,FALSE,2,34,28,-0.18425870246737475,,Planctomycetota,NA
ASV_000683,sediment,1,FALSE,4,34,27,0.2115864449232322,,Pseudomonadota,NA
ASV_000685,sediment,1,FALSE,7,34,28,0.07430165716353596,,Planctomycetota,NA
ASV_000686,sediment,1,TRUE,10,34,17,-0.29698226346407736,,Pseudomonadota,NA
ASV_000688,sediment,1,TRUE,10,34,14,-0.07364242589189,,Pseudomonadota,Acidibacter
ASV_000689,sediment,1,FALSE,11,34,24,-0.3750094113775336,,Pseudomonadota,Bradyrhizobium
ASV_000690,sediment,1,FALSE,4,34,18,0.10725380783490225,,Acidobacteriota,NA
ASV_000691,sediment,1,TRUE,8,34,20,0.07469224888608833,,Acidobacteriota,NA
ASV_000692,sediment,1,TRUE,10,34,17,0.019426884782269872,,Pseudomonadota,Reyranella
ASV_000693,sediment,1,FALSE,3,34,27,-0.06786148809920979,,Bacteroidota,Chryseotalea
ASV_000694,sediment,1,FALSE,2,34,23,0.10168423274528599,,Pseudomonadota,NA
ASV_000695,sediment,1,FALSE,1,34,26,0.024410594021190387,,Pseudomonadota,NA
ASV_000696,sediment,1,TRUE,10,34,4,0.13335588376909321,,Actinomycetota,Streptomyces
ASV_000698,sediment,1,FALSE,7,34,28,-0.2530470257432288,,Pseudomonadota,Reyranella
ASV_000699,sediment,1,FALSE,6,34,10,-0.21592341931886141,,Acidobacteriota,NA
ASV_000700,sediment,1,FALSE,1,34,20,-0.4132601644762488,,Thermoproteota,NA
ASV_000701,sediment,1,FALSE,4,34,28,-0.037962211617772704,,Bacteroidota,NA
ASV_000702,sediment,1,FALSE,2,34,28,0.6133859241103603,,Actinomycetota,Gaiella
ASV_000704,sediment,1,FALSE,3,34,22,-0.06599875221907733,,Acidobacteriota,NA
ASV_000706,sediment,1,FALSE,2,34,16,-0.05907815804911258,,Nitrospirota,NA
ASV_000707,sediment,1,FALSE,11,34,24,-0.09728975211413488,,Pseudomonadota,NA
ASV_000708,sediment,1,TRUE,8,34,17,-0.3923876581481041,,Actinomycetota,Nocardioides
ASV_000709,sediment,1,FALSE,2,34,25,0.22770498253944987,,Verrucomicrobiota,NA
ASV_000710,sediment,1,FALSE,3,34,19,0.22121817894703993,,Actinomycetota,NA
ASV_000711,sediment,1,FALSE,3,34,26,-0.09142677782890167,,Acidobacteriota,Bryobacter
ASV_000712,sediment,1,FALSE,1,34,28,-0.02627277342925386,,Actinomycetota,NA
ASV_000713,sediment,1,TRUE,10,34,11,-0.05365301743989625,,Acidobacteriota,NA
ASV_000714,sediment,1,FALSE,8,34,20,-0.17946946367791186,,Myxococcota,Phaselicystis
ASV_000715,sediment,1,FALSE,4,34,25,0.011690959914754074,,Myxococcota,NA
ASV_000716,sediment,1,FALSE,8,34,27,-0.3291826016954161,,Verrucomicrobiota,Oleiharenicola
ASV_000718,sediment,1,FALSE,2,34,27,0.2861701192002119,,Bacteroidota,Flavobacterium
ASV_000720,sediment,1,FALSE,5,34,22,-0.0582214730982745,,Acidobacteriota,NA
ASV_000721,sediment,1,TRUE,8,34,17,-0.04266520697493275,,Thermodesulfobacteriota,NA
ASV_000723,sediment,1,TRUE,7,34,9,-0.2436004497986939,,Pseudomonadota,Rhodoplanes
ASV_000724,sediment,1,FALSE,5,34,26,0.07995475822314443,,Pseudomonadota,NA
ASV_000725,sediment,1,FALSE,7,34,26,-0.28065174279677435,,Planctomycetota,NA
ASV_000726,sediment,1,FALSE,9,34,29,0.08526715218427784,,Verrucomicrobiota,NA
ASV_000728,sediment,1,TRUE,8,34,27,-0.017174723477769566,,Acidobacteriota,NA
ASV_000730,sediment,1,FALSE,7,34,22,0.22544405962863479,,Acidobacteriota,NA
ASV_000731,sediment,1,FALSE,10,34,10,-0.31393992019941863,,Myxococcota,NA
ASV_000733,sediment,1,FALSE,1,34,31,0.33031508323168346,,NB1-j,NA
ASV_000734,sediment,1,FALSE,2,34,30,-0.12126783699223793,,Planctomycetota,NA
ASV_000735,sediment,1,FALSE,6,34,31,-0.24736970974682645,,Planctomycetota,NA
ASV_000736,sediment,1,FALSE,8,34,20,-0.304994966414409,,Pseudomonadota,NA
ASV_000738,sediment,1,FALSE,1,34,21,-0.4152463043874003,,Pseudomonadota,MND1
ASV_000741,sediment,1,TRUE,10,34,19,-0.1457988767189811,,Pseudomonadota,Xylophilus
ASV_000742,sediment,1,FALSE,2,34,33,0.027289781907822316,,NB1-j,NA
ASV_000743,sediment,1,FALSE,1,34,23,-0.4313746986344305,,Pseudomonadota,NA
ASV_000744,sediment,1,TRUE,8,34,17,0.14489959855104334,,Pseudomonadota,NA
ASV_000745,sediment,1,FALSE,5,34,18,0.01877723506500266,,Acidobacteriota,NA
ASV_000746,sediment,1,FALSE,8,34,25,0.0010900300600566644,,Actinomycetota,Nakamurella
ASV_000749,sediment,1,FALSE,4,34,24,-0.0777544704807679,,Pseudomonadota,Acidibacter
ASV_000752,sediment,1,TRUE,9,34,11,-0.16907047888910168,,Acidobacteriota,NA
ASV_000755,sediment,1,FALSE,2,34,26,0.13443376818255867,,Acidobacteriota,NA
ASV_000757,sediment,1,FALSE,5,34,27,-0.4254260126950571,,Pseudomonadota,NA
ASV_000758,sediment,1,FALSE,2,34,16,-0.11713525751756054,,Myxococcota,NA
ASV_000759,sediment,1,TRUE,8,34,13,0.290821724070953,,Pseudomonadota,NA
ASV_000760,sediment,1,FALSE,1,34,32,0.26254311200867037,,Actinomycetota,Acidiferrimicrobium
ASV_000761,sediment,1,FALSE,1,34,22,-0.17105770905155443,,Acidobacteriota,NA
ASV_000762,sediment,1,FALSE,2,34,17,0.13813947063119747,,Pseudomonadota,NA
ASV_000763,sediment,1,FALSE,2,34,28,-0.11630243335883732,,Acidobacteriota,NA
ASV_000764,sediment,1,FALSE,3,34,24,-0.0583475411771903,,Acidobacteriota,NA
ASV_000765,sediment,1,TRUE,11,34,17,-0.11004742096507864,,Actinomycetota,NA
ASV_000766,sediment,1,TRUE,8,34,19,0.019345976293814456,,Pseudomonadota,Pedomicrobium
ASV_000767,sediment,1,FALSE,2,34,23,0.25219751196576556,,Actinomycetota,Gaiella
ASV_000768,sediment,1,TRUE,9,34,17,0.008044295693609614,,Pseudomonadota,Burkholderia-Caballeronia-Paraburkholderia
ASV_000769,sediment,1,FALSE,5,34,26,-0.15642163900689027,,Thermodesulfobacteriota,NA
ASV_000772,sediment,1,FALSE,1,34,25,-0.3569986073532577,,Actinomycetota,NA
ASV_000774,sediment,1,FALSE,3,34,21,-0.07140053725545194,,Methylomirabilota,NA
ASV_000775,sediment,1,FALSE,1,34,18,-0.43181192973217125,,Myxococcota,NA
ASV_000776,sediment,1,TRUE,10,34,15,-0.1743996279699939,,Verrucomicrobiota,ADurb.Bin063-1
ASV_000777,sediment,1,FALSE,7,34,27,-0.17417681979268645,,Gemmatimonadota,Gemmatimonas
ASV_000778,sediment,1,FALSE,2,34,27,-0.022635221225442335,,Bacteroidota,Chryseotalea
ASV_000780,sediment,1,FALSE,5,34,26,0.09758525395069818,,Verrucomicrobiota,Candidatus Udaeobacter
ASV_000781,sediment,1,FALSE,3,34,27,-0.18744931493102365,,Verrucomicrobiota,Oleiharenicola
ASV_000783,sediment,1,FALSE,2,34,20,0.16370417804870757,,Planctomycetota,NA
ASV_000784,sediment,1,FALSE,3,34,26,-0.02115953769042531,,Planctomycetota,NA
ASV_000785,sediment,1,FALSE,5,34,31,0.09374424244931717,,Myxococcota,NA
ASV_000786,sediment,1,FALSE,7,34,15,-0.13010963493963854,,Bacteroidota,Puia
ASV_000787,sediment,1,FALSE,1,34,14,-0.35338116420304166,,Pseudomonadota,MND1
ASV_000788,sediment,1,FALSE,3,34,31,-0.02791879200883221,,Pseudomonadota,NA
ASV_000789,sediment,1,TRUE,10,34,6,-0.12734992007067492,,Actinomycetota,Mycobacterium
ASV_000790,sediment,1,FALSE,7,34,25,-0.2379432946660481,,Pseudomonadota,Rhodoferax
ASV_000791,sediment,1,TRUE,13,34,18,-0.35259987765086226,,Pseudomonadota,NA
ASV_000792,sediment,1,TRUE,4,34,23,-0.027723249850033854,,Chloroflexota,NA
ASV_000793,sediment,1,FALSE,8,34,27,-0.3871866226568473,,Actinomycetota,Acidiferrimicrobium
ASV_000794,sediment,1,TRUE,7,34,10,-0.18865585525572606,,Acidobacteriota,NA
ASV_000797,sediment,1,TRUE,9,34,12,-0.1517189439337305,,Acidobacteriota,NA
ASV_000798,sediment,1,FALSE,4,34,24,-0.12500940386825704,,Latescibacterota,NA
ASV_000802,sediment,1,FALSE,2,34,27,0.14307954930057787,,Pseudomonadota,NA
ASV_000804,sediment,1,FALSE,2,34,31,0.10749548832604414,,Planctomycetota,Fimbriiglobus
ASV_000805,sediment,1,FALSE,2,34,28,-0.1813277138469246,,Pseudomonadota,Hyphomicrobium
ASV_000808,sediment,1,FALSE,3,34,20,-0.13161192148595866,,Pseudomonadota,GOUTA6
ASV_000809,sediment,1,TRUE,13,34,16,-0.13927675237079204,,Bacteroidota,NA
ASV_000810,sediment,1,FALSE,6,34,29,0.47233617716651316,,Pseudomonadota,Ellin6067
ASV_000812,sediment,1,TRUE,11,34,19,0.26830476785188256,,Verrucomicrobiota,Candidatus Udaeobacter
ASV_000813,sediment,1,FALSE,7,34,24,-0.02528466268759249,,Acidobacteriota,NA
ASV_000815,sediment,1,FALSE,4,34,17,-0.03596845184603256,,Gemmatimonadota,NA
ASV_000816,sediment,1,FALSE,3,34,15,0.14701434972472494,,Pseudomonadota,Nordella
ASV_000817,sediment,1,FALSE,5,34,27,-0.03623931958274932,,Pseudomonadota,NA
ASV_000818,sediment,1,FALSE,1,34,23,0.2399465657020127,,Pseudomonadota,Hyphomicrobium
ASV_000819,sediment,1,FALSE,3,34,31,-0.4289642910994993,,Pseudomonadota,NA
ASV_000821,sediment,1,FALSE,3,34,27,-0.003713453724923149,,Actinomycetota,Gaiella
ASV_000822,sediment,1,FALSE,2,34,26,-0.029391941486506087,,Pseudomonadota,NA
ASV_000826,sediment,1,FALSE,2,34,27,0.05648551854193654,,Planctomycetota,NA
ASV_000827,sediment,1,FALSE,3,34,26,0.08633103573450224,,Bacteroidota,Terrimonas
ASV_000828,sediment,1,FALSE,6,34,23,0.09882128469341661,,Bacteroidota,Panacibacter
ASV_000830,sediment,1,FALSE,2,34,26,-0.04774716594070187,,Verrucomicrobiota,NA
ASV_000831,sediment,1,FALSE,3,34,28,-0.12921345648762064,,Myxococcota,NA
ASV_000832,sediment,1,FALSE,7,34,11,-0.10668846861479693,,Bacteroidota,OLB12
ASV_000833,sediment,1,FALSE,8,34,29,-0.471052062949019,,Myxococcota,NA
ASV_000835,sediment,1,TRUE,4,34,13,-0.028409879751229567,,Nitrospirota,Nitrospira
ASV_000836,sediment,1,FALSE,7,34,25,-0.03850898330546622,,Entotheonellaeota,NA
ASV_000838,sediment,1,FALSE,8,34,24,0.44111653290068176,,Acidobacteriota,NA
ASV_000841,sediment,1,TRUE,6,34,3,-0.2720643841064887,,Pseudomonadota,Pseudolabrys
ASV_000842,sediment,1,TRUE,11,34,11,0.09621329204481663,,Actinomycetota,Mycobacterium
ASV_000844,sediment,1,FALSE,3,34,25,-0.058092250603470064,,Pseudomonadota,NA
ASV_000846,sediment,1,FALSE,3,34,19,-0.08388425961662535,,Acidobacteriota,NA
ASV_000847,sediment,1,TRUE,8,34,22,-0.10330962691386186,,Myxococcota,Phaselicystis
ASV_000848,sediment,1,TRUE,8,34,24,-0.11333021138519442,,Acidobacteriota,NA
ASV_000850,sediment,1,FALSE,2,34,25,0.014294384308986583,,Pseudomonadota,MND1
ASV_000851,sediment,1,FALSE,1,34,21,0.13391626130250406,,Acidobacteriota,NA
ASV_000855,sediment,1,FALSE,3,34,32,0.19233427780849807,,Actinomycetota,Gaiella
ASV_000856,sediment,1,FALSE,9,34,22,-0.27551364070757856,,Bacillota,Alicyclobacillus
ASV_000857,sediment,1,FALSE,1,34,27,-0.2047327540555462,,Thermodesulfobacteriota,NA
ASV_000859,sediment,1,FALSE,5,34,17,0.18458159332801416,,Acidobacteriota,NA
ASV_000860,sediment,1,FALSE,5,34,32,0.12327912963640747,,Myxococcota,P3OB-42
ASV_000861,sediment,1,TRUE,10,34,13,-0.3158436195342596,,Acidobacteriota,NA
ASV_000864,sediment,1,FALSE,11,34,14,-0.29085614690006667,,Myxococcota,NA
ASV_000866,sediment,1,TRUE,3,34,27,0.02586365469026614,,Verrucomicrobiota,Candidatus Udaeobacter
ASV_000867,sediment,1,FALSE,2,34,22,-0.028440810495013423,,Pseudomonadota,NA
ASV_000868,sediment,1,FALSE,7,34,29,0.06275802041986941,,RCP2-54,NA
ASV_000871,sediment,1,FALSE,1,34,25,-0.3925080915165774,,Pseudomonadota,NA
ASV_000872,sediment,1,FALSE,7,34,18,0.06365638858037187,,Actinomycetota,NA
ASV_000873,sediment,1,FALSE,2,34,31,-0.08239089019187182,,Pseudomonadota,NA
ASV_000874,sediment,1,FALSE,3,34,26,-0.01945300529099451,,NB1-j,NA
ASV_000876,sediment,1,FALSE,1,34,22,-0.3982022188785625,,Nitrospirota,Nitrospira
ASV_000878,sediment,1,FALSE,1,34,33,0.07798252822338614,,Bacteroidota,Ferruginibacter
ASV_000879,sediment,1,FALSE,7,34,14,-0.14408899208154136,,Actinomycetota,Nakamurella
ASV_000880,sediment,1,TRUE,3,34,11,0.14138861520119939,,Methylomirabilota,NA
ASV_000881,sediment,1,TRUE,8,34,18,-0.12769147983644996,,Pseudomonadota,NA
ASV_000884,sediment,1,FALSE,7,34,10,-0.3547483136957154,,Verrucomicrobiota,NA
ASV_000889,sediment,1,FALSE,8,34,20,-0.4168344833915103,,Pseudomonadota,NA
ASV_000890,sediment,1,FALSE,4,34,29,0.187308027609505,,Gemmatimonadota,Gemmatimonas
ASV_000893,sediment,1,FALSE,4,34,24,0.028946083573186315,,Pseudomonadota,mle1-7
ASV_000895,sediment,1,TRUE,13,34,11,-0.3168090245468132,,Acidobacteriota,Candidatus Solibacter
ASV_000896,sediment,1,FALSE,7,34,17,0.10572148994533909,,Gemmatimonadota,NA
ASV_000897,sediment,1,FALSE,1,34,26,-0.2798935839703381,,Pseudomonadota,Rhodoferax
ASV_000898,sediment,1,TRUE,10,34,11,0.11778466064012387,,Verrucomicrobiota,Candidatus Xiphinematobacter
ASV_000899,sediment,1,FALSE,2,34,24,-0.32344989097486265,,Pseudomonadota,Georgfuchsia
ASV_000900,sediment,1,FALSE,2,34,30,-0.11127699112378789,,Pseudomonadota,MND1
ASV_000902,sediment,1,FALSE,7,34,21,0.08352880398226803,,Chloroflexota,NA
ASV_000903,sediment,1,TRUE,9,34,29,-0.06186717602966537,,Gemmatimonadota,NA
ASV_000904,sediment,1,TRUE,11,34,3,-0.18473428627147928,,Pseudomonadota,NA
ASV_000906,sediment,1,FALSE,2,34,11,0.053989155965691704,,Pseudomonadota,GOUTA6
ASV_000907,sediment,1,FALSE,4,34,20,0.19048699454604837,,Gemmatimonadota,NA
ASV_000908,sediment,1,TRUE,5,34,5,0.16299016983913842,,Pseudomonadota,Rudaea
ASV_000909,sediment,1,FALSE,3,34,19,0.14632947329342774,,Pseudomonadota,Pseudorhodoferax
ASV_000910,sediment,1,FALSE,2,34,29,0.09335793208724151,,Pseudomonadota,NA
ASV_000911,sediment,1,FALSE,1,34,24,-0.09533321476841028,,Thermodesulfobacteriota,NA
ASV_000914,sediment,1,FALSE,4,34,31,-0.07721160372130283,,Latescibacterota,NA
ASV_000915,sediment,1,TRUE,7,34,15,0.001010656494490186,,Bacteroidota,Puia
ASV_000916,sediment,1,FALSE,1,34,28,0.11324200408547193,,Gemmatimonadota,NA
ASV_000917,sediment,1,TRUE,12,34,16,0.004537433845108181,,Chloroflexota,NA
ASV_000918,sediment,1,FALSE,2,34,23,-0.05783128171165015,,Acidobacteriota,NA
ASV_000919,sediment,1,TRUE,6,34,3,0.005284795188758473,,Acidobacteriota,NA
ASV_000920,sediment,1,FALSE,2,34,31,0.01196283312815165,,Myxococcota,NA
ASV_000921,sediment,1,FALSE,6,34,27,-0.13322207719097912,,Pseudomonadota,Rhizobacter
ASV_000922,sediment,1,FALSE,3,34,21,0.14331031520555124,,Pseudomonadota,Pseudorhodoplanes
ASV_000923,sediment,1,FALSE,3,34,13,0.2983752568825583,,Myxococcota,NA
ASV_000924,sediment,1,FALSE,2,34,21,-0.08258913608748303,,Pseudomonadota,NA
ASV_000925,sediment,1,FALSE,5,34,26,0.04142771758853361,,Pseudomonadota,NA
ASV_000927,sediment,1,FALSE,2,34,27,0.05175271755060971,,Actinomycetota,NA
ASV_000928,sediment,1,TRUE,11,34,12,0.13496110877126663,,Actinomycetota,NA
ASV_000929,sediment,1,FALSE,4,34,25,0.0333605806150254,,Actinomycetota,NA
ASV_000930,sediment,1,TRUE,10,34,12,-0.12318666437253813,,Planctomycetota,NA
ASV_000931,sediment,1,FALSE,8,34,25,-0.023114195351503664,,Pseudomonadota,Phenylobacterium
ASV_000933,sediment,1,FALSE,3,34,16,-0.08605515547561628,,Pseudomonadota,Pedomicrobium
ASV_000934,sediment,1,TRUE,5,34,9,0.1915673805661908,,Actinomycetota,NA
ASV_000937,sediment,1,FALSE,1,34,26,0.44682662008901064,,Acidobacteriota,NA
ASV_000939,sediment,1,FALSE,3,34,27,-0.07377599841037318,,Planctomycetota,Schlesneria
ASV_000940,sediment,1,FALSE,7,34,25,-0.2765266937148195,,Actinomycetota,NA
ASV_000941,sediment,1,FALSE,2,34,20,0.02746780538505303,,Pseudomonadota,NA
ASV_000949,sediment,1,FALSE,2,34,25,-0.04104461688447747,,Pseudomonadota,NA
ASV_000950,sediment,1,FALSE,5,34,22,0.04645974635436249,,Gemmatimonadota,NA
ASV_000951,sediment,1,FALSE,2,34,20,0.07215976931693063,,Pseudomonadota,Paucibacter
ASV_000952,sediment,1,FALSE,1,34,18,-0.13799103958818093,,Pseudomonadota,Blastomonas
ASV_000955,sediment,1,FALSE,3,34,22,0.3021693578451421,,Acidobacteriota,NA
ASV_000956,sediment,1,TRUE,4,34,20,0.27209950088405044,,Acidobacteriota,NA
ASV_000957,sediment,1,FALSE,1,34,25,-0.2746104945511584,,Pseudomonadota,Rhizorhapis
ASV_000958,sediment,1,FALSE,6,34,30,0.07120022995883726,,Actinomycetota,CL500-29 marine group
ASV_000961,sediment,1,TRUE,13,34,12,-0.1452837155072835,,Pseudomonadota,Phenylobacterium
ASV_000963,sediment,1,TRUE,8,34,11,0.17715581445641865,,Pseudomonadota,NA
ASV_000965,sediment,1,TRUE,9,34,17,0.006228005354981393,,Acidobacteriota,NA
ASV_000967,sediment,1,TRUE,9,34,18,-0.30007974748694305,,Planctomycetota,Pir4 lineage
ASV_000969,sediment,1,FALSE,4,34,25,0.30408410261617264,,Pseudomonadota,NA
ASV_000970,sediment,1,FALSE,1,34,20,-0.2955109977326229,,Acidobacteriota,NA
ASV_000973,sediment,1,TRUE,6,34,17,-0.1500353777002554,,Verrucomicrobiota,Candidatus Udaeobacter
ASV_000974,sediment,1,FALSE,7,34,26,0.19735466241433158,,Verrucomicrobiota,Candidatus Udaeobacter
ASV_000975,sediment,1,FALSE,7,34,15,-0.12175283560027392,,Acidobacteriota,NA
ASV_000977,sediment,1,FALSE,2,34,28,-0.014946607608954358,,Planctomycetota,NA
ASV_000978,sediment,1,FALSE,3,34,28,-0.04356317557241964,,Pseudomonadota,Hirschia
ASV_000979,sediment,1,FALSE,2,34,19,0.08178944426539064,,Gemmatimonadota,NA
ASV_000981,sediment,1,FALSE,3,34,29,0.021264245876656714,,Actinomycetota,Aquihabitans
ASV_000982,sediment,1,FALSE,1,34,17,-0.329630648572769,,Chloroflexota,NA
ASV_000983,sediment,1,FALSE,8,34,24,-0.1520640227051073,,Pseudomonadota,NA
ASV_000984,sediment,1,FALSE,2,34,19,0.12216493904751861,,Pseudomonadota,Hyphomicrobium
ASV_000985,sediment,1,FALSE,3,34,18,-0.41563722076330223,,Acidobacteriota,NA
ASV_000986,sediment,1,FALSE,8,34,22,-0.04371673729332784,,Pseudomonadota,Hyphomicrobium
ASV_000987,sediment,1,FALSE,1,34,28,-0.015672949531535786,,Chloroflexota,NA
ASV_000988,sediment,1,FALSE,1,34,24,-0.3303794375789698,,Pseudomonadota,Hyphomicrobium
ASV_000989,sediment,1,FALSE,1,34,13,-0.22823799312197388,,Myxococcota,NA
ASV_000993,sediment,1,TRUE,9,34,17,0.013638085850621175,,Actinomycetota,Solirubrobacter
ASV_000994,sediment,1,FALSE,1,34,27,-0.0674588562329758,,Pseudomonadota,NA
ASV_000995,sediment,1,FALSE,1,34,30,-0.3081782922201566,,Verrucomicrobiota,Chthoniobacter
ASV_000997,sediment,1,FALSE,4,34,19,-0.10191035833996712,,Acidobacteriota,NA
ASV_000998,sediment,1,FALSE,4,34,21,0.06642228754114098,,Methylomirabilota,NA
ASV_000999,sediment,1,FALSE,3,34,25,0.17808534173196255,,Thermodesulfobacteriota,NA
ASV_001005,sediment,1,FALSE,1,34,22,-0.06469732965823996,,Acidobacteriota,NA
ASV_001006,sediment,1,FALSE,2,34,22,0.19355602803224234,,Pseudomonadota,NA
ASV_001008,sediment,1,FALSE,1,34,24,-0.3747984209007214,,Pseudomonadota,NA
ASV_001010,sediment,1,FALSE,3,34,24,-0.10825018593705439,,Acidobacteriota,NA
ASV_001013,sediment,1,FALSE,1,34,22,0.1276159196381487,,Bacteroidota,Chryseotalea
ASV_001014,sediment,1,FALSE,1,34,17,-0.22041791330925098,,Myxococcota,NA
ASV_001015,sediment,1,FALSE,6,34,13,-0.44335886020245496,,Pseudomonadota,Reyranella
ASV_001016,sediment,1,FALSE,2,34,26,0.33922432622981175,,Pseudomonadota,Amaricoccus
ASV_001017,sediment,1,TRUE,5,34,13,0.1992399508539685,,Verrucomicrobiota,Candidatus Udaeobacter
ASV_001021,sediment,1,FALSE,6,34,26,-0.21795555367235628,,Planctomycetota,Pirellula
ASV_001023,sediment,1,FALSE,1,34,28,0.17137085293961246,,Pseudomonadota,NA
ASV_001024,sediment,1,TRUE,9,34,24,0.09973976941293858,,Pseudomonadota,mle1-7
ASV_001025,sediment,1,TRUE,7,34,9,0.0587176665963644,,Pseudomonadota,Reyranella
ASV_001026,sediment,1,FALSE,5,34,27,-0.282190760166569,,Verrucomicrobiota,Opitutus
ASV_001027,sediment,1,FALSE,1,34,23,0.057710141771214696,,Verrucomicrobiota,NA
ASV_001028,sediment,1,FALSE,2,34,25,-0.024420133508842503,,Pseudomonadota,NA
ASV_001029,sediment,1,FALSE,8,34,22,-0.131340824912018,,Acidobacteriota,Candidatus Solibacter
ASV_001030,sediment,1,FALSE,4,34,22,0.23734898639617694,,Actinomycetota,NA
ASV_001031,sediment,1,FALSE,3,34,19,-0.08872896269243025,,Spirochaetota,Spirochaeta
ASV_001032,sediment,1,FALSE,2,34,20,-0.030963045700402484,,Pseudomonadota,NA
ASV_001033,sediment,1,TRUE,10,34,21,-0.1269668043623443,,Pseudomonadota,Rhodomicrobium
ASV_001034,sediment,1,FALSE,4,34,27,-0.08784378827854007,,Pseudomonadota,NA
ASV_001036,sediment,1,FALSE,3,34,29,-0.0914223129625101,,Pseudomonadota,Ellin6067
ASV_001037,sediment,1,FALSE,7,34,16,-0.4152601119466604,,Verrucomicrobiota,Opitutus
ASV_001038,sediment,1,FALSE,1,34,22,0.16495504887341642,,Bacteroidota,Ferruginibacter
ASV_001040,sediment,1,FALSE,4,34,27,-0.0183369991406426,,Pseudomonadota,NA
ASV_001041,sediment,1,TRUE,11,34,12,-0.12555734677010572,,Pseudomonadota,Afipia
ASV_001045,sediment,1,TRUE,10,34,6,-0.06540212893322184,,Actinomycetota,Acidothermus
ASV_001046,sediment,1,FALSE,6,34,16,-0.24653407075398542,,Planctomycetota,Pir4 lineage
ASV_001047,sediment,1,FALSE,5,34,20,-0.10988838322260329,,Verrucomicrobiota,Candidatus Udaeobacter
ASV_001048,sediment,1,FALSE,2,34,30,-0.18872287955035924,,Verrucomicrobiota,Chthoniobacter
ASV_001049,sediment,1,FALSE,1,34,22,-0.4686143534362462,,Pseudomonadota,Sphingorhabdus
ASV_001050,sediment,1,FALSE,5,34,22,0.15044367899549654,,Chloroflexota,NA
ASV_001052,sediment,1,FALSE,5,34,20,-0.10780014769529303,,Methylomirabilota,NA
ASV_001053,sediment,1,FALSE,5,34,23,0.4357922526576346,,Pseudomonadota,MND1
ASV_001054,sediment,1,FALSE,1,34,25,0.25085473649190254,,Planctomycetota,NA
ASV_001055,sediment,1,FALSE,3,34,26,-0.06014263997777503,,Actinomycetota,Acidiferrimicrobium
ASV_001057,sediment,1,FALSE,9,34,20,-0.23069067459208248,,Myxococcota,NA
ASV_001058,sediment,1,FALSE,2,34,26,0.08025218045891049,,Pseudomonadota,NA
ASV_001059,sediment,1,FALSE,6,34,24,-0.16910451676335578,,Chloroflexota,NA
ASV_001060,sediment,1,FALSE,1,34,25,0.19701390547603245,,Pseudomonadota,NA
ASV_001062,sediment,1,FALSE,6,34,27,-0.24131829417614467,,Pseudomonadota,Ellin6067
ASV_001063,sediment,1,FALSE,3,34,26,0.21480123612937133,,Pseudomonadota,mle1-7
ASV_001064,sediment,1,FALSE,3,34,29,0.0872631109944817,,Planctomycetota,NA
ASV_001065,sediment,1,FALSE,2,34,24,0.2052045240572153,,Pseudomonadota,NA
ASV_001067,sediment,1,FALSE,1,34,23,0.2019540158782558,,Planctomycetota,Gemmata
ASV_001068,sediment,1,FALSE,1,34,22,-0.44521894472336443,,Pseudomonadota,NA
ASV_001069,sediment,1,FALSE,2,34,28,0.15294051006458884,,Pseudomonadota,SWB02
ASV_001071,sediment,1,FALSE,5,34,26,0.2018665815132066,,Pseudomonadota,Arsenicitalea
ASV_001072,sediment,1,TRUE,7,34,11,0.21282414723677107,,Acidobacteriota,NA
ASV_001073,sediment,1,TRUE,7,34,4,-0.18828320474775662,,Actinomycetota,NA
ASV_001074,sediment,1,FALSE,1,34,24,-0.17458475573253862,,Pseudomonadota,NA
ASV_001076,sediment,1,FALSE,5,34,22,0.0572678542454186,,Pseudomonadota,Bauldia
ASV_001080,sediment,1,FALSE,1,34,23,-0.2310792092792199,,Thermodesulfobacteriota,NA
ASV_001082,sediment,1,TRUE,10,34,6,-0.24525798349958192,,Pseudomonadota,Burkholderia-Caballeronia-Paraburkholderia
ASV_001083,sediment,1,FALSE,3,34,21,0.02678646168625535,,Pseudomonadota,NA
ASV_001084,sediment,1,TRUE,10,34,15,-0.03816385692879599,,Pseudomonadota,NA
ASV_001085,sediment,1,TRUE,9,34,21,-0.22747782565164787,,Verrucomicrobiota,Chthoniobacter
ASV_001086,sediment,1,FALSE,5,34,22,-0.11011840239592387,,Bacteroidota,Terrimonas
ASV_001087,sediment,1,FALSE,2,34,23,0.02902525408879732,,Planctomycetota,NA
ASV_001088,sediment,1,FALSE,1,34,23,0.29041025339897025,,Pseudomonadota,NA
ASV_001089,sediment,1,TRUE,6,34,8,-0.12052271870354271,,Actinomycetota,NA
ASV_001090,sediment,1,FALSE,5,34,24,0.04990652280271692,,Latescibacterota,NA
ASV_001091,sediment,1,FALSE,3,34,21,0.14688039577984566,,Actinomycetota,NA
ASV_001092,sediment,1,FALSE,2,34,22,-0.09586175362536982,,Pseudomonadota,NA
ASV_001093,sediment,1,FALSE,1,34,19,-0.37581037645338233,,Myxococcota,NA
ASV_001097,sediment,1,FALSE,5,34,28,-0.18932931261020633,,Pseudomonadota,NA
ASV_001099,sediment,1,FALSE,2,34,27,-0.16183358627483213,,Pseudomonadota,Rugosibacter
ASV_001100,sediment,1,FALSE,2,34,27,0.3492279971600001,,Planctomycetota,NA
ASV_001103,sediment,1,FALSE,3,34,22,-0.15274330029178437,,Planctomycetota,NA
ASV_001104,sediment,1,FALSE,7,34,17,-0.3486955929229963,,Actinomycetota,Acidiferrimicrobium
ASV_001105,sediment,1,FALSE,5,34,24,0.11773609740685735,,Myxococcota,NA
ASV_001107,sediment,1,FALSE,1,34,20,-0.4165107885899442,,Myxococcota,NA
ASV_001110,sediment,1,FALSE,3,34,13,-0.27182292354571497,,Acidobacteriota,NA
ASV_001111,sediment,1,FALSE,4,34,24,0.025904845438916288,,Verrucomicrobiota,Candidatus Udaeobacter
ASV_001114,sediment,1,FALSE,2,34,27,-0.016550628677122432,,Planctomycetota,Pirellula
ASV_001117,sediment,1,TRUE,9,34,4,-0.12105872235595962,,Acidobacteriota,NA
ASV_001119,sediment,1,TRUE,11,34,14,0.21572557313539034,,Acidobacteriota,NA
ASV_001120,sediment,1,FALSE,2,34,30,-0.013868861917858263,,Pseudomonadota,SWB02
ASV_001122,sediment,1,FALSE,3,34,17,-0.07102771522484617,,Bacteroidota,NA
ASV_001123,sediment,1,FALSE,1,34,28,-0.11242008561303779,,Pseudomonadota,Pedomicrobium
ASV_001124,sediment,1,TRUE,8,34,16,0.35514171747642925,,Pseudomonadota,Labrys
ASV_001126,sediment,1,FALSE,2,34,14,-0.1486149843939486,,Latescibacterota,NA
ASV_001127,sediment,1,FALSE,2,34,26,-0.10814866900849185,,Acidobacteriota,NA
ASV_001129,sediment,1,TRUE,7,34,7,0.08935526582976999,,Acidobacteriota,NA
ASV_001130,sediment,1,FALSE,5,34,19,-0.3618323971026376,,Pseudomonadota,Reyranella
ASV_001131,sediment,1,FALSE,1,34,14,0.08258132483151359,,Acidobacteriota,NA
ASV_001132,sediment,1,FALSE,5,34,21,-0.1221137190716864,,Myxococcota,NA
ASV_001133,sediment,1,FALSE,1,34,30,-0.0012541362697328438,,Chloroflexota,NA
ASV_001137,sediment,1,FALSE,1,34,24,0.4691958021377494,,Planctomycetota,NA
ASV_001139,sediment,1,FALSE,2,34,20,-0.06870849757242929,,Pseudomonadota,GOUTA6
ASV_001140,sediment,1,TRUE,8,34,7,0.12548681399822417,,Myxococcota,NA
ASV_001142,sediment,1,TRUE,7,34,15,-0.23675668028214691,,Thermodesulfobacteriota,NA
ASV_001145,sediment,1,FALSE,2,34,18,0.10101723728901385,,Latescibacterota,NA
ASV_001146,sediment,1,FALSE,3,34,20,0.007596301991429216,,Actinomycetota,Acidiferrimicrobium
ASV_001147,sediment,1,TRUE,10,34,15,-0.05789424519424822,,Pseudomonadota,Piscinibacter
ASV_001148,sediment,1,FALSE,1,34,26,-0.19412732538565614,,NA,NA
ASV_001149,sediment,1,TRUE,4,34,3,-0.14348601079588785,,Pseudomonadota,NA
ASV_001151,sediment,1,FALSE,5,34,27,-0.13320322298260517,,Pseudomonadota,Ellin6067
ASV_001152,sediment,1,TRUE,12,34,19,-0.1581074009683309,,Verrucomicrobiota,Chthoniobacter
ASV_001153,sediment,1,FALSE,5,34,17,-0.38381871942847656,,Acidobacteriota,NA
ASV_001155,sediment,1,FALSE,1,34,27,0.11207733571610905,,Bacteroidota,Ferruginibacter
ASV_001157,sediment,1,FALSE,1,34,17,0.03392922235455068,,Acidobacteriota,NA
ASV_001161,sediment,1,FALSE,2,34,26,-0.02146407598453541,,Thermodesulfobacteriota,NA
ASV_001163,sediment,1,TRUE,8,34,13,-0.16977488769950838,,Pseudomonadota,SWB02
ASV_001164,sediment,1,FALSE,1,34,28,0.1301277012027721,,Pseudomonadota,NA
ASV_001167,sediment,1,FALSE,1,34,19,-0.03053665067783623,,Pseudomonadota,NA
ASV_001169,sediment,1,FALSE,8,34,11,-0.23246643427888164,,Actinomycetota,NA
ASV_001170,sediment,1,FALSE,2,34,21,0.08186640017828498,,Methylomirabilota,NA
ASV_001171,sediment,1,FALSE,1,34,17,-0.08856597727023982,,Pseudomonadota,NA
ASV_001173,sediment,1,FALSE,6,34,16,-0.4223778579474456,,Chloroflexota,NA
ASV_001174,sediment,1,FALSE,3,34,23,-0.0482222341627741,,Myxococcota,NA
ASV_001176,sediment,1,TRUE,8,34,7,0.21495967247836725,,Pseudomonadota,Ramlibacter
ASV_001178,sediment,1,TRUE,8,34,5,-0.365888563536912,,Verrucomicrobiota,NA
ASV_001180,sediment,1,FALSE,2,34,22,-0.3240363842714385,,Verrucomicrobiota,NA
ASV_001182,sediment,1,FALSE,2,34,27,0.06012488857915179,,Chloroflexota,NA
ASV_001184,sediment,1,TRUE,10,34,7,-0.20597146021777488,,Pseudomonadota,NA
ASV_001185,sediment,1,FALSE,8,34,13,-0.2265765417982908,,Actinomycetota,NA
ASV_001186,sediment,1,FALSE,1,34,20,-0.19873814611360607,,Pseudomonadota,NA
ASV_001188,sediment,1,TRUE,4,34,5,-0.11169451532060382,,Pseudomonadota,Robbsia
ASV_001189,sediment,1,TRUE,8,34,15,-0.22056164134537107,,Chloroflexota,NA
ASV_001190,sediment,1,FALSE,2,34,7,-0.004972394189464392,,Acidobacteriota,NA
ASV_001191,sediment,1,FALSE,1,34,31,-0.2762448966357995,,Planctomycetota,Pir4 lineage
ASV_001192,sediment,1,FALSE,1,34,30,-0.14323836277134908,,Planctomycetota,Fimbriiglobus
ASV_001193,sediment,1,FALSE,1,34,14,-0.11389106160861744,,Pseudomonadota,NA
ASV_001195,sediment,1,FALSE,6,34,17,-0.37190932936406235,,Pseudomonadota,NA
ASV_001201,sediment,1,TRUE,9,34,23,0.10142518104205309,,RCP2-54,NA
ASV_001205,sediment,1,FALSE,7,34,9,-0.2699133213760727,,Pseudomonadota,NA
ASV_001206,sediment,1,FALSE,3,34,20,0.035166957398451625,,Latescibacterota,NA
ASV_001207,sediment,1,FALSE,1,34,18,0.16870030425894875,,Pseudomonadota,NA
ASV_001209,sediment,1,FALSE,7,34,30,-0.2924578329978968,,Planctomycetota,NA
ASV_001210,sediment,1,TRUE,13,34,7,-0.26289862900971667,,Actinomycetota,NA
ASV_001211,sediment,1,FALSE,1,34,27,-0.16537145382469132,,Planctomycetota,NA
ASV_001213,sediment,1,FALSE,4,34,30,0.10932547182841694,,Pseudomonadota,Reyranella
ASV_001214,sediment,1,FALSE,1,34,21,-0.33860850446552804,,Acidobacteriota,NA
ASV_001216,sediment,1,FALSE,1,34,16,-0.4257500904035842,,Acidobacteriota,Geothrix
ASV_001221,sediment,1,FALSE,1,34,14,0.2706502749823565,,Acidobacteriota,NA
ASV_001227,sediment,1,FALSE,9,34,23,-0.19270281695557967,,Acidobacteriota,Candidatus Solibacter
ASV_001228,sediment,1,FALSE,1,34,20,0.18827569219122256,,Bacteroidota,Terrimonas
ASV_001231,sediment,1,FALSE,4,34,27,-0.0856204531757969,,Verrucomicrobiota,Chthoniobacter
ASV_001234,sediment,1,FALSE,1,34,20,-0.015560908111191584,,Myxococcota,NA
ASV_001235,sediment,1,FALSE,3,34,24,-0.012406566578762704,,Verrucomicrobiota,Chthoniobacter
ASV_001236,sediment,1,FALSE,2,34,21,-0.11221070294707014,,Methylomirabilota,NA
ASV_001237,sediment,1,FALSE,4,34,22,-0.018130567930295258,,Acidobacteriota,JGI 0001001-H03
ASV_001238,sediment,1,FALSE,1,34,25,-0.14446793262041538,,Pseudomonadota,GOUTA6
ASV_001242,sediment,1,FALSE,3,34,30,0.16518337996555596,,Acidobacteriota,NA
ASV_001245,sediment,1,FALSE,5,34,26,0.005756108928987374,,Pseudomonadota,Rhizobacter
ASV_001246,sediment,1,FALSE,6,34,17,0.29096953390935143,,Pseudomonadota,NA
ASV_001247,sediment,1,TRUE,9,34,8,0.10342804612112864,,Actinomycetota,NA
ASV_001248,sediment,1,FALSE,6,34,18,0.055608980539819344,,Latescibacterota,NA
ASV_001250,sediment,1,TRUE,8,34,7,0.11363943833808739,,Actinomycetota,NA
ASV_001251,sediment,1,FALSE,3,34,23,0.07935732771915524,,Bacteroidota,Ferruginibacter
ASV_001254,sediment,1,FALSE,4,34,20,-0.030030469909365413,,Pseudomonadota,Rhodoplanes
ASV_001255,sediment,1,FALSE,1,34,30,0.09796999314451191,,Verrucomicrobiota,Luteolibacter
ASV_001256,sediment,1,TRUE,10,34,10,-0.4367962135290407,,Pseudomonadota,NA
ASV_001258,sediment,1,TRUE,5,34,11,0.34179375342592133,,Verrucomicrobiota,Candidatus Udaeobacter
ASV_001259,sediment,1,FALSE,8,34,21,0.07080154319530761,,Pseudomonadota,NA
ASV_001260,sediment,1,FALSE,2,34,21,0.08257285058160982,,Acidobacteriota,NA
ASV_001261,sediment,1,FALSE,1,34,27,0.33531453113768933,,Pseudomonadota,NA
ASV_001264,sediment,1,FALSE,1,34,19,-0.09011999619911976,,Pseudomonadota,NA
ASV_001265,sediment,1,FALSE,8,34,18,0.17086042440120297,,Pseudomonadota,NA
ASV_001266,sediment,1,FALSE,1,34,28,-0.16048522707230495,,Planctomycetota,NA
ASV_001267,sediment,1,FALSE,4,34,27,0.2727107722452,,Planctomycetota,NA
ASV_001268,sediment,1,FALSE,3,34,26,-0.048818274984163156,,Bacteroidota,NA
ASV_001269,sediment,1,FALSE,3,34,20,0.1367136926911832,,Verrucomicrobiota,DEV114
ASV_001272,sediment,1,FALSE,2,34,23,-0.044880580846757695,,Acidobacteriota,NA
ASV_001275,sediment,1,FALSE,5,34,20,0.16476038924057945,,Pseudomonadota,NA
ASV_001277,sediment,1,FALSE,6,34,12,-0.24388822314688063,,Acidobacteriota,NA
ASV_001278,sediment,1,TRUE,8,34,15,-0.03537243481972019,,Pseudomonadota,SWB02
ASV_001280,sediment,1,FALSE,1,34,12,-0.002148569476170643,,Pseudomonadota,NA
ASV_001282,sediment,1,FALSE,6,34,21,-0.020964503976836236,,Actinomycetota,Kineosporia
ASV_001283,sediment,1,FALSE,1,34,25,0.15633789827210068,,Bacteroidota,UTBCD1
ASV_001284,sediment,1,FALSE,2,34,22,-0.07439138179335118,,Pseudomonadota,MND1
ASV_001285,sediment,1,FALSE,1,34,17,-0.11518976636743376,,Myxococcota,NA
ASV_001286,sediment,1,TRUE,10,34,15,0.32351275545893604,,Acidobacteriota,NA
ASV_001287,sediment,1,TRUE,10,34,3,-0.1716942190052572,,Pseudomonadota,Roseiarcus
ASV_001289,sediment,1,FALSE,7,34,20,0.02860758824167046,,Pseudomonadota,NA
ASV_001290,sediment,1,FALSE,1,34,12,-0.14745777549421052,,Acidobacteriota,NA
ASV_001294,sediment,1,TRUE,8,34,23,0.1402383378170099,,Chloroflexota,NA
ASV_001295,sediment,1,FALSE,1,34,15,-0.4876819997673575,,Acidobacteriota,NA
ASV_001297,sediment,1,FALSE,1,34,13,-0.3247191956501646,,Acidobacteriota,NA
ASV_001298,sediment,1,FALSE,2,34,24,-0.0657959049415745,,Actinomycetota,NA
ASV_001299,sediment,1,FALSE,6,34,31,0.228380041352558,,Planctomycetota,Fimbriiglobus
ASV_001301,sediment,1,FALSE,2,34,23,-0.32939187537498515,,Acidobacteriota,RB41
ASV_001302,sediment,1,TRUE,6,34,6,0.2657535015123978,,Acidobacteriota,Granulicella
ASV_001303,sediment,1,FALSE,1,34,22,0.28448285923563044,,Pseudomonadota,NA
ASV_001304,sediment,1,FALSE,8,34,25,0.21877232314978817,,Planctomycetota,NA
ASV_001305,sediment,1,FALSE,1,34,17,-0.355714427941595,,Pseudomonadota,GOUTA6
ASV_001306,sediment,1,TRUE,11,34,12,-0.2755855279517604,,Planctomycetota,NA
ASV_001308,sediment,1,FALSE,6,34,19,0.16915264562613713,,Chloroflexota,NA
ASV_001309,sediment,1,FALSE,1,34,23,-0.46442260861100515,,Actinomycetota,NA
ASV_001312,sediment,1,FALSE,2,34,11,-0.29891170963491986,,Pseudomonadota,Undibacterium
ASV_001313,sediment,1,FALSE,8,34,10,-0.08256581939948433,,Actinomycetota,Galbitalea
ASV_001314,sediment,1,FALSE,5,34,23,0.2233081054690901,,Acidobacteriota,NA
ASV_001315,sediment,1,FALSE,2,34,17,-0.18652875388315743,,Actinomycetota,NA
ASV_001317,sediment,1,FALSE,5,34,19,0.07459355226077612,,Methylomirabilota,NA
ASV_001318,sediment,1,FALSE,4,34,20,0.2591351319211504,,Acidobacteriota,NA
ASV_001319,sediment,1,FALSE,1,34,23,0.29035168342103435,,Acidobacteriota,NA
ASV_001320,sediment,1,FALSE,1,34,20,0.09261162536605813,,Pseudomonadota,NA
ASV_001323,sediment,1,FALSE,2,34,22,0.18286873214974073,,Actinomycetota,NA
ASV_001324,sediment,1,FALSE,2,34,24,0.22083540878754696,,NA,NA
ASV_001325,sediment,1,TRUE,10,34,5,-0.024846062475478416,,Pseudomonadota,NA
ASV_001326,sediment,1,FALSE,1,34,19,-0.256166361202063,,Pseudomonadota,NA
ASV_001327,sediment,1,FALSE,6,34,21,0.028936108381562294,,Acidobacteriota,NA
ASV_001328,sediment,1,FALSE,6,34,17,0.16729046120037333,,Thermodesulfobacteriota,NA
ASV_001329,sediment,1,FALSE,6,34,24,0.06544971111766917,,Actinomycetota,NA
ASV_001330,sediment,1,FALSE,4,34,20,-0.1907177319922966,,Latescibacterota,NA
ASV_001331,sediment,1,FALSE,1,34,19,-0.13045360282138388,,Acidobacteriota,NA
ASV_001332,sediment,1,FALSE,3,34,23,0.1214471296506996,,Acidobacteriota,NA
ASV_001334,sediment,1,FALSE,1,34,18,0.19032967590486688,,Pseudomonadota,NA
ASV_001335,sediment,1,FALSE,1,34,24,-0.22274510478625076,,Thermodesulfobacteriota,NA
ASV_001337,sediment,1,FALSE,1,34,20,0.36386525769251754,,Acidobacteriota,NA
ASV_001339,sediment,1,FALSE,5,34,4,-0.28918126652213877,,Planctomycetota,NA
ASV_001340,sediment,1,FALSE,3,34,26,0.18856532964396305,,Planctomycetota,NA
ASV_001342,sediment,1,FALSE,2,34,21,0.02067495554392749,,Chloroflexota,NA
ASV_001345,sediment,1,FALSE,4,34,26,-0.12467635594092151,,Pseudomonadota,Bauldia
ASV_001346,sediment,1,FALSE,1,34,20,0.3634854916773794,,Bacteroidota,Chryseotalea
ASV_001347,sediment,1,FALSE,3,34,20,-0.15355071140079588,,Pseudomonadota,Pseudorhodoplanes
ASV_001348,sediment,1,FALSE,1,34,15,-0.19547941664851706,,Pseudomonadota,NA
ASV_001349,sediment,1,FALSE,2,34,24,0.0817535296560182,,Bdellovibrionota,OM27 clade
ASV_001352,sediment,1,FALSE,1,34,21,-0.2679397915464402,,Verrucomicrobiota,NA
ASV_001353,sediment,1,FALSE,1,34,25,-0.401676193681031,,Planctomycetota,Fimbriiglobus
ASV_001354,sediment,1,FALSE,5,34,16,0.2807889326694822,,Acidobacteriota,NA
ASV_001359,sediment,1,FALSE,6,34,17,0.04522640640778498,,Pseudomonadota,Steroidobacter
ASV_001360,sediment,1,TRUE,9,34,3,-0.022361456227930572,,Pseudomonadota,Hypericibacter
ASV_001361,sediment,1,FALSE,7,34,17,-0.0315066143814888,,Verrucomicrobiota,NA
ASV_001362,sediment,1,FALSE,1,34,22,0.23242007528350644,,Planctomycetota,NA
ASV_001363,sediment,1,TRUE,5,34,12,0.008638801078077182,,Acidobacteriota,NA
ASV_001364,sediment,1,FALSE,1,34,17,-0.11885513416541504,,Verrucomicrobiota,NA
ASV_001365,sediment,1,FALSE,3,34,26,-0.105210492894864,,Methylomirabilota,NA
ASV_001366,sediment,1,FALSE,3,34,28,-0.05465298039891894,,Pseudomonadota,Phenylobacterium
ASV_001367,sediment,1,FALSE,5,34,22,9.484920776108331e-4,,Pseudomonadota,mle1-7
ASV_001368,sediment,1,FALSE,1,34,24,0.09559261885548415,,Pseudomonadota,Novosphingobium
ASV_001370,sediment,1,FALSE,7,34,14,-0.001887357541382687,,Gemmatimonadota,NA
ASV_001371,sediment,1,TRUE,9,34,8,0.05109823885484514,,RCP2-54,NA
ASV_001372,sediment,1,FALSE,6,34,23,-0.19483249800805932,,Pseudomonadota,Ellin6067
ASV_001375,sediment,1,FALSE,3,34,24,-0.07009586197016741,,Verrucomicrobiota,Chthoniobacter
ASV_001376,sediment,1,FALSE,1,34,15,-0.1050985174289611,,Acidobacteriota,NA
ASV_001378,sediment,1,FALSE,2,34,29,0.04752362228736667,,Bacteroidota,Flavobacterium
ASV_001379,sediment,1,FALSE,8,34,17,-0.2888698378872185,,Pseudomonadota,NA
ASV_001380,sediment,1,FALSE,5,34,16,0.025690923927925175,,Pseudomonadota,NA
ASV_001381,sediment,1,TRUE,5,34,17,0.2658372249694509,,Acidobacteriota,NA
ASV_001382,sediment,1,FALSE,1,34,26,-0.09144309484859611,,Armatimonadota,NA
ASV_001385,sediment,1,FALSE,6,34,12,0.2461983291109548,,Pseudomonadota,GOUTA6
ASV_001387,sediment,1,FALSE,1,34,18,0.06586733559218425,,Pseudomonadota,Ellin6067
ASV_001388,sediment,1,FALSE,4,34,22,0.3087034777841575,,Chloroflexota,NA
ASV_001389,sediment,1,FALSE,2,34,20,-0.127026344766448,,Planctomycetota,NA
ASV_001390,sediment,1,FALSE,8,34,21,-0.21107928409473065,,Actinomycetota,Acidiferrimicrobium
ASV_001391,sediment,1,FALSE,7,34,22,0.19823484422066412,,Pseudomonadota,Arsenicitalea
ASV_001392,sediment,1,FALSE,1,34,4,0.1277656465744096,,Bacteroidota,Terrimonas
ASV_001393,sediment,1,FALSE,2,34,24,-0.16343960102463362,,Acidobacteriota,NA
ASV_001394,sediment,1,TRUE,6,34,8,-0.013212365173158151,,Pseudomonadota,NA
ASV_001395,sediment,1,FALSE,1,34,20,0.0049296547901549175,,Pseudomonadota,Bauldia
ASV_001396,sediment,1,FALSE,1,34,25,0.4007626806978627,,Pseudomonadota,NA
ASV_001397,sediment,1,FALSE,8,34,16,0.07685583293158679,,Pseudomonadota,NA
ASV_001398,sediment,1,FALSE,5,34,25,-3.153911964918298e-4,,Pseudomonadota,Hypericibacter
ASV_001399,sediment,1,FALSE,3,34,23,0.1263951340454625,,Acidobacteriota,Subgroup 10
ASV_001400,sediment,1,FALSE,2,34,19,-0.0017924742725416946,,Verrucomicrobiota,Candidatus Xiphinematobacter
ASV_001401,sediment,1,TRUE,7,34,8,-0.1908883423269891,,Acidobacteriota,NA
ASV_001403,sediment,1,FALSE,3,34,26,0.49591250947357696,,Pseudomonadota,Ellin6067
ASV_001404,sediment,1,FALSE,4,34,24,-0.10451406405818808,,Planctomycetota,Gemmata
ASV_001405,sediment,1,TRUE,8,34,13,-0.29471267646880156,,Pseudomonadota,Rhizobium
ASV_001406,sediment,1,TRUE,9,34,16,-0.039719336926700426,,Bacteroidota,Puia
ASV_001408,sediment,1,FALSE,1,34,22,-0.025786641651846718,,Bacteroidota,NA
ASV_001410,sediment,1,FALSE,8,34,9,-0.42087846640920623,,Pseudomonadota,Sphingomonas
ASV_001411,sediment,1,FALSE,3,34,16,0.0992105948075803,,Acidobacteriota,JGI 0001001-H03
ASV_001412,sediment,1,FALSE,1,34,24,-0.1959888093432671,,Bacteroidota,NA
ASV_001413,sediment,1,FALSE,1,34,18,-0.19169017297753868,,Pseudomonadota,NA
ASV_001415,sediment,1,FALSE,6,34,13,0.25363343195614735,,Pseudomonadota,Methylovirgula
ASV_001419,sediment,1,FALSE,2,34,21,-0.05923258889269453,,Actinomycetota,NA
ASV_001422,sediment,1,FALSE,2,34,25,0.040924769632312154,,Pseudomonadota,Bauldia
ASV_001425,sediment,1,FALSE,1,34,21,-0.22791698781571498,,NB1-j,NA
ASV_001427,sediment,1,FALSE,1,34,27,0.23337515764871677,,Planctomycetota,Gemmata
ASV_001428,sediment,1,FALSE,2,34,24,-0.08293643123712754,,Planctomycetota,NA
ASV_001431,sediment,1,FALSE,2,34,22,-0.023633193181633733,,Pseudomonadota,NA
ASV_001433,sediment,1,FALSE,1,34,19,-0.3723449046375745,,Pseudomonadota,NA
ASV_001435,sediment,1,FALSE,1,34,21,0.0631625962046497,,Bacteroidota,Terrimonas
ASV_001437,sediment,1,FALSE,3,34,25,-0.27243398317598577,,Methylomirabilota,NA
ASV_001439,sediment,1,FALSE,5,34,16,-0.27110683924219076,,Pseudomonadota,MND1
ASV_001440,sediment,1,FALSE,1,34,26,-0.32667419663996344,,Acidobacteriota,NA
ASV_001442,sediment,1,FALSE,1,34,25,0.33863741326610036,,Thermodesulfobacteriota,NA
ASV_001444,sediment,1,FALSE,4,34,27,0.11853082522257609,,Bacteroidota,Ferruginibacter
ASV_001446,sediment,1,TRUE,7,34,5,-0.20274672557921364,,Pseudomonadota,Dokdonella
ASV_001451,sediment,1,FALSE,1,34,23,0.017692168523474817,,Pseudomonadota,Methylotenera
ASV_001452,sediment,1,FALSE,6,34,23,-0.0011102117535150074,,Pseudomonadota,Reyranella
ASV_001456,sediment,1,FALSE,2,34,20,-0.08338247496111034,,Chloroflexota,NA
ASV_001457,sediment,1,FALSE,6,34,19,0.021093480687678027,,Acidobacteriota,NA
ASV_001460,sediment,1,FALSE,1,34,25,-0.22638275652966974,,Verrucomicrobiota,NA
ASV_001461,sediment,1,FALSE,3,34,19,-0.05006827102004522,,Verrucomicrobiota,NA
ASV_001462,sediment,1,FALSE,3,34,19,0.11222162905518286,,Pseudomonadota,Ellin6067
ASV_001464,sediment,1,FALSE,1,34,18,0.2212977266511524,,Pseudomonadota,Acidibacter
ASV_001466,sediment,1,FALSE,2,34,19,-0.09490540608652731,,Acidobacteriota,NA
ASV_001468,sediment,1,TRUE,10,34,6,-0.375831952179641,,Verrucomicrobiota,Candidatus Xiphinematobacter
ASV_001470,sediment,1,TRUE,9,34,10,-0.1718965048922216,,Pseudomonadota,NA
ASV_001471,sediment,1,FALSE,4,34,19,-0.0011246542909752093,,Acidobacteriota,NA
ASV_001472,sediment,1,TRUE,9,34,4,-0.13026778945578593,,Acidobacteriota,Candidatus Koribacter
ASV_001475,sediment,1,FALSE,1,34,24,0.2972976925291945,,Planctomycetota,NA
ASV_001476,sediment,1,FALSE,2,34,16,0.11048280072075277,,Pseudomonadota,NA
ASV_001477,sediment,1,FALSE,1,34,18,0.20467732833113877,,Pseudomonadota,NA
ASV_001479,sediment,1,FALSE,5,34,21,-0.041922915754324656,,Pseudomonadota,Pseudomonas
ASV_001480,sediment,1,FALSE,1,34,17,-0.14968154613626505,,Acidobacteriota,NA
ASV_001481,sediment,1,FALSE,4,34,21,0.09679220527233694,,Latescibacterota,NA
ASV_001482,sediment,1,FALSE,6,34,14,-0.07358438719975784,,Acidobacteriota,Candidatus Koribacter
ASV_001483,sediment,1,FALSE,2,34,18,-0.31608253249619445,,Bacteroidota,Terrimonas
ASV_001485,sediment,1,FALSE,1,34,19,-0.3082611405828372,,Bacteroidota,Flavihumibacter
ASV_001488,sediment,1,FALSE,7,34,24,-0.12320523556189285,,Acidobacteriota,NA
ASV_001492,sediment,1,TRUE,9,34,15,0.055434829909291064,,Pseudomonadota,Ellin6067
ASV_001494,sediment,1,FALSE,1,34,5,-0.23550384648062883,,Pseudomonadota,Pseudolabrys
ASV_001495,sediment,1,FALSE,3,34,19,-0.04276939143654112,,Planctomycetota,NA
ASV_001496,sediment,1,FALSE,1,34,19,0.43450236358591504,,Pseudomonadota,Ellin6067
ASV_001497,sediment,1,FALSE,3,34,24,-0.36325426533803906,,Verrucomicrobiota,NA
ASV_001500,sediment,1,TRUE,10,34,13,-0.35248184978482777,,Pseudomonadota,Reyranella
ASV_001501,sediment,1,FALSE,5,34,18,0.140633361944129,,Gemmatimonadota,NA
ASV_001504,sediment,1,FALSE,2,34,21,0.32949706818084934,,Actinomycetota,NA
ASV_001505,sediment,1,TRUE,9,34,5,-0.24553000541408548,,Acidobacteriota,NA
ASV_001506,sediment,1,FALSE,3,34,22,0.10754835950391574,,Planctomycetota,NA
ASV_001507,sediment,1,FALSE,9,34,15,0.036504440771763826,,Pseudomonadota,NA
ASV_001509,sediment,1,FALSE,2,34,22,0.135500513452924,,Pseudomonadota,mle1-7
ASV_001512,sediment,1,FALSE,6,34,15,-0.0588192969728619,,Pseudomonadota,NA
ASV_001513,sediment,1,FALSE,3,34,21,-0.1240477472731899,,Verrucomicrobiota,NA
ASV_001514,sediment,1,FALSE,8,34,24,-0.052360109448800235,,Myxococcota,Pajaroellobacter
ASV_001515,sediment,1,FALSE,2,34,23,0.004389830008770456,,Chloroflexota,NA
ASV_001516,sediment,1,FALSE,1,34,14,0.11277263870890011,,Planctomycetota,NA
ASV_001517,sediment,1,FALSE,1,34,19,0.02342346198772388,,Acidobacteriota,NA
ASV_001518,sediment,1,FALSE,1,34,19,-0.25644284194043837,,Gemmatimonadota,NA
ASV_001520,sediment,1,FALSE,1,34,12,0.232908345598566,,Actinomycetota,NA
ASV_001521,sediment,1,FALSE,1,34,27,-0.09267762092779254,,Planctomycetota,Pirellula
ASV_001522,sediment,1,FALSE,3,34,29,-0.10627311120382696,,Gemmatimonadota,NA
ASV_001524,sediment,1,FALSE,1,34,22,0.2277706194710577,,Acidobacteriota,NA
ASV_001525,sediment,1,FALSE,8,34,17,-0.1608758890692964,,Pseudomonadota,mle1-7
ASV_001526,sediment,1,FALSE,2,34,20,0.10651803504779987,,Pseudomonadota,MND1
ASV_001527,sediment,1,TRUE,9,34,13,-0.16278807233462927,,Acidobacteriota,NA
ASV_001529,sediment,1,FALSE,6,34,23,-0.25919940915844847,,Gemmatimonadota,Gemmatimonas
ASV_001531,sediment,1,FALSE,7,34,25,0.27984045899536647,,Acidobacteriota,NA
ASV_001532,sediment,1,FALSE,2,34,19,0.06103204257619179,,Acidobacteriota,NA
ASV_001533,sediment,1,FALSE,5,34,19,0.4098907830764775,,Myxococcota,Anaeromyxobacter
ASV_001537,sediment,1,FALSE,2,34,26,-0.09355716905478062,,Actinomycetota,NA
ASV_001541,sediment,1,FALSE,6,34,12,-0.2273782628832385,,Pseudomonadota,NA
ASV_001543,sediment,1,FALSE,1,34,10,-0.26173854557069764,,Pseudomonadota,NA
ASV_001544,sediment,1,FALSE,7,34,18,-0.05043190085032115,,Planctomycetota,NA
ASV_001545,sediment,1,TRUE,8,34,16,-0.09772962576554892,,Pseudomonadota,Pseudolabrys
ASV_001546,sediment,1,FALSE,3,34,14,-0.045894549050623165,,Actinomycetota,NA
ASV_001547,sediment,1,FALSE,1,34,19,0.07874174832464075,,Planctomycetota,NA
ASV_001551,sediment,1,FALSE,1,34,12,0.16348294031036634,,SAR324 clade(Marine group B),Candidatus Nitrosoarchaeum
ASV_001553,sediment,1,FALSE,10,34,16,-0.03290555946228738,,Pseudomonadota,NA
ASV_001554,sediment,1,FALSE,3,34,20,0.08248382634190073,,Actinomycetota,NA
ASV_001555,sediment,1,TRUE,11,34,4,-0.22900047253791006,,Pseudomonadota,NA
ASV_001556,sediment,1,TRUE,8,34,7,-0.07786308607926726,,Acidobacteriota,Candidatus Solibacter
ASV_001558,sediment,1,FALSE,1,34,26,0.22028784441746274,,FCPU426,NA
ASV_001559,sediment,1,TRUE,1,34,9,-0.02319358639165482,,Pseudomonadota,NA
ASV_001561,sediment,1,FALSE,9,34,16,-0.26250857048918474,,Actinomycetota,NA
ASV_001564,sediment,1,TRUE,11,34,16,0.051593732663459665,,Pseudomonadota,Ellin6067
ASV_001571,sediment,1,FALSE,6,34,18,0.059579378087613384,,Pseudomonadota,NA
ASV_001575,sediment,1,FALSE,3,34,15,-0.22645001624630104,,Acidobacteriota,RB41
ASV_001576,sediment,1,TRUE,10,34,5,-0.18934608521045287,,Acidobacteriota,NA
ASV_001579,sediment,1,FALSE,7,34,18,-0.0077805724738605345,,Planctomycetota,NA
ASV_001580,sediment,1,FALSE,7,34,20,-0.06688302994207895,,Thermodesulfobacteriota,NA
ASV_001581,sediment,1,FALSE,5,34,20,-0.06832215419231341,,Pseudomonadota,NA
ASV_001583,sediment,1,FALSE,4,34,13,0.023085214744805748,,Chloroflexota,NA
ASV_001584,sediment,1,FALSE,1,34,14,-0.2111986664163336,,Thermoproteota,NA
ASV_001587,sediment,1,FALSE,3,34,28,0.38201542418841067,,Acidobacteriota,NA
ASV_001588,sediment,1,FALSE,3,34,24,-0.31983047206756177,,Actinomycetota,Acidiferrimicrobium
ASV_001591,sediment,1,FALSE,2,34,14,-0.3113624250175845,,Bacteroidota,NA
ASV_001592,sediment,1,FALSE,2,34,20,-0.2997003901631811,,Myxococcota,Anaeromyxobacter
ASV_001593,sediment,1,FALSE,4,34,21,0.006381473854138974,,Pseudomonadota,Hyphomicrobium
ASV_001594,sediment,1,FALSE,2,34,19,0.008178724409997194,,Pseudomonadota,NA
ASV_001596,sediment,1,FALSE,4,34,12,0.24572906166736078,,Pseudomonadota,Kineobactrum
ASV_001601,sediment,1,FALSE,3,34,25,-0.05674237366992122,,Actinomycetota,NA
ASV_001602,sediment,1,FALSE,8,34,17,-0.11051252951119818,,Planctomycetota,NA
ASV_001606,sediment,1,FALSE,7,34,14,-0.07347645566408624,,Acidobacteriota,NA
ASV_001607,sediment,1,FALSE,1,34,22,-0.2919971349599943,,Bacteroidota,Panacibacter
ASV_001608,sediment,1,FALSE,2,34,10,0.09279349187576914,,Myxococcota,NA
ASV_001611,sediment,1,TRUE,9,34,6,-0.28139959510793294,,Pseudomonadota,NA
ASV_001613,sediment,1,FALSE,4,34,11,-0.07377492383465278,,Pseudomonadota,NA
ASV_001614,sediment,1,TRUE,8,34,5,-0.22756272626210394,,Acidobacteriota,Edaphobacter
ASV_001616,sediment,1,FALSE,2,34,19,-0.0740373084654265,,Acidobacteriota,NA
ASV_001630,sediment,1,FALSE,6,34,24,0.06090448061148972,,Planctomycetota,NA
ASV_001632,sediment,1,FALSE,2,34,26,-0.06767321602405389,,Pseudomonadota,NA
ASV_001633,sediment,1,FALSE,2,34,20,0.42452969563140164,,Planctomycetota,NA
ASV_001634,sediment,1,FALSE,5,34,25,0.16734188273798126,,Planctomycetota,Fimbriiglobus
ASV_001635,sediment,1,TRUE,11,34,10,-0.290291007268376,,Verrucomicrobiota,Chthoniobacter
ASV_001636,sediment,1,FALSE,6,34,13,-0.25252312372726243,,Planctomycetota,NA
ASV_001639,sediment,1,TRUE,9,34,16,0.02487039711736211,,Pseudomonadota,NA
ASV_001640,sediment,1,FALSE,8,34,13,-0.3411969606058219,,Planctomycetota,NA
ASV_001641,sediment,1,FALSE,1,34,12,0.21142992923804216,,Bacteroidota,NA
ASV_001642,sediment,1,FALSE,1,34,28,-0.028357528294274105,,Verrucomicrobiota,NA
ASV_001643,sediment,1,FALSE,2,34,21,-0.1627080246354325,,Myxococcota,NA
ASV_001644,sediment,1,FALSE,2,34,18,0.11670497086178783,,Acidobacteriota,NA
ASV_001646,sediment,1,FALSE,5,34,13,-0.1658336764236707,,Actinomycetota,Nakamurella
ASV_001650,sediment,1,FALSE,8,34,17,0.3311405924977517,,Pseudomonadota,NA
ASV_001651,sediment,1,FALSE,2,34,21,-0.02886534254223586,,Myxococcota,NA
ASV_001652,sediment,1,FALSE,3,34,12,-0.2947562893546987,,Pseudomonadota,NA
ASV_001653,sediment,1,FALSE,3,34,10,0.01026286817969994,,Pseudomonadota,NA
ASV_001654,sediment,1,FALSE,1,34,16,0.3609019414311408,,Actinomycetota,NA
ASV_001657,sediment,1,FALSE,1,34,19,-0.18592955135879052,,Planctomycetota,SH-PL14
ASV_001658,sediment,1,FALSE,3,34,20,-0.20926766529025495,,Pseudomonadota,MND1
ASV_001660,sediment,1,FALSE,1,34,19,-0.03280081451993936,,Pseudomonadota,NA
ASV_001662,sediment,1,FALSE,2,34,21,0.10439390663906847,,Pseudomonadota,Novosphingobium
ASV_001663,sediment,1,FALSE,3,34,23,-0.023800049749454655,,Actinomycetota,Acidiferrimicrobium
ASV_001665,sediment,1,FALSE,7,34,14,0.13156533376674853,,Myxococcota,NA
ASV_001666,sediment,1,FALSE,4,34,12,-0.40786663687642055,,Acidobacteriota,JGI 0001001-H03
ASV_001667,sediment,1,FALSE,1,34,18,0.4802630292208928,,Gemmatimonadota,NA
ASV_001668,sediment,1,TRUE,10,34,5,0.15057244614705464,,Acidobacteriota,NA
ASV_001669,sediment,1,FALSE,1,34,14,0.38076817411996045,,Bacteroidota,Chryseotalea
ASV_001670,sediment,1,TRUE,7,34,4,-0.004642192191573521,,Pseudomonadota,Acidibacter
ASV_001671,sediment,1,FALSE,1,34,20,-0.12045945067704286,,Pseudomonadota,GOUTA6
ASV_001674,sediment,1,TRUE,8,34,4,-0.01311697217400917,,Pseudomonadota,NA
ASV_001677,sediment,1,TRUE,12,34,16,0.1714617142908273,,Pseudomonadota,Ellin6055
ASV_001678,sediment,1,FALSE,7,34,19,-0.17453778107250162,,Pseudomonadota,MND1
ASV_001681,sediment,1,FALSE,1,34,24,0.1107355385106798,,Verrucomicrobiota,NA
ASV_001684,sediment,1,FALSE,1,34,28,-0.08185624850972599,,Actinomycetota,Iamia
ASV_001686,sediment,1,FALSE,8,34,15,-0.043351390471513644,,Planctomycetota,NA
ASV_001687,sediment,1,TRUE,9,34,5,0.12273929715024061,,Pseudomonadota,Sphingomonas
ASV_001690,sediment,1,FALSE,1,34,19,-0.17047566657052743,,Bacteroidota,NA
ASV_001691,sediment,1,FALSE,6,34,10,0.011305722678202597,,Pseudomonadota,P3OB-51
ASV_001692,sediment,1,FALSE,3,34,20,0.06736983087184485,,Actinomycetota,Acidiferrimicrobium
ASV_001693,sediment,1,FALSE,4,34,25,-0.07164045771912426,,Planctomycetota,NA
ASV_001695,sediment,1,FALSE,2,34,17,0.0849498349994914,,Verrucomicrobiota,Oleiharenicola
ASV_001696,sediment,1,FALSE,4,34,22,-0.13751255536389537,,Pseudomonadota,NA
ASV_001697,sediment,1,FALSE,6,34,15,-0.18858182541348636,,Pseudomonadota,NA
ASV_001698,sediment,1,FALSE,1,34,22,0.07164150368870902,,Pseudomonadota,JTB255 marine benthic group
ASV_001702,sediment,1,FALSE,2,34,16,-0.11500472224068785,,Actinomycetota,Acidiferrimicrobium
ASV_001704,sediment,1,TRUE,11,34,9,-0.39281720396667513,,Actinomycetota,NA
ASV_001705,sediment,1,FALSE,6,34,18,0.18531998451005108,,Pseudomonadota,Pedomicrobium
ASV_001707,sediment,1,FALSE,2,34,21,0.05956532515479522,,Planctomycetota,NA
ASV_001709,sediment,1,TRUE,4,34,13,-0.010387661217137434,,Chloroflexota,NA
ASV_001711,sediment,1,FALSE,3,34,17,0.2067986067962787,,Acidobacteriota,NA
ASV_001712,sediment,1,FALSE,7,34,14,-0.23450725266464884,,Actinomycetota,Pseudonocardia
ASV_001713,sediment,1,FALSE,2,34,25,-0.109216809001844,,Bacteroidota,NA
ASV_001714,sediment,1,TRUE,8,34,7,-0.14991214434604827,,Acidobacteriota,NA
ASV_001715,sediment,1,FALSE,2,34,18,0.12656802193566638,,Actinomycetota,NA
ASV_001716,sediment,1,FALSE,3,34,20,0.18219140110275794,,Pseudomonadota,MND1
ASV_001717,sediment,1,FALSE,3,34,18,-0.008461025053851035,,Pseudomonadota,NA
ASV_001718,sediment,1,TRUE,3,34,3,0.26740574739233647,,Pseudomonadota,Pedomicrobium
ASV_001719,sediment,1,FALSE,1,34,10,0.08659260107724337,,Pseudomonadota,NA
ASV_001720,sediment,1,TRUE,8,34,6,-0.4291242358176492,,Pseudomonadota,NA
ASV_001722,sediment,1,FALSE,2,34,18,0.3451304854237201,,Planctomycetota,NA
ASV_001723,sediment,1,FALSE,2,34,14,0.17329844200955252,,Pseudomonadota,NA
ASV_001724,sediment,1,FALSE,5,34,28,-0.02566853902038933,,Pseudomonadota,NA
ASV_001726,sediment,1,FALSE,1,34,16,0.005524856768113774,,Pseudomonadota,MND1
ASV_001727,sediment,1,TRUE,6,34,9,-0.35709627527318566,,Acidobacteriota,NA
ASV_001729,sediment,1,FALSE,1,34,15,-0.2096333787946008,,Pseudomonadota,Pseudorhodoplanes
ASV_001731,sediment,1,FALSE,1,34,22,-0.04983252510305763,,Actinomycetota,Gaiella
ASV_001732,sediment,1,TRUE,8,34,8,-0.34187114757268955,,Acidobacteriota,NA
ASV_001733,sediment,1,FALSE,7,34,16,-0.26167575278805305,,Acidobacteriota,Candidatus Solibacter
ASV_001734,sediment,1,FALSE,1,34,6,0.01379820693947425,,Pseudomonadota,Novosphingobium
ASV_001736,sediment,1,FALSE,3,34,16,0.37428723099793715,,Gemmatimonadota,NA
ASV_001738,sediment,1,FALSE,1,34,20,0.16035965703345262,,Gemmatimonadota,NA
ASV_001740,sediment,1,FALSE,8,34,14,0.06592979102450874,,Bacteroidota,Terrimonas
ASV_001741,sediment,1,FALSE,5,34,21,0.006330532582314003,,Acidobacteriota,OLB17
ASV_001743,sediment,1,FALSE,1,34,19,-0.008500889706353617,,Actinomycetota,NA
ASV_001744,sediment,1,TRUE,8,34,8,-0.21139891645536077,,Actinomycetota,NA
ASV_001745,sediment,1,FALSE,4,34,22,-0.009281408201942155,,Chloroflexota,NA
ASV_001746,sediment,1,FALSE,5,34,17,-0.05059018017623739,,Planctomycetota,NA
ASV_001751,sediment,1,FALSE,6,34,19,0.11352119133842976,,Acidobacteriota,NA
ASV_001752,sediment,1,FALSE,1,34,20,-0.04922723107677295,,Actinomycetota,NA
ASV_001753,sediment,1,FALSE,1,34,10,-0.14742894630256134,,Pseudomonadota,MND1
ASV_001754,sediment,1,FALSE,7,34,16,-0.4177366492735951,,FCPU426,NA
ASV_001755,sediment,1,FALSE,1,34,26,0.3248739711592058,,Chloroflexota,NA
ASV_001756,sediment,1,FALSE,7,34,14,-0.3349327409572586,,Planctomycetota,Aquisphaera
ASV_001757,sediment,1,FALSE,5,34,17,-0.2672449126953581,,Actinomycetota,Luedemannella
ASV_001758,sediment,1,TRUE,12,34,14,0.01910228803908259,,Planctomycetota,NA
ASV_001760,sediment,1,FALSE,3,34,24,-0.23032946691667847,,Bacteroidota,Chryseotalea
ASV_001761,sediment,1,FALSE,3,34,21,-0.08949355313944699,,Bacteroidota,OLB12
ASV_001762,sediment,1,FALSE,5,34,17,-0.04726690823268201,,Pseudomonadota,GOUTA6
ASV_001764,sediment,1,FALSE,3,34,11,0.2939726848404004,,MBNT15,NA
ASV_001767,sediment,1,FALSE,5,34,12,-0.1685131846276084,,Actinomycetota,NA
ASV_001768,sediment,1,FALSE,2,34,20,0.2541408384351084,,Thermodesulfobacteriota,NA
ASV_001769,sediment,1,FALSE,6,34,14,-0.34221783897117014,,Pseudomonadota,NA
ASV_001770,sediment,1,FALSE,1,34,16,-0.3606919674386405,,Planctomycetota,Mariniblastus
ASV_001771,sediment,1,TRUE,6,34,3,0.290663735381716,,Gemmatimonadota,Gemmatimonas
ASV_001772,sediment,1,FALSE,4,34,12,0.2248560074572967,,Pseudomonadota,Hyphomicrobium
ASV_001777,sediment,1,TRUE,12,34,10,0.13148221036393298,,Verrucomicrobiota,Chthoniobacter
ASV_001779,sediment,1,TRUE,8,34,9,-0.02012708343671022,,Pseudomonadota,NA
ASV_001780,sediment,1,FALSE,5,34,15,-0.3512475925633543,,Pseudomonadota,Pseudolabrys
ASV_001782,sediment,1,FALSE,3,34,18,-0.0027673034014767,,Pseudomonadota,NA
ASV_001783,sediment,1,FALSE,2,34,15,0.19021534326633846,,Gemmatimonadota,NA
ASV_001784,sediment,1,FALSE,5,34,9,-0.3110603076314921,,Acidobacteriota,NA
ASV_001785,sediment,1,FALSE,10,34,9,-0.278227329860406,,Pseudomonadota,Roseiarcus
ASV_001786,sediment,1,FALSE,3,34,15,-0.04700637335866171,,Pseudomonadota,Rhodoplanes
ASV_001789,sediment,1,FALSE,2,34,19,0.11290501015441384,,Gemmatimonadota,NA
ASV_001791,sediment,1,FALSE,2,34,22,-0.08556606232553916,,Pseudomonadota,Pedomicrobium
ASV_001794,sediment,1,TRUE,9,34,12,-0.2495702503221557,,Acidobacteriota,NA
ASV_001798,sediment,1,FALSE,2,34,26,-0.19916919415041215,,Verrucomicrobiota,Chthoniobacter
ASV_001800,sediment,1,TRUE,6,34,12,0.04694803075348135,,Chloroflexota,NA
ASV_001801,sediment,1,FALSE,6,34,9,-0.06188104581419211,,Acidobacteriota,NA
ASV_001802,sediment,1,FALSE,2,34,20,0.10891240240651917,,Pseudomonadota,NA
ASV_001804,sediment,1,FALSE,1,34,19,-0.04888757720853415,,Planctomycetota,NA
ASV_001805,sediment,1,FALSE,5,34,15,0.0407593609259753,,Pseudomonadota,mle1-7
ASV_001806,sediment,1,FALSE,1,34,13,0.4771014329930243,,Pseudomonadota,NA
ASV_001808,sediment,1,FALSE,2,34,15,-0.19321948260680089,,Pseudomonadota,Georgfuchsia
ASV_001810,sediment,1,FALSE,1,34,19,-0.35307508769058865,,Pseudomonadota,Hyphomicrobium
ASV_001812,sediment,1,FALSE,5,34,21,0.13267255381392565,,Chloroflexota,NA
ASV_001815,sediment,1,TRUE,6,34,12,-0.18693833742122826,,Acidobacteriota,NA
ASV_001817,sediment,1,FALSE,2,34,10,0.034116429354701,,Chloroflexota,NA
ASV_001820,sediment,1,FALSE,2,34,23,0.15827522193918148,,Planctomycetota,Fimbriiglobus
ASV_001821,sediment,1,FALSE,3,34,7,-0.31417365529908753,,Pseudomonadota,NA
ASV_001824,sediment,1,FALSE,2,34,23,-0.1099711339140519,,Pseudomonadota,NA
ASV_001825,sediment,1,FALSE,3,34,17,0.24737256367025182,,Planctomycetota,NA
ASV_001826,sediment,1,FALSE,3,34,17,0.06663496223860395,,Verrucomicrobiota,NA
ASV_001828,sediment,1,FALSE,8,34,17,-0.06443077192406173,,Planctomycetota,NA
ASV_001829,sediment,1,TRUE,4,34,10,-0.05868917781782456,,Acidobacteriota,Candidatus Solibacter
ASV_001832,sediment,1,FALSE,3,34,15,0.1703191010148504,,Methylomirabilota,NA
ASV_001839,sediment,1,FALSE,2,34,22,-0.24194432710719369,,Verrucomicrobiota,Opitutus
ASV_001840,sediment,1,FALSE,4,34,19,-0.09555610635095546,,Myxococcota,NA
ASV_001843,sediment,1,FALSE,1,34,14,-0.0855926670042096,,Acidobacteriota,NA
ASV_001846,sediment,1,FALSE,4,34,9,-0.4439493360343135,,Verrucomicrobiota,NA
ASV_001849,sediment,1,FALSE,7,34,17,-0.024493651869980256,,Acidobacteriota,NA
ASV_001851,sediment,1,FALSE,3,34,24,0.2136503855724913,,Actinomycetota,NA
ASV_001856,sediment,1,FALSE,2,34,12,0.23192235624820956,,Gemmatimonadota,NA
ASV_001863,sediment,1,FALSE,2,34,20,-0.12725659156826385,,MBNT15,NA
ASV_001864,sediment,1,FALSE,1,34,14,-0.07990146327477961,,Bacteroidota,Terrimonas
ASV_001866,sediment,1,FALSE,3,34,16,-0.07178521887573525,,Acidobacteriota,NA
ASV_001870,sediment,1,FALSE,1,34,18,0.08554952543967835,,Pseudomonadota,AAP99
ASV_001871,sediment,1,FALSE,3,34,20,0.1328549439912431,,Pseudomonadota,NA
ASV_001874,sediment,1,FALSE,1,34,23,-0.39022707518960786,,Pseudomonadota,NA
ASV_001875,sediment,1,FALSE,1,34,21,-0.2012726811160642,,Pseudomonadota,NA
ASV_001876,sediment,1,FALSE,3,34,21,-0.1689883444554742,,Myxococcota,NA
ASV_001879,sediment,1,FALSE,3,34,10,0.08505433868694362,,Acidobacteriota,NA
ASV_001882,sediment,1,TRUE,8,34,6,0.03865505476543968,,Verrucomicrobiota,NA
ASV_001886,sediment,1,FALSE,5,34,22,-0.10354803833346632,,Acidobacteriota,Candidatus Solibacter
ASV_001889,sediment,1,FALSE,1,34,19,-0.31458589310078755,,Pseudomonadota,mle1-7
ASV_001891,sediment,1,TRUE,8,34,3,0.019566274199439255,,Pseudomonadota,Bradyrhizobium
ASV_001892,sediment,1,TRUE,5,34,8,-0.21719599613980714,,Acidobacteriota,NA
ASV_001894,sediment,1,FALSE,1,34,23,-0.25193490147844283,,Pseudomonadota,NA
ASV_001895,sediment,1,FALSE,1,34,11,-0.1709717964604298,,Pseudomonadota,MM1
ASV_001897,sediment,1,FALSE,2,34,16,0.2349673610745701,,Methylomirabilota,NA
ASV_001898,sediment,1,FALSE,2,34,13,-0.02613796767623006,,Pseudomonadota,NA
ASV_001901,sediment,1,TRUE,8,34,16,-0.20509134047778305,,Planctomycetota,NA
ASV_001902,sediment,1,FALSE,1,34,22,0.1537482977952966,,Gemmatimonadota,NA
ASV_001904,sediment,1,FALSE,2,34,13,0.014735498555727013,,Pseudomonadota,MND1
ASV_001905,sediment,1,FALSE,6,34,20,-0.2508768300596313,,Bacteroidota,Puia
ASV_001908,sediment,1,FALSE,1,34,19,0.08320254351166838,,Pseudomonadota,NA
ASV_001909,sediment,1,FALSE,3,34,21,0.05894033297696759,,Pseudomonadota,NA
ASV_001910,sediment,1,FALSE,2,34,21,0.1620005762942516,,Actinomycetota,NA
ASV_001914,sediment,1,FALSE,9,34,21,-0.0406886744414977,,Pseudomonadota,Phenylobacterium
ASV_001915,sediment,1,FALSE,8,34,10,0.18619409844814838,,Bdellovibrionota,NA
ASV_001916,sediment,1,FALSE,1,34,23,0.006126244247842242,,Pseudomonadota,NA
ASV_001919,sediment,1,TRUE,8,34,4,-0.04887955307598001,,Pseudomonadota,NA
ASV_001921,sediment,1,TRUE,6,34,8,-0.2531799773448141,,Pseudomonadota,Hyphomicrobium
ASV_001925,sediment,1,TRUE,5,34,9,-0.1782520379058522,,Acidobacteriota,NA
ASV_001929,sediment,1,FALSE,1,34,17,-0.0024636261842526214,,Bacteroidota,NA
ASV_001934,sediment,1,FALSE,5,34,23,0.1926247206105101,,Acidobacteriota,NA
ASV_001938,sediment,1,FALSE,8,34,12,-0.22514357264484755,,Thermodesulfobacteriota,NA
ASV_001939,sediment,1,FALSE,4,34,17,0.27917516487255556,,Gemmatimonadota,Gemmatimonas
ASV_001940,sediment,1,FALSE,2,34,20,-0.16716448052327273,,Verrucomicrobiota,Candidatus Udaeobacter
ASV_001942,sediment,1,FALSE,2,34,24,0.006858696483322389,,Actinomycetota,NA
ASV_001943,sediment,1,FALSE,5,34,14,0.0910768144223009,,Planctomycetota,NA
ASV_001944,sediment,1,FALSE,5,34,16,0.301544822394719,,Acidobacteriota,NA
ASV_001945,sediment,1,TRUE,9,34,6,-0.1851525058532055,,Pseudomonadota,NA
ASV_001948,sediment,1,FALSE,1,34,15,-0.3583700967152232,,Thermodesulfobacteriota,Pseudopelobacter
ASV_001951,sediment,1,FALSE,1,34,16,-0.134926262335233,,Planctomycetota,NA
ASV_001955,sediment,1,TRUE,6,34,6,-0.09709781613699729,,Verrucomicrobiota,Candidatus Udaeobacter
ASV_001960,sediment,1,FALSE,10,34,20,0.03394360036444816,,Planctomycetota,NA
ASV_001963,sediment,1,FALSE,3,34,26,-0.018437686350311074,,Elusimicrobiota,NA
ASV_001966,sediment,1,FALSE,3,34,22,-0.37467438520064017,,Bacteroidota,NA
ASV_001967,sediment,1,TRUE,5,34,6,0.17300859166271382,,Acidobacteriota,NA
ASV_001970,sediment,1,TRUE,9,34,7,-0.09069509459744499,,Bacteroidota,Mucilaginibacter
ASV_001972,sediment,1,TRUE,2,34,6,0.14838209454880147,,Acidobacteriota,NA
ASV_001973,sediment,1,TRUE,9,34,7,-0.2821723537301579,,Pseudomonadota,NA
ASV_001975,sediment,1,FALSE,5,34,17,0.02157862195715611,,RCP2-54,NA
ASV_001977,sediment,1,FALSE,1,34,17,-0.29704165616239486,,Pseudomonadota,NA
ASV_001979,sediment,1,FALSE,6,34,12,0.2301626968757836,,Pseudomonadota,mle1-7
ASV_001980,sediment,1,FALSE,3,34,19,-0.0024200112393111873,,Acidobacteriota,NA
ASV_001981,sediment,1,FALSE,6,34,9,-0.10593128311307495,,Acidobacteriota,Candidatus Koribacter
ASV_001982,sediment,1,FALSE,6,34,18,-0.07313617071290049,,Bacteroidota,NA
ASV_001983,sediment,1,FALSE,3,34,20,0.027680687375363458,,Pseudomonadota,Georgfuchsia
ASV_001984,sediment,1,TRUE,8,34,11,-0.2047936699541308,,Bacteroidota,NA
ASV_001985,sediment,1,FALSE,3,34,20,-0.0511614253224131,,Latescibacterota,NA
ASV_001986,sediment,1,FALSE,1,34,17,-0.10075638548092511,,Pseudomonadota,NA
ASV_001987,sediment,1,FALSE,10,34,7,-0.24726867305092173,,Bdellovibrionota,NA
ASV_001988,sediment,1,FALSE,3,34,23,0.025235433653332626,,Planctomycetota,NA
ASV_001989,sediment,1,FALSE,3,34,15,-0.2764487861766274,,Pseudomonadota,Hyphomicrobium
ASV_001990,sediment,1,FALSE,1,34,16,-0.20712412033477792,,Bacteroidota,NA
ASV_001992,sediment,1,TRUE,10,34,6,-0.26575476328812225,,Actinomycetota,Mycobacterium
ASV_001993,sediment,1,TRUE,9,34,9,-0.3243003822357093,,Planctomycetota,NA
ASV_001994,sediment,1,TRUE,7,34,13,-0.3502527211700549,,Planctomycetota,NA
ASV_001997,sediment,1,FALSE,2,34,21,-0.17318480284534005,,Planctomycetota,Fimbriiglobus
ASV_001999,sediment,1,FALSE,1,34,6,0.1761571085939546,,Pseudomonadota,NA
ASV_002003,sediment,1,FALSE,4,34,12,0.0654000839756552,,Verrucomicrobiota,Chthoniobacter
ASV_002007,sediment,1,TRUE,10,34,9,-0.22748598792846564,,Acidobacteriota,NA
ASV_002008,sediment,1,FALSE,2,34,21,-0.017434706943759752,,Actinomycetota,Acidiferrimicrobium
ASV_002009,sediment,1,FALSE,8,34,12,-0.1771364606000233,,Verrucomicrobiota,ADurb.Bin063-1
ASV_002011,sediment,1,FALSE,4,34,14,0.19573091280648025,,Bacteroidota,NA
ASV_002012,sediment,1,TRUE,5,34,11,0.07900591481372442,,Acidobacteriota,NA
ASV_002014,sediment,1,FALSE,2,34,19,0.07636745268541546,,Acidobacteriota,NA
ASV_002015,sediment,1,TRUE,7,34,8,-0.03131392536457849,,Planctomycetota,NA
ASV_002016,sediment,1,TRUE,7,34,6,-0.09533972316321775,,Acidobacteriota,NA
ASV_002017,sediment,1,FALSE,3,34,12,-0.17605855110347143,,Bacteroidota,NA
ASV_002019,sediment,1,FALSE,2,34,16,0.3086700644653732,,Pseudomonadota,NA
ASV_002020,sediment,1,FALSE,1,34,16,-0.2845527632758504,,Pseudomonadota,AAP99
ASV_002021,sediment,1,FALSE,4,34,20,-0.16150713049630025,,Chloroflexota,NA
ASV_002022,sediment,1,FALSE,6,34,9,-0.010434285946704487,,Acidobacteriota,NA
ASV_002023,sediment,1,TRUE,8,34,9,0.07074934855826423,,Bacteroidota,NA
ASV_002024,sediment,1,TRUE,6,34,9,-0.1121223821162776,,Pseudomonadota,NA
ASV_002025,sediment,1,FALSE,4,34,15,0.1371734060802729,,Actinomycetota,Acidiferrimicrobium
ASV_002026,sediment,1,FALSE,1,34,17,0.13761646147064757,,Planctomycetota,Planctomicrobium
ASV_002027,sediment,1,FALSE,3,34,12,-0.09043794309565543,,Pseudomonadota,NA
ASV_002028,sediment,1,FALSE,2,34,9,0.27672621895093424,,Chloroflexota,NA
ASV_002031,sediment,1,FALSE,3,34,16,-0.04214722826924736,,Myxococcota,NA
ASV_002034,sediment,1,FALSE,1,34,11,-0.37667974605159227,,Thermodesulfobacteriota,NA
ASV_002036,sediment,1,FALSE,2,34,24,-0.07880313254977431,,Planctomycetota,Pir4 lineage
ASV_002037,sediment,1,TRUE,10,34,4,-0.24703630927717268,,Acidobacteriota,NA
ASV_002039,sediment,1,TRUE,5,34,10,0.2297774817087278,,Chloroflexota,NA
ASV_002043,sediment,1,FALSE,1,34,24,-0.2286282137313708,,Bacteroidota,NA
ASV_002044,sediment,1,FALSE,1,34,11,-0.020821756396324786,,Chloroflexota,NA
ASV_002048,sediment,1,TRUE,6,34,11,0.010993133496654,,Actinomycetota,NA
ASV_002049,sediment,1,TRUE,11,34,6,-0.1730174240157046,,Pseudomonadota,Acidibacter
ASV_002054,sediment,1,TRUE,2,34,10,0.14908978230260853,,Verrucomicrobiota,Candidatus Xiphinematobacter
ASV_002058,sediment,1,FALSE,1,34,17,-0.22855847052672326,,Nitrospirota,Nitrospira
ASV_002062,sediment,1,FALSE,1,34,3,-0.19901626470591297,,Pseudomonadota,Tabrizicola
ASV_002064,sediment,1,FALSE,1,34,18,-0.2887561661112528,,Planctomycetota,Fimbriiglobus
ASV_002066,sediment,1,FALSE,2,34,25,-0.08240766214319226,,Actinomycetota,NA
ASV_002067,sediment,1,FALSE,2,34,14,-0.05464080858296352,,Bacteroidota,Ferruginibacter
ASV_002070,sediment,1,TRUE,7,34,8,-0.11235814301103461,,Pseudomonadota,NA
ASV_002073,sediment,1,TRUE,8,34,4,0.014203112991178492,,Bacteroidota,NA
ASV_002074,sediment,1,FALSE,5,34,13,0.10368519983272671,,Gemmatimonadota,Gemmatimonas
ASV_002075,sediment,1,TRUE,7,34,5,0.0785135574225118,,RCP2-54,NA
ASV_002076,sediment,1,FALSE,2,34,13,0.04560528403609791,,Planctomycetota,NA
ASV_002077,sediment,1,FALSE,2,34,15,0.2115860759280326,,Pseudomonadota,Hyphomicrobium
ASV_002078,sediment,1,FALSE,4,34,14,0.15935202056884004,,Acidobacteriota,NA
ASV_002079,sediment,1,FALSE,3,34,16,-0.12157146451988095,,Verrucomicrobiota,NA
ASV_002081,sediment,1,FALSE,1,34,12,-0.02406568792095101,,Bacteroidota,Terrimonas
ASV_002082,sediment,1,FALSE,1,34,17,-0.06182588843025032,,Actinomycetota,NA
ASV_002083,sediment,1,FALSE,8,34,9,-0.04672421338623332,,Pseudomonadota,NA
ASV_002085,sediment,1,TRUE,8,34,4,0.086311225100238545,,Actinomycetota,NA
ASV_002087,sediment,1,FALSE,1,34,14,-0.0843919682686796,,Entotheonellaeota,NA
ASV_002089,sediment,1,FALSE,3,34,22,-0.024179525309510563,,Thermodesulfobacteriota,NA
ASV_002090,sediment,1,FALSE,1,34,16,-0.03653532483590658,,Latescibacterota,NA
ASV_002091,sediment,1,TRUE,8,34,3,-0.05310845854133511,,Actinomycetota,Conexibacter
ASV_002092,sediment,1,FALSE,6,34,17,-0.20674414849188286,,Actinomycetota,NA
ASV_002094,sediment,1,FALSE,2,34,23,-0.20391397626845917,,Planctomycetota,NA
ASV_002096,sediment,1,FALSE,3,34,20,-0.23880639687258734,,Pseudomonadota,Hirschia
ASV_002097,sediment,1,FALSE,1,34,25,0.2268105946709785,,Pseudomonadota,Hyphomicrobium
ASV_002098,sediment,1,FALSE,8,34,14,0.0071027656016542755,,Planctomycetota,NA
ASV_002100,sediment,1,FALSE,2,34,24,0.0758615772911889,,Acidobacteriota,NA
ASV_002101,sediment,1,FALSE,1,34,15,-0.3005545440088265,,Pseudomonadota,NA
ASV_002102,sediment,1,TRUE,4,34,9,-0.19552165897387946,,Latescibacterota,NA
ASV_002107,sediment,1,TRUE,5,34,15,-0.08443476112396858,,Acidobacteriota,RB41
ASV_002108,sediment,1,FALSE,4,34,12,-0.4539866138974044,,SAR324 clade(Marine group B),Candidatus Nitrosoarchaeum
ASV_002110,sediment,1,TRUE,6,34,3,0.28976720362026703,,Acidobacteriota,JGI 0001001-H03
ASV_002112,sediment,1,FALSE,2,34,11,0.014288649573538394,,Actinomycetota,NA
ASV_002113,sediment,1,FALSE,1,34,16,-0.32824295420367855,,Bacteroidota,NA
ASV_002114,sediment,1,TRUE,7,34,9,-0.2092012539070732,,Actinomycetota,Baekduia
ASV_002116,sediment,1,TRUE,4,34,3,0.02204392323575635,,Acidobacteriota,NA
ASV_002118,sediment,1,FALSE,5,34,22,0.2677433559397825,,Acidobacteriota,NA
ASV_002119,sediment,1,FALSE,2,34,5,-0.26883439598467646,,Pseudomonadota,Pseudomonas
ASV_002122,sediment,1,FALSE,7,34,19,-0.3448597586257776,,Pseudomonadota,Phenylobacterium
ASV_002123,sediment,1,FALSE,5,34,13,-0.1078849001401442,,Myxococcota,NA
ASV_002125,sediment,1,FALSE,4,34,21,-0.405573210160431,,Acidobacteriota,NA
ASV_002126,sediment,1,FALSE,2,34,15,0.13632978119663036,,Pseudomonadota,NA
ASV_002128,sediment,1,FALSE,7,34,15,-0.273532940367395,,Bacteroidota,NA
ASV_002129,sediment,1,FALSE,4,34,17,-0.2013769417567564,,Acidobacteriota,NA
ASV_002130,sediment,1,FALSE,3,34,22,0.09607286719277702,,Planctomycetota,NA
ASV_002131,sediment,1,FALSE,1,34,22,-0.3955499080026283,,Actinomycetota,Gaiella
ASV_002135,sediment,1,FALSE,3,34,13,0.1744227159059826,,Verrucomicrobiota,Candidatus Udaeobacter
ASV_002136,sediment,1,TRUE,7,34,8,0.0947574314762436,,Verrucomicrobiota,NA
ASV_002138,sediment,1,FALSE,1,34,17,0.25673903495369166,,Pseudomonadota,Pedomicrobium
ASV_002140,sediment,1,TRUE,5,34,9,-0.07917320706434297,,Acidobacteriota,NA
ASV_002141,sediment,1,FALSE,1,34,21,0.04705161411778475,,FCPU426,NA
ASV_002143,sediment,1,TRUE,9,34,4,0.24549004589556445,,Gemmatimonadota,Gemmatimonas
ASV_002144,sediment,1,FALSE,1,34,13,-0.14115440648393712,,Myxococcota,NA
ASV_002146,sediment,1,FALSE,2,34,20,0.012591879354458551,,Planctomycetota,NA
ASV_002147,sediment,1,TRUE,4,34,6,0.2708154729697768,,Pseudomonadota,Rhodoplanes
ASV_002148,sediment,1,FALSE,1,34,9,-0.033292711836429484,,Myxococcota,NA
ASV_002150,sediment,1,FALSE,4,34,14,-0.14506357062693423,,Actinomycetota,NA
ASV_002151,sediment,1,TRUE,5,34,3,0.018634546856608813,,Pseudomonadota,NA
ASV_002155,sediment,1,FALSE,1,34,20,0.007683409977900085,,Bacteroidota,Chryseotalea
ASV_002157,sediment,1,FALSE,1,34,26,-0.006892887299138618,,Chloroflexota,NA
ASV_002160,sediment,1,TRUE,8,34,13,-0.038559118536634074,,Acidobacteriota,NA
ASV_002161,sediment,1,FALSE,7,34,13,-0.21581658654167327,,Planctomycetota,NA
ASV_002163,sediment,1,FALSE,2,34,8,0.09814543688237619,,Gemmatimonadota,NA
ASV_002164,sediment,1,FALSE,5,34,14,-0.3837540558679211,,Pseudomonadota,Afipia
ASV_002165,sediment,1,FALSE,3,34,17,0.04549164072652165,,Acidobacteriota,NA
ASV_002166,sediment,1,FALSE,1,34,14,0.08269647253056898,,Acidobacteriota,NA
ASV_002168,sediment,1,FALSE,5,34,19,0.0011403682043477747,,Acidobacteriota,Candidatus Solibacter
ASV_002169,sediment,1,TRUE,10,34,8,-0.05439489942612547,,Pseudomonadota,NA
ASV_002170,sediment,1,FALSE,2,34,11,0.1259778959806498,,Acidobacteriota,NA
ASV_002171,sediment,1,FALSE,2,34,16,-0.22850847929817722,,Pseudomonadota,NA
ASV_002173,sediment,1,FALSE,4,34,14,0.08080528500907988,,Verrucomicrobiota,DEV008
ASV_002174,sediment,1,FALSE,11,34,4,-0.2576938491685551,,Bacteroidota,NA
ASV_002175,sediment,1,FALSE,4,34,15,0.03141798884675856,,Myxococcota,NA
ASV_002176,sediment,1,FALSE,2,34,11,0.14435077691551232,,Pseudomonadota,Bauldia
ASV_002177,sediment,1,FALSE,2,34,22,-0.1183558303045163,,Planctomycetota,Pirellula
ASV_002178,sediment,1,FALSE,1,34,18,0.4613098137845298,,Latescibacterota,NA
ASV_002180,sediment,1,TRUE,8,34,7,-0.34848669017228273,,Pseudomonadota,NA
ASV_002181,sediment,1,FALSE,5,34,18,0.05776276719455995,,Planctomycetota,NA
ASV_002183,sediment,1,FALSE,1,34,13,-0.019238451527522703,,Pseudomonadota,Pseudothioclava
ASV_002184,sediment,1,FALSE,5,34,15,-0.12741109936619271,,MBNT15,NA
ASV_002188,sediment,1,FALSE,1,34,24,-0.283483295624056,,Planctomycetota,NA
ASV_002190,sediment,1,FALSE,1,34,14,-0.4299743635186376,,Acidobacteriota,NA
ASV_002191,sediment,1,FALSE,2,34,12,-0.4147124554862655,,Pseudomonadota,GOUTA6
ASV_002193,sediment,1,FALSE,3,34,17,0.28148777048273355,,Acidobacteriota,NA
ASV_002194,sediment,1,FALSE,2,34,11,-0.10715794592535315,,Pseudomonadota,Hypericibacter
ASV_002195,sediment,1,FALSE,1,34,21,-0.24518758314462685,,Pseudomonadota,NA
ASV_002196,sediment,1,TRUE,9,34,5,-0.303996008365406,,Pseudomonadota,NA
ASV_002199,sediment,1,FALSE,3,34,19,-0.2619692135789299,,Entotheonellaeota,NA
ASV_002202,sediment,1,FALSE,1,34,14,-0.22071615639778486,,Actinomycetota,NA
ASV_002203,sediment,1,TRUE,7,34,6,0.04238056611641329,,Pseudomonadota,NA
ASV_002204,sediment,1,FALSE,1,34,17,-0.3815377752426791,,Chloroflexota,NA
ASV_002205,sediment,1,FALSE,3,34,27,-0.09455023920601321,,Planctomycetota,SH-PL14
ASV_002206,sediment,1,FALSE,6,34,10,0.031168710767977593,,Myxococcota,NA
ASV_002207,sediment,1,TRUE,6,34,7,-0.12072696932932604,,Pseudomonadota,Acidibacter
ASV_002208,sediment,1,FALSE,4,34,13,0.042010700923034515,,Acidobacteriota,NA
ASV_002210,sediment,1,FALSE,1,34,11,0.06228100585803343,,Acidobacteriota,NA
ASV_002212,sediment,1,TRUE,5,34,9,-0.1712761716560838,,Myxococcota,NA
ASV_002213,sediment,1,FALSE,5,34,15,0.10231467825549612,,Pseudomonadota,NA
ASV_002214,sediment,1,FALSE,4,34,28,0.1451998263216154,,Pseudomonadota,MND1
ASV_002216,sediment,1,TRUE,6,34,9,-0.11708486561247297,,Pseudomonadota,Collimonas
ASV_002217,sediment,1,FALSE,1,34,15,-0.06971060401166418,,Pseudomonadota,GOUTA6
ASV_002224,sediment,1,FALSE,4,34,10,0.03820067600221644,,Planctomycetota,NA
ASV_002229,sediment,1,FALSE,4,34,17,0.1756584649587195,,Chloroflexota,NA
ASV_002230,sediment,1,FALSE,4,34,12,-0.1282343608582833,,Acidobacteriota,NA
ASV_002231,sediment,1,FALSE,1,34,9,-0.04231703019352915,,Pseudomonadota,Novosphingobium
ASV_002232,sediment,1,FALSE,1,34,21,0.29847050569489086,,Pseudomonadota,Leptothrix
ASV_002233,sediment,1,TRUE,6,34,10,-0.24811383935131956,,Pseudomonadota,Rhodoplanes
ASV_002235,sediment,1,TRUE,2,34,3,0.17889164982344458,,Actinomycetota,Gaiella
ASV_002236,sediment,1,TRUE,4,34,16,-0.5404501637582303,,Pseudomonadota,NA
ASV_002238,sediment,1,TRUE,10,34,3,0.30123332575923295,,Pseudomonadota,Hypericibacter
ASV_002239,sediment,1,TRUE,10,34,5,-0.22535378665258923,,Acidobacteriota,Candidatus Solibacter
ASV_002240,sediment,1,FALSE,3,34,12,0.10106762486170102,,Latescibacterota,NA
ASV_002243,sediment,1,FALSE,2,34,20,0.14072789356463258,,Pseudomonadota,Pedomicrobium
ASV_002245,sediment,1,TRUE,5,34,10,-0.20936430261008065,,Thermodesulfobacteriota,NA
ASV_002246,sediment,1,FALSE,3,34,23,0.004601722084174373,,Myxococcota,NA
ASV_002247,sediment,1,TRUE,6,34,5,0.06101048619380306,,Acidobacteriota,NA
ASV_002249,sediment,1,FALSE,7,34,15,-0.1394057981574446,,Actinomycetota,Cellulomonas
ASV_002250,sediment,1,FALSE,5,34,5,-0.08060328460563412,,Pseudomonadota,Duganella
ASV_002251,sediment,1,FALSE,2,34,14,-0.009336540682144014,,Verrucomicrobiota,ADurb.Bin063-1
ASV_002253,sediment,1,FALSE,1,34,19,0.2752007585758028,,Bacteroidota,NA
ASV_002254,sediment,1,FALSE,1,34,20,-0.3443760557678248,,Bacteroidota,Flavobacterium
ASV_002255,sediment,1,FALSE,1,34,18,-0.3471745825238196,,Acidobacteriota,RB41
ASV_002257,sediment,1,FALSE,3,34,14,-0.05518829039981838,,Pseudomonadota,NA
ASV_002258,sediment,1,FALSE,1,34,3,-0.055903640569826434,,Thermodesulfobacteriota,Syntrophus
ASV_002260,sediment,1,FALSE,1,34,22,0.2754009797002277,,Chloroflexota,NA
ASV_002261,sediment,1,TRUE,4,34,5,-0.32589399588167334,,Pseudomonadota,Acidibacter
ASV_002262,sediment,1,FALSE,5,34,8,-0.10114772671897253,,Myxococcota,NA
ASV_002264,sediment,1,FALSE,1,34,13,-0.04574385816505602,,Chloroflexota,NA
ASV_002265,sediment,1,FALSE,2,34,21,0.12819436954346117,,Planctomycetota,NA
ASV_002268,sediment,1,FALSE,5,34,15,-0.010831750375416708,,Pseudomonadota,NA
ASV_002272,sediment,1,FALSE,4,34,16,0.021871902899616692,,Verrucomicrobiota,Chthoniobacter
ASV_002273,sediment,1,FALSE,2,34,17,0.06425982553860525,,Pseudomonadota,NA
ASV_002278,sediment,1,TRUE,7,34,4,0.11523559440258976,,Verrucomicrobiota,ADurb.Bin063-1
ASV_002281,sediment,1,FALSE,1,34,19,-0.07509073900287062,,Methylomirabilota,NA
ASV_002282,sediment,1,TRUE,8,34,4,-0.2982653728147484,,Pseudomonadota,Reyranella
ASV_002284,sediment,1,FALSE,1,34,14,0.15394992923269957,,Pseudomonadota,MND1
ASV_002286,sediment,1,TRUE,8,34,16,0.2478496674318811,,Chloroflexota,NA
ASV_002287,sediment,1,FALSE,1,34,21,-0.09971942102545205,,Acidobacteriota,NA
ASV_002288,sediment,1,TRUE,10,34,4,0.05028172666703515,,Acidobacteriota,Candidatus Solibacter
ASV_002289,sediment,1,FALSE,7,34,10,-0.10285521486110889,,Pseudomonadota,Hylemonella
ASV_002290,sediment,1,FALSE,7,34,12,-0.03528632719401274,,Chloroflexota,NA
ASV_002291,sediment,1,FALSE,4,34,23,-0.011949907106953359,,Planctomycetota,NA
ASV_002292,sediment,1,FALSE,2,34,20,-0.15084914769353489,,Latescibacterota,NA
ASV_002293,sediment,1,TRUE,6,34,9,-0.11918396840851976,,Acidobacteriota,NA
ASV_002294,sediment,1,TRUE,6,34,8,-0.09892735101775435,,Pseudomonadota,Hyphomicrobium
ASV_002296,sediment,1,FALSE,6,34,15,-0.2574242040564052,,Planctomycetota,NA
ASV_002297,sediment,1,FALSE,1,34,9,-0.13243332097814361,,Myxococcota,NA
ASV_002298,sediment,1,TRUE,8,34,9,-0.37103362697422404,,Pseudomonadota,NA
ASV_002299,sediment,1,FALSE,4,34,20,-0.2615097711186565,,Acidobacteriota,Bryobacter
ASV_002300,sediment,1,TRUE,10,34,7,-0.15418766380141535,,Pseudomonadota,NA
ASV_002305,sediment,1,FALSE,1,34,26,-0.1895994053114253,,Planctomycetota,Fimbriiglobus
ASV_002306,sediment,1,TRUE,6,34,13,0.13473214812764436,,Acidobacteriota,Candidatus Solibacter
ASV_002307,sediment,1,FALSE,1,34,22,-0.41665953761378616,,Latescibacterota,NA
ASV_002308,sediment,1,FALSE,4,34,11,-0.12124527175913016,,Pseudomonadota,GOUTA6
ASV_002309,sediment,1,FALSE,1,34,14,-0.21259288331299564,,Acidobacteriota,NA
ASV_002310,sediment,1,TRUE,7,34,7,-0.0037071378293405855,,Pseudomonadota,NA
ASV_002311,sediment,1,FALSE,3,34,16,0.07698759008632362,,Actinomycetota,CL500-29 marine group
ASV_002312,sediment,1,FALSE,2,34,15,0.08577561669655331,,Planctomycetota,Fimbriiglobus
ASV_002315,sediment,1,TRUE,5,34,4,-0.1638820729751365,,Actinomycetota,NA
ASV_002316,sediment,1,FALSE,5,34,17,-0.14078997968540263,,Bacteroidota,Puia
ASV_002319,sediment,1,FALSE,3,34,17,-0.2730123844246216,,Verrucomicrobiota,NA
ASV_002320,sediment,1,FALSE,3,34,18,0.22178552472606314,,Verrucomicrobiota,Candidatus Udaeobacter
ASV_002322,sediment,1,FALSE,2,34,20,0.4192224020368719,,Planctomycetota,Pirellula
ASV_002324,sediment,1,FALSE,1,34,24,0.023666112763932712,,Verrucomicrobiota,Chthoniobacter
ASV_002327,sediment,1,TRUE,6,34,5,-0.12946127558197235,,Pseudomonadota,Ellin6067
ASV_002328,sediment,1,TRUE,8,34,5,-0.14213840468247496,,Acidobacteriota,NA
ASV_002329,sediment,1,TRUE,9,34,12,-0.23854277312279018,,Planctomycetota,NA
ASV_002332,sediment,1,FALSE,1,34,16,-0.04713138416506924,,Myxococcota,NA
ASV_002333,sediment,1,TRUE,7,34,6,-0.23807197544560954,,Pseudomonadota,NA
ASV_002334,sediment,1,FALSE,5,34,15,-0.17207490009453955,,Actinomycetota,NA
ASV_002335,sediment,1,TRUE,7,34,4,-0.08006818431218096,,Pseudomonadota,NA
ASV_002337,sediment,1,TRUE,6,34,13,0.026306540795371192,,Verrucomicrobiota,Candidatus Udaeobacter
ASV_002338,sediment,1,TRUE,7,34,9,-0.09139611688860418,,Myxococcota,NA
ASV_002339,sediment,1,TRUE,6,34,6,0.03289711553562574,,Acidobacteriota,NA
ASV_002341,sediment,1,FALSE,3,34,8,-0.1013953930389873,,Acidobacteriota,Bryobacter
ASV_002344,sediment,1,FALSE,6,34,20,0.09507261145707112,,Pseudomonadota,NA
ASV_002346,sediment,1,FALSE,2,34,19,0.11594973456413274,,Chloroflexota,NA
ASV_002347,sediment,1,FALSE,1,34,16,0.2193068635562114,,Planctomycetota,NA
ASV_002349,sediment,1,TRUE,5,34,7,0.18524043527987358,,Acidobacteriota,Bryobacter
ASV_002350,sediment,1,FALSE,2,34,6,-0.23525942831803598,,Bacteroidota,NA
ASV_002351,sediment,1,FALSE,1,34,17,0.04531843105509145,,Pseudomonadota,Hirschia
ASV_002354,sediment,1,FALSE,1,34,13,-0.5009438661297857,,Acidobacteriota,NA
ASV_002355,sediment,1,FALSE,5,34,19,0.048756128216552015,,Pseudomonadota,MND1
ASV_002356,sediment,1,FALSE,2,34,10,0.10738000965797159,,Myxococcota,NA
ASV_002357,sediment,1,FALSE,1,34,15,0.39052217161664554,,Bacteroidota,Dinghuibacter
ASV_002360,sediment,1,FALSE,3,34,22,0.23693035557077813,,Planctomycetota,Pirellula
ASV_002361,sediment,1,FALSE,3,34,18,0.3249178688065475,,Bacteroidota,Terrimonas
ASV_002362,sediment,1,FALSE,5,34,21,0.10457253316055781,,Actinomycetota,NA
ASV_002363,sediment,1,FALSE,3,34,16,-0.03834267476524235,,Pseudomonadota,Candidatus Alysiosphaera
ASV_002364,sediment,1,FALSE,2,34,17,0.09928348073160906,,Pseudomonadota,JTB255 marine benthic group
ASV_002365,sediment,1,FALSE,1,34,9,0.3442004868407181,,Bacteroidota,NA
ASV_002366,sediment,1,TRUE,8,34,7,-0.12873216263610932,,Acidobacteriota,NA
ASV_002368,sediment,1,FALSE,1,34,18,0.1257861661107336,,Myxococcota,NA
ASV_002369,sediment,1,FALSE,1,34,19,0.13227269537385905,,Pseudomonadota,Hyphomicrobium
ASV_002371,sediment,1,TRUE,10,34,8,-0.07375253474025723,,Actinomycetota,Acidothermus
ASV_002372,sediment,1,FALSE,2,34,25,-0.1332700290581643,,Pseudomonadota,Dongia
ASV_002375,sediment,1,FALSE,2,34,19,0.14289024621382437,,Acidobacteriota,Bryobacter
ASV_002377,sediment,1,FALSE,2,34,17,-0.11038862007687207,,Pseudomonadota,NA
ASV_002385,sediment,1,TRUE,5,34,6,0.24387624838127442,,Pseudomonadota,NA
ASV_002389,sediment,1,FALSE,1,34,16,0.13197048435000508,,NB1-j,NA
ASV_002392,sediment,1,FALSE,1,34,20,0.17367737954369986,,Verrucomicrobiota,Chthoniobacter
ASV_002394,sediment,1,FALSE,2,34,11,0.2015445332821658,,Bacteroidota,NA
ASV_002395,sediment,1,TRUE,5,34,11,0.04420846572578817,,Pseudomonadota,GOUTA6
ASV_002396,sediment,1,FALSE,1,34,16,-0.29466076656930024,,Pseudomonadota,AAP99
ASV_002398,sediment,1,FALSE,2,34,18,0.2252720229559899,,Acidobacteriota,NA
ASV_002403,sediment,1,FALSE,1,34,7,0.15765151029852084,,Myxococcota,NA
ASV_002404,sediment,1,FALSE,1,34,12,-0.12282804235107515,,Verrucomicrobiota,SH3-11
ASV_002405,sediment,1,FALSE,6,34,10,-0.04459913111173204,,Pseudomonadota,Pedomicrobium
ASV_002406,sediment,1,FALSE,3,34,6,0.19762242243414457,,Acidobacteriota,Subgroup 10
ASV_002407,sediment,1,FALSE,2,34,14,0.16516264966302718,,Pseudomonadota,NA
ASV_002408,sediment,1,FALSE,3,34,13,-0.22732519571286994,,Bacteroidota,Terrimonas
ASV_002412,sediment,1,FALSE,2,34,17,0.10473549000115943,,Pseudomonadota,NA
ASV_002413,sediment,1,FALSE,2,34,9,0.1669423842246733,,Actinomycetota,Gaiella
ASV_002415,sediment,1,FALSE,3,34,18,0.08998666502327886,,Planctomycetota,Fimbriiglobus
ASV_002416,sediment,1,FALSE,3,34,19,-0.11784586564745735,,Planctomycetota,NA
ASV_002417,sediment,1,FALSE,1,34,15,0.21629286878556475,,Pseudomonadota,NA
ASV_002419,sediment,1,FALSE,3,34,15,-0.24767922967063963,,Pseudomonadota,MND1
ASV_002422,sediment,1,FALSE,6,34,11,-0.1511631299211897,,Planctomycetota,NA
ASV_002423,sediment,1,FALSE,1,34,19,0.04167562593587145,,Myxococcota,NA
ASV_002424,sediment,1,FALSE,2,34,14,-0.04310761705525619,,Chloroflexota,NA
ASV_002425,sediment,1,FALSE,2,34,3,-0.20684347010835782,,Actinomycetota,Oryzobacter
ASV_002426,sediment,1,FALSE,1,34,18,-0.20747279135055308,,Pseudomonadota,NA
ASV_002427,sediment,1,FALSE,3,34,13,-0.29734131014234866,,Myxococcota,NA
ASV_002429,sediment,1,FALSE,5,34,18,-0.018079841301780787,,Pseudomonadota,GOUTA6
ASV_002431,sediment,1,TRUE,7,34,7,-0.12406738148702114,,Verrucomicrobiota,ADurb.Bin063-1
ASV_002433,sediment,1,TRUE,9,34,10,-0.1366481892815603,,Myxococcota,NA
ASV_002436,sediment,1,FALSE,3,34,17,-0.1674954654163971,,Planctomycetota,Pirellula
ASV_002437,sediment,1,FALSE,1,34,12,-0.13751707660283086,,Pseudomonadota,NA
ASV_002443,sediment,1,TRUE,6,34,5,-0.045716754954880284,,Pseudomonadota,Tardiphaga
ASV_002445,sediment,1,FALSE,4,34,14,-0.17739345934320544,,Pseudomonadota,Dongia
ASV_002446,sediment,1,FALSE,3,34,13,0.1913824452354189,,Actinomycetota,NA
ASV_002449,sediment,1,TRUE,3,34,4,0.02185094306335153,,Latescibacterota,NA
ASV_002451,sediment,1,FALSE,4,34,20,0.13978579992228038,,Pseudomonadota,Pseudorhodoplanes
ASV_002452,sediment,1,FALSE,2,34,24,0.16517343540497895,,Pseudomonadota,SWB02
ASV_002454,sediment,1,FALSE,2,34,20,0.16218239242356816,,Acidobacteriota,NA
ASV_002456,sediment,1,FALSE,2,34,7,0.08178278567470473,,MBNT15,NA
ASV_002458,sediment,1,TRUE,8,34,8,0.2124300587996834,,Pseudomonadota,NA
ASV_002462,sediment,1,FALSE,4,34,27,-0.09565593633461353,,Spirochaetota,Turneriella
ASV_002463,sediment,1,TRUE,2,34,8,0.1510246345317906,,NA,NA
ASV_002464,sediment,1,FALSE,5,34,15,-0.12734278289654916,,Planctomycetota,Zavarzinella
ASV_002465,sediment,1,FALSE,1,34,18,0.03316587044463179,,NB1-j,NA
ASV_002466,sediment,1,FALSE,2,34,22,-0.05404097988010074,,Pseudomonadota,NA
ASV_002467,sediment,1,FALSE,1,34,23,0.12300404517500524,,Chloroflexota,NA
ASV_002469,sediment,1,TRUE,6,34,7,0.29061140246699174,,Pseudomonadota,Nordella
ASV_002471,sediment,1,FALSE,4,34,11,-0.18528883586872405,,Actinomycetota,NA
ASV_002474,sediment,1,FALSE,1,34,18,-0.2286458613411282,,Chloroflexota,NA
ASV_002475,sediment,1,TRUE,4,34,7,0.20192536694391341,,Verrucomicrobiota,Candidatus Udaeobacter
ASV_002480,sediment,1,FALSE,1,34,18,-0.013438198752192277,,Pseudomonadota,IS-44
ASV_002481,sediment,1,TRUE,7,34,8,-0.03303552071877717,,Chloroflexota,NA
ASV_002482,sediment,1,FALSE,1,34,20,0.13983057505124435,,Planctomycetota,Pirellula
ASV_002486,sediment,1,FALSE,2,34,16,0.051839192797378114,,Verrucomicrobiota,Candidatus Udaeobacter
ASV_002487,sediment,1,TRUE,6,34,10,-0.16448881020625847,,Pseudomonadota,NA
ASV_002490,sediment,1,FALSE,2,34,25,-0.3232736119158977,,Planctomycetota,NA
ASV_002491,sediment,1,TRUE,6,34,8,-0.23692322574500507,,Pseudomonadota,Reyranella
ASV_002493,sediment,1,FALSE,2,34,13,0.5095125138639686,,Planctomycetota,NA
ASV_002494,sediment,1,FALSE,2,34,7,0.34639105009575927,,Pseudomonadota,NA
ASV_002498,sediment,1,TRUE,5,34,3,0.09068812803549621,,Acidobacteriota,NA
ASV_002499,sediment,1,FALSE,2,34,7,-0.06472036583445358,,Verrucomicrobiota,Candidatus Xiphinematobacter
ASV_002502,sediment,1,FALSE,3,34,8,0.011316559808240442,,Actinomycetota,NA
ASV_002503,sediment,1,FALSE,1,34,20,-0.047761226079256695,,Pseudomonadota,Phenylobacterium
ASV_002505,sediment,1,FALSE,2,34,9,0.29554434191956414,,Chloroflexota,NA
ASV_002506,sediment,1,FALSE,4,34,6,0.16557792501051588,,Verrucomicrobiota,Candidatus Udaeobacter
ASV_002507,sediment,1,FALSE,3,34,19,-0.20869994918465357,,Pseudomonadota,Hirschia
ASV_002508,sediment,1,FALSE,3,34,20,0.036685386478974145,,Myxococcota,NA
ASV_002509,sediment,1,FALSE,2,34,18,0.24465981360956135,,Planctomycetota,NA
ASV_002510,sediment,1,FALSE,2,34,15,0.09630608016074482,,Acidobacteriota,NA
ASV_002512,sediment,1,FALSE,1,34,19,0.22247675029623884,,Actinomycetota,Baekduia
ASV_002513,sediment,1,FALSE,3,34,14,-0.18026335533772384,,Planctomycetota,NA
ASV_002515,sediment,1,TRUE,6,34,3,-0.32879598178402786,,Verrucomicrobiota,Candidatus Udaeobacter
ASV_002516,sediment,1,TRUE,2,34,14,0.013774091208360264,,Acidobacteriota,NA
ASV_002517,sediment,1,FALSE,1,34,16,-0.004154742356349417,,Planctomycetota,Roseimaritima
ASV_002518,sediment,1,TRUE,6,34,4,-0.17489296232012225,,Actinomycetota,Mycobacterium
ASV_002519,sediment,1,FALSE,1,34,15,0.02414567404115853,,Chloroflexota,NA
ASV_002523,sediment,1,TRUE,9,34,5,-0.03399792093555969,,Planctomycetota,Tundrisphaera
ASV_002524,sediment,1,FALSE,2,34,16,0.15769048652140333,,Pseudomonadota,NA
ASV_002525,sediment,1,FALSE,3,34,13,0.3029243289628504,,Planctomycetota,Fimbriiglobus
ASV_002528,sediment,1,FALSE,2,34,16,0.06595346857880244,,Latescibacterota,NA
ASV_002537,sediment,1,TRUE,6,34,4,-0.13663512681259551,,Pseudomonadota,Dongia
ASV_002539,sediment,1,FALSE,4,34,17,0.34289839040084247,,Acidobacteriota,NA
ASV_002541,sediment,1,TRUE,5,34,9,-0.06696979808951652,,Acidobacteriota,NA
ASV_002542,sediment,1,FALSE,2,34,17,0.08245362085466466,,Pseudomonadota,NA
ASV_002545,sediment,1,FALSE,2,34,19,-0.14606893024691509,,Verrucomicrobiota,Candidatus Udaeobacter
ASV_002546,sediment,1,FALSE,1,34,13,-0.18008779200289354,,Pseudomonadota,Nordella
ASV_002550,sediment,1,TRUE,4,34,5,-0.06459976243624388,,Chloroflexota,NA
ASV_002551,sediment,1,TRUE,4,34,7,0.08371908419664947,,Verrucomicrobiota,Chthoniobacter
ASV_002552,sediment,1,FALSE,2,34,27,-0.19165687392955644,,Bacteroidota,Dinghuibacter
ASV_002553,sediment,1,FALSE,1,34,15,0.051644278736293035,,Pseudomonadota,NA
ASV_002554,sediment,1,FALSE,2,34,15,0.2616595887085564,,Actinomycetota,Acidiferrimicrobium
ASV_002555,sediment,1,TRUE,8,34,4,0.03989745702927788,,Pseudomonadota,Acidibacter
ASV_002558,sediment,1,FALSE,7,34,12,-0.2624638316528135,,Bacteroidota,NA
ASV_002559,sediment,1,FALSE,2,34,11,0.25890169966522086,,Acidobacteriota,Candidatus Solibacter
ASV_002560,sediment,1,TRUE,5,34,16,-0.10433695620721095,,Acidobacteriota,Candidatus Solibacter
ASV_002565,sediment,1,FALSE,1,34,13,-0.18017793957424136,,Pseudomonadota,NA
ASV_002567,sediment,1,FALSE,1,34,10,-0.19355697691878226,,Gemmatimonadota,NA
ASV_002569,sediment,1,FALSE,1,34,10,0.005515453375889992,,Pseudomonadota,NA
ASV_002570,sediment,1,FALSE,4,34,14,-0.058866456613117915,,Myxococcota,Pajaroellobacter
ASV_002573,sediment,1,FALSE,1,34,19,-0.19219860051825843,,Pseudomonadota,NA
ASV_002577,sediment,1,FALSE,1,34,15,-0.3122320971607505,,Bacteroidota,Terrimonas
ASV_002578,sediment,1,FALSE,2,34,12,0.028340086842395293,,Pseudomonadota,MND1
ASV_002579,sediment,1,FALSE,2,34,9,0.1874882992839995,,Methylomirabilota,NA
ASV_002580,sediment,1,FALSE,1,34,10,0.14628903176929411,,Planctomycetota,NA
ASV_002582,sediment,1,FALSE,3,34,14,-0.44348285015195676,,Actinomycetota,NA
ASV_002583,sediment,1,FALSE,2,34,16,0.15272976594847568,,Pseudomonadota,Amaricoccus
ASV_002585,sediment,1,FALSE,1,34,13,-0.24274039677625514,,Pseudomonadota,NA
ASV_002588,sediment,1,FALSE,3,34,7,-0.14117265746865232,,Acidobacteriota,NA
ASV_002589,sediment,1,TRUE,6,34,13,-0.38399134092502957,,Gemmatimonadota,NA
ASV_002592,sediment,1,FALSE,4,34,15,-0.18627237430826724,,Planctomycetota,NA
ASV_002593,sediment,1,TRUE,3,34,11,0.08567925531584414,,Acidobacteriota,NA
ASV_002596,sediment,1,FALSE,3,34,10,0.36101192758119355,,Acidobacteriota,NA
ASV_002597,sediment,1,TRUE,8,34,10,-0.36337529697476373,,Acidobacteriota,Bryobacter
ASV_002598,sediment,1,FALSE,4,34,12,-0.2776114749874231,,Acidobacteriota,NA
ASV_002599,sediment,1,FALSE,1,34,17,0.29646735942732655,,Bacteroidota,Terrimonas
ASV_002602,sediment,1,TRUE,5,34,13,-0.0797934628054728,,Planctomycetota,Zavarzinella
ASV_002603,sediment,1,FALSE,8,34,10,-0.10126240770523867,,Myxococcota,Aetherobacter
ASV_002606,sediment,1,TRUE,7,34,5,-0.0027330668723026257,,Pseudomonadota,Acidibacter
ASV_002610,sediment,1,TRUE,5,34,3,-0.035405639027556744,,Actinomycetota,NA
ASV_002611,sediment,1,FALSE,2,34,11,0.14004013151510478,,Planctomycetota,Gemmata
ASV_002613,sediment,1,TRUE,5,34,6,-0.05061094697788577,,Pseudomonadota,GOUTA6
ASV_002614,sediment,1,FALSE,2,34,21,-0.0804646878651093,,Latescibacterota,NA
ASV_002615,sediment,1,FALSE,1,34,15,0.2187751588204757,,Verrucomicrobiota,NA
ASV_002617,sediment,1,FALSE,5,34,18,-0.17824816225269416,,Planctomycetota,NA
ASV_002619,sediment,1,FALSE,2,34,14,0.13356664094818163,,Pseudomonadota,NA
ASV_002620,sediment,1,TRUE,6,34,6,-0.13075887911126488,,Myxococcota,NA
ASV_002621,sediment,1,FALSE,2,34,13,-0.0921332194854499,,Pseudomonadota,Hyphomicrobium
ASV_002625,sediment,1,TRUE,6,34,7,-0.15007310535727647,,Pseudomonadota,Hypericibacter
ASV_002630,sediment,1,TRUE,7,34,3,-0.09689964365436583,,Actinomycetota,NA
ASV_002635,sediment,1,FALSE,3,34,20,-0.11943134520934437,,Acidobacteriota,Subgroup 10
ASV_002639,sediment,1,FALSE,1,34,12,0.15528668299485052,,Latescibacterota,NA
ASV_002640,sediment,1,FALSE,3,34,16,0.38959378741308043,,Acidobacteriota,RB41
ASV_002642,sediment,1,TRUE,8,34,8,-0.3348310342139378,,Thermodesulfobacteriota,NA
ASV_002644,sediment,1,FALSE,2,34,10,-0.10689886478198077,,Chloroflexota,JG30a-KF-32
ASV_002647,sediment,1,TRUE,9,34,5,-0.08025278179579527,,Planctomycetota,NA
ASV_002654,sediment,1,FALSE,8,34,11,-0.28105382810783935,,Myxococcota,NA
ASV_002655,sediment,1,FALSE,3,34,20,0.06758782316584319,,Acidobacteriota,NA
ASV_002661,sediment,1,FALSE,1,34,10,0.30011943224224824,,Acidobacteriota,NA
ASV_002664,sediment,1,FALSE,1,34,15,-0.02931720583050636,,Verrucomicrobiota,Chthoniobacter
ASV_002665,sediment,1,FALSE,6,34,10,0.14969571405080243,,Acidobacteriota,NA
ASV_002669,sediment,1,TRUE,8,34,10,-0.20919825220480584,,Myxococcota,Minicystis
ASV_002670,sediment,1,FALSE,2,34,16,-0.07595030706232557,,Verrucomicrobiota,Candidatus Udaeobacter
ASV_002671,sediment,1,FALSE,1,34,15,-0.06799407478884628,,NB1-j,NA
ASV_002672,sediment,1,FALSE,4,34,8,-0.18729152870586385,,Pseudomonadota,GOUTA6
ASV_002673,sediment,1,FALSE,5,34,13,0.07494319624520032,,Pseudomonadota,Acidibacter
ASV_002674,sediment,1,TRUE,7,34,5,0.0027303103745036487,,Pseudomonadota,Hyphomicrobium
ASV_002676,sediment,1,TRUE,4,34,7,-0.22314424653844367,,Pseudomonadota,Methylocapsa
ASV_002678,sediment,1,FALSE,4,34,18,-0.21682534691949118,,Latescibacterota,NA
ASV_002679,sediment,1,FALSE,3,34,8,-0.08281632210027563,,Myxococcota,NA
ASV_002682,sediment,1,FALSE,2,34,12,0.02858521564840473,,Verrucomicrobiota,NA
ASV_002684,sediment,1,TRUE,8,34,6,0.13559327428967433,,Acidobacteriota,NA
ASV_002686,sediment,1,TRUE,7,34,4,-0.05215639462297309,,Acidobacteriota,NA
ASV_002689,sediment,1,FALSE,7,34,14,0.25013928337949515,,Myxococcota,NA
ASV_002691,sediment,1,TRUE,6,34,3,-0.2571567466212016,,Pseudomonadota,Bauldia
ASV_002692,sediment,1,FALSE,1,34,10,-0.21797494985739593,,Verrucomicrobiota,NA
ASV_002694,sediment,1,TRUE,8,34,4,-0.20539886479550437,,Bacteroidota,Nemorincola
ASV_002695,sediment,1,FALSE,1,34,3,0.09503618896870496,,Acidobacteriota,NA
ASV_002699,sediment,1,FALSE,6,34,11,-0.17562861453456116,,Myxococcota,NA
ASV_002702,sediment,1,TRUE,3,34,10,-0.2291504615718599,,Pseudomonadota,NA
ASV_002703,sediment,1,FALSE,2,34,13,-0.2293933816580547,,Pseudomonadota,NA
ASV_002708,sediment,1,FALSE,1,34,17,-0.42563539147190727,,Latescibacterota,NA
ASV_002711,sediment,1,FALSE,1,34,19,-0.0699297008644059,,Planctomycetota,NA
ASV_002712,sediment,1,FALSE,3,34,20,0.015146064242521094,,Planctomycetota,NA
ASV_002714,sediment,1,FALSE,1,34,12,-0.3460649385296958,,Verrucomicrobiota,Oleiharenicola
ASV_002718,sediment,1,TRUE,13,34,10,-0.45973848382766946,,Armatimonadota,Chthonomonas
ASV_002719,sediment,1,TRUE,5,34,3,0.11098069896392794,,Acidobacteriota,Bryobacter
ASV_002720,sediment,1,FALSE,3,34,9,-0.18445650819665987,,Pseudomonadota,GOUTA6
ASV_002721,sediment,1,TRUE,4,34,11,-0.048509790106750945,,Acidobacteriota,RB41
ASV_002726,sediment,1,FALSE,1,34,21,-0.18165338743219658,,Latescibacterota,NA
ASV_002728,sediment,1,TRUE,8,34,8,-0.18649121890371087,,Verrucomicrobiota,Opitutus
ASV_002731,sediment,1,FALSE,3,34,25,-0.3197990034259928,,Planctomycetota,NA
ASV_002732,sediment,1,FALSE,2,34,10,-0.015904660716793483,,Bacteroidota,NA
ASV_002736,sediment,1,TRUE,7,34,6,0.043524656226686366,,Actinomycetota,Mycobacterium
ASV_002737,sediment,1,FALSE,2,34,9,-0.1774954636959939,,Pseudomonadota,BD1-7 clade
ASV_002739,sediment,1,TRUE,9,34,12,-0.20819802310684835,,Acidobacteriota,Candidatus Solibacter
ASV_002741,sediment,1,TRUE,7,34,5,-0.20560037827098673,,Myxococcota,NA
ASV_002742,sediment,1,TRUE,1,34,5,0.17041724959312443,,Actinomycetota,NA
ASV_002743,sediment,1,FALSE,1,34,16,-0.0011614398501055118,,Planctomycetota,NA
ASV_002745,sediment,1,TRUE,5,34,5,-0.23292838044824432,,Acidobacteriota,NA
ASV_002747,sediment,1,TRUE,7,34,5,-0.11038671916876329,,Bacteroidota,NA
ASV_002748,sediment,1,TRUE,6,34,3,0.14268947009647875,,Actinomycetota,NA
ASV_002757,sediment,1,FALSE,1,34,13,-0.33471981873527545,,Acidobacteriota,RB41
ASV_002759,sediment,1,FALSE,4,34,13,7.01690407415572e-4,,Pseudomonadota,NA
ASV_002761,sediment,1,FALSE,1,34,13,-0.08999179475104711,,Pseudomonadota,Arenimonas
ASV_002762,sediment,1,TRUE,7,34,4,-0.31808657521972233,,Actinomycetota,NA
ASV_002763,sediment,1,TRUE,5,34,5,-0.04739856130432045,,Actinomycetota,Pseudonocardia
ASV_002764,sediment,1,FALSE,3,34,10,-0.03766169171799095,,Actinomycetota,NA
ASV_002765,sediment,1,FALSE,1,34,13,-0.23363124562240095,,Pseudomonadota,NA
ASV_002766,sediment,1,FALSE,3,34,13,0.14690500981007448,,Acidobacteriota,NA
ASV_002767,sediment,1,TRUE,5,34,6,-0.08660376554223585,,Acidobacteriota,Subgroup 10
ASV_002768,sediment,1,TRUE,5,34,10,-0.09854911251357873,,Bacteroidota,Flavobacterium
ASV_002769,sediment,1,FALSE,3,34,21,0.18909435297969945,,Verrucomicrobiota,Oleiharenicola
ASV_002771,sediment,1,FALSE,8,34,10,-0.2612930964069324,,Chloroflexota,NA
ASV_002772,sediment,1,FALSE,1,34,13,0.028427051030978784,,Acidobacteriota,NA
ASV_002773,sediment,1,FALSE,1,34,14,-0.10226614867221467,,Bacteroidota,NA
ASV_002775,sediment,1,FALSE,5,34,11,-0.07526341794267898,,Chloroflexota,NA
ASV_002777,sediment,1,FALSE,2,34,12,0.3347736570357041,,Acidobacteriota,NA
ASV_002783,sediment,1,FALSE,2,34,9,-0.01497377220529399,,Chloroflexota,NA
ASV_002785,sediment,1,TRUE,4,34,15,0.1356702066500709,,Acidobacteriota,NA
ASV_002786,sediment,1,TRUE,10,34,9,-0.3318290982499862,,Actinomycetota,NA
ASV_002791,sediment,1,FALSE,5,34,4,0.037219368415938835,,Verrucomicrobiota,ADurb.Bin063-1
ASV_002793,sediment,1,FALSE,4,34,11,0.008491222171500725,,Pseudomonadota,Steroidobacter
ASV_002794,sediment,1,FALSE,6,34,7,-0.051323702697943036,,Verrucomicrobiota,NA
ASV_002795,sediment,1,FALSE,4,34,4,-0.08374357893586239,,Pseudomonadota,Dongia
ASV_002797,sediment,1,FALSE,2,34,20,-0.12536726129351453,,Pseudomonadota,UKL13-1
ASV_002801,sediment,1,FALSE,2,34,15,-0.26246271944846583,,Gemmatimonadota,NA
ASV_002802,sediment,1,FALSE,5,34,16,0.2149674583412483,,Pseudomonadota,Rhodomicrobium
ASV_002803,sediment,1,FALSE,1,34,18,-0.01990266494223385,,NB1-j,NA
ASV_002804,sediment,1,TRUE,7,34,9,0.36640601212947776,,Planctomycetota,Aquisphaera
ASV_002805,sediment,1,TRUE,6,34,5,-0.029626726898333938,,Acidobacteriota,Occallatibacter
ASV_002808,sediment,1,FALSE,1,34,17,-0.33185414119611056,,Bacteroidota,Ohtaekwangia
ASV_002809,sediment,1,FALSE,2,34,16,0.24726937552925432,,Methylomirabilota,NA
ASV_002811,sediment,1,FALSE,4,34,13,0.20682324758573983,,Acidobacteriota,NA
ASV_002812,sediment,1,FALSE,6,34,4,-0.08935937293543746,,Planctomycetota,NA
ASV_002813,sediment,1,FALSE,1,34,20,0.4369924451063704,,NB1-j,NA
ASV_002814,sediment,1,FALSE,2,34,18,0.22033975726659014,,Latescibacterota,NA
ASV_002816,sediment,1,FALSE,2,34,13,0.2966396197349331,,Planctomycetota,NA
ASV_002822,sediment,1,TRUE,4,34,10,-0.17759192768250806,,Actinomycetota,Gaiella
ASV_002823,sediment,1,TRUE,6,34,15,-0.10688942862486576,,Acidobacteriota,NA
ASV_002824,sediment,1,FALSE,2,34,14,0.033385980897135334,,Planctomycetota,NA
ASV_002825,sediment,1,FALSE,5,34,16,-0.010774335197128166,,Pseudomonadota,Pseudomonas
ASV_002827,sediment,1,FALSE,1,34,11,-0.16443756600358622,,Bacteroidota,NA
ASV_002828,sediment,1,FALSE,1,34,13,0.21502952609573855,,Actinomycetota,NA
ASV_002830,sediment,1,FALSE,1,34,12,-0.2575242815278268,,Thermodesulfobacteriota,NA
ASV_002833,sediment,1,TRUE,7,34,5,-0.07469616205549975,,Pseudomonadota,Hirschia
ASV_002836,sediment,1,TRUE,7,34,11,-0.1683281277194459,,Gemmatimonadota,NA
ASV_002839,sediment,1,FALSE,2,34,8,-0.09084768197663722,,Pseudomonadota,MND1
ASV_002840,sediment,1,FALSE,1,34,14,0.15975447052982564,,Myxococcota,NA
ASV_002849,sediment,1,FALSE,1,34,12,-0.23956549659302673,,Planctomycetota,NA
ASV_002852,sediment,1,FALSE,2,34,18,0.0732802503283362,,Planctomycetota,NA
ASV_002854,sediment,1,TRUE,5,34,9,0.22455223226548418,,Pseudomonadota,NA
ASV_002855,sediment,1,FALSE,2,34,17,0.0811211013704682,,Myxococcota,NA
ASV_002856,sediment,1,FALSE,1,34,5,-0.3380377751307056,,Verrucomicrobiota,Oleiharenicola
ASV_002858,sediment,1,TRUE,3,34,5,0.0094415037406818,,Pseudomonadota,NA
ASV_002860,sediment,1,TRUE,5,34,10,-0.07621048645202194,,Actinomycetota,Acidothermus
ASV_002861,sediment,1,FALSE,1,34,11,0.188664689304721,,Actinomycetota,Gaiella
ASV_002862,sediment,1,FALSE,3,34,13,-0.1659497813537828,,Pseudomonadota,AAP99
ASV_002864,sediment,1,FALSE,3,34,17,-0.07592483331822496,,Verrucomicrobiota,NA
ASV_002872,sediment,1,TRUE,6,34,8,0,,Acidobacteriota,Bryobacter
ASV_002878,sediment,1,FALSE,5,34,5,-0.20832848944225435,,Pseudomonadota,NA
ASV_002879,sediment,1,TRUE,9,34,3,0.09904241566487712,,Acidobacteriota,Candidatus Solibacter
ASV_002882,sediment,1,FALSE,4,34,18,0.007052441011388287,,MBNT15,NA
ASV_002883,sediment,1,TRUE,7,34,7,-0.18825949503288017,,Actinomycetota,Conexibacter
ASV_002884,sediment,1,FALSE,1,34,14,-0.4146875017945008,,Planctomycetota,NA
ASV_002885,sediment,1,FALSE,1,34,19,-0.22311257899812093,,Bacteroidota,Terrimonas
ASV_002886,sediment,1,FALSE,2,34,16,-0.06184916032858406,,MBNT15,NA
ASV_002888,sediment,1,TRUE,8,34,6,0.009902435014537109,,Planctomycetota,NA
ASV_002890,sediment,1,TRUE,9,34,6,-0.15247790635361738,,Actinomycetota,Mycobacterium
ASV_002892,sediment,1,TRUE,9,34,8,-0.32481741983111906,,Acidobacteriota,Bryobacter
ASV_002894,sediment,1,FALSE,5,34,11,0.02894220902149608,,Myxococcota,NA
ASV_002897,sediment,1,FALSE,6,34,15,-0.03990020270402092,,Actinomycetota,Luedemannella
ASV_002898,sediment,1,TRUE,4,34,4,0.10155730881555636,,Verrucomicrobiota,Candidatus Udaeobacter
ASV_002899,sediment,1,FALSE,2,34,12,-0.15352105101129052,,Pseudomonadota,NA
ASV_002902,sediment,1,FALSE,3,34,6,-0.26782632376527116,,Elusimicrobiota,NA
ASV_002905,sediment,1,FALSE,2,34,15,0.06506832169230811,,Verrucomicrobiota,NA
ASV_002906,sediment,1,FALSE,8,34,13,-0.37333689550599397,,Chloroflexota,NA
ASV_002907,sediment,1,FALSE,3,34,3,-0.2800941450041991,,Chloroflexota,NA
ASV_002908,sediment,1,FALSE,4,34,16,-0.09669693852765969,,Verrucomicrobiota,NA
ASV_002909,sediment,1,FALSE,2,34,14,0.3092283476276879,,Methylomirabilota,NA
ASV_002910,sediment,1,FALSE,5,34,14,-0.18939237980933643,,Actinomycetota,Acidiferrimicrobium
ASV_002911,sediment,1,FALSE,9,34,3,-0.08571891554040054,,Actinomycetota,Mycobacterium
ASV_002913,sediment,1,FALSE,8,34,17,-0.1114633469700595,,Thermodesulfobacteriota,NA
ASV_002914,sediment,1,TRUE,6,34,9,-0.048832537539737396,,Actinomycetota,Angustibacter
ASV_002916,sediment,1,FALSE,2,34,15,0.1794398099153986,,Entotheonellaeota,NA
ASV_002917,sediment,1,TRUE,5,34,3,-0.23293183570761014,,Gemmatimonadota,Gemmatimonas
ASV_002919,sediment,1,FALSE,2,34,13,0.3363129768399189,,Acidobacteriota,NA
ASV_002920,sediment,1,TRUE,5,34,10,0.011219766780425897,,Actinomycetota,Blastococcus
ASV_002922,sediment,1,FALSE,6,34,19,-0.12225004478720891,,Planctomycetota,NA
ASV_002926,sediment,1,FALSE,5,34,11,0.38667667739813455,,Pseudomonadota,Arenimonas
ASV_002927,sediment,1,FALSE,1,34,16,0.5379190953378216,,Acidobacteriota,NA
ASV_002928,sediment,1,TRUE,2,34,5,-0.09355632257449638,,Chloroflexota,NA
ASV_002930,sediment,1,FALSE,2,34,15,0.024793334121943057,,NB1-j,NA
ASV_002931,sediment,1,FALSE,5,34,10,-0.1464621344588537,,Pseudomonadota,NA
ASV_002932,sediment,1,FALSE,2,34,13,-0.25570991978090707,,Planctomycetota,NA
ASV_002933,sediment,1,FALSE,2,34,9,0.09835212482657849,,Acidobacteriota,Geothrix
ASV_002934,sediment,1,FALSE,4,34,6,0.017023682165288847,,Pseudomonadota,NA
ASV_002940,sediment,1,FALSE,2,34,13,-0.008442418928498077,,Gemmatimonadota,NA
ASV_002942,sediment,1,FALSE,1,34,19,-0.12529925191933722,,Verrucomicrobiota,Verrucomicrobium
ASV_002943,sediment,1,FALSE,1,34,17,-0.15420857365803362,,Pseudomonadota,NA
ASV_002947,sediment,1,FALSE,2,34,19,-0.1982195840863954,,Acidobacteriota,NA
ASV_002948,sediment,1,FALSE,3,34,16,-0.09645885433066143,,Pseudomonadota,MND1
ASV_002952,sediment,1,FALSE,2,34,8,0.0028801798605045947,,Bacteroidota,NA
ASV_002953,sediment,1,TRUE,3,34,6,0.16325053074876883,,Pseudomonadota,NA
ASV_002955,sediment,1,FALSE,1,34,12,-0.12033625099837005,,Pseudomonadota,NA
ASV_002957,sediment,1,FALSE,2,34,9,-0.2558704151236646,,Verrucomicrobiota,NA
ASV_002960,sediment,1,FALSE,1,34,17,-0.09926586947103032,,Bacteroidota,Ferruginibacter
ASV_002962,sediment,1,FALSE,4,34,14,-0.03568005842410709,,Armatimonadota,NA
ASV_002964,sediment,1,FALSE,1,34,8,-0.28579457406629044,,Gemmatimonadota,NA
ASV_002967,sediment,1,FALSE,2,34,15,0.02730294014213074,,Acidobacteriota,NA
ASV_002968,sediment,1,FALSE,3,34,11,0.20699722791625,,Pseudomonadota,SWB02
ASV_002969,sediment,1,FALSE,4,34,18,-0.13749279960111024,,NB1-j,NA
ASV_002971,sediment,1,FALSE,1,34,15,-0.23830510617126077,,Latescibacterota,NA
ASV_002973,sediment,1,FALSE,10,34,5,-0.12978768357151618,,Myxococcota,Pajaroellobacter
ASV_002974,sediment,1,FALSE,3,34,12,0.24324824305520443,,Bacteroidota,NA
ASV_002975,sediment,1,TRUE,10,34,5,-0.11641050596747375,,Pseudomonadota,Rhizorhabdus
ASV_002979,sediment,1,FALSE,5,34,12,0.023007555969882805,,Actinomycetota,Dactylosporangium
ASV_002980,sediment,1,FALSE,1,34,14,-0.15651502804446485,,Pseudomonadota,NA
ASV_002984,sediment,1,FALSE,1,34,7,0.05988492132528855,,Acidobacteriota,NA
ASV_002986,sediment,1,FALSE,1,34,11,0.09250019213234552,,Pseudomonadota,Novosphingobium
ASV_002990,sediment,1,FALSE,1,34,10,0.2873263481133173,,Acidobacteriota,NA
ASV_002993,sediment,1,FALSE,2,34,16,-0.24851439865692448,,Chloroflexota,NA
ASV_002994,sediment,1,TRUE,7,34,6,-0.004836072914076263,,Pseudomonadota,NA
ASV_002998,sediment,1,FALSE,5,34,13,0.2241751930009133,,Gemmatimonadota,NA
ASV_003001,sediment,1,FALSE,3,34,13,0.1426732245737762,,Planctomycetota,NA
ASV_003002,sediment,1,FALSE,1,34,14,0.1019817985711349,,Verrucomicrobiota,NA
ASV_003004,sediment,1,TRUE,7,34,8,-0.39488672339727304,,Planctomycetota,NA
ASV_003006,sediment,1,TRUE,8,34,11,-0.2517831965636302,,Verrucomicrobiota,Opitutus
ASV_003007,sediment,1,FALSE,3,34,17,-0.15205089273589956,,Planctomycetota,NA
ASV_003008,sediment,1,TRUE,2,34,4,0.2326210525996177,,Pseudomonadota,SWB02
ASV_003013,sediment,1,FALSE,2,34,13,-0.019284894558307175,,Actinomycetota,NA
ASV_003014,sediment,1,TRUE,6,34,6,0.11882922017444532,,Acidobacteriota,NA
ASV_003017,sediment,1,TRUE,7,34,3,0.06870233745386015,,Pseudomonadota,NA
ASV_003020,sediment,1,FALSE,1,34,10,0.019941439163075055,,Pseudomonadota,NA
ASV_003021,sediment,1,TRUE,7,34,5,0.15503942984698532,,Actinomycetota,Amycolatopsis
ASV_003023,sediment,1,TRUE,9,34,3,-0.11367073582531377,,RCP2-54,NA
ASV_003024,sediment,1,FALSE,4,34,14,-0.14439880322231238,,Verrucomicrobiota,Candidatus Udaeobacter
ASV_003027,sediment,1,FALSE,1,34,14,0.40233574383979853,,Elusimicrobiota,NA
ASV_003028,sediment,1,FALSE,2,34,22,-0.048783165012409854,,Pseudomonadota,NA
ASV_003031,sediment,1,FALSE,1,34,12,0.44720936916459697,,Acidobacteriota,Candidatus Solibacter
ASV_003032,sediment,1,TRUE,7,34,8,-0.24454447468815882,,Pseudomonadota,Roseiarcus
ASV_003035,sediment,1,FALSE,2,34,13,0.3129002693876916,,Chloroflexota,NA
ASV_003036,sediment,1,TRUE,6,34,7,0.029709195117363245,,Verrucomicrobiota,Candidatus Xiphinematobacter
ASV_003043,sediment,1,FALSE,1,34,12,0.10894088560520807,,Myxococcota,NA
ASV_003044,sediment,1,FALSE,3,34,10,-0.10696198037157481,,Pseudomonadota,NA
ASV_003046,sediment,1,FALSE,3,34,11,-0.22580611849547097,,Acidobacteriota,NA
ASV_003048,sediment,1,FALSE,1,34,10,-0.10253177083884478,,Chloroflexota,HSB OF53-F07
ASV_003052,sediment,1,FALSE,1,34,12,-0.08117679806171535,,Actinomycetota,NA
ASV_003055,sediment,1,FALSE,4,34,16,-0.022423451796423636,,Latescibacterota,NA
ASV_003056,sediment,1,TRUE,7,34,11,-0.26239271940477266,,Actinomycetota,NA
ASV_003058,sediment,1,TRUE,10,34,9,-0.21193716697408294,,Pseudomonadota,NA
ASV_003060,sediment,1,TRUE,1,34,5,0.13966885537786,,Chloroflexota,NA
ASV_003061,sediment,1,FALSE,6,34,6,0.040035592435633954,,Pseudomonadota,Rhizobium
ASV_003062,sediment,1,FALSE,1,34,7,-0.07722746829947941,,Pseudomonadota,NA
ASV_003066,sediment,1,FALSE,5,34,12,0.17091936489222934,,Verrucomicrobiota,Chthoniobacter
ASV_003067,sediment,1,FALSE,1,34,7,0.25815294351684376,,Bacteroidota,NA
ASV_003068,sediment,1,FALSE,4,34,18,0.0381942219863556,,Planctomycetota,NA
ASV_003071,sediment,1,FALSE,1,34,19,-0.048362633251593096,,Verrucomicrobiota,SH3-11
ASV_003074,sediment,1,FALSE,1,34,8,0.203165268297411,,Gemmatimonadota,NA
ASV_003075,sediment,1,FALSE,1,34,12,-0.14719885253053994,,Pseudomonadota,GOUTA6
ASV_003076,sediment,1,TRUE,8,34,7,-0.135534649258044,,Pseudomonadota,Acidibacter
ASV_003077,sediment,1,TRUE,7,34,6,-0.09994550689090945,,Pseudomonadota,Rhodanobacter
ASV_003078,sediment,1,TRUE,9,34,5,-7.453818742643525e-4,,Acidobacteriota,Bryobacter
ASV_003079,sediment,1,TRUE,8,34,8,0.3931226965534483,,Actinomycetota,NA
ASV_003080,sediment,1,FALSE,5,34,19,-0.1311535290421886,,Chloroflexota,NA
ASV_003082,sediment,1,FALSE,3,34,10,0.24077806806471486,,Verrucomicrobiota,NA
ASV_003088,sediment,1,FALSE,2,34,21,-0.12264087604609764,,Chloroflexota,NA
ASV_003090,sediment,1,FALSE,1,34,14,-0.1416524356608379,,Bacteroidota,Chryseotalea
ASV_003091,sediment,1,FALSE,2,34,16,0.08506143279643208,,Pseudomonadota,Hyphomicrobium
ASV_003097,sediment,1,FALSE,4,34,7,-0.2932164280717927,,Myxococcota,Phaselicystis
ASV_003098,sediment,1,FALSE,2,34,13,0.07407310867768568,,Myxococcota,NA
ASV_003101,sediment,1,TRUE,5,34,5,-0.18282025174691807,,Pseudomonadota,Rhodoplanes
ASV_003104,sediment,1,TRUE,8,34,5,0.0057145943693600355,,Pseudomonadota,NA
ASV_003106,sediment,1,FALSE,1,34,4,0.22134890543640473,,Myxococcota,NA
ASV_003107,sediment,1,FALSE,1,34,11,0.12131739384161551,,Pseudomonadota,NA
ASV_003110,sediment,1,FALSE,1,34,16,-0.20663398464952026,,Pseudomonadota,Aquicella
ASV_003111,sediment,1,FALSE,5,34,9,-0.025454840817015868,,Actinomycetota,Baekduia
ASV_003112,sediment,1,FALSE,2,34,9,0.19078833506229514,,Actinomycetota,NA
ASV_003114,sediment,1,FALSE,2,34,7,0.14928603734271498,,Pseudomonadota,Hyphomicrobium
ASV_003115,sediment,1,FALSE,2,34,14,-0.079028848307967,,Pseudomonadota,NA
ASV_003117,sediment,1,FALSE,2,34,20,-0.251357192833543,,Pseudomonadota,NA
ASV_003120,sediment,1,TRUE,6,34,5,0.1602571029668358,,Actinomycetota,Streptomyces
ASV_003123,sediment,1,TRUE,5,34,8,-0.270063659580753,,Gemmatimonadota,Gemmatimonas
ASV_003128,sediment,1,TRUE,4,34,6,0.01799381209763328,,Pseudomonadota,NA
ASV_003133,sediment,1,FALSE,3,34,18,0.1572375460969163,,Planctomycetota,NA
ASV_003138,sediment,1,FALSE,4,34,10,0.005908431899417493,,Acidobacteriota,NA
ASV_003140,sediment,1,FALSE,1,34,14,0.5371968870263232,,Actinomycetota,NA
ASV_003144,sediment,1,FALSE,1,34,18,-0.03513240501361985,,Planctomycetota,NA
ASV_003145,sediment,1,FALSE,1,34,13,0.18663742593206137,,Planctomycetota,NA
ASV_003149,sediment,1,FALSE,3,34,14,0.08858454914072017,,Acidobacteriota,NA
ASV_003153,sediment,1,TRUE,3,34,10,-0.23841333474756812,,Myxococcota,Anaeromyxobacter
ASV_003155,sediment,1,FALSE,1,34,12,0.006636602614991302,,Bacillota,Alicyclobacillus
ASV_003157,sediment,1,FALSE,2,34,10,-0.025645047996199297,,Acidobacteriota,NA
ASV_003159,sediment,1,FALSE,1,34,6,0.15574368683649392,,Actinomycetota,NA
ASV_003160,sediment,1,FALSE,1,34,11,-0.08122038598826781,,Chloroflexota,NA
ASV_003161,sediment,1,FALSE,1,34,15,-0.0906819142985258,,Acidobacteriota,NA
ASV_003162,sediment,1,FALSE,5,34,17,0.07515806446675541,,Actinomycetota,NA
ASV_003163,sediment,1,TRUE,5,34,6,-0.19114002469920469,,Pseudomonadota,NA
ASV_003166,sediment,1,FALSE,1,34,9,-0.21720637922680722,,Planctomycetota,NA
ASV_003172,sediment,1,FALSE,1,34,10,-0.3546421393672198,,Gemmatimonadota,Gemmatimonas
ASV_003174,sediment,1,FALSE,1,34,18,0.1322558798946025,,Planctomycetota,NA
ASV_003175,sediment,1,FALSE,1,34,16,0.15680193833996364,,Pseudomonadota,NA
ASV_003176,sediment,1,FALSE,1,34,8,0.11124684011100253,,Acidobacteriota,NA
ASV_003178,sediment,1,TRUE,6,34,13,0.0015992261144226112,,Planctomycetota,NA
ASV_003181,sediment,1,TRUE,3,34,5,-0.05732496157747656,,Pseudomonadota,Reyranella
ASV_003184,sediment,1,FALSE,1,34,15,0.19339603034870187,,Incertae Sedis,NA
ASV_003186,sediment,1,FALSE,1,34,21,0.31433088850211005,,Latescibacterota,NA
ASV_003190,sediment,1,FALSE,1,34,11,0.09443270323865129,,Pseudomonadota,Acidibacter
ASV_003191,sediment,1,FALSE,3,34,11,0.24565031614035576,,Acidobacteriota,NA
ASV_003192,sediment,1,TRUE,9,34,10,-0.16176084418178582,,Elusimicrobiota,NA
ASV_003193,sediment,1,FALSE,1,34,12,0.058752273241866056,,Verrucomicrobiota,NA
ASV_003194,sediment,1,FALSE,2,34,20,-0.04916716360082953,,Planctomycetota,Pir4 lineage
ASV_003195,sediment,1,FALSE,1,34,18,-0.23964299856711327,,Actinomycetota,NA
ASV_003197,sediment,1,FALSE,1,34,13,0.3955704516418829,,Planctomycetota,NA
ASV_003199,sediment,1,FALSE,2,34,12,-0.19731538063590798,,Verrucomicrobiota,Pedosphaera
ASV_003201,sediment,1,FALSE,2,34,9,-0.041561362253381924,,Acidobacteriota,NA
ASV_003210,sediment,1,FALSE,3,34,14,0.12889742109254826,,Actinomycetota,Sporichthya
ASV_003213,sediment,1,FALSE,2,34,19,0.3603894795071028,,Thermodesulfobacteriota,NA
ASV_003215,sediment,1,FALSE,2,34,16,-0.027441765304457647,,NB1-j,NA
ASV_003216,sediment,1,FALSE,1,34,16,-0.15671495109425357,,Acidobacteriota,NA
ASV_003220,sediment,1,FALSE,3,34,10,-0.1787556063322092,,Verrucomicrobiota,NA
ASV_003222,sediment,1,FALSE,1,34,10,-0.2588655230018961,,Acidobacteriota,JGI 0001001-H03
ASV_003223,sediment,1,FALSE,4,34,11,0.17721636808739175,,Planctomycetota,NA
ASV_003227,sediment,1,TRUE,8,34,4,-0.15073471116168138,,Verrucomicrobiota,ADurb.Bin063-1
ASV_003229,sediment,1,FALSE,4,34,10,0.2497929748246851,,Actinomycetota,Pseudonocardia
ASV_003230,sediment,1,FALSE,4,34,10,0.03181417002759393,,Actinomycetota,NA
ASV_003231,sediment,1,FALSE,4,34,15,0.2188146964507202,,Myxococcota,NA
ASV_003236,sediment,1,FALSE,1,34,7,0.28996809245799887,,Planctomycetota,NA
ASV_003237,sediment,1,FALSE,1,34,6,-0.29201151274779774,,Myxococcota,NA
ASV_003238,sediment,1,FALSE,1,34,9,-0.11159844288435414,,Pseudomonadota,Asticcacaulis
ASV_003239,sediment,1,FALSE,6,34,10,-0.32271628991430823,,Verrucomicrobiota,Candidatus Udaeobacter
ASV_003241,sediment,1,FALSE,3,34,9,-0.35627943178954335,,Planctomycetota,NA
ASV_003245,sediment,1,FALSE,7,34,9,0.18532662372805436,,Pseudomonadota,MND1
ASV_003247,sediment,1,TRUE,10,34,3,-0.026423975943792366,,Pseudomonadota,Rhodanobacter
ASV_003249,sediment,1,FALSE,3,34,18,-0.03294446100329177,,Actinomycetota,NA
ASV_003251,sediment,1,FALSE,1,34,20,0.1289994063917517,,Acidobacteriota,NA
ASV_003252,sediment,1,FALSE,2,34,18,0.0816732599988975,,Pseudomonadota,NA
ASV_003255,sediment,1,TRUE,4,34,5,0.05565517994507165,,Acidobacteriota,NA
ASV_003257,sediment,1,TRUE,4,34,8,-0.13872384882142116,,Pseudomonadota,NA
ASV_003259,sediment,1,TRUE,7,34,10,-0.2716879383192269,,Chloroflexota,NA
ASV_003263,sediment,1,FALSE,8,34,9,0.12816046100824746,,Acidobacteriota,NA
ASV_003265,sediment,1,FALSE,4,34,4,-0.30154301427425106,,Bacteroidota,Chryseotalea
ASV_003269,sediment,1,FALSE,3,34,10,-0.1491916948345269,,Planctomycetota,NA
ASV_003271,sediment,1,FALSE,3,34,18,0.15805780753593757,,Gemmatimonadota,NA
ASV_003273,sediment,1,TRUE,4,34,3,-0.06801609602662217,,Pseudomonadota,NA
ASV_003274,sediment,1,FALSE,2,34,10,0.025684508944431386,,Acidobacteriota,NA
ASV_003277,sediment,1,FALSE,1,34,12,0.02564084756536289,,Bacteroidota,Sediminibacterium
ASV_003280,sediment,1,FALSE,2,34,15,-0.10768869886412033,,Candidatus Kryptonia,NA
ASV_003282,sediment,1,FALSE,1,34,23,0.19862337371007555,,Planctomycetota,NA
ASV_003283,sediment,1,TRUE,6,34,8,0.11969335945276383,,Pseudomonadota,Acidibacter
ASV_003284,sediment,1,TRUE,8,34,12,0.13254886321346124,,Myxococcota,Anaeromyxobacter
ASV_003285,sediment,1,FALSE,5,34,12,-0.02832815919588954,,Pseudomonadota,NA
ASV_003286,sediment,1,FALSE,4,34,12,-0.02835800659558797,,Bacteroidota,NA
ASV_003287,sediment,1,FALSE,1,34,5,0.19869609450377393,,Pseudomonadota,NA
ASV_003288,sediment,1,TRUE,3,34,4,0.004372324058003057,,Planctomycetota,NA
ASV_003289,sediment,1,FALSE,2,34,11,-0.18850572429315388,,Planctomycetota,NA
ASV_003292,sediment,1,FALSE,1,34,12,0.029642511155176316,,Latescibacterota,NA
ASV_003293,sediment,1,FALSE,3,34,4,-0.03140306482535029,,Verrucomicrobiota,ADurb.Bin063-1
ASV_003295,sediment,1,TRUE,5,34,5,-0.4528664544304244,,Pseudomonadota,NA
ASV_003298,sediment,1,TRUE,8,34,6,0.11009637651263605,,Actinomycetota,Arthrobacter
ASV_003300,sediment,1,FALSE,1,34,10,-0.09425520414299297,,Chloroflexota,NA
ASV_003305,sediment,1,FALSE,1,34,11,-0.22641759256050895,,Pseudomonadota,NA
ASV_003307,sediment,1,FALSE,6,34,14,-0.2918385574771331,,Myxococcota,Minicystis
ASV_003311,sediment,1,FALSE,1,34,11,-0.47353036695891065,,Bacteroidota,Terrimonas
ASV_003312,sediment,1,FALSE,1,34,14,-0.09759245306008996,,Pseudomonadota,Uliginosibacterium
ASV_003313,sediment,1,FALSE,2,34,6,0.061193235891443695,,Chloroflexota,NA
ASV_003316,sediment,1,TRUE,5,34,5,-0.19778352544263558,,Acidobacteriota,NA
ASV_003318,sediment,1,TRUE,6,34,4,-0.10706962101042249,,Acidobacteriota,NA
ASV_003320,sediment,1,FALSE,3,34,21,-0.1788129118135026,,Planctomycetota,Fimbriiglobus
ASV_003321,sediment,1,FALSE,4,34,7,0.22608415872005286,,Pseudomonadota,Pseudolabrys
ASV_003324,sediment,1,FALSE,4,34,13,0.06473094008408652,,Planctomycetota,NA
ASV_003326,sediment,1,FALSE,4,34,14,0.07323599477920364,,Acidobacteriota,Bryobacter
ASV_003327,sediment,1,TRUE,5,34,4,-0.032222275212098556,,Actinomycetota,NA
ASV_003329,sediment,1,FALSE,1,34,11,-0.4068047955929606,,Bacteroidota,NA
ASV_003331,sediment,1,TRUE,3,34,4,0.22992504854734735,,Pseudomonadota,NA
ASV_003338,sediment,1,FALSE,1,34,8,0.018312251326061804,,Methylomirabilota,NA
ASV_003341,sediment,1,FALSE,2,34,12,0.06257295923649019,,Chloroflexota,NA
ASV_003342,sediment,1,FALSE,1,34,13,-0.2633093253826934,,Bacteroidota,NA
ASV_003343,sediment,1,TRUE,6,34,5,-0.17147856471877188,,Myxococcota,Anaeromyxobacter
ASV_003344,sediment,1,FALSE,3,34,4,-0.01201801868484334,,Actinomycetota,Solirubrobacter
ASV_003346,sediment,1,FALSE,5,34,12,-0.06505448918135621,,Pseudomonadota,Ellin6067
ASV_003347,sediment,1,TRUE,6,34,8,-0.19545569147376352,,Acidobacteriota,NA
ASV_003348,sediment,1,FALSE,1,34,11,-0.1004913990434844,,Acidobacteriota,NA
ASV_003349,sediment,1,FALSE,1,34,16,0.22846857187604458,,Thermodesulfobacteriota,NA
ASV_003351,sediment,1,FALSE,1,34,9,0.48467736348714757,,Acidobacteriota,JGI 0001001-H03
ASV_003352,sediment,1,FALSE,1,34,10,-0.32578709121097627,,Pseudomonadota,NA
ASV_003354,sediment,1,FALSE,4,34,15,0.14554094881636295,,Pseudomonadota,NA
ASV_003355,sediment,1,FALSE,1,34,7,-0.28926874192349267,,Pseudomonadota,MND1
ASV_003361,sediment,1,TRUE,8,34,10,0.008404163919521215,,Verrucomicrobiota,NA
ASV_003366,sediment,1,FALSE,4,34,6,-0.3137083209269288,,Pseudomonadota,MND1
ASV_003369,sediment,1,FALSE,3,34,14,-0.10492738840528186,,Actinomycetota,Gaiella
ASV_003370,sediment,1,FALSE,1,34,9,0.041709909847588045,,Latescibacterota,NA
ASV_003371,sediment,1,FALSE,2,34,12,-0.15278670458050123,,Pseudomonadota,Steroidobacter
ASV_003372,sediment,1,FALSE,1,34,13,-0.46456583613715796,,Myxococcota,NA
ASV_003376,sediment,1,TRUE,5,34,10,0.31621498991170705,,Acidobacteriota,NA
ASV_003377,sediment,1,FALSE,1,34,11,0.20049483591649536,,Verrucomicrobiota,Candidatus Udaeobacter
ASV_003385,sediment,1,TRUE,5,34,7,0.008005193306783266,,Actinomycetota,NA
ASV_003386,sediment,1,TRUE,2,34,9,0.09811761260837377,,Acidobacteriota,NA
ASV_003387,sediment,1,FALSE,1,34,9,0.24900311791571533,,Actinomycetota,Acidiferrimicrobium
ASV_003388,sediment,1,TRUE,3,34,4,-0.13026778945578593,,Chloroflexota,NA
ASV_003390,sediment,1,FALSE,2,34,12,0.09927564569748648,,Myxococcota,Phaselicystis
ASV_003391,sediment,1,FALSE,1,34,7,0.1784419030510762,,Bacteroidota,NA
ASV_003393,sediment,1,FALSE,1,34,14,0.045090264767191815,,Bacteroidota,UTBCD1
ASV_003395,sediment,1,TRUE,6,34,9,0.16022737010400687,,RCP2-54,NA
ASV_003396,sediment,1,FALSE,2,34,8,-0.30926796984323607,,Verrucomicrobiota,Candidatus Xiphinematobacter
ASV_003402,sediment,1,FALSE,2,34,10,0.4245437927860815,,Acidobacteriota,NA
ASV_003406,sediment,1,TRUE,8,34,3,0.3093334778197063,,Acidobacteriota,NA
ASV_003407,sediment,1,TRUE,4,34,5,0.05441287682129773,,Actinomycetota,NA
ASV_003408,sediment,1,FALSE,2,34,14,0.3445399811876512,,Planctomycetota,NA
ASV_003410,sediment,1,FALSE,3,34,17,-0.17417496823435813,,Bacteroidota,NA
ASV_003412,sediment,1,TRUE,5,34,3,-0.05813274707634321,,Actinomycetota,Acidothermus
ASV_003415,sediment,1,FALSE,1,34,7,-0.2628582916670919,,Pseudomonadota,NA
ASV_003418,sediment,1,FALSE,2,34,13,-0.20732863742564514,,Pseudomonadota,Rhodoplanes
ASV_003422,sediment,1,TRUE,4,34,11,-0.20441149921258503,,Acidobacteriota,NA
ASV_003423,sediment,1,FALSE,2,34,4,0.3240551762474876,,Pseudomonadota,NA
ASV_003427,sediment,1,FALSE,4,34,4,0.15111845025473064,,Pseudomonadota,Ellin6067
ASV_003431,sediment,1,FALSE,1,34,10,-0.06123330344571422,,Actinomycetota,NA
ASV_003433,sediment,1,FALSE,1,34,18,-0.26543902411924025,,Planctomycetota,Planctomicrobium
ASV_003434,sediment,1,FALSE,2,34,11,0.21406054082845555,,Pseudomonadota,NA
ASV_003438,sediment,1,FALSE,1,34,14,-0.18317696556413643,,Planctomycetota,NA
ASV_003439,sediment,1,FALSE,2,34,20,-0.006466596462892315,,Actinomycetota,Acidiferrimicrobium
ASV_003440,sediment,1,FALSE,1,34,15,-0.2147733004125594,,Bacteroidota,NA
ASV_003446,sediment,1,FALSE,2,34,10,-0.39640394323040995,,Pseudomonadota,NA
ASV_003448,sediment,1,TRUE,4,34,12,0.2670263299743317,,Verrucomicrobiota,Candidatus Udaeobacter
ASV_003450,sediment,1,FALSE,2,34,6,0.18794859755974588,,Pseudomonadota,NA
ASV_003453,sediment,1,FALSE,3,34,4,0.09373169699344053,,Actinomycetota,Nocardia
ASV_003454,sediment,1,FALSE,4,34,10,-0.14686261420450197,,Planctomycetota,NA
ASV_003457,sediment,1,FALSE,2,34,19,0.2356676289625337,,Planctomycetota,Fimbriiglobus
ASV_003459,sediment,1,FALSE,2,34,13,-0.052887161162918465,,Bacteroidota,NA
ASV_003461,sediment,1,FALSE,2,34,9,-0.2638142234590612,,Chloroflexota,NA
ASV_003463,sediment,1,FALSE,1,34,24,0.09089715743770485,,Planctomycetota,NA
ASV_003464,sediment,1,TRUE,9,34,3,0.01677109217094793,,Acidobacteriota,Bryobacter
ASV_003465,sediment,1,FALSE,2,34,18,-0.2606285299899303,,Planctomycetota,NA
ASV_003466,sediment,1,FALSE,1,34,8,-0.22341966632199925,,Pseudomonadota,Ellin6067
ASV_003467,sediment,1,FALSE,1,34,10,-0.14165089426033972,,Methylomirabilota,NA
ASV_003469,sediment,1,FALSE,3,34,10,0.12766801668163136,,Pseudomonadota,NA
ASV_003471,sediment,1,TRUE,3,34,3,-0.17541995250989206,,Actinomycetota,Conexibacter
ASV_003472,sediment,1,TRUE,4,34,8,0.1774351178038179,,Pseudomonadota,NA
ASV_003477,sediment,1,FALSE,1,34,6,-0.03633527827394886,,Verrucomicrobiota,NA
ASV_003478,sediment,1,FALSE,1,34,13,0.03691690111414913,,Acidobacteriota,NA
ASV_003480,sediment,1,FALSE,4,34,17,0.0742702641149227,,Pseudomonadota,Hirschia
ASV_003483,sediment,1,FALSE,1,34,11,-0.18315478791189202,,Acidobacteriota,NA
ASV_003484,sediment,1,FALSE,1,34,14,-0.34183857066771756,,Thermodesulfobacteriota,NA
ASV_003485,sediment,1,FALSE,6,34,4,0.11441638401584149,,Pseudomonadota,NA
ASV_003489,sediment,1,FALSE,1,34,18,0.0337441107921451,,Pseudomonadota,NA
ASV_003492,sediment,1,FALSE,2,34,10,-0.43807242878163627,,Pseudomonadota,Asticcacaulis
ASV_003494,sediment,1,FALSE,1,34,15,0.1781368215589048,,Thermodesulfobacteriota,NA
ASV_003495,sediment,1,FALSE,1,34,7,0.2547120206072437,,Acidobacteriota,NA
ASV_003496,sediment,1,FALSE,6,34,13,-0.13570196446074864,,Planctomycetota,NA
ASV_003497,sediment,1,TRUE,5,34,6,0.007360317663444725,,Pseudomonadota,Pedomicrobium
ASV_003499,sediment,1,FALSE,1,34,11,0.0931131772102581,,Actinomycetota,NA
ASV_003501,sediment,1,FALSE,3,34,21,0.019355144597899516,,Planctomycetota,NA
ASV_003502,sediment,1,TRUE,5,34,5,0.07195062246738243,,Verrucomicrobiota,Candidatus Udaeobacter
ASV_003504,sediment,1,FALSE,1,34,13,-0.06848813921129596,,Nitrospirota,Nitrospira
ASV_003505,sediment,1,FALSE,1,34,15,-0.041657976781220137,,Planctomycetota,NA
ASV_003506,sediment,1,FALSE,1,34,9,-0.04221879235730008,,Gemmatimonadota,NA
ASV_003508,sediment,1,FALSE,1,34,12,-0.051048014808177465,,Planctomycetota,NA
ASV_003510,sediment,1,FALSE,1,34,12,-0.4762563458931661,,Pseudomonadota,Hyphomicrobium
ASV_003511,sediment,1,TRUE,6,34,4,0.027914526311954124,,Pseudomonadota,NA
ASV_003514,sediment,1,FALSE,3,34,12,0.16166935004115854,,Acidobacteriota,NA
ASV_003515,sediment,1,FALSE,1,34,10,-0.3492350726125227,,Pseudomonadota,NA
ASV_003518,sediment,1,FALSE,2,34,15,0.14566943321487436,,Pseudomonadota,Bauldia
ASV_003519,sediment,1,FALSE,3,34,18,-0.030981579207816346,,Chloroflexota,NA
ASV_003521,sediment,1,FALSE,2,34,14,0.04970959595979968,,Actinomycetota,NA
ASV_003523,sediment,1,TRUE,3,34,8,0.26098061367833963,,Pseudomonadota,NA
ASV_003529,sediment,1,FALSE,5,34,9,-0.3556669434574396,,Pseudomonadota,Phyllobacterium
ASV_003531,sediment,1,FALSE,2,34,16,-0.19964516865106893,,Planctomycetota,NA
ASV_003532,sediment,1,FALSE,2,34,16,0.06259328133564288,,Actinomycetota,NA
ASV_003533,sediment,1,FALSE,1,34,18,0.01217705626754123,,Chloroflexota,NA
ASV_003536,sediment,1,FALSE,1,34,12,-0.14984335716787692,,Acidobacteriota,NA
ASV_003538,sediment,1,FALSE,4,34,4,0.340494736016988,,Pseudomonadota,NA
ASV_003539,sediment,1,TRUE,5,34,7,-0.408634979321335,,Acidobacteriota,NA
ASV_003542,sediment,1,FALSE,1,34,12,0.021797782647769038,,Entotheonellaeota,NA
ASV_003543,sediment,1,FALSE,1,34,11,0.23467154193862744,,Chloroflexota,NA
ASV_003544,sediment,1,FALSE,1,34,11,0.1887441267118431,,Methylomirabilota,NA
ASV_003546,sediment,1,TRUE,9,34,3,-0.2506346552213885,,Verrucomicrobiota,Chthoniobacter
ASV_003550,sediment,1,FALSE,1,34,10,0.1847316272345989,,Pseudomonadota,NA
ASV_003551,sediment,1,FALSE,2,34,10,0.26064526107850144,,Fibrobacterota,possible genus 04
ASV_003552,sediment,1,FALSE,3,34,9,0.019937381869868296,,Acidobacteriota,NA
ASV_003554,sediment,1,TRUE,6,34,4,-0.34732649235761776,,Myxococcota,Phaselicystis
ASV_003559,sediment,1,FALSE,5,34,18,0.060840976961209624,,Verrucomicrobiota,Opitutus
ASV_003560,sediment,1,TRUE,5,34,4,-0.3664554101113811,,Acidobacteriota,NA
ASV_003561,sediment,1,FALSE,1,34,16,0.08136678934737764,,Planctomycetota,NA
ASV_003562,sediment,1,FALSE,6,34,11,0.3460021799350062,,Chloroflexota,JG30a-KF-32
ASV_003569,sediment,1,FALSE,3,34,8,-0.15674236729866992,,Verrucomicrobiota,ADurb.Bin063-1
ASV_003570,sediment,1,TRUE,8,34,6,0.1319557037983666,,Pseudomonadota,Bauldia
ASV_003573,sediment,1,FALSE,2,34,8,0.5080106575735572,,Acidobacteriota,JGI 0001001-H03
ASV_003575,sediment,1,TRUE,8,34,6,0.20058188134097263,,Chloroflexota,NA
ASV_003576,sediment,1,FALSE,1,34,9,-0.02481233343842041,,Planctomycetota,NA
ASV_003577,sediment,1,FALSE,1,34,12,-0.26896651609724487,,Pseudomonadota,Pedomicrobium
ASV_003579,sediment,1,FALSE,2,34,8,-0.043414438537067876,,MBNT15,NA
ASV_003580,sediment,1,FALSE,1,34,14,-0.005506965921176963,,Acidobacteriota,NA
ASV_003581,sediment,1,FALSE,3,34,8,-0.008426646526349406,,Bacillota,Fonticella
ASV_003583,sediment,1,FALSE,2,34,18,0.22646925492116213,,Pseudomonadota,SWB02
ASV_003584,sediment,1,FALSE,1,34,17,-0.05366443180392437,,MBNT15,NA
ASV_003585,sediment,1,FALSE,6,34,18,-0.27775206926933216,,Acidobacteriota,Candidatus Solibacter
ASV_003587,sediment,1,FALSE,7,34,16,0.27456765882510314,,Pseudomonadota,NA
ASV_003593,sediment,1,FALSE,1,34,13,0.058930126308920264,,Methylomirabilota,NA
ASV_003595,sediment,1,FALSE,5,34,6,-0.2359957663574211,,Bacteroidota,NA
ASV_003597,sediment,1,FALSE,2,34,7,0.09909131174342531,,Acidobacteriota,NA
ASV_003604,sediment,1,TRUE,8,34,5,-0.08412624231499807,,Actinomycetota,Jatrophihabitans
ASV_003608,sediment,1,FALSE,3,34,8,-0.11234257555089602,,Acidobacteriota,NA
ASV_003611,sediment,1,FALSE,1,34,12,-0.00848404407681034,,Pseudomonadota,NA
ASV_003614,sediment,1,FALSE,1,34,6,0.08531891290908244,,Pseudomonadota,Massilia
ASV_003619,sediment,1,FALSE,1,34,7,0.1446539403957946,,Actinomycetota,NA
ASV_003623,sediment,1,FALSE,1,34,13,-0.1949047778817662,,Pseudomonadota,NA
ASV_003624,sediment,1,FALSE,4,34,7,-0.26442824558053907,,Pseudomonadota,NA
ASV_003627,sediment,1,TRUE,9,34,3,-0.2944258403344192,,Armatimonadota,Chthonomonas
ASV_003628,sediment,1,FALSE,3,34,14,-0.09561309254121556,,Acidobacteriota,NA
ASV_003631,sediment,1,FALSE,3,34,13,0.1083339777755163,,Pseudomonadota,MND1
ASV_003632,sediment,1,FALSE,1,34,13,-0.2504584282121096,,Pseudomonadota,NA
ASV_003636,sediment,1,TRUE,3,34,3,-0.03699356632130931,,Acidobacteriota,NA
ASV_003637,sediment,1,FALSE,2,34,18,0.05441936053072929,,Bdellovibrionota,OM27 clade
ASV_003640,sediment,1,FALSE,1,34,16,0.1612185755396912,,Acidobacteriota,WY65
ASV_003641,sediment,1,FALSE,1,34,5,-0.19472713381455997,,Chloroflexota,NA
ASV_003643,sediment,1,TRUE,3,34,6,0.25562099688688816,,Verrucomicrobiota,Candidatus Udaeobacter
ASV_003644,sediment,1,FALSE,2,34,18,0.16714116472263393,,Pseudomonadota,NA
ASV_003647,sediment,1,FALSE,3,34,14,0.1549958939388847,,Actinomycetota,NA
ASV_003648,sediment,1,FALSE,3,34,15,0.04888463634524192,,Planctomycetota,NA
ASV_003659,sediment,1,FALSE,1,34,13,0.03906420357044897,,Pseudomonadota,NA
ASV_003661,sediment,1,FALSE,3,34,11,0.08073425485714399,,Pseudomonadota,MND1
ASV_003663,sediment,1,FALSE,5,34,7,-0.20207704185231276,,NA,NA
ASV_003664,sediment,1,TRUE,1,34,4,0.016111137606049278,,Acidobacteriota,NA
ASV_003665,sediment,1,TRUE,4,34,7,-0.030294561686804798,,Pseudomonadota,NA
ASV_003669,sediment,1,FALSE,2,34,16,0.04860779590577837,,Verrucomicrobiota,Candidatus Udaeobacter
ASV_003671,sediment,1,TRUE,6,34,3,-0.09969482568285715,,Actinomycetota,NA
ASV_003673,sediment,1,TRUE,4,34,4,-0.08280088684843287,,Acidobacteriota,NA
ASV_003674,sediment,1,TRUE,4,34,9,0.05191615278985507,,Acidobacteriota,Bryobacter
ASV_003675,sediment,1,TRUE,3,34,3,0.27641244503969736,,Pseudomonadota,NA
ASV_003676,sediment,1,FALSE,2,34,9,0.05015365262468949,,Planctomycetota,NA
ASV_003677,sediment,1,FALSE,2,34,5,0.2060963984839445,,Planctomycetota,NA
ASV_003682,sediment,1,FALSE,5,34,10,0.10421071518090494,,Verrucomicrobiota,NA
ASV_003683,sediment,1,FALSE,1,34,16,-0.17049042202241435,,Pseudomonadota,NA
ASV_003684,sediment,1,FALSE,4,34,16,0.10159592644224955,,Planctomycetota,NA
ASV_003691,sediment,1,FALSE,3,34,14,0.15510647430999538,,Pseudomonadota,NA
ASV_003692,sediment,1,FALSE,3,34,16,-0.09518915647853829,,Sumerlaeota,Sumerlaea
ASV_003693,sediment,1,FALSE,2,34,11,-0.3068761164235447,,Pseudomonadota,NA
ASV_003696,sediment,1,FALSE,4,34,15,-0.26436006642621523,,Pseudomonadota,NA
ASV_003705,sediment,1,FALSE,1,34,11,-0.21013292020967145,,Pseudomonadota,NA
ASV_003708,sediment,1,FALSE,2,34,7,0.16112359103796273,,Pseudomonadota,Bauldia
ASV_003709,sediment,1,FALSE,2,34,16,0.17150595517127806,,Bacteroidota,NA
ASV_003715,sediment,1,FALSE,2,34,15,0.22039588844006316,,Actinomycetota,NA
ASV_003718,sediment,1,FALSE,1,34,8,-0.2338356076857739,,Acidobacteriota,JGI 0001001-H03
ASV_003719,sediment,1,FALSE,2,34,9,0.18847950039944333,,Pseudomonadota,Ellin6067
ASV_003720,sediment,1,FALSE,1,34,13,0.07317503896868986,,Myxococcota,NA
ASV_003721,sediment,1,FALSE,3,34,9,-0.04520455889306772,,Pseudomonadota,NA
ASV_003722,sediment,1,TRUE,5,34,3,0.1080803717683311,,Acidobacteriota,Candidatus Solibacter
ASV_003725,sediment,1,FALSE,3,34,10,0.1104001533064378,,Pseudomonadota,SWB02
ASV_003727,sediment,1,FALSE,1,34,3,0.020802012067544725,,Pseudomonadota,Sphingomonas
ASV_003728,sediment,1,FALSE,3,34,7,0.23009280562549883,,Pseudomonadota,NA
ASV_003729,sediment,1,FALSE,1,34,5,0.05828237502253544,,Actinomycetota,Nakamurella
ASV_003730,sediment,1,FALSE,1,34,12,0.1704905706771942,,Actinomycetota,NA
ASV_003731,sediment,1,FALSE,4,34,10,0.059126507017396905,,Pseudomonadota,Acidibacter
ASV_003732,sediment,1,TRUE,9,34,6,6.902688350971372e-4,,Bacteroidota,Nemorincola
ASV_003733,sediment,1,FALSE,2,34,14,0.050147059713444075,,Thermodesulfobacteriota,NA
ASV_003735,sediment,1,FALSE,3,34,5,-0.1882017918210427,,Verrucomicrobiota,Oleiharenicola
ASV_003738,sediment,1,FALSE,2,34,13,0.020381889224825173,,Latescibacterota,NA
ASV_003741,sediment,1,FALSE,2,34,9,0.06721057027227106,,Bacteroidota,NA
ASV_003743,sediment,1,FALSE,1,34,12,-0.16153470232134892,,Bacteroidota,NA
ASV_003745,sediment,1,FALSE,6,34,10,0,,Myxococcota,NA
ASV_003746,sediment,1,FALSE,3,34,15,0.06284837133031598,,Acidobacteriota,NA
ASV_003749,sediment,1,FALSE,1,34,10,0.004946646167075674,,Planctomycetota,NA
ASV_003750,sediment,1,FALSE,1,34,10,-0.2878908600298562,,Acidobacteriota,NA
ASV_003751,sediment,1,FALSE,1,34,8,0.31240250536709996,,Pseudomonadota,Hyphomicrobium
ASV_003752,sediment,1,FALSE,1,34,21,-0.32883045053795273,,MBNT15,NA
ASV_003754,sediment,1,TRUE,8,34,6,-0.34842753899987555,,Pseudomonadota,NA
ASV_003755,sediment,1,FALSE,3,34,19,-0.08173257042840443,,Pseudomonadota,Arsenicitalea
ASV_003756,sediment,1,FALSE,1,34,11,-0.13009704248217374,,Acidobacteriota,NA
ASV_003760,sediment,1,FALSE,2,34,8,-0.36681404026926157,,Acidobacteriota,Candidatus Koribacter
ASV_003762,sediment,1,FALSE,1,34,14,-0.1387637865103677,,Acidobacteriota,NA
ASV_003764,sediment,1,FALSE,9,34,5,0.18137625607099242,,Planctomycetota,NA
ASV_003765,sediment,1,TRUE,2,34,10,-0.3401776350151656,,Acidobacteriota,NA
ASV_003766,sediment,1,FALSE,5,34,12,0.20120977268968165,,Pseudomonadota,NA
ASV_003767,sediment,1,FALSE,3,34,12,-0.18677847341633622,,Pseudomonadota,NA
ASV_003768,sediment,1,FALSE,1,34,13,0.1487473406091973,,Pseudomonadota,Hirschia
ASV_003771,sediment,1,TRUE,7,34,11,-0.25209677323682816,,Pseudomonadota,NA
ASV_003775,sediment,1,FALSE,1,34,9,0.062283109108614836,,Planctomycetota,NA
ASV_003777,sediment,1,FALSE,4,34,3,-0.20591174276552737,,Actinomycetota,Acidiferrimicrobium
ASV_003778,sediment,1,TRUE,3,34,9,-0.0937534684741922,,Actinomycetota,Jatrophihabitans
ASV_003780,sediment,1,FALSE,2,34,8,-0.37813029165384393,,Actinomycetota,NA
ASV_003784,sediment,1,FALSE,1,34,5,0.28391442903174424,,Chloroflexota,HSB OF53-F07
ASV_003786,sediment,1,FALSE,3,34,12,0.0492887214076887,,Latescibacterota,NA
ASV_003791,sediment,1,TRUE,5,34,3,0.18225046393505603,,Actinomycetota,NA
ASV_003793,sediment,1,FALSE,5,34,11,-0.015360563758028004,,Pseudomonadota,NA
ASV_003797,sediment,1,FALSE,2,34,22,0.14145682535693704,,Chloroflexota,NA
ASV_003798,sediment,1,FALSE,3,34,7,0.11302473496723392,,Verrucomicrobiota,NA
ASV_003799,sediment,1,FALSE,3,34,10,0.19059896398278897,,Pseudomonadota,Pedomicrobium
ASV_003800,sediment,1,FALSE,1,34,6,-0.23423122470962854,,Pseudomonadota,NA
ASV_003805,sediment,1,TRUE,8,34,6,0.14116727125374995,,Myxococcota,NA
ASV_003812,sediment,1,FALSE,2,34,10,0.18105642503394453,,NA,NA
ASV_003813,sediment,1,TRUE,7,34,3,-0.18496783160654656,,Acidobacteriota,Bryobacter
ASV_003817,sediment,1,TRUE,4,34,4,0.09068141371290885,,Acidobacteriota,NA
ASV_003820,sediment,1,TRUE,11,34,3,-0.03699356632130931,,Pseudomonadota,Plot4-2H12
ASV_003821,sediment,1,TRUE,5,34,7,-0.2491668991959881,,Myxococcota,NA
ASV_003822,sediment,1,TRUE,3,34,6,-0.26322054003757944,,Acidobacteriota,NA
ASV_003823,sediment,1,TRUE,7,34,8,0.16755474001427817,,Pseudomonadota,NA
ASV_003825,sediment,1,FALSE,2,34,16,0.01974468479223172,,Myxococcota,NA
ASV_003826,sediment,1,FALSE,1,34,11,0.1766027786152436,,Planctomycetota,Fimbriiglobus
ASV_003828,sediment,1,FALSE,9,34,9,-0.0794155127787187,,Planctomycetota,NA
ASV_003831,sediment,1,TRUE,3,34,11,0.3894620293031241,,Actinomycetota,NA
ASV_003832,sediment,1,FALSE,3,34,11,-0.3633041468571479,,Actinomycetota,Acidothermus
ASV_003833,sediment,1,TRUE,2,34,3,-0.19007237793740991,,Actinomycetota,NA
ASV_003838,sediment,1,FALSE,2,34,15,-0.27009050440533977,,Pseudomonadota,Rhodoplanes
ASV_003845,sediment,1,FALSE,1,34,8,0.03433741296242527,,Bacteroidota,NA
ASV_003851,sediment,1,FALSE,3,34,13,0.15937735071490666,,Actinomycetota,CL500-29 marine group
ASV_003854,sediment,1,FALSE,2,34,18,0.06950815014297358,,FCPU426,NA
ASV_003856,sediment,1,FALSE,1,34,8,-0.05153180345461363,,Pseudomonadota,NA
ASV_003857,sediment,1,FALSE,3,34,10,-0.14129934035550326,,Planctomycetota,NA
ASV_003863,sediment,1,FALSE,3,34,7,-0.019472091827310647,,Pseudomonadota,Bradyrhizobium
ASV_003866,sediment,1,TRUE,6,34,5,-0.16597169733619582,,Bacillota,NA
ASV_003867,sediment,1,TRUE,6,34,7,-0.04011825618038103,,Planctomycetota,NA
ASV_003869,sediment,1,FALSE,1,34,5,0.14483790218366255,,Verrucomicrobiota,Candidatus Udaeobacter
ASV_003871,sediment,1,FALSE,2,34,13,0.007031790688409359,,Acidobacteriota,Bryobacter
ASV_003879,sediment,1,FALSE,1,34,13,0.3154584128207495,,Verrucomicrobiota,NA
ASV_003881,sediment,1,FALSE,2,34,5,0.25371433892788836,,Acidobacteriota,NA
ASV_003883,sediment,1,FALSE,4,34,7,-0.08943750723312437,,Pseudomonadota,NA
ASV_003884,sediment,1,FALSE,3,34,7,0.04484768433091676,,Bacteroidota,Adhaeribacter
ASV_003885,sediment,1,TRUE,3,34,4,-0.07842856279042983,,Acidobacteriota,Candidatus Solibacter
ASV_003886,sediment,1,TRUE,4,34,3,-0.07733336945492658,,Actinomycetota,NA
ASV_003893,sediment,1,FALSE,1,34,5,0.11385955977182549,,Bacteroidota,NA
ASV_003894,sediment,1,TRUE,7,34,4,-0.26078197311486545,,Actinomycetota,NA
ASV_003899,sediment,1,FALSE,1,34,14,0.08626520913206613,,Planctomycetota,NA
ASV_003902,sediment,1,FALSE,6,34,4,0.2779158479368192,,Dependentiae,NA
ASV_003905,sediment,1,TRUE,6,34,4,0.12096294735180121,,Actinomycetota,NA
ASV_003907,sediment,1,FALSE,2,34,7,-0.31784946544367426,,Chloroflexota,NA
ASV_003913,sediment,1,TRUE,3,34,4,-0.3126652976089225,,Myxococcota,NA
ASV_003914,sediment,1,FALSE,3,34,10,0.0011498726905880257,,Acidobacteriota,NA
ASV_003916,sediment,1,FALSE,2,34,12,-0.12898184360695947,,Planctomycetota,NA
ASV_003917,sediment,1,TRUE,3,34,5,0.053074162786479084,,Bacteroidota,Terrimonas
ASV_003918,sediment,1,FALSE,3,34,9,0.1194720392913814,,Latescibacterota,NA
ASV_003920,sediment,1,FALSE,3,34,8,0.1580336661357509,,Verrucomicrobiota,ADurb.Bin063-1
ASV_003921,sediment,1,TRUE,3,34,13,0.014934761043038767,,Verrucomicrobiota,Candidatus Udaeobacter
ASV_003923,sediment,1,FALSE,2,34,7,0.149935107070292,,Bacteroidota,Terrimonas
ASV_003924,sediment,1,TRUE,4,34,3,0.026423975943792366,,Gemmatimonadota,Gemmatimonas
ASV_003925,sediment,1,TRUE,4,34,4,0.08374357893586239,,Actinomycetota,Kribbella
ASV_003927,sediment,1,FALSE,1,34,9,0.21934268787005037,,Planctomycetota,NA
ASV_003930,sediment,1,FALSE,3,34,17,0.11296770073261157,,Pseudomonadota,Cellvibrio
ASV_003937,sediment,1,FALSE,1,34,11,-0.10485748678459297,,Verrucomicrobiota,Chthoniobacter
ASV_003940,sediment,1,FALSE,1,34,10,-0.10707597243998258,,Acidobacteriota,NA
ASV_003941,sediment,1,FALSE,1,34,13,-0.051744456887111094,,Verrucomicrobiota,NA
ASV_003944,sediment,1,FALSE,3,34,7,0.19239006611523712,,Myxococcota,Pajaroellobacter
ASV_003949,sediment,1,FALSE,2,34,12,-0.13048184357719128,,Pseudomonadota,Ellin6067
ASV_003955,sediment,1,FALSE,2,34,12,-0.06632646994442777,,Myxococcota,NA
ASV_003959,sediment,1,FALSE,3,34,9,-0.21739958654051314,,Planctomycetota,NA
ASV_003961,sediment,1,FALSE,4,34,7,0.36827721493759275,,Myxococcota,NA
ASV_003962,sediment,1,FALSE,2,34,8,0.2280720539752091,,Pseudomonadota,NA
ASV_003965,sediment,1,TRUE,3,34,3,0.2015000870423362,,Acidobacteriota,NA
ASV_003967,sediment,1,FALSE,2,34,7,0.08290267596854756,,Pseudomonadota,NA
ASV_003968,sediment,1,FALSE,3,34,8,-0.13143608146448077,,Chloroflexota,NA
ASV_003970,sediment,1,FALSE,2,34,5,0.270633506995777,,Acidobacteriota,RB41
ASV_003973,sediment,1,FALSE,4,34,12,-0.11091929162071748,,Bacteroidota,Ferruginibacter
ASV_003975,sediment,1,FALSE,5,34,13,0.09651217478418801,,Pseudomonadota,Hirschia
ASV_003977,sediment,1,FALSE,3,34,11,-0.07112564574319795,,Actinomycetota,Acidiferrimicrobium
ASV_003978,sediment,1,FALSE,2,34,12,0.17833941279095347,,Chloroflexota,NA
ASV_003981,sediment,1,FALSE,1,34,17,0.05811139369550669,,Acidobacteriota,NA
ASV_003984,sediment,1,FALSE,2,34,15,0.1358402194403592,,Chloroflexota,NA
ASV_003986,sediment,1,FALSE,2,34,18,0.03539818207894552,,Myxococcota,Anaeromyxobacter
ASV_003988,sediment,1,FALSE,1,34,5,0.1327121230455918,,Verrucomicrobiota,NA
ASV_003989,sediment,1,TRUE,6,34,3,-0.20770964288339433,,Verrucomicrobiota,Candidatus Udaeobacter
ASV_003991,sediment,1,TRUE,2,34,7,-0.48362515683924745,,Pseudomonadota,Roseiarcus
ASV_003992,sediment,1,FALSE,2,34,15,0.12334591176168741,,Pseudomonadota,Sphingomonas
ASV_003994,sediment,1,FALSE,4,34,11,-0.33661736480920335,,Pseudomonadota,NA
ASV_003998,sediment,1,FALSE,3,34,9,-0.15872479679094623,,Acidobacteriota,NA
ASV_003999,sediment,1,FALSE,1,34,21,0.15459966736125041,,Acidobacteriota,NA
ASV_004002,sediment,1,TRUE,7,34,13,0.33203120409292836,,Acidobacteriota,Bryobacter
ASV_004003,sediment,1,FALSE,3,34,8,-0.22355479498994746,,Elusimicrobiota,NA
ASV_004004,sediment,1,FALSE,1,34,12,0.15067994153490968,,Myxococcota,P3OB-42
ASV_004005,sediment,1,FALSE,2,34,17,-0.08309917507128986,,Bacteroidota,NA
ASV_004009,sediment,1,FALSE,1,34,7,-0.13003030209126334,,Acidobacteriota,NA
ASV_004012,sediment,1,FALSE,5,34,11,-0.1637476220378129,,Actinomycetota,Aquihabitans
ASV_004015,sediment,1,TRUE,2,34,8,-0.2098707455346409,,Acidobacteriota,NA
ASV_004016,sediment,1,FALSE,1,34,18,-0.29560134479895944,,Acidobacteriota,NA
ASV_004017,sediment,1,FALSE,5,34,10,-0.14786132303345467,,Bacteroidota,NA
ASV_004020,sediment,1,FALSE,2,34,12,0.002155818993103732,,Planctomycetota,NA
ASV_004021,sediment,1,FALSE,1,34,12,0.24406756216602268,,Verrucomicrobiota,Chthoniobacter
ASV_004022,sediment,1,TRUE,6,34,4,-0.012015085672307937,,Pseudomonadota,NA
ASV_004023,sediment,1,FALSE,2,34,15,-0.23004116993683718,,Actinomycetota,NA
ASV_004028,sediment,1,FALSE,2,34,19,-0.26649303524213275,,Planctomycetota,NA
ASV_004029,sediment,1,FALSE,1,34,12,0.26944004999104937,,Acidobacteriota,NA
ASV_004034,sediment,1,FALSE,2,34,11,0.16208239198319108,,Bacteroidota,NA
ASV_004035,sediment,1,TRUE,8,34,13,-0.19542660647647703,,Planctomycetota,Gemmata
ASV_004036,sediment,1,FALSE,1,34,12,-0.022569452512806246,,Acidobacteriota,NA
ASV_004045,sediment,1,TRUE,4,34,3,0.21640302106087572,,Verrucomicrobiota,Candidatus Xiphinematobacter
ASV_004046,sediment,1,FALSE,2,34,9,0.3101935351401497,,Planctomycetota,NA
ASV_004052,sediment,1,FALSE,3,34,15,0.06995768347609695,,Pseudomonadota,SWB02
ASV_004054,sediment,1,FALSE,2,34,14,0.23522790373022454,,Chloroflexota,NA
ASV_004062,sediment,1,TRUE,7,34,4,0.07400200493626026,,Actinomycetota,Conexibacter
ASV_004063,sediment,1,TRUE,4,34,5,-0.022112995603175787,,Actinomycetota,NA
ASV_004066,sediment,1,FALSE,4,34,10,-0.0030408498310222046,,Verrucomicrobiota,NA
ASV_004070,sediment,1,FALSE,5,34,12,0.2625729861752375,,Verrucomicrobiota,NA
ASV_004072,sediment,1,TRUE,4,34,10,-0.06792930405198853,,Actinomycetota,Acidiferrimicrobium
ASV_004074,sediment,1,TRUE,3,34,3,-0.04812405776820049,,Pseudomonadota,NA
ASV_004076,sediment,1,FALSE,1,34,11,-0.23024725520922676,,Chloroflexota,NA
ASV_004078,sediment,1,TRUE,6,34,5,-0.06696272874929604,,Verrucomicrobiota,SH3-11
ASV_004080,sediment,1,FALSE,1,34,15,0.10036331495619356,,Acidobacteriota,Bryobacter
ASV_004081,sediment,1,FALSE,1,34,8,-0.1462893128505647,,Chloroflexota,NA
ASV_004086,sediment,1,TRUE,7,34,3,0.11087555379682244,,Actinomycetota,Pseudonocardia
ASV_004087,sediment,1,FALSE,2,34,9,0.13915150326165213,,Latescibacterota,NA
ASV_004089,sediment,1,FALSE,3,34,8,-0.10947716498511063,,Acidobacteriota,Blastocatella
ASV_004091,sediment,1,FALSE,2,34,15,-0.262140439257434,,Myxococcota,NA
ASV_004092,sediment,1,FALSE,2,34,7,0.18065774084227104,,Pseudomonadota,NA
ASV_004093,sediment,1,TRUE,4,34,8,-0.32555051692940795,,Acidobacteriota,NA
ASV_004094,sediment,1,TRUE,3,34,4,0.07837112699891768,,Pseudomonadota,Pedomicrobium
ASV_004096,sediment,1,TRUE,7,34,6,-0.20692883912278273,,Bacillota,Paenibacillus
ASV_004099,sediment,1,FALSE,1,34,11,0,,Planctomycetota,NA
ASV_004102,sediment,1,TRUE,3,34,4,0.11040118246457717,,Pseudomonadota,Phenylobacterium
ASV_004103,sediment,1,TRUE,9,34,4,-0.01994872851463894,,Pseudomonadota,NA
ASV_004105,sediment,1,FALSE,1,34,11,-0.23849109736893145,,Bacteroidota,Ferruginibacter
ASV_004108,sediment,1,TRUE,3,34,5,0.03254834184287672,,Actinomycetota,NA
ASV_004109,sediment,1,FALSE,1,34,13,0.15737245839467962,,Bacteroidota,Dinghuibacter
ASV_004113,sediment,1,FALSE,1,34,14,-0.08557966359066371,,Myxococcota,NA
ASV_004114,sediment,1,FALSE,4,34,12,-0.39689142921596926,,Planctomycetota,NA
ASV_004117,sediment,1,FALSE,1,34,14,0.2630351523474852,,Acidobacteriota,NA
ASV_004118,sediment,1,FALSE,3,34,8,0.09341305732620292,,Planctomycetota,NA
ASV_004119,sediment,1,FALSE,1,34,15,0.25732685008966,,Pseudomonadota,NA
ASV_004120,sediment,1,FALSE,1,34,11,-0.5211026128292727,,Pseudomonadota,UKL13-1
ASV_004124,sediment,1,FALSE,2,34,4,0.08521867794707097,,Pseudomonadota,Arenimonas
ASV_004125,sediment,1,FALSE,3,34,5,0.08855743537808651,,Latescibacterota,NA
ASV_004128,sediment,1,FALSE,1,34,14,0.1999500988628934,,Pseudomonadota,NA
ASV_004138,sediment,1,FALSE,3,34,11,-1.8420194052411738e-4,,Myxococcota,NA
ASV_004140,sediment,1,TRUE,5,34,8,0.002884177336211177,,Pseudomonadota,NA
ASV_004145,sediment,1,FALSE,4,34,9,0.2538305318747753,,Pseudomonadota,NA
ASV_004146,sediment,1,TRUE,5,34,5,0.02116194778452424,,Myxococcota,NA
ASV_004152,sediment,1,TRUE,6,34,8,0.049472744491815365,,Pseudomonadota,Labrys
ASV_004156,sediment,1,FALSE,2,34,11,-0.03226042406854658,,Planctomycetota,Gemmata
ASV_004157,sediment,1,FALSE,2,34,10,-0.21948669083782904,,Planctomycetota,NA
ASV_004158,sediment,1,FALSE,2,34,14,-0.18710994409004178,,Pseudomonadota,Reyranella
ASV_004163,sediment,1,FALSE,6,34,8,-0.20233254256233035,,Acidobacteriota,NA
ASV_004166,sediment,1,TRUE,10,34,6,-0.19436407330858885,,Planctomycetota,NA
ASV_004168,sediment,1,FALSE,1,34,12,-0.08335833440001097,,NA,NA
ASV_004170,sediment,1,FALSE,2,34,10,0.1505160466683029,,Chloroflexota,NA
ASV_004176,sediment,1,FALSE,1,34,13,0.36308089045477676,,Actinomycetota,Mycobacterium
ASV_004177,sediment,1,FALSE,1,34,9,-0.1558256512580812,,Actinomycetota,Longivirga
ASV_004180,sediment,1,FALSE,2,34,9,-0.3399327248583482,,Acidobacteriota,NA
ASV_004181,sediment,1,TRUE,5,34,3,-0.012112455456795729,,Pseudomonadota,Pedomicrobium
ASV_004186,sediment,1,FALSE,1,34,13,-0.07968520096485193,,Acidobacteriota,Candidatus Solibacter
ASV_004190,sediment,1,FALSE,2,34,16,-0.0449352981645463,,Actinomycetota,NA
ASV_004195,sediment,1,FALSE,3,34,6,0.04652649106258415,,Elusimicrobiota,NA
ASV_004196,sediment,1,FALSE,7,34,6,-0.1500184268277778,,Verrucomicrobiota,Oleiharenicola
ASV_004198,sediment,1,FALSE,2,34,8,0.17139444218662342,,Pseudomonadota,Sphingomonas
ASV_004200,sediment,1,FALSE,2,34,20,0.40555509639412596,,Verrucomicrobiota,Chthoniobacter
ASV_004203,sediment,1,FALSE,5,34,14,-0.11050425861446758,,Myxococcota,Pajaroellobacter
ASV_004205,sediment,1,FALSE,1,34,15,-0.01208463285408514,,Bacteroidota,NA
ASV_004206,sediment,1,TRUE,5,34,6,0.010123942914758011,,Pseudomonadota,Rhodoplanes
ASV_004207,sediment,1,TRUE,9,34,6,0.3490946355686985,,Gemmatimonadota,Gemmatimonas
ASV_004209,sediment,1,TRUE,5,34,6,0.11286129020131799,,Actinomycetota,NA
ASV_004210,sediment,1,TRUE,4,34,9,0.016770432761422014,,Actinomycetota,Solirubrobacter
ASV_004211,sediment,1,FALSE,1,34,7,-0.081528970346423,,Pseudomonadota,NA
ASV_004213,sediment,1,FALSE,2,34,12,-0.04770676921441029,,Verrucomicrobiota,Opitutus
ASV_004215,sediment,1,FALSE,3,34,7,-0.3787243513530959,,Thermodesulfobacteriota,NA
ASV_004220,sediment,1,FALSE,1,34,10,0.10256808026718195,,Acidobacteriota,NA
ASV_004221,sediment,1,TRUE,9,34,4,-0.45335535076419187,,Acidobacteriota,NA
ASV_004223,sediment,1,TRUE,3,34,5,-0.17449165393418775,,Pseudomonadota,MND1
ASV_004224,sediment,1,FALSE,2,34,11,0.002220058035295661,,Planctomycetota,NA
ASV_004230,sediment,1,FALSE,1,34,9,-0.18114375093039198,,Pseudomonadota,NA
ASV_004234,sediment,1,FALSE,2,34,10,0.1925238049265933,,Pseudomonadota,NA
ASV_004235,sediment,1,FALSE,3,34,16,0.2257769855028749,,Myxococcota,Pajaroellobacter
ASV_004237,sediment,1,TRUE,7,34,7,0.37243076987848267,,Verrucomicrobiota,ADurb.Bin063-1
ASV_004239,sediment,1,TRUE,3,34,7,0.3402090166180106,,Gemmatimonadota,NA
ASV_004240,sediment,1,FALSE,2,34,16,-0.2222317308432041,,Verrucomicrobiota,Roseimicrobium
ASV_004243,sediment,1,FALSE,1,34,11,0.016801599986171593,,Latescibacterota,NA
ASV_004247,sediment,1,FALSE,4,34,12,0.06685876516922198,,Nitrospirota,Nitrospira
ASV_004249,sediment,1,FALSE,2,34,12,-0.11418606828813017,,Planctomycetota,NA
ASV_004250,sediment,1,FALSE,1,34,9,0.18759003075133748,,Acidobacteriota,NA
ASV_004252,sediment,1,FALSE,2,34,8,-0.09579589009558552,,Bacteroidota,Ferruginibacter
ASV_004254,sediment,1,FALSE,1,34,9,-0.32048207408420165,,Acidobacteriota,NA
ASV_004256,sediment,1,FALSE,4,34,10,-0.03868381124691549,,Myxococcota,Pajaroellobacter
ASV_004258,sediment,1,FALSE,1,34,14,0.1778251150443177,,NB1-j,NA
ASV_004259,sediment,1,FALSE,3,34,15,-0.32582335740006874,,Acidobacteriota,Candidatus Solibacter
ASV_004260,sediment,1,FALSE,1,34,7,-0.05515403175045085,,Pseudomonadota,NA
ASV_004261,sediment,1,FALSE,3,34,10,-0.03290253220789547,,Myxococcota,NA
ASV_004266,sediment,1,FALSE,1,34,8,-0.17760758827772785,,Myxococcota,NA
ASV_004269,sediment,1,FALSE,3,34,10,0.2172778182366433,,Planctomycetota,NA
ASV_004270,sediment,1,TRUE,3,34,3,-0.09130927959738318,,Verrucomicrobiota,Candidatus Udaeobacter
ASV_004272,sediment,1,FALSE,1,34,12,0.17116572066292032,,Actinomycetota,NA
ASV_004277,sediment,1,FALSE,3,34,10,0.035056902008819925,,Pseudomonadota,Caulobacter
ASV_004279,sediment,1,FALSE,3,34,8,-0.17623876781477862,,Pseudomonadota,Cereibacter
ASV_004280,sediment,1,FALSE,2,34,16,0.06996586128092419,,Acidobacteriota,NA
ASV_004287,sediment,1,FALSE,1,34,19,0.18718035650555673,,Chloroflexota,NA
ASV_004288,sediment,1,FALSE,2,34,11,0.15727172738095024,,Latescibacterota,NA
ASV_004291,sediment,1,FALSE,1,34,15,0.22241535414825317,,Pseudomonadota,NA
ASV_004297,sediment,1,TRUE,6,34,3,0.18261855919476636,,Acidobacteriota,NA
ASV_004305,sediment,1,FALSE,1,34,4,-0.2043063176423368,,Thermodesulfobacteriota,NA
ASV_004306,sediment,1,FALSE,2,34,9,-0.16252359328434512,,Acidobacteriota,NA
ASV_004307,sediment,1,FALSE,1,34,10,-0.25206674650906935,,Acidobacteriota,Bryobacter
ASV_004309,sediment,1,TRUE,4,34,6,0.15156326343775725,,Actinomycetota,Nakamurella
ASV_004311,sediment,1,FALSE,1,34,23,-0.06397479582450442,,Planctomycetota,Pirellula
ASV_004315,sediment,1,FALSE,3,34,9,0.0800081658591569,,Chloroflexota,NA
ASV_004316,sediment,1,FALSE,2,34,12,0.11529405697993542,,Verrucomicrobiota,Candidatus Udaeobacter
ASV_004317,sediment,1,TRUE,6,34,3,-0.32703629733348466,,Planctomycetota,NA
ASV_004318,sediment,1,FALSE,2,34,6,-0.09295620312641448,,Gemmatimonadota,NA
ASV_004319,sediment,1,FALSE,1,34,9,-0.3651656194494813,,MBNT15,NA
ASV_004320,sediment,1,FALSE,1,34,11,-0.1910531740154229,,Actinomycetota,Gaiella
ASV_004322,sediment,1,TRUE,8,34,3,-0.015854385566275418,,Actinomycetota,NA
ASV_004324,sediment,1,TRUE,8,34,6,0.18087261855647352,,Planctomycetota,NA
ASV_004325,sediment,1,FALSE,2,34,9,-0.17206865801672125,,Bacteroidota,NA
ASV_004331,sediment,1,FALSE,3,34,10,-0.21531835871093818,,Actinomycetota,Actinoplanes
ASV_004334,sediment,1,FALSE,1,34,15,0.2776679422625579,,Thermodesulfobacteriota,NA
ASV_004336,sediment,1,FALSE,3,34,15,-0.054120408072594335,,Acidobacteriota,NA
ASV_004338,sediment,1,FALSE,1,34,12,0.1209816932366151,,Verrucomicrobiota,NA
ASV_004347,sediment,1,FALSE,2,34,10,0.4008680534052017,,Acidobacteriota,NA
ASV_004348,sediment,1,FALSE,1,34,4,-0.21401136839164828,,Bacteroidota,NA
ASV_004349,sediment,1,FALSE,2,34,10,-0.23981041957307583,,Acidobacteriota,Stenotrophobacter
ASV_004354,sediment,1,FALSE,1,34,15,0.09256080938763887,,Bacteroidota,NA
ASV_004356,sediment,1,FALSE,1,34,11,-0.18611486529228624,,Acidobacteriota,NA
ASV_004357,sediment,1,FALSE,1,34,11,-0.17857676659526484,,Acidobacteriota,NA
ASV_004360,sediment,1,TRUE,8,34,4,-0.15412442304460772,,Acidobacteriota,Bryobacter
ASV_004362,sediment,1,FALSE,6,34,10,0.33537953475484084,,Planctomycetota,NA
ASV_004363,sediment,1,FALSE,2,34,14,-0.09539483651352793,,Bdellovibrionota,NA
ASV_004364,sediment,1,FALSE,1,34,10,-0.29527672505005564,,Pseudomonadota,NA
ASV_004367,sediment,1,FALSE,4,34,13,-0.11228061314284567,,Pseudomonadota,SWB02
ASV_004369,sediment,1,FALSE,4,34,10,-0.21061297334433737,,Bacteroidota,Ferruginibacter
ASV_004373,sediment,1,FALSE,2,34,5,0.007702279367398309,,Pseudomonadota,NA
ASV_004374,sediment,1,FALSE,3,34,3,0.18075510450910548,,Myxococcota,NA
ASV_004375,sediment,1,FALSE,6,34,12,-0.13572519240573103,,Planctomycetota,NA
ASV_004384,sediment,1,FALSE,2,34,6,0.10339984468667819,,Pseudomonadota,Pedomicrobium
ASV_004390,sediment,1,FALSE,3,34,4,0.16739198902556285,,Pseudomonadota,NA
ASV_004392,sediment,1,TRUE,5,34,7,0.11471652713200846,,Thermodesulfobacteriota,NA
ASV_004395,sediment,1,FALSE,1,34,7,-0.11775250327538862,,Verrucomicrobiota,NA
ASV_004401,sediment,1,FALSE,2,34,9,0.052746124158999735,,Planctomycetota,NA
ASV_004402,sediment,1,FALSE,1,34,12,-0.09127636677226765,,Planctomycetota,Gemmata
ASV_004404,sediment,1,TRUE,5,34,6,-0.48758328513672367,,Verrucomicrobiota,Pedosphaera
ASV_004405,sediment,1,FALSE,4,34,12,0.18125406148921247,,FCPU426,NA
ASV_004407,sediment,1,FALSE,5,34,10,-0.052987252633313726,,Planctomycetota,Pirellula
ASV_004408,sediment,1,TRUE,2,34,7,-0.009743511635106372,,Acidobacteriota,Granulicella
ASV_004409,sediment,1,TRUE,5,34,5,0.16506319271928907,,Gemmatimonadota,NA
ASV_004410,sediment,1,FALSE,1,34,11,0.2716041498069269,,Gemmatimonadota,NA
ASV_004412,sediment,1,FALSE,3,34,11,-0.03695133481507507,,Acidobacteriota,NA
ASV_004417,sediment,1,TRUE,6,34,3,-0.2378157834941313,,Gemmatimonadota,Gemmatimonas
ASV_004421,sediment,1,TRUE,4,34,3,-0.015854385566275418,,Verrucomicrobiota,ADurb.Bin063-1
ASV_004424,sediment,1,FALSE,2,34,8,-0.14999805599325508,,Chloroflexota,NA
ASV_004427,sediment,1,TRUE,6,34,6,-0.12941703316374706,,Pseudomonadota,NA
ASV_004431,sediment,1,FALSE,1,34,10,-0.0011415337308636172,,Thermodesulfobacteriota,NA
ASV_004433,sediment,1,FALSE,3,34,8,-0.23486481370551768,,Planctomycetota,NA
ASV_004434,sediment,1,FALSE,6,34,4,-0.0677213919711902,,Bacteroidota,NA
ASV_004435,sediment,1,TRUE,3,34,3,0.09969482568285715,,Gemmatimonadota,NA
ASV_004440,sediment,1,FALSE,1,34,12,-0.37313633738970425,,Pseudomonadota,NA
ASV_004441,sediment,1,TRUE,5,34,10,-0.1169361700570711,,Gemmatimonadota,NA
ASV_004442,sediment,1,FALSE,1,34,5,-0.1697756632873178,,Entotheonellaeota,NA
ASV_004443,sediment,1,FALSE,1,34,5,-0.23278142562976667,,Candidatus Kryptonia,NA
ASV_004445,sediment,1,FALSE,1,34,13,-0.014025336183670759,,Verrucomicrobiota,NA
ASV_004447,sediment,1,FALSE,1,34,13,-0.34684469845286,,Pseudomonadota,Bauldia
ASV_004450,sediment,1,FALSE,2,34,7,-4.324482523043187e-4,,Bacteroidota,Lacibacter
ASV_004452,sediment,1,FALSE,1,34,10,0.04515481400049087,,Actinomycetota,NA
ASV_004453,sediment,1,FALSE,1,34,6,-0.16839642358096538,,Pseudomonadota,Dongia
ASV_004457,sediment,1,FALSE,1,34,6,0.01934429165630505,,Acidobacteriota,NA
ASV_004460,sediment,1,FALSE,1,34,8,0.38876087647475016,,Acidobacteriota,NA
ASV_004464,sediment,1,TRUE,5,34,4,0.033314555727762915,,Verrucomicrobiota,Candidatus Udaeobacter
ASV_004469,sediment,1,TRUE,5,34,5,0.10580973892262122,,Actinomycetota,Marmoricola
ASV_004471,sediment,1,FALSE,3,34,12,-0.09176696895598965,,Bacteroidota,NA
ASV_004472,sediment,1,FALSE,2,34,5,0.034501194732364286,,Bacteroidota,Sediminibacterium
ASV_004476,sediment,1,TRUE,4,34,9,-0.09018568320456122,,Pseudomonadota,P3OB-51
ASV_004479,sediment,1,TRUE,3,34,10,-0.3495192909329074,,Myxococcota,Anaeromyxobacter
ASV_004481,sediment,1,TRUE,5,34,7,-0.01017031713771304,,Pseudomonadota,GOUTA6
ASV_004483,sediment,1,TRUE,8,34,4,0.004370188612670306,,Verrucomicrobiota,Candidatus Xiphinematobacter
ASV_004484,sediment,1,FALSE,1,34,5,0.3515010810385114,,Pseudomonadota,NA
ASV_004488,sediment,1,FALSE,3,34,5,-0.33357359321408586,,Verrucomicrobiota,Candidatus Udaeobacter
ASV_004489,sediment,1,FALSE,4,34,14,-0.15352611154820073,,Verrucomicrobiota,NA
ASV_004490,sediment,1,TRUE,8,34,3,-0.14268947009647875,,Pseudomonadota,NA
ASV_004493,sediment,1,FALSE,1,34,9,0.17309556422517094,,Planctomycetota,NA
ASV_004494,sediment,1,TRUE,3,34,10,0.07833437131163193,,Planctomycetota,NA
ASV_004496,sediment,1,FALSE,1,34,12,-0.25250322643287193,,Verrucomicrobiota,NA
ASV_004502,sediment,1,FALSE,1,34,7,0.38568571521112466,,Bacteroidota,NA
ASV_004504,sediment,1,TRUE,5,34,7,0.24655393608011242,,Myxococcota,NA
ASV_004507,sediment,1,FALSE,2,34,6,-0.4065871644831746,,Gemmatimonadota,Gemmatimonas
ASV_004510,sediment,1,TRUE,6,34,7,-0.06302134309878996,,Actinomycetota,NA
ASV_004517,sediment,1,FALSE,1,34,8,0.21892399338123325,,Pseudomonadota,Phreatobacter
ASV_004521,sediment,1,FALSE,3,34,9,0.08593676885212298,,Verrucomicrobiota,NA
ASV_004526,sediment,1,TRUE,5,34,7,0.15967115298394732,,Acidobacteriota,NA
ASV_004527,sediment,1,FALSE,3,34,3,0.14193313189117046,,Verrucomicrobiota,NA
ASV_004531,sediment,1,TRUE,6,34,3,-0.2338635630504406,,Acidobacteriota,Bryobacter
ASV_004532,sediment,1,FALSE,1,34,15,-0.33754547926200035,,Acidobacteriota,NA
ASV_004538,sediment,1,FALSE,4,34,9,0.02807376652082069,,Actinomycetota,NA
ASV_004539,sediment,1,FALSE,1,34,10,0.015220449744848229,,Chloroflexota,NA
ASV_004540,sediment,1,FALSE,1,34,17,-0.1547615182346746,,Planctomycetota,NA
ASV_004541,sediment,1,FALSE,2,34,6,0.3774732909004665,,Chloroflexota,NA
ASV_004542,sediment,1,FALSE,1,34,8,0.1372234962795438,,Pseudomonadota,NA
ASV_004544,sediment,1,FALSE,2,34,13,0.09864712577454823,,Verrucomicrobiota,DEV114
ASV_004545,sediment,1,FALSE,4,34,8,-0.011354376320682787,,Verrucomicrobiota,Chthoniobacter
ASV_004546,sediment,1,FALSE,1,34,14,0.13955516666838483,,Pseudomonadota,Agrobacterium
ASV_004547,sediment,1,FALSE,3,34,7,0.014748439703036693,,Acidobacteriota,NA
ASV_004549,sediment,1,FALSE,4,34,9,0.29611716669249977,,Actinomycetota,Gaiella
ASV_004550,sediment,1,TRUE,5,34,3,0.290663735381716,,Pseudomonadota,GOUTA6
ASV_004556,sediment,1,FALSE,3,34,12,0.16923279497242236,,Myxococcota,NA
ASV_004557,sediment,1,FALSE,5,34,7,-0.4043095060635428,,Bacteroidota,Puia
ASV_004558,sediment,1,FALSE,1,34,8,0.15392654024222324,,Acidobacteriota,NA
ASV_004561,sediment,1,FALSE,4,34,6,0.13522242800684764,,Planctomycetota,NA
ASV_004562,sediment,1,FALSE,1,34,13,-0.21602814090555308,,Gemmatimonadota,NA
ASV_004563,sediment,1,FALSE,1,34,11,-0.011270157118597897,,Verrucomicrobiota,NA
ASV_004568,sediment,1,FALSE,1,34,9,-0.1685620356338797,,Pseudomonadota,Xylophilus
ASV_004569,sediment,1,FALSE,1,34,9,-0.1194720392913814,,Pseudomonadota,MND1
ASV_004572,sediment,1,TRUE,4,34,6,-0.11073115137005095,,Planctomycetota,NA
ASV_004573,sediment,1,FALSE,1,34,13,-0.017903926741999858,,Pseudomonadota,NA
ASV_004576,sediment,1,FALSE,2,34,9,0.367529098325392,,Actinomycetota,NA
ASV_004577,sediment,1,FALSE,4,34,3,0.13137355533909212,,Bacillota,Neobacillus
ASV_004578,sediment,1,FALSE,2,34,7,-0.4954565587171265,,Chloroflexota,NA
ASV_004580,sediment,1,FALSE,1,34,7,0.08770506157243431,,Pseudomonadota,NA
ASV_004584,sediment,1,FALSE,4,34,7,-0.10437985105657613,,Pseudomonadota,NA
ASV_004590,sediment,1,FALSE,2,34,10,0.0836896119035901,,Planctomycetota,Pirellula
ASV_004594,sediment,1,TRUE,7,34,3,0.07081127805511349,,Planctomycetota,NA
ASV_004596,sediment,1,TRUE,5,34,4,-0.14811247746485354,,Gemmatimonadota,NA
ASV_004598,sediment,1,FALSE,1,34,8,-0.23645523896280873,,Acidobacteriota,Bryobacter
ASV_004610,sediment,1,FALSE,2,34,11,-0.0316287425046092,,Entotheonellaeota,NA
ASV_004611,sediment,1,FALSE,4,34,14,-0.20219887719384302,,Acidobacteriota,Bryobacter
ASV_004613,sediment,1,FALSE,2,34,8,0.4652134859351207,,Actinomycetota,NA
ASV_004614,sediment,1,FALSE,1,34,12,-0.2933773592197636,,Myxococcota,Anaeromyxobacter
ASV_004616,sediment,1,FALSE,4,34,8,0.051817244663479624,,Pseudomonadota,Pedomicrobium
ASV_004625,sediment,1,TRUE,4,34,4,-0.07443873683187767,,Gemmatimonadota,NA
ASV_004627,sediment,1,TRUE,6,34,5,0.02931835372106453,,Pseudomonadota,NA
ASV_004628,sediment,1,FALSE,2,34,12,0.03053109661613188,,Pseudomonadota,NA
ASV_004630,sediment,1,FALSE,1,34,7,0.1956828341677042,,Chloroflexota,HSB OF53-F07
ASV_004633,sediment,1,TRUE,3,34,5,0.1655227245548782,,Pseudomonadota,MND1
ASV_004634,sediment,1,FALSE,2,34,8,0.028394277337039652,,Acidobacteriota,NA
ASV_004635,sediment,1,FALSE,1,34,12,-0.34180880115989526,,Chloroflexota,NA
ASV_004636,sediment,1,FALSE,2,34,8,0.23651154333710764,,Pseudomonadota,Reyranella
ASV_004638,sediment,1,FALSE,1,34,8,-0.41060540992636146,,Fibrobacterota,possible genus 04
ASV_004639,sediment,1,FALSE,1,34,5,0.24553000541408548,,Acidobacteriota,NA
ASV_004640,sediment,1,TRUE,4,34,9,0.23567203808840284,,Actinomycetota,NA
ASV_004641,sediment,1,FALSE,1,34,8,-0.18811569384868393,,Myxococcota,NA
ASV_004644,sediment,1,FALSE,3,34,7,0.23008362058045548,,Bacteroidota,NA
ASV_004645,sediment,1,TRUE,8,34,8,-0.029731968646899448,,Actinomycetota,Gaiella
ASV_004652,sediment,1,TRUE,2,34,8,0.01413506985480439,,Thermodesulfobacteriota,NA
ASV_004654,sediment,1,FALSE,3,34,12,-0.06162049288621501,,Planctomycetota,NA
ASV_004657,sediment,1,FALSE,2,34,7,0.2266216319330383,,Acidobacteriota,Bryobacter
ASV_004659,sediment,1,FALSE,3,34,12,0.38138572492691875,,Planctomycetota,NA
ASV_004660,sediment,1,TRUE,4,34,5,-0.22061424607089464,,Pseudomonadota,Reyranella
ASV_004661,sediment,1,FALSE,1,34,7,0.5283427582476956,,Verrucomicrobiota,NA
ASV_004664,sediment,1,FALSE,1,34,7,-6.5207330552394e-4,,Bdellovibrionota,OM27 clade
ASV_004666,sediment,1,FALSE,3,34,10,-0.24604256145949033,,Pseudomonadota,Rhodoplanes
ASV_004670,sediment,1,FALSE,2,34,16,-0.4373550296218514,,Gemmatimonadota,NA
ASV_004671,sediment,1,FALSE,1,34,6,-0.2133753415983908,,Verrucomicrobiota,SH3-11
ASV_004673,sediment,1,FALSE,1,34,6,-0.30304816834771453,,Myxococcota,NA
ASV_004679,sediment,1,FALSE,3,34,8,-0.380700667711381,,Verrucomicrobiota,NA
ASV_004681,sediment,1,FALSE,4,34,3,-0.14628119282437918,,Acidobacteriota,NA
ASV_004682,sediment,1,TRUE,10,34,4,-0.17679199997570946,,Chloroflexota,Dictyobacter
ASV_004683,sediment,1,TRUE,2,34,10,0.06276205565667922,,Chloroflexota,NA
ASV_004686,sediment,1,FALSE,2,34,10,0.06975761532860653,,Planctomycetota,NA
ASV_004687,sediment,1,FALSE,5,34,5,0.05059406172169034,,Bacteroidota,NA
ASV_004688,sediment,1,FALSE,2,34,8,-0.03271514562745873,,Actinomycetota,Luedemannella
ASV_004690,sediment,1,FALSE,2,34,6,0.056190561477838484,,Acidobacteriota,Subgroup 10
ASV_004692,sediment,1,FALSE,2,34,4,-0.2326210525996177,,Acidobacteriota,Bryobacter
ASV_004693,sediment,1,TRUE,6,34,3,-0.35126120824707613,,Acidobacteriota,NA
ASV_004698,sediment,1,FALSE,1,34,14,-0.13659220422687463,,Planctomycetota,NA
ASV_004707,sediment,1,TRUE,4,34,9,-0.1160467345910284,,Myxococcota,NA
ASV_004708,sediment,1,TRUE,2,34,9,0.17388504728547588,,Verrucomicrobiota,Candidatus Udaeobacter
ASV_004710,sediment,1,FALSE,2,34,8,-0.17513509284926762,,Myxococcota,NA
ASV_004712,sediment,1,TRUE,5,34,7,-0.12189151636921504,,Pseudomonadota,NA
ASV_004720,sediment,1,FALSE,1,34,15,0.15783465648927014,,Planctomycetota,Pir4 lineage
ASV_004721,sediment,1,TRUE,8,34,5,0.17094090983129148,,Bacteroidota,Mucilaginibacter
ASV_004722,sediment,1,FALSE,1,34,7,0.4979641625284229,,Actinomycetota,Longivirga
ASV_004724,sediment,1,FALSE,1,34,12,0.2731028956354902,,Planctomycetota,Gemmata
ASV_004726,sediment,1,FALSE,3,34,10,-0.18410202992625904,,Verrucomicrobiota,NA
ASV_004728,sediment,1,FALSE,2,34,10,0.08256395534789425,,Pseudomonadota,NA
ASV_004729,sediment,1,FALSE,2,34,12,0.001083069456614086,,Pseudomonadota,Hirschia
ASV_004733,sediment,1,TRUE,5,34,5,0.18709085044035245,,Planctomycetota,Aquisphaera
ASV_004734,sediment,1,FALSE,4,34,9,0.2554930673641306,,Planctomycetota,NA
ASV_004736,sediment,1,FALSE,2,34,7,-0.12170430766347674,,Verrucomicrobiota,NA
ASV_004745,sediment,1,FALSE,2,34,10,-0.08647416706969394,,Planctomycetota,NA
ASV_004746,sediment,1,FALSE,3,34,17,0.15624636708169076,,Planctomycetota,NA
ASV_004747,sediment,1,FALSE,1,34,8,-0.11085021170930115,,Acidobacteriota,NA
ASV_004749,sediment,1,FALSE,1,34,14,0.045318415933470774,,Acidobacteriota,Bryobacter
ASV_004750,sediment,1,TRUE,4,34,5,-0.42263152270788784,,Actinomycetota,Pseudonocardia
ASV_004756,sediment,1,FALSE,1,34,7,0.35217403081155846,,SAR324 clade(Marine group B),Candidatus Nitrosoarchaeum
ASV_004759,sediment,1,FALSE,1,34,4,-0.14100745087059857,,Pseudomonadota,NA
ASV_004765,sediment,1,FALSE,2,34,6,-0.08172429944454056,,Pseudomonadota,GOUTA6
ASV_004766,sediment,1,FALSE,2,34,9,-0.347572945991263,,Chloroflexota,NA
ASV_004769,sediment,1,FALSE,2,34,16,5.045791962537547e-4,,Planctomycetota,NA
ASV_004770,sediment,1,FALSE,1,34,9,-0.12193091113598593,,Actinomycetota,Phytohabitans
ASV_004771,sediment,1,FALSE,1,34,6,0.08766414205733641,,Myxococcota,Anaeromyxobacter
ASV_004775,sediment,1,FALSE,1,34,10,0.09988343318590959,,NB1-j,NA
ASV_004776,sediment,1,FALSE,1,34,5,-0.3589428823307876,,Myxococcota,Phaselicystis
ASV_004777,sediment,1,FALSE,1,34,11,0.1012618812494535,,Planctomycetota,NA
ASV_004778,sediment,1,FALSE,2,34,11,0.16074632230716918,,Pseudomonadota,Pararhizobium
ASV_004779,sediment,1,FALSE,1,34,10,0.11053851627196026,,Pseudomonadota,Arenimonas
ASV_004780,sediment,1,FALSE,1,34,12,-0.3350756184236898,,Bacteroidota,NA
ASV_004782,sediment,1,FALSE,1,34,7,-0.029194724129355715,,MBNT15,NA
ASV_004791,sediment,1,FALSE,2,34,16,0.14516405470530622,,Bacteroidota,NA
ASV_004793,sediment,1,TRUE,3,34,7,0.12753062566743492,,Actinomycetota,NA
ASV_004797,sediment,1,FALSE,1,34,7,-0.2775429743087733,,Bacillota,Ruminiclostridium
ASV_004798,sediment,1,FALSE,1,34,13,-0.029473965434683735,,Chloroflexota,NA
ASV_004802,sediment,1,FALSE,1,34,7,-0.24405021756896014,,Entotheonellaeota,NA
ASV_004813,sediment,1,FALSE,5,34,4,0.19402188007388563,,Pseudomonadota,Dongia
ASV_004817,sediment,1,FALSE,3,34,10,-0.04215692420865796,,Pseudomonadota,NA
ASV_004820,sediment,1,FALSE,4,34,15,-0.053099039489602144,,Planctomycetota,Gemmata
ASV_004822,sediment,1,TRUE,3,34,9,0.21038429587073246,,Acidobacteriota,NA
ASV_004823,sediment,1,TRUE,4,34,5,0.3531663916259169,,Gemmatimonadota,NA
ASV_004828,sediment,1,FALSE,1,34,6,-0.09870844341889061,,Acidobacteriota,NA
ASV_004832,sediment,1,TRUE,3,34,4,-0.13708120471587693,,Verrucomicrobiota,Candidatus Udaeobacter
ASV_004840,sediment,1,FALSE,1,34,5,0.09844019941100653,,Chloroflexota,NA
ASV_004841,sediment,1,FALSE,1,34,17,0.23716508067071904,,Planctomycetota,NA
ASV_004843,sediment,1,FALSE,4,34,4,-0.1351367415690871,,Verrucomicrobiota,NA
ASV_004851,sediment,1,TRUE,6,34,6,-0.14941651098143466,,Planctomycetota,NA
ASV_004852,sediment,1,FALSE,2,34,5,-0.41691692833852784,,Pseudomonadota,Candidatus Berkiella
ASV_004857,sediment,1,FALSE,1,34,6,-0.4872170660282242,,Verrucomicrobiota,NA
ASV_004858,sediment,1,FALSE,3,34,6,-0.296815599091769,,Gemmatimonadota,Gemmatimonas
ASV_004859,sediment,1,FALSE,1,34,13,0.2633358459372636,,Acidobacteriota,RB41
ASV_004863,sediment,1,FALSE,4,34,6,-0.01612304145733114,,Verrucomicrobiota,NA
ASV_004866,sediment,1,FALSE,1,34,12,-0.036828288828417516,,Pseudomonadota,NA
ASV_004867,sediment,1,FALSE,1,34,4,-0.008465173996398775,,Pseudomonadota,NA
ASV_004871,sediment,1,FALSE,1,34,6,-0.11240063187396566,,Actinomycetota,NA
ASV_004873,sediment,1,TRUE,6,34,4,-0.3585305727562506,,Myxococcota,NA
ASV_004875,sediment,1,FALSE,1,34,8,0.08415405384673347,,Pseudomonadota,NA
ASV_004877,sediment,1,FALSE,7,34,4,-0.06825087958034701,,Bacteroidota,Ferruginibacter
ASV_004880,sediment,1,FALSE,2,34,12,0.011845749590562062,,Latescibacterota,NA
ASV_004881,sediment,1,FALSE,2,34,9,0.05142240719466719,,Myxococcota,NA
ASV_004883,sediment,1,FALSE,2,34,8,0.148576152479793,,Verrucomicrobiota,NA
ASV_004885,sediment,1,TRUE,4,34,8,-0.12943989005578377,,Acidobacteriota,NA
ASV_004887,sediment,1,FALSE,4,34,9,-0.21824347771544422,,Chloroflexota,NA
ASV_004888,sediment,1,FALSE,1,34,5,0.06377712175502803,,Myxococcota,NA
ASV_004892,sediment,1,FALSE,2,34,10,0.1680069531639768,,Acidobacteriota,Subgroup 10
ASV_004893,sediment,1,FALSE,1,34,9,0.0218668107328028,,NB1-j,NA
ASV_004900,sediment,1,FALSE,1,34,13,-0.12847963424656972,,Pseudomonadota,NA
ASV_004901,sediment,1,TRUE,3,34,4,0.027914526311954124,,Pseudomonadota,Candidatus Paracaedibacter
ASV_004904,sediment,1,FALSE,3,34,7,0.19295113545935547,,Acidobacteriota,NA
ASV_004906,sediment,1,FALSE,1,34,11,-0.17331946365824494,,Planctomycetota,NA
ASV_004926,sediment,1,FALSE,1,34,4,0.06579384791545452,,Verrucomicrobiota,Candidatus Udaeobacter
ASV_004929,sediment,1,FALSE,1,34,8,0.016071220284991618,,Pseudomonadota,NA
ASV_004933,sediment,1,FALSE,1,34,7,-0.02578200210328065,,Verrucomicrobiota,Opitutus
ASV_004935,sediment,1,FALSE,5,34,6,0.09827389684092021,,Bacteroidota,NA
ASV_004937,sediment,1,TRUE,7,34,6,0.24378483370655127,,Pseudomonadota,NA
ASV_004940,sediment,1,FALSE,1,34,10,-0.11061091260343268,,Actinomycetota,NA
ASV_004941,sediment,1,FALSE,2,34,8,0.19505633996748978,,Verrucomicrobiota,NA
ASV_004943,sediment,1,FALSE,1,34,11,0.1378749397557935,,Pseudomonadota,NA
ASV_004946,sediment,1,FALSE,1,34,3,0.11553419051097465,,Planctomycetota,NA
ASV_004951,sediment,1,TRUE,5,34,3,-0.2292049263362884,,Pseudomonadota,Sphingomonas
ASV_004952,sediment,1,TRUE,5,34,3,-0.2785864755063018,,Bacteroidota,Terrimonas
ASV_004953,sediment,1,TRUE,5,34,5,0.02953104081263944,,MBNT15,NA
ASV_004954,sediment,1,FALSE,1,34,11,0.08512965889470842,,Planctomycetota,NA
ASV_004958,sediment,1,FALSE,2,34,9,-0.16160864053593796,,Actinomycetota,Acidiferrimicrobium
ASV_004959,sediment,1,FALSE,3,34,8,-0.04030019724931349,,Actinomycetota,Acidiferrimicrobium
ASV_004962,sediment,1,FALSE,3,34,9,-0.07950695266252389,,Pseudomonadota,NA
ASV_004976,sediment,1,TRUE,3,34,5,0.014162255611022696,,Acidobacteriota,NA
ASV_004981,sediment,1,TRUE,6,34,3,-0.07546991476926569,,Pseudomonadota,NA
ASV_004985,sediment,1,FALSE,5,34,8,-0.23671738454105637,,Chloroflexota,NA
ASV_004986,sediment,1,TRUE,5,34,3,0.12050340300607032,,Acidobacteriota,NA
ASV_004991,sediment,1,FALSE,3,34,9,-0.32645235217123586,,Bacteroidota,Cytophaga
ASV_004995,sediment,1,FALSE,1,34,6,0.39320134468798595,,Pseudomonadota,MND1
ASV_004996,sediment,1,FALSE,1,34,4,-0.2784623884440696,,Pseudomonadota,MND1
ASV_004998,sediment,1,TRUE,2,34,4,0.12042392685199546,,Actinomycetota,Acidothermus
ASV_005000,sediment,1,TRUE,6,34,4,0.05582905262390825,,Verrucomicrobiota,Candidatus Udaeobacter
ASV_005001,sediment,1,FALSE,2,34,7,-0.3418889971518436,,Myxococcota,NA
ASV_005002,sediment,1,FALSE,4,34,8,-0.3572755894125059,,Acidobacteriota,NA
ASV_005005,sediment,1,FALSE,1,34,11,0.1482386936166317,,Pseudomonadota,MND1
ASV_005007,sediment,1,FALSE,1,34,8,0.20892052430056327,,Chloroflexota,NA
ASV_005008,sediment,1,FALSE,2,34,7,0.007138673540288012,,Chloroflexota,NA
ASV_005011,sediment,1,TRUE,10,34,3,-0.31180291613674993,,Pseudomonadota,NA
ASV_005012,sediment,1,FALSE,2,34,8,0.29393740690511616,,Thermodesulfobacteriota,NA
ASV_005015,sediment,1,FALSE,1,34,9,0.14903686447277786,,Acidobacteriota,Bryobacter
ASV_005016,sediment,1,FALSE,1,34,5,0.3157168655476069,,Pseudomonadota,GOUTA6
ASV_005019,sediment,1,FALSE,6,34,12,-0.004332277826456344,,Myxococcota,Pajaroellobacter
ASV_005021,sediment,1,FALSE,4,34,6,-2.3004975899038984e-4,,Planctomycetota,Aquisphaera
ASV_005024,sediment,1,TRUE,9,34,3,-0.22724619311661434,,Myxococcota,Pajaroellobacter
ASV_005025,sediment,1,FALSE,2,34,3,-0.12019282722512684,,Pseudomonadota,NA
ASV_005027,sediment,1,FALSE,1,34,5,0.1913313652650841,,Pseudomonadota,Bauldia
ASV_005031,sediment,1,FALSE,1,34,15,-0.29662453487746976,,Pseudomonadota,MND1
ASV_005033,sediment,1,FALSE,1,34,12,0.1288050792822716,,Bdellovibrionota,OM27 clade
ASV_005034,sediment,1,FALSE,1,34,4,0.16748715787172477,,Acidobacteriota,NA
ASV_005038,sediment,1,FALSE,1,34,10,0.06398624802362744,,Planctomycetota,NA
ASV_005039,sediment,1,FALSE,1,34,5,0.2928999357515505,,Verrucomicrobiota,NA
ASV_005040,sediment,1,TRUE,7,34,5,-0.18560008669182376,,Myxococcota,NA
ASV_005043,sediment,1,FALSE,3,34,4,0.12679739768208864,,Actinomycetota,NA
ASV_005045,sediment,1,FALSE,1,34,5,-0.11814797620579426,,Pseudomonadota,GOUTA6
ASV_005049,sediment,1,TRUE,5,34,3,0.30123332575923295,,Pseudomonadota,Phenylobacterium
ASV_005050,sediment,1,FALSE,2,34,11,-0.13544859892210165,,Pseudomonadota,NA
ASV_005056,sediment,1,TRUE,7,34,4,0.07443873683187767,,Planctomycetota,Singulisphaera
ASV_005057,sediment,1,TRUE,2,34,7,0.25791784773523274,,Planctomycetota,NA
ASV_005058,sediment,1,FALSE,1,34,12,-0.1302889363681183,,Myxococcota,NA
ASV_005062,sediment,1,FALSE,4,34,7,-0.01927345797517692,,Pseudomonadota,Labrys
ASV_005063,sediment,1,FALSE,2,34,9,0.14167888144664648,,Bacteroidota,Ferruginibacter
ASV_005066,sediment,1,FALSE,2,34,11,0.17450711570564345,,Latescibacterota,NA
ASV_005070,sediment,1,FALSE,2,34,7,0.07828481341144622,,Chloroflexota,NA
ASV_005077,sediment,1,FALSE,2,34,14,-0.053797272045296704,,Acidobacteriota,NA
ASV_005079,sediment,1,FALSE,2,34,8,0.03646930756978867,,Pseudomonadota,NA
ASV_005080,sediment,1,FALSE,2,34,5,0.31156962344249933,,Bacteroidota,NA
ASV_005082,sediment,1,FALSE,1,34,8,0.19733412608214326,,Methylomirabilota,NA
ASV_005083,sediment,1,FALSE,2,34,7,-0.3476850174054246,,Armatimonadota,NA
ASV_005084,sediment,1,FALSE,1,34,16,0.01675582847040711,,Verrucomicrobiota,NA
ASV_005085,sediment,1,FALSE,3,34,10,-0.1986153890886407,,Pseudomonadota,NA
ASV_005086,sediment,1,TRUE,3,34,4,-0.00792483735513054,,Acidobacteriota,NA
ASV_005088,sediment,1,TRUE,4,34,4,-0.4652421051992354,,Actinomycetota,Baekduia
ASV_005089,sediment,1,FALSE,1,34,14,0.35706633666275017,,Pseudomonadota,NA
ASV_005090,sediment,1,FALSE,4,34,16,-0.054881769910371594,,Myxococcota,Pajaroellobacter
ASV_005092,sediment,1,FALSE,1,34,9,0.05967831170286318,,Pseudomonadota,NA
ASV_005096,sediment,1,FALSE,1,34,4,-0.29737337038962147,,Verrucomicrobiota,Luteolibacter
ASV_005100,sediment,1,FALSE,3,34,13,0.13572036391146294,,Acidobacteriota,NA
ASV_005102,sediment,1,TRUE,4,34,3,-0.06708436868379172,,Pseudomonadota,NA
ASV_005103,sediment,1,TRUE,3,34,4,0.022943490216519105,,Gemmatimonadota,NA
ASV_005104,sediment,1,TRUE,6,34,3,-0.2166766027390974,,Acidobacteriota,NA
ASV_005105,sediment,1,FALSE,3,34,10,0.10734409369933919,,Pseudomonadota,GOUTA6
ASV_005108,sediment,1,TRUE,2,34,3,0.1754753162330663,,Actinomycetota,Mycobacterium
ASV_005109,sediment,1,TRUE,4,34,8,0.0425737248662685,,Actinomycetota,Pedococcus-Phycicoccus
ASV_005113,sediment,1,FALSE,4,34,8,0.07375253474025723,,Bacteroidota,NA
ASV_005118,sediment,1,FALSE,3,34,14,0.030776004470771008,,Pseudomonadota,Reyranella
ASV_005123,sediment,1,TRUE,2,34,6,0.17391761779673473,,Pseudomonadota,Phenylobacterium
ASV_005124,sediment,1,FALSE,2,34,12,0.3034458551307379,,Pseudomonadota,NA
ASV_005127,sediment,1,TRUE,1,34,3,3.1047779205290636e-4,,Acidobacteriota,Subgroup 10
ASV_005130,sediment,1,FALSE,2,34,8,-0.03138374468283831,,Pseudomonadota,MND1
ASV_005131,sediment,1,FALSE,4,34,11,-0.2355916657401643,,Pseudomonadota,NA
ASV_005136,sediment,1,FALSE,5,34,6,0.0593631198183538,,Gemmatimonadota,Gemmatimonas
ASV_005140,sediment,1,FALSE,1,34,12,0.04347568302759193,,Planctomycetota,Pir4 lineage
ASV_005141,sediment,1,TRUE,6,34,4,-0.2254479592407826,,Acidobacteriota,NA
ASV_005150,sediment,1,FALSE,3,34,9,0.010482259928143696,,Pseudomonadota,Reyranella
ASV_005152,sediment,1,FALSE,1,34,10,0.025785502934894643,,Acidobacteriota,NA
ASV_005155,sediment,1,FALSE,3,34,8,-0.054891144377979005,,Pseudomonadota,Novosphingobium
ASV_005158,sediment,1,FALSE,1,34,10,-0.18811684789435695,,Pseudomonadota,NA
ASV_005160,sediment,1,TRUE,4,34,6,0,,Actinomycetota,Actinomadura
ASV_005164,sediment,1,TRUE,4,34,4,-0.15295660144346068,,Myxococcota,Pajaroellobacter
ASV_005170,sediment,1,FALSE,1,34,10,-0.19418888332406828,,Armatimonadota,NA
ASV_005174,sediment,1,FALSE,1,34,14,-0.12365563614646533,,Verrucomicrobiota,NA
ASV_005177,sediment,1,FALSE,3,34,8,-0.20045635286150884,,Acidobacteriota,NA
ASV_005178,sediment,1,FALSE,2,34,9,-0.03055802985175597,,Chloroflexota,NA
ASV_005181,sediment,1,FALSE,1,34,10,-0.1589558775520706,,Myxococcota,NA
ASV_005186,sediment,1,FALSE,1,34,8,-0.06418566139498591,,Acidobacteriota,NA
ASV_005188,sediment,1,FALSE,1,34,11,-0.17821955299977071,,Bacteroidota,NA
ASV_005194,sediment,1,FALSE,1,34,10,0.014824142926233247,,Cyanobacteriota,NA
ASV_005198,sediment,1,TRUE,5,34,4,-0.17480754450681224,,Planctomycetota,NA
ASV_005200,sediment,1,FALSE,3,34,7,0.30375098276302076,,Gemmatimonadota,NA
ASV_005202,sediment,1,FALSE,1,34,3,0.13230528268192257,,Acidobacteriota,NA
ASV_005203,sediment,1,FALSE,2,34,6,0.07846055758937459,,Acidobacteriota,NA
ASV_005204,sediment,1,FALSE,1,34,9,-0.24576277651471315,,Pseudomonadota,NA
ASV_005205,sediment,1,FALSE,1,34,16,0.20918010438141493,,Myxococcota,Pajaroellobacter
ASV_005207,sediment,1,TRUE,6,34,5,-0.3174292167678636,,Verrucomicrobiota,Opitutus
ASV_005211,sediment,1,FALSE,1,34,7,-0.2951718496338368,,Acidobacteriota,NA
ASV_005212,sediment,1,FALSE,2,34,5,0.044722912455861144,,Acidobacteriota,NA
ASV_005215,sediment,1,FALSE,1,34,11,-0.3461843494812341,,RCP2-54,NA
ASV_005217,sediment,1,FALSE,2,34,10,-0.0040240707837670255,,Bacteroidota,Ferruginibacter
ASV_005222,sediment,1,FALSE,3,34,6,-0.2712286658496696,,Myxococcota,NA
ASV_005224,sediment,1,FALSE,1,34,10,-0.1369353941600274,,Acidobacteriota,NA
ASV_005231,sediment,1,FALSE,3,34,5,-0.04094640112676897,,Actinomycetota,NA
ASV_005232,sediment,1,TRUE,7,34,4,-0.04370188612670306,,Planctomycetota,NA
ASV_005235,sediment,1,FALSE,3,34,9,-0.3285816898422816,,Myxococcota,NA
ASV_005237,sediment,1,TRUE,3,34,3,0.015854385566275418,,Pseudomonadota,Bauldia
ASV_005246,sediment,1,FALSE,1,34,6,-0.24678436339309145,,Pseudomonadota,NA
ASV_005249,sediment,1,FALSE,1,34,5,0.03596870624600152,,Pseudomonadota,mle1-7
ASV_005251,sediment,1,FALSE,1,34,11,-0.1102381797921529,,Sumerlaeota,Sumerlaea
ASV_005252,sediment,1,TRUE,6,34,4,-0.09011314254230952,,Pseudomonadota,NA
ASV_005253,sediment,1,TRUE,5,34,8,-0.2902718476229677,,Pseudomonadota,Rhodoplanes
ASV_005254,sediment,1,FALSE,3,34,7,0.03336424046406527,,Pseudomonadota,Caulobacter
ASV_005255,sediment,1,FALSE,1,34,5,0.039753699960765464,,Myxococcota,NA
ASV_005257,sediment,1,FALSE,2,34,5,-0.21293075541485001,,Acidobacteriota,Bryobacter
ASV_005271,sediment,1,TRUE,4,34,4,-0.058163937459127055,,Pseudomonadota,NA
ASV_005279,sediment,1,FALSE,3,34,5,0.03548688097653311,,Acidobacteriota,NA
ASV_005282,sediment,1,FALSE,1,34,4,-0.046524210519923545,,Actinomycetota,NA
ASV_005285,sediment,1,FALSE,1,34,8,0.018757576457479365,,Actinomycetota,Luedemannella
ASV_005291,sediment,1,FALSE,1,34,8,-0.31019355628135725,,Gemmatimonadota,NA
ASV_005303,sediment,1,FALSE,1,34,7,-0.100404068170359,,Acidobacteriota,NA
ASV_005306,sediment,1,FALSE,2,34,6,0.1242268698548105,,Actinomycetota,NA
ASV_005307,sediment,1,FALSE,2,34,5,-0.08161175417196206,,Pseudomonadota,Amaricoccus
ASV_005309,sediment,1,FALSE,2,34,7,-0.42654928713687895,,Gemmatimonadota,Gemmatimonas
ASV_005311,sediment,1,FALSE,1,34,5,0.13147182283021247,,Acidobacteriota,NA
ASV_005315,sediment,1,FALSE,1,34,6,0.03869529949759474,,Acidobacteriota,NA
ASV_005316,sediment,1,FALSE,3,34,4,0.19556594041699615,,Pseudomonadota,MND1
ASV_005317,sediment,1,FALSE,2,34,14,0.12666009927622474,,Chloroflexota,NA
ASV_005318,sediment,1,FALSE,3,34,6,-0.3612603813447912,,Latescibacterota,NA
ASV_005319,sediment,1,FALSE,1,34,12,-0.3634491351649724,,Planctomycetota,Telmatocola
ASV_005320,sediment,1,TRUE,3,34,3,-0.09969482568285715,,Acidobacteriota,NA
ASV_005321,sediment,1,FALSE,5,34,4,-0.2719039023570651,,Bacillota,Paenibacillus
ASV_005325,sediment,1,FALSE,2,34,8,0.3550091352697507,,Actinomycetota,NA
ASV_005327,sediment,1,FALSE,4,34,8,0.05377677556901041,,Planctomycetota,NA
ASV_005328,sediment,1,FALSE,2,34,7,0.13182174847218137,,Acidobacteriota,Vicinamibacter
ASV_005329,sediment,1,TRUE,1,34,6,0.32447746361587876,,Myxococcota,P3OB-42
ASV_005330,sediment,1,FALSE,3,34,3,0.3643053910467023,,Bdellovibrionota,NA
ASV_005337,sediment,1,FALSE,2,34,8,0.30032002133340957,,Planctomycetota,NA
ASV_005338,sediment,1,FALSE,3,34,10,-0.1974559821869846,,Acidobacteriota,Bryobacter
ASV_005341,sediment,1,TRUE,7,34,4,0.010110999384132067,,Myxococcota,Pajaroellobacter
ASV_005347,sediment,1,FALSE,1,34,11,-0.12321640671207133,,MBNT15,NA
ASV_005348,sediment,1,FALSE,1,34,8,-0.004348060933208722,,Gemmatimonadota,NA
ASV_005350,sediment,1,FALSE,1,34,11,-0.012856376462188577,,Incertae Sedis,NA
ASV_005351,sediment,1,FALSE,1,34,4,0.23446587761041388,,Actinomycetota,Nocardioides
ASV_005354,sediment,1,FALSE,3,34,8,-0.3600162657063544,,Chloroflexota,NA
ASV_005358,sediment,1,FALSE,1,34,10,0.174965822053718,,Bacteroidota,Aurantisolimonas
ASV_005359,sediment,1,FALSE,2,34,6,0.0644809721876835,,Thermodesulfobacteriota,NA
ASV_005360,sediment,1,FALSE,2,34,6,-0.14941651098143466,,Acidobacteriota,NA
ASV_005362,sediment,1,FALSE,4,34,9,-0.038522450228482955,,Chloroflexota,NA
ASV_005363,sediment,1,TRUE,2,34,4,0.07651567101505348,,Chloroflexota,NA
ASV_005366,sediment,1,FALSE,2,34,8,-0.3453794833545873,,Planctomycetota,NA
ASV_005367,sediment,1,FALSE,4,34,10,-0.12491643644015625,,Bacteroidota,NA
ASV_005373,sediment,1,FALSE,3,34,6,0.12839000332806752,,Chloroflexota,NA
ASV_005383,sediment,1,FALSE,1,34,11,-0.024613915419490658,,Chloroflexota,NA
ASV_005385,sediment,1,TRUE,1,34,9,-0.09331561829455891,,Methylomirabilota,NA
ASV_005386,sediment,1,FALSE,1,34,15,0.24321101038352197,,Planctomycetota,NA
ASV_005388,sediment,1,FALSE,1,34,8,-0.15541991921911472,,Acidobacteriota,NA
ASV_005389,sediment,1,FALSE,3,34,3,0.17795992248061415,,Pseudomonadota,Pseudomonas
ASV_005390,sediment,1,FALSE,2,34,11,-0.057409400823988994,,Myxococcota,NA
ASV_005392,sediment,1,FALSE,2,34,13,-0.15956913108601684,,Planctomycetota,NA
ASV_005393,sediment,1,FALSE,2,34,4,0.11504677677620542,,Verrucomicrobiota,NA
ASV_005396,sediment,1,FALSE,3,34,8,-0.12918788613704799,,Thermodesulfobacteriota,NA
ASV_005400,sediment,1,TRUE,4,34,5,-0.25817576297119577,,Chloroflexota,NA
ASV_005405,sediment,1,TRUE,7,34,4,-0.11253235677626036,,Verrucomicrobiota,Pedosphaera
ASV_005406,sediment,1,FALSE,1,34,5,-0.20303580784945316,,Planctomycetota,Pirellula
ASV_005415,sediment,1,FALSE,1,34,5,-0.05358096930438847,,Planctomycetota,NA
ASV_005417,sediment,1,FALSE,3,34,11,-0.05806876332338384,,Verrucomicrobiota,NA
ASV_005421,sediment,1,TRUE,1,34,4,0.04341815049765823,,Pseudomonadota,NA
ASV_005425,sediment,1,FALSE,1,34,9,-0.018943137352197856,,Bacteroidota,NA
ASV_005431,sediment,1,FALSE,2,34,9,-0.0246279148113388,,Actinomycetota,Nocardioides
ASV_005434,sediment,1,FALSE,2,34,8,-0.056194648678007296,,Pseudomonadota,Pseudolabrys
ASV_005440,sediment,1,FALSE,1,34,9,0.14047703677802909,,Planctomycetota,NA
ASV_005442,sediment,1,FALSE,2,34,11,0.14626457279446425,,Verrucomicrobiota,NA
ASV_005448,sediment,1,TRUE,5,34,5,-0.2270930110258727,,Pseudomonadota,NA
ASV_005453,sediment,1,FALSE,1,34,7,0.2603966558489888,,Verrucomicrobiota,Candidatus Xiphinematobacter
ASV_005458,sediment,1,FALSE,2,34,10,0.3278104363796687,,Actinomycetota,NA
ASV_005461,sediment,1,FALSE,1,34,3,-0.14002548421586075,,Pseudomonadota,MND1
ASV_005462,sediment,1,FALSE,3,34,3,-0.1462350400569189,,Chloroflexota,NA
ASV_005467,sediment,1,FALSE,1,34,7,-0.3489204010499085,,Latescibacterota,NA
ASV_005472,sediment,1,FALSE,3,34,10,0.11106981970757776,,Incertae Sedis,NA
ASV_005474,sediment,1,FALSE,1,34,10,0.006303122939640912,,Planctomycetota,NA
ASV_005475,sediment,1,FALSE,1,34,10,0.4160679624654319,,Planctomycetota,NA
ASV_005476,sediment,1,FALSE,1,34,13,-0.11621043098137641,,Myxococcota,NA
ASV_005477,sediment,1,FALSE,2,34,6,-0.15635262099882086,,Verrucomicrobiota,NA
ASV_005483,sediment,1,FALSE,2,34,6,-0.21927539994919057,,Pseudomonadota,NA
ASV_005485,sediment,1,FALSE,2,34,7,0.18714624369550717,,Bacteroidota,Chryseotalea
ASV_005487,sediment,1,FALSE,1,34,9,-0.31039119848965857,,Myxococcota,NA
ASV_005490,sediment,1,FALSE,2,34,6,-0.1462336333542108,,Verrucomicrobiota,Pedosphaera
ASV_005493,sediment,1,FALSE,1,34,7,-0.2977801428559326,,Pseudomonadota,NA
ASV_005494,sediment,1,FALSE,2,34,11,0.07807561924470387,,Pseudomonadota,NA
ASV_005499,sediment,1,FALSE,1,34,9,0.04045149122083917,,Acidobacteriota,Candidatus Solibacter
ASV_005500,sediment,1,FALSE,3,34,7,-0.25133545358411685,,Planctomycetota,NA
ASV_005507,sediment,1,TRUE,5,34,5,-0.2435459245622545,,Pseudomonadota,NA
ASV_005514,sediment,1,FALSE,1,34,7,-0.1462570452806889,,Verrucomicrobiota,NA
ASV_005519,sediment,1,FALSE,4,34,11,0.09803060542364256,,Latescibacterota,NA
ASV_005521,sediment,1,FALSE,3,34,7,-0.12631014475808924,,Myxococcota,Pajaroellobacter
ASV_005522,sediment,1,FALSE,2,34,12,0.10624281619675913,,Planctomycetota,NA
ASV_005523,sediment,1,FALSE,3,34,10,0.13498720971852265,,Actinomycetota,NA
ASV_005530,sediment,1,TRUE,4,34,5,-0.24971098385738608,,Pseudomonadota,NA
ASV_005535,sediment,1,FALSE,3,34,5,0.0632935586816755,,Pseudomonadota,Phenylobacterium
ASV_005537,sediment,1,FALSE,3,34,4,0.23419260735678868,,Bdellovibrionota,NA
ASV_005539,sediment,1,FALSE,5,34,7,0.12182741592622218,,Actinomycetota,Acidiferrimicrobium
ASV_005544,sediment,1,FALSE,1,34,4,0.09721296589412785,,Bacteroidota,NA
ASV_005547,sediment,1,TRUE,2,34,7,-0.13606596308599544,,Planctomycetota,NA
ASV_005548,sediment,1,FALSE,1,34,7,-0.15983854691601249,,Myxococcota,NA
ASV_005551,sediment,1,FALSE,3,34,7,0.16499013035446788,,FCPU426,NA
ASV_005552,sediment,1,FALSE,3,34,11,-0.2966624542664927,,Pseudomonadota,Aquabacter
ASV_005557,sediment,1,FALSE,1,34,11,0.0820575560845472,,Chloroflexota,NA
ASV_005558,sediment,1,FALSE,2,34,5,0.05317057369752381,,Pseudomonadota,NA
ASV_005559,sediment,1,TRUE,4,34,5,0.17793072489632336,,Acidobacteriota,NA
ASV_005562,sediment,1,FALSE,3,34,8,-0.030019534685713105,,Planctomycetota,NA
ASV_005565,sediment,1,FALSE,2,34,5,-0.20324304559287143,,Gemmatimonadota,Gemmatimonas
ASV_005569,sediment,1,FALSE,2,34,13,-0.033636551577203,,Planctomycetota,SM1A02
ASV_005570,sediment,1,FALSE,1,34,6,0.14631164671788793,,Planctomycetota,NA
ASV_005577,sediment,1,FALSE,1,34,3,0.21895592556515356,,Acidobacteriota,RB41
ASV_005594,sediment,1,FALSE,1,34,7,-0.06818366300285243,,Acidobacteriota,NA
ASV_005604,sediment,1,FALSE,1,34,8,-0.052590832239762644,,Pseudomonadota,NA
ASV_005605,sediment,1,FALSE,3,34,8,0.15962214832515467,,Chloroflexota,NA
ASV_005608,sediment,1,TRUE,4,34,5,-0.3363694184108832,,Planctomycetota,NA
ASV_005620,sediment,1,TRUE,7,34,7,-0.09129026277335159,,Planctomycetota,Gemmata
ASV_005622,sediment,1,TRUE,3,34,5,-0.03801447558748198,,Planctomycetota,NA
ASV_005627,sediment,1,FALSE,1,34,10,0.05908431899417493,,Pseudomonadota,NA
ASV_005631,sediment,1,FALSE,1,34,10,-0.11355387824596018,,Acidobacteriota,NA
ASV_005632,sediment,1,FALSE,2,34,5,-0.12053291174873287,,Verrucomicrobiota,Chthoniobacter
ASV_005643,sediment,1,FALSE,1,34,11,0.14832912014800337,,Verrucomicrobiota,Opitutus
ASV_005644,sediment,1,FALSE,4,34,8,-0.2761385964583062,,Verrucomicrobiota,Oleiharenicola
ASV_005647,sediment,1,FALSE,1,34,4,0.11313388500082908,,Latescibacterota,NA
ASV_005648,sediment,1,FALSE,1,34,4,0.015564997348217102,,Acidobacteriota,NA
ASV_005651,sediment,1,FALSE,1,34,10,-0.5419122071150233,,Abditibacteriota,Abditibacterium
ASV_005655,sediment,1,FALSE,1,34,7,0.27320256010283106,,Myxococcota,NA
ASV_005656,sediment,1,FALSE,4,34,4,0.1635690072207376,,Pseudomonadota,Candidatus Berkiella
ASV_005661,sediment,1,TRUE,6,34,3,0.3857351199318024,,Acidobacteriota,Candidatus Solibacter
ASV_005662,sediment,1,FALSE,1,34,9,0.1698265171928519,,Actinomycetota,Conexibacter
ASV_005664,sediment,1,FALSE,1,34,4,0.35726291908579744,,Chloroflexota,NA
ASV_005666,sediment,1,FALSE,2,34,6,-0.07474352717478439,,Myxococcota,Aetherobacter
ASV_005668,sediment,1,FALSE,1,34,7,-0.240155799203498,,Gemmatimonadota,Gemmatimonas
ASV_005672,sediment,1,FALSE,1,34,10,0.1521482001100485,,Bacteroidota,Cytophaga
ASV_005676,sediment,1,TRUE,2,34,5,-0.14437094507015782,,Acidobacteriota,NA
ASV_005678,sediment,1,FALSE,2,34,7,0.12213741907864924,,Pseudomonadota,Phenylobacterium
ASV_005679,sediment,1,FALSE,1,34,9,0.18726080570037254,,Acidobacteriota,NA
ASV_005680,sediment,1,FALSE,2,34,13,0.13046198240506507,,Actinomycetota,NA
ASV_005684,sediment,1,FALSE,3,34,11,-0.07833682980795915,,Gemmatimonadota,NA
ASV_005686,sediment,1,TRUE,4,34,5,-0.4409803321349604,,Verrucomicrobiota,Chthoniobacter
ASV_005687,sediment,1,TRUE,6,34,4,-0.2751831454005674,,Planctomycetota,NA
ASV_005688,sediment,1,FALSE,2,34,3,-0.10280058349229196,,Pseudomonadota,Phenylobacterium
ASV_005689,sediment,1,FALSE,1,34,13,0.2943294869714319,,Pseudomonadota,NA
ASV_005693,sediment,1,FALSE,1,34,8,0.18337674427746845,,Actinomycetota,Conexibacter
ASV_005699,sediment,1,FALSE,1,34,8,0.006593321142560663,,Pseudomonadota,Luteimonas
ASV_005700,sediment,1,FALSE,1,34,10,-0.21425961134623545,,Acidobacteriota,NA
ASV_005703,sediment,1,FALSE,1,34,9,-0.5344697995361963,,Pseudomonadota,GOUTA6
ASV_005704,sediment,1,FALSE,3,34,4,0.08410559970615557,,Chloroflexota,NA
ASV_005712,sediment,1,FALSE,2,34,3,-0.08103470372580855,,Pseudomonadota,MND1
ASV_005717,sediment,1,FALSE,1,34,7,0.08089257990066126,,Pseudomonadota,NA
ASV_005720,sediment,1,FALSE,3,34,5,-0.07195062246738243,,Chloroflexota,NA
ASV_005722,sediment,1,TRUE,3,34,3,0.3205142059336716,,Planctomycetota,NA
ASV_005723,sediment,1,FALSE,2,34,4,0.09919710206594434,,Myxococcota,NA
ASV_005725,sediment,1,FALSE,1,34,6,-0.020938154664613164,,Verrucomicrobiota,Opitutus
ASV_005729,sediment,1,FALSE,1,34,12,0.023654584725792526,,Acidobacteriota,Subgroup 10
ASV_005730,sediment,1,TRUE,2,34,8,-0.029815274970574096,,Gemmatimonadota,NA
ASV_005732,sediment,1,FALSE,1,34,16,0.13903852230218247,,Acidobacteriota,Bryobacter
ASV_005733,sediment,1,FALSE,1,34,15,-0.1123253752450071,,Pseudomonadota,NA
ASV_005735,sediment,1,FALSE,2,34,5,-0.14582994260957804,,Verrucomicrobiota,NA
ASV_005741,sediment,1,FALSE,1,34,8,-0.17183843227798729,,Bacteroidota,Chryseotalea
ASV_005742,sediment,1,TRUE,1,34,7,0.07998765881093664,,Acidobacteriota,NA
ASV_005743,sediment,1,TRUE,6,34,4,0.18609684207969418,,Verrucomicrobiota,Ellin516
ASV_005744,sediment,1,TRUE,3,34,10,0.13255658545790283,,Pseudomonadota,Rhodoplanes
ASV_005745,sediment,1,FALSE,1,34,8,-0.022224687628556297,,Bdellovibrionota,NA
ASV_005748,sediment,1,TRUE,8,34,6,-0.09550561805666893,,Actinomycetota,NA
ASV_005753,sediment,1,FALSE,2,34,7,0.4068937426469385,,Planctomycetota,Singulisphaera
ASV_005756,sediment,1,FALSE,1,34,6,-0.2757341686738271,,Entotheonellaeota,NA
ASV_005760,sediment,1,TRUE,3,34,3,-0.13416873736758345,,Chloroflexota,NA
ASV_005764,sediment,1,FALSE,3,34,6,0.23054979092244382,,Pseudomonadota,NA
ASV_005766,sediment,1,FALSE,2,34,6,-0.05121315750864856,,Myxococcota,Sandaracinus
ASV_005768,sediment,1,FALSE,8,34,6,-0.06771677412079079,,Bacteroidota,Sediminibacterium
ASV_005784,sediment,1,FALSE,1,34,9,0.008287622591586562,,Planctomycetota,NA
ASV_005785,sediment,1,FALSE,2,34,12,0.11971386328643781,,Planctomycetota,NA
ASV_005786,sediment,1,FALSE,2,34,12,0.07453850067724761,,Myxococcota,NA
ASV_005787,sediment,1,FALSE,1,34,10,0.08371869598213053,,Acidobacteriota,NA
ASV_005789,sediment,1,FALSE,1,34,10,-0.06773902588937791,,Bacteroidota,Flavobacterium
ASV_005807,sediment,1,FALSE,3,34,5,-0.2930769680649343,,Planctomycetota,NA
ASV_005809,sediment,1,FALSE,4,34,3,0.12205628191078771,,Bdellovibrionota,NA
ASV_005817,sediment,1,TRUE,3,34,3,0.0027951820284913215,,Planctomycetota,NA
ASV_005819,sediment,1,TRUE,3,34,5,-0.24741552680841614,,Verrucomicrobiota,ADurb.Bin063-1
ASV_005820,sediment,1,FALSE,4,34,4,-0.15029863949385508,,Planctomycetota,NA
ASV_005821,sediment,1,FALSE,1,34,9,-0.3997281973487176,,Planctomycetota,NA
ASV_005824,sediment,1,FALSE,1,34,6,-0.34461453896760397,,Bacteroidota,Terrimonas
ASV_005826,sediment,1,FALSE,1,34,10,-0.1736223864282906,,Thermodesulfobacteriota,NA
ASV_005828,sediment,1,TRUE,5,34,6,-0.12734082407555858,,Planctomycetota,Pir4 lineage
ASV_005829,sediment,1,FALSE,2,34,5,-0.17314591006695906,,Pseudomonadota,NA
ASV_005830,sediment,1,FALSE,1,34,6,0.025301091968091244,,Pseudomonadota,Methylotenera
ASV_005834,sediment,1,FALSE,1,34,11,0.16267392220851343,,Planctomycetota,NA
ASV_005835,sediment,1,FALSE,1,34,6,0.022838299970073007,,Patescibacteria,NA
ASV_005836,sediment,1,FALSE,2,34,14,-0.13624433439869413,,Verrucomicrobiota,NA
ASV_005845,sediment,1,FALSE,1,34,12,0.1580138421599432,,Actinomycetota,Ilumatobacter
ASV_005848,sediment,1,FALSE,1,34,3,0.11180728113965287,,Acidobacteriota,NA
ASV_005854,sediment,1,TRUE,3,34,7,-0.16193153753844508,,Acidobacteriota,NA
ASV_005858,sediment,1,FALSE,2,34,5,0.25764201533952613,,Acidobacteriota,Luteitalea
ASV_005862,sediment,1,TRUE,3,34,6,0.22805677991903184,,Pseudomonadota,FFCH5858
ASV_005863,sediment,1,TRUE,2,34,7,0.14797569274403935,,Bacteroidota,Puia
ASV_005868,sediment,1,FALSE,2,34,7,0.14775903726417985,,MBNT15,NA
ASV_005876,sediment,1,FALSE,1,34,6,-0.07910971978631903,,Pseudomonadota,NA
ASV_005878,sediment,1,FALSE,1,34,7,0.03661477609625571,,Planctomycetota,Fimbriiglobus
ASV_005887,sediment,1,FALSE,1,34,12,-0.13681244361325356,,Planctomycetota,Gemmata
ASV_005893,sediment,1,FALSE,1,34,8,0.13679241080315868,,Acidobacteriota,Paludibaculum
ASV_005894,sediment,1,FALSE,1,34,8,0.2958356171004005,,Bacteroidota,Chryseotalea
ASV_005895,sediment,1,FALSE,3,34,7,-0.23887618759027002,,Verrucomicrobiota,Opitutus
ASV_005901,sediment,1,TRUE,3,34,5,0.0549097980708073,,Planctomycetota,NA
ASV_005902,sediment,1,FALSE,5,34,6,0.027634702366150073,,Planctomycetota,Aquisphaera
ASV_005905,sediment,1,TRUE,4,34,4,-0.044816321594531326,,Acidobacteriota,NA
ASV_005906,sediment,1,FALSE,1,34,9,-0.0013837410849910727,,Pseudomonadota,NA
ASV_005909,sediment,1,TRUE,2,34,4,0.016388207297513644,,Bacteroidota,Terrimonas
ASV_005915,sediment,1,FALSE,3,34,8,-0.16625055136469594,,Myxococcota,NA
ASV_005918,sediment,1,FALSE,2,34,7,0.22478482447453532,,Pseudomonadota,Candidatus Paracaedibacter
ASV_005919,sediment,1,FALSE,1,34,4,0.14063111639178608,,Pseudomonadota,NA
ASV_005921,sediment,1,FALSE,1,34,7,0.37060594493119553,,Pseudomonadota,NA
ASV_005923,sediment,1,FALSE,2,34,6,0.09846129684788685,,Acidobacteriota,NA
ASV_005926,sediment,1,FALSE,4,34,3,-0.023285834403967975,,Acidobacteriota,NA
ASV_005927,sediment,1,TRUE,3,34,4,-0.10868191130860362,,Pseudomonadota,NA
ASV_005930,sediment,1,TRUE,3,34,4,-0.1954016841836789,,RCP2-54,NA
ASV_005931,sediment,1,FALSE,2,34,13,0.06681568841964354,,Verrucomicrobiota,NA
ASV_005932,sediment,1,FALSE,1,34,4,-0.31231602495966787,,Pseudomonadota,Hirschia
ASV_005935,sediment,1,FALSE,1,34,5,0.15925454765471017,,Thermodesulfobacteriota,NA
ASV_005938,sediment,1,TRUE,4,34,5,0.03809150601214364,,Actinomycetota,Acidiferrimicrobium
ASV_005940,sediment,1,FALSE,1,34,9,0.0029731543913591608,,Bacteroidota,Chryseotalea
ASV_005943,sediment,1,FALSE,2,34,5,0.13651551872518244,,Myxococcota,NA
ASV_005947,sediment,1,FALSE,1,34,7,-0.008655589053372801,,Bacteroidota,NA
ASV_005951,sediment,1,FALSE,1,34,6,0.06925697312141277,,Actinomycetota,Acidiferrimicrobium
ASV_005957,sediment,1,FALSE,2,34,8,0.12133160508858626,,Myxococcota,NA
ASV_005958,sediment,1,TRUE,3,34,6,-0.06367041203777929,,Pseudomonadota,NA
ASV_005961,sediment,1,FALSE,1,34,10,0.23322895896359702,,Acidobacteriota,NA
ASV_005962,sediment,1,FALSE,1,34,3,-0.21243383416534045,,Pseudomonadota,NA
ASV_005966,sediment,1,FALSE,2,34,8,-0.2655503275983005,,Pseudomonadota,Asticcacaulis
ASV_005967,sediment,1,FALSE,1,34,9,-0.24534890318548225,,Planctomycetota,NA
ASV_005968,sediment,1,TRUE,5,34,3,0.05813274707634321,,Acidobacteriota,NA
ASV_005983,sediment,1,FALSE,2,34,7,-0.1543331800667739,,Chloroflexota,NA
ASV_005985,sediment,1,FALSE,3,34,10,-0.2196671947983773,,Acidobacteriota,NA
ASV_005995,sediment,1,TRUE,3,34,3,-0.3329420968917838,,Pseudomonadota,Phenylobacterium
ASV_006003,sediment,1,FALSE,1,34,9,-0.23202386973449748,,Myxococcota,NA
ASV_006004,sediment,1,FALSE,2,34,8,0.1301531880551808,,Planctomycetota,NA
ASV_006005,sediment,1,FALSE,2,34,4,-0.223316210495633,,Pseudomonadota,NA
ASV_006009,sediment,1,FALSE,5,34,11,-0.046071364844537194,,Elusimicrobiota,NA
ASV_006010,sediment,1,FALSE,1,34,15,-0.19959595214657405,,Actinomycetota,Aquihabitans
ASV_006011,sediment,1,TRUE,3,34,4,-0.12424690865682071,,Planctomycetota,NA
ASV_006014,sediment,1,FALSE,1,34,7,-0.3047530617113147,,Acidobacteriota,NA
ASV_006016,sediment,1,FALSE,2,34,11,-0.002764871741683013,,Bacteroidota,NA
ASV_006020,sediment,1,FALSE,1,34,11,-0.06393937583650178,,Actinomycetota,Gaiella
ASV_006024,sediment,1,FALSE,2,34,6,0.3234440583650126,,Planctomycetota,NA
ASV_006027,sediment,1,FALSE,1,34,4,-0.12834296059056205,,Pseudomonadota,Dongia
ASV_006033,sediment,1,FALSE,2,34,7,-0.4484090764319627,,Elusimicrobiota,NA
ASV_006035,sediment,1,FALSE,1,34,16,0.027907134270192157,,Actinomycetota,NA
ASV_006036,sediment,1,FALSE,1,34,4,0.08061472481943135,,Pseudomonadota,NA
ASV_006038,sediment,1,TRUE,2,34,6,0.09066113018422921,,Thermodesulfobacteriota,NA
ASV_006054,sediment,1,FALSE,3,34,6,-0.25474405502583203,,Verrucomicrobiota,Opitutus
ASV_006064,sediment,1,FALSE,3,34,4,-0.22724980785885587,,Pseudomonadota,Rhodovastum
ASV_006065,sediment,1,FALSE,1,34,7,0.04283860202008343,,Pseudomonadota,NA
ASV_006067,sediment,1,FALSE,1,34,6,0.03313290408466258,,Bacteroidota,Ferruginibacter
ASV_006069,sediment,1,FALSE,1,34,13,-0.05733809522271611,,MBNT15,NA
ASV_006070,sediment,1,FALSE,1,34,4,0.12625085717483825,,Actinomycetota,Nakamurella
ASV_006071,sediment,1,FALSE,1,34,7,0.10750699705087698,,Actinomycetota,NA
ASV_006081,sediment,1,FALSE,4,34,4,-0.036891484239400786,,Actinomycetota,Actinoplanes
ASV_006082,sediment,1,FALSE,1,34,8,0.12103923999271053,,Pseudomonadota,NA
ASV_006085,sediment,1,FALSE,3,34,8,-0.14223936881728072,,Pseudomonadota,Agrobacterium
ASV_006089,sediment,1,FALSE,1,34,9,-0.12587972101453684,,Acidobacteriota,Bryobacter
ASV_006092,sediment,1,FALSE,1,34,11,0.12185223033891024,,Planctomycetota,NA
ASV_006093,sediment,1,FALSE,2,34,6,-0.04122176436284052,,Planctomycetota,NA
ASV_006094,sediment,1,TRUE,4,34,6,0.12898433165864912,,Planctomycetota,NA
ASV_006095,sediment,1,TRUE,1,34,3,0.09876309834002671,,Actinomycetota,NA
ASV_006097,sediment,1,FALSE,1,34,13,0.017401922139667018,,Verrucomicrobiota,NA
ASV_006102,sediment,1,FALSE,1,34,3,0.24131738179308412,,Acidobacteriota,NA
ASV_006103,sediment,1,TRUE,4,34,5,0.026585286848761904,,Actinomycetota,Acidiferrimicrobium
ASV_006104,sediment,1,FALSE,1,34,5,0.07148448980518643,,Pseudomonadota,GOUTA6
ASV_006107,sediment,1,FALSE,1,34,9,-0.3291200106700133,,Verrucomicrobiota,Chthoniobacter
ASV_006108,sediment,1,FALSE,2,34,12,-0.17302937630583876,,Pseudomonadota,SWB02
ASV_006109,sediment,1,FALSE,1,34,7,0.13918125495502892,,Pseudomonadota,NA
ASV_006113,sediment,1,FALSE,2,34,5,0.20473200563384486,,Actinomycetota,Pseudolysinimonas
ASV_006114,sediment,1,TRUE,6,34,5,-0.11031651739112416,,Chloroflexota,NA
ASV_006123,sediment,1,FALSE,1,34,10,-0.248795418015819,,Nitrospirota,Nitrospira
ASV_006130,sediment,1,FALSE,1,34,10,0.010696208624845185,,Planctomycetota,Gemmata
ASV_006131,sediment,1,FALSE,3,34,9,-0.1092113104162396,,Verrucomicrobiota,Ellin516
ASV_006133,sediment,1,TRUE,5,34,7,-0.3786372327409011,,Myxococcota,NA
ASV_006135,sediment,1,FALSE,2,34,14,-0.18102071426901192,,Pseudomonadota,Arenimonas
ASV_006140,sediment,1,FALSE,2,34,10,0.4004899726878857,,Bacillota,NA
ASV_006142,sediment,1,FALSE,2,34,7,0.044028430289947774,,Acidobacteriota,NA
ASV_006148,sediment,1,FALSE,1,34,4,0.14336181768094697,,Actinomycetota,Acidiferrimicrobium
ASV_006149,sediment,1,FALSE,2,34,5,-0.052858081454556304,,Pseudomonadota,Ellin6067
ASV_006150,sediment,1,FALSE,1,34,15,0.09904820452125998,,Planctomycetota,NA
ASV_006153,sediment,1,FALSE,3,34,6,0.15988458249832094,,Pseudomonadota,Caulobacter
ASV_006155,sediment,1,FALSE,4,34,8,-0.21036815270482614,,Acidobacteriota,NA
ASV_006163,sediment,1,FALSE,3,34,11,0.04546900914141593,,NA,NA
ASV_006166,sediment,1,FALSE,3,34,6,-0.2715109507474245,,Chloroflexota,HSB OF53-F07
ASV_006170,sediment,1,FALSE,1,34,5,-0.2722315274913064,,Bacillota,NA
ASV_006174,sediment,1,FALSE,2,34,8,0.10267206080567237,,Bacteroidota,NA
ASV_006184,sediment,1,FALSE,1,34,8,-0.06337273492614648,,Verrucomicrobiota,Candidatus Udaeobacter
ASV_006185,sediment,1,FALSE,1,34,8,0.0210572069947208,,Acidobacteriota,NA
ASV_006189,sediment,1,FALSE,1,34,9,-0.17311753484964545,,Pseudomonadota,Rhizorhabdus
ASV_006190,sediment,1,FALSE,1,34,9,0.1219464467047737,,Bacteroidota,Aurantisolimonas
ASV_006200,sediment,1,FALSE,1,34,9,-0.0790960766689767,,Acidobacteriota,NA
ASV_006203,sediment,1,TRUE,9,34,7,-0.20409237883172837,,Acidobacteriota,Bryobacter
ASV_006209,sediment,1,FALSE,1,34,6,-0.2496472286934646,,Gemmatimonadota,NA
ASV_006218,sediment,1,FALSE,2,34,8,-0.07943267985761787,,Pseudomonadota,Massilia
ASV_006220,sediment,1,FALSE,1,34,9,0.06729617796239341,,Myxococcota,NA
ASV_006223,sediment,1,TRUE,5,34,8,0.35219293558990655,,Pseudomonadota,Acidibacter
ASV_006228,sediment,1,FALSE,9,34,3,0.12512255019732127,,Pseudomonadota,NA
ASV_006233,sediment,1,TRUE,7,34,3,-0.32268823640027594,,Acidobacteriota,Candidatus Solibacter
ASV_006234,sediment,1,TRUE,4,34,4,0.193380846110661,,Actinomycetota,NA
ASV_006235,sediment,1,FALSE,3,34,3,-0.09876309834002671,,Bacillota,Desulfosporosinus
ASV_006240,sediment,1,TRUE,5,34,5,-0.10201432399281815,,Chloroflexota,NA
ASV_006244,sediment,1,FALSE,1,34,13,0.0638121887237067,,Planctomycetota,NA
ASV_006251,sediment,1,FALSE,5,34,8,-0.11482755274754086,,Pseudomonadota,Rhodovastum
ASV_006253,sediment,1,FALSE,2,34,10,0.05367204684966959,,Acidobacteriota,NA
ASV_006263,sediment,1,FALSE,2,34,6,-0.09109970456019438,,Bacteroidota,Terrimonas
ASV_006266,sediment,1,FALSE,3,34,8,0.19369657291576872,,Actinomycetota,Acidothermus
ASV_006267,sediment,1,TRUE,1,34,6,0.23153983727325383,,Acidobacteriota,NA
ASV_006272,sediment,1,FALSE,2,34,8,-0.18011105345515158,,NA,NA
ASV_006274,sediment,1,FALSE,2,34,9,-0.021478270327621625,,Pseudomonadota,MND1
ASV_006276,sediment,1,FALSE,1,34,7,-0.38613734149739704,,Bacillota,Fonticella
ASV_006279,sediment,1,TRUE,2,34,7,0.10323907792125686,,Planctomycetota,NA
ASV_006282,sediment,1,FALSE,1,34,10,-0.26443560524010884,,Gemmatimonadota,NA
ASV_006283,sediment,1,FALSE,2,34,8,0.18744338155103712,,Nitrospirota,Nitrospira
ASV_006284,sediment,1,FALSE,1,34,12,0.08806734780932614,,Bacteroidota,Ferruginibacter
ASV_006290,sediment,1,FALSE,2,34,7,0.10709650505020858,,Planctomycetota,NA
ASV_006295,sediment,1,FALSE,1,34,3,0.04813924604623943,,Thermoproteota,NA
ASV_006296,sediment,1,FALSE,2,34,5,0.04447445183110636,,Pseudomonadota,NA
ASV_006300,sediment,1,FALSE,1,34,8,0.05409125429868897,,Acidobacteriota,NA
ASV_006302,sediment,1,TRUE,8,34,4,-0.11113954246884843,,Myxococcota,NA
ASV_006303,sediment,1,FALSE,2,34,4,-0.5367027781198751,,Gemmatimonadota,Gemmatimonas
ASV_006304,sediment,1,FALSE,4,34,6,-0.03546453470322593,,Cyanobacteriota,NA
ASV_006305,sediment,1,TRUE,3,34,4,0.17804172405329036,,Armatimonadota,NA
ASV_006307,sediment,1,FALSE,1,34,4,0.12096294735180121,,Chloroflexota,NA
ASV_006309,sediment,1,FALSE,1,34,10,0.27101796760838753,,Myxococcota,Phaselicystis
ASV_006310,sediment,1,FALSE,4,34,6,-0.01888699142144505,,Actinomycetota,Luedemannella
ASV_006316,sediment,1,FALSE,1,34,14,-0.10972072089103553,,Gemmatimonadota,Gemmatimonas
ASV_006317,sediment,1,FALSE,4,34,11,-0.02000069448061552,,Acidobacteriota,Bryobacter
ASV_006320,sediment,1,FALSE,2,34,5,-0.27074256745033304,,Myxococcota,NA
ASV_006321,sediment,1,FALSE,2,34,11,-0.08863371239570082,,Planctomycetota,Pir4 lineage
ASV_006324,sediment,1,FALSE,1,34,7,0.07604607343068494,,Acidobacteriota,NA
ASV_006325,sediment,1,TRUE,3,34,3,-0.16212055765249667,,Actinomycetota,Mycobacterium
ASV_006328,sediment,1,FALSE,1,34,5,0.1213502433393335,,Planctomycetota,NA
ASV_006333,sediment,1,FALSE,3,34,11,0.11709832707030352,,Bacteroidota,NA
ASV_006334,sediment,1,FALSE,1,34,8,-0.26084826770255626,,Pseudomonadota,NA
ASV_006336,sediment,1,FALSE,1,34,8,0.04420684902348163,,Bacillota,Staphylospora
ASV_006340,sediment,1,FALSE,2,34,5,-0.24971098385738608,,Pseudomonadota,SWB02
ASV_006346,sediment,1,FALSE,1,34,6,-0.18407168935923657,,Pseudomonadota,DSSD61
ASV_006348,sediment,1,TRUE,1,34,6,0.1449564553703988,,Chloroflexota,NA
ASV_006358,sediment,1,FALSE,1,34,9,-0.10844551333542911,,Latescibacterota,NA
ASV_006359,sediment,1,TRUE,3,34,6,0.01681111060607463,,Acidobacteriota,NA
ASV_006361,sediment,1,FALSE,1,34,8,0.2310686066904875,,Myxococcota,P3OB-42
ASV_006363,sediment,1,FALSE,3,34,6,-0.16995341955182294,,Pseudomonadota,Novosphingobium
ASV_006365,sediment,1,FALSE,1,34,7,0.19323105620359418,,MBNT15,NA
ASV_006374,sediment,1,FALSE,1,34,7,-0.1271542945771683,,Acidobacteriota,NA
ASV_006381,sediment,1,FALSE,1,34,11,-0.17283900442258984,,Planctomycetota,NA
ASV_006389,sediment,1,FALSE,5,34,4,-0.027914526311954124,,Pseudomonadota,NA
ASV_006401,sediment,1,FALSE,1,34,6,0.3691020356309362,,Zixibacteria,NA
ASV_006403,sediment,1,FALSE,1,34,7,-0.36245863282595703,,Myxococcota,NA
ASV_006404,sediment,1,TRUE,3,34,6,-0.08650429583135691,,Pseudomonadota,Hyphomicrobium
ASV_006407,sediment,1,TRUE,2,34,4,-0.13581531605171993,,Pseudomonadota,NA
ASV_006412,sediment,1,FALSE,4,34,7,0.09889778467113089,,Planctomycetota,NA
ASV_006423,sediment,1,FALSE,1,34,4,-0.03686446740367208,,Actinomycetota,NA
ASV_006428,sediment,1,FALSE,2,34,5,0.2857076426636631,,Acidobacteriota,NA
ASV_006437,sediment,1,FALSE,1,34,7,-0.03200606793440478,,Actinomycetota,NA
ASV_006439,sediment,1,TRUE,3,34,7,-0.029713768225235693,,Planctomycetota,NA
ASV_006441,sediment,1,FALSE,1,34,7,-0.20637758932970343,,Gemmatimonadota,Gemmatimonas
ASV_006442,sediment,1,FALSE,1,34,8,-0.05627272937243809,,Verrucomicrobiota,NA
ASV_006451,sediment,1,FALSE,1,34,9,0.13482407739722818,,Acidobacteriota,NA
ASV_006453,sediment,1,FALSE,3,34,6,-0.21523367547553654,,Acidobacteriota,NA
ASV_006455,sediment,1,FALSE,2,34,14,-0.19911026560010744,,Acidobacteriota,NA
ASV_006461,sediment,1,FALSE,6,34,4,0.009017918369631303,,Verrucomicrobiota,NA
ASV_006462,sediment,1,FALSE,2,34,10,-0.07433188518622007,,Verrucomicrobiota,Luteolibacter
ASV_006469,sediment,1,FALSE,1,34,5,-0.1639346803825359,,Myxococcota,NA
ASV_006471,sediment,1,FALSE,4,34,7,0.12295703380689754,,Cyanobacteriota,NA
ASV_006472,sediment,1,FALSE,10,34,3,0.12019282722512684,,Bdellovibrionota,NA
ASV_006473,sediment,1,FALSE,3,34,8,-0.008241651428200828,,Pseudomonadota,Hypericibacter
ASV_006478,sediment,1,FALSE,1,34,5,0.11929286121633852,,Latescibacterota,NA
ASV_006483,sediment,1,FALSE,1,34,11,0.0027760054984387957,,Planctomycetota,NA
ASV_006492,sediment,1,FALSE,1,34,5,0.22771911954365098,,Thermodesulfobacteriota,NA
ASV_006493,sediment,1,FALSE,2,34,5,-0.08935561225648304,,Actinomycetota,NA
ASV_006495,sediment,1,FALSE,3,34,4,0.3508790056547452,,Pseudomonadota,NA
ASV_006498,sediment,1,FALSE,1,34,13,0.049854963975149914,,Planctomycetota,NA
ASV_006499,sediment,1,TRUE,4,34,3,0.027951820284913217,,Acidobacteriota,NA
ASV_006500,sediment,1,FALSE,1,34,6,-0.19478468796224485,,Acidobacteriota,NA
ASV_006502,sediment,1,TRUE,5,34,5,-0.2827481909709444,,Pseudomonadota,Acidibacter
ASV_006504,sediment,1,FALSE,1,34,5,-0.07959522420889947,,Pseudomonadota,Pedomicrobium
ASV_006507,sediment,1,FALSE,2,34,4,-0.07946340751458204,,Thermodesulfobacteriota,NA
ASV_006508,sediment,1,TRUE,3,34,7,-0.011121413488021757,,Latescibacterota,NA
ASV_006516,sediment,1,FALSE,2,34,7,0.11106981970757776,,Myxococcota,Sandaracinus
ASV_006531,sediment,1,TRUE,4,34,3,-0.2556038677164842,,Chloroflexota,NA
ASV_006534,sediment,1,FALSE,3,34,6,-0.03667969389132938,,Myxococcota,Phaselicystis
ASV_006552,sediment,1,FALSE,1,34,10,0.18234325380832345,,Acidobacteriota,NA
ASV_006554,sediment,1,TRUE,4,34,7,-0.10719507525519748,,Pseudomonadota,NA
ASV_006560,sediment,1,FALSE,3,34,4,-0.14887747366375534,,Actinomycetota,Actinomycetospora
ASV_006565,sediment,1,FALSE,1,34,6,-0.3611561286442176,,NA,NA
ASV_006571,sediment,1,TRUE,6,34,6,-0.1546202190617587,,Planctomycetota,NA
ASV_006574,sediment,1,TRUE,5,34,4,-0.11641312804433136,,Gemmatimonadota,NA
ASV_006582,sediment,1,FALSE,1,34,8,-0.19250727765617062,,Actinomycetota,NA
ASV_006583,sediment,1,FALSE,3,34,4,0.025140863333517574,,Actinomycetota,NA
ASV_006589,sediment,1,TRUE,4,34,5,-0.3360763860979946,,Acidobacteriota,NA
ASV_006596,sediment,1,FALSE,1,34,9,-0.3771932127466834,,Planctomycetota,NA
ASV_006597,sediment,1,FALSE,2,34,8,0.08467752119160867,,Acidobacteriota,NA
ASV_006598,sediment,1,FALSE,6,34,4,-0.08034145456580614,,Bdellovibrionota,NA
ASV_006599,sediment,1,TRUE,1,34,4,-0.008192103867482684,,Acidobacteriota,NA
ASV_006600,sediment,1,FALSE,1,34,10,-0.05003700256862797,,Verrucomicrobiota,SH3-11
ASV_006605,sediment,1,FALSE,1,34,6,-0.17870440863443715,,Actinomycetota,NA
ASV_006608,sediment,1,FALSE,1,34,7,-0.28966837657215316,,Chloroflexota,NA
ASV_006609,sediment,1,FALSE,1,34,10,0.14275870161459212,,Pseudomonadota,Aquirhabdus
ASV_006619,sediment,1,FALSE,1,34,11,0.05562342005550126,,Planctomycetota,NA
ASV_006632,sediment,1,FALSE,1,34,9,0.04606470140388184,,Planctomycetota,NA
ASV_006637,sediment,1,FALSE,1,34,5,0.031255565427559945,,Actinomycetota,Actinoplanes
ASV_006639,sediment,1,FALSE,1,34,6,0.21938609365191342,,Gemmatimonadota,NA
ASV_006640,sediment,1,FALSE,1,34,8,-0.26758771782209506,,Pseudomonadota,NA
ASV_006645,sediment,1,FALSE,2,34,8,0.2331298788286721,,Pseudomonadota,NA
ASV_006649,sediment,1,FALSE,1,34,6,-0.25184896786571087,,Bacteroidota,NA
ASV_006655,sediment,1,FALSE,1,34,4,0.040717267790153465,,Bacillota,NA
ASV_006659,sediment,1,FALSE,1,34,6,0.3091017376534056,,Acidobacteriota,NA
ASV_006662,sediment,1,FALSE,2,34,11,-0.03711536706569972,,Myxococcota,NA
ASV_006665,sediment,1,TRUE,4,34,5,0.004232389556904848,,Planctomycetota,NA
ASV_006666,sediment,1,FALSE,1,34,8,0.03947774424422546,,Planctomycetota,NA
ASV_006671,sediment,1,FALSE,3,34,7,0.13432710093793163,,Verrucomicrobiota,NA
ASV_006679,sediment,1,FALSE,1,34,6,0.02048862718468763,,Acidobacteriota,NA
ASV_006687,sediment,1,FALSE,1,34,6,0.1318413475035532,,Planctomycetota,NA
ASV_006688,sediment,1,TRUE,4,34,9,0.20739000760803453,,Planctomycetota,NA
ASV_006698,sediment,1,FALSE,1,34,3,-0.07826509679775702,,Pseudomonadota,Candidatus Nitrotoga
ASV_006699,sediment,1,FALSE,3,34,5,0.03896897534518844,,Chloroflexota,NA
ASV_006704,sediment,1,FALSE,1,34,4,-0.23696705390296482,,Verrucomicrobiota,Chthoniobacter
ASV_006715,sediment,1,TRUE,3,34,6,-0.08166422413541256,,Latescibacterota,NA
ASV_006717,sediment,1,TRUE,7,34,3,0.12155028934144488,,Chloroflexota,NA
ASV_006719,sediment,1,FALSE,2,34,9,0.17800924493278258,,Pseudomonadota,NA
ASV_006725,sediment,1,FALSE,1,34,10,0.24922180186395793,,Planctomycetota,NA
ASV_006739,sediment,1,FALSE,2,34,3,0.3633736637038718,,Actinomycetota,Gaiella
ASV_006744,sediment,1,FALSE,1,34,10,0.06007809222940926,,Chloroflexota,NA
ASV_006749,sediment,1,FALSE,2,34,5,0.216409204161417,,Pseudomonadota,NA
ASV_006757,sediment,1,FALSE,1,34,10,0.13132670207727143,,Acidobacteriota,NA
ASV_006759,sediment,1,TRUE,7,34,5,0.02116194778452424,,Pseudomonadota,NA
ASV_006760,sediment,1,FALSE,3,34,8,0.1093016792967834,,Pseudomonadota,mle1-7
ASV_006761,sediment,1,FALSE,2,34,8,-0.07267814558130976,,Bacteroidota,Chryseolinea
ASV_006763,sediment,1,FALSE,1,34,10,-0.14946583448895304,,Actinomycetota,NA
ASV_006766,sediment,1,TRUE,3,34,6,0.20361098068972472,,Bacteroidota,Terrimonas
ASV_006769,sediment,1,FALSE,5,34,6,-0.16399436453742533,,Acidobacteriota,NA
ASV_006771,sediment,1,FALSE,2,34,5,0.1165882202456601,,Chloroflexota,NA
ASV_006773,sediment,1,FALSE,2,34,3,0.306538295791215,,Bacillota,Clostridium
ASV_006775,sediment,1,FALSE,2,34,5,0.10797136480991702,,Actinomycetota,NA
ASV_006777,sediment,1,FALSE,1,34,10,0.0726432357647914,,Planctomycetota,NA
ASV_006778,sediment,1,TRUE,3,34,6,-0.3897169449400613,,Acidobacteriota,NA
ASV_006783,sediment,1,TRUE,2,34,7,-0.31812692873848086,,Actinomycetota,Gaiella
ASV_006791,sediment,1,FALSE,1,34,3,0.06801609602662217,,Pseudomonadota,Nordella
ASV_006792,sediment,1,TRUE,3,34,6,0.2420542715073961,,Acidobacteriota,NA
ASV_006799,sediment,1,FALSE,2,34,6,0.018883713283535886,,Planctomycetota,NA
ASV_006808,sediment,1,FALSE,1,34,7,-0.22496529040575927,,Pseudomonadota,Candidatus Megaira
ASV_006809,sediment,1,FALSE,1,34,8,-0.3867756222196912,,Acidobacteriota,NA
ASV_006813,sediment,1,FALSE,2,34,10,-0.014438917421384876,,Actinomycetota,NA
ASV_006821,sediment,1,FALSE,3,34,8,0.14370451512668067,,Pseudomonadota,Rhodoplanes
ASV_006825,sediment,1,FALSE,2,34,3,-0.07826509679775702,,Pseudomonadota,Kineobactrum
ASV_006831,sediment,1,FALSE,3,34,4,-0.13026778945578593,,Planctomycetota,NA
ASV_006843,sediment,1,FALSE,1,34,6,0.28945273151739953,,Planctomycetota,NA
ASV_006850,sediment,1,FALSE,2,34,7,0.14429254958642784,,Verrucomicrobiota,NA
ASV_006853,sediment,1,FALSE,1,34,6,0.19031916641727506,,Planctomycetota,NA
ASV_006855,sediment,1,FALSE,1,34,12,0.0715466844175649,,Pseudomonadota,SWB02
ASV_006868,sediment,1,FALSE,2,34,9,-0.22089039913250122,,Planctomycetota,NA
ASV_006870,sediment,1,FALSE,1,34,11,-0.1780389056223547,,Pseudomonadota,NA
ASV_006881,sediment,1,FALSE,1,34,8,0.13583783390636153,,Acidobacteriota,Bryobacter
ASV_006887,sediment,1,FALSE,1,34,7,0.0899861161623037,,Methylomirabilota,NA
ASV_006894,sediment,1,FALSE,1,34,4,-0.055200591232288584,,Pseudomonadota,NA
ASV_006901,sediment,1,TRUE,3,34,3,0.1269854169496387,,Bacteroidota,NA
ASV_006908,sediment,1,FALSE,1,34,11,0.21782389811083083,,Pseudomonadota,NA
ASV_006918,sediment,1,FALSE,2,34,5,-0.06385438056197953,,Pseudomonadota,Ellin6067
ASV_006924,sediment,1,TRUE,3,34,4,0.07429320641539519,,Latescibacterota,NA
ASV_006925,sediment,1,FALSE,1,34,3,-0.2226828349364753,,Nanoarchaeota,NA
ASV_006930,sediment,1,FALSE,1,34,4,-0.3415878170314887,,Acidobacteriota,NA
ASV_006934,sediment,1,FALSE,2,34,7,-0.19972385914665367,,Pseudomonadota,NA
ASV_006935,sediment,1,TRUE,1,34,6,0.08443250291966385,,Pseudomonadota,NA
ASV_006944,sediment,1,FALSE,2,34,5,0.004715040129749154,,Pseudomonadota,Hypericibacter
ASV_006946,sediment,1,TRUE,4,34,5,-0.022582560621430162,,Acidobacteriota,Subgroup 10
ASV_006950,sediment,1,TRUE,1,34,4,0.046979527586205785,,Actinomycetota,Acidothermus
ASV_006953,sediment,1,TRUE,5,34,3,-0.025777789818308857,,Pseudomonadota,NA
ASV_006960,sediment,1,TRUE,4,34,7,0.21807159753936134,,Verrucomicrobiota,Candidatus Udaeobacter
ASV_006961,sediment,1,FALSE,4,34,5,-0.030281624153585922,,Verrucomicrobiota,NA
ASV_006968,sediment,1,FALSE,1,34,4,0.19710854022804217,,Bacteroidota,NA
ASV_006970,sediment,1,FALSE,3,34,5,0.10989059908261153,,Myxococcota,NA
ASV_006974,sediment,1,FALSE,1,34,3,0.034473911684726306,,Acidobacteriota,NA
ASV_006977,sediment,1,FALSE,4,34,5,-0.2750985877711427,,Planctomycetota,Gemmata
ASV_006978,sediment,1,FALSE,1,34,12,-0.04769338095188445,,Planctomycetota,Gemmata
ASV_006981,sediment,1,FALSE,2,34,12,0.0701085601076641,,Planctomycetota,NA
ASV_006982,sediment,1,TRUE,2,34,4,-0.12455037546110372,,Pseudomonadota,Acidibacter
ASV_006990,sediment,1,TRUE,1,34,8,0.036334004226184914,,Thermodesulfobacteriota,NA
ASV_006993,sediment,1,FALSE,1,34,9,-0.1508380327882881,,Planctomycetota,NA
ASV_006994,sediment,1,FALSE,4,34,7,0.011954677267938899,,Pseudomonadota,NA
ASV_006995,sediment,1,TRUE,3,34,5,-0.05789132556786471,,Acidobacteriota,NA
ASV_006997,sediment,1,FALSE,1,34,9,0.1121223821162776,,Verrucomicrobiota,NA
ASV_007002,sediment,1,FALSE,2,34,10,-0.03189381461435446,,MBNT15,NA
ASV_007009,sediment,1,FALSE,1,34,9,0.4637004819312469,,Planctomycetota,NA
ASV_007010,sediment,1,TRUE,5,34,5,0.16522631546193148,,Planctomycetota,NA
ASV_007014,sediment,1,TRUE,3,34,7,0.16682120232032635,,Verrucomicrobiota,Candidatus Xiphinematobacter
ASV_007015,sediment,1,FALSE,2,34,5,0.2767851359768296,,Pseudomonadota,Porticoccus
ASV_007020,sediment,1,FALSE,2,34,8,0.2318223726320223,,Acidobacteriota,RB41
ASV_007022,sediment,1,FALSE,1,34,12,-0.5210972045860273,,Pseudomonadota,NA
ASV_007025,sediment,1,FALSE,4,34,10,-0.38162486262862116,,Myxococcota,Aetherobacter
ASV_007026,sediment,1,FALSE,1,34,11,0.308158848293928,,Verrucomicrobiota,NA
ASV_007030,sediment,1,FALSE,2,34,3,0.05813274707634321,,Pseudomonadota,Arenimonas
ASV_007034,sediment,1,FALSE,1,34,3,0.2589549642491652,,Actinomycetota,NA
ASV_007041,sediment,1,FALSE,2,34,9,0.13973825639388057,,Cyanobacteriota,NA
ASV_007048,sediment,1,FALSE,1,34,7,0.11434141360554398,,Bacteroidota,NA
ASV_007054,sediment,1,FALSE,1,34,7,-0.0021688881916230433,,Planctomycetota,NA
ASV_007056,sediment,1,TRUE,2,34,4,-0.18582377246512988,,Verrucomicrobiota,NA
ASV_007057,sediment,1,FALSE,3,34,11,-0.0725445720304301,,Verrucomicrobiota,SH3-11
ASV_007059,sediment,1,FALSE,1,34,7,0.1713421671382204,,Thermodesulfobacteriota,NA
ASV_007061,sediment,1,FALSE,1,34,4,0.35060573540112006,,Acidobacteriota,Stenotrophobacter
ASV_007062,sediment,1,FALSE,1,34,6,0.0660929964923756,,Actinomycetota,NA
ASV_007067,sediment,1,TRUE,6,34,4,0.07757084787489792,,Planctomycetota,NA
ASV_007072,sediment,1,FALSE,2,34,7,-0.2038728065477907,,Verrucomicrobiota,Pedosphaera
ASV_007075,sediment,1,TRUE,5,34,4,0.016111137606049278,,Myxococcota,NA
ASV_007081,sediment,1,FALSE,2,34,4,0.03443205195677407,,Acidobacteriota,NA
ASV_007089,sediment,1,FALSE,1,34,4,0.042598940110909964,,Planctomycetota,NA
ASV_007095,sediment,1,TRUE,4,34,5,0.3060444713949308,,Pseudomonadota,Aliidongia
ASV_007099,sediment,1,FALSE,2,34,5,0.3670549575887339,,Thermodesulfobacteriota,NA
ASV_007102,sediment,1,FALSE,2,34,4,-0.14500023845444351,,Pseudomonadota,Ellin6067
ASV_007105,sediment,1,TRUE,4,34,3,0.11584476629191812,,Actinomycetota,NA
ASV_007106,sediment,1,FALSE,1,34,7,0.05303173789110745,,Planctomycetota,NA
ASV_007107,sediment,1,FALSE,1,34,11,-0.04671735257523398,,Planctomycetota,NA
ASV_007113,sediment,1,FALSE,2,34,8,0.06234584816084003,,Verrucomicrobiota,Roseimicrobium
ASV_007123,sediment,1,FALSE,2,34,5,-0.022086240607772353,,Bacteroidota,NA
ASV_007128,sediment,1,FALSE,1,34,13,-0.30722910575963275,,FCPU426,NA
ASV_007129,sediment,1,FALSE,2,34,10,-0.19826186701052323,,Pseudomonadota,Porticoccus
ASV_007130,sediment,1,FALSE,3,34,7,0.0902034739308117,,Planctomycetota,Pirellula
ASV_007131,sediment,1,TRUE,3,34,5,-0.4951895781578673,,Acidobacteriota,NA
ASV_007132,sediment,1,FALSE,4,34,7,-0.25315362216833504,,Bacteroidota,Parafilimonas
ASV_007136,sediment,1,FALSE,1,34,5,0.274023877586548,,Planctomycetota,Gemmata
ASV_007145,sediment,1,FALSE,3,34,4,0.09530147499171523,,Pseudomonadota,NA
ASV_007149,sediment,1,FALSE,1,34,8,0.16067289078957775,,Bacillota,Alicyclobacillus
ASV_007150,sediment,1,FALSE,4,34,9,-0.031237007818941332,,Verrucomicrobiota,Opitutus
ASV_007161,sediment,1,FALSE,1,34,4,0.10051433809141704,,Actinomycetota,NA
ASV_007178,sediment,1,FALSE,3,34,4,-0.12096294735180121,,Pseudomonadota,NA
ASV_007184,sediment,1,TRUE,8,34,3,-0.027020092942082775,,Planctomycetota,NA
ASV_007186,sediment,1,TRUE,7,34,3,-0.1146024631681442,,Acidobacteriota,NA
ASV_007189,sediment,1,FALSE,1,34,4,0.16629970850989848,,Verrucomicrobiota,NA
ASV_007200,sediment,1,FALSE,1,34,6,-0.04775280902833447,,Bacteroidota,NA
ASV_007201,sediment,1,FALSE,4,34,3,0.10621691708267023,,MBNT15,NA
ASV_007206,sediment,1,FALSE,2,34,4,-0.037146603207697595,,Actinomycetota,Jatrophihabitans
ASV_007215,sediment,1,FALSE,1,34,6,0.07232335739431399,,Bacteroidota,Terrimonas
ASV_007218,sediment,1,FALSE,1,34,8,-0.16161201549979795,,Acidobacteriota,NA
ASV_007220,sediment,1,FALSE,2,34,5,-0.02034092353222155,,Acidobacteriota,Candidatus Solibacter
ASV_007225,sediment,1,FALSE,2,34,3,0.0792719278313771,,Pseudomonadota,Oxalobacter
ASV_007235,sediment,1,FALSE,1,34,3,0.0298152749705741,,Acidobacteriota,NA
ASV_007239,sediment,1,TRUE,4,34,6,-0.3344379456577831,,Actinomycetota,Blastococcus
ASV_007240,sediment,1,FALSE,2,34,5,-0.13990586429479213,,Pseudomonadota,MND1
ASV_007241,sediment,1,FALSE,2,34,7,0.23901147871685935,,Chloroflexota,NA
ASV_007243,sediment,1,FALSE,2,34,8,0.04644972131188412,,Planctomycetota,NA
ASV_007244,sediment,1,TRUE,1,34,7,0.17023151946810328,,Planctomycetota,NA
ASV_007247,sediment,1,FALSE,4,34,8,0.03378607736704521,,Chloroflexota,NA
ASV_007250,sediment,1,FALSE,3,34,7,-0.06340218981595576,,Pseudomonadota,NA
ASV_007251,sediment,1,FALSE,1,34,11,-0.22708813238356482,,Pseudomonadota,Hyphomicrobium
ASV_007252,sediment,1,FALSE,2,34,6,0.48086751184067766,,Pseudomonadota,NA
ASV_007253,sediment,1,TRUE,1,34,6,0.04467610215860929,,Acidobacteriota,NA
ASV_007255,sediment,1,FALSE,1,34,6,-0.03565771264351043,,MBNT15,NA
ASV_007263,sediment,1,FALSE,2,34,4,0.21401136839164828,,Methylomirabilota,NA
ASV_007273,sediment,1,FALSE,2,34,5,-0.30896443765405396,,Chloroflexota,NA
ASV_007274,sediment,1,FALSE,3,34,5,-0.16481146260640206,,Myxococcota,NA
ASV_007275,sediment,1,FALSE,4,34,7,-0.0019490013682763175,,Myxococcota,Pajaroellobacter
ASV_007278,sediment,1,TRUE,1,34,3,-0.16382865085151266,,Verrucomicrobiota,Candidatus Udaeobacter
ASV_007282,sediment,1,FALSE,2,34,5,0.140153924337868,,Actinomycetota,Acidiferrimicrobium
ASV_007285,sediment,1,FALSE,3,34,7,-0.05173114890489923,,Pseudomonadota,Ellin6067
ASV_007287,sediment,1,FALSE,1,34,8,0.233542133256309,,Actinomycetota,NA
ASV_007288,sediment,1,FALSE,1,34,7,0.11299907478356055,,Planctomycetota,NA
ASV_007291,sediment,1,TRUE,1,34,5,0.32366588439570526,,Acidobacteriota,NA
ASV_007292,sediment,1,FALSE,1,34,8,0.5304634338514642,,Gemmatimonadota,NA
ASV_007293,sediment,1,FALSE,1,34,10,0.3637430611226788,,Pseudomonadota,Candidatus Ovatusbacter
ASV_007294,sediment,1,FALSE,1,34,10,-0.32674306550962096,,Acidobacteriota,NA
ASV_007295,sediment,1,FALSE,1,34,4,0.044794433279870635,,Pseudomonadota,NA
ASV_007304,sediment,1,FALSE,1,34,4,-0.028126223278357215,,Acidobacteriota,NA
ASV_007305,sediment,1,FALSE,1,34,11,-0.21324037348362004,,Actinomycetota,NA
ASV_007306,sediment,1,FALSE,2,34,5,-0.09863886802764932,,NA,NA
ASV_007313,sediment,1,FALSE,1,34,9,0.01894555156712542,,Pseudomonadota,Legionella
ASV_007316,sediment,1,FALSE,1,34,9,0.14570680229468203,,Planctomycetota,NA
ASV_007317,sediment,1,TRUE,6,34,10,0.03641263520195415,,Pseudomonadota,NA
ASV_007320,sediment,1,TRUE,9,34,3,-0.2695245546266821,,Pseudomonadota,Afipia
ASV_007325,sediment,1,TRUE,6,34,4,-0.14312367706495252,,Actinomycetota,Acidothermus
ASV_007327,sediment,1,FALSE,1,34,8,0.1728686387065124,,Planctomycetota,NA
ASV_007331,sediment,1,FALSE,3,34,5,-0.2583345671088879,,Chloroflexota,NA
ASV_007335,sediment,1,TRUE,6,34,4,-0.13957263155977065,,Myxococcota,NA
ASV_007341,sediment,1,FALSE,3,34,8,0.00991065621563315,,Planctomycetota,NA
ASV_007342,sediment,1,FALSE,1,34,8,-0.01462893128505647,,Planctomycetota,NA
ASV_007350,sediment,1,FALSE,1,34,4,0.4076937024717216,,Bacteroidota,NA
ASV_007359,sediment,1,FALSE,3,34,3,-0.18541374122325768,,Acidobacteriota,NA
ASV_007365,sediment,1,FALSE,2,34,10,-0.4502662406405546,,Pseudomonadota,NA
ASV_007366,sediment,1,FALSE,1,34,3,-0.16382865085151266,,Pseudomonadota,SWB02
ASV_007367,sediment,1,FALSE,5,34,6,0.020268966403502005,,Bacteroidota,Mucilaginibacter
ASV_007375,sediment,1,FALSE,1,34,7,-0.34253231365787146,,Actinomycetota,NA
ASV_007388,sediment,1,FALSE,3,34,9,0.0041517542037833415,,Myxococcota,Pajaroellobacter
ASV_007391,sediment,1,FALSE,1,34,7,-0.02228131438332319,,Pseudomonadota,NA
ASV_007393,sediment,1,FALSE,2,34,5,-0.11180728113965287,,Bacteroidota,NA
ASV_007403,sediment,1,TRUE,4,34,5,0.17019552795702714,,Bacillota,Paenibacillus
ASV_007405,sediment,1,FALSE,1,34,9,-0.15864877532465704,,Pseudomonadota,NA
ASV_007407,sediment,1,TRUE,5,34,5,-0.09734495980881151,,Planctomycetota,NA
ASV_007408,sediment,1,FALSE,3,34,7,0.057820373925530764,,Pseudomonadota,Acidibacter
ASV_007422,sediment,1,TRUE,4,34,6,0.05121315750864856,,Verrucomicrobiota,Candidatus Udaeobacter
ASV_007428,sediment,1,FALSE,3,34,8,-0.2079325402888766,,Bacteroidota,NA
ASV_007429,sediment,1,TRUE,1,34,3,-0.005284795188758473,,Acidobacteriota,NA
ASV_007435,sediment,1,FALSE,1,34,6,0.4086391503775052,,Acidobacteriota,NA
ASV_007446,sediment,1,TRUE,6,34,3,0.09876309834002671,,Myxococcota,NA
ASV_007448,sediment,1,FALSE,1,34,13,-0.2917380451318635,,Planctomycetota,NA
ASV_007455,sediment,1,FALSE,1,34,10,-0.04455149093671975,,MBNT15,NA
ASV_007459,sediment,1,FALSE,2,34,4,0.3251916018139773,,Planctomycetota,NA
ASV_007464,sediment,1,FALSE,1,34,7,0.010165645067730157,,Actinomycetota,CL500-29 marine group
ASV_007468,sediment,1,TRUE,3,34,6,-0.3460348480314092,,NB1-j,NA
ASV_007469,sediment,1,TRUE,5,34,3,0.0015523889602645318,,Myxococcota,NA
ASV_007473,sediment,1,FALSE,1,34,3,-0.09317273428304407,,Actinomycetota,NA
ASV_007474,sediment,1,FALSE,1,34,7,0.07727481806989943,,Candidatus Kryptonia,NA
ASV_007478,sediment,1,FALSE,2,34,6,-0.29259601294087617,,Planctomycetota,NA
ASV_007483,sediment,1,FALSE,3,34,5,0.2902020097135879,,Verrucomicrobiota,Roseimicrobium
ASV_007489,sediment,1,TRUE,3,34,5,0.20998568880273516,,Acidobacteriota,Bryobacter
ASV_007492,sediment,1,FALSE,1,34,9,-0.07047173591626715,,Planctomycetota,NA
ASV_007493,sediment,1,TRUE,6,34,4,-0.26053557891157186,,Planctomycetota,NA
ASV_007497,sediment,1,FALSE,1,34,10,-0.1196507307692332,,Planctomycetota,Pir4 lineage
ASV_007499,sediment,1,FALSE,2,34,5,0.08637709184793362,,Pseudomonadota,Labrys
ASV_007500,sediment,1,TRUE,4,34,3,-0.14268947009647875,,Pseudomonadota,Kaistia
ASV_007502,sediment,1,TRUE,3,34,8,0.38842235185128116,,Pseudomonadota,Hypericibacter
ASV_007504,sediment,1,FALSE,1,34,10,0.06972446844370886,,Planctomycetota,Pirellula
ASV_007511,sediment,1,FALSE,1,34,3,-0.06801609602662217,,Acidobacteriota,NA
ASV_007519,sediment,1,TRUE,6,34,3,0.0723641569598309,,Planctomycetota,NA
ASV_007523,sediment,1,FALSE,3,34,3,-0.1532590604739957,,Pseudomonadota,Candidatus Ovatusbacter
ASV_007526,sediment,1,FALSE,1,34,8,0.2719367202713395,,Pseudomonadota,Dokdonella
ASV_007534,sediment,1,FALSE,1,34,7,0.08059583850773447,,Latescibacterota,NA
ASV_007546,sediment,1,FALSE,1,34,9,-0.12429383476553481,,Verrucomicrobiota,NA
ASV_007549,sediment,1,TRUE,3,34,8,-0.0720535811788874,,Bacteroidota,NA
ASV_007550,sediment,1,FALSE,1,34,9,-0.3168918351422035,,Thermodesulfobacteriota,NA
ASV_007552,sediment,1,FALSE,1,34,4,-0.3500591948938697,,Acidobacteriota,NA
ASV_007554,sediment,1,TRUE,2,34,4,-0.025414133587142767,,Actinomycetota,NA
ASV_007560,sediment,1,FALSE,2,34,8,-0.016860286604304622,,Bdellovibrionota,NA
ASV_007570,sediment,1,FALSE,1,34,5,0.05242519182325946,,Bacteroidota,Terrimonas
ASV_007577,sediment,1,FALSE,1,34,11,0.30510715111904346,,Methylomirabilota,NA
ASV_007580,sediment,1,FALSE,2,34,8,0.10487501442385554,,Planctomycetota,Fimbriiglobus
ASV_007588,sediment,1,FALSE,1,34,7,-0.1056085987018679,,Planctomycetota,Pirellula
ASV_007593,sediment,1,FALSE,3,34,7,-0.004554665202408391,,Actinomycetota,Pseudonocardia
ASV_007610,sediment,1,FALSE,2,34,6,-0.09050365024914149,,Myxococcota,NA
ASV_007639,sediment,1,FALSE,2,34,5,0.06675504183697488,,Verrucomicrobiota,NA
ASV_007643,sediment,1,TRUE,5,34,6,-0.04083211206770628,,Acidobacteriota,NA
ASV_007647,sediment,1,FALSE,1,34,9,-0.15683834194373494,,Methylomirabilota,NA
ASV_007659,sediment,1,FALSE,1,34,5,0.2849062698318552,,RCP2-54,NA
ASV_007661,sediment,1,FALSE,1,34,3,0.10714864442550068,,Verrucomicrobiota,Candidatus Udaeobacter
ASV_007662,sediment,1,TRUE,6,34,3,-0.11553419051097465,,Acidobacteriota,NA
ASV_007663,sediment,1,FALSE,2,34,6,-0.2132848055641234,,Pseudomonadota,Devosia
ASV_007665,sediment,1,FALSE,1,34,8,-0.16778041303795818,,Acidobacteriota,NA
ASV_007669,sediment,1,FALSE,1,34,4,-0.024303241473531963,,Acidobacteriota,NA
ASV_007671,sediment,1,TRUE,4,34,3,-0.045019279847671415,,Actinomycetota,Thalassiella
ASV_007672,sediment,1,FALSE,1,34,7,0.16888698613070044,,Actinomycetota,NA
ASV_007677,sediment,1,FALSE,4,34,3,0.27485956613497997,,Planctomycetota,NA
ASV_007682,sediment,1,FALSE,1,34,6,0.3210788541645659,,Pseudomonadota,NA
ASV_007688,sediment,1,TRUE,6,34,3,-0.02888354762774366,,Acidobacteriota,NA
ASV_007693,sediment,1,FALSE,3,34,5,-0.12273929715024061,,Bacteroidota,Chryseolinea
ASV_007694,sediment,1,FALSE,1,34,4,-0.030856924567518113,,Actinomycetota,NA
ASV_007699,sediment,1,FALSE,2,34,8,0.1528552597396367,,Acidobacteriota,Subgroup 10
ASV_007711,sediment,1,FALSE,1,34,6,-0.03932013446879859,,Myxococcota,NA
ASV_007720,sediment,1,FALSE,2,34,4,0.020753329797622802,,Acidobacteriota,NA
ASV_007721,sediment,1,FALSE,1,34,5,-0.0534190343222786,,Myxococcota,NA
ASV_007732,sediment,1,FALSE,1,34,11,-0.18336073890497526,,Myxococcota,NA
ASV_007733,sediment,1,FALSE,2,34,8,-0.078265096797757,,Planctomycetota,NA
ASV_007740,sediment,1,FALSE,2,34,7,-0.04024848909818352,,Pseudomonadota,Hyphomicrobium
ASV_007750,sediment,1,FALSE,1,34,5,-0.019840808518309938,,Pseudomonadota,NA
ASV_007756,sediment,1,FALSE,2,34,4,0.08334742735568326,,Bacteroidota,NA
ASV_007757,sediment,1,FALSE,1,34,4,0.25559364066545975,,Actinomycetota,NA
ASV_007761,sediment,1,FALSE,2,34,11,-0.009875187717333254,,Pseudomonadota,NA
ASV_007770,sediment,1,TRUE,2,34,9,0.12191500539203175,,Pseudomonadota,NA
ASV_007771,sediment,1,TRUE,8,34,10,0.08809878928871342,,Pseudomonadota,MND1
ASV_007772,sediment,1,FALSE,1,34,4,0.026507214601643528,,Bacillota,Clostridium
ASV_007778,sediment,1,FALSE,1,34,5,0.2228691804050414,,Verrucomicrobiota,NA
ASV_007791,sediment,1,FALSE,1,34,10,-0.13603276959458105,,Myxococcota,NA
ASV_007793,sediment,1,FALSE,1,34,7,-0.16939016776575969,,Planctomycetota,Fimbriiglobus
ASV_007794,sediment,1,FALSE,5,34,7,0.1667478948414183,,Planctomycetota,NA
ASV_007797,sediment,1,FALSE,1,34,8,-0.19281795424577677,,Gemmatimonadota,NA
ASV_007800,sediment,1,FALSE,1,34,7,0.25012184226212747,,Myxococcota,NA
ASV_007806,sediment,1,FALSE,1,34,9,-0.08297143126134789,,Bacteroidota,NA
ASV_007812,sediment,1,FALSE,1,34,8,0.17393581733668922,,Latescibacterota,NA
ASV_007814,sediment,1,FALSE,1,34,10,-0.15204249155111021,,Myxococcota,NA
ASV_007819,sediment,1,FALSE,3,34,5,-0.2899093197654783,,Verrucomicrobiota,Candidatus Udaeobacter
ASV_007820,sediment,1,FALSE,1,34,9,-0.38156598158580235,,Verrucomicrobiota,Candidatus Udaeobacter
ASV_007825,sediment,1,FALSE,1,34,8,-0.45223312507539204,,Pseudomonadota,Amaricoccus
ASV_007828,sediment,1,FALSE,2,34,9,0.07432666399380619,,Acidobacteriota,Blastocatella
ASV_007843,sediment,1,FALSE,2,34,3,0.13416873736758345,,Chloroflexota,NA
ASV_007845,sediment,1,TRUE,1,34,3,0.09096999307150155,,Acidobacteriota,NA
ASV_007850,sediment,1,FALSE,1,34,3,0.18496783160654656,,Methylomirabilota,NA
ASV_007854,sediment,1,TRUE,1,34,3,0.07546991476926569,,Acidobacteriota,NA
ASV_007856,sediment,1,FALSE,2,34,8,-0.07479298671092252,,Verrucomicrobiota,NA
ASV_007862,sediment,1,FALSE,4,34,8,-0.41182348553105474,,Bacteroidota,NA
ASV_007872,sediment,1,FALSE,1,34,3,0.03913254839887851,,Planctomycetota,NA
ASV_007892,sediment,1,FALSE,3,34,3,0.03699356632130931,,Myxococcota,NA
ASV_007904,sediment,1,FALSE,1,34,4,-0.1846404688853204,,Myxococcota,Nannocystis
ASV_007905,sediment,1,FALSE,1,34,7,-0.08135007252298672,,Latescibacterota,NA
ASV_007912,sediment,1,FALSE,1,34,8,0.06407883985426144,,Myxococcota,Phaselicystis
ASV_007915,sediment,1,TRUE,3,34,6,-0.2595128874940707,,Planctomycetota,NA
ASV_007924,sediment,1,FALSE,1,34,8,-0.1543167246578242,,Pseudomonadota,NA
ASV_007930,sediment,1,FALSE,1,34,10,-0.37370862444110836,,Chloroflexota,NA
ASV_007943,sediment,1,TRUE,4,34,3,0.055903640569826434,,Armatimonadota,Chthonomonas
ASV_007952,sediment,1,FALSE,3,34,6,-0.01081983682786875,,Bacillota,Paenibacillus
ASV_007960,sediment,1,FALSE,1,34,6,-0.07186269906696166,,Pseudomonadota,SWB02
ASV_007963,sediment,1,FALSE,2,34,6,0.015728053787519437,,Acidobacteriota,NA
ASV_007968,sediment,1,FALSE,2,34,5,-0.14460408360728438,,Chloroflexota,NA
ASV_007969,sediment,1,FALSE,1,34,4,0.3429760819186084,,Planctomycetota,NA
ASV_007972,sediment,1,FALSE,1,34,6,0.01932752738271984,,Pseudomonadota,SWB02
ASV_007981,sediment,1,TRUE,1,34,4,-0.18186470585811562,,Chloroflexota,NA
ASV_007985,sediment,1,FALSE,1,34,8,0.09993002356693505,,Chloroflexota,NA
ASV_007987,sediment,1,FALSE,2,34,7,0.07524883726806604,,Planctomycetota,Fimbriiglobus
ASV_007991,sediment,1,TRUE,1,34,4,-0.2678817964666838,,Acidobacteriota,NA
ASV_007995,sediment,1,FALSE,2,34,10,0.1947876581033767,,NA,NA
ASV_008003,sediment,1,FALSE,3,34,5,0.2832275415988744,,Chloroflexota,NA
ASV_008006,sediment,1,FALSE,3,34,9,0.013726011691658529,,Armatimonadota,NA
ASV_008011,sediment,1,FALSE,1,34,7,0.15231502940474106,,Acidobacteriota,NA
ASV_008012,sediment,1,FALSE,1,34,6,-0.26391278461880546,,Pseudomonadota,Pedomicrobium
ASV_008015,sediment,1,FALSE,1,34,6,-0.14155248408767496,,Pseudomonadota,Bauldia
ASV_008016,sediment,1,FALSE,2,34,5,-0.06278448172771242,,Verrucomicrobiota,Candidatus Omnitrophus
ASV_008025,sediment,1,FALSE,1,34,3,0.4612050347010681,,Pseudomonadota,NA
ASV_008033,sediment,1,FALSE,4,34,5,0.19745579428839455,,Pseudomonadota,Methylocella
ASV_008036,sediment,1,FALSE,2,34,7,0.10517488782424216,,Thermodesulfobacteriota,NA
ASV_008038,sediment,1,FALSE,1,34,5,0.051431349324240316,,Acidobacteriota,NA
ASV_008040,sediment,1,FALSE,1,34,4,0.14428669391410084,,Methylomirabilota,NA
ASV_008042,sediment,1,FALSE,1,34,9,-0.033101118890465325,,NA,NA
ASV_008043,sediment,1,FALSE,1,34,6,0.03201019690745717,,Acidobacteriota,NA
ASV_008047,sediment,1,FALSE,1,34,4,0.18100133264708027,,Acidobacteriota,NA
ASV_008064,sediment,1,FALSE,1,34,5,0.15761337161907427,,Planctomycetota,NA
ASV_008065,sediment,1,FALSE,1,34,10,-0.25809919831065714,,Actinomycetota,NA
ASV_008073,sediment,1,FALSE,1,34,3,-0.24566544272629284,,Acidobacteriota,NA
ASV_008075,sediment,1,FALSE,2,34,6,0.18087261855647352,,Actinomycetota,NA
ASV_008077,sediment,1,TRUE,4,34,4,0.1954016841836789,,Planctomycetota,NA
ASV_008080,sediment,1,FALSE,1,34,5,-0.35660592981313344,,Planctomycetota,Gemmata
ASV_008082,sediment,1,TRUE,3,34,3,-0.1425542834530574,,Planctomycetota,NA
ASV_008085,sediment,1,FALSE,1,34,8,0.04348060933208722,,Pseudomonadota,Candidatus Berkiella
ASV_008094,sediment,1,FALSE,2,34,13,-0.05645867658433089,,Gemmatimonadota,NA
ASV_008104,sediment,1,FALSE,1,34,13,-0.24449587226458896,,Planctomycetota,Pirellula
ASV_008123,sediment,1,FALSE,1,34,7,-0.4790565217915878,,Planctomycetota,NA
ASV_008127,sediment,1,FALSE,3,34,6,0.21420612221882804,,Acidobacteriota,NA
ASV_008128,sediment,1,FALSE,1,34,8,0.08221047299630327,,Acidobacteriota,Vicinamibacter
ASV_008129,sediment,1,TRUE,3,34,3,-0.14038025298645307,,Myxococcota,NA
ASV_008130,sediment,1,FALSE,1,34,5,0.29406960809224986,,Gemmatimonadota,NA
ASV_008131,sediment,1,TRUE,3,34,4,0.09530147499171523,,Verrucomicrobiota,NA
ASV_008132,sediment,1,FALSE,1,34,4,-0.2801020099658208,,Verrucomicrobiota,Candidatus Udaeobacter
ASV_008133,sediment,1,FALSE,2,34,4,0.14035804626287,,Bdellovibrionota,Oligoflexus
ASV_008139,sediment,1,FALSE,1,34,11,-9.278343878921035e-4,,Chloroflexota,NA
ASV_008141,sediment,1,FALSE,1,34,7,-0.10156462685795478,,Actinomycetota,NA
ASV_008151,sediment,1,FALSE,1,34,6,-0.2694851215011062,,Actinomycetota,Acidiferrimicrobium
ASV_008156,sediment,1,FALSE,1,34,3,-0.2695245546266821,,Nanoarchaeota,NA
ASV_008159,sediment,1,TRUE,4,34,3,-0.034473911684726306,,Actinomycetota,NA
ASV_008160,sediment,1,FALSE,2,34,8,-0.10801066004087018,,Pseudomonadota,Acidibacter
ASV_008177,sediment,1,FALSE,3,34,10,0.33342500098066385,,Pseudomonadota,NA
ASV_008178,sediment,1,FALSE,1,34,3,0.09469572657613642,,Pseudomonadota,MND1
ASV_008183,sediment,1,FALSE,1,34,7,0.014095603522836578,,Pseudomonadota,Candidatus Ovatusbacter
ASV_008188,sediment,1,FALSE,1,34,6,-0.15636635755513248,,Latescibacterota,NA
ASV_008195,sediment,1,FALSE,2,34,7,-0.02060126668722269,,Myxococcota,NA
ASV_008196,sediment,1,FALSE,1,34,3,0.03074700231340454,,Planctomycetota,NA
ASV_008200,sediment,1,FALSE,1,34,5,-0.10580973892262122,,Acidobacteriota,NA
ASV_008214,sediment,1,FALSE,1,34,3,0.007453818742643525,,Acidobacteriota,Candidatus Solibacter
ASV_008215,sediment,1,TRUE,4,34,4,-0.07924837355130539,,Actinomycetota,NA
ASV_008220,sediment,1,FALSE,2,34,7,0.16284989210486567,,Latescibacterota,NA
ASV_008221,sediment,1,FALSE,1,34,5,0.05615210119458122,,Myxococcota,NA
ASV_008227,sediment,1,FALSE,1,34,6,-0.21282414723677107,,Acidobacteriota,NA
ASV_008237,sediment,1,TRUE,2,34,3,0.018634546856608813,,Latescibacterota,NA
ASV_008246,sediment,1,FALSE,2,34,6,-0.05504818825631803,,Pseudomonadota,Cellvibrio
ASV_008254,sediment,1,FALSE,1,34,7,-0.14820425446341995,,Pseudomonadota,MND1
ASV_008266,sediment,1,FALSE,2,34,3,0.290663735381716,,Verrucomicrobiota,NA
ASV_008272,sediment,1,FALSE,1,34,8,-0.22201032787438973,,Acidobacteriota,Blastocatella
ASV_008291,sediment,1,FALSE,1,34,4,0.07837112699891768,,Acidobacteriota,Subgroup 10
ASV_008298,sediment,1,TRUE,2,34,5,-0.4528656825888188,,Acidobacteriota,NA
ASV_008302,sediment,1,FALSE,4,34,4,-0.26643849728456126,,Bacteroidota,NA
ASV_008303,sediment,1,FALSE,1,34,6,0.027150574180487396,,Chloroflexota,NA
ASV_008307,sediment,1,FALSE,2,34,3,0.3484660262185848,,Planctomycetota,NA
ASV_008309,sediment,1,FALSE,1,34,10,-0.25901803068736684,,Bacteroidota,NA
ASV_008311,sediment,1,FALSE,1,34,4,-0.320311261218573,,NB1-j,NA
ASV_008324,sediment,1,FALSE,2,34,7,-0.05053509486481691,,Latescibacterota,NA
ASV_008326,sediment,1,FALSE,1,34,4,0.3823050848216422,,Myxococcota,NA
ASV_008330,sediment,1,FALSE,1,34,11,0.23892153989896572,,Planctomycetota,Fimbriiglobus
ASV_008343,sediment,1,FALSE,2,34,10,-0.058643507219989316,,Acidobacteriota,Bryobacter
ASV_008352,sediment,1,TRUE,5,34,4,-0.28529414478469944,,Verrucomicrobiota,ADurb.Bin063-1
ASV_008354,sediment,1,FALSE,1,34,3,0.13137355533909212,,Bacteroidota,NA
ASV_008358,sediment,1,FALSE,2,34,4,-0.032222275212098556,,Acidobacteriota,NA
ASV_008364,sediment,1,FALSE,1,34,5,-0.16547477608668626,,Latescibacterota,NA
ASV_008370,sediment,1,TRUE,4,34,5,-0.12025494238131552,,Verrucomicrobiota,Candidatus Udaeobacter
ASV_008375,sediment,1,FALSE,1,34,5,0.14682198303549354,,Bacteroidota,Terrimonas
ASV_008379,sediment,1,FALSE,1,34,5,0.2863940310320215,,Gemmatimonadota,NA
ASV_008382,sediment,1,TRUE,4,34,5,-0.2666405420850054,,Myxococcota,NA
ASV_008388,sediment,1,FALSE,2,34,5,0.007198090987327801,,Actinomycetota,Acidiferrimicrobium
ASV_008395,sediment,1,FALSE,1,34,5,0.22810502128807755,,Planctomycetota,NA
ASV_008398,sediment,1,FALSE,2,34,6,-0.26252967247842574,,Pseudomonadota,NA
ASV_008402,sediment,1,FALSE,1,34,3,-0.12388063902910963,,Myxococcota,NA
ASV_008407,sediment,1,FALSE,2,34,3,0.005284795188758473,,Acidobacteriota,RB41
ASV_008420,sediment,1,TRUE,5,34,3,-0.16382865085151266,,Verrucomicrobiota,Pedosphaera
ASV_008424,sediment,1,FALSE,1,34,5,-0.18058771135923524,,Planctomycetota,Pirellula
ASV_008435,sediment,1,TRUE,1,34,3,0.07081127805511349,,RCP2-54,NA
ASV_008436,sediment,1,FALSE,2,34,6,0.1021597875943763,,Acidobacteriota,NA
ASV_008440,sediment,1,FALSE,1,34,3,-0.05813274707634321,,Myxococcota,NA
ASV_008443,sediment,1,FALSE,1,34,4,-0.04836883489165881,,Pseudomonadota,NA
ASV_008451,sediment,1,FALSE,1,34,7,0.005840732896599283,,Acidobacteriota,Bryobacter
ASV_008458,sediment,1,FALSE,2,34,7,-0.2911334182185286,,Nitrospirota,Nitrospira
ASV_008461,sediment,1,FALSE,1,34,5,-0.24681974286049319,,Verrucomicrobiota,Chthoniobacter
ASV_008470,sediment,1,TRUE,4,34,3,0.16424275199598745,,Actinomycetota,Paraconexibacter
ASV_008472,sediment,1,FALSE,1,34,6,-0.34257449955109515,,Chloroflexota,NA
ASV_008476,sediment,1,FALSE,1,34,4,0.06227518773055186,,Acidobacteriota,NA
ASV_008485,sediment,1,TRUE,4,34,5,-0.024100680601214064,,Myxococcota,NA
ASV_008487,sediment,1,FALSE,1,34,6,0.3044085562778375,,Planctomycetota,NA
ASV_008490,sediment,1,FALSE,1,34,5,-0.18709085044035245,,Bdellovibrionota,OM27 clade
ASV_008501,sediment,1,FALSE,1,34,6,-0.052690521079081475,,Acidobacteriota,Bryobacter
ASV_008502,sediment,1,FALSE,3,34,3,-0.2040482880798665,,Bacillota,Thermoactinomyces
ASV_008503,sediment,1,FALSE,2,34,4,0.24461115241596368,,Actinomycetota,Nocardioides
ASV_008507,sediment,1,FALSE,1,34,9,-0.04922794270200248,,Chloroflexota,NA
ASV_008508,sediment,1,FALSE,2,34,5,-0.05441287682129773,,Nitrospirota,Nitrospira
ASV_008510,sediment,1,TRUE,2,34,5,-0.11379496613769115,,Planctomycetota,NA
ASV_008514,sediment,1,FALSE,1,34,4,0.037438024746651165,,Verrucomicrobiota,Candidatus Xiphinematobacter
ASV_008522,sediment,1,FALSE,3,34,4,0.027914526311954124,,Latescibacterota,NA
ASV_008524,sediment,1,TRUE,4,34,5,0.30976612248914126,,Planctomycetota,NA
ASV_008525,sediment,1,TRUE,5,34,3,0.1743982412290296,,Planctomycetota,NA
ASV_008535,sediment,1,FALSE,1,34,8,-0.054508609185982326,,SAR324 clade(Marine group B),Candidatus Nitrosoarchaeum
ASV_008541,sediment,1,TRUE,2,34,6,-0.10146951875927916,,Pseudomonadota,NA
ASV_008545,sediment,1,FALSE,1,34,8,0.08175150950891606,,Planctomycetota,NA
ASV_008548,sediment,1,TRUE,2,34,4,-0.09304842103984709,,Verrucomicrobiota,Opitutus
ASV_008551,sediment,1,FALSE,1,34,8,0.18399486813458352,,Verrucomicrobiota,NA
ASV_008552,sediment,1,FALSE,4,34,9,0.04341363606643082,,Planctomycetota,NA
ASV_008563,sediment,1,FALSE,1,34,4,-0.023484031086783694,,Pseudomonadota,NA
ASV_008567,sediment,1,FALSE,2,34,8,-0.21499068401264806,,Planctomycetota,Fimbriiglobus
ASV_008570,sediment,1,FALSE,2,34,12,0.04222158855879216,,Verrucomicrobiota,Ellin517
ASV_008571,sediment,1,TRUE,3,34,3,0.32237250651426685,,Verrucomicrobiota,NA
ASV_008579,sediment,1,TRUE,2,34,7,0.02013968080552195,,Gemmatimonadota,Gemmatimonas
ASV_008583,sediment,1,FALSE,3,34,8,-0.15669039322542244,,Acidobacteriota,Bryobacter
ASV_008584,sediment,1,FALSE,1,34,3,0.005284795188758473,,Pseudomonadota,NA
ASV_008585,sediment,1,TRUE,3,34,5,0.07195062246738243,,Latescibacterota,NA
ASV_008586,sediment,1,FALSE,1,34,6,0.1151046471049867,,Latescibacterota,NA
ASV_008608,sediment,1,FALSE,1,34,4,0.06513389472789297,,Planctomycetota,NA
ASV_008620,sediment,1,FALSE,1,34,5,0.08706907511963127,,Bacteroidota,Terrimonas
ASV_008626,sediment,1,TRUE,2,34,3,-0.25529329193554073,,Pseudomonadota,MND1
ASV_008633,sediment,1,FALSE,1,34,3,0.08984151820889405,,Planctomycetota,NA
ASV_008634,sediment,1,FALSE,2,34,5,0.05484336150918753,,Planctomycetota,NA
ASV_008636,sediment,1,FALSE,1,34,4,-0.1605652358026606,,Verrucomicrobiota,NA
ASV_008637,sediment,1,FALSE,1,34,5,-0.059322198136942915,,Planctomycetota,NA
ASV_008639,sediment,1,TRUE,5,34,3,-0.008385546085473965,,Pseudomonadota,NA
ASV_008641,sediment,1,FALSE,2,34,5,0.04273522745782287,,Myxococcota,NA
ASV_008646,sediment,1,FALSE,2,34,6,0.12391709005777364,,Pseudomonadota,Rhizorhabdus
ASV_008650,sediment,1,FALSE,1,34,5,0.09366965553255362,,MBNT15,NA
ASV_008652,sediment,1,FALSE,1,34,7,0.4014942818649215,,Actinomycetota,NA
ASV_008656,sediment,1,FALSE,1,34,6,0.15155658969891272,,Acidobacteriota,NA
ASV_008658,sediment,1,FALSE,1,34,6,0.14155248408767496,,Planctomycetota,Gemmata
ASV_008667,sediment,1,FALSE,1,34,5,0.15578481172124967,,Acidobacteriota,Subgroup 10
ASV_008671,sediment,1,FALSE,1,34,10,-0.16636424486143137,,Planctomycetota,NA
ASV_008674,sediment,1,TRUE,2,34,3,0.17951280138533157,,Acidobacteriota,NA
ASV_008685,sediment,1,FALSE,2,34,7,0.22097569215031496,,Pseudomonadota,NA
ASV_008693,sediment,1,FALSE,3,34,3,-0.14268947009647875,,Myxococcota,NA
ASV_008695,sediment,1,FALSE,2,34,3,-0.24970292787855808,,Pseudomonadota,NA
ASV_008704,sediment,1,FALSE,1,34,7,0.6413593443728627,,Bacteroidota,Chryseolinea
ASV_008727,sediment,1,TRUE,4,34,9,0.13626937906586806,,Gemmatimonadota,Gemmatimonas
ASV_008731,sediment,1,FALSE,1,34,5,-0.004472291245586115,,Bacteroidota,Chryseotalea
ASV_008747,sediment,1,FALSE,2,34,9,0.24264059609731198,,Acidobacteriota,NA
ASV_008755,sediment,1,FALSE,1,34,8,-0.09708976032148584,,Myxococcota,NA
ASV_008760,sediment,1,FALSE,1,34,8,-0.08015006013925305,,Pseudomonadota,NA
ASV_008775,sediment,1,FALSE,1,34,6,0.5110290275835805,,Verrucomicrobiota,Ellin517
ASV_008786,sediment,1,FALSE,1,34,6,-0.01314932422519355,,Gemmatimonadota,Gemmatimonas
ASV_008790,sediment,1,TRUE,3,34,6,-0.3135075723164567,,Actinomycetota,Gaiella
ASV_008798,sediment,1,FALSE,1,34,8,-0.18957974883679385,,Verrucomicrobiota,Opitutus
ASV_008800,sediment,1,FALSE,1,34,8,-0.07175902469393065,,Gemmatimonadota,NA
ASV_008808,sediment,1,TRUE,5,34,5,-0.05391595557178817,,Myxococcota,NA
ASV_008811,sediment,1,TRUE,3,34,6,0.5417341929663263,,Planctomycetota,NA
ASV_008819,sediment,1,FALSE,3,34,5,0.4035936900844447,,Acidobacteriota,NA
ASV_008824,sediment,1,FALSE,1,34,5,-0.0950452826154698,,Acidobacteriota,NA
ASV_008826,sediment,1,FALSE,1,34,3,-0.17666186367810371,,Candidatus Kryptonia,NA
ASV_008827,sediment,1,FALSE,1,34,8,-0.18375590811245707,,Acidobacteriota,NA
ASV_008828,sediment,1,FALSE,1,34,3,-0.13789564673890523,,Pseudomonadota,GOUTA6
ASV_008829,sediment,1,FALSE,1,34,5,0.07024343963495751,,Candidatus Kryptonia,NA
ASV_008832,sediment,1,FALSE,1,34,6,-0.058263164155299745,,Planctomycetota,NA
ASV_008835,sediment,1,FALSE,1,34,6,-0.08982837383370208,,Myxococcota,Anaeromyxobacter
ASV_008839,sediment,1,FALSE,2,34,4,0.18199798891437724,,Planctomycetota,NA
ASV_008852,sediment,1,FALSE,1,34,6,0.004605783727691679,,Pseudomonadota,Actimicrobium
ASV_008861,sediment,1,FALSE,3,34,6,0.13218531194799832,,Planctomycetota,NA
ASV_008889,sediment,1,FALSE,2,34,5,0.12780240351688496,,Latescibacterota,NA
ASV_008892,sediment,1,FALSE,2,34,4,0.06339869884104432,,Planctomycetota,NA
ASV_008900,sediment,1,TRUE,2,34,4,0.08963264318906265,,Elusimicrobiota,NA
ASV_008903,sediment,1,TRUE,1,34,4,-0.14811247746485354,,MBNT15,NA
ASV_008912,sediment,1,FALSE,1,34,6,-0.2065694001869718,,Pseudomonadota,MND1
ASV_008918,sediment,1,FALSE,1,34,9,0.15063010096617105,,Planctomycetota,NA
ASV_008919,sediment,1,FALSE,1,34,9,-0.27333199371228556,,Bacteroidota,NA
ASV_008940,sediment,1,FALSE,2,34,6,-0.29911649520875944,,Myxococcota,NA
ASV_008944,sediment,1,FALSE,2,34,5,-0.040996003084539386,,Myxococcota,NA
ASV_008964,sediment,1,FALSE,1,34,6,0.23305265662119898,,Planctomycetota,NA
ASV_008984,sediment,1,FALSE,2,34,10,-0.12720848114548025,,Acidobacteriota,NA
ASV_008995,sediment,1,FALSE,1,34,13,0.13402116053858026,,Pseudomonadota,Sulfurifustis
ASV_009001,sediment,1,FALSE,1,34,4,0.3754733284810124,,Bdellovibrionota,OM27 clade
ASV_009004,sediment,1,TRUE,2,34,4,0.21086160056134226,,Actinomycetota,NA
ASV_009006,sediment,1,FALSE,2,34,3,-0.24838537387164822,,Actinomycetota,Acidiferrimicrobium
ASV_009008,sediment,1,FALSE,1,34,12,0.03796668168772505,,Myxococcota,NA
ASV_009015,sediment,1,FALSE,1,34,4,0.13608858630534512,,Bacteroidota,NA
ASV_009016,sediment,1,FALSE,1,34,5,0.13441719799233823,,Bacteroidota,NA
ASV_009017,sediment,1,FALSE,1,34,4,-0.13827474833434666,,Bacteroidota,Cytophaga
ASV_009019,sediment,1,FALSE,1,34,8,-0.36731869502448594,,Gemmatimonadota,Gemmatimonas
ASV_009028,sediment,1,FALSE,2,34,4,-0.31754003471247194,,Chloroflexota,NA
ASV_009042,sediment,1,FALSE,2,34,3,0.0792719278313771,,Pseudomonadota,NA
ASV_009043,sediment,1,TRUE,2,34,7,-0.21341859805570745,,Pseudomonadota,Pararhizobium
ASV_009050,sediment,1,TRUE,2,34,3,-0.14268947009647875,,Myxococcota,NA
ASV_009057,sediment,1,TRUE,1,34,3,0.002173344544370344,,Acidobacteriota,Stenotrophobacter
ASV_009062,sediment,1,FALSE,1,34,5,-0.18466826533006497,,Pseudomonadota,GOUTA6
ASV_009072,sediment,1,FALSE,2,34,3,0.31180291613674993,,Myxococcota,NA
ASV_009077,sediment,1,FALSE,1,34,6,-0.16307304788272067,,Pseudomonadota,NA
ASV_009087,sediment,1,TRUE,8,34,3,0.11098069896392794,,Acidobacteriota,NA
ASV_009091,sediment,1,FALSE,1,34,4,0.1791340045689547,,Pseudomonadota,Ideonella
ASV_009104,sediment,1,FALSE,1,34,10,-0.10861308881870128,,Pseudomonadota,NA
ASV_009119,sediment,1,FALSE,1,34,6,-0.17458950606652865,,Myxococcota,NA
ASV_009127,sediment,1,FALSE,2,34,11,-0.24166261262983454,,FCPU426,NA
ASV_009136,sediment,1,FALSE,1,34,4,-0.10247634510944663,,Acidobacteriota,NA
ASV_009147,sediment,1,FALSE,1,34,3,-0.19193583262307076,,Planctomycetota,NA
ASV_009156,sediment,1,FALSE,3,34,3,-0.12112455456795729,,Bacteroidota,Mucilaginibacter
ASV_009166,sediment,1,FALSE,1,34,3,0.13882737408173565,,Myxococcota,NA
ASV_009172,sediment,1,FALSE,2,34,5,-0.14694034015510546,,Planctomycetota,NA
ASV_009179,sediment,1,FALSE,1,34,3,0.19845792402288384,,Bacteroidota,Flavobacterium
ASV_009181,sediment,1,FALSE,2,34,9,0.13336784564060808,,Acidobacteriota,NA
ASV_009191,sediment,1,FALSE,1,34,6,-0.07472735562443643,,Planctomycetota,NA
ASV_009208,sediment,1,FALSE,1,34,7,0.36892788139507965,,Acidobacteriota,Aridibacter
ASV_009212,sediment,1,FALSE,2,34,5,-0.2054769366722065,,Latescibacterota,NA
ASV_009216,sediment,1,TRUE,3,34,4,0.028693376630645053,,Planctomycetota,NA
ASV_009221,sediment,1,FALSE,1,34,8,-0.09687979049467363,,Verrucomicrobiota,NA
ASV_009224,sediment,1,FALSE,1,34,4,0.1802702802726501,,Pseudomonadota,Labrys
ASV_009227,sediment,1,FALSE,1,34,9,-0.4398593600036147,,Gemmatimonadota,NA
ASV_009230,sediment,1,FALSE,2,34,6,-0.34485352272654013,,Acidobacteriota,Candidatus Solibacter
ASV_009235,sediment,1,TRUE,2,34,4,0.33497431574344955,,Actinomycetota,NA
ASV_009242,sediment,1,FALSE,3,34,6,0.06077525367143297,,Planctomycetota,NA
ASV_009243,sediment,1,FALSE,1,34,3,0.004658636714152203,,Planctomycetota,NA
ASV_009248,sediment,1,FALSE,2,34,6,-0.4137011218348842,,Bacteroidota,NA
ASV_009250,sediment,1,FALSE,1,34,4,0.20753329797622802,,Pseudomonadota,NA
ASV_009251,sediment,1,TRUE,3,34,3,-0.12015490552447475,,Pseudomonadota,Hirschia
ASV_009271,sediment,1,FALSE,2,34,5,-0.29586636058257726,,Pseudomonadota,Rhodovastum
ASV_009277,sediment,1,FALSE,1,34,8,-0.1332901954663308,,NB1-j,NA
ASV_009287,sediment,1,FALSE,1,34,3,0.05813274707634321,,Elusimicrobiota,NA
ASV_009299,sediment,1,FALSE,1,34,8,-0.45143645697970036,,Planctomycetota,Pirellula
ASV_009301,sediment,1,FALSE,1,34,7,0.2411375490836249,,Myxococcota,NA
ASV_009305,sediment,1,TRUE,3,34,6,-0.1501791240456316,,Bacillota,Paenibacillus
ASV_009306,sediment,1,FALSE,2,34,7,-0.18540617653730693,,Actinomycetota,Gaiella
ASV_009308,sediment,1,FALSE,1,34,5,-0.08795506116319358,,Chloroflexota,NA
ASV_009310,sediment,1,FALSE,1,34,5,-0.10598568453755072,,Chloroflexota,NA
ASV_009319,sediment,1,FALSE,1,34,5,-0.19480560536068875,,Verrucomicrobiota,NA
ASV_009320,sediment,1,FALSE,3,34,6,0,,Verrucomicrobiota,NA
ASV_009324,sediment,1,FALSE,1,34,6,0.12664875437949577,,Pseudomonadota,alphaI cluster
ASV_009328,sediment,1,FALSE,2,34,11,0.004064646829658258,,Bacteroidota,NA
ASV_009331,sediment,1,FALSE,1,34,3,0.22175110759364489,,Gemmatimonadota,Gemmatimonas
ASV_009343,sediment,1,TRUE,3,34,4,-0.018035836739262606,,Planctomycetota,NA
ASV_009351,sediment,1,FALSE,1,34,8,-0.21717825253378711,,Bacteroidota,NA
ASV_009361,sediment,1,FALSE,1,34,8,-0.006607104143755434,,Nitrospirota,Nitrospira
ASV_009362,sediment,1,FALSE,1,34,6,0.4159022706105586,,Myxococcota,NA
ASV_009365,sediment,1,FALSE,3,34,5,-0.32222999595555846,,Verrucomicrobiota,NA
ASV_009366,sediment,1,FALSE,3,34,8,-0.049472744491815365,,Verrucomicrobiota,Roseimicrobium
ASV_009369,sediment,1,TRUE,2,34,3,0.026423975943792366,,Verrucomicrobiota,Candidatus Udaeobacter
ASV_009372,sediment,1,FALSE,1,34,7,-0.12041620375342091,,Pseudomonadota,NA
ASV_009374,sediment,1,FALSE,2,34,6,0.04360039085195756,,Acidobacteriota,NA
ASV_009390,sediment,1,FALSE,2,34,4,0.026221131676021834,,Planctomycetota,NA
ASV_009399,sediment,1,TRUE,3,34,3,0.19553742198406351,,Pseudomonadota,NA
ASV_009417,sediment,1,TRUE,3,34,3,-0.30123332575923295,,Bacteroidota,Chryseolinea
ASV_009434,sediment,1,FALSE,2,34,4,0.42802273678329655,,Pseudomonadota,Parablastomonas
ASV_009438,sediment,1,FALSE,1,34,3,0.18970193094432578,,Bacteroidota,Terrimonas
ASV_009441,sediment,1,FALSE,1,34,5,0.21862896601626342,,Acidobacteriota,NA
ASV_009442,sediment,1,FALSE,1,34,4,-0.28748030681370096,,Acidobacteriota,NA
ASV_009443,sediment,1,FALSE,2,34,3,-0.28976720362026703,,Acidobacteriota,NA
ASV_009446,sediment,1,FALSE,1,34,5,-0.03350160092190189,,Actinomycetota,NA
ASV_009455,sediment,1,FALSE,1,34,6,-0.3021918627431208,,Planctomycetota,NA
ASV_009479,sediment,1,FALSE,2,34,8,-0.03833966177023254,,Pseudomonadota,NA
ASV_009483,sediment,1,FALSE,1,34,5,-0.11142384306617738,,NA,NA
ASV_009486,sediment,1,FALSE,1,34,6,0.05061971457379006,,Acidobacteriota,Luteitalea
ASV_009487,sediment,1,FALSE,2,34,4,-0.2486759307989238,,Bdellovibrionota,NA
ASV_009489,sediment,1,FALSE,1,34,4,-0.11739151287819687,,Verrucomicrobiota,NA
ASV_009492,sediment,1,FALSE,1,34,3,0.016455322978804036,,Acidobacteriota,NA
ASV_009494,sediment,1,FALSE,3,34,7,-0.2255643719287965,,Fibrobacterota,NA
ASV_009507,sediment,1,FALSE,1,34,6,-0.09436832272511662,,Myxococcota,NA
ASV_009522,sediment,1,TRUE,7,34,3,-0.1743982412290296,,Actinomycetota,Streptosporangium
ASV_009537,sediment,1,FALSE,1,34,7,-0.2001575700242794,,Planctomycetota,NA
ASV_009538,sediment,1,FALSE,1,34,4,-0.05571990481154639,,Planctomycetota,NA
ASV_009546,sediment,1,FALSE,1,34,3,-0.15554937381850606,,Pseudomonadota,SWB02
ASV_009547,sediment,1,FALSE,1,34,6,0.03667969389132938,,Entotheonellaeota,NA
ASV_009553,sediment,1,FALSE,1,34,3,-0.16584746702381845,,MBNT15,NA
ASV_009557,sediment,1,FALSE,1,34,4,-0.30032400873408494,,Pseudomonadota,NA
ASV_009563,sediment,1,FALSE,1,34,5,0.13565950111611216,,Planctomycetota,NA
ASV_009583,sediment,1,TRUE,5,34,4,0.08374357893586239,,Candidatus Kryptonia,NA
ASV_009590,sediment,1,FALSE,1,34,4,-0.15818231576774006,,Planctomycetota,NA
ASV_009607,sediment,1,FALSE,2,34,4,0.33497431574344955,,Myxococcota,NA
ASV_009609,sediment,1,FALSE,2,34,3,0.19007237793740991,,Bacillota,Paenibacillus
ASV_009610,sediment,1,TRUE,3,34,6,0.031456107575038875,,Chloroflexota,NA
ASV_009618,sediment,1,FALSE,2,34,5,0.03300528090824408,,Planctomycetota,NA
ASV_009633,sediment,1,TRUE,2,34,5,0.13120407626405028,,Acidobacteriota,NA
ASV_009635,sediment,1,FALSE,1,34,6,-0.24378483370655127,,Pseudomonadota,Rhodovastum
ASV_009636,sediment,1,TRUE,4,34,7,-0.42178382849103296,,Myxococcota,NA
ASV_009638,sediment,1,FALSE,1,34,6,-0.014488117286447964,,Acidobacteriota,NA
ASV_009647,sediment,1,FALSE,1,34,5,0.14584638673105832,,Actinomycetota,Baekduia
ASV_009655,sediment,1,FALSE,1,34,9,0.12598489762693463,,Myxococcota,Pajaroellobacter
ASV_009667,sediment,1,FALSE,1,34,4,0.29682723013178924,,Pseudomonadota,SWB02
ASV_009668,sediment,1,FALSE,3,34,5,0.14213840468247496,,Myxococcota,NA
ASV_009671,sediment,1,FALSE,1,34,6,0.36195245104085405,,Bacteroidota,NA
ASV_009673,sediment,1,FALSE,3,34,4,0.026507214601643528,,Acidobacteriota,NA
ASV_009674,sediment,1,FALSE,1,34,5,0.1895754566879003,,Actinomycetota,Acidiferrimicrobium
ASV_009679,sediment,1,TRUE,2,34,4,-0.1627895258219689,,Actinomycetota,Lapillicoccus
ASV_009691,sediment,1,FALSE,1,34,3,0.1835502865375968,,Myxococcota,NA
ASV_009697,sediment,1,FALSE,2,34,3,0.04565463979869159,,Bacteroidota,Ferruginibacter
ASV_009699,sediment,1,TRUE,3,34,7,0.07309153205769656,,Chloroflexota,NA
ASV_009701,sediment,1,FALSE,1,34,6,0.20554469973065706,,Acidobacteriota,Bryobacter
ASV_009719,sediment,1,FALSE,3,34,6,0.0865087120078523,,Verrucomicrobiota,NA
ASV_009721,sediment,1,FALSE,4,34,3,-0.13882737408173565,,Verrucomicrobiota,Roseimicrobium
ASV_009724,sediment,1,FALSE,1,34,5,0.04244391582182945,,Pseudomonadota,Sphingobium
ASV_009725,sediment,1,FALSE,1,34,3,0.09317273428304407,,Pseudomonadota,Crenothrix
ASV_009727,sediment,1,FALSE,1,34,8,0.30788412417530336,,Acidobacteriota,RB41
ASV_009757,sediment,1,FALSE,2,34,4,0.1970278528637627,,FCPU426,NA
ASV_009773,sediment,1,FALSE,2,34,7,0.22339548373717344,,Verrucomicrobiota,NA
ASV_009776,sediment,1,TRUE,5,34,3,0.17982337716627506,,Bacteroidota,NA
ASV_009797,sediment,1,FALSE,1,34,8,-0.11727609855165894,,Planctomycetota,Fimbriiglobus
ASV_009798,sediment,1,FALSE,1,34,8,-0.004525370184476034,,Myxococcota,NA
ASV_009822,sediment,1,FALSE,1,34,5,-0.3155449934385759,,Chloroflexota,NA
ASV_009828,sediment,1,FALSE,2,34,4,0.14887747366375534,,Planctomycetota,NA
ASV_009830,sediment,1,FALSE,3,34,3,-0.1742330131092924,,Bacteroidota,NA
ASV_009844,sediment,1,FALSE,2,34,8,-0.2082788062078214,,Candidatus Kryptonia,NA
ASV_009862,sediment,1,TRUE,1,34,4,0.019665848757016373,,Pseudomonadota,NA
ASV_009869,sediment,1,FALSE,1,34,3,-0.20398390937875946,,Pseudomonadota,NA
ASV_009870,sediment,1,FALSE,1,34,6,-0.4090645946888587,,Pseudomonadota,Legionella
ASV_009871,sediment,1,FALSE,1,34,4,-0.07487604949330233,,Latescibacterota,NA
ASV_009888,sediment,1,FALSE,2,34,4,-0.16232253065336347,,FCPU426,NA
ASV_009890,sediment,1,TRUE,3,34,4,0.2041328794580177,,Bacteroidota,Mucilaginibacter
ASV_009894,sediment,1,FALSE,1,34,4,-0.13957263155977065,,Bacteroidota,Nemorincola
ASV_009898,sediment,1,FALSE,1,34,6,0.21789138883764658,,Acidobacteriota,NA
ASV_009903,sediment,1,FALSE,1,34,5,-0.03571345533295789,,Candidatus Kryptonia,NA
ASV_009907,sediment,1,FALSE,1,34,7,0.3608138957232468,,Planctomycetota,SM1A02
ASV_009908,sediment,1,TRUE,4,34,3,-0.2695245546266821,,Armatimonadota,NA
ASV_009912,sediment,1,FALSE,2,34,5,0.16505967264044785,,Bdellovibrionota,NA
ASV_009918,sediment,1,FALSE,1,34,8,0.3055785666486888,,Acidobacteriota,NA
ASV_009920,sediment,1,FALSE,1,34,6,-0.053427091241223475,,Myxococcota,NA
ASV_009929,sediment,1,FALSE,2,34,6,-0.18169816805743674,,Planctomycetota,NA
ASV_009932,sediment,1,FALSE,1,34,6,-0.006920696960628184,,Pseudomonadota,NA
ASV_009944,sediment,1,FALSE,1,34,4,0.10712193942107488,,WS2,NA
ASV_009949,sediment,1,FALSE,1,34,6,0.13368845719391523,,Bacillota,Parageobacillus
ASV_009964,sediment,1,FALSE,1,34,6,-0.0902890321610544,,Myxococcota,Archangium
ASV_009965,sediment,1,FALSE,1,34,5,-0.07024343963495751,,Pseudomonadota,Mesorhizobium
ASV_009966,sediment,1,FALSE,1,34,4,-0.05438078047141301,,Entotheonellaeota,NA
ASV_009976,sediment,1,FALSE,1,34,8,-0.1523891831829343,,Chloroflexota,NA
ASV_009978,sediment,1,FALSE,1,34,5,0.10821957484396282,,Latescibacterota,NA
ASV_009980,sediment,1,FALSE,1,34,3,0.38579004877936857,,Elusimicrobiota,NA
ASV_009989,sediment,1,FALSE,1,34,6,0.17458950606652865,,Bdellovibrionota,OM27 clade
ASV_009996,sediment,1,FALSE,1,34,5,0.07073985970304908,,Pseudomonadota,NA
ASV_009999,sediment,1,FALSE,1,34,8,0.3234965035365441,,Latescibacterota,NA
ASV_010002,sediment,1,FALSE,1,34,5,0.2258507079020988,,Planctomycetota,NA
ASV_010013,sediment,1,FALSE,2,34,5,-0.08888018069500182,,Pseudomonadota,Candidatus Paracaedibacter
ASV_010043,sediment,1,FALSE,2,34,6,-0.08727960163975731,,Acidobacteriota,NA
ASV_010048,sediment,1,FALSE,2,34,3,0.1743982412290296,,Bacteroidota,NA
ASV_010058,sediment,1,FALSE,1,34,10,-0.16038796409585718,,Chloroflexota,NA
ASV_010064,sediment,1,FALSE,2,34,7,-0.12080707227340351,,Verrucomicrobiota,Candidatus Udaeobacter
ASV_010067,sediment,1,FALSE,1,34,4,0.05462735765837882,,Bacteroidota,Flavobacterium
ASV_010069,sediment,1,FALSE,1,34,3,0.24287026069780152,,NA,NA
ASV_010071,sediment,1,FALSE,1,34,7,-0.0358640318038167,,Bacteroidota,Terrimonas
ASV_010087,sediment,1,FALSE,2,34,5,0.07024343963495751,,Planctomycetota,CL500-3
ASV_010101,sediment,1,FALSE,1,34,6,-0.5058794200198673,,Gemmatimonadota,Gemmatimonas
ASV_010110,sediment,1,FALSE,2,34,9,0.39986818371681854,,Actinomycetota,Nocardioides
ASV_010113,sediment,1,FALSE,1,34,5,0.15156098110041832,,Planctomycetota,NA
ASV_010119,sediment,1,FALSE,2,34,3,-0.2536603561072245,,Planctomycetota,SH-PL14
ASV_010128,sediment,1,FALSE,1,34,6,-0.057522402924761434,,Planctomycetota,NA
ASV_010140,sediment,1,FALSE,2,34,6,-0.2207702330440391,,Planctomycetota,NA
ASV_010141,sediment,1,FALSE,2,34,8,0.10466897313815053,,Planctomycetota,SM1A02
ASV_010145,sediment,1,FALSE,1,34,5,0.406240554412396,,Planctomycetota,NA
ASV_010148,sediment,1,FALSE,1,34,4,0.12643146968814944,,Pseudomonadota,Pedomicrobium
ASV_010151,sediment,1,FALSE,2,34,6,-0.23396060489322645,,Pseudomonadota,Asticcacaulis
ASV_010156,sediment,1,FALSE,2,34,8,0.20769377478428336,,Acidobacteriota,NA
ASV_010161,sediment,1,FALSE,4,34,3,-0.11553419051097465,,Actinomycetota,Mycobacterium
ASV_010166,sediment,1,FALSE,2,34,4,0.2326210525996177,,Elusimicrobiota,NA
ASV_010172,sediment,1,TRUE,3,34,3,0.1532590604739957,,Planctomycetota,NA
ASV_010194,sediment,1,FALSE,1,34,4,0.22173294467986465,,Bacillota,Thermoactinomyces
ASV_010196,sediment,1,FALSE,2,34,5,-0.296114570616623,,Chloroflexota,NA
ASV_010207,sediment,1,FALSE,2,34,4,-0.35417195720416805,,Verrucomicrobiota,NA
ASV_010209,sediment,1,FALSE,4,34,5,-0.015389022110838748,,Verrucomicrobiota,NA
ASV_010210,sediment,1,FALSE,1,34,5,0.16768858911928985,,Bacteroidota,NA
ASV_010224,sediment,1,FALSE,1,34,4,-0.347891344239098,,Chloroflexota,NA
ASV_010228,sediment,1,FALSE,2,34,4,0.07952164380493058,,Myxococcota,Pajaroellobacter
ASV_010237,sediment,1,FALSE,1,34,9,-0.16119345371860924,,Verrucomicrobiota,Candidatus Udaeobacter
ASV_010242,sediment,1,TRUE,1,34,3,-0.11646591785380507,,Pseudomonadota,Afipia
ASV_010267,sediment,1,TRUE,2,34,4,0.256412851052208,,Acidobacteriota,NA
ASV_010290,sediment,1,FALSE,1,34,3,0.09596791631153538,,Actinomycetota,NA
ASV_010299,sediment,1,FALSE,2,34,3,-0.24597601850723633,,Myxococcota,NA
ASV_010303,sediment,1,FALSE,1,34,4,0.07952164380493058,,Acidobacteriota,NA
ASV_010307,sediment,1,FALSE,1,34,5,-0.043924321208715804,,Myxococcota,NA
ASV_010308,sediment,1,FALSE,3,34,7,0.01869276809168628,,Acidobacteriota,NA
ASV_010330,sediment,1,FALSE,1,34,4,-0.05462735765837882,,Myxococcota,Phaselicystis
ASV_010348,sediment,1,TRUE,3,34,4,-0.3256694736394648,,Acidobacteriota,Subgroup 10
ASV_010352,sediment,1,FALSE,1,34,3,0.24838537387164822,,Acidobacteriota,NA
ASV_010356,sediment,1,FALSE,1,34,5,0.19410024662380485,,Actinomycetota,Acidiferrimicrobium
ASV_010363,sediment,1,FALSE,1,34,9,-0.08861139416298892,,Planctomycetota,NA
ASV_010364,sediment,1,FALSE,4,34,3,-0.07795452101681354,,Bacteroidota,NA
ASV_010371,sediment,1,FALSE,1,34,3,0.2729961114493191,,Bacteroidota,NA
ASV_010414,sediment,1,FALSE,1,34,4,0.0027307012891608948,,Actinomycetota,NA
ASV_010423,sediment,1,TRUE,5,34,3,-0.015854385566275418,,Myxococcota,Pajaroellobacter
ASV_010428,sediment,1,FALSE,1,34,5,-0.16055952441830015,,Acidobacteriota,NA
ASV_010429,sediment,1,FALSE,1,34,3,0.11518726085162825,,Myxococcota,P3OB-42
ASV_010433,sediment,1,FALSE,1,34,5,0.21962160604357903,,Verrucomicrobiota,NA
ASV_010438,sediment,1,FALSE,1,34,7,0.049158145622080464,,Acidobacteriota,NA
ASV_010444,sediment,1,TRUE,2,34,3,0.243180836478745,,Myxococcota,NA
ASV_010450,sediment,1,FALSE,1,34,4,-0.13026778945578593,,Chloroflexota,NA
ASV_010454,sediment,1,FALSE,1,34,6,0.11458462662612477,,Planctomycetota,Gemmata
ASV_010456,sediment,1,TRUE,3,34,3,0.06894782336945261,,Planctomycetota,NA
ASV_010497,sediment,1,FALSE,1,34,10,0.10420569464128072,,Planctomycetota,Zavarzinella
ASV_010498,sediment,1,FALSE,1,34,4,-0.07159680644980004,,Planctomycetota,NA
ASV_010521,sediment,1,TRUE,1,34,3,0.4500243065871028,,Actinomycetota,Angustibacter
ASV_010532,sediment,1,FALSE,3,34,5,-0.09789348615338496,,Planctomycetota,NA
ASV_010538,sediment,1,FALSE,1,34,3,-0.18914065059457943,,Pseudomonadota,NA
ASV_010551,sediment,1,FALSE,1,34,3,-0.015854385566275418,,Latescibacterota,NA
ASV_010580,sediment,1,FALSE,2,34,4,0.2853582847173135,,Planctomycetota,NA
ASV_010589,sediment,1,FALSE,1,34,4,-0.14592631543585202,,Acidobacteriota,NA
ASV_010591,sediment,1,FALSE,1,34,7,-0.35596495340916057,,Planctomycetota,Planctomicrobium
ASV_010600,sediment,1,FALSE,1,34,10,-0.12026517833975606,,Myxococcota,Nannocystis
ASV_010601,sediment,1,FALSE,1,34,6,-0.18186534242587896,,Pseudomonadota,NA
ASV_010608,sediment,1,FALSE,3,34,5,-0.287923639493112,,Pseudomonadota,Polaromonas
ASV_010615,sediment,1,FALSE,1,34,5,-0.08050124242055007,,Planctomycetota,NA
ASV_010630,sediment,1,FALSE,2,34,3,-0.14268947009647875,,Chloroflexota,NA
ASV_010632,sediment,1,FALSE,1,34,4,0.1737998813056215,,Myxococcota,NA
ASV_010639,sediment,1,FALSE,1,34,3,-0.1540455873479662,,Verrucomicrobiota,NA
ASV_010644,sediment,1,FALSE,1,34,4,0.38284432074035746,,Myxococcota,NA
ASV_010647,sediment,1,FALSE,1,34,3,-0.13381592837480263,,Thermodesulfobacteriota,Desulfuromonas
ASV_010657,sediment,1,TRUE,7,34,3,0.18914065059457943,,Actinomycetota,NA
ASV_010671,sediment,1,FALSE,1,34,5,-0.15802095734404273,,Pseudomonadota,NA
ASV_010679,sediment,1,FALSE,2,34,3,-0.07640164211209613,,Myxococcota,NA
ASV_010685,sediment,1,FALSE,1,34,9,-0.05874021129544675,,Myxococcota,NA
ASV_010703,sediment,1,FALSE,1,34,6,0.20762090881884554,,Planctomycetota,NA
ASV_010715,sediment,1,FALSE,2,34,5,0.14211947735973654,,Myxococcota,NA
ASV_010751,sediment,1,FALSE,1,34,5,0.22212379853077702,,Acidobacteriota,NA
ASV_010759,sediment,1,FALSE,2,34,6,0.11424326518337495,,Pseudomonadota,NA
ASV_010760,sediment,1,FALSE,2,34,4,0.02020718953979062,,Bacteroidota,NA
ASV_010772,sediment,1,FALSE,1,34,4,0.12269834387771075,,Bacillota,Niallia
ASV_010775,sediment,1,FALSE,1,34,6,0.22423058152435316,,Planctomycetota,NA
ASV_010793,sediment,1,FALSE,1,34,4,0.07181744390493154,,MBNT15,NA
ASV_010800,sediment,1,FALSE,2,34,4,0.15818231576774006,,Acidobacteriota,NA
ASV_010810,sediment,1,FALSE,1,34,4,-0.007645963609650506,,Verrucomicrobiota,NA
ASV_010825,sediment,1,FALSE,2,34,6,0.1258244303001555,,Pseudomonadota,NA
ASV_010840,sediment,1,FALSE,2,34,5,-0.06006682823908027,,Pseudomonadota,MND1
ASV_010873,sediment,1,FALSE,1,34,7,-0.27735810624166124,,Thermodesulfobacteriota,NA
ASV_010881,sediment,1,FALSE,1,34,5,-0.334358774995483,,Bacteroidota,Hassallia
ASV_010926,sediment,1,FALSE,2,34,4,0.13026778945578593,,Bacteroidota,Chryseotalea
ASV_010930,sediment,1,FALSE,2,34,5,-0.1904575300607182,,Chloroflexota,NA
ASV_010931,sediment,1,FALSE,2,34,7,0.21974870396156776,,Planctomycetota,NA
ASV_010932,sediment,1,FALSE,1,34,7,-0.2151537086090059,,Myxococcota,NA
ASV_010954,sediment,1,FALSE,1,34,3,0.243180836478745,,Myxococcota,NA
ASV_010966,sediment,1,TRUE,4,34,3,0.08758237022606141,,Bacteroidota,NA
ASV_010989,sediment,1,FALSE,1,34,3,0.11891299435626312,,Acidobacteriota,NA
ASV_010996,sediment,1,TRUE,2,34,3,-0.3586018498211068,,Chloroflexota,NA
ASV_010997,sediment,1,FALSE,1,34,4,-0.03771129500027636,,Latescibacterota,NA
ASV_010998,sediment,1,TRUE,2,34,3,-0.09876309834002671,,Myxococcota,NA
ASV_011005,sediment,1,FALSE,1,34,7,-0.005855096847947502,,Myxococcota,KD3-10
ASV_011020,sediment,1,FALSE,4,34,4,-0.14312367706495252,,NA,NA
ASV_011035,sediment,1,TRUE,5,34,3,-0.10041110858641099,,Verrucomicrobiota,ADurb.Bin063-1
ASV_011036,sediment,1,FALSE,1,34,5,-0.12273929715024061,,Verrucomicrobiota,ADurb.Bin063-1
ASV_011043,sediment,1,FALSE,1,34,9,-0.032823071436574744,,SAR324 clade(Marine group B),Candidatus Nitrosoarchaeum
ASV_011111,sediment,1,FALSE,1,34,3,-0.0792719278313771,,Bacteroidota,NA
ASV_011114,sediment,1,FALSE,1,34,6,-0.1763870787096125,,Pseudomonadota,NA
ASV_011122,sediment,1,FALSE,1,34,4,0.04017072728290307,,Bacteroidota,NA
ASV_011134,sediment,1,TRUE,3,34,3,-0.2378157834941313,,Planctomycetota,NA
ASV_011165,sediment,1,FALSE,1,34,4,0.2224419864509055,,Planctomycetota,NA
ASV_011171,sediment,1,FALSE,1,34,3,-0.08984151820889405,,Acidobacteriota,NA
ASV_011184,sediment,1,FALSE,2,34,3,0.09780050449666548,,Bacteroidota,Ferruginibacter
ASV_011189,sediment,1,FALSE,1,34,4,-0.11969237108783366,,Acidobacteriota,NA
ASV_011201,sediment,1,FALSE,1,34,3,0.2599519286496929,,Verrucomicrobiota,Oleiharenicola
ASV_011203,sediment,1,TRUE,2,34,3,0.06870233745386015,,Pseudomonadota,Acidibacter
ASV_011217,sediment,1,FALSE,4,34,3,-0.11098069896392794,,Acidobacteriota,NA
ASV_011222,sediment,1,FALSE,1,34,8,0.12775017122808482,,Actinomycetota,Nocardioides
ASV_011226,sediment,1,FALSE,1,34,5,-0.01315248036193185,,Chloroflexota,NA
ASV_011231,sediment,1,FALSE,1,34,3,0.08851409756889186,,Planctomycetota,NA
ASV_011240,sediment,1,FALSE,1,34,6,0.276797802873952,,Planctomycetota,NA
ASV_011251,sediment,1,FALSE,1,34,3,-0.39635963915688543,,Myxococcota,NA
ASV_011283,sediment,1,TRUE,4,34,4,0.37438024746651166,,Verrucomicrobiota,Ellin516
ASV_011286,sediment,1,TRUE,1,34,4,-0.21533695985665052,,Thermoproteota,NA
ASV_011288,sediment,1,FALSE,1,34,3,0.19845792402288384,,Pseudomonadota,NA
ASV_011296,sediment,1,FALSE,1,34,4,-0.04370188612670306,,Bacteroidota,Ferruginibacter
ASV_011310,sediment,1,FALSE,3,34,6,-0.03612406903675018,,Bacillota,Domibacillus
ASV_011314,sediment,1,FALSE,1,34,5,0.16502640454122042,,Latescibacterota,NA
ASV_011315,sediment,1,FALSE,1,34,5,-0.4469361722988541,,Spirochaetota,Spirochaeta 2
ASV_011334,sediment,1,FALSE,2,34,3,-0.06459976243624388,,Verrucomicrobiota,Chthoniobacter
ASV_011337,sediment,1,FALSE,2,34,4,0.03279243043502292,,Pseudomonadota,Bosea
ASV_011345,sediment,1,FALSE,2,34,3,0.2589549642491652,,Acidobacteriota,NA
ASV_011356,sediment,1,FALSE,1,34,4,-0.05899754627104913,,Acidobacteriota,Bryobacter
ASV_011370,sediment,1,FALSE,2,34,3,-0.13211987971896183,,Bacteroidota,NA
ASV_011374,sediment,1,FALSE,1,34,6,0.11410468045923336,,Myxococcota,Anaeromyxobacter
ASV_011386,sediment,1,FALSE,2,34,3,-0.08165565930991436,,Acidobacteriota,Subgroup 10
ASV_011395,sediment,1,FALSE,1,34,6,0.2505546347864273,,Chloroflexota,NA
ASV_011398,sediment,1,FALSE,1,34,3,-0.2166766027390974,,Myxococcota,Pajaroellobacter
ASV_011400,sediment,1,FALSE,3,34,6,-0.4443030401908573,,Planctomycetota,NA
ASV_011406,sediment,1,FALSE,1,34,4,-0.13957263155977065,,Planctomycetota,SM1A02
ASV_011407,sediment,1,FALSE,1,34,3,0.1743982412290296,,Planctomycetota,NA
ASV_011412,sediment,1,FALSE,1,34,3,0.07826509679775702,,Cyanobacteriota,NA
ASV_011431,sediment,1,FALSE,1,34,3,0.0037269093713217624,,Pseudomonadota,Lysobacter
ASV_011452,sediment,1,TRUE,4,34,3,-0.0642891866553004,,Planctomycetota,NA
ASV_011455,sediment,1,FALSE,2,34,4,-0.40941305257532723,,Myxococcota,P3OB-42
ASV_011487,sediment,1,FALSE,1,34,4,-0.19005680972559827,,Actinomycetota,Longivirga
ASV_011513,sediment,1,FALSE,1,34,4,0.23692530989304061,,Pseudomonadota,Coxiella
ASV_011528,sediment,1,TRUE,2,34,3,-0.11098069896392794,,Acidobacteriota,Subgroup 10
ASV_011535,sediment,1,TRUE,2,34,6,0.04718416136255831,,Acidobacteriota,Candidatus Solibacter
ASV_011550,sediment,1,FALSE,1,34,5,0.02876917235154941,,Planctomycetota,NA
ASV_011574,sediment,1,TRUE,3,34,3,-0.30094793173423234,,Chloroflexota,NA
ASV_011576,sediment,1,FALSE,1,34,4,-0.002184561031328716,,Nanoarchaeota,NA
ASV_011580,sediment,1,FALSE,2,34,3,0.004657166880793595,,Planctomycetota,NA
ASV_011584,sediment,1,FALSE,1,34,9,0.09726966991720971,,Candidatus Eremiobacterota,NA
ASV_011588,sediment,1,FALSE,2,34,3,0.02763252349270866,,Verrucomicrobiota,NA
ASV_011593,sediment,1,FALSE,2,34,3,-0.31026520516253675,,Myxococcota,NA
ASV_011625,sediment,1,FALSE,1,34,5,0.13590796174086692,,Pseudomonadota,Candidatus Berkiella
ASV_011648,sediment,1,TRUE,2,34,3,0.0792719278313771,,Pseudomonadota,Sphingomonas
ASV_011654,sediment,1,FALSE,1,34,7,0.13360351260397949,,Gemmatimonadota,Gemmatimonas
ASV_011667,sediment,1,FALSE,1,34,3,-0.07671221789303961,,Pseudomonadota,NA
ASV_011683,sediment,1,FALSE,1,34,4,-0.2257212294944078,,Planctomycetota,NA
ASV_011687,sediment,1,FALSE,1,34,4,-0.1638820729751365,,Pseudomonadota,NA
ASV_011693,sediment,1,FALSE,1,34,5,-0.1819927509469085,,Acidobacteriota,NA
ASV_011704,sediment,1,FALSE,1,34,3,0.13882737408173565,,Pseudomonadota,NA
ASV_011714,sediment,1,FALSE,1,34,3,0.3559198449612283,,Planctomycetota,NA
ASV_011720,sediment,1,FALSE,2,34,5,0.2385298427180006,,Myxococcota,Sandaracinus
ASV_011731,sediment,1,FALSE,1,34,5,0.1675417729809057,,Planctomycetota,NA
ASV_011733,sediment,1,FALSE,1,34,4,0.1116581052478165,,Planctomycetota,Pir4 lineage
ASV_011760,sediment,1,FALSE,1,34,3,0.14268947009647875,,Latescibacterota,NA
ASV_011761,sediment,1,FALSE,1,34,3,0.0816814303881353,,Actinomycetota,Acidothermus
ASV_011767,sediment,1,FALSE,1,34,6,0.06297834234171648,,Planctomycetota,NA
ASV_011768,sediment,1,FALSE,2,34,5,0.372984490263841,,Planctomycetota,NA
ASV_011769,sediment,1,FALSE,2,34,4,-0.17679199997570946,,Planctomycetota,NA
ASV_011774,sediment,1,FALSE,3,34,3,0.0801285514834179,,Planctomycetota,NA
ASV_011777,sediment,1,FALSE,1,34,3,0.21522901619383178,,Pseudomonadota,NA
ASV_011786,sediment,1,FALSE,1,34,6,-0.05061971457379006,,Acidobacteriota,NA
ASV_011818,sediment,1,FALSE,1,34,5,-0.06577565902213336,,Myxococcota,NA
ASV_011845,sediment,1,FALSE,2,34,3,-0.03478448746566978,,Planctomycetota,NA
ASV_011849,sediment,1,FALSE,3,34,3,0.2245462896221362,,Pseudomonadota,NA
ASV_011869,sediment,1,FALSE,1,34,4,0.2041328794580177,,NB1-j,NA
ASV_011909,sediment,1,FALSE,2,34,3,0.14690234438626615,,Pseudomonadota,NA
ASV_011934,sediment,1,FALSE,1,34,3,0.13416873736758345,,Nitrospirota,NA
ASV_011970,sediment,1,FALSE,1,34,5,-0.19224653338380124,,Candidatus Kapabacteria,NA
ASV_011974,sediment,1,FALSE,1,34,4,0.21643004087115128,,Acidobacteriota,NA
ASV_011978,sediment,1,FALSE,1,34,5,0.004232389556904848,,Chloroflexota,NA
ASV_012012,sediment,1,FALSE,1,34,5,0.334358774995483,,Acidobacteriota,NA
ASV_012027,sediment,1,FALSE,1,34,3,0.18448201388042726,,Chloroflexota,NA
ASV_012044,sediment,1,FALSE,1,34,5,0.2750985877711427,,Pseudomonadota,Pseudomonas
ASV_012087,sediment,1,FALSE,1,34,3,-0.49195203701447265,,Pseudomonadota,Candidatus Ovatusbacter
ASV_012095,sediment,1,FALSE,1,34,5,-0.17771838437678295,,Pseudomonadota,BD1-7 clade
ASV_012106,sediment,1,FALSE,1,34,3,-0.07826509679775702,,Acidobacteriota,NA
ASV_012132,sediment,1,FALSE,1,34,5,0.11482867929971878,,Verrucomicrobiota,NA
ASV_012139,sediment,1,FALSE,1,34,3,0.0847871881975701,,Planctomycetota,NA
ASV_012168,sediment,1,FALSE,1,34,3,-0.2695245546266821,,Latescibacterota,NA
ASV_012176,sediment,1,FALSE,1,34,3,0.1667265743324107,,Bacteroidota,NA
ASV_012178,sediment,1,FALSE,1,34,10,-0.26253316610852234,,Bdellovibrionota,Pseudobdellovibrio
ASV_012222,sediment,1,FALSE,1,34,3,-0.12516203972022252,,Planctomycetota,SH-PL14
ASV_012225,sediment,1,FALSE,1,34,6,-0.018627579368290237,,Actinomycetota,NA
ASV_012229,sediment,1,FALSE,2,34,5,0.02633682622400712,,Myxococcota,Anaeromyxobacter
ASV_012250,sediment,1,FALSE,2,34,3,0.11098069896392794,,Thermodesulfobacteriota,NA
ASV_012258,sediment,1,FALSE,2,34,3,0.10041110858641099,,Zixibacteria,NA
ASV_012267,sediment,1,FALSE,1,34,7,-0.3299490925951136,,Pseudomonadota,MND1
ASV_012276,sediment,1,FALSE,1,34,3,0.060562277283978644,,Myxococcota,Pajaroellobacter
ASV_012279,sediment,1,FALSE,1,34,3,-0.008385546085473965,,Pseudomonadota,NA
ASV_012281,sediment,1,FALSE,1,34,5,0.05441287682129773,,Planctomycetota,NA
ASV_012309,sediment,1,TRUE,2,34,3,-0.08851409756889186,,Acidobacteriota,Bryobacter
ASV_012328,sediment,1,FALSE,1,34,3,0.19553742198406351,,Planctomycetota,NA
ASV_012362,sediment,1,TRUE,1,34,4,0.018609684207969417,,Actinomycetota,Acidiferrimicrobium
ASV_012418,sediment,1,FALSE,2,34,3,0.005284795188758473,,Pseudomonadota,MND1
ASV_012477,sediment,1,FALSE,1,34,5,-0.3528140871517935,,Actinomycetota,NA
ASV_012502,sediment,1,FALSE,1,34,5,-0.277498818063189,,Pseudomonadota,NA
ASV_012522,sediment,1,FALSE,1,34,5,0.16795938233423408,,Chloroflexota,NA
ASV_012541,sediment,1,FALSE,1,34,4,0.039322098563916885,,Chlamydiota,NA
ASV_012577,sediment,1,FALSE,1,34,6,-0.28302541006665366,,Acidobacteriota,NA
ASV_012583,sediment,1,TRUE,3,34,3,0.12019282722512684,,Pseudomonadota,NA
ASV_012598,sediment,1,FALSE,1,34,5,-0.03846480105847994,,NB1-j,NA
ASV_012613,sediment,1,FALSE,1,34,3,0.23945392710742325,,Chloroflexota,NA
ASV_012615,sediment,1,FALSE,1,34,6,-0.07645600987968187,,Bdellovibrionota,NA
ASV_012616,sediment,1,FALSE,1,34,3,0.16584746702381845,,Pseudomonadota,MND1
ASV_012634,sediment,1,FALSE,3,34,3,0.16398401233815754,,Planctomycetota,NA
ASV_012639,sediment,1,FALSE,1,34,5,-0.19522325390071169,,Planctomycetota,Gemmata
ASV_012646,sediment,1,FALSE,1,34,4,0.43145080368742134,,Planctomycetota,NA
ASV_012683,sediment,1,FALSE,1,34,3,0.10621691708267023,,Planctomycetota,NA
ASV_012684,sediment,1,FALSE,1,34,5,0.2889164796292952,,Planctomycetota,NA
ASV_012705,sediment,1,TRUE,1,34,3,0.11098069896392794,,Pseudomonadota,NA
ASV_012707,sediment,1,FALSE,1,34,8,-0.3782392563774086,,Pseudomonadota,NA
ASV_012746,sediment,1,FALSE,2,34,4,0.2434837959800452,,Planctomycetota,NA
ASV_012747,sediment,1,FALSE,2,34,5,0.13019336737150689,,Planctomycetota,NA
ASV_012749,sediment,1,FALSE,1,34,6,-0.09550561805666893,,Planctomycetota,NA
ASV_012758,sediment,1,FALSE,2,34,5,-0.30164101238026103,,Verrucomicrobiota,Ellin517
ASV_012775,sediment,1,FALSE,2,34,3,0.31180291613674993,,Actinomycetota,Baekduia
ASV_012797,sediment,1,FALSE,2,34,3,-0.0792719278313771,,Planctomycetota,NA
ASV_012798,sediment,1,FALSE,1,34,5,-0.045422436230378886,,Bacteroidota,NA
ASV_012799,sediment,1,TRUE,1,34,3,-0.2695245546266821,,Myxococcota,NA
ASV_012821,sediment,1,FALSE,2,34,6,0.14585154719990714,,Pseudomonadota,NA
ASV_012825,sediment,1,FALSE,1,34,5,0.08522199429089097,,NA,NA
ASV_012832,sediment,1,TRUE,4,34,4,-0.39022992217677277,,Actinomycetota,Marmoricola
ASV_012840,sediment,1,FALSE,1,34,3,0.050607880104623734,,Planctomycetota,NA
ASV_012851,sediment,1,FALSE,1,34,6,-0.36569922797871934,,Planctomycetota,NA
ASV_012863,sediment,1,FALSE,3,34,3,0.17107326342115137,,Chlamydiota,NA
ASV_012888,sediment,1,FALSE,3,34,6,-0.04929044102669806,,Planctomycetota,NA
ASV_012901,sediment,1,FALSE,2,34,5,-0.1331748948685643,,Verrucomicrobiota,SH3-11
ASV_012904,sediment,1,FALSE,1,34,4,-0.22982028329878565,,Verrucomicrobiota,NA
ASV_012938,sediment,1,FALSE,1,34,5,0.4444009034750091,,Actinomycetota,NA
ASV_012963,sediment,1,FALSE,2,34,4,-0.06585813112367103,,Myxococcota,NA
ASV_012990,sediment,1,FALSE,1,34,4,0.05582905262390825,,Pseudomonadota,NA
ASV_013000,sediment,1,FALSE,1,34,4,0.21561023011027572,,Planctomycetota,NA
ASV_013003,sediment,1,FALSE,1,34,5,-0.05502106423976303,,Planctomycetota,NA
ASV_013029,sediment,1,FALSE,1,34,3,-0.08106027882624833,,Gemmatimonadota,NA
ASV_013032,sediment,1,FALSE,1,34,5,0.08041540158119212,,Latescibacterota,NA
ASV_013051,sediment,1,FALSE,2,34,3,-0.18535524185558508,,Planctomycetota,NA
ASV_013052,sediment,1,FALSE,1,34,4,-0.3026355614274187,,Planctomycetota,NA
ASV_013068,sediment,1,TRUE,1,34,4,-0.12105872235595962,,Thermoproteota,NA
ASV_013091,sediment,1,FALSE,1,34,4,0.023484031086783694,,Actinomycetota,Gaiella
ASV_013101,sediment,1,FALSE,1,34,4,0.07072516338926718,,Planctomycetota,NA
ASV_013116,sediment,1,FALSE,1,34,4,0.20070654475332578,,Verrucomicrobiota,NA
ASV_013119,sediment,1,FALSE,2,34,6,0.023592080681279156,,Bacteroidota,NA
ASV_013158,sediment,1,FALSE,2,34,4,0.19866747438551388,,Planctomycetota,NA
ASV_013167,sediment,1,FALSE,2,34,4,0.1063021286601993,,Planctomycetota,SM1A02
ASV_013168,sediment,1,FALSE,3,34,6,-0.03932013446879859,,Fibrobacterota,possible genus 04
ASV_013237,sediment,1,TRUE,1,34,4,-0.024321052572642,,Chloroflexota,NA
ASV_013239,sediment,1,FALSE,1,34,4,0.06144077900612013,,Actinomycetota,Solirubrobacter
ASV_013259,sediment,1,TRUE,6,34,3,-0.14162255611022698,,Candidatus Eremiobacterota,NA
ASV_013298,sediment,1,TRUE,3,34,4,0.19839420413188869,,Armatimonadota,Chthonomonas
ASV_013318,sediment,1,FALSE,1,34,4,0.007378296847880158,,Planctomycetota,NA
ASV_013372,sediment,1,FALSE,1,34,7,0.16606133514009672,,Planctomycetota,NA
ASV_013387,sediment,1,FALSE,2,34,4,0.023484031086783694,,Pseudomonadota,Hirschia
ASV_013401,sediment,1,FALSE,1,34,5,0.10772315477587124,,Gemmatimonadota,Gemmatimonas
ASV_013402,sediment,1,FALSE,1,34,3,-0.19404862003306644,,Thermodesulfobacteriota,Geoanaerobacter
ASV_013409,sediment,1,FALSE,1,34,6,0.2595128874940707,,Bacillota,Marinithermofilum
ASV_013419,sediment,1,FALSE,1,34,5,0.08414320154152155,,Latescibacterota,NA
ASV_013442,sediment,1,FALSE,1,34,5,-0.21643914968792563,,Pseudomonadota,NA
ASV_013486,sediment,1,TRUE,3,34,3,-0.3605784816753805,,Planctomycetota,NA
ASV_013501,sediment,1,FALSE,1,34,5,-0.216409204161417,,Planctomycetota,NA
ASV_013509,sediment,1,FALSE,3,34,3,0.008696121866417446,,Actinomycetota,NA
ASV_013572,sediment,1,FALSE,1,34,5,0.21912528602992123,,Latescibacterota,NA
ASV_013595,sediment,1,FALSE,1,34,4,0.020758395910183955,,Planctomycetota,NA
ASV_013639,sediment,1,TRUE,3,34,3,0.07919682414058746,,Chloroflexota,NA
ASV_013678,sediment,1,FALSE,1,34,3,0.1835502865375968,,MBNT15,NA
ASV_013680,sediment,1,FALSE,1,34,4,0.19884358187649892,,Acidobacteriota,NA
ASV_013687,sediment,1,FALSE,2,34,3,0.07733336945492658,,Pseudomonadota,Herminiimonas
ASV_013732,sediment,1,FALSE,1,34,6,-0.1980487002907422,,Planctomycetota,Pirellula
ASV_013774,sediment,1,FALSE,2,34,3,-0.33542184341895864,,Pseudomonadota,SWB02
ASV_013787,sediment,1,FALSE,1,34,4,0.0933899840893026,,Latescibacterota,NA
ASV_013812,sediment,1,FALSE,2,34,4,-0.2512858452285426,,Bdellovibrionota,NA
ASV_013866,sediment,1,FALSE,1,34,4,0.13253607300821765,,Planctomycetota,NA
ASV_013926,sediment,1,FALSE,2,34,3,0.12391973659644862,,Gemmatimonadota,NA
ASV_013935,sediment,1,FALSE,1,34,5,0.3508264021537552,,Myxococcota,NA
ASV_013960,sediment,1,FALSE,1,34,3,0.06522091399813085,,Bacillota,NA
ASV_013975,sediment,1,FALSE,1,34,3,-0.21988765290798398,,Chloroflexota,NA
ASV_013977,sediment,1,FALSE,1,34,3,-0.14348601079588785,,Latescibacterota,NA
ASV_013989,sediment,1,FALSE,1,34,5,0.3135573084405376,,Verrucomicrobiota,Oleiharenicola
ASV_013999,sediment,1,FALSE,3,34,4,0.1543976932982329,,Verrucomicrobiota,Ellin516
ASV_014022,sediment,1,FALSE,1,34,5,-0.04844982182718291,,MBNT15,NA
ASV_014028,sediment,1,FALSE,2,34,4,-0.020758395910183955,,Incertae Sedis,NA
ASV_014038,sediment,1,FALSE,2,34,6,0.031456107575038875,,Chloroflexota,NA
ASV_014045,sediment,1,TRUE,3,34,3,0.4703467717995041,,Planctomycetota,NA
ASV_014047,sediment,1,FALSE,1,34,3,-0.10249000771134847,,Planctomycetota,NA
ASV_014048,sediment,1,FALSE,2,34,6,0.09257625292660275,,Actinomycetota,NA
ASV_014094,sediment,1,FALSE,1,34,6,0.39253287755857197,,Chloroflexota,NA
ASV_014102,sediment,1,FALSE,1,34,4,-0.2622113167602183,,Pseudomonadota,MND1
ASV_014106,sediment,1,TRUE,3,34,3,0.06870233745386015,,Chloroflexota,NA
ASV_014114,sediment,1,FALSE,1,34,5,0.01962838935562795,,Planctomycetota,NA
ASV_014117,sediment,1,FALSE,3,34,3,-0.08199200616907877,,Planctomycetota,NA
ASV_014124,sediment,1,FALSE,1,34,5,0.22535378665258923,,Pseudomonadota,NA
ASV_014243,sediment,1,TRUE,2,34,4,0.07241661721067563,,Pseudomonadota,NA
ASV_014244,sediment,1,FALSE,2,34,4,0.14636558909902397,,Pseudomonadota,NA
ASV_014376,sediment,1,FALSE,2,34,3,0.22724619311661434,,Acidobacteriota,Subgroup 10
ASV_014394,sediment,1,FALSE,1,34,3,0.024224910913591458,,Chloroflexota,NA
ASV_014416,sediment,1,FALSE,1,34,3,0.08984151820889405,,Planctomycetota,NA
ASV_014424,sediment,1,FALSE,1,34,5,0.06623203150125798,,Myxococcota,P3OB-42
ASV_014442,sediment,1,FALSE,1,34,8,-0.07863133990842046,,Bacteroidota,NA
ASV_014480,sediment,1,TRUE,2,34,3,-0.15746192093834446,,Planctomycetota,Tautonia
ASV_014507,sediment,1,FALSE,1,34,4,0.020495269021889327,,MBNT15,NA
ASV_014512,sediment,1,FALSE,1,34,4,0.435926314113863,,Armatimonadota,NA
ASV_014529,sediment,1,FALSE,1,34,5,0.004232389556904848,,Actinomycetota,NA
ASV_014531,sediment,1,FALSE,1,34,5,0.19678081480578904,,Methylomirabilota,NA
ASV_014602,sediment,1,FALSE,2,34,5,-0.17495280481437653,,Nitrospirota,NA
ASV_014619,sediment,1,FALSE,1,34,3,-0.31637687010191157,,Verrucomicrobiota,Pedosphaera
ASV_014653,sediment,1,FALSE,1,34,3,-0.31180291613674993,,Actinomycetota,NA
ASV_014688,sediment,1,FALSE,1,34,3,0.16382865085151266,,Myxococcota,Anaeromyxobacter
ASV_014749,sediment,1,FALSE,1,34,3,0.21709247087949268,,Planctomycetota,NA
ASV_014790,sediment,1,FALSE,1,34,4,-0.16040963887798712,,Acidobacteriota,Bryobacter
ASV_014823,sediment,1,FALSE,3,34,3,-0.08984151820889405,,Verrucomicrobiota,Chthoniobacter
ASV_014860,sediment,1,FALSE,1,34,6,0.04290832115589475,,Actinomycetota,Gaiella
ASV_014872,sediment,1,FALSE,1,34,5,-0.05931024163210778,,Methylomirabilota,NA
ASV_014881,sediment,1,FALSE,2,34,3,-0.12919952487248776,,Armatimonadota,NA
ASV_014885,sediment,1,FALSE,1,34,5,0.040996003084539386,,Pseudomonadota,NA
ASV_014908,sediment,1,TRUE,1,34,3,0.20610701236158044,,Acidobacteriota,NA
ASV_014977,sediment,1,FALSE,1,34,4,0.027914526311954124,,Verrucomicrobiota,NA
ASV_014978,sediment,1,FALSE,1,34,5,0.27005251704181543,,Verrucomicrobiota,NA
ASV_015000,sediment,1,FALSE,2,34,3,0.2695245546266821,,Bdellovibrionota,NA
ASV_015027,sediment,1,FALSE,2,34,4,-0.09701094003694281,,Planctomycetota,NA
ASV_015096,sediment,1,FALSE,2,34,3,0.0847871881975701,,Planctomycetota,NA
ASV_015122,sediment,1,FALSE,1,34,3,-0.243180836478745,,Bacteroidota,NA
ASV_015127,sediment,1,FALSE,1,34,3,-0.15093982953853138,,Pseudomonadota,Rhizorhabdus
ASV_015185,sediment,1,FALSE,1,34,3,0.1630522849953271,,Myxococcota,NA
ASV_015188,sediment,1,FALSE,1,34,3,-0.13882737408173565,,Myxococcota,NA
ASV_015195,sediment,1,FALSE,3,34,5,-0.13924582909968608,,Bacteroidota,Ferruginibacter
ASV_015235,sediment,1,FALSE,1,34,4,-0.0759691305078031,,Verrucomicrobiota,NA
ASV_015248,sediment,1,FALSE,1,34,4,0.13444896478359397,,Acidobacteriota,NA
ASV_015302,sediment,1,FALSE,1,34,3,-0.01677109217094793,,Planctomycetota,NA
ASV_015307,sediment,1,FALSE,1,34,4,-0.1635690072207376,,Planctomycetota,NA
ASV_015374,sediment,1,FALSE,4,34,4,0.1308964514864665,,Chloroflexota,NA
ASV_015378,sediment,1,FALSE,1,34,5,-0.04198984558355852,,Latescibacterota,NA
ASV_015406,sediment,1,FALSE,1,34,3,-0.22820117715888616,,Verrucomicrobiota,NA
ASV_015473,sediment,1,FALSE,1,34,5,-0.11986128329836009,,Pseudomonadota,NA
ASV_015570,sediment,1,FALSE,3,34,4,0.009304842103984709,,Myxococcota,NA
ASV_015571,sediment,1,FALSE,1,34,3,0.22734147165062754,,Pseudomonadota,NA
ASV_015598,sediment,1,FALSE,1,34,3,-0.06870233745386015,,Planctomycetota,NA
ASV_015602,sediment,1,FALSE,2,34,3,-0.21025980369873612,,Actinomycetota,Baekduia
ASV_015629,sediment,1,FALSE,1,34,4,-0.14783920721122834,,Nanoarchaeota,NA
ASV_015634,sediment,1,FALSE,2,34,3,-0.3056065684483845,,Planctomycetota,NA
ASV_015655,sediment,1,TRUE,1,34,3,-0.1532590604739957,,Pseudomonadota,NA
ASV_015683,sediment,1,FALSE,1,34,4,0.16232253065336347,,Bacillota,Paenibacillus
ASV_015754,sediment,1,FALSE,1,34,3,0.4280684102894363,,Latescibacterota,NA
ASV_015789,sediment,1,TRUE,2,34,3,0.08984151820889405,,Actinomycetota,NA
ASV_015889,sediment,1,TRUE,2,34,3,0.08984151820889405,,Cyanobacteriota,NA
ASV_015939,sediment,1,FALSE,1,34,4,-0.10349357885919791,,Actinomycetota,NA
ASV_015964,sediment,1,FALSE,1,34,4,-0.10302288561669701,,Planctomycetota,NA
ASV_016096,sediment,1,FALSE,1,34,5,-0.29840121033049577,,Latescibacterota,NA
ASV_016130,sediment,1,FALSE,1,34,3,-0.009317273428304407,,Acidobacteriota,NA
ASV_016208,sediment,1,FALSE,1,34,6,-0.1487926397347988,,Planctomycetota,NA
ASV_016253,sediment,1,TRUE,1,34,3,-0.017702819513778372,,Chloroflexota,NA
ASV_016290,sediment,1,FALSE,2,34,4,0.14093858275861737,,Dependentiae,NA
ASV_016301,sediment,1,FALSE,1,34,4,-0.11905857620741503,,Bacteroidota,NA
ASV_016322,sediment,1,FALSE,1,34,4,-0.278599524057732,,Acidobacteriota,Aridibacter
ASV_016347,sediment,1,TRUE,2,34,4,0.3066092245674643,,Elusimicrobiota,NA
ASV_016426,sediment,1,FALSE,1,34,4,-0.21315079782764898,,Chloroflexota,NA
ASV_016527,sediment,1,TRUE,3,34,3,-0.38579004877936857,,Planctomycetota,NA
ASV_016555,sediment,1,FALSE,2,34,4,0.26944447007443834,,NB1-j,NA
ASV_016593,sediment,1,FALSE,1,34,3,-0.005590364056982643,,Actinomycetota,Kineosporia
ASV_016611,sediment,1,FALSE,1,34,7,-0.30577665911179563,,Myxococcota,Phaselicystis
ASV_016635,sediment,1,FALSE,2,34,3,0.056835367912656885,,Planctomycetota,NA
ASV_016746,sediment,1,FALSE,1,34,4,0.13957263155977065,,Pseudomonadota,NA
ASV_016747,sediment,1,FALSE,2,34,3,0.13323701002475302,,Gemmatimonadota,Gemmatimonas
ASV_016793,sediment,1,FALSE,1,34,4,-0.1116581052478165,,Planctomycetota,Pirellula
ASV_016796,sediment,1,FALSE,1,34,4,-0.15818231576774006,,Planctomycetota,NA
ASV_016833,sediment,1,FALSE,2,34,4,0.24812939029167344,,Elusimicrobiota,NA
ASV_016843,sediment,1,TRUE,1,34,3,0.06870233745386015,,Bacteroidota,Niastella
ASV_016852,sediment,1,TRUE,2,34,3,-0.399711030074259,,Gemmatimonadota,NA
ASV_016869,sediment,1,FALSE,1,34,5,0.09118504928500579,,Chloroflexota,NA
ASV_016908,sediment,1,FALSE,4,34,3,-0.2571567466212016,,Pseudomonadota,Bosea
ASV_016960,sediment,1,FALSE,2,34,4,0.08635340014556037,,Actinomycetota,Iamia
ASV_016963,sediment,1,FALSE,1,34,3,0.12155028934144488,,Myxococcota,NA
ASV_016995,sediment,1,FALSE,1,34,3,-0.26647402004950604,,Thermoproteota,NA
ASV_017023,sediment,1,FALSE,2,34,4,-0.1332907526864443,,Gemmatimonadota,Gemmatimonas
ASV_017036,sediment,1,FALSE,1,34,5,-0.16398401233815754,,Bacillota,Alicyclobacillus
ASV_017059,sediment,1,FALSE,1,34,6,-0.2238799470932267,,Planctomycetota,Gemmata
ASV_017097,sediment,1,FALSE,1,34,3,0.08106027882624833,,Acidobacteriota,NA
ASV_017105,sediment,1,FALSE,1,34,4,-0.013380436316888384,,Gemmatimonadota,NA
ASV_017126,sediment,1,FALSE,1,34,3,0.15989606290724676,,Bacillota,NA
ASV_017262,sediment,1,FALSE,1,34,4,-0.23583222887853986,,Planctomycetota,NA
ASV_017265,sediment,1,FALSE,1,34,3,0.04756315669882626,,Planctomycetota,Fimbriiglobus
ASV_017293,sediment,1,FALSE,1,34,3,-0.11098069896392794,,Bdellovibrionota,NA
ASV_017319,sediment,1,FALSE,1,34,3,0.16864264905230975,,Acidobacteriota,Candidatus Solibacter
ASV_017341,sediment,1,FALSE,1,34,3,-0.09876309834002671,,Actinomycetota,Acidothermus
ASV_017342,sediment,1,FALSE,1,34,3,0.026423975943792366,,Actinomycetota,NA
ASV_017384,sediment,1,FALSE,1,34,5,-0.06882359305707522,,Verrucomicrobiota,NA
ASV_017427,sediment,1,FALSE,1,34,3,-0.2695245546266821,,Chloroflexota,NA
ASV_017458,sediment,1,FALSE,1,34,3,-0.11273900848248332,,Planctomycetota,NA
ASV_017474,sediment,1,FALSE,1,34,3,-0.3139921145338585,,Acidobacteriota,NA
ASV_017480,sediment,1,FALSE,1,34,3,0.22081938025081443,,Verrucomicrobiota,NA
ASV_017575,sediment,1,FALSE,1,34,6,0.11796040340639578,,Planctomycetota,NA
ASV_017629,sediment,1,FALSE,2,34,3,0.010249000771134846,,Chloroflexota,FCPS473
ASV_017751,sediment,1,FALSE,2,34,3,0.19379928730873167,,Planctomycetota,NA
ASV_017946,sediment,1,FALSE,2,34,6,0.20499295567178166,,Planctomycetota,NA
ASV_017968,sediment,1,FALSE,1,34,3,0.05310845854133511,,Myxococcota,KD3-10
ASV_018085,sediment,1,FALSE,1,34,3,0.09783137099719626,,Myxococcota,NA
ASV_018150,sediment,1,FALSE,2,34,3,-0.28976720362026703,,Actinomycetota,NA
ASV_018178,sediment,1,FALSE,1,34,3,-0.10249000771134847,,Planctomycetota,Fimbriiglobus
ASV_018211,sediment,1,FALSE,1,34,5,0.04994058557571161,,Verrucomicrobiota,NA
ASV_018223,sediment,1,FALSE,1,34,4,-0.3211304716053212,,Pseudomonadota,NA
ASV_018341,sediment,1,FALSE,1,34,4,0.009304842103984709,,Actinomycetota,NA
ASV_018358,sediment,1,FALSE,1,34,4,0.07924837355130539,,Chloroflexota,NA
ASV_018372,sediment,1,FALSE,1,34,3,-0.1444177381387183,,Planctomycetota,Roseimaritima
ASV_018374,sediment,1,FALSE,1,34,4,0.20741212250151997,,Planctomycetota,NA
ASV_018441,sediment,1,FALSE,1,34,3,-0.31180291613674993,,MBNT15,NA
ASV_018504,sediment,1,FALSE,1,34,5,0.03809150601214364,,Armatimonadota,NA
ASV_018519,sediment,1,FALSE,2,34,3,0.015854385566275418,,Acidobacteriota,NA
ASV_018551,sediment,1,FALSE,1,34,5,0.20274386979990386,,Armatimonadota,NA
ASV_018578,sediment,1,FALSE,2,34,3,-0.06870233745386015,,Actinomycetota,Nocardioides
ASV_018749,sediment,1,FALSE,1,34,3,-0.10041110858641099,,Planctomycetota,NA
ASV_018822,sediment,1,FALSE,1,34,3,-0.19553742198406351,,Pseudomonadota,NA
ASV_018864,sediment,1,FALSE,1,34,5,0.4166606514657279,,Bacteroidota,Aurantisolimonas
ASV_019229,sediment,1,FALSE,1,34,5,0.023355298726949712,,Myxococcota,NA
ASV_019285,sediment,1,FALSE,1,34,4,0.4001082104713425,,Planctomycetota,NA
ASV_019308,sediment,1,FALSE,1,34,4,0.018609684207969417,,Planctomycetota,NA
ASV_019380,sediment,1,FALSE,1,34,3,0.07546991476926569,,Acidobacteriota,NA
ASV_019435,sediment,1,FALSE,1,34,3,-0.3704000059191172,,Planctomycetota,NA
ASV_019554,sediment,1,FALSE,1,34,3,-0.2695245546266821,,Planctomycetota,Gemmata
ASV_019647,sediment,1,FALSE,1,34,3,-0.08984151820889405,,Chloroflexota,NA
ASV_019717,sediment,1,FALSE,1,34,4,0.0021861620290015284,,NB1-j,NA
ASV_019781,sediment,1,FALSE,1,34,4,0.06513389472789297,,Planctomycetota,NA
ASV_019797,sediment,1,FALSE,1,34,3,-0.06708436868379172,,Pseudomonadota,Coxiella
ASV_019898,sediment,1,FALSE,1,34,4,-0.23183653944975996,,Acidobacteriota,NA
ASV_019922,sediment,1,FALSE,1,34,3,-0.2166766027390974,,Planctomycetota,Pir4 lineage
ASV_020038,sediment,1,FALSE,1,34,3,-0.2008791314582304,,Myxococcota,NA
ASV_020070,sediment,1,FALSE,1,34,4,0.046524210519923545,,Pseudomonadota,Aquicella
ASV_020159,sediment,1,FALSE,3,34,5,0.025560480703376996,,Myxococcota,Pajaroellobacter
ASV_020173,sediment,1,FALSE,1,34,3,-0.3540812776468177,,Planctomycetota,Fimbriiglobus
ASV_020188,sediment,1,FALSE,2,34,3,0.4257993956735114,,Planctomycetota,NA
ASV_020292,sediment,1,FALSE,1,34,3,-0.4006427574170895,,Planctomycetota,NA
ASV_020343,sediment,1,FALSE,1,34,3,-0.1743982412290296,,Planctomycetota,NA
ASV_020385,sediment,1,FALSE,1,34,3,-0.31327209218138247,,Pseudomonadota,NA
ASV_020444,sediment,1,FALSE,1,34,4,-0.13957263155977065,,Planctomycetota,Fimbriiglobus
ASV_020493,sediment,1,FALSE,1,34,4,0.06777102289904738,,Verrucomicrobiota,NA
ASV_020556,sediment,1,FALSE,1,34,3,-0.06870233745386015,,Chloroflexota,JG30a-KF-32
ASV_020600,sediment,1,FALSE,1,34,4,0.19976055540001464,,Planctomycetota,Fimbriiglobus
ASV_020811,sediment,1,TRUE,1,34,3,-0.4500243065871028,,Acidobacteriota,NA
ASV_020852,sediment,1,FALSE,1,34,3,-0.013044182799626169,,Actinomycetota,Acidothermus
ASV_020895,sediment,1,TRUE,1,34,3,-0.22547801696496664,,Pseudomonadota,NA
ASV_021065,sediment,1,FALSE,1,34,4,-0.07443873683187767,,Pseudomonadota,SWB02
ASV_021081,sediment,1,FALSE,1,34,6,-0.1647125876629508,,Myxococcota,NA
ASV_021090,sediment,1,FALSE,1,34,3,-0.09441503740681799,,Deferrisomatota,Deferrisoma
ASV_021274,sediment,1,FALSE,1,34,3,0.22724619311661434,,Actinomycetota,Nocardioides
ASV_021313,sediment,1,FALSE,1,34,4,0.18500396170425432,,Planctomycetota,NA
ASV_021665,sediment,1,TRUE,3,34,4,-0.10247634510944663,,Pseudomonadota,Inquilinus
ASV_021826,sediment,1,FALSE,1,34,4,-0.12096294735180121,,Sumerlaeota,Sumerlaea
ASV_021885,sediment,1,FALSE,1,34,4,-0.03197261967414735,,Armatimonadota,NA
ASV_021940,sediment,1,FALSE,1,34,3,-0.2800941450041991,,Planctomycetota,NA
ASV_022002,sediment,1,FALSE,2,34,3,-0.07919682414058746,,Dependentiae,NA
ASV_022115,sediment,1,FALSE,1,34,4,0.02951318739152063,,Elusimicrobiota,NA
ASV_022164,sediment,1,FALSE,1,34,3,-0.1532590604739957,,Pseudomonadota,NA
ASV_022609,sediment,1,FALSE,1,34,3,-0.06211515618869604,,Planctomycetota,NA
ASV_022684,sediment,1,FALSE,2,34,4,-0.3201163158780999,,NA,NA
ASV_022800,sediment,1,FALSE,1,34,3,-0.08984151820889405,,Planctomycetota,NA
ASV_022855,sediment,1,FALSE,1,34,4,0.05929964503666645,,FCPU426,NA
ASV_022940,sediment,1,FALSE,1,34,3,0.10994382645399199,,Planctomycetota,Gemmata
ASV_023265,sediment,1,FALSE,1,34,3,-0.19597331777533603,,Deferrisomatota,Deferrisoma
ASV_023277,sediment,1,FALSE,1,34,6,-0.2519801050617181,,Planctomycetota,NA
ASV_023762,sediment,1,FALSE,1,34,4,-0.015576404456635887,,Verrucomicrobiota,NA
ASV_023905,sediment,1,FALSE,1,34,4,0.00792483735513054,,Actinomycetota,NA
ASV_023915,sediment,1,FALSE,2,34,4,-0.3754733284810124,,Myxococcota,Pajaroellobacter
ASV_024182,sediment,1,FALSE,1,34,3,-0.31771902390518025,,Pseudomonadota,NA
ASV_025192,sediment,1,FALSE,1,34,4,-0.22900047253791006,,Myxococcota,NA
ASV_026134,sediment,1,FALSE,1,34,3,-0.06242573196963952,,Planctomycetota,NA
ASV_026361,sediment,1,FALSE,1,34,3,0.2166766027390974,,Verrucomicrobiota,NA
ASV_026807,sediment,1,TRUE,1,34,3,-0.05813274707634321,,Planctomycetota,NA
ASV_027203,sediment,1,FALSE,1,34,3,0.3329420968917838,,Pseudomonadota,NA
ASV_027689,sediment,1,FALSE,1,34,3,-0.05813274707634321,,Pseudomonadota,NA
ASV_027864,sediment,1,FALSE,1,34,3,-0.060562277283978644,,Chloroflexota,NA
ASV_028181,sediment,1,FALSE,1,34,4,0.20452952655815101,,Bdellovibrionota,NA
ASV_028317,sediment,1,FALSE,1,34,3,-0.05404018588416555,,Bacteroidota,Cytophaga
ASV_030066,sediment,1,FALSE,1,34,3,0.13789564673890523,,Planctomycetota,NA
ASV_031435,sediment,1,FALSE,3,34,3,-0.08385546085473966,,Planctomycetota,NA
ASV_032810,sediment,1,FALSE,1,34,3,-0.0596305499411482,,Acidobacteriota,NA
ASV_000001,planktonic,3,TRUE,13,20,7,-0.07727896812073493,,Pseudomonadota,Bradyrhizobium
ASV_000002,planktonic,3,FALSE,13,20,11,-0.17574443582022672,,Acidobacteriota,NA
ASV_000003,planktonic,3,FALSE,3,20,4,-0.4209576594384969,,Pseudomonadota,NA
ASV_000004,planktonic,3,FALSE,9,20,16,-0.43321063162815143,,Pseudomonadota,IS-44
ASV_000005,planktonic,3,TRUE,13,20,15,-0.04459624025856468,,Pseudomonadota,Bradyrhizobium
ASV_000006,planktonic,3,FALSE,6,20,12,-0.14094248090996048,,Acidobacteriota,NA
ASV_000007,planktonic,3,FALSE,6,20,5,-0.25726141486511245,,Pseudomonadota,Rhizobacter
ASV_000009,planktonic,3,TRUE,11,20,5,0.12269160932097893,,Pseudomonadota,Pseudolabrys
ASV_000013,planktonic,3,FALSE,1,20,5,0.3925559066125245,,Pseudomonadota,NA
ASV_000014,planktonic,3,FALSE,8,20,13,-0.27715852938026125,,Pseudomonadota,Hyphomicrobium
ASV_000015,planktonic,3,FALSE,9,20,10,-0.28796093619065244,,Acidobacteriota,NA
ASV_000021,planktonic,3,FALSE,1,20,3,-0.6356308716338229,,Pseudomonadota,NA
ASV_000022,planktonic,3,FALSE,5,20,15,-0.030978839796504676,,Pseudomonadota,NA
ASV_000026,planktonic,3,FALSE,4,20,3,-0.20586464690611994,,Acidobacteriota,JGI 0001001-H03
ASV_000027,planktonic,3,FALSE,5,20,12,-0.15894570224997046,,Actinomycetota,Gaiella
ASV_000029,planktonic,3,FALSE,7,20,12,0.21715191371510434,,Acidobacteriota,NA
ASV_000031,planktonic,3,FALSE,11,20,3,0.20327281681690784,,Pseudomonadota,Rhizobacter
ASV_000034,planktonic,3,FALSE,11,20,3,0.020434833436620364,,Verrucomicrobiota,Candidatus Udaeobacter
ASV_000036,planktonic,3,FALSE,2,20,4,0.1758931065259447,,Pseudomonadota,NA
ASV_000037,planktonic,3,FALSE,3,20,3,-0.14029771869068547,,Nitrospirota,Nitrospira
ASV_000038,planktonic,3,TRUE,12,20,3,-0.4257310084407007,,Pseudomonadota,NA
ASV_000040,planktonic,3,TRUE,8,20,3,0.030639241059511498,,Acidobacteriota,NA
ASV_000041,planktonic,3,FALSE,12,20,8,0.13565586594313792,,Pseudomonadota,NA
ASV_000048,planktonic,3,FALSE,3,20,15,-0.131922707465325,,Verrucomicrobiota,NA
ASV_000049,planktonic,3,FALSE,5,20,5,-0.36562050232921084,,Verrucomicrobiota,NA
ASV_000050,planktonic,3,FALSE,2,20,3,-0.21833006250704914,,Pseudomonadota,Novosphingobium
ASV_000052,planktonic,3,FALSE,11,20,10,-0.2354681286396031,,Acidobacteriota,NA
ASV_000053,planktonic,3,FALSE,11,20,7,-0.02392164485082352,,Acidobacteriota,NA
ASV_000060,planktonic,3,FALSE,13,20,8,-0.38171093926390404,,Pseudomonadota,NA
ASV_000063,planktonic,3,FALSE,11,20,4,-0.19006771605150846,,Pseudomonadota,Piscinibacter
ASV_000065,planktonic,3,FALSE,8,20,5,-0.3537625400915067,,Pseudomonadota,MND1
ASV_000066,planktonic,3,FALSE,5,20,3,-0.30397790388143,,Thermodesulfobacteriota,NA
ASV_000070,planktonic,3,FALSE,2,20,3,-0.4136363775190899,,Pseudomonadota,Kineobactrum
ASV_000076,planktonic,3,FALSE,7,20,12,-0.14448335808028817,,Pseudomonadota,NA
ASV_000077,planktonic,3,FALSE,2,20,5,-0.37517259013401577,,Pseudomonadota,NA
ASV_000079,planktonic,3,FALSE,7,20,11,-0.0431053718076736,,Pseudomonadota,NA
ASV_000093,planktonic,3,FALSE,2,20,5,-0.2303917537549577,,Bacteroidota,OLB12
ASV_000102,planktonic,3,FALSE,1,20,6,-0.6766909163283651,,Actinomycetota,Galbitalea
ASV_000110,planktonic,3,FALSE,9,20,9,0.21101285679139467,,Chloroflexota,NA
ASV_000121,planktonic,3,FALSE,2,20,3,-0.2612440279067936,,Bacteroidota,Ferruginibacter
ASV_000123,planktonic,3,FALSE,4,20,6,-0.2734936895758851,,Acidobacteriota,NA
ASV_000127,planktonic,3,FALSE,3,20,9,-0.02369746610617616,,Verrucomicrobiota,NA
ASV_000128,planktonic,3,FALSE,5,20,6,-0.18624858337320016,,Methylomirabilota,NA
ASV_000132,planktonic,3,TRUE,7,20,6,-0.10945414378330247,,Pseudomonadota,Pseudolabrys
ASV_000138,planktonic,3,FALSE,3,20,3,-0.27315706168661613,,Acidobacteriota,Bryobacter
ASV_000142,planktonic,3,FALSE,5,20,3,-0.0029683480634123604,,Planctomycetota,NA
ASV_000149,planktonic,3,FALSE,2,20,5,-0.4722416687424744,,Pseudomonadota,Rhizobacter
ASV_000152,planktonic,3,FALSE,3,20,8,0.014050413473108493,,Pseudomonadota,NA
ASV_000153,planktonic,3,FALSE,4,20,4,0.16898629473136823,,Pseudomonadota,Ellin6067
ASV_000155,planktonic,3,TRUE,8,20,5,0.08478263217265142,,Verrucomicrobiota,Candidatus Udaeobacter
ASV_000156,planktonic,3,FALSE,5,20,3,0.04354067131779893,,Acidobacteriota,NA
ASV_000167,planktonic,3,FALSE,1,20,9,-0.27981021558879066,,Pseudomonadota,NA
ASV_000185,planktonic,3,FALSE,6,20,7,-0.10367818831008355,,Planctomycetota,NA
ASV_000189,planktonic,3,FALSE,11,20,3,-0.16101529717988264,,Pseudomonadota,Rhodoplanes
ASV_000193,planktonic,3,FALSE,5,20,5,-0.5019870680628085,,Verrucomicrobiota,Oleiharenicola
ASV_000195,planktonic,3,FALSE,4,20,4,0.13324271396852527,,Pseudomonadota,NA
ASV_000200,planktonic,3,FALSE,1,20,7,-0.2796738443839481,,Pseudomonadota,Hyphomicrobium
ASV_000206,planktonic,3,FALSE,1,20,4,0.4259049495211402,,Pseudomonadota,Rhodoferax
ASV_000208,planktonic,3,FALSE,5,20,4,-0.15992790751384525,,Pseudomonadota,Piscinibacter
ASV_000210,planktonic,3,TRUE,12,20,3,0.11852738303178599,,Actinomycetota,Mycobacterium
ASV_000221,planktonic,3,FALSE,6,20,3,0.2591997293802899,,Pseudomonadota,Pseudolabrys
ASV_000223,planktonic,3,FALSE,1,20,3,0.10962467747868979,,Bacteroidota,Chryseotalea
ASV_000228,planktonic,3,FALSE,1,20,3,-0.30870091208124445,,Pseudomonadota,NA
ASV_000240,planktonic,3,FALSE,3,20,6,-0.3016348064333854,,Thermodesulfobacteriota,NA
ASV_000244,planktonic,3,FALSE,9,20,3,-0.3524536884251207,,Actinomycetota,Acidiferrimicrobium
ASV_000248,planktonic,3,FALSE,1,20,4,-0.6098184504507235,,Actinomycetota,Nocardioides
ASV_000251,planktonic,3,FALSE,2,20,6,-0.21969415318851837,,Pseudomonadota,Rhodoferax
ASV_000259,planktonic,3,FALSE,9,20,3,-0.08000246276650225,,Pseudomonadota,Devosia
ASV_000267,planktonic,3,FALSE,2,20,3,-0.42052736177466116,,Pseudomonadota,NA
ASV_000268,planktonic,3,TRUE,8,20,3,0.07416043575803359,,Pseudomonadota,Reyranella
ASV_000280,planktonic,3,FALSE,8,20,6,0.03381383859576967,,Pseudomonadota,NA
ASV_000287,planktonic,3,FALSE,5,20,6,-0.3369206325059885,,Pseudomonadota,Acidibacter
ASV_000307,planktonic,3,FALSE,6,20,9,0.12720444043170492,,Verrucomicrobiota,NA
ASV_000318,planktonic,3,FALSE,3,20,14,-0.0022780153099747503,,Pseudomonadota,Hyphomicrobium
ASV_000320,planktonic,3,FALSE,1,20,3,0.29027114211865956,,Pseudomonadota,NA
ASV_000327,planktonic,3,FALSE,4,20,4,0.03240391667640291,,Verrucomicrobiota,Chthoniobacter
ASV_000329,planktonic,3,FALSE,9,20,3,0.09901583772268754,,Pseudomonadota,NA
ASV_000342,planktonic,3,FALSE,3,20,4,-0.4312825372676192,,Pseudomonadota,NA
ASV_000347,planktonic,3,FALSE,3,20,11,0.06626867014463635,,Pseudomonadota,NA
ASV_000352,planktonic,3,FALSE,1,20,4,-0.4345090899155067,,Fibrobacterota,NA
ASV_000354,planktonic,3,FALSE,10,20,3,-0.05563530223940975,,Pseudomonadota,Aminobacter
ASV_000355,planktonic,3,FALSE,7,20,3,0.15919773542724544,,Pseudomonadota,Afipia
ASV_000366,planktonic,3,FALSE,6,20,3,-0.4039606727818012,,Actinomycetota,Luedemannella
ASV_000389,planktonic,3,FALSE,1,20,7,0.23866416420646974,,Pseudomonadota,NA
ASV_000394,planktonic,3,FALSE,2,20,11,0.1912489662870562,,Pseudomonadota,NA
ASV_000401,planktonic,3,FALSE,1,20,5,-0.2505073457610496,,Acidobacteriota,NA
ASV_000411,planktonic,3,FALSE,8,20,4,-0.40009252833804076,,Pseudomonadota,Pseudomonas
ASV_000419,planktonic,3,FALSE,11,20,8,0.09017023625538577,,Pseudomonadota,Bradyrhizobium
ASV_000435,planktonic,3,FALSE,1,20,8,-0.18163775626417739,,Pseudomonadota,MND1
ASV_000447,planktonic,3,FALSE,2,20,4,0.26526777602522245,,Pseudomonadota,NA
ASV_000449,planktonic,3,FALSE,2,20,4,-0.1494969393521174,,Pseudomonadota,Piscinibacter
ASV_000464,planktonic,3,FALSE,3,20,4,-0.12260900061972219,,Pseudomonadota,Reyranella
ASV_000470,planktonic,3,FALSE,7,20,8,0.22972730073805767,,Pseudomonadota,NA
ASV_000487,planktonic,3,FALSE,1,20,4,-0.39798788075771074,,Actinomycetota,NA
ASV_000489,planktonic,3,FALSE,4,20,3,0.013944592011144409,,Chloroflexota,NA
ASV_000490,planktonic,3,FALSE,6,20,4,-0.32609396153686376,,Pseudomonadota,NA
ASV_000494,planktonic,3,FALSE,8,20,3,-0.35074429672671364,,Actinomycetota,Galbitalea
ASV_000497,planktonic,3,FALSE,1,20,3,0.08133443812935048,,Pseudomonadota,NA
ASV_000534,planktonic,3,FALSE,7,20,11,0.1724163469475323,,Actinomycetota,Mycobacterium
ASV_000544,planktonic,3,FALSE,2,20,10,0.4812794084384333,,Pseudomonadota,Pseudolabrys
ASV_000547,planktonic,3,FALSE,4,20,5,0.30864642077039395,,Verrucomicrobiota,NA
ASV_000567,planktonic,3,FALSE,2,20,4,-0.4181324927318985,,MBNT15,NA
ASV_000576,planktonic,3,FALSE,2,20,3,-0.05592691256338205,,Pseudomonadota,Hyphomicrobium
ASV_000584,planktonic,3,FALSE,6,20,8,0.11063182917386644,,Actinomycetota,Acidiferrimicrobium
ASV_000593,planktonic,3,FALSE,3,20,4,0.07517130270268954,,Acidobacteriota,NA
ASV_000599,planktonic,3,FALSE,7,20,4,0.2180255928586751,,Planctomycetota,NA
ASV_000605,planktonic,3,FALSE,1,20,3,0.38219033712290174,,Acidobacteriota,NA
ASV_000614,planktonic,3,FALSE,5,20,3,-0.03712163096429113,,Verrucomicrobiota,NA
ASV_000615,planktonic,3,FALSE,8,20,4,-0.15694458760649252,,Pseudomonadota,Piscinibacter
ASV_000631,planktonic,3,FALSE,1,20,4,0.24844455388733178,,Myxococcota,NA
ASV_000653,planktonic,3,FALSE,4,20,4,0.05439121856675102,,Pseudomonadota,Acidibacter
ASV_000671,planktonic,3,FALSE,2,20,3,-0.3767350136508107,,Bacteroidota,NA
ASV_000677,planktonic,3,FALSE,1,20,3,0.36137389656339175,,Bacteroidota,NA
ASV_000680,planktonic,3,FALSE,1,20,10,0.479473499107562,,RCP2-54,NA
ASV_000702,planktonic,3,FALSE,2,20,3,-0.14755449724365194,,Actinomycetota,Gaiella
ASV_000718,planktonic,3,FALSE,1,20,5,0.2064436237443778,,Bacteroidota,Flavobacterium
ASV_000720,planktonic,3,FALSE,3,20,7,-0.022271876240421897,,Acidobacteriota,NA
ASV_000776,planktonic,3,TRUE,9,20,3,0.15374828646627164,,Verrucomicrobiota,ADurb.Bin063-1
ASV_000781,planktonic,3,FALSE,1,20,3,-0.36890251940846236,,Verrucomicrobiota,Oleiharenicola
ASV_000785,planktonic,3,FALSE,2,20,3,-0.16166438344718095,,Myxococcota,NA
ASV_000841,planktonic,3,TRUE,6,20,6,-0.16537943740885433,,Pseudomonadota,Pseudolabrys
ASV_000873,planktonic,3,FALSE,2,20,4,-0.1857145510209767,,Pseudomonadota,NA
ASV_000902,planktonic,3,FALSE,4,20,3,0.15702556219718805,,Chloroflexota,NA
ASV_000966,planktonic,3,FALSE,1,20,8,0.38755322963734806,,Pseudomonadota,Pseudolabrys
ASV_000971,planktonic,3,TRUE,6,20,3,0.0908301573333604,,Pseudomonadota,Rhodoplanes
ASV_000997,planktonic,3,FALSE,2,20,5,-0.04089173514245966,,Acidobacteriota,NA
ASV_001030,planktonic,3,FALSE,2,20,4,0.1596836506282385,,Actinomycetota,NA
ASV_001246,planktonic,3,FALSE,5,20,3,-0.28496141408758663,,Pseudomonadota,NA
ASV_001410,planktonic,3,FALSE,3,20,6,-0.2661968373715396,,Pseudomonadota,Sphingomonas
ASV_001443,planktonic,3,FALSE,1,20,8,0.3149633194767403,,Pseudomonadota,Pseudolabrys
ASV_001645,planktonic,3,FALSE,2,20,5,0.3277157459494569,,Pseudomonadota,NA
ASV_001664,planktonic,3,FALSE,1,20,9,0.38200223697392144,,Acidobacteriota,NA
ASV_001729,planktonic,3,FALSE,1,20,3,0.2858286006630426,,Pseudomonadota,Pseudorhodoplanes
ASV_001764,planktonic,3,FALSE,1,20,3,0.23584086318317218,,MBNT15,NA
ASV_001784,planktonic,3,FALSE,3,20,6,0.19242744632870917,,Acidobacteriota,NA
ASV_001824,planktonic,3,FALSE,1,20,3,0.222541208957639,,Pseudomonadota,NA
ASV_001843,planktonic,3,FALSE,1,20,3,0.03060782031060259,,Acidobacteriota,NA
ASV_001898,planktonic,3,FALSE,1,20,4,0.522701528957763,,Pseudomonadota,NA
ASV_002082,planktonic,3,FALSE,1,20,4,-0.18742283568937285,,Actinomycetota,NA
ASV_002257,planktonic,3,FALSE,1,20,5,0.2053452975792206,,Pseudomonadota,NA
ASV_002425,planktonic,3,FALSE,1,20,7,0.2276523425693128,,Actinomycetota,Oryzobacter
ASV_002506,planktonic,3,FALSE,3,20,3,-0.0345867568217074,,Verrucomicrobiota,Candidatus Udaeobacter
ASV_002527,planktonic,3,FALSE,4,20,3,-0.14513557105932978,,Pseudomonadota,Ramlibacter
ASV_002724,planktonic,3,FALSE,1,20,8,0.4676299978285429,,Chloroflexota,NA
ASV_002791,planktonic,3,FALSE,2,20,7,0.05949039530738393,,Verrucomicrobiota,ADurb.Bin063-1
ASV_003159,planktonic,3,FALSE,1,20,5,-0.21352077013816573,,Actinomycetota,NA
ASV_003427,planktonic,3,FALSE,1,20,4,-0.12368451816901799,,Pseudomonadota,Ellin6067
ASV_003445,planktonic,3,FALSE,1,20,5,0.14553578924302696,,Pseudomonadota,Klebsiella
ASV_003873,planktonic,3,FALSE,1,20,5,0.24124518835525957,,Verrucomicrobiota,NA
ASV_005138,planktonic,3,FALSE,1,20,3,-0.2533713223991615,,Actinomycetota,Mycobacterium
ASV_000001,hyporheic,3,TRUE,13,31,15,-0.2819792012710093,,Pseudomonadota,Bradyrhizobium
ASV_000002,hyporheic,3,FALSE,13,31,22,-0.06430382153455615,,Acidobacteriota,NA
ASV_000003,hyporheic,3,FALSE,3,31,14,-0.04945317285835805,,Pseudomonadota,NA
ASV_000004,hyporheic,3,FALSE,9,31,28,0.06618911012745055,,Pseudomonadota,IS-44
ASV_000005,hyporheic,3,TRUE,13,31,20,0.27405948795327273,,Pseudomonadota,Bradyrhizobium
ASV_000006,hyporheic,3,FALSE,6,31,11,0.08215055279599741,,Acidobacteriota,NA
ASV_000007,hyporheic,3,FALSE,6,31,10,-0.00404820987257253,,Pseudomonadota,Rhizobacter
ASV_000010,hyporheic,3,FALSE,3,31,6,-0.11399026605158294,,Pseudomonadota,NA
ASV_000011,hyporheic,3,FALSE,9,31,3,-0.39006862534493214,,Pseudomonadota,NA
ASV_000012,hyporheic,3,FALSE,3,31,14,0.02931393239857896,,Nitrospirota,Nitrospira
ASV_000013,hyporheic,3,FALSE,1,31,10,-0.13399031352822804,,Pseudomonadota,NA
ASV_000014,hyporheic,3,FALSE,8,31,18,-0.0800601098934339,,Pseudomonadota,Hyphomicrobium
ASV_000015,hyporheic,3,FALSE,9,31,23,-0.23707568794070474,,Acidobacteriota,NA
ASV_000016,hyporheic,3,FALSE,4,31,15,-0.12117842434326248,,Acidobacteriota,NA
ASV_000018,hyporheic,3,FALSE,11,31,12,0.09097512609858777,,Acidobacteriota,NA
ASV_000019,hyporheic,3,FALSE,10,31,17,-0.23585620924155049,,Acidobacteriota,NA
ASV_000020,hyporheic,3,FALSE,6,31,13,-0.009117758018726996,,Nitrospirota,Nitrospira
ASV_000021,hyporheic,3,FALSE,1,31,9,-0.010441864829270535,,Pseudomonadota,NA
ASV_000022,hyporheic,3,FALSE,5,31,23,-0.21705507338250543,,Pseudomonadota,NA
ASV_000026,hyporheic,3,FALSE,4,31,7,-0.18269523697708287,,Acidobacteriota,JGI 0001001-H03
ASV_000027,hyporheic,3,FALSE,5,31,17,0.19527479231490005,,Actinomycetota,Gaiella
ASV_000029,hyporheic,3,FALSE,7,31,16,-0.101915092259719,,Acidobacteriota,NA
ASV_000030,hyporheic,3,FALSE,8,31,12,-0.030340931497947067,,Acidobacteriota,NA
ASV_000031,hyporheic,3,FALSE,11,31,10,-0.18868206912426058,,Pseudomonadota,Rhizobacter
ASV_000032,hyporheic,3,FALSE,10,31,5,-0.14317586693932843,,Pseudomonadota,NA
ASV_000034,hyporheic,3,FALSE,11,31,4,-0.018684517098923995,,Verrucomicrobiota,Candidatus Udaeobacter
ASV_000035,hyporheic,3,FALSE,9,31,5,0.08450552498693481,,Pseudomonadota,NA
ASV_000036,hyporheic,3,FALSE,2,31,3,-0.006228172366307998,,Pseudomonadota,NA
ASV_000037,hyporheic,3,FALSE,3,31,9,-0.10250214188202128,,Nitrospirota,Nitrospira
ASV_000038,hyporheic,3,TRUE,12,31,5,-0.19877215263611367,,Pseudomonadota,NA
ASV_000039,hyporheic,3,TRUE,10,31,5,0.017036032723226947,,Acidobacteriota,NA
ASV_000040,hyporheic,3,TRUE,8,31,4,0.07837477409974375,,Acidobacteriota,NA
ASV_000041,hyporheic,3,FALSE,12,31,21,0.15035307606211937,,Pseudomonadota,NA
ASV_000042,hyporheic,3,FALSE,4,31,3,-0.324932448263323,,Planctomycetota,NA
ASV_000043,hyporheic,3,FALSE,4,31,7,0.050694745766679136,,Verrucomicrobiota,NA
ASV_000044,hyporheic,3,FALSE,11,31,3,-0.22316351340047513,,Pseudomonadota,Pedomicrobium
ASV_000045,hyporheic,3,TRUE,13,31,4,0.06504980027032799,,Pseudomonadota,NA
ASV_000048,hyporheic,3,FALSE,3,31,12,-0.03584337788752418,,Verrucomicrobiota,NA
ASV_000049,hyporheic,3,FALSE,5,31,11,-0.21345191062506383,,Verrucomicrobiota,NA
ASV_000050,hyporheic,3,FALSE,2,31,5,-0.24612507542477233,,Pseudomonadota,Novosphingobium
ASV_000052,hyporheic,3,FALSE,11,31,4,0.0998028514642853,,Acidobacteriota,NA
ASV_000053,hyporheic,3,FALSE,11,31,17,-0.01613074372651848,,Acidobacteriota,NA
ASV_000056,hyporheic,3,FALSE,10,31,8,-0.02018114645674577,,Acidobacteriota,NA
ASV_000058,hyporheic,3,FALSE,5,31,14,0.009486861713066546,,Acidobacteriota,NA
ASV_000059,hyporheic,3,FALSE,6,31,5,0.10989830778306457,,Verrucomicrobiota,Chthoniobacter
ASV_000060,hyporheic,3,FALSE,13,31,10,0.10364015861831061,,Pseudomonadota,NA
ASV_000061,hyporheic,3,FALSE,8,31,6,-0.30878143386229473,,Acidobacteriota,NA
ASV_000063,hyporheic,3,FALSE,11,31,4,-0.04755185021277249,,Pseudomonadota,Piscinibacter
ASV_000064,hyporheic,3,FALSE,3,31,3,-0.1795575923293091,,Acidobacteriota,NA
ASV_000065,hyporheic,3,FALSE,8,31,17,0.023457794340724043,,Pseudomonadota,MND1
ASV_000066,hyporheic,3,FALSE,5,31,4,-0.1988095263607339,,Thermodesulfobacteriota,NA
ASV_000068,hyporheic,3,FALSE,6,31,4,-0.28649592885016795,,Pseudomonadota,NA
ASV_000069,hyporheic,3,FALSE,8,31,3,-0.2996442927345959,,Acidobacteriota,NA
ASV_000070,hyporheic,3,FALSE,2,31,7,-0.2442288972276061,,Pseudomonadota,Kineobactrum
ASV_000071,hyporheic,3,FALSE,6,31,3,-0.039110696241328596,,Acidobacteriota,NA
ASV_000073,hyporheic,3,FALSE,7,31,5,0.059174528235951096,,Acidobacteriota,NA
ASV_000074,hyporheic,3,FALSE,11,31,8,-0.40595919423448534,,Pseudomonadota,NA
ASV_000075,hyporheic,3,FALSE,5,31,11,-0.18940096632051803,,Pseudomonadota,Hyphomicrobium
ASV_000076,hyporheic,3,FALSE,7,31,7,-0.1770405151132964,,Pseudomonadota,NA
ASV_000077,hyporheic,3,FALSE,2,31,9,-0.13607094318032464,,Pseudomonadota,NA
ASV_000078,hyporheic,3,FALSE,4,31,3,0.5093260957336319,,Pseudomonadota,NA
ASV_000079,hyporheic,3,FALSE,7,31,7,0.15413683358382313,,Pseudomonadota,NA
ASV_000081,hyporheic,3,FALSE,10,31,4,-0.03011177498226184,,Acidobacteriota,NA
ASV_000083,hyporheic,3,FALSE,2,31,14,-0.1515508694149107,,Methylomirabilota,NA
ASV_000086,hyporheic,3,FALSE,8,31,7,0.0291400878956387,,Bacteroidota,Chryseotalea
ASV_000087,hyporheic,3,FALSE,5,31,6,-0.3339482287362962,,Verrucomicrobiota,Chthoniobacter
ASV_000088,hyporheic,3,FALSE,4,31,7,0.009436948994927946,,Nitrospirota,Nitrospira
ASV_000089,hyporheic,3,FALSE,5,31,4,-0.45714113667552764,,Verrucomicrobiota,Candidatus Udaeobacter
ASV_000090,hyporheic,3,TRUE,12,31,8,-0.19212919537863415,,Acidobacteriota,NA
ASV_000091,hyporheic,3,FALSE,2,31,5,-0.11282113511772056,,Pseudomonadota,NA
ASV_000093,hyporheic,3,FALSE,2,31,15,-0.21998878827907686,,Bacteroidota,OLB12
ASV_000097,hyporheic,3,TRUE,11,31,9,-0.13113039553037417,,Pseudomonadota,Reyranella
ASV_000100,hyporheic,3,FALSE,1,31,6,-0.3130350825049976,,Acidobacteriota,NA
ASV_000102,hyporheic,3,FALSE,1,31,7,0.0049518166595872324,,Actinomycetota,Galbitalea
ASV_000103,hyporheic,3,FALSE,2,31,7,0.04763718567923402,,Bacteroidota,Terrimonas
ASV_000104,hyporheic,3,FALSE,5,31,7,-0.31001545148404913,,Pseudomonadota,mle1-7
ASV_000110,hyporheic,3,FALSE,9,31,8,-0.017933432401508565,,Chloroflexota,NA
ASV_000115,hyporheic,3,FALSE,6,31,3,0.26005411769558257,,Chloroflexota,NA
ASV_000117,hyporheic,3,FALSE,6,31,6,0.108144611382271,,Pseudomonadota,NA
ASV_000118,hyporheic,3,FALSE,5,31,6,-0.018706094941798226,,Bacteroidota,Terrimonas
ASV_000121,hyporheic,3,FALSE,2,31,5,-0.25360605786459267,,Bacteroidota,Ferruginibacter
ASV_000122,hyporheic,3,FALSE,1,31,4,-0.16885267304212795,,Pseudomonadota,Arenimonas
ASV_000123,hyporheic,3,FALSE,4,31,24,-0.20996446119742404,,Acidobacteriota,NA
ASV_000127,hyporheic,3,FALSE,3,31,11,-0.02656159799771167,,Verrucomicrobiota,NA
ASV_000128,hyporheic,3,FALSE,5,31,8,0.06744901883483138,,Methylomirabilota,NA
ASV_000129,hyporheic,3,FALSE,8,31,4,-0.4831537278839624,,Chloroflexota,NA
ASV_000131,hyporheic,3,TRUE,11,31,6,0.12128851267476595,,Pseudomonadota,NA
ASV_000132,hyporheic,3,TRUE,7,31,5,0.054453156302231596,,Pseudomonadota,Pseudolabrys
ASV_000134,hyporheic,3,FALSE,7,31,4,0.030216780375804816,,Acidobacteriota,NA
ASV_000138,hyporheic,3,FALSE,3,31,6,-0.17757346045746997,,Acidobacteriota,Bryobacter
ASV_000143,hyporheic,3,TRUE,6,31,4,-0.1243600199633839,,Actinomycetota,NA
ASV_000146,hyporheic,3,FALSE,6,31,7,-0.304132321410523,,Acidobacteriota,NA
ASV_000147,hyporheic,3,FALSE,3,31,8,-0.3802578161019898,,Nitrospirota,Nitrospira
ASV_000149,hyporheic,3,FALSE,2,31,8,-0.19429566882331165,,Pseudomonadota,Rhizobacter
ASV_000151,hyporheic,3,FALSE,8,31,3,-0.09411460464643197,,Acidobacteriota,NA
ASV_000152,hyporheic,3,FALSE,3,31,8,0.031215644993309737,,Pseudomonadota,NA
ASV_000153,hyporheic,3,FALSE,4,31,16,-0.0833459754805276,,Pseudomonadota,Ellin6067
ASV_000156,hyporheic,3,FALSE,5,31,12,-0.12431927387472838,,Acidobacteriota,NA
ASV_000158,hyporheic,3,FALSE,3,31,3,-0.16267280737543752,,Gemmatimonadota,NA
ASV_000161,hyporheic,3,FALSE,10,31,10,0.012367978836136172,,Pseudomonadota,Ellin6067
ASV_000165,hyporheic,3,FALSE,1,31,6,0.06910223034856583,,Pseudomonadota,NA
ASV_000167,hyporheic,3,FALSE,1,31,5,0.21786616155610547,,Pseudomonadota,NA
ASV_000171,hyporheic,3,FALSE,3,31,8,0.1252803637184997,,Pseudomonadota,NA
ASV_000174,hyporheic,3,FALSE,8,31,6,-0.09236134377512874,,Pseudomonadota,Hyphomicrobium
ASV_000175,hyporheic,3,FALSE,4,31,6,0.233439535317657,,Pseudomonadota,NA
ASV_000177,hyporheic,3,FALSE,1,31,10,0.3472527140896945,,Pseudomonadota,NA
ASV_000183,hyporheic,3,FALSE,10,31,6,-0.0055061538126347275,,Pseudomonadota,Rhodoplanes
ASV_000184,hyporheic,3,TRUE,8,31,4,-0.15640417032257184,,Chloroflexota,NA
ASV_000187,hyporheic,3,FALSE,4,31,7,-0.10914145391927649,,Verrucomicrobiota,NA
ASV_000189,hyporheic,3,FALSE,11,31,9,0.12896525176369492,,Pseudomonadota,Rhodoplanes
ASV_000190,hyporheic,3,FALSE,9,31,5,0.03211322034497508,,Acidobacteriota,NA
ASV_000193,hyporheic,3,FALSE,5,31,13,0.10030706248427725,,Verrucomicrobiota,Oleiharenicola
ASV_000195,hyporheic,3,FALSE,4,31,5,-0.1462158704952212,,Pseudomonadota,NA
ASV_000196,hyporheic,3,FALSE,5,31,8,-0.07354956637012885,,Acidobacteriota,NA
ASV_000198,hyporheic,3,FALSE,7,31,4,-0.18300776808984828,,Myxococcota,Anaeromyxobacter
ASV_000199,hyporheic,3,FALSE,6,31,6,-0.12804214647886603,,Acidobacteriota,Stenotrophobacter
ASV_000200,hyporheic,3,FALSE,1,31,4,-0.26597728745369353,,Pseudomonadota,Hyphomicrobium
ASV_000204,hyporheic,3,FALSE,1,31,3,-0.16677661558669196,,Actinomycetota,NA
ASV_000205,hyporheic,3,FALSE,5,31,4,-0.37784245688935186,,Pseudomonadota,NA
ASV_000206,hyporheic,3,FALSE,1,31,8,0.1619703218865918,,Pseudomonadota,Rhodoferax
ASV_000212,hyporheic,3,FALSE,7,31,7,-0.16718673436825396,,Acidobacteriota,NA
ASV_000218,hyporheic,3,FALSE,2,31,7,-0.26652488669683394,,Chloroflexota,NA
ASV_000222,hyporheic,3,FALSE,4,31,5,0.1294189437528323,,Pseudomonadota,NA
ASV_000223,hyporheic,3,FALSE,1,31,12,-0.12871901622612694,,Bacteroidota,Chryseotalea
ASV_000231,hyporheic,3,FALSE,2,31,5,-0.32735666148146897,,Acidobacteriota,NA
ASV_000233,hyporheic,3,FALSE,1,31,4,0.1650955938682632,,Actinomycetota,NA
ASV_000234,hyporheic,3,FALSE,3,31,4,-0.2287802673939664,,Pseudomonadota,NA
ASV_000236,hyporheic,3,FALSE,2,31,4,0.26808006923065636,,Acidobacteriota,Paludibaculum
ASV_000240,hyporheic,3,FALSE,3,31,12,-0.3708610044373391,,Thermodesulfobacteriota,NA
ASV_000244,hyporheic,3,FALSE,9,31,7,-0.06168887485140145,,Actinomycetota,Acidiferrimicrobium
ASV_000248,hyporheic,3,FALSE,1,31,7,-0.26585394998447903,,Actinomycetota,Nocardioides
ASV_000249,hyporheic,3,FALSE,1,31,4,0.13630293012266384,,Verrucomicrobiota,Chthoniobacter
ASV_000250,hyporheic,3,FALSE,2,31,4,-0.07082057900579254,,Pseudomonadota,NA
ASV_000251,hyporheic,3,FALSE,2,31,21,0.12349198970532728,,Pseudomonadota,Rhodoferax
ASV_000254,hyporheic,3,FALSE,5,31,6,-0.1180822243201013,,Pseudomonadota,Pseudaminobacter
ASV_000256,hyporheic,3,FALSE,9,31,4,0.03242008727820725,,Pseudomonadota,Pedomicrobium
ASV_000258,hyporheic,3,FALSE,1,31,5,-0.26471158641720677,,Pseudomonadota,NA
ASV_000259,hyporheic,3,FALSE,9,31,4,0.13786406046460947,,Pseudomonadota,Devosia
ASV_000265,hyporheic,3,FALSE,9,31,9,0.0031568428553608594,,Acidobacteriota,NA
ASV_000267,hyporheic,3,FALSE,2,31,10,0.028284396956172176,,Pseudomonadota,NA
ASV_000268,hyporheic,3,TRUE,8,31,3,0.023181395946234654,,Pseudomonadota,Reyranella
ASV_000273,hyporheic,3,TRUE,13,31,3,-0.14851809606231692,,Pseudomonadota,NA
ASV_000275,hyporheic,3,FALSE,6,31,3,0.07347323799908272,,Pseudomonadota,IS-44
ASV_000276,hyporheic,3,FALSE,6,31,3,0.38583272574919375,,Bacteroidota,OLB12
ASV_000279,hyporheic,3,FALSE,11,31,6,0.03449667194025894,,Myxococcota,NA
ASV_000280,hyporheic,3,FALSE,8,31,3,-0.024551134055341414,,Pseudomonadota,NA
ASV_000281,hyporheic,3,FALSE,2,31,15,-0.12723763273862648,,Pseudomonadota,MND1
ASV_000285,hyporheic,3,FALSE,1,31,4,0.07047000526592143,,Planctomycetota,NA
ASV_000287,hyporheic,3,FALSE,5,31,7,-0.3587933695956181,,Pseudomonadota,Acidibacter
ASV_000288,hyporheic,3,FALSE,2,31,4,0.28727325557790034,,Pseudomonadota,mle1-7
ASV_000293,hyporheic,3,FALSE,1,31,4,-0.13219841414414607,,Pseudomonadota,NA
ASV_000294,hyporheic,3,FALSE,8,31,4,-0.021452593706171995,,Actinomycetota,Acidiferrimicrobium
ASV_000295,hyporheic,3,FALSE,6,31,9,-0.19745297344169047,,Pseudomonadota,Hyphomicrobium
ASV_000298,hyporheic,3,FALSE,9,31,4,0.019376536250735994,,Verrucomicrobiota,NA
ASV_000302,hyporheic,3,FALSE,8,31,16,-0.24740650810288484,,Pseudomonadota,Massilia
ASV_000304,hyporheic,3,FALSE,2,31,4,-0.05259345553771198,,Pseudomonadota,NA
ASV_000305,hyporheic,3,FALSE,1,31,13,0.2587615281276423,,Acidobacteriota,NA
ASV_000307,hyporheic,3,FALSE,6,31,5,0.15365057577463923,,Verrucomicrobiota,NA
ASV_000311,hyporheic,3,FALSE,9,31,4,-0.17720882657893866,,Planctomycetota,NA
ASV_000314,hyporheic,3,FALSE,2,31,3,0.21078051244853135,,Pseudomonadota,NA
ASV_000316,hyporheic,3,FALSE,3,31,3,-0.12455089008400652,,Acidobacteriota,NA
ASV_000318,hyporheic,3,FALSE,3,31,7,0.004128179118548816,,Pseudomonadota,Hyphomicrobium
ASV_000320,hyporheic,3,FALSE,1,31,4,0.3309820646614989,,Pseudomonadota,NA
ASV_000321,hyporheic,3,FALSE,3,31,12,0.04919553229118057,,Pseudomonadota,MND1
ASV_000323,hyporheic,3,FALSE,3,31,3,-0.30979812568093607,,Actinomycetota,Gaiella
ASV_000325,hyporheic,3,FALSE,5,31,7,-0.2148224515211819,,Pseudomonadota,MND1
ASV_000331,hyporheic,3,TRUE,9,31,3,-0.1419559161404997,,Actinomycetota,Acidiferrimicrobium
ASV_000342,hyporheic,3,FALSE,3,31,5,-0.10135211751051199,,Pseudomonadota,NA
ASV_000343,hyporheic,3,TRUE,11,31,5,0.2534425723304406,,Pseudomonadota,Acidibacter
ASV_000347,hyporheic,3,FALSE,3,31,5,0.2187568995956703,,Pseudomonadota,NA
ASV_000348,hyporheic,3,FALSE,1,31,4,0.09851929435028028,,Acidobacteriota,NA
ASV_000352,hyporheic,3,FALSE,1,31,20,-0.11015466412237987,,Fibrobacterota,NA
ASV_000354,hyporheic,3,FALSE,10,31,3,-0.18130901777474392,,Pseudomonadota,Aminobacter
ASV_000355,hyporheic,3,FALSE,7,31,3,0.454307617233324,,Pseudomonadota,Afipia
ASV_000358,hyporheic,3,FALSE,5,31,14,-0.2121460144697159,,Pseudomonadota,P3OB-51
ASV_000364,hyporheic,3,FALSE,8,31,6,0.07307068336639932,,Pseudomonadota,NA
ASV_000366,hyporheic,3,FALSE,6,31,10,0.039652826696249636,,Actinomycetota,Luedemannella
ASV_000367,hyporheic,3,FALSE,3,31,6,-0.029228273346559728,,Pseudomonadota,Acidibacter
ASV_000368,hyporheic,3,FALSE,1,31,7,-0.2741957957970731,,Pseudomonadota,NA
ASV_000378,hyporheic,3,FALSE,7,31,9,-0.22559284712540295,,Pseudomonadota,NA
ASV_000386,hyporheic,3,FALSE,1,31,3,-0.30658330991377586,,Nitrospirota,Nitrospira
ASV_000388,hyporheic,3,FALSE,2,31,5,-0.321511006812157,,Pseudomonadota,mle1-7
ASV_000389,hyporheic,3,FALSE,1,31,3,0.2535208139671608,,Pseudomonadota,NA
ASV_000394,hyporheic,3,FALSE,2,31,5,0.12779081914824356,,Pseudomonadota,NA
ASV_000395,hyporheic,3,FALSE,5,31,4,0.11648913262392924,,Pseudomonadota,NA
ASV_000396,hyporheic,3,FALSE,5,31,9,0.06944038848747774,,Acidobacteriota,NA
ASV_000397,hyporheic,3,FALSE,4,31,4,0.03044884267972799,,Myxococcota,NA
ASV_000399,hyporheic,3,FALSE,5,31,5,-0.3419707981547488,,Pseudomonadota,IS-44
ASV_000401,hyporheic,3,FALSE,1,31,5,-0.03448936254894048,,Acidobacteriota,NA
ASV_000404,hyporheic,3,FALSE,8,31,3,0.054613797229264696,,Pseudomonadota,Hypericibacter
ASV_000410,hyporheic,3,FALSE,1,31,4,0.24912689465231994,,Pseudomonadota,NA
ASV_000411,hyporheic,3,FALSE,8,31,8,-0.5120421300244017,,Pseudomonadota,Pseudomonas
ASV_000412,hyporheic,3,FALSE,4,31,5,-0.24785575797882647,,Pseudomonadota,Dongia
ASV_000415,hyporheic,3,FALSE,2,31,4,-9.442743867439005e-4,,Planctomycetota,NA
ASV_000416,hyporheic,3,FALSE,4,31,4,-0.048518933755289144,,Pseudomonadota,NA
ASV_000417,hyporheic,3,FALSE,1,31,3,-0.32119226647745963,,Chloroflexota,NA
ASV_000419,hyporheic,3,FALSE,11,31,8,-0.1961528434493909,,Pseudomonadota,Bradyrhizobium
ASV_000425,hyporheic,3,FALSE,2,31,5,-0.026439682828829213,,Nitrospirota,Nitrospira
ASV_000426,hyporheic,3,FALSE,1,31,5,0.18271542341238844,,NB1-j,NA
ASV_000427,hyporheic,3,FALSE,3,31,4,0.045325170563707225,,Bacteroidota,NA
ASV_000432,hyporheic,3,FALSE,1,31,4,-0.018121529474867032,,Thermodesulfobacteriota,Pelotalea
ASV_000433,hyporheic,3,FALSE,3,31,3,-0.1701278719444001,,Bacteroidota,Terrimonas
ASV_000435,hyporheic,3,FALSE,1,31,13,-2.2065132845301827e-4,,Pseudomonadota,MND1
ASV_000439,hyporheic,3,FALSE,10,31,5,-0.03039740428042212,,Pseudomonadota,Variovorax
ASV_000446,hyporheic,3,FALSE,1,31,4,0.05904111216005065,,Pseudomonadota,NA
ASV_000447,hyporheic,3,FALSE,2,31,9,-0.08485319086851653,,Pseudomonadota,NA
ASV_000449,hyporheic,3,FALSE,2,31,3,-0.10097658912173399,,Pseudomonadota,Piscinibacter
ASV_000452,hyporheic,3,FALSE,3,31,7,-0.22068214696857064,,Acidobacteriota,NA
ASV_000455,hyporheic,3,FALSE,1,31,3,0.23360793623501483,,Acidobacteriota,NA
ASV_000458,hyporheic,3,FALSE,2,31,6,0.07379633388459375,,Pseudomonadota,Reyranella
ASV_000461,hyporheic,3,FALSE,3,31,10,-0.22034726414221945,,Pseudomonadota,Paucibacter
ASV_000462,hyporheic,3,FALSE,1,31,5,-0.17946159834787673,,Verrucomicrobiota,NA
ASV_000464,hyporheic,3,FALSE,3,31,8,-0.08147887343282392,,Pseudomonadota,Reyranella
ASV_000470,hyporheic,3,FALSE,7,31,3,-0.09360983872387246,,Pseudomonadota,NA
ASV_000473,hyporheic,3,FALSE,1,31,5,-0.3953362099167797,,Bacteroidota,Ferruginibacter
ASV_000474,hyporheic,3,FALSE,4,31,3,-0.031140861831539992,,Actinomycetota,NA
ASV_000477,hyporheic,3,FALSE,3,31,3,0.11237083458683239,,Pseudomonadota,NA
ASV_000483,hyporheic,3,FALSE,1,31,4,0.22452071228914294,,Planctomycetota,NA
ASV_000486,hyporheic,3,FALSE,1,31,5,0.01636742270356094,,Myxococcota,NA
ASV_000487,hyporheic,3,FALSE,1,31,4,0.17222752324326854,,Actinomycetota,NA
ASV_000490,hyporheic,3,FALSE,6,31,7,-0.24011792442649998,,Pseudomonadota,NA
ASV_000493,hyporheic,3,FALSE,3,31,5,0.03855757474300452,,Pseudomonadota,NA
ASV_000494,hyporheic,3,FALSE,8,31,5,-0.1356479303413572,,Actinomycetota,Galbitalea
ASV_000497,hyporheic,3,FALSE,1,31,14,0.11531495219762074,,Pseudomonadota,NA
ASV_000499,hyporheic,3,FALSE,2,31,5,-0.2892627204725482,,Pseudomonadota,Nordella
ASV_000509,hyporheic,3,FALSE,1,31,3,0.17162074964937596,,Verrucomicrobiota,NA
ASV_000512,hyporheic,3,FALSE,4,31,8,-0.07389758478346022,,Myxococcota,NA
ASV_000514,hyporheic,3,FALSE,1,31,5,0.1706931163439088,,Pseudomonadota,Hyphomicrobium
ASV_000518,hyporheic,3,FALSE,2,31,8,0.02936940860293917,,Pseudomonadota,NA
ASV_000519,hyporheic,3,FALSE,5,31,8,-0.19945262926731858,,Pseudomonadota,Pseudomonas
ASV_000527,hyporheic,3,TRUE,8,31,3,0.08447457844814323,,Verrucomicrobiota,Candidatus Udaeobacter
ASV_000530,hyporheic,3,FALSE,1,31,3,0.24635881804507195,,Acidobacteriota,NA
ASV_000531,hyporheic,3,FALSE,9,31,8,-0.27842982273681954,,Bacillota,Paenibacillus
ASV_000534,hyporheic,3,FALSE,7,31,3,-0.11072306428991996,,Actinomycetota,Mycobacterium
ASV_000537,hyporheic,3,FALSE,6,31,5,0.10355542441291442,,Pseudomonadota,IS-44
ASV_000539,hyporheic,3,FALSE,2,31,8,-0.19035407193770124,,Pseudomonadota,NA
ASV_000544,hyporheic,3,FALSE,2,31,4,0.22694061094745077,,Pseudomonadota,Pseudolabrys
ASV_000547,hyporheic,3,FALSE,4,31,5,-0.12132304114582594,,Verrucomicrobiota,NA
ASV_000551,hyporheic,3,FALSE,4,31,6,-0.12003415311543707,,Acidobacteriota,NA
ASV_000554,hyporheic,3,FALSE,8,31,3,-0.13515932551702917,,Acidobacteriota,NA
ASV_000557,hyporheic,3,FALSE,1,31,4,0.07270912777928033,,Pseudomonadota,Hirschia
ASV_000561,hyporheic,3,FALSE,1,31,10,-0.1969672342696322,,Pseudomonadota,MND1
ASV_000567,hyporheic,3,FALSE,2,31,3,0.02768076607247999,,MBNT15,NA
ASV_000569,hyporheic,3,FALSE,5,31,3,0.07404604924388399,,Pseudomonadota,Hyphomicrobium
ASV_000572,hyporheic,3,TRUE,11,31,3,0.06712585772576399,,Actinomycetota,NA
ASV_000579,hyporheic,3,FALSE,4,31,7,-0.24427049996996178,,Pseudomonadota,MND1
ASV_000581,hyporheic,3,FALSE,2,31,3,0.10380287277179998,,Actinomycetota,NA
ASV_000583,hyporheic,3,FALSE,5,31,5,0.1391572881615587,,Actinomycetota,NA
ASV_000584,hyporheic,3,FALSE,6,31,3,0.19168930505192394,,Actinomycetota,Acidiferrimicrobium
ASV_000585,hyporheic,3,FALSE,3,31,4,0.08788643228012398,,Actinomycetota,Acidiferrimicrobium
ASV_000589,hyporheic,3,FALSE,1,31,7,0.1787082861608259,,Acidobacteriota,NA
ASV_000592,hyporheic,3,FALSE,6,31,10,-0.10608110534153199,,Pseudomonadota,MND1
ASV_000603,hyporheic,3,FALSE,2,31,3,-0.09895873870911598,,Acidobacteriota,NA
ASV_000604,hyporheic,3,FALSE,2,31,3,0.30527255393204134,,Actinomycetota,Conexibacter
ASV_000605,hyporheic,3,FALSE,1,31,17,0.20419048543696353,,Acidobacteriota,NA
ASV_000609,hyporheic,3,FALSE,1,31,4,0.11927662840360718,,Acidobacteriota,NA
ASV_000612,hyporheic,3,FALSE,2,31,8,-0.07942765404064354,,Pseudomonadota,Methylotenera
ASV_000614,hyporheic,3,FALSE,5,31,3,-0.10215530416984762,,Verrucomicrobiota,NA
ASV_000615,hyporheic,3,FALSE,8,31,4,-0.18205509931804287,,Pseudomonadota,Piscinibacter
ASV_000622,hyporheic,3,FALSE,3,31,3,-0.04567326401959199,,Actinomycetota,Acidiferrimicrobium
ASV_000625,hyporheic,3,FALSE,3,31,7,0.033587538257071836,,Bacteroidota,Chryseotalea
ASV_000628,hyporheic,3,FALSE,2,31,3,-0.29756823527915993,,Planctomycetota,Pirellula
ASV_000631,hyporheic,3,FALSE,1,31,7,-0.06841274777273254,,Myxococcota,NA
ASV_000643,hyporheic,3,FALSE,1,31,4,-0.4091048049314195,,Bacteroidota,Chryseotalea
ASV_000645,hyporheic,3,FALSE,1,31,6,0.051441761089945116,,Gemmatimonadota,NA
ASV_000646,hyporheic,3,FALSE,4,31,3,-0.11695123665622797,,Pseudomonadota,Variibacter
ASV_000653,hyporheic,3,FALSE,4,31,4,-0.004969859516816966,,Pseudomonadota,Acidibacter
ASV_000666,hyporheic,3,FALSE,9,31,3,-0.15489906284046803,,Verrucomicrobiota,Chthoniobacter
ASV_000669,hyporheic,3,FALSE,1,31,4,0.08563525425326689,,Acidobacteriota,NA
ASV_000671,hyporheic,3,FALSE,2,31,5,-0.15143454292418754,,Bacteroidota,NA
ASV_000677,hyporheic,3,FALSE,1,31,3,0.2589244055689599,,Bacteroidota,NA
ASV_000680,hyporheic,3,FALSE,1,31,3,0.31946170469686985,,RCP2-54,NA
ASV_000689,hyporheic,3,FALSE,7,31,3,0.435338757769966,,Pseudomonadota,Bradyrhizobium
ASV_000693,hyporheic,3,FALSE,2,31,6,-0.23031879397089064,,Bacteroidota,Chryseotalea
ASV_000694,hyporheic,3,FALSE,2,31,3,0.07543008754750798,,Pseudomonadota,NA
ASV_000698,hyporheic,3,FALSE,5,31,5,-0.22542221340198196,,Pseudomonadota,Reyranella
ASV_000702,hyporheic,3,FALSE,2,31,4,-0.0964533020436471,,Actinomycetota,Gaiella
ASV_000710,hyporheic,3,FALSE,3,31,4,-0.2936693342773531,,Actinomycetota,NA
ASV_000718,hyporheic,3,FALSE,1,31,9,0.28893244948625035,,Bacteroidota,Flavobacterium
ASV_000720,hyporheic,3,FALSE,3,31,4,-0.10198163376834125,,Acidobacteriota,NA
ASV_000724,hyporheic,3,FALSE,3,31,3,-0.023612662018364032,,Pseudomonadota,NA
ASV_000730,hyporheic,3,FALSE,3,31,9,0.32687014406215487,,Acidobacteriota,NA
ASV_000731,hyporheic,3,FALSE,6,31,3,-0.40275514635458387,,Myxococcota,NA
ASV_000738,hyporheic,3,FALSE,1,31,12,0.1233292022698651,,Pseudomonadota,MND1
ASV_000745,hyporheic,3,FALSE,3,31,4,0.018684517098923995,,Acidobacteriota,NA
ASV_000746,hyporheic,3,FALSE,6,31,3,-0.24517273000763432,,Actinomycetota,Nakamurella
ASV_000755,hyporheic,3,FALSE,1,31,9,0.3957611561188906,,Acidobacteriota,NA
ASV_000757,hyporheic,3,FALSE,2,31,10,-0.01861585984852853,,Pseudomonadota,NA
ASV_000761,hyporheic,3,FALSE,1,31,4,0.4069072612654559,,Acidobacteriota,NA
ASV_000764,hyporheic,3,FALSE,2,31,6,-0.09112684559910474,,Acidobacteriota,NA
ASV_000767,hyporheic,3,FALSE,1,31,3,-0.005893575240568132,,Actinomycetota,Gaiella
ASV_000781,hyporheic,3,FALSE,1,31,9,0.12473309019345885,,Verrucomicrobiota,Oleiharenicola
ASV_000785,hyporheic,3,FALSE,2,31,5,0.03332023161507809,,Myxococcota,NA
ASV_000787,hyporheic,3,FALSE,1,31,8,-0.04874926286954173,,Pseudomonadota,MND1
ASV_000788,hyporheic,3,FALSE,1,31,3,0.3813025526484119,,Pseudomonadota,NA
ASV_000793,hyporheic,3,FALSE,3,31,3,-0.08927047058374797,,Actinomycetota,Acidiferrimicrobium
ASV_000808,hyporheic,3,FALSE,2,31,4,0.14809209848776797,,Pseudomonadota,GOUTA6
ASV_000817,hyporheic,3,FALSE,3,31,5,-0.13328092646031237,,Pseudomonadota,NA
ASV_000827,hyporheic,3,FALSE,2,31,5,-0.20050595515739975,,Bacteroidota,Terrimonas
ASV_000830,hyporheic,3,FALSE,1,31,3,0.05186346211699957,,Verrucomicrobiota,NA
ASV_000831,hyporheic,3,FALSE,1,31,4,0.2560470861704399,,Myxococcota,NA
ASV_000833,hyporheic,3,FALSE,6,31,4,-0.06297374281489199,,Myxococcota,NA
ASV_000846,hyporheic,3,FALSE,1,31,3,0.10034277701273997,,Acidobacteriota,NA
ASV_000855,hyporheic,3,FALSE,2,31,7,0.2669739600430004,,Actinomycetota,Gaiella
ASV_000856,hyporheic,3,FALSE,3,31,5,-0.14041663013587144,,Bacillota,Alicyclobacillus
ASV_000857,hyporheic,3,FALSE,1,31,4,0.2751546678640335,,Thermodesulfobacteriota,NA
ASV_000864,hyporheic,3,FALSE,6,31,8,0.13049661905250642,,Myxococcota,NA
ASV_000873,hyporheic,3,FALSE,2,31,4,0.03903000798541456,,Pseudomonadota,NA
ASV_000889,hyporheic,3,FALSE,8,31,3,-0.16351109862068047,,Pseudomonadota,NA
ASV_000899,hyporheic,3,FALSE,1,31,5,0.205272741812978,,Pseudomonadota,Georgfuchsia
ASV_000907,hyporheic,3,FALSE,1,31,3,0.2726760811302856,,Gemmatimonadota,NA
ASV_000911,hyporheic,3,FALSE,1,31,3,0.20829776469541195,,Thermodesulfobacteriota,NA
ASV_000918,hyporheic,3,FALSE,1,31,4,-0.009062685001254468,,Acidobacteriota,NA
ASV_000921,hyporheic,3,FALSE,4,31,4,0.10518691107542397,,Pseudomonadota,Rhizobacter
ASV_000924,hyporheic,3,FALSE,1,31,4,-0.17784892201568395,,Pseudomonadota,NA
ASV_000925,hyporheic,3,FALSE,4,31,3,0.06020566620764398,,Pseudomonadota,NA
ASV_000958,hyporheic,3,FALSE,2,31,4,-0.08306696546830852,,Actinomycetota,CL500-29 marine group
ASV_000977,hyporheic,3,FALSE,2,31,5,-0.21560931830652394,,Planctomycetota,NA
ASV_000986,hyporheic,3,FALSE,6,31,3,-0.27542362242117596,,Pseudomonadota,Hyphomicrobium
ASV_001016,hyporheic,3,FALSE,1,31,7,0.11185905859386809,,Pseudomonadota,Amaricoccus
ASV_001025,hyporheic,3,TRUE,7,31,3,-0.05743758960039599,,Pseudomonadota,Reyranella
ASV_001037,hyporheic,3,FALSE,2,31,5,-0.0634589007313507,,Verrucomicrobiota,Opitutus
ASV_001040,hyporheic,3,FALSE,2,31,5,-0.18476302167288985,,Pseudomonadota,NA
ASV_001053,hyporheic,3,FALSE,5,31,3,0.2794624786521726,,Pseudomonadota,MND1
ASV_001065,hyporheic,3,FALSE,1,31,5,-0.09065034112741445,,Pseudomonadota,NA
ASV_001068,hyporheic,3,FALSE,1,31,4,0.04060379862998772,,Pseudomonadota,NA
ASV_001092,hyporheic,3,FALSE,1,31,4,0.3361616816808286,,Pseudomonadota,NA
ASV_001103,hyporheic,3,FALSE,1,31,6,-0.23334051536184772,,Planctomycetota,NA
ASV_001139,hyporheic,3,FALSE,1,31,3,0.10333401921796126,,Pseudomonadota,GOUTA6
ASV_001146,hyporheic,3,FALSE,1,31,6,-0.024506991476600164,,Actinomycetota,Acidiferrimicrobium
ASV_001151,hyporheic,3,FALSE,3,31,4,0.05676242640334416,,Pseudomonadota,Ellin6067
ASV_001182,hyporheic,3,FALSE,1,31,3,-0.04501041243479259,,Chloroflexota,NA
ASV_001191,hyporheic,3,FALSE,1,31,4,0.3377053460842559,,Planctomycetota,Pir4 lineage
ASV_001213,hyporheic,3,FALSE,1,31,3,-0.04362916333388349,,Pseudomonadota,Reyranella
ASV_001237,hyporheic,3,FALSE,1,31,3,-0.023967205978310403,,Acidobacteriota,JGI 0001001-H03
ASV_001245,hyporheic,3,FALSE,1,31,3,0.06915128282266608,,Pseudomonadota,Rhizobacter
ASV_001254,hyporheic,3,FALSE,2,31,3,0.20548932338780887,,Pseudomonadota,Rhodoplanes
ASV_001282,hyporheic,3,FALSE,4,31,5,0.34028920456323225,,Actinomycetota,Kineosporia
ASV_001284,hyporheic,3,FALSE,1,31,3,-0.36422294986711057,,Pseudomonadota,MND1
ASV_001305,hyporheic,3,FALSE,1,31,7,-0.14727107322093846,,Pseudomonadota,GOUTA6
ASV_001332,hyporheic,3,FALSE,2,31,3,-0.28693053363725174,,Acidobacteriota,NA
ASV_001354,hyporheic,3,FALSE,1,31,5,-0.058545011978121834,,Acidobacteriota,NA
ASV_001365,hyporheic,3,FALSE,1,31,3,0.32002863613723903,,Methylomirabilota,NA
ASV_001372,hyporheic,3,FALSE,5,31,4,-0.1174047820851583,,Pseudomonadota,Ellin6067
ASV_001379,hyporheic,3,FALSE,6,31,3,0.2675683159217932,,Pseudomonadota,NA
ASV_001391,hyporheic,3,FALSE,5,31,3,0.06129318250190858,,Pseudomonadota,Arsenicitalea
ASV_001393,hyporheic,3,FALSE,1,31,4,0.3736903419784799,,Acidobacteriota,NA
ASV_001410,hyporheic,3,FALSE,3,31,8,0.20473906102256464,,Pseudomonadota,Sphingomonas
ASV_001422,hyporheic,3,FALSE,1,31,4,0.008265447679349858,,Pseudomonadota,Bauldia
ASV_001433,hyporheic,3,FALSE,1,31,3,0.057896518849180255,,Pseudomonadota,NA
ASV_001439,hyporheic,3,FALSE,2,31,3,-0.12456344732615997,,Pseudomonadota,MND1
ASV_001452,hyporheic,3,FALSE,1,31,5,-0.00550822496328636,,Pseudomonadota,Reyranella
ASV_001462,hyporheic,3,FALSE,1,31,5,0.010387018254182907,,Pseudomonadota,Ellin6067
ASV_001479,hyporheic,3,FALSE,2,31,5,-0.11425720079601195,,Pseudomonadota,Pseudomonas
ASV_001492,hyporheic,3,TRUE,7,31,3,0.08887103767816935,,Pseudomonadota,Ellin6067
ASV_001522,hyporheic,3,FALSE,1,31,4,0.20483766893635197,,Gemmatimonadota,NA
ASV_001544,hyporheic,3,FALSE,1,31,3,0.20470351335573314,,Planctomycetota,NA
ASV_001553,hyporheic,3,FALSE,4,31,3,0.21244987960628392,,Pseudomonadota,NA
ASV_001554,hyporheic,3,FALSE,1,31,4,-0.09065450888737196,,Actinomycetota,NA
ASV_001564,hyporheic,3,TRUE,8,31,3,0.13286767714790398,,Pseudomonadota,Ellin6067
ASV_001587,hyporheic,3,FALSE,1,31,4,0.12044709992904735,,Acidobacteriota,NA
ASV_001594,hyporheic,3,FALSE,2,31,3,0.1556499881100708,,Pseudomonadota,NA
ASV_001616,hyporheic,3,FALSE,1,31,3,-0.17759306724911972,,Acidobacteriota,NA
ASV_001634,hyporheic,3,FALSE,1,31,3,0.0192523457858559,,Planctomycetota,Fimbriiglobus
ASV_001644,hyporheic,3,FALSE,1,31,4,-0.1765173016201556,,Acidobacteriota,NA
ASV_001645,hyporheic,3,FALSE,2,31,3,0.2641333131564838,,Pseudomonadota,NA
ASV_001650,hyporheic,3,FALSE,2,31,7,0.10697031959689089,,Pseudomonadota,NA
ASV_001665,hyporheic,3,FALSE,4,31,3,-0.28889581126490416,,Myxococcota,NA
ASV_001678,hyporheic,3,FALSE,2,31,4,5.845654669311946e-4,,Pseudomonadota,MND1
ASV_001691,hyporheic,3,FALSE,3,31,8,-0.15104267281511571,,Pseudomonadota,P3OB-51
ASV_001696,hyporheic,3,FALSE,1,31,4,0.20483766893635197,,Pseudomonadota,NA
ASV_001716,hyporheic,3,FALSE,1,31,3,-0.05328547468952399,,Pseudomonadota,MND1
ASV_001726,hyporheic,3,FALSE,1,31,6,0.1397111465965555,,Pseudomonadota,MND1
ASV_001736,hyporheic,3,FALSE,1,31,10,-0.004826966374673397,,Gemmatimonadota,NA
ASV_001752,hyporheic,3,FALSE,1,31,4,0.03529297674241199,,Actinomycetota,NA
ASV_001753,hyporheic,3,FALSE,1,31,6,0.03401667364490644,,Pseudomonadota,MND1
ASV_001757,hyporheic,3,FALSE,1,31,3,-0.09946356873702418,,Actinomycetota,Luedemannella
ASV_001762,hyporheic,3,FALSE,3,31,3,-0.05657832230945407,,Pseudomonadota,GOUTA6
ASV_001772,hyporheic,3,FALSE,3,31,4,-0.20206959232910393,,Pseudomonadota,Hyphomicrobium
ASV_001826,hyporheic,3,FALSE,1,31,3,0.13712385059721854,,Verrucomicrobiota,NA
ASV_001871,hyporheic,3,FALSE,1,31,3,-0.05657832230945407,,Pseudomonadota,NA
ASV_001876,hyporheic,3,FALSE,1,31,5,-0.1362902698200363,,Myxococcota,NA
ASV_001879,hyporheic,3,FALSE,2,31,7,0.007159345824624767,,Acidobacteriota,NA
ASV_001882,hyporheic,3,TRUE,7,31,3,-0.07072290288681758,,Verrucomicrobiota,NA
ASV_001898,hyporheic,3,FALSE,1,31,4,-0.2996442927345959,,Pseudomonadota,NA
ASV_001915,hyporheic,3,FALSE,5,31,6,-0.1923094160062067,,Bdellovibrionota,NA
ASV_001963,hyporheic,3,FALSE,1,31,7,-0.18913638346400288,,Elusimicrobiota,NA
ASV_001966,hyporheic,3,FALSE,2,31,3,0.1312302753566504,,Bacteroidota,NA
ASV_001987,hyporheic,3,FALSE,6,31,5,-0.2390120067605499,,Bdellovibrionota,NA
ASV_002108,hyporheic,3,FALSE,3,31,7,-5.506153812634728e-4,,SAR324 clade(Marine group B),Candidatus Nitrosoarchaeum
ASV_002119,hyporheic,3,FALSE,1,31,9,-0.19640432145381323,,Pseudomonadota,Pseudomonas
ASV_002125,hyporheic,3,FALSE,3,31,3,-0.12656386841843123,,Acidobacteriota,NA
ASV_002129,hyporheic,3,FALSE,1,31,7,0.16875902340619992,,Acidobacteriota,NA
ASV_002147,hyporheic,3,TRUE,2,31,3,-0.20981127856422552,,Pseudomonadota,Rhodoplanes
ASV_002174,hyporheic,3,FALSE,5,31,3,-0.3076938845888595,,Bacteroidota,NA
ASV_002250,hyporheic,3,FALSE,2,31,7,-0.04349999671650495,,Pseudomonadota,Duganella
ASV_002257,hyporheic,3,FALSE,1,31,3,0.33078515456613594,,Pseudomonadota,NA
ASV_002309,hyporheic,3,FALSE,1,31,3,0.03288067383120546,,Acidobacteriota,NA
ASV_002332,hyporheic,3,FALSE,1,31,6,-0.18256331852793156,,Myxococcota,NA
ASV_002398,hyporheic,3,FALSE,2,31,4,0.013840383036239995,,Acidobacteriota,NA
ASV_002407,hyporheic,3,FALSE,1,31,4,-0.05539743068897549,,Pseudomonadota,NA
ASV_002425,hyporheic,3,FALSE,1,31,3,0.137752717734945,,Actinomycetota,Oryzobacter
ASV_002427,hyporheic,3,FALSE,1,31,3,-0.0389124970275177,,Myxococcota,NA
ASV_002429,hyporheic,3,FALSE,1,31,3,-0.2357430096227253,,Pseudomonadota,GOUTA6
ASV_002445,hyporheic,3,FALSE,1,31,3,0.07936681323965085,,Pseudomonadota,Dongia
ASV_002578,hyporheic,3,FALSE,1,31,6,0.3271885628192098,,Pseudomonadota,MND1
ASV_002626,hyporheic,3,FALSE,2,31,5,-0.03273484540712188,,Bacillota,Bacillus
ASV_002706,hyporheic,3,FALSE,2,31,3,-0.0672124948657124,,Pseudomonadota,MND1
ASV_002720,hyporheic,3,FALSE,1,31,3,-0.05814994237360557,,Pseudomonadota,GOUTA6
ASV_002724,hyporheic,3,FALSE,1,31,3,0.3663784620566334,,Chloroflexota,NA
ASV_002812,hyporheic,3,FALSE,3,31,3,-0.13987418570948368,,Planctomycetota,NA
ASV_002825,hyporheic,3,FALSE,2,31,3,0.2663896008736796,,Pseudomonadota,Pseudomonas
ASV_002839,hyporheic,3,FALSE,1,31,7,-0.0886657444434298,,Pseudomonadota,MND1
ASV_002890,hyporheic,3,TRUE,4,31,4,0.04883191236269244,,Actinomycetota,Mycobacterium
ASV_002897,hyporheic,3,FALSE,3,31,3,-0.055399607261340446,,Actinomycetota,Luedemannella
ASV_002902,hyporheic,3,FALSE,2,31,4,-0.019376536250735994,,Elusimicrobiota,NA
ASV_002911,hyporheic,3,FALSE,6,31,3,0.18584407258591512,,Actinomycetota,Mycobacterium
ASV_002924,hyporheic,3,FALSE,1,31,9,0.2218035999004651,,Pseudomonadota,NA
ASV_002930,hyporheic,3,FALSE,1,31,3,0.3669732849793757,,NB1-j,NA
ASV_002974,hyporheic,3,FALSE,1,31,3,0.03651194295409749,,Bacteroidota,NA
ASV_003027,hyporheic,3,FALSE,1,31,3,-0.01637144566606573,,Elusimicrobiota,NA
ASV_003060,hyporheic,3,TRUE,1,31,3,0.0223955859141589,,Chloroflexota,NA
ASV_003138,hyporheic,3,FALSE,2,31,3,-0.14183871078967306,,Acidobacteriota,NA
ASV_003245,hyporheic,3,FALSE,4,31,4,0.07543008754750798,,Pseudomonadota,MND1
ASV_003285,hyporheic,3,FALSE,1,31,6,0.21750444003010724,,Pseudomonadota,NA
ASV_003286,hyporheic,3,FALSE,1,31,3,-0.10625649332821131,,Bacteroidota,NA
ASV_003445,hyporheic,3,FALSE,1,31,7,-0.04763718567923402,,Pseudomonadota,Klebsiella
ASV_003453,hyporheic,3,FALSE,1,31,7,-0.2992590135557148,,Actinomycetota,Nocardia
ASV_003551,hyporheic,3,FALSE,1,31,5,-0.14786802722398074,,Fibrobacterota,possible genus 04
ASV_003559,hyporheic,3,FALSE,2,31,5,-0.1193226520661329,,Verrucomicrobiota,Opitutus
ASV_003631,hyporheic,3,FALSE,2,31,3,-0.2841791449585384,,Pseudomonadota,MND1
ASV_003705,hyporheic,3,FALSE,1,31,6,0.009355029678714289,,Pseudomonadota,NA
ASV_003798,hyporheic,3,FALSE,1,31,3,-0.12769413021230955,,Verrucomicrobiota,NA
ASV_003873,hyporheic,3,FALSE,1,31,3,-0.11651777866705841,,Verrucomicrobiota,NA
ASV_003930,hyporheic,3,FALSE,1,31,3,-0.3044884267972799,,Pseudomonadota,Cellvibrio
ASV_003966,hyporheic,3,FALSE,1,31,6,0.021044356809523004,,Pseudomonadota,Duganella
ASV_003978,hyporheic,3,FALSE,1,31,3,-0.07335403009207198,,Chloroflexota,NA
ASV_003998,hyporheic,3,FALSE,1,31,5,0.08655848545152421,,Acidobacteriota,NA
ASV_004229,hyporheic,3,FALSE,5,31,3,-0.40429926150297385,,Acidobacteriota,NA
ASV_004247,hyporheic,3,FALSE,2,31,3,-0.18623697760195299,,Nitrospirota,Nitrospira
ASV_004616,hyporheic,3,FALSE,1,31,5,0.13134645993638513,,Pseudomonadota,Pedomicrobium
ASV_004644,hyporheic,3,FALSE,1,31,4,-0.2408941998580947,,Bacteroidota,NA
ASV_004867,hyporheic,3,FALSE,1,31,3,0.1508755261585442,,Pseudomonadota,NA
ASV_004908,hyporheic,3,FALSE,1,31,6,-0.11169934444639827,,Pseudomonadota,Sphingomonas
ASV_004935,hyporheic,3,FALSE,2,31,6,0.08038984566446701,,Bacteroidota,NA
ASV_004996,hyporheic,3,FALSE,1,31,7,-0.053457827290162706,,Pseudomonadota,MND1
ASV_005090,hyporheic,3,FALSE,1,31,3,0.10106480798644203,,Myxococcota,Pajaroellobacter
ASV_005254,hyporheic,3,FALSE,1,31,3,0.07268742796700697,,Pseudomonadota,Caulobacter
ASV_005328,hyporheic,3,FALSE,1,31,3,0.07425904803115846,,Acidobacteriota,Vicinamibacter
ASV_005544,hyporheic,3,FALSE,1,31,3,-0.04439826681227993,,Bacteroidota,NA
ASV_005605,hyporheic,3,FALSE,1,31,3,-0.022836632009795996,,Chloroflexota,NA
ASV_005678,hyporheic,3,FALSE,1,31,3,-0.13280189542080192,,Pseudomonadota,Phenylobacterium
ASV_005766,hyporheic,3,FALSE,1,31,4,-0.09757470040549197,,Myxococcota,Sandaracinus
ASV_005895,hyporheic,3,FALSE,1,31,4,0.18826997228412506,,Verrucomicrobiota,Opitutus
ASV_006218,hyporheic,3,FALSE,1,31,3,0.1438032358698624,,Pseudomonadota,Massilia
ASV_006565,hyporheic,3,FALSE,1,31,3,-0.06286480256606007,,NA,NA
ASV_006637,hyporheic,3,FALSE,1,31,4,-0.332384584133853,,Actinomycetota,Actinoplanes
ASV_006739,hyporheic,3,FALSE,1,31,3,0.013358770545287765,,Actinomycetota,Gaiella
ASV_007081,hyporheic,3,FALSE,1,31,4,-0.4838650738528972,,Acidobacteriota,NA
ASV_007647,hyporheic,3,FALSE,1,31,3,0.06091577467675958,,Methylomirabilota,NA
ASV_008036,hyporheic,3,FALSE,1,31,3,-0.016894915689628646,,Thermodesulfobacteriota,NA
ASV_008256,hyporheic,3,FALSE,1,31,3,-0.09965075786092797,,Pseudomonadota,Reyranella
ASV_010220,hyporheic,3,FALSE,1,31,3,0.05328547468952399,,Bacillota,Paenibacillus
ASV_010325,hyporheic,3,FALSE,1,31,4,0.21590997536534395,,Bdellovibrionota,NA
ASV_010693,hyporheic,3,FALSE,1,31,3,-0.11084165819959589,,Pseudomonadota,Massilia
ASV_010840,hyporheic,3,FALSE,1,31,3,-0.06160799938899549,,Pseudomonadota,MND1
ASV_013439,hyporheic,3,FALSE,1,31,3,0.12022893490758989,,Bdellovibrionota,Oligoflexus
ASV_020979,hyporheic,3,FALSE,1,31,3,0.23810043971895253,,Pseudomonadota,MND1
ASV_000001,sediment,3,TRUE,13,34,34,-0.2452224889039162,,Pseudomonadota,Bradyrhizobium
ASV_000002,sediment,3,FALSE,13,34,34,-0.3843508926537851,,Acidobacteriota,NA
ASV_000003,sediment,3,FALSE,3,34,34,-0.0972328571963159,,Pseudomonadota,NA
ASV_000004,sediment,3,FALSE,9,34,34,0.09172911056256218,,Pseudomonadota,IS-44
ASV_000005,sediment,3,TRUE,13,34,33,-0.15623583708923994,,Pseudomonadota,Bradyrhizobium
ASV_000006,sediment,3,FALSE,6,34,34,0.11815056269532513,,Acidobacteriota,NA
ASV_000007,sediment,3,FALSE,6,34,34,0.04615619961922272,,Pseudomonadota,Rhizobacter
ASV_000009,sediment,3,TRUE,11,34,27,-0.2501167070147393,,Pseudomonadota,Pseudolabrys
ASV_000010,sediment,3,FALSE,3,34,34,-0.09737829109197917,,Pseudomonadota,NA
ASV_000011,sediment,3,FALSE,9,34,31,0.11820479752154398,,Pseudomonadota,NA
ASV_000012,sediment,3,FALSE,3,34,34,-0.04541633229482349,,Nitrospirota,Nitrospira
ASV_000013,sediment,3,FALSE,1,34,33,0.03362372157691721,,Pseudomonadota,NA
ASV_000014,sediment,3,FALSE,8,34,32,0.17140677792238393,,Pseudomonadota,Hyphomicrobium
ASV_000015,sediment,3,FALSE,9,34,33,-0.02264904599698979,,Acidobacteriota,NA
ASV_000016,sediment,3,FALSE,4,34,28,0.09417372574341969,,Acidobacteriota,NA
ASV_000017,sediment,3,TRUE,9,34,30,-0.04713811393699528,,Verrucomicrobiota,Candidatus Udaeobacter
ASV_000018,sediment,3,FALSE,11,34,34,-0.05125463855522913,,Acidobacteriota,NA
ASV_000019,sediment,3,FALSE,10,34,34,-0.06711643523602923,,Acidobacteriota,NA
ASV_000020,sediment,3,FALSE,6,34,33,-0.04983548417957366,,Nitrospirota,Nitrospira
ASV_000021,sediment,3,FALSE,1,34,34,0.41091927376413423,,Pseudomonadota,NA
ASV_000022,sediment,3,FALSE,5,34,33,0.24701757810568994,,Pseudomonadota,NA
ASV_000023,sediment,3,TRUE,10,34,23,-0.32167510138966776,,Pseudomonadota,NA
ASV_000026,sediment,3,FALSE,4,34,34,0.1623691743432849,,Acidobacteriota,JGI 0001001-H03
ASV_000027,sediment,3,FALSE,5,34,34,-6.116677750144579e-4,,Actinomycetota,Gaiella
ASV_000029,sediment,3,FALSE,7,34,34,0.03832908968626753,,Acidobacteriota,NA
ASV_000030,sediment,3,FALSE,8,34,34,0.13179423652987818,,Acidobacteriota,NA
ASV_000031,sediment,3,FALSE,11,34,33,-0.1818739246563151,,Pseudomonadota,Rhizobacter
ASV_000032,sediment,3,FALSE,10,34,26,-0.19539731334342358,,Pseudomonadota,NA
ASV_000034,sediment,3,FALSE,11,34,34,-0.5272832840887092,,Verrucomicrobiota,Candidatus Udaeobacter
ASV_000035,sediment,3,FALSE,9,34,33,-0.22814770275809784,,Pseudomonadota,NA
ASV_000036,sediment,3,FALSE,2,34,29,-0.14933838744121655,,Pseudomonadota,NA
ASV_000037,sediment,3,FALSE,3,34,34,-0.005812178308369176,,Nitrospirota,Nitrospira
ASV_000038,sediment,3,TRUE,12,34,29,-0.313597450252282,,Pseudomonadota,NA
ASV_000039,sediment,3,TRUE,10,34,26,-0.21156978083294756,,Acidobacteriota,NA
ASV_000040,sediment,3,TRUE,8,34,23,0.1744605826423549,,Acidobacteriota,NA
ASV_000041,sediment,3,FALSE,12,34,34,-0.040171976262089674,,Pseudomonadota,NA
ASV_000042,sediment,3,FALSE,4,34,33,-0.21517060594943685,,Planctomycetota,NA
ASV_000043,sediment,3,FALSE,4,34,34,-0.2908063979745242,,Verrucomicrobiota,NA
ASV_000044,sediment,3,FALSE,11,34,32,-0.07027497212748815,,Pseudomonadota,Pedomicrobium
ASV_000045,sediment,3,TRUE,13,34,19,-0.2834792528659761,,Pseudomonadota,NA
ASV_000046,sediment,3,FALSE,8,34,32,-0.007192051266595768,,Verrucomicrobiota,Candidatus Udaeobacter
ASV_000048,sediment,3,FALSE,3,34,29,0.006135486766711481,,Verrucomicrobiota,NA
ASV_000049,sediment,3,FALSE,5,34,34,-0.3218850728906088,,Verrucomicrobiota,NA
ASV_000050,sediment,3,FALSE,2,34,33,0.21595177758061565,,Pseudomonadota,Novosphingobium
ASV_000051,sediment,3,FALSE,11,34,26,-0.3165157911186802,,Bacteroidota,Puia
ASV_000052,sediment,3,FALSE,11,34,31,0.41597220208629526,,Acidobacteriota,NA
ASV_000053,sediment,3,FALSE,11,34,34,0.10723075576003101,,Acidobacteriota,NA
ASV_000054,sediment,3,FALSE,4,34,29,-0.11424644323847018,,Acidobacteriota,NA
ASV_000056,sediment,3,FALSE,10,34,29,-0.007041727396119147,,Acidobacteriota,NA
ASV_000058,sediment,3,FALSE,5,34,31,-0.016851841488886674,,Acidobacteriota,NA
ASV_000059,sediment,3,FALSE,6,34,33,-0.31042452490163847,,Verrucomicrobiota,Chthoniobacter
ASV_000060,sediment,3,FALSE,13,34,30,0.013998167105571615,,Pseudomonadota,NA
ASV_000061,sediment,3,FALSE,8,34,27,-0.04152318834616824,,Acidobacteriota,NA
ASV_000062,sediment,3,FALSE,2,34,31,0.08080819532056334,,Pseudomonadota,NA
ASV_000063,sediment,3,FALSE,11,34,34,0.4898483831507701,,Pseudomonadota,Piscinibacter
ASV_000064,sediment,3,FALSE,3,34,29,-0.11043138785901434,,Acidobacteriota,NA
ASV_000065,sediment,3,FALSE,8,34,33,0.13815929614091038,,Pseudomonadota,MND1
ASV_000066,sediment,3,FALSE,5,34,34,-0.018368315082937185,,Thermodesulfobacteriota,NA
ASV_000067,sediment,3,TRUE,11,34,30,-0.23122991043645683,,Acidobacteriota,NA
ASV_000068,sediment,3,FALSE,6,34,26,-0.0216225969890118,,Pseudomonadota,NA
ASV_000069,sediment,3,FALSE,8,34,29,0.1040233301539592,,Acidobacteriota,NA
ASV_000070,sediment,3,FALSE,2,34,30,0.107276900296553,,Pseudomonadota,Kineobactrum
ASV_000071,sediment,3,FALSE,6,34,30,-0.4190319461251794,,Acidobacteriota,NA
ASV_000073,sediment,3,FALSE,7,34,32,0.0508034259682935,,Acidobacteriota,NA
ASV_000074,sediment,3,FALSE,11,34,32,0.2329434544039473,,Pseudomonadota,NA
ASV_000075,sediment,3,FALSE,5,34,30,0.07095818773466932,,Pseudomonadota,Hyphomicrobium
ASV_000076,sediment,3,FALSE,7,34,26,-0.1044561947678659,,Pseudomonadota,NA
ASV_000077,sediment,3,FALSE,2,34,34,0.3220529170585274,,Pseudomonadota,NA
ASV_000078,sediment,3,FALSE,4,34,31,0.0946476363061403,,Pseudomonadota,NA
ASV_000079,sediment,3,FALSE,7,34,33,-0.13898312045451713,,Pseudomonadota,NA
ASV_000081,sediment,3,FALSE,10,34,32,0.06479801383784732,,Acidobacteriota,NA
ASV_000082,sediment,3,TRUE,11,34,26,-0.21128422992578139,,Acidobacteriota,NA
ASV_000083,sediment,3,FALSE,2,34,31,-0.09439206416756622,,Methylomirabilota,NA
ASV_000086,sediment,3,FALSE,8,34,27,-0.2438989647349377,,Bacteroidota,Chryseotalea
ASV_000087,sediment,3,FALSE,5,34,34,-0.26453513451340643,,Verrucomicrobiota,Chthoniobacter
ASV_000088,sediment,3,FALSE,4,34,24,0.07350144448266903,,Nitrospirota,Nitrospira
ASV_000089,sediment,3,FALSE,5,34,31,0.06445239267362715,,Verrucomicrobiota,Candidatus Udaeobacter
ASV_000090,sediment,3,TRUE,12,34,22,-0.2302887504554686,,Acidobacteriota,NA
ASV_000091,sediment,3,FALSE,2,34,23,0.05970661523307579,,Pseudomonadota,NA
ASV_000093,sediment,3,FALSE,2,34,34,-0.2736126263559236,,Bacteroidota,OLB12
ASV_000097,sediment,3,TRUE,11,34,28,-0.33034432921086765,,Pseudomonadota,Reyranella
ASV_000099,sediment,3,FALSE,2,34,19,-0.14684693288651743,,Pseudomonadota,NA
ASV_000100,sediment,3,FALSE,1,34,33,0.272359379492778,,Acidobacteriota,NA
ASV_000102,sediment,3,FALSE,1,34,31,-0.2484900335996235,,Actinomycetota,Galbitalea
ASV_000103,sediment,3,FALSE,2,34,34,0.06645245707305528,,Bacteroidota,Terrimonas
ASV_000104,sediment,3,FALSE,5,34,31,0.031721848784044535,,Pseudomonadota,mle1-7
ASV_000109,sediment,3,TRUE,10,34,28,0.07092548559556337,,Pseudomonadota,NA
ASV_000110,sediment,3,FALSE,9,34,32,-0.1132746518238329,,Chloroflexota,NA
ASV_000115,sediment,3,FALSE,6,34,18,-0.05998285587153902,,Chloroflexota,NA
ASV_000116,sediment,3,FALSE,8,34,28,-0.17005998380952678,,Pseudomonadota,mle1-7
ASV_000117,sediment,3,FALSE,6,34,34,-0.046462005250494834,,Pseudomonadota,NA
ASV_000118,sediment,3,FALSE,5,34,28,0.1077151343444881,,Bacteroidota,Terrimonas
ASV_000119,sediment,3,FALSE,4,34,25,-0.019747452915203693,,Myxococcota,NA
ASV_000120,sediment,3,TRUE,10,34,9,0.024438840375925787,,Acidobacteriota,NA
ASV_000121,sediment,3,FALSE,2,34,30,0.09264955531165434,,Bacteroidota,Ferruginibacter
ASV_000122,sediment,3,FALSE,1,34,21,0.5563601551498922,,Pseudomonadota,Arenimonas
ASV_000123,sediment,3,FALSE,4,34,27,0.011053241531798813,,Acidobacteriota,NA
ASV_000124,sediment,3,FALSE,9,34,32,0.04675429700169707,,Verrucomicrobiota,Candidatus Udaeobacter
ASV_000125,sediment,3,TRUE,11,34,11,-0.18988628143350755,,Pseudomonadota,NA
ASV_000126,sediment,3,TRUE,9,34,10,0.09154652896099466,,Pseudomonadota,NA
ASV_000127,sediment,3,FALSE,3,34,20,0.15561452867386658,,Verrucomicrobiota,NA
ASV_000128,sediment,3,FALSE,5,34,29,-0.06505118714515573,,Methylomirabilota,NA
ASV_000129,sediment,3,FALSE,8,34,29,0.01535290848519611,,Chloroflexota,NA
ASV_000131,sediment,3,TRUE,11,34,23,-0.05419994791837647,,Pseudomonadota,NA
ASV_000132,sediment,3,TRUE,7,34,16,0.030996486768634753,,Pseudomonadota,Pseudolabrys
ASV_000133,sediment,3,TRUE,12,34,15,-0.5225443257722603,,Actinomycetota,NA
ASV_000134,sediment,3,FALSE,7,34,31,0.16340012482237223,,Acidobacteriota,NA
ASV_000135,sediment,3,TRUE,13,34,11,0.03551227222553132,,Acidobacteriota,Bryobacter
ASV_000137,sediment,3,FALSE,3,34,26,-0.014700288896533806,,Acidobacteriota,NA
ASV_000138,sediment,3,FALSE,3,34,33,0.00950415217739416,,Acidobacteriota,Bryobacter
ASV_000139,sediment,3,TRUE,7,34,14,-0.21485342658948034,,Pseudomonadota,Burkholderia-Caballeronia-Paraburkholderia
ASV_000142,sediment,3,FALSE,5,34,32,-0.020675454532894728,,Planctomycetota,NA
ASV_000144,sediment,3,FALSE,2,34,25,0.007851817560369938,,Pseudomonadota,Rhizobacter
ASV_000146,sediment,3,FALSE,6,34,29,0.0847290579683615,,Acidobacteriota,NA
ASV_000147,sediment,3,FALSE,3,34,23,-0.09933371953147445,,Nitrospirota,Nitrospira
ASV_000148,sediment,3,TRUE,10,34,4,-0.20841107600861203,,Pseudomonadota,Burkholderia-Caballeronia-Paraburkholderia
ASV_000149,sediment,3,FALSE,2,34,32,0.016849253476663946,,Pseudomonadota,Rhizobacter
ASV_000151,sediment,3,FALSE,8,34,27,-0.12575972336718289,,Acidobacteriota,NA
ASV_000152,sediment,3,FALSE,3,34,32,0.1120524282448924,,Pseudomonadota,NA
ASV_000153,sediment,3,FALSE,4,34,33,0.08502008759582093,,Pseudomonadota,Ellin6067
ASV_000154,sediment,3,FALSE,5,34,28,-0.010733796592523558,,Methylomirabilota,NA
ASV_000155,sediment,3,TRUE,8,34,23,0.062405056059569704,,Verrucomicrobiota,Candidatus Udaeobacter
ASV_000156,sediment,3,FALSE,5,34,29,0.04656603148782141,,Acidobacteriota,NA
ASV_000158,sediment,3,FALSE,3,34,30,0.11006526082194927,,Gemmatimonadota,NA
ASV_000159,sediment,3,TRUE,8,34,7,-0.016124365319384163,,Pseudomonadota,Methylocapsa
ASV_000161,sediment,3,FALSE,10,34,25,0.20189048907286042,,Pseudomonadota,Ellin6067
ASV_000163,sediment,3,FALSE,9,34,27,-0.24267718706616678,,Pseudomonadota,Hypericibacter
ASV_000165,sediment,3,FALSE,1,34,26,-0.5337545860619668,,Pseudomonadota,NA
ASV_000167,sediment,3,FALSE,1,34,34,0.13279239784464858,,Pseudomonadota,NA
ASV_000168,sediment,3,FALSE,8,34,28,-0.03727882305229729,,Acidobacteriota,NA
ASV_000170,sediment,3,FALSE,4,34,30,-0.08327641025271205,,Acidobacteriota,NA
ASV_000171,sediment,3,FALSE,3,34,25,-0.20869432586914724,,Pseudomonadota,NA
ASV_000173,sediment,3,TRUE,9,34,19,0.27380806180291956,,Acidobacteriota,NA
ASV_000174,sediment,3,FALSE,8,34,29,-0.1254477290361812,,Pseudomonadota,Hyphomicrobium
ASV_000175,sediment,3,FALSE,4,34,33,-0.036034888560614806,,Pseudomonadota,NA
ASV_000176,sediment,3,FALSE,1,34,19,-0.3590417316123134,,Pseudomonadota,Rhizobacter
ASV_000177,sediment,3,FALSE,1,34,17,-0.3303224556532426,,Pseudomonadota,NA
ASV_000179,sediment,3,TRUE,6,34,10,-0.20188503821199846,,Pseudomonadota,Rhodovastum
ASV_000182,sediment,3,TRUE,9,34,5,-0.05289013680631799,,Pseudomonadota,NA
ASV_000183,sediment,3,FALSE,10,34,23,-0.18387904828919388,,Pseudomonadota,Rhodoplanes
ASV_000184,sediment,3,TRUE,8,34,22,0.166671792290087,,Chloroflexota,NA
ASV_000185,sediment,3,FALSE,6,34,22,-0.07332959543875736,,Planctomycetota,NA
ASV_000186,sediment,3,FALSE,2,34,30,-0.10649753992931578,,Verrucomicrobiota,NA
ASV_000187,sediment,3,FALSE,4,34,31,0.06684189157490311,,Verrucomicrobiota,NA
ASV_000188,sediment,3,TRUE,9,34,6,-0.4405560831268859,,Acidobacteriota,Subgroup 10
ASV_000189,sediment,3,FALSE,11,34,20,-0.07105321047335768,,Pseudomonadota,Rhodoplanes
ASV_000190,sediment,3,FALSE,9,34,27,-0.3409266861863097,,Acidobacteriota,NA
ASV_000191,sediment,3,FALSE,3,34,34,-0.1472058209856487,,Verrucomicrobiota,Chthoniobacter
ASV_000193,sediment,3,FALSE,5,34,26,-0.26390928570000116,,Verrucomicrobiota,Oleiharenicola
ASV_000195,sediment,3,FALSE,4,34,29,0.02099465354306329,,Pseudomonadota,NA
ASV_000196,sediment,3,FALSE,5,34,26,0.24548066038383293,,Acidobacteriota,NA
ASV_000198,sediment,3,FALSE,7,34,26,0.19969442466149914,,Myxococcota,Anaeromyxobacter
ASV_000199,sediment,3,FALSE,6,34,29,0.3306002620481508,,Acidobacteriota,Stenotrophobacter
ASV_000200,sediment,3,FALSE,1,34,27,0.27957646351542115,,Pseudomonadota,Hyphomicrobium
ASV_000202,sediment,3,TRUE,8,34,17,0.12119853212735565,,Actinomycetota,Pseudarthrobacter
ASV_000203,sediment,3,TRUE,10,34,11,-0.18083693728298905,,Pseudomonadota,Methylocapsa
ASV_000204,sediment,3,FALSE,1,34,21,0.3638115126594341,,Actinomycetota,NA
ASV_000205,sediment,3,FALSE,5,34,31,-0.06366547969836779,,Pseudomonadota,NA
ASV_000206,sediment,3,FALSE,1,34,28,0.15165492600347244,,Pseudomonadota,Rhodoferax
ASV_000208,sediment,3,FALSE,5,34,24,0.08887962942663136,,Pseudomonadota,Piscinibacter
ASV_000210,sediment,3,TRUE,12,34,12,-0.17277924134759018,,Actinomycetota,Mycobacterium
ASV_000212,sediment,3,FALSE,7,34,17,0.15406479840301177,,Acidobacteriota,NA
ASV_000214,sediment,3,TRUE,4,34,13,0.14996406866463943,,Acidobacteriota,NA
ASV_000216,sediment,3,TRUE,11,34,20,-0.012360760012333613,,Acidobacteriota,NA
ASV_000218,sediment,3,FALSE,2,34,31,0.255138047710371,,Chloroflexota,NA
ASV_000221,sediment,3,FALSE,6,34,11,-0.21198409257180093,,Pseudomonadota,Pseudolabrys
ASV_000222,sediment,3,FALSE,4,34,29,-0.06325886272626374,,Pseudomonadota,NA
ASV_000223,sediment,3,FALSE,1,34,29,-0.06551466349188731,,Bacteroidota,Chryseotalea
ASV_000227,sediment,3,FALSE,2,34,20,0.1260495143670691,,Acidobacteriota,NA
ASV_000228,sediment,3,FALSE,1,34,30,0.16878832776013752,,Pseudomonadota,NA
ASV_000229,sediment,3,FALSE,6,34,30,0.07526172642586046,,Methylomirabilota,NA
ASV_000230,sediment,3,FALSE,5,34,19,0.028816833207426226,,Pseudomonadota,NA
ASV_000231,sediment,3,FALSE,2,34,33,0.23409574244492715,,Acidobacteriota,NA
ASV_000232,sediment,3,FALSE,2,34,21,-0.1133847712570017,,Pseudomonadota,NA
ASV_000233,sediment,3,FALSE,1,34,29,-0.27231421825916663,,Actinomycetota,NA
ASV_000234,sediment,3,FALSE,3,34,27,0.26644728627781183,,Pseudomonadota,NA
ASV_000235,sediment,3,FALSE,4,34,21,-0.12684106266441966,,Acidobacteriota,NA
ASV_000236,sediment,3,FALSE,2,34,31,0.18810215033553002,,Acidobacteriota,Paludibaculum
ASV_000237,sediment,3,FALSE,2,34,27,0.03805760329299889,,NB1-j,NA
ASV_000238,sediment,3,FALSE,10,34,21,-0.2268585130436028,,Pseudomonadota,Bradyrhizobium
ASV_000240,sediment,3,FALSE,3,34,25,0.24967681342495654,,Thermodesulfobacteriota,NA
ASV_000241,sediment,3,FALSE,5,34,22,-0.03735369755024121,,Pseudomonadota,NA
ASV_000243,sediment,3,TRUE,10,34,13,-0.3795215910087013,,Acidobacteriota,NA
ASV_000244,sediment,3,FALSE,9,34,19,0.11126936162668653,,Actinomycetota,Acidiferrimicrobium
ASV_000246,sediment,3,TRUE,7,34,18,0.042056423318841255,,Acidobacteriota,NA
ASV_000248,sediment,3,FALSE,1,34,30,0.11779227695391828,,Actinomycetota,Nocardioides
ASV_000249,sediment,3,FALSE,1,34,31,-0.02720193918595508,,Verrucomicrobiota,Chthoniobacter
ASV_000250,sediment,3,FALSE,2,34,29,-0.20561761757899846,,Pseudomonadota,NA
ASV_000251,sediment,3,FALSE,2,34,17,-0.08483700194141452,,Pseudomonadota,Rhodoferax
ASV_000252,sediment,3,TRUE,5,34,9,0.15020176471712818,,Pseudomonadota,Pseudolabrys
ASV_000253,sediment,3,FALSE,3,34,20,-0.05970761458848431,,Actinomycetota,NA
ASV_000254,sediment,3,FALSE,5,34,26,0.10546227275548181,,Pseudomonadota,Pseudaminobacter
ASV_000255,sediment,3,TRUE,8,34,18,0.5798268436892866,,Actinomycetota,Gaiella
ASV_000256,sediment,3,FALSE,9,34,18,0.010039980506193162,,Pseudomonadota,Pedomicrobium
ASV_000257,sediment,3,FALSE,1,34,26,0.2845551618308501,,Acidobacteriota,JGI 0001001-H03
ASV_000258,sediment,3,FALSE,1,34,22,0.09846053599868541,,Pseudomonadota,NA
ASV_000259,sediment,3,FALSE,9,34,18,0.02600232599661698,,Pseudomonadota,Devosia
ASV_000261,sediment,3,TRUE,6,34,11,0.09169832947075615,,Pseudomonadota,Mesorhizobium
ASV_000265,sediment,3,FALSE,9,34,21,0.1509636535028506,,Acidobacteriota,NA
ASV_000266,sediment,3,TRUE,9,34,19,-0.05604200319422031,,Pseudomonadota,Rhodoplanes
ASV_000267,sediment,3,FALSE,2,34,21,0.13473857949447177,,Pseudomonadota,NA
ASV_000268,sediment,3,TRUE,8,34,3,-0.011739145040000044,,Pseudomonadota,Reyranella
ASV_000271,sediment,3,FALSE,10,34,21,-0.06843135300097218,,Acidobacteriota,NA
ASV_000273,sediment,3,TRUE,13,34,14,0.14214727787216402,,Pseudomonadota,NA
ASV_000275,sediment,3,FALSE,6,34,13,-0.2293734683519238,,Pseudomonadota,IS-44
ASV_000276,sediment,3,FALSE,6,34,23,-0.06379747278282817,,Bacteroidota,OLB12
ASV_000278,sediment,3,TRUE,7,34,8,0.17774225228816293,,Chloroflexota,NA
ASV_000279,sediment,3,FALSE,11,34,13,-0.22353060711874223,,Myxococcota,NA
ASV_000280,sediment,3,FALSE,8,34,23,0.1329588621387682,,Pseudomonadota,NA
ASV_000281,sediment,3,FALSE,2,34,25,-0.11848503376528567,,Pseudomonadota,MND1
ASV_000282,sediment,3,FALSE,7,34,21,-0.3037685950958765,,Bacteroidota,NA
ASV_000285,sediment,3,FALSE,1,34,25,0.2623122565633029,,Planctomycetota,NA
ASV_000286,sediment,3,TRUE,8,34,15,-0.041885165701875435,,Acidobacteriota,NA
ASV_000287,sediment,3,FALSE,5,34,30,-0.14838924139082127,,Pseudomonadota,Acidibacter
ASV_000288,sediment,3,FALSE,2,34,25,-0.14224467640175642,,Pseudomonadota,mle1-7
ASV_000289,sediment,3,FALSE,1,34,19,-0.22598190137203672,,Pseudomonadota,Methylibium
ASV_000291,sediment,3,TRUE,9,34,9,-0.14667710282321395,,Pseudomonadota,NA
ASV_000292,sediment,3,FALSE,5,34,25,0.07504100004143732,,Pseudomonadota,NA
ASV_000293,sediment,3,FALSE,1,34,27,-0.4391162758845295,,Pseudomonadota,NA
ASV_000294,sediment,3,FALSE,8,34,25,-0.13162320275679915,,Actinomycetota,Acidiferrimicrobium
ASV_000295,sediment,3,FALSE,6,34,20,-0.3725764410999069,,Pseudomonadota,Hyphomicrobium
ASV_000298,sediment,3,FALSE,9,34,9,-0.28621030624816396,,Verrucomicrobiota,NA
ASV_000301,sediment,3,FALSE,1,34,16,-0.1354667889726927,,Bacteroidota,Terrimonas
ASV_000302,sediment,3,FALSE,8,34,17,0.12726578810054956,,Pseudomonadota,Massilia
ASV_000303,sediment,3,FALSE,6,34,17,-0.019434822075968437,,Actinomycetota,Gaiella
ASV_000304,sediment,3,FALSE,2,34,26,-0.11841852321303575,,Pseudomonadota,NA
ASV_000305,sediment,3,FALSE,1,34,23,-0.3437925261488815,,Acidobacteriota,NA
ASV_000306,sediment,3,FALSE,8,34,23,-0.045243015491497625,,Planctomycetota,NA
ASV_000307,sediment,3,FALSE,6,34,9,-0.37006746750435054,,Verrucomicrobiota,NA
ASV_000309,sediment,3,TRUE,10,34,9,-0.2869479927377913,,Pseudomonadota,NA
ASV_000310,sediment,3,FALSE,4,34,15,-0.22956562302819,,Pseudomonadota,Cereibacter
ASV_000311,sediment,3,FALSE,9,34,23,-0.2890614612679032,,Planctomycetota,NA
ASV_000312,sediment,3,FALSE,2,34,17,0.03269863161395555,,Methylomirabilota,NA
ASV_000314,sediment,3,FALSE,2,34,17,-0.09227048096472111,,Pseudomonadota,NA
ASV_000315,sediment,3,FALSE,8,34,20,0.12575595441464849,,Acidobacteriota,NA
ASV_000316,sediment,3,FALSE,3,34,26,0.039291324381575655,,Acidobacteriota,NA
ASV_000318,sediment,3,FALSE,3,34,19,0.2133061350421842,,Pseudomonadota,Hyphomicrobium
ASV_000320,sediment,3,FALSE,1,34,27,-0.28989620793708604,,Pseudomonadota,NA
ASV_000321,sediment,3,FALSE,3,34,18,0.02412107222259347,,Pseudomonadota,MND1
ASV_000323,sediment,3,FALSE,3,34,19,-0.1479826912122478,,Actinomycetota,Gaiella
ASV_000324,sediment,3,FALSE,1,34,20,-0.15287978771976876,,Acidobacteriota,NA
ASV_000325,sediment,3,FALSE,5,34,22,-0.3141426030980001,,Pseudomonadota,MND1
ASV_000327,sediment,3,FALSE,4,34,25,0.018416388655477938,,Verrucomicrobiota,Chthoniobacter
ASV_000329,sediment,3,FALSE,9,34,13,-0.3341561266458667,,Pseudomonadota,NA
ASV_000330,sediment,3,FALSE,1,34,24,-0.20589314421886556,,NB1-j,NA
ASV_000331,sediment,3,TRUE,9,34,14,-0.25842760539689147,,Actinomycetota,Acidiferrimicrobium
ASV_000336,sediment,3,TRUE,13,34,6,-0.102395614472258,,Pseudomonadota,NA
ASV_000337,sediment,3,FALSE,9,34,8,-0.15765631348037448,,Acidobacteriota,NA
ASV_000339,sediment,3,FALSE,1,34,23,-0.07678231268180546,,Acidobacteriota,NA
ASV_000340,sediment,3,TRUE,10,34,12,0.00917551255865823,,Myxococcota,NA
ASV_000341,sediment,3,FALSE,7,34,22,-0.06866491435147044,,Pseudomonadota,SWB02
ASV_000342,sediment,3,FALSE,3,34,24,0.24371702675557222,,Pseudomonadota,NA
ASV_000343,sediment,3,TRUE,11,34,9,-0.204218178353671,,Pseudomonadota,Acidibacter
ASV_000344,sediment,3,TRUE,9,34,3,-0.3781610004930565,,Pseudomonadota,NA
ASV_000347,sediment,3,FALSE,3,34,9,0.14416897859892663,,Pseudomonadota,NA
ASV_000348,sediment,3,FALSE,1,34,20,-0.39896585258535505,,Acidobacteriota,NA
ASV_000350,sediment,3,TRUE,11,34,14,-0.031114804586372315,,Pseudomonadota,NA
ASV_000352,sediment,3,FALSE,1,34,14,-0.09057073570031869,,Fibrobacterota,NA
ASV_000353,sediment,3,FALSE,5,34,24,-0.04100491954237958,,Acidobacteriota,NA
ASV_000354,sediment,3,FALSE,10,34,15,-0.049346514366617626,,Pseudomonadota,Aminobacter
ASV_000355,sediment,3,FALSE,7,34,18,-0.20736795046091233,,Pseudomonadota,Afipia
ASV_000356,sediment,3,FALSE,1,34,18,0.321041685362669,,Verrucomicrobiota,Candidatus Udaeobacter
ASV_000358,sediment,3,FALSE,5,34,18,-0.3475023782002797,,Pseudomonadota,P3OB-51
ASV_000359,sediment,3,TRUE,9,34,9,-0.036834405303868806,,Pseudomonadota,NA
ASV_000362,sediment,3,FALSE,3,34,14,-0.08172634277678488,,Pseudomonadota,NA
ASV_000364,sediment,3,FALSE,8,34,23,-0.22675264455543387,,Pseudomonadota,NA
ASV_000366,sediment,3,FALSE,6,34,15,0.12422650893343039,,Actinomycetota,Luedemannella
ASV_000367,sediment,3,FALSE,3,34,24,-0.026670892310347662,,Pseudomonadota,Acidibacter
ASV_000368,sediment,3,FALSE,1,34,22,0.10253391486283922,,Pseudomonadota,NA
ASV_000371,sediment,3,TRUE,12,34,6,-0.22913402377751016,,Pseudomonadota,Rhodoplanes
ASV_000373,sediment,3,TRUE,11,34,12,-0.2647464951800281,,Pseudomonadota,Rhizobium
ASV_000374,sediment,3,TRUE,9,34,6,-0.31716165545881675,,Acidobacteriota,Granulicella
ASV_000375,sediment,3,FALSE,1,34,10,-0.055171198899957224,,Pseudomonadota,NA
ASV_000376,sediment,3,FALSE,1,34,19,-0.3853416285066884,,Acidobacteriota,NA
ASV_000378,sediment,3,FALSE,7,34,15,0.03221103702118984,,Pseudomonadota,NA
ASV_000380,sediment,3,TRUE,10,34,5,-0.36522570337072197,,Pseudomonadota,Roseiarcus
ASV_000382,sediment,3,FALSE,2,34,24,0.21589520275245322,,Acidobacteriota,NA
ASV_000383,sediment,3,TRUE,8,34,7,-0.26271342589957797,,Acidobacteriota,Granulicella
ASV_000386,sediment,3,FALSE,1,34,16,-0.1818331365111538,,Nitrospirota,Nitrospira
ASV_000387,sediment,3,FALSE,6,34,15,-0.20961566940600637,,Acidobacteriota,NA
ASV_000388,sediment,3,FALSE,2,34,23,0.2311256776262481,,Pseudomonadota,mle1-7
ASV_000389,sediment,3,FALSE,1,34,17,0.16923222425186504,,Pseudomonadota,NA
ASV_000394,sediment,3,FALSE,2,34,18,0.07652916849675606,,Pseudomonadota,NA
ASV_000395,sediment,3,FALSE,5,34,19,0.11392738148182524,,Pseudomonadota,NA
ASV_000396,sediment,3,FALSE,5,34,16,0.2646738096681178,,Acidobacteriota,NA
ASV_000397,sediment,3,FALSE,4,34,14,-0.2020136044025528,,Myxococcota,NA
ASV_000399,sediment,3,FALSE,5,34,22,-0.03659076233680898,,Pseudomonadota,IS-44
ASV_000400,sediment,3,FALSE,2,34,12,-0.24673154793214438,,Nitrospirota,Nitrospira
ASV_000401,sediment,3,FALSE,1,34,25,-0.18631299526357173,,Acidobacteriota,NA
ASV_000404,sediment,3,FALSE,8,34,14,-0.05302050779661423,,Pseudomonadota,Hypericibacter
ASV_000405,sediment,3,FALSE,2,34,18,-0.14104513705956526,,Methylomirabilota,NA
ASV_000406,sediment,3,TRUE,3,34,15,-0.2877600937751267,,Pseudomonadota,Acidibacter
ASV_000408,sediment,3,FALSE,5,34,24,0.021388441600165647,,Pseudomonadota,Bradyrhizobium
ASV_000410,sediment,3,FALSE,1,34,16,-0.39893779434039356,,Pseudomonadota,NA
ASV_000411,sediment,3,FALSE,8,34,13,-0.005136268268283401,,Pseudomonadota,Pseudomonas
ASV_000412,sediment,3,FALSE,4,34,23,-0.048819584239765026,,Pseudomonadota,Dongia
ASV_000414,sediment,3,FALSE,3,34,21,-0.02150734802129351,,Pseudomonadota,NA
ASV_000415,sediment,3,FALSE,2,34,27,0.1917511054780113,,Planctomycetota,NA
ASV_000416,sediment,3,FALSE,4,34,19,-0.1231753204231064,,Pseudomonadota,NA
ASV_000417,sediment,3,FALSE,1,34,16,0.18353680824805493,,Chloroflexota,NA
ASV_000419,sediment,3,FALSE,11,34,3,0.03445194334056906,,Pseudomonadota,Bradyrhizobium
ASV_000422,sediment,3,FALSE,4,34,15,-0.20728476500733378,,Pseudomonadota,Caenimonas
ASV_000425,sediment,3,FALSE,2,34,15,-0.08678838295349246,,Nitrospirota,Nitrospira
ASV_000426,sediment,3,FALSE,1,34,20,-0.3944303611787036,,NB1-j,NA
ASV_000427,sediment,3,FALSE,3,34,25,-0.083391270717781,,Bacteroidota,NA
ASV_000429,sediment,3,FALSE,7,34,11,-0.03932705948939221,,Pseudomonadota,Hyphomicrobium
ASV_000431,sediment,3,FALSE,5,34,15,-0.09007586909035796,,Pseudomonadota,NA
ASV_000432,sediment,3,FALSE,1,34,18,0.38484288311078546,,Thermodesulfobacteriota,Pelotalea
ASV_000433,sediment,3,FALSE,3,34,24,0.2199020693961977,,Bacteroidota,Terrimonas
ASV_000435,sediment,3,FALSE,1,34,10,-0.2216371040472227,,Pseudomonadota,MND1
ASV_000437,sediment,3,FALSE,10,34,17,-0.17343289105043344,,Pseudomonadota,NA
ASV_000439,sediment,3,FALSE,10,34,9,-0.02534332083753761,,Pseudomonadota,Variovorax
ASV_000442,sediment,3,TRUE,8,34,9,-0.3721334220815982,,Myxococcota,NA
ASV_000443,sediment,3,TRUE,9,34,11,-0.4062485732568145,,Pseudomonadota,NA
ASV_000446,sediment,3,FALSE,1,34,18,0.06448590296987769,,Pseudomonadota,NA
ASV_000447,sediment,3,FALSE,2,34,18,0.1875744986141745,,Pseudomonadota,NA
ASV_000448,sediment,3,TRUE,10,34,9,-0.29656877484995925,,Pseudomonadota,NA
ASV_000449,sediment,3,FALSE,2,34,23,0.15137802315347884,,Pseudomonadota,Piscinibacter
ASV_000450,sediment,3,FALSE,7,34,17,-0.09576865792053206,,Planctomycetota,NA
ASV_000451,sediment,3,TRUE,9,34,7,-0.22957394411969964,,Acidobacteriota,NA
ASV_000452,sediment,3,FALSE,3,34,15,0.10031408726069561,,Acidobacteriota,NA
ASV_000455,sediment,3,FALSE,1,34,18,0.19431974913789157,,Acidobacteriota,NA
ASV_000456,sediment,3,FALSE,6,34,18,-0.17233297274141302,,Acidobacteriota,Bryobacter
ASV_000458,sediment,3,FALSE,2,34,19,-0.06564180248880985,,Pseudomonadota,Reyranella
ASV_000459,sediment,3,FALSE,2,34,17,-0.22700166621807275,,Thermodesulfobacteriota,NA
ASV_000461,sediment,3,FALSE,3,34,21,0.12447383008998013,,Pseudomonadota,Paucibacter
ASV_000462,sediment,3,FALSE,1,34,20,0.1428193986871419,,Verrucomicrobiota,NA
ASV_000464,sediment,3,FALSE,3,34,25,0.2451137852812049,,Pseudomonadota,Reyranella
ASV_000466,sediment,3,FALSE,2,34,22,-0.11479533261820611,,Gemmatimonadota,NA
ASV_000468,sediment,3,TRUE,10,34,3,-0.2664379142841228,,Pseudomonadota,NA
ASV_000470,sediment,3,FALSE,7,34,14,0.20081347004442884,,Pseudomonadota,NA
ASV_000471,sediment,3,FALSE,5,34,21,0.45162618684201106,,Gemmatimonadota,NA
ASV_000472,sediment,3,TRUE,7,34,10,-0.105190209195222,,Pseudomonadota,NA
ASV_000473,sediment,3,FALSE,1,34,25,-0.2158119580210947,,Bacteroidota,Ferruginibacter
ASV_000474,sediment,3,FALSE,4,34,11,0.22425342091820316,,Actinomycetota,NA
ASV_000477,sediment,3,FALSE,3,34,16,-0.10370776171376687,,Pseudomonadota,NA
ASV_000479,sediment,3,FALSE,6,34,11,-0.17874350367255448,,Planctomycetota,Pir4 lineage
ASV_000482,sediment,3,FALSE,2,34,24,0.07906563687547705,,Pseudomonadota,NA
ASV_000483,sediment,3,FALSE,1,34,25,-0.3576244148011831,,Planctomycetota,NA
ASV_000484,sediment,3,TRUE,9,34,6,-0.22236124841457763,,Actinomycetota,Conexibacter
ASV_000485,sediment,3,TRUE,5,34,4,-0.34371305893750237,,Pseudomonadota,NA
ASV_000486,sediment,3,FALSE,1,34,19,-0.31410607526121914,,Myxococcota,NA
ASV_000487,sediment,3,FALSE,1,34,21,0.48035980466524725,,Actinomycetota,NA
ASV_000489,sediment,3,FALSE,4,34,14,0.3214465505018199,,Chloroflexota,NA
ASV_000490,sediment,3,FALSE,6,34,15,0.018230650716038077,,Pseudomonadota,NA
ASV_000492,sediment,3,TRUE,8,34,11,-0.1403590345832087,,Actinomycetota,Acidiferrimicrobium
ASV_000493,sediment,3,FALSE,3,34,16,0.216813783254732,,Pseudomonadota,NA
ASV_000494,sediment,3,FALSE,8,34,5,-0.15417422573170927,,Actinomycetota,Galbitalea
ASV_000497,sediment,3,FALSE,1,34,20,-0.4236760707242588,,Pseudomonadota,NA
ASV_000499,sediment,3,FALSE,2,34,25,-0.2082481714104201,,Pseudomonadota,Nordella
ASV_000500,sediment,3,FALSE,7,34,16,0.23357688859944303,,Pseudomonadota,MND1
ASV_000509,sediment,3,FALSE,1,34,24,-0.1555997696860978,,Verrucomicrobiota,NA
ASV_000510,sediment,3,FALSE,6,34,15,0.4154835779161175,,Pseudomonadota,NA
ASV_000512,sediment,3,FALSE,4,34,17,-0.08623617167254514,,Myxococcota,NA
ASV_000514,sediment,3,FALSE,1,34,23,-0.18267294300903872,,Pseudomonadota,Hyphomicrobium
ASV_000516,sediment,3,TRUE,7,34,9,-0.12164467834723745,,Pseudomonadota,NA
ASV_000518,sediment,3,FALSE,2,34,14,0.027114191983740578,,Pseudomonadota,NA
ASV_000519,sediment,3,FALSE,5,34,12,0.2696617873043224,,Pseudomonadota,Pseudomonas
ASV_000523,sediment,3,TRUE,8,34,12,-0.03267508388659453,,Actinomycetota,Acidothermus
ASV_000525,sediment,3,FALSE,5,34,11,0.1343404685078978,,Pseudomonadota,NA
ASV_000526,sediment,3,TRUE,7,34,4,-0.027068669879649686,,RCP2-54,NA
ASV_000527,sediment,3,TRUE,8,34,4,0.23039264146809776,,Verrucomicrobiota,Candidatus Udaeobacter
ASV_000529,sediment,3,FALSE,9,34,19,-0.01851945023916859,,Actinomycetota,NA
ASV_000530,sediment,3,FALSE,1,34,16,-0.40591241518920523,,Acidobacteriota,NA
ASV_000531,sediment,3,FALSE,9,34,6,-0.39312512034157965,,Bacillota,Paenibacillus
ASV_000532,sediment,3,FALSE,10,34,14,0.013353704825995035,,Acidobacteriota,NA
ASV_000533,sediment,3,FALSE,5,34,19,-0.04238021861522172,,Actinomycetota,NA
ASV_000534,sediment,3,FALSE,7,34,3,0.06728689509215124,,Actinomycetota,Mycobacterium
ASV_000535,sediment,3,TRUE,7,34,16,-0.15088094989764242,,Gemmatimonadota,NA
ASV_000537,sediment,3,FALSE,6,34,16,-0.11994852920149611,,Pseudomonadota,IS-44
ASV_000539,sediment,3,FALSE,2,34,16,-0.18093063324387335,,Pseudomonadota,NA
ASV_000540,sediment,3,FALSE,1,34,16,-0.2566442034444383,,Pseudomonadota,NA
ASV_000542,sediment,3,TRUE,10,34,9,-0.31100924550848996,,Actinomycetota,NA
ASV_000547,sediment,3,FALSE,4,34,10,0.11672550653967931,,Verrucomicrobiota,NA
ASV_000551,sediment,3,FALSE,4,34,14,0.1165718044751233,,Acidobacteriota,NA
ASV_000553,sediment,3,TRUE,4,34,9,0.18517675099346684,,Verrucomicrobiota,Candidatus Udaeobacter
ASV_000554,sediment,3,FALSE,8,34,16,0.07036755635311688,,Acidobacteriota,NA
ASV_000557,sediment,3,FALSE,1,34,23,-0.4442086211737111,,Pseudomonadota,Hirschia
ASV_000561,sediment,3,FALSE,1,34,16,-0.11041323513783799,,Pseudomonadota,MND1
ASV_000562,sediment,3,FALSE,1,34,21,-0.38759857461746333,,Acidobacteriota,NA
ASV_000566,sediment,3,FALSE,1,34,18,0.07875616441607845,,Pseudomonadota,NA
ASV_000567,sediment,3,FALSE,2,34,14,0.21202055536743813,,MBNT15,NA
ASV_000568,sediment,3,TRUE,11,34,6,0.03433818691950578,,Pseudomonadota,NA
ASV_000569,sediment,3,FALSE,5,34,9,0.22229786224732112,,Pseudomonadota,Hyphomicrobium
ASV_000574,sediment,3,FALSE,2,34,20,-0.16429610524375776,,Methylomirabilota,NA
ASV_000575,sediment,3,TRUE,4,34,5,0.11932191198221953,,Acidobacteriota,NA
ASV_000576,sediment,3,FALSE,2,34,22,0.09526890293434467,,Pseudomonadota,Hyphomicrobium
ASV_000577,sediment,3,FALSE,3,34,11,-0.39029321125768784,,Acidobacteriota,NA
ASV_000579,sediment,3,FALSE,4,34,17,0.02312148000196864,,Pseudomonadota,MND1
ASV_000581,sediment,3,FALSE,2,34,19,0.11518312743092572,,Actinomycetota,NA
ASV_000582,sediment,3,TRUE,9,34,3,-0.1049054449155962,,Actinomycetota,NA
ASV_000583,sediment,3,FALSE,5,34,6,-0.029386436756903687,,Actinomycetota,NA
ASV_000584,sediment,3,FALSE,6,34,8,0.21827071387215052,,Actinomycetota,Acidiferrimicrobium
ASV_000585,sediment,3,FALSE,3,34,14,-0.14481505030319203,,Actinomycetota,Acidiferrimicrobium
ASV_000586,sediment,3,FALSE,2,34,23,-0.1353426686197113,,Actinomycetota,NA
ASV_000588,sediment,3,FALSE,8,34,12,0.07164994065481899,,Verrucomicrobiota,Candidatus Udaeobacter
ASV_000589,sediment,3,FALSE,1,34,23,-0.4353129299826111,,Acidobacteriota,NA
ASV_000590,sediment,3,FALSE,4,34,11,-0.12361378136213304,,Pseudomonadota,NA
ASV_000591,sediment,3,FALSE,6,34,12,0.163479106160821,,Pseudomonadota,Pedomicrobium
ASV_000592,sediment,3,FALSE,6,34,11,-0.07515754914791882,,Pseudomonadota,MND1
ASV_000593,sediment,3,FALSE,3,34,11,-0.05868943602878344,,Acidobacteriota,NA
ASV_000599,sediment,3,FALSE,7,34,19,-0.05735439882530324,,Planctomycetota,NA
ASV_000603,sediment,3,FALSE,2,34,15,0.03627159215154473,,Acidobacteriota,NA
ASV_000604,sediment,3,FALSE,2,34,17,-0.04328972458134385,,Actinomycetota,Conexibacter
ASV_000605,sediment,3,FALSE,1,34,18,-0.05657258003833591,,Acidobacteriota,NA
ASV_000607,sediment,3,TRUE,7,34,4,-0.0295281013336612,,Acidobacteriota,NA
ASV_000609,sediment,3,FALSE,1,34,19,-0.32281459859022915,,Acidobacteriota,NA
ASV_000612,sediment,3,FALSE,2,34,23,-0.3557606052410756,,Pseudomonadota,Methylotenera
ASV_000614,sediment,3,FALSE,5,34,17,-0.15420123871603122,,Verrucomicrobiota,NA
ASV_000615,sediment,3,FALSE,8,34,9,-0.15789260783605086,,Pseudomonadota,Piscinibacter
ASV_000620,sediment,3,TRUE,9,34,6,-0.11372834036771573,,Acidobacteriota,Bryobacter
ASV_000622,sediment,3,FALSE,3,34,9,0.17025625937980074,,Actinomycetota,Acidiferrimicrobium
ASV_000623,sediment,3,FALSE,2,34,23,-0.10642571396410104,,Verrucomicrobiota,Candidatus Udaeobacter
ASV_000625,sediment,3,FALSE,3,34,18,-0.05435762535189047,,Bacteroidota,Chryseotalea
ASV_000626,sediment,3,FALSE,2,34,16,0.19981045066893488,,Bacteroidota,Chryseotalea
ASV_000628,sediment,3,FALSE,2,34,21,0.11344457543236909,,Planctomycetota,Pirellula
ASV_000629,sediment,3,TRUE,7,34,9,-0.09970898772722021,,Pseudomonadota,NA
ASV_000630,sediment,3,FALSE,2,34,18,-0.07240525891134221,,Pseudomonadota,mle1-7
ASV_000631,sediment,3,FALSE,1,34,19,-0.3938154450417207,,Myxococcota,NA
ASV_000633,sediment,3,FALSE,1,34,20,-0.26480672854019205,,Planctomycetota,NA
ASV_000639,sediment,3,FALSE,1,34,12,-0.014217855337666674,,Pseudomonadota,NA
ASV_000640,sediment,3,FALSE,1,34,17,-0.060010502290912454,,Pseudomonadota,NA
ASV_000642,sediment,3,FALSE,4,34,10,-0.015345253761893937,,Acidobacteriota,NA
ASV_000643,sediment,3,FALSE,1,34,20,0.22303185572098252,,Bacteroidota,Chryseotalea
ASV_000645,sediment,3,FALSE,1,34,15,-0.3270659143690045,,Gemmatimonadota,NA
ASV_000646,sediment,3,FALSE,4,34,9,-0.13856064037030869,,Pseudomonadota,Variibacter
ASV_000648,sediment,3,TRUE,7,34,5,-0.05519977053661086,,Acidobacteriota,NA
ASV_000652,sediment,3,TRUE,8,34,11,0.013504792673515953,,Acidobacteriota,Bryobacter
ASV_000653,sediment,3,FALSE,4,34,10,-0.2677742586043765,,Pseudomonadota,Acidibacter
ASV_000655,sediment,3,FALSE,2,34,22,-0.011853785511431035,,Thermodesulfobacteriota,NA
ASV_000658,sediment,3,TRUE,4,34,3,-0.063461910962894455,,Pseudomonadota,Burkholderia-Caballeronia-Paraburkholderia
ASV_000660,sediment,3,TRUE,7,34,9,-0.06218219379738464,,Acidobacteriota,NA
ASV_000666,sediment,3,FALSE,9,34,11,-0.07726420184478647,,Verrucomicrobiota,Chthoniobacter
ASV_000667,sediment,3,FALSE,4,34,19,0.25039751039607755,,Pseudomonadota,NA
ASV_000668,sediment,3,TRUE,5,34,11,0.017632034821947386,,Gemmatimonadota,NA
ASV_000669,sediment,3,FALSE,1,34,22,0.09358058461687796,,Acidobacteriota,NA
ASV_000671,sediment,3,FALSE,2,34,19,-0.22674816023383887,,Bacteroidota,NA
ASV_000677,sediment,3,FALSE,1,34,10,-0.12072118289592464,,Bacteroidota,NA
ASV_000683,sediment,3,FALSE,2,34,20,0.18309773145103575,,Pseudomonadota,NA
ASV_000686,sediment,3,TRUE,9,34,8,-0.2886096291707286,,Pseudomonadota,NA
ASV_000688,sediment,3,TRUE,7,34,5,-0.25422944696011446,,Pseudomonadota,Acidibacter
ASV_000689,sediment,3,FALSE,7,34,12,-0.32012237902622726,,Pseudomonadota,Bradyrhizobium
ASV_000690,sediment,3,FALSE,3,34,14,0.10725380783490225,,Acidobacteriota,NA
ASV_000691,sediment,3,TRUE,5,34,10,0.28348017700903455,,Acidobacteriota,NA
ASV_000692,sediment,3,TRUE,7,34,4,-0.07194532754111808,,Pseudomonadota,Reyranella
ASV_000693,sediment,3,FALSE,2,34,17,0.02102314893278481,,Bacteroidota,Chryseotalea
ASV_000694,sediment,3,FALSE,2,34,17,0.10168423274528599,,Pseudomonadota,NA
ASV_000698,sediment,3,FALSE,5,34,15,-0.09145533531135008,,Pseudomonadota,Reyranella
ASV_000699,sediment,3,FALSE,3,34,8,0.2386921454333284,,Acidobacteriota,NA
ASV_000702,sediment,3,FALSE,2,34,20,0.6133859241103603,,Actinomycetota,Gaiella
ASV_000704,sediment,3,FALSE,1,34,4,-0.027326359877632503,,Acidobacteriota,NA
ASV_000707,sediment,3,FALSE,10,34,9,-0.12078969223832206,,Pseudomonadota,NA
ASV_000708,sediment,3,TRUE,7,34,4,-0.2110320178275518,,Actinomycetota,Nocardioides
ASV_000710,sediment,3,FALSE,3,34,14,0.22121817894703993,,Actinomycetota,NA
ASV_000714,sediment,3,FALSE,6,34,10,-0.09268077006259513,,Myxococcota,Phaselicystis
ASV_000715,sediment,3,FALSE,3,34,13,0.1300034742520653,,Myxococcota,NA
ASV_000716,sediment,3,FALSE,3,34,17,-0.37799616440576406,,Verrucomicrobiota,Oleiharenicola
ASV_000718,sediment,3,FALSE,1,34,15,0.2837004741585704,,Bacteroidota,Flavobacterium
ASV_000720,sediment,3,FALSE,3,34,12,0.1026330010950715,,Acidobacteriota,NA
ASV_000721,sediment,3,TRUE,6,34,7,0.010994495643540363,,Thermodesulfobacteriota,NA
ASV_000724,sediment,3,FALSE,3,34,19,0.13613918292048915,,Pseudomonadota,NA
ASV_000725,sediment,3,FALSE,4,34,18,-0.3907750259802769,,Planctomycetota,NA
ASV_000726,sediment,3,FALSE,4,34,18,0.1499151566585394,,Verrucomicrobiota,NA
ASV_000728,sediment,3,TRUE,5,34,15,0.11109415727061754,,Acidobacteriota,NA
ASV_000730,sediment,3,FALSE,3,34,15,0.2871428865325717,,Acidobacteriota,NA
ASV_000731,sediment,3,FALSE,6,34,8,-0.3788537368307373,,Myxococcota,NA
ASV_000734,sediment,3,FALSE,1,34,20,-0.23883754426679643,,Planctomycetota,NA
ASV_000735,sediment,3,FALSE,3,34,24,-0.2503053902497557,,Planctomycetota,NA
ASV_000736,sediment,3,FALSE,5,34,11,-0.2645835311148472,,Pseudomonadota,NA
ASV_000738,sediment,3,FALSE,1,34,14,-0.4152463043874003,,Pseudomonadota,MND1
ASV_000741,sediment,3,TRUE,9,34,5,-0.1417444029503776,,Pseudomonadota,Xylophilus
ASV_000743,sediment,3,FALSE,1,34,19,-0.4313746986344305,,Pseudomonadota,NA
ASV_000744,sediment,3,TRUE,6,34,6,0.03433561915778691,,Pseudomonadota,NA
ASV_000745,sediment,3,FALSE,3,34,11,0.020234089509701143,,Acidobacteriota,NA
ASV_000746,sediment,3,FALSE,6,34,11,0.18701801458972198,,Actinomycetota,Nakamurella
ASV_000749,sediment,3,FALSE,2,34,16,-0.035767056421153236,,Pseudomonadota,Acidibacter
ASV_000755,sediment,3,FALSE,1,34,19,-0.3288219065430861,,Acidobacteriota,NA
ASV_000757,sediment,3,FALSE,2,34,19,-0.22367118460657187,,Pseudomonadota,NA
ASV_000758,sediment,3,FALSE,1,34,8,-0.03793585044602813,,Myxococcota,NA
ASV_000759,sediment,3,TRUE,4,34,3,0.09407389505252313,,Pseudomonadota,NA
ASV_000761,sediment,3,FALSE,1,34,16,-0.17105770905155443,,Acidobacteriota,NA
ASV_000764,sediment,3,FALSE,2,34,12,-0.0583475411771903,,Acidobacteriota,NA
ASV_000766,sediment,3,TRUE,8,34,6,0.019345976293814456,,Pseudomonadota,Pedomicrobium
ASV_000767,sediment,3,FALSE,1,34,16,0.044450396357602465,,Actinomycetota,Gaiella
ASV_000768,sediment,3,TRUE,8,34,6,0.11918691170531795,,Pseudomonadota,Burkholderia-Caballeronia-Paraburkholderia
ASV_000769,sediment,3,FALSE,2,34,18,0.14883286642140747,,Thermodesulfobacteriota,NA
ASV_000772,sediment,3,FALSE,1,34,18,-0.3569986073532577,,Actinomycetota,NA
ASV_000774,sediment,3,FALSE,2,34,10,0.19966875905064438,,Methylomirabilota,NA
ASV_000776,sediment,3,TRUE,9,34,5,-0.1794841652285943,,Verrucomicrobiota,ADurb.Bin063-1
ASV_000777,sediment,3,FALSE,5,34,12,-0.19731700770051191,,Gemmatimonadota,Gemmatimonas
ASV_000780,sediment,3,FALSE,1,34,20,0.17518876542577722,,Verrucomicrobiota,Candidatus Udaeobacter
ASV_000781,sediment,3,FALSE,1,34,20,-0.20692055456936578,,Verrucomicrobiota,Oleiharenicola
ASV_000783,sediment,3,FALSE,1,34,10,0.13997662695020813,,Planctomycetota,NA
ASV_000784,sediment,3,FALSE,1,34,20,-0.3365447637039179,,Planctomycetota,NA
ASV_000785,sediment,3,FALSE,2,34,20,0.05226858254986599,,Myxococcota,NA
ASV_000786,sediment,3,FALSE,3,34,9,0.1390304766625374,,Bacteroidota,Puia
ASV_000787,sediment,3,FALSE,1,34,7,-0.35338116420304166,,Pseudomonadota,MND1
ASV_000788,sediment,3,FALSE,1,34,17,-0.2731388484864085,,Pseudomonadota,NA
ASV_000791,sediment,3,TRUE,11,34,5,-0.43210287191430624,,Pseudomonadota,NA
ASV_000792,sediment,3,TRUE,2,34,11,-0.11919431150212298,,Chloroflexota,NA
ASV_000793,sediment,3,FALSE,3,34,12,-0.022391515527142972,,Actinomycetota,Acidiferrimicrobium
ASV_000794,sediment,3,TRUE,7,34,4,-0.18865585525572606,,Acidobacteriota,NA
ASV_000797,sediment,3,TRUE,8,34,4,-0.2075112008963123,,Acidobacteriota,NA
ASV_000798,sediment,3,FALSE,3,34,14,-0.13216168319405283,,Latescibacterota,NA
ASV_000802,sediment,3,FALSE,1,34,17,-0.1594092804707525,,Pseudomonadota,NA
ASV_000808,sediment,3,FALSE,2,34,10,-0.05750035404726349,,Pseudomonadota,GOUTA6
ASV_000809,sediment,3,TRUE,11,34,4,-0.23986551797191963,,Bacteroidota,NA
ASV_000810,sediment,3,FALSE,2,34,15,0.5107134915612924,,Pseudomonadota,Ellin6067
ASV_000812,sediment,3,TRUE,6,34,8,0.3111176462253683,,Verrucomicrobiota,Candidatus Udaeobacter
ASV_000813,sediment,3,FALSE,5,34,12,-0.03012308579447747,,Acidobacteriota,NA
ASV_000815,sediment,3,FALSE,1,34,15,-0.3243700384660391,,Gemmatimonadota,NA
ASV_000816,sediment,3,FALSE,1,34,14,-0.2713205333020381,,Pseudomonadota,Nordella
ASV_000817,sediment,3,FALSE,3,34,13,-0.05723635024228219,,Pseudomonadota,NA
ASV_000821,sediment,3,FALSE,2,34,16,-0.049822170809385585,,Actinomycetota,Gaiella
ASV_000822,sediment,3,FALSE,1,34,10,0.2649964937214246,,Pseudomonadota,NA
ASV_000827,sediment,3,FALSE,2,34,16,0.08772347179473615,,Bacteroidota,Terrimonas
ASV_000828,sediment,3,FALSE,1,34,10,0.5104457137820517,,Bacteroidota,Panacibacter
ASV_000830,sediment,3,FALSE,1,34,15,-0.20427751900843974,,Verrucomicrobiota,NA
ASV_000831,sediment,3,FALSE,1,34,18,-0.14851056767155443,,Myxococcota,NA
ASV_000832,sediment,3,FALSE,5,34,5,0.047724202713700176,,Bacteroidota,OLB12
ASV_000833,sediment,3,FALSE,6,34,15,-0.5316978833682046,,Myxococcota,NA
ASV_000835,sediment,3,TRUE,3,34,5,-0.03244338119739179,,Nitrospirota,Nitrospira
ASV_000836,sediment,3,FALSE,4,34,9,0.15826252895051363,,Entotheonellaeota,NA
ASV_000838,sediment,3,FALSE,2,34,11,0.10278140178776507,,Acidobacteriota,NA
ASV_000844,sediment,3,FALSE,2,34,11,-0.05591184441459987,,Pseudomonadota,NA
ASV_000846,sediment,3,FALSE,1,34,16,0.0494660996594222,,Acidobacteriota,NA
ASV_000847,sediment,3,TRUE,5,34,9,0.04533618184140422,,Myxococcota,Phaselicystis
ASV_000848,sediment,3,TRUE,5,34,10,-0.18783578724730557,,Acidobacteriota,NA
ASV_000850,sediment,3,FALSE,1,34,13,-0.2886844135445334,,Pseudomonadota,MND1
ASV_000855,sediment,3,FALSE,2,34,19,0.28317167166504176,,Actinomycetota,Gaiella
ASV_000856,sediment,3,FALSE,3,34,11,0.07874081623442584,,Bacillota,Alicyclobacillus
ASV_000857,sediment,3,FALSE,1,34,10,-0.2047327540555462,,Thermodesulfobacteriota,NA
ASV_000859,sediment,3,FALSE,3,34,13,0.09507261145707112,,Acidobacteriota,NA
ASV_000860,sediment,3,FALSE,1,34,16,0.06474483256723162,,Myxococcota,P3OB-42
ASV_000861,sediment,3,TRUE,8,34,6,-0.21820332053142477,,Acidobacteriota,NA
ASV_000864,sediment,3,FALSE,6,34,7,-0.28656876265920483,,Myxococcota,NA
ASV_000866,sediment,3,TRUE,3,34,15,0.02586365469026614,,Verrucomicrobiota,Candidatus Udaeobacter
ASV_000868,sediment,3,FALSE,5,34,16,-0.10986527525354915,,RCP2-54,NA
ASV_000872,sediment,3,FALSE,6,34,7,0.06560505353691387,,Actinomycetota,NA
ASV_000873,sediment,3,FALSE,2,34,14,-0.08239089019187182,,Pseudomonadota,NA
ASV_000874,sediment,3,FALSE,1,34,18,-0.3026023045265812,,NB1-j,NA
ASV_000879,sediment,3,FALSE,6,34,11,-0.1391204061476951,,Actinomycetota,Nakamurella
ASV_000880,sediment,3,TRUE,2,34,6,0.14138861520119939,,Methylomirabilota,NA
ASV_000881,sediment,3,TRUE,8,34,4,-0.12769147983644996,,Pseudomonadota,NA
ASV_000884,sediment,3,FALSE,5,34,6,-0.3300734711165592,,Verrucomicrobiota,NA
ASV_000889,sediment,3,FALSE,8,34,6,-0.4168344833915103,,Pseudomonadota,NA
ASV_000890,sediment,3,FALSE,2,34,19,0.20727723055299768,,Gemmatimonadota,Gemmatimonas
ASV_000893,sediment,3,FALSE,2,34,12,0.05132062384867628,,Pseudomonadota,mle1-7
ASV_000895,sediment,3,TRUE,12,34,7,-0.2562804710764871,,Acidobacteriota,Candidatus Solibacter
ASV_000896,sediment,3,FALSE,6,34,11,-0.025733758017702692,,Gemmatimonadota,NA
ASV_000898,sediment,3,TRUE,8,34,6,0.07876849180308283,,Verrucomicrobiota,Candidatus Xiphinematobacter
ASV_000899,sediment,3,FALSE,1,34,15,-0.13047111264865546,,Pseudomonadota,Georgfuchsia
ASV_000902,sediment,3,FALSE,4,34,10,0.054894876859558725,,Chloroflexota,NA
ASV_000903,sediment,3,TRUE,8,34,14,-0.10280184889139883,,Gemmatimonadota,NA
ASV_000906,sediment,3,FALSE,2,34,3,0.053989155965691704,,Pseudomonadota,GOUTA6
ASV_000907,sediment,3,FALSE,1,34,8,-0.14932648818685199,,Gemmatimonadota,NA
ASV_000909,sediment,3,FALSE,1,34,12,-0.2670432838659053,,Pseudomonadota,Pseudorhodoferax
ASV_000911,sediment,3,FALSE,1,34,11,-0.09533321476841028,,Thermodesulfobacteriota,NA
ASV_000914,sediment,3,FALSE,2,34,22,-0.07038969495877807,,Latescibacterota,NA
ASV_000915,sediment,3,TRUE,5,34,8,-0.16052593987485786,,Bacteroidota,Puia
ASV_000917,sediment,3,TRUE,7,34,5,0.18553062833331227,,Chloroflexota,NA
ASV_000918,sediment,3,FALSE,1,34,17,-0.34231130630399925,,Acidobacteriota,NA
ASV_000921,sediment,3,FALSE,4,34,16,0.006196375683301354,,Pseudomonadota,Rhizobacter
ASV_000922,sediment,3,FALSE,1,34,13,0.047139476618767676,,Pseudomonadota,Pseudorhodoplanes
ASV_000923,sediment,3,FALSE,2,34,6,0.07595006538828757,,Myxococcota,NA
ASV_000924,sediment,3,FALSE,1,34,11,-0.42194679087142384,,Pseudomonadota,NA
ASV_000925,sediment,3,FALSE,4,34,16,-0.08456861146832237,,Pseudomonadota,NA
ASV_000927,sediment,3,FALSE,2,34,15,0.05175271755060971,,Actinomycetota,NA
ASV_000928,sediment,3,TRUE,9,34,3,0.13496110877126663,,Actinomycetota,NA
ASV_000929,sediment,3,FALSE,1,34,17,-0.15268284337295343,,Actinomycetota,NA
ASV_000930,sediment,3,TRUE,7,34,9,-0.13789016725252087,,Planctomycetota,NA
ASV_000931,sediment,3,FALSE,5,34,15,0.1357377243796356,,Pseudomonadota,Phenylobacterium
ASV_000933,sediment,3,FALSE,2,34,8,-0.09834874911499002,,Pseudomonadota,Pedomicrobium
ASV_000940,sediment,3,FALSE,2,34,17,0.3618744386885293,,Actinomycetota,NA
ASV_000949,sediment,3,FALSE,2,34,16,-0.04104461688447747,,Pseudomonadota,NA
ASV_000950,sediment,3,FALSE,3,34,12,0.04645974635436249,,Gemmatimonadota,NA
ASV_000951,sediment,3,FALSE,1,34,12,0.07359024932541604,,Pseudomonadota,Paucibacter
ASV_000955,sediment,3,FALSE,1,34,8,0.2676312109933226,,Acidobacteriota,NA
ASV_000956,sediment,3,TRUE,2,34,8,-0.1393251701531955,,Acidobacteriota,NA
ASV_000958,sediment,3,FALSE,2,34,12,0.018117915659168413,,Actinomycetota,CL500-29 marine group
ASV_000961,sediment,3,TRUE,9,34,6,-0.2936128356552869,,Pseudomonadota,Phenylobacterium
ASV_000963,sediment,3,TRUE,8,34,4,0.17715581445641865,,Pseudomonadota,NA
ASV_000965,sediment,3,TRUE,7,34,8,-0.09014218276946753,,Acidobacteriota,NA
ASV_000967,sediment,3,TRUE,6,34,5,-0.30561867876520366,,Planctomycetota,Pir4 lineage
ASV_000969,sediment,3,FALSE,2,34,9,0.40806733687860935,,Pseudomonadota,NA
ASV_000973,sediment,3,TRUE,3,34,5,-0.08547569816293366,,Verrucomicrobiota,Candidatus Udaeobacter
ASV_000974,sediment,3,FALSE,2,34,18,0.09094399804046001,,Verrucomicrobiota,Candidatus Udaeobacter
ASV_000975,sediment,3,FALSE,4,34,5,-0.0467760547313119,,Acidobacteriota,NA
ASV_000977,sediment,3,FALSE,2,34,19,-0.014946607608954358,,Planctomycetota,NA
ASV_000978,sediment,3,FALSE,1,34,14,0.16988077069101276,,Pseudomonadota,Hirschia
ASV_000979,sediment,3,FALSE,1,34,13,-0.23224360788470025,,Gemmatimonadota,NA
ASV_000981,sediment,3,FALSE,1,34,19,-0.21834374208132293,,Actinomycetota,Aquihabitans
ASV_000983,sediment,3,FALSE,6,34,9,-0.2059918823036196,,Pseudomonadota,NA
ASV_000985,sediment,3,FALSE,2,34,10,-0.07879148560207404,,Acidobacteriota,NA
ASV_000986,sediment,3,FALSE,6,34,5,-0.054725696684713325,,Pseudomonadota,Hyphomicrobium
ASV_000988,sediment,3,FALSE,1,34,13,-0.3303794375789698,,Pseudomonadota,Hyphomicrobium
ASV_000989,sediment,3,FALSE,1,34,12,-0.22823799312197388,,Myxococcota,NA
ASV_000993,sediment,3,TRUE,6,34,10,0.06917631497724716,,Actinomycetota,Solirubrobacter
ASV_000994,sediment,3,FALSE,1,34,12,-0.0674588562329758,,Pseudomonadota,NA
ASV_000997,sediment,3,FALSE,2,34,9,-0.125341716320495,,Acidobacteriota,NA
ASV_000998,sediment,3,FALSE,3,34,12,0.0755731015016782,,Methylomirabilota,NA
ASV_000999,sediment,3,FALSE,3,34,10,0.17808534173196255,,Thermodesulfobacteriota,NA
ASV_001006,sediment,3,FALSE,1,34,13,0.17276726017198524,,Pseudomonadota,NA
ASV_001010,sediment,3,FALSE,2,34,13,-0.051555124525417266,,Acidobacteriota,NA
ASV_001015,sediment,3,FALSE,3,34,7,-0.26863874132977156,,Pseudomonadota,Reyranella
ASV_001016,sediment,3,FALSE,1,34,15,0.04185841456688962,,Pseudomonadota,Amaricoccus
ASV_001017,sediment,3,TRUE,5,34,5,0.1992399508539685,,Verrucomicrobiota,Candidatus Udaeobacter
ASV_001021,sediment,3,FALSE,2,34,10,-0.25860723513204975,,Planctomycetota,Pirellula
ASV_001024,sediment,3,TRUE,7,34,8,0.06722617528935072,,Pseudomonadota,mle1-7
ASV_001026,sediment,3,FALSE,2,34,16,0.20941771410258384,,Verrucomicrobiota,Opitutus
ASV_001029,sediment,3,FALSE,5,34,13,-0.045977134646620406,,Acidobacteriota,Candidatus Solibacter
ASV_001030,sediment,3,FALSE,2,34,10,0.11977478651250782,,Actinomycetota,NA
ASV_001032,sediment,3,FALSE,1,34,9,0.06831022453490856,,Pseudomonadota,NA
ASV_001033,sediment,3,TRUE,6,34,9,-0.06673286471479022,,Pseudomonadota,Rhodomicrobium
ASV_001034,sediment,3,FALSE,2,34,20,-0.15125215657819047,,Pseudomonadota,NA
ASV_001036,sediment,3,FALSE,2,34,17,-0.10549918348634837,,Pseudomonadota,Ellin6067
ASV_001037,sediment,3,FALSE,2,34,9,0.3229246303239054,,Verrucomicrobiota,Opitutus
ASV_001040,sediment,3,FALSE,2,34,12,-0.11903509611637486,,Pseudomonadota,NA
ASV_001041,sediment,3,TRUE,8,34,5,0.006995337891477319,,Pseudomonadota,Afipia
ASV_001046,sediment,3,FALSE,4,34,8,-0.12184825433338481,,Planctomycetota,Pir4 lineage
ASV_001047,sediment,3,FALSE,2,34,10,-0.053192347820796376,,Verrucomicrobiota,Candidatus Udaeobacter
ASV_001048,sediment,3,FALSE,1,34,18,0.19088855193864204,,Verrucomicrobiota,Chthoniobacter
ASV_001050,sediment,3,FALSE,3,34,9,0.23718311799395603,,Chloroflexota,NA
ASV_001052,sediment,3,FALSE,4,34,8,-0.08505479706716285,,Methylomirabilota,NA
ASV_001053,sediment,3,FALSE,5,34,10,0.4357922526576346,,Pseudomonadota,MND1
ASV_001055,sediment,3,FALSE,2,34,16,0.16647730756734636,,Actinomycetota,Acidiferrimicrobium
ASV_001057,sediment,3,FALSE,7,34,8,-0.07550751058573374,,Myxococcota,NA
ASV_001059,sediment,3,FALSE,3,34,9,0.06466681983635734,,Chloroflexota,NA
ASV_001062,sediment,3,FALSE,5,34,14,-0.26518493865510406,,Pseudomonadota,Ellin6067
ASV_001063,sediment,3,FALSE,1,34,8,-0.31952863236814244,,Pseudomonadota,mle1-7
ASV_001064,sediment,3,FALSE,2,34,15,7.833313374729057e-4,,Planctomycetota,NA
ASV_001065,sediment,3,FALSE,1,34,14,-0.3197952142742945,,Pseudomonadota,NA
ASV_001068,sediment,3,FALSE,1,34,12,-0.44521894472336443,,Pseudomonadota,NA
ASV_001071,sediment,3,FALSE,3,34,18,0.2018665815132066,,Pseudomonadota,Arsenicitalea
ASV_001072,sediment,3,TRUE,6,34,5,0.1645471545302481,,Acidobacteriota,NA
ASV_001076,sediment,3,FALSE,4,34,8,-0.037176645711804894,,Pseudomonadota,Bauldia
ASV_001083,sediment,3,FALSE,2,34,15,-0.1697001131535118,,Pseudomonadota,NA
ASV_001084,sediment,3,TRUE,7,34,5,-0.07987391295274558,,Pseudomonadota,NA
ASV_001085,sediment,3,TRUE,5,34,6,-0.1065704939502468,,Verrucomicrobiota,Chthoniobacter
ASV_001089,sediment,3,TRUE,5,34,4,-0.12052271870354271,,Actinomycetota,NA
ASV_001091,sediment,3,FALSE,1,34,11,-0.12614620197902693,,Actinomycetota,NA
ASV_001092,sediment,3,FALSE,1,34,10,-0.20862170764269117,,Pseudomonadota,NA
ASV_001093,sediment,3,FALSE,1,34,13,-0.37581037645338233,,Myxococcota,NA
ASV_001097,sediment,3,FALSE,3,34,12,-0.062383775149295606,,Pseudomonadota,NA
ASV_001103,sediment,3,FALSE,1,34,12,-0.10784650287816636,,Planctomycetota,NA
ASV_001104,sediment,3,FALSE,3,34,6,-0.24494059540541926,,Actinomycetota,Acidiferrimicrobium
ASV_001105,sediment,3,FALSE,2,34,16,-0.30195115218856294,,Myxococcota,NA
ASV_001111,sediment,3,FALSE,2,34,14,-0.024656419152703456,,Verrucomicrobiota,Candidatus Udaeobacter
ASV_001119,sediment,3,TRUE,8,34,5,0.31422019736373985,,Acidobacteriota,NA
ASV_001122,sediment,3,FALSE,2,34,5,-0.07793318753837288,,Bacteroidota,NA
ASV_001124,sediment,3,TRUE,6,34,9,0.1371685004298006,,Pseudomonadota,Labrys
ASV_001127,sediment,3,FALSE,1,34,12,-0.14979212201750883,,Acidobacteriota,NA
ASV_001130,sediment,3,FALSE,3,34,7,-0.2737061066083063,,Pseudomonadota,Reyranella
ASV_001132,sediment,3,FALSE,2,34,5,-0.10776615416770235,,Myxococcota,NA
ASV_001139,sediment,3,FALSE,1,34,11,-0.42736049300258677,,Pseudomonadota,GOUTA6
ASV_001140,sediment,3,TRUE,6,34,3,0.008437906458501282,,Myxococcota,NA
ASV_001145,sediment,3,FALSE,1,34,11,0.10684515482491849,,Latescibacterota,NA
ASV_001146,sediment,3,FALSE,1,34,4,-0.07774087782717985,,Actinomycetota,Acidiferrimicrobium
ASV_001147,sediment,3,TRUE,9,34,5,-0.05958212406288519,,Pseudomonadota,Piscinibacter
ASV_001151,sediment,3,FALSE,3,34,15,-0.26935273378438324,,Pseudomonadota,Ellin6067
ASV_001152,sediment,3,TRUE,9,34,6,-0.15084736725039732,,Verrucomicrobiota,Chthoniobacter
ASV_001153,sediment,3,FALSE,4,34,10,-0.2776839308008322,,Acidobacteriota,NA
ASV_001157,sediment,3,FALSE,1,34,7,0.03392922235455068,,Acidobacteriota,NA
ASV_001161,sediment,3,FALSE,1,34,13,-0.1941236283895482,,Thermodesulfobacteriota,NA
ASV_001163,sediment,3,TRUE,6,34,5,-0.03332358332944896,,Pseudomonadota,SWB02
ASV_001164,sediment,3,FALSE,1,34,11,0.1301277012027721,,Pseudomonadota,NA
ASV_001169,sediment,3,FALSE,4,34,5,-0.30645812594959454,,Actinomycetota,NA
ASV_001170,sediment,3,FALSE,1,34,10,0.1863329841895714,,Methylomirabilota,NA
ASV_001173,sediment,3,FALSE,1,34,6,0.0197729996442746,,Chloroflexota,NA
ASV_001174,sediment,3,FALSE,2,34,12,-0.16094953480302526,,Myxococcota,NA
ASV_001176,sediment,3,TRUE,6,34,5,0.22252867503042245,,Pseudomonadota,Ramlibacter
ASV_001180,sediment,3,FALSE,1,34,14,-0.4290103438705272,,Verrucomicrobiota,NA
ASV_001182,sediment,3,FALSE,1,34,15,0.14386472047621335,,Chloroflexota,NA
ASV_001184,sediment,3,TRUE,9,34,5,-0.20597146021777488,,Pseudomonadota,NA
ASV_001185,sediment,3,FALSE,5,34,3,-0.13974270809126543,,Actinomycetota,NA
ASV_001189,sediment,3,TRUE,5,34,7,-0.09714206033120494,,Chloroflexota,NA
ASV_001190,sediment,3,FALSE,2,34,6,-0.004972394189464392,,Acidobacteriota,NA
ASV_001191,sediment,3,FALSE,1,34,20,-0.2762448966357995,,Planctomycetota,Pir4 lineage
ASV_001195,sediment,3,FALSE,2,34,7,-0.08096433187925604,,Pseudomonadota,NA
ASV_001201,sediment,3,TRUE,6,34,8,0.0036167118821197226,,RCP2-54,NA
ASV_001205,sediment,3,FALSE,4,34,7,-0.52269866393397,,Pseudomonadota,NA
ASV_001206,sediment,3,FALSE,2,34,10,0.1382809320328256,,Latescibacterota,NA
ASV_001209,sediment,3,FALSE,4,34,15,-0.07350212769936537,,Planctomycetota,NA
ASV_001210,sediment,3,TRUE,10,34,4,-0.28585353401385993,,Actinomycetota,NA
ASV_001213,sediment,3,FALSE,1,34,13,0.11104590128494424,,Pseudomonadota,Reyranella
ASV_001227,sediment,3,FALSE,8,34,9,-0.12915866491816125,,Acidobacteriota,Candidatus Solibacter
ASV_001231,sediment,3,FALSE,2,34,13,-0.15177451866097824,,Verrucomicrobiota,Chthoniobacter
ASV_001235,sediment,3,FALSE,1,34,15,0.25535540831731846,,Verrucomicrobiota,Chthoniobacter
ASV_001236,sediment,3,FALSE,1,34,12,-0.12422198945971426,,Methylomirabilota,NA
ASV_001237,sediment,3,FALSE,1,34,11,-0.12675631839962945,,Acidobacteriota,JGI 0001001-H03
ASV_001245,sediment,3,FALSE,1,34,11,0.2822049080319756,,Pseudomonadota,Rhizobacter
ASV_001246,sediment,3,FALSE,5,34,6,0.18446122736272477,,Pseudomonadota,NA
ASV_001248,sediment,3,FALSE,3,34,6,-0.07707209583588996,,Latescibacterota,NA
ASV_001254,sediment,3,FALSE,2,34,7,-0.056546735893166784,,Pseudomonadota,Rhodoplanes
ASV_001256,sediment,3,TRUE,8,34,6,-0.44780628757714336,,Pseudomonadota,NA
ASV_001259,sediment,3,FALSE,5,34,4,0.07934933770408051,,Pseudomonadota,NA
ASV_001265,sediment,3,FALSE,4,34,4,0.07308480581323133,,Pseudomonadota,NA
ASV_001267,sediment,3,FALSE,2,34,13,0.19628326700981574,,Planctomycetota,NA
ASV_001272,sediment,3,FALSE,2,34,8,-0.044880580846757695,,Acidobacteriota,NA
ASV_001275,sediment,3,FALSE,3,34,9,0.13703320311351697,,Pseudomonadota,NA
ASV_001277,sediment,3,FALSE,2,34,8,0.41847781020136565,,Acidobacteriota,NA
ASV_001278,sediment,3,TRUE,5,34,3,-0.1809240804893822,,Pseudomonadota,SWB02
ASV_001282,sediment,3,FALSE,4,34,4,-0.27431247126614183,,Actinomycetota,Kineosporia
ASV_001284,sediment,3,FALSE,1,34,12,-0.014752721283913526,,Pseudomonadota,MND1
ASV_001286,sediment,3,TRUE,7,34,4,0.38131910988263307,,Acidobacteriota,NA
ASV_001289,sediment,3,FALSE,6,34,3,0.01154056116567388,,Pseudomonadota,NA
ASV_001297,sediment,3,FALSE,1,34,6,-0.3247191956501646,,Acidobacteriota,NA
ASV_001299,sediment,3,FALSE,1,34,12,-0.22130214750898697,,Planctomycetota,Fimbriiglobus
ASV_001301,sediment,3,FALSE,2,34,13,-0.32939187537498515,,Acidobacteriota,RB41
ASV_001303,sediment,3,FALSE,1,34,9,0.28448285923563044,,Pseudomonadota,NA
ASV_001304,sediment,3,FALSE,4,34,10,0.04894620239162523,,Planctomycetota,NA
ASV_001305,sediment,3,FALSE,1,34,8,-0.355714427941595,,Pseudomonadota,GOUTA6
ASV_001308,sediment,3,FALSE,3,34,3,0.11790409719098915,,Chloroflexota,NA
ASV_001309,sediment,3,FALSE,1,34,18,-0.46442260861100515,,Actinomycetota,NA
ASV_001313,sediment,3,FALSE,4,34,6,-0.0869313684711812,,Actinomycetota,Galbitalea
ASV_001314,sediment,3,FALSE,1,34,11,-0.2581215882037376,,Acidobacteriota,NA
ASV_001317,sediment,3,FALSE,3,34,5,0.03697386031973535,,Methylomirabilota,NA
ASV_001318,sediment,3,FALSE,2,34,11,-0.08648455847153327,,Acidobacteriota,NA
ASV_001320,sediment,3,FALSE,1,34,10,0.09261162536605813,,Pseudomonadota,NA
ASV_001327,sediment,3,FALSE,3,34,10,-0.143573696232014,,Acidobacteriota,NA
ASV_001328,sediment,3,FALSE,2,34,12,-0.035262205056941436,,Thermodesulfobacteriota,NA
ASV_001330,sediment,3,FALSE,1,34,15,-0.054898781422075396,,Latescibacterota,NA
ASV_001332,sediment,3,FALSE,2,34,15,-0.031104219820449447,,Acidobacteriota,NA
ASV_001339,sediment,3,FALSE,1,34,3,0.06580990106877756,,Planctomycetota,NA
ASV_001340,sediment,3,FALSE,1,34,10,-0.018539616443986284,,Planctomycetota,NA
ASV_001342,sediment,3,FALSE,2,34,11,0.02067495554392749,,Chloroflexota,NA
ASV_001345,sediment,3,FALSE,2,34,9,-0.09709309135222208,,Pseudomonadota,Bauldia
ASV_001347,sediment,3,FALSE,2,34,11,-0.04921905583282772,,Pseudomonadota,Pseudorhodoplanes
ASV_001354,sediment,3,FALSE,1,34,5,0.004018446263606185,,Acidobacteriota,NA
ASV_001359,sediment,3,FALSE,3,34,7,0.05081803483638385,,Pseudomonadota,Steroidobacter
ASV_001361,sediment,3,FALSE,3,34,7,0.012143174292865475,,Verrucomicrobiota,NA
ASV_001363,sediment,3,TRUE,2,34,4,-0.03473517933476867,,Acidobacteriota,NA
ASV_001365,sediment,3,FALSE,1,34,14,-0.4273594357410847,,Methylomirabilota,NA
ASV_001367,sediment,3,FALSE,5,34,7,9.484920776108331e-4,,Pseudomonadota,mle1-7
ASV_001370,sediment,3,FALSE,4,34,9,0.014755704414446461,,Gemmatimonadota,NA
ASV_001372,sediment,3,FALSE,5,34,7,-0.18679329299316366,,Pseudomonadota,Ellin6067
ASV_001379,sediment,3,FALSE,6,34,5,-0.4067961181910915,,Pseudomonadota,NA
ASV_001380,sediment,3,FALSE,2,34,7,0.05838846347255721,,Pseudomonadota,NA
ASV_001381,sediment,3,TRUE,4,34,7,0.2658372249694509,,Acidobacteriota,NA
ASV_001385,sediment,3,FALSE,2,34,4,0.08134780677407914,,Pseudomonadota,GOUTA6
ASV_001388,sediment,3,FALSE,2,34,11,0.2706462991678732,,Chloroflexota,NA
ASV_001389,sediment,3,FALSE,1,34,15,-0.44991809222659307,,Planctomycetota,NA
ASV_001391,sediment,3,FALSE,5,34,7,0.23490987122161633,,Pseudomonadota,Arsenicitalea
ASV_001393,sediment,3,FALSE,1,34,13,-0.2122066125791716,,Acidobacteriota,NA
ASV_001396,sediment,3,FALSE,1,34,12,0.4007626806978627,,Pseudomonadota,NA
ASV_001397,sediment,3,FALSE,3,34,3,0.04442436057364248,,Pseudomonadota,NA
ASV_001398,sediment,3,FALSE,5,34,7,-3.153911964918298e-4,,Pseudomonadota,Hypericibacter
ASV_001400,sediment,3,FALSE,2,34,6,-0.0017924742725416946,,Verrucomicrobiota,Candidatus Xiphinematobacter
ASV_001404,sediment,3,FALSE,1,34,12,-0.03774985597325599,,Planctomycetota,Gemmata
ASV_001405,sediment,3,TRUE,5,34,3,-0.26311751162997826,,Pseudomonadota,Rhizobium
ASV_001406,sediment,3,TRUE,8,34,7,-0.039719336926700426,,Bacteroidota,Puia
ASV_001410,sediment,3,FALSE,3,34,4,-0.2761214833438031,,Pseudomonadota,Sphingomonas
ASV_001422,sediment,3,FALSE,1,34,15,0.05197290135814547,,Pseudomonadota,Bauldia
ASV_001433,sediment,3,FALSE,1,34,11,-0.3723449046375745,,Pseudomonadota,NA
ASV_001437,sediment,3,FALSE,2,34,14,0.05470499318922827,,Methylomirabilota,NA
ASV_001439,sediment,3,FALSE,2,34,4,-0.37634021048697885,,Pseudomonadota,MND1
ASV_001452,sediment,3,FALSE,1,34,7,0.20459616600490854,,Pseudomonadota,Reyranella
ASV_001456,sediment,3,FALSE,1,34,8,0.24343849011634514,,Chloroflexota,NA
ASV_001457,sediment,3,FALSE,4,34,6,0.015779855781621728,,Acidobacteriota,NA
ASV_001461,sediment,3,FALSE,1,34,10,-0.3820915169831015,,Verrucomicrobiota,NA
ASV_001462,sediment,3,FALSE,1,34,6,-0.23637486809611793,,Pseudomonadota,Ellin6067
ASV_001466,sediment,3,FALSE,1,34,10,-0.3384211355551675,,Acidobacteriota,NA
ASV_001470,sediment,3,TRUE,5,34,4,-0.14473495771035674,,Pseudomonadota,NA
ASV_001476,sediment,3,FALSE,1,34,10,-0.18065430928663628,,Pseudomonadota,NA
ASV_001477,sediment,3,FALSE,1,34,10,0.20467732833113877,,Pseudomonadota,NA
ASV_001479,sediment,3,FALSE,2,34,4,0.12175314230566318,,Pseudomonadota,Pseudomonas
ASV_001480,sediment,3,FALSE,1,34,8,-0.14968154613626505,,Acidobacteriota,NA
ASV_001481,sediment,3,FALSE,1,34,8,-0.17487125085868874,,Latescibacterota,NA
ASV_001482,sediment,3,FALSE,2,34,4,0.19685542837318395,,Acidobacteriota,Candidatus Koribacter
ASV_001488,sediment,3,FALSE,2,34,7,-0.19668779623546112,,Acidobacteriota,NA
ASV_001492,sediment,3,TRUE,7,34,4,0.2839344946573445,,Pseudomonadota,Ellin6067
ASV_001495,sediment,3,FALSE,1,34,8,0.13393572581443142,,Planctomycetota,NA
ASV_001500,sediment,3,TRUE,6,34,3,-0.28903511682355876,,Pseudomonadota,Reyranella
ASV_001501,sediment,3,FALSE,2,34,7,0.1236016399093729,,Gemmatimonadota,NA
ASV_001504,sediment,3,FALSE,1,34,10,-0.050765075502104864,,Actinomycetota,NA
ASV_001505,sediment,3,TRUE,8,34,4,-0.24553000541408548,,Acidobacteriota,NA
ASV_001512,sediment,3,FALSE,3,34,7,0.13213274735450925,,Pseudomonadota,NA
ASV_001514,sediment,3,FALSE,4,34,9,-0.2337164885396447,,Myxococcota,Pajaroellobacter
ASV_001515,sediment,3,FALSE,1,34,11,-0.42032622333977115,,Chloroflexota,NA
ASV_001522,sediment,3,FALSE,1,34,9,-0.09962114299136686,,Gemmatimonadota,NA
ASV_001524,sediment,3,FALSE,1,34,12,0.2277706194710577,,Acidobacteriota,NA
ASV_001529,sediment,3,FALSE,2,34,11,-0.020516690392602267,,Gemmatimonadota,Gemmatimonas
ASV_001531,sediment,3,FALSE,4,34,6,0.3819336486459242,,Acidobacteriota,NA
ASV_001533,sediment,3,FALSE,2,34,8,0.2916314273946714,,Myxococcota,Anaeromyxobacter
ASV_001537,sediment,3,FALSE,1,34,12,-0.10552378370132232,,Actinomycetota,NA
ASV_001541,sediment,3,FALSE,4,34,8,0.1806125208717923,,Pseudomonadota,NA
ASV_001546,sediment,3,FALSE,2,34,11,-0.05308697837945217,,Actinomycetota,NA
ASV_001547,sediment,3,FALSE,1,34,12,0.07874174832464075,,Planctomycetota,NA
ASV_001553,sediment,3,FALSE,4,34,6,-0.20657378995769302,,Pseudomonadota,NA
ASV_001554,sediment,3,FALSE,1,34,4,0.02154548290412222,,Actinomycetota,NA
ASV_001561,sediment,3,FALSE,6,34,7,-0.13150397633890673,,Actinomycetota,NA
ASV_001564,sediment,3,TRUE,8,34,3,-0.13116198920613284,,Pseudomonadota,Ellin6067
ASV_001571,sediment,3,FALSE,1,34,9,-0.44959764388397383,,Pseudomonadota,NA
ASV_001575,sediment,3,FALSE,1,34,6,0.08127245557015421,,Acidobacteriota,RB41
ASV_001579,sediment,3,FALSE,4,34,9,0.18365392943508305,,Planctomycetota,NA
ASV_001580,sediment,3,FALSE,2,34,10,0.2441230592885882,,Thermodesulfobacteriota,NA
ASV_001581,sediment,3,FALSE,2,34,6,0.07136938642154805,,Pseudomonadota,NA
ASV_001583,sediment,3,FALSE,2,34,3,0.08723039159296829,,Chloroflexota,NA
ASV_001587,sediment,3,FALSE,1,34,8,-0.0039334372342299286,,Acidobacteriota,NA
ASV_001588,sediment,3,FALSE,2,34,9,-0.36341521286892564,,Actinomycetota,Acidiferrimicrobium
ASV_001592,sediment,3,FALSE,1,34,10,-0.07903659729929391,,Myxococcota,Anaeromyxobacter
ASV_001594,sediment,3,FALSE,2,34,11,0.008178724409997194,,Pseudomonadota,NA
ASV_001596,sediment,3,FALSE,2,34,8,0.007874784204926346,,Pseudomonadota,Kineobactrum
ASV_001601,sediment,3,FALSE,2,34,6,-0.05674237366992122,,Actinomycetota,NA
ASV_001602,sediment,3,FALSE,5,34,10,-0.0838258001625681,,Planctomycetota,NA
ASV_001606,sediment,3,FALSE,3,34,3,0.22042936699225874,,Acidobacteriota,NA
ASV_001608,sediment,3,FALSE,1,34,7,0.48389244229695566,,Myxococcota,NA
ASV_001613,sediment,3,FALSE,4,34,6,-0.07377492383465278,,Pseudomonadota,NA
ASV_001616,sediment,3,FALSE,1,34,8,-0.07387635779484948,,Acidobacteriota,NA
ASV_001630,sediment,3,FALSE,2,34,14,-0.05668801656915581,,Planctomycetota,NA
ASV_001633,sediment,3,FALSE,1,34,10,0.05240910689033063,,Planctomycetota,NA
ASV_001634,sediment,3,FALSE,1,34,9,-0.04398790369445532,,Planctomycetota,Fimbriiglobus
ASV_001636,sediment,3,FALSE,1,34,10,0.05106423277587301,,Planctomycetota,NA
ASV_001639,sediment,3,TRUE,7,34,3,0.08312387761373374,,Pseudomonadota,NA
ASV_001640,sediment,3,FALSE,2,34,7,0.22208501394702856,,Planctomycetota,NA
ASV_001642,sediment,3,FALSE,1,34,8,-0.028357528294274105,,Verrucomicrobiota,NA
ASV_001643,sediment,3,FALSE,1,34,12,-0.16634837927221743,,Myxococcota,NA
ASV_001644,sediment,3,FALSE,1,34,6,0.08708111493871197,,Acidobacteriota,NA
ASV_001646,sediment,3,FALSE,4,34,7,-0.0463564601817223,,Actinomycetota,Nakamurella
ASV_001650,sediment,3,FALSE,2,34,6,-0.08179961064676604,,Pseudomonadota,NA
ASV_001653,sediment,3,FALSE,2,34,4,-0.08096262675096619,,Pseudomonadota,NA
ASV_001658,sediment,3,FALSE,1,34,6,0.11119344600667218,,Pseudomonadota,MND1
ASV_001663,sediment,3,FALSE,1,34,6,-0.3295513555307821,,Actinomycetota,Acidiferrimicrobium
ASV_001666,sediment,3,FALSE,2,34,5,-0.2852906528901706,,Acidobacteriota,JGI 0001001-H03
ASV_001667,sediment,3,FALSE,1,34,7,0.4802630292208928,,Gemmatimonadota,NA
ASV_001677,sediment,3,TRUE,5,34,5,-0.15633273950046017,,Pseudomonadota,Ellin6055
ASV_001678,sediment,3,FALSE,2,34,4,0.18574067120645751,,Pseudomonadota,MND1
ASV_001686,sediment,3,FALSE,4,34,6,-0.20253227735910279,,Planctomycetota,NA
ASV_001692,sediment,3,FALSE,1,34,7,0.05177347384423399,,Actinomycetota,Acidiferrimicrobium
ASV_001696,sediment,3,FALSE,1,34,6,-0.30448065227255994,,Pseudomonadota,NA
ASV_001697,sediment,3,FALSE,2,34,7,-0.240365922374077,,Pseudomonadota,NA
ASV_001704,sediment,3,TRUE,7,34,3,-0.10308248754368847,,Actinomycetota,NA
ASV_001705,sediment,3,FALSE,5,34,6,0.18205155444814541,,Pseudomonadota,Pedomicrobium
ASV_001711,sediment,3,FALSE,3,34,6,0.2067986067962787,,Acidobacteriota,NA
ASV_001712,sediment,3,FALSE,3,34,4,0.14630914370792975,,Actinomycetota,Pseudonocardia
ASV_001714,sediment,3,TRUE,8,34,3,-0.14991214434604827,,Acidobacteriota,NA
ASV_001716,sediment,3,FALSE,1,34,9,0.3571783970652487,,Pseudomonadota,MND1
ASV_001717,sediment,3,FALSE,2,34,8,0.07126786487666834,,Pseudomonadota,NA
ASV_001719,sediment,3,FALSE,1,34,6,0.08659260107724337,,Pseudomonadota,NA
ASV_001722,sediment,3,FALSE,1,34,8,0.3451304854237201,,Planctomycetota,NA
ASV_001724,sediment,3,FALSE,1,34,10,-0.06135406887800376,,Pseudomonadota,NA
ASV_001726,sediment,3,FALSE,1,34,6,0.005524856768113774,,Pseudomonadota,MND1
ASV_001729,sediment,3,FALSE,1,34,9,-0.2096333787946008,,Pseudomonadota,Pseudorhodoplanes
ASV_001733,sediment,3,FALSE,1,34,5,-0.052168478103605476,,Acidobacteriota,Candidatus Solibacter
ASV_001736,sediment,3,FALSE,1,34,9,-0.1941179117287438,,Gemmatimonadota,NA
ASV_001740,sediment,3,FALSE,6,34,3,0.05653610048275815,,Bacteroidota,Terrimonas
ASV_001741,sediment,3,FALSE,3,34,9,-0.15256583523376746,,Acidobacteriota,OLB17
ASV_001745,sediment,3,FALSE,1,34,10,0.08479116984486137,,Chloroflexota,NA
ASV_001746,sediment,3,FALSE,1,34,9,0.1645408772722284,,Planctomycetota,NA
ASV_001751,sediment,3,FALSE,2,34,6,0.024994012297523602,,Acidobacteriota,NA
ASV_001752,sediment,3,FALSE,1,34,9,-0.04922723107677295,,Actinomycetota,NA
ASV_001753,sediment,3,FALSE,1,34,4,-0.14742894630256134,,Pseudomonadota,MND1
ASV_001754,sediment,3,FALSE,3,34,3,-0.014024731630288565,,FCPU426,NA
ASV_001756,sediment,3,FALSE,2,34,3,-0.09892601060232432,,Planctomycetota,Aquisphaera
ASV_001757,sediment,3,FALSE,1,34,6,-0.1714835211149071,,Actinomycetota,Luedemannella
ASV_001758,sediment,3,TRUE,6,34,3,0.29599941826326176,,Planctomycetota,NA
ASV_001762,sediment,3,FALSE,3,34,5,-0.032773918948793446,,Pseudomonadota,GOUTA6
ASV_001764,sediment,3,FALSE,1,34,3,0.2939726848404004,,MBNT15,NA
ASV_001768,sediment,3,FALSE,1,34,7,-0.010862084860834297,,Thermodesulfobacteriota,NA
ASV_001769,sediment,3,FALSE,1,34,3,0.19379643816231748,,Pseudomonadota,NA
ASV_001772,sediment,3,FALSE,3,34,5,0.2248560074572967,,Pseudomonadota,Hyphomicrobium
ASV_001779,sediment,3,TRUE,6,34,3,-0.03315049036634625,,Pseudomonadota,NA
ASV_001780,sediment,3,FALSE,2,34,6,-0.28761455921574036,,Pseudomonadota,Pseudolabrys
ASV_001782,sediment,3,FALSE,1,34,7,0.15594568580086346,,Pseudomonadota,NA
ASV_001783,sediment,3,FALSE,1,34,5,0.16495501693239512,,Gemmatimonadota,NA
ASV_001784,sediment,3,FALSE,3,34,3,-0.3110603076314921,,Acidobacteriota,NA
ASV_001785,sediment,3,FALSE,4,34,4,0.10892303977513766,,Pseudomonadota,Roseiarcus
ASV_001786,sediment,3,FALSE,1,34,5,-0.0625624393622476,,Pseudomonadota,Rhodoplanes
ASV_001791,sediment,3,FALSE,1,34,10,-0.513396373953235,,Pseudomonadota,Pedomicrobium
ASV_001794,sediment,3,TRUE,4,34,5,-0.3285799275598231,,Acidobacteriota,NA
ASV_001801,sediment,3,FALSE,1,34,5,0.34054282537236935,,Acidobacteriota,NA
ASV_001802,sediment,3,FALSE,2,34,4,0.10891240240651917,,Pseudomonadota,NA
ASV_001805,sediment,3,FALSE,4,34,9,0.05608622805103213,,Pseudomonadota,mle1-7
ASV_001815,sediment,3,TRUE,2,34,5,0.1239072553512464,,Acidobacteriota,NA
ASV_001821,sediment,3,FALSE,1,34,5,-0.3204441549575001,,Pseudomonadota,NA
ASV_001824,sediment,3,FALSE,1,34,8,0.04676933281402207,,Pseudomonadota,NA
ASV_001826,sediment,3,FALSE,1,34,9,-0.19204621795057106,,Verrucomicrobiota,NA
ASV_001828,sediment,3,FALSE,4,34,4,-0.027589586952098226,,Planctomycetota,NA
ASV_001829,sediment,3,TRUE,3,34,6,-0.08307948548237502,,Acidobacteriota,Candidatus Solibacter
ASV_001832,sediment,3,FALSE,2,34,7,0.04515908636640026,,Methylomirabilota,NA
ASV_001840,sediment,3,FALSE,1,34,7,-0.11051691088065049,,Myxococcota,NA
ASV_001843,sediment,3,FALSE,1,34,8,-0.0855926670042096,,Acidobacteriota,NA
ASV_001846,sediment,3,FALSE,1,34,7,-0.31420981831962946,,Verrucomicrobiota,NA
ASV_001849,sediment,3,FALSE,3,34,6,-0.13052321868969344,,Acidobacteriota,NA
ASV_001851,sediment,3,FALSE,1,34,9,0.163693898357747,,Actinomycetota,NA
ASV_001863,sediment,3,FALSE,1,34,7,0.03772934121873149,,MBNT15,NA
ASV_001866,sediment,3,FALSE,1,34,3,-0.1102836149472654,,Acidobacteriota,NA
ASV_001871,sediment,3,FALSE,1,34,6,0.09343116085270775,,Pseudomonadota,NA
ASV_001876,sediment,3,FALSE,1,34,8,0.12301710762256321,,Myxococcota,NA
ASV_001886,sediment,3,FALSE,2,34,5,0.22815669463306137,,Acidobacteriota,Candidatus Solibacter
ASV_001889,sediment,3,FALSE,1,34,13,-0.31458589310078755,,Pseudomonadota,mle1-7
ASV_001897,sediment,3,FALSE,1,34,8,-0.17136842164590557,,Methylomirabilota,NA
ASV_001898,sediment,3,FALSE,1,34,4,0.3592654885967729,,Pseudomonadota,NA
ASV_001901,sediment,3,TRUE,5,34,3,-0.09634601370484089,,Planctomycetota,NA
ASV_001905,sediment,3,FALSE,2,34,3,-0.004350465261149676,,Bacteroidota,Puia
ASV_001909,sediment,3,FALSE,1,34,6,-0.21505256626731414,,Pseudomonadota,NA
ASV_001914,sediment,3,FALSE,5,34,5,0.023455824089804553,,Pseudomonadota,Phenylobacterium
ASV_001915,sediment,3,FALSE,5,34,4,0.15804626742636496,,Bdellovibrionota,NA
ASV_001925,sediment,3,TRUE,3,34,3,-0.24813157436063812,,Acidobacteriota,NA
ASV_001934,sediment,3,FALSE,1,34,9,-0.1509761323703998,,Acidobacteriota,NA
ASV_001938,sediment,3,FALSE,2,34,5,-0.04714391688343543,,Thermodesulfobacteriota,NA
ASV_001942,sediment,3,FALSE,1,34,13,0.006391058086732226,,Actinomycetota,NA
ASV_001943,sediment,3,FALSE,2,34,4,-0.07629831245943697,,Planctomycetota,NA
ASV_001944,sediment,3,FALSE,1,34,7,-0.07838168396683921,,Acidobacteriota,NA
ASV_001951,sediment,3,FALSE,1,34,5,-0.134926262335233,,Planctomycetota,NA
ASV_001960,sediment,3,FALSE,3,34,6,0.1460215260961166,,Planctomycetota,NA
ASV_001963,sediment,3,FALSE,1,34,4,-0.2699341975321858,,Elusimicrobiota,NA
ASV_001966,sediment,3,FALSE,2,34,8,-0.26719618118984156,,Bacteroidota,NA
ASV_001975,sediment,3,FALSE,2,34,5,-0.06753614505674813,,RCP2-54,NA
ASV_001979,sediment,3,FALSE,4,34,5,0.04069075715794617,,Pseudomonadota,mle1-7
ASV_001981,sediment,3,FALSE,1,34,7,-0.23588415830755352,,Acidobacteriota,Candidatus Koribacter
ASV_001982,sediment,3,FALSE,3,34,7,-0.2538543425414292,,Bacteroidota,NA
ASV_001983,sediment,3,FALSE,2,34,9,-0.14944371103230908,,Pseudomonadota,Georgfuchsia
ASV_001985,sediment,3,FALSE,3,34,6,-0.0511614253224131,,Latescibacterota,NA
ASV_001986,sediment,3,FALSE,1,34,4,-0.10075638548092511,,Pseudomonadota,NA
ASV_001988,sediment,3,FALSE,1,34,10,0.029310721075609947,,Planctomycetota,NA
ASV_001989,sediment,3,FALSE,1,34,5,0.30767163443222945,,Pseudomonadota,Hyphomicrobium
ASV_001993,sediment,3,TRUE,6,34,3,-0.19111261893598908,,Planctomycetota,NA
ASV_001994,sediment,3,TRUE,5,34,5,-0.329339487944146,,Planctomycetota,NA
ASV_001997,sediment,3,FALSE,1,34,10,-0.3462114460533784,,Planctomycetota,Fimbriiglobus
ASV_001999,sediment,3,FALSE,1,34,5,0.1761571085939546,,Pseudomonadota,NA
ASV_002003,sediment,3,FALSE,3,34,5,0.07761768208099737,,Verrucomicrobiota,Chthoniobacter
ASV_002007,sediment,3,TRUE,8,34,3,-0.2294589800180447,,Acidobacteriota,NA
ASV_002009,sediment,3,FALSE,3,34,3,-0.16995039728967754,,Verrucomicrobiota,ADurb.Bin063-1
ASV_002011,sediment,3,FALSE,1,34,5,0.08893737967873401,,Bacteroidota,NA
ASV_002014,sediment,3,FALSE,1,34,7,-0.2919648296351884,,Acidobacteriota,NA
ASV_002019,sediment,3,FALSE,1,34,9,-0.10355490046415051,,Pseudomonadota,NA
ASV_002022,sediment,3,FALSE,3,34,6,-0.2004170395046258,,Acidobacteriota,NA
ASV_002023,sediment,3,TRUE,5,34,4,-0.10149279807104757,,Bacteroidota,NA
ASV_002027,sediment,3,FALSE,2,34,8,0.035817007166596214,,Pseudomonadota,NA
ASV_002028,sediment,3,FALSE,1,34,3,0.06188891221552233,,Chloroflexota,NA
ASV_002044,sediment,3,FALSE,1,34,5,-0.020821756396324786,,Chloroflexota,NA
ASV_002054,sediment,3,TRUE,1,34,5,0.2373265922368054,,Verrucomicrobiota,Candidatus Xiphinematobacter
ASV_002067,sediment,3,FALSE,1,34,5,-0.16495338440139928,,Bacteroidota,Ferruginibacter
ASV_002074,sediment,3,FALSE,2,34,3,0.06508834033492658,,Gemmatimonadota,Gemmatimonas
ASV_002078,sediment,3,FALSE,3,34,3,0.15935202056884004,,Acidobacteriota,NA
ASV_002079,sediment,3,FALSE,1,34,9,-0.29560184866135436,,Verrucomicrobiota,NA
ASV_002082,sediment,3,FALSE,1,34,5,-0.06182588843025032,,Actinomycetota,NA
ASV_002087,sediment,3,FALSE,1,34,8,-0.0843919682686796,,Entotheonellaeota,NA
ASV_002089,sediment,3,FALSE,1,34,7,-0.45602584733736923,,Thermodesulfobacteriota,NA
ASV_002090,sediment,3,FALSE,1,34,7,-0.03653532483590658,,Latescibacterota,NA
ASV_002092,sediment,3,FALSE,1,34,9,-0.21789292097201612,,Actinomycetota,NA
ASV_002102,sediment,3,TRUE,2,34,3,-0.07667129570649103,,Latescibacterota,NA
ASV_002112,sediment,3,FALSE,1,34,3,0.0439793499860857,,Actinomycetota,NA
ASV_002118,sediment,3,FALSE,1,34,5,0.1684730920619309,,Acidobacteriota,NA
ASV_002122,sediment,3,FALSE,1,34,7,-0.1025695300830767,,Pseudomonadota,Phenylobacterium
ASV_002125,sediment,3,FALSE,3,34,6,-0.33436691599636476,,Acidobacteriota,NA
ASV_002138,sediment,3,FALSE,1,34,12,0.25673903495369166,,Pseudomonadota,Pedomicrobium
ASV_002140,sediment,3,TRUE,4,34,5,-0.10891239678254144,,Acidobacteriota,NA
ASV_002148,sediment,3,FALSE,1,34,3,-0.033292711836429484,,Myxococcota,NA
ASV_002150,sediment,3,FALSE,3,34,5,-0.12254777945142667,,Actinomycetota,NA
ASV_002160,sediment,3,TRUE,4,34,3,-0.06841133933918948,,Acidobacteriota,NA
ASV_002161,sediment,3,FALSE,3,34,6,-0.2730990733916141,,Planctomycetota,NA
ASV_002164,sediment,3,FALSE,2,34,3,-0.3212623922493033,,Pseudomonadota,Afipia
ASV_002165,sediment,3,FALSE,1,34,4,-0.04318409373314737,,Acidobacteriota,NA
ASV_002168,sediment,3,FALSE,2,34,7,-0.09269564403912627,,Acidobacteriota,Candidatus Solibacter
ASV_002171,sediment,3,FALSE,1,34,5,-0.12324801361563495,,Pseudomonadota,NA
ASV_002175,sediment,3,FALSE,1,34,6,0.07499777982774623,,Myxococcota,NA
ASV_002176,sediment,3,FALSE,1,34,3,0.099864156408302,,Pseudomonadota,Bauldia
ASV_002181,sediment,3,FALSE,1,34,7,-0.1610849000637024,,Planctomycetota,NA
ASV_002184,sediment,3,FALSE,1,34,6,0.04353915713440758,,MBNT15,NA
ASV_002191,sediment,3,FALSE,1,34,6,0.043352230767894705,,Pseudomonadota,GOUTA6
ASV_002194,sediment,3,FALSE,2,34,4,-0.10715794592535315,,Pseudomonadota,Hypericibacter
ASV_002199,sediment,3,FALSE,2,34,6,-0.013575209093541093,,Entotheonellaeota,NA
ASV_002204,sediment,3,FALSE,1,34,6,-0.3815377752426791,,Chloroflexota,NA
ASV_002205,sediment,3,FALSE,1,34,9,0.14445618334004717,,Planctomycetota,SH-PL14
ASV_002206,sediment,3,FALSE,2,34,3,0.45422694350894177,,Myxococcota,NA
ASV_002207,sediment,3,TRUE,4,34,4,0.04456945462695549,,Pseudomonadota,Acidibacter
ASV_002208,sediment,3,FALSE,1,34,3,0.15661729925700316,,Acidobacteriota,NA
ASV_002213,sediment,3,FALSE,2,34,4,-0.04784865550257032,,Pseudomonadota,NA
ASV_002224,sediment,3,FALSE,2,34,3,-0.061387155963760744,,Planctomycetota,NA
ASV_002229,sediment,3,FALSE,1,34,5,-0.3424353221386273,,Chloroflexota,NA
ASV_002230,sediment,3,FALSE,2,34,4,-0.1777346176371451,,Acidobacteriota,NA
ASV_002231,sediment,3,FALSE,1,34,8,-0.04231703019352915,,Pseudomonadota,Novosphingobium
ASV_002236,sediment,3,TRUE,1,34,5,0.30177505272718774,,Pseudomonadota,NA
ASV_002240,sediment,3,FALSE,2,34,5,0.23922921842264339,,Latescibacterota,NA
ASV_002245,sediment,3,TRUE,3,34,4,0.10810189490484202,,Thermodesulfobacteriota,NA
ASV_002246,sediment,3,FALSE,2,34,6,0.0063472028747232736,,Myxococcota,NA
ASV_002247,sediment,3,TRUE,5,34,3,0.30058824905239556,,Acidobacteriota,NA
ASV_002249,sediment,3,FALSE,2,34,7,0.10430119038898397,,Actinomycetota,Cellulomonas
ASV_002250,sediment,3,FALSE,2,34,4,-0.33754175491774785,,Pseudomonadota,Duganella
ASV_002255,sediment,3,FALSE,1,34,6,-0.3471745825238196,,Acidobacteriota,RB41
ASV_002257,sediment,3,FALSE,1,34,4,-0.03662026746156173,,Pseudomonadota,NA
ASV_002262,sediment,3,FALSE,2,34,4,0.11800568117213463,,Myxococcota,NA
ASV_002268,sediment,3,FALSE,4,34,3,-0.06499050225250025,,Pseudomonadota,NA
ASV_002273,sediment,3,FALSE,1,34,4,-0.23556429619036268,,Pseudomonadota,NA
ASV_002284,sediment,3,FALSE,1,34,6,0.15394992923269957,,Pseudomonadota,MND1
ASV_002286,sediment,3,TRUE,3,34,4,0.24081609578854393,,Chloroflexota,NA
ASV_002289,sediment,3,FALSE,4,34,3,0.037643867915895676,,Pseudomonadota,Hylemonella
ASV_002293,sediment,3,TRUE,4,34,3,-0.04471861294005618,,Acidobacteriota,NA
ASV_002296,sediment,3,FALSE,3,34,4,0.19420906793224532,,Planctomycetota,NA
ASV_002299,sediment,3,FALSE,2,34,10,-0.02726717735444528,,Acidobacteriota,Bryobacter
ASV_002306,sediment,3,TRUE,4,34,3,0.22787152229503968,,Acidobacteriota,Candidatus Solibacter
ASV_002308,sediment,3,FALSE,3,34,4,-0.15072740470967855,,Pseudomonadota,GOUTA6
ASV_002309,sediment,3,FALSE,1,34,8,-0.21259288331299564,,Acidobacteriota,NA
ASV_002316,sediment,3,FALSE,1,34,4,0.32817829186974307,,Bacteroidota,Puia
ASV_002320,sediment,3,FALSE,1,34,6,-0.004390182674196264,,Verrucomicrobiota,Candidatus Udaeobacter
ASV_002332,sediment,3,FALSE,1,34,3,-0.04713138416506924,,Myxococcota,NA
ASV_002334,sediment,3,FALSE,2,34,4,-0.1309596584790301,,Actinomycetota,NA
ASV_002351,sediment,3,FALSE,1,34,3,0.04531843105509145,,Pseudomonadota,Hirschia
ASV_002356,sediment,3,FALSE,2,34,3,0.10738000965797159,,Myxococcota,NA
ASV_002360,sediment,3,FALSE,1,34,5,0.016125313957310372,,Planctomycetota,Pirellula
ASV_002361,sediment,3,FALSE,2,34,5,0.32000231859767386,,Bacteroidota,Terrimonas
ASV_002362,sediment,3,FALSE,2,34,4,0.08202707876355682,,Actinomycetota,NA
ASV_002364,sediment,3,FALSE,1,34,6,-0.2242522400604503,,Pseudomonadota,JTB255 marine benthic group
ASV_002372,sediment,3,FALSE,1,34,4,0.12683962958611777,,Pseudomonadota,Dongia
ASV_002377,sediment,3,FALSE,1,34,8,-0.30000116808409955,,Pseudomonadota,NA
ASV_002389,sediment,3,FALSE,1,34,5,0.13197048435000508,,NB1-j,NA
ASV_002395,sediment,3,TRUE,2,34,4,0.020262213457652913,,Pseudomonadota,GOUTA6
ASV_002398,sediment,3,FALSE,2,34,4,0.2252720229559899,,Acidobacteriota,NA
ASV_002407,sediment,3,FALSE,1,34,9,-0.22667031691305495,,Pseudomonadota,NA
ASV_002412,sediment,3,FALSE,1,34,4,-0.18740406858698025,,Pseudomonadota,NA
ASV_002413,sediment,3,FALSE,2,34,3,0.1669423842246733,,Actinomycetota,Gaiella
ASV_002419,sediment,3,FALSE,3,34,3,-0.24767922967063963,,Pseudomonadota,MND1
ASV_002422,sediment,3,FALSE,2,34,6,0.1585369411368575,,Planctomycetota,NA
ASV_002424,sediment,3,FALSE,1,34,5,-0.10665270992555415,,Chloroflexota,NA
ASV_002426,sediment,3,FALSE,1,34,5,-0.20747279135055308,,Pseudomonadota,NA
ASV_002427,sediment,3,FALSE,1,34,3,-8.771130092694651e-4,,Myxococcota,NA
ASV_002429,sediment,3,FALSE,1,34,5,-0.10408124857511641,,Pseudomonadota,GOUTA6
ASV_002433,sediment,3,TRUE,4,34,3,0.16857711250729346,,Myxococcota,NA
ASV_002436,sediment,3,FALSE,1,34,6,-0.07824125764298824,,Planctomycetota,Pirellula
ASV_002445,sediment,3,FALSE,1,34,4,-0.21796018066587644,,Pseudomonadota,Dongia
ASV_002446,sediment,3,FALSE,1,34,4,0.009665780062394894,,Actinomycetota,NA
ASV_002451,sediment,3,FALSE,1,34,9,0.053874116731734055,,Pseudomonadota,Pseudorhodoplanes
ASV_002456,sediment,3,FALSE,1,34,3,-0.004976201244757166,,MBNT15,NA
ASV_002463,sediment,3,TRUE,2,34,3,0.1510246345317906,,NA,NA
ASV_002465,sediment,3,FALSE,1,34,4,0.03316587044463179,,NB1-j,NA
ASV_002466,sediment,3,FALSE,2,34,12,-0.05404097988010074,,Pseudomonadota,NA
ASV_002469,sediment,3,TRUE,3,34,3,0.23153700717772238,,Pseudomonadota,Nordella
ASV_002487,sediment,3,TRUE,3,34,5,-0.3094137088059989,,Pseudomonadota,NA
ASV_002494,sediment,3,FALSE,1,34,5,0.34639105009575927,,Pseudomonadota,NA
ASV_002502,sediment,3,FALSE,1,34,3,-0.020575563287709892,,Actinomycetota,NA
ASV_002505,sediment,3,FALSE,1,34,5,0.28963739304708785,,Chloroflexota,NA
ASV_002510,sediment,3,FALSE,1,34,8,-0.2695220947405783,,Acidobacteriota,NA
ASV_002516,sediment,3,TRUE,1,34,5,-0.23743089720411004,,Acidobacteriota,NA
ASV_002524,sediment,3,FALSE,1,34,9,-0.08075212085796364,,Pseudomonadota,NA
ASV_002525,sediment,3,FALSE,1,34,4,0.027187765483058374,,Planctomycetota,Fimbriiglobus
ASV_002528,sediment,3,FALSE,1,34,8,-0.059640542115340235,,Latescibacterota,NA
ASV_002539,sediment,3,FALSE,1,34,5,0.2435647559633802,,Acidobacteriota,NA
ASV_002542,sediment,3,FALSE,1,34,10,-0.16589078390640286,,Pseudomonadota,NA
ASV_002560,sediment,3,TRUE,3,34,4,0.20450710106429365,,Acidobacteriota,Candidatus Solibacter
ASV_002567,sediment,3,FALSE,1,34,6,-0.19355697691878226,,Gemmatimonadota,NA
ASV_002570,sediment,3,FALSE,2,34,3,-0.08976703061237921,,Myxococcota,Pajaroellobacter
ASV_002578,sediment,3,FALSE,1,34,7,-0.30600119084257194,,Pseudomonadota,MND1
ASV_002580,sediment,3,FALSE,1,34,5,0.14628903176929411,,Planctomycetota,NA
ASV_002583,sediment,3,FALSE,1,34,10,0.4523852350786554,,Pseudomonadota,Amaricoccus
ASV_002592,sediment,3,FALSE,1,34,6,-0.11507043412883901,,Planctomycetota,NA
ASV_002596,sediment,3,FALSE,1,34,6,0.02638310091155936,,Acidobacteriota,NA
ASV_002597,sediment,3,TRUE,2,34,5,-0.3358468653857665,,Acidobacteriota,Bryobacter
ASV_002603,sediment,3,FALSE,3,34,4,0.3199360123370017,,Myxococcota,Aetherobacter
ASV_002613,sediment,3,TRUE,2,34,3,-0.10835343648447361,,Pseudomonadota,GOUTA6
ASV_002617,sediment,3,FALSE,1,34,6,-0.2138327999312174,,Planctomycetota,NA
ASV_002621,sediment,3,FALSE,1,34,7,-0.21877260672495616,,Pseudomonadota,Hyphomicrobium
ASV_002635,sediment,3,FALSE,1,34,3,-0.09952612100778697,,Acidobacteriota,Subgroup 10
ASV_002640,sediment,3,FALSE,2,34,6,0.1410053485814307,,Acidobacteriota,RB41
ASV_002661,sediment,3,FALSE,1,34,6,0.30011943224224824,,Acidobacteriota,NA
ASV_002665,sediment,3,FALSE,3,34,3,0.15730413662009354,,Acidobacteriota,NA
ASV_002669,sediment,3,TRUE,3,34,3,-0.07430539012739004,,Myxococcota,Minicystis
ASV_002670,sediment,3,FALSE,2,34,9,-0.07595030706232557,,Verrucomicrobiota,Candidatus Udaeobacter
ASV_002671,sediment,3,FALSE,1,34,9,-0.06799407478884628,,NB1-j,NA
ASV_002673,sediment,3,FALSE,1,34,3,0.13426591364772425,,Pseudomonadota,Acidibacter
ASV_002679,sediment,3,FALSE,1,34,5,0.5564928045844824,,Myxococcota,NA
ASV_002689,sediment,3,FALSE,2,34,3,-0.31435723604835103,,Myxococcota,NA
ASV_002695,sediment,3,FALSE,1,34,3,0.09503618896870496,,Acidobacteriota,NA
ASV_002702,sediment,3,TRUE,2,34,5,-0.2578180006748846,,Pseudomonadota,NA
ASV_002703,sediment,3,FALSE,1,34,8,-0.21225881504030367,,Pseudomonadota,NA
ASV_002711,sediment,3,FALSE,1,34,7,-0.0699297008644059,,Planctomycetota,NA
ASV_002712,sediment,3,FALSE,1,34,3,0.3340190550504918,,Planctomycetota,NA
ASV_002718,sediment,3,TRUE,7,34,3,-0.4734223080672694,,Armatimonadota,Chthonomonas
ASV_002726,sediment,3,FALSE,1,34,5,-0.18165338743219658,,Latescibacterota,NA
ASV_002728,sediment,3,TRUE,4,34,3,-0.24858642078785714,,Verrucomicrobiota,Opitutus
ASV_002731,sediment,3,FALSE,1,34,3,-0.27104328775823866,,Planctomycetota,NA
ASV_002739,sediment,3,TRUE,4,34,3,0.0701770922713601,,Acidobacteriota,Candidatus Solibacter
ASV_002761,sediment,3,FALSE,1,34,3,-0.08999179475104711,,Pseudomonadota,Arenimonas
ASV_002764,sediment,3,FALSE,2,34,3,-0.04964495726462444,,Actinomycetota,NA
ASV_002766,sediment,3,FALSE,1,34,4,0.18011678834369182,,Acidobacteriota,NA
ASV_002783,sediment,3,FALSE,1,34,4,0.08038551394420984,,Chloroflexota,NA
ASV_002793,sediment,3,FALSE,2,34,3,0.10743241964811787,,Pseudomonadota,Steroidobacter
ASV_002797,sediment,3,FALSE,1,34,3,-0.2907487835919088,,Pseudomonadota,UKL13-1
ASV_002801,sediment,3,FALSE,1,34,6,-0.5463475246102705,,Gemmatimonadota,NA
ASV_002802,sediment,3,FALSE,2,34,3,0.2797247361645436,,Pseudomonadota,Rhodomicrobium
ASV_002804,sediment,3,TRUE,3,34,3,0.3015606232157617,,Planctomycetota,Aquisphaera
ASV_002809,sediment,3,FALSE,1,34,4,-0.10318195413712301,,Methylomirabilota,NA
ASV_002814,sediment,3,FALSE,1,34,3,0.12202672655795462,,Latescibacterota,NA
ASV_002816,sediment,3,FALSE,1,34,5,0.25401192748443707,,Planctomycetota,NA
ASV_002833,sediment,3,TRUE,3,34,5,0.10546800290228371,,Pseudomonadota,Hirschia
ASV_002856,sediment,3,FALSE,1,34,4,-0.3380377751307056,,Verrucomicrobiota,Oleiharenicola
ASV_002885,sediment,3,FALSE,1,34,6,-0.22311257899812093,,Bacteroidota,Terrimonas
ASV_002886,sediment,3,FALSE,1,34,12,-0.44654098864578257,,MBNT15,NA
ASV_002894,sediment,3,FALSE,3,34,3,0.11816532473107635,,Myxococcota,NA
ASV_002906,sediment,3,FALSE,2,34,3,0.07877268142960117,,Chloroflexota,NA
ASV_002909,sediment,3,FALSE,1,34,4,0.2307160277400344,,Methylomirabilota,NA
ASV_002910,sediment,3,FALSE,2,34,4,0.11032062962458157,,Actinomycetota,Acidiferrimicrobium
ASV_002913,sediment,3,FALSE,3,34,3,0.055148531908953205,,Thermodesulfobacteriota,NA
ASV_002916,sediment,3,FALSE,1,34,6,-0.3298724325136463,,Entotheonellaeota,NA
ASV_002926,sediment,3,FALSE,3,34,4,0.38667667739813455,,Pseudomonadota,Arenimonas
ASV_002927,sediment,3,FALSE,1,34,3,0.5379190953378216,,Acidobacteriota,NA
ASV_002930,sediment,3,FALSE,1,34,6,-0.18164912142403178,,NB1-j,NA
ASV_002931,sediment,3,FALSE,1,34,3,-0.1702384549878884,,Pseudomonadota,NA
ASV_002934,sediment,3,FALSE,2,34,5,0.31838886644269954,,Pseudomonadota,NA
ASV_002943,sediment,3,FALSE,1,34,6,-0.15420857365803362,,Pseudomonadota,NA
ASV_002947,sediment,3,FALSE,1,34,5,0.29636087653307974,,Acidobacteriota,NA
ASV_002948,sediment,3,FALSE,1,34,3,0.0834512680198717,,Pseudomonadota,MND1
ASV_002953,sediment,3,TRUE,3,34,4,0.16325053074876883,,Pseudomonadota,NA
ASV_002967,sediment,3,FALSE,1,34,8,-0.2123562011054613,,Acidobacteriota,NA
ASV_002968,sediment,3,FALSE,1,34,3,0.21920617969683312,,Pseudomonadota,SWB02
ASV_002980,sediment,3,FALSE,1,34,10,-0.15651502804446485,,Pseudomonadota,NA
ASV_002984,sediment,3,FALSE,1,34,5,0.05988492132528855,,Acidobacteriota,NA
ASV_002998,sediment,3,FALSE,2,34,6,0.1254751080262723,,Gemmatimonadota,NA
ASV_003006,sediment,3,TRUE,4,34,3,-0.24993727870026047,,Verrucomicrobiota,Opitutus
ASV_003020,sediment,3,FALSE,1,34,5,0.019941439163075055,,Pseudomonadota,NA
ASV_003027,sediment,3,FALSE,1,34,5,0.40233574383979853,,Elusimicrobiota,NA
ASV_003028,sediment,3,FALSE,1,34,5,-0.048783165012409854,,Pseudomonadota,NA
ASV_003032,sediment,3,TRUE,4,34,4,0.08446031856876746,,Pseudomonadota,Roseiarcus
ASV_003046,sediment,3,FALSE,2,34,4,-0.1050561581552927,,Acidobacteriota,NA
ASV_003048,sediment,3,FALSE,1,34,5,-0.10253177083884478,,Chloroflexota,HSB OF53-F07
ASV_003056,sediment,3,TRUE,2,34,3,0.08235549110100536,,Actinomycetota,NA
ASV_003058,sediment,3,TRUE,3,34,3,0.23585917929112027,,Pseudomonadota,NA
ASV_003066,sediment,3,FALSE,1,34,4,0.16177257831352662,,Verrucomicrobiota,Chthoniobacter
ASV_003080,sediment,3,FALSE,2,34,4,0.13504917841967937,,Chloroflexota,NA
ASV_003082,sediment,3,FALSE,2,34,3,0.24077806806471486,,Verrucomicrobiota,NA
ASV_003098,sediment,3,FALSE,1,34,7,-0.08021661295190131,,Myxococcota,NA
ASV_003114,sediment,3,FALSE,2,34,3,0.14928603734271498,,Pseudomonadota,Hyphomicrobium
ASV_003144,sediment,3,FALSE,1,34,9,-0.03513240501361985,,Planctomycetota,NA
ASV_003145,sediment,3,FALSE,1,34,5,0.18663742593206137,,Planctomycetota,NA
ASV_003157,sediment,3,FALSE,2,34,5,-0.025645047996199297,,Acidobacteriota,NA
ASV_003161,sediment,3,FALSE,1,34,6,-0.0906819142985258,,Acidobacteriota,NA
ASV_003162,sediment,3,FALSE,3,34,7,0.21593553313971522,,Actinomycetota,NA
ASV_003166,sediment,3,FALSE,1,34,4,-0.21720637922680722,,Planctomycetota,NA
ASV_003186,sediment,3,FALSE,1,34,5,0.31433088850211005,,Latescibacterota,NA
ASV_003190,sediment,3,FALSE,1,34,6,0.09443270323865129,,Pseudomonadota,Acidibacter
ASV_003191,sediment,3,FALSE,2,34,4,0.27900568539872367,,Acidobacteriota,NA
ASV_003195,sediment,3,FALSE,1,34,3,-0.23964299856711327,,Actinomycetota,NA
ASV_003199,sediment,3,FALSE,1,34,4,-0.43135734671864556,,Verrucomicrobiota,Pedosphaera
ASV_003201,sediment,3,FALSE,1,34,4,-0.047076614116389956,,Acidobacteriota,NA
ASV_003210,sediment,3,FALSE,1,34,3,0.18241824613898688,,Actinomycetota,Sporichthya
ASV_003230,sediment,3,FALSE,2,34,3,0.3286194209437098,,Actinomycetota,NA
ASV_003231,sediment,3,FALSE,2,34,4,0.25029152053411846,,Myxococcota,NA
ASV_003259,sediment,3,TRUE,3,34,5,0.06625606344435245,,Chloroflexota,NA
ASV_003269,sediment,3,FALSE,1,34,3,0.04105147271879976,,Planctomycetota,NA
ASV_003274,sediment,3,FALSE,2,34,5,0.025684508944431386,,Acidobacteriota,NA
ASV_003285,sediment,3,FALSE,1,34,4,-0.0069923937255676714,,Pseudomonadota,NA
ASV_003286,sediment,3,FALSE,1,34,3,0.04487026360061387,,Bacteroidota,NA
ASV_003307,sediment,3,FALSE,3,34,5,-0.14342272470705122,,Myxococcota,Minicystis
ASV_003311,sediment,3,FALSE,1,34,3,-0.47353036695891065,,Bacteroidota,Terrimonas
ASV_003324,sediment,3,FALSE,1,34,4,0.20261310514124642,,Planctomycetota,NA
ASV_003326,sediment,3,FALSE,2,34,3,0.5930202047560694,,Acidobacteriota,Bryobacter
ASV_003341,sediment,3,FALSE,1,34,4,-0.1455852232092551,,Chloroflexota,NA
ASV_003354,sediment,3,FALSE,1,34,3,0.2228913831523321,,Pseudomonadota,NA
ASV_003385,sediment,3,TRUE,2,34,3,0.32799656900225493,,Actinomycetota,NA
ASV_003386,sediment,3,TRUE,2,34,4,0.09811761260837377,,Acidobacteriota,NA
ASV_003390,sediment,3,FALSE,1,34,5,-0.10017163527959373,,Myxococcota,Phaselicystis
ASV_003395,sediment,3,TRUE,3,34,3,0.20304675349387077,,RCP2-54,NA
ASV_003408,sediment,3,FALSE,1,34,4,-0.2348511049412832,,Planctomycetota,NA
ASV_003418,sediment,3,FALSE,1,34,4,0.08419437052818075,,Pseudomonadota,Rhodoplanes
ASV_003480,sediment,3,FALSE,1,34,3,0.05446486035094331,,Pseudomonadota,Hirschia
ASV_003514,sediment,3,FALSE,1,34,3,0.13220960181143632,,Acidobacteriota,NA
ASV_003518,sediment,3,FALSE,1,34,4,0.1795854828574528,,Pseudomonadota,Bauldia
ASV_003519,sediment,3,FALSE,1,34,4,-0.04901318615416448,,Chloroflexota,NA
ASV_003529,sediment,3,FALSE,2,34,3,-0.35388762022724674,,Pseudomonadota,Phyllobacterium
ASV_003539,sediment,3,TRUE,1,34,3,0.16635272583277216,,Acidobacteriota,NA
ASV_003559,sediment,3,FALSE,2,34,3,0.27003392514290303,,Verrucomicrobiota,Opitutus
ASV_003569,sediment,3,FALSE,2,34,5,-0.33096911940099727,,Verrucomicrobiota,ADurb.Bin063-1
ASV_003579,sediment,3,FALSE,1,34,3,-0.22447939546891496,,MBNT15,NA
ASV_003580,sediment,3,FALSE,1,34,3,-0.005506965921176963,,Acidobacteriota,NA
ASV_003587,sediment,3,FALSE,3,34,3,0.4112665906077777,,Pseudomonadota,NA
ASV_003597,sediment,3,FALSE,1,34,3,0.051060151902725705,,Acidobacteriota,NA
ASV_003604,sediment,3,TRUE,7,34,3,0.03300528090824408,,Actinomycetota,Jatrophihabitans
ASV_003631,sediment,3,FALSE,2,34,4,0.13063286785248646,,Pseudomonadota,MND1
ASV_003674,sediment,3,TRUE,1,34,3,0.20351921492905162,,Acidobacteriota,Bryobacter
ASV_003684,sediment,3,FALSE,1,34,5,-0.03686814407838613,,Planctomycetota,NA
ASV_003718,sediment,3,FALSE,1,34,4,-0.2338356076857739,,Acidobacteriota,JGI 0001001-H03
ASV_003719,sediment,3,FALSE,1,34,4,-0.011816896576767606,,Pseudomonadota,Ellin6067
ASV_003735,sediment,3,FALSE,3,34,3,-0.1882017918210427,,Verrucomicrobiota,Oleiharenicola
ASV_003741,sediment,3,FALSE,1,34,3,0.1458528504442246,,Bacteroidota,NA
ASV_003751,sediment,3,FALSE,1,34,5,0.31240250536709996,,Pseudomonadota,Hyphomicrobium
ASV_003755,sediment,3,FALSE,1,34,7,0.10289258372113365,,Pseudomonadota,Arsenicitalea
ASV_003756,sediment,3,FALSE,1,34,3,-0.13009704248217374,,Acidobacteriota,NA
ASV_003768,sediment,3,FALSE,1,34,3,0.1487473406091973,,Pseudomonadota,Hirschia
ASV_003784,sediment,3,FALSE,1,34,5,0.28391442903174424,,Chloroflexota,HSB OF53-F07
ASV_003805,sediment,3,TRUE,4,34,4,0.09349740967214108,,Myxococcota,NA
ASV_003832,sediment,3,FALSE,2,34,6,0.25823902067319343,,Actinomycetota,Acidothermus
ASV_003863,sediment,3,FALSE,1,34,3,-0.041756819140788395,,Pseudomonadota,Bradyrhizobium
ASV_003869,sediment,3,FALSE,1,34,3,0.14483790218366255,,Verrucomicrobiota,Candidatus Udaeobacter
ASV_003871,sediment,3,FALSE,1,34,3,-0.10002722254262313,,Acidobacteriota,Bryobacter
ASV_003881,sediment,3,FALSE,2,34,4,0.25371433892788836,,Acidobacteriota,NA
ASV_003917,sediment,3,TRUE,2,34,3,0.0049602021295774845,,Bacteroidota,Terrimonas
ASV_003930,sediment,3,FALSE,1,34,3,-0.02398289400619133,,Pseudomonadota,Cellvibrio
ASV_003944,sediment,3,FALSE,1,34,3,0.14905897014333686,,Myxococcota,Pajaroellobacter
ASV_003973,sediment,3,FALSE,1,34,3,0.12868791600656057,,Bacteroidota,Ferruginibacter
ASV_003975,sediment,3,FALSE,2,34,5,0.21299238573062185,,Pseudomonadota,Hirschia
ASV_003978,sediment,3,FALSE,1,34,5,-0.17941482633542152,,Chloroflexota,NA
ASV_003991,sediment,3,TRUE,1,34,3,0.3579604805764555,,Pseudomonadota,Roseiarcus
ASV_004017,sediment,3,FALSE,2,34,3,-0.030598551424660933,,Bacteroidota,NA
ASV_004054,sediment,3,FALSE,1,34,3,-0.2606951530002123,,Chloroflexota,NA
ASV_004066,sediment,3,FALSE,1,34,4,0.299713761470126,,Verrucomicrobiota,NA
ASV_004076,sediment,3,FALSE,1,34,3,-0.23024725520922676,,Chloroflexota,NA
ASV_004078,sediment,3,TRUE,3,34,3,-0.2462740357335221,,Verrucomicrobiota,SH3-11
ASV_004087,sediment,3,FALSE,1,34,3,-0.49589969151036367,,Latescibacterota,NA
ASV_004092,sediment,3,FALSE,1,34,3,0.34032889382621834,,Pseudomonadota,NA
ASV_004138,sediment,3,FALSE,1,34,4,0.14054608061990156,,Myxococcota,NA
ASV_004145,sediment,3,FALSE,1,34,3,0.12790063290895123,,Pseudomonadota,NA
ASV_004177,sediment,3,FALSE,1,34,3,-0.1558256512580812,,Actinomycetota,Longivirga
ASV_004196,sediment,3,FALSE,3,34,3,-0.21766477266729725,,Verrucomicrobiota,Oleiharenicola
ASV_004215,sediment,3,FALSE,1,34,3,0.15832451467188247,,Thermodesulfobacteriota,NA
ASV_004230,sediment,3,FALSE,1,34,3,-0.18114375093039198,,Pseudomonadota,NA
ASV_004234,sediment,3,FALSE,1,34,4,0.0279378078225165,,Pseudomonadota,NA
ASV_004247,sediment,3,FALSE,2,34,3,-0.02681598169388849,,Nitrospirota,Nitrospira
ASV_004249,sediment,3,FALSE,1,34,3,-0.3269384125042218,,Planctomycetota,NA
ASV_004250,sediment,3,FALSE,1,34,4,0.18759003075133748,,Acidobacteriota,NA
ASV_004277,sediment,3,FALSE,1,34,3,0.17776135638167928,,Pseudomonadota,Caulobacter
ASV_004320,sediment,3,FALSE,1,34,5,-0.1910531740154229,,Actinomycetota,Gaiella
ASV_004331,sediment,3,FALSE,2,34,3,-0.21531835871093818,,Actinomycetota,Actinoplanes
ASV_004347,sediment,3,FALSE,2,34,3,0.4008680534052017,,Acidobacteriota,NA
ASV_004357,sediment,3,FALSE,1,34,5,-0.17857676659526484,,Acidobacteriota,NA
ASV_004404,sediment,3,TRUE,2,34,3,0.07044404402825186,,Verrucomicrobiota,Pedosphaera
ASV_004405,sediment,3,FALSE,1,34,3,0.03995869081490087,,FCPU426,NA
ASV_004407,sediment,3,FALSE,1,34,4,-0.2201155046667047,,Planctomycetota,Pirellula
ASV_004410,sediment,3,FALSE,1,34,3,0.2716041498069269,,Gemmatimonadota,NA
ASV_004445,sediment,3,FALSE,1,34,5,-0.014025336183670759,,Verrucomicrobiota,NA
ASV_004452,sediment,3,FALSE,1,34,3,0.04515481400049087,,Actinomycetota,NA
ASV_004481,sediment,3,TRUE,2,34,3,-0.1319977330639352,,Pseudomonadota,GOUTA6
ASV_004544,sediment,3,FALSE,1,34,3,0.18272536998452796,,Verrucomicrobiota,DEV114
ASV_004630,sediment,3,FALSE,1,34,5,0.1956828341677042,,Chloroflexota,HSB OF53-F07
ASV_004635,sediment,3,FALSE,1,34,3,-0.34180880115989526,,Chloroflexota,NA
ASV_004707,sediment,3,TRUE,2,34,4,0.41197575896407546,,Myxococcota,NA
ASV_004708,sediment,3,TRUE,1,34,4,0.22534082658423912,,Verrucomicrobiota,Candidatus Udaeobacter
ASV_004726,sediment,3,FALSE,1,34,4,-0.25561273576538446,,Verrucomicrobiota,NA
ASV_004771,sediment,3,FALSE,1,34,3,0.08766414205733641,,Myxococcota,Anaeromyxobacter
ASV_004782,sediment,3,FALSE,1,34,4,-0.029194724129355715,,MBNT15,NA
ASV_004798,sediment,3,FALSE,1,34,4,-0.029473965434683735,,Chloroflexota,NA
ASV_004817,sediment,3,FALSE,1,34,6,-0.04215692420865796,,Pseudomonadota,NA
ASV_004822,sediment,3,TRUE,1,34,4,0.004140646872807293,,Acidobacteriota,NA
ASV_004843,sediment,3,FALSE,2,34,3,-0.26617843036335337,,Verrucomicrobiota,NA
ASV_004880,sediment,3,FALSE,1,34,3,-0.1769683196408211,,Latescibacterota,NA
ASV_004881,sediment,3,FALSE,1,34,3,0.07258470554016484,,Myxococcota,NA
ASV_004926,sediment,3,FALSE,1,34,3,0.06579384791545452,,Verrucomicrobiota,Candidatus Udaeobacter
ASV_004959,sediment,3,FALSE,2,34,3,-0.037010385228961364,,Actinomycetota,Acidiferrimicrobium
ASV_005008,sediment,3,FALSE,2,34,3,0.007138673540288012,,Chloroflexota,NA
ASV_005016,sediment,3,FALSE,1,34,3,0.3157168655476069,,Pseudomonadota,GOUTA6
ASV_005077,sediment,3,FALSE,1,34,5,-0.03798465534188681,,Acidobacteriota,NA
ASV_005082,sediment,3,FALSE,1,34,4,0.19733412608214326,,Methylomirabilota,NA
ASV_005084,sediment,3,FALSE,1,34,3,0.01675582847040711,,Verrucomicrobiota,NA
ASV_005100,sediment,3,FALSE,1,34,7,-0.0726760658364608,,Acidobacteriota,NA
ASV_005124,sediment,3,FALSE,1,34,6,-0.08764620387414698,,Pseudomonadota,NA
ASV_005155,sediment,3,FALSE,2,34,3,-0.1323966179004437,,Pseudomonadota,Novosphingobium
ASV_005354,sediment,3,FALSE,1,34,3,-0.32502326103506785,,Chloroflexota,NA
ASV_005396,sediment,3,FALSE,1,34,3,-0.24889787313166506,,Thermodesulfobacteriota,NA
ASV_005431,sediment,3,FALSE,1,34,3,-0.21239113733298579,,Actinomycetota,Nocardioides
ASV_005562,sediment,3,FALSE,2,34,3,0.1030122388872758,,Planctomycetota,NA
ASV_005605,sediment,3,FALSE,1,34,3,0.02879781026484749,,Chloroflexota,NA
ASV_005644,sediment,3,FALSE,1,34,3,0.3123265286821795,,Verrucomicrobiota,Oleiharenicola
ASV_005655,sediment,3,FALSE,1,34,4,0.27320256010283106,,Myxococcota,NA
ASV_005729,sediment,3,FALSE,1,34,3,0.023654584725792526,,Acidobacteriota,Subgroup 10
ASV_005858,sediment,3,FALSE,1,34,3,0.10474463436732179,,Acidobacteriota,Luteitalea
ASV_005915,sediment,3,FALSE,3,34,3,-0.16625055136469594,,Myxococcota,NA
ASV_006004,sediment,3,FALSE,2,34,4,0.1301531880551808,,Planctomycetota,NA
ASV_006020,sediment,3,FALSE,1,34,3,-0.06393937583650178,,Actinomycetota,Gaiella
ASV_006123,sediment,3,FALSE,1,34,3,-0.248795418015819,,Nitrospirota,Nitrospira
ASV_006267,sediment,3,TRUE,1,34,4,0.23153983727325383,,Acidobacteriota,NA
ASV_006303,sediment,3,FALSE,1,34,3,0.218889473153778,,Gemmatimonadota,Gemmatimonas
ASV_006333,sediment,3,FALSE,1,34,3,0.03780339692820822,,Bacteroidota,NA
ASV_006336,sediment,3,FALSE,1,34,3,0.04420684902348163,,Bacillota,Staphylospora
ASV_007099,sediment,3,FALSE,1,34,3,-0.026537081393239542,,Thermodesulfobacteriota,NA
ASV_007107,sediment,3,FALSE,1,34,3,-0.04671735257523398,,Planctomycetota,NA
ASV_007149,sediment,3,FALSE,1,34,3,0.16067289078957775,,Bacillota,Alicyclobacillus
ASV_007251,sediment,3,FALSE,1,34,4,-0.22708813238356482,,Pseudomonadota,Hyphomicrobium
ASV_007647,sediment,3,FALSE,1,34,3,-0.15683834194373494,,Methylomirabilota,NA
ASV_007659,sediment,3,FALSE,1,34,4,0.2849062698318552,,RCP2-54,NA
ASV_007699,sediment,3,FALSE,1,34,3,-0.2810232635320911,,Acidobacteriota,Subgroup 10
ASV_007814,sediment,3,FALSE,1,34,3,-0.15204249155111021,,Myxococcota,NA
ASV_007820,sediment,3,FALSE,1,34,3,-0.38156598158580235,,Verrucomicrobiota,Candidatus Udaeobacter
ASV_007912,sediment,3,FALSE,1,34,3,0.06407883985426144,,Myxococcota,Phaselicystis
ASV_008040,sediment,3,FALSE,1,34,4,0.14428669391410084,,Methylomirabilota,NA
ASV_008177,sediment,3,FALSE,2,34,4,0.3328550437140303,,Pseudomonadota,NA
ASV_008436,sediment,3,FALSE,1,34,3,-0.21559396616200585,,Acidobacteriota,NA
ASV_008800,sediment,3,FALSE,1,34,3,-0.07175902469393065,,Gemmatimonadota,NA
ASV_010237,sediment,3,FALSE,1,34,3,-0.16119345371860924,,Verrucomicrobiota,Candidatus Udaeobacter
ASV_010454,sediment,3,FALSE,1,34,3,0.11458462662612477,,Planctomycetota,Gemmata
