sample_id,site_code,habitat,site_stream_order,site_segment_number,site_drainage_area_ha,site_utm_x_m,site_utm_y_m,soil_sample_id,soil_site_code,pool,detection_threshold,distance_m,log2_distance_km,soil_asvs,shared_asvs,soil_asv_detection_fraction,aquatic_read_percent
hja2016_001,50,planktonic,5,41,4956.4,563054.321479503,4898132.73601802,hja2016_183,HJA-2016_soil_01,soil_detected,1,4755.781483000312,2.249682428154581,2993,29,0.00968927497494153,6.98
hja2016_008,WS3-1,hyporheic,2,511,96.4,560508.433913191,4896516.80738205,hja2016_183,HJA-2016_soil_01,soil_detected,1,1816.0727806024734,0.8608220209714758,2993,110,0.03675242231874373,17.56
hja2016_009,60,hyporheic,2,316,43.1,567391.129953618,4898693.71124374,hja2016_183,HJA-2016_soil_01,soil_detected,1,8755.930737479888,3.130260542334128,2993,109,0.036418309388573336,22.04
hja2016_010,164,planktonic,3,502,60.8,560307.442789535,4895737.8417834,hja2016_183,HJA-2016_soil_01,soil_detected,1,1113.0952643387484,0.15457707112337973,2993,22,0.007350484463748747,8.39
hja2016_011,WS1-6,planktonic,2,522,82.7,559631.472642313,4894993.87463913,hja2016_183,HJA-2016_soil_01,soil_detected,1,216.39765888447488,-2.20824320355086,2993,158,0.05278984296692282,13.62
hja2016_013,WS1-4,planktonic,2,522,89.8,559453.480502956,4895042.87247524,hja2016_183,HJA-2016_soil_01,soil_detected,1,32.67828392945876,-4.935523966127874,2993,116,0.03875709989976612,14.44
hja2016_014,WS1-6,hyporheic,2,522,82.7,559631.472642313,4894993.87463913,hja2016_183,HJA-2016_soil_01,soil_detected,1,216.39765888447488,-2.20824320355086,2993,97,0.032408954226528564,17.55
hja2016_015,47,hyporheic,4,134,1550.1,563254.31264732,4898130.73610634,hja2016_183,HJA-2016_soil_01,soil_detected,1,4908.845287088644,2.2953836977556397,2993,43,0.014366855997327097,9.6
hja2016_016,74,hyporheic,2,373,70,565310.221852481,4897724.75403567,hja2016_183,HJA-2016_soil_01,soil_detected,1,6460.5813604542345,2.6916639927994574,2993,31,0.010357500835282325,47.78
hja2016_018,WS1-5,hyporheic,2,522,87.9,559517.477676657,4895016.87362342,hja2016_183,HJA-2016_soil_01,soil_detected,1,101.54713742738073,-3.29977852366817,2993,136,0.04543935850317407,8.65
hja2016_019,155,hyporheic,2,345,81.2,565811.199727862,4897652.75721525,hja2016_183,HJA-2016_soil_01,soil_detected,1,6892.605750590121,2.7850494971185347,2993,103,0.03441363180755095,17.53
hja2016_020,WS1-2,hyporheic,2,522,93.6,559354.484874886,4895103.86978142,hja2016_183,HJA-2016_soil_01,soil_detected,1,83.6204061236835,-3.5800011395617566,2993,203,0.06782492482459071,16.22
hja2016_021,156,hyporheic,5,24,2575.9,566141.185154761,4897558.76136638,hja2016_183,HJA-2016_soil_01,soil_detected,1,7166.0844096887195,2.841185037230215,2993,52,0.017373872368860673,10.68
hja2016_027,WS3-6,planktonic,2,510,78.4,560819.420179147,4896235.81979127,hja2016_183,HJA-2016_soil_01,soil_detected,1,1824.3912631204787,0.8674151663612872,2993,55,0.018376211159371866,6.13
hja2016_065,68,hyporheic,5,30,3032.2,565145.229139031,4897899.74630751,hja2016_183,HJA-2016_soil_01,soil_detected,1,6386.539031084864,2.6750343231326403,2993,136,0.04543935850317407,17.87
hja2016_066,49,hyporheic,5,40,3399.1,563281.311454976,4898046.73981585,hja2016_183,HJA-2016_soil_01,soil_detected,1,4878.044063411711,2.2863027900689974,2993,144,0.04811226194453725,13.39
hja2016_070,56,hyporheic,3,321,99.5,562839.3309741,4897811.75019367,hja2016_183,HJA-2016_soil_01,soil_detected,1,4385.557248787959,2.1327601696904486,2993,56,0.018710324089542266,8.33
hja2016_071,164,hyporheic,3,502,60.8,560307.442789535,4895737.8417834,hja2016_183,HJA-2016_soil_01,soil_detected,1,1113.0952643387484,0.15457707112337973,2993,188,0.06281323087203475,15.4
hja2016_075,260,hyporheic,4,23,866.1,566425.172613061,4897456.76587079,hja2016_183,HJA-2016_soil_01,soil_detected,1,7399.2200444966,2.8873732035468938,2993,83,0.027731373204143,13.61
hja2016_078,CC-1,hyporheic,2,183,64,569956.016680872,4897740.75332909,hja2016_183,HJA-2016_soil_01,soil_detected,1,10866.903284625894,3.4418689724728506,2993,100,0.03341129301703976,15.28
hja2016_079,64,hyporheic,2,163,33.5,570527.99142083,4895508.85189625,hja2016_183,HJA-2016_soil_01,soil_detected,1,11111.926440575198,3.4740370489081616,2993,108,0.03608419645840294,12.86
hja2016_084,177,hyporheic,1,452,14.8,565808.199860345,4901620.58198475,hja2016_183,HJA-2016_soil_01,soil_detected,1,9153.960602759795,3.194396082814107,2993,102,0.03407951887738055,16.38
hja2016_127,60,sediment,2,316,43.1,567391.129953618,4898693.71124374,hja2016_183,HJA-2016_soil_01,soil_detected,1,8755.930737479888,3.130260542334128,2993,483,0.16137654527230202,27.41
hja2016_129,72,sediment,4,16,568.3,566542.167446234,4896499.80813279,hja2016_183,HJA-2016_soil_01,soil_detected,1,7261.341586408594,2.860236121395769,2993,643,0.21483461409956564,35.91
hja2016_131,74,sediment,2,373,70,565310.221852481,4897724.75403567,hja2016_183,HJA-2016_soil_01,soil_detected,1,6460.5813604542345,2.6916639927994574,2993,714,0.2385566321416639,35.04
hja2016_132,84,sediment,4,112,622.7,566447.171641521,4900685.6232752,hja2016_183,HJA-2016_soil_01,soil_detected,1,8998.073084625998,3.169616084898654,2993,725,0.24223187437353827,37.06
hja2016_133,161,sediment,5,51,5699.1,561109.407372482,4897170.77850081,hja2016_183,HJA-2016_soil_01,soil_detected,1,2701.014340405082,1.4335012995197325,2993,702,0.2345472769796191,40.85
hja2016_135,169,sediment,2,144,53.5,568641.074752475,4902527.5419308,hja2016_183,HJA-2016_soil_01,soil_detected,1,11862.093449414371,3.568286737365383,2993,642,0.21450050116939526,39.1
hja2016_136,190,sediment,1,546,14.2,564169.272240084,4897881.7471024,hja2016_183,HJA-2016_soil_01,soil_detected,1,5520.269258726273,2.464738638154742,2993,574,0.1917808219178082,31.92
hja2016_139,CC-2,sediment,2,183,63.6,569992.01509108,4897760.75244588,hja2016_183,HJA-2016_soil_01,soil_detected,1,10906.72858402056,3.4471465326297785,2993,791,0.26428332776478447,38.95
hja2016_140,CC-3,sediment,2,183,63,570038.013059678,4897795.75090024,hja2016_183,HJA-2016_soil_01,soil_detected,1,10959.985280103692,3.4541739555639346,2993,536,0.1790845305713331,29.3
hja2016_141,CC-4,sediment,2,183,58.5,570162.007583724,4897831.74931045,hja2016_183,HJA-2016_soil_01,soil_detected,1,11089.041494915538,3.4710627633361053,2993,561,0.18743735382559304,32.75
hja2016_142,KC-1,sediment,3,362,114.7,562012.367495176,4896802.79475203,hja2016_183,HJA-2016_soil_01,soil_detected,1,3119.8990020537276,1.6414993266533362,2993,547,0.1827597728032075,31.54
hja2016_144,KC-3,sediment,3,362,114,562000.368025107,4896680.80013966,hja2016_183,HJA-2016_soil_01,soil_detected,1,3043.235980606604,1.605606208598131,2993,519,0.17340461075843636,33.16
hja2016_145,155,sediment,2,345,81.2,565811.199727862,4897652.75721525,hja2016_183,HJA-2016_soil_01,soil_detected,1,6892.605750590121,2.7850494971185347,2993,699,0.23354493818910793,36.33
hja2016_146,156,sediment,5,24,2575.9,566141.185154761,4897558.76136638,hja2016_183,HJA-2016_soil_01,soil_detected,1,7166.0844096887195,2.841185037230215,2993,476,0.15903775476110926,28.34
hja2016_147,163,sediment,5,63,6126.6,559726.468447026,4896111.82526722,hja2016_183,HJA-2016_soil_01,soil_detected,1,1094.9095328738433,0.13081167177521913,2993,775,0.2589375208820581,41.62
hja2016_148,165,sediment,2,494,27.9,564789.244860317,4900155.64668049,hja2016_183,HJA-2016_soil_01,soil_detected,1,7399.1363490737285,2.8873568845762847,2993,797,0.2662880053458069,39.74
hja2016_150,53,sediment,3,78,280.7,568092.098996817,4898223.73199937,hja2016_183,HJA-2016_soil_01,soil_detected,1,9226.59458271796,3.2057982659455875,2993,575,0.19211493484797862,30.77
hja2016_151,64,sediment,2,163,33.5,570527.99142083,4895508.85189625,hja2016_183,HJA-2016_soil_01,soil_detected,1,11111.926440575198,3.4740370489081616,2993,842,0.28132308720347476,37.93
hja2016_152,66,sediment,4,79,1360.7,567970.104384448,4898153.73509064,hja2016_183,HJA-2016_soil_01,soil_detected,1,9088.02372767868,3.183966601541503,2993,511,0.17073170731707318,27.36
hja2016_155,82,sediment,2,536,36.6,564452.259742545,4899854.65997292,hja2016_183,HJA-2016_soil_01,soil_detected,1,6947.532615015915,2.7965007021370676,2993,815,0.27230203808887404,38.58
hja2016_157,43,sediment,1,538,7.8,567346.131940859,4898257.7304979,hja2016_183,HJA-2016_soil_01,soil_detected,1,8542.385977026623,3.0946390858238613,2993,556,0.18576678917474107,28.45
hja2016_159,49,sediment,5,40,3399.1,563281.311454976,4898046.73981585,hja2016_183,HJA-2016_soil_01,soil_detected,1,4878.044063411711,2.2863027900689974,2993,564,0.18843969261610424,33.43
hja2016_160,50,sediment,5,41,4956.4,563054.321479503,4898132.73601802,hja2016_183,HJA-2016_soil_01,soil_detected,1,4755.781483000312,2.249682428154581,2993,354,0.11827597728032074,16.62
hja2016_031,161,hyporheic,5,51,5699.1,561109.407372482,4897170.77850081,hja2016_183,HJA-2016_soil_01,soil_detected,1,2701.014340405082,1.4335012995197325,2993,34,0.011359839625793518,11.75
hja2016_032,54,hyporheic,3,363,207.7,561802.376768968,4897363.76997776,hja2016_183,HJA-2016_soil_01,soil_detected,1,3310.9247520991207,1.7272342227533195,2993,51,0.017039759438690277,13.35
hja2016_035,192,hyporheic,2,542,28.5,564620.252323511,4897836.74908965,hja2016_183,HJA-2016_soil_01,soil_detected,1,5890.989349466072,2.5585099447020534,2993,44,0.014700968927497494,8.08
hja2016_037,43,hyporheic,1,538,7.8,567346.131940859,4898257.7304979,hja2016_183,HJA-2016_soil_01,soil_detected,1,8542.385977026623,3.0946390858238613,2993,51,0.017039759438690277,14.71
hja2016_042,165,planktonic,2,494,27.9,564789.244860317,4900155.64668049,hja2016_183,HJA-2016_soil_01,soil_detected,1,7399.1363490737285,2.8873568845762847,2993,16,0.0053458068827263614,3.4
hja2016_043,KC-2,hyporheic,3,362,114.2,561999.368069268,4896735.79771081,hja2016_183,HJA-2016_soil_01,soil_detected,1,3072.056347196398,1.6192046779976386,2993,62,0.02071500167056465,16.44
hja2016_049,67,planktonic,4,83,1558.1,567119.141965387,4897968.74326041,hja2016_183,HJA-2016_soil_01,soil_detected,1,8225.73773453772,3.0401450743773624,2993,22,0.007350484463748747,7.42
hja2016_050,165,hyporheic,2,494,27.9,564789.244860317,4900155.64668049,hja2016_183,HJA-2016_soil_01,soil_detected,1,7399.1363490737285,2.8873568845762847,2993,103,0.03441363180755095,12.06
hja2016_052,163,hyporheic,5,63,6126.6,559726.468447026,4896111.82526722,hja2016_183,HJA-2016_soil_01,soil_detected,1,1094.9095328738433,0.13081167177521913,2993,138,0.04610758436351487,15.05
hja2016_056,KC-1,hyporheic,3,362,114.7,562012.367495176,4896802.79475203,hja2016_183,HJA-2016_soil_01,soil_detected,1,3119.8990020537276,1.6414993266533362,2993,165,0.055128633478115606,13.46
hja2016_057,71,hyporheic,3,556,101.7,562662.338790582,4897988.74237719,hja2016_183,HJA-2016_soil_01,soil_detected,1,4365.955562321182,2.126297446328447,2993,51,0.017039759438690277,10.58
hja2016_059,KC-2,planktonic,3,362,114.2,561999.368069268,4896735.79771081,hja2016_183,HJA-2016_soil_01,soil_detected,1,3072.056347196398,1.6192046779976386,2993,160,0.053458068827263616,13.81
hja2016_062,WS3-3,hyporheic,2,511,93.4,560639.428128111,4896408.81215143,hja2016_183,HJA-2016_soil_01,soil_detected,1,1815.4653488250265,0.8603393941671075,2993,172,0.05746742398930839,11.05
hja2016_064,WS3-4,planktonic,2,510,81.3,560692.425787583,4896348.81480109,hja2016_183,HJA-2016_soil_01,soil_detected,1,1808.0600595762737,0.8544426015438721,2993,82,0.0273972602739726,12.82
hja2016_099,162,planktonic,5,66,6208.4,559348.485139852,4895468.85366269,hja2016_183,HJA-2016_soil_01,soil_detected,1,416.7801366993802,-1.2626415729527134,2993,92,0.030738389575676577,3.44
hja2016_100,64,planktonic,2,163,33.5,570527.99142083,4895508.85189625,hja2016_183,HJA-2016_soil_01,soil_detected,1,11111.926440575198,3.4740370489081616,2993,60,0.020046775810223856,2.17
hja2016_101,58,planktonic,3,385,67.2,566998.147308857,4898497.71989928,hja2016_183,HJA-2016_soil_01,soil_detected,1,8317.062617393829,3.0560740938032347,2993,85,0.028399599064483794,3.51
hja2016_102,73,hyporheic,2,255,137,566310.177691566,4896786.79545861,hja2016_183,HJA-2016_soil_01,soil_detected,1,7098.4504909878015,2.82750413547107,2993,90,0.030070163715335784,3.38
hja2016_103,260,planktonic,4,23,866.1,566425.172613061,4897456.76587079,hja2016_183,HJA-2016_soil_01,soil_detected,1,7399.2200444966,2.8873732035468938,2993,197,0.06582024724356833,9.16
hja2016_105,178,planktonic,2,411,19.9,566185.18321168,4901793.57434491,hja2016_183,HJA-2016_soil_01,soil_detected,1,9542.00050990428,3.2542917634167843,2993,101,0.03374540594721016,4.07
hja2016_106,170,planktonic,2,229,49.4,570659.985591589,4896908.79007097,hja2016_183,HJA-2016_soil_01,soil_detected,1,11386.051855441236,3.5091956702031113,2993,49,0.016371533578349484,1.17
hja2016_107,57,hyporheic,4,131,1488.8,563668.294364702,4898599.71539487,hja2016_183,HJA-2016_soil_01,soil_detected,1,5526.252040135455,2.466301361781515,2993,110,0.03675242231874373,3.5
hja2016_109,169,planktonic,2,144,53.5,568641.074752475,4902527.5419308,hja2016_183,HJA-2016_soil_01,soil_detected,1,11862.093449414371,3.568286737365383,2993,77,0.025726695623120615,3.96
hja2016_110,76,hyporheic,3,150,303.5,570464.994202967,4896947.7883487,hja2016_183,HJA-2016_soil_01,soil_detected,1,11200.205182421572,3.4854532568979764,2993,73,0.024390243902439025,3.9
hja2016_111,160,planktonic,5,24,2569.5,566416.173010509,4897492.764281,hja2016_183,HJA-2016_soil_01,soil_detected,1,7402.4629386502365,2.888005362389069,2993,104,0.034747744737721346,4.17
hja2016_114,WS1-5,planktonic,2,522,87.9,559517.477676657,4895016.87362342,hja2016_183,HJA-2016_soil_01,soil_detected,1,101.54713742738073,-3.29977852366817,2993,109,0.036418309388573336,4.23
hja2016_116,53,planktonic,3,78,280.7,568092.098996817,4898223.73199937,hja2016_183,HJA-2016_soil_01,soil_detected,1,9226.59458271796,3.2057982659455875,2993,115,0.03842298696959572,4.14
hja2016_119,56,planktonic,3,321,99.5,562839.3309741,4897811.75019367,hja2016_183,HJA-2016_soil_01,soil_detected,1,4385.557248787959,2.1327601696904486,2993,222,0.07417307049782827,8.48
hja2016_121,84,hyporheic,4,112,622.7,566447.171641521,4900685.6232752,hja2016_183,HJA-2016_soil_01,soil_detected,1,8998.073084625998,3.169616084898654,2993,45,0.015035081857667892,0.94
hja2016_122,45,sediment,3,390,193.2,565977.192397151,4897892.74661664,hja2016_183,HJA-2016_soil_01,soil_detected,1,7138.493525190552,2.835619646656177,2993,582,0.1944537253591714,34.61
hja2016_125,56,sediment,3,321,99.5,562839.3309741,4897811.75019367,hja2016_183,HJA-2016_soil_01,soil_detected,1,4385.557248787959,2.1327601696904486,2993,605,0.20213832275309054,35.89
hja2016_164,260,sediment,4,23,866.1,566425.172613061,4897456.76587079,hja2016_183,HJA-2016_soil_01,soil_detected,1,7399.2200444966,2.8873732035468938,2993,654,0.21850985633144002,35.67
hja2016_166,57,sediment,4,131,1488.8,563668.294364702,4898599.71539487,hja2016_183,HJA-2016_soil_01,soil_detected,1,5526.252040135455,2.466301361781515,2993,378,0.1262946876044103,17.29
hja2016_167,WS3-1,sediment,2,511,96.4,560508.433913191,4896516.80738205,hja2016_183,HJA-2016_soil_01,soil_detected,1,1816.0727806024734,0.8608220209714758,2993,698,0.23321082525893752,42.32
hja2016_169,WS3-2,sediment,2,511,95.7,560554.431881789,4896487.80866272,hja2016_183,HJA-2016_soil_01,soil_detected,1,1821.0423062954935,0.8647644392690184,2993,737,0.24624122953558303,41.33
hja2016_170,WS3-3,sediment,2,511,93.4,560639.428128111,4896408.81215143,hja2016_183,HJA-2016_soil_01,soil_detected,1,1815.4653488250265,0.8603393941671075,2993,667,0.22285332442365519,27.99
hja2016_177,WS1-3,sediment,2,522,92.1,559404.482666841,4895069.8712829,hja2016_183,HJA-2016_soil_01,soil_detected,1,23.280057496084023,-5.42476156841801,2993,645,0.21550283995990646,37.92
hja2016_179,WS1-5,sediment,2,522,87.9,559517.477676657,4895016.87362342,hja2016_183,HJA-2016_soil_01,soil_detected,1,101.54713742738073,-3.29977852366817,2993,489,0.16338122285332443,30.84
hja2016_180,WS1-6,sediment,2,522,82.7,559631.472642313,4894993.87463913,hja2016_183,HJA-2016_soil_01,soil_detected,1,216.39765888447488,-2.20824320355086,2993,408,0.1363180755095222,18.08
hja2016_181,177,sediment,1,452,14.8,565808.199860345,4901620.58198475,hja2016_183,HJA-2016_soil_01,soil_detected,1,9153.960602759795,3.194396082814107,2993,714,0.2385566321416639,28.28
hja2016_001,50,planktonic,5,41,4956.4,563054.321479503,4898132.73601802,hja2016_183,HJA-2016_soil_01,soil_enriched,1,4755.781483000312,2.249682428154581,1074,3,0.002793296089385475,0.62
hja2016_008,WS3-1,hyporheic,2,511,96.4,560508.433913191,4896516.80738205,hja2016_183,HJA-2016_soil_01,soil_enriched,1,1816.0727806024734,0.8608220209714758,1074,12,0.0111731843575419,1.27
hja2016_009,60,hyporheic,2,316,43.1,567391.129953618,4898693.71124374,hja2016_183,HJA-2016_soil_01,soil_enriched,1,8755.930737479888,3.130260542334128,1074,9,0.008379888268156424,0.79
hja2016_010,164,planktonic,3,502,60.8,560307.442789535,4895737.8417834,hja2016_183,HJA-2016_soil_01,soil_enriched,1,1113.0952643387484,0.15457707112337973,1074,0,0,0
hja2016_011,WS1-6,planktonic,2,522,82.7,559631.472642313,4894993.87463913,hja2016_183,HJA-2016_soil_01,soil_enriched,1,216.39765888447488,-2.20824320355086,1074,20,0.0186219739292365,1.21
hja2016_013,WS1-4,planktonic,2,522,89.8,559453.480502956,4895042.87247524,hja2016_183,HJA-2016_soil_01,soil_enriched,1,32.67828392945876,-4.935523966127874,1074,11,0.010242085661080074,1
hja2016_014,WS1-6,hyporheic,2,522,82.7,559631.472642313,4894993.87463913,hja2016_183,HJA-2016_soil_01,soil_enriched,1,216.39765888447488,-2.20824320355086,1074,4,0.0037243947858473,0.55
hja2016_015,47,hyporheic,4,134,1550.1,563254.31264732,4898130.73610634,hja2016_183,HJA-2016_soil_01,soil_enriched,1,4908.845287088644,2.2953836977556397,1074,2,0.00186219739292365,0.62
hja2016_016,74,hyporheic,2,373,70,565310.221852481,4897724.75403567,hja2016_183,HJA-2016_soil_01,soil_enriched,1,6460.5813604542345,2.6916639927994574,1074,2,0.00186219739292365,0.21
hja2016_018,WS1-5,hyporheic,2,522,87.9,559517.477676657,4895016.87362342,hja2016_183,HJA-2016_soil_01,soil_enriched,1,101.54713742738073,-3.29977852366817,1074,15,0.013966480446927373,0.56
hja2016_019,155,hyporheic,2,345,81.2,565811.199727862,4897652.75721525,hja2016_183,HJA-2016_soil_01,soil_enriched,1,6892.605750590121,2.7850494971185347,1074,12,0.0111731843575419,2.58
hja2016_020,WS1-2,hyporheic,2,522,93.6,559354.484874886,4895103.86978142,hja2016_183,HJA-2016_soil_01,soil_enriched,1,83.6204061236835,-3.5800011395617566,1074,27,0.025139664804469275,1.44
hja2016_021,156,hyporheic,5,24,2575.9,566141.185154761,4897558.76136638,hja2016_183,HJA-2016_soil_01,soil_enriched,1,7166.0844096887195,2.841185037230215,1074,6,0.00558659217877095,0.99
hja2016_027,WS3-6,planktonic,2,510,78.4,560819.420179147,4896235.81979127,hja2016_183,HJA-2016_soil_01,soil_enriched,1,1824.3912631204787,0.8674151663612872,1074,7,0.006517690875232775,0.64
hja2016_065,68,hyporheic,5,30,3032.2,565145.229139031,4897899.74630751,hja2016_183,HJA-2016_soil_01,soil_enriched,1,6386.539031084864,2.6750343231326403,1074,18,0.01675977653631285,1.77
hja2016_066,49,hyporheic,5,40,3399.1,563281.311454976,4898046.73981585,hja2016_183,HJA-2016_soil_01,soil_enriched,1,4878.044063411711,2.2863027900689974,1074,24,0.0223463687150838,1.5
hja2016_070,56,hyporheic,3,321,99.5,562839.3309741,4897811.75019367,hja2016_183,HJA-2016_soil_01,soil_enriched,1,4385.557248787959,2.1327601696904486,1074,9,0.008379888268156424,1.23
hja2016_071,164,hyporheic,3,502,60.8,560307.442789535,4895737.8417834,hja2016_183,HJA-2016_soil_01,soil_enriched,1,1113.0952643387484,0.15457707112337973,1074,24,0.0223463687150838,1.16
hja2016_075,260,hyporheic,4,23,866.1,566425.172613061,4897456.76587079,hja2016_183,HJA-2016_soil_01,soil_enriched,1,7399.2200444966,2.8873732035468938,1074,8,0.0074487895716946,1.19
hja2016_078,CC-1,hyporheic,2,183,64,569956.016680872,4897740.75332909,hja2016_183,HJA-2016_soil_01,soil_enriched,1,10866.903284625894,3.4418689724728506,1074,9,0.008379888268156424,1.31
hja2016_079,64,hyporheic,2,163,33.5,570527.99142083,4895508.85189625,hja2016_183,HJA-2016_soil_01,soil_enriched,1,11111.926440575198,3.4740370489081616,1074,26,0.024208566108007448,1.88
hja2016_084,177,hyporheic,1,452,14.8,565808.199860345,4901620.58198475,hja2016_183,HJA-2016_soil_01,soil_enriched,1,9153.960602759795,3.194396082814107,1074,13,0.012104283054003724,0.9
hja2016_127,60,sediment,2,316,43.1,567391.129953618,4898693.71124374,hja2016_183,HJA-2016_soil_01,soil_enriched,1,8755.930737479888,3.130260542334128,1074,77,0.07169459962756052,2.08
hja2016_129,72,sediment,4,16,568.3,566542.167446234,4896499.80813279,hja2016_183,HJA-2016_soil_01,soil_enriched,1,7261.341586408594,2.860236121395769,1074,151,0.14059590316573556,5.17
hja2016_131,74,sediment,2,373,70,565310.221852481,4897724.75403567,hja2016_183,HJA-2016_soil_01,soil_enriched,1,6460.5813604542345,2.6916639927994574,1074,176,0.16387337057728119,5.47
hja2016_132,84,sediment,4,112,622.7,566447.171641521,4900685.6232752,hja2016_183,HJA-2016_soil_01,soil_enriched,1,8998.073084625998,3.169616084898654,1074,201,0.1871508379888268,5.07
hja2016_133,161,sediment,5,51,5699.1,561109.407372482,4897170.77850081,hja2016_183,HJA-2016_soil_01,soil_enriched,1,2701.014340405082,1.4335012995197325,1074,256,0.2383612662942272,12.68
hja2016_135,169,sediment,2,144,53.5,568641.074752475,4902527.5419308,hja2016_183,HJA-2016_soil_01,soil_enriched,1,11862.093449414371,3.568286737365383,1074,170,0.15828677839851024,5.39
hja2016_136,190,sediment,1,546,14.2,564169.272240084,4897881.7471024,hja2016_183,HJA-2016_soil_01,soil_enriched,1,5520.269258726273,2.464738638154742,1074,133,0.12383612662942271,3.51
hja2016_139,CC-2,sediment,2,183,63.6,569992.01509108,4897760.75244588,hja2016_183,HJA-2016_soil_01,soil_enriched,1,10906.72858402056,3.4471465326297785,1074,218,0.20297951582867785,6.78
hja2016_140,CC-3,sediment,2,183,63,570038.013059678,4897795.75090024,hja2016_183,HJA-2016_soil_01,soil_enriched,1,10959.985280103692,3.4541739555639346,1074,125,0.11638733705772812,3.29
hja2016_141,CC-4,sediment,2,183,58.5,570162.007583724,4897831.74931045,hja2016_183,HJA-2016_soil_01,soil_enriched,1,11089.041494915538,3.4710627633361053,1074,130,0.12104283054003724,3.98
hja2016_142,KC-1,sediment,3,362,114.7,562012.367495176,4896802.79475203,hja2016_183,HJA-2016_soil_01,soil_enriched,1,3119.8990020537276,1.6414993266533362,1074,123,0.11452513966480447,3.48
hja2016_144,KC-3,sediment,3,362,114,562000.368025107,4896680.80013966,hja2016_183,HJA-2016_soil_01,soil_enriched,1,3043.235980606604,1.605606208598131,1074,108,0.1005586592178771,3.53
hja2016_145,155,sediment,2,345,81.2,565811.199727862,4897652.75721525,hja2016_183,HJA-2016_soil_01,soil_enriched,1,6892.605750590121,2.7850494971185347,1074,165,0.15363128491620112,5.24
hja2016_146,156,sediment,5,24,2575.9,566141.185154761,4897558.76136638,hja2016_183,HJA-2016_soil_01,soil_enriched,1,7166.0844096887195,2.841185037230215,1074,103,0.09590316573556797,2.57
hja2016_147,163,sediment,5,63,6126.6,559726.468447026,4896111.82526722,hja2016_183,HJA-2016_soil_01,soil_enriched,1,1094.9095328738433,0.13081167177521913,1074,284,0.2644320297951583,12.54
hja2016_148,165,sediment,2,494,27.9,564789.244860317,4900155.64668049,hja2016_183,HJA-2016_soil_01,soil_enriched,1,7399.1363490737285,2.8873568845762847,1074,240,0.22346368715083798,7.44
hja2016_150,53,sediment,3,78,280.7,568092.098996817,4898223.73199937,hja2016_183,HJA-2016_soil_01,soil_enriched,1,9226.59458271796,3.2057982659455875,1074,139,0.12942271880819367,3.38
hja2016_151,64,sediment,2,163,33.5,570527.99142083,4895508.85189625,hja2016_183,HJA-2016_soil_01,soil_enriched,1,11111.926440575198,3.4740370489081616,1074,325,0.3026070763500931,11.53
hja2016_152,66,sediment,4,79,1360.7,567970.104384448,4898153.73509064,hja2016_183,HJA-2016_soil_01,soil_enriched,1,9088.02372767868,3.183966601541503,1074,123,0.11452513966480447,2.51
hja2016_155,82,sediment,2,536,36.6,564452.259742545,4899854.65997292,hja2016_183,HJA-2016_soil_01,soil_enriched,1,6947.532615015915,2.7965007021370676,1074,233,0.2169459962756052,7.12
hja2016_157,43,sediment,1,538,7.8,567346.131940859,4898257.7304979,hja2016_183,HJA-2016_soil_01,soil_enriched,1,8542.385977026623,3.0946390858238613,1074,130,0.12104283054003724,2.91
hja2016_159,49,sediment,5,40,3399.1,563281.311454976,4898046.73981585,hja2016_183,HJA-2016_soil_01,soil_enriched,1,4878.044063411711,2.2863027900689974,1074,117,0.10893854748603352,3.2
hja2016_160,50,sediment,5,41,4956.4,563054.321479503,4898132.73601802,hja2016_183,HJA-2016_soil_01,soil_enriched,1,4755.781483000312,2.249682428154581,1074,61,0.056797020484171325,1.23
hja2016_031,161,hyporheic,5,51,5699.1,561109.407372482,4897170.77850081,hja2016_183,HJA-2016_soil_01,soil_enriched,1,2701.014340405082,1.4335012995197325,1074,5,0.004655493482309125,1.31
hja2016_032,54,hyporheic,3,363,207.7,561802.376768968,4897363.76997776,hja2016_183,HJA-2016_soil_01,soil_enriched,1,3310.9247520991207,1.7272342227533195,1074,7,0.006517690875232775,0.76
hja2016_035,192,hyporheic,2,542,28.5,564620.252323511,4897836.74908965,hja2016_183,HJA-2016_soil_01,soil_enriched,1,5890.989349466072,2.5585099447020534,1074,7,0.006517690875232775,1.29
hja2016_037,43,hyporheic,1,538,7.8,567346.131940859,4898257.7304979,hja2016_183,HJA-2016_soil_01,soil_enriched,1,8542.385977026623,3.0946390858238613,1074,0,0,0
hja2016_042,165,planktonic,2,494,27.9,564789.244860317,4900155.64668049,hja2016_183,HJA-2016_soil_01,soil_enriched,1,7399.1363490737285,2.8873568845762847,1074,1,9.31098696461825e-4,0.07
hja2016_043,KC-2,hyporheic,3,362,114.2,561999.368069268,4896735.79771081,hja2016_183,HJA-2016_soil_01,soil_enriched,1,3072.056347196398,1.6192046779976386,1074,6,0.00558659217877095,1.17
hja2016_049,67,planktonic,4,83,1558.1,567119.141965387,4897968.74326041,hja2016_183,HJA-2016_soil_01,soil_enriched,1,8225.73773453772,3.0401450743773624,1074,4,0.0037243947858473,0.08
hja2016_050,165,hyporheic,2,494,27.9,564789.244860317,4900155.64668049,hja2016_183,HJA-2016_soil_01,soil_enriched,1,7399.1363490737285,2.8873568845762847,1074,10,0.00931098696461825,0.86
hja2016_052,163,hyporheic,5,63,6126.6,559726.468447026,4896111.82526722,hja2016_183,HJA-2016_soil_01,soil_enriched,1,1094.9095328738433,0.13081167177521913,1074,23,0.021415270018621976,1.53
hja2016_056,KC-1,hyporheic,3,362,114.7,562012.367495176,4896802.79475203,hja2016_183,HJA-2016_soil_01,soil_enriched,1,3119.8990020537276,1.6414993266533362,1074,16,0.0148975791433892,0.92
hja2016_057,71,hyporheic,3,556,101.7,562662.338790582,4897988.74237719,hja2016_183,HJA-2016_soil_01,soil_enriched,1,4365.955562321182,2.126297446328447,1074,4,0.0037243947858473,0.78
hja2016_059,KC-2,planktonic,3,362,114.2,561999.368069268,4896735.79771081,hja2016_183,HJA-2016_soil_01,soil_enriched,1,3072.056347196398,1.6192046779976386,1074,25,0.023277467411545624,1.49
hja2016_062,WS3-3,hyporheic,2,511,93.4,560639.428128111,4896408.81215143,hja2016_183,HJA-2016_soil_01,soil_enriched,1,1815.4653488250265,0.8603393941671075,1074,21,0.019553072625698324,1.3
hja2016_064,WS3-4,planktonic,2,510,81.3,560692.425787583,4896348.81480109,hja2016_183,HJA-2016_soil_01,soil_enriched,1,1808.0600595762737,0.8544426015438721,1074,11,0.010242085661080074,1.2
hja2016_099,162,planktonic,5,66,6208.4,559348.485139852,4895468.85366269,hja2016_183,HJA-2016_soil_01,soil_enriched,1,416.7801366993802,-1.2626415729527134,1074,15,0.013966480446927373,0.43
hja2016_100,64,planktonic,2,163,33.5,570527.99142083,4895508.85189625,hja2016_183,HJA-2016_soil_01,soil_enriched,1,11111.926440575198,3.4740370489081616,1074,13,0.012104283054003724,0.23
hja2016_101,58,planktonic,3,385,67.2,566998.147308857,4898497.71989928,hja2016_183,HJA-2016_soil_01,soil_enriched,1,8317.062617393829,3.0560740938032347,1074,14,0.01303538175046555,0.27
hja2016_102,73,hyporheic,2,255,137,566310.177691566,4896786.79545861,hja2016_183,HJA-2016_soil_01,soil_enriched,1,7098.4504909878015,2.82750413547107,1074,19,0.017690875232774673,0.45
hja2016_103,260,planktonic,4,23,866.1,566425.172613061,4897456.76587079,hja2016_183,HJA-2016_soil_01,soil_enriched,1,7399.2200444966,2.8873732035468938,1074,51,0.04748603351955307,1.07
hja2016_105,178,planktonic,2,411,19.9,566185.18321168,4901793.57434491,hja2016_183,HJA-2016_soil_01,soil_enriched,1,9542.00050990428,3.2542917634167843,1074,22,0.020484171322160148,0.61
hja2016_106,170,planktonic,2,229,49.4,570659.985591589,4896908.79007097,hja2016_183,HJA-2016_soil_01,soil_enriched,1,11386.051855441236,3.5091956702031113,1074,10,0.00931098696461825,0.13
hja2016_107,57,hyporheic,4,131,1488.8,563668.294364702,4898599.71539487,hja2016_183,HJA-2016_soil_01,soil_enriched,1,5526.252040135455,2.466301361781515,1074,20,0.0186219739292365,0.43
hja2016_109,169,planktonic,2,144,53.5,568641.074752475,4902527.5419308,hja2016_183,HJA-2016_soil_01,soil_enriched,1,11862.093449414371,3.568286737365383,1074,13,0.012104283054003724,0.55
hja2016_110,76,hyporheic,3,150,303.5,570464.994202967,4896947.7883487,hja2016_183,HJA-2016_soil_01,soil_enriched,1,11200.205182421572,3.4854532568979764,1074,16,0.0148975791433892,0.52
hja2016_111,160,planktonic,5,24,2569.5,566416.173010509,4897492.764281,hja2016_183,HJA-2016_soil_01,soil_enriched,1,7402.4629386502365,2.888005362389069,1074,19,0.017690875232774673,0.56
hja2016_114,WS1-5,planktonic,2,522,87.9,559517.477676657,4895016.87362342,hja2016_183,HJA-2016_soil_01,soil_enriched,1,101.54713742738073,-3.29977852366817,1074,23,0.021415270018621976,0.43
hja2016_116,53,planktonic,3,78,280.7,568092.098996817,4898223.73199937,hja2016_183,HJA-2016_soil_01,soil_enriched,1,9226.59458271796,3.2057982659455875,1074,26,0.024208566108007448,0.62
hja2016_119,56,planktonic,3,321,99.5,562839.3309741,4897811.75019367,hja2016_183,HJA-2016_soil_01,soil_enriched,1,4385.557248787959,2.1327601696904486,1074,50,0.04655493482309125,1.12
hja2016_121,84,hyporheic,4,112,622.7,566447.171641521,4900685.6232752,hja2016_183,HJA-2016_soil_01,soil_enriched,1,8998.073084625998,3.169616084898654,1074,8,0.0074487895716946,0.11
hja2016_122,45,sediment,3,390,193.2,565977.192397151,4897892.74661664,hja2016_183,HJA-2016_soil_01,soil_enriched,1,7138.493525190552,2.835619646656177,1074,120,0.11173184357541899,3.03
hja2016_125,56,sediment,3,321,99.5,562839.3309741,4897811.75019367,hja2016_183,HJA-2016_soil_01,soil_enriched,1,4385.557248787959,2.1327601696904486,1074,136,0.1266294227188082,3.62
hja2016_164,260,sediment,4,23,866.1,566425.172613061,4897456.76587079,hja2016_183,HJA-2016_soil_01,soil_enriched,1,7399.2200444966,2.8873732035468938,1074,183,0.17039106145251395,4.59
hja2016_166,57,sediment,4,131,1488.8,563668.294364702,4898599.71539487,hja2016_183,HJA-2016_soil_01,soil_enriched,1,5526.252040135455,2.466301361781515,1074,64,0.0595903165735568,1.38
hja2016_167,WS3-1,sediment,2,511,96.4,560508.433913191,4896516.80738205,hja2016_183,HJA-2016_soil_01,soil_enriched,1,1816.0727806024734,0.8608220209714758,1074,272,0.2532588454376164,12.89
hja2016_169,WS3-2,sediment,2,511,95.7,560554.431881789,4896487.80866272,hja2016_183,HJA-2016_soil_01,soil_enriched,1,1821.0423062954935,0.8647644392690184,1074,282,0.26256983240223464,12.64
hja2016_170,WS3-3,sediment,2,511,93.4,560639.428128111,4896408.81215143,hja2016_183,HJA-2016_soil_01,soil_enriched,1,1815.4653488250265,0.8603393941671075,1074,184,0.1713221601489758,4.36
hja2016_177,WS1-3,sediment,2,522,92.1,559404.482666841,4895069.8712829,hja2016_183,HJA-2016_soil_01,soil_enriched,1,23.280057496084023,-5.42476156841801,1074,179,0.16666666666666666,5.48
hja2016_179,WS1-5,sediment,2,522,87.9,559517.477676657,4895016.87362342,hja2016_183,HJA-2016_soil_01,soil_enriched,1,101.54713742738073,-3.29977852366817,1074,109,0.10148975791433892,3.08
hja2016_180,WS1-6,sediment,2,522,82.7,559631.472642313,4894993.87463913,hja2016_183,HJA-2016_soil_01,soil_enriched,1,216.39765888447488,-2.20824320355086,1074,80,0.074487895716946,1.57
hja2016_181,177,sediment,1,452,14.8,565808.199860345,4901620.58198475,hja2016_183,HJA-2016_soil_01,soil_enriched,1,9153.960602759795,3.194396082814107,1074,210,0.19553072625698323,4.39
hja2016_001,50,planktonic,5,41,4956.4,563054.321479503,4898132.73601802,hja2016_184,HJA-2016_soil_03,soil_detected,1,4687.991531492832,2.22896996364149,1835,24,0.013079019073569483,5.41
hja2016_008,WS3-1,hyporheic,2,511,96.4,560508.433913191,4896516.80738205,hja2016_184,HJA-2016_soil_03,soil_detected,1,1787.6702445029728,0.8380806400475154,1835,101,0.055040871934604906,16.4
hja2016_009,60,hyporheic,2,316,43.1,567391.129953618,4898693.71124374,hja2016_184,HJA-2016_soil_03,soil_detected,1,8650.066130714253,3.1127111623550046,1835,92,0.05013623978201635,18.84
hja2016_010,164,planktonic,3,502,60.8,560307.442789535,4895737.8417834,hja2016_184,HJA-2016_soil_03,soil_detected,1,1045.941767403878,0.06480253206642983,1835,16,0.008719346049046322,6.26
hja2016_011,WS1-6,planktonic,2,522,82.7,559631.472642313,4894993.87463913,hja2016_184,HJA-2016_soil_03,soil_detected,1,59.21978874432748,-4.077776845798513,1835,123,0.0670299727520436,11.48
hja2016_013,WS1-4,planktonic,2,522,89.8,559453.480502956,4895042.87247524,hja2016_184,HJA-2016_soil_03,soil_detected,1,128.48286041571276,-2.9603521778221524,1835,93,0.05068119891008174,12.05
hja2016_014,WS1-6,hyporheic,2,522,82.7,559631.472642313,4894993.87463913,hja2016_184,HJA-2016_soil_03,soil_detected,1,59.21978874432748,-4.077776845798513,1835,74,0.040326975476839236,15.34
hja2016_015,47,hyporheic,4,134,1550.1,563254.31264732,4898130.73610634,hja2016_184,HJA-2016_soil_03,soil_detected,1,4837.09376685639,2.2741405046366876,1835,37,0.020163487738419618,8.45
hja2016_016,74,hyporheic,2,373,70,565310.221852481,4897724.75403567,hja2016_184,HJA-2016_soil_03,soil_detected,1,6354.6833822125955,2.6678202457194544,1835,23,0.012534059945504087,4.12
hja2016_018,WS1-5,hyporheic,2,522,87.9,559517.477676657,4895016.87362342,hja2016_184,HJA-2016_soil_03,soil_detected,1,59.40842271270747,-4.073188704128787,1835,113,0.061580381471389646,7.23
hja2016_019,155,hyporheic,2,345,81.2,565811.199727862,4897652.75721525,hja2016_184,HJA-2016_soil_03,soil_detected,1,6781.896840668349,2.7616888397175026,1835,90,0.04904632152588556,17.46
hja2016_020,WS1-2,hyporheic,2,522,93.6,559354.484874886,4895103.86978142,hja2016_184,HJA-2016_soil_03,soil_detected,1,243.9718054923127,-2.0352136619626755,1835,168,0.09155313351498638,12.56
hja2016_021,156,hyporheic,5,24,2575.9,566141.185154761,4897558.76136638,hja2016_184,HJA-2016_soil_03,soil_detected,1,7051.916423758594,2.818015376566275,1835,37,0.020163487738419618,9.03
hja2016_027,WS3-6,planktonic,2,510,78.4,560819.420179147,4896235.81979127,hja2016_184,HJA-2016_soil_03,soil_detected,1,1760.0735264034727,0.8156356981591564,1835,49,0.02670299727520436,5.34
hja2016_065,68,hyporheic,5,30,3032.2,565145.229139031,4897899.74630751,hja2016_184,HJA-2016_soil_03,soil_detected,1,6285.074850282766,2.651929926107794,1835,122,0.0664850136239782,15.76
hja2016_066,49,hyporheic,5,40,3399.1,563281.311454976,4898046.73981585,hja2016_184,HJA-2016_soil_03,soil_detected,1,4803.864392012124,2.264195425870159,1835,135,0.07356948228882834,13.74
hja2016_070,56,hyporheic,3,321,99.5,562839.3309741,4897811.75019367,hja2016_184,HJA-2016_soil_03,soil_detected,1,4314.421490132408,2.1091671250426605,1835,53,0.02888283378746594,8.92
hja2016_071,164,hyporheic,3,502,60.8,560307.442789535,4895737.8417834,hja2016_184,HJA-2016_soil_03,soil_detected,1,1045.941767403878,0.06480253206642983,1835,161,0.08773841961852862,14.19
hja2016_075,260,hyporheic,4,23,866.1,566425.172613061,4897456.76587079,hja2016_184,HJA-2016_soil_03,soil_detected,1,7282.056839095865,2.86434600158464,1835,73,0.03978201634877384,12.79
hja2016_078,CC-1,hyporheic,2,183,64,569956.016680872,4897740.75332909,hja2016_184,HJA-2016_soil_03,soil_detected,1,10740.94521894254,3.425049053078196,1835,86,0.046866485013623976,14.7
hja2016_079,64,hyporheic,2,163,33.5,570527.99142083,4895508.85189625,hja2016_184,HJA-2016_soil_03,soil_detected,1,10967.835296257144,3.4552069063599204,1835,112,0.06103542234332425,13.99
hja2016_084,177,hyporheic,1,452,14.8,565808.199860345,4901620.58198475,hja2016_184,HJA-2016_soil_03,soil_detected,1,9099.467594179589,3.1857821363325445,1835,90,0.04904632152588556,14.61
hja2016_127,60,sediment,2,316,43.1,567391.129953618,4898693.71124374,hja2016_184,HJA-2016_soil_03,soil_detected,1,8650.066130714253,3.1127111623550046,1835,373,0.20326975476839237,21.39
hja2016_129,72,sediment,4,16,568.3,566542.167446234,4896499.80813279,hja2016_184,HJA-2016_soil_03,soil_detected,1,7130.746864013493,2.8340531903548274,1835,511,0.2784741144414169,29.43
hja2016_131,74,sediment,2,373,70,565310.221852481,4897724.75403567,hja2016_184,HJA-2016_soil_03,soil_detected,1,6354.6833822125955,2.6678202457194544,1835,537,0.29264305177111716,27.74
hja2016_132,84,sediment,4,112,622.7,566447.171641521,4900685.6232752,hja2016_184,HJA-2016_soil_03,soil_detected,1,8925.27492606731,3.1578966092946867,1835,586,0.3193460490463215,30.24
hja2016_133,161,sediment,5,51,5699.1,561109.407372482,4897170.77850081,hja2016_184,HJA-2016_soil_03,soil_detected,1,2664.9132650716183,1.414088578355047,1835,677,0.3689373297002725,40.47
hja2016_135,169,sediment,2,144,53.5,568641.074752475,4902527.5419308,hja2016_184,HJA-2016_soil_03,soil_detected,1,11789.813489777138,3.5594689905161547,1835,548,0.29863760217983654,32.82
hja2016_136,190,sediment,1,546,14.2,564169.272240084,4897881.7471024,hja2016_184,HJA-2016_soil_03,soil_detected,1,5428.849378828946,2.4406464574477904,1835,436,0.23760217983651227,25.64
hja2016_139,CC-2,sediment,2,183,63.6,569992.01509108,4897760.75244588,hja2016_184,HJA-2016_soil_03,soil_detected,1,10780.86584637373,3.430401145158344,1835,559,0.30463215258855586,29.99
hja2016_140,CC-3,sediment,2,183,63,570038.013059678,4897795.75090024,hja2016_184,HJA-2016_soil_03,soil_detected,1,10834.32775584622,3.4375377353153,1835,442,0.24087193460490464,23.71
hja2016_141,CC-4,sediment,2,183,58.5,570162.007583724,4897831.74931045,hja2016_184,HJA-2016_soil_03,soil_detected,1,10963.414097738994,3.454625230309574,1835,450,0.2452316076294278,27.8
hja2016_142,KC-1,sediment,3,362,114.7,562012.367495176,4896802.79475203,hja2016_184,HJA-2016_soil_03,soil_detected,1,3037.492109117954,1.6028806608497164,1835,417,0.22724795640326975,25.18
hja2016_144,KC-3,sediment,3,362,114,562000.368025107,4896680.80013966,hja2016_184,HJA-2016_soil_03,soil_detected,1,2956.597257138216,1.5639377352737658,1835,400,0.21798365122615804,26.91
hja2016_145,155,sediment,2,345,81.2,565811.199727862,4897652.75721525,hja2016_184,HJA-2016_soil_03,soil_detected,1,6781.896840668349,2.7616888397175026,1835,527,0.28719346049046324,29.53
hja2016_146,156,sediment,5,24,2575.9,566141.185154761,4897558.76136638,hja2016_184,HJA-2016_soil_03,soil_detected,1,7051.916423758594,2.818015376566275,1835,400,0.21798365122615804,22.88
hja2016_147,163,sediment,5,63,6126.6,559726.468447026,4896111.82526722,hja2016_184,HJA-2016_soil_03,soil_detected,1,1128.5390132464408,0.17445629291547685,1835,721,0.39291553133514984,40.36
hja2016_148,165,sediment,2,494,27.9,564789.244860317,4900155.64668049,hja2016_184,HJA-2016_soil_03,soil_detected,1,7338.999647113132,2.875583427850019,1835,571,0.3111716621253406,30.53
hja2016_150,53,sediment,3,78,280.7,568092.098996817,4898223.73199937,hja2016_184,HJA-2016_soil_03,soil_detected,1,9111.518487351876,3.1876915075525134,1835,452,0.24632152588555858,24.48
hja2016_151,64,sediment,2,163,33.5,570527.99142083,4895508.85189625,hja2016_184,HJA-2016_soil_03,soil_detected,1,10967.835296257144,3.4552069063599204,1835,775,0.4223433242506812,36.32
hja2016_152,66,sediment,4,79,1360.7,567970.104384448,4898153.73509064,hja2016_184,HJA-2016_soil_03,soil_detected,1,8972.660721043567,3.1655358602676924,1835,415,0.22615803814713897,21.79
hja2016_155,82,sediment,2,536,36.6,564452.259742545,4899854.65997292,hja2016_184,HJA-2016_soil_03,soil_detected,1,6887.794985971404,2.784042201805004,1835,567,0.30899182561307903,29.45
hja2016_157,43,sediment,1,538,7.8,567346.131940859,4898257.7304979,hja2016_184,HJA-2016_soil_03,soil_detected,1,8431.249227315959,3.075746405844747,1835,435,0.23705722070844687,22.74
hja2016_159,49,sediment,5,40,3399.1,563281.311454976,4898046.73981585,hja2016_184,HJA-2016_soil_03,soil_detected,1,4803.864392012124,2.264195425870159,1835,432,0.2354223433242507,27.88
hja2016_160,50,sediment,5,41,4956.4,563054.321479503,4898132.73601802,hja2016_184,HJA-2016_soil_03,soil_detected,1,4687.991531492832,2.22896996364149,1835,302,0.1645776566757493,14.26
hja2016_031,161,hyporheic,5,51,5699.1,561109.407372482,4897170.77850081,hja2016_184,HJA-2016_soil_03,soil_detected,1,2664.9132650716183,1.414088578355047,1835,29,0.01580381471389646,8.36
hja2016_032,54,hyporheic,3,363,207.7,561802.376768968,4897363.76997776,hja2016_184,HJA-2016_soil_03,soil_detected,1,3254.207368896037,1.7023061872568115,1835,42,0.022888283378746595,11.39
hja2016_035,192,hyporheic,2,542,28.5,564620.252323511,4897836.74908965,hja2016_184,HJA-2016_soil_03,soil_detected,1,5793.465680646779,2.534426633964986,1835,44,0.023978201634877384,9.15
hja2016_037,43,hyporheic,1,538,7.8,567346.131940859,4898257.7304979,hja2016_184,HJA-2016_soil_03,soil_detected,1,8431.249227315959,3.075746405844747,1835,42,0.022888283378746595,12.66
hja2016_042,165,planktonic,2,494,27.9,564789.244860317,4900155.64668049,hja2016_184,HJA-2016_soil_03,soil_detected,1,7338.999647113132,2.875583427850019,1835,17,0.009264305177111716,3.98
hja2016_043,KC-2,hyporheic,3,362,114.2,561999.368069268,4896735.79771081,hja2016_184,HJA-2016_soil_03,soil_detected,1,2987.505795349974,1.5789415117258743,1835,54,0.029427792915531336,14.52
hja2016_049,67,planktonic,4,83,1558.1,567119.141965387,4897968.74326041,hja2016_184,HJA-2016_soil_03,soil_detected,1,8112.0521376695615,3.0200669248407106,1835,15,0.008174386920980926,5.62
hja2016_050,165,hyporheic,2,494,27.9,564789.244860317,4900155.64668049,hja2016_184,HJA-2016_soil_03,soil_detected,1,7338.999647113132,2.875583427850019,1835,88,0.04795640326975477,9.46
hja2016_052,163,hyporheic,5,63,6126.6,559726.468447026,4896111.82526722,hja2016_184,HJA-2016_soil_03,soil_detected,1,1128.5390132464408,0.17445629291547685,1835,118,0.06430517711171663,13.97
hja2016_056,KC-1,hyporheic,3,362,114.7,562012.367495176,4896802.79475203,hja2016_184,HJA-2016_soil_03,soil_detected,1,3037.492109117954,1.6028806608497164,1835,126,0.06866485013623978,11.65
hja2016_057,71,hyporheic,3,556,101.7,562662.338790582,4897988.74237719,hja2016_184,HJA-2016_soil_03,soil_detected,1,4303.240087095082,2.105423333616188,1835,43,0.023433242506811988,8.61
hja2016_059,KC-2,planktonic,3,362,114.2,561999.368069268,4896735.79771081,hja2016_184,HJA-2016_soil_03,soil_detected,1,2987.505795349974,1.5789415117258743,1835,132,0.07193460490463215,13.76
hja2016_062,WS3-3,hyporheic,2,511,93.4,560639.428128111,4896408.81215143,hja2016_184,HJA-2016_soil_03,soil_detected,1,1772.263131461311,0.8255928196218161,1835,142,0.07738419618528611,10.28
hja2016_064,WS3-4,planktonic,2,510,81.3,560692.425787583,4896348.81480109,hja2016_184,HJA-2016_soil_03,soil_detected,1,1758.0259933861705,0.8139564016827333,1835,58,0.03160762942779292,10.16
hja2016_099,162,planktonic,5,66,6208.4,559348.485139852,4895468.85366269,hja2016_184,HJA-2016_soil_03,soil_detected,1,525.0512998787914,-0.929469707413262,1835,72,0.03923705722070845,2.79
hja2016_100,64,planktonic,2,163,33.5,570527.99142083,4895508.85189625,hja2016_184,HJA-2016_soil_03,soil_detected,1,10967.835296257144,3.4552069063599204,1835,44,0.023978201634877384,1.55
hja2016_101,58,planktonic,3,385,67.2,566998.147308857,4898497.71989928,hja2016_184,HJA-2016_soil_03,soil_detected,1,8211.020240057574,3.0375614916528284,1835,65,0.035422343324250684,2.73
hja2016_102,73,hyporheic,2,255,137,566310.177691566,4896786.79545861,hja2016_184,HJA-2016_soil_03,soil_detected,1,6972.388615121755,2.801652982183666,1835,72,0.03923705722070845,2.77
hja2016_103,260,planktonic,4,23,866.1,566425.172613061,4897456.76587079,hja2016_184,HJA-2016_soil_03,soil_detected,1,7282.056839095865,2.86434600158464,1835,159,0.08664850136239782,6.96
hja2016_105,178,planktonic,2,411,19.9,566185.18321168,4901793.57434491,hja2016_184,HJA-2016_soil_03,soil_detected,1,9485.082490367893,3.2456603205979717,1835,78,0.04250681198910082,3.18
hja2016_106,170,planktonic,2,229,49.4,570659.985591589,4896908.79007097,hja2016_184,HJA-2016_soil_03,soil_detected,1,11251.876539361969,3.4920937228421423,1835,35,0.01907356948228883,0.76
hja2016_107,57,hyporheic,4,131,1488.8,563668.294364702,4898599.71539487,hja2016_184,HJA-2016_soil_03,soil_detected,1,5457.074062073813,2.448127623747488,1835,90,0.04904632152588556,2.91
hja2016_109,169,planktonic,2,144,53.5,568641.074752475,4902527.5419308,hja2016_184,HJA-2016_soil_03,soil_detected,1,11789.813489777138,3.5594689905161547,1835,58,0.03160762942779292,3.05
hja2016_110,76,hyporheic,3,150,303.5,570464.994202967,4896947.7883487,hja2016_184,HJA-2016_soil_03,soil_detected,1,11066.598407538148,3.4681399371772694,1835,57,0.03106267029972752,3.12
hja2016_111,160,planktonic,5,24,2569.5,566416.173010509,4897492.764281,hja2016_184,HJA-2016_soil_03,soil_detected,1,7285.856301932626,2.8650985412605507,1835,87,0.04741144414168937,3.41
hja2016_114,WS1-5,planktonic,2,522,87.9,559517.477676657,4895016.87362342,hja2016_184,HJA-2016_soil_03,soil_detected,1,59.40842271270747,-4.073188704128787,1835,86,0.046866485013623976,3.28
hja2016_116,53,planktonic,3,78,280.7,568092.098996817,4898223.73199937,hja2016_184,HJA-2016_soil_03,soil_detected,1,9111.518487351876,3.1876915075525134,1835,89,0.048501362397820165,3.38
hja2016_119,56,planktonic,3,321,99.5,562839.3309741,4897811.75019367,hja2016_184,HJA-2016_soil_03,soil_detected,1,4314.421490132408,2.1091671250426605,1835,162,0.088283378746594,6.7
hja2016_121,84,hyporheic,4,112,622.7,566447.171641521,4900685.6232752,hja2016_184,HJA-2016_soil_03,soil_detected,1,8925.27492606731,3.1578966092946867,1835,34,0.018528610354223433,0.7
hja2016_122,45,sediment,3,390,193.2,565977.192397151,4897892.74661664,hja2016_184,HJA-2016_soil_03,soil_detected,1,7030.413950438915,2.81360963761408,1835,432,0.2354223433242507,27.87
hja2016_125,56,sediment,3,321,99.5,562839.3309741,4897811.75019367,hja2016_184,HJA-2016_soil_03,soil_detected,1,4314.421490132408,2.1091671250426605,1835,442,0.24087193460490464,28.83
hja2016_164,260,sediment,4,23,866.1,566425.172613061,4897456.76587079,hja2016_184,HJA-2016_soil_03,soil_detected,1,7282.056839095865,2.86434600158464,1835,496,0.27029972752043596,27.58
hja2016_166,57,sediment,4,131,1488.8,563668.294364702,4898599.71539487,hja2016_184,HJA-2016_soil_03,soil_detected,1,5457.074062073813,2.448127623747488,1835,303,0.1651226158038147,13.99
hja2016_167,WS3-1,sediment,2,511,96.4,560508.433913191,4896516.80738205,hja2016_184,HJA-2016_soil_03,soil_detected,1,1787.6702445029728,0.8380806400475154,1835,655,0.3569482288828338,40.46
hja2016_169,WS3-2,sediment,2,511,95.7,560554.431881789,4896487.80866272,hja2016_184,HJA-2016_soil_03,soil_detected,1,1787.8814802282668,0.8382511025423447,1835,664,0.36185286103542236,40.22
hja2016_170,WS3-3,sediment,2,511,93.4,560639.428128111,4896408.81215143,hja2016_184,HJA-2016_soil_03,soil_detected,1,1772.263131461311,0.8255928196218161,1835,492,0.2681198910081744,22.45
hja2016_177,WS1-3,sediment,2,522,92.1,559404.482666841,4895069.8712829,hja2016_184,HJA-2016_soil_03,soil_detected,1,184.18092796710175,-2.440804417561457,1835,542,0.2953678474114441,32.25
hja2016_179,WS1-5,sediment,2,522,87.9,559517.477676657,4895016.87362342,hja2016_184,HJA-2016_soil_03,soil_detected,1,59.40842271270747,-4.073188704128787,1835,406,0.2212534059945504,25.01
hja2016_180,WS1-6,sediment,2,522,82.7,559631.472642313,4894993.87463913,hja2016_184,HJA-2016_soil_03,soil_detected,1,59.21978874432748,-4.077776845798513,1835,325,0.1771117166212534,14.51
hja2016_181,177,sediment,1,452,14.8,565808.199860345,4901620.58198475,hja2016_184,HJA-2016_soil_03,soil_detected,1,9099.467594179589,3.1857821363325445,1835,525,0.28610354223433243,22.9
hja2016_001,50,planktonic,5,41,4956.4,563054.321479503,4898132.73601802,hja2016_184,HJA-2016_soil_03,soil_enriched,1,4687.991531492832,2.22896996364149,895,3,0.0033519553072625698,0.62
hja2016_008,WS3-1,hyporheic,2,511,96.4,560508.433913191,4896516.80738205,hja2016_184,HJA-2016_soil_03,soil_enriched,1,1787.6702445029728,0.8380806400475154,895,14,0.01564245810055866,1.45
hja2016_009,60,hyporheic,2,316,43.1,567391.129953618,4898693.71124374,hja2016_184,HJA-2016_soil_03,soil_enriched,1,8650.066130714253,3.1127111623550046,895,12,0.013407821229050279,0.9
hja2016_010,164,planktonic,3,502,60.8,560307.442789535,4895737.8417834,hja2016_184,HJA-2016_soil_03,soil_enriched,1,1045.941767403878,0.06480253206642983,895,0,0,0
hja2016_011,WS1-6,planktonic,2,522,82.7,559631.472642313,4894993.87463913,hja2016_184,HJA-2016_soil_03,soil_enriched,1,59.21978874432748,-4.077776845798513,895,18,0.02011173184357542,1.17
hja2016_013,WS1-4,planktonic,2,522,89.8,559453.480502956,4895042.87247524,hja2016_184,HJA-2016_soil_03,soil_enriched,1,128.48286041571276,-2.9603521778221524,895,9,0.01005586592178771,0.85
hja2016_014,WS1-6,hyporheic,2,522,82.7,559631.472642313,4894993.87463913,hja2016_184,HJA-2016_soil_03,soil_enriched,1,59.21978874432748,-4.077776845798513,895,4,0.004469273743016759,0.55
hja2016_015,47,hyporheic,4,134,1550.1,563254.31264732,4898130.73610634,hja2016_184,HJA-2016_soil_03,soil_enriched,1,4837.09376685639,2.2741405046366876,895,2,0.0022346368715083797,0.62
hja2016_016,74,hyporheic,2,373,70,565310.221852481,4897724.75403567,hja2016_184,HJA-2016_soil_03,soil_enriched,1,6354.6833822125955,2.6678202457194544,895,2,0.0022346368715083797,0.21
hja2016_018,WS1-5,hyporheic,2,522,87.9,559517.477676657,4895016.87362342,hja2016_184,HJA-2016_soil_03,soil_enriched,1,59.40842271270747,-4.073188704128787,895,15,0.01675977653631285,0.62
hja2016_019,155,hyporheic,2,345,81.2,565811.199727862,4897652.75721525,hja2016_184,HJA-2016_soil_03,soil_enriched,1,6781.896840668349,2.7616888397175026,895,13,0.01452513966480447,2.61
hja2016_020,WS1-2,hyporheic,2,522,93.6,559354.484874886,4895103.86978142,hja2016_184,HJA-2016_soil_03,soil_enriched,1,243.9718054923127,-2.0352136619626755,895,26,0.02905027932960894,1.41
hja2016_021,156,hyporheic,5,24,2575.9,566141.185154761,4897558.76136638,hja2016_184,HJA-2016_soil_03,soil_enriched,1,7051.916423758594,2.818015376566275,895,6,0.0067039106145251395,0.99
hja2016_027,WS3-6,planktonic,2,510,78.4,560819.420179147,4896235.81979127,hja2016_184,HJA-2016_soil_03,soil_enriched,1,1760.0735264034727,0.8156356981591564,895,6,0.0067039106145251395,0.6
hja2016_065,68,hyporheic,5,30,3032.2,565145.229139031,4897899.74630751,hja2016_184,HJA-2016_soil_03,soil_enriched,1,6285.074850282766,2.651929926107794,895,20,0.0223463687150838,1.83
hja2016_066,49,hyporheic,5,40,3399.1,563281.311454976,4898046.73981585,hja2016_184,HJA-2016_soil_03,soil_enriched,1,4803.864392012124,2.264195425870159,895,25,0.027932960893854747,1.68
hja2016_070,56,hyporheic,3,321,99.5,562839.3309741,4897811.75019367,hja2016_184,HJA-2016_soil_03,soil_enriched,1,4314.421490132408,2.1091671250426605,895,10,0.0111731843575419,1.25
hja2016_071,164,hyporheic,3,502,60.8,560307.442789535,4895737.8417834,hja2016_184,HJA-2016_soil_03,soil_enriched,1,1045.941767403878,0.06480253206642983,895,24,0.026815642458100558,1.29
hja2016_075,260,hyporheic,4,23,866.1,566425.172613061,4897456.76587079,hja2016_184,HJA-2016_soil_03,soil_enriched,1,7282.056839095865,2.86434600158464,895,9,0.01005586592178771,1.36
hja2016_078,CC-1,hyporheic,2,183,64,569956.016680872,4897740.75332909,hja2016_184,HJA-2016_soil_03,soil_enriched,1,10740.94521894254,3.425049053078196,895,9,0.01005586592178771,1.25
hja2016_079,64,hyporheic,2,163,33.5,570527.99142083,4895508.85189625,hja2016_184,HJA-2016_soil_03,soil_enriched,1,10967.835296257144,3.4552069063599204,895,28,0.03128491620111732,2.16
hja2016_084,177,hyporheic,1,452,14.8,565808.199860345,4901620.58198475,hja2016_184,HJA-2016_soil_03,soil_enriched,1,9099.467594179589,3.1857821363325445,895,14,0.01564245810055866,1.26
hja2016_127,60,sediment,2,316,43.1,567391.129953618,4898693.71124374,hja2016_184,HJA-2016_soil_03,soil_enriched,1,8650.066130714253,3.1127111623550046,895,72,0.08044692737430167,2.01
hja2016_129,72,sediment,4,16,568.3,566542.167446234,4896499.80813279,hja2016_184,HJA-2016_soil_03,soil_enriched,1,7130.746864013493,2.8340531903548274,895,156,0.17430167597765364,5.44
hja2016_131,74,sediment,2,373,70,565310.221852481,4897724.75403567,hja2016_184,HJA-2016_soil_03,soil_enriched,1,6354.6833822125955,2.6678202457194544,895,169,0.1888268156424581,5.6
hja2016_132,84,sediment,4,112,622.7,566447.171641521,4900685.6232752,hja2016_184,HJA-2016_soil_03,soil_enriched,1,8925.27492606731,3.1578966092946867,895,183,0.20446927374301677,4.73
hja2016_133,161,sediment,5,51,5699.1,561109.407372482,4897170.77850081,hja2016_184,HJA-2016_soil_03,soil_enriched,1,2664.9132650716183,1.414088578355047,895,288,0.3217877094972067,13.38
hja2016_135,169,sediment,2,144,53.5,568641.074752475,4902527.5419308,hja2016_184,HJA-2016_soil_03,soil_enriched,1,11789.813489777138,3.5594689905161547,895,165,0.18435754189944134,5.28
hja2016_136,190,sediment,1,546,14.2,564169.272240084,4897881.7471024,hja2016_184,HJA-2016_soil_03,soil_enriched,1,5428.849378828946,2.4406464574477904,895,130,0.1452513966480447,3.65
hja2016_139,CC-2,sediment,2,183,63.6,569992.01509108,4897760.75244588,hja2016_184,HJA-2016_soil_03,soil_enriched,1,10780.86584637373,3.430401145158344,895,188,0.2100558659217877,6.13
hja2016_140,CC-3,sediment,2,183,63,570038.013059678,4897795.75090024,hja2016_184,HJA-2016_soil_03,soil_enriched,1,10834.32775584622,3.4375377353153,895,126,0.14078212290502792,3.53
hja2016_141,CC-4,sediment,2,183,58.5,570162.007583724,4897831.74931045,hja2016_184,HJA-2016_soil_03,soil_enriched,1,10963.414097738994,3.454625230309574,895,137,0.15307262569832403,4.23
hja2016_142,KC-1,sediment,3,362,114.7,562012.367495176,4896802.79475203,hja2016_184,HJA-2016_soil_03,soil_enriched,1,3037.492109117954,1.6028806608497164,895,117,0.13072625698324022,3.49
hja2016_144,KC-3,sediment,3,362,114,562000.368025107,4896680.80013966,hja2016_184,HJA-2016_soil_03,soil_enriched,1,2956.597257138216,1.5639377352737658,895,102,0.11396648044692738,3.36
hja2016_145,155,sediment,2,345,81.2,565811.199727862,4897652.75721525,hja2016_184,HJA-2016_soil_03,soil_enriched,1,6781.896840668349,2.7616888397175026,895,162,0.18100558659217877,5.24
hja2016_146,156,sediment,5,24,2575.9,566141.185154761,4897558.76136638,hja2016_184,HJA-2016_soil_03,soil_enriched,1,7051.916423758594,2.818015376566275,895,108,0.12067039106145251,2.74
hja2016_147,163,sediment,5,63,6126.6,559726.468447026,4896111.82526722,hja2016_184,HJA-2016_soil_03,soil_enriched,1,1128.5390132464408,0.17445629291547685,895,318,0.3553072625698324,13.24
hja2016_148,165,sediment,2,494,27.9,564789.244860317,4900155.64668049,hja2016_184,HJA-2016_soil_03,soil_enriched,1,7338.999647113132,2.875583427850019,895,193,0.21564245810055865,6.51
hja2016_150,53,sediment,3,78,280.7,568092.098996817,4898223.73199937,hja2016_184,HJA-2016_soil_03,soil_enriched,1,9111.518487351876,3.1876915075525134,895,134,0.14972067039106146,3.41
hja2016_151,64,sediment,2,163,33.5,570527.99142083,4895508.85189625,hja2016_184,HJA-2016_soil_03,soil_enriched,1,10967.835296257144,3.4552069063599204,895,359,0.4011173184357542,12.06
hja2016_152,66,sediment,4,79,1360.7,567970.104384448,4898153.73509064,hja2016_184,HJA-2016_soil_03,soil_enriched,1,8972.660721043567,3.1655358602676924,895,121,0.13519553072625698,2.49
hja2016_155,82,sediment,2,536,36.6,564452.259742545,4899854.65997292,hja2016_184,HJA-2016_soil_03,soil_enriched,1,6887.794985971404,2.784042201805004,895,195,0.21787709497206703,6.46
hja2016_157,43,sediment,1,538,7.8,567346.131940859,4898257.7304979,hja2016_184,HJA-2016_soil_03,soil_enriched,1,8431.249227315959,3.075746405844747,895,115,0.12849162011173185,2.7
hja2016_159,49,sediment,5,40,3399.1,563281.311454976,4898046.73981585,hja2016_184,HJA-2016_soil_03,soil_enriched,1,4803.864392012124,2.264195425870159,895,115,0.12849162011173185,3.11
hja2016_160,50,sediment,5,41,4956.4,563054.321479503,4898132.73601802,hja2016_184,HJA-2016_soil_03,soil_enriched,1,4687.991531492832,2.22896996364149,895,57,0.06368715083798883,1.15
hja2016_031,161,hyporheic,5,51,5699.1,561109.407372482,4897170.77850081,hja2016_184,HJA-2016_soil_03,soil_enriched,1,2664.9132650716183,1.414088578355047,895,5,0.00558659217877095,1.31
hja2016_032,54,hyporheic,3,363,207.7,561802.376768968,4897363.76997776,hja2016_184,HJA-2016_soil_03,soil_enriched,1,3254.207368896037,1.7023061872568115,895,8,0.008938547486033519,0.93
hja2016_035,192,hyporheic,2,542,28.5,564620.252323511,4897836.74908965,hja2016_184,HJA-2016_soil_03,soil_enriched,1,5793.465680646779,2.534426633964986,895,7,0.00782122905027933,1.19
hja2016_037,43,hyporheic,1,538,7.8,567346.131940859,4898257.7304979,hja2016_184,HJA-2016_soil_03,soil_enriched,1,8431.249227315959,3.075746405844747,895,0,0,0
hja2016_042,165,planktonic,2,494,27.9,564789.244860317,4900155.64668049,hja2016_184,HJA-2016_soil_03,soil_enriched,1,7338.999647113132,2.875583427850019,895,1,0.0011173184357541898,0.07
hja2016_043,KC-2,hyporheic,3,362,114.2,561999.368069268,4896735.79771081,hja2016_184,HJA-2016_soil_03,soil_enriched,1,2987.505795349974,1.5789415117258743,895,7,0.00782122905027933,1.21
hja2016_049,67,planktonic,4,83,1558.1,567119.141965387,4897968.74326041,hja2016_184,HJA-2016_soil_03,soil_enriched,1,8112.0521376695615,3.0200669248407106,895,3,0.0033519553072625698,0.07
hja2016_050,165,hyporheic,2,494,27.9,564789.244860317,4900155.64668049,hja2016_184,HJA-2016_soil_03,soil_enriched,1,7338.999647113132,2.875583427850019,895,18,0.02011173184357542,1.36
hja2016_052,163,hyporheic,5,63,6126.6,559726.468447026,4896111.82526722,hja2016_184,HJA-2016_soil_03,soil_enriched,1,1128.5390132464408,0.17445629291547685,895,20,0.0223463687150838,1.21
hja2016_056,KC-1,hyporheic,3,362,114.7,562012.367495176,4896802.79475203,hja2016_184,HJA-2016_soil_03,soil_enriched,1,3037.492109117954,1.6028806608497164,895,15,0.01675977653631285,0.84
hja2016_057,71,hyporheic,3,556,101.7,562662.338790582,4897988.74237719,hja2016_184,HJA-2016_soil_03,soil_enriched,1,4303.240087095082,2.105423333616188,895,4,0.004469273743016759,0.78
hja2016_059,KC-2,planktonic,3,362,114.2,561999.368069268,4896735.79771081,hja2016_184,HJA-2016_soil_03,soil_enriched,1,2987.505795349974,1.5789415117258743,895,26,0.02905027932960894,1.62
hja2016_062,WS3-3,hyporheic,2,511,93.4,560639.428128111,4896408.81215143,hja2016_184,HJA-2016_soil_03,soil_enriched,1,1772.263131461311,0.8255928196218161,895,18,0.02011173184357542,1.17
hja2016_064,WS3-4,planktonic,2,510,81.3,560692.425787583,4896348.81480109,hja2016_184,HJA-2016_soil_03,soil_enriched,1,1758.0259933861705,0.8139564016827333,895,11,0.012290502793296089,1.2
hja2016_099,162,planktonic,5,66,6208.4,559348.485139852,4895468.85366269,hja2016_184,HJA-2016_soil_03,soil_enriched,1,525.0512998787914,-0.929469707413262,895,13,0.01452513966480447,0.41
hja2016_100,64,planktonic,2,163,33.5,570527.99142083,4895508.85189625,hja2016_184,HJA-2016_soil_03,soil_enriched,1,10967.835296257144,3.4552069063599204,895,12,0.013407821229050279,0.25
hja2016_101,58,planktonic,3,385,67.2,566998.147308857,4898497.71989928,hja2016_184,HJA-2016_soil_03,soil_enriched,1,8211.020240057574,3.0375614916528284,895,14,0.01564245810055866,0.26
hja2016_102,73,hyporheic,2,255,137,566310.177691566,4896786.79545861,hja2016_184,HJA-2016_soil_03,soil_enriched,1,6972.388615121755,2.801652982183666,895,15,0.01675977653631285,0.41
hja2016_103,260,planktonic,4,23,866.1,566425.172613061,4897456.76587079,hja2016_184,HJA-2016_soil_03,soil_enriched,1,7282.056839095865,2.86434600158464,895,48,0.053631284916201116,1.05
hja2016_105,178,planktonic,2,411,19.9,566185.18321168,4901793.57434491,hja2016_184,HJA-2016_soil_03,soil_enriched,1,9485.082490367893,3.2456603205979717,895,21,0.02346368715083799,0.61
hja2016_106,170,planktonic,2,229,49.4,570659.985591589,4896908.79007097,hja2016_184,HJA-2016_soil_03,soil_enriched,1,11251.876539361969,3.4920937228421423,895,7,0.00782122905027933,0.1
hja2016_107,57,hyporheic,4,131,1488.8,563668.294364702,4898599.71539487,hja2016_184,HJA-2016_soil_03,soil_enriched,1,5457.074062073813,2.448127623747488,895,21,0.02346368715083799,0.46
hja2016_109,169,planktonic,2,144,53.5,568641.074752475,4902527.5419308,hja2016_184,HJA-2016_soil_03,soil_enriched,1,11789.813489777138,3.5594689905161547,895,10,0.0111731843575419,0.53
hja2016_110,76,hyporheic,3,150,303.5,570464.994202967,4896947.7883487,hja2016_184,HJA-2016_soil_03,soil_enriched,1,11066.598407538148,3.4681399371772694,895,12,0.013407821229050279,0.37
hja2016_111,160,planktonic,5,24,2569.5,566416.173010509,4897492.764281,hja2016_184,HJA-2016_soil_03,soil_enriched,1,7285.856301932626,2.8650985412605507,895,23,0.02569832402234637,0.61
hja2016_114,WS1-5,planktonic,2,522,87.9,559517.477676657,4895016.87362342,hja2016_184,HJA-2016_soil_03,soil_enriched,1,59.40842271270747,-4.073188704128787,895,22,0.024581005586592177,0.4
hja2016_116,53,planktonic,3,78,280.7,568092.098996817,4898223.73199937,hja2016_184,HJA-2016_soil_03,soil_enriched,1,9111.518487351876,3.1876915075525134,895,24,0.026815642458100558,0.59
hja2016_119,56,planktonic,3,321,99.5,562839.3309741,4897811.75019367,hja2016_184,HJA-2016_soil_03,soil_enriched,1,4314.421490132408,2.1091671250426605,895,43,0.048044692737430165,1.03
hja2016_121,84,hyporheic,4,112,622.7,566447.171641521,4900685.6232752,hja2016_184,HJA-2016_soil_03,soil_enriched,1,8925.27492606731,3.1578966092946867,895,7,0.00782122905027933,0.1
hja2016_122,45,sediment,3,390,193.2,565977.192397151,4897892.74661664,hja2016_184,HJA-2016_soil_03,soil_enriched,1,7030.413950438915,2.81360963761408,895,104,0.11620111731843576,2.86
hja2016_125,56,sediment,3,321,99.5,562839.3309741,4897811.75019367,hja2016_184,HJA-2016_soil_03,soil_enriched,1,4314.421490132408,2.1091671250426605,895,118,0.1318435754189944,3.39
hja2016_164,260,sediment,4,23,866.1,566425.172613061,4897456.76587079,hja2016_184,HJA-2016_soil_03,soil_enriched,1,7282.056839095865,2.86434600158464,895,167,0.18659217877094972,4.41
hja2016_166,57,sediment,4,131,1488.8,563668.294364702,4898599.71539487,hja2016_184,HJA-2016_soil_03,soil_enriched,1,5457.074062073813,2.448127623747488,895,66,0.07374301675977654,1.36
hja2016_167,WS3-1,sediment,2,511,96.4,560508.433913191,4896516.80738205,hja2016_184,HJA-2016_soil_03,soil_enriched,1,1787.6702445029728,0.8380806400475154,895,289,0.3229050279329609,13.34
hja2016_169,WS3-2,sediment,2,511,95.7,560554.431881789,4896487.80866272,hja2016_184,HJA-2016_soil_03,soil_enriched,1,1787.8814802282668,0.8382511025423447,895,281,0.3139664804469274,12.81
hja2016_170,WS3-3,sediment,2,511,93.4,560639.428128111,4896408.81215143,hja2016_184,HJA-2016_soil_03,soil_enriched,1,1772.263131461311,0.8255928196218161,895,150,0.16759776536312848,3.82
hja2016_177,WS1-3,sediment,2,522,92.1,559404.482666841,4895069.8712829,hja2016_184,HJA-2016_soil_03,soil_enriched,1,184.18092796710175,-2.440804417561457,895,166,0.18547486033519553,5.33
hja2016_179,WS1-5,sediment,2,522,87.9,559517.477676657,4895016.87362342,hja2016_184,HJA-2016_soil_03,soil_enriched,1,59.40842271270747,-4.073188704128787,895,116,0.12960893854748604,3.28
hja2016_180,WS1-6,sediment,2,522,82.7,559631.472642313,4894993.87463913,hja2016_184,HJA-2016_soil_03,soil_enriched,1,59.21978874432748,-4.077776845798513,895,68,0.07597765363128492,1.42
hja2016_181,177,sediment,1,452,14.8,565808.199860345,4901620.58198475,hja2016_184,HJA-2016_soil_03,soil_enriched,1,9099.467594179589,3.1857821363325445,895,170,0.18994413407821228,3.76
hja2016_001,50,planktonic,5,41,4956.4,563054.321479503,4898132.73601802,hja2016_188,HJA-2016_soil_07,soil_detected,1,6910.1270281218785,2.7887122317650572,749,4,0.0053404539385847796,0.69
hja2016_008,WS3-1,hyporheic,2,511,96.4,560508.433913191,4896516.80738205,hja2016_188,HJA-2016_soil_07,soil_detected,1,9523.741849313248,3.2515285154252234,749,11,0.014686248331108143,2.44
hja2016_009,60,hyporheic,2,316,43.1,567391.129953618,4898693.71124374,hja2016_188,HJA-2016_soil_07,soil_detected,1,2733.862989949623,1.4509409427708941,749,14,0.018691588785046728,3.97
hja2016_010,164,planktonic,3,502,60.8,560307.442789535,4895737.8417834,hja2016_188,HJA-2016_soil_07,soil_detected,1,9851.462618870737,3.3003379333347507,749,4,0.0053404539385847796,1.35
hja2016_011,WS1-6,planktonic,2,522,82.7,559631.472642313,4894993.87463913,hja2016_188,HJA-2016_soil_07,soil_detected,1,10680.897592661751,3.4169609870503046,749,25,0.03337783711615487,2.08
hja2016_013,WS1-4,planktonic,2,522,89.8,559453.480502956,4895042.87247524,hja2016_188,HJA-2016_soil_07,soil_detected,1,10840.707530876376,3.4383870137540233,749,15,0.020026702269692925,2.22
hja2016_014,WS1-6,hyporheic,2,522,82.7,559631.472642313,4894993.87463913,hja2016_188,HJA-2016_soil_07,soil_detected,1,10680.897592661751,3.4169609870503046,749,13,0.017356475300400534,3.48
hja2016_015,47,hyporheic,4,134,1550.1,563254.31264732,4898130.73610634,hja2016_188,HJA-2016_soil_07,soil_detected,1,6710.351860824906,2.746388416881208,749,5,0.006675567423230975,1.59
hja2016_016,74,hyporheic,2,373,70,565310.221852481,4897724.75403567,hja2016_188,HJA-2016_soil_07,soil_detected,1,4643.088287805931,2.2150847138506857,749,3,0.004005340453938585,0.33
hja2016_018,WS1-5,hyporheic,2,522,87.9,559517.477676657,4895016.87362342,hja2016_188,HJA-2016_soil_07,soil_detected,1,10785.269840088382,3.4309903670822828,749,19,0.025367156208277702,1.46
hja2016_019,155,hyporheic,2,345,81.2,565811.199727862,4897652.75721525,hja2016_188,HJA-2016_soil_07,soil_detected,1,4143.005879542107,2.050677867717608,749,19,0.025367156208277702,3.72
hja2016_020,WS1-2,hyporheic,2,522,93.6,559354.484874886,4895103.86978142,hja2016_188,HJA-2016_soil_07,soil_detected,1,10921.734407795228,3.4491300741152724,749,27,0.036048064085447265,1.8
hja2016_021,156,hyporheic,5,24,2575.9,566141.185154761,4897558.76136638,hja2016_188,HJA-2016_soil_07,soil_detected,1,3816.410370341947,1.9322163095577232,749,5,0.006675567423230975,0.97
hja2016_027,WS3-6,planktonic,2,510,78.4,560819.420179147,4896235.81979127,hja2016_188,HJA-2016_soil_07,soil_detected,1,9256.908178199845,3.210530411540392,749,13,0.017356475300400534,0.98
hja2016_065,68,hyporheic,5,30,3032.2,565145.229139031,4897899.74630751,hja2016_188,HJA-2016_soil_07,soil_detected,1,4810.705259620966,2.2662484116610333,749,31,0.04138851802403204,4.14
hja2016_066,49,hyporheic,5,40,3399.1,563281.311454976,4898046.73981585,hja2016_188,HJA-2016_soil_07,soil_detected,1,6679.01597166865,2.739635564171144,749,20,0.0267022696929239,1.59
hja2016_070,56,hyporheic,3,321,99.5,562839.3309741,4897811.75019367,hja2016_188,HJA-2016_soil_07,soil_detected,1,7114.31458527304,2.830724769814281,749,14,0.018691588785046728,1.22
hja2016_071,164,hyporheic,3,502,60.8,560307.442789535,4895737.8417834,hja2016_188,HJA-2016_soil_07,soil_detected,1,9851.462618870737,3.3003379333347507,749,31,0.04138851802403204,2.57
hja2016_075,260,hyporheic,4,23,866.1,566425.172613061,4897456.76587079,hja2016_188,HJA-2016_soil_07,soil_detected,1,3539.4710167967696,1.8235337618705862,749,17,0.022696929238985315,2.87
hja2016_078,CC-1,hyporheic,2,183,64,569956.016680872,4897740.75332909,hja2016_188,HJA-2016_soil_07,soil_detected,1,2.8083515272266233,-8.476060752564853,749,16,0.021361815754339118,2.3
hja2016_079,64,hyporheic,2,163,33.5,570527.99142083,4895508.85189625,hja2016_188,HJA-2016_soil_07,soil_detected,1,2304.0762190300247,1.2041884420397138,749,34,0.04539385847797063,3.52
hja2016_084,177,hyporheic,1,452,14.8,565808.199860345,4901620.58198475,hja2016_188,HJA-2016_soil_07,soil_detected,1,5678.014577912523,2.505386553087508,749,18,0.02403204272363151,3.25
hja2016_127,60,sediment,2,316,43.1,567391.129953618,4898693.71124374,hja2016_188,HJA-2016_soil_07,soil_detected,1,2733.862989949623,1.4509409427708941,749,55,0.07343124165554073,3.17
hja2016_129,72,sediment,4,16,568.3,566542.167446234,4896499.80813279,hja2016_188,HJA-2016_soil_07,soil_detected,1,3629.607644780516,1.8598136034488935,749,112,0.14953271028037382,7.12
hja2016_131,74,sediment,2,373,70,565310.221852481,4897724.75403567,hja2016_188,HJA-2016_soil_07,soil_detected,1,4643.088287805931,2.2150847138506857,749,122,0.1628838451268358,7.05
hja2016_132,84,sediment,4,112,622.7,566447.171641521,4900685.6232752,hja2016_188,HJA-2016_soil_07,soil_detected,1,4579.183509080627,2.1950903816386007,749,126,0.16822429906542055,6.55
hja2016_133,161,sediment,5,51,5699.1,561109.407372482,4897170.77850081,hja2016_188,HJA-2016_soil_07,soil_detected,1,8862.183553011997,3.1476622081461056,749,224,0.29906542056074764,14.34
hja2016_135,169,sediment,2,144,53.5,568641.074752475,4902527.5419308,hja2016_188,HJA-2016_soil_07,soil_detected,1,4964.017620482448,2.311508236527401,749,125,0.16688918558077437,7.75
hja2016_136,190,sediment,1,546,14.2,564169.272240084,4897881.7471024,hja2016_188,HJA-2016_soil_07,soil_detected,1,5785.746636684302,2.5325031476708397,749,106,0.14152202937249667,4.97
hja2016_139,CC-2,sediment,2,183,63.6,569992.01509108,4897760.75244588,hja2016_188,HJA-2016_soil_07,soil_detected,1,43.89140854827198,-4.50991762035184,749,101,0.1348464619492657,6.05
hja2016_140,CC-3,sediment,2,183,63,570038.013059678,4897795.75090024,hja2016_188,HJA-2016_soil_07,soil_detected,1,101.3687398107033,-3.3023152736426082,749,96,0.12817089452603472,4.77
hja2016_141,CC-4,sediment,2,183,58.5,570162.007583724,4897831.74931045,hja2016_188,HJA-2016_soil_07,soil_detected,1,227.95688307844947,-2.1331671233542417,749,110,0.14686248331108145,5.75
hja2016_142,KC-1,sediment,3,362,114.7,562012.367495176,4896802.79475203,hja2016_188,HJA-2016_soil_07,soil_detected,1,7996.043590705439,2.9992863370053953,749,74,0.09879839786381843,4.44
hja2016_144,KC-3,sediment,3,362,114,562000.368025107,4896680.80013966,hja2016_188,HJA-2016_soil_07,soil_detected,1,8023.154390830395,3.0041695595340205,749,67,0.08945260347129506,4.71
hja2016_145,155,sediment,2,345,81.2,565811.199727862,4897652.75721525,hja2016_188,HJA-2016_soil_07,soil_detected,1,4143.005879542107,2.050677867717608,749,119,0.1588785046728972,6.63
hja2016_146,156,sediment,5,24,2575.9,566141.185154761,4897558.76136638,hja2016_188,HJA-2016_soil_07,soil_detected,1,3816.410370341947,1.9322163095577232,749,91,0.12149532710280374,4.13
hja2016_147,163,sediment,5,63,6126.6,559726.468447026,4896111.82526722,hja2016_188,HJA-2016_soil_07,soil_detected,1,10355.62934133148,3.3723433278304418,749,243,0.32443257676902537,13.7
hja2016_148,165,sediment,2,494,27.9,564789.244860317,4900155.64668049,hja2016_188,HJA-2016_soil_07,soil_detected,1,5701.066710775601,2.511231883200853,749,113,0.15086782376502003,6.32
hja2016_150,53,sediment,3,78,280.7,568092.098996817,4898223.73199937,hja2016_188,HJA-2016_soil_07,soil_detected,1,1922.9950417117375,0.9433550428093184,749,91,0.12149532710280374,4.33
hja2016_151,64,sediment,2,163,33.5,570527.99142083,4895508.85189625,hja2016_188,HJA-2016_soil_07,soil_detected,1,2304.0762190300247,1.2041884420397138,749,263,0.35113484646194926,12.68
hja2016_152,66,sediment,4,79,1360.7,567970.104384448,4898153.73509064,hja2016_188,HJA-2016_soil_07,soil_detected,1,2025.856935941587,1.0185322960071472,749,86,0.11481975967957277,2.98
hja2016_155,82,sediment,2,536,36.6,564452.259742545,4899854.65997292,hja2016_188,HJA-2016_soil_07,soil_detected,1,5893.439526764576,2.5591098649401767,749,106,0.14152202937249667,6.1
hja2016_157,43,sediment,1,538,7.8,567346.131940859,4898257.7304979,hja2016_188,HJA-2016_soil_07,soil_detected,1,2658.0414919826685,1.4103636252350136,749,81,0.1081441922563418,3.26
hja2016_159,49,sediment,5,40,3399.1,563281.311454976,4898046.73981585,hja2016_188,HJA-2016_soil_07,soil_detected,1,6679.01597166865,2.739635564171144,749,79,0.1054739652870494,4.75
hja2016_160,50,sediment,5,41,4956.4,563054.321479503,4898132.73601802,hja2016_188,HJA-2016_soil_07,soil_detected,1,6910.1270281218785,2.7887122317650572,749,52,0.06942590120160214,1.61
hja2016_031,161,hyporheic,5,51,5699.1,561109.407372482,4897170.77850081,hja2016_188,HJA-2016_soil_07,soil_detected,1,8862.183553011997,3.1476622081461056,749,6,0.00801068090787717,2.11
hja2016_032,54,hyporheic,3,363,207.7,561802.376768968,4897363.76997776,hja2016_188,HJA-2016_soil_07,soil_detected,1,8159.591134056102,3.0284968625340056,749,10,0.01335113484646195,2.61
hja2016_035,192,hyporheic,2,542,28.5,564620.252323511,4897836.74908965,hja2016_188,HJA-2016_soil_07,soil_detected,1,5333.908102517981,2.4151929690238827,749,9,0.012016021361815754,1.04
hja2016_037,43,hyporheic,1,538,7.8,567346.131940859,4898257.7304979,hja2016_188,HJA-2016_soil_07,soil_detected,1,2658.0414919826685,1.4103636252350136,749,5,0.006675567423230975,0.96
hja2016_042,165,planktonic,2,494,27.9,564789.244860317,4900155.64668049,hja2016_188,HJA-2016_soil_07,soil_detected,1,5701.066710775601,2.511231883200853,749,6,0.00801068090787717,1.34
hja2016_043,KC-2,hyporheic,3,362,114.2,561999.368069268,4896735.79771081,hja2016_188,HJA-2016_soil_07,soil_detected,1,8017.070482619889,3.003075157841442,749,7,0.009345794392523364,1.49
hja2016_049,67,planktonic,4,83,1558.1,567119.141965387,4897968.74326041,hja2016_188,HJA-2016_soil_07,soil_detected,1,2843.350491880963,1.5075919469690267,749,3,0.004005340453938585,0.61
hja2016_050,165,hyporheic,2,494,27.9,564789.244860317,4900155.64668049,hja2016_188,HJA-2016_soil_07,soil_detected,1,5701.066710775601,2.511231883200853,749,21,0.028037383177570093,2.25
hja2016_052,163,hyporheic,5,63,6126.6,559726.468447026,4896111.82526722,hja2016_188,HJA-2016_soil_07,soil_detected,1,10355.62934133148,3.3723433278304418,749,13,0.017356475300400534,1.13
hja2016_056,KC-1,hyporheic,3,362,114.7,562012.367495176,4896802.79475203,hja2016_188,HJA-2016_soil_07,soil_detected,1,7996.043590705439,2.9992863370053953,749,27,0.036048064085447265,2.36
hja2016_057,71,hyporheic,3,556,101.7,562662.338790582,4897988.74237719,hja2016_188,HJA-2016_soil_07,soil_detected,1,7295.18437473543,2.8669444405359163,749,10,0.01335113484646195,1.91
hja2016_059,KC-2,planktonic,3,362,114.2,561999.368069268,4896735.79771081,hja2016_188,HJA-2016_soil_07,soil_detected,1,8017.070482619889,3.003075157841442,749,18,0.02403204272363151,2.87
hja2016_062,WS3-3,hyporheic,2,511,93.4,560639.428128111,4896408.81215143,hja2016_188,HJA-2016_soil_07,soil_detected,1,9408.520590833115,3.233967889365847,749,23,0.030707610146862484,1.7
hja2016_064,WS3-4,planktonic,2,510,81.3,560692.425787583,4896348.81480109,hja2016_188,HJA-2016_soil_07,soil_detected,1,9364.784606692025,3.227245812361447,749,9,0.012016021361815754,1.65
hja2016_099,162,planktonic,5,66,6208.4,559348.485139852,4895468.85366269,hja2016_188,HJA-2016_soil_07,soil_detected,1,10845.291455262326,3.4389969192586896,749,9,0.012016021361815754,0.51
hja2016_100,64,planktonic,2,163,33.5,570527.99142083,4895508.85189625,hja2016_188,HJA-2016_soil_07,soil_detected,1,2304.0762190300247,1.2041884420397138,749,10,0.01335113484646195,0.28
hja2016_101,58,planktonic,3,385,67.2,566998.147308857,4898497.71989928,hja2016_188,HJA-2016_soil_07,soil_detected,1,3050.708355176634,1.6091442662320077,749,11,0.014686248331108143,0.27
hja2016_102,73,hyporheic,2,255,137,566310.177691566,4896786.79545861,hja2016_188,HJA-2016_soil_07,soil_detected,1,3765.7699892612886,1.9129448837848482,749,10,0.01335113484646195,0.62
hja2016_103,260,planktonic,4,23,866.1,566425.172613061,4897456.76587079,hja2016_188,HJA-2016_soil_07,soil_detected,1,3539.4710167967696,1.8235337618705862,749,29,0.03871829105473965,1.08
hja2016_105,178,planktonic,2,411,19.9,566185.18321168,4901793.57434491,hja2016_188,HJA-2016_soil_07,soil_detected,1,5534.367438026774,2.468418430615996,749,19,0.025367156208277702,0.63
hja2016_106,170,planktonic,2,229,49.4,570659.985591589,4896908.79007097,hja2016_188,HJA-2016_soil_07,soil_detected,1,1091.1033363755566,0.12578774310666652,749,5,0.006675567423230975,0.13
hja2016_107,57,hyporheic,4,131,1488.8,563668.294364702,4898599.71539487,hja2016_188,HJA-2016_soil_07,soil_detected,1,6343.503657636255,2.6652798929397137,749,15,0.020026702269692925,0.48
hja2016_109,169,planktonic,2,144,53.5,568641.074752475,4902527.5419308,hja2016_188,HJA-2016_soil_07,soil_detected,1,4964.017620482448,2.311508236527401,749,10,0.01335113484646195,0.68
hja2016_110,76,hyporheic,3,150,303.5,570464.994202967,4896947.7883487,hja2016_188,HJA-2016_soil_07,soil_detected,1,943.190510688023,-0.08437889125607144,749,9,0.012016021361815754,0.35
hja2016_111,160,planktonic,5,24,2569.5,566416.173010509,4897492.764281,hja2016_188,HJA-2016_soil_07,soil_detected,1,3545.748980302721,1.8260904049080429,749,17,0.022696929238985315,0.57
hja2016_114,WS1-5,planktonic,2,522,87.9,559517.477676657,4895016.87362342,hja2016_188,HJA-2016_soil_07,soil_detected,1,10785.269840088382,3.4309903670822828,749,19,0.025367156208277702,0.52
hja2016_116,53,planktonic,3,78,280.7,568092.098996817,4898223.73199937,hja2016_188,HJA-2016_soil_07,soil_detected,1,1922.9950417117375,0.9433550428093184,749,11,0.014686248331108143,0.49
hja2016_119,56,planktonic,3,321,99.5,562839.3309741,4897811.75019367,hja2016_188,HJA-2016_soil_07,soil_detected,1,7114.31458527304,2.830724769814281,749,29,0.03871829105473965,1.02
hja2016_121,84,hyporheic,4,112,622.7,566447.171641521,4900685.6232752,hja2016_188,HJA-2016_soil_07,soil_detected,1,4579.183509080627,2.1950903816386007,749,7,0.009345794392523364,0.11
hja2016_122,45,sediment,3,390,193.2,565977.192397151,4897892.74661664,hja2016_188,HJA-2016_soil_07,soil_detected,1,3979.0213345659004,1.9924136344400214,749,78,0.1041388518024032,4.77
hja2016_125,56,sediment,3,321,99.5,562839.3309741,4897811.75019367,hja2016_188,HJA-2016_soil_07,soil_detected,1,7114.31458527304,2.830724769814281,749,82,0.10947930574098798,4.97
hja2016_164,260,sediment,4,23,866.1,566425.172613061,4897456.76587079,hja2016_188,HJA-2016_soil_07,soil_detected,1,3539.4710167967696,1.8235337618705862,749,109,0.14552736982643524,4.66
hja2016_166,57,sediment,4,131,1488.8,563668.294364702,4898599.71539487,hja2016_188,HJA-2016_soil_07,soil_detected,1,6343.503657636255,2.6652798929397137,749,58,0.0774365821094793,1.84
hja2016_167,WS3-1,sediment,2,511,96.4,560508.433913191,4896516.80738205,hja2016_188,HJA-2016_soil_07,soil_detected,1,9523.741849313248,3.2515285154252234,749,200,0.26702269692923897,13.96
hja2016_169,WS3-2,sediment,2,511,95.7,560554.431881789,4896487.80866272,hja2016_188,HJA-2016_soil_07,soil_detected,1,9481.913078667265,3.2451781678427873,749,227,0.3030707610146863,13.8
hja2016_170,WS3-3,sediment,2,511,93.4,560639.428128111,4896408.81215143,hja2016_188,HJA-2016_soil_07,soil_detected,1,9408.520590833115,3.233967889365847,749,88,0.11748998664886515,3.33
hja2016_177,WS1-3,sediment,2,522,92.1,559404.482666841,4895069.8712829,hja2016_188,HJA-2016_soil_07,soil_detected,1,10881.514640849435,3.4438074798537675,749,126,0.16822429906542055,7.18
hja2016_179,WS1-5,sediment,2,522,87.9,559517.477676657,4895016.87362342,hja2016_188,HJA-2016_soil_07,soil_detected,1,10785.269840088382,3.4309903670822828,749,103,0.1375166889185581,5.19
hja2016_180,WS1-6,sediment,2,522,82.7,559631.472642313,4894993.87463913,hja2016_188,HJA-2016_soil_07,soil_detected,1,10680.897592661751,3.4169609870503046,749,60,0.0801068090787717,1.93
hja2016_181,177,sediment,1,452,14.8,565808.199860345,4901620.58198475,hja2016_188,HJA-2016_soil_07,soil_detected,1,5678.014577912523,2.505386553087508,749,88,0.11748998664886515,2.96
hja2016_001,50,planktonic,5,41,4956.4,563054.321479503,4898132.73601802,hja2016_188,HJA-2016_soil_07,soil_enriched,1,6910.1270281218785,2.7887122317650572,540,1,0.001851851851851852,0.04
hja2016_008,WS3-1,hyporheic,2,511,96.4,560508.433913191,4896516.80738205,hja2016_188,HJA-2016_soil_07,soil_enriched,1,9523.741849313248,3.2515285154252234,540,5,0.009259259259259259,0.58
hja2016_009,60,hyporheic,2,316,43.1,567391.129953618,4898693.71124374,hja2016_188,HJA-2016_soil_07,soil_enriched,1,2733.862989949623,1.4509409427708941,540,3,0.005555555555555556,0.48
hja2016_010,164,planktonic,3,502,60.8,560307.442789535,4895737.8417834,hja2016_188,HJA-2016_soil_07,soil_enriched,1,9851.462618870737,3.3003379333347507,540,0,0,0
hja2016_011,WS1-6,planktonic,2,522,82.7,559631.472642313,4894993.87463913,hja2016_188,HJA-2016_soil_07,soil_enriched,1,10680.897592661751,3.4169609870503046,540,13,0.024074074074074074,0.9
hja2016_013,WS1-4,planktonic,2,522,89.8,559453.480502956,4895042.87247524,hja2016_188,HJA-2016_soil_07,soil_enriched,1,10840.707530876376,3.4383870137540233,540,3,0.005555555555555556,0.57
hja2016_014,WS1-6,hyporheic,2,522,82.7,559631.472642313,4894993.87463913,hja2016_188,HJA-2016_soil_07,soil_enriched,1,10680.897592661751,3.4169609870503046,540,1,0.001851851851851852,0.29
hja2016_015,47,hyporheic,4,134,1550.1,563254.31264732,4898130.73610634,hja2016_188,HJA-2016_soil_07,soil_enriched,1,6710.351860824906,2.746388416881208,540,1,0.001851851851851852,0.47
hja2016_016,74,hyporheic,2,373,70,565310.221852481,4897724.75403567,hja2016_188,HJA-2016_soil_07,soil_enriched,1,4643.088287805931,2.2150847138506857,540,2,0.003703703703703704,0.21
hja2016_018,WS1-5,hyporheic,2,522,87.9,559517.477676657,4895016.87362342,hja2016_188,HJA-2016_soil_07,soil_enriched,1,10785.269840088382,3.4309903670822828,540,8,0.014814814814814815,0.4
hja2016_019,155,hyporheic,2,345,81.2,565811.199727862,4897652.75721525,hja2016_188,HJA-2016_soil_07,soil_enriched,1,4143.005879542107,2.050677867717608,540,11,0.020370370370370372,2.7
hja2016_020,WS1-2,hyporheic,2,522,93.6,559354.484874886,4895103.86978142,hja2016_188,HJA-2016_soil_07,soil_enriched,1,10921.734407795228,3.4491300741152724,540,10,0.018518518518518517,0.44
hja2016_021,156,hyporheic,5,24,2575.9,566141.185154761,4897558.76136638,hja2016_188,HJA-2016_soil_07,soil_enriched,1,3816.410370341947,1.9322163095577232,540,2,0.003703703703703704,0.45
hja2016_027,WS3-6,planktonic,2,510,78.4,560819.420179147,4896235.81979127,hja2016_188,HJA-2016_soil_07,soil_enriched,1,9256.908178199845,3.210530411540392,540,6,0.011111111111111112,0.61
hja2016_065,68,hyporheic,5,30,3032.2,565145.229139031,4897899.74630751,hja2016_188,HJA-2016_soil_07,soil_enriched,1,4810.705259620966,2.2662484116610333,540,16,0.02962962962962963,1.86
hja2016_066,49,hyporheic,5,40,3399.1,563281.311454976,4898046.73981585,hja2016_188,HJA-2016_soil_07,soil_enriched,1,6679.01597166865,2.739635564171144,540,10,0.018518518518518517,0.69
hja2016_070,56,hyporheic,3,321,99.5,562839.3309741,4897811.75019367,hja2016_188,HJA-2016_soil_07,soil_enriched,1,7114.31458527304,2.830724769814281,540,9,0.016666666666666666,0.78
hja2016_071,164,hyporheic,3,502,60.8,560307.442789535,4895737.8417834,hja2016_188,HJA-2016_soil_07,soil_enriched,1,9851.462618870737,3.3003379333347507,540,12,0.022222222222222223,0.79
hja2016_075,260,hyporheic,4,23,866.1,566425.172613061,4897456.76587079,hja2016_188,HJA-2016_soil_07,soil_enriched,1,3539.4710167967696,1.8235337618705862,540,8,0.014814814814814815,1.41
hja2016_078,CC-1,hyporheic,2,183,64,569956.016680872,4897740.75332909,hja2016_188,HJA-2016_soil_07,soil_enriched,1,2.8083515272266233,-8.476060752564853,540,8,0.014814814814814815,1.12
hja2016_079,64,hyporheic,2,163,33.5,570527.99142083,4895508.85189625,hja2016_188,HJA-2016_soil_07,soil_enriched,1,2304.0762190300247,1.2041884420397138,540,16,0.02962962962962963,1.2
hja2016_084,177,hyporheic,1,452,14.8,565808.199860345,4901620.58198475,hja2016_188,HJA-2016_soil_07,soil_enriched,1,5678.014577912523,2.505386553087508,540,8,0.014814814814814815,0.85
hja2016_127,60,sediment,2,316,43.1,567391.129953618,4898693.71124374,hja2016_188,HJA-2016_soil_07,soil_enriched,1,2733.862989949623,1.4509409427708941,540,26,0.04814814814814815,0.98
hja2016_129,72,sediment,4,16,568.3,566542.167446234,4896499.80813279,hja2016_188,HJA-2016_soil_07,soil_enriched,1,3629.607644780516,1.8598136034488935,540,78,0.14444444444444443,3.59
hja2016_131,74,sediment,2,373,70,565310.221852481,4897724.75403567,hja2016_188,HJA-2016_soil_07,soil_enriched,1,4643.088287805931,2.2150847138506857,540,83,0.1537037037037037,3.56
hja2016_132,84,sediment,4,112,622.7,566447.171641521,4900685.6232752,hja2016_188,HJA-2016_soil_07,soil_enriched,1,4579.183509080627,2.1950903816386007,540,81,0.15,2.51
hja2016_133,161,sediment,5,51,5699.1,561109.407372482,4897170.77850081,hja2016_188,HJA-2016_soil_07,soil_enriched,1,8862.183553011997,3.1476622081461056,540,170,0.3148148148148148,9.63
hja2016_135,169,sediment,2,144,53.5,568641.074752475,4902527.5419308,hja2016_188,HJA-2016_soil_07,soil_enriched,1,4964.017620482448,2.311508236527401,540,86,0.15925925925925927,3.24
hja2016_136,190,sediment,1,546,14.2,564169.272240084,4897881.7471024,hja2016_188,HJA-2016_soil_07,soil_enriched,1,5785.746636684302,2.5325031476708397,540,72,0.13333333333333333,2.2
hja2016_139,CC-2,sediment,2,183,63.6,569992.01509108,4897760.75244588,hja2016_188,HJA-2016_soil_07,soil_enriched,1,43.89140854827198,-4.50991762035184,540,69,0.12777777777777777,2.56
hja2016_140,CC-3,sediment,2,183,63,570038.013059678,4897795.75090024,hja2016_188,HJA-2016_soil_07,soil_enriched,1,101.3687398107033,-3.3023152736426082,540,66,0.12222222222222222,2.08
hja2016_141,CC-4,sediment,2,183,58.5,570162.007583724,4897831.74931045,hja2016_188,HJA-2016_soil_07,soil_enriched,1,227.95688307844947,-2.1331671233542417,540,76,0.14074074074074075,2.61
hja2016_142,KC-1,sediment,3,362,114.7,562012.367495176,4896802.79475203,hja2016_188,HJA-2016_soil_07,soil_enriched,1,7996.043590705439,2.9992863370053953,540,54,0.1,1.94
hja2016_144,KC-3,sediment,3,362,114,562000.368025107,4896680.80013966,hja2016_188,HJA-2016_soil_07,soil_enriched,1,8023.154390830395,3.0041695595340205,540,45,0.08333333333333333,2.12
hja2016_145,155,sediment,2,345,81.2,565811.199727862,4897652.75721525,hja2016_188,HJA-2016_soil_07,soil_enriched,1,4143.005879542107,2.050677867717608,540,78,0.14444444444444443,3.2
hja2016_146,156,sediment,5,24,2575.9,566141.185154761,4897558.76136638,hja2016_188,HJA-2016_soil_07,soil_enriched,1,3816.410370341947,1.9322163095577232,540,56,0.1037037037037037,1.77
hja2016_147,163,sediment,5,63,6126.6,559726.468447026,4896111.82526722,hja2016_188,HJA-2016_soil_07,soil_enriched,1,10355.62934133148,3.3723433278304418,540,192,0.35555555555555557,9.3
hja2016_148,165,sediment,2,494,27.9,564789.244860317,4900155.64668049,hja2016_188,HJA-2016_soil_07,soil_enriched,1,5701.066710775601,2.511231883200853,540,81,0.15,2.71
hja2016_150,53,sediment,3,78,280.7,568092.098996817,4898223.73199937,hja2016_188,HJA-2016_soil_07,soil_enriched,1,1922.9950417117375,0.9433550428093184,540,59,0.10925925925925926,1.92
hja2016_151,64,sediment,2,163,33.5,570527.99142083,4895508.85189625,hja2016_188,HJA-2016_soil_07,soil_enriched,1,2304.0762190300247,1.2041884420397138,540,209,0.387037037037037,8.35
hja2016_152,66,sediment,4,79,1360.7,567970.104384448,4898153.73509064,hja2016_188,HJA-2016_soil_07,soil_enriched,1,2025.856935941587,1.0185322960071472,540,62,0.11481481481481481,1.64
hja2016_155,82,sediment,2,536,36.6,564452.259742545,4899854.65997292,hja2016_188,HJA-2016_soil_07,soil_enriched,1,5893.439526764576,2.5591098649401767,540,72,0.13333333333333333,2.75
hja2016_157,43,sediment,1,538,7.8,567346.131940859,4898257.7304979,hja2016_188,HJA-2016_soil_07,soil_enriched,1,2658.0414919826685,1.4103636252350136,540,52,0.0962962962962963,1.5
hja2016_159,49,sediment,5,40,3399.1,563281.311454976,4898046.73981585,hja2016_188,HJA-2016_soil_07,soil_enriched,1,6679.01597166865,2.739635564171144,540,53,0.09814814814814815,1.71
hja2016_160,50,sediment,5,41,4956.4,563054.321479503,4898132.73601802,hja2016_188,HJA-2016_soil_07,soil_enriched,1,6910.1270281218785,2.7887122317650572,540,29,0.053703703703703705,0.71
hja2016_031,161,hyporheic,5,51,5699.1,561109.407372482,4897170.77850081,hja2016_188,HJA-2016_soil_07,soil_enriched,1,8862.183553011997,3.1476622081461056,540,5,0.009259259259259259,1.31
hja2016_032,54,hyporheic,3,363,207.7,561802.376768968,4897363.76997776,hja2016_188,HJA-2016_soil_07,soil_enriched,1,8159.591134056102,3.0284968625340056,540,4,0.007407407407407408,0.43
hja2016_035,192,hyporheic,2,542,28.5,564620.252323511,4897836.74908965,hja2016_188,HJA-2016_soil_07,soil_enriched,1,5333.908102517981,2.4151929690238827,540,4,0.007407407407407408,0.59
hja2016_037,43,hyporheic,1,538,7.8,567346.131940859,4898257.7304979,hja2016_188,HJA-2016_soil_07,soil_enriched,1,2658.0414919826685,1.4103636252350136,540,0,0,0
hja2016_042,165,planktonic,2,494,27.9,564789.244860317,4900155.64668049,hja2016_188,HJA-2016_soil_07,soil_enriched,1,5701.066710775601,2.511231883200853,540,1,0.001851851851851852,0.07
hja2016_043,KC-2,hyporheic,3,362,114.2,561999.368069268,4896735.79771081,hja2016_188,HJA-2016_soil_07,soil_enriched,1,8017.070482619889,3.003075157841442,540,5,0.009259259259259259,1.12
hja2016_049,67,planktonic,4,83,1558.1,567119.141965387,4897968.74326041,hja2016_188,HJA-2016_soil_07,soil_enriched,1,2843.350491880963,1.5075919469690267,540,2,0.003703703703703704,0.06
hja2016_050,165,hyporheic,2,494,27.9,564789.244860317,4900155.64668049,hja2016_188,HJA-2016_soil_07,soil_enriched,1,5701.066710775601,2.511231883200853,540,12,0.022222222222222223,0.89
hja2016_052,163,hyporheic,5,63,6126.6,559726.468447026,4896111.82526722,hja2016_188,HJA-2016_soil_07,soil_enriched,1,10355.62934133148,3.3723433278304418,540,7,0.012962962962962963,0.54
hja2016_056,KC-1,hyporheic,3,362,114.7,562012.367495176,4896802.79475203,hja2016_188,HJA-2016_soil_07,soil_enriched,1,7996.043590705439,2.9992863370053953,540,14,0.025925925925925925,0.76
hja2016_057,71,hyporheic,3,556,101.7,562662.338790582,4897988.74237719,hja2016_188,HJA-2016_soil_07,soil_enriched,1,7295.18437473543,2.8669444405359163,540,3,0.005555555555555556,0.68
hja2016_059,KC-2,planktonic,3,362,114.2,561999.368069268,4896735.79771081,hja2016_188,HJA-2016_soil_07,soil_enriched,1,8017.070482619889,3.003075157841442,540,8,0.014814814814814815,1.14
hja2016_062,WS3-3,hyporheic,2,511,93.4,560639.428128111,4896408.81215143,hja2016_188,HJA-2016_soil_07,soil_enriched,1,9408.520590833115,3.233967889365847,540,9,0.016666666666666666,0.66
hja2016_064,WS3-4,planktonic,2,510,81.3,560692.425787583,4896348.81480109,hja2016_188,HJA-2016_soil_07,soil_enriched,1,9364.784606692025,3.227245812361447,540,3,0.005555555555555556,0.48
hja2016_099,162,planktonic,5,66,6208.4,559348.485139852,4895468.85366269,hja2016_188,HJA-2016_soil_07,soil_enriched,1,10845.291455262326,3.4389969192586896,540,3,0.005555555555555556,0.23
hja2016_100,64,planktonic,2,163,33.5,570527.99142083,4895508.85189625,hja2016_188,HJA-2016_soil_07,soil_enriched,1,2304.0762190300247,1.2041884420397138,540,4,0.007407407407407408,0.1
hja2016_101,58,planktonic,3,385,67.2,566998.147308857,4898497.71989928,hja2016_188,HJA-2016_soil_07,soil_enriched,1,3050.708355176634,1.6091442662320077,540,6,0.011111111111111112,0.13
hja2016_102,73,hyporheic,2,255,137,566310.177691566,4896786.79545861,hja2016_188,HJA-2016_soil_07,soil_enriched,1,3765.7699892612886,1.9129448837848482,540,4,0.007407407407407408,0.18
hja2016_103,260,planktonic,4,23,866.1,566425.172613061,4897456.76587079,hja2016_188,HJA-2016_soil_07,soil_enriched,1,3539.4710167967696,1.8235337618705862,540,17,0.03148148148148148,0.42
hja2016_105,178,planktonic,2,411,19.9,566185.18321168,4901793.57434491,hja2016_188,HJA-2016_soil_07,soil_enriched,1,5534.367438026774,2.468418430615996,540,10,0.018518518518518517,0.37
hja2016_106,170,planktonic,2,229,49.4,570659.985591589,4896908.79007097,hja2016_188,HJA-2016_soil_07,soil_enriched,1,1091.1033363755566,0.12578774310666652,540,1,0.001851851851851852,0.04
hja2016_107,57,hyporheic,4,131,1488.8,563668.294364702,4898599.71539487,hja2016_188,HJA-2016_soil_07,soil_enriched,1,6343.503657636255,2.6652798929397137,540,8,0.014814814814814815,0.25
hja2016_109,169,planktonic,2,144,53.5,568641.074752475,4902527.5419308,hja2016_188,HJA-2016_soil_07,soil_enriched,1,4964.017620482448,2.311508236527401,540,5,0.009259259259259259,0.4
hja2016_110,76,hyporheic,3,150,303.5,570464.994202967,4896947.7883487,hja2016_188,HJA-2016_soil_07,soil_enriched,1,943.190510688023,-0.08437889125607144,540,4,0.007407407407407408,0.18
hja2016_111,160,planktonic,5,24,2569.5,566416.173010509,4897492.764281,hja2016_188,HJA-2016_soil_07,soil_enriched,1,3545.748980302721,1.8260904049080429,540,7,0.012962962962962963,0.26
hja2016_114,WS1-5,planktonic,2,522,87.9,559517.477676657,4895016.87362342,hja2016_188,HJA-2016_soil_07,soil_enriched,1,10785.269840088382,3.4309903670822828,540,10,0.018518518518518517,0.25
hja2016_116,53,planktonic,3,78,280.7,568092.098996817,4898223.73199937,hja2016_188,HJA-2016_soil_07,soil_enriched,1,1922.9950417117375,0.9433550428093184,540,5,0.009259259259259259,0.25
hja2016_119,56,planktonic,3,321,99.5,562839.3309741,4897811.75019367,hja2016_188,HJA-2016_soil_07,soil_enriched,1,7114.31458527304,2.830724769814281,540,13,0.024074074074074074,0.41
hja2016_121,84,hyporheic,4,112,622.7,566447.171641521,4900685.6232752,hja2016_188,HJA-2016_soil_07,soil_enriched,1,4579.183509080627,2.1950903816386007,540,4,0.007407407407407408,0.07
hja2016_122,45,sediment,3,390,193.2,565977.192397151,4897892.74661664,hja2016_188,HJA-2016_soil_07,soil_enriched,1,3979.0213345659004,1.9924136344400214,540,48,0.08888888888888889,1.6
hja2016_125,56,sediment,3,321,99.5,562839.3309741,4897811.75019367,hja2016_188,HJA-2016_soil_07,soil_enriched,1,7114.31458527304,2.830724769814281,540,55,0.10185185185185185,1.73
hja2016_164,260,sediment,4,23,866.1,566425.172613061,4897456.76587079,hja2016_188,HJA-2016_soil_07,soil_enriched,1,3539.4710167967696,1.8235337618705862,540,74,0.13703703703703704,2.64
hja2016_166,57,sediment,4,131,1488.8,563668.294364702,4898599.71539487,hja2016_188,HJA-2016_soil_07,soil_enriched,1,6343.503657636255,2.6652798929397137,540,35,0.06481481481481481,0.84
hja2016_167,WS3-1,sediment,2,511,96.4,560508.433913191,4896516.80738205,hja2016_188,HJA-2016_soil_07,soil_enriched,1,9523.741849313248,3.2515285154252234,540,151,0.2796296296296296,9.15
hja2016_169,WS3-2,sediment,2,511,95.7,560554.431881789,4896487.80866272,hja2016_188,HJA-2016_soil_07,soil_enriched,1,9481.913078667265,3.2451781678427873,540,175,0.32407407407407407,9.43
hja2016_170,WS3-3,sediment,2,511,93.4,560639.428128111,4896408.81215143,hja2016_188,HJA-2016_soil_07,soil_enriched,1,9408.520590833115,3.233967889365847,540,60,0.1111111111111111,1.59
hja2016_177,WS1-3,sediment,2,522,92.1,559404.482666841,4895069.8712829,hja2016_188,HJA-2016_soil_07,soil_enriched,1,10881.514640849435,3.4438074798537675,540,86,0.15925925925925927,3.19
hja2016_179,WS1-5,sediment,2,522,87.9,559517.477676657,4895016.87362342,hja2016_188,HJA-2016_soil_07,soil_enriched,1,10785.269840088382,3.4309903670822828,540,70,0.12962962962962962,2.29
hja2016_180,WS1-6,sediment,2,522,82.7,559631.472642313,4894993.87463913,hja2016_188,HJA-2016_soil_07,soil_enriched,1,10680.897592661751,3.4169609870503046,540,31,0.05740740740740741,0.91
hja2016_181,177,sediment,1,452,14.8,565808.199860345,4901620.58198475,hja2016_188,HJA-2016_soil_07,soil_enriched,1,5678.014577912523,2.505386553087508,540,56,0.1037037037037037,1.35
hja2016_001,50,planktonic,5,41,4956.4,563054.321479503,4898132.73601802,hja2016_189,HJA-2016_soil_08,soil_detected,1,7620.090001343134,2.92980803757747,1430,5,0.0034965034965034965,1.52
hja2016_008,WS3-1,hyporheic,2,511,96.4,560508.433913191,4896516.80738205,hja2016_189,HJA-2016_soil_08,soil_detected,1,10095.980093538014,3.3357090657302972,1430,24,0.016783216783216783,4.62
hja2016_009,60,hyporheic,2,316,43.1,567391.129953618,4898693.71124374,hja2016_189,HJA-2016_soil_08,soil_detected,1,3614.145359880108,1.8536545321463096,1430,19,0.013286713286713287,4.81
hja2016_010,164,planktonic,3,502,60.8,560307.442789535,4895737.8417834,hja2016_189,HJA-2016_soil_08,soil_detected,1,10363.714786462277,3.373469312525108,1430,5,0.0034965034965034965,1.6
hja2016_011,WS1-6,planktonic,2,522,82.7,559631.472642313,4894993.87463913,hja2016_189,HJA-2016_soil_08,soil_detected,1,11145.51467965544,3.4783913340639456,1430,36,0.025174825174825177,2.64
hja2016_013,WS1-4,planktonic,2,522,89.8,559453.480502956,4895042.87247524,hja2016_189,HJA-2016_soil_08,soil_detected,1,11311.952126813641,3.499776014546649,1430,27,0.01888111888111888,4.06
hja2016_014,WS1-6,hyporheic,2,522,82.7,559631.472642313,4894993.87463913,hja2016_189,HJA-2016_soil_08,soil_detected,1,11145.51467965544,3.4783913340639456,1430,21,0.014685314685314685,5.09
hja2016_015,47,hyporheic,4,134,1550.1,563254.31264732,4898130.73610634,hja2016_189,HJA-2016_soil_08,soil_detected,1,7422.016725895785,2.891811252226454,1430,7,0.0048951048951048955,2.35
hja2016_016,74,hyporheic,2,373,70,565310.221852481,4897724.75403567,hja2016_189,HJA-2016_soil_08,soil_detected,1,5329.250656425102,2.4139326905340663,1430,4,0.002797202797202797,0.56
hja2016_018,WS1-5,hyporheic,2,522,87.9,559517.477676657,4895016.87362342,hja2016_189,HJA-2016_soil_08,soil_detected,1,11253.529817429338,3.492305687561684,1430,29,0.02027972027972028,1.99
hja2016_019,155,hyporheic,2,345,81.2,565811.199727862,4897652.75721525,hja2016_189,HJA-2016_soil_08,soil_detected,1,4823.149863909543,2.269975637916538,1430,30,0.02097902097902098,5.74
hja2016_020,WS1-2,hyporheic,2,522,93.6,559354.484874886,4895103.86978142,hja2016_189,HJA-2016_soil_08,soil_detected,1,11399.055287412546,3.510842358870285,1430,46,0.032167832167832165,3.01
hja2016_021,156,hyporheic,5,24,2575.9,566141.185154761,4897558.76136638,hja2016_189,HJA-2016_soil_08,soil_detected,1,4483.9137414836305,2.164758524813548,1430,8,0.005594405594405594,1.9
hja2016_027,WS3-6,planktonic,2,510,78.4,560819.420179147,4896235.81979127,hja2016_189,HJA-2016_soil_08,soil_detected,1,9803.726618668808,3.2933302545648275,1430,15,0.01048951048951049,1.88
hja2016_065,68,hyporheic,5,30,3032.2,565145.229139031,4897899.74630751,hja2016_189,HJA-2016_soil_08,soil_detected,1,5518.140619933089,2.464182221659505,1430,47,0.032867132867132866,6.9
hja2016_066,49,hyporheic,5,40,3399.1,563281.311454976,4898046.73981585,hja2016_189,HJA-2016_soil_08,soil_detected,1,7383.127085134172,2.8842319917171317,1430,43,0.03006993006993007,4.2
hja2016_070,56,hyporheic,3,321,99.5,562839.3309741,4897811.75019367,hja2016_189,HJA-2016_soil_08,soil_detected,1,7793.521088755496,2.962275280736407,1430,21,0.014685314685314685,2.56
hja2016_071,164,hyporheic,3,502,60.8,560307.442789535,4895737.8417834,hja2016_189,HJA-2016_soil_08,soil_detected,1,10363.714786462277,3.373469312525108,1430,49,0.03426573426573427,3.8
hja2016_075,260,hyporheic,4,23,866.1,566425.172613061,4897456.76587079,hja2016_189,HJA-2016_soil_08,soil_detected,1,4190.196024805917,2.0670177373375735,1430,26,0.01818181818181818,4.9
hja2016_078,CC-1,hyporheic,2,183,64,569956.016680872,4897740.75332909,hja2016_189,HJA-2016_soil_08,soil_detected,1,964.5616479714186,-0.052054646783639656,1430,29,0.02027972027972028,4.54
hja2016_079,64,hyporheic,2,163,33.5,570527.99142083,4895508.85189625,hja2016_189,HJA-2016_soil_08,soil_detected,1,1508.1443737294849,0.5927745435227832,1430,54,0.03776223776223776,6.54
hja2016_084,177,hyporheic,1,452,14.8,565808.199860345,4901620.58198475,hja2016_189,HJA-2016_soil_08,soil_detected,1,6640.11214234545,2.731207606909469,1430,25,0.017482517482517484,6.35
hja2016_127,60,sediment,2,316,43.1,567391.129953618,4898693.71124374,hja2016_189,HJA-2016_soil_08,soil_detected,1,3614.145359880108,1.8536545321463096,1430,111,0.07762237762237763,6
hja2016_129,72,sediment,4,16,568.3,566542.167446234,4896499.80813279,hja2016_189,HJA-2016_soil_08,soil_detected,1,4082.6333482604923,2.0295000083178425,1430,188,0.13146853146853146,11.41
hja2016_131,74,sediment,2,373,70,565310.221852481,4897724.75403567,hja2016_189,HJA-2016_soil_08,soil_detected,1,5329.250656425102,2.4139326905340663,1430,203,0.14195804195804196,11.57
hja2016_132,84,sediment,4,112,622.7,566447.171641521,4900685.6232752,hja2016_189,HJA-2016_soil_08,soil_detected,1,5536.164377725709,2.4688867795730913,1430,217,0.15174825174825174,10.7
hja2016_133,161,sediment,5,51,5699.1,561109.407372482,4897170.77850081,hja2016_189,HJA-2016_soil_08,soil_detected,1,9483.945057711348,3.245487305038713,1430,358,0.25034965034965034,22.63
hja2016_135,169,sediment,2,144,53.5,568641.074752475,4902527.5419308,hja2016_189,HJA-2016_soil_08,soil_detected,1,5847.013422289788,2.5476999031433123,1430,203,0.14195804195804196,11.91
hja2016_136,190,sediment,1,546,14.2,564169.272240084,4897881.7471024,hja2016_189,HJA-2016_soil_08,soil_detected,1,6480.945534006087,2.696204309669802,1430,159,0.11118881118881119,9.57
hja2016_139,CC-2,sediment,2,183,63.6,569992.01509108,4897760.75244588,hja2016_189,HJA-2016_soil_08,soil_detected,1,956.7046277898916,-0.06385451792715714,1430,174,0.12167832167832168,8.88
hja2016_140,CC-3,sediment,2,183,63,570038.013059678,4897795.75090024,hja2016_189,HJA-2016_soil_08,soil_detected,1,956.857674413576,-0.06362374456249494,1430,170,0.11888111888111888,9.15
hja2016_141,CC-4,sediment,2,183,58.5,570162.007583724,4897831.74931045,hja2016_189,HJA-2016_soil_08,soil_detected,1,922.501881063335,-0.1163762419279025,1430,161,0.11258741258741259,10.57
hja2016_142,KC-1,sediment,3,362,114.7,562012.367495176,4896802.79475203,hja2016_189,HJA-2016_soil_08,soil_detected,1,8582.35543778184,3.1013736514599306,1430,137,0.0958041958041958,8.57
hja2016_144,KC-3,sediment,3,362,114,562000.368025107,4896680.80013966,hja2016_189,HJA-2016_soil_08,soil_detected,1,8598.237380564147,3.1040409408672978,1430,123,0.08601398601398601,9.91
hja2016_145,155,sediment,2,345,81.2,565811.199727862,4897652.75721525,hja2016_189,HJA-2016_soil_08,soil_detected,1,4823.149863909543,2.269975637916538,1430,195,0.13636363636363635,11.37
hja2016_146,156,sediment,5,24,2575.9,566141.185154761,4897558.76136638,hja2016_189,HJA-2016_soil_08,soil_detected,1,4483.9137414836305,2.164758524813548,1430,144,0.1006993006993007,7.86
hja2016_147,163,sediment,5,63,6126.6,559726.468447026,4896111.82526722,hja2016_189,HJA-2016_soil_08,soil_detected,1,10903.139794941539,3.4466717449635835,1430,377,0.2636363636363636,21.06
hja2016_148,165,sediment,2,494,27.9,564789.244860317,4900155.64668049,hja2016_189,HJA-2016_soil_08,soil_detected,1,6597.925102899329,2.7220124010781994,1430,178,0.12447552447552447,9.4
hja2016_150,53,sediment,3,78,280.7,568092.098996817,4898223.73199937,hja2016_189,HJA-2016_soil_08,soil_detected,1,2776.5847951051264,1.4733114555765532,1430,151,0.1055944055944056,8.53
hja2016_151,64,sediment,2,163,33.5,570527.99142083,4895508.85189625,hja2016_189,HJA-2016_soil_08,soil_detected,1,1508.1443737294849,0.5927745435227832,1430,413,0.28881118881118883,19.8
hja2016_152,66,sediment,4,79,1360.7,567970.104384448,4898153.73509064,hja2016_189,HJA-2016_soil_08,soil_detected,1,2858.3296424097116,1.5151723076322903,1430,161,0.11258741258741259,6.9
hja2016_155,82,sediment,2,536,36.6,564452.259742545,4899854.65997292,hja2016_189,HJA-2016_soil_08,soil_detected,1,6764.4293019837405,2.7579682227563387,1430,178,0.12447552447552447,9.07
hja2016_157,43,sediment,1,538,7.8,567346.131940859,4898257.7304979,hja2016_189,HJA-2016_soil_08,soil_detected,1,3475.486279533234,1.7972148494877138,1430,128,0.08951048951048951,5.44
hja2016_159,49,sediment,5,40,3399.1,563281.311454976,4898046.73981585,hja2016_189,HJA-2016_soil_08,soil_detected,1,7383.127085134172,2.8842319917171317,1430,136,0.0951048951048951,9
hja2016_160,50,sediment,5,41,4956.4,563054.321479503,4898132.73601802,hja2016_189,HJA-2016_soil_08,soil_detected,1,7620.090001343134,2.92980803757747,1430,89,0.062237762237762236,3.67
hja2016_031,161,hyporheic,5,51,5699.1,561109.407372482,4897170.77850081,hja2016_189,HJA-2016_soil_08,soil_detected,1,9483.945057711348,3.245487305038713,1430,8,0.005594405594405594,2.9
hja2016_032,54,hyporheic,3,363,207.7,561802.376768968,4897363.76997776,hja2016_189,HJA-2016_soil_08,soil_detected,1,8796.598254277265,3.1369457248305332,1430,14,0.009790209790209791,3.89
hja2016_035,192,hyporheic,2,542,28.5,564620.252323511,4897836.74908965,hja2016_189,HJA-2016_soil_08,soil_detected,1,6028.017611289322,2.5916836318797736,1430,17,0.011888111888111888,3.35
hja2016_037,43,hyporheic,1,538,7.8,567346.131940859,4898257.7304979,hja2016_189,HJA-2016_soil_08,soil_detected,1,3475.486279533234,1.7972148494877138,1430,10,0.006993006993006993,2.29
hja2016_042,165,planktonic,2,494,27.9,564789.244860317,4900155.64668049,hja2016_189,HJA-2016_soil_08,soil_detected,1,6597.925102899329,2.7220124010781994,1430,10,0.006993006993006993,1.56
hja2016_043,KC-2,hyporheic,3,362,114.2,561999.368069268,4896735.79771081,hja2016_189,HJA-2016_soil_08,soil_detected,1,8597.270751937693,3.103878741493311,1430,14,0.009790209790209791,3.31
hja2016_049,67,planktonic,4,83,1558.1,567119.141965387,4897968.74326041,hja2016_189,HJA-2016_soil_08,soil_detected,1,3601.3524719348575,1.8485388060339452,1430,6,0.004195804195804196,1
hja2016_050,165,hyporheic,2,494,27.9,564789.244860317,4900155.64668049,hja2016_189,HJA-2016_soil_08,soil_detected,1,6597.925102899329,2.7220124010781994,1430,33,0.023076923076923078,3.27
hja2016_052,163,hyporheic,5,63,6126.6,559726.468447026,4896111.82526722,hja2016_189,HJA-2016_soil_08,soil_detected,1,10903.139794941539,3.4466717449635835,1430,34,0.023776223776223775,4.04
hja2016_056,KC-1,hyporheic,3,362,114.7,562012.367495176,4896802.79475203,hja2016_189,HJA-2016_soil_08,soil_detected,1,8582.35543778184,3.1013736514599306,1430,40,0.027972027972027972,3.98
hja2016_057,71,hyporheic,3,556,101.7,562662.338790582,4897988.74237719,hja2016_189,HJA-2016_soil_08,soil_detected,1,7989.229583387442,2.9980563880324116,1430,17,0.011888111888111888,4.11
hja2016_059,KC-2,planktonic,3,362,114.2,561999.368069268,4896735.79771081,hja2016_189,HJA-2016_soil_08,soil_detected,1,8597.270751937693,3.103878741493311,1430,37,0.025874125874125874,4.14
hja2016_062,WS3-3,hyporheic,2,511,93.4,560639.428128111,4896408.81215143,hja2016_189,HJA-2016_soil_08,soil_detected,1,9971.137285299243,3.3177580645319256,1430,41,0.028671328671328673,2.72
hja2016_064,WS3-4,planktonic,2,510,81.3,560692.425787583,4896348.81480109,hja2016_189,HJA-2016_soil_08,soil_detected,1,9922.08988625604,3.310644026961335,1430,16,0.011188811188811189,3.09
hja2016_099,162,planktonic,5,66,6208.4,559348.485139852,4895468.85366269,hja2016_189,HJA-2016_soil_08,soil_detected,1,11349.494693901986,3.504556161669637,1430,20,0.013986013986013986,0.8
hja2016_100,64,planktonic,2,163,33.5,570527.99142083,4895508.85189625,hja2016_189,HJA-2016_soil_08,soil_detected,1,1508.1443737294849,0.5927745435227832,1430,12,0.008391608391608392,0.37
hja2016_101,58,planktonic,3,385,67.2,566998.147308857,4898497.71989928,hja2016_189,HJA-2016_soil_08,soil_detected,1,3887.5385027709062,1.95885696398448,1430,24,0.016783216783216783,0.67
hja2016_102,73,hyporheic,2,255,137,566310.177691566,4896786.79545861,hja2016_189,HJA-2016_soil_08,soil_detected,1,4288.016228603595,2.100310365889347,1430,20,0.013986013986013986,0.78
hja2016_103,260,planktonic,4,23,866.1,566425.172613061,4897456.76587079,hja2016_189,HJA-2016_soil_08,soil_detected,1,4190.196024805917,2.0670177373375735,1430,49,0.03426573426573427,1.87
hja2016_105,178,planktonic,2,411,19.9,566185.18321168,4901793.57434491,hja2016_189,HJA-2016_soil_08,soil_detected,1,6499.960377436466,2.7004309237641464,1430,30,0.02097902097902098,0.92
hja2016_106,170,planktonic,2,229,49.4,570659.985591589,4896908.79007097,hja2016_189,HJA-2016_soil_08,soil_detected,1,126.59499456271408,-2.981707731687536,1430,10,0.006993006993006993,0.26
hja2016_107,57,hyporheic,4,131,1488.8,563668.294364702,4898599.71539487,hja2016_189,HJA-2016_soil_08,soil_detected,1,7102.687424501715,2.8283649965072555,1430,28,0.019580419580419582,0.79
hja2016_109,169,planktonic,2,144,53.5,568641.074752475,4902527.5419308,hja2016_189,HJA-2016_soil_08,soil_detected,1,5847.013422289788,2.5476999031433123,1430,22,0.015384615384615385,1.1
hja2016_110,76,hyporheic,3,150,303.5,570464.994202967,4896947.7883487,hja2016_189,HJA-2016_soil_08,soil_detected,1,144.06477344289544,-2.795210482428865,1430,18,0.012587412587412588,0.66
hja2016_111,160,planktonic,5,24,2569.5,566416.173010509,4897492.764281,hja2016_189,HJA-2016_soil_08,soil_detected,1,4203.079917533298,2.0714468882131407,1430,34,0.023776223776223775,1.01
hja2016_114,WS1-5,planktonic,2,522,87.9,559517.477676657,4895016.87362342,hja2016_189,HJA-2016_soil_08,soil_detected,1,11253.529817429338,3.492305687561684,1430,31,0.021678321678321677,0.85
hja2016_116,53,planktonic,3,78,280.7,568092.098996817,4898223.73199937,hja2016_189,HJA-2016_soil_08,soil_detected,1,2776.5847951051264,1.4733114555765532,1430,27,0.01888111888111888,0.89
hja2016_119,56,planktonic,3,321,99.5,562839.3309741,4897811.75019367,hja2016_189,HJA-2016_soil_08,soil_detected,1,7793.521088755496,2.962275280736407,1430,52,0.03636363636363636,1.71
hja2016_121,84,hyporheic,4,112,622.7,566447.171641521,4900685.6232752,hja2016_189,HJA-2016_soil_08,soil_detected,1,5536.164377725709,2.4688867795730913,1430,13,0.00909090909090909,0.18
hja2016_122,45,sediment,3,390,193.2,565977.192397151,4897892.74661664,hja2016_189,HJA-2016_soil_08,soil_detected,1,4697.504183586255,2.231894446506737,1430,139,0.0972027972027972,8.97
hja2016_125,56,sediment,3,321,99.5,562839.3309741,4897811.75019367,hja2016_189,HJA-2016_soil_08,soil_detected,1,7793.521088755496,2.962275280736407,1430,143,0.1,9.37
hja2016_164,260,sediment,4,23,866.1,566425.172613061,4897456.76587079,hja2016_189,HJA-2016_soil_08,soil_detected,1,4190.196024805917,2.0670177373375735,1430,196,0.13706293706293707,9.39
hja2016_166,57,sediment,4,131,1488.8,563668.294364702,4898599.71539487,hja2016_189,HJA-2016_soil_08,soil_detected,1,7102.687424501715,2.8283649965072555,1430,114,0.07972027972027972,3.75
hja2016_167,WS3-1,sediment,2,511,96.4,560508.433913191,4896516.80738205,hja2016_189,HJA-2016_soil_08,soil_detected,1,10095.980093538014,3.3357090657302972,1430,325,0.22727272727272727,21.24
hja2016_169,WS3-2,sediment,2,511,95.7,560554.431881789,4896487.80866272,hja2016_189,HJA-2016_soil_08,soil_detected,1,10051.51961945439,3.3293417238258587,1430,347,0.24265734265734265,21.35
hja2016_170,WS3-3,sediment,2,511,93.4,560639.428128111,4896408.81215143,hja2016_189,HJA-2016_soil_08,soil_detected,1,9971.137285299243,3.3177580645319256,1430,140,0.0979020979020979,5.61
hja2016_177,WS1-3,sediment,2,522,92.1,559404.482666841,4895069.8712829,hja2016_189,HJA-2016_soil_08,soil_detected,1,11355.54494999942,3.505325037197834,1430,197,0.13776223776223775,12.33
hja2016_179,WS1-5,sediment,2,522,87.9,559517.477676657,4895016.87362342,hja2016_189,HJA-2016_soil_08,soil_detected,1,11253.529817429338,3.492305687561684,1430,156,0.10909090909090909,9.52
hja2016_180,WS1-6,sediment,2,522,82.7,559631.472642313,4894993.87463913,hja2016_189,HJA-2016_soil_08,soil_detected,1,11145.51467965544,3.4783913340639456,1430,101,0.07062937062937064,3.83
hja2016_181,177,sediment,1,452,14.8,565808.199860345,4901620.58198475,hja2016_189,HJA-2016_soil_08,soil_detected,1,6640.11214234545,2.731207606909469,1430,149,0.1041958041958042,5.78
hja2016_001,50,planktonic,5,41,4956.4,563054.321479503,4898132.73601802,hja2016_189,HJA-2016_soil_08,soil_enriched,1,7620.090001343134,2.92980803757747,794,1,0.0012594458438287153,0.04
hja2016_008,WS3-1,hyporheic,2,511,96.4,560508.433913191,4896516.80738205,hja2016_189,HJA-2016_soil_08,soil_enriched,1,10095.980093538014,3.3357090657302972,794,6,0.007556675062972292,0.74
hja2016_009,60,hyporheic,2,316,43.1,567391.129953618,4898693.71124374,hja2016_189,HJA-2016_soil_08,soil_enriched,1,3614.145359880108,1.8536545321463096,794,5,0.006297229219143577,0.44
hja2016_010,164,planktonic,3,502,60.8,560307.442789535,4895737.8417834,hja2016_189,HJA-2016_soil_08,soil_enriched,1,10363.714786462277,3.373469312525108,794,0,0,0
hja2016_011,WS1-6,planktonic,2,522,82.7,559631.472642313,4894993.87463913,hja2016_189,HJA-2016_soil_08,soil_enriched,1,11145.51467965544,3.4783913340639456,794,13,0.0163727959697733,0.89
hja2016_013,WS1-4,planktonic,2,522,89.8,559453.480502956,4895042.87247524,hja2016_189,HJA-2016_soil_08,soil_enriched,1,11311.952126813641,3.499776014546649,794,5,0.006297229219143577,0.61
hja2016_014,WS1-6,hyporheic,2,522,82.7,559631.472642313,4894993.87463913,hja2016_189,HJA-2016_soil_08,soil_enriched,1,11145.51467965544,3.4783913340639456,794,3,0.003778337531486146,0.43
hja2016_015,47,hyporheic,4,134,1550.1,563254.31264732,4898130.73610634,hja2016_189,HJA-2016_soil_08,soil_enriched,1,7422.016725895785,2.891811252226454,794,1,0.0012594458438287153,0.47
hja2016_016,74,hyporheic,2,373,70,565310.221852481,4897724.75403567,hja2016_189,HJA-2016_soil_08,soil_enriched,1,5329.250656425102,2.4139326905340663,794,1,0.0012594458438287153,0.05
hja2016_018,WS1-5,hyporheic,2,522,87.9,559517.477676657,4895016.87362342,hja2016_189,HJA-2016_soil_08,soil_enriched,1,11253.529817429338,3.492305687561684,794,9,0.011335012594458438,0.48
hja2016_019,155,hyporheic,2,345,81.2,565811.199727862,4897652.75721525,hja2016_189,HJA-2016_soil_08,soil_enriched,1,4823.149863909543,2.269975637916538,794,12,0.015113350125944584,2.6
hja2016_020,WS1-2,hyporheic,2,522,93.6,559354.484874886,4895103.86978142,hja2016_189,HJA-2016_soil_08,soil_enriched,1,11399.055287412546,3.510842358870285,794,17,0.021410579345088162,0.79
hja2016_021,156,hyporheic,5,24,2575.9,566141.185154761,4897558.76136638,hja2016_189,HJA-2016_soil_08,soil_enriched,1,4483.9137414836305,2.164758524813548,794,2,0.0025188916876574307,0.45
hja2016_027,WS3-6,planktonic,2,510,78.4,560819.420179147,4896235.81979127,hja2016_189,HJA-2016_soil_08,soil_enriched,1,9803.726618668808,3.2933302545648275,794,6,0.007556675062972292,0.61
hja2016_065,68,hyporheic,5,30,3032.2,565145.229139031,4897899.74630751,hja2016_189,HJA-2016_soil_08,soil_enriched,1,5518.140619933089,2.464182221659505,794,15,0.018891687657430732,1.76
hja2016_066,49,hyporheic,5,40,3399.1,563281.311454976,4898046.73981585,hja2016_189,HJA-2016_soil_08,soil_enriched,1,7383.127085134172,2.8842319917171317,794,16,0.020151133501259445,1.02
hja2016_070,56,hyporheic,3,321,99.5,562839.3309741,4897811.75019367,hja2016_189,HJA-2016_soil_08,soil_enriched,1,7793.521088755496,2.962275280736407,794,8,0.010075566750629723,0.75
hja2016_071,164,hyporheic,3,502,60.8,560307.442789535,4895737.8417834,hja2016_189,HJA-2016_soil_08,soil_enriched,1,10363.714786462277,3.373469312525108,794,14,0.017632241813602016,0.91
hja2016_075,260,hyporheic,4,23,866.1,566425.172613061,4897456.76587079,hja2016_189,HJA-2016_soil_08,soil_enriched,1,4190.196024805917,2.0670177373375735,794,7,0.008816120906801008,1.26
hja2016_078,CC-1,hyporheic,2,183,64,569956.016680872,4897740.75332909,hja2016_189,HJA-2016_soil_08,soil_enriched,1,964.5616479714186,-0.052054646783639656,794,8,0.010075566750629723,1.12
hja2016_079,64,hyporheic,2,163,33.5,570527.99142083,4895508.85189625,hja2016_189,HJA-2016_soil_08,soil_enriched,1,1508.1443737294849,0.5927745435227832,794,22,0.027707808564231738,1.76
hja2016_084,177,hyporheic,1,452,14.8,565808.199860345,4901620.58198475,hja2016_189,HJA-2016_soil_08,soil_enriched,1,6640.11214234545,2.731207606909469,794,7,0.008816120906801008,0.93
hja2016_127,60,sediment,2,316,43.1,567391.129953618,4898693.71124374,hja2016_189,HJA-2016_soil_08,soil_enriched,1,3614.145359880108,1.8536545321463096,794,41,0.05163727959697733,1.26
hja2016_129,72,sediment,4,16,568.3,566542.167446234,4896499.80813279,hja2016_189,HJA-2016_soil_08,soil_enriched,1,4082.6333482604923,2.0295000083178425,794,108,0.13602015113350127,4.18
hja2016_131,74,sediment,2,373,70,565310.221852481,4897724.75403567,hja2016_189,HJA-2016_soil_08,soil_enriched,1,5329.250656425102,2.4139326905340663,794,107,0.13476070528967254,4.13
hja2016_132,84,sediment,4,112,622.7,566447.171641521,4900685.6232752,hja2016_189,HJA-2016_soil_08,soil_enriched,1,5536.164377725709,2.4688867795730913,794,118,0.1486146095717884,3.12
hja2016_133,161,sediment,5,51,5699.1,561109.407372482,4897170.77850081,hja2016_189,HJA-2016_soil_08,soil_enriched,1,9483.945057711348,3.245487305038713,794,226,0.28463476070528965,11.55
hja2016_135,169,sediment,2,144,53.5,568641.074752475,4902527.5419308,hja2016_189,HJA-2016_soil_08,soil_enriched,1,5847.013422289788,2.5476999031433123,794,109,0.13727959697732997,3.56
hja2016_136,190,sediment,1,546,14.2,564169.272240084,4897881.7471024,hja2016_189,HJA-2016_soil_08,soil_enriched,1,6480.945534006087,2.696204309669802,794,85,0.1070528967254408,2.57
hja2016_139,CC-2,sediment,2,183,63.6,569992.01509108,4897760.75244588,hja2016_189,HJA-2016_soil_08,soil_enriched,1,956.7046277898916,-0.06385451792715714,794,97,0.12216624685138538,3.02
hja2016_140,CC-3,sediment,2,183,63,570038.013059678,4897795.75090024,hja2016_189,HJA-2016_soil_08,soil_enriched,1,956.857674413576,-0.06362374456249494,794,90,0.11335012594458438,2.68
hja2016_141,CC-4,sediment,2,183,58.5,570162.007583724,4897831.74931045,hja2016_189,HJA-2016_soil_08,soil_enriched,1,922.501881063335,-0.1163762419279025,794,86,0.10831234256926953,3.05
hja2016_142,KC-1,sediment,3,362,114.7,562012.367495176,4896802.79475203,hja2016_189,HJA-2016_soil_08,soil_enriched,1,8582.35543778184,3.1013736514599306,794,72,0.0906801007556675,2.36
hja2016_144,KC-3,sediment,3,362,114,562000.368025107,4896680.80013966,hja2016_189,HJA-2016_soil_08,soil_enriched,1,8598.237380564147,3.1040409408672978,794,58,0.07304785894206549,2.42
hja2016_145,155,sediment,2,345,81.2,565811.199727862,4897652.75721525,hja2016_189,HJA-2016_soil_08,soil_enriched,1,4823.149863909543,2.269975637916538,794,100,0.12594458438287154,3.87
hja2016_146,156,sediment,5,24,2575.9,566141.185154761,4897558.76136638,hja2016_189,HJA-2016_soil_08,soil_enriched,1,4483.9137414836305,2.164758524813548,794,73,0.09193954659949623,2.02
hja2016_147,163,sediment,5,63,6126.6,559726.468447026,4896111.82526722,hja2016_189,HJA-2016_soil_08,soil_enriched,1,10903.139794941539,3.4466717449635835,794,246,0.30982367758186397,11.1
hja2016_148,165,sediment,2,494,27.9,564789.244860317,4900155.64668049,hja2016_189,HJA-2016_soil_08,soil_enriched,1,6597.925102899329,2.7220124010781994,794,103,0.1297229219143577,3.1
hja2016_150,53,sediment,3,78,280.7,568092.098996817,4898223.73199937,hja2016_189,HJA-2016_soil_08,soil_enriched,1,2776.5847951051264,1.4733114555765532,794,77,0.09697732997481108,2.18
hja2016_151,64,sediment,2,163,33.5,570527.99142083,4895508.85189625,hja2016_189,HJA-2016_soil_08,soil_enriched,1,1508.1443737294849,0.5927745435227832,794,273,0.3438287153652393,10.12
hja2016_152,66,sediment,4,79,1360.7,567970.104384448,4898153.73509064,hja2016_189,HJA-2016_soil_08,soil_enriched,1,2858.3296424097116,1.5151723076322903,794,86,0.10831234256926953,1.97
hja2016_155,82,sediment,2,536,36.6,564452.259742545,4899854.65997292,hja2016_189,HJA-2016_soil_08,soil_enriched,1,6764.4293019837405,2.7579682227563387,794,94,0.11838790931989925,3.19
hja2016_157,43,sediment,1,538,7.8,567346.131940859,4898257.7304979,hja2016_189,HJA-2016_soil_08,soil_enriched,1,3475.486279533234,1.7972148494877138,794,59,0.0743073047858942,1.61
hja2016_159,49,sediment,5,40,3399.1,563281.311454976,4898046.73981585,hja2016_189,HJA-2016_soil_08,soil_enriched,1,7383.127085134172,2.8842319917171317,794,63,0.07934508816120907,1.9
hja2016_160,50,sediment,5,41,4956.4,563054.321479503,4898132.73601802,hja2016_189,HJA-2016_soil_08,soil_enriched,1,7620.090001343134,2.92980803757747,794,39,0.0491183879093199,0.84
hja2016_031,161,hyporheic,5,51,5699.1,561109.407372482,4897170.77850081,hja2016_189,HJA-2016_soil_08,soil_enriched,1,9483.945057711348,3.245487305038713,794,3,0.003778337531486146,0.37
hja2016_032,54,hyporheic,3,363,207.7,561802.376768968,4897363.76997776,hja2016_189,HJA-2016_soil_08,soil_enriched,1,8796.598254277265,3.1369457248305332,794,6,0.007556675062972292,0.6
hja2016_035,192,hyporheic,2,542,28.5,564620.252323511,4897836.74908965,hja2016_189,HJA-2016_soil_08,soil_enriched,1,6028.017611289322,2.5916836318797736,794,6,0.007556675062972292,0.93
hja2016_037,43,hyporheic,1,538,7.8,567346.131940859,4898257.7304979,hja2016_189,HJA-2016_soil_08,soil_enriched,1,3475.486279533234,1.7972148494877138,794,0,0,0
hja2016_042,165,planktonic,2,494,27.9,564789.244860317,4900155.64668049,hja2016_189,HJA-2016_soil_08,soil_enriched,1,6597.925102899329,2.7220124010781994,794,1,0.0012594458438287153,0.07
hja2016_043,KC-2,hyporheic,3,362,114.2,561999.368069268,4896735.79771081,hja2016_189,HJA-2016_soil_08,soil_enriched,1,8597.270751937693,3.103878741493311,794,6,0.007556675062972292,1.19
hja2016_049,67,planktonic,4,83,1558.1,567119.141965387,4897968.74326041,hja2016_189,HJA-2016_soil_08,soil_enriched,1,3601.3524719348575,1.8485388060339452,794,2,0.0025188916876574307,0.06
hja2016_050,165,hyporheic,2,494,27.9,564789.244860317,4900155.64668049,hja2016_189,HJA-2016_soil_08,soil_enriched,1,6597.925102899329,2.7220124010781994,794,14,0.017632241813602016,1.03
hja2016_052,163,hyporheic,5,63,6126.6,559726.468447026,4896111.82526722,hja2016_189,HJA-2016_soil_08,soil_enriched,1,10903.139794941539,3.4466717449635835,794,7,0.008816120906801008,0.37
hja2016_056,KC-1,hyporheic,3,362,114.7,562012.367495176,4896802.79475203,hja2016_189,HJA-2016_soil_08,soil_enriched,1,8582.35543778184,3.1013736514599306,794,13,0.0163727959697733,0.73
hja2016_057,71,hyporheic,3,556,101.7,562662.338790582,4897988.74237719,hja2016_189,HJA-2016_soil_08,soil_enriched,1,7989.229583387442,2.9980563880324116,794,2,0.0025188916876574307,0.62
hja2016_059,KC-2,planktonic,3,362,114.2,561999.368069268,4896735.79771081,hja2016_189,HJA-2016_soil_08,soil_enriched,1,8597.270751937693,3.103878741493311,794,11,0.013853904282115869,1.25
hja2016_062,WS3-3,hyporheic,2,511,93.4,560639.428128111,4896408.81215143,hja2016_189,HJA-2016_soil_08,soil_enriched,1,9971.137285299243,3.3177580645319256,794,11,0.013853904282115869,0.83
hja2016_064,WS3-4,planktonic,2,510,81.3,560692.425787583,4896348.81480109,hja2016_189,HJA-2016_soil_08,soil_enriched,1,9922.08988625604,3.310644026961335,794,6,0.007556675062972292,0.77
hja2016_099,162,planktonic,5,66,6208.4,559348.485139852,4895468.85366269,hja2016_189,HJA-2016_soil_08,soil_enriched,1,11349.494693901986,3.504556161669637,794,6,0.007556675062972292,0.26
hja2016_100,64,planktonic,2,163,33.5,570527.99142083,4895508.85189625,hja2016_189,HJA-2016_soil_08,soil_enriched,1,1508.1443737294849,0.5927745435227832,794,4,0.005037783375314861,0.1
hja2016_101,58,planktonic,3,385,67.2,566998.147308857,4898497.71989928,hja2016_189,HJA-2016_soil_08,soil_enriched,1,3887.5385027709062,1.95885696398448,794,10,0.012594458438287154,0.2
hja2016_102,73,hyporheic,2,255,137,566310.177691566,4896786.79545861,hja2016_189,HJA-2016_soil_08,soil_enriched,1,4288.016228603595,2.100310365889347,794,7,0.008816120906801008,0.24
hja2016_103,260,planktonic,4,23,866.1,566425.172613061,4897456.76587079,hja2016_189,HJA-2016_soil_08,soil_enriched,1,4190.196024805917,2.0670177373375735,794,23,0.028967254408060455,0.52
hja2016_105,178,planktonic,2,411,19.9,566185.18321168,4901793.57434491,hja2016_189,HJA-2016_soil_08,soil_enriched,1,6499.960377436466,2.7004309237641464,794,14,0.017632241813602016,0.4
hja2016_106,170,planktonic,2,229,49.4,570659.985591589,4896908.79007097,hja2016_189,HJA-2016_soil_08,soil_enriched,1,126.59499456271408,-2.981707731687536,794,1,0.0012594458438287153,0.04
hja2016_107,57,hyporheic,4,131,1488.8,563668.294364702,4898599.71539487,hja2016_189,HJA-2016_soil_08,soil_enriched,1,7102.687424501715,2.8283649965072555,794,11,0.013853904282115869,0.33
hja2016_109,169,planktonic,2,144,53.5,568641.074752475,4902527.5419308,hja2016_189,HJA-2016_soil_08,soil_enriched,1,5847.013422289788,2.5476999031433123,794,7,0.008816120906801008,0.43
hja2016_110,76,hyporheic,3,150,303.5,570464.994202967,4896947.7883487,hja2016_189,HJA-2016_soil_08,soil_enriched,1,144.06477344289544,-2.795210482428865,794,7,0.008816120906801008,0.23
hja2016_111,160,planktonic,5,24,2569.5,566416.173010509,4897492.764281,hja2016_189,HJA-2016_soil_08,soil_enriched,1,4203.079917533298,2.0714468882131407,794,15,0.018891687657430732,0.39
hja2016_114,WS1-5,planktonic,2,522,87.9,559517.477676657,4895016.87362342,hja2016_189,HJA-2016_soil_08,soil_enriched,1,11253.529817429338,3.492305687561684,794,12,0.015113350125944584,0.29
hja2016_116,53,planktonic,3,78,280.7,568092.098996817,4898223.73199937,hja2016_189,HJA-2016_soil_08,soil_enriched,1,2776.5847951051264,1.4733114555765532,794,11,0.013853904282115869,0.35
hja2016_119,56,planktonic,3,321,99.5,562839.3309741,4897811.75019367,hja2016_189,HJA-2016_soil_08,soil_enriched,1,7793.521088755496,2.962275280736407,794,21,0.02644836272040302,0.45
hja2016_121,84,hyporheic,4,112,622.7,566447.171641521,4900685.6232752,hja2016_189,HJA-2016_soil_08,soil_enriched,1,5536.164377725709,2.4688867795730913,794,4,0.005037783375314861,0.07
hja2016_122,45,sediment,3,390,193.2,565977.192397151,4897892.74661664,hja2016_189,HJA-2016_soil_08,soil_enriched,1,4697.504183586255,2.231894446506737,794,66,0.08312342569269521,1.93
hja2016_125,56,sediment,3,321,99.5,562839.3309741,4897811.75019367,hja2016_189,HJA-2016_soil_08,soil_enriched,1,7793.521088755496,2.962275280736407,794,72,0.0906801007556675,2.17
hja2016_164,260,sediment,4,23,866.1,566425.172613061,4897456.76587079,hja2016_189,HJA-2016_soil_08,soil_enriched,1,4190.196024805917,2.0670177373375735,794,102,0.12846347607052896,3.04
hja2016_166,57,sediment,4,131,1488.8,563668.294364702,4898599.71539487,hja2016_189,HJA-2016_soil_08,soil_enriched,1,7102.687424501715,2.8283649965072555,794,47,0.05919395465994962,1.02
hja2016_167,WS3-1,sediment,2,511,96.4,560508.433913191,4896516.80738205,hja2016_189,HJA-2016_soil_08,soil_enriched,1,10095.980093538014,3.3357090657302972,794,206,0.2594458438287154,10.66
hja2016_169,WS3-2,sediment,2,511,95.7,560554.431881789,4896487.80866272,hja2016_189,HJA-2016_soil_08,soil_enriched,1,10051.51961945439,3.3293417238258587,794,227,0.2858942065491184,10.93
hja2016_170,WS3-3,sediment,2,511,93.4,560639.428128111,4896408.81215143,hja2016_189,HJA-2016_soil_08,soil_enriched,1,9971.137285299243,3.3177580645319256,794,78,0.0982367758186398,1.83
hja2016_177,WS1-3,sediment,2,522,92.1,559404.482666841,4895069.8712829,hja2016_189,HJA-2016_soil_08,soil_enriched,1,11355.54494999942,3.505325037197834,794,109,0.13727959697732997,3.65
hja2016_179,WS1-5,sediment,2,522,87.9,559517.477676657,4895016.87362342,hja2016_189,HJA-2016_soil_08,soil_enriched,1,11253.529817429338,3.492305687561684,794,80,0.10075566750629723,2.66
hja2016_180,WS1-6,sediment,2,522,82.7,559631.472642313,4894993.87463913,hja2016_189,HJA-2016_soil_08,soil_enriched,1,11145.51467965544,3.4783913340639456,794,43,0.05415617128463476,1.1
hja2016_181,177,sediment,1,452,14.8,565808.199860345,4901620.58198475,hja2016_189,HJA-2016_soil_08,soil_enriched,1,6640.11214234545,2.731207606909469,794,74,0.09319899244332494,1.75
hja2016_001,50,planktonic,5,41,4956.4,563054.321479503,4898132.73601802,hja2016_190,HJA-2016_soil_09,soil_detected,1,7994.881979135008,2.9990767367233193,1393,19,0.013639626704953339,4.32
hja2016_008,WS3-1,hyporheic,2,511,96.4,560508.433913191,4896516.80738205,hja2016_190,HJA-2016_soil_09,soil_detected,1,10094.889231265372,3.3355531753060417,1393,80,0.057430007178750894,12.07
hja2016_009,60,hyporheic,2,316,43.1,567391.129953618,4898693.71124374,hja2016_190,HJA-2016_soil_09,soil_detected,1,4624.615012900711,2.2093332700404313,1393,70,0.05025125628140704,13.72
hja2016_010,164,planktonic,3,502,60.8,560307.442789535,4895737.8417834,hja2016_190,HJA-2016_soil_09,soil_detected,1,10231.40136143127,3.3549318547043003,1393,16,0.01148600143575018,6.19
hja2016_011,WS1-6,planktonic,2,522,82.7,559631.472642313,4894993.87463913,hja2016_190,HJA-2016_soil_09,soil_detected,1,10902.073410267192,3.4465306348659106,1393,89,0.06389088298636038,7.37
hja2016_013,WS1-4,planktonic,2,522,89.8,559453.480502956,4895042.87247524,hja2016_190,HJA-2016_soil_09,soil_detected,1,11078.766408852149,3.469725344964896,1393,64,0.04594400574300072,8.25
hja2016_014,WS1-6,hyporheic,2,522,82.7,559631.472642313,4894993.87463913,hja2016_190,HJA-2016_soil_09,soil_detected,1,10902.073410267192,3.4465306348659106,1393,67,0.04809763101220388,12.46
hja2016_015,47,hyporheic,4,134,1550.1,563254.31264732,4898130.73610634,hja2016_190,HJA-2016_soil_09,soil_detected,1,7807.491380407746,2.9648590714889016,1393,23,0.016511127063890883,5.31
hja2016_016,74,hyporheic,2,373,70,565310.221852481,4897724.75403567,hja2016_190,HJA-2016_soil_09,soil_detected,1,5756.2063149296855,2.525118302326934,1393,19,0.013639626704953339,3.75
hja2016_018,WS1-5,hyporheic,2,522,87.9,559517.477676657,4895016.87362342,hja2016_190,HJA-2016_soil_09,soil_detected,1,11015.416271937751,3.4614521103176856,1393,77,0.05527638190954774,4.62
hja2016_019,155,hyporheic,2,345,81.2,565811.199727862,4897652.75721525,hja2016_190,HJA-2016_soil_09,soil_detected,1,5273.62763531838,2.398795707788562,1393,77,0.05527638190954774,13.45
hja2016_020,WS1-2,hyporheic,2,522,93.6,559354.484874886,4895103.86978142,hja2016_190,HJA-2016_soil_09,soil_detected,1,11176.516704681717,3.4823987199286717,1393,117,0.08399138549892318,8.76
hja2016_021,156,hyporheic,5,24,2575.9,566141.185154761,4897558.76136638,hja2016_190,HJA-2016_soil_09,soil_detected,1,4936.815689789386,2.3035807847609275,1393,32,0.02297200287150036,6.65
hja2016_027,WS3-6,planktonic,2,510,78.4,560819.420179147,4896235.81979127,hja2016_190,HJA-2016_soil_09,soil_detected,1,9755.210838315252,3.2861730539829193,1393,41,0.029432878679109833,3.87
hja2016_065,68,hyporheic,5,30,3032.2,565145.229139031,4897899.74630751,hja2016_190,HJA-2016_soil_09,soil_detected,1,5980.277555558904,2.5802124440782235,1393,90,0.06460875807609476,12.02
hja2016_066,49,hyporheic,5,40,3399.1,563281.311454976,4898046.73981585,hja2016_190,HJA-2016_soil_09,soil_detected,1,7752.148003822669,2.954596114914847,1393,95,0.0681981335247667,9.28
hja2016_070,56,hyporheic,3,321,99.5,562839.3309741,4897811.75019367,hja2016_190,HJA-2016_soil_09,soil_detected,1,8090.793557318609,3.0162812113155146,1393,43,0.030868628858578606,6.04
hja2016_071,164,hyporheic,3,502,60.8,560307.442789535,4895737.8417834,hja2016_190,HJA-2016_soil_09,soil_detected,1,10231.40136143127,3.3549318547043003,1393,120,0.08614501076812635,9.34
hja2016_075,260,hyporheic,4,23,866.1,566425.172613061,4897456.76587079,hja2016_190,HJA-2016_soil_09,soil_detected,1,4637.826032708156,2.2134487047496796,1393,62,0.04450825556353195,10.67
hja2016_078,CC-1,hyporheic,2,183,64,569956.016680872,4897740.75332909,hja2016_190,HJA-2016_soil_09,soil_detected,1,2510.2596558967384,1.3278366011879041,1393,65,0.046661880832735106,9.71
hja2016_079,64,hyporheic,2,163,33.5,570527.99142083,4895508.85189625,hja2016_190,HJA-2016_soil_09,soil_detected,1,212.0154697731951,-2.237758559576121,1393,114,0.08183776022972003,13.53
hja2016_084,177,hyporheic,1,452,14.8,565808.199860345,4901620.58198475,hja2016_190,HJA-2016_soil_09,soil_detected,1,7891.693500778309,2.980334925461637,1393,70,0.05025125628140704,10.98
hja2016_127,60,sediment,2,316,43.1,567391.129953618,4898693.71124374,hja2016_190,HJA-2016_soil_09,soil_detected,1,4624.615012900711,2.2093332700404313,1393,309,0.22182340272792533,17.29
hja2016_129,72,sediment,4,16,568.3,566542.167446234,4896499.80813279,hja2016_190,HJA-2016_soil_09,soil_detected,1,4164.689695318529,2.058209006586621,1393,479,0.34386216798277097,26.07
hja2016_131,74,sediment,2,373,70,565310.221852481,4897724.75403567,hja2016_190,HJA-2016_soil_09,soil_detected,1,5756.2063149296855,2.525118302326934,1393,526,0.37760229720028715,25.94
hja2016_132,84,sediment,4,112,622.7,566447.171641521,4900685.6232752,hja2016_190,HJA-2016_soil_09,soil_detected,1,6760.40235881473,2.757109113932324,1393,585,0.41995692749461594,31.38
hja2016_133,161,sediment,5,51,5699.1,561109.407372482,4897170.77850081,hja2016_190,HJA-2016_soil_09,soil_detected,1,9604.514044169222,3.2637126202621562,1393,754,0.5412778176597272,43.78
hja2016_135,169,sediment,2,144,53.5,568641.074752475,4902527.5419308,hja2016_190,HJA-2016_soil_09,soil_detected,1,7473.190038875502,2.901724209662045,1393,563,0.40416367552045945,34.13
hja2016_136,190,sediment,1,546,14.2,564169.272240084,4897881.7471024,hja2016_190,HJA-2016_soil_09,soil_detected,1,6865.285619227525,2.7793197426406113,1393,426,0.30581478822684854,22.89
hja2016_139,CC-2,sediment,2,183,63.6,569992.01509108,4897760.75244588,hja2016_190,HJA-2016_soil_09,soil_detected,1,2521.8196688904827,1.334465114643492,1393,438,0.31442928930366115,23
hja2016_140,CC-3,sediment,2,183,63,570038.013059678,4897795.75090024,hja2016_190,HJA-2016_soil_09,soil_detected,1,2546.752844993414,1.3486589570193384,1393,404,0.29002153625269206,20.3
hja2016_141,CC-4,sediment,2,183,58.5,570162.007583724,4897831.74931045,hja2016_190,HJA-2016_soil_09,soil_detected,1,2561.384698009736,1.356923949628289,1393,427,0.3065326633165829,24.48
hja2016_142,KC-1,sediment,3,362,114.7,562012.367495176,4896802.79475203,hja2016_190,HJA-2016_soil_09,soil_detected,1,8649.083344288261,3.112547239717466,1393,353,0.25340990667623836,21.06
hja2016_144,KC-3,sediment,3,362,114,562000.368025107,4896680.80013966,hja2016_190,HJA-2016_soil_09,soil_detected,1,8640.522612158884,3.1111185747924432,1393,313,0.22469490308686288,21.06
hja2016_145,155,sediment,2,345,81.2,565811.199727862,4897652.75721525,hja2016_190,HJA-2016_soil_09,soil_detected,1,5273.62763531838,2.398795707788562,1393,490,0.35175879396984927,26.18
hja2016_146,156,sediment,5,24,2575.9,566141.185154761,4897558.76136638,hja2016_190,HJA-2016_soil_09,soil_detected,1,4936.815689789386,2.3035807847609275,1393,386,0.2770997846374731,19.76
hja2016_147,163,sediment,5,63,6126.6,559726.468447026,4896111.82526722,hja2016_190,HJA-2016_soil_09,soil_detected,1,10833.565330464755,3.4374362074636573,1393,801,0.5750179468772434,43.01
hja2016_148,165,sediment,2,494,27.9,564789.244860317,4900155.64668049,hja2016_190,HJA-2016_soil_09,soil_detected,1,7520.414678914003,2.9108122149239852,1393,454,0.32591529073941133,24.06
hja2016_150,53,sediment,3,78,280.7,568092.098996817,4898223.73199937,hja2016_190,HJA-2016_soil_09,soil_detected,1,3808.7812784679686,1.929329442658485,1393,401,0.28786791098348885,20.66
hja2016_151,64,sediment,2,163,33.5,570527.99142083,4895508.85189625,hja2016_190,HJA-2016_soil_09,soil_detected,1,212.0154697731951,-2.237758559576121,1393,834,0.5987078248384781,38.69
hja2016_152,66,sediment,4,79,1360.7,567970.104384448,4898153.73509064,hja2016_190,HJA-2016_soil_09,soil_detected,1,3835.558610146479,1.939436706906669,1393,386,0.2770997846374731,18.4
hja2016_155,82,sediment,2,536,36.6,564452.259742545,4899854.65997292,hja2016_190,HJA-2016_soil_09,soil_detected,1,7596.35222693214,2.925306801783753,1393,432,0.31012203876525485,23.56
hja2016_157,43,sediment,1,538,7.8,567346.131940859,4898257.7304979,hja2016_190,HJA-2016_soil_09,soil_detected,1,4347.37320275646,2.1201439499189516,1393,325,0.23330940416367552,17.39
hja2016_159,49,sediment,5,40,3399.1,563281.311454976,4898046.73981585,hja2016_190,HJA-2016_soil_09,soil_detected,1,7752.148003822669,2.954596114914847,1393,349,0.2505384063173008,21.15
hja2016_160,50,sediment,5,41,4956.4,563054.321479503,4898132.73601802,hja2016_190,HJA-2016_soil_09,soil_detected,1,7994.881979135008,2.9990767367233193,1393,234,0.16798277099784636,12.07
hja2016_031,161,hyporheic,5,51,5699.1,561109.407372482,4897170.77850081,hja2016_190,HJA-2016_soil_09,soil_detected,1,9604.514044169222,3.2637126202621562,1393,21,0.01507537688442211,6.95
hja2016_032,54,hyporheic,3,363,207.7,561802.376768968,4897363.76997776,hja2016_190,HJA-2016_soil_09,soil_detected,1,8968.38929056266,3.1648489025160833,1393,29,0.0208183776022972,6.57
hja2016_035,192,hyporheic,2,542,28.5,564620.252323511,4897836.74908965,hja2016_190,HJA-2016_soil_09,soil_detected,1,6431.82706636904,2.685228617050765,1393,41,0.029432878679109833,7.79
hja2016_037,43,hyporheic,1,538,7.8,567346.131940859,4898257.7304979,hja2016_190,HJA-2016_soil_09,soil_detected,1,4347.37320275646,2.1201439499189516,1393,28,0.020100502512562814,6.44
hja2016_042,165,planktonic,2,494,27.9,564789.244860317,4900155.64668049,hja2016_190,HJA-2016_soil_09,soil_detected,1,7520.414678914003,2.9108122149239852,1393,14,0.010050251256281407,2.73
hja2016_043,KC-2,hyporheic,3,362,114.2,561999.368069268,4896735.79771081,hja2016_190,HJA-2016_soil_09,soil_detected,1,8650.488006040332,3.112781522811221,1393,45,0.03230437903804738,11.67
hja2016_049,67,planktonic,4,83,1558.1,567119.141965387,4897968.74326041,hja2016_190,HJA-2016_soil_09,soil_detected,1,4332.260810070693,2.11512009845624,1393,13,0.00933237616654702,3.28
hja2016_050,165,hyporheic,2,494,27.9,564789.244860317,4900155.64668049,hja2016_190,HJA-2016_soil_09,soil_detected,1,7520.414678914003,2.9108122149239852,1393,81,0.05814788226848528,9.04
hja2016_052,163,hyporheic,5,63,6126.6,559726.468447026,4896111.82526722,hja2016_190,HJA-2016_soil_09,soil_detected,1,10833.565330464755,3.4374362074636573,1393,92,0.06604450825556353,9.2
hja2016_056,KC-1,hyporheic,3,362,114.7,562012.367495176,4896802.79475203,hja2016_190,HJA-2016_soil_09,soil_detected,1,8649.083344288261,3.112547239717466,1393,112,0.08040201005025126,9.78
hja2016_057,71,hyporheic,3,556,101.7,562662.338790582,4897988.74237719,hja2016_190,HJA-2016_soil_09,soil_detected,1,8314.804442049102,3.0556823328085527,1393,28,0.020100502512562814,6.68
hja2016_059,KC-2,planktonic,3,362,114.2,561999.368069268,4896735.79771081,hja2016_190,HJA-2016_soil_09,soil_detected,1,8650.488006040332,3.112781522811221,1393,100,0.07178750897343862,9.53
hja2016_062,WS3-3,hyporheic,2,511,93.4,560639.428128111,4896408.81215143,hja2016_190,HJA-2016_soil_09,soil_detected,1,9952.223348983513,3.315018862966021,1393,102,0.0732232591529074,7.28
hja2016_064,WS3-4,planktonic,2,510,81.3,560692.425787583,4896348.81480109,hja2016_190,HJA-2016_soil_09,soil_detected,1,9892.999719307956,3.306408036049262,1393,50,0.03589375448671931,8.65
hja2016_099,162,planktonic,5,66,6208.4,559348.485139852,4895468.85366269,hja2016_190,HJA-2016_soil_09,soil_detected,1,11182.173519774584,3.4831287322123883,1393,53,0.03804737975592247,1.95
hja2016_100,64,planktonic,2,163,33.5,570527.99142083,4895508.85189625,hja2016_190,HJA-2016_soil_09,soil_detected,1,212.0154697731951,-2.237758559576121,1393,38,0.027279253409906678,1.2
hja2016_101,58,planktonic,3,385,67.2,566998.147308857,4898497.71989928,hja2016_190,HJA-2016_soil_09,soil_detected,1,4766.017017247842,2.2527841027357463,1393,48,0.03445800430725054,1.47
hja2016_102,73,hyporheic,2,255,137,566310.177691566,4896786.79545861,hja2016_190,HJA-2016_soil_09,soil_detected,1,4474.5120802368565,2.161730373371213,1393,49,0.035175879396984924,1.99
hja2016_103,260,planktonic,4,23,866.1,566425.172613061,4897456.76587079,hja2016_190,HJA-2016_soil_09,soil_detected,1,4637.826032708156,2.2134487047496796,1393,108,0.07753050969131371,5.3
hja2016_105,178,planktonic,2,411,19.9,566185.18321168,4901793.57434491,hja2016_190,HJA-2016_soil_09,soil_detected,1,7815.318794547215,2.9663047233761666,1393,66,0.04737975592246949,2.34
hja2016_106,170,planktonic,2,229,49.4,570659.985591589,4896908.79007097,hja2016_190,HJA-2016_soil_09,soil_detected,1,1617.235371133611,0.6935296627668917,1393,25,0.017946877243359655,0.55
hja2016_107,57,hyporheic,4,131,1488.8,563668.294364702,4898599.71539487,hja2016_190,HJA-2016_soil_09,soil_detected,1,7614.648228569735,2.9287773905378898,1393,63,0.04522613065326633,1.93
hja2016_109,169,planktonic,2,144,53.5,568641.074752475,4902527.5419308,hja2016_190,HJA-2016_soil_09,soil_detected,1,7473.190038875502,2.901724209662045,1393,47,0.03374012921751615,2.14
hja2016_110,76,hyporheic,3,150,303.5,570464.994202967,4896947.7883487,hja2016_190,HJA-2016_soil_09,soil_detected,1,1652.200953596933,0.7243891692792588,1393,45,0.03230437903804738,1.94
hja2016_111,160,planktonic,5,24,2569.5,566416.173010509,4897492.764281,hja2016_190,HJA-2016_soil_09,soil_detected,1,4662.637301388792,2.221146209253384,1393,56,0.04020100502512563,2.5
hja2016_114,WS1-5,planktonic,2,522,87.9,559517.477676657,4895016.87362342,hja2016_190,HJA-2016_soil_09,soil_detected,1,11015.416271937751,3.4614521103176856,1393,62,0.04450825556353195,2.08
hja2016_116,53,planktonic,3,78,280.7,568092.098996817,4898223.73199937,hja2016_190,HJA-2016_soil_09,soil_detected,1,3808.7812784679686,1.929329442658485,1393,69,0.04953338119167265,2.54
hja2016_119,56,planktonic,3,321,99.5,562839.3309741,4897811.75019367,hja2016_190,HJA-2016_soil_09,soil_detected,1,8090.793557318609,3.0162812113155146,1393,114,0.08183776022972003,4.86
hja2016_121,84,hyporheic,4,112,622.7,566447.171641521,4900685.6232752,hja2016_190,HJA-2016_soil_09,soil_detected,1,6760.40235881473,2.757109113932324,1393,29,0.0208183776022972,0.47
hja2016_122,45,sediment,3,390,193.2,565977.192397151,4897892.74661664,hja2016_190,HJA-2016_soil_09,soil_detected,1,5240.299131461351,2.389649167327308,1393,358,0.25699928212491024,21.35
hja2016_125,56,sediment,3,321,99.5,562839.3309741,4897811.75019367,hja2016_190,HJA-2016_soil_09,soil_detected,1,8090.793557318609,3.0162812113155146,1393,366,0.26274228284278534,22.22
hja2016_164,260,sediment,4,23,866.1,566425.172613061,4897456.76587079,hja2016_190,HJA-2016_soil_09,soil_detected,1,4637.826032708156,2.2134487047496796,1393,476,0.3417085427135678,23.05
hja2016_166,57,sediment,4,131,1488.8,563668.294364702,4898599.71539487,hja2016_190,HJA-2016_soil_09,soil_detected,1,7614.648228569735,2.9287773905378898,1393,248,0.1780330222541278,12.11
hja2016_167,WS3-1,sediment,2,511,96.4,560508.433913191,4896516.80738205,hja2016_190,HJA-2016_soil_09,soil_detected,1,10094.889231265372,3.3355531753060417,1393,662,0.4752333094041637,42.15
hja2016_169,WS3-2,sediment,2,511,95.7,560554.431881789,4896487.80866272,hja2016_190,HJA-2016_soil_09,soil_detected,1,10045.750750843794,3.3285134801677616,1393,722,0.5183058147882269,42.35
hja2016_170,WS3-3,sediment,2,511,93.4,560639.428128111,4896408.81215143,hja2016_190,HJA-2016_soil_09,soil_detected,1,9952.223348983513,3.315018862966021,1393,351,0.2519741564967696,16.06
hja2016_177,WS1-3,sediment,2,522,92.1,559404.482666841,4895069.8712829,hja2016_190,HJA-2016_soil_09,soil_detected,1,11127.167970767903,3.476014547007734,1393,522,0.3747307968413496,31.71
hja2016_179,WS1-5,sediment,2,522,87.9,559517.477676657,4895016.87362342,hja2016_190,HJA-2016_soil_09,soil_detected,1,11015.416271937751,3.4614521103176856,1393,388,0.2785355348169419,22.07
hja2016_180,WS1-6,sediment,2,522,82.7,559631.472642313,4894993.87463913,hja2016_190,HJA-2016_soil_09,soil_detected,1,10902.073410267192,3.4465306348659106,1393,260,0.18664752333094042,12.14
hja2016_181,177,sediment,1,452,14.8,565808.199860345,4901620.58198475,hja2016_190,HJA-2016_soil_09,soil_detected,1,7891.693500778309,2.980334925461637,1393,397,0.28499641062455133,16.44
hja2016_001,50,planktonic,5,41,4956.4,563054.321479503,4898132.73601802,hja2016_190,HJA-2016_soil_09,soil_enriched,1,7994.881979135008,2.9990767367233193,670,2,0.0029850746268656717,0.58
hja2016_008,WS3-1,hyporheic,2,511,96.4,560508.433913191,4896516.80738205,hja2016_190,HJA-2016_soil_09,soil_enriched,1,10094.889231265372,3.3355531753060417,670,11,0.016417910447761194,1.15
hja2016_009,60,hyporheic,2,316,43.1,567391.129953618,4898693.71124374,hja2016_190,HJA-2016_soil_09,soil_enriched,1,4624.615012900711,2.2093332700404313,670,8,0.011940298507462687,0.62
hja2016_010,164,planktonic,3,502,60.8,560307.442789535,4895737.8417834,hja2016_190,HJA-2016_soil_09,soil_enriched,1,10231.40136143127,3.3549318547043003,670,0,0,0
hja2016_011,WS1-6,planktonic,2,522,82.7,559631.472642313,4894993.87463913,hja2016_190,HJA-2016_soil_09,soil_enriched,1,10902.073410267192,3.4465306348659106,670,12,0.01791044776119403,0.85
hja2016_013,WS1-4,planktonic,2,522,89.8,559453.480502956,4895042.87247524,hja2016_190,HJA-2016_soil_09,soil_enriched,1,11078.766408852149,3.469725344964896,670,9,0.013432835820895522,0.78
hja2016_014,WS1-6,hyporheic,2,522,82.7,559631.472642313,4894993.87463913,hja2016_190,HJA-2016_soil_09,soil_enriched,1,10902.073410267192,3.4465306348659106,670,4,0.005970149253731343,0.55
hja2016_015,47,hyporheic,4,134,1550.1,563254.31264732,4898130.73610634,hja2016_190,HJA-2016_soil_09,soil_enriched,1,7807.491380407746,2.9648590714889016,670,2,0.0029850746268656717,0.5
hja2016_016,74,hyporheic,2,373,70,565310.221852481,4897724.75403567,hja2016_190,HJA-2016_soil_09,soil_enriched,1,5756.2063149296855,2.525118302326934,670,1,0.0014925373134328358,0.05
hja2016_018,WS1-5,hyporheic,2,522,87.9,559517.477676657,4895016.87362342,hja2016_190,HJA-2016_soil_09,soil_enriched,1,11015.416271937751,3.4614521103176856,670,11,0.016417910447761194,0.48
hja2016_019,155,hyporheic,2,345,81.2,565811.199727862,4897652.75721525,hja2016_190,HJA-2016_soil_09,soil_enriched,1,5273.62763531838,2.398795707788562,670,12,0.01791044776119403,2.4
hja2016_020,WS1-2,hyporheic,2,522,93.6,559354.484874886,4895103.86978142,hja2016_190,HJA-2016_soil_09,soil_enriched,1,11176.516704681717,3.4823987199286717,670,20,0.029850746268656716,1.12
hja2016_021,156,hyporheic,5,24,2575.9,566141.185154761,4897558.76136638,hja2016_190,HJA-2016_soil_09,soil_enriched,1,4936.815689789386,2.3035807847609275,670,4,0.005970149253731343,0.88
hja2016_027,WS3-6,planktonic,2,510,78.4,560819.420179147,4896235.81979127,hja2016_190,HJA-2016_soil_09,soil_enriched,1,9755.210838315252,3.2861730539829193,670,7,0.010447761194029851,0.63
hja2016_065,68,hyporheic,5,30,3032.2,565145.229139031,4897899.74630751,hja2016_190,HJA-2016_soil_09,soil_enriched,1,5980.277555558904,2.5802124440782235,670,19,0.028358208955223882,1.98
hja2016_066,49,hyporheic,5,40,3399.1,563281.311454976,4898046.73981585,hja2016_190,HJA-2016_soil_09,soil_enriched,1,7752.148003822669,2.954596114914847,670,20,0.029850746268656716,1.36
hja2016_070,56,hyporheic,3,321,99.5,562839.3309741,4897811.75019367,hja2016_190,HJA-2016_soil_09,soil_enriched,1,8090.793557318609,3.0162812113155146,670,9,0.013432835820895522,1.12
hja2016_071,164,hyporheic,3,502,60.8,560307.442789535,4895737.8417834,hja2016_190,HJA-2016_soil_09,soil_enriched,1,10231.40136143127,3.3549318547043003,670,17,0.025373134328358207,1.1
hja2016_075,260,hyporheic,4,23,866.1,566425.172613061,4897456.76587079,hja2016_190,HJA-2016_soil_09,soil_enriched,1,4637.826032708156,2.2134487047496796,670,8,0.011940298507462687,1.31
hja2016_078,CC-1,hyporheic,2,183,64,569956.016680872,4897740.75332909,hja2016_190,HJA-2016_soil_09,soil_enriched,1,2510.2596558967384,1.3278366011879041,670,8,0.011940298507462687,1.24
hja2016_079,64,hyporheic,2,163,33.5,570527.99142083,4895508.85189625,hja2016_190,HJA-2016_soil_09,soil_enriched,1,212.0154697731951,-2.237758559576121,670,25,0.03731343283582089,2.09
hja2016_084,177,hyporheic,1,452,14.8,565808.199860345,4901620.58198475,hja2016_190,HJA-2016_soil_09,soil_enriched,1,7891.693500778309,2.980334925461637,670,10,0.014925373134328358,1.15
hja2016_127,60,sediment,2,316,43.1,567391.129953618,4898693.71124374,hja2016_190,HJA-2016_soil_09,soil_enriched,1,4624.615012900711,2.2093332700404313,670,56,0.08358208955223881,1.63
hja2016_129,72,sediment,4,16,568.3,566542.167446234,4896499.80813279,hja2016_190,HJA-2016_soil_09,soil_enriched,1,4164.689695318529,2.058209006586621,670,140,0.208955223880597,5.32
hja2016_131,74,sediment,2,373,70,565310.221852481,4897724.75403567,hja2016_190,HJA-2016_soil_09,soil_enriched,1,5756.2063149296855,2.525118302326934,670,163,0.24328358208955222,5.46
hja2016_132,84,sediment,4,112,622.7,566447.171641521,4900685.6232752,hja2016_190,HJA-2016_soil_09,soil_enriched,1,6760.40235881473,2.757109113932324,670,167,0.24925373134328357,4.48
hja2016_133,161,sediment,5,51,5699.1,561109.407372482,4897170.77850081,hja2016_190,HJA-2016_soil_09,soil_enriched,1,9604.514044169222,3.2637126202621562,670,297,0.44328358208955226,14.32
hja2016_135,169,sediment,2,144,53.5,568641.074752475,4902527.5419308,hja2016_190,HJA-2016_soil_09,soil_enriched,1,7473.190038875502,2.901724209662045,670,157,0.23432835820895523,5.04
hja2016_136,190,sediment,1,546,14.2,564169.272240084,4897881.7471024,hja2016_190,HJA-2016_soil_09,soil_enriched,1,6865.285619227525,2.7793197426406113,670,124,0.18507462686567164,3.51
hja2016_139,CC-2,sediment,2,183,63.6,569992.01509108,4897760.75244588,hja2016_190,HJA-2016_soil_09,soil_enriched,1,2521.8196688904827,1.334465114643492,670,141,0.21044776119402986,4.88
hja2016_140,CC-3,sediment,2,183,63,570038.013059678,4897795.75090024,hja2016_190,HJA-2016_soil_09,soil_enriched,1,2546.752844993414,1.3486589570193384,670,117,0.1746268656716418,3.46
hja2016_141,CC-4,sediment,2,183,58.5,570162.007583724,4897831.74931045,hja2016_190,HJA-2016_soil_09,soil_enriched,1,2561.384698009736,1.356923949628289,670,125,0.1865671641791045,4.05
hja2016_142,KC-1,sediment,3,362,114.7,562012.367495176,4896802.79475203,hja2016_190,HJA-2016_soil_09,soil_enriched,1,8649.083344288261,3.112547239717466,670,99,0.14776119402985075,2.92
hja2016_144,KC-3,sediment,3,362,114,562000.368025107,4896680.80013966,hja2016_190,HJA-2016_soil_09,soil_enriched,1,8640.522612158884,3.1111185747924432,670,73,0.10895522388059702,2.86
hja2016_145,155,sediment,2,345,81.2,565811.199727862,4897652.75721525,hja2016_190,HJA-2016_soil_09,soil_enriched,1,5273.62763531838,2.398795707788562,670,138,0.20597014925373133,4.9
hja2016_146,156,sediment,5,24,2575.9,566141.185154761,4897558.76136638,hja2016_190,HJA-2016_soil_09,soil_enriched,1,4936.815689789386,2.3035807847609275,670,101,0.15074626865671642,2.65
hja2016_147,163,sediment,5,63,6126.6,559726.468447026,4896111.82526722,hja2016_190,HJA-2016_soil_09,soil_enriched,1,10833.565330464755,3.4374362074636573,670,339,0.5059701492537313,14.14
hja2016_148,165,sediment,2,494,27.9,564789.244860317,4900155.64668049,hja2016_190,HJA-2016_soil_09,soil_enriched,1,7520.414678914003,2.9108122149239852,670,137,0.2044776119402985,4.98
hja2016_150,53,sediment,3,78,280.7,568092.098996817,4898223.73199937,hja2016_190,HJA-2016_soil_09,soil_enriched,1,3808.7812784679686,1.929329442658485,670,103,0.1537313432835821,2.91
hja2016_151,64,sediment,2,163,33.5,570527.99142083,4895508.85189625,hja2016_190,HJA-2016_soil_09,soil_enriched,1,212.0154697731951,-2.237758559576121,670,371,0.5537313432835821,12.8
hja2016_152,66,sediment,4,79,1360.7,567970.104384448,4898153.73509064,hja2016_190,HJA-2016_soil_09,soil_enriched,1,3835.558610146479,1.939436706906669,670,116,0.17313432835820897,2.43
hja2016_155,82,sediment,2,536,36.6,564452.259742545,4899854.65997292,hja2016_190,HJA-2016_soil_09,soil_enriched,1,7596.35222693214,2.925306801783753,670,134,0.2,4.98
hja2016_157,43,sediment,1,538,7.8,567346.131940859,4898257.7304979,hja2016_190,HJA-2016_soil_09,soil_enriched,1,4347.37320275646,2.1201439499189516,670,85,0.12686567164179105,2.17
hja2016_159,49,sediment,5,40,3399.1,563281.311454976,4898046.73981585,hja2016_190,HJA-2016_soil_09,soil_enriched,1,7752.148003822669,2.954596114914847,670,88,0.13134328358208955,2.52
hja2016_160,50,sediment,5,41,4956.4,563054.321479503,4898132.73601802,hja2016_190,HJA-2016_soil_09,soil_enriched,1,7994.881979135008,2.9990767367233193,670,47,0.07014925373134329,0.97
hja2016_031,161,hyporheic,5,51,5699.1,561109.407372482,4897170.77850081,hja2016_190,HJA-2016_soil_09,soil_enriched,1,9604.514044169222,3.2637126202621562,670,3,0.004477611940298508,0.37
hja2016_032,54,hyporheic,3,363,207.7,561802.376768968,4897363.76997776,hja2016_190,HJA-2016_soil_09,soil_enriched,1,8968.38929056266,3.1648489025160833,670,9,0.013432835820895522,1.11
hja2016_035,192,hyporheic,2,542,28.5,564620.252323511,4897836.74908965,hja2016_190,HJA-2016_soil_09,soil_enriched,1,6431.82706636904,2.685228617050765,670,6,0.008955223880597015,0.93
hja2016_037,43,hyporheic,1,538,7.8,567346.131940859,4898257.7304979,hja2016_190,HJA-2016_soil_09,soil_enriched,1,4347.37320275646,2.1201439499189516,670,0,0,0
hja2016_042,165,planktonic,2,494,27.9,564789.244860317,4900155.64668049,hja2016_190,HJA-2016_soil_09,soil_enriched,1,7520.414678914003,2.9108122149239852,670,1,0.0014925373134328358,0.07
hja2016_043,KC-2,hyporheic,3,362,114.2,561999.368069268,4896735.79771081,hja2016_190,HJA-2016_soil_09,soil_enriched,1,8650.488006040332,3.112781522811221,670,7,0.010447761194029851,1.21
hja2016_049,67,planktonic,4,83,1558.1,567119.141965387,4897968.74326041,hja2016_190,HJA-2016_soil_09,soil_enriched,1,4332.260810070693,2.11512009845624,670,3,0.004477611940298508,0.07
hja2016_050,165,hyporheic,2,494,27.9,564789.244860317,4900155.64668049,hja2016_190,HJA-2016_soil_09,soil_enriched,1,7520.414678914003,2.9108122149239852,670,16,0.023880597014925373,1.14
hja2016_052,163,hyporheic,5,63,6126.6,559726.468447026,4896111.82526722,hja2016_190,HJA-2016_soil_09,soil_enriched,1,10833.565330464755,3.4374362074636573,670,13,0.019402985074626865,0.71
hja2016_056,KC-1,hyporheic,3,362,114.7,562012.367495176,4896802.79475203,hja2016_190,HJA-2016_soil_09,soil_enriched,1,8649.083344288261,3.112547239717466,670,13,0.019402985074626865,0.74
hja2016_057,71,hyporheic,3,556,101.7,562662.338790582,4897988.74237719,hja2016_190,HJA-2016_soil_09,soil_enriched,1,8314.804442049102,3.0556823328085527,670,2,0.0029850746268656717,0.62
hja2016_059,KC-2,planktonic,3,362,114.2,561999.368069268,4896735.79771081,hja2016_190,HJA-2016_soil_09,soil_enriched,1,8650.488006040332,3.112781522811221,670,22,0.03283582089552239,1.57
hja2016_062,WS3-3,hyporheic,2,511,93.4,560639.428128111,4896408.81215143,hja2016_190,HJA-2016_soil_09,soil_enriched,1,9952.223348983513,3.315018862966021,670,14,0.020895522388059702,0.96
hja2016_064,WS3-4,planktonic,2,510,81.3,560692.425787583,4896348.81480109,hja2016_190,HJA-2016_soil_09,soil_enriched,1,9892.999719307956,3.306408036049262,670,8,0.011940298507462687,0.92
hja2016_099,162,planktonic,5,66,6208.4,559348.485139852,4895468.85366269,hja2016_190,HJA-2016_soil_09,soil_enriched,1,11182.173519774584,3.4831287322123883,670,8,0.011940298507462687,0.34
hja2016_100,64,planktonic,2,163,33.5,570527.99142083,4895508.85189625,hja2016_190,HJA-2016_soil_09,soil_enriched,1,212.0154697731951,-2.237758559576121,670,9,0.013432835820895522,0.22
hja2016_101,58,planktonic,3,385,67.2,566998.147308857,4898497.71989928,hja2016_190,HJA-2016_soil_09,soil_enriched,1,4766.017017247842,2.2527841027357463,670,11,0.016417910447761194,0.23
hja2016_102,73,hyporheic,2,255,137,566310.177691566,4896786.79545861,hja2016_190,HJA-2016_soil_09,soil_enriched,1,4474.5120802368565,2.161730373371213,670,10,0.014925373134328358,0.32
hja2016_103,260,planktonic,4,23,866.1,566425.172613061,4897456.76587079,hja2016_190,HJA-2016_soil_09,soil_enriched,1,4637.826032708156,2.2134487047496796,670,31,0.04626865671641791,0.76
hja2016_105,178,planktonic,2,411,19.9,566185.18321168,4901793.57434491,hja2016_190,HJA-2016_soil_09,soil_enriched,1,7815.318794547215,2.9663047233761666,670,18,0.026865671641791045,0.5
hja2016_106,170,planktonic,2,229,49.4,570659.985591589,4896908.79007097,hja2016_190,HJA-2016_soil_09,soil_enriched,1,1617.235371133611,0.6935296627668917,670,4,0.005970149253731343,0.07
hja2016_107,57,hyporheic,4,131,1488.8,563668.294364702,4898599.71539487,hja2016_190,HJA-2016_soil_09,soil_enriched,1,7614.648228569735,2.9287773905378898,670,15,0.022388059701492536,0.38
hja2016_109,169,planktonic,2,144,53.5,568641.074752475,4902527.5419308,hja2016_190,HJA-2016_soil_09,soil_enriched,1,7473.190038875502,2.901724209662045,670,9,0.013432835820895522,0.47
hja2016_110,76,hyporheic,3,150,303.5,570464.994202967,4896947.7883487,hja2016_190,HJA-2016_soil_09,soil_enriched,1,1652.200953596933,0.7243891692792588,670,12,0.01791044776119403,0.37
hja2016_111,160,planktonic,5,24,2569.5,566416.173010509,4897492.764281,hja2016_190,HJA-2016_soil_09,soil_enriched,1,4662.637301388792,2.221146209253384,670,13,0.019402985074626865,0.43
hja2016_114,WS1-5,planktonic,2,522,87.9,559517.477676657,4895016.87362342,hja2016_190,HJA-2016_soil_09,soil_enriched,1,11015.416271937751,3.4614521103176856,670,13,0.019402985074626865,0.3
hja2016_116,53,planktonic,3,78,280.7,568092.098996817,4898223.73199937,hja2016_190,HJA-2016_soil_09,soil_enriched,1,3808.7812784679686,1.929329442658485,670,20,0.029850746268656716,0.52
hja2016_119,56,planktonic,3,321,99.5,562839.3309741,4897811.75019367,hja2016_190,HJA-2016_soil_09,soil_enriched,1,8090.793557318609,3.0162812113155146,670,30,0.04477611940298507,0.69
hja2016_121,84,hyporheic,4,112,622.7,566447.171641521,4900685.6232752,hja2016_190,HJA-2016_soil_09,soil_enriched,1,6760.40235881473,2.757109113932324,670,7,0.010447761194029851,0.1
hja2016_122,45,sediment,3,390,193.2,565977.192397151,4897892.74661664,hja2016_190,HJA-2016_soil_09,soil_enriched,1,5240.299131461351,2.389649167327308,670,82,0.12238805970149254,2.38
hja2016_125,56,sediment,3,321,99.5,562839.3309741,4897811.75019367,hja2016_190,HJA-2016_soil_09,soil_enriched,1,8090.793557318609,3.0162812113155146,670,93,0.13880597014925372,2.79
hja2016_164,260,sediment,4,23,866.1,566425.172613061,4897456.76587079,hja2016_190,HJA-2016_soil_09,soil_enriched,1,4637.826032708156,2.2134487047496796,670,151,0.2253731343283582,4.06
hja2016_166,57,sediment,4,131,1488.8,563668.294364702,4898599.71539487,hja2016_190,HJA-2016_soil_09,soil_enriched,1,7614.648228569735,2.9287773905378898,670,58,0.08656716417910448,1.24
hja2016_167,WS3-1,sediment,2,511,96.4,560508.433913191,4896516.80738205,hja2016_190,HJA-2016_soil_09,soil_enriched,1,10094.889231265372,3.3355531753060417,670,267,0.39850746268656717,13.28
hja2016_169,WS3-2,sediment,2,511,95.7,560554.431881789,4896487.80866272,hja2016_190,HJA-2016_soil_09,soil_enriched,1,10045.750750843794,3.3285134801677616,670,297,0.44328358208955226,13.47
hja2016_170,WS3-3,sediment,2,511,93.4,560639.428128111,4896408.81215143,hja2016_190,HJA-2016_soil_09,soil_enriched,1,9952.223348983513,3.315018862966021,670,109,0.1626865671641791,2.85
hja2016_177,WS1-3,sediment,2,522,92.1,559404.482666841,4895069.8712829,hja2016_190,HJA-2016_soil_09,soil_enriched,1,11127.167970767903,3.476014547007734,670,154,0.2298507462686567,4.94
hja2016_179,WS1-5,sediment,2,522,87.9,559517.477676657,4895016.87362342,hja2016_190,HJA-2016_soil_09,soil_enriched,1,11015.416271937751,3.4614521103176856,670,108,0.16119402985074627,3.19
hja2016_180,WS1-6,sediment,2,522,82.7,559631.472642313,4894993.87463913,hja2016_190,HJA-2016_soil_09,soil_enriched,1,10902.073410267192,3.4465306348659106,670,57,0.08507462686567165,1.25
hja2016_181,177,sediment,1,452,14.8,565808.199860345,4901620.58198475,hja2016_190,HJA-2016_soil_09,soil_enriched,1,7891.693500778309,2.980334925461637,670,109,0.1626865671641791,2.65
hja2016_001,50,planktonic,5,41,4956.4,563054.321479503,4898132.73601802,hja2016_191,HJA-2016_soil_10,soil_detected,1,7608.10520377801,2.927537195714701,934,9,0.009635974304068522,2.24
hja2016_008,WS3-1,hyporheic,2,511,96.4,560508.433913191,4896516.80738205,hja2016_191,HJA-2016_soil_10,soil_detected,1,10607.207692616097,3.406973017096144,934,20,0.021413276231263382,3.8
hja2016_009,60,hyporheic,2,316,43.1,567391.129953618,4898693.71124374,hja2016_191,HJA-2016_soil_10,soil_detected,1,4541.585714625101,2.1831961087934353,934,27,0.028907922912205567,8.06
hja2016_010,164,planktonic,3,502,60.8,560307.442789535,4895737.8417834,hja2016_191,HJA-2016_soil_10,soil_detected,1,11251.394621212547,3.492031930854708,934,9,0.009635974304068522,3.99
hja2016_011,WS1-6,planktonic,2,522,82.7,559631.472642313,4894993.87463913,hja2016_191,HJA-2016_soil_10,soil_detected,1,12248.13346409912,3.6144900035222913,934,42,0.044967880085653104,3.54
hja2016_013,WS1-4,planktonic,2,522,89.8,559453.480502956,4895042.87247524,hja2016_191,HJA-2016_soil_10,soil_detected,1,12352.30187753053,3.626708011017134,934,29,0.031049250535331904,4.87
hja2016_014,WS1-6,hyporheic,2,522,82.7,559631.472642313,4894993.87463913,hja2016_191,HJA-2016_soil_10,soil_detected,1,12248.13346409912,3.6144900035222913,934,17,0.018201284796573874,5.65
hja2016_015,47,hyporheic,4,134,1550.1,563254.31264732,4898130.73610634,hja2016_191,HJA-2016_soil_10,soil_detected,1,7456.055798045585,2.898412656567092,934,10,0.010706638115631691,2.53
hja2016_016,74,hyporheic,2,373,70,565310.221852481,4897724.75403567,hja2016_191,HJA-2016_soil_10,soil_detected,1,6370.024803814588,2.6712989901064788,934,5,0.0053533190578158455,1.03
hja2016_018,WS1-5,hyporheic,2,522,87.9,559517.477676657,4895016.87362342,hja2016_191,HJA-2016_soil_10,soil_detected,1,12320.037844117269,3.6229347825302787,934,34,0.03640256959314775,2.73
hja2016_019,155,hyporheic,2,345,81.2,565811.199727862,4897652.75721525,hja2016_191,HJA-2016_soil_10,soil_detected,1,6161.347224576549,2.6232458414567015,934,31,0.033190578158458245,5.55
hja2016_020,WS1-2,hyporheic,2,522,93.6,559354.484874886,4895103.86978142,hja2016_191,HJA-2016_soil_10,soil_detected,1,12389.604183057578,3.63105819259497,934,48,0.05139186295503212,4.05
hja2016_021,156,hyporheic,5,24,2575.9,566141.185154761,4897558.76136638,hja2016_191,HJA-2016_soil_10,soil_detected,1,6084.503380435244,2.605139514406252,934,10,0.010706638115631691,3.25
hja2016_027,WS3-6,planktonic,2,510,78.4,560819.420179147,4896235.81979127,hja2016_191,HJA-2016_soil_10,soil_detected,1,10539.25382754138,3.3977008235880564,934,16,0.017130620985010708,1.98
hja2016_065,68,hyporheic,5,30,3032.2,565145.229139031,4897899.74630751,hja2016_191,HJA-2016_soil_10,soil_detected,1,6324.126517014101,2.66086622975243,934,36,0.03854389721627409,5.78
hja2016_066,49,hyporheic,5,40,3399.1,563281.311454976,4898046.73981585,hja2016_191,HJA-2016_soil_10,soil_detected,1,7490.431877283785,2.905048902829966,934,46,0.04925053533190578,4.16
hja2016_070,56,hyporheic,3,321,99.5,562839.3309741,4897811.75019367,hja2016_191,HJA-2016_soil_10,soil_detected,1,7978.84752273846,2.9961803763594324,934,18,0.019271948608137045,3.25
hja2016_071,164,hyporheic,3,502,60.8,560307.442789535,4895737.8417834,hja2016_191,HJA-2016_soil_10,soil_detected,1,11251.394621212547,3.492031930854708,934,49,0.05246252676659529,3.83
hja2016_075,260,hyporheic,4,23,866.1,566425.172613061,4897456.76587079,hja2016_191,HJA-2016_soil_10,soil_detected,1,6052.433427544388,2.5975153056938893,934,20,0.021413276231263382,3.83
hja2016_078,CC-1,hyporheic,2,183,64,569956.016680872,4897740.75332909,hja2016_191,HJA-2016_soil_10,soil_detected,1,5326.107003601732,2.413081413155146,934,24,0.02569593147751606,3.45
hja2016_079,64,hyporheic,2,163,33.5,570527.99142083,4895508.85189625,hja2016_191,HJA-2016_soil_10,soil_detected,1,7627.53390664776,2.93121668802502,934,41,0.043897216274089934,5.55
hja2016_084,177,hyporheic,1,452,14.8,565808.199860345,4901620.58198475,hja2016_191,HJA-2016_soil_10,soil_detected,1,3398.9830560215537,1.7651031700423954,934,28,0.029978586723768737,6.05
hja2016_127,60,sediment,2,316,43.1,567391.129953618,4898693.71124374,hja2016_191,HJA-2016_soil_10,soil_detected,1,4541.585714625101,2.1831961087934353,934,107,0.1145610278372591,7.04
hja2016_129,72,sediment,4,16,568.3,566542.167446234,4896499.80813279,hja2016_191,HJA-2016_soil_10,soil_detected,1,6893.5838856801765,2.7852542165781307,934,153,0.16381156316916487,11.15
hja2016_131,74,sediment,2,373,70,565310.221852481,4897724.75403567,hja2016_191,HJA-2016_soil_10,soil_detected,1,6370.024803814588,2.6712989901064788,934,162,0.1734475374732334,11.47
hja2016_132,84,sediment,4,112,622.7,566447.171641521,4900685.6232752,hja2016_191,HJA-2016_soil_10,soil_detected,1,3371.1532552777685,1.7532422148639346,934,157,0.16809421841541755,10.54
hja2016_133,161,sediment,5,51,5699.1,561109.407372482,4897170.77850081,hja2016_191,HJA-2016_soil_10,soil_detected,1,9733.65480896199,3.2829816122752256,934,207,0.22162740899357602,14.99
hja2016_135,169,sediment,2,144,53.5,568641.074752475,4902527.5419308,hja2016_191,HJA-2016_soil_10,soil_detected,1,525.4167260620284,-0.9284659670792126,934,136,0.145610278372591,11.47
hja2016_136,190,sediment,1,546,14.2,564169.272240084,4897881.7471024,hja2016_191,HJA-2016_soil_10,soil_detected,1,6965.3224658409845,2.800190145231495,934,155,0.16595289079229122,10.79
hja2016_139,CC-2,sediment,2,183,63.6,569992.01509108,4897760.75244588,hja2016_191,HJA-2016_soil_10,soil_detected,1,5313.5678897824055,2.4096809096847296,934,171,0.18308351177730192,11.63
hja2016_140,CC-3,sediment,2,183,63,570038.013059678,4897795.75090024,hja2016_191,HJA-2016_soil_10,soil_detected,1,5288.733841673948,2.4029223728156177,934,145,0.15524625267665954,9.4
hja2016_141,CC-4,sediment,2,183,58.5,570162.007583724,4897831.74931045,hja2016_191,HJA-2016_soil_10,soil_detected,1,5281.10308028242,2.4008393012201648,934,147,0.15738758029978586,11.33
hja2016_142,KC-1,sediment,3,362,114.7,562012.367495176,4896802.79475203,hja2016_191,HJA-2016_soil_10,soil_detected,1,9264.918367019454,3.211778264756044,934,120,0.1284796573875803,10.41
hja2016_144,KC-3,sediment,3,362,114,562000.368025107,4896680.80013966,hja2016_191,HJA-2016_soil_10,soil_detected,1,9355.411211095503,3.225801067594337,934,110,0.11777301927194861,11.58
hja2016_145,155,sediment,2,345,81.2,565811.199727862,4897652.75721525,hja2016_191,HJA-2016_soil_10,soil_detected,1,6161.347224576549,2.6232458414567015,934,151,0.16167023554603854,11.13
hja2016_146,156,sediment,5,24,2575.9,566141.185154761,4897558.76136638,hja2016_191,HJA-2016_soil_10,soil_detected,1,6084.503380435244,2.605139514406252,934,127,0.13597430406852248,8.77
hja2016_147,163,sediment,5,63,6126.6,559726.468447026,4896111.82526722,hja2016_191,HJA-2016_soil_10,soil_detected,1,11475.284274349297,3.5204579884928098,934,218,0.2334047109207709,14.57
hja2016_148,165,sediment,2,494,27.9,564789.244860317,4900155.64668049,hja2016_191,HJA-2016_soil_10,soil_detected,1,5004.226033328847,2.323146955330638,934,166,0.1777301927194861,11.97
hja2016_150,53,sediment,3,78,280.7,568092.098996817,4898223.73199937,hja2016_191,HJA-2016_soil_10,soil_detected,1,4816.499238111749,2.267984937575042,934,122,0.13062098501070663,9.03
hja2016_151,64,sediment,2,163,33.5,570527.99142083,4895508.85189625,hja2016_191,HJA-2016_soil_10,soil_detected,1,7627.53390664776,2.93121668802502,934,240,0.2569593147751606,13.52
hja2016_152,66,sediment,4,79,1360.7,567970.104384448,4898153.73509064,hja2016_191,HJA-2016_soil_10,soil_detected,1,4907.820415710128,2.295082459655969,934,117,0.1252676659528908,7.21
hja2016_155,82,sediment,2,536,36.6,564452.259742545,4899854.65997292,hja2016_191,HJA-2016_soil_10,soil_detected,1,5452.424591535673,2.446897912152623,934,174,0.18629550321199143,12.57
hja2016_157,43,sediment,1,538,7.8,567346.131940859,4898257.7304979,hja2016_191,HJA-2016_soil_10,soil_detected,1,4968.159568711401,2.312711511177481,934,117,0.1252676659528908,7.32
hja2016_159,49,sediment,5,40,3399.1,563281.311454976,4898046.73981585,hja2016_191,HJA-2016_soil_10,soil_detected,1,7490.431877283785,2.905048902829966,934,110,0.11777301927194861,10.72
hja2016_160,50,sediment,5,41,4956.4,563054.321479503,4898132.73601802,hja2016_191,HJA-2016_soil_10,soil_detected,1,7608.10520377801,2.927537195714701,934,83,0.08886509635974305,4.95
hja2016_031,161,hyporheic,5,51,5699.1,561109.407372482,4897170.77850081,hja2016_191,HJA-2016_soil_10,soil_detected,1,9733.65480896199,3.2829816122752256,934,7,0.007494646680942184,2.22
hja2016_032,54,hyporheic,3,363,207.7,561802.376768968,4897363.76997776,hja2016_191,HJA-2016_soil_10,soil_detected,1,9065.680689283756,3.1804153476236845,934,17,0.018201284796573874,4.97
hja2016_035,192,hyporheic,2,542,28.5,564620.252323511,4897836.74908965,hja2016_191,HJA-2016_soil_10,soil_detected,1,6699.667093865044,2.744089409904383,934,15,0.016059957173447537,3.7
hja2016_037,43,hyporheic,1,538,7.8,567346.131940859,4898257.7304979,hja2016_191,HJA-2016_soil_10,soil_detected,1,4968.159568711401,2.312711511177481,934,18,0.019271948608137045,6.67
hja2016_042,165,planktonic,2,494,27.9,564789.244860317,4900155.64668049,hja2016_191,HJA-2016_soil_10,soil_detected,1,5004.226033328847,2.323146955330638,934,4,0.004282655246252677,0.81
hja2016_043,KC-2,hyporheic,3,362,114.2,561999.368069268,4896735.79771081,hja2016_191,HJA-2016_soil_10,soil_detected,1,9319.289521980052,3.220219971812301,934,25,0.02676659528907923,5.45
hja2016_049,67,planktonic,4,83,1558.1,567119.141965387,4897968.74326041,hja2016_191,HJA-2016_soil_10,soil_detected,1,5315.836064430058,2.410296613891626,934,6,0.006423982869379015,3.95
hja2016_050,165,hyporheic,2,494,27.9,564789.244860317,4900155.64668049,hja2016_191,HJA-2016_soil_10,soil_detected,1,5004.226033328847,2.323146955330638,934,26,0.027837259100642397,2.62
hja2016_052,163,hyporheic,5,63,6126.6,559726.468447026,4896111.82526722,hja2016_191,HJA-2016_soil_10,soil_detected,1,11475.284274349297,3.5204579884928098,934,39,0.0417558886509636,4.31
hja2016_056,KC-1,hyporheic,3,362,114.7,562012.367495176,4896802.79475203,hja2016_191,HJA-2016_soil_10,soil_detected,1,9264.918367019454,3.211778264756044,934,35,0.03747323340471092,3.97
hja2016_057,71,hyporheic,3,556,101.7,562662.338790582,4897988.74237719,hja2016_191,HJA-2016_soil_10,soil_detected,1,8003.468657978869,3.000625391388575,934,16,0.017130620985010708,2.26
hja2016_059,KC-2,planktonic,3,362,114.2,561999.368069268,4896735.79771081,hja2016_191,HJA-2016_soil_10,soil_detected,1,9319.289521980052,3.220219971812301,934,38,0.04068522483940043,4.88
hja2016_062,WS3-3,hyporheic,2,511,93.4,560639.428128111,4896408.81215143,hja2016_191,HJA-2016_soil_10,soil_detected,1,10570.180226657185,3.4019280704620622,934,40,0.042826552462526764,3.37
hja2016_064,WS3-4,planktonic,2,510,81.3,560692.425787583,4896348.81480109,hja2016_191,HJA-2016_soil_10,soil_detected,1,10566.143356680146,3.4013769838604175,934,18,0.019271948608137045,4.17
hja2016_099,162,planktonic,5,66,6208.4,559348.485139852,4895468.85366269,hja2016_191,HJA-2016_soil_10,soil_detected,1,12165.96264212503,3.6047785741504312,934,21,0.022483940042826552,0.87
hja2016_100,64,planktonic,2,163,33.5,570527.99142083,4895508.85189625,hja2016_191,HJA-2016_soil_10,soil_detected,1,7627.53390664776,2.93121668802502,934,20,0.021413276231263382,0.83
hja2016_101,58,planktonic,3,385,67.2,566998.147308857,4898497.71989928,hja2016_191,HJA-2016_soil_10,soil_detected,1,4868.543954014098,2.283490366884232,934,21,0.022483940042826552,0.77
hja2016_102,73,hyporheic,2,255,137,566310.177691566,4896786.79545861,hja2016_191,HJA-2016_soil_10,soil_detected,1,6712.17025128801,2.746779309575987,934,21,0.022483940042826552,1.36
hja2016_103,260,planktonic,4,23,866.1,566425.172613061,4897456.76587079,hja2016_191,HJA-2016_soil_10,soil_detected,1,6052.433427544388,2.5975153056938893,934,40,0.042826552462526764,2.53
hja2016_105,178,planktonic,2,411,19.9,566185.18321168,4901793.57434491,hja2016_191,HJA-2016_soil_10,soil_detected,1,2984.3270113852086,1.577405629378336,934,26,0.027837259100642397,1.29
hja2016_106,170,planktonic,2,229,49.4,570659.985591589,4896908.79007097,hja2016_191,HJA-2016_soil_10,soil_detected,1,6300.546043667716,2.655476866763962,934,12,0.01284796573875803,0.31
hja2016_107,57,hyporheic,4,131,1488.8,563668.294364702,4898599.71539487,hja2016_191,HJA-2016_soil_10,soil_detected,1,6837.350786204187,2.7734374438317477,934,28,0.029978586723768737,1.1
hja2016_109,169,planktonic,2,144,53.5,568641.074752475,4902527.5419308,hja2016_191,HJA-2016_soil_10,soil_detected,1,525.4167260620284,-0.9284659670792126,934,21,0.022483940042826552,1.28
hja2016_110,76,hyporheic,3,150,303.5,570464.994202967,4896947.7883487,hja2016_191,HJA-2016_soil_10,soil_detected,1,6211.997884291831,2.635057338366199,934,19,0.020342612419700215,1
hja2016_111,160,planktonic,5,24,2569.5,566416.173010509,4897492.764281,hja2016_191,HJA-2016_soil_10,soil_detected,1,6023.42779234303,2.590584724797549,934,29,0.031049250535331904,1.44
hja2016_114,WS1-5,planktonic,2,522,87.9,559517.477676657,4895016.87362342,hja2016_191,HJA-2016_soil_10,soil_detected,1,12320.037844117269,3.6229347825302787,934,24,0.02569593147751606,1
hja2016_116,53,planktonic,3,78,280.7,568092.098996817,4898223.73199937,hja2016_191,HJA-2016_soil_10,soil_detected,1,4816.499238111749,2.267984937575042,934,29,0.031049250535331904,1.29
hja2016_119,56,planktonic,3,321,99.5,562839.3309741,4897811.75019367,hja2016_191,HJA-2016_soil_10,soil_detected,1,7978.84752273846,2.9961803763594324,934,45,0.048179871520342615,2.23
hja2016_121,84,hyporheic,4,112,622.7,566447.171641521,4900685.6232752,hja2016_191,HJA-2016_soil_10,soil_detected,1,3371.1532552777685,1.7532422148639346,934,10,0.010706638115631691,0.19
hja2016_122,45,sediment,3,390,193.2,565977.192397151,4897892.74661664,hja2016_191,HJA-2016_soil_10,soil_detected,1,5870.3949112977925,2.553457559111634,934,126,0.1349036402569593,11.3
hja2016_125,56,sediment,3,321,99.5,562839.3309741,4897811.75019367,hja2016_191,HJA-2016_soil_10,soil_detected,1,7978.84752273846,2.9961803763594324,934,135,0.14453961456102785,12.02
hja2016_164,260,sediment,4,23,866.1,566425.172613061,4897456.76587079,hja2016_191,HJA-2016_soil_10,soil_detected,1,6052.433427544388,2.5975153056938893,934,147,0.15738758029978586,10.36
hja2016_166,57,sediment,4,131,1488.8,563668.294364702,4898599.71539487,hja2016_191,HJA-2016_soil_10,soil_detected,1,6837.350786204187,2.7734374438317477,934,84,0.08993576017130621,5.14
hja2016_167,WS3-1,sediment,2,511,96.4,560508.433913191,4896516.80738205,hja2016_191,HJA-2016_soil_10,soil_detected,1,10607.207692616097,3.406973017096144,934,203,0.21734475374732334,15.77
hja2016_169,WS3-2,sediment,2,511,95.7,560554.431881789,4896487.80866272,hja2016_191,HJA-2016_soil_10,soil_detected,1,10588.447940875047,3.4044192288727255,934,199,0.21306209850107066,13.85
hja2016_170,WS3-3,sediment,2,511,93.4,560639.428128111,4896408.81215143,hja2016_191,HJA-2016_soil_10,soil_detected,1,10570.180226657185,3.4019280704620622,934,135,0.14453961456102785,7.59
hja2016_177,WS1-3,sediment,2,522,92.1,559404.482666841,4895069.8712829,hja2016_191,HJA-2016_soil_10,soil_detected,1,12372.679046857904,3.6290860146954267,934,142,0.15203426124197003,10.9
hja2016_179,WS1-5,sediment,2,522,87.9,559517.477676657,4895016.87362342,hja2016_191,HJA-2016_soil_10,soil_detected,1,12320.037844117269,3.6229347825302787,934,129,0.1381156316916488,9.06
hja2016_180,WS1-6,sediment,2,522,82.7,559631.472642313,4894993.87463913,hja2016_191,HJA-2016_soil_10,soil_detected,1,12248.13346409912,3.6144900035222913,934,91,0.0974304068522484,5.24
hja2016_181,177,sediment,1,452,14.8,565808.199860345,4901620.58198475,hja2016_191,HJA-2016_soil_10,soil_detected,1,3398.9830560215537,1.7651031700423954,934,140,0.14989293361884368,7.8
hja2016_001,50,planktonic,5,41,4956.4,563054.321479503,4898132.73601802,hja2016_191,HJA-2016_soil_10,soil_enriched,1,7608.10520377801,2.927537195714701,602,0,0,0
hja2016_008,WS3-1,hyporheic,2,511,96.4,560508.433913191,4896516.80738205,hja2016_191,HJA-2016_soil_10,soil_enriched,1,10607.207692616097,3.406973017096144,602,3,0.0049833887043189366,0.3
hja2016_009,60,hyporheic,2,316,43.1,567391.129953618,4898693.71124374,hja2016_191,HJA-2016_soil_10,soil_enriched,1,4541.585714625101,2.1831961087934353,602,8,0.013289036544850499,0.67
hja2016_010,164,planktonic,3,502,60.8,560307.442789535,4895737.8417834,hja2016_191,HJA-2016_soil_10,soil_enriched,1,11251.394621212547,3.492031930854708,602,0,0,0
hja2016_011,WS1-6,planktonic,2,522,82.7,559631.472642313,4894993.87463913,hja2016_191,HJA-2016_soil_10,soil_enriched,1,12248.13346409912,3.6144900035222913,602,11,0.018272425249169437,0.98
hja2016_013,WS1-4,planktonic,2,522,89.8,559453.480502956,4895042.87247524,hja2016_191,HJA-2016_soil_10,soil_enriched,1,12352.30187753053,3.626708011017134,602,7,0.011627906976744186,0.77
hja2016_014,WS1-6,hyporheic,2,522,82.7,559631.472642313,4894993.87463913,hja2016_191,HJA-2016_soil_10,soil_enriched,1,12248.13346409912,3.6144900035222913,602,3,0.0049833887043189366,0.43
hja2016_015,47,hyporheic,4,134,1550.1,563254.31264732,4898130.73610634,hja2016_191,HJA-2016_soil_10,soil_enriched,1,7456.055798045585,2.898412656567092,602,1,0.0016611295681063123,0.47
hja2016_016,74,hyporheic,2,373,70,565310.221852481,4897724.75403567,hja2016_191,HJA-2016_soil_10,soil_enriched,1,6370.024803814588,2.6712989901064788,602,1,0.0016611295681063123,0.05
hja2016_018,WS1-5,hyporheic,2,522,87.9,559517.477676657,4895016.87362342,hja2016_191,HJA-2016_soil_10,soil_enriched,1,12320.037844117269,3.6229347825302787,602,6,0.009966777408637873,0.35
hja2016_019,155,hyporheic,2,345,81.2,565811.199727862,4897652.75721525,hja2016_191,HJA-2016_soil_10,soil_enriched,1,6161.347224576549,2.6232458414567015,602,7,0.011627906976744186,1.6
hja2016_020,WS1-2,hyporheic,2,522,93.6,559354.484874886,4895103.86978142,hja2016_191,HJA-2016_soil_10,soil_enriched,1,12389.604183057578,3.63105819259497,602,15,0.024916943521594685,0.78
hja2016_021,156,hyporheic,5,24,2575.9,566141.185154761,4897558.76136638,hja2016_191,HJA-2016_soil_10,soil_enriched,1,6084.503380435244,2.605139514406252,602,2,0.0033222591362126247,0.45
hja2016_027,WS3-6,planktonic,2,510,78.4,560819.420179147,4896235.81979127,hja2016_191,HJA-2016_soil_10,soil_enriched,1,10539.25382754138,3.3977008235880564,602,6,0.009966777408637873,0.6
hja2016_065,68,hyporheic,5,30,3032.2,565145.229139031,4897899.74630751,hja2016_191,HJA-2016_soil_10,soil_enriched,1,6324.126517014101,2.66086622975243,602,10,0.016611295681063124,1.09
hja2016_066,49,hyporheic,5,40,3399.1,563281.311454976,4898046.73981585,hja2016_191,HJA-2016_soil_10,soil_enriched,1,7490.431877283785,2.905048902829966,602,17,0.02823920265780731,1.1
hja2016_070,56,hyporheic,3,321,99.5,562839.3309741,4897811.75019367,hja2016_191,HJA-2016_soil_10,soil_enriched,1,7978.84752273846,2.9961803763594324,602,6,0.009966777408637873,0.87
hja2016_071,164,hyporheic,3,502,60.8,560307.442789535,4895737.8417834,hja2016_191,HJA-2016_soil_10,soil_enriched,1,11251.394621212547,3.492031930854708,602,12,0.019933554817275746,0.88
hja2016_075,260,hyporheic,4,23,866.1,566425.172613061,4897456.76587079,hja2016_191,HJA-2016_soil_10,soil_enriched,1,6052.433427544388,2.5975153056938893,602,3,0.0049833887043189366,0.68
hja2016_078,CC-1,hyporheic,2,183,64,569956.016680872,4897740.75332909,hja2016_191,HJA-2016_soil_10,soil_enriched,1,5326.107003601732,2.413081413155146,602,5,0.008305647840531562,0.83
hja2016_079,64,hyporheic,2,163,33.5,570527.99142083,4895508.85189625,hja2016_191,HJA-2016_soil_10,soil_enriched,1,7627.53390664776,2.93121668802502,602,17,0.02823920265780731,1.57
hja2016_084,177,hyporheic,1,452,14.8,565808.199860345,4901620.58198475,hja2016_191,HJA-2016_soil_10,soil_enriched,1,3398.9830560215537,1.7651031700423954,602,9,0.014950166112956811,0.8
hja2016_127,60,sediment,2,316,43.1,567391.129953618,4898693.71124374,hja2016_191,HJA-2016_soil_10,soil_enriched,1,4541.585714625101,2.1831961087934353,602,42,0.06976744186046512,1.32
hja2016_129,72,sediment,4,16,568.3,566542.167446234,4896499.80813279,hja2016_191,HJA-2016_soil_10,soil_enriched,1,6893.5838856801765,2.7852542165781307,602,73,0.1212624584717608,3.15
hja2016_131,74,sediment,2,373,70,565310.221852481,4897724.75403567,hja2016_191,HJA-2016_soil_10,soil_enriched,1,6370.024803814588,2.6712989901064788,602,75,0.12458471760797342,3.2
hja2016_132,84,sediment,4,112,622.7,566447.171641521,4900685.6232752,hja2016_191,HJA-2016_soil_10,soil_enriched,1,3371.1532552777685,1.7532422148639346,602,79,0.13122923588039867,2.49
hja2016_133,161,sediment,5,51,5699.1,561109.407372482,4897170.77850081,hja2016_191,HJA-2016_soil_10,soil_enriched,1,9733.65480896199,3.2829816122752256,602,123,0.20431893687707642,7.32
hja2016_135,169,sediment,2,144,53.5,568641.074752475,4902527.5419308,hja2016_191,HJA-2016_soil_10,soil_enriched,1,525.4167260620284,-0.9284659670792126,602,66,0.10963455149501661,2.74
hja2016_136,190,sediment,1,546,14.2,564169.272240084,4897881.7471024,hja2016_191,HJA-2016_soil_10,soil_enriched,1,6965.3224658409845,2.800190145231495,602,70,0.11627906976744186,2.42
hja2016_139,CC-2,sediment,2,183,63.6,569992.01509108,4897760.75244588,hja2016_191,HJA-2016_soil_10,soil_enriched,1,5313.5678897824055,2.4096809096847296,602,81,0.1345514950166113,2.74
hja2016_140,CC-3,sediment,2,183,63,570038.013059678,4897795.75090024,hja2016_191,HJA-2016_soil_10,soil_enriched,1,5288.733841673948,2.4029223728156177,602,73,0.1212624584717608,2.31
hja2016_141,CC-4,sediment,2,183,58.5,570162.007583724,4897831.74931045,hja2016_191,HJA-2016_soil_10,soil_enriched,1,5281.10308028242,2.4008393012201648,602,71,0.11794019933554817,2.72
hja2016_142,KC-1,sediment,3,362,114.7,562012.367495176,4896802.79475203,hja2016_191,HJA-2016_soil_10,soil_enriched,1,9264.918367019454,3.211778264756044,602,56,0.09302325581395349,2.02
hja2016_144,KC-3,sediment,3,362,114,562000.368025107,4896680.80013966,hja2016_191,HJA-2016_soil_10,soil_enriched,1,9355.411211095503,3.225801067594337,602,44,0.07308970099667775,1.93
hja2016_145,155,sediment,2,345,81.2,565811.199727862,4897652.75721525,hja2016_191,HJA-2016_soil_10,soil_enriched,1,6161.347224576549,2.6232458414567015,602,68,0.11295681063122924,2.96
hja2016_146,156,sediment,5,24,2575.9,566141.185154761,4897558.76136638,hja2016_191,HJA-2016_soil_10,soil_enriched,1,6084.503380435244,2.605139514406252,602,62,0.10299003322259136,1.79
hja2016_147,163,sediment,5,63,6126.6,559726.468447026,4896111.82526722,hja2016_191,HJA-2016_soil_10,soil_enriched,1,11475.284274349297,3.5204579884928098,602,132,0.21926910299003322,7.15
hja2016_148,165,sediment,2,494,27.9,564789.244860317,4900155.64668049,hja2016_191,HJA-2016_soil_10,soil_enriched,1,5004.226033328847,2.323146955330638,602,84,0.13953488372093023,2.7
hja2016_150,53,sediment,3,78,280.7,568092.098996817,4898223.73199937,hja2016_191,HJA-2016_soil_10,soil_enriched,1,4816.499238111749,2.267984937575042,602,51,0.08471760797342193,1.74
hja2016_151,64,sediment,2,163,33.5,570527.99142083,4895508.85189625,hja2016_191,HJA-2016_soil_10,soil_enriched,1,7627.53390664776,2.93121668802502,602,140,0.23255813953488372,6.42
hja2016_152,66,sediment,4,79,1360.7,567970.104384448,4898153.73509064,hja2016_191,HJA-2016_soil_10,soil_enriched,1,4907.820415710128,2.295082459655969,602,52,0.08637873754152824,1.11
hja2016_155,82,sediment,2,536,36.6,564452.259742545,4899854.65997292,hja2016_191,HJA-2016_soil_10,soil_enriched,1,5452.424591535673,2.446897912152623,602,87,0.14451827242524917,3.1
hja2016_157,43,sediment,1,538,7.8,567346.131940859,4898257.7304979,hja2016_191,HJA-2016_soil_10,soil_enriched,1,4968.159568711401,2.312711511177481,602,50,0.08305647840531562,1.37
hja2016_159,49,sediment,5,40,3399.1,563281.311454976,4898046.73981585,hja2016_191,HJA-2016_soil_10,soil_enriched,1,7490.431877283785,2.905048902829966,602,43,0.07142857142857142,1.39
hja2016_160,50,sediment,5,41,4956.4,563054.321479503,4898132.73601802,hja2016_191,HJA-2016_soil_10,soil_enriched,1,7608.10520377801,2.927537195714701,602,31,0.05149501661129568,0.7
hja2016_031,161,hyporheic,5,51,5699.1,561109.407372482,4897170.77850081,hja2016_191,HJA-2016_soil_10,soil_enriched,1,9733.65480896199,3.2829816122752256,602,1,0.0016611295681063123,0.19
hja2016_032,54,hyporheic,3,363,207.7,561802.376768968,4897363.76997776,hja2016_191,HJA-2016_soil_10,soil_enriched,1,9065.680689283756,3.1804153476236845,602,6,0.009966777408637873,0.72
hja2016_035,192,hyporheic,2,542,28.5,564620.252323511,4897836.74908965,hja2016_191,HJA-2016_soil_10,soil_enriched,1,6699.667093865044,2.744089409904383,602,5,0.008305647840531562,0.85
hja2016_037,43,hyporheic,1,538,7.8,567346.131940859,4898257.7304979,hja2016_191,HJA-2016_soil_10,soil_enriched,1,4968.159568711401,2.312711511177481,602,0,0,0
hja2016_042,165,planktonic,2,494,27.9,564789.244860317,4900155.64668049,hja2016_191,HJA-2016_soil_10,soil_enriched,1,5004.226033328847,2.323146955330638,602,1,0.0016611295681063123,0.07
hja2016_043,KC-2,hyporheic,3,362,114.2,561999.368069268,4896735.79771081,hja2016_191,HJA-2016_soil_10,soil_enriched,1,9319.289521980052,3.220219971812301,602,6,0.009966777408637873,1.14
hja2016_049,67,planktonic,4,83,1558.1,567119.141965387,4897968.74326041,hja2016_191,HJA-2016_soil_10,soil_enriched,1,5315.836064430058,2.410296613891626,602,2,0.0033222591362126247,0.03
hja2016_050,165,hyporheic,2,494,27.9,564789.244860317,4900155.64668049,hja2016_191,HJA-2016_soil_10,soil_enriched,1,5004.226033328847,2.323146955330638,602,7,0.011627906976744186,0.54
hja2016_052,163,hyporheic,5,63,6126.6,559726.468447026,4896111.82526722,hja2016_191,HJA-2016_soil_10,soil_enriched,1,11475.284274349297,3.5204579884928098,602,13,0.02159468438538206,0.74
hja2016_056,KC-1,hyporheic,3,362,114.7,562012.367495176,4896802.79475203,hja2016_191,HJA-2016_soil_10,soil_enriched,1,9264.918367019454,3.211778264756044,602,7,0.011627906976744186,0.52
hja2016_057,71,hyporheic,3,556,101.7,562662.338790582,4897988.74237719,hja2016_191,HJA-2016_soil_10,soil_enriched,1,8003.468657978869,3.000625391388575,602,2,0.0033222591362126247,0.62
hja2016_059,KC-2,planktonic,3,362,114.2,561999.368069268,4896735.79771081,hja2016_191,HJA-2016_soil_10,soil_enriched,1,9319.289521980052,3.220219971812301,602,11,0.018272425249169437,1.31
hja2016_062,WS3-3,hyporheic,2,511,93.4,560639.428128111,4896408.81215143,hja2016_191,HJA-2016_soil_10,soil_enriched,1,10570.180226657185,3.4019280704620622,602,12,0.019933554817275746,0.79
hja2016_064,WS3-4,planktonic,2,510,81.3,560692.425787583,4896348.81480109,hja2016_191,HJA-2016_soil_10,soil_enriched,1,10566.143356680146,3.4013769838604175,602,6,0.009966777408637873,0.76
hja2016_099,162,planktonic,5,66,6208.4,559348.485139852,4895468.85366269,hja2016_191,HJA-2016_soil_10,soil_enriched,1,12165.96264212503,3.6047785741504312,602,7,0.011627906976744186,0.21
hja2016_100,64,planktonic,2,163,33.5,570527.99142083,4895508.85189625,hja2016_191,HJA-2016_soil_10,soil_enriched,1,7627.53390664776,2.93121668802502,602,6,0.009966777408637873,0.14
hja2016_101,58,planktonic,3,385,67.2,566998.147308857,4898497.71989928,hja2016_191,HJA-2016_soil_10,soil_enriched,1,4868.543954014098,2.283490366884232,602,10,0.016611295681063124,0.19
hja2016_102,73,hyporheic,2,255,137,566310.177691566,4896786.79545861,hja2016_191,HJA-2016_soil_10,soil_enriched,1,6712.17025128801,2.746779309575987,602,9,0.014950166112956811,0.31
hja2016_103,260,planktonic,4,23,866.1,566425.172613061,4897456.76587079,hja2016_191,HJA-2016_soil_10,soil_enriched,1,6052.433427544388,2.5975153056938893,602,20,0.03322259136212625,0.49
hja2016_105,178,planktonic,2,411,19.9,566185.18321168,4901793.57434491,hja2016_191,HJA-2016_soil_10,soil_enriched,1,2984.3270113852086,1.577405629378336,602,11,0.018272425249169437,0.36
hja2016_106,170,planktonic,2,229,49.4,570659.985591589,4896908.79007097,hja2016_191,HJA-2016_soil_10,soil_enriched,1,6300.546043667716,2.655476866763962,602,4,0.006644518272425249,0.07
hja2016_107,57,hyporheic,4,131,1488.8,563668.294364702,4898599.71539487,hja2016_191,HJA-2016_soil_10,soil_enriched,1,6837.350786204187,2.7734374438317477,602,12,0.019933554817275746,0.34
hja2016_109,169,planktonic,2,144,53.5,568641.074752475,4902527.5419308,hja2016_191,HJA-2016_soil_10,soil_enriched,1,525.4167260620284,-0.9284659670792126,602,6,0.009966777408637873,0.38
hja2016_110,76,hyporheic,3,150,303.5,570464.994202967,4896947.7883487,hja2016_191,HJA-2016_soil_10,soil_enriched,1,6211.997884291831,2.635057338366199,602,8,0.013289036544850499,0.28
hja2016_111,160,planktonic,5,24,2569.5,566416.173010509,4897492.764281,hja2016_191,HJA-2016_soil_10,soil_enriched,1,6023.42779234303,2.590584724797549,602,9,0.014950166112956811,0.29
hja2016_114,WS1-5,planktonic,2,522,87.9,559517.477676657,4895016.87362342,hja2016_191,HJA-2016_soil_10,soil_enriched,1,12320.037844117269,3.6229347825302787,602,9,0.014950166112956811,0.23
hja2016_116,53,planktonic,3,78,280.7,568092.098996817,4898223.73199937,hja2016_191,HJA-2016_soil_10,soil_enriched,1,4816.499238111749,2.267984937575042,602,13,0.02159468438538206,0.41
hja2016_119,56,planktonic,3,321,99.5,562839.3309741,4897811.75019367,hja2016_191,HJA-2016_soil_10,soil_enriched,1,7978.84752273846,2.9961803763594324,602,16,0.026578073089700997,0.43
hja2016_121,84,hyporheic,4,112,622.7,566447.171641521,4900685.6232752,hja2016_191,HJA-2016_soil_10,soil_enriched,1,3371.1532552777685,1.7532422148639346,602,3,0.0049833887043189366,0.06
hja2016_122,45,sediment,3,390,193.2,565977.192397151,4897892.74661664,hja2016_191,HJA-2016_soil_10,soil_enriched,1,5870.3949112977925,2.553457559111634,602,52,0.08637873754152824,1.51
hja2016_125,56,sediment,3,321,99.5,562839.3309741,4897811.75019367,hja2016_191,HJA-2016_soil_10,soil_enriched,1,7978.84752273846,2.9961803763594324,602,61,0.10132890365448505,1.74
hja2016_164,260,sediment,4,23,866.1,566425.172613061,4897456.76587079,hja2016_191,HJA-2016_soil_10,soil_enriched,1,6052.433427544388,2.5975153056938893,602,72,0.11960132890365449,2.44
hja2016_166,57,sediment,4,131,1488.8,563668.294364702,4898599.71539487,hja2016_191,HJA-2016_soil_10,soil_enriched,1,6837.350786204187,2.7734374438317477,602,33,0.054817275747508304,0.9
hja2016_167,WS3-1,sediment,2,511,96.4,560508.433913191,4896516.80738205,hja2016_191,HJA-2016_soil_10,soil_enriched,1,10607.207692616097,3.406973017096144,602,118,0.19601328903654486,7.01
hja2016_169,WS3-2,sediment,2,511,95.7,560554.431881789,4896487.80866272,hja2016_191,HJA-2016_soil_10,soil_enriched,1,10588.447940875047,3.4044192288727255,602,118,0.19601328903654486,6.73
hja2016_170,WS3-3,sediment,2,511,93.4,560639.428128111,4896408.81215143,hja2016_191,HJA-2016_soil_10,soil_enriched,1,10570.180226657185,3.4019280704620622,602,66,0.10963455149501661,1.75
hja2016_177,WS1-3,sediment,2,522,92.1,559404.482666841,4895069.8712829,hja2016_191,HJA-2016_soil_10,soil_enriched,1,12372.679046857904,3.6290860146954267,602,70,0.11627906976744186,2.53
hja2016_179,WS1-5,sediment,2,522,87.9,559517.477676657,4895016.87362342,hja2016_191,HJA-2016_soil_10,soil_enriched,1,12320.037844117269,3.6229347825302787,602,54,0.08970099667774087,1.86
hja2016_180,WS1-6,sediment,2,522,82.7,559631.472642313,4894993.87463913,hja2016_191,HJA-2016_soil_10,soil_enriched,1,12248.13346409912,3.6144900035222913,602,35,0.05813953488372093,0.93
hja2016_181,177,sediment,1,452,14.8,565808.199860345,4901620.58198475,hja2016_191,HJA-2016_soil_10,soil_enriched,1,3398.9830560215537,1.7651031700423954,602,65,0.1079734219269103,1.61
hja2016_001,50,planktonic,5,41,4956.4,563054.321479503,4898132.73601802,hja2016_193,HJA-2016_soil_12,soil_detected,1,4849.873830215744,2.277947215982296,1548,20,0.012919896640826873,6.41
hja2016_008,WS3-1,hyporheic,2,511,96.4,560508.433913191,4896516.80738205,hja2016_193,HJA-2016_soil_12,soil_detected,1,7848.514822724774,2.9724196781310184,1548,44,0.028423772609819122,6.78
hja2016_009,60,hyporheic,2,316,43.1,567391.129953618,4898693.71124374,hja2016_193,HJA-2016_soil_12,soil_detected,1,1467.6231152746443,0.5534815325319339,1548,42,0.027131782945736434,10.92
hja2016_010,164,planktonic,3,502,60.8,560307.442789535,4895737.8417834,hja2016_193,HJA-2016_soil_12,soil_detected,1,8409.29718608642,3.071985231096674,1548,10,0.006459948320413436,2.84
hja2016_011,WS1-6,planktonic,2,522,82.7,559631.472642313,4894993.87463913,hja2016_193,HJA-2016_soil_12,soil_detected,1,9379.57260270993,3.229522185214106,1548,69,0.044573643410852716,6.05
hja2016_013,WS1-4,planktonic,2,522,89.8,559453.480502956,4895042.87247524,hja2016_193,HJA-2016_soil_12,soil_detected,1,9502.166918869456,3.2482565499302,1548,44,0.028423772609819122,6.6
hja2016_014,WS1-6,hyporheic,2,522,82.7,559631.472642313,4894993.87463913,hja2016_193,HJA-2016_soil_12,soil_detected,1,9379.57260270993,3.229522185214106,1548,37,0.023901808785529714,9.55
hja2016_015,47,hyporheic,4,134,1550.1,563254.31264732,4898130.73610634,hja2016_193,HJA-2016_soil_12,soil_detected,1,4669.803963584939,2.2233619874723876,1548,21,0.013565891472868217,5.59
hja2016_016,74,hyporheic,2,373,70,565310.221852481,4897724.75403567,hja2016_193,HJA-2016_soil_12,soil_detected,1,3248.358045025512,1.6997106600211624,1548,14,0.00904392764857881,1.92
hja2016_018,WS1-5,hyporheic,2,522,87.9,559517.477676657,4895016.87362342,hja2016_193,HJA-2016_soil_12,soil_detected,1,9462.408946146646,3.2422075125541454,1548,49,0.03165374677002584,3
hja2016_019,155,hyporheic,2,345,81.2,565811.199727862,4897652.75721525,hja2016_193,HJA-2016_soil_12,soil_detected,1,3000.7203504714066,1.5853088744886692,1548,48,0.031007751937984496,8.43
hja2016_020,WS1-2,hyporheic,2,522,93.6,559354.484874886,4895103.86978142,hja2016_193,HJA-2016_soil_12,soil_detected,1,9553.311057881005,3.2560008398386224,1548,83,0.053617571059431525,7.91
hja2016_021,156,hyporheic,5,24,2575.9,566141.185154761,4897558.76136638,hja2016_193,HJA-2016_soil_12,soil_detected,1,2916.328627189298,1.5441532992611344,1548,24,0.015503875968992248,5.42
hja2016_027,WS3-6,planktonic,2,510,78.4,560819.420179147,4896235.81979127,hja2016_193,HJA-2016_soil_12,soil_detected,1,7713.5073980948955,2.9473870151632298,1548,38,0.02454780361757106,5.09
hja2016_065,68,hyporheic,5,30,3032.2,565145.229139031,4897899.74630751,hja2016_193,HJA-2016_soil_12,soil_detected,1,3235.27062031254,1.6938863942127111,1548,66,0.04263565891472868,9.17
hja2016_066,49,hyporheic,5,40,3399.1,563281.311454976,4898046.73981585,hja2016_193,HJA-2016_soil_12,soil_detected,1,4682.797380709248,2.2273706156218607,1548,61,0.03940568475452196,5.64
hja2016_070,56,hyporheic,3,321,99.5,562839.3309741,4897811.75019367,hja2016_193,HJA-2016_soil_12,soil_detected,1,5183.268583436593,2.3738621523474746,1548,40,0.025839793281653745,5.5
hja2016_071,164,hyporheic,3,502,60.8,560307.442789535,4895737.8417834,hja2016_193,HJA-2016_soil_12,soil_detected,1,8409.29718608642,3.071985231096674,1548,85,0.05490956072351421,7.56
hja2016_075,260,hyporheic,4,23,866.1,566425.172613061,4897456.76587079,hja2016_193,HJA-2016_soil_12,soil_detected,1,2894.368160252491,1.5332484426673938,1548,40,0.025839793281653745,7.69
hja2016_078,CC-1,hyporheic,2,183,64,569956.016680872,4897740.75332909,hja2016_193,HJA-2016_soil_12,soil_detected,1,3475.6152960934396,1.7972684040357512,1548,46,0.029715762273901807,6.21
hja2016_079,64,hyporheic,2,163,33.5,570527.99142083,4895508.85189625,hja2016_193,HJA-2016_soil_12,soil_detected,1,5571.456354611764,2.478054491110406,1548,89,0.05749354005167959,12.75
hja2016_084,177,hyporheic,1,452,14.8,565808.199860345,4901620.58198475,hja2016_193,HJA-2016_soil_12,soil_detected,1,2205.360285034122,1.1410143650671165,1548,45,0.029069767441860465,8.34
hja2016_127,60,sediment,2,316,43.1,567391.129953618,4898693.71124374,hja2016_193,HJA-2016_soil_12,soil_detected,1,1467.6231152746443,0.5534815325319339,1548,191,0.12338501291989665,10.4
hja2016_129,72,sediment,4,16,568.3,566542.167446234,4896499.80813279,hja2016_193,HJA-2016_soil_12,soil_detected,1,3773.3018240268284,1.9158275050276876,1548,212,0.13695090439276486,12.39
hja2016_131,74,sediment,2,373,70,565310.221852481,4897724.75403567,hja2016_193,HJA-2016_soil_12,soil_detected,1,3248.358045025512,1.6997106600211624,1548,227,0.146640826873385,12.62
hja2016_132,84,sediment,4,112,622.7,566447.171641521,4900685.6232752,hja2016_193,HJA-2016_soil_12,soil_detected,1,1141.5027718734016,0.1909343628154882,1548,279,0.18023255813953487,14.61
hja2016_133,161,sediment,5,51,5699.1,561109.407372482,4897170.77850081,hja2016_193,HJA-2016_soil_12,soil_detected,1,7019.085147210741,2.8112830049469384,1548,386,0.24935400516795866,25.36
hja2016_135,169,sediment,2,144,53.5,568641.074752475,4902527.5419308,hja2016_193,HJA-2016_soil_12,soil_detected,1,2645.917624946402,1.4037681470545156,1548,248,0.16020671834625322,15.8
hja2016_136,190,sediment,1,546,14.2,564169.272240084,4897881.7471024,hja2016_193,HJA-2016_soil_12,soil_detected,1,4002.4958219943887,2.0008998967849747,1548,206,0.1330749354005168,11.85
hja2016_139,CC-2,sediment,2,183,63.6,569992.01509108,4897760.75244588,hja2016_193,HJA-2016_soil_12,soil_detected,1,3487.7682271539056,1.8023041718104726,1548,242,0.15633074935400518,13.2
hja2016_140,CC-3,sediment,2,183,63,570038.013059678,4897795.75090024,hja2016_193,HJA-2016_soil_12,soil_detected,1,3497.5499889993384,1.8063446773660286,1548,226,0.14599483204134367,11.85
hja2016_141,CC-4,sediment,2,183,58.5,570162.007583724,4897831.74931045,hja2016_193,HJA-2016_soil_12,soil_detected,1,3566.310849022186,1.8344324575332147,1548,228,0.14728682170542637,12.93
hja2016_142,KC-1,sediment,3,362,114.7,562012.367495176,4896802.79475203,hja2016_193,HJA-2016_soil_12,soil_detected,1,6399.128410632148,2.6778754170987207,1548,169,0.10917312661498708,9.96
hja2016_144,KC-3,sediment,3,362,114,562000.368025107,4896680.80013966,hja2016_193,HJA-2016_soil_12,soil_detected,1,6474.076404355397,2.694674391734018,1548,163,0.10529715762273902,10.91
hja2016_145,155,sediment,2,345,81.2,565811.199727862,4897652.75721525,hja2016_193,HJA-2016_soil_12,soil_detected,1,3000.7203504714066,1.5853088744886692,1548,231,0.14922480620155038,12.97
hja2016_146,156,sediment,5,24,2575.9,566141.185154761,4897558.76136638,hja2016_193,HJA-2016_soil_12,soil_detected,1,2916.328627189298,1.5441532992611344,1548,206,0.1330749354005168,10.84
hja2016_147,163,sediment,5,63,6126.6,559726.468447026,4896111.82526722,hja2016_193,HJA-2016_soil_12,soil_detected,1,8729.119376582628,3.125836117185791,1548,393,0.25387596899224807,23.98
hja2016_148,165,sediment,2,494,27.9,564789.244860317,4900155.64668049,hja2016_193,HJA-2016_soil_12,soil_detected,1,2671.061992970397,1.4174134600288362,1548,250,0.16149870801033592,13.9
hja2016_150,53,sediment,3,78,280.7,568092.098996817,4898223.73199937,hja2016_193,HJA-2016_soil_12,soil_detected,1,2036.4552355176897,1.0260601019885496,1548,212,0.13695090439276486,11
hja2016_151,64,sediment,2,163,33.5,570527.99142083,4895508.85189625,hja2016_193,HJA-2016_soil_12,soil_detected,1,5571.456354611764,2.478054491110406,1548,475,0.30684754521963825,22.7
hja2016_152,66,sediment,4,79,1360.7,567970.104384448,4898153.73509064,hja2016_193,HJA-2016_soil_12,soil_detected,1,2069.7354805170307,1.0494463979992334,1548,202,0.13049095607235142,9.49
hja2016_155,82,sediment,2,536,36.6,564452.259742545,4899854.65997292,hja2016_193,HJA-2016_soil_12,soil_detected,1,3023.471563517687,1.5962060101570064,1548,234,0.1511627906976744,13.17
hja2016_157,43,sediment,1,538,7.8,567346.131940859,4898257.7304979,hja2016_193,HJA-2016_soil_12,soil_detected,1,1905.3964401986682,0.9300911986660145,1548,211,0.13630490956072353,9.94
hja2016_159,49,sediment,5,40,3399.1,563281.311454976,4898046.73981585,hja2016_193,HJA-2016_soil_12,soil_detected,1,4682.797380709248,2.2273706156218607,1548,189,0.12209302325581395,11.53
hja2016_160,50,sediment,5,41,4956.4,563054.321479503,4898132.73601802,hja2016_193,HJA-2016_soil_12,soil_detected,1,4849.873830215744,2.277947215982296,1548,158,0.1020671834625323,7.75
hja2016_031,161,hyporheic,5,51,5699.1,561109.407372482,4897170.77850081,hja2016_193,HJA-2016_soil_12,soil_detected,1,7019.085147210741,2.8112830049469384,1548,17,0.010981912144702842,5.96
hja2016_032,54,hyporheic,3,363,207.7,561802.376768968,4897363.76997776,hja2016_193,HJA-2016_soil_12,soil_detected,1,6311.052281473792,2.6578805748898953,1548,31,0.020025839793281652,8.54
hja2016_035,192,hyporheic,2,542,28.5,564620.252323511,4897836.74908965,hja2016_193,HJA-2016_soil_12,soil_detected,1,3669.0609577737937,1.8754108737190274,1548,30,0.01937984496124031,7.01
hja2016_037,43,hyporheic,1,538,7.8,567346.131940859,4898257.7304979,hja2016_193,HJA-2016_soil_12,soil_detected,1,1905.3964401986682,0.9300911986660145,1548,14,0.00904392764857881,3.03
hja2016_042,165,planktonic,2,494,27.9,564789.244860317,4900155.64668049,hja2016_193,HJA-2016_soil_12,soil_detected,1,2671.061992970397,1.4174134600288362,1548,16,0.0103359173126615,3.6
hja2016_043,KC-2,hyporheic,3,362,114.2,561999.368069268,4896735.79771081,hja2016_193,HJA-2016_soil_12,soil_detected,1,6445.537058127088,2.688300572522711,1548,36,0.023255813953488372,9.57
hja2016_049,67,planktonic,4,83,1558.1,567119.141965387,4897968.74326041,hja2016_193,HJA-2016_soil_12,soil_detected,1,2217.3626446582643,1.1488447390211125,1548,12,0.007751937984496124,8.46
hja2016_050,165,hyporheic,2,494,27.9,564789.244860317,4900155.64668049,hja2016_193,HJA-2016_soil_12,soil_detected,1,2671.061992970397,1.4174134600288362,1548,57,0.03682170542635659,6.73
hja2016_052,163,hyporheic,5,63,6126.6,559726.468447026,4896111.82526722,hja2016_193,HJA-2016_soil_12,soil_detected,1,8729.119376582628,3.125836117185791,1548,61,0.03940568475452196,6.03
hja2016_056,KC-1,hyporheic,3,362,114.7,562012.367495176,4896802.79475203,hja2016_193,HJA-2016_soil_12,soil_detected,1,6399.128410632148,2.6778754170987207,1548,65,0.04198966408268734,5.79
hja2016_057,71,hyporheic,3,556,101.7,562662.338790582,4897988.74237719,hja2016_193,HJA-2016_soil_12,soil_detected,1,5266.264247586409,2.3967799139243824,1548,29,0.018733850129198967,4.46
hja2016_059,KC-2,planktonic,3,362,114.2,561999.368069268,4896735.79771081,hja2016_193,HJA-2016_soil_12,soil_detected,1,6445.537058127088,2.688300572522711,1548,61,0.03940568475452196,7.65
hja2016_062,WS3-3,hyporheic,2,511,93.4,560639.428128111,4896408.81215143,hja2016_193,HJA-2016_soil_12,soil_detected,1,7784.184521746783,2.9605459091752677,1548,79,0.05103359173126615,6.23
hja2016_064,WS3-4,planktonic,2,510,81.3,560692.425787583,4896348.81480109,hja2016_193,HJA-2016_soil_12,soil_detected,1,7767.048555850915,2.9573664850227,1548,26,0.016795865633074936,5.97
hja2016_099,162,planktonic,5,66,6208.4,559348.485139852,4895468.85366269,hja2016_193,HJA-2016_soil_12,soil_detected,1,9370.468050117475,3.2281211115684325,1548,43,0.027777777777777776,1.97
hja2016_100,64,planktonic,2,163,33.5,570527.99142083,4895508.85189625,hja2016_193,HJA-2016_soil_12,soil_detected,1,5571.456354611764,2.478054491110406,1548,30,0.01937984496124031,1.05
hja2016_101,58,planktonic,3,385,67.2,566998.147308857,4898497.71989928,hja2016_193,HJA-2016_soil_12,soil_detected,1,1725.04414087562,0.78663327841695,1548,45,0.029069767441860465,2.17
hja2016_102,73,hyporheic,2,255,137,566310.177691566,4896786.79545861,hja2016_193,HJA-2016_soil_12,soil_detected,1,3563.6073069890363,1.8333383673106773,1548,42,0.027131782945736434,2.05
hja2016_103,260,planktonic,4,23,866.1,566425.172613061,4897456.76587079,hja2016_193,HJA-2016_soil_12,soil_detected,1,2894.368160252491,1.5332484426673938,1548,85,0.05490956072351421,3.58
hja2016_105,178,planktonic,2,411,19.9,566185.18321168,4901793.57434491,hja2016_193,HJA-2016_soil_12,soil_detected,1,2072.5508843730527,1.0514075225806065,1548,50,0.03229974160206718,2.22
hja2016_106,170,planktonic,2,229,49.4,570659.985591589,4896908.79007097,hja2016_193,HJA-2016_soil_12,soil_detected,1,4561.403325989067,2.189477741052573,1548,21,0.013565891472868217,0.56
hja2016_107,57,hyporheic,4,131,1488.8,563668.294364702,4898599.71539487,hja2016_193,HJA-2016_soil_12,soil_detected,1,4100.353337288182,2.0357482355817598,1548,55,0.0355297157622739,1.93
hja2016_109,169,planktonic,2,144,53.5,568641.074752475,4902527.5419308,hja2016_193,HJA-2016_soil_12,soil_detected,1,2645.917624946402,1.4037681470545156,1548,35,0.02260981912144703,1.93
hja2016_110,76,hyporheic,3,150,303.5,570464.994202967,4896947.7883487,hja2016_193,HJA-2016_soil_12,soil_detected,1,4398.2453293174785,2.136928078389894,1548,34,0.021963824289405683,1.98
hja2016_111,160,planktonic,5,24,2569.5,566416.173010509,4897492.764281,hja2016_193,HJA-2016_soil_12,soil_detected,1,2864.048282714149,1.5180558140564682,1548,49,0.03165374677002584,1.82
hja2016_114,WS1-5,planktonic,2,522,87.9,559517.477676657,4895016.87362342,hja2016_193,HJA-2016_soil_12,soil_detected,1,9462.408946146646,3.2422075125541454,1548,55,0.0355297157622739,2.42
hja2016_116,53,planktonic,3,78,280.7,568092.098996817,4898223.73199937,hja2016_193,HJA-2016_soil_12,soil_detected,1,2036.4552355176897,1.0260601019885496,1548,51,0.03294573643410853,2.09
hja2016_119,56,planktonic,3,321,99.5,562839.3309741,4897811.75019367,hja2016_193,HJA-2016_soil_12,soil_detected,1,5183.268583436593,2.3738621523474746,1548,87,0.0562015503875969,3.33
hja2016_121,84,hyporheic,4,112,622.7,566447.171641521,4900685.6232752,hja2016_193,HJA-2016_soil_12,soil_detected,1,1141.5027718734016,0.1909343628154882,1548,28,0.01808785529715762,0.7
hja2016_122,45,sediment,3,390,193.2,565977.192397151,4897892.74661664,hja2016_193,HJA-2016_soil_12,soil_detected,1,2709.005680120184,1.4377634185205956,1548,196,0.12661498708010335,11.41
hja2016_125,56,sediment,3,321,99.5,562839.3309741,4897811.75019367,hja2016_193,HJA-2016_soil_12,soil_detected,1,5183.268583436593,2.3738621523474746,1548,208,0.1343669250645995,11.96
hja2016_164,260,sediment,4,23,866.1,566425.172613061,4897456.76587079,hja2016_193,HJA-2016_soil_12,soil_detected,1,2894.368160252491,1.5332484426673938,1548,249,0.16085271317829458,12.39
hja2016_166,57,sediment,4,131,1488.8,563668.294364702,4898599.71539487,hja2016_193,HJA-2016_soil_12,soil_detected,1,4100.353337288182,2.0357482355817598,1548,182,0.11757105943152454,8.19
hja2016_167,WS3-1,sediment,2,511,96.4,560508.433913191,4896516.80738205,hja2016_193,HJA-2016_soil_12,soil_detected,1,7848.514822724774,2.9724196781310184,1548,404,0.26098191214470284,25.77
hja2016_169,WS3-2,sediment,2,511,95.7,560554.431881789,4896487.80866272,hja2016_193,HJA-2016_soil_12,soil_detected,1,7821.373057754974,2.9674218977791718,1548,422,0.27260981912144705,24.96
hja2016_170,WS3-3,sediment,2,511,93.4,560639.428128111,4896408.81215143,hja2016_193,HJA-2016_soil_12,soil_detected,1,7784.184521746783,2.9605459091752677,1548,232,0.14987080103359174,10.45
hja2016_177,WS1-3,sediment,2,522,92.1,559404.482666841,4895069.8712829,hja2016_193,HJA-2016_soil_12,soil_detected,1,9529.042094881454,3.25233119478341,1548,276,0.17829457364341086,16.23
hja2016_179,WS1-5,sediment,2,522,87.9,559517.477676657,4895016.87362342,hja2016_193,HJA-2016_soil_12,soil_detected,1,9462.408946146646,3.2422075125541454,1548,229,0.1479328165374677,12.36
hja2016_180,WS1-6,sediment,2,522,82.7,559631.472642313,4894993.87463913,hja2016_193,HJA-2016_soil_12,soil_detected,1,9379.57260270993,3.229522185214106,1548,180,0.11627906976744186,8.19
hja2016_181,177,sediment,1,452,14.8,565808.199860345,4901620.58198475,hja2016_193,HJA-2016_soil_12,soil_detected,1,2205.360285034122,1.1410143650671165,1548,247,0.15956072351421188,10.5
hja2016_001,50,planktonic,5,41,4956.4,563054.321479503,4898132.73601802,hja2016_193,HJA-2016_soil_12,soil_enriched,1,4849.873830215744,2.277947215982296,837,2,0.0023894862604540022,0.53
hja2016_008,WS3-1,hyporheic,2,511,96.4,560508.433913191,4896516.80738205,hja2016_193,HJA-2016_soil_12,soil_enriched,1,7848.514822724774,2.9724196781310184,837,5,0.005973715651135006,0.52
hja2016_009,60,hyporheic,2,316,43.1,567391.129953618,4898693.71124374,hja2016_193,HJA-2016_soil_12,soil_enriched,1,1467.6231152746443,0.5534815325319339,837,7,0.008363201911589008,0.59
hja2016_010,164,planktonic,3,502,60.8,560307.442789535,4895737.8417834,hja2016_193,HJA-2016_soil_12,soil_enriched,1,8409.29718608642,3.071985231096674,837,0,0,0
hja2016_011,WS1-6,planktonic,2,522,82.7,559631.472642313,4894993.87463913,hja2016_193,HJA-2016_soil_12,soil_enriched,1,9379.57260270993,3.229522185214106,837,17,0.02031063321385902,1.16
hja2016_013,WS1-4,planktonic,2,522,89.8,559453.480502956,4895042.87247524,hja2016_193,HJA-2016_soil_12,soil_enriched,1,9502.166918869456,3.2482565499302,837,8,0.009557945041816009,0.8
hja2016_014,WS1-6,hyporheic,2,522,82.7,559631.472642313,4894993.87463913,hja2016_193,HJA-2016_soil_12,soil_enriched,1,9379.57260270993,3.229522185214106,837,3,0.0035842293906810036,0.43
hja2016_015,47,hyporheic,4,134,1550.1,563254.31264732,4898130.73610634,hja2016_193,HJA-2016_soil_12,soil_enriched,1,4669.803963584939,2.2233619874723876,837,2,0.0023894862604540022,0.62
hja2016_016,74,hyporheic,2,373,70,565310.221852481,4897724.75403567,hja2016_193,HJA-2016_soil_12,soil_enriched,1,3248.358045025512,1.6997106600211624,837,1,0.0011947431302270011,0.05
hja2016_018,WS1-5,hyporheic,2,522,87.9,559517.477676657,4895016.87362342,hja2016_193,HJA-2016_soil_12,soil_enriched,1,9462.408946146646,3.2422075125541454,837,11,0.013142174432497013,0.52
hja2016_019,155,hyporheic,2,345,81.2,565811.199727862,4897652.75721525,hja2016_193,HJA-2016_soil_12,soil_enriched,1,3000.7203504714066,1.5853088744886692,837,13,0.015531660692951015,2.8
hja2016_020,WS1-2,hyporheic,2,522,93.6,559354.484874886,4895103.86978142,hja2016_193,HJA-2016_soil_12,soil_enriched,1,9553.311057881005,3.2560008398386224,837,20,0.023894862604540025,1.16
hja2016_021,156,hyporheic,5,24,2575.9,566141.185154761,4897558.76136638,hja2016_193,HJA-2016_soil_12,soil_enriched,1,2916.328627189298,1.5441532992611344,837,5,0.005973715651135006,0.98
hja2016_027,WS3-6,planktonic,2,510,78.4,560819.420179147,4896235.81979127,hja2016_193,HJA-2016_soil_12,soil_enriched,1,7713.5073980948955,2.9473870151632298,837,7,0.008363201911589008,0.63
hja2016_065,68,hyporheic,5,30,3032.2,565145.229139031,4897899.74630751,hja2016_193,HJA-2016_soil_12,soil_enriched,1,3235.27062031254,1.6938863942127111,837,14,0.016726403823178016,1.68
hja2016_066,49,hyporheic,5,40,3399.1,563281.311454976,4898046.73981585,hja2016_193,HJA-2016_soil_12,soil_enriched,1,4682.797380709248,2.2273706156218607,837,18,0.021505376344086023,1.08
hja2016_070,56,hyporheic,3,321,99.5,562839.3309741,4897811.75019367,hja2016_193,HJA-2016_soil_12,soil_enriched,1,5183.268583436593,2.3738621523474746,837,11,0.013142174432497013,0.83
hja2016_071,164,hyporheic,3,502,60.8,560307.442789535,4895737.8417834,hja2016_193,HJA-2016_soil_12,soil_enriched,1,8409.29718608642,3.071985231096674,837,16,0.019115890083632018,0.99
hja2016_075,260,hyporheic,4,23,866.1,566425.172613061,4897456.76587079,hja2016_193,HJA-2016_soil_12,soil_enriched,1,2894.368160252491,1.5332484426673938,837,6,0.007168458781362007,0.99
hja2016_078,CC-1,hyporheic,2,183,64,569956.016680872,4897740.75332909,hja2016_193,HJA-2016_soil_12,soil_enriched,1,3475.6152960934396,1.7972684040357512,837,7,0.008363201911589008,1.18
hja2016_079,64,hyporheic,2,163,33.5,570527.99142083,4895508.85189625,hja2016_193,HJA-2016_soil_12,soil_enriched,1,5571.456354611764,2.478054491110406,837,25,0.02986857825567503,1.88
hja2016_084,177,hyporheic,1,452,14.8,565808.199860345,4901620.58198475,hja2016_193,HJA-2016_soil_12,soil_enriched,1,2205.360285034122,1.1410143650671165,837,10,0.011947431302270013,1.03
hja2016_127,60,sediment,2,316,43.1,567391.129953618,4898693.71124374,hja2016_193,HJA-2016_soil_12,soil_enriched,1,1467.6231152746443,0.5534815325319339,837,55,0.06571087216248507,1.54
hja2016_129,72,sediment,4,16,568.3,566542.167446234,4896499.80813279,hja2016_193,HJA-2016_soil_12,soil_enriched,1,3773.3018240268284,1.9158275050276876,837,85,0.1015531660692951,3.71
hja2016_131,74,sediment,2,373,70,565310.221852481,4897724.75403567,hja2016_193,HJA-2016_soil_12,soil_enriched,1,3248.358045025512,1.6997106600211624,837,90,0.10752688172043011,3.83
hja2016_132,84,sediment,4,112,622.7,566447.171641521,4900685.6232752,hja2016_193,HJA-2016_soil_12,soil_enriched,1,1141.5027718734016,0.1909343628154882,837,126,0.15053763440860216,3.48
hja2016_133,161,sediment,5,51,5699.1,561109.407372482,4897170.77850081,hja2016_193,HJA-2016_soil_12,soil_enriched,1,7019.085147210741,2.8112830049469384,837,211,0.2520908004778972,10.86
hja2016_135,169,sediment,2,144,53.5,568641.074752475,4902527.5419308,hja2016_193,HJA-2016_soil_12,soil_enriched,1,2645.917624946402,1.4037681470545156,837,112,0.13381123058542413,3.74
hja2016_136,190,sediment,1,546,14.2,564169.272240084,4897881.7471024,hja2016_193,HJA-2016_soil_12,soil_enriched,1,4002.4958219943887,2.0008998967849747,837,90,0.10752688172043011,2.91
hja2016_139,CC-2,sediment,2,183,63.6,569992.01509108,4897760.75244588,hja2016_193,HJA-2016_soil_12,soil_enriched,1,3487.7682271539056,1.8023041718104726,837,105,0.12544802867383512,3.82
hja2016_140,CC-3,sediment,2,183,63,570038.013059678,4897795.75090024,hja2016_193,HJA-2016_soil_12,soil_enriched,1,3497.5499889993384,1.8063446773660286,837,96,0.11469534050179211,2.99
hja2016_141,CC-4,sediment,2,183,58.5,570162.007583724,4897831.74931045,hja2016_193,HJA-2016_soil_12,soil_enriched,1,3566.310849022186,1.8344324575332147,837,97,0.11589008363201912,3.36
hja2016_142,KC-1,sediment,3,362,114.7,562012.367495176,4896802.79475203,hja2016_193,HJA-2016_soil_12,soil_enriched,1,6399.128410632148,2.6778754170987207,837,76,0.0908004778972521,2.39
hja2016_144,KC-3,sediment,3,362,114,562000.368025107,4896680.80013966,hja2016_193,HJA-2016_soil_12,soil_enriched,1,6474.076404355397,2.694674391734018,837,59,0.07048984468339307,2.38
hja2016_145,155,sediment,2,345,81.2,565811.199727862,4897652.75721525,hja2016_193,HJA-2016_soil_12,soil_enriched,1,3000.7203504714066,1.5853088744886692,837,98,0.11708482676224612,3.61
hja2016_146,156,sediment,5,24,2575.9,566141.185154761,4897558.76136638,hja2016_193,HJA-2016_soil_12,soil_enriched,1,2916.328627189298,1.5441532992611344,837,75,0.08960573476702509,2.05
hja2016_147,163,sediment,5,63,6126.6,559726.468447026,4896111.82526722,hja2016_193,HJA-2016_soil_12,soil_enriched,1,8729.119376582628,3.125836117185791,837,216,0.25806451612903225,10.43
hja2016_148,165,sediment,2,494,27.9,564789.244860317,4900155.64668049,hja2016_193,HJA-2016_soil_12,soil_enriched,1,2671.061992970397,1.4174134600288362,837,116,0.13859020310633213,4.19
hja2016_150,53,sediment,3,78,280.7,568092.098996817,4898223.73199937,hja2016_193,HJA-2016_soil_12,soil_enriched,1,2036.4552355176897,1.0260601019885496,837,83,0.0991636798088411,2.4
hja2016_151,64,sediment,2,163,33.5,570527.99142083,4895508.85189625,hja2016_193,HJA-2016_soil_12,soil_enriched,1,5571.456354611764,2.478054491110406,837,278,0.3321385902031063,9.72
hja2016_152,66,sediment,4,79,1360.7,567970.104384448,4898153.73509064,hja2016_193,HJA-2016_soil_12,soil_enriched,1,2069.7354805170307,1.0494463979992334,837,76,0.0908004778972521,1.78
hja2016_155,82,sediment,2,536,36.6,564452.259742545,4899854.65997292,hja2016_193,HJA-2016_soil_12,soil_enriched,1,3023.471563517687,1.5962060101570064,837,106,0.12664277180406214,4
hja2016_157,43,sediment,1,538,7.8,567346.131940859,4898257.7304979,hja2016_193,HJA-2016_soil_12,soil_enriched,1,1905.3964401986682,0.9300911986660145,837,73,0.08721624850657109,2.06
hja2016_159,49,sediment,5,40,3399.1,563281.311454976,4898046.73981585,hja2016_193,HJA-2016_soil_12,soil_enriched,1,4682.797380709248,2.2273706156218607,837,73,0.08721624850657109,2.07
hja2016_160,50,sediment,5,41,4956.4,563054.321479503,4898132.73601802,hja2016_193,HJA-2016_soil_12,soil_enriched,1,4849.873830215744,2.277947215982296,837,47,0.056152927120669056,1.02
hja2016_031,161,hyporheic,5,51,5699.1,561109.407372482,4897170.77850081,hja2016_193,HJA-2016_soil_12,soil_enriched,1,7019.085147210741,2.8112830049469384,837,5,0.005973715651135006,1.31
hja2016_032,54,hyporheic,3,363,207.7,561802.376768968,4897363.76997776,hja2016_193,HJA-2016_soil_12,soil_enriched,1,6311.052281473792,2.6578805748898953,837,7,0.008363201911589008,0.78
hja2016_035,192,hyporheic,2,542,28.5,564620.252323511,4897836.74908965,hja2016_193,HJA-2016_soil_12,soil_enriched,1,3669.0609577737937,1.8754108737190274,837,7,0.008363201911589008,1.19
hja2016_037,43,hyporheic,1,538,7.8,567346.131940859,4898257.7304979,hja2016_193,HJA-2016_soil_12,soil_enriched,1,1905.3964401986682,0.9300911986660145,837,0,0,0
hja2016_042,165,planktonic,2,494,27.9,564789.244860317,4900155.64668049,hja2016_193,HJA-2016_soil_12,soil_enriched,1,2671.061992970397,1.4174134600288362,837,1,0.0011947431302270011,0.07
hja2016_043,KC-2,hyporheic,3,362,114.2,561999.368069268,4896735.79771081,hja2016_193,HJA-2016_soil_12,soil_enriched,1,6445.537058127088,2.688300572522711,837,7,0.008363201911589008,1.21
hja2016_049,67,planktonic,4,83,1558.1,567119.141965387,4897968.74326041,hja2016_193,HJA-2016_soil_12,soil_enriched,1,2217.3626446582643,1.1488447390211125,837,2,0.0023894862604540022,0.06
hja2016_050,165,hyporheic,2,494,27.9,564789.244860317,4900155.64668049,hja2016_193,HJA-2016_soil_12,soil_enriched,1,2671.061992970397,1.4174134600288362,837,15,0.017921146953405017,1.1
hja2016_052,163,hyporheic,5,63,6126.6,559726.468447026,4896111.82526722,hja2016_193,HJA-2016_soil_12,soil_enriched,1,8729.119376582628,3.125836117185791,837,16,0.019115890083632018,0.98
hja2016_056,KC-1,hyporheic,3,362,114.7,562012.367495176,4896802.79475203,hja2016_193,HJA-2016_soil_12,soil_enriched,1,6399.128410632148,2.6778754170987207,837,15,0.017921146953405017,0.83
hja2016_057,71,hyporheic,3,556,101.7,562662.338790582,4897988.74237719,hja2016_193,HJA-2016_soil_12,soil_enriched,1,5266.264247586409,2.3967799139243824,837,3,0.0035842293906810036,0.68
hja2016_059,KC-2,planktonic,3,362,114.2,561999.368069268,4896735.79771081,hja2016_193,HJA-2016_soil_12,soil_enriched,1,6445.537058127088,2.688300572522711,837,19,0.022700119474313024,1.57
hja2016_062,WS3-3,hyporheic,2,511,93.4,560639.428128111,4896408.81215143,hja2016_193,HJA-2016_soil_12,soil_enriched,1,7784.184521746783,2.9605459091752677,837,16,0.019115890083632018,1.09
hja2016_064,WS3-4,planktonic,2,510,81.3,560692.425787583,4896348.81480109,hja2016_193,HJA-2016_soil_12,soil_enriched,1,7767.048555850915,2.9573664850227,837,6,0.007168458781362007,0.57
hja2016_099,162,planktonic,5,66,6208.4,559348.485139852,4895468.85366269,hja2016_193,HJA-2016_soil_12,soil_enriched,1,9370.468050117475,3.2281211115684325,837,11,0.013142174432497013,0.34
hja2016_100,64,planktonic,2,163,33.5,570527.99142083,4895508.85189625,hja2016_193,HJA-2016_soil_12,soil_enriched,1,5571.456354611764,2.478054491110406,837,9,0.010752688172043012,0.17
hja2016_101,58,planktonic,3,385,67.2,566998.147308857,4898497.71989928,hja2016_193,HJA-2016_soil_12,soil_enriched,1,1725.04414087562,0.78663327841695,837,17,0.02031063321385902,0.3
hja2016_102,73,hyporheic,2,255,137,566310.177691566,4896786.79545861,hja2016_193,HJA-2016_soil_12,soil_enriched,1,3563.6073069890363,1.8333383673106773,837,12,0.014336917562724014,0.32
hja2016_103,260,planktonic,4,23,866.1,566425.172613061,4897456.76587079,hja2016_193,HJA-2016_soil_12,soil_enriched,1,2894.368160252491,1.5332484426673938,837,30,0.035842293906810034,0.56
hja2016_105,178,planktonic,2,411,19.9,566185.18321168,4901793.57434491,hja2016_193,HJA-2016_soil_12,soil_enriched,1,2072.5508843730527,1.0514075225806065,837,17,0.02031063321385902,0.53
hja2016_106,170,planktonic,2,229,49.4,570659.985591589,4896908.79007097,hja2016_193,HJA-2016_soil_12,soil_enriched,1,4561.403325989067,2.189477741052573,837,6,0.007168458781362007,0.09
hja2016_107,57,hyporheic,4,131,1488.8,563668.294364702,4898599.71539487,hja2016_193,HJA-2016_soil_12,soil_enriched,1,4100.353337288182,2.0357482355817598,837,20,0.023894862604540025,0.43
hja2016_109,169,planktonic,2,144,53.5,568641.074752475,4902527.5419308,hja2016_193,HJA-2016_soil_12,soil_enriched,1,2645.917624946402,1.4037681470545156,837,7,0.008363201911589008,0.42
hja2016_110,76,hyporheic,3,150,303.5,570464.994202967,4896947.7883487,hja2016_193,HJA-2016_soil_12,soil_enriched,1,4398.2453293174785,2.136928078389894,837,10,0.011947431302270013,0.35
hja2016_111,160,planktonic,5,24,2569.5,566416.173010509,4897492.764281,hja2016_193,HJA-2016_soil_12,soil_enriched,1,2864.048282714149,1.5180558140564682,837,14,0.016726403823178016,0.34
hja2016_114,WS1-5,planktonic,2,522,87.9,559517.477676657,4895016.87362342,hja2016_193,HJA-2016_soil_12,soil_enriched,1,9462.408946146646,3.2422075125541454,837,15,0.017921146953405017,0.34
hja2016_116,53,planktonic,3,78,280.7,568092.098996817,4898223.73199937,hja2016_193,HJA-2016_soil_12,soil_enriched,1,2036.4552355176897,1.0260601019885496,837,18,0.021505376344086023,0.42
hja2016_119,56,planktonic,3,321,99.5,562839.3309741,4897811.75019367,hja2016_193,HJA-2016_soil_12,soil_enriched,1,5183.268583436593,2.3738621523474746,837,29,0.03464755077658303,0.66
hja2016_121,84,hyporheic,4,112,622.7,566447.171641521,4900685.6232752,hja2016_193,HJA-2016_soil_12,soil_enriched,1,1141.5027718734016,0.1909343628154882,837,7,0.008363201911589008,0.1
hja2016_122,45,sediment,3,390,193.2,565977.192397151,4897892.74661664,hja2016_193,HJA-2016_soil_12,soil_enriched,1,2709.005680120184,1.4377634185205956,837,70,0.08363201911589008,2.13
hja2016_125,56,sediment,3,321,99.5,562839.3309741,4897811.75019367,hja2016_193,HJA-2016_soil_12,soil_enriched,1,5183.268583436593,2.3738621523474746,837,77,0.09199522102747909,2.15
hja2016_164,260,sediment,4,23,866.1,566425.172613061,4897456.76587079,hja2016_193,HJA-2016_soil_12,soil_enriched,1,2894.368160252491,1.5332484426673938,837,108,0.12903225806451613,3.19
hja2016_166,57,sediment,4,131,1488.8,563668.294364702,4898599.71539487,hja2016_193,HJA-2016_soil_12,soil_enriched,1,4100.353337288182,2.0357482355817598,837,57,0.06810035842293907,1.23
hja2016_167,WS3-1,sediment,2,511,96.4,560508.433913191,4896516.80738205,hja2016_193,HJA-2016_soil_12,soil_enriched,1,7848.514822724774,2.9724196781310184,837,217,0.25925925925925924,10.65
hja2016_169,WS3-2,sediment,2,511,95.7,560554.431881789,4896487.80866272,hja2016_193,HJA-2016_soil_12,soil_enriched,1,7821.373057754974,2.9674218977791718,837,239,0.2855436081242533,10.59
hja2016_170,WS3-3,sediment,2,511,93.4,560639.428128111,4896408.81215143,hja2016_193,HJA-2016_soil_12,soil_enriched,1,7784.184521746783,2.9605459091752677,837,95,0.1135005973715651,2.53
hja2016_177,WS1-3,sediment,2,522,92.1,559404.482666841,4895069.8712829,hja2016_193,HJA-2016_soil_12,soil_enriched,1,9529.042094881454,3.25233119478341,837,121,0.14456391875746716,3.94
hja2016_179,WS1-5,sediment,2,522,87.9,559517.477676657,4895016.87362342,hja2016_193,HJA-2016_soil_12,soil_enriched,1,9462.408946146646,3.2422075125541454,837,89,0.1063321385902031,2.76
hja2016_180,WS1-6,sediment,2,522,82.7,559631.472642313,4894993.87463913,hja2016_193,HJA-2016_soil_12,soil_enriched,1,9379.57260270993,3.229522185214106,837,56,0.06690561529271206,1.27
hja2016_181,177,sediment,1,452,14.8,565808.199860345,4901620.58198475,hja2016_193,HJA-2016_soil_12,soil_enriched,1,2205.360285034122,1.1410143650671165,837,101,0.12066905615292713,2.53
hja2016_001,50,planktonic,5,41,4956.4,563054.321479503,4898132.73601802,hja2016_194,HJA-2016_soil_13,soil_detected,1,2941.905042101549,1.5567506804812168,2839,55,0.019373018668545263,15.43
hja2016_008,WS3-1,hyporheic,2,511,96.4,560508.433913191,4896516.80738205,hja2016_194,HJA-2016_soil_13,soil_detected,1,5642.343480235059,2.4962944933159745,2839,204,0.0718562874251497,30.51
hja2016_009,60,hyporheic,2,316,43.1,567391.129953618,4898693.71124374,hja2016_194,HJA-2016_soil_13,soil_detected,1,1627.261606199983,0.7024462040700689,2839,176,0.06199365973934484,31.59
hja2016_010,164,planktonic,3,502,60.8,560307.442789535,4895737.8417834,hja2016_194,HJA-2016_soil_13,soil_detected,1,6066.3358915277595,2.6008253818436105,2839,38,0.013384994716449454,13.9
hja2016_011,WS1-6,planktonic,2,522,82.7,559631.472642313,4894993.87463913,hja2016_194,HJA-2016_soil_13,soil_detected,1,6976.115962077639,2.80242402184131,2839,312,0.10989785135611131,27.18
hja2016_013,WS1-4,planktonic,2,522,89.8,559453.480502956,4895042.87247524,hja2016_194,HJA-2016_soil_13,soil_detected,1,7118.965691379154,2.8316676484511594,2839,190,0.06692497358224728,22.99
hja2016_014,WS1-6,hyporheic,2,522,82.7,559631.472642313,4894993.87463913,hja2016_194,HJA-2016_soil_13,soil_detected,1,6976.115962077639,2.80242402184131,2839,142,0.05001761183515322,24.08
hja2016_015,47,hyporheic,4,134,1550.1,563254.31264732,4898130.73610634,hja2016_194,HJA-2016_soil_13,soil_detected,1,2742.552356261057,1.4555191624323682,2839,81,0.028531172948221203,18.77
hja2016_016,74,hyporheic,2,373,70,565310.221852481,4897724.75403567,hja2016_194,HJA-2016_soil_13,soil_detected,1,691.1791434110165,-0.5328684105912409,2839,47,0.01655512504402959,8.36
hja2016_018,WS1-5,hyporheic,2,522,87.9,559517.477676657,4895016.87362342,hja2016_194,HJA-2016_soil_13,soil_detected,1,7070.764889003563,2.8218662888513326,2839,206,0.07256076083127862,12.79
hja2016_019,155,hyporheic,2,345,81.2,565811.199727862,4897652.75721525,hja2016_194,HJA-2016_soil_13,soil_detected,1,281.96717029760634,-1.8264008968235914,2839,181,0.06375484325466714,28.04
hja2016_020,WS1-2,hyporheic,2,522,93.6,559354.484874886,4895103.86978142,hja2016_194,HJA-2016_soil_13,soil_detected,1,7186.158212151722,2.8452206984035415,2839,346,0.12187389926030293,26.09
hja2016_021,156,hyporheic,5,24,2575.9,566141.185154761,4897558.76136638,hja2016_194,HJA-2016_soil_13,soil_detected,1,352.62821179016294,-1.503780193735818,2839,87,0.03064459316660796,21.71
hja2016_027,WS3-6,planktonic,2,510,78.4,560819.420179147,4896235.81979127,hja2016_194,HJA-2016_soil_13,soil_detected,1,5419.288574085166,2.4381034718733203,2839,133,0.04684748150757309,16.34
hja2016_065,68,hyporheic,5,30,3032.2,565145.229139031,4897899.74630751,hja2016_194,HJA-2016_soil_13,soil_detected,1,840.0424818821426,-0.25146580645911043,2839,225,0.07925325818950335,28.19
hja2016_066,49,hyporheic,5,40,3399.1,563281.311454976,4898046.73981585,hja2016_194,HJA-2016_soil_13,soil_detected,1,2709.049317179838,1.4377866574761229,2839,250,0.08805917576611483,24.51
hja2016_070,56,hyporheic,3,321,99.5,562839.3309741,4897811.75019367,hja2016_194,HJA-2016_soil_13,soil_detected,1,3146.205293638957,1.653612811393052,2839,100,0.03522367030644593,13.52
hja2016_071,164,hyporheic,3,502,60.8,560307.442789535,4895737.8417834,hja2016_194,HJA-2016_soil_13,soil_detected,1,6066.3358915277595,2.6008253818436105,2839,341,0.12011271574498063,28.54
hja2016_075,260,hyporheic,4,23,866.1,566425.172613061,4897456.76587079,hja2016_194,HJA-2016_soil_13,soil_detected,1,607.1618681870806,-0.7198469074028409,2839,177,0.0623458964424093,27.92
hja2016_078,CC-1,hyporheic,2,183,64,569956.016680872,4897740.75332909,hja2016_194,HJA-2016_soil_13,soil_detected,1,3973.377580052826,1.9903658956124288,2839,176,0.06199365973934484,25.12
hja2016_079,64,hyporheic,2,163,33.5,570527.99142083,4895508.85189625,hja2016_194,HJA-2016_soil_13,soil_detected,1,5122.272682041751,2.356784056246202,2839,187,0.0658682634730539,23.41
hja2016_084,177,hyporheic,1,452,14.8,565808.199860345,4901620.58198475,hja2016_194,HJA-2016_soil_13,soil_detected,1,3749.880942035897,1.9068447910588913,2839,150,0.0528355054596689,27.83
hja2016_127,60,sediment,2,316,43.1,567391.129953618,4898693.71124374,hja2016_194,HJA-2016_soil_13,soil_detected,1,1627.261606199983,0.7024462040700689,2839,1009,0.35540683339203943,51.92
hja2016_129,72,sediment,4,16,568.3,566542.167446234,4896499.80813279,hja2016_194,HJA-2016_soil_13,soil_detected,1,1483.6878335333088,0.5691875822633908,2839,1080,0.3804156393096161,54.99
hja2016_131,74,sediment,2,373,70,565310.221852481,4897724.75403567,hja2016_194,HJA-2016_soil_13,soil_detected,1,691.1791434110165,-0.5328684105912409,2839,1174,0.41352588939767526,53.11
hja2016_132,84,sediment,4,112,622.7,566447.171641521,4900685.6232752,hja2016_194,HJA-2016_soil_13,soil_detected,1,2848.516237653659,1.5102106301564833,2839,1135,0.3997886579781613,57.49
hja2016_133,161,sediment,5,51,5699.1,561109.407372482,4897170.77850081,hja2016_194,HJA-2016_soil_13,soil_detected,1,4926.073371582875,2.300438116271798,2839,907,0.3194786896794646,52.5
hja2016_135,169,sediment,2,144,53.5,568641.074752475,4902527.5419308,hja2016_194,HJA-2016_soil_13,soil_detected,1,5357.483985981573,2.421555632558473,2839,1081,0.38076787601268053,60.93
hja2016_136,190,sediment,1,546,14.2,564169.272240084,4897881.7471024,hja2016_194,HJA-2016_soil_13,soil_detected,1,1815.6439058701772,0.8604812810373134,2839,921,0.32441000352236704,51.02
hja2016_139,CC-2,sediment,2,183,63.6,569992.01509108,4897760.75244588,hja2016_194,HJA-2016_soil_13,soil_detected,1,4008.736521257273,2.003147597841108,2839,1287,0.45332863684395913,61.25
hja2016_140,CC-3,sediment,2,183,63,570038.013059678,4897795.75090024,hja2016_194,HJA-2016_soil_13,soil_detected,1,4053.88203817227,2.019304109174844,2839,925,0.3258189503346249,51.03
hja2016_141,CC-4,sediment,2,183,58.5,570162.007583724,4897831.74931045,hja2016_194,HJA-2016_soil_13,soil_detected,1,4177.327004173797,2.0625800831306464,2839,915,0.32229658330398026,52.42
hja2016_142,KC-1,sediment,3,362,114.7,562012.367495176,4896802.79475203,hja2016_194,HJA-2016_soil_13,soil_detected,1,4114.653989453545,2.0407711162634774,2839,988,0.3480098626276858,50.49
hja2016_144,KC-3,sediment,3,362,114,562000.368025107,4896680.80013966,hja2016_194,HJA-2016_soil_13,soil_detected,1,4159.605122121114,2.056446577549666,2839,898,0.31630855935188446,51.71
hja2016_145,155,sediment,2,345,81.2,565811.199727862,4897652.75721525,hja2016_194,HJA-2016_soil_13,soil_detected,1,281.96717029760634,-1.8264008968235914,2839,1116,0.3930961606199366,55.15
hja2016_146,156,sediment,5,24,2575.9,566141.185154761,4897558.76136638,hja2016_194,HJA-2016_soil_13,soil_detected,1,352.62821179016294,-1.503780193735818,2839,846,0.2979922507925326,49.9
hja2016_147,163,sediment,5,63,6126.6,559726.468447026,4896111.82526722,hja2016_194,HJA-2016_soil_13,soil_detected,1,6502.0242611345475,2.7008889391954782,2839,968,0.3409651285663966,52.41
hja2016_148,165,sediment,2,494,27.9,564789.244860317,4900155.64668049,hja2016_194,HJA-2016_soil_13,soil_detected,1,2575.1807695924804,1.3646737085059113,2839,1262,0.44452271926734765,61.48
hja2016_150,53,sediment,3,78,280.7,568092.098996817,4898223.73199937,hja2016_194,HJA-2016_soil_13,soil_detected,1,2135.8795636096365,1.0948302997025479,2839,1027,0.36174709404719974,52.13
hja2016_151,64,sediment,2,163,33.5,570527.99142083,4895508.85189625,hja2016_194,HJA-2016_soil_13,soil_detected,1,5122.272682041751,2.356784056246202,2839,1027,0.36174709404719974,47.1
hja2016_152,66,sediment,4,79,1360.7,567970.104384448,4898153.73509064,hja2016_194,HJA-2016_soil_13,soil_detected,1,2004.6924168111584,1.0033808986343082,2839,894,0.3148996125396266,45.85
hja2016_155,82,sediment,2,536,36.6,564452.259742545,4899854.65997292,hja2016_194,HJA-2016_soil_13,soil_detected,1,2503.712666748999,1.324069003947064,2839,1303,0.4589644240929905,60.6
hja2016_157,43,sediment,1,538,7.8,567346.131940859,4898257.7304979,hja2016_194,HJA-2016_soil_13,soil_detected,1,1414.0468962039336,0.4998299672469823,2839,1014,0.3571680169073618,51.56
hja2016_159,49,sediment,5,40,3399.1,563281.311454976,4898046.73981585,hja2016_194,HJA-2016_soil_13,soil_detected,1,2709.049317179838,1.4377866574761229,2839,1087,0.38288129623106726,57.06
hja2016_160,50,sediment,5,41,4956.4,563054.321479503,4898132.73601802,hja2016_194,HJA-2016_soil_13,soil_detected,1,2941.905042101549,1.5567506804812168,2839,718,0.2529059528002818,37.69
hja2016_031,161,hyporheic,5,51,5699.1,561109.407372482,4897170.77850081,hja2016_194,HJA-2016_soil_13,soil_detected,1,4926.073371582875,2.300438116271798,2839,52,0.018316308559351884,16.86
hja2016_032,54,hyporheic,3,363,207.7,561802.376768968,4897363.76997776,hja2016_194,HJA-2016_soil_13,soil_detected,1,4213.63814771205,2.075066425945372,2839,87,0.03064459316660796,20.88
hja2016_035,192,hyporheic,2,542,28.5,564620.252323511,4897836.74908965,hja2016_194,HJA-2016_soil_13,soil_detected,1,1365.1830348467006,0.4490943912644679,2839,90,0.03170130327580134,19.38
hja2016_037,43,hyporheic,1,538,7.8,567346.131940859,4898257.7304979,hja2016_194,HJA-2016_soil_13,soil_detected,1,1414.0468962039336,0.4998299672469823,2839,84,0.029587883057414582,23.14
hja2016_042,165,planktonic,2,494,27.9,564789.244860317,4900155.64668049,hja2016_194,HJA-2016_soil_13,soil_detected,1,2575.1807695924804,1.3646737085059113,2839,38,0.013384994716449454,11.35
hja2016_043,KC-2,hyporheic,3,362,114.2,561999.368069268,4896735.79771081,hja2016_194,HJA-2016_soil_13,soil_detected,1,4145.113714053554,2.0514116801168862,2839,120,0.042268404367735116,27.55
hja2016_049,67,planktonic,4,83,1558.1,567119.141965387,4897968.74326041,hja2016_194,HJA-2016_soil_13,soil_detected,1,1138.117126066273,0.18664903611529493,2839,41,0.014441704825642832,12.52
hja2016_050,165,hyporheic,2,494,27.9,564789.244860317,4900155.64668049,hja2016_194,HJA-2016_soil_13,soil_detected,1,2575.1807695924804,1.3646737085059113,2839,206,0.07256076083127862,23.24
hja2016_052,163,hyporheic,5,63,6126.6,559726.468447026,4896111.82526722,hja2016_194,HJA-2016_soil_13,soil_detected,1,6502.0242611345475,2.7008889391954782,2839,229,0.08066220500176119,23
hja2016_056,KC-1,hyporheic,3,362,114.7,562012.367495176,4896802.79475203,hja2016_194,HJA-2016_soil_13,soil_detected,1,4114.653989453545,2.0407711162634774,2839,281,0.09897851356111306,21.21
hja2016_057,71,hyporheic,3,556,101.7,562662.338790582,4897988.74237719,hja2016_194,HJA-2016_soil_13,soil_detected,1,3324.5152011471287,1.7331439743296853,2839,66,0.023247622402254316,10.26
hja2016_059,KC-2,planktonic,3,362,114.2,561999.368069268,4896735.79771081,hja2016_194,HJA-2016_soil_13,soil_detected,1,4145.113714053554,2.0514116801168862,2839,263,0.0926382529059528,29.03
hja2016_062,WS3-3,hyporheic,2,511,93.4,560639.428128111,4896408.81215143,hja2016_194,HJA-2016_soil_13,soil_detected,1,5542.8709794224105,2.4706334266193326,2839,312,0.10989785135611131,20.44
hja2016_064,WS3-4,planktonic,2,510,81.3,560692.425787583,4896348.81480109,hja2016_194,HJA-2016_soil_13,soil_detected,1,5508.098635548978,2.4615543945751353,2839,147,0.05177879535047552,25.92
hja2016_099,162,planktonic,5,66,6208.4,559348.485139852,4895468.85366269,hja2016_194,HJA-2016_soil_13,soil_detected,1,7059.103496162055,2.8194849733311313,2839,131,0.04614300810144417,5.49
hja2016_100,64,planktonic,2,163,33.5,570527.99142083,4895508.85189625,hja2016_194,HJA-2016_soil_13,soil_detected,1,5122.272682041751,2.356784056246202,2839,79,0.027826699542092288,3.11
hja2016_101,58,planktonic,3,385,67.2,566998.147308857,4898497.71989928,hja2016_194,HJA-2016_soil_13,soil_detected,1,1189.373752770442,0.25020214362670307,2839,125,0.044029587883057414,5.49
hja2016_102,73,hyporheic,2,255,137,566310.177691566,4896786.79545861,hja2016_194,HJA-2016_soil_13,soil_detected,1,1135.6507238819083,0.18351919364181954,2839,126,0.044381824586121874,5.08
hja2016_103,260,planktonic,4,23,866.1,566425.172613061,4897456.76587079,hja2016_194,HJA-2016_soil_13,soil_detected,1,607.1618681870806,-0.7198469074028409,2839,276,0.09721733004579076,11.64
hja2016_105,178,planktonic,2,411,19.9,566185.18321168,4901793.57434491,hja2016_194,HJA-2016_soil_13,soil_detected,1,3923.8223424059493,1.9722597226141956,2839,135,0.04755195491370201,5.44
hja2016_106,170,planktonic,2,229,49.4,570659.985591589,4896908.79007097,hja2016_194,HJA-2016_soil_13,soil_detected,1,4773.855910914637,2.25515502227515,2839,72,0.02536104262064107,1.89
hja2016_107,57,hyporheic,4,131,1488.8,563668.294364702,4898599.71539487,hja2016_194,HJA-2016_soil_13,soil_detected,1,2427.3610597989937,1.2793887193002396,2839,165,0.058119056005635786,5.38
hja2016_109,169,planktonic,2,144,53.5,568641.074752475,4902527.5419308,hja2016_194,HJA-2016_soil_13,soil_detected,1,5357.483985981573,2.421555632558473,2839,107,0.03768932722789715,6.23
hja2016_110,76,hyporheic,3,150,303.5,570464.994202967,4896947.7883487,hja2016_194,HJA-2016_soil_13,soil_detected,1,4575.007154777444,2.1937739996051757,2839,108,0.03804156393096161,5.56
hja2016_111,160,planktonic,5,24,2569.5,566416.173010509,4897492.764281,hja2016_194,HJA-2016_soil_13,soil_detected,1,576.1909246036323,-0.7953811576322817,2839,146,0.05142655864741106,5.94
hja2016_114,WS1-5,planktonic,2,522,87.9,559517.477676657,4895016.87362342,hja2016_194,HJA-2016_soil_13,soil_detected,1,7070.764889003563,2.8218662888513326,2839,160,0.05635787249031349,6.3
hja2016_116,53,planktonic,3,78,280.7,568092.098996817,4898223.73199937,hja2016_194,HJA-2016_soil_13,soil_detected,1,2135.8795636096365,1.0948302997025479,2839,160,0.05635787249031349,5.97
hja2016_119,56,planktonic,3,321,99.5,562839.3309741,4897811.75019367,hja2016_194,HJA-2016_soil_13,soil_detected,1,3146.205293638957,1.653612811393052,2839,280,0.0986262768580486,10.9
hja2016_121,84,hyporheic,4,112,622.7,566447.171641521,4900685.6232752,hja2016_194,HJA-2016_soil_13,soil_detected,1,2848.516237653659,1.5102106301564833,2839,65,0.022895385699189856,1.72
hja2016_122,45,sediment,3,390,193.2,565977.192397151,4897892.74661664,hja2016_194,HJA-2016_soil_13,soil_detected,1,19.471690301085165,-5.682478062617111,2839,1161,0.40894681225783724,60.48
hja2016_125,56,sediment,3,321,99.5,562839.3309741,4897811.75019367,hja2016_194,HJA-2016_soil_13,soil_detected,1,3146.205293638957,1.653612811393052,2839,1188,0.41845720324057767,61.66
hja2016_164,260,sediment,4,23,866.1,566425.172613061,4897456.76587079,hja2016_194,HJA-2016_soil_13,soil_detected,1,607.1618681870806,-0.7198469074028409,2839,1050,0.36984853821768227,54.81
hja2016_166,57,sediment,4,131,1488.8,563668.294364702,4898599.71539487,hja2016_194,HJA-2016_soil_13,soil_detected,1,2427.3610597989937,1.2793887193002396,2839,765,0.2694610778443114,36.52
hja2016_167,WS3-1,sediment,2,511,96.4,560508.433913191,4896516.80738205,hja2016_194,HJA-2016_soil_13,soil_detected,1,5642.343480235059,2.4962944933159745,2839,958,0.33744276153575203,54.63
hja2016_169,WS3-2,sediment,2,511,95.7,560554.431881789,4896487.80866272,hja2016_194,HJA-2016_soil_13,soil_detected,1,5604.814692137714,2.4866666750550754,2839,997,0.3511799929552659,54.16
hja2016_170,WS3-3,sediment,2,511,93.4,560639.428128111,4896408.81215143,hja2016_194,HJA-2016_soil_13,soil_detected,1,5542.8709794224105,2.4706334266193326,2839,1201,0.42303628038041563,51.78
hja2016_177,WS1-3,sediment,2,522,92.1,559404.482666841,4895069.8712829,hja2016_194,HJA-2016_soil_13,soil_detected,1,7153.316185736077,2.838612211903254,2839,1142,0.40225431489961255,62.01
hja2016_179,WS1-5,sediment,2,522,87.9,559517.477676657,4895016.87362342,hja2016_194,HJA-2016_soil_13,soil_detected,1,7070.764889003563,2.8218662888513326,2839,877,0.3089115885875308,55.42
hja2016_180,WS1-6,sediment,2,522,82.7,559631.472642313,4894993.87463913,hja2016_194,HJA-2016_soil_13,soil_detected,1,6976.115962077639,2.80242402184131,2839,807,0.28425501937301867,39.02
hja2016_181,177,sediment,1,452,14.8,565808.199860345,4901620.58198475,hja2016_194,HJA-2016_soil_13,soil_detected,1,3749.880942035897,1.9068447910588913,2839,1231,0.4336033814723494,52.47
hja2016_001,50,planktonic,5,41,4956.4,563054.321479503,4898132.73601802,hja2016_194,HJA-2016_soil_13,soil_enriched,1,2941.905042101549,1.5567506804812168,609,2,0.003284072249589491,0.53
hja2016_008,WS3-1,hyporheic,2,511,96.4,560508.433913191,4896516.80738205,hja2016_194,HJA-2016_soil_13,soil_enriched,1,5642.343480235059,2.4962944933159745,609,11,0.0180623973727422,1.01
hja2016_009,60,hyporheic,2,316,43.1,567391.129953618,4898693.71124374,hja2016_194,HJA-2016_soil_13,soil_enriched,1,1627.261606199983,0.7024462040700689,609,7,0.011494252873563218,0.62
hja2016_010,164,planktonic,3,502,60.8,560307.442789535,4895737.8417834,hja2016_194,HJA-2016_soil_13,soil_enriched,1,6066.3358915277595,2.6008253818436105,609,0,0,0
hja2016_011,WS1-6,planktonic,2,522,82.7,559631.472642313,4894993.87463913,hja2016_194,HJA-2016_soil_13,soil_enriched,1,6976.115962077639,2.80242402184131,609,18,0.029556650246305417,1.14
hja2016_013,WS1-4,planktonic,2,522,89.8,559453.480502956,4895042.87247524,hja2016_194,HJA-2016_soil_13,soil_enriched,1,7118.965691379154,2.8316676484511594,609,9,0.014778325123152709,0.78
hja2016_014,WS1-6,hyporheic,2,522,82.7,559631.472642313,4894993.87463913,hja2016_194,HJA-2016_soil_13,soil_enriched,1,6976.115962077639,2.80242402184131,609,2,0.003284072249589491,0.41
hja2016_015,47,hyporheic,4,134,1550.1,563254.31264732,4898130.73610634,hja2016_194,HJA-2016_soil_13,soil_enriched,1,2742.552356261057,1.4555191624323682,609,2,0.003284072249589491,0.62
hja2016_016,74,hyporheic,2,373,70,565310.221852481,4897724.75403567,hja2016_194,HJA-2016_soil_13,soil_enriched,1,691.1791434110165,-0.5328684105912409,609,2,0.003284072249589491,0.21
hja2016_018,WS1-5,hyporheic,2,522,87.9,559517.477676657,4895016.87362342,hja2016_194,HJA-2016_soil_13,soil_enriched,1,7070.764889003563,2.8218662888513326,609,13,0.021346469622331693,0.59
hja2016_019,155,hyporheic,2,345,81.2,565811.199727862,4897652.75721525,hja2016_194,HJA-2016_soil_13,soil_enriched,1,281.96717029760634,-1.8264008968235914,609,10,0.016420361247947456,2
hja2016_020,WS1-2,hyporheic,2,522,93.6,559354.484874886,4895103.86978142,hja2016_194,HJA-2016_soil_13,soil_enriched,1,7186.158212151722,2.8452206984035415,609,23,0.03776683087027915,1.34
hja2016_021,156,hyporheic,5,24,2575.9,566141.185154761,4897558.76136638,hja2016_194,HJA-2016_soil_13,soil_enriched,1,352.62821179016294,-1.503780193735818,609,4,0.006568144499178982,0.67
hja2016_027,WS3-6,planktonic,2,510,78.4,560819.420179147,4896235.81979127,hja2016_194,HJA-2016_soil_13,soil_enriched,1,5419.288574085166,2.4381034718733203,609,7,0.011494252873563218,0.64
hja2016_065,68,hyporheic,5,30,3032.2,565145.229139031,4897899.74630751,hja2016_194,HJA-2016_soil_13,soil_enriched,1,840.0424818821426,-0.25146580645911043,609,16,0.026272577996715927,1.45
hja2016_066,49,hyporheic,5,40,3399.1,563281.311454976,4898046.73981585,hja2016_194,HJA-2016_soil_13,soil_enriched,1,2709.049317179838,1.4377866574761229,609,21,0.034482758620689655,1.32
hja2016_070,56,hyporheic,3,321,99.5,562839.3309741,4897811.75019367,hja2016_194,HJA-2016_soil_13,soil_enriched,1,3146.205293638957,1.653612811393052,609,9,0.014778325123152709,0.92
hja2016_071,164,hyporheic,3,502,60.8,560307.442789535,4895737.8417834,hja2016_194,HJA-2016_soil_13,soil_enriched,1,6066.3358915277595,2.6008253818436105,609,19,0.031198686371100164,1.13
hja2016_075,260,hyporheic,4,23,866.1,566425.172613061,4897456.76587079,hja2016_194,HJA-2016_soil_13,soil_enriched,1,607.1618681870806,-0.7198469074028409,609,8,0.013136288998357963,1.17
hja2016_078,CC-1,hyporheic,2,183,64,569956.016680872,4897740.75332909,hja2016_194,HJA-2016_soil_13,soil_enriched,1,3973.377580052826,1.9903658956124288,609,9,0.014778325123152709,1.31
hja2016_079,64,hyporheic,2,163,33.5,570527.99142083,4895508.85189625,hja2016_194,HJA-2016_soil_13,soil_enriched,1,5122.272682041751,2.356784056246202,609,22,0.0361247947454844,1.68
hja2016_084,177,hyporheic,1,452,14.8,565808.199860345,4901620.58198475,hja2016_194,HJA-2016_soil_13,soil_enriched,1,3749.880942035897,1.9068447910588913,609,11,0.0180623973727422,1.14
hja2016_127,60,sediment,2,316,43.1,567391.129953618,4898693.71124374,hja2016_194,HJA-2016_soil_13,soil_enriched,1,1627.261606199983,0.7024462040700689,609,68,0.1116584564860427,1.92
hja2016_129,72,sediment,4,16,568.3,566542.167446234,4896499.80813279,hja2016_194,HJA-2016_soil_13,soil_enriched,1,1483.6878335333088,0.5691875822633908,609,120,0.19704433497536947,4.49
hja2016_131,74,sediment,2,373,70,565310.221852481,4897724.75403567,hja2016_194,HJA-2016_soil_13,soil_enriched,1,691.1791434110165,-0.5328684105912409,609,132,0.21674876847290642,4.64
hja2016_132,84,sediment,4,112,622.7,566447.171641521,4900685.6232752,hja2016_194,HJA-2016_soil_13,soil_enriched,1,2848.516237653659,1.5102106301564833,609,164,0.26929392446633826,4.47
hja2016_133,161,sediment,5,51,5699.1,561109.407372482,4897170.77850081,hja2016_194,HJA-2016_soil_13,soil_enriched,1,4926.073371582875,2.300438116271798,609,188,0.30870279146141216,10.47
hja2016_135,169,sediment,2,144,53.5,568641.074752475,4902527.5419308,hja2016_194,HJA-2016_soil_13,soil_enriched,1,5357.483985981573,2.421555632558473,609,152,0.24958949096880131,5.03
hja2016_136,190,sediment,1,546,14.2,564169.272240084,4897881.7471024,hja2016_194,HJA-2016_soil_13,soil_enriched,1,1815.6439058701772,0.8604812810373134,609,102,0.16748768472906403,2.96
hja2016_139,CC-2,sediment,2,183,63.6,569992.01509108,4897760.75244588,hja2016_194,HJA-2016_soil_13,soil_enriched,1,4008.736521257273,2.003147597841108,609,161,0.26436781609195403,5.65
hja2016_140,CC-3,sediment,2,183,63,570038.013059678,4897795.75090024,hja2016_194,HJA-2016_soil_13,soil_enriched,1,4053.88203817227,2.019304109174844,609,90,0.1477832512315271,2.74
hja2016_141,CC-4,sediment,2,183,58.5,570162.007583724,4897831.74931045,hja2016_194,HJA-2016_soil_13,soil_enriched,1,4177.327004173797,2.0625800831306464,609,100,0.16420361247947454,3.42
hja2016_142,KC-1,sediment,3,362,114.7,562012.367495176,4896802.79475203,hja2016_194,HJA-2016_soil_13,soil_enriched,1,4114.653989453545,2.0407711162634774,609,115,0.18883415435139572,3.15
hja2016_144,KC-3,sediment,3,362,114,562000.368025107,4896680.80013966,hja2016_194,HJA-2016_soil_13,soil_enriched,1,4159.605122121114,2.056446577549666,609,91,0.14942528735632185,3.17
hja2016_145,155,sediment,2,345,81.2,565811.199727862,4897652.75721525,hja2016_194,HJA-2016_soil_13,soil_enriched,1,281.96717029760634,-1.8264008968235914,609,127,0.20853858784893267,4.4
hja2016_146,156,sediment,5,24,2575.9,566141.185154761,4897558.76136638,hja2016_194,HJA-2016_soil_13,soil_enriched,1,352.62821179016294,-1.503780193735818,609,77,0.12643678160919541,2.15
hja2016_147,163,sediment,5,63,6126.6,559726.468447026,4896111.82526722,hja2016_194,HJA-2016_soil_13,soil_enriched,1,6502.0242611345475,2.7008889391954782,609,194,0.3185550082101806,9.93
hja2016_148,165,sediment,2,494,27.9,564789.244860317,4900155.64668049,hja2016_194,HJA-2016_soil_13,soil_enriched,1,2575.1807695924804,1.3646737085059113,609,169,0.277504105090312,6
hja2016_150,53,sediment,3,78,280.7,568092.098996817,4898223.73199937,hja2016_194,HJA-2016_soil_13,soil_enriched,1,2135.8795636096365,1.0948302997025479,609,106,0.17405582922824303,2.88
hja2016_151,64,sediment,2,163,33.5,570527.99142083,4895508.85189625,hja2016_194,HJA-2016_soil_13,soil_enriched,1,5122.272682041751,2.356784056246202,609,219,0.35960591133004927,9.15
hja2016_152,66,sediment,4,79,1360.7,567970.104384448,4898153.73509064,hja2016_194,HJA-2016_soil_13,soil_enriched,1,2004.6924168111584,1.0033808986343082,609,102,0.16748768472906403,2.18
hja2016_155,82,sediment,2,536,36.6,564452.259742545,4899854.65997292,hja2016_194,HJA-2016_soil_13,soil_enriched,1,2503.712666748999,1.324069003947064,609,165,0.270935960591133,5.96
hja2016_157,43,sediment,1,538,7.8,567346.131940859,4898257.7304979,hja2016_194,HJA-2016_soil_13,soil_enriched,1,1414.0468962039336,0.4998299672469823,609,99,0.1625615763546798,2.57
hja2016_159,49,sediment,5,40,3399.1,563281.311454976,4898046.73981585,hja2016_194,HJA-2016_soil_13,soil_enriched,1,2709.049317179838,1.4377866574761229,609,96,0.15763546798029557,2.79
hja2016_160,50,sediment,5,41,4956.4,563054.321479503,4898132.73601802,hja2016_194,HJA-2016_soil_13,soil_enriched,1,2941.905042101549,1.5567506804812168,609,55,0.090311986863711,1.15
hja2016_031,161,hyporheic,5,51,5699.1,561109.407372482,4897170.77850081,hja2016_194,HJA-2016_soil_13,soil_enriched,1,4926.073371582875,2.300438116271798,609,4,0.006568144499178982,1.29
hja2016_032,54,hyporheic,3,363,207.7,561802.376768968,4897363.76997776,hja2016_194,HJA-2016_soil_13,soil_enriched,1,4213.63814771205,2.075066425945372,609,7,0.011494252873563218,0.81
hja2016_035,192,hyporheic,2,542,28.5,564620.252323511,4897836.74908965,hja2016_194,HJA-2016_soil_13,soil_enriched,1,1365.1830348467006,0.4490943912644679,609,4,0.006568144499178982,0.67
hja2016_037,43,hyporheic,1,538,7.8,567346.131940859,4898257.7304979,hja2016_194,HJA-2016_soil_13,soil_enriched,1,1414.0468962039336,0.4998299672469823,609,0,0,0
hja2016_042,165,planktonic,2,494,27.9,564789.244860317,4900155.64668049,hja2016_194,HJA-2016_soil_13,soil_enriched,1,2575.1807695924804,1.3646737085059113,609,1,0.0016420361247947454,0.07
hja2016_043,KC-2,hyporheic,3,362,114.2,561999.368069268,4896735.79771081,hja2016_194,HJA-2016_soil_13,soil_enriched,1,4145.113714053554,2.0514116801168862,609,7,0.011494252873563218,1.21
hja2016_049,67,planktonic,4,83,1558.1,567119.141965387,4897968.74326041,hja2016_194,HJA-2016_soil_13,soil_enriched,1,1138.117126066273,0.18664903611529493,609,3,0.0049261083743842365,0.07
hja2016_050,165,hyporheic,2,494,27.9,564789.244860317,4900155.64668049,hja2016_194,HJA-2016_soil_13,soil_enriched,1,2575.1807695924804,1.3646737085059113,609,12,0.019704433497536946,0.93
hja2016_052,163,hyporheic,5,63,6126.6,559726.468447026,4896111.82526722,hja2016_194,HJA-2016_soil_13,soil_enriched,1,6502.0242611345475,2.7008889391954782,609,17,0.027914614121510674,1.05
hja2016_056,KC-1,hyporheic,3,362,114.7,562012.367495176,4896802.79475203,hja2016_194,HJA-2016_soil_13,soil_enriched,1,4114.653989453545,2.0407711162634774,609,13,0.021346469622331693,0.72
hja2016_057,71,hyporheic,3,556,101.7,562662.338790582,4897988.74237719,hja2016_194,HJA-2016_soil_13,soil_enriched,1,3324.5152011471287,1.7331439743296853,609,3,0.0049261083743842365,0.68
hja2016_059,KC-2,planktonic,3,362,114.2,561999.368069268,4896735.79771081,hja2016_194,HJA-2016_soil_13,soil_enriched,1,4145.113714053554,2.0514116801168862,609,20,0.03284072249589491,1.43
hja2016_062,WS3-3,hyporheic,2,511,93.4,560639.428128111,4896408.81215143,hja2016_194,HJA-2016_soil_13,soil_enriched,1,5542.8709794224105,2.4706334266193326,609,18,0.029556650246305417,0.82
hja2016_064,WS3-4,planktonic,2,510,81.3,560692.425787583,4896348.81480109,hja2016_194,HJA-2016_soil_13,soil_enriched,1,5508.098635548978,2.4615543945751353,609,10,0.016420361247947456,1.13
hja2016_099,162,planktonic,5,66,6208.4,559348.485139852,4895468.85366269,hja2016_194,HJA-2016_soil_13,soil_enriched,1,7059.103496162055,2.8194849733311313,609,13,0.021346469622331693,0.36
hja2016_100,64,planktonic,2,163,33.5,570527.99142083,4895508.85189625,hja2016_194,HJA-2016_soil_13,soil_enriched,1,5122.272682041751,2.356784056246202,609,9,0.014778325123152709,0.17
hja2016_101,58,planktonic,3,385,67.2,566998.147308857,4898497.71989928,hja2016_194,HJA-2016_soil_13,soil_enriched,1,1189.373752770442,0.25020214362670307,609,13,0.021346469622331693,0.28
hja2016_102,73,hyporheic,2,255,137,566310.177691566,4896786.79545861,hja2016_194,HJA-2016_soil_13,soil_enriched,1,1135.6507238819083,0.18351919364181954,609,15,0.024630541871921183,0.37
hja2016_103,260,planktonic,4,23,866.1,566425.172613061,4897456.76587079,hja2016_194,HJA-2016_soil_13,soil_enriched,1,607.1618681870806,-0.7198469074028409,609,47,0.07717569786535304,0.97
hja2016_105,178,planktonic,2,411,19.9,566185.18321168,4901793.57434491,hja2016_194,HJA-2016_soil_13,soil_enriched,1,3923.8223424059493,1.9722597226141956,609,21,0.034482758620689655,0.54
hja2016_106,170,planktonic,2,229,49.4,570659.985591589,4896908.79007097,hja2016_194,HJA-2016_soil_13,soil_enriched,1,4773.855910914637,2.25515502227515,609,9,0.014778325123152709,0.12
hja2016_107,57,hyporheic,4,131,1488.8,563668.294364702,4898599.71539487,hja2016_194,HJA-2016_soil_13,soil_enriched,1,2427.3610597989937,1.2793887193002396,609,14,0.022988505747126436,0.37
hja2016_109,169,planktonic,2,144,53.5,568641.074752475,4902527.5419308,hja2016_194,HJA-2016_soil_13,soil_enriched,1,5357.483985981573,2.421555632558473,609,12,0.019704433497536946,0.53
hja2016_110,76,hyporheic,3,150,303.5,570464.994202967,4896947.7883487,hja2016_194,HJA-2016_soil_13,soil_enriched,1,4575.007154777444,2.1937739996051757,609,12,0.019704433497536946,0.38
hja2016_111,160,planktonic,5,24,2569.5,566416.173010509,4897492.764281,hja2016_194,HJA-2016_soil_13,soil_enriched,1,576.1909246036323,-0.7953811576322817,609,20,0.03284072249589491,0.57
hja2016_114,WS1-5,planktonic,2,522,87.9,559517.477676657,4895016.87362342,hja2016_194,HJA-2016_soil_13,soil_enriched,1,7070.764889003563,2.8218662888513326,609,23,0.03776683087027915,0.41
hja2016_116,53,planktonic,3,78,280.7,568092.098996817,4898223.73199937,hja2016_194,HJA-2016_soil_13,soil_enriched,1,2135.8795636096365,1.0948302997025479,609,20,0.03284072249589491,0.54
hja2016_119,56,planktonic,3,321,99.5,562839.3309741,4897811.75019367,hja2016_194,HJA-2016_soil_13,soil_enriched,1,3146.205293638957,1.653612811393052,609,36,0.059113300492610835,0.9
hja2016_121,84,hyporheic,4,112,622.7,566447.171641521,4900685.6232752,hja2016_194,HJA-2016_soil_13,soil_enriched,1,2848.516237653659,1.5102106301564833,609,7,0.011494252873563218,0.1
hja2016_122,45,sediment,3,390,193.2,565977.192397151,4897892.74661664,hja2016_194,HJA-2016_soil_13,soil_enriched,1,19.471690301085165,-5.682478062617111,609,108,0.17733990147783252,2.87
hja2016_125,56,sediment,3,321,99.5,562839.3309741,4897811.75019367,hja2016_194,HJA-2016_soil_13,soil_enriched,1,3146.205293638957,1.653612811393052,609,127,0.20853858784893267,3.42
hja2016_164,260,sediment,4,23,866.1,566425.172613061,4897456.76587079,hja2016_194,HJA-2016_soil_13,soil_enriched,1,607.1618681870806,-0.7198469074028409,609,154,0.25287356321839083,4.06
hja2016_166,57,sediment,4,131,1488.8,563668.294364702,4898599.71539487,hja2016_194,HJA-2016_soil_13,soil_enriched,1,2427.3610597989937,1.2793887193002396,609,70,0.11494252873563218,1.38
hja2016_167,WS3-1,sediment,2,511,96.4,560508.433913191,4896516.80738205,hja2016_194,HJA-2016_soil_13,soil_enriched,1,5642.343480235059,2.4962944933159745,609,196,0.3218390804597701,10.57
hja2016_169,WS3-2,sediment,2,511,95.7,560554.431881789,4896487.80866272,hja2016_194,HJA-2016_soil_13,soil_enriched,1,5604.814692137714,2.4866666750550754,609,213,0.3497536945812808,10.25
hja2016_170,WS3-3,sediment,2,511,93.4,560639.428128111,4896408.81215143,hja2016_194,HJA-2016_soil_13,soil_enriched,1,5542.8709794224105,2.4706334266193326,609,153,0.2512315270935961,3.86
hja2016_177,WS1-3,sediment,2,522,92.1,559404.482666841,4895069.8712829,hja2016_194,HJA-2016_soil_13,soil_enriched,1,7153.316185736077,2.838612211903254,609,153,0.2512315270935961,5
hja2016_179,WS1-5,sediment,2,522,87.9,559517.477676657,4895016.87362342,hja2016_194,HJA-2016_soil_13,soil_enriched,1,7070.764889003563,2.8218662888513326,609,73,0.11986863711001643,2.49
hja2016_180,WS1-6,sediment,2,522,82.7,559631.472642313,4894993.87463913,hja2016_194,HJA-2016_soil_13,soil_enriched,1,6976.115962077639,2.80242402184131,609,70,0.11494252873563218,1.4
hja2016_181,177,sediment,1,452,14.8,565808.199860345,4901620.58198475,hja2016_194,HJA-2016_soil_13,soil_enriched,1,3749.880942035897,1.9068447910588913,609,164,0.26929392446633826,3.77
hja2016_001,50,planktonic,5,41,4956.4,563054.321479503,4898132.73601802,hja2016_195,HJA-2016_soil_14,soil_detected,1,2155.5055668184013,1.108026288431938,2489,24,0.009642426677380474,5.91
hja2016_008,WS3-1,hyporheic,2,511,96.4,560508.433913191,4896516.80738205,hja2016_195,HJA-2016_soil_14,soil_detected,1,4915.933715278434,2.297465463049102,2489,79,0.03173965447971073,12.72
hja2016_009,60,hyporheic,2,316,43.1,567391.129953618,4898693.71124374,hja2016_195,HJA-2016_soil_14,soil_detected,1,2303.069925106986,1.2035582144627661,2489,65,0.026114905584572117,15.02
hja2016_010,164,planktonic,3,502,60.8,560307.442789535,4895737.8417834,hja2016_195,HJA-2016_soil_14,soil_detected,1,5382.292554207376,2.4282208107169527,2489,15,0.006026516673362796,5.64
hja2016_011,WS1-6,planktonic,2,522,82.7,559631.472642313,4894993.87463913,hja2016_195,HJA-2016_soil_14,soil_detected,1,6318.569793603454,2.6595980417603453,2489,97,0.038971474487746086,8.56
hja2016_013,WS1-4,planktonic,2,522,89.8,559453.480502956,4895042.87247524,hja2016_195,HJA-2016_soil_14,soil_detected,1,6453.695923190305,2.6901256044068123,2489,67,0.02691844114102049,8.66
hja2016_014,WS1-6,hyporheic,2,522,82.7,559631.472642313,4894993.87463913,hja2016_195,HJA-2016_soil_14,soil_detected,1,6318.569793603454,2.6595980417603453,2489,50,0.020088388911209322,11.85
hja2016_015,47,hyporheic,4,134,1550.1,563254.31264732,4898130.73610634,hja2016_195,HJA-2016_soil_14,soil_detected,1,1955.9608789176561,0.9678775153024612,2489,25,0.010044194455604661,7.38
hja2016_016,74,hyporheic,2,373,70,565310.221852481,4897724.75403567,hja2016_195,HJA-2016_soil_14,soil_detected,1,269.68748844901444,-1.8906395023878437,2489,20,0.008035355564483728,3.97
hja2016_018,WS1-5,hyporheic,2,522,87.9,559517.477676657,4895016.87362342,hja2016_195,HJA-2016_soil_14,soil_detected,1,6408.688144514996,2.6800290680612875,2489,82,0.03294495781438329,5.51
hja2016_019,155,hyporheic,2,345,81.2,565811.199727862,4897652.75721525,hja2016_195,HJA-2016_soil_14,soil_detected,1,686.3966609677049,-0.5428855601400121,2489,66,0.026516673362796304,12.12
hja2016_020,WS1-2,hyporheic,2,522,93.6,559354.484874886,4895103.86978142,hja2016_195,HJA-2016_soil_14,soil_detected,1,6514.969636914479,2.703758455113443,2489,132,0.05303334672559261,10.89
hja2016_021,156,hyporheic,5,24,2575.9,566141.185154761,4897558.76136638,hja2016_195,HJA-2016_soil_14,soil_detected,1,1024.6030457100446,0.03506508543160906,2489,30,0.012053033346725592,5.9
hja2016_027,WS3-6,planktonic,2,510,78.4,560819.420179147,4896235.81979127,hja2016_195,HJA-2016_soil_14,soil_detected,1,4715.903957517875,2.237534337184597,2489,37,0.014865407794294898,3.35
hja2016_065,68,hyporheic,5,30,3032.2,565145.229139031,4897899.74630751,hja2016_195,HJA-2016_soil_14,soil_detected,1,93.51063876397282,-3.4187256791178955,2489,97,0.038971474487746086,12.49
hja2016_066,49,hyporheic,5,40,3399.1,563281.311454976,4898046.73981585,hja2016_195,HJA-2016_soil_14,soil_detected,1,1923.9874606362598,0.9440993965420325,2489,97,0.038971474487746086,9.7
hja2016_070,56,hyporheic,3,321,99.5,562839.3309741,4897811.75019367,hja2016_195,HJA-2016_soil_14,soil_detected,1,2370.0020705802326,1.2448883195516056,2489,44,0.017677782241864202,6.04
hja2016_071,164,hyporheic,3,502,60.8,560307.442789535,4895737.8417834,hja2016_195,HJA-2016_soil_14,soil_detected,1,5382.292554207376,2.4282208107169527,2489,135,0.05423865006026517,10.59
hja2016_075,260,hyporheic,4,23,866.1,566425.172613061,4897456.76587079,hja2016_195,HJA-2016_soil_14,soil_detected,1,1325.7645477769647,0.4068245794351215,2489,65,0.026114905584572117,10.07
hja2016_078,CC-1,hyporheic,2,183,64,569956.016680872,4897740.75332909,hja2016_195,HJA-2016_soil_14,soil_detected,1,4757.798898140008,2.2502942934554406,2489,61,0.02450783447167537,9.56
hja2016_079,64,hyporheic,2,163,33.5,570527.99142083,4895508.85189625,hja2016_195,HJA-2016_soil_14,soil_detected,1,5866.537268008727,2.5525092017456656,2489,103,0.0413820811570912,12
hja2016_084,177,hyporheic,1,452,14.8,565808.199860345,4901620.58198475,hja2016_195,HJA-2016_soil_14,soil_detected,1,3697.7145517131607,1.8866338589436649,2489,62,0.02490960224989956,10.98
hja2016_127,60,sediment,2,316,43.1,567391.129953618,4898693.71124374,hja2016_195,HJA-2016_soil_14,soil_detected,1,2303.069925106986,1.2035582144627661,2489,302,0.1213338690237043,16.67
hja2016_129,72,sediment,4,16,568.3,566542.167446234,4896499.80813279,hja2016_195,HJA-2016_soil_14,soil_detected,1,1990.0038343390268,0.992771210556145,2489,411,0.16512655685014063,22.42
hja2016_131,74,sediment,2,373,70,565310.221852481,4897724.75403567,hja2016_195,HJA-2016_soil_14,soil_detected,1,269.68748844901444,-1.8906395023878437,2489,443,0.1779831257533146,22.34
hja2016_132,84,sediment,4,112,622.7,566447.171641521,4900685.6232752,hja2016_195,HJA-2016_soil_14,soil_detected,1,2984.3548609150585,1.5774190924442073,2489,519,0.20851747689835276,27.5
hja2016_133,161,sediment,5,51,5699.1,561109.407372482,4897170.77850081,hja2016_195,HJA-2016_soil_14,soil_detected,1,4172.23125147289,2.0608191233675424,2489,633,0.25431900361591,35.5
hja2016_135,169,sediment,2,144,53.5,568641.074752475,4902527.5419308,hja2016_195,HJA-2016_soil_14,soil_detected,1,5706.312994503374,2.512558881730985,2489,480,0.19284853354760947,28.66
hja2016_136,190,sediment,1,546,14.2,564169.272240084,4897881.7471024,hja2016_195,HJA-2016_soil_14,soil_detected,1,1038.5773140099457,0.054608617614408175,2489,377,0.15146645239051829,20.08
hja2016_139,CC-2,sediment,2,183,63.6,569992.01509108,4897760.75244588,hja2016_195,HJA-2016_soil_14,soil_detected,1,4792.829312715031,2.260877562096586,2489,447,0.17959019686621133,24.12
hja2016_140,CC-3,sediment,2,183,63,570038.013059678,4897795.75090024,hja2016_195,HJA-2016_soil_14,soil_detected,1,4837.376955849646,2.2742249651447675,2489,361,0.1450381679389313,18.49
hja2016_141,CC-4,sediment,2,183,58.5,570162.007583724,4897831.74931045,hja2016_195,HJA-2016_soil_14,soil_detected,1,4960.138052298477,2.3103802747643125,2489,368,0.1478505423865006,21.41
hja2016_142,KC-1,sediment,3,362,114.7,562012.367495176,4896802.79475203,hja2016_195,HJA-2016_soil_14,soil_detected,1,3399.1314788393493,1.7651661665871357,2489,311,0.12494977902772197,19.08
hja2016_144,KC-3,sediment,3,362,114,562000.368025107,4896680.80013966,hja2016_195,HJA-2016_soil_14,soil_detected,1,3454.146857014791,1.7883294220049233,2489,295,0.11852149457613499,19.91
hja2016_145,155,sediment,2,345,81.2,565811.199727862,4897652.75721525,hja2016_195,HJA-2016_soil_14,soil_detected,1,686.3966609677049,-0.5428855601400121,2489,451,0.18119726797910807,23.72
hja2016_146,156,sediment,5,24,2575.9,566141.185154761,4897558.76136638,hja2016_195,HJA-2016_soil_14,soil_detected,1,1024.6030457100446,0.03506508543160906,2489,339,0.1361992768179992,17.72
hja2016_147,163,sediment,5,63,6126.6,559726.468447026,4896111.82526722,hja2016_195,HJA-2016_soil_14,soil_detected,1,5784.837925553817,2.5322765397519063,2489,675,0.27119325030132585,36.03
hja2016_148,165,sediment,2,494,27.9,564789.244860317,4900155.64668049,hja2016_195,HJA-2016_soil_14,soil_detected,1,2222.0866581185287,1.1519150808134135,2489,460,0.18481317798312574,25.17
hja2016_150,53,sediment,3,78,280.7,568092.098996817,4898223.73199937,hja2016_195,HJA-2016_soil_14,soil_detected,1,2899.1283065446664,1.5356191840786833,2489,355,0.14262756126958617,18.58
hja2016_151,64,sediment,2,163,33.5,570527.99142083,4895508.85189625,hja2016_195,HJA-2016_soil_14,soil_detected,1,5866.537268008727,2.5525092017456656,2489,746,0.29971876255524305,32.79
hja2016_152,66,sediment,4,79,1360.7,567970.104384448,4898153.73509064,hja2016_195,HJA-2016_soil_14,soil_detected,1,2772.160049302084,1.471010553170931,2489,342,0.13740458015267176,16
hja2016_155,82,sediment,2,536,36.6,564452.259742545,4899854.65997292,hja2016_195,HJA-2016_soil_14,soil_detected,1,2026.6032981385986,1.0190637129688511,2489,459,0.18441141020490157,24.51
hja2016_157,43,sediment,1,538,7.8,567346.131940859,4898257.7304979,hja2016_195,HJA-2016_soil_14,soil_detected,1,2161.1563034710957,1.1118034174486742,2489,361,0.1450381679389313,17.31
hja2016_159,49,sediment,5,40,3399.1,563281.311454976,4898046.73981585,hja2016_195,HJA-2016_soil_14,soil_detected,1,1923.9874606362598,0.9440993965420325,2489,348,0.13981518682201688,20.91
hja2016_160,50,sediment,5,41,4956.4,563054.321479503,4898132.73601802,hja2016_195,HJA-2016_soil_14,soil_detected,1,2155.5055668184013,1.108026288431938,2489,243,0.0976295701084773,10.48
hja2016_031,161,hyporheic,5,51,5699.1,561109.407372482,4897170.77850081,hja2016_195,HJA-2016_soil_14,soil_detected,1,4172.23125147289,2.0608191233675424,2489,20,0.008035355564483728,6.96
hja2016_032,54,hyporheic,3,363,207.7,561802.376768968,4897363.76997776,hja2016_195,HJA-2016_soil_14,soil_detected,1,3455.5474714962434,1.7889142987008217,2489,38,0.015267175572519083,9.76
hja2016_035,192,hyporheic,2,542,28.5,564620.252323511,4897836.74908965,hja2016_195,HJA-2016_soil_14,soil_detected,1,599.2164940053516,-0.7388507589875261,2489,37,0.014865407794294898,7.2
hja2016_037,43,hyporheic,1,538,7.8,567346.131940859,4898257.7304979,hja2016_195,HJA-2016_soil_14,soil_detected,1,2161.1563034710957,1.1118034174486742,2489,29,0.011651265568501407,6.59
hja2016_042,165,planktonic,2,494,27.9,564789.244860317,4900155.64668049,hja2016_195,HJA-2016_soil_14,soil_detected,1,2222.0866581185287,1.1519150808134135,2489,20,0.008035355564483728,6.19
hja2016_043,KC-2,hyporheic,3,362,114.2,561999.368069268,4896735.79771081,hja2016_195,HJA-2016_soil_14,soil_detected,1,3434.8905129163436,1.7802641138934376,2489,36,0.01446364001607071,11.2
hja2016_049,67,planktonic,4,83,1558.1,567119.141965387,4897968.74326041,hja2016_195,HJA-2016_soil_14,soil_detected,1,1915.2764584802298,0.9375526514147817,2489,13,0.005222981116914423,8.81
hja2016_050,165,hyporheic,2,494,27.9,564789.244860317,4900155.64668049,hja2016_195,HJA-2016_soil_14,soil_detected,1,2222.0866581185287,1.1519150808134135,2489,88,0.035355564483728404,9.03
hja2016_052,163,hyporheic,5,63,6126.6,559726.468447026,4896111.82526722,hja2016_195,HJA-2016_soil_14,soil_detected,1,5784.837925553817,2.5322765397519063,2489,102,0.04098031337886701,11.27
hja2016_056,KC-1,hyporheic,3,362,114.7,562012.367495176,4896802.79475203,hja2016_195,HJA-2016_soil_14,soil_detected,1,3399.1314788393493,1.7651661665871357,2489,105,0.04218561671353958,9.12
hja2016_057,71,hyporheic,3,556,101.7,562662.338790582,4897988.74237719,hja2016_195,HJA-2016_soil_14,soil_detected,1,2541.5819250969857,1.345726735223192,2489,36,0.01446364001607071,8.33
hja2016_059,KC-2,planktonic,3,362,114.2,561999.368069268,4896735.79771081,hja2016_195,HJA-2016_soil_14,soil_detected,1,3434.8905129163436,1.7802641138934376,2489,100,0.040176777822418644,10
hja2016_062,WS3-3,hyporheic,2,511,93.4,560639.428128111,4896408.81215143,hja2016_195,HJA-2016_soil_14,soil_detected,1,4824.884578681192,2.270494430514196,2489,107,0.042989152269987944,7.88
hja2016_064,WS3-4,planktonic,2,510,81.3,560692.425787583,4896348.81480109,hja2016_195,HJA-2016_soil_14,soil_detected,1,4794.7632637385395,2.261459585491204,2489,50,0.020088388911209322,9.97
hja2016_099,162,planktonic,5,66,6208.4,559348.485139852,4895468.85366269,hja2016_195,HJA-2016_soil_14,soil_detected,1,6368.217807202587,2.670889680102245,2489,69,0.027721976697468863,2.55
hja2016_100,64,planktonic,2,163,33.5,570527.99142083,4895508.85189625,hja2016_195,HJA-2016_soil_14,soil_detected,1,5866.537268008727,2.5525092017456656,2489,46,0.018481317798312576,2.23
hja2016_101,58,planktonic,3,385,67.2,566998.147308857,4898497.71989928,hja2016_195,HJA-2016_soil_14,soil_detected,1,1869.54523243127,0.9026873766867765,2489,68,0.027320208919244676,2.55
hja2016_102,73,hyporheic,2,255,137,566310.177691566,4896786.79545861,hja2016_195,HJA-2016_soil_14,soil_detected,1,1621.7325316129654,0.6975358990036712,2489,73,0.02932904781036561,2.61
hja2016_103,260,planktonic,4,23,866.1,566425.172613061,4897456.76587079,hja2016_195,HJA-2016_soil_14,soil_detected,1,1325.7645477769647,0.4068245794351215,2489,159,0.06388107673764563,6.62
hja2016_105,178,planktonic,2,411,19.9,566185.18321168,4901793.57434491,hja2016_195,HJA-2016_soil_14,soil_detected,1,3944.9881862003795,1.980020979900167,2489,79,0.03173965447971073,3.12
hja2016_106,170,planktonic,2,229,49.4,570659.985591589,4896908.79007097,hja2016_195,HJA-2016_soil_14,soil_detected,1,5558.854672371676,2.474787665556505,2489,36,0.01446364001607071,1.9
hja2016_107,57,hyporheic,4,131,1488.8,563668.294364702,4898599.71539487,hja2016_195,HJA-2016_soil_14,soil_detected,1,1658.6989893291154,0.7300520984674977,2489,84,0.03374849337083166,2.57
hja2016_109,169,planktonic,2,144,53.5,568641.074752475,4902527.5419308,hja2016_195,HJA-2016_soil_14,soil_detected,1,5706.312994503374,2.512558881730985,2489,63,0.025311370028123746,2.84
hja2016_110,76,hyporheic,3,150,303.5,570464.994202967,4896947.7883487,hja2016_195,HJA-2016_soil_14,soil_detected,1,5360.004107050124,2.4222341061342747,2489,59,0.023704298915227,2.61
hja2016_111,160,planktonic,5,24,2569.5,566416.173010509,4897492.764281,hja2016_195,HJA-2016_soil_14,soil_detected,1,1303.805447795197,0.3827286084943415,2489,87,0.03495379670550422,3.47
hja2016_114,WS1-5,planktonic,2,522,87.9,559517.477676657,4895016.87362342,hja2016_195,HJA-2016_soil_14,soil_detected,1,6408.688144514996,2.6800290680612875,2489,90,0.03615910004017678,2.68
hja2016_116,53,planktonic,3,78,280.7,568092.098996817,4898223.73199937,hja2016_195,HJA-2016_soil_14,soil_detected,1,2899.1283065446664,1.5356191840786833,2489,89,0.035757332261952594,3.11
hja2016_119,56,planktonic,3,321,99.5,562839.3309741,4897811.75019367,hja2016_195,HJA-2016_soil_14,soil_detected,1,2370.0020705802326,1.2448883195516056,2489,166,0.06669345118521494,6.22
hja2016_121,84,hyporheic,4,112,622.7,566447.171641521,4900685.6232752,hja2016_195,HJA-2016_soil_14,soil_detected,1,2984.3548609150585,1.5774190924442073,2489,37,0.014865407794294898,1.59
hja2016_122,45,sediment,3,390,193.2,565977.192397151,4897892.74661664,hja2016_195,HJA-2016_soil_14,soil_detected,1,777.4334588146854,-0.363208895845091,2489,351,0.14102049015668944,21.1
hja2016_125,56,sediment,3,321,99.5,562839.3309741,4897811.75019367,hja2016_195,HJA-2016_soil_14,soil_detected,1,2370.0020705802326,1.2448883195516056,2489,375,0.1506629168340699,22.3
hja2016_164,260,sediment,4,23,866.1,566425.172613061,4897456.76587079,hja2016_195,HJA-2016_soil_14,soil_detected,1,1325.7645477769647,0.4068245794351215,2489,448,0.1799919646444355,21.63
hja2016_166,57,sediment,4,131,1488.8,563668.294364702,4898599.71539487,hja2016_195,HJA-2016_soil_14,soil_detected,1,1658.6989893291154,0.7300520984674977,2489,270,0.10847730012053033,10.71
hja2016_167,WS3-1,sediment,2,511,96.4,560508.433913191,4896516.80738205,hja2016_195,HJA-2016_soil_14,soil_detected,1,4915.933715278434,2.297465463049102,2489,664,0.26677380474085977,37.03
hja2016_169,WS3-2,sediment,2,511,95.7,560554.431881789,4896487.80866272,hja2016_195,HJA-2016_soil_14,soil_detected,1,4880.761360251741,2.2871062143831136,2489,724,0.290879871434311,37.66
hja2016_170,WS3-3,sediment,2,511,93.4,560639.428128111,4896408.81215143,hja2016_195,HJA-2016_soil_14,soil_detected,1,4824.884578681192,2.270494430514196,2489,407,0.16351948573724387,17.15
hja2016_177,WS1-3,sediment,2,522,92.1,559404.482666841,4895069.8712829,hja2016_195,HJA-2016_soil_14,soil_detected,1,6485.263024078437,2.697165087327939,2489,509,0.20449979911611088,28.37
hja2016_179,WS1-5,sediment,2,522,87.9,559517.477676657,4895016.87362342,hja2016_195,HJA-2016_soil_14,soil_detected,1,6408.688144514996,2.6800290680612875,2489,354,0.142225793491362,19.44
hja2016_180,WS1-6,sediment,2,522,82.7,559631.472642313,4894993.87463913,hja2016_195,HJA-2016_soil_14,soil_detected,1,6318.569793603454,2.6595980417603453,2489,276,0.11088790678987545,11.37
hja2016_181,177,sediment,1,452,14.8,565808.199860345,4901620.58198475,hja2016_195,HJA-2016_soil_14,soil_detected,1,3697.7145517131607,1.8866338589436649,2489,447,0.17959019686621133,17.36
hja2016_001,50,planktonic,5,41,4956.4,563054.321479503,4898132.73601802,hja2016_195,HJA-2016_soil_14,soil_enriched,1,2155.5055668184013,1.108026288431938,1156,3,0.0025951557093425604,0.62
hja2016_008,WS3-1,hyporheic,2,511,96.4,560508.433913191,4896516.80738205,hja2016_195,HJA-2016_soil_14,soil_enriched,1,4915.933715278434,2.297465463049102,1156,13,0.01124567474048443,1.4
hja2016_009,60,hyporheic,2,316,43.1,567391.129953618,4898693.71124374,hja2016_195,HJA-2016_soil_14,soil_enriched,1,2303.069925106986,1.2035582144627661,1156,11,0.009515570934256055,0.88
hja2016_010,164,planktonic,3,502,60.8,560307.442789535,4895737.8417834,hja2016_195,HJA-2016_soil_14,soil_enriched,1,5382.292554207376,2.4282208107169527,1156,0,0,0
hja2016_011,WS1-6,planktonic,2,522,82.7,559631.472642313,4894993.87463913,hja2016_195,HJA-2016_soil_14,soil_enriched,1,6318.569793603454,2.6595980417603453,1156,17,0.014705882352941176,1.1
hja2016_013,WS1-4,planktonic,2,522,89.8,559453.480502956,4895042.87247524,hja2016_195,HJA-2016_soil_14,soil_enriched,1,6453.695923190305,2.6901256044068123,1156,10,0.00865051903114187,0.96
hja2016_014,WS1-6,hyporheic,2,522,82.7,559631.472642313,4894993.87463913,hja2016_195,HJA-2016_soil_14,soil_enriched,1,6318.569793603454,2.6595980417603453,1156,4,0.0034602076124567475,0.55
hja2016_015,47,hyporheic,4,134,1550.1,563254.31264732,4898130.73610634,hja2016_195,HJA-2016_soil_14,soil_enriched,1,1955.9608789176561,0.9678775153024612,1156,1,8.650519031141869e-4,0.47
hja2016_016,74,hyporheic,2,373,70,565310.221852481,4897724.75403567,hja2016_195,HJA-2016_soil_14,soil_enriched,1,269.68748844901444,-1.8906395023878437,1156,2,0.0017301038062283738,0.21
hja2016_018,WS1-5,hyporheic,2,522,87.9,559517.477676657,4895016.87362342,hja2016_195,HJA-2016_soil_14,soil_enriched,1,6408.688144514996,2.6800290680612875,1156,13,0.01124567474048443,0.63
hja2016_019,155,hyporheic,2,345,81.2,565811.199727862,4897652.75721525,hja2016_195,HJA-2016_soil_14,soil_enriched,1,686.3966609677049,-0.5428855601400121,1156,14,0.012110726643598616,2.66
hja2016_020,WS1-2,hyporheic,2,522,93.6,559354.484874886,4895103.86978142,hja2016_195,HJA-2016_soil_14,soil_enriched,1,6514.969636914479,2.703758455113443,1156,30,0.025951557093425604,1.67
hja2016_021,156,hyporheic,5,24,2575.9,566141.185154761,4897558.76136638,hja2016_195,HJA-2016_soil_14,soil_enriched,1,1024.6030457100446,0.03506508543160906,1156,6,0.005190311418685121,0.99
hja2016_027,WS3-6,planktonic,2,510,78.4,560819.420179147,4896235.81979127,hja2016_195,HJA-2016_soil_14,soil_enriched,1,4715.903957517875,2.237534337184597,1156,6,0.005190311418685121,0.6
hja2016_065,68,hyporheic,5,30,3032.2,565145.229139031,4897899.74630751,hja2016_195,HJA-2016_soil_14,soil_enriched,1,93.51063876397282,-3.4187256791178955,1156,21,0.018166089965397925,1.95
hja2016_066,49,hyporheic,5,40,3399.1,563281.311454976,4898046.73981585,hja2016_195,HJA-2016_soil_14,soil_enriched,1,1923.9874606362598,0.9440993965420325,1156,26,0.02249134948096886,1.71
hja2016_070,56,hyporheic,3,321,99.5,562839.3309741,4897811.75019367,hja2016_195,HJA-2016_soil_14,soil_enriched,1,2370.0020705802326,1.2448883195516056,1156,11,0.009515570934256055,1.11
hja2016_071,164,hyporheic,3,502,60.8,560307.442789535,4895737.8417834,hja2016_195,HJA-2016_soil_14,soil_enriched,1,5382.292554207376,2.4282208107169527,1156,22,0.01903114186851211,1.25
hja2016_075,260,hyporheic,4,23,866.1,566425.172613061,4897456.76587079,hja2016_195,HJA-2016_soil_14,soil_enriched,1,1325.7645477769647,0.4068245794351215,1156,8,0.006920415224913495,1.33
hja2016_078,CC-1,hyporheic,2,183,64,569956.016680872,4897740.75332909,hja2016_195,HJA-2016_soil_14,soil_enriched,1,4757.798898140008,2.2502942934554406,1156,8,0.006920415224913495,1.24
hja2016_079,64,hyporheic,2,163,33.5,570527.99142083,4895508.85189625,hja2016_195,HJA-2016_soil_14,soil_enriched,1,5866.537268008727,2.5525092017456656,1156,28,0.02422145328719723,2.13
hja2016_084,177,hyporheic,1,452,14.8,565808.199860345,4901620.58198475,hja2016_195,HJA-2016_soil_14,soil_enriched,1,3697.7145517131607,1.8866338589436649,1156,14,0.012110726643598616,1.26
hja2016_127,60,sediment,2,316,43.1,567391.129953618,4898693.71124374,hja2016_195,HJA-2016_soil_14,soil_enriched,1,2303.069925106986,1.2035582144627661,1156,73,0.06314878892733564,2.04
hja2016_129,72,sediment,4,16,568.3,566542.167446234,4896499.80813279,hja2016_195,HJA-2016_soil_14,soil_enriched,1,1990.0038343390268,0.992771210556145,1156,147,0.12716262975778547,5.38
hja2016_131,74,sediment,2,373,70,565310.221852481,4897724.75403567,hja2016_195,HJA-2016_soil_14,soil_enriched,1,269.68748844901444,-1.8906395023878437,1156,164,0.14186851211072665,5.48
hja2016_132,84,sediment,4,112,622.7,566447.171641521,4900685.6232752,hja2016_195,HJA-2016_soil_14,soil_enriched,1,2984.3548609150585,1.5774190924442073,1156,193,0.16695501730103807,4.91
hja2016_133,161,sediment,5,51,5699.1,561109.407372482,4897170.77850081,hja2016_195,HJA-2016_soil_14,soil_enriched,1,4172.23125147289,2.0608191233675424,1156,305,0.263840830449827,14.01
hja2016_135,169,sediment,2,144,53.5,568641.074752475,4902527.5419308,hja2016_195,HJA-2016_soil_14,soil_enriched,1,5706.312994503374,2.512558881730985,1156,172,0.14878892733564014,5.37
hja2016_136,190,sediment,1,546,14.2,564169.272240084,4897881.7471024,hja2016_195,HJA-2016_soil_14,soil_enriched,1,1038.5773140099457,0.054608617614408175,1156,130,0.11245674740484429,3.59
hja2016_139,CC-2,sediment,2,183,63.6,569992.01509108,4897760.75244588,hja2016_195,HJA-2016_soil_14,soil_enriched,1,4792.829312715031,2.260877562096586,1156,174,0.15051903114186851,5.87
hja2016_140,CC-3,sediment,2,183,63,570038.013059678,4897795.75090024,hja2016_195,HJA-2016_soil_14,soil_enriched,1,4837.376955849646,2.2742249651447675,1156,127,0.10986159169550173,3.57
hja2016_141,CC-4,sediment,2,183,58.5,570162.007583724,4897831.74931045,hja2016_195,HJA-2016_soil_14,soil_enriched,1,4960.138052298477,2.3103802747643125,1156,136,0.11764705882352941,4.18
hja2016_142,KC-1,sediment,3,362,114.7,562012.367495176,4896802.79475203,hja2016_195,HJA-2016_soil_14,soil_enriched,1,3399.1314788393493,1.7651661665871357,1156,116,0.10034602076124567,3.33
hja2016_144,KC-3,sediment,3,362,114,562000.368025107,4896680.80013966,hja2016_195,HJA-2016_soil_14,soil_enriched,1,3454.146857014791,1.7883294220049233,1156,95,0.08217993079584775,3.29
hja2016_145,155,sediment,2,345,81.2,565811.199727862,4897652.75721525,hja2016_195,HJA-2016_soil_14,soil_enriched,1,686.3966609677049,-0.5428855601400121,1156,157,0.13581314878892733,5.18
hja2016_146,156,sediment,5,24,2575.9,566141.185154761,4897558.76136638,hja2016_195,HJA-2016_soil_14,soil_enriched,1,1024.6030457100446,0.03506508543160906,1156,103,0.08910034602076125,2.6
hja2016_147,163,sediment,5,63,6126.6,559726.468447026,4896111.82526722,hja2016_195,HJA-2016_soil_14,soil_enriched,1,5784.837925553817,2.5322765397519063,1156,334,0.2889273356401384,13.91
hja2016_148,165,sediment,2,494,27.9,564789.244860317,4900155.64668049,hja2016_195,HJA-2016_soil_14,soil_enriched,1,2222.0866581185287,1.1519150808134135,1156,183,0.1583044982698962,6.21
hja2016_150,53,sediment,3,78,280.7,568092.098996817,4898223.73199937,hja2016_195,HJA-2016_soil_14,soil_enriched,1,2899.1283065446664,1.5356191840786833,1156,121,0.1046712802768166,3.19
hja2016_151,64,sediment,2,163,33.5,570527.99142083,4895508.85189625,hja2016_195,HJA-2016_soil_14,soil_enriched,1,5866.537268008727,2.5525092017456656,1156,383,0.3313148788927336,12.74
hja2016_152,66,sediment,4,79,1360.7,567970.104384448,4898153.73509064,hja2016_195,HJA-2016_soil_14,soil_enriched,1,2772.160049302084,1.471010553170931,1156,121,0.1046712802768166,2.51
hja2016_155,82,sediment,2,536,36.6,564452.259742545,4899854.65997292,hja2016_195,HJA-2016_soil_14,soil_enriched,1,2026.6032981385986,1.0190637129688511,1156,180,0.15570934256055363,6.1
hja2016_157,43,sediment,1,538,7.8,567346.131940859,4898257.7304979,hja2016_195,HJA-2016_soil_14,soil_enriched,1,2161.1563034710957,1.1118034174486742,1156,121,0.1046712802768166,2.79
hja2016_159,49,sediment,5,40,3399.1,563281.311454976,4898046.73981585,hja2016_195,HJA-2016_soil_14,soil_enriched,1,1923.9874606362598,0.9440993965420325,1156,107,0.092560553633218,2.89
hja2016_160,50,sediment,5,41,4956.4,563054.321479503,4898132.73601802,hja2016_195,HJA-2016_soil_14,soil_enriched,1,2155.5055668184013,1.108026288431938,1156,58,0.050173010380622836,1.14
hja2016_031,161,hyporheic,5,51,5699.1,561109.407372482,4897170.77850081,hja2016_195,HJA-2016_soil_14,soil_enriched,1,4172.23125147289,2.0608191233675424,1156,4,0.0034602076124567475,0.71
hja2016_032,54,hyporheic,3,363,207.7,561802.376768968,4897363.76997776,hja2016_195,HJA-2016_soil_14,soil_enriched,1,3455.5474714962434,1.7889142987008217,1156,9,0.007785467128027681,1.11
hja2016_035,192,hyporheic,2,542,28.5,564620.252323511,4897836.74908965,hja2016_195,HJA-2016_soil_14,soil_enriched,1,599.2164940053516,-0.7388507589875261,1156,7,0.006055363321799308,1.19
hja2016_037,43,hyporheic,1,538,7.8,567346.131940859,4898257.7304979,hja2016_195,HJA-2016_soil_14,soil_enriched,1,2161.1563034710957,1.1118034174486742,1156,0,0,0
hja2016_042,165,planktonic,2,494,27.9,564789.244860317,4900155.64668049,hja2016_195,HJA-2016_soil_14,soil_enriched,1,2222.0866581185287,1.1519150808134135,1156,1,8.650519031141869e-4,0.07
hja2016_043,KC-2,hyporheic,3,362,114.2,561999.368069268,4896735.79771081,hja2016_195,HJA-2016_soil_14,soil_enriched,1,3434.8905129163436,1.7802641138934376,1156,7,0.006055363321799308,1.21
hja2016_049,67,planktonic,4,83,1558.1,567119.141965387,4897968.74326041,hja2016_195,HJA-2016_soil_14,soil_enriched,1,1915.2764584802298,0.9375526514147817,1156,2,0.0017301038062283738,0.06
hja2016_050,165,hyporheic,2,494,27.9,564789.244860317,4900155.64668049,hja2016_195,HJA-2016_soil_14,soil_enriched,1,2222.0866581185287,1.1519150808134135,1156,19,0.01643598615916955,1.45
hja2016_052,163,hyporheic,5,63,6126.6,559726.468447026,4896111.82526722,hja2016_195,HJA-2016_soil_14,soil_enriched,1,5784.837925553817,2.5322765397519063,1156,19,0.01643598615916955,1.06
hja2016_056,KC-1,hyporheic,3,362,114.7,562012.367495176,4896802.79475203,hja2016_195,HJA-2016_soil_14,soil_enriched,1,3399.1314788393493,1.7651661665871357,1156,18,0.015570934256055362,0.98
hja2016_057,71,hyporheic,3,556,101.7,562662.338790582,4897988.74237719,hja2016_195,HJA-2016_soil_14,soil_enriched,1,2541.5819250969857,1.345726735223192,1156,2,0.0017301038062283738,0.62
hja2016_059,KC-2,planktonic,3,362,114.2,561999.368069268,4896735.79771081,hja2016_195,HJA-2016_soil_14,soil_enriched,1,3434.8905129163436,1.7802641138934376,1156,26,0.02249134948096886,1.68
hja2016_062,WS3-3,hyporheic,2,511,93.4,560639.428128111,4896408.81215143,hja2016_195,HJA-2016_soil_14,soil_enriched,1,4824.884578681192,2.270494430514196,1156,20,0.01730103806228374,1.3
hja2016_064,WS3-4,planktonic,2,510,81.3,560692.425787583,4896348.81480109,hja2016_195,HJA-2016_soil_14,soil_enriched,1,4794.7632637385395,2.261459585491204,1156,10,0.00865051903114187,1.19
hja2016_099,162,planktonic,5,66,6208.4,559348.485139852,4895468.85366269,hja2016_195,HJA-2016_soil_14,soil_enriched,1,6368.217807202587,2.670889680102245,1156,18,0.015570934256055362,0.5
hja2016_100,64,planktonic,2,163,33.5,570527.99142083,4895508.85189625,hja2016_195,HJA-2016_soil_14,soil_enriched,1,5866.537268008727,2.5525092017456656,1156,14,0.012110726643598616,0.29
hja2016_101,58,planktonic,3,385,67.2,566998.147308857,4898497.71989928,hja2016_195,HJA-2016_soil_14,soil_enriched,1,1869.54523243127,0.9026873766867765,1156,18,0.015570934256055362,0.32
hja2016_102,73,hyporheic,2,255,137,566310.177691566,4896786.79545861,hja2016_195,HJA-2016_soil_14,soil_enriched,1,1621.7325316129654,0.6975358990036712,1156,20,0.01730103806228374,0.48
hja2016_103,260,planktonic,4,23,866.1,566425.172613061,4897456.76587079,hja2016_195,HJA-2016_soil_14,soil_enriched,1,1325.7645477769647,0.4068245794351215,1156,55,0.04757785467128028,1.14
hja2016_105,178,planktonic,2,411,19.9,566185.18321168,4901793.57434491,hja2016_195,HJA-2016_soil_14,soil_enriched,1,3944.9881862003795,1.980020979900167,1156,23,0.019896193771626297,0.64
hja2016_106,170,planktonic,2,229,49.4,570659.985591589,4896908.79007097,hja2016_195,HJA-2016_soil_14,soil_enriched,1,5558.854672371676,2.474787665556505,1156,10,0.00865051903114187,0.13
hja2016_107,57,hyporheic,4,131,1488.8,563668.294364702,4898599.71539487,hja2016_195,HJA-2016_soil_14,soil_enriched,1,1658.6989893291154,0.7300520984674977,1156,25,0.02162629757785467,0.53
hja2016_109,169,planktonic,2,144,53.5,568641.074752475,4902527.5419308,hja2016_195,HJA-2016_soil_14,soil_enriched,1,5706.312994503374,2.512558881730985,1156,14,0.012110726643598616,0.61
hja2016_110,76,hyporheic,3,150,303.5,570464.994202967,4896947.7883487,hja2016_195,HJA-2016_soil_14,soil_enriched,1,5360.004107050124,2.4222341061342747,1156,14,0.012110726643598616,0.44
hja2016_111,160,planktonic,5,24,2569.5,566416.173010509,4897492.764281,hja2016_195,HJA-2016_soil_14,soil_enriched,1,1303.805447795197,0.3827286084943415,1156,24,0.020761245674740483,0.6
hja2016_114,WS1-5,planktonic,2,522,87.9,559517.477676657,4895016.87362342,hja2016_195,HJA-2016_soil_14,soil_enriched,1,6408.688144514996,2.6800290680612875,1156,27,0.023356401384083045,0.47
hja2016_116,53,planktonic,3,78,280.7,568092.098996817,4898223.73199937,hja2016_195,HJA-2016_soil_14,soil_enriched,1,2899.1283065446664,1.5356191840786833,1156,30,0.025951557093425604,0.67
hja2016_119,56,planktonic,3,321,99.5,562839.3309741,4897811.75019367,hja2016_195,HJA-2016_soil_14,soil_enriched,1,2370.0020705802326,1.2448883195516056,1156,55,0.04757785467128028,1.28
hja2016_121,84,hyporheic,4,112,622.7,566447.171641521,4900685.6232752,hja2016_195,HJA-2016_soil_14,soil_enriched,1,2984.3548609150585,1.5774190924442073,1156,8,0.006920415224913495,0.11
hja2016_122,45,sediment,3,390,193.2,565977.192397151,4897892.74661664,hja2016_195,HJA-2016_soil_14,soil_enriched,1,777.4334588146854,-0.363208895845091,1156,116,0.10034602076124567,3.02
hja2016_125,56,sediment,3,321,99.5,562839.3309741,4897811.75019367,hja2016_195,HJA-2016_soil_14,soil_enriched,1,2370.0020705802326,1.2448883195516056,1156,128,0.11072664359861592,3.52
hja2016_164,260,sediment,4,23,866.1,566425.172613061,4897456.76587079,hja2016_195,HJA-2016_soil_14,soil_enriched,1,1325.7645477769647,0.4068245794351215,1156,179,0.15484429065743946,4.38
hja2016_166,57,sediment,4,131,1488.8,563668.294364702,4898599.71539487,hja2016_195,HJA-2016_soil_14,soil_enriched,1,1658.6989893291154,0.7300520984674977,1156,78,0.06747404844290658,1.57
hja2016_167,WS3-1,sediment,2,511,96.4,560508.433913191,4896516.80738205,hja2016_195,HJA-2016_soil_14,soil_enriched,1,4915.933715278434,2.297465463049102,1156,324,0.28027681660899656,14.31
hja2016_169,WS3-2,sediment,2,511,95.7,560554.431881789,4896487.80866272,hja2016_195,HJA-2016_soil_14,soil_enriched,1,4880.761360251741,2.2871062143831136,1156,360,0.31141868512110726,14.57
hja2016_170,WS3-3,sediment,2,511,93.4,560639.428128111,4896408.81215143,hja2016_195,HJA-2016_soil_14,soil_enriched,1,4824.884578681192,2.270494430514196,1156,154,0.13321799307958476,3.87
hja2016_177,WS1-3,sediment,2,522,92.1,559404.482666841,4895069.8712829,hja2016_195,HJA-2016_soil_14,soil_enriched,1,6485.263024078437,2.697165087327939,1156,182,0.157439446366782,5.5
hja2016_179,WS1-5,sediment,2,522,87.9,559517.477676657,4895016.87362342,hja2016_195,HJA-2016_soil_14,soil_enriched,1,6408.688144514996,2.6800290680612875,1156,118,0.10207612456747404,3.32
hja2016_180,WS1-6,sediment,2,522,82.7,559631.472642313,4894993.87463913,hja2016_195,HJA-2016_soil_14,soil_enriched,1,6318.569793603454,2.6595980417603453,1156,72,0.06228373702422145,1.49
hja2016_181,177,sediment,1,452,14.8,565808.199860345,4901620.58198475,hja2016_195,HJA-2016_soil_14,soil_enriched,1,3697.7145517131607,1.8866338589436649,1156,172,0.14878892733564014,3.87
hja2016_001,50,planktonic,5,41,4956.4,563054.321479503,4898132.73601802,hja2016_196,HJA-2016_soil_16,soil_detected,1,2738.6780114059197,1.4534796571880537,4181,60,0.014350633819660369,15
hja2016_008,WS3-1,hyporheic,2,511,96.4,560508.433913191,4896516.80738205,hja2016_196,HJA-2016_soil_16,soil_detected,1,386.2316397379532,-1.372461741517158,4181,189,0.04520449653193016,30.46
hja2016_009,60,hyporheic,2,316,43.1,567391.129953618,4898693.71124374,hja2016_196,HJA-2016_soil_16,soil_detected,1,7012.760859620901,2.8099825318721354,4181,150,0.03587658454915092,27.23
hja2016_010,164,planktonic,3,502,60.8,560307.442789535,4895737.8417834,hja2016_196,HJA-2016_soil_16,soil_detected,1,1190.6180363670742,0.25171065466112563,4181,42,0.010045443673762257,14.62
hja2016_011,WS1-6,planktonic,2,522,82.7,559631.472642313,4894993.87463913,hja2016_196,HJA-2016_soil_16,soil_detected,1,2134.2541783474235,1.0937320037182612,4181,333,0.07964601769911504,29.03
hja2016_013,WS1-4,planktonic,2,522,89.8,559453.480502956,4895042.87247524,hja2016_196,HJA-2016_soil_16,soil_detected,1,2180.263113241147,1.124502249342918,4181,171,0.04089930638603205,20.42
hja2016_014,WS1-6,hyporheic,2,522,82.7,559631.472642313,4894993.87463913,hja2016_196,HJA-2016_soil_16,soil_detected,1,2134.2541783474235,1.0937320037182612,4181,126,0.030136331021286773,20.73
hja2016_015,47,hyporheic,4,134,1550.1,563254.31264732,4898130.73610634,hja2016_196,HJA-2016_soil_16,soil_detected,1,2917.3863799096735,1.5446764700430593,4181,96,0.02296101411145659,22.67
hja2016_016,74,hyporheic,2,373,70,565310.221852481,4897724.75403567,hja2016_196,HJA-2016_soil_16,soil_detected,1,4769.374571735653,2.2538000919301213,4181,48,0.011480507055728294,7.68
hja2016_018,WS1-5,hyporheic,2,522,87.9,559517.477676657,4895016.87362342,hja2016_196,HJA-2016_soil_16,soil_detected,1,2169.2449637815093,1.1171929797402849,4181,192,0.04592202822291318,11.77
hja2016_019,155,hyporheic,2,345,81.2,565811.199727862,4897652.75721525,hja2016_196,HJA-2016_soil_16,soil_detected,1,5252.354196489572,2.3929642087458163,4181,185,0.04424778761061947,30.61
hja2016_020,WS1-2,hyporheic,2,522,93.6,559354.484874886,4895103.86978142,hja2016_196,HJA-2016_soil_16,soil_detected,1,2184.4660209961244,1.1272806650764116,4181,339,0.08108108108108109,26.19
hja2016_021,156,hyporheic,5,24,2575.9,566141.185154761,4897558.76136638,hja2016_196,HJA-2016_soil_16,soil_detected,1,5566.9265511126805,2.476881048706795,4181,89,0.02128677349916288,21.98
hja2016_027,WS3-6,planktonic,2,510,78.4,560819.420179147,4896235.81979127,hja2016_196,HJA-2016_soil_16,soil_detected,1,683.6233408177475,-0.5487264393783553,4181,161,0.03850753408275532,20.03
hja2016_065,68,hyporheic,5,30,3032.2,565145.229139031,4897899.74630751,hja2016_196,HJA-2016_soil_16,soil_detected,1,4642.001103908723,2.214746865768016,4181,240,0.057402535278641476,29.38
hja2016_066,49,hyporheic,5,40,3399.1,563281.311454976,4898046.73981585,hja2016_196,HJA-2016_soil_16,soil_detected,1,2907.353021932177,1.5397062596643345,4181,243,0.05812006696962449,21.28
hja2016_070,56,hyporheic,3,321,99.5,562839.3309741,4897811.75019367,hja2016_196,HJA-2016_soil_16,soil_detected,1,2408.6603417304236,1.2682309656602717,4181,105,0.025113609184405646,14.36
hja2016_071,164,hyporheic,3,502,60.8,560307.442789535,4895737.8417834,hja2016_196,HJA-2016_soil_16,soil_detected,1,1190.6180363670742,0.25171065466112563,4181,342,0.0817986127720641,27.61
hja2016_075,260,hyporheic,4,23,866.1,566425.172613061,4897456.76587079,hja2016_196,HJA-2016_soil_16,soil_detected,1,5838.1299001296375,2.545506311591791,4181,184,0.044008610380291795,31.1
hja2016_078,CC-1,hyporheic,2,183,64,569956.016680872,4897740.75332909,hja2016_196,HJA-2016_soil_16,soil_detected,1,9380.046197451158,3.229595028142524,4181,171,0.04089930638603205,24.33
hja2016_079,64,hyporheic,2,163,33.5,570527.99142083,4895508.85189625,hja2016_196,HJA-2016_soil_16,soil_detected,1,10008.677094750621,3.3231793922411583,4181,209,0.04998804113848362,23.48
hja2016_084,177,hyporheic,1,452,14.8,565808.199860345,4901620.58198475,hja2016_196,HJA-2016_soil_16,soil_detected,1,7026.2165905937445,2.812748049853662,4181,139,0.03324563501554652,22.38
hja2016_127,60,sediment,2,316,43.1,567391.129953618,4898693.71124374,hja2016_196,HJA-2016_soil_16,soil_detected,1,7012.760859620901,2.8099825318721354,4181,952,0.2276967232719445,50.18
hja2016_129,72,sediment,4,16,568.3,566542.167446234,4896499.80813279,hja2016_196,HJA-2016_soil_16,soil_detected,1,5940.068161278948,2.570479485802964,4181,984,0.23535039464243004,49.54
hja2016_131,74,sediment,2,373,70,565310.221852481,4897724.75403567,hja2016_196,HJA-2016_soil_16,soil_detected,1,4769.374571735653,2.2538000919301213,4181,1071,0.25615881368093757,48.55
hja2016_132,84,sediment,4,112,622.7,566447.171641521,4900685.6232752,hja2016_196,HJA-2016_soil_16,soil_detected,1,6959.717938076398,2.7990288380302877,4181,1162,0.2779239416407558,55.63
hja2016_133,161,sediment,5,51,5699.1,561109.407372482,4897170.77850081,hja2016_196,HJA-2016_soil_16,soil_detected,1,569.6823872868616,-0.8117702913937173,4181,1119,0.26763932073666585,59.63
hja2016_135,169,sediment,2,144,53.5,568641.074752475,4902527.5419308,hja2016_196,HJA-2016_soil_16,soil_detected,1,9809.398325968828,3.2941646493128647,4181,1075,0.2571155226022483,59.41
hja2016_136,190,sediment,1,546,14.2,564169.272240084,4897881.7471024,hja2016_196,HJA-2016_soil_16,soil_detected,1,3690.741559224264,1.8839107177299603,4181,903,0.21597703898588855,49.18
hja2016_139,CC-2,sediment,2,183,63.6,569992.01509108,4897760.75244588,hja2016_196,HJA-2016_soil_16,soil_detected,1,9417.728210217858,3.235379087956104,4181,1152,0.2755321693374791,54.78
hja2016_140,CC-3,sediment,2,183,63,570038.013059678,4897795.75090024,hja2016_196,HJA-2016_soil_16,soil_detected,1,9466.820661898211,3.2428799921725586,4181,932,0.22291317866539107,49.57
hja2016_141,CC-4,sediment,2,183,58.5,570162.007583724,4897831.74931045,hja2016_196,HJA-2016_soil_16,soil_detected,1,9593.725261161992,3.2620911251726623,4181,897,0.21454197560392252,50.6
hja2016_142,KC-1,sediment,3,362,114.7,562012.367495176,4896802.79475203,hja2016_196,HJA-2016_soil_16,soil_detected,1,1400.1646650312857,0.48559650392338727,4181,849,0.2030614685481942,44.09
hja2016_144,KC-3,sediment,3,362,114,562000.368025107,4896680.80013966,hja2016_196,HJA-2016_soil_16,soil_detected,1,1400.9860674355689,0.4864426084871044,4181,789,0.18871083472853384,44.58
hja2016_145,155,sediment,2,345,81.2,565811.199727862,4897652.75721525,hja2016_196,HJA-2016_soil_16,soil_detected,1,5252.354196489572,2.3929642087458163,4181,1037,0.2480267878497967,50.06
hja2016_146,156,sediment,5,24,2575.9,566141.185154761,4897558.76136638,hja2016_196,HJA-2016_soil_16,soil_detected,1,5566.9265511126805,2.476881048706795,4181,850,0.2033006457785219,47.35
hja2016_147,163,sediment,5,63,6126.6,559726.468447026,4896111.82526722,hja2016_196,HJA-2016_soil_16,soil_detected,1,1179.723230621148,0.23844843531177007,4181,1192,0.285099258550586,59.57
hja2016_148,165,sediment,2,494,27.9,564789.244860317,4900155.64668049,hja2016_196,HJA-2016_soil_16,soil_detected,1,5301.207345181816,2.406320969589267,4181,1165,0.27864147333173883,56.42
hja2016_150,53,sediment,3,78,280.7,568092.098996817,4898223.73199937,hja2016_196,HJA-2016_soil_16,soil_detected,1,7595.646474099408,2.925172759366735,4181,964,0.2305668500358766,50.39
hja2016_151,64,sediment,2,163,33.5,570527.99142083,4895508.85189625,hja2016_196,HJA-2016_soil_16,soil_detected,1,10008.677094750621,3.3231793922411583,4181,1294,0.3094953360440086,54.21
hja2016_152,66,sediment,4,79,1360.7,567970.104384448,4898153.73509064,hja2016_196,HJA-2016_soil_16,soil_detected,1,7463.3952313087275,2.899832087457007,4181,894,0.21382444391293948,45.43
hja2016_155,82,sediment,2,536,36.6,564452.259742545,4899854.65997292,hja2016_196,HJA-2016_soil_16,soil_detected,1,4850.415225517794,2.278108256197439,4181,1153,0.2757713465678067,54.2
hja2016_157,43,sediment,1,538,7.8,567346.131940859,4898257.7304979,hja2016_196,HJA-2016_soil_16,soil_detected,1,6869.254359936313,2.7801535066701586,4181,1032,0.24683090169815833,54.69
hja2016_159,49,sediment,5,40,3399.1,563281.311454976,4898046.73981585,hja2016_196,HJA-2016_soil_16,soil_detected,1,2907.353021932177,1.5397062596643345,4181,967,0.2312843817268596,52.9
hja2016_160,50,sediment,5,41,4956.4,563054.321479503,4898132.73601802,hja2016_196,HJA-2016_soil_16,soil_detected,1,2738.6780114059197,1.4534796571880537,4181,790,0.18895001195886152,45.55
hja2016_031,161,hyporheic,5,51,5699.1,561109.407372482,4897170.77850081,hja2016_196,HJA-2016_soil_16,soil_detected,1,569.6823872868616,-0.8117702913937173,4181,51,0.012198038746711314,18.18
hja2016_032,54,hyporheic,3,363,207.7,561802.376768968,4897363.76997776,hja2016_196,HJA-2016_soil_16,soil_detected,1,1279.2921005908163,0.35534571219427125,4181,90,0.021525950729490553,22.18
hja2016_035,192,hyporheic,2,542,28.5,564620.252323511,4897836.74908965,hja2016_196,HJA-2016_soil_16,soil_detected,1,4116.253856475994,2.041331958467434,4181,85,0.020330064577852188,16.25
hja2016_037,43,hyporheic,1,538,7.8,567346.131940859,4898257.7304979,hja2016_196,HJA-2016_soil_16,soil_detected,1,6869.254359936313,2.7801535066701586,4181,72,0.017220760583592443,20.02
hja2016_042,165,planktonic,2,494,27.9,564789.244860317,4900155.64668049,hja2016_196,HJA-2016_soil_16,soil_detected,1,5301.207345181816,2.406320969589267,4181,45,0.010762975364745277,10.56
hja2016_043,KC-2,hyporheic,3,362,114.2,561999.368069268,4896735.79771081,hja2016_196,HJA-2016_soil_16,soil_detected,1,1392.9157922162822,0.4781080434208016,4181,121,0.028940444869648408,31.36
hja2016_049,67,planktonic,4,83,1558.1,567119.141965387,4897968.74326041,hja2016_196,HJA-2016_soil_16,soil_detected,1,6593.496474796202,2.7210437169974537,4181,35,0.008371203061468548,14.99
hja2016_050,165,hyporheic,2,494,27.9,564789.244860317,4900155.64668049,hja2016_196,HJA-2016_soil_16,soil_detected,1,5301.207345181816,2.406320969589267,4181,219,0.05237981344176035,24.18
hja2016_052,163,hyporheic,5,63,6126.6,559726.468447026,4896111.82526722,hja2016_196,HJA-2016_soil_16,soil_detected,1,1179.723230621148,0.23844843531177007,4181,222,0.05309734513274336,21.92
hja2016_056,KC-1,hyporheic,3,362,114.7,562012.367495176,4896802.79475203,hja2016_196,HJA-2016_soil_16,soil_detected,1,1400.1646650312857,0.48559650392338727,4181,222,0.05309734513274336,16.79
hja2016_057,71,hyporheic,3,556,101.7,562662.338790582,4897988.74237719,hja2016_196,HJA-2016_soil_16,soil_detected,1,2324.6088036368874,1.2169879529783219,4181,73,0.017459937813920114,13.27
hja2016_059,KC-2,planktonic,3,362,114.2,561999.368069268,4896735.79771081,hja2016_196,HJA-2016_soil_16,soil_detected,1,1392.9157922162822,0.4781080434208016,4181,261,0.0624252571155226,28.55
hja2016_062,WS3-3,hyporheic,2,511,93.4,560639.428128111,4896408.81215143,hja2016_196,HJA-2016_soil_16,soil_detected,1,479.92276293224097,-1.059125852596662,4181,301,0.07199234632862951,19.34
hja2016_064,WS3-4,planktonic,2,510,81.3,560692.425787583,4896348.81480109,hja2016_196,HJA-2016_soil_16,soil_detected,1,544.8455444412544,-0.87608078949406,4181,140,0.03348481224587419,25.2
hja2016_099,162,planktonic,5,66,6208.4,559348.485139852,4895468.85366269,hja2016_196,HJA-2016_soil_16,soil_detected,1,1902.0598347928849,0.92756263105714,4181,131,0.031332217172925135,4.25
hja2016_100,64,planktonic,2,163,33.5,570527.99142083,4895508.85189625,hja2016_196,HJA-2016_soil_16,soil_detected,1,10008.677094750621,3.3231793922411583,4181,84,0.020090887347524514,2.44
hja2016_101,58,planktonic,3,385,67.2,566998.147308857,4898497.71989928,hja2016_196,HJA-2016_soil_16,soil_detected,1,6583.155673272899,2.7187793138741787,4181,144,0.03444152116718489,4.76
hja2016_102,73,hyporheic,2,255,137,566310.177691566,4896786.79545861,hja2016_196,HJA-2016_soil_16,soil_detected,1,5696.274596264111,2.5100186949559355,4181,126,0.030136331021286773,4.03
hja2016_103,260,planktonic,4,23,866.1,566425.172613061,4897456.76587079,hja2016_196,HJA-2016_soil_16,soil_detected,1,5838.1299001296375,2.545506311591791,4181,288,0.06888304233436977,10.6
hja2016_105,178,planktonic,2,411,19.9,566185.18321168,4901793.57434491,hja2016_196,HJA-2016_soil_16,soil_detected,1,7422.450767825452,2.8918956190304383,4181,147,0.0351590528581679,4.56
hja2016_106,170,planktonic,2,229,49.4,570659.985591589,4896908.79007097,hja2016_196,HJA-2016_soil_16,soil_detected,1,10045.202859699495,3.3284347940235053,4181,78,0.01865582396555848,1.71
hja2016_107,57,hyporheic,4,131,1488.8,563668.294364702,4898599.71539487,hja2016_196,HJA-2016_soil_16,soil_detected,1,3500.4886692847454,1.8075563367839718,4181,190,0.04544367376225783,4.59
hja2016_109,169,planktonic,2,144,53.5,568641.074752475,4902527.5419308,hja2016_196,HJA-2016_soil_16,soil_detected,1,9809.398325968828,3.2941646493128647,4181,122,0.029179622099976082,4.85
hja2016_110,76,hyporheic,3,150,303.5,570464.994202967,4896947.7883487,hja2016_196,HJA-2016_soil_16,soil_detected,1,9850.370994788298,3.300178061854487,4181,118,0.02822291317866539,4.7
hja2016_111,160,planktonic,5,24,2569.5,566416.173010509,4897492.764281,hja2016_196,HJA-2016_soil_16,soil_detected,1,5832.795001316289,2.5441873702631943,4181,164,0.03922506577373834,4.87
hja2016_114,WS1-5,planktonic,2,522,87.9,559517.477676657,4895016.87362342,hja2016_196,HJA-2016_soil_16,soil_detected,1,2169.2449637815093,1.1171929797402849,4181,183,0.04376943314996412,5.64
hja2016_116,53,planktonic,3,78,280.7,568092.098996817,4898223.73199937,hja2016_196,HJA-2016_soil_16,soil_detected,1,7595.646474099408,2.925172759366735,4181,168,0.04018177469504903,5.1
hja2016_119,56,planktonic,3,321,99.5,562839.3309741,4897811.75019367,hja2016_196,HJA-2016_soil_16,soil_detected,1,2408.6603417304236,1.2682309656602717,4181,312,0.07462329586223392,10.04
hja2016_121,84,hyporheic,4,112,622.7,566447.171641521,4900685.6232752,hja2016_196,HJA-2016_soil_16,soil_detected,1,6959.717938076398,2.7990288380302877,4181,76,0.018177469504903135,1.58
hja2016_122,45,sediment,3,390,193.2,565977.192397151,4897892.74661664,hja2016_196,HJA-2016_soil_16,soil_detected,1,5455.686774898173,2.4477608178824526,4181,1033,0.247070078928486,55.04
hja2016_125,56,sediment,3,321,99.5,562839.3309741,4897811.75019367,hja2016_196,HJA-2016_soil_16,soil_detected,1,2408.6603417304236,1.2682309656602717,4181,1084,0.2592681176751973,55.99
hja2016_164,260,sediment,4,23,866.1,566425.172613061,4897456.76587079,hja2016_196,HJA-2016_soil_16,soil_detected,1,5838.1299001296375,2.545506311591791,4181,1092,0.2611815355178187,55.03
hja2016_166,57,sediment,4,131,1488.8,563668.294364702,4898599.71539487,hja2016_196,HJA-2016_soil_16,soil_detected,1,3500.4886692847454,1.8075563367839718,4181,828,0.19803874671131308,43.51
hja2016_167,WS3-1,sediment,2,511,96.4,560508.433913191,4896516.80738205,hja2016_196,HJA-2016_soil_16,soil_detected,1,386.2316397379532,-1.372461741517158,4181,1174,0.28079406840468785,62.03
hja2016_169,WS3-2,sediment,2,511,95.7,560554.431881789,4896487.80866272,hja2016_196,HJA-2016_soil_16,soil_detected,1,404.82117268042185,-1.3046433480314183,4181,1221,0.2920353982300885,62.13
hja2016_170,WS3-3,sediment,2,511,93.4,560639.428128111,4896408.81215143,hja2016_196,HJA-2016_soil_16,soil_detected,1,479.92276293224097,-1.059125852596662,4181,1120,0.26787849796699353,51.67
hja2016_177,WS1-3,sediment,2,522,92.1,559404.482666841,4895069.8712829,hja2016_196,HJA-2016_soil_16,soil_detected,1,2184.226089512698,1.1271221975291985,4181,1123,0.2685960296579766,59.07
hja2016_179,WS1-5,sediment,2,522,87.9,559517.477676657,4895016.87362342,hja2016_196,HJA-2016_soil_16,soil_detected,1,2169.2449637815093,1.1171929797402849,4181,884,0.21143267160966275,53.09
hja2016_180,WS1-6,sediment,2,522,82.7,559631.472642313,4894993.87463913,hja2016_196,HJA-2016_soil_16,soil_detected,1,2134.2541783474235,1.0937320037182612,4181,877,0.20975843099736904,46.89
hja2016_181,177,sediment,1,452,14.8,565808.199860345,4901620.58198475,hja2016_196,HJA-2016_soil_16,soil_detected,1,7026.2165905937445,2.812748049853662,4181,1226,0.29323128438172685,53.33
hja2016_001,50,planktonic,5,41,4956.4,563054.321479503,4898132.73601802,hja2016_196,HJA-2016_soil_16,soil_enriched,1,2738.6780114059197,1.4534796571880537,1074,3,0.002793296089385475,0.62
hja2016_008,WS3-1,hyporheic,2,511,96.4,560508.433913191,4896516.80738205,hja2016_196,HJA-2016_soil_16,soil_enriched,1,386.2316397379532,-1.372461741517158,1074,13,0.012104283054003724,1.33
hja2016_009,60,hyporheic,2,316,43.1,567391.129953618,4898693.71124374,hja2016_196,HJA-2016_soil_16,soil_enriched,1,7012.760859620901,2.8099825318721354,1074,9,0.008379888268156424,0.75
hja2016_010,164,planktonic,3,502,60.8,560307.442789535,4895737.8417834,hja2016_196,HJA-2016_soil_16,soil_enriched,1,1190.6180363670742,0.25171065466112563,1074,0,0,0
hja2016_011,WS1-6,planktonic,2,522,82.7,559631.472642313,4894993.87463913,hja2016_196,HJA-2016_soil_16,soil_enriched,1,2134.2541783474235,1.0937320037182612,1074,18,0.01675977653631285,1.09
hja2016_013,WS1-4,planktonic,2,522,89.8,559453.480502956,4895042.87247524,hja2016_196,HJA-2016_soil_16,soil_enriched,1,2180.263113241147,1.124502249342918,1074,10,0.00931098696461825,0.96
hja2016_014,WS1-6,hyporheic,2,522,82.7,559631.472642313,4894993.87463913,hja2016_196,HJA-2016_soil_16,soil_enriched,1,2134.2541783474235,1.0937320037182612,1074,5,0.004655493482309125,0.57
hja2016_015,47,hyporheic,4,134,1550.1,563254.31264732,4898130.73610634,hja2016_196,HJA-2016_soil_16,soil_enriched,1,2917.3863799096735,1.5446764700430593,1074,3,0.002793296089385475,0.65
hja2016_016,74,hyporheic,2,373,70,565310.221852481,4897724.75403567,hja2016_196,HJA-2016_soil_16,soil_enriched,1,4769.374571735653,2.2538000919301213,1074,2,0.00186219739292365,0.21
hja2016_018,WS1-5,hyporheic,2,522,87.9,559517.477676657,4895016.87362342,hja2016_196,HJA-2016_soil_16,soil_enriched,1,2169.2449637815093,1.1171929797402849,1074,16,0.0148975791433892,0.63
hja2016_019,155,hyporheic,2,345,81.2,565811.199727862,4897652.75721525,hja2016_196,HJA-2016_soil_16,soil_enriched,1,5252.354196489572,2.3929642087458163,1074,15,0.013966480446927373,2.76
hja2016_020,WS1-2,hyporheic,2,522,93.6,559354.484874886,4895103.86978142,hja2016_196,HJA-2016_soil_16,soil_enriched,1,2184.4660209961244,1.1272806650764116,1074,28,0.0260707635009311,1.6
hja2016_021,156,hyporheic,5,24,2575.9,566141.185154761,4897558.76136638,hja2016_196,HJA-2016_soil_16,soil_enriched,1,5566.9265511126805,2.476881048706795,1074,6,0.00558659217877095,0.99
hja2016_027,WS3-6,planktonic,2,510,78.4,560819.420179147,4896235.81979127,hja2016_196,HJA-2016_soil_16,soil_enriched,1,683.6233408177475,-0.5487264393783553,1074,8,0.0074487895716946,0.67
hja2016_065,68,hyporheic,5,30,3032.2,565145.229139031,4897899.74630751,hja2016_196,HJA-2016_soil_16,soil_enriched,1,4642.001103908723,2.214746865768016,1074,21,0.019553072625698324,1.92
hja2016_066,49,hyporheic,5,40,3399.1,563281.311454976,4898046.73981585,hja2016_196,HJA-2016_soil_16,soil_enriched,1,2907.353021932177,1.5397062596643345,1074,30,0.027932960893854747,1.85
hja2016_070,56,hyporheic,3,321,99.5,562839.3309741,4897811.75019367,hja2016_196,HJA-2016_soil_16,soil_enriched,1,2408.6603417304236,1.2682309656602717,1074,12,0.0111731843575419,1.02
hja2016_071,164,hyporheic,3,502,60.8,560307.442789535,4895737.8417834,hja2016_196,HJA-2016_soil_16,soil_enriched,1,1190.6180363670742,0.25171065466112563,1074,28,0.0260707635009311,1.48
hja2016_075,260,hyporheic,4,23,866.1,566425.172613061,4897456.76587079,hja2016_196,HJA-2016_soil_16,soil_enriched,1,5838.1299001296375,2.545506311591791,1074,10,0.00931098696461825,1.49
hja2016_078,CC-1,hyporheic,2,183,64,569956.016680872,4897740.75332909,hja2016_196,HJA-2016_soil_16,soil_enriched,1,9380.046197451158,3.229595028142524,1074,7,0.006517690875232775,1.06
hja2016_079,64,hyporheic,2,163,33.5,570527.99142083,4895508.85189625,hja2016_196,HJA-2016_soil_16,soil_enriched,1,10008.677094750621,3.3231793922411583,1074,30,0.027932960893854747,2.2
hja2016_084,177,hyporheic,1,452,14.8,565808.199860345,4901620.58198475,hja2016_196,HJA-2016_soil_16,soil_enriched,1,7026.2165905937445,2.812748049853662,1074,14,0.01303538175046555,1.13
hja2016_127,60,sediment,2,316,43.1,567391.129953618,4898693.71124374,hja2016_196,HJA-2016_soil_16,soil_enriched,1,7012.760859620901,2.8099825318721354,1074,81,0.07541899441340782,2.09
hja2016_129,72,sediment,4,16,568.3,566542.167446234,4896499.80813279,hja2016_196,HJA-2016_soil_16,soil_enriched,1,5940.068161278948,2.570479485802964,1074,140,0.1303538175046555,5.18
hja2016_131,74,sediment,2,373,70,565310.221852481,4897724.75403567,hja2016_196,HJA-2016_soil_16,soil_enriched,1,4769.374571735653,2.2538000919301213,1074,163,0.15176908752327747,5.52
hja2016_132,84,sediment,4,112,622.7,566447.171641521,4900685.6232752,hja2016_196,HJA-2016_soil_16,soil_enriched,1,6959.717938076398,2.7990288380302877,1074,204,0.18994413407821228,4.98
hja2016_133,161,sediment,5,51,5699.1,561109.407372482,4897170.77850081,hja2016_196,HJA-2016_soil_16,soil_enriched,1,569.6823872868616,-0.8117702913937173,1074,284,0.2644320297951583,13.16
hja2016_135,169,sediment,2,144,53.5,568641.074752475,4902527.5419308,hja2016_196,HJA-2016_soil_16,soil_enriched,1,9809.398325968828,3.2941646493128647,1074,178,0.16573556797020483,5.44
hja2016_136,190,sediment,1,546,14.2,564169.272240084,4897881.7471024,hja2016_196,HJA-2016_soil_16,soil_enriched,1,3690.741559224264,1.8839107177299603,1074,141,0.13128491620111732,3.76
hja2016_139,CC-2,sediment,2,183,63.6,569992.01509108,4897760.75244588,hja2016_196,HJA-2016_soil_16,soil_enriched,1,9417.728210217858,3.235379087956104,1074,195,0.18156424581005587,6.3
hja2016_140,CC-3,sediment,2,183,63,570038.013059678,4897795.75090024,hja2016_196,HJA-2016_soil_16,soil_enriched,1,9466.820661898211,3.2428799921725586,1074,132,0.12290502793296089,3.6
hja2016_141,CC-4,sediment,2,183,58.5,570162.007583724,4897831.74931045,hja2016_196,HJA-2016_soil_16,soil_enriched,1,9593.725261161992,3.2620911251726623,1074,140,0.1303538175046555,4.17
hja2016_142,KC-1,sediment,3,362,114.7,562012.367495176,4896802.79475203,hja2016_196,HJA-2016_soil_16,soil_enriched,1,1400.1646650312857,0.48559650392338727,1074,138,0.12849162011173185,3.67
hja2016_144,KC-3,sediment,3,362,114,562000.368025107,4896680.80013966,hja2016_196,HJA-2016_soil_16,soil_enriched,1,1400.9860674355689,0.4864426084871044,1074,102,0.09497206703910614,3.36
hja2016_145,155,sediment,2,345,81.2,565811.199727862,4897652.75721525,hja2016_196,HJA-2016_soil_16,soil_enriched,1,5252.354196489572,2.3929642087458163,1074,162,0.15083798882681565,5.27
hja2016_146,156,sediment,5,24,2575.9,566141.185154761,4897558.76136638,hja2016_196,HJA-2016_soil_16,soil_enriched,1,5566.9265511126805,2.476881048706795,1074,104,0.09683426443202979,2.67
hja2016_147,163,sediment,5,63,6126.6,559726.468447026,4896111.82526722,hja2016_196,HJA-2016_soil_16,soil_enriched,1,1179.723230621148,0.23844843531177007,1074,308,0.28677839851024206,12.9
hja2016_148,165,sediment,2,494,27.9,564789.244860317,4900155.64668049,hja2016_196,HJA-2016_soil_16,soil_enriched,1,5301.207345181816,2.406320969589267,1074,210,0.19553072625698323,6.84
hja2016_150,53,sediment,3,78,280.7,568092.098996817,4898223.73199937,hja2016_196,HJA-2016_soil_16,soil_enriched,1,7595.646474099408,2.925172759366735,1074,138,0.12849162011173185,3.46
hja2016_151,64,sediment,2,163,33.5,570527.99142083,4895508.85189625,hja2016_196,HJA-2016_soil_16,soil_enriched,1,10008.677094750621,3.3231793922411583,1074,341,0.31750465549348234,11.42
hja2016_152,66,sediment,4,79,1360.7,567970.104384448,4898153.73509064,hja2016_196,HJA-2016_soil_16,soil_enriched,1,7463.3952313087275,2.899832087457007,1074,130,0.12104283054003724,2.63
hja2016_155,82,sediment,2,536,36.6,564452.259742545,4899854.65997292,hja2016_196,HJA-2016_soil_16,soil_enriched,1,4850.415225517794,2.278108256197439,1074,208,0.19366852886405958,6.64
hja2016_157,43,sediment,1,538,7.8,567346.131940859,4898257.7304979,hja2016_196,HJA-2016_soil_16,soil_enriched,1,6869.254359936313,2.7801535066701586,1074,127,0.11824953445065177,2.93
hja2016_159,49,sediment,5,40,3399.1,563281.311454976,4898046.73981585,hja2016_196,HJA-2016_soil_16,soil_enriched,1,2907.353021932177,1.5397062596643345,1074,117,0.10893854748603352,3.15
hja2016_160,50,sediment,5,41,4956.4,563054.321479503,4898132.73601802,hja2016_196,HJA-2016_soil_16,soil_enriched,1,2738.6780114059197,1.4534796571880537,1074,61,0.056797020484171325,1.25
hja2016_031,161,hyporheic,5,51,5699.1,561109.407372482,4897170.77850081,hja2016_196,HJA-2016_soil_16,soil_enriched,1,569.6823872868616,-0.8117702913937173,1074,4,0.0037243947858473,0.97
hja2016_032,54,hyporheic,3,363,207.7,561802.376768968,4897363.76997776,hja2016_196,HJA-2016_soil_16,soil_enriched,1,1279.2921005908163,0.35534571219427125,1074,9,0.008379888268156424,1.11
hja2016_035,192,hyporheic,2,542,28.5,564620.252323511,4897836.74908965,hja2016_196,HJA-2016_soil_16,soil_enriched,1,4116.253856475994,2.041331958467434,1074,7,0.006517690875232775,1.19
hja2016_037,43,hyporheic,1,538,7.8,567346.131940859,4898257.7304979,hja2016_196,HJA-2016_soil_16,soil_enriched,1,6869.254359936313,2.7801535066701586,1074,0,0,0
hja2016_042,165,planktonic,2,494,27.9,564789.244860317,4900155.64668049,hja2016_196,HJA-2016_soil_16,soil_enriched,1,5301.207345181816,2.406320969589267,1074,1,9.31098696461825e-4,0.07
hja2016_043,KC-2,hyporheic,3,362,114.2,561999.368069268,4896735.79771081,hja2016_196,HJA-2016_soil_16,soil_enriched,1,1392.9157922162822,0.4781080434208016,1074,7,0.006517690875232775,1.21
hja2016_049,67,planktonic,4,83,1558.1,567119.141965387,4897968.74326041,hja2016_196,HJA-2016_soil_16,soil_enriched,1,6593.496474796202,2.7210437169974537,1074,4,0.0037243947858473,0.08
hja2016_050,165,hyporheic,2,494,27.9,564789.244860317,4900155.64668049,hja2016_196,HJA-2016_soil_16,soil_enriched,1,5301.207345181816,2.406320969589267,1074,16,0.0148975791433892,1.25
hja2016_052,163,hyporheic,5,63,6126.6,559726.468447026,4896111.82526722,hja2016_196,HJA-2016_soil_16,soil_enriched,1,1179.723230621148,0.23844843531177007,1074,25,0.023277467411545624,1.41
hja2016_056,KC-1,hyporheic,3,362,114.7,562012.367495176,4896802.79475203,hja2016_196,HJA-2016_soil_16,soil_enriched,1,1400.1646650312857,0.48559650392338727,1074,19,0.017690875232774673,1.04
hja2016_057,71,hyporheic,3,556,101.7,562662.338790582,4897988.74237719,hja2016_196,HJA-2016_soil_16,soil_enriched,1,2324.6088036368874,1.2169879529783219,1074,4,0.0037243947858473,0.78
hja2016_059,KC-2,planktonic,3,362,114.2,561999.368069268,4896735.79771081,hja2016_196,HJA-2016_soil_16,soil_enriched,1,1392.9157922162822,0.4781080434208016,1074,28,0.0260707635009311,1.71
hja2016_062,WS3-3,hyporheic,2,511,93.4,560639.428128111,4896408.81215143,hja2016_196,HJA-2016_soil_16,soil_enriched,1,479.92276293224097,-1.059125852596662,1074,20,0.0186219739292365,1.22
hja2016_064,WS3-4,planktonic,2,510,81.3,560692.425787583,4896348.81480109,hja2016_196,HJA-2016_soil_16,soil_enriched,1,544.8455444412544,-0.87608078949406,1074,10,0.00931098696461825,1.19
hja2016_099,162,planktonic,5,66,6208.4,559348.485139852,4895468.85366269,hja2016_196,HJA-2016_soil_16,soil_enriched,1,1902.0598347928849,0.92756263105714,1074,12,0.0111731843575419,0.37
hja2016_100,64,planktonic,2,163,33.5,570527.99142083,4895508.85189625,hja2016_196,HJA-2016_soil_16,soil_enriched,1,10008.677094750621,3.3231793922411583,1074,10,0.00931098696461825,0.19
hja2016_101,58,planktonic,3,385,67.2,566998.147308857,4898497.71989928,hja2016_196,HJA-2016_soil_16,soil_enriched,1,6583.155673272899,2.7187793138741787,1074,22,0.020484171322160148,0.37
hja2016_102,73,hyporheic,2,255,137,566310.177691566,4896786.79545861,hja2016_196,HJA-2016_soil_16,soil_enriched,1,5696.274596264111,2.5100186949559355,1074,18,0.01675977653631285,0.44
hja2016_103,260,planktonic,4,23,866.1,566425.172613061,4897456.76587079,hja2016_196,HJA-2016_soil_16,soil_enriched,1,5838.1299001296375,2.545506311591791,1074,56,0.0521415270018622,1.1
hja2016_105,178,planktonic,2,411,19.9,566185.18321168,4901793.57434491,hja2016_196,HJA-2016_soil_16,soil_enriched,1,7422.450767825452,2.8918956190304383,1074,21,0.019553072625698324,0.52
hja2016_106,170,planktonic,2,229,49.4,570659.985591589,4896908.79007097,hja2016_196,HJA-2016_soil_16,soil_enriched,1,10045.202859699495,3.3284347940235053,1074,10,0.00931098696461825,0.13
hja2016_107,57,hyporheic,4,131,1488.8,563668.294364702,4898599.71539487,hja2016_196,HJA-2016_soil_16,soil_enriched,1,3500.4886692847454,1.8075563367839718,1074,28,0.0260707635009311,0.6
hja2016_109,169,planktonic,2,144,53.5,568641.074752475,4902527.5419308,hja2016_196,HJA-2016_soil_16,soil_enriched,1,9809.398325968828,3.2941646493128647,1074,15,0.013966480446927373,0.59
hja2016_110,76,hyporheic,3,150,303.5,570464.994202967,4896947.7883487,hja2016_196,HJA-2016_soil_16,soil_enriched,1,9850.370994788298,3.300178061854487,1074,15,0.013966480446927373,0.43
hja2016_111,160,planktonic,5,24,2569.5,566416.173010509,4897492.764281,hja2016_196,HJA-2016_soil_16,soil_enriched,1,5832.795001316289,2.5441873702631943,1074,25,0.023277467411545624,0.62
hja2016_114,WS1-5,planktonic,2,522,87.9,559517.477676657,4895016.87362342,hja2016_196,HJA-2016_soil_16,soil_enriched,1,2169.2449637815093,1.1171929797402849,1074,25,0.023277467411545624,0.45
hja2016_116,53,planktonic,3,78,280.7,568092.098996817,4898223.73199937,hja2016_196,HJA-2016_soil_16,soil_enriched,1,7595.646474099408,2.925172759366735,1074,26,0.024208566108007448,0.64
hja2016_119,56,planktonic,3,321,99.5,562839.3309741,4897811.75019367,hja2016_196,HJA-2016_soil_16,soil_enriched,1,2408.6603417304236,1.2682309656602717,1074,56,0.0521415270018622,1.28
hja2016_121,84,hyporheic,4,112,622.7,566447.171641521,4900685.6232752,hja2016_196,HJA-2016_soil_16,soil_enriched,1,6959.717938076398,2.7990288380302877,1074,11,0.010242085661080074,0.14
hja2016_122,45,sediment,3,390,193.2,565977.192397151,4897892.74661664,hja2016_196,HJA-2016_soil_16,soil_enriched,1,5455.686774898173,2.4477608178824526,1074,125,0.11638733705772812,3.12
hja2016_125,56,sediment,3,321,99.5,562839.3309741,4897811.75019367,hja2016_196,HJA-2016_soil_16,soil_enriched,1,2408.6603417304236,1.2682309656602717,1074,138,0.12849162011173185,3.61
hja2016_164,260,sediment,4,23,866.1,566425.172613061,4897456.76587079,hja2016_196,HJA-2016_soil_16,soil_enriched,1,5838.1299001296375,2.545506311591791,1074,206,0.19180633147113593,4.94
hja2016_166,57,sediment,4,131,1488.8,563668.294364702,4898599.71539487,hja2016_196,HJA-2016_soil_16,soil_enriched,1,3500.4886692847454,1.8075563367839718,1074,81,0.07541899441340782,1.58
hja2016_167,WS3-1,sediment,2,511,96.4,560508.433913191,4896516.80738205,hja2016_196,HJA-2016_soil_16,soil_enriched,1,386.2316397379532,-1.372461741517158,1074,303,0.28212290502793297,13.1
hja2016_169,WS3-2,sediment,2,511,95.7,560554.431881789,4896487.80866272,hja2016_196,HJA-2016_soil_16,soil_enriched,1,404.82117268042185,-1.3046433480314183,1074,318,0.29608938547486036,13.18
hja2016_170,WS3-3,sediment,2,511,93.4,560639.428128111,4896408.81215143,hja2016_196,HJA-2016_soil_16,soil_enriched,1,479.92276293224097,-1.059125852596662,1074,187,0.17411545623836128,4.35
hja2016_177,WS1-3,sediment,2,522,92.1,559404.482666841,4895069.8712829,hja2016_196,HJA-2016_soil_16,soil_enriched,1,2184.226089512698,1.1271221975291985,1074,185,0.17225325884543763,5.61
hja2016_179,WS1-5,sediment,2,522,87.9,559517.477676657,4895016.87362342,hja2016_196,HJA-2016_soil_16,soil_enriched,1,2169.2449637815093,1.1171929797402849,1074,119,0.11080074487895716,3.29
hja2016_180,WS1-6,sediment,2,522,82.7,559631.472642313,4894993.87463913,hja2016_196,HJA-2016_soil_16,soil_enriched,1,2134.2541783474235,1.0937320037182612,1074,80,0.074487895716946,1.63
hja2016_181,177,sediment,1,452,14.8,565808.199860345,4901620.58198475,hja2016_196,HJA-2016_soil_16,soil_enriched,1,7026.2165905937445,2.812748049853662,1074,205,0.1908752327746741,4.45
hja2016_001,50,planktonic,5,41,4956.4,563054.321479503,4898132.73601802,hja2016_197,HJA-2016_soil_17,soil_detected,1,5142.561473306318,2.3624871345847436,1654,14,0.008464328899637243,5.01
hja2016_008,WS3-1,hyporheic,2,511,96.4,560508.433913191,4896516.80738205,hja2016_197,HJA-2016_soil_17,soil_detected,1,2167.591609835966,1.1160929679629727,1654,35,0.021160822249093107,6.33
hja2016_009,60,hyporheic,2,316,43.1,567391.129953618,4898693.71124374,hja2016_197,HJA-2016_soil_17,soil_detected,1,9169.500851157969,3.196843201741939,1654,36,0.02176541717049577,8.18
hja2016_010,164,planktonic,3,502,60.8,560307.442789535,4895737.8417834,hja2016_197,HJA-2016_soil_17,soil_detected,1,1511.2132607297297,0.5957072663843692,1654,14,0.008464328899637243,5.64
hja2016_011,WS1-6,planktonic,2,522,82.7,559631.472642313,4894993.87463913,hja2016_197,HJA-2016_soil_17,soil_detected,1,606.3740533198791,-0.7217200728223002,1654,95,0.05743651753325272,7.74
hja2016_013,WS1-4,planktonic,2,522,89.8,559453.480502956,4895042.87247524,hja2016_197,HJA-2016_soil_17,soil_detected,1,439.21746981759634,-1.1869926563958684,1654,50,0.030229746070133012,7.42
hja2016_014,WS1-6,hyporheic,2,522,82.7,559631.472642313,4894993.87463913,hja2016_197,HJA-2016_soil_17,soil_detected,1,606.3740533198791,-0.7217200728223002,1654,38,0.022974607013301087,9.77
hja2016_015,47,hyporheic,4,134,1550.1,563254.31264732,4898130.73610634,hja2016_197,HJA-2016_soil_17,soil_detected,1,5299.391638008729,2.405826750014677,1654,28,0.016928657799274487,7.48
hja2016_016,74,hyporheic,2,373,70,565310.221852481,4897724.75403567,hja2016_197,HJA-2016_soil_17,soil_detected,1,6874.326463811788,2.7812183673544415,1654,22,0.013301088270858524,3.41
hja2016_018,WS1-5,hyporheic,2,522,87.9,559517.477676657,4895016.87362342,hja2016_197,HJA-2016_soil_17,soil_detected,1,496.42309199158746,-1.0103578683657295,1654,45,0.02720677146311971,3.92
hja2016_019,155,hyporheic,2,345,81.2,565811.199727862,4897652.75721525,hja2016_197,HJA-2016_soil_17,soil_detected,1,7307.871101678858,2.8694511875219564,1654,43,0.02599758162031439,6.31
hja2016_020,WS1-2,hyporheic,2,522,93.6,559354.484874886,4895103.86978142,hja2016_197,HJA-2016_soil_17,soil_detected,1,368.19569930090256,-1.44145531945836,1654,97,0.058645707376058044,9.52
hja2016_021,156,hyporheic,5,24,2575.9,566141.185154761,4897558.76136638,hja2016_197,HJA-2016_soil_17,soil_detected,1,7582.092536369678,2.9225960641248805,1654,25,0.015114873035066506,4.78
hja2016_027,WS3-6,planktonic,2,510,78.4,560819.420179147,4896235.81979127,hja2016_197,HJA-2016_soil_17,soil_detected,1,2214.725386135582,1.1471278235560631,1654,55,0.03325272067714631,6.22
hja2016_065,68,hyporheic,5,30,3032.2,565145.229139031,4897899.74630751,hja2016_197,HJA-2016_soil_17,soil_detected,1,6798.391859301038,2.7651935212172,1654,71,0.042926239419588876,10.35
hja2016_066,49,hyporheic,5,40,3399.1,563281.311454976,4898046.73981585,hja2016_197,HJA-2016_soil_17,soil_detected,1,5270.902629810743,2.3980500411877874,1654,62,0.037484885126964934,5.43
hja2016_070,56,hyporheic,3,321,99.5,562839.3309741,4897811.75019367,hja2016_197,HJA-2016_soil_17,soil_detected,1,4775.995104478822,2.2558013578029388,1654,34,0.020556227327690448,5.33
hja2016_071,164,hyporheic,3,502,60.8,560307.442789535,4895737.8417834,hja2016_197,HJA-2016_soil_17,soil_detected,1,1511.2132607297297,0.5957072663843692,1654,89,0.05380894800483676,7.99
hja2016_075,260,hyporheic,4,23,866.1,566425.172613061,4897456.76587079,hja2016_197,HJA-2016_soil_17,soil_detected,1,7815.604598230904,2.9663574813031057,1654,53,0.03204353083434099,9.07
hja2016_078,CC-1,hyporheic,2,183,64,569956.016680872,4897740.75332909,hja2016_197,HJA-2016_soil_17,soil_detected,1,11282.73288111161,3.4960446516746297,1654,40,0.02418379685610641,6.31
hja2016_079,64,hyporheic,2,163,33.5,570527.99142083,4895508.85189625,hja2016_197,HJA-2016_soil_17,soil_detected,1,11514.259312802751,3.5253497035764814,1654,76,0.045949214026602174,11.04
hja2016_084,177,hyporheic,1,452,14.8,565808.199860345,4901620.58198475,hja2016_197,HJA-2016_soil_17,soil_detected,1,9523.006575182973,3.2514171288180895,1654,38,0.022974607013301087,6.76
hja2016_127,60,sediment,2,316,43.1,567391.129953618,4898693.71124374,hja2016_197,HJA-2016_soil_17,soil_detected,1,9169.500851157969,3.196843201741939,1654,206,0.12454655380894801,13.44
hja2016_129,72,sediment,4,16,568.3,566542.167446234,4896499.80813279,hja2016_197,HJA-2016_soil_17,soil_detected,1,7675.577447144639,2.9402752910423118,1654,201,0.1215235792019347,13.12
hja2016_131,74,sediment,2,373,70,565310.221852481,4897724.75403567,hja2016_197,HJA-2016_soil_17,soil_detected,1,6874.326463811788,2.7812183673544415,1654,210,0.12696493349455865,12.97
hja2016_132,84,sediment,4,112,622.7,566447.171641521,4900685.6232752,hja2016_197,HJA-2016_soil_17,soil_detected,1,9387.768672449809,3.230782292306195,1654,253,0.15296251511487305,14.07
hja2016_133,161,sediment,5,51,5699.1,561109.407372482,4897170.77850081,hja2016_197,HJA-2016_soil_17,soil_detected,1,3055.73922385039,1.6115214293322166,1654,285,0.17230955259975816,19.36
hja2016_135,169,sediment,2,144,53.5,568641.074752475,4902527.5419308,hja2016_197,HJA-2016_soil_17,soil_detected,1,12250.699071003923,3.614792172073928,1654,229,0.13845223700120918,15.26
hja2016_136,190,sediment,1,546,14.2,564169.272240084,4897881.7471024,hja2016_197,HJA-2016_soil_17,soil_detected,1,5926.558433392558,2.567194571477822,1654,207,0.12515114873035066,13.49
hja2016_139,CC-2,sediment,2,183,63.6,569992.01509108,4897760.75244588,hja2016_197,HJA-2016_soil_17,soil_detected,1,11322.580068739775,3.501130836471489,1654,268,0.16203143893591293,16.27
hja2016_140,CC-3,sediment,2,183,63,570038.013059678,4897795.75090024,hja2016_197,HJA-2016_soil_17,soil_detected,1,11375.882323631278,3.5079065412590453,1654,230,0.13905683192261184,14.06
hja2016_141,CC-4,sediment,2,183,58.5,570162.007583724,4897831.74931045,hja2016_197,HJA-2016_soil_17,soil_detected,1,11504.945935734104,3.5241822989246745,1654,221,0.1336154776299879,14.6
hja2016_142,KC-1,sediment,3,362,114.7,562012.367495176,4896802.79475203,hja2016_197,HJA-2016_soil_17,soil_detected,1,3521.4066934929992,1.8161518562276542,1654,173,0.10459492140266022,11.29
hja2016_144,KC-3,sediment,3,362,114,562000.368025107,4896680.80013966,hja2016_197,HJA-2016_soil_17,soil_detected,1,3447.8406349206816,1.7856930921407355,1654,140,0.08464328899637243,11.35
hja2016_145,155,sediment,2,345,81.2,565811.199727862,4897652.75721525,hja2016_197,HJA-2016_soil_17,soil_detected,1,7307.871101678858,2.8694511875219564,1654,214,0.1293833131801693,13.04
hja2016_146,156,sediment,5,24,2575.9,566141.185154761,4897558.76136638,hja2016_197,HJA-2016_soil_17,soil_detected,1,7582.092536369678,2.9225960641248805,1654,205,0.12394195888754535,13.2
hja2016_147,163,sediment,5,63,6126.6,559726.468447026,4896111.82526722,hja2016_197,HJA-2016_soil_17,soil_detected,1,1369.794094338863,0.45395904544721744,1654,300,0.18137847642079807,19.88
hja2016_148,165,sediment,2,494,27.9,564789.244860317,4900155.64668049,hja2016_197,HJA-2016_soil_17,soil_detected,1,7775.746857685037,2.958981252237534,1654,261,0.15779927448609432,16.95
hja2016_150,53,sediment,3,78,280.7,568092.098996817,4898223.73199937,hja2016_197,HJA-2016_soil_17,soil_detected,1,9642.711543314153,3.269438891270688,1654,204,0.12333736396614269,13.28
hja2016_151,64,sediment,2,163,33.5,570527.99142083,4895508.85189625,hja2016_197,HJA-2016_soil_17,soil_detected,1,11514.259312802751,3.5253497035764814,1654,331,0.20012091898428053,17.56
hja2016_152,66,sediment,4,79,1360.7,567970.104384448,4898153.73509064,hja2016_197,HJA-2016_soil_17,soil_detected,1,9504.184932917147,3.2485629084457837,1654,186,0.1124546553808948,11.28
hja2016_155,82,sediment,2,536,36.6,564452.259742545,4899854.65997292,hja2016_197,HJA-2016_soil_17,soil_detected,1,7323.927992416931,2.8726176068788756,1654,277,0.1674727932285369,17.46
hja2016_157,43,sediment,1,538,7.8,567346.131940859,4898257.7304979,hja2016_197,HJA-2016_soil_17,soil_detected,1,8957.699521987983,3.1631282730915333,1654,223,0.13482466747279323,13.62
hja2016_159,49,sediment,5,40,3399.1,563281.311454976,4898046.73981585,hja2016_197,HJA-2016_soil_17,soil_detected,1,5270.902629810743,2.3980500411877874,1654,182,0.11003627569528417,13.65
hja2016_160,50,sediment,5,41,4956.4,563054.321479503,4898132.73601802,hja2016_197,HJA-2016_soil_17,soil_detected,1,5142.561473306318,2.3624871345847436,1654,199,0.12031438935912939,11.12
hja2016_031,161,hyporheic,5,51,5699.1,561109.407372482,4897170.77850081,hja2016_197,HJA-2016_soil_17,soil_detected,1,3055.73922385039,1.6115214293322166,1654,14,0.008464328899637243,3.18
hja2016_032,54,hyporheic,3,363,207.7,561802.376768968,4897363.76997776,hja2016_197,HJA-2016_soil_17,soil_detected,1,3688.240051990639,1.8829325577590874,1654,21,0.012696493349455865,8.19
hja2016_035,192,hyporheic,2,542,28.5,564620.252323511,4897836.74908965,hja2016_197,HJA-2016_soil_17,soil_detected,1,6300.895117747916,2.6555567953115125,1654,25,0.015114873035066506,4.98
hja2016_037,43,hyporheic,1,538,7.8,567346.131940859,4898257.7304979,hja2016_197,HJA-2016_soil_17,soil_detected,1,8957.699521987983,3.1631282730915333,1654,18,0.010882708585247884,4.18
hja2016_042,165,planktonic,2,494,27.9,564789.244860317,4900155.64668049,hja2016_197,HJA-2016_soil_17,soil_detected,1,7775.746857685037,2.958981252237534,1654,13,0.007859733978234583,2.76
hja2016_043,KC-2,hyporheic,3,362,114.2,561999.368069268,4896735.79771081,hja2016_197,HJA-2016_soil_17,soil_detected,1,3475.182033524307,1.797088549630261,1654,34,0.020556227327690448,7.62
hja2016_049,67,planktonic,4,83,1558.1,567119.141965387,4897968.74326041,hja2016_197,HJA-2016_soil_17,soil_detected,1,8641.634103484002,3.1113041468887195,1654,15,0.009068923821039904,7.84
hja2016_050,165,hyporheic,2,494,27.9,564789.244860317,4900155.64668049,hja2016_197,HJA-2016_soil_17,soil_detected,1,7775.746857685037,2.958981252237534,1654,54,0.032648125755743655,6.85
hja2016_052,163,hyporheic,5,63,6126.6,559726.468447026,4896111.82526722,hja2016_197,HJA-2016_soil_17,soil_detected,1,1369.794094338863,0.45395904544721744,1654,69,0.04171704957678356,6.75
hja2016_056,KC-1,hyporheic,3,362,114.7,562012.367495176,4896802.79475203,hja2016_197,HJA-2016_soil_17,soil_detected,1,3521.4066934929992,1.8161518562276542,1654,51,0.03083434099153567,4.98
hja2016_057,71,hyporheic,3,556,101.7,562662.338790582,4897988.74237719,hja2016_197,HJA-2016_soil_17,soil_detected,1,4747.900319734572,2.247289646493258,1654,27,0.016324062877871828,4.56
hja2016_059,KC-2,planktonic,3,362,114.2,561999.368069268,4896735.79771081,hja2016_197,HJA-2016_soil_17,soil_detected,1,3475.182033524307,1.797088549630261,1654,80,0.04836759371221282,9.14
hja2016_062,WS3-3,hyporheic,2,511,93.4,560639.428128111,4896408.81215143,hja2016_197,HJA-2016_soil_17,soil_detected,1,2184.743418632016,1.1274638562004458,1654,85,0.051390568319226115,6.13
hja2016_064,WS3-4,planktonic,2,510,81.3,560692.425787583,4896348.81480109,hja2016_197,HJA-2016_soil_17,soil_detected,1,2184.7800335612033,1.127488034661708,1654,36,0.02176541717049577,7.64
hja2016_099,162,planktonic,5,66,6208.4,559348.485139852,4895468.85366269,hja2016_197,HJA-2016_soil_17,soil_detected,1,623.9598606907086,-0.6804748713207587,1654,53,0.03204353083434099,1.62
hja2016_100,64,planktonic,2,163,33.5,570527.99142083,4895508.85189625,hja2016_197,HJA-2016_soil_17,soil_detected,1,11514.259312802751,3.5253497035764814,1654,38,0.022974607013301087,0.84
hja2016_101,58,planktonic,3,385,67.2,566998.147308857,4898497.71989928,hja2016_197,HJA-2016_soil_17,soil_detected,1,8730.726668677686,3.12610173606185,1654,63,0.0380894800483676,1.65
hja2016_102,73,hyporheic,2,255,137,566310.177691566,4896786.79545861,hja2016_197,HJA-2016_soil_17,soil_detected,1,7514.211515619127,2.9096217266051716,1654,47,0.028415961305925032,1.56
hja2016_103,260,planktonic,4,23,866.1,566425.172613061,4897456.76587079,hja2016_197,HJA-2016_soil_17,soil_detected,1,7815.604598230904,2.9663574813031057,1654,96,0.05804111245465538,3.39
hja2016_105,178,planktonic,2,411,19.9,566185.18321168,4901793.57434491,hja2016_197,HJA-2016_soil_17,soil_detected,1,9913.89470826251,3.3094519365695696,1654,60,0.036275695284159616,1.63
hja2016_106,170,planktonic,2,229,49.4,570659.985591589,4896908.79007097,hja2016_197,HJA-2016_soil_17,soil_detected,1,11798.40644113867,3.5605201091593233,1654,33,0.01995163240628779,0.58
hja2016_107,57,hyporheic,4,131,1488.8,563668.294364702,4898599.71539487,hja2016_197,HJA-2016_soil_17,soil_detected,1,5913.794021875524,2.5640839950994656,1654,79,0.047762998790810154,1.64
hja2016_109,169,planktonic,2,144,53.5,568641.074752475,4902527.5419308,hja2016_197,HJA-2016_soil_17,soil_detected,1,12250.699071003923,3.614792172073928,1654,53,0.03204353083434099,1.86
hja2016_110,76,hyporheic,3,150,303.5,570464.994202967,4896947.7883487,hja2016_197,HJA-2016_soil_17,soil_detected,1,11612.914452589946,3.5376581806687115,1654,48,0.02902055622732769,1.76
hja2016_111,160,planktonic,5,24,2569.5,566416.173010509,4897492.764281,hja2016_197,HJA-2016_soil_17,soil_detected,1,7818.7968460936545,2.966946623169685,1654,67,0.04050785973397823,1.76
hja2016_114,WS1-5,planktonic,2,522,87.9,559517.477676657,4895016.87362342,hja2016_197,HJA-2016_soil_17,soil_detected,1,496.42309199158746,-1.0103578683657295,1654,83,0.0501813784764208,1.95
hja2016_116,53,planktonic,3,78,280.7,568092.098996817,4898223.73199937,hja2016_197,HJA-2016_soil_17,soil_detected,1,9642.711543314153,3.269438891270688,1654,77,0.046553808948004836,1.93
hja2016_119,56,planktonic,3,321,99.5,562839.3309741,4897811.75019367,hja2016_197,HJA-2016_soil_17,soil_detected,1,4775.995104478822,2.2558013578029388,1654,118,0.07134220072551391,3.27
hja2016_121,84,hyporheic,4,112,622.7,566447.171641521,4900685.6232752,hja2016_197,HJA-2016_soil_17,soil_detected,1,9387.768672449809,3.230782292306195,1654,36,0.02176541717049577,0.61
hja2016_122,45,sediment,3,390,193.2,565977.192397151,4897892.74661664,hja2016_197,HJA-2016_soil_17,soil_detected,1,7552.962137358374,2.9170425547397207,1654,208,0.12575574365175332,15.21
hja2016_125,56,sediment,3,321,99.5,562839.3309741,4897811.75019367,hja2016_197,HJA-2016_soil_17,soil_detected,1,4775.995104478822,2.2558013578029388,1654,225,0.13603385731559856,15.42
hja2016_164,260,sediment,4,23,866.1,566425.172613061,4897456.76587079,hja2016_197,HJA-2016_soil_17,soil_detected,1,7815.604598230904,2.9663574813031057,1654,253,0.15296251511487305,14.55
hja2016_166,57,sediment,4,131,1488.8,563668.294364702,4898599.71539487,hja2016_197,HJA-2016_soil_17,soil_detected,1,5913.794021875524,2.5640839950994656,1654,210,0.12696493349455865,11.7
hja2016_167,WS3-1,sediment,2,511,96.4,560508.433913191,4896516.80738205,hja2016_197,HJA-2016_soil_17,soil_detected,1,2167.591609835966,1.1160929679629727,1654,319,0.1928657799274486,21.77
hja2016_169,WS3-2,sediment,2,511,95.7,560554.431881789,4896487.80866272,hja2016_197,HJA-2016_soil_17,soil_detected,1,2178.476628857452,1.1233196358088222,1654,330,0.19951632406287786,20.35
hja2016_170,WS3-3,sediment,2,511,93.4,560639.428128111,4896408.81215143,hja2016_197,HJA-2016_soil_17,soil_detected,1,2184.743418632016,1.1274638562004458,1654,275,0.16626360338573157,15.72
hja2016_177,WS1-3,sediment,2,522,92.1,559404.482666841,4895069.8712829,hja2016_197,HJA-2016_soil_17,soil_detected,1,400.33553360311737,-1.3207184205112905,1654,245,0.14812575574365175,14.71
hja2016_179,WS1-5,sediment,2,522,87.9,559517.477676657,4895016.87362342,hja2016_197,HJA-2016_soil_17,soil_detected,1,496.42309199158746,-1.0103578683657295,1654,211,0.1275695284159613,13.96
hja2016_180,WS1-6,sediment,2,522,82.7,559631.472642313,4894993.87463913,hja2016_197,HJA-2016_soil_17,soil_detected,1,606.3740533198791,-0.7217200728223002,1654,228,0.13784764207980654,12.48
hja2016_181,177,sediment,1,452,14.8,565808.199860345,4901620.58198475,hja2016_197,HJA-2016_soil_17,soil_detected,1,9523.006575182973,3.2514171288180895,1654,293,0.17714631197097944,16.05
hja2016_001,50,planktonic,5,41,4956.4,563054.321479503,4898132.73601802,hja2016_197,HJA-2016_soil_17,soil_enriched,1,5142.561473306318,2.3624871345847436,772,1,0.0012953367875647669,0.49
hja2016_008,WS3-1,hyporheic,2,511,96.4,560508.433913191,4896516.80738205,hja2016_197,HJA-2016_soil_17,soil_enriched,1,2167.591609835966,1.1160929679629727,772,5,0.006476683937823834,0.46
hja2016_009,60,hyporheic,2,316,43.1,567391.129953618,4898693.71124374,hja2016_197,HJA-2016_soil_17,soil_enriched,1,9169.500851157969,3.196843201741939,772,6,0.007772020725388601,0.55
hja2016_010,164,planktonic,3,502,60.8,560307.442789535,4895737.8417834,hja2016_197,HJA-2016_soil_17,soil_enriched,1,1511.2132607297297,0.5957072663843692,772,0,0,0
hja2016_011,WS1-6,planktonic,2,522,82.7,559631.472642313,4894993.87463913,hja2016_197,HJA-2016_soil_17,soil_enriched,1,606.3740533198791,-0.7217200728223002,772,13,0.01683937823834197,0.93
hja2016_013,WS1-4,planktonic,2,522,89.8,559453.480502956,4895042.87247524,hja2016_197,HJA-2016_soil_17,soil_enriched,1,439.21746981759634,-1.1869926563958684,772,7,0.009067357512953367,0.53
hja2016_014,WS1-6,hyporheic,2,522,82.7,559631.472642313,4894993.87463913,hja2016_197,HJA-2016_soil_17,soil_enriched,1,606.3740533198791,-0.7217200728223002,772,4,0.0051813471502590676,0.45
hja2016_015,47,hyporheic,4,134,1550.1,563254.31264732,4898130.73610634,hja2016_197,HJA-2016_soil_17,soil_enriched,1,5299.391638008729,2.405826750014677,772,2,0.0025906735751295338,0.62
hja2016_016,74,hyporheic,2,373,70,565310.221852481,4897724.75403567,hja2016_197,HJA-2016_soil_17,soil_enriched,1,6874.326463811788,2.7812183673544415,772,1,0.0012953367875647669,0.05
hja2016_018,WS1-5,hyporheic,2,522,87.9,559517.477676657,4895016.87362342,hja2016_197,HJA-2016_soil_17,soil_enriched,1,496.42309199158746,-1.0103578683657295,772,8,0.010362694300518135,0.37
hja2016_019,155,hyporheic,2,345,81.2,565811.199727862,4897652.75721525,hja2016_197,HJA-2016_soil_17,soil_enriched,1,7307.871101678858,2.8694511875219564,772,8,0.010362694300518135,1.53
hja2016_020,WS1-2,hyporheic,2,522,93.6,559354.484874886,4895103.86978142,hja2016_197,HJA-2016_soil_17,soil_enriched,1,368.19569930090256,-1.44145531945836,772,14,0.018134715025906734,1
hja2016_021,156,hyporheic,5,24,2575.9,566141.185154761,4897558.76136638,hja2016_197,HJA-2016_soil_17,soil_enriched,1,7582.092536369678,2.9225960641248805,772,4,0.0051813471502590676,0.67
hja2016_027,WS3-6,planktonic,2,510,78.4,560819.420179147,4896235.81979127,hja2016_197,HJA-2016_soil_17,soil_enriched,1,2214.725386135582,1.1471278235560631,772,7,0.009067357512953367,0.47
hja2016_065,68,hyporheic,5,30,3032.2,565145.229139031,4897899.74630751,hja2016_197,HJA-2016_soil_17,soil_enriched,1,6798.391859301038,2.7651935212172,772,14,0.018134715025906734,1.41
hja2016_066,49,hyporheic,5,40,3399.1,563281.311454976,4898046.73981585,hja2016_197,HJA-2016_soil_17,soil_enriched,1,5270.902629810743,2.3980500411877874,772,14,0.018134715025906734,0.88
hja2016_070,56,hyporheic,3,321,99.5,562839.3309741,4897811.75019367,hja2016_197,HJA-2016_soil_17,soil_enriched,1,4775.995104478822,2.2558013578029388,772,6,0.007772020725388601,0.57
hja2016_071,164,hyporheic,3,502,60.8,560307.442789535,4895737.8417834,hja2016_197,HJA-2016_soil_17,soil_enriched,1,1511.2132607297297,0.5957072663843692,772,12,0.015544041450777202,0.73
hja2016_075,260,hyporheic,4,23,866.1,566425.172613061,4897456.76587079,hja2016_197,HJA-2016_soil_17,soil_enriched,1,7815.604598230904,2.9663574813031057,772,4,0.0051813471502590676,0.75
hja2016_078,CC-1,hyporheic,2,183,64,569956.016680872,4897740.75332909,hja2016_197,HJA-2016_soil_17,soil_enriched,1,11282.73288111161,3.4960446516746297,772,5,0.006476683937823834,0.86
hja2016_079,64,hyporheic,2,163,33.5,570527.99142083,4895508.85189625,hja2016_197,HJA-2016_soil_17,soil_enriched,1,11514.259312802751,3.5253497035764814,772,16,0.02072538860103627,1.26
hja2016_084,177,hyporheic,1,452,14.8,565808.199860345,4901620.58198475,hja2016_197,HJA-2016_soil_17,soil_enriched,1,9523.006575182973,3.2514171288180895,772,10,0.012953367875647668,0.92
hja2016_127,60,sediment,2,316,43.1,567391.129953618,4898693.71124374,hja2016_197,HJA-2016_soil_17,soil_enriched,1,9169.500851157969,3.196843201741939,772,45,0.05829015544041451,1.3
hja2016_129,72,sediment,4,16,568.3,566542.167446234,4896499.80813279,hja2016_197,HJA-2016_soil_17,soil_enriched,1,7675.577447144639,2.9402752910423118,772,47,0.06088082901554404,2.58
hja2016_131,74,sediment,2,373,70,565310.221852481,4897724.75403567,hja2016_197,HJA-2016_soil_17,soil_enriched,1,6874.326463811788,2.7812183673544415,772,55,0.07124352331606218,2.63
hja2016_132,84,sediment,4,112,622.7,566447.171641521,4900685.6232752,hja2016_197,HJA-2016_soil_17,soil_enriched,1,9387.768672449809,3.230782292306195,772,73,0.09455958549222798,2.26
hja2016_133,161,sediment,5,51,5699.1,561109.407372482,4897170.77850081,hja2016_197,HJA-2016_soil_17,soil_enriched,1,3055.73922385039,1.6115214293322166,772,102,0.13212435233160622,5.78
hja2016_135,169,sediment,2,144,53.5,568641.074752475,4902527.5419308,hja2016_197,HJA-2016_soil_17,soil_enriched,1,12250.699071003923,3.614792172073928,772,62,0.08031088082901554,2.63
hja2016_136,190,sediment,1,546,14.2,564169.272240084,4897881.7471024,hja2016_197,HJA-2016_soil_17,soil_enriched,1,5926.558433392558,2.567194571477822,772,63,0.08160621761658031,2.19
hja2016_139,CC-2,sediment,2,183,63.6,569992.01509108,4897760.75244588,hja2016_197,HJA-2016_soil_17,soil_enriched,1,11322.580068739775,3.501130836471489,772,86,0.11139896373056994,3.24
hja2016_140,CC-3,sediment,2,183,63,570038.013059678,4897795.75090024,hja2016_197,HJA-2016_soil_17,soil_enriched,1,11375.882323631278,3.5079065412590453,772,61,0.07901554404145078,2.22
hja2016_141,CC-4,sediment,2,183,58.5,570162.007583724,4897831.74931045,hja2016_197,HJA-2016_soil_17,soil_enriched,1,11504.945935734104,3.5241822989246745,772,64,0.08290155440414508,2.27
hja2016_142,KC-1,sediment,3,362,114.7,562012.367495176,4896802.79475203,hja2016_197,HJA-2016_soil_17,soil_enriched,1,3521.4066934929992,1.8161518562276542,772,54,0.06994818652849741,1.54
hja2016_144,KC-3,sediment,3,362,114,562000.368025107,4896680.80013966,hja2016_197,HJA-2016_soil_17,soil_enriched,1,3447.8406349206816,1.7856930921407355,772,33,0.042746113989637305,1.48
hja2016_145,155,sediment,2,345,81.2,565811.199727862,4897652.75721525,hja2016_197,HJA-2016_soil_17,soil_enriched,1,7307.871101678858,2.8694511875219564,772,55,0.07124352331606218,2.18
hja2016_146,156,sediment,5,24,2575.9,566141.185154761,4897558.76136638,hja2016_197,HJA-2016_soil_17,soil_enriched,1,7582.092536369678,2.9225960641248805,772,46,0.05958549222797927,1.32
hja2016_147,163,sediment,5,63,6126.6,559726.468447026,4896111.82526722,hja2016_197,HJA-2016_soil_17,soil_enriched,1,1369.794094338863,0.45395904544721744,772,99,0.12823834196891193,5.39
hja2016_148,165,sediment,2,494,27.9,564789.244860317,4900155.64668049,hja2016_197,HJA-2016_soil_17,soil_enriched,1,7775.746857685037,2.958981252237534,772,90,0.11658031088082901,3.36
hja2016_150,53,sediment,3,78,280.7,568092.098996817,4898223.73199937,hja2016_197,HJA-2016_soil_17,soil_enriched,1,9642.711543314153,3.269438891270688,772,51,0.06606217616580311,1.66
hja2016_151,64,sediment,2,163,33.5,570527.99142083,4895508.85189625,hja2016_197,HJA-2016_soil_17,soil_enriched,1,11514.259312802751,3.5253497035764814,772,116,0.15025906735751296,4.73
hja2016_152,66,sediment,4,79,1360.7,567970.104384448,4898153.73509064,hja2016_197,HJA-2016_soil_17,soil_enriched,1,9504.184932917147,3.2485629084457837,772,38,0.04922279792746114,0.92
hja2016_155,82,sediment,2,536,36.6,564452.259742545,4899854.65997292,hja2016_197,HJA-2016_soil_17,soil_enriched,1,7323.927992416931,2.8726176068788756,772,91,0.11787564766839378,3.49
hja2016_157,43,sediment,1,538,7.8,567346.131940859,4898257.7304979,hja2016_197,HJA-2016_soil_17,soil_enriched,1,8957.699521987983,3.1631282730915333,772,51,0.06606217616580311,1.5
hja2016_159,49,sediment,5,40,3399.1,563281.311454976,4898046.73981585,hja2016_197,HJA-2016_soil_17,soil_enriched,1,5270.902629810743,2.3980500411877874,772,44,0.05699481865284974,1.39
hja2016_160,50,sediment,5,41,4956.4,563054.321479503,4898132.73601802,hja2016_197,HJA-2016_soil_17,soil_enriched,1,5142.561473306318,2.3624871345847436,772,31,0.04015544041450777,0.77
hja2016_031,161,hyporheic,5,51,5699.1,561109.407372482,4897170.77850081,hja2016_197,HJA-2016_soil_17,soil_enriched,1,3055.73922385039,1.6115214293322166,772,2,0.0025906735751295338,0.35
hja2016_032,54,hyporheic,3,363,207.7,561802.376768968,4897363.76997776,hja2016_197,HJA-2016_soil_17,soil_enriched,1,3688.240051990639,1.8829325577590874,772,4,0.0051813471502590676,0.42
hja2016_035,192,hyporheic,2,542,28.5,564620.252323511,4897836.74908965,hja2016_197,HJA-2016_soil_17,soil_enriched,1,6300.895117747916,2.6555567953115125,772,5,0.006476683937823834,0.78
hja2016_037,43,hyporheic,1,538,7.8,567346.131940859,4898257.7304979,hja2016_197,HJA-2016_soil_17,soil_enriched,1,8957.699521987983,3.1631282730915333,772,0,0,0
hja2016_042,165,planktonic,2,494,27.9,564789.244860317,4900155.64668049,hja2016_197,HJA-2016_soil_17,soil_enriched,1,7775.746857685037,2.958981252237534,772,1,0.0012953367875647669,0.07
hja2016_043,KC-2,hyporheic,3,362,114.2,561999.368069268,4896735.79771081,hja2016_197,HJA-2016_soil_17,soil_enriched,1,3475.182033524307,1.797088549630261,772,6,0.007772020725388601,1.11
hja2016_049,67,planktonic,4,83,1558.1,567119.141965387,4897968.74326041,hja2016_197,HJA-2016_soil_17,soil_enriched,1,8641.634103484002,3.1113041468887195,772,2,0.0025906735751295338,0.06
hja2016_050,165,hyporheic,2,494,27.9,564789.244860317,4900155.64668049,hja2016_197,HJA-2016_soil_17,soil_enriched,1,7775.746857685037,2.958981252237534,772,8,0.010362694300518135,0.63
hja2016_052,163,hyporheic,5,63,6126.6,559726.468447026,4896111.82526722,hja2016_197,HJA-2016_soil_17,soil_enriched,1,1369.794094338863,0.45395904544721744,772,19,0.02461139896373057,1.18
hja2016_056,KC-1,hyporheic,3,362,114.7,562012.367495176,4896802.79475203,hja2016_197,HJA-2016_soil_17,soil_enriched,1,3521.4066934929992,1.8161518562276542,772,9,0.011658031088082901,0.59
hja2016_057,71,hyporheic,3,556,101.7,562662.338790582,4897988.74237719,hja2016_197,HJA-2016_soil_17,soil_enriched,1,4747.900319734572,2.247289646493258,772,2,0.0025906735751295338,0.62
hja2016_059,KC-2,planktonic,3,362,114.2,561999.368069268,4896735.79771081,hja2016_197,HJA-2016_soil_17,soil_enriched,1,3475.182033524307,1.797088549630261,772,20,0.025906735751295335,1.59
hja2016_062,WS3-3,hyporheic,2,511,93.4,560639.428128111,4896408.81215143,hja2016_197,HJA-2016_soil_17,soil_enriched,1,2184.743418632016,1.1274638562004458,772,13,0.01683937823834197,0.88
hja2016_064,WS3-4,planktonic,2,510,81.3,560692.425787583,4896348.81480109,hja2016_197,HJA-2016_soil_17,soil_enriched,1,2184.7800335612033,1.127488034661708,772,3,0.0038860103626943004,0.56
hja2016_099,162,planktonic,5,66,6208.4,559348.485139852,4895468.85366269,hja2016_197,HJA-2016_soil_17,soil_enriched,1,623.9598606907086,-0.6804748713207587,772,9,0.011658031088082901,0.28
hja2016_100,64,planktonic,2,163,33.5,570527.99142083,4895508.85189625,hja2016_197,HJA-2016_soil_17,soil_enriched,1,11514.259312802751,3.5253497035764814,772,8,0.010362694300518135,0.14
hja2016_101,58,planktonic,3,385,67.2,566998.147308857,4898497.71989928,hja2016_197,HJA-2016_soil_17,soil_enriched,1,8730.726668677686,3.12610173606185,772,14,0.018134715025906734,0.28
hja2016_102,73,hyporheic,2,255,137,566310.177691566,4896786.79545861,hja2016_197,HJA-2016_soil_17,soil_enriched,1,7514.211515619127,2.9096217266051716,772,12,0.015544041450777202,0.31
hja2016_103,260,planktonic,4,23,866.1,566425.172613061,4897456.76587079,hja2016_197,HJA-2016_soil_17,soil_enriched,1,7815.604598230904,2.9663574813031057,772,25,0.03238341968911917,0.45
hja2016_105,178,planktonic,2,411,19.9,566185.18321168,4901793.57434491,hja2016_197,HJA-2016_soil_17,soil_enriched,1,9913.89470826251,3.3094519365695696,772,15,0.019430051813471502,0.41
hja2016_106,170,planktonic,2,229,49.4,570659.985591589,4896908.79007097,hja2016_197,HJA-2016_soil_17,soil_enriched,1,11798.40644113867,3.5605201091593233,772,8,0.010362694300518135,0.11
hja2016_107,57,hyporheic,4,131,1488.8,563668.294364702,4898599.71539487,hja2016_197,HJA-2016_soil_17,soil_enriched,1,5913.794021875524,2.5640839950994656,772,15,0.019430051813471502,0.41
hja2016_109,169,planktonic,2,144,53.5,568641.074752475,4902527.5419308,hja2016_197,HJA-2016_soil_17,soil_enriched,1,12250.699071003923,3.614792172073928,772,9,0.011658031088082901,0.46
hja2016_110,76,hyporheic,3,150,303.5,570464.994202967,4896947.7883487,hja2016_197,HJA-2016_soil_17,soil_enriched,1,11612.914452589946,3.5376581806687115,772,9,0.011658031088082901,0.35
hja2016_111,160,planktonic,5,24,2569.5,566416.173010509,4897492.764281,hja2016_197,HJA-2016_soil_17,soil_enriched,1,7818.7968460936545,2.966946623169685,772,14,0.018134715025906734,0.31
hja2016_114,WS1-5,planktonic,2,522,87.9,559517.477676657,4895016.87362342,hja2016_197,HJA-2016_soil_17,soil_enriched,1,496.42309199158746,-1.0103578683657295,772,16,0.02072538860103627,0.3
hja2016_116,53,planktonic,3,78,280.7,568092.098996817,4898223.73199937,hja2016_197,HJA-2016_soil_17,soil_enriched,1,9642.711543314153,3.269438891270688,772,15,0.019430051813471502,0.38
hja2016_119,56,planktonic,3,321,99.5,562839.3309741,4897811.75019367,hja2016_197,HJA-2016_soil_17,soil_enriched,1,4775.995104478822,2.2558013578029388,772,29,0.03756476683937824,0.55
hja2016_121,84,hyporheic,4,112,622.7,566447.171641521,4900685.6232752,hja2016_197,HJA-2016_soil_17,soil_enriched,1,9387.768672449809,3.230782292306195,772,7,0.009067357512953367,0.1
hja2016_122,45,sediment,3,390,193.2,565977.192397151,4897892.74661664,hja2016_197,HJA-2016_soil_17,soil_enriched,1,7552.962137358374,2.9170425547397207,772,53,0.06865284974093264,1.64
hja2016_125,56,sediment,3,321,99.5,562839.3309741,4897811.75019367,hja2016_197,HJA-2016_soil_17,soil_enriched,1,4775.995104478822,2.2558013578029388,772,54,0.06994818652849741,1.66
hja2016_164,260,sediment,4,23,866.1,566425.172613061,4897456.76587079,hja2016_197,HJA-2016_soil_17,soil_enriched,1,7815.604598230904,2.9663574813031057,772,80,0.10362694300518134,2.42
hja2016_166,57,sediment,4,131,1488.8,563668.294364702,4898599.71539487,hja2016_197,HJA-2016_soil_17,soil_enriched,1,5913.794021875524,2.5640839950994656,772,45,0.05829015544041451,1.06
hja2016_167,WS3-1,sediment,2,511,96.4,560508.433913191,4896516.80738205,hja2016_197,HJA-2016_soil_17,soil_enriched,1,2167.591609835966,1.1160929679629727,772,100,0.12953367875647667,5.8
hja2016_169,WS3-2,sediment,2,511,95.7,560554.431881789,4896487.80866272,hja2016_197,HJA-2016_soil_17,soil_enriched,1,2178.476628857452,1.1233196358088222,772,115,0.1489637305699482,5.5
hja2016_170,WS3-3,sediment,2,511,93.4,560639.428128111,4896408.81215143,hja2016_197,HJA-2016_soil_17,soil_enriched,1,2184.743418632016,1.1274638562004458,772,84,0.10880829015544041,2.38
hja2016_177,WS1-3,sediment,2,522,92.1,559404.482666841,4895069.8712829,hja2016_197,HJA-2016_soil_17,soil_enriched,1,400.33553360311737,-1.3207184205112905,772,68,0.08808290155440414,2.62
hja2016_179,WS1-5,sediment,2,522,87.9,559517.477676657,4895016.87362342,hja2016_197,HJA-2016_soil_17,soil_enriched,1,496.42309199158746,-1.0103578683657295,772,51,0.06606217616580311,1.69
hja2016_180,WS1-6,sediment,2,522,82.7,559631.472642313,4894993.87463913,hja2016_197,HJA-2016_soil_17,soil_enriched,1,606.3740533198791,-0.7217200728223002,772,39,0.050518134715025906,1.03
hja2016_181,177,sediment,1,452,14.8,565808.199860345,4901620.58198475,hja2016_197,HJA-2016_soil_17,soil_enriched,1,9523.006575182973,3.2514171288180895,772,87,0.11269430051813471,2.24
hja2016_001,50,planktonic,5,41,4956.4,563054.321479503,4898132.73601802,hja2016_198,HJA-2016_soil_18,soil_detected,1,4735.163051647104,2.243414104627682,3040,41,0.013486842105263158,9.77
hja2016_008,WS3-1,hyporheic,2,511,96.4,560508.433913191,4896516.80738205,hja2016_198,HJA-2016_soil_18,soil_detected,1,1802.8509508042239,0.8502801280935117,3040,132,0.04342105263157895,20.48
hja2016_009,60,hyporheic,2,316,43.1,567391.129953618,4898693.71124374,hja2016_198,HJA-2016_soil_18,soil_detected,1,8728.092559876224,3.1256664012681137,3040,118,0.03881578947368421,23.08
hja2016_010,164,planktonic,3,502,60.8,560307.442789535,4895737.8417834,hja2016_198,HJA-2016_soil_18,soil_detected,1,1091.4000985366395,0.12618007907636763,3040,25,0.008223684210526315,8.84
hja2016_011,WS1-6,planktonic,2,522,82.7,559631.472642313,4894993.87463913,hja2016_198,HJA-2016_soil_18,soil_detected,1,180.61730753557177,-2.4689919501341597,3040,187,0.06151315789473684,16.13
hja2016_013,WS1-4,planktonic,2,522,89.8,559453.480502956,4895042.87247524,hja2016_198,HJA-2016_soil_18,soil_detected,1,9.7620304592070255,-6.678603031467842,3040,126,0.04144736842105263,14.96
hja2016_014,WS1-6,hyporheic,2,522,82.7,559631.472642313,4894993.87463913,hja2016_198,HJA-2016_soil_18,soil_detected,1,180.61730753557177,-2.4689919501341597,3040,89,0.029276315789473685,17.78
hja2016_015,47,hyporheic,4,134,1550.1,563254.31264732,4898130.73610634,hja2016_198,HJA-2016_soil_18,soil_detected,1,4887.448641062916,2.2890815421799604,3040,54,0.017763157894736842,14.43
hja2016_016,74,hyporheic,2,373,70,565310.221852481,4897724.75403567,hja2016_198,HJA-2016_soil_18,soil_detected,1,6432.69141138128,2.685422481479785,3040,39,0.012828947368421053,7.07
hja2016_018,WS1-5,hyporheic,2,522,87.9,559517.477676657,4895016.87362342,hja2016_198,HJA-2016_soil_18,soil_detected,1,66.5695257689727,-3.9089942990188438,3040,137,0.04506578947368421,8.89
hja2016_019,155,hyporheic,2,345,81.2,565811.199727862,4897652.75721525,hja2016_198,HJA-2016_soil_18,soil_detected,1,6863.84404620505,2.779016773652929,3040,117,0.03848684210526316,19.04
hja2016_020,WS1-2,hyporheic,2,522,93.6,559354.484874886,4895103.86978142,hja2016_198,HJA-2016_soil_18,soil_detected,1,118.25019909971482,-3.0800854822323798,3040,217,0.07138157894736842,16.84
hja2016_021,156,hyporheic,5,24,2575.9,566141.185154761,4897558.76136638,hja2016_198,HJA-2016_soil_18,soil_detected,1,7136.702159420954,2.83525756482096,3040,52,0.017105263157894738,10.97
hja2016_027,WS3-6,planktonic,2,510,78.4,560819.420179147,4896235.81979127,hja2016_198,HJA-2016_soil_18,soil_detected,1,1803.868155506703,0.8510938960501997,3040,90,0.029605263157894735,9.92
hja2016_065,68,hyporheic,5,30,3032.2,565145.229139031,4897899.74630751,hja2016_198,HJA-2016_soil_18,soil_detected,1,6359.471024403313,2.6689067683070635,3040,170,0.05592105263157895,21.41
hja2016_066,49,hyporheic,5,40,3399.1,563281.311454976,4898046.73981585,hja2016_198,HJA-2016_soil_18,soil_detected,1,4856.16407733212,2.279817167383207,3040,178,0.05855263157894737,15.01
hja2016_070,56,hyporheic,3,321,99.5,562839.3309741,4897811.75019367,hja2016_198,HJA-2016_soil_18,soil_detected,1,4364.242015028436,2.1257311072069287,3040,75,0.024671052631578948,10.49
hja2016_071,164,hyporheic,3,502,60.8,560307.442789535,4895737.8417834,hja2016_198,HJA-2016_soil_18,soil_detected,1,1091.4000985366395,0.12618007907636763,3040,231,0.07598684210526316,19.68
hja2016_075,260,hyporheic,4,23,866.1,566425.172613061,4897456.76587079,hja2016_198,HJA-2016_soil_18,soil_detected,1,7369.305956388233,2.8815287522339896,3040,119,0.03914473684210526,20.19
hja2016_078,CC-1,hyporheic,2,183,64,569956.016680872,4897740.75332909,hja2016_198,HJA-2016_soil_18,soil_detected,1,10835.486263394596,3.437691993500902,3040,127,0.04177631578947368,19.03
hja2016_079,64,hyporheic,2,163,33.5,570527.99142083,4895508.85189625,hja2016_198,HJA-2016_soil_18,soil_detected,1,11077.610827329456,3.4695748554046335,3040,133,0.04375,17.4
hja2016_084,177,hyporheic,1,452,14.8,565808.199860345,4901620.58198475,hja2016_198,HJA-2016_soil_18,soil_detected,1,9136.219431347461,3.191597301391987,3040,104,0.034210526315789476,17.22
hja2016_127,60,sediment,2,316,43.1,567391.129953618,4898693.71124374,hja2016_198,HJA-2016_soil_18,soil_detected,1,8728.092559876224,3.1256664012681137,3040,612,0.2013157894736842,31.62
hja2016_129,72,sediment,4,16,568.3,566542.167446234,4896499.80813279,hja2016_198,HJA-2016_soil_18,soil_detected,1,7229.111857472629,2.853818413770347,3040,684,0.225,36.77
hja2016_131,74,sediment,2,373,70,565310.221852481,4897724.75403567,hja2016_198,HJA-2016_soil_18,soil_detected,1,6432.69141138128,2.685422481479785,3040,742,0.24407894736842106,35.1
hja2016_132,84,sediment,4,112,622.7,566447.171641521,4900685.6232752,hja2016_198,HJA-2016_soil_18,soil_detected,1,8976.62245244036,3.166172718049372,3040,840,0.27631578947368424,39.66
hja2016_133,161,sediment,5,51,5699.1,561109.407372482,4897170.77850081,hja2016_198,HJA-2016_soil_18,soil_detected,1,2686.5600656391903,1.4257600939285426,3040,826,0.27171052631578946,45.26
hja2016_135,169,sediment,2,144,53.5,568641.074752475,4902527.5419308,hja2016_198,HJA-2016_soil_18,soil_detected,1,11840.790926087466,3.5656935463807065,3040,763,0.2509868421052632,41.16
hja2016_136,190,sediment,1,546,14.2,564169.272240084,4897881.7471024,hja2016_198,HJA-2016_soil_18,soil_detected,1,5495.069976972914,2.4581378532926115,3040,666,0.21907894736842104,34.72
hja2016_139,CC-2,sediment,2,183,63.6,569992.01509108,4897760.75244588,hja2016_198,HJA-2016_soil_18,soil_detected,1,10875.328159595249,3.442987029373119,3040,781,0.2569078947368421,38.19
hja2016_140,CC-3,sediment,2,183,63,570038.013059678,4897795.75090024,hja2016_198,HJA-2016_soil_18,soil_detected,1,10928.620415573041,3.4500393874588555,3040,655,0.21546052631578946,32.88
hja2016_141,CC-4,sediment,2,183,58.5,570162.007583724,4897831.74931045,hja2016_198,HJA-2016_soil_18,soil_detected,1,11057.682580298573,3.466977158558852,3040,645,0.21217105263157895,33.83
hja2016_142,KC-1,sediment,3,362,114.7,562012.367495176,4896802.79475203,hja2016_198,HJA-2016_soil_18,soil_detected,1,3096.2284138540695,1.6305119053903325,3040,586,0.19276315789473683,31.42
hja2016_144,KC-3,sediment,3,362,114,562000.368025107,4896680.80013966,hja2016_198,HJA-2016_soil_18,soil_detected,1,3018.7409764815766,1.5939469714996366,3040,535,0.17598684210526316,33.16
hja2016_145,155,sediment,2,345,81.2,565811.199727862,4897652.75721525,hja2016_198,HJA-2016_soil_18,soil_detected,1,6863.84404620505,2.779016773652929,3040,736,0.24210526315789474,37.1
hja2016_146,156,sediment,5,24,2575.9,566141.185154761,4897558.76136638,hja2016_198,HJA-2016_soil_18,soil_detected,1,7136.702159420954,2.83525756482096,3040,587,0.1930921052631579,31.3
hja2016_147,163,sediment,5,63,6126.6,559726.468447026,4896111.82526722,hja2016_198,HJA-2016_soil_18,soil_detected,1,1094.5412202238017,0.13032628717547654,3040,869,0.2858552631578947,45.79
hja2016_148,165,sediment,2,494,27.9,564789.244860317,4900155.64668049,hja2016_198,HJA-2016_soil_18,soil_detected,1,7380.194279453538,2.8836587949191332,3040,809,0.26611842105263156,39.49
hja2016_150,53,sediment,3,78,280.7,568092.098996817,4898223.73199937,hja2016_198,HJA-2016_soil_18,soil_detected,1,9197.07870692452,3.2011756867893,3040,645,0.21217105263157895,32.32
hja2016_151,64,sediment,2,163,33.5,570527.99142083,4895508.85189625,hja2016_198,HJA-2016_soil_18,soil_detected,1,11077.610827329456,3.4695748554046335,3040,937,0.3082236842105263,40.61
hja2016_152,66,sediment,4,79,1360.7,567970.104384448,4898153.73509064,hja2016_198,HJA-2016_soil_18,soil_detected,1,9058.454704072268,3.179264959662409,3040,600,0.19736842105263158,29.29
hja2016_155,82,sediment,2,536,36.6,564452.259742545,4899854.65997292,hja2016_198,HJA-2016_soil_18,soil_detected,1,6928.655671280818,2.792575461379038,3040,819,0.2694078947368421,38.8
hja2016_157,43,sediment,1,538,7.8,567346.131940859,4898257.7304979,hja2016_198,HJA-2016_soil_18,soil_detected,1,8513.575129456362,3.0897650941223285,3040,664,0.21842105263157896,33.08
hja2016_159,49,sediment,5,40,3399.1,563281.311454976,4898046.73981585,hja2016_198,HJA-2016_soil_18,soil_detected,1,4856.16407733212,2.279817167383207,3040,609,0.20032894736842105,34.76
hja2016_160,50,sediment,5,41,4956.4,563054.321479503,4898132.73601802,hja2016_198,HJA-2016_soil_18,soil_detected,1,4735.163051647104,2.243414104627682,3040,455,0.14967105263157895,21.71
hja2016_031,161,hyporheic,5,51,5699.1,561109.407372482,4897170.77850081,hja2016_198,HJA-2016_soil_18,soil_detected,1,2686.5600656391903,1.4257600939285426,3040,42,0.01381578947368421,13.37
hja2016_032,54,hyporheic,3,363,207.7,561802.376768968,4897363.76997776,hja2016_198,HJA-2016_soil_18,soil_detected,1,3292.3690240901924,1.7191260488176916,3040,57,0.01875,15.57
hja2016_035,192,hyporheic,2,542,28.5,564620.252323511,4897836.74908965,hja2016_198,HJA-2016_soil_18,soil_detected,1,5864.645294420613,2.5520438537856958,3040,59,0.019407894736842107,10.95
hja2016_037,43,hyporheic,1,538,7.8,567346.131940859,4898257.7304979,hja2016_198,HJA-2016_soil_18,soil_detected,1,8513.575129456362,3.0897650941223285,3040,57,0.01875,16.5
hja2016_042,165,planktonic,2,494,27.9,564789.244860317,4900155.64668049,hja2016_198,HJA-2016_soil_18,soil_detected,1,7380.194279453538,2.8836587949191332,3040,31,0.010197368421052632,8.42
hja2016_043,KC-2,hyporheic,3,362,114.2,561999.368069268,4896735.79771081,hja2016_198,HJA-2016_soil_18,soil_detected,1,3047.9657243921524,1.607846679232973,3040,78,0.025657894736842105,20.25
hja2016_049,67,planktonic,4,83,1558.1,567119.141965387,4897968.74326041,hja2016_198,HJA-2016_soil_18,soil_detected,1,8196.459860458364,3.035000928686813,3040,28,0.009210526315789473,7.82
hja2016_050,165,hyporheic,2,494,27.9,564789.244860317,4900155.64668049,hja2016_198,HJA-2016_soil_18,soil_detected,1,7380.194279453538,2.8836587949191332,3040,132,0.04342105263157895,15.09
hja2016_052,163,hyporheic,5,63,6126.6,559726.468447026,4896111.82526722,hja2016_198,HJA-2016_soil_18,soil_detected,1,1094.5412202238017,0.13032628717547654,3040,170,0.05592105263157895,17.42
hja2016_056,KC-1,hyporheic,3,362,114.7,562012.367495176,4896802.79475203,hja2016_198,HJA-2016_soil_18,soil_detected,1,3096.2284138540695,1.6305119053903325,3040,182,0.05986842105263158,15.22
hja2016_057,71,hyporheic,3,556,101.7,562662.338790582,4897988.74237719,hja2016_198,HJA-2016_soil_18,soil_detected,1,4346.322166926757,2.11979511685724,3040,55,0.018092105263157895,9.39
hja2016_059,KC-2,planktonic,3,362,114.2,561999.368069268,4896735.79771081,hja2016_198,HJA-2016_soil_18,soil_detected,1,3047.9657243921524,1.607846679232973,3040,172,0.056578947368421055,17.54
hja2016_062,WS3-3,hyporheic,2,511,93.4,560639.428128111,4896408.81215143,hja2016_198,HJA-2016_soil_18,soil_detected,1,1799.1777063243635,0.8473376898530064,3040,198,0.06513157894736842,13.37
hja2016_064,WS3-4,planktonic,2,510,81.3,560692.425787583,4896348.81480109,hja2016_198,HJA-2016_soil_18,soil_detected,1,1790.3784472458547,0.8402645742248227,3040,92,0.030263157894736843,14.48
hja2016_099,162,planktonic,5,66,6208.4,559348.485139852,4895468.85366269,hja2016_198,HJA-2016_soil_18,soil_detected,1,433.17477253201287,-1.2069788699530113,3040,98,0.03223684210526316,3.38
hja2016_100,64,planktonic,2,163,33.5,570527.99142083,4895508.85189625,hja2016_198,HJA-2016_soil_18,soil_detected,1,11077.610827329456,3.4695748554046335,3040,69,0.022697368421052633,2.16
hja2016_101,58,planktonic,3,385,67.2,566998.147308857,4898497.71989928,hja2016_198,HJA-2016_soil_18,soil_detected,1,8289.184731358639,3.0512302148857087,3040,98,0.03223684210526316,3.53
hja2016_102,73,hyporheic,2,255,137,566310.177691566,4896786.79545861,hja2016_198,HJA-2016_soil_18,soil_detected,1,7066.980514964893,2.821093931218223,3040,91,0.02993421052631579,3.32
hja2016_103,260,planktonic,4,23,866.1,566425.172613061,4897456.76587079,hja2016_198,HJA-2016_soil_18,soil_detected,1,7369.305956388233,2.8815287522339896,3040,216,0.07105263157894737,8.09
hja2016_105,178,planktonic,2,411,19.9,566185.18321168,4901793.57434491,hja2016_198,HJA-2016_soil_18,soil_detected,1,9523.770661477496,3.2515328800021153,3040,106,0.034868421052631576,3.91
hja2016_106,170,planktonic,2,229,49.4,570659.985591589,4896908.79007097,hja2016_198,HJA-2016_soil_18,soil_detected,1,11353.263973696423,3.5050352154618865,3040,56,0.018421052631578946,1.19
hja2016_107,57,hyporheic,4,131,1488.8,563668.294364702,4898599.71539487,hja2016_198,HJA-2016_soil_18,soil_detected,1,5505.406605713743,2.460849118991116,3040,124,0.04078947368421053,3.54
hja2016_109,169,planktonic,2,144,53.5,568641.074752475,4902527.5419308,hja2016_198,HJA-2016_soil_18,soil_detected,1,11840.790926087466,3.5656935463807065,3040,87,0.028618421052631578,3.81
hja2016_110,76,hyporheic,3,150,303.5,570464.994202967,4896947.7883487,hja2016_198,HJA-2016_soil_18,soil_detected,1,11167.508950982683,3.481235505878041,3040,84,0.02763157894736842,3.83
hja2016_111,160,planktonic,5,24,2569.5,566416.173010509,4897492.764281,hja2016_198,HJA-2016_soil_18,soil_detected,1,7372.648041188147,2.8821828865842205,3040,128,0.042105263157894736,4.13
hja2016_114,WS1-5,planktonic,2,522,87.9,559517.477676657,4895016.87362342,hja2016_198,HJA-2016_soil_18,soil_detected,1,66.5695257689727,-3.9089942990188438,3040,138,0.045394736842105265,4.34
hja2016_116,53,planktonic,3,78,280.7,568092.098996817,4898223.73199937,hja2016_198,HJA-2016_soil_18,soil_detected,1,9197.07870692452,3.2011756867893,3040,128,0.042105263157894736,4.34
hja2016_119,56,planktonic,3,321,99.5,562839.3309741,4897811.75019367,hja2016_198,HJA-2016_soil_18,soil_detected,1,4364.242015028436,2.1257311072069287,3040,227,0.07467105263157894,7.45
hja2016_121,84,hyporheic,4,112,622.7,566447.171641521,4900685.6232752,hja2016_198,HJA-2016_soil_18,soil_detected,1,8976.62245244036,3.166172718049372,3040,49,0.01611842105263158,1.03
hja2016_122,45,sediment,3,390,193.2,565977.192397151,4897892.74661664,hja2016_198,HJA-2016_soil_18,soil_detected,1,7110.217959952251,2.8298937855721915,3040,681,0.22401315789473683,36.31
hja2016_125,56,sediment,3,321,99.5,562839.3309741,4897811.75019367,hja2016_198,HJA-2016_soil_18,soil_detected,1,4364.242015028436,2.1257311072069287,3040,701,0.2305921052631579,37.65
hja2016_164,260,sediment,4,23,866.1,566425.172613061,4897456.76587079,hja2016_198,HJA-2016_soil_18,soil_detected,1,7369.305956388233,2.8815287522339896,3040,774,0.2546052631578947,37.17
hja2016_166,57,sediment,4,131,1488.8,563668.294364702,4898599.71539487,hja2016_198,HJA-2016_soil_18,soil_detected,1,5505.406605713743,2.460849118991116,3040,514,0.16907894736842105,22.02
hja2016_167,WS3-1,sediment,2,511,96.4,560508.433913191,4896516.80738205,hja2016_198,HJA-2016_soil_18,soil_detected,1,1802.8509508042239,0.8502801280935117,3040,879,0.2891447368421053,46.83
hja2016_169,WS3-2,sediment,2,511,95.7,560554.431881789,4896487.80866272,hja2016_198,HJA-2016_soil_18,soil_detected,1,1806.8299372316071,0.8534607229935387,3040,912,0.3,46.35
hja2016_170,WS3-3,sediment,2,511,93.4,560639.428128111,4896408.81215143,hja2016_198,HJA-2016_soil_18,soil_detected,1,1799.1777063243635,0.8473376898530064,3040,759,0.24967105263157896,32.21
hja2016_177,WS1-3,sediment,2,522,92.1,559404.482666841,4895069.8712829,hja2016_198,HJA-2016_soil_18,soil_detected,1,58.768545949573614,-4.0888119861441785,3040,838,0.2756578947368421,42.75
hja2016_179,WS1-5,sediment,2,522,87.9,559517.477676657,4895016.87362342,hja2016_198,HJA-2016_soil_18,soil_detected,1,66.5695257689727,-3.9089942990188438,3040,628,0.20657894736842106,35.27
hja2016_180,WS1-6,sediment,2,522,82.7,559631.472642313,4894993.87463913,hja2016_198,HJA-2016_soil_18,soil_detected,1,180.61730753557177,-2.4689919501341597,3040,512,0.16842105263157894,22.87
hja2016_181,177,sediment,1,452,14.8,565808.199860345,4901620.58198475,hja2016_198,HJA-2016_soil_18,soil_detected,1,9136.219431347461,3.191597301391987,3040,825,0.2713815789473684,33.32
hja2016_001,50,planktonic,5,41,4956.4,563054.321479503,4898132.73601802,hja2016_198,HJA-2016_soil_18,soil_enriched,1,4735.163051647104,2.243414104627682,1048,3,0.0028625954198473282,0.62
hja2016_008,WS3-1,hyporheic,2,511,96.4,560508.433913191,4896516.80738205,hja2016_198,HJA-2016_soil_18,soil_enriched,1,1802.8509508042239,0.8502801280935117,1048,14,0.013358778625954198,1.28
hja2016_009,60,hyporheic,2,316,43.1,567391.129953618,4898693.71124374,hja2016_198,HJA-2016_soil_18,soil_enriched,1,8728.092559876224,3.1256664012681137,1048,12,0.011450381679389313,0.9
hja2016_010,164,planktonic,3,502,60.8,560307.442789535,4895737.8417834,hja2016_198,HJA-2016_soil_18,soil_enriched,1,1091.4000985366395,0.12618007907636763,1048,0,0,0
hja2016_011,WS1-6,planktonic,2,522,82.7,559631.472642313,4894993.87463913,hja2016_198,HJA-2016_soil_18,soil_enriched,1,180.61730753557177,-2.4689919501341597,1048,24,0.022900763358778626,1.42
hja2016_013,WS1-4,planktonic,2,522,89.8,559453.480502956,4895042.87247524,hja2016_198,HJA-2016_soil_18,soil_enriched,1,9.7620304592070255,-6.678603031467842,1048,10,0.009541984732824428,0.89
hja2016_014,WS1-6,hyporheic,2,522,82.7,559631.472642313,4894993.87463913,hja2016_198,HJA-2016_soil_18,soil_enriched,1,180.61730753557177,-2.4689919501341597,1048,4,0.003816793893129771,0.55
hja2016_015,47,hyporheic,4,134,1550.1,563254.31264732,4898130.73610634,hja2016_198,HJA-2016_soil_18,soil_enriched,1,4887.448641062916,2.2890815421799604,1048,2,0.0019083969465648854,0.62
hja2016_016,74,hyporheic,2,373,70,565310.221852481,4897724.75403567,hja2016_198,HJA-2016_soil_18,soil_enriched,1,6432.69141138128,2.685422481479785,1048,2,0.0019083969465648854,0.21
hja2016_018,WS1-5,hyporheic,2,522,87.9,559517.477676657,4895016.87362342,hja2016_198,HJA-2016_soil_18,soil_enriched,1,66.5695257689727,-3.9089942990188438,1048,19,0.01812977099236641,0.72
hja2016_019,155,hyporheic,2,345,81.2,565811.199727862,4897652.75721525,hja2016_198,HJA-2016_soil_18,soil_enriched,1,6863.84404620505,2.779016773652929,1048,14,0.013358778625954198,2.66
hja2016_020,WS1-2,hyporheic,2,522,93.6,559354.484874886,4895103.86978142,hja2016_198,HJA-2016_soil_18,soil_enriched,1,118.25019909971482,-3.0800854822323798,1048,25,0.02385496183206107,1.31
hja2016_021,156,hyporheic,5,24,2575.9,566141.185154761,4897558.76136638,hja2016_198,HJA-2016_soil_18,soil_enriched,1,7136.702159420954,2.83525756482096,1048,6,0.0057251908396946565,0.99
hja2016_027,WS3-6,planktonic,2,510,78.4,560819.420179147,4896235.81979127,hja2016_198,HJA-2016_soil_18,soil_enriched,1,1803.868155506703,0.8510938960501997,1048,8,0.007633587786259542,0.67
hja2016_065,68,hyporheic,5,30,3032.2,565145.229139031,4897899.74630751,hja2016_198,HJA-2016_soil_18,soil_enriched,1,6359.471024403313,2.6689067683070635,1048,20,0.019083969465648856,1.88
hja2016_066,49,hyporheic,5,40,3399.1,563281.311454976,4898046.73981585,hja2016_198,HJA-2016_soil_18,soil_enriched,1,4856.16407733212,2.279817167383207,1048,29,0.02767175572519084,1.73
hja2016_070,56,hyporheic,3,321,99.5,562839.3309741,4897811.75019367,hja2016_198,HJA-2016_soil_18,soil_enriched,1,4364.242015028436,2.1257311072069287,1048,14,0.013358778625954198,1.39
hja2016_071,164,hyporheic,3,502,60.8,560307.442789535,4895737.8417834,hja2016_198,HJA-2016_soil_18,soil_enriched,1,1091.4000985366395,0.12618007907636763,1048,27,0.025763358778625955,1.33
hja2016_075,260,hyporheic,4,23,866.1,566425.172613061,4897456.76587079,hja2016_198,HJA-2016_soil_18,soil_enriched,1,7369.305956388233,2.8815287522339896,1048,10,0.009541984732824428,1.49
hja2016_078,CC-1,hyporheic,2,183,64,569956.016680872,4897740.75332909,hja2016_198,HJA-2016_soil_18,soil_enriched,1,10835.486263394596,3.437691993500902,1048,9,0.008587786259541985,1.31
hja2016_079,64,hyporheic,2,163,33.5,570527.99142083,4895508.85189625,hja2016_198,HJA-2016_soil_18,soil_enriched,1,11077.610827329456,3.4695748554046335,1048,21,0.020038167938931296,1.37
hja2016_084,177,hyporheic,1,452,14.8,565808.199860345,4901620.58198475,hja2016_198,HJA-2016_soil_18,soil_enriched,1,9136.219431347461,3.191597301391987,1048,13,0.012404580152671756,1.31
hja2016_127,60,sediment,2,316,43.1,567391.129953618,4898693.71124374,hja2016_198,HJA-2016_soil_18,soil_enriched,1,8728.092559876224,3.1256664012681137,1048,73,0.06965648854961833,1.99
hja2016_129,72,sediment,4,16,568.3,566542.167446234,4896499.80813279,hja2016_198,HJA-2016_soil_18,soil_enriched,1,7229.111857472629,2.853818413770347,1048,137,0.13072519083969467,5.17
hja2016_131,74,sediment,2,373,70,565310.221852481,4897724.75403567,hja2016_198,HJA-2016_soil_18,soil_enriched,1,6432.69141138128,2.685422481479785,1048,157,0.14980916030534353,5.39
hja2016_132,84,sediment,4,112,622.7,566447.171641521,4900685.6232752,hja2016_198,HJA-2016_soil_18,soil_enriched,1,8976.62245244036,3.166172718049372,1048,202,0.19274809160305342,5.06
hja2016_133,161,sediment,5,51,5699.1,561109.407372482,4897170.77850081,hja2016_198,HJA-2016_soil_18,soil_enriched,1,2686.5600656391903,1.4257600939285426,1048,270,0.25763358778625955,12.82
hja2016_135,169,sediment,2,144,53.5,568641.074752475,4902527.5419308,hja2016_198,HJA-2016_soil_18,soil_enriched,1,11840.790926087466,3.5656935463807065,1048,170,0.16221374045801526,5.4
hja2016_136,190,sediment,1,546,14.2,564169.272240084,4897881.7471024,hja2016_198,HJA-2016_soil_18,soil_enriched,1,5495.069976972914,2.4581378532926115,1048,141,0.13454198473282442,3.9
hja2016_139,CC-2,sediment,2,183,63.6,569992.01509108,4897760.75244588,hja2016_198,HJA-2016_soil_18,soil_enriched,1,10875.328159595249,3.442987029373119,1048,191,0.18225190839694658,6.1
hja2016_140,CC-3,sediment,2,183,63,570038.013059678,4897795.75090024,hja2016_198,HJA-2016_soil_18,soil_enriched,1,10928.620415573041,3.4500393874588555,1048,132,0.12595419847328243,3.68
hja2016_141,CC-4,sediment,2,183,58.5,570162.007583724,4897831.74931045,hja2016_198,HJA-2016_soil_18,soil_enriched,1,11057.682580298573,3.466977158558852,1048,130,0.12404580152671756,4.04
hja2016_142,KC-1,sediment,3,362,114.7,562012.367495176,4896802.79475203,hja2016_198,HJA-2016_soil_18,soil_enriched,1,3096.2284138540695,1.6305119053903325,1048,114,0.10877862595419847,3.42
hja2016_144,KC-3,sediment,3,362,114,562000.368025107,4896680.80013966,hja2016_198,HJA-2016_soil_18,soil_enriched,1,3018.7409764815766,1.5939469714996366,1048,98,0.09351145038167939,3.31
hja2016_145,155,sediment,2,345,81.2,565811.199727862,4897652.75721525,hja2016_198,HJA-2016_soil_18,soil_enriched,1,6863.84404620505,2.779016773652929,1048,147,0.14026717557251908,5.05
hja2016_146,156,sediment,5,24,2575.9,566141.185154761,4897558.76136638,hja2016_198,HJA-2016_soil_18,soil_enriched,1,7136.702159420954,2.83525756482096,1048,105,0.10019083969465649,2.76
hja2016_147,163,sediment,5,63,6126.6,559726.468447026,4896111.82526722,hja2016_198,HJA-2016_soil_18,soil_enriched,1,1094.5412202238017,0.13032628717547654,1048,276,0.2633587786259542,12.14
hja2016_148,165,sediment,2,494,27.9,564789.244860317,4900155.64668049,hja2016_198,HJA-2016_soil_18,soil_enriched,1,7380.194279453538,2.8836587949191332,1048,208,0.1984732824427481,6.55
hja2016_150,53,sediment,3,78,280.7,568092.098996817,4898223.73199937,hja2016_198,HJA-2016_soil_18,soil_enriched,1,9197.07870692452,3.2011756867893,1048,120,0.11450381679389313,3.13
hja2016_151,64,sediment,2,163,33.5,570527.99142083,4895508.85189625,hja2016_198,HJA-2016_soil_18,soil_enriched,1,11077.610827329456,3.4695748554046335,1048,313,0.29866412213740456,11.09
hja2016_152,66,sediment,4,79,1360.7,567970.104384448,4898153.73509064,hja2016_198,HJA-2016_soil_18,soil_enriched,1,9058.454704072268,3.179264959662409,1048,122,0.11641221374045801,2.48
hja2016_155,82,sediment,2,536,36.6,564452.259742545,4899854.65997292,hja2016_198,HJA-2016_soil_18,soil_enriched,1,6928.655671280818,2.792575461379038,1048,194,0.1851145038167939,6.4
hja2016_157,43,sediment,1,538,7.8,567346.131940859,4898257.7304979,hja2016_198,HJA-2016_soil_18,soil_enriched,1,8513.575129456362,3.0897650941223285,1048,118,0.11259541984732824,2.81
hja2016_159,49,sediment,5,40,3399.1,563281.311454976,4898046.73981585,hja2016_198,HJA-2016_soil_18,soil_enriched,1,4856.16407733212,2.279817167383207,1048,101,0.09637404580152671,2.85
hja2016_160,50,sediment,5,41,4956.4,563054.321479503,4898132.73601802,hja2016_198,HJA-2016_soil_18,soil_enriched,1,4735.163051647104,2.243414104627682,1048,62,0.05916030534351145,1.26
hja2016_031,161,hyporheic,5,51,5699.1,561109.407372482,4897170.77850081,hja2016_198,HJA-2016_soil_18,soil_enriched,1,2686.5600656391903,1.4257600939285426,1048,5,0.004770992366412214,1.31
hja2016_032,54,hyporheic,3,363,207.7,561802.376768968,4897363.76997776,hja2016_198,HJA-2016_soil_18,soil_enriched,1,3292.3690240901924,1.7191260488176916,1048,8,0.007633587786259542,0.94
hja2016_035,192,hyporheic,2,542,28.5,564620.252323511,4897836.74908965,hja2016_198,HJA-2016_soil_18,soil_enriched,1,5864.645294420613,2.5520438537856958,1048,6,0.0057251908396946565,1.12
hja2016_037,43,hyporheic,1,538,7.8,567346.131940859,4898257.7304979,hja2016_198,HJA-2016_soil_18,soil_enriched,1,8513.575129456362,3.0897650941223285,1048,0,0,0
hja2016_042,165,planktonic,2,494,27.9,564789.244860317,4900155.64668049,hja2016_198,HJA-2016_soil_18,soil_enriched,1,7380.194279453538,2.8836587949191332,1048,1,9.541984732824427e-4,0.07
hja2016_043,KC-2,hyporheic,3,362,114.2,561999.368069268,4896735.79771081,hja2016_198,HJA-2016_soil_18,soil_enriched,1,3047.9657243921524,1.607846679232973,1048,7,0.006679389312977099,1.21
hja2016_049,67,planktonic,4,83,1558.1,567119.141965387,4897968.74326041,hja2016_198,HJA-2016_soil_18,soil_enriched,1,8196.459860458364,3.035000928686813,1048,4,0.003816793893129771,0.08
hja2016_050,165,hyporheic,2,494,27.9,564789.244860317,4900155.64668049,hja2016_198,HJA-2016_soil_18,soil_enriched,1,7380.194279453538,2.8836587949191332,1048,16,0.015267175572519083,1.17
hja2016_052,163,hyporheic,5,63,6126.6,559726.468447026,4896111.82526722,hja2016_198,HJA-2016_soil_18,soil_enriched,1,1094.5412202238017,0.13032628717547654,1048,27,0.025763358778625955,1.56
hja2016_056,KC-1,hyporheic,3,362,114.7,562012.367495176,4896802.79475203,hja2016_198,HJA-2016_soil_18,soil_enriched,1,3096.2284138540695,1.6305119053903325,1048,16,0.015267175572519083,0.78
hja2016_057,71,hyporheic,3,556,101.7,562662.338790582,4897988.74237719,hja2016_198,HJA-2016_soil_18,soil_enriched,1,4346.322166926757,2.11979511685724,1048,4,0.003816793893129771,0.78
hja2016_059,KC-2,planktonic,3,362,114.2,561999.368069268,4896735.79771081,hja2016_198,HJA-2016_soil_18,soil_enriched,1,3047.9657243921524,1.607846679232973,1048,28,0.026717557251908396,1.71
hja2016_062,WS3-3,hyporheic,2,511,93.4,560639.428128111,4896408.81215143,hja2016_198,HJA-2016_soil_18,soil_enriched,1,1799.1777063243635,0.8473376898530064,1048,21,0.020038167938931296,1.29
hja2016_064,WS3-4,planktonic,2,510,81.3,560692.425787583,4896348.81480109,hja2016_198,HJA-2016_soil_18,soil_enriched,1,1790.3784472458547,0.8402645742248227,1048,11,0.01049618320610687,1.29
hja2016_099,162,planktonic,5,66,6208.4,559348.485139852,4895468.85366269,hja2016_198,HJA-2016_soil_18,soil_enriched,1,433.17477253201287,-1.2069788699530113,1048,13,0.012404580152671756,0.39
hja2016_100,64,planktonic,2,163,33.5,570527.99142083,4895508.85189625,hja2016_198,HJA-2016_soil_18,soil_enriched,1,11077.610827329456,3.4695748554046335,1048,14,0.013358778625954198,0.27
hja2016_101,58,planktonic,3,385,67.2,566998.147308857,4898497.71989928,hja2016_198,HJA-2016_soil_18,soil_enriched,1,8289.184731358639,3.0512302148857087,1048,17,0.016221374045801526,0.31
hja2016_102,73,hyporheic,2,255,137,566310.177691566,4896786.79545861,hja2016_198,HJA-2016_soil_18,soil_enriched,1,7066.980514964893,2.821093931218223,1048,19,0.01812977099236641,0.45
hja2016_103,260,planktonic,4,23,866.1,566425.172613061,4897456.76587079,hja2016_198,HJA-2016_soil_18,soil_enriched,1,7369.305956388233,2.8815287522339896,1048,51,0.04866412213740458,1.07
hja2016_105,178,planktonic,2,411,19.9,566185.18321168,4901793.57434491,hja2016_198,HJA-2016_soil_18,soil_enriched,1,9523.770661477496,3.2515328800021153,1048,26,0.02480916030534351,0.69
hja2016_106,170,planktonic,2,229,49.4,570659.985591589,4896908.79007097,hja2016_198,HJA-2016_soil_18,soil_enriched,1,11353.263973696423,3.5050352154618865,1048,11,0.01049618320610687,0.14
hja2016_107,57,hyporheic,4,131,1488.8,563668.294364702,4898599.71539487,hja2016_198,HJA-2016_soil_18,soil_enriched,1,5505.406605713743,2.460849118991116,1048,26,0.02480916030534351,0.56
hja2016_109,169,planktonic,2,144,53.5,568641.074752475,4902527.5419308,hja2016_198,HJA-2016_soil_18,soil_enriched,1,11840.790926087466,3.5656935463807065,1048,15,0.01431297709923664,0.6
hja2016_110,76,hyporheic,3,150,303.5,570464.994202967,4896947.7883487,hja2016_198,HJA-2016_soil_18,soil_enriched,1,11167.508950982683,3.481235505878041,1048,17,0.016221374045801526,0.48
hja2016_111,160,planktonic,5,24,2569.5,566416.173010509,4897492.764281,hja2016_198,HJA-2016_soil_18,soil_enriched,1,7372.648041188147,2.8821828865842205,1048,27,0.025763358778625955,0.67
hja2016_114,WS1-5,planktonic,2,522,87.9,559517.477676657,4895016.87362342,hja2016_198,HJA-2016_soil_18,soil_enriched,1,66.5695257689727,-3.9089942990188438,1048,32,0.030534351145038167,0.54
hja2016_116,53,planktonic,3,78,280.7,568092.098996817,4898223.73199937,hja2016_198,HJA-2016_soil_18,soil_enriched,1,9197.07870692452,3.2011756867893,1048,29,0.02767175572519084,0.68
hja2016_119,56,planktonic,3,321,99.5,562839.3309741,4897811.75019367,hja2016_198,HJA-2016_soil_18,soil_enriched,1,4364.242015028436,2.1257311072069287,1048,53,0.05057251908396947,1.24
hja2016_121,84,hyporheic,4,112,622.7,566447.171641521,4900685.6232752,hja2016_198,HJA-2016_soil_18,soil_enriched,1,8976.62245244036,3.166172718049372,1048,10,0.009541984732824428,0.13
hja2016_122,45,sediment,3,390,193.2,565977.192397151,4897892.74661664,hja2016_198,HJA-2016_soil_18,soil_enriched,1,7110.217959952251,2.8298937855721915,1048,110,0.1049618320610687,2.77
hja2016_125,56,sediment,3,321,99.5,562839.3309741,4897811.75019367,hja2016_198,HJA-2016_soil_18,soil_enriched,1,4364.242015028436,2.1257311072069287,1048,126,0.12022900763358779,3.45
hja2016_164,260,sediment,4,23,866.1,566425.172613061,4897456.76587079,hja2016_198,HJA-2016_soil_18,soil_enriched,1,7369.305956388233,2.8815287522339896,1048,204,0.1946564885496183,4.89
hja2016_166,57,sediment,4,131,1488.8,563668.294364702,4898599.71539487,hja2016_198,HJA-2016_soil_18,soil_enriched,1,5505.406605713743,2.460849118991116,1048,78,0.07442748091603053,1.5
hja2016_167,WS3-1,sediment,2,511,96.4,560508.433913191,4896516.80738205,hja2016_198,HJA-2016_soil_18,soil_enriched,1,1802.8509508042239,0.8502801280935117,1048,284,0.27099236641221375,12.77
hja2016_169,WS3-2,sediment,2,511,95.7,560554.431881789,4896487.80866272,hja2016_198,HJA-2016_soil_18,soil_enriched,1,1806.8299372316071,0.8534607229935387,1048,294,0.28053435114503816,12.37
hja2016_170,WS3-3,sediment,2,511,93.4,560639.428128111,4896408.81215143,hja2016_198,HJA-2016_soil_18,soil_enriched,1,1799.1777063243635,0.8473376898530064,1048,180,0.1717557251908397,4.22
hja2016_177,WS1-3,sediment,2,522,92.1,559404.482666841,4895069.8712829,hja2016_198,HJA-2016_soil_18,soil_enriched,1,58.768545949573614,-4.0888119861441785,1048,191,0.18225190839694658,5.71
hja2016_179,WS1-5,sediment,2,522,87.9,559517.477676657,4895016.87362342,hja2016_198,HJA-2016_soil_18,soil_enriched,1,66.5695257689727,-3.9089942990188438,1048,118,0.11259541984732824,3.34
hja2016_180,WS1-6,sediment,2,522,82.7,559631.472642313,4894993.87463913,hja2016_198,HJA-2016_soil_18,soil_enriched,1,180.61730753557177,-2.4689919501341597,1048,75,0.0715648854961832,1.53
hja2016_181,177,sediment,1,452,14.8,565808.199860345,4901620.58198475,hja2016_198,HJA-2016_soil_18,soil_enriched,1,9136.219431347461,3.191597301391987,1048,200,0.19083969465648856,4.28
hja2016_001,50,planktonic,5,41,4956.4,563054.321479503,4898132.73601802,hja2016_199,HJA-2016_soil_19,soil_detected,1,4190.495659857366,2.0671208987517513,2449,31,0.012658227848101266,8.4
hja2016_008,WS3-1,hyporheic,2,511,96.4,560508.433913191,4896516.80738205,hja2016_199,HJA-2016_soil_19,soil_detected,1,7200.594258014596,2.848115975681653,2449,92,0.037566353613719884,13.96
hja2016_009,60,hyporheic,2,316,43.1,567391.129953618,4898693.71124374,hja2016_199,HJA-2016_soil_19,soil_detected,1,2187.283761655009,1.1291403968726526,2449,74,0.030216414863209473,12.79
hja2016_010,164,planktonic,3,502,60.8,560307.442789535,4895737.8417834,hja2016_199,HJA-2016_soil_19,soil_detected,1,7829.513416173379,2.96892265057038,2449,19,0.007758268681094325,8
hja2016_011,WS1-6,planktonic,2,522,82.7,559631.472642313,4894993.87463913,hja2016_199,HJA-2016_soil_19,soil_detected,1,8823.949514567797,3.1414245367032034,2449,130,0.053082890975908535,11.62
hja2016_013,WS1-4,planktonic,2,522,89.8,559453.480502956,4895042.87247524,hja2016_199,HJA-2016_soil_19,soil_detected,1,8930.514248420448,3.158743252870006,2449,79,0.03225806451612903,9.15
hja2016_014,WS1-6,hyporheic,2,522,82.7,559631.472642313,4894993.87463913,hja2016_199,HJA-2016_soil_19,soil_detected,1,8823.949514567797,3.1414245367032034,2449,57,0.023274806043282973,12.05
hja2016_015,47,hyporheic,4,134,1550.1,563254.31264732,4898130.73610634,hja2016_199,HJA-2016_soil_19,soil_detected,1,4033.5336110260355,2.0120442778133225,2449,41,0.016741527153940384,11.57
hja2016_016,74,hyporheic,2,373,70,565310.221852481,4897724.75403567,hja2016_199,HJA-2016_soil_19,soil_detected,1,3121.1804993362944,1.642091791402437,2449,29,0.011841567986933442,5.29
hja2016_018,WS1-5,hyporheic,2,522,87.9,559517.477676657,4895016.87362342,hja2016_199,HJA-2016_soil_19,soil_detected,1,8897.20606774569,3.1533523669752737,2449,90,0.03674969375255206,5.99
hja2016_019,155,hyporheic,2,345,81.2,565811.199727862,4897652.75721525,hja2016_199,HJA-2016_soil_19,soil_detected,1,3052.8716295078952,1.6101669267978747,2449,82,0.03348305430788077,13.69
hja2016_020,WS1-2,hyporheic,2,522,93.6,559354.484874886,4895103.86978142,hja2016_199,HJA-2016_soil_19,soil_detected,1,8969.984649914864,3.1651055163027695,2449,152,0.0620661494487546,11.71
hja2016_021,156,hyporheic,5,24,2575.9,566141.185154761,4897558.76136638,hja2016_199,HJA-2016_soil_19,soil_detected,1,3099.6103020396645,1.6320868443203032,2449,45,0.01837484687627603,11.38
hja2016_027,WS3-6,planktonic,2,510,78.4,560819.420179147,4896235.81979127,hja2016_199,HJA-2016_soil_19,soil_detected,1,7118.755232504653,2.83162499724649,2449,68,0.027766435279706004,6.74
hja2016_065,68,hyporheic,5,30,3032.2,565145.229139031,4897899.74630751,hja2016_199,HJA-2016_soil_19,soil_detected,1,3023.0322048640182,1.5959963483173,2449,112,0.045732952225398124,14.72
hja2016_066,49,hyporheic,5,40,3399.1,563281.311454976,4898046.73981585,hja2016_199,HJA-2016_soil_19,soil_detected,1,4065.6687097580225,2.023492662240803,2449,117,0.04777460187831768,10.32
hja2016_070,56,hyporheic,3,321,99.5,562839.3309741,4897811.75019367,hja2016_199,HJA-2016_soil_19,soil_detected,1,4556.869753167082,2.1880431352867755,2449,56,0.022866476112699062,7.99
hja2016_071,164,hyporheic,3,502,60.8,560307.442789535,4895737.8417834,hja2016_199,HJA-2016_soil_19,soil_detected,1,7829.513416173379,2.96892265057038,2449,163,0.06655777868517762,14.37
hja2016_075,260,hyporheic,4,23,866.1,566425.172613061,4897456.76587079,hja2016_199,HJA-2016_soil_19,soil_detected,1,3190.26044818662,1.6736742083064764,2449,83,0.03389138423846468,13.4
hja2016_078,CC-1,hyporheic,2,183,64,569956.016680872,4897740.75332909,hja2016_199,HJA-2016_soil_19,soil_detected,1,4587.299256863675,2.1976450260835976,2449,85,0.034708044099632504,11.96
hja2016_079,64,hyporheic,2,163,33.5,570527.99142083,4895508.85189625,hja2016_199,HJA-2016_soil_19,soil_detected,1,6586.714878747069,2.719559101069781,2449,124,0.05063291139240506,14.58
hja2016_084,177,hyporheic,1,452,14.8,565808.199860345,4901620.58198475,hja2016_199,HJA-2016_soil_19,soil_detected,1,1142.8876106646787,0.19268353871521293,2449,76,0.0310330747243773,10.69
hja2016_127,60,sediment,2,316,43.1,567391.129953618,4898693.71124374,hja2016_199,HJA-2016_soil_19,soil_detected,1,2187.283761655009,1.1291403968726526,2449,395,0.16129032258064516,22.66
hja2016_129,72,sediment,4,16,568.3,566542.167446234,4896499.80813279,hja2016_199,HJA-2016_soil_19,soil_detected,1,4149.374945100051,2.052894027659295,2449,477,0.19477337688852592,26.74
hja2016_131,74,sediment,2,373,70,565310.221852481,4897724.75403567,hja2016_199,HJA-2016_soil_19,soil_detected,1,3121.1804993362944,1.642091791402437,2449,513,0.20947325438954675,26.13
hja2016_132,84,sediment,4,112,622.7,566447.171641521,4900685.6232752,hja2016_199,HJA-2016_soil_19,soil_detected,1,55.91666195588681,-4.16057795072498,2449,648,0.2645977950183748,32.57
hja2016_133,161,sediment,5,51,5699.1,561109.407372482,4897170.77850081,hja2016_199,HJA-2016_soil_19,soil_detected,1,6336.079860435524,2.663590519370838,2449,726,0.29644752960391996,41.92
hja2016_135,169,sediment,2,144,53.5,568641.074752475,4902527.5419308,hja2016_199,HJA-2016_soil_19,soil_detected,1,2920.391585256906,1.5461618280885896,2449,595,0.24295630869742751,34.47
hja2016_136,190,sediment,1,546,14.2,564169.272240084,4897881.7471024,hja2016_199,HJA-2016_soil_19,soil_detected,1,3557.083218643484,1.8306947269215093,2449,425,0.1735402204981625,24.08
hja2016_139,CC-2,sediment,2,183,63.6,569992.01509108,4897760.75244588,hja2016_199,HJA-2016_soil_19,soil_detected,1,4602.640723419848,2.202461831923099,2449,531,0.21682319314005716,27.13
hja2016_140,CC-3,sediment,2,183,63,570038.013059678,4897795.75090024,hja2016_199,HJA-2016_soil_19,soil_detected,1,4616.865215053934,2.2069136149058646,2449,456,0.18619844834626378,23.79
hja2016_141,CC-4,sediment,2,183,58.5,570162.007583724,4897831.74931045,hja2016_199,HJA-2016_soil_19,soil_detected,1,4693.329969879759,2.230611894240948,2449,440,0.17966516945692118,24.99
hja2016_142,KC-1,sediment,3,362,114.7,562012.367495176,4896802.79475203,hja2016_199,HJA-2016_soil_19,soil_detected,1,5838.529032480024,2.545604940191994,2449,370,0.15108207431604737,21.52
hja2016_144,KC-3,sediment,3,362,114,562000.368025107,4896680.80013966,hja2016_199,HJA-2016_soil_19,soil_detected,1,5928.477620297179,2.5676616812261996,2449,334,0.13638219681502653,21.55
hja2016_145,155,sediment,2,345,81.2,565811.199727862,4897652.75721525,hja2016_199,HJA-2016_soil_19,soil_detected,1,3052.8716295078952,1.6101669267978747,2449,492,0.2008983258472846,27
hja2016_146,156,sediment,5,24,2575.9,566141.185154761,4897558.76136638,hja2016_199,HJA-2016_soil_19,soil_detected,1,3099.6103020396645,1.6320868443203032,2449,406,0.1657819518170682,22.95
hja2016_147,163,sediment,5,63,6126.6,559726.468447026,4896111.82526722,hja2016_199,HJA-2016_soil_19,soil_detected,1,8074.274228401942,3.013332586228514,2449,784,0.32013066557778685,41.94
hja2016_148,165,sediment,2,494,27.9,564789.244860317,4900155.64668049,hja2016_199,HJA-2016_soil_19,soil_detected,1,1690.4931876698345,0.7574442024869842,2449,528,0.21559820334830543,28.15
hja2016_150,53,sediment,3,78,280.7,568092.098996817,4898223.73199937,hja2016_199,HJA-2016_soil_19,soil_detected,1,2951.686771046734,1.5615396327011986,2449,440,0.17966516945692118,24.17
hja2016_151,64,sediment,2,163,33.5,570527.99142083,4895508.85189625,hja2016_199,HJA-2016_soil_19,soil_detected,1,6586.714878747069,2.719559101069781,2449,865,0.3532053899550837,37.93
hja2016_152,66,sediment,4,79,1360.7,567970.104384448,4898153.73509064,hja2016_199,HJA-2016_soil_19,soil_detected,1,2942.8340168454615,1.5572061729861049,2449,410,0.16741527153940383,20.86
hja2016_155,82,sediment,2,536,36.6,564452.259742545,4899854.65997292,hja2016_199,HJA-2016_soil_19,soil_detected,1,2108.9912002145657,1.0765530754856618,2449,529,0.21600653327888933,27.26
hja2016_157,43,sediment,1,538,7.8,567346.131940859,4898257.7304979,hja2016_199,HJA-2016_soil_19,soil_detected,1,2567.2737287839163,1.3602371276645544,2449,448,0.1829318089015925,23.34
hja2016_159,49,sediment,5,40,3399.1,563281.311454976,4898046.73981585,hja2016_199,HJA-2016_soil_19,soil_detected,1,4065.6687097580225,2.023492662240803,2449,416,0.16986525112290732,24.42
hja2016_160,50,sediment,5,41,4956.4,563054.321479503,4898132.73601802,hja2016_199,HJA-2016_soil_19,soil_detected,1,4190.495659857366,2.0671208987517513,2449,329,0.13434054716210697,16.62
hja2016_031,161,hyporheic,5,51,5699.1,561109.407372482,4897170.77850081,hja2016_199,HJA-2016_soil_19,soil_detected,1,6336.079860435524,2.663590519370838,2449,22,0.00898325847284606,7.74
hja2016_032,54,hyporheic,3,363,207.7,561802.376768968,4897363.76997776,hja2016_199,HJA-2016_soil_19,soil_detected,1,5655.068301974957,2.4995444492063377,2449,48,0.019599836668027767,13.07
hja2016_035,192,hyporheic,2,542,28.5,564620.252323511,4897836.74908965,hja2016_199,HJA-2016_soil_19,soil_detected,1,3330.012094830613,1.735527417272651,2449,48,0.019599836668027767,7.64
hja2016_037,43,hyporheic,1,538,7.8,567346.131940859,4898257.7304979,hja2016_199,HJA-2016_soil_19,soil_detected,1,2567.2737287839163,1.3602371276645544,2449,29,0.011841567986933442,6.61
hja2016_042,165,planktonic,2,494,27.9,564789.244860317,4900155.64668049,hja2016_199,HJA-2016_soil_19,soil_detected,1,1690.4931876698345,0.7574442024869842,2449,27,0.011024908125765618,7.65
hja2016_043,KC-2,hyporheic,3,362,114.2,561999.368069268,4896735.79771081,hja2016_199,HJA-2016_soil_19,soil_detected,1,5892.573738000351,2.5588979070659077,2449,56,0.022866476112699062,15.29
hja2016_049,67,planktonic,4,83,1558.1,567119.141965387,4897968.74326041,hja2016_199,HJA-2016_soil_19,soil_detected,1,2771.3533116465387,1.4705906474730863,2449,19,0.007758268681094325,8.16
hja2016_050,165,hyporheic,2,494,27.9,564789.244860317,4900155.64668049,hja2016_199,HJA-2016_soil_19,soil_detected,1,1690.4931876698345,0.7574442024869842,2449,106,0.04328297264189465,13.24
hja2016_052,163,hyporheic,5,63,6126.6,559726.468447026,4896111.82526722,hja2016_199,HJA-2016_soil_19,soil_detected,1,8074.274228401942,3.013332586228514,2449,108,0.04409963250306247,10.89
hja2016_056,KC-1,hyporheic,3,362,114.7,562012.367495176,4896802.79475203,hja2016_199,HJA-2016_soil_19,soil_detected,1,5838.529032480024,2.545604940191994,2449,122,0.04981625153123724,10.14
hja2016_057,71,hyporheic,3,556,101.7,562662.338790582,4897988.74237719,hja2016_199,HJA-2016_soil_19,soil_detected,1,4592.048019919939,2.1991377286290477,2449,38,0.01551653736218865,8.07
hja2016_059,KC-2,planktonic,3,362,114.2,561999.368069268,4896735.79771081,hja2016_199,HJA-2016_soil_19,soil_detected,1,5892.573738000351,2.5588979070659077,2449,122,0.04981625153123724,13.96
hja2016_062,WS3-3,hyporheic,2,511,93.4,560639.428128111,4896408.81215143,hja2016_199,HJA-2016_soil_19,soil_detected,1,7157.105736532577,2.8393762936750977,2449,136,0.05553287055941201,10.41
hja2016_064,WS3-4,planktonic,2,510,81.3,560692.425787583,4896348.81480109,hja2016_199,HJA-2016_soil_19,soil_detected,1,7150.37183004636,2.838018266145002,2449,55,0.022458146182115148,10.18
hja2016_099,162,planktonic,5,66,6208.4,559348.485139852,4895468.85366269,hja2016_199,HJA-2016_soil_19,soil_detected,1,8753.982559414222,3.1299395096941547,2449,85,0.034708044099632504,3.08
hja2016_100,64,planktonic,2,163,33.5,570527.99142083,4895508.85189625,hja2016_199,HJA-2016_soil_19,soil_detected,1,6586.714878747069,2.719559101069781,2449,56,0.022866476112699062,1.71
hja2016_101,58,planktonic,3,385,67.2,566998.147308857,4898497.71989928,hja2016_199,HJA-2016_soil_19,soil_detected,1,2229.1309892025542,1.1564813953865556,2449,73,0.029808084932625562,2.74
hja2016_102,73,hyporheic,2,255,137,566310.177691566,4896786.79545861,hja2016_199,HJA-2016_soil_19,soil_detected,1,3861.385887003973,1.949118736991069,2449,82,0.03348305430788077,2.77
hja2016_103,260,planktonic,4,23,866.1,566425.172613061,4897456.76587079,hja2016_199,HJA-2016_soil_19,soil_detected,1,3190.26044818662,1.6736742083064764,2449,185,0.07554103715802368,6.61
hja2016_105,178,planktonic,2,411,19.9,566185.18321168,4901793.57434491,hja2016_199,HJA-2016_soil_19,soil_detected,1,1167.8149919666546,0.22381173713454963,2449,82,0.03348305430788077,3.2
hja2016_106,170,planktonic,2,229,49.4,570659.985591589,4896908.79007097,hja2016_199,HJA-2016_soil_19,soil_detected,1,5662.500696185432,2.501439322533391,2449,41,0.016741527153940384,0.97
hja2016_107,57,hyporheic,4,131,1488.8,563668.294364702,4898599.71539487,hja2016_199,HJA-2016_soil_19,soil_detected,1,3419.1337940713634,1.773630877953114,2449,101,0.04124132298897509,3.05
hja2016_109,169,planktonic,2,144,53.5,568641.074752475,4902527.5419308,hja2016_199,HJA-2016_soil_19,soil_detected,1,2920.391585256906,1.5461618280885896,2449,69,0.028174765210289915,3.05
hja2016_110,76,hyporheic,3,150,303.5,570464.994202967,4896947.7883487,hja2016_199,HJA-2016_soil_19,soil_detected,1,5491.193653436456,2.457119790525664,2449,64,0.026133115557370357,3.24
hja2016_111,160,planktonic,5,24,2569.5,566416.173010509,4897492.764281,hja2016_199,HJA-2016_soil_19,soil_detected,1,3154.2229575367555,1.6572846412203741,2449,93,0.0379746835443038,3.24
hja2016_114,WS1-5,planktonic,2,522,87.9,559517.477676657,4895016.87362342,hja2016_199,HJA-2016_soil_19,soil_detected,1,8897.20606774569,3.1533523669752737,2449,106,0.04328297264189465,3.67
hja2016_116,53,planktonic,3,78,280.7,568092.098996817,4898223.73199937,hja2016_199,HJA-2016_soil_19,soil_detected,1,2951.686771046734,1.5615396327011986,2449,104,0.04246631278072683,3.47
hja2016_119,56,planktonic,3,321,99.5,562839.3309741,4897811.75019367,hja2016_199,HJA-2016_soil_19,soil_detected,1,4556.869753167082,2.1880431352867755,2449,191,0.07799101674152716,6.48
hja2016_121,84,hyporheic,4,112,622.7,566447.171641521,4900685.6232752,hja2016_199,HJA-2016_soil_19,soil_detected,1,55.91666195588681,-4.16057795072498,2449,44,0.01796651694569212,0.88
hja2016_122,45,sediment,3,390,193.2,565977.192397151,4897892.74661664,hja2016_199,HJA-2016_soil_19,soil_detected,1,2787.5249112963606,1.4789846980349624,2449,446,0.18211514904042467,24.88
hja2016_125,56,sediment,3,321,99.5,562839.3309741,4897811.75019367,hja2016_199,HJA-2016_soil_19,soil_detected,1,4556.869753167082,2.1880431352867755,2449,456,0.18619844834626378,25.76
hja2016_164,260,sediment,4,23,866.1,566425.172613061,4897456.76587079,hja2016_199,HJA-2016_soil_19,soil_detected,1,3190.26044818662,1.6736742083064764,2449,525,0.2143732135565537,25.81
hja2016_166,57,sediment,4,131,1488.8,563668.294364702,4898599.71539487,hja2016_199,HJA-2016_soil_19,soil_detected,1,3419.1337940713634,1.773630877953114,2449,363,0.14822376480195998,16.7
hja2016_167,WS3-1,sediment,2,511,96.4,560508.433913191,4896516.80738205,hja2016_199,HJA-2016_soil_19,soil_detected,1,7200.594258014596,2.848115975681653,2449,778,0.3176806859942834,43.44
hja2016_169,WS3-2,sediment,2,511,95.7,560554.431881789,4896487.80866272,hja2016_199,HJA-2016_soil_19,soil_detected,1,7179.723610195527,2.8439283072969044,2449,836,0.34136382196815024,42.96
hja2016_170,WS3-3,sediment,2,511,93.4,560639.428128111,4896408.81215143,hja2016_199,HJA-2016_soil_19,soil_detected,1,7157.105736532577,2.8393762936750977,2449,500,0.2041649652919559,21.7
hja2016_177,WS1-3,sediment,2,522,92.1,559404.482666841,4895069.8712829,hja2016_199,HJA-2016_soil_19,soil_detected,1,8951.871200938998,3.1621892790418156,2449,630,0.25724785626786445,33.81
hja2016_179,WS1-5,sediment,2,522,87.9,559517.477676657,4895016.87362342,hja2016_199,HJA-2016_soil_19,soil_detected,1,8897.20606774569,3.1533523669752737,2449,451,0.18415679869334423,25.47
hja2016_180,WS1-6,sediment,2,522,82.7,559631.472642313,4894993.87463913,hja2016_199,HJA-2016_soil_19,soil_detected,1,8823.949514567797,3.1414245367032034,2449,387,0.15802368313597387,17.35
hja2016_181,177,sediment,1,452,14.8,565808.199860345,4901620.58198475,hja2016_199,HJA-2016_soil_19,soil_detected,1,1142.8876106646787,0.19268353871521293,2449,528,0.21559820334830543,21.3
hja2016_001,50,planktonic,5,41,4956.4,563054.321479503,4898132.73601802,hja2016_199,HJA-2016_soil_19,soil_enriched,1,4190.495659857366,2.0671208987517513,1156,3,0.0025951557093425604,0.62
hja2016_008,WS3-1,hyporheic,2,511,96.4,560508.433913191,4896516.80738205,hja2016_199,HJA-2016_soil_19,soil_enriched,1,7200.594258014596,2.848115975681653,1156,14,0.012110726643598616,1.27
hja2016_009,60,hyporheic,2,316,43.1,567391.129953618,4898693.71124374,hja2016_199,HJA-2016_soil_19,soil_enriched,1,2187.283761655009,1.1291403968726526,1156,10,0.00865051903114187,0.73
hja2016_010,164,planktonic,3,502,60.8,560307.442789535,4895737.8417834,hja2016_199,HJA-2016_soil_19,soil_enriched,1,7829.513416173379,2.96892265057038,1156,0,0,0
hja2016_011,WS1-6,planktonic,2,522,82.7,559631.472642313,4894993.87463913,hja2016_199,HJA-2016_soil_19,soil_enriched,1,8823.949514567797,3.1414245367032034,1156,18,0.015570934256055362,1.14
hja2016_013,WS1-4,planktonic,2,522,89.8,559453.480502956,4895042.87247524,hja2016_199,HJA-2016_soil_19,soil_enriched,1,8930.514248420448,3.158743252870006,1156,9,0.007785467128027681,0.85
hja2016_014,WS1-6,hyporheic,2,522,82.7,559631.472642313,4894993.87463913,hja2016_199,HJA-2016_soil_19,soil_enriched,1,8823.949514567797,3.1414245367032034,1156,5,0.004325259515570935,0.57
hja2016_015,47,hyporheic,4,134,1550.1,563254.31264732,4898130.73610634,hja2016_199,HJA-2016_soil_19,soil_enriched,1,4033.5336110260355,2.0120442778133225,1156,1,8.650519031141869e-4,0.47
hja2016_016,74,hyporheic,2,373,70,565310.221852481,4897724.75403567,hja2016_199,HJA-2016_soil_19,soil_enriched,1,3121.1804993362944,1.642091791402437,1156,2,0.0017301038062283738,0.21
hja2016_018,WS1-5,hyporheic,2,522,87.9,559517.477676657,4895016.87362342,hja2016_199,HJA-2016_soil_19,soil_enriched,1,8897.20606774569,3.1533523669752737,1156,15,0.012975778546712802,0.71
hja2016_019,155,hyporheic,2,345,81.2,565811.199727862,4897652.75721525,hja2016_199,HJA-2016_soil_19,soil_enriched,1,3052.8716295078952,1.6101669267978747,1156,14,0.012110726643598616,2.85
hja2016_020,WS1-2,hyporheic,2,522,93.6,559354.484874886,4895103.86978142,hja2016_199,HJA-2016_soil_19,soil_enriched,1,8969.984649914864,3.1651055163027695,1156,27,0.023356401384083045,1.54
hja2016_021,156,hyporheic,5,24,2575.9,566141.185154761,4897558.76136638,hja2016_199,HJA-2016_soil_19,soil_enriched,1,3099.6103020396645,1.6320868443203032,1156,6,0.005190311418685121,0.99
hja2016_027,WS3-6,planktonic,2,510,78.4,560819.420179147,4896235.81979127,hja2016_199,HJA-2016_soil_19,soil_enriched,1,7118.755232504653,2.83162499724649,1156,8,0.006920415224913495,0.67
hja2016_065,68,hyporheic,5,30,3032.2,565145.229139031,4897899.74630751,hja2016_199,HJA-2016_soil_19,soil_enriched,1,3023.0322048640182,1.5959963483173,1156,19,0.01643598615916955,1.77
hja2016_066,49,hyporheic,5,40,3399.1,563281.311454976,4898046.73981585,hja2016_199,HJA-2016_soil_19,soil_enriched,1,4065.6687097580225,2.023492662240803,1156,26,0.02249134948096886,1.49
hja2016_070,56,hyporheic,3,321,99.5,562839.3309741,4897811.75019367,hja2016_199,HJA-2016_soil_19,soil_enriched,1,4556.869753167082,2.1880431352867755,1156,13,0.01124567474048443,1.35
hja2016_071,164,hyporheic,3,502,60.8,560307.442789535,4895737.8417834,hja2016_199,HJA-2016_soil_19,soil_enriched,1,7829.513416173379,2.96892265057038,1156,25,0.02162629757785467,1.36
hja2016_075,260,hyporheic,4,23,866.1,566425.172613061,4897456.76587079,hja2016_199,HJA-2016_soil_19,soil_enriched,1,3190.26044818662,1.6736742083064764,1156,10,0.00865051903114187,1.49
hja2016_078,CC-1,hyporheic,2,183,64,569956.016680872,4897740.75332909,hja2016_199,HJA-2016_soil_19,soil_enriched,1,4587.299256863675,2.1976450260835976,1156,10,0.00865051903114187,1.32
hja2016_079,64,hyporheic,2,163,33.5,570527.99142083,4895508.85189625,hja2016_199,HJA-2016_soil_19,soil_enriched,1,6586.714878747069,2.719559101069781,1156,30,0.025951557093425604,2.28
hja2016_084,177,hyporheic,1,452,14.8,565808.199860345,4901620.58198475,hja2016_199,HJA-2016_soil_19,soil_enriched,1,1142.8876106646787,0.19268353871521293,1156,13,0.01124567474048443,1.25
hja2016_127,60,sediment,2,316,43.1,567391.129953618,4898693.71124374,hja2016_199,HJA-2016_soil_19,soil_enriched,1,2187.283761655009,1.1291403968726526,1156,71,0.061418685121107264,1.96
hja2016_129,72,sediment,4,16,568.3,566542.167446234,4896499.80813279,hja2016_199,HJA-2016_soil_19,soil_enriched,1,4149.374945100051,2.052894027659295,1156,144,0.1245674740484429,5.36
hja2016_131,74,sediment,2,373,70,565310.221852481,4897724.75403567,hja2016_199,HJA-2016_soil_19,soil_enriched,1,3121.1804993362944,1.642091791402437,1156,156,0.13494809688581316,5.28
hja2016_132,84,sediment,4,112,622.7,566447.171641521,4900685.6232752,hja2016_199,HJA-2016_soil_19,soil_enriched,1,55.91666195588681,-4.16057795072498,1156,203,0.17560553633217993,4.94
hja2016_133,161,sediment,5,51,5699.1,561109.407372482,4897170.77850081,hja2016_199,HJA-2016_soil_19,soil_enriched,1,6336.079860435524,2.663590519370838,1156,311,0.2690311418685121,14.03
hja2016_135,169,sediment,2,144,53.5,568641.074752475,4902527.5419308,hja2016_199,HJA-2016_soil_19,soil_enriched,1,2920.391585256906,1.5461618280885896,1156,183,0.1583044982698962,5.54
hja2016_136,190,sediment,1,546,14.2,564169.272240084,4897881.7471024,hja2016_199,HJA-2016_soil_19,soil_enriched,1,3557.083218643484,1.8306947269215093,1156,121,0.1046712802768166,3.4
hja2016_139,CC-2,sediment,2,183,63.6,569992.01509108,4897760.75244588,hja2016_199,HJA-2016_soil_19,soil_enriched,1,4602.640723419848,2.202461831923099,1156,166,0.14359861591695502,5.5
hja2016_140,CC-3,sediment,2,183,63,570038.013059678,4897795.75090024,hja2016_199,HJA-2016_soil_19,soil_enriched,1,4616.865215053934,2.2069136149058646,1156,122,0.10553633217993079,3.33
hja2016_141,CC-4,sediment,2,183,58.5,570162.007583724,4897831.74931045,hja2016_199,HJA-2016_soil_19,soil_enriched,1,4693.329969879759,2.230611894240948,1156,132,0.11418685121107267,4.01
hja2016_142,KC-1,sediment,3,362,114.7,562012.367495176,4896802.79475203,hja2016_199,HJA-2016_soil_19,soil_enriched,1,5838.529032480024,2.545604940191994,1156,108,0.09342560553633218,3.18
hja2016_144,KC-3,sediment,3,362,114,562000.368025107,4896680.80013966,hja2016_199,HJA-2016_soil_19,soil_enriched,1,5928.477620297179,2.5676616812261996,1156,91,0.078719723183391,3.17
hja2016_145,155,sediment,2,345,81.2,565811.199727862,4897652.75721525,hja2016_199,HJA-2016_soil_19,soil_enriched,1,3052.8716295078952,1.6101669267978747,1156,150,0.12975778546712802,5.02
hja2016_146,156,sediment,5,24,2575.9,566141.185154761,4897558.76136638,hja2016_199,HJA-2016_soil_19,soil_enriched,1,3099.6103020396645,1.6320868443203032,1156,95,0.08217993079584775,2.45
hja2016_147,163,sediment,5,63,6126.6,559726.468447026,4896111.82526722,hja2016_199,HJA-2016_soil_19,soil_enriched,1,8074.274228401942,3.013332586228514,1156,329,0.28460207612456745,13.58
hja2016_148,165,sediment,2,494,27.9,564789.244860317,4900155.64668049,hja2016_199,HJA-2016_soil_19,soil_enriched,1,1690.4931876698345,0.7574442024869842,1156,177,0.15311418685121106,5.68
hja2016_150,53,sediment,3,78,280.7,568092.098996817,4898223.73199937,hja2016_199,HJA-2016_soil_19,soil_enriched,1,2951.686771046734,1.5615396327011986,1156,118,0.10207612456747404,3.01
hja2016_151,64,sediment,2,163,33.5,570527.99142083,4895508.85189625,hja2016_199,HJA-2016_soil_19,soil_enriched,1,6586.714878747069,2.719559101069781,1156,380,0.328719723183391,12.44
hja2016_152,66,sediment,4,79,1360.7,567970.104384448,4898153.73509064,hja2016_199,HJA-2016_soil_19,soil_enriched,1,2942.8340168454615,1.5572061729861049,1156,117,0.10121107266435986,2.45
hja2016_155,82,sediment,2,536,36.6,564452.259742545,4899854.65997292,hja2016_199,HJA-2016_soil_19,soil_enriched,1,2108.9912002145657,1.0765530754856618,1156,171,0.14792387543252594,5.68
hja2016_157,43,sediment,1,538,7.8,567346.131940859,4898257.7304979,hja2016_199,HJA-2016_soil_19,soil_enriched,1,2567.2737287839163,1.3602371276645544,1156,101,0.08737024221453288,2.42
hja2016_159,49,sediment,5,40,3399.1,563281.311454976,4898046.73981585,hja2016_199,HJA-2016_soil_19,soil_enriched,1,4065.6687097580225,2.023492662240803,1156,101,0.08737024221453288,2.69
hja2016_160,50,sediment,5,41,4956.4,563054.321479503,4898132.73601802,hja2016_199,HJA-2016_soil_19,soil_enriched,1,4190.495659857366,2.0671208987517513,1156,55,0.04757785467128028,1.13
hja2016_031,161,hyporheic,5,51,5699.1,561109.407372482,4897170.77850081,hja2016_199,HJA-2016_soil_19,soil_enriched,1,6336.079860435524,2.663590519370838,1156,5,0.004325259515570935,1.31
hja2016_032,54,hyporheic,3,363,207.7,561802.376768968,4897363.76997776,hja2016_199,HJA-2016_soil_19,soil_enriched,1,5655.068301974957,2.4995444492063377,1156,9,0.007785467128027681,1.11
hja2016_035,192,hyporheic,2,542,28.5,564620.252323511,4897836.74908965,hja2016_199,HJA-2016_soil_19,soil_enriched,1,3330.012094830613,1.735527417272651,1156,7,0.006055363321799308,1.19
hja2016_037,43,hyporheic,1,538,7.8,567346.131940859,4898257.7304979,hja2016_199,HJA-2016_soil_19,soil_enriched,1,2567.2737287839163,1.3602371276645544,1156,0,0,0
hja2016_042,165,planktonic,2,494,27.9,564789.244860317,4900155.64668049,hja2016_199,HJA-2016_soil_19,soil_enriched,1,1690.4931876698345,0.7574442024869842,1156,1,8.650519031141869e-4,0.07
hja2016_043,KC-2,hyporheic,3,362,114.2,561999.368069268,4896735.79771081,hja2016_199,HJA-2016_soil_19,soil_enriched,1,5892.573738000351,2.5588979070659077,1156,7,0.006055363321799308,1.21
hja2016_049,67,planktonic,4,83,1558.1,567119.141965387,4897968.74326041,hja2016_199,HJA-2016_soil_19,soil_enriched,1,2771.3533116465387,1.4705906474730863,1156,2,0.0017301038062283738,0.06
hja2016_050,165,hyporheic,2,494,27.9,564789.244860317,4900155.64668049,hja2016_199,HJA-2016_soil_19,soil_enriched,1,1690.4931876698345,0.7574442024869842,1156,18,0.015570934256055362,1.32
hja2016_052,163,hyporheic,5,63,6126.6,559726.468447026,4896111.82526722,hja2016_199,HJA-2016_soil_19,soil_enriched,1,8074.274228401942,3.013332586228514,1156,21,0.018166089965397925,1.32
hja2016_056,KC-1,hyporheic,3,362,114.7,562012.367495176,4896802.79475203,hja2016_199,HJA-2016_soil_19,soil_enriched,1,5838.529032480024,2.545604940191994,1156,19,0.01643598615916955,0.99
hja2016_057,71,hyporheic,3,556,101.7,562662.338790582,4897988.74237719,hja2016_199,HJA-2016_soil_19,soil_enriched,1,4592.048019919939,2.1991377286290477,1156,3,0.0025951557093425604,0.68
hja2016_059,KC-2,planktonic,3,362,114.2,561999.368069268,4896735.79771081,hja2016_199,HJA-2016_soil_19,soil_enriched,1,5892.573738000351,2.5588979070659077,1156,23,0.019896193771626297,1.63
hja2016_062,WS3-3,hyporheic,2,511,93.4,560639.428128111,4896408.81215143,hja2016_199,HJA-2016_soil_19,soil_enriched,1,7157.105736532577,2.8393762936750977,1156,20,0.01730103806228374,1.28
hja2016_064,WS3-4,planktonic,2,510,81.3,560692.425787583,4896348.81480109,hja2016_199,HJA-2016_soil_19,soil_enriched,1,7150.37183004636,2.838018266145002,1156,10,0.00865051903114187,1.03
hja2016_099,162,planktonic,5,66,6208.4,559348.485139852,4895468.85366269,hja2016_199,HJA-2016_soil_19,soil_enriched,1,8753.982559414222,3.1299395096941547,1156,20,0.01730103806228374,0.52
hja2016_100,64,planktonic,2,163,33.5,570527.99142083,4895508.85189625,hja2016_199,HJA-2016_soil_19,soil_enriched,1,6586.714878747069,2.719559101069781,1156,14,0.012110726643598616,0.29
hja2016_101,58,planktonic,3,385,67.2,566998.147308857,4898497.71989928,hja2016_199,HJA-2016_soil_19,soil_enriched,1,2229.1309892025542,1.1564813953865556,1156,17,0.014705882352941176,0.3
hja2016_102,73,hyporheic,2,255,137,566310.177691566,4896786.79545861,hja2016_199,HJA-2016_soil_19,soil_enriched,1,3861.385887003973,1.949118736991069,1156,22,0.01903114186851211,0.52
hja2016_103,260,planktonic,4,23,866.1,566425.172613061,4897456.76587079,hja2016_199,HJA-2016_soil_19,soil_enriched,1,3190.26044818662,1.6736742083064764,1156,61,0.052768166089965395,1.23
hja2016_105,178,planktonic,2,411,19.9,566185.18321168,4901793.57434491,hja2016_199,HJA-2016_soil_19,soil_enriched,1,1167.8149919666546,0.22381173713454963,1156,26,0.02249134948096886,0.69
hja2016_106,170,planktonic,2,229,49.4,570659.985591589,4896908.79007097,hja2016_199,HJA-2016_soil_19,soil_enriched,1,5662.500696185432,2.501439322533391,1156,10,0.00865051903114187,0.13
hja2016_107,57,hyporheic,4,131,1488.8,563668.294364702,4898599.71539487,hja2016_199,HJA-2016_soil_19,soil_enriched,1,3419.1337940713634,1.773630877953114,1156,28,0.02422145328719723,0.59
hja2016_109,169,planktonic,2,144,53.5,568641.074752475,4902527.5419308,hja2016_199,HJA-2016_soil_19,soil_enriched,1,2920.391585256906,1.5461618280885896,1156,16,0.01384083044982699,0.61
hja2016_110,76,hyporheic,3,150,303.5,570464.994202967,4896947.7883487,hja2016_199,HJA-2016_soil_19,soil_enriched,1,5491.193653436456,2.457119790525664,1156,16,0.01384083044982699,0.53
hja2016_111,160,planktonic,5,24,2569.5,566416.173010509,4897492.764281,hja2016_199,HJA-2016_soil_19,soil_enriched,1,3154.2229575367555,1.6572846412203741,1156,26,0.02249134948096886,0.65
hja2016_114,WS1-5,planktonic,2,522,87.9,559517.477676657,4895016.87362342,hja2016_199,HJA-2016_soil_19,soil_enriched,1,8897.20606774569,3.1533523669752737,1156,30,0.025951557093425604,0.53
hja2016_116,53,planktonic,3,78,280.7,568092.098996817,4898223.73199937,hja2016_199,HJA-2016_soil_19,soil_enriched,1,2951.686771046734,1.5615396327011986,1156,31,0.026816608996539794,0.72
hja2016_119,56,planktonic,3,321,99.5,562839.3309741,4897811.75019367,hja2016_199,HJA-2016_soil_19,soil_enriched,1,4556.869753167082,2.1880431352867755,1156,49,0.04238754325259515,1.23
hja2016_121,84,hyporheic,4,112,622.7,566447.171641521,4900685.6232752,hja2016_199,HJA-2016_soil_19,soil_enriched,1,55.91666195588681,-4.16057795072498,1156,10,0.00865051903114187,0.13
hja2016_122,45,sediment,3,390,193.2,565977.192397151,4897892.74661664,hja2016_199,HJA-2016_soil_19,soil_enriched,1,2787.5249112963606,1.4789846980349624,1156,107,0.092560553633218,2.72
hja2016_125,56,sediment,3,321,99.5,562839.3309741,4897811.75019367,hja2016_199,HJA-2016_soil_19,soil_enriched,1,4556.869753167082,2.1880431352867755,1156,117,0.10121107266435986,3.08
hja2016_164,260,sediment,4,23,866.1,566425.172613061,4897456.76587079,hja2016_199,HJA-2016_soil_19,soil_enriched,1,3190.26044818662,1.6736742083064764,1156,182,0.157439446366782,4.28
hja2016_166,57,sediment,4,131,1488.8,563668.294364702,4898599.71539487,hja2016_199,HJA-2016_soil_19,soil_enriched,1,3419.1337940713634,1.773630877953114,1156,81,0.07006920415224914,1.54
hja2016_167,WS3-1,sediment,2,511,96.4,560508.433913191,4896516.80738205,hja2016_199,HJA-2016_soil_19,soil_enriched,1,7200.594258014596,2.848115975681653,1156,325,0.2811418685121107,14.12
hja2016_169,WS3-2,sediment,2,511,95.7,560554.431881789,4896487.80866272,hja2016_199,HJA-2016_soil_19,soil_enriched,1,7179.723610195527,2.8439283072969044,1156,362,0.31314878892733566,14.31
hja2016_170,WS3-3,sediment,2,511,93.4,560639.428128111,4896408.81215143,hja2016_199,HJA-2016_soil_19,soil_enriched,1,7157.105736532577,2.8393762936750977,1156,148,0.12802768166089964,3.51
hja2016_177,WS1-3,sediment,2,522,92.1,559404.482666841,4895069.8712829,hja2016_199,HJA-2016_soil_19,soil_enriched,1,8951.871200938998,3.1621892790418156,1156,195,0.16868512110726644,5.72
hja2016_179,WS1-5,sediment,2,522,87.9,559517.477676657,4895016.87362342,hja2016_199,HJA-2016_soil_19,soil_enriched,1,8897.20606774569,3.1533523669752737,1156,121,0.1046712802768166,3.38
hja2016_180,WS1-6,sediment,2,522,82.7,559631.472642313,4894993.87463913,hja2016_199,HJA-2016_soil_19,soil_enriched,1,8823.949514567797,3.1414245367032034,1156,82,0.07093425605536333,1.59
hja2016_181,177,sediment,1,452,14.8,565808.199860345,4901620.58198475,hja2016_199,HJA-2016_soil_19,soil_enriched,1,1142.8876106646787,0.19268353871521293,1156,162,0.14013840830449828,3.65
hja2016_001,50,planktonic,5,41,4956.4,563054.321479503,4898132.73601802,hja2016_183,HJA-2016_soil_01,soil_detected,3,4755.781483000312,2.249682428154581,930,15,0.016129032258064516,3.96
hja2016_008,WS3-1,hyporheic,2,511,96.4,560508.433913191,4896516.80738205,hja2016_183,HJA-2016_soil_01,soil_detected,3,1816.0727806024734,0.8608220209714758,930,61,0.06559139784946237,10.81
hja2016_009,60,hyporheic,2,316,43.1,567391.129953618,4898693.71124374,hja2016_183,HJA-2016_soil_01,soil_detected,3,8755.930737479888,3.130260542334128,930,48,0.05161290322580645,12.92
hja2016_010,164,planktonic,3,502,60.8,560307.442789535,4895737.8417834,hja2016_183,HJA-2016_soil_01,soil_detected,3,1113.0952643387484,0.15457707112337973,930,11,0.011827956989247311,4.68
hja2016_011,WS1-6,planktonic,2,522,82.7,559631.472642313,4894993.87463913,hja2016_183,HJA-2016_soil_01,soil_detected,3,216.39765888447488,-2.20824320355086,930,62,0.06666666666666667,6.67
hja2016_013,WS1-4,planktonic,2,522,89.8,559453.480502956,4895042.87247524,hja2016_183,HJA-2016_soil_01,soil_detected,3,32.67828392945876,-4.935523966127874,930,55,0.05913978494623656,7.68
hja2016_014,WS1-6,hyporheic,2,522,82.7,559631.472642313,4894993.87463913,hja2016_183,HJA-2016_soil_01,soil_detected,3,216.39765888447488,-2.20824320355086,930,47,0.05053763440860215,11.26
hja2016_015,47,hyporheic,4,134,1550.1,563254.31264732,4898130.73610634,hja2016_183,HJA-2016_soil_01,soil_detected,3,4908.845287088644,2.2953836977556397,930,16,0.017204301075268817,4.29
hja2016_016,74,hyporheic,2,373,70,565310.221852481,4897724.75403567,hja2016_183,HJA-2016_soil_01,soil_detected,3,6460.5813604542345,2.6916639927994574,930,9,0.00967741935483871,1.27
hja2016_018,WS1-5,hyporheic,2,522,87.9,559517.477676657,4895016.87362342,hja2016_183,HJA-2016_soil_01,soil_detected,3,101.54713742738073,-3.29977852366817,930,54,0.05806451612903226,4.89
hja2016_019,155,hyporheic,2,345,81.2,565811.199727862,4897652.75721525,hja2016_183,HJA-2016_soil_01,soil_detected,3,6892.605750590121,2.7850494971185347,930,53,0.05698924731182796,10.09
hja2016_020,WS1-2,hyporheic,2,522,93.6,559354.484874886,4895103.86978142,hja2016_183,HJA-2016_soil_01,soil_detected,3,83.6204061236835,-3.5800011395617566,930,72,0.07741935483870968,7.85
hja2016_021,156,hyporheic,5,24,2575.9,566141.185154761,4897558.76136638,hja2016_183,HJA-2016_soil_01,soil_detected,3,7166.0844096887195,2.841185037230215,930,23,0.024731182795698924,5.58
hja2016_027,WS3-6,planktonic,2,510,78.4,560819.420179147,4896235.81979127,hja2016_183,HJA-2016_soil_01,soil_detected,3,1824.3912631204787,0.8674151663612872,930,16,0.017204301075268817,1.91
hja2016_065,68,hyporheic,5,30,3032.2,565145.229139031,4897899.74630751,hja2016_183,HJA-2016_soil_01,soil_detected,3,6386.539031084864,2.6750343231326403,930,67,0.07204301075268817,9.64
hja2016_066,49,hyporheic,5,40,3399.1,563281.311454976,4898046.73981585,hja2016_183,HJA-2016_soil_01,soil_detected,3,4878.044063411711,2.2863027900689974,930,66,0.07096774193548387,8.3
hja2016_070,56,hyporheic,3,321,99.5,562839.3309741,4897811.75019367,hja2016_183,HJA-2016_soil_01,soil_detected,3,4385.557248787959,2.1327601696904486,930,27,0.02903225806451613,3.96
hja2016_071,164,hyporheic,3,502,60.8,560307.442789535,4895737.8417834,hja2016_183,HJA-2016_soil_01,soil_detected,3,1113.0952643387484,0.15457707112337973,930,74,0.07956989247311828,7.41
hja2016_075,260,hyporheic,4,23,866.1,566425.172613061,4897456.76587079,hja2016_183,HJA-2016_soil_01,soil_detected,3,7399.2200444966,2.8873732035468938,930,44,0.047311827956989246,7.4
hja2016_078,CC-1,hyporheic,2,183,64,569956.016680872,4897740.75332909,hja2016_183,HJA-2016_soil_01,soil_detected,3,10866.903284625894,3.4418689724728506,930,49,0.05268817204301075,7.19
hja2016_079,64,hyporheic,2,163,33.5,570527.99142083,4895508.85189625,hja2016_183,HJA-2016_soil_01,soil_detected,3,11111.926440575198,3.4740370489081616,930,48,0.05161290322580645,6.15
hja2016_084,177,hyporheic,1,452,14.8,565808.199860345,4901620.58198475,hja2016_183,HJA-2016_soil_01,soil_detected,3,9153.960602759795,3.194396082814107,930,54,0.05806451612903226,11.67
hja2016_127,60,sediment,2,316,43.1,567391.129953618,4898693.71124374,hja2016_183,HJA-2016_soil_01,soil_detected,3,8755.930737479888,3.130260542334128,930,151,0.16236559139784945,14.85
hja2016_129,72,sediment,4,16,568.3,566542.167446234,4896499.80813279,hja2016_183,HJA-2016_soil_01,soil_detected,3,7261.341586408594,2.860236121395769,930,192,0.2064516129032258,22.65
hja2016_131,74,sediment,2,373,70,565310.221852481,4897724.75403567,hja2016_183,HJA-2016_soil_01,soil_detected,3,6460.5813604542345,2.6916639927994574,930,192,0.2064516129032258,22.42
hja2016_132,84,sediment,4,112,622.7,566447.171641521,4900685.6232752,hja2016_183,HJA-2016_soil_01,soil_detected,3,8998.073084625998,3.169616084898654,930,170,0.1827956989247312,23.39
hja2016_133,161,sediment,5,51,5699.1,561109.407372482,4897170.77850081,hja2016_183,HJA-2016_soil_01,soil_detected,3,2701.014340405082,1.4335012995197325,930,233,0.25053763440860216,26.33
hja2016_135,169,sediment,2,144,53.5,568641.074752475,4902527.5419308,hja2016_183,HJA-2016_soil_01,soil_detected,3,11862.093449414371,3.568286737365383,930,186,0.2,24.8
hja2016_136,190,sediment,1,546,14.2,564169.272240084,4897881.7471024,hja2016_183,HJA-2016_soil_01,soil_detected,3,5520.269258726273,2.464738638154742,930,149,0.16021505376344086,19.02
hja2016_139,CC-2,sediment,2,183,63.6,569992.01509108,4897760.75244588,hja2016_183,HJA-2016_soil_01,soil_detected,3,10906.72858402056,3.4471465326297785,930,229,0.24623655913978496,25.62
hja2016_140,CC-3,sediment,2,183,63,570038.013059678,4897795.75090024,hja2016_183,HJA-2016_soil_01,soil_detected,3,10959.985280103692,3.4541739555639346,930,146,0.15698924731182795,16.7
hja2016_141,CC-4,sediment,2,183,58.5,570162.007583724,4897831.74931045,hja2016_183,HJA-2016_soil_01,soil_detected,3,11089.041494915538,3.4710627633361053,930,158,0.16989247311827957,20.23
hja2016_142,KC-1,sediment,3,362,114.7,562012.367495176,4896802.79475203,hja2016_183,HJA-2016_soil_01,soil_detected,3,3119.8990020537276,1.6414993266533362,930,169,0.1817204301075269,20.66
hja2016_144,KC-3,sediment,3,362,114,562000.368025107,4896680.80013966,hja2016_183,HJA-2016_soil_01,soil_detected,3,3043.235980606604,1.605606208598131,930,151,0.16236559139784945,21.58
hja2016_145,155,sediment,2,345,81.2,565811.199727862,4897652.75721525,hja2016_183,HJA-2016_soil_01,soil_detected,3,6892.605750590121,2.7850494971185347,930,196,0.210752688172043,22.64
hja2016_146,156,sediment,5,24,2575.9,566141.185154761,4897558.76136638,hja2016_183,HJA-2016_soil_01,soil_detected,3,7166.0844096887195,2.841185037230215,930,129,0.13870967741935483,15.87
hja2016_147,163,sediment,5,63,6126.6,559726.468447026,4896111.82526722,hja2016_183,HJA-2016_soil_01,soil_detected,3,1094.9095328738433,0.13081167177521913,930,245,0.26344086021505375,26.33
hja2016_148,165,sediment,2,494,27.9,564789.244860317,4900155.64668049,hja2016_183,HJA-2016_soil_01,soil_detected,3,7399.1363490737285,2.8873568845762847,930,246,0.2645161290322581,26.02
hja2016_150,53,sediment,3,78,280.7,568092.098996817,4898223.73199937,hja2016_183,HJA-2016_soil_01,soil_detected,3,9226.59458271796,3.2057982659455875,930,158,0.16989247311827957,18.44
hja2016_151,64,sediment,2,163,33.5,570527.99142083,4895508.85189625,hja2016_183,HJA-2016_soil_01,soil_detected,3,11111.926440575198,3.4740370489081616,930,231,0.24838709677419354,23.7
hja2016_152,66,sediment,4,79,1360.7,567970.104384448,4898153.73509064,hja2016_183,HJA-2016_soil_01,soil_detected,3,9088.02372767868,3.183966601541503,930,115,0.12365591397849462,14.91
hja2016_155,82,sediment,2,536,36.6,564452.259742545,4899854.65997292,hja2016_183,HJA-2016_soil_01,soil_detected,3,6947.532615015915,2.7965007021370676,930,244,0.2623655913978495,24.66
hja2016_157,43,sediment,1,538,7.8,567346.131940859,4898257.7304979,hja2016_183,HJA-2016_soil_01,soil_detected,3,8542.385977026623,3.0946390858238613,930,153,0.16451612903225807,16.27
hja2016_159,49,sediment,5,40,3399.1,563281.311454976,4898046.73981585,hja2016_183,HJA-2016_soil_01,soil_detected,3,4878.044063411711,2.2863027900689974,930,179,0.1924731182795699,21
hja2016_160,50,sediment,5,41,4956.4,563054.321479503,4898132.73601802,hja2016_183,HJA-2016_soil_01,soil_detected,3,4755.781483000312,2.249682428154581,930,86,0.09247311827956989,8.49
hja2016_031,161,hyporheic,5,51,5699.1,561109.407372482,4897170.77850081,hja2016_183,HJA-2016_soil_01,soil_detected,3,2701.014340405082,1.4335012995197325,930,15,0.016129032258064516,5.79
hja2016_032,54,hyporheic,3,363,207.7,561802.376768968,4897363.76997776,hja2016_183,HJA-2016_soil_01,soil_detected,3,3310.9247520991207,1.7272342227533195,930,27,0.02903225806451613,7.51
hja2016_035,192,hyporheic,2,542,28.5,564620.252323511,4897836.74908965,hja2016_183,HJA-2016_soil_01,soil_detected,3,5890.989349466072,2.5585099447020534,930,21,0.02258064516129032,5.3
hja2016_037,43,hyporheic,1,538,7.8,567346.131940859,4898257.7304979,hja2016_183,HJA-2016_soil_01,soil_detected,3,8542.385977026623,3.0946390858238613,930,23,0.024731182795698924,8.56
hja2016_042,165,planktonic,2,494,27.9,564789.244860317,4900155.64668049,hja2016_183,HJA-2016_soil_01,soil_detected,3,7399.1363490737285,2.8873568845762847,930,7,0.007526881720430108,1.55
hja2016_043,KC-2,hyporheic,3,362,114.2,561999.368069268,4896735.79771081,hja2016_183,HJA-2016_soil_01,soil_detected,3,3072.056347196398,1.6192046779976386,930,30,0.03225806451612903,8.68
hja2016_049,67,planktonic,4,83,1558.1,567119.141965387,4897968.74326041,hja2016_183,HJA-2016_soil_01,soil_detected,3,8225.73773453772,3.0401450743773624,930,5,0.005376344086021506,2.14
hja2016_050,165,hyporheic,2,494,27.9,564789.244860317,4900155.64668049,hja2016_183,HJA-2016_soil_01,soil_detected,3,7399.1363490737285,2.8873568845762847,930,39,0.041935483870967745,4.93
hja2016_052,163,hyporheic,5,63,6126.6,559726.468447026,4896111.82526722,hja2016_183,HJA-2016_soil_01,soil_detected,3,1094.9095328738433,0.13081167177521913,930,66,0.07096774193548387,8.98
hja2016_056,KC-1,hyporheic,3,362,114.7,562012.367495176,4896802.79475203,hja2016_183,HJA-2016_soil_01,soil_detected,3,3119.8990020537276,1.6414993266533362,930,78,0.08387096774193549,9.01
hja2016_057,71,hyporheic,3,556,101.7,562662.338790582,4897988.74237719,hja2016_183,HJA-2016_soil_01,soil_detected,3,4365.955562321182,2.126297446328447,930,26,0.02795698924731183,5.27
hja2016_059,KC-2,planktonic,3,362,114.2,561999.368069268,4896735.79771081,hja2016_183,HJA-2016_soil_01,soil_detected,3,3072.056347196398,1.6192046779976386,930,46,0.04946236559139785,8.33
hja2016_062,WS3-3,hyporheic,2,511,93.4,560639.428128111,4896408.81215143,hja2016_183,HJA-2016_soil_01,soil_detected,3,1815.4653488250265,0.8603393941671075,930,63,0.06774193548387097,6.01
hja2016_064,WS3-4,planktonic,2,510,81.3,560692.425787583,4896348.81480109,hja2016_183,HJA-2016_soil_01,soil_detected,3,1808.0600595762737,0.8544426015438721,930,31,0.03333333333333333,5.68
hja2016_099,162,planktonic,5,66,6208.4,559348.485139852,4895468.85366269,hja2016_183,HJA-2016_soil_01,soil_detected,3,416.7801366993802,-1.2626415729527134,930,35,0.03763440860215054,2.36
hja2016_100,64,planktonic,2,163,33.5,570527.99142083,4895508.85189625,hja2016_183,HJA-2016_soil_01,soil_detected,3,11111.926440575198,3.4740370489081616,930,22,0.023655913978494623,1.81
hja2016_101,58,planktonic,3,385,67.2,566998.147308857,4898497.71989928,hja2016_183,HJA-2016_soil_01,soil_detected,3,8317.062617393829,3.0560740938032347,930,30,0.03225806451612903,2.07
hja2016_102,73,hyporheic,2,255,137,566310.177691566,4896786.79545861,hja2016_183,HJA-2016_soil_01,soil_detected,3,7098.4504909878015,2.82750413547107,930,29,0.03118279569892473,2.43
hja2016_103,260,planktonic,4,23,866.1,566425.172613061,4897456.76587079,hja2016_183,HJA-2016_soil_01,soil_detected,3,7399.2200444966,2.8873732035468938,930,53,0.05698924731182796,6.13
hja2016_105,178,planktonic,2,411,19.9,566185.18321168,4901793.57434491,hja2016_183,HJA-2016_soil_01,soil_detected,3,9542.00050990428,3.2542917634167843,930,37,0.03978494623655914,3.14
hja2016_106,170,planktonic,2,229,49.4,570659.985591589,4896908.79007097,hja2016_183,HJA-2016_soil_01,soil_detected,3,11386.051855441236,3.5091956702031113,930,8,0.008602150537634409,0.76
hja2016_107,57,hyporheic,4,131,1488.8,563668.294364702,4898599.71539487,hja2016_183,HJA-2016_soil_01,soil_detected,3,5526.252040135455,2.466301361781515,930,30,0.03225806451612903,2.58
hja2016_109,169,planktonic,2,144,53.5,568641.074752475,4902527.5419308,hja2016_183,HJA-2016_soil_01,soil_detected,3,11862.093449414371,3.568286737365383,930,33,0.035483870967741936,2.88
hja2016_110,76,hyporheic,3,150,303.5,570464.994202967,4896947.7883487,hja2016_183,HJA-2016_soil_01,soil_detected,3,11200.205182421572,3.4854532568979764,930,27,0.02903225806451613,2.53
hja2016_111,160,planktonic,5,24,2569.5,566416.173010509,4897492.764281,hja2016_183,HJA-2016_soil_01,soil_detected,3,7402.4629386502365,2.888005362389069,930,42,0.04516129032258064,3.29
hja2016_114,WS1-5,planktonic,2,522,87.9,559517.477676657,4895016.87362342,hja2016_183,HJA-2016_soil_01,soil_detected,3,101.54713742738073,-3.29977852366817,930,32,0.034408602150537634,2.36
hja2016_116,53,planktonic,3,78,280.7,568092.098996817,4898223.73199937,hja2016_183,HJA-2016_soil_01,soil_detected,3,9226.59458271796,3.2057982659455875,930,32,0.034408602150537634,3.05
hja2016_119,56,planktonic,3,321,99.5,562839.3309741,4897811.75019367,hja2016_183,HJA-2016_soil_01,soil_detected,3,4385.557248787959,2.1327601696904486,930,58,0.06236559139784946,5.9
hja2016_121,84,hyporheic,4,112,622.7,566447.171641521,4900685.6232752,hja2016_183,HJA-2016_soil_01,soil_detected,3,8998.073084625998,3.169616084898654,930,8,0.008602150537634409,0.59
hja2016_122,45,sediment,3,390,193.2,565977.192397151,4897892.74661664,hja2016_183,HJA-2016_soil_01,soil_detected,3,7138.493525190552,2.835619646656177,930,173,0.1860215053763441,21.7
hja2016_125,56,sediment,3,321,99.5,562839.3309741,4897811.75019367,hja2016_183,HJA-2016_soil_01,soil_detected,3,4385.557248787959,2.1327601696904486,930,187,0.2010752688172043,22.8
hja2016_164,260,sediment,4,23,866.1,566425.172613061,4897456.76587079,hja2016_183,HJA-2016_soil_01,soil_detected,3,7399.2200444966,2.8873732035468938,930,156,0.16774193548387098,20.83
hja2016_166,57,sediment,4,131,1488.8,563668.294364702,4898599.71539487,hja2016_183,HJA-2016_soil_01,soil_detected,3,5526.252040135455,2.466301361781515,930,90,0.0967741935483871,8.41
hja2016_167,WS3-1,sediment,2,511,96.4,560508.433913191,4896516.80738205,hja2016_183,HJA-2016_soil_01,soil_detected,3,1816.0727806024734,0.8608220209714758,930,240,0.25806451612903225,27.17
hja2016_169,WS3-2,sediment,2,511,95.7,560554.431881789,4896487.80866272,hja2016_183,HJA-2016_soil_01,soil_detected,3,1821.0423062954935,0.8647644392690184,930,237,0.25483870967741934,25.81
hja2016_170,WS3-3,sediment,2,511,93.4,560639.428128111,4896408.81215143,hja2016_183,HJA-2016_soil_01,soil_detected,3,1815.4653488250265,0.8603393941671075,930,169,0.1817204301075269,15.74
hja2016_177,WS1-3,sediment,2,522,92.1,559404.482666841,4895069.8712829,hja2016_183,HJA-2016_soil_01,soil_detected,3,23.280057496084023,-5.42476156841801,930,182,0.1956989247311828,23.52
hja2016_179,WS1-5,sediment,2,522,87.9,559517.477676657,4895016.87362342,hja2016_183,HJA-2016_soil_01,soil_detected,3,101.54713742738073,-3.29977852366817,930,146,0.15698924731182795,17.4
hja2016_180,WS1-6,sediment,2,522,82.7,559631.472642313,4894993.87463913,hja2016_183,HJA-2016_soil_01,soil_detected,3,216.39765888447488,-2.20824320355086,930,80,0.08602150537634409,9.35
hja2016_181,177,sediment,1,452,14.8,565808.199860345,4901620.58198475,hja2016_183,HJA-2016_soil_01,soil_detected,3,9153.960602759795,3.194396082814107,930,174,0.1870967741935484,15.91
hja2016_001,50,planktonic,5,41,4956.4,563054.321479503,4898132.73601802,hja2016_183,HJA-2016_soil_01,soil_enriched,3,4755.781483000312,2.249682428154581,508,2,0.003937007874015748,0.53
hja2016_008,WS3-1,hyporheic,2,511,96.4,560508.433913191,4896516.80738205,hja2016_183,HJA-2016_soil_01,soil_enriched,3,1816.0727806024734,0.8608220209714758,508,10,0.01968503937007874,1.12
hja2016_009,60,hyporheic,2,316,43.1,567391.129953618,4898693.71124374,hja2016_183,HJA-2016_soil_01,soil_enriched,3,8755.930737479888,3.130260542334128,508,4,0.007874015748031496,0.59
hja2016_010,164,planktonic,3,502,60.8,560307.442789535,4895737.8417834,hja2016_183,HJA-2016_soil_01,soil_enriched,3,1113.0952643387484,0.15457707112337973,508,0,0,0
hja2016_011,WS1-6,planktonic,2,522,82.7,559631.472642313,4894993.87463913,hja2016_183,HJA-2016_soil_01,soil_enriched,3,216.39765888447488,-2.20824320355086,508,13,0.025590551181102362,1.14
hja2016_013,WS1-4,planktonic,2,522,89.8,559453.480502956,4895042.87247524,hja2016_183,HJA-2016_soil_01,soil_enriched,3,32.67828392945876,-4.935523966127874,508,6,0.011811023622047244,0.64
hja2016_014,WS1-6,hyporheic,2,522,82.7,559631.472642313,4894993.87463913,hja2016_183,HJA-2016_soil_01,soil_enriched,3,216.39765888447488,-2.20824320355086,508,2,0.003937007874015748,0.43
hja2016_015,47,hyporheic,4,134,1550.1,563254.31264732,4898130.73610634,hja2016_183,HJA-2016_soil_01,soil_enriched,3,4908.845287088644,2.2953836977556397,508,1,0.001968503937007874,0.47
hja2016_016,74,hyporheic,2,373,70,565310.221852481,4897724.75403567,hja2016_183,HJA-2016_soil_01,soil_enriched,3,6460.5813604542345,2.6916639927994574,508,2,0.003937007874015748,0.21
hja2016_018,WS1-5,hyporheic,2,522,87.9,559517.477676657,4895016.87362342,hja2016_183,HJA-2016_soil_01,soil_enriched,3,101.54713742738073,-3.29977852366817,508,7,0.013779527559055118,0.44
hja2016_019,155,hyporheic,2,345,81.2,565811.199727862,4897652.75721525,hja2016_183,HJA-2016_soil_01,soil_enriched,3,6892.605750590121,2.7850494971185347,508,8,0.015748031496062992,2.26
hja2016_020,WS1-2,hyporheic,2,522,93.6,559354.484874886,4895103.86978142,hja2016_183,HJA-2016_soil_01,soil_enriched,3,83.6204061236835,-3.5800011395617566,508,10,0.01968503937007874,1.16
hja2016_021,156,hyporheic,5,24,2575.9,566141.185154761,4897558.76136638,hja2016_183,HJA-2016_soil_01,soil_enriched,3,7166.0844096887195,2.841185037230215,508,3,0.005905511811023622,0.57
hja2016_027,WS3-6,planktonic,2,510,78.4,560819.420179147,4896235.81979127,hja2016_183,HJA-2016_soil_01,soil_enriched,3,1824.3912631204787,0.8674151663612872,508,4,0.007874015748031496,0.58
hja2016_065,68,hyporheic,5,30,3032.2,565145.229139031,4897899.74630751,hja2016_183,HJA-2016_soil_01,soil_enriched,3,6386.539031084864,2.6750343231326403,508,11,0.021653543307086614,1.17
hja2016_066,49,hyporheic,5,40,3399.1,563281.311454976,4898046.73981585,hja2016_183,HJA-2016_soil_01,soil_enriched,3,4878.044063411711,2.2863027900689974,508,11,0.021653543307086614,1.18
hja2016_070,56,hyporheic,3,321,99.5,562839.3309741,4897811.75019367,hja2016_183,HJA-2016_soil_01,soil_enriched,3,4385.557248787959,2.1327601696904486,508,6,0.011811023622047244,0.99
hja2016_071,164,hyporheic,3,502,60.8,560307.442789535,4895737.8417834,hja2016_183,HJA-2016_soil_01,soil_enriched,3,1113.0952643387484,0.15457707112337973,508,10,0.01968503937007874,0.81
hja2016_075,260,hyporheic,4,23,866.1,566425.172613061,4897456.76587079,hja2016_183,HJA-2016_soil_01,soil_enriched,3,7399.2200444966,2.8873732035468938,508,7,0.013779527559055118,1.06
hja2016_078,CC-1,hyporheic,2,183,64,569956.016680872,4897740.75332909,hja2016_183,HJA-2016_soil_01,soil_enriched,3,10866.903284625894,3.4418689724728506,508,8,0.015748031496062992,1.24
hja2016_079,64,hyporheic,2,163,33.5,570527.99142083,4895508.85189625,hja2016_183,HJA-2016_soil_01,soil_enriched,3,11111.926440575198,3.4740370489081616,508,14,0.027559055118110236,1.26
hja2016_084,177,hyporheic,1,452,14.8,565808.199860345,4901620.58198475,hja2016_183,HJA-2016_soil_01,soil_enriched,3,9153.960602759795,3.194396082814107,508,7,0.013779527559055118,0.76
hja2016_127,60,sediment,2,316,43.1,567391.129953618,4898693.71124374,hja2016_183,HJA-2016_soil_01,soil_enriched,3,8755.930737479888,3.130260542334128,508,21,0.04133858267716536,1.66
hja2016_129,72,sediment,4,16,568.3,566542.167446234,4896499.80813279,hja2016_183,HJA-2016_soil_01,soil_enriched,3,7261.341586408594,2.860236121395769,508,37,0.07283464566929133,4.05
hja2016_131,74,sediment,2,373,70,565310.221852481,4897724.75403567,hja2016_183,HJA-2016_soil_01,soil_enriched,3,6460.5813604542345,2.6916639927994574,508,40,0.07874015748031496,4.28
hja2016_132,84,sediment,4,112,622.7,566447.171641521,4900685.6232752,hja2016_183,HJA-2016_soil_01,soil_enriched,3,8998.073084625998,3.169616084898654,508,31,0.0610236220472441,3.57
hja2016_133,161,sediment,5,51,5699.1,561109.407372482,4897170.77850081,hja2016_183,HJA-2016_soil_01,soil_enriched,3,2701.014340405082,1.4335012995197325,508,95,0.18700787401574803,9.87
hja2016_135,169,sediment,2,144,53.5,568641.074752475,4902527.5419308,hja2016_183,HJA-2016_soil_01,soil_enriched,3,11862.093449414371,3.568286737365383,508,42,0.08267716535433071,4.23
hja2016_136,190,sediment,1,546,14.2,564169.272240084,4897881.7471024,hja2016_183,HJA-2016_soil_01,soil_enriched,3,5520.269258726273,2.464738638154742,508,30,0.05905511811023622,2.78
hja2016_139,CC-2,sediment,2,183,63.6,569992.01509108,4897760.75244588,hja2016_183,HJA-2016_soil_01,soil_enriched,3,10906.72858402056,3.4471465326297785,508,55,0.10826771653543307,5.55
hja2016_140,CC-3,sediment,2,183,63,570038.013059678,4897795.75090024,hja2016_183,HJA-2016_soil_01,soil_enriched,3,10959.985280103692,3.4541739555639346,508,28,0.05511811023622047,2.52
hja2016_141,CC-4,sediment,2,183,58.5,570162.007583724,4897831.74931045,hja2016_183,HJA-2016_soil_01,soil_enriched,3,11089.041494915538,3.4710627633361053,508,37,0.07283464566929133,3.25
hja2016_142,KC-1,sediment,3,362,114.7,562012.367495176,4896802.79475203,hja2016_183,HJA-2016_soil_01,soil_enriched,3,3119.8990020537276,1.6414993266533362,508,37,0.07283464566929133,2.63
hja2016_144,KC-3,sediment,3,362,114,562000.368025107,4896680.80013966,hja2016_183,HJA-2016_soil_01,soil_enriched,3,3043.235980606604,1.605606208598131,508,29,0.05708661417322835,2.88
hja2016_145,155,sediment,2,345,81.2,565811.199727862,4897652.75721525,hja2016_183,HJA-2016_soil_01,soil_enriched,3,6892.605750590121,2.7850494971185347,508,43,0.08464566929133858,4.06
hja2016_146,156,sediment,5,24,2575.9,566141.185154761,4897558.76136638,hja2016_183,HJA-2016_soil_01,soil_enriched,3,7166.0844096887195,2.841185037230215,508,20,0.03937007874015748,1.94
hja2016_147,163,sediment,5,63,6126.6,559726.468447026,4896111.82526722,hja2016_183,HJA-2016_soil_01,soil_enriched,3,1094.9095328738433,0.13081167177521913,508,92,0.18110236220472442,9.76
hja2016_148,165,sediment,2,494,27.9,564789.244860317,4900155.64668049,hja2016_183,HJA-2016_soil_01,soil_enriched,3,7399.1363490737285,2.8873568845762847,508,70,0.13779527559055119,5.94
hja2016_150,53,sediment,3,78,280.7,568092.098996817,4898223.73199937,hja2016_183,HJA-2016_soil_01,soil_enriched,3,9226.59458271796,3.2057982659455875,508,25,0.04921259842519685,2.64
hja2016_151,64,sediment,2,163,33.5,570527.99142083,4895508.85189625,hja2016_183,HJA-2016_soil_01,soil_enriched,3,11111.926440575198,3.4740370489081616,508,86,0.16929133858267717,8.5
hja2016_152,66,sediment,4,79,1360.7,567970.104384448,4898153.73509064,hja2016_183,HJA-2016_soil_01,soil_enriched,3,9088.02372767868,3.183966601541503,508,18,0.03543307086614173,1.97
hja2016_155,82,sediment,2,536,36.6,564452.259742545,4899854.65997292,hja2016_183,HJA-2016_soil_01,soil_enriched,3,6947.532615015915,2.7965007021370676,508,65,0.1279527559055118,5.77
hja2016_157,43,sediment,1,538,7.8,567346.131940859,4898257.7304979,hja2016_183,HJA-2016_soil_01,soil_enriched,3,8542.385977026623,3.0946390858238613,508,26,0.051181102362204724,2.29
hja2016_159,49,sediment,5,40,3399.1,563281.311454976,4898046.73981585,hja2016_183,HJA-2016_soil_01,soil_enriched,3,4878.044063411711,2.2863027900689974,508,32,0.06299212598425197,2.46
hja2016_160,50,sediment,5,41,4956.4,563054.321479503,4898132.73601802,hja2016_183,HJA-2016_soil_01,soil_enriched,3,4755.781483000312,2.249682428154581,508,4,0.007874015748031496,0.89
hja2016_031,161,hyporheic,5,51,5699.1,561109.407372482,4897170.77850081,hja2016_183,HJA-2016_soil_01,soil_enriched,3,2701.014340405082,1.4335012995197325,508,4,0.007874015748031496,1.31
hja2016_032,54,hyporheic,3,363,207.7,561802.376768968,4897363.76997776,hja2016_183,HJA-2016_soil_01,soil_enriched,3,3310.9247520991207,1.7272342227533195,508,6,0.011811023622047244,0.63
hja2016_035,192,hyporheic,2,542,28.5,564620.252323511,4897836.74908965,hja2016_183,HJA-2016_soil_01,soil_enriched,3,5890.989349466072,2.5585099447020534,508,6,0.011811023622047244,1.1
hja2016_037,43,hyporheic,1,538,7.8,567346.131940859,4898257.7304979,hja2016_183,HJA-2016_soil_01,soil_enriched,3,8542.385977026623,3.0946390858238613,508,0,0,0
hja2016_042,165,planktonic,2,494,27.9,564789.244860317,4900155.64668049,hja2016_183,HJA-2016_soil_01,soil_enriched,3,7399.1363490737285,2.8873568845762847,508,1,0.001968503937007874,0.07
hja2016_043,KC-2,hyporheic,3,362,114.2,561999.368069268,4896735.79771081,hja2016_183,HJA-2016_soil_01,soil_enriched,3,3072.056347196398,1.6192046779976386,508,5,0.00984251968503937,1.17
hja2016_049,67,planktonic,4,83,1558.1,567119.141965387,4897968.74326041,hja2016_183,HJA-2016_soil_01,soil_enriched,3,8225.73773453772,3.0401450743773624,508,1,0.001968503937007874,0.07
hja2016_050,165,hyporheic,2,494,27.9,564789.244860317,4900155.64668049,hja2016_183,HJA-2016_soil_01,soil_enriched,3,7399.1363490737285,2.8873568845762847,508,8,0.015748031496062992,0.76
hja2016_052,163,hyporheic,5,63,6126.6,559726.468447026,4896111.82526722,hja2016_183,HJA-2016_soil_01,soil_enriched,3,1094.9095328738433,0.13081167177521913,508,12,0.023622047244094488,1.08
hja2016_056,KC-1,hyporheic,3,362,114.7,562012.367495176,4896802.79475203,hja2016_183,HJA-2016_soil_01,soil_enriched,3,3119.8990020537276,1.6414993266533362,508,8,0.015748031496062992,0.69
hja2016_057,71,hyporheic,3,556,101.7,562662.338790582,4897988.74237719,hja2016_183,HJA-2016_soil_01,soil_enriched,3,4365.955562321182,2.126297446328447,508,4,0.007874015748031496,0.78
hja2016_059,KC-2,planktonic,3,362,114.2,561999.368069268,4896735.79771081,hja2016_183,HJA-2016_soil_01,soil_enriched,3,3072.056347196398,1.6192046779976386,508,6,0.011811023622047244,1.45
hja2016_062,WS3-3,hyporheic,2,511,93.4,560639.428128111,4896408.81215143,hja2016_183,HJA-2016_soil_01,soil_enriched,3,1815.4653488250265,0.8603393941671075,508,12,0.023622047244094488,1.07
hja2016_064,WS3-4,planktonic,2,510,81.3,560692.425787583,4896348.81480109,hja2016_183,HJA-2016_soil_01,soil_enriched,3,1808.0600595762737,0.8544426015438721,508,6,0.011811023622047244,1.11
hja2016_099,162,planktonic,5,66,6208.4,559348.485139852,4895468.85366269,hja2016_183,HJA-2016_soil_01,soil_enriched,3,416.7801366993802,-1.2626415729527134,508,4,0.007874015748031496,0.39
hja2016_100,64,planktonic,2,163,33.5,570527.99142083,4895508.85189625,hja2016_183,HJA-2016_soil_01,soil_enriched,3,11111.926440575198,3.4740370489081616,508,4,0.007874015748031496,0.21
hja2016_101,58,planktonic,3,385,67.2,566998.147308857,4898497.71989928,hja2016_183,HJA-2016_soil_01,soil_enriched,3,8317.062617393829,3.0560740938032347,508,3,0.005905511811023622,0.23
hja2016_102,73,hyporheic,2,255,137,566310.177691566,4896786.79545861,hja2016_183,HJA-2016_soil_01,soil_enriched,3,7098.4504909878015,2.82750413547107,508,5,0.00984251968503937,0.41
hja2016_103,260,planktonic,4,23,866.1,566425.172613061,4897456.76587079,hja2016_183,HJA-2016_soil_01,soil_enriched,3,7399.2200444966,2.8873732035468938,508,8,0.015748031496062992,0.88
hja2016_105,178,planktonic,2,411,19.9,566185.18321168,4901793.57434491,hja2016_183,HJA-2016_soil_01,soil_enriched,3,9542.00050990428,3.2542917634167843,508,7,0.013779527559055118,0.61
hja2016_106,170,planktonic,2,229,49.4,570659.985591589,4896908.79007097,hja2016_183,HJA-2016_soil_01,soil_enriched,3,11386.051855441236,3.5091956702031113,508,1,0.001968503937007874,0.12
hja2016_107,57,hyporheic,4,131,1488.8,563668.294364702,4898599.71539487,hja2016_183,HJA-2016_soil_01,soil_enriched,3,5526.252040135455,2.466301361781515,508,3,0.005905511811023622,0.41
hja2016_109,169,planktonic,2,144,53.5,568641.074752475,4902527.5419308,hja2016_183,HJA-2016_soil_01,soil_enriched,3,11862.093449414371,3.568286737365383,508,5,0.00984251968503937,0.52
hja2016_110,76,hyporheic,3,150,303.5,570464.994202967,4896947.7883487,hja2016_183,HJA-2016_soil_01,soil_enriched,3,11200.205182421572,3.4854532568979764,508,4,0.007874015748031496,0.42
hja2016_111,160,planktonic,5,24,2569.5,566416.173010509,4897492.764281,hja2016_183,HJA-2016_soil_01,soil_enriched,3,7402.4629386502365,2.888005362389069,508,9,0.017716535433070866,0.5
hja2016_114,WS1-5,planktonic,2,522,87.9,559517.477676657,4895016.87362342,hja2016_183,HJA-2016_soil_01,soil_enriched,3,101.54713742738073,-3.29977852366817,508,4,0.007874015748031496,0.36
hja2016_116,53,planktonic,3,78,280.7,568092.098996817,4898223.73199937,hja2016_183,HJA-2016_soil_01,soil_enriched,3,9226.59458271796,3.2057982659455875,508,6,0.011811023622047244,0.58
hja2016_119,56,planktonic,3,321,99.5,562839.3309741,4897811.75019367,hja2016_183,HJA-2016_soil_01,soil_enriched,3,4385.557248787959,2.1327601696904486,508,11,0.021653543307086614,0.94
hja2016_121,84,hyporheic,4,112,622.7,566447.171641521,4900685.6232752,hja2016_183,HJA-2016_soil_01,soil_enriched,3,8998.073084625998,3.169616084898654,508,1,0.001968503937007874,0.09
hja2016_122,45,sediment,3,390,193.2,565977.192397151,4897892.74661664,hja2016_183,HJA-2016_soil_01,soil_enriched,3,7138.493525190552,2.835619646656177,508,26,0.051181102362204724,2.36
hja2016_125,56,sediment,3,321,99.5,562839.3309741,4897811.75019367,hja2016_183,HJA-2016_soil_01,soil_enriched,3,4385.557248787959,2.1327601696904486,508,33,0.06496062992125984,2.87
hja2016_164,260,sediment,4,23,866.1,566425.172613061,4897456.76587079,hja2016_183,HJA-2016_soil_01,soil_enriched,3,7399.2200444966,2.8873732035468938,508,31,0.0610236220472441,3.63
hja2016_166,57,sediment,4,131,1488.8,563668.294364702,4898599.71539487,hja2016_183,HJA-2016_soil_01,soil_enriched,3,5526.252040135455,2.466301361781515,508,9,0.017716535433070866,1
hja2016_167,WS3-1,sediment,2,511,96.4,560508.433913191,4896516.80738205,hja2016_183,HJA-2016_soil_01,soil_enriched,3,1816.0727806024734,0.8608220209714758,508,99,0.19488188976377951,10.04
hja2016_169,WS3-2,sediment,2,511,95.7,560554.431881789,4896487.80866272,hja2016_183,HJA-2016_soil_01,soil_enriched,3,1821.0423062954935,0.8647644392690184,508,97,0.19094488188976377,9.56
hja2016_170,WS3-3,sediment,2,511,93.4,560639.428128111,4896408.81215143,hja2016_183,HJA-2016_soil_01,soil_enriched,3,1815.4653488250265,0.8603393941671075,508,36,0.07086614173228346,3.5
hja2016_177,WS1-3,sediment,2,522,92.1,559404.482666841,4895069.8712829,hja2016_183,HJA-2016_soil_01,soil_enriched,3,23.280057496084023,-5.42476156841801,508,45,0.08858267716535433,4.01
hja2016_179,WS1-5,sediment,2,522,87.9,559517.477676657,4895016.87362342,hja2016_183,HJA-2016_soil_01,soil_enriched,3,101.54713742738073,-3.29977852366817,508,25,0.04921259842519685,2.48
hja2016_180,WS1-6,sediment,2,522,82.7,559631.472642313,4894993.87463913,hja2016_183,HJA-2016_soil_01,soil_enriched,3,216.39765888447488,-2.20824320355086,508,7,0.013779527559055118,1.25
hja2016_181,177,sediment,1,452,14.8,565808.199860345,4901620.58198475,hja2016_183,HJA-2016_soil_01,soil_enriched,3,9153.960602759795,3.194396082814107,508,33,0.06496062992125984,3.35
hja2016_001,50,planktonic,5,41,4956.4,563054.321479503,4898132.73601802,hja2016_184,HJA-2016_soil_03,soil_detected,3,4687.991531492832,2.22896996364149,971,13,0.013388259526261586,3.42
hja2016_008,WS3-1,hyporheic,2,511,96.4,560508.433913191,4896516.80738205,hja2016_184,HJA-2016_soil_03,soil_detected,3,1787.6702445029728,0.8380806400475154,971,56,0.057672502574665295,10.88
hja2016_009,60,hyporheic,2,316,43.1,567391.129953618,4898693.71124374,hja2016_184,HJA-2016_soil_03,soil_detected,3,8650.066130714253,3.1127111623550046,971,57,0.05870236869207003,13.98
hja2016_010,164,planktonic,3,502,60.8,560307.442789535,4895737.8417834,hja2016_184,HJA-2016_soil_03,soil_detected,3,1045.941767403878,0.06480253206642983,971,12,0.012358393408856848,5.18
hja2016_011,WS1-6,planktonic,2,522,82.7,559631.472642313,4894993.87463913,hja2016_184,HJA-2016_soil_03,soil_detected,3,59.21978874432748,-4.077776845798513,971,60,0.061791967044284246,6.8
hja2016_013,WS1-4,planktonic,2,522,89.8,559453.480502956,4895042.87247524,hja2016_184,HJA-2016_soil_03,soil_detected,3,128.48286041571276,-2.9603521778221524,971,54,0.055612770339855816,8.2
hja2016_014,WS1-6,hyporheic,2,522,82.7,559631.472642313,4894993.87463913,hja2016_184,HJA-2016_soil_03,soil_detected,3,59.21978874432748,-4.077776845798513,971,46,0.04737384140061792,11.46
hja2016_015,47,hyporheic,4,134,1550.1,563254.31264732,4898130.73610634,hja2016_184,HJA-2016_soil_03,soil_detected,3,4837.09376685639,2.2741405046366876,971,19,0.01956745623069001,4.53
hja2016_016,74,hyporheic,2,373,70,565310.221852481,4897724.75403567,hja2016_184,HJA-2016_soil_03,soil_detected,3,6354.6833822125955,2.6678202457194544,971,12,0.012358393408856848,2.32
hja2016_018,WS1-5,hyporheic,2,522,87.9,559517.477676657,4895016.87362342,hja2016_184,HJA-2016_soil_03,soil_detected,3,59.40842271270747,-4.073188704128787,971,51,0.05252317198764161,4.41
hja2016_019,155,hyporheic,2,345,81.2,565811.199727862,4897652.75721525,hja2016_184,HJA-2016_soil_03,soil_detected,3,6781.896840668349,2.7616888397175026,971,60,0.061791967044284246,12.59
hja2016_020,WS1-2,hyporheic,2,522,93.6,559354.484874886,4895103.86978142,hja2016_184,HJA-2016_soil_03,soil_detected,3,243.9718054923127,-2.0352136619626755,971,77,0.07929969104016478,8.39
hja2016_021,156,hyporheic,5,24,2575.9,566141.185154761,4897558.76136638,hja2016_184,HJA-2016_soil_03,soil_detected,3,7051.916423758594,2.818015376566275,971,22,0.02265705458290422,5.87
hja2016_027,WS3-6,planktonic,2,510,78.4,560819.420179147,4896235.81979127,hja2016_184,HJA-2016_soil_03,soil_detected,3,1760.0735264034727,0.8156356981591564,971,15,0.015447991761071062,2.01
hja2016_065,68,hyporheic,5,30,3032.2,565145.229139031,4897899.74630751,hja2016_184,HJA-2016_soil_03,soil_detected,3,6285.074850282766,2.651929926107794,971,75,0.07723995880535531,10.81
hja2016_066,49,hyporheic,5,40,3399.1,563281.311454976,4898046.73981585,hja2016_184,HJA-2016_soil_03,soil_detected,3,4803.864392012124,2.264195425870159,971,62,0.06385169927909372,8.15
hja2016_070,56,hyporheic,3,321,99.5,562839.3309741,4897811.75019367,hja2016_184,HJA-2016_soil_03,soil_detected,3,4314.421490132408,2.1091671250426605,971,23,0.02368692070030896,4.04
hja2016_071,164,hyporheic,3,502,60.8,560307.442789535,4895737.8417834,hja2016_184,HJA-2016_soil_03,soil_detected,3,1045.941767403878,0.06480253206642983,971,68,0.07003089598352215,8.75
hja2016_075,260,hyporheic,4,23,866.1,566425.172613061,4897456.76587079,hja2016_184,HJA-2016_soil_03,soil_detected,3,7282.056839095865,2.86434600158464,971,48,0.04943357363542739,9.2
hja2016_078,CC-1,hyporheic,2,183,64,569956.016680872,4897740.75332909,hja2016_184,HJA-2016_soil_03,soil_detected,3,10740.94521894254,3.425049053078196,971,45,0.046343975283213185,10.08
hja2016_079,64,hyporheic,2,163,33.5,570527.99142083,4895508.85189625,hja2016_184,HJA-2016_soil_03,soil_detected,3,10967.835296257144,3.4552069063599204,971,63,0.06488156539649846,9.53
hja2016_084,177,hyporheic,1,452,14.8,565808.199860345,4901620.58198475,hja2016_184,HJA-2016_soil_03,soil_detected,3,9099.467594179589,3.1857821363325445,971,52,0.053553038105046344,10.75
hja2016_127,60,sediment,2,316,43.1,567391.129953618,4898693.71124374,hja2016_184,HJA-2016_soil_03,soil_detected,3,8650.066130714253,3.1127111623550046,971,133,0.13697219361483007,13.29
hja2016_129,72,sediment,4,16,568.3,566542.167446234,4896499.80813279,hja2016_184,HJA-2016_soil_03,soil_detected,3,7130.746864013493,2.8340531903548274,971,173,0.17816683831101957,20.8
hja2016_131,74,sediment,2,373,70,565310.221852481,4897724.75403567,hja2016_184,HJA-2016_soil_03,soil_detected,3,6354.6833822125955,2.6678202457194544,971,165,0.16992790937178168,19.54
hja2016_132,84,sediment,4,112,622.7,566447.171641521,4900685.6232752,hja2016_184,HJA-2016_soil_03,soil_detected,3,8925.27492606731,3.1578966092946867,971,162,0.16683831101956745,21.05
hja2016_133,161,sediment,5,51,5699.1,561109.407372482,4897170.77850081,hja2016_184,HJA-2016_soil_03,soil_detected,3,2664.9132650716183,1.414088578355047,971,261,0.2687950566426365,28.86
hja2016_135,169,sediment,2,144,53.5,568641.074752475,4902527.5419308,hja2016_184,HJA-2016_soil_03,soil_detected,3,11789.813489777138,3.5594689905161547,971,181,0.18640576725025745,21.95
hja2016_136,190,sediment,1,546,14.2,564169.272240084,4897881.7471024,hja2016_184,HJA-2016_soil_03,soil_detected,3,5428.849378828946,2.4406464574477904,971,140,0.14418125643666324,16.86
hja2016_139,CC-2,sediment,2,183,63.6,569992.01509108,4897760.75244588,hja2016_184,HJA-2016_soil_03,soil_detected,3,10780.86584637373,3.430401145158344,971,188,0.19361483007209063,21.01
hja2016_140,CC-3,sediment,2,183,63,570038.013059678,4897795.75090024,hja2016_184,HJA-2016_soil_03,soil_detected,3,10834.32775584622,3.4375377353153,971,138,0.14212152420185376,14.86
hja2016_141,CC-4,sediment,2,183,58.5,570162.007583724,4897831.74931045,hja2016_184,HJA-2016_soil_03,soil_detected,3,10963.414097738994,3.454625230309574,971,151,0.15550978372811536,18.07
hja2016_142,KC-1,sediment,3,362,114.7,562012.367495176,4896802.79475203,hja2016_184,HJA-2016_soil_03,soil_detected,3,3037.492109117954,1.6028806608497164,971,143,0.14727085478887744,16.36
hja2016_144,KC-3,sediment,3,362,114,562000.368025107,4896680.80013966,hja2016_184,HJA-2016_soil_03,soil_detected,3,2956.597257138216,1.5639377352737658,971,143,0.14727085478887744,18.51
hja2016_145,155,sediment,2,345,81.2,565811.199727862,4897652.75721525,hja2016_184,HJA-2016_soil_03,soil_detected,3,6781.896840668349,2.7616888397175026,971,178,0.18331616889804325,20.3
hja2016_146,156,sediment,5,24,2575.9,566141.185154761,4897558.76136638,hja2016_184,HJA-2016_soil_03,soil_detected,3,7051.916423758594,2.818015376566275,971,122,0.12564366632337795,14.11
hja2016_147,163,sediment,5,63,6126.6,559726.468447026,4896111.82526722,hja2016_184,HJA-2016_soil_03,soil_detected,3,1128.5390132464408,0.17445629291547685,971,278,0.286302780638517,28.62
hja2016_148,165,sediment,2,494,27.9,564789.244860317,4900155.64668049,hja2016_184,HJA-2016_soil_03,soil_detected,3,7338.999647113132,2.875583427850019,971,202,0.20803295571575695,21.87
hja2016_150,53,sediment,3,78,280.7,568092.098996817,4898223.73199937,hja2016_184,HJA-2016_soil_03,soil_detected,3,9111.518487351876,3.1876915075525134,971,153,0.15756951596292482,16.44
hja2016_151,64,sediment,2,163,33.5,570527.99142083,4895508.85189625,hja2016_184,HJA-2016_soil_03,soil_detected,3,10967.835296257144,3.4552069063599204,971,245,0.25231719876416064,25.71
hja2016_152,66,sediment,4,79,1360.7,567970.104384448,4898153.73509064,hja2016_184,HJA-2016_soil_03,soil_detected,3,8972.660721043567,3.1655358602676924,971,104,0.10710607621009269,13.19
hja2016_155,82,sediment,2,536,36.6,564452.259742545,4899854.65997292,hja2016_184,HJA-2016_soil_03,soil_detected,3,6887.794985971404,2.784042201805004,971,202,0.20803295571575695,20.85
hja2016_157,43,sediment,1,538,7.8,567346.131940859,4898257.7304979,hja2016_184,HJA-2016_soil_03,soil_detected,3,8431.249227315959,3.075746405844747,971,135,0.13903192584963955,13.32
hja2016_159,49,sediment,5,40,3399.1,563281.311454976,4898046.73981585,hja2016_184,HJA-2016_soil_03,soil_detected,3,4803.864392012124,2.264195425870159,971,146,0.15036045314109167,17.75
hja2016_160,50,sediment,5,41,4956.4,563054.321479503,4898132.73601802,hja2016_184,HJA-2016_soil_03,soil_detected,3,4687.991531492832,2.22896996364149,971,82,0.08444902162718847,7.81
hja2016_031,161,hyporheic,5,51,5699.1,561109.407372482,4897170.77850081,hja2016_184,HJA-2016_soil_03,soil_detected,3,2664.9132650716183,1.414088578355047,971,18,0.018537590113285273,5.43
hja2016_032,54,hyporheic,3,363,207.7,561802.376768968,4897363.76997776,hja2016_184,HJA-2016_soil_03,soil_detected,3,3254.207368896037,1.7023061872568115,971,24,0.024716786817713696,7.25
hja2016_035,192,hyporheic,2,542,28.5,564620.252323511,4897836.74908965,hja2016_184,HJA-2016_soil_03,soil_detected,3,5793.465680646779,2.534426633964986,971,30,0.030895983522142123,6.66
hja2016_037,43,hyporheic,1,538,7.8,567346.131940859,4898257.7304979,hja2016_184,HJA-2016_soil_03,soil_detected,3,8431.249227315959,3.075746405844747,971,26,0.026776519052523172,7.05
hja2016_042,165,planktonic,2,494,27.9,564789.244860317,4900155.64668049,hja2016_184,HJA-2016_soil_03,soil_detected,3,7338.999647113132,2.875583427850019,971,11,0.01132852729145211,3.1
hja2016_043,KC-2,hyporheic,3,362,114.2,561999.368069268,4896735.79771081,hja2016_184,HJA-2016_soil_03,soil_detected,3,2987.505795349974,1.5789415117258743,971,31,0.03192584963954686,10.12
hja2016_049,67,planktonic,4,83,1558.1,567119.141965387,4897968.74326041,hja2016_184,HJA-2016_soil_03,soil_detected,3,8112.0521376695615,3.0200669248407106,971,7,0.007209062821833162,3.79
hja2016_050,165,hyporheic,2,494,27.9,564789.244860317,4900155.64668049,hja2016_184,HJA-2016_soil_03,soil_detected,3,7338.999647113132,2.875583427850019,971,48,0.04943357363542739,7.17
hja2016_052,163,hyporheic,5,63,6126.6,559726.468447026,4896111.82526722,hja2016_184,HJA-2016_soil_03,soil_detected,3,1128.5390132464408,0.17445629291547685,971,62,0.06385169927909372,10.26
hja2016_056,KC-1,hyporheic,3,362,114.7,562012.367495176,4896802.79475203,hja2016_184,HJA-2016_soil_03,soil_detected,3,3037.492109117954,1.6028806608497164,971,70,0.07209062821833162,8.27
hja2016_057,71,hyporheic,3,556,101.7,562662.338790582,4897988.74237719,hja2016_184,HJA-2016_soil_03,soil_detected,3,4303.240087095082,2.105423333616188,971,33,0.03398558187435633,7.45
hja2016_059,KC-2,planktonic,3,362,114.2,561999.368069268,4896735.79771081,hja2016_184,HJA-2016_soil_03,soil_detected,3,2987.505795349974,1.5789415117258743,971,42,0.04325437693099897,8.59
hja2016_062,WS3-3,hyporheic,2,511,93.4,560639.428128111,4896408.81215143,hja2016_184,HJA-2016_soil_03,soil_detected,3,1772.263131461311,0.8255928196218161,971,71,0.07312049433573635,6.61
hja2016_064,WS3-4,planktonic,2,510,81.3,560692.425787583,4896348.81480109,hja2016_184,HJA-2016_soil_03,soil_detected,3,1758.0259933861705,0.8139564016827333,971,29,0.029866117404737384,7.44
hja2016_099,162,planktonic,5,66,6208.4,559348.485139852,4895468.85366269,hja2016_184,HJA-2016_soil_03,soil_detected,3,525.0512998787914,-0.929469707413262,971,30,0.030895983522142123,2.16
hja2016_100,64,planktonic,2,163,33.5,570527.99142083,4895508.85189625,hja2016_184,HJA-2016_soil_03,soil_detected,3,10967.835296257144,3.4552069063599204,971,15,0.015447991761071062,1.02
hja2016_101,58,planktonic,3,385,67.2,566998.147308857,4898497.71989928,hja2016_184,HJA-2016_soil_03,soil_detected,3,8211.020240057574,3.0375614916528284,971,19,0.01956745623069001,1.91
hja2016_102,73,hyporheic,2,255,137,566310.177691566,4896786.79545861,hja2016_184,HJA-2016_soil_03,soil_detected,3,6972.388615121755,2.801652982183666,971,22,0.02265705458290422,2.09
hja2016_103,260,planktonic,4,23,866.1,566425.172613061,4897456.76587079,hja2016_184,HJA-2016_soil_03,soil_detected,3,7282.056839095865,2.86434600158464,971,41,0.042224510813594233,4.77
hja2016_105,178,planktonic,2,411,19.9,566185.18321168,4901793.57434491,hja2016_184,HJA-2016_soil_03,soil_detected,3,9485.082490367893,3.2456603205979717,971,28,0.028836251287332648,2.43
hja2016_106,170,planktonic,2,229,49.4,570659.985591589,4896908.79007097,hja2016_184,HJA-2016_soil_03,soil_detected,3,11251.876539361969,3.4920937228421423,971,4,0.004119464469618949,0.48
hja2016_107,57,hyporheic,4,131,1488.8,563668.294364702,4898599.71539487,hja2016_184,HJA-2016_soil_03,soil_detected,3,5457.074062073813,2.448127623747488,971,23,0.02368692070030896,2.07
hja2016_109,169,planktonic,2,144,53.5,568641.074752475,4902527.5419308,hja2016_184,HJA-2016_soil_03,soil_detected,3,11789.813489777138,3.5594689905161547,971,24,0.024716786817713696,2.17
hja2016_110,76,hyporheic,3,150,303.5,570464.994202967,4896947.7883487,hja2016_184,HJA-2016_soil_03,soil_detected,3,11066.598407538148,3.4681399371772694,971,18,0.018537590113285273,2.28
hja2016_111,160,planktonic,5,24,2569.5,566416.173010509,4897492.764281,hja2016_184,HJA-2016_soil_03,soil_detected,3,7285.856301932626,2.8650985412605507,971,29,0.029866117404737384,2.35
hja2016_114,WS1-5,planktonic,2,522,87.9,559517.477676657,4895016.87362342,hja2016_184,HJA-2016_soil_03,soil_detected,3,59.40842271270747,-4.073188704128787,971,25,0.025746652935118436,2.46
hja2016_116,53,planktonic,3,78,280.7,568092.098996817,4898223.73199937,hja2016_184,HJA-2016_soil_03,soil_detected,3,9111.518487351876,3.1876915075525134,971,27,0.027806385169927908,2.46
hja2016_119,56,planktonic,3,321,99.5,562839.3309741,4897811.75019367,hja2016_184,HJA-2016_soil_03,soil_detected,3,4314.421490132408,2.1091671250426605,971,45,0.046343975283213185,4.94
hja2016_121,84,hyporheic,4,112,622.7,566447.171641521,4900685.6232752,hja2016_184,HJA-2016_soil_03,soil_detected,3,8925.27492606731,3.1578966092946867,971,5,0.005149330587023687,0.53
hja2016_122,45,sediment,3,390,193.2,565977.192397151,4897892.74661664,hja2016_184,HJA-2016_soil_03,soil_detected,3,7030.413950438915,2.81360963761408,971,157,0.16168898043254376,18.22
hja2016_125,56,sediment,3,321,99.5,562839.3309741,4897811.75019367,hja2016_184,HJA-2016_soil_03,soil_detected,3,4314.421490132408,2.1091671250426605,971,157,0.16168898043254376,18.97
hja2016_164,260,sediment,4,23,866.1,566425.172613061,4897456.76587079,hja2016_184,HJA-2016_soil_03,soil_detected,3,7282.056839095865,2.86434600158464,971,140,0.14418125643666324,18.67
hja2016_166,57,sediment,4,131,1488.8,563668.294364702,4898599.71539487,hja2016_184,HJA-2016_soil_03,soil_detected,3,5457.074062073813,2.448127623747488,971,84,0.08650875386199794,7.34
hja2016_167,WS3-1,sediment,2,511,96.4,560508.433913191,4896516.80738205,hja2016_184,HJA-2016_soil_03,soil_detected,3,1787.6702445029728,0.8380806400475154,971,265,0.2729145211122554,28.67
hja2016_169,WS3-2,sediment,2,511,95.7,560554.431881789,4896487.80866272,hja2016_184,HJA-2016_soil_03,soil_detected,3,1787.8814802282668,0.8382511025423447,971,271,0.27909371781668385,28.53
hja2016_170,WS3-3,sediment,2,511,93.4,560639.428128111,4896408.81215143,hja2016_184,HJA-2016_soil_03,soil_detected,3,1772.263131461311,0.8255928196218161,971,147,0.1513903192584964,14.18
hja2016_177,WS1-3,sediment,2,522,92.1,559404.482666841,4895069.8712829,hja2016_184,HJA-2016_soil_03,soil_detected,3,184.18092796710175,-2.440804417561457,971,184,0.18949536560247168,21.89
hja2016_179,WS1-5,sediment,2,522,87.9,559517.477676657,4895016.87362342,hja2016_184,HJA-2016_soil_03,soil_detected,3,59.40842271270747,-4.073188704128787,971,133,0.13697219361483007,15.53
hja2016_180,WS1-6,sediment,2,522,82.7,559631.472642313,4894993.87463913,hja2016_184,HJA-2016_soil_03,soil_detected,3,59.21978874432748,-4.077776845798513,971,76,0.07826982492276004,8.01
hja2016_181,177,sediment,1,452,14.8,565808.199860345,4901620.58198475,hja2016_184,HJA-2016_soil_03,soil_detected,3,9099.467594179589,3.1857821363325445,971,142,0.1462409886714727,14.05
hja2016_001,50,planktonic,5,41,4956.4,563054.321479503,4898132.73601802,hja2016_184,HJA-2016_soil_03,soil_enriched,3,4687.991531492832,2.22896996364149,601,3,0.004991680532445923,0.62
hja2016_008,WS3-1,hyporheic,2,511,96.4,560508.433913191,4896516.80738205,hja2016_184,HJA-2016_soil_03,soil_enriched,3,1787.6702445029728,0.8380806400475154,601,8,0.013311148086522463,0.97
hja2016_009,60,hyporheic,2,316,43.1,567391.129953618,4898693.71124374,hja2016_184,HJA-2016_soil_03,soil_enriched,3,8650.066130714253,3.1127111623550046,601,7,0.011647254575707155,0.88
hja2016_010,164,planktonic,3,502,60.8,560307.442789535,4895737.8417834,hja2016_184,HJA-2016_soil_03,soil_enriched,3,1045.941767403878,0.06480253206642983,601,0,0,0
hja2016_011,WS1-6,planktonic,2,522,82.7,559631.472642313,4894993.87463913,hja2016_184,HJA-2016_soil_03,soil_enriched,3,59.21978874432748,-4.077776845798513,601,12,0.019966722129783693,0.84
hja2016_013,WS1-4,planktonic,2,522,89.8,559453.480502956,4895042.87247524,hja2016_184,HJA-2016_soil_03,soil_enriched,3,128.48286041571276,-2.9603521778221524,601,8,0.013311148086522463,0.85
hja2016_014,WS1-6,hyporheic,2,522,82.7,559631.472642313,4894993.87463913,hja2016_184,HJA-2016_soil_03,soil_enriched,3,59.21978874432748,-4.077776845798513,601,2,0.0033277870216306157,0.43
hja2016_015,47,hyporheic,4,134,1550.1,563254.31264732,4898130.73610634,hja2016_184,HJA-2016_soil_03,soil_enriched,3,4837.09376685639,2.2741405046366876,601,1,0.0016638935108153079,0.47
hja2016_016,74,hyporheic,2,373,70,565310.221852481,4897724.75403567,hja2016_184,HJA-2016_soil_03,soil_enriched,3,6354.6833822125955,2.6678202457194544,601,2,0.0033277870216306157,0.21
hja2016_018,WS1-5,hyporheic,2,522,87.9,559517.477676657,4895016.87362342,hja2016_184,HJA-2016_soil_03,soil_enriched,3,59.40842271270747,-4.073188704128787,601,8,0.013311148086522463,0.59
hja2016_019,155,hyporheic,2,345,81.2,565811.199727862,4897652.75721525,hja2016_184,HJA-2016_soil_03,soil_enriched,3,6781.896840668349,2.7616888397175026,601,13,0.021630615640599003,2.61
hja2016_020,WS1-2,hyporheic,2,522,93.6,559354.484874886,4895103.86978142,hja2016_184,HJA-2016_soil_03,soil_enriched,3,243.9718054923127,-2.0352136619626755,601,12,0.019966722129783693,1.35
hja2016_021,156,hyporheic,5,24,2575.9,566141.185154761,4897558.76136638,hja2016_184,HJA-2016_soil_03,soil_enriched,3,7051.916423758594,2.818015376566275,601,4,0.0066555740432612314,0.88
hja2016_027,WS3-6,planktonic,2,510,78.4,560819.420179147,4896235.81979127,hja2016_184,HJA-2016_soil_03,soil_enriched,3,1760.0735264034727,0.8156356981591564,601,4,0.0066555740432612314,0.58
hja2016_065,68,hyporheic,5,30,3032.2,565145.229139031,4897899.74630751,hja2016_184,HJA-2016_soil_03,soil_enriched,3,6285.074850282766,2.651929926107794,601,16,0.026622296173044926,1.49
hja2016_066,49,hyporheic,5,40,3399.1,563281.311454976,4898046.73981585,hja2016_184,HJA-2016_soil_03,soil_enriched,3,4803.864392012124,2.264195425870159,601,13,0.021630615640599003,1.4
hja2016_070,56,hyporheic,3,321,99.5,562839.3309741,4897811.75019367,hja2016_184,HJA-2016_soil_03,soil_enriched,3,4314.421490132408,2.1091671250426605,601,7,0.011647254575707155,1.01
hja2016_071,164,hyporheic,3,502,60.8,560307.442789535,4895737.8417834,hja2016_184,HJA-2016_soil_03,soil_enriched,3,1045.941767403878,0.06480253206642983,601,12,0.019966722129783693,1.09
hja2016_075,260,hyporheic,4,23,866.1,566425.172613061,4897456.76587079,hja2016_184,HJA-2016_soil_03,soil_enriched,3,7282.056839095865,2.86434600158464,601,8,0.013311148086522463,1.33
hja2016_078,CC-1,hyporheic,2,183,64,569956.016680872,4897740.75332909,hja2016_184,HJA-2016_soil_03,soil_enriched,3,10740.94521894254,3.425049053078196,601,8,0.013311148086522463,1.25
hja2016_079,64,hyporheic,2,163,33.5,570527.99142083,4895508.85189625,hja2016_184,HJA-2016_soil_03,soil_enriched,3,10967.835296257144,3.4552069063599204,601,17,0.028286189683860232,1.86
hja2016_084,177,hyporheic,1,452,14.8,565808.199860345,4901620.58198475,hja2016_184,HJA-2016_soil_03,soil_enriched,3,9099.467594179589,3.1857821363325445,601,8,0.013311148086522463,1.15
hja2016_127,60,sediment,2,316,43.1,567391.129953618,4898693.71124374,hja2016_184,HJA-2016_soil_03,soil_enriched,3,8650.066130714253,3.1127111623550046,601,24,0.03993344425956739,1.76
hja2016_129,72,sediment,4,16,568.3,566542.167446234,4896499.80813279,hja2016_184,HJA-2016_soil_03,soil_enriched,3,7130.746864013493,2.8340531903548274,601,46,0.07653910149750416,4.81
hja2016_131,74,sediment,2,373,70,565310.221852481,4897724.75403567,hja2016_184,HJA-2016_soil_03,soil_enriched,3,6354.6833822125955,2.6678202457194544,601,44,0.07321131447587355,4.89
hja2016_132,84,sediment,4,112,622.7,566447.171641521,4900685.6232752,hja2016_184,HJA-2016_soil_03,soil_enriched,3,8925.27492606731,3.1578966092946867,601,36,0.059900166389351084,4.08
hja2016_133,161,sediment,5,51,5699.1,561109.407372482,4897170.77850081,hja2016_184,HJA-2016_soil_03,soil_enriched,3,2664.9132650716183,1.414088578355047,601,119,0.19800332778702162,11.8
hja2016_135,169,sediment,2,144,53.5,568641.074752475,4902527.5419308,hja2016_184,HJA-2016_soil_03,soil_enriched,3,11789.813489777138,3.5594689905161547,601,47,0.07820299500831947,4.72
hja2016_136,190,sediment,1,546,14.2,564169.272240084,4897881.7471024,hja2016_184,HJA-2016_soil_03,soil_enriched,3,5428.849378828946,2.4406464574477904,601,37,0.06156405990016639,3.23
hja2016_139,CC-2,sediment,2,183,63.6,569992.01509108,4897760.75244588,hja2016_184,HJA-2016_soil_03,soil_enriched,3,10780.86584637373,3.430401145158344,601,50,0.08319467554076539,5.4
hja2016_140,CC-3,sediment,2,183,63,570038.013059678,4897795.75090024,hja2016_184,HJA-2016_soil_03,soil_enriched,3,10834.32775584622,3.4375377353153,601,35,0.05823627287853577,3.07
hja2016_141,CC-4,sediment,2,183,58.5,570162.007583724,4897831.74931045,hja2016_184,HJA-2016_soil_03,soil_enriched,3,10963.414097738994,3.454625230309574,601,40,0.06655574043261231,3.61
hja2016_142,KC-1,sediment,3,362,114.7,562012.367495176,4896802.79475203,hja2016_184,HJA-2016_soil_03,soil_enriched,3,3037.492109117954,1.6028806608497164,601,42,0.06988352745424292,2.93
hja2016_144,KC-3,sediment,3,362,114,562000.368025107,4896680.80013966,hja2016_184,HJA-2016_soil_03,soil_enriched,3,2956.597257138216,1.5639377352737658,601,30,0.04991680532445923,2.93
hja2016_145,155,sediment,2,345,81.2,565811.199727862,4897652.75721525,hja2016_184,HJA-2016_soil_03,soil_enriched,3,6781.896840668349,2.7616888397175026,601,49,0.08153078202995008,4.56
hja2016_146,156,sediment,5,24,2575.9,566141.185154761,4897558.76136638,hja2016_184,HJA-2016_soil_03,soil_enriched,3,7051.916423758594,2.818015376566275,601,26,0.04326123128119801,2.31
hja2016_147,163,sediment,5,63,6126.6,559726.468447026,4896111.82526722,hja2016_184,HJA-2016_soil_03,soil_enriched,3,1128.5390132464408,0.17445629291547685,601,124,0.20632279534109818,11.55
hja2016_148,165,sediment,2,494,27.9,564789.244860317,4900155.64668049,hja2016_184,HJA-2016_soil_03,soil_enriched,3,7338.999647113132,2.875583427850019,601,65,0.10815307820299501,5.68
hja2016_150,53,sediment,3,78,280.7,568092.098996817,4898223.73199937,hja2016_184,HJA-2016_soil_03,soil_enriched,3,9111.518487351876,3.1876915075525134,601,34,0.056572379367720464,2.95
hja2016_151,64,sediment,2,163,33.5,570527.99142083,4895508.85189625,hja2016_184,HJA-2016_soil_03,soil_enriched,3,10967.835296257144,3.4552069063599204,601,110,0.18302828618968386,10.47
hja2016_152,66,sediment,4,79,1360.7,567970.104384448,4898153.73509064,hja2016_184,HJA-2016_soil_03,soil_enriched,3,8972.660721043567,3.1655358602676924,601,21,0.03494176372712146,2.18
hja2016_155,82,sediment,2,536,36.6,564452.259742545,4899854.65997292,hja2016_184,HJA-2016_soil_03,soil_enriched,3,6887.794985971404,2.784042201805004,601,62,0.10316139767054909,5.57
hja2016_157,43,sediment,1,538,7.8,567346.131940859,4898257.7304979,hja2016_184,HJA-2016_soil_03,soil_enriched,3,8431.249227315959,3.075746405844747,601,28,0.04658901830282862,2.37
hja2016_159,49,sediment,5,40,3399.1,563281.311454976,4898046.73981585,hja2016_184,HJA-2016_soil_03,soil_enriched,3,4803.864392012124,2.264195425870159,601,32,0.05324459234608985,2.67
hja2016_160,50,sediment,5,41,4956.4,563054.321479503,4898132.73601802,hja2016_184,HJA-2016_soil_03,soil_enriched,3,4687.991531492832,2.22896996364149,601,6,0.009983361064891847,1
hja2016_031,161,hyporheic,5,51,5699.1,561109.407372482,4897170.77850081,hja2016_184,HJA-2016_soil_03,soil_enriched,3,2664.9132650716183,1.414088578355047,601,4,0.0066555740432612314,1.31
hja2016_032,54,hyporheic,3,363,207.7,561802.376768968,4897363.76997776,hja2016_184,HJA-2016_soil_03,soil_enriched,3,3254.207368896037,1.7023061872568115,601,7,0.011647254575707155,0.8
hja2016_035,192,hyporheic,2,542,28.5,564620.252323511,4897836.74908965,hja2016_184,HJA-2016_soil_03,soil_enriched,3,5793.465680646779,2.534426633964986,601,7,0.011647254575707155,1.19
hja2016_037,43,hyporheic,1,538,7.8,567346.131940859,4898257.7304979,hja2016_184,HJA-2016_soil_03,soil_enriched,3,8431.249227315959,3.075746405844747,601,0,0,0
hja2016_042,165,planktonic,2,494,27.9,564789.244860317,4900155.64668049,hja2016_184,HJA-2016_soil_03,soil_enriched,3,7338.999647113132,2.875583427850019,601,1,0.0016638935108153079,0.07
hja2016_043,KC-2,hyporheic,3,362,114.2,561999.368069268,4896735.79771081,hja2016_184,HJA-2016_soil_03,soil_enriched,3,2987.505795349974,1.5789415117258743,601,6,0.009983361064891847,1.21
hja2016_049,67,planktonic,4,83,1558.1,567119.141965387,4897968.74326041,hja2016_184,HJA-2016_soil_03,soil_enriched,3,8112.0521376695615,3.0200669248407106,601,1,0.0016638935108153079,0.06
hja2016_050,165,hyporheic,2,494,27.9,564789.244860317,4900155.64668049,hja2016_184,HJA-2016_soil_03,soil_enriched,3,7338.999647113132,2.875583427850019,601,13,0.021630615640599003,1.09
hja2016_052,163,hyporheic,5,63,6126.6,559726.468447026,4896111.82526722,hja2016_184,HJA-2016_soil_03,soil_enriched,3,1128.5390132464408,0.17445629291547685,601,14,0.02329450915141431,1.13
hja2016_056,KC-1,hyporheic,3,362,114.7,562012.367495176,4896802.79475203,hja2016_184,HJA-2016_soil_03,soil_enriched,3,3037.492109117954,1.6028806608497164,601,10,0.016638935108153077,0.83
hja2016_057,71,hyporheic,3,556,101.7,562662.338790582,4897988.74237719,hja2016_184,HJA-2016_soil_03,soil_enriched,3,4303.240087095082,2.105423333616188,601,4,0.0066555740432612314,0.78
hja2016_059,KC-2,planktonic,3,362,114.2,561999.368069268,4896735.79771081,hja2016_184,HJA-2016_soil_03,soil_enriched,3,2987.505795349974,1.5789415117258743,601,7,0.011647254575707155,1.52
hja2016_062,WS3-3,hyporheic,2,511,93.4,560639.428128111,4896408.81215143,hja2016_184,HJA-2016_soil_03,soil_enriched,3,1772.263131461311,0.8255928196218161,601,12,0.019966722129783693,1.01
hja2016_064,WS3-4,planktonic,2,510,81.3,560692.425787583,4896348.81480109,hja2016_184,HJA-2016_soil_03,soil_enriched,3,1758.0259933861705,0.8139564016827333,601,6,0.009983361064891847,1.13
hja2016_099,162,planktonic,5,66,6208.4,559348.485139852,4895468.85366269,hja2016_184,HJA-2016_soil_03,soil_enriched,3,525.0512998787914,-0.929469707413262,601,4,0.0066555740432612314,0.38
hja2016_100,64,planktonic,2,163,33.5,570527.99142083,4895508.85189625,hja2016_184,HJA-2016_soil_03,soil_enriched,3,10967.835296257144,3.4552069063599204,601,4,0.0066555740432612314,0.21
hja2016_101,58,planktonic,3,385,67.2,566998.147308857,4898497.71989928,hja2016_184,HJA-2016_soil_03,soil_enriched,3,8211.020240057574,3.0375614916528284,601,2,0.0033277870216306157,0.19
hja2016_102,73,hyporheic,2,255,137,566310.177691566,4896786.79545861,hja2016_184,HJA-2016_soil_03,soil_enriched,3,6972.388615121755,2.801652982183666,601,5,0.008319467554076539,0.38
hja2016_103,260,planktonic,4,23,866.1,566425.172613061,4897456.76587079,hja2016_184,HJA-2016_soil_03,soil_enriched,3,7282.056839095865,2.86434600158464,601,7,0.011647254575707155,0.88
hja2016_105,178,planktonic,2,411,19.9,566185.18321168,4901793.57434491,hja2016_184,HJA-2016_soil_03,soil_enriched,3,9485.082490367893,3.2456603205979717,601,7,0.011647254575707155,0.58
hja2016_106,170,planktonic,2,229,49.4,570659.985591589,4896908.79007097,hja2016_184,HJA-2016_soil_03,soil_enriched,3,11251.876539361969,3.4920937228421423,601,1,0.0016638935108153079,0.09
hja2016_107,57,hyporheic,4,131,1488.8,563668.294364702,4898599.71539487,hja2016_184,HJA-2016_soil_03,soil_enriched,3,5457.074062073813,2.448127623747488,601,3,0.004991680532445923,0.4
hja2016_109,169,planktonic,2,144,53.5,568641.074752475,4902527.5419308,hja2016_184,HJA-2016_soil_03,soil_enriched,3,11789.813489777138,3.5594689905161547,601,6,0.009983361064891847,0.52
hja2016_110,76,hyporheic,3,150,303.5,570464.994202967,4896947.7883487,hja2016_184,HJA-2016_soil_03,soil_enriched,3,11066.598407538148,3.4681399371772694,601,3,0.004991680532445923,0.37
hja2016_111,160,planktonic,5,24,2569.5,566416.173010509,4897492.764281,hja2016_184,HJA-2016_soil_03,soil_enriched,3,7285.856301932626,2.8650985412605507,601,9,0.014975041597337771,0.54
hja2016_114,WS1-5,planktonic,2,522,87.9,559517.477676657,4895016.87362342,hja2016_184,HJA-2016_soil_03,soil_enriched,3,59.40842271270747,-4.073188704128787,601,3,0.004991680532445923,0.36
hja2016_116,53,planktonic,3,78,280.7,568092.098996817,4898223.73199937,hja2016_184,HJA-2016_soil_03,soil_enriched,3,9111.518487351876,3.1876915075525134,601,7,0.011647254575707155,0.54
hja2016_119,56,planktonic,3,321,99.5,562839.3309741,4897811.75019367,hja2016_184,HJA-2016_soil_03,soil_enriched,3,4314.421490132408,2.1091671250426605,601,10,0.016638935108153077,0.92
hja2016_121,84,hyporheic,4,112,622.7,566447.171641521,4900685.6232752,hja2016_184,HJA-2016_soil_03,soil_enriched,3,8925.27492606731,3.1578966092946867,601,1,0.0016638935108153079,0.09
hja2016_122,45,sediment,3,390,193.2,565977.192397151,4897892.74661664,hja2016_184,HJA-2016_soil_03,soil_enriched,3,7030.413950438915,2.81360963761408,601,32,0.05324459234608985,2.55
hja2016_125,56,sediment,3,321,99.5,562839.3309741,4897811.75019367,hja2016_184,HJA-2016_soil_03,soil_enriched,3,4314.421490132408,2.1091671250426605,601,32,0.05324459234608985,2.97
hja2016_164,260,sediment,4,23,866.1,566425.172613061,4897456.76587079,hja2016_184,HJA-2016_soil_03,soil_enriched,3,7282.056839095865,2.86434600158464,601,34,0.056572379367720464,3.92
hja2016_166,57,sediment,4,131,1488.8,563668.294364702,4898599.71539487,hja2016_184,HJA-2016_soil_03,soil_enriched,3,5457.074062073813,2.448127623747488,601,12,0.019966722129783693,1.19
hja2016_167,WS3-1,sediment,2,511,96.4,560508.433913191,4896516.80738205,hja2016_184,HJA-2016_soil_03,soil_enriched,3,1787.6702445029728,0.8380806400475154,601,124,0.20632279534109818,11.72
hja2016_169,WS3-2,sediment,2,511,95.7,560554.431881789,4896487.80866272,hja2016_184,HJA-2016_soil_03,soil_enriched,3,1787.8814802282668,0.8382511025423447,601,121,0.20133111480865223,11.26
hja2016_170,WS3-3,sediment,2,511,93.4,560639.428128111,4896408.81215143,hja2016_184,HJA-2016_soil_03,soil_enriched,3,1772.263131461311,0.8255928196218161,601,33,0.05490848585690516,3.3
hja2016_177,WS1-3,sediment,2,522,92.1,559404.482666841,4895069.8712829,hja2016_184,HJA-2016_soil_03,soil_enriched,3,184.18092796710175,-2.440804417561457,601,53,0.08818635607321132,4.62
hja2016_179,WS1-5,sediment,2,522,87.9,559517.477676657,4895016.87362342,hja2016_184,HJA-2016_soil_03,soil_enriched,3,59.40842271270747,-4.073188704128787,601,25,0.04159733777038269,2.74
hja2016_180,WS1-6,sediment,2,522,82.7,559631.472642313,4894993.87463913,hja2016_184,HJA-2016_soil_03,soil_enriched,3,59.21978874432748,-4.077776845798513,601,8,0.013311148086522463,1.27
hja2016_181,177,sediment,1,452,14.8,565808.199860345,4901620.58198475,hja2016_184,HJA-2016_soil_03,soil_enriched,3,9099.467594179589,3.1857821363325445,601,31,0.051580698835274545,3.06
hja2016_001,50,planktonic,5,41,4956.4,563054.321479503,4898132.73601802,hja2016_188,HJA-2016_soil_07,soil_detected,3,6910.1270281218785,2.7887122317650572,526,1,0.0019011406844106464,0.32
hja2016_008,WS3-1,hyporheic,2,511,96.4,560508.433913191,4896516.80738205,hja2016_188,HJA-2016_soil_07,soil_detected,3,9523.741849313248,3.2515285154252234,526,10,0.019011406844106463,2.17
hja2016_009,60,hyporheic,2,316,43.1,567391.129953618,4898693.71124374,hja2016_188,HJA-2016_soil_07,soil_detected,3,2733.862989949623,1.4509409427708941,526,11,0.02091254752851711,3.57
hja2016_010,164,planktonic,3,502,60.8,560307.442789535,4895737.8417834,hja2016_188,HJA-2016_soil_07,soil_detected,3,9851.462618870737,3.3003379333347507,526,2,0.0038022813688212928,0.99
hja2016_011,WS1-6,planktonic,2,522,82.7,559631.472642313,4894993.87463913,hja2016_188,HJA-2016_soil_07,soil_detected,3,10680.897592661751,3.4169609870503046,526,14,0.026615969581749048,1.49
hja2016_013,WS1-4,planktonic,2,522,89.8,559453.480502956,4895042.87247524,hja2016_188,HJA-2016_soil_07,soil_detected,3,10840.707530876376,3.4383870137540233,526,12,0.022813688212927757,1.77
hja2016_014,WS1-6,hyporheic,2,522,82.7,559631.472642313,4894993.87463913,hja2016_188,HJA-2016_soil_07,soil_detected,3,10680.897592661751,3.4169609870503046,526,8,0.015209125475285171,2.88
hja2016_015,47,hyporheic,4,134,1550.1,563254.31264732,4898130.73610634,hja2016_188,HJA-2016_soil_07,soil_detected,3,6710.351860824906,2.746388416881208,526,3,0.005703422053231939,1.37
hja2016_016,74,hyporheic,2,373,70,565310.221852481,4897724.75403567,hja2016_188,HJA-2016_soil_07,soil_detected,3,4643.088287805931,2.2150847138506857,526,2,0.0038022813688212928,0.21
hja2016_018,WS1-5,hyporheic,2,522,87.9,559517.477676657,4895016.87362342,hja2016_188,HJA-2016_soil_07,soil_detected,3,10785.269840088382,3.4309903670822828,526,10,0.019011406844106463,0.89
hja2016_019,155,hyporheic,2,345,81.2,565811.199727862,4897652.75721525,hja2016_188,HJA-2016_soil_07,soil_detected,3,4143.005879542107,2.050677867717608,526,13,0.024714828897338403,3.08
hja2016_020,WS1-2,hyporheic,2,522,93.6,559354.484874886,4895103.86978142,hja2016_188,HJA-2016_soil_07,soil_detected,3,10921.734407795228,3.4491300741152724,526,13,0.024714828897338403,1.32
hja2016_021,156,hyporheic,5,24,2575.9,566141.185154761,4897558.76136638,hja2016_188,HJA-2016_soil_07,soil_detected,3,3816.410370341947,1.9322163095577232,526,3,0.005703422053231939,0.62
hja2016_027,WS3-6,planktonic,2,510,78.4,560819.420179147,4896235.81979127,hja2016_188,HJA-2016_soil_07,soil_detected,3,9256.908178199845,3.210530411540392,526,8,0.015209125475285171,0.81
hja2016_065,68,hyporheic,5,30,3032.2,565145.229139031,4897899.74630751,hja2016_188,HJA-2016_soil_07,soil_detected,3,4810.705259620966,2.2662484116610333,526,27,0.051330798479087454,3.81
hja2016_066,49,hyporheic,5,40,3399.1,563281.311454976,4898046.73981585,hja2016_188,HJA-2016_soil_07,soil_detected,3,6679.01597166865,2.739635564171144,526,10,0.019011406844106463,1.23
hja2016_070,56,hyporheic,3,321,99.5,562839.3309741,4897811.75019367,hja2016_188,HJA-2016_soil_07,soil_detected,3,7114.31458527304,2.830724769814281,526,9,0.017110266159695818,0.92
hja2016_071,164,hyporheic,3,502,60.8,560307.442789535,4895737.8417834,hja2016_188,HJA-2016_soil_07,soil_detected,3,9851.462618870737,3.3003379333347507,526,17,0.03231939163498099,1.94
hja2016_075,260,hyporheic,4,23,866.1,566425.172613061,4897456.76587079,hja2016_188,HJA-2016_soil_07,soil_detected,3,3539.4710167967696,1.8235337618705862,526,12,0.022813688212927757,2.24
hja2016_078,CC-1,hyporheic,2,183,64,569956.016680872,4897740.75332909,hja2016_188,HJA-2016_soil_07,soil_detected,3,2.8083515272266233,-8.476060752564853,526,11,0.02091254752851711,1.98
hja2016_079,64,hyporheic,2,163,33.5,570527.99142083,4895508.85189625,hja2016_188,HJA-2016_soil_07,soil_detected,3,2304.0762190300247,1.2041884420397138,526,20,0.03802281368821293,2.27
hja2016_084,177,hyporheic,1,452,14.8,565808.199860345,4901620.58198475,hja2016_188,HJA-2016_soil_07,soil_detected,3,5678.014577912523,2.505386553087508,526,9,0.017110266159695818,1.78
hja2016_127,60,sediment,2,316,43.1,567391.129953618,4898693.71124374,hja2016_188,HJA-2016_soil_07,soil_detected,3,2733.862989949623,1.4509409427708941,526,18,0.034220532319391636,2.63
hja2016_129,72,sediment,4,16,568.3,566542.167446234,4896499.80813279,hja2016_188,HJA-2016_soil_07,soil_detected,3,3629.607644780516,1.8598136034488935,526,39,0.0741444866920152,6.11
hja2016_131,74,sediment,2,373,70,565310.221852481,4897724.75403567,hja2016_188,HJA-2016_soil_07,soil_detected,3,4643.088287805931,2.2150847138506857,526,38,0.07224334600760456,6.03
hja2016_132,84,sediment,4,112,622.7,566447.171641521,4900685.6232752,hja2016_188,HJA-2016_soil_07,soil_detected,3,4579.183509080627,2.1950903816386007,526,28,0.053231939163498096,5.3
hja2016_133,161,sediment,5,51,5699.1,561109.407372482,4897170.77850081,hja2016_188,HJA-2016_soil_07,soil_detected,3,8862.183553011997,3.1476622081461056,526,107,0.20342205323193915,12.16
hja2016_135,169,sediment,2,144,53.5,568641.074752475,4902527.5419308,hja2016_188,HJA-2016_soil_07,soil_detected,3,4964.017620482448,2.311508236527401,526,39,0.0741444866920152,6.41
hja2016_136,190,sediment,1,546,14.2,564169.272240084,4897881.7471024,hja2016_188,HJA-2016_soil_07,soil_detected,3,5785.746636684302,2.5325031476708397,526,29,0.055133079847908745,4.15
hja2016_139,CC-2,sediment,2,183,63.6,569992.01509108,4897760.75244588,hja2016_188,HJA-2016_soil_07,soil_detected,3,43.89140854827198,-4.50991762035184,526,35,0.06653992395437262,5.22
hja2016_140,CC-3,sediment,2,183,63,570038.013059678,4897795.75090024,hja2016_188,HJA-2016_soil_07,soil_detected,3,101.3687398107033,-3.3023152736426082,526,30,0.057034220532319393,4.03
hja2016_141,CC-4,sediment,2,183,58.5,570162.007583724,4897831.74931045,hja2016_188,HJA-2016_soil_07,soil_detected,3,227.95688307844947,-2.1331671233542417,526,40,0.07604562737642585,4.94
hja2016_142,KC-1,sediment,3,362,114.7,562012.367495176,4896802.79475203,hja2016_188,HJA-2016_soil_07,soil_detected,3,7996.043590705439,2.9992863370053953,526,29,0.055133079847908745,3.92
hja2016_144,KC-3,sediment,3,362,114,562000.368025107,4896680.80013966,hja2016_188,HJA-2016_soil_07,soil_detected,3,8023.154390830395,3.0041695595340205,526,25,0.04752851711026616,4.11
hja2016_145,155,sediment,2,345,81.2,565811.199727862,4897652.75721525,hja2016_188,HJA-2016_soil_07,soil_detected,3,4143.005879542107,2.050677867717608,526,42,0.07984790874524715,5.68
hja2016_146,156,sediment,5,24,2575.9,566141.185154761,4897558.76136638,hja2016_188,HJA-2016_soil_07,soil_detected,3,3816.410370341947,1.9322163095577232,526,30,0.057034220532319393,3.42
hja2016_147,163,sediment,5,63,6126.6,559726.468447026,4896111.82526722,hja2016_188,HJA-2016_soil_07,soil_detected,3,10355.62934133148,3.3723433278304418,526,97,0.1844106463878327,11.76
hja2016_148,165,sediment,2,494,27.9,564789.244860317,4900155.64668049,hja2016_188,HJA-2016_soil_07,soil_detected,3,5701.066710775601,2.511231883200853,526,33,0.06273764258555133,5.21
hja2016_150,53,sediment,3,78,280.7,568092.098996817,4898223.73199937,hja2016_188,HJA-2016_soil_07,soil_detected,3,1922.9950417117375,0.9433550428093184,526,28,0.053231939163498096,3.4
hja2016_151,64,sediment,2,163,33.5,570527.99142083,4895508.85189625,hja2016_188,HJA-2016_soil_07,soil_detected,3,2304.0762190300247,1.2041884420397138,526,97,0.1844106463878327,10.63
hja2016_152,66,sediment,4,79,1360.7,567970.104384448,4898153.73509064,hja2016_188,HJA-2016_soil_07,soil_detected,3,2025.856935941587,1.0185322960071472,526,23,0.043726235741444866,2.56
hja2016_155,82,sediment,2,536,36.6,564452.259742545,4899854.65997292,hja2016_188,HJA-2016_soil_07,soil_detected,3,5893.439526764576,2.5591098649401767,526,35,0.06653992395437262,4.98
hja2016_157,43,sediment,1,538,7.8,567346.131940859,4898257.7304979,hja2016_188,HJA-2016_soil_07,soil_detected,3,2658.0414919826685,1.4103636252350136,526,27,0.051330798479087454,2.83
hja2016_159,49,sediment,5,40,3399.1,563281.311454976,4898046.73981585,hja2016_188,HJA-2016_soil_07,soil_detected,3,6679.01597166865,2.739635564171144,526,26,0.049429657794676805,3.81
hja2016_160,50,sediment,5,41,4956.4,563054.321479503,4898132.73601802,hja2016_188,HJA-2016_soil_07,soil_detected,3,6910.1270281218785,2.7887122317650572,526,10,0.019011406844106463,1.29
hja2016_031,161,hyporheic,5,51,5699.1,561109.407372482,4897170.77850081,hja2016_188,HJA-2016_soil_07,soil_detected,3,8862.183553011997,3.1476622081461056,526,3,0.005703422053231939,1.17
hja2016_032,54,hyporheic,3,363,207.7,561802.376768968,4897363.76997776,hja2016_188,HJA-2016_soil_07,soil_detected,3,8159.591134056102,3.0284968625340056,526,9,0.017110266159695818,2.53
hja2016_035,192,hyporheic,2,542,28.5,564620.252323511,4897836.74908965,hja2016_188,HJA-2016_soil_07,soil_detected,3,5333.908102517981,2.4151929690238827,526,6,0.011406844106463879,0.81
hja2016_037,43,hyporheic,1,538,7.8,567346.131940859,4898257.7304979,hja2016_188,HJA-2016_soil_07,soil_detected,3,2658.0414919826685,1.4103636252350136,526,2,0.0038022813688212928,0.31
hja2016_042,165,planktonic,2,494,27.9,564789.244860317,4900155.64668049,hja2016_188,HJA-2016_soil_07,soil_detected,3,5701.066710775601,2.511231883200853,526,3,0.005703422053231939,0.5
hja2016_043,KC-2,hyporheic,3,362,114.2,561999.368069268,4896735.79771081,hja2016_188,HJA-2016_soil_07,soil_detected,3,8017.070482619889,3.003075157841442,526,6,0.011406844106463879,1.32
hja2016_049,67,planktonic,4,83,1558.1,567119.141965387,4897968.74326041,hja2016_188,HJA-2016_soil_07,soil_detected,3,2843.350491880963,1.5075919469690267,526,2,0.0038022813688212928,0.61
hja2016_050,165,hyporheic,2,494,27.9,564789.244860317,4900155.64668049,hja2016_188,HJA-2016_soil_07,soil_detected,3,5701.066710775601,2.511231883200853,526,15,0.028517110266159697,1.98
hja2016_052,163,hyporheic,5,63,6126.6,559726.468447026,4896111.82526722,hja2016_188,HJA-2016_soil_07,soil_detected,3,10355.62934133148,3.3723433278304418,526,7,0.013307984790874524,0.67
hja2016_056,KC-1,hyporheic,3,362,114.7,562012.367495176,4896802.79475203,hja2016_188,HJA-2016_soil_07,soil_detected,3,7996.043590705439,2.9992863370053953,526,16,0.030418250950570342,1.97
hja2016_057,71,hyporheic,3,556,101.7,562662.338790582,4897988.74237719,hja2016_188,HJA-2016_soil_07,soil_detected,3,7295.18437473543,2.8669444405359163,526,6,0.011406844106463879,1.11
hja2016_059,KC-2,planktonic,3,362,114.2,561999.368069268,4896735.79771081,hja2016_188,HJA-2016_soil_07,soil_detected,3,8017.070482619889,3.003075157841442,526,8,0.015209125475285171,2.33
hja2016_062,WS3-3,hyporheic,2,511,93.4,560639.428128111,4896408.81215143,hja2016_188,HJA-2016_soil_07,soil_detected,3,9408.520590833115,3.233967889365847,526,12,0.022813688212927757,1.33
hja2016_064,WS3-4,planktonic,2,510,81.3,560692.425787583,4896348.81480109,hja2016_188,HJA-2016_soil_07,soil_detected,3,9364.784606692025,3.227245812361447,526,4,0.0076045627376425855,0.88
hja2016_099,162,planktonic,5,66,6208.4,559348.485139852,4895468.85366269,hja2016_188,HJA-2016_soil_07,soil_detected,3,10845.291455262326,3.4389969192586896,526,6,0.011406844106463879,0.36
hja2016_100,64,planktonic,2,163,33.5,570527.99142083,4895508.85189625,hja2016_188,HJA-2016_soil_07,soil_detected,3,2304.0762190300247,1.2041884420397138,526,4,0.0076045627376425855,0.22
hja2016_101,58,planktonic,3,385,67.2,566998.147308857,4898497.71989928,hja2016_188,HJA-2016_soil_07,soil_detected,3,3050.708355176634,1.6091442662320077,526,2,0.0038022813688212928,0.19
hja2016_102,73,hyporheic,2,255,137,566310.177691566,4896786.79545861,hja2016_188,HJA-2016_soil_07,soil_detected,3,3765.7699892612886,1.9129448837848482,526,4,0.0076045627376425855,0.31
hja2016_103,260,planktonic,4,23,866.1,566425.172613061,4897456.76587079,hja2016_188,HJA-2016_soil_07,soil_detected,3,3539.4710167967696,1.8235337618705862,526,7,0.013307984790874524,0.71
hja2016_105,178,planktonic,2,411,19.9,566185.18321168,4901793.57434491,hja2016_188,HJA-2016_soil_07,soil_detected,3,5534.367438026774,2.468418430615996,526,7,0.013307984790874524,0.58
hja2016_106,170,planktonic,2,229,49.4,570659.985591589,4896908.79007097,hja2016_188,HJA-2016_soil_07,soil_detected,3,1091.1033363755566,0.12578774310666652,526,2,0.0038022813688212928,0.12
hja2016_107,57,hyporheic,4,131,1488.8,563668.294364702,4898599.71539487,hja2016_188,HJA-2016_soil_07,soil_detected,3,6343.503657636255,2.6652798929397137,526,4,0.0076045627376425855,0.41
hja2016_109,169,planktonic,2,144,53.5,568641.074752475,4902527.5419308,hja2016_188,HJA-2016_soil_07,soil_detected,3,4964.017620482448,2.311508236527401,526,5,0.009505703422053232,0.59
hja2016_110,76,hyporheic,3,150,303.5,570464.994202967,4896947.7883487,hja2016_188,HJA-2016_soil_07,soil_detected,3,943.190510688023,-0.08437889125607144,526,2,0.0038022813688212928,0.29
hja2016_111,160,planktonic,5,24,2569.5,566416.173010509,4897492.764281,hja2016_188,HJA-2016_soil_07,soil_detected,3,3545.748980302721,1.8260904049080429,526,7,0.013307984790874524,0.44
hja2016_114,WS1-5,planktonic,2,522,87.9,559517.477676657,4895016.87362342,hja2016_188,HJA-2016_soil_07,soil_detected,3,10785.269840088382,3.4309903670822828,526,4,0.0076045627376425855,0.43
hja2016_116,53,planktonic,3,78,280.7,568092.098996817,4898223.73199937,hja2016_188,HJA-2016_soil_07,soil_detected,3,1922.9950417117375,0.9433550428093184,526,4,0.0076045627376425855,0.37
hja2016_119,56,planktonic,3,321,99.5,562839.3309741,4897811.75019367,hja2016_188,HJA-2016_soil_07,soil_detected,3,7114.31458527304,2.830724769814281,526,6,0.011406844106463879,0.71
hja2016_121,84,hyporheic,4,112,622.7,566447.171641521,4900685.6232752,hja2016_188,HJA-2016_soil_07,soil_detected,3,4579.183509080627,2.1950903816386007,526,1,0.0019011406844106464,0.1
hja2016_122,45,sediment,3,390,193.2,565977.192397151,4897892.74661664,hja2016_188,HJA-2016_soil_07,soil_detected,3,3979.0213345659004,1.9924136344400214,526,29,0.055133079847908745,3.86
hja2016_125,56,sediment,3,321,99.5,562839.3309741,4897811.75019367,hja2016_188,HJA-2016_soil_07,soil_detected,3,7114.31458527304,2.830724769814281,526,27,0.051330798479087454,4.13
hja2016_164,260,sediment,4,23,866.1,566425.172613061,4897456.76587079,hja2016_188,HJA-2016_soil_07,soil_detected,3,3539.4710167967696,1.8235337618705862,526,26,0.049429657794676805,3.91
hja2016_166,57,sediment,4,131,1488.8,563668.294364702,4898599.71539487,hja2016_188,HJA-2016_soil_07,soil_detected,3,6343.503657636255,2.6652798929397137,526,10,0.019011406844106463,1.41
hja2016_167,WS3-1,sediment,2,511,96.4,560508.433913191,4896516.80738205,hja2016_188,HJA-2016_soil_07,soil_detected,3,9523.741849313248,3.2515285154252234,526,97,0.1844106463878327,11.48
hja2016_169,WS3-2,sediment,2,511,95.7,560554.431881789,4896487.80866272,hja2016_188,HJA-2016_soil_07,soil_detected,3,9481.913078667265,3.2451781678427873,526,104,0.19771863117870722,11.84
hja2016_170,WS3-3,sediment,2,511,93.4,560639.428128111,4896408.81215143,hja2016_188,HJA-2016_soil_07,soil_detected,3,9408.520590833115,3.233967889365847,526,27,0.051330798479087454,2.83
hja2016_177,WS1-3,sediment,2,522,92.1,559404.482666841,4895069.8712829,hja2016_188,HJA-2016_soil_07,soil_detected,3,10881.514640849435,3.4438074798537675,526,47,0.08935361216730038,5.96
hja2016_179,WS1-5,sediment,2,522,87.9,559517.477676657,4895016.87362342,hja2016_188,HJA-2016_soil_07,soil_detected,3,10785.269840088382,3.4309903670822828,526,27,0.051330798479087454,4.34
hja2016_180,WS1-6,sediment,2,522,82.7,559631.472642313,4894993.87463913,hja2016_188,HJA-2016_soil_07,soil_detected,3,10680.897592661751,3.4169609870503046,526,11,0.02091254752851711,1.47
hja2016_181,177,sediment,1,452,14.8,565808.199860345,4901620.58198475,hja2016_188,HJA-2016_soil_07,soil_detected,3,5678.014577912523,2.505386553087508,526,24,0.045627376425855515,2.44
hja2016_001,50,planktonic,5,41,4956.4,563054.321479503,4898132.73601802,hja2016_188,HJA-2016_soil_07,soil_enriched,3,6910.1270281218785,2.7887122317650572,442,0,0,0
hja2016_008,WS3-1,hyporheic,2,511,96.4,560508.433913191,4896516.80738205,hja2016_188,HJA-2016_soil_07,soil_enriched,3,9523.741849313248,3.2515285154252234,442,5,0.011312217194570135,0.58
hja2016_009,60,hyporheic,2,316,43.1,567391.129953618,4898693.71124374,hja2016_188,HJA-2016_soil_07,soil_enriched,3,2733.862989949623,1.4509409427708941,442,3,0.006787330316742082,0.48
hja2016_010,164,planktonic,3,502,60.8,560307.442789535,4895737.8417834,hja2016_188,HJA-2016_soil_07,soil_enriched,3,9851.462618870737,3.3003379333347507,442,0,0,0
hja2016_011,WS1-6,planktonic,2,522,82.7,559631.472642313,4894993.87463913,hja2016_188,HJA-2016_soil_07,soil_enriched,3,10680.897592661751,3.4169609870503046,442,8,0.01809954751131222,0.78
hja2016_013,WS1-4,planktonic,2,522,89.8,559453.480502956,4895042.87247524,hja2016_188,HJA-2016_soil_07,soil_enriched,3,10840.707530876376,3.4383870137540233,442,3,0.006787330316742082,0.57
hja2016_014,WS1-6,hyporheic,2,522,82.7,559631.472642313,4894993.87463913,hja2016_188,HJA-2016_soil_07,soil_enriched,3,10680.897592661751,3.4169609870503046,442,1,0.0022624434389140274,0.29
hja2016_015,47,hyporheic,4,134,1550.1,563254.31264732,4898130.73610634,hja2016_188,HJA-2016_soil_07,soil_enriched,3,6710.351860824906,2.746388416881208,442,1,0.0022624434389140274,0.47
hja2016_016,74,hyporheic,2,373,70,565310.221852481,4897724.75403567,hja2016_188,HJA-2016_soil_07,soil_enriched,3,4643.088287805931,2.2150847138506857,442,2,0.004524886877828055,0.21
hja2016_018,WS1-5,hyporheic,2,522,87.9,559517.477676657,4895016.87362342,hja2016_188,HJA-2016_soil_07,soil_enriched,3,10785.269840088382,3.4309903670822828,442,5,0.011312217194570135,0.37
hja2016_019,155,hyporheic,2,345,81.2,565811.199727862,4897652.75721525,hja2016_188,HJA-2016_soil_07,soil_enriched,3,4143.005879542107,2.050677867717608,442,10,0.02262443438914027,2.48
hja2016_020,WS1-2,hyporheic,2,522,93.6,559354.484874886,4895103.86978142,hja2016_188,HJA-2016_soil_07,soil_enriched,3,10921.734407795228,3.4491300741152724,442,5,0.011312217194570135,0.4
hja2016_021,156,hyporheic,5,24,2575.9,566141.185154761,4897558.76136638,hja2016_188,HJA-2016_soil_07,soil_enriched,3,3816.410370341947,1.9322163095577232,442,2,0.004524886877828055,0.45
hja2016_027,WS3-6,planktonic,2,510,78.4,560819.420179147,4896235.81979127,hja2016_188,HJA-2016_soil_07,soil_enriched,3,9256.908178199845,3.210530411540392,442,5,0.011312217194570135,0.61
hja2016_065,68,hyporheic,5,30,3032.2,565145.229139031,4897899.74630751,hja2016_188,HJA-2016_soil_07,soil_enriched,3,4810.705259620966,2.2662484116610333,442,15,0.033936651583710405,1.82
hja2016_066,49,hyporheic,5,40,3399.1,563281.311454976,4898046.73981585,hja2016_188,HJA-2016_soil_07,soil_enriched,3,6679.01597166865,2.739635564171144,442,6,0.013574660633484163,0.69
hja2016_070,56,hyporheic,3,321,99.5,562839.3309741,4897811.75019367,hja2016_188,HJA-2016_soil_07,soil_enriched,3,7114.31458527304,2.830724769814281,442,5,0.011312217194570135,0.59
hja2016_071,164,hyporheic,3,502,60.8,560307.442789535,4895737.8417834,hja2016_188,HJA-2016_soil_07,soil_enriched,3,9851.462618870737,3.3003379333347507,442,8,0.01809954751131222,0.7
hja2016_075,260,hyporheic,4,23,866.1,566425.172613061,4897456.76587079,hja2016_188,HJA-2016_soil_07,soil_enriched,3,3539.4710167967696,1.8235337618705862,442,8,0.01809954751131222,1.41
hja2016_078,CC-1,hyporheic,2,183,64,569956.016680872,4897740.75332909,hja2016_188,HJA-2016_soil_07,soil_enriched,3,2.8083515272266233,-8.476060752564853,442,5,0.011312217194570135,0.93
hja2016_079,64,hyporheic,2,163,33.5,570527.99142083,4895508.85189625,hja2016_188,HJA-2016_soil_07,soil_enriched,3,2304.0762190300247,1.2041884420397138,442,13,0.029411764705882353,1.2
hja2016_084,177,hyporheic,1,452,14.8,565808.199860345,4901620.58198475,hja2016_188,HJA-2016_soil_07,soil_enriched,3,5678.014577912523,2.505386553087508,442,5,0.011312217194570135,0.83
hja2016_127,60,sediment,2,316,43.1,567391.129953618,4898693.71124374,hja2016_188,HJA-2016_soil_07,soil_enriched,3,2733.862989949623,1.4509409427708941,442,9,0.020361990950226245,0.96
hja2016_129,72,sediment,4,16,568.3,566542.167446234,4896499.80813279,hja2016_188,HJA-2016_soil_07,soil_enriched,3,3629.607644780516,1.8598136034488935,442,27,0.06108597285067873,3.43
hja2016_131,74,sediment,2,373,70,565310.221852481,4897724.75403567,hja2016_188,HJA-2016_soil_07,soil_enriched,3,4643.088287805931,2.2150847138506857,442,26,0.058823529411764705,3.36
hja2016_132,84,sediment,4,112,622.7,566447.171641521,4900685.6232752,hja2016_188,HJA-2016_soil_07,soil_enriched,3,4579.183509080627,2.1950903816386007,442,19,0.042986425339366516,2.37
hja2016_133,161,sediment,5,51,5699.1,561109.407372482,4897170.77850081,hja2016_188,HJA-2016_soil_07,soil_enriched,3,8862.183553011997,3.1476622081461056,442,82,0.18552036199095023,8.84
hja2016_135,169,sediment,2,144,53.5,568641.074752475,4902527.5419308,hja2016_188,HJA-2016_soil_07,soil_enriched,3,4964.017620482448,2.311508236527401,442,25,0.05656108597285068,3
hja2016_136,190,sediment,1,546,14.2,564169.272240084,4897881.7471024,hja2016_188,HJA-2016_soil_07,soil_enriched,3,5785.746636684302,2.5325031476708397,442,20,0.04524886877828054,1.99
hja2016_139,CC-2,sediment,2,183,63.6,569992.01509108,4897760.75244588,hja2016_188,HJA-2016_soil_07,soil_enriched,3,43.89140854827198,-4.50991762035184,442,26,0.058823529411764705,2.37
hja2016_140,CC-3,sediment,2,183,63,570038.013059678,4897795.75090024,hja2016_188,HJA-2016_soil_07,soil_enriched,3,101.3687398107033,-3.3023152736426082,442,18,0.04072398190045249,1.96
hja2016_141,CC-4,sediment,2,183,58.5,570162.007583724,4897831.74931045,hja2016_188,HJA-2016_soil_07,soil_enriched,3,227.95688307844947,-2.1331671233542417,442,27,0.06108597285067873,2.41
hja2016_142,KC-1,sediment,3,362,114.7,562012.367495176,4896802.79475203,hja2016_188,HJA-2016_soil_07,soil_enriched,3,7996.043590705439,2.9992863370053953,442,24,0.05429864253393665,1.86
hja2016_144,KC-3,sediment,3,362,114,562000.368025107,4896680.80013966,hja2016_188,HJA-2016_soil_07,soil_enriched,3,8023.154390830395,3.0041695595340205,442,17,0.038461538461538464,1.99
hja2016_145,155,sediment,2,345,81.2,565811.199727862,4897652.75721525,hja2016_188,HJA-2016_soil_07,soil_enriched,3,4143.005879542107,2.050677867717608,442,29,0.06561085972850679,3.08
hja2016_146,156,sediment,5,24,2575.9,566141.185154761,4897558.76136638,hja2016_188,HJA-2016_soil_07,soil_enriched,3,3816.410370341947,1.9322163095577232,442,17,0.038461538461538464,1.6
hja2016_147,163,sediment,5,63,6126.6,559726.468447026,4896111.82526722,hja2016_188,HJA-2016_soil_07,soil_enriched,3,10355.62934133148,3.3723433278304418,442,74,0.167420814479638,8.43
hja2016_148,165,sediment,2,494,27.9,564789.244860317,4900155.64668049,hja2016_188,HJA-2016_soil_07,soil_enriched,3,5701.066710775601,2.511231883200853,442,24,0.05429864253393665,2.44
hja2016_150,53,sediment,3,78,280.7,568092.098996817,4898223.73199937,hja2016_188,HJA-2016_soil_07,soil_enriched,3,1922.9950417117375,0.9433550428093184,442,18,0.04072398190045249,1.78
hja2016_151,64,sediment,2,163,33.5,570527.99142083,4895508.85189625,hja2016_188,HJA-2016_soil_07,soil_enriched,3,2304.0762190300247,1.2041884420397138,442,73,0.16515837104072398,7.49
hja2016_152,66,sediment,4,79,1360.7,567970.104384448,4898153.73509064,hja2016_188,HJA-2016_soil_07,soil_enriched,3,2025.856935941587,1.0185322960071472,442,15,0.033936651583710405,1.53
hja2016_155,82,sediment,2,536,36.6,564452.259742545,4899854.65997292,hja2016_188,HJA-2016_soil_07,soil_enriched,3,5893.439526764576,2.5591098649401767,442,26,0.058823529411764705,2.53
hja2016_157,43,sediment,1,538,7.8,567346.131940859,4898257.7304979,hja2016_188,HJA-2016_soil_07,soil_enriched,3,2658.0414919826685,1.4103636252350136,442,17,0.038461538461538464,1.4
hja2016_159,49,sediment,5,40,3399.1,563281.311454976,4898046.73981585,hja2016_188,HJA-2016_soil_07,soil_enriched,3,6679.01597166865,2.739635564171144,442,17,0.038461538461538464,1.64
hja2016_160,50,sediment,5,41,4956.4,563054.321479503,4898132.73601802,hja2016_188,HJA-2016_soil_07,soil_enriched,3,6910.1270281218785,2.7887122317650572,442,4,0.00904977375565611,0.7
hja2016_031,161,hyporheic,5,51,5699.1,561109.407372482,4897170.77850081,hja2016_188,HJA-2016_soil_07,soil_enriched,3,8862.183553011997,3.1476622081461056,442,2,0.004524886877828055,0.37
hja2016_032,54,hyporheic,3,363,207.7,561802.376768968,4897363.76997776,hja2016_188,HJA-2016_soil_07,soil_enriched,3,8159.591134056102,3.0284968625340056,442,4,0.00904977375565611,0.43
hja2016_035,192,hyporheic,2,542,28.5,564620.252323511,4897836.74908965,hja2016_188,HJA-2016_soil_07,soil_enriched,3,5333.908102517981,2.4151929690238827,442,4,0.00904977375565611,0.59
hja2016_037,43,hyporheic,1,538,7.8,567346.131940859,4898257.7304979,hja2016_188,HJA-2016_soil_07,soil_enriched,3,2658.0414919826685,1.4103636252350136,442,0,0,0
hja2016_042,165,planktonic,2,494,27.9,564789.244860317,4900155.64668049,hja2016_188,HJA-2016_soil_07,soil_enriched,3,5701.066710775601,2.511231883200853,442,1,0.0022624434389140274,0.07
hja2016_043,KC-2,hyporheic,3,362,114.2,561999.368069268,4896735.79771081,hja2016_188,HJA-2016_soil_07,soil_enriched,3,8017.070482619889,3.003075157841442,442,5,0.011312217194570135,1.12
hja2016_049,67,planktonic,4,83,1558.1,567119.141965387,4897968.74326041,hja2016_188,HJA-2016_soil_07,soil_enriched,3,2843.350491880963,1.5075919469690267,442,1,0.0022624434389140274,0.06
hja2016_050,165,hyporheic,2,494,27.9,564789.244860317,4900155.64668049,hja2016_188,HJA-2016_soil_07,soil_enriched,3,5701.066710775601,2.511231883200853,442,10,0.02262443438914027,0.76
hja2016_052,163,hyporheic,5,63,6126.6,559726.468447026,4896111.82526722,hja2016_188,HJA-2016_soil_07,soil_enriched,3,10355.62934133148,3.3723433278304418,442,5,0.011312217194570135,0.32
hja2016_056,KC-1,hyporheic,3,362,114.7,562012.367495176,4896802.79475203,hja2016_188,HJA-2016_soil_07,soil_enriched,3,7996.043590705439,2.9992863370053953,442,9,0.020361990950226245,0.72
hja2016_057,71,hyporheic,3,556,101.7,562662.338790582,4897988.74237719,hja2016_188,HJA-2016_soil_07,soil_enriched,3,7295.18437473543,2.8669444405359163,442,2,0.004524886877828055,0.62
hja2016_059,KC-2,planktonic,3,362,114.2,561999.368069268,4896735.79771081,hja2016_188,HJA-2016_soil_07,soil_enriched,3,8017.070482619889,3.003075157841442,442,3,0.006787330316742082,1.13
hja2016_062,WS3-3,hyporheic,2,511,93.4,560639.428128111,4896408.81215143,hja2016_188,HJA-2016_soil_07,soil_enriched,3,9408.520590833115,3.233967889365847,442,6,0.013574660633484163,0.58
hja2016_064,WS3-4,planktonic,2,510,81.3,560692.425787583,4896348.81480109,hja2016_188,HJA-2016_soil_07,soil_enriched,3,9364.784606692025,3.227245812361447,442,2,0.004524886877828055,0.48
hja2016_099,162,planktonic,5,66,6208.4,559348.485139852,4895468.85366269,hja2016_188,HJA-2016_soil_07,soil_enriched,3,10845.291455262326,3.4389969192586896,442,3,0.006787330316742082,0.23
hja2016_100,64,planktonic,2,163,33.5,570527.99142083,4895508.85189625,hja2016_188,HJA-2016_soil_07,soil_enriched,3,2304.0762190300247,1.2041884420397138,442,2,0.004524886877828055,0.1
hja2016_101,58,planktonic,3,385,67.2,566998.147308857,4898497.71989928,hja2016_188,HJA-2016_soil_07,soil_enriched,3,3050.708355176634,1.6091442662320077,442,1,0.0022624434389140274,0.12
hja2016_102,73,hyporheic,2,255,137,566310.177691566,4896786.79545861,hja2016_188,HJA-2016_soil_07,soil_enriched,3,3765.7699892612886,1.9129448837848482,442,2,0.004524886877828055,0.18
hja2016_103,260,planktonic,4,23,866.1,566425.172613061,4897456.76587079,hja2016_188,HJA-2016_soil_07,soil_enriched,3,3539.4710167967696,1.8235337618705862,442,3,0.006787330316742082,0.37
hja2016_105,178,planktonic,2,411,19.9,566185.18321168,4901793.57434491,hja2016_188,HJA-2016_soil_07,soil_enriched,3,5534.367438026774,2.468418430615996,442,4,0.00904977375565611,0.37
hja2016_106,170,planktonic,2,229,49.4,570659.985591589,4896908.79007097,hja2016_188,HJA-2016_soil_07,soil_enriched,3,1091.1033363755566,0.12578774310666652,442,1,0.0022624434389140274,0.04
hja2016_107,57,hyporheic,4,131,1488.8,563668.294364702,4898599.71539487,hja2016_188,HJA-2016_soil_07,soil_enriched,3,6343.503657636255,2.6652798929397137,442,1,0.0022624434389140274,0.25
hja2016_109,169,planktonic,2,144,53.5,568641.074752475,4902527.5419308,hja2016_188,HJA-2016_soil_07,soil_enriched,3,4964.017620482448,2.311508236527401,442,3,0.006787330316742082,0.4
hja2016_110,76,hyporheic,3,150,303.5,570464.994202967,4896947.7883487,hja2016_188,HJA-2016_soil_07,soil_enriched,3,943.190510688023,-0.08437889125607144,442,1,0.0022624434389140274,0.17
hja2016_111,160,planktonic,5,24,2569.5,566416.173010509,4897492.764281,hja2016_188,HJA-2016_soil_07,soil_enriched,3,3545.748980302721,1.8260904049080429,442,4,0.00904977375565611,0.26
hja2016_114,WS1-5,planktonic,2,522,87.9,559517.477676657,4895016.87362342,hja2016_188,HJA-2016_soil_07,soil_enriched,3,10785.269840088382,3.4309903670822828,442,2,0.004524886877828055,0.25
hja2016_116,53,planktonic,3,78,280.7,568092.098996817,4898223.73199937,hja2016_188,HJA-2016_soil_07,soil_enriched,3,1922.9950417117375,0.9433550428093184,442,3,0.006787330316742082,0.25
hja2016_119,56,planktonic,3,321,99.5,562839.3309741,4897811.75019367,hja2016_188,HJA-2016_soil_07,soil_enriched,3,7114.31458527304,2.830724769814281,442,3,0.006787330316742082,0.4
hja2016_121,84,hyporheic,4,112,622.7,566447.171641521,4900685.6232752,hja2016_188,HJA-2016_soil_07,soil_enriched,3,4579.183509080627,2.1950903816386007,442,1,0.0022624434389140274,0.07
hja2016_122,45,sediment,3,390,193.2,565977.192397151,4897892.74661664,hja2016_188,HJA-2016_soil_07,soil_enriched,3,3979.0213345659004,1.9924136344400214,442,18,0.04072398190045249,1.53
hja2016_125,56,sediment,3,321,99.5,562839.3309741,4897811.75019367,hja2016_188,HJA-2016_soil_07,soil_enriched,3,7114.31458527304,2.830724769814281,442,19,0.042986425339366516,1.63
hja2016_164,260,sediment,4,23,866.1,566425.172613061,4897456.76587079,hja2016_188,HJA-2016_soil_07,soil_enriched,3,3539.4710167967696,1.8235337618705862,442,18,0.04072398190045249,2.49
hja2016_166,57,sediment,4,131,1488.8,563668.294364702,4898599.71539487,hja2016_188,HJA-2016_soil_07,soil_enriched,3,6343.503657636255,2.6652798929397137,442,5,0.011312217194570135,0.81
hja2016_167,WS3-1,sediment,2,511,96.4,560508.433913191,4896516.80738205,hja2016_188,HJA-2016_soil_07,soil_enriched,3,9523.741849313248,3.2515285154252234,442,72,0.16289592760180996,8.18
hja2016_169,WS3-2,sediment,2,511,95.7,560554.431881789,4896487.80866272,hja2016_188,HJA-2016_soil_07,soil_enriched,3,9481.913078667265,3.2451781678427873,442,80,0.18099547511312217,8.62
hja2016_170,WS3-3,sediment,2,511,93.4,560639.428128111,4896408.81215143,hja2016_188,HJA-2016_soil_07,soil_enriched,3,9408.520590833115,3.233967889365847,442,18,0.04072398190045249,1.45
hja2016_177,WS1-3,sediment,2,522,92.1,559404.482666841,4895069.8712829,hja2016_188,HJA-2016_soil_07,soil_enriched,3,10881.514640849435,3.4438074798537675,442,29,0.06561085972850679,2.86
hja2016_179,WS1-5,sediment,2,522,87.9,559517.477676657,4895016.87362342,hja2016_188,HJA-2016_soil_07,soil_enriched,3,10785.269840088382,3.4309903670822828,442,17,0.038461538461538464,2.15
hja2016_180,WS1-6,sediment,2,522,82.7,559631.472642313,4894993.87463913,hja2016_188,HJA-2016_soil_07,soil_enriched,3,10680.897592661751,3.4169609870503046,442,5,0.011312217194570135,0.88
hja2016_181,177,sediment,1,452,14.8,565808.199860345,4901620.58198475,hja2016_188,HJA-2016_soil_07,soil_enriched,3,5678.014577912523,2.505386553087508,442,15,0.033936651583710405,1.21
hja2016_001,50,planktonic,5,41,4956.4,563054.321479503,4898132.73601802,hja2016_189,HJA-2016_soil_08,soil_detected,3,7620.090001343134,2.92980803757747,766,4,0.005221932114882507,1.48
hja2016_008,WS3-1,hyporheic,2,511,96.4,560508.433913191,4896516.80738205,hja2016_189,HJA-2016_soil_08,soil_detected,3,10095.980093538014,3.3357090657302972,766,11,0.014360313315926894,1.87
hja2016_009,60,hyporheic,2,316,43.1,567391.129953618,4898693.71124374,hja2016_189,HJA-2016_soil_08,soil_detected,3,3614.145359880108,1.8536545321463096,766,10,0.013054830287206266,3.79
hja2016_010,164,planktonic,3,502,60.8,560307.442789535,4895737.8417834,hja2016_189,HJA-2016_soil_08,soil_detected,3,10363.714786462277,3.373469312525108,766,2,0.0026109660574412533,0.99
hja2016_011,WS1-6,planktonic,2,522,82.7,559631.472642313,4894993.87463913,hja2016_189,HJA-2016_soil_08,soil_detected,3,11145.51467965544,3.4783913340639456,766,15,0.0195822454308094,1.42
hja2016_013,WS1-4,planktonic,2,522,89.8,559453.480502956,4895042.87247524,hja2016_189,HJA-2016_soil_08,soil_detected,3,11311.952126813641,3.499776014546649,766,14,0.018276762402088774,2.64
hja2016_014,WS1-6,hyporheic,2,522,82.7,559631.472642313,4894993.87463913,hja2016_189,HJA-2016_soil_08,soil_detected,3,11145.51467965544,3.4783913340639456,766,9,0.01174934725848564,3.16
hja2016_015,47,hyporheic,4,134,1550.1,563254.31264732,4898130.73610634,hja2016_189,HJA-2016_soil_08,soil_detected,3,7422.016725895785,2.891811252226454,766,5,0.006527415143603133,1.65
hja2016_016,74,hyporheic,2,373,70,565310.221852481,4897724.75403567,hja2016_189,HJA-2016_soil_08,soil_detected,3,5329.250656425102,2.4139326905340663,766,2,0.0026109660574412533,0.25
hja2016_018,WS1-5,hyporheic,2,522,87.9,559517.477676657,4895016.87362342,hja2016_189,HJA-2016_soil_08,soil_detected,3,11253.529817429338,3.492305687561684,766,15,0.0195822454308094,1.48
hja2016_019,155,hyporheic,2,345,81.2,565811.199727862,4897652.75721525,hja2016_189,HJA-2016_soil_08,soil_detected,3,4823.149863909543,2.269975637916538,766,16,0.020887728459530026,3.35
hja2016_020,WS1-2,hyporheic,2,522,93.6,559354.484874886,4895103.86978142,hja2016_189,HJA-2016_soil_08,soil_detected,3,11399.055287412546,3.510842358870285,766,14,0.018276762402088774,1.49
hja2016_021,156,hyporheic,5,24,2575.9,566141.185154761,4897558.76136638,hja2016_189,HJA-2016_soil_08,soil_detected,3,4483.9137414836305,2.164758524813548,766,5,0.006527415143603133,1.07
hja2016_027,WS3-6,planktonic,2,510,78.4,560819.420179147,4896235.81979127,hja2016_189,HJA-2016_soil_08,soil_detected,3,9803.726618668808,3.2933302545648275,766,7,0.009138381201044387,1.04
hja2016_065,68,hyporheic,5,30,3032.2,565145.229139031,4897899.74630751,hja2016_189,HJA-2016_soil_08,soil_detected,3,5518.140619933089,2.464182221659505,766,26,0.033942558746736295,4.14
hja2016_066,49,hyporheic,5,40,3399.1,563281.311454976,4898046.73981585,hja2016_189,HJA-2016_soil_08,soil_detected,3,7383.127085134172,2.8842319917171317,766,18,0.02349869451697128,2.25
hja2016_070,56,hyporheic,3,321,99.5,562839.3309741,4897811.75019367,hja2016_189,HJA-2016_soil_08,soil_detected,3,7793.521088755496,2.962275280736407,766,11,0.014360313315926894,1.05
hja2016_071,164,hyporheic,3,502,60.8,560307.442789535,4895737.8417834,hja2016_189,HJA-2016_soil_08,soil_detected,3,10363.714786462277,3.373469312525108,766,20,0.02610966057441253,2.03
hja2016_075,260,hyporheic,4,23,866.1,566425.172613061,4897456.76587079,hja2016_189,HJA-2016_soil_08,soil_detected,3,4190.196024805917,2.0670177373375735,766,15,0.0195822454308094,2.83
hja2016_078,CC-1,hyporheic,2,183,64,569956.016680872,4897740.75332909,hja2016_189,HJA-2016_soil_08,soil_detected,3,964.5616479714186,-0.052054646783639656,766,16,0.020887728459530026,2.94
hja2016_079,64,hyporheic,2,163,33.5,570527.99142083,4895508.85189625,hja2016_189,HJA-2016_soil_08,soil_detected,3,1508.1443737294849,0.5927745435227832,766,28,0.03655352480417755,3.89
hja2016_084,177,hyporheic,1,452,14.8,565808.199860345,4901620.58198475,hja2016_189,HJA-2016_soil_08,soil_detected,3,6640.11214234545,2.731207606909469,766,13,0.016971279373368148,3.4
hja2016_127,60,sediment,2,316,43.1,567391.129953618,4898693.71124374,hja2016_189,HJA-2016_soil_08,soil_detected,3,3614.145359880108,1.8536545321463096,766,34,0.044386422976501305,3.44
hja2016_129,72,sediment,4,16,568.3,566542.167446234,4896499.80813279,hja2016_189,HJA-2016_soil_08,soil_detected,3,4082.6333482604923,2.0295000083178425,766,57,0.07441253263707572,7.5
hja2016_131,74,sediment,2,373,70,565310.221852481,4897724.75403567,hja2016_189,HJA-2016_soil_08,soil_detected,3,5329.250656425102,2.4139326905340663,766,53,0.06919060052219321,7.71
hja2016_132,84,sediment,4,112,622.7,566447.171641521,4900685.6232752,hja2016_189,HJA-2016_soil_08,soil_detected,3,5536.164377725709,2.4688867795730913,766,42,0.05483028720626632,6.97
hja2016_133,161,sediment,5,51,5699.1,561109.407372482,4897170.77850081,hja2016_189,HJA-2016_soil_08,soil_detected,3,9483.945057711348,3.245487305038713,766,131,0.17101827676240208,16.03
hja2016_135,169,sediment,2,144,53.5,568641.074752475,4902527.5419308,hja2016_189,HJA-2016_soil_08,soil_detected,3,5847.013422289788,2.5476999031433123,766,50,0.06527415143603134,7.95
hja2016_136,190,sediment,1,546,14.2,564169.272240084,4897881.7471024,hja2016_189,HJA-2016_soil_08,soil_detected,3,6480.945534006087,2.696204309669802,766,38,0.04960835509138381,5.41
hja2016_139,CC-2,sediment,2,183,63.6,569992.01509108,4897760.75244588,hja2016_189,HJA-2016_soil_08,soil_detected,3,956.7046277898916,-0.06385451792715714,766,49,0.0639686684073107,5.47
hja2016_140,CC-3,sediment,2,183,63,570038.013059678,4897795.75090024,hja2016_189,HJA-2016_soil_08,soil_detected,3,956.857674413576,-0.06362374456249494,766,45,0.0587467362924282,5.43
hja2016_141,CC-4,sediment,2,183,58.5,570162.007583724,4897831.74931045,hja2016_189,HJA-2016_soil_08,soil_detected,3,922.501881063335,-0.1163762419279025,766,51,0.06657963446475196,6.23
hja2016_142,KC-1,sediment,3,362,114.7,562012.367495176,4896802.79475203,hja2016_189,HJA-2016_soil_08,soil_detected,3,8582.35543778184,3.1013736514599306,766,42,0.05483028720626632,4.81
hja2016_144,KC-3,sediment,3,362,114,562000.368025107,4896680.80013966,hja2016_189,HJA-2016_soil_08,soil_detected,3,8598.237380564147,3.1040409408672978,766,32,0.04177545691906005,5.38
hja2016_145,155,sediment,2,345,81.2,565811.199727862,4897652.75721525,hja2016_189,HJA-2016_soil_08,soil_detected,3,4823.149863909543,2.269975637916538,766,59,0.07702349869451697,7.25
hja2016_146,156,sediment,5,24,2575.9,566141.185154761,4897558.76136638,hja2016_189,HJA-2016_soil_08,soil_detected,3,4483.9137414836305,2.164758524813548,766,42,0.05483028720626632,4.55
hja2016_147,163,sediment,5,63,6126.6,559726.468447026,4896111.82526722,hja2016_189,HJA-2016_soil_08,soil_detected,3,10903.139794941539,3.4466717449635835,766,119,0.15535248041775457,15.08
hja2016_148,165,sediment,2,494,27.9,564789.244860317,4900155.64668049,hja2016_189,HJA-2016_soil_08,soil_detected,3,6597.925102899329,2.7220124010781994,766,51,0.06657963446475196,5.56
hja2016_150,53,sediment,3,78,280.7,568092.098996817,4898223.73199937,hja2016_189,HJA-2016_soil_08,soil_detected,3,2776.5847951051264,1.4733114555765532,766,40,0.05221932114882506,4.58
hja2016_151,64,sediment,2,163,33.5,570527.99142083,4895508.85189625,hja2016_189,HJA-2016_soil_08,soil_detected,3,1508.1443737294849,0.5927745435227832,766,124,0.1618798955613577,13.87
hja2016_152,66,sediment,4,79,1360.7,567970.104384448,4898153.73509064,hja2016_189,HJA-2016_soil_08,soil_detected,3,2858.3296424097116,1.5151723076322903,766,30,0.0391644908616188,3.76
hja2016_155,82,sediment,2,536,36.6,564452.259742545,4899854.65997292,hja2016_189,HJA-2016_soil_08,soil_detected,3,6764.4293019837405,2.7579682227563387,766,54,0.07049608355091384,5.67
hja2016_157,43,sediment,1,538,7.8,567346.131940859,4898257.7304979,hja2016_189,HJA-2016_soil_08,soil_detected,3,3475.486279533234,1.7972148494877138,766,33,0.04308093994778068,3.42
hja2016_159,49,sediment,5,40,3399.1,563281.311454976,4898046.73981585,hja2016_189,HJA-2016_soil_08,soil_detected,3,7383.127085134172,2.8842319917171317,766,33,0.04308093994778068,4.99
hja2016_160,50,sediment,5,41,4956.4,563054.321479503,4898132.73601802,hja2016_189,HJA-2016_soil_08,soil_detected,3,7620.090001343134,2.92980803757747,766,19,0.024804177545691905,2.05
hja2016_031,161,hyporheic,5,51,5699.1,561109.407372482,4897170.77850081,hja2016_189,HJA-2016_soil_08,soil_detected,3,9483.945057711348,3.245487305038713,766,5,0.006527415143603133,2.23
hja2016_032,54,hyporheic,3,363,207.7,561802.376768968,4897363.76997776,hja2016_189,HJA-2016_soil_08,soil_detected,3,8796.598254277265,3.1369457248305332,766,10,0.013054830287206266,2.81
hja2016_035,192,hyporheic,2,542,28.5,564620.252323511,4897836.74908965,hja2016_189,HJA-2016_soil_08,soil_detected,3,6028.017611289322,2.5916836318797736,766,11,0.014360313315926894,2.08
hja2016_037,43,hyporheic,1,538,7.8,567346.131940859,4898257.7304979,hja2016_189,HJA-2016_soil_08,soil_detected,3,3475.486279533234,1.7972148494877138,766,4,0.005221932114882507,1.2
hja2016_042,165,planktonic,2,494,27.9,564789.244860317,4900155.64668049,hja2016_189,HJA-2016_soil_08,soil_detected,3,6597.925102899329,2.7220124010781994,766,3,0.0039164490861618795,0.5
hja2016_043,KC-2,hyporheic,3,362,114.2,561999.368069268,4896735.79771081,hja2016_189,HJA-2016_soil_08,soil_detected,3,8597.270751937693,3.103878741493311,766,10,0.013054830287206266,2.8
hja2016_049,67,planktonic,4,83,1558.1,567119.141965387,4897968.74326041,hja2016_189,HJA-2016_soil_08,soil_detected,3,3601.3524719348575,1.8485388060339452,766,2,0.0026109660574412533,0.63
hja2016_050,165,hyporheic,2,494,27.9,564789.244860317,4900155.64668049,hja2016_189,HJA-2016_soil_08,soil_detected,3,6597.925102899329,2.7220124010781994,766,20,0.02610966057441253,2.29
hja2016_052,163,hyporheic,5,63,6126.6,559726.468447026,4896111.82526722,hja2016_189,HJA-2016_soil_08,soil_detected,3,10903.139794941539,3.4466717449635835,766,15,0.0195822454308094,1.67
hja2016_056,KC-1,hyporheic,3,362,114.7,562012.367495176,4896802.79475203,hja2016_189,HJA-2016_soil_08,soil_detected,3,8582.35543778184,3.1013736514599306,766,20,0.02610966057441253,2.2
hja2016_057,71,hyporheic,3,556,101.7,562662.338790582,4897988.74237719,hja2016_189,HJA-2016_soil_08,soil_detected,3,7989.229583387442,2.9980563880324116,766,8,0.010443864229765013,1.81
hja2016_059,KC-2,planktonic,3,362,114.2,561999.368069268,4896735.79771081,hja2016_189,HJA-2016_soil_08,soil_detected,3,8597.270751937693,3.103878741493311,766,11,0.014360313315926894,2.4
hja2016_062,WS3-3,hyporheic,2,511,93.4,560639.428128111,4896408.81215143,hja2016_189,HJA-2016_soil_08,soil_detected,3,9971.137285299243,3.3177580645319256,766,16,0.020887728459530026,1.59
hja2016_064,WS3-4,planktonic,2,510,81.3,560692.425787583,4896348.81480109,hja2016_189,HJA-2016_soil_08,soil_detected,3,9922.08988625604,3.310644026961335,766,5,0.006527415143603133,1.07
hja2016_099,162,planktonic,5,66,6208.4,559348.485139852,4895468.85366269,hja2016_189,HJA-2016_soil_08,soil_detected,3,11349.494693901986,3.504556161669637,766,7,0.009138381201044387,0.44
hja2016_100,64,planktonic,2,163,33.5,570527.99142083,4895508.85189625,hja2016_189,HJA-2016_soil_08,soil_detected,3,1508.1443737294849,0.5927745435227832,766,4,0.005221932114882507,0.24
hja2016_101,58,planktonic,3,385,67.2,566998.147308857,4898497.71989928,hja2016_189,HJA-2016_soil_08,soil_detected,3,3887.5385027709062,1.95885696398448,766,3,0.0039164490861618795,0.29
hja2016_102,73,hyporheic,2,255,137,566310.177691566,4896786.79545861,hja2016_189,HJA-2016_soil_08,soil_detected,3,4288.016228603595,2.100310365889347,766,5,0.006527415143603133,0.37
hja2016_103,260,planktonic,4,23,866.1,566425.172613061,4897456.76587079,hja2016_189,HJA-2016_soil_08,soil_detected,3,4190.196024805917,2.0670177373375735,766,9,0.01174934725848564,0.88
hja2016_105,178,planktonic,2,411,19.9,566185.18321168,4901793.57434491,hja2016_189,HJA-2016_soil_08,soil_detected,3,6499.960377436466,2.7004309237641464,766,7,0.009138381201044387,0.62
hja2016_106,170,planktonic,2,229,49.4,570659.985591589,4896908.79007097,hja2016_189,HJA-2016_soil_08,soil_detected,3,126.59499456271408,-2.981707731687536,766,2,0.0026109660574412533,0.12
hja2016_107,57,hyporheic,4,131,1488.8,563668.294364702,4898599.71539487,hja2016_189,HJA-2016_soil_08,soil_detected,3,7102.687424501715,2.8283649965072555,766,5,0.006527415143603133,0.49
hja2016_109,169,planktonic,2,144,53.5,568641.074752475,4902527.5419308,hja2016_189,HJA-2016_soil_08,soil_detected,3,5847.013422289788,2.5476999031433123,766,7,0.009138381201044387,0.69
hja2016_110,76,hyporheic,3,150,303.5,570464.994202967,4896947.7883487,hja2016_189,HJA-2016_soil_08,soil_detected,3,144.06477344289544,-2.795210482428865,766,3,0.0039164490861618795,0.36
hja2016_111,160,planktonic,5,24,2569.5,566416.173010509,4897492.764281,hja2016_189,HJA-2016_soil_08,soil_detected,3,4203.079917533298,2.0714468882131407,766,7,0.009138381201044387,0.5
hja2016_114,WS1-5,planktonic,2,522,87.9,559517.477676657,4895016.87362342,hja2016_189,HJA-2016_soil_08,soil_detected,3,11253.529817429338,3.492305687561684,766,5,0.006527415143603133,0.46
hja2016_116,53,planktonic,3,78,280.7,568092.098996817,4898223.73199937,hja2016_189,HJA-2016_soil_08,soil_detected,3,2776.5847951051264,1.4733114555765532,766,4,0.005221932114882507,0.43
hja2016_119,56,planktonic,3,321,99.5,562839.3309741,4897811.75019367,hja2016_189,HJA-2016_soil_08,soil_detected,3,7793.521088755496,2.962275280736407,766,11,0.014360313315926894,0.83
hja2016_121,84,hyporheic,4,112,622.7,566447.171641521,4900685.6232752,hja2016_189,HJA-2016_soil_08,soil_detected,3,5536.164377725709,2.4688867795730913,766,1,0.0013054830287206266,0.13
hja2016_122,45,sediment,3,390,193.2,565977.192397151,4897892.74661664,hja2016_189,HJA-2016_soil_08,soil_detected,3,4697.504183586255,2.231894446506737,766,41,0.05352480417754569,5.03
hja2016_125,56,sediment,3,321,99.5,562839.3309741,4897811.75019367,hja2016_189,HJA-2016_soil_08,soil_detected,3,7793.521088755496,2.962275280736407,766,41,0.05352480417754569,5.28
hja2016_164,260,sediment,4,23,866.1,566425.172613061,4897456.76587079,hja2016_189,HJA-2016_soil_08,soil_detected,3,4190.196024805917,2.0670177373375735,766,39,0.050913838120104436,5.51
hja2016_166,57,sediment,4,131,1488.8,563668.294364702,4898599.71539487,hja2016_189,HJA-2016_soil_08,soil_detected,3,7102.687424501715,2.8283649965072555,766,18,0.02349869451697128,2.32
hja2016_167,WS3-1,sediment,2,511,96.4,560508.433913191,4896516.80738205,hja2016_189,HJA-2016_soil_08,soil_detected,3,10095.980093538014,3.3357090657302972,766,125,0.16318537859007834,15.07
hja2016_169,WS3-2,sediment,2,511,95.7,560554.431881789,4896487.80866272,hja2016_189,HJA-2016_soil_08,soil_detected,3,10051.51961945439,3.3293417238258587,766,132,0.17232375979112272,15.2
hja2016_170,WS3-3,sediment,2,511,93.4,560639.428128111,4896408.81215143,hja2016_189,HJA-2016_soil_08,soil_detected,3,9971.137285299243,3.3177580645319256,766,32,0.04177545691906005,3.43
hja2016_177,WS1-3,sediment,2,522,92.1,559404.482666841,4895069.8712829,hja2016_189,HJA-2016_soil_08,soil_detected,3,11355.54494999942,3.505325037197834,766,56,0.0731070496083551,7.86
hja2016_179,WS1-5,sediment,2,522,87.9,559517.477676657,4895016.87362342,hja2016_189,HJA-2016_soil_08,soil_detected,3,11253.529817429338,3.492305687561684,766,40,0.05221932114882506,5.92
hja2016_180,WS1-6,sediment,2,522,82.7,559631.472642313,4894993.87463913,hja2016_189,HJA-2016_soil_08,soil_detected,3,11145.51467965544,3.4783913340639456,766,15,0.0195822454308094,2.22
hja2016_181,177,sediment,1,452,14.8,565808.199860345,4901620.58198475,hja2016_189,HJA-2016_soil_08,soil_detected,3,6640.11214234545,2.731207606909469,766,33,0.04308093994778068,3.52
hja2016_001,50,planktonic,5,41,4956.4,563054.321479503,4898132.73601802,hja2016_189,HJA-2016_soil_08,soil_enriched,3,7620.090001343134,2.92980803757747,584,0,0,0
hja2016_008,WS3-1,hyporheic,2,511,96.4,560508.433913191,4896516.80738205,hja2016_189,HJA-2016_soil_08,soil_enriched,3,10095.980093538014,3.3357090657302972,584,5,0.008561643835616438,0.65
hja2016_009,60,hyporheic,2,316,43.1,567391.129953618,4898693.71124374,hja2016_189,HJA-2016_soil_08,soil_enriched,3,3614.145359880108,1.8536545321463096,584,3,0.005136986301369863,0.42
hja2016_010,164,planktonic,3,502,60.8,560307.442789535,4895737.8417834,hja2016_189,HJA-2016_soil_08,soil_enriched,3,10363.714786462277,3.373469312525108,584,0,0,0
hja2016_011,WS1-6,planktonic,2,522,82.7,559631.472642313,4894993.87463913,hja2016_189,HJA-2016_soil_08,soil_enriched,3,11145.51467965544,3.4783913340639456,584,8,0.0136986301369863,0.69
hja2016_013,WS1-4,planktonic,2,522,89.8,559453.480502956,4895042.87247524,hja2016_189,HJA-2016_soil_08,soil_enriched,3,11311.952126813641,3.499776014546649,584,4,0.00684931506849315,0.6
hja2016_014,WS1-6,hyporheic,2,522,82.7,559631.472642313,4894993.87463913,hja2016_189,HJA-2016_soil_08,soil_enriched,3,11145.51467965544,3.4783913340639456,584,2,0.003424657534246575,0.41
hja2016_015,47,hyporheic,4,134,1550.1,563254.31264732,4898130.73610634,hja2016_189,HJA-2016_soil_08,soil_enriched,3,7422.016725895785,2.891811252226454,584,1,0.0017123287671232876,0.47
hja2016_016,74,hyporheic,2,373,70,565310.221852481,4897724.75403567,hja2016_189,HJA-2016_soil_08,soil_enriched,3,5329.250656425102,2.4139326905340663,584,1,0.0017123287671232876,0.05
hja2016_018,WS1-5,hyporheic,2,522,87.9,559517.477676657,4895016.87362342,hja2016_189,HJA-2016_soil_08,soil_enriched,3,11253.529817429338,3.492305687561684,584,6,0.010273972602739725,0.48
hja2016_019,155,hyporheic,2,345,81.2,565811.199727862,4897652.75721525,hja2016_189,HJA-2016_soil_08,soil_enriched,3,4823.149863909543,2.269975637916538,584,10,0.017123287671232876,2.52
hja2016_020,WS1-2,hyporheic,2,522,93.6,559354.484874886,4895103.86978142,hja2016_189,HJA-2016_soil_08,soil_enriched,3,11399.055287412546,3.510842358870285,584,5,0.008561643835616438,0.53
hja2016_021,156,hyporheic,5,24,2575.9,566141.185154761,4897558.76136638,hja2016_189,HJA-2016_soil_08,soil_enriched,3,4483.9137414836305,2.164758524813548,584,2,0.003424657534246575,0.45
hja2016_027,WS3-6,planktonic,2,510,78.4,560819.420179147,4896235.81979127,hja2016_189,HJA-2016_soil_08,soil_enriched,3,9803.726618668808,3.2933302545648275,584,5,0.008561643835616438,0.61
hja2016_065,68,hyporheic,5,30,3032.2,565145.229139031,4897899.74630751,hja2016_189,HJA-2016_soil_08,soil_enriched,3,5518.140619933089,2.464182221659505,584,14,0.023972602739726026,1.71
hja2016_066,49,hyporheic,5,40,3399.1,563281.311454976,4898046.73981585,hja2016_189,HJA-2016_soil_08,soil_enriched,3,7383.127085134172,2.8842319917171317,584,10,0.017123287671232876,1
hja2016_070,56,hyporheic,3,321,99.5,562839.3309741,4897811.75019367,hja2016_189,HJA-2016_soil_08,soil_enriched,3,7793.521088755496,2.962275280736407,584,6,0.010273972602739725,0.63
hja2016_071,164,hyporheic,3,502,60.8,560307.442789535,4895737.8417834,hja2016_189,HJA-2016_soil_08,soil_enriched,3,10363.714786462277,3.373469312525108,584,9,0.015410958904109588,0.8
hja2016_075,260,hyporheic,4,23,866.1,566425.172613061,4897456.76587079,hja2016_189,HJA-2016_soil_08,soil_enriched,3,4190.196024805917,2.0670177373375735,584,7,0.011986301369863013,1.26
hja2016_078,CC-1,hyporheic,2,183,64,569956.016680872,4897740.75332909,hja2016_189,HJA-2016_soil_08,soil_enriched,3,964.5616479714186,-0.052054646783639656,584,6,0.010273972602739725,0.99
hja2016_079,64,hyporheic,2,163,33.5,570527.99142083,4895508.85189625,hja2016_189,HJA-2016_soil_08,soil_enriched,3,1508.1443737294849,0.5927745435227832,584,14,0.023972602739726026,1.39
hja2016_084,177,hyporheic,1,452,14.8,565808.199860345,4901620.58198475,hja2016_189,HJA-2016_soil_08,soil_enriched,3,6640.11214234545,2.731207606909469,584,5,0.008561643835616438,0.79
hja2016_127,60,sediment,2,316,43.1,567391.129953618,4898693.71124374,hja2016_189,HJA-2016_soil_08,soil_enriched,3,3614.145359880108,1.8536545321463096,584,11,0.018835616438356163,1.08
hja2016_129,72,sediment,4,16,568.3,566542.167446234,4896499.80813279,hja2016_189,HJA-2016_soil_08,soil_enriched,3,4082.6333482604923,2.0295000083178425,584,32,0.0547945205479452,3.8
hja2016_131,74,sediment,2,373,70,565310.221852481,4897724.75403567,hja2016_189,HJA-2016_soil_08,soil_enriched,3,5329.250656425102,2.4139326905340663,584,29,0.04965753424657534,3.66
hja2016_132,84,sediment,4,112,622.7,566447.171641521,4900685.6232752,hja2016_189,HJA-2016_soil_08,soil_enriched,3,5536.164377725709,2.4688867795730913,584,22,0.03767123287671233,2.66
hja2016_133,161,sediment,5,51,5699.1,561109.407372482,4897170.77850081,hja2016_189,HJA-2016_soil_08,soil_enriched,3,9483.945057711348,3.245487305038713,584,94,0.16095890410958905,9.92
hja2016_135,169,sediment,2,144,53.5,568641.074752475,4902527.5419308,hja2016_189,HJA-2016_soil_08,soil_enriched,3,5847.013422289788,2.5476999031433123,584,23,0.039383561643835614,3.13
hja2016_136,190,sediment,1,546,14.2,564169.272240084,4897881.7471024,hja2016_189,HJA-2016_soil_08,soil_enriched,3,6480.945534006087,2.696204309669802,584,21,0.03595890410958904,2.15
hja2016_139,CC-2,sediment,2,183,63.6,569992.01509108,4897760.75244588,hja2016_189,HJA-2016_soil_08,soil_enriched,3,956.7046277898916,-0.06385451792715714,584,29,0.04965753424657534,2.52
hja2016_140,CC-3,sediment,2,183,63,570038.013059678,4897795.75090024,hja2016_189,HJA-2016_soil_08,soil_enriched,3,956.857674413576,-0.06362374456249494,584,23,0.039383561643835614,2.29
hja2016_141,CC-4,sediment,2,183,58.5,570162.007583724,4897831.74931045,hja2016_189,HJA-2016_soil_08,soil_enriched,3,922.501881063335,-0.1163762419279025,584,28,0.04794520547945205,2.64
hja2016_142,KC-1,sediment,3,362,114.7,562012.367495176,4896802.79475203,hja2016_189,HJA-2016_soil_08,soil_enriched,3,8582.35543778184,3.1013736514599306,584,25,0.04280821917808219,1.97
hja2016_144,KC-3,sediment,3,362,114,562000.368025107,4896680.80013966,hja2016_189,HJA-2016_soil_08,soil_enriched,3,8598.237380564147,3.1040409408672978,584,15,0.025684931506849314,2.11
hja2016_145,155,sediment,2,345,81.2,565811.199727862,4897652.75721525,hja2016_189,HJA-2016_soil_08,soil_enriched,3,4823.149863909543,2.269975637916538,584,33,0.05650684931506849,3.36
hja2016_146,156,sediment,5,24,2575.9,566141.185154761,4897558.76136638,hja2016_189,HJA-2016_soil_08,soil_enriched,3,4483.9137414836305,2.164758524813548,584,21,0.03595890410958904,1.85
hja2016_147,163,sediment,5,63,6126.6,559726.468447026,4896111.82526722,hja2016_189,HJA-2016_soil_08,soil_enriched,3,10903.139794941539,3.4466717449635835,584,82,0.1404109589041096,9.29
hja2016_148,165,sediment,2,494,27.9,564789.244860317,4900155.64668049,hja2016_189,HJA-2016_soil_08,soil_enriched,3,6597.925102899329,2.7220124010781994,584,28,0.04794520547945205,2.54
hja2016_150,53,sediment,3,78,280.7,568092.098996817,4898223.73199937,hja2016_189,HJA-2016_soil_08,soil_enriched,3,2776.5847951051264,1.4733114555765532,584,21,0.03595890410958904,1.94
hja2016_151,64,sediment,2,163,33.5,570527.99142083,4895508.85189625,hja2016_189,HJA-2016_soil_08,soil_enriched,3,1508.1443737294849,0.5927745435227832,584,83,0.1421232876712329,8.44
hja2016_152,66,sediment,4,79,1360.7,567970.104384448,4898153.73509064,hja2016_189,HJA-2016_soil_08,soil_enriched,3,2858.3296424097116,1.5151723076322903,584,15,0.025684931506849314,1.67
hja2016_155,82,sediment,2,536,36.6,564452.259742545,4899854.65997292,hja2016_189,HJA-2016_soil_08,soil_enriched,3,6764.4293019837405,2.7579682227563387,584,32,0.0547945205479452,2.72
hja2016_157,43,sediment,1,538,7.8,567346.131940859,4898257.7304979,hja2016_189,HJA-2016_soil_08,soil_enriched,3,3475.486279533234,1.7972148494877138,584,16,0.0273972602739726,1.4
hja2016_159,49,sediment,5,40,3399.1,563281.311454976,4898046.73981585,hja2016_189,HJA-2016_soil_08,soil_enriched,3,7383.127085134172,2.8842319917171317,584,15,0.025684931506849314,1.66
hja2016_160,50,sediment,5,41,4956.4,563054.321479503,4898132.73601802,hja2016_189,HJA-2016_soil_08,soil_enriched,3,7620.090001343134,2.92980803757747,584,5,0.008561643835616438,0.75
hja2016_031,161,hyporheic,5,51,5699.1,561109.407372482,4897170.77850081,hja2016_189,HJA-2016_soil_08,soil_enriched,3,9483.945057711348,3.245487305038713,584,2,0.003424657534246575,0.37
hja2016_032,54,hyporheic,3,363,207.7,561802.376768968,4897363.76997776,hja2016_189,HJA-2016_soil_08,soil_enriched,3,8796.598254277265,3.1369457248305332,584,5,0.008561643835616438,0.56
hja2016_035,192,hyporheic,2,542,28.5,564620.252323511,4897836.74908965,hja2016_189,HJA-2016_soil_08,soil_enriched,3,6028.017611289322,2.5916836318797736,584,5,0.008561643835616438,0.78
hja2016_037,43,hyporheic,1,538,7.8,567346.131940859,4898257.7304979,hja2016_189,HJA-2016_soil_08,soil_enriched,3,3475.486279533234,1.7972148494877138,584,0,0,0
hja2016_042,165,planktonic,2,494,27.9,564789.244860317,4900155.64668049,hja2016_189,HJA-2016_soil_08,soil_enriched,3,6597.925102899329,2.7220124010781994,584,1,0.0017123287671232876,0.07
hja2016_043,KC-2,hyporheic,3,362,114.2,561999.368069268,4896735.79771081,hja2016_189,HJA-2016_soil_08,soil_enriched,3,8597.270751937693,3.103878741493311,584,5,0.008561643835616438,1.12
hja2016_049,67,planktonic,4,83,1558.1,567119.141965387,4897968.74326041,hja2016_189,HJA-2016_soil_08,soil_enriched,3,3601.3524719348575,1.8485388060339452,584,1,0.0017123287671232876,0.06
hja2016_050,165,hyporheic,2,494,27.9,564789.244860317,4900155.64668049,hja2016_189,HJA-2016_soil_08,soil_enriched,3,6597.925102899329,2.7220124010781994,584,10,0.017123287671232876,0.84
hja2016_052,163,hyporheic,5,63,6126.6,559726.468447026,4896111.82526722,hja2016_189,HJA-2016_soil_08,soil_enriched,3,10903.139794941539,3.4466717449635835,584,6,0.010273972602739725,0.35
hja2016_056,KC-1,hyporheic,3,362,114.7,562012.367495176,4896802.79475203,hja2016_189,HJA-2016_soil_08,soil_enriched,3,8582.35543778184,3.1013736514599306,584,8,0.0136986301369863,0.68
hja2016_057,71,hyporheic,3,556,101.7,562662.338790582,4897988.74237719,hja2016_189,HJA-2016_soil_08,soil_enriched,3,7989.229583387442,2.9980563880324116,584,2,0.003424657534246575,0.62
hja2016_059,KC-2,planktonic,3,362,114.2,561999.368069268,4896735.79771081,hja2016_189,HJA-2016_soil_08,soil_enriched,3,8597.270751937693,3.103878741493311,584,4,0.00684931506849315,1.17
hja2016_062,WS3-3,hyporheic,2,511,93.4,560639.428128111,4896408.81215143,hja2016_189,HJA-2016_soil_08,soil_enriched,3,9971.137285299243,3.3177580645319256,584,7,0.011986301369863013,0.66
hja2016_064,WS3-4,planktonic,2,510,81.3,560692.425787583,4896348.81480109,hja2016_189,HJA-2016_soil_08,soil_enriched,3,9922.08988625604,3.310644026961335,584,2,0.003424657534246575,0.38
hja2016_099,162,planktonic,5,66,6208.4,559348.485139852,4895468.85366269,hja2016_189,HJA-2016_soil_08,soil_enriched,3,11349.494693901986,3.504556161669637,584,3,0.005136986301369863,0.25
hja2016_100,64,planktonic,2,163,33.5,570527.99142083,4895508.85189625,hja2016_189,HJA-2016_soil_08,soil_enriched,3,1508.1443737294849,0.5927745435227832,584,2,0.003424657534246575,0.1
hja2016_101,58,planktonic,3,385,67.2,566998.147308857,4898497.71989928,hja2016_189,HJA-2016_soil_08,soil_enriched,3,3887.5385027709062,1.95885696398448,584,2,0.003424657534246575,0.16
hja2016_102,73,hyporheic,2,255,137,566310.177691566,4896786.79545861,hja2016_189,HJA-2016_soil_08,soil_enriched,3,4288.016228603595,2.100310365889347,584,3,0.005136986301369863,0.23
hja2016_103,260,planktonic,4,23,866.1,566425.172613061,4897456.76587079,hja2016_189,HJA-2016_soil_08,soil_enriched,3,4190.196024805917,2.0670177373375735,584,3,0.005136986301369863,0.4
hja2016_105,178,planktonic,2,411,19.9,566185.18321168,4901793.57434491,hja2016_189,HJA-2016_soil_08,soil_enriched,3,6499.960377436466,2.7004309237641464,584,3,0.005136986301369863,0.38
hja2016_106,170,planktonic,2,229,49.4,570659.985591589,4896908.79007097,hja2016_189,HJA-2016_soil_08,soil_enriched,3,126.59499456271408,-2.981707731687536,584,1,0.0017123287671232876,0.04
hja2016_107,57,hyporheic,4,131,1488.8,563668.294364702,4898599.71539487,hja2016_189,HJA-2016_soil_08,soil_enriched,3,7102.687424501715,2.8283649965072555,584,3,0.005136986301369863,0.33
hja2016_109,169,planktonic,2,144,53.5,568641.074752475,4902527.5419308,hja2016_189,HJA-2016_soil_08,soil_enriched,3,5847.013422289788,2.5476999031433123,584,3,0.005136986301369863,0.4
hja2016_110,76,hyporheic,3,150,303.5,570464.994202967,4896947.7883487,hja2016_189,HJA-2016_soil_08,soil_enriched,3,144.06477344289544,-2.795210482428865,584,1,0.0017123287671232876,0.2
hja2016_111,160,planktonic,5,24,2569.5,566416.173010509,4897492.764281,hja2016_189,HJA-2016_soil_08,soil_enriched,3,4203.079917533298,2.0714468882131407,584,4,0.00684931506849315,0.3
hja2016_114,WS1-5,planktonic,2,522,87.9,559517.477676657,4895016.87362342,hja2016_189,HJA-2016_soil_08,soil_enriched,3,11253.529817429338,3.492305687561684,584,3,0.005136986301369863,0.27
hja2016_116,53,planktonic,3,78,280.7,568092.098996817,4898223.73199937,hja2016_189,HJA-2016_soil_08,soil_enriched,3,2776.5847951051264,1.4733114555765532,584,3,0.005136986301369863,0.27
hja2016_119,56,planktonic,3,321,99.5,562839.3309741,4897811.75019367,hja2016_189,HJA-2016_soil_08,soil_enriched,3,7793.521088755496,2.962275280736407,584,3,0.005136986301369863,0.32
hja2016_121,84,hyporheic,4,112,622.7,566447.171641521,4900685.6232752,hja2016_189,HJA-2016_soil_08,soil_enriched,3,5536.164377725709,2.4688867795730913,584,1,0.0017123287671232876,0.07
hja2016_122,45,sediment,3,390,193.2,565977.192397151,4897892.74661664,hja2016_189,HJA-2016_soil_08,soil_enriched,3,4697.504183586255,2.231894446506737,584,19,0.032534246575342464,1.68
hja2016_125,56,sediment,3,321,99.5,562839.3309741,4897811.75019367,hja2016_189,HJA-2016_soil_08,soil_enriched,3,7793.521088755496,2.962275280736407,584,21,0.03595890410958904,1.81
hja2016_164,260,sediment,4,23,866.1,566425.172613061,4897456.76587079,hja2016_189,HJA-2016_soil_08,soil_enriched,3,4190.196024805917,2.0670177373375735,584,19,0.032534246575342464,2.73
hja2016_166,57,sediment,4,131,1488.8,563668.294364702,4898599.71539487,hja2016_189,HJA-2016_soil_08,soil_enriched,3,7102.687424501715,2.8283649965072555,584,6,0.010273972602739725,0.92
hja2016_167,WS3-1,sediment,2,511,96.4,560508.433913191,4896516.80738205,hja2016_189,HJA-2016_soil_08,soil_enriched,3,10095.980093538014,3.3357090657302972,584,85,0.14554794520547945,9.05
hja2016_169,WS3-2,sediment,2,511,95.7,560554.431881789,4896487.80866272,hja2016_189,HJA-2016_soil_08,soil_enriched,3,10051.51961945439,3.3293417238258587,584,93,0.15924657534246575,9.7
hja2016_170,WS3-3,sediment,2,511,93.4,560639.428128111,4896408.81215143,hja2016_189,HJA-2016_soil_08,soil_enriched,3,9971.137285299243,3.3177580645319256,584,17,0.02910958904109589,1.47
hja2016_177,WS1-3,sediment,2,522,92.1,559404.482666841,4895069.8712829,hja2016_189,HJA-2016_soil_08,soil_enriched,3,11355.54494999942,3.505325037197834,584,31,0.053082191780821915,3.06
hja2016_179,WS1-5,sediment,2,522,87.9,559517.477676657,4895016.87362342,hja2016_189,HJA-2016_soil_08,soil_enriched,3,11253.529817429338,3.492305687561684,584,20,0.03424657534246575,2.45
hja2016_180,WS1-6,sediment,2,522,82.7,559631.472642313,4894993.87463913,hja2016_189,HJA-2016_soil_08,soil_enriched,3,11145.51467965544,3.4783913340639456,584,5,0.008561643835616438,0.95
hja2016_181,177,sediment,1,452,14.8,565808.199860345,4901620.58198475,hja2016_189,HJA-2016_soil_08,soil_enriched,3,6640.11214234545,2.731207606909469,584,17,0.02910958904109589,1.32
hja2016_001,50,planktonic,5,41,4956.4,563054.321479503,4898132.73601802,hja2016_190,HJA-2016_soil_09,soil_detected,3,7994.881979135008,2.9990767367233193,834,11,0.013189448441247002,3.16
hja2016_008,WS3-1,hyporheic,2,511,96.4,560508.433913191,4896516.80738205,hja2016_190,HJA-2016_soil_09,soil_detected,3,10094.889231265372,3.3355531753060417,834,51,0.06115107913669065,8.7
hja2016_009,60,hyporheic,2,316,43.1,567391.129953618,4898693.71124374,hja2016_190,HJA-2016_soil_09,soil_detected,3,4624.615012900711,2.2093332700404313,834,45,0.0539568345323741,11.15
hja2016_010,164,planktonic,3,502,60.8,560307.442789535,4895737.8417834,hja2016_190,HJA-2016_soil_09,soil_detected,3,10231.40136143127,3.3549318547043003,834,12,0.014388489208633094,4.39
hja2016_011,WS1-6,planktonic,2,522,82.7,559631.472642313,4894993.87463913,hja2016_190,HJA-2016_soil_09,soil_detected,3,10902.073410267192,3.4465306348659106,834,50,0.05995203836930456,5.23
hja2016_013,WS1-4,planktonic,2,522,89.8,559453.480502956,4895042.87247524,hja2016_190,HJA-2016_soil_09,soil_detected,3,11078.766408852149,3.469725344964896,834,45,0.0539568345323741,6.14
hja2016_014,WS1-6,hyporheic,2,522,82.7,559631.472642313,4894993.87463913,hja2016_190,HJA-2016_soil_09,soil_detected,3,10902.073410267192,3.4465306348659106,834,40,0.047961630695443645,9.49
hja2016_015,47,hyporheic,4,134,1550.1,563254.31264732,4898130.73610634,hja2016_190,HJA-2016_soil_09,soil_detected,3,7807.491380407746,2.9648590714889016,834,15,0.017985611510791366,3.91
hja2016_016,74,hyporheic,2,373,70,565310.221852481,4897724.75403567,hja2016_190,HJA-2016_soil_09,soil_detected,3,5756.2063149296855,2.525118302326934,834,10,0.011990407673860911,1.61
hja2016_018,WS1-5,hyporheic,2,522,87.9,559517.477676657,4895016.87362342,hja2016_190,HJA-2016_soil_09,soil_detected,3,11015.416271937751,3.4614521103176856,834,38,0.045563549160671464,3.3
hja2016_019,155,hyporheic,2,345,81.2,565811.199727862,4897652.75721525,hja2016_190,HJA-2016_soil_09,soil_detected,3,5273.62763531838,2.398795707788562,834,55,0.06594724220623502,10.43
hja2016_020,WS1-2,hyporheic,2,522,93.6,559354.484874886,4895103.86978142,hja2016_190,HJA-2016_soil_09,soil_detected,3,11176.516704681717,3.4823987199286717,834,60,0.07194244604316546,6.46
hja2016_021,156,hyporheic,5,24,2575.9,566141.185154761,4897558.76136638,hja2016_190,HJA-2016_soil_09,soil_detected,3,4936.815689789386,2.3035807847609275,834,23,0.027577937649880094,5.59
hja2016_027,WS3-6,planktonic,2,510,78.4,560819.420179147,4896235.81979127,hja2016_190,HJA-2016_soil_09,soil_detected,3,9755.210838315252,3.2861730539829193,834,17,0.02038369304556355,2.6
hja2016_065,68,hyporheic,5,30,3032.2,565145.229139031,4897899.74630751,hja2016_190,HJA-2016_soil_09,soil_detected,3,5980.277555558904,2.5802124440782235,834,67,0.0803357314148681,9.46
hja2016_066,49,hyporheic,5,40,3399.1,563281.311454976,4898046.73981585,hja2016_190,HJA-2016_soil_09,soil_detected,3,7752.148003822669,2.954596114914847,834,54,0.06474820143884892,6.62
hja2016_070,56,hyporheic,3,321,99.5,562839.3309741,4897811.75019367,hja2016_190,HJA-2016_soil_09,soil_detected,3,8090.793557318609,3.0162812113155146,834,25,0.02997601918465228,3.99
hja2016_071,164,hyporheic,3,502,60.8,560307.442789535,4895737.8417834,hja2016_190,HJA-2016_soil_09,soil_detected,3,10231.40136143127,3.3549318547043003,834,63,0.07553956834532374,6.72
hja2016_075,260,hyporheic,4,23,866.1,566425.172613061,4897456.76587079,hja2016_190,HJA-2016_soil_09,soil_detected,3,4637.826032708156,2.2134487047496796,834,43,0.05155875299760192,7.96
hja2016_078,CC-1,hyporheic,2,183,64,569956.016680872,4897740.75332909,hja2016_190,HJA-2016_soil_09,soil_detected,3,2510.2596558967384,1.3278366011879041,834,44,0.05275779376498801,6.74
hja2016_079,64,hyporheic,2,163,33.5,570527.99142083,4895508.85189625,hja2016_190,HJA-2016_soil_09,soil_detected,3,212.0154697731951,-2.237758559576121,834,70,0.08393285371702638,9.75
hja2016_084,177,hyporheic,1,452,14.8,565808.199860345,4901620.58198475,hja2016_190,HJA-2016_soil_09,soil_detected,3,7891.693500778309,2.980334925461637,834,45,0.0539568345323741,9.45
hja2016_127,60,sediment,2,316,43.1,567391.129953618,4898693.71124374,hja2016_190,HJA-2016_soil_09,soil_detected,3,4624.615012900711,2.2093332700404313,834,122,0.14628297362110312,11.58
hja2016_129,72,sediment,4,16,568.3,566542.167446234,4896499.80813279,hja2016_190,HJA-2016_soil_09,soil_detected,3,4164.689695318529,2.058209006586621,834,169,0.2026378896882494,19.35
hja2016_131,74,sediment,2,373,70,565310.221852481,4897724.75403567,hja2016_190,HJA-2016_soil_09,soil_detected,3,5756.2063149296855,2.525118302326934,834,183,0.21942446043165467,19.63
hja2016_132,84,sediment,4,112,622.7,566447.171641521,4900685.6232752,hja2016_190,HJA-2016_soil_09,soil_detected,3,6760.40235881473,2.757109113932324,834,188,0.22541966426858512,23.71
hja2016_133,161,sediment,5,51,5699.1,561109.407372482,4897170.77850081,hja2016_190,HJA-2016_soil_09,soil_detected,3,9604.514044169222,3.2637126202621562,834,348,0.4172661870503597,35.8
hja2016_135,169,sediment,2,144,53.5,568641.074752475,4902527.5419308,hja2016_190,HJA-2016_soil_09,soil_detected,3,7473.190038875502,2.901724209662045,834,207,0.24820143884892087,25.39
hja2016_136,190,sediment,1,546,14.2,564169.272240084,4897881.7471024,hja2016_190,HJA-2016_soil_09,soil_detected,3,6865.285619227525,2.7793197426406113,834,138,0.16546762589928057,16.13
hja2016_139,CC-2,sediment,2,183,63.6,569992.01509108,4897760.75244588,hja2016_190,HJA-2016_soil_09,soil_detected,3,2521.8196688904827,1.334465114643492,834,154,0.18465227817745802,17.15
hja2016_140,CC-3,sediment,2,183,63,570038.013059678,4897795.75090024,hja2016_190,HJA-2016_soil_09,soil_detected,3,2546.752844993414,1.3486589570193384,834,145,0.17386091127098321,14.55
hja2016_141,CC-4,sediment,2,183,58.5,570162.007583724,4897831.74931045,hja2016_190,HJA-2016_soil_09,soil_detected,3,2561.384698009736,1.356923949628289,834,145,0.17386091127098321,17.7
hja2016_142,KC-1,sediment,3,362,114.7,562012.367495176,4896802.79475203,hja2016_190,HJA-2016_soil_09,soil_detected,3,8649.083344288261,3.112547239717466,834,135,0.1618705035971223,14.65
hja2016_144,KC-3,sediment,3,362,114,562000.368025107,4896680.80013966,hja2016_190,HJA-2016_soil_09,soil_detected,3,8640.522612158884,3.1111185747924432,834,113,0.1354916067146283,15.79
hja2016_145,155,sediment,2,345,81.2,565811.199727862,4897652.75721525,hja2016_190,HJA-2016_soil_09,soil_detected,3,5273.62763531838,2.398795707788562,834,190,0.2278177458033573,19.77
hja2016_146,156,sediment,5,24,2575.9,566141.185154761,4897558.76136638,hja2016_190,HJA-2016_soil_09,soil_detected,3,4936.815689789386,2.3035807847609275,834,124,0.1486810551558753,13.75
hja2016_147,163,sediment,5,63,6126.6,559726.468447026,4896111.82526722,hja2016_190,HJA-2016_soil_09,soil_detected,3,10833.565330464755,3.4374362074636573,834,344,0.41247002398081534,34.94
hja2016_148,165,sediment,2,494,27.9,564789.244860317,4900155.64668049,hja2016_190,HJA-2016_soil_09,soil_detected,3,7520.414678914003,2.9108122149239852,834,168,0.2014388489208633,18
hja2016_150,53,sediment,3,78,280.7,568092.098996817,4898223.73199937,hja2016_190,HJA-2016_soil_09,soil_detected,3,3808.7812784679686,1.929329442658485,834,132,0.15827338129496402,14.87
hja2016_151,64,sediment,2,163,33.5,570527.99142083,4895508.85189625,hja2016_190,HJA-2016_soil_09,soil_detected,3,212.0154697731951,-2.237758559576121,834,315,0.3776978417266187,31
hja2016_152,66,sediment,4,79,1360.7,567970.104384448,4898153.73509064,hja2016_190,HJA-2016_soil_09,soil_detected,3,3835.558610146479,1.939436706906669,834,100,0.11990407673860912,12.95
hja2016_155,82,sediment,2,536,36.6,564452.259742545,4899854.65997292,hja2016_190,HJA-2016_soil_09,soil_detected,3,7596.35222693214,2.925306801783753,834,165,0.19784172661870503,17.23
hja2016_157,43,sediment,1,538,7.8,567346.131940859,4898257.7304979,hja2016_190,HJA-2016_soil_09,soil_detected,3,4347.37320275646,2.1201439499189516,834,116,0.13908872901678657,11.64
hja2016_159,49,sediment,5,40,3399.1,563281.311454976,4898046.73981585,hja2016_190,HJA-2016_soil_09,soil_detected,3,7752.148003822669,2.954596114914847,834,130,0.15587529976019185,14.86
hja2016_160,50,sediment,5,41,4956.4,563054.321479503,4898132.73601802,hja2016_190,HJA-2016_soil_09,soil_detected,3,7994.881979135008,2.9990767367233193,834,76,0.09112709832134293,8.49
hja2016_031,161,hyporheic,5,51,5699.1,561109.407372482,4897170.77850081,hja2016_190,HJA-2016_soil_09,soil_detected,3,9604.514044169222,3.2637126202621562,834,17,0.02038369304556355,5.42
hja2016_032,54,hyporheic,3,363,207.7,561802.376768968,4897363.76997776,hja2016_190,HJA-2016_soil_09,soil_detected,3,8968.38929056266,3.1648489025160833,834,24,0.02877697841726619,5.86
hja2016_035,192,hyporheic,2,542,28.5,564620.252323511,4897836.74908965,hja2016_190,HJA-2016_soil_09,soil_detected,3,6431.82706636904,2.685228617050765,834,25,0.02997601918465228,5.67
hja2016_037,43,hyporheic,1,538,7.8,567346.131940859,4898257.7304979,hja2016_190,HJA-2016_soil_09,soil_detected,3,4347.37320275646,2.1201439499189516,834,21,0.025179856115107913,5.06
hja2016_042,165,planktonic,2,494,27.9,564789.244860317,4900155.64668049,hja2016_190,HJA-2016_soil_09,soil_detected,3,7520.414678914003,2.9108122149239852,834,8,0.009592326139088728,2.09
hja2016_043,KC-2,hyporheic,3,362,114.2,561999.368069268,4896735.79771081,hja2016_190,HJA-2016_soil_09,soil_detected,3,8650.488006040332,3.112781522811221,834,25,0.02997601918465228,6.81
hja2016_049,67,planktonic,4,83,1558.1,567119.141965387,4897968.74326041,hja2016_190,HJA-2016_soil_09,soil_detected,3,4332.260810070693,2.11512009845624,834,3,0.0035971223021582736,1.11
hja2016_050,165,hyporheic,2,494,27.9,564789.244860317,4900155.64668049,hja2016_190,HJA-2016_soil_09,soil_detected,3,7520.414678914003,2.9108122149239852,834,43,0.05155875299760192,5.92
hja2016_052,163,hyporheic,5,63,6126.6,559726.468447026,4896111.82526722,hja2016_190,HJA-2016_soil_09,soil_detected,3,10833.565330464755,3.4374362074636573,834,50,0.05995203836930456,6.51
hja2016_056,KC-1,hyporheic,3,362,114.7,562012.367495176,4896802.79475203,hja2016_190,HJA-2016_soil_09,soil_detected,3,8649.083344288261,3.112547239717466,834,62,0.07434052757793765,7.47
hja2016_057,71,hyporheic,3,556,101.7,562662.338790582,4897988.74237719,hja2016_190,HJA-2016_soil_09,soil_detected,3,8314.804442049102,3.0556823328085527,834,20,0.023980815347721823,4.75
hja2016_059,KC-2,planktonic,3,362,114.2,561999.368069268,4896735.79771081,hja2016_190,HJA-2016_soil_09,soil_detected,3,8650.488006040332,3.112781522811221,834,34,0.0407673860911271,6.98
hja2016_062,WS3-3,hyporheic,2,511,93.4,560639.428128111,4896408.81215143,hja2016_190,HJA-2016_soil_09,soil_detected,3,9952.223348983513,3.315018862966021,834,52,0.06235011990407674,4.85
hja2016_064,WS3-4,planktonic,2,510,81.3,560692.425787583,4896348.81480109,hja2016_190,HJA-2016_soil_09,soil_detected,3,9892.999719307956,3.306408036049262,834,30,0.03597122302158273,5.26
hja2016_099,162,planktonic,5,66,6208.4,559348.485139852,4895468.85366269,hja2016_190,HJA-2016_soil_09,soil_detected,3,11182.173519774584,3.4831287322123883,834,25,0.02997601918465228,1.63
hja2016_100,64,planktonic,2,163,33.5,570527.99142083,4895508.85189625,hja2016_190,HJA-2016_soil_09,soil_detected,3,212.0154697731951,-2.237758559576121,834,13,0.015587529976019185,1.09
hja2016_101,58,planktonic,3,385,67.2,566998.147308857,4898497.71989928,hja2016_190,HJA-2016_soil_09,soil_detected,3,4766.017017247842,2.2527841027357463,834,12,0.014388489208633094,1.09
hja2016_102,73,hyporheic,2,255,137,566310.177691566,4896786.79545861,hja2016_190,HJA-2016_soil_09,soil_detected,3,4474.5120802368565,2.161730373371213,834,18,0.02158273381294964,1.69
hja2016_103,260,planktonic,4,23,866.1,566425.172613061,4897456.76587079,hja2016_190,HJA-2016_soil_09,soil_detected,3,4637.826032708156,2.2134487047496796,834,39,0.046762589928057555,4.31
hja2016_105,178,planktonic,2,411,19.9,566185.18321168,4901793.57434491,hja2016_190,HJA-2016_soil_09,soil_detected,3,7815.318794547215,2.9663047233761666,834,25,0.02997601918465228,1.99
hja2016_106,170,planktonic,2,229,49.4,570659.985591589,4896908.79007097,hja2016_190,HJA-2016_soil_09,soil_detected,3,1617.235371133611,0.6935296627668917,834,3,0.0035971223021582736,0.39
hja2016_107,57,hyporheic,4,131,1488.8,563668.294364702,4898599.71539487,hja2016_190,HJA-2016_soil_09,soil_detected,3,7614.648228569735,2.9287773905378898,834,20,0.023980815347721823,1.64
hja2016_109,169,planktonic,2,144,53.5,568641.074752475,4902527.5419308,hja2016_190,HJA-2016_soil_09,soil_detected,3,7473.190038875502,2.901724209662045,834,18,0.02158273381294964,1.72
hja2016_110,76,hyporheic,3,150,303.5,570464.994202967,4896947.7883487,hja2016_190,HJA-2016_soil_09,soil_detected,3,1652.200953596933,0.7243891692792588,834,14,0.016786570743405275,1.68
hja2016_111,160,planktonic,5,24,2569.5,566416.173010509,4897492.764281,hja2016_190,HJA-2016_soil_09,soil_detected,3,4662.637301388792,2.221146209253384,834,24,0.02877697841726619,2.15
hja2016_114,WS1-5,planktonic,2,522,87.9,559517.477676657,4895016.87362342,hja2016_190,HJA-2016_soil_09,soil_detected,3,11015.416271937751,3.4614521103176856,834,20,0.023980815347721823,1.51
hja2016_116,53,planktonic,3,78,280.7,568092.098996817,4898223.73199937,hja2016_190,HJA-2016_soil_09,soil_detected,3,3808.7812784679686,1.929329442658485,834,23,0.027577937649880094,2.09
hja2016_119,56,planktonic,3,321,99.5,562839.3309741,4897811.75019367,hja2016_190,HJA-2016_soil_09,soil_detected,3,8090.793557318609,3.0162812113155146,834,41,0.049160671462829736,3.8
hja2016_121,84,hyporheic,4,112,622.7,566447.171641521,4900685.6232752,hja2016_190,HJA-2016_soil_09,soil_detected,3,6760.40235881473,2.757109113932324,834,3,0.0035971223021582736,0.33
hja2016_122,45,sediment,3,390,193.2,565977.192397151,4897892.74661664,hja2016_190,HJA-2016_soil_09,soil_detected,3,5240.299131461351,2.389649167327308,834,130,0.15587529976019185,14.88
hja2016_125,56,sediment,3,321,99.5,562839.3309741,4897811.75019367,hja2016_190,HJA-2016_soil_09,soil_detected,3,8090.793557318609,3.0162812113155146,834,134,0.1606714628297362,15.52
hja2016_164,260,sediment,4,23,866.1,566425.172613061,4897456.76587079,hja2016_190,HJA-2016_soil_09,soil_detected,3,4637.826032708156,2.2134487047496796,834,141,0.16906474820143885,16.99
hja2016_166,57,sediment,4,131,1488.8,563668.294364702,4898599.71539487,hja2016_190,HJA-2016_soil_09,soil_detected,3,7614.648228569735,2.9287773905378898,834,69,0.08273381294964029,8.14
hja2016_167,WS3-1,sediment,2,511,96.4,560508.433913191,4896516.80738205,hja2016_190,HJA-2016_soil_09,soil_detected,3,10094.889231265372,3.3355531753060417,834,331,0.39688249400479614,34.52
hja2016_169,WS3-2,sediment,2,511,95.7,560554.431881789,4896487.80866272,hja2016_190,HJA-2016_soil_09,soil_detected,3,10045.750750843794,3.3285134801677616,834,335,0.40167865707434053,34.09
hja2016_170,WS3-3,sediment,2,511,93.4,560639.428128111,4896408.81215143,hja2016_190,HJA-2016_soil_09,soil_detected,3,9952.223348983513,3.315018862966021,834,109,0.13069544364508393,11.41
hja2016_177,WS1-3,sediment,2,522,92.1,559404.482666841,4895069.8712829,hja2016_190,HJA-2016_soil_09,soil_detected,3,11127.167970767903,3.476014547007734,834,198,0.23741007194244604,23.6
hja2016_179,WS1-5,sediment,2,522,87.9,559517.477676657,4895016.87362342,hja2016_190,HJA-2016_soil_09,soil_detected,3,11015.416271937751,3.4614521103176856,834,147,0.17625899280575538,15.95
hja2016_180,WS1-6,sediment,2,522,82.7,559631.472642313,4894993.87463913,hja2016_190,HJA-2016_soil_09,soil_detected,3,10902.073410267192,3.4465306348659106,834,68,0.0815347721822542,8.37
hja2016_181,177,sediment,1,452,14.8,565808.199860345,4901620.58198475,hja2016_190,HJA-2016_soil_09,soil_detected,3,7891.693500778309,2.980334925461637,834,118,0.14148681055155876,11.81
hja2016_001,50,planktonic,5,41,4956.4,563054.321479503,4898132.73601802,hja2016_190,HJA-2016_soil_09,soil_enriched,3,7994.881979135008,2.9990767367233193,472,1,0.00211864406779661,0.49
hja2016_008,WS3-1,hyporheic,2,511,96.4,560508.433913191,4896516.80738205,hja2016_190,HJA-2016_soil_09,soil_enriched,3,10094.889231265372,3.3355531753060417,472,9,0.019067796610169493,1.05
hja2016_009,60,hyporheic,2,316,43.1,567391.129953618,4898693.71124374,hja2016_190,HJA-2016_soil_09,soil_enriched,3,4624.615012900711,2.2093332700404313,472,4,0.00847457627118644,0.54
hja2016_010,164,planktonic,3,502,60.8,560307.442789535,4895737.8417834,hja2016_190,HJA-2016_soil_09,soil_enriched,3,10231.40136143127,3.3549318547043003,472,0,0,0
hja2016_011,WS1-6,planktonic,2,522,82.7,559631.472642313,4894993.87463913,hja2016_190,HJA-2016_soil_09,soil_enriched,3,10902.073410267192,3.4465306348659106,472,9,0.019067796610169493,0.84
hja2016_013,WS1-4,planktonic,2,522,89.8,559453.480502956,4895042.87247524,hja2016_190,HJA-2016_soil_09,soil_enriched,3,11078.766408852149,3.469725344964896,472,8,0.01694915254237288,0.78
hja2016_014,WS1-6,hyporheic,2,522,82.7,559631.472642313,4894993.87463913,hja2016_190,HJA-2016_soil_09,soil_enriched,3,10902.073410267192,3.4465306348659106,472,3,0.006355932203389831,0.55
hja2016_015,47,hyporheic,4,134,1550.1,563254.31264732,4898130.73610634,hja2016_190,HJA-2016_soil_09,soil_enriched,3,7807.491380407746,2.9648590714889016,472,1,0.00211864406779661,0.47
hja2016_016,74,hyporheic,2,373,70,565310.221852481,4897724.75403567,hja2016_190,HJA-2016_soil_09,soil_enriched,3,5756.2063149296855,2.525118302326934,472,1,0.00211864406779661,0.05
hja2016_018,WS1-5,hyporheic,2,522,87.9,559517.477676657,4895016.87362342,hja2016_190,HJA-2016_soil_09,soil_enriched,3,11015.416271937751,3.4614521103176856,472,5,0.01059322033898305,0.38
hja2016_019,155,hyporheic,2,345,81.2,565811.199727862,4897652.75721525,hja2016_190,HJA-2016_soil_09,soil_enriched,3,5273.62763531838,2.398795707788562,472,12,0.025423728813559324,2.4
hja2016_020,WS1-2,hyporheic,2,522,93.6,559354.484874886,4895103.86978142,hja2016_190,HJA-2016_soil_09,soil_enriched,3,11176.516704681717,3.4823987199286717,472,8,0.01694915254237288,0.86
hja2016_021,156,hyporheic,5,24,2575.9,566141.185154761,4897558.76136638,hja2016_190,HJA-2016_soil_09,soil_enriched,3,4936.815689789386,2.3035807847609275,472,4,0.00847457627118644,0.88
hja2016_027,WS3-6,planktonic,2,510,78.4,560819.420179147,4896235.81979127,hja2016_190,HJA-2016_soil_09,soil_enriched,3,9755.210838315252,3.2861730539829193,472,5,0.01059322033898305,0.63
hja2016_065,68,hyporheic,5,30,3032.2,565145.229139031,4897899.74630751,hja2016_190,HJA-2016_soil_09,soil_enriched,3,5980.277555558904,2.5802124440782235,472,17,0.036016949152542374,1.86
hja2016_066,49,hyporheic,5,40,3399.1,563281.311454976,4898046.73981585,hja2016_190,HJA-2016_soil_09,soil_enriched,3,7752.148003822669,2.954596114914847,472,9,0.019067796610169493,1.04
hja2016_070,56,hyporheic,3,321,99.5,562839.3309741,4897811.75019367,hja2016_190,HJA-2016_soil_09,soil_enriched,3,8090.793557318609,3.0162812113155146,472,7,0.014830508474576272,1.08
hja2016_071,164,hyporheic,3,502,60.8,560307.442789535,4895737.8417834,hja2016_190,HJA-2016_soil_09,soil_enriched,3,10231.40136143127,3.3549318547043003,472,10,0.0211864406779661,0.92
hja2016_075,260,hyporheic,4,23,866.1,566425.172613061,4897456.76587079,hja2016_190,HJA-2016_soil_09,soil_enriched,3,4637.826032708156,2.2134487047496796,472,8,0.01694915254237288,1.31
hja2016_078,CC-1,hyporheic,2,183,64,569956.016680872,4897740.75332909,hja2016_190,HJA-2016_soil_09,soil_enriched,3,2510.2596558967384,1.3278366011879041,472,8,0.01694915254237288,1.24
hja2016_079,64,hyporheic,2,163,33.5,570527.99142083,4895508.85189625,hja2016_190,HJA-2016_soil_09,soil_enriched,3,212.0154697731951,-2.237758559576121,472,18,0.038135593220338986,1.96
hja2016_084,177,hyporheic,1,452,14.8,565808.199860345,4901620.58198475,hja2016_190,HJA-2016_soil_09,soil_enriched,3,7891.693500778309,2.980334925461637,472,7,0.014830508474576272,0.93
hja2016_127,60,sediment,2,316,43.1,567391.129953618,4898693.71124374,hja2016_190,HJA-2016_soil_09,soil_enriched,3,4624.615012900711,2.2093332700404313,472,17,0.036016949152542374,1.42
hja2016_129,72,sediment,4,16,568.3,566542.167446234,4896499.80813279,hja2016_190,HJA-2016_soil_09,soil_enriched,3,4164.689695318529,2.058209006586621,472,46,0.09745762711864407,4.94
hja2016_131,74,sediment,2,373,70,565310.221852481,4897724.75403567,hja2016_190,HJA-2016_soil_09,soil_enriched,3,5756.2063149296855,2.525118302326934,472,46,0.09745762711864407,5.02
hja2016_132,84,sediment,4,112,622.7,566447.171641521,4900685.6232752,hja2016_190,HJA-2016_soil_09,soil_enriched,3,6760.40235881473,2.757109113932324,472,35,0.07415254237288135,4.03
hja2016_133,161,sediment,5,51,5699.1,561109.407372482,4897170.77850081,hja2016_190,HJA-2016_soil_09,soil_enriched,3,9604.514044169222,3.2637126202621562,472,143,0.3029661016949153,13.45
hja2016_135,169,sediment,2,144,53.5,568641.074752475,4902527.5419308,hja2016_190,HJA-2016_soil_09,soil_enriched,3,7473.190038875502,2.901724209662045,472,44,0.09322033898305085,4.76
hja2016_136,190,sediment,1,546,14.2,564169.272240084,4897881.7471024,hja2016_190,HJA-2016_soil_09,soil_enriched,3,6865.285619227525,2.7793197426406113,472,33,0.06991525423728813,3.08
hja2016_139,CC-2,sediment,2,183,63.6,569992.01509108,4897760.75244588,hja2016_190,HJA-2016_soil_09,soil_enriched,3,2521.8196688904827,1.334465114643492,472,40,0.0847457627118644,4.2
hja2016_140,CC-3,sediment,2,183,63,570038.013059678,4897795.75090024,hja2016_190,HJA-2016_soil_09,soil_enriched,3,2546.752844993414,1.3486589570193384,472,36,0.07627118644067797,3.08
hja2016_141,CC-4,sediment,2,183,58.5,570162.007583724,4897831.74931045,hja2016_190,HJA-2016_soil_09,soil_enriched,3,2561.384698009736,1.356923949628289,472,39,0.0826271186440678,3.47
hja2016_142,KC-1,sediment,3,362,114.7,562012.367495176,4896802.79475203,hja2016_190,HJA-2016_soil_09,soil_enriched,3,8649.083344288261,3.112547239717466,472,35,0.07415254237288135,2.56
hja2016_144,KC-3,sediment,3,362,114,562000.368025107,4896680.80013966,hja2016_190,HJA-2016_soil_09,soil_enriched,3,8640.522612158884,3.1111185747924432,472,22,0.046610169491525424,2.51
hja2016_145,155,sediment,2,345,81.2,565811.199727862,4897652.75721525,hja2016_190,HJA-2016_soil_09,soil_enriched,3,5273.62763531838,2.398795707788562,472,51,0.10805084745762712,4.54
hja2016_146,156,sediment,5,24,2575.9,566141.185154761,4897558.76136638,hja2016_190,HJA-2016_soil_09,soil_enriched,3,4936.815689789386,2.3035807847609275,472,25,0.05296610169491525,2.41
hja2016_147,163,sediment,5,63,6126.6,559726.468447026,4896111.82526722,hja2016_190,HJA-2016_soil_09,soil_enriched,3,10833.565330464755,3.4374362074636573,472,138,0.2923728813559322,13.06
hja2016_148,165,sediment,2,494,27.9,564789.244860317,4900155.64668049,hja2016_190,HJA-2016_soil_09,soil_enriched,3,7520.414678914003,2.9108122149239852,472,43,0.09110169491525423,4.32
hja2016_150,53,sediment,3,78,280.7,568092.098996817,4898223.73199937,hja2016_190,HJA-2016_soil_09,soil_enriched,3,3808.7812784679686,1.929329442658485,472,29,0.0614406779661017,2.62
hja2016_151,64,sediment,2,163,33.5,570527.99142083,4895508.85189625,hja2016_190,HJA-2016_soil_09,soil_enriched,3,212.0154697731951,-2.237758559576121,472,127,0.2690677966101695,11.54
hja2016_152,66,sediment,4,79,1360.7,567970.104384448,4898153.73509064,hja2016_190,HJA-2016_soil_09,soil_enriched,3,3835.558610146479,1.939436706906669,472,20,0.0423728813559322,2.15
hja2016_155,82,sediment,2,536,36.6,564452.259742545,4899854.65997292,hja2016_190,HJA-2016_soil_09,soil_enriched,3,7596.35222693214,2.925306801783753,472,44,0.09322033898305085,4.34
hja2016_157,43,sediment,1,538,7.8,567346.131940859,4898257.7304979,hja2016_190,HJA-2016_soil_09,soil_enriched,3,4347.37320275646,2.1201439499189516,472,21,0.04449152542372881,1.91
hja2016_159,49,sediment,5,40,3399.1,563281.311454976,4898046.73981585,hja2016_190,HJA-2016_soil_09,soil_enriched,3,7752.148003822669,2.954596114914847,472,26,0.05508474576271186,2.27
hja2016_160,50,sediment,5,41,4956.4,563054.321479503,4898132.73601802,hja2016_190,HJA-2016_soil_09,soil_enriched,3,7994.881979135008,2.9990767367233193,472,5,0.01059322033898305,0.92
hja2016_031,161,hyporheic,5,51,5699.1,561109.407372482,4897170.77850081,hja2016_190,HJA-2016_soil_09,soil_enriched,3,9604.514044169222,3.2637126202621562,472,2,0.00423728813559322,0.37
hja2016_032,54,hyporheic,3,363,207.7,561802.376768968,4897363.76997776,hja2016_190,HJA-2016_soil_09,soil_enriched,3,8968.38929056266,3.1648489025160833,472,8,0.01694915254237288,0.96
hja2016_035,192,hyporheic,2,542,28.5,564620.252323511,4897836.74908965,hja2016_190,HJA-2016_soil_09,soil_enriched,3,6431.82706636904,2.685228617050765,472,5,0.01059322033898305,0.86
hja2016_037,43,hyporheic,1,538,7.8,567346.131940859,4898257.7304979,hja2016_190,HJA-2016_soil_09,soil_enriched,3,4347.37320275646,2.1201439499189516,472,0,0,0
hja2016_042,165,planktonic,2,494,27.9,564789.244860317,4900155.64668049,hja2016_190,HJA-2016_soil_09,soil_enriched,3,7520.414678914003,2.9108122149239852,472,1,0.00211864406779661,0.07
hja2016_043,KC-2,hyporheic,3,362,114.2,561999.368069268,4896735.79771081,hja2016_190,HJA-2016_soil_09,soil_enriched,3,8650.488006040332,3.112781522811221,472,6,0.012711864406779662,1.21
hja2016_049,67,planktonic,4,83,1558.1,567119.141965387,4897968.74326041,hja2016_190,HJA-2016_soil_09,soil_enriched,3,4332.260810070693,2.11512009845624,472,1,0.00211864406779661,0.06
hja2016_050,165,hyporheic,2,494,27.9,564789.244860317,4900155.64668049,hja2016_190,HJA-2016_soil_09,soil_enriched,3,7520.414678914003,2.9108122149239852,472,9,0.019067796610169493,0.82
hja2016_052,163,hyporheic,5,63,6126.6,559726.468447026,4896111.82526722,hja2016_190,HJA-2016_soil_09,soil_enriched,3,10833.565330464755,3.4374362074636573,472,8,0.01694915254237288,0.57
hja2016_056,KC-1,hyporheic,3,362,114.7,562012.367495176,4896802.79475203,hja2016_190,HJA-2016_soil_09,soil_enriched,3,8649.083344288261,3.112547239717466,472,9,0.019067796610169493,0.74
hja2016_057,71,hyporheic,3,556,101.7,562662.338790582,4897988.74237719,hja2016_190,HJA-2016_soil_09,soil_enriched,3,8314.804442049102,3.0556823328085527,472,2,0.00423728813559322,0.62
hja2016_059,KC-2,planktonic,3,362,114.2,561999.368069268,4896735.79771081,hja2016_190,HJA-2016_soil_09,soil_enriched,3,8650.488006040332,3.112781522811221,472,6,0.012711864406779662,1.46
hja2016_062,WS3-3,hyporheic,2,511,93.4,560639.428128111,4896408.81215143,hja2016_190,HJA-2016_soil_09,soil_enriched,3,9952.223348983513,3.315018862966021,472,11,0.023305084745762712,0.96
hja2016_064,WS3-4,planktonic,2,510,81.3,560692.425787583,4896348.81480109,hja2016_190,HJA-2016_soil_09,soil_enriched,3,9892.999719307956,3.306408036049262,472,5,0.01059322033898305,0.91
hja2016_099,162,planktonic,5,66,6208.4,559348.485139852,4895468.85366269,hja2016_190,HJA-2016_soil_09,soil_enriched,3,11182.173519774584,3.4831287322123883,472,4,0.00847457627118644,0.32
hja2016_100,64,planktonic,2,163,33.5,570527.99142083,4895508.85189625,hja2016_190,HJA-2016_soil_09,soil_enriched,3,212.0154697731951,-2.237758559576121,472,5,0.01059322033898305,0.21
hja2016_101,58,planktonic,3,385,67.2,566998.147308857,4898497.71989928,hja2016_190,HJA-2016_soil_09,soil_enriched,3,4766.017017247842,2.2527841027357463,472,3,0.006355932203389831,0.22
hja2016_102,73,hyporheic,2,255,137,566310.177691566,4896786.79545861,hja2016_190,HJA-2016_soil_09,soil_enriched,3,4474.5120802368565,2.161730373371213,472,3,0.006355932203389831,0.32
hja2016_103,260,planktonic,4,23,866.1,566425.172613061,4897456.76587079,hja2016_190,HJA-2016_soil_09,soil_enriched,3,4637.826032708156,2.2134487047496796,472,5,0.01059322033898305,0.67
hja2016_105,178,planktonic,2,411,19.9,566185.18321168,4901793.57434491,hja2016_190,HJA-2016_soil_09,soil_enriched,3,7815.318794547215,2.9663047233761666,472,6,0.012711864406779662,0.5
hja2016_106,170,planktonic,2,229,49.4,570659.985591589,4896908.79007097,hja2016_190,HJA-2016_soil_09,soil_enriched,3,1617.235371133611,0.6935296627668917,472,1,0.00211864406779661,0.07
hja2016_107,57,hyporheic,4,131,1488.8,563668.294364702,4898599.71539487,hja2016_190,HJA-2016_soil_09,soil_enriched,3,7614.648228569735,2.9287773905378898,472,4,0.00847457627118644,0.38
hja2016_109,169,planktonic,2,144,53.5,568641.074752475,4902527.5419308,hja2016_190,HJA-2016_soil_09,soil_enriched,3,7473.190038875502,2.901724209662045,472,4,0.00847457627118644,0.47
hja2016_110,76,hyporheic,3,150,303.5,570464.994202967,4896947.7883487,hja2016_190,HJA-2016_soil_09,soil_enriched,3,1652.200953596933,0.7243891692792588,472,3,0.006355932203389831,0.37
hja2016_111,160,planktonic,5,24,2569.5,566416.173010509,4897492.764281,hja2016_190,HJA-2016_soil_09,soil_enriched,3,4662.637301388792,2.221146209253384,472,7,0.014830508474576272,0.43
hja2016_114,WS1-5,planktonic,2,522,87.9,559517.477676657,4895016.87362342,hja2016_190,HJA-2016_soil_09,soil_enriched,3,11015.416271937751,3.4614521103176856,472,3,0.006355932203389831,0.29
hja2016_116,53,planktonic,3,78,280.7,568092.098996817,4898223.73199937,hja2016_190,HJA-2016_soil_09,soil_enriched,3,3808.7812784679686,1.929329442658485,472,5,0.01059322033898305,0.5
hja2016_119,56,planktonic,3,321,99.5,562839.3309741,4897811.75019367,hja2016_190,HJA-2016_soil_09,soil_enriched,3,8090.793557318609,3.0162812113155146,472,7,0.014830508474576272,0.61
hja2016_121,84,hyporheic,4,112,622.7,566447.171641521,4900685.6232752,hja2016_190,HJA-2016_soil_09,soil_enriched,3,6760.40235881473,2.757109113932324,472,1,0.00211864406779661,0.1
hja2016_122,45,sediment,3,390,193.2,565977.192397151,4897892.74661664,hja2016_190,HJA-2016_soil_09,soil_enriched,3,5240.299131461351,2.389649167327308,472,23,0.048728813559322036,2.06
hja2016_125,56,sediment,3,321,99.5,562839.3309741,4897811.75019367,hja2016_190,HJA-2016_soil_09,soil_enriched,3,8090.793557318609,3.0162812113155146,472,28,0.059322033898305086,2.51
hja2016_164,260,sediment,4,23,866.1,566425.172613061,4897456.76587079,hja2016_190,HJA-2016_soil_09,soil_enriched,3,4637.826032708156,2.2134487047496796,472,31,0.06567796610169492,3.67
hja2016_166,57,sediment,4,131,1488.8,563668.294364702,4898599.71539487,hja2016_190,HJA-2016_soil_09,soil_enriched,3,7614.648228569735,2.9287773905378898,472,8,0.01694915254237288,1.01
hja2016_167,WS3-1,sediment,2,511,96.4,560508.433913191,4896516.80738205,hja2016_190,HJA-2016_soil_09,soil_enriched,3,10094.889231265372,3.3355531753060417,472,133,0.2817796610169492,12.43
hja2016_169,WS3-2,sediment,2,511,95.7,560554.431881789,4896487.80866272,hja2016_190,HJA-2016_soil_09,soil_enriched,3,10045.750750843794,3.3285134801677616,472,134,0.2838983050847458,12.4
hja2016_170,WS3-3,sediment,2,511,93.4,560639.428128111,4896408.81215143,hja2016_190,HJA-2016_soil_09,soil_enriched,3,9952.223348983513,3.315018862966021,472,24,0.05084745762711865,2.41
hja2016_177,WS1-3,sediment,2,522,92.1,559404.482666841,4895069.8712829,hja2016_190,HJA-2016_soil_09,soil_enriched,3,11127.167970767903,3.476014547007734,472,52,0.11016949152542373,4.49
hja2016_179,WS1-5,sediment,2,522,87.9,559517.477676657,4895016.87362342,hja2016_190,HJA-2016_soil_09,soil_enriched,3,11015.416271937751,3.4614521103176856,472,30,0.0635593220338983,2.93
hja2016_180,WS1-6,sediment,2,522,82.7,559631.472642313,4894993.87463913,hja2016_190,HJA-2016_soil_09,soil_enriched,3,10902.073410267192,3.4465306348659106,472,6,0.012711864406779662,1.13
hja2016_181,177,sediment,1,452,14.8,565808.199860345,4901620.58198475,hja2016_190,HJA-2016_soil_09,soil_enriched,3,7891.693500778309,2.980334925461637,472,19,0.04025423728813559,2.21
hja2016_001,50,planktonic,5,41,4956.4,563054.321479503,4898132.73601802,hja2016_191,HJA-2016_soil_10,soil_detected,3,7608.10520377801,2.927537195714701,687,4,0.005822416302765648,1.47
hja2016_008,WS3-1,hyporheic,2,511,96.4,560508.433913191,4896516.80738205,hja2016_191,HJA-2016_soil_10,soil_detected,3,10607.207692616097,3.406973017096144,687,12,0.017467248908296942,2.35
hja2016_009,60,hyporheic,2,316,43.1,567391.129953618,4898693.71124374,hja2016_191,HJA-2016_soil_10,soil_detected,3,4541.585714625101,2.1831961087934353,687,20,0.02911208151382824,7.19
hja2016_010,164,planktonic,3,502,60.8,560307.442789535,4895737.8417834,hja2016_191,HJA-2016_soil_10,soil_detected,3,11251.394621212547,3.492031930854708,687,4,0.005822416302765648,1.82
hja2016_011,WS1-6,planktonic,2,522,82.7,559631.472642313,4894993.87463913,hja2016_191,HJA-2016_soil_10,soil_detected,3,12248.13346409912,3.6144900035222913,687,20,0.02911208151382824,2.11
hja2016_013,WS1-4,planktonic,2,522,89.8,559453.480502956,4895042.87247524,hja2016_191,HJA-2016_soil_10,soil_detected,3,12352.30187753053,3.626708011017134,687,20,0.02911208151382824,4.02
hja2016_014,WS1-6,hyporheic,2,522,82.7,559631.472642313,4894993.87463913,hja2016_191,HJA-2016_soil_10,soil_detected,3,12248.13346409912,3.6144900035222913,687,12,0.017467248908296942,4.8
hja2016_015,47,hyporheic,4,134,1550.1,563254.31264732,4898130.73610634,hja2016_191,HJA-2016_soil_10,soil_detected,3,7456.055798045585,2.898412656567092,687,5,0.00727802037845706,1.49
hja2016_016,74,hyporheic,2,373,70,565310.221852481,4897724.75403567,hja2016_191,HJA-2016_soil_10,soil_detected,3,6370.024803814588,2.6712989901064788,687,3,0.004366812227074236,0.39
hja2016_018,WS1-5,hyporheic,2,522,87.9,559517.477676657,4895016.87362342,hja2016_191,HJA-2016_soil_10,soil_detected,3,12320.037844117269,3.6229347825302787,687,16,0.023289665211062592,1.72
hja2016_019,155,hyporheic,2,345,81.2,565811.199727862,4897652.75721525,hja2016_191,HJA-2016_soil_10,soil_detected,3,6161.347224576549,2.6232458414567015,687,21,0.03056768558951965,3.85
hja2016_020,WS1-2,hyporheic,2,522,93.6,559354.484874886,4895103.86978142,hja2016_191,HJA-2016_soil_10,soil_detected,3,12389.604183057578,3.63105819259497,687,22,0.03202328966521106,2.84
hja2016_021,156,hyporheic,5,24,2575.9,566141.185154761,4897558.76136638,hja2016_191,HJA-2016_soil_10,soil_detected,3,6084.503380435244,2.605139514406252,687,5,0.00727802037845706,1.27
hja2016_027,WS3-6,planktonic,2,510,78.4,560819.420179147,4896235.81979127,hja2016_191,HJA-2016_soil_10,soil_detected,3,10539.25382754138,3.3977008235880564,687,7,0.010189228529839884,1.23
hja2016_065,68,hyporheic,5,30,3032.2,565145.229139031,4897899.74630751,hja2016_191,HJA-2016_soil_10,soil_detected,3,6324.126517014101,2.66086622975243,687,24,0.034934497816593885,4.41
hja2016_066,49,hyporheic,5,40,3399.1,563281.311454976,4898046.73981585,hja2016_191,HJA-2016_soil_10,soil_detected,3,7490.431877283785,2.905048902829966,687,24,0.034934497816593885,2.82
hja2016_070,56,hyporheic,3,321,99.5,562839.3309741,4897811.75019367,hja2016_191,HJA-2016_soil_10,soil_detected,3,7978.84752273846,2.9961803763594324,687,14,0.020378457059679767,2.76
hja2016_071,164,hyporheic,3,502,60.8,560307.442789535,4895737.8417834,hja2016_191,HJA-2016_soil_10,soil_detected,3,11251.394621212547,3.492031930854708,687,24,0.034934497816593885,2.21
hja2016_075,260,hyporheic,4,23,866.1,566425.172613061,4897456.76587079,hja2016_191,HJA-2016_soil_10,soil_detected,3,6052.433427544388,2.5975153056938893,687,12,0.017467248908296942,1.92
hja2016_078,CC-1,hyporheic,2,183,64,569956.016680872,4897740.75332909,hja2016_191,HJA-2016_soil_10,soil_detected,3,5326.107003601732,2.413081413155146,687,15,0.021834061135371178,2.59
hja2016_079,64,hyporheic,2,163,33.5,570527.99142083,4895508.85189625,hja2016_191,HJA-2016_soil_10,soil_detected,3,7627.53390664776,2.93121668802502,687,23,0.033478893740902474,3.85
hja2016_084,177,hyporheic,1,452,14.8,565808.199860345,4901620.58198475,hja2016_191,HJA-2016_soil_10,soil_detected,3,3398.9830560215537,1.7651031700423954,687,17,0.024745269286754003,4.47
hja2016_127,60,sediment,2,316,43.1,567391.129953618,4898693.71124374,hja2016_191,HJA-2016_soil_10,soil_detected,3,4541.585714625101,2.1831961087934353,687,40,0.05822416302765648,5.45
hja2016_129,72,sediment,4,16,568.3,566542.167446234,4896499.80813279,hja2016_191,HJA-2016_soil_10,soil_detected,3,6893.5838856801765,2.7852542165781307,687,55,0.08005822416302766,8.97
hja2016_131,74,sediment,2,373,70,565310.221852481,4897724.75403567,hja2016_191,HJA-2016_soil_10,soil_detected,3,6370.024803814588,2.6712989901064788,687,59,0.0858806404657933,8.86
hja2016_132,84,sediment,4,112,622.7,566447.171641521,4900685.6232752,hja2016_191,HJA-2016_soil_10,soil_detected,3,3371.1532552777685,1.7532422148639346,687,48,0.06986899563318777,7.09
hja2016_133,161,sediment,5,51,5699.1,561109.407372482,4897170.77850081,hja2016_191,HJA-2016_soil_10,soil_detected,3,9733.65480896199,3.2829816122752256,687,81,0.11790393013100436,10.64
hja2016_135,169,sediment,2,144,53.5,568641.074752475,4902527.5419308,hja2016_191,HJA-2016_soil_10,soil_detected,3,525.4167260620284,-0.9284659670792126,687,45,0.06550218340611354,8.04
hja2016_136,190,sediment,1,546,14.2,564169.272240084,4897881.7471024,hja2016_191,HJA-2016_soil_10,soil_detected,3,6965.3224658409845,2.800190145231495,687,58,0.08442503639010189,7.89
hja2016_139,CC-2,sediment,2,183,63.6,569992.01509108,4897760.75244588,hja2016_191,HJA-2016_soil_10,soil_detected,3,5313.5678897824055,2.4096809096847296,687,63,0.09170305676855896,8.99
hja2016_140,CC-3,sediment,2,183,63,570038.013059678,4897795.75090024,hja2016_191,HJA-2016_soil_10,soil_detected,3,5288.733841673948,2.4029223728156177,687,45,0.06550218340611354,6.8
hja2016_141,CC-4,sediment,2,183,58.5,570162.007583724,4897831.74931045,hja2016_191,HJA-2016_soil_10,soil_detected,3,5281.10308028242,2.4008393012201648,687,54,0.07860262008733625,8.33
hja2016_142,KC-1,sediment,3,362,114.7,562012.367495176,4896802.79475203,hja2016_191,HJA-2016_soil_10,soil_detected,3,9264.918367019454,3.211778264756044,687,43,0.06259097525473072,7.24
hja2016_144,KC-3,sediment,3,362,114,562000.368025107,4896680.80013966,hja2016_191,HJA-2016_soil_10,soil_detected,3,9355.411211095503,3.225801067594337,687,47,0.06841339155749636,8.01
hja2016_145,155,sediment,2,345,81.2,565811.199727862,4897652.75721525,hja2016_191,HJA-2016_soil_10,soil_detected,3,6161.347224576549,2.6232458414567015,687,62,0.09024745269286755,8.58
hja2016_146,156,sediment,5,24,2575.9,566141.185154761,4897558.76136638,hja2016_191,HJA-2016_soil_10,soil_detected,3,6084.503380435244,2.605139514406252,687,44,0.06404657933042213,6.19
hja2016_147,163,sediment,5,63,6126.6,559726.468447026,4896111.82526722,hja2016_191,HJA-2016_soil_10,soil_detected,3,11475.284274349297,3.5204579884928098,687,85,0.12372634643377002,10.71
hja2016_148,165,sediment,2,494,27.9,564789.244860317,4900155.64668049,hja2016_191,HJA-2016_soil_10,soil_detected,3,5004.226033328847,2.323146955330638,687,68,0.09898107714701601,9.13
hja2016_150,53,sediment,3,78,280.7,568092.098996817,4898223.73199937,hja2016_191,HJA-2016_soil_10,soil_detected,3,4816.499238111749,2.267984937575042,687,45,0.06550218340611354,6.04
hja2016_151,64,sediment,2,163,33.5,570527.99142083,4895508.85189625,hja2016_191,HJA-2016_soil_10,soil_detected,3,7627.53390664776,2.93121668802502,687,76,0.11062590975254731,9.7
hja2016_152,66,sediment,4,79,1360.7,567970.104384448,4898153.73509064,hja2016_191,HJA-2016_soil_10,soil_detected,3,4907.820415710128,2.295082459655969,687,31,0.04512372634643377,4.87
hja2016_155,82,sediment,2,536,36.6,564452.259742545,4899854.65997292,hja2016_191,HJA-2016_soil_10,soil_detected,3,5452.424591535673,2.446897912152623,687,72,0.10480349344978165,9.46
hja2016_157,43,sediment,1,538,7.8,567346.131940859,4898257.7304979,hja2016_191,HJA-2016_soil_10,soil_detected,3,4968.159568711401,2.312711511177481,687,40,0.05822416302765648,5.62
hja2016_159,49,sediment,5,40,3399.1,563281.311454976,4898046.73981585,hja2016_191,HJA-2016_soil_10,soil_detected,3,7490.431877283785,2.905048902829966,687,44,0.06404657933042213,7.94
hja2016_160,50,sediment,5,41,4956.4,563054.321479503,4898132.73601802,hja2016_191,HJA-2016_soil_10,soil_detected,3,7608.10520377801,2.927537195714701,687,27,0.039301310043668124,3.17
hja2016_031,161,hyporheic,5,51,5699.1,561109.407372482,4897170.77850081,hja2016_191,HJA-2016_soil_10,soil_detected,3,9733.65480896199,3.2829816122752256,687,4,0.005822416302765648,1.74
hja2016_032,54,hyporheic,3,363,207.7,561802.376768968,4897363.76997776,hja2016_191,HJA-2016_soil_10,soil_detected,3,9065.680689283756,3.1804153476236845,687,10,0.01455604075691412,3.49
hja2016_035,192,hyporheic,2,542,28.5,564620.252323511,4897836.74908965,hja2016_191,HJA-2016_soil_10,soil_detected,3,6699.667093865044,2.744089409904383,687,9,0.013100436681222707,2.68
hja2016_037,43,hyporheic,1,538,7.8,567346.131940859,4898257.7304979,hja2016_191,HJA-2016_soil_10,soil_detected,3,4968.159568711401,2.312711511177481,687,11,0.01601164483260553,3.5
hja2016_042,165,planktonic,2,494,27.9,564789.244860317,4900155.64668049,hja2016_191,HJA-2016_soil_10,soil_detected,3,5004.226033328847,2.323146955330638,687,4,0.005822416302765648,0.81
hja2016_043,KC-2,hyporheic,3,362,114.2,561999.368069268,4896735.79771081,hja2016_191,HJA-2016_soil_10,soil_detected,3,9319.289521980052,3.220219971812301,687,13,0.018922852983988356,3.8
hja2016_049,67,planktonic,4,83,1558.1,567119.141965387,4897968.74326041,hja2016_191,HJA-2016_soil_10,soil_detected,3,5315.836064430058,2.410296613891626,687,1,0.001455604075691412,2.71
hja2016_050,165,hyporheic,2,494,27.9,564789.244860317,4900155.64668049,hja2016_191,HJA-2016_soil_10,soil_detected,3,5004.226033328847,2.323146955330638,687,13,0.018922852983988356,1.43
hja2016_052,163,hyporheic,5,63,6126.6,559726.468447026,4896111.82526722,hja2016_191,HJA-2016_soil_10,soil_detected,3,11475.284274349297,3.5204579884928098,687,22,0.03202328966521106,3
hja2016_056,KC-1,hyporheic,3,362,114.7,562012.367495176,4896802.79475203,hja2016_191,HJA-2016_soil_10,soil_detected,3,9264.918367019454,3.211778264756044,687,18,0.026200873362445413,2.79
hja2016_057,71,hyporheic,3,556,101.7,562662.338790582,4897988.74237719,hja2016_191,HJA-2016_soil_10,soil_detected,3,8003.468657978869,3.000625391388575,687,7,0.010189228529839884,1.29
hja2016_059,KC-2,planktonic,3,362,114.2,561999.368069268,4896735.79771081,hja2016_191,HJA-2016_soil_10,soil_detected,3,9319.289521980052,3.220219971812301,687,15,0.021834061135371178,3.2
hja2016_062,WS3-3,hyporheic,2,511,93.4,560639.428128111,4896408.81215143,hja2016_191,HJA-2016_soil_10,soil_detected,3,10570.180226657185,3.4019280704620622,687,21,0.03056768558951965,2.27
hja2016_064,WS3-4,planktonic,2,510,81.3,560692.425787583,4896348.81480109,hja2016_191,HJA-2016_soil_10,soil_detected,3,10566.143356680146,3.4013769838604175,687,8,0.011644832605531296,2.31
hja2016_099,162,planktonic,5,66,6208.4,559348.485139852,4895468.85366269,hja2016_191,HJA-2016_soil_10,soil_detected,3,12165.96264212503,3.6047785741504312,687,12,0.017467248908296942,0.8
hja2016_100,64,planktonic,2,163,33.5,570527.99142083,4895508.85189625,hja2016_191,HJA-2016_soil_10,soil_detected,3,7627.53390664776,2.93121668802502,687,7,0.010189228529839884,0.73
hja2016_101,58,planktonic,3,385,67.2,566998.147308857,4898497.71989928,hja2016_191,HJA-2016_soil_10,soil_detected,3,4868.543954014098,2.283490366884232,687,5,0.00727802037845706,0.66
hja2016_102,73,hyporheic,2,255,137,566310.177691566,4896786.79545861,hja2016_191,HJA-2016_soil_10,soil_detected,3,6712.17025128801,2.746779309575987,687,11,0.01601164483260553,1.21
hja2016_103,260,planktonic,4,23,866.1,566425.172613061,4897456.76587079,hja2016_191,HJA-2016_soil_10,soil_detected,3,6052.433427544388,2.5975153056938893,687,14,0.020378457059679767,2.26
hja2016_105,178,planktonic,2,411,19.9,566185.18321168,4901793.57434491,hja2016_191,HJA-2016_soil_10,soil_detected,3,2984.3270113852086,1.577405629378336,687,13,0.018922852983988356,1.16
hja2016_106,170,planktonic,2,229,49.4,570659.985591589,4896908.79007097,hja2016_191,HJA-2016_soil_10,soil_detected,3,6300.546043667716,2.655476866763962,687,3,0.004366812227074236,0.29
hja2016_107,57,hyporheic,4,131,1488.8,563668.294364702,4898599.71539487,hja2016_191,HJA-2016_soil_10,soil_detected,3,6837.350786204187,2.7734374438317477,687,10,0.01455604075691412,0.99
hja2016_109,169,planktonic,2,144,53.5,568641.074752475,4902527.5419308,hja2016_191,HJA-2016_soil_10,soil_detected,3,525.4167260620284,-0.9284659670792126,687,10,0.01455604075691412,1.18
hja2016_110,76,hyporheic,3,150,303.5,570464.994202967,4896947.7883487,hja2016_191,HJA-2016_soil_10,soil_detected,3,6211.997884291831,2.635057338366199,687,5,0.00727802037845706,0.86
hja2016_111,160,planktonic,5,24,2569.5,566416.173010509,4897492.764281,hja2016_191,HJA-2016_soil_10,soil_detected,3,6023.42779234303,2.590584724797549,687,12,0.017467248908296942,1.17
hja2016_114,WS1-5,planktonic,2,522,87.9,559517.477676657,4895016.87362342,hja2016_191,HJA-2016_soil_10,soil_detected,3,12320.037844117269,3.6229347825302787,687,9,0.013100436681222707,0.84
hja2016_116,53,planktonic,3,78,280.7,568092.098996817,4898223.73199937,hja2016_191,HJA-2016_soil_10,soil_detected,3,4816.499238111749,2.267984937575042,687,9,0.013100436681222707,1.08
hja2016_119,56,planktonic,3,321,99.5,562839.3309741,4897811.75019367,hja2016_191,HJA-2016_soil_10,soil_detected,3,7978.84752273846,2.9961803763594324,687,13,0.018922852983988356,2.02
hja2016_121,84,hyporheic,4,112,622.7,566447.171641521,4900685.6232752,hja2016_191,HJA-2016_soil_10,soil_detected,3,3371.1532552777685,1.7532422148639346,687,2,0.002911208151382824,0.18
hja2016_122,45,sediment,3,390,193.2,565977.192397151,4897892.74661664,hja2016_191,HJA-2016_soil_10,soil_detected,3,5870.3949112977925,2.553457559111634,687,43,0.06259097525473072,7.98
hja2016_125,56,sediment,3,321,99.5,562839.3309741,4897811.75019367,hja2016_191,HJA-2016_soil_10,soil_detected,3,7978.84752273846,2.9961803763594324,687,50,0.07278020378457059,8.41
hja2016_164,260,sediment,4,23,866.1,566425.172613061,4897456.76587079,hja2016_191,HJA-2016_soil_10,soil_detected,3,6052.433427544388,2.5975153056938893,687,50,0.07278020378457059,8.23
hja2016_166,57,sediment,4,131,1488.8,563668.294364702,4898599.71539487,hja2016_191,HJA-2016_soil_10,soil_detected,3,6837.350786204187,2.7734374438317477,687,27,0.039301310043668124,3.37
hja2016_167,WS3-1,sediment,2,511,96.4,560508.433913191,4896516.80738205,hja2016_191,HJA-2016_soil_10,soil_detected,3,10607.207692616097,3.406973017096144,687,82,0.11935953420669577,11.3
hja2016_169,WS3-2,sediment,2,511,95.7,560554.431881789,4896487.80866272,hja2016_191,HJA-2016_soil_10,soil_detected,3,10588.447940875047,3.4044192288727255,687,76,0.11062590975254731,10.13
hja2016_170,WS3-3,sediment,2,511,93.4,560639.428128111,4896408.81215143,hja2016_191,HJA-2016_soil_10,soil_detected,3,10570.180226657185,3.4019280704620622,687,50,0.07278020378457059,6.02
hja2016_177,WS1-3,sediment,2,522,92.1,559404.482666841,4895069.8712829,hja2016_191,HJA-2016_soil_10,soil_detected,3,12372.679046857904,3.6290860146954267,687,48,0.06986899563318777,7.35
hja2016_179,WS1-5,sediment,2,522,87.9,559517.477676657,4895016.87362342,hja2016_191,HJA-2016_soil_10,soil_detected,3,12320.037844117269,3.6229347825302787,687,41,0.05967976710334789,6.6
hja2016_180,WS1-6,sediment,2,522,82.7,559631.472642313,4894993.87463913,hja2016_191,HJA-2016_soil_10,soil_detected,3,12248.13346409912,3.6144900035222913,687,25,0.036390101892285295,3.37
hja2016_181,177,sediment,1,452,14.8,565808.199860345,4901620.58198475,hja2016_191,HJA-2016_soil_10,soil_detected,3,3398.9830560215537,1.7651031700423954,687,52,0.07569141193595343,6.17
hja2016_001,50,planktonic,5,41,4956.4,563054.321479503,4898132.73601802,hja2016_191,HJA-2016_soil_10,soil_enriched,3,7608.10520377801,2.927537195714701,515,0,0,0
hja2016_008,WS3-1,hyporheic,2,511,96.4,560508.433913191,4896516.80738205,hja2016_191,HJA-2016_soil_10,soil_enriched,3,10607.207692616097,3.406973017096144,515,0,0,0
hja2016_009,60,hyporheic,2,316,43.1,567391.129953618,4898693.71124374,hja2016_191,HJA-2016_soil_10,soil_enriched,3,4541.585714625101,2.1831961087934353,515,5,0.009708737864077669,0.66
hja2016_010,164,planktonic,3,502,60.8,560307.442789535,4895737.8417834,hja2016_191,HJA-2016_soil_10,soil_enriched,3,11251.394621212547,3.492031930854708,515,0,0,0
hja2016_011,WS1-6,planktonic,2,522,82.7,559631.472642313,4894993.87463913,hja2016_191,HJA-2016_soil_10,soil_enriched,3,12248.13346409912,3.6144900035222913,515,6,0.011650485436893204,0.62
hja2016_013,WS1-4,planktonic,2,522,89.8,559453.480502956,4895042.87247524,hja2016_191,HJA-2016_soil_10,soil_enriched,3,12352.30187753053,3.626708011017134,515,6,0.011650485436893204,0.76
hja2016_014,WS1-6,hyporheic,2,522,82.7,559631.472642313,4894993.87463913,hja2016_191,HJA-2016_soil_10,soil_enriched,3,12248.13346409912,3.6144900035222913,515,2,0.003883495145631068,0.41
hja2016_015,47,hyporheic,4,134,1550.1,563254.31264732,4898130.73610634,hja2016_191,HJA-2016_soil_10,soil_enriched,3,7456.055798045585,2.898412656567092,515,1,0.001941747572815534,0.47
hja2016_016,74,hyporheic,2,373,70,565310.221852481,4897724.75403567,hja2016_191,HJA-2016_soil_10,soil_enriched,3,6370.024803814588,2.6712989901064788,515,1,0.001941747572815534,0.05
hja2016_018,WS1-5,hyporheic,2,522,87.9,559517.477676657,4895016.87362342,hja2016_191,HJA-2016_soil_10,soil_enriched,3,12320.037844117269,3.6229347825302787,515,4,0.007766990291262136,0.27
hja2016_019,155,hyporheic,2,345,81.2,565811.199727862,4897652.75721525,hja2016_191,HJA-2016_soil_10,soil_enriched,3,6161.347224576549,2.6232458414567015,515,6,0.011650485436893204,1.5
hja2016_020,WS1-2,hyporheic,2,522,93.6,559354.484874886,4895103.86978142,hja2016_191,HJA-2016_soil_10,soil_enriched,3,12389.604183057578,3.63105819259497,515,6,0.011650485436893204,0.6
hja2016_021,156,hyporheic,5,24,2575.9,566141.185154761,4897558.76136638,hja2016_191,HJA-2016_soil_10,soil_enriched,3,6084.503380435244,2.605139514406252,515,2,0.003883495145631068,0.45
hja2016_027,WS3-6,planktonic,2,510,78.4,560819.420179147,4896235.81979127,hja2016_191,HJA-2016_soil_10,soil_enriched,3,10539.25382754138,3.3977008235880564,515,4,0.007766990291262136,0.6
hja2016_065,68,hyporheic,5,30,3032.2,565145.229139031,4897899.74630751,hja2016_191,HJA-2016_soil_10,soil_enriched,3,6324.126517014101,2.66086622975243,515,8,0.015533980582524271,0.94
hja2016_066,49,hyporheic,5,40,3399.1,563281.311454976,4898046.73981585,hja2016_191,HJA-2016_soil_10,soil_enriched,3,7490.431877283785,2.905048902829966,515,8,0.015533980582524271,0.71
hja2016_070,56,hyporheic,3,321,99.5,562839.3309741,4897811.75019367,hja2016_191,HJA-2016_soil_10,soil_enriched,3,7978.84752273846,2.9961803763594324,515,5,0.009708737864077669,0.83
hja2016_071,164,hyporheic,3,502,60.8,560307.442789535,4895737.8417834,hja2016_191,HJA-2016_soil_10,soil_enriched,3,11251.394621212547,3.492031930854708,515,6,0.011650485436893204,0.69
hja2016_075,260,hyporheic,4,23,866.1,566425.172613061,4897456.76587079,hja2016_191,HJA-2016_soil_10,soil_enriched,3,6052.433427544388,2.5975153056938893,515,2,0.003883495145631068,0.47
hja2016_078,CC-1,hyporheic,2,183,64,569956.016680872,4897740.75332909,hja2016_191,HJA-2016_soil_10,soil_enriched,3,5326.107003601732,2.413081413155146,515,5,0.009708737864077669,0.83
hja2016_079,64,hyporheic,2,163,33.5,570527.99142083,4895508.85189625,hja2016_191,HJA-2016_soil_10,soil_enriched,3,7627.53390664776,2.93121668802502,515,9,0.017475728155339806,0.83
hja2016_084,177,hyporheic,1,452,14.8,565808.199860345,4901620.58198475,hja2016_191,HJA-2016_soil_10,soil_enriched,3,3398.9830560215537,1.7651031700423954,515,5,0.009708737864077669,0.77
hja2016_127,60,sediment,2,316,43.1,567391.129953618,4898693.71124374,hja2016_191,HJA-2016_soil_10,soil_enriched,3,4541.585714625101,2.1831961087934353,515,8,0.015533980582524271,1.06
hja2016_129,72,sediment,4,16,568.3,566542.167446234,4896499.80813279,hja2016_191,HJA-2016_soil_10,soil_enriched,3,6893.5838856801765,2.7852542165781307,515,17,0.03300970873786408,2.65
hja2016_131,74,sediment,2,373,70,565310.221852481,4897724.75403567,hja2016_191,HJA-2016_soil_10,soil_enriched,3,6370.024803814588,2.6712989901064788,515,18,0.03495145631067961,2.59
hja2016_132,84,sediment,4,112,622.7,566447.171641521,4900685.6232752,hja2016_191,HJA-2016_soil_10,soil_enriched,3,3371.1532552777685,1.7532422148639346,515,18,0.03495145631067961,1.86
hja2016_133,161,sediment,5,51,5699.1,561109.407372482,4897170.77850081,hja2016_191,HJA-2016_soil_10,soil_enriched,3,9733.65480896199,3.2829816122752256,515,47,0.0912621359223301,5.36
hja2016_135,169,sediment,2,144,53.5,568641.074752475,4902527.5419308,hja2016_191,HJA-2016_soil_10,soil_enriched,3,525.4167260620284,-0.9284659670792126,515,17,0.03300970873786408,2.16
hja2016_136,190,sediment,1,546,14.2,564169.272240084,4897881.7471024,hja2016_191,HJA-2016_soil_10,soil_enriched,3,6965.3224658409845,2.800190145231495,515,21,0.040776699029126215,1.95
hja2016_139,CC-2,sediment,2,183,63.6,569992.01509108,4897760.75244588,hja2016_191,HJA-2016_soil_10,soil_enriched,3,5313.5678897824055,2.4096809096847296,515,24,0.04660194174757282,2.21
hja2016_140,CC-3,sediment,2,183,63,570038.013059678,4897795.75090024,hja2016_191,HJA-2016_soil_10,soil_enriched,3,5288.733841673948,2.4029223728156177,515,17,0.03300970873786408,1.83
hja2016_141,CC-4,sediment,2,183,58.5,570162.007583724,4897831.74931045,hja2016_191,HJA-2016_soil_10,soil_enriched,3,5281.10308028242,2.4008393012201648,515,23,0.04466019417475728,2.05
hja2016_142,KC-1,sediment,3,362,114.7,562012.367495176,4896802.79475203,hja2016_191,HJA-2016_soil_10,soil_enriched,3,9264.918367019454,3.211778264756044,515,17,0.03300970873786408,1.5
hja2016_144,KC-3,sediment,3,362,114,562000.368025107,4896680.80013966,hja2016_191,HJA-2016_soil_10,soil_enriched,3,9355.411211095503,3.225801067594337,515,13,0.02524271844660194,1.58
hja2016_145,155,sediment,2,345,81.2,565811.199727862,4897652.75721525,hja2016_191,HJA-2016_soil_10,soil_enriched,3,6161.347224576549,2.6232458414567015,515,24,0.04660194174757282,2.43
hja2016_146,156,sediment,5,24,2575.9,566141.185154761,4897558.76136638,hja2016_191,HJA-2016_soil_10,soil_enriched,3,6084.503380435244,2.605139514406252,515,13,0.02524271844660194,1.38
hja2016_147,163,sediment,5,63,6126.6,559726.468447026,4896111.82526722,hja2016_191,HJA-2016_soil_10,soil_enriched,3,11475.284274349297,3.5204579884928098,515,49,0.09514563106796116,5.49
hja2016_148,165,sediment,2,494,27.9,564789.244860317,4900155.64668049,hja2016_191,HJA-2016_soil_10,soil_enriched,3,5004.226033328847,2.323146955330638,515,30,0.05825242718446602,2.18
hja2016_150,53,sediment,3,78,280.7,568092.098996817,4898223.73199937,hja2016_191,HJA-2016_soil_10,soil_enriched,3,4816.499238111749,2.267984937575042,515,11,0.021359223300970873,1.42
hja2016_151,64,sediment,2,163,33.5,570527.99142083,4895508.85189625,hja2016_191,HJA-2016_soil_10,soil_enriched,3,7627.53390664776,2.93121668802502,515,41,0.07961165048543689,4.73
hja2016_152,66,sediment,4,79,1360.7,567970.104384448,4898153.73509064,hja2016_191,HJA-2016_soil_10,soil_enriched,3,4907.820415710128,2.295082459655969,515,7,0.013592233009708738,0.75
hja2016_155,82,sediment,2,536,36.6,564452.259742545,4899854.65997292,hja2016_191,HJA-2016_soil_10,soil_enriched,3,5452.424591535673,2.446897912152623,515,29,0.05631067961165048,2.4
hja2016_157,43,sediment,1,538,7.8,567346.131940859,4898257.7304979,hja2016_191,HJA-2016_soil_10,soil_enriched,3,4968.159568711401,2.312711511177481,515,10,0.019417475728155338,1.11
hja2016_159,49,sediment,5,40,3399.1,563281.311454976,4898046.73981585,hja2016_191,HJA-2016_soil_10,soil_enriched,3,7490.431877283785,2.905048902829966,515,11,0.021359223300970873,1.15
hja2016_160,50,sediment,5,41,4956.4,563054.321479503,4898132.73601802,hja2016_191,HJA-2016_soil_10,soil_enriched,3,7608.10520377801,2.927537195714701,515,2,0.003883495145631068,0.56
hja2016_031,161,hyporheic,5,51,5699.1,561109.407372482,4897170.77850081,hja2016_191,HJA-2016_soil_10,soil_enriched,3,9733.65480896199,3.2829816122752256,515,1,0.001941747572815534,0.19
hja2016_032,54,hyporheic,3,363,207.7,561802.376768968,4897363.76997776,hja2016_191,HJA-2016_soil_10,soil_enriched,3,9065.680689283756,3.1804153476236845,515,4,0.007766990291262136,0.42
hja2016_035,192,hyporheic,2,542,28.5,564620.252323511,4897836.74908965,hja2016_191,HJA-2016_soil_10,soil_enriched,3,6699.667093865044,2.744089409904383,515,3,0.005825242718446602,0.51
hja2016_037,43,hyporheic,1,538,7.8,567346.131940859,4898257.7304979,hja2016_191,HJA-2016_soil_10,soil_enriched,3,4968.159568711401,2.312711511177481,515,0,0,0
hja2016_042,165,planktonic,2,494,27.9,564789.244860317,4900155.64668049,hja2016_191,HJA-2016_soil_10,soil_enriched,3,5004.226033328847,2.323146955330638,515,1,0.001941747572815534,0.07
hja2016_043,KC-2,hyporheic,3,362,114.2,561999.368069268,4896735.79771081,hja2016_191,HJA-2016_soil_10,soil_enriched,3,9319.289521980052,3.220219971812301,515,4,0.007766990291262136,1.02
hja2016_049,67,planktonic,4,83,1558.1,567119.141965387,4897968.74326041,hja2016_191,HJA-2016_soil_10,soil_enriched,3,5315.836064430058,2.410296613891626,515,0,0,0.03
hja2016_050,165,hyporheic,2,494,27.9,564789.244860317,4900155.64668049,hja2016_191,HJA-2016_soil_10,soil_enriched,3,5004.226033328847,2.323146955330638,515,5,0.009708737864077669,0.42
hja2016_052,163,hyporheic,5,63,6126.6,559726.468447026,4896111.82526722,hja2016_191,HJA-2016_soil_10,soil_enriched,3,11475.284274349297,3.5204579884928098,515,7,0.013592233009708738,0.5
hja2016_056,KC-1,hyporheic,3,362,114.7,562012.367495176,4896802.79475203,hja2016_191,HJA-2016_soil_10,soil_enriched,3,9264.918367019454,3.211778264756044,515,3,0.005825242718446602,0.42
hja2016_057,71,hyporheic,3,556,101.7,562662.338790582,4897988.74237719,hja2016_191,HJA-2016_soil_10,soil_enriched,3,8003.468657978869,3.000625391388575,515,2,0.003883495145631068,0.62
hja2016_059,KC-2,planktonic,3,362,114.2,561999.368069268,4896735.79771081,hja2016_191,HJA-2016_soil_10,soil_enriched,3,9319.289521980052,3.220219971812301,515,5,0.009708737864077669,1.3
hja2016_062,WS3-3,hyporheic,2,511,93.4,560639.428128111,4896408.81215143,hja2016_191,HJA-2016_soil_10,soil_enriched,3,10570.180226657185,3.4019280704620622,515,8,0.015533980582524271,0.66
hja2016_064,WS3-4,planktonic,2,510,81.3,560692.425787583,4896348.81480109,hja2016_191,HJA-2016_soil_10,soil_enriched,3,10566.143356680146,3.4013769838604175,515,3,0.005825242718446602,0.74
hja2016_099,162,planktonic,5,66,6208.4,559348.485139852,4895468.85366269,hja2016_191,HJA-2016_soil_10,soil_enriched,3,12165.96264212503,3.6047785741504312,515,2,0.003883495145631068,0.18
hja2016_100,64,planktonic,2,163,33.5,570527.99142083,4895508.85189625,hja2016_191,HJA-2016_soil_10,soil_enriched,3,7627.53390664776,2.93121668802502,515,2,0.003883495145631068,0.11
hja2016_101,58,planktonic,3,385,67.2,566998.147308857,4898497.71989928,hja2016_191,HJA-2016_soil_10,soil_enriched,3,4868.543954014098,2.283490366884232,515,1,0.001941747572815534,0.17
hja2016_102,73,hyporheic,2,255,137,566310.177691566,4896786.79545861,hja2016_191,HJA-2016_soil_10,soil_enriched,3,6712.17025128801,2.746779309575987,515,2,0.003883495145631068,0.19
hja2016_103,260,planktonic,4,23,866.1,566425.172613061,4897456.76587079,hja2016_191,HJA-2016_soil_10,soil_enriched,3,6052.433427544388,2.5975153056938893,515,2,0.003883495145631068,0.34
hja2016_105,178,planktonic,2,411,19.9,566185.18321168,4901793.57434491,hja2016_191,HJA-2016_soil_10,soil_enriched,3,2984.3270113852086,1.577405629378336,515,3,0.005825242718446602,0.31
hja2016_106,170,planktonic,2,229,49.4,570659.985591589,4896908.79007097,hja2016_191,HJA-2016_soil_10,soil_enriched,3,6300.546043667716,2.655476866763962,515,1,0.001941747572815534,0.06
hja2016_107,57,hyporheic,4,131,1488.8,563668.294364702,4898599.71539487,hja2016_191,HJA-2016_soil_10,soil_enriched,3,6837.350786204187,2.7734374438317477,515,2,0.003883495145631068,0.27
hja2016_109,169,planktonic,2,144,53.5,568641.074752475,4902527.5419308,hja2016_191,HJA-2016_soil_10,soil_enriched,3,525.4167260620284,-0.9284659670792126,515,2,0.003883495145631068,0.37
hja2016_110,76,hyporheic,3,150,303.5,570464.994202967,4896947.7883487,hja2016_191,HJA-2016_soil_10,soil_enriched,3,6211.997884291831,2.635057338366199,515,1,0.001941747572815534,0.22
hja2016_111,160,planktonic,5,24,2569.5,566416.173010509,4897492.764281,hja2016_191,HJA-2016_soil_10,soil_enriched,3,6023.42779234303,2.590584724797549,515,2,0.003883495145631068,0.19
hja2016_114,WS1-5,planktonic,2,522,87.9,559517.477676657,4895016.87362342,hja2016_191,HJA-2016_soil_10,soil_enriched,3,12320.037844117269,3.6229347825302787,515,1,0.001941747572815534,0.19
hja2016_116,53,planktonic,3,78,280.7,568092.098996817,4898223.73199937,hja2016_191,HJA-2016_soil_10,soil_enriched,3,4816.499238111749,2.267984937575042,515,2,0.003883495145631068,0.29
hja2016_119,56,planktonic,3,321,99.5,562839.3309741,4897811.75019367,hja2016_191,HJA-2016_soil_10,soil_enriched,3,7978.84752273846,2.9961803763594324,515,3,0.005825242718446602,0.32
hja2016_121,84,hyporheic,4,112,622.7,566447.171641521,4900685.6232752,hja2016_191,HJA-2016_soil_10,soil_enriched,3,3371.1532552777685,1.7532422148639346,515,1,0.001941747572815534,0.06
hja2016_122,45,sediment,3,390,193.2,565977.192397151,4897892.74661664,hja2016_191,HJA-2016_soil_10,soil_enriched,3,5870.3949112977925,2.553457559111634,515,12,0.02330097087378641,1.12
hja2016_125,56,sediment,3,321,99.5,562839.3309741,4897811.75019367,hja2016_191,HJA-2016_soil_10,soil_enriched,3,7978.84752273846,2.9961803763594324,515,16,0.031067961165048542,1.37
hja2016_164,260,sediment,4,23,866.1,566425.172613061,4897456.76587079,hja2016_191,HJA-2016_soil_10,soil_enriched,3,6052.433427544388,2.5975153056938893,515,17,0.03300970873786408,2.13
hja2016_166,57,sediment,4,131,1488.8,563668.294364702,4898599.71539487,hja2016_191,HJA-2016_soil_10,soil_enriched,3,6837.350786204187,2.7734374438317477,515,6,0.011650485436893204,0.6
hja2016_167,WS3-1,sediment,2,511,96.4,560508.433913191,4896516.80738205,hja2016_191,HJA-2016_soil_10,soil_enriched,3,10607.207692616097,3.406973017096144,515,41,0.07961165048543689,5.28
hja2016_169,WS3-2,sediment,2,511,95.7,560554.431881789,4896487.80866272,hja2016_191,HJA-2016_soil_10,soil_enriched,3,10588.447940875047,3.4044192288727255,515,44,0.0854368932038835,4.97
hja2016_170,WS3-3,sediment,2,511,93.4,560639.428128111,4896408.81215143,hja2016_191,HJA-2016_soil_10,soil_enriched,3,10570.180226657185,3.4019280704620622,515,17,0.03300970873786408,1.36
hja2016_177,WS1-3,sediment,2,522,92.1,559404.482666841,4895069.8712829,hja2016_191,HJA-2016_soil_10,soil_enriched,3,12372.679046857904,3.6290860146954267,515,18,0.03495145631067961,1.98
hja2016_179,WS1-5,sediment,2,522,87.9,559517.477676657,4895016.87362342,hja2016_191,HJA-2016_soil_10,soil_enriched,3,12320.037844117269,3.6229347825302787,515,9,0.017475728155339806,1.39
hja2016_180,WS1-6,sediment,2,522,82.7,559631.472642313,4894993.87463913,hja2016_191,HJA-2016_soil_10,soil_enriched,3,12248.13346409912,3.6144900035222913,515,3,0.005825242718446602,0.75
hja2016_181,177,sediment,1,452,14.8,565808.199860345,4901620.58198475,hja2016_191,HJA-2016_soil_10,soil_enriched,3,3398.9830560215537,1.7651031700423954,515,18,0.03495145631067961,1.22
hja2016_001,50,planktonic,5,41,4956.4,563054.321479503,4898132.73601802,hja2016_193,HJA-2016_soil_12,soil_detected,3,4849.873830215744,2.277947215982296,761,12,0.01576872536136662,3.67
hja2016_008,WS3-1,hyporheic,2,511,96.4,560508.433913191,4896516.80738205,hja2016_193,HJA-2016_soil_12,soil_detected,3,7848.514822724774,2.9724196781310184,761,24,0.03153745072273324,3.36
hja2016_009,60,hyporheic,2,316,43.1,567391.129953618,4898693.71124374,hja2016_193,HJA-2016_soil_12,soil_detected,3,1467.6231152746443,0.5534815325319339,761,19,0.024967148488830485,5.1
hja2016_010,164,planktonic,3,502,60.8,560307.442789535,4895737.8417834,hja2016_193,HJA-2016_soil_12,soil_detected,3,8409.29718608642,3.071985231096674,761,6,0.00788436268068331,1.7
hja2016_011,WS1-6,planktonic,2,522,82.7,559631.472642313,4894993.87463913,hja2016_193,HJA-2016_soil_12,soil_detected,3,9379.57260270993,3.229522185214106,761,33,0.04336399474375821,3.29
hja2016_013,WS1-4,planktonic,2,522,89.8,559453.480502956,4895042.87247524,hja2016_193,HJA-2016_soil_12,soil_detected,3,9502.166918869456,3.2482565499302,761,24,0.03153745072273324,3.31
hja2016_014,WS1-6,hyporheic,2,522,82.7,559631.472642313,4894993.87463913,hja2016_193,HJA-2016_soil_12,soil_detected,3,9379.57260270993,3.229522185214106,761,20,0.026281208935611037,5.84
hja2016_015,47,hyporheic,4,134,1550.1,563254.31264732,4898130.73610634,hja2016_193,HJA-2016_soil_12,soil_detected,3,4669.803963584939,2.2233619874723876,761,7,0.009198423127463863,2.26
hja2016_016,74,hyporheic,2,373,70,565310.221852481,4897724.75403567,hja2016_193,HJA-2016_soil_12,soil_detected,3,3248.358045025512,1.6997106600211624,761,8,0.010512483574244415,1.29
hja2016_018,WS1-5,hyporheic,2,522,87.9,559517.477676657,4895016.87362342,hja2016_193,HJA-2016_soil_12,soil_detected,3,9462.408946146646,3.2422075125541454,761,20,0.026281208935611037,1.65
hja2016_019,155,hyporheic,2,345,81.2,565811.199727862,4897652.75721525,hja2016_193,HJA-2016_soil_12,soil_detected,3,3000.7203504714066,1.5853088744886692,761,26,0.03416557161629435,4.8
hja2016_020,WS1-2,hyporheic,2,522,93.6,559354.484874886,4895103.86978142,hja2016_193,HJA-2016_soil_12,soil_detected,3,9553.311057881005,3.2560008398386224,761,34,0.04467805519053877,3.39
hja2016_021,156,hyporheic,5,24,2575.9,566141.185154761,4897558.76136638,hja2016_193,HJA-2016_soil_12,soil_detected,3,2916.328627189298,1.5441532992611344,761,11,0.01445466491458607,2.13
hja2016_027,WS3-6,planktonic,2,510,78.4,560819.420179147,4896235.81979127,hja2016_193,HJA-2016_soil_12,soil_detected,3,7713.5073980948955,2.9473870151632298,761,11,0.01445466491458607,1.89
hja2016_065,68,hyporheic,5,30,3032.2,565145.229139031,4897899.74630751,hja2016_193,HJA-2016_soil_12,soil_detected,3,3235.27062031254,1.6938863942127111,761,41,0.05387647831800263,6.98
hja2016_066,49,hyporheic,5,40,3399.1,563281.311454976,4898046.73981585,hja2016_193,HJA-2016_soil_12,soil_detected,3,4682.797380709248,2.2273706156218607,761,22,0.02890932982917214,3.33
hja2016_070,56,hyporheic,3,321,99.5,562839.3309741,4897811.75019367,hja2016_193,HJA-2016_soil_12,soil_detected,3,5183.268583436593,2.3738621523474746,761,24,0.03153745072273324,3.45
hja2016_071,164,hyporheic,3,502,60.8,560307.442789535,4895737.8417834,hja2016_193,HJA-2016_soil_12,soil_detected,3,8409.29718608642,3.071985231096674,761,34,0.04467805519053877,4
hja2016_075,260,hyporheic,4,23,866.1,566425.172613061,4897456.76587079,hja2016_193,HJA-2016_soil_12,soil_detected,3,2894.368160252491,1.5332484426673938,761,21,0.02759526938239159,4.04
hja2016_078,CC-1,hyporheic,2,183,64,569956.016680872,4897740.75332909,hja2016_193,HJA-2016_soil_12,soil_detected,3,3475.6152960934396,1.7972684040357512,761,23,0.030223390275952694,3.85
hja2016_079,64,hyporheic,2,163,33.5,570527.99142083,4895508.85189625,hja2016_193,HJA-2016_soil_12,soil_detected,3,5571.456354611764,2.478054491110406,761,49,0.06438896189224705,7.08
hja2016_084,177,hyporheic,1,452,14.8,565808.199860345,4901620.58198475,hja2016_193,HJA-2016_soil_12,soil_detected,3,2205.360285034122,1.1410143650671165,761,24,0.03153745072273324,4.13
hja2016_127,60,sediment,2,316,43.1,567391.129953618,4898693.71124374,hja2016_193,HJA-2016_soil_12,soil_detected,3,1467.6231152746443,0.5534815325319339,761,58,0.07621550591327202,6.14
hja2016_129,72,sediment,4,16,568.3,566542.167446234,4896499.80813279,hja2016_193,HJA-2016_soil_12,soil_detected,3,3773.3018240268284,1.9158275050276876,761,70,0.09198423127463863,8.68
hja2016_131,74,sediment,2,373,70,565310.221852481,4897724.75403567,hja2016_193,HJA-2016_soil_12,soil_detected,3,3248.358045025512,1.6997106600211624,761,71,0.09329829172141918,8.67
hja2016_132,84,sediment,4,112,622.7,566447.171641521,4900685.6232752,hja2016_193,HJA-2016_soil_12,soil_detected,3,1141.5027718734016,0.1909343628154882,761,62,0.08147174770039421,9.63
hja2016_133,161,sediment,5,51,5699.1,561109.407372482,4897170.77850081,hja2016_193,HJA-2016_soil_12,soil_detected,3,7019.085147210741,2.8112830049469384,761,156,0.2049934296977661,18.52
hja2016_135,169,sediment,2,144,53.5,568641.074752475,4902527.5419308,hja2016_193,HJA-2016_soil_12,soil_detected,3,2645.917624946402,1.4037681470545156,761,72,0.09461235216819974,10.43
hja2016_136,190,sediment,1,546,14.2,564169.272240084,4897881.7471024,hja2016_193,HJA-2016_soil_12,soil_detected,3,4002.4958219943887,2.0008998967849747,761,62,0.08147174770039421,8.19
hja2016_139,CC-2,sediment,2,183,63.6,569992.01509108,4897760.75244588,hja2016_193,HJA-2016_soil_12,soil_detected,3,3487.7682271539056,1.8023041718104726,761,74,0.09724047306176084,8.58
hja2016_140,CC-3,sediment,2,183,63,570038.013059678,4897795.75090024,hja2016_193,HJA-2016_soil_12,soil_detected,3,3497.5499889993384,1.8063446773660286,761,72,0.09461235216819974,8.2
hja2016_141,CC-4,sediment,2,183,58.5,570162.007583724,4897831.74931045,hja2016_193,HJA-2016_soil_12,soil_detected,3,3566.310849022186,1.8344324575332147,761,67,0.08804204993429698,8.95
hja2016_142,KC-1,sediment,3,362,114.7,562012.367495176,4896802.79475203,hja2016_193,HJA-2016_soil_12,soil_detected,3,6399.128410632148,2.6778754170987207,761,54,0.070959264126149807,6.65
hja2016_144,KC-3,sediment,3,362,114,562000.368025107,4896680.80013966,hja2016_193,HJA-2016_soil_12,soil_detected,3,6474.076404355397,2.694674391734018,761,50,0.0657030223390276,7.42
hja2016_145,155,sediment,2,345,81.2,565811.199727862,4897652.75721525,hja2016_193,HJA-2016_soil_12,soil_detected,3,3000.7203504714066,1.5853088744886692,761,77,0.1011826544021025,8.99
hja2016_146,156,sediment,5,24,2575.9,566141.185154761,4897558.76136638,hja2016_193,HJA-2016_soil_12,soil_detected,3,2916.328627189298,1.5441532992611344,761,57,0.07490144546649145,6.93
hja2016_147,163,sediment,5,63,6126.6,559726.468447026,4896111.82526722,hja2016_193,HJA-2016_soil_12,soil_detected,3,8729.119376582628,3.125836117185791,761,141,0.18528252299605782,17.46
hja2016_148,165,sediment,2,494,27.9,564789.244860317,4900155.64668049,hja2016_193,HJA-2016_soil_12,soil_detected,3,2671.061992970397,1.4174134600288362,761,86,0.11300919842312747,9.27
hja2016_150,53,sediment,3,78,280.7,568092.098996817,4898223.73199937,hja2016_193,HJA-2016_soil_12,soil_detected,3,2036.4552355176897,1.0260601019885496,761,63,0.08278580814717477,6.94
hja2016_151,64,sediment,2,163,33.5,570527.99142083,4895508.85189625,hja2016_193,HJA-2016_soil_12,soil_detected,3,5571.456354611764,2.478054491110406,761,142,0.18659658344283836,16.26
hja2016_152,66,sediment,4,79,1360.7,567970.104384448,4898153.73509064,hja2016_193,HJA-2016_soil_12,soil_detected,3,2069.7354805170307,1.0494463979992334,761,41,0.05387647831800263,5.58
hja2016_155,82,sediment,2,536,36.6,564452.259742545,4899854.65997292,hja2016_193,HJA-2016_soil_12,soil_detected,3,3023.471563517687,1.5962060101570064,761,79,0.1038107752956636,9.13
hja2016_157,43,sediment,1,538,7.8,567346.131940859,4898257.7304979,hja2016_193,HJA-2016_soil_12,soil_detected,3,1905.3964401986682,0.9300911986660145,761,63,0.08278580814717477,5.95
hja2016_159,49,sediment,5,40,3399.1,563281.311454976,4898046.73981585,hja2016_193,HJA-2016_soil_12,soil_detected,3,4682.797380709248,2.2273706156218607,761,52,0.0683311432325887,7.29
hja2016_160,50,sediment,5,41,4956.4,563054.321479503,4898132.73601802,hja2016_193,HJA-2016_soil_12,soil_detected,3,4849.873830215744,2.277947215982296,761,43,0.056504599211563734,3.89
hja2016_031,161,hyporheic,5,51,5699.1,561109.407372482,4897170.77850081,hja2016_193,HJA-2016_soil_12,soil_detected,3,7019.085147210741,2.8112830049469384,761,7,0.009198423127463863,2.96
hja2016_032,54,hyporheic,3,363,207.7,561802.376768968,4897363.76997776,hja2016_193,HJA-2016_soil_12,soil_detected,3,6311.052281473792,2.6578805748898953,761,16,0.02102496714848883,4.57
hja2016_035,192,hyporheic,2,542,28.5,564620.252323511,4897836.74908965,hja2016_193,HJA-2016_soil_12,soil_detected,3,3669.0609577737937,1.8754108737190274,761,19,0.024967148488830485,4.17
hja2016_037,43,hyporheic,1,538,7.8,567346.131940859,4898257.7304979,hja2016_193,HJA-2016_soil_12,soil_detected,3,1905.3964401986682,0.9300911986660145,761,5,0.006570302233902759,1.37
hja2016_042,165,planktonic,2,494,27.9,564789.244860317,4900155.64668049,hja2016_193,HJA-2016_soil_12,soil_detected,3,2671.061992970397,1.4174134600288362,761,6,0.00788436268068331,0.81
hja2016_043,KC-2,hyporheic,3,362,114.2,561999.368069268,4896735.79771081,hja2016_193,HJA-2016_soil_12,soil_detected,3,6445.537058127088,2.688300572522711,761,22,0.02890932982917214,5.48
hja2016_049,67,planktonic,4,83,1558.1,567119.141965387,4897968.74326041,hja2016_193,HJA-2016_soil_12,soil_detected,3,2217.3626446582643,1.1488447390211125,761,5,0.006570302233902759,4.82
hja2016_050,165,hyporheic,2,494,27.9,564789.244860317,4900155.64668049,hja2016_193,HJA-2016_soil_12,soil_detected,3,2671.061992970397,1.4174134600288362,761,26,0.03416557161629435,3.72
hja2016_052,163,hyporheic,5,63,6126.6,559726.468447026,4896111.82526722,hja2016_193,HJA-2016_soil_12,soil_detected,3,8729.119376582628,3.125836117185791,761,28,0.03679369250985545,2.86
hja2016_056,KC-1,hyporheic,3,362,114.7,562012.367495176,4896802.79475203,hja2016_193,HJA-2016_soil_12,soil_detected,3,6399.128410632148,2.6778754170987207,761,33,0.04336399474375821,3.44
hja2016_057,71,hyporheic,3,556,101.7,562662.338790582,4897988.74237719,hja2016_193,HJA-2016_soil_12,soil_detected,3,5266.264247586409,2.3967799139243824,761,14,0.018396846254927726,2.61
hja2016_059,KC-2,planktonic,3,362,114.2,561999.368069268,4896735.79771081,hja2016_193,HJA-2016_soil_12,soil_detected,3,6445.537058127088,2.688300572522711,761,25,0.0328515111695138,5.22
hja2016_062,WS3-3,hyporheic,2,511,93.4,560639.428128111,4896408.81215143,hja2016_193,HJA-2016_soil_12,soil_detected,3,7784.184521746783,2.9605459091752677,761,32,0.04204993429697766,3.25
hja2016_064,WS3-4,planktonic,2,510,81.3,560692.425787583,4896348.81480109,hja2016_193,HJA-2016_soil_12,soil_detected,3,7767.048555850915,2.9573664850227,761,12,0.01576872536136662,2.49
hja2016_099,162,planktonic,5,66,6208.4,559348.485139852,4895468.85366269,hja2016_193,HJA-2016_soil_12,soil_detected,3,9370.468050117475,3.2281211115684325,761,13,0.017082785808147174,0.77
hja2016_100,64,planktonic,2,163,33.5,570527.99142083,4895508.85189625,hja2016_193,HJA-2016_soil_12,soil_detected,3,5571.456354611764,2.478054491110406,761,5,0.006570302233902759,0.33
hja2016_101,58,planktonic,3,385,67.2,566998.147308857,4898497.71989928,hja2016_193,HJA-2016_soil_12,soil_detected,3,1725.04414087562,0.78663327841695,761,7,0.009198423127463863,0.58
hja2016_102,73,hyporheic,2,255,137,566310.177691566,4896786.79545861,hja2016_193,HJA-2016_soil_12,soil_detected,3,3563.6073069890363,1.8333383673106773,761,11,0.01445466491458607,0.95
hja2016_103,260,planktonic,4,23,866.1,566425.172613061,4897456.76587079,hja2016_193,HJA-2016_soil_12,soil_detected,3,2894.368160252491,1.5332484426673938,761,16,0.02102496714848883,1.57
hja2016_105,178,planktonic,2,411,19.9,566185.18321168,4901793.57434491,hja2016_193,HJA-2016_soil_12,soil_detected,3,2072.5508843730527,1.0514075225806065,761,13,0.017082785808147174,0.99
hja2016_106,170,planktonic,2,229,49.4,570659.985591589,4896908.79007097,hja2016_193,HJA-2016_soil_12,soil_detected,3,4561.403325989067,2.189477741052573,761,2,0.002628120893561104,0.2
hja2016_107,57,hyporheic,4,131,1488.8,563668.294364702,4898599.71539487,hja2016_193,HJA-2016_soil_12,soil_detected,3,4100.353337288182,2.0357482355817598,761,9,0.011826544021024968,0.72
hja2016_109,169,planktonic,2,144,53.5,568641.074752475,4902527.5419308,hja2016_193,HJA-2016_soil_12,soil_detected,3,2645.917624946402,1.4037681470545156,761,7,0.009198423127463863,0.76
hja2016_110,76,hyporheic,3,150,303.5,570464.994202967,4896947.7883487,hja2016_193,HJA-2016_soil_12,soil_detected,3,4398.2453293174785,2.136928078389894,761,7,0.009198423127463863,0.72
hja2016_111,160,planktonic,5,24,2569.5,566416.173010509,4897492.764281,hja2016_193,HJA-2016_soil_12,soil_detected,3,2864.048282714149,1.5180558140564682,761,9,0.011826544021024968,0.76
hja2016_114,WS1-5,planktonic,2,522,87.9,559517.477676657,4895016.87362342,hja2016_193,HJA-2016_soil_12,soil_detected,3,9462.408946146646,3.2422075125541454,761,14,0.018396846254927726,0.88
hja2016_116,53,planktonic,3,78,280.7,568092.098996817,4898223.73199937,hja2016_193,HJA-2016_soil_12,soil_detected,3,2036.4552355176897,1.0260601019885496,761,8,0.010512483574244415,0.79
hja2016_119,56,planktonic,3,321,99.5,562839.3309741,4897811.75019367,hja2016_193,HJA-2016_soil_12,soil_detected,3,5183.268583436593,2.3738621523474746,761,17,0.022339027595269383,1.49
hja2016_121,84,hyporheic,4,112,622.7,566447.171641521,4900685.6232752,hja2016_193,HJA-2016_soil_12,soil_detected,3,1141.5027718734016,0.1909343628154882,761,1,0.001314060446780552,0.18
hja2016_122,45,sediment,3,390,193.2,565977.192397151,4897892.74661664,hja2016_193,HJA-2016_soil_12,soil_detected,3,2709.005680120184,1.4377634185205956,761,65,0.08541392904073587,7.63
hja2016_125,56,sediment,3,321,99.5,562839.3309741,4897811.75019367,hja2016_193,HJA-2016_soil_12,soil_detected,3,5183.268583436593,2.3738621523474746,761,62,0.08147174770039421,7.59
hja2016_164,260,sediment,4,23,866.1,566425.172613061,4897456.76587079,hja2016_193,HJA-2016_soil_12,soil_detected,3,2894.368160252491,1.5332484426673938,761,54,0.070959264126149807,8.36
hja2016_166,57,sediment,4,131,1488.8,563668.294364702,4898599.71539487,hja2016_193,HJA-2016_soil_12,soil_detected,3,4100.353337288182,2.0357482355817598,761,43,0.056504599211563734,4.57
hja2016_167,WS3-1,sediment,2,511,96.4,560508.433913191,4896516.80738205,hja2016_193,HJA-2016_soil_12,soil_detected,3,7848.514822724774,2.9724196781310184,761,148,0.19448094612352168,18.08
hja2016_169,WS3-2,sediment,2,511,95.7,560554.431881789,4896487.80866272,hja2016_193,HJA-2016_soil_12,soil_detected,3,7821.373057754974,2.9674218977791718,761,160,0.2102496714848883,17.66
hja2016_170,WS3-3,sediment,2,511,93.4,560639.428128111,4896408.81215143,hja2016_193,HJA-2016_soil_12,soil_detected,3,7784.184521746783,2.9605459091752677,761,64,0.08409986859395532,6.18
hja2016_177,WS1-3,sediment,2,522,92.1,559404.482666841,4895069.8712829,hja2016_193,HJA-2016_soil_12,soil_detected,3,9529.042094881454,3.25233119478341,761,79,0.1038107752956636,10.27
hja2016_179,WS1-5,sediment,2,522,87.9,559517.477676657,4895016.87362342,hja2016_193,HJA-2016_soil_12,soil_detected,3,9462.408946146646,3.2422075125541454,761,68,0.08935611038107753,8.37
hja2016_180,WS1-6,sediment,2,522,82.7,559631.472642313,4894993.87463913,hja2016_193,HJA-2016_soil_12,soil_detected,3,9379.57260270993,3.229522185214106,761,39,0.051248357424441525,4.14
hja2016_181,177,sediment,1,452,14.8,565808.199860345,4901620.58198475,hja2016_193,HJA-2016_soil_12,soil_detected,3,2205.360285034122,1.1410143650671165,761,63,0.08278580814717477,6.25
hja2016_001,50,planktonic,5,41,4956.4,563054.321479503,4898132.73601802,hja2016_193,HJA-2016_soil_12,soil_enriched,3,4849.873830215744,2.277947215982296,549,2,0.0036429872495446266,0.53
hja2016_008,WS3-1,hyporheic,2,511,96.4,560508.433913191,4896516.80738205,hja2016_193,HJA-2016_soil_12,soil_enriched,3,7848.514822724774,2.9724196781310184,549,5,0.009107468123861567,0.52
hja2016_009,60,hyporheic,2,316,43.1,567391.129953618,4898693.71124374,hja2016_193,HJA-2016_soil_12,soil_enriched,3,1467.6231152746443,0.5534815325319339,549,4,0.007285974499089253,0.58
hja2016_010,164,planktonic,3,502,60.8,560307.442789535,4895737.8417834,hja2016_193,HJA-2016_soil_12,soil_enriched,3,8409.29718608642,3.071985231096674,549,0,0,0
hja2016_011,WS1-6,planktonic,2,522,82.7,559631.472642313,4894993.87463913,hja2016_193,HJA-2016_soil_12,soil_enriched,3,9379.57260270993,3.229522185214106,549,11,0.020036429872495445,1.05
hja2016_013,WS1-4,planktonic,2,522,89.8,559453.480502956,4895042.87247524,hja2016_193,HJA-2016_soil_12,soil_enriched,3,9502.166918869456,3.2482565499302,549,6,0.01092896174863388,0.76
hja2016_014,WS1-6,hyporheic,2,522,82.7,559631.472642313,4894993.87463913,hja2016_193,HJA-2016_soil_12,soil_enriched,3,9379.57260270993,3.229522185214106,549,2,0.0036429872495446266,0.43
hja2016_015,47,hyporheic,4,134,1550.1,563254.31264732,4898130.73610634,hja2016_193,HJA-2016_soil_12,soil_enriched,3,4669.803963584939,2.2233619874723876,549,2,0.0036429872495446266,0.62
hja2016_016,74,hyporheic,2,373,70,565310.221852481,4897724.75403567,hja2016_193,HJA-2016_soil_12,soil_enriched,3,3248.358045025512,1.6997106600211624,549,1,0.0018214936247723133,0.05
hja2016_018,WS1-5,hyporheic,2,522,87.9,559517.477676657,4895016.87362342,hja2016_193,HJA-2016_soil_12,soil_enriched,3,9462.408946146646,3.2422075125541454,549,6,0.01092896174863388,0.41
hja2016_019,155,hyporheic,2,345,81.2,565811.199727862,4897652.75721525,hja2016_193,HJA-2016_soil_12,soil_enriched,3,3000.7203504714066,1.5853088744886692,549,13,0.023679417122040074,2.8
hja2016_020,WS1-2,hyporheic,2,522,93.6,559354.484874886,4895103.86978142,hja2016_193,HJA-2016_soil_12,soil_enriched,3,9553.311057881005,3.2560008398386224,549,7,0.012750455373406194,0.89
hja2016_021,156,hyporheic,5,24,2575.9,566141.185154761,4897558.76136638,hja2016_193,HJA-2016_soil_12,soil_enriched,3,2916.328627189298,1.5441532992611344,549,3,0.00546448087431694,0.55
hja2016_027,WS3-6,planktonic,2,510,78.4,560819.420179147,4896235.81979127,hja2016_193,HJA-2016_soil_12,soil_enriched,3,7713.5073980948955,2.9473870151632298,549,5,0.009107468123861567,0.61
hja2016_065,68,hyporheic,5,30,3032.2,565145.229139031,4897899.74630751,hja2016_193,HJA-2016_soil_12,soil_enriched,3,3235.27062031254,1.6938863942127111,549,14,0.025500910746812388,1.68
hja2016_066,49,hyporheic,5,40,3399.1,563281.311454976,4898046.73981585,hja2016_193,HJA-2016_soil_12,soil_enriched,3,4682.797380709248,2.2273706156218607,549,6,0.01092896174863388,0.83
hja2016_070,56,hyporheic,3,321,99.5,562839.3309741,4897811.75019367,hja2016_193,HJA-2016_soil_12,soil_enriched,3,5183.268583436593,2.3738621523474746,549,8,0.014571948998178506,0.79
hja2016_071,164,hyporheic,3,502,60.8,560307.442789535,4895737.8417834,hja2016_193,HJA-2016_soil_12,soil_enriched,3,8409.29718608642,3.071985231096674,549,10,0.018214936247723135,0.92
hja2016_075,260,hyporheic,4,23,866.1,566425.172613061,4897456.76587079,hja2016_193,HJA-2016_soil_12,soil_enriched,3,2894.368160252491,1.5332484426673938,549,6,0.01092896174863388,0.99
hja2016_078,CC-1,hyporheic,2,183,64,569956.016680872,4897740.75332909,hja2016_193,HJA-2016_soil_12,soil_enriched,3,3475.6152960934396,1.7972684040357512,549,6,0.01092896174863388,1.05
hja2016_079,64,hyporheic,2,163,33.5,570527.99142083,4895508.85189625,hja2016_193,HJA-2016_soil_12,soil_enriched,3,5571.456354611764,2.478054491110406,549,16,0.029143897996357013,1.57
hja2016_084,177,hyporheic,1,452,14.8,565808.199860345,4901620.58198475,hja2016_193,HJA-2016_soil_12,soil_enriched,3,2205.360285034122,1.1410143650671165,549,6,0.01092896174863388,0.81
hja2016_127,60,sediment,2,316,43.1,567391.129953618,4898693.71124374,hja2016_193,HJA-2016_soil_12,soil_enriched,3,1467.6231152746443,0.5534815325319339,549,14,0.025500910746812388,1.33
hja2016_129,72,sediment,4,16,568.3,566542.167446234,4896499.80813279,hja2016_193,HJA-2016_soil_12,soil_enriched,3,3773.3018240268284,1.9158275050276876,549,30,0.0546448087431694,3.43
hja2016_131,74,sediment,2,373,70,565310.221852481,4897724.75403567,hja2016_193,HJA-2016_soil_12,soil_enriched,3,3248.358045025512,1.6997106600211624,549,31,0.056466302367941715,3.5
hja2016_132,84,sediment,4,112,622.7,566447.171641521,4900685.6232752,hja2016_193,HJA-2016_soil_12,soil_enriched,3,1141.5027718734016,0.1909343628154882,549,27,0.04918032786885246,3.01
hja2016_133,161,sediment,5,51,5699.1,561109.407372482,4897170.77850081,hja2016_193,HJA-2016_soil_12,soil_enriched,3,7019.085147210741,2.8112830049469384,549,86,0.15664845173041894,9.28
hja2016_135,169,sediment,2,144,53.5,568641.074752475,4902527.5419308,hja2016_193,HJA-2016_soil_12,soil_enriched,3,2645.917624946402,1.4037681470545156,549,27,0.04918032786885246,3.19
hja2016_136,190,sediment,1,546,14.2,564169.272240084,4897881.7471024,hja2016_193,HJA-2016_soil_12,soil_enriched,3,4002.4958219943887,2.0008998967849747,549,28,0.051001821493624776,2.55
hja2016_139,CC-2,sediment,2,183,63.6,569992.01509108,4897760.75244588,hja2016_193,HJA-2016_soil_12,soil_enriched,3,3487.7682271539056,1.8023041718104726,549,27,0.04918032786885246,3.16
hja2016_140,CC-3,sediment,2,183,63,570038.013059678,4897795.75090024,hja2016_193,HJA-2016_soil_12,soil_enriched,3,3497.5499889993384,1.8063446773660286,549,30,0.0546448087431694,2.71
hja2016_141,CC-4,sediment,2,183,58.5,570162.007583724,4897831.74931045,hja2016_193,HJA-2016_soil_12,soil_enriched,3,3566.310849022186,1.8344324575332147,549,27,0.04918032786885246,2.94
hja2016_142,KC-1,sediment,3,362,114.7,562012.367495176,4896802.79475203,hja2016_193,HJA-2016_soil_12,soil_enriched,3,6399.128410632148,2.6778754170987207,549,24,0.04371584699453552,2.1
hja2016_144,KC-3,sediment,3,362,114,562000.368025107,4896680.80013966,hja2016_193,HJA-2016_soil_12,soil_enriched,3,6474.076404355397,2.694674391734018,549,19,0.03460837887067395,2.25
hja2016_145,155,sediment,2,345,81.2,565811.199727862,4897652.75721525,hja2016_193,HJA-2016_soil_12,soil_enriched,3,3000.7203504714066,1.5853088744886692,549,34,0.061930783242258654,3.29
hja2016_146,156,sediment,5,24,2575.9,566141.185154761,4897558.76136638,hja2016_193,HJA-2016_soil_12,soil_enriched,3,2916.328627189298,1.5441532992611344,549,21,0.03825136612021858,1.76
hja2016_147,163,sediment,5,63,6126.6,559726.468447026,4896111.82526722,hja2016_193,HJA-2016_soil_12,soil_enriched,3,8729.119376582628,3.125836117185791,549,79,0.14389799635701275,9
hja2016_148,165,sediment,2,494,27.9,564789.244860317,4900155.64668049,hja2016_193,HJA-2016_soil_12,soil_enriched,3,2671.061992970397,1.4174134600288362,549,39,0.07103825136612021,3.47
hja2016_150,53,sediment,3,78,280.7,568092.098996817,4898223.73199937,hja2016_193,HJA-2016_soil_12,soil_enriched,3,2036.4552355176897,1.0260601019885496,549,21,0.03825136612021858,1.98
hja2016_151,64,sediment,2,163,33.5,570527.99142083,4895508.85189625,hja2016_193,HJA-2016_soil_12,soil_enriched,3,5571.456354611764,2.478054491110406,549,76,0.1384335154826958,8.17
hja2016_152,66,sediment,4,79,1360.7,567970.104384448,4898153.73509064,hja2016_193,HJA-2016_soil_12,soil_enriched,3,2069.7354805170307,1.0494463979992334,549,14,0.025500910746812388,1.6
hja2016_155,82,sediment,2,536,36.6,564452.259742545,4899854.65997292,hja2016_193,HJA-2016_soil_12,soil_enriched,3,3023.471563517687,1.5962060101570064,549,34,0.061930783242258654,3.36
hja2016_157,43,sediment,1,538,7.8,567346.131940859,4898257.7304979,hja2016_193,HJA-2016_soil_12,soil_enriched,3,1905.3964401986682,0.9300911986660145,549,24,0.04371584699453552,1.74
hja2016_159,49,sediment,5,40,3399.1,563281.311454976,4898046.73981585,hja2016_193,HJA-2016_soil_12,soil_enriched,3,4682.797380709248,2.2273706156218607,549,17,0.030965391621129327,1.72
hja2016_160,50,sediment,5,41,4956.4,563054.321479503,4898132.73601802,hja2016_193,HJA-2016_soil_12,soil_enriched,3,4849.873830215744,2.277947215982296,549,7,0.012750455373406194,0.87
hja2016_031,161,hyporheic,5,51,5699.1,561109.407372482,4897170.77850081,hja2016_193,HJA-2016_soil_12,soil_enriched,3,7019.085147210741,2.8112830049469384,549,3,0.00546448087431694,0.97
hja2016_032,54,hyporheic,3,363,207.7,561802.376768968,4897363.76997776,hja2016_193,HJA-2016_soil_12,soil_enriched,3,6311.052281473792,2.6578805748898953,549,7,0.012750455373406194,0.78
hja2016_035,192,hyporheic,2,542,28.5,564620.252323511,4897836.74908965,hja2016_193,HJA-2016_soil_12,soil_enriched,3,3669.0609577737937,1.8754108737190274,549,7,0.012750455373406194,1.19
hja2016_037,43,hyporheic,1,538,7.8,567346.131940859,4898257.7304979,hja2016_193,HJA-2016_soil_12,soil_enriched,3,1905.3964401986682,0.9300911986660145,549,0,0,0
hja2016_042,165,planktonic,2,494,27.9,564789.244860317,4900155.64668049,hja2016_193,HJA-2016_soil_12,soil_enriched,3,2671.061992970397,1.4174134600288362,549,1,0.0018214936247723133,0.07
hja2016_043,KC-2,hyporheic,3,362,114.2,561999.368069268,4896735.79771081,hja2016_193,HJA-2016_soil_12,soil_enriched,3,6445.537058127088,2.688300572522711,549,6,0.01092896174863388,1.21
hja2016_049,67,planktonic,4,83,1558.1,567119.141965387,4897968.74326041,hja2016_193,HJA-2016_soil_12,soil_enriched,3,2217.3626446582643,1.1488447390211125,549,1,0.0018214936247723133,0.06
hja2016_050,165,hyporheic,2,494,27.9,564789.244860317,4900155.64668049,hja2016_193,HJA-2016_soil_12,soil_enriched,3,2671.061992970397,1.4174134600288362,549,10,0.018214936247723135,0.92
hja2016_052,163,hyporheic,5,63,6126.6,559726.468447026,4896111.82526722,hja2016_193,HJA-2016_soil_12,soil_enriched,3,8729.119376582628,3.125836117185791,549,8,0.014571948998178506,0.8
hja2016_056,KC-1,hyporheic,3,362,114.7,562012.367495176,4896802.79475203,hja2016_193,HJA-2016_soil_12,soil_enriched,3,6399.128410632148,2.6778754170987207,549,10,0.018214936247723135,0.81
hja2016_057,71,hyporheic,3,556,101.7,562662.338790582,4897988.74237719,hja2016_193,HJA-2016_soil_12,soil_enriched,3,5266.264247586409,2.3967799139243824,549,3,0.00546448087431694,0.68
hja2016_059,KC-2,planktonic,3,362,114.2,561999.368069268,4896735.79771081,hja2016_193,HJA-2016_soil_12,soil_enriched,3,6445.537058127088,2.688300572522711,549,7,0.012750455373406194,1.49
hja2016_062,WS3-3,hyporheic,2,511,93.4,560639.428128111,4896408.81215143,hja2016_193,HJA-2016_soil_12,soil_enriched,3,7784.184521746783,2.9605459091752677,549,10,0.018214936247723135,0.89
hja2016_064,WS3-4,planktonic,2,510,81.3,560692.425787583,4896348.81480109,hja2016_193,HJA-2016_soil_12,soil_enriched,3,7767.048555850915,2.9573664850227,549,4,0.007285974499089253,0.56
hja2016_099,162,planktonic,5,66,6208.4,559348.485139852,4895468.85366269,hja2016_193,HJA-2016_soil_12,soil_enriched,3,9370.468050117475,3.2281211115684325,549,4,0.007285974499089253,0.3
hja2016_100,64,planktonic,2,163,33.5,570527.99142083,4895508.85189625,hja2016_193,HJA-2016_soil_12,soil_enriched,3,5571.456354611764,2.478054491110406,549,2,0.0036429872495446266,0.14
hja2016_101,58,planktonic,3,385,67.2,566998.147308857,4898497.71989928,hja2016_193,HJA-2016_soil_12,soil_enriched,3,1725.04414087562,0.78663327841695,549,2,0.0036429872495446266,0.2
hja2016_102,73,hyporheic,2,255,137,566310.177691566,4896786.79545861,hja2016_193,HJA-2016_soil_12,soil_enriched,3,3563.6073069890363,1.8333383673106773,549,4,0.007285974499089253,0.28
hja2016_103,260,planktonic,4,23,866.1,566425.172613061,4897456.76587079,hja2016_193,HJA-2016_soil_12,soil_enriched,3,2894.368160252491,1.5332484426673938,549,2,0.0036429872495446266,0.42
hja2016_105,178,planktonic,2,411,19.9,566185.18321168,4901793.57434491,hja2016_193,HJA-2016_soil_12,soil_enriched,3,2072.5508843730527,1.0514075225806065,549,5,0.009107468123861567,0.48
hja2016_106,170,planktonic,2,229,49.4,570659.985591589,4896908.79007097,hja2016_193,HJA-2016_soil_12,soil_enriched,3,4561.403325989067,2.189477741052573,549,1,0.0018214936247723133,0.07
hja2016_107,57,hyporheic,4,131,1488.8,563668.294364702,4898599.71539487,hja2016_193,HJA-2016_soil_12,soil_enriched,3,4100.353337288182,2.0357482355817598,549,3,0.00546448087431694,0.39
hja2016_109,169,planktonic,2,144,53.5,568641.074752475,4902527.5419308,hja2016_193,HJA-2016_soil_12,soil_enriched,3,2645.917624946402,1.4037681470545156,549,3,0.00546448087431694,0.41
hja2016_110,76,hyporheic,3,150,303.5,570464.994202967,4896947.7883487,hja2016_193,HJA-2016_soil_12,soil_enriched,3,4398.2453293174785,2.136928078389894,549,3,0.00546448087431694,0.3
hja2016_111,160,planktonic,5,24,2569.5,566416.173010509,4897492.764281,hja2016_193,HJA-2016_soil_12,soil_enriched,3,2864.048282714149,1.5180558140564682,549,3,0.00546448087431694,0.26
hja2016_114,WS1-5,planktonic,2,522,87.9,559517.477676657,4895016.87362342,hja2016_193,HJA-2016_soil_12,soil_enriched,3,9462.408946146646,3.2422075125541454,549,4,0.007285974499089253,0.32
hja2016_116,53,planktonic,3,78,280.7,568092.098996817,4898223.73199937,hja2016_193,HJA-2016_soil_12,soil_enriched,3,2036.4552355176897,1.0260601019885496,549,3,0.00546448087431694,0.36
hja2016_119,56,planktonic,3,321,99.5,562839.3309741,4897811.75019367,hja2016_193,HJA-2016_soil_12,soil_enriched,3,5183.268583436593,2.3738621523474746,549,4,0.007285974499089253,0.51
hja2016_121,84,hyporheic,4,112,622.7,566447.171641521,4900685.6232752,hja2016_193,HJA-2016_soil_12,soil_enriched,3,1141.5027718734016,0.1909343628154882,549,1,0.0018214936247723133,0.08
hja2016_122,45,sediment,3,390,193.2,565977.192397151,4897892.74661664,hja2016_193,HJA-2016_soil_12,soil_enriched,3,2709.005680120184,1.4377634185205956,549,23,0.04189435336976321,1.91
hja2016_125,56,sediment,3,321,99.5,562839.3309741,4897811.75019367,hja2016_193,HJA-2016_soil_12,soil_enriched,3,5183.268583436593,2.3738621523474746,549,22,0.04007285974499089,1.82
hja2016_164,260,sediment,4,23,866.1,566425.172613061,4897456.76587079,hja2016_193,HJA-2016_soil_12,soil_enriched,3,2894.368160252491,1.5332484426673938,549,20,0.03642987249544627,2.69
hja2016_166,57,sediment,4,131,1488.8,563668.294364702,4898599.71539487,hja2016_193,HJA-2016_soil_12,soil_enriched,3,4100.353337288182,2.0357482355817598,549,8,0.014571948998178506,1.04
hja2016_167,WS3-1,sediment,2,511,96.4,560508.433913191,4896516.80738205,hja2016_193,HJA-2016_soil_12,soil_enriched,3,7848.514822724774,2.9724196781310184,549,83,0.151183970856102,9
hja2016_169,WS3-2,sediment,2,511,95.7,560554.431881789,4896487.80866272,hja2016_193,HJA-2016_soil_12,soil_enriched,3,7821.373057754974,2.9674218977791718,549,88,0.16029143897996356,9.05
hja2016_170,WS3-3,sediment,2,511,93.4,560639.428128111,4896408.81215143,hja2016_193,HJA-2016_soil_12,soil_enriched,3,7784.184521746783,2.9605459091752677,549,22,0.04007285974499089,2.13
hja2016_177,WS1-3,sediment,2,522,92.1,559404.482666841,4895069.8712829,hja2016_193,HJA-2016_soil_12,soil_enriched,3,9529.042094881454,3.25233119478341,549,35,0.06375227686703097,3.34
hja2016_179,WS1-5,sediment,2,522,87.9,559517.477676657,4895016.87362342,hja2016_193,HJA-2016_soil_12,soil_enriched,3,9462.408946146646,3.2422075125541454,549,23,0.04189435336976321,2.5
hja2016_180,WS1-6,sediment,2,522,82.7,559631.472642313,4894993.87463913,hja2016_193,HJA-2016_soil_12,soil_enriched,3,9379.57260270993,3.229522185214106,549,5,0.009107468123861567,1.11
hja2016_181,177,sediment,1,452,14.8,565808.199860345,4901620.58198475,hja2016_193,HJA-2016_soil_12,soil_enriched,3,2205.360285034122,1.1410143650671165,549,19,0.03460837887067395,1.98
hja2016_001,50,planktonic,5,41,4956.4,563054.321479503,4898132.73601802,hja2016_194,HJA-2016_soil_13,soil_detected,3,2941.905042101549,1.5567506804812168,1132,28,0.024734982332155476,7.84
hja2016_008,WS3-1,hyporheic,2,511,96.4,560508.433913191,4896516.80738205,hja2016_194,HJA-2016_soil_13,soil_detected,3,5642.343480235059,2.4962944933159745,1132,113,0.09982332155477032,20.53
hja2016_009,60,hyporheic,2,316,43.1,567391.129953618,4898693.71124374,hja2016_194,HJA-2016_soil_13,soil_detected,3,1627.261606199983,0.7024462040700689,1132,100,0.08833922261484099,21.29
hja2016_010,164,planktonic,3,502,60.8,560307.442789535,4895737.8417834,hja2016_194,HJA-2016_soil_13,soil_detected,3,6066.3358915277595,2.6008253818436105,1132,22,0.019434628975265017,7.69
hja2016_011,WS1-6,planktonic,2,522,82.7,559631.472642313,4894993.87463913,hja2016_194,HJA-2016_soil_13,soil_detected,3,6976.115962077639,2.80242402184131,1132,138,0.12190812720848057,15.49
hja2016_013,WS1-4,planktonic,2,522,89.8,559453.480502956,4895042.87247524,hja2016_194,HJA-2016_soil_13,soil_detected,3,7118.965691379154,2.8316676484511594,1132,95,0.08392226148409894,13.7
hja2016_014,WS1-6,hyporheic,2,522,82.7,559631.472642313,4894993.87463913,hja2016_194,HJA-2016_soil_13,soil_detected,3,6976.115962077639,2.80242402184131,1132,83,0.07332155477031801,17.44
hja2016_015,47,hyporheic,4,134,1550.1,563254.31264732,4898130.73610634,hja2016_194,HJA-2016_soil_13,soil_detected,3,2742.552356261057,1.4555191624323682,1132,39,0.03445229681978799,10.08
hja2016_016,74,hyporheic,2,373,70,565310.221852481,4897724.75403567,hja2016_194,HJA-2016_soil_13,soil_detected,3,691.1791434110165,-0.5328684105912409,1132,25,0.022084805653710248,5.29
hja2016_018,WS1-5,hyporheic,2,522,87.9,559517.477676657,4895016.87362342,hja2016_194,HJA-2016_soil_13,soil_detected,3,7070.764889003563,2.8218662888513326,1132,93,0.08215547703180212,8.07
hja2016_019,155,hyporheic,2,345,81.2,565811.199727862,4897652.75721525,hja2016_194,HJA-2016_soil_13,soil_detected,3,281.96717029760634,-1.8264008968235914,1132,115,0.10159010600706714,18.86
hja2016_020,WS1-2,hyporheic,2,522,93.6,559354.484874886,4895103.86978142,hja2016_194,HJA-2016_soil_13,soil_detected,3,7186.158212151722,2.8452206984035415,1132,163,0.1439929328621908,17.81
hja2016_021,156,hyporheic,5,24,2575.9,566141.185154761,4897558.76136638,hja2016_194,HJA-2016_soil_13,soil_detected,3,352.62821179016294,-1.503780193735818,1132,47,0.04151943462897526,12.81
hja2016_027,WS3-6,planktonic,2,510,78.4,560819.420179147,4896235.81979127,hja2016_194,HJA-2016_soil_13,soil_detected,3,5419.288574085166,2.4381034718733203,1132,59,0.052120141342756186,8.66
hja2016_065,68,hyporheic,5,30,3032.2,565145.229139031,4897899.74630751,hja2016_194,HJA-2016_soil_13,soil_detected,3,840.0424818821426,-0.25146580645911043,1132,131,0.1157243816254417,17.81
hja2016_066,49,hyporheic,5,40,3399.1,563281.311454976,4898046.73981585,hja2016_194,HJA-2016_soil_13,soil_detected,3,2709.049317179838,1.4377866574761229,1132,115,0.10159010600706714,13.85
hja2016_070,56,hyporheic,3,321,99.5,562839.3309741,4897811.75019367,hja2016_194,HJA-2016_soil_13,soil_detected,3,3146.205293638957,1.653612811393052,1132,57,0.05035335689045936,8.83
hja2016_071,164,hyporheic,3,502,60.8,560307.442789535,4895737.8417834,hja2016_194,HJA-2016_soil_13,soil_detected,3,6066.3358915277595,2.6008253818436105,1132,149,0.13162544169611307,16.31
hja2016_075,260,hyporheic,4,23,866.1,566425.172613061,4897456.76587079,hja2016_194,HJA-2016_soil_13,soil_detected,3,607.1618681870806,-0.7198469074028409,1132,94,0.08303886925795052,18.25
hja2016_078,CC-1,hyporheic,2,183,64,569956.016680872,4897740.75332909,hja2016_194,HJA-2016_soil_13,soil_detected,3,3973.377580052826,1.9903658956124288,1132,90,0.07950530035335689,13.08
hja2016_079,64,hyporheic,2,163,33.5,570527.99142083,4895508.85189625,hja2016_194,HJA-2016_soil_13,soil_detected,3,5122.272682041751,2.356784056246202,1132,90,0.07950530035335689,13.19
hja2016_084,177,hyporheic,1,452,14.8,565808.199860345,4901620.58198475,hja2016_194,HJA-2016_soil_13,soil_detected,3,3749.880942035897,1.9068447910588913,1132,86,0.07597173144876325,20.13
hja2016_127,60,sediment,2,316,43.1,567391.129953618,4898693.71124374,hja2016_194,HJA-2016_soil_13,soil_detected,3,1627.261606199983,0.7024462040700689,1132,353,0.3118374558303887,33
hja2016_129,72,sediment,4,16,568.3,566542.167446234,4896499.80813279,hja2016_194,HJA-2016_soil_13,soil_detected,3,1483.6878335333088,0.5691875822633908,1132,359,0.31713780918727913,39.07
hja2016_131,74,sediment,2,373,70,565310.221852481,4897724.75403567,hja2016_194,HJA-2016_soil_13,soil_detected,3,691.1791434110165,-0.5328684105912409,1132,353,0.3118374558303887,37.74
hja2016_132,84,sediment,4,112,622.7,566447.171641521,4900685.6232752,hja2016_194,HJA-2016_soil_13,soil_detected,3,2848.516237653659,1.5102106301564833,1132,343,0.3030035335689046,41.1
hja2016_133,161,sediment,5,51,5699.1,561109.407372482,4897170.77850081,hja2016_194,HJA-2016_soil_13,soil_detected,3,4926.073371582875,2.300438116271798,1132,323,0.28533568904593637,36.09
hja2016_135,169,sediment,2,144,53.5,568641.074752475,4902527.5419308,hja2016_194,HJA-2016_soil_13,soil_detected,3,5357.483985981573,2.421555632558473,1132,388,0.34275618374558303,44.97
hja2016_136,190,sediment,1,546,14.2,564169.272240084,4897881.7471024,hja2016_194,HJA-2016_soil_13,soil_detected,3,1815.6439058701772,0.8604812810373134,1132,283,0.25,33.89
hja2016_139,CC-2,sediment,2,183,63.6,569992.01509108,4897760.75244588,hja2016_194,HJA-2016_soil_13,soil_detected,3,4008.736521257273,2.003147597841108,1132,429,0.3789752650176678,44.47
hja2016_140,CC-3,sediment,2,183,63,570038.013059678,4897795.75090024,hja2016_194,HJA-2016_soil_13,soil_detected,3,4053.88203817227,2.019304109174844,1132,285,0.25176678445229683,32.97
hja2016_141,CC-4,sediment,2,183,58.5,570162.007583724,4897831.74931045,hja2016_194,HJA-2016_soil_13,soil_detected,3,4177.327004173797,2.0625800831306464,1132,303,0.2676678445229682,35.64
hja2016_142,KC-1,sediment,3,362,114.7,562012.367495176,4896802.79475203,hja2016_194,HJA-2016_soil_13,soil_detected,3,4114.653989453545,2.0407711162634774,1132,341,0.30123674911660775,36.15
hja2016_144,KC-3,sediment,3,362,114,562000.368025107,4896680.80013966,hja2016_194,HJA-2016_soil_13,soil_detected,3,4159.605122121114,2.056446577549666,1132,322,0.284452296819788,37.47
hja2016_145,155,sediment,2,345,81.2,565811.199727862,4897652.75721525,hja2016_194,HJA-2016_soil_13,soil_detected,3,281.96717029760634,-1.8264008968235914,1132,354,0.3127208480565371,38.6
hja2016_146,156,sediment,5,24,2575.9,566141.185154761,4897558.76136638,hja2016_194,HJA-2016_soil_13,soil_detected,3,352.62821179016294,-1.503780193735818,1132,253,0.2234982332155477,31.48
hja2016_147,163,sediment,5,63,6126.6,559726.468447026,4896111.82526722,hja2016_194,HJA-2016_soil_13,soil_detected,3,6502.0242611345475,2.7008889391954782,1132,330,0.2915194346289753,36.33
hja2016_148,165,sediment,2,494,27.9,564789.244860317,4900155.64668049,hja2016_194,HJA-2016_soil_13,soil_detected,3,2575.1807695924804,1.3646737085059113,1132,438,0.3869257950530035,44.75
hja2016_150,53,sediment,3,78,280.7,568092.098996817,4898223.73199937,hja2016_194,HJA-2016_soil_13,soil_detected,3,2135.8795636096365,1.0948302997025479,1132,314,0.2773851590106007,34.35
hja2016_151,64,sediment,2,163,33.5,570527.99142083,4895508.85189625,hja2016_194,HJA-2016_soil_13,soil_detected,3,5122.272682041751,2.356784056246202,1132,305,0.26943462897526504,32.15
hja2016_152,66,sediment,4,79,1360.7,567970.104384448,4898153.73509064,hja2016_194,HJA-2016_soil_13,soil_detected,3,2004.6924168111584,1.0033808986343082,1132,220,0.19434628975265017,30.08
hja2016_155,82,sediment,2,536,36.6,564452.259742545,4899854.65997292,hja2016_194,HJA-2016_soil_13,soil_detected,3,2503.712666748999,1.324069003947064,1132,458,0.4045936395759717,43.7
hja2016_157,43,sediment,1,538,7.8,567346.131940859,4898257.7304979,hja2016_194,HJA-2016_soil_13,soil_detected,3,1414.0468962039336,0.4998299672469823,1132,308,0.27208480565371024,32.97
hja2016_159,49,sediment,5,40,3399.1,563281.311454976,4898046.73981585,hja2016_194,HJA-2016_soil_13,soil_detected,3,2709.049317179838,1.4377866574761229,1132,359,0.31713780918727913,39.16
hja2016_160,50,sediment,5,41,4956.4,563054.321479503,4898132.73601802,hja2016_194,HJA-2016_soil_13,soil_detected,3,2941.905042101549,1.5567506804812168,1132,186,0.16431095406360424,21.9
hja2016_031,161,hyporheic,5,51,5699.1,561109.407372482,4897170.77850081,hja2016_194,HJA-2016_soil_13,soil_detected,3,4926.073371582875,2.300438116271798,1132,30,0.026501766784452298,10.66
hja2016_032,54,hyporheic,3,363,207.7,561802.376768968,4897363.76997776,hja2016_194,HJA-2016_soil_13,soil_detected,3,4213.63814771205,2.075066425945372,1132,51,0.045053003533568906,13.81
hja2016_035,192,hyporheic,2,542,28.5,564620.252323511,4897836.74908965,hja2016_194,HJA-2016_soil_13,soil_detected,3,1365.1830348467006,0.4490943912644679,1132,44,0.038869257950530034,9.63
hja2016_037,43,hyporheic,1,538,7.8,567346.131940859,4898257.7304979,hja2016_194,HJA-2016_soil_13,soil_detected,3,1414.0468962039336,0.4998299672469823,1132,53,0.046819787985865724,16.72
hja2016_042,165,planktonic,2,494,27.9,564789.244860317,4900155.64668049,hja2016_194,HJA-2016_soil_13,soil_detected,3,2575.1807695924804,1.3646737085059113,1132,20,0.0176678445229682,6.41
hja2016_043,KC-2,hyporheic,3,362,114.2,561999.368069268,4896735.79771081,hja2016_194,HJA-2016_soil_13,soil_detected,3,4145.113714053554,2.0514116801168862,1132,61,0.053886925795053005,16.32
hja2016_049,67,planktonic,4,83,1558.1,567119.141965387,4897968.74326041,hja2016_194,HJA-2016_soil_13,soil_detected,3,1138.117126066273,0.18664903611529493,1132,17,0.015017667844522967,6.97
hja2016_050,165,hyporheic,2,494,27.9,564789.244860317,4900155.64668049,hja2016_194,HJA-2016_soil_13,soil_detected,3,2575.1807695924804,1.3646737085059113,1132,110,0.09717314487632508,14.6
hja2016_052,163,hyporheic,5,63,6126.6,559726.468447026,4896111.82526722,hja2016_194,HJA-2016_soil_13,soil_detected,3,6502.0242611345475,2.7008889391954782,1132,107,0.09452296819787986,14.95
hja2016_056,KC-1,hyporheic,3,362,114.7,562012.367495176,4896802.79475203,hja2016_194,HJA-2016_soil_13,soil_detected,3,4114.653989453545,2.0407711162634774,1132,128,0.11307420494699646,14.69
hja2016_057,71,hyporheic,3,556,101.7,562662.338790582,4897988.74237719,hja2016_194,HJA-2016_soil_13,soil_detected,3,3324.5152011471287,1.7331439743296853,1132,38,0.03356890459363958,6.74
hja2016_059,KC-2,planktonic,3,362,114.2,561999.368069268,4896735.79771081,hja2016_194,HJA-2016_soil_13,soil_detected,3,4145.113714053554,2.0514116801168862,1132,82,0.07243816254416961,17.68
hja2016_062,WS3-3,hyporheic,2,511,93.4,560639.428128111,4896408.81215143,hja2016_194,HJA-2016_soil_13,soil_detected,3,5542.8709794224105,2.4706334266193326,1132,135,0.11925795053003534,11.83
hja2016_064,WS3-4,planktonic,2,510,81.3,560692.425787583,4896348.81480109,hja2016_194,HJA-2016_soil_13,soil_detected,3,5508.098635548978,2.4615543945751353,1132,74,0.06537102473498234,14.18
hja2016_099,162,planktonic,5,66,6208.4,559348.485139852,4895468.85366269,hja2016_194,HJA-2016_soil_13,soil_detected,3,7059.103496162055,2.8194849733311313,1132,41,0.036219081272084806,3.21
hja2016_100,64,planktonic,2,163,33.5,570527.99142083,4895508.85189625,hja2016_194,HJA-2016_soil_13,soil_detected,3,5122.272682041751,2.356784056246202,1132,17,0.015017667844522967,1.77
hja2016_101,58,planktonic,3,385,67.2,566998.147308857,4898497.71989928,hja2016_194,HJA-2016_soil_13,soil_detected,3,1189.373752770442,0.25020214362670307,1132,34,0.030035335689045935,3.07
hja2016_102,73,hyporheic,2,255,137,566310.177691566,4896786.79545861,hja2016_194,HJA-2016_soil_13,soil_detected,3,1135.6507238819083,0.18351919364181954,1132,34,0.030035335689045935,3
hja2016_103,260,planktonic,4,23,866.1,566425.172613061,4897456.76587079,hja2016_194,HJA-2016_soil_13,soil_detected,3,607.1618681870806,-0.7198469074028409,1132,77,0.06802120141342756,7.94
hja2016_105,178,planktonic,2,411,19.9,566185.18321168,4901793.57434491,hja2016_194,HJA-2016_soil_13,soil_detected,3,3923.8223424059493,1.9722597226141956,1132,37,0.03268551236749117,3.52
hja2016_106,170,planktonic,2,229,49.4,570659.985591589,4896908.79007097,hja2016_194,HJA-2016_soil_13,soil_detected,3,4773.855910914637,2.25515502227515,1132,9,0.007950530035335688,0.98
hja2016_107,57,hyporheic,4,131,1488.8,563668.294364702,4898599.71539487,hja2016_194,HJA-2016_soil_13,soil_detected,3,2427.3610597989937,1.2793887193002396,1132,31,0.027385159010600707,3.13
hja2016_109,169,planktonic,2,144,53.5,568641.074752475,4902527.5419308,hja2016_194,HJA-2016_soil_13,soil_detected,3,5357.483985981573,2.421555632558473,1132,39,0.03445229681978799,3.71
hja2016_110,76,hyporheic,3,150,303.5,570464.994202967,4896947.7883487,hja2016_194,HJA-2016_soil_13,soil_detected,3,4575.007154777444,2.1937739996051757,1132,30,0.026501766784452298,3.22
hja2016_111,160,planktonic,5,24,2569.5,566416.173010509,4897492.764281,hja2016_194,HJA-2016_soil_13,soil_detected,3,576.1909246036323,-0.7953811576322817,1132,40,0.0353356890459364,3.6
hja2016_114,WS1-5,planktonic,2,522,87.9,559517.477676657,4895016.87362342,hja2016_194,HJA-2016_soil_13,soil_detected,3,7070.764889003563,2.8218662888513326,1132,38,0.03356890459363958,3.84
hja2016_116,53,planktonic,3,78,280.7,568092.098996817,4898223.73199937,hja2016_194,HJA-2016_soil_13,soil_detected,3,2135.8795636096365,1.0948302997025479,1132,39,0.03445229681978799,3.85
hja2016_119,56,planktonic,3,321,99.5,562839.3309741,4897811.75019367,hja2016_194,HJA-2016_soil_13,soil_detected,3,3146.205293638957,1.653612811393052,1132,66,0.05830388692579505,7.23
hja2016_121,84,hyporheic,4,112,622.7,566447.171641521,4900685.6232752,hja2016_194,HJA-2016_soil_13,soil_detected,3,2848.516237653659,1.5102106301564833,1132,9,0.007950530035335688,0.85
hja2016_122,45,sediment,3,390,193.2,565977.192397151,4897892.74661664,hja2016_194,HJA-2016_soil_13,soil_detected,3,19.471690301085165,-5.682478062617111,1132,378,0.3339222614840989,41.84
hja2016_125,56,sediment,3,321,99.5,562839.3309741,4897811.75019367,hja2016_194,HJA-2016_soil_13,soil_detected,3,3146.205293638957,1.653612811393052,1132,392,0.3462897526501767,43.03
hja2016_164,260,sediment,4,23,866.1,566425.172613061,4897456.76587079,hja2016_194,HJA-2016_soil_13,soil_detected,3,607.1618681870806,-0.7198469074028409,1132,282,0.24911660777385158,37.94
hja2016_166,57,sediment,4,131,1488.8,563668.294364702,4898599.71539487,hja2016_194,HJA-2016_soil_13,soil_detected,3,2427.3610597989937,1.2793887193002396,1132,194,0.17137809187279152,21.51
hja2016_167,WS3-1,sediment,2,511,96.4,560508.433913191,4896516.80738205,hja2016_194,HJA-2016_soil_13,soil_detected,3,5642.343480235059,2.4962944933159745,1132,326,0.2879858657243816,37.28
hja2016_169,WS3-2,sediment,2,511,95.7,560554.431881789,4896487.80866272,hja2016_194,HJA-2016_soil_13,soil_detected,3,5604.814692137714,2.4866666750550754,1132,325,0.2871024734982332,36.75
hja2016_170,WS3-3,sediment,2,511,93.4,560639.428128111,4896408.81215143,hja2016_194,HJA-2016_soil_13,soil_detected,3,5542.8709794224105,2.4706334266193326,1132,334,0.2950530035335689,34.16
hja2016_177,WS1-3,sediment,2,522,92.1,559404.482666841,4895069.8712829,hja2016_194,HJA-2016_soil_13,soil_detected,3,7153.316185736077,2.838612211903254,1132,373,0.3295053003533569,43.18
hja2016_179,WS1-5,sediment,2,522,87.9,559517.477676657,4895016.87362342,hja2016_194,HJA-2016_soil_13,soil_detected,3,7070.764889003563,2.8218662888513326,1132,298,0.26325088339222613,35.18
hja2016_180,WS1-6,sediment,2,522,82.7,559631.472642313,4894993.87463913,hja2016_194,HJA-2016_soil_13,soil_detected,3,6976.115962077639,2.80242402184131,1132,186,0.16431095406360424,22.68
hja2016_181,177,sediment,1,452,14.8,565808.199860345,4901620.58198475,hja2016_194,HJA-2016_soil_13,soil_detected,3,3749.880942035897,1.9068447910588913,1132,366,0.32332155477031804,34.1
hja2016_001,50,planktonic,5,41,4956.4,563054.321479503,4898132.73601802,hja2016_194,HJA-2016_soil_13,soil_enriched,3,2941.905042101549,1.5567506804812168,261,2,0.007662835249042145,0.53
hja2016_008,WS3-1,hyporheic,2,511,96.4,560508.433913191,4896516.80738205,hja2016_194,HJA-2016_soil_13,soil_enriched,3,5642.343480235059,2.4962944933159745,261,7,0.02681992337164751,0.62
hja2016_009,60,hyporheic,2,316,43.1,567391.129953618,4898693.71124374,hja2016_194,HJA-2016_soil_13,soil_enriched,3,1627.261606199983,0.7024462040700689,261,4,0.01532567049808429,0.61
hja2016_010,164,planktonic,3,502,60.8,560307.442789535,4895737.8417834,hja2016_194,HJA-2016_soil_13,soil_enriched,3,6066.3358915277595,2.6008253818436105,261,0,0,0
hja2016_011,WS1-6,planktonic,2,522,82.7,559631.472642313,4894993.87463913,hja2016_194,HJA-2016_soil_13,soil_enriched,3,6976.115962077639,2.80242402184131,261,10,0.038314176245210725,0.98
hja2016_013,WS1-4,planktonic,2,522,89.8,559453.480502956,4895042.87247524,hja2016_194,HJA-2016_soil_13,soil_enriched,3,7118.965691379154,2.8316676484511594,261,5,0.019157088122605363,0.59
hja2016_014,WS1-6,hyporheic,2,522,82.7,559631.472642313,4894993.87463913,hja2016_194,HJA-2016_soil_13,soil_enriched,3,6976.115962077639,2.80242402184131,261,2,0.007662835249042145,0.41
hja2016_015,47,hyporheic,4,134,1550.1,563254.31264732,4898130.73610634,hja2016_194,HJA-2016_soil_13,soil_enriched,3,2742.552356261057,1.4555191624323682,261,1,0.0038314176245210726,0.47
hja2016_016,74,hyporheic,2,373,70,565310.221852481,4897724.75403567,hja2016_194,HJA-2016_soil_13,soil_enriched,3,691.1791434110165,-0.5328684105912409,261,2,0.007662835249042145,0.21
hja2016_018,WS1-5,hyporheic,2,522,87.9,559517.477676657,4895016.87362342,hja2016_194,HJA-2016_soil_13,soil_enriched,3,7070.764889003563,2.8218662888513326,261,7,0.02681992337164751,0.44
hja2016_019,155,hyporheic,2,345,81.2,565811.199727862,4897652.75721525,hja2016_194,HJA-2016_soil_13,soil_enriched,3,281.96717029760634,-1.8264008968235914,261,8,0.03065134099616858,1.86
hja2016_020,WS1-2,hyporheic,2,522,93.6,559354.484874886,4895103.86978142,hja2016_194,HJA-2016_soil_13,soil_enriched,3,7186.158212151722,2.8452206984035415,261,8,0.03065134099616858,0.97
hja2016_021,156,hyporheic,5,24,2575.9,566141.185154761,4897558.76136638,hja2016_194,HJA-2016_soil_13,soil_enriched,3,352.62821179016294,-1.503780193735818,261,4,0.01532567049808429,0.67
hja2016_027,WS3-6,planktonic,2,510,78.4,560819.420179147,4896235.81979127,hja2016_194,HJA-2016_soil_13,soil_enriched,3,5419.288574085166,2.4381034718733203,261,5,0.019157088122605363,0.64
hja2016_065,68,hyporheic,5,30,3032.2,565145.229139031,4897899.74630751,hja2016_194,HJA-2016_soil_13,soil_enriched,3,840.0424818821426,-0.25146580645911043,261,10,0.038314176245210725,1.12
hja2016_066,49,hyporheic,5,40,3399.1,563281.311454976,4898046.73981585,hja2016_194,HJA-2016_soil_13,soil_enriched,3,2709.049317179838,1.4377866574761229,261,7,0.02681992337164751,0.77
hja2016_070,56,hyporheic,3,321,99.5,562839.3309741,4897811.75019367,hja2016_194,HJA-2016_soil_13,soil_enriched,3,3146.205293638957,1.653612811393052,261,6,0.022988505747126436,0.71
hja2016_071,164,hyporheic,3,502,60.8,560307.442789535,4895737.8417834,hja2016_194,HJA-2016_soil_13,soil_enriched,3,6066.3358915277595,2.6008253818436105,261,9,0.034482758620689655,0.84
hja2016_075,260,hyporheic,4,23,866.1,566425.172613061,4897456.76587079,hja2016_194,HJA-2016_soil_13,soil_enriched,3,607.1618681870806,-0.7198469074028409,261,4,0.01532567049808429,0.59
hja2016_078,CC-1,hyporheic,2,183,64,569956.016680872,4897740.75332909,hja2016_194,HJA-2016_soil_13,soil_enriched,3,3973.377580052826,1.9903658956124288,261,7,0.02681992337164751,1.18
hja2016_079,64,hyporheic,2,163,33.5,570527.99142083,4895508.85189625,hja2016_194,HJA-2016_soil_13,soil_enriched,3,5122.272682041751,2.356784056246202,261,10,0.038314176245210725,1
hja2016_084,177,hyporheic,1,452,14.8,565808.199860345,4901620.58198475,hja2016_194,HJA-2016_soil_13,soil_enriched,3,3749.880942035897,1.9068447910588913,261,6,0.022988505747126436,0.76
hja2016_127,60,sediment,2,316,43.1,567391.129953618,4898693.71124374,hja2016_194,HJA-2016_soil_13,soil_enriched,3,1627.261606199983,0.7024462040700689,261,22,0.0842911877394636,1.66
hja2016_129,72,sediment,4,16,568.3,566542.167446234,4896499.80813279,hja2016_194,HJA-2016_soil_13,soil_enriched,3,1483.6878335333088,0.5691875822633908,261,30,0.11494252873563218,3.55
hja2016_131,74,sediment,2,373,70,565310.221852481,4897724.75403567,hja2016_194,HJA-2016_soil_13,soil_enriched,3,691.1791434110165,-0.5328684105912409,261,30,0.11494252873563218,3.54
hja2016_132,84,sediment,4,112,622.7,566447.171641521,4900685.6232752,hja2016_194,HJA-2016_soil_13,soil_enriched,3,2848.516237653659,1.5102106301564833,261,34,0.13026819923371646,3.4
hja2016_133,161,sediment,5,51,5699.1,561109.407372482,4897170.77850081,hja2016_194,HJA-2016_soil_13,soil_enriched,3,4926.073371582875,2.300438116271798,261,61,0.23371647509578544,7.54
hja2016_135,169,sediment,2,144,53.5,568641.074752475,4902527.5419308,hja2016_194,HJA-2016_soil_13,soil_enriched,3,5357.483985981573,2.421555632558473,261,38,0.14559386973180077,4.03
hja2016_136,190,sediment,1,546,14.2,564169.272240084,4897881.7471024,hja2016_194,HJA-2016_soil_13,soil_enriched,3,1815.6439058701772,0.8604812810373134,261,23,0.08812260536398467,2.23
hja2016_139,CC-2,sediment,2,183,63.6,569992.01509108,4897760.75244588,hja2016_194,HJA-2016_soil_13,soil_enriched,3,4008.736521257273,2.003147597841108,261,46,0.17624521072796934,4.63
hja2016_140,CC-3,sediment,2,183,63,570038.013059678,4897795.75090024,hja2016_194,HJA-2016_soil_13,soil_enriched,3,4053.88203817227,2.019304109174844,261,22,0.0842911877394636,2.1
hja2016_141,CC-4,sediment,2,183,58.5,570162.007583724,4897831.74931045,hja2016_194,HJA-2016_soil_13,soil_enriched,3,4177.327004173797,2.0625800831306464,261,29,0.1111111111111111,2.53
hja2016_142,KC-1,sediment,3,362,114.7,562012.367495176,4896802.79475203,hja2016_194,HJA-2016_soil_13,soil_enriched,3,4114.653989453545,2.0407711162634774,261,30,0.11494252873563218,2.38
hja2016_144,KC-3,sediment,3,362,114,562000.368025107,4896680.80013966,hja2016_194,HJA-2016_soil_13,soil_enriched,3,4159.605122121114,2.056446577549666,261,24,0.09195402298850575,2.31
hja2016_145,155,sediment,2,345,81.2,565811.199727862,4897652.75721525,hja2016_194,HJA-2016_soil_13,soil_enriched,3,281.96717029760634,-1.8264008968235914,261,29,0.1111111111111111,3.27
hja2016_146,156,sediment,5,24,2575.9,566141.185154761,4897558.76136638,hja2016_194,HJA-2016_soil_13,soil_enriched,3,352.62821179016294,-1.503780193735818,261,15,0.05747126436781609,1.63
hja2016_147,163,sediment,5,63,6126.6,559726.468447026,4896111.82526722,hja2016_194,HJA-2016_soil_13,soil_enriched,3,6502.0242611345475,2.7008889391954782,261,60,0.22988505747126436,6.92
hja2016_148,165,sediment,2,494,27.9,564789.244860317,4900155.64668049,hja2016_194,HJA-2016_soil_13,soil_enriched,3,2575.1807695924804,1.3646737085059113,261,46,0.17624521072796934,4.81
hja2016_150,53,sediment,3,78,280.7,568092.098996817,4898223.73199937,hja2016_194,HJA-2016_soil_13,soil_enriched,3,2135.8795636096365,1.0948302997025479,261,23,0.08812260536398467,2.28
hja2016_151,64,sediment,2,163,33.5,570527.99142083,4895508.85189625,hja2016_194,HJA-2016_soil_13,soil_enriched,3,5122.272682041751,2.356784056246202,261,59,0.2260536398467433,6.16
hja2016_152,66,sediment,4,79,1360.7,567970.104384448,4898153.73509064,hja2016_194,HJA-2016_soil_13,soil_enriched,3,2004.6924168111584,1.0033808986343082,261,16,0.06130268199233716,1.58
hja2016_155,82,sediment,2,536,36.6,564452.259742545,4899854.65997292,hja2016_194,HJA-2016_soil_13,soil_enriched,3,2503.712666748999,1.324069003947064,261,55,0.210727969348659,4.93
hja2016_157,43,sediment,1,538,7.8,567346.131940859,4898257.7304979,hja2016_194,HJA-2016_soil_13,soil_enriched,3,1414.0468962039336,0.4998299672469823,261,26,0.09961685823754789,1.96
hja2016_159,49,sediment,5,40,3399.1,563281.311454976,4898046.73981585,hja2016_194,HJA-2016_soil_13,soil_enriched,3,2709.049317179838,1.4377866574761229,261,28,0.10727969348659004,2.15
hja2016_160,50,sediment,5,41,4956.4,563054.321479503,4898132.73601802,hja2016_194,HJA-2016_soil_13,soil_enriched,3,2941.905042101549,1.5567506804812168,261,5,0.019157088122605363,0.89
hja2016_031,161,hyporheic,5,51,5699.1,561109.407372482,4897170.77850081,hja2016_194,HJA-2016_soil_13,soil_enriched,3,4926.073371582875,2.300438116271798,261,4,0.01532567049808429,1.29
hja2016_032,54,hyporheic,3,363,207.7,561802.376768968,4897363.76997776,hja2016_194,HJA-2016_soil_13,soil_enriched,3,4213.63814771205,2.075066425945372,261,6,0.022988505747126436,0.63
hja2016_035,192,hyporheic,2,542,28.5,564620.252323511,4897836.74908965,hja2016_194,HJA-2016_soil_13,soil_enriched,3,1365.1830348467006,0.4490943912644679,261,3,0.011494252873563218,0.52
hja2016_037,43,hyporheic,1,538,7.8,567346.131940859,4898257.7304979,hja2016_194,HJA-2016_soil_13,soil_enriched,3,1414.0468962039336,0.4998299672469823,261,0,0,0
hja2016_042,165,planktonic,2,494,27.9,564789.244860317,4900155.64668049,hja2016_194,HJA-2016_soil_13,soil_enriched,3,2575.1807695924804,1.3646737085059113,261,1,0.0038314176245210726,0.07
hja2016_043,KC-2,hyporheic,3,362,114.2,561999.368069268,4896735.79771081,hja2016_194,HJA-2016_soil_13,soil_enriched,3,4145.113714053554,2.0514116801168862,261,4,0.01532567049808429,0.72
hja2016_049,67,planktonic,4,83,1558.1,567119.141965387,4897968.74326041,hja2016_194,HJA-2016_soil_13,soil_enriched,3,1138.117126066273,0.18664903611529493,261,1,0.0038314176245210726,0.07
hja2016_050,165,hyporheic,2,494,27.9,564789.244860317,4900155.64668049,hja2016_194,HJA-2016_soil_13,soil_enriched,3,2575.1807695924804,1.3646737085059113,261,8,0.03065134099616858,0.81
hja2016_052,163,hyporheic,5,63,6126.6,559726.468447026,4896111.82526722,hja2016_194,HJA-2016_soil_13,soil_enriched,3,6502.0242611345475,2.7008889391954782,261,8,0.03065134099616858,0.68
hja2016_056,KC-1,hyporheic,3,362,114.7,562012.367495176,4896802.79475203,hja2016_194,HJA-2016_soil_13,soil_enriched,3,4114.653989453545,2.0407711162634774,261,6,0.022988505747126436,0.6
hja2016_057,71,hyporheic,3,556,101.7,562662.338790582,4897988.74237719,hja2016_194,HJA-2016_soil_13,soil_enriched,3,3324.5152011471287,1.7331439743296853,261,2,0.007662835249042145,0.65
hja2016_059,KC-2,planktonic,3,362,114.2,561999.368069268,4896735.79771081,hja2016_194,HJA-2016_soil_13,soil_enriched,3,4145.113714053554,2.0514116801168862,261,5,0.019157088122605363,1.35
hja2016_062,WS3-3,hyporheic,2,511,93.4,560639.428128111,4896408.81215143,hja2016_194,HJA-2016_soil_13,soil_enriched,3,5542.8709794224105,2.4706334266193326,261,5,0.019157088122605363,0.37
hja2016_064,WS3-4,planktonic,2,510,81.3,560692.425787583,4896348.81480109,hja2016_194,HJA-2016_soil_13,soil_enriched,3,5508.098635548978,2.4615543945751353,261,3,0.011494252873563218,0.56
hja2016_099,162,planktonic,5,66,6208.4,559348.485139852,4895468.85366269,hja2016_194,HJA-2016_soil_13,soil_enriched,3,7059.103496162055,2.8194849733311313,261,4,0.01532567049808429,0.34
hja2016_100,64,planktonic,2,163,33.5,570527.99142083,4895508.85189625,hja2016_194,HJA-2016_soil_13,soil_enriched,3,5122.272682041751,2.356784056246202,261,3,0.011494252873563218,0.14
hja2016_101,58,planktonic,3,385,67.2,566998.147308857,4898497.71989928,hja2016_194,HJA-2016_soil_13,soil_enriched,3,1189.373752770442,0.25020214362670307,261,3,0.011494252873563218,0.26
hja2016_102,73,hyporheic,2,255,137,566310.177691566,4896786.79545861,hja2016_194,HJA-2016_soil_13,soil_enriched,3,1135.6507238819083,0.18351919364181954,261,3,0.011494252873563218,0.36
hja2016_103,260,planktonic,4,23,866.1,566425.172613061,4897456.76587079,hja2016_194,HJA-2016_soil_13,soil_enriched,3,607.1618681870806,-0.7198469074028409,261,4,0.01532567049808429,0.69
hja2016_105,178,planktonic,2,411,19.9,566185.18321168,4901793.57434491,hja2016_194,HJA-2016_soil_13,soil_enriched,3,3923.8223424059493,1.9722597226141956,261,5,0.019157088122605363,0.49
hja2016_106,170,planktonic,2,229,49.4,570659.985591589,4896908.79007097,hja2016_194,HJA-2016_soil_13,soil_enriched,3,4773.855910914637,2.25515502227515,261,1,0.0038314176245210726,0.11
hja2016_107,57,hyporheic,4,131,1488.8,563668.294364702,4898599.71539487,hja2016_194,HJA-2016_soil_13,soil_enriched,3,2427.3610597989937,1.2793887193002396,261,3,0.011494252873563218,0.36
hja2016_109,169,planktonic,2,144,53.5,568641.074752475,4902527.5419308,hja2016_194,HJA-2016_soil_13,soil_enriched,3,5357.483985981573,2.421555632558473,261,4,0.01532567049808429,0.47
hja2016_110,76,hyporheic,3,150,303.5,570464.994202967,4896947.7883487,hja2016_194,HJA-2016_soil_13,soil_enriched,3,4575.007154777444,2.1937739996051757,261,4,0.01532567049808429,0.38
hja2016_111,160,planktonic,5,24,2569.5,566416.173010509,4897492.764281,hja2016_194,HJA-2016_soil_13,soil_enriched,3,576.1909246036323,-0.7953811576322817,261,7,0.02681992337164751,0.46
hja2016_114,WS1-5,planktonic,2,522,87.9,559517.477676657,4895016.87362342,hja2016_194,HJA-2016_soil_13,soil_enriched,3,7070.764889003563,2.8218662888513326,261,3,0.011494252873563218,0.32
hja2016_116,53,planktonic,3,78,280.7,568092.098996817,4898223.73199937,hja2016_194,HJA-2016_soil_13,soil_enriched,3,2135.8795636096365,1.0948302997025479,261,7,0.02681992337164751,0.53
hja2016_119,56,planktonic,3,321,99.5,562839.3309741,4897811.75019367,hja2016_194,HJA-2016_soil_13,soil_enriched,3,3146.205293638957,1.653612811393052,261,8,0.03065134099616858,0.7
hja2016_121,84,hyporheic,4,112,622.7,566447.171641521,4900685.6232752,hja2016_194,HJA-2016_soil_13,soil_enriched,3,2848.516237653659,1.5102106301564833,261,1,0.0038314176245210726,0.09
hja2016_122,45,sediment,3,390,193.2,565977.192397151,4897892.74661664,hja2016_194,HJA-2016_soil_13,soil_enriched,3,19.471690301085165,-5.682478062617111,261,27,0.10344827586206896,2.36
hja2016_125,56,sediment,3,321,99.5,562839.3309741,4897811.75019367,hja2016_194,HJA-2016_soil_13,soil_enriched,3,3146.205293638957,1.653612811393052,261,27,0.10344827586206896,2.68
hja2016_164,260,sediment,4,23,866.1,566425.172613061,4897456.76587079,hja2016_194,HJA-2016_soil_13,soil_enriched,3,607.1618681870806,-0.7198469074028409,261,23,0.08812260536398467,3.12
hja2016_166,57,sediment,4,131,1488.8,563668.294364702,4898599.71539487,hja2016_194,HJA-2016_soil_13,soil_enriched,3,2427.3610597989937,1.2793887193002396,261,11,0.0421455938697318,1.11
hja2016_167,WS3-1,sediment,2,511,96.4,560508.433913191,4896516.80738205,hja2016_194,HJA-2016_soil_13,soil_enriched,3,5642.343480235059,2.4962944933159745,261,68,0.26053639846743293,7.48
hja2016_169,WS3-2,sediment,2,511,95.7,560554.431881789,4896487.80866272,hja2016_194,HJA-2016_soil_13,soil_enriched,3,5604.814692137714,2.4866666750550754,261,63,0.2413793103448276,7.08
hja2016_170,WS3-3,sediment,2,511,93.4,560639.428128111,4896408.81215143,hja2016_194,HJA-2016_soil_13,soil_enriched,3,5542.8709794224105,2.4706334266193326,261,33,0.12643678160919541,3.06
hja2016_177,WS1-3,sediment,2,522,92.1,559404.482666841,4895069.8712829,hja2016_194,HJA-2016_soil_13,soil_enriched,3,7153.316185736077,2.838612211903254,261,45,0.1724137931034483,3.82
hja2016_179,WS1-5,sediment,2,522,87.9,559517.477676657,4895016.87362342,hja2016_194,HJA-2016_soil_13,soil_enriched,3,7070.764889003563,2.8218662888513326,261,18,0.06896551724137931,1.94
hja2016_180,WS1-6,sediment,2,522,82.7,559631.472642313,4894993.87463913,hja2016_194,HJA-2016_soil_13,soil_enriched,3,6976.115962077639,2.80242402184131,261,6,0.022988505747126436,1.1
hja2016_181,177,sediment,1,452,14.8,565808.199860345,4901620.58198475,hja2016_194,HJA-2016_soil_13,soil_enriched,3,3749.880942035897,1.9068447910588913,261,30,0.11494252873563218,2.88
hja2016_001,50,planktonic,5,41,4956.4,563054.321479503,4898132.73601802,hja2016_195,HJA-2016_soil_14,soil_detected,3,2155.5055668184013,1.108026288431938,845,12,0.014201183431952662,3.3
hja2016_008,WS3-1,hyporheic,2,511,96.4,560508.433913191,4896516.80738205,hja2016_195,HJA-2016_soil_14,soil_detected,3,4915.933715278434,2.297465463049102,845,39,0.046153846153846156,6.63
hja2016_009,60,hyporheic,2,316,43.1,567391.129953618,4898693.71124374,hja2016_195,HJA-2016_soil_14,soil_detected,3,2303.069925106986,1.2035582144627661,845,28,0.033136094674556214,8.81
hja2016_010,164,planktonic,3,502,60.8,560307.442789535,4895737.8417834,hja2016_195,HJA-2016_soil_14,soil_detected,3,5382.292554207376,2.4282208107169527,845,10,0.011834319526627219,4.19
hja2016_011,WS1-6,planktonic,2,522,82.7,559631.472642313,4894993.87463913,hja2016_195,HJA-2016_soil_14,soil_detected,3,6318.569793603454,2.6595980417603453,845,44,0.05207100591715976,4.28
hja2016_013,WS1-4,planktonic,2,522,89.8,559453.480502956,4895042.87247524,hja2016_195,HJA-2016_soil_14,soil_detected,3,6453.695923190305,2.6901256044068123,845,35,0.04142011834319527,4.66
hja2016_014,WS1-6,hyporheic,2,522,82.7,559631.472642313,4894993.87463913,hja2016_195,HJA-2016_soil_14,soil_detected,3,6318.569793603454,2.6595980417603453,845,24,0.028402366863905324,7.43
hja2016_015,47,hyporheic,4,134,1550.1,563254.31264732,4898130.73610634,hja2016_195,HJA-2016_soil_14,soil_detected,3,1955.9608789176561,0.9678775153024612,845,11,0.01301775147928994,2.93
hja2016_016,74,hyporheic,2,373,70,565310.221852481,4897724.75403567,hja2016_195,HJA-2016_soil_14,soil_detected,3,269.68748844901444,-1.8906395023878437,845,10,0.011834319526627219,2.05
hja2016_018,WS1-5,hyporheic,2,522,87.9,559517.477676657,4895016.87362342,hja2016_195,HJA-2016_soil_14,soil_detected,3,6408.688144514996,2.6800290680612875,845,32,0.0378698224852071,2.77
hja2016_019,155,hyporheic,2,345,81.2,565811.199727862,4897652.75721525,hja2016_195,HJA-2016_soil_14,soil_detected,3,686.3966609677049,-0.5428855601400121,845,38,0.04497041420118343,7.22
hja2016_020,WS1-2,hyporheic,2,522,93.6,559354.484874886,4895103.86978142,hja2016_195,HJA-2016_soil_14,soil_detected,3,6514.969636914479,2.703758455113443,845,49,0.05798816568047337,5.63
hja2016_021,156,hyporheic,5,24,2575.9,566141.185154761,4897558.76136638,hja2016_195,HJA-2016_soil_14,soil_detected,3,1024.6030457100446,0.03506508543160906,845,16,0.01893491124260355,3.24
hja2016_027,WS3-6,planktonic,2,510,78.4,560819.420179147,4896235.81979127,hja2016_195,HJA-2016_soil_14,soil_detected,3,4715.903957517875,2.237534337184597,845,9,0.010650887573964497,1.27
hja2016_065,68,hyporheic,5,30,3032.2,565145.229139031,4897899.74630751,hja2016_195,HJA-2016_soil_14,soil_detected,3,93.51063876397282,-3.4187256791178955,845,53,0.06272189349112427,7.32
hja2016_066,49,hyporheic,5,40,3399.1,563281.311454976,4898046.73981585,hja2016_195,HJA-2016_soil_14,soil_detected,3,1923.9874606362598,0.9440993965420325,845,44,0.05207100591715976,5.92
hja2016_070,56,hyporheic,3,321,99.5,562839.3309741,4897811.75019367,hja2016_195,HJA-2016_soil_14,soil_detected,3,2370.0020705802326,1.2448883195516056,845,21,0.02485207100591716,3.82
hja2016_071,164,hyporheic,3,502,60.8,560307.442789535,4895737.8417834,hja2016_195,HJA-2016_soil_14,soil_detected,3,5382.292554207376,2.4282208107169527,845,58,0.06863905325443787,5.54
hja2016_075,260,hyporheic,4,23,866.1,566425.172613061,4897456.76587079,hja2016_195,HJA-2016_soil_14,soil_detected,3,1325.7645477769647,0.4068245794351215,845,34,0.040236686390532544,6.26
hja2016_078,CC-1,hyporheic,2,183,64,569956.016680872,4897740.75332909,hja2016_195,HJA-2016_soil_14,soil_detected,3,4757.798898140008,2.2502942934554406,845,32,0.0378698224852071,5.19
hja2016_079,64,hyporheic,2,163,33.5,570527.99142083,4895508.85189625,hja2016_195,HJA-2016_soil_14,soil_detected,3,5866.537268008727,2.5525092017456656,845,53,0.06272189349112427,6.82
hja2016_084,177,hyporheic,1,452,14.8,565808.199860345,4901620.58198475,hja2016_195,HJA-2016_soil_14,soil_detected,3,3697.7145517131607,1.8866338589436649,845,30,0.03550295857988166,6.82
hja2016_127,60,sediment,2,316,43.1,567391.129953618,4898693.71124374,hja2016_195,HJA-2016_soil_14,soil_detected,3,2303.069925106986,1.2035582144627661,845,100,0.11834319526627218,9.68
hja2016_129,72,sediment,4,16,568.3,566542.167446234,4896499.80813279,hja2016_195,HJA-2016_soil_14,soil_detected,3,1990.0038343390268,0.992771210556145,845,121,0.14319526627218934,15.3
hja2016_131,74,sediment,2,373,70,565310.221852481,4897724.75403567,hja2016_195,HJA-2016_soil_14,soil_detected,3,269.68748844901444,-1.8906395023878437,845,130,0.15384615384615385,15.45
hja2016_132,84,sediment,4,112,622.7,566447.171641521,4900685.6232752,hja2016_195,HJA-2016_soil_14,soil_detected,3,2984.3548609150585,1.5774190924442073,845,135,0.15976331360946747,17.76
hja2016_133,161,sediment,5,51,5699.1,561109.407372482,4897170.77850081,hja2016_195,HJA-2016_soil_14,soil_detected,3,4172.23125147289,2.0608191233675424,845,231,0.2733727810650888,24.83
hja2016_135,169,sediment,2,144,53.5,568641.074752475,4902527.5419308,hja2016_195,HJA-2016_soil_14,soil_detected,3,5706.312994503374,2.512558881730985,845,142,0.1680473372781065,19.15
hja2016_136,190,sediment,1,546,14.2,564169.272240084,4897881.7471024,hja2016_195,HJA-2016_soil_14,soil_detected,3,1038.5773140099457,0.054608617614408175,845,88,0.10414201183431952,12.89
hja2016_139,CC-2,sediment,2,183,63.6,569992.01509108,4897760.75244588,hja2016_195,HJA-2016_soil_14,soil_detected,3,4792.829312715031,2.260877562096586,845,131,0.15502958579881657,16.65
hja2016_140,CC-3,sediment,2,183,63,570038.013059678,4897795.75090024,hja2016_195,HJA-2016_soil_14,soil_detected,3,4837.376955849646,2.2742249651447675,845,98,0.11597633136094675,12.04
hja2016_141,CC-4,sediment,2,183,58.5,570162.007583724,4897831.74931045,hja2016_195,HJA-2016_soil_14,soil_detected,3,4960.138052298477,2.3103802747643125,845,108,0.12781065088757396,14.96
hja2016_142,KC-1,sediment,3,362,114.7,562012.367495176,4896802.79475203,hja2016_195,HJA-2016_soil_14,soil_detected,3,3399.1314788393493,1.7651661665871357,845,107,0.12662721893491125,13.69
hja2016_144,KC-3,sediment,3,362,114,562000.368025107,4896680.80013966,hja2016_195,HJA-2016_soil_14,soil_detected,3,3454.146857014791,1.7883294220049233,845,85,0.10059171597633136,13.45
hja2016_145,155,sediment,2,345,81.2,565811.199727862,4897652.75721525,hja2016_195,HJA-2016_soil_14,soil_detected,3,686.3966609677049,-0.5428855601400121,845,131,0.15502958579881657,15.71
hja2016_146,156,sediment,5,24,2575.9,566141.185154761,4897558.76136638,hja2016_195,HJA-2016_soil_14,soil_detected,3,1024.6030457100446,0.03506508543160906,845,83,0.09822485207100591,11.32
hja2016_147,163,sediment,5,63,6126.6,559726.468447026,4896111.82526722,hja2016_195,HJA-2016_soil_14,soil_detected,3,5784.837925553817,2.5322765397519063,845,231,0.2733727810650888,25.05
hja2016_148,165,sediment,2,494,27.9,564789.244860317,4900155.64668049,hja2016_195,HJA-2016_soil_14,soil_detected,3,2222.0866581185287,1.1519150808134135,845,145,0.17159763313609466,17.36
hja2016_150,53,sediment,3,78,280.7,568092.098996817,4898223.73199937,hja2016_195,HJA-2016_soil_14,soil_detected,3,2899.1283065446664,1.5356191840786833,845,103,0.12189349112426036,12.42
hja2016_151,64,sediment,2,163,33.5,570527.99142083,4895508.85189625,hja2016_195,HJA-2016_soil_14,soil_detected,3,5866.537268008727,2.5525092017456656,845,210,0.2485207100591716,21.98
hja2016_152,66,sediment,4,79,1360.7,567970.104384448,4898153.73509064,hja2016_195,HJA-2016_soil_14,soil_detected,3,2772.160049302084,1.471010553170931,845,67,0.07928994082840236,10.2
hja2016_155,82,sediment,2,536,36.6,564452.259742545,4899854.65997292,hja2016_195,HJA-2016_soil_14,soil_detected,3,2026.6032981385986,1.0190637129688511,845,139,0.16449704142011834,16.81
hja2016_157,43,sediment,1,538,7.8,567346.131940859,4898257.7304979,hja2016_195,HJA-2016_soil_14,soil_detected,3,2161.1563034710957,1.1118034174486742,845,105,0.1242603550295858,10.4
hja2016_159,49,sediment,5,40,3399.1,563281.311454976,4898046.73981585,hja2016_195,HJA-2016_soil_14,soil_detected,3,1923.9874606362598,0.9440993965420325,845,95,0.11242603550295859,13.96
hja2016_160,50,sediment,5,41,4956.4,563054.321479503,4898132.73601802,hja2016_195,HJA-2016_soil_14,soil_detected,3,2155.5055668184013,1.108026288431938,845,56,0.06627218934911243,5.31
hja2016_031,161,hyporheic,5,51,5699.1,561109.407372482,4897170.77850081,hja2016_195,HJA-2016_soil_14,soil_detected,3,4172.23125147289,2.0608191233675424,845,12,0.014201183431952662,3.84
hja2016_032,54,hyporheic,3,363,207.7,561802.376768968,4897363.76997776,hja2016_195,HJA-2016_soil_14,soil_detected,3,3455.5474714962434,1.7889142987008217,845,19,0.022485207100591716,5.17
hja2016_035,192,hyporheic,2,542,28.5,564620.252323511,4897836.74908965,hja2016_195,HJA-2016_soil_14,soil_detected,3,599.2164940053516,-0.7388507589875261,845,20,0.023668639053254437,4.12
hja2016_037,43,hyporheic,1,538,7.8,567346.131940859,4898257.7304979,hja2016_195,HJA-2016_soil_14,soil_detected,3,2161.1563034710957,1.1118034174486742,845,11,0.01301775147928994,3.64
hja2016_042,165,planktonic,2,494,27.9,564789.244860317,4900155.64668049,hja2016_195,HJA-2016_soil_14,soil_detected,3,2222.0866581185287,1.1519150808134135,845,7,0.008284023668639054,2.37
hja2016_043,KC-2,hyporheic,3,362,114.2,561999.368069268,4896735.79771081,hja2016_195,HJA-2016_soil_14,soil_detected,3,3434.8905129163436,1.7802641138934376,845,24,0.028402366863905324,7.49
hja2016_049,67,planktonic,4,83,1558.1,567119.141965387,4897968.74326041,hja2016_195,HJA-2016_soil_14,soil_detected,3,1915.2764584802298,0.9375526514147817,845,3,0.0035502958579881655,1.11
hja2016_050,165,hyporheic,2,494,27.9,564789.244860317,4900155.64668049,hja2016_195,HJA-2016_soil_14,soil_detected,3,2222.0866581185287,1.1519150808134135,845,40,0.047337278106508875,5.06
hja2016_052,163,hyporheic,5,63,6126.6,559726.468447026,4896111.82526722,hja2016_195,HJA-2016_soil_14,soil_detected,3,5784.837925553817,2.5322765397519063,845,53,0.06272189349112427,6.89
hja2016_056,KC-1,hyporheic,3,362,114.7,562012.367495176,4896802.79475203,hja2016_195,HJA-2016_soil_14,soil_detected,3,3399.1314788393493,1.7651661665871357,845,48,0.05680473372781065,6.33
hja2016_057,71,hyporheic,3,556,101.7,562662.338790582,4897988.74237719,hja2016_195,HJA-2016_soil_14,soil_detected,3,2541.5819250969857,1.345726735223192,845,18,0.021301775147928994,3.91
hja2016_059,KC-2,planktonic,3,362,114.2,561999.368069268,4896735.79771081,hja2016_195,HJA-2016_soil_14,soil_detected,3,3434.8905129163436,1.7802641138934376,845,30,0.03550295857988166,5.59
hja2016_062,WS3-3,hyporheic,2,511,93.4,560639.428128111,4896408.81215143,hja2016_195,HJA-2016_soil_14,soil_detected,3,4824.884578681192,2.270494430514196,845,41,0.0485207100591716,4.31
hja2016_064,WS3-4,planktonic,2,510,81.3,560692.425787583,4896348.81480109,hja2016_195,HJA-2016_soil_14,soil_detected,3,4794.7632637385395,2.261459585491204,845,19,0.022485207100591716,4.26
hja2016_099,162,planktonic,5,66,6208.4,559348.485139852,4895468.85366269,hja2016_195,HJA-2016_soil_14,soil_detected,3,6368.217807202587,2.670889680102245,845,25,0.029585798816568046,1.73
hja2016_100,64,planktonic,2,163,33.5,570527.99142083,4895508.85189625,hja2016_195,HJA-2016_soil_14,soil_detected,3,5866.537268008727,2.5525092017456656,845,13,0.015384615384615385,1.09
hja2016_101,58,planktonic,3,385,67.2,566998.147308857,4898497.71989928,hja2016_195,HJA-2016_soil_14,soil_detected,3,1869.54523243127,0.9026873766867765,845,15,0.01775147928994083,1.48
hja2016_102,73,hyporheic,2,255,137,566310.177691566,4896786.79545861,hja2016_195,HJA-2016_soil_14,soil_detected,3,1621.7325316129654,0.6975358990036712,845,17,0.020118343195266272,1.65
hja2016_103,260,planktonic,4,23,866.1,566425.172613061,4897456.76587079,hja2016_195,HJA-2016_soil_14,soil_detected,3,1325.7645477769647,0.4068245794351215,845,35,0.04142011834319527,4.07
hja2016_105,178,planktonic,2,411,19.9,566185.18321168,4901793.57434491,hja2016_195,HJA-2016_soil_14,soil_detected,3,3944.9881862003795,1.980020979900167,845,25,0.029585798816568046,2.04
hja2016_106,170,planktonic,2,229,49.4,570659.985591589,4896908.79007097,hja2016_195,HJA-2016_soil_14,soil_detected,3,5558.854672371676,2.474787665556505,845,4,0.004733727810650888,0.43
hja2016_107,57,hyporheic,4,131,1488.8,563668.294364702,4898599.71539487,hja2016_195,HJA-2016_soil_14,soil_detected,3,1658.6989893291154,0.7300520984674977,845,17,0.020118343195266272,1.64
hja2016_109,169,planktonic,2,144,53.5,568641.074752475,4902527.5419308,hja2016_195,HJA-2016_soil_14,soil_detected,3,5706.312994503374,2.512558881730985,845,21,0.02485207100591716,1.91
hja2016_110,76,hyporheic,3,150,303.5,570464.994202967,4896947.7883487,hja2016_195,HJA-2016_soil_14,soil_detected,3,5360.004107050124,2.4222341061342747,845,14,0.016568047337278107,1.62
hja2016_111,160,planktonic,5,24,2569.5,566416.173010509,4897492.764281,hja2016_195,HJA-2016_soil_14,soil_detected,3,1303.805447795197,0.3827286084943415,845,24,0.028402366863905324,2.22
hja2016_114,WS1-5,planktonic,2,522,87.9,559517.477676657,4895016.87362342,hja2016_195,HJA-2016_soil_14,soil_detected,3,6408.688144514996,2.6800290680612875,845,20,0.023668639053254437,1.61
hja2016_116,53,planktonic,3,78,280.7,568092.098996817,4898223.73199937,hja2016_195,HJA-2016_soil_14,soil_detected,3,2899.1283065446664,1.5356191840786833,845,21,0.02485207100591716,2.06
hja2016_119,56,planktonic,3,321,99.5,562839.3309741,4897811.75019367,hja2016_195,HJA-2016_soil_14,soil_detected,3,2370.0020705802326,1.2448883195516056,845,39,0.046153846153846156,3.93
hja2016_121,84,hyporheic,4,112,622.7,566447.171641521,4900685.6232752,hja2016_195,HJA-2016_soil_14,soil_detected,3,2984.3548609150585,1.5774190924442073,845,5,0.005917159763313609,0.38
hja2016_122,45,sediment,3,390,193.2,565977.192397151,4897892.74661664,hja2016_195,HJA-2016_soil_14,soil_detected,3,777.4334588146854,-0.363208895845091,845,95,0.11242603550295859,13.81
hja2016_125,56,sediment,3,321,99.5,562839.3309741,4897811.75019367,hja2016_195,HJA-2016_soil_14,soil_detected,3,2370.0020705802326,1.2448883195516056,845,116,0.13727810650887573,15.05
hja2016_164,260,sediment,4,23,866.1,566425.172613061,4897456.76587079,hja2016_195,HJA-2016_soil_14,soil_detected,3,1325.7645477769647,0.4068245794351215,845,100,0.11834319526627218,15.26
hja2016_166,57,sediment,4,131,1488.8,563668.294364702,4898599.71539487,hja2016_195,HJA-2016_soil_14,soil_detected,3,1658.6989893291154,0.7300520984674977,845,51,0.06035502958579882,5.44
hja2016_167,WS3-1,sediment,2,511,96.4,560508.433913191,4896516.80738205,hja2016_195,HJA-2016_soil_14,soil_detected,3,4915.933715278434,2.297465463049102,845,235,0.2781065088757396,25.21
hja2016_169,WS3-2,sediment,2,511,95.7,560554.431881789,4896487.80866272,hja2016_195,HJA-2016_soil_14,soil_detected,3,4880.761360251741,2.2871062143831136,845,229,0.2710059171597633,24.82
hja2016_170,WS3-3,sediment,2,511,93.4,560639.428128111,4896408.81215143,hja2016_195,HJA-2016_soil_14,soil_detected,3,4824.884578681192,2.270494430514196,845,94,0.11124260355029586,10.11
hja2016_177,WS1-3,sediment,2,522,92.1,559404.482666841,4895069.8712829,hja2016_195,HJA-2016_soil_14,soil_detected,3,6485.263024078437,2.697165087327939,845,150,0.17751479289940827,18.4
hja2016_179,WS1-5,sediment,2,522,87.9,559517.477676657,4895016.87362342,hja2016_195,HJA-2016_soil_14,soil_detected,3,6408.688144514996,2.6800290680612875,845,99,0.11715976331360947,12.75
hja2016_180,WS1-6,sediment,2,522,82.7,559631.472642313,4894993.87463913,hja2016_195,HJA-2016_soil_14,soil_detected,3,6318.569793603454,2.6595980417603453,845,48,0.05680473372781065,5.81
hja2016_181,177,sediment,1,452,14.8,565808.199860345,4901620.58198475,hja2016_195,HJA-2016_soil_14,soil_detected,3,3697.7145517131607,1.8866338589436649,845,98,0.11597633136094675,10.34
hja2016_001,50,planktonic,5,41,4956.4,563054.321479503,4898132.73601802,hja2016_195,HJA-2016_soil_14,soil_enriched,3,2155.5055668184013,1.108026288431938,579,3,0.0051813471502590676,0.62
hja2016_008,WS3-1,hyporheic,2,511,96.4,560508.433913191,4896516.80738205,hja2016_195,HJA-2016_soil_14,soil_enriched,3,4915.933715278434,2.297465463049102,579,9,0.015544041450777202,0.95
hja2016_009,60,hyporheic,2,316,43.1,567391.129953618,4898693.71124374,hja2016_195,HJA-2016_soil_14,soil_enriched,3,2303.069925106986,1.2035582144627661,579,5,0.008635578583765112,0.69
hja2016_010,164,planktonic,3,502,60.8,560307.442789535,4895737.8417834,hja2016_195,HJA-2016_soil_14,soil_enriched,3,5382.292554207376,2.4282208107169527,579,0,0,0
hja2016_011,WS1-6,planktonic,2,522,82.7,559631.472642313,4894993.87463913,hja2016_195,HJA-2016_soil_14,soil_enriched,3,6318.569793603454,2.6595980417603453,579,10,0.017271157167530225,0.94
hja2016_013,WS1-4,planktonic,2,522,89.8,559453.480502956,4895042.87247524,hja2016_195,HJA-2016_soil_14,soil_enriched,3,6453.695923190305,2.6901256044068123,579,8,0.013816925734024179,0.85
hja2016_014,WS1-6,hyporheic,2,522,82.7,559631.472642313,4894993.87463913,hja2016_195,HJA-2016_soil_14,soil_enriched,3,6318.569793603454,2.6595980417603453,579,3,0.0051813471502590676,0.55
hja2016_015,47,hyporheic,4,134,1550.1,563254.31264732,4898130.73610634,hja2016_195,HJA-2016_soil_14,soil_enriched,3,1955.9608789176561,0.9678775153024612,579,1,0.0017271157167530224,0.47
hja2016_016,74,hyporheic,2,373,70,565310.221852481,4897724.75403567,hja2016_195,HJA-2016_soil_14,soil_enriched,3,269.68748844901444,-1.8906395023878437,579,2,0.0034542314335060447,0.21
hja2016_018,WS1-5,hyporheic,2,522,87.9,559517.477676657,4895016.87362342,hja2016_195,HJA-2016_soil_14,soil_enriched,3,6408.688144514996,2.6800290680612875,579,6,0.010362694300518135,0.43
hja2016_019,155,hyporheic,2,345,81.2,565811.199727862,4897652.75721525,hja2016_195,HJA-2016_soil_14,soil_enriched,3,686.3966609677049,-0.5428855601400121,579,9,0.015544041450777202,1.63
hja2016_020,WS1-2,hyporheic,2,522,93.6,559354.484874886,4895103.86978142,hja2016_195,HJA-2016_soil_14,soil_enriched,3,6514.969636914479,2.703758455113443,579,12,0.02072538860103627,1.18
hja2016_021,156,hyporheic,5,24,2575.9,566141.185154761,4897558.76136638,hja2016_195,HJA-2016_soil_14,soil_enriched,3,1024.6030457100446,0.03506508543160906,579,4,0.0069084628670120895,0.89
hja2016_027,WS3-6,planktonic,2,510,78.4,560819.420179147,4896235.81979127,hja2016_195,HJA-2016_soil_14,soil_enriched,3,4715.903957517875,2.237534337184597,579,4,0.0069084628670120895,0.58
hja2016_065,68,hyporheic,5,30,3032.2,565145.229139031,4897899.74630751,hja2016_195,HJA-2016_soil_14,soil_enriched,3,93.51063876397282,-3.4187256791178955,579,15,0.025906735751295335,1.47
hja2016_066,49,hyporheic,5,40,3399.1,563281.311454976,4898046.73981585,hja2016_195,HJA-2016_soil_14,soil_enriched,3,1923.9874606362598,0.9440993965420325,579,12,0.02072538860103627,1.3
hja2016_070,56,hyporheic,3,321,99.5,562839.3309741,4897811.75019367,hja2016_195,HJA-2016_soil_14,soil_enriched,3,2370.0020705802326,1.2448883195516056,579,7,0.012089810017271158,1.05
hja2016_071,164,hyporheic,3,502,60.8,560307.442789535,4895737.8417834,hja2016_195,HJA-2016_soil_14,soil_enriched,3,5382.292554207376,2.4282208107169527,579,11,0.018998272884283247,0.99
hja2016_075,260,hyporheic,4,23,866.1,566425.172613061,4897456.76587079,hja2016_195,HJA-2016_soil_14,soil_enriched,3,1325.7645477769647,0.4068245794351215,579,7,0.012089810017271158,1.28
hja2016_078,CC-1,hyporheic,2,183,64,569956.016680872,4897740.75332909,hja2016_195,HJA-2016_soil_14,soil_enriched,3,4757.798898140008,2.2502942934554406,579,7,0.012089810017271158,1.11
hja2016_079,64,hyporheic,2,163,33.5,570527.99142083,4895508.85189625,hja2016_195,HJA-2016_soil_14,soil_enriched,3,5866.537268008727,2.5525092017456656,579,17,0.02936096718480138,1.65
hja2016_084,177,hyporheic,1,452,14.8,565808.199860345,4901620.58198475,hja2016_195,HJA-2016_soil_14,soil_enriched,3,3697.7145517131607,1.8866338589436649,579,7,0.012089810017271158,0.94
hja2016_127,60,sediment,2,316,43.1,567391.129953618,4898693.71124374,hja2016_195,HJA-2016_soil_14,soil_enriched,3,2303.069925106986,1.2035582144627661,579,18,0.031088082901554404,1.49
hja2016_129,72,sediment,4,16,568.3,566542.167446234,4896499.80813279,hja2016_195,HJA-2016_soil_14,soil_enriched,3,1990.0038343390268,0.992771210556145,579,43,0.07426597582037997,4.59
hja2016_131,74,sediment,2,373,70,565310.221852481,4897724.75403567,hja2016_195,HJA-2016_soil_14,soil_enriched,3,269.68748844901444,-1.8906395023878437,579,43,0.07426597582037997,4.63
hja2016_132,84,sediment,4,112,622.7,566447.171641521,4900685.6232752,hja2016_195,HJA-2016_soil_14,soil_enriched,3,2984.3548609150585,1.5774190924442073,579,37,0.06390328151986183,3.93
hja2016_133,161,sediment,5,51,5699.1,561109.407372482,4897170.77850081,hja2016_195,HJA-2016_soil_14,soil_enriched,3,4172.23125147289,2.0608191233675424,579,125,0.2158894645941278,11.63
hja2016_135,169,sediment,2,144,53.5,568641.074752475,4902527.5419308,hja2016_195,HJA-2016_soil_14,soil_enriched,3,5706.312994503374,2.512558881730985,579,43,0.07426597582037997,4.52
hja2016_136,190,sediment,1,546,14.2,564169.272240084,4897881.7471024,hja2016_195,HJA-2016_soil_14,soil_enriched,3,1038.5773140099457,0.054608617614408175,579,29,0.05008635578583765,2.78
hja2016_139,CC-2,sediment,2,183,63.6,569992.01509108,4897760.75244588,hja2016_195,HJA-2016_soil_14,soil_enriched,3,4792.829312715031,2.260877562096586,579,46,0.07944732297063903,4.81
hja2016_140,CC-3,sediment,2,183,63,570038.013059678,4897795.75090024,hja2016_195,HJA-2016_soil_14,soil_enriched,3,4837.376955849646,2.2742249651447675,579,30,0.05181347150259067,2.81
hja2016_141,CC-4,sediment,2,183,58.5,570162.007583724,4897831.74931045,hja2016_195,HJA-2016_soil_14,soil_enriched,3,4960.138052298477,2.3103802747643125,579,37,0.06390328151986183,3.49
hja2016_142,KC-1,sediment,3,362,114.7,562012.367495176,4896802.79475203,hja2016_195,HJA-2016_soil_14,soil_enriched,3,3399.1314788393493,1.7651661665871357,579,38,0.06563039723661486,2.63
hja2016_144,KC-3,sediment,3,362,114,562000.368025107,4896680.80013966,hja2016_195,HJA-2016_soil_14,soil_enriched,3,3454.146857014791,1.7883294220049233,579,27,0.046632124352331605,2.79
hja2016_145,155,sediment,2,345,81.2,565811.199727862,4897652.75721525,hja2016_195,HJA-2016_soil_14,soil_enriched,3,686.3966609677049,-0.5428855601400121,579,46,0.07944732297063903,4.27
hja2016_146,156,sediment,5,24,2575.9,566141.185154761,4897558.76136638,hja2016_195,HJA-2016_soil_14,soil_enriched,3,1024.6030457100446,0.03506508543160906,579,23,0.039723661485319514,2.18
hja2016_147,163,sediment,5,63,6126.6,559726.468447026,4896111.82526722,hja2016_195,HJA-2016_soil_14,soil_enriched,3,5784.837925553817,2.5322765397519063,579,119,0.20552677029360966,11.75
hja2016_148,165,sediment,2,494,27.9,564789.244860317,4900155.64668049,hja2016_195,HJA-2016_soil_14,soil_enriched,3,2222.0866581185287,1.1519150808134135,579,54,0.09326424870466321,5.1
hja2016_150,53,sediment,3,78,280.7,568092.098996817,4898223.73199937,hja2016_195,HJA-2016_soil_14,soil_enriched,3,2899.1283065446664,1.5356191840786833,579,30,0.05181347150259067,2.7
hja2016_151,64,sediment,2,163,33.5,570527.99142083,4895508.85189625,hja2016_195,HJA-2016_soil_14,soil_enriched,3,5866.537268008727,2.5525092017456656,579,108,0.18652849740932642,10.22
hja2016_152,66,sediment,4,79,1360.7,567970.104384448,4898153.73509064,hja2016_195,HJA-2016_soil_14,soil_enriched,3,2772.160049302084,1.471010553170931,579,20,0.03454231433506045,2.05
hja2016_155,82,sediment,2,536,36.6,564452.259742545,4899854.65997292,hja2016_195,HJA-2016_soil_14,soil_enriched,3,2026.6032981385986,1.0190637129688511,579,48,0.08290155440414508,4.91
hja2016_157,43,sediment,1,538,7.8,567346.131940859,4898257.7304979,hja2016_195,HJA-2016_soil_14,soil_enriched,3,2161.1563034710957,1.1118034174486742,579,25,0.04317789291882556,2.21
hja2016_159,49,sediment,5,40,3399.1,563281.311454976,4898046.73981585,hja2016_195,HJA-2016_soil_14,soil_enriched,3,1923.9874606362598,0.9440993965420325,579,24,0.04145077720207254,2.24
hja2016_160,50,sediment,5,41,4956.4,563054.321479503,4898132.73601802,hja2016_195,HJA-2016_soil_14,soil_enriched,3,2155.5055668184013,1.108026288431938,579,6,0.010362694300518135,0.93
hja2016_031,161,hyporheic,5,51,5699.1,561109.407372482,4897170.77850081,hja2016_195,HJA-2016_soil_14,soil_enriched,3,4172.23125147289,2.0608191233675424,579,3,0.0051813471502590676,0.71
hja2016_032,54,hyporheic,3,363,207.7,561802.376768968,4897363.76997776,hja2016_195,HJA-2016_soil_14,soil_enriched,3,3455.5474714962434,1.7889142987008217,579,7,0.012089810017271158,0.76
hja2016_035,192,hyporheic,2,542,28.5,564620.252323511,4897836.74908965,hja2016_195,HJA-2016_soil_14,soil_enriched,3,599.2164940053516,-0.7388507589875261,579,7,0.012089810017271158,1.19
hja2016_037,43,hyporheic,1,538,7.8,567346.131940859,4898257.7304979,hja2016_195,HJA-2016_soil_14,soil_enriched,3,2161.1563034710957,1.1118034174486742,579,0,0,0
hja2016_042,165,planktonic,2,494,27.9,564789.244860317,4900155.64668049,hja2016_195,HJA-2016_soil_14,soil_enriched,3,2222.0866581185287,1.1519150808134135,579,0,0,0
hja2016_043,KC-2,hyporheic,3,362,114.2,561999.368069268,4896735.79771081,hja2016_195,HJA-2016_soil_14,soil_enriched,3,3434.8905129163436,1.7802641138934376,579,6,0.010362694300518135,1.21
hja2016_049,67,planktonic,4,83,1558.1,567119.141965387,4897968.74326041,hja2016_195,HJA-2016_soil_14,soil_enriched,3,1915.2764584802298,0.9375526514147817,579,1,0.0017271157167530224,0.06
hja2016_050,165,hyporheic,2,494,27.9,564789.244860317,4900155.64668049,hja2016_195,HJA-2016_soil_14,soil_enriched,3,2222.0866581185287,1.1519150808134135,579,13,0.022452504317789293,1.13
hja2016_052,163,hyporheic,5,63,6126.6,559726.468447026,4896111.82526722,hja2016_195,HJA-2016_soil_14,soil_enriched,3,5784.837925553817,2.5322765397519063,579,12,0.02072538860103627,0.85
hja2016_056,KC-1,hyporheic,3,362,114.7,562012.367495176,4896802.79475203,hja2016_195,HJA-2016_soil_14,soil_enriched,3,3399.1314788393493,1.7651661665871357,579,9,0.015544041450777202,0.79
hja2016_057,71,hyporheic,3,556,101.7,562662.338790582,4897988.74237719,hja2016_195,HJA-2016_soil_14,soil_enriched,3,2541.5819250969857,1.345726735223192,579,2,0.0034542314335060447,0.62
hja2016_059,KC-2,planktonic,3,362,114.2,561999.368069268,4896735.79771081,hja2016_195,HJA-2016_soil_14,soil_enriched,3,3434.8905129163436,1.7802641138934376,579,6,0.010362694300518135,1.15
hja2016_062,WS3-3,hyporheic,2,511,93.4,560639.428128111,4896408.81215143,hja2016_195,HJA-2016_soil_14,soil_enriched,3,4824.884578681192,2.270494430514196,579,10,0.017271157167530225,0.93
hja2016_064,WS3-4,planktonic,2,510,81.3,560692.425787583,4896348.81480109,hja2016_195,HJA-2016_soil_14,soil_enriched,3,4794.7632637385395,2.261459585491204,579,4,0.0069084628670120895,0.65
hja2016_099,162,planktonic,5,66,6208.4,559348.485139852,4895468.85366269,hja2016_195,HJA-2016_soil_14,soil_enriched,3,6368.217807202587,2.670889680102245,579,5,0.008635578583765112,0.39
hja2016_100,64,planktonic,2,163,33.5,570527.99142083,4895508.85189625,hja2016_195,HJA-2016_soil_14,soil_enriched,3,5866.537268008727,2.5525092017456656,579,5,0.008635578583765112,0.25
hja2016_101,58,planktonic,3,385,67.2,566998.147308857,4898497.71989928,hja2016_195,HJA-2016_soil_14,soil_enriched,3,1869.54523243127,0.9026873766867765,579,2,0.0034542314335060447,0.22
hja2016_102,73,hyporheic,2,255,137,566310.177691566,4896786.79545861,hja2016_195,HJA-2016_soil_14,soil_enriched,3,1621.7325316129654,0.6975358990036712,579,5,0.008635578583765112,0.4
hja2016_103,260,planktonic,4,23,866.1,566425.172613061,4897456.76587079,hja2016_195,HJA-2016_soil_14,soil_enriched,3,1325.7645477769647,0.4068245794351215,579,7,0.012089810017271158,0.9
hja2016_105,178,planktonic,2,411,19.9,566185.18321168,4901793.57434491,hja2016_195,HJA-2016_soil_14,soil_enriched,3,3944.9881862003795,1.980020979900167,579,7,0.012089810017271158,0.6
hja2016_106,170,planktonic,2,229,49.4,570659.985591589,4896908.79007097,hja2016_195,HJA-2016_soil_14,soil_enriched,3,5558.854672371676,2.474787665556505,579,1,0.0017271157167530224,0.08
hja2016_107,57,hyporheic,4,131,1488.8,563668.294364702,4898599.71539487,hja2016_195,HJA-2016_soil_14,soil_enriched,3,1658.6989893291154,0.7300520984674977,579,3,0.0051813471502590676,0.41
hja2016_109,169,planktonic,2,144,53.5,568641.074752475,4902527.5419308,hja2016_195,HJA-2016_soil_14,soil_enriched,3,5706.312994503374,2.512558881730985,579,4,0.0069084628670120895,0.47
hja2016_110,76,hyporheic,3,150,303.5,570464.994202967,4896947.7883487,hja2016_195,HJA-2016_soil_14,soil_enriched,3,5360.004107050124,2.4222341061342747,579,4,0.0069084628670120895,0.36
hja2016_111,160,planktonic,5,24,2569.5,566416.173010509,4897492.764281,hja2016_195,HJA-2016_soil_14,soil_enriched,3,1303.805447795197,0.3827286084943415,579,8,0.013816925734024179,0.51
hja2016_114,WS1-5,planktonic,2,522,87.9,559517.477676657,4895016.87362342,hja2016_195,HJA-2016_soil_14,soil_enriched,3,6408.688144514996,2.6800290680612875,579,4,0.0069084628670120895,0.4
hja2016_116,53,planktonic,3,78,280.7,568092.098996817,4898223.73199937,hja2016_195,HJA-2016_soil_14,soil_enriched,3,2899.1283065446664,1.5356191840786833,579,6,0.010362694300518135,0.53
hja2016_119,56,planktonic,3,321,99.5,562839.3309741,4897811.75019367,hja2016_195,HJA-2016_soil_14,soil_enriched,3,2370.0020705802326,1.2448883195516056,579,11,0.018998272884283247,1.05
hja2016_121,84,hyporheic,4,112,622.7,566447.171641521,4900685.6232752,hja2016_195,HJA-2016_soil_14,soil_enriched,3,2984.3548609150585,1.5774190924442073,579,1,0.0017271157167530224,0.09
hja2016_122,45,sediment,3,390,193.2,565977.192397151,4897892.74661664,hja2016_195,HJA-2016_soil_14,soil_enriched,3,777.4334588146854,-0.363208895845091,579,24,0.04145077720207254,2.22
hja2016_125,56,sediment,3,321,99.5,562839.3309741,4897811.75019367,hja2016_195,HJA-2016_soil_14,soil_enriched,3,2370.0020705802326,1.2448883195516056,579,34,0.05872193436960276,2.67
hja2016_164,260,sediment,4,23,866.1,566425.172613061,4897456.76587079,hja2016_195,HJA-2016_soil_14,soil_enriched,3,1325.7645477769647,0.4068245794351215,579,29,0.05008635578583765,3.65
hja2016_166,57,sediment,4,131,1488.8,563668.294364702,4898599.71539487,hja2016_195,HJA-2016_soil_14,soil_enriched,3,1658.6989893291154,0.7300520984674977,579,10,0.017271157167530225,1.12
hja2016_167,WS3-1,sediment,2,511,96.4,560508.433913191,4896516.80738205,hja2016_195,HJA-2016_soil_14,soil_enriched,3,4915.933715278434,2.297465463049102,579,128,0.22107081174438686,11.87
hja2016_169,WS3-2,sediment,2,511,95.7,560554.431881789,4896487.80866272,hja2016_195,HJA-2016_soil_14,soil_enriched,3,4880.761360251741,2.2871062143831136,579,125,0.2158894645941278,11.62
hja2016_170,WS3-3,sediment,2,511,93.4,560639.428128111,4896408.81215143,hja2016_195,HJA-2016_soil_14,soil_enriched,3,4824.884578681192,2.270494430514196,579,30,0.05181347150259067,2.97
hja2016_177,WS1-3,sediment,2,522,92.1,559404.482666841,4895069.8712829,hja2016_195,HJA-2016_soil_14,soil_enriched,3,6485.263024078437,2.697165087327939,579,52,0.08981001727115717,4.47
hja2016_179,WS1-5,sediment,2,522,87.9,559517.477676657,4895016.87362342,hja2016_195,HJA-2016_soil_14,soil_enriched,3,6408.688144514996,2.6800290680612875,579,27,0.046632124352331605,2.83
hja2016_180,WS1-6,sediment,2,522,82.7,559631.472642313,4894993.87463913,hja2016_195,HJA-2016_soil_14,soil_enriched,3,6318.569793603454,2.6595980417603453,579,6,0.010362694300518135,1.2
hja2016_181,177,sediment,1,452,14.8,565808.199860345,4901620.58198475,hja2016_195,HJA-2016_soil_14,soil_enriched,3,3697.7145517131607,1.8866338589436649,579,28,0.04835924006908463,2.99
hja2016_001,50,planktonic,5,41,4956.4,563054.321479503,4898132.73601802,hja2016_196,HJA-2016_soil_16,soil_detected,3,2738.6780114059197,1.4534796571880537,853,26,0.03048065650644783,6.99
hja2016_008,WS3-1,hyporheic,2,511,96.4,560508.433913191,4896516.80738205,hja2016_196,HJA-2016_soil_16,soil_detected,3,386.2316397379532,-1.372461741517158,853,88,0.10316529894490035,16.76
hja2016_009,60,hyporheic,2,316,43.1,567391.129953618,4898693.71124374,hja2016_196,HJA-2016_soil_16,soil_detected,3,7012.760859620901,2.8099825318721354,853,64,0.07502930832356389,16.89
hja2016_010,164,planktonic,3,502,60.8,560307.442789535,4895737.8417834,hja2016_196,HJA-2016_soil_16,soil_detected,3,1190.6180363670742,0.25171065466112563,853,18,0.021101992966002344,7.03
hja2016_011,WS1-6,planktonic,2,522,82.7,559631.472642313,4894993.87463913,hja2016_196,HJA-2016_soil_16,soil_detected,3,2134.2541783474235,1.0937320037182612,853,116,0.13599062133645956,13.17
hja2016_013,WS1-4,planktonic,2,522,89.8,559453.480502956,4895042.87247524,hja2016_196,HJA-2016_soil_16,soil_detected,3,2180.263113241147,1.124502249342918,853,67,0.07854630715123095,9.53
hja2016_014,WS1-6,hyporheic,2,522,82.7,559631.472642313,4894993.87463913,hja2016_196,HJA-2016_soil_16,soil_detected,3,2134.2541783474235,1.0937320037182612,853,52,0.06096131301289566,12.9
hja2016_015,47,hyporheic,4,134,1550.1,563254.31264732,4898130.73610634,hja2016_196,HJA-2016_soil_16,soil_detected,3,2917.3863799096735,1.5446764700430593,853,39,0.04572098475967175,9.45
hja2016_016,74,hyporheic,2,373,70,565310.221852481,4897724.75403567,hja2016_196,HJA-2016_soil_16,soil_detected,3,4769.374571735653,2.2538000919301213,853,22,0.02579132473622509,4.66
hja2016_018,WS1-5,hyporheic,2,522,87.9,559517.477676657,4895016.87362342,hja2016_196,HJA-2016_soil_16,soil_detected,3,2169.2449637815093,1.1171929797402849,853,69,0.08089097303634232,6.14
hja2016_019,155,hyporheic,2,345,81.2,565811.199727862,4897652.75721525,hja2016_196,HJA-2016_soil_16,soil_detected,3,5252.354196489572,2.3929642087458163,853,87,0.10199296600234467,16.27
hja2016_020,WS1-2,hyporheic,2,522,93.6,559354.484874886,4895103.86978142,hja2016_196,HJA-2016_soil_16,soil_detected,3,2184.4660209961244,1.1272806650764116,853,113,0.1324736225087925,13.11
hja2016_021,156,hyporheic,5,24,2575.9,566141.185154761,4897558.76136638,hja2016_196,HJA-2016_soil_16,soil_detected,3,5566.9265511126805,2.476881048706795,853,40,0.04689331770222743,10.36
hja2016_027,WS3-6,planktonic,2,510,78.4,560819.420179147,4896235.81979127,hja2016_196,HJA-2016_soil_16,soil_detected,3,683.6233408177475,-0.5487264393783553,853,49,0.05744431418522861,8.09
hja2016_065,68,hyporheic,5,30,3032.2,565145.229139031,4897899.74630751,hja2016_196,HJA-2016_soil_16,soil_detected,3,4642.001103908723,2.214746865768016,853,101,0.11840562719812427,14.64
hja2016_066,49,hyporheic,5,40,3399.1,563281.311454976,4898046.73981585,hja2016_196,HJA-2016_soil_16,soil_detected,3,2907.353021932177,1.5397062596643345,853,86,0.10082063305978899,10.02
hja2016_070,56,hyporheic,3,321,99.5,562839.3309741,4897811.75019367,hja2016_196,HJA-2016_soil_16,soil_detected,3,2408.6603417304236,1.2682309656602717,853,41,0.04806565064478312,6.18
hja2016_071,164,hyporheic,3,502,60.8,560307.442789535,4895737.8417834,hja2016_196,HJA-2016_soil_16,soil_detected,3,1190.6180363670742,0.25171065466112563,853,124,0.14536928487690504,14.38
hja2016_075,260,hyporheic,4,23,866.1,566425.172613061,4897456.76587079,hja2016_196,HJA-2016_soil_16,soil_detected,3,5838.1299001296375,2.545506311591791,853,87,0.10199296600234467,17.63
hja2016_078,CC-1,hyporheic,2,183,64,569956.016680872,4897740.75332909,hja2016_196,HJA-2016_soil_16,soil_detected,3,9380.046197451158,3.229595028142524,853,78,0.0914419695193435,12.53
hja2016_079,64,hyporheic,2,163,33.5,570527.99142083,4895508.85189625,hja2016_196,HJA-2016_soil_16,soil_detected,3,10008.677094750621,3.3231793922411583,853,90,0.10550996483001172,12.77
hja2016_084,177,hyporheic,1,452,14.8,565808.199860345,4901620.58198475,hja2016_196,HJA-2016_soil_16,soil_detected,3,7026.2165905937445,2.812748049853662,853,57,0.0668229777256741,11.62
hja2016_127,60,sediment,2,316,43.1,567391.129953618,4898693.71124374,hja2016_196,HJA-2016_soil_16,soil_detected,3,7012.760859620901,2.8099825318721354,853,235,0.27549824150058616,25
hja2016_129,72,sediment,4,16,568.3,566542.167446234,4896499.80813279,hja2016_196,HJA-2016_soil_16,soil_detected,3,5940.068161278948,2.570479485802964,853,232,0.2719812426729191,28.21
hja2016_131,74,sediment,2,373,70,565310.221852481,4897724.75403567,hja2016_196,HJA-2016_soil_16,soil_detected,3,4769.374571735653,2.2538000919301213,853,229,0.268464243845252,26.58
hja2016_132,84,sediment,4,112,622.7,566447.171641521,4900685.6232752,hja2016_196,HJA-2016_soil_16,soil_detected,3,6959.717938076398,2.7990288380302877,853,243,0.28487690504103164,31.53
hja2016_133,161,sediment,5,51,5699.1,561109.407372482,4897170.77850081,hja2016_196,HJA-2016_soil_16,soil_detected,3,569.6823872868616,-0.8117702913937173,853,332,0.3892145369284877,36.32
hja2016_135,169,sediment,2,144,53.5,568641.074752475,4902527.5419308,hja2016_196,HJA-2016_soil_16,soil_detected,3,9809.398325968828,3.2941646493128647,853,267,0.3130128956623681,34.18
hja2016_136,190,sediment,1,546,14.2,564169.272240084,4897881.7471024,hja2016_196,HJA-2016_soil_16,soil_detected,3,3690.741559224264,1.8839107177299603,853,193,0.22626025791324736,25.56
hja2016_139,CC-2,sediment,2,183,63.6,569992.01509108,4897760.75244588,hja2016_196,HJA-2016_soil_16,soil_detected,3,9417.728210217858,3.235379087956104,853,265,0.3106682297772567,31.41
hja2016_140,CC-3,sediment,2,183,63,570038.013059678,4897795.75090024,hja2016_196,HJA-2016_soil_16,soil_detected,3,9466.820661898211,3.2428799921725586,853,217,0.2543962485345838,25.89
hja2016_141,CC-4,sediment,2,183,58.5,570162.007583724,4897831.74931045,hja2016_196,HJA-2016_soil_16,soil_detected,3,9593.725261161992,3.2620911251726623,853,204,0.2391559202813599,27.97
hja2016_142,KC-1,sediment,3,362,114.7,562012.367495176,4896802.79475203,hja2016_196,HJA-2016_soil_16,soil_detected,3,1400.1646650312857,0.48559650392338727,853,199,0.23329425556858147,24.17
hja2016_144,KC-3,sediment,3,362,114,562000.368025107,4896680.80013966,hja2016_196,HJA-2016_soil_16,soil_detected,3,1400.9860674355689,0.4864426084871044,853,177,0.20750293083235638,24
hja2016_145,155,sediment,2,345,81.2,565811.199727862,4897652.75721525,hja2016_196,HJA-2016_soil_16,soil_detected,3,5252.354196489572,2.3929642087458163,853,239,0.2801875732708089,27.61
hja2016_146,156,sediment,5,24,2575.9,566141.185154761,4897558.76136638,hja2016_196,HJA-2016_soil_16,soil_detected,3,5566.9265511126805,2.476881048706795,853,201,0.23563892145369286,25.46
hja2016_147,163,sediment,5,63,6126.6,559726.468447026,4896111.82526722,hja2016_196,HJA-2016_soil_16,soil_detected,3,1179.723230621148,0.23844843531177007,853,324,0.3798358733880422,35.85
hja2016_148,165,sediment,2,494,27.9,564789.244860317,4900155.64668049,hja2016_196,HJA-2016_soil_16,soil_detected,3,5301.207345181816,2.406320969589267,853,276,0.3235638921453693,31.88
hja2016_150,53,sediment,3,78,280.7,568092.098996817,4898223.73199937,hja2016_196,HJA-2016_soil_16,soil_detected,3,7595.646474099408,2.925172759366735,853,224,0.26260257913247365,26.85
hja2016_151,64,sediment,2,163,33.5,570527.99142083,4895508.85189625,hja2016_196,HJA-2016_soil_16,soil_detected,3,10008.677094750621,3.3231793922411583,853,304,0.3563892145369285,32.22
hja2016_152,66,sediment,4,79,1360.7,567970.104384448,4898153.73509064,hja2016_196,HJA-2016_soil_16,soil_detected,3,7463.3952313087275,2.899832087457007,853,160,0.18757327080890973,23.35
hja2016_155,82,sediment,2,536,36.6,564452.259742545,4899854.65997292,hja2016_196,HJA-2016_soil_16,soil_detected,3,4850.415225517794,2.278108256197439,853,271,0.31770222743259086,30.53
hja2016_157,43,sediment,1,538,7.8,567346.131940859,4898257.7304979,hja2016_196,HJA-2016_soil_16,soil_detected,3,6869.254359936313,2.7801535066701586,853,219,0.2567409144196952,26.53
hja2016_159,49,sediment,5,40,3399.1,563281.311454976,4898046.73981585,hja2016_196,HJA-2016_soil_16,soil_detected,3,2907.353021932177,1.5397062596643345,853,239,0.2801875732708089,28.02
hja2016_160,50,sediment,5,41,4956.4,563054.321479503,4898132.73601802,hja2016_196,HJA-2016_soil_16,soil_detected,3,2738.6780114059197,1.4534796571880537,853,158,0.18522860492379836,19.88
hja2016_031,161,hyporheic,5,51,5699.1,561109.407372482,4897170.77850081,hja2016_196,HJA-2016_soil_16,soil_detected,3,569.6823872868616,-0.8117702913937173,853,19,0.022274325908558032,6.89
hja2016_032,54,hyporheic,3,363,207.7,561802.376768968,4897363.76997776,hja2016_196,HJA-2016_soil_16,soil_detected,3,1279.2921005908163,0.35534571219427125,853,33,0.038686987104337635,9.92
hja2016_035,192,hyporheic,2,542,28.5,564620.252323511,4897836.74908965,hja2016_196,HJA-2016_soil_16,soil_detected,3,4116.253856475994,2.041331958467434,853,35,0.041031652989449004,7.71
hja2016_037,43,hyporheic,1,538,7.8,567346.131940859,4898257.7304979,hja2016_196,HJA-2016_soil_16,soil_detected,3,6869.254359936313,2.7801535066701586,853,34,0.03985932004689332,10.54
hja2016_042,165,planktonic,2,494,27.9,564789.244860317,4900155.64668049,hja2016_196,HJA-2016_soil_16,soil_detected,3,5301.207345181816,2.406320969589267,853,17,0.01992966002344666,5.61
hja2016_043,KC-2,hyporheic,3,362,114.2,561999.368069268,4896735.79771081,hja2016_196,HJA-2016_soil_16,soil_detected,3,1392.9157922162822,0.4781080434208016,853,48,0.05627198124267292,13.89
hja2016_049,67,planktonic,4,83,1558.1,567119.141965387,4897968.74326041,hja2016_196,HJA-2016_soil_16,soil_detected,3,6593.496474796202,2.7210437169974537,853,13,0.015240328253223915,7.08
hja2016_050,165,hyporheic,2,494,27.9,564789.244860317,4900155.64668049,hja2016_196,HJA-2016_soil_16,soil_detected,3,5301.207345181816,2.406320969589267,853,81,0.09495896834701055,11.44
hja2016_052,163,hyporheic,5,63,6126.6,559726.468447026,4896111.82526722,hja2016_196,HJA-2016_soil_16,soil_detected,3,1179.723230621148,0.23844843531177007,853,82,0.09613130128956623,11.65
hja2016_056,KC-1,hyporheic,3,362,114.7,562012.367495176,4896802.79475203,hja2016_196,HJA-2016_soil_16,soil_detected,3,1400.1646650312857,0.48559650392338727,853,83,0.09730363423212192,9.69
hja2016_057,71,hyporheic,3,556,101.7,562662.338790582,4897988.74237719,hja2016_196,HJA-2016_soil_16,soil_detected,3,2324.6088036368874,1.2169879529783219,853,33,0.038686987104337635,6.76
hja2016_059,KC-2,planktonic,3,362,114.2,561999.368069268,4896735.79771081,hja2016_196,HJA-2016_soil_16,soil_detected,3,1392.9157922162822,0.4781080434208016,853,72,0.08440797186400938,15.65
hja2016_062,WS3-3,hyporheic,2,511,93.4,560639.428128111,4896408.81215143,hja2016_196,HJA-2016_soil_16,soil_detected,3,479.92276293224097,-1.059125852596662,853,103,0.12075029308323564,10.12
hja2016_064,WS3-4,planktonic,2,510,81.3,560692.425787583,4896348.81480109,hja2016_196,HJA-2016_soil_16,soil_detected,3,544.8455444412544,-0.87608078949406,853,55,0.06447831184056271,10.32
hja2016_099,162,planktonic,5,66,6208.4,559348.485139852,4895468.85366269,hja2016_196,HJA-2016_soil_16,soil_detected,3,1902.0598347928849,0.92756263105714,853,35,0.041031652989449004,2.55
hja2016_100,64,planktonic,2,163,33.5,570527.99142083,4895508.85189625,hja2016_196,HJA-2016_soil_16,soil_detected,3,10008.677094750621,3.3231793922411583,853,17,0.01992966002344666,1.4
hja2016_101,58,planktonic,3,385,67.2,566998.147308857,4898497.71989928,hja2016_196,HJA-2016_soil_16,soil_detected,3,6583.155673272899,2.7187793138741787,853,30,0.035169988276670575,2.72
hja2016_102,73,hyporheic,2,255,137,566310.177691566,4896786.79545861,hja2016_196,HJA-2016_soil_16,soil_detected,3,5696.274596264111,2.5100186949559355,853,30,0.035169988276670575,2.42
hja2016_103,260,planktonic,4,23,866.1,566425.172613061,4897456.76587079,hja2016_196,HJA-2016_soil_16,soil_detected,3,5838.1299001296375,2.545506311591791,853,57,0.0668229777256741,5.95
hja2016_105,178,planktonic,2,411,19.9,566185.18321168,4901793.57434491,hja2016_196,HJA-2016_soil_16,soil_detected,3,7422.450767825452,2.8918956190304383,853,31,0.03634232121922626,2.79
hja2016_106,170,planktonic,2,229,49.4,570659.985591589,4896908.79007097,hja2016_196,HJA-2016_soil_16,soil_detected,3,10045.202859699495,3.3284347940235053,853,8,0.009378663540445486,0.8
hja2016_107,57,hyporheic,4,131,1488.8,563668.294364702,4898599.71539487,hja2016_196,HJA-2016_soil_16,soil_detected,3,3500.4886692847454,1.8075563367839718,853,28,0.032825322391559206,2.6
hja2016_109,169,planktonic,2,144,53.5,568641.074752475,4902527.5419308,hja2016_196,HJA-2016_soil_16,soil_detected,3,9809.398325968828,3.2941646493128647,853,30,0.035169988276670575,2.9
hja2016_110,76,hyporheic,3,150,303.5,570464.994202967,4896947.7883487,hja2016_196,HJA-2016_soil_16,soil_detected,3,9850.370994788298,3.300178061854487,853,25,0.029308323563892145,2.82
hja2016_111,160,planktonic,5,24,2569.5,566416.173010509,4897492.764281,hja2016_196,HJA-2016_soil_16,soil_detected,3,5832.795001316289,2.5441873702631943,853,37,0.04337631887456037,2.99
hja2016_114,WS1-5,planktonic,2,522,87.9,559517.477676657,4895016.87362342,hja2016_196,HJA-2016_soil_16,soil_detected,3,2169.2449637815093,1.1171929797402849,853,35,0.041031652989449004,3.39
hja2016_116,53,planktonic,3,78,280.7,568092.098996817,4898223.73199937,hja2016_196,HJA-2016_soil_16,soil_detected,3,7595.646474099408,2.925172759366735,853,31,0.03634232121922626,3.06
hja2016_119,56,planktonic,3,321,99.5,562839.3309741,4897811.75019367,hja2016_196,HJA-2016_soil_16,soil_detected,3,2408.6603417304236,1.2682309656602717,853,55,0.06447831184056271,5.91
hja2016_121,84,hyporheic,4,112,622.7,566447.171641521,4900685.6232752,hja2016_196,HJA-2016_soil_16,soil_detected,3,6959.717938076398,2.7990288380302877,853,9,0.010550996483001172,0.76
hja2016_122,45,sediment,3,390,193.2,565977.192397151,4897892.74661664,hja2016_196,HJA-2016_soil_16,soil_detected,3,5455.686774898173,2.4477608178824526,853,226,0.264947245017585,28.16
hja2016_125,56,sediment,3,321,99.5,562839.3309741,4897811.75019367,hja2016_196,HJA-2016_soil_16,soil_detected,3,2408.6603417304236,1.2682309656602717,853,230,0.2696365767878077,28.91
hja2016_164,260,sediment,4,23,866.1,566425.172613061,4897456.76587079,hja2016_196,HJA-2016_soil_16,soil_detected,3,5838.1299001296375,2.545506311591791,853,210,0.246189917936694,30.57
hja2016_166,57,sediment,4,131,1488.8,563668.294364702,4898599.71539487,hja2016_196,HJA-2016_soil_16,soil_detected,3,3500.4886692847454,1.8075563367839718,853,161,0.18874560375146543,19.19
hja2016_167,WS3-1,sediment,2,511,96.4,560508.433913191,4896516.80738205,hja2016_196,HJA-2016_soil_16,soil_detected,3,386.2316397379532,-1.372461741517158,853,327,0.38335287221570924,37.37
hja2016_169,WS3-2,sediment,2,511,95.7,560554.431881789,4896487.80866272,hja2016_196,HJA-2016_soil_16,soil_detected,3,404.82117268042185,-1.3046433480314183,853,330,0.38686987104337633,36.66
hja2016_170,WS3-3,sediment,2,511,93.4,560639.428128111,4896408.81215143,hja2016_196,HJA-2016_soil_16,soil_detected,3,479.92276293224097,-1.059125852596662,853,235,0.27549824150058616,26.33
hja2016_177,WS1-3,sediment,2,522,92.1,559404.482666841,4895069.8712829,hja2016_196,HJA-2016_soil_16,soil_detected,3,2184.226089512698,1.1271221975291985,853,254,0.2977725674091442,32.82
hja2016_179,WS1-5,sediment,2,522,87.9,559517.477676657,4895016.87362342,hja2016_196,HJA-2016_soil_16,soil_detected,3,2169.2449637815093,1.1171929797402849,853,218,0.2555685814771395,28.03
hja2016_180,WS1-6,sediment,2,522,82.7,559631.472642313,4894993.87463913,hja2016_196,HJA-2016_soil_16,soil_detected,3,2134.2541783474235,1.0937320037182612,853,157,0.18405627198124266,20.93
hja2016_181,177,sediment,1,452,14.8,565808.199860345,4901620.58198475,hja2016_196,HJA-2016_soil_16,soil_detected,3,7026.2165905937445,2.812748049853662,853,250,0.29308323563892147,26.46
hja2016_001,50,planktonic,5,41,4956.4,563054.321479503,4898132.73601802,hja2016_196,HJA-2016_soil_16,soil_enriched,3,2738.6780114059197,1.4534796571880537,353,3,0.0084985835694051,0.62
hja2016_008,WS3-1,hyporheic,2,511,96.4,560508.433913191,4896516.80738205,hja2016_196,HJA-2016_soil_16,soil_enriched,3,386.2316397379532,-1.372461741517158,353,10,0.028328611898016998,1.02
hja2016_009,60,hyporheic,2,316,43.1,567391.129953618,4898693.71124374,hja2016_196,HJA-2016_soil_16,soil_enriched,3,7012.760859620901,2.8099825318721354,353,5,0.014164305949008499,0.75
hja2016_010,164,planktonic,3,502,60.8,560307.442789535,4895737.8417834,hja2016_196,HJA-2016_soil_16,soil_enriched,3,1190.6180363670742,0.25171065466112563,353,0,0,0
hja2016_011,WS1-6,planktonic,2,522,82.7,559631.472642313,4894993.87463913,hja2016_196,HJA-2016_soil_16,soil_enriched,3,2134.2541783474235,1.0937320037182612,353,10,0.028328611898016998,0.94
hja2016_013,WS1-4,planktonic,2,522,89.8,559453.480502956,4895042.87247524,hja2016_196,HJA-2016_soil_16,soil_enriched,3,2180.263113241147,1.124502249342918,353,7,0.019830028328611898,0.8
hja2016_014,WS1-6,hyporheic,2,522,82.7,559631.472642313,4894993.87463913,hja2016_196,HJA-2016_soil_16,soil_enriched,3,2134.2541783474235,1.0937320037182612,353,2,0.0056657223796034,0.45
hja2016_015,47,hyporheic,4,134,1550.1,563254.31264732,4898130.73610634,hja2016_196,HJA-2016_soil_16,soil_enriched,3,2917.3863799096735,1.5446764700430593,353,1,0.0028328611898017,0.47
hja2016_016,74,hyporheic,2,373,70,565310.221852481,4897724.75403567,hja2016_196,HJA-2016_soil_16,soil_enriched,3,4769.374571735653,2.2538000919301213,353,2,0.0056657223796034,0.21
hja2016_018,WS1-5,hyporheic,2,522,87.9,559517.477676657,4895016.87362342,hja2016_196,HJA-2016_soil_16,soil_enriched,3,2169.2449637815093,1.1171929797402849,353,6,0.0169971671388102,0.45
hja2016_019,155,hyporheic,2,345,81.2,565811.199727862,4897652.75721525,hja2016_196,HJA-2016_soil_16,soil_enriched,3,5252.354196489572,2.3929642087458163,353,13,0.036827195467422094,2.62
hja2016_020,WS1-2,hyporheic,2,522,93.6,559354.484874886,4895103.86978142,hja2016_196,HJA-2016_soil_16,soil_enriched,3,2184.4660209961244,1.1272806650764116,353,10,0.028328611898016998,1.11
hja2016_021,156,hyporheic,5,24,2575.9,566141.185154761,4897558.76136638,hja2016_196,HJA-2016_soil_16,soil_enriched,3,5566.9265511126805,2.476881048706795,353,4,0.0113314447592068,0.67
hja2016_027,WS3-6,planktonic,2,510,78.4,560819.420179147,4896235.81979127,hja2016_196,HJA-2016_soil_16,soil_enriched,3,683.6233408177475,-0.5487264393783553,353,4,0.0113314447592068,0.6
hja2016_065,68,hyporheic,5,30,3032.2,565145.229139031,4897899.74630751,hja2016_196,HJA-2016_soil_16,soil_enriched,3,4642.001103908723,2.214746865768016,353,12,0.0339943342776204,1.3
hja2016_066,49,hyporheic,5,40,3399.1,563281.311454976,4898046.73981585,hja2016_196,HJA-2016_soil_16,soil_enriched,3,2907.353021932177,1.5397062596643345,353,11,0.031161473087818695,1.18
hja2016_070,56,hyporheic,3,321,99.5,562839.3309741,4897811.75019367,hja2016_196,HJA-2016_soil_16,soil_enriched,3,2408.6603417304236,1.2682309656602717,353,7,0.019830028328611898,0.7
hja2016_071,164,hyporheic,3,502,60.8,560307.442789535,4895737.8417834,hja2016_196,HJA-2016_soil_16,soil_enriched,3,1190.6180363670742,0.25171065466112563,353,14,0.039660056657223795,1.19
hja2016_075,260,hyporheic,4,23,866.1,566425.172613061,4897456.76587079,hja2016_196,HJA-2016_soil_16,soil_enriched,3,5838.1299001296375,2.545506311591791,353,7,0.019830028328611898,1.2
hja2016_078,CC-1,hyporheic,2,183,64,569956.016680872,4897740.75332909,hja2016_196,HJA-2016_soil_16,soil_enriched,3,9380.046197451158,3.229595028142524,353,6,0.0169971671388102,1.06
hja2016_079,64,hyporheic,2,163,33.5,570527.99142083,4895508.85189625,hja2016_196,HJA-2016_soil_16,soil_enriched,3,10008.677094750621,3.3231793922411583,353,16,0.0453257790368272,1.7
hja2016_084,177,hyporheic,1,452,14.8,565808.199860345,4901620.58198475,hja2016_196,HJA-2016_soil_16,soil_enriched,3,7026.2165905937445,2.812748049853662,353,6,0.0169971671388102,0.85
hja2016_127,60,sediment,2,316,43.1,567391.129953618,4898693.71124374,hja2016_196,HJA-2016_soil_16,soil_enriched,3,7012.760859620901,2.8099825318721354,353,19,0.053824362606232294,1.54
hja2016_129,72,sediment,4,16,568.3,566542.167446234,4896499.80813279,hja2016_196,HJA-2016_soil_16,soil_enriched,3,5940.068161278948,2.570479485802964,353,36,0.10198300283286119,3.97
hja2016_131,74,sediment,2,373,70,565310.221852481,4897724.75403567,hja2016_196,HJA-2016_soil_16,soil_enriched,3,4769.374571735653,2.2538000919301213,353,38,0.10764872521246459,3.97
hja2016_132,84,sediment,4,112,622.7,566447.171641521,4900685.6232752,hja2016_196,HJA-2016_soil_16,soil_enriched,3,6959.717938076398,2.7990288380302877,353,33,0.09348441926345609,3.47
hja2016_133,161,sediment,5,51,5699.1,561109.407372482,4897170.77850081,hja2016_196,HJA-2016_soil_16,soil_enriched,3,569.6823872868616,-0.8117702913937173,353,89,0.2521246458923513,9.68
hja2016_135,169,sediment,2,144,53.5,568641.074752475,4902527.5419308,hja2016_196,HJA-2016_soil_16,soil_enriched,3,9809.398325968828,3.2941646493128647,353,39,0.11048158640226628,4.01
hja2016_136,190,sediment,1,546,14.2,564169.272240084,4897881.7471024,hja2016_196,HJA-2016_soil_16,soil_enriched,3,3690.741559224264,1.8839107177299603,353,30,0.08498583569405099,2.61
hja2016_139,CC-2,sediment,2,183,63.6,569992.01509108,4897760.75244588,hja2016_196,HJA-2016_soil_16,soil_enriched,3,9417.728210217858,3.235379087956104,353,47,0.13314447592067988,4.76
hja2016_140,CC-3,sediment,2,183,63,570038.013059678,4897795.75090024,hja2016_196,HJA-2016_soil_16,soil_enriched,3,9466.820661898211,3.2428799921725586,353,30,0.08498583569405099,2.69
hja2016_141,CC-4,sediment,2,183,58.5,570162.007583724,4897831.74931045,hja2016_196,HJA-2016_soil_16,soil_enriched,3,9593.725261161992,3.2620911251726623,353,30,0.08498583569405099,2.99
hja2016_142,KC-1,sediment,3,362,114.7,562012.367495176,4896802.79475203,hja2016_196,HJA-2016_soil_16,soil_enriched,3,1400.1646650312857,0.48559650392338727,353,30,0.08498583569405099,2.41
hja2016_144,KC-3,sediment,3,362,114,562000.368025107,4896680.80013966,hja2016_196,HJA-2016_soil_16,soil_enriched,3,1400.9860674355689,0.4864426084871044,353,25,0.0708215297450425,2.55
hja2016_145,155,sediment,2,345,81.2,565811.199727862,4897652.75721525,hja2016_196,HJA-2016_soil_16,soil_enriched,3,5252.354196489572,2.3929642087458163,353,36,0.10198300283286119,3.69
hja2016_146,156,sediment,5,24,2575.9,566141.185154761,4897558.76136638,hja2016_196,HJA-2016_soil_16,soil_enriched,3,5566.9265511126805,2.476881048706795,353,22,0.06232294617563739,1.99
hja2016_147,163,sediment,5,63,6126.6,559726.468447026,4896111.82526722,hja2016_196,HJA-2016_soil_16,soil_enriched,3,1179.723230621148,0.23844843531177007,353,88,0.24929178470254956,9.32
hja2016_148,165,sediment,2,494,27.9,564789.244860317,4900155.64668049,hja2016_196,HJA-2016_soil_16,soil_enriched,3,5301.207345181816,2.406320969589267,353,51,0.14447592067988668,4.92
hja2016_150,53,sediment,3,78,280.7,568092.098996817,4898223.73199937,hja2016_196,HJA-2016_soil_16,soil_enriched,3,7595.646474099408,2.925172759366735,353,29,0.0821529745042493,2.61
hja2016_151,64,sediment,2,163,33.5,570527.99142083,4895508.85189625,hja2016_196,HJA-2016_soil_16,soil_enriched,3,10008.677094750621,3.3231793922411583,353,85,0.24079320113314448,8.12
hja2016_152,66,sediment,4,79,1360.7,567970.104384448,4898153.73509064,hja2016_196,HJA-2016_soil_16,soil_enriched,3,7463.3952313087275,2.899832087457007,353,16,0.0453257790368272,1.74
hja2016_155,82,sediment,2,536,36.6,564452.259742545,4899854.65997292,hja2016_196,HJA-2016_soil_16,soil_enriched,3,4850.415225517794,2.278108256197439,353,49,0.1388101983002833,4.65
hja2016_157,43,sediment,1,538,7.8,567346.131940859,4898257.7304979,hja2016_196,HJA-2016_soil_16,soil_enriched,3,6869.254359936313,2.7801535066701586,353,23,0.06515580736543909,1.96
hja2016_159,49,sediment,5,40,3399.1,563281.311454976,4898046.73981585,hja2016_196,HJA-2016_soil_16,soil_enriched,3,2907.353021932177,1.5397062596643345,353,26,0.07365439093484419,2.3
hja2016_160,50,sediment,5,41,4956.4,563054.321479503,4898132.73601802,hja2016_196,HJA-2016_soil_16,soil_enriched,3,2738.6780114059197,1.4534796571880537,353,6,0.0169971671388102,0.87
hja2016_031,161,hyporheic,5,51,5699.1,561109.407372482,4897170.77850081,hja2016_196,HJA-2016_soil_16,soil_enriched,3,569.6823872868616,-0.8117702913937173,353,3,0.0084985835694051,0.97
hja2016_032,54,hyporheic,3,363,207.7,561802.376768968,4897363.76997776,hja2016_196,HJA-2016_soil_16,soil_enriched,3,1279.2921005908163,0.35534571219427125,353,5,0.014164305949008499,0.45
hja2016_035,192,hyporheic,2,542,28.5,564620.252323511,4897836.74908965,hja2016_196,HJA-2016_soil_16,soil_enriched,3,4116.253856475994,2.041331958467434,353,5,0.014164305949008499,0.86
hja2016_037,43,hyporheic,1,538,7.8,567346.131940859,4898257.7304979,hja2016_196,HJA-2016_soil_16,soil_enriched,3,6869.254359936313,2.7801535066701586,353,0,0,0
hja2016_042,165,planktonic,2,494,27.9,564789.244860317,4900155.64668049,hja2016_196,HJA-2016_soil_16,soil_enriched,3,5301.207345181816,2.406320969589267,353,1,0.0028328611898017,0.07
hja2016_043,KC-2,hyporheic,3,362,114.2,561999.368069268,4896735.79771081,hja2016_196,HJA-2016_soil_16,soil_enriched,3,1392.9157922162822,0.4781080434208016,353,5,0.014164305949008499,1.17
hja2016_049,67,planktonic,4,83,1558.1,567119.141965387,4897968.74326041,hja2016_196,HJA-2016_soil_16,soil_enriched,3,6593.496474796202,2.7210437169974537,353,1,0.0028328611898017,0.08
hja2016_050,165,hyporheic,2,494,27.9,564789.244860317,4900155.64668049,hja2016_196,HJA-2016_soil_16,soil_enriched,3,5301.207345181816,2.406320969589267,353,9,0.025495750708215296,0.85
hja2016_052,163,hyporheic,5,63,6126.6,559726.468447026,4896111.82526722,hja2016_196,HJA-2016_soil_16,soil_enriched,3,1179.723230621148,0.23844843531177007,353,12,0.0339943342776204,1.06
hja2016_056,KC-1,hyporheic,3,362,114.7,562012.367495176,4896802.79475203,hja2016_196,HJA-2016_soil_16,soil_enriched,3,1400.1646650312857,0.48559650392338727,353,10,0.028328611898016998,0.77
hja2016_057,71,hyporheic,3,556,101.7,562662.338790582,4897988.74237719,hja2016_196,HJA-2016_soil_16,soil_enriched,3,2324.6088036368874,1.2169879529783219,353,3,0.0084985835694051,0.68
hja2016_059,KC-2,planktonic,3,362,114.2,561999.368069268,4896735.79771081,hja2016_196,HJA-2016_soil_16,soil_enriched,3,1392.9157922162822,0.4781080434208016,353,9,0.025495750708215296,1.63
hja2016_062,WS3-3,hyporheic,2,511,93.4,560639.428128111,4896408.81215143,hja2016_196,HJA-2016_soil_16,soil_enriched,3,479.92276293224097,-1.059125852596662,353,11,0.031161473087818695,0.96
hja2016_064,WS3-4,planktonic,2,510,81.3,560692.425787583,4896348.81480109,hja2016_196,HJA-2016_soil_16,soil_enriched,3,544.8455444412544,-0.87608078949406,353,6,0.0169971671388102,1.09
hja2016_099,162,planktonic,5,66,6208.4,559348.485139852,4895468.85366269,hja2016_196,HJA-2016_soil_16,soil_enriched,3,1902.0598347928849,0.92756263105714,353,3,0.0084985835694051,0.32
hja2016_100,64,planktonic,2,163,33.5,570527.99142083,4895508.85189625,hja2016_196,HJA-2016_soil_16,soil_enriched,3,10008.677094750621,3.3231793922411583,353,2,0.0056657223796034,0.12
hja2016_101,58,planktonic,3,385,67.2,566998.147308857,4898497.71989928,hja2016_196,HJA-2016_soil_16,soil_enriched,3,6583.155673272899,2.7187793138741787,353,2,0.0056657223796034,0.25
hja2016_102,73,hyporheic,2,255,137,566310.177691566,4896786.79545861,hja2016_196,HJA-2016_soil_16,soil_enriched,3,5696.274596264111,2.5100186949559355,353,4,0.0113314447592068,0.31
hja2016_103,260,planktonic,4,23,866.1,566425.172613061,4897456.76587079,hja2016_196,HJA-2016_soil_16,soil_enriched,3,5838.1299001296375,2.545506311591791,353,5,0.014164305949008499,0.65
hja2016_105,178,planktonic,2,411,19.9,566185.18321168,4901793.57434491,hja2016_196,HJA-2016_soil_16,soil_enriched,3,7422.450767825452,2.8918956190304383,353,4,0.0113314447592068,0.43
hja2016_106,170,planktonic,2,229,49.4,570659.985591589,4896908.79007097,hja2016_196,HJA-2016_soil_16,soil_enriched,3,10045.202859699495,3.3284347940235053,353,1,0.0028328611898017,0.09
hja2016_107,57,hyporheic,4,131,1488.8,563668.294364702,4898599.71539487,hja2016_196,HJA-2016_soil_16,soil_enriched,3,3500.4886692847454,1.8075563367839718,353,3,0.0084985835694051,0.41
hja2016_109,169,planktonic,2,144,53.5,568641.074752475,4902527.5419308,hja2016_196,HJA-2016_soil_16,soil_enriched,3,9809.398325968828,3.2941646493128647,353,4,0.0113314447592068,0.48
hja2016_110,76,hyporheic,3,150,303.5,570464.994202967,4896947.7883487,hja2016_196,HJA-2016_soil_16,soil_enriched,3,9850.370994788298,3.300178061854487,353,2,0.0056657223796034,0.29
hja2016_111,160,planktonic,5,24,2569.5,566416.173010509,4897492.764281,hja2016_196,HJA-2016_soil_16,soil_enriched,3,5832.795001316289,2.5441873702631943,353,7,0.019830028328611898,0.45
hja2016_114,WS1-5,planktonic,2,522,87.9,559517.477676657,4895016.87362342,hja2016_196,HJA-2016_soil_16,soil_enriched,3,2169.2449637815093,1.1171929797402849,353,2,0.0056657223796034,0.31
hja2016_116,53,planktonic,3,78,280.7,568092.098996817,4898223.73199937,hja2016_196,HJA-2016_soil_16,soil_enriched,3,7595.646474099408,2.925172759366735,353,6,0.0169971671388102,0.48
hja2016_119,56,planktonic,3,321,99.5,562839.3309741,4897811.75019367,hja2016_196,HJA-2016_soil_16,soil_enriched,3,2408.6603417304236,1.2682309656602717,353,9,0.025495750708215296,0.76
hja2016_121,84,hyporheic,4,112,622.7,566447.171641521,4900685.6232752,hja2016_196,HJA-2016_soil_16,soil_enriched,3,6959.717938076398,2.7990288380302877,353,1,0.0028328611898017,0.07
hja2016_122,45,sediment,3,390,193.2,565977.192397151,4897892.74661664,hja2016_196,HJA-2016_soil_16,soil_enriched,3,5455.686774898173,2.4477608178824526,353,28,0.07932011331444759,2.21
hja2016_125,56,sediment,3,321,99.5,562839.3309741,4897811.75019367,hja2016_196,HJA-2016_soil_16,soil_enriched,3,2408.6603417304236,1.2682309656602717,353,29,0.0821529745042493,2.5
hja2016_164,260,sediment,4,23,866.1,566425.172613061,4897456.76587079,hja2016_196,HJA-2016_soil_16,soil_enriched,3,5838.1299001296375,2.545506311591791,353,27,0.0764872521246459,3.57
hja2016_166,57,sediment,4,131,1488.8,563668.294364702,4898599.71539487,hja2016_196,HJA-2016_soil_16,soil_enriched,3,3500.4886692847454,1.8075563367839718,353,12,0.0339943342776204,1.15
hja2016_167,WS3-1,sediment,2,511,96.4,560508.433913191,4896516.80738205,hja2016_196,HJA-2016_soil_16,soil_enriched,3,386.2316397379532,-1.372461741517158,353,96,0.2719546742209632,9.74
hja2016_169,WS3-2,sediment,2,511,95.7,560554.431881789,4896487.80866272,hja2016_196,HJA-2016_soil_16,soil_enriched,3,404.82117268042185,-1.3046433480314183,353,98,0.2776203966005666,9.64
hja2016_170,WS3-3,sediment,2,511,93.4,560639.428128111,4896408.81215143,hja2016_196,HJA-2016_soil_16,soil_enriched,3,479.92276293224097,-1.059125852596662,353,34,0.09631728045325778,2.91
hja2016_177,WS1-3,sediment,2,522,92.1,559404.482666841,4895069.8712829,hja2016_196,HJA-2016_soil_16,soil_enriched,3,2184.226089512698,1.1271221975291985,353,45,0.1274787535410765,4
hja2016_179,WS1-5,sediment,2,522,87.9,559517.477676657,4895016.87362342,hja2016_196,HJA-2016_soil_16,soil_enriched,3,2169.2449637815093,1.1171929797402849,353,23,0.06515580736543909,2.44
hja2016_180,WS1-6,sediment,2,522,82.7,559631.472642313,4894993.87463913,hja2016_196,HJA-2016_soil_16,soil_enriched,3,2134.2541783474235,1.0937320037182612,353,8,0.0226628895184136,1.3
hja2016_181,177,sediment,1,452,14.8,565808.199860345,4901620.58198475,hja2016_196,HJA-2016_soil_16,soil_enriched,3,7026.2165905937445,2.812748049853662,353,28,0.07932011331444759,2.9
hja2016_001,50,planktonic,5,41,4956.4,563054.321479503,4898132.73601802,hja2016_197,HJA-2016_soil_17,soil_detected,3,5142.561473306318,2.3624871345847436,1021,7,0.0068560235063663075,2.37
hja2016_008,WS3-1,hyporheic,2,511,96.4,560508.433913191,4896516.80738205,hja2016_197,HJA-2016_soil_17,soil_detected,3,2167.591609835966,1.1160929679629727,1021,21,0.02056807051909892,4.64
hja2016_009,60,hyporheic,2,316,43.1,567391.129953618,4898693.71124374,hja2016_197,HJA-2016_soil_17,soil_detected,3,9169.500851157969,3.196843201741939,1021,24,0.023506366307541625,6.83
hja2016_010,164,planktonic,3,502,60.8,560307.442789535,4895737.8417834,hja2016_197,HJA-2016_soil_17,soil_detected,3,1511.2132607297297,0.5957072663843692,1021,8,0.007835455435847209,3.08
hja2016_011,WS1-6,planktonic,2,522,82.7,559631.472642313,4894993.87463913,hja2016_197,HJA-2016_soil_17,soil_detected,3,606.3740533198791,-0.7217200728223002,1021,44,0.043095004897159644,4.59
hja2016_013,WS1-4,planktonic,2,522,89.8,559453.480502956,4895042.87247524,hja2016_197,HJA-2016_soil_17,soil_detected,3,439.21746981759634,-1.1869926563958684,1021,35,0.034280117531831536,5.19
hja2016_014,WS1-6,hyporheic,2,522,82.7,559631.472642313,4894993.87463913,hja2016_197,HJA-2016_soil_17,soil_detected,3,606.3740533198791,-0.7217200728223002,1021,25,0.024485798237022526,7.78
hja2016_015,47,hyporheic,4,134,1550.1,563254.31264732,4898130.73610634,hja2016_197,HJA-2016_soil_17,soil_detected,3,5299.391638008729,2.405826750014677,1021,18,0.01762977473065622,4.89
hja2016_016,74,hyporheic,2,373,70,565310.221852481,4897724.75403567,hja2016_197,HJA-2016_soil_17,soil_detected,3,6874.326463811788,2.7812183673544415,1021,15,0.014691478942213516,2.23
hja2016_018,WS1-5,hyporheic,2,522,87.9,559517.477676657,4895016.87362342,hja2016_197,HJA-2016_soil_17,soil_detected,3,496.42309199158746,-1.0103578683657295,1021,22,0.021547502448579822,2.07
hja2016_019,155,hyporheic,2,345,81.2,565811.199727862,4897652.75721525,hja2016_197,HJA-2016_soil_17,soil_detected,3,7307.871101678858,2.8694511875219564,1021,27,0.02644466209598433,4.82
hja2016_020,WS1-2,hyporheic,2,522,93.6,559354.484874886,4895103.86978142,hja2016_197,HJA-2016_soil_17,soil_detected,3,368.19569930090256,-1.44145531945836,1021,49,0.047992164544564155,6.08
hja2016_021,156,hyporheic,5,24,2575.9,566141.185154761,4897558.76136638,hja2016_197,HJA-2016_soil_17,soil_detected,3,7582.092536369678,2.9225960641248805,1021,15,0.014691478942213516,3.04
hja2016_027,WS3-6,planktonic,2,510,78.4,560819.420179147,4896235.81979127,hja2016_197,HJA-2016_soil_17,soil_detected,3,2214.725386135582,1.1471278235560631,1021,25,0.024485798237022526,3.58
hja2016_065,68,hyporheic,5,30,3032.2,565145.229139031,4897899.74630751,hja2016_197,HJA-2016_soil_17,soil_detected,3,6798.391859301038,2.7651935212172,1021,45,0.04407443682664055,7.33
hja2016_066,49,hyporheic,5,40,3399.1,563281.311454976,4898046.73981585,hja2016_197,HJA-2016_soil_17,soil_detected,3,5270.902629810743,2.3980500411877874,1021,29,0.02840352595494613,4.23
hja2016_070,56,hyporheic,3,321,99.5,562839.3309741,4897811.75019367,hja2016_197,HJA-2016_soil_17,soil_detected,3,4775.995104478822,2.2558013578029388,1021,23,0.022526934378060724,3.81
hja2016_071,164,hyporheic,3,502,60.8,560307.442789535,4895737.8417834,hja2016_197,HJA-2016_soil_17,soil_detected,3,1511.2132607297297,0.5957072663843692,1021,45,0.04407443682664055,4.79
hja2016_075,260,hyporheic,4,23,866.1,566425.172613061,4897456.76587079,hja2016_197,HJA-2016_soil_17,soil_detected,3,7815.604598230904,2.9663574813031057,1021,33,0.03232125367286973,6.32
hja2016_078,CC-1,hyporheic,2,183,64,569956.016680872,4897740.75332909,hja2016_197,HJA-2016_soil_17,soil_detected,3,11282.73288111161,3.4960446516746297,1021,26,0.025465230166503428,4.12
hja2016_079,64,hyporheic,2,163,33.5,570527.99142083,4895508.85189625,hja2016_197,HJA-2016_soil_17,soil_detected,3,11514.259312802751,3.5253497035764814,1021,49,0.047992164544564155,8.56
hja2016_084,177,hyporheic,1,452,14.8,565808.199860345,4901620.58198475,hja2016_197,HJA-2016_soil_17,soil_detected,3,9523.006575182973,3.2514171288180895,1021,28,0.02742409402546523,6.14
hja2016_127,60,sediment,2,316,43.1,567391.129953618,4898693.71124374,hja2016_197,HJA-2016_soil_17,soil_detected,3,9169.500851157969,3.196843201741939,1021,71,0.06953966699314397,9.81
hja2016_129,72,sediment,4,16,568.3,566542.167446234,4896499.80813279,hja2016_197,HJA-2016_soil_17,soil_detected,3,7675.577447144639,2.9402752910423118,1021,64,0.06268364348677767,9.18
hja2016_131,74,sediment,2,373,70,565310.221852481,4897724.75403567,hja2016_197,HJA-2016_soil_17,soil_detected,3,6874.326463811788,2.7812183673544415,1021,63,0.061704211557296766,9.49
hja2016_132,84,sediment,4,112,622.7,566447.171641521,4900685.6232752,hja2016_197,HJA-2016_soil_17,soil_detected,3,9387.768672449809,3.230782292306195,1021,66,0.06464250734573947,11.32
hja2016_133,161,sediment,5,51,5699.1,561109.407372482,4897170.77850081,hja2016_197,HJA-2016_soil_17,soil_detected,3,3055.73922385039,1.6115214293322166,1021,106,0.10381978452497552,14.34
hja2016_135,169,sediment,2,144,53.5,568641.074752475,4902527.5419308,hja2016_197,HJA-2016_soil_17,soil_detected,3,12250.699071003923,3.614792172073928,1021,73,0.07149853085210578,12.42
hja2016_136,190,sediment,1,546,14.2,564169.272240084,4897881.7471024,hja2016_197,HJA-2016_soil_17,soil_detected,3,5926.558433392558,2.567194571477822,1021,59,0.05778648383937316,10.02
hja2016_139,CC-2,sediment,2,183,63.6,569992.01509108,4897760.75244588,hja2016_197,HJA-2016_soil_17,soil_detected,3,11322.580068739775,3.501130836471489,1021,83,0.08129285014691479,11.63
hja2016_140,CC-3,sediment,2,183,63,570038.013059678,4897795.75090024,hja2016_197,HJA-2016_soil_17,soil_detected,3,11375.882323631278,3.5079065412590453,1021,68,0.06660137120470128,9.71
hja2016_141,CC-4,sediment,2,183,58.5,570162.007583724,4897831.74931045,hja2016_197,HJA-2016_soil_17,soil_detected,3,11504.945935734104,3.5241822989246745,1021,66,0.06464250734573947,10.94
hja2016_142,KC-1,sediment,3,362,114.7,562012.367495176,4896802.79475203,hja2016_197,HJA-2016_soil_17,soil_detected,3,3521.4066934929992,1.8161518562276542,1021,45,0.04407443682664055,8.51
hja2016_144,KC-3,sediment,3,362,114,562000.368025107,4896680.80013966,hja2016_197,HJA-2016_soil_17,soil_detected,3,3447.8406349206816,1.7856930921407355,1021,50,0.04897159647404505,8.65
hja2016_145,155,sediment,2,345,81.2,565811.199727862,4897652.75721525,hja2016_197,HJA-2016_soil_17,soil_detected,3,7307.871101678858,2.8694511875219564,1021,69,0.06758080313418217,9.54
hja2016_146,156,sediment,5,24,2575.9,566141.185154761,4897558.76136638,hja2016_197,HJA-2016_soil_17,soil_detected,3,7582.092536369678,2.9225960641248805,1021,62,0.06072477962781587,9.08
hja2016_147,163,sediment,5,63,6126.6,559726.468447026,4896111.82526722,hja2016_197,HJA-2016_soil_17,soil_detected,3,1369.794094338863,0.45395904544721744,1021,99,0.096963761018609207,14.58
hja2016_148,165,sediment,2,494,27.9,564789.244860317,4900155.64668049,hja2016_197,HJA-2016_soil_17,soil_detected,3,7775.746857685037,2.958981252237534,1021,85,0.0832517140058766,11.96
hja2016_150,53,sediment,3,78,280.7,568092.098996817,4898223.73199937,hja2016_197,HJA-2016_soil_17,soil_detected,3,9642.711543314153,3.269438891270688,1021,65,0.06366307541625857,9.97
hja2016_151,64,sediment,2,163,33.5,570527.99142083,4895508.85189625,hja2016_197,HJA-2016_soil_17,soil_detected,3,11514.259312802751,3.5253497035764814,1021,92,0.0901077375122429,12.91
hja2016_152,66,sediment,4,79,1360.7,567970.104384448,4898153.73509064,hja2016_197,HJA-2016_soil_17,soil_detected,3,9504.184932917147,3.2485629084457837,1021,47,0.04603330068560235,8.09
hja2016_155,82,sediment,2,536,36.6,564452.259742545,4899854.65997292,hja2016_197,HJA-2016_soil_17,soil_detected,3,7323.927992416931,2.8726176068788756,1021,91,0.089128305582762,12.65
hja2016_157,43,sediment,1,538,7.8,567346.131940859,4898257.7304979,hja2016_197,HJA-2016_soil_17,soil_detected,3,8957.699521987983,3.1631282730915333,1021,79,0.07737512242899118,9.58
hja2016_159,49,sediment,5,40,3399.1,563281.311454976,4898046.73981585,hja2016_197,HJA-2016_soil_17,soil_detected,3,5270.902629810743,2.3980500411877874,1021,62,0.06072477962781587,10.1
hja2016_160,50,sediment,5,41,4956.4,563054.321479503,4898132.73601802,hja2016_197,HJA-2016_soil_17,soil_detected,3,5142.561473306318,2.3624871345847436,1021,60,0.058765915768854066,7.51
hja2016_031,161,hyporheic,5,51,5699.1,561109.407372482,4897170.77850081,hja2016_197,HJA-2016_soil_17,soil_detected,3,3055.73922385039,1.6115214293322166,1021,9,0.00881488736532811,2.51
hja2016_032,54,hyporheic,3,363,207.7,561802.376768968,4897363.76997776,hja2016_197,HJA-2016_soil_17,soil_detected,3,3688.240051990639,1.8829325577590874,1021,15,0.014691478942213516,5.35
hja2016_035,192,hyporheic,2,542,28.5,564620.252323511,4897836.74908965,hja2016_197,HJA-2016_soil_17,soil_detected,3,6300.895117747916,2.6555567953115125,1021,16,0.015670910871694418,3.92
hja2016_037,43,hyporheic,1,538,7.8,567346.131940859,4898257.7304979,hja2016_197,HJA-2016_soil_17,soil_detected,3,8957.699521987983,3.1631282730915333,1021,12,0.011753183153770812,3.12
hja2016_042,165,planktonic,2,494,27.9,564789.244860317,4900155.64668049,hja2016_197,HJA-2016_soil_17,soil_detected,3,7775.746857685037,2.958981252237534,1021,7,0.0068560235063663075,1.33
hja2016_043,KC-2,hyporheic,3,362,114.2,561999.368069268,4896735.79771081,hja2016_197,HJA-2016_soil_17,soil_detected,3,3475.182033524307,1.797088549630261,1021,22,0.021547502448579822,5.67
hja2016_049,67,planktonic,4,83,1558.1,567119.141965387,4897968.74326041,hja2016_197,HJA-2016_soil_17,soil_detected,3,8641.634103484002,3.1113041468887195,1021,9,0.00881488736532811,7.23
hja2016_050,165,hyporheic,2,494,27.9,564789.244860317,4900155.64668049,hja2016_197,HJA-2016_soil_17,soil_detected,3,7775.746857685037,2.958981252237534,1021,27,0.02644466209598433,4.02
hja2016_052,163,hyporheic,5,63,6126.6,559726.468447026,4896111.82526722,hja2016_197,HJA-2016_soil_17,soil_detected,3,1369.794094338863,0.45395904544721744,1021,42,0.04113614103819784,5.28
hja2016_056,KC-1,hyporheic,3,362,114.7,562012.367495176,4896802.79475203,hja2016_197,HJA-2016_soil_17,soil_detected,3,3521.4066934929992,1.8161518562276542,1021,30,0.029382957884427033,3.88
hja2016_057,71,hyporheic,3,556,101.7,562662.338790582,4897988.74237719,hja2016_197,HJA-2016_soil_17,soil_detected,3,4747.900319734572,2.247289646493258,1021,20,0.019588638589618023,3.82
hja2016_059,KC-2,planktonic,3,362,114.2,561999.368069268,4896735.79771081,hja2016_197,HJA-2016_soil_17,soil_detected,3,3475.182033524307,1.797088549630261,1021,26,0.025465230166503428,5.96
hja2016_062,WS3-3,hyporheic,2,511,93.4,560639.428128111,4896408.81215143,hja2016_197,HJA-2016_soil_17,soil_detected,3,2184.743418632016,1.1274638562004458,1021,48,0.04701273261508325,4.15
hja2016_064,WS3-4,planktonic,2,510,81.3,560692.425787583,4896348.81480109,hja2016_197,HJA-2016_soil_17,soil_detected,3,2184.7800335612033,1.127488034661708,1021,23,0.022526934378060724,5.62
hja2016_099,162,planktonic,5,66,6208.4,559348.485139852,4895468.85366269,hja2016_197,HJA-2016_soil_17,soil_detected,3,623.9598606907086,-0.6804748713207587,1021,20,0.019588638589618023,1.12
hja2016_100,64,planktonic,2,163,33.5,570527.99142083,4895508.85189625,hja2016_197,HJA-2016_soil_17,soil_detected,3,11514.259312802751,3.5253497035764814,1021,9,0.00881488736532811,0.69
hja2016_101,58,planktonic,3,385,67.2,566998.147308857,4898497.71989928,hja2016_197,HJA-2016_soil_17,soil_detected,3,8730.726668677686,3.12610173606185,1021,16,0.015670910871694418,1.24
hja2016_102,73,hyporheic,2,255,137,566310.177691566,4896786.79545861,hja2016_197,HJA-2016_soil_17,soil_detected,3,7514.211515619127,2.9096217266051716,1021,16,0.015670910871694418,1.23
hja2016_103,260,planktonic,4,23,866.1,566425.172613061,4897456.76587079,hja2016_197,HJA-2016_soil_17,soil_detected,3,7815.604598230904,2.9663574813031057,1021,29,0.02840352595494613,2.64
hja2016_105,178,planktonic,2,411,19.9,566185.18321168,4901793.57434491,hja2016_197,HJA-2016_soil_17,soil_detected,3,9913.89470826251,3.3094519365695696,1021,16,0.015670910871694418,1.33
hja2016_106,170,planktonic,2,229,49.4,570659.985591589,4896908.79007097,hja2016_197,HJA-2016_soil_17,soil_detected,3,11798.40644113867,3.5605201091593233,1021,5,0.004897159647404506,0.46
hja2016_107,57,hyporheic,4,131,1488.8,563668.294364702,4898599.71539487,hja2016_197,HJA-2016_soil_17,soil_detected,3,5913.794021875524,2.5640839950994656,1021,13,0.012732615083251714,1.12
hja2016_109,169,planktonic,2,144,53.5,568641.074752475,4902527.5419308,hja2016_197,HJA-2016_soil_17,soil_detected,3,12250.699071003923,3.614792172073928,1021,15,0.014691478942213516,1.45
hja2016_110,76,hyporheic,3,150,303.5,570464.994202967,4896947.7883487,hja2016_197,HJA-2016_soil_17,soil_detected,3,11612.914452589946,3.5376581806687115,1021,13,0.012732615083251714,1.13
hja2016_111,160,planktonic,5,24,2569.5,566416.173010509,4897492.764281,hja2016_197,HJA-2016_soil_17,soil_detected,3,7818.7968460936545,2.966946623169685,1021,15,0.014691478942213516,1.21
hja2016_114,WS1-5,planktonic,2,522,87.9,559517.477676657,4895016.87362342,hja2016_197,HJA-2016_soil_17,soil_detected,3,496.42309199158746,-1.0103578683657295,1021,23,0.022526934378060724,1.54
hja2016_116,53,planktonic,3,78,280.7,568092.098996817,4898223.73199937,hja2016_197,HJA-2016_soil_17,soil_detected,3,9642.711543314153,3.269438891270688,1021,14,0.013712047012732615,1.46
hja2016_119,56,planktonic,3,321,99.5,562839.3309741,4897811.75019367,hja2016_197,HJA-2016_soil_17,soil_detected,3,4775.995104478822,2.2558013578029388,1021,21,0.02056807051909892,2.38
hja2016_121,84,hyporheic,4,112,622.7,566447.171641521,4900685.6232752,hja2016_197,HJA-2016_soil_17,soil_detected,3,9387.768672449809,3.230782292306195,1021,3,0.002938295788442703,0.48
hja2016_122,45,sediment,3,390,193.2,565977.192397151,4897892.74661664,hja2016_197,HJA-2016_soil_17,soil_detected,3,7552.962137358374,2.9170425547397207,1021,65,0.06366307541625857,11.29
hja2016_125,56,sediment,3,321,99.5,562839.3309741,4897811.75019367,hja2016_197,HJA-2016_soil_17,soil_detected,3,4775.995104478822,2.2558013578029388,1021,75,0.07345739471106758,11.28
hja2016_164,260,sediment,4,23,866.1,566425.172613061,4897456.76587079,hja2016_197,HJA-2016_soil_17,soil_detected,3,7815.604598230904,2.9663574813031057,1021,69,0.06758080313418217,10.7
hja2016_166,57,sediment,4,131,1488.8,563668.294364702,4898599.71539487,hja2016_197,HJA-2016_soil_17,soil_detected,3,5913.794021875524,2.5640839950994656,1021,69,0.06758080313418217,8.21
hja2016_167,WS3-1,sediment,2,511,96.4,560508.433913191,4896516.80738205,hja2016_197,HJA-2016_soil_17,soil_detected,3,2167.591609835966,1.1160929679629727,1021,110,0.10773751224289912,16.06
hja2016_169,WS3-2,sediment,2,511,95.7,560554.431881789,4896487.80866272,hja2016_197,HJA-2016_soil_17,soil_detected,3,2178.476628857452,1.1233196358088222,1021,108,0.10577864838393732,14.42
hja2016_170,WS3-3,sediment,2,511,93.4,560639.428128111,4896408.81215143,hja2016_197,HJA-2016_soil_17,soil_detected,3,2184.743418632016,1.1274638562004458,1021,87,0.08521057786483839,10.99
hja2016_177,WS1-3,sediment,2,522,92.1,559404.482666841,4895069.8712829,hja2016_197,HJA-2016_soil_17,soil_detected,3,400.33553360311737,-1.3207184205112905,1021,70,0.06856023506366307,11.85
hja2016_179,WS1-5,sediment,2,522,87.9,559517.477676657,4895016.87362342,hja2016_197,HJA-2016_soil_17,soil_detected,3,496.42309199158746,-1.0103578683657295,1021,69,0.06758080313418217,9.43
hja2016_180,WS1-6,sediment,2,522,82.7,559631.472642313,4894993.87463913,hja2016_197,HJA-2016_soil_17,soil_detected,3,606.3740533198791,-0.7217200728223002,1021,66,0.06464250734573947,8.49
hja2016_181,177,sediment,1,452,14.8,565808.199860345,4901620.58198475,hja2016_197,HJA-2016_soil_17,soil_detected,3,9523.006575182973,3.2514171288180895,1021,93,0.0910871694417238,11.33
hja2016_001,50,planktonic,5,41,4956.4,563054.321479503,4898132.73601802,hja2016_197,HJA-2016_soil_17,soil_enriched,3,5142.561473306318,2.3624871345847436,622,0,0,0
hja2016_008,WS3-1,hyporheic,2,511,96.4,560508.433913191,4896516.80738205,hja2016_197,HJA-2016_soil_17,soil_enriched,3,2167.591609835966,1.1160929679629727,622,2,0.003215434083601286,0.23
hja2016_009,60,hyporheic,2,316,43.1,567391.129953618,4898693.71124374,hja2016_197,HJA-2016_soil_17,soil_enriched,3,9169.500851157969,3.196843201741939,622,4,0.006430868167202572,0.55
hja2016_010,164,planktonic,3,502,60.8,560307.442789535,4895737.8417834,hja2016_197,HJA-2016_soil_17,soil_enriched,3,1511.2132607297297,0.5957072663843692,622,0,0,0
hja2016_011,WS1-6,planktonic,2,522,82.7,559631.472642313,4894993.87463913,hja2016_197,HJA-2016_soil_17,soil_enriched,3,606.3740533198791,-0.7217200728223002,622,9,0.014469453376205787,0.82
hja2016_013,WS1-4,planktonic,2,522,89.8,559453.480502956,4895042.87247524,hja2016_197,HJA-2016_soil_17,soil_enriched,3,439.21746981759634,-1.1869926563958684,622,7,0.011254019292604502,0.53
hja2016_014,WS1-6,hyporheic,2,522,82.7,559631.472642313,4894993.87463913,hja2016_197,HJA-2016_soil_17,soil_enriched,3,606.3740533198791,-0.7217200728223002,622,1,0.001607717041800643,0.16
hja2016_015,47,hyporheic,4,134,1550.1,563254.31264732,4898130.73610634,hja2016_197,HJA-2016_soil_17,soil_enriched,3,5299.391638008729,2.405826750014677,622,2,0.003215434083601286,0.62
hja2016_016,74,hyporheic,2,373,70,565310.221852481,4897724.75403567,hja2016_197,HJA-2016_soil_17,soil_enriched,3,6874.326463811788,2.7812183673544415,622,1,0.001607717041800643,0.05
hja2016_018,WS1-5,hyporheic,2,522,87.9,559517.477676657,4895016.87362342,hja2016_197,HJA-2016_soil_17,soil_enriched,3,496.42309199158746,-1.0103578683657295,622,3,0.00482315112540193,0.19
hja2016_019,155,hyporheic,2,345,81.2,565811.199727862,4897652.75721525,hja2016_197,HJA-2016_soil_17,soil_enriched,3,7307.871101678858,2.8694511875219564,622,5,0.008038585209003215,1.16
hja2016_020,WS1-2,hyporheic,2,522,93.6,559354.484874886,4895103.86978142,hja2016_197,HJA-2016_soil_17,soil_enriched,3,368.19569930090256,-1.44145531945836,622,5,0.008038585209003215,0.55
hja2016_021,156,hyporheic,5,24,2575.9,566141.185154761,4897558.76136638,hja2016_197,HJA-2016_soil_17,soil_enriched,3,7582.092536369678,2.9225960641248805,622,4,0.006430868167202572,0.67
hja2016_027,WS3-6,planktonic,2,510,78.4,560819.420179147,4896235.81979127,hja2016_197,HJA-2016_soil_17,soil_enriched,3,2214.725386135582,1.1471278235560631,622,5,0.008038585209003215,0.47
hja2016_065,68,hyporheic,5,30,3032.2,565145.229139031,4897899.74630751,hja2016_197,HJA-2016_soil_17,soil_enriched,3,6798.391859301038,2.7651935212172,622,10,0.01607717041800643,1.19
hja2016_066,49,hyporheic,5,40,3399.1,563281.311454976,4898046.73981585,hja2016_197,HJA-2016_soil_17,soil_enriched,3,5270.902629810743,2.3980500411877874,622,4,0.006430868167202572,0.58
hja2016_070,56,hyporheic,3,321,99.5,562839.3309741,4897811.75019367,hja2016_197,HJA-2016_soil_17,soil_enriched,3,4775.995104478822,2.2558013578029388,622,4,0.006430868167202572,0.52
hja2016_071,164,hyporheic,3,502,60.8,560307.442789535,4895737.8417834,hja2016_197,HJA-2016_soil_17,soil_enriched,3,1511.2132607297297,0.5957072663843692,622,7,0.011254019292604502,0.63
hja2016_075,260,hyporheic,4,23,866.1,566425.172613061,4897456.76587079,hja2016_197,HJA-2016_soil_17,soil_enriched,3,7815.604598230904,2.9663574813031057,622,1,0.001607717041800643,0.26
hja2016_078,CC-1,hyporheic,2,183,64,569956.016680872,4897740.75332909,hja2016_197,HJA-2016_soil_17,soil_enriched,3,11282.73288111161,3.4960446516746297,622,4,0.006430868167202572,0.64
hja2016_079,64,hyporheic,2,163,33.5,570527.99142083,4895508.85189625,hja2016_197,HJA-2016_soil_17,soil_enriched,3,11514.259312802751,3.5253497035764814,622,9,0.014469453376205787,0.97
hja2016_084,177,hyporheic,1,452,14.8,565808.199860345,4901620.58198475,hja2016_197,HJA-2016_soil_17,soil_enriched,3,9523.006575182973,3.2514171288180895,622,7,0.011254019292604502,0.77
hja2016_127,60,sediment,2,316,43.1,567391.129953618,4898693.71124374,hja2016_197,HJA-2016_soil_17,soil_enriched,3,9169.500851157969,3.196843201741939,622,8,0.012861736334405145,1.02
hja2016_129,72,sediment,4,16,568.3,566542.167446234,4896499.80813279,hja2016_197,HJA-2016_soil_17,soil_enriched,3,7675.577447144639,2.9402752910423118,622,10,0.01607717041800643,1.8
hja2016_131,74,sediment,2,373,70,565310.221852481,4897724.75403567,hja2016_197,HJA-2016_soil_17,soil_enriched,3,6874.326463811788,2.7812183673544415,622,10,0.01607717041800643,1.94
hja2016_132,84,sediment,4,112,622.7,566447.171641521,4900685.6232752,hja2016_197,HJA-2016_soil_17,soil_enriched,3,9387.768672449809,3.230782292306195,622,14,0.022508038585209004,1.66
hja2016_133,161,sediment,5,51,5699.1,561109.407372482,4897170.77850081,hja2016_197,HJA-2016_soil_17,soil_enriched,3,3055.73922385039,1.6115214293322166,622,30,0.04823151125401929,4.24
hja2016_135,169,sediment,2,144,53.5,568641.074752475,4902527.5419308,hja2016_197,HJA-2016_soil_17,soil_enriched,3,12250.699071003923,3.614792172073928,622,14,0.022508038585209004,1.94
hja2016_136,190,sediment,1,546,14.2,564169.272240084,4897881.7471024,hja2016_197,HJA-2016_soil_17,soil_enriched,3,5926.558433392558,2.567194571477822,622,12,0.01929260450160772,1.49
hja2016_139,CC-2,sediment,2,183,63.6,569992.01509108,4897760.75244588,hja2016_197,HJA-2016_soil_17,soil_enriched,3,11322.580068739775,3.501130836471489,622,20,0.03215434083601286,2.08
hja2016_140,CC-3,sediment,2,183,63,570038.013059678,4897795.75090024,hja2016_197,HJA-2016_soil_17,soil_enriched,3,11375.882323631278,3.5079065412590453,622,15,0.024115755627009645,1.5
hja2016_141,CC-4,sediment,2,183,58.5,570162.007583724,4897831.74931045,hja2016_197,HJA-2016_soil_17,soil_enriched,3,11504.945935734104,3.5241822989246745,622,13,0.02090032154340836,1.63
hja2016_142,KC-1,sediment,3,362,114.7,562012.367495176,4896802.79475203,hja2016_197,HJA-2016_soil_17,soil_enriched,3,3521.4066934929992,1.8161518562276542,622,7,0.011254019292604502,1.01
hja2016_144,KC-3,sediment,3,362,114,562000.368025107,4896680.80013966,hja2016_197,HJA-2016_soil_17,soil_enriched,3,3447.8406349206816,1.7856930921407355,622,6,0.00964630225080386,1.13
hja2016_145,155,sediment,2,345,81.2,565811.199727862,4897652.75721525,hja2016_197,HJA-2016_soil_17,soil_enriched,3,7307.871101678858,2.8694511875219564,622,9,0.014469453376205787,1.5
hja2016_146,156,sediment,5,24,2575.9,566141.185154761,4897558.76136638,hja2016_197,HJA-2016_soil_17,soil_enriched,3,7582.092536369678,2.9225960641248805,622,9,0.014469453376205787,0.9
hja2016_147,163,sediment,5,63,6126.6,559726.468447026,4896111.82526722,hja2016_197,HJA-2016_soil_17,soil_enriched,3,1369.794094338863,0.45395904544721744,622,28,0.04501607717041801,3.89
hja2016_148,165,sediment,2,494,27.9,564789.244860317,4900155.64668049,hja2016_197,HJA-2016_soil_17,soil_enriched,3,7775.746857685037,2.958981252237534,622,26,0.04180064308681672,1.99
hja2016_150,53,sediment,3,78,280.7,568092.098996817,4898223.73199937,hja2016_197,HJA-2016_soil_17,soil_enriched,3,9642.711543314153,3.269438891270688,622,9,0.014469453376205787,1.29
hja2016_151,64,sediment,2,163,33.5,570527.99142083,4895508.85189625,hja2016_197,HJA-2016_soil_17,soil_enriched,3,11514.259312802751,3.5253497035764814,622,28,0.04501607717041801,3.52
hja2016_152,66,sediment,4,79,1360.7,567970.104384448,4898153.73509064,hja2016_197,HJA-2016_soil_17,soil_enriched,3,9504.184932917147,3.2485629084457837,622,2,0.003215434083601286,0.5
hja2016_155,82,sediment,2,536,36.6,564452.259742545,4899854.65997292,hja2016_197,HJA-2016_soil_17,soil_enriched,3,7323.927992416931,2.8726176068788756,622,27,0.04340836012861737,2.33
hja2016_157,43,sediment,1,538,7.8,567346.131940859,4898257.7304979,hja2016_197,HJA-2016_soil_17,soil_enriched,3,8957.699521987983,3.1631282730915333,622,14,0.022508038585209004,1.11
hja2016_159,49,sediment,5,40,3399.1,563281.311454976,4898046.73981585,hja2016_197,HJA-2016_soil_17,soil_enriched,3,5270.902629810743,2.3980500411877874,622,12,0.01929260450160772,1.03
hja2016_160,50,sediment,5,41,4956.4,563054.321479503,4898132.73601802,hja2016_197,HJA-2016_soil_17,soil_enriched,3,5142.561473306318,2.3624871345847436,622,3,0.00482315112540193,0.58
hja2016_031,161,hyporheic,5,51,5699.1,561109.407372482,4897170.77850081,hja2016_197,HJA-2016_soil_17,soil_enriched,3,3055.73922385039,1.6115214293322166,622,1,0.001607717041800643,0.19
hja2016_032,54,hyporheic,3,363,207.7,561802.376768968,4897363.76997776,hja2016_197,HJA-2016_soil_17,soil_enriched,3,3688.240051990639,1.8829325577590874,622,2,0.003215434083601286,0.2
hja2016_035,192,hyporheic,2,542,28.5,564620.252323511,4897836.74908965,hja2016_197,HJA-2016_soil_17,soil_enriched,3,6300.895117747916,2.6555567953115125,622,4,0.006430868167202572,0.7
hja2016_037,43,hyporheic,1,538,7.8,567346.131940859,4898257.7304979,hja2016_197,HJA-2016_soil_17,soil_enriched,3,8957.699521987983,3.1631282730915333,622,0,0,0
hja2016_042,165,planktonic,2,494,27.9,564789.244860317,4900155.64668049,hja2016_197,HJA-2016_soil_17,soil_enriched,3,7775.746857685037,2.958981252237534,622,1,0.001607717041800643,0.07
hja2016_043,KC-2,hyporheic,3,362,114.2,561999.368069268,4896735.79771081,hja2016_197,HJA-2016_soil_17,soil_enriched,3,3475.182033524307,1.797088549630261,622,2,0.003215434083601286,0.55
hja2016_049,67,planktonic,4,83,1558.1,567119.141965387,4897968.74326041,hja2016_197,HJA-2016_soil_17,soil_enriched,3,8641.634103484002,3.1113041468887195,622,0,0,0.02
hja2016_050,165,hyporheic,2,494,27.9,564789.244860317,4900155.64668049,hja2016_197,HJA-2016_soil_17,soil_enriched,3,7775.746857685037,2.958981252237534,622,5,0.008038585209003215,0.44
hja2016_052,163,hyporheic,5,63,6126.6,559726.468447026,4896111.82526722,hja2016_197,HJA-2016_soil_17,soil_enriched,3,1369.794094338863,0.45395904544721744,622,12,0.01929260450160772,1.04
hja2016_056,KC-1,hyporheic,3,362,114.7,562012.367495176,4896802.79475203,hja2016_197,HJA-2016_soil_17,soil_enriched,3,3521.4066934929992,1.8161518562276542,622,4,0.006430868167202572,0.38
hja2016_057,71,hyporheic,3,556,101.7,562662.338790582,4897988.74237719,hja2016_197,HJA-2016_soil_17,soil_enriched,3,4747.900319734572,2.247289646493258,622,1,0.001607717041800643,0.59
hja2016_059,KC-2,planktonic,3,362,114.2,561999.368069268,4896735.79771081,hja2016_197,HJA-2016_soil_17,soil_enriched,3,3475.182033524307,1.797088549630261,622,5,0.008038585209003215,1.39
hja2016_062,WS3-3,hyporheic,2,511,93.4,560639.428128111,4896408.81215143,hja2016_197,HJA-2016_soil_17,soil_enriched,3,2184.743418632016,1.1274638562004458,622,11,0.017684887459807074,0.75
hja2016_064,WS3-4,planktonic,2,510,81.3,560692.425787583,4896348.81480109,hja2016_197,HJA-2016_soil_17,soil_enriched,3,2184.7800335612033,1.127488034661708,622,3,0.00482315112540193,0.56
hja2016_099,162,planktonic,5,66,6208.4,559348.485139852,4895468.85366269,hja2016_197,HJA-2016_soil_17,soil_enriched,3,623.9598606907086,-0.6804748713207587,622,2,0.003215434083601286,0.21
hja2016_100,64,planktonic,2,163,33.5,570527.99142083,4895508.85189625,hja2016_197,HJA-2016_soil_17,soil_enriched,3,11514.259312802751,3.5253497035764814,622,2,0.003215434083601286,0.14
hja2016_101,58,planktonic,3,385,67.2,566998.147308857,4898497.71989928,hja2016_197,HJA-2016_soil_17,soil_enriched,3,8730.726668677686,3.12610173606185,622,3,0.00482315112540193,0.26
hja2016_102,73,hyporheic,2,255,137,566310.177691566,4896786.79545861,hja2016_197,HJA-2016_soil_17,soil_enriched,3,7514.211515619127,2.9096217266051716,622,3,0.00482315112540193,0.26
hja2016_103,260,planktonic,4,23,866.1,566425.172613061,4897456.76587079,hja2016_197,HJA-2016_soil_17,soil_enriched,3,7815.604598230904,2.9663574813031057,622,1,0.001607717041800643,0.33
hja2016_105,178,planktonic,2,411,19.9,566185.18321168,4901793.57434491,hja2016_197,HJA-2016_soil_17,soil_enriched,3,9913.89470826251,3.3094519365695696,622,4,0.006430868167202572,0.38
hja2016_106,170,planktonic,2,229,49.4,570659.985591589,4896908.79007097,hja2016_197,HJA-2016_soil_17,soil_enriched,3,11798.40644113867,3.5605201091593233,622,1,0.001607717041800643,0.11
hja2016_107,57,hyporheic,4,131,1488.8,563668.294364702,4898599.71539487,hja2016_197,HJA-2016_soil_17,soil_enriched,3,5913.794021875524,2.5640839950994656,622,2,0.003215434083601286,0.29
hja2016_109,169,planktonic,2,144,53.5,568641.074752475,4902527.5419308,hja2016_197,HJA-2016_soil_17,soil_enriched,3,12250.699071003923,3.614792172073928,622,4,0.006430868167202572,0.42
hja2016_110,76,hyporheic,3,150,303.5,570464.994202967,4896947.7883487,hja2016_197,HJA-2016_soil_17,soil_enriched,3,11612.914452589946,3.5376581806687115,622,2,0.003215434083601286,0.25
hja2016_111,160,planktonic,5,24,2569.5,566416.173010509,4897492.764281,hja2016_197,HJA-2016_soil_17,soil_enriched,3,7818.7968460936545,2.966946623169685,622,2,0.003215434083601286,0.22
hja2016_114,WS1-5,planktonic,2,522,87.9,559517.477676657,4895016.87362342,hja2016_197,HJA-2016_soil_17,soil_enriched,3,496.42309199158746,-1.0103578683657295,622,2,0.003215434083601286,0.26
hja2016_116,53,planktonic,3,78,280.7,568092.098996817,4898223.73199937,hja2016_197,HJA-2016_soil_17,soil_enriched,3,9642.711543314153,3.269438891270688,622,2,0.003215434083601286,0.31
hja2016_119,56,planktonic,3,321,99.5,562839.3309741,4897811.75019367,hja2016_197,HJA-2016_soil_17,soil_enriched,3,4775.995104478822,2.2558013578029388,622,2,0.003215434083601286,0.39
hja2016_121,84,hyporheic,4,112,622.7,566447.171641521,4900685.6232752,hja2016_197,HJA-2016_soil_17,soil_enriched,3,9387.768672449809,3.230782292306195,622,1,0.001607717041800643,0.1
hja2016_122,45,sediment,3,390,193.2,565977.192397151,4897892.74661664,hja2016_197,HJA-2016_soil_17,soil_enriched,3,7552.962137358374,2.9170425547397207,622,12,0.01929260450160772,1.27
hja2016_125,56,sediment,3,321,99.5,562839.3309741,4897811.75019367,hja2016_197,HJA-2016_soil_17,soil_enriched,3,4775.995104478822,2.2558013578029388,622,11,0.017684887459807074,1.26
hja2016_164,260,sediment,4,23,866.1,566425.172613061,4897456.76587079,hja2016_197,HJA-2016_soil_17,soil_enriched,3,7815.604598230904,2.9663574813031057,622,11,0.017684887459807074,1.83
hja2016_166,57,sediment,4,131,1488.8,563668.294364702,4898599.71539487,hja2016_197,HJA-2016_soil_17,soil_enriched,3,5913.794021875524,2.5640839950994656,622,10,0.01607717041800643,0.87
hja2016_167,WS3-1,sediment,2,511,96.4,560508.433913191,4896516.80738205,hja2016_197,HJA-2016_soil_17,soil_enriched,3,2167.591609835966,1.1160929679629727,622,31,0.04983922829581994,4.37
hja2016_169,WS3-2,sediment,2,511,95.7,560554.431881789,4896487.80866272,hja2016_197,HJA-2016_soil_17,soil_enriched,3,2178.476628857452,1.1233196358088222,622,28,0.04501607717041801,3.82
hja2016_170,WS3-3,sediment,2,511,93.4,560639.428128111,4896408.81215143,hja2016_197,HJA-2016_soil_17,soil_enriched,3,2184.743418632016,1.1274638562004458,622,23,0.03697749196141479,1.68
hja2016_177,WS1-3,sediment,2,522,92.1,559404.482666841,4895069.8712829,hja2016_197,HJA-2016_soil_17,soil_enriched,3,400.33553360311737,-1.3207184205112905,622,13,0.02090032154340836,1.88
hja2016_179,WS1-5,sediment,2,522,87.9,559517.477676657,4895016.87362342,hja2016_197,HJA-2016_soil_17,soil_enriched,3,496.42309199158746,-1.0103578683657295,622,9,0.014469453376205787,1.12
hja2016_180,WS1-6,sediment,2,522,82.7,559631.472642313,4894993.87463913,hja2016_197,HJA-2016_soil_17,soil_enriched,3,606.3740533198791,-0.7217200728223002,622,3,0.00482315112540193,0.85
hja2016_181,177,sediment,1,452,14.8,565808.199860345,4901620.58198475,hja2016_197,HJA-2016_soil_17,soil_enriched,3,9523.006575182973,3.2514171288180895,622,15,0.024115755627009645,1.45
hja2016_001,50,planktonic,5,41,4956.4,563054.321479503,4898132.73601802,hja2016_198,HJA-2016_soil_18,soil_detected,3,4735.163051647104,2.243414104627682,1039,21,0.02021174205967276,5.16
hja2016_008,WS3-1,hyporheic,2,511,96.4,560508.433913191,4896516.80738205,hja2016_198,HJA-2016_soil_18,soil_detected,3,1802.8509508042239,0.8502801280935117,1039,73,0.07025986525505294,14.23
hja2016_009,60,hyporheic,2,316,43.1,567391.129953618,4898693.71124374,hja2016_198,HJA-2016_soil_18,soil_detected,3,8728.092559876224,3.1256664012681137,1039,62,0.059672762271414825,15.69
hja2016_010,164,planktonic,3,502,60.8,560307.442789535,4895737.8417834,hja2016_198,HJA-2016_soil_18,soil_detected,3,1091.4000985366395,0.12618007907636763,1039,16,0.015399422521655439,5.87
hja2016_011,WS1-6,planktonic,2,522,82.7,559631.472642313,4894993.87463913,hja2016_198,HJA-2016_soil_18,soil_detected,3,180.61730753557177,-2.4689919501341597,1039,80,0.07699711260827719,8.58
hja2016_013,WS1-4,planktonic,2,522,89.8,559453.480502956,4895042.87247524,hja2016_198,HJA-2016_soil_18,soil_detected,3,9.7620304592070255,-6.678603031467842,1039,61,0.05871029836381136,9.22
hja2016_014,WS1-6,hyporheic,2,522,82.7,559631.472642313,4894993.87463913,hja2016_198,HJA-2016_soil_18,soil_detected,3,180.61730753557177,-2.4689919501341597,1039,47,0.04523580365736285,12.39
hja2016_015,47,hyporheic,4,134,1550.1,563254.31264732,4898130.73610634,hja2016_198,HJA-2016_soil_18,soil_detected,3,4887.448641062916,2.2890815421799604,1039,27,0.02598652550529355,7.27
hja2016_016,74,hyporheic,2,373,70,565310.221852481,4897724.75403567,hja2016_198,HJA-2016_soil_18,soil_detected,3,6432.69141138128,2.685422481479785,1039,16,0.015399422521655439,3.33
hja2016_018,WS1-5,hyporheic,2,522,87.9,559517.477676657,4895016.87362342,hja2016_198,HJA-2016_soil_18,soil_detected,3,66.5695257689727,-3.9089942990188438,1039,67,0.06448508180943215,5.88
hja2016_019,155,hyporheic,2,345,81.2,565811.199727862,4897652.75721525,hja2016_198,HJA-2016_soil_18,soil_detected,3,6863.84404620505,2.779016773652929,1039,70,0.06737247353224254,13.14
hja2016_020,WS1-2,hyporheic,2,522,93.6,559354.484874886,4895103.86978142,hja2016_198,HJA-2016_soil_18,soil_detected,3,118.25019909971482,-3.0800854822323798,1039,92,0.08854667949951876,9.84
hja2016_021,156,hyporheic,5,24,2575.9,566141.185154761,4897558.76136638,hja2016_198,HJA-2016_soil_18,soil_detected,3,7136.702159420954,2.83525756482096,1039,30,0.028873917228103944,7.42
hja2016_027,WS3-6,planktonic,2,510,78.4,560819.420179147,4896235.81979127,hja2016_198,HJA-2016_soil_18,soil_detected,3,1803.868155506703,0.8510938960501997,1039,32,0.030798845043310877,3.85
hja2016_065,68,hyporheic,5,30,3032.2,565145.229139031,4897899.74630751,hja2016_198,HJA-2016_soil_18,soil_detected,3,6359.471024403313,2.6689067683070635,1039,106,0.10202117420596728,14.64
hja2016_066,49,hyporheic,5,40,3399.1,563281.311454976,4898046.73981585,hja2016_198,HJA-2016_soil_18,soil_detected,3,4856.16407733212,2.279817167383207,1039,85,0.08180943214629452,10.14
hja2016_070,56,hyporheic,3,321,99.5,562839.3309741,4897811.75019367,hja2016_198,HJA-2016_soil_18,soil_detected,3,4364.242015028436,2.1257311072069287,1039,32,0.030798845043310877,4.7
hja2016_071,164,hyporheic,3,502,60.8,560307.442789535,4895737.8417834,hja2016_198,HJA-2016_soil_18,soil_detected,3,1091.4000985366395,0.12618007907636763,1039,97,0.0933589990375361,11.6
hja2016_075,260,hyporheic,4,23,866.1,566425.172613061,4897456.76587079,hja2016_198,HJA-2016_soil_18,soil_detected,3,7369.305956388233,2.8815287522339896,1039,66,0.06352261790182868,12.29
hja2016_078,CC-1,hyporheic,2,183,64,569956.016680872,4897740.75332909,hja2016_198,HJA-2016_soil_18,soil_detected,3,10835.486263394596,3.437691993500902,1039,66,0.06352261790182868,11.66
hja2016_079,64,hyporheic,2,163,33.5,570527.99142083,4895508.85189625,hja2016_198,HJA-2016_soil_18,soil_detected,3,11077.610827329456,3.4695748554046335,1039,71,0.068334937439846,9.78
hja2016_084,177,hyporheic,1,452,14.8,565808.199860345,4901620.58198475,hja2016_198,HJA-2016_soil_18,soil_detected,3,9136.219431347461,3.191597301391987,1039,59,0.05678537054860443,12.31
hja2016_127,60,sediment,2,316,43.1,567391.129953618,4898693.71124374,hja2016_198,HJA-2016_soil_18,soil_detected,3,8728.092559876224,3.1256664012681137,1039,190,0.18286814244465832,19.42
hja2016_129,72,sediment,4,16,568.3,566542.167446234,4896499.80813279,hja2016_198,HJA-2016_soil_18,soil_detected,3,7229.111857472629,2.853818413770347,1039,218,0.20981713185755535,25.48
hja2016_131,74,sediment,2,373,70,565310.221852481,4897724.75403567,hja2016_198,HJA-2016_soil_18,soil_detected,3,6432.69141138128,2.685422481479785,1039,222,0.2136669874879692,24.34
hja2016_132,84,sediment,4,112,622.7,566447.171641521,4900685.6232752,hja2016_198,HJA-2016_soil_18,soil_detected,3,8976.62245244036,3.166172718049372,1039,208,0.20019249278152068,26.96
hja2016_133,161,sediment,5,51,5699.1,561109.407372482,4897170.77850081,hja2016_198,HJA-2016_soil_18,soil_detected,3,2686.5600656391903,1.4257600939285426,1039,260,0.2502406159769009,29.78
hja2016_135,169,sediment,2,144,53.5,568641.074752475,4902527.5419308,hja2016_198,HJA-2016_soil_18,soil_detected,3,11840.790926087466,3.5656935463807065,1039,235,0.22617901828681425,28.8
hja2016_136,190,sediment,1,546,14.2,564169.272240084,4897881.7471024,hja2016_198,HJA-2016_soil_18,soil_detected,3,5495.069976972914,2.4581378532926115,1039,180,0.17324350336862368,22.8
hja2016_139,CC-2,sediment,2,183,63.6,569992.01509108,4897760.75244588,hja2016_198,HJA-2016_soil_18,soil_detected,3,10875.328159595249,3.442987029373119,1039,238,0.22906641000962463,25.93
hja2016_140,CC-3,sediment,2,183,63,570038.013059678,4897795.75090024,hja2016_198,HJA-2016_soil_18,soil_detected,3,10928.620415573041,3.4500393874588555,1039,191,0.18383060635226178,21.05
hja2016_141,CC-4,sediment,2,183,58.5,570162.007583724,4897831.74931045,hja2016_198,HJA-2016_soil_18,soil_detected,3,11057.682580298573,3.466977158558852,1039,186,0.17901828681424448,23.12
hja2016_142,KC-1,sediment,3,362,114.7,562012.367495176,4896802.79475203,hja2016_198,HJA-2016_soil_18,soil_detected,3,3096.2284138540695,1.6305119053903325,1039,174,0.16746871992300288,21.61
hja2016_144,KC-3,sediment,3,362,114,562000.368025107,4896680.80013966,hja2016_198,HJA-2016_soil_18,soil_detected,3,3018.7409764815766,1.5939469714996366,1039,168,0.1616939364773821,23.4
hja2016_145,155,sediment,2,345,81.2,565811.199727862,4897652.75721525,hja2016_198,HJA-2016_soil_18,soil_detected,3,6863.84404620505,2.779016773652929,1039,225,0.2165543792107796,25.2
hja2016_146,156,sediment,5,24,2575.9,566141.185154761,4897558.76136638,hja2016_198,HJA-2016_soil_18,soil_detected,3,7136.702159420954,2.83525756482096,1039,171,0.1645813282001925,20.56
hja2016_147,163,sediment,5,63,6126.6,559726.468447026,4896111.82526722,hja2016_198,HJA-2016_soil_18,soil_detected,3,1094.5412202238017,0.13032628717547654,1039,275,0.2646775745909528,30.19
hja2016_148,165,sediment,2,494,27.9,564789.244860317,4900155.64668049,hja2016_198,HJA-2016_soil_18,soil_detected,3,7380.194279453538,2.8836587949191332,1039,240,0.23099133782483156,27.15
hja2016_150,53,sediment,3,78,280.7,568092.098996817,4898223.73199937,hja2016_198,HJA-2016_soil_18,soil_detected,3,9197.07870692452,3.2011756867893,1039,199,0.1915303176130895,22.13
hja2016_151,64,sediment,2,163,33.5,570527.99142083,4895508.85189625,hja2016_198,HJA-2016_soil_18,soil_detected,3,11077.610827329456,3.4695748554046335,1039,239,0.2300288739172281,26.48
hja2016_152,66,sediment,4,79,1360.7,567970.104384448,4898153.73509064,hja2016_198,HJA-2016_soil_18,soil_detected,3,9058.454704072268,3.179264959662409,1039,138,0.13282001924927817,19.26
hja2016_155,82,sediment,2,536,36.6,564452.259742545,4899854.65997292,hja2016_198,HJA-2016_soil_18,soil_detected,3,6928.655671280818,2.792575461379038,1039,247,0.2377285851780558,26.04
hja2016_157,43,sediment,1,538,7.8,567346.131940859,4898257.7304979,hja2016_198,HJA-2016_soil_18,soil_detected,3,8513.575129456362,3.0897650941223285,1039,183,0.17613089509143406,19.44
hja2016_159,49,sediment,5,40,3399.1,563281.311454976,4898046.73981585,hja2016_198,HJA-2016_soil_18,soil_detected,3,4856.16407733212,2.279817167383207,1039,195,0.18768046198267566,23.52
hja2016_160,50,sediment,5,41,4956.4,563054.321479503,4898132.73601802,hja2016_198,HJA-2016_soil_18,soil_detected,3,4735.163051647104,2.243414104627682,1039,116,0.11164581328200192,12.12
hja2016_031,161,hyporheic,5,51,5699.1,561109.407372482,4897170.77850081,hja2016_198,HJA-2016_soil_18,soil_detected,3,2686.5600656391903,1.4257600939285426,1039,24,0.023099133782483156,7.61
hja2016_032,54,hyporheic,3,363,207.7,561802.376768968,4897363.76997776,hja2016_198,HJA-2016_soil_18,soil_detected,3,3292.3690240901924,1.7191260488176916,1039,32,0.030798845043310877,9.26
hja2016_035,192,hyporheic,2,542,28.5,564620.252323511,4897836.74908965,hja2016_198,HJA-2016_soil_18,soil_detected,3,5864.645294420613,2.5520438537856958,1039,29,0.02791145332050048,6.5
hja2016_037,43,hyporheic,1,538,7.8,567346.131940859,4898257.7304979,hja2016_198,HJA-2016_soil_18,soil_detected,3,8513.575129456362,3.0897650941223285,1039,32,0.030798845043310877,10.27
hja2016_042,165,planktonic,2,494,27.9,564789.244860317,4900155.64668049,hja2016_198,HJA-2016_soil_18,soil_detected,3,7380.194279453538,2.8836587949191332,1039,18,0.017324350336862367,4.47
hja2016_043,KC-2,hyporheic,3,362,114.2,561999.368069268,4896735.79771081,hja2016_198,HJA-2016_soil_18,soil_detected,3,3047.9657243921524,1.607846679232973,1039,41,0.03946102021174206,11.3
hja2016_049,67,planktonic,4,83,1558.1,567119.141965387,4897968.74326041,hja2016_198,HJA-2016_soil_18,soil_detected,3,8196.459860458364,3.035000928686813,1039,7,0.006737247353224254,3.45
hja2016_050,165,hyporheic,2,494,27.9,564789.244860317,4900155.64668049,hja2016_198,HJA-2016_soil_18,soil_detected,3,7380.194279453538,2.8836587949191332,1039,54,0.0519730510105871,7.61
hja2016_052,163,hyporheic,5,63,6126.6,559726.468447026,4896111.82526722,hja2016_198,HJA-2016_soil_18,soil_detected,3,1094.5412202238017,0.13032628717547654,1039,85,0.08180943214629452,11.67
hja2016_056,KC-1,hyporheic,3,362,114.7,562012.367495176,4896802.79475203,hja2016_198,HJA-2016_soil_18,soil_detected,3,3096.2284138540695,1.6305119053903325,1039,90,0.08662175168431184,10.76
hja2016_057,71,hyporheic,3,556,101.7,562662.338790582,4897988.74237719,hja2016_198,HJA-2016_soil_18,soil_detected,3,4346.322166926757,2.11979511685724,1039,35,0.03368623676612127,6.66
hja2016_059,KC-2,planktonic,3,362,114.2,561999.368069268,4896735.79771081,hja2016_198,HJA-2016_soil_18,soil_detected,3,3047.9657243921524,1.607846679232973,1039,57,0.0548604427333975,12.66
hja2016_062,WS3-3,hyporheic,2,511,93.4,560639.428128111,4896408.81215143,hja2016_198,HJA-2016_soil_18,soil_detected,3,1799.1777063243635,0.8473376898530064,1039,86,0.08277189605389798,8.65
hja2016_064,WS3-4,planktonic,2,510,81.3,560692.425787583,4896348.81480109,hja2016_198,HJA-2016_soil_18,soil_detected,3,1790.3784472458547,0.8402645742248227,1039,44,0.04234841193455245,8.51
hja2016_099,162,planktonic,5,66,6208.4,559348.485139852,4895468.85366269,hja2016_198,HJA-2016_soil_18,soil_detected,3,433.17477253201287,-1.2069788699530113,1039,31,0.029836381135707413,2.06
hja2016_100,64,planktonic,2,163,33.5,570527.99142083,4895508.85189625,hja2016_198,HJA-2016_soil_18,soil_detected,3,11077.610827329456,3.4695748554046335,1039,14,0.013474494706448507,1.3
hja2016_101,58,planktonic,3,385,67.2,566998.147308857,4898497.71989928,hja2016_198,HJA-2016_soil_18,soil_detected,3,8289.184731358639,3.0512302148857087,1039,22,0.021174205967276226,1.82
hja2016_102,73,hyporheic,2,255,137,566310.177691566,4896786.79545861,hja2016_198,HJA-2016_soil_18,soil_detected,3,7066.980514964893,2.821093931218223,1039,24,0.023099133782483156,2.07
hja2016_103,260,planktonic,4,23,866.1,566425.172613061,4897456.76587079,hja2016_198,HJA-2016_soil_18,soil_detected,3,7369.305956388233,2.8815287522339896,1039,46,0.04427333974975938,4.8
hja2016_105,178,planktonic,2,411,19.9,566185.18321168,4901793.57434491,hja2016_198,HJA-2016_soil_18,soil_detected,3,9523.770661477496,3.2515328800021153,1039,27,0.02598652550529355,2.31
hja2016_106,170,planktonic,2,229,49.4,570659.985591589,4896908.79007097,hja2016_198,HJA-2016_soil_18,soil_detected,3,11353.263973696423,3.5050352154618865,1039,5,0.004812319538017324,0.61
hja2016_107,57,hyporheic,4,131,1488.8,563668.294364702,4898599.71539487,hja2016_198,HJA-2016_soil_18,soil_detected,3,5505.406605713743,2.460849118991116,1039,24,0.023099133782483156,2.15
hja2016_109,169,planktonic,2,144,53.5,568641.074752475,4902527.5419308,hja2016_198,HJA-2016_soil_18,soil_detected,3,11840.790926087466,3.5656935463807065,1039,25,0.02406159769008662,2.21
hja2016_110,76,hyporheic,3,150,303.5,570464.994202967,4896947.7883487,hja2016_198,HJA-2016_soil_18,soil_detected,3,11167.508950982683,3.481235505878041,1039,24,0.023099133782483156,2.17
hja2016_111,160,planktonic,5,24,2569.5,566416.173010509,4897492.764281,hja2016_198,HJA-2016_soil_18,soil_detected,3,7372.648041188147,2.8821828865842205,1039,29,0.02791145332050048,2.78
hja2016_114,WS1-5,planktonic,2,522,87.9,559517.477676657,4895016.87362342,hja2016_198,HJA-2016_soil_18,soil_detected,3,66.5695257689727,-3.9089942990188438,1039,25,0.02406159769008662,2.06
hja2016_116,53,planktonic,3,78,280.7,568092.098996817,4898223.73199937,hja2016_198,HJA-2016_soil_18,soil_detected,3,9197.07870692452,3.2011756867893,1039,31,0.029836381135707413,2.75
hja2016_119,56,planktonic,3,321,99.5,562839.3309741,4897811.75019367,hja2016_198,HJA-2016_soil_18,soil_detected,3,4364.242015028436,2.1257311072069287,1039,44,0.04234841193455245,4.31
hja2016_121,84,hyporheic,4,112,622.7,566447.171641521,4900685.6232752,hja2016_198,HJA-2016_soil_18,soil_detected,3,8976.62245244036,3.166172718049372,1039,7,0.006737247353224254,0.5
hja2016_122,45,sediment,3,390,193.2,565977.192397151,4897892.74661664,hja2016_198,HJA-2016_soil_18,soil_detected,3,7110.217959952251,2.8298937855721915,1039,199,0.1915303176130895,23.91
hja2016_125,56,sediment,3,321,99.5,562839.3309741,4897811.75019367,hja2016_198,HJA-2016_soil_18,soil_detected,3,4364.242015028436,2.1257311072069287,1039,214,0.20596727622714148,25.26
hja2016_164,260,sediment,4,23,866.1,566425.172613061,4897456.76587079,hja2016_198,HJA-2016_soil_18,soil_detected,3,7369.305956388233,2.8815287522339896,1039,180,0.17324350336862368,26.44
hja2016_166,57,sediment,4,131,1488.8,563668.294364702,4898599.71539487,hja2016_198,HJA-2016_soil_18,soil_detected,3,5505.406605713743,2.460849118991116,1039,110,0.10587102983638114,11.47
hja2016_167,WS3-1,sediment,2,511,96.4,560508.433913191,4896516.80738205,hja2016_198,HJA-2016_soil_18,soil_detected,3,1802.8509508042239,0.8502801280935117,1039,279,0.2685274302213667,30.9
hja2016_169,WS3-2,sediment,2,511,95.7,560554.431881789,4896487.80866272,hja2016_198,HJA-2016_soil_18,soil_detected,3,1806.8299372316071,0.8534607229935387,1039,271,0.26082771896053897,29.9
hja2016_170,WS3-3,sediment,2,511,93.4,560639.428128111,4896408.81215143,hja2016_198,HJA-2016_soil_18,soil_detected,3,1799.1777063243635,0.8473376898530064,1039,181,0.17420596727622714,18.32
hja2016_177,WS1-3,sediment,2,522,92.1,559404.482666841,4895069.8712829,hja2016_198,HJA-2016_soil_18,soil_detected,3,58.768545949573614,-4.0888119861441785,1039,236,0.2271414821944177,28.81
hja2016_179,WS1-5,sediment,2,522,87.9,559517.477676657,4895016.87362342,hja2016_198,HJA-2016_soil_18,soil_detected,3,66.5695257689727,-3.9089942990188438,1039,187,0.17998075072184794,22.38
hja2016_180,WS1-6,sediment,2,522,82.7,559631.472642313,4894993.87463913,hja2016_198,HJA-2016_soil_18,soil_detected,3,180.61730753557177,-2.4689919501341597,1039,111,0.1068334937439846,12.32
hja2016_181,177,sediment,1,452,14.8,565808.199860345,4901620.58198475,hja2016_198,HJA-2016_soil_18,soil_detected,3,9136.219431347461,3.191597301391987,1039,202,0.1944177093358999,19.01
hja2016_001,50,planktonic,5,41,4956.4,563054.321479503,4898132.73601802,hja2016_198,HJA-2016_soil_18,soil_enriched,3,4735.163051647104,2.243414104627682,502,3,0.00597609561752988,0.62
hja2016_008,WS3-1,hyporheic,2,511,96.4,560508.433913191,4896516.80738205,hja2016_198,HJA-2016_soil_18,soil_enriched,3,1802.8509508042239,0.8502801280935117,502,12,0.02390438247011952,1.22
hja2016_009,60,hyporheic,2,316,43.1,567391.129953618,4898693.71124374,hja2016_198,HJA-2016_soil_18,soil_enriched,3,8728.092559876224,3.1256664012681137,502,6,0.01195219123505976,0.83
hja2016_010,164,planktonic,3,502,60.8,560307.442789535,4895737.8417834,hja2016_198,HJA-2016_soil_18,soil_enriched,3,1091.4000985366395,0.12618007907636763,502,0,0,0
hja2016_011,WS1-6,planktonic,2,522,82.7,559631.472642313,4894993.87463913,hja2016_198,HJA-2016_soil_18,soil_enriched,3,180.61730753557177,-2.4689919501341597,502,15,0.029880478087649404,1.27
hja2016_013,WS1-4,planktonic,2,522,89.8,559453.480502956,4895042.87247524,hja2016_198,HJA-2016_soil_18,soil_enriched,3,9.7620304592070255,-6.678603031467842,502,7,0.013944223107569721,0.82
hja2016_014,WS1-6,hyporheic,2,522,82.7,559631.472642313,4894993.87463913,hja2016_198,HJA-2016_soil_18,soil_enriched,3,180.61730753557177,-2.4689919501341597,502,3,0.00597609561752988,0.55
hja2016_015,47,hyporheic,4,134,1550.1,563254.31264732,4898130.73610634,hja2016_198,HJA-2016_soil_18,soil_enriched,3,4887.448641062916,2.2890815421799604,502,1,0.00199203187250996,0.47
hja2016_016,74,hyporheic,2,373,70,565310.221852481,4897724.75403567,hja2016_198,HJA-2016_soil_18,soil_enriched,3,6432.69141138128,2.685422481479785,502,2,0.00398406374501992,0.21
hja2016_018,WS1-5,hyporheic,2,522,87.9,559517.477676657,4895016.87362342,hja2016_198,HJA-2016_soil_18,soil_enriched,3,66.5695257689727,-3.9089942990188438,502,10,0.0199203187250996,0.66
hja2016_019,155,hyporheic,2,345,81.2,565811.199727862,4897652.75721525,hja2016_198,HJA-2016_soil_18,soil_enriched,3,6863.84404620505,2.779016773652929,502,11,0.021912350597609563,2.35
hja2016_020,WS1-2,hyporheic,2,522,93.6,559354.484874886,4895103.86978142,hja2016_198,HJA-2016_soil_18,soil_enriched,3,118.25019909971482,-3.0800854822323798,502,9,0.017928286852589643,1.05
hja2016_021,156,hyporheic,5,24,2575.9,566141.185154761,4897558.76136638,hja2016_198,HJA-2016_soil_18,soil_enriched,3,7136.702159420954,2.83525756482096,502,5,0.0099601593625498,0.99
hja2016_027,WS3-6,planktonic,2,510,78.4,560819.420179147,4896235.81979127,hja2016_198,HJA-2016_soil_18,soil_enriched,3,1803.868155506703,0.8510938960501997,502,5,0.0099601593625498,0.61
hja2016_065,68,hyporheic,5,30,3032.2,565145.229139031,4897899.74630751,hja2016_198,HJA-2016_soil_18,soil_enriched,3,6359.471024403313,2.6689067683070635,502,15,0.029880478087649404,1.55
hja2016_066,49,hyporheic,5,40,3399.1,563281.311454976,4898046.73981585,hja2016_198,HJA-2016_soil_18,soil_enriched,3,4856.16407733212,2.279817167383207,502,12,0.02390438247011952,1.29
hja2016_070,56,hyporheic,3,321,99.5,562839.3309741,4897811.75019367,hja2016_198,HJA-2016_soil_18,soil_enriched,3,4364.242015028436,2.1257311072069287,502,8,0.01593625498007968,1.06
hja2016_071,164,hyporheic,3,502,60.8,560307.442789535,4895737.8417834,hja2016_198,HJA-2016_soil_18,soil_enriched,3,1091.4000985366395,0.12618007907636763,502,12,0.02390438247011952,0.99
hja2016_075,260,hyporheic,4,23,866.1,566425.172613061,4897456.76587079,hja2016_198,HJA-2016_soil_18,soil_enriched,3,7369.305956388233,2.8815287522339896,502,7,0.013944223107569721,1.14
hja2016_078,CC-1,hyporheic,2,183,64,569956.016680872,4897740.75332909,hja2016_198,HJA-2016_soil_18,soil_enriched,3,10835.486263394596,3.437691993500902,502,8,0.01593625498007968,1.18
hja2016_079,64,hyporheic,2,163,33.5,570527.99142083,4895508.85189625,hja2016_198,HJA-2016_soil_18,soil_enriched,3,11077.610827329456,3.4695748554046335,502,12,0.02390438247011952,1.07
hja2016_084,177,hyporheic,1,452,14.8,565808.199860345,4901620.58198475,hja2016_198,HJA-2016_soil_18,soil_enriched,3,9136.219431347461,3.191597301391987,502,10,0.0199203187250996,1.31
hja2016_127,60,sediment,2,316,43.1,567391.129953618,4898693.71124374,hja2016_198,HJA-2016_soil_18,soil_enriched,3,8728.092559876224,3.1256664012681137,502,22,0.043824701195219126,1.66
hja2016_129,72,sediment,4,16,568.3,566542.167446234,4896499.80813279,hja2016_198,HJA-2016_soil_18,soil_enriched,3,7229.111857472629,2.853818413770347,502,41,0.08167330677290836,4.44
hja2016_131,74,sediment,2,373,70,565310.221852481,4897724.75403567,hja2016_198,HJA-2016_soil_18,soil_enriched,3,6432.69141138128,2.685422481479785,502,46,0.09163346613545817,4.59
hja2016_132,84,sediment,4,112,622.7,566447.171641521,4900685.6232752,hja2016_198,HJA-2016_soil_18,soil_enriched,3,8976.62245244036,3.166172718049372,502,41,0.08167330677290836,4.03
hja2016_133,161,sediment,5,51,5699.1,561109.407372482,4897170.77850081,hja2016_198,HJA-2016_soil_18,soil_enriched,3,2686.5600656391903,1.4257600939285426,502,88,0.1752988047808765,9.73
hja2016_135,169,sediment,2,144,53.5,568641.074752475,4902527.5419308,hja2016_198,HJA-2016_soil_18,soil_enriched,3,11840.790926087466,3.5656935463807065,502,47,0.09362549800796813,4.53
hja2016_136,190,sediment,1,546,14.2,564169.272240084,4897881.7471024,hja2016_198,HJA-2016_soil_18,soil_enriched,3,5495.069976972914,2.4581378532926115,502,36,0.07171314741035857,3.28
hja2016_139,CC-2,sediment,2,183,63.6,569992.01509108,4897760.75244588,hja2016_198,HJA-2016_soil_18,soil_enriched,3,10875.328159595249,3.442987029373119,502,49,0.09760956175298804,5.01
hja2016_140,CC-3,sediment,2,183,63,570038.013059678,4897795.75090024,hja2016_198,HJA-2016_soil_18,soil_enriched,3,10928.620415573041,3.4500393874588555,502,34,0.06772908366533864,3.03
hja2016_141,CC-4,sediment,2,183,58.5,570162.007583724,4897831.74931045,hja2016_198,HJA-2016_soil_18,soil_enriched,3,11057.682580298573,3.466977158558852,502,40,0.0796812749003984,3.45
hja2016_142,KC-1,sediment,3,362,114.7,562012.367495176,4896802.79475203,hja2016_198,HJA-2016_soil_18,soil_enriched,3,3096.2284138540695,1.6305119053903325,502,34,0.06772908366533864,2.69
hja2016_144,KC-3,sediment,3,362,114,562000.368025107,4896680.80013966,hja2016_198,HJA-2016_soil_18,soil_enriched,3,3018.7409764815766,1.5939469714996366,502,29,0.05776892430278884,2.77
hja2016_145,155,sediment,2,345,81.2,565811.199727862,4897652.75721525,hja2016_198,HJA-2016_soil_18,soil_enriched,3,6863.84404620505,2.779016773652929,502,43,0.08565737051792828,4.11
hja2016_146,156,sediment,5,24,2575.9,566141.185154761,4897558.76136638,hja2016_198,HJA-2016_soil_18,soil_enriched,3,7136.702159420954,2.83525756482096,502,28,0.055776892430278883,2.35
hja2016_147,163,sediment,5,63,6126.6,559726.468447026,4896111.82526722,hja2016_198,HJA-2016_soil_18,soil_enriched,3,1094.5412202238017,0.13032628717547654,502,82,0.16334661354581673,8.8
hja2016_148,165,sediment,2,494,27.9,564789.244860317,4900155.64668049,hja2016_198,HJA-2016_soil_18,soil_enriched,3,7380.194279453538,2.8836587949191332,502,58,0.11553784860557768,5.35
hja2016_150,53,sediment,3,78,280.7,568092.098996817,4898223.73199937,hja2016_198,HJA-2016_soil_18,soil_enriched,3,9197.07870692452,3.2011756867893,502,32,0.06374501992031872,2.73
hja2016_151,64,sediment,2,163,33.5,570527.99142083,4895508.85189625,hja2016_198,HJA-2016_soil_18,soil_enriched,3,11077.610827329456,3.4695748554046335,502,70,0.1394422310756972,7.9
hja2016_152,66,sediment,4,79,1360.7,567970.104384448,4898153.73509064,hja2016_198,HJA-2016_soil_18,soil_enriched,3,9058.454704072268,3.179264959662409,502,19,0.037848605577689244,2.04
hja2016_155,82,sediment,2,536,36.6,564452.259742545,4899854.65997292,hja2016_198,HJA-2016_soil_18,soil_enriched,3,6928.655671280818,2.792575461379038,502,57,0.11354581673306773,5.36
hja2016_157,43,sediment,1,538,7.8,567346.131940859,4898257.7304979,hja2016_198,HJA-2016_soil_18,soil_enriched,3,8513.575129456362,3.0897650941223285,502,28,0.055776892430278883,2.18
hja2016_159,49,sediment,5,40,3399.1,563281.311454976,4898046.73981585,hja2016_198,HJA-2016_soil_18,soil_enriched,3,4856.16407733212,2.279817167383207,502,31,0.061752988047808766,2.44
hja2016_160,50,sediment,5,41,4956.4,563054.321479503,4898132.73601802,hja2016_198,HJA-2016_soil_18,soil_enriched,3,4735.163051647104,2.243414104627682,502,8,0.01593625498007968,1.06
hja2016_031,161,hyporheic,5,51,5699.1,561109.407372482,4897170.77850081,hja2016_198,HJA-2016_soil_18,soil_enriched,3,2686.5600656391903,1.4257600939285426,502,4,0.00796812749003984,1.31
hja2016_032,54,hyporheic,3,363,207.7,561802.376768968,4897363.76997776,hja2016_198,HJA-2016_soil_18,soil_enriched,3,3292.3690240901924,1.7191260488176916,502,8,0.01593625498007968,0.94
hja2016_035,192,hyporheic,2,542,28.5,564620.252323511,4897836.74908965,hja2016_198,HJA-2016_soil_18,soil_enriched,3,5864.645294420613,2.5520438537856958,502,5,0.0099601593625498,0.86
hja2016_037,43,hyporheic,1,538,7.8,567346.131940859,4898257.7304979,hja2016_198,HJA-2016_soil_18,soil_enriched,3,8513.575129456362,3.0897650941223285,502,0,0,0
hja2016_042,165,planktonic,2,494,27.9,564789.244860317,4900155.64668049,hja2016_198,HJA-2016_soil_18,soil_enriched,3,7380.194279453538,2.8836587949191332,502,1,0.00199203187250996,0.07
hja2016_043,KC-2,hyporheic,3,362,114.2,561999.368069268,4896735.79771081,hja2016_198,HJA-2016_soil_18,soil_enriched,3,3047.9657243921524,1.607846679232973,502,6,0.01195219123505976,1.21
hja2016_049,67,planktonic,4,83,1558.1,567119.141965387,4897968.74326041,hja2016_198,HJA-2016_soil_18,soil_enriched,3,8196.459860458364,3.035000928686813,502,1,0.00199203187250996,0.06
hja2016_050,165,hyporheic,2,494,27.9,564789.244860317,4900155.64668049,hja2016_198,HJA-2016_soil_18,soil_enriched,3,7380.194279453538,2.8836587949191332,502,13,0.025896414342629483,1.07
hja2016_052,163,hyporheic,5,63,6126.6,559726.468447026,4896111.82526722,hja2016_198,HJA-2016_soil_18,soil_enriched,3,1094.5412202238017,0.13032628717547654,502,16,0.03187250996015936,1.31
hja2016_056,KC-1,hyporheic,3,362,114.7,562012.367495176,4896802.79475203,hja2016_198,HJA-2016_soil_18,soil_enriched,3,3096.2284138540695,1.6305119053903325,502,9,0.017928286852589643,0.75
hja2016_057,71,hyporheic,3,556,101.7,562662.338790582,4897988.74237719,hja2016_198,HJA-2016_soil_18,soil_enriched,3,4346.322166926757,2.11979511685724,502,4,0.00796812749003984,0.78
hja2016_059,KC-2,planktonic,3,362,114.2,561999.368069268,4896735.79771081,hja2016_198,HJA-2016_soil_18,soil_enriched,3,3047.9657243921524,1.607846679232973,502,8,0.01593625498007968,1.58
hja2016_062,WS3-3,hyporheic,2,511,93.4,560639.428128111,4896408.81215143,hja2016_198,HJA-2016_soil_18,soil_enriched,3,1799.1777063243635,0.8473376898530064,502,13,0.025896414342629483,1.08
hja2016_064,WS3-4,planktonic,2,510,81.3,560692.425787583,4896348.81480109,hja2016_198,HJA-2016_soil_18,soil_enriched,3,1790.3784472458547,0.8402645742248227,502,6,0.01195219123505976,1.02
hja2016_099,162,planktonic,5,66,6208.4,559348.485139852,4895468.85366269,hja2016_198,HJA-2016_soil_18,soil_enriched,3,433.17477253201287,-1.2069788699530113,502,4,0.00796812749003984,0.36
hja2016_100,64,planktonic,2,163,33.5,570527.99142083,4895508.85189625,hja2016_198,HJA-2016_soil_18,soil_enriched,3,11077.610827329456,3.4695748554046335,502,4,0.00796812749003984,0.21
hja2016_101,58,planktonic,3,385,67.2,566998.147308857,4898497.71989928,hja2016_198,HJA-2016_soil_18,soil_enriched,3,8289.184731358639,3.0512302148857087,502,3,0.00597609561752988,0.25
hja2016_102,73,hyporheic,2,255,137,566310.177691566,4896786.79545861,hja2016_198,HJA-2016_soil_18,soil_enriched,3,7066.980514964893,2.821093931218223,502,4,0.00796812749003984,0.36
hja2016_103,260,planktonic,4,23,866.1,566425.172613061,4897456.76587079,hja2016_198,HJA-2016_soil_18,soil_enriched,3,7369.305956388233,2.8815287522339896,502,6,0.01195219123505976,0.82
hja2016_105,178,planktonic,2,411,19.9,566185.18321168,4901793.57434491,hja2016_198,HJA-2016_soil_18,soil_enriched,3,9523.770661477496,3.2515328800021153,502,7,0.013944223107569721,0.58
hja2016_106,170,planktonic,2,229,49.4,570659.985591589,4896908.79007097,hja2016_198,HJA-2016_soil_18,soil_enriched,3,11353.263973696423,3.5050352154618865,502,1,0.00199203187250996,0.11
hja2016_107,57,hyporheic,4,131,1488.8,563668.294364702,4898599.71539487,hja2016_198,HJA-2016_soil_18,soil_enriched,3,5505.406605713743,2.460849118991116,502,5,0.0099601593625498,0.47
hja2016_109,169,planktonic,2,144,53.5,568641.074752475,4902527.5419308,hja2016_198,HJA-2016_soil_18,soil_enriched,3,11840.790926087466,3.5656935463807065,502,5,0.0099601593625498,0.52
hja2016_110,76,hyporheic,3,150,303.5,570464.994202967,4896947.7883487,hja2016_198,HJA-2016_soil_18,soil_enriched,3,11167.508950982683,3.481235505878041,502,5,0.0099601593625498,0.43
hja2016_111,160,planktonic,5,24,2569.5,566416.173010509,4897492.764281,hja2016_198,HJA-2016_soil_18,soil_enriched,3,7372.648041188147,2.8821828865842205,502,8,0.01593625498007968,0.53
hja2016_114,WS1-5,planktonic,2,522,87.9,559517.477676657,4895016.87362342,hja2016_198,HJA-2016_soil_18,soil_enriched,3,66.5695257689727,-3.9089942990188438,502,4,0.00796812749003984,0.4
hja2016_116,53,planktonic,3,78,280.7,568092.098996817,4898223.73199937,hja2016_198,HJA-2016_soil_18,soil_enriched,3,9197.07870692452,3.2011756867893,502,8,0.01593625498007968,0.62
hja2016_119,56,planktonic,3,321,99.5,562839.3309741,4897811.75019367,hja2016_198,HJA-2016_soil_18,soil_enriched,3,4364.242015028436,2.1257311072069287,502,9,0.017928286852589643,0.78
hja2016_121,84,hyporheic,4,112,622.7,566447.171641521,4900685.6232752,hja2016_198,HJA-2016_soil_18,soil_enriched,3,8976.62245244036,3.166172718049372,502,1,0.00199203187250996,0.11
hja2016_122,45,sediment,3,390,193.2,565977.192397151,4897892.74661664,hja2016_198,HJA-2016_soil_18,soil_enriched,3,7110.217959952251,2.8298937855721915,502,26,0.05179282868525897,2.36
hja2016_125,56,sediment,3,321,99.5,562839.3309741,4897811.75019367,hja2016_198,HJA-2016_soil_18,soil_enriched,3,4364.242015028436,2.1257311072069287,502,33,0.06573705179282868,2.87
hja2016_164,260,sediment,4,23,866.1,566425.172613061,4897456.76587079,hja2016_198,HJA-2016_soil_18,soil_enriched,3,7369.305956388233,2.8815287522339896,502,34,0.06772908366533864,4.01
hja2016_166,57,sediment,4,131,1488.8,563668.294364702,4898599.71539487,hja2016_198,HJA-2016_soil_18,soil_enriched,3,5505.406605713743,2.460849118991116,502,10,0.0199203187250996,1.09
hja2016_167,WS3-1,sediment,2,511,96.4,560508.433913191,4896516.80738205,hja2016_198,HJA-2016_soil_18,soil_enriched,3,1802.8509508042239,0.8502801280935117,502,93,0.1852589641434263,9.52
hja2016_169,WS3-2,sediment,2,511,95.7,560554.431881789,4896487.80866272,hja2016_198,HJA-2016_soil_18,soil_enriched,3,1806.8299372316071,0.8534607229935387,502,91,0.18127490039840638,8.9
hja2016_170,WS3-3,sediment,2,511,93.4,560639.428128111,4896408.81215143,hja2016_198,HJA-2016_soil_18,soil_enriched,3,1799.1777063243635,0.8473376898530064,502,37,0.07370517928286853,3.24
hja2016_177,WS1-3,sediment,2,522,92.1,559404.482666841,4895069.8712829,hja2016_198,HJA-2016_soil_18,soil_enriched,3,58.768545949573614,-4.0888119861441785,502,50,0.099601593625498,4.44
hja2016_179,WS1-5,sediment,2,522,87.9,559517.477676657,4895016.87362342,hja2016_198,HJA-2016_soil_18,soil_enriched,3,66.5695257689727,-3.9089942990188438,502,29,0.05776892430278884,2.82
hja2016_180,WS1-6,sediment,2,522,82.7,559631.472642313,4894993.87463913,hja2016_198,HJA-2016_soil_18,soil_enriched,3,180.61730753557177,-2.4689919501341597,502,8,0.01593625498007968,1.29
hja2016_181,177,sediment,1,452,14.8,565808.199860345,4901620.58198475,hja2016_198,HJA-2016_soil_18,soil_enriched,3,9136.219431347461,3.191597301391987,502,33,0.06573705179282868,3.17
hja2016_001,50,planktonic,5,41,4956.4,563054.321479503,4898132.73601802,hja2016_199,HJA-2016_soil_19,soil_detected,3,4190.495659857366,2.0671208987517513,959,21,0.021897810218978103,6.19
hja2016_008,WS3-1,hyporheic,2,511,96.4,560508.433913191,4896516.80738205,hja2016_199,HJA-2016_soil_19,soil_detected,3,7200.594258014596,2.848115975681653,959,48,0.05005213764337852,7.39
hja2016_009,60,hyporheic,2,316,43.1,567391.129953618,4898693.71124374,hja2016_199,HJA-2016_soil_19,soil_detected,3,2187.283761655009,1.1291403968726526,959,35,0.0364963503649635,7.46
hja2016_010,164,planktonic,3,502,60.8,560307.442789535,4895737.8417834,hja2016_199,HJA-2016_soil_19,soil_detected,3,7829.513416173379,2.96892265057038,959,13,0.013555787278415016,5.03
hja2016_011,WS1-6,planktonic,2,522,82.7,559631.472642313,4894993.87463913,hja2016_199,HJA-2016_soil_19,soil_detected,3,8823.949514567797,3.1414245367032034,959,60,0.06256517205422316,6.12
hja2016_013,WS1-4,planktonic,2,522,89.8,559453.480502956,4895042.87247524,hja2016_199,HJA-2016_soil_19,soil_detected,3,8930.514248420448,3.158743252870006,959,42,0.043795620437956206,5.81
hja2016_014,WS1-6,hyporheic,2,522,82.7,559631.472642313,4894993.87463913,hja2016_199,HJA-2016_soil_19,soil_detected,3,8823.949514567797,3.1414245367032034,959,31,0.03232533889468196,7.31
hja2016_015,47,hyporheic,4,134,1550.1,563254.31264732,4898130.73610634,hja2016_199,HJA-2016_soil_19,soil_detected,3,4033.5336110260355,2.0120442778133225,959,17,0.017726798748696558,5.43
hja2016_016,74,hyporheic,2,373,70,565310.221852481,4897724.75403567,hja2016_199,HJA-2016_soil_19,soil_detected,3,3121.1804993362944,1.642091791402437,959,15,0.01564129301355579,2.84
hja2016_018,WS1-5,hyporheic,2,522,87.9,559517.477676657,4895016.87362342,hja2016_199,HJA-2016_soil_19,soil_detected,3,8897.20606774569,3.1533523669752737,959,40,0.04171011470281543,3.08
hja2016_019,155,hyporheic,2,345,81.2,565811.199727862,4897652.75721525,hja2016_199,HJA-2016_soil_19,soil_detected,3,3052.8716295078952,1.6101669267978747,959,41,0.04275286757038582,7.81
hja2016_020,WS1-2,hyporheic,2,522,93.6,559354.484874886,4895103.86978142,hja2016_199,HJA-2016_soil_19,soil_detected,3,8969.984649914864,3.1651055163027695,959,64,0.0667361835245047,6.7
hja2016_021,156,hyporheic,5,24,2575.9,566141.185154761,4897558.76136638,hja2016_199,HJA-2016_soil_19,soil_detected,3,3099.6103020396645,1.6320868443203032,959,30,0.03128258602711158,6.95
hja2016_027,WS3-6,planktonic,2,510,78.4,560819.420179147,4896235.81979127,hja2016_199,HJA-2016_soil_19,soil_detected,3,7118.755232504653,2.83162499724649,959,23,0.023983315954118872,3.66
hja2016_065,68,hyporheic,5,30,3032.2,565145.229139031,4897899.74630751,hja2016_199,HJA-2016_soil_19,soil_detected,3,3023.0322048640182,1.5959963483173,959,73,0.07612095933263817,10.36
hja2016_066,49,hyporheic,5,40,3399.1,563281.311454976,4898046.73981585,hja2016_199,HJA-2016_soil_19,soil_detected,3,4065.6687097580225,2.023492662240803,959,51,0.053180396246089674,6.11
hja2016_070,56,hyporheic,3,321,99.5,562839.3309741,4897811.75019367,hja2016_199,HJA-2016_soil_19,soil_detected,3,4556.869753167082,2.1880431352867755,959,30,0.03128258602711158,4.35
hja2016_071,164,hyporheic,3,502,60.8,560307.442789535,4895737.8417834,hja2016_199,HJA-2016_soil_19,soil_detected,3,7829.513416173379,2.96892265057038,959,74,0.07716371220020855,8.36
hja2016_075,260,hyporheic,4,23,866.1,566425.172613061,4897456.76587079,hja2016_199,HJA-2016_soil_19,soil_detected,3,3190.26044818662,1.6736742083064764,959,47,0.049009384775808136,8.75
hja2016_078,CC-1,hyporheic,2,183,64,569956.016680872,4897740.75332909,hja2016_199,HJA-2016_soil_19,soil_detected,3,4587.299256863675,2.1976450260835976,959,44,0.045881126173096975,6.6
hja2016_079,64,hyporheic,2,163,33.5,570527.99142083,4895508.85189625,hja2016_199,HJA-2016_soil_19,soil_detected,3,6586.714878747069,2.719559101069781,959,58,0.06047966631908238,7.85
hja2016_084,177,hyporheic,1,452,14.8,565808.199860345,4901620.58198475,hja2016_199,HJA-2016_soil_19,soil_detected,3,1142.8876106646787,0.19268353871521293,959,41,0.04275286757038582,7.01
hja2016_127,60,sediment,2,316,43.1,567391.129953618,4898693.71124374,hja2016_199,HJA-2016_soil_19,soil_detected,3,2187.283761655009,1.1291403968726526,959,129,0.13451511991657977,12.96
hja2016_129,72,sediment,4,16,568.3,566542.167446234,4896499.80813279,hja2016_199,HJA-2016_soil_19,soil_detected,3,4149.374945100051,2.052894027659295,959,152,0.15849843587069865,17.8
hja2016_131,74,sediment,2,373,70,565310.221852481,4897724.75403567,hja2016_199,HJA-2016_soil_19,soil_detected,3,3121.1804993362944,1.642091791402437,959,149,0.1553701772679875,17.39
hja2016_132,84,sediment,4,112,622.7,566447.171641521,4900685.6232752,hja2016_199,HJA-2016_soil_19,soil_detected,3,55.91666195588681,-4.16057795072498,959,160,0.16684045881126172,21.41
hja2016_133,161,sediment,5,51,5699.1,561109.407372482,4897170.77850081,hja2016_199,HJA-2016_soil_19,soil_detected,3,6336.079860435524,2.663590519370838,959,273,0.2846715328467153,29.45
hja2016_135,169,sediment,2,144,53.5,568641.074752475,4902527.5419308,hja2016_199,HJA-2016_soil_19,soil_detected,3,2920.391585256906,1.5461618280885896,959,196,0.20437956204379562,22.58
hja2016_136,190,sediment,1,546,14.2,564169.272240084,4897881.7471024,hja2016_199,HJA-2016_soil_19,soil_detected,3,3557.083218643484,1.8306947269215093,959,117,0.12200208550573514,14.72
hja2016_139,CC-2,sediment,2,183,63.6,569992.01509108,4897760.75244588,hja2016_199,HJA-2016_soil_19,soil_detected,3,4602.640723419848,2.202461831923099,959,151,0.15745568300312826,18
hja2016_140,CC-3,sediment,2,183,63,570038.013059678,4897795.75090024,hja2016_199,HJA-2016_soil_19,soil_detected,3,4616.865215053934,2.2069136149058646,959,135,0.14077163712200208,14.54
hja2016_141,CC-4,sediment,2,183,58.5,570162.007583724,4897831.74931045,hja2016_199,HJA-2016_soil_19,soil_detected,3,4693.329969879759,2.230611894240948,959,137,0.14285714285714285,16.38
hja2016_142,KC-1,sediment,3,362,114.7,562012.367495176,4896802.79475203,hja2016_199,HJA-2016_soil_19,soil_detected,3,5838.529032480024,2.545604940191994,959,123,0.12825860271115747,14.75
hja2016_144,KC-3,sediment,3,362,114,562000.368025107,4896680.80013966,hja2016_199,HJA-2016_soil_19,soil_detected,3,5928.477620297179,2.5676616812261996,959,102,0.10636079249217935,14.43
hja2016_145,155,sediment,2,345,81.2,565811.199727862,4897652.75721525,hja2016_199,HJA-2016_soil_19,soil_detected,3,3052.8716295078952,1.6101669267978747,959,158,0.16475495307612095,17.58
hja2016_146,156,sediment,5,24,2575.9,566141.185154761,4897558.76136638,hja2016_199,HJA-2016_soil_19,soil_detected,3,3099.6103020396645,1.6320868443203032,959,121,0.1261730969760167,13.23
hja2016_147,163,sediment,5,63,6126.6,559726.468447026,4896111.82526722,hja2016_199,HJA-2016_soil_19,soil_detected,3,8074.274228401942,3.013332586228514,959,273,0.2846715328467153,29.36
hja2016_148,165,sediment,2,494,27.9,564789.244860317,4900155.64668049,hja2016_199,HJA-2016_soil_19,soil_detected,3,1690.4931876698345,0.7574442024869842,959,166,0.17309697601668406,18.83
hja2016_150,53,sediment,3,78,280.7,568092.098996817,4898223.73199937,hja2016_199,HJA-2016_soil_19,soil_detected,3,2951.686771046734,1.5615396327011986,959,136,0.14181438998957246,14.97
hja2016_151,64,sediment,2,163,33.5,570527.99142083,4895508.85189625,hja2016_199,HJA-2016_soil_19,soil_detected,3,6586.714878747069,2.719559101069781,959,251,0.26173096976016685,26.13
hja2016_152,66,sediment,4,79,1360.7,567970.104384448,4898153.73509064,hja2016_199,HJA-2016_soil_19,soil_detected,3,2942.8340168454615,1.5572061729861049,959,95,0.09906152241918666,11.16
hja2016_155,82,sediment,2,536,36.6,564452.259742545,4899854.65997292,hja2016_199,HJA-2016_soil_19,soil_detected,3,2108.9912002145657,1.0765530754856618,959,171,0.17831074035453598,18.38
hja2016_157,43,sediment,1,538,7.8,567346.131940859,4898257.7304979,hja2016_199,HJA-2016_soil_19,soil_detected,3,2567.2737287839163,1.3602371276645544,959,138,0.14389989572471323,13.88
hja2016_159,49,sediment,5,40,3399.1,563281.311454976,4898046.73981585,hja2016_199,HJA-2016_soil_19,soil_detected,3,4065.6687097580225,2.023492662240803,959,125,0.13034410844629823,15.87
hja2016_160,50,sediment,5,41,4956.4,563054.321479503,4898132.73601802,hja2016_199,HJA-2016_soil_19,soil_detected,3,4190.495659857366,2.0671208987517513,959,82,0.08550573514077164,9.77
hja2016_031,161,hyporheic,5,51,5699.1,561109.407372482,4897170.77850081,hja2016_199,HJA-2016_soil_19,soil_detected,3,6336.079860435524,2.663590519370838,959,13,0.013555787278415016,4.62
hja2016_032,54,hyporheic,3,363,207.7,561802.376768968,4897363.76997776,hja2016_199,HJA-2016_soil_19,soil_detected,3,5655.068301974957,2.4995444492063377,959,24,0.02502606882168926,7.65
hja2016_035,192,hyporheic,2,542,28.5,564620.252323511,4897836.74908965,hja2016_199,HJA-2016_soil_19,soil_detected,3,3330.012094830613,1.735527417272651,959,22,0.022940563086548488,4.57
hja2016_037,43,hyporheic,1,538,7.8,567346.131940859,4898257.7304979,hja2016_199,HJA-2016_soil_19,soil_detected,3,2567.2737287839163,1.3602371276645544,959,14,0.014598540145985401,2.86
hja2016_042,165,planktonic,2,494,27.9,564789.244860317,4900155.64668049,hja2016_199,HJA-2016_soil_19,soil_detected,3,1690.4931876698345,0.7574442024869842,959,13,0.013555787278415016,2.89
hja2016_043,KC-2,hyporheic,3,362,114.2,561999.368069268,4896735.79771081,hja2016_199,HJA-2016_soil_19,soil_detected,3,5892.573738000351,2.5588979070659077,959,31,0.03232533889468196,9.8
hja2016_049,67,planktonic,4,83,1558.1,567119.141965387,4897968.74326041,hja2016_199,HJA-2016_soil_19,soil_detected,3,2771.3533116465387,1.4705906474730863,959,6,0.006256517205422315,4.06
hja2016_050,165,hyporheic,2,494,27.9,564789.244860317,4900155.64668049,hja2016_199,HJA-2016_soil_19,soil_detected,3,1690.4931876698345,0.7574442024869842,959,48,0.05005213764337852,6.25
hja2016_052,163,hyporheic,5,63,6126.6,559726.468447026,4896111.82526722,hja2016_199,HJA-2016_soil_19,soil_detected,3,8074.274228401942,3.013332586228514,959,50,0.05213764337851929,5.74
hja2016_056,KC-1,hyporheic,3,362,114.7,562012.367495176,4896802.79475203,hja2016_199,HJA-2016_soil_19,soil_detected,3,5838.529032480024,2.545604940191994,959,56,0.058394160583941604,6.7
hja2016_057,71,hyporheic,3,556,101.7,562662.338790582,4897988.74237719,hja2016_199,HJA-2016_soil_19,soil_detected,3,4592.048019919939,2.1991377286290477,959,24,0.02502606882168926,5.62
hja2016_059,KC-2,planktonic,3,362,114.2,561999.368069268,4896735.79771081,hja2016_199,HJA-2016_soil_19,soil_detected,3,5892.573738000351,2.5588979070659077,959,38,0.03962460896767466,7.32
hja2016_062,WS3-3,hyporheic,2,511,93.4,560639.428128111,4896408.81215143,hja2016_199,HJA-2016_soil_19,soil_detected,3,7157.105736532577,2.8393762936750977,959,59,0.061522419186652764,5.76
hja2016_064,WS3-4,planktonic,2,510,81.3,560692.425787583,4896348.81480109,hja2016_199,HJA-2016_soil_19,soil_detected,3,7150.37183004636,2.838018266145002,959,29,0.03023983315954119,6.39
hja2016_099,162,planktonic,5,66,6208.4,559348.485139852,4895468.85366269,hja2016_199,HJA-2016_soil_19,soil_detected,3,8753.982559414222,3.1299395096941547,959,26,0.027111574556830033,1.86
hja2016_100,64,planktonic,2,163,33.5,570527.99142083,4895508.85189625,hja2016_199,HJA-2016_soil_19,soil_detected,3,6586.714878747069,2.719559101069781,959,14,0.014598540145985401,1.17
hja2016_101,58,planktonic,3,385,67.2,566998.147308857,4898497.71989928,hja2016_199,HJA-2016_soil_19,soil_detected,3,2229.1309892025542,1.1564813953865556,959,17,0.017726798748696558,1.35
hja2016_102,73,hyporheic,2,255,137,566310.177691566,4896786.79545861,hja2016_199,HJA-2016_soil_19,soil_detected,3,3861.385887003973,1.949118736991069,959,21,0.021897810218978103,1.83
hja2016_103,260,planktonic,4,23,866.1,566425.172613061,4897456.76587079,hja2016_199,HJA-2016_soil_19,soil_detected,3,3190.26044818662,1.6736742083064764,959,36,0.03753910323253389,3.94
hja2016_105,178,planktonic,2,411,19.9,566185.18321168,4901793.57434491,hja2016_199,HJA-2016_soil_19,soil_detected,3,1167.8149919666546,0.22381173713454963,959,27,0.028154327424400417,2.21
hja2016_106,170,planktonic,2,229,49.4,570659.985591589,4896908.79007097,hja2016_199,HJA-2016_soil_19,soil_detected,3,5662.500696185432,2.501439322533391,959,5,0.005213764337851929,0.53
hja2016_107,57,hyporheic,4,131,1488.8,563668.294364702,4898599.71539487,hja2016_199,HJA-2016_soil_19,soil_detected,3,3419.1337940713634,1.773630877953114,959,22,0.022940563086548488,1.88
hja2016_109,169,planktonic,2,144,53.5,568641.074752475,4902527.5419308,hja2016_199,HJA-2016_soil_19,soil_detected,3,2920.391585256906,1.5461618280885896,959,20,0.020855057351407715,1.89
hja2016_110,76,hyporheic,3,150,303.5,570464.994202967,4896947.7883487,hja2016_199,HJA-2016_soil_19,soil_detected,3,5491.193653436456,2.457119790525664,959,17,0.017726798748696558,1.79
hja2016_111,160,planktonic,5,24,2569.5,566416.173010509,4897492.764281,hja2016_199,HJA-2016_soil_19,soil_detected,3,3154.2229575367555,1.6572846412203741,959,25,0.026068821689259645,2.27
hja2016_114,WS1-5,planktonic,2,522,87.9,559517.477676657,4895016.87362342,hja2016_199,HJA-2016_soil_19,soil_detected,3,8897.20606774569,3.1533523669752737,959,23,0.023983315954118872,1.85
hja2016_116,53,planktonic,3,78,280.7,568092.098996817,4898223.73199937,hja2016_199,HJA-2016_soil_19,soil_detected,3,2951.686771046734,1.5615396327011986,959,24,0.02502606882168926,2.23
hja2016_119,56,planktonic,3,321,99.5,562839.3309741,4897811.75019367,hja2016_199,HJA-2016_soil_19,soil_detected,3,4556.869753167082,2.1880431352867755,959,39,0.040667361835245046,3.67
hja2016_121,84,hyporheic,4,112,622.7,566447.171641521,4900685.6232752,hja2016_199,HJA-2016_soil_19,soil_detected,3,55.91666195588681,-4.16057795072498,959,5,0.005213764337851929,0.45
hja2016_122,45,sediment,3,390,193.2,565977.192397151,4897892.74661664,hja2016_199,HJA-2016_soil_19,soil_detected,3,2787.5249112963606,1.4789846980349624,959,134,0.1397288842544317,16.38
hja2016_125,56,sediment,3,321,99.5,562839.3309741,4897811.75019367,hja2016_199,HJA-2016_soil_19,soil_detected,3,4556.869753167082,2.1880431352867755,959,146,0.15224191866527634,17.65
hja2016_164,260,sediment,4,23,866.1,566425.172613061,4897456.76587079,hja2016_199,HJA-2016_soil_19,soil_detected,3,3190.26044818662,1.6736742083064764,959,124,0.12930135557872785,16.06
hja2016_166,57,sediment,4,131,1488.8,563668.294364702,4898599.71539487,hja2016_199,HJA-2016_soil_19,soil_detected,3,3419.1337940713634,1.773630877953114,959,84,0.08759124087591241,9.65
hja2016_167,WS3-1,sediment,2,511,96.4,560508.433913191,4896516.80738205,hja2016_199,HJA-2016_soil_19,soil_detected,3,7200.594258014596,2.848115975681653,959,286,0.29822732012513037,29.75
hja2016_169,WS3-2,sediment,2,511,95.7,560554.431881789,4896487.80866272,hja2016_199,HJA-2016_soil_19,soil_detected,3,7179.723610195527,2.8439283072969044,959,281,0.2930135557872784,29.13
hja2016_170,WS3-3,sediment,2,511,93.4,560639.428128111,4896408.81215143,hja2016_199,HJA-2016_soil_19,soil_detected,3,7157.105736532577,2.8393762936750977,959,119,0.12408759124087591,12.75
hja2016_177,WS1-3,sediment,2,522,92.1,559404.482666841,4895069.8712829,hja2016_199,HJA-2016_soil_19,soil_detected,3,8951.871200938998,3.1621892790418156,959,187,0.19499478623566216,22.14
hja2016_179,WS1-5,sediment,2,522,87.9,559517.477676657,4895016.87362342,hja2016_199,HJA-2016_soil_19,soil_detected,3,8897.20606774569,3.1533523669752737,959,131,0.13660062565172054,15.6
hja2016_180,WS1-6,sediment,2,522,82.7,559631.472642313,4894993.87463913,hja2016_199,HJA-2016_soil_19,soil_detected,3,8823.949514567797,3.1414245367032034,959,78,0.08133472367049009,9.94
hja2016_181,177,sediment,1,452,14.8,565808.199860345,4901620.58198475,hja2016_199,HJA-2016_soil_19,soil_detected,3,1142.8876106646787,0.19268353871521293,959,128,0.1334723670490094,12.65
hja2016_001,50,planktonic,5,41,4956.4,563054.321479503,4898132.73601802,hja2016_199,HJA-2016_soil_19,soil_enriched,3,4190.495659857366,2.0671208987517513,626,3,0.004792332268370607,0.62
hja2016_008,WS3-1,hyporheic,2,511,96.4,560508.433913191,4896516.80738205,hja2016_199,HJA-2016_soil_19,soil_enriched,3,7200.594258014596,2.848115975681653,626,11,0.01757188498402556,1.14
hja2016_009,60,hyporheic,2,316,43.1,567391.129953618,4898693.71124374,hja2016_199,HJA-2016_soil_19,soil_enriched,3,2187.283761655009,1.1291403968726526,626,4,0.006389776357827476,0.56
hja2016_010,164,planktonic,3,502,60.8,560307.442789535,4895737.8417834,hja2016_199,HJA-2016_soil_19,soil_enriched,3,7829.513416173379,2.96892265057038,626,0,0,0
hja2016_011,WS1-6,planktonic,2,522,82.7,559631.472642313,4894993.87463913,hja2016_199,HJA-2016_soil_19,soil_enriched,3,8823.949514567797,3.1414245367032034,626,13,0.020766773162939296,1.05
hja2016_013,WS1-4,planktonic,2,522,89.8,559453.480502956,4895042.87247524,hja2016_199,HJA-2016_soil_19,soil_enriched,3,8930.514248420448,3.158743252870006,626,7,0.011182108626198083,0.75
hja2016_014,WS1-6,hyporheic,2,522,82.7,559631.472642313,4894993.87463913,hja2016_199,HJA-2016_soil_19,soil_enriched,3,8823.949514567797,3.1414245367032034,626,3,0.004792332268370607,0.55
hja2016_015,47,hyporheic,4,134,1550.1,563254.31264732,4898130.73610634,hja2016_199,HJA-2016_soil_19,soil_enriched,3,4033.5336110260355,2.0120442778133225,626,1,0.001597444089456869,0.47
hja2016_016,74,hyporheic,2,373,70,565310.221852481,4897724.75403567,hja2016_199,HJA-2016_soil_19,soil_enriched,3,3121.1804993362944,1.642091791402437,626,2,0.003194888178913738,0.21
hja2016_018,WS1-5,hyporheic,2,522,87.9,559517.477676657,4895016.87362342,hja2016_199,HJA-2016_soil_19,soil_enriched,3,8897.20606774569,3.1533523669752737,626,7,0.011182108626198083,0.45
hja2016_019,155,hyporheic,2,345,81.2,565811.199727862,4897652.75721525,hja2016_199,HJA-2016_soil_19,soil_enriched,3,3052.8716295078952,1.6101669267978747,626,10,0.01597444089456869,1.92
hja2016_020,WS1-2,hyporheic,2,522,93.6,559354.484874886,4895103.86978142,hja2016_199,HJA-2016_soil_19,soil_enriched,3,8969.984649914864,3.1651055163027695,626,14,0.022364217252396165,1.44
hja2016_021,156,hyporheic,5,24,2575.9,566141.185154761,4897558.76136638,hja2016_199,HJA-2016_soil_19,soil_enriched,3,3099.6103020396645,1.6320868443203032,626,5,0.007987220447284345,0.99
hja2016_027,WS3-6,planktonic,2,510,78.4,560819.420179147,4896235.81979127,hja2016_199,HJA-2016_soil_19,soil_enriched,3,7118.755232504653,2.83162499724649,626,5,0.007987220447284345,0.63
hja2016_065,68,hyporheic,5,30,3032.2,565145.229139031,4897899.74630751,hja2016_199,HJA-2016_soil_19,soil_enriched,3,3023.0322048640182,1.5959963483173,626,14,0.022364217252396165,1.45
hja2016_066,49,hyporheic,5,40,3399.1,563281.311454976,4898046.73981585,hja2016_199,HJA-2016_soil_19,soil_enriched,3,4065.6687097580225,2.023492662240803,626,11,0.01757188498402556,1.19
hja2016_070,56,hyporheic,3,321,99.5,562839.3309741,4897811.75019367,hja2016_199,HJA-2016_soil_19,soil_enriched,3,4556.869753167082,2.1880431352867755,626,6,0.009584664536741214,0.99
hja2016_071,164,hyporheic,3,502,60.8,560307.442789535,4895737.8417834,hja2016_199,HJA-2016_soil_19,soil_enriched,3,7829.513416173379,2.96892265057038,626,14,0.022364217252396165,1.14
hja2016_075,260,hyporheic,4,23,866.1,566425.172613061,4897456.76587079,hja2016_199,HJA-2016_soil_19,soil_enriched,3,3190.26044818662,1.6736742083064764,626,9,0.01437699680511182,1.46
hja2016_078,CC-1,hyporheic,2,183,64,569956.016680872,4897740.75332909,hja2016_199,HJA-2016_soil_19,soil_enriched,3,4587.299256863675,2.1976450260835976,626,7,0.011182108626198083,1.11
hja2016_079,64,hyporheic,2,163,33.5,570527.99142083,4895508.85189625,hja2016_199,HJA-2016_soil_19,soil_enriched,3,6586.714878747069,2.719559101069781,626,21,0.03354632587859425,2.07
hja2016_084,177,hyporheic,1,452,14.8,565808.199860345,4901620.58198475,hja2016_199,HJA-2016_soil_19,soil_enriched,3,1142.8876106646787,0.19268353871521293,626,7,0.011182108626198083,0.93
hja2016_127,60,sediment,2,316,43.1,567391.129953618,4898693.71124374,hja2016_199,HJA-2016_soil_19,soil_enriched,3,2187.283761655009,1.1291403968726526,626,22,0.03514376996805112,1.69
hja2016_129,72,sediment,4,16,568.3,566542.167446234,4896499.80813279,hja2016_199,HJA-2016_soil_19,soil_enriched,3,4149.374945100051,2.052894027659295,626,45,0.07188498402555911,4.65
hja2016_131,74,sediment,2,373,70,565310.221852481,4897724.75403567,hja2016_199,HJA-2016_soil_19,soil_enriched,3,3121.1804993362944,1.642091791402437,626,43,0.06869009584664537,4.67
hja2016_132,84,sediment,4,112,622.7,566447.171641521,4900685.6232752,hja2016_199,HJA-2016_soil_19,soil_enriched,3,55.91666195588681,-4.16057795072498,626,38,0.06070287539936102,4.15
hja2016_133,161,sediment,5,51,5699.1,561109.407372482,4897170.77850081,hja2016_199,HJA-2016_soil_19,soil_enriched,3,6336.079860435524,2.663590519370838,626,124,0.19808306709265175,11.87
hja2016_135,169,sediment,2,144,53.5,568641.074752475,4902527.5419308,hja2016_199,HJA-2016_soil_19,soil_enriched,3,2920.391585256906,1.5461618280885896,626,47,0.07507987220447285,4.74
hja2016_136,190,sediment,1,546,14.2,564169.272240084,4897881.7471024,hja2016_199,HJA-2016_soil_19,soil_enriched,3,3557.083218643484,1.8306947269215093,626,31,0.04952076677316294,2.93
hja2016_139,CC-2,sediment,2,183,63.6,569992.01509108,4897760.75244588,hja2016_199,HJA-2016_soil_19,soil_enriched,3,4602.640723419848,2.202461831923099,626,42,0.0670926517571885,4.6
hja2016_140,CC-3,sediment,2,183,63,570038.013059678,4897795.75090024,hja2016_199,HJA-2016_soil_19,soil_enriched,3,4616.865215053934,2.2069136149058646,626,30,0.04792332268370607,2.84
hja2016_141,CC-4,sediment,2,183,58.5,570162.007583724,4897831.74931045,hja2016_199,HJA-2016_soil_19,soil_enriched,3,4693.329969879759,2.230611894240948,626,36,0.05750798722044728,3.47
hja2016_142,KC-1,sediment,3,362,114.7,562012.367495176,4896802.79475203,hja2016_199,HJA-2016_soil_19,soil_enriched,3,5838.529032480024,2.545604940191994,626,36,0.05750798722044728,2.61
hja2016_144,KC-3,sediment,3,362,114,562000.368025107,4896680.80013966,hja2016_199,HJA-2016_soil_19,soil_enriched,3,5928.477620297179,2.5676616812261996,626,27,0.04313099041533546,2.67
hja2016_145,155,sediment,2,345,81.2,565811.199727862,4897652.75721525,hja2016_199,HJA-2016_soil_19,soil_enriched,3,3052.8716295078952,1.6101669267978747,626,49,0.07827476038338659,4.34
hja2016_146,156,sediment,5,24,2575.9,566141.185154761,4897558.76136638,hja2016_199,HJA-2016_soil_19,soil_enriched,3,3099.6103020396645,1.6320868443203032,626,24,0.038338658146964855,2.09
hja2016_147,163,sediment,5,63,6126.6,559726.468447026,4896111.82526722,hja2016_199,HJA-2016_soil_19,soil_enriched,3,8074.274228401942,3.013332586228514,626,116,0.1853035143769968,11.78
hja2016_148,165,sediment,2,494,27.9,564789.244860317,4900155.64668049,hja2016_199,HJA-2016_soil_19,soil_enriched,3,1690.4931876698345,0.7574442024869842,626,52,0.08306709265175719,4.85
hja2016_150,53,sediment,3,78,280.7,568092.098996817,4898223.73199937,hja2016_199,HJA-2016_soil_19,soil_enriched,3,2951.686771046734,1.5615396327011986,626,30,0.04792332268370607,2.66
hja2016_151,64,sediment,2,163,33.5,570527.99142083,4895508.85189625,hja2016_199,HJA-2016_soil_19,soil_enriched,3,6586.714878747069,2.719559101069781,626,110,0.1757188498402556,10.39
hja2016_152,66,sediment,4,79,1360.7,567970.104384448,4898153.73509064,hja2016_199,HJA-2016_soil_19,soil_enriched,3,2942.8340168454615,1.5572061729861049,626,19,0.03035143769968051,2.07
hja2016_155,82,sediment,2,536,36.6,564452.259742545,4899854.65997292,hja2016_199,HJA-2016_soil_19,soil_enriched,3,2108.9912002145657,1.0765530754856618,626,48,0.07667731629392971,4.83
hja2016_157,43,sediment,1,538,7.8,567346.131940859,4898257.7304979,hja2016_199,HJA-2016_soil_19,soil_enriched,3,2567.2737287839163,1.3602371276645544,626,23,0.036741214057507986,2.03
hja2016_159,49,sediment,5,40,3399.1,563281.311454976,4898046.73981585,hja2016_199,HJA-2016_soil_19,soil_enriched,3,4065.6687097580225,2.023492662240803,626,26,0.04153354632587859,2.33
hja2016_160,50,sediment,5,41,4956.4,563054.321479503,4898132.73601802,hja2016_199,HJA-2016_soil_19,soil_enriched,3,4190.495659857366,2.0671208987517513,626,7,0.011182108626198083,1.02
hja2016_031,161,hyporheic,5,51,5699.1,561109.407372482,4897170.77850081,hja2016_199,HJA-2016_soil_19,soil_enriched,3,6336.079860435524,2.663590519370838,626,3,0.004792332268370607,0.69
hja2016_032,54,hyporheic,3,363,207.7,561802.376768968,4897363.76997776,hja2016_199,HJA-2016_soil_19,soil_enriched,3,5655.068301974957,2.4995444492063377,626,8,0.012779552715654952,0.94
hja2016_035,192,hyporheic,2,542,28.5,564620.252323511,4897836.74908965,hja2016_199,HJA-2016_soil_19,soil_enriched,3,3330.012094830613,1.735527417272651,626,7,0.011182108626198083,1.19
hja2016_037,43,hyporheic,1,538,7.8,567346.131940859,4898257.7304979,hja2016_199,HJA-2016_soil_19,soil_enriched,3,2567.2737287839163,1.3602371276645544,626,0,0,0
hja2016_042,165,planktonic,2,494,27.9,564789.244860317,4900155.64668049,hja2016_199,HJA-2016_soil_19,soil_enriched,3,1690.4931876698345,0.7574442024869842,626,1,0.001597444089456869,0.07
hja2016_043,KC-2,hyporheic,3,362,114.2,561999.368069268,4896735.79771081,hja2016_199,HJA-2016_soil_19,soil_enriched,3,5892.573738000351,2.5588979070659077,626,6,0.009584664536741214,1.21
hja2016_049,67,planktonic,4,83,1558.1,567119.141965387,4897968.74326041,hja2016_199,HJA-2016_soil_19,soil_enriched,3,2771.3533116465387,1.4705906474730863,626,1,0.001597444089456869,0.06
hja2016_050,165,hyporheic,2,494,27.9,564789.244860317,4900155.64668049,hja2016_199,HJA-2016_soil_19,soil_enriched,3,1690.4931876698345,0.7574442024869842,626,13,0.020766773162939296,1.13
hja2016_052,163,hyporheic,5,63,6126.6,559726.468447026,4896111.82526722,hja2016_199,HJA-2016_soil_19,soil_enriched,3,8074.274228401942,3.013332586228514,626,9,0.01437699680511182,0.65
hja2016_056,KC-1,hyporheic,3,362,114.7,562012.367495176,4896802.79475203,hja2016_199,HJA-2016_soil_19,soil_enriched,3,5838.529032480024,2.545604940191994,626,8,0.012779552715654952,0.75
hja2016_057,71,hyporheic,3,556,101.7,562662.338790582,4897988.74237719,hja2016_199,HJA-2016_soil_19,soil_enriched,3,4592.048019919939,2.1991377286290477,626,2,0.003194888178913738,0.62
hja2016_059,KC-2,planktonic,3,362,114.2,561999.368069268,4896735.79771081,hja2016_199,HJA-2016_soil_19,soil_enriched,3,5892.573738000351,2.5588979070659077,626,7,0.011182108626198083,1.4
hja2016_062,WS3-3,hyporheic,2,511,93.4,560639.428128111,4896408.81215143,hja2016_199,HJA-2016_soil_19,soil_enriched,3,7157.105736532577,2.8393762936750977,626,13,0.020766773162939296,1.09
hja2016_064,WS3-4,planktonic,2,510,81.3,560692.425787583,4896348.81480109,hja2016_199,HJA-2016_soil_19,soil_enriched,3,7150.37183004636,2.838018266145002,626,6,0.009584664536741214,0.96
hja2016_099,162,planktonic,5,66,6208.4,559348.485139852,4895468.85366269,hja2016_199,HJA-2016_soil_19,soil_enriched,3,8753.982559414222,3.1299395096941547,626,5,0.007987220447284345,0.45
hja2016_100,64,planktonic,2,163,33.5,570527.99142083,4895508.85189625,hja2016_199,HJA-2016_soil_19,soil_enriched,3,6586.714878747069,2.719559101069781,626,5,0.007987220447284345,0.26
hja2016_101,58,planktonic,3,385,67.2,566998.147308857,4898497.71989928,hja2016_199,HJA-2016_soil_19,soil_enriched,3,2229.1309892025542,1.1564813953865556,626,3,0.004792332268370607,0.24
hja2016_102,73,hyporheic,2,255,137,566310.177691566,4896786.79545861,hja2016_199,HJA-2016_soil_19,soil_enriched,3,3861.385887003973,1.949118736991069,626,4,0.006389776357827476,0.41
hja2016_103,260,planktonic,4,23,866.1,566425.172613061,4897456.76587079,hja2016_199,HJA-2016_soil_19,soil_enriched,3,3190.26044818662,1.6736742083064764,626,8,0.012779552715654952,1.03
hja2016_105,178,planktonic,2,411,19.9,566185.18321168,4901793.57434491,hja2016_199,HJA-2016_soil_19,soil_enriched,3,1167.8149919666546,0.22381173713454963,626,9,0.01437699680511182,0.66
hja2016_106,170,planktonic,2,229,49.4,570659.985591589,4896908.79007097,hja2016_199,HJA-2016_soil_19,soil_enriched,3,5662.500696185432,2.501439322533391,626,1,0.001597444089456869,0.1
hja2016_107,57,hyporheic,4,131,1488.8,563668.294364702,4898599.71539487,hja2016_199,HJA-2016_soil_19,soil_enriched,3,3419.1337940713634,1.773630877953114,626,4,0.006389776357827476,0.48
hja2016_109,169,planktonic,2,144,53.5,568641.074752475,4902527.5419308,hja2016_199,HJA-2016_soil_19,soil_enriched,3,2920.391585256906,1.5461618280885896,626,5,0.007987220447284345,0.51
hja2016_110,76,hyporheic,3,150,303.5,570464.994202967,4896947.7883487,hja2016_199,HJA-2016_soil_19,soil_enriched,3,5491.193653436456,2.457119790525664,626,4,0.006389776357827476,0.37
hja2016_111,160,planktonic,5,24,2569.5,566416.173010509,4897492.764281,hja2016_199,HJA-2016_soil_19,soil_enriched,3,3154.2229575367555,1.6572846412203741,626,8,0.012779552715654952,0.54
hja2016_114,WS1-5,planktonic,2,522,87.9,559517.477676657,4895016.87362342,hja2016_199,HJA-2016_soil_19,soil_enriched,3,8897.20606774569,3.1533523669752737,626,5,0.007987220447284345,0.46
hja2016_116,53,planktonic,3,78,280.7,568092.098996817,4898223.73199937,hja2016_199,HJA-2016_soil_19,soil_enriched,3,2951.686771046734,1.5615396327011986,626,8,0.012779552715654952,0.59
hja2016_119,56,planktonic,3,321,99.5,562839.3309741,4897811.75019367,hja2016_199,HJA-2016_soil_19,soil_enriched,3,4556.869753167082,2.1880431352867755,626,11,0.01757188498402556,1.03
hja2016_121,84,hyporheic,4,112,622.7,566447.171641521,4900685.6232752,hja2016_199,HJA-2016_soil_19,soil_enriched,3,55.91666195588681,-4.16057795072498,626,1,0.001597444089456869,0.09
hja2016_122,45,sediment,3,390,193.2,565977.192397151,4897892.74661664,hja2016_199,HJA-2016_soil_19,soil_enriched,3,2787.5249112963606,1.4789846980349624,626,29,0.0463258785942492,2.4
hja2016_125,56,sediment,3,321,99.5,562839.3309741,4897811.75019367,hja2016_199,HJA-2016_soil_19,soil_enriched,3,4556.869753167082,2.1880431352867755,626,32,0.051118210862619806,2.86
hja2016_164,260,sediment,4,23,866.1,566425.172613061,4897456.76587079,hja2016_199,HJA-2016_soil_19,soil_enriched,3,3190.26044818662,1.6736742083064764,626,29,0.0463258785942492,3.65
hja2016_166,57,sediment,4,131,1488.8,563668.294364702,4898599.71539487,hja2016_199,HJA-2016_soil_19,soil_enriched,3,3419.1337940713634,1.773630877953114,626,13,0.020766773162939296,1.33
hja2016_167,WS3-1,sediment,2,511,96.4,560508.433913191,4896516.80738205,hja2016_199,HJA-2016_soil_19,soil_enriched,3,7200.594258014596,2.848115975681653,626,124,0.19808306709265175,11.72
hja2016_169,WS3-2,sediment,2,511,95.7,560554.431881789,4896487.80866272,hja2016_199,HJA-2016_soil_19,soil_enriched,3,7179.723610195527,2.8439283072969044,626,128,0.20447284345047922,11.7
hja2016_170,WS3-3,sediment,2,511,93.4,560639.428128111,4896408.81215143,hja2016_199,HJA-2016_soil_19,soil_enriched,3,7157.105736532577,2.8393762936750977,626,28,0.04472843450479233,2.85
hja2016_177,WS1-3,sediment,2,522,92.1,559404.482666841,4895069.8712829,hja2016_199,HJA-2016_soil_19,soil_enriched,3,8951.871200938998,3.1621892790418156,626,51,0.08146964856230032,4.59
hja2016_179,WS1-5,sediment,2,522,87.9,559517.477676657,4895016.87362342,hja2016_199,HJA-2016_soil_19,soil_enriched,3,8897.20606774569,3.1533523669752737,626,27,0.04313099041533546,2.85
hja2016_180,WS1-6,sediment,2,522,82.7,559631.472642313,4894993.87463913,hja2016_199,HJA-2016_soil_19,soil_enriched,3,8823.949514567797,3.1414245367032034,626,7,0.011182108626198083,1.37
hja2016_181,177,sediment,1,452,14.8,565808.199860345,4901620.58198475,hja2016_199,HJA-2016_soil_19,soil_enriched,3,1142.8876106646787,0.19268353871521293,626,28,0.04472843450479233,2.78
