node_type,feature_id,pattern_id,representative_id,module,degree
ASV,ASV_000096,ASVP_0001,ASV_000096,NA,0
ASV,ASV_000099,ASVP_0002,ASV_000099,NA,0
ASV,ASV_000113,ASVP_0003,ASV_000113,NA,0
ASV,ASV_000120,ASVP_0004,ASV_000120,NA,0
ASV,ASV_000126,ASVP_0005,ASV_000126,NA,0
ASV,ASV_000133,ASVP_0006,ASV_000133,NA,0
ASV,ASV_000136,ASVP_0007,ASV_000136,NA,0
ASV,ASV_000148,ASVP_0008,ASV_000148,NA,0
ASV,ASV_000176,ASVP_0009,ASV_000176,NA,0
ASV,ASV_000177,ASVP_0010,ASV_000177,NA,0
ASV,ASV_000179,ASVP_0011,ASV_000179,NA,0
ASV,ASV_000182,ASVP_0012,ASV_000182,NA,0
ASV,ASV_000188,ASVP_0013,ASV_000188,NA,0
ASV,ASV_000194,ASVP_0014,ASV_000194,NA,0
ASV,ASV_000210,ASVP_0015,ASV_000210,NA,0
ASV,ASV_000211,ASVP_0016,ASV_000211,NA,0
ASV,ASV_000215,ASVP_0017,ASV_000215,NA,0
ASV,ASV_000221,ASVP_0018,ASV_000221,NA,0
ASV,ASV_000243,ASVP_0019,ASV_000243,NA,0
ASV,ASV_000245,ASVP_0020,ASV_000245,NA,0
ASV,ASV_000252,ASVP_0021,ASV_000252,NA,0
ASV,ASV_000258,ASVP_0022,ASV_000258,NA,0
ASV,ASV_000268,ASVP_0023,ASV_000268,NA,0
ASV,ASV_000269,ASVP_0024,ASV_000269,NA,0
ASV,ASV_000275,ASVP_0025,ASV_000275,NA,0
ASV,ASV_000278,ASVP_0026,ASV_000278,NA,0
ASV,ASV_000284,ASVP_0027,ASV_000284,NA,0
ASV,ASV_000291,ASVP_0028,ASV_000291,NA,0
ASV,ASV_000298,ASVP_0029,ASV_000298,NA,0
ASV,ASV_000307,ASVP_0030,ASV_000307,NA,0
ASV,ASV_000309,ASVP_0031,ASV_000309,NA,0
ASV,ASV_000312,ASVP_0032,ASV_000312,NA,0
ASV,ASV_000317,ASVP_0033,ASV_000317,NA,0
ASV,ASV_000336,ASVP_0034,ASV_000336,NA,0
ASV,ASV_000337,ASVP_0035,ASV_000337,NA,0
ASV,ASV_000340,ASVP_0036,ASV_000340,NA,0
ASV,ASV_000344,ASVP_0037,ASV_000344,NA,0
ASV,ASV_000345,ASVP_0038,ASV_000345,NA,0
ASV,ASV_000347,ASVP_0039,ASV_000347,NA,0
ASV,ASV_000351,ASVP_0040,ASV_000351,NA,0
ASV,ASV_000352,ASVP_0041,ASV_000352,NA,0
ASV,ASV_000359,ASVP_0042,ASV_000359,NA,0
ASV,ASV_000360,ASVP_0043,ASV_000360,3,2
ASV,ASV_000361,ASVP_0044,ASV_000361,NA,0
ASV,ASV_000362,ASVP_0045,ASV_000362,NA,0
ASV,ASV_000368,ASVP_0046,ASV_000368,NA,0
ASV,ASV_000371,ASVP_0047,ASV_000371,NA,0
ASV,ASV_000374,ASVP_0048,ASV_000374,NA,0
ASV,ASV_000375,ASVP_0049,ASV_000375,NA,0
ASV,ASV_000377,ASVP_0050,ASV_000377,NA,0
ASV,ASV_000379,ASVP_0051,ASV_000379,NA,0
ASV,ASV_000380,ASVP_0052,ASV_000380,NA,0
ASV,ASV_000383,ASVP_0053,ASV_000383,NA,0
ASV,ASV_000385,ASVP_0054,ASV_000385,NA,0
ASV,ASV_000386,ASVP_0055,ASV_000386,NA,0
ASV,ASV_000389,ASVP_0056,ASV_000389,NA,0
ASV,ASV_000397,ASVP_0057,ASV_000397,NA,0
ASV,ASV_000400,ASVP_0058,ASV_000400,3,5
ASV,ASV_000404,ASVP_0059,ASV_000404,NA,0
ASV,ASV_000410,ASVP_0060,ASV_000410,3,2
ASV,ASV_000419,ASVP_0061,ASV_000419,NA,0
ASV,ASV_000423,ASVP_0062,ASV_000423,NA,0
ASV,ASV_000429,ASVP_0063,ASV_000429,NA,0
ASV,ASV_000430,ASVP_0064,ASV_000430,NA,0
ASV,ASV_000431,ASVP_0065,ASV_000431,NA,0
ASV,ASV_000436,ASVP_0066,ASV_000436,NA,0
ASV,ASV_000442,ASVP_0067,ASV_000442,NA,0
ASV,ASV_000444,ASVP_0068,ASV_000444,NA,0
ASV,ASV_000447,ASVP_0069,ASV_000447,NA,0
ASV,ASV_000448,ASVP_0070,ASV_000448,NA,0
ASV,ASV_000451,ASVP_0071,ASV_000451,NA,0
ASV,ASV_000452,ASVP_0072,ASV_000452,NA,0
ASV,ASV_000459,ASVP_0073,ASV_000459,2,4
ASV,ASV_000466,ASVP_0074,ASV_000466,2,1
ASV,ASV_000469,ASVP_0075,ASV_000469,6,1
ASV,ASV_000470,ASVP_0076,ASV_000470,NA,0
ASV,ASV_000472,ASVP_0077,ASV_000472,NA,0
ASV,ASV_000478,ASVP_0078,ASV_000478,9,1
ASV,ASV_000479,ASVP_0079,ASV_000479,NA,0
ASV,ASV_000480,ASVP_0080,ASV_000480,NA,0
ASV,ASV_000484,ASVP_0081,ASV_000484,NA,0
ASV,ASV_000485,ASVP_0082,ASV_000485,NA,0
ASV,ASV_000489,ASVP_0083,ASV_000489,NA,0
ASV,ASV_000490,ASVP_0084,ASV_000490,10,1
ASV,ASV_000491,ASVP_0085,ASV_000491,NA,0
ASV,ASV_000494,ASVP_0086,ASV_000494,NA,0
ASV,ASV_000495,ASVP_0087,ASV_000495,4,4
ASV,ASV_000503,ASVP_0088,ASV_000503,11,1
ASV,ASV_000505,ASVP_0089,ASV_000505,NA,0
ASV,ASV_000513,ASVP_0090,ASV_000513,NA,0
ASV,ASV_000516,ASVP_0091,ASV_000516,NA,0
ASV,ASV_000518,ASVP_0092,ASV_000518,NA,0
ASV,ASV_000521,ASVP_0093,ASV_000521,NA,0
ASV,ASV_000526,ASVP_0094,ASV_000526,NA,0
ASV,ASV_000527,ASVP_0095,ASV_000527,NA,0
ASV,ASV_000531,ASVP_0096,ASV_000531,13,2
ASV,ASV_000539,ASVP_0097,ASV_000539,NA,0
ASV,ASV_000540,ASVP_0098,ASV_000540,NA,0
ASV,ASV_000541,ASVP_0099,ASV_000541,NA,0
ASV,ASV_000543,ASVP_0100,ASV_000543,NA,0
ASV,ASV_000546,ASVP_0101,ASV_000546,16,1
ASV,ASV_000547,ASVP_0102,ASV_000547,NA,0
ASV,ASV_000548,ASVP_0103,ASV_000548,NA,0
ASV,ASV_000551,ASVP_0104,ASV_000551,NA,0
ASV,ASV_000553,ASVP_0105,ASV_000553,NA,0
ASV,ASV_000556,ASVP_0106,ASV_000556,1,1
ASV,ASV_000558,ASVP_0107,ASV_000558,2,1
ASV,ASV_000561,ASVP_0108,ASV_000561,NA,0
ASV,ASV_000563,ASVP_0109,ASV_000563,NA,0
ASV,ASV_000564,ASVP_0110,ASV_000564,NA,0
ASV,ASV_000567,ASVP_0111,ASV_000567,NA,0
ASV,ASV_000568,ASVP_0112,ASV_000568,NA,0
ASV,ASV_000575,ASVP_0113,ASV_000575,NA,0
ASV,ASV_000577,ASVP_0114,ASV_000577,NA,0
ASV,ASV_000582,ASVP_0115,ASV_000582,NA,0
ASV,ASV_000584,ASVP_0116,ASV_000584,NA,0
ASV,ASV_000590,ASVP_0117,ASV_000590,NA,0
ASV,ASV_000591,ASVP_0118,ASV_000591,NA,0
ASV,ASV_000592,ASVP_0119,ASV_000592,NA,0
ASV,ASV_000593,ASVP_0120,ASV_000593,NA,0
ASV,ASV_000597,ASVP_0121,ASV_000597,NA,0
ASV,ASV_000600,ASVP_0122,ASV_000600,NA,0
ASV,ASV_000601,ASVP_0123,ASV_000601,NA,0
ASV,ASV_000607,ASVP_0124,ASV_000607,NA,0
ASV,ASV_000610,ASVP_0125,ASV_000610,NA,0
ASV,ASV_000611,ASVP_0126,ASV_000611,NA,0
ASV,ASV_000613,ASVP_0127,ASV_000613,NA,0
ASV,ASV_000614,ASVP_0128,ASV_000614,NA,0
ASV,ASV_000615,ASVP_0129,ASV_000615,NA,0
ASV,ASV_000616,ASVP_0130,ASV_000616,NA,0
ASV,ASV_000618,ASVP_0131,ASV_000618,3,3
ASV,ASV_000620,ASVP_0132,ASV_000620,NA,0
ASV,ASV_000621,ASVP_0133,ASV_000621,3,1
ASV,ASV_000622,ASVP_0134,ASV_000622,NA,0
ASV,ASV_000629,ASVP_0135,ASV_000629,NA,0
ASV,ASV_000639,ASVP_0136,ASV_000639,NA,0
ASV,ASV_000642,ASVP_0137,ASV_000642,NA,0
ASV,ASV_000647,ASVP_0138,ASV_000647,2,2
ASV,ASV_000648,ASVP_0139,ASV_000648,NA,0
ASV,ASV_000650,ASVP_0140,ASV_000650,NA,0
ASV,ASV_000651,ASVP_0141,ASV_000651,NA,0
ASV,ASV_000652,ASVP_0142,ASV_000652,NA,0
ASV,ASV_000656,ASVP_0143,ASV_000656,NA,0
ASV,ASV_000658,ASVP_0144,ASV_000658,NA,0
ASV,ASV_000659,ASVP_0145,ASV_000659,2,2
ASV,ASV_000660,ASVP_0146,ASV_000660,NA,0
ASV,ASV_000661,ASVP_0147,ASV_000661,NA,0
ASV,ASV_000662,ASVP_0148,ASV_000662,NA,0
ASV,ASV_000666,ASVP_0149,ASV_000666,NA,0
ASV,ASV_000668,ASVP_0150,ASV_000668,NA,0
ASV,ASV_000670,ASVP_0151,ASV_000670,NA,0
ASV,ASV_000672,ASVP_0152,ASV_000672,NA,0
ASV,ASV_000676,ASVP_0153,ASV_000676,NA,0
ASV,ASV_000677,ASVP_0154,ASV_000677,NA,0
ASV,ASV_000679,ASVP_0155,ASV_000679,NA,0
ASV,ASV_000681,ASVP_0156,ASV_000681,NA,0
ASV,ASV_000684,ASVP_0157,ASV_000684,NA,0
ASV,ASV_000686,ASVP_0158,ASV_000686,NA,0
ASV,ASV_000688,ASVP_0159,ASV_000688,NA,0
ASV,ASV_000689,ASVP_0160,ASV_000689,17,1
ASV,ASV_000690,ASVP_0161,ASV_000690,NA,0
ASV,ASV_000691,ASVP_0162,ASV_000691,NA,0
ASV,ASV_000692,ASVP_0163,ASV_000692,NA,0
ASV,ASV_000694,ASVP_0164,ASV_000694,NA,0
ASV,ASV_000699,ASVP_0165,ASV_000699,NA,0
ASV,ASV_000700,ASVP_0060,ASV_000410,3,2
ASV,ASV_000704,ASVP_0166,ASV_000704,NA,0
ASV,ASV_000706,ASVP_0167,ASV_000706,NA,0
ASV,ASV_000707,ASVP_0168,ASV_000707,NA,0
ASV,ASV_000708,ASVP_0169,ASV_000708,NA,0
ASV,ASV_000710,ASVP_0170,ASV_000710,NA,0
ASV,ASV_000713,ASVP_0171,ASV_000713,NA,0
ASV,ASV_000714,ASVP_0172,ASV_000714,NA,0
ASV,ASV_000717,ASVP_0173,ASV_000717,18,1
ASV,ASV_000719,ASVP_0174,ASV_000719,NA,0
ASV,ASV_000720,ASVP_0175,ASV_000720,NA,0
ASV,ASV_000721,ASVP_0176,ASV_000721,NA,0
ASV,ASV_000727,ASVP_0177,ASV_000727,NA,0
ASV,ASV_000730,ASVP_0178,ASV_000730,3,5
ASV,ASV_000732,ASVP_0179,ASV_000732,3,2
ASV,ASV_000736,ASVP_0180,ASV_000736,NA,0
ASV,ASV_000738,ASVP_0181,ASV_000738,NA,0
ASV,ASV_000740,ASVP_0182,ASV_000740,3,1
ASV,ASV_000741,ASVP_0183,ASV_000741,NA,0
ASV,ASV_000743,ASVP_0184,ASV_000743,NA,0
ASV,ASV_000744,ASVP_0185,ASV_000744,NA,0
ASV,ASV_000745,ASVP_0186,ASV_000745,NA,0
ASV,ASV_000750,ASVP_0187,ASV_000750,NA,0
ASV,ASV_000752,ASVP_0188,ASV_000752,NA,0
ASV,ASV_000753,ASVP_0189,ASV_000753,NA,0
ASV,ASV_000758,ASVP_0190,ASV_000758,NA,0
ASV,ASV_000759,ASVP_0191,ASV_000759,NA,0
ASV,ASV_000761,ASVP_0192,ASV_000761,NA,0
ASV,ASV_000762,ASVP_0193,ASV_000762,NA,0
ASV,ASV_000765,ASVP_0194,ASV_000765,NA,0
ASV,ASV_000766,ASVP_0195,ASV_000766,NA,0
ASV,ASV_000767,ASVP_0196,ASV_000767,NA,0
ASV,ASV_000768,ASVP_0197,ASV_000768,NA,0
ASV,ASV_000774,ASVP_0198,ASV_000774,NA,0
ASV,ASV_000775,ASVP_0199,ASV_000775,NA,0
ASV,ASV_000776,ASVP_0200,ASV_000776,NA,0
ASV,ASV_000779,ASVP_0201,ASV_000779,3,2
ASV,ASV_000783,ASVP_0202,ASV_000783,NA,0
ASV,ASV_000786,ASVP_0203,ASV_000786,NA,0
ASV,ASV_000787,ASVP_0204,ASV_000787,NA,0
ASV,ASV_000791,ASVP_0205,ASV_000791,NA,0
ASV,ASV_000792,ASVP_0206,ASV_000792,NA,0
ASV,ASV_000794,ASVP_0207,ASV_000794,NA,0
ASV,ASV_000795,ASVP_0208,ASV_000795,NA,0
ASV,ASV_000797,ASVP_0209,ASV_000797,NA,0
ASV,ASV_000799,ASVP_0210,ASV_000799,NA,0
ASV,ASV_000800,ASVP_0211,ASV_000800,NA,0
ASV,ASV_000808,ASVP_0212,ASV_000808,NA,0
ASV,ASV_000809,ASVP_0213,ASV_000809,NA,0
ASV,ASV_000811,ASVP_0214,ASV_000811,NA,0
ASV,ASV_000812,ASVP_0215,ASV_000812,NA,0
ASV,ASV_000813,ASVP_0216,ASV_000813,NA,0
ASV,ASV_000815,ASVP_0217,ASV_000815,3,3
ASV,ASV_000816,ASVP_0218,ASV_000816,NA,0
ASV,ASV_000818,ASVP_0219,ASV_000818,NA,0
ASV,ASV_000828,ASVP_0220,ASV_000828,NA,0
ASV,ASV_000832,ASVP_0221,ASV_000832,NA,0
ASV,ASV_000835,ASVP_0222,ASV_000835,NA,0
ASV,ASV_000838,ASVP_0223,ASV_000838,NA,0
ASV,ASV_000842,ASVP_0224,ASV_000842,NA,0
ASV,ASV_000846,ASVP_0225,ASV_000846,NA,0
ASV,ASV_000847,ASVP_0226,ASV_000847,NA,0
ASV,ASV_000849,ASVP_0227,ASV_000849,NA,0
ASV,ASV_000851,ASVP_0228,ASV_000851,NA,0
ASV,ASV_000852,ASVP_0229,ASV_000852,NA,0
ASV,ASV_000856,ASVP_0230,ASV_000856,NA,0
ASV,ASV_000859,ASVP_0231,ASV_000859,NA,0
ASV,ASV_000861,ASVP_0232,ASV_000861,NA,0
ASV,ASV_000864,ASVP_0233,ASV_000864,NA,0
ASV,ASV_000865,ASVP_0234,ASV_000865,NA,0
ASV,ASV_000867,ASVP_0235,ASV_000867,18,1
ASV,ASV_000869,ASVP_0236,ASV_000869,NA,0
ASV,ASV_000872,ASVP_0237,ASV_000872,NA,0
ASV,ASV_000876,ASVP_0238,ASV_000876,NA,0
ASV,ASV_000879,ASVP_0239,ASV_000879,NA,0
ASV,ASV_000880,ASVP_0240,ASV_000880,NA,0
ASV,ASV_000881,ASVP_0241,ASV_000881,NA,0
ASV,ASV_000884,ASVP_0242,ASV_000884,NA,0
ASV,ASV_000885,ASVP_0243,ASV_000885,NA,0
ASV,ASV_000888,ASVP_0244,ASV_000888,NA,0
ASV,ASV_000889,ASVP_0245,ASV_000889,NA,0
ASV,ASV_000895,ASVP_0246,ASV_000895,NA,0
ASV,ASV_000896,ASVP_0247,ASV_000896,NA,0
ASV,ASV_000898,ASVP_0248,ASV_000898,NA,0
ASV,ASV_000902,ASVP_0249,ASV_000902,NA,0
ASV,ASV_000906,ASVP_0250,ASV_000906,NA,0
ASV,ASV_000907,ASVP_0251,ASV_000907,NA,0
ASV,ASV_000909,ASVP_0252,ASV_000909,NA,0
ASV,ASV_000911,ASVP_0253,ASV_000911,NA,0
ASV,ASV_000915,ASVP_0254,ASV_000915,NA,0
ASV,ASV_000917,ASVP_0255,ASV_000917,NA,0
ASV,ASV_000918,ASVP_0256,ASV_000918,NA,0
ASV,ASV_000922,ASVP_0257,ASV_000922,NA,0
ASV,ASV_000923,ASVP_0105,ASV_000553,NA,0
ASV,ASV_000924,ASVP_0258,ASV_000924,2,1
ASV,ASV_000926,ASVP_0259,ASV_000926,NA,0
ASV,ASV_000928,ASVP_0260,ASV_000928,NA,0
ASV,ASV_000930,ASVP_0261,ASV_000930,NA,0
ASV,ASV_000933,ASVP_0262,ASV_000933,NA,0
ASV,ASV_000936,ASVP_0263,ASV_000936,1,5
ASV,ASV_000941,ASVP_0264,ASV_000941,NA,0
ASV,ASV_000950,ASVP_0265,ASV_000950,NA,0
ASV,ASV_000951,ASVP_0266,ASV_000951,NA,0
ASV,ASV_000952,ASVP_0267,ASV_000952,NA,0
ASV,ASV_000954,ASVP_0268,ASV_000954,NA,0
ASV,ASV_000955,ASVP_0269,ASV_000955,NA,0
ASV,ASV_000956,ASVP_0270,ASV_000956,NA,0
ASV,ASV_000961,ASVP_0271,ASV_000961,NA,0
ASV,ASV_000963,ASVP_0272,ASV_000963,NA,0
ASV,ASV_000964,ASVP_0273,ASV_000964,NA,0
ASV,ASV_000965,ASVP_0274,ASV_000965,NA,0
ASV,ASV_000967,ASVP_0275,ASV_000967,NA,0
ASV,ASV_000970,ASVP_0276,ASV_000970,2,1
ASV,ASV_000973,ASVP_0277,ASV_000973,NA,0
ASV,ASV_000975,ASVP_0278,ASV_000975,NA,0
ASV,ASV_000979,ASVP_0279,ASV_000979,NA,0
ASV,ASV_000982,ASVP_0280,ASV_000982,NA,0
ASV,ASV_000983,ASVP_0281,ASV_000983,NA,0
ASV,ASV_000984,ASVP_0282,ASV_000984,19,1
ASV,ASV_000985,ASVP_0283,ASV_000985,NA,0
ASV,ASV_000986,ASVP_0284,ASV_000986,NA,0
ASV,ASV_000988,ASVP_0285,ASV_000988,NA,0
ASV,ASV_000989,ASVP_0286,ASV_000989,NA,0
ASV,ASV_000993,ASVP_0287,ASV_000993,NA,0
ASV,ASV_000996,ASVP_0288,ASV_000996,3,9
ASV,ASV_000997,ASVP_0289,ASV_000997,NA,0
ASV,ASV_000998,ASVP_0290,ASV_000998,NA,0
ASV,ASV_001002,ASVP_0291,ASV_001002,NA,0
ASV,ASV_001005,ASVP_0292,ASV_001005,NA,0
ASV,ASV_001006,ASVP_0293,ASV_001006,NA,0
ASV,ASV_001008,ASVP_0294,ASV_001008,NA,0
ASV,ASV_001010,ASVP_0295,ASV_001010,NA,0
ASV,ASV_001011,ASVP_0296,ASV_001011,NA,0
ASV,ASV_001013,ASVP_0297,ASV_001013,NA,0
ASV,ASV_001014,ASVP_0298,ASV_001014,NA,0
ASV,ASV_001015,ASVP_0299,ASV_001015,NA,0
ASV,ASV_001017,ASVP_0300,ASV_001017,NA,0
ASV,ASV_001019,ASVP_0301,ASV_001019,3,14
ASV,ASV_001027,ASVP_0302,ASV_001027,NA,0
ASV,ASV_001029,ASVP_0303,ASV_001029,NA,0
ASV,ASV_001030,ASVP_0304,ASV_001030,NA,0
ASV,ASV_001031,ASVP_0305,ASV_001031,NA,0
ASV,ASV_001032,ASVP_0306,ASV_001032,NA,0
ASV,ASV_001033,ASVP_0307,ASV_001033,NA,0
ASV,ASV_001037,ASVP_0308,ASV_001037,NA,0
ASV,ASV_001038,ASVP_0309,ASV_001038,20,2
ASV,ASV_001041,ASVP_0310,ASV_001041,5,2
ASV,ASV_001044,ASVP_0311,ASV_001044,NA,0
ASV,ASV_001046,ASVP_0312,ASV_001046,NA,0
ASV,ASV_001047,ASVP_0313,ASV_001047,NA,0
ASV,ASV_001049,ASVP_0314,ASV_001049,NA,0
ASV,ASV_001050,ASVP_0315,ASV_001050,NA,0
ASV,ASV_001052,ASVP_0316,ASV_001052,NA,0
ASV,ASV_001053,ASVP_0317,ASV_001053,NA,0
ASV,ASV_001056,ASVP_0318,ASV_001056,NA,0
ASV,ASV_001057,ASVP_0319,ASV_001057,NA,0
ASV,ASV_001059,ASVP_0320,ASV_001059,NA,0
ASV,ASV_001065,ASVP_0321,ASV_001065,NA,0
ASV,ASV_001066,ASVP_0322,ASV_001066,NA,0
ASV,ASV_001067,ASVP_0323,ASV_001067,NA,0
ASV,ASV_001068,ASVP_0324,ASV_001068,NA,0
ASV,ASV_001070,ASVP_0325,ASV_001070,NA,0
ASV,ASV_001072,ASVP_0326,ASV_001072,NA,0
ASV,ASV_001074,ASVP_0327,ASV_001074,NA,0
ASV,ASV_001076,ASVP_0328,ASV_001076,NA,0
ASV,ASV_001080,ASVP_0329,ASV_001080,NA,0
ASV,ASV_001083,ASVP_0330,ASV_001083,NA,0
ASV,ASV_001084,ASVP_0331,ASV_001084,NA,0
ASV,ASV_001085,ASVP_0332,ASV_001085,NA,0
ASV,ASV_001086,ASVP_0333,ASV_001086,NA,0
ASV,ASV_001087,ASVP_0334,ASV_001087,NA,0
ASV,ASV_001088,ASVP_0335,ASV_001088,NA,0
ASV,ASV_001091,ASVP_0336,ASV_001091,NA,0
ASV,ASV_001092,ASVP_0337,ASV_001092,NA,0
ASV,ASV_001093,ASVP_0338,ASV_001093,NA,0
ASV,ASV_001098,ASVP_0339,ASV_001098,NA,0
ASV,ASV_001103,ASVP_0340,ASV_001103,NA,0
ASV,ASV_001104,ASVP_0341,ASV_001104,NA,0
ASV,ASV_001105,ASVP_0342,ASV_001105,NA,0
ASV,ASV_001107,ASVP_0343,ASV_001107,NA,0
ASV,ASV_001110,ASVP_0344,ASV_001110,NA,0
ASV,ASV_001112,ASVP_0345,ASV_001112,NA,0
ASV,ASV_001113,ASVP_0346,ASV_001113,3,7
ASV,ASV_001115,ASVP_0347,ASV_001115,NA,0
ASV,ASV_001118,ASVP_0348,ASV_001118,NA,0
ASV,ASV_001119,ASVP_0349,ASV_001119,NA,0
ASV,ASV_001121,ASVP_0350,ASV_001121,NA,0
ASV,ASV_001122,ASVP_0351,ASV_001122,NA,0
ASV,ASV_001124,ASVP_0352,ASV_001124,NA,0
ASV,ASV_001126,ASVP_0353,ASV_001126,NA,0
ASV,ASV_001128,ASVP_0354,ASV_001128,3,4
ASV,ASV_001130,ASVP_0355,ASV_001130,NA,0
ASV,ASV_001131,ASVP_0356,ASV_001131,NA,0
ASV,ASV_001132,ASVP_0357,ASV_001132,NA,0
ASV,ASV_001137,ASVP_0358,ASV_001137,NA,0
ASV,ASV_001138,ASVP_0359,ASV_001138,NA,0
ASV,ASV_001139,ASVP_0360,ASV_001139,4,1
ASV,ASV_001142,ASVP_0361,ASV_001142,NA,0
ASV,ASV_001143,ASVP_0362,ASV_001143,3,5
ASV,ASV_001144,ASVP_0363,ASV_001144,NA,0
ASV,ASV_001145,ASVP_0364,ASV_001145,NA,0
ASV,ASV_001146,ASVP_0365,ASV_001146,21,1
ASV,ASV_001147,ASVP_0366,ASV_001147,NA,0
ASV,ASV_001150,ASVP_0367,ASV_001150,NA,0
ASV,ASV_001152,ASVP_0368,ASV_001152,NA,0
ASV,ASV_001153,ASVP_0369,ASV_001153,NA,0
ASV,ASV_001156,ASVP_0370,ASV_001156,NA,0
ASV,ASV_001157,ASVP_0371,ASV_001157,NA,0
ASV,ASV_001158,ASVP_0372,ASV_001158,23,1
ASV,ASV_001159,ASVP_0373,ASV_001159,11,1
ASV,ASV_001163,ASVP_0374,ASV_001163,NA,0
ASV,ASV_001167,ASVP_0375,ASV_001167,NA,0
ASV,ASV_001169,ASVP_0376,ASV_001169,NA,0
ASV,ASV_001170,ASVP_0377,ASV_001170,NA,0
ASV,ASV_001171,ASVP_0378,ASV_001171,2,2
ASV,ASV_001173,ASVP_0379,ASV_001173,24,1
ASV,ASV_001174,ASVP_0380,ASV_001174,NA,0
ASV,ASV_001177,ASVP_0381,ASV_001177,1,1
ASV,ASV_001180,ASVP_0382,ASV_001180,NA,0
ASV,ASV_001185,ASVP_0383,ASV_001185,NA,0
ASV,ASV_001186,ASVP_0384,ASV_001186,NA,0
ASV,ASV_001189,ASVP_0385,ASV_001189,NA,0
ASV,ASV_001193,ASVP_0386,ASV_001193,NA,0
ASV,ASV_001195,ASVP_0387,ASV_001195,NA,0
ASV,ASV_001201,ASVP_0388,ASV_001201,NA,0
ASV,ASV_001203,ASVP_0389,ASV_001203,2,1
ASV,ASV_001206,ASVP_0390,ASV_001206,NA,0
ASV,ASV_001207,ASVP_0391,ASV_001207,3,8
ASV,ASV_001214,ASVP_0392,ASV_001214,NA,0
ASV,ASV_001215,ASVP_0393,ASV_001215,3,2
ASV,ASV_001216,ASVP_0394,ASV_001216,NA,0
ASV,ASV_001221,ASVP_0395,ASV_001221,NA,0
ASV,ASV_001223,ASVP_0396,ASV_001223,NA,0
ASV,ASV_001224,ASVP_0397,ASV_001224,NA,0
ASV,ASV_001227,ASVP_0398,ASV_001227,NA,0
ASV,ASV_001228,ASVP_0399,ASV_001228,NA,0
ASV,ASV_001232,ASVP_0400,ASV_001232,1,1
ASV,ASV_001234,ASVP_0401,ASV_001234,NA,0
ASV,ASV_001235,ASVP_0402,ASV_001235,NA,0
ASV,ASV_001236,ASVP_0403,ASV_001236,NA,0
ASV,ASV_001237,ASVP_0404,ASV_001237,NA,0
ASV,ASV_001240,ASVP_0405,ASV_001240,NA,0
ASV,ASV_001243,ASVP_0406,ASV_001243,2,1
ASV,ASV_001244,ASVP_0407,ASV_001244,NA,0
ASV,ASV_001246,ASVP_0408,ASV_001246,NA,0
ASV,ASV_001248,ASVP_0409,ASV_001248,NA,0
ASV,ASV_001251,ASVP_0410,ASV_001251,NA,0
ASV,ASV_001252,ASVP_0411,ASV_001252,NA,0
ASV,ASV_001253,ASVP_0412,ASV_001253,NA,0
ASV,ASV_001254,ASVP_0413,ASV_001254,NA,0
ASV,ASV_001256,ASVP_0414,ASV_001256,NA,0
ASV,ASV_001258,ASVP_0415,ASV_001258,NA,0
ASV,ASV_001259,ASVP_0416,ASV_001259,NA,0
ASV,ASV_001260,ASVP_0417,ASV_001260,NA,0
ASV,ASV_001264,ASVP_0418,ASV_001264,NA,0
ASV,ASV_001265,ASVP_0419,ASV_001265,NA,0
ASV,ASV_001269,ASVP_0420,ASV_001269,NA,0
ASV,ASV_001272,ASVP_0421,ASV_001272,NA,0
ASV,ASV_001275,ASVP_0422,ASV_001275,NA,0
ASV,ASV_001277,ASVP_0423,ASV_001277,NA,0
ASV,ASV_001278,ASVP_0424,ASV_001278,NA,0
ASV,ASV_001279,ASVP_0425,ASV_001279,NA,0
ASV,ASV_001280,ASVP_0426,ASV_001280,NA,0
ASV,ASV_001281,ASVP_0427,ASV_001281,NA,0
ASV,ASV_001282,ASVP_0428,ASV_001282,NA,0
ASV,ASV_001284,ASVP_0429,ASV_001284,25,1
ASV,ASV_001285,ASVP_0430,ASV_001285,2,1
ASV,ASV_001286,ASVP_0431,ASV_001286,NA,0
ASV,ASV_001289,ASVP_0432,ASV_001289,6,1
ASV,ASV_001290,ASVP_0433,ASV_001290,NA,0
ASV,ASV_001292,ASVP_0434,ASV_001292,NA,0
ASV,ASV_001294,ASVP_0435,ASV_001294,NA,0
ASV,ASV_001295,ASVP_0436,ASV_001295,3,4
ASV,ASV_001297,ASVP_0437,ASV_001297,1,1
ASV,ASV_001298,ASVP_0438,ASV_001298,NA,0
ASV,ASV_001301,ASVP_0439,ASV_001301,NA,0
ASV,ASV_001303,ASVP_0440,ASV_001303,NA,0
ASV,ASV_001305,ASVP_0441,ASV_001305,NA,0
ASV,ASV_001306,ASVP_0442,ASV_001306,NA,0
ASV,ASV_001307,ASVP_0443,ASV_001307,NA,0
ASV,ASV_001308,ASVP_0444,ASV_001308,NA,0
ASV,ASV_001309,ASVP_0445,ASV_001309,NA,0
ASV,ASV_001312,ASVP_0446,ASV_001312,NA,0
ASV,ASV_001313,ASVP_0447,ASV_001313,NA,0
ASV,ASV_001314,ASVP_0448,ASV_001314,NA,0
ASV,ASV_001315,ASVP_0449,ASV_001315,NA,0
ASV,ASV_001317,ASVP_0450,ASV_001317,NA,0
ASV,ASV_001318,ASVP_0451,ASV_001318,NA,0
ASV,ASV_001319,ASVP_0452,ASV_001319,NA,0
ASV,ASV_001320,ASVP_0453,ASV_001320,NA,0
ASV,ASV_001323,ASVP_0454,ASV_001323,26,1
ASV,ASV_001324,ASVP_0455,ASV_001324,NA,0
ASV,ASV_001326,ASVP_0456,ASV_001326,NA,0
ASV,ASV_001327,ASVP_0457,ASV_001327,NA,0
ASV,ASV_001328,ASVP_0458,ASV_001328,NA,0
ASV,ASV_001329,ASVP_0459,ASV_001329,NA,0
ASV,ASV_001330,ASVP_0460,ASV_001330,NA,0
ASV,ASV_001331,ASVP_0461,ASV_001331,NA,0
ASV,ASV_001332,ASVP_0462,ASV_001332,3,3
ASV,ASV_001333,ASVP_0463,ASV_001333,NA,0
ASV,ASV_001334,ASVP_0464,ASV_001334,NA,0
ASV,ASV_001335,ASVP_0465,ASV_001335,NA,0
ASV,ASV_001336,ASVP_0466,ASV_001336,NA,0
ASV,ASV_001337,ASVP_0467,ASV_001337,NA,0
ASV,ASV_001341,ASVP_0468,ASV_001341,NA,0
ASV,ASV_001342,ASVP_0469,ASV_001342,NA,0
ASV,ASV_001346,ASVP_0470,ASV_001346,NA,0
ASV,ASV_001347,ASVP_0471,ASV_001347,NA,0
ASV,ASV_001348,ASVP_0472,ASV_001348,NA,0
ASV,ASV_001349,ASVP_0473,ASV_001349,NA,0
ASV,ASV_001352,ASVP_0474,ASV_001352,NA,0
ASV,ASV_001354,ASVP_0475,ASV_001354,NA,0
ASV,ASV_001357,ASVP_0476,ASV_001357,27,1
ASV,ASV_001359,ASVP_0477,ASV_001359,NA,0
ASV,ASV_001361,ASVP_0478,ASV_001361,NA,0
ASV,ASV_001362,ASVP_0479,ASV_001362,NA,0
ASV,ASV_001363,ASVP_0480,ASV_001363,NA,0
ASV,ASV_001364,ASVP_0481,ASV_001364,NA,0
ASV,ASV_001367,ASVP_0482,ASV_001367,NA,0
ASV,ASV_001368,ASVP_0483,ASV_001368,NA,0
ASV,ASV_001369,ASVP_0484,ASV_001369,2,5
ASV,ASV_001370,ASVP_0485,ASV_001370,NA,0
ASV,ASV_001372,ASVP_0486,ASV_001372,NA,0
ASV,ASV_001374,ASVP_0487,ASV_001374,NA,0
ASV,ASV_001375,ASVP_0488,ASV_001375,NA,0
ASV,ASV_001376,ASVP_0489,ASV_001376,NA,0
ASV,ASV_001377,ASVP_0490,ASV_001377,NA,0
ASV,ASV_001379,ASVP_0491,ASV_001379,NA,0
ASV,ASV_001380,ASVP_0492,ASV_001380,NA,0
ASV,ASV_001381,ASVP_0493,ASV_001381,NA,0
ASV,ASV_001385,ASVP_0494,ASV_001385,NA,0
ASV,ASV_001386,ASVP_0495,ASV_001386,NA,0
ASV,ASV_001387,ASVP_0496,ASV_001387,NA,0
ASV,ASV_001388,ASVP_0497,ASV_001388,NA,0
ASV,ASV_001389,ASVP_0498,ASV_001389,NA,0
ASV,ASV_001390,ASVP_0499,ASV_001390,NA,0
ASV,ASV_001391,ASVP_0500,ASV_001391,NA,0
ASV,ASV_001395,ASVP_0501,ASV_001395,NA,0
ASV,ASV_001397,ASVP_0502,ASV_001397,22,2
ASV,ASV_001399,ASVP_0503,ASV_001399,7,12
ASV,ASV_001400,ASVP_0504,ASV_001400,NA,0
ASV,ASV_001405,ASVP_0505,ASV_001405,NA,0
ASV,ASV_001406,ASVP_0506,ASV_001406,NA,0
ASV,ASV_001407,ASVP_0507,ASV_001407,NA,0
ASV,ASV_001408,ASVP_0508,ASV_001408,NA,0
ASV,ASV_001411,ASVP_0509,ASV_001411,NA,0
ASV,ASV_001412,ASVP_0510,ASV_001412,NA,0
ASV,ASV_001413,ASVP_0511,ASV_001413,NA,0
ASV,ASV_001415,ASVP_0512,ASV_001415,NA,0
ASV,ASV_001416,ASVP_0513,ASV_001416,NA,0
ASV,ASV_001417,ASVP_0514,ASV_001417,NA,0
ASV,ASV_001419,ASVP_0515,ASV_001419,NA,0
ASV,ASV_001425,ASVP_0516,ASV_001425,NA,0
ASV,ASV_001428,ASVP_0517,ASV_001428,NA,0
ASV,ASV_001429,ASVP_0518,ASV_001429,NA,0
ASV,ASV_001431,ASVP_0519,ASV_001431,NA,0
ASV,ASV_001432,ASVP_0520,ASV_001432,NA,0
ASV,ASV_001433,ASVP_0521,ASV_001433,NA,0
ASV,ASV_001435,ASVP_0522,ASV_001435,28,1
ASV,ASV_001439,ASVP_0523,ASV_001439,NA,0
ASV,ASV_001447,ASVP_0524,ASV_001447,NA,0
ASV,ASV_001450,ASVP_0525,ASV_001450,NA,0
ASV,ASV_001451,ASVP_0526,ASV_001451,NA,0
ASV,ASV_001452,ASVP_0527,ASV_001452,NA,0
ASV,ASV_001453,ASVP_0528,ASV_001453,NA,0
ASV,ASV_001454,ASVP_0529,ASV_001454,3,1
ASV,ASV_001456,ASVP_0530,ASV_001456,NA,0
ASV,ASV_001457,ASVP_0531,ASV_001457,NA,0
ASV,ASV_001459,ASVP_0532,ASV_001459,NA,0
ASV,ASV_001461,ASVP_0533,ASV_001461,NA,0
ASV,ASV_001462,ASVP_0534,ASV_001462,NA,0
ASV,ASV_001464,ASVP_0535,ASV_001464,NA,0
ASV,ASV_001466,ASVP_0536,ASV_001466,NA,0
ASV,ASV_001470,ASVP_0537,ASV_001470,NA,0
ASV,ASV_001471,ASVP_0538,ASV_001471,NA,0
ASV,ASV_001475,ASVP_0539,ASV_001475,NA,0
ASV,ASV_001476,ASVP_0540,ASV_001476,NA,0
ASV,ASV_001477,ASVP_0541,ASV_001477,NA,0
ASV,ASV_001478,ASVP_0542,ASV_001478,NA,0
ASV,ASV_001479,ASVP_0543,ASV_001479,NA,0
ASV,ASV_001480,ASVP_0544,ASV_001480,NA,0
ASV,ASV_001481,ASVP_0545,ASV_001481,NA,0
ASV,ASV_001482,ASVP_0546,ASV_001482,NA,0
ASV,ASV_001483,ASVP_0547,ASV_001483,NA,0
ASV,ASV_001484,ASVP_0548,ASV_001484,NA,0
ASV,ASV_001485,ASVP_0549,ASV_001485,NA,0
ASV,ASV_001487,ASVP_0550,ASV_001487,NA,0
ASV,ASV_001488,ASVP_0551,ASV_001488,NA,0
ASV,ASV_001490,ASVP_0552,ASV_001490,NA,0
ASV,ASV_001492,ASVP_0553,ASV_001492,NA,0
ASV,ASV_001495,ASVP_0554,ASV_001495,NA,0
ASV,ASV_001496,ASVP_0555,ASV_001496,NA,0
ASV,ASV_001497,ASVP_0556,ASV_001497,NA,0
ASV,ASV_001500,ASVP_0557,ASV_001500,NA,0
ASV,ASV_001501,ASVP_0558,ASV_001501,NA,0
ASV,ASV_001504,ASVP_0559,ASV_001504,NA,0
ASV,ASV_001506,ASVP_0560,ASV_001506,NA,0
ASV,ASV_001507,ASVP_0561,ASV_001507,NA,0
ASV,ASV_001508,ASVP_0562,ASV_001508,NA,0
ASV,ASV_001509,ASVP_0563,ASV_001509,NA,0
ASV,ASV_001511,ASVP_0564,ASV_001511,NA,0
ASV,ASV_001512,ASVP_0565,ASV_001512,NA,0
ASV,ASV_001513,ASVP_0566,ASV_001513,NA,0
ASV,ASV_001515,ASVP_0567,ASV_001515,2,2
ASV,ASV_001516,ASVP_0568,ASV_001516,NA,0
ASV,ASV_001517,ASVP_0569,ASV_001517,NA,0
ASV,ASV_001518,ASVP_0570,ASV_001518,NA,0
ASV,ASV_001520,ASVP_0571,ASV_001520,NA,0
ASV,ASV_001524,ASVP_0572,ASV_001524,NA,0
ASV,ASV_001525,ASVP_0573,ASV_001525,NA,0
ASV,ASV_001526,ASVP_0574,ASV_001526,NA,0
ASV,ASV_001527,ASVP_0575,ASV_001527,NA,0
ASV,ASV_001528,ASVP_0576,ASV_001528,NA,0
ASV,ASV_001529,ASVP_0577,ASV_001529,NA,0
ASV,ASV_001532,ASVP_0578,ASV_001532,NA,0
ASV,ASV_001533,ASVP_0579,ASV_001533,NA,0
ASV,ASV_001535,ASVP_0580,ASV_001535,3,8
ASV,ASV_001540,ASVP_0581,ASV_001540,NA,0
ASV,ASV_001541,ASVP_0582,ASV_001541,NA,0
ASV,ASV_001542,ASVP_0583,ASV_001542,NA,0
ASV,ASV_001543,ASVP_0584,ASV_001543,NA,0
ASV,ASV_001544,ASVP_0585,ASV_001544,NA,0
ASV,ASV_001545,ASVP_0586,ASV_001545,NA,0
ASV,ASV_001546,ASVP_0587,ASV_001546,NA,0
ASV,ASV_001547,ASVP_0588,ASV_001547,29,1
ASV,ASV_001548,ASVP_0589,ASV_001548,NA,0
ASV,ASV_001551,ASVP_0590,ASV_001551,NA,0
ASV,ASV_001553,ASVP_0591,ASV_001553,NA,0
ASV,ASV_001554,ASVP_0592,ASV_001554,NA,0
ASV,ASV_001560,ASVP_0593,ASV_001560,NA,0
ASV,ASV_001561,ASVP_0594,ASV_001561,NA,0
ASV,ASV_001562,ASVP_0595,ASV_001562,NA,0
ASV,ASV_001564,ASVP_0596,ASV_001564,30,1
ASV,ASV_001566,ASVP_0597,ASV_001566,NA,0
ASV,ASV_001567,ASVP_0598,ASV_001567,NA,0
ASV,ASV_001569,ASVP_0599,ASV_001569,NA,0
ASV,ASV_001571,ASVP_0600,ASV_001571,NA,0
ASV,ASV_001572,ASVP_0601,ASV_001572,NA,0
ASV,ASV_001575,ASVP_0602,ASV_001575,NA,0
ASV,ASV_001577,ASVP_0603,ASV_001577,NA,0
ASV,ASV_001578,ASVP_0604,ASV_001578,NA,0
ASV,ASV_001579,ASVP_0605,ASV_001579,NA,0
ASV,ASV_001580,ASVP_0606,ASV_001580,31,1
ASV,ASV_001581,ASVP_0607,ASV_001581,NA,0
ASV,ASV_001582,ASVP_0608,ASV_001582,NA,0
ASV,ASV_001583,ASVP_0609,ASV_001583,NA,0
ASV,ASV_001584,ASVP_0610,ASV_001584,NA,0
ASV,ASV_001591,ASVP_0611,ASV_001591,NA,0
ASV,ASV_001592,ASVP_0612,ASV_001592,NA,0
ASV,ASV_001593,ASVP_0613,ASV_001593,NA,0
ASV,ASV_001594,ASVP_0614,ASV_001594,NA,0
ASV,ASV_001596,ASVP_0615,ASV_001596,NA,0
ASV,ASV_001599,ASVP_0616,ASV_001599,2,1
ASV,ASV_001602,ASVP_0617,ASV_001602,NA,0
ASV,ASV_001605,ASVP_0618,ASV_001605,NA,0
ASV,ASV_001606,ASVP_0619,ASV_001606,NA,0
ASV,ASV_001607,ASVP_0620,ASV_001607,NA,0
ASV,ASV_001609,ASVP_0621,ASV_001609,NA,0
ASV,ASV_001610,ASVP_0622,ASV_001610,NA,0
ASV,ASV_001613,ASVP_0623,ASV_001613,NA,0
ASV,ASV_001616,ASVP_0624,ASV_001616,NA,0
ASV,ASV_001619,ASVP_0625,ASV_001619,NA,0
ASV,ASV_001620,ASVP_0626,ASV_001620,3,3
ASV,ASV_001621,ASVP_0627,ASV_001621,NA,0
ASV,ASV_001624,ASVP_0628,ASV_001624,NA,0
ASV,ASV_001625,ASVP_0629,ASV_001625,11,1
ASV,ASV_001629,ASVP_0127,ASV_000613,NA,0
ASV,ASV_001630,ASVP_0630,ASV_001630,4,1
ASV,ASV_001631,ASVP_0631,ASV_001631,NA,0
ASV,ASV_001633,ASVP_0632,ASV_001633,NA,0
ASV,ASV_001635,ASVP_0633,ASV_001635,NA,0
ASV,ASV_001636,ASVP_0634,ASV_001636,NA,0
ASV,ASV_001637,ASVP_0635,ASV_001637,NA,0
ASV,ASV_001638,ASVP_0636,ASV_001638,2,2
ASV,ASV_001639,ASVP_0637,ASV_001639,NA,0
ASV,ASV_001640,ASVP_0638,ASV_001640,NA,0
ASV,ASV_001641,ASVP_0639,ASV_001641,NA,0
ASV,ASV_001643,ASVP_0640,ASV_001643,NA,0
ASV,ASV_001644,ASVP_0641,ASV_001644,NA,0
ASV,ASV_001646,ASVP_0642,ASV_001646,15,1
ASV,ASV_001648,ASVP_0643,ASV_001648,NA,0
ASV,ASV_001649,ASVP_0644,ASV_001649,NA,0
ASV,ASV_001650,ASVP_0645,ASV_001650,NA,0
ASV,ASV_001651,ASVP_0646,ASV_001651,NA,0
ASV,ASV_001652,ASVP_0647,ASV_001652,NA,0
ASV,ASV_001653,ASVP_0648,ASV_001653,NA,0
ASV,ASV_001654,ASVP_0649,ASV_001654,NA,0
ASV,ASV_001657,ASVP_0650,ASV_001657,NA,0
ASV,ASV_001658,ASVP_0651,ASV_001658,NA,0
ASV,ASV_001659,ASVP_0652,ASV_001659,NA,0
ASV,ASV_001660,ASVP_0653,ASV_001660,NA,0
ASV,ASV_001662,ASVP_0654,ASV_001662,NA,0
ASV,ASV_001663,ASVP_0655,ASV_001663,NA,0
ASV,ASV_001665,ASVP_0656,ASV_001665,NA,0
ASV,ASV_001666,ASVP_0657,ASV_001666,NA,0
ASV,ASV_001667,ASVP_0658,ASV_001667,NA,0
ASV,ASV_001669,ASVP_0659,ASV_001669,NA,0
ASV,ASV_001671,ASVP_0660,ASV_001671,NA,0
ASV,ASV_001677,ASVP_0661,ASV_001677,NA,0
ASV,ASV_001678,ASVP_0662,ASV_001678,NA,0
ASV,ASV_001681,ASVP_0663,ASV_001681,NA,0
ASV,ASV_001686,ASVP_0664,ASV_001686,NA,0
ASV,ASV_001690,ASVP_0665,ASV_001690,NA,0
ASV,ASV_001691,ASVP_0666,ASV_001691,NA,0
ASV,ASV_001692,ASVP_0667,ASV_001692,NA,0
ASV,ASV_001695,ASVP_0668,ASV_001695,NA,0
ASV,ASV_001696,ASVP_0669,ASV_001696,NA,0
ASV,ASV_001697,ASVP_0670,ASV_001697,NA,0
ASV,ASV_001698,ASVP_0671,ASV_001698,NA,0
ASV,ASV_001702,ASVP_0672,ASV_001702,NA,0
ASV,ASV_001703,ASVP_0673,ASV_001703,NA,0
ASV,ASV_001705,ASVP_0674,ASV_001705,NA,0
ASV,ASV_001707,ASVP_0675,ASV_001707,NA,0
ASV,ASV_001708,ASVP_0676,ASV_001708,NA,0
ASV,ASV_001709,ASVP_0677,ASV_001709,NA,0
ASV,ASV_001711,ASVP_0678,ASV_001711,NA,0
ASV,ASV_001712,ASVP_0679,ASV_001712,NA,0
ASV,ASV_001715,ASVP_0680,ASV_001715,NA,0
ASV,ASV_001716,ASVP_0681,ASV_001716,NA,0
ASV,ASV_001717,ASVP_0682,ASV_001717,3,1
ASV,ASV_001719,ASVP_0683,ASV_001719,NA,0
ASV,ASV_001721,ASVP_0684,ASV_001721,2,1
ASV,ASV_001722,ASVP_0685,ASV_001722,NA,0
ASV,ASV_001723,ASVP_0686,ASV_001723,NA,0
ASV,ASV_001726,ASVP_0687,ASV_001726,NA,0
ASV,ASV_001729,ASVP_0688,ASV_001729,NA,0
ASV,ASV_001731,ASVP_0689,ASV_001731,NA,0
ASV,ASV_001733,ASVP_0690,ASV_001733,NA,0
ASV,ASV_001736,ASVP_0691,ASV_001736,NA,0
ASV,ASV_001737,ASVP_0692,ASV_001737,NA,0
ASV,ASV_001738,ASVP_0693,ASV_001738,NA,0
ASV,ASV_001739,ASVP_0694,ASV_001739,NA,0
ASV,ASV_001740,ASVP_0695,ASV_001740,NA,0
ASV,ASV_001741,ASVP_0696,ASV_001741,NA,0
ASV,ASV_001742,ASVP_0697,ASV_001742,NA,0
ASV,ASV_001743,ASVP_0698,ASV_001743,NA,0
ASV,ASV_001745,ASVP_0699,ASV_001745,NA,0
ASV,ASV_001746,ASVP_0700,ASV_001746,NA,0
ASV,ASV_001747,ASVP_0701,ASV_001747,NA,0
ASV,ASV_001751,ASVP_0702,ASV_001751,NA,0
ASV,ASV_001752,ASVP_0703,ASV_001752,NA,0
ASV,ASV_001753,ASVP_0704,ASV_001753,NA,0
ASV,ASV_001754,ASVP_0705,ASV_001754,NA,0
ASV,ASV_001756,ASVP_0706,ASV_001756,NA,0
ASV,ASV_001757,ASVP_0707,ASV_001757,NA,0
ASV,ASV_001758,ASVP_0708,ASV_001758,NA,0
ASV,ASV_001760,ASVP_0709,ASV_001760,NA,0
ASV,ASV_001761,ASVP_0710,ASV_001761,NA,0
ASV,ASV_001762,ASVP_0711,ASV_001762,NA,0
ASV,ASV_001764,ASVP_0712,ASV_001764,32,1
ASV,ASV_001765,ASVP_0713,ASV_001765,NA,0
ASV,ASV_001766,ASVP_0714,ASV_001766,NA,0
ASV,ASV_001767,ASVP_0715,ASV_001767,NA,0
ASV,ASV_001768,ASVP_0716,ASV_001768,2,2
ASV,ASV_001769,ASVP_0717,ASV_001769,NA,0
ASV,ASV_001770,ASVP_0718,ASV_001770,NA,0
ASV,ASV_001772,ASVP_0719,ASV_001772,NA,0
ASV,ASV_001774,ASVP_0720,ASV_001774,NA,0
ASV,ASV_001775,ASVP_0721,ASV_001775,NA,0
ASV,ASV_001776,ASVP_0722,ASV_001776,NA,0
ASV,ASV_001777,ASVP_0723,ASV_001777,NA,0
ASV,ASV_001778,ASVP_0724,ASV_001778,NA,0
ASV,ASV_001780,ASVP_0725,ASV_001780,NA,0
ASV,ASV_001781,ASVP_0726,ASV_001781,NA,0
ASV,ASV_001782,ASVP_0727,ASV_001782,33,1
ASV,ASV_001783,ASVP_0728,ASV_001783,NA,0
ASV,ASV_001786,ASVP_0729,ASV_001786,NA,0
ASV,ASV_001788,ASVP_0730,ASV_001788,NA,0
ASV,ASV_001789,ASVP_0731,ASV_001789,NA,0
ASV,ASV_001791,ASVP_0732,ASV_001791,NA,0
ASV,ASV_001793,ASVP_0733,ASV_001793,NA,0
ASV,ASV_001794,ASVP_0734,ASV_001794,NA,0
ASV,ASV_001795,ASVP_0735,ASV_001795,NA,0
ASV,ASV_001796,ASVP_0736,ASV_001796,NA,0
ASV,ASV_001797,ASVP_0737,ASV_001797,NA,0
ASV,ASV_001799,ASVP_0738,ASV_001799,NA,0
ASV,ASV_001800,ASVP_0739,ASV_001800,NA,0
ASV,ASV_001802,ASVP_0740,ASV_001802,NA,0
ASV,ASV_001804,ASVP_0741,ASV_001804,NA,0
ASV,ASV_001805,ASVP_0742,ASV_001805,NA,0
ASV,ASV_001806,ASVP_0743,ASV_001806,NA,0
ASV,ASV_001808,ASVP_0744,ASV_001808,NA,0
ASV,ASV_001810,ASVP_0745,ASV_001810,NA,0
ASV,ASV_001812,ASVP_0746,ASV_001812,NA,0
ASV,ASV_001813,ASVP_0747,ASV_001813,3,2
ASV,ASV_001814,ASVP_0748,ASV_001814,NA,0
ASV,ASV_001815,ASVP_0749,ASV_001815,NA,0
ASV,ASV_001817,ASVP_0750,ASV_001817,NA,0
ASV,ASV_001820,ASVP_0751,ASV_001820,NA,0
ASV,ASV_001822,ASVP_0752,ASV_001822,NA,0
ASV,ASV_001824,ASVP_0753,ASV_001824,NA,0
ASV,ASV_001825,ASVP_0754,ASV_001825,NA,0
ASV,ASV_001826,ASVP_0755,ASV_001826,NA,0
ASV,ASV_001828,ASVP_0756,ASV_001828,NA,0
ASV,ASV_001829,ASVP_0757,ASV_001829,NA,0
ASV,ASV_001830,ASVP_0758,ASV_001830,NA,0
ASV,ASV_001831,ASVP_0759,ASV_001831,NA,0
ASV,ASV_001832,ASVP_0760,ASV_001832,NA,0
ASV,ASV_001834,ASVP_0761,ASV_001834,NA,0
ASV,ASV_001837,ASVP_0762,ASV_001837,NA,0
ASV,ASV_001839,ASVP_0763,ASV_001839,NA,0
ASV,ASV_001840,ASVP_0764,ASV_001840,34,1
ASV,ASV_001841,ASVP_0765,ASV_001841,NA,0
ASV,ASV_001842,ASVP_0766,ASV_001842,NA,0
ASV,ASV_001843,ASVP_0767,ASV_001843,NA,0
ASV,ASV_001844,ASVP_0768,ASV_001844,NA,0
ASV,ASV_001847,ASVP_0769,ASV_001847,NA,0
ASV,ASV_001848,ASVP_0770,ASV_001848,NA,0
ASV,ASV_001849,ASVP_0771,ASV_001849,NA,0
ASV,ASV_001850,ASVP_0772,ASV_001850,NA,0
ASV,ASV_001851,ASVP_0773,ASV_001851,NA,0
ASV,ASV_001852,ASVP_0774,ASV_001852,NA,0
ASV,ASV_001853,ASVP_0775,ASV_001853,NA,0
ASV,ASV_001856,ASVP_0776,ASV_001856,1,2
ASV,ASV_001858,ASVP_0777,ASV_001858,2,3
ASV,ASV_001860,ASVP_0778,ASV_001860,NA,0
ASV,ASV_001863,ASVP_0779,ASV_001863,NA,0
ASV,ASV_001864,ASVP_0780,ASV_001864,NA,0
ASV,ASV_001866,ASVP_0781,ASV_001866,NA,0
ASV,ASV_001868,ASVP_0782,ASV_001868,23,1
ASV,ASV_001870,ASVP_0783,ASV_001870,NA,0
ASV,ASV_001871,ASVP_0784,ASV_001871,NA,0
ASV,ASV_001872,ASVP_0785,ASV_001872,NA,0
ASV,ASV_001874,ASVP_0786,ASV_001874,NA,0
ASV,ASV_001875,ASVP_0787,ASV_001875,NA,0
ASV,ASV_001876,ASVP_0788,ASV_001876,NA,0
ASV,ASV_001878,ASVP_0789,ASV_001878,NA,0
ASV,ASV_001880,ASVP_0790,ASV_001880,NA,0
ASV,ASV_001881,ASVP_0791,ASV_001881,NA,0
ASV,ASV_001886,ASVP_0792,ASV_001886,NA,0
ASV,ASV_001889,ASVP_0793,ASV_001889,NA,0
ASV,ASV_001894,ASVP_0794,ASV_001894,NA,0
ASV,ASV_001895,ASVP_0795,ASV_001895,NA,0
ASV,ASV_001897,ASVP_0796,ASV_001897,NA,0
ASV,ASV_001898,ASVP_0797,ASV_001898,NA,0
ASV,ASV_001901,ASVP_0798,ASV_001901,35,1
ASV,ASV_001902,ASVP_0799,ASV_001902,NA,0
ASV,ASV_001904,ASVP_0800,ASV_001904,NA,0
ASV,ASV_001905,ASVP_0801,ASV_001905,NA,0
ASV,ASV_001908,ASVP_0802,ASV_001908,3,1
ASV,ASV_001909,ASVP_0803,ASV_001909,NA,0
ASV,ASV_001910,ASVP_0804,ASV_001910,NA,0
ASV,ASV_001911,ASVP_0805,ASV_001911,NA,0
ASV,ASV_001914,ASVP_0806,ASV_001914,NA,0
ASV,ASV_001916,ASVP_0807,ASV_001916,37,2
ASV,ASV_001917,ASVP_0808,ASV_001917,NA,0
ASV,ASV_001924,ASVP_0809,ASV_001924,NA,0
ASV,ASV_001927,ASVP_0810,ASV_001927,1,1
ASV,ASV_001928,ASVP_0811,ASV_001928,2,1
ASV,ASV_001929,ASVP_0812,ASV_001929,NA,0
ASV,ASV_001933,ASVP_0813,ASV_001933,NA,0
ASV,ASV_001934,ASVP_0814,ASV_001934,NA,0
ASV,ASV_001938,ASVP_0815,ASV_001938,NA,0
ASV,ASV_001939,ASVP_0816,ASV_001939,NA,0
ASV,ASV_001940,ASVP_0817,ASV_001940,NA,0
ASV,ASV_001942,ASVP_0818,ASV_001942,NA,0
ASV,ASV_001943,ASVP_0819,ASV_001943,NA,0
ASV,ASV_001944,ASVP_0820,ASV_001944,NA,0
ASV,ASV_001948,ASVP_0821,ASV_001948,NA,0
ASV,ASV_001951,ASVP_0822,ASV_001951,NA,0
ASV,ASV_001952,ASVP_0823,ASV_001952,4,1
ASV,ASV_001954,ASVP_0824,ASV_001954,NA,0
ASV,ASV_001956,ASVP_0825,ASV_001956,NA,0
ASV,ASV_001958,ASVP_0826,ASV_001958,NA,0
ASV,ASV_001960,ASVP_0827,ASV_001960,NA,0
ASV,ASV_001961,ASVP_0828,ASV_001961,NA,0
ASV,ASV_001964,ASVP_0829,ASV_001964,1,1
ASV,ASV_001966,ASVP_0830,ASV_001966,13,1
ASV,ASV_001968,ASVP_0831,ASV_001968,NA,0
ASV,ASV_001971,ASVP_0832,ASV_001971,NA,0
ASV,ASV_001974,ASVP_0833,ASV_001974,NA,0
ASV,ASV_001975,ASVP_0834,ASV_001975,NA,0
ASV,ASV_001977,ASVP_0835,ASV_001977,NA,0
ASV,ASV_001979,ASVP_0836,ASV_001979,6,4
ASV,ASV_001980,ASVP_0837,ASV_001980,NA,0
ASV,ASV_001982,ASVP_0838,ASV_001982,NA,0
ASV,ASV_001983,ASVP_0839,ASV_001983,NA,0
ASV,ASV_001984,ASVP_0840,ASV_001984,NA,0
ASV,ASV_001985,ASVP_0841,ASV_001985,NA,0
ASV,ASV_001986,ASVP_0842,ASV_001986,NA,0
ASV,ASV_001988,ASVP_0843,ASV_001988,NA,0
ASV,ASV_001989,ASVP_0844,ASV_001989,NA,0
ASV,ASV_001990,ASVP_0845,ASV_001990,NA,0
ASV,ASV_001994,ASVP_0846,ASV_001994,NA,0
ASV,ASV_001997,ASVP_0847,ASV_001997,NA,0
ASV,ASV_002001,ASVP_0848,ASV_002001,NA,0
ASV,ASV_002003,ASVP_0849,ASV_002003,NA,0
ASV,ASV_002005,ASVP_0850,ASV_002005,NA,0
ASV,ASV_002008,ASVP_0851,ASV_002008,15,6
ASV,ASV_002009,ASVP_0852,ASV_002009,NA,0
ASV,ASV_002011,ASVP_0853,ASV_002011,NA,0
ASV,ASV_002012,ASVP_0854,ASV_002012,NA,0
ASV,ASV_002014,ASVP_0855,ASV_002014,NA,0
ASV,ASV_002017,ASVP_0856,ASV_002017,NA,0
ASV,ASV_002018,ASVP_0857,ASV_002018,NA,0
ASV,ASV_002019,ASVP_0858,ASV_002019,NA,0
ASV,ASV_002020,ASVP_0859,ASV_002020,36,1
ASV,ASV_002021,ASVP_0860,ASV_002021,NA,0
ASV,ASV_002025,ASVP_0861,ASV_002025,NA,0
ASV,ASV_002026,ASVP_0862,ASV_002026,NA,0
ASV,ASV_002027,ASVP_0863,ASV_002027,NA,0
ASV,ASV_002031,ASVP_0864,ASV_002031,NA,0
ASV,ASV_002032,ASVP_0865,ASV_002032,NA,0
ASV,ASV_002033,ASVP_0866,ASV_002033,6,4
ASV,ASV_002034,ASVP_0867,ASV_002034,NA,0
ASV,ASV_002036,ASVP_0868,ASV_002036,NA,0
ASV,ASV_002038,ASVP_0869,ASV_002038,NA,0
ASV,ASV_002043,ASVP_0870,ASV_002043,NA,0
ASV,ASV_002044,ASVP_0871,ASV_002044,NA,0
ASV,ASV_002046,ASVP_0872,ASV_002046,NA,0
ASV,ASV_002048,ASVP_0873,ASV_002048,NA,0
ASV,ASV_002050,ASVP_0874,ASV_002050,NA,0
ASV,ASV_002052,ASVP_0875,ASV_002052,NA,0
ASV,ASV_002054,ASVP_0876,ASV_002054,NA,0
ASV,ASV_002055,ASVP_0877,ASV_002055,NA,0
ASV,ASV_002058,ASVP_0878,ASV_002058,NA,0
ASV,ASV_002060,ASVP_0879,ASV_002060,NA,0
ASV,ASV_002064,ASVP_0880,ASV_002064,4,2
ASV,ASV_002065,ASVP_0881,ASV_002065,NA,0
ASV,ASV_002067,ASVP_0882,ASV_002067,NA,0
ASV,ASV_002068,ASVP_0883,ASV_002068,NA,0
ASV,ASV_002069,ASVP_0884,ASV_002069,NA,0
ASV,ASV_002072,ASVP_0885,ASV_002072,NA,0
ASV,ASV_002074,ASVP_0886,ASV_002074,NA,0
ASV,ASV_002076,ASVP_0887,ASV_002076,NA,0
ASV,ASV_002077,ASVP_0888,ASV_002077,NA,0
ASV,ASV_002078,ASVP_0889,ASV_002078,NA,0
ASV,ASV_002079,ASVP_0890,ASV_002079,NA,0
ASV,ASV_002080,ASVP_0891,ASV_002080,NA,0
ASV,ASV_002081,ASVP_0892,ASV_002081,NA,0
ASV,ASV_002082,ASVP_0893,ASV_002082,NA,0
ASV,ASV_002084,ASVP_0894,ASV_002084,NA,0
ASV,ASV_002087,ASVP_0895,ASV_002087,NA,0
ASV,ASV_002089,ASVP_0896,ASV_002089,NA,0
ASV,ASV_002090,ASVP_0897,ASV_002090,NA,0
ASV,ASV_002092,ASVP_0898,ASV_002092,NA,0
ASV,ASV_002094,ASVP_0899,ASV_002094,NA,0
ASV,ASV_002096,ASVP_0900,ASV_002096,NA,0
ASV,ASV_002098,ASVP_0901,ASV_002098,NA,0
ASV,ASV_002099,ASVP_0902,ASV_002099,NA,0
ASV,ASV_002100,ASVP_0903,ASV_002100,NA,0
ASV,ASV_002101,ASVP_0904,ASV_002101,NA,0
ASV,ASV_002104,ASVP_0905,ASV_002104,NA,0
ASV,ASV_002105,ASVP_0906,ASV_002105,3,1
ASV,ASV_002106,ASVP_0907,ASV_002106,NA,0
ASV,ASV_002107,ASVP_0908,ASV_002107,NA,0
ASV,ASV_002108,ASVP_0909,ASV_002108,NA,0
ASV,ASV_002112,ASVP_0910,ASV_002112,NA,0
ASV,ASV_002113,ASVP_0911,ASV_002113,NA,0
ASV,ASV_002115,ASVP_0912,ASV_002115,NA,0
ASV,ASV_002118,ASVP_0913,ASV_002118,NA,0
ASV,ASV_002121,ASVP_0914,ASV_002121,NA,0
ASV,ASV_002122,ASVP_0915,ASV_002122,NA,0
ASV,ASV_002123,ASVP_0916,ASV_002123,NA,0
ASV,ASV_002124,ASVP_0917,ASV_002124,NA,0
ASV,ASV_002125,ASVP_0918,ASV_002125,NA,0
ASV,ASV_002126,ASVP_0919,ASV_002126,NA,0
ASV,ASV_002128,ASVP_0920,ASV_002128,NA,0
ASV,ASV_002129,ASVP_0921,ASV_002129,NA,0
ASV,ASV_002130,ASVP_0922,ASV_002130,NA,0
ASV,ASV_002131,ASVP_0923,ASV_002131,NA,0
ASV,ASV_002132,ASVP_0924,ASV_002132,NA,0
ASV,ASV_002135,ASVP_0925,ASV_002135,NA,0
ASV,ASV_002138,ASVP_0926,ASV_002138,NA,0
ASV,ASV_002141,ASVP_0927,ASV_002141,NA,0
ASV,ASV_002142,ASVP_0928,ASV_002142,3,3
ASV,ASV_002144,ASVP_0929,ASV_002144,NA,0
ASV,ASV_002146,ASVP_0930,ASV_002146,38,1
ASV,ASV_002150,ASVP_0931,ASV_002150,NA,0
ASV,ASV_002153,ASVP_0932,ASV_002153,NA,0
ASV,ASV_002154,ASVP_0933,ASV_002154,NA,0
ASV,ASV_002155,ASVP_0934,ASV_002155,NA,0
ASV,ASV_002156,ASVP_0935,ASV_002156,NA,0
ASV,ASV_002160,ASVP_0936,ASV_002160,NA,0
ASV,ASV_002161,ASVP_0937,ASV_002161,NA,0
ASV,ASV_002162,ASVP_0938,ASV_002162,NA,0
ASV,ASV_002164,ASVP_0939,ASV_002164,NA,0
ASV,ASV_002165,ASVP_0940,ASV_002165,NA,0
ASV,ASV_002166,ASVP_0941,ASV_002166,NA,0
ASV,ASV_002168,ASVP_0942,ASV_002168,NA,0
ASV,ASV_002170,ASVP_0943,ASV_002170,NA,0
ASV,ASV_002171,ASVP_0944,ASV_002171,NA,0
ASV,ASV_002173,ASVP_0945,ASV_002173,NA,0
ASV,ASV_002175,ASVP_0946,ASV_002175,NA,0
ASV,ASV_002176,ASVP_0947,ASV_002176,NA,0
ASV,ASV_002177,ASVP_0948,ASV_002177,NA,0
ASV,ASV_002178,ASVP_0949,ASV_002178,NA,0
ASV,ASV_002179,ASVP_0950,ASV_002179,NA,0
ASV,ASV_002181,ASVP_0951,ASV_002181,NA,0
ASV,ASV_002183,ASVP_0952,ASV_002183,NA,0
ASV,ASV_002184,ASVP_0953,ASV_002184,NA,0
ASV,ASV_002188,ASVP_0954,ASV_002188,NA,0
ASV,ASV_002189,ASVP_0955,ASV_002189,NA,0
ASV,ASV_002190,ASVP_0956,ASV_002190,NA,0
ASV,ASV_002191,ASVP_0957,ASV_002191,NA,0
ASV,ASV_002193,ASVP_0958,ASV_002193,NA,0
ASV,ASV_002194,ASVP_0959,ASV_002194,NA,0
ASV,ASV_002195,ASVP_0960,ASV_002195,NA,0
ASV,ASV_002198,ASVP_0961,ASV_002198,NA,0
ASV,ASV_002199,ASVP_0962,ASV_002199,NA,0
ASV,ASV_002201,ASVP_0963,ASV_002201,39,1
ASV,ASV_002202,ASVP_0964,ASV_002202,NA,0
ASV,ASV_002204,ASVP_0965,ASV_002204,2,1
ASV,ASV_002206,ASVP_0966,ASV_002206,NA,0
ASV,ASV_002208,ASVP_0967,ASV_002208,NA,0
ASV,ASV_002210,ASVP_0968,ASV_002210,NA,0
ASV,ASV_002213,ASVP_0969,ASV_002213,NA,0
ASV,ASV_002217,ASVP_0970,ASV_002217,NA,0
ASV,ASV_002218,ASVP_0971,ASV_002218,NA,0
ASV,ASV_002220,ASVP_0972,ASV_002220,NA,0
ASV,ASV_002222,ASVP_0973,ASV_002222,NA,0
ASV,ASV_002224,ASVP_0974,ASV_002224,NA,0
ASV,ASV_002229,ASVP_0975,ASV_002229,NA,0
ASV,ASV_002230,ASVP_0976,ASV_002230,NA,0
ASV,ASV_002232,ASVP_0977,ASV_002232,NA,0
ASV,ASV_002233,ASVP_0978,ASV_002233,NA,0
ASV,ASV_002234,ASVP_0979,ASV_002234,NA,0
ASV,ASV_002236,ASVP_0980,ASV_002236,NA,0
ASV,ASV_002237,ASVP_0981,ASV_002237,NA,0
ASV,ASV_002240,ASVP_0982,ASV_002240,NA,0
ASV,ASV_002242,ASVP_0983,ASV_002242,NA,0
ASV,ASV_002243,ASVP_0984,ASV_002243,NA,0
ASV,ASV_002245,ASVP_0985,ASV_002245,NA,0
ASV,ASV_002246,ASVP_0986,ASV_002246,NA,0
ASV,ASV_002249,ASVP_0987,ASV_002249,NA,0
ASV,ASV_002251,ASVP_0988,ASV_002251,NA,0
ASV,ASV_002253,ASVP_0989,ASV_002253,NA,0
ASV,ASV_002254,ASVP_0990,ASV_002254,NA,0
ASV,ASV_002255,ASVP_0991,ASV_002255,11,1
ASV,ASV_002257,ASVP_0992,ASV_002257,NA,0
ASV,ASV_002259,ASVP_0993,ASV_002259,NA,0
ASV,ASV_002260,ASVP_0994,ASV_002260,NA,0
ASV,ASV_002264,ASVP_0995,ASV_002264,NA,0
ASV,ASV_002265,ASVP_0996,ASV_002265,NA,0
ASV,ASV_002268,ASVP_0997,ASV_002268,NA,0
ASV,ASV_002270,ASVP_0998,ASV_002270,NA,0
ASV,ASV_002272,ASVP_0999,ASV_002272,40,1
ASV,ASV_002273,ASVP_1000,ASV_002273,NA,0
ASV,ASV_002275,ASVP_1001,ASV_002275,NA,0
ASV,ASV_002276,ASVP_1002,ASV_002276,NA,0
ASV,ASV_002277,ASVP_1003,ASV_002277,NA,0
ASV,ASV_002280,ASVP_1004,ASV_002280,NA,0
ASV,ASV_002281,ASVP_1005,ASV_002281,NA,0
ASV,ASV_002283,ASVP_1006,ASV_002283,NA,0
ASV,ASV_002284,ASVP_1007,ASV_002284,NA,0
ASV,ASV_002286,ASVP_1008,ASV_002286,NA,0
ASV,ASV_002287,ASVP_1009,ASV_002287,NA,0
ASV,ASV_002289,ASVP_1010,ASV_002289,NA,0
ASV,ASV_002290,ASVP_1011,ASV_002290,NA,0
ASV,ASV_002291,ASVP_1012,ASV_002291,NA,0
ASV,ASV_002292,ASVP_1013,ASV_002292,NA,0
ASV,ASV_002296,ASVP_1014,ASV_002296,13,1
ASV,ASV_002299,ASVP_1015,ASV_002299,NA,0
ASV,ASV_002302,ASVP_1016,ASV_002302,NA,0
ASV,ASV_002303,ASVP_1017,ASV_002303,NA,0
ASV,ASV_002304,ASVP_1018,ASV_002304,NA,0
ASV,ASV_002306,ASVP_1019,ASV_002306,NA,0
ASV,ASV_002307,ASVP_1020,ASV_002307,NA,0
ASV,ASV_002308,ASVP_1021,ASV_002308,NA,0
ASV,ASV_002309,ASVP_1022,ASV_002309,NA,0
ASV,ASV_002311,ASVP_1023,ASV_002311,NA,0
ASV,ASV_002312,ASVP_1024,ASV_002312,NA,0
ASV,ASV_002316,ASVP_1025,ASV_002316,NA,0
ASV,ASV_002319,ASVP_1026,ASV_002319,NA,0
ASV,ASV_002320,ASVP_1027,ASV_002320,NA,0
ASV,ASV_002322,ASVP_1028,ASV_002322,41,1
ASV,ASV_002324,ASVP_1029,ASV_002324,NA,0
ASV,ASV_002325,ASVP_1030,ASV_002325,NA,0
ASV,ASV_002326,ASVP_1031,ASV_002326,NA,0
ASV,ASV_002329,ASVP_1032,ASV_002329,NA,0
ASV,ASV_002332,ASVP_1033,ASV_002332,NA,0
ASV,ASV_002334,ASVP_1034,ASV_002334,14,2
ASV,ASV_002337,ASVP_1035,ASV_002337,NA,0
ASV,ASV_002343,ASVP_1036,ASV_002343,NA,0
ASV,ASV_002344,ASVP_1037,ASV_002344,NA,0
ASV,ASV_002346,ASVP_1038,ASV_002346,NA,0
ASV,ASV_002347,ASVP_1039,ASV_002347,NA,0
ASV,ASV_002351,ASVP_1040,ASV_002351,NA,0
ASV,ASV_002354,ASVP_1041,ASV_002354,3,3
ASV,ASV_002355,ASVP_1042,ASV_002355,NA,0
ASV,ASV_002357,ASVP_1043,ASV_002357,20,2
ASV,ASV_002360,ASVP_1044,ASV_002360,NA,0
ASV,ASV_002361,ASVP_1045,ASV_002361,8,1
ASV,ASV_002362,ASVP_1046,ASV_002362,NA,0
ASV,ASV_002363,ASVP_1047,ASV_002363,NA,0
ASV,ASV_002364,ASVP_1048,ASV_002364,NA,0
ASV,ASV_002368,ASVP_1049,ASV_002368,NA,0
ASV,ASV_002369,ASVP_1050,ASV_002369,NA,0
ASV,ASV_002370,ASVP_1051,ASV_002370,NA,0
ASV,ASV_002375,ASVP_1052,ASV_002375,NA,0
ASV,ASV_002377,ASVP_1053,ASV_002377,NA,0
ASV,ASV_002382,ASVP_1054,ASV_002382,NA,0
ASV,ASV_002389,ASVP_1055,ASV_002389,NA,0
ASV,ASV_002391,ASVP_1056,ASV_002391,NA,0
ASV,ASV_002392,ASVP_1057,ASV_002392,NA,0
ASV,ASV_002393,ASVP_1058,ASV_002393,NA,0
ASV,ASV_002394,ASVP_1059,ASV_002394,NA,0
ASV,ASV_002395,ASVP_1060,ASV_002395,NA,0
ASV,ASV_002396,ASVP_1061,ASV_002396,NA,0
ASV,ASV_002398,ASVP_1062,ASV_002398,NA,0
ASV,ASV_002399,ASVP_1063,ASV_002399,NA,0
ASV,ASV_002402,ASVP_1064,ASV_002402,42,1
ASV,ASV_002404,ASVP_1065,ASV_002404,NA,0
ASV,ASV_002405,ASVP_1066,ASV_002405,NA,0
ASV,ASV_002407,ASVP_0373,ASV_001159,11,1
ASV,ASV_002408,ASVP_1067,ASV_002408,NA,0
ASV,ASV_002410,ASVP_1068,ASV_002410,3,9
ASV,ASV_002412,ASVP_1069,ASV_002412,NA,0
ASV,ASV_002415,ASVP_1070,ASV_002415,NA,0
ASV,ASV_002416,ASVP_1071,ASV_002416,NA,0
ASV,ASV_002417,ASVP_1072,ASV_002417,NA,0
ASV,ASV_002419,ASVP_1073,ASV_002419,NA,0
ASV,ASV_002422,ASVP_1074,ASV_002422,NA,0
ASV,ASV_002423,ASVP_1075,ASV_002423,NA,0
ASV,ASV_002424,ASVP_1076,ASV_002424,NA,0
ASV,ASV_002426,ASVP_1077,ASV_002426,2,3
ASV,ASV_002427,ASVP_1078,ASV_002427,NA,0
ASV,ASV_002429,ASVP_1079,ASV_002429,NA,0
ASV,ASV_002430,ASVP_1080,ASV_002430,NA,0
ASV,ASV_002433,ASVP_1081,ASV_002433,NA,0
ASV,ASV_002434,ASVP_1082,ASV_002434,3,4
ASV,ASV_002435,ASVP_1083,ASV_002435,NA,0
ASV,ASV_002436,ASVP_1084,ASV_002436,NA,0
ASV,ASV_002437,ASVP_1085,ASV_002437,NA,0
ASV,ASV_002439,ASVP_1086,ASV_002439,NA,0
ASV,ASV_002440,ASVP_1087,ASV_002440,NA,0
ASV,ASV_002445,ASVP_1088,ASV_002445,NA,0
ASV,ASV_002446,ASVP_1089,ASV_002446,NA,0
ASV,ASV_002447,ASVP_1090,ASV_002447,NA,0
ASV,ASV_002448,ASVP_1091,ASV_002448,NA,0
ASV,ASV_002450,ASVP_1092,ASV_002450,NA,0
ASV,ASV_002451,ASVP_1093,ASV_002451,NA,0
ASV,ASV_002452,ASVP_1094,ASV_002452,NA,0
ASV,ASV_002454,ASVP_1095,ASV_002454,NA,0
ASV,ASV_002464,ASVP_1096,ASV_002464,NA,0
ASV,ASV_002465,ASVP_1097,ASV_002465,NA,0
ASV,ASV_002466,ASVP_1098,ASV_002466,NA,0
ASV,ASV_002467,ASVP_1099,ASV_002467,NA,0
ASV,ASV_002471,ASVP_1100,ASV_002471,NA,0
ASV,ASV_002472,ASVP_0373,ASV_001159,11,1
ASV,ASV_002473,ASVP_1101,ASV_002473,NA,0
ASV,ASV_002474,ASVP_1102,ASV_002474,NA,0
ASV,ASV_002480,ASVP_1103,ASV_002480,NA,0
ASV,ASV_002482,ASVP_1104,ASV_002482,NA,0
ASV,ASV_002484,ASVP_1105,ASV_002484,NA,0
ASV,ASV_002486,ASVP_1106,ASV_002486,NA,0
ASV,ASV_002487,ASVP_1107,ASV_002487,NA,0
ASV,ASV_002493,ASVP_1108,ASV_002493,NA,0
ASV,ASV_002500,ASVP_1109,ASV_002500,NA,0
ASV,ASV_002501,ASVP_1110,ASV_002501,NA,0
ASV,ASV_002503,ASVP_1111,ASV_002503,NA,0
ASV,ASV_002504,ASVP_1112,ASV_002504,NA,0
ASV,ASV_002507,ASVP_1113,ASV_002507,NA,0
ASV,ASV_002508,ASVP_1114,ASV_002508,NA,0
ASV,ASV_002509,ASVP_1115,ASV_002509,NA,0
ASV,ASV_002510,ASVP_1116,ASV_002510,NA,0
ASV,ASV_002511,ASVP_1117,ASV_002511,NA,0
ASV,ASV_002512,ASVP_1118,ASV_002512,NA,0
ASV,ASV_002513,ASVP_1119,ASV_002513,NA,0
ASV,ASV_002516,ASVP_1120,ASV_002516,NA,0
ASV,ASV_002517,ASVP_1121,ASV_002517,NA,0
ASV,ASV_002519,ASVP_1122,ASV_002519,NA,0
ASV,ASV_002524,ASVP_1123,ASV_002524,11,1
ASV,ASV_002525,ASVP_1124,ASV_002525,NA,0
ASV,ASV_002528,ASVP_1125,ASV_002528,NA,0
ASV,ASV_002529,ASVP_1126,ASV_002529,NA,0
ASV,ASV_002534,ASVP_1127,ASV_002534,NA,0
ASV,ASV_002539,ASVP_1128,ASV_002539,NA,0
ASV,ASV_002540,ASVP_1129,ASV_002540,3,6
ASV,ASV_002542,ASVP_1130,ASV_002542,NA,0
ASV,ASV_002543,ASVP_1131,ASV_002543,NA,0
ASV,ASV_002545,ASVP_1132,ASV_002545,NA,0
ASV,ASV_002546,ASVP_1133,ASV_002546,NA,0
ASV,ASV_002547,ASVP_1134,ASV_002547,NA,0
ASV,ASV_002553,ASVP_1135,ASV_002553,NA,0
ASV,ASV_002554,ASVP_1136,ASV_002554,NA,0
ASV,ASV_002556,ASVP_1137,ASV_002556,NA,0
ASV,ASV_002558,ASVP_1138,ASV_002558,NA,0
ASV,ASV_002559,ASVP_1139,ASV_002559,NA,0
ASV,ASV_002560,ASVP_1140,ASV_002560,NA,0
ASV,ASV_002561,ASVP_1141,ASV_002561,NA,0
ASV,ASV_002562,ASVP_1142,ASV_002562,NA,0
ASV,ASV_002565,ASVP_1143,ASV_002565,43,1
ASV,ASV_002567,ASVP_1144,ASV_002567,44,1
ASV,ASV_002570,ASVP_1145,ASV_002570,NA,0
ASV,ASV_002573,ASVP_1146,ASV_002573,NA,0
ASV,ASV_002575,ASVP_1147,ASV_002575,39,1
ASV,ASV_002577,ASVP_1148,ASV_002577,3,3
ASV,ASV_002578,ASVP_1149,ASV_002578,NA,0
ASV,ASV_002580,ASVP_1150,ASV_002580,NA,0
ASV,ASV_002582,ASVP_1151,ASV_002582,NA,0
ASV,ASV_002583,ASVP_1152,ASV_002583,NA,0
ASV,ASV_002584,ASVP_1153,ASV_002584,NA,0
ASV,ASV_002585,ASVP_1154,ASV_002585,NA,0
ASV,ASV_002586,ASVP_1155,ASV_002586,NA,0
ASV,ASV_002587,ASVP_1156,ASV_002587,NA,0
ASV,ASV_002589,ASVP_1157,ASV_002589,NA,0
ASV,ASV_002591,ASVP_1158,ASV_002591,NA,0
ASV,ASV_002592,ASVP_1159,ASV_002592,NA,0
ASV,ASV_002593,ASVP_1160,ASV_002593,NA,0
ASV,ASV_002594,ASVP_1161,ASV_002594,11,1
ASV,ASV_002596,ASVP_1162,ASV_002596,NA,0
ASV,ASV_002597,ASVP_1163,ASV_002597,NA,0
ASV,ASV_002598,ASVP_1164,ASV_002598,NA,0
ASV,ASV_002599,ASVP_1165,ASV_002599,NA,0
ASV,ASV_002600,ASVP_1166,ASV_002600,45,1
ASV,ASV_002602,ASVP_1167,ASV_002602,NA,0
ASV,ASV_002603,ASVP_1168,ASV_002603,46,3
ASV,ASV_002611,ASVP_1169,ASV_002611,NA,0
ASV,ASV_002614,ASVP_1170,ASV_002614,NA,0
ASV,ASV_002615,ASVP_1171,ASV_002615,NA,0
ASV,ASV_002616,ASVP_1172,ASV_002616,1,2
ASV,ASV_002617,ASVP_1173,ASV_002617,NA,0
ASV,ASV_002618,ASVP_1174,ASV_002618,NA,0
ASV,ASV_002619,ASVP_1175,ASV_002619,NA,0
ASV,ASV_002621,ASVP_1176,ASV_002621,NA,0
ASV,ASV_002622,ASVP_1177,ASV_002622,NA,0
ASV,ASV_002623,ASVP_1178,ASV_002623,NA,0
ASV,ASV_002634,ASVP_1179,ASV_002634,NA,0
ASV,ASV_002635,ASVP_1180,ASV_002635,NA,0
ASV,ASV_002637,ASVP_1181,ASV_002637,NA,0
ASV,ASV_002639,ASVP_1182,ASV_002639,NA,0
ASV,ASV_002640,ASVP_1183,ASV_002640,NA,0
ASV,ASV_002641,ASVP_1184,ASV_002641,3,3
ASV,ASV_002643,ASVP_1185,ASV_002643,NA,0
ASV,ASV_002644,ASVP_1186,ASV_002644,NA,0
ASV,ASV_002646,ASVP_1187,ASV_002646,47,1
ASV,ASV_002654,ASVP_1188,ASV_002654,NA,0
ASV,ASV_002655,ASVP_1189,ASV_002655,NA,0
ASV,ASV_002657,ASVP_1190,ASV_002657,NA,0
ASV,ASV_002659,ASVP_0373,ASV_001159,11,1
ASV,ASV_002661,ASVP_1191,ASV_002661,NA,0
ASV,ASV_002662,ASVP_1192,ASV_002662,NA,0
ASV,ASV_002664,ASVP_1193,ASV_002664,NA,0
ASV,ASV_002665,ASVP_1194,ASV_002665,NA,0
ASV,ASV_002669,ASVP_1195,ASV_002669,NA,0
ASV,ASV_002670,ASVP_1196,ASV_002670,NA,0
ASV,ASV_002671,ASVP_1197,ASV_002671,NA,0
ASV,ASV_002673,ASVP_1198,ASV_002673,NA,0
ASV,ASV_002675,ASVP_1199,ASV_002675,2,1
ASV,ASV_002678,ASVP_1200,ASV_002678,NA,0
ASV,ASV_002682,ASVP_1201,ASV_002682,NA,0
ASV,ASV_002683,ASVP_1202,ASV_002683,NA,0
ASV,ASV_002687,ASVP_1203,ASV_002687,NA,0
ASV,ASV_002688,ASVP_1204,ASV_002688,NA,0
ASV,ASV_002689,ASVP_1205,ASV_002689,29,1
ASV,ASV_002692,ASVP_1206,ASV_002692,NA,0
ASV,ASV_002693,ASVP_1207,ASV_002693,NA,0
ASV,ASV_002697,ASVP_1208,ASV_002697,NA,0
ASV,ASV_002698,ASVP_1209,ASV_002698,NA,0
ASV,ASV_002699,ASVP_1210,ASV_002699,NA,0
ASV,ASV_002701,ASVP_1211,ASV_002701,NA,0
ASV,ASV_002702,ASVP_1212,ASV_002702,NA,0
ASV,ASV_002703,ASVP_1213,ASV_002703,NA,0
ASV,ASV_002708,ASVP_1214,ASV_002708,NA,0
ASV,ASV_002709,ASVP_1215,ASV_002709,NA,0
ASV,ASV_002710,ASVP_1216,ASV_002710,NA,0
ASV,ASV_002711,ASVP_1217,ASV_002711,NA,0
ASV,ASV_002712,ASVP_1218,ASV_002712,15,2
ASV,ASV_002714,ASVP_1219,ASV_002714,NA,0
ASV,ASV_002715,ASVP_1220,ASV_002715,NA,0
ASV,ASV_002718,ASVP_1221,ASV_002718,NA,0
ASV,ASV_002721,ASVP_1222,ASV_002721,NA,0
ASV,ASV_002723,ASVP_1223,ASV_002723,NA,0
ASV,ASV_002725,ASVP_1224,ASV_002725,NA,0
ASV,ASV_002726,ASVP_1225,ASV_002726,NA,0
ASV,ASV_002732,ASVP_1226,ASV_002732,NA,0
ASV,ASV_002734,ASVP_1227,ASV_002734,NA,0
ASV,ASV_002735,ASVP_1228,ASV_002735,NA,0
ASV,ASV_002738,ASVP_1229,ASV_002738,NA,0
ASV,ASV_002739,ASVP_1230,ASV_002739,NA,0
ASV,ASV_002743,ASVP_1231,ASV_002743,NA,0
ASV,ASV_002750,ASVP_1232,ASV_002750,NA,0
ASV,ASV_002752,ASVP_1233,ASV_002752,NA,0
ASV,ASV_002754,ASVP_1234,ASV_002754,48,1
ASV,ASV_002757,ASVP_1235,ASV_002757,NA,0
ASV,ASV_002759,ASVP_1236,ASV_002759,NA,0
ASV,ASV_002760,ASVP_1237,ASV_002760,NA,0
ASV,ASV_002761,ASVP_1238,ASV_002761,NA,0
ASV,ASV_002765,ASVP_1239,ASV_002765,NA,0
ASV,ASV_002766,ASVP_1240,ASV_002766,NA,0
ASV,ASV_002768,ASVP_1241,ASV_002768,NA,0
ASV,ASV_002769,ASVP_1242,ASV_002769,NA,0
ASV,ASV_002770,ASVP_1243,ASV_002770,NA,0
ASV,ASV_002771,ASVP_1244,ASV_002771,NA,0
ASV,ASV_002772,ASVP_1245,ASV_002772,NA,0
ASV,ASV_002773,ASVP_1246,ASV_002773,NA,0
ASV,ASV_002775,ASVP_1247,ASV_002775,NA,0
ASV,ASV_002776,ASVP_1248,ASV_002776,NA,0
ASV,ASV_002777,ASVP_1249,ASV_002777,NA,0
ASV,ASV_002785,ASVP_1250,ASV_002785,NA,0
ASV,ASV_002790,ASVP_1251,ASV_002790,NA,0
ASV,ASV_002793,ASVP_1252,ASV_002793,NA,0
ASV,ASV_002796,ASVP_1253,ASV_002796,NA,0
ASV,ASV_002797,ASVP_1254,ASV_002797,NA,0
ASV,ASV_002798,ASVP_1255,ASV_002798,NA,0
ASV,ASV_002799,ASVP_1256,ASV_002799,NA,0
ASV,ASV_002801,ASVP_1257,ASV_002801,3,3
ASV,ASV_002802,ASVP_1258,ASV_002802,NA,0
ASV,ASV_002803,ASVP_1259,ASV_002803,NA,0
ASV,ASV_002808,ASVP_1260,ASV_002808,NA,0
ASV,ASV_002809,ASVP_1261,ASV_002809,NA,0
ASV,ASV_002811,ASVP_1262,ASV_002811,NA,0
ASV,ASV_002813,ASVP_1263,ASV_002813,NA,0
ASV,ASV_002814,ASVP_1264,ASV_002814,NA,0
ASV,ASV_002815,ASVP_1265,ASV_002815,NA,0
ASV,ASV_002816,ASVP_1266,ASV_002816,NA,0
ASV,ASV_002818,ASVP_1267,ASV_002818,NA,0
ASV,ASV_002819,ASVP_1268,ASV_002819,NA,0
ASV,ASV_002823,ASVP_1269,ASV_002823,NA,0
ASV,ASV_002824,ASVP_1270,ASV_002824,NA,0
ASV,ASV_002825,ASVP_1271,ASV_002825,NA,0
ASV,ASV_002827,ASVP_1272,ASV_002827,NA,0
ASV,ASV_002828,ASVP_1273,ASV_002828,NA,0
ASV,ASV_002829,ASVP_1274,ASV_002829,NA,0
ASV,ASV_002830,ASVP_1275,ASV_002830,NA,0
ASV,ASV_002831,ASVP_1276,ASV_002831,NA,0
ASV,ASV_002832,ASVP_1277,ASV_002832,NA,0
ASV,ASV_002835,ASVP_1278,ASV_002835,NA,0
ASV,ASV_002836,ASVP_1279,ASV_002836,NA,0
ASV,ASV_002840,ASVP_1280,ASV_002840,NA,0
ASV,ASV_002841,ASVP_1281,ASV_002841,NA,0
ASV,ASV_002842,ASVP_1282,ASV_002842,NA,0
ASV,ASV_002844,ASVP_1283,ASV_002844,NA,0
ASV,ASV_002846,ASVP_1284,ASV_002846,NA,0
ASV,ASV_002847,ASVP_1285,ASV_002847,NA,0
ASV,ASV_002849,ASVP_1286,ASV_002849,NA,0
ASV,ASV_002850,ASVP_1287,ASV_002850,NA,0
ASV,ASV_002852,ASVP_1288,ASV_002852,20,1
ASV,ASV_002853,ASVP_1289,ASV_002853,NA,0
ASV,ASV_002855,ASVP_1290,ASV_002855,NA,0
ASV,ASV_002860,ASVP_1291,ASV_002860,NA,0
ASV,ASV_002861,ASVP_1292,ASV_002861,NA,0
ASV,ASV_002862,ASVP_1293,ASV_002862,NA,0
ASV,ASV_002863,ASVP_1294,ASV_002863,3,3
ASV,ASV_002864,ASVP_1295,ASV_002864,NA,0
ASV,ASV_002871,ASVP_1296,ASV_002871,NA,0
ASV,ASV_002873,ASVP_0373,ASV_001159,11,1
ASV,ASV_002875,ASVP_1297,ASV_002875,3,1
ASV,ASV_002880,ASVP_1298,ASV_002880,NA,0
ASV,ASV_002882,ASVP_1299,ASV_002882,NA,0
ASV,ASV_002884,ASVP_1300,ASV_002884,NA,0
ASV,ASV_002885,ASVP_1301,ASV_002885,NA,0
ASV,ASV_002886,ASVP_1302,ASV_002886,NA,0
ASV,ASV_002889,ASVP_1058,ASV_002393,NA,0
ASV,ASV_002891,ASVP_1303,ASV_002891,NA,0
ASV,ASV_002894,ASVP_1304,ASV_002894,NA,0
ASV,ASV_002895,ASVP_1305,ASV_002895,NA,0
ASV,ASV_002896,ASVP_1306,ASV_002896,NA,0
ASV,ASV_002897,ASVP_1307,ASV_002897,NA,0
ASV,ASV_002899,ASVP_1308,ASV_002899,NA,0
ASV,ASV_002903,ASVP_1309,ASV_002903,NA,0
ASV,ASV_002905,ASVP_1310,ASV_002905,NA,0
ASV,ASV_002906,ASVP_1311,ASV_002906,NA,0
ASV,ASV_002908,ASVP_1312,ASV_002908,NA,0
ASV,ASV_002909,ASVP_1313,ASV_002909,NA,0
ASV,ASV_002910,ASVP_1314,ASV_002910,NA,0
ASV,ASV_002913,ASVP_1315,ASV_002913,NA,0
ASV,ASV_002916,ASVP_1316,ASV_002916,NA,0
ASV,ASV_002919,ASVP_1317,ASV_002919,NA,0
ASV,ASV_002920,ASVP_1318,ASV_002920,NA,0
ASV,ASV_002921,ASVP_1319,ASV_002921,NA,0
ASV,ASV_002922,ASVP_1320,ASV_002922,NA,0
ASV,ASV_002923,ASVP_1321,ASV_002923,NA,0
ASV,ASV_002926,ASVP_1322,ASV_002926,NA,0
ASV,ASV_002927,ASVP_1323,ASV_002927,NA,0
ASV,ASV_002929,ASVP_1324,ASV_002929,NA,0
ASV,ASV_002930,ASVP_1325,ASV_002930,NA,0
ASV,ASV_002931,ASVP_1326,ASV_002931,NA,0
ASV,ASV_002932,ASVP_1327,ASV_002932,NA,0
ASV,ASV_002938,ASVP_1328,ASV_002938,1,2
ASV,ASV_002940,ASVP_1329,ASV_002940,NA,0
ASV,ASV_002942,ASVP_1330,ASV_002942,NA,0
ASV,ASV_002943,ASVP_1331,ASV_002943,NA,0
ASV,ASV_002947,ASVP_1332,ASV_002947,NA,0
ASV,ASV_002948,ASVP_1333,ASV_002948,NA,0
ASV,ASV_002950,ASVP_1334,ASV_002950,NA,0
ASV,ASV_002955,ASVP_1335,ASV_002955,NA,0
ASV,ASV_002956,ASVP_1336,ASV_002956,NA,0
ASV,ASV_002960,ASVP_1337,ASV_002960,NA,0
ASV,ASV_002961,ASVP_1338,ASV_002961,NA,0
ASV,ASV_002962,ASVP_1339,ASV_002962,NA,0
ASV,ASV_002963,ASVP_1340,ASV_002963,NA,0
ASV,ASV_002966,ASVP_1341,ASV_002966,NA,0
ASV,ASV_002967,ASVP_1342,ASV_002967,11,3
ASV,ASV_002968,ASVP_1343,ASV_002968,8,21
ASV,ASV_002969,ASVP_1344,ASV_002969,13,1
ASV,ASV_002971,ASVP_1345,ASV_002971,NA,0
ASV,ASV_002972,ASVP_1346,ASV_002972,NA,0
ASV,ASV_002974,ASVP_1347,ASV_002974,NA,0
ASV,ASV_002976,ASVP_1348,ASV_002976,NA,0
ASV,ASV_002977,ASVP_1349,ASV_002977,NA,0
ASV,ASV_002979,ASVP_1350,ASV_002979,NA,0
ASV,ASV_002980,ASVP_1351,ASV_002980,NA,0
ASV,ASV_002985,ASVP_1352,ASV_002985,NA,0
ASV,ASV_002986,ASVP_1353,ASV_002986,NA,0
ASV,ASV_002987,ASVP_1354,ASV_002987,NA,0
ASV,ASV_002988,ASVP_1355,ASV_002988,NA,0
ASV,ASV_002990,ASVP_1356,ASV_002990,NA,0
ASV,ASV_002993,ASVP_1357,ASV_002993,NA,0
ASV,ASV_002998,ASVP_1358,ASV_002998,NA,0
ASV,ASV_002999,ASVP_1359,ASV_002999,NA,0
ASV,ASV_003000,ASVP_1360,ASV_003000,NA,0
ASV,ASV_003001,ASVP_1361,ASV_003001,NA,0
ASV,ASV_003002,ASVP_1362,ASV_003002,49,1
ASV,ASV_003003,ASVP_1363,ASV_003003,NA,0
ASV,ASV_003006,ASVP_1364,ASV_003006,NA,0
ASV,ASV_003007,ASVP_1365,ASV_003007,NA,0
ASV,ASV_003012,ASVP_1366,ASV_003012,NA,0
ASV,ASV_003013,ASVP_1367,ASV_003013,NA,0
ASV,ASV_003015,ASVP_1368,ASV_003015,NA,0
ASV,ASV_003018,ASVP_1369,ASV_003018,NA,0
ASV,ASV_003020,ASVP_1370,ASV_003020,NA,0
ASV,ASV_003024,ASVP_1371,ASV_003024,NA,0
ASV,ASV_003025,ASVP_1372,ASV_003025,NA,0
ASV,ASV_003027,ASVP_1373,ASV_003027,NA,0
ASV,ASV_003028,ASVP_1374,ASV_003028,NA,0
ASV,ASV_003029,ASVP_1375,ASV_003029,NA,0
ASV,ASV_003031,ASVP_1376,ASV_003031,NA,0
ASV,ASV_003033,ASVP_1377,ASV_003033,NA,0
ASV,ASV_003035,ASVP_1378,ASV_003035,NA,0
ASV,ASV_003037,ASVP_1379,ASV_003037,NA,0
ASV,ASV_003041,ASVP_1380,ASV_003041,NA,0
ASV,ASV_003042,ASVP_1381,ASV_003042,NA,0
ASV,ASV_003043,ASVP_1382,ASV_003043,NA,0
ASV,ASV_003044,ASVP_1383,ASV_003044,NA,0
ASV,ASV_003045,ASVP_1384,ASV_003045,3,2
ASV,ASV_003046,ASVP_1385,ASV_003046,NA,0
ASV,ASV_003048,ASVP_1386,ASV_003048,NA,0
ASV,ASV_003051,ASVP_1387,ASV_003051,NA,0
ASV,ASV_003052,ASVP_1388,ASV_003052,NA,0
ASV,ASV_003055,ASVP_1389,ASV_003055,NA,0
ASV,ASV_003056,ASVP_1390,ASV_003056,NA,0
ASV,ASV_003063,ASVP_1391,ASV_003063,NA,0
ASV,ASV_003066,ASVP_1392,ASV_003066,NA,0
ASV,ASV_003068,ASVP_1393,ASV_003068,1,1
ASV,ASV_003069,ASVP_1394,ASV_003069,NA,0
ASV,ASV_003071,ASVP_1395,ASV_003071,NA,0
ASV,ASV_003075,ASVP_1396,ASV_003075,NA,0
ASV,ASV_003080,ASVP_1397,ASV_003080,NA,0
ASV,ASV_003082,ASVP_1398,ASV_003082,NA,0
ASV,ASV_003088,ASVP_1399,ASV_003088,NA,0
ASV,ASV_003090,ASVP_1400,ASV_003090,NA,0
ASV,ASV_003091,ASVP_1401,ASV_003091,NA,0
ASV,ASV_003098,ASVP_1402,ASV_003098,NA,0
ASV,ASV_003105,ASVP_1403,ASV_003105,NA,0
ASV,ASV_003107,ASVP_1404,ASV_003107,NA,0
ASV,ASV_003110,ASVP_1405,ASV_003110,NA,0
ASV,ASV_003115,ASVP_1406,ASV_003115,NA,0
ASV,ASV_003117,ASVP_1407,ASV_003117,NA,0
ASV,ASV_003118,ASVP_1408,ASV_003118,1,1
ASV,ASV_003122,ASVP_1409,ASV_003122,NA,0
ASV,ASV_003131,ASVP_1410,ASV_003131,NA,0
ASV,ASV_003132,ASVP_1411,ASV_003132,NA,0
ASV,ASV_003133,ASVP_1412,ASV_003133,NA,0
ASV,ASV_003138,ASVP_1413,ASV_003138,NA,0
ASV,ASV_003140,ASVP_1414,ASV_003140,14,2
ASV,ASV_003143,ASVP_1415,ASV_003143,NA,0
ASV,ASV_003144,ASVP_1416,ASV_003144,NA,0
ASV,ASV_003145,ASVP_1417,ASV_003145,15,2
ASV,ASV_003149,ASVP_1418,ASV_003149,NA,0
ASV,ASV_003150,ASVP_1419,ASV_003150,3,4
ASV,ASV_003152,ASVP_1420,ASV_003152,NA,0
ASV,ASV_003154,ASVP_1421,ASV_003154,NA,0
ASV,ASV_003155,ASVP_1422,ASV_003155,NA,0
ASV,ASV_003156,ASVP_1423,ASV_003156,NA,0
ASV,ASV_003157,ASVP_1424,ASV_003157,NA,0
ASV,ASV_003160,ASVP_1425,ASV_003160,NA,0
ASV,ASV_003161,ASVP_1426,ASV_003161,NA,0
ASV,ASV_003162,ASVP_1427,ASV_003162,NA,0
ASV,ASV_003165,ASVP_1428,ASV_003165,NA,0
ASV,ASV_003167,ASVP_1429,ASV_003167,NA,0
ASV,ASV_003168,ASVP_1430,ASV_003168,6,1
ASV,ASV_003171,ASVP_1431,ASV_003171,2,2
ASV,ASV_003172,ASVP_1432,ASV_003172,NA,0
ASV,ASV_003174,ASVP_1433,ASV_003174,13,9
ASV,ASV_003175,ASVP_1434,ASV_003175,NA,0
ASV,ASV_003178,ASVP_1435,ASV_003178,NA,0
ASV,ASV_003179,ASVP_1436,ASV_003179,NA,0
ASV,ASV_003180,ASVP_1437,ASV_003180,NA,0
ASV,ASV_003184,ASVP_1438,ASV_003184,NA,0
ASV,ASV_003186,ASVP_1439,ASV_003186,NA,0
ASV,ASV_003189,ASVP_1440,ASV_003189,NA,0
ASV,ASV_003190,ASVP_1441,ASV_003190,NA,0
ASV,ASV_003191,ASVP_1442,ASV_003191,NA,0
ASV,ASV_003192,ASVP_1443,ASV_003192,NA,0
ASV,ASV_003193,ASVP_1444,ASV_003193,NA,0
ASV,ASV_003194,ASVP_1445,ASV_003194,4,3
ASV,ASV_003195,ASVP_1446,ASV_003195,NA,0
ASV,ASV_003196,ASVP_1447,ASV_003196,NA,0
ASV,ASV_003197,ASVP_1448,ASV_003197,NA,0
ASV,ASV_003199,ASVP_1449,ASV_003199,NA,0
ASV,ASV_003202,ASVP_1450,ASV_003202,3,1
ASV,ASV_003205,ASVP_1451,ASV_003205,NA,0
ASV,ASV_003209,ASVP_1452,ASV_003209,NA,0
ASV,ASV_003210,ASVP_1453,ASV_003210,NA,0
ASV,ASV_003213,ASVP_1454,ASV_003213,NA,0
ASV,ASV_003215,ASVP_1455,ASV_003215,NA,0
ASV,ASV_003216,ASVP_1456,ASV_003216,NA,0
ASV,ASV_003220,ASVP_1457,ASV_003220,NA,0
ASV,ASV_003222,ASVP_1458,ASV_003222,NA,0
ASV,ASV_003223,ASVP_1459,ASV_003223,NA,0
ASV,ASV_003229,ASVP_1460,ASV_003229,NA,0
ASV,ASV_003230,ASVP_1461,ASV_003230,NA,0
ASV,ASV_003231,ASVP_1462,ASV_003231,NA,0
ASV,ASV_003232,ASVP_1463,ASV_003232,NA,0
ASV,ASV_003234,ASVP_1464,ASV_003234,NA,0
ASV,ASV_003239,ASVP_1465,ASV_003239,50,1
ASV,ASV_003240,ASVP_1466,ASV_003240,NA,0
ASV,ASV_003243,ASVP_1467,ASV_003243,NA,0
ASV,ASV_003244,ASVP_1468,ASV_003244,NA,0
ASV,ASV_003249,ASVP_1469,ASV_003249,NA,0
ASV,ASV_003250,ASVP_1470,ASV_003250,NA,0
ASV,ASV_003251,ASVP_1471,ASV_003251,NA,0
ASV,ASV_003252,ASVP_1472,ASV_003252,NA,0
ASV,ASV_003253,ASVP_1473,ASV_003253,NA,0
ASV,ASV_003256,ASVP_1474,ASV_003256,NA,0
ASV,ASV_003259,ASVP_1475,ASV_003259,NA,0
ASV,ASV_003262,ASVP_1476,ASV_003262,NA,0
ASV,ASV_003268,ASVP_1477,ASV_003268,NA,0
ASV,ASV_003270,ASVP_1478,ASV_003270,NA,0
ASV,ASV_003271,ASVP_1479,ASV_003271,NA,0
ASV,ASV_003275,ASVP_1480,ASV_003275,NA,0
ASV,ASV_003276,ASVP_1481,ASV_003276,51,1
ASV,ASV_003277,ASVP_1482,ASV_003277,NA,0
ASV,ASV_003280,ASVP_1483,ASV_003280,NA,0
ASV,ASV_003282,ASVP_1484,ASV_003282,NA,0
ASV,ASV_003284,ASVP_1485,ASV_003284,NA,0
ASV,ASV_003285,ASVP_1486,ASV_003285,NA,0
ASV,ASV_003286,ASVP_1487,ASV_003286,NA,0
ASV,ASV_003289,ASVP_1488,ASV_003289,NA,0
ASV,ASV_003291,ASVP_1489,ASV_003291,NA,0
ASV,ASV_003292,ASVP_1490,ASV_003292,NA,0
ASV,ASV_003294,ASVP_1491,ASV_003294,NA,0
ASV,ASV_003299,ASVP_1492,ASV_003299,NA,0
ASV,ASV_003300,ASVP_1493,ASV_003300,NA,0
ASV,ASV_003302,ASVP_1494,ASV_003302,NA,0
ASV,ASV_003305,ASVP_1495,ASV_003305,NA,0
ASV,ASV_003307,ASVP_1496,ASV_003307,NA,0
ASV,ASV_003310,ASVP_1497,ASV_003310,NA,0
ASV,ASV_003311,ASVP_1498,ASV_003311,NA,0
ASV,ASV_003312,ASVP_1499,ASV_003312,NA,0
ASV,ASV_003314,ASVP_1500,ASV_003314,NA,0
ASV,ASV_003320,ASVP_1501,ASV_003320,NA,0
ASV,ASV_003323,ASVP_1502,ASV_003323,NA,0
ASV,ASV_003324,ASVP_1503,ASV_003324,NA,0
ASV,ASV_003326,ASVP_1504,ASV_003326,NA,0
ASV,ASV_003329,ASVP_1505,ASV_003329,NA,0
ASV,ASV_003341,ASVP_1506,ASV_003341,NA,0
ASV,ASV_003342,ASVP_1507,ASV_003342,NA,0
ASV,ASV_003346,ASVP_1508,ASV_003346,NA,0
ASV,ASV_003348,ASVP_1509,ASV_003348,NA,0
ASV,ASV_003349,ASVP_1510,ASV_003349,NA,0
ASV,ASV_003352,ASVP_1511,ASV_003352,NA,0
ASV,ASV_003354,ASVP_1512,ASV_003354,NA,0
ASV,ASV_003359,ASVP_1513,ASV_003359,3,3
ASV,ASV_003361,ASVP_1514,ASV_003361,NA,0
ASV,ASV_003365,ASVP_1515,ASV_003365,NA,0
ASV,ASV_003369,ASVP_1516,ASV_003369,NA,0
ASV,ASV_003371,ASVP_1517,ASV_003371,8,6
ASV,ASV_003372,ASVP_1518,ASV_003372,NA,0
ASV,ASV_003373,ASVP_1519,ASV_003373,NA,0
ASV,ASV_003376,ASVP_1520,ASV_003376,52,1
ASV,ASV_003377,ASVP_1521,ASV_003377,12,5
ASV,ASV_003380,ASVP_1522,ASV_003380,NA,0
ASV,ASV_003382,ASVP_1523,ASV_003382,NA,0
ASV,ASV_003390,ASVP_1524,ASV_003390,NA,0
ASV,ASV_003392,ASVP_1525,ASV_003392,NA,0
ASV,ASV_003393,ASVP_1351,ASV_002980,NA,0
ASV,ASV_003401,ASVP_1526,ASV_003401,NA,0
ASV,ASV_003408,ASVP_1527,ASV_003408,NA,0
ASV,ASV_003409,ASVP_1528,ASV_003409,NA,0
ASV,ASV_003410,ASVP_1529,ASV_003410,NA,0
ASV,ASV_003411,ASVP_1530,ASV_003411,NA,0
ASV,ASV_003417,ASVP_1531,ASV_003417,NA,0
ASV,ASV_003418,ASVP_1532,ASV_003418,NA,0
ASV,ASV_003422,ASVP_1533,ASV_003422,NA,0
ASV,ASV_003429,ASVP_1534,ASV_003429,NA,0
ASV,ASV_003430,ASVP_1535,ASV_003430,3,2
ASV,ASV_003431,ASVP_1536,ASV_003431,NA,0
ASV,ASV_003433,ASVP_1537,ASV_003433,NA,0
ASV,ASV_003434,ASVP_1538,ASV_003434,NA,0
ASV,ASV_003436,ASVP_1539,ASV_003436,NA,0
ASV,ASV_003438,ASVP_1540,ASV_003438,NA,0
ASV,ASV_003439,ASVP_1541,ASV_003439,NA,0
ASV,ASV_003440,ASVP_1542,ASV_003440,NA,0
ASV,ASV_003446,ASVP_1543,ASV_003446,NA,0
ASV,ASV_003448,ASVP_1544,ASV_003448,NA,0
ASV,ASV_003451,ASVP_1545,ASV_003451,NA,0
ASV,ASV_003455,ASVP_1546,ASV_003455,3,2
ASV,ASV_003456,ASVP_1547,ASV_003456,NA,0
ASV,ASV_003457,ASVP_1548,ASV_003457,NA,0
ASV,ASV_003459,ASVP_1549,ASV_003459,NA,0
ASV,ASV_003463,ASVP_1550,ASV_003463,NA,0
ASV,ASV_003465,ASVP_1551,ASV_003465,NA,0
ASV,ASV_003467,ASVP_1552,ASV_003467,NA,0
ASV,ASV_003468,ASVP_1553,ASV_003468,NA,0
ASV,ASV_003470,ASVP_1554,ASV_003470,NA,0
ASV,ASV_003478,ASVP_1555,ASV_003478,NA,0
ASV,ASV_003480,ASVP_1556,ASV_003480,NA,0
ASV,ASV_003483,ASVP_1557,ASV_003483,NA,0
ASV,ASV_003484,ASVP_1558,ASV_003484,NA,0
ASV,ASV_003489,ASVP_1559,ASV_003489,NA,0
ASV,ASV_003491,ASVP_1560,ASV_003491,NA,0
ASV,ASV_003492,ASVP_1561,ASV_003492,NA,0
ASV,ASV_003494,ASVP_1562,ASV_003494,NA,0
ASV,ASV_003496,ASVP_1563,ASV_003496,NA,0
ASV,ASV_003499,ASVP_0121,ASV_000597,NA,0
ASV,ASV_003500,ASVP_1564,ASV_003500,53,1
ASV,ASV_003501,ASVP_1565,ASV_003501,NA,0
ASV,ASV_003504,ASVP_1566,ASV_003504,NA,0
ASV,ASV_003505,ASVP_1567,ASV_003505,NA,0
ASV,ASV_003508,ASVP_1568,ASV_003508,NA,0
ASV,ASV_003509,ASVP_1569,ASV_003509,NA,0
ASV,ASV_003510,ASVP_1570,ASV_003510,NA,0
ASV,ASV_003514,ASVP_1571,ASV_003514,NA,0
ASV,ASV_003516,ASVP_1572,ASV_003516,NA,0
ASV,ASV_003518,ASVP_1573,ASV_003518,12,2
ASV,ASV_003519,ASVP_1574,ASV_003519,NA,0
ASV,ASV_003521,ASVP_1575,ASV_003521,54,1
ASV,ASV_003524,ASVP_1576,ASV_003524,NA,0
ASV,ASV_003525,ASVP_1577,ASV_003525,NA,0
ASV,ASV_003527,ASVP_1578,ASV_003527,NA,0
ASV,ASV_003531,ASVP_1579,ASV_003531,NA,0
ASV,ASV_003532,ASVP_1580,ASV_003532,NA,0
ASV,ASV_003533,ASVP_1581,ASV_003533,NA,0
ASV,ASV_003536,ASVP_1582,ASV_003536,NA,0
ASV,ASV_003537,ASVP_1583,ASV_003537,NA,0
ASV,ASV_003540,ASVP_1584,ASV_003540,NA,0
ASV,ASV_003542,ASVP_1585,ASV_003542,NA,0
ASV,ASV_003543,ASVP_1586,ASV_003543,NA,0
ASV,ASV_003544,ASVP_1587,ASV_003544,NA,0
ASV,ASV_003550,ASVP_1588,ASV_003550,NA,0
ASV,ASV_003551,ASVP_1589,ASV_003551,NA,0
ASV,ASV_003555,ASVP_1590,ASV_003555,NA,0
ASV,ASV_003558,ASVP_1591,ASV_003558,NA,0
ASV,ASV_003559,ASVP_1592,ASV_003559,NA,0
ASV,ASV_003561,ASVP_1593,ASV_003561,NA,0
ASV,ASV_003562,ASVP_1594,ASV_003562,NA,0
ASV,ASV_003566,ASVP_1595,ASV_003566,NA,0
ASV,ASV_003568,ASVP_1596,ASV_003568,NA,0
ASV,ASV_003574,ASVP_1597,ASV_003574,3,1
ASV,ASV_003577,ASVP_1598,ASV_003577,NA,0
ASV,ASV_003580,ASVP_1599,ASV_003580,NA,0
ASV,ASV_003583,ASVP_1600,ASV_003583,NA,0
ASV,ASV_003584,ASVP_1601,ASV_003584,7,11
ASV,ASV_003585,ASVP_1602,ASV_003585,NA,0
ASV,ASV_003587,ASVP_1603,ASV_003587,NA,0
ASV,ASV_003588,ASVP_1604,ASV_003588,NA,0
ASV,ASV_003593,ASVP_1605,ASV_003593,NA,0
ASV,ASV_003596,ASVP_1606,ASV_003596,NA,0
ASV,ASV_003602,ASVP_1607,ASV_003602,NA,0
ASV,ASV_003603,ASVP_1608,ASV_003603,NA,0
ASV,ASV_003606,ASVP_1609,ASV_003606,43,1
ASV,ASV_003611,ASVP_1610,ASV_003611,NA,0
ASV,ASV_003613,ASVP_1611,ASV_003613,NA,0
ASV,ASV_003615,ASVP_1612,ASV_003615,NA,0
ASV,ASV_003617,ASVP_1613,ASV_003617,NA,0
ASV,ASV_003621,ASVP_1614,ASV_003621,NA,0
ASV,ASV_003623,ASVP_1615,ASV_003623,NA,0
ASV,ASV_003628,ASVP_1616,ASV_003628,NA,0
ASV,ASV_003629,ASVP_1617,ASV_003629,NA,0
ASV,ASV_003631,ASVP_1618,ASV_003631,NA,0
ASV,ASV_003632,ASVP_1619,ASV_003632,NA,0
ASV,ASV_003637,ASVP_1620,ASV_003637,2,1
ASV,ASV_003639,ASVP_1621,ASV_003639,NA,0
ASV,ASV_003640,ASVP_1622,ASV_003640,NA,0
ASV,ASV_003644,ASVP_1623,ASV_003644,NA,0
ASV,ASV_003645,ASVP_1624,ASV_003645,NA,0
ASV,ASV_003647,ASVP_1625,ASV_003647,NA,0
ASV,ASV_003648,ASVP_1626,ASV_003648,NA,0
ASV,ASV_003651,ASVP_1627,ASV_003651,NA,0
ASV,ASV_003657,ASVP_1628,ASV_003657,NA,0
ASV,ASV_003659,ASVP_1629,ASV_003659,NA,0
ASV,ASV_003660,ASVP_1630,ASV_003660,NA,0
ASV,ASV_003661,ASVP_1631,ASV_003661,NA,0
ASV,ASV_003662,ASVP_1632,ASV_003662,NA,0
ASV,ASV_003666,ASVP_1633,ASV_003666,NA,0
ASV,ASV_003669,ASVP_1634,ASV_003669,NA,0
ASV,ASV_003683,ASVP_1635,ASV_003683,NA,0
ASV,ASV_003684,ASVP_1636,ASV_003684,NA,0
ASV,ASV_003687,ASVP_1637,ASV_003687,55,1
ASV,ASV_003690,ASVP_1638,ASV_003690,NA,0
ASV,ASV_003691,ASVP_1639,ASV_003691,NA,0
ASV,ASV_003692,ASVP_1640,ASV_003692,NA,0
ASV,ASV_003693,ASVP_1641,ASV_003693,NA,0
ASV,ASV_003696,ASVP_1642,ASV_003696,NA,0
ASV,ASV_003703,ASVP_1643,ASV_003703,NA,0
ASV,ASV_003705,ASVP_1644,ASV_003705,NA,0
ASV,ASV_003709,ASVP_1645,ASV_003709,NA,0
ASV,ASV_003713,ASVP_1646,ASV_003713,NA,0
ASV,ASV_003714,ASVP_1647,ASV_003714,NA,0
ASV,ASV_003715,ASVP_1648,ASV_003715,NA,0
ASV,ASV_003717,ASVP_1649,ASV_003717,NA,0
ASV,ASV_003720,ASVP_1650,ASV_003720,54,1
ASV,ASV_003725,ASVP_1651,ASV_003725,NA,0
ASV,ASV_003726,ASVP_1652,ASV_003726,NA,0
ASV,ASV_003730,ASVP_1653,ASV_003730,NA,0
ASV,ASV_003731,ASVP_1654,ASV_003731,NA,0
ASV,ASV_003733,ASVP_1655,ASV_003733,NA,0
ASV,ASV_003738,ASVP_1656,ASV_003738,NA,0
ASV,ASV_003743,ASVP_1657,ASV_003743,NA,0
ASV,ASV_003745,ASVP_1658,ASV_003745,NA,0
ASV,ASV_003746,ASVP_1659,ASV_003746,NA,0
ASV,ASV_003749,ASVP_1660,ASV_003749,NA,0
ASV,ASV_003752,ASVP_1661,ASV_003752,NA,0
ASV,ASV_003755,ASVP_1662,ASV_003755,26,1
ASV,ASV_003756,ASVP_1663,ASV_003756,NA,0
ASV,ASV_003758,ASVP_1664,ASV_003758,NA,0
ASV,ASV_003759,ASVP_1665,ASV_003759,NA,0
ASV,ASV_003762,ASVP_1666,ASV_003762,NA,0
ASV,ASV_003763,ASVP_1667,ASV_003763,5,24
ASV,ASV_003765,ASVP_1668,ASV_003765,NA,0
ASV,ASV_003766,ASVP_1669,ASV_003766,NA,0
ASV,ASV_003767,ASVP_1670,ASV_003767,NA,0
ASV,ASV_003768,ASVP_1671,ASV_003768,NA,0
ASV,ASV_003771,ASVP_1672,ASV_003771,NA,0
ASV,ASV_003773,ASVP_1673,ASV_003773,NA,0
ASV,ASV_003776,ASVP_1674,ASV_003776,NA,0
ASV,ASV_003785,ASVP_1675,ASV_003785,13,1
ASV,ASV_003786,ASVP_1676,ASV_003786,NA,0
ASV,ASV_003789,ASVP_1677,ASV_003789,NA,0
ASV,ASV_003792,ASVP_1678,ASV_003792,NA,0
ASV,ASV_003793,ASVP_1679,ASV_003793,14,1
ASV,ASV_003794,ASVP_1680,ASV_003794,NA,0
ASV,ASV_003797,ASVP_1681,ASV_003797,NA,0
ASV,ASV_003799,ASVP_1682,ASV_003799,NA,0
ASV,ASV_003804,ASVP_1683,ASV_003804,NA,0
ASV,ASV_003806,ASVP_1684,ASV_003806,NA,0
ASV,ASV_003809,ASVP_1685,ASV_003809,NA,0
ASV,ASV_003819,ASVP_1686,ASV_003819,NA,0
ASV,ASV_003825,ASVP_1687,ASV_003825,NA,0
ASV,ASV_003826,ASVP_1688,ASV_003826,NA,0
ASV,ASV_003829,ASVP_1689,ASV_003829,NA,0
ASV,ASV_003831,ASVP_1690,ASV_003831,NA,0
ASV,ASV_003832,ASVP_1691,ASV_003832,NA,0
ASV,ASV_003834,ASVP_1692,ASV_003834,NA,0
ASV,ASV_003838,ASVP_1693,ASV_003838,NA,0
ASV,ASV_003840,ASVP_1694,ASV_003840,NA,0
ASV,ASV_003841,ASVP_1695,ASV_003841,NA,0
ASV,ASV_003843,ASVP_1696,ASV_003843,NA,0
ASV,ASV_003844,ASVP_1697,ASV_003844,NA,0
ASV,ASV_003848,ASVP_1698,ASV_003848,NA,0
ASV,ASV_003849,ASVP_1699,ASV_003849,NA,0
ASV,ASV_003850,ASVP_1700,ASV_003850,NA,0
ASV,ASV_003851,ASVP_1701,ASV_003851,NA,0
ASV,ASV_003854,ASVP_1702,ASV_003854,NA,0
ASV,ASV_003857,ASVP_1703,ASV_003857,NA,0
ASV,ASV_003859,ASVP_1704,ASV_003859,3,1
ASV,ASV_003861,ASVP_1705,ASV_003861,55,1
ASV,ASV_003870,ASVP_1706,ASV_003870,NA,0
ASV,ASV_003871,ASVP_1707,ASV_003871,NA,0
ASV,ASV_003874,ASVP_1708,ASV_003874,NA,0
ASV,ASV_003876,ASVP_1709,ASV_003876,NA,0
ASV,ASV_003879,ASVP_1710,ASV_003879,NA,0
ASV,ASV_003889,ASVP_1711,ASV_003889,NA,0
ASV,ASV_003892,ASVP_1712,ASV_003892,NA,0
ASV,ASV_003896,ASVP_1713,ASV_003896,NA,0
ASV,ASV_003898,ASVP_1714,ASV_003898,NA,0
ASV,ASV_003899,ASVP_1715,ASV_003899,12,1
ASV,ASV_003900,ASVP_1716,ASV_003900,NA,0
ASV,ASV_003903,ASVP_1717,ASV_003903,NA,0
ASV,ASV_003908,ASVP_1718,ASV_003908,NA,0
ASV,ASV_003910,ASVP_1719,ASV_003910,NA,0
ASV,ASV_003914,ASVP_1720,ASV_003914,NA,0
ASV,ASV_003915,ASVP_1721,ASV_003915,NA,0
ASV,ASV_003916,ASVP_1722,ASV_003916,NA,0
ASV,ASV_003921,ASVP_1723,ASV_003921,NA,0
ASV,ASV_003928,ASVP_1724,ASV_003928,NA,0
ASV,ASV_003930,ASVP_1725,ASV_003930,NA,0
ASV,ASV_003931,ASVP_1726,ASV_003931,NA,0
ASV,ASV_003936,ASVP_1727,ASV_003936,NA,0
ASV,ASV_003937,ASVP_1728,ASV_003937,NA,0
ASV,ASV_003940,ASVP_1729,ASV_003940,NA,0
ASV,ASV_003941,ASVP_1730,ASV_003941,NA,0
ASV,ASV_003942,ASVP_1731,ASV_003942,NA,0
ASV,ASV_003947,ASVP_1732,ASV_003947,2,1
ASV,ASV_003949,ASVP_1733,ASV_003949,NA,0
ASV,ASV_003950,ASVP_1734,ASV_003950,NA,0
ASV,ASV_003951,ASVP_1735,ASV_003951,NA,0
ASV,ASV_003952,ASVP_1736,ASV_003952,NA,0
ASV,ASV_003955,ASVP_1737,ASV_003955,NA,0
ASV,ASV_003958,ASVP_1738,ASV_003958,6,5
ASV,ASV_003969,ASVP_1739,ASV_003969,NA,0
ASV,ASV_003973,ASVP_1740,ASV_003973,NA,0
ASV,ASV_003974,ASVP_1741,ASV_003974,NA,0
ASV,ASV_003975,ASVP_1742,ASV_003975,NA,0
ASV,ASV_003977,ASVP_1743,ASV_003977,NA,0
ASV,ASV_003978,ASVP_1744,ASV_003978,NA,0
ASV,ASV_003979,ASVP_1745,ASV_003979,NA,0
ASV,ASV_003981,ASVP_1746,ASV_003981,1,2
ASV,ASV_003984,ASVP_1747,ASV_003984,NA,0
ASV,ASV_003985,ASVP_1748,ASV_003985,NA,0
ASV,ASV_003986,ASVP_1749,ASV_003986,NA,0
ASV,ASV_003992,ASVP_1750,ASV_003992,11,1
ASV,ASV_003993,ASVP_1751,ASV_003993,NA,0
ASV,ASV_003994,ASVP_1752,ASV_003994,NA,0
ASV,ASV_003996,ASVP_1753,ASV_003996,NA,0
ASV,ASV_003999,ASVP_1754,ASV_003999,NA,0
ASV,ASV_004000,ASVP_1755,ASV_004000,NA,0
ASV,ASV_004002,ASVP_1756,ASV_004002,NA,0
ASV,ASV_004004,ASVP_1757,ASV_004004,NA,0
ASV,ASV_004005,ASVP_1758,ASV_004005,56,1
ASV,ASV_004007,ASVP_1759,ASV_004007,NA,0
ASV,ASV_004008,ASVP_1760,ASV_004008,NA,0
ASV,ASV_004012,ASVP_1761,ASV_004012,NA,0
ASV,ASV_004013,ASVP_1762,ASV_004013,NA,0
ASV,ASV_004016,ASVP_1763,ASV_004016,NA,0
ASV,ASV_004017,ASVP_1764,ASV_004017,NA,0
ASV,ASV_004020,ASVP_1765,ASV_004020,NA,0
ASV,ASV_004021,ASVP_1766,ASV_004021,6,2
ASV,ASV_004023,ASVP_1767,ASV_004023,NA,0
ASV,ASV_004028,ASVP_1768,ASV_004028,NA,0
ASV,ASV_004029,ASVP_1769,ASV_004029,NA,0
ASV,ASV_004032,ASVP_1770,ASV_004032,NA,0
ASV,ASV_004034,ASVP_1771,ASV_004034,NA,0
ASV,ASV_004035,ASVP_1772,ASV_004035,NA,0
ASV,ASV_004036,ASVP_1773,ASV_004036,NA,0
ASV,ASV_004042,ASVP_1774,ASV_004042,NA,0
ASV,ASV_004052,ASVP_1775,ASV_004052,NA,0
ASV,ASV_004054,ASVP_1776,ASV_004054,1,1
ASV,ASV_004057,ASVP_1777,ASV_004057,NA,0
ASV,ASV_004064,ASVP_1778,ASV_004064,NA,0
ASV,ASV_004069,ASVP_1779,ASV_004069,NA,0
ASV,ASV_004070,ASVP_1780,ASV_004070,NA,0
ASV,ASV_004071,ASVP_1781,ASV_004071,NA,0
ASV,ASV_004072,ASVP_1782,ASV_004072,NA,0
ASV,ASV_004075,ASVP_1783,ASV_004075,57,1
ASV,ASV_004076,ASVP_1784,ASV_004076,NA,0
ASV,ASV_004080,ASVP_1785,ASV_004080,NA,0
ASV,ASV_004082,ASVP_1786,ASV_004082,NA,0
ASV,ASV_004084,ASVP_1787,ASV_004084,NA,0
ASV,ASV_004091,ASVP_1788,ASV_004091,NA,0
ASV,ASV_004097,ASVP_1789,ASV_004097,NA,0
ASV,ASV_004099,ASVP_1790,ASV_004099,NA,0
ASV,ASV_004101,ASVP_1791,ASV_004101,NA,0
ASV,ASV_004104,ASVP_1792,ASV_004104,54,1
ASV,ASV_004105,ASVP_1793,ASV_004105,NA,0
ASV,ASV_004107,ASVP_1794,ASV_004107,NA,0
ASV,ASV_004109,ASVP_1795,ASV_004109,NA,0
ASV,ASV_004113,ASVP_1796,ASV_004113,NA,0
ASV,ASV_004114,ASVP_1797,ASV_004114,NA,0
ASV,ASV_004116,ASVP_1798,ASV_004116,NA,0
ASV,ASV_004117,ASVP_1799,ASV_004117,3,1
ASV,ASV_004119,ASVP_1800,ASV_004119,NA,0
ASV,ASV_004120,ASVP_1801,ASV_004120,NA,0
ASV,ASV_004126,ASVP_1802,ASV_004126,NA,0
ASV,ASV_004128,ASVP_1803,ASV_004128,NA,0
ASV,ASV_004129,ASVP_1804,ASV_004129,NA,0
ASV,ASV_004131,ASVP_1805,ASV_004131,NA,0
ASV,ASV_004132,ASVP_1806,ASV_004132,NA,0
ASV,ASV_004134,ASVP_1807,ASV_004134,NA,0
ASV,ASV_004137,ASVP_1808,ASV_004137,NA,0
ASV,ASV_004138,ASVP_1809,ASV_004138,12,5
ASV,ASV_004143,ASVP_1810,ASV_004143,NA,0
ASV,ASV_004144,ASVP_1811,ASV_004144,NA,0
ASV,ASV_004156,ASVP_1812,ASV_004156,NA,0
ASV,ASV_004157,ASVP_1813,ASV_004157,NA,0
ASV,ASV_004158,ASVP_1814,ASV_004158,NA,0
ASV,ASV_004161,ASVP_1815,ASV_004161,NA,0
ASV,ASV_004165,ASVP_1816,ASV_004165,NA,0
ASV,ASV_004168,ASVP_1817,ASV_004168,NA,0
ASV,ASV_004174,ASVP_1818,ASV_004174,NA,0
ASV,ASV_004176,ASVP_1819,ASV_004176,NA,0
ASV,ASV_004186,ASVP_1820,ASV_004186,58,4
ASV,ASV_004190,ASVP_1821,ASV_004190,NA,0
ASV,ASV_004191,ASVP_1822,ASV_004191,59,1
ASV,ASV_004192,ASVP_1823,ASV_004192,NA,0
ASV,ASV_004199,ASVP_1824,ASV_004199,NA,0
ASV,ASV_004200,ASVP_1825,ASV_004200,NA,0
ASV,ASV_004203,ASVP_1826,ASV_004203,NA,0
ASV,ASV_004205,ASVP_1827,ASV_004205,NA,0
ASV,ASV_004212,ASVP_1828,ASV_004212,1,1
ASV,ASV_004213,ASVP_1829,ASV_004213,NA,0
ASV,ASV_004220,ASVP_1830,ASV_004220,NA,0
ASV,ASV_004224,ASVP_1831,ASV_004224,NA,0
ASV,ASV_004227,ASVP_1832,ASV_004227,NA,0
ASV,ASV_004234,ASVP_1833,ASV_004234,NA,0
ASV,ASV_004235,ASVP_1834,ASV_004235,NA,0
ASV,ASV_004238,ASVP_1835,ASV_004238,NA,0
ASV,ASV_004240,ASVP_1836,ASV_004240,NA,0
ASV,ASV_004243,ASVP_1837,ASV_004243,NA,0
ASV,ASV_004244,ASVP_1838,ASV_004244,NA,0
ASV,ASV_004245,ASVP_1839,ASV_004245,NA,0
ASV,ASV_004247,ASVP_1840,ASV_004247,NA,0
ASV,ASV_004249,ASVP_1841,ASV_004249,1,3
ASV,ASV_004255,ASVP_1842,ASV_004255,NA,0
ASV,ASV_004256,ASVP_1843,ASV_004256,60,1
ASV,ASV_004257,ASVP_1844,ASV_004257,NA,0
ASV,ASV_004258,ASVP_1845,ASV_004258,NA,0
ASV,ASV_004259,ASVP_1846,ASV_004259,NA,0
ASV,ASV_004261,ASVP_1847,ASV_004261,NA,0
ASV,ASV_004269,ASVP_1848,ASV_004269,NA,0
ASV,ASV_004272,ASVP_1849,ASV_004272,NA,0
ASV,ASV_004277,ASVP_1850,ASV_004277,NA,0
ASV,ASV_004278,ASVP_1851,ASV_004278,NA,0
ASV,ASV_004280,ASVP_1852,ASV_004280,NA,0
ASV,ASV_004283,ASVP_1853,ASV_004283,NA,0
ASV,ASV_004287,ASVP_1854,ASV_004287,NA,0
ASV,ASV_004288,ASVP_1855,ASV_004288,3,3
ASV,ASV_004291,ASVP_1856,ASV_004291,NA,0
ASV,ASV_004292,ASVP_1857,ASV_004292,NA,0
ASV,ASV_004293,ASVP_1858,ASV_004293,NA,0
ASV,ASV_004294,ASVP_1859,ASV_004294,NA,0
ASV,ASV_004298,ASVP_1860,ASV_004298,NA,0
ASV,ASV_004307,ASVP_1861,ASV_004307,NA,0
ASV,ASV_004308,ASVP_1862,ASV_004308,NA,0
ASV,ASV_004311,ASVP_1863,ASV_004311,NA,0
ASV,ASV_004316,ASVP_1864,ASV_004316,NA,0
ASV,ASV_004320,ASVP_1865,ASV_004320,NA,0
ASV,ASV_004331,ASVP_1866,ASV_004331,NA,0
ASV,ASV_004334,ASVP_1867,ASV_004334,NA,0
ASV,ASV_004336,ASVP_1868,ASV_004336,NA,0
ASV,ASV_004338,ASVP_1869,ASV_004338,2,3
ASV,ASV_004349,ASVP_1870,ASV_004349,NA,0
ASV,ASV_004351,ASVP_1871,ASV_004351,11,1
ASV,ASV_004354,ASVP_1872,ASV_004354,NA,0
ASV,ASV_004356,ASVP_1873,ASV_004356,NA,0
ASV,ASV_004357,ASVP_1874,ASV_004357,NA,0
ASV,ASV_004362,ASVP_1875,ASV_004362,6,1
ASV,ASV_004363,ASVP_1876,ASV_004363,NA,0
ASV,ASV_004364,ASVP_1877,ASV_004364,NA,0
ASV,ASV_004367,ASVP_1878,ASV_004367,NA,0
ASV,ASV_004369,ASVP_1879,ASV_004369,NA,0
ASV,ASV_004371,ASVP_1880,ASV_004371,NA,0
ASV,ASV_004375,ASVP_1881,ASV_004375,NA,0
ASV,ASV_004387,ASVP_1882,ASV_004387,NA,0
ASV,ASV_004391,ASVP_1883,ASV_004391,NA,0
ASV,ASV_004393,ASVP_1884,ASV_004393,NA,0
ASV,ASV_004394,ASVP_1885,ASV_004394,NA,0
ASV,ASV_004400,ASVP_1886,ASV_004400,NA,0
ASV,ASV_004402,ASVP_1887,ASV_004402,NA,0
ASV,ASV_004405,ASVP_1888,ASV_004405,NA,0
ASV,ASV_004406,ASVP_1889,ASV_004406,NA,0
ASV,ASV_004407,ASVP_1890,ASV_004407,NA,0
ASV,ASV_004410,ASVP_1891,ASV_004410,NA,0
ASV,ASV_004412,ASVP_1892,ASV_004412,NA,0
ASV,ASV_004413,ASVP_1893,ASV_004413,NA,0
ASV,ASV_004426,ASVP_1894,ASV_004426,NA,0
ASV,ASV_004429,ASVP_1895,ASV_004429,NA,0
ASV,ASV_004431,ASVP_1896,ASV_004431,NA,0
ASV,ASV_004437,ASVP_1897,ASV_004437,NA,0
ASV,ASV_004439,ASVP_1898,ASV_004439,NA,0
ASV,ASV_004440,ASVP_1899,ASV_004440,NA,0
ASV,ASV_004441,ASVP_1900,ASV_004441,NA,0
ASV,ASV_004445,ASVP_1901,ASV_004445,NA,0
ASV,ASV_004446,ASVP_1902,ASV_004446,3,2
ASV,ASV_004447,ASVP_1903,ASV_004447,NA,0
ASV,ASV_004461,ASVP_1904,ASV_004461,NA,0
ASV,ASV_004471,ASVP_1905,ASV_004471,NA,0
ASV,ASV_004473,ASVP_1906,ASV_004473,NA,0
ASV,ASV_004477,ASVP_1907,ASV_004477,NA,0
ASV,ASV_004479,ASVP_1908,ASV_004479,NA,0
ASV,ASV_004489,ASVP_1909,ASV_004489,NA,0
ASV,ASV_004492,ASVP_1910,ASV_004492,NA,0
ASV,ASV_004494,ASVP_1911,ASV_004494,NA,0
ASV,ASV_004496,ASVP_1912,ASV_004496,NA,0
ASV,ASV_004506,ASVP_1913,ASV_004506,NA,0
ASV,ASV_004519,ASVP_1914,ASV_004519,NA,0
ASV,ASV_004522,ASVP_1915,ASV_004522,NA,0
ASV,ASV_004530,ASVP_1916,ASV_004530,NA,0
ASV,ASV_004532,ASVP_1917,ASV_004532,NA,0
ASV,ASV_004540,ASVP_1918,ASV_004540,NA,0
ASV,ASV_004544,ASVP_1919,ASV_004544,NA,0
ASV,ASV_004546,ASVP_1920,ASV_004546,NA,0
ASV,ASV_004556,ASVP_1921,ASV_004556,NA,0
ASV,ASV_004562,ASVP_1922,ASV_004562,NA,0
ASV,ASV_004563,ASVP_1923,ASV_004563,NA,0
ASV,ASV_004573,ASVP_1924,ASV_004573,NA,0
ASV,ASV_004589,ASVP_1925,ASV_004589,NA,0
ASV,ASV_004590,ASVP_1926,ASV_004590,NA,0
ASV,ASV_004595,ASVP_1927,ASV_004595,NA,0
ASV,ASV_004605,ASVP_1928,ASV_004605,61,2
ASV,ASV_004610,ASVP_1929,ASV_004610,NA,0
ASV,ASV_004611,ASVP_1930,ASV_004611,NA,0
ASV,ASV_004614,ASVP_1931,ASV_004614,NA,0
ASV,ASV_004615,ASVP_1932,ASV_004615,NA,0
ASV,ASV_004617,ASVP_1933,ASV_004617,NA,0
ASV,ASV_004620,ASVP_1934,ASV_004620,3,8
ASV,ASV_004624,ASVP_1935,ASV_004624,NA,0
ASV,ASV_004628,ASVP_1936,ASV_004628,NA,0
ASV,ASV_004629,ASVP_1937,ASV_004629,NA,0
ASV,ASV_004635,ASVP_1938,ASV_004635,NA,0
ASV,ASV_004643,ASVP_1939,ASV_004643,NA,0
ASV,ASV_004646,ASVP_1940,ASV_004646,NA,0
ASV,ASV_004649,ASVP_1941,ASV_004649,NA,0
ASV,ASV_004654,ASVP_1942,ASV_004654,NA,0
ASV,ASV_004659,ASVP_1943,ASV_004659,NA,0
ASV,ASV_004670,ASVP_1944,ASV_004670,NA,0
ASV,ASV_004672,ASVP_1945,ASV_004672,NA,0
ASV,ASV_004683,ASVP_1946,ASV_004683,NA,0
ASV,ASV_004686,ASVP_1947,ASV_004686,NA,0
ASV,ASV_004696,ASVP_1948,ASV_004696,NA,0
ASV,ASV_004698,ASVP_1949,ASV_004698,NA,0
ASV,ASV_004705,ASVP_1950,ASV_004705,NA,0
ASV,ASV_004709,ASVP_1951,ASV_004709,NA,0
ASV,ASV_004720,ASVP_1952,ASV_004720,NA,0
ASV,ASV_004724,ASVP_1953,ASV_004724,62,1
ASV,ASV_004728,ASVP_1954,ASV_004728,NA,0
ASV,ASV_004729,ASVP_1955,ASV_004729,NA,0
ASV,ASV_004737,ASVP_1956,ASV_004737,NA,0
ASV,ASV_004738,ASVP_1957,ASV_004738,NA,0
ASV,ASV_004739,ASVP_1958,ASV_004739,NA,0
ASV,ASV_004742,ASVP_1959,ASV_004742,NA,0
ASV,ASV_004746,ASVP_1960,ASV_004746,NA,0
ASV,ASV_004749,ASVP_1961,ASV_004749,11,1
ASV,ASV_004751,ASVP_1962,ASV_004751,NA,0
ASV,ASV_004752,ASVP_1963,ASV_004752,NA,0
ASV,ASV_004757,ASVP_1964,ASV_004757,NA,0
ASV,ASV_004758,ASVP_1965,ASV_004758,NA,0
ASV,ASV_004762,ASVP_1966,ASV_004762,NA,0
ASV,ASV_004769,ASVP_1967,ASV_004769,NA,0
ASV,ASV_004773,ASVP_1968,ASV_004773,63,2
ASV,ASV_004777,ASVP_1969,ASV_004777,NA,0
ASV,ASV_004778,ASVP_1970,ASV_004778,NA,0
ASV,ASV_004780,ASVP_1971,ASV_004780,NA,0
ASV,ASV_004781,ASVP_1972,ASV_004781,NA,0
ASV,ASV_004785,ASVP_1973,ASV_004785,NA,0
ASV,ASV_004790,ASVP_1974,ASV_004790,NA,0
ASV,ASV_004791,ASVP_1975,ASV_004791,NA,0
ASV,ASV_004792,ASVP_1976,ASV_004792,NA,0
ASV,ASV_004796,ASVP_1977,ASV_004796,NA,0
ASV,ASV_004798,ASVP_1978,ASV_004798,NA,0
ASV,ASV_004799,ASVP_1979,ASV_004799,NA,0
ASV,ASV_004801,ASVP_1980,ASV_004801,NA,0
ASV,ASV_004803,ASVP_1981,ASV_004803,NA,0
ASV,ASV_004809,ASVP_1982,ASV_004809,7,1
ASV,ASV_004810,ASVP_1983,ASV_004810,NA,0
ASV,ASV_004812,ASVP_1984,ASV_004812,NA,0
ASV,ASV_004817,ASVP_1985,ASV_004817,NA,0
ASV,ASV_004820,ASVP_1986,ASV_004820,14,3
ASV,ASV_004833,ASVP_1987,ASV_004833,NA,0
ASV,ASV_004836,ASVP_1988,ASV_004836,4,1
ASV,ASV_004841,ASVP_1989,ASV_004841,NA,0
ASV,ASV_004842,ASVP_1990,ASV_004842,NA,0
ASV,ASV_004844,ASVP_1991,ASV_004844,NA,0
ASV,ASV_004846,ASVP_1992,ASV_004846,NA,0
ASV,ASV_004856,ASVP_1993,ASV_004856,13,1
ASV,ASV_004859,ASVP_1994,ASV_004859,NA,0
ASV,ASV_004862,ASVP_1995,ASV_004862,NA,0
ASV,ASV_004866,ASVP_1996,ASV_004866,NA,0
ASV,ASV_004870,ASVP_1997,ASV_004870,NA,0
ASV,ASV_004880,ASVP_1998,ASV_004880,NA,0
ASV,ASV_004884,ASVP_1999,ASV_004884,NA,0
ASV,ASV_004889,ASVP_2000,ASV_004889,NA,0
ASV,ASV_004892,ASVP_2001,ASV_004892,NA,0
ASV,ASV_004894,ASVP_2002,ASV_004894,NA,0
ASV,ASV_004897,ASVP_2003,ASV_004897,NA,0
ASV,ASV_004900,ASVP_2004,ASV_004900,NA,0
ASV,ASV_004906,ASVP_2005,ASV_004906,NA,0
ASV,ASV_004907,ASVP_2006,ASV_004907,2,1
ASV,ASV_004911,ASVP_2007,ASV_004911,NA,0
ASV,ASV_004919,ASVP_2008,ASV_004919,2,1
ASV,ASV_004924,ASVP_2009,ASV_004924,NA,0
ASV,ASV_004927,ASVP_2010,ASV_004927,NA,0
ASV,ASV_004934,ASVP_2011,ASV_004934,NA,0
ASV,ASV_004940,ASVP_2012,ASV_004940,NA,0
ASV,ASV_004943,ASVP_2013,ASV_004943,NA,0
ASV,ASV_004945,ASVP_2014,ASV_004945,NA,0
ASV,ASV_004948,ASVP_2015,ASV_004948,NA,0
ASV,ASV_004954,ASVP_2016,ASV_004954,NA,0
ASV,ASV_004955,ASVP_2017,ASV_004955,3,3
ASV,ASV_004967,ASVP_2018,ASV_004967,NA,0
ASV,ASV_004972,ASVP_2019,ASV_004972,NA,0
ASV,ASV_004974,ASVP_2020,ASV_004974,NA,0
ASV,ASV_004993,ASVP_2021,ASV_004993,NA,0
ASV,ASV_005005,ASVP_2022,ASV_005005,NA,0
ASV,ASV_005019,ASVP_2023,ASV_005019,NA,0
ASV,ASV_005031,ASVP_2024,ASV_005031,NA,0
ASV,ASV_005033,ASVP_2025,ASV_005033,NA,0
ASV,ASV_005038,ASVP_2026,ASV_005038,NA,0
ASV,ASV_005041,ASVP_2027,ASV_005041,3,2
ASV,ASV_005042,ASVP_2028,ASV_005042,NA,0
ASV,ASV_005050,ASVP_2029,ASV_005050,NA,0
ASV,ASV_005055,ASVP_2030,ASV_005055,NA,0
ASV,ASV_005058,ASVP_2031,ASV_005058,NA,0
ASV,ASV_005061,ASVP_2032,ASV_005061,NA,0
ASV,ASV_005066,ASVP_2033,ASV_005066,NA,0
ASV,ASV_005067,ASVP_2034,ASV_005067,64,2
ASV,ASV_005077,ASVP_2035,ASV_005077,NA,0
ASV,ASV_005084,ASVP_2036,ASV_005084,NA,0
ASV,ASV_005085,ASVP_2037,ASV_005085,NA,0
ASV,ASV_005089,ASVP_2038,ASV_005089,NA,0
ASV,ASV_005090,ASVP_2039,ASV_005090,NA,0
ASV,ASV_005100,ASVP_2040,ASV_005100,NA,0
ASV,ASV_005105,ASVP_2041,ASV_005105,NA,0
ASV,ASV_005116,ASVP_2042,ASV_005116,NA,0
ASV,ASV_005118,ASVP_2043,ASV_005118,NA,0
ASV,ASV_005124,ASVP_2044,ASV_005124,NA,0
ASV,ASV_005126,ASVP_2045,ASV_005126,NA,0
ASV,ASV_005131,ASVP_2046,ASV_005131,65,1
ASV,ASV_005134,ASVP_2047,ASV_005134,3,1
ASV,ASV_005135,ASVP_2048,ASV_005135,NA,0
ASV,ASV_005140,ASVP_2049,ASV_005140,NA,0
ASV,ASV_005151,ASVP_2050,ASV_005151,NA,0
ASV,ASV_005152,ASVP_2051,ASV_005152,NA,0
ASV,ASV_005157,ASVP_2052,ASV_005157,NA,0
ASV,ASV_005158,ASVP_2053,ASV_005158,NA,0
ASV,ASV_005167,ASVP_2054,ASV_005167,NA,0
ASV,ASV_005170,ASVP_2055,ASV_005170,NA,0
ASV,ASV_005172,ASVP_2056,ASV_005172,NA,0
ASV,ASV_005174,ASVP_2057,ASV_005174,NA,0
ASV,ASV_005181,ASVP_2058,ASV_005181,NA,0
ASV,ASV_005184,ASVP_2059,ASV_005184,NA,0
ASV,ASV_005188,ASVP_2060,ASV_005188,NA,0
ASV,ASV_005192,ASVP_2061,ASV_005192,NA,0
ASV,ASV_005194,ASVP_2062,ASV_005194,NA,0
ASV,ASV_005205,ASVP_2063,ASV_005205,NA,0
ASV,ASV_005214,ASVP_2064,ASV_005214,NA,0
ASV,ASV_005215,ASVP_2065,ASV_005215,NA,0
ASV,ASV_005224,ASVP_2066,ASV_005224,NA,0
ASV,ASV_005244,ASVP_2067,ASV_005244,NA,0
ASV,ASV_005245,ASVP_2068,ASV_005245,NA,0
ASV,ASV_005250,ASVP_2069,ASV_005250,NA,0
ASV,ASV_005251,ASVP_2070,ASV_005251,NA,0
ASV,ASV_005262,ASVP_2071,ASV_005262,NA,0
ASV,ASV_005268,ASVP_2072,ASV_005268,NA,0
ASV,ASV_005269,ASVP_2073,ASV_005269,NA,0
ASV,ASV_005273,ASVP_2074,ASV_005273,NA,0
ASV,ASV_005284,ASVP_2075,ASV_005284,NA,0
ASV,ASV_005292,ASVP_2076,ASV_005292,NA,0
ASV,ASV_005295,ASVP_2077,ASV_005295,NA,0
ASV,ASV_005300,ASVP_2078,ASV_005300,NA,0
ASV,ASV_005310,ASVP_2079,ASV_005310,NA,0
ASV,ASV_005317,ASVP_2080,ASV_005317,NA,0
ASV,ASV_005319,ASVP_2081,ASV_005319,NA,0
ASV,ASV_005338,ASVP_2082,ASV_005338,NA,0
ASV,ASV_005342,ASVP_2083,ASV_005342,NA,0
ASV,ASV_005345,ASVP_2084,ASV_005345,NA,0
ASV,ASV_005347,ASVP_2085,ASV_005347,NA,0
ASV,ASV_005349,ASVP_2086,ASV_005349,NA,0
ASV,ASV_005350,ASVP_2087,ASV_005350,NA,0
ASV,ASV_005358,ASVP_2088,ASV_005358,NA,0
ASV,ASV_005365,ASVP_2089,ASV_005365,NA,0
ASV,ASV_005367,ASVP_2090,ASV_005367,NA,0
ASV,ASV_005371,ASVP_2091,ASV_005371,NA,0
ASV,ASV_005377,ASVP_2092,ASV_005377,NA,0
ASV,ASV_005383,ASVP_2093,ASV_005383,NA,0
ASV,ASV_005386,ASVP_2094,ASV_005386,NA,0
ASV,ASV_005390,ASVP_2095,ASV_005390,NA,0
ASV,ASV_005392,ASVP_2096,ASV_005392,NA,0
ASV,ASV_005402,ASVP_2097,ASV_005402,NA,0
ASV,ASV_005414,ASVP_2098,ASV_005414,11,1
ASV,ASV_005417,ASVP_2099,ASV_005417,NA,0
ASV,ASV_005420,ASVP_2100,ASV_005420,NA,0
ASV,ASV_005436,ASVP_2101,ASV_005436,5,5
ASV,ASV_005442,ASVP_2102,ASV_005442,NA,0
ASV,ASV_005455,ASVP_2103,ASV_005455,NA,0
ASV,ASV_005458,ASVP_2104,ASV_005458,NA,0
ASV,ASV_005471,ASVP_2105,ASV_005471,NA,0
ASV,ASV_005472,ASVP_2106,ASV_005472,NA,0
ASV,ASV_005473,ASVP_2107,ASV_005473,NA,0
ASV,ASV_005474,ASVP_2108,ASV_005474,NA,0
ASV,ASV_005475,ASVP_2109,ASV_005475,NA,0
ASV,ASV_005476,ASVP_2110,ASV_005476,NA,0
ASV,ASV_005494,ASVP_2111,ASV_005494,NA,0
ASV,ASV_005519,ASVP_2112,ASV_005519,NA,0
ASV,ASV_005522,ASVP_2113,ASV_005522,NA,0
ASV,ASV_005526,ASVP_2114,ASV_005526,NA,0
ASV,ASV_005528,ASVP_2115,ASV_005528,NA,0
ASV,ASV_005540,ASVP_2116,ASV_005540,NA,0
ASV,ASV_005543,ASVP_2117,ASV_005543,NA,0
ASV,ASV_005550,ASVP_2118,ASV_005550,66,1
ASV,ASV_005552,ASVP_2119,ASV_005552,NA,0
ASV,ASV_005557,ASVP_2120,ASV_005557,NA,0
ASV,ASV_005564,ASVP_2121,ASV_005564,NA,0
ASV,ASV_005569,ASVP_2122,ASV_005569,NA,0
ASV,ASV_005571,ASVP_2123,ASV_005571,NA,0
ASV,ASV_005572,ASVP_2124,ASV_005572,NA,0
ASV,ASV_005575,ASVP_2125,ASV_005575,NA,0
ASV,ASV_005581,ASVP_2126,ASV_005581,NA,0
ASV,ASV_005595,ASVP_2127,ASV_005595,NA,0
ASV,ASV_005602,ASVP_2128,ASV_005602,NA,0
ASV,ASV_005606,ASVP_2129,ASV_005606,NA,0
ASV,ASV_005615,ASVP_2130,ASV_005615,3,1
ASV,ASV_005629,ASVP_2131,ASV_005629,NA,0
ASV,ASV_005630,ASVP_2132,ASV_005630,4,4
ASV,ASV_005631,ASVP_2133,ASV_005631,NA,0
ASV,ASV_005638,ASVP_2134,ASV_005638,NA,0
ASV,ASV_005642,ASVP_2135,ASV_005642,NA,0
ASV,ASV_005643,ASVP_2136,ASV_005643,NA,0
ASV,ASV_005645,ASVP_2137,ASV_005645,NA,0
ASV,ASV_005651,ASVP_2138,ASV_005651,NA,0
ASV,ASV_005653,ASVP_2139,ASV_005653,NA,0
ASV,ASV_005654,ASVP_2140,ASV_005654,NA,0
ASV,ASV_005658,ASVP_2141,ASV_005658,NA,0
ASV,ASV_005660,ASVP_2142,ASV_005660,NA,0
ASV,ASV_005672,ASVP_2143,ASV_005672,NA,0
ASV,ASV_005680,ASVP_2144,ASV_005680,14,2
ASV,ASV_005684,ASVP_2145,ASV_005684,NA,0
ASV,ASV_005689,ASVP_2146,ASV_005689,NA,0
ASV,ASV_005696,ASVP_2147,ASV_005696,NA,0
ASV,ASV_005705,ASVP_2148,ASV_005705,NA,0
ASV,ASV_005729,ASVP_2149,ASV_005729,NA,0
ASV,ASV_005732,ASVP_2150,ASV_005732,NA,0
ASV,ASV_005733,ASVP_2151,ASV_005733,NA,0
ASV,ASV_005752,ASVP_2152,ASV_005752,NA,0
ASV,ASV_005778,ASVP_2153,ASV_005778,NA,0
ASV,ASV_005785,ASVP_2154,ASV_005785,NA,0
ASV,ASV_005786,ASVP_2155,ASV_005786,NA,0
ASV,ASV_005787,ASVP_2156,ASV_005787,NA,0
ASV,ASV_005789,ASVP_2157,ASV_005789,NA,0
ASV,ASV_005793,ASVP_2158,ASV_005793,NA,0
ASV,ASV_005796,ASVP_2159,ASV_005796,NA,0
ASV,ASV_005801,ASVP_2160,ASV_005801,NA,0
ASV,ASV_005813,ASVP_1297,ASV_002875,3,1
ASV,ASV_005815,ASVP_2161,ASV_005815,NA,0
ASV,ASV_005826,ASVP_2162,ASV_005826,63,2
ASV,ASV_005831,ASVP_2163,ASV_005831,NA,0
ASV,ASV_005833,ASVP_2164,ASV_005833,NA,0
ASV,ASV_005834,ASVP_2165,ASV_005834,NA,0
ASV,ASV_005836,ASVP_2166,ASV_005836,NA,0
ASV,ASV_005845,ASVP_2167,ASV_005845,8,2
ASV,ASV_005864,ASVP_2168,ASV_005864,67,4
ASV,ASV_005874,ASVP_2169,ASV_005874,68,1
ASV,ASV_005885,ASVP_2170,ASV_005885,NA,0
ASV,ASV_005887,ASVP_2171,ASV_005887,NA,0
ASV,ASV_005899,ASVP_2172,ASV_005899,NA,0
ASV,ASV_005912,ASVP_2173,ASV_005912,69,1
ASV,ASV_005914,ASVP_2174,ASV_005914,NA,0
ASV,ASV_005916,ASVP_2175,ASV_005916,NA,0
ASV,ASV_005931,ASVP_2176,ASV_005931,NA,0
ASV,ASV_005936,ASVP_2177,ASV_005936,NA,0
ASV,ASV_005950,ASVP_2178,ASV_005950,NA,0
ASV,ASV_005961,ASVP_2179,ASV_005961,NA,0
ASV,ASV_005963,ASVP_2180,ASV_005963,NA,0
ASV,ASV_005970,ASVP_2181,ASV_005970,NA,0
ASV,ASV_005974,ASVP_2182,ASV_005974,5,1
ASV,ASV_005985,ASVP_2183,ASV_005985,NA,0
ASV,ASV_005996,ASVP_2184,ASV_005996,NA,0
ASV,ASV_006009,ASVP_2185,ASV_006009,NA,0
ASV,ASV_006010,ASVP_2186,ASV_006010,NA,0
ASV,ASV_006016,ASVP_2187,ASV_006016,NA,0
ASV,ASV_006017,ASVP_2188,ASV_006017,NA,0
ASV,ASV_006020,ASVP_2189,ASV_006020,NA,0
ASV,ASV_006023,ASVP_2190,ASV_006023,NA,0
ASV,ASV_006035,ASVP_2191,ASV_006035,26,1
ASV,ASV_006043,ASVP_2192,ASV_006043,NA,0
ASV,ASV_006060,ASVP_2193,ASV_006060,NA,0
ASV,ASV_006069,ASVP_1133,ASV_002546,NA,0
ASV,ASV_006073,ASVP_2194,ASV_006073,NA,0
ASV,ASV_006074,ASVP_2195,ASV_006074,NA,0
ASV,ASV_006076,ASVP_2196,ASV_006076,NA,0
ASV,ASV_006077,ASVP_2197,ASV_006077,NA,0
ASV,ASV_006092,ASVP_2198,ASV_006092,NA,0
ASV,ASV_006097,ASVP_2199,ASV_006097,NA,0
ASV,ASV_006099,ASVP_2200,ASV_006099,NA,0
ASV,ASV_006108,ASVP_2201,ASV_006108,NA,0
ASV,ASV_006115,ASVP_2202,ASV_006115,NA,0
ASV,ASV_006120,ASVP_2203,ASV_006120,4,1
ASV,ASV_006125,ASVP_2204,ASV_006125,NA,0
ASV,ASV_006135,ASVP_2205,ASV_006135,NA,0
ASV,ASV_006140,ASVP_2206,ASV_006140,NA,0
ASV,ASV_006150,ASVP_2207,ASV_006150,23,1
ASV,ASV_006160,ASVP_2208,ASV_006160,NA,0
ASV,ASV_006161,ASVP_2209,ASV_006161,NA,0
ASV,ASV_006163,ASVP_2210,ASV_006163,NA,0
ASV,ASV_006172,ASVP_2211,ASV_006172,NA,0
ASV,ASV_006176,ASVP_2212,ASV_006176,NA,0
ASV,ASV_006177,ASVP_2213,ASV_006177,NA,0
ASV,ASV_006202,ASVP_2214,ASV_006202,NA,0
ASV,ASV_006204,ASVP_2215,ASV_006204,NA,0
ASV,ASV_006231,ASVP_2216,ASV_006231,NA,0
ASV,ASV_006244,ASVP_2217,ASV_006244,NA,0
ASV,ASV_006248,ASVP_2218,ASV_006248,NA,0
ASV,ASV_006278,ASVP_2219,ASV_006278,NA,0
ASV,ASV_006282,ASVP_2220,ASV_006282,NA,0
ASV,ASV_006284,ASVP_2221,ASV_006284,NA,0
ASV,ASV_006288,ASVP_2222,ASV_006288,NA,0
ASV,ASV_006294,ASVP_2223,ASV_006294,NA,0
ASV,ASV_006297,ASVP_1351,ASV_002980,NA,0
ASV,ASV_006309,ASVP_2224,ASV_006309,NA,0
ASV,ASV_006316,ASVP_2225,ASV_006316,NA,0
ASV,ASV_006317,ASVP_2226,ASV_006317,NA,0
ASV,ASV_006319,ASVP_2227,ASV_006319,NA,0
ASV,ASV_006321,ASVP_2228,ASV_006321,NA,0
ASV,ASV_006322,ASVP_2229,ASV_006322,NA,0
ASV,ASV_006330,ASVP_2230,ASV_006330,NA,0
ASV,ASV_006333,ASVP_2231,ASV_006333,NA,0
ASV,ASV_006381,ASVP_2232,ASV_006381,NA,0
ASV,ASV_006382,ASVP_2233,ASV_006382,NA,0
ASV,ASV_006398,ASVP_2234,ASV_006398,1,1
ASV,ASV_006399,ASVP_2235,ASV_006399,NA,0
ASV,ASV_006422,ASVP_2236,ASV_006422,NA,0
ASV,ASV_006438,ASVP_2237,ASV_006438,NA,0
ASV,ASV_006444,ASVP_2238,ASV_006444,3,3
ASV,ASV_006449,ASVP_2239,ASV_006449,15,1
ASV,ASV_006455,ASVP_2240,ASV_006455,NA,0
ASV,ASV_006464,ASVP_2241,ASV_006464,5,1
ASV,ASV_006467,ASVP_2242,ASV_006467,NA,0
ASV,ASV_006474,ASVP_2243,ASV_006474,NA,0
ASV,ASV_006483,ASVP_2244,ASV_006483,NA,0
ASV,ASV_006498,ASVP_2245,ASV_006498,NA,0
ASV,ASV_006503,ASVP_2246,ASV_006503,NA,0
ASV,ASV_006517,ASVP_2247,ASV_006517,11,1
ASV,ASV_006539,ASVP_2248,ASV_006539,NA,0
ASV,ASV_006552,ASVP_2249,ASV_006552,3,5
ASV,ASV_006555,ASVP_2250,ASV_006555,NA,0
ASV,ASV_006558,ASVP_2251,ASV_006558,NA,0
ASV,ASV_006580,ASVP_2252,ASV_006580,NA,0
ASV,ASV_006609,ASVP_2253,ASV_006609,NA,0
ASV,ASV_006618,ASVP_2254,ASV_006618,NA,0
ASV,ASV_006619,ASVP_2255,ASV_006619,NA,0
ASV,ASV_006634,ASVP_2256,ASV_006634,NA,0
ASV,ASV_006638,ASVP_2257,ASV_006638,NA,0
ASV,ASV_006641,ASVP_2258,ASV_006641,11,1
ASV,ASV_006642,ASVP_2259,ASV_006642,NA,0
ASV,ASV_006650,ASVP_2260,ASV_006650,NA,0
ASV,ASV_006662,ASVP_2261,ASV_006662,NA,0
ASV,ASV_006702,ASVP_2262,ASV_006702,NA,0
ASV,ASV_006706,ASVP_2263,ASV_006706,NA,0
ASV,ASV_006710,ASVP_2264,ASV_006710,NA,0
ASV,ASV_006725,ASVP_2265,ASV_006725,NA,0
ASV,ASV_006732,ASVP_2266,ASV_006732,NA,0
ASV,ASV_006777,ASVP_2267,ASV_006777,NA,0
ASV,ASV_006779,ASVP_2268,ASV_006779,NA,0
ASV,ASV_006800,ASVP_2269,ASV_006800,NA,0
ASV,ASV_006815,ASVP_2270,ASV_006815,NA,0
ASV,ASV_006824,ASVP_2271,ASV_006824,NA,0
ASV,ASV_006855,ASVP_2272,ASV_006855,NA,0
ASV,ASV_006860,ASVP_2273,ASV_006860,NA,0
ASV,ASV_006870,ASVP_2274,ASV_006870,NA,0
ASV,ASV_006871,ASVP_2275,ASV_006871,NA,0
ASV,ASV_006908,ASVP_2276,ASV_006908,NA,0
ASV,ASV_006937,ASVP_2277,ASV_006937,NA,0
ASV,ASV_006962,ASVP_2278,ASV_006962,NA,0
ASV,ASV_006978,ASVP_2279,ASV_006978,NA,0
ASV,ASV_006981,ASVP_2280,ASV_006981,14,4
ASV,ASV_006991,ASVP_2281,ASV_006991,NA,0
ASV,ASV_006992,ASVP_2282,ASV_006992,NA,0
ASV,ASV_007002,ASVP_2283,ASV_007002,NA,0
ASV,ASV_007008,ASVP_2284,ASV_007008,NA,0
ASV,ASV_007022,ASVP_2285,ASV_007022,NA,0
ASV,ASV_007025,ASVP_2286,ASV_007025,NA,0
ASV,ASV_007026,ASVP_2287,ASV_007026,NA,0
ASV,ASV_007040,ASVP_2288,ASV_007040,NA,0
ASV,ASV_007055,ASVP_2289,ASV_007055,NA,0
ASV,ASV_007057,ASVP_2290,ASV_007057,NA,0
ASV,ASV_007080,ASVP_2291,ASV_007080,NA,0
ASV,ASV_007107,ASVP_2292,ASV_007107,NA,0
ASV,ASV_007121,ASVP_2293,ASV_007121,NA,0
ASV,ASV_007128,ASVP_2294,ASV_007128,NA,0
ASV,ASV_007129,ASVP_2295,ASV_007129,NA,0
ASV,ASV_007137,ASVP_2296,ASV_007137,NA,0
ASV,ASV_007185,ASVP_2297,ASV_007185,NA,0
ASV,ASV_007195,ASVP_2298,ASV_007195,NA,0
ASV,ASV_007204,ASVP_2299,ASV_007204,NA,0
ASV,ASV_007229,ASVP_2300,ASV_007229,NA,0
ASV,ASV_007246,ASVP_2301,ASV_007246,NA,0
ASV,ASV_007248,ASVP_2302,ASV_007248,NA,0
ASV,ASV_007249,ASVP_2303,ASV_007249,12,6
ASV,ASV_007251,ASVP_2304,ASV_007251,NA,0
ASV,ASV_007270,ASVP_2305,ASV_007270,3,1
ASV,ASV_007293,ASVP_2306,ASV_007293,NA,0
ASV,ASV_007294,ASVP_2307,ASV_007294,NA,0
ASV,ASV_007305,ASVP_2308,ASV_007305,NA,0
ASV,ASV_007328,ASVP_2309,ASV_007328,NA,0
ASV,ASV_007365,ASVP_2310,ASV_007365,NA,0
ASV,ASV_007387,ASVP_2311,ASV_007387,NA,0
ASV,ASV_007396,ASVP_2312,ASV_007396,NA,0
ASV,ASV_007448,ASVP_2313,ASV_007448,NA,0
ASV,ASV_007504,ASVP_2314,ASV_007504,NA,0
ASV,ASV_007569,ASVP_2315,ASV_007569,NA,0
ASV,ASV_007577,ASVP_2316,ASV_007577,NA,0
ASV,ASV_007621,ASVP_2317,ASV_007621,NA,0
ASV,ASV_007656,ASVP_2318,ASV_007656,NA,0
ASV,ASV_007732,ASVP_2319,ASV_007732,NA,0
ASV,ASV_007741,ASVP_2320,ASV_007741,NA,0
ASV,ASV_007752,ASVP_2321,ASV_007752,NA,0
ASV,ASV_007761,ASVP_2322,ASV_007761,NA,0
ASV,ASV_007771,ASVP_2323,ASV_007771,NA,0
ASV,ASV_007791,ASVP_2324,ASV_007791,70,1
ASV,ASV_007792,ASVP_2325,ASV_007792,NA,0
ASV,ASV_007809,ASVP_2326,ASV_007809,6,1
ASV,ASV_007841,ASVP_2327,ASV_007841,NA,0
ASV,ASV_007873,ASVP_2328,ASV_007873,NA,0
ASV,ASV_007914,ASVP_2329,ASV_007914,NA,0
ASV,ASV_007935,ASVP_2330,ASV_007935,NA,0
ASV,ASV_007977,ASVP_2331,ASV_007977,NA,0
ASV,ASV_007986,ASVP_2332,ASV_007986,NA,0
ASV,ASV_008027,ASVP_2333,ASV_008027,NA,0
ASV,ASV_008048,ASVP_2334,ASV_008048,NA,0
ASV,ASV_008051,ASVP_2335,ASV_008051,NA,0
ASV,ASV_008094,ASVP_2336,ASV_008094,NA,0
ASV,ASV_008104,ASVP_2337,ASV_008104,NA,0
ASV,ASV_008139,ASVP_2338,ASV_008139,NA,0
ASV,ASV_008177,ASVP_2339,ASV_008177,NA,0
ASV,ASV_008219,ASVP_2340,ASV_008219,NA,0
ASV,ASV_008242,ASVP_2341,ASV_008242,NA,0
ASV,ASV_008248,ASVP_2342,ASV_008248,NA,0
ASV,ASV_008273,ASVP_2343,ASV_008273,NA,0
ASV,ASV_008288,ASVP_2344,ASV_008288,NA,0
ASV,ASV_008296,ASVP_2345,ASV_008296,NA,0
ASV,ASV_008306,ASVP_2346,ASV_008306,NA,0
ASV,ASV_008309,ASVP_2347,ASV_008309,NA,0
ASV,ASV_008330,ASVP_2348,ASV_008330,NA,0
ASV,ASV_008343,ASVP_2349,ASV_008343,NA,0
ASV,ASV_008368,ASVP_2350,ASV_008368,NA,0
ASV,ASV_008391,ASVP_2351,ASV_008391,NA,0
ASV,ASV_008421,ASVP_2352,ASV_008421,NA,0
ASV,ASV_008444,ASVP_2353,ASV_008444,NA,0
ASV,ASV_008445,ASVP_2354,ASV_008445,NA,0
ASV,ASV_008457,ASVP_2355,ASV_008457,NA,0
ASV,ASV_008465,ASVP_2356,ASV_008465,NA,0
ASV,ASV_008492,ASVP_2357,ASV_008492,NA,0
ASV,ASV_008513,ASVP_2358,ASV_008513,NA,0
ASV,ASV_008570,ASVP_2359,ASV_008570,NA,0
ASV,ASV_008577,ASVP_2360,ASV_008577,NA,0
ASV,ASV_008621,ASVP_2361,ASV_008621,NA,0
ASV,ASV_008642,ASVP_2362,ASV_008642,71,1
ASV,ASV_008709,ASVP_2363,ASV_008709,72,1
ASV,ASV_008723,ASVP_2364,ASV_008723,NA,0
ASV,ASV_008735,ASVP_2365,ASV_008735,NA,0
ASV,ASV_008799,ASVP_2366,ASV_008799,NA,0
ASV,ASV_008864,ASVP_2367,ASV_008864,NA,0
ASV,ASV_008878,ASVP_2368,ASV_008878,NA,0
ASV,ASV_008995,ASVP_2369,ASV_008995,73,1
ASV,ASV_009008,ASVP_2370,ASV_009008,NA,0
ASV,ASV_009104,ASVP_2371,ASV_009104,NA,0
ASV,ASV_009127,ASVP_2372,ASV_009127,NA,0
ASV,ASV_009281,ASVP_2373,ASV_009281,NA,0
ASV,ASV_009328,ASVP_2374,ASV_009328,NA,0
ASV,ASV_009393,ASVP_2375,ASV_009393,74,3
ASV,ASV_009402,ASVP_2376,ASV_009402,NA,0
ASV,ASV_009508,ASVP_2377,ASV_009508,NA,0
ASV,ASV_009663,ASVP_2378,ASV_009663,NA,0
ASV,ASV_009958,ASVP_2379,ASV_009958,NA,0
ASV,ASV_010082,ASVP_2380,ASV_010082,NA,0
ASV,ASV_010083,ASVP_2381,ASV_010083,NA,0
ASV,ASV_010393,ASVP_2382,ASV_010393,NA,0
ASV,ASV_010425,ASVP_2383,ASV_010425,NA,0
ASV,ASV_010492,ASVP_2384,ASV_010492,NA,0
ASV,ASV_011381,ASVP_2385,ASV_011381,5,2
ASV,ASV_011481,ASVP_2386,ASV_011481,NA,0
ASV,ASV_011847,ASVP_2387,ASV_011847,NA,0
ASV,ASV_012114,ASVP_2388,ASV_012114,NA,0
ASV,ASV_012178,ASVP_2389,ASV_012178,NA,0
ASV,ASV_012221,ASVP_2390,ASV_012221,NA,0
ASV,ASV_012740,ASVP_2391,ASV_012740,NA,0
ASV,ASV_013200,ASVP_2392,ASV_013200,NA,0
Molecular,FTICR_11200,MOLP_0001,FTICR_11200,5,2
Molecular,FTICR_11232,MOLP_0002,FTICR_11232,NA,0
Molecular,FTICR_11244,MOLP_0003,FTICR_11244,NA,0
Molecular,FTICR_11274,MOLP_0004,FTICR_11274,NA,0
Molecular,FTICR_11306,MOLP_0005,FTICR_11306,NA,0
Molecular,FTICR_11364,MOLP_0006,FTICR_11364,NA,0
Molecular,FTICR_11367,MOLP_0007,FTICR_11367,NA,0
Molecular,FTICR_11370,MOLP_0008,FTICR_11370,NA,0
Molecular,FTICR_11440,MOLP_0009,FTICR_11440,NA,0
Molecular,FTICR_11510,MOLP_0010,FTICR_11510,NA,0
Molecular,FTICR_11605,MOLP_0011,FTICR_11605,NA,0
Molecular,FTICR_11644,MOLP_0012,FTICR_11644,NA,0
Molecular,FTICR_11648,MOLP_0013,FTICR_11648,NA,0
Molecular,FTICR_11677,MOLP_0014,FTICR_11677,NA,0
Molecular,FTICR_11682,MOLP_0015,FTICR_11682,NA,0
Molecular,FTICR_11686,MOLP_0016,FTICR_11686,NA,0
Molecular,FTICR_11736,MOLP_0017,FTICR_11736,3,17
Molecular,FTICR_11759,MOLP_0018,FTICR_11759,NA,0
Molecular,FTICR_11762,MOLP_0019,FTICR_11762,NA,0
Molecular,FTICR_11804,MOLP_0020,FTICR_11804,1,2
Molecular,FTICR_11805,MOLP_0021,FTICR_11805,NA,0
Molecular,FTICR_11860,MOLP_0022,FTICR_11860,NA,0
Molecular,FTICR_11912,MOLP_0023,FTICR_11912,NA,0
Molecular,FTICR_11922,MOLP_0024,FTICR_11922,NA,0
Molecular,FTICR_12045,MOLP_0025,FTICR_12045,6,2
Molecular,FTICR_12125,MOLP_0026,FTICR_12125,NA,0
Molecular,FTICR_12148,MOLP_0027,FTICR_12148,NA,0
Molecular,FTICR_12202,MOLP_0028,FTICR_12202,2,4
Molecular,FTICR_12219,MOLP_0029,FTICR_12219,NA,0
Molecular,FTICR_12226,MOLP_0030,FTICR_12226,NA,0
Molecular,FTICR_12247,MOLP_0031,FTICR_12247,NA,0
Molecular,FTICR_12248,MOLP_0032,FTICR_12248,NA,0
Molecular,FTICR_12306,MOLP_0033,FTICR_12306,NA,0
Molecular,FTICR_12309,MOLP_0034,FTICR_12309,NA,0
Molecular,FTICR_12365,MOLP_0035,FTICR_12365,NA,0
Molecular,FTICR_12367,MOLP_0036,FTICR_12367,59,1
Molecular,FTICR_12369,MOLP_0037,FTICR_12369,2,3
Molecular,FTICR_12426,MOLP_0038,FTICR_12426,NA,0
Molecular,FTICR_12430,MOLP_0039,FTICR_12430,NA,0
Molecular,FTICR_12484,MOLP_0040,FTICR_12484,NA,0
Molecular,FTICR_12486,MOLP_0041,FTICR_12486,NA,0
Molecular,FTICR_12549,MOLP_0042,FTICR_12549,NA,0
Molecular,FTICR_12563,MOLP_0043,FTICR_12563,NA,0
Molecular,FTICR_12585,MOLP_0044,FTICR_12585,53,1
Molecular,FTICR_12625,MOLP_0045,FTICR_12625,NA,0
Molecular,FTICR_12656,MOLP_0046,FTICR_12656,NA,0
Molecular,FTICR_12658,MOLP_0047,FTICR_12658,NA,0
Molecular,FTICR_12663,MOLP_0048,FTICR_12663,14,1
Molecular,FTICR_12681,MOLP_0049,FTICR_12681,2,10
Molecular,FTICR_12688,MOLP_0050,FTICR_12688,NA,0
Molecular,FTICR_12705,MOLP_0051,FTICR_12705,NA,0
Molecular,FTICR_12751,MOLP_0052,FTICR_12751,NA,0
Molecular,FTICR_12754,MOLP_0053,FTICR_12754,NA,0
Molecular,FTICR_12768,MOLP_0054,FTICR_12768,15,6
Molecular,FTICR_12816,MOLP_0055,FTICR_12816,NA,0
Molecular,FTICR_12822,MOLP_0056,FTICR_12822,NA,0
Molecular,FTICR_12828,MOLP_0057,FTICR_12828,NA,0
Molecular,FTICR_12855,MOLP_0058,FTICR_12855,NA,0
Molecular,FTICR_12882,MOLP_0059,FTICR_12882,7,1
Molecular,FTICR_12888,MOLP_0060,FTICR_12888,11,13
Molecular,FTICR_12893,MOLP_0061,FTICR_12893,NA,0
Molecular,FTICR_12900,MOLP_0062,FTICR_12900,NA,0
Molecular,FTICR_12936,MOLP_0063,FTICR_12936,NA,0
Molecular,FTICR_12957,MOLP_0064,FTICR_12957,NA,0
Molecular,FTICR_13016,MOLP_0065,FTICR_13016,NA,0
Molecular,FTICR_13053,MOLP_0066,FTICR_13053,NA,0
Molecular,FTICR_13089,MOLP_0067,FTICR_13089,5,1
Molecular,FTICR_13093,MOLP_0068,FTICR_13093,7,1
Molecular,FTICR_13094,MOLP_0069,FTICR_13094,NA,0
Molecular,FTICR_13100,MOLP_0070,FTICR_13100,NA,0
Molecular,FTICR_13122,MOLP_0071,FTICR_13122,NA,0
Molecular,FTICR_13125,MOLP_0072,FTICR_13125,23,3
Molecular,FTICR_13129,MOLP_0073,FTICR_13129,NA,0
Molecular,FTICR_13154,MOLP_0074,FTICR_13154,NA,0
Molecular,FTICR_13202,MOLP_0075,FTICR_13202,NA,0
Molecular,FTICR_13236,MOLP_0076,FTICR_13236,6,2
Molecular,FTICR_13239,MOLP_0077,FTICR_13239,8,1
Molecular,FTICR_13240,MOLP_0078,FTICR_13240,NA,0
Molecular,FTICR_13242,MOLP_0079,FTICR_13242,NA,0
Molecular,FTICR_13295,MOLP_0080,FTICR_13295,NA,0
Molecular,FTICR_13302,MOLP_0081,FTICR_13302,NA,0
Molecular,FTICR_13314,MOLP_0082,FTICR_13314,2,1
Molecular,FTICR_13324,MOLP_0083,FTICR_13324,2,3
Molecular,FTICR_13347,MOLP_0084,FTICR_13347,NA,0
Molecular,FTICR_13396,MOLP_0085,FTICR_13396,57,1
Molecular,FTICR_13434,MOLP_0086,FTICR_13434,7,1
Molecular,FTICR_13437,MOLP_0087,FTICR_13437,NA,0
Molecular,FTICR_13530,MOLP_0088,FTICR_13530,NA,0
Molecular,FTICR_13533,MOLP_0089,FTICR_13533,NA,0
Molecular,FTICR_13578,MOLP_0090,FTICR_13578,NA,0
Molecular,FTICR_13585,MOLP_0091,FTICR_13585,NA,0
Molecular,FTICR_13605,MOLP_0092,FTICR_13605,NA,0
Molecular,FTICR_13617,MOLP_0093,FTICR_13617,NA,0
Molecular,FTICR_13618,MOLP_0094,FTICR_13618,36,2
Molecular,FTICR_13628,MOLP_0095,FTICR_13628,NA,0
Molecular,FTICR_13663,MOLP_0096,FTICR_13663,NA,0
Molecular,FTICR_13666,MOLP_0097,FTICR_13666,3,11
Molecular,FTICR_13698,MOLP_0098,FTICR_13698,NA,0
Molecular,FTICR_13705,MOLP_0099,FTICR_13705,NA,0
Molecular,FTICR_13731,MOLP_0100,FTICR_13731,NA,0
Molecular,FTICR_13760,MOLP_0101,FTICR_13760,NA,0
Molecular,FTICR_13765,MOLP_0102,FTICR_13765,2,1
Molecular,FTICR_13768,MOLP_0103,FTICR_13768,NA,0
Molecular,FTICR_13789,MOLP_0104,FTICR_13789,NA,0
Molecular,FTICR_13867,MOLP_0105,FTICR_13867,2,1
Molecular,FTICR_13870,MOLP_0106,FTICR_13870,NA,0
Molecular,FTICR_13872,MOLP_0107,FTICR_13872,2,17
Molecular,FTICR_13873,MOLP_0108,FTICR_13873,NA,0
Molecular,FTICR_13902,MOLP_0109,FTICR_13902,NA,0
Molecular,FTICR_13959,MOLP_0110,FTICR_13959,NA,0
Molecular,FTICR_14049,MOLP_0111,FTICR_14049,NA,0
Molecular,FTICR_14056,MOLP_0112,FTICR_14056,13,1
Molecular,FTICR_14077,MOLP_0113,FTICR_14077,NA,0
Molecular,FTICR_14124,MOLP_0114,FTICR_14124,NA,0
Molecular,FTICR_14132,MOLP_0115,FTICR_14132,6,2
Molecular,FTICR_14138,MOLP_0116,FTICR_14138,NA,0
Molecular,FTICR_14235,MOLP_0117,FTICR_14235,8,1
Molecular,FTICR_14239,MOLP_0118,FTICR_14239,6,1
Molecular,FTICR_14242,MOLP_0119,FTICR_14242,NA,0
Molecular,FTICR_14243,MOLP_0120,FTICR_14243,NA,0
Molecular,FTICR_14245,MOLP_0121,FTICR_14245,56,1
Molecular,FTICR_14265,MOLP_0122,FTICR_14265,NA,0
Molecular,FTICR_14279,MOLP_0123,FTICR_14279,62,1
Molecular,FTICR_14319,MOLP_0124,FTICR_14319,3,3
Molecular,FTICR_14338,MOLP_0125,FTICR_14338,NA,0
Molecular,FTICR_14340,MOLP_0126,FTICR_14340,NA,0
Molecular,FTICR_14352,MOLP_0127,FTICR_14352,NA,0
Molecular,FTICR_14354,MOLP_0128,FTICR_14354,17,1
Molecular,FTICR_14358,MOLP_0129,FTICR_14358,NA,0
Molecular,FTICR_14431,MOLP_0130,FTICR_14431,NA,0
Molecular,FTICR_14437,MOLP_0131,FTICR_14437,NA,0
Molecular,FTICR_14438,MOLP_0132,FTICR_14438,20,1
Molecular,FTICR_14442,MOLP_0133,FTICR_14442,NA,0
Molecular,FTICR_14449,MOLP_0134,FTICR_14449,45,1
Molecular,FTICR_14454,MOLP_0135,FTICR_14454,12,3
Molecular,FTICR_14457,MOLP_0136,FTICR_14457,NA,0
Molecular,FTICR_14461,MOLP_0137,FTICR_14461,NA,0
Molecular,FTICR_14508,MOLP_0138,FTICR_14508,NA,0
Molecular,FTICR_14525,MOLP_0139,FTICR_14525,NA,0
Molecular,FTICR_14536,MOLP_0140,FTICR_14536,NA,0
Molecular,FTICR_14549,MOLP_0141,FTICR_14549,NA,0
Molecular,FTICR_14559,MOLP_0142,FTICR_14559,NA,0
Molecular,FTICR_14575,MOLP_0143,FTICR_14575,3,1
Molecular,FTICR_14627,MOLP_0144,FTICR_14627,14,1
Molecular,FTICR_14641,MOLP_0145,FTICR_14641,NA,0
Molecular,FTICR_14659,MOLP_0146,FTICR_14659,NA,0
Molecular,FTICR_14681,MOLP_0147,FTICR_14681,58,1
Molecular,FTICR_14683,MOLP_0148,FTICR_14683,NA,0
Molecular,FTICR_14718,MOLP_0149,FTICR_14718,2,1
Molecular,FTICR_14779,MOLP_0150,FTICR_14779,NA,0
Molecular,FTICR_14784,MOLP_0151,FTICR_14784,NA,0
Molecular,FTICR_14786,MOLP_0152,FTICR_14786,NA,0
Molecular,FTICR_14793,MOLP_0153,FTICR_14793,NA,0
Molecular,FTICR_14852,MOLP_0154,FTICR_14852,3,1
Molecular,FTICR_14857,MOLP_0155,FTICR_14857,3,3
Molecular,FTICR_14876,MOLP_0156,FTICR_14876,NA,0
Molecular,FTICR_14877,MOLP_0157,FTICR_14877,6,2
Molecular,FTICR_14883,MOLP_0158,FTICR_14883,NA,0
Molecular,FTICR_14914,MOLP_0159,FTICR_14914,NA,0
Molecular,FTICR_14957,MOLP_0160,FTICR_14957,NA,0
Molecular,FTICR_14964,MOLP_0161,FTICR_14964,NA,0
Molecular,FTICR_14966,MOLP_0162,FTICR_14966,NA,0
Molecular,FTICR_15025,MOLP_0163,FTICR_15025,NA,0
Molecular,FTICR_15026,MOLP_0164,FTICR_15026,NA,0
Molecular,FTICR_15068,MOLP_0165,FTICR_15068,NA,0
Molecular,FTICR_15075,MOLP_0166,FTICR_15075,NA,0
Molecular,FTICR_15097,MOLP_0167,FTICR_15097,NA,0
Molecular,FTICR_15123,MOLP_0168,FTICR_15123,NA,0
Molecular,FTICR_15133,MOLP_0169,FTICR_15133,NA,0
Molecular,FTICR_15134,MOLP_0170,FTICR_15134,4,3
Molecular,FTICR_15140,MOLP_0171,FTICR_15140,NA,0
Molecular,FTICR_15170,MOLP_0172,FTICR_15170,NA,0
Molecular,FTICR_15213,MOLP_0173,FTICR_15213,NA,0
Molecular,FTICR_15216,MOLP_0174,FTICR_15216,NA,0
Molecular,FTICR_15219,MOLP_0175,FTICR_15219,NA,0
Molecular,FTICR_15302,MOLP_0176,FTICR_15302,NA,0
Molecular,FTICR_15348,MOLP_0177,FTICR_15348,26,3
Molecular,FTICR_15373,MOLP_0178,FTICR_15373,NA,0
Molecular,FTICR_15390,MOLP_0179,FTICR_15390,NA,0
Molecular,FTICR_15421,MOLP_0180,FTICR_15421,1,3
Molecular,FTICR_15461,MOLP_0181,FTICR_15461,6,1
Molecular,FTICR_15477,MOLP_0182,FTICR_15477,5,1
Molecular,FTICR_15490,MOLP_0183,FTICR_15490,NA,0
Molecular,FTICR_15501,MOLP_0184,FTICR_15501,NA,0
Molecular,FTICR_15571,MOLP_0185,FTICR_15571,NA,0
Molecular,FTICR_15575,MOLP_0186,FTICR_15575,NA,0
Molecular,FTICR_15589,MOLP_0187,FTICR_15589,70,1
Molecular,FTICR_15648,MOLP_0188,FTICR_15648,NA,0
Molecular,FTICR_15657,MOLP_0189,FTICR_15657,65,1
Molecular,FTICR_15660,MOLP_0190,FTICR_15660,1,5
Molecular,FTICR_15684,MOLP_0191,FTICR_15684,NA,0
Molecular,FTICR_15685,MOLP_0192,FTICR_15685,NA,0
Molecular,FTICR_15687,MOLP_0193,FTICR_15687,8,1
Molecular,FTICR_15690,MOLP_0194,FTICR_15690,NA,0
Molecular,FTICR_15700,MOLP_0195,FTICR_15700,NA,0
Molecular,FTICR_15712,MOLP_0196,FTICR_15712,NA,0
Molecular,FTICR_15723,MOLP_0197,FTICR_15723,NA,0
Molecular,FTICR_15730,MOLP_0198,FTICR_15730,NA,0
Molecular,FTICR_15761,MOLP_0199,FTICR_15761,NA,0
Molecular,FTICR_15769,MOLP_0200,FTICR_15769,NA,0
Molecular,FTICR_15773,MOLP_0201,FTICR_15773,NA,0
Molecular,FTICR_15797,MOLP_0202,FTICR_15797,NA,0
Molecular,FTICR_15809,MOLP_0203,FTICR_15809,NA,0
Molecular,FTICR_15827,MOLP_0204,FTICR_15827,13,2
Molecular,FTICR_15860,MOLP_0205,FTICR_15860,NA,0
Molecular,FTICR_15861,MOLP_0206,FTICR_15861,NA,0
Molecular,FTICR_15866,MOLP_0207,FTICR_15866,15,2
Molecular,FTICR_15869,MOLP_0208,FTICR_15869,3,10
Molecular,FTICR_15878,MOLP_0209,FTICR_15878,NA,0
Molecular,FTICR_15899,MOLP_0210,FTICR_15899,5,1
Molecular,FTICR_15919,MOLP_0211,FTICR_15919,NA,0
Molecular,FTICR_15923,MOLP_0212,FTICR_15923,NA,0
Molecular,FTICR_15931,MOLP_0213,FTICR_15931,NA,0
Molecular,FTICR_15940,MOLP_0204,FTICR_15827,13,2
Molecular,FTICR_15942,MOLP_0214,FTICR_15942,14,3
Molecular,FTICR_15945,MOLP_0215,FTICR_15945,NA,0
Molecular,FTICR_15969,MOLP_0216,FTICR_15969,NA,0
Molecular,FTICR_15979,MOLP_0217,FTICR_15979,2,6
Molecular,FTICR_16031,MOLP_0218,FTICR_16031,NA,0
Molecular,FTICR_16033,MOLP_0219,FTICR_16033,NA,0
Molecular,FTICR_16067,MOLP_0220,FTICR_16067,3,4
Molecular,FTICR_16096,MOLP_0221,FTICR_16096,NA,0
Molecular,FTICR_16098,MOLP_0222,FTICR_16098,44,1
Molecular,FTICR_16142,MOLP_0223,FTICR_16142,NA,0
Molecular,FTICR_16193,MOLP_0224,FTICR_16193,NA,0
Molecular,FTICR_16198,MOLP_0225,FTICR_16198,6,4
Molecular,FTICR_16223,MOLP_0226,FTICR_16223,NA,0
Molecular,FTICR_16239,MOLP_0227,FTICR_16239,NA,0
Molecular,FTICR_16276,MOLP_0228,FTICR_16276,NA,0
Molecular,FTICR_16289,MOLP_0229,FTICR_16289,6,2
Molecular,FTICR_16292,MOLP_0086,FTICR_13434,7,1
Molecular,FTICR_16296,MOLP_0230,FTICR_16296,5,1
Molecular,FTICR_16303,MOLP_0231,FTICR_16303,NA,0
Molecular,FTICR_16313,MOLP_0232,FTICR_16313,NA,0
Molecular,FTICR_16331,MOLP_0233,FTICR_16331,NA,0
Molecular,FTICR_16344,MOLP_0234,FTICR_16344,2,2
Molecular,FTICR_16383,MOLP_0235,FTICR_16383,3,5
Molecular,FTICR_16404,MOLP_0236,FTICR_16404,6,1
Molecular,FTICR_16409,MOLP_0237,FTICR_16409,NA,0
Molecular,FTICR_16420,MOLP_0238,FTICR_16420,NA,0
Molecular,FTICR_16438,MOLP_0239,FTICR_16438,NA,0
Molecular,FTICR_16441,MOLP_0240,FTICR_16441,NA,0
Molecular,FTICR_16477,MOLP_0241,FTICR_16477,5,1
Molecular,FTICR_16485,MOLP_0242,FTICR_16485,NA,0
Molecular,FTICR_16512,MOLP_0243,FTICR_16512,69,1
Molecular,FTICR_16525,MOLP_0244,FTICR_16525,NA,0
Molecular,FTICR_16581,MOLP_0245,FTICR_16581,NA,0
Molecular,FTICR_16582,MOLP_0246,FTICR_16582,NA,0
Molecular,FTICR_16589,MOLP_0247,FTICR_16589,NA,0
Molecular,FTICR_16591,MOLP_0248,FTICR_16591,NA,0
Molecular,FTICR_16617,MOLP_0249,FTICR_16617,NA,0
Molecular,FTICR_16629,MOLP_0250,FTICR_16629,8,1
Molecular,FTICR_16639,MOLP_0251,FTICR_16639,NA,0
Molecular,FTICR_16643,MOLP_0252,FTICR_16643,NA,0
Molecular,FTICR_16649,MOLP_0253,FTICR_16649,NA,0
Molecular,FTICR_16656,MOLP_0254,FTICR_16656,15,1
Molecular,FTICR_16664,MOLP_0255,FTICR_16664,NA,0
Molecular,FTICR_16677,MOLP_0256,FTICR_16677,NA,0
Molecular,FTICR_16702,MOLP_0257,FTICR_16702,73,1
Molecular,FTICR_16708,MOLP_0258,FTICR_16708,NA,0
Molecular,FTICR_16825,MOLP_0259,FTICR_16825,NA,0
Molecular,FTICR_16827,MOLP_0260,FTICR_16827,NA,0
Molecular,FTICR_16837,MOLP_0261,FTICR_16837,NA,0
Molecular,FTICR_16842,MOLP_0262,FTICR_16842,21,2
Molecular,FTICR_16878,MOLP_0263,FTICR_16878,NA,0
Molecular,FTICR_16926,MOLP_0264,FTICR_16926,6,1
Molecular,FTICR_16981,MOLP_0265,FTICR_16981,2,2
Molecular,FTICR_17004,MOLP_0266,FTICR_17004,NA,0
Molecular,FTICR_17106,MOLP_0267,FTICR_17106,NA,0
Molecular,FTICR_17113,MOLP_0268,FTICR_17113,NA,0
Molecular,FTICR_17138,MOLP_0269,FTICR_17138,6,1
Molecular,FTICR_17235,MOLP_0270,FTICR_17235,NA,0
Molecular,FTICR_17259,MOLP_0271,FTICR_17259,NA,0
Molecular,FTICR_17261,MOLP_0272,FTICR_17261,5,1
Molecular,FTICR_17263,MOLP_0273,FTICR_17263,7,1
Molecular,FTICR_17272,MOLP_0274,FTICR_17272,NA,0
Molecular,FTICR_17282,MOLP_0275,FTICR_17282,NA,0
Molecular,FTICR_17291,MOLP_0276,FTICR_17291,NA,0
Molecular,FTICR_17336,MOLP_0277,FTICR_17336,NA,0
Molecular,FTICR_17339,MOLP_0278,FTICR_17339,NA,0
Molecular,FTICR_17350,MOLP_0279,FTICR_17350,NA,0
Molecular,FTICR_17352,MOLP_0280,FTICR_17352,63,1
Molecular,FTICR_17374,MOLP_0281,FTICR_17374,NA,0
Molecular,FTICR_17376,MOLP_0282,FTICR_17376,NA,0
Molecular,FTICR_17379,MOLP_0283,FTICR_17379,NA,0
Molecular,FTICR_17385,MOLP_0284,FTICR_17385,NA,0
Molecular,FTICR_17392,MOLP_0285,FTICR_17392,5,1
Molecular,FTICR_17474,MOLP_0286,FTICR_17474,NA,0
Molecular,FTICR_17483,MOLP_0287,FTICR_17483,74,1
Molecular,FTICR_17493,MOLP_0288,FTICR_17493,NA,0
Molecular,FTICR_17507,MOLP_0289,FTICR_17507,NA,0
Molecular,FTICR_17511,MOLP_0290,FTICR_17511,NA,0
Molecular,FTICR_17523,MOLP_0291,FTICR_17523,NA,0
Molecular,FTICR_17554,MOLP_0292,FTICR_17554,NA,0
Molecular,FTICR_17556,MOLP_0293,FTICR_17556,13,1
Molecular,FTICR_17590,MOLP_0294,FTICR_17590,7,2
Molecular,FTICR_17623,MOLP_0295,FTICR_17623,NA,0
Molecular,FTICR_17665,MOLP_0296,FTICR_17665,5,1
Molecular,FTICR_17666,MOLP_0297,FTICR_17666,NA,0
Molecular,FTICR_17676,MOLP_0298,FTICR_17676,1,2
Molecular,FTICR_17677,MOLP_0299,FTICR_17677,NA,0
Molecular,FTICR_17739,MOLP_0300,FTICR_17739,1,1
Molecular,FTICR_17750,MOLP_0301,FTICR_17750,NA,0
Molecular,FTICR_17776,MOLP_0302,FTICR_17776,NA,0
Molecular,FTICR_17781,MOLP_0303,FTICR_17781,NA,0
Molecular,FTICR_17787,MOLP_0304,FTICR_17787,NA,0
Molecular,FTICR_17804,MOLP_0305,FTICR_17804,NA,0
Molecular,FTICR_17809,MOLP_0306,FTICR_17809,NA,0
Molecular,FTICR_17812,MOLP_0307,FTICR_17812,NA,0
Molecular,FTICR_17838,MOLP_0308,FTICR_17838,NA,0
Molecular,FTICR_17891,MOLP_0309,FTICR_17891,NA,0
Molecular,FTICR_17905,MOLP_0310,FTICR_17905,NA,0
Molecular,FTICR_17930,MOLP_0311,FTICR_17930,NA,0
Molecular,FTICR_17933,MOLP_0312,FTICR_17933,NA,0
Molecular,FTICR_17936,MOLP_0313,FTICR_17936,NA,0
Molecular,FTICR_17970,MOLP_0314,FTICR_17970,37,1
Molecular,FTICR_17977,MOLP_0315,FTICR_17977,NA,0
Molecular,FTICR_18016,MOLP_0316,FTICR_18016,NA,0
Molecular,FTICR_18029,MOLP_0317,FTICR_18029,NA,0
Molecular,FTICR_18044,MOLP_0318,FTICR_18044,9,1
Molecular,FTICR_18051,MOLP_0319,FTICR_18051,50,1
Molecular,FTICR_18064,MOLP_0320,FTICR_18064,58,1
Molecular,FTICR_18072,MOLP_0321,FTICR_18072,NA,0
Molecular,FTICR_18143,MOLP_0322,FTICR_18143,3,40
Molecular,FTICR_18145,MOLP_0323,FTICR_18145,NA,0
Molecular,FTICR_18181,MOLP_0324,FTICR_18181,NA,0
Molecular,FTICR_18208,MOLP_0325,FTICR_18208,NA,0
Molecular,FTICR_18225,MOLP_0326,FTICR_18225,NA,0
Molecular,FTICR_18255,MOLP_0327,FTICR_18255,5,1
Molecular,FTICR_18261,MOLP_0328,FTICR_18261,NA,0
Molecular,FTICR_18277,MOLP_0329,FTICR_18277,NA,0
Molecular,FTICR_18289,MOLP_0330,FTICR_18289,NA,0
Molecular,FTICR_18301,MOLP_0331,FTICR_18301,NA,0
Molecular,FTICR_18309,MOLP_0332,FTICR_18309,NA,0
Molecular,FTICR_18313,MOLP_0333,FTICR_18313,NA,0
Molecular,FTICR_18330,MOLP_0334,FTICR_18330,NA,0
Molecular,FTICR_18368,MOLP_0335,FTICR_18368,1,2
Molecular,FTICR_18400,MOLP_0336,FTICR_18400,NA,0
Molecular,FTICR_18442,MOLP_0337,FTICR_18442,14,1
Molecular,FTICR_18470,MOLP_0338,FTICR_18470,NA,0
Molecular,FTICR_18503,MOLP_0339,FTICR_18503,NA,0
Molecular,FTICR_18541,MOLP_0340,FTICR_18541,NA,0
Molecular,FTICR_18543,MOLP_0341,FTICR_18543,14,1
Molecular,FTICR_18567,MOLP_0342,FTICR_18567,NA,0
Molecular,FTICR_18590,MOLP_0343,FTICR_18590,NA,0
Molecular,FTICR_18612,MOLP_0086,FTICR_13434,7,1
Molecular,FTICR_18657,MOLP_0344,FTICR_18657,NA,0
Molecular,FTICR_18690,MOLP_0345,FTICR_18690,NA,0
Molecular,FTICR_18726,MOLP_0346,FTICR_18726,NA,0
Molecular,FTICR_18782,MOLP_0347,FTICR_18782,NA,0
Molecular,FTICR_18842,MOLP_0348,FTICR_18842,8,1
Molecular,FTICR_18844,MOLP_0349,FTICR_18844,NA,0
Molecular,FTICR_18850,MOLP_0350,FTICR_18850,NA,0
Molecular,FTICR_18871,MOLP_0351,FTICR_18871,NA,0
Molecular,FTICR_18940,MOLP_0352,FTICR_18940,4,10
Molecular,FTICR_18946,MOLP_0353,FTICR_18946,NA,0
Molecular,FTICR_18956,MOLP_0354,FTICR_18956,NA,0
Molecular,FTICR_18968,MOLP_0355,FTICR_18968,25,1
Molecular,FTICR_19010,MOLP_0356,FTICR_19010,NA,0
Molecular,FTICR_19013,MOLP_0357,FTICR_19013,NA,0
Molecular,FTICR_19035,MOLP_0358,FTICR_19035,5,1
Molecular,FTICR_19060,MOLP_0359,FTICR_19060,NA,0
Molecular,FTICR_19070,MOLP_0360,FTICR_19070,NA,0
Molecular,FTICR_19091,MOLP_0361,FTICR_19091,3,1
Molecular,FTICR_19106,MOLP_0362,FTICR_19106,NA,0
Molecular,FTICR_19108,MOLP_0363,FTICR_19108,NA,0
Molecular,FTICR_19115,MOLP_0364,FTICR_19115,2,3
Molecular,FTICR_19146,MOLP_0365,FTICR_19146,7,1
Molecular,FTICR_19150,MOLP_0366,FTICR_19150,NA,0
Molecular,FTICR_19168,MOLP_0367,FTICR_19168,NA,0
Molecular,FTICR_19179,MOLP_0368,FTICR_19179,NA,0
Molecular,FTICR_19186,MOLP_0369,FTICR_19186,NA,0
Molecular,FTICR_19191,MOLP_0370,FTICR_19191,NA,0
Molecular,FTICR_19197,MOLP_0371,FTICR_19197,15,2
Molecular,FTICR_19203,MOLP_0372,FTICR_19203,NA,0
Molecular,FTICR_19205,MOLP_0373,FTICR_19205,NA,0
Molecular,FTICR_19207,MOLP_0374,FTICR_19207,NA,0
Molecular,FTICR_19240,MOLP_0375,FTICR_19240,NA,0
Molecular,FTICR_19241,MOLP_0376,FTICR_19241,NA,0
Molecular,FTICR_19243,MOLP_0377,FTICR_19243,22,1
Molecular,FTICR_19253,MOLP_0378,FTICR_19253,12,1
Molecular,FTICR_19266,MOLP_0379,FTICR_19266,NA,0
Molecular,FTICR_19288,MOLP_0380,FTICR_19288,NA,0
Molecular,FTICR_19329,MOLP_0381,FTICR_19329,NA,0
Molecular,FTICR_19331,MOLP_0382,FTICR_19331,NA,0
Molecular,FTICR_19354,MOLP_0383,FTICR_19354,NA,0
Molecular,FTICR_19381,MOLP_0384,FTICR_19381,2,1
Molecular,FTICR_19391,MOLP_0385,FTICR_19391,NA,0
Molecular,FTICR_19394,MOLP_0386,FTICR_19394,67,1
Molecular,FTICR_19416,MOLP_0387,FTICR_19416,7,1
Molecular,FTICR_19465,MOLP_0388,FTICR_19465,NA,0
Molecular,FTICR_19471,MOLP_0389,FTICR_19471,NA,0
Molecular,FTICR_19504,MOLP_0390,FTICR_19504,NA,0
Molecular,FTICR_19588,MOLP_0391,FTICR_19588,NA,0
Molecular,FTICR_19590,MOLP_0392,FTICR_19590,13,8
Molecular,FTICR_19628,MOLP_0393,FTICR_19628,NA,0
Molecular,FTICR_19654,MOLP_0394,FTICR_19654,5,1
Molecular,FTICR_19656,MOLP_0395,FTICR_19656,NA,0
Molecular,FTICR_19680,MOLP_0396,FTICR_19680,11,1
Molecular,FTICR_19694,MOLP_0397,FTICR_19694,NA,0
Molecular,FTICR_19696,MOLP_0398,FTICR_19696,NA,0
Molecular,FTICR_19703,MOLP_0399,FTICR_19703,34,1
Molecular,FTICR_19707,MOLP_0400,FTICR_19707,NA,0
Molecular,FTICR_19737,MOLP_0401,FTICR_19737,NA,0
Molecular,FTICR_19769,MOLP_0402,FTICR_19769,5,1
Molecular,FTICR_19775,MOLP_0403,FTICR_19775,NA,0
Molecular,FTICR_19783,MOLP_0404,FTICR_19783,NA,0
Molecular,FTICR_19833,MOLP_0405,FTICR_19833,42,1
Molecular,FTICR_19903,MOLP_0406,FTICR_19903,NA,0
Molecular,FTICR_19918,MOLP_0407,FTICR_19918,NA,0
Molecular,FTICR_19937,MOLP_0408,FTICR_19937,NA,0
Molecular,FTICR_19948,MOLP_0409,FTICR_19948,NA,0
Molecular,FTICR_19954,MOLP_0410,FTICR_19954,NA,0
Molecular,FTICR_19973,MOLP_0411,FTICR_19973,NA,0
Molecular,FTICR_19981,MOLP_0412,FTICR_19981,3,6
Molecular,FTICR_19987,MOLP_0413,FTICR_19987,NA,0
Molecular,FTICR_20012,MOLP_0414,FTICR_20012,64,1
Molecular,FTICR_20021,MOLP_0415,FTICR_20021,NA,0
Molecular,FTICR_20032,MOLP_0416,FTICR_20032,NA,0
Molecular,FTICR_20045,MOLP_0417,FTICR_20045,NA,0
Molecular,FTICR_20053,MOLP_0418,FTICR_20053,NA,0
Molecular,FTICR_20066,MOLP_0419,FTICR_20066,NA,0
Molecular,FTICR_20074,MOLP_0420,FTICR_20074,NA,0
Molecular,FTICR_20118,MOLP_0421,FTICR_20118,NA,0
Molecular,FTICR_20119,MOLP_0422,FTICR_20119,3,1
Molecular,FTICR_20121,MOLP_0423,FTICR_20121,13,1
Molecular,FTICR_20158,MOLP_0424,FTICR_20158,NA,0
Molecular,FTICR_20168,MOLP_0425,FTICR_20168,NA,0
Molecular,FTICR_20199,MOLP_0426,FTICR_20199,13,2
Molecular,FTICR_20215,MOLP_0427,FTICR_20215,49,1
Molecular,FTICR_20226,MOLP_0428,FTICR_20226,10,1
Molecular,FTICR_20250,MOLP_0429,FTICR_20250,NA,0
Molecular,FTICR_20251,MOLP_0430,FTICR_20251,NA,0
Molecular,FTICR_20261,MOLP_0431,FTICR_20261,12,1
Molecular,FTICR_20269,MOLP_0432,FTICR_20269,13,1
Molecular,FTICR_20297,MOLP_0433,FTICR_20297,1,2
Molecular,FTICR_20386,MOLP_0434,FTICR_20386,67,1
Molecular,FTICR_20399,MOLP_0435,FTICR_20399,NA,0
Molecular,FTICR_20405,MOLP_0436,FTICR_20405,NA,0
Molecular,FTICR_20425,MOLP_0437,FTICR_20425,8,1
Molecular,FTICR_20475,MOLP_0438,FTICR_20475,NA,0
Molecular,FTICR_20481,MOLP_0439,FTICR_20481,NA,0
Molecular,FTICR_20616,MOLP_0440,FTICR_20616,NA,0
Molecular,FTICR_20622,MOLP_0441,FTICR_20622,NA,0
Molecular,FTICR_20624,MOLP_0442,FTICR_20624,NA,0
Molecular,FTICR_20630,MOLP_0443,FTICR_20630,13,2
Molecular,FTICR_20698,MOLP_0444,FTICR_20698,NA,0
Molecular,FTICR_20701,MOLP_0445,FTICR_20701,NA,0
Molecular,FTICR_20710,MOLP_0446,FTICR_20710,7,1
Molecular,FTICR_20737,MOLP_0447,FTICR_20737,NA,0
Molecular,FTICR_20755,MOLP_0448,FTICR_20755,15,1
Molecular,FTICR_20761,MOLP_0449,FTICR_20761,NA,0
Molecular,FTICR_20787,MOLP_0450,FTICR_20787,NA,0
Molecular,FTICR_20794,MOLP_0451,FTICR_20794,NA,0
Molecular,FTICR_20833,MOLP_0452,FTICR_20833,3,2
Molecular,FTICR_20840,MOLP_0453,FTICR_20840,NA,0
Molecular,FTICR_20843,MOLP_0454,FTICR_20843,74,1
Molecular,FTICR_20882,MOLP_0455,FTICR_20882,NA,0
Molecular,FTICR_20900,MOLP_0456,FTICR_20900,NA,0
Molecular,FTICR_20921,MOLP_0457,FTICR_20921,NA,0
Molecular,FTICR_20930,MOLP_0458,FTICR_20930,NA,0
Molecular,FTICR_20941,MOLP_0459,FTICR_20941,12,1
Molecular,FTICR_20955,MOLP_0460,FTICR_20955,47,1
Molecular,FTICR_20959,MOLP_0461,FTICR_20959,3,15
Molecular,FTICR_20963,MOLP_0462,FTICR_20963,3,31
Molecular,FTICR_20969,MOLP_0463,FTICR_20969,8,1
Molecular,FTICR_20985,MOLP_0464,FTICR_20985,NA,0
Molecular,FTICR_20986,MOLP_0465,FTICR_20986,NA,0
Molecular,FTICR_21004,MOLP_0466,FTICR_21004,NA,0
Molecular,FTICR_21019,MOLP_0467,FTICR_21019,NA,0
Molecular,FTICR_21028,MOLP_0468,FTICR_21028,NA,0
Molecular,FTICR_21037,MOLP_0469,FTICR_21037,NA,0
Molecular,FTICR_21062,MOLP_0470,FTICR_21062,NA,0
Molecular,FTICR_21102,MOLP_0471,FTICR_21102,NA,0
Molecular,FTICR_21109,MOLP_0472,FTICR_21109,3,21
Molecular,FTICR_21146,MOLP_0473,FTICR_21146,NA,0
Molecular,FTICR_21162,MOLP_0474,FTICR_21162,12,3
Molecular,FTICR_21213,MOLP_0475,FTICR_21213,NA,0
Molecular,FTICR_21214,MOLP_0476,FTICR_21214,NA,0
Molecular,FTICR_21223,MOLP_0477,FTICR_21223,NA,0
Molecular,FTICR_21250,MOLP_0478,FTICR_21250,NA,0
Molecular,FTICR_21291,MOLP_0479,FTICR_21291,NA,0
Molecular,FTICR_21339,MOLP_0480,FTICR_21339,NA,0
Molecular,FTICR_21373,MOLP_0481,FTICR_21373,NA,0
Molecular,FTICR_21406,MOLP_0482,FTICR_21406,29,2
Molecular,FTICR_21428,MOLP_0483,FTICR_21428,NA,0
Molecular,FTICR_21430,MOLP_0484,FTICR_21430,NA,0
Molecular,FTICR_21568,MOLP_0485,FTICR_21568,NA,0
Molecular,FTICR_21575,MOLP_0486,FTICR_21575,NA,0
Molecular,FTICR_21582,MOLP_0487,FTICR_21582,NA,0
Molecular,FTICR_21656,MOLP_0488,FTICR_21656,NA,0
Molecular,FTICR_21658,MOLP_0489,FTICR_21658,8,3
Molecular,FTICR_21709,MOLP_0490,FTICR_21709,NA,0
Molecular,FTICR_21718,MOLP_0491,FTICR_21718,NA,0
Molecular,FTICR_21801,MOLP_0492,FTICR_21801,NA,0
Molecular,FTICR_21849,MOLP_0493,FTICR_21849,NA,0
Molecular,FTICR_21850,MOLP_0494,FTICR_21850,48,1
Molecular,FTICR_21853,MOLP_0495,FTICR_21853,NA,0
Molecular,FTICR_21872,MOLP_0496,FTICR_21872,NA,0
Molecular,FTICR_21903,MOLP_0497,FTICR_21903,NA,0
Molecular,FTICR_21934,MOLP_0357,FTICR_19013,NA,0
Molecular,FTICR_21958,MOLP_0498,FTICR_21958,NA,0
Molecular,FTICR_21966,MOLP_0499,FTICR_21966,NA,0
Molecular,FTICR_21975,MOLP_0500,FTICR_21975,NA,0
Molecular,FTICR_21985,MOLP_0501,FTICR_21985,NA,0
Molecular,FTICR_21996,MOLP_0502,FTICR_21996,NA,0
Molecular,FTICR_22010,MOLP_0503,FTICR_22010,NA,0
Molecular,FTICR_22022,MOLP_0504,FTICR_22022,NA,0
Molecular,FTICR_22025,MOLP_0505,FTICR_22025,NA,0
Molecular,FTICR_22057,MOLP_0506,FTICR_22057,NA,0
Molecular,FTICR_22062,MOLP_0507,FTICR_22062,55,2
Molecular,FTICR_22070,MOLP_0508,FTICR_22070,NA,0
Molecular,FTICR_22082,MOLP_0509,FTICR_22082,NA,0
Molecular,FTICR_22096,MOLP_0510,FTICR_22096,NA,0
Molecular,FTICR_22126,MOLP_0511,FTICR_22126,NA,0
Molecular,FTICR_22149,MOLP_0512,FTICR_22149,NA,0
Molecular,FTICR_22185,MOLP_0513,FTICR_22185,NA,0
Molecular,FTICR_22213,MOLP_0514,FTICR_22213,15,1
Molecular,FTICR_22219,MOLP_0515,FTICR_22219,NA,0
Molecular,FTICR_22299,MOLP_0516,FTICR_22299,5,2
Molecular,FTICR_22353,MOLP_0517,FTICR_22353,4,1
Molecular,FTICR_22404,MOLP_0518,FTICR_22404,NA,0
Molecular,FTICR_22438,MOLP_0088,FTICR_13530,NA,0
Molecular,FTICR_22505,MOLP_0519,FTICR_22505,NA,0
Molecular,FTICR_22594,MOLP_0520,FTICR_22594,5,1
Molecular,FTICR_22642,MOLP_0521,FTICR_22642,NA,0
Molecular,FTICR_22644,MOLP_0522,FTICR_22644,NA,0
Molecular,FTICR_22650,MOLP_0523,FTICR_22650,NA,0
Molecular,FTICR_22696,MOLP_0524,FTICR_22696,12,2
Molecular,FTICR_22735,MOLP_0305,FTICR_17804,NA,0
Molecular,FTICR_22736,MOLP_0525,FTICR_22736,NA,0
Molecular,FTICR_22749,MOLP_0526,FTICR_22749,NA,0
Molecular,FTICR_22764,MOLP_0527,FTICR_22764,NA,0
Molecular,FTICR_22776,MOLP_0528,FTICR_22776,NA,0
Molecular,FTICR_22786,MOLP_0529,FTICR_22786,15,1
Molecular,FTICR_22816,MOLP_0530,FTICR_22816,NA,0
Molecular,FTICR_22825,MOLP_0531,FTICR_22825,NA,0
Molecular,FTICR_22829,MOLP_0532,FTICR_22829,NA,0
Molecular,FTICR_22847,MOLP_0533,FTICR_22847,NA,0
Molecular,FTICR_22850,MOLP_0534,FTICR_22850,NA,0
Molecular,FTICR_22852,MOLP_0535,FTICR_22852,NA,0
Molecular,FTICR_22854,MOLP_0324,FTICR_18181,NA,0
Molecular,FTICR_22878,MOLP_0536,FTICR_22878,NA,0
Molecular,FTICR_22884,MOLP_0537,FTICR_22884,1,6
Molecular,FTICR_22885,MOLP_0538,FTICR_22885,NA,0
Molecular,FTICR_22892,MOLP_0539,FTICR_22892,NA,0
Molecular,FTICR_22899,MOLP_0540,FTICR_22899,NA,0
Molecular,FTICR_22975,MOLP_0541,FTICR_22975,40,1
Molecular,FTICR_22980,MOLP_0542,FTICR_22980,NA,0
Molecular,FTICR_22987,MOLP_0543,FTICR_22987,NA,0
Molecular,FTICR_22998,MOLP_0544,FTICR_22998,NA,0
Molecular,FTICR_23077,MOLP_0545,FTICR_23077,NA,0
Molecular,FTICR_23093,MOLP_0546,FTICR_23093,52,1
Molecular,FTICR_23095,MOLP_0547,FTICR_23095,NA,0
Molecular,FTICR_23118,MOLP_0548,FTICR_23118,NA,0
Molecular,FTICR_23123,MOLP_0549,FTICR_23123,NA,0
Molecular,FTICR_23197,MOLP_0542,FTICR_22980,NA,0
Molecular,FTICR_23233,MOLP_0550,FTICR_23233,NA,0
Molecular,FTICR_23238,MOLP_0551,FTICR_23238,67,1
Molecular,FTICR_23240,MOLP_0552,FTICR_23240,NA,0
Molecular,FTICR_23257,MOLP_0553,FTICR_23257,NA,0
Molecular,FTICR_23314,MOLP_0554,FTICR_23314,NA,0
Molecular,FTICR_23362,MOLP_0555,FTICR_23362,NA,0
Molecular,FTICR_23369,MOLP_0556,FTICR_23369,NA,0
Molecular,FTICR_23382,MOLP_0557,FTICR_23382,12,1
Molecular,FTICR_23456,MOLP_0558,FTICR_23456,7,2
Molecular,FTICR_23466,MOLP_0559,FTICR_23466,NA,0
Molecular,FTICR_23475,MOLP_0560,FTICR_23475,NA,0
Molecular,FTICR_23494,MOLP_0561,FTICR_23494,63,2
Molecular,FTICR_23497,MOLP_0562,FTICR_23497,NA,0
Molecular,FTICR_23501,MOLP_0563,FTICR_23501,NA,0
Molecular,FTICR_23508,MOLP_0564,FTICR_23508,19,1
Molecular,FTICR_23512,MOLP_0565,FTICR_23512,NA,0
Molecular,FTICR_23521,MOLP_0566,FTICR_23521,NA,0
Molecular,FTICR_23524,MOLP_0567,FTICR_23524,NA,0
Molecular,FTICR_23548,MOLP_0568,FTICR_23548,NA,0
Molecular,FTICR_23600,MOLP_0569,FTICR_23600,NA,0
Molecular,FTICR_23647,MOLP_0570,FTICR_23647,NA,0
Molecular,FTICR_23659,MOLP_0571,FTICR_23659,NA,0
Molecular,FTICR_23669,MOLP_0572,FTICR_23669,NA,0
Molecular,FTICR_23685,MOLP_0573,FTICR_23685,NA,0
Molecular,FTICR_23739,MOLP_0574,FTICR_23739,NA,0
Molecular,FTICR_23744,MOLP_0575,FTICR_23744,NA,0
Molecular,FTICR_23762,MOLP_0576,FTICR_23762,NA,0
Molecular,FTICR_23777,MOLP_0577,FTICR_23777,NA,0
Molecular,FTICR_23799,MOLP_0578,FTICR_23799,14,2
Molecular,FTICR_23823,MOLP_0579,FTICR_23823,71,1
Molecular,FTICR_23879,MOLP_0086,FTICR_13434,7,1
Molecular,FTICR_23881,MOLP_0580,FTICR_23881,NA,0
Molecular,FTICR_23883,MOLP_0581,FTICR_23883,8,1
Molecular,FTICR_23890,MOLP_0582,FTICR_23890,NA,0
Molecular,FTICR_23897,MOLP_0583,FTICR_23897,NA,0
Molecular,FTICR_23979,MOLP_0584,FTICR_23979,NA,0
Molecular,FTICR_23988,MOLP_0585,FTICR_23988,NA,0
Molecular,FTICR_24019,MOLP_0586,FTICR_24019,NA,0
Molecular,FTICR_24101,MOLP_0587,FTICR_24101,16,1
Molecular,FTICR_24138,MOLP_0588,FTICR_24138,NA,0
Molecular,FTICR_24149,MOLP_0589,FTICR_24149,NA,0
Molecular,FTICR_24151,MOLP_0590,FTICR_24151,60,1
Molecular,FTICR_24218,MOLP_0591,FTICR_24218,7,1
Molecular,FTICR_24250,MOLP_0592,FTICR_24250,NA,0
Molecular,FTICR_24257,MOLP_0593,FTICR_24257,NA,0
Molecular,FTICR_24282,MOLP_0594,FTICR_24282,NA,0
Molecular,FTICR_24285,MOLP_0595,FTICR_24285,18,2
Molecular,FTICR_24332,MOLP_0596,FTICR_24332,NA,0
Molecular,FTICR_24338,MOLP_0597,FTICR_24338,NA,0
Molecular,FTICR_24349,MOLP_0598,FTICR_24349,61,1
Molecular,FTICR_24358,MOLP_0599,FTICR_24358,NA,0
Molecular,FTICR_24383,MOLP_0600,FTICR_24383,NA,0
Molecular,FTICR_24392,MOLP_0601,FTICR_24392,14,3
Molecular,FTICR_24401,MOLP_0602,FTICR_24401,NA,0
Molecular,FTICR_24405,MOLP_0603,FTICR_24405,NA,0
Molecular,FTICR_24412,MOLP_0604,FTICR_24412,43,2
Molecular,FTICR_24467,MOLP_0605,FTICR_24467,NA,0
Molecular,FTICR_24473,MOLP_0606,FTICR_24473,NA,0
Molecular,FTICR_24478,MOLP_0607,FTICR_24478,NA,0
Molecular,FTICR_24495,MOLP_0608,FTICR_24495,NA,0
Molecular,FTICR_24506,MOLP_0609,FTICR_24506,NA,0
Molecular,FTICR_24587,MOLP_0610,FTICR_24587,NA,0
Molecular,FTICR_24589,MOLP_0611,FTICR_24589,NA,0
Molecular,FTICR_24595,MOLP_0612,FTICR_24595,NA,0
Molecular,FTICR_24598,MOLP_0613,FTICR_24598,NA,0
Molecular,FTICR_24608,MOLP_0614,FTICR_24608,NA,0
Molecular,FTICR_24614,MOLP_0615,FTICR_24614,7,1
Molecular,FTICR_24623,MOLP_0616,FTICR_24623,NA,0
Molecular,FTICR_24629,MOLP_0617,FTICR_24629,NA,0
Molecular,FTICR_24709,MOLP_0618,FTICR_24709,NA,0
Molecular,FTICR_24714,MOLP_0547,FTICR_23095,NA,0
Molecular,FTICR_24732,MOLP_0619,FTICR_24732,NA,0
Molecular,FTICR_24743,MOLP_0620,FTICR_24743,66,1
Molecular,FTICR_24811,MOLP_0621,FTICR_24811,NA,0
Molecular,FTICR_24817,MOLP_0622,FTICR_24817,NA,0
Molecular,FTICR_24823,MOLP_0623,FTICR_24823,NA,0
Molecular,FTICR_24825,MOLP_0263,FTICR_16878,NA,0
Molecular,FTICR_24854,MOLP_0624,FTICR_24854,NA,0
Molecular,FTICR_24860,MOLP_0625,FTICR_24860,NA,0
Molecular,FTICR_24926,MOLP_0626,FTICR_24926,NA,0
Molecular,FTICR_24934,MOLP_0618,FTICR_24709,NA,0
Molecular,FTICR_24984,MOLP_0627,FTICR_24984,NA,0
Molecular,FTICR_25063,MOLP_0628,FTICR_25063,28,1
Molecular,FTICR_25075,MOLP_0629,FTICR_25075,54,3
Molecular,FTICR_25085,MOLP_0630,FTICR_25085,NA,0
Molecular,FTICR_25108,MOLP_0631,FTICR_25108,NA,0
Molecular,FTICR_25197,MOLP_0632,FTICR_25197,NA,0
Molecular,FTICR_25231,MOLP_0633,FTICR_25231,NA,0
Molecular,FTICR_25243,MOLP_0634,FTICR_25243,NA,0
Molecular,FTICR_25329,MOLP_0558,FTICR_23456,7,2
Molecular,FTICR_25333,MOLP_0635,FTICR_25333,NA,0
Molecular,FTICR_25339,MOLP_0636,FTICR_25339,NA,0
Molecular,FTICR_25346,MOLP_0637,FTICR_25346,NA,0
Molecular,FTICR_25366,MOLP_0638,FTICR_25366,NA,0
Molecular,FTICR_25459,MOLP_0639,FTICR_25459,6,2
Molecular,FTICR_25464,MOLP_0640,FTICR_25464,NA,0
Molecular,FTICR_25468,MOLP_0641,FTICR_25468,NA,0
Molecular,FTICR_25473,MOLP_0642,FTICR_25473,NA,0
Molecular,FTICR_25474,MOLP_0643,FTICR_25474,NA,0
Molecular,FTICR_25478,MOLP_0644,FTICR_25478,NA,0
Molecular,FTICR_25481,MOLP_0645,FTICR_25481,NA,0
Molecular,FTICR_25486,MOLP_0646,FTICR_25486,NA,0
Molecular,FTICR_25496,MOLP_0647,FTICR_25496,NA,0
Molecular,FTICR_25592,MOLP_0648,FTICR_25592,NA,0
Molecular,FTICR_25600,MOLP_0437,FTICR_20425,8,1
Molecular,FTICR_25606,MOLP_0649,FTICR_25606,NA,0
Molecular,FTICR_25613,MOLP_0463,FTICR_20969,8,1
Molecular,FTICR_25619,MOLP_0650,FTICR_25619,NA,0
Molecular,FTICR_25629,MOLP_0651,FTICR_25629,12,1
Molecular,FTICR_25697,MOLP_0652,FTICR_25697,NA,0
Molecular,FTICR_25721,MOLP_0653,FTICR_25721,NA,0
Molecular,FTICR_25723,MOLP_0654,FTICR_25723,15,1
Molecular,FTICR_25729,MOLP_0655,FTICR_25729,NA,0
Molecular,FTICR_25731,MOLP_0656,FTICR_25731,NA,0
Molecular,FTICR_25797,MOLP_0657,FTICR_25797,NA,0
Molecular,FTICR_25826,MOLP_0658,FTICR_25826,NA,0
Molecular,FTICR_25828,MOLP_0659,FTICR_25828,15,1
Molecular,FTICR_25888,MOLP_0660,FTICR_25888,4,2
Molecular,FTICR_25900,MOLP_0661,FTICR_25900,NA,0
Molecular,FTICR_25914,MOLP_0662,FTICR_25914,63,1
Molecular,FTICR_25917,MOLP_0663,FTICR_25917,7,1
Molecular,FTICR_25918,MOLP_0664,FTICR_25918,NA,0
Molecular,FTICR_25944,MOLP_0665,FTICR_25944,NA,0
Molecular,FTICR_25965,MOLP_0666,FTICR_25965,NA,0
Molecular,FTICR_25994,MOLP_0667,FTICR_25994,NA,0
Molecular,FTICR_26018,MOLP_0668,FTICR_26018,NA,0
Molecular,FTICR_26037,MOLP_0669,FTICR_26037,2,2
Molecular,FTICR_26040,MOLP_0670,FTICR_26040,11,1
Molecular,FTICR_26063,MOLP_0671,FTICR_26063,NA,0
Molecular,FTICR_26122,MOLP_0672,FTICR_26122,NA,0
Molecular,FTICR_26124,MOLP_0673,FTICR_26124,5,1
Molecular,FTICR_26134,MOLP_0674,FTICR_26134,NA,0
Molecular,FTICR_26152,MOLP_0675,FTICR_26152,32,1
Molecular,FTICR_26222,MOLP_0676,FTICR_26222,NA,0
Molecular,FTICR_26256,MOLP_0667,FTICR_25994,NA,0
Molecular,FTICR_26259,MOLP_0424,FTICR_20158,NA,0
Molecular,FTICR_26261,MOLP_0677,FTICR_26261,NA,0
Molecular,FTICR_26270,MOLP_0678,FTICR_26270,NA,0
Molecular,FTICR_26273,MOLP_0679,FTICR_26273,8,1
Molecular,FTICR_26278,MOLP_0193,FTICR_15687,8,1
Molecular,FTICR_26282,MOLP_0680,FTICR_26282,NA,0
Molecular,FTICR_26290,MOLP_0681,FTICR_26290,NA,0
Molecular,FTICR_26363,MOLP_0682,FTICR_26363,NA,0
Molecular,FTICR_26398,MOLP_0683,FTICR_26398,NA,0
Molecular,FTICR_26402,MOLP_0684,FTICR_26402,33,1
Molecular,FTICR_26408,MOLP_0685,FTICR_26408,8,1
Molecular,FTICR_26411,MOLP_0686,FTICR_26411,NA,0
Molecular,FTICR_26485,MOLP_0294,FTICR_17590,7,2
Molecular,FTICR_26491,MOLP_0687,FTICR_26491,31,1
Molecular,FTICR_26514,MOLP_0688,FTICR_26514,NA,0
Molecular,FTICR_26534,MOLP_0689,FTICR_26534,NA,0
Molecular,FTICR_26558,MOLP_0690,FTICR_26558,3,1
Molecular,FTICR_26585,MOLP_0611,FTICR_24589,NA,0
Molecular,FTICR_26609,MOLP_0473,FTICR_21146,NA,0
Molecular,FTICR_26619,MOLP_0691,FTICR_26619,NA,0
Molecular,FTICR_26621,MOLP_0692,FTICR_26621,NA,0
Molecular,FTICR_26627,MOLP_0693,FTICR_26627,51,1
Molecular,FTICR_26689,MOLP_0694,FTICR_26689,5,1
Molecular,FTICR_26722,MOLP_0695,FTICR_26722,20,3
Molecular,FTICR_26724,MOLP_0696,FTICR_26724,67,1
Molecular,FTICR_26807,MOLP_0569,FTICR_23600,NA,0
Molecular,FTICR_26814,MOLP_0697,FTICR_26814,NA,0
Molecular,FTICR_26816,MOLP_0698,FTICR_26816,8,2
Molecular,FTICR_26873,MOLP_0699,FTICR_26873,30,1
Molecular,FTICR_26933,MOLP_0700,FTICR_26933,NA,0
Molecular,FTICR_26936,MOLP_0701,FTICR_26936,1,3
Molecular,FTICR_26944,MOLP_0702,FTICR_26944,NA,0
Molecular,FTICR_26958,MOLP_0703,FTICR_26958,NA,0
Molecular,FTICR_27049,MOLP_0704,FTICR_27049,8,1
Molecular,FTICR_27052,MOLP_0705,FTICR_27052,NA,0
Molecular,FTICR_27058,MOLP_0706,FTICR_27058,NA,0
Molecular,FTICR_27067,MOLP_0357,FTICR_19013,NA,0
Molecular,FTICR_27070,MOLP_0707,FTICR_27070,NA,0
Molecular,FTICR_27076,MOLP_0708,FTICR_27076,8,1
Molecular,FTICR_27196,MOLP_0709,FTICR_27196,NA,0
Molecular,FTICR_27203,MOLP_0710,FTICR_27203,NA,0
Molecular,FTICR_27205,MOLP_0178,FTICR_15373,NA,0
Molecular,FTICR_27212,MOLP_0667,FTICR_25994,NA,0
Molecular,FTICR_27223,MOLP_0711,FTICR_27223,5,1
Molecular,FTICR_27228,MOLP_0193,FTICR_15687,8,1
Molecular,FTICR_27336,MOLP_0712,FTICR_27336,NA,0
Molecular,FTICR_27367,MOLP_0713,FTICR_27367,6,1
Molecular,FTICR_27377,MOLP_0714,FTICR_27377,NA,0
Molecular,FTICR_27455,MOLP_0715,FTICR_27455,7,2
Molecular,FTICR_27484,MOLP_0716,FTICR_27484,NA,0
Molecular,FTICR_27560,MOLP_0437,FTICR_20425,8,1
Molecular,FTICR_27583,MOLP_0717,FTICR_27583,NA,0
Molecular,FTICR_27589,MOLP_0718,FTICR_27589,NA,0
Molecular,FTICR_27593,MOLP_0719,FTICR_27593,NA,0
Molecular,FTICR_27619,MOLP_0720,FTICR_27619,NA,0
Molecular,FTICR_27672,MOLP_0721,FTICR_27672,8,1
Molecular,FTICR_27684,MOLP_0722,FTICR_27684,NA,0
Molecular,FTICR_27697,MOLP_0723,FTICR_27697,NA,0
Molecular,FTICR_27767,MOLP_0724,FTICR_27767,NA,0
Molecular,FTICR_27769,MOLP_0725,FTICR_27769,6,2
Molecular,FTICR_27773,MOLP_0611,FTICR_24589,NA,0
Molecular,FTICR_27780,MOLP_0086,FTICR_13434,7,1
Molecular,FTICR_27786,MOLP_0726,FTICR_27786,NA,0
Molecular,FTICR_27844,MOLP_0727,FTICR_27844,5,1
Molecular,FTICR_27870,MOLP_0534,FTICR_22850,NA,0
Molecular,FTICR_27872,MOLP_0558,FTICR_23456,7,2
Molecular,FTICR_27875,MOLP_0728,FTICR_27875,NA,0
Molecular,FTICR_27879,MOLP_0640,FTICR_25464,NA,0
Molecular,FTICR_27881,MOLP_0729,FTICR_27881,NA,0
Molecular,FTICR_27886,MOLP_0730,FTICR_27886,NA,0
Molecular,FTICR_27977,MOLP_0731,FTICR_27977,NA,0
Molecular,FTICR_27981,MOLP_0732,FTICR_27981,3,1
Molecular,FTICR_27984,MOLP_0733,FTICR_27984,5,1
Molecular,FTICR_27987,MOLP_0734,FTICR_27987,58,1
Molecular,FTICR_28065,MOLP_0735,FTICR_28065,7,1
Molecular,FTICR_28071,MOLP_0736,FTICR_28071,7,1
Molecular,FTICR_28077,MOLP_0312,FTICR_17933,NA,0
Molecular,FTICR_28082,MOLP_0737,FTICR_28082,NA,0
Molecular,FTICR_28086,MOLP_0738,FTICR_28086,NA,0
Molecular,FTICR_28097,MOLP_0739,FTICR_28097,41,1
Molecular,FTICR_28140,MOLP_0591,FTICR_24218,7,1
Molecular,FTICR_28149,MOLP_0437,FTICR_20425,8,1
Molecular,FTICR_28157,MOLP_0740,FTICR_28157,NA,0
Molecular,FTICR_28161,MOLP_0741,FTICR_28161,NA,0
Molecular,FTICR_28169,MOLP_0742,FTICR_28169,NA,0
Molecular,FTICR_28226,MOLP_0743,FTICR_28226,NA,0
Molecular,FTICR_28239,MOLP_0437,FTICR_20425,8,1
Molecular,FTICR_28244,MOLP_0744,FTICR_28244,NA,0
Molecular,FTICR_28249,MOLP_0745,FTICR_28249,38,1
Molecular,FTICR_28255,MOLP_0746,FTICR_28255,NA,0
Molecular,FTICR_28323,MOLP_0747,FTICR_28323,NA,0
Molecular,FTICR_28331,MOLP_0748,FTICR_28331,8,1
Molecular,FTICR_28335,MOLP_0749,FTICR_28335,NA,0
Molecular,FTICR_28340,MOLP_0750,FTICR_28340,61,1
Molecular,FTICR_28344,MOLP_0751,FTICR_28344,NA,0
Molecular,FTICR_28355,MOLP_0752,FTICR_28355,NA,0
Molecular,FTICR_28425,MOLP_0753,FTICR_28425,NA,0
Molecular,FTICR_28431,MOLP_0754,FTICR_28431,NA,0
Molecular,FTICR_28438,MOLP_0755,FTICR_28438,7,1
Molecular,FTICR_28443,MOLP_0756,FTICR_28443,8,2
Molecular,FTICR_28526,MOLP_0757,FTICR_28526,NA,0
Molecular,FTICR_28528,MOLP_0758,FTICR_28528,NA,0
Molecular,FTICR_28529,MOLP_0759,FTICR_28529,NA,0
Molecular,FTICR_28530,MOLP_0535,FTICR_22852,NA,0
Molecular,FTICR_28533,MOLP_0760,FTICR_28533,68,1
Molecular,FTICR_28559,MOLP_0761,FTICR_28559,5,1
Molecular,FTICR_28592,MOLP_0762,FTICR_28592,NA,0
Molecular,FTICR_28594,MOLP_0763,FTICR_28594,72,1
Molecular,FTICR_28620,MOLP_0757,FTICR_28526,NA,0
Molecular,FTICR_28625,MOLP_0764,FTICR_28625,NA,0
Molecular,FTICR_28627,MOLP_0765,FTICR_28627,7,1
Molecular,FTICR_28629,MOLP_0766,FTICR_28629,NA,0
Molecular,FTICR_28636,MOLP_0767,FTICR_28636,NA,0
Molecular,FTICR_28686,MOLP_0768,FTICR_28686,NA,0
Molecular,FTICR_28711,MOLP_0769,FTICR_28711,NA,0
Molecular,FTICR_28715,MOLP_0770,FTICR_28715,8,1
Molecular,FTICR_28719,MOLP_0771,FTICR_28719,NA,0
Molecular,FTICR_28724,MOLP_0772,FTICR_28724,NA,0
Molecular,FTICR_28781,MOLP_0700,FTICR_26933,NA,0
Molecular,FTICR_28784,MOLP_0773,FTICR_28784,7,3
Molecular,FTICR_28791,MOLP_0774,FTICR_28791,NA,0
Molecular,FTICR_28793,MOLP_0775,FTICR_28793,NA,0
Molecular,FTICR_28860,MOLP_0776,FTICR_28860,8,1
Molecular,FTICR_28864,MOLP_0640,FTICR_25464,NA,0
Molecular,FTICR_28868,MOLP_0777,FTICR_28868,NA,0
Molecular,FTICR_28871,MOLP_0778,FTICR_28871,NA,0
Molecular,FTICR_28875,MOLP_0779,FTICR_28875,NA,0
Molecular,FTICR_28947,MOLP_0709,FTICR_27196,NA,0
Molecular,FTICR_28952,MOLP_0611,FTICR_24589,NA,0
Molecular,FTICR_28956,MOLP_0780,FTICR_28956,NA,0
Molecular,FTICR_28962,MOLP_0781,FTICR_28962,NA,0
Molecular,FTICR_29041,MOLP_0782,FTICR_29041,NA,0
Molecular,FTICR_29047,MOLP_0783,FTICR_29047,NA,0
Molecular,FTICR_29049,MOLP_0784,FTICR_29049,NA,0
Molecular,FTICR_29052,MOLP_0785,FTICR_29052,58,1
Molecular,FTICR_29135,MOLP_0786,FTICR_29135,64,1
Molecular,FTICR_29136,MOLP_0787,FTICR_29136,NA,0
Molecular,FTICR_29138,MOLP_0788,FTICR_29138,NA,0
Molecular,FTICR_29142,MOLP_0789,FTICR_29142,NA,0
Molecular,FTICR_29145,MOLP_0535,FTICR_22852,NA,0
Molecular,FTICR_29146,MOLP_0790,FTICR_29146,NA,0
Molecular,FTICR_29208,MOLP_0791,FTICR_29208,5,1
Molecular,FTICR_29232,MOLP_0735,FTICR_28065,7,1
Molecular,FTICR_29239,MOLP_0574,FTICR_23739,NA,0
Molecular,FTICR_29246,MOLP_0792,FTICR_29246,2,2
Molecular,FTICR_29251,MOLP_0793,FTICR_29251,NA,0
Molecular,FTICR_29334,MOLP_0794,FTICR_29334,7,2
Molecular,FTICR_29340,MOLP_0795,FTICR_29340,NA,0
Molecular,FTICR_29345,MOLP_0796,FTICR_29345,NA,0
Molecular,FTICR_29350,MOLP_0797,FTICR_29350,46,1
Molecular,FTICR_29401,MOLP_0798,FTICR_29401,NA,0
Molecular,FTICR_29406,MOLP_0799,FTICR_29406,NA,0
Molecular,FTICR_29412,MOLP_0800,FTICR_29412,NA,0
Molecular,FTICR_29416,MOLP_0801,FTICR_29416,NA,0
Molecular,FTICR_29419,MOLP_0802,FTICR_29419,NA,0
Molecular,FTICR_29469,MOLP_0748,FTICR_28331,8,1
Molecular,FTICR_29473,MOLP_0803,FTICR_29473,NA,0
Molecular,FTICR_29479,MOLP_0804,FTICR_29479,NA,0
Molecular,FTICR_29482,MOLP_0805,FTICR_29482,27,1
Molecular,FTICR_29542,MOLP_0635,FTICR_25333,NA,0
Molecular,FTICR_29547,MOLP_0709,FTICR_27196,NA,0
Molecular,FTICR_29554,MOLP_0806,FTICR_29554,NA,0
Molecular,FTICR_29557,MOLP_0807,FTICR_29557,35,1
Molecular,FTICR_29617,MOLP_0808,FTICR_29617,NA,0
Molecular,FTICR_29621,MOLP_0809,FTICR_29621,NA,0
Molecular,FTICR_29628,MOLP_0810,FTICR_29628,8,2
Molecular,FTICR_30037,MOLP_0811,FTICR_30037,5,4
Molecular,FTICR_30137,MOLP_0812,FTICR_30137,7,1
Molecular,FTICR_30141,MOLP_0813,FTICR_30141,NA,0
Molecular,FTICR_30186,MOLP_0814,FTICR_30186,NA,0
Molecular,FTICR_30191,MOLP_0815,FTICR_30191,NA,0
Molecular,FTICR_30195,MOLP_0816,FTICR_30195,NA,0
Molecular,FTICR_30257,MOLP_0808,FTICR_29617,NA,0
Molecular,FTICR_30262,MOLP_0817,FTICR_30262,NA,0
Molecular,FTICR_30265,MOLP_0818,FTICR_30265,NA,0
Molecular,FTICR_30305,MOLP_0819,FTICR_30305,NA,0
Molecular,FTICR_30331,MOLP_0820,FTICR_30331,NA,0
Molecular,FTICR_30335,MOLP_0821,FTICR_30335,7,1
Molecular,FTICR_30341,MOLP_0822,FTICR_30341,8,1
Molecular,FTICR_30344,MOLP_0823,FTICR_30344,20,1
Molecular,FTICR_30408,MOLP_0824,FTICR_30408,NA,0
Molecular,FTICR_30417,MOLP_0825,FTICR_30417,NA,0
Molecular,FTICR_30421,MOLP_0826,FTICR_30421,46,1
Molecular,FTICR_30426,MOLP_0827,FTICR_30426,NA,0
Molecular,FTICR_30496,MOLP_0786,FTICR_29135,64,1
Molecular,FTICR_30500,MOLP_0828,FTICR_30500,3,1
Molecular,FTICR_30580,MOLP_0829,FTICR_30580,46,1
Molecular,FTICR_30652,MOLP_0830,FTICR_30652,24,1
Molecular,FTICR_30655,MOLP_0831,FTICR_30655,5,1
Molecular,FTICR_30716,MOLP_0832,FTICR_30716,NA,0
Molecular,FTICR_30719,MOLP_0833,FTICR_30719,NA,0
Molecular,FTICR_30722,MOLP_0834,FTICR_30722,NA,0
Molecular,FTICR_30766,MOLP_0835,FTICR_30766,NA,0
Molecular,FTICR_30770,MOLP_0709,FTICR_27196,NA,0
Molecular,FTICR_30773,MOLP_0721,FTICR_27672,8,1
Molecular,FTICR_30775,MOLP_0836,FTICR_30775,8,1
Molecular,FTICR_30827,MOLP_0837,FTICR_30827,NA,0
Molecular,FTICR_30832,MOLP_0838,FTICR_30832,5,1
Molecular,FTICR_30838,MOLP_0839,FTICR_30838,NA,0
Molecular,FTICR_30844,MOLP_0840,FTICR_30844,NA,0
Molecular,FTICR_30871,MOLP_0841,FTICR_30871,39,2
Molecular,FTICR_30922,MOLP_0842,FTICR_30922,NA,0
Molecular,FTICR_30925,MOLP_0843,FTICR_30925,74,1
Molecular,FTICR_30933,MOLP_0844,FTICR_30933,NA,0
Molecular,FTICR_31014,MOLP_0845,FTICR_31014,NA,0
Molecular,FTICR_31020,MOLP_0846,FTICR_31020,NA,0
Molecular,FTICR_31105,MOLP_0847,FTICR_31105,NA,0
Molecular,FTICR_31194,MOLP_0848,FTICR_31194,12,2
Molecular,FTICR_31252,MOLP_0849,FTICR_31252,5,1
Molecular,FTICR_31414,MOLP_0850,FTICR_31414,NA,0
