node_type,feature_id,pattern_id,representative_id,module,degree,source_workbook_row,measured_mz,carbon_count,hydrogen_count,oxygen_count,nitrogen_count,c13_indicator,sulfur_count,phosphorus_count,sodium_count,elemental_composition_source,molecular_class_source,neutral_mass,mass_error_ppm,candidate_count,detected_sites_44,prevalence_44,hydrogen_carbon_ratio,oxygen_carbon_ratio
Molecular,FTICR_11200,MOLP_0001,FTICR_11200,5,2,11201,200.092862,9,15,4,1,0,0,0,0,CHON,Protein,201.1001385,-0.151624858,1,14,0.3181818181818182,1.6666666666666667,0.4444444444444444
Molecular,FTICR_11232,MOLP_0002,FTICR_11232,NA,0,11233,201.0404755,8,10,6,0,0,0,0,0,CHO,Tannin,202.047752,-0.068960332,1,16,0.3636363636363637,1.25,0.75
Molecular,FTICR_11244,MOLP_0003,FTICR_11244,NA,0,11245,201.1496311,11,22,3,0,0,0,0,0,CHO,Lipid,202.1569075,-0.064145969,1,29,0.6590909090909091,2,0.2727272727272727
Molecular,FTICR_11274,MOLP_0004,FTICR_11274,NA,0,11275,202.0721157,8,13,5,1,0,0,0,0,CHON,AminoSugar,203.0793922,-0.096832323,1,20,0.4545454545454546,1.625,0.625
Molecular,FTICR_11306,MOLP_0005,FTICR_11306,NA,0,11307,203.128894,10,20,4,0,0,0,0,0,CHO,Protein,204.1361705,-0.055772872,1,28,0.6363636363636364,2,0.4
Molecular,FTICR_11364,MOLP_0006,FTICR_11364,NA,0,11365,205.0142654,10,6,5,0,0,0,0,0,CHO,ConHC,206.0215419,-0.09026781,1,18,0.4090909090909091,0.6,0.5
Molecular,FTICR_11367,MOLP_0007,FTICR_11367,NA,0,11368,205.0506401,11,10,4,0,0,0,0,0,CHO,Lignin,206.0579166,-0.037880749,1,21,0.4772727272727273,0.9090909090909092,0.3636363636363637
Molecular,FTICR_11370,MOLP_0008,FTICR_11370,NA,0,11371,205.0717786,8,14,6,0,0,0,0,0,CHO,Carb,206.079055,-0.081699735,1,21,0.4772727272727273,1.75,0.75
Molecular,FTICR_11440,MOLP_0009,FTICR_11440,NA,0,11441,207.0662752,11,12,4,0,0,0,0,0,CHO,Lignin,208.0735517,0.034452359,1,15,0.3409090909090909,1.0909090909090908,0.3636363636363637
Molecular,FTICR_11510,MOLP_0010,FTICR_11510,NA,0,11511,209.0819258,11,14,4,0,0,0,0,0,CHO,Lignin,210.0892022,0.031961768,1,27,0.6136363636363636,1.2727272727272727,0.3636363636363637
Molecular,FTICR_11605,MOLP_0011,FTICR_11605,NA,0,11606,212.0200371,8,7,6,1,0,0,0,0,CHON,Tannin,213.0273136,0.109902745,1,10,0.2272727272727273,0.875,0.75
Molecular,FTICR_11644,MOLP_0012,FTICR_11644,NA,0,11645,213.0153072,7,6,6,2,0,0,0,0,CHON,Tannin,214.0225836,0.010833997,1,28,0.6363636363636364,0.8571428571428571,0.8571428571428571
Molecular,FTICR_11648,MOLP_0013,FTICR_11648,NA,0,11649,213.0404637,9,10,6,0,0,0,0,0,CHO,Tannin,214.0477401,-0.009717209,1,25,0.5681818181818182,1.1111111111111112,0.6666666666666666
Molecular,FTICR_11677,MOLP_0014,FTICR_11677,NA,0,11678,213.9638196,7,5,3,1,0,2,0,0,CHONS,ConHC,214.971096,-0.054009287,1,21,0.4772727272727273,0.7142857142857143,0.42857142857142855
Molecular,FTICR_11682,MOLP_0015,FTICR_11682,NA,0,11683,214.0509583,12,9,3,1,0,0,0,0,CHON,ConHC,215.0582348,0.038944513,1,18,0.4090909090909091,0.75,0.25
Molecular,FTICR_11686,MOLP_0016,FTICR_11686,NA,0,11687,214.1084754,10,17,4,1,0,0,0,0,CHON,Protein,215.1157518,0.028879429,1,18,0.4090909090909091,1.7,0.4
Molecular,FTICR_11736,MOLP_0017,FTICR_11736,3,17,11737,215.1400958,10,20,3,2,0,0,0,0,CHON,Protein,216.1473723,0.0936945,1,21,0.4772727272727273,2,0.3
Molecular,FTICR_11759,MOLP_0018,FTICR_11759,NA,0,11760,216.0877402,9,15,5,1,0,0,0,0,CHON,AminoSugar,217.0950166,0.027436867,1,18,0.4090909090909091,1.6666666666666667,0.5555555555555556
Molecular,FTICR_11762,MOLP_0019,FTICR_11762,NA,0,11763,216.1241116,10,19,4,1,0,0,0,0,CHON,Protein,217.131388,0.092385063,1,21,0.4772727272727273,1.9,0.4
Molecular,FTICR_11804,MOLP_0020,FTICR_11804,1,2,11805,217.1193648,9,18,4,2,0,0,0,0,CHON,Protein,218.1266412,0.072594159,1,30,0.6818181818181818,2,0.4444444444444444
Molecular,FTICR_11805,MOLP_0021,FTICR_11805,NA,0,11806,217.1445272,11,22,4,0,0,0,0,0,CHO,Protein,218.1518037,0.025140644,1,27,0.6136363636363636,2,0.3636363636363637
Molecular,FTICR_11860,MOLP_0022,FTICR_11860,NA,0,11861,219.0298905,11,8,5,0,0,0,0,0,CHO,ConHC,220.037167,0.028868,1,19,0.4318181818181818,0.7272727272727273,0.4545454545454546
Molecular,FTICR_11912,MOLP_0023,FTICR_11912,NA,0,11913,221.0091366,10,6,6,0,0,0,0,0,CHO,ConHC,222.016413,0.112112218,1,25,0.5681818181818182,0.6,0.6
Molecular,FTICR_11922,MOLP_0024,FTICR_11922,NA,0,11923,221.0931514,11,14,3,2,0,0,0,0,CHON,Lignin,222.1004278,0.065214732,1,32,0.7272727272727273,1.2727272727272727,0.2727272727272727
Molecular,FTICR_12045,MOLP_0025,FTICR_12045,6,2,12046,225.0040543,9,6,7,0,0,0,0,0,CHO,ConHC,226.0113307,0.096508999,1,28,0.6363636363636364,0.6666666666666666,0.7777777777777778
Molecular,FTICR_12125,MOLP_0026,FTICR_12125,NA,0,12126,227.1652529,13,24,3,0,0,0,0,0,CHO,Lipid,228.1725294,0.066734426,1,25,0.5681818181818182,1.8461538461538465,0.2307692307692308
Molecular,FTICR_12148,MOLP_0027,FTICR_12148,NA,0,12149,228.1241216,11,19,4,1,0,0,0,0,CHON,Protein,229.1313981,0.043802901,1,31,0.7045454545454546,1.7272727272727273,0.3636363636363637
Molecular,FTICR_12202,MOLP_0028,FTICR_12202,2,4,12203,229.1809174,13,26,3,0,0,0,0,0,CHO,Lipid,230.1881938,0.003760397,1,29,0.6590909090909091,2,0.2307692307692308
Molecular,FTICR_12219,MOLP_0029,FTICR_12219,NA,0,12220,230.1034033,10,17,5,1,0,0,0,0,CHON,Protein,231.1106798,-0.030889153,1,30,0.6818181818181818,1.7,0.5
Molecular,FTICR_12226,MOLP_0030,FTICR_12226,NA,0,12227,230.1397873,11,21,4,1,0,0,0,0,CHON,Protein,231.1470638,-0.024277531,1,13,0.29545454545454547,1.9090909090909092,0.3636363636363637
Molecular,FTICR_12247,MOLP_0031,FTICR_12247,NA,0,12248,231.0332614,9,12,5,0,0,1,0,0,CHOS,Lignin,232.0405378,0.027313622,1,15,0.3409090909090909,1.3333333333333333,0.5555555555555556
Molecular,FTICR_12248,MOLP_0032,FTICR_12248,NA,0,12249,231.0510168,9,12,7,0,0,0,0,0,CHO,Tannin,232.0582932,0.041004543,1,20,0.4545454545454546,1.3333333333333333,0.7777777777777778
Molecular,FTICR_12306,MOLP_0033,FTICR_12306,NA,0,12307,233.0091622,11,6,6,0,0,0,0,0,CHO,ConHC,234.0164386,-0.002998422,1,14,0.3181818181818182,0.5454545454545454,0.5454545454545454
Molecular,FTICR_12309,MOLP_0034,FTICR_12309,NA,0,12310,233.0455439,12,10,5,0,0,0,0,0,CHO,Lignin,234.0528204,0.013067008,1,18,0.4090909090909091,0.8333333333333334,0.4166666666666667
Molecular,FTICR_12365,MOLP_0035,FTICR_12365,NA,0,12366,235.0724213,11,12,4,2,0,0,0,0,CHON,Lignin,236.0796978,0.038433504,1,21,0.4772727272727273,1.0909090909090908,0.3636363636363637
Molecular,FTICR_12367,MOLP_0036,FTICR_12367,59,1,12368,235.0975894,13,16,4,0,0,0,0,0,CHO,Lignin,236.1048658,-0.028950062,1,18,0.4090909090909091,1.2307692307692308,0.3076923076923077
Molecular,FTICR_12369,MOLP_0037,FTICR_12369,2,3,12370,235.1088199,12,16,3,2,0,0,0,0,CHON,Lignin,236.1160964,-0.016896872,1,32,0.7272727272727273,1.3333333333333333,0.25
Molecular,FTICR_12426,MOLP_0038,FTICR_12426,NA,0,12427,237.1132257,13,18,4,0,0,0,0,0,CHO,Lignin,238.1205021,0.029145869,1,28,0.6363636363636364,1.3846153846153846,0.3076923076923077
Molecular,FTICR_12430,MOLP_0039,FTICR_12430,NA,0,12431,237.1496147,14,22,3,0,0,0,0,0,CHO,Lipid,238.1568911,0.014439865,1,22,0.5,1.5714285714285714,0.21428571428571427
Molecular,FTICR_12484,MOLP_0040,FTICR_12484,NA,0,12485,239.0349956,14,8,4,0,0,0,0,0,CHO,ConHC,240.0422721,-0.055448214,1,13,0.29545454545454547,0.5714285714285714,0.2857142857142857
Molecular,FTICR_12486,MOLP_0041,FTICR_12486,NA,0,12487,239.0673655,10,12,5,2,0,0,0,0,CHON,Lignin,240.0746419,-0.085087898,1,11,0.25,1.2,0.5
Molecular,FTICR_12549,MOLP_0042,FTICR_12549,NA,0,12550,241.0353837,10,10,7,0,0,0,0,0,CHO,Tannin,242.0426602,-0.031134433,1,32,0.7272727272727273,1,0.7
Molecular,FTICR_12563,MOLP_0043,FTICR_12563,NA,0,12564,241.1193952,11,18,4,2,0,0,0,0,CHON,Protein,242.1266716,-0.060105195,1,31,0.7045454545454546,1.6363636363636365,0.3636363636363637
Molecular,FTICR_12585,MOLP_0044,FTICR_12585,53,1,12586,242.0670232,10,13,6,1,0,0,0,0,CHON,Lignin,243.0742997,-0.05141212,1,21,0.4772727272727273,1.3,0.6
Molecular,FTICR_12625,MOLP_0045,FTICR_12625,NA,0,12626,243.0986621,10,16,5,2,0,0,0,0,CHON,Protein,244.1059386,-0.069562126,1,20,0.4545454545454546,1.6,0.5
Molecular,FTICR_12656,MOLP_0046,FTICR_12656,NA,0,12657,244.0826804,10,15,6,1,0,0,0,0,CHON,AminoSugar,245.0899569,-0.080250667,1,15,0.3409090909090909,1.5,0.6
Molecular,FTICR_12658,MOLP_0047,FTICR_12658,NA,0,12659,244.1190583,11,19,5,1,0,0,0,0,CHON,Protein,245.1263348,-0.049154132,1,28,0.6363636363636364,1.7272727272727273,0.4545454545454546
Molecular,FTICR_12663,MOLP_0048,FTICR_12663,14,1,12664,244.1554473,12,23,4,1,0,0,0,0,CHON,Protein,245.1627238,-0.06350196,1,13,0.29545454545454547,1.9166666666666667,0.3333333333333333
Molecular,FTICR_12681,MOLP_0049,FTICR_12681,2,10,12682,244.9729615,4,10,4,2,0,3,0,0,CHONS,Other,245.98023800000001,0.125663448,1,27,0.6136363636363636,2.5,1
Molecular,FTICR_12688,MOLP_0050,FTICR_12688,NA,0,12689,245.045557,13,10,5,0,0,0,0,0,CHO,ConHC,246.0528335,-0.040785468,1,13,0.29545454545454547,0.7692307692307693,0.38461538461538464
Molecular,FTICR_12705,MOLP_0051,FTICR_12705,NA,0,12706,245.1758233,13,26,4,0,0,0,0,0,CHO,Protein,246.1830997,0.038918675,1,28,0.6363636363636364,2,0.3076923076923077
Molecular,FTICR_12751,MOLP_0052,FTICR_12751,NA,0,12752,247.0248217,12,8,6,0,0,0,0,0,CHO,ConHC,248.0320981,-0.04096408,1,27,0.6136363636363636,0.6666666666666666,0.5
Molecular,FTICR_12754,MOLP_0053,FTICR_12754,NA,0,12755,247.0612091,13,12,5,0,0,0,0,0,CHO,Lignin,248.0684856,-0.048660675,1,19,0.4318181818181818,0.9230769230769232,0.38461538461538464
Molecular,FTICR_12768,MOLP_0054,FTICR_12768,15,6,12769,247.1551103,12,24,5,0,0,0,0,0,CHO,Protein,248.1623868,-0.051892016,1,14,0.3181818181818182,2,0.4166666666666667
Molecular,FTICR_12816,MOLP_0055,FTICR_12816,NA,0,12817,249.0040746,11,6,7,0,0,0,0,0,CHO,ConHC,250.0113511,0.005740774,1,19,0.4318181818181818,0.5454545454545454,0.6363636363636364
Molecular,FTICR_12822,MOLP_0056,FTICR_12822,NA,0,12823,249.076863,13,14,5,0,0,0,0,0,CHO,Lignin,250.0841394,-0.063508985,1,27,0.6136363636363636,1.0769230769230769,0.38461538461538464
Molecular,FTICR_12828,MOLP_0057,FTICR_12828,NA,0,12829,249.11321710000001,14,18,4,0,0,0,0,0,CHO,Lignin,250.1204936,0.061822029,1,15,0.3409090909090909,1.2857142857142858,0.2857142857142857
Molecular,FTICR_12855,MOLP_0058,FTICR_12855,NA,0,12856,250.1448501,14,21,3,1,0,0,0,0,CHON,Lipid,251.1521266,0.067523697,1,17,0.3863636363636363,1.5,0.21428571428571427
Molecular,FTICR_12882,MOLP_0059,FTICR_12882,7,1,12883,251.0594874,9,16,6,0,0,1,0,0,CHOS,AminoSugar,252.0667639,-0.019698998,1,16,0.3636363636363637,1.7777777777777777,0.6666666666666666
Molecular,FTICR_12888,MOLP_0060,FTICR_12888,11,13,12889,251.0958896,10,20,5,0,0,1,0,0,CHOS,Protein,252.1031661,-0.085851471,1,13,0.29545454545454547,2,0.5
Molecular,FTICR_12893,MOLP_0061,FTICR_12893,NA,0,12894,251.1136653,10,20,7,0,0,0,0,0,CHO,Carb,252.1209417,-0.153687978,1,28,0.6363636363636364,2,0.7
Molecular,FTICR_12900,MOLP_0062,FTICR_12900,NA,0,12901,251.1652881,15,24,3,0,0,0,0,0,CHO,Lipid,252.1725645,-0.078835618,1,16,0.3636363636363637,1.6,0.2
Molecular,FTICR_12936,MOLP_0063,FTICR_12936,NA,0,12937,252.9989864,10,6,8,0,0,0,0,0,CHO,ConHC,254.0062629,0.016962497,1,21,0.4772727272727273,0.6,0.8
Molecular,FTICR_12957,MOLP_0064,FTICR_12957,NA,0,12958,253.1809277,15,26,3,0,0,0,0,0,CHO,Lipid,254.1882042,-0.037378895,1,24,0.5454545454545454,1.7333333333333334,0.2
Molecular,FTICR_13016,MOLP_0065,FTICR_13016,NA,0,13017,255.0662539,15,12,4,0,0,0,0,0,CHO,Lignin,256.0735304,0.111221156,1,19,0.4318181818181818,0.8,0.26666666666666666
Molecular,FTICR_13053,MOLP_0066,FTICR_13053,NA,0,13054,256.1554499,13,23,4,1,0,0,0,0,CHON,Protein,257.1627263,-0.07035282,1,20,0.4545454545454546,1.7692307692307692,0.3076923076923077
Molecular,FTICR_13089,MOLP_0067,FTICR_13089,5,1,13090,257.0303023,10,10,8,0,0,0,0,0,CHO,Tannin,258.0375787,-0.044377766,1,25,0.5681818181818182,1,0.8
Molecular,FTICR_13093,MOLP_0068,FTICR_13093,7,1,13094,257.0455616,14,10,5,0,0,0,0,0,CHO,ConHC,258.052838,-0.056579875,1,30,0.6818181818181818,0.7142857142857143,0.35714285714285715
Molecular,FTICR_13094,MOLP_0069,FTICR_13094,NA,0,13095,257.0489443,11,14,5,0,0,1,0,0,CHOS,Lignin,258.0562207,-0.102679098,1,19,0.4318181818181818,1.2727272727272727,0.4545454545454546
Molecular,FTICR_13100,MOLP_0070,FTICR_13100,NA,0,13101,257.1143195,11,18,5,2,0,0,0,0,CHON,Protein,258.1215959,-0.093889264,1,22,0.5,1.6363636363636365,0.4545454545454546
Molecular,FTICR_13122,MOLP_0071,FTICR_13122,NA,0,13123,258.0983253,11,17,6,1,0,0,0,0,CHON,Protein,259.1056018,-0.055856969,1,25,0.5681818181818182,1.5454545454545454,0.5454545454545454
Molecular,FTICR_13125,MOLP_0072,FTICR_13125,23,3,13126,258.1347243,12,21,5,1,0,0,0,0,CHON,Protein,259.1420008,-0.108089053,1,29,0.6590909090909091,1.75,0.4166666666666667
Molecular,FTICR_13129,MOLP_0073,FTICR_13129,NA,0,13130,258.1711105,13,25,4,1,0,0,0,0,CHON,Protein,259.1783869,-0.11043807,1,30,0.6818181818181818,1.9230769230769231,0.3076923076923077
Molecular,FTICR_13154,MOLP_0074,FTICR_13154,NA,0,13155,259.0248431,13,8,6,0,0,0,0,0,CHO,ConHC,260.0321195,-0.121265925,1,23,0.5227272727272727,0.6153846153846154,0.4615384615384616
Molecular,FTICR_13202,MOLP_0075,FTICR_13202,NA,0,13203,260.150349,12,23,5,1,0,0,0,0,CHON,Protein,261.1576255,-0.010124651,1,22,0.5,1.9166666666666667,0.4166666666666667
Molecular,FTICR_13236,MOLP_0076,FTICR_13236,6,2,13237,261.0404861,13,10,6,0,0,0,0,0,CHO,ConHC,262.0477625,-0.093449682,1,27,0.6136363636363636,0.7692307692307693,0.4615384615384616
Molecular,FTICR_13239,MOLP_0077,FTICR_13239,8,1,13240,261.0616017,10,14,8,0,0,0,0,0,CHO,Tannin,262.0688782,-0.041068983,1,13,0.29545454545454547,1.4,0.8
Molecular,FTICR_13240,MOLP_0078,FTICR_13240,NA,0,13241,261.0768626,14,14,5,0,0,0,0,0,CHO,Lignin,262.084139,-0.059058929,1,13,0.29545454545454547,1,0.35714285714285715
Molecular,FTICR_13242,MOLP_0079,FTICR_13242,NA,0,13243,261.0880817,13,14,4,2,0,0,0,0,CHON,Lignin,262.0953582,-0.004589515,1,15,0.3409090909090909,1.0769230769230769,0.3076923076923077
Molecular,FTICR_13295,MOLP_0080,FTICR_13295,NA,0,13296,263.0197328,12,8,7,0,0,0,0,0,CHO,ConHC,264.0270092,-0.025103899,1,29,0.6590909090909091,0.6666666666666666,0.5833333333333334
Molecular,FTICR_13302,MOLP_0081,FTICR_13302,NA,0,13303,263.0924911,14,16,5,0,0,0,0,0,CHO,Lignin,264.0997676,0.022863225,1,30,0.6818181818181818,1.1428571428571428,0.35714285714285715
Molecular,FTICR_13314,MOLP_0082,FTICR_13314,2,1,13315,263.1652832,16,24,3,0,0,0,0,0,CHO,Lipid,264.1725596,-0.056735926,1,27,0.6136363636363636,1.5,0.1875
Molecular,FTICR_13324,MOLP_0083,FTICR_13324,2,3,13325,264.0474027,7,11,8,3,0,0,0,0,CHON,Other,265.0546791,-0.244378081,1,16,0.3636363636363637,1.5714285714285714,1.1428571428571428
Molecular,FTICR_13347,MOLP_0084,FTICR_13347,NA,0,13348,264.9989992,11,6,8,0,0,0,0,0,CHO,ConHC,266.0062756,-0.031876309,1,15,0.3409090909090909,0.5454545454545454,0.7272727272727273
Molecular,FTICR_13396,MOLP_0085,FTICR_13396,57,1,13397,266.0612108,19,9,1,1,0,0,0,0,CHON,ConHC,267.0684873,-0.274760789,1,27,0.6136363636363636,0.47368421052631576,0.05263157894736842
Molecular,FTICR_13434,MOLP_0086,FTICR_13434,7,1,13435,267.0146785,11,8,8,0,0,0,0,0,CHO,ConHC,268.021955,-0.140827672,1,28,0.6363636363636364,0.7272727272727273,0.7272727272727273
Molecular,FTICR_13437,MOLP_0087,FTICR_13437,NA,0,13438,267.0299199,15,8,5,0,0,0,0,0,CHO,ConHC,268.0371964,-0.085807419,1,22,0.5,0.5333333333333333,0.3333333333333333
Molecular,FTICR_13530,MOLP_0088,FTICR_13530,NA,0,13531,269.0303247,11,10,8,0,0,0,0,0,CHO,Tannin,270.0376011,-0.125352659,1,31,0.7045454545454546,0.9090909090909092,0.7272727272727273
Molecular,FTICR_13533,MOLP_0089,FTICR_13533,NA,0,13534,269.0455589,15,10,5,0,0,0,0,0,CHO,ConHC,270.0528354,-0.044292466,1,20,0.4545454545454546,0.6666666666666666,0.3333333333333333
Molecular,FTICR_13578,MOLP_0090,FTICR_13578,NA,0,13579,270.1346712,13,21,5,1,0,0,0,0,CHON,Protein,271.1419476,0.092778906,1,20,0.4545454545454546,1.6153846153846154,0.38461538461538464
Molecular,FTICR_13585,MOLP_0091,FTICR_13585,NA,0,13586,270.2074928,15,29,3,1,0,0,0,0,CHON,Lipid,271.2147692,-0.093777013,1,25,0.5681818181818182,1.9333333333333331,0.2
Molecular,FTICR_13605,MOLP_0092,FTICR_13605,NA,0,13606,271.0248343,14,8,6,0,0,0,0,0,CHO,ConHC,272.0321107,-0.083630595,1,16,0.3636363636363637,0.5714285714285714,0.42857142857142855
Molecular,FTICR_13617,MOLP_0093,FTICR_13617,NA,0,13618,271.0611865,15,12,5,0,0,0,0,0,CHO,Lignin,272.068463,0.038699156,1,19,0.4318181818181818,0.8,0.3333333333333333
Molecular,FTICR_13618,MOLP_0094,FTICR_13618,36,2,13619,271.0645643,12,16,5,0,0,1,0,0,CHOS,Lignin,272.0718407,0.013187549,1,20,0.4545454545454546,1.3333333333333333,0.4166666666666667
Molecular,FTICR_13628,MOLP_0095,FTICR_13628,NA,0,13629,271.1299638,12,20,5,2,0,0,0,0,CHON,Protein,272.1372403,-0.068023297,1,19,0.4318181818181818,1.6666666666666667,0.4166666666666667
Molecular,FTICR_13663,MOLP_0096,FTICR_13663,NA,0,13664,272.1503846,13,23,5,1,0,0,0,0,CHON,Protein,273.1576611,-0.139859849,1,19,0.4318181818181818,1.7692307692307692,0.38461538461538464
Molecular,FTICR_13666,MOLP_0097,FTICR_13666,3,11,13667,272.1615899,12,23,4,3,0,0,0,0,CHON,Protein,273.1688664,-0.037063448,1,23,0.5227272727272727,1.9166666666666667,0.3333333333333333
Molecular,FTICR_13698,MOLP_0098,FTICR_13698,NA,0,13699,273.109223,11,18,6,2,0,0,0,0,CHON,Protein,274.1164995,-0.047958004,1,21,0.4772727272727273,1.6363636363636365,0.5454545454545454
Molecular,FTICR_13705,MOLP_0099,FTICR_13705,NA,0,13706,273.1455886,12,22,5,2,0,0,0,0,CHON,Protein,274.1528651,0.024691739,1,16,0.3636363636363637,1.8333333333333333,0.4166666666666667
Molecular,FTICR_13731,MOLP_0100,FTICR_13731,NA,0,13732,274.0932564,11,17,7,1,0,0,0,0,CHON,AminoSugar,275.1005329,-0.112545329,1,27,0.6136363636363636,1.5454545454545454,0.6363636363636364
Molecular,FTICR_13760,MOLP_0101,FTICR_13760,NA,0,13761,275.0197372,13,8,7,0,0,0,0,0,CHO,ConHC,276.0270137,-0.040208468,1,23,0.5227272727272727,0.6153846153846154,0.5384615384615384
Molecular,FTICR_13765,MOLP_0102,FTICR_13765,2,1,13766,275.0561155,14,12,6,0,0,0,0,0,CHO,Lignin,276.063392,-0.014089592,1,23,0.5227272727272727,0.8571428571428571,0.42857142857142855
Molecular,FTICR_13768,MOLP_0103,FTICR_13768,NA,0,13769,275.0772568,11,16,8,0,0,0,0,0,CHO,Tannin,276.0845332,-0.056962554,1,30,0.6818181818181818,1.4545454545454546,0.7272727272727273
Molecular,FTICR_13789,MOLP_0104,FTICR_13789,NA,0,13790,275.1864173,14,28,5,0,0,0,0,0,CHO,Protein,276.1936937,-0.0713542,1,22,0.5,2,0.35714285714285715
Molecular,FTICR_13867,MOLP_0105,FTICR_13867,2,1,13868,277.1081644,15,18,5,0,0,0,0,0,CHO,Lignin,278.1154409,-0.061797156,1,32,0.7272727272727273,1.2,0.3333333333333333
Molecular,FTICR_13870,MOLP_0106,FTICR_13870,NA,0,13871,277.1194021,14,18,4,2,0,0,0,0,CHON,Lignin,278.1266786,-0.077216592,1,26,0.5909090909090909,1.2857142857142858,0.2857142857142857
Molecular,FTICR_13872,MOLP_0107,FTICR_13872,2,17,13873,277.1227552,11,22,4,2,0,1,0,0,CHONS,Protein,278.1300316,-0.013456338,1,30,0.6818181818181818,2,0.3636363636363637
Molecular,FTICR_13873,MOLP_0108,FTICR_13873,NA,0,13874,277.129285,12,22,7,0,0,0,0,0,CHO,AminoSugar,278.1365615,-0.03034647,1,20,0.4545454545454546,1.8333333333333333,0.5833333333333334
Molecular,FTICR_13902,MOLP_0109,FTICR_13902,NA,0,13903,278.1146467,13,17,4,3,0,0,0,0,CHON,Lignin,279.1219232,-0.061316769,1,30,0.6818181818181818,1.3076923076923077,0.3076923076923077
Molecular,FTICR_13959,MOLP_0110,FTICR_13959,NA,0,13960,279.1350289,14,20,4,2,0,0,0,0,CHON,Lignin,280.1423054,0.006299759,1,31,0.7045454545454546,1.4285714285714286,0.2857142857142857
Molecular,FTICR_14049,MOLP_0111,FTICR_14049,NA,0,14050,281.0720958,19,10,1,2,0,0,0,0,CHON,ConHC,282.0793723,-0.210416978,1,30,0.6818181818181818,0.5263157894736842,0.05263157894736842
Molecular,FTICR_14056,MOLP_0112,FTICR_14056,13,1,14057,281.1006384,18,18,1,0,0,1,0,0,CHOS,UnsatHC,282.1079148,-0.279841142,1,13,0.29545454545454547,1,0.05555555555555555
Molecular,FTICR_14077,MOLP_0113,FTICR_14077,NA,0,14078,281.2122322,17,30,3,0,0,0,0,0,CHO,Lipid,282.2195086,-0.048930029,1,25,0.5681818181818182,1.7647058823529411,0.17647058823529413
Molecular,FTICR_14124,MOLP_0114,FTICR_14124,NA,0,14125,282.9133523,9,4,1,2,0,4,0,0,CHONS,ConHC,283.9206287,0.059185625,1,12,0.2727272727272727,0.4444444444444444,0.1111111111111111
Molecular,FTICR_14132,MOLP_0115,FTICR_14132,6,2,14133,283.0247935,15,8,6,0,0,0,0,0,CHO,ConHC,284.0320699,0.063587825,1,26,0.5909090909090909,0.5333333333333333,0.4
Molecular,FTICR_14138,MOLP_0116,FTICR_14138,NA,0,14139,283.0611998,16,12,5,0,0,0,0,0,CHO,ConHC,284.0684763,-0.009772496,1,28,0.6363636363636364,0.75,0.3125
Molecular,FTICR_14235,MOLP_0117,FTICR_14235,8,1,14236,285.0251906,11,10,9,0,0,0,0,0,CHO,Tannin,286.0324671,0.051763218,1,20,0.4545454545454546,0.9090909090909092,0.8181818181818182
Molecular,FTICR_14239,MOLP_0118,FTICR_14239,6,1,14240,285.0404735,15,10,6,0,0,0,0,0,CHO,ConHC,286.04775,-0.041686716,1,30,0.6818181818181818,0.6666666666666666,0.4
Molecular,FTICR_14242,MOLP_0119,FTICR_14242,NA,0,14243,285.0744868,9,19,8,0,0,0,1,0,CHOP,Carb,286.0817632,-0.03195907,1,15,0.3409090909090909,2.111111111111111,0.8888888888888888
Molecular,FTICR_14243,MOLP_0120,FTICR_14243,NA,0,14244,285.0768407,16,14,5,0,0,0,0,0,CHO,Lignin,286.0841172,0.022281104,1,24,0.5454545454545454,0.875,0.3125
Molecular,FTICR_14245,MOLP_0121,FTICR_14245,56,1,14246,285.0802055,13,18,5,0,0,1,0,0,CHOS,Lignin,286.0874819,0.043558075,1,16,0.3636363636363637,1.3846153846153846,0.38461538461538464
Molecular,FTICR_14265,MOLP_0122,FTICR_14265,NA,0,14266,285.1455951,13,22,5,2,0,0,0,0,CHON,Protein,286.1528716,9.50488e-4,1,24,0.5454545454545454,1.6923076923076923,0.38461538461538464
Molecular,FTICR_14279,MOLP_0123,FTICR_14279,62,1,14280,285.2435051,17,34,3,0,0,0,0,0,CHO,Lipid,286.2507816,0.046611827,1,18,0.4090909090909091,2,0.17647058823529413
Molecular,FTICR_14319,MOLP_0124,FTICR_14319,3,3,14320,286.1772199,13,25,4,3,0,0,0,0,CHON,Protein,287.1844964,0.03449978,1,33,0.75,1.9230769230769231,0.3076923076923077
Molecular,FTICR_14338,MOLP_0125,FTICR_14338,NA,0,14339,287.01973,14,8,7,0,0,0,0,0,CHO,ConHC,288.0270065,-0.013385481,1,19,0.4318181818181818,0.5714285714285714,0.5
Molecular,FTICR_14340,MOLP_0126,FTICR_14340,NA,0,14341,287.0408882,11,12,9,0,0,0,0,0,CHO,Tannin,288.0481647,-0.113523276,1,31,0.7045454545454546,1.0909090909090908,0.8181818181818182
Molecular,FTICR_14352,MOLP_0127,FTICR_14352,NA,0,14353,287.0958146,13,20,5,0,0,1,0,0,CHOS,Protein,288.103091,0.185364868,1,16,0.3636363636363637,1.5384615384615383,0.38461538461538464
Molecular,FTICR_14354,MOLP_0128,FTICR_14354,17,1,14355,287.1136544,13,20,7,0,0,0,0,0,CHO,Protein,288.1209309,-0.096841275,1,30,0.6818181818181818,1.5384615384615383,0.5384615384615384
Molecular,FTICR_14358,MOLP_0129,FTICR_14358,NA,0,14359,287.1248763,12,20,6,2,0,0,0,0,CHON,Protein,288.1321527,-0.056681907,1,27,0.6136363636363636,1.6666666666666667,0.5
Molecular,FTICR_14431,MOLP_0130,FTICR_14431,NA,0,14432,289.0353937,14,10,7,0,0,0,0,0,CHO,ConHC,290.0426702,-0.060457884,1,28,0.6363636363636364,0.7142857142857143,0.5
Molecular,FTICR_14437,MOLP_0131,FTICR_14437,NA,0,14438,289.0565175,11,14,9,0,0,0,0,0,CHO,Tannin,290.0637939,-0.040941762,1,22,0.5,1.2727272727272727,0.8181818181818182
Molecular,FTICR_14438,MOLP_0132,FTICR_14438,20,1,14439,289.0717708,15,14,6,0,0,0,0,0,CHO,Lignin,290.0790472,-0.031187309,1,29,0.6590909090909091,0.9333333333333332,0.4
Molecular,FTICR_14442,MOLP_0133,FTICR_14442,NA,0,14443,289.092934,12,18,8,0,0,0,0,0,CHO,AminoSugar,290.1002105,-0.148002429,1,29,0.6590909090909091,1.5,0.6666666666666666
Molecular,FTICR_14449,MOLP_0134,FTICR_14449,45,1,14450,289.1114443,13,22,5,0,0,1,0,0,CHOS,Protein,290.1187208,0.254156202,1,18,0.4090909090909091,1.6923076923076923,0.38461538461538464
Molecular,FTICR_14454,MOLP_0135,FTICR_14454,12,3,14455,289.1445349,17,22,4,0,0,0,0,0,CHO,Lignin,290.1518114,-0.007576054,1,19,0.4318181818181818,1.2941176470588236,0.2352941176470588
Molecular,FTICR_14457,MOLP_0136,FTICR_14457,NA,0,14458,289.1809185,18,26,3,0,0,0,0,0,CHO,Lignin,290.1881949,-8.15223e-4,1,13,0.29545454545454547,1.4444444444444444,0.16666666666666666
Molecular,FTICR_14461,MOLP_0137,FTICR_14461,NA,0,14462,289.2020335,15,30,5,0,0,0,0,0,CHO,Protein,290.20931,0.048556225,1,23,0.5227272727272727,2,0.3333333333333333
Molecular,FTICR_14508,MOLP_0138,FTICR_14508,NA,0,14509,291.0146655,13,8,8,0,0,0,0,0,CHO,ConHC,292.0219419,-0.084557822,1,23,0.5227272727272727,0.6153846153846154,0.6153846153846154
Molecular,FTICR_14525,MOLP_0139,FTICR_14525,NA,0,14526,291.0874088,15,16,6,0,0,0,0,0,CHO,Lignin,292.0946853,0.010085725,1,27,0.6136363636363636,1.0666666666666669,0.4
Molecular,FTICR_14536,MOLP_0140,FTICR_14536,NA,0,14537,291.1238007,16,20,5,0,0,0,0,0,CHO,Lignin,292.1310771,-0.011573732,1,27,0.6136363636363636,1.25,0.3125
Molecular,FTICR_14549,MOLP_0141,FTICR_14549,NA,0,14550,291.196566,18,28,3,0,0,0,0,0,CHO,Lipid,292.2038424,0.007979201,1,22,0.5,1.5555555555555556,0.16666666666666666
Molecular,FTICR_14559,MOLP_0142,FTICR_14559,NA,0,14560,292.0422793,8,11,9,3,0,0,0,0,CHON,Other,293.0495557,-0.09137823,1,30,0.6818181818181818,1.375,1.125
Molecular,FTICR_14575,MOLP_0143,FTICR_14575,3,1,14576,292.1765958,13,27,6,1,0,0,0,0,CHON,Protein,293.1838722,-0.118056903,1,23,0.5227272727272727,2.076923076923077,0.4615384615384616
Molecular,FTICR_14627,MOLP_0144,FTICR_14627,14,1,14628,293.1791772,14,30,4,0,0,1,0,0,CHOS,Lipid,294.1864536,0.090157125,1,23,0.5227272727272727,2.142857142857143,0.2857142857142857
Molecular,FTICR_14641,MOLP_0145,FTICR_14641,NA,0,14642,294.0393477,10,18,3,1,0,2,1,0,CHONSP,Protein,295.0466242,-0.179173113,1,13,0.29545454545454547,1.8,0.3
Molecular,FTICR_14659,MOLP_0146,FTICR_14659,NA,0,14660,294.1558649,12,25,7,1,0,0,0,0,CHON,AminoSugar,295.1631414,-0.132950137,1,13,0.29545454545454547,2.0833333333333335,0.5833333333333334
Molecular,FTICR_14681,MOLP_0147,FTICR_14681,58,1,14682,295.0095405,12,8,9,0,0,0,0,0,CHO,ConHC,296.016817,0.050338408,1,26,0.5909090909090909,0.6666666666666666,0.75
Molecular,FTICR_14683,MOLP_0148,FTICR_14683,NA,0,14684,295.024847,16,8,6,0,0,0,0,0,CHO,ConHC,296.0321235,-0.119843345,1,13,0.29545454545454547,0.5,0.375
Molecular,FTICR_14718,MOLP_0149,FTICR_14718,2,1,14719,295.1874674,12,28,6,2,0,0,0,0,CHON,Other,296.1947439,-0.024543057,1,28,0.6363636363636364,2.3333333333333335,0.5
Molecular,FTICR_14779,MOLP_0150,FTICR_14779,NA,0,14780,296.9897004,12,10,5,0,0,2,0,0,CHOS,Lignin,297.9969768,-0.040348735,1,14,0.3181818181818182,0.8333333333333334,0.4166666666666667
Molecular,FTICR_14784,MOLP_0151,FTICR_14784,NA,0,14785,297.0252185,12,10,9,0,0,0,0,0,CHO,Tannin,298.0324949,-0.043624523,1,28,0.6363636363636364,0.8333333333333334,0.75
Molecular,FTICR_14786,MOLP_0152,FTICR_14786,NA,0,14787,297.040478,16,10,6,0,0,0,0,0,CHO,ConHC,298.0477545,-0.055069296,1,14,0.3181818181818182,0.625,0.375
Molecular,FTICR_14793,MOLP_0153,FTICR_14793,NA,0,14794,297.0745341,10,19,8,0,0,0,1,0,CHOP,Carb,298.0818106,-0.189482515,1,13,0.29545454545454547,1.9,0.8
Molecular,FTICR_14852,MOLP_0154,FTICR_14852,3,1,14853,298.14086,13,21,5,3,0,0,0,0,CHON,Protein,299.1481364,-0.052242406,1,18,0.4090909090909091,1.6153846153846154,0.38461538461538464
Molecular,FTICR_14857,MOLP_0155,FTICR_14857,3,3,14858,298.1772418,14,25,4,3,0,0,0,0,CHON,Lipid,299.1845183,-0.039945508,1,31,0.7045454545454546,1.7857142857142858,0.2857142857142857
Molecular,FTICR_14876,MOLP_0156,FTICR_14876,NA,0,14877,299.0052642,12,12,5,0,0,2,0,0,CHOS,Lignin,300.0125406,0.247412997,1,17,0.3863636363636363,1,0.4166666666666667
Molecular,FTICR_14877,MOLP_0157,FTICR_14877,6,2,14878,299.0197427,15,8,7,0,0,0,0,0,CHO,ConHC,300.0270192,-0.055188639,1,24,0.5454545454545454,0.5333333333333333,0.4666666666666667
Molecular,FTICR_14883,MOLP_0158,FTICR_14883,NA,0,14884,299.0561398,16,12,6,0,0,0,0,0,CHO,ConHC,300.0634162,-0.093701932,1,28,0.6363636363636364,0.75,0.375
Molecular,FTICR_14914,MOLP_0159,FTICR_14914,NA,0,14915,299.1612442,14,24,5,2,0,0,0,0,CHON,Protein,300.1685207,0.004079109,1,18,0.4090909090909091,1.7142857142857142,0.35714285714285715
Molecular,FTICR_14957,MOLP_0160,FTICR_14957,NA,0,14958,300.120138,12,19,6,3,0,0,0,0,CHON,Protein,301.1274145,-0.096665991,1,23,0.5227272727272727,1.5833333333333333,0.5
Molecular,FTICR_14964,MOLP_0161,FTICR_14964,NA,0,14965,300.1565244,13,23,5,3,0,0,0,0,CHON,Protein,301.1638009,-0.099642553,1,25,0.5681818181818182,1.7692307692307692,0.38461538461538464
Molecular,FTICR_14966,MOLP_0162,FTICR_14966,NA,0,14967,300.1816493,15,27,5,1,0,0,0,0,CHON,Protein,301.1889258,-0.009316108,1,20,0.4545454545454546,1.8,0.3333333333333333
Molecular,FTICR_15025,MOLP_0163,FTICR_15025,NA,0,15026,301.1405564,13,22,6,2,0,0,0,0,CHON,Protein,302.1478329,-0.153720287,1,26,0.5909090909090909,1.6923076923076923,0.4615384615384616
Molecular,FTICR_15026,MOLP_0164,FTICR_15026,NA,0,15027,301.1445653,18,22,4,0,0,0,0,0,CHO,Lignin,302.1518418,-0.107842401,1,12,0.2727272727272727,1.2222222222222223,0.2222222222222222
Molecular,FTICR_15068,MOLP_0165,FTICR_15068,NA,0,15069,302.1245661,13,21,7,1,0,0,0,0,CHON,Protein,303.1318426,-0.133683709,1,16,0.3636363636363637,1.6153846153846154,0.5384615384615384
Molecular,FTICR_15075,MOLP_0166,FTICR_15075,NA,0,15076,302.1609549,14,25,6,1,0,0,0,0,CHON,Protein,303.1682313,-0.144446021,1,25,0.5681818181818182,1.7857142857142858,0.42857142857142855
Molecular,FTICR_15097,MOLP_0167,FTICR_15097,NA,0,15098,303.0146818,14,8,8,0,0,0,0,0,CHO,ConHC,304.0219583,-0.135064416,1,26,0.5909090909090909,0.5714285714285714,0.5714285714285714
Molecular,FTICR_15123,MOLP_0168,FTICR_15123,NA,0,15124,303.0874308,16,16,6,0,0,0,0,0,CHO,Lignin,304.0947073,-0.062646494,1,32,0.7272727272727273,1,0.375
Molecular,FTICR_15133,MOLP_0169,FTICR_15133,NA,0,15134,303.1237891,17,20,5,0,0,0,0,0,CHO,Lignin,304.1310656,0.026914777,1,19,0.4318181818181818,1.1764705882352942,0.29411764705882354
Molecular,FTICR_15134,MOLP_0170,FTICR_15134,4,3,15135,303.1270891,14,24,5,0,0,1,0,0,CHOS,Protein,304.1343656,0.259730297,1,15,0.3409090909090909,1.7142857142857142,0.35714285714285715
Molecular,FTICR_15140,MOLP_0171,FTICR_15140,NA,0,15141,303.1602127,18,24,4,0,0,0,0,0,CHO,Lignin,304.1674892,-0.098448793,1,16,0.3636363636363637,1.3333333333333333,0.2222222222222222
Molecular,FTICR_15170,MOLP_0172,FTICR_15170,NA,0,15171,304.1766273,14,27,6,1,0,0,0,0,CHON,Protein,305.1839037,-0.216691221,1,28,0.6363636363636364,1.9285714285714288,0.42857142857142855
Molecular,FTICR_15213,MOLP_0173,FTICR_15213,NA,0,15214,305.1242178,13,22,8,0,0,0,0,0,CHO,AminoSugar,306.1314943,-0.086897501,1,16,0.3636363636363637,1.6923076923076923,0.6153846153846154
Molecular,FTICR_15216,MOLP_0174,FTICR_15216,NA,0,15217,305.1394477,17,22,5,0,0,0,0,0,CHO,Lignin,306.1467242,-0.001190494,1,28,0.6363636363636364,1.2941176470588236,0.29411764705882354
Molecular,FTICR_15219,MOLP_0175,FTICR_15219,NA,0,15220,305.1606041,14,26,7,0,0,0,0,0,CHO,Protein,306.1678806,-0.089390464,1,16,0.3636363636363637,1.8571428571428572,0.5
Molecular,FTICR_15302,MOLP_0176,FTICR_15302,NA,0,15303,307.1584773,14,28,5,0,0,1,0,0,CHOS,Protein,308.1657537,-0.02928291,1,26,0.5909090909090909,2,0.35714285714285715
Molecular,FTICR_15348,MOLP_0177,FTICR_15348,26,3,15349,308.2079076,14,31,6,1,0,0,0,0,CHON,Protein,309.2151841,-0.149866905,1,20,0.4545454545454546,2.2142857142857144,0.42857142857142855
Molecular,FTICR_15373,MOLP_0178,FTICR_15373,NA,0,15374,309.0252297,13,10,9,0,0,0,0,0,CHO,ConHC,310.0325062,-0.07819384,1,32,0.7272727272727273,0.7692307692307693,0.6923076923076923
Molecular,FTICR_15390,MOLP_0179,FTICR_15390,NA,0,15391,309.1092517,14,18,6,2,0,0,0,0,CHON,Lignin,310.1165282,-0.134903275,1,20,0.4545454545454546,1.2857142857142858,0.42857142857142855
Molecular,FTICR_15421,MOLP_0180,FTICR_15421,1,3,15422,310.0706552,11,22,3,1,0,2,1,0,CHONSP,Lipid,311.0779316,-0.193357271,1,15,0.3409090909090909,2,0.2727272727272727
Molecular,FTICR_15461,MOLP_0181,FTICR_15461,6,1,15462,311.0197327,16,8,7,0,0,0,0,0,CHO,ConHC,312.0270092,-0.020999303,1,22,0.5,0.5,0.4375
Molecular,FTICR_15477,MOLP_0182,FTICR_15477,5,1,15478,311.0925379,18,16,5,0,0,0,0,0,CHO,Lignin,312.0998144,-0.130635616,1,11,0.25,0.8888888888888888,0.2777777777777778
Molecular,FTICR_15490,MOLP_0183,FTICR_15490,NA,0,15491,311.1322585,16,24,4,0,0,1,0,0,CHOS,Lipid,312.139535,-0.0160764,1,22,0.5,1.5,0.25
Molecular,FTICR_15501,MOLP_0184,FTICR_15501,NA,0,15502,311.1629335,13,29,6,0,0,0,1,0,CHOP,Protein,312.17021,-0.111573636,1,28,0.6363636363636364,2.230769230769231,0.4615384615384616
Molecular,FTICR_15571,MOLP_0185,FTICR_15571,NA,0,15572,313.0353747,16,10,7,0,0,0,0,0,CHO,ConHC,314.0426512,0.004849996,1,22,0.5,0.625,0.4375
Molecular,FTICR_15575,MOLP_0186,FTICR_15575,NA,0,15576,313.0717419,17,14,6,0,0,0,0,0,CHO,Lignin,314.0790183,0.063226055,1,14,0.3181818181818182,0.8235294117647058,0.35294117647058826
Molecular,FTICR_15589,MOLP_0187,FTICR_15589,70,1,15590,313.1114986,15,22,5,0,0,1,0,0,CHOS,Lignin,314.1187751,0.061786313,1,15,0.3409090909090909,1.4666666666666666,0.3333333333333333
Molecular,FTICR_15648,MOLP_0188,FTICR_15648,NA,0,15649,314.1357845,13,21,6,3,0,0,0,0,CHON,Protein,315.1430609,-0.080968949,1,26,0.5909090909090909,1.6153846153846154,0.4615384615384616
Molecular,FTICR_15657,MOLP_0189,FTICR_15657,65,1,15658,314.197311,16,29,5,1,0,0,0,0,CHON,Protein,315.2045875,-0.045748954,1,20,0.4545454545454546,1.8125,0.3125
Molecular,FTICR_15660,MOLP_0190,FTICR_15660,1,5,15661,314.2085491,15,29,4,3,0,0,0,0,CHON,Lipid,315.2158255,-0.060582289,1,23,0.5227272727272727,1.9333333333333331,0.26666666666666666
Molecular,FTICR_15684,MOLP_0191,FTICR_15684,NA,0,15685,315.0146912,15,8,8,0,0,0,0,0,CHO,ConHC,316.0219676,-0.159434471,1,22,0.5,0.5333333333333333,0.5333333333333333
Molecular,FTICR_15685,MOLP_0192,FTICR_15685,NA,0,15686,315.0179588,12,12,8,0,0,1,0,0,CHOS,Tannin,316.0252353,0.166935567,2,29,0.6590909090909091,1,0.6666666666666666
Molecular,FTICR_15687,MOLP_0193,FTICR_15687,8,1,15688,315.0357665,12,12,10,0,0,0,0,0,CHO,Tannin,316.0430429,0.011665939,1,28,0.6363636363636364,1,0.8333333333333334
Molecular,FTICR_15690,MOLP_0194,FTICR_15690,NA,0,15691,315.0510218,16,12,7,0,0,0,0,0,CHO,ConHC,316.0582982,0.014291422,1,25,0.5681818181818182,0.75,0.4375
Molecular,FTICR_15700,MOLP_0195,FTICR_15700,NA,0,15701,315.0874051,17,16,6,0,0,0,0,0,CHO,Lignin,316.0946816,0.020984151,1,27,0.6136363636363636,0.9411764705882352,0.35294117647058826
Molecular,FTICR_15712,MOLP_0196,FTICR_15712,NA,0,15713,315.119776,13,20,7,2,0,0,0,0,CHON,Protein,316.1270525,-0.0046177,1,18,0.4090909090909091,1.5384615384615383,0.5384615384615384
Molecular,FTICR_15723,MOLP_0197,FTICR_15723,NA,0,15724,315.1561949,14,24,6,2,0,0,0,0,CHON,Protein,316.1634714,-0.110302053,1,18,0.4090909090909091,1.7142857142857142,0.42857142857142855
Molecular,FTICR_15730,MOLP_0198,FTICR_15730,NA,0,15731,315.1965962,20,28,3,0,0,0,0,0,CHO,Lignin,316.2038727,-0.088239843,1,24,0.5454545454545454,1.4,0.15
Molecular,FTICR_15761,MOLP_0199,FTICR_15761,NA,0,15762,316.1401933,14,23,7,1,0,0,0,0,CHON,Protein,317.1474698,-0.055743862,1,21,0.4772727272727273,1.6428571428571428,0.5
Molecular,FTICR_15769,MOLP_0200,FTICR_15769,NA,0,15770,316.176587,15,27,6,1,0,0,0,0,CHON,Protein,317.1838635,-0.081537502,1,17,0.3863636363636363,1.8,0.4
Molecular,FTICR_15773,MOLP_0201,FTICR_15773,NA,0,15774,316.2129828,16,31,5,1,0,0,0,0,CHON,Protein,317.2202593,-0.113944657,1,16,0.3636363636363637,1.9375,0.3125
Molecular,FTICR_15797,MOLP_0202,FTICR_15797,NA,0,15798,317.0514239,12,14,10,0,0,0,0,0,CHO,Tannin,318.0587003,-0.011526316,1,32,0.7272727272727273,1.1666666666666667,0.8333333333333334
Molecular,FTICR_15809,MOLP_0203,FTICR_15809,NA,0,15810,317.1030562,17,18,6,0,0,0,0,0,CHO,Lignin,318.1103326,0.017857733,1,27,0.6136363636363636,1.0588235294117647,0.35294117647058826
Molecular,FTICR_15827,MOLP_0204,FTICR_15827,13,2,15828,317.1758455,19,26,4,0,0,0,0,0,CHO,Lignin,318.183122,-0.039737746,1,16,0.3636363636363637,1.368421052631579,0.21052631578947367
Molecular,FTICR_15860,MOLP_0205,FTICR_15860,NA,0,15861,318.109583,15,17,5,3,0,0,0,0,CHON,Lignin,319.1168595,-0.121678193,1,20,0.4545454545454546,1.1333333333333333,0.3333333333333333
Molecular,FTICR_15861,MOLP_0206,FTICR_15861,NA,0,15862,318.1194509,13,21,8,1,0,0,0,0,CHON,AminoSugar,319.1267273,-0.033428485,1,16,0.3636363636363637,1.6153846153846154,0.6153846153846154
Molecular,FTICR_15866,MOLP_0207,FTICR_15866,15,2,15867,318.155839,14,25,7,1,0,0,0,0,CHON,Protein,319.1631155,-0.041770199,1,25,0.5681818181818182,1.7857142857142858,0.5
Molecular,FTICR_15869,MOLP_0208,FTICR_15869,3,10,15870,318.1670892,13,25,6,3,0,0,0,0,CHON,Protein,319.1743657,-0.094307043,1,28,0.6363636363636364,1.9230769230769231,0.4615384615384616
Molecular,FTICR_15878,MOLP_0209,FTICR_15878,NA,0,15879,318.2286457,16,33,5,1,0,0,0,0,CHON,Protein,319.2359222,-0.153441966,1,23,0.5227272727272727,2.0625,0.3125
Molecular,FTICR_15899,MOLP_0210,FTICR_15899,5,1,15900,319.0096025,14,8,9,0,0,0,0,0,CHO,ConHC,320.016879,-0.147214672,1,16,0.3636363636363637,0.5714285714285714,0.6428571428571429
Molecular,FTICR_15919,MOLP_0211,FTICR_15919,NA,0,15920,319.0856554,13,20,7,0,0,1,0,0,CHOS,Protein,320.0929318,0.130796012,1,26,0.5909090909090909,1.5384615384615383,0.5384615384615384
Molecular,FTICR_15923,MOLP_0212,FTICR_15923,NA,0,15924,319.1034682,13,20,9,0,0,0,0,0,CHO,AminoSugar,320.1107446,-0.038713623,1,24,0.5454545454545454,1.5384615384615383,0.6923076923076923
Molecular,FTICR_15931,MOLP_0213,FTICR_15931,NA,0,15932,319.1398553,14,24,8,0,0,0,0,0,CHO,AminoSugar,320.1471318,-0.043808718,1,24,0.5454545454545454,1.7142857142857142,0.5714285714285714
Molecular,FTICR_15940,MOLP_0204,FTICR_15827,13,2,15941,319.1914952,19,28,4,0,0,0,0,0,CHO,Lignin,320.1987717,-0.038376204,1,17,0.3863636363636363,1.4736842105263157,0.21052631578947367
Molecular,FTICR_15942,MOLP_0214,FTICR_15942,14,3,15943,319.2126118,16,32,6,0,0,0,0,0,CHO,Protein,320.2198882,0.001664231,1,17,0.3863636363636363,2,0.375
Molecular,FTICR_15945,MOLP_0215,FTICR_15945,NA,0,15946,319.2279243,20,32,3,0,0,0,0,0,CHO,Lipid,320.2352008,-0.174500093,1,29,0.6590909090909091,1.6,0.15
Molecular,FTICR_15969,MOLP_0216,FTICR_15969,NA,0,15970,320.1351277,13,23,8,1,0,0,0,0,CHON,AminoSugar,321.1424041,-0.116455359,1,15,0.3409090909090909,1.7692307692307692,0.6153846153846154
Molecular,FTICR_15979,MOLP_0217,FTICR_15979,2,6,15980,320.2079178,15,31,6,1,0,0,0,0,CHON,Protein,321.2151943,-0.176136531,1,23,0.5227272727272727,2.066666666666667,0.4
Molecular,FTICR_16031,MOLP_0218,FTICR_16031,NA,0,16032,321.2071539,19,30,4,0,0,0,0,0,CHO,Lipid,322.2144304,-0.064926459,1,15,0.3409090909090909,1.5789473684210529,0.21052631578947367
Molecular,FTICR_16033,MOLP_0219,FTICR_16033,NA,0,16034,321.2105062,16,34,4,0,0,1,0,0,CHOS,Lipid,322.2177826,-0.007319181,1,21,0.4772727272727273,2.125,0.25
Molecular,FTICR_16067,MOLP_0220,FTICR_16067,3,4,16068,322.1408704,15,21,5,3,0,0,0,0,CHON,Lignin,323.1481468,-0.080567075,1,13,0.29545454545454547,1.4,0.3333333333333333
Molecular,FTICR_16096,MOLP_0221,FTICR_16096,NA,0,16097,323.0044961,13,8,10,0,0,0,0,0,CHO,ConHC,324.0117726,-0.080529569,1,18,0.4090909090909091,0.6153846153846154,0.7692307692307693
Molecular,FTICR_16098,MOLP_0222,FTICR_16098,44,1,16099,323.0164879,13,12,4,2,0,2,0,0,CHONS,Lignin,324.0237643,0.258977199,1,13,0.29545454545454547,0.9230769230769232,0.3076923076923077
Molecular,FTICR_16142,MOLP_0223,FTICR_16142,NA,0,16143,323.2228031,19,32,4,0,0,0,0,0,CHO,Lipid,324.2300795,-0.061739943,1,21,0.4772727272727273,1.6842105263157894,0.21052631578947367
Molecular,FTICR_16193,MOLP_0224,FTICR_16193,NA,0,16194,325.0201573,13,10,10,0,0,0,0,0,CHO,ConHC,326.0274337,-0.114119629,1,18,0.4090909090909091,0.7692307692307693,0.7692307692307693
Molecular,FTICR_16198,MOLP_0225,FTICR_16198,6,4,16199,325.0354028,17,10,7,0,0,0,0,0,CHO,ConHC,326.0426792,-0.081404005,1,16,0.3636363636363637,0.5882352941176471,0.4117647058823529
Molecular,FTICR_16223,MOLP_0226,FTICR_16223,NA,0,16224,325.1478984,17,26,4,0,0,1,0,0,CHOS,Lipid,326.1551749,0.015792394,1,29,0.6590909090909091,1.5294117647058822,0.2352941176470588
Molecular,FTICR_16239,MOLP_0227,FTICR_16239,NA,0,16240,325.2384146,19,34,4,0,0,0,0,0,CHO,Lipid,326.2456911,0.056613967,1,19,0.4318181818181818,1.7894736842105263,0.21052631578947367
Molecular,FTICR_16276,MOLP_0228,FTICR_16276,NA,0,16277,326.2085436,16,29,4,3,0,0,0,0,CHON,Lipid,327.21582,-0.041550811,1,29,0.6590909090909091,1.8125,0.25
Molecular,FTICR_16289,MOLP_0229,FTICR_16289,6,2,16290,327.0146601,16,8,8,0,0,0,0,0,CHO,ConHC,328.0219365,-0.058813456,1,22,0.5,0.5,0.5
Molecular,FTICR_16292,MOLP_0086,FTICR_13434,7,1,16293,327.0357814,13,12,10,0,0,0,0,0,CHO,Tannin,328.0430579,-0.034462318,1,30,0.6818181818181818,0.9230769230769232,0.7692307692307693
Molecular,FTICR_16296,MOLP_0230,FTICR_16296,5,1,16297,327.0510204,17,12,7,0,0,0,0,0,CHO,ConHC,328.0582968,0.018003975,1,18,0.4090909090909091,0.7058823529411765,0.4117647058823529
Molecular,FTICR_16303,MOLP_0231,FTICR_16303,NA,0,16304,327.0874128,18,16,6,0,0,0,0,0,CHO,Lignin,328.0946893,-0.003182647,1,22,0.5,0.8888888888888888,0.3333333333333333
Molecular,FTICR_16313,MOLP_0232,FTICR_16313,NA,0,16314,327.127171,16,24,5,0,0,1,0,0,CHOS,Protein,328.1344475,-0.00882559,1,22,0.5,1.5,0.3125
Molecular,FTICR_16331,MOLP_0233,FTICR_16331,NA,0,16332,327.1813192,17,28,6,0,0,0,0,0,CHO,Protein,328.1885957,-0.021563392,1,21,0.4772727272727273,1.6470588235294117,0.35294117647058826
Molecular,FTICR_16344,MOLP_0234,FTICR_16344,2,2,16345,327.2540795,19,36,4,0,0,0,0,0,CHO,Lipid,328.261356,0.01116275,1,27,0.6136363636363636,1.894736842105263,0.21052631578947367
Molecular,FTICR_16383,MOLP_0235,FTICR_16383,3,5,16384,328.2241764,16,31,4,3,0,0,0,0,CHON,Lipid,329.2314528,0.011175356,1,12,0.2727272727272727,1.9375,0.25
Molecular,FTICR_16404,MOLP_0236,FTICR_16404,6,1,16405,329.0303068,16,10,8,0,0,0,0,0,CHO,ConHC,330.0375833,-0.048498384,1,28,0.6363636363636364,0.625,0.5
Molecular,FTICR_16409,MOLP_0237,FTICR_16409,NA,0,16410,329.0666981,17,14,7,0,0,0,0,0,CHO,Lignin,330.0739746,-0.065882544,1,23,0.5227272727272727,0.8235294117647058,0.4117647058823529
Molecular,FTICR_16420,MOLP_0238,FTICR_16420,NA,0,16421,329.1030546,18,18,6,0,0,0,0,0,CHO,Lignin,330.1103311,0.021903636,1,19,0.4318181818181818,1,0.3333333333333333
Molecular,FTICR_16438,MOLP_0239,FTICR_16438,NA,0,16439,329.1605957,16,26,7,0,0,0,0,0,CHO,Protein,330.1678722,-0.05746541,1,17,0.3863636363636363,1.625,0.4375
Molecular,FTICR_16441,MOLP_0240,FTICR_16441,NA,0,16442,329.1758422,20,26,4,0,0,0,0,0,CHO,Lignin,330.1831186,-0.028152243,1,22,0.5,1.3,0.2
Molecular,FTICR_16477,MOLP_0241,FTICR_16477,5,1,16478,330.1306654,13,21,7,3,0,0,0,0,CHON,Protein,331.1379419,0.024574411,1,18,0.4090909090909091,1.6153846153846154,0.5384615384615384
Molecular,FTICR_16485,MOLP_0242,FTICR_16485,NA,0,16486,330.192254,16,29,6,1,0,0,0,0,CHON,Protein,331.1995304,-0.129130247,1,22,0.5,1.8125,0.375
Molecular,FTICR_16512,MOLP_0243,FTICR_16512,69,1,16513,331.0522371,12,17,5,2,0,1,1,0,CHONSP,Lignin,332.0595136,0.196664993,1,15,0.3409090909090909,1.4166666666666667,0.4166666666666667
Molecular,FTICR_16525,MOLP_0244,FTICR_16525,NA,0,16526,331.1186925,18,20,6,0,0,0,0,0,CHO,Lignin,332.125969,0.058289127,1,18,0.4090909090909091,1.1111111111111112,0.3333333333333333
Molecular,FTICR_16581,MOLP_0245,FTICR_16581,NA,0,16582,332.1252222,16,19,5,3,0,0,0,0,CHON,Lignin,333.1324987,-0.083943216,1,21,0.4772727272727273,1.1875,0.3125
Molecular,FTICR_16582,MOLP_0246,FTICR_16582,NA,0,16583,332.1350909,14,23,8,1,0,0,0,0,CHON,AminoSugar,333.1423673,-0.001880818,1,16,0.3636363636363637,1.6428571428571428,0.5714285714285714
Molecular,FTICR_16589,MOLP_0247,FTICR_16589,NA,0,16590,332.1715043,15,27,7,1,0,0,0,0,CHON,Protein,333.1787808,-0.085660557,1,14,0.3181818181818182,1.8,0.4666666666666667
Molecular,FTICR_16591,MOLP_0248,FTICR_16591,NA,0,16592,332.1827113,14,27,6,3,0,0,0,0,CHON,Protein,333.1899877,-0.006308653,1,27,0.6136363636363636,1.9285714285714288,0.42857142857142855
Molecular,FTICR_16617,MOLP_0249,FTICR_16617,NA,0,16618,333.0252202,15,10,9,0,0,0,0,0,CHO,ConHC,334.0324967,-0.044122861,1,32,0.7272727272727273,0.6666666666666666,0.6
Molecular,FTICR_16629,MOLP_0250,FTICR_16629,8,1,16630,333.0827328,13,18,10,0,0,0,0,0,CHO,Tannin,334.0900092,-0.03724228,2,21,0.4772727272727273,1.3846153846153846,0.7692307692307693
Molecular,FTICR_16639,MOLP_0251,FTICR_16639,NA,0,16640,333.1191412,14,22,9,0,0,0,0,0,CHO,AminoSugar,334.1264177,-0.105805031,1,27,0.6136363636363636,1.5714285714285714,0.6428571428571429
Molecular,FTICR_16643,MOLP_0252,FTICR_16643,NA,0,16644,333.1343928,18,22,6,0,0,0,0,0,CHO,Lignin,334.1416692,-0.092178887,1,30,0.6818181818181818,1.2222222222222223,0.3333333333333333
Molecular,FTICR_16649,MOLP_0253,FTICR_16649,NA,0,16650,333.1563031,16,30,3,0,0,2,0,0,CHOS,Lipid,334.1635795,0.169646819,1,28,0.6363636363636364,1.875,0.1875
Molecular,FTICR_16656,MOLP_0254,FTICR_16656,15,1,16657,333.1918784,16,30,7,0,0,0,0,0,CHO,Protein,334.1991549,-0.004768488,1,19,0.4318181818181818,1.875,0.4375
Molecular,FTICR_16664,MOLP_0255,FTICR_16664,NA,0,16665,333.2395161,16,34,5,2,0,0,0,0,CHON,Protein,334.2467926,-0.060971654,1,18,0.4090909090909091,2.125,0.3125
Molecular,FTICR_16677,MOLP_0256,FTICR_16677,NA,0,16678,333.9276807,9,9,1,3,0,5,0,0,CHONS,UnsatHC,334.9349572,-0.124831043,2,17,0.3863636363636363,1,0.1111111111111111
Molecular,FTICR_16702,MOLP_0257,FTICR_16702,73,1,16703,334.1508104,14,25,8,1,0,0,0,0,CHON,AminoSugar,335.1580869,-0.209056556,1,19,0.4318181818181818,1.7857142857142858,0.5714285714285714
Molecular,FTICR_16708,MOLP_0258,FTICR_16708,NA,0,16709,334.1871676,15,29,7,1,0,0,0,0,CHON,Protein,335.194444,-0.124488353,1,22,0.5,1.9333333333333331,0.4666666666666667
Molecular,FTICR_16825,MOLP_0259,FTICR_16825,NA,0,16826,336.1201151,15,19,6,3,0,0,0,0,CHON,Lignin,337.1273915,-0.0183606,1,24,0.5454545454545454,1.2666666666666666,0.4
Molecular,FTICR_16827,MOLP_0260,FTICR_16827,NA,0,16828,336.1300915,13,23,9,1,0,0,0,0,CHON,AminoSugar,337.137368,-0.2569412,1,12,0.2727272727272727,1.7692307692307692,0.6923076923076923
Molecular,FTICR_16837,MOLP_0261,FTICR_16837,NA,0,16838,336.1664591,14,27,8,1,0,0,0,0,CHON,AminoSugar,337.1737355,-0.203661955,1,27,0.6136363636363636,1.9285714285714288,0.5714285714285714
Molecular,FTICR_16842,MOLP_0262,FTICR_16842,21,2,16843,336.2028382,15,31,7,1,0,0,0,0,CHON,Protein,337.2101147,-0.184838084,1,32,0.7272727272727273,2.066666666666667,0.4666666666666667
Molecular,FTICR_16878,MOLP_0263,FTICR_16878,NA,0,16879,337.0201284,14,10,10,0,0,0,0,0,CHO,ConHC,338.0274049,-0.024721955,1,29,0.6590909090909091,0.7142857142857143,0.7142857142857143
Molecular,FTICR_16926,MOLP_0264,FTICR_16926,6,1,16927,337.2020775,19,30,5,0,0,0,0,0,CHO,Lipid,338.209354,-0.088528004,1,27,0.6136363636363636,1.5789473684210529,0.2631578947368421
Molecular,FTICR_16981,MOLP_0265,FTICR_16981,2,2,16982,338.218465,15,33,7,1,0,0,0,0,CHON,Protein,339.2257414,-0.114974251,1,16,0.3636363636363637,2.2,0.4666666666666667
Molecular,FTICR_17004,MOLP_0266,FTICR_17004,NA,0,17005,339.0146436,17,8,8,0,0,0,0,0,CHO,ConHC,340.0219201,-0.00833264,1,16,0.3636363636363637,0.4705882352941176,0.4705882352941176
Molecular,FTICR_17106,MOLP_0267,FTICR_17106,NA,0,17107,340.1977325,14,31,8,1,0,0,0,0,CHON,Other,341.2050089,-0.122955975,1,28,0.6363636363636364,2.2142857142857144,0.5714285714285714
Molecular,FTICR_17113,MOLP_0268,FTICR_17113,NA,0,17114,340.2241651,17,31,4,3,0,0,0,0,CHON,Lipid,341.2314416,0.043794278,1,25,0.5681818181818182,1.8235294117647056,0.2352941176470588
Molecular,FTICR_17138,MOLP_0269,FTICR_17138,6,1,17139,341.0302761,17,10,8,0,0,0,0,0,CHO,ConHC,342.0375525,0.043171879,1,18,0.4090909090909091,0.5882352941176471,0.4705882352941176
Molecular,FTICR_17235,MOLP_0270,FTICR_17235,NA,0,17236,342.2285874,18,33,5,1,0,0,0,0,CHON,Lipid,343.2358639,0.027092242,1,17,0.3863636363636363,1.8333333333333333,0.2777777777777778
Molecular,FTICR_17259,MOLP_0271,FTICR_17259,NA,0,17260,343.0095801,16,8,9,0,0,0,0,0,CHO,ConHC,344.0168565,-0.071755943,1,17,0.3863636363636363,0.5,0.5625
Molecular,FTICR_17261,MOLP_0272,FTICR_17261,5,1,17262,343.0306833,13,12,11,0,0,0,0,0,CHO,Tannin,344.0379598,0.004150956,1,23,0.5227272727272727,0.9230769230769232,0.8461538461538461
Molecular,FTICR_17263,MOLP_0273,FTICR_17263,7,1,17264,343.0459415,17,12,8,0,0,0,0,0,CHO,ConHC,344.0532179,-0.001619694,1,28,0.6363636363636364,0.7058823529411765,0.4705882352941176
Molecular,FTICR_17272,MOLP_0274,FTICR_17272,NA,0,17273,343.08236900000003,18,16,7,0,0,0,0,0,CHO,Lignin,344.0896455,-0.123873475,1,24,0.5454545454545454,0.8888888888888888,0.3888888888888889
Molecular,FTICR_17282,MOLP_0275,FTICR_17282,NA,0,17283,343.1187301,19,20,6,0,0,0,0,0,CHO,Lignin,344.1260066,-0.052909877,1,16,0.3636363636363637,1.0526315789473684,0.3157894736842105
Molecular,FTICR_17291,MOLP_0276,FTICR_17291,NA,0,17292,343.158465,17,28,5,0,0,1,0,0,CHOS,Lipid,344.1657414,0.009508268,1,17,0.3863636363636363,1.6470588235294117,0.29411764705882354
Molecular,FTICR_17336,MOLP_0277,FTICR_17336,NA,0,17337,344.1358961,16,27,3,1,0,2,0,0,CHONS,Lipid,345.1431725,0.181341614,1,14,0.3181818181818182,1.6875,0.1875
Molecular,FTICR_17339,MOLP_0278,FTICR_17339,NA,0,17340,344.146313,14,23,7,3,0,0,0,0,CHON,Protein,345.1535895,0.030731934,1,19,0.4318181818181818,1.6428571428571428,0.5
Molecular,FTICR_17350,MOLP_0279,FTICR_17350,NA,0,17351,344.2190672,16,31,5,3,0,0,0,0,CHON,Protein,345.2263437,0.079442804,1,27,0.6136363636363636,1.9375,0.3125
Molecular,FTICR_17352,MOLP_0280,FTICR_17352,63,1,17353,344.2442585,18,35,5,1,0,0,0,0,CHON,Lipid,345.251535,-0.033968509,1,13,0.29545454545454547,1.9444444444444444,0.2777777777777778
Molecular,FTICR_17374,MOLP_0281,FTICR_17374,NA,0,17375,345.0252303,16,10,9,0,0,0,0,0,CHO,ConHC,346.0325068,-0.07192516,1,27,0.6136363636363636,0.625,0.5625
Molecular,FTICR_17376,MOLP_0282,FTICR_17376,NA,0,17377,345.0463193,13,14,11,0,0,0,0,0,CHO,Tannin,346.0535957,0.044937028,1,26,0.5909090909090909,1.0769230769230769,0.8461538461538461
Molecular,FTICR_17379,MOLP_0283,FTICR_17379,NA,0,17380,345.0678718,13,19,5,2,0,1,1,0,CHONSP,Lignin,346.0751482,0.233164652,1,22,0.5,1.4615384615384617,0.38461538461538464
Molecular,FTICR_17385,MOLP_0284,FTICR_17385,NA,0,17386,345.0979721,18,18,7,0,0,0,0,0,CHO,Lignin,346.1052486,0.012607665,1,32,0.7272727272727273,1,0.3888888888888889
Molecular,FTICR_17392,MOLP_0285,FTICR_17392,5,1,17393,345.1343936,19,22,6,0,0,0,0,0,CHO,Lignin,346.1416701,-0.091478277,1,20,0.4545454545454546,1.1578947368421053,0.3157894736842105
Molecular,FTICR_17474,MOLP_0286,FTICR_17474,NA,0,17475,346.9683969,7,12,8,2,0,3,0,0,CHONS,Other,347.9756733,-0.275563358,1,25,0.5681818181818182,1.7142857142857142,1.1428571428571428
Molecular,FTICR_17483,MOLP_0287,FTICR_17483,74,1,17484,347.0619866,13,16,11,0,0,0,0,0,CHO,Tannin,348.0692631,-0.004985157,2,15,0.3409090909090909,1.2307692307692308,0.8461538461538461
Molecular,FTICR_17493,MOLP_0288,FTICR_17493,NA,0,17494,347.098328,14,20,10,0,0,0,0,0,CHO,Tannin,348.1056045,0.121790972,2,27,0.6136363636363636,1.4285714285714286,0.7142857142857143
Molecular,FTICR_17507,MOLP_0289,FTICR_17507,NA,0,17508,347.1500242,19,24,6,0,0,0,0,0,CHO,Lignin,348.1573007,-0.034910531,1,29,0.6590909090909091,1.263157894736842,0.3157894736842105
Molecular,FTICR_17511,MOLP_0290,FTICR_17511,NA,0,17512,347.1711727,16,28,8,0,0,0,0,0,CHO,Protein,348.1784492,-0.089882024,1,18,0.4090909090909091,1.75,0.5
Molecular,FTICR_17523,MOLP_0291,FTICR_17523,NA,0,17524,347.2187711,16,32,6,2,0,0,0,0,CHON,Protein,348.2260476,-0.031019917,1,16,0.3636363636363637,2,0.375
Molecular,FTICR_17554,MOLP_0292,FTICR_17554,NA,0,17555,348.1565071,17,23,5,3,0,0,0,0,CHON,Lignin,349.1637836,-0.036423779,1,19,0.4318181818181818,1.3529411764705883,0.29411764705882354
Molecular,FTICR_17556,MOLP_0293,FTICR_17556,13,1,17557,348.1664079,15,27,8,1,0,0,0,0,CHON,Protein,349.1736844,-0.050138569,1,13,0.29545454545454547,1.8,0.5333333333333333
Molecular,FTICR_17590,MOLP_0294,FTICR_17590,7,2,17591,349.0201446,15,10,10,0,0,0,0,0,CHO,ConHC,350.0274211,-0.070137019,1,25,0.5681818181818182,0.6666666666666666,0.6666666666666666
Molecular,FTICR_17623,MOLP_0295,FTICR_17623,NA,0,17624,349.165661,19,26,6,0,0,0,0,0,CHO,Lignin,350.1729374,0.003261208,1,30,0.6818181818181818,1.368421052631579,0.3157894736842105
Molecular,FTICR_17665,MOLP_0296,FTICR_17665,5,1,17666,350.1093229,13,21,10,1,0,0,0,0,CHON,Carb,351.1165993,-0.152153794,1,18,0.4090909090909091,1.6153846153846154,0.7692307692307693
Molecular,FTICR_17666,MOLP_0297,FTICR_17666,NA,0,17667,350.1245359,17,21,7,1,0,0,0,0,CHON,Lignin,351.1318123,-0.029284957,1,14,0.3181818181818182,1.2352941176470589,0.4117647058823529
Molecular,FTICR_17676,MOLP_0298,FTICR_17676,1,2,17677,350.1721871,17,25,5,3,0,0,0,0,CHON,Lignin,351.1794635,-0.121287945,1,14,0.3181818181818182,1.4705882352941178,0.29411764705882354
Molecular,FTICR_17677,MOLP_0299,FTICR_17677,NA,0,17678,350.1821219,15,29,8,1,0,0,0,0,CHON,Protein,351.1893983,-0.231850806,1,16,0.3636363636363637,1.9333333333333331,0.5333333333333333
Molecular,FTICR_17739,MOLP_0300,FTICR_17739,1,1,17740,351.1813006,19,28,6,0,0,0,0,0,CHO,Lignin,352.1885771,0.032848241,1,31,0.7045454545454546,1.4736842105263157,0.3157894736842105
Molecular,FTICR_17750,MOLP_0301,FTICR_17750,NA,0,17751,351.250089,16,36,6,2,0,0,0,0,CHON,Protein,352.2573655,-0.081229627,1,15,0.3409090909090909,2.25,0.375
Molecular,FTICR_17776,MOLP_0302,FTICR_17776,NA,0,17777,352.1514053,16,23,6,3,0,0,0,0,CHON,Lignin,353.1586818,0.010438046,1,12,0.2727272727272727,1.4375,0.375
Molecular,FTICR_17781,MOLP_0303,FTICR_17781,NA,0,17782,352.176601,18,27,6,1,0,0,0,0,CHON,Protein,353.1838775,-0.112865798,1,16,0.3636363636363637,1.5,0.3333333333333333
Molecular,FTICR_17787,MOLP_0304,FTICR_17787,NA,0,17788,352.1977652,15,31,8,1,0,0,0,0,CHON,Protein,353.2050417,-0.21142756,1,23,0.5227272727272727,2.066666666666667,0.5333333333333333
Molecular,FTICR_17804,MOLP_0305,FTICR_17804,NA,0,17805,353.0150581,14,10,11,0,0,0,0,0,CHO,ConHC,354.0223345,-0.066024672,2,16,0.3636363636363637,0.7142857142857143,0.7857142857142857
Molecular,FTICR_17809,MOLP_0306,FTICR_17809,NA,0,17810,353.030288,18,10,8,0,0,0,0,0,CHO,ConHC,354.0375645,0.007898702,1,19,0.4318181818181818,0.5555555555555556,0.4444444444444444
Molecular,FTICR_17812,MOLP_0307,FTICR_17812,NA,0,17813,353.0391909,10,15,10,2,0,0,1,0,CHONP,Carb,354.0464674,-0.102101688,1,14,0.3181818181818182,1.5,1
Molecular,FTICR_17838,MOLP_0308,FTICR_17838,NA,0,17839,353.1453114,14,26,10,0,0,0,0,0,CHO,Carb,354.1525878,0.02607853,2,13,0.29545454545454547,1.8571428571428572,0.7142857142857143
Molecular,FTICR_17891,MOLP_0309,FTICR_17891,NA,0,17892,354.1348574,13,29,2,3,0,3,0,0,CHONS,Lipid,355.1421338,0.156078872,1,25,0.5681818181818182,2.230769230769231,0.15384615384615383
Molecular,FTICR_17905,MOLP_0310,FTICR_17905,NA,0,17906,354.1922622,18,29,6,1,0,0,0,0,CHON,Protein,355.1995386,-0.143469618,1,27,0.6136363636363636,1.6111111111111112,0.3333333333333333
Molecular,FTICR_17930,MOLP_0311,FTICR_17930,NA,0,17931,355.0095592,17,8,9,0,0,0,0,0,CHO,ConHC,356.0168356,-0.01062757,1,17,0.3863636363636363,0.4705882352941176,0.5294117647058824
Molecular,FTICR_17933,MOLP_0312,FTICR_17933,NA,0,17934,355.0306648,14,12,11,0,0,0,0,0,CHO,Tannin,356.0379412,0.056156875,1,28,0.6363636363636364,0.8571428571428571,0.7857142857142857
Molecular,FTICR_17936,MOLP_0313,FTICR_17936,NA,0,17937,355.0459243,18,12,8,0,0,0,0,0,CHO,ConHC,356.0532007,0.046726319,1,18,0.4090909090909091,0.6666666666666666,0.4444444444444444
Molecular,FTICR_17970,MOLP_0314,FTICR_17970,37,1,17971,355.1584616,18,28,5,0,0,1,0,0,CHOS,Lipid,356.165738,0.018684117,1,30,0.6818181818181818,1.5555555555555556,0.2777777777777778
Molecular,FTICR_17977,MOLP_0315,FTICR_17977,NA,0,17978,355.1948407,19,32,4,0,0,1,0,0,CHOS,Lipid,356.2021171,0.036655879,1,15,0.3409090909090909,1.6842105263157894,0.21052631578947367
Molecular,FTICR_18016,MOLP_0316,FTICR_18016,NA,0,18017,356.1463272,15,23,7,3,0,0,0,0,CHON,Protein,357.1536037,-0.010039245,1,17,0.3863636363636363,1.5333333333333334,0.4666666666666667
Molecular,FTICR_18029,MOLP_0317,FTICR_18029,NA,0,18030,356.2078498,18,31,6,1,0,0,0,0,CHON,Protein,357.2151262,0.032197165,1,25,0.5681818181818182,1.7222222222222223,0.3333333333333333
Molecular,FTICR_18044,MOLP_0318,FTICR_18044,9,1,18045,356.8703558,9,10,1,0,0,7,0,0,CHOS,UnsatHC,357.8776323,0.0769046,1,24,0.5454545454545454,1.1111111111111112,0.1111111111111111
Molecular,FTICR_18051,MOLP_0319,FTICR_18051,50,1,18052,357.025199,17,10,9,0,0,0,0,0,CHO,ConHC,358.0324755,0.01802356,1,24,0.5454545454545454,0.5882352941176471,0.5294117647058824
Molecular,FTICR_18064,MOLP_0320,FTICR_18064,58,1,18065,357.097972,19,18,7,0,0,0,0,0,CHO,Lignin,358.1052484,0.012549918,1,23,0.5227272727272727,0.9473684210526316,0.3684210526315789
Molecular,FTICR_18072,MOLP_0321,FTICR_18072,NA,0,18073,357.1303521,15,22,8,2,0,0,0,0,CHON,Lignin,358.1376285,-0.035865845,1,12,0.2727272727272727,1.4666666666666666,0.5333333333333333
Molecular,FTICR_18143,MOLP_0322,FTICR_18143,3,40,18144,358.1515797,17,29,3,1,0,2,0,0,CHONS,Lipid,359.1588562,0.080731742,1,19,0.4318181818181818,1.7058823529411764,0.17647058823529413
Molecular,FTICR_18145,MOLP_0323,FTICR_18145,NA,0,18146,358.1619918,15,25,7,3,0,0,0,0,CHON,Protein,359.1692683,-0.050348277,1,14,0.3181818181818182,1.6666666666666667,0.4666666666666667
Molecular,FTICR_18181,MOLP_0324,FTICR_18181,NA,0,18182,359.0408862,17,12,9,0,0,0,0,0,CHO,ConHC,360.0481627,-0.085194906,1,32,0.7272727272727273,0.7058823529411765,0.5294117647058824
Molecular,FTICR_18208,MOLP_0325,FTICR_18208,NA,0,18209,359.1500187,20,24,6,0,0,0,0,0,CHO,Lignin,360.1572951,-0.018410141,1,18,0.4090909090909091,1.2,0.3
Molecular,FTICR_18225,MOLP_0326,FTICR_18225,NA,0,18226,359.2227696,22,32,4,0,0,0,0,0,CHO,Lignin,360.2300461,0.037264298,1,16,0.3636363636363637,1.4545454545454546,0.18181818181818185
Molecular,FTICR_18255,MOLP_0327,FTICR_18255,5,1,18256,360.1412317,14,23,8,3,0,0,0,0,CHON,AminoSugar,361.1485081,0.018298975,1,21,0.4772727272727273,1.6428571428571428,0.5714285714285714
Molecular,FTICR_18261,MOLP_0328,FTICR_18261,NA,0,18262,360.1664268,16,27,8,1,0,0,0,0,CHON,Protein,361.1737033,-0.100832867,1,28,0.6363636363636364,1.6875,0.5
Molecular,FTICR_18277,MOLP_0329,FTICR_18277,NA,0,18278,360.2391802,18,35,6,1,0,0,0,0,CHON,Protein,361.2464566,-0.051944235,1,30,0.6818181818181818,1.9444444444444444,0.3333333333333333
Molecular,FTICR_18289,MOLP_0330,FTICR_18289,NA,0,18290,361.0201181,16,10,10,0,0,0,0,0,CHO,ConHC,362.0273945,0.005578485,1,22,0.5,0.625,0.625
Molecular,FTICR_18301,MOLP_0331,FTICR_18301,NA,0,18302,361.077602,14,18,11,0,0,0,0,0,CHO,Tannin,362.0848785,0.090944504,2,28,0.6363636363636364,1.2857142857142858,0.7857142857142857
Molecular,FTICR_18309,MOLP_0332,FTICR_18309,NA,0,18310,361.1140383,15,22,10,0,0,0,0,0,CHO,Tannin,362.1213148,-0.049382725,2,24,0.5454545454545454,1.4666666666666666,0.6666666666666666
Molecular,FTICR_18313,MOLP_0333,FTICR_18313,NA,0,18314,361.1292487,19,22,7,0,0,0,0,0,CHO,Lignin,362.1365252,0.076918199,1,32,0.7272727272727273,1.1578947368421053,0.3684210526315789
Molecular,FTICR_18330,MOLP_0334,FTICR_18330,NA,0,18331,361.1867836,17,30,8,0,0,0,0,0,CHO,Protein,362.19406,0.021815629,1,15,0.3409090909090909,1.7647058823529411,0.4705882352941176
Molecular,FTICR_18368,MOLP_0335,FTICR_18368,1,2,18369,362.1721745,18,25,5,3,0,0,0,0,CHON,Lignin,363.179451,-0.082709195,1,19,0.4318181818181818,1.3888888888888888,0.2777777777777778
Molecular,FTICR_18400,MOLP_0336,FTICR_18400,NA,0,18401,363.0357747,16,12,10,0,0,0,0,0,CHO,ConHC,364.0430512,-0.012533704,1,33,0.75,0.75,0.625
Molecular,FTICR_18442,MOLP_0337,FTICR_18442,14,1,18443,363.2176766,21,32,5,0,0,0,0,0,CHO,Lipid,364.2249531,0.05779882,1,15,0.3409090909090909,1.5238095238095235,0.23809523809523808
Molecular,FTICR_18470,MOLP_0338,FTICR_18470,NA,0,18471,364.1513843,17,23,6,3,0,0,0,0,CHON,Lignin,365.1586608,0.067715598,1,29,0.6590909090909091,1.3529411764705883,0.35294117647058826
Molecular,FTICR_18503,MOLP_0339,FTICR_18503,NA,0,18504,365.0150689,15,10,11,0,0,0,0,0,CHO,ConHC,366.0223454,-0.093529302,2,17,0.3863636363636363,0.6666666666666666,0.7333333333333333
Molecular,FTICR_18541,MOLP_0340,FTICR_18541,NA,0,18542,365.2293604,16,34,7,2,0,0,0,0,CHON,Protein,366.2366368,-0.096609146,1,26,0.5909090909090909,2.125,0.4375
Molecular,FTICR_18543,MOLP_0341,FTICR_18543,14,1,18544,365.2333517,21,34,5,0,0,0,0,0,CHO,Lipid,366.2406281,-0.010767651,1,18,0.4090909090909091,1.619047619047619,0.23809523809523808
Molecular,FTICR_18567,MOLP_0342,FTICR_18567,NA,0,18568,366.1306965,16,21,7,3,0,0,0,0,CHON,Lignin,367.1379729,-0.062305898,1,29,0.6590909090909091,1.3125,0.4375
Molecular,FTICR_18590,MOLP_0343,FTICR_18590,NA,0,18591,366.249761,17,37,7,1,0,0,0,0,CHON,Protein,367.2570374,-0.094980462,1,22,0.5,2.176470588235294,0.4117647058823529
Molecular,FTICR_18612,MOLP_0086,FTICR_13434,7,1,18613,367.0306612,15,12,11,0,0,0,0,0,CHO,Tannin,368.0379377,0.064018998,1,30,0.6818181818181818,0.8,0.7333333333333333
Molecular,FTICR_18657,MOLP_0344,FTICR_18657,NA,0,18658,367.2489663,21,36,5,0,0,0,0,0,CHO,Lipid,368.2562427,0.085596491,1,12,0.2727272727272727,1.7142857142857142,0.23809523809523808
Molecular,FTICR_18690,MOLP_0345,FTICR_18690,NA,0,18691,368.1715087,18,27,7,1,0,0,0,0,CHON,Protein,369.1787852,-0.089264517,1,20,0.4545454545454546,1.5,0.3888888888888889
Molecular,FTICR_18726,MOLP_0346,FTICR_18726,NA,0,18727,369.0252138,18,10,9,0,0,0,0,0,CHO,ConHC,370.0324903,-0.022557425,1,18,0.4090909090909091,0.5555555555555556,0.5
Molecular,FTICR_18782,MOLP_0347,FTICR_18782,NA,0,18783,369.3010647,22,42,4,0,0,0,0,0,CHO,Lipid,370.3083412,-0.084705416,1,15,0.3409090909090909,1.9090909090909092,0.18181818181818185
Molecular,FTICR_18842,MOLP_0348,FTICR_18842,8,1,18843,371.0256099,14,12,12,0,0,0,0,0,CHO,Tannin,372.0328863,-0.028165653,2,19,0.4318181818181818,0.8571428571428571,0.8571428571428571
Molecular,FTICR_18844,MOLP_0349,FTICR_18844,NA,0,18845,371.0408717,18,12,9,0,0,0,0,0,CHO,ConHC,372.0481482,-0.043534864,1,28,0.6363636363636364,0.6666666666666666,0.5
Molecular,FTICR_18850,MOLP_0350,FTICR_18850,NA,0,18851,371.0772516,19,16,8,0,0,0,0,0,CHO,Lignin,372.084528,-0.02835775,1,26,0.5909090909090909,0.8421052631578947,0.42105263157894735
Molecular,FTICR_18871,MOLP_0351,FTICR_18871,NA,0,18872,371.1459932,16,24,8,2,0,0,0,0,CHON,Protein,372.1532697,-0.010504489,1,15,0.3409090909090909,1.5,0.5
Molecular,FTICR_18940,MOLP_0352,FTICR_18940,4,10,18941,372.1308394,17,27,4,1,0,2,0,0,CHONS,Lipid,373.1381158,0.090864475,1,15,0.3409090909090909,1.588235294117647,0.2352941176470588
Molecular,FTICR_18946,MOLP_0353,FTICR_18946,NA,0,18947,372.1412044,15,23,8,3,0,0,0,0,CHON,Protein,373.1484809,0.090720067,1,14,0.3181818181818182,1.5333333333333334,0.5333333333333333
Molecular,FTICR_18956,MOLP_0354,FTICR_18956,NA,0,18957,372.1776429,16,27,7,3,0,0,0,0,CHON,Protein,373.1849194,-0.051380223,1,14,0.3181818181818182,1.6875,0.4375
Molecular,FTICR_18968,MOLP_0355,FTICR_18968,25,1,18969,372.2391519,19,35,6,1,0,0,0,0,CHON,Protein,373.2464284,0.025402458,1,18,0.4090909090909091,1.8421052631578947,0.3157894736842105
Molecular,FTICR_19010,MOLP_0356,FTICR_19010,NA,0,19011,373.0200899,17,10,10,0,0,0,0,0,CHO,ConHC,374.0273664,0.080625654,1,23,0.5227272727272727,0.5882352941176471,0.5882352941176471
Molecular,FTICR_19013,MOLP_0357,FTICR_19013,NA,0,19014,373.0412584,14,14,12,0,0,0,0,0,CHO,Tannin,374.0485348,-0.023866635,2,26,0.5909090909090909,1,0.8571428571428571
Molecular,FTICR_19035,MOLP_0358,FTICR_19035,5,1,19036,373.1292851,20,22,7,0,0,0,0,0,CHO,Lignin,374.1365616,-0.022782128,1,23,0.5227272727272727,1.1,0.35
Molecular,FTICR_19060,MOLP_0359,FTICR_19060,NA,0,19061,373.2020363,22,30,5,0,0,0,0,0,CHO,Lignin,374.2093128,0.030125618,1,13,0.29545454545454547,1.3636363636363635,0.2272727272727273
Molecular,FTICR_19070,MOLP_0360,FTICR_19070,NA,0,19071,373.2595596,20,38,6,0,0,0,0,0,CHO,Protein,374.2668361,0.007589127,1,21,0.4772727272727273,1.9,0.3
Molecular,FTICR_19091,MOLP_0361,FTICR_19091,3,1,19092,374.1100918,16,25,5,1,0,2,0,0,CHONS,Protein,375.1173683,0.122588741,1,28,0.6363636363636364,1.5625,0.3125
Molecular,FTICR_19106,MOLP_0362,FTICR_19106,NA,0,19107,374.1762779,24,25,3,1,0,0,0,0,CHON,Lignin,375.1835544,-0.295022571,2,15,0.3409090909090909,1.0416666666666667,0.125
Molecular,FTICR_19108,MOLP_0363,FTICR_19108,NA,0,19109,374.1820337,17,29,8,1,0,0,0,0,CHON,Protein,375.1893102,0.017907619,1,18,0.4090909090909091,1.7058823529411764,0.4705882352941176
Molecular,FTICR_19115,MOLP_0364,FTICR_19115,2,3,19116,374.2084818,20,29,4,3,0,0,0,0,CHON,Lignin,375.2157583,0.128340879,1,12,0.2727272727272727,1.45,0.2
Molecular,FTICR_19146,MOLP_0365,FTICR_19146,7,1,19147,375.0357953,17,12,10,0,0,0,0,0,CHO,ConHC,376.0430718,-0.066886877,1,33,0.75,0.7058823529411765,0.5882352941176471
Molecular,FTICR_19150,MOLP_0366,FTICR_19150,NA,0,19151,375.0569414,14,16,12,0,0,0,0,0,CHO,Tannin,376.0642179,-0.111412717,3,25,0.5681818181818182,1.1428571428571428,0.8571428571428571
Molecular,FTICR_19168,MOLP_0367,FTICR_19168,NA,0,19169,375.1296808,16,24,10,0,0,0,0,0,CHO,AminoSugar,376.1369572,-0.027200293,2,30,0.6818181818181818,1.5,0.625
Molecular,FTICR_19179,MOLP_0368,FTICR_19179,NA,0,19180,375.1660541,17,28,9,0,0,0,0,0,CHO,Protein,376.1733306,0.005074439,1,27,0.6136363636363636,1.6470588235294117,0.5294117647058824
Molecular,FTICR_19186,MOLP_0369,FTICR_19186,NA,0,19187,375.1812909,21,28,6,0,0,0,0,0,CHO,Lignin,376.1885673,0.056579391,1,17,0.3863636363636363,1.3333333333333333,0.2857142857142857
Molecular,FTICR_19191,MOLP_0370,FTICR_19191,NA,0,19192,375.2024267,18,32,8,0,0,0,0,0,CHO,Protein,376.2097031,0.039506427,1,28,0.6363636363636364,1.7777777777777777,0.4444444444444444
Molecular,FTICR_19197,MOLP_0371,FTICR_19197,15,2,19198,375.2177035,22,32,5,0,0,0,0,0,CHO,Lignin,376.2249799,-0.015415692,1,23,0.5227272727272727,1.4545454545454546,0.2272727272727273
Molecular,FTICR_19203,MOLP_0372,FTICR_19203,NA,0,19204,375.2388018,19,36,7,0,0,0,0,0,CHO,Protein,376.2460783,0.067075698,1,20,0.4545454545454546,1.894736842105263,0.3684210526315789
Molecular,FTICR_19205,MOLP_0373,FTICR_19205,NA,0,19206,375.2751872,20,40,6,0,0,0,0,0,CHO,Protein,376.2824637,0.067262555,1,16,0.3636363636363637,2,0.3
Molecular,FTICR_19207,MOLP_0374,FTICR_19207,NA,0,19208,375.3033533,21,45,3,0,0,0,1,0,CHOP,Lipid,376.3106298,0.005369465,1,22,0.5,2.142857142857143,0.14285714285714285
Molecular,FTICR_19240,MOLP_0375,FTICR_19240,NA,0,19241,376.1514312,18,23,6,3,0,0,0,0,CHON,Lignin,377.1587077,-0.058767277,1,26,0.5909090909090909,1.2777777777777777,0.3333333333333333
Molecular,FTICR_19241,MOLP_0376,FTICR_19241,NA,0,19242,376.1547664,15,27,6,3,0,1,0,0,CHONS,Protein,377.1620428,0.03576187,1,14,0.3181818181818182,1.8,0.4
Molecular,FTICR_19243,MOLP_0377,FTICR_19243,22,1,19244,376.161346,16,27,9,1,0,0,0,0,CHON,AminoSugar,377.1686225,-0.108777155,1,21,0.4772727272727273,1.6875,0.5625
Molecular,FTICR_19253,MOLP_0378,FTICR_19253,12,1,19254,376.1977155,17,31,8,1,0,0,0,0,CHON,Protein,377.2049919,-0.066155184,1,20,0.4545454545454546,1.8235294117647056,0.4705882352941176
Molecular,FTICR_19266,MOLP_0379,FTICR_19266,NA,0,19267,376.2340694,18,35,7,1,0,0,0,0,CHON,Protein,377.2413458,0.01765283,1,19,0.4318181818181818,1.9444444444444444,0.3888888888888889
Molecular,FTICR_19288,MOLP_0380,FTICR_19288,NA,0,19289,377.01504,16,10,11,0,0,0,0,0,CHO,ConHC,378.0223165,-0.014118909,2,18,0.4090909090909091,0.625,0.6875
Molecular,FTICR_19329,MOLP_0381,FTICR_19329,NA,0,19330,377.196941,21,30,6,0,0,0,0,0,CHO,Lignin,378.2042174,0.056218446,1,21,0.4772727272727273,1.4285714285714286,0.2857142857142857
Molecular,FTICR_19331,MOLP_0382,FTICR_19331,NA,0,19332,377.20022290000003,18,34,6,0,0,1,0,0,CHOS,Protein,378.2074993,0.291315098,1,14,0.3181818181818182,1.8888888888888888,0.3333333333333333
Molecular,FTICR_19354,MOLP_0383,FTICR_19354,NA,0,19355,377.9065873,10,7,7,1,0,2,2,0,CHONSP,ConHC,378.9138637,0.137902091,1,22,0.5,0.7,0.7
Molecular,FTICR_19381,MOLP_0384,FTICR_19381,2,1,19382,378.1770071,16,29,9,1,0,0,0,0,CHON,AminoSugar,379.1842836,-0.137263493,1,30,0.6818181818181818,1.8125,0.5625
Molecular,FTICR_19391,MOLP_0385,FTICR_19391,NA,0,19392,378.2133751,17,33,8,1,0,0,0,0,CHON,Protein,379.2206516,-0.091012489,1,23,0.5227272727272727,1.9411764705882353,0.4705882352941176
Molecular,FTICR_19394,MOLP_0386,FTICR_19394,67,1,19395,378.2320143,18,37,5,1,0,1,0,0,CHONS,Lipid,379.2392908,-0.123335005,1,16,0.3636363636363637,2.0555555555555554,0.2777777777777778
Molecular,FTICR_19416,MOLP_0387,FTICR_19416,7,1,19417,379.0306918,16,12,11,0,0,0,0,0,CHO,ConHC,380.0379682,-0.018389163,2,33,0.75,0.75,0.6875
Molecular,FTICR_19465,MOLP_0388,FTICR_19465,NA,0,19466,379.2126342,21,32,6,0,0,0,0,0,CHO,Lipid,380.2199107,-0.05757534,1,25,0.5681818181818182,1.5238095238095235,0.2857142857142857
Molecular,FTICR_19471,MOLP_0389,FTICR_19471,NA,0,19472,379.2489802,22,36,5,0,0,0,0,0,CHO,Lipid,380.2562566,0.046344403,1,23,0.5227272727272727,1.6363636363636365,0.2272727272727273
Molecular,FTICR_19504,MOLP_0390,FTICR_19504,NA,0,19505,380.1926191,16,31,9,1,0,0,0,0,CHON,AminoSugar,381.1998956,-0.036721193,1,31,0.7045454545454546,1.9375,0.5625
Molecular,FTICR_19588,MOLP_0391,FTICR_19588,NA,0,19589,381.2282796,21,34,6,0,0,0,0,0,CHO,Lipid,382.2355561,-0.04508378,1,26,0.5909090909090909,1.619047619047619,0.2857142857142857
Molecular,FTICR_19590,MOLP_0392,FTICR_19590,13,8,19591,381.2315714,18,38,6,0,0,1,0,0,CHOS,Protein,382.2388478,0.161727092,1,18,0.4090909090909091,2.111111111111111,0.3333333333333333
Molecular,FTICR_19628,MOLP_0393,FTICR_19628,NA,0,19629,382.2082998,16,33,9,1,0,0,0,0,CHON,AminoSugar,383.2155763,-0.116448577,1,20,0.4545454545454546,2.0625,0.5625
Molecular,FTICR_19654,MOLP_0394,FTICR_19654,5,1,19655,383.025592,15,12,12,0,0,0,0,0,CHO,Tannin,384.0328684,0.019296648,1,22,0.5,0.8,0.8
Molecular,FTICR_19656,MOLP_0395,FTICR_19656,NA,0,19657,383.0407814,19,12,9,0,0,0,0,0,CHO,ConHC,384.0480579,0.192989441,2,11,0.25,0.631578947368421,0.47368421052631576
Molecular,FTICR_19680,MOLP_0396,FTICR_19680,11,1,19681,383.1477544,15,29,9,0,0,0,1,0,CHOP,AminoSugar,384.1550309,-0.291161936,1,22,0.5,1.9333333333333331,0.6
Molecular,FTICR_19694,MOLP_0397,FTICR_19694,NA,0,19695,383.184085,16,33,8,0,0,0,1,0,CHOP,Protein,384.1913614,-0.148078491,1,23,0.5227272727272727,2.0625,0.5
Molecular,FTICR_19696,MOLP_0398,FTICR_19696,NA,0,19697,383.1922324,16,32,10,0,0,0,0,0,CHO,AminoSugar,384.1995089,0.099899451,2,23,0.5227272727272727,2,0.625
Molecular,FTICR_19703,MOLP_0399,FTICR_19703,34,1,19704,383.2205158,17,37,7,0,0,0,1,0,CHOP,Protein,384.2277923,-0.266010424,1,23,0.5227272727272727,2.176470588235294,0.4117647058823529
Molecular,FTICR_19707,MOLP_0400,FTICR_19707,NA,0,19708,383.2438933,21,36,6,0,0,0,0,0,CHO,Lipid,384.2511698,0.049769589,1,24,0.5454545454545454,1.7142857142857142,0.2857142857142857
Molecular,FTICR_19737,MOLP_0401,FTICR_19737,NA,0,19738,384.1663458,18,27,8,1,0,0,0,0,CHON,Protein,385.1736223,0.115727988,1,22,0.5,1.5,0.4444444444444444
Molecular,FTICR_19769,MOLP_0402,FTICR_19769,5,1,19770,385.0200963,18,10,10,0,0,0,0,0,CHO,ConHC,386.0273727,0.061641018,1,16,0.3636363636363637,0.5555555555555556,0.5555555555555556
Molecular,FTICR_19775,MOLP_0403,FTICR_19775,NA,0,19776,385.0565085,19,14,9,0,0,0,0,0,CHO,ConHC,386.063785,-0.007559839,1,25,0.5681818181818182,0.7368421052631579,0.47368421052631576
Molecular,FTICR_19783,MOLP_0404,FTICR_19783,NA,0,19784,385.092835,20,18,8,0,0,0,0,0,CHO,Lignin,386.1001114,0.145363224,2,15,0.3409090909090909,0.9,0.4
Molecular,FTICR_19833,MOLP_0405,FTICR_19833,42,1,19834,385.2595535,21,38,6,0,0,0,0,0,CHO,Lipid,386.2668299,0.023367423,1,26,0.5909090909090909,1.8095238095238095,0.2857142857142857
Molecular,FTICR_19903,MOLP_0406,FTICR_19903,NA,0,19904,387.0357927,18,12,10,0,0,0,0,0,CHO,ConHC,388.0430692,-0.058158485,1,26,0.5909090909090909,0.6666666666666666,0.5555555555555556
Molecular,FTICR_19918,MOLP_0407,FTICR_19918,NA,0,19919,387.1085521,20,20,8,0,0,0,0,0,CHO,Lignin,388.1158285,-0.028108373,1,33,0.75,1,0.4
Molecular,FTICR_19937,MOLP_0408,FTICR_19937,NA,0,19938,387.1660363,18,28,9,0,0,0,0,0,CHO,Protein,388.1733128,0.050761577,1,32,0.7272727272727273,1.5555555555555556,0.5
Molecular,FTICR_19948,MOLP_0409,FTICR_19948,NA,0,19949,387.2024571,19,32,8,0,0,0,0,0,CHO,Protein,388.2097335,-0.040010969,1,29,0.6590909090909091,1.6842105263157894,0.42105263157894735
Molecular,FTICR_19954,MOLP_0410,FTICR_19954,NA,0,19955,387.2388314,20,36,7,0,0,0,0,0,CHO,Protein,388.2461079,-0.011335656,1,31,0.7045454545454546,1.8,0.35
Molecular,FTICR_19973,MOLP_0411,FTICR_19973,NA,0,19974,388.125742,17,27,5,1,0,2,0,0,CHONS,Lipid,389.1330185,0.117943011,1,21,0.4772727272727273,1.588235294117647,0.29411764705882354
Molecular,FTICR_19981,MOLP_0412,FTICR_19981,3,6,19982,388.162187,18,31,4,1,0,2,0,0,CHONS,Lipid,389.1694635,-0.034941539,1,17,0.3863636363636363,1.7222222222222223,0.2222222222222222
Molecular,FTICR_19987,MOLP_0413,FTICR_19987,NA,0,19988,388.191871,25,27,3,1,0,0,0,0,CHON,UnsatHC,389.1991475,-0.138152101,2,17,0.3863636363636363,1.08,0.12
Molecular,FTICR_20012,MOLP_0414,FTICR_20012,64,1,20013,389.0150075,17,10,11,0,0,0,0,0,CHO,ConHC,390.022284,0.069676739,1,13,0.29545454545454547,0.5882352941176471,0.6470588235294118
Molecular,FTICR_20021,MOLP_0415,FTICR_20021,NA,0,20022,389.0725117,15,18,12,0,0,0,0,0,CHO,Tannin,390.0797882,0.097130437,2,32,0.7272727272727273,1.2,0.8
Molecular,FTICR_20032,MOLP_0416,FTICR_20032,NA,0,20033,389.1089718,16,22,11,0,0,0,0,0,CHO,Tannin,390.1162483,-0.094186456,3,33,0.75,1.375,0.6875
Molecular,FTICR_20045,MOLP_0417,FTICR_20045,NA,0,20046,389.1453378,17,26,10,0,0,0,0,0,CHO,AminoSugar,390.1526143,-0.044130761,2,16,0.3636363636363637,1.5294117647058822,0.5882352941176471
Molecular,FTICR_20053,MOLP_0418,FTICR_20053,NA,0,20054,389.1605761,21,26,7,0,0,0,0,0,CHO,Lignin,390.1678526,0.001576955,1,17,0.3863636363636363,1.238095238095238,0.3333333333333333
Molecular,FTICR_20066,MOLP_0419,FTICR_20066,NA,0,20067,389.196995,22,30,6,0,0,0,0,0,CHO,Lignin,390.2042714,-0.083913746,1,23,0.5227272727272727,1.3636363636363635,0.2727272727272727
Molecular,FTICR_20074,MOLP_0420,FTICR_20074,NA,0,20075,389.2180574,19,34,8,0,0,0,0,0,CHO,Protein,390.2253338,0.08775488,1,18,0.4090909090909091,1.7894736842105263,0.42105263157894735
Molecular,FTICR_20118,MOLP_0421,FTICR_20118,NA,0,20119,390.1670968,19,25,6,3,0,0,0,0,CHON,Lignin,391.1743732,-0.096289999,1,28,0.6363636363636364,1.3157894736842106,0.3157894736842105
Molecular,FTICR_20119,MOLP_0422,FTICR_20119,3,1,20120,390.1703687,16,29,6,3,0,1,0,0,CHONS,Protein,391.1776452,0.15636215,1,14,0.3181818181818182,1.8125,0.375
Molecular,FTICR_20121,MOLP_0423,FTICR_20121,13,1,20122,390.1769911,17,29,9,1,0,0,0,0,CHON,Protein,391.1842675,-0.091996122,1,13,0.29545454545454547,1.7058823529411764,0.5294117647058824
Molecular,FTICR_20158,MOLP_0424,FTICR_20158,NA,0,20159,391.0307096,17,12,11,0,0,0,0,0,CHO,ConHC,392.037986,-0.063276424,2,30,0.6818181818181818,0.7058823529411765,0.6470588235294118
Molecular,FTICR_20168,MOLP_0425,FTICR_20168,NA,0,20169,391.0881981,15,20,12,0,0,0,0,0,CHO,Tannin,392.0954746,0.003915008,3,14,0.3181818181818182,1.3333333333333333,0.8
Molecular,FTICR_20199,MOLP_0426,FTICR_20199,13,2,20200,391.1762758,21,28,7,0,0,0,0,0,CHO,Lignin,392.1835523,-0.124960614,1,22,0.5,1.3333333333333333,0.3333333333333333
Molecular,FTICR_20215,MOLP_0427,FTICR_20215,49,1,20216,391.212631,22,32,6,0,0,0,0,0,CHO,Lignin,392.2199075,-0.047695386,1,27,0.6136363636363636,1.4545454545454546,0.2727272727272727
Molecular,FTICR_20226,MOLP_0428,FTICR_20226,10,1,20227,391.3177708,20,44,5,2,0,0,0,0,CHON,Lipid,392.3250472,-0.062916146,1,20,0.4545454545454546,2.2,0.25
Molecular,FTICR_20250,MOLP_0429,FTICR_20250,NA,0,20251,392.1463197,18,23,7,3,0,0,0,0,CHON,Lignin,393.1535961,0.01007215,1,15,0.3409090909090909,1.2777777777777777,0.3888888888888889
Molecular,FTICR_20251,MOLP_0430,FTICR_20251,NA,0,20252,392.149633,15,27,7,3,0,1,0,0,CHONS,Protein,393.1569094,0.156397331,1,23,0.5227272727272727,1.8,0.4666666666666667
Molecular,FTICR_20261,MOLP_0431,FTICR_20261,12,1,20262,392.1926169,17,31,9,1,0,0,0,0,CHON,Protein,393.1998934,-0.029978849,1,20,0.4545454545454546,1.8235294117647056,0.5294117647058824
Molecular,FTICR_20269,MOLP_0432,FTICR_20269,13,1,20270,392.2290199,18,35,8,1,0,0,0,0,CHON,Protein,393.2362963,-0.074334301,1,15,0.3409090909090909,1.9444444444444444,0.4444444444444444
Molecular,FTICR_20297,MOLP_0433,FTICR_20297,1,2,20298,393.0730612,12,28,6,0,0,2,2,0,CHOSP,Other,394.0803377,-0.214767071,3,12,0.2727272727272727,2.3333333333333335,0.5
Molecular,FTICR_20386,MOLP_0434,FTICR_20386,67,1,20387,394.1719424,16,29,10,1,0,0,0,0,CHON,AminoSugar,395.1792189,-0.183991912,2,14,0.3181818181818182,1.8125,0.625
Molecular,FTICR_20399,MOLP_0435,FTICR_20399,NA,0,20400,394.2083048,17,33,9,1,0,0,0,0,CHON,Protein,395.2155813,-0.125547415,1,19,0.4318181818181818,1.9411764705882353,0.5294117647058824
Molecular,FTICR_20405,MOLP_0436,FTICR_20405,NA,0,20406,394.281078,19,41,7,1,0,0,0,0,CHON,Protein,395.2883545,-0.131092786,1,23,0.5227272727272727,2.1578947368421053,0.3684210526315789
Molecular,FTICR_20425,MOLP_0437,FTICR_20425,8,1,20426,395.0255578,16,12,12,0,0,0,0,0,CHO,ConHC,396.0328343,0.104976135,1,27,0.6136363636363636,0.75,0.75
Molecular,FTICR_20475,MOLP_0438,FTICR_20475,NA,0,20476,395.2075686,21,32,7,0,0,0,0,0,CHO,Protein,396.2148451,-0.105229968,1,30,0.6818181818181818,1.5238095238095235,0.3333333333333333
Molecular,FTICR_20481,MOLP_0439,FTICR_20481,NA,0,20482,395.2438812,22,36,6,0,0,0,0,0,CHO,Lipid,396.2511576,0.078843512,1,26,0.5909090909090909,1.6363636363636365,0.2727272727272727
Molecular,FTICR_20616,MOLP_0440,FTICR_20616,NA,0,20617,397.199778,17,35,8,0,0,0,1,0,CHOP,Protein,398.2070545,-0.250765472,1,29,0.6590909090909091,2.0588235294117645,0.4705882352941176
Molecular,FTICR_20622,MOLP_0441,FTICR_20622,NA,0,20623,397.2231859,21,34,7,0,0,0,0,0,CHO,Protein,398.2304623,-0.022309736,1,29,0.6590909090909091,1.619047619047619,0.3333333333333333
Molecular,FTICR_20624,MOLP_0442,FTICR_20624,NA,0,20625,397.2265395,18,38,7,0,0,1,0,0,CHOS,Protein,398.233816,0.02072191,1,29,0.6590909090909091,2.111111111111111,0.3888888888888889
Molecular,FTICR_20630,MOLP_0443,FTICR_20630,13,2,20631,397.2595722,22,38,6,0,0,0,0,0,CHO,Lipid,398.2668486,-0.024326386,1,16,0.3636363636363637,1.7272727272727273,0.2727272727272727
Molecular,FTICR_20698,MOLP_0444,FTICR_20698,NA,0,20699,399.0368929,13,24,2,2,0,5,0,0,CHONS,Lipid,400.0441694,-0.09480794,3,26,0.5909090909090909,1.8461538461538465,0.15384615384615383
Molecular,FTICR_20701,MOLP_0445,FTICR_20701,NA,0,20702,399.0721222,20,16,9,0,0,0,0,0,CHO,Lignin,400.0793987,0.083541912,1,25,0.5681818181818182,0.8,0.45
Molecular,FTICR_20710,MOLP_0446,FTICR_20710,7,1,20711,399.1086275,21,20,8,0,0,0,0,0,CHO,Lignin,400.115904,-0.215771964,1,22,0.5,0.9523809523809524,0.380952380952381
Molecular,FTICR_20737,MOLP_0447,FTICR_20737,NA,0,20738,399.1789831,16,33,9,0,0,0,1,0,CHOP,AminoSugar,400.1862596,-0.100934075,1,21,0.4772727272727273,2.0625,0.5625
Molecular,FTICR_20755,MOLP_0448,FTICR_20755,15,1,20756,399.2388244,21,36,7,0,0,0,0,0,CHO,Protein,400.2461009,0.006567924,1,28,0.6363636363636364,1.7142857142857142,0.3333333333333333
Molecular,FTICR_20761,MOLP_0449,FTICR_20761,NA,0,20762,399.2751587,22,40,6,0,0,0,0,0,CHO,Lipid,400.2824352,0.134469008,1,19,0.4318181818181818,1.818181818181818,0.2727272727272727
Molecular,FTICR_20787,MOLP_0450,FTICR_20787,NA,0,20788,400.1257578,18,27,5,1,0,2,0,0,CHONS,Lipid,401.1330343,0.074943183,1,22,0.5,1.5,0.2777777777777778
Molecular,FTICR_20794,MOLP_0451,FTICR_20794,NA,0,20795,400.1613361,18,27,9,1,0,0,0,0,CHON,Protein,401.1686126,-0.077531546,1,22,0.5,1.5,0.5
Molecular,FTICR_20833,MOLP_0452,FTICR_20833,3,2,20834,401.0161046,19,14,6,0,0,2,0,0,CHOS,ConHC,402.0233811,-0.501226768,4,23,0.5227272727272727,0.7368421052631579,0.3157894736842105
Molecular,FTICR_20840,MOLP_0453,FTICR_20840,NA,0,20841,401.0361174,15,14,13,0,0,0,0,0,CHO,Tannin,402.0433938,0.116164459,2,19,0.4318181818181818,0.9333333333333332,0.8666666666666667
Molecular,FTICR_20843,MOLP_0454,FTICR_20843,74,1,20844,401.051436,19,14,10,0,0,0,0,0,CHO,ConHC,402.0587124,-0.03917055,1,28,0.6363636363636364,0.7368421052631579,0.5263157894736842
Molecular,FTICR_20882,MOLP_0455,FTICR_20882,NA,0,20883,401.1816801,19,30,9,0,0,0,0,0,CHO,Protein,402.1889565,0.064691227,1,25,0.5681818181818182,1.5789473684210529,0.47368421052631576
Molecular,FTICR_20900,MOLP_0456,FTICR_20900,NA,0,20901,401.2544663,21,38,7,0,0,0,0,0,CHO,Protein,402.2617428,0.026806665,1,25,0.5681818181818182,1.8095238095238095,0.3333333333333333
Molecular,FTICR_20921,MOLP_0457,FTICR_20921,NA,0,20922,402.1414135,18,29,5,1,0,2,0,0,CHONS,Lipid,403.1486899,0.060749224,1,23,0.5227272727272727,1.6111111111111112,0.2777777777777778
Molecular,FTICR_20930,MOLP_0458,FTICR_20930,NA,0,20931,402.1768884,18,29,9,1,0,0,0,0,CHON,Protein,403.1841649,0.165392172,2,27,0.6136363636363636,1.6111111111111112,0.5
Molecular,FTICR_20941,MOLP_0459,FTICR_20941,12,1,20942,402.2134025,19,33,8,1,0,0,0,0,CHON,Protein,403.220679,-0.153577392,1,18,0.4090909090909091,1.736842105263158,0.42105263157894735
Molecular,FTICR_20955,MOLP_0460,FTICR_20955,47,1,20956,402.937686,20,4,6,0,0,2,0,0,CHOS,ConHC,403.9449625,-0.082253483,1,25,0.5681818181818182,0.2,0.3
Molecular,FTICR_20959,MOLP_0461,FTICR_20959,3,15,20960,403.0129942,18,12,9,0,0,1,0,0,CHOS,ConHC,404.0202706,-0.168208013,2,21,0.4772727272727273,0.6666666666666666,0.5
Molecular,FTICR_20963,MOLP_0462,FTICR_20963,3,31,20964,403.0318123,12,24,3,2,0,5,0,0,CHONS,Lipid,404.0390888,-0.105690549,4,20,0.4545454545454546,2,0.25
Molecular,FTICR_20969,MOLP_0463,FTICR_20969,8,1,20970,403.0518219,15,16,13,0,0,0,0,0,CHO,Tannin,404.0590984,-0.019272014,3,23,0.5227272727272727,1.0666666666666669,0.8666666666666667
Molecular,FTICR_20985,MOLP_0464,FTICR_20985,NA,0,20986,403.1214234,13,28,8,2,0,2,0,0,CHONS,AminoSugar,404.1286999,0.01827971,1,14,0.3181818181818182,2.1538461538461537,0.6153846153846154
Molecular,FTICR_20986,MOLP_0465,FTICR_20986,NA,0,20987,403.1245279,17,24,11,0,0,0,0,0,CHO,Lignin,404.1318044,0.141630845,3,31,0.7045454545454546,1.411764705882353,0.6470588235294118
Molecular,FTICR_21004,MOLP_0466,FTICR_21004,NA,0,21005,403.1609453,18,28,10,0,0,0,0,0,CHO,AminoSugar,404.1682217,0.062775024,2,19,0.4318181818181818,1.5555555555555556,0.5555555555555556
Molecular,FTICR_21019,MOLP_0467,FTICR_21019,NA,0,21020,403.1973586,19,32,9,0,0,0,0,0,CHO,Protein,404.2046351,-0.006051497,1,23,0.5227272727272727,1.6842105263157894,0.47368421052631576
Molecular,FTICR_21028,MOLP_0468,FTICR_21028,NA,0,21029,403.23371,20,36,8,0,0,0,0,0,CHO,Protein,404.2409865,0.078266415,1,25,0.5681818181818182,1.8,0.4
Molecular,FTICR_21037,MOLP_0469,FTICR_21037,NA,0,21038,403.3065529,22,44,6,0,0,0,0,0,CHO,Lipid,404.3138294,-0.099591756,1,12,0.2727272727272727,2,0.2727272727272727
Molecular,FTICR_21062,MOLP_0470,FTICR_21062,NA,0,21063,404.1206473,17,27,6,1,0,2,0,0,CHONS,Protein,405.1279238,0.136214473,1,15,0.3409090909090909,1.588235294117647,0.35294117647058826
Molecular,FTICR_21102,MOLP_0471,FTICR_21102,NA,0,21103,404.9930441,18,14,5,0,0,3,0,0,CHOS,ConHC,406.0003205,0.037210474,1,13,0.29545454545454547,0.7777777777777778,0.2777777777777778
Molecular,FTICR_21109,MOLP_0472,FTICR_21109,3,21,21110,405.0286944,18,14,9,0,0,1,0,0,CHOS,ConHC,406.0359709,-0.290903953,3,15,0.3409090909090909,0.7777777777777778,0.5
Molecular,FTICR_21146,MOLP_0473,FTICR_21146,NA,0,21147,405.1555576,21,26,8,0,0,0,0,0,CHO,Lignin,406.1628341,-0.163146822,1,31,0.7045454545454546,1.238095238095238,0.380952380952381
Molecular,FTICR_21162,MOLP_0474,FTICR_21162,12,3,21163,405.1919,22,30,7,0,0,0,0,0,CHO,Lignin,406.1991765,-0.057071788,1,18,0.4090909090909091,1.3636363636363635,0.3181818181818182
Molecular,FTICR_21213,MOLP_0475,FTICR_21213,NA,0,21214,406.1620274,19,25,7,3,0,0,0,0,CHON,Lignin,407.1693038,-0.131756055,1,15,0.3409090909090909,1.3157894736842106,0.3684210526315789
Molecular,FTICR_21214,MOLP_0476,FTICR_21214,NA,0,21215,406.1653406,16,29,7,3,0,1,0,0,CHONS,Protein,407.1726171,0.009584874,1,26,0.5909090909090909,1.8125,0.4375
Molecular,FTICR_21223,MOLP_0477,FTICR_21223,NA,0,21224,406.2082679,18,33,9,1,0,0,0,0,CHON,Protein,407.2155443,-0.031090716,1,24,0.5454545454545454,1.8333333333333333,0.5
Molecular,FTICR_21250,MOLP_0478,FTICR_21250,NA,0,21251,407.0255799,17,12,12,0,0,0,0,0,CHO,ConHC,408.0328563,0.047869812,1,31,0.7045454545454546,0.7058823529411765,0.7058823529411765
Molecular,FTICR_21291,MOLP_0479,FTICR_21291,NA,0,21292,407.1712264,21,28,8,0,0,0,0,0,CHO,Lignin,408.1785028,-0.208131775,1,30,0.6818181818181818,1.3333333333333333,0.380952380952381
Molecular,FTICR_21339,MOLP_0480,FTICR_21339,NA,0,21340,408.1412199,18,23,8,3,0,0,0,0,CHON,Lignin,409.1484964,0.044910176,1,13,0.29545454545454547,1.2777777777777777,0.4444444444444444
Molecular,FTICR_21373,MOLP_0481,FTICR_21373,NA,0,21374,408.9331915,8,14,7,2,0,5,0,0,CHONS,Carb,409.9404679,-0.033380119,2,18,0.4090909090909091,1.75,0.875
Molecular,FTICR_21406,MOLP_0482,FTICR_21406,29,2,21407,409.1269467,16,27,10,0,0,0,1,0,CHOP,AminoSugar,410.1342232,-0.096478611,2,11,0.25,1.6875,0.625
Molecular,FTICR_21428,MOLP_0483,FTICR_21428,NA,0,21429,409.1786193,21,31,6,0,0,0,1,0,CHOP,Lignin,410.1858958,-0.172056949,1,19,0.4318181818181818,1.4761904761904765,0.2857142857142857
Molecular,FTICR_21430,MOLP_0484,FTICR_21430,NA,0,21431,409.1868262,21,30,8,0,0,0,0,0,CHO,Lignin,410.1941027,-0.084621622,1,25,0.5681818181818182,1.4285714285714286,0.380952380952381
Molecular,FTICR_21568,MOLP_0485,FTICR_21568,NA,0,21569,411.1790475,17,33,9,0,0,0,1,0,CHOP,Protein,412.186324,-0.254339504,1,30,0.6818181818181818,1.9411764705882353,0.5294117647058824
Molecular,FTICR_21575,MOLP_0486,FTICR_21575,NA,0,21576,411.2023927,21,32,8,0,0,0,0,0,CHO,Protein,412.2096692,0.118419628,2,31,0.7045454545454546,1.5238095238095235,0.380952380952381
Molecular,FTICR_21582,MOLP_0487,FTICR_21582,NA,0,21583,411.2388231,22,36,7,0,0,0,0,0,CHO,Protein,412.2460996,0.009600347,1,24,0.5454545454545454,1.6363636363636365,0.3181818181818182
Molecular,FTICR_21656,MOLP_0488,FTICR_21656,NA,0,21657,413.0361499,16,14,13,0,0,0,0,0,CHO,Tannin,414.0434264,0.034262346,2,28,0.6363636363636364,0.875,0.8125
Molecular,FTICR_21658,MOLP_0489,FTICR_21658,8,3,21659,413.0513834,20,14,10,0,0,0,0,0,CHO,ConHC,414.0586599,0.088884797,1,17,0.3863636363636363,0.7,0.5
Molecular,FTICR_21709,MOLP_0490,FTICR_21709,NA,0,21710,413.2180702,21,34,8,0,0,0,0,0,CHO,Protein,414.2253467,0.051626739,1,26,0.5909090909090909,1.619047619047619,0.380952380952381
Molecular,FTICR_21718,MOLP_0491,FTICR_21718,NA,0,21719,413.254464,22,38,7,0,0,0,0,0,CHO,Protein,414.2617405,0.031557675,1,22,0.5,1.7272727272727273,0.3181818181818182
Molecular,FTICR_21801,MOLP_0492,FTICR_21801,NA,0,21802,415.0306578,19,12,11,0,0,0,0,0,CHO,ConHC,416.0379343,0.064688657,1,21,0.4772727272727273,0.631578947368421,0.5789473684210527
Molecular,FTICR_21849,MOLP_0493,FTICR_21849,NA,0,21850,415.2336979,21,36,8,0,0,0,0,0,CHO,Protein,416.2409744,0.105037895,1,24,0.5454545454545454,1.7142857142857142,0.380952380952381
Molecular,FTICR_21850,MOLP_0494,FTICR_21850,48,1,21851,415.2489842,25,36,5,0,0,0,0,0,CHO,Lignin,416.2562607,0.032645019,1,29,0.6590909090909091,1.44,0.2
Molecular,FTICR_21853,MOLP_0495,FTICR_21853,NA,0,21854,415.2700974,22,40,7,0,0,0,0,0,CHO,Protein,416.2773739,0.071435632,1,16,0.3636363636363637,1.818181818181818,0.3181818181818182
Molecular,FTICR_21872,MOLP_0496,FTICR_21872,NA,0,21873,416.0744713,19,19,4,3,0,2,0,0,CHONS,Lignin,417.0817478,-0.120528596,1,25,0.5681818181818182,1,0.21052631578947367
Molecular,FTICR_21903,MOLP_0497,FTICR_21903,NA,0,21904,416.2230997,27,31,3,1,0,0,0,0,CHON,UnsatHC,417.2303761,0.042465513,2,17,0.3863636363636363,1.148148148148148,0.1111111111111111
Molecular,FTICR_21934,MOLP_0357,FTICR_19013,NA,0,21935,417.0462278,19,14,11,0,0,0,0,0,CHO,ConHC,418.0535043,0.255976007,2,28,0.6363636363636364,0.7368421052631579,0.5789473684210527
Molecular,FTICR_21958,MOLP_0498,FTICR_21958,NA,0,21959,417.1402125,18,26,11,0,0,0,0,0,CHO,Lignin,418.147489,0.054312941000000003,2,25,0.5681818181818182,1.4444444444444444,0.6111111111111112
Molecular,FTICR_21966,MOLP_0499,FTICR_21966,NA,0,21967,417.1555437,22,26,8,0,0,0,0,0,CHO,Lignin,418.1628202,-0.125173682,1,21,0.4772727272727273,1.181818181818182,0.3636363636363637
Molecular,FTICR_21975,MOLP_0500,FTICR_21975,NA,0,21976,417.1765644,19,30,10,0,0,0,0,0,CHO,Protein,418.1838409,0.134564443,3,17,0.3863636363636363,1.5789473684210529,0.5263157894736842
Molecular,FTICR_21985,MOLP_0501,FTICR_21985,NA,0,21986,417.2282233,24,34,6,0,0,0,0,0,CHO,Lignin,418.2354997,0.093469861,1,25,0.5681818181818182,1.4166666666666667,0.25
Molecular,FTICR_21996,MOLP_0502,FTICR_21996,NA,0,21997,417.3221331,23,46,6,0,0,0,0,0,CHO,Lipid,418.3294096,0.070799039,1,15,0.3409090909090909,2,0.2608695652173913
Molecular,FTICR_22010,MOLP_0503,FTICR_22010,NA,0,22011,418.0715114,18,17,7,3,0,1,0,0,CHONS,Lignin,419.0787879,-0.16049698,1,22,0.5,0.9444444444444444,0.3888888888888889
Molecular,FTICR_22022,MOLP_0504,FTICR_22022,NA,0,22023,418.1540818,18,29,8,1,0,1,0,0,CHONS,Protein,419.1613583,0.069931281,2,12,0.2727272727272727,1.6111111111111112,0.4444444444444444
Molecular,FTICR_22025,MOLP_0505,FTICR_22025,NA,0,22026,418.1719025,18,29,10,1,0,0,0,0,CHON,AminoSugar,419.1791789,-0.078196942,2,21,0.4772727272727273,1.6111111111111112,0.5555555555555556
Molecular,FTICR_22057,MOLP_0506,FTICR_22057,NA,0,22058,419.0255896,18,12,12,0,0,0,0,0,CHO,ConHC,420.0328661,0.023265819,2,23,0.5227272727272727,0.6666666666666666,0.6666666666666666
Molecular,FTICR_22062,MOLP_0507,FTICR_22062,55,2,22063,419.0443114,19,16,9,0,0,1,0,0,CHOS,Lignin,420.0515879,-0.202509364,2,12,0.2727272727272727,0.8421052631578947,0.47368421052631576
Molecular,FTICR_22070,MOLP_0508,FTICR_22070,NA,0,22071,419.0830716,16,20,13,0,0,0,0,0,CHO,Tannin,420.090348,0.101623357,3,20,0.4545454545454546,1.25,0.8125
Molecular,FTICR_22082,MOLP_0509,FTICR_22082,NA,0,22083,419.1194063,17,24,12,0,0,0,0,0,CHO,Tannin,420.1266828,0.222447714,3,12,0.2727272727272727,1.411764705882353,0.7058823529411765
Molecular,FTICR_22096,MOLP_0510,FTICR_22096,NA,0,22097,419.1711934,22,28,8,0,0,0,0,0,CHO,Lignin,420.1784698,-0.123661027,1,26,0.5909090909090909,1.2727272727272727,0.3636363636363637
Molecular,FTICR_22126,MOLP_0511,FTICR_22126,NA,0,22127,419.9534897,13,13,7,1,0,2,2,0,CHONSP,Lignin,420.9607662,0.237479564,1,17,0.3863636363636363,1,0.5384615384615384
Molecular,FTICR_22149,MOLP_0512,FTICR_22149,NA,0,22150,420.1875689,18,31,10,1,0,0,0,0,CHON,AminoSugar,421.1948453,-0.116562633,2,28,0.6363636363636364,1.7222222222222223,0.5555555555555556
Molecular,FTICR_22185,MOLP_0513,FTICR_22185,NA,0,22186,421.041235,18,14,12,0,0,0,0,0,CHO,ConHC,422.0485114,0.034333193,2,30,0.6818181818181818,0.7777777777777778,0.6666666666666666
Molecular,FTICR_22213,MOLP_0514,FTICR_22213,15,1,22214,421.1633942,18,31,9,0,0,0,1,0,CHOP,Protein,422.1706707,-0.240573036,1,25,0.5681818181818182,1.7222222222222223,0.5
Molecular,FTICR_22219,MOLP_0515,FTICR_22219,NA,0,22220,421.1869159,22,30,8,0,0,0,0,0,CHO,Lignin,422.1941924,-0.294715281,1,25,0.5681818181818182,1.3636363636363635,0.3636363636363637
Molecular,FTICR_22299,MOLP_0516,FTICR_22299,5,2,22300,423.0205675,17,12,13,0,0,0,0,0,CHO,ConHC,424.0278439,-0.126059442,2,15,0.3409090909090909,0.7058823529411765,0.7647058823529411
Molecular,FTICR_22353,MOLP_0517,FTICR_22353,4,1,22354,423.2025623,22,32,8,0,0,0,0,0,CHO,Lignin,424.2098387,-0.284627887,1,28,0.6363636363636364,1.4545454545454546,0.3636363636363637
Molecular,FTICR_22404,MOLP_0518,FTICR_22404,NA,0,22405,424.1834108,18,35,6,1,0,2,0,0,CHONS,Protein,425.1906873,-0.254047623,1,23,0.5227272727272727,1.9444444444444444,0.3333333333333333
Molecular,FTICR_22438,MOLP_0088,FTICR_13530,NA,0,22439,425.0361681,17,14,13,0,0,0,0,0,CHO,Tannin,426.0434446,-0.009524474,2,32,0.7272727272727273,0.8235294117647058,0.7647058823529411
Molecular,FTICR_22505,MOLP_0519,FTICR_22505,NA,0,22506,425.2180033,22,34,8,0,0,0,0,0,CHO,Protein,426.2252798,0.207110518,2,27,0.6136363636363636,1.5454545454545454,0.3636363636363637
Molecular,FTICR_22594,MOLP_0520,FTICR_22594,5,1,22595,427.0306648,20,12,11,0,0,0,0,0,CHO,ConHC,428.0379413,0.046556823,1,13,0.29545454545454547,0.6,0.55
Molecular,FTICR_22642,MOLP_0521,FTICR_22642,NA,0,22643,427.1973398,21,32,9,0,0,0,0,0,CHO,Protein,428.2046163,0.03810042,1,29,0.6590909090909091,1.5238095238095235,0.42857142857142855
Molecular,FTICR_22644,MOLP_0522,FTICR_22644,NA,0,22645,427.2102714,18,37,9,0,0,0,1,0,CHOP,Protein,428.2175479,-0.066768241,1,26,0.5909090909090909,2.0555555555555554,0.5
Molecular,FTICR_22650,MOLP_0523,FTICR_22650,NA,0,22651,427.2337141,22,36,8,0,0,0,0,0,CHO,Protein,428.2409906,0.064287131,1,24,0.5454545454545454,1.6363636363636365,0.3636363636363637
Molecular,FTICR_22696,MOLP_0524,FTICR_22696,12,2,22697,428.1926051,20,31,9,1,0,0,0,0,CHON,Protein,429.1998816,7.53e-5,1,15,0.3409090909090909,1.55,0.45
Molecular,FTICR_22735,MOLP_0305,FTICR_17804,NA,0,22736,429.0310349,16,14,14,0,0,0,0,0,CHO,Tannin,430.0383114,0.101772314,2,16,0.3636363636363637,0.875,0.875
Molecular,FTICR_22736,MOLP_0525,FTICR_22736,NA,0,22737,429.046269,20,14,11,0,0,0,0,0,CHO,ConHC,430.0535455,0.153063777,2,25,0.5681818181818182,0.7,0.55
Molecular,FTICR_22749,MOLP_0526,FTICR_22749,NA,0,22750,429.1191867,22,22,9,0,0,0,0,0,CHO,Lignin,430.1264632,-0.188058768,1,23,0.5227272727272727,1,0.4090909090909091
Molecular,FTICR_22764,MOLP_0527,FTICR_22764,NA,0,22765,429.1765556,20,30,10,0,0,0,0,0,CHO,Protein,430.183832,0.151416941,3,32,0.7272727272727273,1.5,0.5
Molecular,FTICR_22776,MOLP_0528,FTICR_22776,NA,0,22777,429.2129934,21,34,9,0,0,0,0,0,CHO,Protein,430.2202699,0.029832465,1,22,0.5,1.619047619047619,0.42857142857142855
Molecular,FTICR_22786,MOLP_0529,FTICR_22786,15,1,22787,429.2494382,22,38,8,0,0,0,0,0,CHO,Protein,430.2567147,-0.108057587,1,20,0.4545454545454546,1.7272727272727273,0.3636363636363637
Molecular,FTICR_22816,MOLP_0530,FTICR_22816,NA,0,22817,430.1727129,20,33,5,1,0,2,0,0,CHONS,Lipid,431.1799893,0.058474699,1,28,0.6363636363636364,1.65,0.25
Molecular,FTICR_22825,MOLP_0531,FTICR_22825,NA,0,22826,430.2083372,20,33,9,1,0,0,0,0,CHON,Protein,431.2156137,-0.190256504,1,15,0.3409090909090909,1.65,0.45
Molecular,FTICR_22829,MOLP_0532,FTICR_22829,NA,0,22830,430.238803,28,33,3,1,0,0,0,0,CHON,UnsatHC,431.2460795,-0.082499873,2,16,0.3636363636363637,1.1785714285714286,0.10714285714285714
Molecular,FTICR_22847,MOLP_0533,FTICR_22847,NA,0,22848,430.9725663,12,20,3,2,0,6,0,0,CHONS,Lipid,431.9798428,-0.060515586,2,31,0.7045454545454546,1.6666666666666667,0.25
Molecular,FTICR_22850,MOLP_0534,FTICR_22850,NA,0,22851,431.0255667,19,12,12,0,0,0,0,0,CHO,ConHC,432.0328432,0.075604252,1,14,0.3181818181818182,0.631578947368421,0.631578947368421
Molecular,FTICR_22852,MOLP_0535,FTICR_22852,NA,0,22853,431.0467522,16,16,14,0,0,0,0,0,CHO,Tannin,432.0540287,-0.054327584,3,21,0.4772727272727273,1,0.875
Molecular,FTICR_22854,MOLP_0324,FTICR_18181,NA,0,22855,431.0619623,20,16,11,0,0,0,0,0,CHO,Lignin,432.0692388,0.052315934,2,32,0.7272727272727273,0.8,0.55
Molecular,FTICR_22878,MOLP_0536,FTICR_22878,NA,0,22879,431.1347775,22,24,9,0,0,0,0,0,CHO,Lignin,432.1420539,-0.049900829,1,32,0.7272727272727273,1.0909090909090908,0.4090909090909091
Molecular,FTICR_22884,MOLP_0537,FTICR_22884,1,6,22885,431.1527401,15,32,8,2,0,2,0,0,CHONS,Protein,432.1600166,-0.021230664,1,28,0.6363636363636364,2.1333333333333333,0.5333333333333333
Molecular,FTICR_22885,MOLP_0538,FTICR_22885,NA,0,22886,431.1558212,19,28,11,0,0,0,0,0,CHO,Lignin,432.1630976,0.14834296,3,19,0.4318181818181818,1.4736842105263157,0.5789473684210527
Molecular,FTICR_22892,MOLP_0539,FTICR_22892,NA,0,22893,431.1711324,23,28,8,0,0,0,0,0,CHO,Lignin,432.1784088,0.02092905,1,14,0.3181818181818182,1.2173913043478262,0.34782608695652173
Molecular,FTICR_22899,MOLP_0540,FTICR_22899,NA,0,22900,431.1922086,20,32,10,0,0,0,0,0,CHO,Protein,432.199485,0.143952283,3,13,0.29545454545454547,1.6,0.5
Molecular,FTICR_22975,MOLP_0541,FTICR_22975,40,1,22976,432.9695381,11,18,6,2,0,5,0,0,CHONS,Protein,433.9768145,0.058129826,3,18,0.4090909090909091,1.6363636363636365,0.5454545454545454
Molecular,FTICR_22980,MOLP_0542,FTICR_22980,NA,0,22981,433.0412885,19,14,12,0,0,0,0,0,CHO,ConHC,434.048565,-0.089945354,2,29,0.6590909090909091,0.7368421052631579,0.631578947368421
Molecular,FTICR_22987,MOLP_0543,FTICR_22987,NA,0,22988,433.0623825,16,18,14,0,0,0,0,0,CHO,Tannin,434.069659,-0.008565772,3,17,0.3863636363636363,1.125,0.875
Molecular,FTICR_22998,MOLP_0544,FTICR_22998,NA,0,22999,433.0987352,17,22,13,0,0,0,0,0,CHO,Tannin,434.1060117,0.067129765,2,20,0.4545454545454546,1.2941176470588236,0.7647058823529411
Molecular,FTICR_23077,MOLP_0545,FTICR_23077,NA,0,23078,434.2032625,19,33,10,1,0,0,0,0,CHON,Protein,435.210539,-0.213012281,2,15,0.3409090909090909,1.736842105263158,0.5263157894736842
Molecular,FTICR_23093,MOLP_0546,FTICR_23093,52,1,23094,434.876701,16,4,7,0,0,4,0,0,CHOS,ConHC,435.8839774,0.017916587,1,20,0.4545454545454546,0.25,0.4375
Molecular,FTICR_23095,MOLP_0547,FTICR_23095,NA,0,23096,435.020468,18,12,13,0,0,0,0,0,CHO,ConHC,436.0277445,0.105401552,2,14,0.3181818181818182,0.6666666666666666,0.7222222222222222
Molecular,FTICR_23118,MOLP_0548,FTICR_23118,NA,0,23119,435.1426698,18,29,10,0,0,0,1,0,CHOP,AminoSugar,436.1499463,-0.258228643,2,17,0.3863636363636363,1.6111111111111112,0.5555555555555556
Molecular,FTICR_23123,MOLP_0549,FTICR_23123,NA,0,23124,435.1604244,29,24,4,0,0,0,0,0,CHO,Lignin,436.1677009,-0.553908436,1,13,0.29545454545454547,0.8275862068965517,0.13793103448275862
Molecular,FTICR_23197,MOLP_0542,FTICR_22980,NA,0,23198,437.036149,18,14,13,0,0,0,0,0,CHO,ConHC,438.0434254,0.034454454,2,29,0.6590909090909091,0.7777777777777778,0.7222222222222222
Molecular,FTICR_23233,MOLP_0550,FTICR_23233,NA,0,23234,437.1582948,18,31,10,0,0,0,1,0,CHOP,AminoSugar,438.1655713,-0.199773532,2,20,0.4545454545454546,1.7222222222222223,0.5555555555555556
Molecular,FTICR_23238,MOLP_0551,FTICR_23238,67,1,23239,437.1761504,22,34,1,2,0,3,0,0,CHONS,Lipid,438.1834269,-0.230695108,1,20,0.4545454545454546,1.5454545454545454,0.04545454545454545
Molecular,FTICR_23240,MOLP_0552,FTICR_23240,NA,0,23241,437.1818023,22,30,9,0,0,0,0,0,CHO,Lignin,438.1890787,-0.219461995,1,31,0.7045454545454546,1.3636363636363635,0.4090909090909091
Molecular,FTICR_23257,MOLP_0553,FTICR_23257,NA,0,23258,437.2310682,20,39,8,0,0,0,1,0,CHOP,Protein,438.2383447,-0.205203815,1,23,0.5227272727272727,1.95,0.4
Molecular,FTICR_23314,MOLP_0554,FTICR_23314,NA,0,23315,438.8716526,15,4,8,0,0,4,0,0,CHOS,ConHC,439.878929,-0.066337861,1,13,0.29545454545454547,0.26666666666666666,0.5333333333333333
Molecular,FTICR_23362,MOLP_0555,FTICR_23362,NA,0,23363,439.173949,18,33,10,0,0,0,1,0,CHOP,AminoSugar,440.1812254,-0.20820124,2,23,0.5227272727272727,1.8333333333333333,0.5555555555555556
Molecular,FTICR_23369,MOLP_0556,FTICR_23369,NA,0,23370,439.2103476,19,37,9,0,0,0,1,0,CHOP,Protein,440.2176241,-0.237969835,1,24,0.5454545454545454,1.9473684210526316,0.47368421052631576
Molecular,FTICR_23382,MOLP_0557,FTICR_23382,12,1,23383,439.2336299,23,36,8,0,0,0,0,0,CHO,Protein,440.2409063,0.253970895,2,15,0.3409090909090909,1.565217391304348,0.34782608695652173
Molecular,FTICR_23456,MOLP_0558,FTICR_23456,7,2,23457,441.0310121,17,14,14,0,0,0,0,0,CHO,Tannin,442.0382886,0.150559426,2,23,0.5227272727272727,0.8235294117647058,0.8235294117647058
Molecular,FTICR_23466,MOLP_0559,FTICR_23466,NA,0,23467,441.0826559,22,18,10,0,0,0,0,0,CHO,Lignin,442.0899324,0.145691721,3,16,0.3636363636363637,0.8181818181818182,0.4545454545454546
Molecular,FTICR_23475,MOLP_0560,FTICR_23475,NA,0,23476,441.1192356,23,22,9,0,0,0,0,0,CHO,Lignin,442.1265121,-0.293561698,2,19,0.4318181818181818,0.9565217391304348,0.391304347826087
Molecular,FTICR_23494,MOLP_0561,FTICR_23494,63,2,23495,441.1684723,21,31,8,0,0,0,1,0,CHOP,Lignin,442.1757487,-0.213116573,1,19,0.4318181818181818,1.4761904761904765,0.380952380952381
Molecular,FTICR_23497,MOLP_0562,FTICR_23497,NA,0,23498,441.1765761,21,30,10,0,0,0,0,0,CHO,Lignin,442.1838525,0.100977123,3,32,0.7272727272727273,1.4285714285714286,0.47619047619047616
Molecular,FTICR_23501,MOLP_0563,FTICR_23501,NA,0,23502,441.1895787,18,35,10,0,0,0,1,0,CHOP,AminoSugar,442.1968552,-0.161343783,2,21,0.4772727272727273,1.9444444444444444,0.5555555555555556
Molecular,FTICR_23508,MOLP_0564,FTICR_23508,19,1,23509,441.2030934,24,30,6,2,0,0,0,0,CHON,Lignin,442.2103699,0.037984771,1,29,0.6590909090909091,1.25,0.25
Molecular,FTICR_23512,MOLP_0565,FTICR_23512,NA,0,23513,441.2129392,22,34,9,0,0,0,0,0,CHO,Protein,442.2202156,0.151614393,2,23,0.5227272727272727,1.5454545454545454,0.4090909090909091
Molecular,FTICR_23521,MOLP_0566,FTICR_23521,NA,0,23522,441.2494278,23,38,8,0,0,0,0,0,CHO,Protein,442.2567043,-0.081600712,1,15,0.3409090909090909,1.6521739130434785,0.34782608695652173
Molecular,FTICR_23524,MOLP_0567,FTICR_23524,NA,0,23525,441.2857917,24,42,7,0,0,0,0,0,CHO,Lipid,442.2930682,-0.032747472,1,17,0.3863636363636363,1.75,0.2916666666666667
Molecular,FTICR_23548,MOLP_0568,FTICR_23548,NA,0,23549,442.1213921,26,22,4,1,0,0,1,0,CHONP,Lignin,443.1286686,-0.05387764,2,13,0.29545454545454547,0.8461538461538461,0.15384615384615383
Molecular,FTICR_23600,MOLP_0569,FTICR_23600,NA,0,23601,443.0466672,17,16,14,0,0,0,0,0,CHO,Tannin,444.0539437,0.138623068,3,30,0.6818181818181818,0.9411764705882352,0.8235294117647058
Molecular,FTICR_23647,MOLP_0570,FTICR_23647,NA,0,23648,443.1921978,21,32,10,0,0,0,0,0,CHO,Protein,444.1994743,0.164252349,3,24,0.5454545454545454,1.5238095238095235,0.47619047619047616
Molecular,FTICR_23659,MOLP_0571,FTICR_23659,NA,0,23660,443.2286087,22,36,9,0,0,0,0,0,CHO,Protein,444.2358852,0.107047378,2,19,0.4318181818181818,1.6363636363636365,0.4090909090909091
Molecular,FTICR_23669,MOLP_0572,FTICR_23669,NA,0,23670,443.3014713,24,44,7,0,0,0,0,0,CHO,Lipid,444.3087477,-0.098954717,1,21,0.4772727272727273,1.8333333333333333,0.2916666666666667
Molecular,FTICR_23685,MOLP_0573,FTICR_23685,NA,0,23686,444.1057789,21,23,4,3,0,2,0,0,CHONS,Lignin,445.1130554,-0.129730142,1,22,0.5,1.0952380952380951,0.1904761904761905
Molecular,FTICR_23739,MOLP_0574,FTICR_23739,NA,0,23740,445.0412326,20,14,12,0,0,0,0,0,CHO,ConHC,446.048509,0.037883144,2,26,0.5909090909090909,0.7,0.6
Molecular,FTICR_23744,MOLP_0575,FTICR_23744,NA,0,23745,445.0623881,17,18,14,0,0,0,0,0,CHO,Tannin,446.0696646,-0.020773967,3,31,0.7045454545454546,1.0588235294117647,0.8235294117647058
Molecular,FTICR_23762,MOLP_0576,FTICR_23762,NA,0,23763,445.1351209,19,26,12,0,0,0,0,0,CHO,Lignin,446.1423974,0.064876217,2,30,0.6818181818181818,1.368421052631579,0.631578947368421
Molecular,FTICR_23777,MOLP_0577,FTICR_23777,NA,0,23778,445.1714618,20,30,11,0,0,0,0,0,CHO,AminoSugar,446.1787383,0.164820091,3,23,0.5227272727272727,1.5,0.55
Molecular,FTICR_23799,MOLP_0578,FTICR_23799,14,2,23800,445.2361952,22,39,7,0,0,0,1,0,CHOP,Protein,446.2434716,-0.294742128,1,12,0.2727272727272727,1.7727272727272727,0.3181818181818182
Molecular,FTICR_23823,MOLP_0579,FTICR_23823,71,1,23824,446.1027747,20,21,7,3,0,1,0,0,CHONS,Lignin,447.1100511,-0.068020121,1,18,0.4090909090909091,1.05,0.35
Molecular,FTICR_23879,MOLP_0086,FTICR_13434,7,1,23880,447.0568193,20,16,12,0,0,0,0,0,CHO,Lignin,448.0640957,0.179093246,3,30,0.6818181818181818,0.8,0.6
Molecular,FTICR_23881,MOLP_0580,FTICR_23881,NA,0,23882,447.0666701,13,25,9,2,0,2,1,0,CHONSP,AminoSugar,448.0739466,-0.085399029,3,24,0.5454545454545454,1.9230769230769231,0.6923076923076923
Molecular,FTICR_23883,MOLP_0581,FTICR_23883,8,1,23884,447.0779531,17,20,14,0,0,0,0,0,CHO,Tannin,448.0852296,0.169104902,3,18,0.4090909090909091,1.1764705882352942,0.8235294117647058
Molecular,FTICR_23890,MOLP_0582,FTICR_23890,NA,0,23891,447.114365,18,24,13,0,0,0,0,0,CHO,Tannin,448.1216415,0.11021744,3,15,0.3409090909090909,1.3333333333333333,0.7222222222222222
Molecular,FTICR_23897,MOLP_0583,FTICR_23897,NA,0,23898,447.1476787,25,25,4,2,0,0,1,0,CHONP,Lignin,448.1549552,0.532487926,1,29,0.6590909090909091,1,0.16
Molecular,FTICR_23979,MOLP_0584,FTICR_23979,NA,0,23980,448.8887364,11,4,12,2,0,1,2,0,CHONSP,Other,449.8960128,0.009930761,1,18,0.4090909090909091,0.3636363636363637,1.0909090909090908
Molecular,FTICR_23988,MOLP_0585,FTICR_23988,NA,0,23989,449.0361024,19,14,13,0,0,0,0,0,CHO,ConHC,450.0433789,0.136998317,2,28,0.6363636363636364,0.7368421052631579,0.6842105263157895
Molecular,FTICR_24019,MOLP_0586,FTICR_24019,NA,0,24020,449.1817056,23,30,9,0,0,0,0,0,CHO,Lignin,450.1889821,0.001099583,1,24,0.5454545454545454,1.3043478260869563,0.391304347826087
Molecular,FTICR_24101,MOLP_0587,FTICR_24101,16,1,24102,450.9801242,11,20,7,2,0,5,0,0,CHONS,AminoSugar,451.9874006,0.008440988,3,29,0.6590909090909091,1.818181818181818,0.6363636363636364
Molecular,FTICR_24138,MOLP_0588,FTICR_24138,NA,0,24139,451.173949,19,33,10,0,0,0,1,0,CHOP,Protein,452.1812254,-0.202644715,2,30,0.6818181818181818,1.736842105263158,0.5263157894736842
Molecular,FTICR_24149,MOLP_0589,FTICR_24149,NA,0,24150,451.1916892,30,28,4,0,0,0,0,0,CHO,Lignin,452.1989657,-0.456149111,1,14,0.3181818181818182,0.9333333333333332,0.13333333333333333
Molecular,FTICR_24151,MOLP_0590,FTICR_24151,60,1,24152,451.1974146,23,32,9,0,0,0,0,0,CHO,Lignin,452.2046911,-0.129269257,1,15,0.3409090909090909,1.391304347826087,0.391304347826087
Molecular,FTICR_24218,MOLP_0591,FTICR_24218,7,1,24219,453.0310776,18,14,14,0,0,0,0,0,CHO,ConHC,454.0383541,0.002441615,2,22,0.5,0.7777777777777778,0.7777777777777778
Molecular,FTICR_24250,MOLP_0592,FTICR_24250,NA,0,24251,453.1766997,22,30,10,0,0,0,0,0,CHO,Lignin,454.1839761,-0.173811624,2,33,0.75,1.3636363636363635,0.4545454545454546
Molecular,FTICR_24257,MOLP_0593,FTICR_24257,NA,0,24258,453.204893,23,35,7,0,0,0,1,0,CHOP,Protein,454.2121695,-0.285062112,1,20,0.4545454545454546,1.5217391304347827,0.30434782608695654
Molecular,FTICR_24282,MOLP_0594,FTICR_24282,NA,0,24283,453.8868724,13,13,3,1,0,7,0,0,CHONS,Lignin,454.8941489,-0.243484874,1,13,0.29545454545454547,1,0.2307692307692308
Molecular,FTICR_24285,MOLP_0595,FTICR_24285,18,2,24286,454.017314,20,13,6,3,0,2,0,0,CHONS,ConHC,455.0245904,-0.030519004,1,21,0.4772727272727273,0.65,0.3
Molecular,FTICR_24332,MOLP_0596,FTICR_24332,NA,0,24333,454.8842855,15,4,11,0,0,3,0,0,CHOS,ConHC,455.891562,0.024258989,1,23,0.5227272727272727,0.26666666666666666,0.7333333333333333
Molecular,FTICR_24338,MOLP_0597,FTICR_24338,NA,0,24339,454.962633,12,13,11,2,0,2,1,0,CHONSP,Tannin,455.96990950000003,-0.158576429,2,30,0.6818181818181818,1.0833333333333333,0.9166666666666666
Molecular,FTICR_24349,MOLP_0598,FTICR_24349,61,1,24350,455.0467153,18,16,14,0,0,0,0,0,CHO,Tannin,456.0539918,0.029478132,3,32,0.7272727272727273,0.8888888888888888,0.7777777777777778
Molecular,FTICR_24358,MOLP_0599,FTICR_24358,NA,0,24359,455.0984089,23,20,10,0,0,0,0,0,CHO,Lignin,456.1056853,-0.084374918,2,15,0.3409090909090909,0.8695652173913043,0.43478260869565216
Molecular,FTICR_24383,MOLP_0600,FTICR_24383,NA,0,24384,455.1922255,22,32,10,0,0,0,0,0,CHO,Lignin,456.199502,0.09920003,3,27,0.6136363636363636,1.4545454545454546,0.4545454545454546
Molecular,FTICR_24392,MOLP_0601,FTICR_24392,14,3,24393,455.2204714,23,37,7,0,0,0,1,0,CHOP,Protein,456.2277478,-0.126668052,1,11,0.25,1.608695652173913,0.30434782608695654
Molecular,FTICR_24401,MOLP_0602,FTICR_24401,NA,0,24402,455.2650543,24,40,8,0,0,0,0,0,CHO,Protein,456.2723308,-0.027431917,1,20,0.4545454545454546,1.6666666666666667,0.3333333333333333
Molecular,FTICR_24405,MOLP_0603,FTICR_24405,NA,0,24406,455.3166307,29,44,4,0,0,0,0,0,CHO,Lipid,456.3239071,0.115660711,1,21,0.4772727272727273,1.5172413793103448,0.13793103448275862
Molecular,FTICR_24412,MOLP_0604,FTICR_24412,43,2,24413,456.0142741,19,11,9,3,0,1,0,0,CHONS,ConHC,457.0215506,0.107414454,4,14,0.3181818181818182,0.5789473684210527,0.47368421052631576
Molecular,FTICR_24467,MOLP_0605,FTICR_24467,NA,0,24468,457.0412016,21,14,12,0,0,0,0,0,CHO,ConHC,458.048478,0.104565342,2,17,0.3863636363636363,0.6666666666666666,0.5714285714285714
Molecular,FTICR_24473,MOLP_0606,FTICR_24473,NA,0,24474,457.077569,22,18,11,0,0,0,0,0,CHO,Lignin,458.0848455,0.143899774,3,17,0.3863636363636363,0.8181818181818182,0.5
Molecular,FTICR_24478,MOLP_0607,FTICR_24478,NA,0,24479,457.1140171,23,22,10,0,0,0,0,0,CHO,Lignin,458.1212936,0.007287085,2,27,0.6136363636363636,0.9565217391304348,0.43478260869565216
Molecular,FTICR_24495,MOLP_0608,FTICR_24495,NA,0,24496,457.1715065,21,30,11,0,0,0,0,0,CHO,Lignin,458.178783,0.062943159,3,29,0.6590909090909091,1.4285714285714286,0.5238095238095238
Molecular,FTICR_24506,MOLP_0609,FTICR_24506,NA,0,24507,457.2079375,22,34,10,0,0,0,0,0,CHO,Protein,458.215214,-0.036346414,2,18,0.4090909090909091,1.5454545454545454,0.4545454545454546
Molecular,FTICR_24587,MOLP_0610,FTICR_24587,NA,0,24588,459.0416307,17,16,15,0,0,0,0,0,CHO,Tannin,460.0489072,0.02747336,3,14,0.3181818181818182,0.9411764705882352,0.8823529411764706
Molecular,FTICR_24589,MOLP_0611,FTICR_24589,NA,0,24590,459.0568404,21,16,12,0,0,0,0,0,CHO,ConHC,460.0641169,0.128445825,3,28,0.6363636363636364,0.7619047619047619,0.5714285714285714
Molecular,FTICR_24595,MOLP_0612,FTICR_24595,NA,0,24596,459.0779808,18,20,14,0,0,0,0,0,CHO,Tannin,460.0852573,0.104485026,3,32,0.7272727272727273,1.1111111111111112,0.7777777777777778
Molecular,FTICR_24598,MOLP_0613,FTICR_24598,NA,0,24599,459.0932287,22,20,11,0,0,0,0,0,CHO,Lignin,460.1005051,0.122460867,3,32,0.7272727272727273,0.9090909090909092,0.5
Molecular,FTICR_24608,MOLP_0614,FTICR_24608,NA,0,24609,459.1296851,23,24,10,0,0,0,0,0,CHO,Lignin,460.1369615,-0.031597787,2,32,0.7272727272727273,1.0434782608695652,0.43478260869565216
Molecular,FTICR_24614,MOLP_0615,FTICR_24614,7,1,24615,459.1508032,20,28,12,0,0,0,0,0,CHO,Lignin,460.1580797,-0.007188852,3,26,0.5909090909090909,1.4,0.6
Molecular,FTICR_24623,MOLP_0616,FTICR_24623,NA,0,24624,459.1660616,24,28,9,0,0,0,0,0,CHO,Lignin,460.1733381,-0.01215668,1,16,0.3636363636363637,1.1666666666666667,0.375
Molecular,FTICR_24629,MOLP_0617,FTICR_24629,NA,0,24630,459.1871817,21,32,11,0,0,0,0,0,CHO,Protein,460.1944582,0.007962481,3,15,0.3409090909090909,1.5238095238095235,0.5238095238095238
Molecular,FTICR_24709,MOLP_0618,FTICR_24709,NA,0,24710,461.0362004,20,14,13,0,0,0,0,0,CHO,ConHC,462.0434768,-0.078536598,3,18,0.4090909090909091,0.7,0.65
Molecular,FTICR_24714,MOLP_0547,FTICR_23095,NA,0,24715,461.057268,17,18,15,0,0,0,0,0,CHO,Tannin,462.0645445,0.055062481,3,13,0.29545454545454547,1.0588235294117647,0.8823529411764706
Molecular,FTICR_24732,MOLP_0619,FTICR_24732,NA,0,24733,461.1299259,19,26,13,0,0,0,0,0,CHO,Tannin,462.1372024,0.299777539,3,15,0.3409090909090909,1.368421052631579,0.6842105263157895
Molecular,FTICR_24743,MOLP_0620,FTICR_24743,66,1,24744,461.1816864,24,30,9,0,0,0,0,0,CHO,Lignin,462.1889629,0.042631298,1,15,0.3409090909090909,1.25,0.375
Molecular,FTICR_24811,MOLP_0621,FTICR_24811,NA,0,24812,462.9080163,18,8,7,0,0,4,0,0,CHOS,ConHC,463.9152927,-0.015848848,1,21,0.4772727272727273,0.4444444444444444,0.3888888888888889
Molecular,FTICR_24817,MOLP_0622,FTICR_24817,NA,0,24818,462.9987349,19,14,10,0,0,0,2,0,CHOP,ConHC,464.0060114,0.448991233,5,26,0.5909090909090909,0.7368421052631579,0.5263157894736842
Molecular,FTICR_24823,MOLP_0623,FTICR_24823,NA,0,24824,463.0318756,17,24,3,2,0,5,0,0,CHONS,Lignin,464.0391521,-0.228387822,5,13,0.29545454545454547,1.411764705882353,0.17647058823529413
Molecular,FTICR_24825,MOLP_0263,FTICR_16878,NA,0,24826,463.0518125,20,16,13,0,0,0,0,0,CHO,Tannin,464.059089,0.003449317,3,30,0.6818181818181818,0.8,0.65
Molecular,FTICR_24854,MOLP_0624,FTICR_24854,NA,0,24855,463.1739226,20,33,10,0,0,0,1,0,CHOP,Protein,464.181199,-0.140519651,2,27,0.6136363636363636,1.65,0.5
Molecular,FTICR_24860,MOLP_0625,FTICR_24860,NA,0,24861,463.1973599,24,32,9,0,0,0,0,0,CHO,Lignin,464.2046363,-0.008015388,1,16,0.3636363636363637,1.3333333333333333,0.375
Molecular,FTICR_24926,MOLP_0626,FTICR_24926,NA,0,24927,464.9957987,29,7,5,0,0,0,1,0,CHOP,ConHC,466.0030752,0.074450387,4,14,0.3181818181818182,0.2413793103448276,0.1724137931034483
Molecular,FTICR_24934,MOLP_0618,FTICR_24709,NA,0,24935,465.0309854,19,14,14,0,0,0,0,0,CHO,ConHC,466.0382619,0.20015122,2,18,0.4090909090909091,0.7368421052631579,0.7368421052631579
Molecular,FTICR_24984,MOLP_0627,FTICR_24984,NA,0,24985,465.2259367,21,39,9,0,0,0,1,0,CHOP,Protein,466.2332132,-0.094015938,1,15,0.3409090909090909,1.8571428571428572,0.42857142857142855
Molecular,FTICR_25063,MOLP_0628,FTICR_25063,28,1,25064,467.0467276,19,16,14,0,0,0,0,0,CHO,Tannin,468.0540041,0.002375101,3,30,0.6818181818181818,0.8421052631578947,0.7368421052631579
Molecular,FTICR_25075,MOLP_0629,FTICR_25075,54,3,25076,467.1026913,22,28,5,0,0,3,0,0,CHOS,Lignin,468.1099677,-0.174446846,2,15,0.3409090909090909,1.2727272727272727,0.2272727272727273
Molecular,FTICR_25085,MOLP_0630,FTICR_25085,NA,0,25086,467.1347115,25,24,9,0,0,0,0,0,CHO,Lignin,468.141988,0.094848189,3,14,0.3181818181818182,0.96,0.36
Molecular,FTICR_25108,MOLP_0631,FTICR_25108,NA,0,25109,467.1922729,23,32,10,0,0,0,0,0,CHO,Lignin,468.1995494,-0.0045178,2,20,0.4545454545454546,1.391304347826087,0.43478260869565216
Molecular,FTICR_25197,MOLP_0632,FTICR_25197,NA,0,25198,469.048776,17,26,7,0,0,4,0,0,CHOS,Protein,470.0560524,0.177658487,4,27,0.6136363636363636,1.5294117647058822,0.4117647058823529
Molecular,FTICR_25231,MOLP_0633,FTICR_25231,NA,0,25232,469.1715252,22,30,11,0,0,0,0,0,CHO,Lignin,470.1788017,0.021517342,3,32,0.7272727272727273,1.3636363636363635,0.5
Molecular,FTICR_25243,MOLP_0634,FTICR_25243,NA,0,25244,469.2078956,23,34,10,0,0,0,0,0,CHO,Lignin,470.2151721,0.053656574,3,15,0.3409090909090909,1.4782608695652173,0.43478260869565216
Molecular,FTICR_25329,MOLP_0558,FTICR_23456,7,2,25330,471.0416813,18,16,15,0,0,0,0,0,CHO,Tannin,472.0489577,-0.0802285,4,22,0.5,0.8888888888888888,0.8333333333333334
Molecular,FTICR_25333,MOLP_0635,FTICR_25333,NA,0,25334,471.0568921,22,16,12,0,0,0,0,0,CHO,ConHC,472.0641686,0.015656151,3,21,0.4772727272727273,0.7272727272727273,0.5454545454545454
Molecular,FTICR_25339,MOLP_0636,FTICR_25339,NA,0,25340,471.0932562,23,20,11,0,0,0,0,0,CHO,Lignin,472.1005327,0.060961856,4,29,0.6590909090909091,0.8695652173913043,0.4782608695652174
Molecular,FTICR_25346,MOLP_0637,FTICR_25346,NA,0,25347,471.1295889,24,24,10,0,0,0,0,0,CHO,Lignin,472.1368653,0.172953776,3,21,0.4772727272727273,1,0.4166666666666667
Molecular,FTICR_25366,MOLP_0638,FTICR_25366,NA,0,25367,471.1871663,22,32,11,0,0,0,0,0,CHO,Lignin,472.1944427,0.040547443,3,22,0.5,1.4545454545454546,0.5
Molecular,FTICR_25459,MOLP_0639,FTICR_25459,6,2,25460,473.0361364,21,14,13,0,0,0,0,0,CHO,ConHC,474.0434129,0.058285421,3,15,0.3409090909090909,0.6666666666666666,0.6190476190476191
Molecular,FTICR_25464,MOLP_0640,FTICR_25464,NA,0,25465,473.0573059,18,18,15,0,0,0,0,0,CHO,Tannin,474.0645824,-0.026381001,3,25,0.5681818181818182,1,0.8333333333333334
Molecular,FTICR_25468,MOLP_0641,FTICR_25468,NA,0,25469,473.0725418,22,18,12,0,0,0,0,0,CHO,Lignin,474.0798183,0.016364203,3,29,0.6590909090909091,0.8181818181818182,0.5454545454545454
Molecular,FTICR_25473,MOLP_0642,FTICR_25473,NA,0,25474,473.0937014,19,22,14,0,0,0,0,0,CHO,Tannin,474.1009778,-0.047258807,3,33,0.75,1.1578947368421053,0.7368421052631579
Molecular,FTICR_25474,MOLP_0643,FTICR_25474,NA,0,25475,473.1089611,23,22,11,0,0,0,0,0,CHO,Lignin,474.1162376,-0.054899388,3,32,0.7272727272727273,0.9565217391304348,0.4782608695652174
Molecular,FTICR_25478,MOLP_0644,FTICR_25478,NA,0,25479,473.1300284,20,26,13,0,0,0,0,0,CHO,Tannin,474.1373049,0.075976308,3,30,0.6818181818181818,1.3,0.65
Molecular,FTICR_25481,MOLP_0645,FTICR_25481,NA,0,25482,473.1452992,24,26,10,0,0,0,0,0,CHO,Lignin,474.1525757,0.045044468,2,26,0.5909090909090909,1.0833333333333333,0.4166666666666667
Molecular,FTICR_25486,MOLP_0646,FTICR_25486,NA,0,25487,473.1663496,21,30,12,0,0,0,0,0,CHO,Lignin,474.173626,0.211703881,3,16,0.3636363636363637,1.4285714285714286,0.5714285714285714
Molecular,FTICR_25496,MOLP_0647,FTICR_25496,NA,0,25497,473.194669,22,35,9,0,0,0,1,0,CHOP,Protein,474.2019454,-0.160663325,1,15,0.3409090909090909,1.5909090909090908,0.4090909090909091
Molecular,FTICR_25592,MOLP_0648,FTICR_25592,NA,0,25593,474.8792466,13,16,3,0,0,8,0,0,CHOS,Lignin,475.8865231,-0.027668319,1,13,0.29545454545454547,1.2307692307692308,0.2307692307692308
Molecular,FTICR_25600,MOLP_0437,FTICR_20425,8,1,25601,475.0517298,21,16,13,0,0,0,0,0,CHO,ConHC,476.0590063,0.177117184,3,24,0.5454545454545454,0.7619047619047619,0.6190476190476191
Molecular,FTICR_25606,MOLP_0649,FTICR_25606,NA,0,25607,475.0728768,18,20,15,0,0,0,0,0,CHO,Tannin,476.0801533,0.140146371,3,16,0.3636363636363637,1.1111111111111112,0.8333333333333334
Molecular,FTICR_25613,MOLP_0463,FTICR_20969,8,1,25614,475.1092578,19,24,14,0,0,0,0,0,CHO,Tannin,476.1165343,0.149570357,3,22,0.5,1.263157894736842,0.7368421052631579
Molecular,FTICR_25619,MOLP_0650,FTICR_25619,NA,0,25620,475.1609253,24,28,10,0,0,0,0,0,CHO,Lignin,476.1682017,0.095312176,3,26,0.5909090909090909,1.1666666666666667,0.4166666666666667
Molecular,FTICR_25629,MOLP_0651,FTICR_25629,12,1,25630,475.2103266,22,37,9,0,0,0,1,0,CHOP,Protein,476.2176031,-0.175939873,1,17,0.3863636363636363,1.681818181818182,0.4090909090909091
Molecular,FTICR_25697,MOLP_0652,FTICR_25697,NA,0,25698,477.0310825,20,14,14,0,0,0,0,0,CHO,ConHC,478.0383589,-0.007927317,2,13,0.29545454545454547,0.7,0.7
Molecular,FTICR_25721,MOLP_0653,FTICR_25721,NA,0,25722,477.1765987,24,30,10,0,0,0,0,0,CHO,Lignin,478.1838751,0.046112917,3,27,0.6136363636363636,1.25,0.4166666666666667
Molecular,FTICR_25723,MOLP_0654,FTICR_25723,15,1,25724,477.1895951,21,35,10,0,0,0,1,0,CHOP,Protein,478.1968715,-0.183368941,2,19,0.4318181818181818,1.6666666666666667,0.47619047619047616
Molecular,FTICR_25729,MOLP_0655,FTICR_25729,NA,0,25730,477.2130229,25,34,9,0,0,0,0,0,CHO,Lignin,478.2202993,-0.034796131,1,14,0.3181818181818182,1.36,0.36
Molecular,FTICR_25731,MOLP_0656,FTICR_25731,NA,0,25732,477.2260298,22,39,9,0,0,0,1,0,CHOP,Protein,478.2333063,-0.286257241,1,17,0.3863636363636363,1.7727272727272727,0.4090909090909091
Molecular,FTICR_25797,MOLP_0657,FTICR_25797,NA,0,25798,479.0466554,20,16,14,0,0,0,0,0,CHO,Tannin,480.0539319,0.152777597,3,26,0.5909090909090909,0.8,0.7
Molecular,FTICR_25826,MOLP_0658,FTICR_25826,NA,0,25827,479.1923006,24,32,10,0,0,0,0,0,CHO,Lignin,480.1995771,-0.062177416,2,27,0.6136363636363636,1.3333333333333333,0.4166666666666667
Molecular,FTICR_25828,MOLP_0659,FTICR_25828,15,1,25829,479.2053009,21,37,10,0,0,0,1,0,CHOP,Protein,480.2125774,-0.298810633,1,24,0.5454545454545454,1.761904761904762,0.47619047619047616
Molecular,FTICR_25888,MOLP_0660,FTICR_25888,4,2,25889,481.0623291,20,18,14,0,0,0,0,0,CHO,Tannin,482.0696056,0.103126055,3,32,0.7272727272727273,0.9,0.7
Molecular,FTICR_25900,MOLP_0661,FTICR_25900,NA,0,25901,481.1141076,25,22,10,0,0,0,0,0,CHO,Lignin,482.121384,-0.180650016,4,11,0.25,0.88,0.4
Molecular,FTICR_25914,MOLP_0662,FTICR_25914,63,1,25915,481.16342,23,31,9,0,0,0,1,0,CHOP,Lignin,482.1706965,-0.264144796,2,16,0.3636363636363637,1.3478260869565215,0.391304347826087
Molecular,FTICR_25917,MOLP_0663,FTICR_25917,7,1,25918,481.1715332,23,30,11,0,0,0,0,0,CHO,Lignin,482.1788097,0.004365969,3,33,0.75,1.3043478260869563,0.4782608695652174
Molecular,FTICR_25918,MOLP_0664,FTICR_25918,NA,0,25919,481.1844862,20,35,11,0,0,0,1,0,CHOP,AminoSugar,482.1917627,-0.133167979,4,16,0.3636363636363637,1.75,0.55
Molecular,FTICR_25944,MOLP_0665,FTICR_25944,NA,0,25945,481.2759573,23,47,6,0,0,1,1,0,CHOSP,Lipid,482.2832338,-0.284773262,1,15,0.3409090909090909,2.0434782608695654,0.2608695652173913
Molecular,FTICR_25965,MOLP_0666,FTICR_25965,NA,0,25966,482.1383609,15,35,10,1,0,1,2,0,CHONSP,Other,483.1456374,0.108976755,3,10,0.2272727272727273,2.3333333333333335,0.6666666666666666
Molecular,FTICR_25994,MOLP_0667,FTICR_25994,NA,0,25995,483.041633,19,16,15,0,0,0,0,0,CHO,Tannin,484.0489094,0.02150304,3,22,0.5,0.8421052631578947,0.7894736842105263
Molecular,FTICR_26018,MOLP_0668,FTICR_26018,NA,0,26019,483.1298347,25,24,10,0,0,0,0,0,CHO,Lignin,484.1371111,-0.339040621,3,13,0.29545454545454547,0.96,0.4
Molecular,FTICR_26037,MOLP_0669,FTICR_26037,2,2,26038,483.1871747,23,32,11,0,0,0,0,0,CHO,Lignin,484.1944511,0.022195979,3,22,0.5,1.391304347826087,0.4782608695652174
Molecular,FTICR_26040,MOLP_0670,FTICR_26040,11,1,26041,483.2001835,20,37,11,0,0,0,1,0,CHOP,AminoSugar,484.20746,-0.230206587,4,17,0.3863636363636363,1.85,0.55
Molecular,FTICR_26063,MOLP_0671,FTICR_26063,NA,0,26064,483.9150757,14,15,6,1,0,6,0,0,CHONS,Lignin,484.9223522,0.018917812,2,22,0.5,1.0714285714285714,0.42857142857142855
Molecular,FTICR_26122,MOLP_0672,FTICR_26122,NA,0,26123,485.0572336,19,18,15,0,0,0,0,0,CHO,Tannin,486.0645101,0.123088154,3,29,0.6590909090909091,0.9473684210526316,0.7894736842105263
Molecular,FTICR_26124,MOLP_0673,FTICR_26124,5,1,26125,485.0724495,23,18,12,0,0,0,0,0,CHO,ConHC,486.0797259,0.205957642,3,17,0.3863636363636363,0.782608695652174,0.5217391304347826
Molecular,FTICR_26134,MOLP_0674,FTICR_26134,NA,0,26135,485.1089057,24,22,11,0,0,0,0,0,CHO,Lignin,486.1161821,0.060487286,4,17,0.3863636363636363,0.9166666666666666,0.4583333333333333
Molecular,FTICR_26152,MOLP_0675,FTICR_26152,32,1,26153,485.1664603,22,30,12,0,0,0,0,0,CHO,Lignin,486.1737368,-0.021276829,3,24,0.5454545454545454,1.3636363636363635,0.5454545454545454
Molecular,FTICR_26222,MOLP_0676,FTICR_26222,NA,0,26223,486.2204926,30,34,3,1,0,0,1,0,CHONP,UnsatHC,487.2277691,-0.284419982,3,18,0.4090909090909091,1.1333333333333333,0.1
Molecular,FTICR_26256,MOLP_0667,FTICR_25994,NA,0,26257,487.0517577,22,16,13,0,0,0,0,0,CHO,ConHC,488.0590341,0.115677706,3,21,0.4772727272727273,0.7272727272727273,0.5909090909090909
Molecular,FTICR_26259,MOLP_0424,FTICR_20158,NA,0,26260,487.0728968,19,20,15,0,0,0,0,0,CHO,Tannin,488.0801733,0.09562627,3,27,0.6136363636363636,1.0526315789473684,0.7894736842105263
Molecular,FTICR_26261,MOLP_0677,FTICR_26261,NA,0,26262,487.0881357,23,20,12,0,0,0,0,0,CHO,Lignin,488.0954121,0.131052044,3,27,0.6136363636363636,0.8695652173913043,0.5217391304347826
Molecular,FTICR_26270,MOLP_0678,FTICR_26270,NA,0,26271,487.1092723,20,24,14,0,0,0,0,0,CHO,Tannin,488.1165488,0.11619161,3,32,0.7272727272727273,1.2,0.7
Molecular,FTICR_26273,MOLP_0679,FTICR_26273,8,1,26274,487.1245252,24,24,11,0,0,0,0,0,CHO,Lignin,488.1318017,0.12279776,3,25,0.5681818181818182,1,0.4583333333333333
Molecular,FTICR_26278,MOLP_0193,FTICR_15687,8,1,26279,487.1456611,21,28,13,0,0,0,0,0,CHO,Lignin,488.1529376,0.109359344,3,27,0.6136363636363636,1.3333333333333333,0.6190476190476191
Molecular,FTICR_26282,MOLP_0680,FTICR_26282,NA,0,26283,487.160901,25,28,10,0,0,0,0,0,CHO,Lignin,488.1681775,0.142682221,3,13,0.29545454545454547,1.12,0.4
Molecular,FTICR_26290,MOLP_0681,FTICR_26290,NA,0,26291,487.1820453,22,32,12,0,0,0,0,0,CHO,Lignin,488.1893217,0.112201389,3,12,0.2727272727272727,1.4545454545454546,0.5454545454545454
Molecular,FTICR_26363,MOLP_0682,FTICR_26363,NA,0,26364,488.2361462,30,36,3,1,0,0,1,0,CHONP,UnsatHC,489.2434227,-0.290567731,3,25,0.5681818181818182,1.2,0.1
Molecular,FTICR_26398,MOLP_0683,FTICR_26398,NA,0,26399,489.0885338,19,22,15,0,0,0,0,0,CHO,Tannin,490.0958103,0.121868151,3,20,0.4545454545454546,1.1578947368421053,0.7894736842105263
Molecular,FTICR_26402,MOLP_0684,FTICR_26402,33,1,26403,489.1113248,18,34,7,0,0,4,0,0,CHOS,Protein,490.1186013,0.275282427,3,15,0.3409090909090909,1.8888888888888888,0.3888888888888889
Molecular,FTICR_26408,MOLP_0685,FTICR_26408,8,1,26409,489.1249677,20,26,14,0,0,0,0,0,CHO,Tannin,490.1322441,0.023256067,3,19,0.4318181818181818,1.3,0.7
Molecular,FTICR_26411,MOLP_0686,FTICR_26411,NA,0,26412,489.140215,24,26,11,0,0,0,0,0,CHO,Lignin,490.1474914,0.041326897,4,30,0.6818181818181818,1.0833333333333333,0.4583333333333333
Molecular,FTICR_26485,MOLP_0294,FTICR_17590,7,2,26486,491.0466772,21,16,14,0,0,0,0,0,CHO,ConHC,492.0539537,0.104777372,3,26,0.5909090909090909,0.7619047619047619,0.6666666666666666
Molecular,FTICR_26491,MOLP_0687,FTICR_26491,31,1,26492,491.083034,22,20,13,0,0,0,0,0,CHO,Lignin,492.0903105,0.163023775,3,33,0.75,0.9090909090909092,0.5909090909090909
Molecular,FTICR_26514,MOLP_0688,FTICR_26514,NA,0,26515,491.1922095,25,32,10,0,0,0,0,0,CHO,Lignin,492.1994859,0.124577608,3,18,0.4090909090909091,1.28,0.4
Molecular,FTICR_26534,MOLP_0689,FTICR_26534,NA,0,26535,491.2933287,28,45,5,0,0,0,1,0,CHOP,Lipid,492.3006051,-0.292643448,2,31,0.7045454545454546,1.6071428571428572,0.17857142857142858
Molecular,FTICR_26558,MOLP_0690,FTICR_26558,3,1,26559,492.1835065,19,31,12,3,0,0,0,0,CHON,AminoSugar,493.190783,-0.019307396,3,23,0.5227272727272727,1.631578947368421,0.631578947368421
Molecular,FTICR_26585,MOLP_0611,FTICR_24589,NA,0,26586,493.0623248,21,18,14,0,0,0,0,0,CHO,Tannin,494.0696012,0.10943867,3,29,0.6590909090909091,0.8571428571428571,0.6666666666666666
Molecular,FTICR_26609,MOLP_0473,FTICR_21146,NA,0,26610,493.1715508,24,30,11,0,0,0,0,0,CHO,Lignin,494.1788273,-0.031338588,3,32,0.7272727272727273,1.25,0.4583333333333333
Molecular,FTICR_26619,MOLP_0691,FTICR_26619,NA,0,26620,493.2078832,25,34,10,0,0,0,0,0,CHO,Lignin,494.2151596,0.076270434,3,22,0.5,1.36,0.4
Molecular,FTICR_26621,MOLP_0692,FTICR_26621,NA,0,26622,493.2208902,22,39,10,0,0,0,1,0,CHOP,Protein,494.2281667,-0.167316068,2,16,0.3636363636363637,1.7727272727272727,0.4545454545454546
Molecular,FTICR_26627,MOLP_0693,FTICR_26627,51,1,26628,493.241979,23,46,1,2,0,4,0,0,CHONS,Lipid,494.2492554,0.083827403,3,24,0.5454545454545454,2,0.04347826086956521
Molecular,FTICR_26689,MOLP_0694,FTICR_26689,5,1,26690,495.0415744,20,16,15,0,0,0,0,0,CHO,Tannin,496.0488508,0.139105695,3,19,0.4318181818181818,0.8,0.75
Molecular,FTICR_26722,MOLP_0695,FTICR_26722,20,3,26723,495.1871275,24,32,11,0,0,0,0,0,CHO,Lignin,496.194404,0.116667794,3,25,0.5681818181818182,1.3333333333333333,0.4583333333333333
Molecular,FTICR_26724,MOLP_0696,FTICR_26724,67,1,26725,495.2001421,21,37,11,0,0,0,1,0,CHOP,Protein,496.2074185,-0.141027137,4,13,0.29545454545454547,1.761904761904762,0.5238095238095238
Molecular,FTICR_26807,MOLP_0569,FTICR_23600,NA,0,26808,497.0572991,20,18,15,0,0,0,0,0,CHO,Tannin,498.0645756,-0.011432139,3,30,0.6818181818181818,0.9,0.75
Molecular,FTICR_26814,MOLP_0697,FTICR_26814,NA,0,26815,497.0924013,25,24,7,0,0,0,2,0,CHOP,Lignin,498.0996778,0.09715426,7,17,0.3863636363636363,0.96,0.28
Molecular,FTICR_26816,MOLP_0698,FTICR_26816,8,2,26817,497.0939198,21,22,14,0,0,0,0,0,CHO,Tannin,498.1011963,-0.483616565,4,20,0.4545454545454546,1.0476190476190477,0.6666666666666666
Molecular,FTICR_26873,MOLP_0699,FTICR_26873,30,1,26874,497.9308459,15,17,6,1,0,6,0,0,CHONS,Lignin,498.9381224,-0.222352085,2,20,0.4545454545454546,1.1333333333333333,0.4
Molecular,FTICR_26933,MOLP_0700,FTICR_26933,NA,0,26934,499.0729165,20,20,15,0,0,0,0,0,CHO,Tannin,500.080193,0.053981326,-1,29,0.6590909090909091,1,0.75
Molecular,FTICR_26936,MOLP_0701,FTICR_26936,1,3,26937,499.0898288,26,28,2,0,0,4,0,0,CHOS,UnsatHC,500.0971053,0.215247103,-1,18,0.4090909090909091,1.0769230769230769,0.07692307692307693
Molecular,FTICR_26944,MOLP_0702,FTICR_26944,NA,0,26945,499.1246093,25,24,11,0,0,0,0,0,CHO,Lignin,500.1318858,-0.048265457,-1,19,0.4318181818181818,0.96,0.44
Molecular,FTICR_26958,MOLP_0703,FTICR_26958,NA,0,26959,499.1820926,23,32,12,0,0,0,0,0,CHO,Lignin,500.1893691,0.014868938,-1,24,0.5454545454545454,1.391304347826087,0.5217391304347826
Molecular,FTICR_27049,MOLP_0704,FTICR_27049,8,1,27050,501.0522115,19,18,16,0,0,0,0,0,CHO,Tannin,502.059488,-0.006842775,-1,19,0.4318181818181818,0.9473684210526316,0.8421052631578947
Molecular,FTICR_27052,MOLP_0705,FTICR_27052,NA,0,27053,501.0673722,23,18,13,0,0,0,0,0,CHO,ConHC,502.0746487,0.183165842,-1,22,0.5,0.782608695652174,0.5652173913043478
Molecular,FTICR_27058,MOLP_0706,FTICR_27058,NA,0,27059,501.0884907,20,22,15,0,0,0,0,0,CHO,Tannin,502.0957672,0.204854414,-1,28,0.6363636363636364,1.1,0.75
Molecular,FTICR_27067,MOLP_0357,FTICR_19013,NA,0,27068,501.1249307,21,26,14,0,0,0,0,0,CHO,Tannin,502.1322071,0.096409775,-1,28,0.6363636363636364,1.238095238095238,0.6666666666666666
Molecular,FTICR_27070,MOLP_0707,FTICR_27070,NA,0,27071,501.1401947,25,26,11,0,0,0,0,0,CHO,Lignin,502.1474712,0.080620833,-1,20,0.4545454545454546,1.04,0.44
Molecular,FTICR_27076,MOLP_0708,FTICR_27076,8,1,27077,501.1613702,22,30,13,0,0,0,0,0,CHO,Lignin,502.1686466,-0.011088098,-1,24,0.5454545454545454,1.3636363636363635,0.5909090909090909
Molecular,FTICR_27196,MOLP_0709,FTICR_27196,NA,0,27197,503.0467309,22,16,14,0,0,0,0,0,CHO,ConHC,504.0540074,-0.004237189,-1,22,0.5,0.7272727272727273,0.6363636363636364
Molecular,FTICR_27203,MOLP_0710,FTICR_27203,NA,0,27204,503.0679572,19,20,16,0,0,0,0,0,CHO,Tannin,504.0752337,-0.196540662,-1,18,0.4090909090909091,1.0526315789473684,0.8421052631578947
Molecular,FTICR_27205,MOLP_0178,FTICR_15373,NA,0,27206,503.0831984,23,20,13,0,0,0,0,0,CHO,Lignin,504.0904749,-0.16689243,-1,31,0.7045454545454546,0.8695652173913043,0.5652173913043478
Molecular,FTICR_27212,MOLP_0667,FTICR_25994,NA,0,27213,503.1041978,20,24,15,0,0,0,0,0,CHO,Tannin,504.1114743,0.090897594,-1,22,0.5,1.2,0.75
Molecular,FTICR_27223,MOLP_0711,FTICR_27223,5,1,27224,503.1405525,21,28,14,0,0,0,0,0,CHO,Tannin,504.1478289,0.152064642,-1,16,0.3636363636363637,1.3333333333333333,0.6666666666666666
Molecular,FTICR_27228,MOLP_0193,FTICR_15687,8,1,27229,503.1558908,25,28,11,0,0,0,0,0,CHO,Lignin,504.1631672,-0.010897684,-1,25,0.5681818181818182,1.12,0.44
Molecular,FTICR_27336,MOLP_0712,FTICR_27336,NA,0,27337,505.0622563,22,18,14,0,0,0,0,0,CHO,Lignin,506.0695328,0.242123707,-1,30,0.6818181818181818,0.8181818181818182,0.6363636363636364
Molecular,FTICR_27367,MOLP_0713,FTICR_27367,6,1,27368,505.1714319,25,30,11,0,0,0,0,0,CHO,Lignin,506.1787084,0.204307572,-1,25,0.5681818181818182,1.2,0.44
Molecular,FTICR_27377,MOLP_0714,FTICR_27377,NA,0,27378,505.2079027,26,34,10,0,0,0,0,0,CHO,Lignin,506.2151791,0.035911316,-1,15,0.3409090909090909,1.3076923076923077,0.38461538461538464
Molecular,FTICR_27455,MOLP_0715,FTICR_27455,7,2,27456,507.0415985,21,16,15,0,0,0,0,0,CHO,ConHC,508.0488749,0.088392346,-1,21,0.4772727272727273,0.7619047619047619,0.7142857142857143
Molecular,FTICR_27484,MOLP_0716,FTICR_27484,NA,0,27485,507.1871512,25,32,11,0,0,0,0,0,CHO,Lignin,508.1944277,0.067217418,-1,29,0.6590909090909091,1.28,0.44
Molecular,FTICR_27560,MOLP_0437,FTICR_20425,8,1,27561,509.0573476,21,18,15,0,0,0,0,0,CHO,Tannin,510.0646241,-0.106215223,-1,27,0.6136363636363636,0.8571428571428571,0.7142857142857143
Molecular,FTICR_27583,MOLP_0717,FTICR_27583,NA,0,27584,509.1664061,24,30,12,0,0,0,0,0,CHO,Lignin,510.1736826,0.085913654,-1,31,0.7045454545454546,1.25,0.5
Molecular,FTICR_27589,MOLP_0718,FTICR_27589,NA,0,27590,509.1947249,25,35,9,0,0,0,1,0,CHOP,Lignin,510.2020014,-0.258954483,-1,16,0.3636363636363637,1.4,0.36
Molecular,FTICR_27593,MOLP_0719,FTICR_27593,NA,0,27594,509.2027458,25,34,11,0,0,0,0,0,CHO,Lignin,510.2100223,0.17569242,-1,19,0.4318181818181818,1.36,0.44
Molecular,FTICR_27619,MOLP_0720,FTICR_27619,NA,0,27620,509.9494847,17,21,3,1,0,7,0,0,CHONS,Lignin,510.9567611,-0.240218526,-1,29,0.6590909090909091,1.2352941176470589,0.17647058823529413
Molecular,FTICR_27672,MOLP_0721,FTICR_27672,8,1,27673,511.0729854,21,20,15,0,0,0,0,0,CHO,Tannin,512.0802618,-0.081743501,-1,26,0.5909090909090909,0.9523809523809524,0.7142857142857143
Molecular,FTICR_27684,MOLP_0722,FTICR_27684,NA,0,27685,511.1093718,22,24,14,0,0,0,0,0,CHO,Lignin,512.1166483,-0.08361457,-1,23,0.5227272727272727,1.0909090909090908,0.6363636363636364
Molecular,FTICR_27697,MOLP_0723,FTICR_27697,NA,0,27698,511.1820491,24,32,12,0,0,0,0,0,CHO,Lignin,512.1893255,0.099513914,-1,25,0.5681818181818182,1.3333333333333333,0.5
Molecular,FTICR_27767,MOLP_0724,FTICR_27767,NA,0,27768,513.0522094,20,18,16,0,0,0,0,0,CHO,Tannin,514.0594859,-0.002653489,-1,17,0.3863636363636363,0.9,0.8
Molecular,FTICR_27769,MOLP_0725,FTICR_27769,6,2,27770,513.0673787,24,18,13,0,0,0,0,0,CHO,ConHC,514.0746552,0.166287004,-1,13,0.29545454545454547,0.75,0.5416666666666666
Molecular,FTICR_27773,MOLP_0611,FTICR_24589,NA,0,27774,513.0885685,21,22,15,0,0,0,0,0,CHO,Tannin,514.095845,0.048789439,-1,29,0.6590909090909091,1.0476190476190477,0.7142857142857143
Molecular,FTICR_27780,MOLP_0086,FTICR_13434,7,1,27781,513.1249214,22,26,14,0,0,0,0,0,CHO,Lignin,514.1321979,0.112096997,-1,30,0.6818181818181818,1.181818181818182,0.6363636363636364
Molecular,FTICR_27786,MOLP_0726,FTICR_27786,NA,0,27787,513.1612701,23,30,13,0,0,0,0,0,CHO,Lignin,514.1685466,0.183704771,-1,27,0.6136363636363636,1.3043478260869563,0.5652173913043478
Molecular,FTICR_27844,MOLP_0727,FTICR_27844,5,1,27845,514.2518078,32,38,3,1,0,0,1,0,CHONP,UnsatHC,515.2590842,-0.298176804,-1,16,0.3636363636363637,1.1875,0.09375
Molecular,FTICR_27870,MOLP_0534,FTICR_22850,NA,0,27871,515.0467111,23,16,14,0,0,0,0,0,CHO,ConHC,516.0539875,0.034299831,-1,11,0.25,0.6956521739130435,0.6086956521739131
Molecular,FTICR_27872,MOLP_0558,FTICR_23456,7,2,27873,515.06794850000006,20,20,16,0,0,0,0,0,CHO,Tannin,516.075225,-0.175086425,-1,24,0.5454545454545454,1,0.8
Molecular,FTICR_27875,MOLP_0728,FTICR_27875,NA,0,27876,515.0830413,24,20,13,0,0,0,0,0,CHO,Lignin,516.0903178,0.14138247,-1,16,0.3636363636363637,0.8333333333333334,0.5416666666666666
Molecular,FTICR_27879,MOLP_0640,FTICR_25464,NA,0,27880,515.1042417,21,24,15,0,0,0,0,0,CHO,Tannin,516.1115182,0.003664771,-1,24,0.5454545454545454,1.1428571428571428,0.7142857142857143
Molecular,FTICR_27881,MOLP_0729,FTICR_27881,NA,0,27882,515.1194826,25,24,12,0,0,0,0,0,CHO,Lignin,516.126759,0.033319898,-1,17,0.3863636363636363,0.96,0.48
Molecular,FTICR_27886,MOLP_0730,FTICR_27886,NA,0,27887,515.1406267,22,28,14,0,0,0,0,0,CHO,Lignin,516.1479032,0.004711135,-1,22,0.5,1.2727272727272727,0.6363636363636364
Molecular,FTICR_27977,MOLP_0731,FTICR_27977,NA,0,27978,517.0623247,23,18,14,0,0,0,0,0,CHO,ConHC,518.0696012,0.104446666,-1,19,0.4318181818181818,0.782608695652174,0.6086956521739131
Molecular,FTICR_27981,MOLP_0732,FTICR_27981,3,1,27982,517.0987829,24,22,13,0,0,0,0,0,CHO,Lignin,518.1060594,-0.035942637,-1,24,0.5454545454545454,0.9166666666666666,0.5416666666666666
Molecular,FTICR_27984,MOLP_0733,FTICR_27984,5,1,27985,517.1198335,21,26,15,0,0,0,0,0,CHO,Tannin,518.12711,0.116140247,-1,14,0.3181818181818182,1.238095238095238,0.7142857142857143
Molecular,FTICR_27987,MOLP_0734,FTICR_27987,58,1,27988,517.1351746,25,26,12,0,0,0,0,0,CHO,Lignin,518.1424511,-0.047878929,-1,26,0.5909090909090909,1.04,0.48
Molecular,FTICR_28065,MOLP_0735,FTICR_28065,7,1,28066,519.0415828,22,16,15,0,0,0,0,0,CHO,ConHC,520.0488593,0.11645067,-1,14,0.3181818181818182,0.7272727272727273,0.6818181818181818
Molecular,FTICR_28071,MOLP_0736,FTICR_28071,7,1,28072,519.0779501,23,20,14,0,0,0,0,0,CHO,Lignin,520.0852265,0.151538801,-1,28,0.6363636363636364,0.8695652173913043,0.6086956521739131
Molecular,FTICR_28077,MOLP_0312,FTICR_17933,NA,0,28078,519.1143172,24,24,13,0,0,0,0,0,CHO,Lignin,520.1215937,0.186788485,-1,27,0.6136363636363636,1,0.5416666666666666
Molecular,FTICR_28082,MOLP_0737,FTICR_28082,NA,0,28083,519.1507237,25,28,12,0,0,0,0,0,CHO,Lignin,520.1580002,0.146499093,-1,24,0.5454545454545454,1.12,0.48
Molecular,FTICR_28086,MOLP_0738,FTICR_28086,NA,0,28087,519.187154,26,32,11,0,0,0,0,0,CHO,Lignin,520.1944305,0.06028124,-1,14,0.3181818181818182,1.2307692307692308,0.4230769230769231
Molecular,FTICR_28097,MOLP_0739,FTICR_28097,41,1,28098,519.2518038,28,41,7,0,0,0,1,0,CHOP,Lignin,520.2590803,-0.173156189,-1,15,0.3409090909090909,1.4642857142857142,0.25
Molecular,FTICR_28140,MOLP_0591,FTICR_24218,7,1,28141,521.0573003,22,18,15,0,0,0,0,0,CHO,Tannin,522.0645768,-0.013108138,-1,21,0.4772727272727273,0.8181818181818182,0.6818181818181818
Molecular,FTICR_28149,MOLP_0437,FTICR_20425,8,1,28150,521.0937077,23,22,14,0,0,0,0,0,CHO,Lignin,522.1009842,-0.055108516,-1,28,0.6363636363636364,0.9565217391304348,0.6086956521739131
Molecular,FTICR_28157,MOLP_0740,FTICR_28157,NA,0,28158,521.1300468,24,26,13,0,0,0,0,0,CHO,Lignin,522.1373233,0.033755934,-1,33,0.75,1.0833333333333333,0.5416666666666666
Molecular,FTICR_28161,MOLP_0741,FTICR_28161,NA,0,28162,521.1663812,25,30,12,0,0,0,0,0,CHO,Lignin,522.1736577,0.131673038,-1,26,0.5909090909090909,1.2,0.48
Molecular,FTICR_28169,MOLP_0742,FTICR_28169,NA,0,28170,521.2028007,26,34,11,0,0,0,0,0,CHO,Lignin,522.2100772,0.066525616,-1,14,0.3181818181818182,1.3076923076923077,0.4230769230769231
Molecular,FTICR_28226,MOLP_0743,FTICR_28226,NA,0,28227,522.9655835,20,14,11,0,0,1,2,0,CHOSP,ConHC,523.9728599,0.658546742,-1,29,0.6590909090909091,0.7,0.55
Molecular,FTICR_28239,MOLP_0437,FTICR_20425,8,1,28240,523.0728707,22,20,15,0,0,0,0,0,CHO,Tannin,524.0801472,0.138895423,-1,27,0.6136363636363636,0.9090909090909092,0.6818181818181818
Molecular,FTICR_28244,MOLP_0744,FTICR_28244,NA,0,28245,523.1092138,23,24,14,0,0,0,0,0,CHO,Lignin,524.1164903,0.219806878,-1,32,0.7272727272727273,1.0434782608695652,0.6086956521739131
Molecular,FTICR_28249,MOLP_0745,FTICR_28249,38,1,28250,523.1456488,24,28,13,0,0,0,0,0,CHO,Lignin,524.1529252,0.125414947,-1,30,0.6818181818181818,1.1666666666666667,0.5416666666666666
Molecular,FTICR_28255,MOLP_0746,FTICR_28255,NA,0,28256,523.1820681,25,32,12,0,0,0,0,0,CHO,Lignin,524.1893446,0.060936352,-1,23,0.5227272727272727,1.28,0.48
Molecular,FTICR_28323,MOLP_0747,FTICR_28323,NA,0,28324,524.9624077,20,14,11,0,0,3,0,0,CHOS,ConHC,525.9696842,0.264571313,-1,16,0.3636363636363637,0.7,0.55
Molecular,FTICR_28331,MOLP_0748,FTICR_28331,8,1,28332,525.0521439,21,18,16,0,0,0,0,0,CHO,Tannin,526.0594203,0.122053469,-1,15,0.3409090909090909,0.8571428571428571,0.7619047619047619
Molecular,FTICR_28335,MOLP_0749,FTICR_28335,NA,0,28336,525.0886047,22,22,15,0,0,0,0,0,CHO,Tannin,526.0958812,-0.02121764,-1,30,0.6818181818181818,1,0.6818181818181818
Molecular,FTICR_28340,MOLP_0750,FTICR_28340,61,1,28341,525.1249738,23,26,14,0,0,0,0,0,CHO,Lignin,526.1322503,0.009980444,-1,31,0.7045454545454546,1.1304347826086956,0.6086956521739131
Molecular,FTICR_28344,MOLP_0751,FTICR_28344,NA,0,28345,525.1613938,24,30,13,0,0,0,0,0,CHO,Lignin,526.1686702,-0.055454622,-1,29,0.6590909090909091,1.25,0.5416666666666666
Molecular,FTICR_28355,MOLP_0752,FTICR_28355,NA,0,28356,525.1977602,25,34,12,0,0,0,0,0,CHO,Lignin,526.2050366,-0.019137559,-1,16,0.3636363636363637,1.36,0.48
Molecular,FTICR_28425,MOLP_0753,FTICR_28425,NA,0,28426,527.0678971,21,20,16,0,0,0,0,0,CHO,Tannin,528.0751736,-0.073776457,-1,22,0.5,0.9523809523809524,0.7619047619047619
Molecular,FTICR_28431,MOLP_0754,FTICR_28431,NA,0,28432,527.1042651,22,24,15,0,0,0,0,0,CHO,Tannin,528.1115416,-0.04067561,-1,29,0.6590909090909091,1.0909090909090908,0.6818181818181818
Molecular,FTICR_28438,MOLP_0755,FTICR_28438,7,1,28439,527.1406166,23,28,14,0,0,0,0,0,CHO,Lignin,528.147893,0.023799947,-1,28,0.6363636363636364,1.2173913043478262,0.6086956521739131
Molecular,FTICR_28443,MOLP_0756,FTICR_28443,8,2,28444,527.1769413,24,32,13,0,0,0,0,0,CHO,Lignin,528.1842178,0.138894544,-1,14,0.3181818181818182,1.3333333333333333,0.5416666666666666
Molecular,FTICR_28526,MOLP_0757,FTICR_28526,NA,0,28527,529.06241,24,18,14,0,0,0,0,0,CHO,ConHC,530.0696865,-0.05882185,-1,12,0.2727272727272727,0.75,0.5833333333333334
Molecular,FTICR_28528,MOLP_0758,FTICR_28528,NA,0,28529,529.0835621,21,22,16,0,0,0,0,0,CHO,Tannin,530.0908385,-0.101610199,-1,23,0.5227272727272727,1.0476190476190477,0.7619047619047619
Molecular,FTICR_28529,MOLP_0759,FTICR_28529,NA,0,28530,529.0988079,25,22,13,0,0,0,0,0,CHO,Lignin,530.1060844,-0.082209262,-1,20,0.4545454545454546,0.88,0.52
Molecular,FTICR_28530,MOLP_0535,FTICR_22852,NA,0,28531,529.119874,22,26,15,0,0,0,0,0,CHO,Tannin,530.1271504,0.037210407,-1,23,0.5227272727272727,1.181818181818182,0.6818181818181818
Molecular,FTICR_28533,MOLP_0760,FTICR_28533,68,1,28534,529.1350799,26,26,12,0,0,0,0,0,CHO,Lignin,530.1423563,0.132004296,-1,16,0.3636363636363637,1,0.4615384615384616
Molecular,FTICR_28559,MOLP_0761,FTICR_28559,5,1,28560,529.2626735,32,39,3,2,0,0,1,0,CHONP,UnsatHC,530.26995,-0.226918912,-1,11,0.25,1.21875,0.09375
Molecular,FTICR_28592,MOLP_0762,FTICR_28592,NA,0,28593,530.2466972,32,38,4,1,0,0,1,0,CHONP,Lignin,531.2539737,-0.241759674,-1,18,0.4090909090909091,1.1875,0.125
Molecular,FTICR_28594,MOLP_0763,FTICR_28594,72,1,28595,530.2830869,33,42,3,1,0,0,1,0,CHONP,UnsatHC,531.2903634,-0.249713758,-1,12,0.2727272727272727,1.2727272727272727,0.09090909090909093
Molecular,FTICR_28620,MOLP_0757,FTICR_28526,NA,0,28621,531.0417245,23,16,15,0,0,0,0,0,CHO,ConHC,532.049001,-0.152470505,-1,12,0.2727272727272727,0.6956521739130435,0.6521739130434783
Molecular,FTICR_28625,MOLP_0764,FTICR_28625,NA,0,28626,531.0780009,24,20,14,0,0,0,0,0,CHO,Lignin,532.0852774,0.052527362,-1,19,0.4318181818181818,0.8333333333333334,0.5833333333333334
Molecular,FTICR_28627,MOLP_0765,FTICR_28627,7,1,28628,531.0992225,21,24,16,0,0,0,0,0,CHO,Tannin,532.106499,-0.120770711,-1,14,0.3181818181818182,1.1428571428571428,0.7619047619047619
Molecular,FTICR_28629,MOLP_0766,FTICR_28629,NA,0,28630,531.1144115,25,24,13,0,0,0,0,0,CHO,Lignin,532.121688,0.005377357,-1,20,0.4545454545454546,0.96,0.52
Molecular,FTICR_28636,MOLP_0767,FTICR_28636,NA,0,28637,531.150788,26,28,12,0,0,0,0,0,CHO,Lignin,532.1580644,0.022419003,-1,17,0.3863636363636363,1.0769230769230769,0.4615384615384616
Molecular,FTICR_28686,MOLP_0768,FTICR_28686,NA,0,28687,532.2259404,31,36,5,1,0,0,1,0,CHONP,Lignin,533.2332168,-0.200734909,-1,12,0.2727272727272727,1.1612903225806452,0.16129032258064516
Molecular,FTICR_28711,MOLP_0769,FTICR_28711,NA,0,28712,533.0573354,23,18,15,0,0,0,0,0,CHO,ConHC,534.0646119,-0.07853858,-1,19,0.4318181818181818,0.782608695652174,0.6521739130434783
Molecular,FTICR_28715,MOLP_0770,FTICR_28715,8,1,28716,533.0936824,24,22,14,0,0,0,0,0,CHO,Lignin,534.1009589,-0.00652906,-1,25,0.5681818181818182,0.9166666666666666,0.5833333333333334
Molecular,FTICR_28719,MOLP_0771,FTICR_28719,NA,0,28720,533.1300682,25,26,13,0,0,0,0,0,CHO,Lignin,534.1373446,-0.006917659,-1,25,0.5681818181818182,1.04,0.52
Molecular,FTICR_28724,MOLP_0772,FTICR_28724,NA,0,28725,533.166379,26,30,12,0,0,0,0,0,CHO,Lignin,534.1736555,0.132843167,-1,21,0.4772727272727273,1.1538461538461535,0.4615384615384616
Molecular,FTICR_28781,MOLP_0700,FTICR_26933,NA,0,28782,535.0729952,23,20,15,0,0,0,0,0,CHO,Tannin,536.0802716,-0.096366252,-1,27,0.6136363636363636,0.8695652173913043,0.6521739130434783
Molecular,FTICR_28784,MOLP_0773,FTICR_28784,7,3,28785,535.109355,24,24,14,0,0,0,0,0,CHO,Lignin,536.1166315,-0.048555711,-1,29,0.6590909090909091,1,0.5833333333333334
Molecular,FTICR_28791,MOLP_0774,FTICR_28791,NA,0,28792,535.1457456,25,28,13,0,0,0,0,0,CHO,Lignin,536.1530221,-0.058049914,-1,26,0.5909090909090909,1.12,0.52
Molecular,FTICR_28793,MOLP_0775,FTICR_28793,NA,0,28794,535.1821137,26,32,12,0,0,0,0,0,CHO,Lignin,536.1893902,-0.025514049,-1,23,0.5227272727272727,1.2307692307692308,0.4615384615384616
Molecular,FTICR_28860,MOLP_0776,FTICR_28860,8,1,28861,537.0521061,22,18,16,0,0,0,0,0,CHO,Tannin,538.0593825,0.189557314,-1,17,0.3863636363636363,0.8181818181818182,0.7272727272727273
Molecular,FTICR_28864,MOLP_0640,FTICR_25464,NA,0,28865,537.0884813,23,22,15,0,0,0,0,0,CHO,Tannin,538.0957577,0.208737605,-1,25,0.5681818181818182,0.9565217391304348,0.6521739130434783
Molecular,FTICR_28868,MOLP_0777,FTICR_28868,NA,0,28869,537.1249185,24,26,14,0,0,0,0,0,CHO,Lignin,538.1321949,0.112634042,-1,29,0.6590909090909091,1.0833333333333333,0.5833333333333334
Molecular,FTICR_28871,MOLP_0778,FTICR_28871,NA,0,28872,537.1612912,25,30,13,0,0,0,0,0,CHO,Lignin,538.1685677,0.136275101,-1,31,0.7045454545454546,1.2,0.52
Molecular,FTICR_28875,MOLP_0779,FTICR_28875,NA,0,28876,537.1977267,26,34,12,0,0,0,0,0,CHO,Lignin,538.2050031,0.043498571,-1,19,0.4318181818181818,1.3076923076923077,0.4615384615384616
Molecular,FTICR_28947,MOLP_0709,FTICR_27196,NA,0,28948,539.0679042,22,20,16,0,0,0,0,0,CHO,Tannin,540.0751806,-0.085227347,-1,23,0.5227272727272727,0.9090909090909092,0.7272727272727273
Molecular,FTICR_28952,MOLP_0611,FTICR_24589,NA,0,28953,539.1042497,23,24,15,0,0,0,0,0,CHO,Tannin,540.1115262,-0.011249697,-1,30,0.6818181818181818,1.0434782608695652,0.6521739130434783
Molecular,FTICR_28956,MOLP_0780,FTICR_28956,NA,0,28957,539.1405884,24,28,14,0,0,0,0,0,CHO,Lignin,540.1478649,0.075378967,-1,32,0.7272727272727273,1.1666666666666667,0.5833333333333334
Molecular,FTICR_28962,MOLP_0781,FTICR_28962,NA,0,28963,539.1769201,25,32,13,0,0,0,0,0,CHO,Lignin,540.1841966,0.175045311,-1,24,0.5454545454545454,1.28,0.52
Molecular,FTICR_29041,MOLP_0782,FTICR_29041,NA,0,29042,541.083524,22,22,16,0,0,0,0,0,CHO,Tannin,542.0908005,-0.02920677,-1,25,0.5681818181818182,1,0.7272727272727273
Molecular,FTICR_29047,MOLP_0783,FTICR_29047,NA,0,29048,541.1199106,23,26,15,0,0,0,0,0,CHO,Tannin,542.1271871,-0.031192931,-1,27,0.6136363636363636,1.1304347826086956,0.6521739130434783
Molecular,FTICR_29049,MOLP_0784,FTICR_29049,NA,0,29050,541.1351965,27,26,12,0,0,0,0,0,CHO,Lignin,542.142473,-0.086162839,-1,14,0.3181818181818182,0.9629629629629628,0.4444444444444444
Molecular,FTICR_29052,MOLP_0785,FTICR_29052,58,1,29053,541.1562866,24,30,14,0,0,0,0,0,CHO,Lignin,542.1635631,-0.013667212,-1,27,0.6136363636363636,1.25,0.5833333333333334
Molecular,FTICR_29135,MOLP_0786,FTICR_29135,64,1,29136,543.0627754,21,20,17,0,0,0,0,0,CHO,Tannin,544.0700519,-0.004911604,-1,16,0.3636363636363637,0.9523809523809524,0.8095238095238095
Molecular,FTICR_29136,MOLP_0787,FTICR_29136,NA,0,29137,543.0780868,25,20,14,0,0,0,0,0,CHO,Lignin,544.0853633,-0.106530405,-1,14,0.3181818181818182,0.8,0.56
Molecular,FTICR_29138,MOLP_0788,FTICR_29138,NA,0,29139,543.0992409,22,24,16,0,0,0,0,0,CHO,Tannin,544.1065173,-0.15180083,-1,21,0.4772727272727273,1.0909090909090908,0.7272727272727273
Molecular,FTICR_29142,MOLP_0789,FTICR_29142,NA,0,29143,543.1143971,26,24,13,0,0,0,0,0,CHO,Lignin,544.1216736,0.031707777,-1,17,0.3863636363636363,0.9230769230769232,0.5
Molecular,FTICR_29145,MOLP_0535,FTICR_22852,NA,0,29146,543.1355401,23,28,15,0,0,0,0,0,CHO,Tannin,544.1428165,0.00677115,-1,24,0.5454545454545454,1.2173913043478262,0.6521739130434783
Molecular,FTICR_29146,MOLP_0790,FTICR_29146,NA,0,29147,543.1507899,27,28,12,0,0,0,0,0,CHO,Lignin,544.1580664,0.018355014,-1,14,0.3181818181818182,1.037037037037037,0.4444444444444444
Molecular,FTICR_29208,MOLP_0791,FTICR_29208,5,1,29209,544.2623693,33,40,4,1,0,0,1,0,CHONP,UnsatHC,545.2696458,-0.275954482,-1,20,0.4545454545454546,1.2121212121212122,0.12121212121212122
Molecular,FTICR_29232,MOLP_0735,FTICR_28065,7,1,29233,545.0572305,24,18,15,0,0,0,0,0,CHO,ConHC,546.064507,0.115231627,-1,15,0.3409090909090909,0.75,0.625
Molecular,FTICR_29239,MOLP_0574,FTICR_23739,NA,0,29240,545.0935723,25,22,14,0,0,0,0,0,CHO,Lignin,546.1008488,0.195212776,-1,23,0.5227272727272727,0.88,0.56
Molecular,FTICR_29246,MOLP_0792,FTICR_29246,2,2,29247,545.1299962,26,26,13,0,0,0,0,0,CHO,Lignin,546.1372727,0.124989586,-1,21,0.4772727272727273,1,0.5
Molecular,FTICR_29251,MOLP_0793,FTICR_29251,NA,0,29252,545.1664481,27,30,12,0,0,0,0,0,CHO,Lignin,546.1737246,0.003341348,-1,13,0.29545454545454547,1.1111111111111112,0.4444444444444444
Molecular,FTICR_29334,MOLP_0794,FTICR_29334,7,2,29335,547.0728355,24,20,15,0,0,0,0,0,CHO,Lignin,548.080112,0.197002745,-1,17,0.3863636363636363,0.8333333333333334,0.625
Molecular,FTICR_29340,MOLP_0795,FTICR_29340,NA,0,29341,547.1092969,25,24,14,0,0,0,0,0,CHO,Lignin,548.1165734,0.058506671,-1,23,0.5227272727272727,0.96,0.56
Molecular,FTICR_29345,MOLP_0796,FTICR_29345,NA,0,29346,547.1457568,26,28,13,0,0,0,0,0,CHO,Lignin,548.1530333,-0.077176093,-1,23,0.5227272727272727,1.0769230769230769,0.5
Molecular,FTICR_29350,MOLP_0797,FTICR_29350,46,1,29351,547.1821818,27,32,12,0,0,0,0,0,CHO,Lignin,548.1894583,-0.149232737,-1,17,0.3863636363636363,1.1851851851851851,0.4444444444444444
Molecular,FTICR_29401,MOLP_0798,FTICR_29401,NA,0,29402,549.0522087,23,18,16,0,0,0,0,0,CHO,ConHC,550.0594852,-0.001181265,-1,12,0.2727272727272727,0.782608695652174,0.6956521739130435
Molecular,FTICR_29406,MOLP_0799,FTICR_29406,NA,0,29407,549.0886371,24,22,15,0,0,0,0,0,CHO,Lignin,550.0959135,-0.079091893,-1,24,0.5454545454545454,0.9166666666666666,0.625
Molecular,FTICR_29412,MOLP_0800,FTICR_29412,NA,0,29413,549.1250033,25,26,14,0,0,0,0,0,CHO,Lignin,550.1322798,-0.044091601,-1,26,0.5909090909090909,1.04,0.56
Molecular,FTICR_29416,MOLP_0801,FTICR_29416,NA,0,29417,549.1613952,26,30,13,0,0,0,0,0,CHO,Lignin,550.1686716,-0.055569922,-1,21,0.4772727272727273,1.1538461538461535,0.5
Molecular,FTICR_29419,MOLP_0802,FTICR_29419,NA,0,29420,549.1977379,27,34,12,0,0,0,0,0,CHO,Lignin,550.2050143,0.022210184,-1,15,0.3409090909090909,1.2592592592592593,0.4444444444444444
Molecular,FTICR_29469,MOLP_0748,FTICR_28331,8,1,29470,551.0679748,23,20,16,0,0,0,0,0,CHO,Tannin,552.0752512,-0.211241637,-1,17,0.3863636363636363,0.8695652173913043,0.6956521739130435
Molecular,FTICR_29473,MOLP_0803,FTICR_29473,NA,0,29474,551.1042968,24,24,15,0,0,0,0,0,CHO,Lignin,552.1115733,-0.096313487,-1,22,0.5,1,0.625
Molecular,FTICR_29479,MOLP_0804,FTICR_29479,NA,0,29480,551.140639,25,28,14,0,0,0,0,0,CHO,Lignin,552.1479154,-0.017764588,-1,26,0.5909090909090909,1.12,0.56
Molecular,FTICR_29482,MOLP_0805,FTICR_29482,27,1,29483,551.1769634,26,32,13,0,0,0,0,0,CHO,Lignin,552.1842399,0.092821851,-1,17,0.3863636363636363,1.2307692307692308,0.5
Molecular,FTICR_29542,MOLP_0635,FTICR_25333,NA,0,29543,553.0836055,23,22,16,0,0,0,0,0,CHO,Tannin,554.0908819,-0.175559341,-1,20,0.4545454545454546,0.9565217391304348,0.6956521739130435
Molecular,FTICR_29547,MOLP_0709,FTICR_27196,NA,0,29548,553.119916,24,26,15,0,0,0,0,0,CHO,Lignin,554.1271925,-0.040244876,-1,22,0.5,1.0833333333333333,0.625
Molecular,FTICR_29554,MOLP_0806,FTICR_29554,NA,0,29555,553.1562581,25,30,14,0,0,0,0,0,CHO,Lignin,554.1635345,0.038127007,-1,27,0.6136363636363636,1.2,0.56
Molecular,FTICR_29557,MOLP_0807,FTICR_29557,35,1,29558,553.1926478,26,34,13,0,0,0,0,0,CHO,Lignin,554.1999242,0.030547119,-1,15,0.3409090909090909,1.3076923076923077,0.5
Molecular,FTICR_29617,MOLP_0808,FTICR_29617,NA,0,29618,555.0992783,23,24,16,0,0,0,0,0,CHO,Tannin,556.1065548,-0.215845689,-1,20,0.4545454545454546,1.0434782608695652,0.6956521739130435
Molecular,FTICR_29621,MOLP_0809,FTICR_29621,NA,0,29622,555.135608,24,28,15,0,0,0,0,0,CHO,Lignin,556.1428845,-0.115503734,-1,18,0.4090909090909091,1.1666666666666667,0.625
Molecular,FTICR_29628,MOLP_0810,FTICR_29628,8,2,29629,555.1719269,25,32,14,0,0,0,0,0,CHO,Lignin,556.1792033,0.004305662,-1,11,0.25,1.28,0.56
Molecular,FTICR_30037,MOLP_0811,FTICR_30037,5,4,30038,559.1455668,27,28,13,0,0,0,0,0,CHO,Lignin,560.1528433,0.263665775,-1,13,0.29545454545454547,1.037037037037037,0.48148148148148145
Molecular,FTICR_30137,MOLP_0812,FTICR_30137,7,1,30138,561.0885614,25,22,15,0,0,0,0,0,CHO,Lignin,562.0958379,0.057233692,-1,14,0.3181818181818182,0.88,0.6
Molecular,FTICR_30141,MOLP_0813,FTICR_30141,NA,0,30142,561.1248366,26,26,14,0,0,0,0,0,CHO,Lignin,562.1321131,0.253382185,-1,15,0.3409090909090909,1,0.5384615384615384
Molecular,FTICR_30186,MOLP_0814,FTICR_30186,NA,0,30187,563.0678178,24,20,16,0,0,0,0,0,CHO,Tannin,564.0750943,0.071424391,-1,14,0.3181818181818182,0.8333333333333334,0.6666666666666666
Molecular,FTICR_30191,MOLP_0815,FTICR_30191,NA,0,30192,563.1043426,25,24,15,0,0,0,0,0,CHO,Lignin,564.1116191,-0.175511075,-1,17,0.3863636363636363,0.96,0.6
Molecular,FTICR_30195,MOLP_0816,FTICR_30195,NA,0,30196,563.1406978,26,28,14,0,0,0,0,0,CHO,Lignin,564.1479743,-0.121703317,-1,19,0.4318181818181818,1.0769230769230769,0.5384615384615384
Molecular,FTICR_30257,MOLP_0808,FTICR_29617,NA,0,30258,565.0834523,24,22,16,0,0,0,0,0,CHO,Tannin,566.0907288,0.09865763,-1,19,0.4318181818181818,0.9166666666666666,0.6666666666666666
Molecular,FTICR_30262,MOLP_0817,FTICR_30262,NA,0,30263,565.1197563,25,26,15,0,0,0,0,0,CHO,Lignin,566.1270327,0.242748509,-1,21,0.4772727272727273,1.04,0.6
Molecular,FTICR_30265,MOLP_0818,FTICR_30265,NA,0,30266,565.1561839,26,30,14,0,0,0,0,0,CHO,Lignin,566.1634603,0.168402692,-1,19,0.4318181818181818,1.1538461538461535,0.5384615384615384
Molecular,FTICR_30305,MOLP_0819,FTICR_30305,NA,0,30306,566.2203159,22,37,14,3,0,0,0,0,CHON,AminoSugar,567.2275923,-0.069468024,-1,28,0.6363636363636364,1.681818181818182,0.6363636363636364
Molecular,FTICR_30331,MOLP_0820,FTICR_30331,NA,0,30332,567.0628072,23,20,17,0,0,0,0,0,CHO,Tannin,568.0700837,-0.060625717,-1,13,0.29545454545454547,0.8695652173913043,0.7391304347826086
Molecular,FTICR_30335,MOLP_0821,FTICR_30335,7,1,30336,567.0992234,24,24,16,0,0,0,0,0,CHO,Tannin,568.1064998,-0.114587174,-1,17,0.3863636363636363,1,0.6666666666666666
Molecular,FTICR_30341,MOLP_0822,FTICR_30341,8,1,30342,567.1356095,25,28,15,0,0,0,0,0,CHO,Lignin,568.1428859,-0.115628875,-1,22,0.5,1.12,0.6
Molecular,FTICR_30344,MOLP_0823,FTICR_30344,20,1,30345,567.1720479,26,32,14,0,0,0,0,0,CHO,Lignin,568.1793244,-0.208825409,-1,17,0.3863636363636363,1.2307692307692308,0.5384615384615384
Molecular,FTICR_30408,MOLP_0824,FTICR_30408,NA,0,30409,568.9167025,21,14,9,0,0,5,0,0,CHOS,ConHC,569.9239789,0.27468825,-1,17,0.3863636363636363,0.6666666666666666,0.42857142857142855
Molecular,FTICR_30417,MOLP_0825,FTICR_30417,NA,0,30418,569.078386,23,22,17,0,0,0,0,0,CHO,Tannin,570.0856624,0.064648215,-1,16,0.3636363636363637,0.9565217391304348,0.7391304347826086
Molecular,FTICR_30421,MOLP_0826,FTICR_30421,46,1,30422,569.1147791,24,26,16,0,0,0,0,0,CHO,Tannin,570.1220556,0.051179327,-1,16,0.3636363636363637,1.0833333333333333,0.6666666666666666
Molecular,FTICR_30426,MOLP_0827,FTICR_30426,NA,0,30427,569.151084,25,30,15,0,0,0,0,0,CHO,Lignin,570.1583605,0.192626519,-1,15,0.3409090909090909,1.2,0.6
Molecular,FTICR_30496,MOLP_0786,FTICR_29135,64,1,30497,571.0940064,23,24,17,0,0,0,0,0,CHO,Tannin,572.1012829,0.116217037,-1,16,0.3636363636363637,1.0434782608695652,0.7391304347826086
Molecular,FTICR_30500,MOLP_0828,FTICR_30500,3,1,30501,571.1115541,28,30,7,0,0,1,2,0,CHOSP,Lignin,572.1188305,-0.145971867,-1,17,0.3863636363636363,1.0714285714285714,0.25
Molecular,FTICR_30580,MOLP_0829,FTICR_30580,46,1,30581,573.1250192,27,26,14,0,0,0,0,0,CHO,Lignin,574.1322956,-0.069826322,-1,15,0.3409090909090909,0.9629629629629628,0.5185185185185185
Molecular,FTICR_30652,MOLP_0830,FTICR_30652,24,1,30653,575.0680355,25,20,16,0,0,0,0,0,CHO,Lignin,576.075312,-0.307968321,-1,15,0.3409090909090909,0.8,0.64
Molecular,FTICR_30655,MOLP_0831,FTICR_30655,5,1,30656,575.1043415,26,24,15,0,0,0,0,0,CHO,Lignin,576.1116179,-0.169804801,-1,16,0.3636363636363637,0.9230769230769232,0.5769230769230769
Molecular,FTICR_30716,MOLP_0832,FTICR_30716,NA,0,30717,577.0836775,25,22,16,0,0,0,0,0,CHO,Lignin,578.090954,-0.292872737,-1,17,0.3863636363636363,0.88,0.64
Molecular,FTICR_30719,MOLP_0833,FTICR_30719,NA,0,30720,577.1199778,26,26,15,0,0,0,0,0,CHO,Lignin,578.1272542,-0.145413394,-1,18,0.4090909090909091,1,0.5769230769230769
Molecular,FTICR_30722,MOLP_0834,FTICR_30722,NA,0,30723,577.1563185,27,30,14,0,0,0,0,0,CHO,Lignin,578.1635949,-0.067906639,-1,19,0.4318181818181818,1.1111111111111112,0.5185185185185185
Molecular,FTICR_30766,MOLP_0835,FTICR_30766,NA,0,30767,579.0629357,24,20,17,0,0,0,0,0,CHO,Tannin,580.0702122,-0.280947335,-1,14,0.3181818181818182,0.8333333333333334,0.7083333333333334
Molecular,FTICR_30770,MOLP_0709,FTICR_27196,NA,0,30771,579.0992337,25,24,16,0,0,0,0,0,CHO,Lignin,580.1065102,-0.130110889,-1,21,0.4772727272727273,0.96,0.64
Molecular,FTICR_30773,MOLP_0721,FTICR_27672,8,1,30774,579.1355862,26,28,15,0,0,0,0,0,CHO,Lignin,580.1428627,-0.073176452,-1,25,0.5681818181818182,1.0769230769230769,0.5769230769230769
Molecular,FTICR_30775,MOLP_0836,FTICR_30775,8,1,30776,579.1719175,27,32,14,0,0,0,0,0,CHO,Lignin,580.179194,0.020224796,-1,18,0.4090909090909091,1.1851851851851851,0.5185185185185185
Molecular,FTICR_30827,MOLP_0837,FTICR_30827,NA,0,30828,581.0784989,24,22,17,0,0,0,0,0,CHO,Tannin,582.0857753,-0.130667993,-1,13,0.29545454545454547,0.9166666666666666,0.7083333333333334
Molecular,FTICR_30832,MOLP_0838,FTICR_30832,5,1,30833,581.1148799,25,26,16,0,0,0,0,0,CHO,Lignin,582.1221564,-0.122972351,-1,19,0.4318181818181818,1.04,0.64
Molecular,FTICR_30838,MOLP_0839,FTICR_30838,NA,0,30839,581.1512916,26,30,15,0,0,0,0,0,CHO,Lignin,582.158568,-0.167879312,-1,17,0.3863636363636363,1.1538461538461535,0.5769230769230769
Molecular,FTICR_30844,MOLP_0840,FTICR_30844,NA,0,30845,581.1876487,27,34,14,0,0,0,0,0,CHO,Lignin,582.1949251,-0.119088545,-1,14,0.3181818181818182,1.2592592592592593,0.5185185185185185
Molecular,FTICR_30871,MOLP_0841,FTICR_30871,39,2,30872,581.4341756,34,63,5,0,0,0,1,0,CHOP,Lipid,582.4414521,-0.241169196,-1,17,0.3863636363636363,1.8529411764705883,0.14705882352941177
Molecular,FTICR_30922,MOLP_0842,FTICR_30922,NA,0,30923,583.0942362,24,24,17,0,0,0,0,0,CHO,Tannin,584.1015127,-0.279634724,-1,16,0.3636363636363637,1,0.7083333333333334
Molecular,FTICR_30925,MOLP_0843,FTICR_30925,74,1,30926,583.1305254,25,28,16,0,0,0,0,0,CHO,Lignin,584.1378019,-0.114765253,-1,20,0.4545454545454546,1.12,0.64
Molecular,FTICR_30933,MOLP_0844,FTICR_30933,NA,0,30934,583.1668568,26,32,15,0,0,0,0,0,CHO,Lignin,584.1741333,-0.022082194,-1,16,0.3636363636363637,1.2307692307692308,0.5769230769230769
Molecular,FTICR_31014,MOLP_0845,FTICR_31014,NA,0,31015,585.1098084,24,26,17,0,0,0,0,0,CHO,Tannin,586.1170849,-0.145801209,-1,12,0.2727272727272727,1.0833333333333333,0.7083333333333334
Molecular,FTICR_31020,MOLP_0846,FTICR_31020,NA,0,31021,585.1461439,25,30,16,0,0,0,0,0,CHO,Lignin,586.1534204,-0.060549773,-1,11,0.25,1.2,0.64
Molecular,FTICR_31105,MOLP_0847,FTICR_31105,NA,0,31106,587.1041574,27,24,15,0,0,0,0,0,CHO,Lignin,588.1114338,0.14669224,-1,13,0.29545454545454547,0.8888888888888888,0.5555555555555556
Molecular,FTICR_31194,MOLP_0848,FTICR_31194,12,2,31195,589.1197328,27,26,15,0,0,0,0,0,CHO,Lignin,590.1270093,0.272607643,-1,15,0.3409090909090909,0.9629629629629628,0.5555555555555556
Molecular,FTICR_31252,MOLP_0849,FTICR_31252,5,1,31253,591.0993355,26,24,16,0,0,0,0,0,CHO,Lignin,592.106612,-0.29938306,-1,12,0.2727272727272727,0.9230769230769232,0.6153846153846154
Molecular,FTICR_31414,MOLP_0850,FTICR_31414,NA,0,31415,597.4291251,34,63,6,0,0,0,1,0,CHOP,Lipid,598.4364016,-0.292994115,-1,31,0.7045454545454546,1.8529411764705883,0.17647058823529413
