{"type": "FeatureCollection", "crs": {"type": "name", "properties": {"name": "urn:ogc:def:crs:EPSG::26910"}}, "features": [{"type": "Feature", "geometry": {"type": "Polygon", "coordinates": [[[568320.0, 4903470.0], [568320.0, 4903460.0], [568310.0, 4903460.0], [568310.0, 4903450.0], [568290.0, 4903450.0], [568290.0, 4903440.0], [568240.0, 4903440.0], [568240.0, 4903450.0], [568220.0, 4903450.0], [568220.0, 4903440.0], [568210.0, 4903440.0], [568210.0, 4903430.0], [568200.0, 4903430.0], [568200.0, 4903420.0], [568190.0, 4903420.0], [568190.0, 4903410.0], [568180.0, 4903410.0], [568180.0, 4903400.0], [568170.0, 4903400.0], [568170.0, 4903390.0], [568160.0, 4903390.0], [568160.0, 4903380.0], [568150.0, 4903380.0], [568150.0, 4903370.0], [568140.0, 4903370.0], [568140.0, 4903360.0], [568130.0, 4903360.0], [568130.0, 4903340.0], [568120.0, 4903340.0], [568120.0, 4903330.0], [568110.0, 4903330.0], [568110.0, 4903320.0], [568100.0, 4903320.0], [568100.0, 4903300.0], [568090.0, 4903300.0], [568090.0, 4903290.0], [568080.0, 4903290.0], [568080.0, 4903270.0], [568070.0, 4903270.0], [568070.0, 4903260.0], [568060.0, 4903260.0], [568060.0, 4903250.0], [568050.0, 4903250.0], [568050.0, 4903240.0], [568040.0, 4903240.0], [568040.0, 4903230.0], [568030.0, 4903230.0], [568030.0, 4903220.0], [568010.0, 4903220.0], [568010.0, 4903210.0], [567990.0, 4903210.0], [567990.0, 4903200.0], [567980.0, 4903200.0], [567980.0, 4903190.0], [567960.0, 4903190.0], [567960.0, 4903180.0], [567950.0, 4903180.0], [567950.0, 4903170.0], [567940.0, 4903170.0], [567940.0, 4903160.0], [567930.0, 4903160.0], [567930.0, 4903150.0], [567920.0, 4903150.0], [567920.0, 4903140.0], [567910.0, 4903140.0], [567910.0, 4903130.0], [567900.0, 4903130.0], [567900.0, 4903120.0], [567890.0, 4903120.0], [567890.0, 4903110.0], [567880.0, 4903110.0], [567880.0, 4903100.0], [567870.0, 4903100.0], [567870.0, 4903090.0], [567860.0, 4903090.0], [567860.0, 4903080.0], [567850.0, 4903080.0], [567850.0, 4903070.0], [567840.0, 4903070.0], [567840.0, 4903060.0], [567830.0, 4903060.0], [567830.0, 4903050.0], [567810.0, 4903050.0], [567810.0, 4903040.0], [567800.0, 4903040.0], [567800.0, 4903030.0], [567770.0, 4903030.0], [567770.0, 4903020.0], [567750.0, 4903020.0], [567750.0, 4903010.0], [567740.0, 4903010.0], [567740.0, 4903000.0], [567720.0, 4903000.0], [567720.0, 4902990.0], [567710.0, 4902990.0], [567710.0, 4902980.0], [567690.0, 4902980.0], [567690.0, 4902970.0], [567670.0, 4902970.0], [567670.0, 4902980.0], [567650.0, 4902980.0], [567650.0, 4902990.0], [567550.0, 4902990.0], [567550.0, 4903000.0], [567510.0, 4903000.0], [567510.0, 4903010.0], [567410.0, 4903010.0], [567410.0, 4903020.0], [567400.0, 4903020.0], [567400.0, 4903030.0], [567390.0, 4903030.0], [567390.0, 4903040.0], [567340.0, 4903040.0], [567340.0, 4903050.0], [567320.0, 4903050.0], [567320.0, 4903060.0], [567290.0, 4903060.0], [567290.0, 4903050.0], [567280.0, 4903050.0], [567280.0, 4903040.0], [567270.0, 4903040.0], [567270.0, 4903030.0], [567260.0, 4903030.0], [567260.0, 4903010.0], [567250.0, 4903010.0], [567250.0, 4903000.0], [567240.0, 4903000.0], [567240.0, 4902990.0], [567230.0, 4902990.0], [567230.0, 4902980.0], [567220.0, 4902980.0], [567220.0, 4902970.0], [567210.0, 4902970.0], [567210.0, 4902960.0], [567190.0, 4902960.0], [567190.0, 4902950.0], [567180.0, 4902950.0], [567180.0, 4902940.0], [567170.0, 4902940.0], [567170.0, 4902930.0], [567150.0, 4902930.0], [567150.0, 4902920.0], [567130.0, 4902920.0], [567130.0, 4902910.0], [567120.0, 4902910.0], [567120.0, 4902900.0], [567110.0, 4902900.0], [567110.0, 4902910.0], [566970.0, 4902910.0], [566970.0, 4902920.0], [566930.0, 4902920.0], [566930.0, 4902930.0], [566880.0, 4902930.0], [566880.0, 4902940.0], [566860.0, 4902940.0], [566860.0, 4902950.0], [566850.0, 4902950.0], [566850.0, 4902960.0], [566840.0, 4902960.0], [566840.0, 4902970.0], [566780.0, 4902970.0], [566780.0, 4902960.0], [566740.0, 4902960.0], [566740.0, 4902970.0], [566570.0, 4902970.0], [566570.0, 4902960.0], [566560.0, 4902960.0], [566560.0, 4902950.0], [566540.0, 4902950.0], [566540.0, 4902940.0], [566530.0, 4902940.0], [566530.0, 4902930.0], [566510.0, 4902930.0], [566510.0, 4902920.0], [566500.0, 4902920.0], [566500.0, 4902910.0], [566490.0, 4902910.0], [566490.0, 4902900.0], [566470.0, 4902900.0], [566470.0, 4902890.0], [566460.0, 4902890.0], [566460.0, 4902880.0], [566430.0, 4902880.0], [566430.0, 4902870.0], [566420.0, 4902870.0], [566420.0, 4902860.0], [566410.0, 4902860.0], [566410.0, 4902850.0], [566400.0, 4902850.0], [566400.0, 4902840.0], [566390.0, 4902840.0], [566390.0, 4902830.0], [566380.0, 4902830.0], [566380.0, 4902810.0], [566370.0, 4902810.0], [566370.0, 4902760.0], [566380.0, 4902760.0], [566380.0, 4902630.0], [566370.0, 4902630.0], [566370.0, 4902600.0], [566360.0, 4902600.0], [566360.0, 4902590.0], [566350.0, 4902590.0], [566350.0, 4902580.0], [566340.0, 4902580.0], [566340.0, 4902570.0], [566320.0, 4902570.0], [566320.0, 4902560.0], [566310.0, 4902560.0], [566310.0, 4902550.0], [566300.0, 4902550.0], [566300.0, 4902540.0], [566290.0, 4902540.0], [566290.0, 4902530.0], [566280.0, 4902530.0], [566280.0, 4902520.0], [566260.0, 4902520.0], [566260.0, 4902510.0], [566210.0, 4902510.0], [566210.0, 4902500.0], [566190.0, 4902500.0], [566190.0, 4902490.0], [566170.0, 4902490.0], [566170.0, 4902480.0], [566150.0, 4902480.0], [566150.0, 4902470.0], [566140.0, 4902470.0], [566140.0, 4902460.0], [566130.0, 4902460.0], [566130.0, 4902440.0], [566120.0, 4902440.0], [566120.0, 4902430.0], [566100.0, 4902430.0], [566100.0, 4902420.0], [566050.0, 4902420.0], [566050.0, 4902410.0], [566030.0, 4902410.0], [566030.0, 4902400.0], [566010.0, 4902400.0], [566010.0, 4902390.0], [566000.0, 4902390.0], [566000.0, 4902320.0], [565990.0, 4902320.0], [565990.0, 4902310.0], [565980.0, 4902310.0], [565980.0, 4902300.0], [565970.0, 4902300.0], [565970.0, 4902280.0], [565960.0, 4902280.0], [565960.0, 4902260.0], [565950.0, 4902260.0], [565950.0, 4902240.0], [565940.0, 4902240.0], [565940.0, 4902230.0], [565930.0, 4902230.0], [565930.0, 4902220.0], [565920.0, 4902220.0], [565920.0, 4902210.0], [565900.0, 4902210.0], [565900.0, 4902200.0], [565890.0, 4902200.0], [565890.0, 4902180.0], [565880.0, 4902180.0], [565880.0, 4902160.0], [565870.0, 4902160.0], [565870.0, 4902150.0], [565850.0, 4902150.0], [565850.0, 4902140.0], [565830.0, 4902140.0], [565830.0, 4902130.0], [565820.0, 4902130.0], [565820.0, 4902120.0], [565800.0, 4902120.0], [565800.0, 4902110.0], [565790.0, 4902110.0], [565790.0, 4902100.0], [565760.0, 4902100.0], [565760.0, 4902090.0], [565740.0, 4902090.0], [565740.0, 4902080.0], [565730.0, 4902080.0], [565730.0, 4902070.0], [565720.0, 4902070.0], [565720.0, 4902060.0], [565700.0, 4902060.0], [565700.0, 4902050.0], [565650.0, 4902050.0], [565650.0, 4902040.0], [565630.0, 4902040.0], [565630.0, 4902030.0], [565620.0, 4902030.0], [565620.0, 4902020.0], [565610.0, 4902020.0], [565610.0, 4902010.0], [565600.0, 4902010.0], [565600.0, 4902000.0], [565580.0, 4902000.0], [565580.0, 4901990.0], [565570.0, 4901990.0], [565570.0, 4901980.0], [565550.0, 4901980.0], [565550.0, 4901970.0], [565540.0, 4901970.0], [565540.0, 4901960.0], [565520.0, 4901960.0], [565520.0, 4901950.0], [565490.0, 4901950.0], [565490.0, 4901940.0], [565480.0, 4901940.0], [565480.0, 4901930.0], [565470.0, 4901930.0], [565470.0, 4901910.0], [565460.0, 4901910.0], [565460.0, 4901890.0], [565450.0, 4901890.0], [565450.0, 4901830.0], [565440.0, 4901830.0], [565440.0, 4901820.0], [565420.0, 4901820.0], [565420.0, 4901810.0], [565410.0, 4901810.0], [565410.0, 4901790.0], [565400.0, 4901790.0], [565400.0, 4901780.0], [565390.0, 4901780.0], [565390.0, 4901770.0], [565380.0, 4901770.0], [565380.0, 4901740.0], [565370.0, 4901740.0], [565370.0, 4901730.0], [565360.0, 4901730.0], [565360.0, 4901720.0], [565350.0, 4901720.0], [565350.0, 4901710.0], [565340.0, 4901710.0], [565340.0, 4901700.0], [565330.0, 4901700.0], [565330.0, 4901690.0], [565320.0, 4901690.0], [565320.0, 4901680.0], [565310.0, 4901680.0], [565310.0, 4901670.0], [565300.0, 4901670.0], [565300.0, 4901660.0], [565290.0, 4901660.0], [565290.0, 4901650.0], [565280.0, 4901650.0], [565280.0, 4901640.0], [565260.0, 4901640.0], [565260.0, 4901630.0], [565250.0, 4901630.0], [565250.0, 4901620.0], [565240.0, 4901620.0], [565240.0, 4901610.0], [565230.0, 4901610.0], [565230.0, 4901590.0], [565220.0, 4901590.0], [565220.0, 4901570.0], [565210.0, 4901570.0], [565210.0, 4901560.0], [565190.0, 4901560.0], [565190.0, 4901550.0], [565160.0, 4901550.0], [565160.0, 4901540.0], [565140.0, 4901540.0], [565140.0, 4901530.0], [565130.0, 4901530.0], [565130.0, 4901510.0], [565110.0, 4901510.0], [565110.0, 4901500.0], [565100.0, 4901500.0], [565100.0, 4901490.0], [565090.0, 4901490.0], [565090.0, 4901480.0], [565080.0, 4901480.0], [565080.0, 4901450.0], [565050.0, 4901450.0], [565050.0, 4901440.0], [565020.0, 4901440.0], [565020.0, 4901430.0], [565000.0, 4901430.0], [565000.0, 4901420.0], [564990.0, 4901420.0], [564990.0, 4901400.0], [564980.0, 4901400.0], [564980.0, 4901390.0], [564970.0, 4901390.0], [564970.0, 4901380.0], [564950.0, 4901380.0], [564950.0, 4901370.0], [564930.0, 4901370.0], [564930.0, 4901360.0], [564920.0, 4901360.0], [564920.0, 4901350.0], [564910.0, 4901350.0], [564910.0, 4901340.0], [564900.0, 4901340.0], [564900.0, 4901330.0], [564890.0, 4901330.0], [564890.0, 4901320.0], [564880.0, 4901320.0], [564880.0, 4901310.0], [564860.0, 4901310.0], [564860.0, 4901300.0], [564850.0, 4901300.0], [564850.0, 4901280.0], [564840.0, 4901280.0], [564840.0, 4901270.0], [564830.0, 4901270.0], [564830.0, 4901260.0], [564820.0, 4901260.0], [564820.0, 4901250.0], [564810.0, 4901250.0], [564810.0, 4901240.0], [564800.0, 4901240.0], [564800.0, 4901230.0], [564790.0, 4901230.0], [564790.0, 4901220.0], [564780.0, 4901220.0], [564780.0, 4901210.0], [564760.0, 4901210.0], [564760.0, 4901200.0], [564740.0, 4901200.0], [564740.0, 4901190.0], [564730.0, 4901190.0], [564730.0, 4901180.0], [564710.0, 4901180.0], [564710.0, 4901170.0], [564690.0, 4901170.0], [564690.0, 4901160.0], [564670.0, 4901160.0], [564670.0, 4901150.0], [564660.0, 4901150.0], [564660.0, 4901140.0], [564640.0, 4901140.0], [564640.0, 4901130.0], [564620.0, 4901130.0], [564620.0, 4901120.0], [564610.0, 4901120.0], [564610.0, 4901100.0], [564600.0, 4901100.0], [564600.0, 4901090.0], [564590.0, 4901090.0], [564590.0, 4901070.0], [564580.0, 4901070.0], [564580.0, 4901050.0], [564570.0, 4901050.0], [564570.0, 4901030.0], [564560.0, 4901030.0], [564560.0, 4901010.0], [564550.0, 4901010.0], [564550.0, 4900990.0], [564540.0, 4900990.0], [564540.0, 4900970.0], [564530.0, 4900970.0], [564530.0, 4900950.0], [564520.0, 4900950.0], [564520.0, 4900930.0], [564510.0, 4900930.0], [564510.0, 4900920.0], [564500.0, 4900920.0], [564500.0, 4900900.0], [564490.0, 4900900.0], [564490.0, 4900890.0], [564480.0, 4900890.0], [564480.0, 4900870.0], [564470.0, 4900870.0], [564470.0, 4900830.0], [564460.0, 4900830.0], [564460.0, 4900730.0], [564450.0, 4900730.0], [564450.0, 4900710.0], [564440.0, 4900710.0], [564440.0, 4900700.0], [564430.0, 4900700.0], [564430.0, 4900690.0], [564410.0, 4900690.0], [564410.0, 4900680.0], [564400.0, 4900680.0], [564400.0, 4900670.0], [564390.0, 4900670.0], [564390.0, 4900660.0], [564380.0, 4900660.0], [564380.0, 4900640.0], [564370.0, 4900640.0], [564370.0, 4900630.0], [564360.0, 4900630.0], [564360.0, 4900640.0], [564290.0, 4900640.0], [564290.0, 4900630.0], [564250.0, 4900630.0], [564250.0, 4900620.0], [564220.0, 4900620.0], [564220.0, 4900610.0], [564190.0, 4900610.0], [564190.0, 4900600.0], [564180.0, 4900600.0], [564180.0, 4900590.0], [564170.0, 4900590.0], [564170.0, 4900580.0], [564150.0, 4900580.0], [564150.0, 4900570.0], [564130.0, 4900570.0], [564130.0, 4900560.0], [564120.0, 4900560.0], [564120.0, 4900550.0], [564110.0, 4900550.0], [564110.0, 4900540.0], [564100.0, 4900540.0], [564100.0, 4900530.0], [564090.0, 4900530.0], [564090.0, 4900520.0], [564080.0, 4900520.0], [564080.0, 4900510.0], [564070.0, 4900510.0], [564070.0, 4900490.0], [564060.0, 4900490.0], [564060.0, 4900480.0], [564050.0, 4900480.0], [564050.0, 4900460.0], [564040.0, 4900460.0], [564040.0, 4900450.0], [564030.0, 4900450.0], [564030.0, 4900430.0], [564020.0, 4900430.0], [564020.0, 4900400.0], [564010.0, 4900400.0], [564010.0, 4900390.0], [564000.0, 4900390.0], [564000.0, 4900380.0], [563990.0, 4900380.0], [563990.0, 4900370.0], [563970.0, 4900370.0], [563970.0, 4900360.0], [563950.0, 4900360.0], [563950.0, 4900350.0], [563940.0, 4900350.0], [563940.0, 4900340.0], [563920.0, 4900340.0], [563920.0, 4900330.0], [563910.0, 4900330.0], [563910.0, 4900320.0], [563900.0, 4900320.0], [563900.0, 4900310.0], [563880.0, 4900310.0], [563880.0, 4900300.0], [563870.0, 4900300.0], [563870.0, 4900290.0], [563860.0, 4900290.0], [563860.0, 4900280.0], [563850.0, 4900280.0], [563850.0, 4900270.0], [563840.0, 4900270.0], [563840.0, 4900240.0], [563830.0, 4900240.0], [563830.0, 4900170.0], [563840.0, 4900170.0], [563840.0, 4900160.0], [563850.0, 4900160.0], [563850.0, 4900150.0], [563860.0, 4900150.0], [563860.0, 4900120.0], [563850.0, 4900120.0], [563850.0, 4900100.0], [563840.0, 4900100.0], [563840.0, 4900080.0], [563830.0, 4900080.0], [563830.0, 4900070.0], [563820.0, 4900070.0], [563820.0, 4900060.0], [563810.0, 4900060.0], [563810.0, 4900050.0], [563800.0, 4900050.0], [563800.0, 4900030.0], [563790.0, 4900030.0], [563790.0, 4900020.0], [563780.0, 4900020.0], [563780.0, 4900010.0], [563770.0, 4900010.0], [563770.0, 4899990.0], [563760.0, 4899990.0], [563760.0, 4899980.0], [563750.0, 4899980.0], [563750.0, 4899970.0], [563740.0, 4899970.0], [563740.0, 4899950.0], [563730.0, 4899950.0], [563730.0, 4899940.0], [563710.0, 4899940.0], [563710.0, 4899930.0], [563700.0, 4899930.0], [563700.0, 4899920.0], [563670.0, 4899920.0], [563670.0, 4899930.0], [563600.0, 4899930.0], [563600.0, 4899920.0], [563570.0, 4899920.0], [563570.0, 4899910.0], [563500.0, 4899910.0], [563500.0, 4899900.0], [563480.0, 4899900.0], [563480.0, 4899880.0], [563470.0, 4899880.0], [563470.0, 4899870.0], [563460.0, 4899870.0], [563460.0, 4899860.0], [563450.0, 4899860.0], [563450.0, 4899850.0], [563440.0, 4899850.0], [563440.0, 4899840.0], [563420.0, 4899840.0], [563420.0, 4899830.0], [563400.0, 4899830.0], [563400.0, 4899820.0], [563380.0, 4899820.0], [563380.0, 4899800.0], [563370.0, 4899800.0], [563370.0, 4899790.0], [563360.0, 4899790.0], [563360.0, 4899780.0], [563350.0, 4899780.0], [563350.0, 4899770.0], [563330.0, 4899770.0], [563330.0, 4899760.0], [563320.0, 4899760.0], [563320.0, 4899720.0], [563310.0, 4899720.0], [563310.0, 4899710.0], [563300.0, 4899710.0], [563300.0, 4899690.0], [563290.0, 4899690.0], [563290.0, 4899680.0], [563280.0, 4899680.0], [563280.0, 4899660.0], [563270.0, 4899660.0], [563270.0, 4899650.0], [563260.0, 4899650.0], [563260.0, 4899630.0], [563250.0, 4899630.0], [563250.0, 4899620.0], [563240.0, 4899620.0], [563240.0, 4899600.0], [563230.0, 4899600.0], [563230.0, 4899550.0], [563220.0, 4899550.0], [563220.0, 4899540.0], [563200.0, 4899540.0], [563200.0, 4899530.0], [563190.0, 4899530.0], [563190.0, 4899520.0], [563170.0, 4899520.0], [563170.0, 4899510.0], [563160.0, 4899510.0], [563160.0, 4899500.0], [563130.0, 4899500.0], [563130.0, 4899310.0], [563120.0, 4899310.0], [563120.0, 4899240.0], [563110.0, 4899240.0], [563110.0, 4899230.0], [563100.0, 4899230.0], [563100.0, 4899220.0], [563080.0, 4899220.0], [563080.0, 4899210.0], [563070.0, 4899210.0], [563070.0, 4899140.0], [563080.0, 4899140.0], [563080.0, 4899130.0], [563090.0, 4899130.0], [563090.0, 4899020.0], [563080.0, 4899020.0], [563080.0, 4899000.0], [563070.0, 4899000.0], [563070.0, 4898980.0], [563060.0, 4898980.0], [563060.0, 4898960.0], [563050.0, 4898960.0], [563050.0, 4898940.0], [563040.0, 4898940.0], [563040.0, 4898910.0], [563030.0, 4898910.0], [563030.0, 4898810.0], [563020.0, 4898810.0], [563020.0, 4898790.0], [563010.0, 4898790.0], [563010.0, 4898770.0], [563000.0, 4898770.0], [563000.0, 4898730.0], [562990.0, 4898730.0], [562990.0, 4898630.0], [563000.0, 4898630.0], [563000.0, 4898620.0], [563010.0, 4898620.0], [563010.0, 4898610.0], [563020.0, 4898610.0], [563020.0, 4898570.0], [563010.0, 4898570.0], [563010.0, 4898560.0], [563000.0, 4898560.0], [563000.0, 4898550.0], [562990.0, 4898550.0], [562990.0, 4898540.0], [562980.0, 4898540.0], [562980.0, 4898530.0], [562970.0, 4898530.0], [562970.0, 4898490.0], [562960.0, 4898490.0], [562960.0, 4898470.0], [562950.0, 4898470.0], [562950.0, 4898440.0], [562940.0, 4898440.0], [562940.0, 4898350.0], [562950.0, 4898350.0], [562950.0, 4898340.0], [562960.0, 4898340.0], [562960.0, 4898330.0], [562970.0, 4898330.0], [562970.0, 4898320.0], [562980.0, 4898320.0], [562980.0, 4898310.0], [562990.0, 4898310.0], [562990.0, 4898300.0], [563000.0, 4898300.0], [563000.0, 4898290.0], [563010.0, 4898290.0], [563010.0, 4898280.0], [563020.0, 4898280.0], [563020.0, 4898130.0], [563030.0, 4898130.0], [563030.0, 4898120.0], [563040.0, 4898120.0], [563040.0, 4898110.0], [563080.0, 4898110.0], [563080.0, 4898100.0], [563100.0, 4898100.0], [563100.0, 4898090.0], [563110.0, 4898090.0], [563110.0, 4898060.0], [563150.0, 4898060.0], [563150.0, 4898040.0], [563160.0, 4898040.0], [563160.0, 4898030.0], [563170.0, 4898030.0], [563170.0, 4898020.0], [563180.0, 4898020.0], [563180.0, 4898010.0], [563190.0, 4898010.0], [563190.0, 4898000.0], [563250.0, 4898000.0], [563250.0, 4897990.0], [563260.0, 4897990.0], [563260.0, 4897980.0], [563270.0, 4897980.0], [563270.0, 4897990.0], [563290.0, 4897990.0], [563290.0, 4897980.0], [563310.0, 4897980.0], [563310.0, 4897970.0], [563400.0, 4897970.0], [563400.0, 4897960.0], [563430.0, 4897960.0], [563430.0, 4897950.0], [563460.0, 4897950.0], [563460.0, 4897940.0], [563490.0, 4897940.0], [563490.0, 4897950.0], [563550.0, 4897950.0], [563550.0, 4897940.0], [563560.0, 4897940.0], [563560.0, 4897870.0], [563550.0, 4897870.0], [563550.0, 4897860.0], [563540.0, 4897860.0], [563540.0, 4897850.0], [563550.0, 4897850.0], [563550.0, 4897840.0], [563570.0, 4897840.0], [563570.0, 4897830.0], [563590.0, 4897830.0], [563590.0, 4897800.0], [563600.0, 4897800.0], [563600.0, 4897790.0], [563610.0, 4897790.0], [563610.0, 4897690.0], [563620.0, 4897690.0], [563620.0, 4897680.0], [563630.0, 4897680.0], [563630.0, 4897510.0], [563620.0, 4897510.0], [563620.0, 4897500.0], [563600.0, 4897500.0], [563600.0, 4897490.0], [563590.0, 4897490.0], [563590.0, 4897480.0], [563580.0, 4897480.0], [563580.0, 4897470.0], [563570.0, 4897470.0], [563570.0, 4897310.0], [563560.0, 4897310.0], [563560.0, 4897280.0], [563570.0, 4897280.0], [563570.0, 4897240.0], [563560.0, 4897240.0], [563560.0, 4897110.0], [563550.0, 4897110.0], [563550.0, 4897100.0], [563560.0, 4897100.0], [563560.0, 4897090.0], [563550.0, 4897090.0], [563550.0, 4896980.0], [563560.0, 4896980.0], [563560.0, 4896970.0], [563570.0, 4896970.0], [563570.0, 4896960.0], [563580.0, 4896960.0], [563580.0, 4896950.0], [563650.0, 4896950.0], [563650.0, 4896940.0], [563660.0, 4896940.0], [563660.0, 4896900.0], [563650.0, 4896900.0], [563650.0, 4896870.0], [563640.0, 4896870.0], [563640.0, 4896830.0], [563650.0, 4896830.0], [563650.0, 4896820.0], [563660.0, 4896820.0], [563660.0, 4896810.0], [563700.0, 4896810.0], [563700.0, 4896800.0], [563710.0, 4896800.0], [563710.0, 4896760.0], [563700.0, 4896760.0], [563700.0, 4896690.0], [563710.0, 4896690.0], [563710.0, 4896670.0], [563720.0, 4896670.0], [563720.0, 4896660.0], [563730.0, 4896660.0], [563730.0, 4896610.0], [563720.0, 4896610.0], [563720.0, 4896590.0], [563710.0, 4896590.0], [563710.0, 4896580.0], [563700.0, 4896580.0], [563700.0, 4896570.0], [563670.0, 4896570.0], [563670.0, 4896560.0], [563650.0, 4896560.0], [563650.0, 4896540.0], [563640.0, 4896540.0], [563640.0, 4896520.0], [563630.0, 4896520.0], [563630.0, 4896500.0], [563620.0, 4896500.0], [563620.0, 4896490.0], [563610.0, 4896490.0], [563610.0, 4896320.0], [563620.0, 4896320.0], [563620.0, 4896310.0], [563630.0, 4896310.0], [563630.0, 4896300.0], [563640.0, 4896300.0], [563640.0, 4896290.0], [563650.0, 4896290.0], [563650.0, 4896280.0], [563660.0, 4896280.0], [563660.0, 4896270.0], [563670.0, 4896270.0], [563670.0, 4896260.0], [563680.0, 4896260.0], [563680.0, 4896250.0], [563690.0, 4896250.0], [563690.0, 4896240.0], [563700.0, 4896240.0], [563700.0, 4896230.0], [563710.0, 4896230.0], [563710.0, 4896220.0], [563720.0, 4896220.0], [563720.0, 4896210.0], [563730.0, 4896210.0], [563730.0, 4896200.0], [563740.0, 4896200.0], [563740.0, 4896190.0], [563750.0, 4896190.0], [563750.0, 4896180.0], [563760.0, 4896180.0], [563760.0, 4896170.0], [563770.0, 4896170.0], [563770.0, 4896160.0], [563780.0, 4896160.0], [563780.0, 4896150.0], [563790.0, 4896150.0], [563790.0, 4896140.0], [563800.0, 4896140.0], [563800.0, 4896130.0], [563810.0, 4896130.0], [563810.0, 4896120.0], [563820.0, 4896120.0], [563820.0, 4896110.0], [563830.0, 4896110.0], [563830.0, 4896100.0], [563840.0, 4896100.0], [563840.0, 4896090.0], [563870.0, 4896090.0], [563870.0, 4896080.0], [563890.0, 4896080.0], [563890.0, 4896070.0], [563900.0, 4896070.0], [563900.0, 4896060.0], [563910.0, 4896060.0], [563910.0, 4896050.0], [563920.0, 4896050.0], [563920.0, 4896040.0], [563930.0, 4896040.0], [563930.0, 4896030.0], [563940.0, 4896030.0], [563940.0, 4896020.0], [563960.0, 4896020.0], [563960.0, 4896010.0], [563990.0, 4896010.0], [563990.0, 4896000.0], [564010.0, 4896000.0], [564010.0, 4895990.0], [564020.0, 4895990.0], [564020.0, 4895980.0], [564030.0, 4895980.0], [564030.0, 4895970.0], [564040.0, 4895970.0], [564040.0, 4895800.0], [564030.0, 4895800.0], [564030.0, 4895750.0], [564040.0, 4895750.0], [564040.0, 4895740.0], [564050.0, 4895740.0], [564050.0, 4895710.0], [564040.0, 4895710.0], [564040.0, 4895700.0], [564030.0, 4895700.0], [564030.0, 4895680.0], [564020.0, 4895680.0], [564020.0, 4895670.0], [564100.0, 4895670.0], [564100.0, 4895660.0], [564130.0, 4895660.0], [564130.0, 4895650.0], [564150.0, 4895650.0], [564150.0, 4895660.0], [564170.0, 4895660.0], [564170.0, 4895650.0], [564330.0, 4895650.0], [564330.0, 4895640.0], [564340.0, 4895640.0], [564340.0, 4895630.0], [564370.0, 4895630.0], [564370.0, 4895620.0], [564400.0, 4895620.0], [564400.0, 4895610.0], [564430.0, 4895610.0], [564430.0, 4895600.0], [564510.0, 4895600.0], [564510.0, 4895590.0], [564550.0, 4895590.0], [564550.0, 4895600.0], [564590.0, 4895600.0], [564590.0, 4895610.0], [564610.0, 4895610.0], [564610.0, 4895620.0], [564630.0, 4895620.0], [564630.0, 4895610.0], [564640.0, 4895610.0], [564640.0, 4895600.0], [564650.0, 4895600.0], [564650.0, 4895580.0], [564660.0, 4895580.0], [564660.0, 4895570.0], [564670.0, 4895570.0], [564670.0, 4895560.0], [564680.0, 4895560.0], [564680.0, 4895550.0], [564690.0, 4895550.0], [564690.0, 4895540.0], [564700.0, 4895540.0], [564700.0, 4895530.0], [564710.0, 4895530.0], [564710.0, 4895520.0], [564720.0, 4895520.0], [564720.0, 4895510.0], [564730.0, 4895510.0], [564730.0, 4895500.0], [564740.0, 4895500.0], [564740.0, 4895490.0], [564750.0, 4895490.0], [564750.0, 4895480.0], [564760.0, 4895480.0], [564760.0, 4895470.0], [564780.0, 4895470.0], [564780.0, 4895460.0], [564790.0, 4895460.0], [564790.0, 4895450.0], [564810.0, 4895450.0], [564810.0, 4895440.0], [564830.0, 4895440.0], [564830.0, 4895430.0], [564870.0, 4895430.0], [564870.0, 4895420.0], [564920.0, 4895420.0], [564920.0, 4895410.0], [564950.0, 4895410.0], [564950.0, 4895400.0], [564980.0, 4895400.0], [564980.0, 4895390.0], [564990.0, 4895390.0], [564990.0, 4895380.0], [565000.0, 4895380.0], [565000.0, 4895370.0], [565020.0, 4895370.0], [565020.0, 4895360.0], [565070.0, 4895360.0], [565070.0, 4895350.0], [565210.0, 4895350.0], [565210.0, 4895330.0], [565220.0, 4895330.0], [565220.0, 4895320.0], [565230.0, 4895320.0], [565230.0, 4895310.0], [565240.0, 4895310.0], [565240.0, 4895300.0], [565260.0, 4895300.0], [565260.0, 4895290.0], [565270.0, 4895290.0], [565270.0, 4895280.0], [565300.0, 4895280.0], [565300.0, 4895270.0], [565350.0, 4895270.0], [565350.0, 4895260.0], [565390.0, 4895260.0], [565390.0, 4895250.0], [565430.0, 4895250.0], [565430.0, 4895240.0], [565460.0, 4895240.0], [565460.0, 4895230.0], [565480.0, 4895230.0], [565480.0, 4895220.0], [565490.0, 4895220.0], [565490.0, 4895210.0], [565500.0, 4895210.0], [565500.0, 4895200.0], [565520.0, 4895200.0], [565520.0, 4895190.0], [565540.0, 4895190.0], [565540.0, 4895180.0], [565550.0, 4895180.0], [565550.0, 4895170.0], [565570.0, 4895170.0], [565570.0, 4895160.0], [565590.0, 4895160.0], [565590.0, 4895150.0], [565600.0, 4895150.0], [565600.0, 4895140.0], [565620.0, 4895140.0], [565620.0, 4895130.0], [565660.0, 4895130.0], [565660.0, 4895120.0], [565690.0, 4895120.0], [565690.0, 4895110.0], [565720.0, 4895110.0], [565720.0, 4895100.0], [565850.0, 4895100.0], [565850.0, 4895090.0], [565880.0, 4895090.0], [565880.0, 4895100.0], [565940.0, 4895100.0], [565940.0, 4895090.0], [565960.0, 4895090.0], [565960.0, 4895100.0], [565990.0, 4895100.0], [565990.0, 4895090.0], [566000.0, 4895090.0], [566000.0, 4895080.0], [566020.0, 4895080.0], [566020.0, 4895070.0], [566030.0, 4895070.0], [566030.0, 4895060.0], [566040.0, 4895060.0], [566040.0, 4895040.0], [566050.0, 4895040.0], [566050.0, 4895030.0], [566060.0, 4895030.0], [566060.0, 4895020.0], [566070.0, 4895020.0], [566070.0, 4895010.0], [566080.0, 4895010.0], [566080.0, 4894990.0], [566090.0, 4894990.0], [566090.0, 4894970.0], [566100.0, 4894970.0], [566100.0, 4894960.0], [566110.0, 4894960.0], [566110.0, 4894950.0], [566120.0, 4894950.0], [566120.0, 4894940.0], [566130.0, 4894940.0], [566130.0, 4894930.0], [566140.0, 4894930.0], [566140.0, 4894920.0], [566150.0, 4894920.0], [566150.0, 4894910.0], [566170.0, 4894910.0], [566170.0, 4894890.0], [566190.0, 4894890.0], [566190.0, 4894880.0], [566200.0, 4894880.0], [566200.0, 4894870.0], [566210.0, 4894870.0], [566210.0, 4894860.0], [566220.0, 4894860.0], [566220.0, 4894850.0], [566230.0, 4894850.0], [566230.0, 4894840.0], [566240.0, 4894840.0], [566240.0, 4894820.0], [566250.0, 4894820.0], [566250.0, 4894800.0], [566260.0, 4894800.0], [566260.0, 4894790.0], [566280.0, 4894790.0], [566280.0, 4894780.0], [566290.0, 4894780.0], [566290.0, 4894760.0], [566300.0, 4894760.0], [566300.0, 4894750.0], [566310.0, 4894750.0], [566310.0, 4894740.0], [566320.0, 4894740.0], [566320.0, 4894730.0], [566330.0, 4894730.0], [566330.0, 4894720.0], [566350.0, 4894720.0], [566350.0, 4894710.0], [566360.0, 4894710.0], [566360.0, 4894700.0], [566370.0, 4894700.0], [566370.0, 4894690.0], [566380.0, 4894690.0], [566380.0, 4894680.0], [566390.0, 4894680.0], [566390.0, 4894670.0], [566400.0, 4894670.0], [566400.0, 4894660.0], [566410.0, 4894660.0], [566410.0, 4894650.0], [566420.0, 4894650.0], [566420.0, 4894640.0], [566430.0, 4894640.0], [566430.0, 4894630.0], [566440.0, 4894630.0], [566440.0, 4894620.0], [566460.0, 4894620.0], [566460.0, 4894610.0], [566520.0, 4894610.0], [566520.0, 4894600.0], [566550.0, 4894600.0], [566550.0, 4894610.0], [566560.0, 4894610.0], [566560.0, 4894620.0], [566580.0, 4894620.0], [566580.0, 4894630.0], [566600.0, 4894630.0], [566600.0, 4894640.0], [566620.0, 4894640.0], [566620.0, 4894660.0], [566630.0, 4894660.0], [566630.0, 4894670.0], [566660.0, 4894670.0], [566660.0, 4894680.0], [566670.0, 4894680.0], [566670.0, 4894690.0], [566690.0, 4894690.0], [566690.0, 4894700.0], [566710.0, 4894700.0], [566710.0, 4894710.0], [566750.0, 4894710.0], [566750.0, 4894720.0], [566770.0, 4894720.0], [566770.0, 4894730.0], [566800.0, 4894730.0], [566800.0, 4894740.0], [566830.0, 4894740.0], [566830.0, 4894750.0], [566840.0, 4894750.0], [566840.0, 4894760.0], [566860.0, 4894760.0], [566860.0, 4894770.0], [566880.0, 4894770.0], [566880.0, 4894780.0], [566900.0, 4894780.0], [566900.0, 4894790.0], [566920.0, 4894790.0], [566920.0, 4894800.0], [566940.0, 4894800.0], [566940.0, 4894810.0], [566960.0, 4894810.0], [566960.0, 4894820.0], [566980.0, 4894820.0], [566980.0, 4894830.0], [567000.0, 4894830.0], [567000.0, 4894840.0], [567010.0, 4894840.0], [567010.0, 4894850.0], [567110.0, 4894850.0], [567110.0, 4894840.0], [567290.0, 4894840.0], [567290.0, 4894850.0], [567300.0, 4894850.0], [567300.0, 4894860.0], [567310.0, 4894860.0], [567310.0, 4894870.0], [567330.0, 4894870.0], [567330.0, 4894880.0], [567340.0, 4894880.0], [567340.0, 4894890.0], [567370.0, 4894890.0], [567370.0, 4894900.0], [567460.0, 4894900.0], [567460.0, 4894910.0], [567490.0, 4894910.0], [567490.0, 4894920.0], [567530.0, 4894920.0], [567530.0, 4894930.0], [567540.0, 4894930.0], [567540.0, 4894940.0], [567560.0, 4894940.0], [567560.0, 4894950.0], [567580.0, 4894950.0], [567580.0, 4894960.0], [567660.0, 4894960.0], [567660.0, 4894950.0], [567710.0, 4894950.0], [567710.0, 4894940.0], [567750.0, 4894940.0], [567750.0, 4894930.0], [567780.0, 4894930.0], [567780.0, 4894920.0], [567790.0, 4894920.0], [567790.0, 4894910.0], [567800.0, 4894910.0], [567800.0, 4894900.0], [567810.0, 4894900.0], [567810.0, 4894890.0], [567830.0, 4894890.0], [567830.0, 4894880.0], [567850.0, 4894880.0], [567850.0, 4894870.0], [567870.0, 4894870.0], [567870.0, 4894860.0], [567880.0, 4894860.0], [567880.0, 4894850.0], [567900.0, 4894850.0], [567900.0, 4894840.0], [567920.0, 4894840.0], [567920.0, 4894830.0], [567950.0, 4894830.0], [567950.0, 4894820.0], [567980.0, 4894820.0], [567980.0, 4894810.0], [568000.0, 4894810.0], [568000.0, 4894800.0], [568030.0, 4894800.0], [568030.0, 4894790.0], [568090.0, 4894790.0], [568090.0, 4894800.0], [568100.0, 4894800.0], [568100.0, 4894810.0], [568110.0, 4894810.0], [568110.0, 4894820.0], [568130.0, 4894820.0], [568130.0, 4894830.0], [568140.0, 4894830.0], [568140.0, 4894840.0], [568160.0, 4894840.0], [568160.0, 4894850.0], [568170.0, 4894850.0], [568170.0, 4894860.0], [568180.0, 4894860.0], [568180.0, 4894870.0], [568190.0, 4894870.0], [568190.0, 4894880.0], [568200.0, 4894880.0], [568200.0, 4894890.0], [568210.0, 4894890.0], [568210.0, 4894900.0], [568230.0, 4894900.0], [568230.0, 4894910.0], [568240.0, 4894910.0], [568240.0, 4894920.0], [568260.0, 4894920.0], [568260.0, 4894930.0], [568290.0, 4894930.0], [568290.0, 4894940.0], [568310.0, 4894940.0], [568310.0, 4894950.0], [568330.0, 4894950.0], [568330.0, 4894960.0], [568420.0, 4894960.0], [568420.0, 4894950.0], [568440.0, 4894950.0], [568440.0, 4894940.0], [568460.0, 4894940.0], [568460.0, 4894930.0], [568480.0, 4894930.0], [568480.0, 4894920.0], [568490.0, 4894920.0], [568490.0, 4894910.0], [568500.0, 4894910.0], [568500.0, 4894900.0], [568510.0, 4894900.0], [568510.0, 4894890.0], [568520.0, 4894890.0], [568520.0, 4894870.0], [568530.0, 4894870.0], [568530.0, 4894860.0], [568540.0, 4894860.0], [568540.0, 4894850.0], [568550.0, 4894850.0], [568550.0, 4894840.0], [568560.0, 4894840.0], [568560.0, 4894830.0], [568570.0, 4894830.0], [568570.0, 4894820.0], [568580.0, 4894820.0], [568580.0, 4894800.0], [568590.0, 4894800.0], [568590.0, 4894780.0], [568600.0, 4894780.0], [568600.0, 4894750.0], [568620.0, 4894750.0], [568620.0, 4894760.0], [568630.0, 4894760.0], [568630.0, 4894770.0], [568640.0, 4894770.0], [568640.0, 4894780.0], [568660.0, 4894780.0], [568660.0, 4894790.0], [568710.0, 4894790.0], [568710.0, 4894800.0], [568730.0, 4894800.0], [568730.0, 4894810.0], [568750.0, 4894810.0], [568750.0, 4894820.0], [568760.0, 4894820.0], [568760.0, 4894830.0], [568770.0, 4894830.0], [568770.0, 4894840.0], [568790.0, 4894840.0], [568790.0, 4894850.0], [568820.0, 4894850.0], [568820.0, 4894860.0], [568850.0, 4894860.0], [568850.0, 4894870.0], [568860.0, 4894870.0], [568860.0, 4894880.0], [568880.0, 4894880.0], [568880.0, 4894890.0], [568890.0, 4894890.0], [568890.0, 4894900.0], [568900.0, 4894900.0], [568900.0, 4894910.0], [568930.0, 4894910.0], [568930.0, 4894920.0], [568940.0, 4894920.0], [568940.0, 4894930.0], [568960.0, 4894930.0], [568960.0, 4894940.0], [568970.0, 4894940.0], [568970.0, 4894950.0], [568980.0, 4894950.0], [568980.0, 4894960.0], [569010.0, 4894960.0], [569010.0, 4894970.0], [569070.0, 4894970.0], [569070.0, 4894980.0], [569220.0, 4894980.0], [569220.0, 4894970.0], [569240.0, 4894970.0], [569240.0, 4894960.0], [569260.0, 4894960.0], [569260.0, 4894950.0], [569280.0, 4894950.0], [569280.0, 4894940.0], [569300.0, 4894940.0], [569300.0, 4894930.0], [569320.0, 4894930.0], [569320.0, 4894920.0], [569340.0, 4894920.0], [569340.0, 4894910.0], [569350.0, 4894910.0], [569350.0, 4894900.0], [569360.0, 4894900.0], [569360.0, 4894890.0], [569370.0, 4894890.0], [569370.0, 4894880.0], [569380.0, 4894880.0], [569380.0, 4894870.0], [569400.0, 4894870.0], [569400.0, 4894860.0], [569420.0, 4894860.0], [569420.0, 4894850.0], [569450.0, 4894850.0], [569450.0, 4894840.0], [569470.0, 4894840.0], [569470.0, 4894850.0], [569500.0, 4894850.0], [569500.0, 4894860.0], [569530.0, 4894860.0], [569530.0, 4894870.0], [569550.0, 4894870.0], [569550.0, 4894880.0], [569560.0, 4894880.0], [569560.0, 4894890.0], [569570.0, 4894890.0], [569570.0, 4894900.0], [569580.0, 4894900.0], [569580.0, 4894910.0], [569600.0, 4894910.0], [569600.0, 4894920.0], [569690.0, 4894920.0], [569690.0, 4894910.0], [569730.0, 4894910.0], [569730.0, 4894900.0], [569780.0, 4894900.0], [569780.0, 4894890.0], [569840.0, 4894890.0], [569840.0, 4894880.0], [569870.0, 4894880.0], [569870.0, 4894870.0], [569930.0, 4894870.0], [569930.0, 4894880.0], [569960.0, 4894880.0], [569960.0, 4894890.0], [569980.0, 4894890.0], [569980.0, 4894900.0], [570030.0, 4894900.0], [570030.0, 4894910.0], [570090.0, 4894910.0], [570090.0, 4894900.0], [570140.0, 4894900.0], [570140.0, 4894890.0], [570180.0, 4894890.0], [570180.0, 4894880.0], [570210.0, 4894880.0], [570210.0, 4894870.0], [570230.0, 4894870.0], [570230.0, 4894860.0], [570250.0, 4894860.0], [570250.0, 4894850.0], [570260.0, 4894850.0], [570260.0, 4894840.0], [570280.0, 4894840.0], [570280.0, 4894830.0], [570290.0, 4894830.0], [570290.0, 4894840.0], [570340.0, 4894840.0], [570340.0, 4894850.0], [570370.0, 4894850.0], [570370.0, 4894860.0], [570460.0, 4894860.0], [570460.0, 4894870.0], [570540.0, 4894870.0], [570540.0, 4894860.0], [570570.0, 4894860.0], [570570.0, 4894850.0], [570590.0, 4894850.0], [570590.0, 4894840.0], [570610.0, 4894840.0], [570610.0, 4894830.0], [570630.0, 4894830.0], [570630.0, 4894820.0], [570690.0, 4894820.0], [570690.0, 4894810.0], [570710.0, 4894810.0], [570710.0, 4894800.0], [570730.0, 4894800.0], [570730.0, 4894790.0], [570760.0, 4894790.0], [570760.0, 4894800.0], [570770.0, 4894800.0], [570770.0, 4894810.0], [570780.0, 4894810.0], [570780.0, 4894820.0], [570790.0, 4894820.0], [570790.0, 4894830.0], [570840.0, 4894830.0], [570840.0, 4894840.0], [570860.0, 4894840.0], [570860.0, 4894850.0], [570880.0, 4894850.0], [570880.0, 4894860.0], [570940.0, 4894860.0], [570940.0, 4894870.0], [570950.0, 4894870.0], [570950.0, 4894880.0], [570960.0, 4894880.0], [570960.0, 4894890.0], [570980.0, 4894890.0], [570980.0, 4894900.0], [570990.0, 4894900.0], [570990.0, 4894910.0], [571010.0, 4894910.0], [571010.0, 4894920.0], [571030.0, 4894920.0], [571030.0, 4894930.0], [571060.0, 4894930.0], [571060.0, 4894940.0], [571100.0, 4894940.0], [571100.0, 4894950.0], [571230.0, 4894950.0], [571230.0, 4894960.0], [571240.0, 4894960.0], [571240.0, 4894970.0], [571250.0, 4894970.0], [571250.0, 4894980.0], [571260.0, 4894980.0], [571260.0, 4895000.0], [571270.0, 4895000.0], [571270.0, 4895010.0], [571280.0, 4895010.0], [571280.0, 4895030.0], [571290.0, 4895030.0], [571290.0, 4895050.0], [571300.0, 4895050.0], [571300.0, 4895060.0], [571310.0, 4895060.0], [571310.0, 4895070.0], [571320.0, 4895070.0], [571320.0, 4895080.0], [571340.0, 4895080.0], [571340.0, 4895090.0], [571350.0, 4895090.0], [571350.0, 4895100.0], [571360.0, 4895100.0], [571360.0, 4895220.0], [571370.0, 4895220.0], [571370.0, 4895250.0], [571380.0, 4895250.0], [571380.0, 4895270.0], [571390.0, 4895270.0], [571390.0, 4895370.0], [571380.0, 4895370.0], [571380.0, 4895410.0], [571390.0, 4895410.0], [571390.0, 4895420.0], [571400.0, 4895420.0], [571400.0, 4895440.0], [571410.0, 4895440.0], [571410.0, 4895450.0], [571420.0, 4895450.0], [571420.0, 4895460.0], [571430.0, 4895460.0], [571430.0, 4895470.0], [571440.0, 4895470.0], [571440.0, 4895480.0], [571450.0, 4895480.0], [571450.0, 4895490.0], [571470.0, 4895490.0], [571470.0, 4895500.0], [571490.0, 4895500.0], [571490.0, 4895510.0], [571500.0, 4895510.0], [571500.0, 4895520.0], [571510.0, 4895520.0], [571510.0, 4895530.0], [571530.0, 4895530.0], [571530.0, 4895540.0], [571540.0, 4895540.0], [571540.0, 4895550.0], [571550.0, 4895550.0], [571550.0, 4895560.0], [571560.0, 4895560.0], [571560.0, 4895570.0], [571570.0, 4895570.0], [571570.0, 4895580.0], [571580.0, 4895580.0], [571580.0, 4895590.0], [571590.0, 4895590.0], [571590.0, 4895600.0], [571600.0, 4895600.0], [571600.0, 4895630.0], [571610.0, 4895630.0], [571610.0, 4895640.0], [571620.0, 4895640.0], [571620.0, 4895650.0], [571630.0, 4895650.0], [571630.0, 4895660.0], [571640.0, 4895660.0], [571640.0, 4895680.0], [571650.0, 4895680.0], [571650.0, 4895690.0], [571660.0, 4895690.0], [571660.0, 4895700.0], [571670.0, 4895700.0], [571670.0, 4895710.0], [571680.0, 4895710.0], [571680.0, 4895720.0], [571690.0, 4895720.0], [571690.0, 4895730.0], [571700.0, 4895730.0], [571700.0, 4895740.0], [571710.0, 4895740.0], [571710.0, 4895750.0], [571720.0, 4895750.0], [571720.0, 4895760.0], [571730.0, 4895760.0], [571730.0, 4895770.0], [571740.0, 4895770.0], [571740.0, 4895780.0], [571750.0, 4895780.0], [571750.0, 4895790.0], [571760.0, 4895790.0], [571760.0, 4895800.0], [571770.0, 4895800.0], [571770.0, 4895830.0], [571760.0, 4895830.0], [571760.0, 4895860.0], [571750.0, 4895860.0], [571750.0, 4895880.0], [571740.0, 4895880.0], [571740.0, 4895900.0], [571730.0, 4895900.0], [571730.0, 4895930.0], [571720.0, 4895930.0], [571720.0, 4895980.0], [571710.0, 4895980.0], [571710.0, 4896030.0], [571700.0, 4896030.0], [571700.0, 4896060.0], [571690.0, 4896060.0], [571690.0, 4896130.0], [571680.0, 4896130.0], [571680.0, 4896260.0], [571670.0, 4896260.0], [571670.0, 4896270.0], [571660.0, 4896270.0], [571660.0, 4896290.0], [571650.0, 4896290.0], [571650.0, 4896300.0], [571640.0, 4896300.0], [571640.0, 4896310.0], [571630.0, 4896310.0], [571630.0, 4896330.0], [571620.0, 4896330.0], [571620.0, 4896410.0], [571610.0, 4896410.0], [571610.0, 4896450.0], [571600.0, 4896450.0], [571600.0, 4896490.0], [571590.0, 4896490.0], [571590.0, 4896520.0], [571580.0, 4896520.0], [571580.0, 4896560.0], [571590.0, 4896560.0], [571590.0, 4896580.0], [571580.0, 4896580.0], [571580.0, 4896630.0], [571570.0, 4896630.0], [571570.0, 4896800.0], [571560.0, 4896800.0], [571560.0, 4896810.0], [571540.0, 4896810.0], [571540.0, 4896820.0], [571530.0, 4896820.0], [571530.0, 4896830.0], [571510.0, 4896830.0], [571510.0, 4896840.0], [571500.0, 4896840.0], [571500.0, 4896860.0], [571490.0, 4896860.0], [571490.0, 4896870.0], [571480.0, 4896870.0], [571480.0, 4896890.0], [571470.0, 4896890.0], [571470.0, 4896910.0], [571460.0, 4896910.0], [571460.0, 4896940.0], [571450.0, 4896940.0], [571450.0, 4896960.0], [571440.0, 4896960.0], [571440.0, 4896980.0], [571430.0, 4896980.0], [571430.0, 4897000.0], [571420.0, 4897000.0], [571420.0, 4897030.0], [571410.0, 4897030.0], [571410.0, 4897170.0], [571420.0, 4897170.0], [571420.0, 4897210.0], [571410.0, 4897210.0], [571410.0, 4897280.0], [571400.0, 4897280.0], [571400.0, 4897290.0], [571390.0, 4897290.0], [571390.0, 4897340.0], [571400.0, 4897340.0], [571400.0, 4897400.0], [571410.0, 4897400.0], [571410.0, 4897450.0], [571420.0, 4897450.0], [571420.0, 4897460.0], [571430.0, 4897460.0], [571430.0, 4897480.0], [571440.0, 4897480.0], [571440.0, 4897490.0], [571450.0, 4897490.0], [571450.0, 4897590.0], [571460.0, 4897590.0], [571460.0, 4897630.0], [571450.0, 4897630.0], [571450.0, 4897640.0], [571430.0, 4897640.0], [571430.0, 4897650.0], [571420.0, 4897650.0], [571420.0, 4897660.0], [571410.0, 4897660.0], [571410.0, 4897670.0], [571400.0, 4897670.0], [571400.0, 4897680.0], [571390.0, 4897680.0], [571390.0, 4897690.0], [571380.0, 4897690.0], [571380.0, 4897710.0], [571370.0, 4897710.0], [571370.0, 4897720.0], [571360.0, 4897720.0], [571360.0, 4897730.0], [571350.0, 4897730.0], [571350.0, 4897740.0], [571340.0, 4897740.0], [571340.0, 4897750.0], [571330.0, 4897750.0], [571330.0, 4897760.0], [571320.0, 4897760.0], [571320.0, 4897860.0], [571330.0, 4897860.0], [571330.0, 4897880.0], [571340.0, 4897880.0], [571340.0, 4897910.0], [571350.0, 4897910.0], [571350.0, 4897940.0], [571360.0, 4897940.0], [571360.0, 4898010.0], [571370.0, 4898010.0], [571370.0, 4898060.0], [571360.0, 4898060.0], [571360.0, 4898130.0], [571350.0, 4898130.0], [571350.0, 4898150.0], [571340.0, 4898150.0], [571340.0, 4898180.0], [571330.0, 4898180.0], [571330.0, 4898280.0], [571340.0, 4898280.0], [571340.0, 4898310.0], [571330.0, 4898310.0], [571330.0, 4898330.0], [571320.0, 4898330.0], [571320.0, 4898360.0], [571310.0, 4898360.0], [571310.0, 4898430.0], [571300.0, 4898430.0], [571300.0, 4898450.0], [571290.0, 4898450.0], [571290.0, 4898460.0], [571280.0, 4898460.0], [571280.0, 4898480.0], [571270.0, 4898480.0], [571270.0, 4898490.0], [571260.0, 4898490.0], [571260.0, 4898510.0], [571250.0, 4898510.0], [571250.0, 4898520.0], [571240.0, 4898520.0], [571240.0, 4898530.0], [571230.0, 4898530.0], [571230.0, 4898540.0], [571220.0, 4898540.0], [571220.0, 4898560.0], [571210.0, 4898560.0], [571210.0, 4898570.0], [571200.0, 4898570.0], [571200.0, 4898580.0], [571190.0, 4898580.0], [571190.0, 4898590.0], [571180.0, 4898590.0], [571180.0, 4898600.0], [571170.0, 4898600.0], [571170.0, 4898620.0], [571160.0, 4898620.0], [571160.0, 4898630.0], [571150.0, 4898630.0], [571150.0, 4898640.0], [571140.0, 4898640.0], [571140.0, 4898660.0], [571130.0, 4898660.0], [571130.0, 4898680.0], [571060.0, 4898680.0], [571060.0, 4898690.0], [571030.0, 4898690.0], [571030.0, 4898700.0], [571020.0, 4898700.0], [571020.0, 4898710.0], [571000.0, 4898710.0], [571000.0, 4898720.0], [570980.0, 4898720.0], [570980.0, 4898730.0], [570970.0, 4898730.0], [570970.0, 4898740.0], [570960.0, 4898740.0], [570960.0, 4898750.0], [570950.0, 4898750.0], [570950.0, 4898760.0], [570930.0, 4898760.0], [570930.0, 4898770.0], [570920.0, 4898770.0], [570920.0, 4898780.0], [570910.0, 4898780.0], [570910.0, 4898790.0], [570900.0, 4898790.0], [570900.0, 4898800.0], [570890.0, 4898800.0], [570890.0, 4898810.0], [570880.0, 4898810.0], [570880.0, 4898820.0], [570860.0, 4898820.0], [570860.0, 4898830.0], [570850.0, 4898830.0], [570850.0, 4898840.0], [570840.0, 4898840.0], [570840.0, 4898850.0], [570830.0, 4898850.0], [570830.0, 4898860.0], [570820.0, 4898860.0], [570820.0, 4898870.0], [570810.0, 4898870.0], [570810.0, 4898880.0], [570800.0, 4898880.0], [570800.0, 4898890.0], [570780.0, 4898890.0], [570780.0, 4898900.0], [570770.0, 4898900.0], [570770.0, 4898910.0], [570750.0, 4898910.0], [570750.0, 4898920.0], [570740.0, 4898920.0], [570740.0, 4898930.0], [570730.0, 4898930.0], [570730.0, 4898940.0], [570720.0, 4898940.0], [570720.0, 4898950.0], [570700.0, 4898950.0], [570700.0, 4898960.0], [570690.0, 4898960.0], [570690.0, 4898970.0], [570680.0, 4898970.0], [570680.0, 4898980.0], [570670.0, 4898980.0], [570670.0, 4898990.0], [570660.0, 4898990.0], [570660.0, 4899000.0], [570650.0, 4899000.0], [570650.0, 4899010.0], [570640.0, 4899010.0], [570640.0, 4899020.0], [570630.0, 4899020.0], [570630.0, 4899030.0], [570620.0, 4899030.0], [570620.0, 4899040.0], [570610.0, 4899040.0], [570610.0, 4899050.0], [570590.0, 4899050.0], [570590.0, 4899060.0], [570580.0, 4899060.0], [570580.0, 4899070.0], [570550.0, 4899070.0], [570550.0, 4899080.0], [570450.0, 4899080.0], [570450.0, 4899090.0], [570130.0, 4899090.0], [570130.0, 4899100.0], [570110.0, 4899100.0], [570110.0, 4899110.0], [570070.0, 4899110.0], [570070.0, 4899120.0], [569930.0, 4899120.0], [569930.0, 4899110.0], [569840.0, 4899110.0], [569840.0, 4899120.0], [569810.0, 4899120.0], [569810.0, 4899130.0], [569800.0, 4899130.0], [569800.0, 4899140.0], [569790.0, 4899140.0], [569790.0, 4899150.0], [569780.0, 4899150.0], [569780.0, 4899160.0], [569770.0, 4899160.0], [569770.0, 4899170.0], [569760.0, 4899170.0], [569760.0, 4899180.0], [569740.0, 4899180.0], [569740.0, 4899190.0], [569730.0, 4899190.0], [569730.0, 4899200.0], [569710.0, 4899200.0], [569710.0, 4899210.0], [569700.0, 4899210.0], [569700.0, 4899220.0], [569690.0, 4899220.0], [569690.0, 4899230.0], [569680.0, 4899230.0], [569680.0, 4899250.0], [569690.0, 4899250.0], [569690.0, 4899290.0], [569700.0, 4899290.0], [569700.0, 4899320.0], [569710.0, 4899320.0], [569710.0, 4899350.0], [569720.0, 4899350.0], [569720.0, 4899370.0], [569730.0, 4899370.0], [569730.0, 4899400.0], [569740.0, 4899400.0], [569740.0, 4899420.0], [569750.0, 4899420.0], [569750.0, 4899440.0], [569760.0, 4899440.0], [569760.0, 4899490.0], [569750.0, 4899490.0], [569750.0, 4899530.0], [569770.0, 4899530.0], [569770.0, 4899570.0], [569780.0, 4899570.0], [569780.0, 4899640.0], [569770.0, 4899640.0], [569770.0, 4899750.0], [569760.0, 4899750.0], [569760.0, 4899770.0], [569750.0, 4899770.0], [569750.0, 4899860.0], [569740.0, 4899860.0], [569740.0, 4899960.0], [569730.0, 4899960.0], [569730.0, 4899970.0], [569690.0, 4899970.0], [569690.0, 4899980.0], [569670.0, 4899980.0], [569670.0, 4900000.0], [569660.0, 4900000.0], [569660.0, 4900010.0], [569650.0, 4900010.0], [569650.0, 4900020.0], [569640.0, 4900020.0], [569640.0, 4900030.0], [569630.0, 4900030.0], [569630.0, 4900040.0], [569620.0, 4900040.0], [569620.0, 4900050.0], [569600.0, 4900050.0], [569600.0, 4900060.0], [569590.0, 4900060.0], [569590.0, 4900070.0], [569570.0, 4900070.0], [569570.0, 4900080.0], [569560.0, 4900080.0], [569560.0, 4900090.0], [569550.0, 4900090.0], [569550.0, 4900100.0], [569540.0, 4900100.0], [569540.0, 4900120.0], [569530.0, 4900120.0], [569530.0, 4900130.0], [569520.0, 4900130.0], [569520.0, 4900140.0], [569510.0, 4900140.0], [569510.0, 4900150.0], [569500.0, 4900150.0], [569500.0, 4900170.0], [569490.0, 4900170.0], [569490.0, 4900180.0], [569480.0, 4900180.0], [569480.0, 4900190.0], [569470.0, 4900190.0], [569470.0, 4900210.0], [569460.0, 4900210.0], [569460.0, 4900230.0], [569450.0, 4900230.0], [569450.0, 4900240.0], [569440.0, 4900240.0], [569440.0, 4900250.0], [569430.0, 4900250.0], [569430.0, 4900260.0], [569420.0, 4900260.0], [569420.0, 4900280.0], [569410.0, 4900280.0], [569410.0, 4900290.0], [569400.0, 4900290.0], [569400.0, 4900300.0], [569380.0, 4900300.0], [569380.0, 4900310.0], [569370.0, 4900310.0], [569370.0, 4900330.0], [569360.0, 4900330.0], [569360.0, 4900340.0], [569350.0, 4900340.0], [569350.0, 4900360.0], [569340.0, 4900360.0], [569340.0, 4900370.0], [569330.0, 4900370.0], [569330.0, 4900380.0], [569320.0, 4900380.0], [569320.0, 4900400.0], [569310.0, 4900400.0], [569310.0, 4900410.0], [569300.0, 4900410.0], [569300.0, 4900420.0], [569290.0, 4900420.0], [569290.0, 4900430.0], [569280.0, 4900430.0], [569280.0, 4900450.0], [569270.0, 4900450.0], [569270.0, 4900460.0], [569260.0, 4900460.0], [569260.0, 4900470.0], [569250.0, 4900470.0], [569250.0, 4900480.0], [569240.0, 4900480.0], [569240.0, 4900490.0], [569230.0, 4900490.0], [569230.0, 4900510.0], [569220.0, 4900510.0], [569220.0, 4900520.0], [569210.0, 4900520.0], [569210.0, 4900530.0], [569200.0, 4900530.0], [569200.0, 4900540.0], [569190.0, 4900540.0], [569190.0, 4900550.0], [569180.0, 4900550.0], [569180.0, 4900570.0], [569170.0, 4900570.0], [569170.0, 4900580.0], [569160.0, 4900580.0], [569160.0, 4900600.0], [569150.0, 4900600.0], [569150.0, 4900610.0], [569140.0, 4900610.0], [569140.0, 4900630.0], [569130.0, 4900630.0], [569130.0, 4900650.0], [569120.0, 4900650.0], [569120.0, 4900660.0], [569110.0, 4900660.0], [569110.0, 4900680.0], [569100.0, 4900680.0], [569100.0, 4900690.0], [569090.0, 4900690.0], [569090.0, 4900700.0], [569080.0, 4900700.0], [569080.0, 4900710.0], [569070.0, 4900710.0], [569070.0, 4900740.0], [569060.0, 4900740.0], [569060.0, 4900750.0], [569050.0, 4900750.0], [569050.0, 4900760.0], [569040.0, 4900760.0], [569040.0, 4900780.0], [569030.0, 4900780.0], [569030.0, 4900790.0], [569020.0, 4900790.0], [569020.0, 4900820.0], [569010.0, 4900820.0], [569010.0, 4900830.0], [569000.0, 4900830.0], [569000.0, 4900840.0], [568990.0, 4900840.0], [568990.0, 4900850.0], [568980.0, 4900850.0], [568980.0, 4900870.0], [568960.0, 4900870.0], [568960.0, 4900880.0], [568950.0, 4900880.0], [568950.0, 4900890.0], [568940.0, 4900890.0], [568940.0, 4900900.0], [568920.0, 4900900.0], [568920.0, 4900910.0], [568900.0, 4900910.0], [568900.0, 4900920.0], [568880.0, 4900920.0], [568880.0, 4900930.0], [568830.0, 4900930.0], [568830.0, 4900940.0], [568790.0, 4900940.0], [568790.0, 4900960.0], [568800.0, 4900960.0], [568800.0, 4900990.0], [568810.0, 4900990.0], [568810.0, 4901010.0], [568820.0, 4901010.0], [568820.0, 4901030.0], [568830.0, 4901030.0], [568830.0, 4901060.0], [568840.0, 4901060.0], [568840.0, 4901080.0], [568850.0, 4901080.0], [568850.0, 4901100.0], [568860.0, 4901100.0], [568860.0, 4901140.0], [568870.0, 4901140.0], [568870.0, 4901190.0], [568880.0, 4901190.0], [568880.0, 4901210.0], [568890.0, 4901210.0], [568890.0, 4901230.0], [568900.0, 4901230.0], [568900.0, 4901300.0], [568910.0, 4901300.0], [568910.0, 4901480.0], [568920.0, 4901480.0], [568920.0, 4901520.0], [568930.0, 4901520.0], [568930.0, 4901550.0], [568940.0, 4901550.0], [568940.0, 4901570.0], [568950.0, 4901570.0], [568950.0, 4901600.0], [568960.0, 4901600.0], [568960.0, 4901620.0], [568970.0, 4901620.0], [568970.0, 4901630.0], [568980.0, 4901630.0], [568980.0, 4901640.0], [568990.0, 4901640.0], [568990.0, 4901660.0], [569000.0, 4901660.0], [569000.0, 4901690.0], [569010.0, 4901690.0], [569010.0, 4901730.0], [569020.0, 4901730.0], [569020.0, 4901740.0], [569030.0, 4901740.0], [569030.0, 4901750.0], [569040.0, 4901750.0], [569040.0, 4901770.0], [569050.0, 4901770.0], [569050.0, 4901810.0], [569060.0, 4901810.0], [569060.0, 4901830.0], [569070.0, 4901830.0], [569070.0, 4901850.0], [569080.0, 4901850.0], [569080.0, 4901870.0], [569090.0, 4901870.0], [569090.0, 4901890.0], [569100.0, 4901890.0], [569100.0, 4901900.0], [569110.0, 4901900.0], [569110.0, 4901910.0], [569120.0, 4901910.0], [569120.0, 4901930.0], [569130.0, 4901930.0], [569130.0, 4901940.0], [569140.0, 4901940.0], [569140.0, 4901960.0], [569150.0, 4901960.0], [569150.0, 4901980.0], [569160.0, 4901980.0], [569160.0, 4902000.0], [569170.0, 4902000.0], [569170.0, 4902010.0], [569180.0, 4902010.0], [569180.0, 4902030.0], [569190.0, 4902030.0], [569190.0, 4902040.0], [569200.0, 4902040.0], [569200.0, 4902060.0], [569210.0, 4902060.0], [569210.0, 4902080.0], [569220.0, 4902080.0], [569220.0, 4902090.0], [569230.0, 4902090.0], [569230.0, 4902110.0], [569240.0, 4902110.0], [569240.0, 4902150.0], [569230.0, 4902150.0], [569230.0, 4902180.0], [569220.0, 4902180.0], [569220.0, 4902260.0], [569210.0, 4902260.0], [569210.0, 4902280.0], [569220.0, 4902280.0], [569220.0, 4902320.0], [569210.0, 4902320.0], [569210.0, 4902340.0], [569200.0, 4902340.0], [569200.0, 4902360.0], [569190.0, 4902360.0], [569190.0, 4902390.0], [569180.0, 4902390.0], [569180.0, 4902410.0], [569170.0, 4902410.0], [569170.0, 4902440.0], [569160.0, 4902440.0], [569160.0, 4902470.0], [569150.0, 4902470.0], [569150.0, 4902620.0], [569140.0, 4902620.0], [569140.0, 4902640.0], [569130.0, 4902640.0], [569130.0, 4902670.0], [569120.0, 4902670.0], [569120.0, 4902690.0], [569110.0, 4902690.0], [569110.0, 4902720.0], [569100.0, 4902720.0], [569100.0, 4902740.0], [569090.0, 4902740.0], [569090.0, 4902760.0], [569080.0, 4902760.0], [569080.0, 4902780.0], [569070.0, 4902780.0], [569070.0, 4902790.0], [569060.0, 4902790.0], [569060.0, 4902800.0], [569050.0, 4902800.0], [569050.0, 4902820.0], [569040.0, 4902820.0], [569040.0, 4902830.0], [569030.0, 4902830.0], [569030.0, 4902850.0], [569020.0, 4902850.0], [569020.0, 4902870.0], [569010.0, 4902870.0], [569010.0, 4902890.0], [569000.0, 4902890.0], [569000.0, 4902900.0], [568990.0, 4902900.0], [568990.0, 4902920.0], [568980.0, 4902920.0], [568980.0, 4902930.0], [568970.0, 4902930.0], [568970.0, 4902940.0], [568960.0, 4902940.0], [568960.0, 4902960.0], [568950.0, 4902960.0], [568950.0, 4902970.0], [568940.0, 4902970.0], [568940.0, 4902980.0], [568930.0, 4902980.0], [568930.0, 4902990.0], [568910.0, 4902990.0], [568910.0, 4903000.0], [568900.0, 4903000.0], [568900.0, 4903040.0], [568890.0, 4903040.0], [568890.0, 4903050.0], [568880.0, 4903050.0], [568880.0, 4903060.0], [568870.0, 4903060.0], [568870.0, 4903070.0], [568860.0, 4903070.0], [568860.0, 4903080.0], [568850.0, 4903080.0], [568850.0, 4903090.0], [568840.0, 4903090.0], [568840.0, 4903100.0], [568830.0, 4903100.0], [568830.0, 4903110.0], [568820.0, 4903110.0], [568820.0, 4903120.0], [568800.0, 4903120.0], [568800.0, 4903130.0], [568790.0, 4903130.0], [568790.0, 4903140.0], [568780.0, 4903140.0], [568780.0, 4903150.0], [568770.0, 4903150.0], [568770.0, 4903160.0], [568750.0, 4903160.0], [568750.0, 4903170.0], [568730.0, 4903170.0], [568730.0, 4903180.0], [568710.0, 4903180.0], [568710.0, 4903190.0], [568700.0, 4903190.0], [568700.0, 4903200.0], [568690.0, 4903200.0], [568690.0, 4903210.0], [568680.0, 4903210.0], [568680.0, 4903220.0], [568670.0, 4903220.0], [568670.0, 4903230.0], [568660.0, 4903230.0], [568660.0, 4903240.0], [568650.0, 4903240.0], [568650.0, 4903250.0], [568640.0, 4903250.0], [568640.0, 4903260.0], [568630.0, 4903260.0], [568630.0, 4903270.0], [568620.0, 4903270.0], [568620.0, 4903280.0], [568610.0, 4903280.0], [568610.0, 4903290.0], [568600.0, 4903290.0], [568600.0, 4903300.0], [568580.0, 4903300.0], [568580.0, 4903310.0], [568570.0, 4903310.0], [568570.0, 4903320.0], [568560.0, 4903320.0], [568560.0, 4903330.0], [568550.0, 4903330.0], [568550.0, 4903340.0], [568540.0, 4903340.0], [568540.0, 4903350.0], [568530.0, 4903350.0], [568530.0, 4903360.0], [568520.0, 4903360.0], [568520.0, 4903380.0], [568510.0, 4903380.0], [568510.0, 4903400.0], [568500.0, 4903400.0], [568500.0, 4903410.0], [568490.0, 4903410.0], [568490.0, 4903420.0], [568480.0, 4903420.0], [568480.0, 4903430.0], [568470.0, 4903430.0], [568470.0, 4903440.0], [568460.0, 4903440.0], [568460.0, 4903450.0], [568450.0, 4903450.0], [568450.0, 4903460.0], [568440.0, 4903460.0], [568440.0, 4903470.0], [568320.0, 4903470.0]]]}, "properties": {"site_code": "50", "dem_area_ha": 5011.82, "routing_qc_pass": true}}, {"type": "Feature", "geometry": {"type": "Polygon", "coordinates": [[[560520.0, 4896600.0], [560520.0, 4896590.0], [560510.0, 4896590.0], [560510.0, 4896580.0], [560500.0, 4896580.0], [560500.0, 4896550.0], [560490.0, 4896550.0], [560490.0, 4896540.0], [560480.0, 4896540.0], [560480.0, 4896530.0], [560490.0, 4896530.0], [560490.0, 4896500.0], [560500.0, 4896500.0], [560500.0, 4896490.0], [560510.0, 4896490.0], [560510.0, 4896470.0], [560520.0, 4896470.0], [560520.0, 4896460.0], [560530.0, 4896460.0], [560530.0, 4896450.0], [560540.0, 4896450.0], [560540.0, 4896440.0], [560550.0, 4896440.0], [560550.0, 4896430.0], [560560.0, 4896430.0], [560560.0, 4896410.0], [560570.0, 4896410.0], [560570.0, 4896320.0], [560580.0, 4896320.0], [560580.0, 4896310.0], [560600.0, 4896310.0], [560600.0, 4896300.0], [560610.0, 4896300.0], [560610.0, 4896290.0], [560620.0, 4896290.0], [560620.0, 4896280.0], [560630.0, 4896280.0], [560630.0, 4896260.0], [560640.0, 4896260.0], [560640.0, 4896240.0], [560650.0, 4896240.0], [560650.0, 4896230.0], [560660.0, 4896230.0], [560660.0, 4896220.0], [560670.0, 4896220.0], [560670.0, 4896210.0], [560680.0, 4896210.0], [560680.0, 4896190.0], [560690.0, 4896190.0], [560690.0, 4896170.0], [560700.0, 4896170.0], [560700.0, 4896160.0], [560710.0, 4896160.0], [560710.0, 4896150.0], [560720.0, 4896150.0], [560720.0, 4896140.0], [560730.0, 4896140.0], [560730.0, 4896130.0], [560740.0, 4896130.0], [560740.0, 4896100.0], [560750.0, 4896100.0], [560750.0, 4896080.0], [560760.0, 4896080.0], [560760.0, 4896050.0], [560770.0, 4896050.0], [560770.0, 4896030.0], [560780.0, 4896030.0], [560780.0, 4896020.0], [560790.0, 4896020.0], [560790.0, 4896010.0], [560800.0, 4896010.0], [560800.0, 4896000.0], [560810.0, 4896000.0], [560810.0, 4895940.0], [560820.0, 4895940.0], [560820.0, 4895900.0], [560830.0, 4895900.0], [560830.0, 4895800.0], [560840.0, 4895800.0], [560840.0, 4895760.0], [560850.0, 4895760.0], [560850.0, 4895750.0], [560880.0, 4895750.0], [560880.0, 4895740.0], [560930.0, 4895740.0], [560930.0, 4895730.0], [560940.0, 4895730.0], [560940.0, 4895720.0], [560950.0, 4895720.0], [560950.0, 4895710.0], [560960.0, 4895710.0], [560960.0, 4895700.0], [560970.0, 4895700.0], [560970.0, 4895680.0], [560980.0, 4895680.0], [560980.0, 4895670.0], [560990.0, 4895670.0], [560990.0, 4895660.0], [561000.0, 4895660.0], [561000.0, 4895650.0], [561010.0, 4895650.0], [561010.0, 4895630.0], [561020.0, 4895630.0], [561020.0, 4895610.0], [561030.0, 4895610.0], [561030.0, 4895590.0], [561040.0, 4895590.0], [561040.0, 4895580.0], [561050.0, 4895580.0], [561050.0, 4895570.0], [561070.0, 4895570.0], [561070.0, 4895560.0], [561080.0, 4895560.0], [561080.0, 4895550.0], [561090.0, 4895550.0], [561090.0, 4895540.0], [561100.0, 4895540.0], [561100.0, 4895460.0], [561110.0, 4895460.0], [561110.0, 4895440.0], [561120.0, 4895440.0], [561120.0, 4895430.0], [561130.0, 4895430.0], [561130.0, 4895420.0], [561140.0, 4895420.0], [561140.0, 4895410.0], [561280.0, 4895410.0], [561280.0, 4895400.0], [561300.0, 4895400.0], [561300.0, 4895390.0], [561310.0, 4895390.0], [561310.0, 4895380.0], [561320.0, 4895380.0], [561320.0, 4895360.0], [561330.0, 4895360.0], [561330.0, 4895320.0], [561340.0, 4895320.0], [561340.0, 4895310.0], [561350.0, 4895310.0], [561350.0, 4895290.0], [561360.0, 4895290.0], [561360.0, 4895270.0], [561370.0, 4895270.0], [561370.0, 4895260.0], [561380.0, 4895260.0], [561380.0, 4895230.0], [561400.0, 4895230.0], [561400.0, 4895240.0], [561440.0, 4895240.0], [561440.0, 4895250.0], [561460.0, 4895250.0], [561460.0, 4895260.0], [561480.0, 4895260.0], [561480.0, 4895270.0], [561500.0, 4895270.0], [561500.0, 4895280.0], [561520.0, 4895280.0], [561520.0, 4895290.0], [561530.0, 4895290.0], [561530.0, 4895300.0], [561540.0, 4895300.0], [561540.0, 4895310.0], [561560.0, 4895310.0], [561560.0, 4895320.0], [561570.0, 4895320.0], [561570.0, 4895330.0], [561590.0, 4895330.0], [561590.0, 4895340.0], [561610.0, 4895340.0], [561610.0, 4895360.0], [561650.0, 4895360.0], [561650.0, 4895370.0], [561670.0, 4895370.0], [561670.0, 4895390.0], [561690.0, 4895390.0], [561690.0, 4895400.0], [561700.0, 4895400.0], [561700.0, 4895410.0], [561720.0, 4895410.0], [561720.0, 4895420.0], [561730.0, 4895420.0], [561730.0, 4895430.0], [561750.0, 4895430.0], [561750.0, 4895440.0], [561800.0, 4895440.0], [561800.0, 4895450.0], [561810.0, 4895450.0], [561810.0, 4895460.0], [561830.0, 4895460.0], [561830.0, 4895470.0], [561850.0, 4895470.0], [561850.0, 4895480.0], [561860.0, 4895480.0], [561860.0, 4895500.0], [561870.0, 4895500.0], [561870.0, 4895520.0], [561880.0, 4895520.0], [561880.0, 4895540.0], [561890.0, 4895540.0], [561890.0, 4895580.0], [561880.0, 4895580.0], [561880.0, 4895600.0], [561870.0, 4895600.0], [561870.0, 4895920.0], [561860.0, 4895920.0], [561860.0, 4895930.0], [561850.0, 4895930.0], [561850.0, 4895990.0], [561840.0, 4895990.0], [561840.0, 4896000.0], [561830.0, 4896000.0], [561830.0, 4896010.0], [561820.0, 4896010.0], [561820.0, 4896020.0], [561810.0, 4896020.0], [561810.0, 4896030.0], [561780.0, 4896030.0], [561780.0, 4896040.0], [561760.0, 4896040.0], [561760.0, 4896050.0], [561750.0, 4896050.0], [561750.0, 4896060.0], [561740.0, 4896060.0], [561740.0, 4896070.0], [561730.0, 4896070.0], [561730.0, 4896080.0], [561720.0, 4896080.0], [561720.0, 4896090.0], [561710.0, 4896090.0], [561710.0, 4896100.0], [561700.0, 4896100.0], [561700.0, 4896110.0], [561680.0, 4896110.0], [561680.0, 4896120.0], [561670.0, 4896120.0], [561670.0, 4896130.0], [561650.0, 4896130.0], [561650.0, 4896140.0], [561620.0, 4896140.0], [561620.0, 4896150.0], [561600.0, 4896150.0], [561600.0, 4896180.0], [561590.0, 4896180.0], [561590.0, 4896200.0], [561580.0, 4896200.0], [561580.0, 4896240.0], [561590.0, 4896240.0], [561590.0, 4896290.0], [561580.0, 4896290.0], [561580.0, 4896300.0], [561560.0, 4896300.0], [561560.0, 4896310.0], [561550.0, 4896310.0], [561550.0, 4896320.0], [561540.0, 4896320.0], [561540.0, 4896330.0], [561530.0, 4896330.0], [561530.0, 4896340.0], [561520.0, 4896340.0], [561520.0, 4896360.0], [561510.0, 4896360.0], [561510.0, 4896370.0], [561500.0, 4896370.0], [561500.0, 4896390.0], [561490.0, 4896390.0], [561490.0, 4896400.0], [561470.0, 4896400.0], [561470.0, 4896410.0], [561440.0, 4896410.0], [561440.0, 4896400.0], [561420.0, 4896400.0], [561420.0, 4896390.0], [561400.0, 4896390.0], [561400.0, 4896380.0], [561390.0, 4896380.0], [561390.0, 4896370.0], [561380.0, 4896370.0], [561380.0, 4896360.0], [561370.0, 4896360.0], [561370.0, 4896350.0], [561340.0, 4896350.0], [561340.0, 4896340.0], [561320.0, 4896340.0], [561320.0, 4896330.0], [561310.0, 4896330.0], [561310.0, 4896320.0], [561290.0, 4896320.0], [561290.0, 4896310.0], [561260.0, 4896310.0], [561260.0, 4896300.0], [561230.0, 4896300.0], [561230.0, 4896290.0], [561210.0, 4896290.0], [561210.0, 4896280.0], [561130.0, 4896280.0], [561130.0, 4896290.0], [561110.0, 4896290.0], [561110.0, 4896300.0], [561070.0, 4896300.0], [561070.0, 4896310.0], [561060.0, 4896310.0], [561060.0, 4896320.0], [561050.0, 4896320.0], [561050.0, 4896330.0], [561040.0, 4896330.0], [561040.0, 4896340.0], [561030.0, 4896340.0], [561030.0, 4896350.0], [561020.0, 4896350.0], [561020.0, 4896360.0], [560990.0, 4896360.0], [560990.0, 4896370.0], [560970.0, 4896370.0], [560970.0, 4896380.0], [560960.0, 4896380.0], [560960.0, 4896390.0], [560940.0, 4896390.0], [560940.0, 4896400.0], [560910.0, 4896400.0], [560910.0, 4896410.0], [560900.0, 4896410.0], [560900.0, 4896400.0], [560880.0, 4896400.0], [560880.0, 4896410.0], [560830.0, 4896410.0], [560830.0, 4896420.0], [560810.0, 4896420.0], [560810.0, 4896430.0], [560790.0, 4896430.0], [560790.0, 4896440.0], [560780.0, 4896440.0], [560780.0, 4896450.0], [560770.0, 4896450.0], [560770.0, 4896460.0], [560760.0, 4896460.0], [560760.0, 4896480.0], [560750.0, 4896480.0], [560750.0, 4896490.0], [560740.0, 4896490.0], [560740.0, 4896510.0], [560730.0, 4896510.0], [560730.0, 4896530.0], [560720.0, 4896530.0], [560720.0, 4896540.0], [560650.0, 4896540.0], [560650.0, 4896550.0], [560640.0, 4896550.0], [560640.0, 4896560.0], [560620.0, 4896560.0], [560620.0, 4896570.0], [560610.0, 4896570.0], [560610.0, 4896580.0], [560590.0, 4896580.0], [560590.0, 4896590.0], [560570.0, 4896590.0], [560570.0, 4896600.0], [560520.0, 4896600.0]]]}, "properties": {"site_code": "WS3-1", "dem_area_ha": 96.32, "routing_qc_pass": true}}, {"type": "Feature", "geometry": {"type": "Polygon", "coordinates": [[[567940.0, 4900490.0], [567940.0, 4900480.0], [567900.0, 4900480.0], [567900.0, 4900470.0], [567880.0, 4900470.0], [567880.0, 4900460.0], [567870.0, 4900460.0], [567870.0, 4900430.0], [567860.0, 4900430.0], [567860.0, 4900420.0], [567850.0, 4900420.0], [567850.0, 4900410.0], [567840.0, 4900410.0], [567840.0, 4900400.0], [567830.0, 4900400.0], [567830.0, 4900390.0], [567800.0, 4900390.0], [567800.0, 4900380.0], [567790.0, 4900380.0], [567790.0, 4900370.0], [567780.0, 4900370.0], [567780.0, 4900360.0], [567770.0, 4900360.0], [567770.0, 4900350.0], [567760.0, 4900350.0], [567760.0, 4900340.0], [567750.0, 4900340.0], [567750.0, 4900330.0], [567740.0, 4900330.0], [567740.0, 4900320.0], [567730.0, 4900320.0], [567730.0, 4900310.0], [567710.0, 4900310.0], [567710.0, 4900300.0], [567700.0, 4900300.0], [567700.0, 4900290.0], [567680.0, 4900290.0], [567680.0, 4900280.0], [567660.0, 4900280.0], [567660.0, 4900270.0], [567650.0, 4900270.0], [567650.0, 4900260.0], [567640.0, 4900260.0], [567640.0, 4900250.0], [567630.0, 4900250.0], [567630.0, 4900240.0], [567620.0, 4900240.0], [567620.0, 4900230.0], [567610.0, 4900230.0], [567610.0, 4900220.0], [567600.0, 4900220.0], [567600.0, 4900210.0], [567610.0, 4900210.0], [567610.0, 4900200.0], [567620.0, 4900200.0], [567620.0, 4900190.0], [567630.0, 4900190.0], [567630.0, 4900180.0], [567640.0, 4900180.0], [567640.0, 4900150.0], [567650.0, 4900150.0], [567650.0, 4900140.0], [567660.0, 4900140.0], [567660.0, 4900130.0], [567670.0, 4900130.0], [567670.0, 4900140.0], [567690.0, 4900140.0], [567690.0, 4900120.0], [567680.0, 4900120.0], [567680.0, 4900000.0], [567690.0, 4900000.0], [567690.0, 4899990.0], [567700.0, 4899990.0], [567700.0, 4899980.0], [567710.0, 4899980.0], [567710.0, 4899960.0], [567700.0, 4899960.0], [567700.0, 4899910.0], [567690.0, 4899910.0], [567690.0, 4899890.0], [567680.0, 4899890.0], [567680.0, 4899870.0], [567670.0, 4899870.0], [567670.0, 4899860.0], [567660.0, 4899860.0], [567660.0, 4899850.0], [567650.0, 4899850.0], [567650.0, 4899840.0], [567640.0, 4899840.0], [567640.0, 4899830.0], [567630.0, 4899830.0], [567630.0, 4899820.0], [567620.0, 4899820.0], [567620.0, 4899780.0], [567610.0, 4899780.0], [567610.0, 4899770.0], [567600.0, 4899770.0], [567600.0, 4899760.0], [567590.0, 4899760.0], [567590.0, 4899750.0], [567580.0, 4899750.0], [567580.0, 4899730.0], [567570.0, 4899730.0], [567570.0, 4899700.0], [567560.0, 4899700.0], [567560.0, 4899690.0], [567550.0, 4899690.0], [567550.0, 4899670.0], [567540.0, 4899670.0], [567540.0, 4899590.0], [567550.0, 4899590.0], [567550.0, 4899560.0], [567560.0, 4899560.0], [567560.0, 4899480.0], [567550.0, 4899480.0], [567550.0, 4899440.0], [567540.0, 4899440.0], [567540.0, 4899430.0], [567530.0, 4899430.0], [567530.0, 4899350.0], [567540.0, 4899350.0], [567540.0, 4899330.0], [567550.0, 4899330.0], [567550.0, 4899320.0], [567560.0, 4899320.0], [567560.0, 4899310.0], [567570.0, 4899310.0], [567570.0, 4899260.0], [567580.0, 4899260.0], [567580.0, 4899220.0], [567570.0, 4899220.0], [567570.0, 4899210.0], [567560.0, 4899210.0], [567560.0, 4899200.0], [567550.0, 4899200.0], [567550.0, 4899190.0], [567540.0, 4899190.0], [567540.0, 4899180.0], [567530.0, 4899180.0], [567530.0, 4899170.0], [567520.0, 4899170.0], [567520.0, 4899160.0], [567510.0, 4899160.0], [567510.0, 4899140.0], [567500.0, 4899140.0], [567500.0, 4899130.0], [567490.0, 4899130.0], [567490.0, 4899070.0], [567480.0, 4899070.0], [567480.0, 4899060.0], [567470.0, 4899060.0], [567470.0, 4898980.0], [567460.0, 4898980.0], [567460.0, 4898910.0], [567450.0, 4898910.0], [567450.0, 4898900.0], [567440.0, 4898900.0], [567440.0, 4898890.0], [567430.0, 4898890.0], [567430.0, 4898880.0], [567420.0, 4898880.0], [567420.0, 4898870.0], [567410.0, 4898870.0], [567410.0, 4898860.0], [567400.0, 4898860.0], [567400.0, 4898850.0], [567390.0, 4898850.0], [567390.0, 4898830.0], [567380.0, 4898830.0], [567380.0, 4898670.0], [567390.0, 4898670.0], [567390.0, 4898680.0], [567500.0, 4898680.0], [567500.0, 4898670.0], [567510.0, 4898670.0], [567510.0, 4898680.0], [567520.0, 4898680.0], [567520.0, 4898690.0], [567600.0, 4898690.0], [567600.0, 4898700.0], [567630.0, 4898700.0], [567630.0, 4898710.0], [567640.0, 4898710.0], [567640.0, 4898720.0], [567650.0, 4898720.0], [567650.0, 4898730.0], [567660.0, 4898730.0], [567660.0, 4898770.0], [567670.0, 4898770.0], [567670.0, 4898780.0], [567680.0, 4898780.0], [567680.0, 4898790.0], [567690.0, 4898790.0], [567690.0, 4898800.0], [567700.0, 4898800.0], [567700.0, 4898810.0], [567710.0, 4898810.0], [567710.0, 4898820.0], [567750.0, 4898820.0], [567750.0, 4898810.0], [567770.0, 4898810.0], [567770.0, 4898800.0], [567780.0, 4898800.0], [567780.0, 4898850.0], [567770.0, 4898850.0], [567770.0, 4898870.0], [567760.0, 4898870.0], [567760.0, 4898880.0], [567750.0, 4898880.0], [567750.0, 4898940.0], [567760.0, 4898940.0], [567760.0, 4898960.0], [567770.0, 4898960.0], [567770.0, 4899010.0], [567780.0, 4899010.0], [567780.0, 4899060.0], [567770.0, 4899060.0], [567770.0, 4899130.0], [567780.0, 4899130.0], [567780.0, 4899160.0], [567840.0, 4899160.0], [567840.0, 4899190.0], [567850.0, 4899190.0], [567850.0, 4899200.0], [567860.0, 4899200.0], [567860.0, 4899210.0], [567870.0, 4899210.0], [567870.0, 4899220.0], [567880.0, 4899220.0], [567880.0, 4899230.0], [567890.0, 4899230.0], [567890.0, 4899240.0], [567900.0, 4899240.0], [567900.0, 4899250.0], [567910.0, 4899250.0], [567910.0, 4899260.0], [567920.0, 4899260.0], [567920.0, 4899270.0], [567930.0, 4899270.0], [567930.0, 4899280.0], [567940.0, 4899280.0], [567940.0, 4899270.0], [567970.0, 4899270.0], [567970.0, 4899260.0], [567990.0, 4899260.0], [567990.0, 4899270.0], [568010.0, 4899270.0], [568010.0, 4899280.0], [568030.0, 4899280.0], [568030.0, 4899450.0], [568040.0, 4899450.0], [568040.0, 4899460.0], [568050.0, 4899460.0], [568050.0, 4899470.0], [568060.0, 4899470.0], [568060.0, 4899480.0], [568070.0, 4899480.0], [568070.0, 4899500.0], [568080.0, 4899500.0], [568080.0, 4899520.0], [568100.0, 4899520.0], [568100.0, 4899610.0], [568110.0, 4899610.0], [568110.0, 4899630.0], [568120.0, 4899630.0], [568120.0, 4899640.0], [568130.0, 4899640.0], [568130.0, 4899650.0], [568140.0, 4899650.0], [568140.0, 4899660.0], [568150.0, 4899660.0], [568150.0, 4899690.0], [568160.0, 4899690.0], [568160.0, 4899720.0], [568170.0, 4899720.0], [568170.0, 4899740.0], [568180.0, 4899740.0], [568180.0, 4899750.0], [568190.0, 4899750.0], [568190.0, 4899760.0], [568200.0, 4899760.0], [568200.0, 4899770.0], [568210.0, 4899770.0], [568210.0, 4899780.0], [568220.0, 4899780.0], [568220.0, 4899790.0], [568230.0, 4899790.0], [568230.0, 4899800.0], [568240.0, 4899800.0], [568240.0, 4899810.0], [568250.0, 4899810.0], [568250.0, 4899820.0], [568260.0, 4899820.0], [568260.0, 4899830.0], [568270.0, 4899830.0], [568270.0, 4899840.0], [568280.0, 4899840.0], [568280.0, 4899850.0], [568290.0, 4899850.0], [568290.0, 4899930.0], [568300.0, 4899930.0], [568300.0, 4899940.0], [568310.0, 4899940.0], [568310.0, 4899950.0], [568320.0, 4899950.0], [568320.0, 4899960.0], [568340.0, 4899960.0], [568340.0, 4899970.0], [568360.0, 4899970.0], [568360.0, 4899980.0], [568370.0, 4899980.0], [568370.0, 4899990.0], [568380.0, 4899990.0], [568380.0, 4900000.0], [568390.0, 4900000.0], [568390.0, 4900030.0], [568400.0, 4900030.0], [568400.0, 4900060.0], [568390.0, 4900060.0], [568390.0, 4900090.0], [568400.0, 4900090.0], [568400.0, 4900140.0], [568410.0, 4900140.0], [568410.0, 4900180.0], [568400.0, 4900180.0], [568400.0, 4900200.0], [568410.0, 4900200.0], [568410.0, 4900220.0], [568360.0, 4900220.0], [568360.0, 4900230.0], [568350.0, 4900230.0], [568350.0, 4900260.0], [568340.0, 4900260.0], [568340.0, 4900300.0], [568350.0, 4900300.0], [568350.0, 4900360.0], [568340.0, 4900360.0], [568340.0, 4900400.0], [568330.0, 4900400.0], [568330.0, 4900410.0], [568320.0, 4900410.0], [568320.0, 4900420.0], [568310.0, 4900420.0], [568310.0, 4900430.0], [568300.0, 4900430.0], [568300.0, 4900440.0], [568290.0, 4900440.0], [568290.0, 4900450.0], [568280.0, 4900450.0], [568280.0, 4900460.0], [568270.0, 4900460.0], [568270.0, 4900470.0], [568210.0, 4900470.0], [568210.0, 4900480.0], [568160.0, 4900480.0], [568160.0, 4900460.0], [568150.0, 4900460.0], [568150.0, 4900470.0], [568120.0, 4900470.0], [568120.0, 4900480.0], [568110.0, 4900480.0], [568110.0, 4900470.0], [568100.0, 4900470.0], [568100.0, 4900460.0], [568070.0, 4900460.0], [568070.0, 4900470.0], [568040.0, 4900470.0], [568040.0, 4900480.0], [568030.0, 4900480.0], [568030.0, 4900490.0], [567940.0, 4900490.0]]]}, "properties": {"site_code": "60", "dem_area_ha": 89.73, "routing_qc_pass": false}}, {"type": "Feature", "geometry": {"type": "Polygon", "coordinates": [[[560450.0, 4895870.0], [560450.0, 4895860.0], [560440.0, 4895860.0], [560440.0, 4895850.0], [560430.0, 4895850.0], [560430.0, 4895840.0], [560410.0, 4895840.0], [560410.0, 4895830.0], [560380.0, 4895830.0], [560380.0, 4895820.0], [560360.0, 4895820.0], [560360.0, 4895810.0], [560350.0, 4895810.0], [560350.0, 4895800.0], [560340.0, 4895800.0], [560340.0, 4895790.0], [560330.0, 4895790.0], [560330.0, 4895780.0], [560320.0, 4895780.0], [560320.0, 4895770.0], [560310.0, 4895770.0], [560310.0, 4895760.0], [560290.0, 4895760.0], [560290.0, 4895730.0], [560280.0, 4895730.0], [560280.0, 4895720.0], [560270.0, 4895720.0], [560270.0, 4895700.0], [560280.0, 4895700.0], [560280.0, 4895590.0], [560290.0, 4895590.0], [560290.0, 4895440.0], [560280.0, 4895440.0], [560280.0, 4895420.0], [560270.0, 4895420.0], [560270.0, 4895410.0], [560260.0, 4895410.0], [560260.0, 4895400.0], [560250.0, 4895400.0], [560250.0, 4895300.0], [560240.0, 4895300.0], [560240.0, 4895290.0], [560230.0, 4895290.0], [560230.0, 4895270.0], [560220.0, 4895270.0], [560220.0, 4895190.0], [560230.0, 4895190.0], [560230.0, 4895170.0], [560240.0, 4895170.0], [560240.0, 4895150.0], [560250.0, 4895150.0], [560250.0, 4895140.0], [560260.0, 4895140.0], [560260.0, 4895130.0], [560300.0, 4895130.0], [560300.0, 4895120.0], [560350.0, 4895120.0], [560350.0, 4895110.0], [560420.0, 4895110.0], [560420.0, 4895100.0], [560480.0, 4895100.0], [560480.0, 4895090.0], [560570.0, 4895090.0], [560570.0, 4895080.0], [560580.0, 4895080.0], [560580.0, 4895070.0], [560590.0, 4895070.0], [560590.0, 4895060.0], [560610.0, 4895060.0], [560610.0, 4895050.0], [560630.0, 4895050.0], [560630.0, 4895040.0], [560650.0, 4895040.0], [560650.0, 4895030.0], [560710.0, 4895030.0], [560710.0, 4895040.0], [560800.0, 4895040.0], [560800.0, 4895050.0], [560810.0, 4895050.0], [560810.0, 4895060.0], [560820.0, 4895060.0], [560820.0, 4895070.0], [560830.0, 4895070.0], [560830.0, 4895080.0], [560840.0, 4895080.0], [560840.0, 4895090.0], [560900.0, 4895090.0], [560900.0, 4895080.0], [560910.0, 4895080.0], [560910.0, 4895070.0], [560930.0, 4895070.0], [560930.0, 4895060.0], [560950.0, 4895060.0], [560950.0, 4895050.0], [560960.0, 4895050.0], [560960.0, 4895040.0], [560970.0, 4895040.0], [560970.0, 4895030.0], [560980.0, 4895030.0], [560980.0, 4895020.0], [560990.0, 4895020.0], [560990.0, 4895030.0], [561080.0, 4895030.0], [561080.0, 4895040.0], [561100.0, 4895040.0], [561100.0, 4895030.0], [561110.0, 4895030.0], [561110.0, 4895040.0], [561140.0, 4895040.0], [561140.0, 4895050.0], [561150.0, 4895050.0], [561150.0, 4895070.0], [561160.0, 4895070.0], [561160.0, 4895090.0], [561170.0, 4895090.0], [561170.0, 4895100.0], [561180.0, 4895100.0], [561180.0, 4895110.0], [561190.0, 4895110.0], [561190.0, 4895120.0], [561210.0, 4895120.0], [561210.0, 4895130.0], [561220.0, 4895130.0], [561220.0, 4895140.0], [561230.0, 4895140.0], [561230.0, 4895150.0], [561250.0, 4895150.0], [561250.0, 4895160.0], [561270.0, 4895160.0], [561270.0, 4895170.0], [561290.0, 4895170.0], [561290.0, 4895180.0], [561300.0, 4895180.0], [561300.0, 4895190.0], [561330.0, 4895190.0], [561330.0, 4895200.0], [561350.0, 4895200.0], [561350.0, 4895210.0], [561370.0, 4895210.0], [561370.0, 4895220.0], [561380.0, 4895220.0], [561380.0, 4895260.0], [561370.0, 4895260.0], [561370.0, 4895270.0], [561360.0, 4895270.0], [561360.0, 4895290.0], [561350.0, 4895290.0], [561350.0, 4895310.0], [561340.0, 4895310.0], [561340.0, 4895320.0], [561330.0, 4895320.0], [561330.0, 4895360.0], [561320.0, 4895360.0], [561320.0, 4895380.0], [561310.0, 4895380.0], [561310.0, 4895390.0], [561300.0, 4895390.0], [561300.0, 4895400.0], [561280.0, 4895400.0], [561280.0, 4895410.0], [561140.0, 4895410.0], [561140.0, 4895420.0], [561130.0, 4895420.0], [561130.0, 4895430.0], [561120.0, 4895430.0], [561120.0, 4895440.0], [561110.0, 4895440.0], [561110.0, 4895460.0], [561100.0, 4895460.0], [561100.0, 4895540.0], [561090.0, 4895540.0], [561090.0, 4895550.0], [561080.0, 4895550.0], [561080.0, 4895560.0], [561070.0, 4895560.0], [561070.0, 4895570.0], [561050.0, 4895570.0], [561050.0, 4895580.0], [561040.0, 4895580.0], [561040.0, 4895590.0], [561030.0, 4895590.0], [561030.0, 4895610.0], [561020.0, 4895610.0], [561020.0, 4895630.0], [561010.0, 4895630.0], [561010.0, 4895650.0], [561000.0, 4895650.0], [561000.0, 4895660.0], [560990.0, 4895660.0], [560990.0, 4895670.0], [560980.0, 4895670.0], [560980.0, 4895680.0], [560970.0, 4895680.0], [560970.0, 4895700.0], [560960.0, 4895700.0], [560960.0, 4895710.0], [560950.0, 4895710.0], [560950.0, 4895720.0], [560940.0, 4895720.0], [560940.0, 4895730.0], [560930.0, 4895730.0], [560930.0, 4895740.0], [560880.0, 4895740.0], [560880.0, 4895750.0], [560850.0, 4895750.0], [560850.0, 4895760.0], [560820.0, 4895760.0], [560820.0, 4895750.0], [560730.0, 4895750.0], [560730.0, 4895760.0], [560700.0, 4895760.0], [560700.0, 4895770.0], [560670.0, 4895770.0], [560670.0, 4895780.0], [560650.0, 4895780.0], [560650.0, 4895790.0], [560640.0, 4895790.0], [560640.0, 4895800.0], [560570.0, 4895800.0], [560570.0, 4895810.0], [560540.0, 4895810.0], [560540.0, 4895820.0], [560520.0, 4895820.0], [560520.0, 4895830.0], [560500.0, 4895830.0], [560500.0, 4895840.0], [560490.0, 4895840.0], [560490.0, 4895850.0], [560470.0, 4895850.0], [560470.0, 4895860.0], [560460.0, 4895860.0], [560460.0, 4895870.0], [560450.0, 4895870.0]]]}, "properties": {"site_code": "164", "dem_area_ha": 64.39, "routing_qc_pass": true}}, {"type": "Feature", "geometry": {"type": "Polygon", "coordinates": [[[559770.0, 4895260.0], [559770.0, 4895250.0], [559750.0, 4895250.0], [559750.0, 4895240.0], [559730.0, 4895240.0], [559730.0, 4895230.0], [559710.0, 4895230.0], [559710.0, 4895220.0], [559700.0, 4895220.0], [559700.0, 4895210.0], [559670.0, 4895210.0], [559670.0, 4895200.0], [559650.0, 4895200.0], [559650.0, 4895190.0], [559640.0, 4895190.0], [559640.0, 4895180.0], [559630.0, 4895180.0], [559630.0, 4895170.0], [559620.0, 4895170.0], [559620.0, 4895140.0], [559610.0, 4895140.0], [559610.0, 4895000.0], [559600.0, 4895000.0], [559600.0, 4894800.0], [559610.0, 4894800.0], [559610.0, 4894760.0], [559620.0, 4894760.0], [559620.0, 4894750.0], [559630.0, 4894750.0], [559630.0, 4894740.0], [559640.0, 4894740.0], [559640.0, 4894730.0], [559650.0, 4894730.0], [559650.0, 4894720.0], [559660.0, 4894720.0], [559660.0, 4894710.0], [559670.0, 4894710.0], [559670.0, 4894700.0], [559680.0, 4894700.0], [559680.0, 4894690.0], [559690.0, 4894690.0], [559690.0, 4894680.0], [559700.0, 4894680.0], [559700.0, 4894670.0], [559710.0, 4894670.0], [559710.0, 4894660.0], [559770.0, 4894660.0], [559770.0, 4894650.0], [559780.0, 4894650.0], [559780.0, 4894630.0], [559790.0, 4894630.0], [559790.0, 4894600.0], [559800.0, 4894600.0], [559800.0, 4894580.0], [559810.0, 4894580.0], [559810.0, 4894560.0], [559820.0, 4894560.0], [559820.0, 4894550.0], [559830.0, 4894550.0], [559830.0, 4894540.0], [559840.0, 4894540.0], [559840.0, 4894530.0], [559850.0, 4894530.0], [559850.0, 4894520.0], [559860.0, 4894520.0], [559860.0, 4894510.0], [559880.0, 4894510.0], [559880.0, 4894500.0], [559890.0, 4894500.0], [559890.0, 4894490.0], [559900.0, 4894490.0], [559900.0, 4894480.0], [559910.0, 4894480.0], [559910.0, 4894470.0], [559920.0, 4894470.0], [559920.0, 4894460.0], [559930.0, 4894460.0], [559930.0, 4894450.0], [559950.0, 4894450.0], [559950.0, 4894440.0], [559970.0, 4894440.0], [559970.0, 4894430.0], [559980.0, 4894430.0], [559980.0, 4894420.0], [559990.0, 4894420.0], [559990.0, 4894410.0], [560010.0, 4894410.0], [560010.0, 4894400.0], [560020.0, 4894400.0], [560020.0, 4894390.0], [560040.0, 4894390.0], [560040.0, 4894380.0], [560110.0, 4894380.0], [560110.0, 4894370.0], [560130.0, 4894370.0], [560130.0, 4894360.0], [560140.0, 4894360.0], [560140.0, 4894350.0], [560150.0, 4894350.0], [560150.0, 4894340.0], [560160.0, 4894340.0], [560160.0, 4894320.0], [560170.0, 4894320.0], [560170.0, 4894310.0], [560180.0, 4894310.0], [560180.0, 4894300.0], [560220.0, 4894300.0], [560220.0, 4894290.0], [560250.0, 4894290.0], [560250.0, 4894280.0], [560270.0, 4894280.0], [560270.0, 4894270.0], [560320.0, 4894270.0], [560320.0, 4894260.0], [560440.0, 4894260.0], [560440.0, 4894270.0], [560450.0, 4894270.0], [560450.0, 4894280.0], [560470.0, 4894280.0], [560470.0, 4894300.0], [560480.0, 4894300.0], [560480.0, 4894310.0], [560490.0, 4894310.0], [560490.0, 4894320.0], [560500.0, 4894320.0], [560500.0, 4894330.0], [560510.0, 4894330.0], [560510.0, 4894340.0], [560520.0, 4894340.0], [560520.0, 4894360.0], [560530.0, 4894360.0], [560530.0, 4894380.0], [560540.0, 4894380.0], [560540.0, 4894390.0], [560550.0, 4894390.0], [560550.0, 4894410.0], [560560.0, 4894410.0], [560560.0, 4894420.0], [560570.0, 4894420.0], [560570.0, 4894440.0], [560580.0, 4894440.0], [560580.0, 4894450.0], [560590.0, 4894450.0], [560590.0, 4894460.0], [560600.0, 4894460.0], [560600.0, 4894470.0], [560610.0, 4894470.0], [560610.0, 4894480.0], [560620.0, 4894480.0], [560620.0, 4894490.0], [560630.0, 4894490.0], [560630.0, 4894500.0], [560640.0, 4894500.0], [560640.0, 4894510.0], [560650.0, 4894510.0], [560650.0, 4894520.0], [560660.0, 4894520.0], [560660.0, 4894530.0], [560670.0, 4894530.0], [560670.0, 4894540.0], [560680.0, 4894540.0], [560680.0, 4894600.0], [560690.0, 4894600.0], [560690.0, 4894620.0], [560700.0, 4894620.0], [560700.0, 4894740.0], [560710.0, 4894740.0], [560710.0, 4894750.0], [560720.0, 4894750.0], [560720.0, 4894760.0], [560730.0, 4894760.0], [560730.0, 4894770.0], [560740.0, 4894770.0], [560740.0, 4894780.0], [560750.0, 4894780.0], [560750.0, 4894790.0], [560760.0, 4894790.0], [560760.0, 4894800.0], [560770.0, 4894800.0], [560770.0, 4894820.0], [560780.0, 4894820.0], [560780.0, 4894830.0], [560790.0, 4894830.0], [560790.0, 4894840.0], [560800.0, 4894840.0], [560800.0, 4894860.0], [560810.0, 4894860.0], [560810.0, 4894880.0], [560820.0, 4894880.0], [560820.0, 4894910.0], [560830.0, 4894910.0], [560830.0, 4894930.0], [560840.0, 4894930.0], [560840.0, 4894940.0], [560850.0, 4894940.0], [560850.0, 4894950.0], [560860.0, 4894950.0], [560860.0, 4894960.0], [560870.0, 4894960.0], [560870.0, 4894970.0], [560880.0, 4894970.0], [560880.0, 4894980.0], [560890.0, 4894980.0], [560890.0, 4894990.0], [560900.0, 4894990.0], [560900.0, 4895000.0], [560910.0, 4895000.0], [560910.0, 4895010.0], [560920.0, 4895010.0], [560920.0, 4895020.0], [560930.0, 4895020.0], [560930.0, 4895030.0], [560970.0, 4895030.0], [560970.0, 4895040.0], [560960.0, 4895040.0], [560960.0, 4895050.0], [560950.0, 4895050.0], [560950.0, 4895060.0], [560930.0, 4895060.0], [560930.0, 4895070.0], [560910.0, 4895070.0], [560910.0, 4895080.0], [560900.0, 4895080.0], [560900.0, 4895090.0], [560840.0, 4895090.0], [560840.0, 4895080.0], [560830.0, 4895080.0], [560830.0, 4895070.0], [560820.0, 4895070.0], [560820.0, 4895060.0], [560810.0, 4895060.0], [560810.0, 4895050.0], [560800.0, 4895050.0], [560800.0, 4895040.0], [560710.0, 4895040.0], [560710.0, 4895030.0], [560650.0, 4895030.0], [560650.0, 4895040.0], [560630.0, 4895040.0], [560630.0, 4895050.0], [560610.0, 4895050.0], [560610.0, 4895060.0], [560590.0, 4895060.0], [560590.0, 4895070.0], [560580.0, 4895070.0], [560580.0, 4895080.0], [560570.0, 4895080.0], [560570.0, 4895090.0], [560480.0, 4895090.0], [560480.0, 4895100.0], [560420.0, 4895100.0], [560420.0, 4895110.0], [560350.0, 4895110.0], [560350.0, 4895120.0], [560300.0, 4895120.0], [560300.0, 4895130.0], [560260.0, 4895130.0], [560260.0, 4895140.0], [560250.0, 4895140.0], [560250.0, 4895150.0], [560240.0, 4895150.0], [560240.0, 4895170.0], [560230.0, 4895170.0], [560230.0, 4895190.0], [560220.0, 4895190.0], [560220.0, 4895220.0], [560150.0, 4895220.0], [560150.0, 4895210.0], [560120.0, 4895210.0], [560120.0, 4895200.0], [560090.0, 4895200.0], [560090.0, 4895210.0], [560070.0, 4895210.0], [560070.0, 4895220.0], [560000.0, 4895220.0], [560000.0, 4895230.0], [559940.0, 4895230.0], [559940.0, 4895240.0], [559870.0, 4895240.0], [559870.0, 4895250.0], [559850.0, 4895250.0], [559850.0, 4895260.0], [559770.0, 4895260.0]]]}, "properties": {"site_code": "WS1-6", "dem_area_ha": 84.21, "routing_qc_pass": true}}, {"type": "Feature", "geometry": {"type": "Polygon", "coordinates": [[[559770.0, 4895260.0], [559770.0, 4895250.0], [559750.0, 4895250.0], [559750.0, 4895240.0], [559730.0, 4895240.0], [559730.0, 4895230.0], [559710.0, 4895230.0], [559710.0, 4895220.0], [559700.0, 4895220.0], [559700.0, 4895210.0], [559670.0, 4895210.0], [559670.0, 4895200.0], [559630.0, 4895200.0], [559630.0, 4895210.0], [559590.0, 4895210.0], [559590.0, 4895220.0], [559560.0, 4895220.0], [559560.0, 4895210.0], [559550.0, 4895210.0], [559550.0, 4895200.0], [559540.0, 4895200.0], [559540.0, 4895160.0], [559530.0, 4895160.0], [559530.0, 4895150.0], [559520.0, 4895150.0], [559520.0, 4895140.0], [559510.0, 4895140.0], [559510.0, 4895130.0], [559500.0, 4895130.0], [559500.0, 4895120.0], [559490.0, 4895120.0], [559490.0, 4895110.0], [559480.0, 4895110.0], [559480.0, 4895100.0], [559470.0, 4895100.0], [559470.0, 4895090.0], [559460.0, 4895090.0], [559460.0, 4895080.0], [559450.0, 4895080.0], [559450.0, 4895070.0], [559440.0, 4895070.0], [559440.0, 4895060.0], [559430.0, 4895060.0], [559430.0, 4894850.0], [559440.0, 4894850.0], [559440.0, 4894840.0], [559450.0, 4894840.0], [559450.0, 4894830.0], [559460.0, 4894830.0], [559460.0, 4894820.0], [559470.0, 4894820.0], [559470.0, 4894810.0], [559480.0, 4894810.0], [559480.0, 4894800.0], [559490.0, 4894800.0], [559490.0, 4894790.0], [559500.0, 4894790.0], [559500.0, 4894780.0], [559530.0, 4894780.0], [559530.0, 4894770.0], [559560.0, 4894770.0], [559560.0, 4894760.0], [559570.0, 4894760.0], [559570.0, 4894750.0], [559600.0, 4894750.0], [559600.0, 4894740.0], [559620.0, 4894740.0], [559620.0, 4894730.0], [559630.0, 4894730.0], [559630.0, 4894720.0], [559640.0, 4894720.0], [559640.0, 4894710.0], [559650.0, 4894710.0], [559650.0, 4894700.0], [559660.0, 4894700.0], [559660.0, 4894690.0], [559670.0, 4894690.0], [559670.0, 4894680.0], [559680.0, 4894680.0], [559680.0, 4894670.0], [559710.0, 4894670.0], [559710.0, 4894660.0], [559770.0, 4894660.0], [559770.0, 4894650.0], [559780.0, 4894650.0], [559780.0, 4894630.0], [559790.0, 4894630.0], [559790.0, 4894600.0], [559800.0, 4894600.0], [559800.0, 4894580.0], [559810.0, 4894580.0], [559810.0, 4894560.0], [559820.0, 4894560.0], [559820.0, 4894550.0], [559830.0, 4894550.0], [559830.0, 4894540.0], [559840.0, 4894540.0], [559840.0, 4894530.0], [559850.0, 4894530.0], [559850.0, 4894520.0], [559860.0, 4894520.0], [559860.0, 4894510.0], [559880.0, 4894510.0], [559880.0, 4894500.0], [559890.0, 4894500.0], [559890.0, 4894490.0], [559900.0, 4894490.0], [559900.0, 4894480.0], [559910.0, 4894480.0], [559910.0, 4894470.0], [559920.0, 4894470.0], [559920.0, 4894460.0], [559930.0, 4894460.0], [559930.0, 4894450.0], [559950.0, 4894450.0], [559950.0, 4894440.0], [559970.0, 4894440.0], [559970.0, 4894430.0], [559980.0, 4894430.0], [559980.0, 4894420.0], [559990.0, 4894420.0], [559990.0, 4894410.0], [560010.0, 4894410.0], [560010.0, 4894400.0], [560020.0, 4894400.0], [560020.0, 4894390.0], [560040.0, 4894390.0], [560040.0, 4894380.0], [560110.0, 4894380.0], [560110.0, 4894370.0], [560130.0, 4894370.0], [560130.0, 4894360.0], [560140.0, 4894360.0], [560140.0, 4894350.0], [560150.0, 4894350.0], [560150.0, 4894340.0], [560160.0, 4894340.0], [560160.0, 4894320.0], [560170.0, 4894320.0], [560170.0, 4894310.0], [560180.0, 4894310.0], [560180.0, 4894300.0], [560220.0, 4894300.0], [560220.0, 4894290.0], [560250.0, 4894290.0], [560250.0, 4894280.0], [560270.0, 4894280.0], [560270.0, 4894270.0], [560320.0, 4894270.0], [560320.0, 4894260.0], [560440.0, 4894260.0], [560440.0, 4894270.0], [560450.0, 4894270.0], [560450.0, 4894280.0], [560470.0, 4894280.0], [560470.0, 4894300.0], [560480.0, 4894300.0], [560480.0, 4894310.0], [560490.0, 4894310.0], [560490.0, 4894320.0], [560500.0, 4894320.0], [560500.0, 4894330.0], [560510.0, 4894330.0], [560510.0, 4894340.0], [560520.0, 4894340.0], [560520.0, 4894360.0], [560530.0, 4894360.0], [560530.0, 4894380.0], [560540.0, 4894380.0], [560540.0, 4894390.0], [560550.0, 4894390.0], [560550.0, 4894410.0], [560560.0, 4894410.0], [560560.0, 4894420.0], [560570.0, 4894420.0], [560570.0, 4894440.0], [560580.0, 4894440.0], [560580.0, 4894450.0], [560590.0, 4894450.0], [560590.0, 4894460.0], [560600.0, 4894460.0], [560600.0, 4894470.0], [560610.0, 4894470.0], [560610.0, 4894480.0], [560620.0, 4894480.0], [560620.0, 4894490.0], [560630.0, 4894490.0], [560630.0, 4894500.0], [560640.0, 4894500.0], [560640.0, 4894510.0], [560650.0, 4894510.0], [560650.0, 4894520.0], [560660.0, 4894520.0], [560660.0, 4894530.0], [560670.0, 4894530.0], [560670.0, 4894540.0], [560680.0, 4894540.0], [560680.0, 4894600.0], [560690.0, 4894600.0], [560690.0, 4894620.0], [560700.0, 4894620.0], [560700.0, 4894740.0], [560710.0, 4894740.0], [560710.0, 4894750.0], [560720.0, 4894750.0], [560720.0, 4894760.0], [560730.0, 4894760.0], [560730.0, 4894770.0], [560740.0, 4894770.0], [560740.0, 4894780.0], [560750.0, 4894780.0], [560750.0, 4894790.0], [560760.0, 4894790.0], [560760.0, 4894800.0], [560770.0, 4894800.0], [560770.0, 4894820.0], [560780.0, 4894820.0], [560780.0, 4894830.0], [560790.0, 4894830.0], [560790.0, 4894840.0], [560800.0, 4894840.0], [560800.0, 4894860.0], [560810.0, 4894860.0], [560810.0, 4894880.0], [560820.0, 4894880.0], [560820.0, 4894910.0], [560830.0, 4894910.0], [560830.0, 4894930.0], [560840.0, 4894930.0], [560840.0, 4894940.0], [560850.0, 4894940.0], [560850.0, 4894950.0], [560860.0, 4894950.0], [560860.0, 4894960.0], [560870.0, 4894960.0], [560870.0, 4894970.0], [560880.0, 4894970.0], [560880.0, 4894980.0], [560890.0, 4894980.0], [560890.0, 4894990.0], [560900.0, 4894990.0], [560900.0, 4895000.0], [560910.0, 4895000.0], [560910.0, 4895010.0], [560920.0, 4895010.0], [560920.0, 4895020.0], [560930.0, 4895020.0], [560930.0, 4895030.0], [560970.0, 4895030.0], [560970.0, 4895040.0], [560960.0, 4895040.0], [560960.0, 4895050.0], [560950.0, 4895050.0], [560950.0, 4895060.0], [560930.0, 4895060.0], [560930.0, 4895070.0], [560910.0, 4895070.0], [560910.0, 4895080.0], [560900.0, 4895080.0], [560900.0, 4895090.0], [560840.0, 4895090.0], [560840.0, 4895080.0], [560830.0, 4895080.0], [560830.0, 4895070.0], [560820.0, 4895070.0], [560820.0, 4895060.0], [560810.0, 4895060.0], [560810.0, 4895050.0], [560800.0, 4895050.0], [560800.0, 4895040.0], [560710.0, 4895040.0], [560710.0, 4895030.0], [560650.0, 4895030.0], [560650.0, 4895040.0], [560630.0, 4895040.0], [560630.0, 4895050.0], [560610.0, 4895050.0], [560610.0, 4895060.0], [560590.0, 4895060.0], [560590.0, 4895070.0], [560580.0, 4895070.0], [560580.0, 4895080.0], [560570.0, 4895080.0], [560570.0, 4895090.0], [560480.0, 4895090.0], [560480.0, 4895100.0], [560420.0, 4895100.0], [560420.0, 4895110.0], [560350.0, 4895110.0], [560350.0, 4895120.0], [560300.0, 4895120.0], [560300.0, 4895130.0], [560260.0, 4895130.0], [560260.0, 4895140.0], [560250.0, 4895140.0], [560250.0, 4895150.0], [560240.0, 4895150.0], [560240.0, 4895170.0], [560230.0, 4895170.0], [560230.0, 4895190.0], [560220.0, 4895190.0], [560220.0, 4895220.0], [560150.0, 4895220.0], [560150.0, 4895210.0], [560120.0, 4895210.0], [560120.0, 4895200.0], [560090.0, 4895200.0], [560090.0, 4895210.0], [560070.0, 4895210.0], [560070.0, 4895220.0], [560000.0, 4895220.0], [560000.0, 4895230.0], [559940.0, 4895230.0], [559940.0, 4895240.0], [559870.0, 4895240.0], [559870.0, 4895250.0], [559850.0, 4895250.0], [559850.0, 4895260.0], [559770.0, 4895260.0]]]}, "properties": {"site_code": "WS1-4", "dem_area_ha": 90.88, "routing_qc_pass": true}}, {"type": "Feature", "geometry": {"type": "Polygon", "coordinates": [[[568320.0, 4903470.0], [568320.0, 4903460.0], [568310.0, 4903460.0], [568310.0, 4903450.0], [568290.0, 4903450.0], [568290.0, 4903440.0], [568240.0, 4903440.0], [568240.0, 4903450.0], [568220.0, 4903450.0], [568220.0, 4903440.0], [568210.0, 4903440.0], [568210.0, 4903430.0], [568200.0, 4903430.0], [568200.0, 4903420.0], [568190.0, 4903420.0], [568190.0, 4903410.0], [568180.0, 4903410.0], [568180.0, 4903400.0], [568170.0, 4903400.0], [568170.0, 4903390.0], [568160.0, 4903390.0], [568160.0, 4903380.0], [568150.0, 4903380.0], [568150.0, 4903370.0], [568140.0, 4903370.0], [568140.0, 4903360.0], [568130.0, 4903360.0], [568130.0, 4903340.0], [568120.0, 4903340.0], [568120.0, 4903330.0], [568110.0, 4903330.0], [568110.0, 4903320.0], [568100.0, 4903320.0], [568100.0, 4903300.0], [568090.0, 4903300.0], [568090.0, 4903290.0], [568080.0, 4903290.0], [568080.0, 4903270.0], [568070.0, 4903270.0], [568070.0, 4903260.0], [568060.0, 4903260.0], [568060.0, 4903250.0], [568050.0, 4903250.0], [568050.0, 4903240.0], [568040.0, 4903240.0], [568040.0, 4903230.0], [568030.0, 4903230.0], [568030.0, 4903220.0], [568010.0, 4903220.0], [568010.0, 4903210.0], [567990.0, 4903210.0], [567990.0, 4903200.0], [567980.0, 4903200.0], [567980.0, 4903190.0], [567960.0, 4903190.0], [567960.0, 4903180.0], [567950.0, 4903180.0], [567950.0, 4903170.0], [567940.0, 4903170.0], [567940.0, 4903160.0], [567930.0, 4903160.0], [567930.0, 4903150.0], [567920.0, 4903150.0], [567920.0, 4903140.0], [567910.0, 4903140.0], [567910.0, 4903130.0], [567900.0, 4903130.0], [567900.0, 4903120.0], [567890.0, 4903120.0], [567890.0, 4903110.0], [567880.0, 4903110.0], [567880.0, 4903100.0], [567870.0, 4903100.0], [567870.0, 4903090.0], [567860.0, 4903090.0], [567860.0, 4903080.0], [567850.0, 4903080.0], [567850.0, 4903070.0], [567840.0, 4903070.0], [567840.0, 4903060.0], [567830.0, 4903060.0], [567830.0, 4903050.0], [567810.0, 4903050.0], [567810.0, 4903040.0], [567800.0, 4903040.0], [567800.0, 4903030.0], [567770.0, 4903030.0], [567770.0, 4903020.0], [567750.0, 4903020.0], [567750.0, 4903010.0], [567740.0, 4903010.0], [567740.0, 4903000.0], [567720.0, 4903000.0], [567720.0, 4902990.0], [567710.0, 4902990.0], [567710.0, 4902980.0], [567690.0, 4902980.0], [567690.0, 4902970.0], [567670.0, 4902970.0], [567670.0, 4902980.0], [567650.0, 4902980.0], [567650.0, 4902990.0], [567550.0, 4902990.0], [567550.0, 4903000.0], [567510.0, 4903000.0], [567510.0, 4903010.0], [567410.0, 4903010.0], [567410.0, 4903020.0], [567400.0, 4903020.0], [567400.0, 4903030.0], [567390.0, 4903030.0], [567390.0, 4903040.0], [567340.0, 4903040.0], [567340.0, 4903050.0], [567320.0, 4903050.0], [567320.0, 4903060.0], [567290.0, 4903060.0], [567290.0, 4903050.0], [567280.0, 4903050.0], [567280.0, 4903040.0], [567270.0, 4903040.0], [567270.0, 4903030.0], [567260.0, 4903030.0], [567260.0, 4903010.0], [567250.0, 4903010.0], [567250.0, 4903000.0], [567240.0, 4903000.0], [567240.0, 4902990.0], [567230.0, 4902990.0], [567230.0, 4902980.0], [567220.0, 4902980.0], [567220.0, 4902970.0], [567210.0, 4902970.0], [567210.0, 4902960.0], [567190.0, 4902960.0], [567190.0, 4902950.0], [567180.0, 4902950.0], [567180.0, 4902940.0], [567170.0, 4902940.0], [567170.0, 4902930.0], [567150.0, 4902930.0], [567150.0, 4902920.0], [567130.0, 4902920.0], [567130.0, 4902910.0], [567120.0, 4902910.0], [567120.0, 4902900.0], [567110.0, 4902900.0], [567110.0, 4902910.0], [566970.0, 4902910.0], [566970.0, 4902920.0], [566930.0, 4902920.0], [566930.0, 4902930.0], [566880.0, 4902930.0], [566880.0, 4902940.0], [566860.0, 4902940.0], [566860.0, 4902950.0], [566850.0, 4902950.0], [566850.0, 4902960.0], [566840.0, 4902960.0], [566840.0, 4902970.0], [566780.0, 4902970.0], [566780.0, 4902960.0], [566740.0, 4902960.0], [566740.0, 4902970.0], [566570.0, 4902970.0], [566570.0, 4902960.0], [566560.0, 4902960.0], [566560.0, 4902950.0], [566540.0, 4902950.0], [566540.0, 4902940.0], [566530.0, 4902940.0], [566530.0, 4902930.0], [566510.0, 4902930.0], [566510.0, 4902920.0], [566500.0, 4902920.0], [566500.0, 4902910.0], [566490.0, 4902910.0], [566490.0, 4902900.0], [566470.0, 4902900.0], [566470.0, 4902890.0], [566460.0, 4902890.0], [566460.0, 4902880.0], [566430.0, 4902880.0], [566430.0, 4902870.0], [566420.0, 4902870.0], [566420.0, 4902860.0], [566410.0, 4902860.0], [566410.0, 4902850.0], [566400.0, 4902850.0], [566400.0, 4902840.0], [566390.0, 4902840.0], [566390.0, 4902830.0], [566380.0, 4902830.0], [566380.0, 4902810.0], [566370.0, 4902810.0], [566370.0, 4902760.0], [566380.0, 4902760.0], [566380.0, 4902630.0], [566370.0, 4902630.0], [566370.0, 4902600.0], [566360.0, 4902600.0], [566360.0, 4902590.0], [566350.0, 4902590.0], [566350.0, 4902580.0], [566340.0, 4902580.0], [566340.0, 4902570.0], [566320.0, 4902570.0], [566320.0, 4902560.0], [566310.0, 4902560.0], [566310.0, 4902550.0], [566300.0, 4902550.0], [566300.0, 4902540.0], [566290.0, 4902540.0], [566290.0, 4902530.0], [566280.0, 4902530.0], [566280.0, 4902520.0], [566260.0, 4902520.0], [566260.0, 4902510.0], [566210.0, 4902510.0], [566210.0, 4902500.0], [566190.0, 4902500.0], [566190.0, 4902490.0], [566170.0, 4902490.0], [566170.0, 4902480.0], [566150.0, 4902480.0], [566150.0, 4902470.0], [566140.0, 4902470.0], [566140.0, 4902460.0], [566130.0, 4902460.0], [566130.0, 4902440.0], [566120.0, 4902440.0], [566120.0, 4902430.0], [566100.0, 4902430.0], [566100.0, 4902420.0], [566050.0, 4902420.0], [566050.0, 4902410.0], [566030.0, 4902410.0], [566030.0, 4902400.0], [566010.0, 4902400.0], [566010.0, 4902390.0], [566000.0, 4902390.0], [566000.0, 4902320.0], [565990.0, 4902320.0], [565990.0, 4902310.0], [565980.0, 4902310.0], [565980.0, 4902300.0], [565970.0, 4902300.0], [565970.0, 4902280.0], [565960.0, 4902280.0], [565960.0, 4902260.0], [565950.0, 4902260.0], [565950.0, 4902240.0], [565940.0, 4902240.0], [565940.0, 4902230.0], [565930.0, 4902230.0], [565930.0, 4902220.0], [565920.0, 4902220.0], [565920.0, 4902210.0], [565900.0, 4902210.0], [565900.0, 4902200.0], [565890.0, 4902200.0], [565890.0, 4902180.0], [565880.0, 4902180.0], [565880.0, 4902160.0], [565870.0, 4902160.0], [565870.0, 4902150.0], [565850.0, 4902150.0], [565850.0, 4902140.0], [565830.0, 4902140.0], [565830.0, 4902130.0], [565820.0, 4902130.0], [565820.0, 4902120.0], [565800.0, 4902120.0], [565800.0, 4902110.0], [565790.0, 4902110.0], [565790.0, 4902100.0], [565760.0, 4902100.0], [565760.0, 4902090.0], [565740.0, 4902090.0], [565740.0, 4902080.0], [565730.0, 4902080.0], [565730.0, 4902070.0], [565720.0, 4902070.0], [565720.0, 4902060.0], [565700.0, 4902060.0], [565700.0, 4902050.0], [565650.0, 4902050.0], [565650.0, 4902040.0], [565630.0, 4902040.0], [565630.0, 4902030.0], [565620.0, 4902030.0], [565620.0, 4902020.0], [565610.0, 4902020.0], [565610.0, 4902010.0], [565600.0, 4902010.0], [565600.0, 4902000.0], [565580.0, 4902000.0], [565580.0, 4901990.0], [565570.0, 4901990.0], [565570.0, 4901980.0], [565550.0, 4901980.0], [565550.0, 4901970.0], [565540.0, 4901970.0], [565540.0, 4901960.0], [565520.0, 4901960.0], [565520.0, 4901950.0], [565490.0, 4901950.0], [565490.0, 4901940.0], [565480.0, 4901940.0], [565480.0, 4901930.0], [565470.0, 4901930.0], [565470.0, 4901910.0], [565460.0, 4901910.0], [565460.0, 4901890.0], [565450.0, 4901890.0], [565450.0, 4901830.0], [565440.0, 4901830.0], [565440.0, 4901820.0], [565420.0, 4901820.0], [565420.0, 4901810.0], [565410.0, 4901810.0], [565410.0, 4901790.0], [565400.0, 4901790.0], [565400.0, 4901780.0], [565390.0, 4901780.0], [565390.0, 4901770.0], [565380.0, 4901770.0], [565380.0, 4901740.0], [565370.0, 4901740.0], [565370.0, 4901730.0], [565360.0, 4901730.0], [565360.0, 4901720.0], [565350.0, 4901720.0], [565350.0, 4901710.0], [565340.0, 4901710.0], [565340.0, 4901700.0], [565330.0, 4901700.0], [565330.0, 4901690.0], [565320.0, 4901690.0], [565320.0, 4901680.0], [565310.0, 4901680.0], [565310.0, 4901670.0], [565300.0, 4901670.0], [565300.0, 4901660.0], [565290.0, 4901660.0], [565290.0, 4901650.0], [565280.0, 4901650.0], [565280.0, 4901640.0], [565260.0, 4901640.0], [565260.0, 4901630.0], [565250.0, 4901630.0], [565250.0, 4901620.0], [565240.0, 4901620.0], [565240.0, 4901610.0], [565230.0, 4901610.0], [565230.0, 4901590.0], [565220.0, 4901590.0], [565220.0, 4901570.0], [565210.0, 4901570.0], [565210.0, 4901560.0], [565190.0, 4901560.0], [565190.0, 4901550.0], [565160.0, 4901550.0], [565160.0, 4901540.0], [565140.0, 4901540.0], [565140.0, 4901530.0], [565130.0, 4901530.0], [565130.0, 4901510.0], [565110.0, 4901510.0], [565110.0, 4901500.0], [565100.0, 4901500.0], [565100.0, 4901490.0], [565090.0, 4901490.0], [565090.0, 4901480.0], [565080.0, 4901480.0], [565080.0, 4901450.0], [565050.0, 4901450.0], [565050.0, 4901440.0], [565020.0, 4901440.0], [565020.0, 4901430.0], [565000.0, 4901430.0], [565000.0, 4901420.0], [564990.0, 4901420.0], [564990.0, 4901400.0], [564980.0, 4901400.0], [564980.0, 4901390.0], [564970.0, 4901390.0], [564970.0, 4901380.0], [564950.0, 4901380.0], [564950.0, 4901370.0], [564930.0, 4901370.0], [564930.0, 4901360.0], [564920.0, 4901360.0], [564920.0, 4901350.0], [564910.0, 4901350.0], [564910.0, 4901340.0], [564900.0, 4901340.0], [564900.0, 4901330.0], [564890.0, 4901330.0], [564890.0, 4901320.0], [564880.0, 4901320.0], [564880.0, 4901310.0], [564860.0, 4901310.0], [564860.0, 4901300.0], [564850.0, 4901300.0], [564850.0, 4901280.0], [564840.0, 4901280.0], [564840.0, 4901270.0], [564830.0, 4901270.0], [564830.0, 4901260.0], [564820.0, 4901260.0], [564820.0, 4901250.0], [564810.0, 4901250.0], [564810.0, 4901240.0], [564800.0, 4901240.0], [564800.0, 4901230.0], [564790.0, 4901230.0], [564790.0, 4901220.0], [564780.0, 4901220.0], [564780.0, 4901210.0], [564760.0, 4901210.0], [564760.0, 4901200.0], [564740.0, 4901200.0], [564740.0, 4901190.0], [564730.0, 4901190.0], [564730.0, 4901180.0], [564710.0, 4901180.0], [564710.0, 4901170.0], [564690.0, 4901170.0], [564690.0, 4901160.0], [564670.0, 4901160.0], [564670.0, 4901150.0], [564660.0, 4901150.0], [564660.0, 4901140.0], [564640.0, 4901140.0], [564640.0, 4901130.0], [564620.0, 4901130.0], [564620.0, 4901120.0], [564610.0, 4901120.0], [564610.0, 4901100.0], [564600.0, 4901100.0], [564600.0, 4901090.0], [564590.0, 4901090.0], [564590.0, 4901070.0], [564580.0, 4901070.0], [564580.0, 4901050.0], [564570.0, 4901050.0], [564570.0, 4901030.0], [564560.0, 4901030.0], [564560.0, 4901010.0], [564550.0, 4901010.0], [564550.0, 4900990.0], [564540.0, 4900990.0], [564540.0, 4900970.0], [564530.0, 4900970.0], [564530.0, 4900950.0], [564520.0, 4900950.0], [564520.0, 4900930.0], [564510.0, 4900930.0], [564510.0, 4900920.0], [564500.0, 4900920.0], [564500.0, 4900900.0], [564490.0, 4900900.0], [564490.0, 4900890.0], [564480.0, 4900890.0], [564480.0, 4900870.0], [564470.0, 4900870.0], [564470.0, 4900830.0], [564460.0, 4900830.0], [564460.0, 4900730.0], [564450.0, 4900730.0], [564450.0, 4900710.0], [564440.0, 4900710.0], [564440.0, 4900700.0], [564430.0, 4900700.0], [564430.0, 4900690.0], [564410.0, 4900690.0], [564410.0, 4900680.0], [564400.0, 4900680.0], [564400.0, 4900670.0], [564390.0, 4900670.0], [564390.0, 4900660.0], [564380.0, 4900660.0], [564380.0, 4900640.0], [564370.0, 4900640.0], [564370.0, 4900630.0], [564360.0, 4900630.0], [564360.0, 4900640.0], [564290.0, 4900640.0], [564290.0, 4900630.0], [564250.0, 4900630.0], [564250.0, 4900620.0], [564220.0, 4900620.0], [564220.0, 4900610.0], [564190.0, 4900610.0], [564190.0, 4900600.0], [564180.0, 4900600.0], [564180.0, 4900590.0], [564170.0, 4900590.0], [564170.0, 4900580.0], [564150.0, 4900580.0], [564150.0, 4900570.0], [564130.0, 4900570.0], [564130.0, 4900560.0], [564120.0, 4900560.0], [564120.0, 4900550.0], [564110.0, 4900550.0], [564110.0, 4900540.0], [564100.0, 4900540.0], [564100.0, 4900530.0], [564090.0, 4900530.0], [564090.0, 4900520.0], [564080.0, 4900520.0], [564080.0, 4900510.0], [564070.0, 4900510.0], [564070.0, 4900490.0], [564060.0, 4900490.0], [564060.0, 4900480.0], [564050.0, 4900480.0], [564050.0, 4900460.0], [564040.0, 4900460.0], [564040.0, 4900450.0], [564030.0, 4900450.0], [564030.0, 4900430.0], [564020.0, 4900430.0], [564020.0, 4900400.0], [564010.0, 4900400.0], [564010.0, 4900390.0], [564000.0, 4900390.0], [564000.0, 4900380.0], [563990.0, 4900380.0], [563990.0, 4900370.0], [563970.0, 4900370.0], [563970.0, 4900360.0], [563950.0, 4900360.0], [563950.0, 4900350.0], [563940.0, 4900350.0], [563940.0, 4900340.0], [563920.0, 4900340.0], [563920.0, 4900330.0], [563910.0, 4900330.0], [563910.0, 4900320.0], [563900.0, 4900320.0], [563900.0, 4900310.0], [563880.0, 4900310.0], [563880.0, 4900300.0], [563870.0, 4900300.0], [563870.0, 4900290.0], [563860.0, 4900290.0], [563860.0, 4900280.0], [563850.0, 4900280.0], [563850.0, 4900270.0], [563840.0, 4900270.0], [563840.0, 4900240.0], [563830.0, 4900240.0], [563830.0, 4900170.0], [563840.0, 4900170.0], [563840.0, 4900160.0], [563850.0, 4900160.0], [563850.0, 4900150.0], [563860.0, 4900150.0], [563860.0, 4900120.0], [563850.0, 4900120.0], [563850.0, 4900100.0], [563840.0, 4900100.0], [563840.0, 4900080.0], [563830.0, 4900080.0], [563830.0, 4900070.0], [563820.0, 4900070.0], [563820.0, 4900060.0], [563810.0, 4900060.0], [563810.0, 4900050.0], [563800.0, 4900050.0], [563800.0, 4900030.0], [563790.0, 4900030.0], [563790.0, 4900020.0], [563780.0, 4900020.0], [563780.0, 4900010.0], [563770.0, 4900010.0], [563770.0, 4899990.0], [563760.0, 4899990.0], [563760.0, 4899980.0], [563750.0, 4899980.0], [563750.0, 4899970.0], [563740.0, 4899970.0], [563740.0, 4899950.0], [563730.0, 4899950.0], [563730.0, 4899940.0], [563710.0, 4899940.0], [563710.0, 4899930.0], [563700.0, 4899930.0], [563700.0, 4899920.0], [563670.0, 4899920.0], [563670.0, 4899930.0], [563600.0, 4899930.0], [563600.0, 4899920.0], [563570.0, 4899920.0], [563570.0, 4899910.0], [563500.0, 4899910.0], [563500.0, 4899900.0], [563480.0, 4899900.0], [563480.0, 4899880.0], [563470.0, 4899880.0], [563470.0, 4899870.0], [563460.0, 4899870.0], [563460.0, 4899860.0], [563450.0, 4899860.0], [563450.0, 4899850.0], [563440.0, 4899850.0], [563440.0, 4899840.0], [563420.0, 4899840.0], [563420.0, 4899830.0], [563400.0, 4899830.0], [563400.0, 4899820.0], [563380.0, 4899820.0], [563380.0, 4899800.0], [563370.0, 4899800.0], [563370.0, 4899790.0], [563360.0, 4899790.0], [563360.0, 4899780.0], [563350.0, 4899780.0], [563350.0, 4899770.0], [563330.0, 4899770.0], [563330.0, 4899760.0], [563320.0, 4899760.0], [563320.0, 4899720.0], [563310.0, 4899720.0], [563310.0, 4899710.0], [563300.0, 4899710.0], [563300.0, 4899690.0], [563290.0, 4899690.0], [563290.0, 4899680.0], [563280.0, 4899680.0], [563280.0, 4899660.0], [563270.0, 4899660.0], [563270.0, 4899650.0], [563260.0, 4899650.0], [563260.0, 4899630.0], [563250.0, 4899630.0], [563250.0, 4899620.0], [563240.0, 4899620.0], [563240.0, 4899600.0], [563230.0, 4899600.0], [563230.0, 4899550.0], [563220.0, 4899550.0], [563220.0, 4899540.0], [563200.0, 4899540.0], [563200.0, 4899530.0], [563190.0, 4899530.0], [563190.0, 4899520.0], [563170.0, 4899520.0], [563170.0, 4899510.0], [563160.0, 4899510.0], [563160.0, 4899500.0], [563130.0, 4899500.0], [563130.0, 4899310.0], [563120.0, 4899310.0], [563120.0, 4899240.0], [563110.0, 4899240.0], [563110.0, 4899230.0], [563100.0, 4899230.0], [563100.0, 4899220.0], [563080.0, 4899220.0], [563080.0, 4899210.0], [563070.0, 4899210.0], [563070.0, 4899140.0], [563080.0, 4899140.0], [563080.0, 4899130.0], [563090.0, 4899130.0], [563090.0, 4899020.0], [563080.0, 4899020.0], [563080.0, 4899000.0], [563070.0, 4899000.0], [563070.0, 4898980.0], [563060.0, 4898980.0], [563060.0, 4898960.0], [563050.0, 4898960.0], [563050.0, 4898940.0], [563040.0, 4898940.0], [563040.0, 4898910.0], [563030.0, 4898910.0], [563030.0, 4898810.0], [563020.0, 4898810.0], [563020.0, 4898790.0], [563010.0, 4898790.0], [563010.0, 4898770.0], [563000.0, 4898770.0], [563000.0, 4898730.0], [562990.0, 4898730.0], [562990.0, 4898630.0], [563000.0, 4898630.0], [563000.0, 4898620.0], [563010.0, 4898620.0], [563010.0, 4898610.0], [563020.0, 4898610.0], [563020.0, 4898540.0], [563030.0, 4898540.0], [563030.0, 4898510.0], [563040.0, 4898510.0], [563040.0, 4898500.0], [563050.0, 4898500.0], [563050.0, 4898490.0], [563060.0, 4898490.0], [563060.0, 4898480.0], [563070.0, 4898480.0], [563070.0, 4898470.0], [563080.0, 4898470.0], [563080.0, 4898460.0], [563090.0, 4898460.0], [563090.0, 4898450.0], [563100.0, 4898450.0], [563100.0, 4898440.0], [563110.0, 4898440.0], [563110.0, 4898430.0], [563120.0, 4898430.0], [563120.0, 4898420.0], [563130.0, 4898420.0], [563130.0, 4898410.0], [563160.0, 4898410.0], [563160.0, 4898400.0], [563170.0, 4898400.0], [563170.0, 4898390.0], [563180.0, 4898390.0], [563180.0, 4898380.0], [563190.0, 4898380.0], [563190.0, 4898360.0], [563200.0, 4898360.0], [563200.0, 4898350.0], [563210.0, 4898350.0], [563210.0, 4898320.0], [563220.0, 4898320.0], [563220.0, 4898310.0], [563230.0, 4898310.0], [563230.0, 4898300.0], [563240.0, 4898300.0], [563240.0, 4898290.0], [563250.0, 4898290.0], [563250.0, 4898280.0], [563260.0, 4898280.0], [563260.0, 4898270.0], [563270.0, 4898270.0], [563270.0, 4898200.0], [563260.0, 4898200.0], [563260.0, 4898170.0], [563250.0, 4898170.0], [563250.0, 4898160.0], [563240.0, 4898160.0], [563240.0, 4898150.0], [563230.0, 4898150.0], [563230.0, 4898130.0], [563240.0, 4898130.0], [563240.0, 4898110.0], [563280.0, 4898110.0], [563280.0, 4898120.0], [563330.0, 4898120.0], [563330.0, 4898130.0], [563340.0, 4898130.0], [563340.0, 4898140.0], [563350.0, 4898140.0], [563350.0, 4898150.0], [563400.0, 4898150.0], [563400.0, 4898160.0], [563430.0, 4898160.0], [563430.0, 4898170.0], [563440.0, 4898170.0], [563440.0, 4898180.0], [563460.0, 4898180.0], [563460.0, 4898190.0], [563480.0, 4898190.0], [563480.0, 4898200.0], [563510.0, 4898200.0], [563510.0, 4898210.0], [563560.0, 4898210.0], [563560.0, 4898220.0], [563570.0, 4898220.0], [563570.0, 4898230.0], [563580.0, 4898230.0], [563580.0, 4898240.0], [563590.0, 4898240.0], [563590.0, 4898250.0], [563610.0, 4898250.0], [563610.0, 4898260.0], [563620.0, 4898260.0], [563620.0, 4898270.0], [563630.0, 4898270.0], [563630.0, 4898280.0], [563650.0, 4898280.0], [563650.0, 4898290.0], [563710.0, 4898290.0], [563710.0, 4898300.0], [563730.0, 4898300.0], [563730.0, 4898310.0], [563740.0, 4898310.0], [563740.0, 4898320.0], [563750.0, 4898320.0], [563750.0, 4898330.0], [563780.0, 4898330.0], [563780.0, 4898340.0], [563810.0, 4898340.0], [563810.0, 4898350.0], [563830.0, 4898350.0], [563830.0, 4898360.0], [563850.0, 4898360.0], [563850.0, 4898370.0], [563900.0, 4898370.0], [563900.0, 4898380.0], [563920.0, 4898380.0], [563920.0, 4898390.0], [563940.0, 4898390.0], [563940.0, 4898400.0], [563960.0, 4898400.0], [563960.0, 4898410.0], [563990.0, 4898410.0], [563990.0, 4898420.0], [564000.0, 4898420.0], [564000.0, 4898430.0], [564010.0, 4898430.0], [564010.0, 4898450.0], [564020.0, 4898450.0], [564020.0, 4898470.0], [564040.0, 4898470.0], [564040.0, 4898480.0], [564050.0, 4898480.0], [564050.0, 4898490.0], [564060.0, 4898490.0], [564060.0, 4898500.0], [564080.0, 4898500.0], [564080.0, 4898510.0], [564090.0, 4898510.0], [564090.0, 4898520.0], [564100.0, 4898520.0], [564100.0, 4898530.0], [564120.0, 4898530.0], [564120.0, 4898540.0], [564140.0, 4898540.0], [564140.0, 4898550.0], [564150.0, 4898550.0], [564150.0, 4898560.0], [564170.0, 4898560.0], [564170.0, 4898570.0], [564210.0, 4898570.0], [564210.0, 4898580.0], [564230.0, 4898580.0], [564230.0, 4898570.0], [564260.0, 4898570.0], [564260.0, 4898560.0], [564280.0, 4898560.0], [564280.0, 4898550.0], [564300.0, 4898550.0], [564300.0, 4898560.0], [564320.0, 4898560.0], [564320.0, 4898570.0], [564380.0, 4898570.0], [564380.0, 4898580.0], [564440.0, 4898580.0], [564440.0, 4898570.0], [564490.0, 4898570.0], [564490.0, 4898580.0], [564500.0, 4898580.0], [564500.0, 4898590.0], [564510.0, 4898590.0], [564510.0, 4898600.0], [564520.0, 4898600.0], [564520.0, 4898610.0], [564540.0, 4898610.0], [564540.0, 4898620.0], [564560.0, 4898620.0], [564560.0, 4898630.0], [564580.0, 4898630.0], [564580.0, 4898640.0], [564610.0, 4898640.0], [564610.0, 4898650.0], [564650.0, 4898650.0], [564650.0, 4898660.0], [564680.0, 4898660.0], [564680.0, 4898670.0], [564690.0, 4898670.0], [564690.0, 4898660.0], [564700.0, 4898660.0], [564700.0, 4898650.0], [564710.0, 4898650.0], [564710.0, 4898640.0], [564720.0, 4898640.0], [564720.0, 4898630.0], [564730.0, 4898630.0], [564730.0, 4898620.0], [564760.0, 4898620.0], [564760.0, 4898610.0], [564780.0, 4898610.0], [564780.0, 4898600.0], [564800.0, 4898600.0], [564800.0, 4898590.0], [564820.0, 4898590.0], [564820.0, 4898580.0], [564830.0, 4898580.0], [564830.0, 4898570.0], [564870.0, 4898570.0], [564870.0, 4898600.0], [564880.0, 4898600.0], [564880.0, 4898610.0], [564890.0, 4898610.0], [564890.0, 4898620.0], [564900.0, 4898620.0], [564900.0, 4898640.0], [564910.0, 4898640.0], [564910.0, 4898650.0], [564920.0, 4898650.0], [564920.0, 4898670.0], [564930.0, 4898670.0], [564930.0, 4898680.0], [564950.0, 4898680.0], [564950.0, 4898690.0], [564970.0, 4898690.0], [564970.0, 4898700.0], [564980.0, 4898700.0], [564980.0, 4898710.0], [565000.0, 4898710.0], [565000.0, 4898720.0], [565020.0, 4898720.0], [565020.0, 4898730.0], [565030.0, 4898730.0], [565030.0, 4898740.0], [565040.0, 4898740.0], [565040.0, 4898750.0], [565050.0, 4898750.0], [565050.0, 4898760.0], [565070.0, 4898760.0], [565070.0, 4898770.0], [565080.0, 4898770.0], [565080.0, 4898800.0], [565090.0, 4898800.0], [565090.0, 4898820.0], [565100.0, 4898820.0], [565100.0, 4898830.0], [565110.0, 4898830.0], [565110.0, 4898840.0], [565120.0, 4898840.0], [565120.0, 4898850.0], [565130.0, 4898850.0], [565130.0, 4898870.0], [565140.0, 4898870.0], [565140.0, 4898890.0], [565150.0, 4898890.0], [565150.0, 4898900.0], [565160.0, 4898900.0], [565160.0, 4898940.0], [565170.0, 4898940.0], [565170.0, 4898950.0], [565210.0, 4898950.0], [565210.0, 4898960.0], [565220.0, 4898960.0], [565220.0, 4898970.0], [565230.0, 4898970.0], [565230.0, 4898980.0], [565250.0, 4898980.0], [565250.0, 4898990.0], [565270.0, 4898990.0], [565270.0, 4899000.0], [565280.0, 4899000.0], [565280.0, 4899010.0], [565310.0, 4899010.0], [565310.0, 4899000.0], [565320.0, 4899000.0], [565320.0, 4898990.0], [565340.0, 4898990.0], [565340.0, 4898980.0], [565350.0, 4898980.0], [565350.0, 4898970.0], [565430.0, 4898970.0], [565430.0, 4898980.0], [565470.0, 4898980.0], [565470.0, 4898970.0], [565480.0, 4898970.0], [565480.0, 4898980.0], [565580.0, 4898980.0], [565580.0, 4898990.0], [565650.0, 4898990.0], [565650.0, 4899000.0], [565660.0, 4899000.0], [565660.0, 4899010.0], [565670.0, 4899010.0], [565670.0, 4899020.0], [565680.0, 4899020.0], [565680.0, 4899030.0], [565730.0, 4899030.0], [565730.0, 4899040.0], [565740.0, 4899040.0], [565740.0, 4899030.0], [565760.0, 4899030.0], [565760.0, 4899040.0], [565780.0, 4899040.0], [565780.0, 4899050.0], [565800.0, 4899050.0], [565800.0, 4899060.0], [565810.0, 4899060.0], [565810.0, 4899070.0], [565820.0, 4899070.0], [565820.0, 4899160.0], [565830.0, 4899160.0], [565830.0, 4899170.0], [565850.0, 4899170.0], [565850.0, 4899180.0], [565880.0, 4899180.0], [565880.0, 4899190.0], [565920.0, 4899190.0], [565920.0, 4899200.0], [565930.0, 4899200.0], [565930.0, 4899210.0], [565940.0, 4899210.0], [565940.0, 4899220.0], [565970.0, 4899220.0], [565970.0, 4899230.0], [565980.0, 4899230.0], [565980.0, 4899240.0], [565990.0, 4899240.0], [565990.0, 4899260.0], [566000.0, 4899260.0], [566000.0, 4899270.0], [566010.0, 4899270.0], [566010.0, 4899290.0], [566020.0, 4899290.0], [566020.0, 4899310.0], [566040.0, 4899310.0], [566040.0, 4899300.0], [566050.0, 4899300.0], [566050.0, 4899290.0], [566060.0, 4899290.0], [566060.0, 4899280.0], [566200.0, 4899280.0], [566200.0, 4899290.0], [566210.0, 4899290.0], [566210.0, 4899300.0], [566240.0, 4899300.0], [566240.0, 4899310.0], [566290.0, 4899310.0], [566290.0, 4899320.0], [566330.0, 4899320.0], [566330.0, 4899330.0], [566340.0, 4899330.0], [566340.0, 4899340.0], [566360.0, 4899340.0], [566360.0, 4899350.0], [566370.0, 4899350.0], [566370.0, 4899360.0], [566380.0, 4899360.0], [566380.0, 4899370.0], [566400.0, 4899370.0], [566400.0, 4899380.0], [566410.0, 4899380.0], [566410.0, 4899390.0], [566430.0, 4899390.0], [566430.0, 4899410.0], [566440.0, 4899410.0], [566440.0, 4899430.0], [566450.0, 4899430.0], [566450.0, 4899450.0], [566460.0, 4899450.0], [566460.0, 4899470.0], [566470.0, 4899470.0], [566470.0, 4899490.0], [566480.0, 4899490.0], [566480.0, 4899500.0], [566490.0, 4899500.0], [566490.0, 4899510.0], [566500.0, 4899510.0], [566500.0, 4899530.0], [566510.0, 4899530.0], [566510.0, 4899550.0], [566520.0, 4899550.0], [566520.0, 4899560.0], [566530.0, 4899560.0], [566530.0, 4899570.0], [566540.0, 4899570.0], [566540.0, 4899580.0], [566550.0, 4899580.0], [566550.0, 4899590.0], [566560.0, 4899590.0], [566560.0, 4899600.0], [566570.0, 4899600.0], [566570.0, 4899610.0], [566580.0, 4899610.0], [566580.0, 4899600.0], [566590.0, 4899600.0], [566590.0, 4899590.0], [566650.0, 4899590.0], [566650.0, 4899580.0], [566660.0, 4899580.0], [566660.0, 4899590.0], [566690.0, 4899590.0], [566690.0, 4899600.0], [566710.0, 4899600.0], [566710.0, 4899610.0], [566730.0, 4899610.0], [566730.0, 4899620.0], [566750.0, 4899620.0], [566750.0, 4899630.0], [566770.0, 4899630.0], [566770.0, 4899640.0], [566780.0, 4899640.0], [566780.0, 4899650.0], [566800.0, 4899650.0], [566800.0, 4899660.0], [566810.0, 4899660.0], [566810.0, 4899670.0], [566830.0, 4899670.0], [566830.0, 4899680.0], [566840.0, 4899680.0], [566840.0, 4899690.0], [566850.0, 4899690.0], [566850.0, 4899700.0], [566860.0, 4899700.0], [566860.0, 4899710.0], [566870.0, 4899710.0], [566870.0, 4899720.0], [566880.0, 4899720.0], [566880.0, 4899730.0], [566900.0, 4899730.0], [566900.0, 4899740.0], [566920.0, 4899740.0], [566920.0, 4899750.0], [567020.0, 4899750.0], [567020.0, 4899740.0], [567070.0, 4899740.0], [567070.0, 4899750.0], [567140.0, 4899750.0], [567140.0, 4899760.0], [567160.0, 4899760.0], [567160.0, 4899770.0], [567170.0, 4899770.0], [567170.0, 4899780.0], [567180.0, 4899780.0], [567180.0, 4899790.0], [567190.0, 4899790.0], [567190.0, 4899800.0], [567200.0, 4899800.0], [567200.0, 4899820.0], [567210.0, 4899820.0], [567210.0, 4899840.0], [567220.0, 4899840.0], [567220.0, 4899850.0], [567230.0, 4899850.0], [567230.0, 4899860.0], [567240.0, 4899860.0], [567240.0, 4899870.0], [567250.0, 4899870.0], [567250.0, 4899880.0], [567260.0, 4899880.0], [567260.0, 4899890.0], [567270.0, 4899890.0], [567270.0, 4899900.0], [567290.0, 4899900.0], [567290.0, 4899910.0], [567300.0, 4899910.0], [567300.0, 4899930.0], [567310.0, 4899930.0], [567310.0, 4899940.0], [567320.0, 4899940.0], [567320.0, 4899970.0], [567330.0, 4899970.0], [567330.0, 4899990.0], [567340.0, 4899990.0], [567340.0, 4900000.0], [567350.0, 4900000.0], [567350.0, 4900010.0], [567360.0, 4900010.0], [567360.0, 4900020.0], [567370.0, 4900020.0], [567370.0, 4900030.0], [567390.0, 4900030.0], [567390.0, 4900040.0], [567410.0, 4900040.0], [567410.0, 4900050.0], [567420.0, 4900050.0], [567420.0, 4900060.0], [567430.0, 4900060.0], [567430.0, 4900070.0], [567450.0, 4900070.0], [567450.0, 4900080.0], [567460.0, 4900080.0], [567460.0, 4900090.0], [567470.0, 4900090.0], [567470.0, 4900100.0], [567480.0, 4900100.0], [567480.0, 4900110.0], [567510.0, 4900110.0], [567510.0, 4900120.0], [567520.0, 4900120.0], [567520.0, 4900140.0], [567530.0, 4900140.0], [567530.0, 4900160.0], [567540.0, 4900160.0], [567540.0, 4900170.0], [567550.0, 4900170.0], [567550.0, 4900180.0], [567560.0, 4900180.0], [567560.0, 4900190.0], [567570.0, 4900190.0], [567570.0, 4900200.0], [567580.0, 4900200.0], [567580.0, 4900210.0], [567600.0, 4900210.0], [567600.0, 4900220.0], [567610.0, 4900220.0], [567610.0, 4900230.0], [567620.0, 4900230.0], [567620.0, 4900240.0], [567630.0, 4900240.0], [567630.0, 4900250.0], [567640.0, 4900250.0], [567640.0, 4900260.0], [567650.0, 4900260.0], [567650.0, 4900270.0], [567660.0, 4900270.0], [567660.0, 4900280.0], [567680.0, 4900280.0], [567680.0, 4900290.0], [567700.0, 4900290.0], [567700.0, 4900300.0], [567710.0, 4900300.0], [567710.0, 4900310.0], [567730.0, 4900310.0], [567730.0, 4900320.0], [567740.0, 4900320.0], [567740.0, 4900330.0], [567750.0, 4900330.0], [567750.0, 4900340.0], [567760.0, 4900340.0], [567760.0, 4900350.0], [567770.0, 4900350.0], [567770.0, 4900360.0], [567780.0, 4900360.0], [567780.0, 4900370.0], [567790.0, 4900370.0], [567790.0, 4900380.0], [567800.0, 4900380.0], [567800.0, 4900390.0], [567830.0, 4900390.0], [567830.0, 4900400.0], [567840.0, 4900400.0], [567840.0, 4900410.0], [567850.0, 4900410.0], [567850.0, 4900420.0], [567860.0, 4900420.0], [567860.0, 4900430.0], [567870.0, 4900430.0], [567870.0, 4900460.0], [567880.0, 4900460.0], [567880.0, 4900470.0], [567900.0, 4900470.0], [567900.0, 4900480.0], [567940.0, 4900480.0], [567940.0, 4900490.0], [568030.0, 4900490.0], [568030.0, 4900480.0], [568040.0, 4900480.0], [568040.0, 4900470.0], [568070.0, 4900470.0], [568070.0, 4900460.0], [568100.0, 4900460.0], [568100.0, 4900470.0], [568110.0, 4900470.0], [568110.0, 4900480.0], [568120.0, 4900480.0], [568120.0, 4900470.0], [568150.0, 4900470.0], [568150.0, 4900460.0], [568160.0, 4900460.0], [568160.0, 4900480.0], [568210.0, 4900480.0], [568210.0, 4900470.0], [568280.0, 4900470.0], [568280.0, 4900480.0], [568290.0, 4900480.0], [568290.0, 4900490.0], [568300.0, 4900490.0], [568300.0, 4900500.0], [568350.0, 4900500.0], [568350.0, 4900510.0], [568370.0, 4900510.0], [568370.0, 4900520.0], [568380.0, 4900520.0], [568380.0, 4900530.0], [568390.0, 4900530.0], [568390.0, 4900540.0], [568400.0, 4900540.0], [568400.0, 4900550.0], [568410.0, 4900550.0], [568410.0, 4900560.0], [568420.0, 4900560.0], [568420.0, 4900570.0], [568430.0, 4900570.0], [568430.0, 4900610.0], [568440.0, 4900610.0], [568440.0, 4900620.0], [568450.0, 4900620.0], [568450.0, 4900630.0], [568460.0, 4900630.0], [568460.0, 4900640.0], [568470.0, 4900640.0], [568470.0, 4900650.0], [568480.0, 4900650.0], [568480.0, 4900660.0], [568490.0, 4900660.0], [568490.0, 4900680.0], [568500.0, 4900680.0], [568500.0, 4900690.0], [568520.0, 4900690.0], [568520.0, 4900700.0], [568550.0, 4900700.0], [568550.0, 4900710.0], [568560.0, 4900710.0], [568560.0, 4900730.0], [568570.0, 4900730.0], [568570.0, 4900740.0], [568580.0, 4900740.0], [568580.0, 4900750.0], [568590.0, 4900750.0], [568590.0, 4900760.0], [568600.0, 4900760.0], [568600.0, 4900770.0], [568610.0, 4900770.0], [568610.0, 4900780.0], [568620.0, 4900780.0], [568620.0, 4900790.0], [568630.0, 4900790.0], [568630.0, 4900810.0], [568640.0, 4900810.0], [568640.0, 4900820.0], [568650.0, 4900820.0], [568650.0, 4900860.0], [568660.0, 4900860.0], [568660.0, 4900880.0], [568670.0, 4900880.0], [568670.0, 4900890.0], [568680.0, 4900890.0], [568680.0, 4900900.0], [568690.0, 4900900.0], [568690.0, 4900910.0], [568710.0, 4900910.0], [568710.0, 4900920.0], [568730.0, 4900920.0], [568730.0, 4900930.0], [568760.0, 4900930.0], [568760.0, 4900940.0], [568780.0, 4900940.0], [568780.0, 4900950.0], [568790.0, 4900950.0], [568790.0, 4900960.0], [568800.0, 4900960.0], [568800.0, 4900990.0], [568810.0, 4900990.0], [568810.0, 4901010.0], [568820.0, 4901010.0], [568820.0, 4901030.0], [568830.0, 4901030.0], [568830.0, 4901060.0], [568840.0, 4901060.0], [568840.0, 4901080.0], [568850.0, 4901080.0], [568850.0, 4901100.0], [568860.0, 4901100.0], [568860.0, 4901140.0], [568870.0, 4901140.0], [568870.0, 4901190.0], [568880.0, 4901190.0], [568880.0, 4901210.0], [568890.0, 4901210.0], [568890.0, 4901230.0], [568900.0, 4901230.0], [568900.0, 4901300.0], [568910.0, 4901300.0], [568910.0, 4901480.0], [568920.0, 4901480.0], [568920.0, 4901520.0], [568930.0, 4901520.0], [568930.0, 4901550.0], [568940.0, 4901550.0], [568940.0, 4901570.0], [568950.0, 4901570.0], [568950.0, 4901600.0], [568960.0, 4901600.0], [568960.0, 4901620.0], [568970.0, 4901620.0], [568970.0, 4901630.0], [568980.0, 4901630.0], [568980.0, 4901640.0], [568990.0, 4901640.0], [568990.0, 4901660.0], [569000.0, 4901660.0], [569000.0, 4901690.0], [569010.0, 4901690.0], [569010.0, 4901730.0], [569020.0, 4901730.0], [569020.0, 4901740.0], [569030.0, 4901740.0], [569030.0, 4901750.0], [569040.0, 4901750.0], [569040.0, 4901770.0], [569050.0, 4901770.0], [569050.0, 4901810.0], [569060.0, 4901810.0], [569060.0, 4901830.0], [569070.0, 4901830.0], [569070.0, 4901850.0], [569080.0, 4901850.0], [569080.0, 4901870.0], [569090.0, 4901870.0], [569090.0, 4901890.0], [569100.0, 4901890.0], [569100.0, 4901900.0], [569110.0, 4901900.0], [569110.0, 4901910.0], [569120.0, 4901910.0], [569120.0, 4901930.0], [569130.0, 4901930.0], [569130.0, 4901940.0], [569140.0, 4901940.0], [569140.0, 4901960.0], [569150.0, 4901960.0], [569150.0, 4901980.0], [569160.0, 4901980.0], [569160.0, 4902000.0], [569170.0, 4902000.0], [569170.0, 4902010.0], [569180.0, 4902010.0], [569180.0, 4902030.0], [569190.0, 4902030.0], [569190.0, 4902040.0], [569200.0, 4902040.0], [569200.0, 4902060.0], [569210.0, 4902060.0], [569210.0, 4902080.0], [569220.0, 4902080.0], [569220.0, 4902090.0], [569230.0, 4902090.0], [569230.0, 4902110.0], [569240.0, 4902110.0], [569240.0, 4902150.0], [569230.0, 4902150.0], [569230.0, 4902180.0], [569220.0, 4902180.0], [569220.0, 4902260.0], [569210.0, 4902260.0], [569210.0, 4902280.0], [569220.0, 4902280.0], [569220.0, 4902320.0], [569210.0, 4902320.0], [569210.0, 4902340.0], [569200.0, 4902340.0], [569200.0, 4902360.0], [569190.0, 4902360.0], [569190.0, 4902390.0], [569180.0, 4902390.0], [569180.0, 4902410.0], [569170.0, 4902410.0], [569170.0, 4902440.0], [569160.0, 4902440.0], [569160.0, 4902470.0], [569150.0, 4902470.0], [569150.0, 4902620.0], [569140.0, 4902620.0], [569140.0, 4902640.0], [569130.0, 4902640.0], [569130.0, 4902670.0], [569120.0, 4902670.0], [569120.0, 4902690.0], [569110.0, 4902690.0], [569110.0, 4902720.0], [569100.0, 4902720.0], [569100.0, 4902740.0], [569090.0, 4902740.0], [569090.0, 4902760.0], [569080.0, 4902760.0], [569080.0, 4902780.0], [569070.0, 4902780.0], [569070.0, 4902790.0], [569060.0, 4902790.0], [569060.0, 4902800.0], [569050.0, 4902800.0], [569050.0, 4902820.0], [569040.0, 4902820.0], [569040.0, 4902830.0], [569030.0, 4902830.0], [569030.0, 4902850.0], [569020.0, 4902850.0], [569020.0, 4902870.0], [569010.0, 4902870.0], [569010.0, 4902890.0], [569000.0, 4902890.0], [569000.0, 4902900.0], [568990.0, 4902900.0], [568990.0, 4902920.0], [568980.0, 4902920.0], [568980.0, 4902930.0], [568970.0, 4902930.0], [568970.0, 4902940.0], [568960.0, 4902940.0], [568960.0, 4902960.0], [568950.0, 4902960.0], [568950.0, 4902970.0], [568940.0, 4902970.0], [568940.0, 4902980.0], [568930.0, 4902980.0], [568930.0, 4902990.0], [568910.0, 4902990.0], [568910.0, 4903000.0], [568900.0, 4903000.0], [568900.0, 4903040.0], [568890.0, 4903040.0], [568890.0, 4903050.0], [568880.0, 4903050.0], [568880.0, 4903060.0], [568870.0, 4903060.0], [568870.0, 4903070.0], [568860.0, 4903070.0], [568860.0, 4903080.0], [568850.0, 4903080.0], [568850.0, 4903090.0], [568840.0, 4903090.0], [568840.0, 4903100.0], [568830.0, 4903100.0], [568830.0, 4903110.0], [568820.0, 4903110.0], [568820.0, 4903120.0], [568800.0, 4903120.0], [568800.0, 4903130.0], [568790.0, 4903130.0], [568790.0, 4903140.0], [568780.0, 4903140.0], [568780.0, 4903150.0], [568770.0, 4903150.0], [568770.0, 4903160.0], [568750.0, 4903160.0], [568750.0, 4903170.0], [568730.0, 4903170.0], [568730.0, 4903180.0], [568710.0, 4903180.0], [568710.0, 4903190.0], [568700.0, 4903190.0], [568700.0, 4903200.0], [568690.0, 4903200.0], [568690.0, 4903210.0], [568680.0, 4903210.0], [568680.0, 4903220.0], [568670.0, 4903220.0], [568670.0, 4903230.0], [568660.0, 4903230.0], [568660.0, 4903240.0], [568650.0, 4903240.0], [568650.0, 4903250.0], [568640.0, 4903250.0], [568640.0, 4903260.0], [568630.0, 4903260.0], [568630.0, 4903270.0], [568620.0, 4903270.0], [568620.0, 4903280.0], [568610.0, 4903280.0], [568610.0, 4903290.0], [568600.0, 4903290.0], [568600.0, 4903300.0], [568580.0, 4903300.0], [568580.0, 4903310.0], [568570.0, 4903310.0], [568570.0, 4903320.0], [568560.0, 4903320.0], [568560.0, 4903330.0], [568550.0, 4903330.0], [568550.0, 4903340.0], [568540.0, 4903340.0], [568540.0, 4903350.0], [568530.0, 4903350.0], [568530.0, 4903360.0], [568520.0, 4903360.0], [568520.0, 4903380.0], [568510.0, 4903380.0], [568510.0, 4903400.0], [568500.0, 4903400.0], [568500.0, 4903410.0], [568490.0, 4903410.0], [568490.0, 4903420.0], [568480.0, 4903420.0], [568480.0, 4903430.0], [568470.0, 4903430.0], [568470.0, 4903440.0], [568460.0, 4903440.0], [568460.0, 4903450.0], [568450.0, 4903450.0], [568450.0, 4903460.0], [568440.0, 4903460.0], [568440.0, 4903470.0], [568320.0, 4903470.0]]]}, "properties": {"site_code": "47", "dem_area_ha": 1553.61, "routing_qc_pass": true}}, {"type": "Feature", "geometry": {"type": "Polygon", "coordinates": [[[565310.0, 4897740.0], [565310.0, 4897730.0], [565260.0, 4897730.0], [565260.0, 4897720.0], [565250.0, 4897720.0], [565250.0, 4897700.0], [565240.0, 4897700.0], [565240.0, 4897690.0], [565230.0, 4897690.0], [565230.0, 4897670.0], [565220.0, 4897670.0], [565220.0, 4897660.0], [565210.0, 4897660.0], [565210.0, 4897650.0], [565200.0, 4897650.0], [565200.0, 4897640.0], [565190.0, 4897640.0], [565190.0, 4897630.0], [565150.0, 4897630.0], [565150.0, 4897620.0], [565090.0, 4897620.0], [565090.0, 4897610.0], [565080.0, 4897610.0], [565080.0, 4897600.0], [565070.0, 4897600.0], [565070.0, 4897590.0], [565060.0, 4897590.0], [565060.0, 4897580.0], [565050.0, 4897580.0], [565050.0, 4897560.0], [565040.0, 4897560.0], [565040.0, 4897510.0], [565030.0, 4897510.0], [565030.0, 4897460.0], [565020.0, 4897460.0], [565020.0, 4897440.0], [565010.0, 4897440.0], [565010.0, 4897420.0], [565000.0, 4897420.0], [565000.0, 4897400.0], [564990.0, 4897400.0], [564990.0, 4897370.0], [564980.0, 4897370.0], [564980.0, 4897350.0], [564970.0, 4897350.0], [564970.0, 4897340.0], [564960.0, 4897340.0], [564960.0, 4897310.0], [564950.0, 4897310.0], [564950.0, 4897290.0], [564940.0, 4897290.0], [564940.0, 4897280.0], [564930.0, 4897280.0], [564930.0, 4897270.0], [564920.0, 4897270.0], [564920.0, 4897260.0], [564910.0, 4897260.0], [564910.0, 4897240.0], [564900.0, 4897240.0], [564900.0, 4897230.0], [564890.0, 4897230.0], [564890.0, 4897220.0], [564880.0, 4897220.0], [564880.0, 4897200.0], [564870.0, 4897200.0], [564870.0, 4897190.0], [564860.0, 4897190.0], [564860.0, 4897180.0], [564850.0, 4897180.0], [564850.0, 4897170.0], [564840.0, 4897170.0], [564840.0, 4897160.0], [564830.0, 4897160.0], [564830.0, 4897140.0], [564820.0, 4897140.0], [564820.0, 4897130.0], [564810.0, 4897130.0], [564810.0, 4897110.0], [564800.0, 4897110.0], [564800.0, 4897100.0], [564790.0, 4897100.0], [564790.0, 4897090.0], [564780.0, 4897090.0], [564780.0, 4897080.0], [564770.0, 4897080.0], [564770.0, 4897050.0], [564760.0, 4897050.0], [564760.0, 4897010.0], [564750.0, 4897010.0], [564750.0, 4897000.0], [564740.0, 4897000.0], [564740.0, 4896900.0], [564730.0, 4896900.0], [564730.0, 4896890.0], [564720.0, 4896890.0], [564720.0, 4896880.0], [564710.0, 4896880.0], [564710.0, 4896870.0], [564700.0, 4896870.0], [564700.0, 4896860.0], [564670.0, 4896860.0], [564670.0, 4896850.0], [564660.0, 4896850.0], [564660.0, 4896840.0], [564610.0, 4896840.0], [564610.0, 4896830.0], [564600.0, 4896830.0], [564600.0, 4896800.0], [564590.0, 4896800.0], [564590.0, 4896770.0], [564580.0, 4896770.0], [564580.0, 4896610.0], [564590.0, 4896610.0], [564590.0, 4896590.0], [564600.0, 4896590.0], [564600.0, 4896580.0], [564610.0, 4896580.0], [564610.0, 4896570.0], [564620.0, 4896570.0], [564620.0, 4896560.0], [564630.0, 4896560.0], [564630.0, 4896550.0], [564640.0, 4896550.0], [564640.0, 4896540.0], [564650.0, 4896540.0], [564650.0, 4896530.0], [564660.0, 4896530.0], [564660.0, 4896520.0], [564670.0, 4896520.0], [564670.0, 4896500.0], [564680.0, 4896500.0], [564680.0, 4896490.0], [564690.0, 4896490.0], [564690.0, 4896470.0], [564700.0, 4896470.0], [564700.0, 4896440.0], [564710.0, 4896440.0], [564710.0, 4896290.0], [564720.0, 4896290.0], [564720.0, 4896270.0], [564730.0, 4896270.0], [564730.0, 4896240.0], [564740.0, 4896240.0], [564740.0, 4896220.0], [564750.0, 4896220.0], [564750.0, 4896200.0], [564760.0, 4896200.0], [564760.0, 4896170.0], [564770.0, 4896170.0], [564770.0, 4896120.0], [564780.0, 4896120.0], [564780.0, 4896110.0], [564790.0, 4896110.0], [564790.0, 4896100.0], [564800.0, 4896100.0], [564800.0, 4896030.0], [564810.0, 4896030.0], [564810.0, 4896000.0], [564820.0, 4896000.0], [564820.0, 4895980.0], [564830.0, 4895980.0], [564830.0, 4895990.0], [564840.0, 4895990.0], [564840.0, 4896010.0], [564850.0, 4896010.0], [564850.0, 4896020.0], [564860.0, 4896020.0], [564860.0, 4896030.0], [564870.0, 4896030.0], [564870.0, 4896040.0], [564880.0, 4896040.0], [564880.0, 4896050.0], [564890.0, 4896050.0], [564890.0, 4896060.0], [564900.0, 4896060.0], [564900.0, 4896070.0], [564910.0, 4896070.0], [564910.0, 4896130.0], [564920.0, 4896130.0], [564920.0, 4896140.0], [564930.0, 4896140.0], [564930.0, 4896150.0], [564940.0, 4896150.0], [564940.0, 4896170.0], [564950.0, 4896170.0], [564950.0, 4896180.0], [564960.0, 4896180.0], [564960.0, 4896200.0], [564970.0, 4896200.0], [564970.0, 4896210.0], [564980.0, 4896210.0], [564980.0, 4896230.0], [564990.0, 4896230.0], [564990.0, 4896250.0], [565000.0, 4896250.0], [565000.0, 4896280.0], [565010.0, 4896280.0], [565010.0, 4896300.0], [565020.0, 4896300.0], [565020.0, 4896320.0], [565030.0, 4896320.0], [565030.0, 4896350.0], [565040.0, 4896350.0], [565040.0, 4896380.0], [565050.0, 4896380.0], [565050.0, 4896390.0], [565060.0, 4896390.0], [565060.0, 4896400.0], [565070.0, 4896400.0], [565070.0, 4896570.0], [565080.0, 4896570.0], [565080.0, 4896590.0], [565110.0, 4896590.0], [565110.0, 4896600.0], [565120.0, 4896600.0], [565120.0, 4896610.0], [565130.0, 4896610.0], [565130.0, 4896620.0], [565150.0, 4896620.0], [565150.0, 4896630.0], [565160.0, 4896630.0], [565160.0, 4896640.0], [565170.0, 4896640.0], [565170.0, 4896650.0], [565180.0, 4896650.0], [565180.0, 4896660.0], [565190.0, 4896660.0], [565190.0, 4896670.0], [565200.0, 4896670.0], [565200.0, 4896680.0], [565210.0, 4896680.0], [565210.0, 4896690.0], [565220.0, 4896690.0], [565220.0, 4896700.0], [565230.0, 4896700.0], [565230.0, 4896710.0], [565240.0, 4896710.0], [565240.0, 4896720.0], [565250.0, 4896720.0], [565250.0, 4896730.0], [565260.0, 4896730.0], [565260.0, 4896740.0], [565270.0, 4896740.0], [565270.0, 4896750.0], [565280.0, 4896750.0], [565280.0, 4896760.0], [565290.0, 4896760.0], [565290.0, 4896770.0], [565300.0, 4896770.0], [565300.0, 4896780.0], [565310.0, 4896780.0], [565310.0, 4896790.0], [565320.0, 4896790.0], [565320.0, 4896800.0], [565330.0, 4896800.0], [565330.0, 4896810.0], [565420.0, 4896810.0], [565420.0, 4896820.0], [565430.0, 4896820.0], [565430.0, 4896830.0], [565440.0, 4896830.0], [565440.0, 4896840.0], [565490.0, 4896840.0], [565490.0, 4896860.0], [565480.0, 4896860.0], [565480.0, 4897000.0], [565490.0, 4897000.0], [565490.0, 4897020.0], [565480.0, 4897020.0], [565480.0, 4897100.0], [565490.0, 4897100.0], [565490.0, 4897110.0], [565500.0, 4897110.0], [565500.0, 4897210.0], [565510.0, 4897210.0], [565510.0, 4897230.0], [565520.0, 4897230.0], [565520.0, 4897340.0], [565530.0, 4897340.0], [565530.0, 4897430.0], [565540.0, 4897430.0], [565540.0, 4897460.0], [565530.0, 4897460.0], [565530.0, 4897470.0], [565510.0, 4897470.0], [565510.0, 4897480.0], [565490.0, 4897480.0], [565490.0, 4897500.0], [565480.0, 4897500.0], [565480.0, 4897510.0], [565470.0, 4897510.0], [565470.0, 4897520.0], [565450.0, 4897520.0], [565450.0, 4897530.0], [565430.0, 4897530.0], [565430.0, 4897540.0], [565420.0, 4897540.0], [565420.0, 4897550.0], [565410.0, 4897550.0], [565410.0, 4897560.0], [565400.0, 4897560.0], [565400.0, 4897580.0], [565390.0, 4897580.0], [565390.0, 4897600.0], [565380.0, 4897600.0], [565380.0, 4897620.0], [565370.0, 4897620.0], [565370.0, 4897670.0], [565360.0, 4897670.0], [565360.0, 4897680.0], [565350.0, 4897680.0], [565350.0, 4897690.0], [565340.0, 4897690.0], [565340.0, 4897740.0], [565310.0, 4897740.0]]]}, "properties": {"site_code": "74", "dem_area_ha": 80.94, "routing_qc_pass": true}}, {"type": "Feature", "geometry": {"type": "Polygon", "coordinates": [[[559770.0, 4895260.0], [559770.0, 4895250.0], [559750.0, 4895250.0], [559750.0, 4895240.0], [559730.0, 4895240.0], [559730.0, 4895230.0], [559710.0, 4895230.0], [559710.0, 4895220.0], [559700.0, 4895220.0], [559700.0, 4895210.0], [559670.0, 4895210.0], [559670.0, 4895200.0], [559650.0, 4895200.0], [559650.0, 4895190.0], [559640.0, 4895190.0], [559640.0, 4895180.0], [559630.0, 4895180.0], [559630.0, 4895170.0], [559620.0, 4895170.0], [559620.0, 4895160.0], [559610.0, 4895160.0], [559610.0, 4895150.0], [559600.0, 4895150.0], [559600.0, 4895140.0], [559590.0, 4895140.0], [559590.0, 4895130.0], [559580.0, 4895130.0], [559580.0, 4895120.0], [559570.0, 4895120.0], [559570.0, 4895110.0], [559560.0, 4895110.0], [559560.0, 4895100.0], [559550.0, 4895100.0], [559550.0, 4895090.0], [559540.0, 4895090.0], [559540.0, 4895080.0], [559530.0, 4895080.0], [559530.0, 4895070.0], [559520.0, 4895070.0], [559520.0, 4895060.0], [559510.0, 4895060.0], [559510.0, 4895050.0], [559500.0, 4895050.0], [559500.0, 4895040.0], [559490.0, 4895040.0], [559490.0, 4895010.0], [559480.0, 4895010.0], [559480.0, 4894900.0], [559470.0, 4894900.0], [559470.0, 4894820.0], [559480.0, 4894820.0], [559480.0, 4894810.0], [559490.0, 4894810.0], [559490.0, 4894800.0], [559500.0, 4894800.0], [559500.0, 4894790.0], [559510.0, 4894790.0], [559510.0, 4894780.0], [559530.0, 4894780.0], [559530.0, 4894770.0], [559560.0, 4894770.0], [559560.0, 4894760.0], [559570.0, 4894760.0], [559570.0, 4894750.0], [559600.0, 4894750.0], [559600.0, 4894740.0], [559620.0, 4894740.0], [559620.0, 4894730.0], [559630.0, 4894730.0], [559630.0, 4894720.0], [559640.0, 4894720.0], [559640.0, 4894710.0], [559650.0, 4894710.0], [559650.0, 4894700.0], [559660.0, 4894700.0], [559660.0, 4894690.0], [559670.0, 4894690.0], [559670.0, 4894680.0], [559680.0, 4894680.0], [559680.0, 4894670.0], [559710.0, 4894670.0], [559710.0, 4894660.0], [559770.0, 4894660.0], [559770.0, 4894650.0], [559780.0, 4894650.0], [559780.0, 4894630.0], [559790.0, 4894630.0], [559790.0, 4894600.0], [559800.0, 4894600.0], [559800.0, 4894580.0], [559810.0, 4894580.0], [559810.0, 4894560.0], [559820.0, 4894560.0], [559820.0, 4894550.0], [559830.0, 4894550.0], [559830.0, 4894540.0], [559840.0, 4894540.0], [559840.0, 4894530.0], [559850.0, 4894530.0], [559850.0, 4894520.0], [559860.0, 4894520.0], [559860.0, 4894510.0], [559880.0, 4894510.0], [559880.0, 4894500.0], [559890.0, 4894500.0], [559890.0, 4894490.0], [559900.0, 4894490.0], [559900.0, 4894480.0], [559910.0, 4894480.0], [559910.0, 4894470.0], [559920.0, 4894470.0], [559920.0, 4894460.0], [559930.0, 4894460.0], [559930.0, 4894450.0], [559950.0, 4894450.0], [559950.0, 4894440.0], [559970.0, 4894440.0], [559970.0, 4894430.0], [559980.0, 4894430.0], [559980.0, 4894420.0], [559990.0, 4894420.0], [559990.0, 4894410.0], [560010.0, 4894410.0], [560010.0, 4894400.0], [560020.0, 4894400.0], [560020.0, 4894390.0], [560040.0, 4894390.0], [560040.0, 4894380.0], [560110.0, 4894380.0], [560110.0, 4894370.0], [560130.0, 4894370.0], [560130.0, 4894360.0], [560140.0, 4894360.0], [560140.0, 4894350.0], [560150.0, 4894350.0], [560150.0, 4894340.0], [560160.0, 4894340.0], [560160.0, 4894320.0], [560170.0, 4894320.0], [560170.0, 4894310.0], [560180.0, 4894310.0], [560180.0, 4894300.0], [560220.0, 4894300.0], [560220.0, 4894290.0], [560250.0, 4894290.0], [560250.0, 4894280.0], [560270.0, 4894280.0], [560270.0, 4894270.0], [560320.0, 4894270.0], [560320.0, 4894260.0], [560440.0, 4894260.0], [560440.0, 4894270.0], [560450.0, 4894270.0], [560450.0, 4894280.0], [560470.0, 4894280.0], [560470.0, 4894300.0], [560480.0, 4894300.0], [560480.0, 4894310.0], [560490.0, 4894310.0], [560490.0, 4894320.0], [560500.0, 4894320.0], [560500.0, 4894330.0], [560510.0, 4894330.0], [560510.0, 4894340.0], [560520.0, 4894340.0], [560520.0, 4894360.0], [560530.0, 4894360.0], [560530.0, 4894380.0], [560540.0, 4894380.0], [560540.0, 4894390.0], [560550.0, 4894390.0], [560550.0, 4894410.0], [560560.0, 4894410.0], [560560.0, 4894420.0], [560570.0, 4894420.0], [560570.0, 4894440.0], [560580.0, 4894440.0], [560580.0, 4894450.0], [560590.0, 4894450.0], [560590.0, 4894460.0], [560600.0, 4894460.0], [560600.0, 4894470.0], [560610.0, 4894470.0], [560610.0, 4894480.0], [560620.0, 4894480.0], [560620.0, 4894490.0], [560630.0, 4894490.0], [560630.0, 4894500.0], [560640.0, 4894500.0], [560640.0, 4894510.0], [560650.0, 4894510.0], [560650.0, 4894520.0], [560660.0, 4894520.0], [560660.0, 4894530.0], [560670.0, 4894530.0], [560670.0, 4894540.0], [560680.0, 4894540.0], [560680.0, 4894600.0], [560690.0, 4894600.0], [560690.0, 4894620.0], [560700.0, 4894620.0], [560700.0, 4894740.0], [560710.0, 4894740.0], [560710.0, 4894750.0], [560720.0, 4894750.0], [560720.0, 4894760.0], [560730.0, 4894760.0], [560730.0, 4894770.0], [560740.0, 4894770.0], [560740.0, 4894780.0], [560750.0, 4894780.0], [560750.0, 4894790.0], [560760.0, 4894790.0], [560760.0, 4894800.0], [560770.0, 4894800.0], [560770.0, 4894820.0], [560780.0, 4894820.0], [560780.0, 4894830.0], [560790.0, 4894830.0], [560790.0, 4894840.0], [560800.0, 4894840.0], [560800.0, 4894860.0], [560810.0, 4894860.0], [560810.0, 4894880.0], [560820.0, 4894880.0], [560820.0, 4894910.0], [560830.0, 4894910.0], [560830.0, 4894930.0], [560840.0, 4894930.0], [560840.0, 4894940.0], [560850.0, 4894940.0], [560850.0, 4894950.0], [560860.0, 4894950.0], [560860.0, 4894960.0], [560870.0, 4894960.0], [560870.0, 4894970.0], [560880.0, 4894970.0], [560880.0, 4894980.0], [560890.0, 4894980.0], [560890.0, 4894990.0], [560900.0, 4894990.0], [560900.0, 4895000.0], [560910.0, 4895000.0], [560910.0, 4895010.0], [560920.0, 4895010.0], [560920.0, 4895020.0], [560930.0, 4895020.0], [560930.0, 4895030.0], [560970.0, 4895030.0], [560970.0, 4895040.0], [560960.0, 4895040.0], [560960.0, 4895050.0], [560950.0, 4895050.0], [560950.0, 4895060.0], [560930.0, 4895060.0], [560930.0, 4895070.0], [560910.0, 4895070.0], [560910.0, 4895080.0], [560900.0, 4895080.0], [560900.0, 4895090.0], [560840.0, 4895090.0], [560840.0, 4895080.0], [560830.0, 4895080.0], [560830.0, 4895070.0], [560820.0, 4895070.0], [560820.0, 4895060.0], [560810.0, 4895060.0], [560810.0, 4895050.0], [560800.0, 4895050.0], [560800.0, 4895040.0], [560710.0, 4895040.0], [560710.0, 4895030.0], [560650.0, 4895030.0], [560650.0, 4895040.0], [560630.0, 4895040.0], [560630.0, 4895050.0], [560610.0, 4895050.0], [560610.0, 4895060.0], [560590.0, 4895060.0], [560590.0, 4895070.0], [560580.0, 4895070.0], [560580.0, 4895080.0], [560570.0, 4895080.0], [560570.0, 4895090.0], [560480.0, 4895090.0], [560480.0, 4895100.0], [560420.0, 4895100.0], [560420.0, 4895110.0], [560350.0, 4895110.0], [560350.0, 4895120.0], [560300.0, 4895120.0], [560300.0, 4895130.0], [560260.0, 4895130.0], [560260.0, 4895140.0], [560250.0, 4895140.0], [560250.0, 4895150.0], [560240.0, 4895150.0], [560240.0, 4895170.0], [560230.0, 4895170.0], [560230.0, 4895190.0], [560220.0, 4895190.0], [560220.0, 4895220.0], [560150.0, 4895220.0], [560150.0, 4895210.0], [560120.0, 4895210.0], [560120.0, 4895200.0], [560090.0, 4895200.0], [560090.0, 4895210.0], [560070.0, 4895210.0], [560070.0, 4895220.0], [560000.0, 4895220.0], [560000.0, 4895230.0], [559940.0, 4895230.0], [559940.0, 4895240.0], [559870.0, 4895240.0], [559870.0, 4895250.0], [559850.0, 4895250.0], [559850.0, 4895260.0], [559770.0, 4895260.0]]]}, "properties": {"site_code": "WS1-5", "dem_area_ha": 88.41, "routing_qc_pass": true}}, {"type": "Feature", "geometry": {"type": "Polygon", "coordinates": [[[568780.0, 4900950.0], [568780.0, 4900940.0], [568760.0, 4900940.0], [568760.0, 4900930.0], [568730.0, 4900930.0], [568730.0, 4900920.0], [568710.0, 4900920.0], [568710.0, 4900910.0], [568690.0, 4900910.0], [568690.0, 4900900.0], [568680.0, 4900900.0], [568680.0, 4900890.0], [568670.0, 4900890.0], [568670.0, 4900880.0], [568660.0, 4900880.0], [568660.0, 4900860.0], [568650.0, 4900860.0], [568650.0, 4900820.0], [568640.0, 4900820.0], [568640.0, 4900810.0], [568630.0, 4900810.0], [568630.0, 4900790.0], [568620.0, 4900790.0], [568620.0, 4900780.0], [568610.0, 4900780.0], [568610.0, 4900770.0], [568600.0, 4900770.0], [568600.0, 4900760.0], [568590.0, 4900760.0], [568590.0, 4900750.0], [568580.0, 4900750.0], [568580.0, 4900740.0], [568570.0, 4900740.0], [568570.0, 4900730.0], [568560.0, 4900730.0], [568560.0, 4900710.0], [568550.0, 4900710.0], [568550.0, 4900700.0], [568520.0, 4900700.0], [568520.0, 4900690.0], [568500.0, 4900690.0], [568500.0, 4900680.0], [568490.0, 4900680.0], [568490.0, 4900660.0], [568480.0, 4900660.0], [568480.0, 4900650.0], [568470.0, 4900650.0], [568470.0, 4900640.0], [568460.0, 4900640.0], [568460.0, 4900630.0], [568450.0, 4900630.0], [568450.0, 4900620.0], [568440.0, 4900620.0], [568440.0, 4900610.0], [568430.0, 4900610.0], [568430.0, 4900570.0], [568420.0, 4900570.0], [568420.0, 4900560.0], [568410.0, 4900560.0], [568410.0, 4900550.0], [568400.0, 4900550.0], [568400.0, 4900540.0], [568390.0, 4900540.0], [568390.0, 4900530.0], [568380.0, 4900530.0], [568380.0, 4900520.0], [568370.0, 4900520.0], [568370.0, 4900510.0], [568350.0, 4900510.0], [568350.0, 4900500.0], [568300.0, 4900500.0], [568300.0, 4900490.0], [568290.0, 4900490.0], [568290.0, 4900480.0], [568280.0, 4900480.0], [568280.0, 4900470.0], [568210.0, 4900470.0], [568210.0, 4900480.0], [568160.0, 4900480.0], [568160.0, 4900460.0], [568150.0, 4900460.0], [568150.0, 4900470.0], [568120.0, 4900470.0], [568120.0, 4900480.0], [568110.0, 4900480.0], [568110.0, 4900470.0], [568100.0, 4900470.0], [568100.0, 4900460.0], [568070.0, 4900460.0], [568070.0, 4900470.0], [568040.0, 4900470.0], [568040.0, 4900480.0], [568030.0, 4900480.0], [568030.0, 4900490.0], [567940.0, 4900490.0], [567940.0, 4900480.0], [567900.0, 4900480.0], [567900.0, 4900470.0], [567880.0, 4900470.0], [567880.0, 4900460.0], [567870.0, 4900460.0], [567870.0, 4900430.0], [567860.0, 4900430.0], [567860.0, 4900420.0], [567850.0, 4900420.0], [567850.0, 4900410.0], [567840.0, 4900410.0], [567840.0, 4900400.0], [567830.0, 4900400.0], [567830.0, 4900390.0], [567800.0, 4900390.0], [567800.0, 4900380.0], [567790.0, 4900380.0], [567790.0, 4900370.0], [567780.0, 4900370.0], [567780.0, 4900360.0], [567770.0, 4900360.0], [567770.0, 4900350.0], [567760.0, 4900350.0], [567760.0, 4900340.0], [567750.0, 4900340.0], [567750.0, 4900330.0], [567740.0, 4900330.0], [567740.0, 4900320.0], [567730.0, 4900320.0], [567730.0, 4900310.0], [567710.0, 4900310.0], [567710.0, 4900300.0], [567700.0, 4900300.0], [567700.0, 4900290.0], [567680.0, 4900290.0], [567680.0, 4900280.0], [567660.0, 4900280.0], [567660.0, 4900270.0], [567650.0, 4900270.0], [567650.0, 4900260.0], [567640.0, 4900260.0], [567640.0, 4900250.0], [567630.0, 4900250.0], [567630.0, 4900240.0], [567620.0, 4900240.0], [567620.0, 4900230.0], [567610.0, 4900230.0], [567610.0, 4900220.0], [567600.0, 4900220.0], [567600.0, 4900210.0], [567580.0, 4900210.0], [567580.0, 4900200.0], [567570.0, 4900200.0], [567570.0, 4900190.0], [567560.0, 4900190.0], [567560.0, 4900180.0], [567550.0, 4900180.0], [567550.0, 4900170.0], [567540.0, 4900170.0], [567540.0, 4900160.0], [567530.0, 4900160.0], [567530.0, 4900140.0], [567520.0, 4900140.0], [567520.0, 4900120.0], [567510.0, 4900120.0], [567510.0, 4900110.0], [567480.0, 4900110.0], [567480.0, 4900100.0], [567470.0, 4900100.0], [567470.0, 4900090.0], [567460.0, 4900090.0], [567460.0, 4900080.0], [567450.0, 4900080.0], [567450.0, 4900070.0], [567430.0, 4900070.0], [567430.0, 4900060.0], [567420.0, 4900060.0], [567420.0, 4900050.0], [567410.0, 4900050.0], [567410.0, 4900040.0], [567390.0, 4900040.0], [567390.0, 4900030.0], [567370.0, 4900030.0], [567370.0, 4900020.0], [567360.0, 4900020.0], [567360.0, 4900010.0], [567350.0, 4900010.0], [567350.0, 4900000.0], [567340.0, 4900000.0], [567340.0, 4899990.0], [567330.0, 4899990.0], [567330.0, 4899970.0], [567320.0, 4899970.0], [567320.0, 4899940.0], [567310.0, 4899940.0], [567310.0, 4899930.0], [567300.0, 4899930.0], [567300.0, 4899910.0], [567290.0, 4899910.0], [567290.0, 4899900.0], [567270.0, 4899900.0], [567270.0, 4899890.0], [567260.0, 4899890.0], [567260.0, 4899880.0], [567250.0, 4899880.0], [567250.0, 4899870.0], [567240.0, 4899870.0], [567240.0, 4899860.0], [567230.0, 4899860.0], [567230.0, 4899850.0], [567220.0, 4899850.0], [567220.0, 4899840.0], [567210.0, 4899840.0], [567210.0, 4899820.0], [567200.0, 4899820.0], [567200.0, 4899800.0], [567190.0, 4899800.0], [567190.0, 4899790.0], [567180.0, 4899790.0], [567180.0, 4899780.0], [567170.0, 4899780.0], [567170.0, 4899770.0], [567160.0, 4899770.0], [567160.0, 4899760.0], [567150.0, 4899760.0], [567150.0, 4899660.0], [567160.0, 4899660.0], [567160.0, 4899650.0], [567170.0, 4899650.0], [567170.0, 4899640.0], [567180.0, 4899640.0], [567180.0, 4899630.0], [567190.0, 4899630.0], [567190.0, 4899620.0], [567200.0, 4899620.0], [567200.0, 4899610.0], [567210.0, 4899610.0], [567210.0, 4899600.0], [567220.0, 4899600.0], [567220.0, 4899590.0], [567230.0, 4899590.0], [567230.0, 4899580.0], [567240.0, 4899580.0], [567240.0, 4899570.0], [567250.0, 4899570.0], [567250.0, 4899560.0], [567260.0, 4899560.0], [567260.0, 4899540.0], [567270.0, 4899540.0], [567270.0, 4899530.0], [567280.0, 4899530.0], [567280.0, 4899520.0], [567290.0, 4899520.0], [567290.0, 4899510.0], [567280.0, 4899510.0], [567280.0, 4899490.0], [567270.0, 4899490.0], [567270.0, 4899460.0], [567260.0, 4899460.0], [567260.0, 4899440.0], [567250.0, 4899440.0], [567250.0, 4899430.0], [567240.0, 4899430.0], [567240.0, 4899200.0], [567250.0, 4899200.0], [567250.0, 4899130.0], [567240.0, 4899130.0], [567240.0, 4899070.0], [567250.0, 4899070.0], [567250.0, 4899050.0], [567260.0, 4899050.0], [567260.0, 4899040.0], [567270.0, 4899040.0], [567270.0, 4899030.0], [567260.0, 4899030.0], [567260.0, 4898910.0], [567270.0, 4898910.0], [567270.0, 4898850.0], [567260.0, 4898850.0], [567260.0, 4898780.0], [567250.0, 4898780.0], [567250.0, 4898760.0], [567240.0, 4898760.0], [567240.0, 4898730.0], [567230.0, 4898730.0], [567230.0, 4898710.0], [567220.0, 4898710.0], [567220.0, 4898680.0], [567210.0, 4898680.0], [567210.0, 4898660.0], [567200.0, 4898660.0], [567200.0, 4898650.0], [567190.0, 4898650.0], [567190.0, 4898620.0], [567180.0, 4898620.0], [567180.0, 4898580.0], [567170.0, 4898580.0], [567170.0, 4898550.0], [567160.0, 4898550.0], [567160.0, 4898540.0], [567150.0, 4898540.0], [567150.0, 4898520.0], [567140.0, 4898520.0], [567140.0, 4898480.0], [567130.0, 4898480.0], [567130.0, 4898460.0], [567120.0, 4898460.0], [567120.0, 4898440.0], [567100.0, 4898440.0], [567100.0, 4898430.0], [567080.0, 4898430.0], [567080.0, 4898420.0], [567060.0, 4898420.0], [567060.0, 4898410.0], [567040.0, 4898410.0], [567040.0, 4898400.0], [567030.0, 4898400.0], [567030.0, 4898390.0], [567020.0, 4898390.0], [567020.0, 4898380.0], [567010.0, 4898380.0], [567010.0, 4898330.0], [567020.0, 4898330.0], [567020.0, 4898320.0], [567030.0, 4898320.0], [567030.0, 4898250.0], [567040.0, 4898250.0], [567040.0, 4898240.0], [567050.0, 4898240.0], [567050.0, 4898200.0], [567040.0, 4898200.0], [567040.0, 4898190.0], [567030.0, 4898190.0], [567030.0, 4898180.0], [567020.0, 4898180.0], [567020.0, 4898130.0], [567010.0, 4898130.0], [567010.0, 4898120.0], [567000.0, 4898120.0], [567000.0, 4898110.0], [566990.0, 4898110.0], [566990.0, 4898100.0], [566980.0, 4898100.0], [566980.0, 4898090.0], [566970.0, 4898090.0], [566970.0, 4898060.0], [566960.0, 4898060.0], [566960.0, 4898050.0], [566940.0, 4898050.0], [566940.0, 4898040.0], [566930.0, 4898040.0], [566930.0, 4898030.0], [566920.0, 4898030.0], [566920.0, 4898020.0], [566910.0, 4898020.0], [566910.0, 4898010.0], [566900.0, 4898010.0], [566900.0, 4898000.0], [566890.0, 4898000.0], [566890.0, 4897990.0], [566880.0, 4897990.0], [566880.0, 4897980.0], [566870.0, 4897980.0], [566870.0, 4897960.0], [566850.0, 4897960.0], [566850.0, 4897950.0], [566840.0, 4897950.0], [566840.0, 4897940.0], [566830.0, 4897940.0], [566830.0, 4897930.0], [566810.0, 4897930.0], [566810.0, 4897910.0], [566770.0, 4897910.0], [566770.0, 4897920.0], [566760.0, 4897920.0], [566760.0, 4897930.0], [566690.0, 4897930.0], [566690.0, 4897920.0], [566680.0, 4897920.0], [566680.0, 4897910.0], [566670.0, 4897910.0], [566670.0, 4897900.0], [566660.0, 4897900.0], [566660.0, 4897890.0], [566650.0, 4897890.0], [566650.0, 4897880.0], [566570.0, 4897880.0], [566570.0, 4897890.0], [566560.0, 4897890.0], [566560.0, 4897900.0], [566540.0, 4897900.0], [566540.0, 4897890.0], [566530.0, 4897890.0], [566530.0, 4897900.0], [566500.0, 4897900.0], [566500.0, 4897890.0], [566480.0, 4897890.0], [566480.0, 4897880.0], [566440.0, 4897880.0], [566440.0, 4897870.0], [566420.0, 4897870.0], [566420.0, 4897770.0], [566410.0, 4897770.0], [566410.0, 4897760.0], [566390.0, 4897760.0], [566390.0, 4897750.0], [566380.0, 4897750.0], [566380.0, 4897740.0], [566320.0, 4897740.0], [566320.0, 4897730.0], [566300.0, 4897730.0], [566300.0, 4897740.0], [566290.0, 4897740.0], [566290.0, 4897730.0], [566250.0, 4897730.0], [566250.0, 4897740.0], [566230.0, 4897740.0], [566230.0, 4897750.0], [566220.0, 4897750.0], [566220.0, 4897760.0], [566200.0, 4897760.0], [566200.0, 4897770.0], [566140.0, 4897770.0], [566140.0, 4897760.0], [566010.0, 4897760.0], [566010.0, 4897770.0], [566000.0, 4897770.0], [566000.0, 4897780.0], [565990.0, 4897780.0], [565990.0, 4897790.0], [565900.0, 4897790.0], [565900.0, 4897780.0], [565890.0, 4897780.0], [565890.0, 4897770.0], [565880.0, 4897770.0], [565880.0, 4897730.0], [565870.0, 4897730.0], [565870.0, 4897720.0], [565860.0, 4897720.0], [565860.0, 4897710.0], [565850.0, 4897710.0], [565850.0, 4897700.0], [565840.0, 4897700.0], [565840.0, 4897690.0], [565830.0, 4897690.0], [565830.0, 4897680.0], [565790.0, 4897680.0], [565790.0, 4897630.0], [565780.0, 4897630.0], [565780.0, 4897620.0], [565770.0, 4897620.0], [565770.0, 4897590.0], [565760.0, 4897590.0], [565760.0, 4897580.0], [565750.0, 4897580.0], [565750.0, 4897570.0], [565710.0, 4897570.0], [565710.0, 4897550.0], [565700.0, 4897550.0], [565700.0, 4897510.0], [565690.0, 4897510.0], [565690.0, 4897470.0], [565680.0, 4897470.0], [565680.0, 4897450.0], [565670.0, 4897450.0], [565670.0, 4897440.0], [565660.0, 4897440.0], [565660.0, 4897430.0], [565650.0, 4897430.0], [565650.0, 4897420.0], [565640.0, 4897420.0], [565640.0, 4897410.0], [565630.0, 4897410.0], [565630.0, 4897400.0], [565610.0, 4897400.0], [565610.0, 4897390.0], [565590.0, 4897390.0], [565590.0, 4897380.0], [565580.0, 4897380.0], [565580.0, 4897370.0], [565570.0, 4897370.0], [565570.0, 4897360.0], [565560.0, 4897360.0], [565560.0, 4897350.0], [565550.0, 4897350.0], [565550.0, 4897340.0], [565540.0, 4897340.0], [565540.0, 4897330.0], [565530.0, 4897330.0], [565530.0, 4897320.0], [565520.0, 4897320.0], [565520.0, 4897230.0], [565510.0, 4897230.0], [565510.0, 4897210.0], [565500.0, 4897210.0], [565500.0, 4897110.0], [565490.0, 4897110.0], [565490.0, 4897100.0], [565480.0, 4897100.0], [565480.0, 4897020.0], [565490.0, 4897020.0], [565490.0, 4897000.0], [565480.0, 4897000.0], [565480.0, 4896860.0], [565490.0, 4896860.0], [565490.0, 4896840.0], [565440.0, 4896840.0], [565440.0, 4896830.0], [565430.0, 4896830.0], [565430.0, 4896820.0], [565420.0, 4896820.0], [565420.0, 4896810.0], [565330.0, 4896810.0], [565330.0, 4896800.0], [565320.0, 4896800.0], [565320.0, 4896790.0], [565310.0, 4896790.0], [565310.0, 4896780.0], [565300.0, 4896780.0], [565300.0, 4896770.0], [565290.0, 4896770.0], [565290.0, 4896760.0], [565280.0, 4896760.0], [565280.0, 4896750.0], [565270.0, 4896750.0], [565270.0, 4896740.0], [565260.0, 4896740.0], [565260.0, 4896730.0], [565250.0, 4896730.0], [565250.0, 4896720.0], [565240.0, 4896720.0], [565240.0, 4896710.0], [565230.0, 4896710.0], [565230.0, 4896700.0], [565220.0, 4896700.0], [565220.0, 4896690.0], [565210.0, 4896690.0], [565210.0, 4896680.0], [565200.0, 4896680.0], [565200.0, 4896670.0], [565190.0, 4896670.0], [565190.0, 4896660.0], [565180.0, 4896660.0], [565180.0, 4896650.0], [565170.0, 4896650.0], [565170.0, 4896640.0], [565160.0, 4896640.0], [565160.0, 4896630.0], [565150.0, 4896630.0], [565150.0, 4896620.0], [565130.0, 4896620.0], [565130.0, 4896610.0], [565120.0, 4896610.0], [565120.0, 4896600.0], [565110.0, 4896600.0], [565110.0, 4896590.0], [565080.0, 4896590.0], [565080.0, 4896570.0], [565070.0, 4896570.0], [565070.0, 4896400.0], [565060.0, 4896400.0], [565060.0, 4896390.0], [565050.0, 4896390.0], [565050.0, 4896380.0], [565040.0, 4896380.0], [565040.0, 4896350.0], [565030.0, 4896350.0], [565030.0, 4896320.0], [565020.0, 4896320.0], [565020.0, 4896300.0], [565010.0, 4896300.0], [565010.0, 4896280.0], [565000.0, 4896280.0], [565000.0, 4896250.0], [564990.0, 4896250.0], [564990.0, 4896230.0], [564980.0, 4896230.0], [564980.0, 4896210.0], [564970.0, 4896210.0], [564970.0, 4896200.0], [564960.0, 4896200.0], [564960.0, 4896180.0], [564950.0, 4896180.0], [564950.0, 4896170.0], [564940.0, 4896170.0], [564940.0, 4896150.0], [564930.0, 4896150.0], [564930.0, 4896140.0], [564920.0, 4896140.0], [564920.0, 4896130.0], [564910.0, 4896130.0], [564910.0, 4896070.0], [564900.0, 4896070.0], [564900.0, 4896060.0], [564890.0, 4896060.0], [564890.0, 4896050.0], [564880.0, 4896050.0], [564880.0, 4896040.0], [564870.0, 4896040.0], [564870.0, 4896030.0], [564860.0, 4896030.0], [564860.0, 4896020.0], [564850.0, 4896020.0], [564850.0, 4896010.0], [564840.0, 4896010.0], [564840.0, 4895990.0], [564830.0, 4895990.0], [564830.0, 4895980.0], [564820.0, 4895980.0], [564820.0, 4895950.0], [564810.0, 4895950.0], [564810.0, 4895940.0], [564800.0, 4895940.0], [564800.0, 4895930.0], [564790.0, 4895930.0], [564790.0, 4895920.0], [564780.0, 4895920.0], [564780.0, 4895910.0], [564770.0, 4895910.0], [564770.0, 4895900.0], [564760.0, 4895900.0], [564760.0, 4895840.0], [564750.0, 4895840.0], [564750.0, 4895760.0], [564740.0, 4895760.0], [564740.0, 4895730.0], [564730.0, 4895730.0], [564730.0, 4895710.0], [564720.0, 4895710.0], [564720.0, 4895690.0], [564710.0, 4895690.0], [564710.0, 4895670.0], [564700.0, 4895670.0], [564700.0, 4895660.0], [564690.0, 4895660.0], [564690.0, 4895650.0], [564680.0, 4895650.0], [564680.0, 4895640.0], [564660.0, 4895640.0], [564660.0, 4895630.0], [564650.0, 4895630.0], [564650.0, 4895620.0], [564630.0, 4895620.0], [564630.0, 4895610.0], [564640.0, 4895610.0], [564640.0, 4895600.0], [564650.0, 4895600.0], [564650.0, 4895580.0], [564660.0, 4895580.0], [564660.0, 4895570.0], [564670.0, 4895570.0], [564670.0, 4895560.0], [564680.0, 4895560.0], [564680.0, 4895550.0], [564690.0, 4895550.0], [564690.0, 4895540.0], [564700.0, 4895540.0], [564700.0, 4895530.0], [564710.0, 4895530.0], [564710.0, 4895520.0], [564720.0, 4895520.0], [564720.0, 4895510.0], [564730.0, 4895510.0], [564730.0, 4895500.0], [564740.0, 4895500.0], [564740.0, 4895490.0], [564750.0, 4895490.0], [564750.0, 4895480.0], [564760.0, 4895480.0], [564760.0, 4895470.0], [564780.0, 4895470.0], [564780.0, 4895460.0], [564790.0, 4895460.0], [564790.0, 4895450.0], [564810.0, 4895450.0], [564810.0, 4895440.0], [564830.0, 4895440.0], [564830.0, 4895430.0], [564870.0, 4895430.0], [564870.0, 4895420.0], [564920.0, 4895420.0], [564920.0, 4895410.0], [564950.0, 4895410.0], [564950.0, 4895400.0], [564980.0, 4895400.0], [564980.0, 4895390.0], [564990.0, 4895390.0], [564990.0, 4895380.0], [565000.0, 4895380.0], [565000.0, 4895370.0], [565020.0, 4895370.0], [565020.0, 4895360.0], [565070.0, 4895360.0], [565070.0, 4895350.0], [565210.0, 4895350.0], [565210.0, 4895330.0], [565220.0, 4895330.0], [565220.0, 4895320.0], [565230.0, 4895320.0], [565230.0, 4895310.0], [565240.0, 4895310.0], [565240.0, 4895300.0], [565260.0, 4895300.0], [565260.0, 4895290.0], [565270.0, 4895290.0], [565270.0, 4895280.0], [565300.0, 4895280.0], [565300.0, 4895270.0], [565350.0, 4895270.0], [565350.0, 4895260.0], [565390.0, 4895260.0], [565390.0, 4895250.0], [565430.0, 4895250.0], [565430.0, 4895240.0], [565460.0, 4895240.0], [565460.0, 4895230.0], [565480.0, 4895230.0], [565480.0, 4895220.0], [565490.0, 4895220.0], [565490.0, 4895210.0], [565500.0, 4895210.0], [565500.0, 4895200.0], [565520.0, 4895200.0], [565520.0, 4895190.0], [565540.0, 4895190.0], [565540.0, 4895180.0], [565550.0, 4895180.0], [565550.0, 4895170.0], [565570.0, 4895170.0], [565570.0, 4895160.0], [565590.0, 4895160.0], [565590.0, 4895150.0], [565600.0, 4895150.0], [565600.0, 4895140.0], [565620.0, 4895140.0], [565620.0, 4895130.0], [565660.0, 4895130.0], [565660.0, 4895120.0], [565690.0, 4895120.0], [565690.0, 4895110.0], [565720.0, 4895110.0], [565720.0, 4895100.0], [565850.0, 4895100.0], [565850.0, 4895090.0], [565880.0, 4895090.0], [565880.0, 4895100.0], [565940.0, 4895100.0], [565940.0, 4895090.0], [565960.0, 4895090.0], [565960.0, 4895100.0], [565990.0, 4895100.0], [565990.0, 4895090.0], [566000.0, 4895090.0], [566000.0, 4895080.0], [566020.0, 4895080.0], [566020.0, 4895070.0], [566030.0, 4895070.0], [566030.0, 4895060.0], [566040.0, 4895060.0], [566040.0, 4895040.0], [566050.0, 4895040.0], [566050.0, 4895030.0], [566060.0, 4895030.0], [566060.0, 4895020.0], [566070.0, 4895020.0], [566070.0, 4895010.0], [566080.0, 4895010.0], [566080.0, 4894990.0], [566090.0, 4894990.0], [566090.0, 4894970.0], [566100.0, 4894970.0], [566100.0, 4894960.0], [566110.0, 4894960.0], [566110.0, 4894950.0], [566120.0, 4894950.0], [566120.0, 4894940.0], [566130.0, 4894940.0], [566130.0, 4894930.0], [566140.0, 4894930.0], [566140.0, 4894920.0], [566150.0, 4894920.0], [566150.0, 4894910.0], [566170.0, 4894910.0], [566170.0, 4894890.0], [566190.0, 4894890.0], [566190.0, 4894880.0], [566200.0, 4894880.0], [566200.0, 4894870.0], [566210.0, 4894870.0], [566210.0, 4894860.0], [566220.0, 4894860.0], [566220.0, 4894850.0], [566230.0, 4894850.0], [566230.0, 4894840.0], [566240.0, 4894840.0], [566240.0, 4894820.0], [566250.0, 4894820.0], [566250.0, 4894800.0], [566260.0, 4894800.0], [566260.0, 4894790.0], [566280.0, 4894790.0], [566280.0, 4894780.0], [566290.0, 4894780.0], [566290.0, 4894760.0], [566300.0, 4894760.0], [566300.0, 4894750.0], [566310.0, 4894750.0], [566310.0, 4894740.0], [566320.0, 4894740.0], [566320.0, 4894730.0], [566330.0, 4894730.0], [566330.0, 4894720.0], [566350.0, 4894720.0], [566350.0, 4894710.0], [566360.0, 4894710.0], [566360.0, 4894700.0], [566370.0, 4894700.0], [566370.0, 4894690.0], [566380.0, 4894690.0], [566380.0, 4894680.0], [566390.0, 4894680.0], [566390.0, 4894670.0], [566400.0, 4894670.0], [566400.0, 4894660.0], [566410.0, 4894660.0], [566410.0, 4894650.0], [566420.0, 4894650.0], [566420.0, 4894640.0], [566430.0, 4894640.0], [566430.0, 4894630.0], [566440.0, 4894630.0], [566440.0, 4894620.0], [566460.0, 4894620.0], [566460.0, 4894610.0], [566520.0, 4894610.0], [566520.0, 4894600.0], [566550.0, 4894600.0], [566550.0, 4894610.0], [566560.0, 4894610.0], [566560.0, 4894620.0], [566580.0, 4894620.0], [566580.0, 4894630.0], [566600.0, 4894630.0], [566600.0, 4894640.0], [566620.0, 4894640.0], [566620.0, 4894660.0], [566630.0, 4894660.0], [566630.0, 4894670.0], [566660.0, 4894670.0], [566660.0, 4894680.0], [566670.0, 4894680.0], [566670.0, 4894690.0], [566690.0, 4894690.0], [566690.0, 4894700.0], [566710.0, 4894700.0], [566710.0, 4894710.0], [566750.0, 4894710.0], [566750.0, 4894720.0], [566770.0, 4894720.0], [566770.0, 4894730.0], [566800.0, 4894730.0], [566800.0, 4894740.0], [566830.0, 4894740.0], [566830.0, 4894750.0], [566840.0, 4894750.0], [566840.0, 4894760.0], [566860.0, 4894760.0], [566860.0, 4894770.0], [566880.0, 4894770.0], [566880.0, 4894780.0], [566900.0, 4894780.0], [566900.0, 4894790.0], [566920.0, 4894790.0], [566920.0, 4894800.0], [566940.0, 4894800.0], [566940.0, 4894810.0], [566960.0, 4894810.0], [566960.0, 4894820.0], [566980.0, 4894820.0], [566980.0, 4894830.0], [567000.0, 4894830.0], [567000.0, 4894840.0], [567010.0, 4894840.0], [567010.0, 4894850.0], [567110.0, 4894850.0], [567110.0, 4894840.0], [567290.0, 4894840.0], [567290.0, 4894850.0], [567300.0, 4894850.0], [567300.0, 4894860.0], [567310.0, 4894860.0], [567310.0, 4894870.0], [567330.0, 4894870.0], [567330.0, 4894880.0], [567340.0, 4894880.0], [567340.0, 4894890.0], [567370.0, 4894890.0], [567370.0, 4894900.0], [567460.0, 4894900.0], [567460.0, 4894910.0], [567490.0, 4894910.0], [567490.0, 4894920.0], [567530.0, 4894920.0], [567530.0, 4894930.0], [567540.0, 4894930.0], [567540.0, 4894940.0], [567560.0, 4894940.0], [567560.0, 4894950.0], [567580.0, 4894950.0], [567580.0, 4894960.0], [567660.0, 4894960.0], [567660.0, 4894950.0], [567710.0, 4894950.0], [567710.0, 4894940.0], [567750.0, 4894940.0], [567750.0, 4894930.0], [567780.0, 4894930.0], [567780.0, 4894920.0], [567790.0, 4894920.0], [567790.0, 4894910.0], [567800.0, 4894910.0], [567800.0, 4894900.0], [567810.0, 4894900.0], [567810.0, 4894890.0], [567830.0, 4894890.0], [567830.0, 4894880.0], [567850.0, 4894880.0], [567850.0, 4894870.0], [567870.0, 4894870.0], [567870.0, 4894860.0], [567880.0, 4894860.0], [567880.0, 4894850.0], [567900.0, 4894850.0], [567900.0, 4894840.0], [567920.0, 4894840.0], [567920.0, 4894830.0], [567950.0, 4894830.0], [567950.0, 4894820.0], [567980.0, 4894820.0], [567980.0, 4894810.0], [568000.0, 4894810.0], [568000.0, 4894800.0], [568030.0, 4894800.0], [568030.0, 4894790.0], [568090.0, 4894790.0], [568090.0, 4894800.0], [568100.0, 4894800.0], [568100.0, 4894810.0], [568110.0, 4894810.0], [568110.0, 4894820.0], [568130.0, 4894820.0], [568130.0, 4894830.0], [568140.0, 4894830.0], [568140.0, 4894840.0], [568160.0, 4894840.0], [568160.0, 4894850.0], [568170.0, 4894850.0], [568170.0, 4894860.0], [568180.0, 4894860.0], [568180.0, 4894870.0], [568190.0, 4894870.0], [568190.0, 4894880.0], [568200.0, 4894880.0], [568200.0, 4894890.0], [568210.0, 4894890.0], [568210.0, 4894900.0], [568230.0, 4894900.0], [568230.0, 4894910.0], [568240.0, 4894910.0], [568240.0, 4894920.0], [568260.0, 4894920.0], [568260.0, 4894930.0], [568290.0, 4894930.0], [568290.0, 4894940.0], [568310.0, 4894940.0], [568310.0, 4894950.0], [568330.0, 4894950.0], [568330.0, 4894960.0], [568420.0, 4894960.0], [568420.0, 4894950.0], [568440.0, 4894950.0], [568440.0, 4894940.0], [568460.0, 4894940.0], [568460.0, 4894930.0], [568480.0, 4894930.0], [568480.0, 4894920.0], [568490.0, 4894920.0], [568490.0, 4894910.0], [568500.0, 4894910.0], [568500.0, 4894900.0], [568510.0, 4894900.0], [568510.0, 4894890.0], [568520.0, 4894890.0], [568520.0, 4894870.0], [568530.0, 4894870.0], [568530.0, 4894860.0], [568540.0, 4894860.0], [568540.0, 4894850.0], [568550.0, 4894850.0], [568550.0, 4894840.0], [568560.0, 4894840.0], [568560.0, 4894830.0], [568570.0, 4894830.0], [568570.0, 4894820.0], [568580.0, 4894820.0], [568580.0, 4894800.0], [568590.0, 4894800.0], [568590.0, 4894780.0], [568600.0, 4894780.0], [568600.0, 4894750.0], [568620.0, 4894750.0], [568620.0, 4894760.0], [568630.0, 4894760.0], [568630.0, 4894770.0], [568640.0, 4894770.0], [568640.0, 4894780.0], [568660.0, 4894780.0], [568660.0, 4894790.0], [568710.0, 4894790.0], [568710.0, 4894800.0], [568730.0, 4894800.0], [568730.0, 4894810.0], [568750.0, 4894810.0], [568750.0, 4894820.0], [568760.0, 4894820.0], [568760.0, 4894830.0], [568770.0, 4894830.0], [568770.0, 4894840.0], [568790.0, 4894840.0], [568790.0, 4894850.0], [568820.0, 4894850.0], [568820.0, 4894860.0], [568850.0, 4894860.0], [568850.0, 4894870.0], [568860.0, 4894870.0], [568860.0, 4894880.0], [568880.0, 4894880.0], [568880.0, 4894890.0], [568890.0, 4894890.0], [568890.0, 4894900.0], [568900.0, 4894900.0], [568900.0, 4894910.0], [568930.0, 4894910.0], [568930.0, 4894920.0], [568940.0, 4894920.0], [568940.0, 4894930.0], [568960.0, 4894930.0], [568960.0, 4894940.0], [568970.0, 4894940.0], [568970.0, 4894950.0], [568980.0, 4894950.0], [568980.0, 4894960.0], [569010.0, 4894960.0], [569010.0, 4894970.0], [569070.0, 4894970.0], [569070.0, 4894980.0], [569220.0, 4894980.0], [569220.0, 4894970.0], [569240.0, 4894970.0], [569240.0, 4894960.0], [569260.0, 4894960.0], [569260.0, 4894950.0], [569280.0, 4894950.0], [569280.0, 4894940.0], [569300.0, 4894940.0], [569300.0, 4894930.0], [569320.0, 4894930.0], [569320.0, 4894920.0], [569340.0, 4894920.0], [569340.0, 4894910.0], [569350.0, 4894910.0], [569350.0, 4894900.0], [569360.0, 4894900.0], [569360.0, 4894890.0], [569370.0, 4894890.0], [569370.0, 4894880.0], [569380.0, 4894880.0], [569380.0, 4894870.0], [569400.0, 4894870.0], [569400.0, 4894860.0], [569420.0, 4894860.0], [569420.0, 4894850.0], [569450.0, 4894850.0], [569450.0, 4894840.0], [569470.0, 4894840.0], [569470.0, 4894850.0], [569500.0, 4894850.0], [569500.0, 4894860.0], [569530.0, 4894860.0], [569530.0, 4894870.0], [569550.0, 4894870.0], [569550.0, 4894880.0], [569560.0, 4894880.0], [569560.0, 4894890.0], [569570.0, 4894890.0], [569570.0, 4894900.0], [569580.0, 4894900.0], [569580.0, 4894910.0], [569600.0, 4894910.0], [569600.0, 4894920.0], [569690.0, 4894920.0], [569690.0, 4894910.0], [569730.0, 4894910.0], [569730.0, 4894900.0], [569780.0, 4894900.0], [569780.0, 4894890.0], [569840.0, 4894890.0], [569840.0, 4894880.0], [569870.0, 4894880.0], [569870.0, 4894870.0], [569930.0, 4894870.0], [569930.0, 4894880.0], [569960.0, 4894880.0], [569960.0, 4894890.0], [569980.0, 4894890.0], [569980.0, 4894900.0], [570030.0, 4894900.0], [570030.0, 4894910.0], [570090.0, 4894910.0], [570090.0, 4894900.0], [570140.0, 4894900.0], [570140.0, 4894890.0], [570180.0, 4894890.0], [570180.0, 4894880.0], [570210.0, 4894880.0], [570210.0, 4894870.0], [570230.0, 4894870.0], [570230.0, 4894860.0], [570250.0, 4894860.0], [570250.0, 4894850.0], [570260.0, 4894850.0], [570260.0, 4894840.0], [570280.0, 4894840.0], [570280.0, 4894830.0], [570290.0, 4894830.0], [570290.0, 4894840.0], [570340.0, 4894840.0], [570340.0, 4894850.0], [570370.0, 4894850.0], [570370.0, 4894860.0], [570460.0, 4894860.0], [570460.0, 4894870.0], [570540.0, 4894870.0], [570540.0, 4894860.0], [570570.0, 4894860.0], [570570.0, 4894850.0], [570590.0, 4894850.0], [570590.0, 4894840.0], [570610.0, 4894840.0], [570610.0, 4894830.0], [570630.0, 4894830.0], [570630.0, 4894820.0], [570690.0, 4894820.0], [570690.0, 4894810.0], [570710.0, 4894810.0], [570710.0, 4894800.0], [570730.0, 4894800.0], [570730.0, 4894790.0], [570760.0, 4894790.0], [570760.0, 4894800.0], [570770.0, 4894800.0], [570770.0, 4894810.0], [570780.0, 4894810.0], [570780.0, 4894820.0], [570790.0, 4894820.0], [570790.0, 4894830.0], [570840.0, 4894830.0], [570840.0, 4894840.0], [570860.0, 4894840.0], [570860.0, 4894850.0], [570880.0, 4894850.0], [570880.0, 4894860.0], [570940.0, 4894860.0], [570940.0, 4894870.0], [570950.0, 4894870.0], [570950.0, 4894880.0], [570960.0, 4894880.0], [570960.0, 4894890.0], [570980.0, 4894890.0], [570980.0, 4894900.0], [570990.0, 4894900.0], [570990.0, 4894910.0], [571010.0, 4894910.0], [571010.0, 4894920.0], [571030.0, 4894920.0], [571030.0, 4894930.0], [571060.0, 4894930.0], [571060.0, 4894940.0], [571100.0, 4894940.0], [571100.0, 4894950.0], [571230.0, 4894950.0], [571230.0, 4894960.0], [571240.0, 4894960.0], [571240.0, 4894970.0], [571250.0, 4894970.0], [571250.0, 4894980.0], [571260.0, 4894980.0], [571260.0, 4895000.0], [571270.0, 4895000.0], [571270.0, 4895010.0], [571280.0, 4895010.0], [571280.0, 4895030.0], [571290.0, 4895030.0], [571290.0, 4895050.0], [571300.0, 4895050.0], [571300.0, 4895060.0], [571310.0, 4895060.0], [571310.0, 4895070.0], [571320.0, 4895070.0], [571320.0, 4895080.0], [571340.0, 4895080.0], [571340.0, 4895090.0], [571350.0, 4895090.0], [571350.0, 4895100.0], [571360.0, 4895100.0], [571360.0, 4895220.0], [571370.0, 4895220.0], [571370.0, 4895250.0], [571380.0, 4895250.0], [571380.0, 4895270.0], [571390.0, 4895270.0], [571390.0, 4895370.0], [571380.0, 4895370.0], [571380.0, 4895410.0], [571390.0, 4895410.0], [571390.0, 4895420.0], [571400.0, 4895420.0], [571400.0, 4895440.0], [571410.0, 4895440.0], [571410.0, 4895450.0], [571420.0, 4895450.0], [571420.0, 4895460.0], [571430.0, 4895460.0], [571430.0, 4895470.0], [571440.0, 4895470.0], [571440.0, 4895480.0], [571450.0, 4895480.0], [571450.0, 4895490.0], [571470.0, 4895490.0], [571470.0, 4895500.0], [571490.0, 4895500.0], [571490.0, 4895510.0], [571500.0, 4895510.0], [571500.0, 4895520.0], [571510.0, 4895520.0], [571510.0, 4895530.0], [571530.0, 4895530.0], [571530.0, 4895540.0], [571540.0, 4895540.0], [571540.0, 4895550.0], [571550.0, 4895550.0], [571550.0, 4895560.0], [571560.0, 4895560.0], [571560.0, 4895570.0], [571570.0, 4895570.0], [571570.0, 4895580.0], [571580.0, 4895580.0], [571580.0, 4895590.0], [571590.0, 4895590.0], [571590.0, 4895600.0], [571600.0, 4895600.0], [571600.0, 4895630.0], [571610.0, 4895630.0], [571610.0, 4895640.0], [571620.0, 4895640.0], [571620.0, 4895650.0], [571630.0, 4895650.0], [571630.0, 4895660.0], [571640.0, 4895660.0], [571640.0, 4895680.0], [571650.0, 4895680.0], [571650.0, 4895690.0], [571660.0, 4895690.0], [571660.0, 4895700.0], [571670.0, 4895700.0], [571670.0, 4895710.0], [571680.0, 4895710.0], [571680.0, 4895720.0], [571690.0, 4895720.0], [571690.0, 4895730.0], [571700.0, 4895730.0], [571700.0, 4895740.0], [571710.0, 4895740.0], [571710.0, 4895750.0], [571720.0, 4895750.0], [571720.0, 4895760.0], [571730.0, 4895760.0], [571730.0, 4895770.0], [571740.0, 4895770.0], [571740.0, 4895780.0], [571750.0, 4895780.0], [571750.0, 4895790.0], [571760.0, 4895790.0], [571760.0, 4895800.0], [571770.0, 4895800.0], [571770.0, 4895830.0], [571760.0, 4895830.0], [571760.0, 4895860.0], [571750.0, 4895860.0], [571750.0, 4895880.0], [571740.0, 4895880.0], [571740.0, 4895900.0], [571730.0, 4895900.0], [571730.0, 4895930.0], [571720.0, 4895930.0], [571720.0, 4895980.0], [571710.0, 4895980.0], [571710.0, 4896030.0], [571700.0, 4896030.0], [571700.0, 4896060.0], [571690.0, 4896060.0], [571690.0, 4896130.0], [571680.0, 4896130.0], [571680.0, 4896260.0], [571670.0, 4896260.0], [571670.0, 4896270.0], [571660.0, 4896270.0], [571660.0, 4896290.0], [571650.0, 4896290.0], [571650.0, 4896300.0], [571640.0, 4896300.0], [571640.0, 4896310.0], [571630.0, 4896310.0], [571630.0, 4896330.0], [571620.0, 4896330.0], [571620.0, 4896410.0], [571610.0, 4896410.0], [571610.0, 4896450.0], [571600.0, 4896450.0], [571600.0, 4896490.0], [571590.0, 4896490.0], [571590.0, 4896520.0], [571580.0, 4896520.0], [571580.0, 4896560.0], [571590.0, 4896560.0], [571590.0, 4896580.0], [571580.0, 4896580.0], [571580.0, 4896630.0], [571570.0, 4896630.0], [571570.0, 4896800.0], [571560.0, 4896800.0], [571560.0, 4896810.0], [571540.0, 4896810.0], [571540.0, 4896820.0], [571530.0, 4896820.0], [571530.0, 4896830.0], [571510.0, 4896830.0], [571510.0, 4896840.0], [571500.0, 4896840.0], [571500.0, 4896860.0], [571490.0, 4896860.0], [571490.0, 4896870.0], [571480.0, 4896870.0], [571480.0, 4896890.0], [571470.0, 4896890.0], [571470.0, 4896910.0], [571460.0, 4896910.0], [571460.0, 4896940.0], [571450.0, 4896940.0], [571450.0, 4896960.0], [571440.0, 4896960.0], [571440.0, 4896980.0], [571430.0, 4896980.0], [571430.0, 4897000.0], [571420.0, 4897000.0], [571420.0, 4897030.0], [571410.0, 4897030.0], [571410.0, 4897170.0], [571420.0, 4897170.0], [571420.0, 4897210.0], [571410.0, 4897210.0], [571410.0, 4897280.0], [571400.0, 4897280.0], [571400.0, 4897290.0], [571390.0, 4897290.0], [571390.0, 4897340.0], [571400.0, 4897340.0], [571400.0, 4897400.0], [571410.0, 4897400.0], [571410.0, 4897450.0], [571420.0, 4897450.0], [571420.0, 4897460.0], [571430.0, 4897460.0], [571430.0, 4897480.0], [571440.0, 4897480.0], [571440.0, 4897490.0], [571450.0, 4897490.0], [571450.0, 4897590.0], [571460.0, 4897590.0], [571460.0, 4897630.0], [571450.0, 4897630.0], [571450.0, 4897640.0], [571430.0, 4897640.0], [571430.0, 4897650.0], [571420.0, 4897650.0], [571420.0, 4897660.0], [571410.0, 4897660.0], [571410.0, 4897670.0], [571400.0, 4897670.0], [571400.0, 4897680.0], [571390.0, 4897680.0], [571390.0, 4897690.0], [571380.0, 4897690.0], [571380.0, 4897710.0], [571370.0, 4897710.0], [571370.0, 4897720.0], [571360.0, 4897720.0], [571360.0, 4897730.0], [571350.0, 4897730.0], [571350.0, 4897740.0], [571340.0, 4897740.0], [571340.0, 4897750.0], [571330.0, 4897750.0], [571330.0, 4897760.0], [571320.0, 4897760.0], [571320.0, 4897860.0], [571330.0, 4897860.0], [571330.0, 4897880.0], [571340.0, 4897880.0], [571340.0, 4897910.0], [571350.0, 4897910.0], [571350.0, 4897940.0], [571360.0, 4897940.0], [571360.0, 4898010.0], [571370.0, 4898010.0], [571370.0, 4898060.0], [571360.0, 4898060.0], [571360.0, 4898130.0], [571350.0, 4898130.0], [571350.0, 4898150.0], [571340.0, 4898150.0], [571340.0, 4898180.0], [571330.0, 4898180.0], [571330.0, 4898280.0], [571340.0, 4898280.0], [571340.0, 4898310.0], [571330.0, 4898310.0], [571330.0, 4898330.0], [571320.0, 4898330.0], [571320.0, 4898360.0], [571310.0, 4898360.0], [571310.0, 4898430.0], [571300.0, 4898430.0], [571300.0, 4898450.0], [571290.0, 4898450.0], [571290.0, 4898460.0], [571280.0, 4898460.0], [571280.0, 4898480.0], [571270.0, 4898480.0], [571270.0, 4898490.0], [571260.0, 4898490.0], [571260.0, 4898510.0], [571250.0, 4898510.0], [571250.0, 4898520.0], [571240.0, 4898520.0], [571240.0, 4898530.0], [571230.0, 4898530.0], [571230.0, 4898540.0], [571220.0, 4898540.0], [571220.0, 4898560.0], [571210.0, 4898560.0], [571210.0, 4898570.0], [571200.0, 4898570.0], [571200.0, 4898580.0], [571190.0, 4898580.0], [571190.0, 4898590.0], [571180.0, 4898590.0], [571180.0, 4898600.0], [571170.0, 4898600.0], [571170.0, 4898620.0], [571160.0, 4898620.0], [571160.0, 4898630.0], [571150.0, 4898630.0], [571150.0, 4898640.0], [571140.0, 4898640.0], [571140.0, 4898660.0], [571130.0, 4898660.0], [571130.0, 4898680.0], [571060.0, 4898680.0], [571060.0, 4898690.0], [571030.0, 4898690.0], [571030.0, 4898700.0], [571020.0, 4898700.0], [571020.0, 4898710.0], [571000.0, 4898710.0], [571000.0, 4898720.0], [570980.0, 4898720.0], [570980.0, 4898730.0], [570970.0, 4898730.0], [570970.0, 4898740.0], [570960.0, 4898740.0], [570960.0, 4898750.0], [570950.0, 4898750.0], [570950.0, 4898760.0], [570930.0, 4898760.0], [570930.0, 4898770.0], [570920.0, 4898770.0], [570920.0, 4898780.0], [570910.0, 4898780.0], [570910.0, 4898790.0], [570900.0, 4898790.0], [570900.0, 4898800.0], [570890.0, 4898800.0], [570890.0, 4898810.0], [570880.0, 4898810.0], [570880.0, 4898820.0], [570860.0, 4898820.0], [570860.0, 4898830.0], [570850.0, 4898830.0], [570850.0, 4898840.0], [570840.0, 4898840.0], [570840.0, 4898850.0], [570830.0, 4898850.0], [570830.0, 4898860.0], [570820.0, 4898860.0], [570820.0, 4898870.0], [570810.0, 4898870.0], [570810.0, 4898880.0], [570800.0, 4898880.0], [570800.0, 4898890.0], [570780.0, 4898890.0], [570780.0, 4898900.0], [570770.0, 4898900.0], [570770.0, 4898910.0], [570750.0, 4898910.0], [570750.0, 4898920.0], [570740.0, 4898920.0], [570740.0, 4898930.0], [570730.0, 4898930.0], [570730.0, 4898940.0], [570720.0, 4898940.0], [570720.0, 4898950.0], [570700.0, 4898950.0], [570700.0, 4898960.0], [570690.0, 4898960.0], [570690.0, 4898970.0], [570680.0, 4898970.0], [570680.0, 4898980.0], [570670.0, 4898980.0], [570670.0, 4898990.0], [570660.0, 4898990.0], [570660.0, 4899000.0], [570650.0, 4899000.0], [570650.0, 4899010.0], [570640.0, 4899010.0], [570640.0, 4899020.0], [570630.0, 4899020.0], [570630.0, 4899030.0], [570620.0, 4899030.0], [570620.0, 4899040.0], [570610.0, 4899040.0], [570610.0, 4899050.0], [570590.0, 4899050.0], [570590.0, 4899060.0], [570580.0, 4899060.0], [570580.0, 4899070.0], [570550.0, 4899070.0], [570550.0, 4899080.0], [570450.0, 4899080.0], [570450.0, 4899090.0], [570130.0, 4899090.0], [570130.0, 4899100.0], [570110.0, 4899100.0], [570110.0, 4899110.0], [570070.0, 4899110.0], [570070.0, 4899120.0], [569930.0, 4899120.0], [569930.0, 4899110.0], [569840.0, 4899110.0], [569840.0, 4899120.0], [569810.0, 4899120.0], [569810.0, 4899130.0], [569800.0, 4899130.0], [569800.0, 4899140.0], [569790.0, 4899140.0], [569790.0, 4899150.0], [569780.0, 4899150.0], [569780.0, 4899160.0], [569770.0, 4899160.0], [569770.0, 4899170.0], [569760.0, 4899170.0], [569760.0, 4899180.0], [569740.0, 4899180.0], [569740.0, 4899190.0], [569730.0, 4899190.0], [569730.0, 4899200.0], [569710.0, 4899200.0], [569710.0, 4899210.0], [569700.0, 4899210.0], [569700.0, 4899220.0], [569690.0, 4899220.0], [569690.0, 4899230.0], [569680.0, 4899230.0], [569680.0, 4899250.0], [569690.0, 4899250.0], [569690.0, 4899290.0], [569700.0, 4899290.0], [569700.0, 4899320.0], [569710.0, 4899320.0], [569710.0, 4899350.0], [569720.0, 4899350.0], [569720.0, 4899370.0], [569730.0, 4899370.0], [569730.0, 4899400.0], [569740.0, 4899400.0], [569740.0, 4899420.0], [569750.0, 4899420.0], [569750.0, 4899440.0], [569760.0, 4899440.0], [569760.0, 4899490.0], [569750.0, 4899490.0], [569750.0, 4899530.0], [569770.0, 4899530.0], [569770.0, 4899570.0], [569780.0, 4899570.0], [569780.0, 4899640.0], [569770.0, 4899640.0], [569770.0, 4899750.0], [569760.0, 4899750.0], [569760.0, 4899770.0], [569750.0, 4899770.0], [569750.0, 4899860.0], [569740.0, 4899860.0], [569740.0, 4899960.0], [569730.0, 4899960.0], [569730.0, 4899970.0], [569690.0, 4899970.0], [569690.0, 4899980.0], [569670.0, 4899980.0], [569670.0, 4900000.0], [569660.0, 4900000.0], [569660.0, 4900010.0], [569650.0, 4900010.0], [569650.0, 4900020.0], [569640.0, 4900020.0], [569640.0, 4900030.0], [569630.0, 4900030.0], [569630.0, 4900040.0], [569620.0, 4900040.0], [569620.0, 4900050.0], [569600.0, 4900050.0], [569600.0, 4900060.0], [569590.0, 4900060.0], [569590.0, 4900070.0], [569570.0, 4900070.0], [569570.0, 4900080.0], [569560.0, 4900080.0], [569560.0, 4900090.0], [569550.0, 4900090.0], [569550.0, 4900100.0], [569540.0, 4900100.0], [569540.0, 4900120.0], [569530.0, 4900120.0], [569530.0, 4900130.0], [569520.0, 4900130.0], [569520.0, 4900140.0], [569510.0, 4900140.0], [569510.0, 4900150.0], [569500.0, 4900150.0], [569500.0, 4900170.0], [569490.0, 4900170.0], [569490.0, 4900180.0], [569480.0, 4900180.0], [569480.0, 4900190.0], [569470.0, 4900190.0], [569470.0, 4900210.0], [569460.0, 4900210.0], [569460.0, 4900230.0], [569450.0, 4900230.0], [569450.0, 4900240.0], [569440.0, 4900240.0], [569440.0, 4900250.0], [569430.0, 4900250.0], [569430.0, 4900260.0], [569420.0, 4900260.0], [569420.0, 4900280.0], [569410.0, 4900280.0], [569410.0, 4900290.0], [569400.0, 4900290.0], [569400.0, 4900300.0], [569380.0, 4900300.0], [569380.0, 4900310.0], [569370.0, 4900310.0], [569370.0, 4900330.0], [569360.0, 4900330.0], [569360.0, 4900340.0], [569350.0, 4900340.0], [569350.0, 4900360.0], [569340.0, 4900360.0], [569340.0, 4900370.0], [569330.0, 4900370.0], [569330.0, 4900380.0], [569320.0, 4900380.0], [569320.0, 4900400.0], [569310.0, 4900400.0], [569310.0, 4900410.0], [569300.0, 4900410.0], [569300.0, 4900420.0], [569290.0, 4900420.0], [569290.0, 4900430.0], [569280.0, 4900430.0], [569280.0, 4900450.0], [569270.0, 4900450.0], [569270.0, 4900460.0], [569260.0, 4900460.0], [569260.0, 4900470.0], [569250.0, 4900470.0], [569250.0, 4900480.0], [569240.0, 4900480.0], [569240.0, 4900490.0], [569230.0, 4900490.0], [569230.0, 4900510.0], [569220.0, 4900510.0], [569220.0, 4900520.0], [569210.0, 4900520.0], [569210.0, 4900530.0], [569200.0, 4900530.0], [569200.0, 4900540.0], [569190.0, 4900540.0], [569190.0, 4900550.0], [569180.0, 4900550.0], [569180.0, 4900570.0], [569170.0, 4900570.0], [569170.0, 4900580.0], [569160.0, 4900580.0], [569160.0, 4900600.0], [569150.0, 4900600.0], [569150.0, 4900610.0], [569140.0, 4900610.0], [569140.0, 4900630.0], [569130.0, 4900630.0], [569130.0, 4900650.0], [569120.0, 4900650.0], [569120.0, 4900660.0], [569110.0, 4900660.0], [569110.0, 4900680.0], [569100.0, 4900680.0], [569100.0, 4900690.0], [569090.0, 4900690.0], [569090.0, 4900700.0], [569080.0, 4900700.0], [569080.0, 4900710.0], [569070.0, 4900710.0], [569070.0, 4900740.0], [569060.0, 4900740.0], [569060.0, 4900750.0], [569050.0, 4900750.0], [569050.0, 4900760.0], [569040.0, 4900760.0], [569040.0, 4900780.0], [569030.0, 4900780.0], [569030.0, 4900790.0], [569020.0, 4900790.0], [569020.0, 4900820.0], [569010.0, 4900820.0], [569010.0, 4900830.0], [569000.0, 4900830.0], [569000.0, 4900840.0], [568990.0, 4900840.0], [568990.0, 4900850.0], [568980.0, 4900850.0], [568980.0, 4900870.0], [568960.0, 4900870.0], [568960.0, 4900880.0], [568950.0, 4900880.0], [568950.0, 4900890.0], [568940.0, 4900890.0], [568940.0, 4900900.0], [568920.0, 4900900.0], [568920.0, 4900910.0], [568900.0, 4900910.0], [568900.0, 4900920.0], [568880.0, 4900920.0], [568880.0, 4900930.0], [568830.0, 4900930.0], [568830.0, 4900940.0], [568790.0, 4900940.0], [568790.0, 4900950.0], [568780.0, 4900950.0]]]}, "properties": {"site_code": "155", "dem_area_ha": 2691.29, "routing_qc_pass": false}}, {"type": "Feature", "geometry": {"type": "Polygon", "coordinates": [[[559770.0, 4895260.0], [559770.0, 4895250.0], [559750.0, 4895250.0], [559750.0, 4895240.0], [559730.0, 4895240.0], [559730.0, 4895230.0], [559710.0, 4895230.0], [559710.0, 4895220.0], [559700.0, 4895220.0], [559700.0, 4895210.0], [559670.0, 4895210.0], [559670.0, 4895200.0], [559630.0, 4895200.0], [559630.0, 4895210.0], [559590.0, 4895210.0], [559590.0, 4895220.0], [559560.0, 4895220.0], [559560.0, 4895210.0], [559530.0, 4895210.0], [559530.0, 4895200.0], [559490.0, 4895200.0], [559490.0, 4895210.0], [559420.0, 4895210.0], [559420.0, 4895200.0], [559410.0, 4895200.0], [559410.0, 4895190.0], [559400.0, 4895190.0], [559400.0, 4895180.0], [559390.0, 4895180.0], [559390.0, 4895170.0], [559380.0, 4895170.0], [559380.0, 4895160.0], [559370.0, 4895160.0], [559370.0, 4895150.0], [559360.0, 4895150.0], [559360.0, 4895140.0], [559350.0, 4895140.0], [559350.0, 4895130.0], [559330.0, 4895130.0], [559330.0, 4895110.0], [559320.0, 4895110.0], [559320.0, 4895090.0], [559310.0, 4895090.0], [559310.0, 4895080.0], [559300.0, 4895080.0], [559300.0, 4895050.0], [559310.0, 4895050.0], [559310.0, 4895030.0], [559320.0, 4895030.0], [559320.0, 4895020.0], [559330.0, 4895020.0], [559330.0, 4894940.0], [559340.0, 4894940.0], [559340.0, 4894930.0], [559350.0, 4894930.0], [559350.0, 4894920.0], [559360.0, 4894920.0], [559360.0, 4894910.0], [559370.0, 4894910.0], [559370.0, 4894900.0], [559380.0, 4894900.0], [559380.0, 4894890.0], [559390.0, 4894890.0], [559390.0, 4894880.0], [559400.0, 4894880.0], [559400.0, 4894870.0], [559410.0, 4894870.0], [559410.0, 4894860.0], [559420.0, 4894860.0], [559420.0, 4894850.0], [559430.0, 4894850.0], [559430.0, 4894840.0], [559450.0, 4894840.0], [559450.0, 4894830.0], [559460.0, 4894830.0], [559460.0, 4894820.0], [559470.0, 4894820.0], [559470.0, 4894810.0], [559480.0, 4894810.0], [559480.0, 4894800.0], [559490.0, 4894800.0], [559490.0, 4894790.0], [559500.0, 4894790.0], [559500.0, 4894780.0], [559530.0, 4894780.0], [559530.0, 4894770.0], [559560.0, 4894770.0], [559560.0, 4894760.0], [559570.0, 4894760.0], [559570.0, 4894750.0], [559600.0, 4894750.0], [559600.0, 4894740.0], [559620.0, 4894740.0], [559620.0, 4894730.0], [559630.0, 4894730.0], [559630.0, 4894720.0], [559640.0, 4894720.0], [559640.0, 4894710.0], [559650.0, 4894710.0], [559650.0, 4894700.0], [559660.0, 4894700.0], [559660.0, 4894690.0], [559670.0, 4894690.0], [559670.0, 4894680.0], [559680.0, 4894680.0], [559680.0, 4894670.0], [559710.0, 4894670.0], [559710.0, 4894660.0], [559770.0, 4894660.0], [559770.0, 4894650.0], [559780.0, 4894650.0], [559780.0, 4894630.0], [559790.0, 4894630.0], [559790.0, 4894600.0], [559800.0, 4894600.0], [559800.0, 4894580.0], [559810.0, 4894580.0], [559810.0, 4894560.0], [559820.0, 4894560.0], [559820.0, 4894550.0], [559830.0, 4894550.0], [559830.0, 4894540.0], [559840.0, 4894540.0], [559840.0, 4894530.0], [559850.0, 4894530.0], [559850.0, 4894520.0], [559860.0, 4894520.0], [559860.0, 4894510.0], [559880.0, 4894510.0], [559880.0, 4894500.0], [559890.0, 4894500.0], [559890.0, 4894490.0], [559900.0, 4894490.0], [559900.0, 4894480.0], [559910.0, 4894480.0], [559910.0, 4894470.0], [559920.0, 4894470.0], [559920.0, 4894460.0], [559930.0, 4894460.0], [559930.0, 4894450.0], [559950.0, 4894450.0], [559950.0, 4894440.0], [559970.0, 4894440.0], [559970.0, 4894430.0], [559980.0, 4894430.0], [559980.0, 4894420.0], [559990.0, 4894420.0], [559990.0, 4894410.0], [560010.0, 4894410.0], [560010.0, 4894400.0], [560020.0, 4894400.0], [560020.0, 4894390.0], [560040.0, 4894390.0], [560040.0, 4894380.0], [560110.0, 4894380.0], [560110.0, 4894370.0], [560130.0, 4894370.0], [560130.0, 4894360.0], [560140.0, 4894360.0], [560140.0, 4894350.0], [560150.0, 4894350.0], [560150.0, 4894340.0], [560160.0, 4894340.0], [560160.0, 4894320.0], [560170.0, 4894320.0], [560170.0, 4894310.0], [560180.0, 4894310.0], [560180.0, 4894300.0], [560220.0, 4894300.0], [560220.0, 4894290.0], [560250.0, 4894290.0], [560250.0, 4894280.0], [560270.0, 4894280.0], [560270.0, 4894270.0], [560320.0, 4894270.0], [560320.0, 4894260.0], [560440.0, 4894260.0], [560440.0, 4894270.0], [560450.0, 4894270.0], [560450.0, 4894280.0], [560470.0, 4894280.0], [560470.0, 4894300.0], [560480.0, 4894300.0], [560480.0, 4894310.0], [560490.0, 4894310.0], [560490.0, 4894320.0], [560500.0, 4894320.0], [560500.0, 4894330.0], [560510.0, 4894330.0], [560510.0, 4894340.0], [560520.0, 4894340.0], [560520.0, 4894360.0], [560530.0, 4894360.0], [560530.0, 4894380.0], [560540.0, 4894380.0], [560540.0, 4894390.0], [560550.0, 4894390.0], [560550.0, 4894410.0], [560560.0, 4894410.0], [560560.0, 4894420.0], [560570.0, 4894420.0], [560570.0, 4894440.0], [560580.0, 4894440.0], [560580.0, 4894450.0], [560590.0, 4894450.0], [560590.0, 4894460.0], [560600.0, 4894460.0], [560600.0, 4894470.0], [560610.0, 4894470.0], [560610.0, 4894480.0], [560620.0, 4894480.0], [560620.0, 4894490.0], [560630.0, 4894490.0], [560630.0, 4894500.0], [560640.0, 4894500.0], [560640.0, 4894510.0], [560650.0, 4894510.0], [560650.0, 4894520.0], [560660.0, 4894520.0], [560660.0, 4894530.0], [560670.0, 4894530.0], [560670.0, 4894540.0], [560680.0, 4894540.0], [560680.0, 4894600.0], [560690.0, 4894600.0], [560690.0, 4894620.0], [560700.0, 4894620.0], [560700.0, 4894740.0], [560710.0, 4894740.0], [560710.0, 4894750.0], [560720.0, 4894750.0], [560720.0, 4894760.0], [560730.0, 4894760.0], [560730.0, 4894770.0], [560740.0, 4894770.0], [560740.0, 4894780.0], [560750.0, 4894780.0], [560750.0, 4894790.0], [560760.0, 4894790.0], [560760.0, 4894800.0], [560770.0, 4894800.0], [560770.0, 4894820.0], [560780.0, 4894820.0], [560780.0, 4894830.0], [560790.0, 4894830.0], [560790.0, 4894840.0], [560800.0, 4894840.0], [560800.0, 4894860.0], [560810.0, 4894860.0], [560810.0, 4894880.0], [560820.0, 4894880.0], [560820.0, 4894910.0], [560830.0, 4894910.0], [560830.0, 4894930.0], [560840.0, 4894930.0], [560840.0, 4894940.0], [560850.0, 4894940.0], [560850.0, 4894950.0], [560860.0, 4894950.0], [560860.0, 4894960.0], [560870.0, 4894960.0], [560870.0, 4894970.0], [560880.0, 4894970.0], [560880.0, 4894980.0], [560890.0, 4894980.0], [560890.0, 4894990.0], [560900.0, 4894990.0], [560900.0, 4895000.0], [560910.0, 4895000.0], [560910.0, 4895010.0], [560920.0, 4895010.0], [560920.0, 4895020.0], [560930.0, 4895020.0], [560930.0, 4895030.0], [560970.0, 4895030.0], [560970.0, 4895040.0], [560960.0, 4895040.0], [560960.0, 4895050.0], [560950.0, 4895050.0], [560950.0, 4895060.0], [560930.0, 4895060.0], [560930.0, 4895070.0], [560910.0, 4895070.0], [560910.0, 4895080.0], [560900.0, 4895080.0], [560900.0, 4895090.0], [560840.0, 4895090.0], [560840.0, 4895080.0], [560830.0, 4895080.0], [560830.0, 4895070.0], [560820.0, 4895070.0], [560820.0, 4895060.0], [560810.0, 4895060.0], [560810.0, 4895050.0], [560800.0, 4895050.0], [560800.0, 4895040.0], [560710.0, 4895040.0], [560710.0, 4895030.0], [560650.0, 4895030.0], [560650.0, 4895040.0], [560630.0, 4895040.0], [560630.0, 4895050.0], [560610.0, 4895050.0], [560610.0, 4895060.0], [560590.0, 4895060.0], [560590.0, 4895070.0], [560580.0, 4895070.0], [560580.0, 4895080.0], [560570.0, 4895080.0], [560570.0, 4895090.0], [560480.0, 4895090.0], [560480.0, 4895100.0], [560420.0, 4895100.0], [560420.0, 4895110.0], [560350.0, 4895110.0], [560350.0, 4895120.0], [560300.0, 4895120.0], [560300.0, 4895130.0], [560260.0, 4895130.0], [560260.0, 4895140.0], [560250.0, 4895140.0], [560250.0, 4895150.0], [560240.0, 4895150.0], [560240.0, 4895170.0], [560230.0, 4895170.0], [560230.0, 4895190.0], [560220.0, 4895190.0], [560220.0, 4895220.0], [560150.0, 4895220.0], [560150.0, 4895210.0], [560120.0, 4895210.0], [560120.0, 4895200.0], [560090.0, 4895200.0], [560090.0, 4895210.0], [560070.0, 4895210.0], [560070.0, 4895220.0], [560000.0, 4895220.0], [560000.0, 4895230.0], [559940.0, 4895230.0], [559940.0, 4895240.0], [559870.0, 4895240.0], [559870.0, 4895250.0], [559850.0, 4895250.0], [559850.0, 4895260.0], [559770.0, 4895260.0]]]}, "properties": {"site_code": "WS1-2", "dem_area_ha": 94.85, "routing_qc_pass": true}}, {"type": "Feature", "geometry": {"type": "Polygon", "coordinates": [[[568780.0, 4900950.0], [568780.0, 4900940.0], [568760.0, 4900940.0], [568760.0, 4900930.0], [568730.0, 4900930.0], [568730.0, 4900920.0], [568710.0, 4900920.0], [568710.0, 4900910.0], [568690.0, 4900910.0], [568690.0, 4900900.0], [568680.0, 4900900.0], [568680.0, 4900890.0], [568670.0, 4900890.0], [568670.0, 4900880.0], [568660.0, 4900880.0], [568660.0, 4900860.0], [568650.0, 4900860.0], [568650.0, 4900820.0], [568640.0, 4900820.0], [568640.0, 4900810.0], [568630.0, 4900810.0], [568630.0, 4900790.0], [568620.0, 4900790.0], [568620.0, 4900780.0], [568610.0, 4900780.0], [568610.0, 4900770.0], [568600.0, 4900770.0], [568600.0, 4900760.0], [568590.0, 4900760.0], [568590.0, 4900750.0], [568580.0, 4900750.0], [568580.0, 4900740.0], [568570.0, 4900740.0], [568570.0, 4900730.0], [568560.0, 4900730.0], [568560.0, 4900710.0], [568550.0, 4900710.0], [568550.0, 4900700.0], [568520.0, 4900700.0], [568520.0, 4900690.0], [568500.0, 4900690.0], [568500.0, 4900680.0], [568490.0, 4900680.0], [568490.0, 4900660.0], [568480.0, 4900660.0], [568480.0, 4900650.0], [568470.0, 4900650.0], [568470.0, 4900640.0], [568460.0, 4900640.0], [568460.0, 4900630.0], [568450.0, 4900630.0], [568450.0, 4900620.0], [568440.0, 4900620.0], [568440.0, 4900610.0], [568430.0, 4900610.0], [568430.0, 4900570.0], [568420.0, 4900570.0], [568420.0, 4900560.0], [568410.0, 4900560.0], [568410.0, 4900550.0], [568400.0, 4900550.0], [568400.0, 4900540.0], [568390.0, 4900540.0], [568390.0, 4900530.0], [568380.0, 4900530.0], [568380.0, 4900520.0], [568370.0, 4900520.0], [568370.0, 4900510.0], [568350.0, 4900510.0], [568350.0, 4900500.0], [568300.0, 4900500.0], [568300.0, 4900490.0], [568290.0, 4900490.0], [568290.0, 4900480.0], [568280.0, 4900480.0], [568280.0, 4900470.0], [568210.0, 4900470.0], [568210.0, 4900480.0], [568160.0, 4900480.0], [568160.0, 4900460.0], [568150.0, 4900460.0], [568150.0, 4900470.0], [568120.0, 4900470.0], [568120.0, 4900480.0], [568110.0, 4900480.0], [568110.0, 4900470.0], [568100.0, 4900470.0], [568100.0, 4900460.0], [568070.0, 4900460.0], [568070.0, 4900470.0], [568040.0, 4900470.0], [568040.0, 4900480.0], [568030.0, 4900480.0], [568030.0, 4900490.0], [567940.0, 4900490.0], [567940.0, 4900480.0], [567900.0, 4900480.0], [567900.0, 4900470.0], [567880.0, 4900470.0], [567880.0, 4900460.0], [567870.0, 4900460.0], [567870.0, 4900430.0], [567860.0, 4900430.0], [567860.0, 4900420.0], [567850.0, 4900420.0], [567850.0, 4900410.0], [567840.0, 4900410.0], [567840.0, 4900400.0], [567830.0, 4900400.0], [567830.0, 4900390.0], [567800.0, 4900390.0], [567800.0, 4900380.0], [567790.0, 4900380.0], [567790.0, 4900370.0], [567780.0, 4900370.0], [567780.0, 4900360.0], [567770.0, 4900360.0], [567770.0, 4900350.0], [567760.0, 4900350.0], [567760.0, 4900340.0], [567750.0, 4900340.0], [567750.0, 4900330.0], [567740.0, 4900330.0], [567740.0, 4900320.0], [567730.0, 4900320.0], [567730.0, 4900310.0], [567710.0, 4900310.0], [567710.0, 4900300.0], [567700.0, 4900300.0], [567700.0, 4900290.0], [567680.0, 4900290.0], [567680.0, 4900280.0], [567660.0, 4900280.0], [567660.0, 4900270.0], [567650.0, 4900270.0], [567650.0, 4900260.0], [567640.0, 4900260.0], [567640.0, 4900250.0], [567630.0, 4900250.0], [567630.0, 4900240.0], [567620.0, 4900240.0], [567620.0, 4900230.0], [567610.0, 4900230.0], [567610.0, 4900220.0], [567600.0, 4900220.0], [567600.0, 4900210.0], [567580.0, 4900210.0], [567580.0, 4900200.0], [567570.0, 4900200.0], [567570.0, 4900190.0], [567560.0, 4900190.0], [567560.0, 4900180.0], [567550.0, 4900180.0], [567550.0, 4900170.0], [567540.0, 4900170.0], [567540.0, 4900160.0], [567530.0, 4900160.0], [567530.0, 4900140.0], [567520.0, 4900140.0], [567520.0, 4900120.0], [567510.0, 4900120.0], [567510.0, 4900110.0], [567480.0, 4900110.0], [567480.0, 4900100.0], [567470.0, 4900100.0], [567470.0, 4900090.0], [567460.0, 4900090.0], [567460.0, 4900080.0], [567450.0, 4900080.0], [567450.0, 4900070.0], [567430.0, 4900070.0], [567430.0, 4900060.0], [567420.0, 4900060.0], [567420.0, 4900050.0], [567410.0, 4900050.0], [567410.0, 4900040.0], [567390.0, 4900040.0], [567390.0, 4900030.0], [567370.0, 4900030.0], [567370.0, 4900020.0], [567360.0, 4900020.0], [567360.0, 4900010.0], [567350.0, 4900010.0], [567350.0, 4900000.0], [567340.0, 4900000.0], [567340.0, 4899990.0], [567330.0, 4899990.0], [567330.0, 4899970.0], [567320.0, 4899970.0], [567320.0, 4899940.0], [567310.0, 4899940.0], [567310.0, 4899930.0], [567300.0, 4899930.0], [567300.0, 4899910.0], [567290.0, 4899910.0], [567290.0, 4899900.0], [567270.0, 4899900.0], [567270.0, 4899890.0], [567260.0, 4899890.0], [567260.0, 4899880.0], [567250.0, 4899880.0], [567250.0, 4899870.0], [567240.0, 4899870.0], [567240.0, 4899860.0], [567230.0, 4899860.0], [567230.0, 4899850.0], [567220.0, 4899850.0], [567220.0, 4899840.0], [567210.0, 4899840.0], [567210.0, 4899820.0], [567200.0, 4899820.0], [567200.0, 4899800.0], [567190.0, 4899800.0], [567190.0, 4899790.0], [567180.0, 4899790.0], [567180.0, 4899780.0], [567170.0, 4899780.0], [567170.0, 4899770.0], [567160.0, 4899770.0], [567160.0, 4899760.0], [567150.0, 4899760.0], [567150.0, 4899660.0], [567160.0, 4899660.0], [567160.0, 4899650.0], [567170.0, 4899650.0], [567170.0, 4899640.0], [567180.0, 4899640.0], [567180.0, 4899630.0], [567190.0, 4899630.0], [567190.0, 4899620.0], [567200.0, 4899620.0], [567200.0, 4899610.0], [567210.0, 4899610.0], [567210.0, 4899600.0], [567220.0, 4899600.0], [567220.0, 4899590.0], [567230.0, 4899590.0], [567230.0, 4899580.0], [567240.0, 4899580.0], [567240.0, 4899570.0], [567250.0, 4899570.0], [567250.0, 4899560.0], [567260.0, 4899560.0], [567260.0, 4899540.0], [567270.0, 4899540.0], [567270.0, 4899530.0], [567280.0, 4899530.0], [567280.0, 4899520.0], [567290.0, 4899520.0], [567290.0, 4899510.0], [567280.0, 4899510.0], [567280.0, 4899490.0], [567270.0, 4899490.0], [567270.0, 4899460.0], [567260.0, 4899460.0], [567260.0, 4899440.0], [567250.0, 4899440.0], [567250.0, 4899430.0], [567240.0, 4899430.0], [567240.0, 4899200.0], [567250.0, 4899200.0], [567250.0, 4899130.0], [567240.0, 4899130.0], [567240.0, 4899070.0], [567250.0, 4899070.0], [567250.0, 4899050.0], [567260.0, 4899050.0], [567260.0, 4899040.0], [567270.0, 4899040.0], [567270.0, 4899030.0], [567260.0, 4899030.0], [567260.0, 4898910.0], [567270.0, 4898910.0], [567270.0, 4898850.0], [567260.0, 4898850.0], [567260.0, 4898780.0], [567250.0, 4898780.0], [567250.0, 4898760.0], [567240.0, 4898760.0], [567240.0, 4898730.0], [567230.0, 4898730.0], [567230.0, 4898710.0], [567220.0, 4898710.0], [567220.0, 4898680.0], [567210.0, 4898680.0], [567210.0, 4898660.0], [567200.0, 4898660.0], [567200.0, 4898650.0], [567190.0, 4898650.0], [567190.0, 4898620.0], [567180.0, 4898620.0], [567180.0, 4898580.0], [567170.0, 4898580.0], [567170.0, 4898550.0], [567160.0, 4898550.0], [567160.0, 4898540.0], [567150.0, 4898540.0], [567150.0, 4898520.0], [567140.0, 4898520.0], [567140.0, 4898480.0], [567130.0, 4898480.0], [567130.0, 4898460.0], [567120.0, 4898460.0], [567120.0, 4898440.0], [567100.0, 4898440.0], [567100.0, 4898430.0], [567080.0, 4898430.0], [567080.0, 4898420.0], [567060.0, 4898420.0], [567060.0, 4898410.0], [567040.0, 4898410.0], [567040.0, 4898400.0], [567030.0, 4898400.0], [567030.0, 4898390.0], [567020.0, 4898390.0], [567020.0, 4898380.0], [567010.0, 4898380.0], [567010.0, 4898330.0], [567020.0, 4898330.0], [567020.0, 4898320.0], [567030.0, 4898320.0], [567030.0, 4898250.0], [567040.0, 4898250.0], [567040.0, 4898240.0], [567050.0, 4898240.0], [567050.0, 4898200.0], [567040.0, 4898200.0], [567040.0, 4898190.0], [567030.0, 4898190.0], [567030.0, 4898180.0], [567020.0, 4898180.0], [567020.0, 4898130.0], [567010.0, 4898130.0], [567010.0, 4898120.0], [567000.0, 4898120.0], [567000.0, 4898110.0], [566990.0, 4898110.0], [566990.0, 4898100.0], [566980.0, 4898100.0], [566980.0, 4898090.0], [566970.0, 4898090.0], [566970.0, 4898060.0], [566960.0, 4898060.0], [566960.0, 4898050.0], [566940.0, 4898050.0], [566940.0, 4898040.0], [566930.0, 4898040.0], [566930.0, 4898030.0], [566920.0, 4898030.0], [566920.0, 4898020.0], [566910.0, 4898020.0], [566910.0, 4898010.0], [566900.0, 4898010.0], [566900.0, 4898000.0], [566890.0, 4898000.0], [566890.0, 4897990.0], [566880.0, 4897990.0], [566880.0, 4897980.0], [566870.0, 4897980.0], [566870.0, 4897960.0], [566850.0, 4897960.0], [566850.0, 4897950.0], [566840.0, 4897950.0], [566840.0, 4897940.0], [566830.0, 4897940.0], [566830.0, 4897930.0], [566810.0, 4897930.0], [566810.0, 4897910.0], [566770.0, 4897910.0], [566770.0, 4897920.0], [566760.0, 4897920.0], [566760.0, 4897930.0], [566690.0, 4897930.0], [566690.0, 4897920.0], [566680.0, 4897920.0], [566680.0, 4897910.0], [566670.0, 4897910.0], [566670.0, 4897900.0], [566660.0, 4897900.0], [566660.0, 4897890.0], [566650.0, 4897890.0], [566650.0, 4897880.0], [566570.0, 4897880.0], [566570.0, 4897890.0], [566560.0, 4897890.0], [566560.0, 4897900.0], [566540.0, 4897900.0], [566540.0, 4897890.0], [566530.0, 4897890.0], [566530.0, 4897900.0], [566500.0, 4897900.0], [566500.0, 4897890.0], [566480.0, 4897890.0], [566480.0, 4897880.0], [566440.0, 4897880.0], [566440.0, 4897870.0], [566420.0, 4897870.0], [566420.0, 4897770.0], [566410.0, 4897770.0], [566410.0, 4897760.0], [566390.0, 4897760.0], [566390.0, 4897750.0], [566380.0, 4897750.0], [566380.0, 4897740.0], [566320.0, 4897740.0], [566320.0, 4897730.0], [566290.0, 4897730.0], [566290.0, 4897620.0], [566260.0, 4897620.0], [566260.0, 4897610.0], [566250.0, 4897610.0], [566250.0, 4897600.0], [566240.0, 4897600.0], [566240.0, 4897590.0], [566230.0, 4897590.0], [566230.0, 4897580.0], [566220.0, 4897580.0], [566220.0, 4897570.0], [566200.0, 4897570.0], [566200.0, 4897560.0], [566190.0, 4897560.0], [566190.0, 4897550.0], [566110.0, 4897550.0], [566110.0, 4897530.0], [566100.0, 4897530.0], [566100.0, 4897450.0], [566090.0, 4897450.0], [566090.0, 4897440.0], [566080.0, 4897440.0], [566080.0, 4897420.0], [566070.0, 4897420.0], [566070.0, 4897330.0], [566060.0, 4897330.0], [566060.0, 4897320.0], [566050.0, 4897320.0], [566050.0, 4897310.0], [566040.0, 4897310.0], [566040.0, 4897280.0], [566030.0, 4897280.0], [566030.0, 4897270.0], [565990.0, 4897270.0], [565990.0, 4897260.0], [565970.0, 4897260.0], [565970.0, 4897270.0], [565960.0, 4897270.0], [565960.0, 4897170.0], [565950.0, 4897170.0], [565950.0, 4897160.0], [565940.0, 4897160.0], [565940.0, 4897120.0], [565950.0, 4897120.0], [565950.0, 4897110.0], [565960.0, 4897110.0], [565960.0, 4897060.0], [565950.0, 4897060.0], [565950.0, 4897040.0], [565940.0, 4897040.0], [565940.0, 4897010.0], [565930.0, 4897010.0], [565930.0, 4896990.0], [565920.0, 4896990.0], [565920.0, 4896980.0], [565910.0, 4896980.0], [565910.0, 4896930.0], [565900.0, 4896930.0], [565900.0, 4896910.0], [565890.0, 4896910.0], [565890.0, 4896900.0], [565880.0, 4896900.0], [565880.0, 4896850.0], [565870.0, 4896850.0], [565870.0, 4896830.0], [565860.0, 4896830.0], [565860.0, 4896820.0], [565850.0, 4896820.0], [565850.0, 4896810.0], [565840.0, 4896810.0], [565840.0, 4896780.0], [565830.0, 4896780.0], [565830.0, 4896760.0], [565820.0, 4896760.0], [565820.0, 4896750.0], [565810.0, 4896750.0], [565810.0, 4896740.0], [565800.0, 4896740.0], [565800.0, 4896730.0], [565790.0, 4896730.0], [565790.0, 4896710.0], [565780.0, 4896710.0], [565780.0, 4896700.0], [565770.0, 4896700.0], [565770.0, 4896680.0], [565760.0, 4896680.0], [565760.0, 4896660.0], [565750.0, 4896660.0], [565750.0, 4896650.0], [565740.0, 4896650.0], [565740.0, 4896630.0], [565730.0, 4896630.0], [565730.0, 4896610.0], [565720.0, 4896610.0], [565720.0, 4896580.0], [565710.0, 4896580.0], [565710.0, 4896560.0], [565700.0, 4896560.0], [565700.0, 4896540.0], [565690.0, 4896540.0], [565690.0, 4896520.0], [565680.0, 4896520.0], [565680.0, 4896510.0], [565670.0, 4896510.0], [565670.0, 4896490.0], [565660.0, 4896490.0], [565660.0, 4896480.0], [565650.0, 4896480.0], [565650.0, 4896470.0], [565640.0, 4896470.0], [565640.0, 4896460.0], [565630.0, 4896460.0], [565630.0, 4896440.0], [565620.0, 4896440.0], [565620.0, 4896420.0], [565610.0, 4896420.0], [565610.0, 4896410.0], [565600.0, 4896410.0], [565600.0, 4896400.0], [565590.0, 4896400.0], [565590.0, 4896390.0], [565580.0, 4896390.0], [565580.0, 4896380.0], [565570.0, 4896380.0], [565570.0, 4896360.0], [565560.0, 4896360.0], [565560.0, 4896330.0], [565550.0, 4896330.0], [565550.0, 4896310.0], [565540.0, 4896310.0], [565540.0, 4896290.0], [565530.0, 4896290.0], [565530.0, 4896280.0], [565520.0, 4896280.0], [565520.0, 4896260.0], [565510.0, 4896260.0], [565510.0, 4896250.0], [565500.0, 4896250.0], [565500.0, 4896240.0], [565480.0, 4896240.0], [565480.0, 4896230.0], [565470.0, 4896230.0], [565470.0, 4896220.0], [565450.0, 4896220.0], [565450.0, 4896210.0], [565420.0, 4896210.0], [565420.0, 4896200.0], [565390.0, 4896200.0], [565390.0, 4896190.0], [565380.0, 4896190.0], [565380.0, 4896180.0], [565370.0, 4896180.0], [565370.0, 4896170.0], [565360.0, 4896170.0], [565360.0, 4896160.0], [565350.0, 4896160.0], [565350.0, 4896150.0], [565340.0, 4896150.0], [565340.0, 4896140.0], [565330.0, 4896140.0], [565330.0, 4896130.0], [565320.0, 4896130.0], [565320.0, 4896120.0], [565300.0, 4896120.0], [565300.0, 4896110.0], [565290.0, 4896110.0], [565290.0, 4896100.0], [565280.0, 4896100.0], [565280.0, 4896090.0], [565260.0, 4896090.0], [565260.0, 4896080.0], [565240.0, 4896080.0], [565240.0, 4896070.0], [565230.0, 4896070.0], [565230.0, 4896060.0], [565220.0, 4896060.0], [565220.0, 4896050.0], [565200.0, 4896050.0], [565200.0, 4896040.0], [565170.0, 4896040.0], [565170.0, 4896030.0], [565150.0, 4896030.0], [565150.0, 4896020.0], [565130.0, 4896020.0], [565130.0, 4896010.0], [565010.0, 4896010.0], [565010.0, 4896000.0], [564990.0, 4896000.0], [564990.0, 4895990.0], [564950.0, 4895990.0], [564950.0, 4895980.0], [564910.0, 4895980.0], [564910.0, 4895970.0], [564870.0, 4895970.0], [564870.0, 4895960.0], [564830.0, 4895960.0], [564830.0, 4895950.0], [564810.0, 4895950.0], [564810.0, 4895940.0], [564800.0, 4895940.0], [564800.0, 4895930.0], [564790.0, 4895930.0], [564790.0, 4895920.0], [564780.0, 4895920.0], [564780.0, 4895910.0], [564770.0, 4895910.0], [564770.0, 4895900.0], [564760.0, 4895900.0], [564760.0, 4895840.0], [564750.0, 4895840.0], [564750.0, 4895760.0], [564740.0, 4895760.0], [564740.0, 4895730.0], [564730.0, 4895730.0], [564730.0, 4895710.0], [564720.0, 4895710.0], [564720.0, 4895690.0], [564710.0, 4895690.0], [564710.0, 4895670.0], [564700.0, 4895670.0], [564700.0, 4895660.0], [564690.0, 4895660.0], [564690.0, 4895650.0], [564680.0, 4895650.0], [564680.0, 4895640.0], [564660.0, 4895640.0], [564660.0, 4895630.0], [564650.0, 4895630.0], [564650.0, 4895620.0], [564630.0, 4895620.0], [564630.0, 4895610.0], [564640.0, 4895610.0], [564640.0, 4895600.0], [564650.0, 4895600.0], [564650.0, 4895580.0], [564660.0, 4895580.0], [564660.0, 4895570.0], [564670.0, 4895570.0], [564670.0, 4895560.0], [564680.0, 4895560.0], [564680.0, 4895550.0], [564690.0, 4895550.0], [564690.0, 4895540.0], [564700.0, 4895540.0], [564700.0, 4895530.0], [564710.0, 4895530.0], [564710.0, 4895520.0], [564720.0, 4895520.0], [564720.0, 4895510.0], [564730.0, 4895510.0], [564730.0, 4895500.0], [564740.0, 4895500.0], [564740.0, 4895490.0], [564750.0, 4895490.0], [564750.0, 4895480.0], [564760.0, 4895480.0], [564760.0, 4895470.0], [564780.0, 4895470.0], [564780.0, 4895460.0], [564790.0, 4895460.0], [564790.0, 4895450.0], [564810.0, 4895450.0], [564810.0, 4895440.0], [564830.0, 4895440.0], [564830.0, 4895430.0], [564870.0, 4895430.0], [564870.0, 4895420.0], [564920.0, 4895420.0], [564920.0, 4895410.0], [564950.0, 4895410.0], [564950.0, 4895400.0], [564980.0, 4895400.0], [564980.0, 4895390.0], [564990.0, 4895390.0], [564990.0, 4895380.0], [565000.0, 4895380.0], [565000.0, 4895370.0], [565020.0, 4895370.0], [565020.0, 4895360.0], [565070.0, 4895360.0], [565070.0, 4895350.0], [565210.0, 4895350.0], [565210.0, 4895330.0], [565220.0, 4895330.0], [565220.0, 4895320.0], [565230.0, 4895320.0], [565230.0, 4895310.0], [565240.0, 4895310.0], [565240.0, 4895300.0], [565260.0, 4895300.0], [565260.0, 4895290.0], [565270.0, 4895290.0], [565270.0, 4895280.0], [565300.0, 4895280.0], [565300.0, 4895270.0], [565350.0, 4895270.0], [565350.0, 4895260.0], [565390.0, 4895260.0], [565390.0, 4895250.0], [565430.0, 4895250.0], [565430.0, 4895240.0], [565460.0, 4895240.0], [565460.0, 4895230.0], [565480.0, 4895230.0], [565480.0, 4895220.0], [565490.0, 4895220.0], [565490.0, 4895210.0], [565500.0, 4895210.0], [565500.0, 4895200.0], [565520.0, 4895200.0], [565520.0, 4895190.0], [565540.0, 4895190.0], [565540.0, 4895180.0], [565550.0, 4895180.0], [565550.0, 4895170.0], [565570.0, 4895170.0], [565570.0, 4895160.0], [565590.0, 4895160.0], [565590.0, 4895150.0], [565600.0, 4895150.0], [565600.0, 4895140.0], [565620.0, 4895140.0], [565620.0, 4895130.0], [565660.0, 4895130.0], [565660.0, 4895120.0], [565690.0, 4895120.0], [565690.0, 4895110.0], [565720.0, 4895110.0], [565720.0, 4895100.0], [565850.0, 4895100.0], [565850.0, 4895090.0], [565880.0, 4895090.0], [565880.0, 4895100.0], [565940.0, 4895100.0], [565940.0, 4895090.0], [565960.0, 4895090.0], [565960.0, 4895100.0], [565990.0, 4895100.0], [565990.0, 4895090.0], [566000.0, 4895090.0], [566000.0, 4895080.0], [566020.0, 4895080.0], [566020.0, 4895070.0], [566030.0, 4895070.0], [566030.0, 4895060.0], [566040.0, 4895060.0], [566040.0, 4895040.0], [566050.0, 4895040.0], [566050.0, 4895030.0], [566060.0, 4895030.0], [566060.0, 4895020.0], [566070.0, 4895020.0], [566070.0, 4895010.0], [566080.0, 4895010.0], [566080.0, 4894990.0], [566090.0, 4894990.0], [566090.0, 4894970.0], [566100.0, 4894970.0], [566100.0, 4894960.0], [566110.0, 4894960.0], [566110.0, 4894950.0], [566120.0, 4894950.0], [566120.0, 4894940.0], [566130.0, 4894940.0], [566130.0, 4894930.0], [566140.0, 4894930.0], [566140.0, 4894920.0], [566150.0, 4894920.0], [566150.0, 4894910.0], [566170.0, 4894910.0], [566170.0, 4894890.0], [566190.0, 4894890.0], [566190.0, 4894880.0], [566200.0, 4894880.0], [566200.0, 4894870.0], [566210.0, 4894870.0], [566210.0, 4894860.0], [566220.0, 4894860.0], [566220.0, 4894850.0], [566230.0, 4894850.0], [566230.0, 4894840.0], [566240.0, 4894840.0], [566240.0, 4894820.0], [566250.0, 4894820.0], [566250.0, 4894800.0], [566260.0, 4894800.0], [566260.0, 4894790.0], [566280.0, 4894790.0], [566280.0, 4894780.0], [566290.0, 4894780.0], [566290.0, 4894760.0], [566300.0, 4894760.0], [566300.0, 4894750.0], [566310.0, 4894750.0], [566310.0, 4894740.0], [566320.0, 4894740.0], [566320.0, 4894730.0], [566330.0, 4894730.0], [566330.0, 4894720.0], [566350.0, 4894720.0], [566350.0, 4894710.0], [566360.0, 4894710.0], [566360.0, 4894700.0], [566370.0, 4894700.0], [566370.0, 4894690.0], [566380.0, 4894690.0], [566380.0, 4894680.0], [566390.0, 4894680.0], [566390.0, 4894670.0], [566400.0, 4894670.0], [566400.0, 4894660.0], [566410.0, 4894660.0], [566410.0, 4894650.0], [566420.0, 4894650.0], [566420.0, 4894640.0], [566430.0, 4894640.0], [566430.0, 4894630.0], [566440.0, 4894630.0], [566440.0, 4894620.0], [566460.0, 4894620.0], [566460.0, 4894610.0], [566520.0, 4894610.0], [566520.0, 4894600.0], [566550.0, 4894600.0], [566550.0, 4894610.0], [566560.0, 4894610.0], [566560.0, 4894620.0], [566580.0, 4894620.0], [566580.0, 4894630.0], [566600.0, 4894630.0], [566600.0, 4894640.0], [566620.0, 4894640.0], [566620.0, 4894660.0], [566630.0, 4894660.0], [566630.0, 4894670.0], [566660.0, 4894670.0], [566660.0, 4894680.0], [566670.0, 4894680.0], [566670.0, 4894690.0], [566690.0, 4894690.0], [566690.0, 4894700.0], [566710.0, 4894700.0], [566710.0, 4894710.0], [566750.0, 4894710.0], [566750.0, 4894720.0], [566770.0, 4894720.0], [566770.0, 4894730.0], [566800.0, 4894730.0], [566800.0, 4894740.0], [566830.0, 4894740.0], [566830.0, 4894750.0], [566840.0, 4894750.0], [566840.0, 4894760.0], [566860.0, 4894760.0], [566860.0, 4894770.0], [566880.0, 4894770.0], [566880.0, 4894780.0], [566900.0, 4894780.0], [566900.0, 4894790.0], [566920.0, 4894790.0], [566920.0, 4894800.0], [566940.0, 4894800.0], [566940.0, 4894810.0], [566960.0, 4894810.0], [566960.0, 4894820.0], [566980.0, 4894820.0], [566980.0, 4894830.0], [567000.0, 4894830.0], [567000.0, 4894840.0], [567010.0, 4894840.0], [567010.0, 4894850.0], [567110.0, 4894850.0], [567110.0, 4894840.0], [567290.0, 4894840.0], [567290.0, 4894850.0], [567300.0, 4894850.0], [567300.0, 4894860.0], [567310.0, 4894860.0], [567310.0, 4894870.0], [567330.0, 4894870.0], [567330.0, 4894880.0], [567340.0, 4894880.0], [567340.0, 4894890.0], [567370.0, 4894890.0], [567370.0, 4894900.0], [567460.0, 4894900.0], [567460.0, 4894910.0], [567490.0, 4894910.0], [567490.0, 4894920.0], [567530.0, 4894920.0], [567530.0, 4894930.0], [567540.0, 4894930.0], [567540.0, 4894940.0], [567560.0, 4894940.0], [567560.0, 4894950.0], [567580.0, 4894950.0], [567580.0, 4894960.0], [567660.0, 4894960.0], [567660.0, 4894950.0], [567710.0, 4894950.0], [567710.0, 4894940.0], [567750.0, 4894940.0], [567750.0, 4894930.0], [567780.0, 4894930.0], [567780.0, 4894920.0], [567790.0, 4894920.0], [567790.0, 4894910.0], [567800.0, 4894910.0], [567800.0, 4894900.0], [567810.0, 4894900.0], [567810.0, 4894890.0], [567830.0, 4894890.0], [567830.0, 4894880.0], [567850.0, 4894880.0], [567850.0, 4894870.0], [567870.0, 4894870.0], [567870.0, 4894860.0], [567880.0, 4894860.0], [567880.0, 4894850.0], [567900.0, 4894850.0], [567900.0, 4894840.0], [567920.0, 4894840.0], [567920.0, 4894830.0], [567950.0, 4894830.0], [567950.0, 4894820.0], [567980.0, 4894820.0], [567980.0, 4894810.0], [568000.0, 4894810.0], [568000.0, 4894800.0], [568030.0, 4894800.0], [568030.0, 4894790.0], [568090.0, 4894790.0], [568090.0, 4894800.0], [568100.0, 4894800.0], [568100.0, 4894810.0], [568110.0, 4894810.0], [568110.0, 4894820.0], [568130.0, 4894820.0], [568130.0, 4894830.0], [568140.0, 4894830.0], [568140.0, 4894840.0], [568160.0, 4894840.0], [568160.0, 4894850.0], [568170.0, 4894850.0], [568170.0, 4894860.0], [568180.0, 4894860.0], [568180.0, 4894870.0], [568190.0, 4894870.0], [568190.0, 4894880.0], [568200.0, 4894880.0], [568200.0, 4894890.0], [568210.0, 4894890.0], [568210.0, 4894900.0], [568230.0, 4894900.0], [568230.0, 4894910.0], [568240.0, 4894910.0], [568240.0, 4894920.0], [568260.0, 4894920.0], [568260.0, 4894930.0], [568290.0, 4894930.0], [568290.0, 4894940.0], [568310.0, 4894940.0], [568310.0, 4894950.0], [568330.0, 4894950.0], [568330.0, 4894960.0], [568420.0, 4894960.0], [568420.0, 4894950.0], [568440.0, 4894950.0], [568440.0, 4894940.0], [568460.0, 4894940.0], [568460.0, 4894930.0], [568480.0, 4894930.0], [568480.0, 4894920.0], [568490.0, 4894920.0], [568490.0, 4894910.0], [568500.0, 4894910.0], [568500.0, 4894900.0], [568510.0, 4894900.0], [568510.0, 4894890.0], [568520.0, 4894890.0], [568520.0, 4894870.0], [568530.0, 4894870.0], [568530.0, 4894860.0], [568540.0, 4894860.0], [568540.0, 4894850.0], [568550.0, 4894850.0], [568550.0, 4894840.0], [568560.0, 4894840.0], [568560.0, 4894830.0], [568570.0, 4894830.0], [568570.0, 4894820.0], [568580.0, 4894820.0], [568580.0, 4894800.0], [568590.0, 4894800.0], [568590.0, 4894780.0], [568600.0, 4894780.0], [568600.0, 4894750.0], [568620.0, 4894750.0], [568620.0, 4894760.0], [568630.0, 4894760.0], [568630.0, 4894770.0], [568640.0, 4894770.0], [568640.0, 4894780.0], [568660.0, 4894780.0], [568660.0, 4894790.0], [568710.0, 4894790.0], [568710.0, 4894800.0], [568730.0, 4894800.0], [568730.0, 4894810.0], [568750.0, 4894810.0], [568750.0, 4894820.0], [568760.0, 4894820.0], [568760.0, 4894830.0], [568770.0, 4894830.0], [568770.0, 4894840.0], [568790.0, 4894840.0], [568790.0, 4894850.0], [568820.0, 4894850.0], [568820.0, 4894860.0], [568850.0, 4894860.0], [568850.0, 4894870.0], [568860.0, 4894870.0], [568860.0, 4894880.0], [568880.0, 4894880.0], [568880.0, 4894890.0], [568890.0, 4894890.0], [568890.0, 4894900.0], [568900.0, 4894900.0], [568900.0, 4894910.0], [568930.0, 4894910.0], [568930.0, 4894920.0], [568940.0, 4894920.0], [568940.0, 4894930.0], [568960.0, 4894930.0], [568960.0, 4894940.0], [568970.0, 4894940.0], [568970.0, 4894950.0], [568980.0, 4894950.0], [568980.0, 4894960.0], [569010.0, 4894960.0], [569010.0, 4894970.0], [569070.0, 4894970.0], [569070.0, 4894980.0], [569220.0, 4894980.0], [569220.0, 4894970.0], [569240.0, 4894970.0], [569240.0, 4894960.0], [569260.0, 4894960.0], [569260.0, 4894950.0], [569280.0, 4894950.0], [569280.0, 4894940.0], [569300.0, 4894940.0], [569300.0, 4894930.0], [569320.0, 4894930.0], [569320.0, 4894920.0], [569340.0, 4894920.0], [569340.0, 4894910.0], [569350.0, 4894910.0], [569350.0, 4894900.0], [569360.0, 4894900.0], [569360.0, 4894890.0], [569370.0, 4894890.0], [569370.0, 4894880.0], [569380.0, 4894880.0], [569380.0, 4894870.0], [569400.0, 4894870.0], [569400.0, 4894860.0], [569420.0, 4894860.0], [569420.0, 4894850.0], [569450.0, 4894850.0], [569450.0, 4894840.0], [569470.0, 4894840.0], [569470.0, 4894850.0], [569500.0, 4894850.0], [569500.0, 4894860.0], [569530.0, 4894860.0], [569530.0, 4894870.0], [569550.0, 4894870.0], [569550.0, 4894880.0], [569560.0, 4894880.0], [569560.0, 4894890.0], [569570.0, 4894890.0], [569570.0, 4894900.0], [569580.0, 4894900.0], [569580.0, 4894910.0], [569600.0, 4894910.0], [569600.0, 4894920.0], [569690.0, 4894920.0], [569690.0, 4894910.0], [569730.0, 4894910.0], [569730.0, 4894900.0], [569780.0, 4894900.0], [569780.0, 4894890.0], [569840.0, 4894890.0], [569840.0, 4894880.0], [569870.0, 4894880.0], [569870.0, 4894870.0], [569930.0, 4894870.0], [569930.0, 4894880.0], [569960.0, 4894880.0], [569960.0, 4894890.0], [569980.0, 4894890.0], [569980.0, 4894900.0], [570030.0, 4894900.0], [570030.0, 4894910.0], [570090.0, 4894910.0], [570090.0, 4894900.0], [570140.0, 4894900.0], [570140.0, 4894890.0], [570180.0, 4894890.0], [570180.0, 4894880.0], [570210.0, 4894880.0], [570210.0, 4894870.0], [570230.0, 4894870.0], [570230.0, 4894860.0], [570250.0, 4894860.0], [570250.0, 4894850.0], [570260.0, 4894850.0], [570260.0, 4894840.0], [570280.0, 4894840.0], [570280.0, 4894830.0], [570290.0, 4894830.0], [570290.0, 4894840.0], [570340.0, 4894840.0], [570340.0, 4894850.0], [570370.0, 4894850.0], [570370.0, 4894860.0], [570460.0, 4894860.0], [570460.0, 4894870.0], [570540.0, 4894870.0], [570540.0, 4894860.0], [570570.0, 4894860.0], [570570.0, 4894850.0], [570590.0, 4894850.0], [570590.0, 4894840.0], [570610.0, 4894840.0], [570610.0, 4894830.0], [570630.0, 4894830.0], [570630.0, 4894820.0], [570690.0, 4894820.0], [570690.0, 4894810.0], [570710.0, 4894810.0], [570710.0, 4894800.0], [570730.0, 4894800.0], [570730.0, 4894790.0], [570760.0, 4894790.0], [570760.0, 4894800.0], [570770.0, 4894800.0], [570770.0, 4894810.0], [570780.0, 4894810.0], [570780.0, 4894820.0], [570790.0, 4894820.0], [570790.0, 4894830.0], [570840.0, 4894830.0], [570840.0, 4894840.0], [570860.0, 4894840.0], [570860.0, 4894850.0], [570880.0, 4894850.0], [570880.0, 4894860.0], [570940.0, 4894860.0], [570940.0, 4894870.0], [570950.0, 4894870.0], [570950.0, 4894880.0], [570960.0, 4894880.0], [570960.0, 4894890.0], [570980.0, 4894890.0], [570980.0, 4894900.0], [570990.0, 4894900.0], [570990.0, 4894910.0], [571010.0, 4894910.0], [571010.0, 4894920.0], [571030.0, 4894920.0], [571030.0, 4894930.0], [571060.0, 4894930.0], [571060.0, 4894940.0], [571100.0, 4894940.0], [571100.0, 4894950.0], [571230.0, 4894950.0], [571230.0, 4894960.0], [571240.0, 4894960.0], [571240.0, 4894970.0], [571250.0, 4894970.0], [571250.0, 4894980.0], [571260.0, 4894980.0], [571260.0, 4895000.0], [571270.0, 4895000.0], [571270.0, 4895010.0], [571280.0, 4895010.0], [571280.0, 4895030.0], [571290.0, 4895030.0], [571290.0, 4895050.0], [571300.0, 4895050.0], [571300.0, 4895060.0], [571310.0, 4895060.0], [571310.0, 4895070.0], [571320.0, 4895070.0], [571320.0, 4895080.0], [571340.0, 4895080.0], [571340.0, 4895090.0], [571350.0, 4895090.0], [571350.0, 4895100.0], [571360.0, 4895100.0], [571360.0, 4895220.0], [571370.0, 4895220.0], [571370.0, 4895250.0], [571380.0, 4895250.0], [571380.0, 4895270.0], [571390.0, 4895270.0], [571390.0, 4895370.0], [571380.0, 4895370.0], [571380.0, 4895410.0], [571390.0, 4895410.0], [571390.0, 4895420.0], [571400.0, 4895420.0], [571400.0, 4895440.0], [571410.0, 4895440.0], [571410.0, 4895450.0], [571420.0, 4895450.0], [571420.0, 4895460.0], [571430.0, 4895460.0], [571430.0, 4895470.0], [571440.0, 4895470.0], [571440.0, 4895480.0], [571450.0, 4895480.0], [571450.0, 4895490.0], [571470.0, 4895490.0], [571470.0, 4895500.0], [571490.0, 4895500.0], [571490.0, 4895510.0], [571500.0, 4895510.0], [571500.0, 4895520.0], [571510.0, 4895520.0], [571510.0, 4895530.0], [571530.0, 4895530.0], [571530.0, 4895540.0], [571540.0, 4895540.0], [571540.0, 4895550.0], [571550.0, 4895550.0], [571550.0, 4895560.0], [571560.0, 4895560.0], [571560.0, 4895570.0], [571570.0, 4895570.0], [571570.0, 4895580.0], [571580.0, 4895580.0], [571580.0, 4895590.0], [571590.0, 4895590.0], [571590.0, 4895600.0], [571600.0, 4895600.0], [571600.0, 4895630.0], [571610.0, 4895630.0], [571610.0, 4895640.0], [571620.0, 4895640.0], [571620.0, 4895650.0], [571630.0, 4895650.0], [571630.0, 4895660.0], [571640.0, 4895660.0], [571640.0, 4895680.0], [571650.0, 4895680.0], [571650.0, 4895690.0], [571660.0, 4895690.0], [571660.0, 4895700.0], [571670.0, 4895700.0], [571670.0, 4895710.0], [571680.0, 4895710.0], [571680.0, 4895720.0], [571690.0, 4895720.0], [571690.0, 4895730.0], [571700.0, 4895730.0], [571700.0, 4895740.0], [571710.0, 4895740.0], [571710.0, 4895750.0], [571720.0, 4895750.0], [571720.0, 4895760.0], [571730.0, 4895760.0], [571730.0, 4895770.0], [571740.0, 4895770.0], [571740.0, 4895780.0], [571750.0, 4895780.0], [571750.0, 4895790.0], [571760.0, 4895790.0], [571760.0, 4895800.0], [571770.0, 4895800.0], [571770.0, 4895830.0], [571760.0, 4895830.0], [571760.0, 4895860.0], [571750.0, 4895860.0], [571750.0, 4895880.0], [571740.0, 4895880.0], [571740.0, 4895900.0], [571730.0, 4895900.0], [571730.0, 4895930.0], [571720.0, 4895930.0], [571720.0, 4895980.0], [571710.0, 4895980.0], [571710.0, 4896030.0], [571700.0, 4896030.0], [571700.0, 4896060.0], [571690.0, 4896060.0], [571690.0, 4896130.0], [571680.0, 4896130.0], [571680.0, 4896260.0], [571670.0, 4896260.0], [571670.0, 4896270.0], [571660.0, 4896270.0], [571660.0, 4896290.0], [571650.0, 4896290.0], [571650.0, 4896300.0], [571640.0, 4896300.0], [571640.0, 4896310.0], [571630.0, 4896310.0], [571630.0, 4896330.0], [571620.0, 4896330.0], [571620.0, 4896410.0], [571610.0, 4896410.0], [571610.0, 4896450.0], [571600.0, 4896450.0], [571600.0, 4896490.0], [571590.0, 4896490.0], [571590.0, 4896520.0], [571580.0, 4896520.0], [571580.0, 4896560.0], [571590.0, 4896560.0], [571590.0, 4896580.0], [571580.0, 4896580.0], [571580.0, 4896630.0], [571570.0, 4896630.0], [571570.0, 4896800.0], [571560.0, 4896800.0], [571560.0, 4896810.0], [571540.0, 4896810.0], [571540.0, 4896820.0], [571530.0, 4896820.0], [571530.0, 4896830.0], [571510.0, 4896830.0], [571510.0, 4896840.0], [571500.0, 4896840.0], [571500.0, 4896860.0], [571490.0, 4896860.0], [571490.0, 4896870.0], [571480.0, 4896870.0], [571480.0, 4896890.0], [571470.0, 4896890.0], [571470.0, 4896910.0], [571460.0, 4896910.0], [571460.0, 4896940.0], [571450.0, 4896940.0], [571450.0, 4896960.0], [571440.0, 4896960.0], [571440.0, 4896980.0], [571430.0, 4896980.0], [571430.0, 4897000.0], [571420.0, 4897000.0], [571420.0, 4897030.0], [571410.0, 4897030.0], [571410.0, 4897170.0], [571420.0, 4897170.0], [571420.0, 4897210.0], [571410.0, 4897210.0], [571410.0, 4897280.0], [571400.0, 4897280.0], [571400.0, 4897290.0], [571390.0, 4897290.0], [571390.0, 4897340.0], [571400.0, 4897340.0], [571400.0, 4897400.0], [571410.0, 4897400.0], [571410.0, 4897450.0], [571420.0, 4897450.0], [571420.0, 4897460.0], [571430.0, 4897460.0], [571430.0, 4897480.0], [571440.0, 4897480.0], [571440.0, 4897490.0], [571450.0, 4897490.0], [571450.0, 4897590.0], [571460.0, 4897590.0], [571460.0, 4897630.0], [571450.0, 4897630.0], [571450.0, 4897640.0], [571430.0, 4897640.0], [571430.0, 4897650.0], [571420.0, 4897650.0], [571420.0, 4897660.0], [571410.0, 4897660.0], [571410.0, 4897670.0], [571400.0, 4897670.0], [571400.0, 4897680.0], [571390.0, 4897680.0], [571390.0, 4897690.0], [571380.0, 4897690.0], [571380.0, 4897710.0], [571370.0, 4897710.0], [571370.0, 4897720.0], [571360.0, 4897720.0], [571360.0, 4897730.0], [571350.0, 4897730.0], [571350.0, 4897740.0], [571340.0, 4897740.0], [571340.0, 4897750.0], [571330.0, 4897750.0], [571330.0, 4897760.0], [571320.0, 4897760.0], [571320.0, 4897860.0], [571330.0, 4897860.0], [571330.0, 4897880.0], [571340.0, 4897880.0], [571340.0, 4897910.0], [571350.0, 4897910.0], [571350.0, 4897940.0], [571360.0, 4897940.0], [571360.0, 4898010.0], [571370.0, 4898010.0], [571370.0, 4898060.0], [571360.0, 4898060.0], [571360.0, 4898130.0], [571350.0, 4898130.0], [571350.0, 4898150.0], [571340.0, 4898150.0], [571340.0, 4898180.0], [571330.0, 4898180.0], [571330.0, 4898280.0], [571340.0, 4898280.0], [571340.0, 4898310.0], [571330.0, 4898310.0], [571330.0, 4898330.0], [571320.0, 4898330.0], [571320.0, 4898360.0], [571310.0, 4898360.0], [571310.0, 4898430.0], [571300.0, 4898430.0], [571300.0, 4898450.0], [571290.0, 4898450.0], [571290.0, 4898460.0], [571280.0, 4898460.0], [571280.0, 4898480.0], [571270.0, 4898480.0], [571270.0, 4898490.0], [571260.0, 4898490.0], [571260.0, 4898510.0], [571250.0, 4898510.0], [571250.0, 4898520.0], [571240.0, 4898520.0], [571240.0, 4898530.0], [571230.0, 4898530.0], [571230.0, 4898540.0], [571220.0, 4898540.0], [571220.0, 4898560.0], [571210.0, 4898560.0], [571210.0, 4898570.0], [571200.0, 4898570.0], [571200.0, 4898580.0], [571190.0, 4898580.0], [571190.0, 4898590.0], [571180.0, 4898590.0], [571180.0, 4898600.0], [571170.0, 4898600.0], [571170.0, 4898620.0], [571160.0, 4898620.0], [571160.0, 4898630.0], [571150.0, 4898630.0], [571150.0, 4898640.0], [571140.0, 4898640.0], [571140.0, 4898660.0], [571130.0, 4898660.0], [571130.0, 4898680.0], [571060.0, 4898680.0], [571060.0, 4898690.0], [571030.0, 4898690.0], [571030.0, 4898700.0], [571020.0, 4898700.0], [571020.0, 4898710.0], [571000.0, 4898710.0], [571000.0, 4898720.0], [570980.0, 4898720.0], [570980.0, 4898730.0], [570970.0, 4898730.0], [570970.0, 4898740.0], [570960.0, 4898740.0], [570960.0, 4898750.0], [570950.0, 4898750.0], [570950.0, 4898760.0], [570930.0, 4898760.0], [570930.0, 4898770.0], [570920.0, 4898770.0], [570920.0, 4898780.0], [570910.0, 4898780.0], [570910.0, 4898790.0], [570900.0, 4898790.0], [570900.0, 4898800.0], [570890.0, 4898800.0], [570890.0, 4898810.0], [570880.0, 4898810.0], [570880.0, 4898820.0], [570860.0, 4898820.0], [570860.0, 4898830.0], [570850.0, 4898830.0], [570850.0, 4898840.0], [570840.0, 4898840.0], [570840.0, 4898850.0], [570830.0, 4898850.0], [570830.0, 4898860.0], [570820.0, 4898860.0], [570820.0, 4898870.0], [570810.0, 4898870.0], [570810.0, 4898880.0], [570800.0, 4898880.0], [570800.0, 4898890.0], [570780.0, 4898890.0], [570780.0, 4898900.0], [570770.0, 4898900.0], [570770.0, 4898910.0], [570750.0, 4898910.0], [570750.0, 4898920.0], [570740.0, 4898920.0], [570740.0, 4898930.0], [570730.0, 4898930.0], [570730.0, 4898940.0], [570720.0, 4898940.0], [570720.0, 4898950.0], [570700.0, 4898950.0], [570700.0, 4898960.0], [570690.0, 4898960.0], [570690.0, 4898970.0], [570680.0, 4898970.0], [570680.0, 4898980.0], [570670.0, 4898980.0], [570670.0, 4898990.0], [570660.0, 4898990.0], [570660.0, 4899000.0], [570650.0, 4899000.0], [570650.0, 4899010.0], [570640.0, 4899010.0], [570640.0, 4899020.0], [570630.0, 4899020.0], [570630.0, 4899030.0], [570620.0, 4899030.0], [570620.0, 4899040.0], [570610.0, 4899040.0], [570610.0, 4899050.0], [570590.0, 4899050.0], [570590.0, 4899060.0], [570580.0, 4899060.0], [570580.0, 4899070.0], [570550.0, 4899070.0], [570550.0, 4899080.0], [570450.0, 4899080.0], [570450.0, 4899090.0], [570130.0, 4899090.0], [570130.0, 4899100.0], [570110.0, 4899100.0], [570110.0, 4899110.0], [570070.0, 4899110.0], [570070.0, 4899120.0], [569930.0, 4899120.0], [569930.0, 4899110.0], [569840.0, 4899110.0], [569840.0, 4899120.0], [569810.0, 4899120.0], [569810.0, 4899130.0], [569800.0, 4899130.0], [569800.0, 4899140.0], [569790.0, 4899140.0], [569790.0, 4899150.0], [569780.0, 4899150.0], [569780.0, 4899160.0], [569770.0, 4899160.0], [569770.0, 4899170.0], [569760.0, 4899170.0], [569760.0, 4899180.0], [569740.0, 4899180.0], [569740.0, 4899190.0], [569730.0, 4899190.0], [569730.0, 4899200.0], [569710.0, 4899200.0], [569710.0, 4899210.0], [569700.0, 4899210.0], [569700.0, 4899220.0], [569690.0, 4899220.0], [569690.0, 4899230.0], [569680.0, 4899230.0], [569680.0, 4899250.0], [569690.0, 4899250.0], [569690.0, 4899290.0], [569700.0, 4899290.0], [569700.0, 4899320.0], [569710.0, 4899320.0], [569710.0, 4899350.0], [569720.0, 4899350.0], [569720.0, 4899370.0], [569730.0, 4899370.0], [569730.0, 4899400.0], [569740.0, 4899400.0], [569740.0, 4899420.0], [569750.0, 4899420.0], [569750.0, 4899440.0], [569760.0, 4899440.0], [569760.0, 4899490.0], [569750.0, 4899490.0], [569750.0, 4899530.0], [569770.0, 4899530.0], [569770.0, 4899570.0], [569780.0, 4899570.0], [569780.0, 4899640.0], [569770.0, 4899640.0], [569770.0, 4899750.0], [569760.0, 4899750.0], [569760.0, 4899770.0], [569750.0, 4899770.0], [569750.0, 4899860.0], [569740.0, 4899860.0], [569740.0, 4899960.0], [569730.0, 4899960.0], [569730.0, 4899970.0], [569690.0, 4899970.0], [569690.0, 4899980.0], [569670.0, 4899980.0], [569670.0, 4900000.0], [569660.0, 4900000.0], [569660.0, 4900010.0], [569650.0, 4900010.0], [569650.0, 4900020.0], [569640.0, 4900020.0], [569640.0, 4900030.0], [569630.0, 4900030.0], [569630.0, 4900040.0], [569620.0, 4900040.0], [569620.0, 4900050.0], [569600.0, 4900050.0], [569600.0, 4900060.0], [569590.0, 4900060.0], [569590.0, 4900070.0], [569570.0, 4900070.0], [569570.0, 4900080.0], [569560.0, 4900080.0], [569560.0, 4900090.0], [569550.0, 4900090.0], [569550.0, 4900100.0], [569540.0, 4900100.0], [569540.0, 4900120.0], [569530.0, 4900120.0], [569530.0, 4900130.0], [569520.0, 4900130.0], [569520.0, 4900140.0], [569510.0, 4900140.0], [569510.0, 4900150.0], [569500.0, 4900150.0], [569500.0, 4900170.0], [569490.0, 4900170.0], [569490.0, 4900180.0], [569480.0, 4900180.0], [569480.0, 4900190.0], [569470.0, 4900190.0], [569470.0, 4900210.0], [569460.0, 4900210.0], [569460.0, 4900230.0], [569450.0, 4900230.0], [569450.0, 4900240.0], [569440.0, 4900240.0], [569440.0, 4900250.0], [569430.0, 4900250.0], [569430.0, 4900260.0], [569420.0, 4900260.0], [569420.0, 4900280.0], [569410.0, 4900280.0], [569410.0, 4900290.0], [569400.0, 4900290.0], [569400.0, 4900300.0], [569380.0, 4900300.0], [569380.0, 4900310.0], [569370.0, 4900310.0], [569370.0, 4900330.0], [569360.0, 4900330.0], [569360.0, 4900340.0], [569350.0, 4900340.0], [569350.0, 4900360.0], [569340.0, 4900360.0], [569340.0, 4900370.0], [569330.0, 4900370.0], [569330.0, 4900380.0], [569320.0, 4900380.0], [569320.0, 4900400.0], [569310.0, 4900400.0], [569310.0, 4900410.0], [569300.0, 4900410.0], [569300.0, 4900420.0], [569290.0, 4900420.0], [569290.0, 4900430.0], [569280.0, 4900430.0], [569280.0, 4900450.0], [569270.0, 4900450.0], [569270.0, 4900460.0], [569260.0, 4900460.0], [569260.0, 4900470.0], [569250.0, 4900470.0], [569250.0, 4900480.0], [569240.0, 4900480.0], [569240.0, 4900490.0], [569230.0, 4900490.0], [569230.0, 4900510.0], [569220.0, 4900510.0], [569220.0, 4900520.0], [569210.0, 4900520.0], [569210.0, 4900530.0], [569200.0, 4900530.0], [569200.0, 4900540.0], [569190.0, 4900540.0], [569190.0, 4900550.0], [569180.0, 4900550.0], [569180.0, 4900570.0], [569170.0, 4900570.0], [569170.0, 4900580.0], [569160.0, 4900580.0], [569160.0, 4900600.0], [569150.0, 4900600.0], [569150.0, 4900610.0], [569140.0, 4900610.0], [569140.0, 4900630.0], [569130.0, 4900630.0], [569130.0, 4900650.0], [569120.0, 4900650.0], [569120.0, 4900660.0], [569110.0, 4900660.0], [569110.0, 4900680.0], [569100.0, 4900680.0], [569100.0, 4900690.0], [569090.0, 4900690.0], [569090.0, 4900700.0], [569080.0, 4900700.0], [569080.0, 4900710.0], [569070.0, 4900710.0], [569070.0, 4900740.0], [569060.0, 4900740.0], [569060.0, 4900750.0], [569050.0, 4900750.0], [569050.0, 4900760.0], [569040.0, 4900760.0], [569040.0, 4900780.0], [569030.0, 4900780.0], [569030.0, 4900790.0], [569020.0, 4900790.0], [569020.0, 4900820.0], [569010.0, 4900820.0], [569010.0, 4900830.0], [569000.0, 4900830.0], [569000.0, 4900840.0], [568990.0, 4900840.0], [568990.0, 4900850.0], [568980.0, 4900850.0], [568980.0, 4900870.0], [568960.0, 4900870.0], [568960.0, 4900880.0], [568950.0, 4900880.0], [568950.0, 4900890.0], [568940.0, 4900890.0], [568940.0, 4900900.0], [568920.0, 4900900.0], [568920.0, 4900910.0], [568900.0, 4900910.0], [568900.0, 4900920.0], [568880.0, 4900920.0], [568880.0, 4900930.0], [568830.0, 4900930.0], [568830.0, 4900940.0], [568790.0, 4900940.0], [568790.0, 4900950.0], [568780.0, 4900950.0]]]}, "properties": {"site_code": "156", "dem_area_ha": 2606.78, "routing_qc_pass": true}}, {"type": "Feature", "geometry": {"type": "Polygon", "coordinates": [[[561440.0, 4896410.0], [561440.0, 4896400.0], [561420.0, 4896400.0], [561420.0, 4896390.0], [561400.0, 4896390.0], [561400.0, 4896380.0], [561390.0, 4896380.0], [561390.0, 4896370.0], [561380.0, 4896370.0], [561380.0, 4896360.0], [561370.0, 4896360.0], [561370.0, 4896350.0], [561340.0, 4896350.0], [561340.0, 4896340.0], [561320.0, 4896340.0], [561320.0, 4896330.0], [561310.0, 4896330.0], [561310.0, 4896320.0], [561290.0, 4896320.0], [561290.0, 4896310.0], [561260.0, 4896310.0], [561260.0, 4896300.0], [561230.0, 4896300.0], [561230.0, 4896290.0], [561210.0, 4896290.0], [561210.0, 4896280.0], [561130.0, 4896280.0], [561130.0, 4896290.0], [561110.0, 4896290.0], [561110.0, 4896300.0], [561070.0, 4896300.0], [561070.0, 4896310.0], [561060.0, 4896310.0], [561060.0, 4896320.0], [560930.0, 4896320.0], [560930.0, 4896310.0], [560880.0, 4896310.0], [560880.0, 4896300.0], [560850.0, 4896300.0], [560850.0, 4896290.0], [560840.0, 4896290.0], [560840.0, 4896280.0], [560830.0, 4896280.0], [560830.0, 4896270.0], [560820.0, 4896270.0], [560820.0, 4896260.0], [560800.0, 4896260.0], [560800.0, 4896240.0], [560790.0, 4896240.0], [560790.0, 4896230.0], [560780.0, 4896230.0], [560780.0, 4896220.0], [560790.0, 4896220.0], [560790.0, 4896210.0], [560800.0, 4896210.0], [560800.0, 4896200.0], [560810.0, 4896200.0], [560810.0, 4896190.0], [560820.0, 4896190.0], [560820.0, 4896180.0], [560830.0, 4896180.0], [560830.0, 4896170.0], [560850.0, 4896170.0], [560850.0, 4896160.0], [560860.0, 4896160.0], [560860.0, 4896150.0], [560870.0, 4896150.0], [560870.0, 4896130.0], [560890.0, 4896130.0], [560890.0, 4896120.0], [560900.0, 4896120.0], [560900.0, 4896110.0], [560910.0, 4896110.0], [560910.0, 4896090.0], [560920.0, 4896090.0], [560920.0, 4896080.0], [560930.0, 4896080.0], [560930.0, 4896060.0], [560940.0, 4896060.0], [560940.0, 4896040.0], [560950.0, 4896040.0], [560950.0, 4896020.0], [560960.0, 4896020.0], [560960.0, 4895980.0], [560970.0, 4895980.0], [560970.0, 4895970.0], [560980.0, 4895970.0], [560980.0, 4895950.0], [560990.0, 4895950.0], [560990.0, 4895940.0], [561000.0, 4895940.0], [561000.0, 4895920.0], [561010.0, 4895920.0], [561010.0, 4895900.0], [561020.0, 4895900.0], [561020.0, 4895890.0], [561030.0, 4895890.0], [561030.0, 4895830.0], [561040.0, 4895830.0], [561040.0, 4895810.0], [561050.0, 4895810.0], [561050.0, 4895800.0], [561060.0, 4895800.0], [561060.0, 4895790.0], [561070.0, 4895790.0], [561070.0, 4895780.0], [561080.0, 4895780.0], [561080.0, 4895770.0], [561090.0, 4895770.0], [561090.0, 4895750.0], [561080.0, 4895750.0], [561080.0, 4895730.0], [561070.0, 4895730.0], [561070.0, 4895720.0], [561060.0, 4895720.0], [561060.0, 4895710.0], [561050.0, 4895710.0], [561050.0, 4895700.0], [561040.0, 4895700.0], [561040.0, 4895690.0], [561030.0, 4895690.0], [561030.0, 4895680.0], [561020.0, 4895680.0], [561020.0, 4895670.0], [561010.0, 4895670.0], [561010.0, 4895630.0], [561020.0, 4895630.0], [561020.0, 4895610.0], [561030.0, 4895610.0], [561030.0, 4895590.0], [561040.0, 4895590.0], [561040.0, 4895580.0], [561050.0, 4895580.0], [561050.0, 4895570.0], [561070.0, 4895570.0], [561070.0, 4895560.0], [561080.0, 4895560.0], [561080.0, 4895550.0], [561090.0, 4895550.0], [561090.0, 4895540.0], [561100.0, 4895540.0], [561100.0, 4895460.0], [561110.0, 4895460.0], [561110.0, 4895440.0], [561120.0, 4895440.0], [561120.0, 4895430.0], [561130.0, 4895430.0], [561130.0, 4895420.0], [561140.0, 4895420.0], [561140.0, 4895410.0], [561280.0, 4895410.0], [561280.0, 4895400.0], [561300.0, 4895400.0], [561300.0, 4895390.0], [561310.0, 4895390.0], [561310.0, 4895380.0], [561320.0, 4895380.0], [561320.0, 4895360.0], [561330.0, 4895360.0], [561330.0, 4895320.0], [561340.0, 4895320.0], [561340.0, 4895310.0], [561350.0, 4895310.0], [561350.0, 4895290.0], [561360.0, 4895290.0], [561360.0, 4895270.0], [561370.0, 4895270.0], [561370.0, 4895260.0], [561380.0, 4895260.0], [561380.0, 4895230.0], [561400.0, 4895230.0], [561400.0, 4895240.0], [561440.0, 4895240.0], [561440.0, 4895250.0], [561460.0, 4895250.0], [561460.0, 4895260.0], [561480.0, 4895260.0], [561480.0, 4895270.0], [561500.0, 4895270.0], [561500.0, 4895280.0], [561520.0, 4895280.0], [561520.0, 4895290.0], [561530.0, 4895290.0], [561530.0, 4895300.0], [561540.0, 4895300.0], [561540.0, 4895310.0], [561560.0, 4895310.0], [561560.0, 4895320.0], [561570.0, 4895320.0], [561570.0, 4895330.0], [561590.0, 4895330.0], [561590.0, 4895340.0], [561610.0, 4895340.0], [561610.0, 4895360.0], [561650.0, 4895360.0], [561650.0, 4895370.0], [561670.0, 4895370.0], [561670.0, 4895390.0], [561690.0, 4895390.0], [561690.0, 4895400.0], [561700.0, 4895400.0], [561700.0, 4895410.0], [561720.0, 4895410.0], [561720.0, 4895420.0], [561730.0, 4895420.0], [561730.0, 4895430.0], [561750.0, 4895430.0], [561750.0, 4895440.0], [561800.0, 4895440.0], [561800.0, 4895450.0], [561810.0, 4895450.0], [561810.0, 4895460.0], [561830.0, 4895460.0], [561830.0, 4895470.0], [561850.0, 4895470.0], [561850.0, 4895480.0], [561860.0, 4895480.0], [561860.0, 4895500.0], [561870.0, 4895500.0], [561870.0, 4895520.0], [561880.0, 4895520.0], [561880.0, 4895540.0], [561890.0, 4895540.0], [561890.0, 4895580.0], [561880.0, 4895580.0], [561880.0, 4895600.0], [561870.0, 4895600.0], [561870.0, 4895920.0], [561860.0, 4895920.0], [561860.0, 4895930.0], [561850.0, 4895930.0], [561850.0, 4895990.0], [561840.0, 4895990.0], [561840.0, 4896000.0], [561830.0, 4896000.0], [561830.0, 4896010.0], [561820.0, 4896010.0], [561820.0, 4896020.0], [561810.0, 4896020.0], [561810.0, 4896030.0], [561780.0, 4896030.0], [561780.0, 4896040.0], [561760.0, 4896040.0], [561760.0, 4896050.0], [561750.0, 4896050.0], [561750.0, 4896060.0], [561740.0, 4896060.0], [561740.0, 4896070.0], [561730.0, 4896070.0], [561730.0, 4896080.0], [561720.0, 4896080.0], [561720.0, 4896090.0], [561710.0, 4896090.0], [561710.0, 4896100.0], [561700.0, 4896100.0], [561700.0, 4896110.0], [561680.0, 4896110.0], [561680.0, 4896120.0], [561670.0, 4896120.0], [561670.0, 4896130.0], [561650.0, 4896130.0], [561650.0, 4896140.0], [561620.0, 4896140.0], [561620.0, 4896150.0], [561600.0, 4896150.0], [561600.0, 4896180.0], [561590.0, 4896180.0], [561590.0, 4896200.0], [561580.0, 4896200.0], [561580.0, 4896240.0], [561590.0, 4896240.0], [561590.0, 4896290.0], [561580.0, 4896290.0], [561580.0, 4896300.0], [561560.0, 4896300.0], [561560.0, 4896310.0], [561550.0, 4896310.0], [561550.0, 4896320.0], [561540.0, 4896320.0], [561540.0, 4896330.0], [561530.0, 4896330.0], [561530.0, 4896340.0], [561520.0, 4896340.0], [561520.0, 4896360.0], [561510.0, 4896360.0], [561510.0, 4896370.0], [561500.0, 4896370.0], [561500.0, 4896390.0], [561490.0, 4896390.0], [561490.0, 4896400.0], [561470.0, 4896400.0], [561470.0, 4896410.0], [561440.0, 4896410.0]]]}, "properties": {"site_code": "WS3-6", "dem_area_ha": 77.44, "routing_qc_pass": true}}, {"type": "Feature", "geometry": {"type": "Polygon", "coordinates": [[[565130.0, 4897930.0], [565130.0, 4897920.0], [565140.0, 4897920.0], [565140.0, 4897930.0], [565130.0, 4897930.0]]]}, "properties": {"site_code": "68", "dem_area_ha": 3054.66, "routing_qc_pass": true}}, {"type": "Feature", "geometry": {"type": "Polygon", "coordinates": [[[568780.0, 4900950.0], [568780.0, 4900940.0], [568760.0, 4900940.0], [568760.0, 4900930.0], [568730.0, 4900930.0], [568730.0, 4900920.0], [568710.0, 4900920.0], [568710.0, 4900910.0], [568690.0, 4900910.0], [568690.0, 4900900.0], [568680.0, 4900900.0], [568680.0, 4900890.0], [568670.0, 4900890.0], [568670.0, 4900880.0], [568660.0, 4900880.0], [568660.0, 4900860.0], [568650.0, 4900860.0], [568650.0, 4900820.0], [568640.0, 4900820.0], [568640.0, 4900810.0], [568630.0, 4900810.0], [568630.0, 4900790.0], [568620.0, 4900790.0], [568620.0, 4900780.0], [568610.0, 4900780.0], [568610.0, 4900770.0], [568600.0, 4900770.0], [568600.0, 4900760.0], [568590.0, 4900760.0], [568590.0, 4900750.0], [568580.0, 4900750.0], [568580.0, 4900740.0], [568570.0, 4900740.0], [568570.0, 4900730.0], [568560.0, 4900730.0], [568560.0, 4900710.0], [568550.0, 4900710.0], [568550.0, 4900700.0], [568520.0, 4900700.0], [568520.0, 4900690.0], [568500.0, 4900690.0], [568500.0, 4900680.0], [568490.0, 4900680.0], [568490.0, 4900660.0], [568480.0, 4900660.0], [568480.0, 4900650.0], [568470.0, 4900650.0], [568470.0, 4900640.0], [568460.0, 4900640.0], [568460.0, 4900630.0], [568450.0, 4900630.0], [568450.0, 4900620.0], [568440.0, 4900620.0], [568440.0, 4900610.0], [568430.0, 4900610.0], [568430.0, 4900570.0], [568420.0, 4900570.0], [568420.0, 4900560.0], [568410.0, 4900560.0], [568410.0, 4900550.0], [568400.0, 4900550.0], [568400.0, 4900540.0], [568390.0, 4900540.0], [568390.0, 4900530.0], [568380.0, 4900530.0], [568380.0, 4900520.0], [568370.0, 4900520.0], [568370.0, 4900510.0], [568350.0, 4900510.0], [568350.0, 4900500.0], [568300.0, 4900500.0], [568300.0, 4900490.0], [568290.0, 4900490.0], [568290.0, 4900480.0], [568280.0, 4900480.0], [568280.0, 4900470.0], [568210.0, 4900470.0], [568210.0, 4900480.0], [568160.0, 4900480.0], [568160.0, 4900460.0], [568150.0, 4900460.0], [568150.0, 4900470.0], [568120.0, 4900470.0], [568120.0, 4900480.0], [568110.0, 4900480.0], [568110.0, 4900470.0], [568100.0, 4900470.0], [568100.0, 4900460.0], [568070.0, 4900460.0], [568070.0, 4900470.0], [568040.0, 4900470.0], [568040.0, 4900480.0], [568030.0, 4900480.0], [568030.0, 4900490.0], [567940.0, 4900490.0], [567940.0, 4900480.0], [567900.0, 4900480.0], [567900.0, 4900470.0], [567880.0, 4900470.0], [567880.0, 4900460.0], [567870.0, 4900460.0], [567870.0, 4900430.0], [567860.0, 4900430.0], [567860.0, 4900420.0], [567850.0, 4900420.0], [567850.0, 4900410.0], [567840.0, 4900410.0], [567840.0, 4900400.0], [567830.0, 4900400.0], [567830.0, 4900390.0], [567800.0, 4900390.0], [567800.0, 4900380.0], [567790.0, 4900380.0], [567790.0, 4900370.0], [567780.0, 4900370.0], [567780.0, 4900360.0], [567770.0, 4900360.0], [567770.0, 4900350.0], [567760.0, 4900350.0], [567760.0, 4900340.0], [567750.0, 4900340.0], [567750.0, 4900330.0], [567740.0, 4900330.0], [567740.0, 4900320.0], [567730.0, 4900320.0], [567730.0, 4900310.0], [567710.0, 4900310.0], [567710.0, 4900300.0], [567700.0, 4900300.0], [567700.0, 4900290.0], [567680.0, 4900290.0], [567680.0, 4900280.0], [567660.0, 4900280.0], [567660.0, 4900270.0], [567650.0, 4900270.0], [567650.0, 4900260.0], [567640.0, 4900260.0], [567640.0, 4900250.0], [567630.0, 4900250.0], [567630.0, 4900240.0], [567620.0, 4900240.0], [567620.0, 4900230.0], [567610.0, 4900230.0], [567610.0, 4900220.0], [567600.0, 4900220.0], [567600.0, 4900210.0], [567580.0, 4900210.0], [567580.0, 4900200.0], [567570.0, 4900200.0], [567570.0, 4900190.0], [567560.0, 4900190.0], [567560.0, 4900180.0], [567550.0, 4900180.0], [567550.0, 4900170.0], [567540.0, 4900170.0], [567540.0, 4900160.0], [567530.0, 4900160.0], [567530.0, 4900140.0], [567520.0, 4900140.0], [567520.0, 4900120.0], [567510.0, 4900120.0], [567510.0, 4900110.0], [567480.0, 4900110.0], [567480.0, 4900100.0], [567470.0, 4900100.0], [567470.0, 4900090.0], [567460.0, 4900090.0], [567460.0, 4900080.0], [567450.0, 4900080.0], [567450.0, 4900070.0], [567430.0, 4900070.0], [567430.0, 4900060.0], [567420.0, 4900060.0], [567420.0, 4900050.0], [567410.0, 4900050.0], [567410.0, 4900040.0], [567390.0, 4900040.0], [567390.0, 4900030.0], [567370.0, 4900030.0], [567370.0, 4900020.0], [567360.0, 4900020.0], [567360.0, 4900010.0], [567350.0, 4900010.0], [567350.0, 4900000.0], [567340.0, 4900000.0], [567340.0, 4899990.0], [567330.0, 4899990.0], [567330.0, 4899970.0], [567320.0, 4899970.0], [567320.0, 4899940.0], [567310.0, 4899940.0], [567310.0, 4899930.0], [567300.0, 4899930.0], [567300.0, 4899910.0], [567290.0, 4899910.0], [567290.0, 4899900.0], [567270.0, 4899900.0], [567270.0, 4899890.0], [567260.0, 4899890.0], [567260.0, 4899880.0], [567250.0, 4899880.0], [567250.0, 4899870.0], [567240.0, 4899870.0], [567240.0, 4899860.0], [567230.0, 4899860.0], [567230.0, 4899850.0], [567220.0, 4899850.0], [567220.0, 4899840.0], [567210.0, 4899840.0], [567210.0, 4899820.0], [567200.0, 4899820.0], [567200.0, 4899800.0], [567190.0, 4899800.0], [567190.0, 4899790.0], [567180.0, 4899790.0], [567180.0, 4899780.0], [567170.0, 4899780.0], [567170.0, 4899770.0], [567160.0, 4899770.0], [567160.0, 4899760.0], [567140.0, 4899760.0], [567140.0, 4899750.0], [567070.0, 4899750.0], [567070.0, 4899740.0], [567020.0, 4899740.0], [567020.0, 4899750.0], [566920.0, 4899750.0], [566920.0, 4899740.0], [566900.0, 4899740.0], [566900.0, 4899730.0], [566880.0, 4899730.0], [566880.0, 4899720.0], [566870.0, 4899720.0], [566870.0, 4899710.0], [566860.0, 4899710.0], [566860.0, 4899700.0], [566850.0, 4899700.0], [566850.0, 4899690.0], [566840.0, 4899690.0], [566840.0, 4899680.0], [566830.0, 4899680.0], [566830.0, 4899670.0], [566810.0, 4899670.0], [566810.0, 4899660.0], [566800.0, 4899660.0], [566800.0, 4899650.0], [566780.0, 4899650.0], [566780.0, 4899640.0], [566770.0, 4899640.0], [566770.0, 4899630.0], [566750.0, 4899630.0], [566750.0, 4899620.0], [566730.0, 4899620.0], [566730.0, 4899610.0], [566710.0, 4899610.0], [566710.0, 4899600.0], [566690.0, 4899600.0], [566690.0, 4899590.0], [566660.0, 4899590.0], [566660.0, 4899580.0], [566650.0, 4899580.0], [566650.0, 4899590.0], [566590.0, 4899590.0], [566590.0, 4899600.0], [566580.0, 4899600.0], [566580.0, 4899610.0], [566570.0, 4899610.0], [566570.0, 4899600.0], [566560.0, 4899600.0], [566560.0, 4899590.0], [566550.0, 4899590.0], [566550.0, 4899580.0], [566540.0, 4899580.0], [566540.0, 4899570.0], [566530.0, 4899570.0], [566530.0, 4899560.0], [566520.0, 4899560.0], [566520.0, 4899550.0], [566510.0, 4899550.0], [566510.0, 4899530.0], [566500.0, 4899530.0], [566500.0, 4899510.0], [566490.0, 4899510.0], [566490.0, 4899500.0], [566480.0, 4899500.0], [566480.0, 4899490.0], [566470.0, 4899490.0], [566470.0, 4899470.0], [566460.0, 4899470.0], [566460.0, 4899450.0], [566450.0, 4899450.0], [566450.0, 4899430.0], [566440.0, 4899430.0], [566440.0, 4899410.0], [566430.0, 4899410.0], [566430.0, 4899390.0], [566410.0, 4899390.0], [566410.0, 4899380.0], [566400.0, 4899380.0], [566400.0, 4899370.0], [566380.0, 4899370.0], [566380.0, 4899360.0], [566370.0, 4899360.0], [566370.0, 4899350.0], [566360.0, 4899350.0], [566360.0, 4899340.0], [566340.0, 4899340.0], [566340.0, 4899330.0], [566330.0, 4899330.0], [566330.0, 4899320.0], [566290.0, 4899320.0], [566290.0, 4899310.0], [566240.0, 4899310.0], [566240.0, 4899300.0], [566210.0, 4899300.0], [566210.0, 4899290.0], [566200.0, 4899290.0], [566200.0, 4899280.0], [566060.0, 4899280.0], [566060.0, 4899290.0], [566050.0, 4899290.0], [566050.0, 4899300.0], [566040.0, 4899300.0], [566040.0, 4899310.0], [566020.0, 4899310.0], [566020.0, 4899290.0], [566010.0, 4899290.0], [566010.0, 4899270.0], [566000.0, 4899270.0], [566000.0, 4899260.0], [565990.0, 4899260.0], [565990.0, 4899240.0], [565980.0, 4899240.0], [565980.0, 4899230.0], [565970.0, 4899230.0], [565970.0, 4899220.0], [565940.0, 4899220.0], [565940.0, 4899210.0], [565930.0, 4899210.0], [565930.0, 4899200.0], [565920.0, 4899200.0], [565920.0, 4899190.0], [565880.0, 4899190.0], [565880.0, 4899180.0], [565850.0, 4899180.0], [565850.0, 4899170.0], [565830.0, 4899170.0], [565830.0, 4899160.0], [565820.0, 4899160.0], [565820.0, 4899070.0], [565810.0, 4899070.0], [565810.0, 4899060.0], [565800.0, 4899060.0], [565800.0, 4899050.0], [565780.0, 4899050.0], [565780.0, 4899040.0], [565760.0, 4899040.0], [565760.0, 4899030.0], [565740.0, 4899030.0], [565740.0, 4899040.0], [565730.0, 4899040.0], [565730.0, 4899030.0], [565710.0, 4899030.0], [565710.0, 4899020.0], [565700.0, 4899020.0], [565700.0, 4899010.0], [565690.0, 4899010.0], [565690.0, 4898990.0], [565680.0, 4898990.0], [565680.0, 4898960.0], [565670.0, 4898960.0], [565670.0, 4898940.0], [565660.0, 4898940.0], [565660.0, 4898920.0], [565650.0, 4898920.0], [565650.0, 4898910.0], [565640.0, 4898910.0], [565640.0, 4898900.0], [565630.0, 4898900.0], [565630.0, 4898890.0], [565620.0, 4898890.0], [565620.0, 4898880.0], [565610.0, 4898880.0], [565610.0, 4898870.0], [565600.0, 4898870.0], [565600.0, 4898860.0], [565580.0, 4898860.0], [565580.0, 4898850.0], [565570.0, 4898850.0], [565570.0, 4898840.0], [565560.0, 4898840.0], [565560.0, 4898830.0], [565550.0, 4898830.0], [565550.0, 4898820.0], [565540.0, 4898820.0], [565540.0, 4898810.0], [565530.0, 4898810.0], [565530.0, 4898790.0], [565520.0, 4898790.0], [565520.0, 4898780.0], [565510.0, 4898780.0], [565510.0, 4898710.0], [565500.0, 4898710.0], [565500.0, 4898670.0], [565510.0, 4898670.0], [565510.0, 4898620.0], [565500.0, 4898620.0], [565500.0, 4898530.0], [565490.0, 4898530.0], [565490.0, 4898510.0], [565480.0, 4898510.0], [565480.0, 4898490.0], [565470.0, 4898490.0], [565470.0, 4898450.0], [565460.0, 4898450.0], [565460.0, 4898390.0], [565470.0, 4898390.0], [565470.0, 4898330.0], [565480.0, 4898330.0], [565480.0, 4898280.0], [565470.0, 4898280.0], [565470.0, 4898190.0], [565460.0, 4898190.0], [565460.0, 4898180.0], [565450.0, 4898180.0], [565450.0, 4898160.0], [565440.0, 4898160.0], [565440.0, 4898140.0], [565430.0, 4898140.0], [565430.0, 4898130.0], [565420.0, 4898130.0], [565420.0, 4898120.0], [565410.0, 4898120.0], [565410.0, 4898110.0], [565400.0, 4898110.0], [565400.0, 4898100.0], [565390.0, 4898100.0], [565390.0, 4898090.0], [565380.0, 4898090.0], [565380.0, 4898080.0], [565360.0, 4898080.0], [565360.0, 4898070.0], [565310.0, 4898070.0], [565310.0, 4898060.0], [565280.0, 4898060.0], [565280.0, 4898050.0], [565260.0, 4898050.0], [565260.0, 4898040.0], [565230.0, 4898040.0], [565230.0, 4898030.0], [565220.0, 4898030.0], [565220.0, 4898010.0], [565210.0, 4898010.0], [565210.0, 4897950.0], [565200.0, 4897950.0], [565200.0, 4897940.0], [565190.0, 4897940.0], [565190.0, 4897930.0], [565170.0, 4897930.0], [565170.0, 4897920.0], [565140.0, 4897920.0], [565140.0, 4897900.0], [565130.0, 4897900.0], [565130.0, 4897890.0], [565120.0, 4897890.0], [565120.0, 4897860.0], [565110.0, 4897860.0], [565110.0, 4897850.0], [565120.0, 4897850.0], [565120.0, 4897840.0], [565130.0, 4897840.0], [565130.0, 4897830.0], [565140.0, 4897830.0], [565140.0, 4897680.0], [565150.0, 4897680.0], [565150.0, 4897670.0], [565140.0, 4897670.0], [565140.0, 4897660.0], [565130.0, 4897660.0], [565130.0, 4897650.0], [565120.0, 4897650.0], [565120.0, 4897640.0], [565110.0, 4897640.0], [565110.0, 4897630.0], [565100.0, 4897630.0], [565100.0, 4897620.0], [565090.0, 4897620.0], [565090.0, 4897610.0], [565080.0, 4897610.0], [565080.0, 4897600.0], [565070.0, 4897600.0], [565070.0, 4897590.0], [565060.0, 4897590.0], [565060.0, 4897580.0], [565050.0, 4897580.0], [565050.0, 4897560.0], [565040.0, 4897560.0], [565040.0, 4897510.0], [565030.0, 4897510.0], [565030.0, 4897460.0], [565020.0, 4897460.0], [565020.0, 4897440.0], [565010.0, 4897440.0], [565010.0, 4897420.0], [565000.0, 4897420.0], [565000.0, 4897400.0], [564990.0, 4897400.0], [564990.0, 4897370.0], [564980.0, 4897370.0], [564980.0, 4897350.0], [564970.0, 4897350.0], [564970.0, 4897340.0], [564960.0, 4897340.0], [564960.0, 4897310.0], [564950.0, 4897310.0], [564950.0, 4897290.0], [564940.0, 4897290.0], [564940.0, 4897280.0], [564930.0, 4897280.0], [564930.0, 4897270.0], [564920.0, 4897270.0], [564920.0, 4897260.0], [564910.0, 4897260.0], [564910.0, 4897240.0], [564900.0, 4897240.0], [564900.0, 4897230.0], [564890.0, 4897230.0], [564890.0, 4897220.0], [564880.0, 4897220.0], [564880.0, 4897200.0], [564870.0, 4897200.0], [564870.0, 4897190.0], [564860.0, 4897190.0], [564860.0, 4897180.0], [564850.0, 4897180.0], [564850.0, 4897170.0], [564840.0, 4897170.0], [564840.0, 4897160.0], [564830.0, 4897160.0], [564830.0, 4897140.0], [564820.0, 4897140.0], [564820.0, 4897130.0], [564810.0, 4897130.0], [564810.0, 4897110.0], [564800.0, 4897110.0], [564800.0, 4897100.0], [564790.0, 4897100.0], [564790.0, 4897090.0], [564780.0, 4897090.0], [564780.0, 4897080.0], [564770.0, 4897080.0], [564770.0, 4897050.0], [564760.0, 4897050.0], [564760.0, 4897010.0], [564750.0, 4897010.0], [564750.0, 4897000.0], [564740.0, 4897000.0], [564740.0, 4896900.0], [564730.0, 4896900.0], [564730.0, 4896890.0], [564720.0, 4896890.0], [564720.0, 4896880.0], [564710.0, 4896880.0], [564710.0, 4896870.0], [564700.0, 4896870.0], [564700.0, 4896860.0], [564670.0, 4896860.0], [564670.0, 4896850.0], [564660.0, 4896850.0], [564660.0, 4896840.0], [564610.0, 4896840.0], [564610.0, 4896830.0], [564600.0, 4896830.0], [564600.0, 4896800.0], [564590.0, 4896800.0], [564590.0, 4896770.0], [564580.0, 4896770.0], [564580.0, 4896610.0], [564590.0, 4896610.0], [564590.0, 4896590.0], [564600.0, 4896590.0], [564600.0, 4896580.0], [564610.0, 4896580.0], [564610.0, 4896570.0], [564620.0, 4896570.0], [564620.0, 4896560.0], [564630.0, 4896560.0], [564630.0, 4896550.0], [564640.0, 4896550.0], [564640.0, 4896540.0], [564650.0, 4896540.0], [564650.0, 4896530.0], [564660.0, 4896530.0], [564660.0, 4896520.0], [564670.0, 4896520.0], [564670.0, 4896500.0], [564680.0, 4896500.0], [564680.0, 4896490.0], [564690.0, 4896490.0], [564690.0, 4896470.0], [564700.0, 4896470.0], [564700.0, 4896440.0], [564710.0, 4896440.0], [564710.0, 4896290.0], [564720.0, 4896290.0], [564720.0, 4896270.0], [564730.0, 4896270.0], [564730.0, 4896240.0], [564740.0, 4896240.0], [564740.0, 4896220.0], [564750.0, 4896220.0], [564750.0, 4896200.0], [564760.0, 4896200.0], [564760.0, 4896170.0], [564770.0, 4896170.0], [564770.0, 4896120.0], [564780.0, 4896120.0], [564780.0, 4896110.0], [564790.0, 4896110.0], [564790.0, 4896100.0], [564800.0, 4896100.0], [564800.0, 4896030.0], [564810.0, 4896030.0], [564810.0, 4896000.0], [564820.0, 4896000.0], [564820.0, 4895950.0], [564810.0, 4895950.0], [564810.0, 4895940.0], [564800.0, 4895940.0], [564800.0, 4895930.0], [564790.0, 4895930.0], [564790.0, 4895920.0], [564780.0, 4895920.0], [564780.0, 4895910.0], [564770.0, 4895910.0], [564770.0, 4895900.0], [564760.0, 4895900.0], [564760.0, 4895840.0], [564750.0, 4895840.0], [564750.0, 4895760.0], [564740.0, 4895760.0], [564740.0, 4895730.0], [564730.0, 4895730.0], [564730.0, 4895710.0], [564720.0, 4895710.0], [564720.0, 4895690.0], [564710.0, 4895690.0], [564710.0, 4895670.0], [564700.0, 4895670.0], [564700.0, 4895660.0], [564690.0, 4895660.0], [564690.0, 4895650.0], [564680.0, 4895650.0], [564680.0, 4895640.0], [564660.0, 4895640.0], [564660.0, 4895630.0], [564650.0, 4895630.0], [564650.0, 4895620.0], [564630.0, 4895620.0], [564630.0, 4895610.0], [564640.0, 4895610.0], [564640.0, 4895600.0], [564650.0, 4895600.0], [564650.0, 4895580.0], [564660.0, 4895580.0], [564660.0, 4895570.0], [564670.0, 4895570.0], [564670.0, 4895560.0], [564680.0, 4895560.0], [564680.0, 4895550.0], [564690.0, 4895550.0], [564690.0, 4895540.0], [564700.0, 4895540.0], [564700.0, 4895530.0], [564710.0, 4895530.0], [564710.0, 4895520.0], [564720.0, 4895520.0], [564720.0, 4895510.0], [564730.0, 4895510.0], [564730.0, 4895500.0], [564740.0, 4895500.0], [564740.0, 4895490.0], [564750.0, 4895490.0], [564750.0, 4895480.0], [564760.0, 4895480.0], [564760.0, 4895470.0], [564780.0, 4895470.0], [564780.0, 4895460.0], [564790.0, 4895460.0], [564790.0, 4895450.0], [564810.0, 4895450.0], [564810.0, 4895440.0], [564830.0, 4895440.0], [564830.0, 4895430.0], [564870.0, 4895430.0], [564870.0, 4895420.0], [564920.0, 4895420.0], [564920.0, 4895410.0], [564950.0, 4895410.0], [564950.0, 4895400.0], [564980.0, 4895400.0], [564980.0, 4895390.0], [564990.0, 4895390.0], [564990.0, 4895380.0], [565000.0, 4895380.0], [565000.0, 4895370.0], [565020.0, 4895370.0], [565020.0, 4895360.0], [565070.0, 4895360.0], [565070.0, 4895350.0], [565210.0, 4895350.0], [565210.0, 4895330.0], [565220.0, 4895330.0], [565220.0, 4895320.0], [565230.0, 4895320.0], [565230.0, 4895310.0], [565240.0, 4895310.0], [565240.0, 4895300.0], [565260.0, 4895300.0], [565260.0, 4895290.0], [565270.0, 4895290.0], [565270.0, 4895280.0], [565300.0, 4895280.0], [565300.0, 4895270.0], [565350.0, 4895270.0], [565350.0, 4895260.0], [565390.0, 4895260.0], [565390.0, 4895250.0], [565430.0, 4895250.0], [565430.0, 4895240.0], [565460.0, 4895240.0], [565460.0, 4895230.0], [565480.0, 4895230.0], [565480.0, 4895220.0], [565490.0, 4895220.0], [565490.0, 4895210.0], [565500.0, 4895210.0], [565500.0, 4895200.0], [565520.0, 4895200.0], [565520.0, 4895190.0], [565540.0, 4895190.0], [565540.0, 4895180.0], [565550.0, 4895180.0], [565550.0, 4895170.0], [565570.0, 4895170.0], [565570.0, 4895160.0], [565590.0, 4895160.0], [565590.0, 4895150.0], [565600.0, 4895150.0], [565600.0, 4895140.0], [565620.0, 4895140.0], [565620.0, 4895130.0], [565660.0, 4895130.0], [565660.0, 4895120.0], [565690.0, 4895120.0], [565690.0, 4895110.0], [565720.0, 4895110.0], [565720.0, 4895100.0], [565850.0, 4895100.0], [565850.0, 4895090.0], [565880.0, 4895090.0], [565880.0, 4895100.0], [565940.0, 4895100.0], [565940.0, 4895090.0], [565960.0, 4895090.0], [565960.0, 4895100.0], [565990.0, 4895100.0], [565990.0, 4895090.0], [566000.0, 4895090.0], [566000.0, 4895080.0], [566020.0, 4895080.0], [566020.0, 4895070.0], [566030.0, 4895070.0], [566030.0, 4895060.0], [566040.0, 4895060.0], [566040.0, 4895040.0], [566050.0, 4895040.0], [566050.0, 4895030.0], [566060.0, 4895030.0], [566060.0, 4895020.0], [566070.0, 4895020.0], [566070.0, 4895010.0], [566080.0, 4895010.0], [566080.0, 4894990.0], [566090.0, 4894990.0], [566090.0, 4894970.0], [566100.0, 4894970.0], [566100.0, 4894960.0], [566110.0, 4894960.0], [566110.0, 4894950.0], [566120.0, 4894950.0], [566120.0, 4894940.0], [566130.0, 4894940.0], [566130.0, 4894930.0], [566140.0, 4894930.0], [566140.0, 4894920.0], [566150.0, 4894920.0], [566150.0, 4894910.0], [566170.0, 4894910.0], [566170.0, 4894890.0], [566190.0, 4894890.0], [566190.0, 4894880.0], [566200.0, 4894880.0], [566200.0, 4894870.0], [566210.0, 4894870.0], [566210.0, 4894860.0], [566220.0, 4894860.0], [566220.0, 4894850.0], [566230.0, 4894850.0], [566230.0, 4894840.0], [566240.0, 4894840.0], [566240.0, 4894820.0], [566250.0, 4894820.0], [566250.0, 4894800.0], [566260.0, 4894800.0], [566260.0, 4894790.0], [566280.0, 4894790.0], [566280.0, 4894780.0], [566290.0, 4894780.0], [566290.0, 4894760.0], [566300.0, 4894760.0], [566300.0, 4894750.0], [566310.0, 4894750.0], [566310.0, 4894740.0], [566320.0, 4894740.0], [566320.0, 4894730.0], [566330.0, 4894730.0], [566330.0, 4894720.0], [566350.0, 4894720.0], [566350.0, 4894710.0], [566360.0, 4894710.0], [566360.0, 4894700.0], [566370.0, 4894700.0], [566370.0, 4894690.0], [566380.0, 4894690.0], [566380.0, 4894680.0], [566390.0, 4894680.0], [566390.0, 4894670.0], [566400.0, 4894670.0], [566400.0, 4894660.0], [566410.0, 4894660.0], [566410.0, 4894650.0], [566420.0, 4894650.0], [566420.0, 4894640.0], [566430.0, 4894640.0], [566430.0, 4894630.0], [566440.0, 4894630.0], [566440.0, 4894620.0], [566460.0, 4894620.0], [566460.0, 4894610.0], [566520.0, 4894610.0], [566520.0, 4894600.0], [566550.0, 4894600.0], [566550.0, 4894610.0], [566560.0, 4894610.0], [566560.0, 4894620.0], [566580.0, 4894620.0], [566580.0, 4894630.0], [566600.0, 4894630.0], [566600.0, 4894640.0], [566620.0, 4894640.0], [566620.0, 4894660.0], [566630.0, 4894660.0], [566630.0, 4894670.0], [566660.0, 4894670.0], [566660.0, 4894680.0], [566670.0, 4894680.0], [566670.0, 4894690.0], [566690.0, 4894690.0], [566690.0, 4894700.0], [566710.0, 4894700.0], [566710.0, 4894710.0], [566750.0, 4894710.0], [566750.0, 4894720.0], [566770.0, 4894720.0], [566770.0, 4894730.0], [566800.0, 4894730.0], [566800.0, 4894740.0], [566830.0, 4894740.0], [566830.0, 4894750.0], [566840.0, 4894750.0], [566840.0, 4894760.0], [566860.0, 4894760.0], [566860.0, 4894770.0], [566880.0, 4894770.0], [566880.0, 4894780.0], [566900.0, 4894780.0], [566900.0, 4894790.0], [566920.0, 4894790.0], [566920.0, 4894800.0], [566940.0, 4894800.0], [566940.0, 4894810.0], [566960.0, 4894810.0], [566960.0, 4894820.0], [566980.0, 4894820.0], [566980.0, 4894830.0], [567000.0, 4894830.0], [567000.0, 4894840.0], [567010.0, 4894840.0], [567010.0, 4894850.0], [567110.0, 4894850.0], [567110.0, 4894840.0], [567290.0, 4894840.0], [567290.0, 4894850.0], [567300.0, 4894850.0], [567300.0, 4894860.0], [567310.0, 4894860.0], [567310.0, 4894870.0], [567330.0, 4894870.0], [567330.0, 4894880.0], [567340.0, 4894880.0], [567340.0, 4894890.0], [567370.0, 4894890.0], [567370.0, 4894900.0], [567460.0, 4894900.0], [567460.0, 4894910.0], [567490.0, 4894910.0], [567490.0, 4894920.0], [567530.0, 4894920.0], [567530.0, 4894930.0], [567540.0, 4894930.0], [567540.0, 4894940.0], [567560.0, 4894940.0], [567560.0, 4894950.0], [567580.0, 4894950.0], [567580.0, 4894960.0], [567660.0, 4894960.0], [567660.0, 4894950.0], [567710.0, 4894950.0], [567710.0, 4894940.0], [567750.0, 4894940.0], [567750.0, 4894930.0], [567780.0, 4894930.0], [567780.0, 4894920.0], [567790.0, 4894920.0], [567790.0, 4894910.0], [567800.0, 4894910.0], [567800.0, 4894900.0], [567810.0, 4894900.0], [567810.0, 4894890.0], [567830.0, 4894890.0], [567830.0, 4894880.0], [567850.0, 4894880.0], [567850.0, 4894870.0], [567870.0, 4894870.0], [567870.0, 4894860.0], [567880.0, 4894860.0], [567880.0, 4894850.0], [567900.0, 4894850.0], [567900.0, 4894840.0], [567920.0, 4894840.0], [567920.0, 4894830.0], [567950.0, 4894830.0], [567950.0, 4894820.0], [567980.0, 4894820.0], [567980.0, 4894810.0], [568000.0, 4894810.0], [568000.0, 4894800.0], [568030.0, 4894800.0], [568030.0, 4894790.0], [568090.0, 4894790.0], [568090.0, 4894800.0], [568100.0, 4894800.0], [568100.0, 4894810.0], [568110.0, 4894810.0], [568110.0, 4894820.0], [568130.0, 4894820.0], [568130.0, 4894830.0], [568140.0, 4894830.0], [568140.0, 4894840.0], [568160.0, 4894840.0], [568160.0, 4894850.0], [568170.0, 4894850.0], [568170.0, 4894860.0], [568180.0, 4894860.0], [568180.0, 4894870.0], [568190.0, 4894870.0], [568190.0, 4894880.0], [568200.0, 4894880.0], [568200.0, 4894890.0], [568210.0, 4894890.0], [568210.0, 4894900.0], [568230.0, 4894900.0], [568230.0, 4894910.0], [568240.0, 4894910.0], [568240.0, 4894920.0], [568260.0, 4894920.0], [568260.0, 4894930.0], [568290.0, 4894930.0], [568290.0, 4894940.0], [568310.0, 4894940.0], [568310.0, 4894950.0], [568330.0, 4894950.0], [568330.0, 4894960.0], [568420.0, 4894960.0], [568420.0, 4894950.0], [568440.0, 4894950.0], [568440.0, 4894940.0], [568460.0, 4894940.0], [568460.0, 4894930.0], [568480.0, 4894930.0], [568480.0, 4894920.0], [568490.0, 4894920.0], [568490.0, 4894910.0], [568500.0, 4894910.0], [568500.0, 4894900.0], [568510.0, 4894900.0], [568510.0, 4894890.0], [568520.0, 4894890.0], [568520.0, 4894870.0], [568530.0, 4894870.0], [568530.0, 4894860.0], [568540.0, 4894860.0], [568540.0, 4894850.0], [568550.0, 4894850.0], [568550.0, 4894840.0], [568560.0, 4894840.0], [568560.0, 4894830.0], [568570.0, 4894830.0], [568570.0, 4894820.0], [568580.0, 4894820.0], [568580.0, 4894800.0], [568590.0, 4894800.0], [568590.0, 4894780.0], [568600.0, 4894780.0], [568600.0, 4894750.0], [568620.0, 4894750.0], [568620.0, 4894760.0], [568630.0, 4894760.0], [568630.0, 4894770.0], [568640.0, 4894770.0], [568640.0, 4894780.0], [568660.0, 4894780.0], [568660.0, 4894790.0], [568710.0, 4894790.0], [568710.0, 4894800.0], [568730.0, 4894800.0], [568730.0, 4894810.0], [568750.0, 4894810.0], [568750.0, 4894820.0], [568760.0, 4894820.0], [568760.0, 4894830.0], [568770.0, 4894830.0], [568770.0, 4894840.0], [568790.0, 4894840.0], [568790.0, 4894850.0], [568820.0, 4894850.0], [568820.0, 4894860.0], [568850.0, 4894860.0], [568850.0, 4894870.0], [568860.0, 4894870.0], [568860.0, 4894880.0], [568880.0, 4894880.0], [568880.0, 4894890.0], [568890.0, 4894890.0], [568890.0, 4894900.0], [568900.0, 4894900.0], [568900.0, 4894910.0], [568930.0, 4894910.0], [568930.0, 4894920.0], [568940.0, 4894920.0], [568940.0, 4894930.0], [568960.0, 4894930.0], [568960.0, 4894940.0], [568970.0, 4894940.0], [568970.0, 4894950.0], [568980.0, 4894950.0], [568980.0, 4894960.0], [569010.0, 4894960.0], [569010.0, 4894970.0], [569070.0, 4894970.0], [569070.0, 4894980.0], [569220.0, 4894980.0], [569220.0, 4894970.0], [569240.0, 4894970.0], [569240.0, 4894960.0], [569260.0, 4894960.0], [569260.0, 4894950.0], [569280.0, 4894950.0], [569280.0, 4894940.0], [569300.0, 4894940.0], [569300.0, 4894930.0], [569320.0, 4894930.0], [569320.0, 4894920.0], [569340.0, 4894920.0], [569340.0, 4894910.0], [569350.0, 4894910.0], [569350.0, 4894900.0], [569360.0, 4894900.0], [569360.0, 4894890.0], [569370.0, 4894890.0], [569370.0, 4894880.0], [569380.0, 4894880.0], [569380.0, 4894870.0], [569400.0, 4894870.0], [569400.0, 4894860.0], [569420.0, 4894860.0], [569420.0, 4894850.0], [569450.0, 4894850.0], [569450.0, 4894840.0], [569470.0, 4894840.0], [569470.0, 4894850.0], [569500.0, 4894850.0], [569500.0, 4894860.0], [569530.0, 4894860.0], [569530.0, 4894870.0], [569550.0, 4894870.0], [569550.0, 4894880.0], [569560.0, 4894880.0], [569560.0, 4894890.0], [569570.0, 4894890.0], [569570.0, 4894900.0], [569580.0, 4894900.0], [569580.0, 4894910.0], [569600.0, 4894910.0], [569600.0, 4894920.0], [569690.0, 4894920.0], [569690.0, 4894910.0], [569730.0, 4894910.0], [569730.0, 4894900.0], [569780.0, 4894900.0], [569780.0, 4894890.0], [569840.0, 4894890.0], [569840.0, 4894880.0], [569870.0, 4894880.0], [569870.0, 4894870.0], [569930.0, 4894870.0], [569930.0, 4894880.0], [569960.0, 4894880.0], [569960.0, 4894890.0], [569980.0, 4894890.0], [569980.0, 4894900.0], [570030.0, 4894900.0], [570030.0, 4894910.0], [570090.0, 4894910.0], [570090.0, 4894900.0], [570140.0, 4894900.0], [570140.0, 4894890.0], [570180.0, 4894890.0], [570180.0, 4894880.0], [570210.0, 4894880.0], [570210.0, 4894870.0], [570230.0, 4894870.0], [570230.0, 4894860.0], [570250.0, 4894860.0], [570250.0, 4894850.0], [570260.0, 4894850.0], [570260.0, 4894840.0], [570280.0, 4894840.0], [570280.0, 4894830.0], [570290.0, 4894830.0], [570290.0, 4894840.0], [570340.0, 4894840.0], [570340.0, 4894850.0], [570370.0, 4894850.0], [570370.0, 4894860.0], [570460.0, 4894860.0], [570460.0, 4894870.0], [570540.0, 4894870.0], [570540.0, 4894860.0], [570570.0, 4894860.0], [570570.0, 4894850.0], [570590.0, 4894850.0], [570590.0, 4894840.0], [570610.0, 4894840.0], [570610.0, 4894830.0], [570630.0, 4894830.0], [570630.0, 4894820.0], [570690.0, 4894820.0], [570690.0, 4894810.0], [570710.0, 4894810.0], [570710.0, 4894800.0], [570730.0, 4894800.0], [570730.0, 4894790.0], [570760.0, 4894790.0], [570760.0, 4894800.0], [570770.0, 4894800.0], [570770.0, 4894810.0], [570780.0, 4894810.0], [570780.0, 4894820.0], [570790.0, 4894820.0], [570790.0, 4894830.0], [570840.0, 4894830.0], [570840.0, 4894840.0], [570860.0, 4894840.0], [570860.0, 4894850.0], [570880.0, 4894850.0], [570880.0, 4894860.0], [570940.0, 4894860.0], [570940.0, 4894870.0], [570950.0, 4894870.0], [570950.0, 4894880.0], [570960.0, 4894880.0], [570960.0, 4894890.0], [570980.0, 4894890.0], [570980.0, 4894900.0], [570990.0, 4894900.0], [570990.0, 4894910.0], [571010.0, 4894910.0], [571010.0, 4894920.0], [571030.0, 4894920.0], [571030.0, 4894930.0], [571060.0, 4894930.0], [571060.0, 4894940.0], [571100.0, 4894940.0], [571100.0, 4894950.0], [571230.0, 4894950.0], [571230.0, 4894960.0], [571240.0, 4894960.0], [571240.0, 4894970.0], [571250.0, 4894970.0], [571250.0, 4894980.0], [571260.0, 4894980.0], [571260.0, 4895000.0], [571270.0, 4895000.0], [571270.0, 4895010.0], [571280.0, 4895010.0], [571280.0, 4895030.0], [571290.0, 4895030.0], [571290.0, 4895050.0], [571300.0, 4895050.0], [571300.0, 4895060.0], [571310.0, 4895060.0], [571310.0, 4895070.0], [571320.0, 4895070.0], [571320.0, 4895080.0], [571340.0, 4895080.0], [571340.0, 4895090.0], [571350.0, 4895090.0], [571350.0, 4895100.0], [571360.0, 4895100.0], [571360.0, 4895220.0], [571370.0, 4895220.0], [571370.0, 4895250.0], [571380.0, 4895250.0], [571380.0, 4895270.0], [571390.0, 4895270.0], [571390.0, 4895370.0], [571380.0, 4895370.0], [571380.0, 4895410.0], [571390.0, 4895410.0], [571390.0, 4895420.0], [571400.0, 4895420.0], [571400.0, 4895440.0], [571410.0, 4895440.0], [571410.0, 4895450.0], [571420.0, 4895450.0], [571420.0, 4895460.0], [571430.0, 4895460.0], [571430.0, 4895470.0], [571440.0, 4895470.0], [571440.0, 4895480.0], [571450.0, 4895480.0], [571450.0, 4895490.0], [571470.0, 4895490.0], [571470.0, 4895500.0], [571490.0, 4895500.0], [571490.0, 4895510.0], [571500.0, 4895510.0], [571500.0, 4895520.0], [571510.0, 4895520.0], [571510.0, 4895530.0], [571530.0, 4895530.0], [571530.0, 4895540.0], [571540.0, 4895540.0], [571540.0, 4895550.0], [571550.0, 4895550.0], [571550.0, 4895560.0], [571560.0, 4895560.0], [571560.0, 4895570.0], [571570.0, 4895570.0], [571570.0, 4895580.0], [571580.0, 4895580.0], [571580.0, 4895590.0], [571590.0, 4895590.0], [571590.0, 4895600.0], [571600.0, 4895600.0], [571600.0, 4895630.0], [571610.0, 4895630.0], [571610.0, 4895640.0], [571620.0, 4895640.0], [571620.0, 4895650.0], [571630.0, 4895650.0], [571630.0, 4895660.0], [571640.0, 4895660.0], [571640.0, 4895680.0], [571650.0, 4895680.0], [571650.0, 4895690.0], [571660.0, 4895690.0], [571660.0, 4895700.0], [571670.0, 4895700.0], [571670.0, 4895710.0], [571680.0, 4895710.0], [571680.0, 4895720.0], [571690.0, 4895720.0], [571690.0, 4895730.0], [571700.0, 4895730.0], [571700.0, 4895740.0], [571710.0, 4895740.0], [571710.0, 4895750.0], [571720.0, 4895750.0], [571720.0, 4895760.0], [571730.0, 4895760.0], [571730.0, 4895770.0], [571740.0, 4895770.0], [571740.0, 4895780.0], [571750.0, 4895780.0], [571750.0, 4895790.0], [571760.0, 4895790.0], [571760.0, 4895800.0], [571770.0, 4895800.0], [571770.0, 4895830.0], [571760.0, 4895830.0], [571760.0, 4895860.0], [571750.0, 4895860.0], [571750.0, 4895880.0], [571740.0, 4895880.0], [571740.0, 4895900.0], [571730.0, 4895900.0], [571730.0, 4895930.0], [571720.0, 4895930.0], [571720.0, 4895980.0], [571710.0, 4895980.0], [571710.0, 4896030.0], [571700.0, 4896030.0], [571700.0, 4896060.0], [571690.0, 4896060.0], [571690.0, 4896130.0], [571680.0, 4896130.0], [571680.0, 4896260.0], [571670.0, 4896260.0], [571670.0, 4896270.0], [571660.0, 4896270.0], [571660.0, 4896290.0], [571650.0, 4896290.0], [571650.0, 4896300.0], [571640.0, 4896300.0], [571640.0, 4896310.0], [571630.0, 4896310.0], [571630.0, 4896330.0], [571620.0, 4896330.0], [571620.0, 4896410.0], [571610.0, 4896410.0], [571610.0, 4896450.0], [571600.0, 4896450.0], [571600.0, 4896490.0], [571590.0, 4896490.0], [571590.0, 4896520.0], [571580.0, 4896520.0], [571580.0, 4896560.0], [571590.0, 4896560.0], [571590.0, 4896580.0], [571580.0, 4896580.0], [571580.0, 4896630.0], [571570.0, 4896630.0], [571570.0, 4896800.0], [571560.0, 4896800.0], [571560.0, 4896810.0], [571540.0, 4896810.0], [571540.0, 4896820.0], [571530.0, 4896820.0], [571530.0, 4896830.0], [571510.0, 4896830.0], [571510.0, 4896840.0], [571500.0, 4896840.0], [571500.0, 4896860.0], [571490.0, 4896860.0], [571490.0, 4896870.0], [571480.0, 4896870.0], [571480.0, 4896890.0], [571470.0, 4896890.0], [571470.0, 4896910.0], [571460.0, 4896910.0], [571460.0, 4896940.0], [571450.0, 4896940.0], [571450.0, 4896960.0], [571440.0, 4896960.0], [571440.0, 4896980.0], [571430.0, 4896980.0], [571430.0, 4897000.0], [571420.0, 4897000.0], [571420.0, 4897030.0], [571410.0, 4897030.0], [571410.0, 4897170.0], [571420.0, 4897170.0], [571420.0, 4897210.0], [571410.0, 4897210.0], [571410.0, 4897280.0], [571400.0, 4897280.0], [571400.0, 4897290.0], [571390.0, 4897290.0], [571390.0, 4897340.0], [571400.0, 4897340.0], [571400.0, 4897400.0], [571410.0, 4897400.0], [571410.0, 4897450.0], [571420.0, 4897450.0], [571420.0, 4897460.0], [571430.0, 4897460.0], [571430.0, 4897480.0], [571440.0, 4897480.0], [571440.0, 4897490.0], [571450.0, 4897490.0], [571450.0, 4897590.0], [571460.0, 4897590.0], [571460.0, 4897630.0], [571450.0, 4897630.0], [571450.0, 4897640.0], [571430.0, 4897640.0], [571430.0, 4897650.0], [571420.0, 4897650.0], [571420.0, 4897660.0], [571410.0, 4897660.0], [571410.0, 4897670.0], [571400.0, 4897670.0], [571400.0, 4897680.0], [571390.0, 4897680.0], [571390.0, 4897690.0], [571380.0, 4897690.0], [571380.0, 4897710.0], [571370.0, 4897710.0], [571370.0, 4897720.0], [571360.0, 4897720.0], [571360.0, 4897730.0], [571350.0, 4897730.0], [571350.0, 4897740.0], [571340.0, 4897740.0], [571340.0, 4897750.0], [571330.0, 4897750.0], [571330.0, 4897760.0], [571320.0, 4897760.0], [571320.0, 4897860.0], [571330.0, 4897860.0], [571330.0, 4897880.0], [571340.0, 4897880.0], [571340.0, 4897910.0], [571350.0, 4897910.0], [571350.0, 4897940.0], [571360.0, 4897940.0], [571360.0, 4898010.0], [571370.0, 4898010.0], [571370.0, 4898060.0], [571360.0, 4898060.0], [571360.0, 4898130.0], [571350.0, 4898130.0], [571350.0, 4898150.0], [571340.0, 4898150.0], [571340.0, 4898180.0], [571330.0, 4898180.0], [571330.0, 4898280.0], [571340.0, 4898280.0], [571340.0, 4898310.0], [571330.0, 4898310.0], [571330.0, 4898330.0], [571320.0, 4898330.0], [571320.0, 4898360.0], [571310.0, 4898360.0], [571310.0, 4898430.0], [571300.0, 4898430.0], [571300.0, 4898450.0], [571290.0, 4898450.0], [571290.0, 4898460.0], [571280.0, 4898460.0], [571280.0, 4898480.0], [571270.0, 4898480.0], [571270.0, 4898490.0], [571260.0, 4898490.0], [571260.0, 4898510.0], [571250.0, 4898510.0], [571250.0, 4898520.0], [571240.0, 4898520.0], [571240.0, 4898530.0], [571230.0, 4898530.0], [571230.0, 4898540.0], [571220.0, 4898540.0], [571220.0, 4898560.0], [571210.0, 4898560.0], [571210.0, 4898570.0], [571200.0, 4898570.0], [571200.0, 4898580.0], [571190.0, 4898580.0], [571190.0, 4898590.0], [571180.0, 4898590.0], [571180.0, 4898600.0], [571170.0, 4898600.0], [571170.0, 4898620.0], [571160.0, 4898620.0], [571160.0, 4898630.0], [571150.0, 4898630.0], [571150.0, 4898640.0], [571140.0, 4898640.0], [571140.0, 4898660.0], [571130.0, 4898660.0], [571130.0, 4898680.0], [571060.0, 4898680.0], [571060.0, 4898690.0], [571030.0, 4898690.0], [571030.0, 4898700.0], [571020.0, 4898700.0], [571020.0, 4898710.0], [571000.0, 4898710.0], [571000.0, 4898720.0], [570980.0, 4898720.0], [570980.0, 4898730.0], [570970.0, 4898730.0], [570970.0, 4898740.0], [570960.0, 4898740.0], [570960.0, 4898750.0], [570950.0, 4898750.0], [570950.0, 4898760.0], [570930.0, 4898760.0], [570930.0, 4898770.0], [570920.0, 4898770.0], [570920.0, 4898780.0], [570910.0, 4898780.0], [570910.0, 4898790.0], [570900.0, 4898790.0], [570900.0, 4898800.0], [570890.0, 4898800.0], [570890.0, 4898810.0], [570880.0, 4898810.0], [570880.0, 4898820.0], [570860.0, 4898820.0], [570860.0, 4898830.0], [570850.0, 4898830.0], [570850.0, 4898840.0], [570840.0, 4898840.0], [570840.0, 4898850.0], [570830.0, 4898850.0], [570830.0, 4898860.0], [570820.0, 4898860.0], [570820.0, 4898870.0], [570810.0, 4898870.0], [570810.0, 4898880.0], [570800.0, 4898880.0], [570800.0, 4898890.0], [570780.0, 4898890.0], [570780.0, 4898900.0], [570770.0, 4898900.0], [570770.0, 4898910.0], [570750.0, 4898910.0], [570750.0, 4898920.0], [570740.0, 4898920.0], [570740.0, 4898930.0], [570730.0, 4898930.0], [570730.0, 4898940.0], [570720.0, 4898940.0], [570720.0, 4898950.0], [570700.0, 4898950.0], [570700.0, 4898960.0], [570690.0, 4898960.0], [570690.0, 4898970.0], [570680.0, 4898970.0], [570680.0, 4898980.0], [570670.0, 4898980.0], [570670.0, 4898990.0], [570660.0, 4898990.0], [570660.0, 4899000.0], [570650.0, 4899000.0], [570650.0, 4899010.0], [570640.0, 4899010.0], [570640.0, 4899020.0], [570630.0, 4899020.0], [570630.0, 4899030.0], [570620.0, 4899030.0], [570620.0, 4899040.0], [570610.0, 4899040.0], [570610.0, 4899050.0], [570590.0, 4899050.0], [570590.0, 4899060.0], [570580.0, 4899060.0], [570580.0, 4899070.0], [570550.0, 4899070.0], [570550.0, 4899080.0], [570450.0, 4899080.0], [570450.0, 4899090.0], [570130.0, 4899090.0], [570130.0, 4899100.0], [570110.0, 4899100.0], [570110.0, 4899110.0], [570070.0, 4899110.0], [570070.0, 4899120.0], [569930.0, 4899120.0], [569930.0, 4899110.0], [569840.0, 4899110.0], [569840.0, 4899120.0], [569810.0, 4899120.0], [569810.0, 4899130.0], [569800.0, 4899130.0], [569800.0, 4899140.0], [569790.0, 4899140.0], [569790.0, 4899150.0], [569780.0, 4899150.0], [569780.0, 4899160.0], [569770.0, 4899160.0], [569770.0, 4899170.0], [569760.0, 4899170.0], [569760.0, 4899180.0], [569740.0, 4899180.0], [569740.0, 4899190.0], [569730.0, 4899190.0], [569730.0, 4899200.0], [569710.0, 4899200.0], [569710.0, 4899210.0], [569700.0, 4899210.0], [569700.0, 4899220.0], [569690.0, 4899220.0], [569690.0, 4899230.0], [569680.0, 4899230.0], [569680.0, 4899250.0], [569690.0, 4899250.0], [569690.0, 4899290.0], [569700.0, 4899290.0], [569700.0, 4899320.0], [569710.0, 4899320.0], [569710.0, 4899350.0], [569720.0, 4899350.0], [569720.0, 4899370.0], [569730.0, 4899370.0], [569730.0, 4899400.0], [569740.0, 4899400.0], [569740.0, 4899420.0], [569750.0, 4899420.0], [569750.0, 4899440.0], [569760.0, 4899440.0], [569760.0, 4899490.0], [569750.0, 4899490.0], [569750.0, 4899530.0], [569770.0, 4899530.0], [569770.0, 4899570.0], [569780.0, 4899570.0], [569780.0, 4899640.0], [569770.0, 4899640.0], [569770.0, 4899750.0], [569760.0, 4899750.0], [569760.0, 4899770.0], [569750.0, 4899770.0], [569750.0, 4899860.0], [569740.0, 4899860.0], [569740.0, 4899960.0], [569730.0, 4899960.0], [569730.0, 4899970.0], [569690.0, 4899970.0], [569690.0, 4899980.0], [569670.0, 4899980.0], [569670.0, 4900000.0], [569660.0, 4900000.0], [569660.0, 4900010.0], [569650.0, 4900010.0], [569650.0, 4900020.0], [569640.0, 4900020.0], [569640.0, 4900030.0], [569630.0, 4900030.0], [569630.0, 4900040.0], [569620.0, 4900040.0], [569620.0, 4900050.0], [569600.0, 4900050.0], [569600.0, 4900060.0], [569590.0, 4900060.0], [569590.0, 4900070.0], [569570.0, 4900070.0], [569570.0, 4900080.0], [569560.0, 4900080.0], [569560.0, 4900090.0], [569550.0, 4900090.0], [569550.0, 4900100.0], [569540.0, 4900100.0], [569540.0, 4900120.0], [569530.0, 4900120.0], [569530.0, 4900130.0], [569520.0, 4900130.0], [569520.0, 4900140.0], [569510.0, 4900140.0], [569510.0, 4900150.0], [569500.0, 4900150.0], [569500.0, 4900170.0], [569490.0, 4900170.0], [569490.0, 4900180.0], [569480.0, 4900180.0], [569480.0, 4900190.0], [569470.0, 4900190.0], [569470.0, 4900210.0], [569460.0, 4900210.0], [569460.0, 4900230.0], [569450.0, 4900230.0], [569450.0, 4900240.0], [569440.0, 4900240.0], [569440.0, 4900250.0], [569430.0, 4900250.0], [569430.0, 4900260.0], [569420.0, 4900260.0], [569420.0, 4900280.0], [569410.0, 4900280.0], [569410.0, 4900290.0], [569400.0, 4900290.0], [569400.0, 4900300.0], [569380.0, 4900300.0], [569380.0, 4900310.0], [569370.0, 4900310.0], [569370.0, 4900330.0], [569360.0, 4900330.0], [569360.0, 4900340.0], [569350.0, 4900340.0], [569350.0, 4900360.0], [569340.0, 4900360.0], [569340.0, 4900370.0], [569330.0, 4900370.0], [569330.0, 4900380.0], [569320.0, 4900380.0], [569320.0, 4900400.0], [569310.0, 4900400.0], [569310.0, 4900410.0], [569300.0, 4900410.0], [569300.0, 4900420.0], [569290.0, 4900420.0], [569290.0, 4900430.0], [569280.0, 4900430.0], [569280.0, 4900450.0], [569270.0, 4900450.0], [569270.0, 4900460.0], [569260.0, 4900460.0], [569260.0, 4900470.0], [569250.0, 4900470.0], [569250.0, 4900480.0], [569240.0, 4900480.0], [569240.0, 4900490.0], [569230.0, 4900490.0], [569230.0, 4900510.0], [569220.0, 4900510.0], [569220.0, 4900520.0], [569210.0, 4900520.0], [569210.0, 4900530.0], [569200.0, 4900530.0], [569200.0, 4900540.0], [569190.0, 4900540.0], [569190.0, 4900550.0], [569180.0, 4900550.0], [569180.0, 4900570.0], [569170.0, 4900570.0], [569170.0, 4900580.0], [569160.0, 4900580.0], [569160.0, 4900600.0], [569150.0, 4900600.0], [569150.0, 4900610.0], [569140.0, 4900610.0], [569140.0, 4900630.0], [569130.0, 4900630.0], [569130.0, 4900650.0], [569120.0, 4900650.0], [569120.0, 4900660.0], [569110.0, 4900660.0], [569110.0, 4900680.0], [569100.0, 4900680.0], [569100.0, 4900690.0], [569090.0, 4900690.0], [569090.0, 4900700.0], [569080.0, 4900700.0], [569080.0, 4900710.0], [569070.0, 4900710.0], [569070.0, 4900740.0], [569060.0, 4900740.0], [569060.0, 4900750.0], [569050.0, 4900750.0], [569050.0, 4900760.0], [569040.0, 4900760.0], [569040.0, 4900780.0], [569030.0, 4900780.0], [569030.0, 4900790.0], [569020.0, 4900790.0], [569020.0, 4900820.0], [569010.0, 4900820.0], [569010.0, 4900830.0], [569000.0, 4900830.0], [569000.0, 4900840.0], [568990.0, 4900840.0], [568990.0, 4900850.0], [568980.0, 4900850.0], [568980.0, 4900870.0], [568960.0, 4900870.0], [568960.0, 4900880.0], [568950.0, 4900880.0], [568950.0, 4900890.0], [568940.0, 4900890.0], [568940.0, 4900900.0], [568920.0, 4900900.0], [568920.0, 4900910.0], [568900.0, 4900910.0], [568900.0, 4900920.0], [568880.0, 4900920.0], [568880.0, 4900930.0], [568830.0, 4900930.0], [568830.0, 4900940.0], [568790.0, 4900940.0], [568790.0, 4900950.0], [568780.0, 4900950.0]]]}, "properties": {"site_code": "68", "dem_area_ha": 3054.66, "routing_qc_pass": true}}, {"type": "Feature", "geometry": {"type": "Polygon", "coordinates": [[[568780.0, 4900950.0], [568780.0, 4900940.0], [568760.0, 4900940.0], [568760.0, 4900930.0], [568730.0, 4900930.0], [568730.0, 4900920.0], [568710.0, 4900920.0], [568710.0, 4900910.0], [568690.0, 4900910.0], [568690.0, 4900900.0], [568680.0, 4900900.0], [568680.0, 4900890.0], [568670.0, 4900890.0], [568670.0, 4900880.0], [568660.0, 4900880.0], [568660.0, 4900860.0], [568650.0, 4900860.0], [568650.0, 4900820.0], [568640.0, 4900820.0], [568640.0, 4900810.0], [568630.0, 4900810.0], [568630.0, 4900790.0], [568620.0, 4900790.0], [568620.0, 4900780.0], [568610.0, 4900780.0], [568610.0, 4900770.0], [568600.0, 4900770.0], [568600.0, 4900760.0], [568590.0, 4900760.0], [568590.0, 4900750.0], [568580.0, 4900750.0], [568580.0, 4900740.0], [568570.0, 4900740.0], [568570.0, 4900730.0], [568560.0, 4900730.0], [568560.0, 4900710.0], [568550.0, 4900710.0], [568550.0, 4900700.0], [568520.0, 4900700.0], [568520.0, 4900690.0], [568500.0, 4900690.0], [568500.0, 4900680.0], [568490.0, 4900680.0], [568490.0, 4900660.0], [568480.0, 4900660.0], [568480.0, 4900650.0], [568470.0, 4900650.0], [568470.0, 4900640.0], [568460.0, 4900640.0], [568460.0, 4900630.0], [568450.0, 4900630.0], [568450.0, 4900620.0], [568440.0, 4900620.0], [568440.0, 4900610.0], [568430.0, 4900610.0], [568430.0, 4900570.0], [568420.0, 4900570.0], [568420.0, 4900560.0], [568410.0, 4900560.0], [568410.0, 4900550.0], [568400.0, 4900550.0], [568400.0, 4900540.0], [568390.0, 4900540.0], [568390.0, 4900530.0], [568380.0, 4900530.0], [568380.0, 4900520.0], [568370.0, 4900520.0], [568370.0, 4900510.0], [568350.0, 4900510.0], [568350.0, 4900500.0], [568300.0, 4900500.0], [568300.0, 4900490.0], [568290.0, 4900490.0], [568290.0, 4900480.0], [568280.0, 4900480.0], [568280.0, 4900470.0], [568210.0, 4900470.0], [568210.0, 4900480.0], [568160.0, 4900480.0], [568160.0, 4900460.0], [568150.0, 4900460.0], [568150.0, 4900470.0], [568120.0, 4900470.0], [568120.0, 4900480.0], [568110.0, 4900480.0], [568110.0, 4900470.0], [568100.0, 4900470.0], [568100.0, 4900460.0], [568070.0, 4900460.0], [568070.0, 4900470.0], [568040.0, 4900470.0], [568040.0, 4900480.0], [568030.0, 4900480.0], [568030.0, 4900490.0], [567940.0, 4900490.0], [567940.0, 4900480.0], [567900.0, 4900480.0], [567900.0, 4900470.0], [567880.0, 4900470.0], [567880.0, 4900460.0], [567870.0, 4900460.0], [567870.0, 4900430.0], [567860.0, 4900430.0], [567860.0, 4900420.0], [567850.0, 4900420.0], [567850.0, 4900410.0], [567840.0, 4900410.0], [567840.0, 4900400.0], [567830.0, 4900400.0], [567830.0, 4900390.0], [567800.0, 4900390.0], [567800.0, 4900380.0], [567790.0, 4900380.0], [567790.0, 4900370.0], [567780.0, 4900370.0], [567780.0, 4900360.0], [567770.0, 4900360.0], [567770.0, 4900350.0], [567760.0, 4900350.0], [567760.0, 4900340.0], [567750.0, 4900340.0], [567750.0, 4900330.0], [567740.0, 4900330.0], [567740.0, 4900320.0], [567730.0, 4900320.0], [567730.0, 4900310.0], [567710.0, 4900310.0], [567710.0, 4900300.0], [567700.0, 4900300.0], [567700.0, 4900290.0], [567680.0, 4900290.0], [567680.0, 4900280.0], [567660.0, 4900280.0], [567660.0, 4900270.0], [567650.0, 4900270.0], [567650.0, 4900260.0], [567640.0, 4900260.0], [567640.0, 4900250.0], [567630.0, 4900250.0], [567630.0, 4900240.0], [567620.0, 4900240.0], [567620.0, 4900230.0], [567610.0, 4900230.0], [567610.0, 4900220.0], [567600.0, 4900220.0], [567600.0, 4900210.0], [567580.0, 4900210.0], [567580.0, 4900200.0], [567570.0, 4900200.0], [567570.0, 4900190.0], [567560.0, 4900190.0], [567560.0, 4900180.0], [567550.0, 4900180.0], [567550.0, 4900170.0], [567540.0, 4900170.0], [567540.0, 4900160.0], [567530.0, 4900160.0], [567530.0, 4900140.0], [567520.0, 4900140.0], [567520.0, 4900120.0], [567510.0, 4900120.0], [567510.0, 4900110.0], [567480.0, 4900110.0], [567480.0, 4900100.0], [567470.0, 4900100.0], [567470.0, 4900090.0], [567460.0, 4900090.0], [567460.0, 4900080.0], [567450.0, 4900080.0], [567450.0, 4900070.0], [567430.0, 4900070.0], [567430.0, 4900060.0], [567420.0, 4900060.0], [567420.0, 4900050.0], [567410.0, 4900050.0], [567410.0, 4900040.0], [567390.0, 4900040.0], [567390.0, 4900030.0], [567370.0, 4900030.0], [567370.0, 4900020.0], [567360.0, 4900020.0], [567360.0, 4900010.0], [567350.0, 4900010.0], [567350.0, 4900000.0], [567340.0, 4900000.0], [567340.0, 4899990.0], [567330.0, 4899990.0], [567330.0, 4899970.0], [567320.0, 4899970.0], [567320.0, 4899940.0], [567310.0, 4899940.0], [567310.0, 4899930.0], [567300.0, 4899930.0], [567300.0, 4899910.0], [567290.0, 4899910.0], [567290.0, 4899900.0], [567270.0, 4899900.0], [567270.0, 4899890.0], [567260.0, 4899890.0], [567260.0, 4899880.0], [567250.0, 4899880.0], [567250.0, 4899870.0], [567240.0, 4899870.0], [567240.0, 4899860.0], [567230.0, 4899860.0], [567230.0, 4899850.0], [567220.0, 4899850.0], [567220.0, 4899840.0], [567210.0, 4899840.0], [567210.0, 4899820.0], [567200.0, 4899820.0], [567200.0, 4899800.0], [567190.0, 4899800.0], [567190.0, 4899790.0], [567180.0, 4899790.0], [567180.0, 4899780.0], [567170.0, 4899780.0], [567170.0, 4899770.0], [567160.0, 4899770.0], [567160.0, 4899760.0], [567140.0, 4899760.0], [567140.0, 4899750.0], [567070.0, 4899750.0], [567070.0, 4899740.0], [567020.0, 4899740.0], [567020.0, 4899750.0], [566920.0, 4899750.0], [566920.0, 4899740.0], [566900.0, 4899740.0], [566900.0, 4899730.0], [566880.0, 4899730.0], [566880.0, 4899720.0], [566870.0, 4899720.0], [566870.0, 4899710.0], [566860.0, 4899710.0], [566860.0, 4899700.0], [566850.0, 4899700.0], [566850.0, 4899690.0], [566840.0, 4899690.0], [566840.0, 4899680.0], [566830.0, 4899680.0], [566830.0, 4899670.0], [566810.0, 4899670.0], [566810.0, 4899660.0], [566800.0, 4899660.0], [566800.0, 4899650.0], [566780.0, 4899650.0], [566780.0, 4899640.0], [566770.0, 4899640.0], [566770.0, 4899630.0], [566750.0, 4899630.0], [566750.0, 4899620.0], [566730.0, 4899620.0], [566730.0, 4899610.0], [566710.0, 4899610.0], [566710.0, 4899600.0], [566690.0, 4899600.0], [566690.0, 4899590.0], [566660.0, 4899590.0], [566660.0, 4899580.0], [566650.0, 4899580.0], [566650.0, 4899590.0], [566590.0, 4899590.0], [566590.0, 4899600.0], [566580.0, 4899600.0], [566580.0, 4899610.0], [566570.0, 4899610.0], [566570.0, 4899600.0], [566560.0, 4899600.0], [566560.0, 4899590.0], [566550.0, 4899590.0], [566550.0, 4899580.0], [566540.0, 4899580.0], [566540.0, 4899570.0], [566530.0, 4899570.0], [566530.0, 4899560.0], [566520.0, 4899560.0], [566520.0, 4899550.0], [566510.0, 4899550.0], [566510.0, 4899530.0], [566500.0, 4899530.0], [566500.0, 4899510.0], [566490.0, 4899510.0], [566490.0, 4899500.0], [566480.0, 4899500.0], [566480.0, 4899490.0], [566470.0, 4899490.0], [566470.0, 4899470.0], [566460.0, 4899470.0], [566460.0, 4899450.0], [566450.0, 4899450.0], [566450.0, 4899430.0], [566440.0, 4899430.0], [566440.0, 4899410.0], [566430.0, 4899410.0], [566430.0, 4899390.0], [566410.0, 4899390.0], [566410.0, 4899380.0], [566400.0, 4899380.0], [566400.0, 4899370.0], [566380.0, 4899370.0], [566380.0, 4899360.0], [566370.0, 4899360.0], [566370.0, 4899350.0], [566360.0, 4899350.0], [566360.0, 4899340.0], [566340.0, 4899340.0], [566340.0, 4899330.0], [566330.0, 4899330.0], [566330.0, 4899320.0], [566290.0, 4899320.0], [566290.0, 4899310.0], [566240.0, 4899310.0], [566240.0, 4899300.0], [566210.0, 4899300.0], [566210.0, 4899290.0], [566200.0, 4899290.0], [566200.0, 4899280.0], [566060.0, 4899280.0], [566060.0, 4899290.0], [566050.0, 4899290.0], [566050.0, 4899300.0], [566040.0, 4899300.0], [566040.0, 4899310.0], [566020.0, 4899310.0], [566020.0, 4899290.0], [566010.0, 4899290.0], [566010.0, 4899270.0], [566000.0, 4899270.0], [566000.0, 4899260.0], [565990.0, 4899260.0], [565990.0, 4899240.0], [565980.0, 4899240.0], [565980.0, 4899230.0], [565970.0, 4899230.0], [565970.0, 4899220.0], [565940.0, 4899220.0], [565940.0, 4899210.0], [565930.0, 4899210.0], [565930.0, 4899200.0], [565920.0, 4899200.0], [565920.0, 4899190.0], [565880.0, 4899190.0], [565880.0, 4899180.0], [565850.0, 4899180.0], [565850.0, 4899170.0], [565830.0, 4899170.0], [565830.0, 4899160.0], [565820.0, 4899160.0], [565820.0, 4899070.0], [565810.0, 4899070.0], [565810.0, 4899060.0], [565800.0, 4899060.0], [565800.0, 4899050.0], [565780.0, 4899050.0], [565780.0, 4899040.0], [565760.0, 4899040.0], [565760.0, 4899030.0], [565740.0, 4899030.0], [565740.0, 4899040.0], [565730.0, 4899040.0], [565730.0, 4899030.0], [565680.0, 4899030.0], [565680.0, 4899020.0], [565670.0, 4899020.0], [565670.0, 4899010.0], [565660.0, 4899010.0], [565660.0, 4899000.0], [565650.0, 4899000.0], [565650.0, 4898990.0], [565580.0, 4898990.0], [565580.0, 4898980.0], [565480.0, 4898980.0], [565480.0, 4898970.0], [565470.0, 4898970.0], [565470.0, 4898980.0], [565430.0, 4898980.0], [565430.0, 4898970.0], [565350.0, 4898970.0], [565350.0, 4898980.0], [565340.0, 4898980.0], [565340.0, 4898990.0], [565320.0, 4898990.0], [565320.0, 4899000.0], [565310.0, 4899000.0], [565310.0, 4899010.0], [565280.0, 4899010.0], [565280.0, 4899000.0], [565270.0, 4899000.0], [565270.0, 4898990.0], [565250.0, 4898990.0], [565250.0, 4898980.0], [565230.0, 4898980.0], [565230.0, 4898970.0], [565220.0, 4898970.0], [565220.0, 4898960.0], [565210.0, 4898960.0], [565210.0, 4898950.0], [565170.0, 4898950.0], [565170.0, 4898940.0], [565160.0, 4898940.0], [565160.0, 4898900.0], [565150.0, 4898900.0], [565150.0, 4898890.0], [565140.0, 4898890.0], [565140.0, 4898870.0], [565130.0, 4898870.0], [565130.0, 4898850.0], [565120.0, 4898850.0], [565120.0, 4898840.0], [565110.0, 4898840.0], [565110.0, 4898830.0], [565100.0, 4898830.0], [565100.0, 4898820.0], [565090.0, 4898820.0], [565090.0, 4898800.0], [565080.0, 4898800.0], [565080.0, 4898770.0], [565070.0, 4898770.0], [565070.0, 4898760.0], [565050.0, 4898760.0], [565050.0, 4898750.0], [565040.0, 4898750.0], [565040.0, 4898740.0], [565030.0, 4898740.0], [565030.0, 4898730.0], [565020.0, 4898730.0], [565020.0, 4898720.0], [565000.0, 4898720.0], [565000.0, 4898710.0], [564980.0, 4898710.0], [564980.0, 4898700.0], [564970.0, 4898700.0], [564970.0, 4898690.0], [564950.0, 4898690.0], [564950.0, 4898680.0], [564930.0, 4898680.0], [564930.0, 4898670.0], [564920.0, 4898670.0], [564920.0, 4898650.0], [564910.0, 4898650.0], [564910.0, 4898640.0], [564900.0, 4898640.0], [564900.0, 4898620.0], [564890.0, 4898620.0], [564890.0, 4898610.0], [564880.0, 4898610.0], [564880.0, 4898600.0], [564870.0, 4898600.0], [564870.0, 4898570.0], [564830.0, 4898570.0], [564830.0, 4898580.0], [564820.0, 4898580.0], [564820.0, 4898590.0], [564800.0, 4898590.0], [564800.0, 4898600.0], [564780.0, 4898600.0], [564780.0, 4898610.0], [564760.0, 4898610.0], [564760.0, 4898620.0], [564730.0, 4898620.0], [564730.0, 4898630.0], [564720.0, 4898630.0], [564720.0, 4898640.0], [564710.0, 4898640.0], [564710.0, 4898650.0], [564700.0, 4898650.0], [564700.0, 4898660.0], [564690.0, 4898660.0], [564690.0, 4898670.0], [564680.0, 4898670.0], [564680.0, 4898660.0], [564650.0, 4898660.0], [564650.0, 4898650.0], [564610.0, 4898650.0], [564610.0, 4898640.0], [564580.0, 4898640.0], [564580.0, 4898630.0], [564560.0, 4898630.0], [564560.0, 4898620.0], [564540.0, 4898620.0], [564540.0, 4898610.0], [564520.0, 4898610.0], [564520.0, 4898600.0], [564510.0, 4898600.0], [564510.0, 4898590.0], [564500.0, 4898590.0], [564500.0, 4898580.0], [564490.0, 4898580.0], [564490.0, 4898570.0], [564440.0, 4898570.0], [564440.0, 4898580.0], [564380.0, 4898580.0], [564380.0, 4898570.0], [564320.0, 4898570.0], [564320.0, 4898560.0], [564300.0, 4898560.0], [564300.0, 4898550.0], [564280.0, 4898550.0], [564280.0, 4898560.0], [564260.0, 4898560.0], [564260.0, 4898570.0], [564230.0, 4898570.0], [564230.0, 4898580.0], [564210.0, 4898580.0], [564210.0, 4898570.0], [564170.0, 4898570.0], [564170.0, 4898560.0], [564150.0, 4898560.0], [564150.0, 4898550.0], [564140.0, 4898550.0], [564140.0, 4898540.0], [564120.0, 4898540.0], [564120.0, 4898530.0], [564100.0, 4898530.0], [564100.0, 4898520.0], [564090.0, 4898520.0], [564090.0, 4898510.0], [564080.0, 4898510.0], [564080.0, 4898500.0], [564060.0, 4898500.0], [564060.0, 4898490.0], [564050.0, 4898490.0], [564050.0, 4898480.0], [564040.0, 4898480.0], [564040.0, 4898470.0], [564020.0, 4898470.0], [564020.0, 4898450.0], [564010.0, 4898450.0], [564010.0, 4898430.0], [564000.0, 4898430.0], [564000.0, 4898420.0], [563990.0, 4898420.0], [563990.0, 4898410.0], [563960.0, 4898410.0], [563960.0, 4898400.0], [563940.0, 4898400.0], [563940.0, 4898390.0], [563920.0, 4898390.0], [563920.0, 4898380.0], [563900.0, 4898380.0], [563900.0, 4898370.0], [563850.0, 4898370.0], [563850.0, 4898360.0], [563830.0, 4898360.0], [563830.0, 4898350.0], [563810.0, 4898350.0], [563810.0, 4898340.0], [563780.0, 4898340.0], [563780.0, 4898330.0], [563750.0, 4898330.0], [563750.0, 4898320.0], [563740.0, 4898320.0], [563740.0, 4898310.0], [563730.0, 4898310.0], [563730.0, 4898300.0], [563710.0, 4898300.0], [563710.0, 4898290.0], [563650.0, 4898290.0], [563650.0, 4898280.0], [563630.0, 4898280.0], [563630.0, 4898270.0], [563620.0, 4898270.0], [563620.0, 4898260.0], [563610.0, 4898260.0], [563610.0, 4898250.0], [563590.0, 4898250.0], [563590.0, 4898240.0], [563580.0, 4898240.0], [563580.0, 4898230.0], [563570.0, 4898230.0], [563570.0, 4898220.0], [563560.0, 4898220.0], [563560.0, 4898210.0], [563510.0, 4898210.0], [563510.0, 4898200.0], [563480.0, 4898200.0], [563480.0, 4898190.0], [563460.0, 4898190.0], [563460.0, 4898180.0], [563440.0, 4898180.0], [563440.0, 4898170.0], [563430.0, 4898170.0], [563430.0, 4898160.0], [563400.0, 4898160.0], [563400.0, 4898150.0], [563380.0, 4898150.0], [563380.0, 4898140.0], [563370.0, 4898140.0], [563370.0, 4898130.0], [563360.0, 4898130.0], [563360.0, 4898070.0], [563270.0, 4898070.0], [563270.0, 4898060.0], [563260.0, 4898060.0], [563260.0, 4898050.0], [563250.0, 4898050.0], [563250.0, 4898040.0], [563260.0, 4898040.0], [563260.0, 4898020.0], [563280.0, 4898020.0], [563280.0, 4898010.0], [563290.0, 4898010.0], [563290.0, 4897980.0], [563310.0, 4897980.0], [563310.0, 4897970.0], [563400.0, 4897970.0], [563400.0, 4897960.0], [563430.0, 4897960.0], [563430.0, 4897950.0], [563460.0, 4897950.0], [563460.0, 4897940.0], [563490.0, 4897940.0], [563490.0, 4897950.0], [563550.0, 4897950.0], [563550.0, 4897940.0], [563560.0, 4897940.0], [563560.0, 4897870.0], [563550.0, 4897870.0], [563550.0, 4897860.0], [563540.0, 4897860.0], [563540.0, 4897850.0], [563550.0, 4897850.0], [563550.0, 4897840.0], [563570.0, 4897840.0], [563570.0, 4897830.0], [563590.0, 4897830.0], [563590.0, 4897800.0], [563600.0, 4897800.0], [563600.0, 4897790.0], [563610.0, 4897790.0], [563610.0, 4897690.0], [563620.0, 4897690.0], [563620.0, 4897680.0], [563630.0, 4897680.0], [563630.0, 4897510.0], [563620.0, 4897510.0], [563620.0, 4897500.0], [563600.0, 4897500.0], [563600.0, 4897490.0], [563590.0, 4897490.0], [563590.0, 4897480.0], [563580.0, 4897480.0], [563580.0, 4897470.0], [563570.0, 4897470.0], [563570.0, 4897310.0], [563560.0, 4897310.0], [563560.0, 4897280.0], [563570.0, 4897280.0], [563570.0, 4897240.0], [563560.0, 4897240.0], [563560.0, 4897110.0], [563550.0, 4897110.0], [563550.0, 4897100.0], [563560.0, 4897100.0], [563560.0, 4897090.0], [563550.0, 4897090.0], [563550.0, 4896980.0], [563560.0, 4896980.0], [563560.0, 4896970.0], [563570.0, 4896970.0], [563570.0, 4896960.0], [563580.0, 4896960.0], [563580.0, 4896950.0], [563650.0, 4896950.0], [563650.0, 4896940.0], [563660.0, 4896940.0], [563660.0, 4896900.0], [563650.0, 4896900.0], [563650.0, 4896870.0], [563640.0, 4896870.0], [563640.0, 4896830.0], [563650.0, 4896830.0], [563650.0, 4896820.0], [563660.0, 4896820.0], [563660.0, 4896810.0], [563700.0, 4896810.0], [563700.0, 4896800.0], [563710.0, 4896800.0], [563710.0, 4896760.0], [563700.0, 4896760.0], [563700.0, 4896690.0], [563710.0, 4896690.0], [563710.0, 4896670.0], [563720.0, 4896670.0], [563720.0, 4896660.0], [563730.0, 4896660.0], [563730.0, 4896610.0], [563720.0, 4896610.0], [563720.0, 4896590.0], [563710.0, 4896590.0], [563710.0, 4896580.0], [563700.0, 4896580.0], [563700.0, 4896570.0], [563670.0, 4896570.0], [563670.0, 4896560.0], [563650.0, 4896560.0], [563650.0, 4896540.0], [563640.0, 4896540.0], [563640.0, 4896520.0], [563630.0, 4896520.0], [563630.0, 4896500.0], [563620.0, 4896500.0], [563620.0, 4896490.0], [563610.0, 4896490.0], [563610.0, 4896320.0], [563620.0, 4896320.0], [563620.0, 4896310.0], [563630.0, 4896310.0], [563630.0, 4896300.0], [563640.0, 4896300.0], [563640.0, 4896290.0], [563650.0, 4896290.0], [563650.0, 4896280.0], [563660.0, 4896280.0], [563660.0, 4896270.0], [563670.0, 4896270.0], [563670.0, 4896260.0], [563680.0, 4896260.0], [563680.0, 4896250.0], [563690.0, 4896250.0], [563690.0, 4896240.0], [563700.0, 4896240.0], [563700.0, 4896230.0], [563710.0, 4896230.0], [563710.0, 4896220.0], [563720.0, 4896220.0], [563720.0, 4896210.0], [563730.0, 4896210.0], [563730.0, 4896200.0], [563740.0, 4896200.0], [563740.0, 4896190.0], [563750.0, 4896190.0], [563750.0, 4896180.0], [563760.0, 4896180.0], [563760.0, 4896170.0], [563770.0, 4896170.0], [563770.0, 4896160.0], [563780.0, 4896160.0], [563780.0, 4896150.0], [563790.0, 4896150.0], [563790.0, 4896140.0], [563800.0, 4896140.0], [563800.0, 4896130.0], [563810.0, 4896130.0], [563810.0, 4896120.0], [563820.0, 4896120.0], [563820.0, 4896110.0], [563830.0, 4896110.0], [563830.0, 4896100.0], [563840.0, 4896100.0], [563840.0, 4896090.0], [563870.0, 4896090.0], [563870.0, 4896080.0], [563890.0, 4896080.0], [563890.0, 4896070.0], [563900.0, 4896070.0], [563900.0, 4896060.0], [563910.0, 4896060.0], [563910.0, 4896050.0], [563920.0, 4896050.0], [563920.0, 4896040.0], [563930.0, 4896040.0], [563930.0, 4896030.0], [563940.0, 4896030.0], [563940.0, 4896020.0], [563960.0, 4896020.0], [563960.0, 4896010.0], [563990.0, 4896010.0], [563990.0, 4896000.0], [564010.0, 4896000.0], [564010.0, 4895990.0], [564020.0, 4895990.0], [564020.0, 4895980.0], [564030.0, 4895980.0], [564030.0, 4895970.0], [564040.0, 4895970.0], [564040.0, 4895800.0], [564030.0, 4895800.0], [564030.0, 4895750.0], [564040.0, 4895750.0], [564040.0, 4895740.0], [564050.0, 4895740.0], [564050.0, 4895710.0], [564040.0, 4895710.0], [564040.0, 4895700.0], [564030.0, 4895700.0], [564030.0, 4895680.0], [564020.0, 4895680.0], [564020.0, 4895670.0], [564100.0, 4895670.0], [564100.0, 4895660.0], [564130.0, 4895660.0], [564130.0, 4895650.0], [564150.0, 4895650.0], [564150.0, 4895660.0], [564170.0, 4895660.0], [564170.0, 4895650.0], [564330.0, 4895650.0], [564330.0, 4895640.0], [564340.0, 4895640.0], [564340.0, 4895630.0], [564370.0, 4895630.0], [564370.0, 4895620.0], [564400.0, 4895620.0], [564400.0, 4895610.0], [564430.0, 4895610.0], [564430.0, 4895600.0], [564510.0, 4895600.0], [564510.0, 4895590.0], [564550.0, 4895590.0], [564550.0, 4895600.0], [564590.0, 4895600.0], [564590.0, 4895610.0], [564610.0, 4895610.0], [564610.0, 4895620.0], [564630.0, 4895620.0], [564630.0, 4895610.0], [564640.0, 4895610.0], [564640.0, 4895600.0], [564650.0, 4895600.0], [564650.0, 4895580.0], [564660.0, 4895580.0], [564660.0, 4895570.0], [564670.0, 4895570.0], [564670.0, 4895560.0], [564680.0, 4895560.0], [564680.0, 4895550.0], [564690.0, 4895550.0], [564690.0, 4895540.0], [564700.0, 4895540.0], [564700.0, 4895530.0], [564710.0, 4895530.0], [564710.0, 4895520.0], [564720.0, 4895520.0], [564720.0, 4895510.0], [564730.0, 4895510.0], [564730.0, 4895500.0], [564740.0, 4895500.0], [564740.0, 4895490.0], [564750.0, 4895490.0], [564750.0, 4895480.0], [564760.0, 4895480.0], [564760.0, 4895470.0], [564780.0, 4895470.0], [564780.0, 4895460.0], [564790.0, 4895460.0], [564790.0, 4895450.0], [564810.0, 4895450.0], [564810.0, 4895440.0], [564830.0, 4895440.0], [564830.0, 4895430.0], [564870.0, 4895430.0], [564870.0, 4895420.0], [564920.0, 4895420.0], [564920.0, 4895410.0], [564950.0, 4895410.0], [564950.0, 4895400.0], [564980.0, 4895400.0], [564980.0, 4895390.0], [564990.0, 4895390.0], [564990.0, 4895380.0], [565000.0, 4895380.0], [565000.0, 4895370.0], [565020.0, 4895370.0], [565020.0, 4895360.0], [565070.0, 4895360.0], [565070.0, 4895350.0], [565210.0, 4895350.0], [565210.0, 4895330.0], [565220.0, 4895330.0], [565220.0, 4895320.0], [565230.0, 4895320.0], [565230.0, 4895310.0], [565240.0, 4895310.0], [565240.0, 4895300.0], [565260.0, 4895300.0], [565260.0, 4895290.0], [565270.0, 4895290.0], [565270.0, 4895280.0], [565300.0, 4895280.0], [565300.0, 4895270.0], [565350.0, 4895270.0], [565350.0, 4895260.0], [565390.0, 4895260.0], [565390.0, 4895250.0], [565430.0, 4895250.0], [565430.0, 4895240.0], [565460.0, 4895240.0], [565460.0, 4895230.0], [565480.0, 4895230.0], [565480.0, 4895220.0], [565490.0, 4895220.0], [565490.0, 4895210.0], [565500.0, 4895210.0], [565500.0, 4895200.0], [565520.0, 4895200.0], [565520.0, 4895190.0], [565540.0, 4895190.0], [565540.0, 4895180.0], [565550.0, 4895180.0], [565550.0, 4895170.0], [565570.0, 4895170.0], [565570.0, 4895160.0], [565590.0, 4895160.0], [565590.0, 4895150.0], [565600.0, 4895150.0], [565600.0, 4895140.0], [565620.0, 4895140.0], [565620.0, 4895130.0], [565660.0, 4895130.0], [565660.0, 4895120.0], [565690.0, 4895120.0], [565690.0, 4895110.0], [565720.0, 4895110.0], [565720.0, 4895100.0], [565850.0, 4895100.0], [565850.0, 4895090.0], [565880.0, 4895090.0], [565880.0, 4895100.0], [565940.0, 4895100.0], [565940.0, 4895090.0], [565960.0, 4895090.0], [565960.0, 4895100.0], [565990.0, 4895100.0], [565990.0, 4895090.0], [566000.0, 4895090.0], [566000.0, 4895080.0], [566020.0, 4895080.0], [566020.0, 4895070.0], [566030.0, 4895070.0], [566030.0, 4895060.0], [566040.0, 4895060.0], [566040.0, 4895040.0], [566050.0, 4895040.0], [566050.0, 4895030.0], [566060.0, 4895030.0], [566060.0, 4895020.0], [566070.0, 4895020.0], [566070.0, 4895010.0], [566080.0, 4895010.0], [566080.0, 4894990.0], [566090.0, 4894990.0], [566090.0, 4894970.0], [566100.0, 4894970.0], [566100.0, 4894960.0], [566110.0, 4894960.0], [566110.0, 4894950.0], [566120.0, 4894950.0], [566120.0, 4894940.0], [566130.0, 4894940.0], [566130.0, 4894930.0], [566140.0, 4894930.0], [566140.0, 4894920.0], [566150.0, 4894920.0], [566150.0, 4894910.0], [566170.0, 4894910.0], [566170.0, 4894890.0], [566190.0, 4894890.0], [566190.0, 4894880.0], [566200.0, 4894880.0], [566200.0, 4894870.0], [566210.0, 4894870.0], [566210.0, 4894860.0], [566220.0, 4894860.0], [566220.0, 4894850.0], [566230.0, 4894850.0], [566230.0, 4894840.0], [566240.0, 4894840.0], [566240.0, 4894820.0], [566250.0, 4894820.0], [566250.0, 4894800.0], [566260.0, 4894800.0], [566260.0, 4894790.0], [566280.0, 4894790.0], [566280.0, 4894780.0], [566290.0, 4894780.0], [566290.0, 4894760.0], [566300.0, 4894760.0], [566300.0, 4894750.0], [566310.0, 4894750.0], [566310.0, 4894740.0], [566320.0, 4894740.0], [566320.0, 4894730.0], [566330.0, 4894730.0], [566330.0, 4894720.0], [566350.0, 4894720.0], [566350.0, 4894710.0], [566360.0, 4894710.0], [566360.0, 4894700.0], [566370.0, 4894700.0], [566370.0, 4894690.0], [566380.0, 4894690.0], [566380.0, 4894680.0], [566390.0, 4894680.0], [566390.0, 4894670.0], [566400.0, 4894670.0], [566400.0, 4894660.0], [566410.0, 4894660.0], [566410.0, 4894650.0], [566420.0, 4894650.0], [566420.0, 4894640.0], [566430.0, 4894640.0], [566430.0, 4894630.0], [566440.0, 4894630.0], [566440.0, 4894620.0], [566460.0, 4894620.0], [566460.0, 4894610.0], [566520.0, 4894610.0], [566520.0, 4894600.0], [566550.0, 4894600.0], [566550.0, 4894610.0], [566560.0, 4894610.0], [566560.0, 4894620.0], [566580.0, 4894620.0], [566580.0, 4894630.0], [566600.0, 4894630.0], [566600.0, 4894640.0], [566620.0, 4894640.0], [566620.0, 4894660.0], [566630.0, 4894660.0], [566630.0, 4894670.0], [566660.0, 4894670.0], [566660.0, 4894680.0], [566670.0, 4894680.0], [566670.0, 4894690.0], [566690.0, 4894690.0], [566690.0, 4894700.0], [566710.0, 4894700.0], [566710.0, 4894710.0], [566750.0, 4894710.0], [566750.0, 4894720.0], [566770.0, 4894720.0], [566770.0, 4894730.0], [566800.0, 4894730.0], [566800.0, 4894740.0], [566830.0, 4894740.0], [566830.0, 4894750.0], [566840.0, 4894750.0], [566840.0, 4894760.0], [566860.0, 4894760.0], [566860.0, 4894770.0], [566880.0, 4894770.0], [566880.0, 4894780.0], [566900.0, 4894780.0], [566900.0, 4894790.0], [566920.0, 4894790.0], [566920.0, 4894800.0], [566940.0, 4894800.0], [566940.0, 4894810.0], [566960.0, 4894810.0], [566960.0, 4894820.0], [566980.0, 4894820.0], [566980.0, 4894830.0], [567000.0, 4894830.0], [567000.0, 4894840.0], [567010.0, 4894840.0], [567010.0, 4894850.0], [567110.0, 4894850.0], [567110.0, 4894840.0], [567290.0, 4894840.0], [567290.0, 4894850.0], [567300.0, 4894850.0], [567300.0, 4894860.0], [567310.0, 4894860.0], [567310.0, 4894870.0], [567330.0, 4894870.0], [567330.0, 4894880.0], [567340.0, 4894880.0], [567340.0, 4894890.0], [567370.0, 4894890.0], [567370.0, 4894900.0], [567460.0, 4894900.0], [567460.0, 4894910.0], [567490.0, 4894910.0], [567490.0, 4894920.0], [567530.0, 4894920.0], [567530.0, 4894930.0], [567540.0, 4894930.0], [567540.0, 4894940.0], [567560.0, 4894940.0], [567560.0, 4894950.0], [567580.0, 4894950.0], [567580.0, 4894960.0], [567660.0, 4894960.0], [567660.0, 4894950.0], [567710.0, 4894950.0], [567710.0, 4894940.0], [567750.0, 4894940.0], [567750.0, 4894930.0], [567780.0, 4894930.0], [567780.0, 4894920.0], [567790.0, 4894920.0], [567790.0, 4894910.0], [567800.0, 4894910.0], [567800.0, 4894900.0], [567810.0, 4894900.0], [567810.0, 4894890.0], [567830.0, 4894890.0], [567830.0, 4894880.0], [567850.0, 4894880.0], [567850.0, 4894870.0], [567870.0, 4894870.0], [567870.0, 4894860.0], [567880.0, 4894860.0], [567880.0, 4894850.0], [567900.0, 4894850.0], [567900.0, 4894840.0], [567920.0, 4894840.0], [567920.0, 4894830.0], [567950.0, 4894830.0], [567950.0, 4894820.0], [567980.0, 4894820.0], [567980.0, 4894810.0], [568000.0, 4894810.0], [568000.0, 4894800.0], [568030.0, 4894800.0], [568030.0, 4894790.0], [568090.0, 4894790.0], [568090.0, 4894800.0], [568100.0, 4894800.0], [568100.0, 4894810.0], [568110.0, 4894810.0], [568110.0, 4894820.0], [568130.0, 4894820.0], [568130.0, 4894830.0], [568140.0, 4894830.0], [568140.0, 4894840.0], [568160.0, 4894840.0], [568160.0, 4894850.0], [568170.0, 4894850.0], [568170.0, 4894860.0], [568180.0, 4894860.0], [568180.0, 4894870.0], [568190.0, 4894870.0], [568190.0, 4894880.0], [568200.0, 4894880.0], [568200.0, 4894890.0], [568210.0, 4894890.0], [568210.0, 4894900.0], [568230.0, 4894900.0], [568230.0, 4894910.0], [568240.0, 4894910.0], [568240.0, 4894920.0], [568260.0, 4894920.0], [568260.0, 4894930.0], [568290.0, 4894930.0], [568290.0, 4894940.0], [568310.0, 4894940.0], [568310.0, 4894950.0], [568330.0, 4894950.0], [568330.0, 4894960.0], [568420.0, 4894960.0], [568420.0, 4894950.0], [568440.0, 4894950.0], [568440.0, 4894940.0], [568460.0, 4894940.0], [568460.0, 4894930.0], [568480.0, 4894930.0], [568480.0, 4894920.0], [568490.0, 4894920.0], [568490.0, 4894910.0], [568500.0, 4894910.0], [568500.0, 4894900.0], [568510.0, 4894900.0], [568510.0, 4894890.0], [568520.0, 4894890.0], [568520.0, 4894870.0], [568530.0, 4894870.0], [568530.0, 4894860.0], [568540.0, 4894860.0], [568540.0, 4894850.0], [568550.0, 4894850.0], [568550.0, 4894840.0], [568560.0, 4894840.0], [568560.0, 4894830.0], [568570.0, 4894830.0], [568570.0, 4894820.0], [568580.0, 4894820.0], [568580.0, 4894800.0], [568590.0, 4894800.0], [568590.0, 4894780.0], [568600.0, 4894780.0], [568600.0, 4894750.0], [568620.0, 4894750.0], [568620.0, 4894760.0], [568630.0, 4894760.0], [568630.0, 4894770.0], [568640.0, 4894770.0], [568640.0, 4894780.0], [568660.0, 4894780.0], [568660.0, 4894790.0], [568710.0, 4894790.0], [568710.0, 4894800.0], [568730.0, 4894800.0], [568730.0, 4894810.0], [568750.0, 4894810.0], [568750.0, 4894820.0], [568760.0, 4894820.0], [568760.0, 4894830.0], [568770.0, 4894830.0], [568770.0, 4894840.0], [568790.0, 4894840.0], [568790.0, 4894850.0], [568820.0, 4894850.0], [568820.0, 4894860.0], [568850.0, 4894860.0], [568850.0, 4894870.0], [568860.0, 4894870.0], [568860.0, 4894880.0], [568880.0, 4894880.0], [568880.0, 4894890.0], [568890.0, 4894890.0], [568890.0, 4894900.0], [568900.0, 4894900.0], [568900.0, 4894910.0], [568930.0, 4894910.0], [568930.0, 4894920.0], [568940.0, 4894920.0], [568940.0, 4894930.0], [568960.0, 4894930.0], [568960.0, 4894940.0], [568970.0, 4894940.0], [568970.0, 4894950.0], [568980.0, 4894950.0], [568980.0, 4894960.0], [569010.0, 4894960.0], [569010.0, 4894970.0], [569070.0, 4894970.0], [569070.0, 4894980.0], [569220.0, 4894980.0], [569220.0, 4894970.0], [569240.0, 4894970.0], [569240.0, 4894960.0], [569260.0, 4894960.0], [569260.0, 4894950.0], [569280.0, 4894950.0], [569280.0, 4894940.0], [569300.0, 4894940.0], [569300.0, 4894930.0], [569320.0, 4894930.0], [569320.0, 4894920.0], [569340.0, 4894920.0], [569340.0, 4894910.0], [569350.0, 4894910.0], [569350.0, 4894900.0], [569360.0, 4894900.0], [569360.0, 4894890.0], [569370.0, 4894890.0], [569370.0, 4894880.0], [569380.0, 4894880.0], [569380.0, 4894870.0], [569400.0, 4894870.0], [569400.0, 4894860.0], [569420.0, 4894860.0], [569420.0, 4894850.0], [569450.0, 4894850.0], [569450.0, 4894840.0], [569470.0, 4894840.0], [569470.0, 4894850.0], [569500.0, 4894850.0], [569500.0, 4894860.0], [569530.0, 4894860.0], [569530.0, 4894870.0], [569550.0, 4894870.0], [569550.0, 4894880.0], [569560.0, 4894880.0], [569560.0, 4894890.0], [569570.0, 4894890.0], [569570.0, 4894900.0], [569580.0, 4894900.0], [569580.0, 4894910.0], [569600.0, 4894910.0], [569600.0, 4894920.0], [569690.0, 4894920.0], [569690.0, 4894910.0], [569730.0, 4894910.0], [569730.0, 4894900.0], [569780.0, 4894900.0], [569780.0, 4894890.0], [569840.0, 4894890.0], [569840.0, 4894880.0], [569870.0, 4894880.0], [569870.0, 4894870.0], [569930.0, 4894870.0], [569930.0, 4894880.0], [569960.0, 4894880.0], [569960.0, 4894890.0], [569980.0, 4894890.0], [569980.0, 4894900.0], [570030.0, 4894900.0], [570030.0, 4894910.0], [570090.0, 4894910.0], [570090.0, 4894900.0], [570140.0, 4894900.0], [570140.0, 4894890.0], [570180.0, 4894890.0], [570180.0, 4894880.0], [570210.0, 4894880.0], [570210.0, 4894870.0], [570230.0, 4894870.0], [570230.0, 4894860.0], [570250.0, 4894860.0], [570250.0, 4894850.0], [570260.0, 4894850.0], [570260.0, 4894840.0], [570280.0, 4894840.0], [570280.0, 4894830.0], [570290.0, 4894830.0], [570290.0, 4894840.0], [570340.0, 4894840.0], [570340.0, 4894850.0], [570370.0, 4894850.0], [570370.0, 4894860.0], [570460.0, 4894860.0], [570460.0, 4894870.0], [570540.0, 4894870.0], [570540.0, 4894860.0], [570570.0, 4894860.0], [570570.0, 4894850.0], [570590.0, 4894850.0], [570590.0, 4894840.0], [570610.0, 4894840.0], [570610.0, 4894830.0], [570630.0, 4894830.0], [570630.0, 4894820.0], [570690.0, 4894820.0], [570690.0, 4894810.0], [570710.0, 4894810.0], [570710.0, 4894800.0], [570730.0, 4894800.0], [570730.0, 4894790.0], [570760.0, 4894790.0], [570760.0, 4894800.0], [570770.0, 4894800.0], [570770.0, 4894810.0], [570780.0, 4894810.0], [570780.0, 4894820.0], [570790.0, 4894820.0], [570790.0, 4894830.0], [570840.0, 4894830.0], [570840.0, 4894840.0], [570860.0, 4894840.0], [570860.0, 4894850.0], [570880.0, 4894850.0], [570880.0, 4894860.0], [570940.0, 4894860.0], [570940.0, 4894870.0], [570950.0, 4894870.0], [570950.0, 4894880.0], [570960.0, 4894880.0], [570960.0, 4894890.0], [570980.0, 4894890.0], [570980.0, 4894900.0], [570990.0, 4894900.0], [570990.0, 4894910.0], [571010.0, 4894910.0], [571010.0, 4894920.0], [571030.0, 4894920.0], [571030.0, 4894930.0], [571060.0, 4894930.0], [571060.0, 4894940.0], [571100.0, 4894940.0], [571100.0, 4894950.0], [571230.0, 4894950.0], [571230.0, 4894960.0], [571240.0, 4894960.0], [571240.0, 4894970.0], [571250.0, 4894970.0], [571250.0, 4894980.0], [571260.0, 4894980.0], [571260.0, 4895000.0], [571270.0, 4895000.0], [571270.0, 4895010.0], [571280.0, 4895010.0], [571280.0, 4895030.0], [571290.0, 4895030.0], [571290.0, 4895050.0], [571300.0, 4895050.0], [571300.0, 4895060.0], [571310.0, 4895060.0], [571310.0, 4895070.0], [571320.0, 4895070.0], [571320.0, 4895080.0], [571340.0, 4895080.0], [571340.0, 4895090.0], [571350.0, 4895090.0], [571350.0, 4895100.0], [571360.0, 4895100.0], [571360.0, 4895220.0], [571370.0, 4895220.0], [571370.0, 4895250.0], [571380.0, 4895250.0], [571380.0, 4895270.0], [571390.0, 4895270.0], [571390.0, 4895370.0], [571380.0, 4895370.0], [571380.0, 4895410.0], [571390.0, 4895410.0], [571390.0, 4895420.0], [571400.0, 4895420.0], [571400.0, 4895440.0], [571410.0, 4895440.0], [571410.0, 4895450.0], [571420.0, 4895450.0], [571420.0, 4895460.0], [571430.0, 4895460.0], [571430.0, 4895470.0], [571440.0, 4895470.0], [571440.0, 4895480.0], [571450.0, 4895480.0], [571450.0, 4895490.0], [571470.0, 4895490.0], [571470.0, 4895500.0], [571490.0, 4895500.0], [571490.0, 4895510.0], [571500.0, 4895510.0], [571500.0, 4895520.0], [571510.0, 4895520.0], [571510.0, 4895530.0], [571530.0, 4895530.0], [571530.0, 4895540.0], [571540.0, 4895540.0], [571540.0, 4895550.0], [571550.0, 4895550.0], [571550.0, 4895560.0], [571560.0, 4895560.0], [571560.0, 4895570.0], [571570.0, 4895570.0], [571570.0, 4895580.0], [571580.0, 4895580.0], [571580.0, 4895590.0], [571590.0, 4895590.0], [571590.0, 4895600.0], [571600.0, 4895600.0], [571600.0, 4895630.0], [571610.0, 4895630.0], [571610.0, 4895640.0], [571620.0, 4895640.0], [571620.0, 4895650.0], [571630.0, 4895650.0], [571630.0, 4895660.0], [571640.0, 4895660.0], [571640.0, 4895680.0], [571650.0, 4895680.0], [571650.0, 4895690.0], [571660.0, 4895690.0], [571660.0, 4895700.0], [571670.0, 4895700.0], [571670.0, 4895710.0], [571680.0, 4895710.0], [571680.0, 4895720.0], [571690.0, 4895720.0], [571690.0, 4895730.0], [571700.0, 4895730.0], [571700.0, 4895740.0], [571710.0, 4895740.0], [571710.0, 4895750.0], [571720.0, 4895750.0], [571720.0, 4895760.0], [571730.0, 4895760.0], [571730.0, 4895770.0], [571740.0, 4895770.0], [571740.0, 4895780.0], [571750.0, 4895780.0], [571750.0, 4895790.0], [571760.0, 4895790.0], [571760.0, 4895800.0], [571770.0, 4895800.0], [571770.0, 4895830.0], [571760.0, 4895830.0], [571760.0, 4895860.0], [571750.0, 4895860.0], [571750.0, 4895880.0], [571740.0, 4895880.0], [571740.0, 4895900.0], [571730.0, 4895900.0], [571730.0, 4895930.0], [571720.0, 4895930.0], [571720.0, 4895980.0], [571710.0, 4895980.0], [571710.0, 4896030.0], [571700.0, 4896030.0], [571700.0, 4896060.0], [571690.0, 4896060.0], [571690.0, 4896130.0], [571680.0, 4896130.0], [571680.0, 4896260.0], [571670.0, 4896260.0], [571670.0, 4896270.0], [571660.0, 4896270.0], [571660.0, 4896290.0], [571650.0, 4896290.0], [571650.0, 4896300.0], [571640.0, 4896300.0], [571640.0, 4896310.0], [571630.0, 4896310.0], [571630.0, 4896330.0], [571620.0, 4896330.0], [571620.0, 4896410.0], [571610.0, 4896410.0], [571610.0, 4896450.0], [571600.0, 4896450.0], [571600.0, 4896490.0], [571590.0, 4896490.0], [571590.0, 4896520.0], [571580.0, 4896520.0], [571580.0, 4896560.0], [571590.0, 4896560.0], [571590.0, 4896580.0], [571580.0, 4896580.0], [571580.0, 4896630.0], [571570.0, 4896630.0], [571570.0, 4896800.0], [571560.0, 4896800.0], [571560.0, 4896810.0], [571540.0, 4896810.0], [571540.0, 4896820.0], [571530.0, 4896820.0], [571530.0, 4896830.0], [571510.0, 4896830.0], [571510.0, 4896840.0], [571500.0, 4896840.0], [571500.0, 4896860.0], [571490.0, 4896860.0], [571490.0, 4896870.0], [571480.0, 4896870.0], [571480.0, 4896890.0], [571470.0, 4896890.0], [571470.0, 4896910.0], [571460.0, 4896910.0], [571460.0, 4896940.0], [571450.0, 4896940.0], [571450.0, 4896960.0], [571440.0, 4896960.0], [571440.0, 4896980.0], [571430.0, 4896980.0], [571430.0, 4897000.0], [571420.0, 4897000.0], [571420.0, 4897030.0], [571410.0, 4897030.0], [571410.0, 4897170.0], [571420.0, 4897170.0], [571420.0, 4897210.0], [571410.0, 4897210.0], [571410.0, 4897280.0], [571400.0, 4897280.0], [571400.0, 4897290.0], [571390.0, 4897290.0], [571390.0, 4897340.0], [571400.0, 4897340.0], [571400.0, 4897400.0], [571410.0, 4897400.0], [571410.0, 4897450.0], [571420.0, 4897450.0], [571420.0, 4897460.0], [571430.0, 4897460.0], [571430.0, 4897480.0], [571440.0, 4897480.0], [571440.0, 4897490.0], [571450.0, 4897490.0], [571450.0, 4897590.0], [571460.0, 4897590.0], [571460.0, 4897630.0], [571450.0, 4897630.0], [571450.0, 4897640.0], [571430.0, 4897640.0], [571430.0, 4897650.0], [571420.0, 4897650.0], [571420.0, 4897660.0], [571410.0, 4897660.0], [571410.0, 4897670.0], [571400.0, 4897670.0], [571400.0, 4897680.0], [571390.0, 4897680.0], [571390.0, 4897690.0], [571380.0, 4897690.0], [571380.0, 4897710.0], [571370.0, 4897710.0], [571370.0, 4897720.0], [571360.0, 4897720.0], [571360.0, 4897730.0], [571350.0, 4897730.0], [571350.0, 4897740.0], [571340.0, 4897740.0], [571340.0, 4897750.0], [571330.0, 4897750.0], [571330.0, 4897760.0], [571320.0, 4897760.0], [571320.0, 4897860.0], [571330.0, 4897860.0], [571330.0, 4897880.0], [571340.0, 4897880.0], [571340.0, 4897910.0], [571350.0, 4897910.0], [571350.0, 4897940.0], [571360.0, 4897940.0], [571360.0, 4898010.0], [571370.0, 4898010.0], [571370.0, 4898060.0], [571360.0, 4898060.0], [571360.0, 4898130.0], [571350.0, 4898130.0], [571350.0, 4898150.0], [571340.0, 4898150.0], [571340.0, 4898180.0], [571330.0, 4898180.0], [571330.0, 4898280.0], [571340.0, 4898280.0], [571340.0, 4898310.0], [571330.0, 4898310.0], [571330.0, 4898330.0], [571320.0, 4898330.0], [571320.0, 4898360.0], [571310.0, 4898360.0], [571310.0, 4898430.0], [571300.0, 4898430.0], [571300.0, 4898450.0], [571290.0, 4898450.0], [571290.0, 4898460.0], [571280.0, 4898460.0], [571280.0, 4898480.0], [571270.0, 4898480.0], [571270.0, 4898490.0], [571260.0, 4898490.0], [571260.0, 4898510.0], [571250.0, 4898510.0], [571250.0, 4898520.0], [571240.0, 4898520.0], [571240.0, 4898530.0], [571230.0, 4898530.0], [571230.0, 4898540.0], [571220.0, 4898540.0], [571220.0, 4898560.0], [571210.0, 4898560.0], [571210.0, 4898570.0], [571200.0, 4898570.0], [571200.0, 4898580.0], [571190.0, 4898580.0], [571190.0, 4898590.0], [571180.0, 4898590.0], [571180.0, 4898600.0], [571170.0, 4898600.0], [571170.0, 4898620.0], [571160.0, 4898620.0], [571160.0, 4898630.0], [571150.0, 4898630.0], [571150.0, 4898640.0], [571140.0, 4898640.0], [571140.0, 4898660.0], [571130.0, 4898660.0], [571130.0, 4898680.0], [571060.0, 4898680.0], [571060.0, 4898690.0], [571030.0, 4898690.0], [571030.0, 4898700.0], [571020.0, 4898700.0], [571020.0, 4898710.0], [571000.0, 4898710.0], [571000.0, 4898720.0], [570980.0, 4898720.0], [570980.0, 4898730.0], [570970.0, 4898730.0], [570970.0, 4898740.0], [570960.0, 4898740.0], [570960.0, 4898750.0], [570950.0, 4898750.0], [570950.0, 4898760.0], [570930.0, 4898760.0], [570930.0, 4898770.0], [570920.0, 4898770.0], [570920.0, 4898780.0], [570910.0, 4898780.0], [570910.0, 4898790.0], [570900.0, 4898790.0], [570900.0, 4898800.0], [570890.0, 4898800.0], [570890.0, 4898810.0], [570880.0, 4898810.0], [570880.0, 4898820.0], [570860.0, 4898820.0], [570860.0, 4898830.0], [570850.0, 4898830.0], [570850.0, 4898840.0], [570840.0, 4898840.0], [570840.0, 4898850.0], [570830.0, 4898850.0], [570830.0, 4898860.0], [570820.0, 4898860.0], [570820.0, 4898870.0], [570810.0, 4898870.0], [570810.0, 4898880.0], [570800.0, 4898880.0], [570800.0, 4898890.0], [570780.0, 4898890.0], [570780.0, 4898900.0], [570770.0, 4898900.0], [570770.0, 4898910.0], [570750.0, 4898910.0], [570750.0, 4898920.0], [570740.0, 4898920.0], [570740.0, 4898930.0], [570730.0, 4898930.0], [570730.0, 4898940.0], [570720.0, 4898940.0], [570720.0, 4898950.0], [570700.0, 4898950.0], [570700.0, 4898960.0], [570690.0, 4898960.0], [570690.0, 4898970.0], [570680.0, 4898970.0], [570680.0, 4898980.0], [570670.0, 4898980.0], [570670.0, 4898990.0], [570660.0, 4898990.0], [570660.0, 4899000.0], [570650.0, 4899000.0], [570650.0, 4899010.0], [570640.0, 4899010.0], [570640.0, 4899020.0], [570630.0, 4899020.0], [570630.0, 4899030.0], [570620.0, 4899030.0], [570620.0, 4899040.0], [570610.0, 4899040.0], [570610.0, 4899050.0], [570590.0, 4899050.0], [570590.0, 4899060.0], [570580.0, 4899060.0], [570580.0, 4899070.0], [570550.0, 4899070.0], [570550.0, 4899080.0], [570450.0, 4899080.0], [570450.0, 4899090.0], [570130.0, 4899090.0], [570130.0, 4899100.0], [570110.0, 4899100.0], [570110.0, 4899110.0], [570070.0, 4899110.0], [570070.0, 4899120.0], [569930.0, 4899120.0], [569930.0, 4899110.0], [569840.0, 4899110.0], [569840.0, 4899120.0], [569810.0, 4899120.0], [569810.0, 4899130.0], [569800.0, 4899130.0], [569800.0, 4899140.0], [569790.0, 4899140.0], [569790.0, 4899150.0], [569780.0, 4899150.0], [569780.0, 4899160.0], [569770.0, 4899160.0], [569770.0, 4899170.0], [569760.0, 4899170.0], [569760.0, 4899180.0], [569740.0, 4899180.0], [569740.0, 4899190.0], [569730.0, 4899190.0], [569730.0, 4899200.0], [569710.0, 4899200.0], [569710.0, 4899210.0], [569700.0, 4899210.0], [569700.0, 4899220.0], [569690.0, 4899220.0], [569690.0, 4899230.0], [569680.0, 4899230.0], [569680.0, 4899250.0], [569690.0, 4899250.0], [569690.0, 4899290.0], [569700.0, 4899290.0], [569700.0, 4899320.0], [569710.0, 4899320.0], [569710.0, 4899350.0], [569720.0, 4899350.0], [569720.0, 4899370.0], [569730.0, 4899370.0], [569730.0, 4899400.0], [569740.0, 4899400.0], [569740.0, 4899420.0], [569750.0, 4899420.0], [569750.0, 4899440.0], [569760.0, 4899440.0], [569760.0, 4899490.0], [569750.0, 4899490.0], [569750.0, 4899530.0], [569770.0, 4899530.0], [569770.0, 4899570.0], [569780.0, 4899570.0], [569780.0, 4899640.0], [569770.0, 4899640.0], [569770.0, 4899750.0], [569760.0, 4899750.0], [569760.0, 4899770.0], [569750.0, 4899770.0], [569750.0, 4899860.0], [569740.0, 4899860.0], [569740.0, 4899960.0], [569730.0, 4899960.0], [569730.0, 4899970.0], [569690.0, 4899970.0], [569690.0, 4899980.0], [569670.0, 4899980.0], [569670.0, 4900000.0], [569660.0, 4900000.0], [569660.0, 4900010.0], [569650.0, 4900010.0], [569650.0, 4900020.0], [569640.0, 4900020.0], [569640.0, 4900030.0], [569630.0, 4900030.0], [569630.0, 4900040.0], [569620.0, 4900040.0], [569620.0, 4900050.0], [569600.0, 4900050.0], [569600.0, 4900060.0], [569590.0, 4900060.0], [569590.0, 4900070.0], [569570.0, 4900070.0], [569570.0, 4900080.0], [569560.0, 4900080.0], [569560.0, 4900090.0], [569550.0, 4900090.0], [569550.0, 4900100.0], [569540.0, 4900100.0], [569540.0, 4900120.0], [569530.0, 4900120.0], [569530.0, 4900130.0], [569520.0, 4900130.0], [569520.0, 4900140.0], [569510.0, 4900140.0], [569510.0, 4900150.0], [569500.0, 4900150.0], [569500.0, 4900170.0], [569490.0, 4900170.0], [569490.0, 4900180.0], [569480.0, 4900180.0], [569480.0, 4900190.0], [569470.0, 4900190.0], [569470.0, 4900210.0], [569460.0, 4900210.0], [569460.0, 4900230.0], [569450.0, 4900230.0], [569450.0, 4900240.0], [569440.0, 4900240.0], [569440.0, 4900250.0], [569430.0, 4900250.0], [569430.0, 4900260.0], [569420.0, 4900260.0], [569420.0, 4900280.0], [569410.0, 4900280.0], [569410.0, 4900290.0], [569400.0, 4900290.0], [569400.0, 4900300.0], [569380.0, 4900300.0], [569380.0, 4900310.0], [569370.0, 4900310.0], [569370.0, 4900330.0], [569360.0, 4900330.0], [569360.0, 4900340.0], [569350.0, 4900340.0], [569350.0, 4900360.0], [569340.0, 4900360.0], [569340.0, 4900370.0], [569330.0, 4900370.0], [569330.0, 4900380.0], [569320.0, 4900380.0], [569320.0, 4900400.0], [569310.0, 4900400.0], [569310.0, 4900410.0], [569300.0, 4900410.0], [569300.0, 4900420.0], [569290.0, 4900420.0], [569290.0, 4900430.0], [569280.0, 4900430.0], [569280.0, 4900450.0], [569270.0, 4900450.0], [569270.0, 4900460.0], [569260.0, 4900460.0], [569260.0, 4900470.0], [569250.0, 4900470.0], [569250.0, 4900480.0], [569240.0, 4900480.0], [569240.0, 4900490.0], [569230.0, 4900490.0], [569230.0, 4900510.0], [569220.0, 4900510.0], [569220.0, 4900520.0], [569210.0, 4900520.0], [569210.0, 4900530.0], [569200.0, 4900530.0], [569200.0, 4900540.0], [569190.0, 4900540.0], [569190.0, 4900550.0], [569180.0, 4900550.0], [569180.0, 4900570.0], [569170.0, 4900570.0], [569170.0, 4900580.0], [569160.0, 4900580.0], [569160.0, 4900600.0], [569150.0, 4900600.0], [569150.0, 4900610.0], [569140.0, 4900610.0], [569140.0, 4900630.0], [569130.0, 4900630.0], [569130.0, 4900650.0], [569120.0, 4900650.0], [569120.0, 4900660.0], [569110.0, 4900660.0], [569110.0, 4900680.0], [569100.0, 4900680.0], [569100.0, 4900690.0], [569090.0, 4900690.0], [569090.0, 4900700.0], [569080.0, 4900700.0], [569080.0, 4900710.0], [569070.0, 4900710.0], [569070.0, 4900740.0], [569060.0, 4900740.0], [569060.0, 4900750.0], [569050.0, 4900750.0], [569050.0, 4900760.0], [569040.0, 4900760.0], [569040.0, 4900780.0], [569030.0, 4900780.0], [569030.0, 4900790.0], [569020.0, 4900790.0], [569020.0, 4900820.0], [569010.0, 4900820.0], [569010.0, 4900830.0], [569000.0, 4900830.0], [569000.0, 4900840.0], [568990.0, 4900840.0], [568990.0, 4900850.0], [568980.0, 4900850.0], [568980.0, 4900870.0], [568960.0, 4900870.0], [568960.0, 4900880.0], [568950.0, 4900880.0], [568950.0, 4900890.0], [568940.0, 4900890.0], [568940.0, 4900900.0], [568920.0, 4900900.0], [568920.0, 4900910.0], [568900.0, 4900910.0], [568900.0, 4900920.0], [568880.0, 4900920.0], [568880.0, 4900930.0], [568830.0, 4900930.0], [568830.0, 4900940.0], [568790.0, 4900940.0], [568790.0, 4900950.0], [568780.0, 4900950.0]]]}, "properties": {"site_code": "49", "dem_area_ha": 3447.49, "routing_qc_pass": true}}, {"type": "Feature", "geometry": {"type": "Polygon", "coordinates": [[[562830.0, 4897840.0], [562830.0, 4897810.0], [562820.0, 4897810.0], [562820.0, 4897720.0], [562830.0, 4897720.0], [562830.0, 4897710.0], [562840.0, 4897710.0], [562840.0, 4897700.0], [562860.0, 4897700.0], [562860.0, 4897690.0], [562870.0, 4897690.0], [562870.0, 4897680.0], [562930.0, 4897680.0], [562930.0, 4897670.0], [562950.0, 4897670.0], [562950.0, 4897660.0], [562960.0, 4897660.0], [562960.0, 4897650.0], [562970.0, 4897650.0], [562970.0, 4897620.0], [562980.0, 4897620.0], [562980.0, 4897580.0], [562990.0, 4897580.0], [562990.0, 4897550.0], [563000.0, 4897550.0], [563000.0, 4897420.0], [562990.0, 4897420.0], [562990.0, 4897390.0], [562980.0, 4897390.0], [562980.0, 4897370.0], [562970.0, 4897370.0], [562970.0, 4897350.0], [562960.0, 4897350.0], [562960.0, 4897340.0], [562950.0, 4897340.0], [562950.0, 4897320.0], [562940.0, 4897320.0], [562940.0, 4897310.0], [562930.0, 4897310.0], [562930.0, 4897300.0], [562920.0, 4897300.0], [562920.0, 4897270.0], [562910.0, 4897270.0], [562910.0, 4897250.0], [562900.0, 4897250.0], [562900.0, 4897230.0], [562890.0, 4897230.0], [562890.0, 4897220.0], [562880.0, 4897220.0], [562880.0, 4897210.0], [562870.0, 4897210.0], [562870.0, 4897200.0], [562850.0, 4897200.0], [562850.0, 4897190.0], [562840.0, 4897190.0], [562840.0, 4897180.0], [562830.0, 4897180.0], [562830.0, 4897170.0], [562820.0, 4897170.0], [562820.0, 4897160.0], [562810.0, 4897160.0], [562810.0, 4897100.0], [562800.0, 4897100.0], [562800.0, 4897080.0], [562790.0, 4897080.0], [562790.0, 4897070.0], [562780.0, 4897070.0], [562780.0, 4897060.0], [562770.0, 4897060.0], [562770.0, 4897000.0], [562760.0, 4897000.0], [562760.0, 4896980.0], [562750.0, 4896980.0], [562750.0, 4896920.0], [562760.0, 4896920.0], [562760.0, 4896910.0], [562750.0, 4896910.0], [562750.0, 4896810.0], [562740.0, 4896810.0], [562740.0, 4896790.0], [562750.0, 4896790.0], [562750.0, 4896770.0], [562760.0, 4896770.0], [562760.0, 4896740.0], [562770.0, 4896740.0], [562770.0, 4896720.0], [562780.0, 4896720.0], [562780.0, 4896730.0], [562800.0, 4896730.0], [562800.0, 4896720.0], [562810.0, 4896720.0], [562810.0, 4896710.0], [562820.0, 4896710.0], [562820.0, 4896670.0], [562840.0, 4896670.0], [562840.0, 4896660.0], [562850.0, 4896660.0], [562850.0, 4896650.0], [562860.0, 4896650.0], [562860.0, 4896640.0], [562870.0, 4896640.0], [562870.0, 4896620.0], [562890.0, 4896620.0], [562890.0, 4896600.0], [562900.0, 4896600.0], [562900.0, 4896590.0], [562910.0, 4896590.0], [562910.0, 4896580.0], [562930.0, 4896580.0], [562930.0, 4896570.0], [562940.0, 4896570.0], [562940.0, 4896560.0], [562950.0, 4896560.0], [562950.0, 4896550.0], [562960.0, 4896550.0], [562960.0, 4896530.0], [562990.0, 4896530.0], [562990.0, 4896520.0], [563000.0, 4896520.0], [563000.0, 4896510.0], [563010.0, 4896510.0], [563010.0, 4896500.0], [563020.0, 4896500.0], [563020.0, 4896490.0], [563040.0, 4896490.0], [563040.0, 4896480.0], [563060.0, 4896480.0], [563060.0, 4896470.0], [563100.0, 4896470.0], [563100.0, 4896460.0], [563130.0, 4896460.0], [563130.0, 4896470.0], [563140.0, 4896470.0], [563140.0, 4896460.0], [563160.0, 4896460.0], [563160.0, 4896450.0], [563170.0, 4896450.0], [563170.0, 4896440.0], [563180.0, 4896440.0], [563180.0, 4896420.0], [563190.0, 4896420.0], [563190.0, 4896410.0], [563200.0, 4896410.0], [563200.0, 4896380.0], [563210.0, 4896380.0], [563210.0, 4896360.0], [563220.0, 4896360.0], [563220.0, 4896340.0], [563230.0, 4896340.0], [563230.0, 4896330.0], [563240.0, 4896330.0], [563240.0, 4896310.0], [563250.0, 4896310.0], [563250.0, 4896300.0], [563260.0, 4896300.0], [563260.0, 4896270.0], [563270.0, 4896270.0], [563270.0, 4896220.0], [563280.0, 4896220.0], [563280.0, 4896150.0], [563290.0, 4896150.0], [563290.0, 4896130.0], [563300.0, 4896130.0], [563300.0, 4896120.0], [563310.0, 4896120.0], [563310.0, 4896110.0], [563320.0, 4896110.0], [563320.0, 4896100.0], [563330.0, 4896100.0], [563330.0, 4896090.0], [563340.0, 4896090.0], [563340.0, 4896080.0], [563350.0, 4896080.0], [563350.0, 4896070.0], [563380.0, 4896070.0], [563380.0, 4896060.0], [563390.0, 4896060.0], [563390.0, 4896050.0], [563400.0, 4896050.0], [563400.0, 4896040.0], [563410.0, 4896040.0], [563410.0, 4896030.0], [563420.0, 4896030.0], [563420.0, 4896020.0], [563430.0, 4896020.0], [563430.0, 4896010.0], [563440.0, 4896010.0], [563440.0, 4896000.0], [563450.0, 4896000.0], [563450.0, 4895990.0], [563460.0, 4895990.0], [563460.0, 4895980.0], [563470.0, 4895980.0], [563470.0, 4895970.0], [563480.0, 4895970.0], [563480.0, 4895960.0], [563490.0, 4895960.0], [563490.0, 4895950.0], [563500.0, 4895950.0], [563500.0, 4895940.0], [563510.0, 4895940.0], [563510.0, 4895930.0], [563520.0, 4895930.0], [563520.0, 4895920.0], [563530.0, 4895920.0], [563530.0, 4895910.0], [563540.0, 4895910.0], [563540.0, 4895900.0], [563550.0, 4895900.0], [563550.0, 4895890.0], [563560.0, 4895890.0], [563560.0, 4895880.0], [563570.0, 4895880.0], [563570.0, 4895870.0], [563580.0, 4895870.0], [563580.0, 4895860.0], [563590.0, 4895860.0], [563590.0, 4895850.0], [563600.0, 4895850.0], [563600.0, 4895840.0], [563610.0, 4895840.0], [563610.0, 4895830.0], [563620.0, 4895830.0], [563620.0, 4895820.0], [563630.0, 4895820.0], [563630.0, 4895810.0], [563640.0, 4895810.0], [563640.0, 4895800.0], [563650.0, 4895800.0], [563650.0, 4895790.0], [563660.0, 4895790.0], [563660.0, 4895780.0], [563670.0, 4895780.0], [563670.0, 4895770.0], [563680.0, 4895770.0], [563680.0, 4895760.0], [563690.0, 4895760.0], [563690.0, 4895750.0], [563700.0, 4895750.0], [563700.0, 4895740.0], [563710.0, 4895740.0], [563710.0, 4895730.0], [563720.0, 4895730.0], [563720.0, 4895720.0], [563730.0, 4895720.0], [563730.0, 4895710.0], [563740.0, 4895710.0], [563740.0, 4895700.0], [563750.0, 4895700.0], [563750.0, 4895690.0], [563760.0, 4895690.0], [563760.0, 4895680.0], [563770.0, 4895680.0], [563770.0, 4895670.0], [563800.0, 4895670.0], [563800.0, 4895660.0], [563870.0, 4895660.0], [563870.0, 4895670.0], [563910.0, 4895670.0], [563910.0, 4895680.0], [563950.0, 4895680.0], [563950.0, 4895670.0], [564020.0, 4895670.0], [564020.0, 4895680.0], [564030.0, 4895680.0], [564030.0, 4895700.0], [564040.0, 4895700.0], [564040.0, 4895710.0], [564050.0, 4895710.0], [564050.0, 4895740.0], [564040.0, 4895740.0], [564040.0, 4895750.0], [564030.0, 4895750.0], [564030.0, 4895800.0], [564040.0, 4895800.0], [564040.0, 4895970.0], [564030.0, 4895970.0], [564030.0, 4895980.0], [564020.0, 4895980.0], [564020.0, 4895990.0], [564010.0, 4895990.0], [564010.0, 4896000.0], [563990.0, 4896000.0], [563990.0, 4896010.0], [563960.0, 4896010.0], [563960.0, 4896020.0], [563940.0, 4896020.0], [563940.0, 4896030.0], [563930.0, 4896030.0], [563930.0, 4896040.0], [563920.0, 4896040.0], [563920.0, 4896050.0], [563910.0, 4896050.0], [563910.0, 4896060.0], [563900.0, 4896060.0], [563900.0, 4896070.0], [563890.0, 4896070.0], [563890.0, 4896080.0], [563870.0, 4896080.0], [563870.0, 4896090.0], [563840.0, 4896090.0], [563840.0, 4896100.0], [563830.0, 4896100.0], [563830.0, 4896110.0], [563820.0, 4896110.0], [563820.0, 4896120.0], [563810.0, 4896120.0], [563810.0, 4896130.0], [563800.0, 4896130.0], [563800.0, 4896140.0], [563790.0, 4896140.0], [563790.0, 4896150.0], [563780.0, 4896150.0], [563780.0, 4896160.0], [563770.0, 4896160.0], [563770.0, 4896170.0], [563760.0, 4896170.0], [563760.0, 4896180.0], [563750.0, 4896180.0], [563750.0, 4896190.0], [563740.0, 4896190.0], [563740.0, 4896200.0], [563730.0, 4896200.0], [563730.0, 4896210.0], [563720.0, 4896210.0], [563720.0, 4896220.0], [563710.0, 4896220.0], [563710.0, 4896230.0], [563700.0, 4896230.0], [563700.0, 4896240.0], [563690.0, 4896240.0], [563690.0, 4896250.0], [563680.0, 4896250.0], [563680.0, 4896260.0], [563670.0, 4896260.0], [563670.0, 4896270.0], [563660.0, 4896270.0], [563660.0, 4896280.0], [563650.0, 4896280.0], [563650.0, 4896290.0], [563640.0, 4896290.0], [563640.0, 4896300.0], [563630.0, 4896300.0], [563630.0, 4896310.0], [563620.0, 4896310.0], [563620.0, 4896320.0], [563610.0, 4896320.0], [563610.0, 4896490.0], [563620.0, 4896490.0], [563620.0, 4896500.0], [563630.0, 4896500.0], [563630.0, 4896520.0], [563640.0, 4896520.0], [563640.0, 4896540.0], [563650.0, 4896540.0], [563650.0, 4896560.0], [563670.0, 4896560.0], [563670.0, 4896570.0], [563700.0, 4896570.0], [563700.0, 4896580.0], [563710.0, 4896580.0], [563710.0, 4896590.0], [563720.0, 4896590.0], [563720.0, 4896610.0], [563730.0, 4896610.0], [563730.0, 4896660.0], [563720.0, 4896660.0], [563720.0, 4896670.0], [563710.0, 4896670.0], [563710.0, 4896690.0], [563700.0, 4896690.0], [563700.0, 4896760.0], [563710.0, 4896760.0], [563710.0, 4896800.0], [563700.0, 4896800.0], [563700.0, 4896810.0], [563660.0, 4896810.0], [563660.0, 4896820.0], [563650.0, 4896820.0], [563650.0, 4896810.0], [563620.0, 4896810.0], [563620.0, 4896830.0], [563550.0, 4896830.0], [563550.0, 4896840.0], [563510.0, 4896840.0], [563510.0, 4896830.0], [563500.0, 4896830.0], [563500.0, 4896820.0], [563490.0, 4896820.0], [563490.0, 4896830.0], [563480.0, 4896830.0], [563480.0, 4896840.0], [563470.0, 4896840.0], [563470.0, 4896850.0], [563460.0, 4896850.0], [563460.0, 4896860.0], [563450.0, 4896860.0], [563450.0, 4896870.0], [563440.0, 4896870.0], [563440.0, 4896880.0], [563430.0, 4896880.0], [563430.0, 4896890.0], [563420.0, 4896890.0], [563420.0, 4896900.0], [563410.0, 4896900.0], [563410.0, 4896910.0], [563400.0, 4896910.0], [563400.0, 4896920.0], [563390.0, 4896920.0], [563390.0, 4896930.0], [563380.0, 4896930.0], [563380.0, 4896940.0], [563370.0, 4896940.0], [563370.0, 4896950.0], [563360.0, 4896950.0], [563360.0, 4896960.0], [563350.0, 4896960.0], [563350.0, 4896990.0], [563340.0, 4896990.0], [563340.0, 4897010.0], [563330.0, 4897010.0], [563330.0, 4897040.0], [563320.0, 4897040.0], [563320.0, 4897060.0], [563310.0, 4897060.0], [563310.0, 4897070.0], [563300.0, 4897070.0], [563300.0, 4897100.0], [563290.0, 4897100.0], [563290.0, 4897120.0], [563280.0, 4897120.0], [563280.0, 4897150.0], [563270.0, 4897150.0], [563270.0, 4897170.0], [563260.0, 4897170.0], [563260.0, 4897180.0], [563250.0, 4897180.0], [563250.0, 4897190.0], [563240.0, 4897190.0], [563240.0, 4897200.0], [563230.0, 4897200.0], [563230.0, 4897210.0], [563220.0, 4897210.0], [563220.0, 4897220.0], [563210.0, 4897220.0], [563210.0, 4897230.0], [563200.0, 4897230.0], [563200.0, 4897260.0], [563190.0, 4897260.0], [563190.0, 4897280.0], [563180.0, 4897280.0], [563180.0, 4897300.0], [563170.0, 4897300.0], [563170.0, 4897310.0], [563160.0, 4897310.0], [563160.0, 4897330.0], [563150.0, 4897330.0], [563150.0, 4897340.0], [563140.0, 4897340.0], [563140.0, 4897360.0], [563130.0, 4897360.0], [563130.0, 4897390.0], [563140.0, 4897390.0], [563140.0, 4897420.0], [563130.0, 4897420.0], [563130.0, 4897440.0], [563120.0, 4897440.0], [563120.0, 4897470.0], [563110.0, 4897470.0], [563110.0, 4897500.0], [563100.0, 4897500.0], [563100.0, 4897530.0], [563090.0, 4897530.0], [563090.0, 4897550.0], [563080.0, 4897550.0], [563080.0, 4897580.0], [563070.0, 4897580.0], [563070.0, 4897590.0], [563080.0, 4897590.0], [563080.0, 4897630.0], [563070.0, 4897630.0], [563070.0, 4897640.0], [563060.0, 4897640.0], [563060.0, 4897650.0], [563050.0, 4897650.0], [563050.0, 4897660.0], [563040.0, 4897660.0], [563040.0, 4897670.0], [563030.0, 4897670.0], [563030.0, 4897680.0], [563020.0, 4897680.0], [563020.0, 4897700.0], [563010.0, 4897700.0], [563010.0, 4897710.0], [563000.0, 4897710.0], [563000.0, 4897720.0], [562990.0, 4897720.0], [562990.0, 4897730.0], [562870.0, 4897730.0], [562870.0, 4897740.0], [562860.0, 4897740.0], [562860.0, 4897760.0], [562850.0, 4897760.0], [562850.0, 4897780.0], [562840.0, 4897780.0], [562840.0, 4897840.0], [562830.0, 4897840.0]]]}, "properties": {"site_code": "56", "dem_area_ha": 94.86, "routing_qc_pass": true}}, {"type": "Feature", "geometry": {"type": "Polygon", "coordinates": [[[568780.0, 4900950.0], [568780.0, 4900940.0], [568760.0, 4900940.0], [568760.0, 4900930.0], [568730.0, 4900930.0], [568730.0, 4900920.0], [568710.0, 4900920.0], [568710.0, 4900910.0], [568690.0, 4900910.0], [568690.0, 4900900.0], [568680.0, 4900900.0], [568680.0, 4900890.0], [568670.0, 4900890.0], [568670.0, 4900880.0], [568660.0, 4900880.0], [568660.0, 4900860.0], [568650.0, 4900860.0], [568650.0, 4900820.0], [568640.0, 4900820.0], [568640.0, 4900810.0], [568630.0, 4900810.0], [568630.0, 4900790.0], [568620.0, 4900790.0], [568620.0, 4900780.0], [568610.0, 4900780.0], [568610.0, 4900770.0], [568600.0, 4900770.0], [568600.0, 4900760.0], [568590.0, 4900760.0], [568590.0, 4900750.0], [568580.0, 4900750.0], [568580.0, 4900740.0], [568570.0, 4900740.0], [568570.0, 4900730.0], [568560.0, 4900730.0], [568560.0, 4900710.0], [568550.0, 4900710.0], [568550.0, 4900700.0], [568520.0, 4900700.0], [568520.0, 4900690.0], [568500.0, 4900690.0], [568500.0, 4900680.0], [568490.0, 4900680.0], [568490.0, 4900660.0], [568480.0, 4900660.0], [568480.0, 4900650.0], [568470.0, 4900650.0], [568470.0, 4900640.0], [568460.0, 4900640.0], [568460.0, 4900630.0], [568450.0, 4900630.0], [568450.0, 4900620.0], [568440.0, 4900620.0], [568440.0, 4900610.0], [568430.0, 4900610.0], [568430.0, 4900570.0], [568420.0, 4900570.0], [568420.0, 4900560.0], [568410.0, 4900560.0], [568410.0, 4900550.0], [568400.0, 4900550.0], [568400.0, 4900540.0], [568390.0, 4900540.0], [568390.0, 4900530.0], [568380.0, 4900530.0], [568380.0, 4900520.0], [568370.0, 4900520.0], [568370.0, 4900510.0], [568350.0, 4900510.0], [568350.0, 4900500.0], [568300.0, 4900500.0], [568300.0, 4900490.0], [568290.0, 4900490.0], [568290.0, 4900480.0], [568280.0, 4900480.0], [568280.0, 4900470.0], [568210.0, 4900470.0], [568210.0, 4900480.0], [568160.0, 4900480.0], [568160.0, 4900460.0], [568150.0, 4900460.0], [568150.0, 4900470.0], [568120.0, 4900470.0], [568120.0, 4900480.0], [568110.0, 4900480.0], [568110.0, 4900470.0], [568100.0, 4900470.0], [568100.0, 4900460.0], [568070.0, 4900460.0], [568070.0, 4900470.0], [568040.0, 4900470.0], [568040.0, 4900480.0], [568030.0, 4900480.0], [568030.0, 4900490.0], [567940.0, 4900490.0], [567940.0, 4900480.0], [567900.0, 4900480.0], [567900.0, 4900470.0], [567880.0, 4900470.0], [567880.0, 4900460.0], [567870.0, 4900460.0], [567870.0, 4900430.0], [567860.0, 4900430.0], [567860.0, 4900420.0], [567850.0, 4900420.0], [567850.0, 4900410.0], [567840.0, 4900410.0], [567840.0, 4900400.0], [567830.0, 4900400.0], [567830.0, 4900390.0], [567800.0, 4900390.0], [567800.0, 4900380.0], [567790.0, 4900380.0], [567790.0, 4900370.0], [567780.0, 4900370.0], [567780.0, 4900360.0], [567770.0, 4900360.0], [567770.0, 4900350.0], [567760.0, 4900350.0], [567760.0, 4900340.0], [567750.0, 4900340.0], [567750.0, 4900330.0], [567740.0, 4900330.0], [567740.0, 4900320.0], [567730.0, 4900320.0], [567730.0, 4900310.0], [567710.0, 4900310.0], [567710.0, 4900300.0], [567700.0, 4900300.0], [567700.0, 4900290.0], [567680.0, 4900290.0], [567680.0, 4900280.0], [567660.0, 4900280.0], [567660.0, 4900270.0], [567650.0, 4900270.0], [567650.0, 4900260.0], [567640.0, 4900260.0], [567640.0, 4900250.0], [567630.0, 4900250.0], [567630.0, 4900240.0], [567620.0, 4900240.0], [567620.0, 4900230.0], [567610.0, 4900230.0], [567610.0, 4900220.0], [567600.0, 4900220.0], [567600.0, 4900210.0], [567580.0, 4900210.0], [567580.0, 4900200.0], [567570.0, 4900200.0], [567570.0, 4900190.0], [567560.0, 4900190.0], [567560.0, 4900180.0], [567550.0, 4900180.0], [567550.0, 4900170.0], [567540.0, 4900170.0], [567540.0, 4900160.0], [567530.0, 4900160.0], [567530.0, 4900140.0], [567520.0, 4900140.0], [567520.0, 4900120.0], [567510.0, 4900120.0], [567510.0, 4900110.0], [567480.0, 4900110.0], [567480.0, 4900100.0], [567470.0, 4900100.0], [567470.0, 4900090.0], [567460.0, 4900090.0], [567460.0, 4900080.0], [567450.0, 4900080.0], [567450.0, 4900070.0], [567430.0, 4900070.0], [567430.0, 4900060.0], [567420.0, 4900060.0], [567420.0, 4900050.0], [567410.0, 4900050.0], [567410.0, 4900040.0], [567390.0, 4900040.0], [567390.0, 4900030.0], [567370.0, 4900030.0], [567370.0, 4900020.0], [567360.0, 4900020.0], [567360.0, 4900010.0], [567350.0, 4900010.0], [567350.0, 4900000.0], [567340.0, 4900000.0], [567340.0, 4899990.0], [567330.0, 4899990.0], [567330.0, 4899970.0], [567320.0, 4899970.0], [567320.0, 4899940.0], [567310.0, 4899940.0], [567310.0, 4899930.0], [567300.0, 4899930.0], [567300.0, 4899910.0], [567290.0, 4899910.0], [567290.0, 4899900.0], [567270.0, 4899900.0], [567270.0, 4899890.0], [567260.0, 4899890.0], [567260.0, 4899880.0], [567250.0, 4899880.0], [567250.0, 4899870.0], [567240.0, 4899870.0], [567240.0, 4899860.0], [567230.0, 4899860.0], [567230.0, 4899850.0], [567220.0, 4899850.0], [567220.0, 4899840.0], [567210.0, 4899840.0], [567210.0, 4899820.0], [567200.0, 4899820.0], [567200.0, 4899800.0], [567190.0, 4899800.0], [567190.0, 4899790.0], [567180.0, 4899790.0], [567180.0, 4899780.0], [567170.0, 4899780.0], [567170.0, 4899770.0], [567160.0, 4899770.0], [567160.0, 4899760.0], [567150.0, 4899760.0], [567150.0, 4899660.0], [567160.0, 4899660.0], [567160.0, 4899650.0], [567170.0, 4899650.0], [567170.0, 4899640.0], [567180.0, 4899640.0], [567180.0, 4899630.0], [567190.0, 4899630.0], [567190.0, 4899620.0], [567200.0, 4899620.0], [567200.0, 4899610.0], [567210.0, 4899610.0], [567210.0, 4899600.0], [567220.0, 4899600.0], [567220.0, 4899590.0], [567230.0, 4899590.0], [567230.0, 4899580.0], [567240.0, 4899580.0], [567240.0, 4899570.0], [567250.0, 4899570.0], [567250.0, 4899560.0], [567260.0, 4899560.0], [567260.0, 4899540.0], [567270.0, 4899540.0], [567270.0, 4899530.0], [567280.0, 4899530.0], [567280.0, 4899520.0], [567290.0, 4899520.0], [567290.0, 4899510.0], [567280.0, 4899510.0], [567280.0, 4899490.0], [567270.0, 4899490.0], [567270.0, 4899460.0], [567260.0, 4899460.0], [567260.0, 4899440.0], [567250.0, 4899440.0], [567250.0, 4899430.0], [567240.0, 4899430.0], [567240.0, 4899200.0], [567250.0, 4899200.0], [567250.0, 4899130.0], [567240.0, 4899130.0], [567240.0, 4899070.0], [567250.0, 4899070.0], [567250.0, 4899050.0], [567260.0, 4899050.0], [567260.0, 4899040.0], [567270.0, 4899040.0], [567270.0, 4899030.0], [567260.0, 4899030.0], [567260.0, 4898910.0], [567270.0, 4898910.0], [567270.0, 4898850.0], [567260.0, 4898850.0], [567260.0, 4898780.0], [567250.0, 4898780.0], [567250.0, 4898760.0], [567240.0, 4898760.0], [567240.0, 4898730.0], [567230.0, 4898730.0], [567230.0, 4898710.0], [567220.0, 4898710.0], [567220.0, 4898680.0], [567210.0, 4898680.0], [567210.0, 4898660.0], [567200.0, 4898660.0], [567200.0, 4898650.0], [567190.0, 4898650.0], [567190.0, 4898620.0], [567180.0, 4898620.0], [567180.0, 4898580.0], [567170.0, 4898580.0], [567170.0, 4898550.0], [567160.0, 4898550.0], [567160.0, 4898540.0], [567150.0, 4898540.0], [567150.0, 4898520.0], [567140.0, 4898520.0], [567140.0, 4898480.0], [567130.0, 4898480.0], [567130.0, 4898460.0], [567120.0, 4898460.0], [567120.0, 4898440.0], [567100.0, 4898440.0], [567100.0, 4898430.0], [567080.0, 4898430.0], [567080.0, 4898420.0], [567060.0, 4898420.0], [567060.0, 4898410.0], [567040.0, 4898410.0], [567040.0, 4898400.0], [567030.0, 4898400.0], [567030.0, 4898390.0], [567020.0, 4898390.0], [567020.0, 4898380.0], [567010.0, 4898380.0], [567010.0, 4898330.0], [567020.0, 4898330.0], [567020.0, 4898320.0], [567030.0, 4898320.0], [567030.0, 4898250.0], [567040.0, 4898250.0], [567040.0, 4898240.0], [567050.0, 4898240.0], [567050.0, 4898200.0], [567040.0, 4898200.0], [567040.0, 4898190.0], [567030.0, 4898190.0], [567030.0, 4898180.0], [567020.0, 4898180.0], [567020.0, 4898130.0], [567010.0, 4898130.0], [567010.0, 4898120.0], [567000.0, 4898120.0], [567000.0, 4898110.0], [566990.0, 4898110.0], [566990.0, 4898100.0], [566980.0, 4898100.0], [566980.0, 4898090.0], [566970.0, 4898090.0], [566970.0, 4898060.0], [566960.0, 4898060.0], [566960.0, 4898050.0], [566940.0, 4898050.0], [566940.0, 4898040.0], [566930.0, 4898040.0], [566930.0, 4898030.0], [566920.0, 4898030.0], [566920.0, 4898020.0], [566910.0, 4898020.0], [566910.0, 4898010.0], [566900.0, 4898010.0], [566900.0, 4898000.0], [566890.0, 4898000.0], [566890.0, 4897990.0], [566880.0, 4897990.0], [566880.0, 4897980.0], [566870.0, 4897980.0], [566870.0, 4897960.0], [566850.0, 4897960.0], [566850.0, 4897950.0], [566840.0, 4897950.0], [566840.0, 4897940.0], [566830.0, 4897940.0], [566830.0, 4897930.0], [566810.0, 4897930.0], [566810.0, 4897910.0], [566800.0, 4897910.0], [566800.0, 4897900.0], [566790.0, 4897900.0], [566790.0, 4897890.0], [566780.0, 4897890.0], [566780.0, 4897880.0], [566770.0, 4897880.0], [566770.0, 4897870.0], [566750.0, 4897870.0], [566750.0, 4897860.0], [566710.0, 4897860.0], [566710.0, 4897850.0], [566700.0, 4897850.0], [566700.0, 4897840.0], [566680.0, 4897840.0], [566680.0, 4897830.0], [566670.0, 4897830.0], [566670.0, 4897820.0], [566650.0, 4897820.0], [566650.0, 4897810.0], [566620.0, 4897810.0], [566620.0, 4897800.0], [566600.0, 4897800.0], [566600.0, 4897790.0], [566590.0, 4897790.0], [566590.0, 4897780.0], [566580.0, 4897780.0], [566580.0, 4897770.0], [566570.0, 4897770.0], [566570.0, 4897760.0], [566560.0, 4897760.0], [566560.0, 4897750.0], [566550.0, 4897750.0], [566550.0, 4897730.0], [566540.0, 4897730.0], [566540.0, 4897700.0], [566530.0, 4897700.0], [566530.0, 4897680.0], [566520.0, 4897680.0], [566520.0, 4897620.0], [566510.0, 4897620.0], [566510.0, 4897610.0], [566500.0, 4897610.0], [566500.0, 4897590.0], [566490.0, 4897590.0], [566490.0, 4897570.0], [566480.0, 4897570.0], [566480.0, 4897560.0], [566470.0, 4897560.0], [566470.0, 4897550.0], [566460.0, 4897550.0], [566460.0, 4897540.0], [566450.0, 4897540.0], [566450.0, 4897510.0], [566440.0, 4897510.0], [566440.0, 4897490.0], [566420.0, 4897490.0], [566420.0, 4897480.0], [566410.0, 4897480.0], [566410.0, 4897450.0], [566400.0, 4897450.0], [566400.0, 4897440.0], [566390.0, 4897440.0], [566390.0, 4897430.0], [566350.0, 4897430.0], [566350.0, 4897420.0], [566310.0, 4897420.0], [566310.0, 4897410.0], [566300.0, 4897410.0], [566300.0, 4897400.0], [566290.0, 4897400.0], [566290.0, 4897390.0], [566280.0, 4897390.0], [566280.0, 4897370.0], [566270.0, 4897370.0], [566270.0, 4897360.0], [566260.0, 4897360.0], [566260.0, 4897350.0], [566250.0, 4897350.0], [566250.0, 4897340.0], [566230.0, 4897340.0], [566230.0, 4897330.0], [566210.0, 4897330.0], [566210.0, 4897320.0], [566200.0, 4897320.0], [566200.0, 4897310.0], [566180.0, 4897310.0], [566180.0, 4897290.0], [566170.0, 4897290.0], [566170.0, 4897270.0], [566160.0, 4897270.0], [566160.0, 4897260.0], [566150.0, 4897260.0], [566150.0, 4897250.0], [566140.0, 4897250.0], [566140.0, 4897240.0], [566130.0, 4897240.0], [566130.0, 4897230.0], [566120.0, 4897230.0], [566120.0, 4897220.0], [566110.0, 4897220.0], [566110.0, 4897210.0], [566100.0, 4897210.0], [566100.0, 4897200.0], [566090.0, 4897200.0], [566090.0, 4897170.0], [566080.0, 4897170.0], [566080.0, 4897160.0], [566070.0, 4897160.0], [566070.0, 4897150.0], [566050.0, 4897150.0], [566050.0, 4897140.0], [566040.0, 4897140.0], [566040.0, 4897130.0], [566010.0, 4897130.0], [566010.0, 4897120.0], [565990.0, 4897120.0], [565990.0, 4897110.0], [565970.0, 4897110.0], [565970.0, 4897100.0], [565960.0, 4897100.0], [565960.0, 4897060.0], [565950.0, 4897060.0], [565950.0, 4897040.0], [565940.0, 4897040.0], [565940.0, 4897010.0], [565930.0, 4897010.0], [565930.0, 4896990.0], [565920.0, 4896990.0], [565920.0, 4896980.0], [565910.0, 4896980.0], [565910.0, 4896930.0], [565900.0, 4896930.0], [565900.0, 4896910.0], [565890.0, 4896910.0], [565890.0, 4896900.0], [565880.0, 4896900.0], [565880.0, 4896850.0], [565870.0, 4896850.0], [565870.0, 4896830.0], [565860.0, 4896830.0], [565860.0, 4896820.0], [565850.0, 4896820.0], [565850.0, 4896810.0], [565840.0, 4896810.0], [565840.0, 4896780.0], [565830.0, 4896780.0], [565830.0, 4896760.0], [565820.0, 4896760.0], [565820.0, 4896750.0], [565810.0, 4896750.0], [565810.0, 4896740.0], [565800.0, 4896740.0], [565800.0, 4896730.0], [565790.0, 4896730.0], [565790.0, 4896710.0], [565780.0, 4896710.0], [565780.0, 4896700.0], [565770.0, 4896700.0], [565770.0, 4896680.0], [565760.0, 4896680.0], [565760.0, 4896660.0], [565750.0, 4896660.0], [565750.0, 4896650.0], [565740.0, 4896650.0], [565740.0, 4896630.0], [565730.0, 4896630.0], [565730.0, 4896610.0], [565720.0, 4896610.0], [565720.0, 4896580.0], [565710.0, 4896580.0], [565710.0, 4896560.0], [565700.0, 4896560.0], [565700.0, 4896540.0], [565690.0, 4896540.0], [565690.0, 4896520.0], [565680.0, 4896520.0], [565680.0, 4896510.0], [565670.0, 4896510.0], [565670.0, 4896490.0], [565660.0, 4896490.0], [565660.0, 4896480.0], [565650.0, 4896480.0], [565650.0, 4896470.0], [565640.0, 4896470.0], [565640.0, 4896460.0], [565630.0, 4896460.0], [565630.0, 4896440.0], [565620.0, 4896440.0], [565620.0, 4896420.0], [565610.0, 4896420.0], [565610.0, 4896410.0], [565600.0, 4896410.0], [565600.0, 4896400.0], [565590.0, 4896400.0], [565590.0, 4896390.0], [565580.0, 4896390.0], [565580.0, 4896380.0], [565570.0, 4896380.0], [565570.0, 4896360.0], [565560.0, 4896360.0], [565560.0, 4896330.0], [565550.0, 4896330.0], [565550.0, 4896310.0], [565540.0, 4896310.0], [565540.0, 4896290.0], [565530.0, 4896290.0], [565530.0, 4896280.0], [565520.0, 4896280.0], [565520.0, 4896260.0], [565510.0, 4896260.0], [565510.0, 4896250.0], [565500.0, 4896250.0], [565500.0, 4896240.0], [565480.0, 4896240.0], [565480.0, 4896230.0], [565470.0, 4896230.0], [565470.0, 4896220.0], [565450.0, 4896220.0], [565450.0, 4896210.0], [565420.0, 4896210.0], [565420.0, 4896200.0], [565390.0, 4896200.0], [565390.0, 4896190.0], [565380.0, 4896190.0], [565380.0, 4896180.0], [565370.0, 4896180.0], [565370.0, 4896170.0], [565360.0, 4896170.0], [565360.0, 4896160.0], [565350.0, 4896160.0], [565350.0, 4896150.0], [565340.0, 4896150.0], [565340.0, 4896140.0], [565330.0, 4896140.0], [565330.0, 4896130.0], [565320.0, 4896130.0], [565320.0, 4896120.0], [565300.0, 4896120.0], [565300.0, 4896110.0], [565290.0, 4896110.0], [565290.0, 4896100.0], [565280.0, 4896100.0], [565280.0, 4896090.0], [565260.0, 4896090.0], [565260.0, 4896080.0], [565240.0, 4896080.0], [565240.0, 4896070.0], [565230.0, 4896070.0], [565230.0, 4896060.0], [565220.0, 4896060.0], [565220.0, 4896050.0], [565200.0, 4896050.0], [565200.0, 4896040.0], [565170.0, 4896040.0], [565170.0, 4896030.0], [565150.0, 4896030.0], [565150.0, 4896020.0], [565130.0, 4896020.0], [565130.0, 4896010.0], [565010.0, 4896010.0], [565010.0, 4896000.0], [564990.0, 4896000.0], [564990.0, 4895990.0], [564950.0, 4895990.0], [564950.0, 4895980.0], [564910.0, 4895980.0], [564910.0, 4895970.0], [564870.0, 4895970.0], [564870.0, 4895960.0], [564830.0, 4895960.0], [564830.0, 4895950.0], [564810.0, 4895950.0], [564810.0, 4895940.0], [564800.0, 4895940.0], [564800.0, 4895930.0], [564790.0, 4895930.0], [564790.0, 4895920.0], [564780.0, 4895920.0], [564780.0, 4895910.0], [564770.0, 4895910.0], [564770.0, 4895900.0], [564760.0, 4895900.0], [564760.0, 4895840.0], [564750.0, 4895840.0], [564750.0, 4895760.0], [564740.0, 4895760.0], [564740.0, 4895730.0], [564730.0, 4895730.0], [564730.0, 4895710.0], [564720.0, 4895710.0], [564720.0, 4895690.0], [564710.0, 4895690.0], [564710.0, 4895670.0], [564700.0, 4895670.0], [564700.0, 4895660.0], [564690.0, 4895660.0], [564690.0, 4895650.0], [564680.0, 4895650.0], [564680.0, 4895640.0], [564660.0, 4895640.0], [564660.0, 4895630.0], [564650.0, 4895630.0], [564650.0, 4895620.0], [564630.0, 4895620.0], [564630.0, 4895610.0], [564640.0, 4895610.0], [564640.0, 4895600.0], [564650.0, 4895600.0], [564650.0, 4895580.0], [564660.0, 4895580.0], [564660.0, 4895570.0], [564670.0, 4895570.0], [564670.0, 4895560.0], [564680.0, 4895560.0], [564680.0, 4895550.0], [564690.0, 4895550.0], [564690.0, 4895540.0], [564700.0, 4895540.0], [564700.0, 4895530.0], [564710.0, 4895530.0], [564710.0, 4895520.0], [564720.0, 4895520.0], [564720.0, 4895510.0], [564730.0, 4895510.0], [564730.0, 4895500.0], [564740.0, 4895500.0], [564740.0, 4895490.0], [564750.0, 4895490.0], [564750.0, 4895480.0], [564760.0, 4895480.0], [564760.0, 4895470.0], [564780.0, 4895470.0], [564780.0, 4895460.0], [564790.0, 4895460.0], [564790.0, 4895450.0], [564810.0, 4895450.0], [564810.0, 4895440.0], [564830.0, 4895440.0], [564830.0, 4895430.0], [564870.0, 4895430.0], [564870.0, 4895420.0], [564920.0, 4895420.0], [564920.0, 4895410.0], [564950.0, 4895410.0], [564950.0, 4895400.0], [564980.0, 4895400.0], [564980.0, 4895390.0], [564990.0, 4895390.0], [564990.0, 4895380.0], [565000.0, 4895380.0], [565000.0, 4895370.0], [565020.0, 4895370.0], [565020.0, 4895360.0], [565070.0, 4895360.0], [565070.0, 4895350.0], [565210.0, 4895350.0], [565210.0, 4895330.0], [565220.0, 4895330.0], [565220.0, 4895320.0], [565230.0, 4895320.0], [565230.0, 4895310.0], [565240.0, 4895310.0], [565240.0, 4895300.0], [565260.0, 4895300.0], [565260.0, 4895290.0], [565270.0, 4895290.0], [565270.0, 4895280.0], [565300.0, 4895280.0], [565300.0, 4895270.0], [565350.0, 4895270.0], [565350.0, 4895260.0], [565390.0, 4895260.0], [565390.0, 4895250.0], [565430.0, 4895250.0], [565430.0, 4895240.0], [565460.0, 4895240.0], [565460.0, 4895230.0], [565480.0, 4895230.0], [565480.0, 4895220.0], [565490.0, 4895220.0], [565490.0, 4895210.0], [565500.0, 4895210.0], [565500.0, 4895200.0], [565520.0, 4895200.0], [565520.0, 4895190.0], [565540.0, 4895190.0], [565540.0, 4895180.0], [565550.0, 4895180.0], [565550.0, 4895170.0], [565570.0, 4895170.0], [565570.0, 4895160.0], [565590.0, 4895160.0], [565590.0, 4895150.0], [565600.0, 4895150.0], [565600.0, 4895140.0], [565620.0, 4895140.0], [565620.0, 4895130.0], [565660.0, 4895130.0], [565660.0, 4895120.0], [565690.0, 4895120.0], [565690.0, 4895110.0], [565720.0, 4895110.0], [565720.0, 4895100.0], [565850.0, 4895100.0], [565850.0, 4895090.0], [565880.0, 4895090.0], [565880.0, 4895100.0], [565940.0, 4895100.0], [565940.0, 4895090.0], [565960.0, 4895090.0], [565960.0, 4895100.0], [565990.0, 4895100.0], [565990.0, 4895090.0], [566000.0, 4895090.0], [566000.0, 4895080.0], [566020.0, 4895080.0], [566020.0, 4895070.0], [566030.0, 4895070.0], [566030.0, 4895060.0], [566040.0, 4895060.0], [566040.0, 4895040.0], [566050.0, 4895040.0], [566050.0, 4895030.0], [566060.0, 4895030.0], [566060.0, 4895020.0], [566070.0, 4895020.0], [566070.0, 4895010.0], [566080.0, 4895010.0], [566080.0, 4894990.0], [566090.0, 4894990.0], [566090.0, 4894970.0], [566100.0, 4894970.0], [566100.0, 4894960.0], [566110.0, 4894960.0], [566110.0, 4894950.0], [566120.0, 4894950.0], [566120.0, 4894940.0], [566130.0, 4894940.0], [566130.0, 4894930.0], [566140.0, 4894930.0], [566140.0, 4894920.0], [566150.0, 4894920.0], [566150.0, 4894910.0], [566170.0, 4894910.0], [566170.0, 4894890.0], [566190.0, 4894890.0], [566190.0, 4894880.0], [566200.0, 4894880.0], [566200.0, 4894870.0], [566210.0, 4894870.0], [566210.0, 4894860.0], [566220.0, 4894860.0], [566220.0, 4894850.0], [566230.0, 4894850.0], [566230.0, 4894840.0], [566240.0, 4894840.0], [566240.0, 4894820.0], [566250.0, 4894820.0], [566250.0, 4894800.0], [566260.0, 4894800.0], [566260.0, 4894790.0], [566280.0, 4894790.0], [566280.0, 4894780.0], [566290.0, 4894780.0], [566290.0, 4894760.0], [566300.0, 4894760.0], [566300.0, 4894750.0], [566310.0, 4894750.0], [566310.0, 4894740.0], [566320.0, 4894740.0], [566320.0, 4894730.0], [566330.0, 4894730.0], [566330.0, 4894720.0], [566350.0, 4894720.0], [566350.0, 4894710.0], [566360.0, 4894710.0], [566360.0, 4894700.0], [566370.0, 4894700.0], [566370.0, 4894690.0], [566380.0, 4894690.0], [566380.0, 4894680.0], [566390.0, 4894680.0], [566390.0, 4894670.0], [566400.0, 4894670.0], [566400.0, 4894660.0], [566410.0, 4894660.0], [566410.0, 4894650.0], [566420.0, 4894650.0], [566420.0, 4894640.0], [566430.0, 4894640.0], [566430.0, 4894630.0], [566440.0, 4894630.0], [566440.0, 4894620.0], [566460.0, 4894620.0], [566460.0, 4894610.0], [566520.0, 4894610.0], [566520.0, 4894600.0], [566550.0, 4894600.0], [566550.0, 4894610.0], [566560.0, 4894610.0], [566560.0, 4894620.0], [566580.0, 4894620.0], [566580.0, 4894630.0], [566600.0, 4894630.0], [566600.0, 4894640.0], [566620.0, 4894640.0], [566620.0, 4894660.0], [566630.0, 4894660.0], [566630.0, 4894670.0], [566660.0, 4894670.0], [566660.0, 4894680.0], [566670.0, 4894680.0], [566670.0, 4894690.0], [566690.0, 4894690.0], [566690.0, 4894700.0], [566710.0, 4894700.0], [566710.0, 4894710.0], [566750.0, 4894710.0], [566750.0, 4894720.0], [566770.0, 4894720.0], [566770.0, 4894730.0], [566800.0, 4894730.0], [566800.0, 4894740.0], [566830.0, 4894740.0], [566830.0, 4894750.0], [566840.0, 4894750.0], [566840.0, 4894760.0], [566860.0, 4894760.0], [566860.0, 4894770.0], [566880.0, 4894770.0], [566880.0, 4894780.0], [566900.0, 4894780.0], [566900.0, 4894790.0], [566920.0, 4894790.0], [566920.0, 4894800.0], [566940.0, 4894800.0], [566940.0, 4894810.0], [566960.0, 4894810.0], [566960.0, 4894820.0], [566980.0, 4894820.0], [566980.0, 4894830.0], [567000.0, 4894830.0], [567000.0, 4894840.0], [567010.0, 4894840.0], [567010.0, 4894850.0], [567110.0, 4894850.0], [567110.0, 4894840.0], [567290.0, 4894840.0], [567290.0, 4894850.0], [567300.0, 4894850.0], [567300.0, 4894860.0], [567310.0, 4894860.0], [567310.0, 4894870.0], [567330.0, 4894870.0], [567330.0, 4894880.0], [567340.0, 4894880.0], [567340.0, 4894890.0], [567370.0, 4894890.0], [567370.0, 4894900.0], [567460.0, 4894900.0], [567460.0, 4894910.0], [567490.0, 4894910.0], [567490.0, 4894920.0], [567530.0, 4894920.0], [567530.0, 4894930.0], [567540.0, 4894930.0], [567540.0, 4894940.0], [567560.0, 4894940.0], [567560.0, 4894950.0], [567580.0, 4894950.0], [567580.0, 4894960.0], [567660.0, 4894960.0], [567660.0, 4894950.0], [567710.0, 4894950.0], [567710.0, 4894940.0], [567750.0, 4894940.0], [567750.0, 4894930.0], [567780.0, 4894930.0], [567780.0, 4894920.0], [567790.0, 4894920.0], [567790.0, 4894910.0], [567800.0, 4894910.0], [567800.0, 4894900.0], [567810.0, 4894900.0], [567810.0, 4894890.0], [567830.0, 4894890.0], [567830.0, 4894880.0], [567850.0, 4894880.0], [567850.0, 4894870.0], [567870.0, 4894870.0], [567870.0, 4894860.0], [567880.0, 4894860.0], [567880.0, 4894850.0], [567900.0, 4894850.0], [567900.0, 4894840.0], [567920.0, 4894840.0], [567920.0, 4894830.0], [567950.0, 4894830.0], [567950.0, 4894820.0], [567980.0, 4894820.0], [567980.0, 4894810.0], [568000.0, 4894810.0], [568000.0, 4894800.0], [568030.0, 4894800.0], [568030.0, 4894790.0], [568090.0, 4894790.0], [568090.0, 4894800.0], [568100.0, 4894800.0], [568100.0, 4894810.0], [568110.0, 4894810.0], [568110.0, 4894820.0], [568130.0, 4894820.0], [568130.0, 4894830.0], [568140.0, 4894830.0], [568140.0, 4894840.0], [568160.0, 4894840.0], [568160.0, 4894850.0], [568170.0, 4894850.0], [568170.0, 4894860.0], [568180.0, 4894860.0], [568180.0, 4894870.0], [568190.0, 4894870.0], [568190.0, 4894880.0], [568200.0, 4894880.0], [568200.0, 4894890.0], [568210.0, 4894890.0], [568210.0, 4894900.0], [568230.0, 4894900.0], [568230.0, 4894910.0], [568240.0, 4894910.0], [568240.0, 4894920.0], [568260.0, 4894920.0], [568260.0, 4894930.0], [568290.0, 4894930.0], [568290.0, 4894940.0], [568310.0, 4894940.0], [568310.0, 4894950.0], [568330.0, 4894950.0], [568330.0, 4894960.0], [568420.0, 4894960.0], [568420.0, 4894950.0], [568440.0, 4894950.0], [568440.0, 4894940.0], [568460.0, 4894940.0], [568460.0, 4894930.0], [568480.0, 4894930.0], [568480.0, 4894920.0], [568490.0, 4894920.0], [568490.0, 4894910.0], [568500.0, 4894910.0], [568500.0, 4894900.0], [568510.0, 4894900.0], [568510.0, 4894890.0], [568520.0, 4894890.0], [568520.0, 4894870.0], [568530.0, 4894870.0], [568530.0, 4894860.0], [568540.0, 4894860.0], [568540.0, 4894850.0], [568550.0, 4894850.0], [568550.0, 4894840.0], [568560.0, 4894840.0], [568560.0, 4894830.0], [568570.0, 4894830.0], [568570.0, 4894820.0], [568580.0, 4894820.0], [568580.0, 4894800.0], [568590.0, 4894800.0], [568590.0, 4894780.0], [568600.0, 4894780.0], [568600.0, 4894750.0], [568620.0, 4894750.0], [568620.0, 4894760.0], [568630.0, 4894760.0], [568630.0, 4894770.0], [568640.0, 4894770.0], [568640.0, 4894780.0], [568660.0, 4894780.0], [568660.0, 4894790.0], [568710.0, 4894790.0], [568710.0, 4894800.0], [568730.0, 4894800.0], [568730.0, 4894810.0], [568750.0, 4894810.0], [568750.0, 4894820.0], [568760.0, 4894820.0], [568760.0, 4894830.0], [568770.0, 4894830.0], [568770.0, 4894840.0], [568790.0, 4894840.0], [568790.0, 4894850.0], [568820.0, 4894850.0], [568820.0, 4894860.0], [568850.0, 4894860.0], [568850.0, 4894870.0], [568860.0, 4894870.0], [568860.0, 4894880.0], [568880.0, 4894880.0], [568880.0, 4894890.0], [568890.0, 4894890.0], [568890.0, 4894900.0], [568900.0, 4894900.0], [568900.0, 4894910.0], [568930.0, 4894910.0], [568930.0, 4894920.0], [568940.0, 4894920.0], [568940.0, 4894930.0], [568960.0, 4894930.0], [568960.0, 4894940.0], [568970.0, 4894940.0], [568970.0, 4894950.0], [568980.0, 4894950.0], [568980.0, 4894960.0], [569010.0, 4894960.0], [569010.0, 4894970.0], [569070.0, 4894970.0], [569070.0, 4894980.0], [569220.0, 4894980.0], [569220.0, 4894970.0], [569240.0, 4894970.0], [569240.0, 4894960.0], [569260.0, 4894960.0], [569260.0, 4894950.0], [569280.0, 4894950.0], [569280.0, 4894940.0], [569300.0, 4894940.0], [569300.0, 4894930.0], [569320.0, 4894930.0], [569320.0, 4894920.0], [569340.0, 4894920.0], [569340.0, 4894910.0], [569350.0, 4894910.0], [569350.0, 4894900.0], [569360.0, 4894900.0], [569360.0, 4894890.0], [569370.0, 4894890.0], [569370.0, 4894880.0], [569380.0, 4894880.0], [569380.0, 4894870.0], [569400.0, 4894870.0], [569400.0, 4894860.0], [569420.0, 4894860.0], [569420.0, 4894850.0], [569450.0, 4894850.0], [569450.0, 4894840.0], [569470.0, 4894840.0], [569470.0, 4894850.0], [569500.0, 4894850.0], [569500.0, 4894860.0], [569530.0, 4894860.0], [569530.0, 4894870.0], [569550.0, 4894870.0], [569550.0, 4894880.0], [569560.0, 4894880.0], [569560.0, 4894890.0], [569570.0, 4894890.0], [569570.0, 4894900.0], [569580.0, 4894900.0], [569580.0, 4894910.0], [569600.0, 4894910.0], [569600.0, 4894920.0], [569690.0, 4894920.0], [569690.0, 4894910.0], [569730.0, 4894910.0], [569730.0, 4894900.0], [569780.0, 4894900.0], [569780.0, 4894890.0], [569840.0, 4894890.0], [569840.0, 4894880.0], [569870.0, 4894880.0], [569870.0, 4894870.0], [569930.0, 4894870.0], [569930.0, 4894880.0], [569960.0, 4894880.0], [569960.0, 4894890.0], [569980.0, 4894890.0], [569980.0, 4894900.0], [570030.0, 4894900.0], [570030.0, 4894910.0], [570090.0, 4894910.0], [570090.0, 4894900.0], [570140.0, 4894900.0], [570140.0, 4894890.0], [570180.0, 4894890.0], [570180.0, 4894880.0], [570210.0, 4894880.0], [570210.0, 4894870.0], [570230.0, 4894870.0], [570230.0, 4894860.0], [570250.0, 4894860.0], [570250.0, 4894850.0], [570260.0, 4894850.0], [570260.0, 4894840.0], [570280.0, 4894840.0], [570280.0, 4894830.0], [570290.0, 4894830.0], [570290.0, 4894840.0], [570340.0, 4894840.0], [570340.0, 4894850.0], [570370.0, 4894850.0], [570370.0, 4894860.0], [570460.0, 4894860.0], [570460.0, 4894870.0], [570540.0, 4894870.0], [570540.0, 4894860.0], [570570.0, 4894860.0], [570570.0, 4894850.0], [570590.0, 4894850.0], [570590.0, 4894840.0], [570610.0, 4894840.0], [570610.0, 4894830.0], [570630.0, 4894830.0], [570630.0, 4894820.0], [570690.0, 4894820.0], [570690.0, 4894810.0], [570710.0, 4894810.0], [570710.0, 4894800.0], [570730.0, 4894800.0], [570730.0, 4894790.0], [570760.0, 4894790.0], [570760.0, 4894800.0], [570770.0, 4894800.0], [570770.0, 4894810.0], [570780.0, 4894810.0], [570780.0, 4894820.0], [570790.0, 4894820.0], [570790.0, 4894830.0], [570840.0, 4894830.0], [570840.0, 4894840.0], [570860.0, 4894840.0], [570860.0, 4894850.0], [570880.0, 4894850.0], [570880.0, 4894860.0], [570940.0, 4894860.0], [570940.0, 4894870.0], [570950.0, 4894870.0], [570950.0, 4894880.0], [570960.0, 4894880.0], [570960.0, 4894890.0], [570980.0, 4894890.0], [570980.0, 4894900.0], [570990.0, 4894900.0], [570990.0, 4894910.0], [571010.0, 4894910.0], [571010.0, 4894920.0], [571030.0, 4894920.0], [571030.0, 4894930.0], [571060.0, 4894930.0], [571060.0, 4894940.0], [571100.0, 4894940.0], [571100.0, 4894950.0], [571230.0, 4894950.0], [571230.0, 4894960.0], [571240.0, 4894960.0], [571240.0, 4894970.0], [571250.0, 4894970.0], [571250.0, 4894980.0], [571260.0, 4894980.0], [571260.0, 4895000.0], [571270.0, 4895000.0], [571270.0, 4895010.0], [571280.0, 4895010.0], [571280.0, 4895030.0], [571290.0, 4895030.0], [571290.0, 4895050.0], [571300.0, 4895050.0], [571300.0, 4895060.0], [571310.0, 4895060.0], [571310.0, 4895070.0], [571320.0, 4895070.0], [571320.0, 4895080.0], [571340.0, 4895080.0], [571340.0, 4895090.0], [571350.0, 4895090.0], [571350.0, 4895100.0], [571360.0, 4895100.0], [571360.0, 4895220.0], [571370.0, 4895220.0], [571370.0, 4895250.0], [571380.0, 4895250.0], [571380.0, 4895270.0], [571390.0, 4895270.0], [571390.0, 4895370.0], [571380.0, 4895370.0], [571380.0, 4895410.0], [571390.0, 4895410.0], [571390.0, 4895420.0], [571400.0, 4895420.0], [571400.0, 4895440.0], [571410.0, 4895440.0], [571410.0, 4895450.0], [571420.0, 4895450.0], [571420.0, 4895460.0], [571430.0, 4895460.0], [571430.0, 4895470.0], [571440.0, 4895470.0], [571440.0, 4895480.0], [571450.0, 4895480.0], [571450.0, 4895490.0], [571470.0, 4895490.0], [571470.0, 4895500.0], [571490.0, 4895500.0], [571490.0, 4895510.0], [571500.0, 4895510.0], [571500.0, 4895520.0], [571510.0, 4895520.0], [571510.0, 4895530.0], [571530.0, 4895530.0], [571530.0, 4895540.0], [571540.0, 4895540.0], [571540.0, 4895550.0], [571550.0, 4895550.0], [571550.0, 4895560.0], [571560.0, 4895560.0], [571560.0, 4895570.0], [571570.0, 4895570.0], [571570.0, 4895580.0], [571580.0, 4895580.0], [571580.0, 4895590.0], [571590.0, 4895590.0], [571590.0, 4895600.0], [571600.0, 4895600.0], [571600.0, 4895630.0], [571610.0, 4895630.0], [571610.0, 4895640.0], [571620.0, 4895640.0], [571620.0, 4895650.0], [571630.0, 4895650.0], [571630.0, 4895660.0], [571640.0, 4895660.0], [571640.0, 4895680.0], [571650.0, 4895680.0], [571650.0, 4895690.0], [571660.0, 4895690.0], [571660.0, 4895700.0], [571670.0, 4895700.0], [571670.0, 4895710.0], [571680.0, 4895710.0], [571680.0, 4895720.0], [571690.0, 4895720.0], [571690.0, 4895730.0], [571700.0, 4895730.0], [571700.0, 4895740.0], [571710.0, 4895740.0], [571710.0, 4895750.0], [571720.0, 4895750.0], [571720.0, 4895760.0], [571730.0, 4895760.0], [571730.0, 4895770.0], [571740.0, 4895770.0], [571740.0, 4895780.0], [571750.0, 4895780.0], [571750.0, 4895790.0], [571760.0, 4895790.0], [571760.0, 4895800.0], [571770.0, 4895800.0], [571770.0, 4895830.0], [571760.0, 4895830.0], [571760.0, 4895860.0], [571750.0, 4895860.0], [571750.0, 4895880.0], [571740.0, 4895880.0], [571740.0, 4895900.0], [571730.0, 4895900.0], [571730.0, 4895930.0], [571720.0, 4895930.0], [571720.0, 4895980.0], [571710.0, 4895980.0], [571710.0, 4896030.0], [571700.0, 4896030.0], [571700.0, 4896060.0], [571690.0, 4896060.0], [571690.0, 4896130.0], [571680.0, 4896130.0], [571680.0, 4896260.0], [571670.0, 4896260.0], [571670.0, 4896270.0], [571660.0, 4896270.0], [571660.0, 4896290.0], [571650.0, 4896290.0], [571650.0, 4896300.0], [571640.0, 4896300.0], [571640.0, 4896310.0], [571630.0, 4896310.0], [571630.0, 4896330.0], [571620.0, 4896330.0], [571620.0, 4896410.0], [571610.0, 4896410.0], [571610.0, 4896450.0], [571600.0, 4896450.0], [571600.0, 4896490.0], [571590.0, 4896490.0], [571590.0, 4896520.0], [571580.0, 4896520.0], [571580.0, 4896560.0], [571590.0, 4896560.0], [571590.0, 4896580.0], [571580.0, 4896580.0], [571580.0, 4896630.0], [571570.0, 4896630.0], [571570.0, 4896800.0], [571560.0, 4896800.0], [571560.0, 4896810.0], [571540.0, 4896810.0], [571540.0, 4896820.0], [571530.0, 4896820.0], [571530.0, 4896830.0], [571510.0, 4896830.0], [571510.0, 4896840.0], [571500.0, 4896840.0], [571500.0, 4896860.0], [571490.0, 4896860.0], [571490.0, 4896870.0], [571480.0, 4896870.0], [571480.0, 4896890.0], [571470.0, 4896890.0], [571470.0, 4896910.0], [571460.0, 4896910.0], [571460.0, 4896940.0], [571450.0, 4896940.0], [571450.0, 4896960.0], [571440.0, 4896960.0], [571440.0, 4896980.0], [571430.0, 4896980.0], [571430.0, 4897000.0], [571420.0, 4897000.0], [571420.0, 4897030.0], [571410.0, 4897030.0], [571410.0, 4897170.0], [571420.0, 4897170.0], [571420.0, 4897210.0], [571410.0, 4897210.0], [571410.0, 4897280.0], [571400.0, 4897280.0], [571400.0, 4897290.0], [571390.0, 4897290.0], [571390.0, 4897340.0], [571400.0, 4897340.0], [571400.0, 4897400.0], [571410.0, 4897400.0], [571410.0, 4897450.0], [571420.0, 4897450.0], [571420.0, 4897460.0], [571430.0, 4897460.0], [571430.0, 4897480.0], [571440.0, 4897480.0], [571440.0, 4897490.0], [571450.0, 4897490.0], [571450.0, 4897590.0], [571460.0, 4897590.0], [571460.0, 4897630.0], [571450.0, 4897630.0], [571450.0, 4897640.0], [571430.0, 4897640.0], [571430.0, 4897650.0], [571420.0, 4897650.0], [571420.0, 4897660.0], [571410.0, 4897660.0], [571410.0, 4897670.0], [571400.0, 4897670.0], [571400.0, 4897680.0], [571390.0, 4897680.0], [571390.0, 4897690.0], [571380.0, 4897690.0], [571380.0, 4897710.0], [571370.0, 4897710.0], [571370.0, 4897720.0], [571360.0, 4897720.0], [571360.0, 4897730.0], [571350.0, 4897730.0], [571350.0, 4897740.0], [571340.0, 4897740.0], [571340.0, 4897750.0], [571330.0, 4897750.0], [571330.0, 4897760.0], [571320.0, 4897760.0], [571320.0, 4897860.0], [571330.0, 4897860.0], [571330.0, 4897880.0], [571340.0, 4897880.0], [571340.0, 4897910.0], [571350.0, 4897910.0], [571350.0, 4897940.0], [571360.0, 4897940.0], [571360.0, 4898010.0], [571370.0, 4898010.0], [571370.0, 4898060.0], [571360.0, 4898060.0], [571360.0, 4898130.0], [571350.0, 4898130.0], [571350.0, 4898150.0], [571340.0, 4898150.0], [571340.0, 4898180.0], [571330.0, 4898180.0], [571330.0, 4898280.0], [571340.0, 4898280.0], [571340.0, 4898310.0], [571330.0, 4898310.0], [571330.0, 4898330.0], [571320.0, 4898330.0], [571320.0, 4898360.0], [571310.0, 4898360.0], [571310.0, 4898430.0], [571300.0, 4898430.0], [571300.0, 4898450.0], [571290.0, 4898450.0], [571290.0, 4898460.0], [571280.0, 4898460.0], [571280.0, 4898480.0], [571270.0, 4898480.0], [571270.0, 4898490.0], [571260.0, 4898490.0], [571260.0, 4898510.0], [571250.0, 4898510.0], [571250.0, 4898520.0], [571240.0, 4898520.0], [571240.0, 4898530.0], [571230.0, 4898530.0], [571230.0, 4898540.0], [571220.0, 4898540.0], [571220.0, 4898560.0], [571210.0, 4898560.0], [571210.0, 4898570.0], [571200.0, 4898570.0], [571200.0, 4898580.0], [571190.0, 4898580.0], [571190.0, 4898590.0], [571180.0, 4898590.0], [571180.0, 4898600.0], [571170.0, 4898600.0], [571170.0, 4898620.0], [571160.0, 4898620.0], [571160.0, 4898630.0], [571150.0, 4898630.0], [571150.0, 4898640.0], [571140.0, 4898640.0], [571140.0, 4898660.0], [571130.0, 4898660.0], [571130.0, 4898680.0], [571060.0, 4898680.0], [571060.0, 4898690.0], [571030.0, 4898690.0], [571030.0, 4898700.0], [571020.0, 4898700.0], [571020.0, 4898710.0], [571000.0, 4898710.0], [571000.0, 4898720.0], [570980.0, 4898720.0], [570980.0, 4898730.0], [570970.0, 4898730.0], [570970.0, 4898740.0], [570960.0, 4898740.0], [570960.0, 4898750.0], [570950.0, 4898750.0], [570950.0, 4898760.0], [570930.0, 4898760.0], [570930.0, 4898770.0], [570920.0, 4898770.0], [570920.0, 4898780.0], [570910.0, 4898780.0], [570910.0, 4898790.0], [570900.0, 4898790.0], [570900.0, 4898800.0], [570890.0, 4898800.0], [570890.0, 4898810.0], [570880.0, 4898810.0], [570880.0, 4898820.0], [570860.0, 4898820.0], [570860.0, 4898830.0], [570850.0, 4898830.0], [570850.0, 4898840.0], [570840.0, 4898840.0], [570840.0, 4898850.0], [570830.0, 4898850.0], [570830.0, 4898860.0], [570820.0, 4898860.0], [570820.0, 4898870.0], [570810.0, 4898870.0], [570810.0, 4898880.0], [570800.0, 4898880.0], [570800.0, 4898890.0], [570780.0, 4898890.0], [570780.0, 4898900.0], [570770.0, 4898900.0], [570770.0, 4898910.0], [570750.0, 4898910.0], [570750.0, 4898920.0], [570740.0, 4898920.0], [570740.0, 4898930.0], [570730.0, 4898930.0], [570730.0, 4898940.0], [570720.0, 4898940.0], [570720.0, 4898950.0], [570700.0, 4898950.0], [570700.0, 4898960.0], [570690.0, 4898960.0], [570690.0, 4898970.0], [570680.0, 4898970.0], [570680.0, 4898980.0], [570670.0, 4898980.0], [570670.0, 4898990.0], [570660.0, 4898990.0], [570660.0, 4899000.0], [570650.0, 4899000.0], [570650.0, 4899010.0], [570640.0, 4899010.0], [570640.0, 4899020.0], [570630.0, 4899020.0], [570630.0, 4899030.0], [570620.0, 4899030.0], [570620.0, 4899040.0], [570610.0, 4899040.0], [570610.0, 4899050.0], [570590.0, 4899050.0], [570590.0, 4899060.0], [570580.0, 4899060.0], [570580.0, 4899070.0], [570550.0, 4899070.0], [570550.0, 4899080.0], [570450.0, 4899080.0], [570450.0, 4899090.0], [570130.0, 4899090.0], [570130.0, 4899100.0], [570110.0, 4899100.0], [570110.0, 4899110.0], [570070.0, 4899110.0], [570070.0, 4899120.0], [569930.0, 4899120.0], [569930.0, 4899110.0], [569840.0, 4899110.0], [569840.0, 4899120.0], [569810.0, 4899120.0], [569810.0, 4899130.0], [569800.0, 4899130.0], [569800.0, 4899140.0], [569790.0, 4899140.0], [569790.0, 4899150.0], [569780.0, 4899150.0], [569780.0, 4899160.0], [569770.0, 4899160.0], [569770.0, 4899170.0], [569760.0, 4899170.0], [569760.0, 4899180.0], [569740.0, 4899180.0], [569740.0, 4899190.0], [569730.0, 4899190.0], [569730.0, 4899200.0], [569710.0, 4899200.0], [569710.0, 4899210.0], [569700.0, 4899210.0], [569700.0, 4899220.0], [569690.0, 4899220.0], [569690.0, 4899230.0], [569680.0, 4899230.0], [569680.0, 4899250.0], [569690.0, 4899250.0], [569690.0, 4899290.0], [569700.0, 4899290.0], [569700.0, 4899320.0], [569710.0, 4899320.0], [569710.0, 4899350.0], [569720.0, 4899350.0], [569720.0, 4899370.0], [569730.0, 4899370.0], [569730.0, 4899400.0], [569740.0, 4899400.0], [569740.0, 4899420.0], [569750.0, 4899420.0], [569750.0, 4899440.0], [569760.0, 4899440.0], [569760.0, 4899490.0], [569750.0, 4899490.0], [569750.0, 4899530.0], [569770.0, 4899530.0], [569770.0, 4899570.0], [569780.0, 4899570.0], [569780.0, 4899640.0], [569770.0, 4899640.0], [569770.0, 4899750.0], [569760.0, 4899750.0], [569760.0, 4899770.0], [569750.0, 4899770.0], [569750.0, 4899860.0], [569740.0, 4899860.0], [569740.0, 4899960.0], [569730.0, 4899960.0], [569730.0, 4899970.0], [569690.0, 4899970.0], [569690.0, 4899980.0], [569670.0, 4899980.0], [569670.0, 4900000.0], [569660.0, 4900000.0], [569660.0, 4900010.0], [569650.0, 4900010.0], [569650.0, 4900020.0], [569640.0, 4900020.0], [569640.0, 4900030.0], [569630.0, 4900030.0], [569630.0, 4900040.0], [569620.0, 4900040.0], [569620.0, 4900050.0], [569600.0, 4900050.0], [569600.0, 4900060.0], [569590.0, 4900060.0], [569590.0, 4900070.0], [569570.0, 4900070.0], [569570.0, 4900080.0], [569560.0, 4900080.0], [569560.0, 4900090.0], [569550.0, 4900090.0], [569550.0, 4900100.0], [569540.0, 4900100.0], [569540.0, 4900120.0], [569530.0, 4900120.0], [569530.0, 4900130.0], [569520.0, 4900130.0], [569520.0, 4900140.0], [569510.0, 4900140.0], [569510.0, 4900150.0], [569500.0, 4900150.0], [569500.0, 4900170.0], [569490.0, 4900170.0], [569490.0, 4900180.0], [569480.0, 4900180.0], [569480.0, 4900190.0], [569470.0, 4900190.0], [569470.0, 4900210.0], [569460.0, 4900210.0], [569460.0, 4900230.0], [569450.0, 4900230.0], [569450.0, 4900240.0], [569440.0, 4900240.0], [569440.0, 4900250.0], [569430.0, 4900250.0], [569430.0, 4900260.0], [569420.0, 4900260.0], [569420.0, 4900280.0], [569410.0, 4900280.0], [569410.0, 4900290.0], [569400.0, 4900290.0], [569400.0, 4900300.0], [569380.0, 4900300.0], [569380.0, 4900310.0], [569370.0, 4900310.0], [569370.0, 4900330.0], [569360.0, 4900330.0], [569360.0, 4900340.0], [569350.0, 4900340.0], [569350.0, 4900360.0], [569340.0, 4900360.0], [569340.0, 4900370.0], [569330.0, 4900370.0], [569330.0, 4900380.0], [569320.0, 4900380.0], [569320.0, 4900400.0], [569310.0, 4900400.0], [569310.0, 4900410.0], [569300.0, 4900410.0], [569300.0, 4900420.0], [569290.0, 4900420.0], [569290.0, 4900430.0], [569280.0, 4900430.0], [569280.0, 4900450.0], [569270.0, 4900450.0], [569270.0, 4900460.0], [569260.0, 4900460.0], [569260.0, 4900470.0], [569250.0, 4900470.0], [569250.0, 4900480.0], [569240.0, 4900480.0], [569240.0, 4900490.0], [569230.0, 4900490.0], [569230.0, 4900510.0], [569220.0, 4900510.0], [569220.0, 4900520.0], [569210.0, 4900520.0], [569210.0, 4900530.0], [569200.0, 4900530.0], [569200.0, 4900540.0], [569190.0, 4900540.0], [569190.0, 4900550.0], [569180.0, 4900550.0], [569180.0, 4900570.0], [569170.0, 4900570.0], [569170.0, 4900580.0], [569160.0, 4900580.0], [569160.0, 4900600.0], [569150.0, 4900600.0], [569150.0, 4900610.0], [569140.0, 4900610.0], [569140.0, 4900630.0], [569130.0, 4900630.0], [569130.0, 4900650.0], [569120.0, 4900650.0], [569120.0, 4900660.0], [569110.0, 4900660.0], [569110.0, 4900680.0], [569100.0, 4900680.0], [569100.0, 4900690.0], [569090.0, 4900690.0], [569090.0, 4900700.0], [569080.0, 4900700.0], [569080.0, 4900710.0], [569070.0, 4900710.0], [569070.0, 4900740.0], [569060.0, 4900740.0], [569060.0, 4900750.0], [569050.0, 4900750.0], [569050.0, 4900760.0], [569040.0, 4900760.0], [569040.0, 4900780.0], [569030.0, 4900780.0], [569030.0, 4900790.0], [569020.0, 4900790.0], [569020.0, 4900820.0], [569010.0, 4900820.0], [569010.0, 4900830.0], [569000.0, 4900830.0], [569000.0, 4900840.0], [568990.0, 4900840.0], [568990.0, 4900850.0], [568980.0, 4900850.0], [568980.0, 4900870.0], [568960.0, 4900870.0], [568960.0, 4900880.0], [568950.0, 4900880.0], [568950.0, 4900890.0], [568940.0, 4900890.0], [568940.0, 4900900.0], [568920.0, 4900900.0], [568920.0, 4900910.0], [568900.0, 4900910.0], [568900.0, 4900920.0], [568880.0, 4900920.0], [568880.0, 4900930.0], [568830.0, 4900930.0], [568830.0, 4900940.0], [568790.0, 4900940.0], [568790.0, 4900950.0], [568780.0, 4900950.0]]]}, "properties": {"site_code": "260", "dem_area_ha": 2589.17, "routing_qc_pass": false}}, {"type": "Feature", "geometry": {"type": "Polygon", "coordinates": [[[571320.0, 4897760.0], [571320.0, 4897750.0], [571330.0, 4897750.0], [571330.0, 4897760.0], [571320.0, 4897760.0]]]}, "properties": {"site_code": "CC-1", "dem_area_ha": 70.22, "routing_qc_pass": true}}, {"type": "Feature", "geometry": {"type": "Polygon", "coordinates": [[[571070.0, 4898680.0], [571070.0, 4898670.0], [571050.0, 4898670.0], [571050.0, 4898660.0], [571040.0, 4898660.0], [571040.0, 4898650.0], [571020.0, 4898650.0], [571020.0, 4898640.0], [571010.0, 4898640.0], [571010.0, 4898630.0], [571000.0, 4898630.0], [571000.0, 4898620.0], [570980.0, 4898620.0], [570980.0, 4898610.0], [570960.0, 4898610.0], [570960.0, 4898600.0], [570950.0, 4898600.0], [570950.0, 4898590.0], [570940.0, 4898590.0], [570940.0, 4898580.0], [570930.0, 4898580.0], [570930.0, 4898570.0], [570920.0, 4898570.0], [570920.0, 4898560.0], [570910.0, 4898560.0], [570910.0, 4898550.0], [570900.0, 4898550.0], [570900.0, 4898540.0], [570890.0, 4898540.0], [570890.0, 4898530.0], [570880.0, 4898530.0], [570880.0, 4898520.0], [570870.0, 4898520.0], [570870.0, 4898510.0], [570860.0, 4898510.0], [570860.0, 4898500.0], [570850.0, 4898500.0], [570850.0, 4898490.0], [570840.0, 4898490.0], [570840.0, 4898480.0], [570810.0, 4898480.0], [570810.0, 4898470.0], [570790.0, 4898470.0], [570790.0, 4898460.0], [570770.0, 4898460.0], [570770.0, 4898450.0], [570740.0, 4898450.0], [570740.0, 4898440.0], [570730.0, 4898440.0], [570730.0, 4898430.0], [570720.0, 4898430.0], [570720.0, 4898420.0], [570710.0, 4898420.0], [570710.0, 4898410.0], [570700.0, 4898410.0], [570700.0, 4898400.0], [570680.0, 4898400.0], [570680.0, 4898390.0], [570670.0, 4898390.0], [570670.0, 4898380.0], [570660.0, 4898380.0], [570660.0, 4898370.0], [570650.0, 4898370.0], [570650.0, 4898360.0], [570640.0, 4898360.0], [570640.0, 4898350.0], [570630.0, 4898350.0], [570630.0, 4898340.0], [570620.0, 4898340.0], [570620.0, 4898330.0], [570600.0, 4898330.0], [570600.0, 4898320.0], [570590.0, 4898320.0], [570590.0, 4898310.0], [570580.0, 4898310.0], [570580.0, 4898300.0], [570560.0, 4898300.0], [570560.0, 4898290.0], [570550.0, 4898290.0], [570550.0, 4898280.0], [570530.0, 4898280.0], [570530.0, 4898270.0], [570510.0, 4898270.0], [570510.0, 4898260.0], [570490.0, 4898260.0], [570490.0, 4898250.0], [570470.0, 4898250.0], [570470.0, 4898240.0], [570450.0, 4898240.0], [570450.0, 4898230.0], [570430.0, 4898230.0], [570430.0, 4898220.0], [570400.0, 4898220.0], [570400.0, 4898210.0], [570380.0, 4898210.0], [570380.0, 4898200.0], [570370.0, 4898200.0], [570370.0, 4898190.0], [570350.0, 4898190.0], [570350.0, 4898180.0], [570330.0, 4898180.0], [570330.0, 4898170.0], [570300.0, 4898170.0], [570300.0, 4898160.0], [570280.0, 4898160.0], [570280.0, 4898150.0], [570270.0, 4898150.0], [570270.0, 4898140.0], [570260.0, 4898140.0], [570260.0, 4898130.0], [570250.0, 4898130.0], [570250.0, 4898120.0], [570240.0, 4898120.0], [570240.0, 4898110.0], [570230.0, 4898110.0], [570230.0, 4898100.0], [570220.0, 4898100.0], [570220.0, 4898090.0], [570210.0, 4898090.0], [570210.0, 4898080.0], [570200.0, 4898080.0], [570200.0, 4898070.0], [570190.0, 4898070.0], [570190.0, 4898060.0], [570180.0, 4898060.0], [570180.0, 4898050.0], [570170.0, 4898050.0], [570170.0, 4898040.0], [570160.0, 4898040.0], [570160.0, 4898030.0], [570150.0, 4898030.0], [570150.0, 4898020.0], [570140.0, 4898020.0], [570140.0, 4898010.0], [570130.0, 4898010.0], [570130.0, 4898000.0], [570120.0, 4898000.0], [570120.0, 4897990.0], [570110.0, 4897990.0], [570110.0, 4897980.0], [570100.0, 4897980.0], [570100.0, 4897970.0], [570090.0, 4897970.0], [570090.0, 4897960.0], [570080.0, 4897960.0], [570080.0, 4897950.0], [570070.0, 4897950.0], [570070.0, 4897940.0], [570060.0, 4897940.0], [570060.0, 4897930.0], [570050.0, 4897930.0], [570050.0, 4897920.0], [570040.0, 4897920.0], [570040.0, 4897910.0], [570030.0, 4897910.0], [570030.0, 4897900.0], [570020.0, 4897900.0], [570020.0, 4897890.0], [570010.0, 4897890.0], [570010.0, 4897880.0], [570000.0, 4897880.0], [570000.0, 4897860.0], [569990.0, 4897860.0], [569990.0, 4897850.0], [569980.0, 4897850.0], [569980.0, 4897840.0], [569970.0, 4897840.0], [569970.0, 4897820.0], [569960.0, 4897820.0], [569960.0, 4897790.0], [569950.0, 4897790.0], [569950.0, 4897740.0], [569940.0, 4897740.0], [569940.0, 4897730.0], [569930.0, 4897730.0], [569930.0, 4897720.0], [569950.0, 4897720.0], [569950.0, 4897710.0], [569960.0, 4897710.0], [569960.0, 4897720.0], [569970.0, 4897720.0], [569970.0, 4897730.0], [569990.0, 4897730.0], [569990.0, 4897740.0], [570000.0, 4897740.0], [570000.0, 4897750.0], [570030.0, 4897750.0], [570030.0, 4897740.0], [570040.0, 4897740.0], [570040.0, 4897730.0], [570140.0, 4897730.0], [570140.0, 4897740.0], [570170.0, 4897740.0], [570170.0, 4897750.0], [570190.0, 4897750.0], [570190.0, 4897760.0], [570430.0, 4897760.0], [570430.0, 4897770.0], [570470.0, 4897770.0], [570470.0, 4897780.0], [570490.0, 4897780.0], [570490.0, 4897790.0], [570530.0, 4897790.0], [570530.0, 4897800.0], [570610.0, 4897800.0], [570610.0, 4897810.0], [570640.0, 4897810.0], [570640.0, 4897820.0], [570670.0, 4897820.0], [570670.0, 4897830.0], [570690.0, 4897830.0], [570690.0, 4897840.0], [570700.0, 4897840.0], [570700.0, 4897850.0], [570720.0, 4897850.0], [570720.0, 4897860.0], [570740.0, 4897860.0], [570740.0, 4897870.0], [570810.0, 4897870.0], [570810.0, 4897880.0], [570830.0, 4897880.0], [570830.0, 4897890.0], [570840.0, 4897890.0], [570840.0, 4897900.0], [570870.0, 4897900.0], [570870.0, 4897910.0], [570930.0, 4897910.0], [570930.0, 4897920.0], [570990.0, 4897920.0], [570990.0, 4897930.0], [571150.0, 4897930.0], [571150.0, 4897920.0], [571180.0, 4897920.0], [571180.0, 4897910.0], [571210.0, 4897910.0], [571210.0, 4897900.0], [571230.0, 4897900.0], [571230.0, 4897890.0], [571240.0, 4897890.0], [571240.0, 4897880.0], [571250.0, 4897880.0], [571250.0, 4897870.0], [571260.0, 4897870.0], [571260.0, 4897860.0], [571270.0, 4897860.0], [571270.0, 4897850.0], [571280.0, 4897850.0], [571280.0, 4897840.0], [571290.0, 4897840.0], [571290.0, 4897780.0], [571300.0, 4897780.0], [571300.0, 4897770.0], [571310.0, 4897770.0], [571310.0, 4897760.0], [571320.0, 4897760.0], [571320.0, 4897860.0], [571330.0, 4897860.0], [571330.0, 4897880.0], [571340.0, 4897880.0], [571340.0, 4897910.0], [571350.0, 4897910.0], [571350.0, 4897940.0], [571360.0, 4897940.0], [571360.0, 4898010.0], [571370.0, 4898010.0], [571370.0, 4898060.0], [571360.0, 4898060.0], [571360.0, 4898130.0], [571350.0, 4898130.0], [571350.0, 4898150.0], [571340.0, 4898150.0], [571340.0, 4898180.0], [571330.0, 4898180.0], [571330.0, 4898280.0], [571340.0, 4898280.0], [571340.0, 4898310.0], [571330.0, 4898310.0], [571330.0, 4898330.0], [571320.0, 4898330.0], [571320.0, 4898360.0], [571310.0, 4898360.0], [571310.0, 4898430.0], [571300.0, 4898430.0], [571300.0, 4898450.0], [571290.0, 4898450.0], [571290.0, 4898460.0], [571280.0, 4898460.0], [571280.0, 4898480.0], [571270.0, 4898480.0], [571270.0, 4898490.0], [571260.0, 4898490.0], [571260.0, 4898510.0], [571250.0, 4898510.0], [571250.0, 4898520.0], [571240.0, 4898520.0], [571240.0, 4898530.0], [571230.0, 4898530.0], [571230.0, 4898540.0], [571220.0, 4898540.0], [571220.0, 4898560.0], [571210.0, 4898560.0], [571210.0, 4898570.0], [571200.0, 4898570.0], [571200.0, 4898580.0], [571190.0, 4898580.0], [571190.0, 4898590.0], [571180.0, 4898590.0], [571180.0, 4898600.0], [571170.0, 4898600.0], [571170.0, 4898620.0], [571160.0, 4898620.0], [571160.0, 4898630.0], [571150.0, 4898630.0], [571150.0, 4898640.0], [571140.0, 4898640.0], [571140.0, 4898660.0], [571130.0, 4898660.0], [571130.0, 4898680.0], [571070.0, 4898680.0]]]}, "properties": {"site_code": "CC-1", "dem_area_ha": 70.22, "routing_qc_pass": true}}, {"type": "Feature", "geometry": {"type": "Polygon", "coordinates": [[[570520.0, 4895510.0], [570520.0, 4895500.0], [570510.0, 4895500.0], [570510.0, 4895490.0], [570500.0, 4895490.0], [570500.0, 4895480.0], [570490.0, 4895480.0], [570490.0, 4895470.0], [570510.0, 4895470.0], [570510.0, 4895480.0], [570520.0, 4895480.0], [570520.0, 4895490.0], [570530.0, 4895490.0], [570530.0, 4895500.0], [570560.0, 4895500.0], [570560.0, 4895510.0], [570520.0, 4895510.0]]]}, "properties": {"site_code": "64", "dem_area_ha": 0.1, "routing_qc_pass": false}}, {"type": "Feature", "geometry": {"type": "Polygon", "coordinates": [[[565820.0, 4902130.0], [565820.0, 4902120.0], [565800.0, 4902120.0], [565800.0, 4902110.0], [565790.0, 4902110.0], [565790.0, 4902100.0], [565760.0, 4902100.0], [565760.0, 4902090.0], [565740.0, 4902090.0], [565740.0, 4902080.0], [565730.0, 4902080.0], [565730.0, 4902070.0], [565720.0, 4902070.0], [565720.0, 4902060.0], [565700.0, 4902060.0], [565700.0, 4902050.0], [565650.0, 4902050.0], [565650.0, 4902040.0], [565630.0, 4902040.0], [565630.0, 4902030.0], [565620.0, 4902030.0], [565620.0, 4902020.0], [565610.0, 4902020.0], [565610.0, 4902010.0], [565600.0, 4902010.0], [565600.0, 4902000.0], [565580.0, 4902000.0], [565580.0, 4901990.0], [565570.0, 4901990.0], [565570.0, 4901980.0], [565550.0, 4901980.0], [565550.0, 4901970.0], [565540.0, 4901970.0], [565540.0, 4901960.0], [565520.0, 4901960.0], [565520.0, 4901950.0], [565490.0, 4901950.0], [565490.0, 4901940.0], [565480.0, 4901940.0], [565480.0, 4901930.0], [565470.0, 4901930.0], [565470.0, 4901910.0], [565460.0, 4901910.0], [565460.0, 4901890.0], [565450.0, 4901890.0], [565450.0, 4901830.0], [565440.0, 4901830.0], [565440.0, 4901820.0], [565420.0, 4901820.0], [565420.0, 4901810.0], [565410.0, 4901810.0], [565410.0, 4901780.0], [565420.0, 4901780.0], [565420.0, 4901770.0], [565430.0, 4901770.0], [565430.0, 4901760.0], [565440.0, 4901760.0], [565440.0, 4901750.0], [565450.0, 4901750.0], [565450.0, 4901740.0], [565460.0, 4901740.0], [565460.0, 4901730.0], [565470.0, 4901730.0], [565470.0, 4901720.0], [565480.0, 4901720.0], [565480.0, 4901710.0], [565490.0, 4901710.0], [565490.0, 4901700.0], [565500.0, 4901700.0], [565500.0, 4901690.0], [565510.0, 4901690.0], [565510.0, 4901680.0], [565530.0, 4901680.0], [565530.0, 4901670.0], [565570.0, 4901670.0], [565570.0, 4901660.0], [565600.0, 4901660.0], [565600.0, 4901650.0], [565630.0, 4901650.0], [565630.0, 4901640.0], [565670.0, 4901640.0], [565670.0, 4901630.0], [565700.0, 4901630.0], [565700.0, 4901620.0], [565710.0, 4901620.0], [565710.0, 4901610.0], [565720.0, 4901610.0], [565720.0, 4901600.0], [565730.0, 4901600.0], [565730.0, 4901590.0], [565800.0, 4901590.0], [565800.0, 4901600.0], [565810.0, 4901600.0], [565810.0, 4901610.0], [565830.0, 4901610.0], [565830.0, 4901620.0], [565840.0, 4901620.0], [565840.0, 4901630.0], [565830.0, 4901630.0], [565830.0, 4901650.0], [565820.0, 4901650.0], [565820.0, 4901660.0], [565810.0, 4901660.0], [565810.0, 4901760.0], [565820.0, 4901760.0], [565820.0, 4901770.0], [565830.0, 4901770.0], [565830.0, 4902130.0], [565820.0, 4902130.0]]]}, "properties": {"site_code": "177", "dem_area_ha": 14.5, "routing_qc_pass": true}}, {"type": "Feature", "geometry": {"type": "Polygon", "coordinates": [[[568120.0, 4896690.0], [568120.0, 4896680.0], [568070.0, 4896680.0], [568070.0, 4896670.0], [568060.0, 4896670.0], [568060.0, 4896660.0], [568030.0, 4896660.0], [568030.0, 4896650.0], [568020.0, 4896650.0], [568020.0, 4896640.0], [568000.0, 4896640.0], [568000.0, 4896630.0], [567930.0, 4896630.0], [567930.0, 4896620.0], [567780.0, 4896620.0], [567780.0, 4896630.0], [567760.0, 4896630.0], [567760.0, 4896620.0], [567740.0, 4896620.0], [567740.0, 4896610.0], [567690.0, 4896610.0], [567690.0, 4896600.0], [567650.0, 4896600.0], [567650.0, 4896590.0], [567550.0, 4896590.0], [567550.0, 4896580.0], [567480.0, 4896580.0], [567480.0, 4896570.0], [567470.0, 4896570.0], [567470.0, 4896560.0], [567460.0, 4896560.0], [567460.0, 4896550.0], [567450.0, 4896550.0], [567450.0, 4896540.0], [567440.0, 4896540.0], [567440.0, 4896530.0], [567430.0, 4896530.0], [567430.0, 4896520.0], [567420.0, 4896520.0], [567420.0, 4896510.0], [567410.0, 4896510.0], [567410.0, 4896500.0], [567400.0, 4896500.0], [567400.0, 4896490.0], [567390.0, 4896490.0], [567390.0, 4896480.0], [567360.0, 4896480.0], [567360.0, 4896470.0], [567340.0, 4896470.0], [567340.0, 4896460.0], [567310.0, 4896460.0], [567310.0, 4896450.0], [567270.0, 4896450.0], [567270.0, 4896440.0], [567060.0, 4896440.0], [567060.0, 4896450.0], [567040.0, 4896450.0], [567040.0, 4896460.0], [567020.0, 4896460.0], [567020.0, 4896580.0], [567010.0, 4896580.0], [567010.0, 4896610.0], [567000.0, 4896610.0], [567000.0, 4896620.0], [566970.0, 4896620.0], [566970.0, 4896630.0], [566950.0, 4896630.0], [566950.0, 4896620.0], [566930.0, 4896620.0], [566930.0, 4896610.0], [566840.0, 4896610.0], [566840.0, 4896600.0], [566810.0, 4896600.0], [566810.0, 4896590.0], [566780.0, 4896590.0], [566780.0, 4896580.0], [566700.0, 4896580.0], [566700.0, 4896590.0], [566690.0, 4896590.0], [566690.0, 4896600.0], [566670.0, 4896600.0], [566670.0, 4896610.0], [566660.0, 4896610.0], [566660.0, 4896600.0], [566650.0, 4896600.0], [566650.0, 4896590.0], [566640.0, 4896590.0], [566640.0, 4896580.0], [566630.0, 4896580.0], [566630.0, 4896570.0], [566620.0, 4896570.0], [566620.0, 4896560.0], [566610.0, 4896560.0], [566610.0, 4896550.0], [566600.0, 4896550.0], [566600.0, 4896540.0], [566550.0, 4896540.0], [566550.0, 4896530.0], [566520.0, 4896530.0], [566520.0, 4896520.0], [566510.0, 4896520.0], [566510.0, 4896420.0], [566500.0, 4896420.0], [566500.0, 4896410.0], [566490.0, 4896410.0], [566490.0, 4896400.0], [566430.0, 4896400.0], [566430.0, 4896390.0], [566410.0, 4896390.0], [566410.0, 4896380.0], [566390.0, 4896380.0], [566390.0, 4896370.0], [566380.0, 4896370.0], [566380.0, 4896360.0], [566340.0, 4896360.0], [566340.0, 4896350.0], [566330.0, 4896350.0], [566330.0, 4896340.0], [566320.0, 4896340.0], [566320.0, 4896330.0], [566260.0, 4896330.0], [566260.0, 4896320.0], [566250.0, 4896320.0], [566250.0, 4896310.0], [566240.0, 4896310.0], [566240.0, 4896290.0], [566230.0, 4896290.0], [566230.0, 4896270.0], [566220.0, 4896270.0], [566220.0, 4896260.0], [566210.0, 4896260.0], [566210.0, 4896250.0], [566200.0, 4896250.0], [566200.0, 4896240.0], [566190.0, 4896240.0], [566190.0, 4896230.0], [566180.0, 4896230.0], [566180.0, 4896220.0], [566170.0, 4896220.0], [566170.0, 4896210.0], [566140.0, 4896210.0], [566140.0, 4896200.0], [566130.0, 4896200.0], [566130.0, 4896190.0], [566120.0, 4896190.0], [566120.0, 4896180.0], [566110.0, 4896180.0], [566110.0, 4896170.0], [566100.0, 4896170.0], [566100.0, 4896160.0], [566090.0, 4896160.0], [566090.0, 4896150.0], [566080.0, 4896150.0], [566080.0, 4896140.0], [566070.0, 4896140.0], [566070.0, 4896130.0], [566060.0, 4896130.0], [566060.0, 4896120.0], [566050.0, 4896120.0], [566050.0, 4896110.0], [566040.0, 4896110.0], [566040.0, 4896100.0], [566030.0, 4896100.0], [566030.0, 4896040.0], [566020.0, 4896040.0], [566020.0, 4895930.0], [566030.0, 4895930.0], [566030.0, 4895910.0], [566040.0, 4895910.0], [566040.0, 4895890.0], [566050.0, 4895890.0], [566050.0, 4895880.0], [566060.0, 4895880.0], [566060.0, 4895870.0], [566070.0, 4895870.0], [566070.0, 4895840.0], [566080.0, 4895840.0], [566080.0, 4895810.0], [566070.0, 4895810.0], [566070.0, 4895800.0], [566060.0, 4895800.0], [566060.0, 4895720.0], [566050.0, 4895720.0], [566050.0, 4895660.0], [566040.0, 4895660.0], [566040.0, 4895610.0], [566030.0, 4895610.0], [566030.0, 4895500.0], [566040.0, 4895500.0], [566040.0, 4895440.0], [566050.0, 4895440.0], [566050.0, 4895410.0], [566060.0, 4895410.0], [566060.0, 4895380.0], [566070.0, 4895380.0], [566070.0, 4895340.0], [566060.0, 4895340.0], [566060.0, 4895300.0], [566050.0, 4895300.0], [566050.0, 4895290.0], [566040.0, 4895290.0], [566040.0, 4895270.0], [566030.0, 4895270.0], [566030.0, 4895210.0], [566020.0, 4895210.0], [566020.0, 4895150.0], [566010.0, 4895150.0], [566010.0, 4895130.0], [566000.0, 4895130.0], [566000.0, 4895110.0], [565990.0, 4895110.0], [565990.0, 4895090.0], [566000.0, 4895090.0], [566000.0, 4895080.0], [566020.0, 4895080.0], [566020.0, 4895070.0], [566030.0, 4895070.0], [566030.0, 4895060.0], [566040.0, 4895060.0], [566040.0, 4895040.0], [566050.0, 4895040.0], [566050.0, 4895030.0], [566060.0, 4895030.0], [566060.0, 4895020.0], [566070.0, 4895020.0], [566070.0, 4895010.0], [566080.0, 4895010.0], [566080.0, 4894990.0], [566090.0, 4894990.0], [566090.0, 4894970.0], [566100.0, 4894970.0], [566100.0, 4894960.0], [566110.0, 4894960.0], [566110.0, 4894950.0], [566120.0, 4894950.0], [566120.0, 4894940.0], [566130.0, 4894940.0], [566130.0, 4894930.0], [566140.0, 4894930.0], [566140.0, 4894920.0], [566150.0, 4894920.0], [566150.0, 4894910.0], [566170.0, 4894910.0], [566170.0, 4894890.0], [566190.0, 4894890.0], [566190.0, 4894880.0], [566200.0, 4894880.0], [566200.0, 4894870.0], [566210.0, 4894870.0], [566210.0, 4894860.0], [566220.0, 4894860.0], [566220.0, 4894850.0], [566230.0, 4894850.0], [566230.0, 4894840.0], [566240.0, 4894840.0], [566240.0, 4894820.0], [566250.0, 4894820.0], [566250.0, 4894800.0], [566260.0, 4894800.0], [566260.0, 4894790.0], [566280.0, 4894790.0], [566280.0, 4894780.0], [566290.0, 4894780.0], [566290.0, 4894760.0], [566300.0, 4894760.0], [566300.0, 4894750.0], [566310.0, 4894750.0], [566310.0, 4894740.0], [566320.0, 4894740.0], [566320.0, 4894730.0], [566330.0, 4894730.0], [566330.0, 4894720.0], [566350.0, 4894720.0], [566350.0, 4894710.0], [566360.0, 4894710.0], [566360.0, 4894700.0], [566370.0, 4894700.0], [566370.0, 4894690.0], [566380.0, 4894690.0], [566380.0, 4894680.0], [566390.0, 4894680.0], [566390.0, 4894670.0], [566400.0, 4894670.0], [566400.0, 4894660.0], [566410.0, 4894660.0], [566410.0, 4894650.0], [566420.0, 4894650.0], [566420.0, 4894640.0], [566430.0, 4894640.0], [566430.0, 4894630.0], [566440.0, 4894630.0], [566440.0, 4894620.0], [566460.0, 4894620.0], [566460.0, 4894610.0], [566520.0, 4894610.0], [566520.0, 4894600.0], [566550.0, 4894600.0], [566550.0, 4894610.0], [566560.0, 4894610.0], [566560.0, 4894620.0], [566580.0, 4894620.0], [566580.0, 4894630.0], [566600.0, 4894630.0], [566600.0, 4894640.0], [566620.0, 4894640.0], [566620.0, 4894660.0], [566630.0, 4894660.0], [566630.0, 4894670.0], [566660.0, 4894670.0], [566660.0, 4894680.0], [566670.0, 4894680.0], [566670.0, 4894690.0], [566690.0, 4894690.0], [566690.0, 4894700.0], [566710.0, 4894700.0], [566710.0, 4894710.0], [566750.0, 4894710.0], [566750.0, 4894720.0], [566770.0, 4894720.0], [566770.0, 4894730.0], [566800.0, 4894730.0], [566800.0, 4894740.0], [566830.0, 4894740.0], [566830.0, 4894750.0], [566840.0, 4894750.0], [566840.0, 4894760.0], [566860.0, 4894760.0], [566860.0, 4894770.0], [566880.0, 4894770.0], [566880.0, 4894780.0], [566900.0, 4894780.0], [566900.0, 4894790.0], [566920.0, 4894790.0], [566920.0, 4894800.0], [566940.0, 4894800.0], [566940.0, 4894810.0], [566960.0, 4894810.0], [566960.0, 4894820.0], [566980.0, 4894820.0], [566980.0, 4894830.0], [567000.0, 4894830.0], [567000.0, 4894840.0], [567010.0, 4894840.0], [567010.0, 4894850.0], [567110.0, 4894850.0], [567110.0, 4894840.0], [567290.0, 4894840.0], [567290.0, 4894850.0], [567300.0, 4894850.0], [567300.0, 4894860.0], [567310.0, 4894860.0], [567310.0, 4894870.0], [567330.0, 4894870.0], [567330.0, 4894880.0], [567340.0, 4894880.0], [567340.0, 4894890.0], [567370.0, 4894890.0], [567370.0, 4894900.0], [567460.0, 4894900.0], [567460.0, 4894910.0], [567490.0, 4894910.0], [567490.0, 4894920.0], [567530.0, 4894920.0], [567530.0, 4894930.0], [567540.0, 4894930.0], [567540.0, 4894940.0], [567560.0, 4894940.0], [567560.0, 4894950.0], [567580.0, 4894950.0], [567580.0, 4894960.0], [567660.0, 4894960.0], [567660.0, 4894950.0], [567710.0, 4894950.0], [567710.0, 4894940.0], [567750.0, 4894940.0], [567750.0, 4894930.0], [567780.0, 4894930.0], [567780.0, 4894920.0], [567790.0, 4894920.0], [567790.0, 4894910.0], [567800.0, 4894910.0], [567800.0, 4894900.0], [567810.0, 4894900.0], [567810.0, 4894890.0], [567830.0, 4894890.0], [567830.0, 4894880.0], [567850.0, 4894880.0], [567850.0, 4894870.0], [567870.0, 4894870.0], [567870.0, 4894860.0], [567880.0, 4894860.0], [567880.0, 4894850.0], [567900.0, 4894850.0], [567900.0, 4894840.0], [567920.0, 4894840.0], [567920.0, 4894830.0], [567950.0, 4894830.0], [567950.0, 4894820.0], [567980.0, 4894820.0], [567980.0, 4894810.0], [568000.0, 4894810.0], [568000.0, 4894800.0], [568030.0, 4894800.0], [568030.0, 4894790.0], [568090.0, 4894790.0], [568090.0, 4894800.0], [568100.0, 4894800.0], [568100.0, 4894810.0], [568110.0, 4894810.0], [568110.0, 4894820.0], [568130.0, 4894820.0], [568130.0, 4894830.0], [568140.0, 4894830.0], [568140.0, 4894840.0], [568160.0, 4894840.0], [568160.0, 4894850.0], [568170.0, 4894850.0], [568170.0, 4894860.0], [568180.0, 4894860.0], [568180.0, 4894870.0], [568190.0, 4894870.0], [568190.0, 4894880.0], [568200.0, 4894880.0], [568200.0, 4894890.0], [568210.0, 4894890.0], [568210.0, 4894900.0], [568230.0, 4894900.0], [568230.0, 4894910.0], [568240.0, 4894910.0], [568240.0, 4894920.0], [568260.0, 4894920.0], [568260.0, 4894930.0], [568290.0, 4894930.0], [568290.0, 4894940.0], [568310.0, 4894940.0], [568310.0, 4894950.0], [568330.0, 4894950.0], [568330.0, 4894960.0], [568420.0, 4894960.0], [568420.0, 4894950.0], [568440.0, 4894950.0], [568440.0, 4894940.0], [568460.0, 4894940.0], [568460.0, 4894930.0], [568480.0, 4894930.0], [568480.0, 4894920.0], [568490.0, 4894920.0], [568490.0, 4894910.0], [568500.0, 4894910.0], [568500.0, 4894900.0], [568510.0, 4894900.0], [568510.0, 4894890.0], [568520.0, 4894890.0], [568520.0, 4894870.0], [568530.0, 4894870.0], [568530.0, 4894860.0], [568540.0, 4894860.0], [568540.0, 4894850.0], [568550.0, 4894850.0], [568550.0, 4894840.0], [568560.0, 4894840.0], [568560.0, 4894830.0], [568570.0, 4894830.0], [568570.0, 4894820.0], [568580.0, 4894820.0], [568580.0, 4894800.0], [568590.0, 4894800.0], [568590.0, 4894780.0], [568600.0, 4894780.0], [568600.0, 4894750.0], [568620.0, 4894750.0], [568620.0, 4894760.0], [568630.0, 4894760.0], [568630.0, 4894770.0], [568640.0, 4894770.0], [568640.0, 4894780.0], [568660.0, 4894780.0], [568660.0, 4894790.0], [568710.0, 4894790.0], [568710.0, 4894800.0], [568730.0, 4894800.0], [568730.0, 4894810.0], [568750.0, 4894810.0], [568750.0, 4894820.0], [568760.0, 4894820.0], [568760.0, 4894830.0], [568770.0, 4894830.0], [568770.0, 4894840.0], [568790.0, 4894840.0], [568790.0, 4894850.0], [568820.0, 4894850.0], [568820.0, 4894860.0], [568850.0, 4894860.0], [568850.0, 4894870.0], [568860.0, 4894870.0], [568860.0, 4894880.0], [568880.0, 4894880.0], [568880.0, 4894890.0], [568890.0, 4894890.0], [568890.0, 4894900.0], [568900.0, 4894900.0], [568900.0, 4894910.0], [568930.0, 4894910.0], [568930.0, 4894920.0], [568940.0, 4894920.0], [568940.0, 4894930.0], [568960.0, 4894930.0], [568960.0, 4894940.0], [568970.0, 4894940.0], [568970.0, 4894950.0], [568980.0, 4894950.0], [568980.0, 4894960.0], [569010.0, 4894960.0], [569010.0, 4894970.0], [569070.0, 4894970.0], [569070.0, 4894980.0], [569220.0, 4894980.0], [569220.0, 4894970.0], [569240.0, 4894970.0], [569240.0, 4894960.0], [569260.0, 4894960.0], [569260.0, 4894950.0], [569280.0, 4894950.0], [569280.0, 4894940.0], [569300.0, 4894940.0], [569300.0, 4894930.0], [569320.0, 4894930.0], [569320.0, 4894920.0], [569340.0, 4894920.0], [569340.0, 4894910.0], [569350.0, 4894910.0], [569350.0, 4894900.0], [569360.0, 4894900.0], [569360.0, 4894890.0], [569370.0, 4894890.0], [569370.0, 4894880.0], [569380.0, 4894880.0], [569380.0, 4894870.0], [569400.0, 4894870.0], [569400.0, 4894860.0], [569420.0, 4894860.0], [569420.0, 4894850.0], [569450.0, 4894850.0], [569450.0, 4894840.0], [569470.0, 4894840.0], [569470.0, 4894850.0], [569500.0, 4894850.0], [569500.0, 4894860.0], [569530.0, 4894860.0], [569530.0, 4894870.0], [569550.0, 4894870.0], [569550.0, 4894880.0], [569560.0, 4894880.0], [569560.0, 4894890.0], [569570.0, 4894890.0], [569570.0, 4894900.0], [569580.0, 4894900.0], [569580.0, 4894910.0], [569590.0, 4894910.0], [569590.0, 4894920.0], [569600.0, 4894920.0], [569600.0, 4894980.0], [569610.0, 4894980.0], [569610.0, 4895040.0], [569620.0, 4895040.0], [569620.0, 4895080.0], [569630.0, 4895080.0], [569630.0, 4895170.0], [569640.0, 4895170.0], [569640.0, 4895220.0], [569650.0, 4895220.0], [569650.0, 4895260.0], [569660.0, 4895260.0], [569660.0, 4895270.0], [569650.0, 4895270.0], [569650.0, 4895280.0], [569640.0, 4895280.0], [569640.0, 4895300.0], [569630.0, 4895300.0], [569630.0, 4895320.0], [569620.0, 4895320.0], [569620.0, 4895350.0], [569610.0, 4895350.0], [569610.0, 4895380.0], [569600.0, 4895380.0], [569600.0, 4895470.0], [569590.0, 4895470.0], [569590.0, 4895550.0], [569580.0, 4895550.0], [569580.0, 4895650.0], [569570.0, 4895650.0], [569570.0, 4895730.0], [569560.0, 4895730.0], [569560.0, 4895770.0], [569550.0, 4895770.0], [569550.0, 4895830.0], [569540.0, 4895830.0], [569540.0, 4895860.0], [569530.0, 4895860.0], [569530.0, 4895950.0], [569520.0, 4895950.0], [569520.0, 4896010.0], [569510.0, 4896010.0], [569510.0, 4896040.0], [569500.0, 4896040.0], [569500.0, 4896080.0], [569490.0, 4896080.0], [569490.0, 4896110.0], [569480.0, 4896110.0], [569480.0, 4896150.0], [569470.0, 4896150.0], [569470.0, 4896210.0], [569480.0, 4896210.0], [569480.0, 4896250.0], [569470.0, 4896250.0], [569470.0, 4896260.0], [569460.0, 4896260.0], [569460.0, 4896300.0], [569450.0, 4896300.0], [569450.0, 4896310.0], [569150.0, 4896310.0], [569150.0, 4896300.0], [568930.0, 4896300.0], [568930.0, 4896310.0], [568900.0, 4896310.0], [568900.0, 4896320.0], [568860.0, 4896320.0], [568860.0, 4896330.0], [568830.0, 4896330.0], [568830.0, 4896340.0], [568820.0, 4896340.0], [568820.0, 4896350.0], [568800.0, 4896350.0], [568800.0, 4896360.0], [568790.0, 4896360.0], [568790.0, 4896370.0], [568770.0, 4896370.0], [568770.0, 4896380.0], [568760.0, 4896380.0], [568760.0, 4896390.0], [568750.0, 4896390.0], [568750.0, 4896410.0], [568740.0, 4896410.0], [568740.0, 4896420.0], [568730.0, 4896420.0], [568730.0, 4896430.0], [568720.0, 4896430.0], [568720.0, 4896440.0], [568710.0, 4896440.0], [568710.0, 4896450.0], [568700.0, 4896450.0], [568700.0, 4896460.0], [568690.0, 4896460.0], [568690.0, 4896470.0], [568670.0, 4896470.0], [568670.0, 4896480.0], [568660.0, 4896480.0], [568660.0, 4896490.0], [568650.0, 4896490.0], [568650.0, 4896500.0], [568620.0, 4896500.0], [568620.0, 4896490.0], [568590.0, 4896490.0], [568590.0, 4896480.0], [568510.0, 4896480.0], [568510.0, 4896490.0], [568500.0, 4896490.0], [568500.0, 4896500.0], [568490.0, 4896500.0], [568490.0, 4896510.0], [568480.0, 4896510.0], [568480.0, 4896520.0], [568470.0, 4896520.0], [568470.0, 4896530.0], [568450.0, 4896530.0], [568450.0, 4896540.0], [568440.0, 4896540.0], [568440.0, 4896550.0], [568430.0, 4896550.0], [568430.0, 4896560.0], [568420.0, 4896560.0], [568420.0, 4896570.0], [568410.0, 4896570.0], [568410.0, 4896580.0], [568400.0, 4896580.0], [568400.0, 4896590.0], [568380.0, 4896590.0], [568380.0, 4896600.0], [568370.0, 4896600.0], [568370.0, 4896610.0], [568360.0, 4896610.0], [568360.0, 4896620.0], [568350.0, 4896620.0], [568350.0, 4896630.0], [568330.0, 4896630.0], [568330.0, 4896640.0], [568320.0, 4896640.0], [568320.0, 4896650.0], [568310.0, 4896650.0], [568310.0, 4896660.0], [568290.0, 4896660.0], [568290.0, 4896670.0], [568230.0, 4896670.0], [568230.0, 4896680.0], [568180.0, 4896680.0], [568180.0, 4896690.0], [568120.0, 4896690.0]]]}, "properties": {"site_code": "72", "dem_area_ha": 571.15, "routing_qc_pass": true}}, {"type": "Feature", "geometry": {"type": "Polygon", "coordinates": [[[568320.0, 4903470.0], [568320.0, 4903460.0], [568310.0, 4903460.0], [568310.0, 4903450.0], [568290.0, 4903450.0], [568290.0, 4903440.0], [568240.0, 4903440.0], [568240.0, 4903450.0], [568220.0, 4903450.0], [568220.0, 4903440.0], [568210.0, 4903440.0], [568210.0, 4903430.0], [568200.0, 4903430.0], [568200.0, 4903420.0], [568190.0, 4903420.0], [568190.0, 4903410.0], [568180.0, 4903410.0], [568180.0, 4903400.0], [568170.0, 4903400.0], [568170.0, 4903390.0], [568160.0, 4903390.0], [568160.0, 4903380.0], [568150.0, 4903380.0], [568150.0, 4903370.0], [568140.0, 4903370.0], [568140.0, 4903360.0], [568130.0, 4903360.0], [568130.0, 4903340.0], [568120.0, 4903340.0], [568120.0, 4903330.0], [568110.0, 4903330.0], [568110.0, 4903320.0], [568100.0, 4903320.0], [568100.0, 4903300.0], [568090.0, 4903300.0], [568090.0, 4903290.0], [568080.0, 4903290.0], [568080.0, 4903270.0], [568070.0, 4903270.0], [568070.0, 4903260.0], [568060.0, 4903260.0], [568060.0, 4903250.0], [568050.0, 4903250.0], [568050.0, 4903240.0], [568040.0, 4903240.0], [568040.0, 4903230.0], [568030.0, 4903230.0], [568030.0, 4903220.0], [568010.0, 4903220.0], [568010.0, 4903210.0], [567990.0, 4903210.0], [567990.0, 4903200.0], [567980.0, 4903200.0], [567980.0, 4903190.0], [567960.0, 4903190.0], [567960.0, 4903180.0], [567950.0, 4903180.0], [567950.0, 4903170.0], [567940.0, 4903170.0], [567940.0, 4903160.0], [567930.0, 4903160.0], [567930.0, 4903150.0], [567920.0, 4903150.0], [567920.0, 4903140.0], [567910.0, 4903140.0], [567910.0, 4903130.0], [567900.0, 4903130.0], [567900.0, 4903120.0], [567890.0, 4903120.0], [567890.0, 4903110.0], [567880.0, 4903110.0], [567880.0, 4903100.0], [567870.0, 4903100.0], [567870.0, 4903090.0], [567860.0, 4903090.0], [567860.0, 4903080.0], [567850.0, 4903080.0], [567850.0, 4903070.0], [567840.0, 4903070.0], [567840.0, 4903060.0], [567830.0, 4903060.0], [567830.0, 4903050.0], [567810.0, 4903050.0], [567810.0, 4903040.0], [567800.0, 4903040.0], [567800.0, 4903030.0], [567770.0, 4903030.0], [567770.0, 4903020.0], [567750.0, 4903020.0], [567750.0, 4903010.0], [567740.0, 4903010.0], [567740.0, 4903000.0], [567720.0, 4903000.0], [567720.0, 4902990.0], [567710.0, 4902990.0], [567710.0, 4902980.0], [567690.0, 4902980.0], [567690.0, 4902970.0], [567670.0, 4902970.0], [567670.0, 4902980.0], [567650.0, 4902980.0], [567650.0, 4902990.0], [567550.0, 4902990.0], [567550.0, 4903000.0], [567510.0, 4903000.0], [567510.0, 4903010.0], [567410.0, 4903010.0], [567410.0, 4903020.0], [567400.0, 4903020.0], [567400.0, 4903030.0], [567390.0, 4903030.0], [567390.0, 4903040.0], [567340.0, 4903040.0], [567340.0, 4903050.0], [567320.0, 4903050.0], [567320.0, 4903060.0], [567290.0, 4903060.0], [567290.0, 4903050.0], [567280.0, 4903050.0], [567280.0, 4903040.0], [567270.0, 4903040.0], [567270.0, 4903030.0], [567260.0, 4903030.0], [567260.0, 4903010.0], [567250.0, 4903010.0], [567250.0, 4903000.0], [567240.0, 4903000.0], [567240.0, 4902990.0], [567230.0, 4902990.0], [567230.0, 4902980.0], [567220.0, 4902980.0], [567220.0, 4902970.0], [567210.0, 4902970.0], [567210.0, 4902960.0], [567190.0, 4902960.0], [567190.0, 4902950.0], [567180.0, 4902950.0], [567180.0, 4902940.0], [567170.0, 4902940.0], [567170.0, 4902930.0], [567150.0, 4902930.0], [567150.0, 4902920.0], [567130.0, 4902920.0], [567130.0, 4902910.0], [567120.0, 4902910.0], [567120.0, 4902900.0], [567110.0, 4902900.0], [567110.0, 4902910.0], [566970.0, 4902910.0], [566970.0, 4902920.0], [566930.0, 4902920.0], [566930.0, 4902930.0], [566880.0, 4902930.0], [566880.0, 4902940.0], [566860.0, 4902940.0], [566860.0, 4902950.0], [566850.0, 4902950.0], [566850.0, 4902960.0], [566840.0, 4902960.0], [566840.0, 4902970.0], [566780.0, 4902970.0], [566780.0, 4902960.0], [566740.0, 4902960.0], [566740.0, 4902970.0], [566570.0, 4902970.0], [566570.0, 4902960.0], [566560.0, 4902960.0], [566560.0, 4902950.0], [566540.0, 4902950.0], [566540.0, 4902940.0], [566530.0, 4902940.0], [566530.0, 4902930.0], [566510.0, 4902930.0], [566510.0, 4902920.0], [566500.0, 4902920.0], [566500.0, 4902910.0], [566490.0, 4902910.0], [566490.0, 4902900.0], [566470.0, 4902900.0], [566470.0, 4902890.0], [566460.0, 4902890.0], [566460.0, 4902880.0], [566430.0, 4902880.0], [566430.0, 4902870.0], [566420.0, 4902870.0], [566420.0, 4902860.0], [566410.0, 4902860.0], [566410.0, 4902850.0], [566400.0, 4902850.0], [566400.0, 4902840.0], [566390.0, 4902840.0], [566390.0, 4902830.0], [566380.0, 4902830.0], [566380.0, 4902810.0], [566370.0, 4902810.0], [566370.0, 4902760.0], [566380.0, 4902760.0], [566380.0, 4902630.0], [566370.0, 4902630.0], [566370.0, 4902440.0], [566380.0, 4902440.0], [566380.0, 4902410.0], [566390.0, 4902410.0], [566390.0, 4902400.0], [566400.0, 4902400.0], [566400.0, 4902380.0], [566410.0, 4902380.0], [566410.0, 4902370.0], [566420.0, 4902370.0], [566420.0, 4902330.0], [566410.0, 4902330.0], [566410.0, 4902320.0], [566400.0, 4902320.0], [566400.0, 4902310.0], [566390.0, 4902310.0], [566390.0, 4902300.0], [566370.0, 4902300.0], [566370.0, 4902290.0], [566360.0, 4902290.0], [566360.0, 4902280.0], [566350.0, 4902280.0], [566350.0, 4902230.0], [566340.0, 4902230.0], [566340.0, 4902220.0], [566330.0, 4902220.0], [566330.0, 4902150.0], [566320.0, 4902150.0], [566320.0, 4902130.0], [566310.0, 4902130.0], [566310.0, 4902120.0], [566320.0, 4902120.0], [566320.0, 4902110.0], [566330.0, 4902110.0], [566330.0, 4902090.0], [566340.0, 4902090.0], [566340.0, 4902050.0], [566330.0, 4902050.0], [566330.0, 4902040.0], [566320.0, 4902040.0], [566320.0, 4902030.0], [566310.0, 4902030.0], [566310.0, 4902020.0], [566300.0, 4902020.0], [566300.0, 4902000.0], [566290.0, 4902000.0], [566290.0, 4901990.0], [566280.0, 4901990.0], [566280.0, 4901980.0], [566270.0, 4901980.0], [566270.0, 4901970.0], [566260.0, 4901970.0], [566260.0, 4901930.0], [566250.0, 4901930.0], [566250.0, 4901910.0], [566240.0, 4901910.0], [566240.0, 4901880.0], [566230.0, 4901880.0], [566230.0, 4901860.0], [566240.0, 4901860.0], [566240.0, 4901850.0], [566250.0, 4901850.0], [566250.0, 4901690.0], [566240.0, 4901690.0], [566240.0, 4901670.0], [566230.0, 4901670.0], [566230.0, 4901620.0], [566220.0, 4901620.0], [566220.0, 4901580.0], [566230.0, 4901580.0], [566230.0, 4901560.0], [566240.0, 4901560.0], [566240.0, 4901540.0], [566250.0, 4901540.0], [566250.0, 4901520.0], [566240.0, 4901520.0], [566240.0, 4901510.0], [566230.0, 4901510.0], [566230.0, 4901500.0], [566220.0, 4901500.0], [566220.0, 4901480.0], [566180.0, 4901480.0], [566180.0, 4901470.0], [566160.0, 4901470.0], [566160.0, 4901460.0], [566140.0, 4901460.0], [566140.0, 4901450.0], [566120.0, 4901450.0], [566120.0, 4901440.0], [566110.0, 4901440.0], [566110.0, 4901430.0], [566120.0, 4901430.0], [566120.0, 4901410.0], [566130.0, 4901410.0], [566130.0, 4901360.0], [566120.0, 4901360.0], [566120.0, 4901350.0], [566110.0, 4901350.0], [566110.0, 4901320.0], [566120.0, 4901320.0], [566120.0, 4901310.0], [566140.0, 4901310.0], [566140.0, 4901290.0], [566150.0, 4901290.0], [566150.0, 4901270.0], [566160.0, 4901270.0], [566160.0, 4901260.0], [566220.0, 4901260.0], [566220.0, 4901250.0], [566240.0, 4901250.0], [566240.0, 4901260.0], [566270.0, 4901260.0], [566270.0, 4901250.0], [566280.0, 4901250.0], [566280.0, 4901240.0], [566290.0, 4901240.0], [566290.0, 4901220.0], [566300.0, 4901220.0], [566300.0, 4901210.0], [566290.0, 4901210.0], [566290.0, 4901200.0], [566300.0, 4901200.0], [566300.0, 4901190.0], [566310.0, 4901190.0], [566310.0, 4901180.0], [566320.0, 4901180.0], [566320.0, 4901170.0], [566330.0, 4901170.0], [566330.0, 4901160.0], [566340.0, 4901160.0], [566340.0, 4901150.0], [566370.0, 4901150.0], [566370.0, 4901140.0], [566380.0, 4901140.0], [566380.0, 4901130.0], [566390.0, 4901130.0], [566390.0, 4901120.0], [566400.0, 4901120.0], [566400.0, 4901110.0], [566410.0, 4901110.0], [566410.0, 4901100.0], [566420.0, 4901100.0], [566420.0, 4901090.0], [566430.0, 4901090.0], [566430.0, 4901060.0], [566440.0, 4901060.0], [566440.0, 4900980.0], [566450.0, 4900980.0], [566450.0, 4900970.0], [566460.0, 4900970.0], [566460.0, 4900880.0], [566450.0, 4900880.0], [566450.0, 4900870.0], [566440.0, 4900870.0], [566440.0, 4900850.0], [566420.0, 4900850.0], [566420.0, 4900840.0], [566410.0, 4900840.0], [566410.0, 4900760.0], [566400.0, 4900760.0], [566400.0, 4900740.0], [566390.0, 4900740.0], [566390.0, 4900720.0], [566400.0, 4900720.0], [566400.0, 4900710.0], [566410.0, 4900710.0], [566410.0, 4900700.0], [566420.0, 4900700.0], [566420.0, 4900660.0], [566450.0, 4900660.0], [566450.0, 4900670.0], [566490.0, 4900670.0], [566490.0, 4900660.0], [566500.0, 4900660.0], [566500.0, 4900650.0], [566510.0, 4900650.0], [566510.0, 4900640.0], [566540.0, 4900640.0], [566540.0, 4900660.0], [566550.0, 4900660.0], [566550.0, 4900670.0], [566560.0, 4900670.0], [566560.0, 4900680.0], [566570.0, 4900680.0], [566570.0, 4900700.0], [566580.0, 4900700.0], [566580.0, 4900710.0], [566600.0, 4900710.0], [566600.0, 4900730.0], [566610.0, 4900730.0], [566610.0, 4900750.0], [566620.0, 4900750.0], [566620.0, 4900770.0], [566630.0, 4900770.0], [566630.0, 4900780.0], [566640.0, 4900780.0], [566640.0, 4900790.0], [566650.0, 4900790.0], [566650.0, 4900800.0], [566660.0, 4900800.0], [566660.0, 4900810.0], [566790.0, 4900810.0], [566790.0, 4900800.0], [566800.0, 4900800.0], [566800.0, 4900790.0], [566810.0, 4900790.0], [566810.0, 4900780.0], [566820.0, 4900780.0], [566820.0, 4900770.0], [566830.0, 4900770.0], [566830.0, 4900760.0], [566840.0, 4900760.0], [566840.0, 4900750.0], [566850.0, 4900750.0], [566850.0, 4900740.0], [566870.0, 4900740.0], [566870.0, 4900750.0], [566890.0, 4900750.0], [566890.0, 4900760.0], [567000.0, 4900760.0], [567000.0, 4900750.0], [567080.0, 4900750.0], [567080.0, 4900760.0], [567280.0, 4900760.0], [567280.0, 4900770.0], [567590.0, 4900770.0], [567590.0, 4900760.0], [567610.0, 4900760.0], [567610.0, 4900750.0], [567630.0, 4900750.0], [567630.0, 4900740.0], [567640.0, 4900740.0], [567640.0, 4900730.0], [567650.0, 4900730.0], [567650.0, 4900720.0], [567660.0, 4900720.0], [567660.0, 4900710.0], [567670.0, 4900710.0], [567670.0, 4900700.0], [567680.0, 4900700.0], [567680.0, 4900690.0], [567690.0, 4900690.0], [567690.0, 4900680.0], [567700.0, 4900680.0], [567700.0, 4900670.0], [567710.0, 4900670.0], [567710.0, 4900660.0], [567720.0, 4900660.0], [567720.0, 4900650.0], [567730.0, 4900650.0], [567730.0, 4900640.0], [567740.0, 4900640.0], [567740.0, 4900630.0], [567750.0, 4900630.0], [567750.0, 4900620.0], [567760.0, 4900620.0], [567760.0, 4900600.0], [567780.0, 4900600.0], [567780.0, 4900590.0], [567790.0, 4900590.0], [567790.0, 4900610.0], [567800.0, 4900610.0], [567800.0, 4900630.0], [567810.0, 4900630.0], [567810.0, 4900640.0], [567820.0, 4900640.0], [567820.0, 4900650.0], [567910.0, 4900650.0], [567910.0, 4900640.0], [567970.0, 4900640.0], [567970.0, 4900650.0], [568010.0, 4900650.0], [568010.0, 4900660.0], [568030.0, 4900660.0], [568030.0, 4900670.0], [568080.0, 4900670.0], [568080.0, 4900680.0], [568100.0, 4900680.0], [568100.0, 4900690.0], [568120.0, 4900690.0], [568120.0, 4900700.0], [568160.0, 4900700.0], [568160.0, 4900710.0], [568220.0, 4900710.0], [568220.0, 4900720.0], [568250.0, 4900720.0], [568250.0, 4900730.0], [568280.0, 4900730.0], [568280.0, 4900740.0], [568350.0, 4900740.0], [568350.0, 4900730.0], [568370.0, 4900730.0], [568370.0, 4900720.0], [568390.0, 4900720.0], [568390.0, 4900710.0], [568400.0, 4900710.0], [568400.0, 4900700.0], [568410.0, 4900700.0], [568410.0, 4900690.0], [568440.0, 4900690.0], [568440.0, 4900680.0], [568490.0, 4900680.0], [568490.0, 4900690.0], [568520.0, 4900690.0], [568520.0, 4900700.0], [568550.0, 4900700.0], [568550.0, 4900710.0], [568560.0, 4900710.0], [568560.0, 4900730.0], [568570.0, 4900730.0], [568570.0, 4900740.0], [568580.0, 4900740.0], [568580.0, 4900750.0], [568590.0, 4900750.0], [568590.0, 4900760.0], [568600.0, 4900760.0], [568600.0, 4900770.0], [568610.0, 4900770.0], [568610.0, 4900780.0], [568620.0, 4900780.0], [568620.0, 4900790.0], [568630.0, 4900790.0], [568630.0, 4900810.0], [568640.0, 4900810.0], [568640.0, 4900820.0], [568650.0, 4900820.0], [568650.0, 4900860.0], [568660.0, 4900860.0], [568660.0, 4900880.0], [568670.0, 4900880.0], [568670.0, 4900890.0], [568680.0, 4900890.0], [568680.0, 4900900.0], [568690.0, 4900900.0], [568690.0, 4900910.0], [568710.0, 4900910.0], [568710.0, 4900920.0], [568730.0, 4900920.0], [568730.0, 4900930.0], [568760.0, 4900930.0], [568760.0, 4900940.0], [568780.0, 4900940.0], [568780.0, 4900950.0], [568790.0, 4900950.0], [568790.0, 4900960.0], [568800.0, 4900960.0], [568800.0, 4900990.0], [568810.0, 4900990.0], [568810.0, 4901010.0], [568820.0, 4901010.0], [568820.0, 4901030.0], [568830.0, 4901030.0], [568830.0, 4901060.0], [568840.0, 4901060.0], [568840.0, 4901080.0], [568850.0, 4901080.0], [568850.0, 4901100.0], [568860.0, 4901100.0], [568860.0, 4901140.0], [568870.0, 4901140.0], [568870.0, 4901190.0], [568880.0, 4901190.0], [568880.0, 4901210.0], [568890.0, 4901210.0], [568890.0, 4901230.0], [568900.0, 4901230.0], [568900.0, 4901300.0], [568910.0, 4901300.0], [568910.0, 4901480.0], [568920.0, 4901480.0], [568920.0, 4901520.0], [568930.0, 4901520.0], [568930.0, 4901550.0], [568940.0, 4901550.0], [568940.0, 4901570.0], [568950.0, 4901570.0], [568950.0, 4901600.0], [568960.0, 4901600.0], [568960.0, 4901620.0], [568970.0, 4901620.0], [568970.0, 4901630.0], [568980.0, 4901630.0], [568980.0, 4901640.0], [568990.0, 4901640.0], [568990.0, 4901660.0], [569000.0, 4901660.0], [569000.0, 4901690.0], [569010.0, 4901690.0], [569010.0, 4901730.0], [569020.0, 4901730.0], [569020.0, 4901740.0], [569030.0, 4901740.0], [569030.0, 4901750.0], [569040.0, 4901750.0], [569040.0, 4901770.0], [569050.0, 4901770.0], [569050.0, 4901810.0], [569060.0, 4901810.0], [569060.0, 4901830.0], [569070.0, 4901830.0], [569070.0, 4901850.0], [569080.0, 4901850.0], [569080.0, 4901870.0], [569090.0, 4901870.0], [569090.0, 4901890.0], [569100.0, 4901890.0], [569100.0, 4901900.0], [569110.0, 4901900.0], [569110.0, 4901910.0], [569120.0, 4901910.0], [569120.0, 4901930.0], [569130.0, 4901930.0], [569130.0, 4901940.0], [569140.0, 4901940.0], [569140.0, 4901960.0], [569150.0, 4901960.0], [569150.0, 4901980.0], [569160.0, 4901980.0], [569160.0, 4902000.0], [569170.0, 4902000.0], [569170.0, 4902010.0], [569180.0, 4902010.0], [569180.0, 4902030.0], [569190.0, 4902030.0], [569190.0, 4902040.0], [569200.0, 4902040.0], [569200.0, 4902060.0], [569210.0, 4902060.0], [569210.0, 4902080.0], [569220.0, 4902080.0], [569220.0, 4902090.0], [569230.0, 4902090.0], [569230.0, 4902110.0], [569240.0, 4902110.0], [569240.0, 4902150.0], [569230.0, 4902150.0], [569230.0, 4902180.0], [569220.0, 4902180.0], [569220.0, 4902260.0], [569210.0, 4902260.0], [569210.0, 4902280.0], [569220.0, 4902280.0], [569220.0, 4902320.0], [569210.0, 4902320.0], [569210.0, 4902340.0], [569200.0, 4902340.0], [569200.0, 4902360.0], [569190.0, 4902360.0], [569190.0, 4902390.0], [569180.0, 4902390.0], [569180.0, 4902410.0], [569170.0, 4902410.0], [569170.0, 4902440.0], [569160.0, 4902440.0], [569160.0, 4902470.0], [569150.0, 4902470.0], [569150.0, 4902620.0], [569140.0, 4902620.0], [569140.0, 4902640.0], [569130.0, 4902640.0], [569130.0, 4902670.0], [569120.0, 4902670.0], [569120.0, 4902690.0], [569110.0, 4902690.0], [569110.0, 4902720.0], [569100.0, 4902720.0], [569100.0, 4902740.0], [569090.0, 4902740.0], [569090.0, 4902760.0], [569080.0, 4902760.0], [569080.0, 4902780.0], [569070.0, 4902780.0], [569070.0, 4902790.0], [569060.0, 4902790.0], [569060.0, 4902800.0], [569050.0, 4902800.0], [569050.0, 4902820.0], [569040.0, 4902820.0], [569040.0, 4902830.0], [569030.0, 4902830.0], [569030.0, 4902850.0], [569020.0, 4902850.0], [569020.0, 4902870.0], [569010.0, 4902870.0], [569010.0, 4902890.0], [569000.0, 4902890.0], [569000.0, 4902900.0], [568990.0, 4902900.0], [568990.0, 4902920.0], [568980.0, 4902920.0], [568980.0, 4902930.0], [568970.0, 4902930.0], [568970.0, 4902940.0], [568960.0, 4902940.0], [568960.0, 4902960.0], [568950.0, 4902960.0], [568950.0, 4902970.0], [568940.0, 4902970.0], [568940.0, 4902980.0], [568930.0, 4902980.0], [568930.0, 4902990.0], [568910.0, 4902990.0], [568910.0, 4903000.0], [568900.0, 4903000.0], [568900.0, 4903040.0], [568890.0, 4903040.0], [568890.0, 4903050.0], [568880.0, 4903050.0], [568880.0, 4903060.0], [568870.0, 4903060.0], [568870.0, 4903070.0], [568860.0, 4903070.0], [568860.0, 4903080.0], [568850.0, 4903080.0], [568850.0, 4903090.0], [568840.0, 4903090.0], [568840.0, 4903100.0], [568830.0, 4903100.0], [568830.0, 4903110.0], [568820.0, 4903110.0], [568820.0, 4903120.0], [568800.0, 4903120.0], [568800.0, 4903130.0], [568790.0, 4903130.0], [568790.0, 4903140.0], [568780.0, 4903140.0], [568780.0, 4903150.0], [568770.0, 4903150.0], [568770.0, 4903160.0], [568750.0, 4903160.0], [568750.0, 4903170.0], [568730.0, 4903170.0], [568730.0, 4903180.0], [568710.0, 4903180.0], [568710.0, 4903190.0], [568700.0, 4903190.0], [568700.0, 4903200.0], [568690.0, 4903200.0], [568690.0, 4903210.0], [568680.0, 4903210.0], [568680.0, 4903220.0], [568670.0, 4903220.0], [568670.0, 4903230.0], [568660.0, 4903230.0], [568660.0, 4903240.0], [568650.0, 4903240.0], [568650.0, 4903250.0], [568640.0, 4903250.0], [568640.0, 4903260.0], [568630.0, 4903260.0], [568630.0, 4903270.0], [568620.0, 4903270.0], [568620.0, 4903280.0], [568610.0, 4903280.0], [568610.0, 4903290.0], [568600.0, 4903290.0], [568600.0, 4903300.0], [568580.0, 4903300.0], [568580.0, 4903310.0], [568570.0, 4903310.0], [568570.0, 4903320.0], [568560.0, 4903320.0], [568560.0, 4903330.0], [568550.0, 4903330.0], [568550.0, 4903340.0], [568540.0, 4903340.0], [568540.0, 4903350.0], [568530.0, 4903350.0], [568530.0, 4903360.0], [568520.0, 4903360.0], [568520.0, 4903380.0], [568510.0, 4903380.0], [568510.0, 4903400.0], [568500.0, 4903400.0], [568500.0, 4903410.0], [568490.0, 4903410.0], [568490.0, 4903420.0], [568480.0, 4903420.0], [568480.0, 4903430.0], [568470.0, 4903430.0], [568470.0, 4903440.0], [568460.0, 4903440.0], [568460.0, 4903450.0], [568450.0, 4903450.0], [568450.0, 4903460.0], [568440.0, 4903460.0], [568440.0, 4903470.0], [568320.0, 4903470.0]]]}, "properties": {"site_code": "84", "dem_area_ha": 635.56, "routing_qc_pass": true}}, {"type": "Feature", "geometry": {"type": "Polygon", "coordinates": [[[568320.0, 4903470.0], [568320.0, 4903460.0], [568310.0, 4903460.0], [568310.0, 4903450.0], [568290.0, 4903450.0], [568290.0, 4903440.0], [568240.0, 4903440.0], [568240.0, 4903450.0], [568220.0, 4903450.0], [568220.0, 4903440.0], [568210.0, 4903440.0], [568210.0, 4903430.0], [568200.0, 4903430.0], [568200.0, 4903420.0], [568190.0, 4903420.0], [568190.0, 4903410.0], [568180.0, 4903410.0], [568180.0, 4903400.0], [568170.0, 4903400.0], [568170.0, 4903390.0], [568160.0, 4903390.0], [568160.0, 4903380.0], [568150.0, 4903380.0], [568150.0, 4903370.0], [568140.0, 4903370.0], [568140.0, 4903360.0], [568130.0, 4903360.0], [568130.0, 4903340.0], [568120.0, 4903340.0], [568120.0, 4903330.0], [568110.0, 4903330.0], [568110.0, 4903320.0], [568100.0, 4903320.0], [568100.0, 4903300.0], [568090.0, 4903300.0], [568090.0, 4903290.0], [568080.0, 4903290.0], [568080.0, 4903270.0], [568070.0, 4903270.0], [568070.0, 4903260.0], [568060.0, 4903260.0], [568060.0, 4903250.0], [568050.0, 4903250.0], [568050.0, 4903240.0], [568040.0, 4903240.0], [568040.0, 4903230.0], [568030.0, 4903230.0], [568030.0, 4903220.0], [568010.0, 4903220.0], [568010.0, 4903210.0], [567990.0, 4903210.0], [567990.0, 4903200.0], [567980.0, 4903200.0], [567980.0, 4903190.0], [567960.0, 4903190.0], [567960.0, 4903180.0], [567950.0, 4903180.0], [567950.0, 4903170.0], [567940.0, 4903170.0], [567940.0, 4903160.0], [567930.0, 4903160.0], [567930.0, 4903150.0], [567920.0, 4903150.0], [567920.0, 4903140.0], [567910.0, 4903140.0], [567910.0, 4903130.0], [567900.0, 4903130.0], [567900.0, 4903120.0], [567890.0, 4903120.0], [567890.0, 4903110.0], [567880.0, 4903110.0], [567880.0, 4903100.0], [567870.0, 4903100.0], [567870.0, 4903090.0], [567860.0, 4903090.0], [567860.0, 4903080.0], [567850.0, 4903080.0], [567850.0, 4903070.0], [567840.0, 4903070.0], [567840.0, 4903060.0], [567830.0, 4903060.0], [567830.0, 4903050.0], [567810.0, 4903050.0], [567810.0, 4903040.0], [567800.0, 4903040.0], [567800.0, 4903030.0], [567770.0, 4903030.0], [567770.0, 4903020.0], [567750.0, 4903020.0], [567750.0, 4903010.0], [567740.0, 4903010.0], [567740.0, 4903000.0], [567720.0, 4903000.0], [567720.0, 4902990.0], [567710.0, 4902990.0], [567710.0, 4902980.0], [567690.0, 4902980.0], [567690.0, 4902970.0], [567670.0, 4902970.0], [567670.0, 4902980.0], [567650.0, 4902980.0], [567650.0, 4902990.0], [567550.0, 4902990.0], [567550.0, 4903000.0], [567510.0, 4903000.0], [567510.0, 4903010.0], [567410.0, 4903010.0], [567410.0, 4903020.0], [567400.0, 4903020.0], [567400.0, 4903030.0], [567390.0, 4903030.0], [567390.0, 4903040.0], [567340.0, 4903040.0], [567340.0, 4903050.0], [567320.0, 4903050.0], [567320.0, 4903060.0], [567290.0, 4903060.0], [567290.0, 4903050.0], [567280.0, 4903050.0], [567280.0, 4903040.0], [567270.0, 4903040.0], [567270.0, 4903030.0], [567260.0, 4903030.0], [567260.0, 4903010.0], [567250.0, 4903010.0], [567250.0, 4903000.0], [567240.0, 4903000.0], [567240.0, 4902990.0], [567230.0, 4902990.0], [567230.0, 4902980.0], [567220.0, 4902980.0], [567220.0, 4902970.0], [567210.0, 4902970.0], [567210.0, 4902960.0], [567190.0, 4902960.0], [567190.0, 4902950.0], [567180.0, 4902950.0], [567180.0, 4902940.0], [567170.0, 4902940.0], [567170.0, 4902930.0], [567150.0, 4902930.0], [567150.0, 4902920.0], [567130.0, 4902920.0], [567130.0, 4902910.0], [567120.0, 4902910.0], [567120.0, 4902900.0], [567110.0, 4902900.0], [567110.0, 4902910.0], [566970.0, 4902910.0], [566970.0, 4902920.0], [566930.0, 4902920.0], [566930.0, 4902930.0], [566880.0, 4902930.0], [566880.0, 4902940.0], [566860.0, 4902940.0], [566860.0, 4902950.0], [566850.0, 4902950.0], [566850.0, 4902960.0], [566840.0, 4902960.0], [566840.0, 4902970.0], [566780.0, 4902970.0], [566780.0, 4902960.0], [566740.0, 4902960.0], [566740.0, 4902970.0], [566570.0, 4902970.0], [566570.0, 4902960.0], [566560.0, 4902960.0], [566560.0, 4902950.0], [566540.0, 4902950.0], [566540.0, 4902940.0], [566530.0, 4902940.0], [566530.0, 4902930.0], [566510.0, 4902930.0], [566510.0, 4902920.0], [566500.0, 4902920.0], [566500.0, 4902910.0], [566490.0, 4902910.0], [566490.0, 4902900.0], [566470.0, 4902900.0], [566470.0, 4902890.0], [566460.0, 4902890.0], [566460.0, 4902880.0], [566430.0, 4902880.0], [566430.0, 4902870.0], [566420.0, 4902870.0], [566420.0, 4902860.0], [566410.0, 4902860.0], [566410.0, 4902850.0], [566400.0, 4902850.0], [566400.0, 4902840.0], [566390.0, 4902840.0], [566390.0, 4902830.0], [566380.0, 4902830.0], [566380.0, 4902810.0], [566370.0, 4902810.0], [566370.0, 4902760.0], [566380.0, 4902760.0], [566380.0, 4902630.0], [566370.0, 4902630.0], [566370.0, 4902600.0], [566360.0, 4902600.0], [566360.0, 4902590.0], [566350.0, 4902590.0], [566350.0, 4902580.0], [566340.0, 4902580.0], [566340.0, 4902570.0], [566320.0, 4902570.0], [566320.0, 4902560.0], [566310.0, 4902560.0], [566310.0, 4902550.0], [566300.0, 4902550.0], [566300.0, 4902540.0], [566290.0, 4902540.0], [566290.0, 4902530.0], [566280.0, 4902530.0], [566280.0, 4902520.0], [566260.0, 4902520.0], [566260.0, 4902510.0], [566210.0, 4902510.0], [566210.0, 4902500.0], [566190.0, 4902500.0], [566190.0, 4902490.0], [566170.0, 4902490.0], [566170.0, 4902480.0], [566150.0, 4902480.0], [566150.0, 4902470.0], [566140.0, 4902470.0], [566140.0, 4902460.0], [566130.0, 4902460.0], [566130.0, 4902440.0], [566120.0, 4902440.0], [566120.0, 4902430.0], [566100.0, 4902430.0], [566100.0, 4902420.0], [566050.0, 4902420.0], [566050.0, 4902410.0], [566030.0, 4902410.0], [566030.0, 4902400.0], [566010.0, 4902400.0], [566010.0, 4902390.0], [566000.0, 4902390.0], [566000.0, 4902320.0], [565990.0, 4902320.0], [565990.0, 4902310.0], [565980.0, 4902310.0], [565980.0, 4902300.0], [565970.0, 4902300.0], [565970.0, 4902280.0], [565960.0, 4902280.0], [565960.0, 4902260.0], [565950.0, 4902260.0], [565950.0, 4902240.0], [565940.0, 4902240.0], [565940.0, 4902230.0], [565930.0, 4902230.0], [565930.0, 4902220.0], [565920.0, 4902220.0], [565920.0, 4902210.0], [565900.0, 4902210.0], [565900.0, 4902200.0], [565890.0, 4902200.0], [565890.0, 4902180.0], [565880.0, 4902180.0], [565880.0, 4902160.0], [565870.0, 4902160.0], [565870.0, 4902150.0], [565850.0, 4902150.0], [565850.0, 4902140.0], [565830.0, 4902140.0], [565830.0, 4902130.0], [565820.0, 4902130.0], [565820.0, 4902120.0], [565800.0, 4902120.0], [565800.0, 4902110.0], [565790.0, 4902110.0], [565790.0, 4902100.0], [565760.0, 4902100.0], [565760.0, 4902090.0], [565740.0, 4902090.0], [565740.0, 4902080.0], [565730.0, 4902080.0], [565730.0, 4902070.0], [565720.0, 4902070.0], [565720.0, 4902060.0], [565700.0, 4902060.0], [565700.0, 4902050.0], [565650.0, 4902050.0], [565650.0, 4902040.0], [565630.0, 4902040.0], [565630.0, 4902030.0], [565620.0, 4902030.0], [565620.0, 4902020.0], [565610.0, 4902020.0], [565610.0, 4902010.0], [565600.0, 4902010.0], [565600.0, 4902000.0], [565580.0, 4902000.0], [565580.0, 4901990.0], [565570.0, 4901990.0], [565570.0, 4901980.0], [565550.0, 4901980.0], [565550.0, 4901970.0], [565540.0, 4901970.0], [565540.0, 4901960.0], [565520.0, 4901960.0], [565520.0, 4901950.0], [565490.0, 4901950.0], [565490.0, 4901940.0], [565480.0, 4901940.0], [565480.0, 4901930.0], [565470.0, 4901930.0], [565470.0, 4901910.0], [565460.0, 4901910.0], [565460.0, 4901890.0], [565450.0, 4901890.0], [565450.0, 4901830.0], [565440.0, 4901830.0], [565440.0, 4901820.0], [565420.0, 4901820.0], [565420.0, 4901810.0], [565410.0, 4901810.0], [565410.0, 4901790.0], [565400.0, 4901790.0], [565400.0, 4901780.0], [565390.0, 4901780.0], [565390.0, 4901770.0], [565380.0, 4901770.0], [565380.0, 4901740.0], [565370.0, 4901740.0], [565370.0, 4901730.0], [565360.0, 4901730.0], [565360.0, 4901720.0], [565350.0, 4901720.0], [565350.0, 4901710.0], [565340.0, 4901710.0], [565340.0, 4901700.0], [565330.0, 4901700.0], [565330.0, 4901690.0], [565320.0, 4901690.0], [565320.0, 4901680.0], [565310.0, 4901680.0], [565310.0, 4901670.0], [565300.0, 4901670.0], [565300.0, 4901660.0], [565290.0, 4901660.0], [565290.0, 4901650.0], [565280.0, 4901650.0], [565280.0, 4901640.0], [565260.0, 4901640.0], [565260.0, 4901630.0], [565250.0, 4901630.0], [565250.0, 4901620.0], [565240.0, 4901620.0], [565240.0, 4901610.0], [565230.0, 4901610.0], [565230.0, 4901590.0], [565220.0, 4901590.0], [565220.0, 4901570.0], [565210.0, 4901570.0], [565210.0, 4901560.0], [565190.0, 4901560.0], [565190.0, 4901550.0], [565160.0, 4901550.0], [565160.0, 4901540.0], [565140.0, 4901540.0], [565140.0, 4901530.0], [565130.0, 4901530.0], [565130.0, 4901510.0], [565110.0, 4901510.0], [565110.0, 4901500.0], [565100.0, 4901500.0], [565100.0, 4901490.0], [565090.0, 4901490.0], [565090.0, 4901480.0], [565080.0, 4901480.0], [565080.0, 4901450.0], [565050.0, 4901450.0], [565050.0, 4901440.0], [565020.0, 4901440.0], [565020.0, 4901430.0], [565000.0, 4901430.0], [565000.0, 4901420.0], [564990.0, 4901420.0], [564990.0, 4901400.0], [564980.0, 4901400.0], [564980.0, 4901390.0], [564970.0, 4901390.0], [564970.0, 4901380.0], [564950.0, 4901380.0], [564950.0, 4901370.0], [564930.0, 4901370.0], [564930.0, 4901360.0], [564920.0, 4901360.0], [564920.0, 4901350.0], [564910.0, 4901350.0], [564910.0, 4901340.0], [564900.0, 4901340.0], [564900.0, 4901330.0], [564890.0, 4901330.0], [564890.0, 4901320.0], [564880.0, 4901320.0], [564880.0, 4901310.0], [564860.0, 4901310.0], [564860.0, 4901300.0], [564850.0, 4901300.0], [564850.0, 4901280.0], [564840.0, 4901280.0], [564840.0, 4901270.0], [564830.0, 4901270.0], [564830.0, 4901260.0], [564820.0, 4901260.0], [564820.0, 4901250.0], [564810.0, 4901250.0], [564810.0, 4901240.0], [564800.0, 4901240.0], [564800.0, 4901230.0], [564790.0, 4901230.0], [564790.0, 4901220.0], [564780.0, 4901220.0], [564780.0, 4901210.0], [564760.0, 4901210.0], [564760.0, 4901200.0], [564740.0, 4901200.0], [564740.0, 4901190.0], [564730.0, 4901190.0], [564730.0, 4901180.0], [564710.0, 4901180.0], [564710.0, 4901170.0], [564690.0, 4901170.0], [564690.0, 4901160.0], [564670.0, 4901160.0], [564670.0, 4901150.0], [564660.0, 4901150.0], [564660.0, 4901140.0], [564640.0, 4901140.0], [564640.0, 4901130.0], [564620.0, 4901130.0], [564620.0, 4901120.0], [564610.0, 4901120.0], [564610.0, 4901100.0], [564600.0, 4901100.0], [564600.0, 4901090.0], [564590.0, 4901090.0], [564590.0, 4901070.0], [564580.0, 4901070.0], [564580.0, 4901050.0], [564570.0, 4901050.0], [564570.0, 4901030.0], [564560.0, 4901030.0], [564560.0, 4901010.0], [564550.0, 4901010.0], [564550.0, 4900990.0], [564540.0, 4900990.0], [564540.0, 4900970.0], [564530.0, 4900970.0], [564530.0, 4900950.0], [564520.0, 4900950.0], [564520.0, 4900930.0], [564510.0, 4900930.0], [564510.0, 4900920.0], [564500.0, 4900920.0], [564500.0, 4900900.0], [564490.0, 4900900.0], [564490.0, 4900890.0], [564480.0, 4900890.0], [564480.0, 4900870.0], [564470.0, 4900870.0], [564470.0, 4900830.0], [564460.0, 4900830.0], [564460.0, 4900730.0], [564450.0, 4900730.0], [564450.0, 4900710.0], [564440.0, 4900710.0], [564440.0, 4900700.0], [564430.0, 4900700.0], [564430.0, 4900690.0], [564410.0, 4900690.0], [564410.0, 4900680.0], [564400.0, 4900680.0], [564400.0, 4900670.0], [564390.0, 4900670.0], [564390.0, 4900660.0], [564380.0, 4900660.0], [564380.0, 4900640.0], [564370.0, 4900640.0], [564370.0, 4900630.0], [564360.0, 4900630.0], [564360.0, 4900640.0], [564290.0, 4900640.0], [564290.0, 4900630.0], [564250.0, 4900630.0], [564250.0, 4900620.0], [564220.0, 4900620.0], [564220.0, 4900610.0], [564190.0, 4900610.0], [564190.0, 4900600.0], [564180.0, 4900600.0], [564180.0, 4900590.0], [564170.0, 4900590.0], [564170.0, 4900580.0], [564150.0, 4900580.0], [564150.0, 4900570.0], [564130.0, 4900570.0], [564130.0, 4900560.0], [564120.0, 4900560.0], [564120.0, 4900550.0], [564110.0, 4900550.0], [564110.0, 4900540.0], [564100.0, 4900540.0], [564100.0, 4900530.0], [564090.0, 4900530.0], [564090.0, 4900520.0], [564080.0, 4900520.0], [564080.0, 4900510.0], [564070.0, 4900510.0], [564070.0, 4900490.0], [564060.0, 4900490.0], [564060.0, 4900480.0], [564050.0, 4900480.0], [564050.0, 4900460.0], [564040.0, 4900460.0], [564040.0, 4900450.0], [564030.0, 4900450.0], [564030.0, 4900430.0], [564020.0, 4900430.0], [564020.0, 4900400.0], [564010.0, 4900400.0], [564010.0, 4900390.0], [564000.0, 4900390.0], [564000.0, 4900380.0], [563990.0, 4900380.0], [563990.0, 4900370.0], [563970.0, 4900370.0], [563970.0, 4900360.0], [563950.0, 4900360.0], [563950.0, 4900350.0], [563940.0, 4900350.0], [563940.0, 4900340.0], [563920.0, 4900340.0], [563920.0, 4900330.0], [563910.0, 4900330.0], [563910.0, 4900320.0], [563900.0, 4900320.0], [563900.0, 4900310.0], [563880.0, 4900310.0], [563880.0, 4900300.0], [563870.0, 4900300.0], [563870.0, 4900290.0], [563860.0, 4900290.0], [563860.0, 4900280.0], [563850.0, 4900280.0], [563850.0, 4900270.0], [563840.0, 4900270.0], [563840.0, 4900240.0], [563830.0, 4900240.0], [563830.0, 4900170.0], [563840.0, 4900170.0], [563840.0, 4900160.0], [563850.0, 4900160.0], [563850.0, 4900150.0], [563860.0, 4900150.0], [563860.0, 4900120.0], [563850.0, 4900120.0], [563850.0, 4900100.0], [563840.0, 4900100.0], [563840.0, 4900080.0], [563830.0, 4900080.0], [563830.0, 4900070.0], [563820.0, 4900070.0], [563820.0, 4900060.0], [563810.0, 4900060.0], [563810.0, 4900050.0], [563800.0, 4900050.0], [563800.0, 4900030.0], [563790.0, 4900030.0], [563790.0, 4900020.0], [563780.0, 4900020.0], [563780.0, 4900010.0], [563770.0, 4900010.0], [563770.0, 4899990.0], [563760.0, 4899990.0], [563760.0, 4899980.0], [563750.0, 4899980.0], [563750.0, 4899970.0], [563740.0, 4899970.0], [563740.0, 4899950.0], [563730.0, 4899950.0], [563730.0, 4899940.0], [563710.0, 4899940.0], [563710.0, 4899930.0], [563700.0, 4899930.0], [563700.0, 4899920.0], [563670.0, 4899920.0], [563670.0, 4899930.0], [563600.0, 4899930.0], [563600.0, 4899920.0], [563570.0, 4899920.0], [563570.0, 4899910.0], [563500.0, 4899910.0], [563500.0, 4899900.0], [563480.0, 4899900.0], [563480.0, 4899880.0], [563470.0, 4899880.0], [563470.0, 4899870.0], [563460.0, 4899870.0], [563460.0, 4899860.0], [563450.0, 4899860.0], [563450.0, 4899850.0], [563440.0, 4899850.0], [563440.0, 4899840.0], [563420.0, 4899840.0], [563420.0, 4899830.0], [563400.0, 4899830.0], [563400.0, 4899820.0], [563380.0, 4899820.0], [563380.0, 4899800.0], [563370.0, 4899800.0], [563370.0, 4899790.0], [563360.0, 4899790.0], [563360.0, 4899780.0], [563350.0, 4899780.0], [563350.0, 4899770.0], [563330.0, 4899770.0], [563330.0, 4899760.0], [563320.0, 4899760.0], [563320.0, 4899720.0], [563310.0, 4899720.0], [563310.0, 4899710.0], [563300.0, 4899710.0], [563300.0, 4899690.0], [563290.0, 4899690.0], [563290.0, 4899680.0], [563280.0, 4899680.0], [563280.0, 4899660.0], [563270.0, 4899660.0], [563270.0, 4899650.0], [563260.0, 4899650.0], [563260.0, 4899630.0], [563250.0, 4899630.0], [563250.0, 4899620.0], [563240.0, 4899620.0], [563240.0, 4899600.0], [563230.0, 4899600.0], [563230.0, 4899550.0], [563220.0, 4899550.0], [563220.0, 4899540.0], [563200.0, 4899540.0], [563200.0, 4899530.0], [563190.0, 4899530.0], [563190.0, 4899520.0], [563170.0, 4899520.0], [563170.0, 4899510.0], [563160.0, 4899510.0], [563160.0, 4899500.0], [563130.0, 4899500.0], [563130.0, 4899490.0], [563030.0, 4899490.0], [563030.0, 4899500.0], [563020.0, 4899500.0], [563020.0, 4899510.0], [563010.0, 4899510.0], [563010.0, 4899520.0], [563000.0, 4899520.0], [563000.0, 4899530.0], [562990.0, 4899530.0], [562990.0, 4899540.0], [562980.0, 4899540.0], [562980.0, 4899550.0], [562950.0, 4899550.0], [562950.0, 4899560.0], [562910.0, 4899560.0], [562910.0, 4899570.0], [562890.0, 4899570.0], [562890.0, 4899580.0], [562810.0, 4899580.0], [562810.0, 4899570.0], [562760.0, 4899570.0], [562760.0, 4899560.0], [562740.0, 4899560.0], [562740.0, 4899540.0], [562730.0, 4899540.0], [562730.0, 4899520.0], [562720.0, 4899520.0], [562720.0, 4899500.0], [562710.0, 4899500.0], [562710.0, 4899480.0], [562700.0, 4899480.0], [562700.0, 4899470.0], [562690.0, 4899470.0], [562690.0, 4899460.0], [562670.0, 4899460.0], [562670.0, 4899450.0], [562640.0, 4899450.0], [562640.0, 4899440.0], [562630.0, 4899440.0], [562630.0, 4899430.0], [562620.0, 4899430.0], [562620.0, 4899420.0], [562610.0, 4899420.0], [562610.0, 4899410.0], [562600.0, 4899410.0], [562600.0, 4899400.0], [562590.0, 4899400.0], [562590.0, 4899410.0], [562540.0, 4899410.0], [562540.0, 4899400.0], [562520.0, 4899400.0], [562520.0, 4899390.0], [562510.0, 4899390.0], [562510.0, 4899380.0], [562500.0, 4899380.0], [562500.0, 4899370.0], [562490.0, 4899370.0], [562490.0, 4899360.0], [562480.0, 4899360.0], [562480.0, 4899350.0], [562460.0, 4899350.0], [562460.0, 4899340.0], [562440.0, 4899340.0], [562440.0, 4899330.0], [562330.0, 4899330.0], [562330.0, 4899270.0], [562320.0, 4899270.0], [562320.0, 4899240.0], [562310.0, 4899240.0], [562310.0, 4899190.0], [562300.0, 4899190.0], [562300.0, 4899160.0], [562290.0, 4899160.0], [562290.0, 4899140.0], [562280.0, 4899140.0], [562280.0, 4899120.0], [562270.0, 4899120.0], [562270.0, 4899110.0], [562260.0, 4899110.0], [562260.0, 4899090.0], [562250.0, 4899090.0], [562250.0, 4899080.0], [562240.0, 4899080.0], [562240.0, 4899070.0], [562220.0, 4899070.0], [562220.0, 4899060.0], [562200.0, 4899060.0], [562200.0, 4899050.0], [562190.0, 4899050.0], [562190.0, 4899040.0], [562170.0, 4899040.0], [562170.0, 4899030.0], [562150.0, 4899030.0], [562150.0, 4899020.0], [562140.0, 4899020.0], [562140.0, 4899000.0], [562150.0, 4899000.0], [562150.0, 4898980.0], [562160.0, 4898980.0], [562160.0, 4898920.0], [562150.0, 4898920.0], [562150.0, 4898900.0], [562140.0, 4898900.0], [562140.0, 4898890.0], [562130.0, 4898890.0], [562130.0, 4898870.0], [562120.0, 4898870.0], [562120.0, 4898850.0], [562110.0, 4898850.0], [562110.0, 4898840.0], [562100.0, 4898840.0], [562100.0, 4898830.0], [562090.0, 4898830.0], [562090.0, 4898820.0], [562100.0, 4898820.0], [562100.0, 4898800.0], [562110.0, 4898800.0], [562110.0, 4898730.0], [562100.0, 4898730.0], [562100.0, 4898720.0], [562070.0, 4898720.0], [562070.0, 4898710.0], [562040.0, 4898710.0], [562040.0, 4898700.0], [562030.0, 4898700.0], [562030.0, 4898690.0], [562010.0, 4898690.0], [562010.0, 4898680.0], [561980.0, 4898680.0], [561980.0, 4898670.0], [561970.0, 4898670.0], [561970.0, 4898660.0], [561960.0, 4898660.0], [561960.0, 4898650.0], [561910.0, 4898650.0], [561910.0, 4898640.0], [561890.0, 4898640.0], [561890.0, 4898630.0], [561800.0, 4898630.0], [561800.0, 4898620.0], [561780.0, 4898620.0], [561780.0, 4898610.0], [561770.0, 4898610.0], [561770.0, 4898600.0], [561740.0, 4898600.0], [561740.0, 4898590.0], [561710.0, 4898590.0], [561710.0, 4898580.0], [561680.0, 4898580.0], [561680.0, 4898590.0], [561620.0, 4898590.0], [561620.0, 4898580.0], [561600.0, 4898580.0], [561600.0, 4898570.0], [561580.0, 4898570.0], [561580.0, 4898560.0], [561550.0, 4898560.0], [561550.0, 4898550.0], [561510.0, 4898550.0], [561510.0, 4898540.0], [561480.0, 4898540.0], [561480.0, 4898530.0], [561450.0, 4898530.0], [561450.0, 4898520.0], [561430.0, 4898520.0], [561430.0, 4898510.0], [561410.0, 4898510.0], [561410.0, 4898500.0], [561400.0, 4898500.0], [561400.0, 4898490.0], [561390.0, 4898490.0], [561390.0, 4898460.0], [561380.0, 4898460.0], [561380.0, 4898430.0], [561370.0, 4898430.0], [561370.0, 4898400.0], [561360.0, 4898400.0], [561360.0, 4898370.0], [561350.0, 4898370.0], [561350.0, 4898350.0], [561340.0, 4898350.0], [561340.0, 4898340.0], [561320.0, 4898340.0], [561320.0, 4898330.0], [561300.0, 4898330.0], [561300.0, 4898320.0], [561280.0, 4898320.0], [561280.0, 4898310.0], [561260.0, 4898310.0], [561260.0, 4898300.0], [561250.0, 4898300.0], [561250.0, 4898290.0], [561240.0, 4898290.0], [561240.0, 4898280.0], [561230.0, 4898280.0], [561230.0, 4898270.0], [561220.0, 4898270.0], [561220.0, 4898260.0], [561210.0, 4898260.0], [561210.0, 4898250.0], [561200.0, 4898250.0], [561200.0, 4898240.0], [561190.0, 4898240.0], [561190.0, 4898230.0], [561180.0, 4898230.0], [561180.0, 4898210.0], [561170.0, 4898210.0], [561170.0, 4898200.0], [561160.0, 4898200.0], [561160.0, 4898190.0], [561150.0, 4898190.0], [561150.0, 4898180.0], [561140.0, 4898180.0], [561140.0, 4898170.0], [561120.0, 4898170.0], [561120.0, 4898160.0], [561090.0, 4898160.0], [561090.0, 4898150.0], [561070.0, 4898150.0], [561070.0, 4898140.0], [561060.0, 4898140.0], [561060.0, 4898130.0], [561030.0, 4898130.0], [561030.0, 4898120.0], [561020.0, 4898120.0], [561020.0, 4898110.0], [561010.0, 4898110.0], [561010.0, 4898100.0], [560990.0, 4898100.0], [560990.0, 4898090.0], [560980.0, 4898090.0], [560980.0, 4898080.0], [560970.0, 4898080.0], [560970.0, 4898070.0], [560960.0, 4898070.0], [560960.0, 4898060.0], [560950.0, 4898060.0], [560950.0, 4898050.0], [560940.0, 4898050.0], [560940.0, 4898040.0], [560930.0, 4898040.0], [560930.0, 4898030.0], [560920.0, 4898030.0], [560920.0, 4898020.0], [560900.0, 4898020.0], [560900.0, 4898010.0], [560880.0, 4898010.0], [560880.0, 4898000.0], [560830.0, 4898000.0], [560830.0, 4897990.0], [560820.0, 4897990.0], [560820.0, 4897980.0], [560810.0, 4897980.0], [560810.0, 4897970.0], [560800.0, 4897970.0], [560800.0, 4897960.0], [560790.0, 4897960.0], [560790.0, 4897950.0], [560770.0, 4897950.0], [560770.0, 4897940.0], [560760.0, 4897940.0], [560760.0, 4897930.0], [560750.0, 4897930.0], [560750.0, 4897920.0], [560730.0, 4897920.0], [560730.0, 4897910.0], [560720.0, 4897910.0], [560720.0, 4897900.0], [560710.0, 4897900.0], [560710.0, 4897890.0], [560700.0, 4897890.0], [560700.0, 4897880.0], [560690.0, 4897880.0], [560690.0, 4897870.0], [560680.0, 4897870.0], [560680.0, 4897810.0], [560670.0, 4897810.0], [560670.0, 4897800.0], [560690.0, 4897800.0], [560690.0, 4897790.0], [560700.0, 4897790.0], [560700.0, 4897780.0], [560780.0, 4897780.0], [560780.0, 4897770.0], [560800.0, 4897770.0], [560800.0, 4897760.0], [560810.0, 4897760.0], [560810.0, 4897750.0], [560840.0, 4897750.0], [560840.0, 4897740.0], [560860.0, 4897740.0], [560860.0, 4897730.0], [560870.0, 4897730.0], [560870.0, 4897720.0], [560880.0, 4897720.0], [560880.0, 4897710.0], [560890.0, 4897710.0], [560890.0, 4897700.0], [560900.0, 4897700.0], [560900.0, 4897690.0], [560910.0, 4897690.0], [560910.0, 4897680.0], [560920.0, 4897680.0], [560920.0, 4897670.0], [560930.0, 4897670.0], [560930.0, 4897660.0], [560940.0, 4897660.0], [560940.0, 4897600.0], [560950.0, 4897600.0], [560950.0, 4897590.0], [560960.0, 4897590.0], [560960.0, 4897580.0], [560970.0, 4897580.0], [560970.0, 4897570.0], [560980.0, 4897570.0], [560980.0, 4897560.0], [560990.0, 4897560.0], [560990.0, 4897550.0], [561000.0, 4897550.0], [561000.0, 4897540.0], [561010.0, 4897540.0], [561010.0, 4897530.0], [561020.0, 4897530.0], [561020.0, 4897520.0], [561030.0, 4897520.0], [561030.0, 4897470.0], [561040.0, 4897470.0], [561040.0, 4897450.0], [561050.0, 4897450.0], [561050.0, 4897330.0], [561040.0, 4897330.0], [561040.0, 4897310.0], [561050.0, 4897310.0], [561050.0, 4897210.0], [561060.0, 4897210.0], [561060.0, 4897200.0], [561070.0, 4897200.0], [561070.0, 4897170.0], [561080.0, 4897170.0], [561080.0, 4897150.0], [561090.0, 4897150.0], [561090.0, 4897140.0], [561100.0, 4897140.0], [561100.0, 4897130.0], [561110.0, 4897130.0], [561110.0, 4897120.0], [561130.0, 4897120.0], [561130.0, 4897110.0], [561140.0, 4897110.0], [561140.0, 4897100.0], [561160.0, 4897100.0], [561160.0, 4897110.0], [561240.0, 4897110.0], [561240.0, 4897100.0], [561250.0, 4897100.0], [561250.0, 4897110.0], [561310.0, 4897110.0], [561310.0, 4897120.0], [561320.0, 4897120.0], [561320.0, 4897130.0], [561330.0, 4897130.0], [561330.0, 4897140.0], [561340.0, 4897140.0], [561340.0, 4897150.0], [561350.0, 4897150.0], [561350.0, 4897160.0], [561360.0, 4897160.0], [561360.0, 4897170.0], [561370.0, 4897170.0], [561370.0, 4897180.0], [561380.0, 4897180.0], [561380.0, 4897190.0], [561400.0, 4897190.0], [561400.0, 4897200.0], [561500.0, 4897200.0], [561500.0, 4897210.0], [561610.0, 4897210.0], [561610.0, 4897200.0], [561620.0, 4897200.0], [561620.0, 4897190.0], [561630.0, 4897190.0], [561630.0, 4897180.0], [561640.0, 4897180.0], [561640.0, 4897170.0], [561650.0, 4897170.0], [561650.0, 4897160.0], [561660.0, 4897160.0], [561660.0, 4897150.0], [561670.0, 4897150.0], [561670.0, 4897140.0], [561680.0, 4897140.0], [561680.0, 4897130.0], [561690.0, 4897130.0], [561690.0, 4897120.0], [561710.0, 4897120.0], [561710.0, 4897110.0], [561720.0, 4897110.0], [561720.0, 4897100.0], [561730.0, 4897100.0], [561730.0, 4897090.0], [561750.0, 4897090.0], [561750.0, 4897080.0], [561760.0, 4897080.0], [561760.0, 4897070.0], [561820.0, 4897070.0], [561820.0, 4897050.0], [561830.0, 4897050.0], [561830.0, 4897040.0], [561840.0, 4897040.0], [561840.0, 4897020.0], [561850.0, 4897020.0], [561850.0, 4896900.0], [561860.0, 4896900.0], [561860.0, 4896830.0], [561870.0, 4896830.0], [561870.0, 4896810.0], [561880.0, 4896810.0], [561880.0, 4896790.0], [561890.0, 4896790.0], [561890.0, 4896760.0], [561900.0, 4896760.0], [561900.0, 4896740.0], [561910.0, 4896740.0], [561910.0, 4896720.0], [561920.0, 4896720.0], [561920.0, 4896710.0], [561910.0, 4896710.0], [561910.0, 4896690.0], [561920.0, 4896690.0], [561920.0, 4896660.0], [561930.0, 4896660.0], [561930.0, 4896640.0], [561940.0, 4896640.0], [561940.0, 4896580.0], [561930.0, 4896580.0], [561930.0, 4896550.0], [561920.0, 4896550.0], [561920.0, 4896500.0], [561910.0, 4896500.0], [561910.0, 4896490.0], [561900.0, 4896490.0], [561900.0, 4896480.0], [561890.0, 4896480.0], [561890.0, 4896470.0], [561880.0, 4896470.0], [561880.0, 4896460.0], [561870.0, 4896460.0], [561870.0, 4896430.0], [561860.0, 4896430.0], [561860.0, 4896410.0], [561850.0, 4896410.0], [561850.0, 4896400.0], [561860.0, 4896400.0], [561860.0, 4896350.0], [561870.0, 4896350.0], [561870.0, 4896330.0], [561880.0, 4896330.0], [561880.0, 4896290.0], [561870.0, 4896290.0], [561870.0, 4896280.0], [561860.0, 4896280.0], [561860.0, 4896270.0], [561850.0, 4896270.0], [561850.0, 4896220.0], [561860.0, 4896220.0], [561860.0, 4896170.0], [561870.0, 4896170.0], [561870.0, 4896160.0], [561860.0, 4896160.0], [561860.0, 4896000.0], [561850.0, 4896000.0], [561850.0, 4895930.0], [561860.0, 4895930.0], [561860.0, 4895920.0], [561870.0, 4895920.0], [561870.0, 4895600.0], [561880.0, 4895600.0], [561880.0, 4895580.0], [561890.0, 4895580.0], [561890.0, 4895550.0], [561920.0, 4895550.0], [561920.0, 4895560.0], [561940.0, 4895560.0], [561940.0, 4895570.0], [561970.0, 4895570.0], [561970.0, 4895580.0], [561990.0, 4895580.0], [561990.0, 4895590.0], [562020.0, 4895590.0], [562020.0, 4895600.0], [562060.0, 4895600.0], [562060.0, 4895610.0], [562090.0, 4895610.0], [562090.0, 4895620.0], [562100.0, 4895620.0], [562100.0, 4895630.0], [562120.0, 4895630.0], [562120.0, 4895640.0], [562150.0, 4895640.0], [562150.0, 4895630.0], [562170.0, 4895630.0], [562170.0, 4895620.0], [562190.0, 4895620.0], [562190.0, 4895610.0], [562210.0, 4895610.0], [562210.0, 4895600.0], [562220.0, 4895600.0], [562220.0, 4895590.0], [562240.0, 4895590.0], [562240.0, 4895600.0], [562250.0, 4895600.0], [562250.0, 4895590.0], [562260.0, 4895590.0], [562260.0, 4895580.0], [562350.0, 4895580.0], [562350.0, 4895570.0], [562390.0, 4895570.0], [562390.0, 4895560.0], [562430.0, 4895560.0], [562430.0, 4895550.0], [562450.0, 4895550.0], [562450.0, 4895540.0], [562460.0, 4895540.0], [562460.0, 4895530.0], [562470.0, 4895530.0], [562470.0, 4895520.0], [562490.0, 4895520.0], [562490.0, 4895510.0], [562500.0, 4895510.0], [562500.0, 4895500.0], [562520.0, 4895500.0], [562520.0, 4895490.0], [562530.0, 4895490.0], [562530.0, 4895480.0], [562550.0, 4895480.0], [562550.0, 4895470.0], [562560.0, 4895470.0], [562560.0, 4895460.0], [562580.0, 4895460.0], [562580.0, 4895450.0], [562600.0, 4895450.0], [562600.0, 4895440.0], [562660.0, 4895440.0], [562660.0, 4895450.0], [562710.0, 4895450.0], [562710.0, 4895440.0], [562750.0, 4895440.0], [562750.0, 4895430.0], [562800.0, 4895430.0], [562800.0, 4895440.0], [562820.0, 4895440.0], [562820.0, 4895450.0], [562830.0, 4895450.0], [562830.0, 4895460.0], [562840.0, 4895460.0], [562840.0, 4895470.0], [562850.0, 4895470.0], [562850.0, 4895480.0], [562860.0, 4895480.0], [562860.0, 4895490.0], [562870.0, 4895490.0], [562870.0, 4895480.0], [562920.0, 4895480.0], [562920.0, 4895490.0], [562940.0, 4895490.0], [562940.0, 4895500.0], [562950.0, 4895500.0], [562950.0, 4895510.0], [562960.0, 4895510.0], [562960.0, 4895520.0], [563080.0, 4895520.0], [563080.0, 4895530.0], [563090.0, 4895530.0], [563090.0, 4895540.0], [563100.0, 4895540.0], [563100.0, 4895550.0], [563110.0, 4895550.0], [563110.0, 4895560.0], [563220.0, 4895560.0], [563220.0, 4895550.0], [563230.0, 4895550.0], [563230.0, 4895540.0], [563250.0, 4895540.0], [563250.0, 4895530.0], [563440.0, 4895530.0], [563440.0, 4895520.0], [563480.0, 4895520.0], [563480.0, 4895510.0], [563560.0, 4895510.0], [563560.0, 4895520.0], [563570.0, 4895520.0], [563570.0, 4895530.0], [563600.0, 4895530.0], [563600.0, 4895520.0], [563620.0, 4895520.0], [563620.0, 4895510.0], [563640.0, 4895510.0], [563640.0, 4895520.0], [563650.0, 4895520.0], [563650.0, 4895530.0], [563660.0, 4895530.0], [563660.0, 4895540.0], [563670.0, 4895540.0], [563670.0, 4895550.0], [563780.0, 4895550.0], [563780.0, 4895560.0], [563820.0, 4895560.0], [563820.0, 4895570.0], [563830.0, 4895570.0], [563830.0, 4895580.0], [563840.0, 4895580.0], [563840.0, 4895590.0], [563850.0, 4895590.0], [563850.0, 4895600.0], [563870.0, 4895600.0], [563870.0, 4895610.0], [563880.0, 4895610.0], [563880.0, 4895620.0], [563890.0, 4895620.0], [563890.0, 4895640.0], [563900.0, 4895640.0], [563900.0, 4895650.0], [563910.0, 4895650.0], [563910.0, 4895660.0], [563920.0, 4895660.0], [563920.0, 4895680.0], [563950.0, 4895680.0], [563950.0, 4895670.0], [564100.0, 4895670.0], [564100.0, 4895660.0], [564130.0, 4895660.0], [564130.0, 4895650.0], [564150.0, 4895650.0], [564150.0, 4895660.0], [564170.0, 4895660.0], [564170.0, 4895650.0], [564330.0, 4895650.0], [564330.0, 4895640.0], [564340.0, 4895640.0], [564340.0, 4895630.0], [564370.0, 4895630.0], [564370.0, 4895620.0], [564400.0, 4895620.0], [564400.0, 4895610.0], [564430.0, 4895610.0], [564430.0, 4895600.0], [564510.0, 4895600.0], [564510.0, 4895590.0], [564550.0, 4895590.0], [564550.0, 4895600.0], [564590.0, 4895600.0], [564590.0, 4895610.0], [564610.0, 4895610.0], [564610.0, 4895620.0], [564630.0, 4895620.0], [564630.0, 4895610.0], [564640.0, 4895610.0], [564640.0, 4895600.0], [564650.0, 4895600.0], [564650.0, 4895580.0], [564660.0, 4895580.0], [564660.0, 4895570.0], [564670.0, 4895570.0], [564670.0, 4895560.0], [564680.0, 4895560.0], [564680.0, 4895550.0], [564690.0, 4895550.0], [564690.0, 4895540.0], [564700.0, 4895540.0], [564700.0, 4895530.0], [564710.0, 4895530.0], [564710.0, 4895520.0], [564720.0, 4895520.0], [564720.0, 4895510.0], [564730.0, 4895510.0], [564730.0, 4895500.0], [564740.0, 4895500.0], [564740.0, 4895490.0], [564750.0, 4895490.0], [564750.0, 4895480.0], [564760.0, 4895480.0], [564760.0, 4895470.0], [564780.0, 4895470.0], [564780.0, 4895460.0], [564790.0, 4895460.0], [564790.0, 4895450.0], [564810.0, 4895450.0], [564810.0, 4895440.0], [564830.0, 4895440.0], [564830.0, 4895430.0], [564870.0, 4895430.0], [564870.0, 4895420.0], [564920.0, 4895420.0], [564920.0, 4895410.0], [564950.0, 4895410.0], [564950.0, 4895400.0], [564980.0, 4895400.0], [564980.0, 4895390.0], [564990.0, 4895390.0], [564990.0, 4895380.0], [565000.0, 4895380.0], [565000.0, 4895370.0], [565020.0, 4895370.0], [565020.0, 4895360.0], [565070.0, 4895360.0], [565070.0, 4895350.0], [565210.0, 4895350.0], [565210.0, 4895330.0], [565220.0, 4895330.0], [565220.0, 4895320.0], [565230.0, 4895320.0], [565230.0, 4895310.0], [565240.0, 4895310.0], [565240.0, 4895300.0], [565260.0, 4895300.0], [565260.0, 4895290.0], [565270.0, 4895290.0], [565270.0, 4895280.0], [565300.0, 4895280.0], [565300.0, 4895270.0], [565350.0, 4895270.0], [565350.0, 4895260.0], [565390.0, 4895260.0], [565390.0, 4895250.0], [565430.0, 4895250.0], [565430.0, 4895240.0], [565460.0, 4895240.0], [565460.0, 4895230.0], [565480.0, 4895230.0], [565480.0, 4895220.0], [565490.0, 4895220.0], [565490.0, 4895210.0], [565500.0, 4895210.0], [565500.0, 4895200.0], [565520.0, 4895200.0], [565520.0, 4895190.0], [565540.0, 4895190.0], [565540.0, 4895180.0], [565550.0, 4895180.0], [565550.0, 4895170.0], [565570.0, 4895170.0], [565570.0, 4895160.0], [565590.0, 4895160.0], [565590.0, 4895150.0], [565600.0, 4895150.0], [565600.0, 4895140.0], [565620.0, 4895140.0], [565620.0, 4895130.0], [565660.0, 4895130.0], [565660.0, 4895120.0], [565690.0, 4895120.0], [565690.0, 4895110.0], [565720.0, 4895110.0], [565720.0, 4895100.0], [565850.0, 4895100.0], [565850.0, 4895090.0], [565880.0, 4895090.0], [565880.0, 4895100.0], [565940.0, 4895100.0], [565940.0, 4895090.0], [565960.0, 4895090.0], [565960.0, 4895100.0], [565990.0, 4895100.0], [565990.0, 4895090.0], [566000.0, 4895090.0], [566000.0, 4895080.0], [566020.0, 4895080.0], [566020.0, 4895070.0], [566030.0, 4895070.0], [566030.0, 4895060.0], [566040.0, 4895060.0], [566040.0, 4895040.0], [566050.0, 4895040.0], [566050.0, 4895030.0], [566060.0, 4895030.0], [566060.0, 4895020.0], [566070.0, 4895020.0], [566070.0, 4895010.0], [566080.0, 4895010.0], [566080.0, 4894990.0], [566090.0, 4894990.0], [566090.0, 4894970.0], [566100.0, 4894970.0], [566100.0, 4894960.0], [566110.0, 4894960.0], [566110.0, 4894950.0], [566120.0, 4894950.0], [566120.0, 4894940.0], [566130.0, 4894940.0], [566130.0, 4894930.0], [566140.0, 4894930.0], [566140.0, 4894920.0], [566150.0, 4894920.0], [566150.0, 4894910.0], [566170.0, 4894910.0], [566170.0, 4894890.0], [566190.0, 4894890.0], [566190.0, 4894880.0], [566200.0, 4894880.0], [566200.0, 4894870.0], [566210.0, 4894870.0], [566210.0, 4894860.0], [566220.0, 4894860.0], [566220.0, 4894850.0], [566230.0, 4894850.0], [566230.0, 4894840.0], [566240.0, 4894840.0], [566240.0, 4894820.0], [566250.0, 4894820.0], [566250.0, 4894800.0], [566260.0, 4894800.0], [566260.0, 4894790.0], [566280.0, 4894790.0], [566280.0, 4894780.0], [566290.0, 4894780.0], [566290.0, 4894760.0], [566300.0, 4894760.0], [566300.0, 4894750.0], [566310.0, 4894750.0], [566310.0, 4894740.0], [566320.0, 4894740.0], [566320.0, 4894730.0], [566330.0, 4894730.0], [566330.0, 4894720.0], [566350.0, 4894720.0], [566350.0, 4894710.0], [566360.0, 4894710.0], [566360.0, 4894700.0], [566370.0, 4894700.0], [566370.0, 4894690.0], [566380.0, 4894690.0], [566380.0, 4894680.0], [566390.0, 4894680.0], [566390.0, 4894670.0], [566400.0, 4894670.0], [566400.0, 4894660.0], [566410.0, 4894660.0], [566410.0, 4894650.0], [566420.0, 4894650.0], [566420.0, 4894640.0], [566430.0, 4894640.0], [566430.0, 4894630.0], [566440.0, 4894630.0], [566440.0, 4894620.0], [566460.0, 4894620.0], [566460.0, 4894610.0], [566520.0, 4894610.0], [566520.0, 4894600.0], [566550.0, 4894600.0], [566550.0, 4894610.0], [566560.0, 4894610.0], [566560.0, 4894620.0], [566580.0, 4894620.0], [566580.0, 4894630.0], [566600.0, 4894630.0], [566600.0, 4894640.0], [566620.0, 4894640.0], [566620.0, 4894660.0], [566630.0, 4894660.0], [566630.0, 4894670.0], [566660.0, 4894670.0], [566660.0, 4894680.0], [566670.0, 4894680.0], [566670.0, 4894690.0], [566690.0, 4894690.0], [566690.0, 4894700.0], [566710.0, 4894700.0], [566710.0, 4894710.0], [566750.0, 4894710.0], [566750.0, 4894720.0], [566770.0, 4894720.0], [566770.0, 4894730.0], [566800.0, 4894730.0], [566800.0, 4894740.0], [566830.0, 4894740.0], [566830.0, 4894750.0], [566840.0, 4894750.0], [566840.0, 4894760.0], [566860.0, 4894760.0], [566860.0, 4894770.0], [566880.0, 4894770.0], [566880.0, 4894780.0], [566900.0, 4894780.0], [566900.0, 4894790.0], [566920.0, 4894790.0], [566920.0, 4894800.0], [566940.0, 4894800.0], [566940.0, 4894810.0], [566960.0, 4894810.0], [566960.0, 4894820.0], [566980.0, 4894820.0], [566980.0, 4894830.0], [567000.0, 4894830.0], [567000.0, 4894840.0], [567010.0, 4894840.0], [567010.0, 4894850.0], [567110.0, 4894850.0], [567110.0, 4894840.0], [567290.0, 4894840.0], [567290.0, 4894850.0], [567300.0, 4894850.0], [567300.0, 4894860.0], [567310.0, 4894860.0], [567310.0, 4894870.0], [567330.0, 4894870.0], [567330.0, 4894880.0], [567340.0, 4894880.0], [567340.0, 4894890.0], [567370.0, 4894890.0], [567370.0, 4894900.0], [567460.0, 4894900.0], [567460.0, 4894910.0], [567490.0, 4894910.0], [567490.0, 4894920.0], [567530.0, 4894920.0], [567530.0, 4894930.0], [567540.0, 4894930.0], [567540.0, 4894940.0], [567560.0, 4894940.0], [567560.0, 4894950.0], [567580.0, 4894950.0], [567580.0, 4894960.0], [567660.0, 4894960.0], [567660.0, 4894950.0], [567710.0, 4894950.0], [567710.0, 4894940.0], [567750.0, 4894940.0], [567750.0, 4894930.0], [567780.0, 4894930.0], [567780.0, 4894920.0], [567790.0, 4894920.0], [567790.0, 4894910.0], [567800.0, 4894910.0], [567800.0, 4894900.0], [567810.0, 4894900.0], [567810.0, 4894890.0], [567830.0, 4894890.0], [567830.0, 4894880.0], [567850.0, 4894880.0], [567850.0, 4894870.0], [567870.0, 4894870.0], [567870.0, 4894860.0], [567880.0, 4894860.0], [567880.0, 4894850.0], [567900.0, 4894850.0], [567900.0, 4894840.0], [567920.0, 4894840.0], [567920.0, 4894830.0], [567950.0, 4894830.0], [567950.0, 4894820.0], [567980.0, 4894820.0], [567980.0, 4894810.0], [568000.0, 4894810.0], [568000.0, 4894800.0], [568030.0, 4894800.0], [568030.0, 4894790.0], [568090.0, 4894790.0], [568090.0, 4894800.0], [568100.0, 4894800.0], [568100.0, 4894810.0], [568110.0, 4894810.0], [568110.0, 4894820.0], [568130.0, 4894820.0], [568130.0, 4894830.0], [568140.0, 4894830.0], [568140.0, 4894840.0], [568160.0, 4894840.0], [568160.0, 4894850.0], [568170.0, 4894850.0], [568170.0, 4894860.0], [568180.0, 4894860.0], [568180.0, 4894870.0], [568190.0, 4894870.0], [568190.0, 4894880.0], [568200.0, 4894880.0], [568200.0, 4894890.0], [568210.0, 4894890.0], [568210.0, 4894900.0], [568230.0, 4894900.0], [568230.0, 4894910.0], [568240.0, 4894910.0], [568240.0, 4894920.0], [568260.0, 4894920.0], [568260.0, 4894930.0], [568290.0, 4894930.0], [568290.0, 4894940.0], [568310.0, 4894940.0], [568310.0, 4894950.0], [568330.0, 4894950.0], [568330.0, 4894960.0], [568420.0, 4894960.0], [568420.0, 4894950.0], [568440.0, 4894950.0], [568440.0, 4894940.0], [568460.0, 4894940.0], [568460.0, 4894930.0], [568480.0, 4894930.0], [568480.0, 4894920.0], [568490.0, 4894920.0], [568490.0, 4894910.0], [568500.0, 4894910.0], [568500.0, 4894900.0], [568510.0, 4894900.0], [568510.0, 4894890.0], [568520.0, 4894890.0], [568520.0, 4894870.0], [568530.0, 4894870.0], [568530.0, 4894860.0], [568540.0, 4894860.0], [568540.0, 4894850.0], [568550.0, 4894850.0], [568550.0, 4894840.0], [568560.0, 4894840.0], [568560.0, 4894830.0], [568570.0, 4894830.0], [568570.0, 4894820.0], [568580.0, 4894820.0], [568580.0, 4894800.0], [568590.0, 4894800.0], [568590.0, 4894780.0], [568600.0, 4894780.0], [568600.0, 4894750.0], [568620.0, 4894750.0], [568620.0, 4894760.0], [568630.0, 4894760.0], [568630.0, 4894770.0], [568640.0, 4894770.0], [568640.0, 4894780.0], [568660.0, 4894780.0], [568660.0, 4894790.0], [568710.0, 4894790.0], [568710.0, 4894800.0], [568730.0, 4894800.0], [568730.0, 4894810.0], [568750.0, 4894810.0], [568750.0, 4894820.0], [568760.0, 4894820.0], [568760.0, 4894830.0], [568770.0, 4894830.0], [568770.0, 4894840.0], [568790.0, 4894840.0], [568790.0, 4894850.0], [568820.0, 4894850.0], [568820.0, 4894860.0], [568850.0, 4894860.0], [568850.0, 4894870.0], [568860.0, 4894870.0], [568860.0, 4894880.0], [568880.0, 4894880.0], [568880.0, 4894890.0], [568890.0, 4894890.0], [568890.0, 4894900.0], [568900.0, 4894900.0], [568900.0, 4894910.0], [568930.0, 4894910.0], [568930.0, 4894920.0], [568940.0, 4894920.0], [568940.0, 4894930.0], [568960.0, 4894930.0], [568960.0, 4894940.0], [568970.0, 4894940.0], [568970.0, 4894950.0], [568980.0, 4894950.0], [568980.0, 4894960.0], [569010.0, 4894960.0], [569010.0, 4894970.0], [569070.0, 4894970.0], [569070.0, 4894980.0], [569220.0, 4894980.0], [569220.0, 4894970.0], [569240.0, 4894970.0], [569240.0, 4894960.0], [569260.0, 4894960.0], [569260.0, 4894950.0], [569280.0, 4894950.0], [569280.0, 4894940.0], [569300.0, 4894940.0], [569300.0, 4894930.0], [569320.0, 4894930.0], [569320.0, 4894920.0], [569340.0, 4894920.0], [569340.0, 4894910.0], [569350.0, 4894910.0], [569350.0, 4894900.0], [569360.0, 4894900.0], [569360.0, 4894890.0], [569370.0, 4894890.0], [569370.0, 4894880.0], [569380.0, 4894880.0], [569380.0, 4894870.0], [569400.0, 4894870.0], [569400.0, 4894860.0], [569420.0, 4894860.0], [569420.0, 4894850.0], [569450.0, 4894850.0], [569450.0, 4894840.0], [569470.0, 4894840.0], [569470.0, 4894850.0], [569500.0, 4894850.0], [569500.0, 4894860.0], [569530.0, 4894860.0], [569530.0, 4894870.0], [569550.0, 4894870.0], [569550.0, 4894880.0], [569560.0, 4894880.0], [569560.0, 4894890.0], [569570.0, 4894890.0], [569570.0, 4894900.0], [569580.0, 4894900.0], [569580.0, 4894910.0], [569600.0, 4894910.0], [569600.0, 4894920.0], [569690.0, 4894920.0], [569690.0, 4894910.0], [569730.0, 4894910.0], [569730.0, 4894900.0], [569780.0, 4894900.0], [569780.0, 4894890.0], [569840.0, 4894890.0], [569840.0, 4894880.0], [569870.0, 4894880.0], [569870.0, 4894870.0], [569930.0, 4894870.0], [569930.0, 4894880.0], [569960.0, 4894880.0], [569960.0, 4894890.0], [569980.0, 4894890.0], [569980.0, 4894900.0], [570030.0, 4894900.0], [570030.0, 4894910.0], [570090.0, 4894910.0], [570090.0, 4894900.0], [570140.0, 4894900.0], [570140.0, 4894890.0], [570180.0, 4894890.0], [570180.0, 4894880.0], [570210.0, 4894880.0], [570210.0, 4894870.0], [570230.0, 4894870.0], [570230.0, 4894860.0], [570250.0, 4894860.0], [570250.0, 4894850.0], [570260.0, 4894850.0], [570260.0, 4894840.0], [570280.0, 4894840.0], [570280.0, 4894830.0], [570290.0, 4894830.0], [570290.0, 4894840.0], [570340.0, 4894840.0], [570340.0, 4894850.0], [570370.0, 4894850.0], [570370.0, 4894860.0], [570460.0, 4894860.0], [570460.0, 4894870.0], [570540.0, 4894870.0], [570540.0, 4894860.0], [570570.0, 4894860.0], [570570.0, 4894850.0], [570590.0, 4894850.0], [570590.0, 4894840.0], [570610.0, 4894840.0], [570610.0, 4894830.0], [570630.0, 4894830.0], [570630.0, 4894820.0], [570690.0, 4894820.0], [570690.0, 4894810.0], [570710.0, 4894810.0], [570710.0, 4894800.0], [570730.0, 4894800.0], [570730.0, 4894790.0], [570760.0, 4894790.0], [570760.0, 4894800.0], [570770.0, 4894800.0], [570770.0, 4894810.0], [570780.0, 4894810.0], [570780.0, 4894820.0], [570790.0, 4894820.0], [570790.0, 4894830.0], [570840.0, 4894830.0], [570840.0, 4894840.0], [570860.0, 4894840.0], [570860.0, 4894850.0], [570880.0, 4894850.0], [570880.0, 4894860.0], [570940.0, 4894860.0], [570940.0, 4894870.0], [570950.0, 4894870.0], [570950.0, 4894880.0], [570960.0, 4894880.0], [570960.0, 4894890.0], [570980.0, 4894890.0], [570980.0, 4894900.0], [570990.0, 4894900.0], [570990.0, 4894910.0], [571010.0, 4894910.0], [571010.0, 4894920.0], [571030.0, 4894920.0], [571030.0, 4894930.0], [571060.0, 4894930.0], [571060.0, 4894940.0], [571100.0, 4894940.0], [571100.0, 4894950.0], [571230.0, 4894950.0], [571230.0, 4894960.0], [571240.0, 4894960.0], [571240.0, 4894970.0], [571250.0, 4894970.0], [571250.0, 4894980.0], [571260.0, 4894980.0], [571260.0, 4895000.0], [571270.0, 4895000.0], [571270.0, 4895010.0], [571280.0, 4895010.0], [571280.0, 4895030.0], [571290.0, 4895030.0], [571290.0, 4895050.0], [571300.0, 4895050.0], [571300.0, 4895060.0], [571310.0, 4895060.0], [571310.0, 4895070.0], [571320.0, 4895070.0], [571320.0, 4895080.0], [571340.0, 4895080.0], [571340.0, 4895090.0], [571350.0, 4895090.0], [571350.0, 4895100.0], [571360.0, 4895100.0], [571360.0, 4895220.0], [571370.0, 4895220.0], [571370.0, 4895250.0], [571380.0, 4895250.0], [571380.0, 4895270.0], [571390.0, 4895270.0], [571390.0, 4895370.0], [571380.0, 4895370.0], [571380.0, 4895410.0], [571390.0, 4895410.0], [571390.0, 4895420.0], [571400.0, 4895420.0], [571400.0, 4895440.0], [571410.0, 4895440.0], [571410.0, 4895450.0], [571420.0, 4895450.0], [571420.0, 4895460.0], [571430.0, 4895460.0], [571430.0, 4895470.0], [571440.0, 4895470.0], [571440.0, 4895480.0], [571450.0, 4895480.0], [571450.0, 4895490.0], [571470.0, 4895490.0], [571470.0, 4895500.0], [571490.0, 4895500.0], [571490.0, 4895510.0], [571500.0, 4895510.0], [571500.0, 4895520.0], [571510.0, 4895520.0], [571510.0, 4895530.0], [571530.0, 4895530.0], [571530.0, 4895540.0], [571540.0, 4895540.0], [571540.0, 4895550.0], [571550.0, 4895550.0], [571550.0, 4895560.0], [571560.0, 4895560.0], [571560.0, 4895570.0], [571570.0, 4895570.0], [571570.0, 4895580.0], [571580.0, 4895580.0], [571580.0, 4895590.0], [571590.0, 4895590.0], [571590.0, 4895600.0], [571600.0, 4895600.0], [571600.0, 4895630.0], [571610.0, 4895630.0], [571610.0, 4895640.0], [571620.0, 4895640.0], [571620.0, 4895650.0], [571630.0, 4895650.0], [571630.0, 4895660.0], [571640.0, 4895660.0], [571640.0, 4895680.0], [571650.0, 4895680.0], [571650.0, 4895690.0], [571660.0, 4895690.0], [571660.0, 4895700.0], [571670.0, 4895700.0], [571670.0, 4895710.0], [571680.0, 4895710.0], [571680.0, 4895720.0], [571690.0, 4895720.0], [571690.0, 4895730.0], [571700.0, 4895730.0], [571700.0, 4895740.0], [571710.0, 4895740.0], [571710.0, 4895750.0], [571720.0, 4895750.0], [571720.0, 4895760.0], [571730.0, 4895760.0], [571730.0, 4895770.0], [571740.0, 4895770.0], [571740.0, 4895780.0], [571750.0, 4895780.0], [571750.0, 4895790.0], [571760.0, 4895790.0], [571760.0, 4895800.0], [571770.0, 4895800.0], [571770.0, 4895830.0], [571760.0, 4895830.0], [571760.0, 4895860.0], [571750.0, 4895860.0], [571750.0, 4895880.0], [571740.0, 4895880.0], [571740.0, 4895900.0], [571730.0, 4895900.0], [571730.0, 4895930.0], [571720.0, 4895930.0], [571720.0, 4895980.0], [571710.0, 4895980.0], [571710.0, 4896030.0], [571700.0, 4896030.0], [571700.0, 4896060.0], [571690.0, 4896060.0], [571690.0, 4896130.0], [571680.0, 4896130.0], [571680.0, 4896260.0], [571670.0, 4896260.0], [571670.0, 4896270.0], [571660.0, 4896270.0], [571660.0, 4896290.0], [571650.0, 4896290.0], [571650.0, 4896300.0], [571640.0, 4896300.0], [571640.0, 4896310.0], [571630.0, 4896310.0], [571630.0, 4896330.0], [571620.0, 4896330.0], [571620.0, 4896410.0], [571610.0, 4896410.0], [571610.0, 4896450.0], [571600.0, 4896450.0], [571600.0, 4896490.0], [571590.0, 4896490.0], [571590.0, 4896520.0], [571580.0, 4896520.0], [571580.0, 4896560.0], [571590.0, 4896560.0], [571590.0, 4896580.0], [571580.0, 4896580.0], [571580.0, 4896630.0], [571570.0, 4896630.0], [571570.0, 4896800.0], [571560.0, 4896800.0], [571560.0, 4896810.0], [571540.0, 4896810.0], [571540.0, 4896820.0], [571530.0, 4896820.0], [571530.0, 4896830.0], [571510.0, 4896830.0], [571510.0, 4896840.0], [571500.0, 4896840.0], [571500.0, 4896860.0], [571490.0, 4896860.0], [571490.0, 4896870.0], [571480.0, 4896870.0], [571480.0, 4896890.0], [571470.0, 4896890.0], [571470.0, 4896910.0], [571460.0, 4896910.0], [571460.0, 4896940.0], [571450.0, 4896940.0], [571450.0, 4896960.0], [571440.0, 4896960.0], [571440.0, 4896980.0], [571430.0, 4896980.0], [571430.0, 4897000.0], [571420.0, 4897000.0], [571420.0, 4897030.0], [571410.0, 4897030.0], [571410.0, 4897170.0], [571420.0, 4897170.0], [571420.0, 4897210.0], [571410.0, 4897210.0], [571410.0, 4897280.0], [571400.0, 4897280.0], [571400.0, 4897290.0], [571390.0, 4897290.0], [571390.0, 4897340.0], [571400.0, 4897340.0], [571400.0, 4897400.0], [571410.0, 4897400.0], [571410.0, 4897450.0], [571420.0, 4897450.0], [571420.0, 4897460.0], [571430.0, 4897460.0], [571430.0, 4897480.0], [571440.0, 4897480.0], [571440.0, 4897490.0], [571450.0, 4897490.0], [571450.0, 4897590.0], [571460.0, 4897590.0], [571460.0, 4897630.0], [571450.0, 4897630.0], [571450.0, 4897640.0], [571430.0, 4897640.0], [571430.0, 4897650.0], [571420.0, 4897650.0], [571420.0, 4897660.0], [571410.0, 4897660.0], [571410.0, 4897670.0], [571400.0, 4897670.0], [571400.0, 4897680.0], [571390.0, 4897680.0], [571390.0, 4897690.0], [571380.0, 4897690.0], [571380.0, 4897710.0], [571370.0, 4897710.0], [571370.0, 4897720.0], [571360.0, 4897720.0], [571360.0, 4897730.0], [571350.0, 4897730.0], [571350.0, 4897740.0], [571340.0, 4897740.0], [571340.0, 4897750.0], [571330.0, 4897750.0], [571330.0, 4897760.0], [571320.0, 4897760.0], [571320.0, 4897860.0], [571330.0, 4897860.0], [571330.0, 4897880.0], [571340.0, 4897880.0], [571340.0, 4897910.0], [571350.0, 4897910.0], [571350.0, 4897940.0], [571360.0, 4897940.0], [571360.0, 4898010.0], [571370.0, 4898010.0], [571370.0, 4898060.0], [571360.0, 4898060.0], [571360.0, 4898130.0], [571350.0, 4898130.0], [571350.0, 4898150.0], [571340.0, 4898150.0], [571340.0, 4898180.0], [571330.0, 4898180.0], [571330.0, 4898280.0], [571340.0, 4898280.0], [571340.0, 4898310.0], [571330.0, 4898310.0], [571330.0, 4898330.0], [571320.0, 4898330.0], [571320.0, 4898360.0], [571310.0, 4898360.0], [571310.0, 4898430.0], [571300.0, 4898430.0], [571300.0, 4898450.0], [571290.0, 4898450.0], [571290.0, 4898460.0], [571280.0, 4898460.0], [571280.0, 4898480.0], [571270.0, 4898480.0], [571270.0, 4898490.0], [571260.0, 4898490.0], [571260.0, 4898510.0], [571250.0, 4898510.0], [571250.0, 4898520.0], [571240.0, 4898520.0], [571240.0, 4898530.0], [571230.0, 4898530.0], [571230.0, 4898540.0], [571220.0, 4898540.0], [571220.0, 4898560.0], [571210.0, 4898560.0], [571210.0, 4898570.0], [571200.0, 4898570.0], [571200.0, 4898580.0], [571190.0, 4898580.0], [571190.0, 4898590.0], [571180.0, 4898590.0], [571180.0, 4898600.0], [571170.0, 4898600.0], [571170.0, 4898620.0], [571160.0, 4898620.0], [571160.0, 4898630.0], [571150.0, 4898630.0], [571150.0, 4898640.0], [571140.0, 4898640.0], [571140.0, 4898660.0], [571130.0, 4898660.0], [571130.0, 4898680.0], [571060.0, 4898680.0], [571060.0, 4898690.0], [571030.0, 4898690.0], [571030.0, 4898700.0], [571020.0, 4898700.0], [571020.0, 4898710.0], [571000.0, 4898710.0], [571000.0, 4898720.0], [570980.0, 4898720.0], [570980.0, 4898730.0], [570970.0, 4898730.0], [570970.0, 4898740.0], [570960.0, 4898740.0], [570960.0, 4898750.0], [570950.0, 4898750.0], [570950.0, 4898760.0], [570930.0, 4898760.0], [570930.0, 4898770.0], [570920.0, 4898770.0], [570920.0, 4898780.0], [570910.0, 4898780.0], [570910.0, 4898790.0], [570900.0, 4898790.0], [570900.0, 4898800.0], [570890.0, 4898800.0], [570890.0, 4898810.0], [570880.0, 4898810.0], [570880.0, 4898820.0], [570860.0, 4898820.0], [570860.0, 4898830.0], [570850.0, 4898830.0], [570850.0, 4898840.0], [570840.0, 4898840.0], [570840.0, 4898850.0], [570830.0, 4898850.0], [570830.0, 4898860.0], [570820.0, 4898860.0], [570820.0, 4898870.0], [570810.0, 4898870.0], [570810.0, 4898880.0], [570800.0, 4898880.0], [570800.0, 4898890.0], [570780.0, 4898890.0], [570780.0, 4898900.0], [570770.0, 4898900.0], [570770.0, 4898910.0], [570750.0, 4898910.0], [570750.0, 4898920.0], [570740.0, 4898920.0], [570740.0, 4898930.0], [570730.0, 4898930.0], [570730.0, 4898940.0], [570720.0, 4898940.0], [570720.0, 4898950.0], [570700.0, 4898950.0], [570700.0, 4898960.0], [570690.0, 4898960.0], [570690.0, 4898970.0], [570680.0, 4898970.0], [570680.0, 4898980.0], [570670.0, 4898980.0], [570670.0, 4898990.0], [570660.0, 4898990.0], [570660.0, 4899000.0], [570650.0, 4899000.0], [570650.0, 4899010.0], [570640.0, 4899010.0], [570640.0, 4899020.0], [570630.0, 4899020.0], [570630.0, 4899030.0], [570620.0, 4899030.0], [570620.0, 4899040.0], [570610.0, 4899040.0], [570610.0, 4899050.0], [570590.0, 4899050.0], [570590.0, 4899060.0], [570580.0, 4899060.0], [570580.0, 4899070.0], [570550.0, 4899070.0], [570550.0, 4899080.0], [570450.0, 4899080.0], [570450.0, 4899090.0], [570130.0, 4899090.0], [570130.0, 4899100.0], [570110.0, 4899100.0], [570110.0, 4899110.0], [570070.0, 4899110.0], [570070.0, 4899120.0], [569930.0, 4899120.0], [569930.0, 4899110.0], [569840.0, 4899110.0], [569840.0, 4899120.0], [569810.0, 4899120.0], [569810.0, 4899130.0], [569800.0, 4899130.0], [569800.0, 4899140.0], [569790.0, 4899140.0], [569790.0, 4899150.0], [569780.0, 4899150.0], [569780.0, 4899160.0], [569770.0, 4899160.0], [569770.0, 4899170.0], [569760.0, 4899170.0], [569760.0, 4899180.0], [569740.0, 4899180.0], [569740.0, 4899190.0], [569730.0, 4899190.0], [569730.0, 4899200.0], [569710.0, 4899200.0], [569710.0, 4899210.0], [569700.0, 4899210.0], [569700.0, 4899220.0], [569690.0, 4899220.0], [569690.0, 4899230.0], [569680.0, 4899230.0], [569680.0, 4899250.0], [569690.0, 4899250.0], [569690.0, 4899290.0], [569700.0, 4899290.0], [569700.0, 4899320.0], [569710.0, 4899320.0], [569710.0, 4899350.0], [569720.0, 4899350.0], [569720.0, 4899370.0], [569730.0, 4899370.0], [569730.0, 4899400.0], [569740.0, 4899400.0], [569740.0, 4899420.0], [569750.0, 4899420.0], [569750.0, 4899440.0], [569760.0, 4899440.0], [569760.0, 4899490.0], [569750.0, 4899490.0], [569750.0, 4899530.0], [569770.0, 4899530.0], [569770.0, 4899570.0], [569780.0, 4899570.0], [569780.0, 4899640.0], [569770.0, 4899640.0], [569770.0, 4899750.0], [569760.0, 4899750.0], [569760.0, 4899770.0], [569750.0, 4899770.0], [569750.0, 4899860.0], [569740.0, 4899860.0], [569740.0, 4899960.0], [569730.0, 4899960.0], [569730.0, 4899970.0], [569690.0, 4899970.0], [569690.0, 4899980.0], [569670.0, 4899980.0], [569670.0, 4900000.0], [569660.0, 4900000.0], [569660.0, 4900010.0], [569650.0, 4900010.0], [569650.0, 4900020.0], [569640.0, 4900020.0], [569640.0, 4900030.0], [569630.0, 4900030.0], [569630.0, 4900040.0], [569620.0, 4900040.0], [569620.0, 4900050.0], [569600.0, 4900050.0], [569600.0, 4900060.0], [569590.0, 4900060.0], [569590.0, 4900070.0], [569570.0, 4900070.0], [569570.0, 4900080.0], [569560.0, 4900080.0], [569560.0, 4900090.0], [569550.0, 4900090.0], [569550.0, 4900100.0], [569540.0, 4900100.0], [569540.0, 4900120.0], [569530.0, 4900120.0], [569530.0, 4900130.0], [569520.0, 4900130.0], [569520.0, 4900140.0], [569510.0, 4900140.0], [569510.0, 4900150.0], [569500.0, 4900150.0], [569500.0, 4900170.0], [569490.0, 4900170.0], [569490.0, 4900180.0], [569480.0, 4900180.0], [569480.0, 4900190.0], [569470.0, 4900190.0], [569470.0, 4900210.0], [569460.0, 4900210.0], [569460.0, 4900230.0], [569450.0, 4900230.0], [569450.0, 4900240.0], [569440.0, 4900240.0], [569440.0, 4900250.0], [569430.0, 4900250.0], [569430.0, 4900260.0], [569420.0, 4900260.0], [569420.0, 4900280.0], [569410.0, 4900280.0], [569410.0, 4900290.0], [569400.0, 4900290.0], [569400.0, 4900300.0], [569380.0, 4900300.0], [569380.0, 4900310.0], [569370.0, 4900310.0], [569370.0, 4900330.0], [569360.0, 4900330.0], [569360.0, 4900340.0], [569350.0, 4900340.0], [569350.0, 4900360.0], [569340.0, 4900360.0], [569340.0, 4900370.0], [569330.0, 4900370.0], [569330.0, 4900380.0], [569320.0, 4900380.0], [569320.0, 4900400.0], [569310.0, 4900400.0], [569310.0, 4900410.0], [569300.0, 4900410.0], [569300.0, 4900420.0], [569290.0, 4900420.0], [569290.0, 4900430.0], [569280.0, 4900430.0], [569280.0, 4900450.0], [569270.0, 4900450.0], [569270.0, 4900460.0], [569260.0, 4900460.0], [569260.0, 4900470.0], [569250.0, 4900470.0], [569250.0, 4900480.0], [569240.0, 4900480.0], [569240.0, 4900490.0], [569230.0, 4900490.0], [569230.0, 4900510.0], [569220.0, 4900510.0], [569220.0, 4900520.0], [569210.0, 4900520.0], [569210.0, 4900530.0], [569200.0, 4900530.0], [569200.0, 4900540.0], [569190.0, 4900540.0], [569190.0, 4900550.0], [569180.0, 4900550.0], [569180.0, 4900570.0], [569170.0, 4900570.0], [569170.0, 4900580.0], [569160.0, 4900580.0], [569160.0, 4900600.0], [569150.0, 4900600.0], [569150.0, 4900610.0], [569140.0, 4900610.0], [569140.0, 4900630.0], [569130.0, 4900630.0], [569130.0, 4900650.0], [569120.0, 4900650.0], [569120.0, 4900660.0], [569110.0, 4900660.0], [569110.0, 4900680.0], [569100.0, 4900680.0], [569100.0, 4900690.0], [569090.0, 4900690.0], [569090.0, 4900700.0], [569080.0, 4900700.0], [569080.0, 4900710.0], [569070.0, 4900710.0], [569070.0, 4900740.0], [569060.0, 4900740.0], [569060.0, 4900750.0], [569050.0, 4900750.0], [569050.0, 4900760.0], [569040.0, 4900760.0], [569040.0, 4900780.0], [569030.0, 4900780.0], [569030.0, 4900790.0], [569020.0, 4900790.0], [569020.0, 4900820.0], [569010.0, 4900820.0], [569010.0, 4900830.0], [569000.0, 4900830.0], [569000.0, 4900840.0], [568990.0, 4900840.0], [568990.0, 4900850.0], [568980.0, 4900850.0], [568980.0, 4900870.0], [568960.0, 4900870.0], [568960.0, 4900880.0], [568950.0, 4900880.0], [568950.0, 4900890.0], [568940.0, 4900890.0], [568940.0, 4900900.0], [568920.0, 4900900.0], [568920.0, 4900910.0], [568900.0, 4900910.0], [568900.0, 4900920.0], [568880.0, 4900920.0], [568880.0, 4900930.0], [568830.0, 4900930.0], [568830.0, 4900940.0], [568790.0, 4900940.0], [568790.0, 4900960.0], [568800.0, 4900960.0], [568800.0, 4900990.0], [568810.0, 4900990.0], [568810.0, 4901010.0], [568820.0, 4901010.0], [568820.0, 4901030.0], [568830.0, 4901030.0], [568830.0, 4901060.0], [568840.0, 4901060.0], [568840.0, 4901080.0], [568850.0, 4901080.0], [568850.0, 4901100.0], [568860.0, 4901100.0], [568860.0, 4901140.0], [568870.0, 4901140.0], [568870.0, 4901190.0], [568880.0, 4901190.0], [568880.0, 4901210.0], [568890.0, 4901210.0], [568890.0, 4901230.0], [568900.0, 4901230.0], [568900.0, 4901300.0], [568910.0, 4901300.0], [568910.0, 4901480.0], [568920.0, 4901480.0], [568920.0, 4901520.0], [568930.0, 4901520.0], [568930.0, 4901550.0], [568940.0, 4901550.0], [568940.0, 4901570.0], [568950.0, 4901570.0], [568950.0, 4901600.0], [568960.0, 4901600.0], [568960.0, 4901620.0], [568970.0, 4901620.0], [568970.0, 4901630.0], [568980.0, 4901630.0], [568980.0, 4901640.0], [568990.0, 4901640.0], [568990.0, 4901660.0], [569000.0, 4901660.0], [569000.0, 4901690.0], [569010.0, 4901690.0], [569010.0, 4901730.0], [569020.0, 4901730.0], [569020.0, 4901740.0], [569030.0, 4901740.0], [569030.0, 4901750.0], [569040.0, 4901750.0], [569040.0, 4901770.0], [569050.0, 4901770.0], [569050.0, 4901810.0], [569060.0, 4901810.0], [569060.0, 4901830.0], [569070.0, 4901830.0], [569070.0, 4901850.0], [569080.0, 4901850.0], [569080.0, 4901870.0], [569090.0, 4901870.0], [569090.0, 4901890.0], [569100.0, 4901890.0], [569100.0, 4901900.0], [569110.0, 4901900.0], [569110.0, 4901910.0], [569120.0, 4901910.0], [569120.0, 4901930.0], [569130.0, 4901930.0], [569130.0, 4901940.0], [569140.0, 4901940.0], [569140.0, 4901960.0], [569150.0, 4901960.0], [569150.0, 4901980.0], [569160.0, 4901980.0], [569160.0, 4902000.0], [569170.0, 4902000.0], [569170.0, 4902010.0], [569180.0, 4902010.0], [569180.0, 4902030.0], [569190.0, 4902030.0], [569190.0, 4902040.0], [569200.0, 4902040.0], [569200.0, 4902060.0], [569210.0, 4902060.0], [569210.0, 4902080.0], [569220.0, 4902080.0], [569220.0, 4902090.0], [569230.0, 4902090.0], [569230.0, 4902110.0], [569240.0, 4902110.0], [569240.0, 4902150.0], [569230.0, 4902150.0], [569230.0, 4902180.0], [569220.0, 4902180.0], [569220.0, 4902260.0], [569210.0, 4902260.0], [569210.0, 4902280.0], [569220.0, 4902280.0], [569220.0, 4902320.0], [569210.0, 4902320.0], [569210.0, 4902340.0], [569200.0, 4902340.0], [569200.0, 4902360.0], [569190.0, 4902360.0], [569190.0, 4902390.0], [569180.0, 4902390.0], [569180.0, 4902410.0], [569170.0, 4902410.0], [569170.0, 4902440.0], [569160.0, 4902440.0], [569160.0, 4902470.0], [569150.0, 4902470.0], [569150.0, 4902620.0], [569140.0, 4902620.0], [569140.0, 4902640.0], [569130.0, 4902640.0], [569130.0, 4902670.0], [569120.0, 4902670.0], [569120.0, 4902690.0], [569110.0, 4902690.0], [569110.0, 4902720.0], [569100.0, 4902720.0], [569100.0, 4902740.0], [569090.0, 4902740.0], [569090.0, 4902760.0], [569080.0, 4902760.0], [569080.0, 4902780.0], [569070.0, 4902780.0], [569070.0, 4902790.0], [569060.0, 4902790.0], [569060.0, 4902800.0], [569050.0, 4902800.0], [569050.0, 4902820.0], [569040.0, 4902820.0], [569040.0, 4902830.0], [569030.0, 4902830.0], [569030.0, 4902850.0], [569020.0, 4902850.0], [569020.0, 4902870.0], [569010.0, 4902870.0], [569010.0, 4902890.0], [569000.0, 4902890.0], [569000.0, 4902900.0], [568990.0, 4902900.0], [568990.0, 4902920.0], [568980.0, 4902920.0], [568980.0, 4902930.0], [568970.0, 4902930.0], [568970.0, 4902940.0], [568960.0, 4902940.0], [568960.0, 4902960.0], [568950.0, 4902960.0], [568950.0, 4902970.0], [568940.0, 4902970.0], [568940.0, 4902980.0], [568930.0, 4902980.0], [568930.0, 4902990.0], [568910.0, 4902990.0], [568910.0, 4903000.0], [568900.0, 4903000.0], [568900.0, 4903040.0], [568890.0, 4903040.0], [568890.0, 4903050.0], [568880.0, 4903050.0], [568880.0, 4903060.0], [568870.0, 4903060.0], [568870.0, 4903070.0], [568860.0, 4903070.0], [568860.0, 4903080.0], [568850.0, 4903080.0], [568850.0, 4903090.0], [568840.0, 4903090.0], [568840.0, 4903100.0], [568830.0, 4903100.0], [568830.0, 4903110.0], [568820.0, 4903110.0], [568820.0, 4903120.0], [568800.0, 4903120.0], [568800.0, 4903130.0], [568790.0, 4903130.0], [568790.0, 4903140.0], [568780.0, 4903140.0], [568780.0, 4903150.0], [568770.0, 4903150.0], [568770.0, 4903160.0], [568750.0, 4903160.0], [568750.0, 4903170.0], [568730.0, 4903170.0], [568730.0, 4903180.0], [568710.0, 4903180.0], [568710.0, 4903190.0], [568700.0, 4903190.0], [568700.0, 4903200.0], [568690.0, 4903200.0], [568690.0, 4903210.0], [568680.0, 4903210.0], [568680.0, 4903220.0], [568670.0, 4903220.0], [568670.0, 4903230.0], [568660.0, 4903230.0], [568660.0, 4903240.0], [568650.0, 4903240.0], [568650.0, 4903250.0], [568640.0, 4903250.0], [568640.0, 4903260.0], [568630.0, 4903260.0], [568630.0, 4903270.0], [568620.0, 4903270.0], [568620.0, 4903280.0], [568610.0, 4903280.0], [568610.0, 4903290.0], [568600.0, 4903290.0], [568600.0, 4903300.0], [568580.0, 4903300.0], [568580.0, 4903310.0], [568570.0, 4903310.0], [568570.0, 4903320.0], [568560.0, 4903320.0], [568560.0, 4903330.0], [568550.0, 4903330.0], [568550.0, 4903340.0], [568540.0, 4903340.0], [568540.0, 4903350.0], [568530.0, 4903350.0], [568530.0, 4903360.0], [568520.0, 4903360.0], [568520.0, 4903380.0], [568510.0, 4903380.0], [568510.0, 4903400.0], [568500.0, 4903400.0], [568500.0, 4903410.0], [568490.0, 4903410.0], [568490.0, 4903420.0], [568480.0, 4903420.0], [568480.0, 4903430.0], [568470.0, 4903430.0], [568470.0, 4903440.0], [568460.0, 4903440.0], [568460.0, 4903450.0], [568450.0, 4903450.0], [568450.0, 4903460.0], [568440.0, 4903460.0], [568440.0, 4903470.0], [568320.0, 4903470.0]]]}, "properties": {"site_code": "161", "dem_area_ha": 5725.63, "routing_qc_pass": true}}, {"type": "Feature", "geometry": {"type": "Polygon", "coordinates": [[[568330.0, 4903470.0], [568330.0, 4903460.0], [568340.0, 4903460.0], [568340.0, 4903450.0], [568350.0, 4903450.0], [568350.0, 4903440.0], [568360.0, 4903440.0], [568360.0, 4903400.0], [568370.0, 4903400.0], [568370.0, 4903390.0], [568380.0, 4903390.0], [568380.0, 4903380.0], [568390.0, 4903380.0], [568390.0, 4903370.0], [568400.0, 4903370.0], [568400.0, 4903360.0], [568410.0, 4903360.0], [568410.0, 4903350.0], [568420.0, 4903350.0], [568420.0, 4903340.0], [568430.0, 4903340.0], [568430.0, 4903330.0], [568440.0, 4903330.0], [568440.0, 4903320.0], [568450.0, 4903320.0], [568450.0, 4903310.0], [568460.0, 4903310.0], [568460.0, 4903300.0], [568470.0, 4903300.0], [568470.0, 4903290.0], [568480.0, 4903290.0], [568480.0, 4903250.0], [568490.0, 4903250.0], [568490.0, 4903230.0], [568500.0, 4903230.0], [568500.0, 4903200.0], [568510.0, 4903200.0], [568510.0, 4903190.0], [568520.0, 4903190.0], [568520.0, 4903180.0], [568530.0, 4903180.0], [568530.0, 4903130.0], [568540.0, 4903130.0], [568540.0, 4903100.0], [568550.0, 4903100.0], [568550.0, 4902870.0], [568540.0, 4902870.0], [568540.0, 4902800.0], [568550.0, 4902800.0], [568550.0, 4902790.0], [568560.0, 4902790.0], [568560.0, 4902680.0], [568570.0, 4902680.0], [568570.0, 4902670.0], [568580.0, 4902670.0], [568580.0, 4902660.0], [568590.0, 4902660.0], [568590.0, 4902650.0], [568600.0, 4902650.0], [568600.0, 4902620.0], [568610.0, 4902620.0], [568610.0, 4902530.0], [568620.0, 4902530.0], [568620.0, 4902500.0], [568630.0, 4902500.0], [568630.0, 4902510.0], [569050.0, 4902510.0], [569050.0, 4902500.0], [569080.0, 4902500.0], [569080.0, 4902490.0], [569090.0, 4902490.0], [569090.0, 4902480.0], [569100.0, 4902480.0], [569100.0, 4902470.0], [569110.0, 4902470.0], [569110.0, 4902460.0], [569120.0, 4902460.0], [569120.0, 4902450.0], [569130.0, 4902450.0], [569130.0, 4902440.0], [569140.0, 4902440.0], [569140.0, 4902430.0], [569150.0, 4902430.0], [569150.0, 4902420.0], [569160.0, 4902420.0], [569160.0, 4902410.0], [569170.0, 4902410.0], [569170.0, 4902440.0], [569160.0, 4902440.0], [569160.0, 4902470.0], [569150.0, 4902470.0], [569150.0, 4902620.0], [569140.0, 4902620.0], [569140.0, 4902640.0], [569130.0, 4902640.0], [569130.0, 4902670.0], [569120.0, 4902670.0], [569120.0, 4902690.0], [569110.0, 4902690.0], [569110.0, 4902720.0], [569100.0, 4902720.0], [569100.0, 4902740.0], [569090.0, 4902740.0], [569090.0, 4902760.0], [569080.0, 4902760.0], [569080.0, 4902780.0], [569070.0, 4902780.0], [569070.0, 4902790.0], [569060.0, 4902790.0], [569060.0, 4902800.0], [569050.0, 4902800.0], [569050.0, 4902820.0], [569040.0, 4902820.0], [569040.0, 4902830.0], [569030.0, 4902830.0], [569030.0, 4902850.0], [569020.0, 4902850.0], [569020.0, 4902870.0], [569010.0, 4902870.0], [569010.0, 4902890.0], [569000.0, 4902890.0], [569000.0, 4902900.0], [568990.0, 4902900.0], [568990.0, 4902920.0], [568980.0, 4902920.0], [568980.0, 4902930.0], [568970.0, 4902930.0], [568970.0, 4902940.0], [568960.0, 4902940.0], [568960.0, 4902960.0], [568950.0, 4902960.0], [568950.0, 4902970.0], [568940.0, 4902970.0], [568940.0, 4902980.0], [568930.0, 4902980.0], [568930.0, 4902990.0], [568910.0, 4902990.0], [568910.0, 4903000.0], [568900.0, 4903000.0], [568900.0, 4903040.0], [568890.0, 4903040.0], [568890.0, 4903050.0], [568880.0, 4903050.0], [568880.0, 4903060.0], [568870.0, 4903060.0], [568870.0, 4903070.0], [568860.0, 4903070.0], [568860.0, 4903080.0], [568850.0, 4903080.0], [568850.0, 4903090.0], [568840.0, 4903090.0], [568840.0, 4903100.0], [568830.0, 4903100.0], [568830.0, 4903110.0], [568820.0, 4903110.0], [568820.0, 4903120.0], [568800.0, 4903120.0], [568800.0, 4903130.0], [568790.0, 4903130.0], [568790.0, 4903140.0], [568780.0, 4903140.0], [568780.0, 4903150.0], [568770.0, 4903150.0], [568770.0, 4903160.0], [568750.0, 4903160.0], [568750.0, 4903170.0], [568730.0, 4903170.0], [568730.0, 4903180.0], [568710.0, 4903180.0], [568710.0, 4903190.0], [568700.0, 4903190.0], [568700.0, 4903200.0], [568690.0, 4903200.0], [568690.0, 4903210.0], [568680.0, 4903210.0], [568680.0, 4903220.0], [568670.0, 4903220.0], [568670.0, 4903230.0], [568660.0, 4903230.0], [568660.0, 4903240.0], [568650.0, 4903240.0], [568650.0, 4903250.0], [568640.0, 4903250.0], [568640.0, 4903260.0], [568630.0, 4903260.0], [568630.0, 4903270.0], [568620.0, 4903270.0], [568620.0, 4903280.0], [568610.0, 4903280.0], [568610.0, 4903290.0], [568600.0, 4903290.0], [568600.0, 4903300.0], [568580.0, 4903300.0], [568580.0, 4903310.0], [568570.0, 4903310.0], [568570.0, 4903320.0], [568560.0, 4903320.0], [568560.0, 4903330.0], [568550.0, 4903330.0], [568550.0, 4903340.0], [568540.0, 4903340.0], [568540.0, 4903350.0], [568530.0, 4903350.0], [568530.0, 4903360.0], [568520.0, 4903360.0], [568520.0, 4903380.0], [568510.0, 4903380.0], [568510.0, 4903400.0], [568500.0, 4903400.0], [568500.0, 4903410.0], [568490.0, 4903410.0], [568490.0, 4903420.0], [568480.0, 4903420.0], [568480.0, 4903430.0], [568470.0, 4903430.0], [568470.0, 4903440.0], [568460.0, 4903440.0], [568460.0, 4903450.0], [568450.0, 4903450.0], [568450.0, 4903460.0], [568440.0, 4903460.0], [568440.0, 4903470.0], [568330.0, 4903470.0]]]}, "properties": {"site_code": "169", "dem_area_ha": 34.29, "routing_qc_pass": true}}, {"type": "Feature", "geometry": {"type": "Polygon", "coordinates": [[[569170.0, 4902410.0], [569170.0, 4902400.0], [569180.0, 4902400.0], [569180.0, 4902410.0], [569170.0, 4902410.0]]]}, "properties": {"site_code": "169", "dem_area_ha": 34.29, "routing_qc_pass": true}}, {"type": "Feature", "geometry": {"type": "Polygon", "coordinates": [[[564150.0, 4897910.0], [564150.0, 4897900.0], [564160.0, 4897900.0], [564160.0, 4897910.0], [564150.0, 4897910.0]]]}, "properties": {"site_code": "190", "dem_area_ha": 51.45, "routing_qc_pass": false}}, {"type": "Feature", "geometry": {"type": "Polygon", "coordinates": [[[564160.0, 4897900.0], [564160.0, 4897870.0], [564150.0, 4897870.0], [564150.0, 4897860.0], [564140.0, 4897860.0], [564140.0, 4897830.0], [564130.0, 4897830.0], [564130.0, 4897730.0], [564120.0, 4897730.0], [564120.0, 4897650.0], [564130.0, 4897650.0], [564130.0, 4897570.0], [564120.0, 4897570.0], [564120.0, 4897550.0], [564110.0, 4897550.0], [564110.0, 4897540.0], [564090.0, 4897540.0], [564090.0, 4897460.0], [564080.0, 4897460.0], [564080.0, 4897440.0], [564070.0, 4897440.0], [564070.0, 4897410.0], [564060.0, 4897410.0], [564060.0, 4897320.0], [564070.0, 4897320.0], [564070.0, 4897250.0], [564060.0, 4897250.0], [564060.0, 4897240.0], [564050.0, 4897240.0], [564050.0, 4897230.0], [564040.0, 4897230.0], [564040.0, 4897220.0], [564030.0, 4897220.0], [564030.0, 4897180.0], [564020.0, 4897180.0], [564020.0, 4897160.0], [564010.0, 4897160.0], [564010.0, 4897140.0], [564000.0, 4897140.0], [564000.0, 4897130.0], [563990.0, 4897130.0], [563990.0, 4897110.0], [563980.0, 4897110.0], [563980.0, 4897100.0], [563970.0, 4897100.0], [563970.0, 4897060.0], [563960.0, 4897060.0], [563960.0, 4897010.0], [563950.0, 4897010.0], [563950.0, 4897000.0], [563910.0, 4897000.0], [563910.0, 4897010.0], [563900.0, 4897010.0], [563900.0, 4897000.0], [563890.0, 4897000.0], [563890.0, 4896990.0], [563880.0, 4896990.0], [563880.0, 4896980.0], [563870.0, 4896980.0], [563870.0, 4896970.0], [563840.0, 4896970.0], [563840.0, 4896950.0], [563830.0, 4896950.0], [563830.0, 4896930.0], [563820.0, 4896930.0], [563820.0, 4896920.0], [563800.0, 4896920.0], [563800.0, 4896910.0], [563790.0, 4896910.0], [563790.0, 4896900.0], [563780.0, 4896900.0], [563780.0, 4896890.0], [563770.0, 4896890.0], [563770.0, 4896880.0], [563760.0, 4896880.0], [563760.0, 4896870.0], [563750.0, 4896870.0], [563750.0, 4896860.0], [563740.0, 4896860.0], [563740.0, 4896850.0], [563730.0, 4896850.0], [563730.0, 4896830.0], [563720.0, 4896830.0], [563720.0, 4896810.0], [563710.0, 4896810.0], [563710.0, 4896760.0], [563700.0, 4896760.0], [563700.0, 4896690.0], [563710.0, 4896690.0], [563710.0, 4896670.0], [563720.0, 4896670.0], [563720.0, 4896660.0], [563730.0, 4896660.0], [563730.0, 4896610.0], [563720.0, 4896610.0], [563720.0, 4896590.0], [563710.0, 4896590.0], [563710.0, 4896580.0], [563700.0, 4896580.0], [563700.0, 4896570.0], [563670.0, 4896570.0], [563670.0, 4896560.0], [563650.0, 4896560.0], [563650.0, 4896540.0], [563640.0, 4896540.0], [563640.0, 4896520.0], [563630.0, 4896520.0], [563630.0, 4896500.0], [563620.0, 4896500.0], [563620.0, 4896490.0], [563610.0, 4896490.0], [563610.0, 4896320.0], [563620.0, 4896320.0], [563620.0, 4896310.0], [563630.0, 4896310.0], [563630.0, 4896300.0], [563640.0, 4896300.0], [563640.0, 4896290.0], [563650.0, 4896290.0], [563650.0, 4896280.0], [563660.0, 4896280.0], [563660.0, 4896270.0], [563670.0, 4896270.0], [563670.0, 4896260.0], [563680.0, 4896260.0], [563680.0, 4896250.0], [563690.0, 4896250.0], [563690.0, 4896240.0], [563700.0, 4896240.0], [563700.0, 4896230.0], [563710.0, 4896230.0], [563710.0, 4896220.0], [563720.0, 4896220.0], [563720.0, 4896210.0], [563730.0, 4896210.0], [563730.0, 4896200.0], [563740.0, 4896200.0], [563740.0, 4896190.0], [563750.0, 4896190.0], [563750.0, 4896180.0], [563760.0, 4896180.0], [563760.0, 4896170.0], [563770.0, 4896170.0], [563770.0, 4896160.0], [563780.0, 4896160.0], [563780.0, 4896150.0], [563790.0, 4896150.0], [563790.0, 4896140.0], [563800.0, 4896140.0], [563800.0, 4896130.0], [563810.0, 4896130.0], [563810.0, 4896120.0], [563820.0, 4896120.0], [563820.0, 4896110.0], [563830.0, 4896110.0], [563830.0, 4896100.0], [563840.0, 4896100.0], [563840.0, 4896090.0], [563870.0, 4896090.0], [563870.0, 4896080.0], [563890.0, 4896080.0], [563890.0, 4896070.0], [563900.0, 4896070.0], [563900.0, 4896060.0], [563910.0, 4896060.0], [563910.0, 4896050.0], [563920.0, 4896050.0], [563920.0, 4896040.0], [563930.0, 4896040.0], [563930.0, 4896030.0], [563940.0, 4896030.0], [563940.0, 4896020.0], [563960.0, 4896020.0], [563960.0, 4896010.0], [563990.0, 4896010.0], [563990.0, 4896000.0], [564010.0, 4896000.0], [564010.0, 4895990.0], [564020.0, 4895990.0], [564020.0, 4895980.0], [564030.0, 4895980.0], [564030.0, 4895970.0], [564040.0, 4895970.0], [564040.0, 4895980.0], [564050.0, 4895980.0], [564050.0, 4896000.0], [564060.0, 4896000.0], [564060.0, 4896030.0], [564070.0, 4896030.0], [564070.0, 4896180.0], [564060.0, 4896180.0], [564060.0, 4896270.0], [564070.0, 4896270.0], [564070.0, 4896290.0], [564080.0, 4896290.0], [564080.0, 4896300.0], [564090.0, 4896300.0], [564090.0, 4896310.0], [564100.0, 4896310.0], [564100.0, 4896560.0], [564110.0, 4896560.0], [564110.0, 4896600.0], [564100.0, 4896600.0], [564100.0, 4896610.0], [564090.0, 4896610.0], [564090.0, 4896620.0], [564080.0, 4896620.0], [564080.0, 4896630.0], [564070.0, 4896630.0], [564070.0, 4896770.0], [564080.0, 4896770.0], [564080.0, 4896780.0], [564090.0, 4896780.0], [564090.0, 4896790.0], [564100.0, 4896790.0], [564100.0, 4896800.0], [564110.0, 4896800.0], [564110.0, 4896810.0], [564120.0, 4896810.0], [564120.0, 4896820.0], [564130.0, 4896820.0], [564130.0, 4896840.0], [564140.0, 4896840.0], [564140.0, 4896850.0], [564150.0, 4896850.0], [564150.0, 4896860.0], [564160.0, 4896860.0], [564160.0, 4896960.0], [564170.0, 4896960.0], [564170.0, 4896970.0], [564180.0, 4896970.0], [564180.0, 4896990.0], [564170.0, 4896990.0], [564170.0, 4897030.0], [564160.0, 4897030.0], [564160.0, 4897100.0], [564170.0, 4897100.0], [564170.0, 4897110.0], [564180.0, 4897110.0], [564180.0, 4897140.0], [564190.0, 4897140.0], [564190.0, 4897230.0], [564200.0, 4897230.0], [564200.0, 4897270.0], [564210.0, 4897270.0], [564210.0, 4897300.0], [564220.0, 4897300.0], [564220.0, 4897310.0], [564230.0, 4897310.0], [564230.0, 4897320.0], [564240.0, 4897320.0], [564240.0, 4897370.0], [564250.0, 4897370.0], [564250.0, 4897500.0], [564260.0, 4897500.0], [564260.0, 4897510.0], [564270.0, 4897510.0], [564270.0, 4897540.0], [564280.0, 4897540.0], [564280.0, 4897650.0], [564290.0, 4897650.0], [564290.0, 4897660.0], [564300.0, 4897660.0], [564300.0, 4897780.0], [564290.0, 4897780.0], [564290.0, 4897790.0], [564280.0, 4897790.0], [564280.0, 4897800.0], [564270.0, 4897800.0], [564270.0, 4897810.0], [564260.0, 4897810.0], [564260.0, 4897820.0], [564250.0, 4897820.0], [564250.0, 4897830.0], [564240.0, 4897830.0], [564240.0, 4897840.0], [564230.0, 4897840.0], [564230.0, 4897850.0], [564220.0, 4897850.0], [564220.0, 4897860.0], [564210.0, 4897860.0], [564210.0, 4897880.0], [564200.0, 4897880.0], [564200.0, 4897890.0], [564170.0, 4897890.0], [564170.0, 4897900.0], [564160.0, 4897900.0]]]}, "properties": {"site_code": "190", "dem_area_ha": 51.45, "routing_qc_pass": false}}, {"type": "Feature", "geometry": {"type": "Polygon", "coordinates": [[[571320.0, 4897760.0], [571320.0, 4897750.0], [571330.0, 4897750.0], [571330.0, 4897760.0], [571320.0, 4897760.0]]]}, "properties": {"site_code": "CC-2", "dem_area_ha": 69.82, "routing_qc_pass": true}}, {"type": "Feature", "geometry": {"type": "Polygon", "coordinates": [[[571070.0, 4898680.0], [571070.0, 4898670.0], [571050.0, 4898670.0], [571050.0, 4898660.0], [571040.0, 4898660.0], [571040.0, 4898650.0], [571020.0, 4898650.0], [571020.0, 4898640.0], [571010.0, 4898640.0], [571010.0, 4898630.0], [571000.0, 4898630.0], [571000.0, 4898620.0], [570980.0, 4898620.0], [570980.0, 4898610.0], [570960.0, 4898610.0], [570960.0, 4898600.0], [570950.0, 4898600.0], [570950.0, 4898590.0], [570940.0, 4898590.0], [570940.0, 4898580.0], [570930.0, 4898580.0], [570930.0, 4898570.0], [570920.0, 4898570.0], [570920.0, 4898560.0], [570910.0, 4898560.0], [570910.0, 4898550.0], [570900.0, 4898550.0], [570900.0, 4898540.0], [570890.0, 4898540.0], [570890.0, 4898530.0], [570880.0, 4898530.0], [570880.0, 4898520.0], [570870.0, 4898520.0], [570870.0, 4898510.0], [570860.0, 4898510.0], [570860.0, 4898500.0], [570850.0, 4898500.0], [570850.0, 4898490.0], [570840.0, 4898490.0], [570840.0, 4898480.0], [570810.0, 4898480.0], [570810.0, 4898470.0], [570790.0, 4898470.0], [570790.0, 4898460.0], [570770.0, 4898460.0], [570770.0, 4898450.0], [570740.0, 4898450.0], [570740.0, 4898440.0], [570730.0, 4898440.0], [570730.0, 4898430.0], [570720.0, 4898430.0], [570720.0, 4898420.0], [570710.0, 4898420.0], [570710.0, 4898410.0], [570700.0, 4898410.0], [570700.0, 4898400.0], [570680.0, 4898400.0], [570680.0, 4898390.0], [570670.0, 4898390.0], [570670.0, 4898380.0], [570660.0, 4898380.0], [570660.0, 4898370.0], [570650.0, 4898370.0], [570650.0, 4898360.0], [570640.0, 4898360.0], [570640.0, 4898350.0], [570630.0, 4898350.0], [570630.0, 4898340.0], [570620.0, 4898340.0], [570620.0, 4898330.0], [570600.0, 4898330.0], [570600.0, 4898320.0], [570590.0, 4898320.0], [570590.0, 4898310.0], [570580.0, 4898310.0], [570580.0, 4898300.0], [570560.0, 4898300.0], [570560.0, 4898290.0], [570550.0, 4898290.0], [570550.0, 4898280.0], [570530.0, 4898280.0], [570530.0, 4898270.0], [570510.0, 4898270.0], [570510.0, 4898260.0], [570490.0, 4898260.0], [570490.0, 4898250.0], [570470.0, 4898250.0], [570470.0, 4898240.0], [570450.0, 4898240.0], [570450.0, 4898230.0], [570430.0, 4898230.0], [570430.0, 4898220.0], [570400.0, 4898220.0], [570400.0, 4898210.0], [570380.0, 4898210.0], [570380.0, 4898200.0], [570370.0, 4898200.0], [570370.0, 4898190.0], [570350.0, 4898190.0], [570350.0, 4898180.0], [570330.0, 4898180.0], [570330.0, 4898170.0], [570300.0, 4898170.0], [570300.0, 4898160.0], [570280.0, 4898160.0], [570280.0, 4898150.0], [570270.0, 4898150.0], [570270.0, 4898140.0], [570260.0, 4898140.0], [570260.0, 4898130.0], [570250.0, 4898130.0], [570250.0, 4898120.0], [570240.0, 4898120.0], [570240.0, 4898110.0], [570230.0, 4898110.0], [570230.0, 4898100.0], [570220.0, 4898100.0], [570220.0, 4898090.0], [570210.0, 4898090.0], [570210.0, 4898080.0], [570200.0, 4898080.0], [570200.0, 4898070.0], [570190.0, 4898070.0], [570190.0, 4898060.0], [570180.0, 4898060.0], [570180.0, 4898050.0], [570170.0, 4898050.0], [570170.0, 4898040.0], [570160.0, 4898040.0], [570160.0, 4898030.0], [570150.0, 4898030.0], [570150.0, 4898020.0], [570140.0, 4898020.0], [570140.0, 4898010.0], [570130.0, 4898010.0], [570130.0, 4898000.0], [570120.0, 4898000.0], [570120.0, 4897990.0], [570110.0, 4897990.0], [570110.0, 4897980.0], [570100.0, 4897980.0], [570100.0, 4897970.0], [570090.0, 4897970.0], [570090.0, 4897960.0], [570080.0, 4897960.0], [570080.0, 4897950.0], [570070.0, 4897950.0], [570070.0, 4897940.0], [570060.0, 4897940.0], [570060.0, 4897930.0], [570050.0, 4897930.0], [570050.0, 4897920.0], [570040.0, 4897920.0], [570040.0, 4897910.0], [570030.0, 4897910.0], [570030.0, 4897900.0], [570020.0, 4897900.0], [570020.0, 4897890.0], [570010.0, 4897890.0], [570010.0, 4897880.0], [570000.0, 4897880.0], [570000.0, 4897860.0], [569990.0, 4897860.0], [569990.0, 4897760.0], [569980.0, 4897760.0], [569980.0, 4897750.0], [569970.0, 4897750.0], [569970.0, 4897740.0], [569980.0, 4897740.0], [569980.0, 4897730.0], [569990.0, 4897730.0], [569990.0, 4897740.0], [570000.0, 4897740.0], [570000.0, 4897750.0], [570030.0, 4897750.0], [570030.0, 4897740.0], [570040.0, 4897740.0], [570040.0, 4897730.0], [570140.0, 4897730.0], [570140.0, 4897740.0], [570170.0, 4897740.0], [570170.0, 4897750.0], [570190.0, 4897750.0], [570190.0, 4897760.0], [570430.0, 4897760.0], [570430.0, 4897770.0], [570470.0, 4897770.0], [570470.0, 4897780.0], [570490.0, 4897780.0], [570490.0, 4897790.0], [570530.0, 4897790.0], [570530.0, 4897800.0], [570610.0, 4897800.0], [570610.0, 4897810.0], [570640.0, 4897810.0], [570640.0, 4897820.0], [570670.0, 4897820.0], [570670.0, 4897830.0], [570690.0, 4897830.0], [570690.0, 4897840.0], [570700.0, 4897840.0], [570700.0, 4897850.0], [570720.0, 4897850.0], [570720.0, 4897860.0], [570740.0, 4897860.0], [570740.0, 4897870.0], [570810.0, 4897870.0], [570810.0, 4897880.0], [570830.0, 4897880.0], [570830.0, 4897890.0], [570840.0, 4897890.0], [570840.0, 4897900.0], [570870.0, 4897900.0], [570870.0, 4897910.0], [570930.0, 4897910.0], [570930.0, 4897920.0], [570990.0, 4897920.0], [570990.0, 4897930.0], [571150.0, 4897930.0], [571150.0, 4897920.0], [571180.0, 4897920.0], [571180.0, 4897910.0], [571210.0, 4897910.0], [571210.0, 4897900.0], [571230.0, 4897900.0], [571230.0, 4897890.0], [571240.0, 4897890.0], [571240.0, 4897880.0], [571250.0, 4897880.0], [571250.0, 4897870.0], [571260.0, 4897870.0], [571260.0, 4897860.0], [571270.0, 4897860.0], [571270.0, 4897850.0], [571280.0, 4897850.0], [571280.0, 4897840.0], [571290.0, 4897840.0], [571290.0, 4897780.0], [571300.0, 4897780.0], [571300.0, 4897770.0], [571310.0, 4897770.0], [571310.0, 4897760.0], [571320.0, 4897760.0], [571320.0, 4897860.0], [571330.0, 4897860.0], [571330.0, 4897880.0], [571340.0, 4897880.0], [571340.0, 4897910.0], [571350.0, 4897910.0], [571350.0, 4897940.0], [571360.0, 4897940.0], [571360.0, 4898010.0], [571370.0, 4898010.0], [571370.0, 4898060.0], [571360.0, 4898060.0], [571360.0, 4898130.0], [571350.0, 4898130.0], [571350.0, 4898150.0], [571340.0, 4898150.0], [571340.0, 4898180.0], [571330.0, 4898180.0], [571330.0, 4898280.0], [571340.0, 4898280.0], [571340.0, 4898310.0], [571330.0, 4898310.0], [571330.0, 4898330.0], [571320.0, 4898330.0], [571320.0, 4898360.0], [571310.0, 4898360.0], [571310.0, 4898430.0], [571300.0, 4898430.0], [571300.0, 4898450.0], [571290.0, 4898450.0], [571290.0, 4898460.0], [571280.0, 4898460.0], [571280.0, 4898480.0], [571270.0, 4898480.0], [571270.0, 4898490.0], [571260.0, 4898490.0], [571260.0, 4898510.0], [571250.0, 4898510.0], [571250.0, 4898520.0], [571240.0, 4898520.0], [571240.0, 4898530.0], [571230.0, 4898530.0], [571230.0, 4898540.0], [571220.0, 4898540.0], [571220.0, 4898560.0], [571210.0, 4898560.0], [571210.0, 4898570.0], [571200.0, 4898570.0], [571200.0, 4898580.0], [571190.0, 4898580.0], [571190.0, 4898590.0], [571180.0, 4898590.0], [571180.0, 4898600.0], [571170.0, 4898600.0], [571170.0, 4898620.0], [571160.0, 4898620.0], [571160.0, 4898630.0], [571150.0, 4898630.0], [571150.0, 4898640.0], [571140.0, 4898640.0], [571140.0, 4898660.0], [571130.0, 4898660.0], [571130.0, 4898680.0], [571070.0, 4898680.0]]]}, "properties": {"site_code": "CC-2", "dem_area_ha": 69.82, "routing_qc_pass": true}}, {"type": "Feature", "geometry": {"type": "Polygon", "coordinates": [[[571320.0, 4897760.0], [571320.0, 4897750.0], [571330.0, 4897750.0], [571330.0, 4897760.0], [571320.0, 4897760.0]]]}, "properties": {"site_code": "CC-3", "dem_area_ha": 69.08, "routing_qc_pass": true}}, {"type": "Feature", "geometry": {"type": "Polygon", "coordinates": [[[571070.0, 4898680.0], [571070.0, 4898670.0], [571050.0, 4898670.0], [571050.0, 4898660.0], [571040.0, 4898660.0], [571040.0, 4898650.0], [571020.0, 4898650.0], [571020.0, 4898640.0], [571010.0, 4898640.0], [571010.0, 4898630.0], [571000.0, 4898630.0], [571000.0, 4898620.0], [570980.0, 4898620.0], [570980.0, 4898610.0], [570960.0, 4898610.0], [570960.0, 4898600.0], [570950.0, 4898600.0], [570950.0, 4898590.0], [570940.0, 4898590.0], [570940.0, 4898580.0], [570930.0, 4898580.0], [570930.0, 4898570.0], [570920.0, 4898570.0], [570920.0, 4898560.0], [570910.0, 4898560.0], [570910.0, 4898550.0], [570900.0, 4898550.0], [570900.0, 4898540.0], [570890.0, 4898540.0], [570890.0, 4898530.0], [570880.0, 4898530.0], [570880.0, 4898520.0], [570870.0, 4898520.0], [570870.0, 4898510.0], [570860.0, 4898510.0], [570860.0, 4898500.0], [570850.0, 4898500.0], [570850.0, 4898490.0], [570840.0, 4898490.0], [570840.0, 4898480.0], [570810.0, 4898480.0], [570810.0, 4898470.0], [570790.0, 4898470.0], [570790.0, 4898460.0], [570770.0, 4898460.0], [570770.0, 4898450.0], [570740.0, 4898450.0], [570740.0, 4898440.0], [570730.0, 4898440.0], [570730.0, 4898430.0], [570720.0, 4898430.0], [570720.0, 4898420.0], [570710.0, 4898420.0], [570710.0, 4898410.0], [570700.0, 4898410.0], [570700.0, 4898400.0], [570680.0, 4898400.0], [570680.0, 4898390.0], [570670.0, 4898390.0], [570670.0, 4898380.0], [570660.0, 4898380.0], [570660.0, 4898370.0], [570650.0, 4898370.0], [570650.0, 4898360.0], [570640.0, 4898360.0], [570640.0, 4898350.0], [570630.0, 4898350.0], [570630.0, 4898340.0], [570620.0, 4898340.0], [570620.0, 4898330.0], [570600.0, 4898330.0], [570600.0, 4898320.0], [570590.0, 4898320.0], [570590.0, 4898310.0], [570580.0, 4898310.0], [570580.0, 4898300.0], [570560.0, 4898300.0], [570560.0, 4898290.0], [570550.0, 4898290.0], [570550.0, 4898280.0], [570530.0, 4898280.0], [570530.0, 4898270.0], [570510.0, 4898270.0], [570510.0, 4898260.0], [570490.0, 4898260.0], [570490.0, 4898250.0], [570470.0, 4898250.0], [570470.0, 4898240.0], [570450.0, 4898240.0], [570450.0, 4898230.0], [570430.0, 4898230.0], [570430.0, 4898220.0], [570400.0, 4898220.0], [570400.0, 4898210.0], [570380.0, 4898210.0], [570380.0, 4898200.0], [570370.0, 4898200.0], [570370.0, 4898190.0], [570350.0, 4898190.0], [570350.0, 4898180.0], [570330.0, 4898180.0], [570330.0, 4898170.0], [570300.0, 4898170.0], [570300.0, 4898160.0], [570280.0, 4898160.0], [570280.0, 4898150.0], [570270.0, 4898150.0], [570270.0, 4898140.0], [570260.0, 4898140.0], [570260.0, 4898130.0], [570250.0, 4898130.0], [570250.0, 4898120.0], [570240.0, 4898120.0], [570240.0, 4898110.0], [570230.0, 4898110.0], [570230.0, 4898100.0], [570220.0, 4898100.0], [570220.0, 4898090.0], [570210.0, 4898090.0], [570210.0, 4898080.0], [570200.0, 4898080.0], [570200.0, 4898070.0], [570190.0, 4898070.0], [570190.0, 4898060.0], [570180.0, 4898060.0], [570180.0, 4898050.0], [570170.0, 4898050.0], [570170.0, 4898040.0], [570160.0, 4898040.0], [570160.0, 4898030.0], [570150.0, 4898030.0], [570150.0, 4898020.0], [570140.0, 4898020.0], [570140.0, 4898010.0], [570130.0, 4898010.0], [570130.0, 4898000.0], [570120.0, 4898000.0], [570120.0, 4897990.0], [570110.0, 4897990.0], [570110.0, 4897980.0], [570100.0, 4897980.0], [570100.0, 4897970.0], [570090.0, 4897970.0], [570090.0, 4897960.0], [570080.0, 4897960.0], [570080.0, 4897950.0], [570070.0, 4897950.0], [570070.0, 4897940.0], [570060.0, 4897940.0], [570060.0, 4897930.0], [570050.0, 4897930.0], [570050.0, 4897920.0], [570040.0, 4897920.0], [570040.0, 4897910.0], [570030.0, 4897910.0], [570030.0, 4897900.0], [570020.0, 4897900.0], [570020.0, 4897780.0], [570060.0, 4897780.0], [570060.0, 4897770.0], [570070.0, 4897770.0], [570070.0, 4897760.0], [570080.0, 4897760.0], [570080.0, 4897750.0], [570090.0, 4897750.0], [570090.0, 4897740.0], [570170.0, 4897740.0], [570170.0, 4897750.0], [570190.0, 4897750.0], [570190.0, 4897760.0], [570430.0, 4897760.0], [570430.0, 4897770.0], [570470.0, 4897770.0], [570470.0, 4897780.0], [570490.0, 4897780.0], [570490.0, 4897790.0], [570530.0, 4897790.0], [570530.0, 4897800.0], [570610.0, 4897800.0], [570610.0, 4897810.0], [570640.0, 4897810.0], [570640.0, 4897820.0], [570670.0, 4897820.0], [570670.0, 4897830.0], [570690.0, 4897830.0], [570690.0, 4897840.0], [570700.0, 4897840.0], [570700.0, 4897850.0], [570720.0, 4897850.0], [570720.0, 4897860.0], [570740.0, 4897860.0], [570740.0, 4897870.0], [570810.0, 4897870.0], [570810.0, 4897880.0], [570830.0, 4897880.0], [570830.0, 4897890.0], [570840.0, 4897890.0], [570840.0, 4897900.0], [570870.0, 4897900.0], [570870.0, 4897910.0], [570930.0, 4897910.0], [570930.0, 4897920.0], [570990.0, 4897920.0], [570990.0, 4897930.0], [571150.0, 4897930.0], [571150.0, 4897920.0], [571180.0, 4897920.0], [571180.0, 4897910.0], [571210.0, 4897910.0], [571210.0, 4897900.0], [571230.0, 4897900.0], [571230.0, 4897890.0], [571240.0, 4897890.0], [571240.0, 4897880.0], [571250.0, 4897880.0], [571250.0, 4897870.0], [571260.0, 4897870.0], [571260.0, 4897860.0], [571270.0, 4897860.0], [571270.0, 4897850.0], [571280.0, 4897850.0], [571280.0, 4897840.0], [571290.0, 4897840.0], [571290.0, 4897780.0], [571300.0, 4897780.0], [571300.0, 4897770.0], [571310.0, 4897770.0], [571310.0, 4897760.0], [571320.0, 4897760.0], [571320.0, 4897860.0], [571330.0, 4897860.0], [571330.0, 4897880.0], [571340.0, 4897880.0], [571340.0, 4897910.0], [571350.0, 4897910.0], [571350.0, 4897940.0], [571360.0, 4897940.0], [571360.0, 4898010.0], [571370.0, 4898010.0], [571370.0, 4898060.0], [571360.0, 4898060.0], [571360.0, 4898130.0], [571350.0, 4898130.0], [571350.0, 4898150.0], [571340.0, 4898150.0], [571340.0, 4898180.0], [571330.0, 4898180.0], [571330.0, 4898280.0], [571340.0, 4898280.0], [571340.0, 4898310.0], [571330.0, 4898310.0], [571330.0, 4898330.0], [571320.0, 4898330.0], [571320.0, 4898360.0], [571310.0, 4898360.0], [571310.0, 4898430.0], [571300.0, 4898430.0], [571300.0, 4898450.0], [571290.0, 4898450.0], [571290.0, 4898460.0], [571280.0, 4898460.0], [571280.0, 4898480.0], [571270.0, 4898480.0], [571270.0, 4898490.0], [571260.0, 4898490.0], [571260.0, 4898510.0], [571250.0, 4898510.0], [571250.0, 4898520.0], [571240.0, 4898520.0], [571240.0, 4898530.0], [571230.0, 4898530.0], [571230.0, 4898540.0], [571220.0, 4898540.0], [571220.0, 4898560.0], [571210.0, 4898560.0], [571210.0, 4898570.0], [571200.0, 4898570.0], [571200.0, 4898580.0], [571190.0, 4898580.0], [571190.0, 4898590.0], [571180.0, 4898590.0], [571180.0, 4898600.0], [571170.0, 4898600.0], [571170.0, 4898620.0], [571160.0, 4898620.0], [571160.0, 4898630.0], [571150.0, 4898630.0], [571150.0, 4898640.0], [571140.0, 4898640.0], [571140.0, 4898660.0], [571130.0, 4898660.0], [571130.0, 4898680.0], [571070.0, 4898680.0]]]}, "properties": {"site_code": "CC-3", "dem_area_ha": 69.08, "routing_qc_pass": true}}, {"type": "Feature", "geometry": {"type": "Polygon", "coordinates": [[[571070.0, 4898680.0], [571070.0, 4898670.0], [571050.0, 4898670.0], [571050.0, 4898660.0], [571040.0, 4898660.0], [571040.0, 4898650.0], [571020.0, 4898650.0], [571020.0, 4898640.0], [571010.0, 4898640.0], [571010.0, 4898630.0], [571000.0, 4898630.0], [571000.0, 4898620.0], [570980.0, 4898620.0], [570980.0, 4898610.0], [570960.0, 4898610.0], [570960.0, 4898600.0], [570950.0, 4898600.0], [570950.0, 4898590.0], [570940.0, 4898590.0], [570940.0, 4898580.0], [570930.0, 4898580.0], [570930.0, 4898570.0], [570920.0, 4898570.0], [570920.0, 4898560.0], [570910.0, 4898560.0], [570910.0, 4898550.0], [570900.0, 4898550.0], [570900.0, 4898540.0], [570890.0, 4898540.0], [570890.0, 4898530.0], [570880.0, 4898530.0], [570880.0, 4898520.0], [570870.0, 4898520.0], [570870.0, 4898510.0], [570860.0, 4898510.0], [570860.0, 4898500.0], [570850.0, 4898500.0], [570850.0, 4898490.0], [570840.0, 4898490.0], [570840.0, 4898480.0], [570810.0, 4898480.0], [570810.0, 4898470.0], [570790.0, 4898470.0], [570790.0, 4898460.0], [570770.0, 4898460.0], [570770.0, 4898450.0], [570740.0, 4898450.0], [570740.0, 4898440.0], [570730.0, 4898440.0], [570730.0, 4898430.0], [570720.0, 4898430.0], [570720.0, 4898420.0], [570710.0, 4898420.0], [570710.0, 4898410.0], [570700.0, 4898410.0], [570700.0, 4898400.0], [570680.0, 4898400.0], [570680.0, 4898390.0], [570670.0, 4898390.0], [570670.0, 4898380.0], [570660.0, 4898380.0], [570660.0, 4898370.0], [570650.0, 4898370.0], [570650.0, 4898360.0], [570640.0, 4898360.0], [570640.0, 4898350.0], [570630.0, 4898350.0], [570630.0, 4898340.0], [570620.0, 4898340.0], [570620.0, 4898330.0], [570600.0, 4898330.0], [570600.0, 4898320.0], [570590.0, 4898320.0], [570590.0, 4898310.0], [570580.0, 4898310.0], [570580.0, 4898300.0], [570560.0, 4898300.0], [570560.0, 4898290.0], [570550.0, 4898290.0], [570550.0, 4898280.0], [570530.0, 4898280.0], [570530.0, 4898270.0], [570510.0, 4898270.0], [570510.0, 4898260.0], [570490.0, 4898260.0], [570490.0, 4898250.0], [570470.0, 4898250.0], [570470.0, 4898240.0], [570450.0, 4898240.0], [570450.0, 4898230.0], [570430.0, 4898230.0], [570430.0, 4898220.0], [570400.0, 4898220.0], [570400.0, 4898210.0], [570380.0, 4898210.0], [570380.0, 4898200.0], [570370.0, 4898200.0], [570370.0, 4898190.0], [570350.0, 4898190.0], [570350.0, 4898180.0], [570330.0, 4898180.0], [570330.0, 4898170.0], [570300.0, 4898170.0], [570300.0, 4898160.0], [570280.0, 4898160.0], [570280.0, 4898150.0], [570270.0, 4898150.0], [570270.0, 4898140.0], [570260.0, 4898140.0], [570260.0, 4898130.0], [570250.0, 4898130.0], [570250.0, 4898120.0], [570240.0, 4898120.0], [570240.0, 4898110.0], [570230.0, 4898110.0], [570230.0, 4898100.0], [570220.0, 4898100.0], [570220.0, 4898090.0], [570210.0, 4898090.0], [570210.0, 4898080.0], [570200.0, 4898080.0], [570200.0, 4898070.0], [570190.0, 4898070.0], [570190.0, 4898060.0], [570180.0, 4898060.0], [570180.0, 4898050.0], [570170.0, 4898050.0], [570170.0, 4898040.0], [570160.0, 4898040.0], [570160.0, 4898030.0], [570150.0, 4898030.0], [570150.0, 4898020.0], [570140.0, 4898020.0], [570140.0, 4897830.0], [570130.0, 4897830.0], [570130.0, 4897820.0], [570140.0, 4897820.0], [570140.0, 4897810.0], [570150.0, 4897810.0], [570150.0, 4897800.0], [570160.0, 4897800.0], [570160.0, 4897790.0], [570170.0, 4897790.0], [570170.0, 4897780.0], [570180.0, 4897780.0], [570180.0, 4897770.0], [570190.0, 4897770.0], [570190.0, 4897760.0], [570430.0, 4897760.0], [570430.0, 4897770.0], [570470.0, 4897770.0], [570470.0, 4897780.0], [570490.0, 4897780.0], [570490.0, 4897790.0], [570530.0, 4897790.0], [570530.0, 4897800.0], [570610.0, 4897800.0], [570610.0, 4897810.0], [570640.0, 4897810.0], [570640.0, 4897820.0], [570670.0, 4897820.0], [570670.0, 4897830.0], [570690.0, 4897830.0], [570690.0, 4897840.0], [570700.0, 4897840.0], [570700.0, 4897850.0], [570720.0, 4897850.0], [570720.0, 4897860.0], [570740.0, 4897860.0], [570740.0, 4897870.0], [570810.0, 4897870.0], [570810.0, 4897880.0], [570830.0, 4897880.0], [570830.0, 4897890.0], [570840.0, 4897890.0], [570840.0, 4897900.0], [570870.0, 4897900.0], [570870.0, 4897910.0], [570930.0, 4897910.0], [570930.0, 4897920.0], [570990.0, 4897920.0], [570990.0, 4897930.0], [571150.0, 4897930.0], [571150.0, 4897920.0], [571180.0, 4897920.0], [571180.0, 4897910.0], [571210.0, 4897910.0], [571210.0, 4897900.0], [571230.0, 4897900.0], [571230.0, 4897890.0], [571240.0, 4897890.0], [571240.0, 4897880.0], [571250.0, 4897880.0], [571250.0, 4897870.0], [571260.0, 4897870.0], [571260.0, 4897860.0], [571270.0, 4897860.0], [571270.0, 4897850.0], [571280.0, 4897850.0], [571280.0, 4897840.0], [571290.0, 4897840.0], [571290.0, 4897780.0], [571300.0, 4897780.0], [571300.0, 4897770.0], [571310.0, 4897770.0], [571310.0, 4897760.0], [571320.0, 4897760.0], [571320.0, 4897860.0], [571330.0, 4897860.0], [571330.0, 4897880.0], [571340.0, 4897880.0], [571340.0, 4897910.0], [571350.0, 4897910.0], [571350.0, 4897940.0], [571360.0, 4897940.0], [571360.0, 4898010.0], [571370.0, 4898010.0], [571370.0, 4898060.0], [571360.0, 4898060.0], [571360.0, 4898130.0], [571350.0, 4898130.0], [571350.0, 4898150.0], [571340.0, 4898150.0], [571340.0, 4898180.0], [571330.0, 4898180.0], [571330.0, 4898280.0], [571340.0, 4898280.0], [571340.0, 4898310.0], [571330.0, 4898310.0], [571330.0, 4898330.0], [571320.0, 4898330.0], [571320.0, 4898360.0], [571310.0, 4898360.0], [571310.0, 4898430.0], [571300.0, 4898430.0], [571300.0, 4898450.0], [571290.0, 4898450.0], [571290.0, 4898460.0], [571280.0, 4898460.0], [571280.0, 4898480.0], [571270.0, 4898480.0], [571270.0, 4898490.0], [571260.0, 4898490.0], [571260.0, 4898510.0], [571250.0, 4898510.0], [571250.0, 4898520.0], [571240.0, 4898520.0], [571240.0, 4898530.0], [571230.0, 4898530.0], [571230.0, 4898540.0], [571220.0, 4898540.0], [571220.0, 4898560.0], [571210.0, 4898560.0], [571210.0, 4898570.0], [571200.0, 4898570.0], [571200.0, 4898580.0], [571190.0, 4898580.0], [571190.0, 4898590.0], [571180.0, 4898590.0], [571180.0, 4898600.0], [571170.0, 4898600.0], [571170.0, 4898620.0], [571160.0, 4898620.0], [571160.0, 4898630.0], [571150.0, 4898630.0], [571150.0, 4898640.0], [571140.0, 4898640.0], [571140.0, 4898660.0], [571130.0, 4898660.0], [571130.0, 4898680.0], [571070.0, 4898680.0]]]}, "properties": {"site_code": "CC-4", "dem_area_ha": 66.5, "routing_qc_pass": true}}, {"type": "Feature", "geometry": {"type": "Polygon", "coordinates": [[[571320.0, 4897760.0], [571320.0, 4897750.0], [571330.0, 4897750.0], [571330.0, 4897760.0], [571320.0, 4897760.0]]]}, "properties": {"site_code": "CC-4", "dem_area_ha": 66.5, "routing_qc_pass": true}}, {"type": "Feature", "geometry": {"type": "Polygon", "coordinates": [[[562000.0, 4896830.0], [562000.0, 4896820.0], [561990.0, 4896820.0], [561990.0, 4896810.0], [561980.0, 4896810.0], [561980.0, 4896760.0], [561970.0, 4896760.0], [561970.0, 4896740.0], [561960.0, 4896740.0], [561960.0, 4896730.0], [561950.0, 4896730.0], [561950.0, 4896720.0], [561920.0, 4896720.0], [561920.0, 4896710.0], [561910.0, 4896710.0], [561910.0, 4896690.0], [561920.0, 4896690.0], [561920.0, 4896660.0], [561930.0, 4896660.0], [561930.0, 4896640.0], [561940.0, 4896640.0], [561940.0, 4896580.0], [561930.0, 4896580.0], [561930.0, 4896550.0], [561920.0, 4896550.0], [561920.0, 4896500.0], [561910.0, 4896500.0], [561910.0, 4896490.0], [561900.0, 4896490.0], [561900.0, 4896480.0], [561890.0, 4896480.0], [561890.0, 4896470.0], [561880.0, 4896470.0], [561880.0, 4896460.0], [561870.0, 4896460.0], [561870.0, 4896430.0], [561860.0, 4896430.0], [561860.0, 4896410.0], [561850.0, 4896410.0], [561850.0, 4896400.0], [561860.0, 4896400.0], [561860.0, 4896350.0], [561870.0, 4896350.0], [561870.0, 4896330.0], [561880.0, 4896330.0], [561880.0, 4896290.0], [561870.0, 4896290.0], [561870.0, 4896280.0], [561860.0, 4896280.0], [561860.0, 4896270.0], [561850.0, 4896270.0], [561850.0, 4896220.0], [561860.0, 4896220.0], [561860.0, 4896170.0], [561870.0, 4896170.0], [561870.0, 4896160.0], [561860.0, 4896160.0], [561860.0, 4896000.0], [561850.0, 4896000.0], [561850.0, 4895930.0], [561860.0, 4895930.0], [561860.0, 4895920.0], [561870.0, 4895920.0], [561870.0, 4895600.0], [561880.0, 4895600.0], [561880.0, 4895580.0], [561890.0, 4895580.0], [561890.0, 4895550.0], [561920.0, 4895550.0], [561920.0, 4895560.0], [561940.0, 4895560.0], [561940.0, 4895570.0], [561970.0, 4895570.0], [561970.0, 4895580.0], [561990.0, 4895580.0], [561990.0, 4895590.0], [562020.0, 4895590.0], [562020.0, 4895600.0], [562060.0, 4895600.0], [562060.0, 4895610.0], [562090.0, 4895610.0], [562090.0, 4895620.0], [562100.0, 4895620.0], [562100.0, 4895630.0], [562120.0, 4895630.0], [562120.0, 4895640.0], [562150.0, 4895640.0], [562150.0, 4895630.0], [562170.0, 4895630.0], [562170.0, 4895620.0], [562190.0, 4895620.0], [562190.0, 4895610.0], [562210.0, 4895610.0], [562210.0, 4895600.0], [562220.0, 4895600.0], [562220.0, 4895590.0], [562240.0, 4895590.0], [562240.0, 4895600.0], [562250.0, 4895600.0], [562250.0, 4895590.0], [562260.0, 4895590.0], [562260.0, 4895580.0], [562350.0, 4895580.0], [562350.0, 4895570.0], [562390.0, 4895570.0], [562390.0, 4895560.0], [562430.0, 4895560.0], [562430.0, 4895550.0], [562450.0, 4895550.0], [562450.0, 4895540.0], [562460.0, 4895540.0], [562460.0, 4895530.0], [562470.0, 4895530.0], [562470.0, 4895520.0], [562490.0, 4895520.0], [562490.0, 4895510.0], [562500.0, 4895510.0], [562500.0, 4895500.0], [562520.0, 4895500.0], [562520.0, 4895490.0], [562530.0, 4895490.0], [562530.0, 4895480.0], [562550.0, 4895480.0], [562550.0, 4895470.0], [562560.0, 4895470.0], [562560.0, 4895460.0], [562580.0, 4895460.0], [562580.0, 4895450.0], [562600.0, 4895450.0], [562600.0, 4895440.0], [562660.0, 4895440.0], [562660.0, 4895450.0], [562710.0, 4895450.0], [562710.0, 4895440.0], [562750.0, 4895440.0], [562750.0, 4895430.0], [562800.0, 4895430.0], [562800.0, 4895440.0], [562820.0, 4895440.0], [562820.0, 4895450.0], [562830.0, 4895450.0], [562830.0, 4895460.0], [562840.0, 4895460.0], [562840.0, 4895470.0], [562850.0, 4895470.0], [562850.0, 4895480.0], [562860.0, 4895480.0], [562860.0, 4895490.0], [562870.0, 4895490.0], [562870.0, 4895480.0], [562920.0, 4895480.0], [562920.0, 4895490.0], [562940.0, 4895490.0], [562940.0, 4895500.0], [562950.0, 4895500.0], [562950.0, 4895510.0], [562960.0, 4895510.0], [562960.0, 4895520.0], [563080.0, 4895520.0], [563080.0, 4895530.0], [563090.0, 4895530.0], [563090.0, 4895540.0], [563100.0, 4895540.0], [563100.0, 4895550.0], [563110.0, 4895550.0], [563110.0, 4895560.0], [563220.0, 4895560.0], [563220.0, 4895550.0], [563230.0, 4895550.0], [563230.0, 4895540.0], [563250.0, 4895540.0], [563250.0, 4895530.0], [563440.0, 4895530.0], [563440.0, 4895520.0], [563480.0, 4895520.0], [563480.0, 4895510.0], [563560.0, 4895510.0], [563560.0, 4895520.0], [563570.0, 4895520.0], [563570.0, 4895530.0], [563600.0, 4895530.0], [563600.0, 4895520.0], [563620.0, 4895520.0], [563620.0, 4895510.0], [563640.0, 4895510.0], [563640.0, 4895520.0], [563650.0, 4895520.0], [563650.0, 4895530.0], [563660.0, 4895530.0], [563660.0, 4895540.0], [563670.0, 4895540.0], [563670.0, 4895550.0], [563780.0, 4895550.0], [563780.0, 4895560.0], [563820.0, 4895560.0], [563820.0, 4895570.0], [563830.0, 4895570.0], [563830.0, 4895580.0], [563840.0, 4895580.0], [563840.0, 4895590.0], [563850.0, 4895590.0], [563850.0, 4895600.0], [563870.0, 4895600.0], [563870.0, 4895610.0], [563880.0, 4895610.0], [563880.0, 4895620.0], [563890.0, 4895620.0], [563890.0, 4895640.0], [563900.0, 4895640.0], [563900.0, 4895650.0], [563910.0, 4895650.0], [563910.0, 4895660.0], [563920.0, 4895660.0], [563920.0, 4895680.0], [563910.0, 4895680.0], [563910.0, 4895670.0], [563870.0, 4895670.0], [563870.0, 4895660.0], [563800.0, 4895660.0], [563800.0, 4895670.0], [563770.0, 4895670.0], [563770.0, 4895680.0], [563760.0, 4895680.0], [563760.0, 4895690.0], [563750.0, 4895690.0], [563750.0, 4895700.0], [563740.0, 4895700.0], [563740.0, 4895710.0], [563730.0, 4895710.0], [563730.0, 4895720.0], [563720.0, 4895720.0], [563720.0, 4895730.0], [563710.0, 4895730.0], [563710.0, 4895740.0], [563700.0, 4895740.0], [563700.0, 4895750.0], [563690.0, 4895750.0], [563690.0, 4895760.0], [563680.0, 4895760.0], [563680.0, 4895770.0], [563670.0, 4895770.0], [563670.0, 4895780.0], [563660.0, 4895780.0], [563660.0, 4895790.0], [563650.0, 4895790.0], [563650.0, 4895800.0], [563640.0, 4895800.0], [563640.0, 4895810.0], [563630.0, 4895810.0], [563630.0, 4895820.0], [563620.0, 4895820.0], [563620.0, 4895830.0], [563610.0, 4895830.0], [563610.0, 4895840.0], [563600.0, 4895840.0], [563600.0, 4895850.0], [563590.0, 4895850.0], [563590.0, 4895860.0], [563580.0, 4895860.0], [563580.0, 4895870.0], [563570.0, 4895870.0], [563570.0, 4895880.0], [563560.0, 4895880.0], [563560.0, 4895890.0], [563550.0, 4895890.0], [563550.0, 4895900.0], [563540.0, 4895900.0], [563540.0, 4895910.0], [563530.0, 4895910.0], [563530.0, 4895920.0], [563520.0, 4895920.0], [563520.0, 4895930.0], [563510.0, 4895930.0], [563510.0, 4895940.0], [563500.0, 4895940.0], [563500.0, 4895950.0], [563490.0, 4895950.0], [563490.0, 4895960.0], [563480.0, 4895960.0], [563480.0, 4895970.0], [563470.0, 4895970.0], [563470.0, 4895980.0], [563460.0, 4895980.0], [563460.0, 4895990.0], [563450.0, 4895990.0], [563450.0, 4896000.0], [563440.0, 4896000.0], [563440.0, 4896010.0], [563430.0, 4896010.0], [563430.0, 4896020.0], [563420.0, 4896020.0], [563420.0, 4896030.0], [563410.0, 4896030.0], [563410.0, 4896040.0], [563400.0, 4896040.0], [563400.0, 4896050.0], [563390.0, 4896050.0], [563390.0, 4896060.0], [563380.0, 4896060.0], [563380.0, 4896070.0], [563350.0, 4896070.0], [563350.0, 4896080.0], [563260.0, 4896080.0], [563260.0, 4896070.0], [563250.0, 4896070.0], [563250.0, 4896060.0], [563240.0, 4896060.0], [563240.0, 4896050.0], [563220.0, 4896050.0], [563220.0, 4896040.0], [563210.0, 4896040.0], [563210.0, 4896030.0], [563200.0, 4896030.0], [563200.0, 4896020.0], [563190.0, 4896020.0], [563190.0, 4896010.0], [563100.0, 4896010.0], [563100.0, 4896000.0], [563090.0, 4896000.0], [563090.0, 4895990.0], [563080.0, 4895990.0], [563080.0, 4895980.0], [563070.0, 4895980.0], [563070.0, 4895970.0], [563060.0, 4895970.0], [563060.0, 4895960.0], [563050.0, 4895960.0], [563050.0, 4895950.0], [562940.0, 4895950.0], [562940.0, 4895960.0], [562920.0, 4895960.0], [562920.0, 4895970.0], [562880.0, 4895970.0], [562880.0, 4895980.0], [562870.0, 4895980.0], [562870.0, 4895990.0], [562860.0, 4895990.0], [562860.0, 4896000.0], [562850.0, 4896000.0], [562850.0, 4896010.0], [562830.0, 4896010.0], [562830.0, 4896020.0], [562820.0, 4896020.0], [562820.0, 4896030.0], [562780.0, 4896030.0], [562780.0, 4896040.0], [562770.0, 4896040.0], [562770.0, 4896070.0], [562760.0, 4896070.0], [562760.0, 4896080.0], [562750.0, 4896080.0], [562750.0, 4896090.0], [562740.0, 4896090.0], [562740.0, 4896100.0], [562730.0, 4896100.0], [562730.0, 4896110.0], [562720.0, 4896110.0], [562720.0, 4896120.0], [562710.0, 4896120.0], [562710.0, 4896150.0], [562700.0, 4896150.0], [562700.0, 4896170.0], [562690.0, 4896170.0], [562690.0, 4896180.0], [562680.0, 4896180.0], [562680.0, 4896190.0], [562670.0, 4896190.0], [562670.0, 4896180.0], [562660.0, 4896180.0], [562660.0, 4896170.0], [562540.0, 4896170.0], [562540.0, 4896180.0], [562530.0, 4896180.0], [562530.0, 4896190.0], [562520.0, 4896190.0], [562520.0, 4896200.0], [562480.0, 4896200.0], [562480.0, 4896210.0], [562470.0, 4896210.0], [562470.0, 4896220.0], [562440.0, 4896220.0], [562440.0, 4896230.0], [562400.0, 4896230.0], [562400.0, 4896240.0], [562390.0, 4896240.0], [562390.0, 4896250.0], [562380.0, 4896250.0], [562380.0, 4896260.0], [562370.0, 4896260.0], [562370.0, 4896270.0], [562360.0, 4896270.0], [562360.0, 4896280.0], [562350.0, 4896280.0], [562350.0, 4896290.0], [562340.0, 4896290.0], [562340.0, 4896310.0], [562330.0, 4896310.0], [562330.0, 4896320.0], [562320.0, 4896320.0], [562320.0, 4896340.0], [562310.0, 4896340.0], [562310.0, 4896360.0], [562300.0, 4896360.0], [562300.0, 4896370.0], [562250.0, 4896370.0], [562250.0, 4896380.0], [562240.0, 4896380.0], [562240.0, 4896390.0], [562230.0, 4896390.0], [562230.0, 4896400.0], [562220.0, 4896400.0], [562220.0, 4896410.0], [562210.0, 4896410.0], [562210.0, 4896420.0], [562200.0, 4896420.0], [562200.0, 4896430.0], [562190.0, 4896430.0], [562190.0, 4896440.0], [562180.0, 4896440.0], [562180.0, 4896450.0], [562170.0, 4896450.0], [562170.0, 4896460.0], [562160.0, 4896460.0], [562160.0, 4896480.0], [562150.0, 4896480.0], [562150.0, 4896500.0], [562140.0, 4896500.0], [562140.0, 4896520.0], [562130.0, 4896520.0], [562130.0, 4896530.0], [562120.0, 4896530.0], [562120.0, 4896540.0], [562110.0, 4896540.0], [562110.0, 4896550.0], [562100.0, 4896550.0], [562100.0, 4896560.0], [562090.0, 4896560.0], [562090.0, 4896570.0], [562080.0, 4896570.0], [562080.0, 4896580.0], [562070.0, 4896580.0], [562070.0, 4896590.0], [562040.0, 4896590.0], [562040.0, 4896600.0], [562030.0, 4896600.0], [562030.0, 4896690.0], [562040.0, 4896690.0], [562040.0, 4896810.0], [562030.0, 4896810.0], [562030.0, 4896820.0], [562010.0, 4896820.0], [562010.0, 4896830.0], [562000.0, 4896830.0]]]}, "properties": {"site_code": "KC-1", "dem_area_ha": 119.17, "routing_qc_pass": true}}, {"type": "Feature", "geometry": {"type": "Polygon", "coordinates": [[[561980.0, 4896710.0], [561980.0, 4896680.0], [561970.0, 4896680.0], [561970.0, 4896660.0], [561960.0, 4896660.0], [561960.0, 4896650.0], [561950.0, 4896650.0], [561950.0, 4896640.0], [561940.0, 4896640.0], [561940.0, 4896580.0], [561930.0, 4896580.0], [561930.0, 4896550.0], [561920.0, 4896550.0], [561920.0, 4896500.0], [561910.0, 4896500.0], [561910.0, 4896490.0], [561900.0, 4896490.0], [561900.0, 4896480.0], [561890.0, 4896480.0], [561890.0, 4896470.0], [561880.0, 4896470.0], [561880.0, 4896460.0], [561870.0, 4896460.0], [561870.0, 4896430.0], [561860.0, 4896430.0], [561860.0, 4896410.0], [561850.0, 4896410.0], [561850.0, 4896400.0], [561860.0, 4896400.0], [561860.0, 4896350.0], [561870.0, 4896350.0], [561870.0, 4896330.0], [561880.0, 4896330.0], [561880.0, 4896290.0], [561870.0, 4896290.0], [561870.0, 4896280.0], [561860.0, 4896280.0], [561860.0, 4896270.0], [561850.0, 4896270.0], [561850.0, 4896220.0], [561860.0, 4896220.0], [561860.0, 4896170.0], [561870.0, 4896170.0], [561870.0, 4896160.0], [561860.0, 4896160.0], [561860.0, 4896000.0], [561850.0, 4896000.0], [561850.0, 4895930.0], [561860.0, 4895930.0], [561860.0, 4895920.0], [561870.0, 4895920.0], [561870.0, 4895600.0], [561880.0, 4895600.0], [561880.0, 4895580.0], [561890.0, 4895580.0], [561890.0, 4895550.0], [561920.0, 4895550.0], [561920.0, 4895560.0], [561940.0, 4895560.0], [561940.0, 4895570.0], [561970.0, 4895570.0], [561970.0, 4895580.0], [561990.0, 4895580.0], [561990.0, 4895590.0], [562020.0, 4895590.0], [562020.0, 4895600.0], [562060.0, 4895600.0], [562060.0, 4895610.0], [562090.0, 4895610.0], [562090.0, 4895620.0], [562100.0, 4895620.0], [562100.0, 4895630.0], [562120.0, 4895630.0], [562120.0, 4895640.0], [562150.0, 4895640.0], [562150.0, 4895630.0], [562170.0, 4895630.0], [562170.0, 4895620.0], [562190.0, 4895620.0], [562190.0, 4895610.0], [562210.0, 4895610.0], [562210.0, 4895600.0], [562220.0, 4895600.0], [562220.0, 4895590.0], [562240.0, 4895590.0], [562240.0, 4895600.0], [562250.0, 4895600.0], [562250.0, 4895590.0], [562260.0, 4895590.0], [562260.0, 4895580.0], [562350.0, 4895580.0], [562350.0, 4895570.0], [562390.0, 4895570.0], [562390.0, 4895560.0], [562430.0, 4895560.0], [562430.0, 4895550.0], [562450.0, 4895550.0], [562450.0, 4895540.0], [562460.0, 4895540.0], [562460.0, 4895530.0], [562470.0, 4895530.0], [562470.0, 4895520.0], [562490.0, 4895520.0], [562490.0, 4895510.0], [562500.0, 4895510.0], [562500.0, 4895500.0], [562520.0, 4895500.0], [562520.0, 4895490.0], [562530.0, 4895490.0], [562530.0, 4895480.0], [562550.0, 4895480.0], [562550.0, 4895470.0], [562560.0, 4895470.0], [562560.0, 4895460.0], [562580.0, 4895460.0], [562580.0, 4895450.0], [562600.0, 4895450.0], [562600.0, 4895440.0], [562660.0, 4895440.0], [562660.0, 4895450.0], [562710.0, 4895450.0], [562710.0, 4895440.0], [562750.0, 4895440.0], [562750.0, 4895430.0], [562800.0, 4895430.0], [562800.0, 4895440.0], [562820.0, 4895440.0], [562820.0, 4895450.0], [562830.0, 4895450.0], [562830.0, 4895460.0], [562840.0, 4895460.0], [562840.0, 4895470.0], [562850.0, 4895470.0], [562850.0, 4895480.0], [562860.0, 4895480.0], [562860.0, 4895490.0], [562870.0, 4895490.0], [562870.0, 4895480.0], [562920.0, 4895480.0], [562920.0, 4895490.0], [562940.0, 4895490.0], [562940.0, 4895500.0], [562950.0, 4895500.0], [562950.0, 4895510.0], [562960.0, 4895510.0], [562960.0, 4895520.0], [563080.0, 4895520.0], [563080.0, 4895530.0], [563090.0, 4895530.0], [563090.0, 4895540.0], [563100.0, 4895540.0], [563100.0, 4895550.0], [563110.0, 4895550.0], [563110.0, 4895560.0], [563220.0, 4895560.0], [563220.0, 4895550.0], [563230.0, 4895550.0], [563230.0, 4895540.0], [563250.0, 4895540.0], [563250.0, 4895530.0], [563440.0, 4895530.0], [563440.0, 4895520.0], [563480.0, 4895520.0], [563480.0, 4895510.0], [563560.0, 4895510.0], [563560.0, 4895520.0], [563570.0, 4895520.0], [563570.0, 4895530.0], [563600.0, 4895530.0], [563600.0, 4895520.0], [563620.0, 4895520.0], [563620.0, 4895510.0], [563640.0, 4895510.0], [563640.0, 4895520.0], [563650.0, 4895520.0], [563650.0, 4895530.0], [563660.0, 4895530.0], [563660.0, 4895540.0], [563670.0, 4895540.0], [563670.0, 4895550.0], [563780.0, 4895550.0], [563780.0, 4895560.0], [563820.0, 4895560.0], [563820.0, 4895570.0], [563830.0, 4895570.0], [563830.0, 4895580.0], [563840.0, 4895580.0], [563840.0, 4895590.0], [563850.0, 4895590.0], [563850.0, 4895600.0], [563870.0, 4895600.0], [563870.0, 4895610.0], [563880.0, 4895610.0], [563880.0, 4895620.0], [563890.0, 4895620.0], [563890.0, 4895640.0], [563900.0, 4895640.0], [563900.0, 4895650.0], [563910.0, 4895650.0], [563910.0, 4895660.0], [563920.0, 4895660.0], [563920.0, 4895680.0], [563910.0, 4895680.0], [563910.0, 4895670.0], [563870.0, 4895670.0], [563870.0, 4895660.0], [563800.0, 4895660.0], [563800.0, 4895670.0], [563770.0, 4895670.0], [563770.0, 4895680.0], [563760.0, 4895680.0], [563760.0, 4895690.0], [563750.0, 4895690.0], [563750.0, 4895700.0], [563740.0, 4895700.0], [563740.0, 4895710.0], [563730.0, 4895710.0], [563730.0, 4895720.0], [563720.0, 4895720.0], [563720.0, 4895730.0], [563710.0, 4895730.0], [563710.0, 4895740.0], [563700.0, 4895740.0], [563700.0, 4895750.0], [563690.0, 4895750.0], [563690.0, 4895760.0], [563680.0, 4895760.0], [563680.0, 4895770.0], [563670.0, 4895770.0], [563670.0, 4895780.0], [563660.0, 4895780.0], [563660.0, 4895790.0], [563650.0, 4895790.0], [563650.0, 4895800.0], [563640.0, 4895800.0], [563640.0, 4895810.0], [563630.0, 4895810.0], [563630.0, 4895820.0], [563620.0, 4895820.0], [563620.0, 4895830.0], [563610.0, 4895830.0], [563610.0, 4895840.0], [563600.0, 4895840.0], [563600.0, 4895850.0], [563590.0, 4895850.0], [563590.0, 4895860.0], [563580.0, 4895860.0], [563580.0, 4895870.0], [563570.0, 4895870.0], [563570.0, 4895880.0], [563560.0, 4895880.0], [563560.0, 4895890.0], [563550.0, 4895890.0], [563550.0, 4895900.0], [563540.0, 4895900.0], [563540.0, 4895910.0], [563530.0, 4895910.0], [563530.0, 4895920.0], [563520.0, 4895920.0], [563520.0, 4895930.0], [563510.0, 4895930.0], [563510.0, 4895940.0], [563500.0, 4895940.0], [563500.0, 4895950.0], [563490.0, 4895950.0], [563490.0, 4895960.0], [563480.0, 4895960.0], [563480.0, 4895970.0], [563470.0, 4895970.0], [563470.0, 4895980.0], [563460.0, 4895980.0], [563460.0, 4895990.0], [563450.0, 4895990.0], [563450.0, 4896000.0], [563440.0, 4896000.0], [563440.0, 4896010.0], [563430.0, 4896010.0], [563430.0, 4896020.0], [563420.0, 4896020.0], [563420.0, 4896030.0], [563410.0, 4896030.0], [563410.0, 4896040.0], [563400.0, 4896040.0], [563400.0, 4896050.0], [563390.0, 4896050.0], [563390.0, 4896060.0], [563380.0, 4896060.0], [563380.0, 4896070.0], [563350.0, 4896070.0], [563350.0, 4896080.0], [563260.0, 4896080.0], [563260.0, 4896070.0], [563250.0, 4896070.0], [563250.0, 4896060.0], [563240.0, 4896060.0], [563240.0, 4896050.0], [563220.0, 4896050.0], [563220.0, 4896040.0], [563210.0, 4896040.0], [563210.0, 4896030.0], [563200.0, 4896030.0], [563200.0, 4896020.0], [563190.0, 4896020.0], [563190.0, 4896010.0], [563100.0, 4896010.0], [563100.0, 4896000.0], [563090.0, 4896000.0], [563090.0, 4895990.0], [563080.0, 4895990.0], [563080.0, 4895980.0], [563070.0, 4895980.0], [563070.0, 4895970.0], [563060.0, 4895970.0], [563060.0, 4895960.0], [563050.0, 4895960.0], [563050.0, 4895950.0], [562940.0, 4895950.0], [562940.0, 4895960.0], [562920.0, 4895960.0], [562920.0, 4895970.0], [562880.0, 4895970.0], [562880.0, 4895980.0], [562870.0, 4895980.0], [562870.0, 4895990.0], [562860.0, 4895990.0], [562860.0, 4896000.0], [562850.0, 4896000.0], [562850.0, 4896010.0], [562830.0, 4896010.0], [562830.0, 4896020.0], [562820.0, 4896020.0], [562820.0, 4896030.0], [562780.0, 4896030.0], [562780.0, 4896040.0], [562770.0, 4896040.0], [562770.0, 4896070.0], [562760.0, 4896070.0], [562760.0, 4896080.0], [562750.0, 4896080.0], [562750.0, 4896090.0], [562740.0, 4896090.0], [562740.0, 4896100.0], [562730.0, 4896100.0], [562730.0, 4896110.0], [562720.0, 4896110.0], [562720.0, 4896120.0], [562710.0, 4896120.0], [562710.0, 4896150.0], [562700.0, 4896150.0], [562700.0, 4896170.0], [562690.0, 4896170.0], [562690.0, 4896180.0], [562680.0, 4896180.0], [562680.0, 4896190.0], [562670.0, 4896190.0], [562670.0, 4896180.0], [562660.0, 4896180.0], [562660.0, 4896170.0], [562540.0, 4896170.0], [562540.0, 4896180.0], [562530.0, 4896180.0], [562530.0, 4896190.0], [562520.0, 4896190.0], [562520.0, 4896200.0], [562480.0, 4896200.0], [562480.0, 4896210.0], [562470.0, 4896210.0], [562470.0, 4896220.0], [562440.0, 4896220.0], [562440.0, 4896230.0], [562400.0, 4896230.0], [562400.0, 4896240.0], [562390.0, 4896240.0], [562390.0, 4896250.0], [562380.0, 4896250.0], [562380.0, 4896260.0], [562370.0, 4896260.0], [562370.0, 4896270.0], [562360.0, 4896270.0], [562360.0, 4896280.0], [562350.0, 4896280.0], [562350.0, 4896290.0], [562340.0, 4896290.0], [562340.0, 4896310.0], [562330.0, 4896310.0], [562330.0, 4896320.0], [562320.0, 4896320.0], [562320.0, 4896340.0], [562310.0, 4896340.0], [562310.0, 4896360.0], [562300.0, 4896360.0], [562300.0, 4896370.0], [562250.0, 4896370.0], [562250.0, 4896380.0], [562240.0, 4896380.0], [562240.0, 4896390.0], [562230.0, 4896390.0], [562230.0, 4896400.0], [562220.0, 4896400.0], [562220.0, 4896410.0], [562210.0, 4896410.0], [562210.0, 4896420.0], [562200.0, 4896420.0], [562200.0, 4896430.0], [562190.0, 4896430.0], [562190.0, 4896440.0], [562180.0, 4896440.0], [562180.0, 4896450.0], [562170.0, 4896450.0], [562170.0, 4896460.0], [562160.0, 4896460.0], [562160.0, 4896480.0], [562150.0, 4896480.0], [562150.0, 4896500.0], [562140.0, 4896500.0], [562140.0, 4896520.0], [562130.0, 4896520.0], [562130.0, 4896530.0], [562120.0, 4896530.0], [562120.0, 4896540.0], [562110.0, 4896540.0], [562110.0, 4896550.0], [562100.0, 4896550.0], [562100.0, 4896560.0], [562090.0, 4896560.0], [562090.0, 4896570.0], [562080.0, 4896570.0], [562080.0, 4896580.0], [562070.0, 4896580.0], [562070.0, 4896590.0], [562040.0, 4896590.0], [562040.0, 4896600.0], [562030.0, 4896600.0], [562030.0, 4896690.0], [562040.0, 4896690.0], [562040.0, 4896700.0], [562030.0, 4896700.0], [562030.0, 4896710.0], [561980.0, 4896710.0]]]}, "properties": {"site_code": "KC-3", "dem_area_ha": 118.03, "routing_qc_pass": true}}, {"type": "Feature", "geometry": {"type": "Polygon", "coordinates": [[[568320.0, 4903470.0], [568320.0, 4903460.0], [568310.0, 4903460.0], [568310.0, 4903450.0], [568290.0, 4903450.0], [568290.0, 4903440.0], [568240.0, 4903440.0], [568240.0, 4903450.0], [568220.0, 4903450.0], [568220.0, 4903440.0], [568210.0, 4903440.0], [568210.0, 4903430.0], [568200.0, 4903430.0], [568200.0, 4903420.0], [568190.0, 4903420.0], [568190.0, 4903410.0], [568180.0, 4903410.0], [568180.0, 4903400.0], [568170.0, 4903400.0], [568170.0, 4903390.0], [568160.0, 4903390.0], [568160.0, 4903380.0], [568150.0, 4903380.0], [568150.0, 4903370.0], [568140.0, 4903370.0], [568140.0, 4903360.0], [568130.0, 4903360.0], [568130.0, 4903340.0], [568120.0, 4903340.0], [568120.0, 4903330.0], [568110.0, 4903330.0], [568110.0, 4903320.0], [568100.0, 4903320.0], [568100.0, 4903300.0], [568090.0, 4903300.0], [568090.0, 4903290.0], [568080.0, 4903290.0], [568080.0, 4903270.0], [568070.0, 4903270.0], [568070.0, 4903260.0], [568060.0, 4903260.0], [568060.0, 4903250.0], [568050.0, 4903250.0], [568050.0, 4903240.0], [568040.0, 4903240.0], [568040.0, 4903230.0], [568030.0, 4903230.0], [568030.0, 4903220.0], [568010.0, 4903220.0], [568010.0, 4903210.0], [567990.0, 4903210.0], [567990.0, 4903200.0], [567980.0, 4903200.0], [567980.0, 4903190.0], [567960.0, 4903190.0], [567960.0, 4903180.0], [567950.0, 4903180.0], [567950.0, 4903170.0], [567940.0, 4903170.0], [567940.0, 4903160.0], [567930.0, 4903160.0], [567930.0, 4903150.0], [567920.0, 4903150.0], [567920.0, 4903140.0], [567910.0, 4903140.0], [567910.0, 4903130.0], [567900.0, 4903130.0], [567900.0, 4903120.0], [567890.0, 4903120.0], [567890.0, 4903110.0], [567880.0, 4903110.0], [567880.0, 4903100.0], [567870.0, 4903100.0], [567870.0, 4903090.0], [567860.0, 4903090.0], [567860.0, 4903080.0], [567850.0, 4903080.0], [567850.0, 4903070.0], [567840.0, 4903070.0], [567840.0, 4903060.0], [567830.0, 4903060.0], [567830.0, 4903050.0], [567810.0, 4903050.0], [567810.0, 4903040.0], [567800.0, 4903040.0], [567800.0, 4903030.0], [567770.0, 4903030.0], [567770.0, 4903020.0], [567750.0, 4903020.0], [567750.0, 4903010.0], [567740.0, 4903010.0], [567740.0, 4903000.0], [567720.0, 4903000.0], [567720.0, 4902990.0], [567710.0, 4902990.0], [567710.0, 4902980.0], [567690.0, 4902980.0], [567690.0, 4902970.0], [567670.0, 4902970.0], [567670.0, 4902980.0], [567650.0, 4902980.0], [567650.0, 4902990.0], [567550.0, 4902990.0], [567550.0, 4903000.0], [567510.0, 4903000.0], [567510.0, 4903010.0], [567410.0, 4903010.0], [567410.0, 4903020.0], [567400.0, 4903020.0], [567400.0, 4903030.0], [567390.0, 4903030.0], [567390.0, 4903040.0], [567340.0, 4903040.0], [567340.0, 4903050.0], [567320.0, 4903050.0], [567320.0, 4903060.0], [567290.0, 4903060.0], [567290.0, 4903050.0], [567280.0, 4903050.0], [567280.0, 4903040.0], [567270.0, 4903040.0], [567270.0, 4903030.0], [567260.0, 4903030.0], [567260.0, 4903010.0], [567250.0, 4903010.0], [567250.0, 4903000.0], [567240.0, 4903000.0], [567240.0, 4902990.0], [567230.0, 4902990.0], [567230.0, 4902980.0], [567220.0, 4902980.0], [567220.0, 4902970.0], [567210.0, 4902970.0], [567210.0, 4902960.0], [567190.0, 4902960.0], [567190.0, 4902950.0], [567180.0, 4902950.0], [567180.0, 4902940.0], [567170.0, 4902940.0], [567170.0, 4902930.0], [567150.0, 4902930.0], [567150.0, 4902920.0], [567130.0, 4902920.0], [567130.0, 4902910.0], [567120.0, 4902910.0], [567120.0, 4902900.0], [567110.0, 4902900.0], [567110.0, 4902910.0], [566970.0, 4902910.0], [566970.0, 4902920.0], [566930.0, 4902920.0], [566930.0, 4902930.0], [566880.0, 4902930.0], [566880.0, 4902940.0], [566860.0, 4902940.0], [566860.0, 4902950.0], [566850.0, 4902950.0], [566850.0, 4902960.0], [566840.0, 4902960.0], [566840.0, 4902970.0], [566780.0, 4902970.0], [566780.0, 4902960.0], [566740.0, 4902960.0], [566740.0, 4902970.0], [566570.0, 4902970.0], [566570.0, 4902960.0], [566560.0, 4902960.0], [566560.0, 4902950.0], [566540.0, 4902950.0], [566540.0, 4902940.0], [566530.0, 4902940.0], [566530.0, 4902930.0], [566510.0, 4902930.0], [566510.0, 4902920.0], [566500.0, 4902920.0], [566500.0, 4902910.0], [566490.0, 4902910.0], [566490.0, 4902900.0], [566470.0, 4902900.0], [566470.0, 4902890.0], [566460.0, 4902890.0], [566460.0, 4902880.0], [566430.0, 4902880.0], [566430.0, 4902870.0], [566420.0, 4902870.0], [566420.0, 4902860.0], [566410.0, 4902860.0], [566410.0, 4902850.0], [566400.0, 4902850.0], [566400.0, 4902840.0], [566390.0, 4902840.0], [566390.0, 4902830.0], [566380.0, 4902830.0], [566380.0, 4902810.0], [566370.0, 4902810.0], [566370.0, 4902760.0], [566380.0, 4902760.0], [566380.0, 4902630.0], [566370.0, 4902630.0], [566370.0, 4902600.0], [566360.0, 4902600.0], [566360.0, 4902590.0], [566350.0, 4902590.0], [566350.0, 4902580.0], [566340.0, 4902580.0], [566340.0, 4902570.0], [566320.0, 4902570.0], [566320.0, 4902560.0], [566310.0, 4902560.0], [566310.0, 4902550.0], [566300.0, 4902550.0], [566300.0, 4902540.0], [566290.0, 4902540.0], [566290.0, 4902530.0], [566280.0, 4902530.0], [566280.0, 4902520.0], [566260.0, 4902520.0], [566260.0, 4902510.0], [566210.0, 4902510.0], [566210.0, 4902500.0], [566190.0, 4902500.0], [566190.0, 4902490.0], [566170.0, 4902490.0], [566170.0, 4902480.0], [566150.0, 4902480.0], [566150.0, 4902470.0], [566140.0, 4902470.0], [566140.0, 4902460.0], [566130.0, 4902460.0], [566130.0, 4902440.0], [566120.0, 4902440.0], [566120.0, 4902430.0], [566100.0, 4902430.0], [566100.0, 4902420.0], [566050.0, 4902420.0], [566050.0, 4902410.0], [566030.0, 4902410.0], [566030.0, 4902400.0], [566010.0, 4902400.0], [566010.0, 4902390.0], [566000.0, 4902390.0], [566000.0, 4902320.0], [565990.0, 4902320.0], [565990.0, 4902310.0], [565980.0, 4902310.0], [565980.0, 4902300.0], [565970.0, 4902300.0], [565970.0, 4902280.0], [565960.0, 4902280.0], [565960.0, 4902260.0], [565950.0, 4902260.0], [565950.0, 4902240.0], [565940.0, 4902240.0], [565940.0, 4902230.0], [565930.0, 4902230.0], [565930.0, 4902220.0], [565920.0, 4902220.0], [565920.0, 4902210.0], [565900.0, 4902210.0], [565900.0, 4902200.0], [565890.0, 4902200.0], [565890.0, 4902180.0], [565880.0, 4902180.0], [565880.0, 4902160.0], [565870.0, 4902160.0], [565870.0, 4902150.0], [565850.0, 4902150.0], [565850.0, 4902140.0], [565830.0, 4902140.0], [565830.0, 4902130.0], [565820.0, 4902130.0], [565820.0, 4902120.0], [565800.0, 4902120.0], [565800.0, 4902110.0], [565790.0, 4902110.0], [565790.0, 4902100.0], [565760.0, 4902100.0], [565760.0, 4902090.0], [565740.0, 4902090.0], [565740.0, 4902080.0], [565730.0, 4902080.0], [565730.0, 4902070.0], [565720.0, 4902070.0], [565720.0, 4902060.0], [565700.0, 4902060.0], [565700.0, 4902050.0], [565650.0, 4902050.0], [565650.0, 4902040.0], [565630.0, 4902040.0], [565630.0, 4902030.0], [565620.0, 4902030.0], [565620.0, 4902020.0], [565610.0, 4902020.0], [565610.0, 4902010.0], [565600.0, 4902010.0], [565600.0, 4902000.0], [565580.0, 4902000.0], [565580.0, 4901990.0], [565570.0, 4901990.0], [565570.0, 4901980.0], [565550.0, 4901980.0], [565550.0, 4901970.0], [565540.0, 4901970.0], [565540.0, 4901960.0], [565520.0, 4901960.0], [565520.0, 4901950.0], [565490.0, 4901950.0], [565490.0, 4901940.0], [565480.0, 4901940.0], [565480.0, 4901930.0], [565470.0, 4901930.0], [565470.0, 4901910.0], [565460.0, 4901910.0], [565460.0, 4901890.0], [565450.0, 4901890.0], [565450.0, 4901830.0], [565440.0, 4901830.0], [565440.0, 4901820.0], [565420.0, 4901820.0], [565420.0, 4901810.0], [565410.0, 4901810.0], [565410.0, 4901790.0], [565400.0, 4901790.0], [565400.0, 4901780.0], [565390.0, 4901780.0], [565390.0, 4901770.0], [565380.0, 4901770.0], [565380.0, 4901740.0], [565370.0, 4901740.0], [565370.0, 4901730.0], [565360.0, 4901730.0], [565360.0, 4901720.0], [565350.0, 4901720.0], [565350.0, 4901710.0], [565340.0, 4901710.0], [565340.0, 4901700.0], [565330.0, 4901700.0], [565330.0, 4901690.0], [565320.0, 4901690.0], [565320.0, 4901680.0], [565310.0, 4901680.0], [565310.0, 4901670.0], [565300.0, 4901670.0], [565300.0, 4901660.0], [565290.0, 4901660.0], [565290.0, 4901650.0], [565280.0, 4901650.0], [565280.0, 4901640.0], [565260.0, 4901640.0], [565260.0, 4901630.0], [565250.0, 4901630.0], [565250.0, 4901620.0], [565240.0, 4901620.0], [565240.0, 4901610.0], [565230.0, 4901610.0], [565230.0, 4901590.0], [565220.0, 4901590.0], [565220.0, 4901570.0], [565210.0, 4901570.0], [565210.0, 4901560.0], [565190.0, 4901560.0], [565190.0, 4901550.0], [565160.0, 4901550.0], [565160.0, 4901540.0], [565140.0, 4901540.0], [565140.0, 4901530.0], [565130.0, 4901530.0], [565130.0, 4901510.0], [565110.0, 4901510.0], [565110.0, 4901500.0], [565100.0, 4901500.0], [565100.0, 4901490.0], [565090.0, 4901490.0], [565090.0, 4901480.0], [565080.0, 4901480.0], [565080.0, 4901450.0], [565050.0, 4901450.0], [565050.0, 4901440.0], [565020.0, 4901440.0], [565020.0, 4901430.0], [565000.0, 4901430.0], [565000.0, 4901420.0], [564990.0, 4901420.0], [564990.0, 4901400.0], [564980.0, 4901400.0], [564980.0, 4901390.0], [564970.0, 4901390.0], [564970.0, 4901380.0], [564950.0, 4901380.0], [564950.0, 4901370.0], [564930.0, 4901370.0], [564930.0, 4901360.0], [564920.0, 4901360.0], [564920.0, 4901350.0], [564910.0, 4901350.0], [564910.0, 4901340.0], [564900.0, 4901340.0], [564900.0, 4901330.0], [564890.0, 4901330.0], [564890.0, 4901320.0], [564880.0, 4901320.0], [564880.0, 4901310.0], [564860.0, 4901310.0], [564860.0, 4901300.0], [564850.0, 4901300.0], [564850.0, 4901280.0], [564840.0, 4901280.0], [564840.0, 4901270.0], [564830.0, 4901270.0], [564830.0, 4901260.0], [564820.0, 4901260.0], [564820.0, 4901250.0], [564810.0, 4901250.0], [564810.0, 4901240.0], [564800.0, 4901240.0], [564800.0, 4901230.0], [564790.0, 4901230.0], [564790.0, 4901220.0], [564780.0, 4901220.0], [564780.0, 4901210.0], [564760.0, 4901210.0], [564760.0, 4901200.0], [564740.0, 4901200.0], [564740.0, 4901190.0], [564730.0, 4901190.0], [564730.0, 4901180.0], [564710.0, 4901180.0], [564710.0, 4901170.0], [564690.0, 4901170.0], [564690.0, 4901160.0], [564670.0, 4901160.0], [564670.0, 4901150.0], [564660.0, 4901150.0], [564660.0, 4901140.0], [564640.0, 4901140.0], [564640.0, 4901130.0], [564620.0, 4901130.0], [564620.0, 4901120.0], [564610.0, 4901120.0], [564610.0, 4901100.0], [564600.0, 4901100.0], [564600.0, 4901090.0], [564590.0, 4901090.0], [564590.0, 4901070.0], [564580.0, 4901070.0], [564580.0, 4901050.0], [564570.0, 4901050.0], [564570.0, 4901030.0], [564560.0, 4901030.0], [564560.0, 4901010.0], [564550.0, 4901010.0], [564550.0, 4900990.0], [564540.0, 4900990.0], [564540.0, 4900970.0], [564530.0, 4900970.0], [564530.0, 4900950.0], [564520.0, 4900950.0], [564520.0, 4900930.0], [564510.0, 4900930.0], [564510.0, 4900920.0], [564500.0, 4900920.0], [564500.0, 4900900.0], [564490.0, 4900900.0], [564490.0, 4900890.0], [564480.0, 4900890.0], [564480.0, 4900870.0], [564470.0, 4900870.0], [564470.0, 4900830.0], [564460.0, 4900830.0], [564460.0, 4900730.0], [564450.0, 4900730.0], [564450.0, 4900710.0], [564440.0, 4900710.0], [564440.0, 4900700.0], [564430.0, 4900700.0], [564430.0, 4900690.0], [564410.0, 4900690.0], [564410.0, 4900680.0], [564400.0, 4900680.0], [564400.0, 4900670.0], [564390.0, 4900670.0], [564390.0, 4900660.0], [564380.0, 4900660.0], [564380.0, 4900640.0], [564370.0, 4900640.0], [564370.0, 4900630.0], [564360.0, 4900630.0], [564360.0, 4900640.0], [564290.0, 4900640.0], [564290.0, 4900630.0], [564250.0, 4900630.0], [564250.0, 4900620.0], [564220.0, 4900620.0], [564220.0, 4900610.0], [564190.0, 4900610.0], [564190.0, 4900600.0], [564180.0, 4900600.0], [564180.0, 4900590.0], [564170.0, 4900590.0], [564170.0, 4900580.0], [564150.0, 4900580.0], [564150.0, 4900570.0], [564130.0, 4900570.0], [564130.0, 4900560.0], [564120.0, 4900560.0], [564120.0, 4900550.0], [564110.0, 4900550.0], [564110.0, 4900540.0], [564100.0, 4900540.0], [564100.0, 4900530.0], [564090.0, 4900530.0], [564090.0, 4900520.0], [564080.0, 4900520.0], [564080.0, 4900510.0], [564070.0, 4900510.0], [564070.0, 4900490.0], [564060.0, 4900490.0], [564060.0, 4900480.0], [564050.0, 4900480.0], [564050.0, 4900460.0], [564040.0, 4900460.0], [564040.0, 4900450.0], [564030.0, 4900450.0], [564030.0, 4900430.0], [564020.0, 4900430.0], [564020.0, 4900400.0], [564010.0, 4900400.0], [564010.0, 4900390.0], [564000.0, 4900390.0], [564000.0, 4900380.0], [563990.0, 4900380.0], [563990.0, 4900370.0], [563970.0, 4900370.0], [563970.0, 4900360.0], [563950.0, 4900360.0], [563950.0, 4900350.0], [563940.0, 4900350.0], [563940.0, 4900340.0], [563920.0, 4900340.0], [563920.0, 4900330.0], [563910.0, 4900330.0], [563910.0, 4900320.0], [563900.0, 4900320.0], [563900.0, 4900310.0], [563880.0, 4900310.0], [563880.0, 4900300.0], [563870.0, 4900300.0], [563870.0, 4900290.0], [563860.0, 4900290.0], [563860.0, 4900280.0], [563850.0, 4900280.0], [563850.0, 4900270.0], [563840.0, 4900270.0], [563840.0, 4900240.0], [563830.0, 4900240.0], [563830.0, 4900170.0], [563840.0, 4900170.0], [563840.0, 4900160.0], [563850.0, 4900160.0], [563850.0, 4900150.0], [563860.0, 4900150.0], [563860.0, 4900120.0], [563850.0, 4900120.0], [563850.0, 4900100.0], [563840.0, 4900100.0], [563840.0, 4900080.0], [563830.0, 4900080.0], [563830.0, 4900070.0], [563820.0, 4900070.0], [563820.0, 4900060.0], [563810.0, 4900060.0], [563810.0, 4900050.0], [563800.0, 4900050.0], [563800.0, 4900030.0], [563790.0, 4900030.0], [563790.0, 4900020.0], [563780.0, 4900020.0], [563780.0, 4900010.0], [563770.0, 4900010.0], [563770.0, 4899990.0], [563760.0, 4899990.0], [563760.0, 4899980.0], [563750.0, 4899980.0], [563750.0, 4899970.0], [563740.0, 4899970.0], [563740.0, 4899950.0], [563730.0, 4899950.0], [563730.0, 4899940.0], [563710.0, 4899940.0], [563710.0, 4899930.0], [563700.0, 4899930.0], [563700.0, 4899920.0], [563670.0, 4899920.0], [563670.0, 4899930.0], [563600.0, 4899930.0], [563600.0, 4899920.0], [563570.0, 4899920.0], [563570.0, 4899910.0], [563500.0, 4899910.0], [563500.0, 4899900.0], [563480.0, 4899900.0], [563480.0, 4899880.0], [563470.0, 4899880.0], [563470.0, 4899870.0], [563460.0, 4899870.0], [563460.0, 4899860.0], [563450.0, 4899860.0], [563450.0, 4899850.0], [563440.0, 4899850.0], [563440.0, 4899840.0], [563420.0, 4899840.0], [563420.0, 4899830.0], [563400.0, 4899830.0], [563400.0, 4899820.0], [563380.0, 4899820.0], [563380.0, 4899800.0], [563370.0, 4899800.0], [563370.0, 4899790.0], [563360.0, 4899790.0], [563360.0, 4899780.0], [563350.0, 4899780.0], [563350.0, 4899770.0], [563330.0, 4899770.0], [563330.0, 4899760.0], [563320.0, 4899760.0], [563320.0, 4899720.0], [563310.0, 4899720.0], [563310.0, 4899710.0], [563300.0, 4899710.0], [563300.0, 4899690.0], [563290.0, 4899690.0], [563290.0, 4899680.0], [563280.0, 4899680.0], [563280.0, 4899660.0], [563270.0, 4899660.0], [563270.0, 4899650.0], [563260.0, 4899650.0], [563260.0, 4899630.0], [563250.0, 4899630.0], [563250.0, 4899620.0], [563240.0, 4899620.0], [563240.0, 4899600.0], [563230.0, 4899600.0], [563230.0, 4899550.0], [563220.0, 4899550.0], [563220.0, 4899540.0], [563200.0, 4899540.0], [563200.0, 4899530.0], [563190.0, 4899530.0], [563190.0, 4899520.0], [563170.0, 4899520.0], [563170.0, 4899510.0], [563160.0, 4899510.0], [563160.0, 4899500.0], [563130.0, 4899500.0], [563130.0, 4899490.0], [563030.0, 4899490.0], [563030.0, 4899500.0], [563020.0, 4899500.0], [563020.0, 4899510.0], [563010.0, 4899510.0], [563010.0, 4899520.0], [563000.0, 4899520.0], [563000.0, 4899530.0], [562990.0, 4899530.0], [562990.0, 4899540.0], [562980.0, 4899540.0], [562980.0, 4899550.0], [562950.0, 4899550.0], [562950.0, 4899560.0], [562910.0, 4899560.0], [562910.0, 4899570.0], [562890.0, 4899570.0], [562890.0, 4899580.0], [562810.0, 4899580.0], [562810.0, 4899570.0], [562760.0, 4899570.0], [562760.0, 4899560.0], [562740.0, 4899560.0], [562740.0, 4899540.0], [562730.0, 4899540.0], [562730.0, 4899520.0], [562720.0, 4899520.0], [562720.0, 4899500.0], [562710.0, 4899500.0], [562710.0, 4899480.0], [562700.0, 4899480.0], [562700.0, 4899470.0], [562690.0, 4899470.0], [562690.0, 4899460.0], [562670.0, 4899460.0], [562670.0, 4899450.0], [562640.0, 4899450.0], [562640.0, 4899440.0], [562630.0, 4899440.0], [562630.0, 4899430.0], [562620.0, 4899430.0], [562620.0, 4899420.0], [562610.0, 4899420.0], [562610.0, 4899410.0], [562600.0, 4899410.0], [562600.0, 4899400.0], [562590.0, 4899400.0], [562590.0, 4899410.0], [562540.0, 4899410.0], [562540.0, 4899400.0], [562520.0, 4899400.0], [562520.0, 4899390.0], [562510.0, 4899390.0], [562510.0, 4899380.0], [562500.0, 4899380.0], [562500.0, 4899370.0], [562490.0, 4899370.0], [562490.0, 4899360.0], [562480.0, 4899360.0], [562480.0, 4899350.0], [562460.0, 4899350.0], [562460.0, 4899340.0], [562440.0, 4899340.0], [562440.0, 4899330.0], [562330.0, 4899330.0], [562330.0, 4899270.0], [562320.0, 4899270.0], [562320.0, 4899240.0], [562310.0, 4899240.0], [562310.0, 4899190.0], [562300.0, 4899190.0], [562300.0, 4899160.0], [562290.0, 4899160.0], [562290.0, 4899140.0], [562280.0, 4899140.0], [562280.0, 4899120.0], [562270.0, 4899120.0], [562270.0, 4899110.0], [562260.0, 4899110.0], [562260.0, 4899090.0], [562250.0, 4899090.0], [562250.0, 4899080.0], [562240.0, 4899080.0], [562240.0, 4899070.0], [562220.0, 4899070.0], [562220.0, 4899060.0], [562200.0, 4899060.0], [562200.0, 4899050.0], [562190.0, 4899050.0], [562190.0, 4899040.0], [562170.0, 4899040.0], [562170.0, 4899030.0], [562150.0, 4899030.0], [562150.0, 4899020.0], [562140.0, 4899020.0], [562140.0, 4899000.0], [562150.0, 4899000.0], [562150.0, 4898980.0], [562160.0, 4898980.0], [562160.0, 4898920.0], [562150.0, 4898920.0], [562150.0, 4898900.0], [562140.0, 4898900.0], [562140.0, 4898890.0], [562130.0, 4898890.0], [562130.0, 4898870.0], [562120.0, 4898870.0], [562120.0, 4898850.0], [562110.0, 4898850.0], [562110.0, 4898840.0], [562100.0, 4898840.0], [562100.0, 4898830.0], [562090.0, 4898830.0], [562090.0, 4898820.0], [562100.0, 4898820.0], [562100.0, 4898800.0], [562110.0, 4898800.0], [562110.0, 4898730.0], [562100.0, 4898730.0], [562100.0, 4898720.0], [562070.0, 4898720.0], [562070.0, 4898710.0], [562040.0, 4898710.0], [562040.0, 4898700.0], [562030.0, 4898700.0], [562030.0, 4898690.0], [562010.0, 4898690.0], [562010.0, 4898680.0], [561980.0, 4898680.0], [561980.0, 4898670.0], [561970.0, 4898670.0], [561970.0, 4898660.0], [561960.0, 4898660.0], [561960.0, 4898650.0], [561910.0, 4898650.0], [561910.0, 4898640.0], [561890.0, 4898640.0], [561890.0, 4898630.0], [561800.0, 4898630.0], [561800.0, 4898620.0], [561780.0, 4898620.0], [561780.0, 4898610.0], [561770.0, 4898610.0], [561770.0, 4898600.0], [561740.0, 4898600.0], [561740.0, 4898590.0], [561710.0, 4898590.0], [561710.0, 4898580.0], [561680.0, 4898580.0], [561680.0, 4898590.0], [561620.0, 4898590.0], [561620.0, 4898580.0], [561600.0, 4898580.0], [561600.0, 4898570.0], [561580.0, 4898570.0], [561580.0, 4898560.0], [561550.0, 4898560.0], [561550.0, 4898550.0], [561510.0, 4898550.0], [561510.0, 4898540.0], [561480.0, 4898540.0], [561480.0, 4898530.0], [561450.0, 4898530.0], [561450.0, 4898520.0], [561430.0, 4898520.0], [561430.0, 4898510.0], [561410.0, 4898510.0], [561410.0, 4898500.0], [561400.0, 4898500.0], [561400.0, 4898490.0], [561390.0, 4898490.0], [561390.0, 4898460.0], [561380.0, 4898460.0], [561380.0, 4898430.0], [561370.0, 4898430.0], [561370.0, 4898400.0], [561360.0, 4898400.0], [561360.0, 4898370.0], [561350.0, 4898370.0], [561350.0, 4898350.0], [561340.0, 4898350.0], [561340.0, 4898340.0], [561320.0, 4898340.0], [561320.0, 4898330.0], [561300.0, 4898330.0], [561300.0, 4898320.0], [561280.0, 4898320.0], [561280.0, 4898310.0], [561260.0, 4898310.0], [561260.0, 4898300.0], [561250.0, 4898300.0], [561250.0, 4898290.0], [561240.0, 4898290.0], [561240.0, 4898280.0], [561230.0, 4898280.0], [561230.0, 4898270.0], [561220.0, 4898270.0], [561220.0, 4898260.0], [561210.0, 4898260.0], [561210.0, 4898250.0], [561200.0, 4898250.0], [561200.0, 4898240.0], [561190.0, 4898240.0], [561190.0, 4898230.0], [561180.0, 4898230.0], [561180.0, 4898210.0], [561170.0, 4898210.0], [561170.0, 4898200.0], [561160.0, 4898200.0], [561160.0, 4898190.0], [561150.0, 4898190.0], [561150.0, 4898180.0], [561140.0, 4898180.0], [561140.0, 4898170.0], [561120.0, 4898170.0], [561120.0, 4898160.0], [561090.0, 4898160.0], [561090.0, 4898150.0], [561070.0, 4898150.0], [561070.0, 4898140.0], [561060.0, 4898140.0], [561060.0, 4898130.0], [561030.0, 4898130.0], [561030.0, 4898120.0], [561020.0, 4898120.0], [561020.0, 4898110.0], [561010.0, 4898110.0], [561010.0, 4898100.0], [560990.0, 4898100.0], [560990.0, 4898090.0], [560980.0, 4898090.0], [560980.0, 4898080.0], [560970.0, 4898080.0], [560970.0, 4898070.0], [560960.0, 4898070.0], [560960.0, 4898060.0], [560950.0, 4898060.0], [560950.0, 4898050.0], [560940.0, 4898050.0], [560940.0, 4898040.0], [560930.0, 4898040.0], [560930.0, 4898030.0], [560920.0, 4898030.0], [560920.0, 4898020.0], [560900.0, 4898020.0], [560900.0, 4898010.0], [560880.0, 4898010.0], [560880.0, 4898000.0], [560830.0, 4898000.0], [560830.0, 4897990.0], [560820.0, 4897990.0], [560820.0, 4897980.0], [560810.0, 4897980.0], [560810.0, 4897970.0], [560800.0, 4897970.0], [560800.0, 4897960.0], [560790.0, 4897960.0], [560790.0, 4897950.0], [560770.0, 4897950.0], [560770.0, 4897940.0], [560760.0, 4897940.0], [560760.0, 4897930.0], [560750.0, 4897930.0], [560750.0, 4897920.0], [560730.0, 4897920.0], [560730.0, 4897910.0], [560720.0, 4897910.0], [560720.0, 4897900.0], [560710.0, 4897900.0], [560710.0, 4897890.0], [560700.0, 4897890.0], [560700.0, 4897880.0], [560690.0, 4897880.0], [560690.0, 4897870.0], [560680.0, 4897870.0], [560680.0, 4897810.0], [560670.0, 4897810.0], [560670.0, 4897800.0], [560660.0, 4897800.0], [560660.0, 4897780.0], [560650.0, 4897780.0], [560650.0, 4897760.0], [560640.0, 4897760.0], [560640.0, 4897750.0], [560620.0, 4897750.0], [560620.0, 4897740.0], [560610.0, 4897740.0], [560610.0, 4897710.0], [560600.0, 4897710.0], [560600.0, 4897700.0], [560590.0, 4897700.0], [560590.0, 4897690.0], [560570.0, 4897690.0], [560570.0, 4897680.0], [560560.0, 4897680.0], [560560.0, 4897670.0], [560540.0, 4897670.0], [560540.0, 4897660.0], [560520.0, 4897660.0], [560520.0, 4897650.0], [560510.0, 4897650.0], [560510.0, 4897640.0], [560490.0, 4897640.0], [560490.0, 4897630.0], [560480.0, 4897630.0], [560480.0, 4897620.0], [560470.0, 4897620.0], [560470.0, 4897610.0], [560460.0, 4897610.0], [560460.0, 4897600.0], [560450.0, 4897600.0], [560450.0, 4897590.0], [560440.0, 4897590.0], [560440.0, 4897580.0], [560430.0, 4897580.0], [560430.0, 4897570.0], [560420.0, 4897570.0], [560420.0, 4897560.0], [560410.0, 4897560.0], [560410.0, 4897550.0], [560400.0, 4897550.0], [560400.0, 4897540.0], [560380.0, 4897540.0], [560380.0, 4897530.0], [560370.0, 4897530.0], [560370.0, 4897520.0], [560350.0, 4897520.0], [560350.0, 4897510.0], [560340.0, 4897510.0], [560340.0, 4897500.0], [560330.0, 4897500.0], [560330.0, 4897490.0], [560310.0, 4897490.0], [560310.0, 4897480.0], [560300.0, 4897480.0], [560300.0, 4897470.0], [560290.0, 4897470.0], [560290.0, 4897450.0], [560280.0, 4897450.0], [560280.0, 4897440.0], [560270.0, 4897440.0], [560270.0, 4897420.0], [560260.0, 4897420.0], [560260.0, 4897410.0], [560250.0, 4897410.0], [560250.0, 4897400.0], [560230.0, 4897400.0], [560230.0, 4897390.0], [560210.0, 4897390.0], [560210.0, 4897380.0], [560200.0, 4897380.0], [560200.0, 4897370.0], [560190.0, 4897370.0], [560190.0, 4897360.0], [560180.0, 4897360.0], [560180.0, 4897350.0], [560160.0, 4897350.0], [560160.0, 4897340.0], [560140.0, 4897340.0], [560140.0, 4897330.0], [560130.0, 4897330.0], [560130.0, 4897320.0], [560110.0, 4897320.0], [560110.0, 4897310.0], [560040.0, 4897310.0], [560040.0, 4897300.0], [560020.0, 4897300.0], [560020.0, 4897280.0], [560010.0, 4897280.0], [560010.0, 4897270.0], [560000.0, 4897270.0], [560000.0, 4897250.0], [559990.0, 4897250.0], [559990.0, 4897240.0], [559980.0, 4897240.0], [559980.0, 4897230.0], [559970.0, 4897230.0], [559970.0, 4897220.0], [559950.0, 4897220.0], [559950.0, 4897210.0], [559940.0, 4897210.0], [559940.0, 4897180.0], [559930.0, 4897180.0], [559930.0, 4897160.0], [559920.0, 4897160.0], [559920.0, 4897140.0], [559930.0, 4897140.0], [559930.0, 4897100.0], [559940.0, 4897100.0], [559940.0, 4897090.0], [559930.0, 4897090.0], [559930.0, 4897030.0], [559920.0, 4897030.0], [559920.0, 4897020.0], [559910.0, 4897020.0], [559910.0, 4897010.0], [559900.0, 4897010.0], [559900.0, 4897000.0], [559890.0, 4897000.0], [559890.0, 4896980.0], [559880.0, 4896980.0], [559880.0, 4896970.0], [559870.0, 4896970.0], [559870.0, 4896960.0], [559860.0, 4896960.0], [559860.0, 4896950.0], [559850.0, 4896950.0], [559850.0, 4896930.0], [559840.0, 4896930.0], [559840.0, 4896880.0], [559830.0, 4896880.0], [559830.0, 4896870.0], [559800.0, 4896870.0], [559800.0, 4896860.0], [559780.0, 4896860.0], [559780.0, 4896850.0], [559740.0, 4896850.0], [559740.0, 4896840.0], [559730.0, 4896840.0], [559730.0, 4896820.0], [559720.0, 4896820.0], [559720.0, 4896810.0], [559700.0, 4896810.0], [559700.0, 4896800.0], [559690.0, 4896800.0], [559690.0, 4896790.0], [559670.0, 4896790.0], [559670.0, 4896780.0], [559660.0, 4896780.0], [559660.0, 4896770.0], [559650.0, 4896770.0], [559650.0, 4896760.0], [559640.0, 4896760.0], [559640.0, 4896750.0], [559620.0, 4896750.0], [559620.0, 4896740.0], [559600.0, 4896740.0], [559600.0, 4896730.0], [559590.0, 4896730.0], [559590.0, 4896720.0], [559580.0, 4896720.0], [559580.0, 4896710.0], [559570.0, 4896710.0], [559570.0, 4896690.0], [559560.0, 4896690.0], [559560.0, 4896670.0], [559550.0, 4896670.0], [559550.0, 4896650.0], [559540.0, 4896650.0], [559540.0, 4896620.0], [559530.0, 4896620.0], [559530.0, 4896610.0], [559520.0, 4896610.0], [559520.0, 4896600.0], [559510.0, 4896600.0], [559510.0, 4896590.0], [559500.0, 4896590.0], [559500.0, 4896580.0], [559490.0, 4896580.0], [559490.0, 4896570.0], [559480.0, 4896570.0], [559480.0, 4896550.0], [559470.0, 4896550.0], [559470.0, 4896540.0], [559460.0, 4896540.0], [559460.0, 4896530.0], [559450.0, 4896530.0], [559450.0, 4896510.0], [559440.0, 4896510.0], [559440.0, 4896500.0], [559430.0, 4896500.0], [559430.0, 4896490.0], [559420.0, 4896490.0], [559420.0, 4896460.0], [559410.0, 4896460.0], [559410.0, 4896410.0], [559420.0, 4896410.0], [559420.0, 4896400.0], [559430.0, 4896400.0], [559430.0, 4896390.0], [559440.0, 4896390.0], [559440.0, 4896380.0], [559450.0, 4896380.0], [559450.0, 4896370.0], [559460.0, 4896370.0], [559460.0, 4896360.0], [559480.0, 4896360.0], [559480.0, 4896350.0], [559490.0, 4896350.0], [559490.0, 4896340.0], [559500.0, 4896340.0], [559500.0, 4896330.0], [559510.0, 4896330.0], [559510.0, 4896320.0], [559530.0, 4896320.0], [559530.0, 4896310.0], [559540.0, 4896310.0], [559540.0, 4896300.0], [559550.0, 4896300.0], [559550.0, 4896290.0], [559560.0, 4896290.0], [559560.0, 4896280.0], [559570.0, 4896280.0], [559570.0, 4896270.0], [559580.0, 4896270.0], [559580.0, 4896250.0], [559590.0, 4896250.0], [559590.0, 4896240.0], [559600.0, 4896240.0], [559600.0, 4896230.0], [559610.0, 4896230.0], [559610.0, 4896220.0], [559620.0, 4896220.0], [559620.0, 4896210.0], [559630.0, 4896210.0], [559630.0, 4896200.0], [559640.0, 4896200.0], [559640.0, 4896190.0], [559650.0, 4896190.0], [559650.0, 4896180.0], [559690.0, 4896180.0], [559690.0, 4896170.0], [559700.0, 4896170.0], [559700.0, 4896160.0], [559710.0, 4896160.0], [559710.0, 4896120.0], [559700.0, 4896120.0], [559700.0, 4896100.0], [559710.0, 4896100.0], [559710.0, 4896090.0], [559720.0, 4896090.0], [559720.0, 4896050.0], [559730.0, 4896050.0], [559730.0, 4896040.0], [559740.0, 4896040.0], [559740.0, 4896030.0], [559750.0, 4896030.0], [559750.0, 4896020.0], [559790.0, 4896020.0], [559790.0, 4896010.0], [559810.0, 4896010.0], [559810.0, 4896000.0], [559820.0, 4896000.0], [559820.0, 4895970.0], [559830.0, 4895970.0], [559830.0, 4895960.0], [559850.0, 4895960.0], [559850.0, 4895950.0], [559880.0, 4895950.0], [559880.0, 4895940.0], [559890.0, 4895940.0], [559890.0, 4895930.0], [559900.0, 4895930.0], [559900.0, 4895920.0], [559910.0, 4895920.0], [559910.0, 4895880.0], [559920.0, 4895880.0], [559920.0, 4895870.0], [559930.0, 4895870.0], [559930.0, 4895860.0], [559940.0, 4895860.0], [559940.0, 4895850.0], [559950.0, 4895850.0], [559950.0, 4895790.0], [559960.0, 4895790.0], [559960.0, 4895780.0], [559970.0, 4895780.0], [559970.0, 4895770.0], [559990.0, 4895770.0], [559990.0, 4895760.0], [560000.0, 4895760.0], [560000.0, 4895750.0], [560010.0, 4895750.0], [560010.0, 4895740.0], [560020.0, 4895740.0], [560020.0, 4895730.0], [560030.0, 4895730.0], [560030.0, 4895720.0], [560040.0, 4895720.0], [560040.0, 4895710.0], [560050.0, 4895710.0], [560050.0, 4895700.0], [560060.0, 4895700.0], [560060.0, 4895680.0], [560070.0, 4895680.0], [560070.0, 4895670.0], [560080.0, 4895670.0], [560080.0, 4895660.0], [560090.0, 4895660.0], [560090.0, 4895640.0], [560100.0, 4895640.0], [560100.0, 4895630.0], [560110.0, 4895630.0], [560110.0, 4895620.0], [560120.0, 4895620.0], [560120.0, 4895600.0], [560130.0, 4895600.0], [560130.0, 4895590.0], [560140.0, 4895590.0], [560140.0, 4895570.0], [560150.0, 4895570.0], [560150.0, 4895550.0], [560160.0, 4895550.0], [560160.0, 4895540.0], [560170.0, 4895540.0], [560170.0, 4895500.0], [560180.0, 4895500.0], [560180.0, 4895480.0], [560190.0, 4895480.0], [560190.0, 4895470.0], [560200.0, 4895470.0], [560200.0, 4895450.0], [560210.0, 4895450.0], [560210.0, 4895440.0], [560220.0, 4895440.0], [560220.0, 4895430.0], [560230.0, 4895430.0], [560230.0, 4895410.0], [560240.0, 4895410.0], [560240.0, 4895400.0], [560250.0, 4895400.0], [560250.0, 4895300.0], [560240.0, 4895300.0], [560240.0, 4895290.0], [560230.0, 4895290.0], [560230.0, 4895270.0], [560220.0, 4895270.0], [560220.0, 4895190.0], [560230.0, 4895190.0], [560230.0, 4895170.0], [560240.0, 4895170.0], [560240.0, 4895150.0], [560250.0, 4895150.0], [560250.0, 4895140.0], [560260.0, 4895140.0], [560260.0, 4895130.0], [560300.0, 4895130.0], [560300.0, 4895120.0], [560350.0, 4895120.0], [560350.0, 4895110.0], [560420.0, 4895110.0], [560420.0, 4895100.0], [560480.0, 4895100.0], [560480.0, 4895090.0], [560570.0, 4895090.0], [560570.0, 4895080.0], [560580.0, 4895080.0], [560580.0, 4895070.0], [560590.0, 4895070.0], [560590.0, 4895060.0], [560610.0, 4895060.0], [560610.0, 4895050.0], [560630.0, 4895050.0], [560630.0, 4895040.0], [560650.0, 4895040.0], [560650.0, 4895030.0], [560710.0, 4895030.0], [560710.0, 4895040.0], [560800.0, 4895040.0], [560800.0, 4895050.0], [560810.0, 4895050.0], [560810.0, 4895060.0], [560820.0, 4895060.0], [560820.0, 4895070.0], [560830.0, 4895070.0], [560830.0, 4895080.0], [560840.0, 4895080.0], [560840.0, 4895090.0], [560900.0, 4895090.0], [560900.0, 4895080.0], [560910.0, 4895080.0], [560910.0, 4895070.0], [560930.0, 4895070.0], [560930.0, 4895060.0], [560950.0, 4895060.0], [560950.0, 4895050.0], [560960.0, 4895050.0], [560960.0, 4895040.0], [560970.0, 4895040.0], [560970.0, 4895030.0], [560980.0, 4895030.0], [560980.0, 4895020.0], [560990.0, 4895020.0], [560990.0, 4895030.0], [561080.0, 4895030.0], [561080.0, 4895040.0], [561100.0, 4895040.0], [561100.0, 4895030.0], [561110.0, 4895030.0], [561110.0, 4895040.0], [561140.0, 4895040.0], [561140.0, 4895050.0], [561150.0, 4895050.0], [561150.0, 4895070.0], [561160.0, 4895070.0], [561160.0, 4895090.0], [561170.0, 4895090.0], [561170.0, 4895100.0], [561180.0, 4895100.0], [561180.0, 4895110.0], [561190.0, 4895110.0], [561190.0, 4895120.0], [561210.0, 4895120.0], [561210.0, 4895130.0], [561220.0, 4895130.0], [561220.0, 4895140.0], [561230.0, 4895140.0], [561230.0, 4895150.0], [561250.0, 4895150.0], [561250.0, 4895160.0], [561270.0, 4895160.0], [561270.0, 4895170.0], [561290.0, 4895170.0], [561290.0, 4895180.0], [561300.0, 4895180.0], [561300.0, 4895190.0], [561330.0, 4895190.0], [561330.0, 4895200.0], [561350.0, 4895200.0], [561350.0, 4895210.0], [561370.0, 4895210.0], [561370.0, 4895220.0], [561380.0, 4895220.0], [561380.0, 4895230.0], [561400.0, 4895230.0], [561400.0, 4895240.0], [561440.0, 4895240.0], [561440.0, 4895250.0], [561460.0, 4895250.0], [561460.0, 4895260.0], [561480.0, 4895260.0], [561480.0, 4895270.0], [561500.0, 4895270.0], [561500.0, 4895280.0], [561520.0, 4895280.0], [561520.0, 4895290.0], [561530.0, 4895290.0], [561530.0, 4895300.0], [561540.0, 4895300.0], [561540.0, 4895310.0], [561560.0, 4895310.0], [561560.0, 4895320.0], [561570.0, 4895320.0], [561570.0, 4895330.0], [561590.0, 4895330.0], [561590.0, 4895340.0], [561610.0, 4895340.0], [561610.0, 4895360.0], [561650.0, 4895360.0], [561650.0, 4895370.0], [561670.0, 4895370.0], [561670.0, 4895390.0], [561690.0, 4895390.0], [561690.0, 4895400.0], [561700.0, 4895400.0], [561700.0, 4895410.0], [561720.0, 4895410.0], [561720.0, 4895420.0], [561730.0, 4895420.0], [561730.0, 4895430.0], [561750.0, 4895430.0], [561750.0, 4895440.0], [561800.0, 4895440.0], [561800.0, 4895450.0], [561810.0, 4895450.0], [561810.0, 4895460.0], [561830.0, 4895460.0], [561830.0, 4895470.0], [561850.0, 4895470.0], [561850.0, 4895480.0], [561860.0, 4895480.0], [561860.0, 4895500.0], [561870.0, 4895500.0], [561870.0, 4895520.0], [561880.0, 4895520.0], [561880.0, 4895540.0], [561890.0, 4895540.0], [561890.0, 4895550.0], [561920.0, 4895550.0], [561920.0, 4895560.0], [561940.0, 4895560.0], [561940.0, 4895570.0], [561970.0, 4895570.0], [561970.0, 4895580.0], [561990.0, 4895580.0], [561990.0, 4895590.0], [562020.0, 4895590.0], [562020.0, 4895600.0], [562060.0, 4895600.0], [562060.0, 4895610.0], [562090.0, 4895610.0], [562090.0, 4895620.0], [562100.0, 4895620.0], [562100.0, 4895630.0], [562120.0, 4895630.0], [562120.0, 4895640.0], [562150.0, 4895640.0], [562150.0, 4895630.0], [562170.0, 4895630.0], [562170.0, 4895620.0], [562190.0, 4895620.0], [562190.0, 4895610.0], [562210.0, 4895610.0], [562210.0, 4895600.0], [562220.0, 4895600.0], [562220.0, 4895590.0], [562240.0, 4895590.0], [562240.0, 4895600.0], [562250.0, 4895600.0], [562250.0, 4895590.0], [562260.0, 4895590.0], [562260.0, 4895580.0], [562350.0, 4895580.0], [562350.0, 4895570.0], [562390.0, 4895570.0], [562390.0, 4895560.0], [562430.0, 4895560.0], [562430.0, 4895550.0], [562450.0, 4895550.0], [562450.0, 4895540.0], [562460.0, 4895540.0], [562460.0, 4895530.0], [562470.0, 4895530.0], [562470.0, 4895520.0], [562490.0, 4895520.0], [562490.0, 4895510.0], [562500.0, 4895510.0], [562500.0, 4895500.0], [562520.0, 4895500.0], [562520.0, 4895490.0], [562530.0, 4895490.0], [562530.0, 4895480.0], [562550.0, 4895480.0], [562550.0, 4895470.0], [562560.0, 4895470.0], [562560.0, 4895460.0], [562580.0, 4895460.0], [562580.0, 4895450.0], [562600.0, 4895450.0], [562600.0, 4895440.0], [562660.0, 4895440.0], [562660.0, 4895450.0], [562710.0, 4895450.0], [562710.0, 4895440.0], [562750.0, 4895440.0], [562750.0, 4895430.0], [562800.0, 4895430.0], [562800.0, 4895440.0], [562820.0, 4895440.0], [562820.0, 4895450.0], [562830.0, 4895450.0], [562830.0, 4895460.0], [562840.0, 4895460.0], [562840.0, 4895470.0], [562850.0, 4895470.0], [562850.0, 4895480.0], [562860.0, 4895480.0], [562860.0, 4895490.0], [562870.0, 4895490.0], [562870.0, 4895480.0], [562920.0, 4895480.0], [562920.0, 4895490.0], [562940.0, 4895490.0], [562940.0, 4895500.0], [562950.0, 4895500.0], [562950.0, 4895510.0], [562960.0, 4895510.0], [562960.0, 4895520.0], [563080.0, 4895520.0], [563080.0, 4895530.0], [563090.0, 4895530.0], [563090.0, 4895540.0], [563100.0, 4895540.0], [563100.0, 4895550.0], [563110.0, 4895550.0], [563110.0, 4895560.0], [563220.0, 4895560.0], [563220.0, 4895550.0], [563230.0, 4895550.0], [563230.0, 4895540.0], [563250.0, 4895540.0], [563250.0, 4895530.0], [563440.0, 4895530.0], [563440.0, 4895520.0], [563480.0, 4895520.0], [563480.0, 4895510.0], [563560.0, 4895510.0], [563560.0, 4895520.0], [563570.0, 4895520.0], [563570.0, 4895530.0], [563600.0, 4895530.0], [563600.0, 4895520.0], [563620.0, 4895520.0], [563620.0, 4895510.0], [563640.0, 4895510.0], [563640.0, 4895520.0], [563650.0, 4895520.0], [563650.0, 4895530.0], [563660.0, 4895530.0], [563660.0, 4895540.0], [563670.0, 4895540.0], [563670.0, 4895550.0], [563780.0, 4895550.0], [563780.0, 4895560.0], [563820.0, 4895560.0], [563820.0, 4895570.0], [563830.0, 4895570.0], [563830.0, 4895580.0], [563840.0, 4895580.0], [563840.0, 4895590.0], [563850.0, 4895590.0], [563850.0, 4895600.0], [563870.0, 4895600.0], [563870.0, 4895610.0], [563880.0, 4895610.0], [563880.0, 4895620.0], [563890.0, 4895620.0], [563890.0, 4895640.0], [563900.0, 4895640.0], [563900.0, 4895650.0], [563910.0, 4895650.0], [563910.0, 4895660.0], [563920.0, 4895660.0], [563920.0, 4895680.0], [563950.0, 4895680.0], [563950.0, 4895670.0], [564100.0, 4895670.0], [564100.0, 4895660.0], [564130.0, 4895660.0], [564130.0, 4895650.0], [564150.0, 4895650.0], [564150.0, 4895660.0], [564170.0, 4895660.0], [564170.0, 4895650.0], [564330.0, 4895650.0], [564330.0, 4895640.0], [564340.0, 4895640.0], [564340.0, 4895630.0], [564370.0, 4895630.0], [564370.0, 4895620.0], [564400.0, 4895620.0], [564400.0, 4895610.0], [564430.0, 4895610.0], [564430.0, 4895600.0], [564510.0, 4895600.0], [564510.0, 4895590.0], [564550.0, 4895590.0], [564550.0, 4895600.0], [564590.0, 4895600.0], [564590.0, 4895610.0], [564610.0, 4895610.0], [564610.0, 4895620.0], [564630.0, 4895620.0], [564630.0, 4895610.0], [564640.0, 4895610.0], [564640.0, 4895600.0], [564650.0, 4895600.0], [564650.0, 4895580.0], [564660.0, 4895580.0], [564660.0, 4895570.0], [564670.0, 4895570.0], [564670.0, 4895560.0], [564680.0, 4895560.0], [564680.0, 4895550.0], [564690.0, 4895550.0], [564690.0, 4895540.0], [564700.0, 4895540.0], [564700.0, 4895530.0], [564710.0, 4895530.0], [564710.0, 4895520.0], [564720.0, 4895520.0], [564720.0, 4895510.0], [564730.0, 4895510.0], [564730.0, 4895500.0], [564740.0, 4895500.0], [564740.0, 4895490.0], [564750.0, 4895490.0], [564750.0, 4895480.0], [564760.0, 4895480.0], [564760.0, 4895470.0], [564780.0, 4895470.0], [564780.0, 4895460.0], [564790.0, 4895460.0], [564790.0, 4895450.0], [564810.0, 4895450.0], [564810.0, 4895440.0], [564830.0, 4895440.0], [564830.0, 4895430.0], [564870.0, 4895430.0], [564870.0, 4895420.0], [564920.0, 4895420.0], [564920.0, 4895410.0], [564950.0, 4895410.0], [564950.0, 4895400.0], [564980.0, 4895400.0], [564980.0, 4895390.0], [564990.0, 4895390.0], [564990.0, 4895380.0], [565000.0, 4895380.0], [565000.0, 4895370.0], [565020.0, 4895370.0], [565020.0, 4895360.0], [565070.0, 4895360.0], [565070.0, 4895350.0], [565210.0, 4895350.0], [565210.0, 4895330.0], [565220.0, 4895330.0], [565220.0, 4895320.0], [565230.0, 4895320.0], [565230.0, 4895310.0], [565240.0, 4895310.0], [565240.0, 4895300.0], [565260.0, 4895300.0], [565260.0, 4895290.0], [565270.0, 4895290.0], [565270.0, 4895280.0], [565300.0, 4895280.0], [565300.0, 4895270.0], [565350.0, 4895270.0], [565350.0, 4895260.0], [565390.0, 4895260.0], [565390.0, 4895250.0], [565430.0, 4895250.0], [565430.0, 4895240.0], [565460.0, 4895240.0], [565460.0, 4895230.0], [565480.0, 4895230.0], [565480.0, 4895220.0], [565490.0, 4895220.0], [565490.0, 4895210.0], [565500.0, 4895210.0], [565500.0, 4895200.0], [565520.0, 4895200.0], [565520.0, 4895190.0], [565540.0, 4895190.0], [565540.0, 4895180.0], [565550.0, 4895180.0], [565550.0, 4895170.0], [565570.0, 4895170.0], [565570.0, 4895160.0], [565590.0, 4895160.0], [565590.0, 4895150.0], [565600.0, 4895150.0], [565600.0, 4895140.0], [565620.0, 4895140.0], [565620.0, 4895130.0], [565660.0, 4895130.0], [565660.0, 4895120.0], [565690.0, 4895120.0], [565690.0, 4895110.0], [565720.0, 4895110.0], [565720.0, 4895100.0], [565850.0, 4895100.0], [565850.0, 4895090.0], [565880.0, 4895090.0], [565880.0, 4895100.0], [565940.0, 4895100.0], [565940.0, 4895090.0], [565960.0, 4895090.0], [565960.0, 4895100.0], [565990.0, 4895100.0], [565990.0, 4895090.0], [566000.0, 4895090.0], [566000.0, 4895080.0], [566020.0, 4895080.0], [566020.0, 4895070.0], [566030.0, 4895070.0], [566030.0, 4895060.0], [566040.0, 4895060.0], [566040.0, 4895040.0], [566050.0, 4895040.0], [566050.0, 4895030.0], [566060.0, 4895030.0], [566060.0, 4895020.0], [566070.0, 4895020.0], [566070.0, 4895010.0], [566080.0, 4895010.0], [566080.0, 4894990.0], [566090.0, 4894990.0], [566090.0, 4894970.0], [566100.0, 4894970.0], [566100.0, 4894960.0], [566110.0, 4894960.0], [566110.0, 4894950.0], [566120.0, 4894950.0], [566120.0, 4894940.0], [566130.0, 4894940.0], [566130.0, 4894930.0], [566140.0, 4894930.0], [566140.0, 4894920.0], [566150.0, 4894920.0], [566150.0, 4894910.0], [566170.0, 4894910.0], [566170.0, 4894890.0], [566190.0, 4894890.0], [566190.0, 4894880.0], [566200.0, 4894880.0], [566200.0, 4894870.0], [566210.0, 4894870.0], [566210.0, 4894860.0], [566220.0, 4894860.0], [566220.0, 4894850.0], [566230.0, 4894850.0], [566230.0, 4894840.0], [566240.0, 4894840.0], [566240.0, 4894820.0], [566250.0, 4894820.0], [566250.0, 4894800.0], [566260.0, 4894800.0], [566260.0, 4894790.0], [566280.0, 4894790.0], [566280.0, 4894780.0], [566290.0, 4894780.0], [566290.0, 4894760.0], [566300.0, 4894760.0], [566300.0, 4894750.0], [566310.0, 4894750.0], [566310.0, 4894740.0], [566320.0, 4894740.0], [566320.0, 4894730.0], [566330.0, 4894730.0], [566330.0, 4894720.0], [566350.0, 4894720.0], [566350.0, 4894710.0], [566360.0, 4894710.0], [566360.0, 4894700.0], [566370.0, 4894700.0], [566370.0, 4894690.0], [566380.0, 4894690.0], [566380.0, 4894680.0], [566390.0, 4894680.0], [566390.0, 4894670.0], [566400.0, 4894670.0], [566400.0, 4894660.0], [566410.0, 4894660.0], [566410.0, 4894650.0], [566420.0, 4894650.0], [566420.0, 4894640.0], [566430.0, 4894640.0], [566430.0, 4894630.0], [566440.0, 4894630.0], [566440.0, 4894620.0], [566460.0, 4894620.0], [566460.0, 4894610.0], [566520.0, 4894610.0], [566520.0, 4894600.0], [566550.0, 4894600.0], [566550.0, 4894610.0], [566560.0, 4894610.0], [566560.0, 4894620.0], [566580.0, 4894620.0], [566580.0, 4894630.0], [566600.0, 4894630.0], [566600.0, 4894640.0], [566620.0, 4894640.0], [566620.0, 4894660.0], [566630.0, 4894660.0], [566630.0, 4894670.0], [566660.0, 4894670.0], [566660.0, 4894680.0], [566670.0, 4894680.0], [566670.0, 4894690.0], [566690.0, 4894690.0], [566690.0, 4894700.0], [566710.0, 4894700.0], [566710.0, 4894710.0], [566750.0, 4894710.0], [566750.0, 4894720.0], [566770.0, 4894720.0], [566770.0, 4894730.0], [566800.0, 4894730.0], [566800.0, 4894740.0], [566830.0, 4894740.0], [566830.0, 4894750.0], [566840.0, 4894750.0], [566840.0, 4894760.0], [566860.0, 4894760.0], [566860.0, 4894770.0], [566880.0, 4894770.0], [566880.0, 4894780.0], [566900.0, 4894780.0], [566900.0, 4894790.0], [566920.0, 4894790.0], [566920.0, 4894800.0], [566940.0, 4894800.0], [566940.0, 4894810.0], [566960.0, 4894810.0], [566960.0, 4894820.0], [566980.0, 4894820.0], [566980.0, 4894830.0], [567000.0, 4894830.0], [567000.0, 4894840.0], [567010.0, 4894840.0], [567010.0, 4894850.0], [567110.0, 4894850.0], [567110.0, 4894840.0], [567290.0, 4894840.0], [567290.0, 4894850.0], [567300.0, 4894850.0], [567300.0, 4894860.0], [567310.0, 4894860.0], [567310.0, 4894870.0], [567330.0, 4894870.0], [567330.0, 4894880.0], [567340.0, 4894880.0], [567340.0, 4894890.0], [567370.0, 4894890.0], [567370.0, 4894900.0], [567460.0, 4894900.0], [567460.0, 4894910.0], [567490.0, 4894910.0], [567490.0, 4894920.0], [567530.0, 4894920.0], [567530.0, 4894930.0], [567540.0, 4894930.0], [567540.0, 4894940.0], [567560.0, 4894940.0], [567560.0, 4894950.0], [567580.0, 4894950.0], [567580.0, 4894960.0], [567660.0, 4894960.0], [567660.0, 4894950.0], [567710.0, 4894950.0], [567710.0, 4894940.0], [567750.0, 4894940.0], [567750.0, 4894930.0], [567780.0, 4894930.0], [567780.0, 4894920.0], [567790.0, 4894920.0], [567790.0, 4894910.0], [567800.0, 4894910.0], [567800.0, 4894900.0], [567810.0, 4894900.0], [567810.0, 4894890.0], [567830.0, 4894890.0], [567830.0, 4894880.0], [567850.0, 4894880.0], [567850.0, 4894870.0], [567870.0, 4894870.0], [567870.0, 4894860.0], [567880.0, 4894860.0], [567880.0, 4894850.0], [567900.0, 4894850.0], [567900.0, 4894840.0], [567920.0, 4894840.0], [567920.0, 4894830.0], [567950.0, 4894830.0], [567950.0, 4894820.0], [567980.0, 4894820.0], [567980.0, 4894810.0], [568000.0, 4894810.0], [568000.0, 4894800.0], [568030.0, 4894800.0], [568030.0, 4894790.0], [568090.0, 4894790.0], [568090.0, 4894800.0], [568100.0, 4894800.0], [568100.0, 4894810.0], [568110.0, 4894810.0], [568110.0, 4894820.0], [568130.0, 4894820.0], [568130.0, 4894830.0], [568140.0, 4894830.0], [568140.0, 4894840.0], [568160.0, 4894840.0], [568160.0, 4894850.0], [568170.0, 4894850.0], [568170.0, 4894860.0], [568180.0, 4894860.0], [568180.0, 4894870.0], [568190.0, 4894870.0], [568190.0, 4894880.0], [568200.0, 4894880.0], [568200.0, 4894890.0], [568210.0, 4894890.0], [568210.0, 4894900.0], [568230.0, 4894900.0], [568230.0, 4894910.0], [568240.0, 4894910.0], [568240.0, 4894920.0], [568260.0, 4894920.0], [568260.0, 4894930.0], [568290.0, 4894930.0], [568290.0, 4894940.0], [568310.0, 4894940.0], [568310.0, 4894950.0], [568330.0, 4894950.0], [568330.0, 4894960.0], [568420.0, 4894960.0], [568420.0, 4894950.0], [568440.0, 4894950.0], [568440.0, 4894940.0], [568460.0, 4894940.0], [568460.0, 4894930.0], [568480.0, 4894930.0], [568480.0, 4894920.0], [568490.0, 4894920.0], [568490.0, 4894910.0], [568500.0, 4894910.0], [568500.0, 4894900.0], [568510.0, 4894900.0], [568510.0, 4894890.0], [568520.0, 4894890.0], [568520.0, 4894870.0], [568530.0, 4894870.0], [568530.0, 4894860.0], [568540.0, 4894860.0], [568540.0, 4894850.0], [568550.0, 4894850.0], [568550.0, 4894840.0], [568560.0, 4894840.0], [568560.0, 4894830.0], [568570.0, 4894830.0], [568570.0, 4894820.0], [568580.0, 4894820.0], [568580.0, 4894800.0], [568590.0, 4894800.0], [568590.0, 4894780.0], [568600.0, 4894780.0], [568600.0, 4894750.0], [568620.0, 4894750.0], [568620.0, 4894760.0], [568630.0, 4894760.0], [568630.0, 4894770.0], [568640.0, 4894770.0], [568640.0, 4894780.0], [568660.0, 4894780.0], [568660.0, 4894790.0], [568710.0, 4894790.0], [568710.0, 4894800.0], [568730.0, 4894800.0], [568730.0, 4894810.0], [568750.0, 4894810.0], [568750.0, 4894820.0], [568760.0, 4894820.0], [568760.0, 4894830.0], [568770.0, 4894830.0], [568770.0, 4894840.0], [568790.0, 4894840.0], [568790.0, 4894850.0], [568820.0, 4894850.0], [568820.0, 4894860.0], [568850.0, 4894860.0], [568850.0, 4894870.0], [568860.0, 4894870.0], [568860.0, 4894880.0], [568880.0, 4894880.0], [568880.0, 4894890.0], [568890.0, 4894890.0], [568890.0, 4894900.0], [568900.0, 4894900.0], [568900.0, 4894910.0], [568930.0, 4894910.0], [568930.0, 4894920.0], [568940.0, 4894920.0], [568940.0, 4894930.0], [568960.0, 4894930.0], [568960.0, 4894940.0], [568970.0, 4894940.0], [568970.0, 4894950.0], [568980.0, 4894950.0], [568980.0, 4894960.0], [569010.0, 4894960.0], [569010.0, 4894970.0], [569070.0, 4894970.0], [569070.0, 4894980.0], [569220.0, 4894980.0], [569220.0, 4894970.0], [569240.0, 4894970.0], [569240.0, 4894960.0], [569260.0, 4894960.0], [569260.0, 4894950.0], [569280.0, 4894950.0], [569280.0, 4894940.0], [569300.0, 4894940.0], [569300.0, 4894930.0], [569320.0, 4894930.0], [569320.0, 4894920.0], [569340.0, 4894920.0], [569340.0, 4894910.0], [569350.0, 4894910.0], [569350.0, 4894900.0], [569360.0, 4894900.0], [569360.0, 4894890.0], [569370.0, 4894890.0], [569370.0, 4894880.0], [569380.0, 4894880.0], [569380.0, 4894870.0], [569400.0, 4894870.0], [569400.0, 4894860.0], [569420.0, 4894860.0], [569420.0, 4894850.0], [569450.0, 4894850.0], [569450.0, 4894840.0], [569470.0, 4894840.0], [569470.0, 4894850.0], [569500.0, 4894850.0], [569500.0, 4894860.0], [569530.0, 4894860.0], [569530.0, 4894870.0], [569550.0, 4894870.0], [569550.0, 4894880.0], [569560.0, 4894880.0], [569560.0, 4894890.0], [569570.0, 4894890.0], [569570.0, 4894900.0], [569580.0, 4894900.0], [569580.0, 4894910.0], [569600.0, 4894910.0], [569600.0, 4894920.0], [569690.0, 4894920.0], [569690.0, 4894910.0], [569730.0, 4894910.0], [569730.0, 4894900.0], [569780.0, 4894900.0], [569780.0, 4894890.0], [569840.0, 4894890.0], [569840.0, 4894880.0], [569870.0, 4894880.0], [569870.0, 4894870.0], [569930.0, 4894870.0], [569930.0, 4894880.0], [569960.0, 4894880.0], [569960.0, 4894890.0], [569980.0, 4894890.0], [569980.0, 4894900.0], [570030.0, 4894900.0], [570030.0, 4894910.0], [570090.0, 4894910.0], [570090.0, 4894900.0], [570140.0, 4894900.0], [570140.0, 4894890.0], [570180.0, 4894890.0], [570180.0, 4894880.0], [570210.0, 4894880.0], [570210.0, 4894870.0], [570230.0, 4894870.0], [570230.0, 4894860.0], [570250.0, 4894860.0], [570250.0, 4894850.0], [570260.0, 4894850.0], [570260.0, 4894840.0], [570280.0, 4894840.0], [570280.0, 4894830.0], [570290.0, 4894830.0], [570290.0, 4894840.0], [570340.0, 4894840.0], [570340.0, 4894850.0], [570370.0, 4894850.0], [570370.0, 4894860.0], [570460.0, 4894860.0], [570460.0, 4894870.0], [570540.0, 4894870.0], [570540.0, 4894860.0], [570570.0, 4894860.0], [570570.0, 4894850.0], [570590.0, 4894850.0], [570590.0, 4894840.0], [570610.0, 4894840.0], [570610.0, 4894830.0], [570630.0, 4894830.0], [570630.0, 4894820.0], [570690.0, 4894820.0], [570690.0, 4894810.0], [570710.0, 4894810.0], [570710.0, 4894800.0], [570730.0, 4894800.0], [570730.0, 4894790.0], [570760.0, 4894790.0], [570760.0, 4894800.0], [570770.0, 4894800.0], [570770.0, 4894810.0], [570780.0, 4894810.0], [570780.0, 4894820.0], [570790.0, 4894820.0], [570790.0, 4894830.0], [570840.0, 4894830.0], [570840.0, 4894840.0], [570860.0, 4894840.0], [570860.0, 4894850.0], [570880.0, 4894850.0], [570880.0, 4894860.0], [570940.0, 4894860.0], [570940.0, 4894870.0], [570950.0, 4894870.0], [570950.0, 4894880.0], [570960.0, 4894880.0], [570960.0, 4894890.0], [570980.0, 4894890.0], [570980.0, 4894900.0], [570990.0, 4894900.0], [570990.0, 4894910.0], [571010.0, 4894910.0], [571010.0, 4894920.0], [571030.0, 4894920.0], [571030.0, 4894930.0], [571060.0, 4894930.0], [571060.0, 4894940.0], [571100.0, 4894940.0], [571100.0, 4894950.0], [571230.0, 4894950.0], [571230.0, 4894960.0], [571240.0, 4894960.0], [571240.0, 4894970.0], [571250.0, 4894970.0], [571250.0, 4894980.0], [571260.0, 4894980.0], [571260.0, 4895000.0], [571270.0, 4895000.0], [571270.0, 4895010.0], [571280.0, 4895010.0], [571280.0, 4895030.0], [571290.0, 4895030.0], [571290.0, 4895050.0], [571300.0, 4895050.0], [571300.0, 4895060.0], [571310.0, 4895060.0], [571310.0, 4895070.0], [571320.0, 4895070.0], [571320.0, 4895080.0], [571340.0, 4895080.0], [571340.0, 4895090.0], [571350.0, 4895090.0], [571350.0, 4895100.0], [571360.0, 4895100.0], [571360.0, 4895220.0], [571370.0, 4895220.0], [571370.0, 4895250.0], [571380.0, 4895250.0], [571380.0, 4895270.0], [571390.0, 4895270.0], [571390.0, 4895370.0], [571380.0, 4895370.0], [571380.0, 4895410.0], [571390.0, 4895410.0], [571390.0, 4895420.0], [571400.0, 4895420.0], [571400.0, 4895440.0], [571410.0, 4895440.0], [571410.0, 4895450.0], [571420.0, 4895450.0], [571420.0, 4895460.0], [571430.0, 4895460.0], [571430.0, 4895470.0], [571440.0, 4895470.0], [571440.0, 4895480.0], [571450.0, 4895480.0], [571450.0, 4895490.0], [571470.0, 4895490.0], [571470.0, 4895500.0], [571490.0, 4895500.0], [571490.0, 4895510.0], [571500.0, 4895510.0], [571500.0, 4895520.0], [571510.0, 4895520.0], [571510.0, 4895530.0], [571530.0, 4895530.0], [571530.0, 4895540.0], [571540.0, 4895540.0], [571540.0, 4895550.0], [571550.0, 4895550.0], [571550.0, 4895560.0], [571560.0, 4895560.0], [571560.0, 4895570.0], [571570.0, 4895570.0], [571570.0, 4895580.0], [571580.0, 4895580.0], [571580.0, 4895590.0], [571590.0, 4895590.0], [571590.0, 4895600.0], [571600.0, 4895600.0], [571600.0, 4895630.0], [571610.0, 4895630.0], [571610.0, 4895640.0], [571620.0, 4895640.0], [571620.0, 4895650.0], [571630.0, 4895650.0], [571630.0, 4895660.0], [571640.0, 4895660.0], [571640.0, 4895680.0], [571650.0, 4895680.0], [571650.0, 4895690.0], [571660.0, 4895690.0], [571660.0, 4895700.0], [571670.0, 4895700.0], [571670.0, 4895710.0], [571680.0, 4895710.0], [571680.0, 4895720.0], [571690.0, 4895720.0], [571690.0, 4895730.0], [571700.0, 4895730.0], [571700.0, 4895740.0], [571710.0, 4895740.0], [571710.0, 4895750.0], [571720.0, 4895750.0], [571720.0, 4895760.0], [571730.0, 4895760.0], [571730.0, 4895770.0], [571740.0, 4895770.0], [571740.0, 4895780.0], [571750.0, 4895780.0], [571750.0, 4895790.0], [571760.0, 4895790.0], [571760.0, 4895800.0], [571770.0, 4895800.0], [571770.0, 4895830.0], [571760.0, 4895830.0], [571760.0, 4895860.0], [571750.0, 4895860.0], [571750.0, 4895880.0], [571740.0, 4895880.0], [571740.0, 4895900.0], [571730.0, 4895900.0], [571730.0, 4895930.0], [571720.0, 4895930.0], [571720.0, 4895980.0], [571710.0, 4895980.0], [571710.0, 4896030.0], [571700.0, 4896030.0], [571700.0, 4896060.0], [571690.0, 4896060.0], [571690.0, 4896130.0], [571680.0, 4896130.0], [571680.0, 4896260.0], [571670.0, 4896260.0], [571670.0, 4896270.0], [571660.0, 4896270.0], [571660.0, 4896290.0], [571650.0, 4896290.0], [571650.0, 4896300.0], [571640.0, 4896300.0], [571640.0, 4896310.0], [571630.0, 4896310.0], [571630.0, 4896330.0], [571620.0, 4896330.0], [571620.0, 4896410.0], [571610.0, 4896410.0], [571610.0, 4896450.0], [571600.0, 4896450.0], [571600.0, 4896490.0], [571590.0, 4896490.0], [571590.0, 4896520.0], [571580.0, 4896520.0], [571580.0, 4896560.0], [571590.0, 4896560.0], [571590.0, 4896580.0], [571580.0, 4896580.0], [571580.0, 4896630.0], [571570.0, 4896630.0], [571570.0, 4896800.0], [571560.0, 4896800.0], [571560.0, 4896810.0], [571540.0, 4896810.0], [571540.0, 4896820.0], [571530.0, 4896820.0], [571530.0, 4896830.0], [571510.0, 4896830.0], [571510.0, 4896840.0], [571500.0, 4896840.0], [571500.0, 4896860.0], [571490.0, 4896860.0], [571490.0, 4896870.0], [571480.0, 4896870.0], [571480.0, 4896890.0], [571470.0, 4896890.0], [571470.0, 4896910.0], [571460.0, 4896910.0], [571460.0, 4896940.0], [571450.0, 4896940.0], [571450.0, 4896960.0], [571440.0, 4896960.0], [571440.0, 4896980.0], [571430.0, 4896980.0], [571430.0, 4897000.0], [571420.0, 4897000.0], [571420.0, 4897030.0], [571410.0, 4897030.0], [571410.0, 4897170.0], [571420.0, 4897170.0], [571420.0, 4897210.0], [571410.0, 4897210.0], [571410.0, 4897280.0], [571400.0, 4897280.0], [571400.0, 4897290.0], [571390.0, 4897290.0], [571390.0, 4897340.0], [571400.0, 4897340.0], [571400.0, 4897400.0], [571410.0, 4897400.0], [571410.0, 4897450.0], [571420.0, 4897450.0], [571420.0, 4897460.0], [571430.0, 4897460.0], [571430.0, 4897480.0], [571440.0, 4897480.0], [571440.0, 4897490.0], [571450.0, 4897490.0], [571450.0, 4897590.0], [571460.0, 4897590.0], [571460.0, 4897630.0], [571450.0, 4897630.0], [571450.0, 4897640.0], [571430.0, 4897640.0], [571430.0, 4897650.0], [571420.0, 4897650.0], [571420.0, 4897660.0], [571410.0, 4897660.0], [571410.0, 4897670.0], [571400.0, 4897670.0], [571400.0, 4897680.0], [571390.0, 4897680.0], [571390.0, 4897690.0], [571380.0, 4897690.0], [571380.0, 4897710.0], [571370.0, 4897710.0], [571370.0, 4897720.0], [571360.0, 4897720.0], [571360.0, 4897730.0], [571350.0, 4897730.0], [571350.0, 4897740.0], [571340.0, 4897740.0], [571340.0, 4897750.0], [571330.0, 4897750.0], [571330.0, 4897760.0], [571320.0, 4897760.0], [571320.0, 4897860.0], [571330.0, 4897860.0], [571330.0, 4897880.0], [571340.0, 4897880.0], [571340.0, 4897910.0], [571350.0, 4897910.0], [571350.0, 4897940.0], [571360.0, 4897940.0], [571360.0, 4898010.0], [571370.0, 4898010.0], [571370.0, 4898060.0], [571360.0, 4898060.0], [571360.0, 4898130.0], [571350.0, 4898130.0], [571350.0, 4898150.0], [571340.0, 4898150.0], [571340.0, 4898180.0], [571330.0, 4898180.0], [571330.0, 4898280.0], [571340.0, 4898280.0], [571340.0, 4898310.0], [571330.0, 4898310.0], [571330.0, 4898330.0], [571320.0, 4898330.0], [571320.0, 4898360.0], [571310.0, 4898360.0], [571310.0, 4898430.0], [571300.0, 4898430.0], [571300.0, 4898450.0], [571290.0, 4898450.0], [571290.0, 4898460.0], [571280.0, 4898460.0], [571280.0, 4898480.0], [571270.0, 4898480.0], [571270.0, 4898490.0], [571260.0, 4898490.0], [571260.0, 4898510.0], [571250.0, 4898510.0], [571250.0, 4898520.0], [571240.0, 4898520.0], [571240.0, 4898530.0], [571230.0, 4898530.0], [571230.0, 4898540.0], [571220.0, 4898540.0], [571220.0, 4898560.0], [571210.0, 4898560.0], [571210.0, 4898570.0], [571200.0, 4898570.0], [571200.0, 4898580.0], [571190.0, 4898580.0], [571190.0, 4898590.0], [571180.0, 4898590.0], [571180.0, 4898600.0], [571170.0, 4898600.0], [571170.0, 4898620.0], [571160.0, 4898620.0], [571160.0, 4898630.0], [571150.0, 4898630.0], [571150.0, 4898640.0], [571140.0, 4898640.0], [571140.0, 4898660.0], [571130.0, 4898660.0], [571130.0, 4898680.0], [571060.0, 4898680.0], [571060.0, 4898690.0], [571030.0, 4898690.0], [571030.0, 4898700.0], [571020.0, 4898700.0], [571020.0, 4898710.0], [571000.0, 4898710.0], [571000.0, 4898720.0], [570980.0, 4898720.0], [570980.0, 4898730.0], [570970.0, 4898730.0], [570970.0, 4898740.0], [570960.0, 4898740.0], [570960.0, 4898750.0], [570950.0, 4898750.0], [570950.0, 4898760.0], [570930.0, 4898760.0], [570930.0, 4898770.0], [570920.0, 4898770.0], [570920.0, 4898780.0], [570910.0, 4898780.0], [570910.0, 4898790.0], [570900.0, 4898790.0], [570900.0, 4898800.0], [570890.0, 4898800.0], [570890.0, 4898810.0], [570880.0, 4898810.0], [570880.0, 4898820.0], [570860.0, 4898820.0], [570860.0, 4898830.0], [570850.0, 4898830.0], [570850.0, 4898840.0], [570840.0, 4898840.0], [570840.0, 4898850.0], [570830.0, 4898850.0], [570830.0, 4898860.0], [570820.0, 4898860.0], [570820.0, 4898870.0], [570810.0, 4898870.0], [570810.0, 4898880.0], [570800.0, 4898880.0], [570800.0, 4898890.0], [570780.0, 4898890.0], [570780.0, 4898900.0], [570770.0, 4898900.0], [570770.0, 4898910.0], [570750.0, 4898910.0], [570750.0, 4898920.0], [570740.0, 4898920.0], [570740.0, 4898930.0], [570730.0, 4898930.0], [570730.0, 4898940.0], [570720.0, 4898940.0], [570720.0, 4898950.0], [570700.0, 4898950.0], [570700.0, 4898960.0], [570690.0, 4898960.0], [570690.0, 4898970.0], [570680.0, 4898970.0], [570680.0, 4898980.0], [570670.0, 4898980.0], [570670.0, 4898990.0], [570660.0, 4898990.0], [570660.0, 4899000.0], [570650.0, 4899000.0], [570650.0, 4899010.0], [570640.0, 4899010.0], [570640.0, 4899020.0], [570630.0, 4899020.0], [570630.0, 4899030.0], [570620.0, 4899030.0], [570620.0, 4899040.0], [570610.0, 4899040.0], [570610.0, 4899050.0], [570590.0, 4899050.0], [570590.0, 4899060.0], [570580.0, 4899060.0], [570580.0, 4899070.0], [570550.0, 4899070.0], [570550.0, 4899080.0], [570450.0, 4899080.0], [570450.0, 4899090.0], [570130.0, 4899090.0], [570130.0, 4899100.0], [570110.0, 4899100.0], [570110.0, 4899110.0], [570070.0, 4899110.0], [570070.0, 4899120.0], [569930.0, 4899120.0], [569930.0, 4899110.0], [569840.0, 4899110.0], [569840.0, 4899120.0], [569810.0, 4899120.0], [569810.0, 4899130.0], [569800.0, 4899130.0], [569800.0, 4899140.0], [569790.0, 4899140.0], [569790.0, 4899150.0], [569780.0, 4899150.0], [569780.0, 4899160.0], [569770.0, 4899160.0], [569770.0, 4899170.0], [569760.0, 4899170.0], [569760.0, 4899180.0], [569740.0, 4899180.0], [569740.0, 4899190.0], [569730.0, 4899190.0], [569730.0, 4899200.0], [569710.0, 4899200.0], [569710.0, 4899210.0], [569700.0, 4899210.0], [569700.0, 4899220.0], [569690.0, 4899220.0], [569690.0, 4899230.0], [569680.0, 4899230.0], [569680.0, 4899250.0], [569690.0, 4899250.0], [569690.0, 4899290.0], [569700.0, 4899290.0], [569700.0, 4899320.0], [569710.0, 4899320.0], [569710.0, 4899350.0], [569720.0, 4899350.0], [569720.0, 4899370.0], [569730.0, 4899370.0], [569730.0, 4899400.0], [569740.0, 4899400.0], [569740.0, 4899420.0], [569750.0, 4899420.0], [569750.0, 4899440.0], [569760.0, 4899440.0], [569760.0, 4899490.0], [569750.0, 4899490.0], [569750.0, 4899530.0], [569770.0, 4899530.0], [569770.0, 4899570.0], [569780.0, 4899570.0], [569780.0, 4899640.0], [569770.0, 4899640.0], [569770.0, 4899750.0], [569760.0, 4899750.0], [569760.0, 4899770.0], [569750.0, 4899770.0], [569750.0, 4899860.0], [569740.0, 4899860.0], [569740.0, 4899960.0], [569730.0, 4899960.0], [569730.0, 4899970.0], [569690.0, 4899970.0], [569690.0, 4899980.0], [569670.0, 4899980.0], [569670.0, 4900000.0], [569660.0, 4900000.0], [569660.0, 4900010.0], [569650.0, 4900010.0], [569650.0, 4900020.0], [569640.0, 4900020.0], [569640.0, 4900030.0], [569630.0, 4900030.0], [569630.0, 4900040.0], [569620.0, 4900040.0], [569620.0, 4900050.0], [569600.0, 4900050.0], [569600.0, 4900060.0], [569590.0, 4900060.0], [569590.0, 4900070.0], [569570.0, 4900070.0], [569570.0, 4900080.0], [569560.0, 4900080.0], [569560.0, 4900090.0], [569550.0, 4900090.0], [569550.0, 4900100.0], [569540.0, 4900100.0], [569540.0, 4900120.0], [569530.0, 4900120.0], [569530.0, 4900130.0], [569520.0, 4900130.0], [569520.0, 4900140.0], [569510.0, 4900140.0], [569510.0, 4900150.0], [569500.0, 4900150.0], [569500.0, 4900170.0], [569490.0, 4900170.0], [569490.0, 4900180.0], [569480.0, 4900180.0], [569480.0, 4900190.0], [569470.0, 4900190.0], [569470.0, 4900210.0], [569460.0, 4900210.0], [569460.0, 4900230.0], [569450.0, 4900230.0], [569450.0, 4900240.0], [569440.0, 4900240.0], [569440.0, 4900250.0], [569430.0, 4900250.0], [569430.0, 4900260.0], [569420.0, 4900260.0], [569420.0, 4900280.0], [569410.0, 4900280.0], [569410.0, 4900290.0], [569400.0, 4900290.0], [569400.0, 4900300.0], [569380.0, 4900300.0], [569380.0, 4900310.0], [569370.0, 4900310.0], [569370.0, 4900330.0], [569360.0, 4900330.0], [569360.0, 4900340.0], [569350.0, 4900340.0], [569350.0, 4900360.0], [569340.0, 4900360.0], [569340.0, 4900370.0], [569330.0, 4900370.0], [569330.0, 4900380.0], [569320.0, 4900380.0], [569320.0, 4900400.0], [569310.0, 4900400.0], [569310.0, 4900410.0], [569300.0, 4900410.0], [569300.0, 4900420.0], [569290.0, 4900420.0], [569290.0, 4900430.0], [569280.0, 4900430.0], [569280.0, 4900450.0], [569270.0, 4900450.0], [569270.0, 4900460.0], [569260.0, 4900460.0], [569260.0, 4900470.0], [569250.0, 4900470.0], [569250.0, 4900480.0], [569240.0, 4900480.0], [569240.0, 4900490.0], [569230.0, 4900490.0], [569230.0, 4900510.0], [569220.0, 4900510.0], [569220.0, 4900520.0], [569210.0, 4900520.0], [569210.0, 4900530.0], [569200.0, 4900530.0], [569200.0, 4900540.0], [569190.0, 4900540.0], [569190.0, 4900550.0], [569180.0, 4900550.0], [569180.0, 4900570.0], [569170.0, 4900570.0], [569170.0, 4900580.0], [569160.0, 4900580.0], [569160.0, 4900600.0], [569150.0, 4900600.0], [569150.0, 4900610.0], [569140.0, 4900610.0], [569140.0, 4900630.0], [569130.0, 4900630.0], [569130.0, 4900650.0], [569120.0, 4900650.0], [569120.0, 4900660.0], [569110.0, 4900660.0], [569110.0, 4900680.0], [569100.0, 4900680.0], [569100.0, 4900690.0], [569090.0, 4900690.0], [569090.0, 4900700.0], [569080.0, 4900700.0], [569080.0, 4900710.0], [569070.0, 4900710.0], [569070.0, 4900740.0], [569060.0, 4900740.0], [569060.0, 4900750.0], [569050.0, 4900750.0], [569050.0, 4900760.0], [569040.0, 4900760.0], [569040.0, 4900780.0], [569030.0, 4900780.0], [569030.0, 4900790.0], [569020.0, 4900790.0], [569020.0, 4900820.0], [569010.0, 4900820.0], [569010.0, 4900830.0], [569000.0, 4900830.0], [569000.0, 4900840.0], [568990.0, 4900840.0], [568990.0, 4900850.0], [568980.0, 4900850.0], [568980.0, 4900870.0], [568960.0, 4900870.0], [568960.0, 4900880.0], [568950.0, 4900880.0], [568950.0, 4900890.0], [568940.0, 4900890.0], [568940.0, 4900900.0], [568920.0, 4900900.0], [568920.0, 4900910.0], [568900.0, 4900910.0], [568900.0, 4900920.0], [568880.0, 4900920.0], [568880.0, 4900930.0], [568830.0, 4900930.0], [568830.0, 4900940.0], [568790.0, 4900940.0], [568790.0, 4900960.0], [568800.0, 4900960.0], [568800.0, 4900990.0], [568810.0, 4900990.0], [568810.0, 4901010.0], [568820.0, 4901010.0], [568820.0, 4901030.0], [568830.0, 4901030.0], [568830.0, 4901060.0], [568840.0, 4901060.0], [568840.0, 4901080.0], [568850.0, 4901080.0], [568850.0, 4901100.0], [568860.0, 4901100.0], [568860.0, 4901140.0], [568870.0, 4901140.0], [568870.0, 4901190.0], [568880.0, 4901190.0], [568880.0, 4901210.0], [568890.0, 4901210.0], [568890.0, 4901230.0], [568900.0, 4901230.0], [568900.0, 4901300.0], [568910.0, 4901300.0], [568910.0, 4901480.0], [568920.0, 4901480.0], [568920.0, 4901520.0], [568930.0, 4901520.0], [568930.0, 4901550.0], [568940.0, 4901550.0], [568940.0, 4901570.0], [568950.0, 4901570.0], [568950.0, 4901600.0], [568960.0, 4901600.0], [568960.0, 4901620.0], [568970.0, 4901620.0], [568970.0, 4901630.0], [568980.0, 4901630.0], [568980.0, 4901640.0], [568990.0, 4901640.0], [568990.0, 4901660.0], [569000.0, 4901660.0], [569000.0, 4901690.0], [569010.0, 4901690.0], [569010.0, 4901730.0], [569020.0, 4901730.0], [569020.0, 4901740.0], [569030.0, 4901740.0], [569030.0, 4901750.0], [569040.0, 4901750.0], [569040.0, 4901770.0], [569050.0, 4901770.0], [569050.0, 4901810.0], [569060.0, 4901810.0], [569060.0, 4901830.0], [569070.0, 4901830.0], [569070.0, 4901850.0], [569080.0, 4901850.0], [569080.0, 4901870.0], [569090.0, 4901870.0], [569090.0, 4901890.0], [569100.0, 4901890.0], [569100.0, 4901900.0], [569110.0, 4901900.0], [569110.0, 4901910.0], [569120.0, 4901910.0], [569120.0, 4901930.0], [569130.0, 4901930.0], [569130.0, 4901940.0], [569140.0, 4901940.0], [569140.0, 4901960.0], [569150.0, 4901960.0], [569150.0, 4901980.0], [569160.0, 4901980.0], [569160.0, 4902000.0], [569170.0, 4902000.0], [569170.0, 4902010.0], [569180.0, 4902010.0], [569180.0, 4902030.0], [569190.0, 4902030.0], [569190.0, 4902040.0], [569200.0, 4902040.0], [569200.0, 4902060.0], [569210.0, 4902060.0], [569210.0, 4902080.0], [569220.0, 4902080.0], [569220.0, 4902090.0], [569230.0, 4902090.0], [569230.0, 4902110.0], [569240.0, 4902110.0], [569240.0, 4902150.0], [569230.0, 4902150.0], [569230.0, 4902180.0], [569220.0, 4902180.0], [569220.0, 4902260.0], [569210.0, 4902260.0], [569210.0, 4902280.0], [569220.0, 4902280.0], [569220.0, 4902320.0], [569210.0, 4902320.0], [569210.0, 4902340.0], [569200.0, 4902340.0], [569200.0, 4902360.0], [569190.0, 4902360.0], [569190.0, 4902390.0], [569180.0, 4902390.0], [569180.0, 4902410.0], [569170.0, 4902410.0], [569170.0, 4902440.0], [569160.0, 4902440.0], [569160.0, 4902470.0], [569150.0, 4902470.0], [569150.0, 4902620.0], [569140.0, 4902620.0], [569140.0, 4902640.0], [569130.0, 4902640.0], [569130.0, 4902670.0], [569120.0, 4902670.0], [569120.0, 4902690.0], [569110.0, 4902690.0], [569110.0, 4902720.0], [569100.0, 4902720.0], [569100.0, 4902740.0], [569090.0, 4902740.0], [569090.0, 4902760.0], [569080.0, 4902760.0], [569080.0, 4902780.0], [569070.0, 4902780.0], [569070.0, 4902790.0], [569060.0, 4902790.0], [569060.0, 4902800.0], [569050.0, 4902800.0], [569050.0, 4902820.0], [569040.0, 4902820.0], [569040.0, 4902830.0], [569030.0, 4902830.0], [569030.0, 4902850.0], [569020.0, 4902850.0], [569020.0, 4902870.0], [569010.0, 4902870.0], [569010.0, 4902890.0], [569000.0, 4902890.0], [569000.0, 4902900.0], [568990.0, 4902900.0], [568990.0, 4902920.0], [568980.0, 4902920.0], [568980.0, 4902930.0], [568970.0, 4902930.0], [568970.0, 4902940.0], [568960.0, 4902940.0], [568960.0, 4902960.0], [568950.0, 4902960.0], [568950.0, 4902970.0], [568940.0, 4902970.0], [568940.0, 4902980.0], [568930.0, 4902980.0], [568930.0, 4902990.0], [568910.0, 4902990.0], [568910.0, 4903000.0], [568900.0, 4903000.0], [568900.0, 4903040.0], [568890.0, 4903040.0], [568890.0, 4903050.0], [568880.0, 4903050.0], [568880.0, 4903060.0], [568870.0, 4903060.0], [568870.0, 4903070.0], [568860.0, 4903070.0], [568860.0, 4903080.0], [568850.0, 4903080.0], [568850.0, 4903090.0], [568840.0, 4903090.0], [568840.0, 4903100.0], [568830.0, 4903100.0], [568830.0, 4903110.0], [568820.0, 4903110.0], [568820.0, 4903120.0], [568800.0, 4903120.0], [568800.0, 4903130.0], [568790.0, 4903130.0], [568790.0, 4903140.0], [568780.0, 4903140.0], [568780.0, 4903150.0], [568770.0, 4903150.0], [568770.0, 4903160.0], [568750.0, 4903160.0], [568750.0, 4903170.0], [568730.0, 4903170.0], [568730.0, 4903180.0], [568710.0, 4903180.0], [568710.0, 4903190.0], [568700.0, 4903190.0], [568700.0, 4903200.0], [568690.0, 4903200.0], [568690.0, 4903210.0], [568680.0, 4903210.0], [568680.0, 4903220.0], [568670.0, 4903220.0], [568670.0, 4903230.0], [568660.0, 4903230.0], [568660.0, 4903240.0], [568650.0, 4903240.0], [568650.0, 4903250.0], [568640.0, 4903250.0], [568640.0, 4903260.0], [568630.0, 4903260.0], [568630.0, 4903270.0], [568620.0, 4903270.0], [568620.0, 4903280.0], [568610.0, 4903280.0], [568610.0, 4903290.0], [568600.0, 4903290.0], [568600.0, 4903300.0], [568580.0, 4903300.0], [568580.0, 4903310.0], [568570.0, 4903310.0], [568570.0, 4903320.0], [568560.0, 4903320.0], [568560.0, 4903330.0], [568550.0, 4903330.0], [568550.0, 4903340.0], [568540.0, 4903340.0], [568540.0, 4903350.0], [568530.0, 4903350.0], [568530.0, 4903360.0], [568520.0, 4903360.0], [568520.0, 4903380.0], [568510.0, 4903380.0], [568510.0, 4903400.0], [568500.0, 4903400.0], [568500.0, 4903410.0], [568490.0, 4903410.0], [568490.0, 4903420.0], [568480.0, 4903420.0], [568480.0, 4903430.0], [568470.0, 4903430.0], [568470.0, 4903440.0], [568460.0, 4903440.0], [568460.0, 4903450.0], [568450.0, 4903450.0], [568450.0, 4903460.0], [568440.0, 4903460.0], [568440.0, 4903470.0], [568320.0, 4903470.0]]]}, "properties": {"site_code": "163", "dem_area_ha": 6171.99, "routing_qc_pass": true}}, {"type": "Feature", "geometry": {"type": "Polygon", "coordinates": [[[564520.0, 4900470.0], [564520.0, 4900460.0], [564530.0, 4900460.0], [564530.0, 4900470.0], [564520.0, 4900470.0]]]}, "properties": {"site_code": "165", "dem_area_ha": 5.31, "routing_qc_pass": false}}, {"type": "Feature", "geometry": {"type": "Polygon", "coordinates": [[[564530.0, 4900460.0], [564530.0, 4900450.0], [564540.0, 4900450.0], [564540.0, 4900460.0], [564530.0, 4900460.0]]]}, "properties": {"site_code": "165", "dem_area_ha": 5.31, "routing_qc_pass": false}}, {"type": "Feature", "geometry": {"type": "Polygon", "coordinates": [[[564540.0, 4900450.0], [564540.0, 4900380.0], [564530.0, 4900380.0], [564530.0, 4900370.0], [564520.0, 4900370.0], [564520.0, 4900340.0], [564510.0, 4900340.0], [564510.0, 4900320.0], [564500.0, 4900320.0], [564500.0, 4900310.0], [564510.0, 4900310.0], [564510.0, 4900300.0], [564520.0, 4900300.0], [564520.0, 4900290.0], [564530.0, 4900290.0], [564530.0, 4900280.0], [564540.0, 4900280.0], [564540.0, 4900270.0], [564550.0, 4900270.0], [564550.0, 4900260.0], [564560.0, 4900260.0], [564560.0, 4900250.0], [564570.0, 4900250.0], [564570.0, 4900240.0], [564580.0, 4900240.0], [564580.0, 4900210.0], [564590.0, 4900210.0], [564590.0, 4900160.0], [564600.0, 4900160.0], [564600.0, 4900150.0], [564670.0, 4900150.0], [564670.0, 4900140.0], [564680.0, 4900140.0], [564680.0, 4900130.0], [564710.0, 4900130.0], [564710.0, 4900120.0], [564730.0, 4900120.0], [564730.0, 4900130.0], [564740.0, 4900130.0], [564740.0, 4900140.0], [564780.0, 4900140.0], [564780.0, 4900130.0], [564790.0, 4900130.0], [564790.0, 4900170.0], [564780.0, 4900170.0], [564780.0, 4900260.0], [564740.0, 4900260.0], [564740.0, 4900280.0], [564730.0, 4900280.0], [564730.0, 4900320.0], [564720.0, 4900320.0], [564720.0, 4900340.0], [564710.0, 4900340.0], [564710.0, 4900350.0], [564700.0, 4900350.0], [564700.0, 4900360.0], [564690.0, 4900360.0], [564690.0, 4900370.0], [564680.0, 4900370.0], [564680.0, 4900380.0], [564660.0, 4900380.0], [564660.0, 4900390.0], [564650.0, 4900390.0], [564650.0, 4900400.0], [564630.0, 4900400.0], [564630.0, 4900410.0], [564610.0, 4900410.0], [564610.0, 4900420.0], [564600.0, 4900420.0], [564600.0, 4900430.0], [564590.0, 4900430.0], [564590.0, 4900440.0], [564580.0, 4900440.0], [564580.0, 4900450.0], [564540.0, 4900450.0]]]}, "properties": {"site_code": "165", "dem_area_ha": 5.31, "routing_qc_pass": false}}, {"type": "Feature", "geometry": {"type": "Polygon", "coordinates": [[[568780.0, 4900950.0], [568780.0, 4900940.0], [568760.0, 4900940.0], [568760.0, 4900930.0], [568730.0, 4900930.0], [568730.0, 4900920.0], [568710.0, 4900920.0], [568710.0, 4900910.0], [568690.0, 4900910.0], [568690.0, 4900900.0], [568680.0, 4900900.0], [568680.0, 4900890.0], [568670.0, 4900890.0], [568670.0, 4900880.0], [568660.0, 4900880.0], [568660.0, 4900860.0], [568650.0, 4900860.0], [568650.0, 4900820.0], [568640.0, 4900820.0], [568640.0, 4900810.0], [568630.0, 4900810.0], [568630.0, 4900790.0], [568620.0, 4900790.0], [568620.0, 4900780.0], [568610.0, 4900780.0], [568610.0, 4900770.0], [568600.0, 4900770.0], [568600.0, 4900760.0], [568590.0, 4900760.0], [568590.0, 4900750.0], [568580.0, 4900750.0], [568580.0, 4900740.0], [568570.0, 4900740.0], [568570.0, 4900730.0], [568560.0, 4900730.0], [568560.0, 4900710.0], [568550.0, 4900710.0], [568550.0, 4900700.0], [568520.0, 4900700.0], [568520.0, 4900690.0], [568500.0, 4900690.0], [568500.0, 4900680.0], [568490.0, 4900680.0], [568490.0, 4900660.0], [568480.0, 4900660.0], [568480.0, 4900650.0], [568470.0, 4900650.0], [568470.0, 4900640.0], [568460.0, 4900640.0], [568460.0, 4900630.0], [568450.0, 4900630.0], [568450.0, 4900620.0], [568440.0, 4900620.0], [568440.0, 4900610.0], [568430.0, 4900610.0], [568430.0, 4900570.0], [568420.0, 4900570.0], [568420.0, 4900560.0], [568410.0, 4900560.0], [568410.0, 4900550.0], [568400.0, 4900550.0], [568400.0, 4900540.0], [568390.0, 4900540.0], [568390.0, 4900530.0], [568380.0, 4900530.0], [568380.0, 4900520.0], [568370.0, 4900520.0], [568370.0, 4900510.0], [568350.0, 4900510.0], [568350.0, 4900500.0], [568300.0, 4900500.0], [568300.0, 4900490.0], [568290.0, 4900490.0], [568290.0, 4900480.0], [568280.0, 4900480.0], [568280.0, 4900470.0], [568270.0, 4900470.0], [568270.0, 4900460.0], [568280.0, 4900460.0], [568280.0, 4900450.0], [568290.0, 4900450.0], [568290.0, 4900440.0], [568300.0, 4900440.0], [568300.0, 4900430.0], [568310.0, 4900430.0], [568310.0, 4900420.0], [568320.0, 4900420.0], [568320.0, 4900410.0], [568330.0, 4900410.0], [568330.0, 4900400.0], [568340.0, 4900400.0], [568340.0, 4900360.0], [568350.0, 4900360.0], [568350.0, 4900300.0], [568340.0, 4900300.0], [568340.0, 4900260.0], [568350.0, 4900260.0], [568350.0, 4900230.0], [568360.0, 4900230.0], [568360.0, 4900220.0], [568410.0, 4900220.0], [568410.0, 4900200.0], [568400.0, 4900200.0], [568400.0, 4900180.0], [568410.0, 4900180.0], [568410.0, 4900140.0], [568400.0, 4900140.0], [568400.0, 4900090.0], [568390.0, 4900090.0], [568390.0, 4900060.0], [568400.0, 4900060.0], [568400.0, 4900030.0], [568390.0, 4900030.0], [568390.0, 4900000.0], [568380.0, 4900000.0], [568380.0, 4899990.0], [568370.0, 4899990.0], [568370.0, 4899980.0], [568360.0, 4899980.0], [568360.0, 4899970.0], [568340.0, 4899970.0], [568340.0, 4899960.0], [568320.0, 4899960.0], [568320.0, 4899950.0], [568310.0, 4899950.0], [568310.0, 4899940.0], [568300.0, 4899940.0], [568300.0, 4899930.0], [568290.0, 4899930.0], [568290.0, 4899850.0], [568280.0, 4899850.0], [568280.0, 4899840.0], [568270.0, 4899840.0], [568270.0, 4899830.0], [568260.0, 4899830.0], [568260.0, 4899820.0], [568250.0, 4899820.0], [568250.0, 4899810.0], [568240.0, 4899810.0], [568240.0, 4899800.0], [568230.0, 4899800.0], [568230.0, 4899790.0], [568220.0, 4899790.0], [568220.0, 4899780.0], [568210.0, 4899780.0], [568210.0, 4899770.0], [568200.0, 4899770.0], [568200.0, 4899760.0], [568190.0, 4899760.0], [568190.0, 4899750.0], [568180.0, 4899750.0], [568180.0, 4899740.0], [568170.0, 4899740.0], [568170.0, 4899720.0], [568160.0, 4899720.0], [568160.0, 4899690.0], [568150.0, 4899690.0], [568150.0, 4899660.0], [568140.0, 4899660.0], [568140.0, 4899650.0], [568130.0, 4899650.0], [568130.0, 4899640.0], [568120.0, 4899640.0], [568120.0, 4899630.0], [568110.0, 4899630.0], [568110.0, 4899610.0], [568100.0, 4899610.0], [568100.0, 4899520.0], [568080.0, 4899520.0], [568080.0, 4899500.0], [568070.0, 4899500.0], [568070.0, 4899480.0], [568060.0, 4899480.0], [568060.0, 4899470.0], [568050.0, 4899470.0], [568050.0, 4899460.0], [568040.0, 4899460.0], [568040.0, 4899450.0], [568030.0, 4899450.0], [568030.0, 4899280.0], [568010.0, 4899280.0], [568010.0, 4899270.0], [567990.0, 4899270.0], [567990.0, 4899260.0], [567970.0, 4899260.0], [567970.0, 4899270.0], [567940.0, 4899270.0], [567940.0, 4899280.0], [567930.0, 4899280.0], [567930.0, 4899270.0], [567920.0, 4899270.0], [567920.0, 4899260.0], [567910.0, 4899260.0], [567910.0, 4899250.0], [567900.0, 4899250.0], [567900.0, 4899240.0], [567890.0, 4899240.0], [567890.0, 4899230.0], [567880.0, 4899230.0], [567880.0, 4899220.0], [567870.0, 4899220.0], [567870.0, 4899210.0], [567860.0, 4899210.0], [567860.0, 4899200.0], [567850.0, 4899200.0], [567850.0, 4899190.0], [567840.0, 4899190.0], [567840.0, 4899160.0], [567780.0, 4899160.0], [567780.0, 4899130.0], [567770.0, 4899130.0], [567770.0, 4899060.0], [567780.0, 4899060.0], [567780.0, 4899010.0], [567770.0, 4899010.0], [567770.0, 4898960.0], [567760.0, 4898960.0], [567760.0, 4898940.0], [567750.0, 4898940.0], [567750.0, 4898880.0], [567760.0, 4898880.0], [567760.0, 4898870.0], [567770.0, 4898870.0], [567770.0, 4898850.0], [567780.0, 4898850.0], [567780.0, 4898800.0], [567830.0, 4898800.0], [567830.0, 4898790.0], [567870.0, 4898790.0], [567870.0, 4898780.0], [567920.0, 4898780.0], [567920.0, 4898770.0], [567940.0, 4898770.0], [567940.0, 4898760.0], [567950.0, 4898760.0], [567950.0, 4898710.0], [567960.0, 4898710.0], [567960.0, 4898680.0], [567970.0, 4898680.0], [567970.0, 4898670.0], [567980.0, 4898670.0], [567980.0, 4898660.0], [567990.0, 4898660.0], [567990.0, 4898650.0], [568000.0, 4898650.0], [568000.0, 4898560.0], [568010.0, 4898560.0], [568010.0, 4898540.0], [568020.0, 4898540.0], [568020.0, 4898530.0], [568010.0, 4898530.0], [568010.0, 4898510.0], [568000.0, 4898510.0], [568000.0, 4898470.0], [567990.0, 4898470.0], [567990.0, 4898450.0], [567980.0, 4898450.0], [567980.0, 4898430.0], [567990.0, 4898430.0], [567990.0, 4898410.0], [568000.0, 4898410.0], [568000.0, 4898400.0], [568010.0, 4898400.0], [568010.0, 4898390.0], [568020.0, 4898390.0], [568020.0, 4898370.0], [568030.0, 4898370.0], [568030.0, 4898350.0], [568040.0, 4898350.0], [568040.0, 4898300.0], [568050.0, 4898300.0], [568050.0, 4898280.0], [568060.0, 4898280.0], [568060.0, 4898210.0], [568070.0, 4898210.0], [568070.0, 4898200.0], [568080.0, 4898200.0], [568080.0, 4898210.0], [568100.0, 4898210.0], [568100.0, 4898200.0], [568140.0, 4898200.0], [568140.0, 4898210.0], [568150.0, 4898210.0], [568150.0, 4898220.0], [568160.0, 4898220.0], [568160.0, 4898230.0], [568170.0, 4898230.0], [568170.0, 4898240.0], [568190.0, 4898240.0], [568190.0, 4898250.0], [568210.0, 4898250.0], [568210.0, 4898260.0], [568230.0, 4898260.0], [568230.0, 4898270.0], [568240.0, 4898270.0], [568240.0, 4898280.0], [568250.0, 4898280.0], [568250.0, 4898290.0], [568270.0, 4898290.0], [568270.0, 4898300.0], [568280.0, 4898300.0], [568280.0, 4898310.0], [568290.0, 4898310.0], [568290.0, 4898350.0], [568300.0, 4898350.0], [568300.0, 4898390.0], [568310.0, 4898390.0], [568310.0, 4898400.0], [568340.0, 4898400.0], [568340.0, 4898410.0], [568350.0, 4898410.0], [568350.0, 4898420.0], [568360.0, 4898420.0], [568360.0, 4898430.0], [568390.0, 4898430.0], [568390.0, 4898440.0], [568400.0, 4898440.0], [568400.0, 4898450.0], [568410.0, 4898450.0], [568410.0, 4898460.0], [568420.0, 4898460.0], [568420.0, 4898490.0], [568430.0, 4898490.0], [568430.0, 4898500.0], [568440.0, 4898500.0], [568440.0, 4898520.0], [568450.0, 4898520.0], [568450.0, 4898540.0], [568460.0, 4898540.0], [568460.0, 4898560.0], [568470.0, 4898560.0], [568470.0, 4898690.0], [568480.0, 4898690.0], [568480.0, 4898710.0], [568490.0, 4898710.0], [568490.0, 4898730.0], [568500.0, 4898730.0], [568500.0, 4898760.0], [568510.0, 4898760.0], [568510.0, 4898830.0], [568520.0, 4898830.0], [568520.0, 4898860.0], [568530.0, 4898860.0], [568530.0, 4898880.0], [568540.0, 4898880.0], [568540.0, 4898890.0], [568550.0, 4898890.0], [568550.0, 4898900.0], [568570.0, 4898900.0], [568570.0, 4898910.0], [568580.0, 4898910.0], [568580.0, 4898930.0], [568590.0, 4898930.0], [568590.0, 4898950.0], [568600.0, 4898950.0], [568600.0, 4898960.0], [568610.0, 4898960.0], [568610.0, 4898970.0], [568630.0, 4898970.0], [568630.0, 4898980.0], [568640.0, 4898980.0], [568640.0, 4898990.0], [568670.0, 4898990.0], [568670.0, 4899000.0], [568680.0, 4899000.0], [568680.0, 4899010.0], [568700.0, 4899010.0], [568700.0, 4899020.0], [568740.0, 4899020.0], [568740.0, 4899030.0], [568760.0, 4899030.0], [568760.0, 4899040.0], [568780.0, 4899040.0], [568780.0, 4899050.0], [568790.0, 4899050.0], [568790.0, 4899060.0], [568800.0, 4899060.0], [568800.0, 4899070.0], [568860.0, 4899070.0], [568860.0, 4899080.0], [568880.0, 4899080.0], [568880.0, 4899090.0], [568900.0, 4899090.0], [568900.0, 4899100.0], [568910.0, 4899100.0], [568910.0, 4899110.0], [568930.0, 4899110.0], [568930.0, 4899120.0], [569020.0, 4899120.0], [569020.0, 4899110.0], [569050.0, 4899110.0], [569050.0, 4899120.0], [569060.0, 4899120.0], [569060.0, 4899130.0], [569080.0, 4899130.0], [569080.0, 4899140.0], [569110.0, 4899140.0], [569110.0, 4899150.0], [569130.0, 4899150.0], [569130.0, 4899160.0], [569170.0, 4899160.0], [569170.0, 4899170.0], [569250.0, 4899170.0], [569250.0, 4899180.0], [569270.0, 4899180.0], [569270.0, 4899190.0], [569290.0, 4899190.0], [569290.0, 4899200.0], [569310.0, 4899200.0], [569310.0, 4899210.0], [569340.0, 4899210.0], [569340.0, 4899220.0], [569360.0, 4899220.0], [569360.0, 4899230.0], [569390.0, 4899230.0], [569390.0, 4899240.0], [569410.0, 4899240.0], [569410.0, 4899250.0], [569430.0, 4899250.0], [569430.0, 4899260.0], [569540.0, 4899260.0], [569540.0, 4899250.0], [569570.0, 4899250.0], [569570.0, 4899240.0], [569660.0, 4899240.0], [569660.0, 4899230.0], [569670.0, 4899230.0], [569670.0, 4899240.0], [569680.0, 4899240.0], [569680.0, 4899250.0], [569690.0, 4899250.0], [569690.0, 4899290.0], [569700.0, 4899290.0], [569700.0, 4899320.0], [569710.0, 4899320.0], [569710.0, 4899350.0], [569720.0, 4899350.0], [569720.0, 4899370.0], [569730.0, 4899370.0], [569730.0, 4899400.0], [569740.0, 4899400.0], [569740.0, 4899420.0], [569750.0, 4899420.0], [569750.0, 4899440.0], [569760.0, 4899440.0], [569760.0, 4899490.0], [569750.0, 4899490.0], [569750.0, 4899530.0], [569770.0, 4899530.0], [569770.0, 4899570.0], [569780.0, 4899570.0], [569780.0, 4899640.0], [569770.0, 4899640.0], [569770.0, 4899750.0], [569760.0, 4899750.0], [569760.0, 4899770.0], [569750.0, 4899770.0], [569750.0, 4899860.0], [569740.0, 4899860.0], [569740.0, 4899960.0], [569730.0, 4899960.0], [569730.0, 4899970.0], [569690.0, 4899970.0], [569690.0, 4899980.0], [569670.0, 4899980.0], [569670.0, 4900000.0], [569660.0, 4900000.0], [569660.0, 4900010.0], [569650.0, 4900010.0], [569650.0, 4900020.0], [569640.0, 4900020.0], [569640.0, 4900030.0], [569630.0, 4900030.0], [569630.0, 4900040.0], [569620.0, 4900040.0], [569620.0, 4900050.0], [569600.0, 4900050.0], [569600.0, 4900060.0], [569590.0, 4900060.0], [569590.0, 4900070.0], [569570.0, 4900070.0], [569570.0, 4900080.0], [569560.0, 4900080.0], [569560.0, 4900090.0], [569550.0, 4900090.0], [569550.0, 4900100.0], [569540.0, 4900100.0], [569540.0, 4900120.0], [569530.0, 4900120.0], [569530.0, 4900130.0], [569520.0, 4900130.0], [569520.0, 4900140.0], [569510.0, 4900140.0], [569510.0, 4900150.0], [569500.0, 4900150.0], [569500.0, 4900170.0], [569490.0, 4900170.0], [569490.0, 4900180.0], [569480.0, 4900180.0], [569480.0, 4900190.0], [569470.0, 4900190.0], [569470.0, 4900210.0], [569460.0, 4900210.0], [569460.0, 4900230.0], [569450.0, 4900230.0], [569450.0, 4900240.0], [569440.0, 4900240.0], [569440.0, 4900250.0], [569430.0, 4900250.0], [569430.0, 4900260.0], [569420.0, 4900260.0], [569420.0, 4900280.0], [569410.0, 4900280.0], [569410.0, 4900290.0], [569400.0, 4900290.0], [569400.0, 4900300.0], [569380.0, 4900300.0], [569380.0, 4900310.0], [569370.0, 4900310.0], [569370.0, 4900330.0], [569360.0, 4900330.0], [569360.0, 4900340.0], [569350.0, 4900340.0], [569350.0, 4900360.0], [569340.0, 4900360.0], [569340.0, 4900370.0], [569330.0, 4900370.0], [569330.0, 4900380.0], [569320.0, 4900380.0], [569320.0, 4900400.0], [569310.0, 4900400.0], [569310.0, 4900410.0], [569300.0, 4900410.0], [569300.0, 4900420.0], [569290.0, 4900420.0], [569290.0, 4900430.0], [569280.0, 4900430.0], [569280.0, 4900450.0], [569270.0, 4900450.0], [569270.0, 4900460.0], [569260.0, 4900460.0], [569260.0, 4900470.0], [569250.0, 4900470.0], [569250.0, 4900480.0], [569240.0, 4900480.0], [569240.0, 4900490.0], [569230.0, 4900490.0], [569230.0, 4900510.0], [569220.0, 4900510.0], [569220.0, 4900520.0], [569210.0, 4900520.0], [569210.0, 4900530.0], [569200.0, 4900530.0], [569200.0, 4900540.0], [569190.0, 4900540.0], [569190.0, 4900550.0], [569180.0, 4900550.0], [569180.0, 4900570.0], [569170.0, 4900570.0], [569170.0, 4900580.0], [569160.0, 4900580.0], [569160.0, 4900600.0], [569150.0, 4900600.0], [569150.0, 4900610.0], [569140.0, 4900610.0], [569140.0, 4900630.0], [569130.0, 4900630.0], [569130.0, 4900650.0], [569120.0, 4900650.0], [569120.0, 4900660.0], [569110.0, 4900660.0], [569110.0, 4900680.0], [569100.0, 4900680.0], [569100.0, 4900690.0], [569090.0, 4900690.0], [569090.0, 4900700.0], [569080.0, 4900700.0], [569080.0, 4900710.0], [569070.0, 4900710.0], [569070.0, 4900740.0], [569060.0, 4900740.0], [569060.0, 4900750.0], [569050.0, 4900750.0], [569050.0, 4900760.0], [569040.0, 4900760.0], [569040.0, 4900780.0], [569030.0, 4900780.0], [569030.0, 4900790.0], [569020.0, 4900790.0], [569020.0, 4900820.0], [569010.0, 4900820.0], [569010.0, 4900830.0], [569000.0, 4900830.0], [569000.0, 4900840.0], [568990.0, 4900840.0], [568990.0, 4900850.0], [568980.0, 4900850.0], [568980.0, 4900870.0], [568960.0, 4900870.0], [568960.0, 4900880.0], [568950.0, 4900880.0], [568950.0, 4900890.0], [568940.0, 4900890.0], [568940.0, 4900900.0], [568920.0, 4900900.0], [568920.0, 4900910.0], [568900.0, 4900910.0], [568900.0, 4900920.0], [568880.0, 4900920.0], [568880.0, 4900930.0], [568830.0, 4900930.0], [568830.0, 4900940.0], [568790.0, 4900940.0], [568790.0, 4900950.0], [568780.0, 4900950.0]]]}, "properties": {"site_code": "53", "dem_area_ha": 266.66, "routing_qc_pass": true}}, {"type": "Feature", "geometry": {"type": "Polygon", "coordinates": [[[569590.0, 4894920.0], [569590.0, 4894910.0], [569600.0, 4894910.0], [569600.0, 4894920.0], [569590.0, 4894920.0]]]}, "properties": {"site_code": "66", "dem_area_ha": 1362.42, "routing_qc_pass": true}}, {"type": "Feature", "geometry": {"type": "Polygon", "coordinates": [[[568780.0, 4900950.0], [568780.0, 4900940.0], [568760.0, 4900940.0], [568760.0, 4900930.0], [568730.0, 4900930.0], [568730.0, 4900920.0], [568710.0, 4900920.0], [568710.0, 4900910.0], [568690.0, 4900910.0], [568690.0, 4900900.0], [568680.0, 4900900.0], [568680.0, 4900890.0], [568670.0, 4900890.0], [568670.0, 4900880.0], [568660.0, 4900880.0], [568660.0, 4900860.0], [568650.0, 4900860.0], [568650.0, 4900820.0], [568640.0, 4900820.0], [568640.0, 4900810.0], [568630.0, 4900810.0], [568630.0, 4900790.0], [568620.0, 4900790.0], [568620.0, 4900780.0], [568610.0, 4900780.0], [568610.0, 4900770.0], [568600.0, 4900770.0], [568600.0, 4900760.0], [568590.0, 4900760.0], [568590.0, 4900750.0], [568580.0, 4900750.0], [568580.0, 4900740.0], [568570.0, 4900740.0], [568570.0, 4900730.0], [568560.0, 4900730.0], [568560.0, 4900710.0], [568550.0, 4900710.0], [568550.0, 4900700.0], [568520.0, 4900700.0], [568520.0, 4900690.0], [568500.0, 4900690.0], [568500.0, 4900680.0], [568490.0, 4900680.0], [568490.0, 4900660.0], [568480.0, 4900660.0], [568480.0, 4900650.0], [568470.0, 4900650.0], [568470.0, 4900640.0], [568460.0, 4900640.0], [568460.0, 4900630.0], [568450.0, 4900630.0], [568450.0, 4900620.0], [568440.0, 4900620.0], [568440.0, 4900610.0], [568430.0, 4900610.0], [568430.0, 4900570.0], [568420.0, 4900570.0], [568420.0, 4900560.0], [568410.0, 4900560.0], [568410.0, 4900550.0], [568400.0, 4900550.0], [568400.0, 4900540.0], [568390.0, 4900540.0], [568390.0, 4900530.0], [568380.0, 4900530.0], [568380.0, 4900520.0], [568370.0, 4900520.0], [568370.0, 4900510.0], [568350.0, 4900510.0], [568350.0, 4900500.0], [568300.0, 4900500.0], [568300.0, 4900490.0], [568290.0, 4900490.0], [568290.0, 4900480.0], [568280.0, 4900480.0], [568280.0, 4900470.0], [568270.0, 4900470.0], [568270.0, 4900460.0], [568280.0, 4900460.0], [568280.0, 4900450.0], [568290.0, 4900450.0], [568290.0, 4900440.0], [568300.0, 4900440.0], [568300.0, 4900430.0], [568310.0, 4900430.0], [568310.0, 4900420.0], [568320.0, 4900420.0], [568320.0, 4900410.0], [568330.0, 4900410.0], [568330.0, 4900400.0], [568340.0, 4900400.0], [568340.0, 4900360.0], [568350.0, 4900360.0], [568350.0, 4900300.0], [568340.0, 4900300.0], [568340.0, 4900260.0], [568350.0, 4900260.0], [568350.0, 4900230.0], [568360.0, 4900230.0], [568360.0, 4900220.0], [568410.0, 4900220.0], [568410.0, 4900200.0], [568400.0, 4900200.0], [568400.0, 4900180.0], [568410.0, 4900180.0], [568410.0, 4900140.0], [568400.0, 4900140.0], [568400.0, 4900090.0], [568390.0, 4900090.0], [568390.0, 4900060.0], [568400.0, 4900060.0], [568400.0, 4900030.0], [568390.0, 4900030.0], [568390.0, 4900000.0], [568380.0, 4900000.0], [568380.0, 4899990.0], [568370.0, 4899990.0], [568370.0, 4899980.0], [568360.0, 4899980.0], [568360.0, 4899970.0], [568340.0, 4899970.0], [568340.0, 4899960.0], [568320.0, 4899960.0], [568320.0, 4899950.0], [568310.0, 4899950.0], [568310.0, 4899940.0], [568300.0, 4899940.0], [568300.0, 4899930.0], [568290.0, 4899930.0], [568290.0, 4899850.0], [568280.0, 4899850.0], [568280.0, 4899840.0], [568270.0, 4899840.0], [568270.0, 4899830.0], [568260.0, 4899830.0], [568260.0, 4899820.0], [568250.0, 4899820.0], [568250.0, 4899810.0], [568240.0, 4899810.0], [568240.0, 4899800.0], [568230.0, 4899800.0], [568230.0, 4899790.0], [568220.0, 4899790.0], [568220.0, 4899780.0], [568210.0, 4899780.0], [568210.0, 4899770.0], [568200.0, 4899770.0], [568200.0, 4899760.0], [568190.0, 4899760.0], [568190.0, 4899750.0], [568180.0, 4899750.0], [568180.0, 4899740.0], [568170.0, 4899740.0], [568170.0, 4899720.0], [568160.0, 4899720.0], [568160.0, 4899690.0], [568150.0, 4899690.0], [568150.0, 4899660.0], [568140.0, 4899660.0], [568140.0, 4899650.0], [568130.0, 4899650.0], [568130.0, 4899640.0], [568120.0, 4899640.0], [568120.0, 4899630.0], [568110.0, 4899630.0], [568110.0, 4899610.0], [568100.0, 4899610.0], [568100.0, 4899520.0], [568080.0, 4899520.0], [568080.0, 4899500.0], [568070.0, 4899500.0], [568070.0, 4899480.0], [568060.0, 4899480.0], [568060.0, 4899470.0], [568050.0, 4899470.0], [568050.0, 4899460.0], [568040.0, 4899460.0], [568040.0, 4899450.0], [568030.0, 4899450.0], [568030.0, 4899280.0], [568010.0, 4899280.0], [568010.0, 4899270.0], [567990.0, 4899270.0], [567990.0, 4899260.0], [567970.0, 4899260.0], [567970.0, 4899270.0], [567940.0, 4899270.0], [567940.0, 4899280.0], [567930.0, 4899280.0], [567930.0, 4899270.0], [567920.0, 4899270.0], [567920.0, 4899260.0], [567910.0, 4899260.0], [567910.0, 4899250.0], [567900.0, 4899250.0], [567900.0, 4899240.0], [567890.0, 4899240.0], [567890.0, 4899230.0], [567880.0, 4899230.0], [567880.0, 4899220.0], [567870.0, 4899220.0], [567870.0, 4899210.0], [567860.0, 4899210.0], [567860.0, 4899200.0], [567850.0, 4899200.0], [567850.0, 4899190.0], [567840.0, 4899190.0], [567840.0, 4899160.0], [567780.0, 4899160.0], [567780.0, 4899130.0], [567770.0, 4899130.0], [567770.0, 4899060.0], [567780.0, 4899060.0], [567780.0, 4899010.0], [567770.0, 4899010.0], [567770.0, 4898960.0], [567760.0, 4898960.0], [567760.0, 4898940.0], [567750.0, 4898940.0], [567750.0, 4898880.0], [567760.0, 4898880.0], [567760.0, 4898870.0], [567770.0, 4898870.0], [567770.0, 4898850.0], [567780.0, 4898850.0], [567780.0, 4898800.0], [567830.0, 4898800.0], [567830.0, 4898790.0], [567870.0, 4898790.0], [567870.0, 4898780.0], [567920.0, 4898780.0], [567920.0, 4898770.0], [567940.0, 4898770.0], [567940.0, 4898760.0], [567950.0, 4898760.0], [567950.0, 4898710.0], [567960.0, 4898710.0], [567960.0, 4898680.0], [567970.0, 4898680.0], [567970.0, 4898670.0], [567980.0, 4898670.0], [567980.0, 4898660.0], [567990.0, 4898660.0], [567990.0, 4898650.0], [568000.0, 4898650.0], [568000.0, 4898560.0], [568010.0, 4898560.0], [568010.0, 4898540.0], [568020.0, 4898540.0], [568020.0, 4898530.0], [568010.0, 4898530.0], [568010.0, 4898510.0], [568000.0, 4898510.0], [568000.0, 4898470.0], [567990.0, 4898470.0], [567990.0, 4898450.0], [567980.0, 4898450.0], [567980.0, 4898430.0], [567990.0, 4898430.0], [567990.0, 4898410.0], [568000.0, 4898410.0], [568000.0, 4898400.0], [568010.0, 4898400.0], [568010.0, 4898390.0], [568020.0, 4898390.0], [568020.0, 4898370.0], [568030.0, 4898370.0], [568030.0, 4898350.0], [568040.0, 4898350.0], [568040.0, 4898250.0], [568030.0, 4898250.0], [568030.0, 4898230.0], [568020.0, 4898230.0], [568020.0, 4898220.0], [568000.0, 4898220.0], [568000.0, 4898210.0], [567990.0, 4898210.0], [567990.0, 4898200.0], [567980.0, 4898200.0], [567980.0, 4898190.0], [567970.0, 4898190.0], [567970.0, 4898180.0], [567950.0, 4898180.0], [567950.0, 4898170.0], [567960.0, 4898170.0], [567960.0, 4898140.0], [567950.0, 4898140.0], [567950.0, 4898130.0], [567940.0, 4898130.0], [567940.0, 4898000.0], [567950.0, 4898000.0], [567950.0, 4897990.0], [567960.0, 4897990.0], [567960.0, 4897980.0], [567970.0, 4897980.0], [567970.0, 4897940.0], [567960.0, 4897940.0], [567960.0, 4897900.0], [567970.0, 4897900.0], [567970.0, 4897890.0], [567980.0, 4897890.0], [567980.0, 4897880.0], [567990.0, 4897880.0], [567990.0, 4897870.0], [568000.0, 4897870.0], [568000.0, 4897860.0], [568010.0, 4897860.0], [568010.0, 4897810.0], [568020.0, 4897810.0], [568020.0, 4897800.0], [568030.0, 4897800.0], [568030.0, 4897790.0], [568040.0, 4897790.0], [568040.0, 4897780.0], [568050.0, 4897780.0], [568050.0, 4897720.0], [568060.0, 4897720.0], [568060.0, 4897670.0], [568070.0, 4897670.0], [568070.0, 4897660.0], [568080.0, 4897660.0], [568080.0, 4897650.0], [568090.0, 4897650.0], [568090.0, 4897640.0], [568100.0, 4897640.0], [568100.0, 4897630.0], [568110.0, 4897630.0], [568110.0, 4897620.0], [568120.0, 4897620.0], [568120.0, 4897610.0], [568130.0, 4897610.0], [568130.0, 4897600.0], [568140.0, 4897600.0], [568140.0, 4897590.0], [568150.0, 4897590.0], [568150.0, 4897580.0], [568160.0, 4897580.0], [568160.0, 4897570.0], [568170.0, 4897570.0], [568170.0, 4897560.0], [568180.0, 4897560.0], [568180.0, 4897550.0], [568210.0, 4897550.0], [568210.0, 4897540.0], [568230.0, 4897540.0], [568230.0, 4897530.0], [568250.0, 4897530.0], [568250.0, 4897520.0], [568260.0, 4897520.0], [568260.0, 4897510.0], [568280.0, 4897510.0], [568280.0, 4897500.0], [568290.0, 4897500.0], [568290.0, 4897490.0], [568300.0, 4897490.0], [568300.0, 4897480.0], [568310.0, 4897480.0], [568310.0, 4897470.0], [568320.0, 4897470.0], [568320.0, 4897460.0], [568330.0, 4897460.0], [568330.0, 4897450.0], [568340.0, 4897450.0], [568340.0, 4897430.0], [568350.0, 4897430.0], [568350.0, 4897420.0], [568390.0, 4897420.0], [568390.0, 4897410.0], [568400.0, 4897410.0], [568400.0, 4897400.0], [568420.0, 4897400.0], [568420.0, 4897390.0], [568430.0, 4897390.0], [568430.0, 4897380.0], [568440.0, 4897380.0], [568440.0, 4897370.0], [568490.0, 4897370.0], [568490.0, 4897380.0], [568500.0, 4897380.0], [568500.0, 4897370.0], [568520.0, 4897370.0], [568520.0, 4897360.0], [568530.0, 4897360.0], [568530.0, 4897350.0], [568540.0, 4897350.0], [568540.0, 4897340.0], [568550.0, 4897340.0], [568550.0, 4897330.0], [568560.0, 4897330.0], [568560.0, 4897320.0], [568570.0, 4897320.0], [568570.0, 4897260.0], [568580.0, 4897260.0], [568580.0, 4897250.0], [568590.0, 4897250.0], [568590.0, 4897240.0], [568600.0, 4897240.0], [568600.0, 4897230.0], [568610.0, 4897230.0], [568610.0, 4897220.0], [568620.0, 4897220.0], [568620.0, 4897210.0], [568630.0, 4897210.0], [568630.0, 4897190.0], [568640.0, 4897190.0], [568640.0, 4897180.0], [568650.0, 4897180.0], [568650.0, 4897170.0], [568660.0, 4897170.0], [568660.0, 4897160.0], [568670.0, 4897160.0], [568670.0, 4897120.0], [568680.0, 4897120.0], [568680.0, 4896870.0], [568690.0, 4896870.0], [568690.0, 4896860.0], [568700.0, 4896860.0], [568700.0, 4896840.0], [568710.0, 4896840.0], [568710.0, 4896780.0], [568700.0, 4896780.0], [568700.0, 4896770.0], [568690.0, 4896770.0], [568690.0, 4896750.0], [568680.0, 4896750.0], [568680.0, 4896740.0], [568670.0, 4896740.0], [568670.0, 4896720.0], [568660.0, 4896720.0], [568660.0, 4896610.0], [568650.0, 4896610.0], [568650.0, 4896550.0], [568640.0, 4896550.0], [568640.0, 4896500.0], [568650.0, 4896500.0], [568650.0, 4896490.0], [568660.0, 4896490.0], [568660.0, 4896480.0], [568670.0, 4896480.0], [568670.0, 4896470.0], [568690.0, 4896470.0], [568690.0, 4896460.0], [568700.0, 4896460.0], [568700.0, 4896450.0], [568710.0, 4896450.0], [568710.0, 4896440.0], [568720.0, 4896440.0], [568720.0, 4896430.0], [568730.0, 4896430.0], [568730.0, 4896420.0], [568740.0, 4896420.0], [568740.0, 4896410.0], [568750.0, 4896410.0], [568750.0, 4896390.0], [568760.0, 4896390.0], [568760.0, 4896380.0], [568770.0, 4896380.0], [568770.0, 4896370.0], [568790.0, 4896370.0], [568790.0, 4896360.0], [568800.0, 4896360.0], [568800.0, 4896350.0], [568820.0, 4896350.0], [568820.0, 4896340.0], [568830.0, 4896340.0], [568830.0, 4896330.0], [568860.0, 4896330.0], [568860.0, 4896320.0], [568900.0, 4896320.0], [568900.0, 4896310.0], [568930.0, 4896310.0], [568930.0, 4896300.0], [569150.0, 4896300.0], [569150.0, 4896310.0], [569450.0, 4896310.0], [569450.0, 4896300.0], [569460.0, 4896300.0], [569460.0, 4896260.0], [569470.0, 4896260.0], [569470.0, 4896250.0], [569480.0, 4896250.0], [569480.0, 4896210.0], [569470.0, 4896210.0], [569470.0, 4896150.0], [569480.0, 4896150.0], [569480.0, 4896110.0], [569490.0, 4896110.0], [569490.0, 4896080.0], [569500.0, 4896080.0], [569500.0, 4896040.0], [569510.0, 4896040.0], [569510.0, 4896010.0], [569520.0, 4896010.0], [569520.0, 4895950.0], [569530.0, 4895950.0], [569530.0, 4895860.0], [569540.0, 4895860.0], [569540.0, 4895830.0], [569550.0, 4895830.0], [569550.0, 4895770.0], [569560.0, 4895770.0], [569560.0, 4895730.0], [569570.0, 4895730.0], [569570.0, 4895650.0], [569580.0, 4895650.0], [569580.0, 4895550.0], [569590.0, 4895550.0], [569590.0, 4895470.0], [569600.0, 4895470.0], [569600.0, 4895380.0], [569610.0, 4895380.0], [569610.0, 4895350.0], [569620.0, 4895350.0], [569620.0, 4895320.0], [569630.0, 4895320.0], [569630.0, 4895300.0], [569640.0, 4895300.0], [569640.0, 4895280.0], [569650.0, 4895280.0], [569650.0, 4895270.0], [569660.0, 4895270.0], [569660.0, 4895260.0], [569650.0, 4895260.0], [569650.0, 4895220.0], [569640.0, 4895220.0], [569640.0, 4895170.0], [569630.0, 4895170.0], [569630.0, 4895080.0], [569620.0, 4895080.0], [569620.0, 4895040.0], [569610.0, 4895040.0], [569610.0, 4894980.0], [569600.0, 4894980.0], [569600.0, 4894920.0], [569690.0, 4894920.0], [569690.0, 4894910.0], [569730.0, 4894910.0], [569730.0, 4894900.0], [569780.0, 4894900.0], [569780.0, 4894890.0], [569840.0, 4894890.0], [569840.0, 4894880.0], [569870.0, 4894880.0], [569870.0, 4894870.0], [569930.0, 4894870.0], [569930.0, 4894880.0], [569960.0, 4894880.0], [569960.0, 4894890.0], [569980.0, 4894890.0], [569980.0, 4894900.0], [570030.0, 4894900.0], [570030.0, 4894910.0], [570090.0, 4894910.0], [570090.0, 4894900.0], [570140.0, 4894900.0], [570140.0, 4894890.0], [570180.0, 4894890.0], [570180.0, 4894880.0], [570210.0, 4894880.0], [570210.0, 4894870.0], [570230.0, 4894870.0], [570230.0, 4894860.0], [570250.0, 4894860.0], [570250.0, 4894850.0], [570260.0, 4894850.0], [570260.0, 4894840.0], [570280.0, 4894840.0], [570280.0, 4894830.0], [570290.0, 4894830.0], [570290.0, 4894840.0], [570340.0, 4894840.0], [570340.0, 4894850.0], [570370.0, 4894850.0], [570370.0, 4894860.0], [570460.0, 4894860.0], [570460.0, 4894870.0], [570540.0, 4894870.0], [570540.0, 4894860.0], [570570.0, 4894860.0], [570570.0, 4894850.0], [570590.0, 4894850.0], [570590.0, 4894840.0], [570610.0, 4894840.0], [570610.0, 4894830.0], [570630.0, 4894830.0], [570630.0, 4894820.0], [570690.0, 4894820.0], [570690.0, 4894810.0], [570710.0, 4894810.0], [570710.0, 4894800.0], [570730.0, 4894800.0], [570730.0, 4894790.0], [570760.0, 4894790.0], [570760.0, 4894800.0], [570770.0, 4894800.0], [570770.0, 4894810.0], [570780.0, 4894810.0], [570780.0, 4894820.0], [570790.0, 4894820.0], [570790.0, 4894830.0], [570840.0, 4894830.0], [570840.0, 4894840.0], [570860.0, 4894840.0], [570860.0, 4894850.0], [570880.0, 4894850.0], [570880.0, 4894860.0], [570940.0, 4894860.0], [570940.0, 4894870.0], [570950.0, 4894870.0], [570950.0, 4894880.0], [570960.0, 4894880.0], [570960.0, 4894890.0], [570980.0, 4894890.0], [570980.0, 4894900.0], [570990.0, 4894900.0], [570990.0, 4894910.0], [571010.0, 4894910.0], [571010.0, 4894920.0], [571030.0, 4894920.0], [571030.0, 4894930.0], [571060.0, 4894930.0], [571060.0, 4894940.0], [571100.0, 4894940.0], [571100.0, 4894950.0], [571230.0, 4894950.0], [571230.0, 4894960.0], [571240.0, 4894960.0], [571240.0, 4894970.0], [571250.0, 4894970.0], [571250.0, 4894980.0], [571260.0, 4894980.0], [571260.0, 4895000.0], [571270.0, 4895000.0], [571270.0, 4895010.0], [571280.0, 4895010.0], [571280.0, 4895030.0], [571290.0, 4895030.0], [571290.0, 4895050.0], [571300.0, 4895050.0], [571300.0, 4895060.0], [571310.0, 4895060.0], [571310.0, 4895070.0], [571320.0, 4895070.0], [571320.0, 4895080.0], [571340.0, 4895080.0], [571340.0, 4895090.0], [571350.0, 4895090.0], [571350.0, 4895100.0], [571360.0, 4895100.0], [571360.0, 4895220.0], [571370.0, 4895220.0], [571370.0, 4895250.0], [571380.0, 4895250.0], [571380.0, 4895270.0], [571390.0, 4895270.0], [571390.0, 4895370.0], [571380.0, 4895370.0], [571380.0, 4895410.0], [571390.0, 4895410.0], [571390.0, 4895420.0], [571400.0, 4895420.0], [571400.0, 4895440.0], [571410.0, 4895440.0], [571410.0, 4895450.0], [571420.0, 4895450.0], [571420.0, 4895460.0], [571430.0, 4895460.0], [571430.0, 4895470.0], [571440.0, 4895470.0], [571440.0, 4895480.0], [571450.0, 4895480.0], [571450.0, 4895490.0], [571470.0, 4895490.0], [571470.0, 4895500.0], [571490.0, 4895500.0], [571490.0, 4895510.0], [571500.0, 4895510.0], [571500.0, 4895520.0], [571510.0, 4895520.0], [571510.0, 4895530.0], [571530.0, 4895530.0], [571530.0, 4895540.0], [571540.0, 4895540.0], [571540.0, 4895550.0], [571550.0, 4895550.0], [571550.0, 4895560.0], [571560.0, 4895560.0], [571560.0, 4895570.0], [571570.0, 4895570.0], [571570.0, 4895580.0], [571580.0, 4895580.0], [571580.0, 4895590.0], [571590.0, 4895590.0], [571590.0, 4895600.0], [571600.0, 4895600.0], [571600.0, 4895630.0], [571610.0, 4895630.0], [571610.0, 4895640.0], [571620.0, 4895640.0], [571620.0, 4895650.0], [571630.0, 4895650.0], [571630.0, 4895660.0], [571640.0, 4895660.0], [571640.0, 4895680.0], [571650.0, 4895680.0], [571650.0, 4895690.0], [571660.0, 4895690.0], [571660.0, 4895700.0], [571670.0, 4895700.0], [571670.0, 4895710.0], [571680.0, 4895710.0], [571680.0, 4895720.0], [571690.0, 4895720.0], [571690.0, 4895730.0], [571700.0, 4895730.0], [571700.0, 4895740.0], [571710.0, 4895740.0], [571710.0, 4895750.0], [571720.0, 4895750.0], [571720.0, 4895760.0], [571730.0, 4895760.0], [571730.0, 4895770.0], [571740.0, 4895770.0], [571740.0, 4895780.0], [571750.0, 4895780.0], [571750.0, 4895790.0], [571760.0, 4895790.0], [571760.0, 4895800.0], [571770.0, 4895800.0], [571770.0, 4895830.0], [571760.0, 4895830.0], [571760.0, 4895860.0], [571750.0, 4895860.0], [571750.0, 4895880.0], [571740.0, 4895880.0], [571740.0, 4895900.0], [571730.0, 4895900.0], [571730.0, 4895930.0], [571720.0, 4895930.0], [571720.0, 4895980.0], [571710.0, 4895980.0], [571710.0, 4896030.0], [571700.0, 4896030.0], [571700.0, 4896060.0], [571690.0, 4896060.0], [571690.0, 4896130.0], [571680.0, 4896130.0], [571680.0, 4896260.0], [571670.0, 4896260.0], [571670.0, 4896270.0], [571660.0, 4896270.0], [571660.0, 4896290.0], [571650.0, 4896290.0], [571650.0, 4896300.0], [571640.0, 4896300.0], [571640.0, 4896310.0], [571630.0, 4896310.0], [571630.0, 4896330.0], [571620.0, 4896330.0], [571620.0, 4896410.0], [571610.0, 4896410.0], [571610.0, 4896450.0], [571600.0, 4896450.0], [571600.0, 4896490.0], [571590.0, 4896490.0], [571590.0, 4896520.0], [571580.0, 4896520.0], [571580.0, 4896560.0], [571590.0, 4896560.0], [571590.0, 4896580.0], [571580.0, 4896580.0], [571580.0, 4896630.0], [571570.0, 4896630.0], [571570.0, 4896800.0], [571560.0, 4896800.0], [571560.0, 4896810.0], [571540.0, 4896810.0], [571540.0, 4896820.0], [571530.0, 4896820.0], [571530.0, 4896830.0], [571510.0, 4896830.0], [571510.0, 4896840.0], [571500.0, 4896840.0], [571500.0, 4896860.0], [571490.0, 4896860.0], [571490.0, 4896870.0], [571480.0, 4896870.0], [571480.0, 4896890.0], [571470.0, 4896890.0], [571470.0, 4896910.0], [571460.0, 4896910.0], [571460.0, 4896940.0], [571450.0, 4896940.0], [571450.0, 4896960.0], [571440.0, 4896960.0], [571440.0, 4896980.0], [571430.0, 4896980.0], [571430.0, 4897000.0], [571420.0, 4897000.0], [571420.0, 4897030.0], [571410.0, 4897030.0], [571410.0, 4897170.0], [571420.0, 4897170.0], [571420.0, 4897210.0], [571410.0, 4897210.0], [571410.0, 4897280.0], [571400.0, 4897280.0], [571400.0, 4897290.0], [571390.0, 4897290.0], [571390.0, 4897340.0], [571400.0, 4897340.0], [571400.0, 4897400.0], [571410.0, 4897400.0], [571410.0, 4897450.0], [571420.0, 4897450.0], [571420.0, 4897460.0], [571430.0, 4897460.0], [571430.0, 4897480.0], [571440.0, 4897480.0], [571440.0, 4897490.0], [571450.0, 4897490.0], [571450.0, 4897590.0], [571460.0, 4897590.0], [571460.0, 4897630.0], [571450.0, 4897630.0], [571450.0, 4897640.0], [571430.0, 4897640.0], [571430.0, 4897650.0], [571420.0, 4897650.0], [571420.0, 4897660.0], [571410.0, 4897660.0], [571410.0, 4897670.0], [571400.0, 4897670.0], [571400.0, 4897680.0], [571390.0, 4897680.0], [571390.0, 4897690.0], [571380.0, 4897690.0], [571380.0, 4897710.0], [571370.0, 4897710.0], [571370.0, 4897720.0], [571360.0, 4897720.0], [571360.0, 4897730.0], [571350.0, 4897730.0], [571350.0, 4897740.0], [571340.0, 4897740.0], [571340.0, 4897750.0], [571330.0, 4897750.0], [571330.0, 4897760.0], [571320.0, 4897760.0], [571320.0, 4897860.0], [571330.0, 4897860.0], [571330.0, 4897880.0], [571340.0, 4897880.0], [571340.0, 4897910.0], [571350.0, 4897910.0], [571350.0, 4897940.0], [571360.0, 4897940.0], [571360.0, 4898010.0], [571370.0, 4898010.0], [571370.0, 4898060.0], [571360.0, 4898060.0], [571360.0, 4898130.0], [571350.0, 4898130.0], [571350.0, 4898150.0], [571340.0, 4898150.0], [571340.0, 4898180.0], [571330.0, 4898180.0], [571330.0, 4898280.0], [571340.0, 4898280.0], [571340.0, 4898310.0], [571330.0, 4898310.0], [571330.0, 4898330.0], [571320.0, 4898330.0], [571320.0, 4898360.0], [571310.0, 4898360.0], [571310.0, 4898430.0], [571300.0, 4898430.0], [571300.0, 4898450.0], [571290.0, 4898450.0], [571290.0, 4898460.0], [571280.0, 4898460.0], [571280.0, 4898480.0], [571270.0, 4898480.0], [571270.0, 4898490.0], [571260.0, 4898490.0], [571260.0, 4898510.0], [571250.0, 4898510.0], [571250.0, 4898520.0], [571240.0, 4898520.0], [571240.0, 4898530.0], [571230.0, 4898530.0], [571230.0, 4898540.0], [571220.0, 4898540.0], [571220.0, 4898560.0], [571210.0, 4898560.0], [571210.0, 4898570.0], [571200.0, 4898570.0], [571200.0, 4898580.0], [571190.0, 4898580.0], [571190.0, 4898590.0], [571180.0, 4898590.0], [571180.0, 4898600.0], [571170.0, 4898600.0], [571170.0, 4898620.0], [571160.0, 4898620.0], [571160.0, 4898630.0], [571150.0, 4898630.0], [571150.0, 4898640.0], [571140.0, 4898640.0], [571140.0, 4898660.0], [571130.0, 4898660.0], [571130.0, 4898680.0], [571060.0, 4898680.0], [571060.0, 4898690.0], [571030.0, 4898690.0], [571030.0, 4898700.0], [571020.0, 4898700.0], [571020.0, 4898710.0], [571000.0, 4898710.0], [571000.0, 4898720.0], [570980.0, 4898720.0], [570980.0, 4898730.0], [570970.0, 4898730.0], [570970.0, 4898740.0], [570960.0, 4898740.0], [570960.0, 4898750.0], [570950.0, 4898750.0], [570950.0, 4898760.0], [570930.0, 4898760.0], [570930.0, 4898770.0], [570920.0, 4898770.0], [570920.0, 4898780.0], [570910.0, 4898780.0], [570910.0, 4898790.0], [570900.0, 4898790.0], [570900.0, 4898800.0], [570890.0, 4898800.0], [570890.0, 4898810.0], [570880.0, 4898810.0], [570880.0, 4898820.0], [570860.0, 4898820.0], [570860.0, 4898830.0], [570850.0, 4898830.0], [570850.0, 4898840.0], [570840.0, 4898840.0], [570840.0, 4898850.0], [570830.0, 4898850.0], [570830.0, 4898860.0], [570820.0, 4898860.0], [570820.0, 4898870.0], [570810.0, 4898870.0], [570810.0, 4898880.0], [570800.0, 4898880.0], [570800.0, 4898890.0], [570780.0, 4898890.0], [570780.0, 4898900.0], [570770.0, 4898900.0], [570770.0, 4898910.0], [570750.0, 4898910.0], [570750.0, 4898920.0], [570740.0, 4898920.0], [570740.0, 4898930.0], [570730.0, 4898930.0], [570730.0, 4898940.0], [570720.0, 4898940.0], [570720.0, 4898950.0], [570700.0, 4898950.0], [570700.0, 4898960.0], [570690.0, 4898960.0], [570690.0, 4898970.0], [570680.0, 4898970.0], [570680.0, 4898980.0], [570670.0, 4898980.0], [570670.0, 4898990.0], [570660.0, 4898990.0], [570660.0, 4899000.0], [570650.0, 4899000.0], [570650.0, 4899010.0], [570640.0, 4899010.0], [570640.0, 4899020.0], [570630.0, 4899020.0], [570630.0, 4899030.0], [570620.0, 4899030.0], [570620.0, 4899040.0], [570610.0, 4899040.0], [570610.0, 4899050.0], [570590.0, 4899050.0], [570590.0, 4899060.0], [570580.0, 4899060.0], [570580.0, 4899070.0], [570550.0, 4899070.0], [570550.0, 4899080.0], [570450.0, 4899080.0], [570450.0, 4899090.0], [570130.0, 4899090.0], [570130.0, 4899100.0], [570110.0, 4899100.0], [570110.0, 4899110.0], [570070.0, 4899110.0], [570070.0, 4899120.0], [569930.0, 4899120.0], [569930.0, 4899110.0], [569840.0, 4899110.0], [569840.0, 4899120.0], [569810.0, 4899120.0], [569810.0, 4899130.0], [569800.0, 4899130.0], [569800.0, 4899140.0], [569790.0, 4899140.0], [569790.0, 4899150.0], [569780.0, 4899150.0], [569780.0, 4899160.0], [569770.0, 4899160.0], [569770.0, 4899170.0], [569760.0, 4899170.0], [569760.0, 4899180.0], [569740.0, 4899180.0], [569740.0, 4899190.0], [569730.0, 4899190.0], [569730.0, 4899200.0], [569710.0, 4899200.0], [569710.0, 4899210.0], [569700.0, 4899210.0], [569700.0, 4899220.0], [569690.0, 4899220.0], [569690.0, 4899230.0], [569680.0, 4899230.0], [569680.0, 4899250.0], [569690.0, 4899250.0], [569690.0, 4899290.0], [569700.0, 4899290.0], [569700.0, 4899320.0], [569710.0, 4899320.0], [569710.0, 4899350.0], [569720.0, 4899350.0], [569720.0, 4899370.0], [569730.0, 4899370.0], [569730.0, 4899400.0], [569740.0, 4899400.0], [569740.0, 4899420.0], [569750.0, 4899420.0], [569750.0, 4899440.0], [569760.0, 4899440.0], [569760.0, 4899490.0], [569750.0, 4899490.0], [569750.0, 4899530.0], [569770.0, 4899530.0], [569770.0, 4899570.0], [569780.0, 4899570.0], [569780.0, 4899640.0], [569770.0, 4899640.0], [569770.0, 4899750.0], [569760.0, 4899750.0], [569760.0, 4899770.0], [569750.0, 4899770.0], [569750.0, 4899860.0], [569740.0, 4899860.0], [569740.0, 4899960.0], [569730.0, 4899960.0], [569730.0, 4899970.0], [569690.0, 4899970.0], [569690.0, 4899980.0], [569670.0, 4899980.0], [569670.0, 4900000.0], [569660.0, 4900000.0], [569660.0, 4900010.0], [569650.0, 4900010.0], [569650.0, 4900020.0], [569640.0, 4900020.0], [569640.0, 4900030.0], [569630.0, 4900030.0], [569630.0, 4900040.0], [569620.0, 4900040.0], [569620.0, 4900050.0], [569600.0, 4900050.0], [569600.0, 4900060.0], [569590.0, 4900060.0], [569590.0, 4900070.0], [569570.0, 4900070.0], [569570.0, 4900080.0], [569560.0, 4900080.0], [569560.0, 4900090.0], [569550.0, 4900090.0], [569550.0, 4900100.0], [569540.0, 4900100.0], [569540.0, 4900120.0], [569530.0, 4900120.0], [569530.0, 4900130.0], [569520.0, 4900130.0], [569520.0, 4900140.0], [569510.0, 4900140.0], [569510.0, 4900150.0], [569500.0, 4900150.0], [569500.0, 4900170.0], [569490.0, 4900170.0], [569490.0, 4900180.0], [569480.0, 4900180.0], [569480.0, 4900190.0], [569470.0, 4900190.0], [569470.0, 4900210.0], [569460.0, 4900210.0], [569460.0, 4900230.0], [569450.0, 4900230.0], [569450.0, 4900240.0], [569440.0, 4900240.0], [569440.0, 4900250.0], [569430.0, 4900250.0], [569430.0, 4900260.0], [569420.0, 4900260.0], [569420.0, 4900280.0], [569410.0, 4900280.0], [569410.0, 4900290.0], [569400.0, 4900290.0], [569400.0, 4900300.0], [569380.0, 4900300.0], [569380.0, 4900310.0], [569370.0, 4900310.0], [569370.0, 4900330.0], [569360.0, 4900330.0], [569360.0, 4900340.0], [569350.0, 4900340.0], [569350.0, 4900360.0], [569340.0, 4900360.0], [569340.0, 4900370.0], [569330.0, 4900370.0], [569330.0, 4900380.0], [569320.0, 4900380.0], [569320.0, 4900400.0], [569310.0, 4900400.0], [569310.0, 4900410.0], [569300.0, 4900410.0], [569300.0, 4900420.0], [569290.0, 4900420.0], [569290.0, 4900430.0], [569280.0, 4900430.0], [569280.0, 4900450.0], [569270.0, 4900450.0], [569270.0, 4900460.0], [569260.0, 4900460.0], [569260.0, 4900470.0], [569250.0, 4900470.0], [569250.0, 4900480.0], [569240.0, 4900480.0], [569240.0, 4900490.0], [569230.0, 4900490.0], [569230.0, 4900510.0], [569220.0, 4900510.0], [569220.0, 4900520.0], [569210.0, 4900520.0], [569210.0, 4900530.0], [569200.0, 4900530.0], [569200.0, 4900540.0], [569190.0, 4900540.0], [569190.0, 4900550.0], [569180.0, 4900550.0], [569180.0, 4900570.0], [569170.0, 4900570.0], [569170.0, 4900580.0], [569160.0, 4900580.0], [569160.0, 4900600.0], [569150.0, 4900600.0], [569150.0, 4900610.0], [569140.0, 4900610.0], [569140.0, 4900630.0], [569130.0, 4900630.0], [569130.0, 4900650.0], [569120.0, 4900650.0], [569120.0, 4900660.0], [569110.0, 4900660.0], [569110.0, 4900680.0], [569100.0, 4900680.0], [569100.0, 4900690.0], [569090.0, 4900690.0], [569090.0, 4900700.0], [569080.0, 4900700.0], [569080.0, 4900710.0], [569070.0, 4900710.0], [569070.0, 4900740.0], [569060.0, 4900740.0], [569060.0, 4900750.0], [569050.0, 4900750.0], [569050.0, 4900760.0], [569040.0, 4900760.0], [569040.0, 4900780.0], [569030.0, 4900780.0], [569030.0, 4900790.0], [569020.0, 4900790.0], [569020.0, 4900820.0], [569010.0, 4900820.0], [569010.0, 4900830.0], [569000.0, 4900830.0], [569000.0, 4900840.0], [568990.0, 4900840.0], [568990.0, 4900850.0], [568980.0, 4900850.0], [568980.0, 4900870.0], [568960.0, 4900870.0], [568960.0, 4900880.0], [568950.0, 4900880.0], [568950.0, 4900890.0], [568940.0, 4900890.0], [568940.0, 4900900.0], [568920.0, 4900900.0], [568920.0, 4900910.0], [568900.0, 4900910.0], [568900.0, 4900920.0], [568880.0, 4900920.0], [568880.0, 4900930.0], [568830.0, 4900930.0], [568830.0, 4900940.0], [568790.0, 4900940.0], [568790.0, 4900950.0], [568780.0, 4900950.0]]]}, "properties": {"site_code": "66", "dem_area_ha": 1362.42, "routing_qc_pass": true}}, {"type": "Feature", "geometry": {"type": "Polygon", "coordinates": [[[564290.0, 4900640.0], [564290.0, 4900630.0], [564250.0, 4900630.0], [564250.0, 4900620.0], [564220.0, 4900620.0], [564220.0, 4900610.0], [564190.0, 4900610.0], [564190.0, 4900600.0], [564180.0, 4900600.0], [564180.0, 4900590.0], [564170.0, 4900590.0], [564170.0, 4900580.0], [564150.0, 4900580.0], [564150.0, 4900570.0], [564130.0, 4900570.0], [564130.0, 4900560.0], [564120.0, 4900560.0], [564120.0, 4900550.0], [564110.0, 4900550.0], [564110.0, 4900540.0], [564100.0, 4900540.0], [564100.0, 4900530.0], [564090.0, 4900530.0], [564090.0, 4900520.0], [564080.0, 4900520.0], [564080.0, 4900510.0], [564070.0, 4900510.0], [564070.0, 4900490.0], [564060.0, 4900490.0], [564060.0, 4900480.0], [564050.0, 4900480.0], [564050.0, 4900460.0], [564040.0, 4900460.0], [564040.0, 4900450.0], [564030.0, 4900450.0], [564030.0, 4900430.0], [564020.0, 4900430.0], [564020.0, 4900400.0], [564010.0, 4900400.0], [564010.0, 4900390.0], [564000.0, 4900390.0], [564000.0, 4900380.0], [563990.0, 4900380.0], [563990.0, 4900370.0], [563970.0, 4900370.0], [563970.0, 4900360.0], [563950.0, 4900360.0], [563950.0, 4900350.0], [563940.0, 4900350.0], [563940.0, 4900340.0], [563920.0, 4900340.0], [563920.0, 4900330.0], [563910.0, 4900330.0], [563910.0, 4900320.0], [563900.0, 4900320.0], [563900.0, 4900310.0], [563880.0, 4900310.0], [563880.0, 4900300.0], [563870.0, 4900300.0], [563870.0, 4900290.0], [563860.0, 4900290.0], [563860.0, 4900280.0], [563850.0, 4900280.0], [563850.0, 4900270.0], [563840.0, 4900270.0], [563840.0, 4900240.0], [563830.0, 4900240.0], [563830.0, 4900170.0], [563840.0, 4900170.0], [563840.0, 4900160.0], [563850.0, 4900160.0], [563850.0, 4900150.0], [563860.0, 4900150.0], [563860.0, 4900120.0], [563850.0, 4900120.0], [563850.0, 4900100.0], [563840.0, 4900100.0], [563840.0, 4900090.0], [563910.0, 4900090.0], [563910.0, 4900080.0], [563920.0, 4900080.0], [563920.0, 4900070.0], [563930.0, 4900070.0], [563930.0, 4900060.0], [563940.0, 4900060.0], [563940.0, 4900050.0], [563950.0, 4900050.0], [563950.0, 4900040.0], [563970.0, 4900040.0], [563970.0, 4900030.0], [563990.0, 4900030.0], [563990.0, 4900020.0], [564010.0, 4900020.0], [564010.0, 4900010.0], [564030.0, 4900010.0], [564030.0, 4900000.0], [564050.0, 4900000.0], [564050.0, 4899990.0], [564060.0, 4899990.0], [564060.0, 4899980.0], [564070.0, 4899980.0], [564070.0, 4899970.0], [564100.0, 4899970.0], [564100.0, 4899960.0], [564130.0, 4899960.0], [564130.0, 4899950.0], [564170.0, 4899950.0], [564170.0, 4899940.0], [564180.0, 4899940.0], [564180.0, 4899920.0], [564190.0, 4899920.0], [564190.0, 4899910.0], [564200.0, 4899910.0], [564200.0, 4899900.0], [564210.0, 4899900.0], [564210.0, 4899890.0], [564230.0, 4899890.0], [564230.0, 4899880.0], [564240.0, 4899880.0], [564240.0, 4899890.0], [564310.0, 4899890.0], [564310.0, 4899880.0], [564360.0, 4899880.0], [564360.0, 4899870.0], [564370.0, 4899870.0], [564370.0, 4899860.0], [564410.0, 4899860.0], [564410.0, 4899870.0], [564420.0, 4899870.0], [564420.0, 4899860.0], [564440.0, 4899860.0], [564440.0, 4899850.0], [564450.0, 4899850.0], [564450.0, 4899830.0], [564460.0, 4899830.0], [564460.0, 4899840.0], [564490.0, 4899840.0], [564490.0, 4899850.0], [564500.0, 4899850.0], [564500.0, 4899860.0], [564510.0, 4899860.0], [564510.0, 4899890.0], [564500.0, 4899890.0], [564500.0, 4899910.0], [564490.0, 4899910.0], [564490.0, 4899920.0], [564480.0, 4899920.0], [564480.0, 4900000.0], [564490.0, 4900000.0], [564490.0, 4900040.0], [564500.0, 4900040.0], [564500.0, 4900050.0], [564510.0, 4900050.0], [564510.0, 4900060.0], [564520.0, 4900060.0], [564520.0, 4900070.0], [564530.0, 4900070.0], [564530.0, 4900080.0], [564540.0, 4900080.0], [564540.0, 4900090.0], [564550.0, 4900090.0], [564550.0, 4900100.0], [564560.0, 4900100.0], [564560.0, 4900110.0], [564570.0, 4900110.0], [564570.0, 4900120.0], [564580.0, 4900120.0], [564580.0, 4900130.0], [564590.0, 4900130.0], [564590.0, 4900140.0], [564600.0, 4900140.0], [564600.0, 4900160.0], [564590.0, 4900160.0], [564590.0, 4900210.0], [564580.0, 4900210.0], [564580.0, 4900240.0], [564570.0, 4900240.0], [564570.0, 4900250.0], [564560.0, 4900250.0], [564560.0, 4900260.0], [564550.0, 4900260.0], [564550.0, 4900270.0], [564540.0, 4900270.0], [564540.0, 4900280.0], [564530.0, 4900280.0], [564530.0, 4900290.0], [564520.0, 4900290.0], [564520.0, 4900300.0], [564510.0, 4900300.0], [564510.0, 4900310.0], [564500.0, 4900310.0], [564500.0, 4900320.0], [564510.0, 4900320.0], [564510.0, 4900340.0], [564520.0, 4900340.0], [564520.0, 4900370.0], [564530.0, 4900370.0], [564530.0, 4900380.0], [564540.0, 4900380.0], [564540.0, 4900450.0], [564530.0, 4900450.0], [564530.0, 4900460.0], [564520.0, 4900460.0], [564520.0, 4900490.0], [564510.0, 4900490.0], [564510.0, 4900520.0], [564500.0, 4900520.0], [564500.0, 4900540.0], [564490.0, 4900540.0], [564490.0, 4900550.0], [564480.0, 4900550.0], [564480.0, 4900590.0], [564470.0, 4900590.0], [564470.0, 4900600.0], [564460.0, 4900600.0], [564460.0, 4900610.0], [564450.0, 4900610.0], [564450.0, 4900620.0], [564410.0, 4900620.0], [564410.0, 4900610.0], [564390.0, 4900610.0], [564390.0, 4900620.0], [564380.0, 4900620.0], [564380.0, 4900630.0], [564360.0, 4900630.0], [564360.0, 4900640.0], [564290.0, 4900640.0]]]}, "properties": {"site_code": "82", "dem_area_ha": 39.61, "routing_qc_pass": true}}, {"type": "Feature", "geometry": {"type": "Polygon", "coordinates": [[[567940.0, 4900490.0], [567940.0, 4900480.0], [567900.0, 4900480.0], [567900.0, 4900470.0], [567880.0, 4900470.0], [567880.0, 4900460.0], [567870.0, 4900460.0], [567870.0, 4900430.0], [567860.0, 4900430.0], [567860.0, 4900420.0], [567850.0, 4900420.0], [567850.0, 4900410.0], [567840.0, 4900410.0], [567840.0, 4900400.0], [567830.0, 4900400.0], [567830.0, 4900390.0], [567800.0, 4900390.0], [567800.0, 4900380.0], [567790.0, 4900380.0], [567790.0, 4900370.0], [567780.0, 4900370.0], [567780.0, 4900360.0], [567770.0, 4900360.0], [567770.0, 4900350.0], [567760.0, 4900350.0], [567760.0, 4900340.0], [567750.0, 4900340.0], [567750.0, 4900330.0], [567740.0, 4900330.0], [567740.0, 4900320.0], [567730.0, 4900320.0], [567730.0, 4900310.0], [567710.0, 4900310.0], [567710.0, 4900300.0], [567700.0, 4900300.0], [567700.0, 4900290.0], [567680.0, 4900290.0], [567680.0, 4900280.0], [567660.0, 4900280.0], [567660.0, 4900270.0], [567650.0, 4900270.0], [567650.0, 4900260.0], [567640.0, 4900260.0], [567640.0, 4900250.0], [567630.0, 4900250.0], [567630.0, 4900240.0], [567620.0, 4900240.0], [567620.0, 4900230.0], [567610.0, 4900230.0], [567610.0, 4900220.0], [567600.0, 4900220.0], [567600.0, 4900210.0], [567610.0, 4900210.0], [567610.0, 4900200.0], [567620.0, 4900200.0], [567620.0, 4900190.0], [567630.0, 4900190.0], [567630.0, 4900180.0], [567640.0, 4900180.0], [567640.0, 4900150.0], [567650.0, 4900150.0], [567650.0, 4900140.0], [567660.0, 4900140.0], [567660.0, 4900130.0], [567670.0, 4900130.0], [567670.0, 4900140.0], [567690.0, 4900140.0], [567690.0, 4900120.0], [567680.0, 4900120.0], [567680.0, 4900000.0], [567690.0, 4900000.0], [567690.0, 4899990.0], [567700.0, 4899990.0], [567700.0, 4899980.0], [567710.0, 4899980.0], [567710.0, 4899960.0], [567700.0, 4899960.0], [567700.0, 4899910.0], [567690.0, 4899910.0], [567690.0, 4899890.0], [567680.0, 4899890.0], [567680.0, 4899870.0], [567670.0, 4899870.0], [567670.0, 4899860.0], [567660.0, 4899860.0], [567660.0, 4899850.0], [567650.0, 4899850.0], [567650.0, 4899840.0], [567640.0, 4899840.0], [567640.0, 4899830.0], [567630.0, 4899830.0], [567630.0, 4899820.0], [567620.0, 4899820.0], [567620.0, 4899780.0], [567610.0, 4899780.0], [567610.0, 4899770.0], [567600.0, 4899770.0], [567600.0, 4899760.0], [567590.0, 4899760.0], [567590.0, 4899750.0], [567580.0, 4899750.0], [567580.0, 4899730.0], [567570.0, 4899730.0], [567570.0, 4899700.0], [567560.0, 4899700.0], [567560.0, 4899690.0], [567550.0, 4899690.0], [567550.0, 4899670.0], [567540.0, 4899670.0], [567540.0, 4899590.0], [567550.0, 4899590.0], [567550.0, 4899560.0], [567560.0, 4899560.0], [567560.0, 4899480.0], [567550.0, 4899480.0], [567550.0, 4899440.0], [567540.0, 4899440.0], [567540.0, 4899430.0], [567530.0, 4899430.0], [567530.0, 4899350.0], [567540.0, 4899350.0], [567540.0, 4899330.0], [567550.0, 4899330.0], [567550.0, 4899320.0], [567560.0, 4899320.0], [567560.0, 4899310.0], [567570.0, 4899310.0], [567570.0, 4899260.0], [567580.0, 4899260.0], [567580.0, 4899220.0], [567570.0, 4899220.0], [567570.0, 4899210.0], [567560.0, 4899210.0], [567560.0, 4899200.0], [567550.0, 4899200.0], [567550.0, 4899190.0], [567540.0, 4899190.0], [567540.0, 4899180.0], [567530.0, 4899180.0], [567530.0, 4899170.0], [567520.0, 4899170.0], [567520.0, 4899160.0], [567510.0, 4899160.0], [567510.0, 4899140.0], [567500.0, 4899140.0], [567500.0, 4899130.0], [567490.0, 4899130.0], [567490.0, 4899070.0], [567480.0, 4899070.0], [567480.0, 4899060.0], [567470.0, 4899060.0], [567470.0, 4898980.0], [567460.0, 4898980.0], [567460.0, 4898910.0], [567450.0, 4898910.0], [567450.0, 4898900.0], [567440.0, 4898900.0], [567440.0, 4898890.0], [567430.0, 4898890.0], [567430.0, 4898880.0], [567420.0, 4898880.0], [567420.0, 4898870.0], [567410.0, 4898870.0], [567410.0, 4898860.0], [567400.0, 4898860.0], [567400.0, 4898850.0], [567390.0, 4898850.0], [567390.0, 4898830.0], [567380.0, 4898830.0], [567380.0, 4898740.0], [567370.0, 4898740.0], [567370.0, 4898730.0], [567360.0, 4898730.0], [567360.0, 4898720.0], [567350.0, 4898720.0], [567350.0, 4898710.0], [567340.0, 4898710.0], [567340.0, 4898700.0], [567330.0, 4898700.0], [567330.0, 4898680.0], [567320.0, 4898680.0], [567320.0, 4898670.0], [567310.0, 4898670.0], [567310.0, 4898620.0], [567300.0, 4898620.0], [567300.0, 4898610.0], [567290.0, 4898610.0], [567290.0, 4898600.0], [567280.0, 4898600.0], [567280.0, 4898590.0], [567270.0, 4898590.0], [567270.0, 4898580.0], [567260.0, 4898580.0], [567260.0, 4898520.0], [567250.0, 4898520.0], [567250.0, 4898480.0], [567260.0, 4898480.0], [567260.0, 4898460.0], [567270.0, 4898460.0], [567270.0, 4898440.0], [567280.0, 4898440.0], [567280.0, 4898410.0], [567290.0, 4898410.0], [567290.0, 4898380.0], [567300.0, 4898380.0], [567300.0, 4898320.0], [567310.0, 4898320.0], [567310.0, 4898270.0], [567320.0, 4898270.0], [567320.0, 4898260.0], [567350.0, 4898260.0], [567350.0, 4898250.0], [567360.0, 4898250.0], [567360.0, 4898240.0], [567370.0, 4898240.0], [567370.0, 4898300.0], [567360.0, 4898300.0], [567360.0, 4898310.0], [567370.0, 4898310.0], [567370.0, 4898380.0], [567380.0, 4898380.0], [567380.0, 4898390.0], [567390.0, 4898390.0], [567390.0, 4898400.0], [567400.0, 4898400.0], [567400.0, 4898410.0], [567410.0, 4898410.0], [567410.0, 4898420.0], [567420.0, 4898420.0], [567420.0, 4898430.0], [567430.0, 4898430.0], [567430.0, 4898440.0], [567440.0, 4898440.0], [567440.0, 4898450.0], [567450.0, 4898450.0], [567450.0, 4898460.0], [567460.0, 4898460.0], [567460.0, 4898470.0], [567470.0, 4898470.0], [567470.0, 4898580.0], [567460.0, 4898580.0], [567460.0, 4898600.0], [567470.0, 4898600.0], [567470.0, 4898620.0], [567480.0, 4898620.0], [567480.0, 4898630.0], [567490.0, 4898630.0], [567490.0, 4898650.0], [567500.0, 4898650.0], [567500.0, 4898670.0], [567510.0, 4898670.0], [567510.0, 4898680.0], [567520.0, 4898680.0], [567520.0, 4898690.0], [567600.0, 4898690.0], [567600.0, 4898700.0], [567630.0, 4898700.0], [567630.0, 4898710.0], [567640.0, 4898710.0], [567640.0, 4898720.0], [567650.0, 4898720.0], [567650.0, 4898730.0], [567660.0, 4898730.0], [567660.0, 4898770.0], [567670.0, 4898770.0], [567670.0, 4898780.0], [567680.0, 4898780.0], [567680.0, 4898790.0], [567690.0, 4898790.0], [567690.0, 4898800.0], [567700.0, 4898800.0], [567700.0, 4898810.0], [567710.0, 4898810.0], [567710.0, 4898820.0], [567750.0, 4898820.0], [567750.0, 4898810.0], [567770.0, 4898810.0], [567770.0, 4898800.0], [567780.0, 4898800.0], [567780.0, 4898850.0], [567770.0, 4898850.0], [567770.0, 4898870.0], [567760.0, 4898870.0], [567760.0, 4898880.0], [567750.0, 4898880.0], [567750.0, 4898940.0], [567760.0, 4898940.0], [567760.0, 4898960.0], [567770.0, 4898960.0], [567770.0, 4899010.0], [567780.0, 4899010.0], [567780.0, 4899060.0], [567770.0, 4899060.0], [567770.0, 4899130.0], [567780.0, 4899130.0], [567780.0, 4899160.0], [567840.0, 4899160.0], [567840.0, 4899190.0], [567850.0, 4899190.0], [567850.0, 4899200.0], [567860.0, 4899200.0], [567860.0, 4899210.0], [567870.0, 4899210.0], [567870.0, 4899220.0], [567880.0, 4899220.0], [567880.0, 4899230.0], [567890.0, 4899230.0], [567890.0, 4899240.0], [567900.0, 4899240.0], [567900.0, 4899250.0], [567910.0, 4899250.0], [567910.0, 4899260.0], [567920.0, 4899260.0], [567920.0, 4899270.0], [567930.0, 4899270.0], [567930.0, 4899280.0], [567940.0, 4899280.0], [567940.0, 4899270.0], [567970.0, 4899270.0], [567970.0, 4899260.0], [567990.0, 4899260.0], [567990.0, 4899270.0], [568010.0, 4899270.0], [568010.0, 4899280.0], [568030.0, 4899280.0], [568030.0, 4899450.0], [568040.0, 4899450.0], [568040.0, 4899460.0], [568050.0, 4899460.0], [568050.0, 4899470.0], [568060.0, 4899470.0], [568060.0, 4899480.0], [568070.0, 4899480.0], [568070.0, 4899500.0], [568080.0, 4899500.0], [568080.0, 4899520.0], [568100.0, 4899520.0], [568100.0, 4899610.0], [568110.0, 4899610.0], [568110.0, 4899630.0], [568120.0, 4899630.0], [568120.0, 4899640.0], [568130.0, 4899640.0], [568130.0, 4899650.0], [568140.0, 4899650.0], [568140.0, 4899660.0], [568150.0, 4899660.0], [568150.0, 4899690.0], [568160.0, 4899690.0], [568160.0, 4899720.0], [568170.0, 4899720.0], [568170.0, 4899740.0], [568180.0, 4899740.0], [568180.0, 4899750.0], [568190.0, 4899750.0], [568190.0, 4899760.0], [568200.0, 4899760.0], [568200.0, 4899770.0], [568210.0, 4899770.0], [568210.0, 4899780.0], [568220.0, 4899780.0], [568220.0, 4899790.0], [568230.0, 4899790.0], [568230.0, 4899800.0], [568240.0, 4899800.0], [568240.0, 4899810.0], [568250.0, 4899810.0], [568250.0, 4899820.0], [568260.0, 4899820.0], [568260.0, 4899830.0], [568270.0, 4899830.0], [568270.0, 4899840.0], [568280.0, 4899840.0], [568280.0, 4899850.0], [568290.0, 4899850.0], [568290.0, 4899930.0], [568300.0, 4899930.0], [568300.0, 4899940.0], [568310.0, 4899940.0], [568310.0, 4899950.0], [568320.0, 4899950.0], [568320.0, 4899960.0], [568340.0, 4899960.0], [568340.0, 4899970.0], [568360.0, 4899970.0], [568360.0, 4899980.0], [568370.0, 4899980.0], [568370.0, 4899990.0], [568380.0, 4899990.0], [568380.0, 4900000.0], [568390.0, 4900000.0], [568390.0, 4900030.0], [568400.0, 4900030.0], [568400.0, 4900060.0], [568390.0, 4900060.0], [568390.0, 4900090.0], [568400.0, 4900090.0], [568400.0, 4900140.0], [568410.0, 4900140.0], [568410.0, 4900180.0], [568400.0, 4900180.0], [568400.0, 4900200.0], [568410.0, 4900200.0], [568410.0, 4900220.0], [568360.0, 4900220.0], [568360.0, 4900230.0], [568350.0, 4900230.0], [568350.0, 4900260.0], [568340.0, 4900260.0], [568340.0, 4900300.0], [568350.0, 4900300.0], [568350.0, 4900360.0], [568340.0, 4900360.0], [568340.0, 4900400.0], [568330.0, 4900400.0], [568330.0, 4900410.0], [568320.0, 4900410.0], [568320.0, 4900420.0], [568310.0, 4900420.0], [568310.0, 4900430.0], [568300.0, 4900430.0], [568300.0, 4900440.0], [568290.0, 4900440.0], [568290.0, 4900450.0], [568280.0, 4900450.0], [568280.0, 4900460.0], [568270.0, 4900460.0], [568270.0, 4900470.0], [568210.0, 4900470.0], [568210.0, 4900480.0], [568160.0, 4900480.0], [568160.0, 4900460.0], [568150.0, 4900460.0], [568150.0, 4900470.0], [568120.0, 4900470.0], [568120.0, 4900480.0], [568110.0, 4900480.0], [568110.0, 4900470.0], [568100.0, 4900470.0], [568100.0, 4900460.0], [568070.0, 4900460.0], [568070.0, 4900470.0], [568040.0, 4900470.0], [568040.0, 4900480.0], [568030.0, 4900480.0], [568030.0, 4900490.0], [567940.0, 4900490.0]]]}, "properties": {"site_code": "43", "dem_area_ha": 96.14, "routing_qc_pass": false}}, {"type": "Feature", "geometry": {"type": "Polygon", "coordinates": [[[561800.0, 4897390.0], [561800.0, 4897380.0], [561790.0, 4897380.0], [561790.0, 4897370.0], [561780.0, 4897370.0], [561780.0, 4897320.0], [561790.0, 4897320.0], [561790.0, 4897310.0], [561800.0, 4897310.0], [561800.0, 4897260.0], [561790.0, 4897260.0], [561790.0, 4897250.0], [561800.0, 4897250.0], [561800.0, 4897240.0], [561810.0, 4897240.0], [561810.0, 4897210.0], [561800.0, 4897210.0], [561800.0, 4897200.0], [561790.0, 4897200.0], [561790.0, 4897190.0], [561780.0, 4897190.0], [561780.0, 4897180.0], [561770.0, 4897180.0], [561770.0, 4897140.0], [561780.0, 4897140.0], [561780.0, 4897130.0], [561800.0, 4897130.0], [561800.0, 4897120.0], [561810.0, 4897120.0], [561810.0, 4897110.0], [561820.0, 4897110.0], [561820.0, 4897050.0], [561830.0, 4897050.0], [561830.0, 4897040.0], [561840.0, 4897040.0], [561840.0, 4897020.0], [561850.0, 4897020.0], [561850.0, 4896900.0], [561860.0, 4896900.0], [561860.0, 4896830.0], [561870.0, 4896830.0], [561870.0, 4896810.0], [561880.0, 4896810.0], [561880.0, 4896790.0], [561890.0, 4896790.0], [561890.0, 4896760.0], [561900.0, 4896760.0], [561900.0, 4896740.0], [561910.0, 4896740.0], [561910.0, 4896720.0], [561920.0, 4896720.0], [561920.0, 4896710.0], [561910.0, 4896710.0], [561910.0, 4896690.0], [561920.0, 4896690.0], [561920.0, 4896660.0], [561930.0, 4896660.0], [561930.0, 4896640.0], [561940.0, 4896640.0], [561940.0, 4896580.0], [561930.0, 4896580.0], [561930.0, 4896550.0], [561920.0, 4896550.0], [561920.0, 4896500.0], [561910.0, 4896500.0], [561910.0, 4896490.0], [561900.0, 4896490.0], [561900.0, 4896480.0], [561890.0, 4896480.0], [561890.0, 4896470.0], [561880.0, 4896470.0], [561880.0, 4896460.0], [561870.0, 4896460.0], [561870.0, 4896430.0], [561860.0, 4896430.0], [561860.0, 4896410.0], [561850.0, 4896410.0], [561850.0, 4896400.0], [561860.0, 4896400.0], [561860.0, 4896350.0], [561870.0, 4896350.0], [561870.0, 4896330.0], [561880.0, 4896330.0], [561880.0, 4896290.0], [561870.0, 4896290.0], [561870.0, 4896280.0], [561860.0, 4896280.0], [561860.0, 4896270.0], [561850.0, 4896270.0], [561850.0, 4896220.0], [561860.0, 4896220.0], [561860.0, 4896170.0], [561870.0, 4896170.0], [561870.0, 4896160.0], [561860.0, 4896160.0], [561860.0, 4896000.0], [561850.0, 4896000.0], [561850.0, 4895930.0], [561860.0, 4895930.0], [561860.0, 4895920.0], [561870.0, 4895920.0], [561870.0, 4895600.0], [561880.0, 4895600.0], [561880.0, 4895580.0], [561890.0, 4895580.0], [561890.0, 4895550.0], [561920.0, 4895550.0], [561920.0, 4895560.0], [561940.0, 4895560.0], [561940.0, 4895570.0], [561970.0, 4895570.0], [561970.0, 4895580.0], [561990.0, 4895580.0], [561990.0, 4895590.0], [562020.0, 4895590.0], [562020.0, 4895600.0], [562060.0, 4895600.0], [562060.0, 4895610.0], [562090.0, 4895610.0], [562090.0, 4895620.0], [562100.0, 4895620.0], [562100.0, 4895630.0], [562120.0, 4895630.0], [562120.0, 4895640.0], [562150.0, 4895640.0], [562150.0, 4895630.0], [562170.0, 4895630.0], [562170.0, 4895620.0], [562190.0, 4895620.0], [562190.0, 4895610.0], [562210.0, 4895610.0], [562210.0, 4895600.0], [562220.0, 4895600.0], [562220.0, 4895590.0], [562240.0, 4895590.0], [562240.0, 4895600.0], [562250.0, 4895600.0], [562250.0, 4895590.0], [562260.0, 4895590.0], [562260.0, 4895580.0], [562350.0, 4895580.0], [562350.0, 4895570.0], [562390.0, 4895570.0], [562390.0, 4895560.0], [562430.0, 4895560.0], [562430.0, 4895550.0], [562450.0, 4895550.0], [562450.0, 4895540.0], [562460.0, 4895540.0], [562460.0, 4895530.0], [562470.0, 4895530.0], [562470.0, 4895520.0], [562490.0, 4895520.0], [562490.0, 4895510.0], [562500.0, 4895510.0], [562500.0, 4895500.0], [562520.0, 4895500.0], [562520.0, 4895490.0], [562530.0, 4895490.0], [562530.0, 4895480.0], [562550.0, 4895480.0], [562550.0, 4895470.0], [562560.0, 4895470.0], [562560.0, 4895460.0], [562580.0, 4895460.0], [562580.0, 4895450.0], [562600.0, 4895450.0], [562600.0, 4895440.0], [562660.0, 4895440.0], [562660.0, 4895450.0], [562710.0, 4895450.0], [562710.0, 4895440.0], [562750.0, 4895440.0], [562750.0, 4895430.0], [562800.0, 4895430.0], [562800.0, 4895440.0], [562820.0, 4895440.0], [562820.0, 4895450.0], [562830.0, 4895450.0], [562830.0, 4895460.0], [562840.0, 4895460.0], [562840.0, 4895470.0], [562850.0, 4895470.0], [562850.0, 4895480.0], [562860.0, 4895480.0], [562860.0, 4895490.0], [562870.0, 4895490.0], [562870.0, 4895480.0], [562920.0, 4895480.0], [562920.0, 4895490.0], [562940.0, 4895490.0], [562940.0, 4895500.0], [562950.0, 4895500.0], [562950.0, 4895510.0], [562960.0, 4895510.0], [562960.0, 4895520.0], [563080.0, 4895520.0], [563080.0, 4895530.0], [563090.0, 4895530.0], [563090.0, 4895540.0], [563100.0, 4895540.0], [563100.0, 4895550.0], [563110.0, 4895550.0], [563110.0, 4895560.0], [563220.0, 4895560.0], [563220.0, 4895550.0], [563230.0, 4895550.0], [563230.0, 4895540.0], [563250.0, 4895540.0], [563250.0, 4895530.0], [563440.0, 4895530.0], [563440.0, 4895520.0], [563480.0, 4895520.0], [563480.0, 4895510.0], [563560.0, 4895510.0], [563560.0, 4895520.0], [563570.0, 4895520.0], [563570.0, 4895530.0], [563600.0, 4895530.0], [563600.0, 4895520.0], [563620.0, 4895520.0], [563620.0, 4895510.0], [563640.0, 4895510.0], [563640.0, 4895520.0], [563650.0, 4895520.0], [563650.0, 4895530.0], [563660.0, 4895530.0], [563660.0, 4895540.0], [563670.0, 4895540.0], [563670.0, 4895550.0], [563780.0, 4895550.0], [563780.0, 4895560.0], [563820.0, 4895560.0], [563820.0, 4895570.0], [563830.0, 4895570.0], [563830.0, 4895580.0], [563840.0, 4895580.0], [563840.0, 4895590.0], [563850.0, 4895590.0], [563850.0, 4895600.0], [563870.0, 4895600.0], [563870.0, 4895610.0], [563880.0, 4895610.0], [563880.0, 4895620.0], [563890.0, 4895620.0], [563890.0, 4895640.0], [563900.0, 4895640.0], [563900.0, 4895650.0], [563910.0, 4895650.0], [563910.0, 4895660.0], [563920.0, 4895660.0], [563920.0, 4895680.0], [563910.0, 4895680.0], [563910.0, 4895670.0], [563870.0, 4895670.0], [563870.0, 4895660.0], [563800.0, 4895660.0], [563800.0, 4895670.0], [563770.0, 4895670.0], [563770.0, 4895680.0], [563760.0, 4895680.0], [563760.0, 4895690.0], [563750.0, 4895690.0], [563750.0, 4895700.0], [563740.0, 4895700.0], [563740.0, 4895710.0], [563730.0, 4895710.0], [563730.0, 4895720.0], [563720.0, 4895720.0], [563720.0, 4895730.0], [563710.0, 4895730.0], [563710.0, 4895740.0], [563700.0, 4895740.0], [563700.0, 4895750.0], [563690.0, 4895750.0], [563690.0, 4895760.0], [563680.0, 4895760.0], [563680.0, 4895770.0], [563670.0, 4895770.0], [563670.0, 4895780.0], [563660.0, 4895780.0], [563660.0, 4895790.0], [563650.0, 4895790.0], [563650.0, 4895800.0], [563640.0, 4895800.0], [563640.0, 4895810.0], [563630.0, 4895810.0], [563630.0, 4895820.0], [563620.0, 4895820.0], [563620.0, 4895830.0], [563610.0, 4895830.0], [563610.0, 4895840.0], [563600.0, 4895840.0], [563600.0, 4895850.0], [563590.0, 4895850.0], [563590.0, 4895860.0], [563580.0, 4895860.0], [563580.0, 4895870.0], [563570.0, 4895870.0], [563570.0, 4895880.0], [563560.0, 4895880.0], [563560.0, 4895890.0], [563550.0, 4895890.0], [563550.0, 4895900.0], [563540.0, 4895900.0], [563540.0, 4895910.0], [563530.0, 4895910.0], [563530.0, 4895920.0], [563520.0, 4895920.0], [563520.0, 4895930.0], [563510.0, 4895930.0], [563510.0, 4895940.0], [563500.0, 4895940.0], [563500.0, 4895950.0], [563490.0, 4895950.0], [563490.0, 4895960.0], [563480.0, 4895960.0], [563480.0, 4895970.0], [563470.0, 4895970.0], [563470.0, 4895980.0], [563460.0, 4895980.0], [563460.0, 4895990.0], [563450.0, 4895990.0], [563450.0, 4896000.0], [563440.0, 4896000.0], [563440.0, 4896010.0], [563430.0, 4896010.0], [563430.0, 4896020.0], [563420.0, 4896020.0], [563420.0, 4896030.0], [563410.0, 4896030.0], [563410.0, 4896040.0], [563400.0, 4896040.0], [563400.0, 4896050.0], [563390.0, 4896050.0], [563390.0, 4896060.0], [563380.0, 4896060.0], [563380.0, 4896070.0], [563350.0, 4896070.0], [563350.0, 4896080.0], [563340.0, 4896080.0], [563340.0, 4896090.0], [563330.0, 4896090.0], [563330.0, 4896100.0], [563320.0, 4896100.0], [563320.0, 4896110.0], [563310.0, 4896110.0], [563310.0, 4896120.0], [563300.0, 4896120.0], [563300.0, 4896130.0], [563290.0, 4896130.0], [563290.0, 4896150.0], [563280.0, 4896150.0], [563280.0, 4896220.0], [563270.0, 4896220.0], [563270.0, 4896270.0], [563260.0, 4896270.0], [563260.0, 4896300.0], [563250.0, 4896300.0], [563250.0, 4896310.0], [563240.0, 4896310.0], [563240.0, 4896330.0], [563230.0, 4896330.0], [563230.0, 4896340.0], [563220.0, 4896340.0], [563220.0, 4896360.0], [563210.0, 4896360.0], [563210.0, 4896380.0], [563200.0, 4896380.0], [563200.0, 4896410.0], [563190.0, 4896410.0], [563190.0, 4896420.0], [563180.0, 4896420.0], [563180.0, 4896440.0], [563170.0, 4896440.0], [563170.0, 4896450.0], [563160.0, 4896450.0], [563160.0, 4896460.0], [563140.0, 4896460.0], [563140.0, 4896470.0], [563130.0, 4896470.0], [563130.0, 4896460.0], [563100.0, 4896460.0], [563100.0, 4896470.0], [563060.0, 4896470.0], [563060.0, 4896480.0], [563040.0, 4896480.0], [563040.0, 4896490.0], [563020.0, 4896490.0], [563020.0, 4896500.0], [563010.0, 4896500.0], [563010.0, 4896510.0], [563000.0, 4896510.0], [563000.0, 4896520.0], [562990.0, 4896520.0], [562990.0, 4896530.0], [562960.0, 4896530.0], [562960.0, 4896550.0], [562950.0, 4896550.0], [562950.0, 4896560.0], [562940.0, 4896560.0], [562940.0, 4896570.0], [562930.0, 4896570.0], [562930.0, 4896580.0], [562910.0, 4896580.0], [562910.0, 4896590.0], [562900.0, 4896590.0], [562900.0, 4896600.0], [562890.0, 4896600.0], [562890.0, 4896620.0], [562870.0, 4896620.0], [562870.0, 4896640.0], [562860.0, 4896640.0], [562860.0, 4896650.0], [562850.0, 4896650.0], [562850.0, 4896660.0], [562840.0, 4896660.0], [562840.0, 4896670.0], [562820.0, 4896670.0], [562820.0, 4896710.0], [562810.0, 4896710.0], [562810.0, 4896720.0], [562800.0, 4896720.0], [562800.0, 4896730.0], [562780.0, 4896730.0], [562780.0, 4896720.0], [562770.0, 4896720.0], [562770.0, 4896740.0], [562760.0, 4896740.0], [562760.0, 4896770.0], [562750.0, 4896770.0], [562750.0, 4896790.0], [562740.0, 4896790.0], [562740.0, 4896810.0], [562750.0, 4896810.0], [562750.0, 4896860.0], [562740.0, 4896860.0], [562740.0, 4896870.0], [562730.0, 4896870.0], [562730.0, 4896880.0], [562720.0, 4896880.0], [562720.0, 4896890.0], [562710.0, 4896890.0], [562710.0, 4896900.0], [562690.0, 4896900.0], [562690.0, 4896910.0], [562680.0, 4896910.0], [562680.0, 4896940.0], [562670.0, 4896940.0], [562670.0, 4896970.0], [562660.0, 4896970.0], [562660.0, 4896980.0], [562560.0, 4896980.0], [562560.0, 4896970.0], [562510.0, 4896970.0], [562510.0, 4896980.0], [562500.0, 4896980.0], [562500.0, 4896990.0], [562430.0, 4896990.0], [562430.0, 4897000.0], [562410.0, 4897000.0], [562410.0, 4897010.0], [562390.0, 4897010.0], [562390.0, 4897020.0], [562360.0, 4897020.0], [562360.0, 4897030.0], [562300.0, 4897030.0], [562300.0, 4897040.0], [562270.0, 4897040.0], [562270.0, 4897050.0], [562250.0, 4897050.0], [562250.0, 4897060.0], [562230.0, 4897060.0], [562230.0, 4897070.0], [562210.0, 4897070.0], [562210.0, 4897080.0], [562200.0, 4897080.0], [562200.0, 4897090.0], [562190.0, 4897090.0], [562190.0, 4897100.0], [562170.0, 4897100.0], [562170.0, 4897110.0], [562150.0, 4897110.0], [562150.0, 4897120.0], [562120.0, 4897120.0], [562120.0, 4897130.0], [562110.0, 4897130.0], [562110.0, 4897140.0], [562100.0, 4897140.0], [562100.0, 4897150.0], [562090.0, 4897150.0], [562090.0, 4897160.0], [562080.0, 4897160.0], [562080.0, 4897170.0], [562070.0, 4897170.0], [562070.0, 4897180.0], [562020.0, 4897180.0], [562020.0, 4897190.0], [562010.0, 4897190.0], [562010.0, 4897200.0], [562000.0, 4897200.0], [562000.0, 4897210.0], [561990.0, 4897210.0], [561990.0, 4897230.0], [561980.0, 4897230.0], [561980.0, 4897250.0], [561970.0, 4897250.0], [561970.0, 4897280.0], [561960.0, 4897280.0], [561960.0, 4897300.0], [561950.0, 4897300.0], [561950.0, 4897330.0], [561940.0, 4897330.0], [561940.0, 4897340.0], [561930.0, 4897340.0], [561930.0, 4897350.0], [561880.0, 4897350.0], [561880.0, 4897360.0], [561870.0, 4897360.0], [561870.0, 4897370.0], [561860.0, 4897370.0], [561860.0, 4897380.0], [561850.0, 4897380.0], [561850.0, 4897390.0], [561800.0, 4897390.0]]]}, "properties": {"site_code": "54", "dem_area_ha": 209.84, "routing_qc_pass": true}}, {"type": "Feature", "geometry": {"type": "Polygon", "coordinates": [[[564610.0, 4897870.0], [564610.0, 4897860.0], [564600.0, 4897860.0], [564600.0, 4897850.0], [564590.0, 4897850.0], [564590.0, 4897750.0], [564580.0, 4897750.0], [564580.0, 4897740.0], [564570.0, 4897740.0], [564570.0, 4897730.0], [564560.0, 4897730.0], [564560.0, 4897720.0], [564550.0, 4897720.0], [564550.0, 4897700.0], [564540.0, 4897700.0], [564540.0, 4897660.0], [564530.0, 4897660.0], [564530.0, 4897640.0], [564510.0, 4897640.0], [564510.0, 4897630.0], [564490.0, 4897630.0], [564490.0, 4897540.0], [564500.0, 4897540.0], [564500.0, 4897510.0], [564510.0, 4897510.0], [564510.0, 4897470.0], [564520.0, 4897470.0], [564520.0, 4897400.0], [564530.0, 4897400.0], [564530.0, 4897210.0], [564540.0, 4897210.0], [564540.0, 4897180.0], [564550.0, 4897180.0], [564550.0, 4897140.0], [564560.0, 4897140.0], [564560.0, 4897080.0], [564570.0, 4897080.0], [564570.0, 4897070.0], [564580.0, 4897070.0], [564580.0, 4896850.0], [564590.0, 4896850.0], [564590.0, 4896840.0], [564600.0, 4896840.0], [564600.0, 4896830.0], [564610.0, 4896830.0], [564610.0, 4896840.0], [564660.0, 4896840.0], [564660.0, 4896850.0], [564670.0, 4896850.0], [564670.0, 4896860.0], [564700.0, 4896860.0], [564700.0, 4896870.0], [564710.0, 4896870.0], [564710.0, 4896880.0], [564720.0, 4896880.0], [564720.0, 4896890.0], [564730.0, 4896890.0], [564730.0, 4896900.0], [564740.0, 4896900.0], [564740.0, 4897000.0], [564750.0, 4897000.0], [564750.0, 4897010.0], [564760.0, 4897010.0], [564760.0, 4897050.0], [564770.0, 4897050.0], [564770.0, 4897080.0], [564780.0, 4897080.0], [564780.0, 4897090.0], [564790.0, 4897090.0], [564790.0, 4897100.0], [564800.0, 4897100.0], [564800.0, 4897110.0], [564810.0, 4897110.0], [564810.0, 4897130.0], [564820.0, 4897130.0], [564820.0, 4897140.0], [564830.0, 4897140.0], [564830.0, 4897160.0], [564840.0, 4897160.0], [564840.0, 4897170.0], [564850.0, 4897170.0], [564850.0, 4897180.0], [564860.0, 4897180.0], [564860.0, 4897190.0], [564870.0, 4897190.0], [564870.0, 4897200.0], [564880.0, 4897200.0], [564880.0, 4897220.0], [564890.0, 4897220.0], [564890.0, 4897230.0], [564900.0, 4897230.0], [564900.0, 4897240.0], [564910.0, 4897240.0], [564910.0, 4897260.0], [564920.0, 4897260.0], [564920.0, 4897270.0], [564930.0, 4897270.0], [564930.0, 4897280.0], [564940.0, 4897280.0], [564940.0, 4897290.0], [564930.0, 4897290.0], [564930.0, 4897490.0], [564920.0, 4897490.0], [564920.0, 4897510.0], [564910.0, 4897510.0], [564910.0, 4897530.0], [564900.0, 4897530.0], [564900.0, 4897550.0], [564890.0, 4897550.0], [564890.0, 4897560.0], [564880.0, 4897560.0], [564880.0, 4897570.0], [564870.0, 4897570.0], [564870.0, 4897580.0], [564880.0, 4897580.0], [564880.0, 4897610.0], [564870.0, 4897610.0], [564870.0, 4897640.0], [564840.0, 4897640.0], [564840.0, 4897650.0], [564830.0, 4897650.0], [564830.0, 4897660.0], [564820.0, 4897660.0], [564820.0, 4897670.0], [564810.0, 4897670.0], [564810.0, 4897680.0], [564790.0, 4897680.0], [564790.0, 4897690.0], [564780.0, 4897690.0], [564780.0, 4897710.0], [564770.0, 4897710.0], [564770.0, 4897720.0], [564740.0, 4897720.0], [564740.0, 4897730.0], [564730.0, 4897730.0], [564730.0, 4897740.0], [564720.0, 4897740.0], [564720.0, 4897750.0], [564710.0, 4897750.0], [564710.0, 4897760.0], [564700.0, 4897760.0], [564700.0, 4897770.0], [564690.0, 4897770.0], [564690.0, 4897780.0], [564680.0, 4897780.0], [564680.0, 4897790.0], [564670.0, 4897790.0], [564670.0, 4897820.0], [564660.0, 4897820.0], [564660.0, 4897840.0], [564640.0, 4897840.0], [564640.0, 4897850.0], [564630.0, 4897850.0], [564630.0, 4897860.0], [564620.0, 4897860.0], [564620.0, 4897870.0], [564610.0, 4897870.0]]]}, "properties": {"site_code": "192", "dem_area_ha": 27.9, "routing_qc_pass": true}}, {"type": "Feature", "geometry": {"type": "Polygon", "coordinates": [[[561980.0, 4896780.0], [561980.0, 4896760.0], [561970.0, 4896760.0], [561970.0, 4896740.0], [561960.0, 4896740.0], [561960.0, 4896730.0], [561950.0, 4896730.0], [561950.0, 4896720.0], [561920.0, 4896720.0], [561920.0, 4896710.0], [561910.0, 4896710.0], [561910.0, 4896690.0], [561920.0, 4896690.0], [561920.0, 4896660.0], [561930.0, 4896660.0], [561930.0, 4896640.0], [561940.0, 4896640.0], [561940.0, 4896580.0], [561930.0, 4896580.0], [561930.0, 4896550.0], [561920.0, 4896550.0], [561920.0, 4896500.0], [561910.0, 4896500.0], [561910.0, 4896490.0], [561900.0, 4896490.0], [561900.0, 4896480.0], [561890.0, 4896480.0], [561890.0, 4896470.0], [561880.0, 4896470.0], [561880.0, 4896460.0], [561870.0, 4896460.0], [561870.0, 4896430.0], [561860.0, 4896430.0], [561860.0, 4896410.0], [561850.0, 4896410.0], [561850.0, 4896400.0], [561860.0, 4896400.0], [561860.0, 4896350.0], [561870.0, 4896350.0], [561870.0, 4896330.0], [561880.0, 4896330.0], [561880.0, 4896290.0], [561870.0, 4896290.0], [561870.0, 4896280.0], [561860.0, 4896280.0], [561860.0, 4896270.0], [561850.0, 4896270.0], [561850.0, 4896220.0], [561860.0, 4896220.0], [561860.0, 4896170.0], [561870.0, 4896170.0], [561870.0, 4896160.0], [561860.0, 4896160.0], [561860.0, 4896000.0], [561850.0, 4896000.0], [561850.0, 4895930.0], [561860.0, 4895930.0], [561860.0, 4895920.0], [561870.0, 4895920.0], [561870.0, 4895600.0], [561880.0, 4895600.0], [561880.0, 4895580.0], [561890.0, 4895580.0], [561890.0, 4895550.0], [561920.0, 4895550.0], [561920.0, 4895560.0], [561940.0, 4895560.0], [561940.0, 4895570.0], [561970.0, 4895570.0], [561970.0, 4895580.0], [561990.0, 4895580.0], [561990.0, 4895590.0], [562020.0, 4895590.0], [562020.0, 4895600.0], [562060.0, 4895600.0], [562060.0, 4895610.0], [562090.0, 4895610.0], [562090.0, 4895620.0], [562100.0, 4895620.0], [562100.0, 4895630.0], [562120.0, 4895630.0], [562120.0, 4895640.0], [562150.0, 4895640.0], [562150.0, 4895630.0], [562170.0, 4895630.0], [562170.0, 4895620.0], [562190.0, 4895620.0], [562190.0, 4895610.0], [562210.0, 4895610.0], [562210.0, 4895600.0], [562220.0, 4895600.0], [562220.0, 4895590.0], [562240.0, 4895590.0], [562240.0, 4895600.0], [562250.0, 4895600.0], [562250.0, 4895590.0], [562260.0, 4895590.0], [562260.0, 4895580.0], [562350.0, 4895580.0], [562350.0, 4895570.0], [562390.0, 4895570.0], [562390.0, 4895560.0], [562430.0, 4895560.0], [562430.0, 4895550.0], [562450.0, 4895550.0], [562450.0, 4895540.0], [562460.0, 4895540.0], [562460.0, 4895530.0], [562470.0, 4895530.0], [562470.0, 4895520.0], [562490.0, 4895520.0], [562490.0, 4895510.0], [562500.0, 4895510.0], [562500.0, 4895500.0], [562520.0, 4895500.0], [562520.0, 4895490.0], [562530.0, 4895490.0], [562530.0, 4895480.0], [562550.0, 4895480.0], [562550.0, 4895470.0], [562560.0, 4895470.0], [562560.0, 4895460.0], [562580.0, 4895460.0], [562580.0, 4895450.0], [562600.0, 4895450.0], [562600.0, 4895440.0], [562660.0, 4895440.0], [562660.0, 4895450.0], [562710.0, 4895450.0], [562710.0, 4895440.0], [562750.0, 4895440.0], [562750.0, 4895430.0], [562800.0, 4895430.0], [562800.0, 4895440.0], [562820.0, 4895440.0], [562820.0, 4895450.0], [562830.0, 4895450.0], [562830.0, 4895460.0], [562840.0, 4895460.0], [562840.0, 4895470.0], [562850.0, 4895470.0], [562850.0, 4895480.0], [562860.0, 4895480.0], [562860.0, 4895490.0], [562870.0, 4895490.0], [562870.0, 4895480.0], [562920.0, 4895480.0], [562920.0, 4895490.0], [562940.0, 4895490.0], [562940.0, 4895500.0], [562950.0, 4895500.0], [562950.0, 4895510.0], [562960.0, 4895510.0], [562960.0, 4895520.0], [563080.0, 4895520.0], [563080.0, 4895530.0], [563090.0, 4895530.0], [563090.0, 4895540.0], [563100.0, 4895540.0], [563100.0, 4895550.0], [563110.0, 4895550.0], [563110.0, 4895560.0], [563220.0, 4895560.0], [563220.0, 4895550.0], [563230.0, 4895550.0], [563230.0, 4895540.0], [563250.0, 4895540.0], [563250.0, 4895530.0], [563440.0, 4895530.0], [563440.0, 4895520.0], [563480.0, 4895520.0], [563480.0, 4895510.0], [563560.0, 4895510.0], [563560.0, 4895520.0], [563570.0, 4895520.0], [563570.0, 4895530.0], [563600.0, 4895530.0], [563600.0, 4895520.0], [563620.0, 4895520.0], [563620.0, 4895510.0], [563640.0, 4895510.0], [563640.0, 4895520.0], [563650.0, 4895520.0], [563650.0, 4895530.0], [563660.0, 4895530.0], [563660.0, 4895540.0], [563670.0, 4895540.0], [563670.0, 4895550.0], [563780.0, 4895550.0], [563780.0, 4895560.0], [563820.0, 4895560.0], [563820.0, 4895570.0], [563830.0, 4895570.0], [563830.0, 4895580.0], [563840.0, 4895580.0], [563840.0, 4895590.0], [563850.0, 4895590.0], [563850.0, 4895600.0], [563870.0, 4895600.0], [563870.0, 4895610.0], [563880.0, 4895610.0], [563880.0, 4895620.0], [563890.0, 4895620.0], [563890.0, 4895640.0], [563900.0, 4895640.0], [563900.0, 4895650.0], [563910.0, 4895650.0], [563910.0, 4895660.0], [563920.0, 4895660.0], [563920.0, 4895680.0], [563910.0, 4895680.0], [563910.0, 4895670.0], [563870.0, 4895670.0], [563870.0, 4895660.0], [563800.0, 4895660.0], [563800.0, 4895670.0], [563770.0, 4895670.0], [563770.0, 4895680.0], [563760.0, 4895680.0], [563760.0, 4895690.0], [563750.0, 4895690.0], [563750.0, 4895700.0], [563740.0, 4895700.0], [563740.0, 4895710.0], [563730.0, 4895710.0], [563730.0, 4895720.0], [563720.0, 4895720.0], [563720.0, 4895730.0], [563710.0, 4895730.0], [563710.0, 4895740.0], [563700.0, 4895740.0], [563700.0, 4895750.0], [563690.0, 4895750.0], [563690.0, 4895760.0], [563680.0, 4895760.0], [563680.0, 4895770.0], [563670.0, 4895770.0], [563670.0, 4895780.0], [563660.0, 4895780.0], [563660.0, 4895790.0], [563650.0, 4895790.0], [563650.0, 4895800.0], [563640.0, 4895800.0], [563640.0, 4895810.0], [563630.0, 4895810.0], [563630.0, 4895820.0], [563620.0, 4895820.0], [563620.0, 4895830.0], [563610.0, 4895830.0], [563610.0, 4895840.0], [563600.0, 4895840.0], [563600.0, 4895850.0], [563590.0, 4895850.0], [563590.0, 4895860.0], [563580.0, 4895860.0], [563580.0, 4895870.0], [563570.0, 4895870.0], [563570.0, 4895880.0], [563560.0, 4895880.0], [563560.0, 4895890.0], [563550.0, 4895890.0], [563550.0, 4895900.0], [563540.0, 4895900.0], [563540.0, 4895910.0], [563530.0, 4895910.0], [563530.0, 4895920.0], [563520.0, 4895920.0], [563520.0, 4895930.0], [563510.0, 4895930.0], [563510.0, 4895940.0], [563500.0, 4895940.0], [563500.0, 4895950.0], [563490.0, 4895950.0], [563490.0, 4895960.0], [563480.0, 4895960.0], [563480.0, 4895970.0], [563470.0, 4895970.0], [563470.0, 4895980.0], [563460.0, 4895980.0], [563460.0, 4895990.0], [563450.0, 4895990.0], [563450.0, 4896000.0], [563440.0, 4896000.0], [563440.0, 4896010.0], [563430.0, 4896010.0], [563430.0, 4896020.0], [563420.0, 4896020.0], [563420.0, 4896030.0], [563410.0, 4896030.0], [563410.0, 4896040.0], [563400.0, 4896040.0], [563400.0, 4896050.0], [563390.0, 4896050.0], [563390.0, 4896060.0], [563380.0, 4896060.0], [563380.0, 4896070.0], [563350.0, 4896070.0], [563350.0, 4896080.0], [563260.0, 4896080.0], [563260.0, 4896070.0], [563250.0, 4896070.0], [563250.0, 4896060.0], [563240.0, 4896060.0], [563240.0, 4896050.0], [563220.0, 4896050.0], [563220.0, 4896040.0], [563210.0, 4896040.0], [563210.0, 4896030.0], [563200.0, 4896030.0], [563200.0, 4896020.0], [563190.0, 4896020.0], [563190.0, 4896010.0], [563100.0, 4896010.0], [563100.0, 4896000.0], [563090.0, 4896000.0], [563090.0, 4895990.0], [563080.0, 4895990.0], [563080.0, 4895980.0], [563070.0, 4895980.0], [563070.0, 4895970.0], [563060.0, 4895970.0], [563060.0, 4895960.0], [563050.0, 4895960.0], [563050.0, 4895950.0], [562940.0, 4895950.0], [562940.0, 4895960.0], [562920.0, 4895960.0], [562920.0, 4895970.0], [562880.0, 4895970.0], [562880.0, 4895980.0], [562870.0, 4895980.0], [562870.0, 4895990.0], [562860.0, 4895990.0], [562860.0, 4896000.0], [562850.0, 4896000.0], [562850.0, 4896010.0], [562830.0, 4896010.0], [562830.0, 4896020.0], [562820.0, 4896020.0], [562820.0, 4896030.0], [562780.0, 4896030.0], [562780.0, 4896040.0], [562770.0, 4896040.0], [562770.0, 4896070.0], [562760.0, 4896070.0], [562760.0, 4896080.0], [562750.0, 4896080.0], [562750.0, 4896090.0], [562740.0, 4896090.0], [562740.0, 4896100.0], [562730.0, 4896100.0], [562730.0, 4896110.0], [562720.0, 4896110.0], [562720.0, 4896120.0], [562710.0, 4896120.0], [562710.0, 4896150.0], [562700.0, 4896150.0], [562700.0, 4896170.0], [562690.0, 4896170.0], [562690.0, 4896180.0], [562680.0, 4896180.0], [562680.0, 4896190.0], [562670.0, 4896190.0], [562670.0, 4896180.0], [562660.0, 4896180.0], [562660.0, 4896170.0], [562540.0, 4896170.0], [562540.0, 4896180.0], [562530.0, 4896180.0], [562530.0, 4896190.0], [562520.0, 4896190.0], [562520.0, 4896200.0], [562480.0, 4896200.0], [562480.0, 4896210.0], [562470.0, 4896210.0], [562470.0, 4896220.0], [562440.0, 4896220.0], [562440.0, 4896230.0], [562400.0, 4896230.0], [562400.0, 4896240.0], [562390.0, 4896240.0], [562390.0, 4896250.0], [562380.0, 4896250.0], [562380.0, 4896260.0], [562370.0, 4896260.0], [562370.0, 4896270.0], [562360.0, 4896270.0], [562360.0, 4896280.0], [562350.0, 4896280.0], [562350.0, 4896290.0], [562340.0, 4896290.0], [562340.0, 4896310.0], [562330.0, 4896310.0], [562330.0, 4896320.0], [562320.0, 4896320.0], [562320.0, 4896340.0], [562310.0, 4896340.0], [562310.0, 4896360.0], [562300.0, 4896360.0], [562300.0, 4896370.0], [562250.0, 4896370.0], [562250.0, 4896380.0], [562240.0, 4896380.0], [562240.0, 4896390.0], [562230.0, 4896390.0], [562230.0, 4896400.0], [562220.0, 4896400.0], [562220.0, 4896410.0], [562210.0, 4896410.0], [562210.0, 4896420.0], [562200.0, 4896420.0], [562200.0, 4896430.0], [562190.0, 4896430.0], [562190.0, 4896440.0], [562180.0, 4896440.0], [562180.0, 4896450.0], [562170.0, 4896450.0], [562170.0, 4896460.0], [562160.0, 4896460.0], [562160.0, 4896480.0], [562150.0, 4896480.0], [562150.0, 4896500.0], [562140.0, 4896500.0], [562140.0, 4896520.0], [562130.0, 4896520.0], [562130.0, 4896530.0], [562120.0, 4896530.0], [562120.0, 4896540.0], [562110.0, 4896540.0], [562110.0, 4896550.0], [562100.0, 4896550.0], [562100.0, 4896560.0], [562090.0, 4896560.0], [562090.0, 4896570.0], [562080.0, 4896570.0], [562080.0, 4896580.0], [562070.0, 4896580.0], [562070.0, 4896590.0], [562040.0, 4896590.0], [562040.0, 4896600.0], [562030.0, 4896600.0], [562030.0, 4896690.0], [562040.0, 4896690.0], [562040.0, 4896740.0], [562030.0, 4896740.0], [562030.0, 4896750.0], [562020.0, 4896750.0], [562020.0, 4896760.0], [562010.0, 4896760.0], [562010.0, 4896770.0], [561990.0, 4896770.0], [561990.0, 4896780.0], [561980.0, 4896780.0]]]}, "properties": {"site_code": "KC-2", "dem_area_ha": 118.83, "routing_qc_pass": true}}, {"type": "Feature", "geometry": {"type": "Polygon", "coordinates": [[[569590.0, 4894920.0], [569590.0, 4894910.0], [569600.0, 4894910.0], [569600.0, 4894920.0], [569590.0, 4894920.0]]]}, "properties": {"site_code": "67", "dem_area_ha": 1573.19, "routing_qc_pass": true}}, {"type": "Feature", "geometry": {"type": "Polygon", "coordinates": [[[568780.0, 4900950.0], [568780.0, 4900940.0], [568760.0, 4900940.0], [568760.0, 4900930.0], [568730.0, 4900930.0], [568730.0, 4900920.0], [568710.0, 4900920.0], [568710.0, 4900910.0], [568690.0, 4900910.0], [568690.0, 4900900.0], [568680.0, 4900900.0], [568680.0, 4900890.0], [568670.0, 4900890.0], [568670.0, 4900880.0], [568660.0, 4900880.0], [568660.0, 4900860.0], [568650.0, 4900860.0], [568650.0, 4900820.0], [568640.0, 4900820.0], [568640.0, 4900810.0], [568630.0, 4900810.0], [568630.0, 4900790.0], [568620.0, 4900790.0], [568620.0, 4900780.0], [568610.0, 4900780.0], [568610.0, 4900770.0], [568600.0, 4900770.0], [568600.0, 4900760.0], [568590.0, 4900760.0], [568590.0, 4900750.0], [568580.0, 4900750.0], [568580.0, 4900740.0], [568570.0, 4900740.0], [568570.0, 4900730.0], [568560.0, 4900730.0], [568560.0, 4900710.0], [568550.0, 4900710.0], [568550.0, 4900700.0], [568520.0, 4900700.0], [568520.0, 4900690.0], [568500.0, 4900690.0], [568500.0, 4900680.0], [568490.0, 4900680.0], [568490.0, 4900660.0], [568480.0, 4900660.0], [568480.0, 4900650.0], [568470.0, 4900650.0], [568470.0, 4900640.0], [568460.0, 4900640.0], [568460.0, 4900630.0], [568450.0, 4900630.0], [568450.0, 4900620.0], [568440.0, 4900620.0], [568440.0, 4900610.0], [568430.0, 4900610.0], [568430.0, 4900570.0], [568420.0, 4900570.0], [568420.0, 4900560.0], [568410.0, 4900560.0], [568410.0, 4900550.0], [568400.0, 4900550.0], [568400.0, 4900540.0], [568390.0, 4900540.0], [568390.0, 4900530.0], [568380.0, 4900530.0], [568380.0, 4900520.0], [568370.0, 4900520.0], [568370.0, 4900510.0], [568350.0, 4900510.0], [568350.0, 4900500.0], [568300.0, 4900500.0], [568300.0, 4900490.0], [568290.0, 4900490.0], [568290.0, 4900480.0], [568280.0, 4900480.0], [568280.0, 4900470.0], [568210.0, 4900470.0], [568210.0, 4900480.0], [568160.0, 4900480.0], [568160.0, 4900460.0], [568150.0, 4900460.0], [568150.0, 4900470.0], [568120.0, 4900470.0], [568120.0, 4900480.0], [568110.0, 4900480.0], [568110.0, 4900470.0], [568100.0, 4900470.0], [568100.0, 4900460.0], [568070.0, 4900460.0], [568070.0, 4900470.0], [568040.0, 4900470.0], [568040.0, 4900480.0], [568030.0, 4900480.0], [568030.0, 4900490.0], [567940.0, 4900490.0], [567940.0, 4900480.0], [567900.0, 4900480.0], [567900.0, 4900470.0], [567880.0, 4900470.0], [567880.0, 4900460.0], [567870.0, 4900460.0], [567870.0, 4900430.0], [567860.0, 4900430.0], [567860.0, 4900420.0], [567850.0, 4900420.0], [567850.0, 4900410.0], [567840.0, 4900410.0], [567840.0, 4900400.0], [567830.0, 4900400.0], [567830.0, 4900390.0], [567800.0, 4900390.0], [567800.0, 4900380.0], [567790.0, 4900380.0], [567790.0, 4900370.0], [567780.0, 4900370.0], [567780.0, 4900360.0], [567770.0, 4900360.0], [567770.0, 4900350.0], [567760.0, 4900350.0], [567760.0, 4900340.0], [567750.0, 4900340.0], [567750.0, 4900330.0], [567740.0, 4900330.0], [567740.0, 4900320.0], [567730.0, 4900320.0], [567730.0, 4900310.0], [567710.0, 4900310.0], [567710.0, 4900300.0], [567700.0, 4900300.0], [567700.0, 4900290.0], [567680.0, 4900290.0], [567680.0, 4900280.0], [567660.0, 4900280.0], [567660.0, 4900270.0], [567650.0, 4900270.0], [567650.0, 4900260.0], [567640.0, 4900260.0], [567640.0, 4900250.0], [567630.0, 4900250.0], [567630.0, 4900240.0], [567620.0, 4900240.0], [567620.0, 4900230.0], [567610.0, 4900230.0], [567610.0, 4900220.0], [567600.0, 4900220.0], [567600.0, 4900210.0], [567580.0, 4900210.0], [567580.0, 4900200.0], [567570.0, 4900200.0], [567570.0, 4900190.0], [567560.0, 4900190.0], [567560.0, 4900180.0], [567550.0, 4900180.0], [567550.0, 4900170.0], [567540.0, 4900170.0], [567540.0, 4900160.0], [567530.0, 4900160.0], [567530.0, 4900140.0], [567520.0, 4900140.0], [567520.0, 4900120.0], [567510.0, 4900120.0], [567510.0, 4900110.0], [567480.0, 4900110.0], [567480.0, 4900100.0], [567470.0, 4900100.0], [567470.0, 4900090.0], [567460.0, 4900090.0], [567460.0, 4900080.0], [567450.0, 4900080.0], [567450.0, 4900070.0], [567430.0, 4900070.0], [567430.0, 4900060.0], [567420.0, 4900060.0], [567420.0, 4900050.0], [567410.0, 4900050.0], [567410.0, 4900040.0], [567390.0, 4900040.0], [567390.0, 4900030.0], [567370.0, 4900030.0], [567370.0, 4900020.0], [567360.0, 4900020.0], [567360.0, 4900010.0], [567350.0, 4900010.0], [567350.0, 4900000.0], [567340.0, 4900000.0], [567340.0, 4899990.0], [567330.0, 4899990.0], [567330.0, 4899970.0], [567320.0, 4899970.0], [567320.0, 4899940.0], [567310.0, 4899940.0], [567310.0, 4899930.0], [567300.0, 4899930.0], [567300.0, 4899910.0], [567290.0, 4899910.0], [567290.0, 4899900.0], [567270.0, 4899900.0], [567270.0, 4899890.0], [567260.0, 4899890.0], [567260.0, 4899880.0], [567250.0, 4899880.0], [567250.0, 4899870.0], [567240.0, 4899870.0], [567240.0, 4899860.0], [567230.0, 4899860.0], [567230.0, 4899850.0], [567220.0, 4899850.0], [567220.0, 4899840.0], [567210.0, 4899840.0], [567210.0, 4899820.0], [567200.0, 4899820.0], [567200.0, 4899800.0], [567190.0, 4899800.0], [567190.0, 4899790.0], [567180.0, 4899790.0], [567180.0, 4899780.0], [567170.0, 4899780.0], [567170.0, 4899770.0], [567160.0, 4899770.0], [567160.0, 4899760.0], [567150.0, 4899760.0], [567150.0, 4899660.0], [567160.0, 4899660.0], [567160.0, 4899650.0], [567170.0, 4899650.0], [567170.0, 4899640.0], [567180.0, 4899640.0], [567180.0, 4899630.0], [567190.0, 4899630.0], [567190.0, 4899620.0], [567200.0, 4899620.0], [567200.0, 4899610.0], [567210.0, 4899610.0], [567210.0, 4899600.0], [567220.0, 4899600.0], [567220.0, 4899590.0], [567230.0, 4899590.0], [567230.0, 4899580.0], [567240.0, 4899580.0], [567240.0, 4899570.0], [567250.0, 4899570.0], [567250.0, 4899560.0], [567260.0, 4899560.0], [567260.0, 4899540.0], [567270.0, 4899540.0], [567270.0, 4899530.0], [567280.0, 4899530.0], [567280.0, 4899520.0], [567290.0, 4899520.0], [567290.0, 4899510.0], [567280.0, 4899510.0], [567280.0, 4899490.0], [567270.0, 4899490.0], [567270.0, 4899460.0], [567260.0, 4899460.0], [567260.0, 4899440.0], [567250.0, 4899440.0], [567250.0, 4899430.0], [567240.0, 4899430.0], [567240.0, 4899200.0], [567250.0, 4899200.0], [567250.0, 4899130.0], [567240.0, 4899130.0], [567240.0, 4899070.0], [567250.0, 4899070.0], [567250.0, 4899050.0], [567260.0, 4899050.0], [567260.0, 4899040.0], [567270.0, 4899040.0], [567270.0, 4899030.0], [567260.0, 4899030.0], [567260.0, 4898910.0], [567270.0, 4898910.0], [567270.0, 4898850.0], [567260.0, 4898850.0], [567260.0, 4898780.0], [567250.0, 4898780.0], [567250.0, 4898760.0], [567240.0, 4898760.0], [567240.0, 4898730.0], [567230.0, 4898730.0], [567230.0, 4898710.0], [567220.0, 4898710.0], [567220.0, 4898680.0], [567210.0, 4898680.0], [567210.0, 4898660.0], [567200.0, 4898660.0], [567200.0, 4898650.0], [567190.0, 4898650.0], [567190.0, 4898620.0], [567180.0, 4898620.0], [567180.0, 4898580.0], [567170.0, 4898580.0], [567170.0, 4898550.0], [567160.0, 4898550.0], [567160.0, 4898540.0], [567150.0, 4898540.0], [567150.0, 4898520.0], [567140.0, 4898520.0], [567140.0, 4898480.0], [567130.0, 4898480.0], [567130.0, 4898460.0], [567120.0, 4898460.0], [567120.0, 4898440.0], [567100.0, 4898440.0], [567100.0, 4898430.0], [567080.0, 4898430.0], [567080.0, 4898420.0], [567060.0, 4898420.0], [567060.0, 4898410.0], [567040.0, 4898410.0], [567040.0, 4898400.0], [567030.0, 4898400.0], [567030.0, 4898390.0], [567020.0, 4898390.0], [567020.0, 4898380.0], [567010.0, 4898380.0], [567010.0, 4898330.0], [567020.0, 4898330.0], [567020.0, 4898320.0], [567030.0, 4898320.0], [567030.0, 4898250.0], [567040.0, 4898250.0], [567040.0, 4898240.0], [567050.0, 4898240.0], [567050.0, 4898170.0], [567060.0, 4898170.0], [567060.0, 4898150.0], [567070.0, 4898150.0], [567070.0, 4898140.0], [567080.0, 4898140.0], [567080.0, 4898130.0], [567090.0, 4898130.0], [567090.0, 4898060.0], [567100.0, 4898060.0], [567100.0, 4898050.0], [567110.0, 4898050.0], [567110.0, 4897980.0], [567100.0, 4897980.0], [567100.0, 4897970.0], [567090.0, 4897970.0], [567090.0, 4897960.0], [567120.0, 4897960.0], [567120.0, 4897950.0], [567130.0, 4897950.0], [567130.0, 4897940.0], [567140.0, 4897940.0], [567140.0, 4897930.0], [567150.0, 4897930.0], [567150.0, 4897920.0], [567160.0, 4897920.0], [567160.0, 4897910.0], [567190.0, 4897910.0], [567190.0, 4897900.0], [567220.0, 4897900.0], [567220.0, 4897890.0], [567240.0, 4897890.0], [567240.0, 4897880.0], [567250.0, 4897880.0], [567250.0, 4897870.0], [567300.0, 4897870.0], [567300.0, 4897880.0], [567310.0, 4897880.0], [567310.0, 4897890.0], [567320.0, 4897890.0], [567320.0, 4897900.0], [567350.0, 4897900.0], [567350.0, 4897890.0], [567370.0, 4897890.0], [567370.0, 4897880.0], [567390.0, 4897880.0], [567390.0, 4897870.0], [567420.0, 4897870.0], [567420.0, 4897860.0], [567450.0, 4897860.0], [567450.0, 4897850.0], [567540.0, 4897850.0], [567540.0, 4897860.0], [567590.0, 4897860.0], [567590.0, 4897870.0], [567640.0, 4897870.0], [567640.0, 4897880.0], [567720.0, 4897880.0], [567720.0, 4897870.0], [567730.0, 4897870.0], [567730.0, 4897860.0], [567740.0, 4897860.0], [567740.0, 4897850.0], [567750.0, 4897850.0], [567750.0, 4897840.0], [567760.0, 4897840.0], [567760.0, 4897830.0], [567770.0, 4897830.0], [567770.0, 4897820.0], [567780.0, 4897820.0], [567780.0, 4897810.0], [567810.0, 4897810.0], [567810.0, 4897800.0], [567820.0, 4897800.0], [567820.0, 4897790.0], [567840.0, 4897790.0], [567840.0, 4897780.0], [567850.0, 4897780.0], [567850.0, 4897770.0], [567880.0, 4897770.0], [567880.0, 4897760.0], [567890.0, 4897760.0], [567890.0, 4897750.0], [567910.0, 4897750.0], [567910.0, 4897740.0], [567920.0, 4897740.0], [567920.0, 4897720.0], [567940.0, 4897720.0], [567940.0, 4897710.0], [567950.0, 4897710.0], [567950.0, 4897700.0], [567960.0, 4897700.0], [567960.0, 4897690.0], [567970.0, 4897690.0], [567970.0, 4897680.0], [567980.0, 4897680.0], [567980.0, 4897670.0], [567990.0, 4897670.0], [567990.0, 4897660.0], [568050.0, 4897660.0], [568050.0, 4897650.0], [568070.0, 4897650.0], [568070.0, 4897640.0], [568090.0, 4897640.0], [568090.0, 4897630.0], [568100.0, 4897630.0], [568100.0, 4897620.0], [568120.0, 4897620.0], [568120.0, 4897610.0], [568130.0, 4897610.0], [568130.0, 4897600.0], [568140.0, 4897600.0], [568140.0, 4897590.0], [568150.0, 4897590.0], [568150.0, 4897580.0], [568160.0, 4897580.0], [568160.0, 4897570.0], [568170.0, 4897570.0], [568170.0, 4897560.0], [568180.0, 4897560.0], [568180.0, 4897550.0], [568210.0, 4897550.0], [568210.0, 4897540.0], [568230.0, 4897540.0], [568230.0, 4897530.0], [568250.0, 4897530.0], [568250.0, 4897520.0], [568260.0, 4897520.0], [568260.0, 4897510.0], [568280.0, 4897510.0], [568280.0, 4897500.0], [568290.0, 4897500.0], [568290.0, 4897490.0], [568300.0, 4897490.0], [568300.0, 4897480.0], [568310.0, 4897480.0], [568310.0, 4897470.0], [568320.0, 4897470.0], [568320.0, 4897460.0], [568330.0, 4897460.0], [568330.0, 4897450.0], [568340.0, 4897450.0], [568340.0, 4897430.0], [568350.0, 4897430.0], [568350.0, 4897420.0], [568390.0, 4897420.0], [568390.0, 4897410.0], [568400.0, 4897410.0], [568400.0, 4897400.0], [568420.0, 4897400.0], [568420.0, 4897390.0], [568430.0, 4897390.0], [568430.0, 4897380.0], [568440.0, 4897380.0], [568440.0, 4897370.0], [568490.0, 4897370.0], [568490.0, 4897380.0], [568500.0, 4897380.0], [568500.0, 4897370.0], [568520.0, 4897370.0], [568520.0, 4897360.0], [568530.0, 4897360.0], [568530.0, 4897350.0], [568540.0, 4897350.0], [568540.0, 4897340.0], [568550.0, 4897340.0], [568550.0, 4897330.0], [568560.0, 4897330.0], [568560.0, 4897320.0], [568570.0, 4897320.0], [568570.0, 4897260.0], [568580.0, 4897260.0], [568580.0, 4897250.0], [568590.0, 4897250.0], [568590.0, 4897240.0], [568600.0, 4897240.0], [568600.0, 4897230.0], [568610.0, 4897230.0], [568610.0, 4897220.0], [568620.0, 4897220.0], [568620.0, 4897210.0], [568630.0, 4897210.0], [568630.0, 4897190.0], [568640.0, 4897190.0], [568640.0, 4897180.0], [568650.0, 4897180.0], [568650.0, 4897170.0], [568660.0, 4897170.0], [568660.0, 4897160.0], [568670.0, 4897160.0], [568670.0, 4897120.0], [568680.0, 4897120.0], [568680.0, 4896870.0], [568690.0, 4896870.0], [568690.0, 4896860.0], [568700.0, 4896860.0], [568700.0, 4896840.0], [568710.0, 4896840.0], [568710.0, 4896780.0], [568700.0, 4896780.0], [568700.0, 4896770.0], [568690.0, 4896770.0], [568690.0, 4896750.0], [568680.0, 4896750.0], [568680.0, 4896740.0], [568670.0, 4896740.0], [568670.0, 4896720.0], [568660.0, 4896720.0], [568660.0, 4896610.0], [568650.0, 4896610.0], [568650.0, 4896550.0], [568640.0, 4896550.0], [568640.0, 4896500.0], [568650.0, 4896500.0], [568650.0, 4896490.0], [568660.0, 4896490.0], [568660.0, 4896480.0], [568670.0, 4896480.0], [568670.0, 4896470.0], [568690.0, 4896470.0], [568690.0, 4896460.0], [568700.0, 4896460.0], [568700.0, 4896450.0], [568710.0, 4896450.0], [568710.0, 4896440.0], [568720.0, 4896440.0], [568720.0, 4896430.0], [568730.0, 4896430.0], [568730.0, 4896420.0], [568740.0, 4896420.0], [568740.0, 4896410.0], [568750.0, 4896410.0], [568750.0, 4896390.0], [568760.0, 4896390.0], [568760.0, 4896380.0], [568770.0, 4896380.0], [568770.0, 4896370.0], [568790.0, 4896370.0], [568790.0, 4896360.0], [568800.0, 4896360.0], [568800.0, 4896350.0], [568820.0, 4896350.0], [568820.0, 4896340.0], [568830.0, 4896340.0], [568830.0, 4896330.0], [568860.0, 4896330.0], [568860.0, 4896320.0], [568900.0, 4896320.0], [568900.0, 4896310.0], [568930.0, 4896310.0], [568930.0, 4896300.0], [569150.0, 4896300.0], [569150.0, 4896310.0], [569450.0, 4896310.0], [569450.0, 4896300.0], [569460.0, 4896300.0], [569460.0, 4896260.0], [569470.0, 4896260.0], [569470.0, 4896250.0], [569480.0, 4896250.0], [569480.0, 4896210.0], [569470.0, 4896210.0], [569470.0, 4896150.0], [569480.0, 4896150.0], [569480.0, 4896110.0], [569490.0, 4896110.0], [569490.0, 4896080.0], [569500.0, 4896080.0], [569500.0, 4896040.0], [569510.0, 4896040.0], [569510.0, 4896010.0], [569520.0, 4896010.0], [569520.0, 4895950.0], [569530.0, 4895950.0], [569530.0, 4895860.0], [569540.0, 4895860.0], [569540.0, 4895830.0], [569550.0, 4895830.0], [569550.0, 4895770.0], [569560.0, 4895770.0], [569560.0, 4895730.0], [569570.0, 4895730.0], [569570.0, 4895650.0], [569580.0, 4895650.0], [569580.0, 4895550.0], [569590.0, 4895550.0], [569590.0, 4895470.0], [569600.0, 4895470.0], [569600.0, 4895380.0], [569610.0, 4895380.0], [569610.0, 4895350.0], [569620.0, 4895350.0], [569620.0, 4895320.0], [569630.0, 4895320.0], [569630.0, 4895300.0], [569640.0, 4895300.0], [569640.0, 4895280.0], [569650.0, 4895280.0], [569650.0, 4895270.0], [569660.0, 4895270.0], [569660.0, 4895260.0], [569650.0, 4895260.0], [569650.0, 4895220.0], [569640.0, 4895220.0], [569640.0, 4895170.0], [569630.0, 4895170.0], [569630.0, 4895080.0], [569620.0, 4895080.0], [569620.0, 4895040.0], [569610.0, 4895040.0], [569610.0, 4894980.0], [569600.0, 4894980.0], [569600.0, 4894920.0], [569690.0, 4894920.0], [569690.0, 4894910.0], [569730.0, 4894910.0], [569730.0, 4894900.0], [569780.0, 4894900.0], [569780.0, 4894890.0], [569840.0, 4894890.0], [569840.0, 4894880.0], [569870.0, 4894880.0], [569870.0, 4894870.0], [569930.0, 4894870.0], [569930.0, 4894880.0], [569960.0, 4894880.0], [569960.0, 4894890.0], [569980.0, 4894890.0], [569980.0, 4894900.0], [570030.0, 4894900.0], [570030.0, 4894910.0], [570090.0, 4894910.0], [570090.0, 4894900.0], [570140.0, 4894900.0], [570140.0, 4894890.0], [570180.0, 4894890.0], [570180.0, 4894880.0], [570210.0, 4894880.0], [570210.0, 4894870.0], [570230.0, 4894870.0], [570230.0, 4894860.0], [570250.0, 4894860.0], [570250.0, 4894850.0], [570260.0, 4894850.0], [570260.0, 4894840.0], [570280.0, 4894840.0], [570280.0, 4894830.0], [570290.0, 4894830.0], [570290.0, 4894840.0], [570340.0, 4894840.0], [570340.0, 4894850.0], [570370.0, 4894850.0], [570370.0, 4894860.0], [570460.0, 4894860.0], [570460.0, 4894870.0], [570540.0, 4894870.0], [570540.0, 4894860.0], [570570.0, 4894860.0], [570570.0, 4894850.0], [570590.0, 4894850.0], [570590.0, 4894840.0], [570610.0, 4894840.0], [570610.0, 4894830.0], [570630.0, 4894830.0], [570630.0, 4894820.0], [570690.0, 4894820.0], [570690.0, 4894810.0], [570710.0, 4894810.0], [570710.0, 4894800.0], [570730.0, 4894800.0], [570730.0, 4894790.0], [570760.0, 4894790.0], [570760.0, 4894800.0], [570770.0, 4894800.0], [570770.0, 4894810.0], [570780.0, 4894810.0], [570780.0, 4894820.0], [570790.0, 4894820.0], [570790.0, 4894830.0], [570840.0, 4894830.0], [570840.0, 4894840.0], [570860.0, 4894840.0], [570860.0, 4894850.0], [570880.0, 4894850.0], [570880.0, 4894860.0], [570940.0, 4894860.0], [570940.0, 4894870.0], [570950.0, 4894870.0], [570950.0, 4894880.0], [570960.0, 4894880.0], [570960.0, 4894890.0], [570980.0, 4894890.0], [570980.0, 4894900.0], [570990.0, 4894900.0], [570990.0, 4894910.0], [571010.0, 4894910.0], [571010.0, 4894920.0], [571030.0, 4894920.0], [571030.0, 4894930.0], [571060.0, 4894930.0], [571060.0, 4894940.0], [571100.0, 4894940.0], [571100.0, 4894950.0], [571230.0, 4894950.0], [571230.0, 4894960.0], [571240.0, 4894960.0], [571240.0, 4894970.0], [571250.0, 4894970.0], [571250.0, 4894980.0], [571260.0, 4894980.0], [571260.0, 4895000.0], [571270.0, 4895000.0], [571270.0, 4895010.0], [571280.0, 4895010.0], [571280.0, 4895030.0], [571290.0, 4895030.0], [571290.0, 4895050.0], [571300.0, 4895050.0], [571300.0, 4895060.0], [571310.0, 4895060.0], [571310.0, 4895070.0], [571320.0, 4895070.0], [571320.0, 4895080.0], [571340.0, 4895080.0], [571340.0, 4895090.0], [571350.0, 4895090.0], [571350.0, 4895100.0], [571360.0, 4895100.0], [571360.0, 4895220.0], [571370.0, 4895220.0], [571370.0, 4895250.0], [571380.0, 4895250.0], [571380.0, 4895270.0], [571390.0, 4895270.0], [571390.0, 4895370.0], [571380.0, 4895370.0], [571380.0, 4895410.0], [571390.0, 4895410.0], [571390.0, 4895420.0], [571400.0, 4895420.0], [571400.0, 4895440.0], [571410.0, 4895440.0], [571410.0, 4895450.0], [571420.0, 4895450.0], [571420.0, 4895460.0], [571430.0, 4895460.0], [571430.0, 4895470.0], [571440.0, 4895470.0], [571440.0, 4895480.0], [571450.0, 4895480.0], [571450.0, 4895490.0], [571470.0, 4895490.0], [571470.0, 4895500.0], [571490.0, 4895500.0], [571490.0, 4895510.0], [571500.0, 4895510.0], [571500.0, 4895520.0], [571510.0, 4895520.0], [571510.0, 4895530.0], [571530.0, 4895530.0], [571530.0, 4895540.0], [571540.0, 4895540.0], [571540.0, 4895550.0], [571550.0, 4895550.0], [571550.0, 4895560.0], [571560.0, 4895560.0], [571560.0, 4895570.0], [571570.0, 4895570.0], [571570.0, 4895580.0], [571580.0, 4895580.0], [571580.0, 4895590.0], [571590.0, 4895590.0], [571590.0, 4895600.0], [571600.0, 4895600.0], [571600.0, 4895630.0], [571610.0, 4895630.0], [571610.0, 4895640.0], [571620.0, 4895640.0], [571620.0, 4895650.0], [571630.0, 4895650.0], [571630.0, 4895660.0], [571640.0, 4895660.0], [571640.0, 4895680.0], [571650.0, 4895680.0], [571650.0, 4895690.0], [571660.0, 4895690.0], [571660.0, 4895700.0], [571670.0, 4895700.0], [571670.0, 4895710.0], [571680.0, 4895710.0], [571680.0, 4895720.0], [571690.0, 4895720.0], [571690.0, 4895730.0], [571700.0, 4895730.0], [571700.0, 4895740.0], [571710.0, 4895740.0], [571710.0, 4895750.0], [571720.0, 4895750.0], [571720.0, 4895760.0], [571730.0, 4895760.0], [571730.0, 4895770.0], [571740.0, 4895770.0], [571740.0, 4895780.0], [571750.0, 4895780.0], [571750.0, 4895790.0], [571760.0, 4895790.0], [571760.0, 4895800.0], [571770.0, 4895800.0], [571770.0, 4895830.0], [571760.0, 4895830.0], [571760.0, 4895860.0], [571750.0, 4895860.0], [571750.0, 4895880.0], [571740.0, 4895880.0], [571740.0, 4895900.0], [571730.0, 4895900.0], [571730.0, 4895930.0], [571720.0, 4895930.0], [571720.0, 4895980.0], [571710.0, 4895980.0], [571710.0, 4896030.0], [571700.0, 4896030.0], [571700.0, 4896060.0], [571690.0, 4896060.0], [571690.0, 4896130.0], [571680.0, 4896130.0], [571680.0, 4896260.0], [571670.0, 4896260.0], [571670.0, 4896270.0], [571660.0, 4896270.0], [571660.0, 4896290.0], [571650.0, 4896290.0], [571650.0, 4896300.0], [571640.0, 4896300.0], [571640.0, 4896310.0], [571630.0, 4896310.0], [571630.0, 4896330.0], [571620.0, 4896330.0], [571620.0, 4896410.0], [571610.0, 4896410.0], [571610.0, 4896450.0], [571600.0, 4896450.0], [571600.0, 4896490.0], [571590.0, 4896490.0], [571590.0, 4896520.0], [571580.0, 4896520.0], [571580.0, 4896560.0], [571590.0, 4896560.0], [571590.0, 4896580.0], [571580.0, 4896580.0], [571580.0, 4896630.0], [571570.0, 4896630.0], [571570.0, 4896800.0], [571560.0, 4896800.0], [571560.0, 4896810.0], [571540.0, 4896810.0], [571540.0, 4896820.0], [571530.0, 4896820.0], [571530.0, 4896830.0], [571510.0, 4896830.0], [571510.0, 4896840.0], [571500.0, 4896840.0], [571500.0, 4896860.0], [571490.0, 4896860.0], [571490.0, 4896870.0], [571480.0, 4896870.0], [571480.0, 4896890.0], [571470.0, 4896890.0], [571470.0, 4896910.0], [571460.0, 4896910.0], [571460.0, 4896940.0], [571450.0, 4896940.0], [571450.0, 4896960.0], [571440.0, 4896960.0], [571440.0, 4896980.0], [571430.0, 4896980.0], [571430.0, 4897000.0], [571420.0, 4897000.0], [571420.0, 4897030.0], [571410.0, 4897030.0], [571410.0, 4897170.0], [571420.0, 4897170.0], [571420.0, 4897210.0], [571410.0, 4897210.0], [571410.0, 4897280.0], [571400.0, 4897280.0], [571400.0, 4897290.0], [571390.0, 4897290.0], [571390.0, 4897340.0], [571400.0, 4897340.0], [571400.0, 4897400.0], [571410.0, 4897400.0], [571410.0, 4897450.0], [571420.0, 4897450.0], [571420.0, 4897460.0], [571430.0, 4897460.0], [571430.0, 4897480.0], [571440.0, 4897480.0], [571440.0, 4897490.0], [571450.0, 4897490.0], [571450.0, 4897590.0], [571460.0, 4897590.0], [571460.0, 4897630.0], [571450.0, 4897630.0], [571450.0, 4897640.0], [571430.0, 4897640.0], [571430.0, 4897650.0], [571420.0, 4897650.0], [571420.0, 4897660.0], [571410.0, 4897660.0], [571410.0, 4897670.0], [571400.0, 4897670.0], [571400.0, 4897680.0], [571390.0, 4897680.0], [571390.0, 4897690.0], [571380.0, 4897690.0], [571380.0, 4897710.0], [571370.0, 4897710.0], [571370.0, 4897720.0], [571360.0, 4897720.0], [571360.0, 4897730.0], [571350.0, 4897730.0], [571350.0, 4897740.0], [571340.0, 4897740.0], [571340.0, 4897750.0], [571330.0, 4897750.0], [571330.0, 4897760.0], [571320.0, 4897760.0], [571320.0, 4897860.0], [571330.0, 4897860.0], [571330.0, 4897880.0], [571340.0, 4897880.0], [571340.0, 4897910.0], [571350.0, 4897910.0], [571350.0, 4897940.0], [571360.0, 4897940.0], [571360.0, 4898010.0], [571370.0, 4898010.0], [571370.0, 4898060.0], [571360.0, 4898060.0], [571360.0, 4898130.0], [571350.0, 4898130.0], [571350.0, 4898150.0], [571340.0, 4898150.0], [571340.0, 4898180.0], [571330.0, 4898180.0], [571330.0, 4898280.0], [571340.0, 4898280.0], [571340.0, 4898310.0], [571330.0, 4898310.0], [571330.0, 4898330.0], [571320.0, 4898330.0], [571320.0, 4898360.0], [571310.0, 4898360.0], [571310.0, 4898430.0], [571300.0, 4898430.0], [571300.0, 4898450.0], [571290.0, 4898450.0], [571290.0, 4898460.0], [571280.0, 4898460.0], [571280.0, 4898480.0], [571270.0, 4898480.0], [571270.0, 4898490.0], [571260.0, 4898490.0], [571260.0, 4898510.0], [571250.0, 4898510.0], [571250.0, 4898520.0], [571240.0, 4898520.0], [571240.0, 4898530.0], [571230.0, 4898530.0], [571230.0, 4898540.0], [571220.0, 4898540.0], [571220.0, 4898560.0], [571210.0, 4898560.0], [571210.0, 4898570.0], [571200.0, 4898570.0], [571200.0, 4898580.0], [571190.0, 4898580.0], [571190.0, 4898590.0], [571180.0, 4898590.0], [571180.0, 4898600.0], [571170.0, 4898600.0], [571170.0, 4898620.0], [571160.0, 4898620.0], [571160.0, 4898630.0], [571150.0, 4898630.0], [571150.0, 4898640.0], [571140.0, 4898640.0], [571140.0, 4898660.0], [571130.0, 4898660.0], [571130.0, 4898680.0], [571060.0, 4898680.0], [571060.0, 4898690.0], [571030.0, 4898690.0], [571030.0, 4898700.0], [571020.0, 4898700.0], [571020.0, 4898710.0], [571000.0, 4898710.0], [571000.0, 4898720.0], [570980.0, 4898720.0], [570980.0, 4898730.0], [570970.0, 4898730.0], [570970.0, 4898740.0], [570960.0, 4898740.0], [570960.0, 4898750.0], [570950.0, 4898750.0], [570950.0, 4898760.0], [570930.0, 4898760.0], [570930.0, 4898770.0], [570920.0, 4898770.0], [570920.0, 4898780.0], [570910.0, 4898780.0], [570910.0, 4898790.0], [570900.0, 4898790.0], [570900.0, 4898800.0], [570890.0, 4898800.0], [570890.0, 4898810.0], [570880.0, 4898810.0], [570880.0, 4898820.0], [570860.0, 4898820.0], [570860.0, 4898830.0], [570850.0, 4898830.0], [570850.0, 4898840.0], [570840.0, 4898840.0], [570840.0, 4898850.0], [570830.0, 4898850.0], [570830.0, 4898860.0], [570820.0, 4898860.0], [570820.0, 4898870.0], [570810.0, 4898870.0], [570810.0, 4898880.0], [570800.0, 4898880.0], [570800.0, 4898890.0], [570780.0, 4898890.0], [570780.0, 4898900.0], [570770.0, 4898900.0], [570770.0, 4898910.0], [570750.0, 4898910.0], [570750.0, 4898920.0], [570740.0, 4898920.0], [570740.0, 4898930.0], [570730.0, 4898930.0], [570730.0, 4898940.0], [570720.0, 4898940.0], [570720.0, 4898950.0], [570700.0, 4898950.0], [570700.0, 4898960.0], [570690.0, 4898960.0], [570690.0, 4898970.0], [570680.0, 4898970.0], [570680.0, 4898980.0], [570670.0, 4898980.0], [570670.0, 4898990.0], [570660.0, 4898990.0], [570660.0, 4899000.0], [570650.0, 4899000.0], [570650.0, 4899010.0], [570640.0, 4899010.0], [570640.0, 4899020.0], [570630.0, 4899020.0], [570630.0, 4899030.0], [570620.0, 4899030.0], [570620.0, 4899040.0], [570610.0, 4899040.0], [570610.0, 4899050.0], [570590.0, 4899050.0], [570590.0, 4899060.0], [570580.0, 4899060.0], [570580.0, 4899070.0], [570550.0, 4899070.0], [570550.0, 4899080.0], [570450.0, 4899080.0], [570450.0, 4899090.0], [570130.0, 4899090.0], [570130.0, 4899100.0], [570110.0, 4899100.0], [570110.0, 4899110.0], [570070.0, 4899110.0], [570070.0, 4899120.0], [569930.0, 4899120.0], [569930.0, 4899110.0], [569840.0, 4899110.0], [569840.0, 4899120.0], [569810.0, 4899120.0], [569810.0, 4899130.0], [569800.0, 4899130.0], [569800.0, 4899140.0], [569790.0, 4899140.0], [569790.0, 4899150.0], [569780.0, 4899150.0], [569780.0, 4899160.0], [569770.0, 4899160.0], [569770.0, 4899170.0], [569760.0, 4899170.0], [569760.0, 4899180.0], [569740.0, 4899180.0], [569740.0, 4899190.0], [569730.0, 4899190.0], [569730.0, 4899200.0], [569710.0, 4899200.0], [569710.0, 4899210.0], [569700.0, 4899210.0], [569700.0, 4899220.0], [569690.0, 4899220.0], [569690.0, 4899230.0], [569680.0, 4899230.0], [569680.0, 4899250.0], [569690.0, 4899250.0], [569690.0, 4899290.0], [569700.0, 4899290.0], [569700.0, 4899320.0], [569710.0, 4899320.0], [569710.0, 4899350.0], [569720.0, 4899350.0], [569720.0, 4899370.0], [569730.0, 4899370.0], [569730.0, 4899400.0], [569740.0, 4899400.0], [569740.0, 4899420.0], [569750.0, 4899420.0], [569750.0, 4899440.0], [569760.0, 4899440.0], [569760.0, 4899490.0], [569750.0, 4899490.0], [569750.0, 4899530.0], [569770.0, 4899530.0], [569770.0, 4899570.0], [569780.0, 4899570.0], [569780.0, 4899640.0], [569770.0, 4899640.0], [569770.0, 4899750.0], [569760.0, 4899750.0], [569760.0, 4899770.0], [569750.0, 4899770.0], [569750.0, 4899860.0], [569740.0, 4899860.0], [569740.0, 4899960.0], [569730.0, 4899960.0], [569730.0, 4899970.0], [569690.0, 4899970.0], [569690.0, 4899980.0], [569670.0, 4899980.0], [569670.0, 4900000.0], [569660.0, 4900000.0], [569660.0, 4900010.0], [569650.0, 4900010.0], [569650.0, 4900020.0], [569640.0, 4900020.0], [569640.0, 4900030.0], [569630.0, 4900030.0], [569630.0, 4900040.0], [569620.0, 4900040.0], [569620.0, 4900050.0], [569600.0, 4900050.0], [569600.0, 4900060.0], [569590.0, 4900060.0], [569590.0, 4900070.0], [569570.0, 4900070.0], [569570.0, 4900080.0], [569560.0, 4900080.0], [569560.0, 4900090.0], [569550.0, 4900090.0], [569550.0, 4900100.0], [569540.0, 4900100.0], [569540.0, 4900120.0], [569530.0, 4900120.0], [569530.0, 4900130.0], [569520.0, 4900130.0], [569520.0, 4900140.0], [569510.0, 4900140.0], [569510.0, 4900150.0], [569500.0, 4900150.0], [569500.0, 4900170.0], [569490.0, 4900170.0], [569490.0, 4900180.0], [569480.0, 4900180.0], [569480.0, 4900190.0], [569470.0, 4900190.0], [569470.0, 4900210.0], [569460.0, 4900210.0], [569460.0, 4900230.0], [569450.0, 4900230.0], [569450.0, 4900240.0], [569440.0, 4900240.0], [569440.0, 4900250.0], [569430.0, 4900250.0], [569430.0, 4900260.0], [569420.0, 4900260.0], [569420.0, 4900280.0], [569410.0, 4900280.0], [569410.0, 4900290.0], [569400.0, 4900290.0], [569400.0, 4900300.0], [569380.0, 4900300.0], [569380.0, 4900310.0], [569370.0, 4900310.0], [569370.0, 4900330.0], [569360.0, 4900330.0], [569360.0, 4900340.0], [569350.0, 4900340.0], [569350.0, 4900360.0], [569340.0, 4900360.0], [569340.0, 4900370.0], [569330.0, 4900370.0], [569330.0, 4900380.0], [569320.0, 4900380.0], [569320.0, 4900400.0], [569310.0, 4900400.0], [569310.0, 4900410.0], [569300.0, 4900410.0], [569300.0, 4900420.0], [569290.0, 4900420.0], [569290.0, 4900430.0], [569280.0, 4900430.0], [569280.0, 4900450.0], [569270.0, 4900450.0], [569270.0, 4900460.0], [569260.0, 4900460.0], [569260.0, 4900470.0], [569250.0, 4900470.0], [569250.0, 4900480.0], [569240.0, 4900480.0], [569240.0, 4900490.0], [569230.0, 4900490.0], [569230.0, 4900510.0], [569220.0, 4900510.0], [569220.0, 4900520.0], [569210.0, 4900520.0], [569210.0, 4900530.0], [569200.0, 4900530.0], [569200.0, 4900540.0], [569190.0, 4900540.0], [569190.0, 4900550.0], [569180.0, 4900550.0], [569180.0, 4900570.0], [569170.0, 4900570.0], [569170.0, 4900580.0], [569160.0, 4900580.0], [569160.0, 4900600.0], [569150.0, 4900600.0], [569150.0, 4900610.0], [569140.0, 4900610.0], [569140.0, 4900630.0], [569130.0, 4900630.0], [569130.0, 4900650.0], [569120.0, 4900650.0], [569120.0, 4900660.0], [569110.0, 4900660.0], [569110.0, 4900680.0], [569100.0, 4900680.0], [569100.0, 4900690.0], [569090.0, 4900690.0], [569090.0, 4900700.0], [569080.0, 4900700.0], [569080.0, 4900710.0], [569070.0, 4900710.0], [569070.0, 4900740.0], [569060.0, 4900740.0], [569060.0, 4900750.0], [569050.0, 4900750.0], [569050.0, 4900760.0], [569040.0, 4900760.0], [569040.0, 4900780.0], [569030.0, 4900780.0], [569030.0, 4900790.0], [569020.0, 4900790.0], [569020.0, 4900820.0], [569010.0, 4900820.0], [569010.0, 4900830.0], [569000.0, 4900830.0], [569000.0, 4900840.0], [568990.0, 4900840.0], [568990.0, 4900850.0], [568980.0, 4900850.0], [568980.0, 4900870.0], [568960.0, 4900870.0], [568960.0, 4900880.0], [568950.0, 4900880.0], [568950.0, 4900890.0], [568940.0, 4900890.0], [568940.0, 4900900.0], [568920.0, 4900900.0], [568920.0, 4900910.0], [568900.0, 4900910.0], [568900.0, 4900920.0], [568880.0, 4900920.0], [568880.0, 4900930.0], [568830.0, 4900930.0], [568830.0, 4900940.0], [568790.0, 4900940.0], [568790.0, 4900950.0], [568780.0, 4900950.0]]]}, "properties": {"site_code": "67", "dem_area_ha": 1573.19, "routing_qc_pass": true}}, {"type": "Feature", "geometry": {"type": "Polygon", "coordinates": [[[562810.0, 4899580.0], [562810.0, 4899570.0], [562760.0, 4899570.0], [562760.0, 4899560.0], [562740.0, 4899560.0], [562740.0, 4899540.0], [562730.0, 4899540.0], [562730.0, 4899520.0], [562720.0, 4899520.0], [562720.0, 4899500.0], [562710.0, 4899500.0], [562710.0, 4899480.0], [562700.0, 4899480.0], [562700.0, 4899470.0], [562690.0, 4899470.0], [562690.0, 4899460.0], [562670.0, 4899460.0], [562670.0, 4899450.0], [562640.0, 4899450.0], [562640.0, 4899440.0], [562630.0, 4899440.0], [562630.0, 4899430.0], [562620.0, 4899430.0], [562620.0, 4899420.0], [562610.0, 4899420.0], [562610.0, 4899410.0], [562600.0, 4899410.0], [562600.0, 4899400.0], [562590.0, 4899400.0], [562590.0, 4899410.0], [562540.0, 4899410.0], [562540.0, 4899400.0], [562520.0, 4899400.0], [562520.0, 4899390.0], [562510.0, 4899390.0], [562510.0, 4899380.0], [562500.0, 4899380.0], [562500.0, 4899370.0], [562490.0, 4899370.0], [562490.0, 4899360.0], [562480.0, 4899360.0], [562480.0, 4899350.0], [562460.0, 4899350.0], [562460.0, 4899340.0], [562440.0, 4899340.0], [562440.0, 4899330.0], [562330.0, 4899330.0], [562330.0, 4899270.0], [562320.0, 4899270.0], [562320.0, 4899240.0], [562310.0, 4899240.0], [562310.0, 4899190.0], [562300.0, 4899190.0], [562300.0, 4899160.0], [562290.0, 4899160.0], [562290.0, 4899140.0], [562280.0, 4899140.0], [562280.0, 4899120.0], [562270.0, 4899120.0], [562270.0, 4899110.0], [562260.0, 4899110.0], [562260.0, 4899090.0], [562250.0, 4899090.0], [562250.0, 4899080.0], [562240.0, 4899080.0], [562240.0, 4899070.0], [562220.0, 4899070.0], [562220.0, 4899060.0], [562200.0, 4899060.0], [562200.0, 4899050.0], [562190.0, 4899050.0], [562190.0, 4899040.0], [562170.0, 4899040.0], [562170.0, 4899030.0], [562150.0, 4899030.0], [562150.0, 4899020.0], [562140.0, 4899020.0], [562140.0, 4899000.0], [562150.0, 4899000.0], [562150.0, 4898980.0], [562160.0, 4898980.0], [562160.0, 4898920.0], [562150.0, 4898920.0], [562150.0, 4898900.0], [562140.0, 4898900.0], [562140.0, 4898890.0], [562130.0, 4898890.0], [562130.0, 4898870.0], [562120.0, 4898870.0], [562120.0, 4898850.0], [562110.0, 4898850.0], [562110.0, 4898840.0], [562100.0, 4898840.0], [562100.0, 4898830.0], [562090.0, 4898830.0], [562090.0, 4898820.0], [562100.0, 4898820.0], [562100.0, 4898800.0], [562110.0, 4898800.0], [562110.0, 4898730.0], [562130.0, 4898730.0], [562130.0, 4898720.0], [562140.0, 4898720.0], [562140.0, 4898700.0], [562150.0, 4898700.0], [562150.0, 4898680.0], [562160.0, 4898680.0], [562160.0, 4898640.0], [562170.0, 4898640.0], [562170.0, 4898620.0], [562180.0, 4898620.0], [562180.0, 4898610.0], [562190.0, 4898610.0], [562190.0, 4898600.0], [562200.0, 4898600.0], [562200.0, 4898590.0], [562210.0, 4898590.0], [562210.0, 4898580.0], [562220.0, 4898580.0], [562220.0, 4898570.0], [562240.0, 4898570.0], [562240.0, 4898550.0], [562250.0, 4898550.0], [562250.0, 4898530.0], [562260.0, 4898530.0], [562260.0, 4898430.0], [562270.0, 4898430.0], [562270.0, 4898420.0], [562280.0, 4898420.0], [562280.0, 4898410.0], [562300.0, 4898410.0], [562300.0, 4898400.0], [562310.0, 4898400.0], [562310.0, 4898390.0], [562320.0, 4898390.0], [562320.0, 4898380.0], [562330.0, 4898380.0], [562330.0, 4898370.0], [562340.0, 4898370.0], [562340.0, 4898350.0], [562350.0, 4898350.0], [562350.0, 4898340.0], [562360.0, 4898340.0], [562360.0, 4898330.0], [562370.0, 4898330.0], [562370.0, 4898320.0], [562380.0, 4898320.0], [562380.0, 4898300.0], [562390.0, 4898300.0], [562390.0, 4898290.0], [562400.0, 4898290.0], [562400.0, 4898280.0], [562420.0, 4898280.0], [562420.0, 4898270.0], [562430.0, 4898270.0], [562430.0, 4898260.0], [562440.0, 4898260.0], [562440.0, 4898240.0], [562450.0, 4898240.0], [562450.0, 4898150.0], [562460.0, 4898150.0], [562460.0, 4898140.0], [562470.0, 4898140.0], [562470.0, 4898130.0], [562480.0, 4898130.0], [562480.0, 4898090.0], [562500.0, 4898090.0], [562500.0, 4898080.0], [562510.0, 4898080.0], [562510.0, 4898070.0], [562520.0, 4898070.0], [562520.0, 4898060.0], [562530.0, 4898060.0], [562530.0, 4898050.0], [562600.0, 4898050.0], [562600.0, 4898040.0], [562610.0, 4898040.0], [562610.0, 4898030.0], [562620.0, 4898030.0], [562620.0, 4898020.0], [562630.0, 4898020.0], [562630.0, 4898010.0], [562640.0, 4898010.0], [562640.0, 4898000.0], [562650.0, 4898000.0], [562650.0, 4897970.0], [562660.0, 4897970.0], [562660.0, 4897960.0], [562670.0, 4897960.0], [562670.0, 4897990.0], [562690.0, 4897990.0], [562690.0, 4898000.0], [562700.0, 4898000.0], [562700.0, 4898020.0], [562710.0, 4898020.0], [562710.0, 4898030.0], [562720.0, 4898030.0], [562720.0, 4898040.0], [562730.0, 4898040.0], [562730.0, 4898060.0], [562740.0, 4898060.0], [562740.0, 4898080.0], [562750.0, 4898080.0], [562750.0, 4898090.0], [562760.0, 4898090.0], [562760.0, 4898110.0], [562770.0, 4898110.0], [562770.0, 4898150.0], [562780.0, 4898150.0], [562780.0, 4898170.0], [562790.0, 4898170.0], [562790.0, 4898180.0], [562800.0, 4898180.0], [562800.0, 4898200.0], [562810.0, 4898200.0], [562810.0, 4898210.0], [562820.0, 4898210.0], [562820.0, 4898230.0], [562830.0, 4898230.0], [562830.0, 4898270.0], [562840.0, 4898270.0], [562840.0, 4898290.0], [562850.0, 4898290.0], [562850.0, 4898300.0], [562860.0, 4898300.0], [562860.0, 4898330.0], [562870.0, 4898330.0], [562870.0, 4898340.0], [562880.0, 4898340.0], [562880.0, 4898370.0], [562890.0, 4898370.0], [562890.0, 4898390.0], [562900.0, 4898390.0], [562900.0, 4898400.0], [562910.0, 4898400.0], [562910.0, 4898410.0], [562930.0, 4898410.0], [562930.0, 4898420.0], [562940.0, 4898420.0], [562940.0, 4898440.0], [562950.0, 4898440.0], [562950.0, 4898470.0], [562960.0, 4898470.0], [562960.0, 4898490.0], [562970.0, 4898490.0], [562970.0, 4898530.0], [562980.0, 4898530.0], [562980.0, 4898540.0], [562990.0, 4898540.0], [562990.0, 4898550.0], [563000.0, 4898550.0], [563000.0, 4898560.0], [563010.0, 4898560.0], [563010.0, 4898570.0], [563020.0, 4898570.0], [563020.0, 4898610.0], [563010.0, 4898610.0], [563010.0, 4898620.0], [563000.0, 4898620.0], [563000.0, 4898630.0], [562990.0, 4898630.0], [562990.0, 4898730.0], [563000.0, 4898730.0], [563000.0, 4898770.0], [563010.0, 4898770.0], [563010.0, 4898790.0], [563020.0, 4898790.0], [563020.0, 4898810.0], [563030.0, 4898810.0], [563030.0, 4898910.0], [563040.0, 4898910.0], [563040.0, 4898940.0], [563050.0, 4898940.0], [563050.0, 4898960.0], [563060.0, 4898960.0], [563060.0, 4898980.0], [563070.0, 4898980.0], [563070.0, 4899000.0], [563080.0, 4899000.0], [563080.0, 4899020.0], [563090.0, 4899020.0], [563090.0, 4899130.0], [563080.0, 4899130.0], [563080.0, 4899140.0], [563070.0, 4899140.0], [563070.0, 4899210.0], [563080.0, 4899210.0], [563080.0, 4899220.0], [563100.0, 4899220.0], [563100.0, 4899230.0], [563110.0, 4899230.0], [563110.0, 4899240.0], [563120.0, 4899240.0], [563120.0, 4899310.0], [563130.0, 4899310.0], [563130.0, 4899490.0], [563030.0, 4899490.0], [563030.0, 4899500.0], [563020.0, 4899500.0], [563020.0, 4899510.0], [563010.0, 4899510.0], [563010.0, 4899520.0], [563000.0, 4899520.0], [563000.0, 4899530.0], [562990.0, 4899530.0], [562990.0, 4899540.0], [562980.0, 4899540.0], [562980.0, 4899550.0], [562950.0, 4899550.0], [562950.0, 4899560.0], [562910.0, 4899560.0], [562910.0, 4899570.0], [562890.0, 4899570.0], [562890.0, 4899580.0], [562810.0, 4899580.0]]]}, "properties": {"site_code": "71", "dem_area_ha": 101.83, "routing_qc_pass": true}}, {"type": "Feature", "geometry": {"type": "Polygon", "coordinates": [[[560640.0, 4896450.0], [560640.0, 4896440.0], [560630.0, 4896440.0], [560630.0, 4896430.0], [560620.0, 4896430.0], [560620.0, 4896410.0], [560610.0, 4896410.0], [560610.0, 4896400.0], [560600.0, 4896400.0], [560600.0, 4896390.0], [560590.0, 4896390.0], [560590.0, 4896380.0], [560580.0, 4896380.0], [560580.0, 4896310.0], [560600.0, 4896310.0], [560600.0, 4896300.0], [560610.0, 4896300.0], [560610.0, 4896290.0], [560620.0, 4896290.0], [560620.0, 4896280.0], [560630.0, 4896280.0], [560630.0, 4896260.0], [560640.0, 4896260.0], [560640.0, 4896240.0], [560650.0, 4896240.0], [560650.0, 4896230.0], [560660.0, 4896230.0], [560660.0, 4896220.0], [560670.0, 4896220.0], [560670.0, 4896210.0], [560680.0, 4896210.0], [560680.0, 4896190.0], [560690.0, 4896190.0], [560690.0, 4896170.0], [560700.0, 4896170.0], [560700.0, 4896160.0], [560710.0, 4896160.0], [560710.0, 4896150.0], [560720.0, 4896150.0], [560720.0, 4896140.0], [560730.0, 4896140.0], [560730.0, 4896130.0], [560740.0, 4896130.0], [560740.0, 4896100.0], [560750.0, 4896100.0], [560750.0, 4896080.0], [560760.0, 4896080.0], [560760.0, 4896050.0], [560770.0, 4896050.0], [560770.0, 4896030.0], [560780.0, 4896030.0], [560780.0, 4896020.0], [560790.0, 4896020.0], [560790.0, 4896010.0], [560800.0, 4896010.0], [560800.0, 4896000.0], [560810.0, 4896000.0], [560810.0, 4895940.0], [560820.0, 4895940.0], [560820.0, 4895900.0], [560830.0, 4895900.0], [560830.0, 4895800.0], [560840.0, 4895800.0], [560840.0, 4895760.0], [560850.0, 4895760.0], [560850.0, 4895750.0], [560880.0, 4895750.0], [560880.0, 4895740.0], [560930.0, 4895740.0], [560930.0, 4895730.0], [560940.0, 4895730.0], [560940.0, 4895720.0], [560950.0, 4895720.0], [560950.0, 4895710.0], [560960.0, 4895710.0], [560960.0, 4895700.0], [560970.0, 4895700.0], [560970.0, 4895680.0], [560980.0, 4895680.0], [560980.0, 4895670.0], [560990.0, 4895670.0], [560990.0, 4895660.0], [561000.0, 4895660.0], [561000.0, 4895650.0], [561010.0, 4895650.0], [561010.0, 4895630.0], [561020.0, 4895630.0], [561020.0, 4895610.0], [561030.0, 4895610.0], [561030.0, 4895590.0], [561040.0, 4895590.0], [561040.0, 4895580.0], [561050.0, 4895580.0], [561050.0, 4895570.0], [561070.0, 4895570.0], [561070.0, 4895560.0], [561080.0, 4895560.0], [561080.0, 4895550.0], [561090.0, 4895550.0], [561090.0, 4895540.0], [561100.0, 4895540.0], [561100.0, 4895460.0], [561110.0, 4895460.0], [561110.0, 4895440.0], [561120.0, 4895440.0], [561120.0, 4895430.0], [561130.0, 4895430.0], [561130.0, 4895420.0], [561140.0, 4895420.0], [561140.0, 4895410.0], [561280.0, 4895410.0], [561280.0, 4895400.0], [561300.0, 4895400.0], [561300.0, 4895390.0], [561310.0, 4895390.0], [561310.0, 4895380.0], [561320.0, 4895380.0], [561320.0, 4895360.0], [561330.0, 4895360.0], [561330.0, 4895320.0], [561340.0, 4895320.0], [561340.0, 4895310.0], [561350.0, 4895310.0], [561350.0, 4895290.0], [561360.0, 4895290.0], [561360.0, 4895270.0], [561370.0, 4895270.0], [561370.0, 4895260.0], [561380.0, 4895260.0], [561380.0, 4895230.0], [561400.0, 4895230.0], [561400.0, 4895240.0], [561440.0, 4895240.0], [561440.0, 4895250.0], [561460.0, 4895250.0], [561460.0, 4895260.0], [561480.0, 4895260.0], [561480.0, 4895270.0], [561500.0, 4895270.0], [561500.0, 4895280.0], [561520.0, 4895280.0], [561520.0, 4895290.0], [561530.0, 4895290.0], [561530.0, 4895300.0], [561540.0, 4895300.0], [561540.0, 4895310.0], [561560.0, 4895310.0], [561560.0, 4895320.0], [561570.0, 4895320.0], [561570.0, 4895330.0], [561590.0, 4895330.0], [561590.0, 4895340.0], [561610.0, 4895340.0], [561610.0, 4895360.0], [561650.0, 4895360.0], [561650.0, 4895370.0], [561670.0, 4895370.0], [561670.0, 4895390.0], [561690.0, 4895390.0], [561690.0, 4895400.0], [561700.0, 4895400.0], [561700.0, 4895410.0], [561720.0, 4895410.0], [561720.0, 4895420.0], [561730.0, 4895420.0], [561730.0, 4895430.0], [561750.0, 4895430.0], [561750.0, 4895440.0], [561800.0, 4895440.0], [561800.0, 4895450.0], [561810.0, 4895450.0], [561810.0, 4895460.0], [561830.0, 4895460.0], [561830.0, 4895470.0], [561850.0, 4895470.0], [561850.0, 4895480.0], [561860.0, 4895480.0], [561860.0, 4895500.0], [561870.0, 4895500.0], [561870.0, 4895520.0], [561880.0, 4895520.0], [561880.0, 4895540.0], [561890.0, 4895540.0], [561890.0, 4895580.0], [561880.0, 4895580.0], [561880.0, 4895600.0], [561870.0, 4895600.0], [561870.0, 4895920.0], [561860.0, 4895920.0], [561860.0, 4895930.0], [561850.0, 4895930.0], [561850.0, 4895990.0], [561840.0, 4895990.0], [561840.0, 4896000.0], [561830.0, 4896000.0], [561830.0, 4896010.0], [561820.0, 4896010.0], [561820.0, 4896020.0], [561810.0, 4896020.0], [561810.0, 4896030.0], [561780.0, 4896030.0], [561780.0, 4896040.0], [561760.0, 4896040.0], [561760.0, 4896050.0], [561750.0, 4896050.0], [561750.0, 4896060.0], [561740.0, 4896060.0], [561740.0, 4896070.0], [561730.0, 4896070.0], [561730.0, 4896080.0], [561720.0, 4896080.0], [561720.0, 4896090.0], [561710.0, 4896090.0], [561710.0, 4896100.0], [561700.0, 4896100.0], [561700.0, 4896110.0], [561680.0, 4896110.0], [561680.0, 4896120.0], [561670.0, 4896120.0], [561670.0, 4896130.0], [561650.0, 4896130.0], [561650.0, 4896140.0], [561620.0, 4896140.0], [561620.0, 4896150.0], [561600.0, 4896150.0], [561600.0, 4896180.0], [561590.0, 4896180.0], [561590.0, 4896200.0], [561580.0, 4896200.0], [561580.0, 4896240.0], [561590.0, 4896240.0], [561590.0, 4896290.0], [561580.0, 4896290.0], [561580.0, 4896300.0], [561560.0, 4896300.0], [561560.0, 4896310.0], [561550.0, 4896310.0], [561550.0, 4896320.0], [561540.0, 4896320.0], [561540.0, 4896330.0], [561530.0, 4896330.0], [561530.0, 4896340.0], [561520.0, 4896340.0], [561520.0, 4896360.0], [561510.0, 4896360.0], [561510.0, 4896370.0], [561500.0, 4896370.0], [561500.0, 4896390.0], [561490.0, 4896390.0], [561490.0, 4896400.0], [561470.0, 4896400.0], [561470.0, 4896410.0], [561440.0, 4896410.0], [561440.0, 4896400.0], [561420.0, 4896400.0], [561420.0, 4896390.0], [561400.0, 4896390.0], [561400.0, 4896380.0], [561390.0, 4896380.0], [561390.0, 4896370.0], [561380.0, 4896370.0], [561380.0, 4896360.0], [561370.0, 4896360.0], [561370.0, 4896350.0], [561340.0, 4896350.0], [561340.0, 4896340.0], [561320.0, 4896340.0], [561320.0, 4896330.0], [561310.0, 4896330.0], [561310.0, 4896320.0], [561290.0, 4896320.0], [561290.0, 4896310.0], [561260.0, 4896310.0], [561260.0, 4896300.0], [561230.0, 4896300.0], [561230.0, 4896290.0], [561210.0, 4896290.0], [561210.0, 4896280.0], [561130.0, 4896280.0], [561130.0, 4896290.0], [561110.0, 4896290.0], [561110.0, 4896300.0], [561070.0, 4896300.0], [561070.0, 4896310.0], [561060.0, 4896310.0], [561060.0, 4896320.0], [561050.0, 4896320.0], [561050.0, 4896330.0], [561040.0, 4896330.0], [561040.0, 4896340.0], [561030.0, 4896340.0], [561030.0, 4896350.0], [561020.0, 4896350.0], [561020.0, 4896360.0], [560990.0, 4896360.0], [560990.0, 4896370.0], [560970.0, 4896370.0], [560970.0, 4896380.0], [560960.0, 4896380.0], [560960.0, 4896390.0], [560940.0, 4896390.0], [560940.0, 4896400.0], [560910.0, 4896400.0], [560910.0, 4896410.0], [560900.0, 4896410.0], [560900.0, 4896400.0], [560880.0, 4896400.0], [560880.0, 4896410.0], [560830.0, 4896410.0], [560830.0, 4896420.0], [560810.0, 4896420.0], [560810.0, 4896430.0], [560790.0, 4896430.0], [560790.0, 4896440.0], [560780.0, 4896440.0], [560780.0, 4896450.0], [560640.0, 4896450.0]]]}, "properties": {"site_code": "WS3-3", "dem_area_ha": 93.03, "routing_qc_pass": true}}, {"type": "Feature", "geometry": {"type": "Polygon", "coordinates": [[[560810.0, 4896410.0], [560810.0, 4896400.0], [560710.0, 4896400.0], [560710.0, 4896390.0], [560700.0, 4896390.0], [560700.0, 4896380.0], [560690.0, 4896380.0], [560690.0, 4896370.0], [560670.0, 4896370.0], [560670.0, 4896360.0], [560660.0, 4896360.0], [560660.0, 4896350.0], [560650.0, 4896350.0], [560650.0, 4896320.0], [560640.0, 4896320.0], [560640.0, 4896310.0], [560630.0, 4896310.0], [560630.0, 4896300.0], [560620.0, 4896300.0], [560620.0, 4896280.0], [560630.0, 4896280.0], [560630.0, 4896260.0], [560640.0, 4896260.0], [560640.0, 4896240.0], [560650.0, 4896240.0], [560650.0, 4896230.0], [560660.0, 4896230.0], [560660.0, 4896220.0], [560670.0, 4896220.0], [560670.0, 4896210.0], [560680.0, 4896210.0], [560680.0, 4896190.0], [560690.0, 4896190.0], [560690.0, 4896170.0], [560700.0, 4896170.0], [560700.0, 4896160.0], [560710.0, 4896160.0], [560710.0, 4896150.0], [560720.0, 4896150.0], [560720.0, 4896140.0], [560730.0, 4896140.0], [560730.0, 4896130.0], [560740.0, 4896130.0], [560740.0, 4896100.0], [560750.0, 4896100.0], [560750.0, 4896080.0], [560760.0, 4896080.0], [560760.0, 4896050.0], [560770.0, 4896050.0], [560770.0, 4896030.0], [560780.0, 4896030.0], [560780.0, 4896020.0], [560790.0, 4896020.0], [560790.0, 4896010.0], [560800.0, 4896010.0], [560800.0, 4896000.0], [560810.0, 4896000.0], [560810.0, 4895940.0], [560820.0, 4895940.0], [560820.0, 4895900.0], [560830.0, 4895900.0], [560830.0, 4895800.0], [560840.0, 4895800.0], [560840.0, 4895760.0], [560850.0, 4895760.0], [560850.0, 4895750.0], [560880.0, 4895750.0], [560880.0, 4895740.0], [560930.0, 4895740.0], [560930.0, 4895730.0], [560940.0, 4895730.0], [560940.0, 4895720.0], [560950.0, 4895720.0], [560950.0, 4895710.0], [560960.0, 4895710.0], [560960.0, 4895700.0], [560970.0, 4895700.0], [560970.0, 4895680.0], [560980.0, 4895680.0], [560980.0, 4895670.0], [560990.0, 4895670.0], [560990.0, 4895660.0], [561000.0, 4895660.0], [561000.0, 4895650.0], [561010.0, 4895650.0], [561010.0, 4895630.0], [561020.0, 4895630.0], [561020.0, 4895610.0], [561030.0, 4895610.0], [561030.0, 4895590.0], [561040.0, 4895590.0], [561040.0, 4895580.0], [561050.0, 4895580.0], [561050.0, 4895570.0], [561070.0, 4895570.0], [561070.0, 4895560.0], [561080.0, 4895560.0], [561080.0, 4895550.0], [561090.0, 4895550.0], [561090.0, 4895540.0], [561100.0, 4895540.0], [561100.0, 4895460.0], [561110.0, 4895460.0], [561110.0, 4895440.0], [561120.0, 4895440.0], [561120.0, 4895430.0], [561130.0, 4895430.0], [561130.0, 4895420.0], [561140.0, 4895420.0], [561140.0, 4895410.0], [561280.0, 4895410.0], [561280.0, 4895400.0], [561300.0, 4895400.0], [561300.0, 4895390.0], [561310.0, 4895390.0], [561310.0, 4895380.0], [561320.0, 4895380.0], [561320.0, 4895360.0], [561330.0, 4895360.0], [561330.0, 4895320.0], [561340.0, 4895320.0], [561340.0, 4895310.0], [561350.0, 4895310.0], [561350.0, 4895290.0], [561360.0, 4895290.0], [561360.0, 4895270.0], [561370.0, 4895270.0], [561370.0, 4895260.0], [561380.0, 4895260.0], [561380.0, 4895230.0], [561400.0, 4895230.0], [561400.0, 4895240.0], [561440.0, 4895240.0], [561440.0, 4895250.0], [561460.0, 4895250.0], [561460.0, 4895260.0], [561480.0, 4895260.0], [561480.0, 4895270.0], [561500.0, 4895270.0], [561500.0, 4895280.0], [561520.0, 4895280.0], [561520.0, 4895290.0], [561530.0, 4895290.0], [561530.0, 4895300.0], [561540.0, 4895300.0], [561540.0, 4895310.0], [561560.0, 4895310.0], [561560.0, 4895320.0], [561570.0, 4895320.0], [561570.0, 4895330.0], [561590.0, 4895330.0], [561590.0, 4895340.0], [561610.0, 4895340.0], [561610.0, 4895360.0], [561650.0, 4895360.0], [561650.0, 4895370.0], [561670.0, 4895370.0], [561670.0, 4895390.0], [561690.0, 4895390.0], [561690.0, 4895400.0], [561700.0, 4895400.0], [561700.0, 4895410.0], [561720.0, 4895410.0], [561720.0, 4895420.0], [561730.0, 4895420.0], [561730.0, 4895430.0], [561750.0, 4895430.0], [561750.0, 4895440.0], [561800.0, 4895440.0], [561800.0, 4895450.0], [561810.0, 4895450.0], [561810.0, 4895460.0], [561830.0, 4895460.0], [561830.0, 4895470.0], [561850.0, 4895470.0], [561850.0, 4895480.0], [561860.0, 4895480.0], [561860.0, 4895500.0], [561870.0, 4895500.0], [561870.0, 4895520.0], [561880.0, 4895520.0], [561880.0, 4895540.0], [561890.0, 4895540.0], [561890.0, 4895580.0], [561880.0, 4895580.0], [561880.0, 4895600.0], [561870.0, 4895600.0], [561870.0, 4895920.0], [561860.0, 4895920.0], [561860.0, 4895930.0], [561850.0, 4895930.0], [561850.0, 4895990.0], [561840.0, 4895990.0], [561840.0, 4896000.0], [561830.0, 4896000.0], [561830.0, 4896010.0], [561820.0, 4896010.0], [561820.0, 4896020.0], [561810.0, 4896020.0], [561810.0, 4896030.0], [561780.0, 4896030.0], [561780.0, 4896040.0], [561760.0, 4896040.0], [561760.0, 4896050.0], [561750.0, 4896050.0], [561750.0, 4896060.0], [561740.0, 4896060.0], [561740.0, 4896070.0], [561730.0, 4896070.0], [561730.0, 4896080.0], [561720.0, 4896080.0], [561720.0, 4896090.0], [561710.0, 4896090.0], [561710.0, 4896100.0], [561700.0, 4896100.0], [561700.0, 4896110.0], [561680.0, 4896110.0], [561680.0, 4896120.0], [561670.0, 4896120.0], [561670.0, 4896130.0], [561650.0, 4896130.0], [561650.0, 4896140.0], [561620.0, 4896140.0], [561620.0, 4896150.0], [561600.0, 4896150.0], [561600.0, 4896180.0], [561590.0, 4896180.0], [561590.0, 4896200.0], [561580.0, 4896200.0], [561580.0, 4896240.0], [561590.0, 4896240.0], [561590.0, 4896290.0], [561580.0, 4896290.0], [561580.0, 4896300.0], [561560.0, 4896300.0], [561560.0, 4896310.0], [561550.0, 4896310.0], [561550.0, 4896320.0], [561540.0, 4896320.0], [561540.0, 4896330.0], [561530.0, 4896330.0], [561530.0, 4896340.0], [561520.0, 4896340.0], [561520.0, 4896360.0], [561510.0, 4896360.0], [561510.0, 4896370.0], [561500.0, 4896370.0], [561500.0, 4896390.0], [561490.0, 4896390.0], [561490.0, 4896400.0], [561470.0, 4896400.0], [561470.0, 4896410.0], [561440.0, 4896410.0], [561440.0, 4896400.0], [561420.0, 4896400.0], [561420.0, 4896390.0], [561400.0, 4896390.0], [561400.0, 4896380.0], [561390.0, 4896380.0], [561390.0, 4896370.0], [561380.0, 4896370.0], [561380.0, 4896360.0], [561370.0, 4896360.0], [561370.0, 4896350.0], [561340.0, 4896350.0], [561340.0, 4896340.0], [561320.0, 4896340.0], [561320.0, 4896330.0], [561310.0, 4896330.0], [561310.0, 4896320.0], [561290.0, 4896320.0], [561290.0, 4896310.0], [561260.0, 4896310.0], [561260.0, 4896300.0], [561230.0, 4896300.0], [561230.0, 4896290.0], [561210.0, 4896290.0], [561210.0, 4896280.0], [561130.0, 4896280.0], [561130.0, 4896290.0], [561110.0, 4896290.0], [561110.0, 4896300.0], [561070.0, 4896300.0], [561070.0, 4896310.0], [561060.0, 4896310.0], [561060.0, 4896320.0], [561050.0, 4896320.0], [561050.0, 4896330.0], [561040.0, 4896330.0], [561040.0, 4896340.0], [561030.0, 4896340.0], [561030.0, 4896350.0], [561020.0, 4896350.0], [561020.0, 4896360.0], [560990.0, 4896360.0], [560990.0, 4896370.0], [560970.0, 4896370.0], [560970.0, 4896380.0], [560960.0, 4896380.0], [560960.0, 4896390.0], [560940.0, 4896390.0], [560940.0, 4896400.0], [560910.0, 4896400.0], [560910.0, 4896410.0], [560900.0, 4896410.0], [560900.0, 4896400.0], [560880.0, 4896400.0], [560880.0, 4896410.0], [560810.0, 4896410.0]]]}, "properties": {"site_code": "WS3-4", "dem_area_ha": 91.32, "routing_qc_pass": true}}, {"type": "Feature", "geometry": {"type": "Polygon", "coordinates": [[[568320.0, 4903470.0], [568320.0, 4903460.0], [568310.0, 4903460.0], [568310.0, 4903450.0], [568290.0, 4903450.0], [568290.0, 4903440.0], [568240.0, 4903440.0], [568240.0, 4903450.0], [568220.0, 4903450.0], [568220.0, 4903440.0], [568210.0, 4903440.0], [568210.0, 4903430.0], [568200.0, 4903430.0], [568200.0, 4903420.0], [568190.0, 4903420.0], [568190.0, 4903410.0], [568180.0, 4903410.0], [568180.0, 4903400.0], [568170.0, 4903400.0], [568170.0, 4903390.0], [568160.0, 4903390.0], [568160.0, 4903380.0], [568150.0, 4903380.0], [568150.0, 4903370.0], [568140.0, 4903370.0], [568140.0, 4903360.0], [568130.0, 4903360.0], [568130.0, 4903340.0], [568120.0, 4903340.0], [568120.0, 4903330.0], [568110.0, 4903330.0], [568110.0, 4903320.0], [568100.0, 4903320.0], [568100.0, 4903300.0], [568090.0, 4903300.0], [568090.0, 4903290.0], [568080.0, 4903290.0], [568080.0, 4903270.0], [568070.0, 4903270.0], [568070.0, 4903260.0], [568060.0, 4903260.0], [568060.0, 4903250.0], [568050.0, 4903250.0], [568050.0, 4903240.0], [568040.0, 4903240.0], [568040.0, 4903230.0], [568030.0, 4903230.0], [568030.0, 4903220.0], [568010.0, 4903220.0], [568010.0, 4903210.0], [567990.0, 4903210.0], [567990.0, 4903200.0], [567980.0, 4903200.0], [567980.0, 4903190.0], [567960.0, 4903190.0], [567960.0, 4903180.0], [567950.0, 4903180.0], [567950.0, 4903170.0], [567940.0, 4903170.0], [567940.0, 4903160.0], [567930.0, 4903160.0], [567930.0, 4903150.0], [567920.0, 4903150.0], [567920.0, 4903140.0], [567910.0, 4903140.0], [567910.0, 4903130.0], [567900.0, 4903130.0], [567900.0, 4903120.0], [567890.0, 4903120.0], [567890.0, 4903110.0], [567880.0, 4903110.0], [567880.0, 4903100.0], [567870.0, 4903100.0], [567870.0, 4903090.0], [567860.0, 4903090.0], [567860.0, 4903080.0], [567850.0, 4903080.0], [567850.0, 4903070.0], [567840.0, 4903070.0], [567840.0, 4903060.0], [567830.0, 4903060.0], [567830.0, 4903050.0], [567810.0, 4903050.0], [567810.0, 4903040.0], [567800.0, 4903040.0], [567800.0, 4903030.0], [567770.0, 4903030.0], [567770.0, 4903020.0], [567750.0, 4903020.0], [567750.0, 4903010.0], [567740.0, 4903010.0], [567740.0, 4903000.0], [567720.0, 4903000.0], [567720.0, 4902990.0], [567710.0, 4902990.0], [567710.0, 4902980.0], [567690.0, 4902980.0], [567690.0, 4902970.0], [567670.0, 4902970.0], [567670.0, 4902980.0], [567650.0, 4902980.0], [567650.0, 4902990.0], [567550.0, 4902990.0], [567550.0, 4903000.0], [567510.0, 4903000.0], [567510.0, 4903010.0], [567410.0, 4903010.0], [567410.0, 4903020.0], [567400.0, 4903020.0], [567400.0, 4903030.0], [567390.0, 4903030.0], [567390.0, 4903040.0], [567340.0, 4903040.0], [567340.0, 4903050.0], [567320.0, 4903050.0], [567320.0, 4903060.0], [567290.0, 4903060.0], [567290.0, 4903050.0], [567280.0, 4903050.0], [567280.0, 4903040.0], [567270.0, 4903040.0], [567270.0, 4903030.0], [567260.0, 4903030.0], [567260.0, 4903010.0], [567250.0, 4903010.0], [567250.0, 4903000.0], [567240.0, 4903000.0], [567240.0, 4902990.0], [567230.0, 4902990.0], [567230.0, 4902980.0], [567220.0, 4902980.0], [567220.0, 4902970.0], [567210.0, 4902970.0], [567210.0, 4902960.0], [567190.0, 4902960.0], [567190.0, 4902950.0], [567180.0, 4902950.0], [567180.0, 4902940.0], [567170.0, 4902940.0], [567170.0, 4902930.0], [567150.0, 4902930.0], [567150.0, 4902920.0], [567130.0, 4902920.0], [567130.0, 4902910.0], [567120.0, 4902910.0], [567120.0, 4902900.0], [567110.0, 4902900.0], [567110.0, 4902910.0], [566970.0, 4902910.0], [566970.0, 4902920.0], [566930.0, 4902920.0], [566930.0, 4902930.0], [566880.0, 4902930.0], [566880.0, 4902940.0], [566860.0, 4902940.0], [566860.0, 4902950.0], [566850.0, 4902950.0], [566850.0, 4902960.0], [566840.0, 4902960.0], [566840.0, 4902970.0], [566780.0, 4902970.0], [566780.0, 4902960.0], [566740.0, 4902960.0], [566740.0, 4902970.0], [566570.0, 4902970.0], [566570.0, 4902960.0], [566560.0, 4902960.0], [566560.0, 4902950.0], [566540.0, 4902950.0], [566540.0, 4902940.0], [566530.0, 4902940.0], [566530.0, 4902930.0], [566510.0, 4902930.0], [566510.0, 4902920.0], [566500.0, 4902920.0], [566500.0, 4902910.0], [566490.0, 4902910.0], [566490.0, 4902900.0], [566470.0, 4902900.0], [566470.0, 4902890.0], [566460.0, 4902890.0], [566460.0, 4902880.0], [566430.0, 4902880.0], [566430.0, 4902870.0], [566420.0, 4902870.0], [566420.0, 4902860.0], [566410.0, 4902860.0], [566410.0, 4902850.0], [566400.0, 4902850.0], [566400.0, 4902840.0], [566390.0, 4902840.0], [566390.0, 4902830.0], [566380.0, 4902830.0], [566380.0, 4902810.0], [566370.0, 4902810.0], [566370.0, 4902760.0], [566380.0, 4902760.0], [566380.0, 4902630.0], [566370.0, 4902630.0], [566370.0, 4902600.0], [566360.0, 4902600.0], [566360.0, 4902590.0], [566350.0, 4902590.0], [566350.0, 4902580.0], [566340.0, 4902580.0], [566340.0, 4902570.0], [566320.0, 4902570.0], [566320.0, 4902560.0], [566310.0, 4902560.0], [566310.0, 4902550.0], [566300.0, 4902550.0], [566300.0, 4902540.0], [566290.0, 4902540.0], [566290.0, 4902530.0], [566280.0, 4902530.0], [566280.0, 4902520.0], [566260.0, 4902520.0], [566260.0, 4902510.0], [566210.0, 4902510.0], [566210.0, 4902500.0], [566190.0, 4902500.0], [566190.0, 4902490.0], [566170.0, 4902490.0], [566170.0, 4902480.0], [566150.0, 4902480.0], [566150.0, 4902470.0], [566140.0, 4902470.0], [566140.0, 4902460.0], [566130.0, 4902460.0], [566130.0, 4902440.0], [566120.0, 4902440.0], [566120.0, 4902430.0], [566100.0, 4902430.0], [566100.0, 4902420.0], [566050.0, 4902420.0], [566050.0, 4902410.0], [566030.0, 4902410.0], [566030.0, 4902400.0], [566010.0, 4902400.0], [566010.0, 4902390.0], [566000.0, 4902390.0], [566000.0, 4902320.0], [565990.0, 4902320.0], [565990.0, 4902310.0], [565980.0, 4902310.0], [565980.0, 4902300.0], [565970.0, 4902300.0], [565970.0, 4902280.0], [565960.0, 4902280.0], [565960.0, 4902260.0], [565950.0, 4902260.0], [565950.0, 4902240.0], [565940.0, 4902240.0], [565940.0, 4902230.0], [565930.0, 4902230.0], [565930.0, 4902220.0], [565920.0, 4902220.0], [565920.0, 4902210.0], [565900.0, 4902210.0], [565900.0, 4902200.0], [565890.0, 4902200.0], [565890.0, 4902180.0], [565880.0, 4902180.0], [565880.0, 4902160.0], [565870.0, 4902160.0], [565870.0, 4902150.0], [565850.0, 4902150.0], [565850.0, 4902140.0], [565830.0, 4902140.0], [565830.0, 4902130.0], [565820.0, 4902130.0], [565820.0, 4902120.0], [565800.0, 4902120.0], [565800.0, 4902110.0], [565790.0, 4902110.0], [565790.0, 4902100.0], [565760.0, 4902100.0], [565760.0, 4902090.0], [565740.0, 4902090.0], [565740.0, 4902080.0], [565730.0, 4902080.0], [565730.0, 4902070.0], [565720.0, 4902070.0], [565720.0, 4902060.0], [565700.0, 4902060.0], [565700.0, 4902050.0], [565650.0, 4902050.0], [565650.0, 4902040.0], [565630.0, 4902040.0], [565630.0, 4902030.0], [565620.0, 4902030.0], [565620.0, 4902020.0], [565610.0, 4902020.0], [565610.0, 4902010.0], [565600.0, 4902010.0], [565600.0, 4902000.0], [565580.0, 4902000.0], [565580.0, 4901990.0], [565570.0, 4901990.0], [565570.0, 4901980.0], [565550.0, 4901980.0], [565550.0, 4901970.0], [565540.0, 4901970.0], [565540.0, 4901960.0], [565520.0, 4901960.0], [565520.0, 4901950.0], [565490.0, 4901950.0], [565490.0, 4901940.0], [565480.0, 4901940.0], [565480.0, 4901930.0], [565470.0, 4901930.0], [565470.0, 4901910.0], [565460.0, 4901910.0], [565460.0, 4901890.0], [565450.0, 4901890.0], [565450.0, 4901830.0], [565440.0, 4901830.0], [565440.0, 4901820.0], [565420.0, 4901820.0], [565420.0, 4901810.0], [565410.0, 4901810.0], [565410.0, 4901790.0], [565400.0, 4901790.0], [565400.0, 4901780.0], [565390.0, 4901780.0], [565390.0, 4901770.0], [565380.0, 4901770.0], [565380.0, 4901740.0], [565370.0, 4901740.0], [565370.0, 4901730.0], [565360.0, 4901730.0], [565360.0, 4901720.0], [565350.0, 4901720.0], [565350.0, 4901710.0], [565340.0, 4901710.0], [565340.0, 4901700.0], [565330.0, 4901700.0], [565330.0, 4901690.0], [565320.0, 4901690.0], [565320.0, 4901680.0], [565310.0, 4901680.0], [565310.0, 4901670.0], [565300.0, 4901670.0], [565300.0, 4901660.0], [565290.0, 4901660.0], [565290.0, 4901650.0], [565280.0, 4901650.0], [565280.0, 4901640.0], [565260.0, 4901640.0], [565260.0, 4901630.0], [565250.0, 4901630.0], [565250.0, 4901620.0], [565240.0, 4901620.0], [565240.0, 4901610.0], [565230.0, 4901610.0], [565230.0, 4901590.0], [565220.0, 4901590.0], [565220.0, 4901570.0], [565210.0, 4901570.0], [565210.0, 4901560.0], [565190.0, 4901560.0], [565190.0, 4901550.0], [565160.0, 4901550.0], [565160.0, 4901540.0], [565140.0, 4901540.0], [565140.0, 4901530.0], [565130.0, 4901530.0], [565130.0, 4901510.0], [565110.0, 4901510.0], [565110.0, 4901500.0], [565100.0, 4901500.0], [565100.0, 4901490.0], [565090.0, 4901490.0], [565090.0, 4901480.0], [565080.0, 4901480.0], [565080.0, 4901450.0], [565050.0, 4901450.0], [565050.0, 4901440.0], [565020.0, 4901440.0], [565020.0, 4901430.0], [565000.0, 4901430.0], [565000.0, 4901420.0], [564990.0, 4901420.0], [564990.0, 4901400.0], [564980.0, 4901400.0], [564980.0, 4901390.0], [564970.0, 4901390.0], [564970.0, 4901380.0], [564950.0, 4901380.0], [564950.0, 4901370.0], [564930.0, 4901370.0], [564930.0, 4901360.0], [564920.0, 4901360.0], [564920.0, 4901350.0], [564910.0, 4901350.0], [564910.0, 4901340.0], [564900.0, 4901340.0], [564900.0, 4901330.0], [564890.0, 4901330.0], [564890.0, 4901320.0], [564880.0, 4901320.0], [564880.0, 4901310.0], [564860.0, 4901310.0], [564860.0, 4901300.0], [564850.0, 4901300.0], [564850.0, 4901280.0], [564840.0, 4901280.0], [564840.0, 4901270.0], [564830.0, 4901270.0], [564830.0, 4901260.0], [564820.0, 4901260.0], [564820.0, 4901250.0], [564810.0, 4901250.0], [564810.0, 4901240.0], [564800.0, 4901240.0], [564800.0, 4901230.0], [564790.0, 4901230.0], [564790.0, 4901220.0], [564780.0, 4901220.0], [564780.0, 4901210.0], [564760.0, 4901210.0], [564760.0, 4901200.0], [564740.0, 4901200.0], [564740.0, 4901190.0], [564730.0, 4901190.0], [564730.0, 4901180.0], [564710.0, 4901180.0], [564710.0, 4901170.0], [564690.0, 4901170.0], [564690.0, 4901160.0], [564670.0, 4901160.0], [564670.0, 4901150.0], [564660.0, 4901150.0], [564660.0, 4901140.0], [564640.0, 4901140.0], [564640.0, 4901130.0], [564620.0, 4901130.0], [564620.0, 4901120.0], [564610.0, 4901120.0], [564610.0, 4901100.0], [564600.0, 4901100.0], [564600.0, 4901090.0], [564590.0, 4901090.0], [564590.0, 4901070.0], [564580.0, 4901070.0], [564580.0, 4901050.0], [564570.0, 4901050.0], [564570.0, 4901030.0], [564560.0, 4901030.0], [564560.0, 4901010.0], [564550.0, 4901010.0], [564550.0, 4900990.0], [564540.0, 4900990.0], [564540.0, 4900970.0], [564530.0, 4900970.0], [564530.0, 4900950.0], [564520.0, 4900950.0], [564520.0, 4900930.0], [564510.0, 4900930.0], [564510.0, 4900920.0], [564500.0, 4900920.0], [564500.0, 4900900.0], [564490.0, 4900900.0], [564490.0, 4900890.0], [564480.0, 4900890.0], [564480.0, 4900870.0], [564470.0, 4900870.0], [564470.0, 4900830.0], [564460.0, 4900830.0], [564460.0, 4900730.0], [564450.0, 4900730.0], [564450.0, 4900710.0], [564440.0, 4900710.0], [564440.0, 4900700.0], [564430.0, 4900700.0], [564430.0, 4900690.0], [564410.0, 4900690.0], [564410.0, 4900680.0], [564400.0, 4900680.0], [564400.0, 4900670.0], [564390.0, 4900670.0], [564390.0, 4900660.0], [564380.0, 4900660.0], [564380.0, 4900640.0], [564370.0, 4900640.0], [564370.0, 4900630.0], [564360.0, 4900630.0], [564360.0, 4900640.0], [564290.0, 4900640.0], [564290.0, 4900630.0], [564250.0, 4900630.0], [564250.0, 4900620.0], [564220.0, 4900620.0], [564220.0, 4900610.0], [564190.0, 4900610.0], [564190.0, 4900600.0], [564180.0, 4900600.0], [564180.0, 4900590.0], [564170.0, 4900590.0], [564170.0, 4900580.0], [564150.0, 4900580.0], [564150.0, 4900570.0], [564130.0, 4900570.0], [564130.0, 4900560.0], [564120.0, 4900560.0], [564120.0, 4900550.0], [564110.0, 4900550.0], [564110.0, 4900540.0], [564100.0, 4900540.0], [564100.0, 4900530.0], [564090.0, 4900530.0], [564090.0, 4900520.0], [564080.0, 4900520.0], [564080.0, 4900510.0], [564070.0, 4900510.0], [564070.0, 4900490.0], [564060.0, 4900490.0], [564060.0, 4900480.0], [564050.0, 4900480.0], [564050.0, 4900460.0], [564040.0, 4900460.0], [564040.0, 4900450.0], [564030.0, 4900450.0], [564030.0, 4900430.0], [564020.0, 4900430.0], [564020.0, 4900400.0], [564010.0, 4900400.0], [564010.0, 4900390.0], [564000.0, 4900390.0], [564000.0, 4900380.0], [563990.0, 4900380.0], [563990.0, 4900370.0], [563970.0, 4900370.0], [563970.0, 4900360.0], [563950.0, 4900360.0], [563950.0, 4900350.0], [563940.0, 4900350.0], [563940.0, 4900340.0], [563920.0, 4900340.0], [563920.0, 4900330.0], [563910.0, 4900330.0], [563910.0, 4900320.0], [563900.0, 4900320.0], [563900.0, 4900310.0], [563880.0, 4900310.0], [563880.0, 4900300.0], [563870.0, 4900300.0], [563870.0, 4900290.0], [563860.0, 4900290.0], [563860.0, 4900280.0], [563850.0, 4900280.0], [563850.0, 4900270.0], [563840.0, 4900270.0], [563840.0, 4900240.0], [563830.0, 4900240.0], [563830.0, 4900170.0], [563840.0, 4900170.0], [563840.0, 4900160.0], [563850.0, 4900160.0], [563850.0, 4900150.0], [563860.0, 4900150.0], [563860.0, 4900120.0], [563850.0, 4900120.0], [563850.0, 4900100.0], [563840.0, 4900100.0], [563840.0, 4900080.0], [563830.0, 4900080.0], [563830.0, 4900070.0], [563820.0, 4900070.0], [563820.0, 4900060.0], [563810.0, 4900060.0], [563810.0, 4900050.0], [563800.0, 4900050.0], [563800.0, 4900030.0], [563790.0, 4900030.0], [563790.0, 4900020.0], [563780.0, 4900020.0], [563780.0, 4900010.0], [563770.0, 4900010.0], [563770.0, 4899990.0], [563760.0, 4899990.0], [563760.0, 4899980.0], [563750.0, 4899980.0], [563750.0, 4899970.0], [563740.0, 4899970.0], [563740.0, 4899950.0], [563730.0, 4899950.0], [563730.0, 4899940.0], [563710.0, 4899940.0], [563710.0, 4899930.0], [563700.0, 4899930.0], [563700.0, 4899920.0], [563670.0, 4899920.0], [563670.0, 4899930.0], [563600.0, 4899930.0], [563600.0, 4899920.0], [563570.0, 4899920.0], [563570.0, 4899910.0], [563500.0, 4899910.0], [563500.0, 4899900.0], [563480.0, 4899900.0], [563480.0, 4899880.0], [563470.0, 4899880.0], [563470.0, 4899870.0], [563460.0, 4899870.0], [563460.0, 4899860.0], [563450.0, 4899860.0], [563450.0, 4899850.0], [563440.0, 4899850.0], [563440.0, 4899840.0], [563420.0, 4899840.0], [563420.0, 4899830.0], [563400.0, 4899830.0], [563400.0, 4899820.0], [563380.0, 4899820.0], [563380.0, 4899800.0], [563370.0, 4899800.0], [563370.0, 4899790.0], [563360.0, 4899790.0], [563360.0, 4899780.0], [563350.0, 4899780.0], [563350.0, 4899770.0], [563330.0, 4899770.0], [563330.0, 4899760.0], [563320.0, 4899760.0], [563320.0, 4899720.0], [563310.0, 4899720.0], [563310.0, 4899710.0], [563300.0, 4899710.0], [563300.0, 4899690.0], [563290.0, 4899690.0], [563290.0, 4899680.0], [563280.0, 4899680.0], [563280.0, 4899660.0], [563270.0, 4899660.0], [563270.0, 4899650.0], [563260.0, 4899650.0], [563260.0, 4899630.0], [563250.0, 4899630.0], [563250.0, 4899620.0], [563240.0, 4899620.0], [563240.0, 4899600.0], [563230.0, 4899600.0], [563230.0, 4899550.0], [563220.0, 4899550.0], [563220.0, 4899540.0], [563200.0, 4899540.0], [563200.0, 4899530.0], [563190.0, 4899530.0], [563190.0, 4899520.0], [563170.0, 4899520.0], [563170.0, 4899510.0], [563160.0, 4899510.0], [563160.0, 4899500.0], [563130.0, 4899500.0], [563130.0, 4899490.0], [563030.0, 4899490.0], [563030.0, 4899500.0], [563020.0, 4899500.0], [563020.0, 4899510.0], [563010.0, 4899510.0], [563010.0, 4899520.0], [563000.0, 4899520.0], [563000.0, 4899530.0], [562990.0, 4899530.0], [562990.0, 4899540.0], [562980.0, 4899540.0], [562980.0, 4899550.0], [562950.0, 4899550.0], [562950.0, 4899560.0], [562910.0, 4899560.0], [562910.0, 4899570.0], [562890.0, 4899570.0], [562890.0, 4899580.0], [562810.0, 4899580.0], [562810.0, 4899570.0], [562760.0, 4899570.0], [562760.0, 4899560.0], [562740.0, 4899560.0], [562740.0, 4899540.0], [562730.0, 4899540.0], [562730.0, 4899520.0], [562720.0, 4899520.0], [562720.0, 4899500.0], [562710.0, 4899500.0], [562710.0, 4899480.0], [562700.0, 4899480.0], [562700.0, 4899470.0], [562690.0, 4899470.0], [562690.0, 4899460.0], [562670.0, 4899460.0], [562670.0, 4899450.0], [562640.0, 4899450.0], [562640.0, 4899440.0], [562630.0, 4899440.0], [562630.0, 4899430.0], [562620.0, 4899430.0], [562620.0, 4899420.0], [562610.0, 4899420.0], [562610.0, 4899410.0], [562600.0, 4899410.0], [562600.0, 4899400.0], [562590.0, 4899400.0], [562590.0, 4899410.0], [562540.0, 4899410.0], [562540.0, 4899400.0], [562520.0, 4899400.0], [562520.0, 4899390.0], [562510.0, 4899390.0], [562510.0, 4899380.0], [562500.0, 4899380.0], [562500.0, 4899370.0], [562490.0, 4899370.0], [562490.0, 4899360.0], [562480.0, 4899360.0], [562480.0, 4899350.0], [562460.0, 4899350.0], [562460.0, 4899340.0], [562440.0, 4899340.0], [562440.0, 4899330.0], [562330.0, 4899330.0], [562330.0, 4899270.0], [562320.0, 4899270.0], [562320.0, 4899240.0], [562310.0, 4899240.0], [562310.0, 4899190.0], [562300.0, 4899190.0], [562300.0, 4899160.0], [562290.0, 4899160.0], [562290.0, 4899140.0], [562280.0, 4899140.0], [562280.0, 4899120.0], [562270.0, 4899120.0], [562270.0, 4899110.0], [562260.0, 4899110.0], [562260.0, 4899090.0], [562250.0, 4899090.0], [562250.0, 4899080.0], [562240.0, 4899080.0], [562240.0, 4899070.0], [562220.0, 4899070.0], [562220.0, 4899060.0], [562200.0, 4899060.0], [562200.0, 4899050.0], [562190.0, 4899050.0], [562190.0, 4899040.0], [562170.0, 4899040.0], [562170.0, 4899030.0], [562150.0, 4899030.0], [562150.0, 4899020.0], [562140.0, 4899020.0], [562140.0, 4899000.0], [562150.0, 4899000.0], [562150.0, 4898980.0], [562160.0, 4898980.0], [562160.0, 4898920.0], [562150.0, 4898920.0], [562150.0, 4898900.0], [562140.0, 4898900.0], [562140.0, 4898890.0], [562130.0, 4898890.0], [562130.0, 4898870.0], [562120.0, 4898870.0], [562120.0, 4898850.0], [562110.0, 4898850.0], [562110.0, 4898840.0], [562100.0, 4898840.0], [562100.0, 4898830.0], [562090.0, 4898830.0], [562090.0, 4898820.0], [562100.0, 4898820.0], [562100.0, 4898800.0], [562110.0, 4898800.0], [562110.0, 4898730.0], [562100.0, 4898730.0], [562100.0, 4898720.0], [562070.0, 4898720.0], [562070.0, 4898710.0], [562040.0, 4898710.0], [562040.0, 4898700.0], [562030.0, 4898700.0], [562030.0, 4898690.0], [562010.0, 4898690.0], [562010.0, 4898680.0], [561980.0, 4898680.0], [561980.0, 4898670.0], [561970.0, 4898670.0], [561970.0, 4898660.0], [561960.0, 4898660.0], [561960.0, 4898650.0], [561910.0, 4898650.0], [561910.0, 4898640.0], [561890.0, 4898640.0], [561890.0, 4898630.0], [561800.0, 4898630.0], [561800.0, 4898620.0], [561780.0, 4898620.0], [561780.0, 4898610.0], [561770.0, 4898610.0], [561770.0, 4898600.0], [561740.0, 4898600.0], [561740.0, 4898590.0], [561710.0, 4898590.0], [561710.0, 4898580.0], [561680.0, 4898580.0], [561680.0, 4898590.0], [561620.0, 4898590.0], [561620.0, 4898580.0], [561600.0, 4898580.0], [561600.0, 4898570.0], [561580.0, 4898570.0], [561580.0, 4898560.0], [561550.0, 4898560.0], [561550.0, 4898550.0], [561510.0, 4898550.0], [561510.0, 4898540.0], [561480.0, 4898540.0], [561480.0, 4898530.0], [561450.0, 4898530.0], [561450.0, 4898520.0], [561430.0, 4898520.0], [561430.0, 4898510.0], [561410.0, 4898510.0], [561410.0, 4898500.0], [561400.0, 4898500.0], [561400.0, 4898490.0], [561390.0, 4898490.0], [561390.0, 4898460.0], [561380.0, 4898460.0], [561380.0, 4898430.0], [561370.0, 4898430.0], [561370.0, 4898400.0], [561360.0, 4898400.0], [561360.0, 4898370.0], [561350.0, 4898370.0], [561350.0, 4898350.0], [561340.0, 4898350.0], [561340.0, 4898340.0], [561320.0, 4898340.0], [561320.0, 4898330.0], [561300.0, 4898330.0], [561300.0, 4898320.0], [561280.0, 4898320.0], [561280.0, 4898310.0], [561260.0, 4898310.0], [561260.0, 4898300.0], [561250.0, 4898300.0], [561250.0, 4898290.0], [561240.0, 4898290.0], [561240.0, 4898280.0], [561230.0, 4898280.0], [561230.0, 4898270.0], [561220.0, 4898270.0], [561220.0, 4898260.0], [561210.0, 4898260.0], [561210.0, 4898250.0], [561200.0, 4898250.0], [561200.0, 4898240.0], [561190.0, 4898240.0], [561190.0, 4898230.0], [561180.0, 4898230.0], [561180.0, 4898210.0], [561170.0, 4898210.0], [561170.0, 4898200.0], [561160.0, 4898200.0], [561160.0, 4898190.0], [561150.0, 4898190.0], [561150.0, 4898180.0], [561140.0, 4898180.0], [561140.0, 4898170.0], [561120.0, 4898170.0], [561120.0, 4898160.0], [561090.0, 4898160.0], [561090.0, 4898150.0], [561070.0, 4898150.0], [561070.0, 4898140.0], [561060.0, 4898140.0], [561060.0, 4898130.0], [561030.0, 4898130.0], [561030.0, 4898120.0], [561020.0, 4898120.0], [561020.0, 4898110.0], [561010.0, 4898110.0], [561010.0, 4898100.0], [560990.0, 4898100.0], [560990.0, 4898090.0], [560980.0, 4898090.0], [560980.0, 4898080.0], [560970.0, 4898080.0], [560970.0, 4898070.0], [560960.0, 4898070.0], [560960.0, 4898060.0], [560950.0, 4898060.0], [560950.0, 4898050.0], [560940.0, 4898050.0], [560940.0, 4898040.0], [560930.0, 4898040.0], [560930.0, 4898030.0], [560920.0, 4898030.0], [560920.0, 4898020.0], [560900.0, 4898020.0], [560900.0, 4898010.0], [560880.0, 4898010.0], [560880.0, 4898000.0], [560830.0, 4898000.0], [560830.0, 4897990.0], [560820.0, 4897990.0], [560820.0, 4897980.0], [560810.0, 4897980.0], [560810.0, 4897970.0], [560800.0, 4897970.0], [560800.0, 4897960.0], [560790.0, 4897960.0], [560790.0, 4897950.0], [560770.0, 4897950.0], [560770.0, 4897940.0], [560760.0, 4897940.0], [560760.0, 4897930.0], [560750.0, 4897930.0], [560750.0, 4897920.0], [560730.0, 4897920.0], [560730.0, 4897910.0], [560720.0, 4897910.0], [560720.0, 4897900.0], [560710.0, 4897900.0], [560710.0, 4897890.0], [560700.0, 4897890.0], [560700.0, 4897880.0], [560690.0, 4897880.0], [560690.0, 4897870.0], [560680.0, 4897870.0], [560680.0, 4897810.0], [560670.0, 4897810.0], [560670.0, 4897800.0], [560660.0, 4897800.0], [560660.0, 4897780.0], [560650.0, 4897780.0], [560650.0, 4897760.0], [560640.0, 4897760.0], [560640.0, 4897750.0], [560620.0, 4897750.0], [560620.0, 4897740.0], [560610.0, 4897740.0], [560610.0, 4897710.0], [560600.0, 4897710.0], [560600.0, 4897700.0], [560590.0, 4897700.0], [560590.0, 4897690.0], [560570.0, 4897690.0], [560570.0, 4897680.0], [560560.0, 4897680.0], [560560.0, 4897670.0], [560540.0, 4897670.0], [560540.0, 4897660.0], [560520.0, 4897660.0], [560520.0, 4897650.0], [560510.0, 4897650.0], [560510.0, 4897640.0], [560490.0, 4897640.0], [560490.0, 4897630.0], [560480.0, 4897630.0], [560480.0, 4897620.0], [560470.0, 4897620.0], [560470.0, 4897610.0], [560460.0, 4897610.0], [560460.0, 4897600.0], [560450.0, 4897600.0], [560450.0, 4897590.0], [560440.0, 4897590.0], [560440.0, 4897580.0], [560430.0, 4897580.0], [560430.0, 4897570.0], [560420.0, 4897570.0], [560420.0, 4897560.0], [560410.0, 4897560.0], [560410.0, 4897550.0], [560400.0, 4897550.0], [560400.0, 4897540.0], [560380.0, 4897540.0], [560380.0, 4897530.0], [560370.0, 4897530.0], [560370.0, 4897520.0], [560350.0, 4897520.0], [560350.0, 4897510.0], [560340.0, 4897510.0], [560340.0, 4897500.0], [560330.0, 4897500.0], [560330.0, 4897490.0], [560310.0, 4897490.0], [560310.0, 4897480.0], [560300.0, 4897480.0], [560300.0, 4897470.0], [560290.0, 4897470.0], [560290.0, 4897450.0], [560280.0, 4897450.0], [560280.0, 4897440.0], [560270.0, 4897440.0], [560270.0, 4897420.0], [560260.0, 4897420.0], [560260.0, 4897410.0], [560250.0, 4897410.0], [560250.0, 4897400.0], [560230.0, 4897400.0], [560230.0, 4897390.0], [560210.0, 4897390.0], [560210.0, 4897380.0], [560200.0, 4897380.0], [560200.0, 4897370.0], [560190.0, 4897370.0], [560190.0, 4897360.0], [560180.0, 4897360.0], [560180.0, 4897350.0], [560160.0, 4897350.0], [560160.0, 4897340.0], [560140.0, 4897340.0], [560140.0, 4897330.0], [560130.0, 4897330.0], [560130.0, 4897320.0], [560110.0, 4897320.0], [560110.0, 4897310.0], [560040.0, 4897310.0], [560040.0, 4897300.0], [560020.0, 4897300.0], [560020.0, 4897280.0], [560010.0, 4897280.0], [560010.0, 4897270.0], [560000.0, 4897270.0], [560000.0, 4897250.0], [559990.0, 4897250.0], [559990.0, 4897240.0], [559980.0, 4897240.0], [559980.0, 4897230.0], [559970.0, 4897230.0], [559970.0, 4897220.0], [559950.0, 4897220.0], [559950.0, 4897210.0], [559940.0, 4897210.0], [559940.0, 4897180.0], [559930.0, 4897180.0], [559930.0, 4897160.0], [559920.0, 4897160.0], [559920.0, 4897140.0], [559930.0, 4897140.0], [559930.0, 4897100.0], [559940.0, 4897100.0], [559940.0, 4897090.0], [559930.0, 4897090.0], [559930.0, 4897030.0], [559920.0, 4897030.0], [559920.0, 4897020.0], [559910.0, 4897020.0], [559910.0, 4897010.0], [559900.0, 4897010.0], [559900.0, 4897000.0], [559890.0, 4897000.0], [559890.0, 4896980.0], [559880.0, 4896980.0], [559880.0, 4896970.0], [559870.0, 4896970.0], [559870.0, 4896960.0], [559860.0, 4896960.0], [559860.0, 4896950.0], [559850.0, 4896950.0], [559850.0, 4896930.0], [559840.0, 4896930.0], [559840.0, 4896880.0], [559830.0, 4896880.0], [559830.0, 4896870.0], [559800.0, 4896870.0], [559800.0, 4896860.0], [559780.0, 4896860.0], [559780.0, 4896850.0], [559740.0, 4896850.0], [559740.0, 4896840.0], [559730.0, 4896840.0], [559730.0, 4896820.0], [559720.0, 4896820.0], [559720.0, 4896810.0], [559700.0, 4896810.0], [559700.0, 4896800.0], [559690.0, 4896800.0], [559690.0, 4896790.0], [559670.0, 4896790.0], [559670.0, 4896780.0], [559660.0, 4896780.0], [559660.0, 4896770.0], [559650.0, 4896770.0], [559650.0, 4896760.0], [559640.0, 4896760.0], [559640.0, 4896750.0], [559620.0, 4896750.0], [559620.0, 4896740.0], [559600.0, 4896740.0], [559600.0, 4896730.0], [559590.0, 4896730.0], [559590.0, 4896720.0], [559580.0, 4896720.0], [559580.0, 4896710.0], [559570.0, 4896710.0], [559570.0, 4896690.0], [559560.0, 4896690.0], [559560.0, 4896670.0], [559550.0, 4896670.0], [559550.0, 4896650.0], [559540.0, 4896650.0], [559540.0, 4896620.0], [559530.0, 4896620.0], [559530.0, 4896610.0], [559520.0, 4896610.0], [559520.0, 4896600.0], [559510.0, 4896600.0], [559510.0, 4896590.0], [559500.0, 4896590.0], [559500.0, 4896580.0], [559490.0, 4896580.0], [559490.0, 4896570.0], [559480.0, 4896570.0], [559480.0, 4896550.0], [559470.0, 4896550.0], [559470.0, 4896540.0], [559460.0, 4896540.0], [559460.0, 4896530.0], [559450.0, 4896530.0], [559450.0, 4896510.0], [559440.0, 4896510.0], [559440.0, 4896500.0], [559430.0, 4896500.0], [559430.0, 4896490.0], [559420.0, 4896490.0], [559420.0, 4896460.0], [559410.0, 4896460.0], [559410.0, 4896410.0], [559400.0, 4896410.0], [559400.0, 4896390.0], [559390.0, 4896390.0], [559390.0, 4896380.0], [559380.0, 4896380.0], [559380.0, 4896360.0], [559370.0, 4896360.0], [559370.0, 4896340.0], [559360.0, 4896340.0], [559360.0, 4896310.0], [559350.0, 4896310.0], [559350.0, 4896270.0], [559340.0, 4896270.0], [559340.0, 4896260.0], [559330.0, 4896260.0], [559330.0, 4896250.0], [559320.0, 4896250.0], [559320.0, 4896230.0], [559310.0, 4896230.0], [559310.0, 4896220.0], [559300.0, 4896220.0], [559300.0, 4896200.0], [559290.0, 4896200.0], [559290.0, 4896180.0], [559280.0, 4896180.0], [559280.0, 4896130.0], [559270.0, 4896130.0], [559270.0, 4896060.0], [559260.0, 4896060.0], [559260.0, 4896040.0], [559250.0, 4896040.0], [559250.0, 4896020.0], [559240.0, 4896020.0], [559240.0, 4896010.0], [559230.0, 4896010.0], [559230.0, 4896000.0], [559220.0, 4896000.0], [559220.0, 4895980.0], [559210.0, 4895980.0], [559210.0, 4895970.0], [559200.0, 4895970.0], [559200.0, 4895950.0], [559190.0, 4895950.0], [559190.0, 4895920.0], [559180.0, 4895920.0], [559180.0, 4895770.0], [559170.0, 4895770.0], [559170.0, 4895730.0], [559160.0, 4895730.0], [559160.0, 4895700.0], [559150.0, 4895700.0], [559150.0, 4895670.0], [559140.0, 4895670.0], [559140.0, 4895650.0], [559130.0, 4895650.0], [559130.0, 4895630.0], [559140.0, 4895630.0], [559140.0, 4895620.0], [559150.0, 4895620.0], [559150.0, 4895610.0], [559160.0, 4895610.0], [559160.0, 4895600.0], [559170.0, 4895600.0], [559170.0, 4895590.0], [559180.0, 4895590.0], [559180.0, 4895580.0], [559190.0, 4895580.0], [559190.0, 4895570.0], [559200.0, 4895570.0], [559200.0, 4895560.0], [559210.0, 4895560.0], [559210.0, 4895550.0], [559220.0, 4895550.0], [559220.0, 4895540.0], [559230.0, 4895540.0], [559230.0, 4895530.0], [559240.0, 4895530.0], [559240.0, 4895520.0], [559250.0, 4895520.0], [559250.0, 4895510.0], [559260.0, 4895510.0], [559260.0, 4895500.0], [559270.0, 4895500.0], [559270.0, 4895490.0], [559280.0, 4895490.0], [559280.0, 4895480.0], [559290.0, 4895480.0], [559290.0, 4895470.0], [559300.0, 4895470.0], [559300.0, 4895460.0], [559310.0, 4895460.0], [559310.0, 4895450.0], [559350.0, 4895450.0], [559350.0, 4895440.0], [559370.0, 4895440.0], [559370.0, 4895430.0], [559380.0, 4895430.0], [559380.0, 4895420.0], [559420.0, 4895420.0], [559420.0, 4895410.0], [559440.0, 4895410.0], [559440.0, 4895400.0], [559450.0, 4895400.0], [559450.0, 4895390.0], [559460.0, 4895390.0], [559460.0, 4895380.0], [559470.0, 4895380.0], [559470.0, 4895370.0], [559480.0, 4895370.0], [559480.0, 4895360.0], [559490.0, 4895360.0], [559490.0, 4895340.0], [559500.0, 4895340.0], [559500.0, 4895280.0], [559510.0, 4895280.0], [559510.0, 4895270.0], [559520.0, 4895270.0], [559520.0, 4895260.0], [559530.0, 4895260.0], [559530.0, 4895250.0], [559540.0, 4895250.0], [559540.0, 4895240.0], [559550.0, 4895240.0], [559550.0, 4895230.0], [559560.0, 4895230.0], [559560.0, 4895220.0], [559590.0, 4895220.0], [559590.0, 4895210.0], [559630.0, 4895210.0], [559630.0, 4895200.0], [559670.0, 4895200.0], [559670.0, 4895210.0], [559700.0, 4895210.0], [559700.0, 4895220.0], [559710.0, 4895220.0], [559710.0, 4895230.0], [559730.0, 4895230.0], [559730.0, 4895240.0], [559750.0, 4895240.0], [559750.0, 4895250.0], [559770.0, 4895250.0], [559770.0, 4895260.0], [559850.0, 4895260.0], [559850.0, 4895250.0], [559870.0, 4895250.0], [559870.0, 4895240.0], [559940.0, 4895240.0], [559940.0, 4895230.0], [560000.0, 4895230.0], [560000.0, 4895220.0], [560070.0, 4895220.0], [560070.0, 4895210.0], [560090.0, 4895210.0], [560090.0, 4895200.0], [560120.0, 4895200.0], [560120.0, 4895210.0], [560150.0, 4895210.0], [560150.0, 4895220.0], [560220.0, 4895220.0], [560220.0, 4895190.0], [560230.0, 4895190.0], [560230.0, 4895170.0], [560240.0, 4895170.0], [560240.0, 4895150.0], [560250.0, 4895150.0], [560250.0, 4895140.0], [560260.0, 4895140.0], [560260.0, 4895130.0], [560300.0, 4895130.0], [560300.0, 4895120.0], [560350.0, 4895120.0], [560350.0, 4895110.0], [560420.0, 4895110.0], [560420.0, 4895100.0], [560480.0, 4895100.0], [560480.0, 4895090.0], [560570.0, 4895090.0], [560570.0, 4895080.0], [560580.0, 4895080.0], [560580.0, 4895070.0], [560590.0, 4895070.0], [560590.0, 4895060.0], [560610.0, 4895060.0], [560610.0, 4895050.0], [560630.0, 4895050.0], [560630.0, 4895040.0], [560650.0, 4895040.0], [560650.0, 4895030.0], [560710.0, 4895030.0], [560710.0, 4895040.0], [560800.0, 4895040.0], [560800.0, 4895050.0], [560810.0, 4895050.0], [560810.0, 4895060.0], [560820.0, 4895060.0], [560820.0, 4895070.0], [560830.0, 4895070.0], [560830.0, 4895080.0], [560840.0, 4895080.0], [560840.0, 4895090.0], [560900.0, 4895090.0], [560900.0, 4895080.0], [560910.0, 4895080.0], [560910.0, 4895070.0], [560930.0, 4895070.0], [560930.0, 4895060.0], [560950.0, 4895060.0], [560950.0, 4895050.0], [560960.0, 4895050.0], [560960.0, 4895040.0], [560970.0, 4895040.0], [560970.0, 4895030.0], [560980.0, 4895030.0], [560980.0, 4895020.0], [560990.0, 4895020.0], [560990.0, 4895030.0], [561080.0, 4895030.0], [561080.0, 4895040.0], [561100.0, 4895040.0], [561100.0, 4895030.0], [561110.0, 4895030.0], [561110.0, 4895040.0], [561140.0, 4895040.0], [561140.0, 4895050.0], [561150.0, 4895050.0], [561150.0, 4895070.0], [561160.0, 4895070.0], [561160.0, 4895090.0], [561170.0, 4895090.0], [561170.0, 4895100.0], [561180.0, 4895100.0], [561180.0, 4895110.0], [561190.0, 4895110.0], [561190.0, 4895120.0], [561210.0, 4895120.0], [561210.0, 4895130.0], [561220.0, 4895130.0], [561220.0, 4895140.0], [561230.0, 4895140.0], [561230.0, 4895150.0], [561250.0, 4895150.0], [561250.0, 4895160.0], [561270.0, 4895160.0], [561270.0, 4895170.0], [561290.0, 4895170.0], [561290.0, 4895180.0], [561300.0, 4895180.0], [561300.0, 4895190.0], [561330.0, 4895190.0], [561330.0, 4895200.0], [561350.0, 4895200.0], [561350.0, 4895210.0], [561370.0, 4895210.0], [561370.0, 4895220.0], [561380.0, 4895220.0], [561380.0, 4895230.0], [561400.0, 4895230.0], [561400.0, 4895240.0], [561440.0, 4895240.0], [561440.0, 4895250.0], [561460.0, 4895250.0], [561460.0, 4895260.0], [561480.0, 4895260.0], [561480.0, 4895270.0], [561500.0, 4895270.0], [561500.0, 4895280.0], [561520.0, 4895280.0], [561520.0, 4895290.0], [561530.0, 4895290.0], [561530.0, 4895300.0], [561540.0, 4895300.0], [561540.0, 4895310.0], [561560.0, 4895310.0], [561560.0, 4895320.0], [561570.0, 4895320.0], [561570.0, 4895330.0], [561590.0, 4895330.0], [561590.0, 4895340.0], [561610.0, 4895340.0], [561610.0, 4895360.0], [561650.0, 4895360.0], [561650.0, 4895370.0], [561670.0, 4895370.0], [561670.0, 4895390.0], [561690.0, 4895390.0], [561690.0, 4895400.0], [561700.0, 4895400.0], [561700.0, 4895410.0], [561720.0, 4895410.0], [561720.0, 4895420.0], [561730.0, 4895420.0], [561730.0, 4895430.0], [561750.0, 4895430.0], [561750.0, 4895440.0], [561800.0, 4895440.0], [561800.0, 4895450.0], [561810.0, 4895450.0], [561810.0, 4895460.0], [561830.0, 4895460.0], [561830.0, 4895470.0], [561850.0, 4895470.0], [561850.0, 4895480.0], [561860.0, 4895480.0], [561860.0, 4895500.0], [561870.0, 4895500.0], [561870.0, 4895520.0], [561880.0, 4895520.0], [561880.0, 4895540.0], [561890.0, 4895540.0], [561890.0, 4895550.0], [561920.0, 4895550.0], [561920.0, 4895560.0], [561940.0, 4895560.0], [561940.0, 4895570.0], [561970.0, 4895570.0], [561970.0, 4895580.0], [561990.0, 4895580.0], [561990.0, 4895590.0], [562020.0, 4895590.0], [562020.0, 4895600.0], [562060.0, 4895600.0], [562060.0, 4895610.0], [562090.0, 4895610.0], [562090.0, 4895620.0], [562100.0, 4895620.0], [562100.0, 4895630.0], [562120.0, 4895630.0], [562120.0, 4895640.0], [562150.0, 4895640.0], [562150.0, 4895630.0], [562170.0, 4895630.0], [562170.0, 4895620.0], [562190.0, 4895620.0], [562190.0, 4895610.0], [562210.0, 4895610.0], [562210.0, 4895600.0], [562220.0, 4895600.0], [562220.0, 4895590.0], [562240.0, 4895590.0], [562240.0, 4895600.0], [562250.0, 4895600.0], [562250.0, 4895590.0], [562260.0, 4895590.0], [562260.0, 4895580.0], [562350.0, 4895580.0], [562350.0, 4895570.0], [562390.0, 4895570.0], [562390.0, 4895560.0], [562430.0, 4895560.0], [562430.0, 4895550.0], [562450.0, 4895550.0], [562450.0, 4895540.0], [562460.0, 4895540.0], [562460.0, 4895530.0], [562470.0, 4895530.0], [562470.0, 4895520.0], [562490.0, 4895520.0], [562490.0, 4895510.0], [562500.0, 4895510.0], [562500.0, 4895500.0], [562520.0, 4895500.0], [562520.0, 4895490.0], [562530.0, 4895490.0], [562530.0, 4895480.0], [562550.0, 4895480.0], [562550.0, 4895470.0], [562560.0, 4895470.0], [562560.0, 4895460.0], [562580.0, 4895460.0], [562580.0, 4895450.0], [562600.0, 4895450.0], [562600.0, 4895440.0], [562660.0, 4895440.0], [562660.0, 4895450.0], [562710.0, 4895450.0], [562710.0, 4895440.0], [562750.0, 4895440.0], [562750.0, 4895430.0], [562800.0, 4895430.0], [562800.0, 4895440.0], [562820.0, 4895440.0], [562820.0, 4895450.0], [562830.0, 4895450.0], [562830.0, 4895460.0], [562840.0, 4895460.0], [562840.0, 4895470.0], [562850.0, 4895470.0], [562850.0, 4895480.0], [562860.0, 4895480.0], [562860.0, 4895490.0], [562870.0, 4895490.0], [562870.0, 4895480.0], [562920.0, 4895480.0], [562920.0, 4895490.0], [562940.0, 4895490.0], [562940.0, 4895500.0], [562950.0, 4895500.0], [562950.0, 4895510.0], [562960.0, 4895510.0], [562960.0, 4895520.0], [563080.0, 4895520.0], [563080.0, 4895530.0], [563090.0, 4895530.0], [563090.0, 4895540.0], [563100.0, 4895540.0], [563100.0, 4895550.0], [563110.0, 4895550.0], [563110.0, 4895560.0], [563220.0, 4895560.0], [563220.0, 4895550.0], [563230.0, 4895550.0], [563230.0, 4895540.0], [563250.0, 4895540.0], [563250.0, 4895530.0], [563440.0, 4895530.0], [563440.0, 4895520.0], [563480.0, 4895520.0], [563480.0, 4895510.0], [563560.0, 4895510.0], [563560.0, 4895520.0], [563570.0, 4895520.0], [563570.0, 4895530.0], [563600.0, 4895530.0], [563600.0, 4895520.0], [563620.0, 4895520.0], [563620.0, 4895510.0], [563640.0, 4895510.0], [563640.0, 4895520.0], [563650.0, 4895520.0], [563650.0, 4895530.0], [563660.0, 4895530.0], [563660.0, 4895540.0], [563670.0, 4895540.0], [563670.0, 4895550.0], [563780.0, 4895550.0], [563780.0, 4895560.0], [563820.0, 4895560.0], [563820.0, 4895570.0], [563830.0, 4895570.0], [563830.0, 4895580.0], [563840.0, 4895580.0], [563840.0, 4895590.0], [563850.0, 4895590.0], [563850.0, 4895600.0], [563870.0, 4895600.0], [563870.0, 4895610.0], [563880.0, 4895610.0], [563880.0, 4895620.0], [563890.0, 4895620.0], [563890.0, 4895640.0], [563900.0, 4895640.0], [563900.0, 4895650.0], [563910.0, 4895650.0], [563910.0, 4895660.0], [563920.0, 4895660.0], [563920.0, 4895680.0], [563950.0, 4895680.0], [563950.0, 4895670.0], [564100.0, 4895670.0], [564100.0, 4895660.0], [564130.0, 4895660.0], [564130.0, 4895650.0], [564150.0, 4895650.0], [564150.0, 4895660.0], [564170.0, 4895660.0], [564170.0, 4895650.0], [564330.0, 4895650.0], [564330.0, 4895640.0], [564340.0, 4895640.0], [564340.0, 4895630.0], [564370.0, 4895630.0], [564370.0, 4895620.0], [564400.0, 4895620.0], [564400.0, 4895610.0], [564430.0, 4895610.0], [564430.0, 4895600.0], [564510.0, 4895600.0], [564510.0, 4895590.0], [564550.0, 4895590.0], [564550.0, 4895600.0], [564590.0, 4895600.0], [564590.0, 4895610.0], [564610.0, 4895610.0], [564610.0, 4895620.0], [564630.0, 4895620.0], [564630.0, 4895610.0], [564640.0, 4895610.0], [564640.0, 4895600.0], [564650.0, 4895600.0], [564650.0, 4895580.0], [564660.0, 4895580.0], [564660.0, 4895570.0], [564670.0, 4895570.0], [564670.0, 4895560.0], [564680.0, 4895560.0], [564680.0, 4895550.0], [564690.0, 4895550.0], [564690.0, 4895540.0], [564700.0, 4895540.0], [564700.0, 4895530.0], [564710.0, 4895530.0], [564710.0, 4895520.0], [564720.0, 4895520.0], [564720.0, 4895510.0], [564730.0, 4895510.0], [564730.0, 4895500.0], [564740.0, 4895500.0], [564740.0, 4895490.0], [564750.0, 4895490.0], [564750.0, 4895480.0], [564760.0, 4895480.0], [564760.0, 4895470.0], [564780.0, 4895470.0], [564780.0, 4895460.0], [564790.0, 4895460.0], [564790.0, 4895450.0], [564810.0, 4895450.0], [564810.0, 4895440.0], [564830.0, 4895440.0], [564830.0, 4895430.0], [564870.0, 4895430.0], [564870.0, 4895420.0], [564920.0, 4895420.0], [564920.0, 4895410.0], [564950.0, 4895410.0], [564950.0, 4895400.0], [564980.0, 4895400.0], [564980.0, 4895390.0], [564990.0, 4895390.0], [564990.0, 4895380.0], [565000.0, 4895380.0], [565000.0, 4895370.0], [565020.0, 4895370.0], [565020.0, 4895360.0], [565070.0, 4895360.0], [565070.0, 4895350.0], [565210.0, 4895350.0], [565210.0, 4895330.0], [565220.0, 4895330.0], [565220.0, 4895320.0], [565230.0, 4895320.0], [565230.0, 4895310.0], [565240.0, 4895310.0], [565240.0, 4895300.0], [565260.0, 4895300.0], [565260.0, 4895290.0], [565270.0, 4895290.0], [565270.0, 4895280.0], [565300.0, 4895280.0], [565300.0, 4895270.0], [565350.0, 4895270.0], [565350.0, 4895260.0], [565390.0, 4895260.0], [565390.0, 4895250.0], [565430.0, 4895250.0], [565430.0, 4895240.0], [565460.0, 4895240.0], [565460.0, 4895230.0], [565480.0, 4895230.0], [565480.0, 4895220.0], [565490.0, 4895220.0], [565490.0, 4895210.0], [565500.0, 4895210.0], [565500.0, 4895200.0], [565520.0, 4895200.0], [565520.0, 4895190.0], [565540.0, 4895190.0], [565540.0, 4895180.0], [565550.0, 4895180.0], [565550.0, 4895170.0], [565570.0, 4895170.0], [565570.0, 4895160.0], [565590.0, 4895160.0], [565590.0, 4895150.0], [565600.0, 4895150.0], [565600.0, 4895140.0], [565620.0, 4895140.0], [565620.0, 4895130.0], [565660.0, 4895130.0], [565660.0, 4895120.0], [565690.0, 4895120.0], [565690.0, 4895110.0], [565720.0, 4895110.0], [565720.0, 4895100.0], [565850.0, 4895100.0], [565850.0, 4895090.0], [565880.0, 4895090.0], [565880.0, 4895100.0], [565940.0, 4895100.0], [565940.0, 4895090.0], [565960.0, 4895090.0], [565960.0, 4895100.0], [565990.0, 4895100.0], [565990.0, 4895090.0], [566000.0, 4895090.0], [566000.0, 4895080.0], [566020.0, 4895080.0], [566020.0, 4895070.0], [566030.0, 4895070.0], [566030.0, 4895060.0], [566040.0, 4895060.0], [566040.0, 4895040.0], [566050.0, 4895040.0], [566050.0, 4895030.0], [566060.0, 4895030.0], [566060.0, 4895020.0], [566070.0, 4895020.0], [566070.0, 4895010.0], [566080.0, 4895010.0], [566080.0, 4894990.0], [566090.0, 4894990.0], [566090.0, 4894970.0], [566100.0, 4894970.0], [566100.0, 4894960.0], [566110.0, 4894960.0], [566110.0, 4894950.0], [566120.0, 4894950.0], [566120.0, 4894940.0], [566130.0, 4894940.0], [566130.0, 4894930.0], [566140.0, 4894930.0], [566140.0, 4894920.0], [566150.0, 4894920.0], [566150.0, 4894910.0], [566170.0, 4894910.0], [566170.0, 4894890.0], [566190.0, 4894890.0], [566190.0, 4894880.0], [566200.0, 4894880.0], [566200.0, 4894870.0], [566210.0, 4894870.0], [566210.0, 4894860.0], [566220.0, 4894860.0], [566220.0, 4894850.0], [566230.0, 4894850.0], [566230.0, 4894840.0], [566240.0, 4894840.0], [566240.0, 4894820.0], [566250.0, 4894820.0], [566250.0, 4894800.0], [566260.0, 4894800.0], [566260.0, 4894790.0], [566280.0, 4894790.0], [566280.0, 4894780.0], [566290.0, 4894780.0], [566290.0, 4894760.0], [566300.0, 4894760.0], [566300.0, 4894750.0], [566310.0, 4894750.0], [566310.0, 4894740.0], [566320.0, 4894740.0], [566320.0, 4894730.0], [566330.0, 4894730.0], [566330.0, 4894720.0], [566350.0, 4894720.0], [566350.0, 4894710.0], [566360.0, 4894710.0], [566360.0, 4894700.0], [566370.0, 4894700.0], [566370.0, 4894690.0], [566380.0, 4894690.0], [566380.0, 4894680.0], [566390.0, 4894680.0], [566390.0, 4894670.0], [566400.0, 4894670.0], [566400.0, 4894660.0], [566410.0, 4894660.0], [566410.0, 4894650.0], [566420.0, 4894650.0], [566420.0, 4894640.0], [566430.0, 4894640.0], [566430.0, 4894630.0], [566440.0, 4894630.0], [566440.0, 4894620.0], [566460.0, 4894620.0], [566460.0, 4894610.0], [566520.0, 4894610.0], [566520.0, 4894600.0], [566550.0, 4894600.0], [566550.0, 4894610.0], [566560.0, 4894610.0], [566560.0, 4894620.0], [566580.0, 4894620.0], [566580.0, 4894630.0], [566600.0, 4894630.0], [566600.0, 4894640.0], [566620.0, 4894640.0], [566620.0, 4894660.0], [566630.0, 4894660.0], [566630.0, 4894670.0], [566660.0, 4894670.0], [566660.0, 4894680.0], [566670.0, 4894680.0], [566670.0, 4894690.0], [566690.0, 4894690.0], [566690.0, 4894700.0], [566710.0, 4894700.0], [566710.0, 4894710.0], [566750.0, 4894710.0], [566750.0, 4894720.0], [566770.0, 4894720.0], [566770.0, 4894730.0], [566800.0, 4894730.0], [566800.0, 4894740.0], [566830.0, 4894740.0], [566830.0, 4894750.0], [566840.0, 4894750.0], [566840.0, 4894760.0], [566860.0, 4894760.0], [566860.0, 4894770.0], [566880.0, 4894770.0], [566880.0, 4894780.0], [566900.0, 4894780.0], [566900.0, 4894790.0], [566920.0, 4894790.0], [566920.0, 4894800.0], [566940.0, 4894800.0], [566940.0, 4894810.0], [566960.0, 4894810.0], [566960.0, 4894820.0], [566980.0, 4894820.0], [566980.0, 4894830.0], [567000.0, 4894830.0], [567000.0, 4894840.0], [567010.0, 4894840.0], [567010.0, 4894850.0], [567110.0, 4894850.0], [567110.0, 4894840.0], [567290.0, 4894840.0], [567290.0, 4894850.0], [567300.0, 4894850.0], [567300.0, 4894860.0], [567310.0, 4894860.0], [567310.0, 4894870.0], [567330.0, 4894870.0], [567330.0, 4894880.0], [567340.0, 4894880.0], [567340.0, 4894890.0], [567370.0, 4894890.0], [567370.0, 4894900.0], [567460.0, 4894900.0], [567460.0, 4894910.0], [567490.0, 4894910.0], [567490.0, 4894920.0], [567530.0, 4894920.0], [567530.0, 4894930.0], [567540.0, 4894930.0], [567540.0, 4894940.0], [567560.0, 4894940.0], [567560.0, 4894950.0], [567580.0, 4894950.0], [567580.0, 4894960.0], [567660.0, 4894960.0], [567660.0, 4894950.0], [567710.0, 4894950.0], [567710.0, 4894940.0], [567750.0, 4894940.0], [567750.0, 4894930.0], [567780.0, 4894930.0], [567780.0, 4894920.0], [567790.0, 4894920.0], [567790.0, 4894910.0], [567800.0, 4894910.0], [567800.0, 4894900.0], [567810.0, 4894900.0], [567810.0, 4894890.0], [567830.0, 4894890.0], [567830.0, 4894880.0], [567850.0, 4894880.0], [567850.0, 4894870.0], [567870.0, 4894870.0], [567870.0, 4894860.0], [567880.0, 4894860.0], [567880.0, 4894850.0], [567900.0, 4894850.0], [567900.0, 4894840.0], [567920.0, 4894840.0], [567920.0, 4894830.0], [567950.0, 4894830.0], [567950.0, 4894820.0], [567980.0, 4894820.0], [567980.0, 4894810.0], [568000.0, 4894810.0], [568000.0, 4894800.0], [568030.0, 4894800.0], [568030.0, 4894790.0], [568090.0, 4894790.0], [568090.0, 4894800.0], [568100.0, 4894800.0], [568100.0, 4894810.0], [568110.0, 4894810.0], [568110.0, 4894820.0], [568130.0, 4894820.0], [568130.0, 4894830.0], [568140.0, 4894830.0], [568140.0, 4894840.0], [568160.0, 4894840.0], [568160.0, 4894850.0], [568170.0, 4894850.0], [568170.0, 4894860.0], [568180.0, 4894860.0], [568180.0, 4894870.0], [568190.0, 4894870.0], [568190.0, 4894880.0], [568200.0, 4894880.0], [568200.0, 4894890.0], [568210.0, 4894890.0], [568210.0, 4894900.0], [568230.0, 4894900.0], [568230.0, 4894910.0], [568240.0, 4894910.0], [568240.0, 4894920.0], [568260.0, 4894920.0], [568260.0, 4894930.0], [568290.0, 4894930.0], [568290.0, 4894940.0], [568310.0, 4894940.0], [568310.0, 4894950.0], [568330.0, 4894950.0], [568330.0, 4894960.0], [568420.0, 4894960.0], [568420.0, 4894950.0], [568440.0, 4894950.0], [568440.0, 4894940.0], [568460.0, 4894940.0], [568460.0, 4894930.0], [568480.0, 4894930.0], [568480.0, 4894920.0], [568490.0, 4894920.0], [568490.0, 4894910.0], [568500.0, 4894910.0], [568500.0, 4894900.0], [568510.0, 4894900.0], [568510.0, 4894890.0], [568520.0, 4894890.0], [568520.0, 4894870.0], [568530.0, 4894870.0], [568530.0, 4894860.0], [568540.0, 4894860.0], [568540.0, 4894850.0], [568550.0, 4894850.0], [568550.0, 4894840.0], [568560.0, 4894840.0], [568560.0, 4894830.0], [568570.0, 4894830.0], [568570.0, 4894820.0], [568580.0, 4894820.0], [568580.0, 4894800.0], [568590.0, 4894800.0], [568590.0, 4894780.0], [568600.0, 4894780.0], [568600.0, 4894750.0], [568620.0, 4894750.0], [568620.0, 4894760.0], [568630.0, 4894760.0], [568630.0, 4894770.0], [568640.0, 4894770.0], [568640.0, 4894780.0], [568660.0, 4894780.0], [568660.0, 4894790.0], [568710.0, 4894790.0], [568710.0, 4894800.0], [568730.0, 4894800.0], [568730.0, 4894810.0], [568750.0, 4894810.0], [568750.0, 4894820.0], [568760.0, 4894820.0], [568760.0, 4894830.0], [568770.0, 4894830.0], [568770.0, 4894840.0], [568790.0, 4894840.0], [568790.0, 4894850.0], [568820.0, 4894850.0], [568820.0, 4894860.0], [568850.0, 4894860.0], [568850.0, 4894870.0], [568860.0, 4894870.0], [568860.0, 4894880.0], [568880.0, 4894880.0], [568880.0, 4894890.0], [568890.0, 4894890.0], [568890.0, 4894900.0], [568900.0, 4894900.0], [568900.0, 4894910.0], [568930.0, 4894910.0], [568930.0, 4894920.0], [568940.0, 4894920.0], [568940.0, 4894930.0], [568960.0, 4894930.0], [568960.0, 4894940.0], [568970.0, 4894940.0], [568970.0, 4894950.0], [568980.0, 4894950.0], [568980.0, 4894960.0], [569010.0, 4894960.0], [569010.0, 4894970.0], [569070.0, 4894970.0], [569070.0, 4894980.0], [569220.0, 4894980.0], [569220.0, 4894970.0], [569240.0, 4894970.0], [569240.0, 4894960.0], [569260.0, 4894960.0], [569260.0, 4894950.0], [569280.0, 4894950.0], [569280.0, 4894940.0], [569300.0, 4894940.0], [569300.0, 4894930.0], [569320.0, 4894930.0], [569320.0, 4894920.0], [569340.0, 4894920.0], [569340.0, 4894910.0], [569350.0, 4894910.0], [569350.0, 4894900.0], [569360.0, 4894900.0], [569360.0, 4894890.0], [569370.0, 4894890.0], [569370.0, 4894880.0], [569380.0, 4894880.0], [569380.0, 4894870.0], [569400.0, 4894870.0], [569400.0, 4894860.0], [569420.0, 4894860.0], [569420.0, 4894850.0], [569450.0, 4894850.0], [569450.0, 4894840.0], [569470.0, 4894840.0], [569470.0, 4894850.0], [569500.0, 4894850.0], [569500.0, 4894860.0], [569530.0, 4894860.0], [569530.0, 4894870.0], [569550.0, 4894870.0], [569550.0, 4894880.0], [569560.0, 4894880.0], [569560.0, 4894890.0], [569570.0, 4894890.0], [569570.0, 4894900.0], [569580.0, 4894900.0], [569580.0, 4894910.0], [569600.0, 4894910.0], [569600.0, 4894920.0], [569690.0, 4894920.0], [569690.0, 4894910.0], [569730.0, 4894910.0], [569730.0, 4894900.0], [569780.0, 4894900.0], [569780.0, 4894890.0], [569840.0, 4894890.0], [569840.0, 4894880.0], [569870.0, 4894880.0], [569870.0, 4894870.0], [569930.0, 4894870.0], [569930.0, 4894880.0], [569960.0, 4894880.0], [569960.0, 4894890.0], [569980.0, 4894890.0], [569980.0, 4894900.0], [570030.0, 4894900.0], [570030.0, 4894910.0], [570090.0, 4894910.0], [570090.0, 4894900.0], [570140.0, 4894900.0], [570140.0, 4894890.0], [570180.0, 4894890.0], [570180.0, 4894880.0], [570210.0, 4894880.0], [570210.0, 4894870.0], [570230.0, 4894870.0], [570230.0, 4894860.0], [570250.0, 4894860.0], [570250.0, 4894850.0], [570260.0, 4894850.0], [570260.0, 4894840.0], [570280.0, 4894840.0], [570280.0, 4894830.0], [570290.0, 4894830.0], [570290.0, 4894840.0], [570340.0, 4894840.0], [570340.0, 4894850.0], [570370.0, 4894850.0], [570370.0, 4894860.0], [570460.0, 4894860.0], [570460.0, 4894870.0], [570540.0, 4894870.0], [570540.0, 4894860.0], [570570.0, 4894860.0], [570570.0, 4894850.0], [570590.0, 4894850.0], [570590.0, 4894840.0], [570610.0, 4894840.0], [570610.0, 4894830.0], [570630.0, 4894830.0], [570630.0, 4894820.0], [570690.0, 4894820.0], [570690.0, 4894810.0], [570710.0, 4894810.0], [570710.0, 4894800.0], [570730.0, 4894800.0], [570730.0, 4894790.0], [570760.0, 4894790.0], [570760.0, 4894800.0], [570770.0, 4894800.0], [570770.0, 4894810.0], [570780.0, 4894810.0], [570780.0, 4894820.0], [570790.0, 4894820.0], [570790.0, 4894830.0], [570840.0, 4894830.0], [570840.0, 4894840.0], [570860.0, 4894840.0], [570860.0, 4894850.0], [570880.0, 4894850.0], [570880.0, 4894860.0], [570940.0, 4894860.0], [570940.0, 4894870.0], [570950.0, 4894870.0], [570950.0, 4894880.0], [570960.0, 4894880.0], [570960.0, 4894890.0], [570980.0, 4894890.0], [570980.0, 4894900.0], [570990.0, 4894900.0], [570990.0, 4894910.0], [571010.0, 4894910.0], [571010.0, 4894920.0], [571030.0, 4894920.0], [571030.0, 4894930.0], [571060.0, 4894930.0], [571060.0, 4894940.0], [571100.0, 4894940.0], [571100.0, 4894950.0], [571230.0, 4894950.0], [571230.0, 4894960.0], [571240.0, 4894960.0], [571240.0, 4894970.0], [571250.0, 4894970.0], [571250.0, 4894980.0], [571260.0, 4894980.0], [571260.0, 4895000.0], [571270.0, 4895000.0], [571270.0, 4895010.0], [571280.0, 4895010.0], [571280.0, 4895030.0], [571290.0, 4895030.0], [571290.0, 4895050.0], [571300.0, 4895050.0], [571300.0, 4895060.0], [571310.0, 4895060.0], [571310.0, 4895070.0], [571320.0, 4895070.0], [571320.0, 4895080.0], [571340.0, 4895080.0], [571340.0, 4895090.0], [571350.0, 4895090.0], [571350.0, 4895100.0], [571360.0, 4895100.0], [571360.0, 4895220.0], [571370.0, 4895220.0], [571370.0, 4895250.0], [571380.0, 4895250.0], [571380.0, 4895270.0], [571390.0, 4895270.0], [571390.0, 4895370.0], [571380.0, 4895370.0], [571380.0, 4895410.0], [571390.0, 4895410.0], [571390.0, 4895420.0], [571400.0, 4895420.0], [571400.0, 4895440.0], [571410.0, 4895440.0], [571410.0, 4895450.0], [571420.0, 4895450.0], [571420.0, 4895460.0], [571430.0, 4895460.0], [571430.0, 4895470.0], [571440.0, 4895470.0], [571440.0, 4895480.0], [571450.0, 4895480.0], [571450.0, 4895490.0], [571470.0, 4895490.0], [571470.0, 4895500.0], [571490.0, 4895500.0], [571490.0, 4895510.0], [571500.0, 4895510.0], [571500.0, 4895520.0], [571510.0, 4895520.0], [571510.0, 4895530.0], [571530.0, 4895530.0], [571530.0, 4895540.0], [571540.0, 4895540.0], [571540.0, 4895550.0], [571550.0, 4895550.0], [571550.0, 4895560.0], [571560.0, 4895560.0], [571560.0, 4895570.0], [571570.0, 4895570.0], [571570.0, 4895580.0], [571580.0, 4895580.0], [571580.0, 4895590.0], [571590.0, 4895590.0], [571590.0, 4895600.0], [571600.0, 4895600.0], [571600.0, 4895630.0], [571610.0, 4895630.0], [571610.0, 4895640.0], [571620.0, 4895640.0], [571620.0, 4895650.0], [571630.0, 4895650.0], [571630.0, 4895660.0], [571640.0, 4895660.0], [571640.0, 4895680.0], [571650.0, 4895680.0], [571650.0, 4895690.0], [571660.0, 4895690.0], [571660.0, 4895700.0], [571670.0, 4895700.0], [571670.0, 4895710.0], [571680.0, 4895710.0], [571680.0, 4895720.0], [571690.0, 4895720.0], [571690.0, 4895730.0], [571700.0, 4895730.0], [571700.0, 4895740.0], [571710.0, 4895740.0], [571710.0, 4895750.0], [571720.0, 4895750.0], [571720.0, 4895760.0], [571730.0, 4895760.0], [571730.0, 4895770.0], [571740.0, 4895770.0], [571740.0, 4895780.0], [571750.0, 4895780.0], [571750.0, 4895790.0], [571760.0, 4895790.0], [571760.0, 4895800.0], [571770.0, 4895800.0], [571770.0, 4895830.0], [571760.0, 4895830.0], [571760.0, 4895860.0], [571750.0, 4895860.0], [571750.0, 4895880.0], [571740.0, 4895880.0], [571740.0, 4895900.0], [571730.0, 4895900.0], [571730.0, 4895930.0], [571720.0, 4895930.0], [571720.0, 4895980.0], [571710.0, 4895980.0], [571710.0, 4896030.0], [571700.0, 4896030.0], [571700.0, 4896060.0], [571690.0, 4896060.0], [571690.0, 4896130.0], [571680.0, 4896130.0], [571680.0, 4896260.0], [571670.0, 4896260.0], [571670.0, 4896270.0], [571660.0, 4896270.0], [571660.0, 4896290.0], [571650.0, 4896290.0], [571650.0, 4896300.0], [571640.0, 4896300.0], [571640.0, 4896310.0], [571630.0, 4896310.0], [571630.0, 4896330.0], [571620.0, 4896330.0], [571620.0, 4896410.0], [571610.0, 4896410.0], [571610.0, 4896450.0], [571600.0, 4896450.0], [571600.0, 4896490.0], [571590.0, 4896490.0], [571590.0, 4896520.0], [571580.0, 4896520.0], [571580.0, 4896560.0], [571590.0, 4896560.0], [571590.0, 4896580.0], [571580.0, 4896580.0], [571580.0, 4896630.0], [571570.0, 4896630.0], [571570.0, 4896800.0], [571560.0, 4896800.0], [571560.0, 4896810.0], [571540.0, 4896810.0], [571540.0, 4896820.0], [571530.0, 4896820.0], [571530.0, 4896830.0], [571510.0, 4896830.0], [571510.0, 4896840.0], [571500.0, 4896840.0], [571500.0, 4896860.0], [571490.0, 4896860.0], [571490.0, 4896870.0], [571480.0, 4896870.0], [571480.0, 4896890.0], [571470.0, 4896890.0], [571470.0, 4896910.0], [571460.0, 4896910.0], [571460.0, 4896940.0], [571450.0, 4896940.0], [571450.0, 4896960.0], [571440.0, 4896960.0], [571440.0, 4896980.0], [571430.0, 4896980.0], [571430.0, 4897000.0], [571420.0, 4897000.0], [571420.0, 4897030.0], [571410.0, 4897030.0], [571410.0, 4897170.0], [571420.0, 4897170.0], [571420.0, 4897210.0], [571410.0, 4897210.0], [571410.0, 4897280.0], [571400.0, 4897280.0], [571400.0, 4897290.0], [571390.0, 4897290.0], [571390.0, 4897340.0], [571400.0, 4897340.0], [571400.0, 4897400.0], [571410.0, 4897400.0], [571410.0, 4897450.0], [571420.0, 4897450.0], [571420.0, 4897460.0], [571430.0, 4897460.0], [571430.0, 4897480.0], [571440.0, 4897480.0], [571440.0, 4897490.0], [571450.0, 4897490.0], [571450.0, 4897590.0], [571460.0, 4897590.0], [571460.0, 4897630.0], [571450.0, 4897630.0], [571450.0, 4897640.0], [571430.0, 4897640.0], [571430.0, 4897650.0], [571420.0, 4897650.0], [571420.0, 4897660.0], [571410.0, 4897660.0], [571410.0, 4897670.0], [571400.0, 4897670.0], [571400.0, 4897680.0], [571390.0, 4897680.0], [571390.0, 4897690.0], [571380.0, 4897690.0], [571380.0, 4897710.0], [571370.0, 4897710.0], [571370.0, 4897720.0], [571360.0, 4897720.0], [571360.0, 4897730.0], [571350.0, 4897730.0], [571350.0, 4897740.0], [571340.0, 4897740.0], [571340.0, 4897750.0], [571330.0, 4897750.0], [571330.0, 4897760.0], [571320.0, 4897760.0], [571320.0, 4897860.0], [571330.0, 4897860.0], [571330.0, 4897880.0], [571340.0, 4897880.0], [571340.0, 4897910.0], [571350.0, 4897910.0], [571350.0, 4897940.0], [571360.0, 4897940.0], [571360.0, 4898010.0], [571370.0, 4898010.0], [571370.0, 4898060.0], [571360.0, 4898060.0], [571360.0, 4898130.0], [571350.0, 4898130.0], [571350.0, 4898150.0], [571340.0, 4898150.0], [571340.0, 4898180.0], [571330.0, 4898180.0], [571330.0, 4898280.0], [571340.0, 4898280.0], [571340.0, 4898310.0], [571330.0, 4898310.0], [571330.0, 4898330.0], [571320.0, 4898330.0], [571320.0, 4898360.0], [571310.0, 4898360.0], [571310.0, 4898430.0], [571300.0, 4898430.0], [571300.0, 4898450.0], [571290.0, 4898450.0], [571290.0, 4898460.0], [571280.0, 4898460.0], [571280.0, 4898480.0], [571270.0, 4898480.0], [571270.0, 4898490.0], [571260.0, 4898490.0], [571260.0, 4898510.0], [571250.0, 4898510.0], [571250.0, 4898520.0], [571240.0, 4898520.0], [571240.0, 4898530.0], [571230.0, 4898530.0], [571230.0, 4898540.0], [571220.0, 4898540.0], [571220.0, 4898560.0], [571210.0, 4898560.0], [571210.0, 4898570.0], [571200.0, 4898570.0], [571200.0, 4898580.0], [571190.0, 4898580.0], [571190.0, 4898590.0], [571180.0, 4898590.0], [571180.0, 4898600.0], [571170.0, 4898600.0], [571170.0, 4898620.0], [571160.0, 4898620.0], [571160.0, 4898630.0], [571150.0, 4898630.0], [571150.0, 4898640.0], [571140.0, 4898640.0], [571140.0, 4898660.0], [571130.0, 4898660.0], [571130.0, 4898680.0], [571060.0, 4898680.0], [571060.0, 4898690.0], [571030.0, 4898690.0], [571030.0, 4898700.0], [571020.0, 4898700.0], [571020.0, 4898710.0], [571000.0, 4898710.0], [571000.0, 4898720.0], [570980.0, 4898720.0], [570980.0, 4898730.0], [570970.0, 4898730.0], [570970.0, 4898740.0], [570960.0, 4898740.0], [570960.0, 4898750.0], [570950.0, 4898750.0], [570950.0, 4898760.0], [570930.0, 4898760.0], [570930.0, 4898770.0], [570920.0, 4898770.0], [570920.0, 4898780.0], [570910.0, 4898780.0], [570910.0, 4898790.0], [570900.0, 4898790.0], [570900.0, 4898800.0], [570890.0, 4898800.0], [570890.0, 4898810.0], [570880.0, 4898810.0], [570880.0, 4898820.0], [570860.0, 4898820.0], [570860.0, 4898830.0], [570850.0, 4898830.0], [570850.0, 4898840.0], [570840.0, 4898840.0], [570840.0, 4898850.0], [570830.0, 4898850.0], [570830.0, 4898860.0], [570820.0, 4898860.0], [570820.0, 4898870.0], [570810.0, 4898870.0], [570810.0, 4898880.0], [570800.0, 4898880.0], [570800.0, 4898890.0], [570780.0, 4898890.0], [570780.0, 4898900.0], [570770.0, 4898900.0], [570770.0, 4898910.0], [570750.0, 4898910.0], [570750.0, 4898920.0], [570740.0, 4898920.0], [570740.0, 4898930.0], [570730.0, 4898930.0], [570730.0, 4898940.0], [570720.0, 4898940.0], [570720.0, 4898950.0], [570700.0, 4898950.0], [570700.0, 4898960.0], [570690.0, 4898960.0], [570690.0, 4898970.0], [570680.0, 4898970.0], [570680.0, 4898980.0], [570670.0, 4898980.0], [570670.0, 4898990.0], [570660.0, 4898990.0], [570660.0, 4899000.0], [570650.0, 4899000.0], [570650.0, 4899010.0], [570640.0, 4899010.0], [570640.0, 4899020.0], [570630.0, 4899020.0], [570630.0, 4899030.0], [570620.0, 4899030.0], [570620.0, 4899040.0], [570610.0, 4899040.0], [570610.0, 4899050.0], [570590.0, 4899050.0], [570590.0, 4899060.0], [570580.0, 4899060.0], [570580.0, 4899070.0], [570550.0, 4899070.0], [570550.0, 4899080.0], [570450.0, 4899080.0], [570450.0, 4899090.0], [570130.0, 4899090.0], [570130.0, 4899100.0], [570110.0, 4899100.0], [570110.0, 4899110.0], [570070.0, 4899110.0], [570070.0, 4899120.0], [569930.0, 4899120.0], [569930.0, 4899110.0], [569840.0, 4899110.0], [569840.0, 4899120.0], [569810.0, 4899120.0], [569810.0, 4899130.0], [569800.0, 4899130.0], [569800.0, 4899140.0], [569790.0, 4899140.0], [569790.0, 4899150.0], [569780.0, 4899150.0], [569780.0, 4899160.0], [569770.0, 4899160.0], [569770.0, 4899170.0], [569760.0, 4899170.0], [569760.0, 4899180.0], [569740.0, 4899180.0], [569740.0, 4899190.0], [569730.0, 4899190.0], [569730.0, 4899200.0], [569710.0, 4899200.0], [569710.0, 4899210.0], [569700.0, 4899210.0], [569700.0, 4899220.0], [569690.0, 4899220.0], [569690.0, 4899230.0], [569680.0, 4899230.0], [569680.0, 4899250.0], [569690.0, 4899250.0], [569690.0, 4899290.0], [569700.0, 4899290.0], [569700.0, 4899320.0], [569710.0, 4899320.0], [569710.0, 4899350.0], [569720.0, 4899350.0], [569720.0, 4899370.0], [569730.0, 4899370.0], [569730.0, 4899400.0], [569740.0, 4899400.0], [569740.0, 4899420.0], [569750.0, 4899420.0], [569750.0, 4899440.0], [569760.0, 4899440.0], [569760.0, 4899490.0], [569750.0, 4899490.0], [569750.0, 4899530.0], [569770.0, 4899530.0], [569770.0, 4899570.0], [569780.0, 4899570.0], [569780.0, 4899640.0], [569770.0, 4899640.0], [569770.0, 4899750.0], [569760.0, 4899750.0], [569760.0, 4899770.0], [569750.0, 4899770.0], [569750.0, 4899860.0], [569740.0, 4899860.0], [569740.0, 4899960.0], [569730.0, 4899960.0], [569730.0, 4899970.0], [569690.0, 4899970.0], [569690.0, 4899980.0], [569670.0, 4899980.0], [569670.0, 4900000.0], [569660.0, 4900000.0], [569660.0, 4900010.0], [569650.0, 4900010.0], [569650.0, 4900020.0], [569640.0, 4900020.0], [569640.0, 4900030.0], [569630.0, 4900030.0], [569630.0, 4900040.0], [569620.0, 4900040.0], [569620.0, 4900050.0], [569600.0, 4900050.0], [569600.0, 4900060.0], [569590.0, 4900060.0], [569590.0, 4900070.0], [569570.0, 4900070.0], [569570.0, 4900080.0], [569560.0, 4900080.0], [569560.0, 4900090.0], [569550.0, 4900090.0], [569550.0, 4900100.0], [569540.0, 4900100.0], [569540.0, 4900120.0], [569530.0, 4900120.0], [569530.0, 4900130.0], [569520.0, 4900130.0], [569520.0, 4900140.0], [569510.0, 4900140.0], [569510.0, 4900150.0], [569500.0, 4900150.0], [569500.0, 4900170.0], [569490.0, 4900170.0], [569490.0, 4900180.0], [569480.0, 4900180.0], [569480.0, 4900190.0], [569470.0, 4900190.0], [569470.0, 4900210.0], [569460.0, 4900210.0], [569460.0, 4900230.0], [569450.0, 4900230.0], [569450.0, 4900240.0], [569440.0, 4900240.0], [569440.0, 4900250.0], [569430.0, 4900250.0], [569430.0, 4900260.0], [569420.0, 4900260.0], [569420.0, 4900280.0], [569410.0, 4900280.0], [569410.0, 4900290.0], [569400.0, 4900290.0], [569400.0, 4900300.0], [569380.0, 4900300.0], [569380.0, 4900310.0], [569370.0, 4900310.0], [569370.0, 4900330.0], [569360.0, 4900330.0], [569360.0, 4900340.0], [569350.0, 4900340.0], [569350.0, 4900360.0], [569340.0, 4900360.0], [569340.0, 4900370.0], [569330.0, 4900370.0], [569330.0, 4900380.0], [569320.0, 4900380.0], [569320.0, 4900400.0], [569310.0, 4900400.0], [569310.0, 4900410.0], [569300.0, 4900410.0], [569300.0, 4900420.0], [569290.0, 4900420.0], [569290.0, 4900430.0], [569280.0, 4900430.0], [569280.0, 4900450.0], [569270.0, 4900450.0], [569270.0, 4900460.0], [569260.0, 4900460.0], [569260.0, 4900470.0], [569250.0, 4900470.0], [569250.0, 4900480.0], [569240.0, 4900480.0], [569240.0, 4900490.0], [569230.0, 4900490.0], [569230.0, 4900510.0], [569220.0, 4900510.0], [569220.0, 4900520.0], [569210.0, 4900520.0], [569210.0, 4900530.0], [569200.0, 4900530.0], [569200.0, 4900540.0], [569190.0, 4900540.0], [569190.0, 4900550.0], [569180.0, 4900550.0], [569180.0, 4900570.0], [569170.0, 4900570.0], [569170.0, 4900580.0], [569160.0, 4900580.0], [569160.0, 4900600.0], [569150.0, 4900600.0], [569150.0, 4900610.0], [569140.0, 4900610.0], [569140.0, 4900630.0], [569130.0, 4900630.0], [569130.0, 4900650.0], [569120.0, 4900650.0], [569120.0, 4900660.0], [569110.0, 4900660.0], [569110.0, 4900680.0], [569100.0, 4900680.0], [569100.0, 4900690.0], [569090.0, 4900690.0], [569090.0, 4900700.0], [569080.0, 4900700.0], [569080.0, 4900710.0], [569070.0, 4900710.0], [569070.0, 4900740.0], [569060.0, 4900740.0], [569060.0, 4900750.0], [569050.0, 4900750.0], [569050.0, 4900760.0], [569040.0, 4900760.0], [569040.0, 4900780.0], [569030.0, 4900780.0], [569030.0, 4900790.0], [569020.0, 4900790.0], [569020.0, 4900820.0], [569010.0, 4900820.0], [569010.0, 4900830.0], [569000.0, 4900830.0], [569000.0, 4900840.0], [568990.0, 4900840.0], [568990.0, 4900850.0], [568980.0, 4900850.0], [568980.0, 4900870.0], [568960.0, 4900870.0], [568960.0, 4900880.0], [568950.0, 4900880.0], [568950.0, 4900890.0], [568940.0, 4900890.0], [568940.0, 4900900.0], [568920.0, 4900900.0], [568920.0, 4900910.0], [568900.0, 4900910.0], [568900.0, 4900920.0], [568880.0, 4900920.0], [568880.0, 4900930.0], [568830.0, 4900930.0], [568830.0, 4900940.0], [568790.0, 4900940.0], [568790.0, 4900960.0], [568800.0, 4900960.0], [568800.0, 4900990.0], [568810.0, 4900990.0], [568810.0, 4901010.0], [568820.0, 4901010.0], [568820.0, 4901030.0], [568830.0, 4901030.0], [568830.0, 4901060.0], [568840.0, 4901060.0], [568840.0, 4901080.0], [568850.0, 4901080.0], [568850.0, 4901100.0], [568860.0, 4901100.0], [568860.0, 4901140.0], [568870.0, 4901140.0], [568870.0, 4901190.0], [568880.0, 4901190.0], [568880.0, 4901210.0], [568890.0, 4901210.0], [568890.0, 4901230.0], [568900.0, 4901230.0], [568900.0, 4901300.0], [568910.0, 4901300.0], [568910.0, 4901480.0], [568920.0, 4901480.0], [568920.0, 4901520.0], [568930.0, 4901520.0], [568930.0, 4901550.0], [568940.0, 4901550.0], [568940.0, 4901570.0], [568950.0, 4901570.0], [568950.0, 4901600.0], [568960.0, 4901600.0], [568960.0, 4901620.0], [568970.0, 4901620.0], [568970.0, 4901630.0], [568980.0, 4901630.0], [568980.0, 4901640.0], [568990.0, 4901640.0], [568990.0, 4901660.0], [569000.0, 4901660.0], [569000.0, 4901690.0], [569010.0, 4901690.0], [569010.0, 4901730.0], [569020.0, 4901730.0], [569020.0, 4901740.0], [569030.0, 4901740.0], [569030.0, 4901750.0], [569040.0, 4901750.0], [569040.0, 4901770.0], [569050.0, 4901770.0], [569050.0, 4901810.0], [569060.0, 4901810.0], [569060.0, 4901830.0], [569070.0, 4901830.0], [569070.0, 4901850.0], [569080.0, 4901850.0], [569080.0, 4901870.0], [569090.0, 4901870.0], [569090.0, 4901890.0], [569100.0, 4901890.0], [569100.0, 4901900.0], [569110.0, 4901900.0], [569110.0, 4901910.0], [569120.0, 4901910.0], [569120.0, 4901930.0], [569130.0, 4901930.0], [569130.0, 4901940.0], [569140.0, 4901940.0], [569140.0, 4901960.0], [569150.0, 4901960.0], [569150.0, 4901980.0], [569160.0, 4901980.0], [569160.0, 4902000.0], [569170.0, 4902000.0], [569170.0, 4902010.0], [569180.0, 4902010.0], [569180.0, 4902030.0], [569190.0, 4902030.0], [569190.0, 4902040.0], [569200.0, 4902040.0], [569200.0, 4902060.0], [569210.0, 4902060.0], [569210.0, 4902080.0], [569220.0, 4902080.0], [569220.0, 4902090.0], [569230.0, 4902090.0], [569230.0, 4902110.0], [569240.0, 4902110.0], [569240.0, 4902150.0], [569230.0, 4902150.0], [569230.0, 4902180.0], [569220.0, 4902180.0], [569220.0, 4902260.0], [569210.0, 4902260.0], [569210.0, 4902280.0], [569220.0, 4902280.0], [569220.0, 4902320.0], [569210.0, 4902320.0], [569210.0, 4902340.0], [569200.0, 4902340.0], [569200.0, 4902360.0], [569190.0, 4902360.0], [569190.0, 4902390.0], [569180.0, 4902390.0], [569180.0, 4902410.0], [569170.0, 4902410.0], [569170.0, 4902440.0], [569160.0, 4902440.0], [569160.0, 4902470.0], [569150.0, 4902470.0], [569150.0, 4902620.0], [569140.0, 4902620.0], [569140.0, 4902640.0], [569130.0, 4902640.0], [569130.0, 4902670.0], [569120.0, 4902670.0], [569120.0, 4902690.0], [569110.0, 4902690.0], [569110.0, 4902720.0], [569100.0, 4902720.0], [569100.0, 4902740.0], [569090.0, 4902740.0], [569090.0, 4902760.0], [569080.0, 4902760.0], [569080.0, 4902780.0], [569070.0, 4902780.0], [569070.0, 4902790.0], [569060.0, 4902790.0], [569060.0, 4902800.0], [569050.0, 4902800.0], [569050.0, 4902820.0], [569040.0, 4902820.0], [569040.0, 4902830.0], [569030.0, 4902830.0], [569030.0, 4902850.0], [569020.0, 4902850.0], [569020.0, 4902870.0], [569010.0, 4902870.0], [569010.0, 4902890.0], [569000.0, 4902890.0], [569000.0, 4902900.0], [568990.0, 4902900.0], [568990.0, 4902920.0], [568980.0, 4902920.0], [568980.0, 4902930.0], [568970.0, 4902930.0], [568970.0, 4902940.0], [568960.0, 4902940.0], [568960.0, 4902960.0], [568950.0, 4902960.0], [568950.0, 4902970.0], [568940.0, 4902970.0], [568940.0, 4902980.0], [568930.0, 4902980.0], [568930.0, 4902990.0], [568910.0, 4902990.0], [568910.0, 4903000.0], [568900.0, 4903000.0], [568900.0, 4903040.0], [568890.0, 4903040.0], [568890.0, 4903050.0], [568880.0, 4903050.0], [568880.0, 4903060.0], [568870.0, 4903060.0], [568870.0, 4903070.0], [568860.0, 4903070.0], [568860.0, 4903080.0], [568850.0, 4903080.0], [568850.0, 4903090.0], [568840.0, 4903090.0], [568840.0, 4903100.0], [568830.0, 4903100.0], [568830.0, 4903110.0], [568820.0, 4903110.0], [568820.0, 4903120.0], [568800.0, 4903120.0], [568800.0, 4903130.0], [568790.0, 4903130.0], [568790.0, 4903140.0], [568780.0, 4903140.0], [568780.0, 4903150.0], [568770.0, 4903150.0], [568770.0, 4903160.0], [568750.0, 4903160.0], [568750.0, 4903170.0], [568730.0, 4903170.0], [568730.0, 4903180.0], [568710.0, 4903180.0], [568710.0, 4903190.0], [568700.0, 4903190.0], [568700.0, 4903200.0], [568690.0, 4903200.0], [568690.0, 4903210.0], [568680.0, 4903210.0], [568680.0, 4903220.0], [568670.0, 4903220.0], [568670.0, 4903230.0], [568660.0, 4903230.0], [568660.0, 4903240.0], [568650.0, 4903240.0], [568650.0, 4903250.0], [568640.0, 4903250.0], [568640.0, 4903260.0], [568630.0, 4903260.0], [568630.0, 4903270.0], [568620.0, 4903270.0], [568620.0, 4903280.0], [568610.0, 4903280.0], [568610.0, 4903290.0], [568600.0, 4903290.0], [568600.0, 4903300.0], [568580.0, 4903300.0], [568580.0, 4903310.0], [568570.0, 4903310.0], [568570.0, 4903320.0], [568560.0, 4903320.0], [568560.0, 4903330.0], [568550.0, 4903330.0], [568550.0, 4903340.0], [568540.0, 4903340.0], [568540.0, 4903350.0], [568530.0, 4903350.0], [568530.0, 4903360.0], [568520.0, 4903360.0], [568520.0, 4903380.0], [568510.0, 4903380.0], [568510.0, 4903400.0], [568500.0, 4903400.0], [568500.0, 4903410.0], [568490.0, 4903410.0], [568490.0, 4903420.0], [568480.0, 4903420.0], [568480.0, 4903430.0], [568470.0, 4903430.0], [568470.0, 4903440.0], [568460.0, 4903440.0], [568460.0, 4903450.0], [568450.0, 4903450.0], [568450.0, 4903460.0], [568440.0, 4903460.0], [568440.0, 4903470.0], [568320.0, 4903470.0]]]}, "properties": {"site_code": "162", "dem_area_ha": 6247.58, "routing_qc_pass": true}}, {"type": "Feature", "geometry": {"type": "Polygon", "coordinates": [[[567140.0, 4899760.0], [567140.0, 4899750.0], [567070.0, 4899750.0], [567070.0, 4899740.0], [567020.0, 4899740.0], [567020.0, 4899750.0], [566920.0, 4899750.0], [566920.0, 4899740.0], [566900.0, 4899740.0], [566900.0, 4899730.0], [566880.0, 4899730.0], [566880.0, 4899720.0], [566870.0, 4899720.0], [566870.0, 4899710.0], [566860.0, 4899710.0], [566860.0, 4899700.0], [566850.0, 4899700.0], [566850.0, 4899690.0], [566840.0, 4899690.0], [566840.0, 4899680.0], [566830.0, 4899680.0], [566830.0, 4899670.0], [566810.0, 4899670.0], [566810.0, 4899660.0], [566800.0, 4899660.0], [566800.0, 4899650.0], [566780.0, 4899650.0], [566780.0, 4899640.0], [566770.0, 4899640.0], [566770.0, 4899630.0], [566750.0, 4899630.0], [566750.0, 4899620.0], [566730.0, 4899620.0], [566730.0, 4899610.0], [566710.0, 4899610.0], [566710.0, 4899600.0], [566690.0, 4899600.0], [566690.0, 4899590.0], [566660.0, 4899590.0], [566660.0, 4899580.0], [566650.0, 4899580.0], [566650.0, 4899590.0], [566590.0, 4899590.0], [566590.0, 4899600.0], [566580.0, 4899600.0], [566580.0, 4899610.0], [566570.0, 4899610.0], [566570.0, 4899600.0], [566560.0, 4899600.0], [566560.0, 4899590.0], [566550.0, 4899590.0], [566550.0, 4899580.0], [566540.0, 4899580.0], [566540.0, 4899570.0], [566530.0, 4899570.0], [566530.0, 4899560.0], [566520.0, 4899560.0], [566520.0, 4899550.0], [566510.0, 4899550.0], [566510.0, 4899530.0], [566500.0, 4899530.0], [566500.0, 4899510.0], [566490.0, 4899510.0], [566490.0, 4899500.0], [566480.0, 4899500.0], [566480.0, 4899490.0], [566470.0, 4899490.0], [566470.0, 4899470.0], [566460.0, 4899470.0], [566460.0, 4899450.0], [566450.0, 4899450.0], [566450.0, 4899430.0], [566440.0, 4899430.0], [566440.0, 4899410.0], [566430.0, 4899410.0], [566430.0, 4899390.0], [566410.0, 4899390.0], [566410.0, 4899380.0], [566400.0, 4899380.0], [566400.0, 4899370.0], [566380.0, 4899370.0], [566380.0, 4899360.0], [566370.0, 4899360.0], [566370.0, 4899350.0], [566360.0, 4899350.0], [566360.0, 4899340.0], [566340.0, 4899340.0], [566340.0, 4899330.0], [566350.0, 4899330.0], [566350.0, 4899320.0], [566360.0, 4899320.0], [566360.0, 4899310.0], [566370.0, 4899310.0], [566370.0, 4899300.0], [566380.0, 4899300.0], [566380.0, 4899290.0], [566390.0, 4899290.0], [566390.0, 4899280.0], [566400.0, 4899280.0], [566400.0, 4899270.0], [566410.0, 4899270.0], [566410.0, 4899250.0], [566420.0, 4899250.0], [566420.0, 4899240.0], [566430.0, 4899240.0], [566430.0, 4899220.0], [566440.0, 4899220.0], [566440.0, 4899210.0], [566450.0, 4899210.0], [566450.0, 4899200.0], [566460.0, 4899200.0], [566460.0, 4899190.0], [566470.0, 4899190.0], [566470.0, 4899180.0], [566480.0, 4899180.0], [566480.0, 4899170.0], [566490.0, 4899170.0], [566490.0, 4899160.0], [566500.0, 4899160.0], [566500.0, 4899150.0], [566510.0, 4899150.0], [566510.0, 4899140.0], [566520.0, 4899140.0], [566520.0, 4899120.0], [566530.0, 4899120.0], [566530.0, 4899110.0], [566540.0, 4899110.0], [566540.0, 4899100.0], [566550.0, 4899100.0], [566550.0, 4899090.0], [566560.0, 4899090.0], [566560.0, 4899080.0], [566570.0, 4899080.0], [566570.0, 4899070.0], [566580.0, 4899070.0], [566580.0, 4899060.0], [566630.0, 4899060.0], [566630.0, 4899050.0], [566640.0, 4899050.0], [566640.0, 4899040.0], [566650.0, 4899040.0], [566650.0, 4899030.0], [566660.0, 4899030.0], [566660.0, 4899020.0], [566670.0, 4899020.0], [566670.0, 4899010.0], [566680.0, 4899010.0], [566680.0, 4899000.0], [566690.0, 4899000.0], [566690.0, 4898990.0], [566700.0, 4898990.0], [566700.0, 4898980.0], [566710.0, 4898980.0], [566710.0, 4898970.0], [566730.0, 4898970.0], [566730.0, 4898960.0], [566740.0, 4898960.0], [566740.0, 4898950.0], [566750.0, 4898950.0], [566750.0, 4898940.0], [566760.0, 4898940.0], [566760.0, 4898930.0], [566780.0, 4898930.0], [566780.0, 4898920.0], [566830.0, 4898920.0], [566830.0, 4898910.0], [566850.0, 4898910.0], [566850.0, 4898900.0], [566860.0, 4898900.0], [566860.0, 4898890.0], [566870.0, 4898890.0], [566870.0, 4898880.0], [566880.0, 4898880.0], [566880.0, 4898850.0], [566890.0, 4898850.0], [566890.0, 4898840.0], [566900.0, 4898840.0], [566900.0, 4898830.0], [566910.0, 4898830.0], [566910.0, 4898820.0], [566920.0, 4898820.0], [566920.0, 4898810.0], [566930.0, 4898810.0], [566930.0, 4898800.0], [566940.0, 4898800.0], [566940.0, 4898790.0], [566950.0, 4898790.0], [566950.0, 4898780.0], [566960.0, 4898780.0], [566960.0, 4898760.0], [566970.0, 4898760.0], [566970.0, 4898750.0], [566980.0, 4898750.0], [566980.0, 4898710.0], [566990.0, 4898710.0], [566990.0, 4898680.0], [567000.0, 4898680.0], [567000.0, 4898670.0], [567010.0, 4898670.0], [567010.0, 4898660.0], [567020.0, 4898660.0], [567020.0, 4898640.0], [567030.0, 4898640.0], [567030.0, 4898560.0], [567020.0, 4898560.0], [567020.0, 4898530.0], [567010.0, 4898530.0], [567010.0, 4898520.0], [567000.0, 4898520.0], [567000.0, 4898510.0], [566970.0, 4898510.0], [566970.0, 4898490.0], [566990.0, 4898490.0], [566990.0, 4898480.0], [567000.0, 4898480.0], [567000.0, 4898430.0], [567010.0, 4898430.0], [567010.0, 4898420.0], [567030.0, 4898420.0], [567030.0, 4898410.0], [567060.0, 4898410.0], [567060.0, 4898420.0], [567080.0, 4898420.0], [567080.0, 4898430.0], [567100.0, 4898430.0], [567100.0, 4898440.0], [567120.0, 4898440.0], [567120.0, 4898460.0], [567130.0, 4898460.0], [567130.0, 4898480.0], [567140.0, 4898480.0], [567140.0, 4898520.0], [567150.0, 4898520.0], [567150.0, 4898540.0], [567160.0, 4898540.0], [567160.0, 4898550.0], [567170.0, 4898550.0], [567170.0, 4898580.0], [567180.0, 4898580.0], [567180.0, 4898620.0], [567190.0, 4898620.0], [567190.0, 4898650.0], [567200.0, 4898650.0], [567200.0, 4898660.0], [567210.0, 4898660.0], [567210.0, 4898680.0], [567220.0, 4898680.0], [567220.0, 4898710.0], [567230.0, 4898710.0], [567230.0, 4898730.0], [567240.0, 4898730.0], [567240.0, 4898760.0], [567250.0, 4898760.0], [567250.0, 4898780.0], [567260.0, 4898780.0], [567260.0, 4898850.0], [567270.0, 4898850.0], [567270.0, 4898910.0], [567260.0, 4898910.0], [567260.0, 4899030.0], [567270.0, 4899030.0], [567270.0, 4899040.0], [567260.0, 4899040.0], [567260.0, 4899050.0], [567250.0, 4899050.0], [567250.0, 4899070.0], [567240.0, 4899070.0], [567240.0, 4899130.0], [567250.0, 4899130.0], [567250.0, 4899200.0], [567240.0, 4899200.0], [567240.0, 4899430.0], [567250.0, 4899430.0], [567250.0, 4899440.0], [567260.0, 4899440.0], [567260.0, 4899460.0], [567270.0, 4899460.0], [567270.0, 4899490.0], [567280.0, 4899490.0], [567280.0, 4899510.0], [567290.0, 4899510.0], [567290.0, 4899520.0], [567280.0, 4899520.0], [567280.0, 4899530.0], [567270.0, 4899530.0], [567270.0, 4899540.0], [567260.0, 4899540.0], [567260.0, 4899560.0], [567250.0, 4899560.0], [567250.0, 4899570.0], [567240.0, 4899570.0], [567240.0, 4899580.0], [567230.0, 4899580.0], [567230.0, 4899590.0], [567220.0, 4899590.0], [567220.0, 4899600.0], [567210.0, 4899600.0], [567210.0, 4899610.0], [567200.0, 4899610.0], [567200.0, 4899620.0], [567190.0, 4899620.0], [567190.0, 4899630.0], [567180.0, 4899630.0], [567180.0, 4899640.0], [567170.0, 4899640.0], [567170.0, 4899650.0], [567160.0, 4899650.0], [567160.0, 4899660.0], [567150.0, 4899660.0], [567150.0, 4899760.0], [567140.0, 4899760.0]]]}, "properties": {"site_code": "58", "dem_area_ha": 66.92, "routing_qc_pass": true}}, {"type": "Feature", "geometry": {"type": "Polygon", "coordinates": [[[566090.0, 4896840.0], [566090.0, 4896830.0], [566070.0, 4896830.0], [566070.0, 4896820.0], [566050.0, 4896820.0], [566050.0, 4896810.0], [566040.0, 4896810.0], [566040.0, 4896800.0], [566030.0, 4896800.0], [566030.0, 4896790.0], [566020.0, 4896790.0], [566020.0, 4896780.0], [566010.0, 4896780.0], [566010.0, 4896770.0], [566000.0, 4896770.0], [566000.0, 4896760.0], [565990.0, 4896760.0], [565990.0, 4896750.0], [565980.0, 4896750.0], [565980.0, 4896740.0], [565960.0, 4896740.0], [565960.0, 4896730.0], [565940.0, 4896730.0], [565940.0, 4896720.0], [565930.0, 4896720.0], [565930.0, 4896710.0], [565920.0, 4896710.0], [565920.0, 4896700.0], [565910.0, 4896700.0], [565910.0, 4896690.0], [565890.0, 4896690.0], [565890.0, 4896670.0], [565880.0, 4896670.0], [565880.0, 4896660.0], [565870.0, 4896660.0], [565870.0, 4896650.0], [565860.0, 4896650.0], [565860.0, 4896640.0], [565850.0, 4896640.0], [565850.0, 4896630.0], [565840.0, 4896630.0], [565840.0, 4896620.0], [565830.0, 4896620.0], [565830.0, 4896610.0], [565820.0, 4896610.0], [565820.0, 4896600.0], [565810.0, 4896600.0], [565810.0, 4896590.0], [565730.0, 4896590.0], [565730.0, 4896580.0], [565720.0, 4896580.0], [565720.0, 4896570.0], [565710.0, 4896570.0], [565710.0, 4896560.0], [565700.0, 4896560.0], [565700.0, 4896540.0], [565690.0, 4896540.0], [565690.0, 4896520.0], [565680.0, 4896520.0], [565680.0, 4896510.0], [565670.0, 4896510.0], [565670.0, 4896490.0], [565660.0, 4896490.0], [565660.0, 4896480.0], [565650.0, 4896480.0], [565650.0, 4896470.0], [565640.0, 4896470.0], [565640.0, 4896460.0], [565630.0, 4896460.0], [565630.0, 4896440.0], [565620.0, 4896440.0], [565620.0, 4896420.0], [565610.0, 4896420.0], [565610.0, 4896410.0], [565600.0, 4896410.0], [565600.0, 4896400.0], [565590.0, 4896400.0], [565590.0, 4896390.0], [565580.0, 4896390.0], [565580.0, 4896380.0], [565570.0, 4896380.0], [565570.0, 4896360.0], [565560.0, 4896360.0], [565560.0, 4896330.0], [565550.0, 4896330.0], [565550.0, 4896310.0], [565540.0, 4896310.0], [565540.0, 4896290.0], [565530.0, 4896290.0], [565530.0, 4896280.0], [565520.0, 4896280.0], [565520.0, 4896260.0], [565510.0, 4896260.0], [565510.0, 4896250.0], [565500.0, 4896250.0], [565500.0, 4896240.0], [565480.0, 4896240.0], [565480.0, 4896230.0], [565470.0, 4896230.0], [565470.0, 4896220.0], [565450.0, 4896220.0], [565450.0, 4896210.0], [565420.0, 4896210.0], [565420.0, 4896200.0], [565390.0, 4896200.0], [565390.0, 4896190.0], [565380.0, 4896190.0], [565380.0, 4896180.0], [565370.0, 4896180.0], [565370.0, 4896170.0], [565360.0, 4896170.0], [565360.0, 4896160.0], [565350.0, 4896160.0], [565350.0, 4896150.0], [565340.0, 4896150.0], [565340.0, 4896140.0], [565330.0, 4896140.0], [565330.0, 4896130.0], [565320.0, 4896130.0], [565320.0, 4896120.0], [565300.0, 4896120.0], [565300.0, 4896110.0], [565290.0, 4896110.0], [565290.0, 4896100.0], [565280.0, 4896100.0], [565280.0, 4896090.0], [565260.0, 4896090.0], [565260.0, 4896080.0], [565240.0, 4896080.0], [565240.0, 4896070.0], [565230.0, 4896070.0], [565230.0, 4896060.0], [565220.0, 4896060.0], [565220.0, 4896050.0], [565200.0, 4896050.0], [565200.0, 4896040.0], [565170.0, 4896040.0], [565170.0, 4896030.0], [565150.0, 4896030.0], [565150.0, 4896020.0], [565130.0, 4896020.0], [565130.0, 4896010.0], [565010.0, 4896010.0], [565010.0, 4896000.0], [564990.0, 4896000.0], [564990.0, 4895990.0], [564950.0, 4895990.0], [564950.0, 4895980.0], [564910.0, 4895980.0], [564910.0, 4895970.0], [564870.0, 4895970.0], [564870.0, 4895960.0], [564830.0, 4895960.0], [564830.0, 4895950.0], [564810.0, 4895950.0], [564810.0, 4895940.0], [564800.0, 4895940.0], [564800.0, 4895930.0], [564790.0, 4895930.0], [564790.0, 4895920.0], [564780.0, 4895920.0], [564780.0, 4895910.0], [564770.0, 4895910.0], [564770.0, 4895900.0], [564760.0, 4895900.0], [564760.0, 4895840.0], [564750.0, 4895840.0], [564750.0, 4895760.0], [564740.0, 4895760.0], [564740.0, 4895730.0], [564730.0, 4895730.0], [564730.0, 4895710.0], [564720.0, 4895710.0], [564720.0, 4895690.0], [564710.0, 4895690.0], [564710.0, 4895670.0], [564700.0, 4895670.0], [564700.0, 4895660.0], [564690.0, 4895660.0], [564690.0, 4895650.0], [564680.0, 4895650.0], [564680.0, 4895640.0], [564660.0, 4895640.0], [564660.0, 4895630.0], [564650.0, 4895630.0], [564650.0, 4895620.0], [564630.0, 4895620.0], [564630.0, 4895610.0], [564640.0, 4895610.0], [564640.0, 4895600.0], [564650.0, 4895600.0], [564650.0, 4895580.0], [564660.0, 4895580.0], [564660.0, 4895570.0], [564670.0, 4895570.0], [564670.0, 4895560.0], [564680.0, 4895560.0], [564680.0, 4895550.0], [564690.0, 4895550.0], [564690.0, 4895540.0], [564700.0, 4895540.0], [564700.0, 4895530.0], [564710.0, 4895530.0], [564710.0, 4895520.0], [564720.0, 4895520.0], [564720.0, 4895510.0], [564730.0, 4895510.0], [564730.0, 4895500.0], [564740.0, 4895500.0], [564740.0, 4895490.0], [564750.0, 4895490.0], [564750.0, 4895480.0], [564760.0, 4895480.0], [564760.0, 4895470.0], [564780.0, 4895470.0], [564780.0, 4895460.0], [564790.0, 4895460.0], [564790.0, 4895450.0], [564810.0, 4895450.0], [564810.0, 4895440.0], [564830.0, 4895440.0], [564830.0, 4895430.0], [564870.0, 4895430.0], [564870.0, 4895420.0], [564920.0, 4895420.0], [564920.0, 4895410.0], [564950.0, 4895410.0], [564950.0, 4895400.0], [564980.0, 4895400.0], [564980.0, 4895390.0], [564990.0, 4895390.0], [564990.0, 4895380.0], [565000.0, 4895380.0], [565000.0, 4895370.0], [565020.0, 4895370.0], [565020.0, 4895360.0], [565070.0, 4895360.0], [565070.0, 4895350.0], [565210.0, 4895350.0], [565210.0, 4895330.0], [565220.0, 4895330.0], [565220.0, 4895320.0], [565230.0, 4895320.0], [565230.0, 4895310.0], [565240.0, 4895310.0], [565240.0, 4895300.0], [565260.0, 4895300.0], [565260.0, 4895290.0], [565270.0, 4895290.0], [565270.0, 4895280.0], [565300.0, 4895280.0], [565300.0, 4895270.0], [565350.0, 4895270.0], [565350.0, 4895260.0], [565390.0, 4895260.0], [565390.0, 4895250.0], [565430.0, 4895250.0], [565430.0, 4895240.0], [565460.0, 4895240.0], [565460.0, 4895230.0], [565480.0, 4895230.0], [565480.0, 4895220.0], [565490.0, 4895220.0], [565490.0, 4895210.0], [565500.0, 4895210.0], [565500.0, 4895200.0], [565520.0, 4895200.0], [565520.0, 4895190.0], [565540.0, 4895190.0], [565540.0, 4895180.0], [565550.0, 4895180.0], [565550.0, 4895170.0], [565570.0, 4895170.0], [565570.0, 4895160.0], [565590.0, 4895160.0], [565590.0, 4895150.0], [565600.0, 4895150.0], [565600.0, 4895140.0], [565620.0, 4895140.0], [565620.0, 4895130.0], [565660.0, 4895130.0], [565660.0, 4895120.0], [565690.0, 4895120.0], [565690.0, 4895110.0], [565720.0, 4895110.0], [565720.0, 4895100.0], [565850.0, 4895100.0], [565850.0, 4895090.0], [565880.0, 4895090.0], [565880.0, 4895100.0], [565940.0, 4895100.0], [565940.0, 4895090.0], [565960.0, 4895090.0], [565960.0, 4895100.0], [565990.0, 4895100.0], [565990.0, 4895110.0], [566000.0, 4895110.0], [566000.0, 4895130.0], [566010.0, 4895130.0], [566010.0, 4895150.0], [566020.0, 4895150.0], [566020.0, 4895210.0], [566030.0, 4895210.0], [566030.0, 4895270.0], [566040.0, 4895270.0], [566040.0, 4895290.0], [566050.0, 4895290.0], [566050.0, 4895300.0], [566060.0, 4895300.0], [566060.0, 4895340.0], [566070.0, 4895340.0], [566070.0, 4895380.0], [566060.0, 4895380.0], [566060.0, 4895410.0], [566050.0, 4895410.0], [566050.0, 4895440.0], [566040.0, 4895440.0], [566040.0, 4895500.0], [566030.0, 4895500.0], [566030.0, 4895610.0], [566040.0, 4895610.0], [566040.0, 4895660.0], [566050.0, 4895660.0], [566050.0, 4895720.0], [566060.0, 4895720.0], [566060.0, 4895800.0], [566070.0, 4895800.0], [566070.0, 4895810.0], [566080.0, 4895810.0], [566080.0, 4895840.0], [566070.0, 4895840.0], [566070.0, 4895870.0], [566060.0, 4895870.0], [566060.0, 4895880.0], [566050.0, 4895880.0], [566050.0, 4895890.0], [566040.0, 4895890.0], [566040.0, 4895910.0], [566030.0, 4895910.0], [566030.0, 4895930.0], [566020.0, 4895930.0], [566020.0, 4896040.0], [566030.0, 4896040.0], [566030.0, 4896100.0], [566040.0, 4896100.0], [566040.0, 4896110.0], [566050.0, 4896110.0], [566050.0, 4896120.0], [566060.0, 4896120.0], [566060.0, 4896130.0], [566070.0, 4896130.0], [566070.0, 4896140.0], [566080.0, 4896140.0], [566080.0, 4896150.0], [566090.0, 4896150.0], [566090.0, 4896160.0], [566100.0, 4896160.0], [566100.0, 4896190.0], [566090.0, 4896190.0], [566090.0, 4896210.0], [566080.0, 4896210.0], [566080.0, 4896220.0], [566070.0, 4896220.0], [566070.0, 4896240.0], [566080.0, 4896240.0], [566080.0, 4896290.0], [566090.0, 4896290.0], [566090.0, 4896370.0], [566100.0, 4896370.0], [566100.0, 4896400.0], [566110.0, 4896400.0], [566110.0, 4896420.0], [566120.0, 4896420.0], [566120.0, 4896430.0], [566130.0, 4896430.0], [566130.0, 4896440.0], [566140.0, 4896440.0], [566140.0, 4896480.0], [566150.0, 4896480.0], [566150.0, 4896500.0], [566160.0, 4896500.0], [566160.0, 4896520.0], [566170.0, 4896520.0], [566170.0, 4896540.0], [566180.0, 4896540.0], [566180.0, 4896550.0], [566190.0, 4896550.0], [566190.0, 4896560.0], [566200.0, 4896560.0], [566200.0, 4896570.0], [566210.0, 4896570.0], [566210.0, 4896580.0], [566220.0, 4896580.0], [566220.0, 4896590.0], [566230.0, 4896590.0], [566230.0, 4896600.0], [566240.0, 4896600.0], [566240.0, 4896610.0], [566250.0, 4896610.0], [566250.0, 4896620.0], [566260.0, 4896620.0], [566260.0, 4896630.0], [566270.0, 4896630.0], [566270.0, 4896640.0], [566280.0, 4896640.0], [566280.0, 4896660.0], [566290.0, 4896660.0], [566290.0, 4896680.0], [566300.0, 4896680.0], [566300.0, 4896690.0], [566310.0, 4896690.0], [566310.0, 4896700.0], [566320.0, 4896700.0], [566320.0, 4896710.0], [566330.0, 4896710.0], [566330.0, 4896800.0], [566320.0, 4896800.0], [566320.0, 4896810.0], [566310.0, 4896810.0], [566310.0, 4896820.0], [566290.0, 4896820.0], [566290.0, 4896830.0], [566280.0, 4896830.0], [566280.0, 4896840.0], [566090.0, 4896840.0]]]}, "properties": {"site_code": "73", "dem_area_ha": 142.59, "routing_qc_pass": true}}, {"type": "Feature", "geometry": {"type": "Polygon", "coordinates": [[[566360.0, 4902600.0], [566360.0, 4902590.0], [566350.0, 4902590.0], [566350.0, 4902580.0], [566340.0, 4902580.0], [566340.0, 4902570.0], [566320.0, 4902570.0], [566320.0, 4902560.0], [566310.0, 4902560.0], [566310.0, 4902550.0], [566300.0, 4902550.0], [566300.0, 4902540.0], [566290.0, 4902540.0], [566290.0, 4902530.0], [566280.0, 4902530.0], [566280.0, 4902520.0], [566260.0, 4902520.0], [566260.0, 4902510.0], [566210.0, 4902510.0], [566210.0, 4902500.0], [566190.0, 4902500.0], [566190.0, 4902490.0], [566170.0, 4902490.0], [566170.0, 4902480.0], [566150.0, 4902480.0], [566150.0, 4902470.0], [566140.0, 4902470.0], [566140.0, 4902460.0], [566130.0, 4902460.0], [566130.0, 4902440.0], [566120.0, 4902440.0], [566120.0, 4902430.0], [566100.0, 4902430.0], [566100.0, 4902420.0], [566050.0, 4902420.0], [566050.0, 4902410.0], [566030.0, 4902410.0], [566030.0, 4902400.0], [566010.0, 4902400.0], [566010.0, 4902390.0], [566000.0, 4902390.0], [566000.0, 4902320.0], [565990.0, 4902320.0], [565990.0, 4902310.0], [565980.0, 4902310.0], [565980.0, 4902300.0], [565970.0, 4902300.0], [565970.0, 4902280.0], [565960.0, 4902280.0], [565960.0, 4902260.0], [565950.0, 4902260.0], [565950.0, 4902240.0], [565940.0, 4902240.0], [565940.0, 4902230.0], [565930.0, 4902230.0], [565930.0, 4902220.0], [565920.0, 4902220.0], [565920.0, 4902210.0], [565900.0, 4902210.0], [565900.0, 4902200.0], [565890.0, 4902200.0], [565890.0, 4902180.0], [565880.0, 4902180.0], [565880.0, 4902160.0], [565870.0, 4902160.0], [565870.0, 4902140.0], [565880.0, 4902140.0], [565880.0, 4902120.0], [565890.0, 4902120.0], [565890.0, 4902110.0], [565900.0, 4902110.0], [565900.0, 4902100.0], [565910.0, 4902100.0], [565910.0, 4902080.0], [565920.0, 4902080.0], [565920.0, 4902070.0], [565930.0, 4902070.0], [565930.0, 4902060.0], [565940.0, 4902060.0], [565940.0, 4902050.0], [565950.0, 4902050.0], [565950.0, 4902040.0], [565960.0, 4902040.0], [565960.0, 4902030.0], [565970.0, 4902030.0], [565970.0, 4902020.0], [565980.0, 4902020.0], [565980.0, 4902010.0], [565990.0, 4902010.0], [565990.0, 4902000.0], [566050.0, 4902000.0], [566050.0, 4901990.0], [566060.0, 4901990.0], [566060.0, 4901980.0], [566070.0, 4901980.0], [566070.0, 4901970.0], [566080.0, 4901970.0], [566080.0, 4901960.0], [566090.0, 4901960.0], [566090.0, 4901930.0], [566100.0, 4901930.0], [566100.0, 4901920.0], [566110.0, 4901920.0], [566110.0, 4901910.0], [566120.0, 4901910.0], [566120.0, 4901900.0], [566130.0, 4901900.0], [566130.0, 4901890.0], [566140.0, 4901890.0], [566140.0, 4901810.0], [566150.0, 4901810.0], [566150.0, 4901800.0], [566160.0, 4901800.0], [566160.0, 4901790.0], [566170.0, 4901790.0], [566170.0, 4901780.0], [566180.0, 4901780.0], [566180.0, 4901760.0], [566220.0, 4901760.0], [566220.0, 4901770.0], [566230.0, 4901770.0], [566230.0, 4901780.0], [566240.0, 4901780.0], [566240.0, 4901860.0], [566230.0, 4901860.0], [566230.0, 4901880.0], [566240.0, 4901880.0], [566240.0, 4901910.0], [566250.0, 4901910.0], [566250.0, 4901930.0], [566260.0, 4901930.0], [566260.0, 4901970.0], [566270.0, 4901970.0], [566270.0, 4901980.0], [566280.0, 4901980.0], [566280.0, 4901990.0], [566290.0, 4901990.0], [566290.0, 4902000.0], [566300.0, 4902000.0], [566300.0, 4902020.0], [566310.0, 4902020.0], [566310.0, 4902030.0], [566320.0, 4902030.0], [566320.0, 4902040.0], [566330.0, 4902040.0], [566330.0, 4902050.0], [566340.0, 4902050.0], [566340.0, 4902090.0], [566330.0, 4902090.0], [566330.0, 4902110.0], [566320.0, 4902110.0], [566320.0, 4902120.0], [566310.0, 4902120.0], [566310.0, 4902130.0], [566320.0, 4902130.0], [566320.0, 4902150.0], [566330.0, 4902150.0], [566330.0, 4902220.0], [566340.0, 4902220.0], [566340.0, 4902230.0], [566350.0, 4902230.0], [566350.0, 4902280.0], [566360.0, 4902280.0], [566360.0, 4902290.0], [566370.0, 4902290.0], [566370.0, 4902300.0], [566390.0, 4902300.0], [566390.0, 4902310.0], [566400.0, 4902310.0], [566400.0, 4902320.0], [566410.0, 4902320.0], [566410.0, 4902330.0], [566420.0, 4902330.0], [566420.0, 4902370.0], [566410.0, 4902370.0], [566410.0, 4902380.0], [566400.0, 4902380.0], [566400.0, 4902400.0], [566390.0, 4902400.0], [566390.0, 4902410.0], [566380.0, 4902410.0], [566380.0, 4902440.0], [566370.0, 4902440.0], [566370.0, 4902600.0], [566360.0, 4902600.0]]]}, "properties": {"site_code": "178", "dem_area_ha": 22.55, "routing_qc_pass": true}}, {"type": "Feature", "geometry": {"type": "Polygon", "coordinates": [[[571340.0, 4897320.0], [571340.0, 4897310.0], [571200.0, 4897310.0], [571200.0, 4897300.0], [571180.0, 4897300.0], [571180.0, 4897290.0], [571170.0, 4897290.0], [571170.0, 4897280.0], [571160.0, 4897280.0], [571160.0, 4897270.0], [571150.0, 4897270.0], [571150.0, 4897260.0], [571140.0, 4897260.0], [571140.0, 4897250.0], [571130.0, 4897250.0], [571130.0, 4897240.0], [571110.0, 4897240.0], [571110.0, 4897230.0], [571090.0, 4897230.0], [571090.0, 4897220.0], [571070.0, 4897220.0], [571070.0, 4897210.0], [571060.0, 4897210.0], [571060.0, 4897200.0], [571050.0, 4897200.0], [571050.0, 4897190.0], [571040.0, 4897190.0], [571040.0, 4897180.0], [571030.0, 4897180.0], [571030.0, 4897170.0], [571020.0, 4897170.0], [571020.0, 4897160.0], [571010.0, 4897160.0], [571010.0, 4897150.0], [571000.0, 4897150.0], [571000.0, 4897140.0], [570990.0, 4897140.0], [570990.0, 4897130.0], [570980.0, 4897130.0], [570980.0, 4897120.0], [570970.0, 4897120.0], [570970.0, 4897110.0], [570950.0, 4897110.0], [570950.0, 4897100.0], [570940.0, 4897100.0], [570940.0, 4897090.0], [570910.0, 4897090.0], [570910.0, 4897080.0], [570870.0, 4897080.0], [570870.0, 4897070.0], [570830.0, 4897070.0], [570830.0, 4897060.0], [570810.0, 4897060.0], [570810.0, 4897050.0], [570800.0, 4897050.0], [570800.0, 4897040.0], [570790.0, 4897040.0], [570790.0, 4897030.0], [570770.0, 4897030.0], [570770.0, 4897020.0], [570740.0, 4897020.0], [570740.0, 4897010.0], [570720.0, 4897010.0], [570720.0, 4897000.0], [570710.0, 4897000.0], [570710.0, 4896990.0], [570700.0, 4896990.0], [570700.0, 4896980.0], [570690.0, 4896980.0], [570690.0, 4896970.0], [570680.0, 4896970.0], [570680.0, 4896960.0], [570670.0, 4896960.0], [570670.0, 4896950.0], [570660.0, 4896950.0], [570660.0, 4896940.0], [570650.0, 4896940.0], [570650.0, 4896930.0], [571040.0, 4896930.0], [571040.0, 4896940.0], [571150.0, 4896940.0], [571150.0, 4896950.0], [571160.0, 4896950.0], [571160.0, 4896960.0], [571170.0, 4896960.0], [571170.0, 4896970.0], [571180.0, 4896970.0], [571180.0, 4896980.0], [571190.0, 4896980.0], [571190.0, 4896990.0], [571210.0, 4896990.0], [571210.0, 4897000.0], [571250.0, 4897000.0], [571250.0, 4897010.0], [571270.0, 4897010.0], [571270.0, 4897020.0], [571360.0, 4897020.0], [571360.0, 4897030.0], [571410.0, 4897030.0], [571410.0, 4897170.0], [571420.0, 4897170.0], [571420.0, 4897210.0], [571410.0, 4897210.0], [571410.0, 4897280.0], [571400.0, 4897280.0], [571400.0, 4897290.0], [571390.0, 4897290.0], [571390.0, 4897320.0], [571340.0, 4897320.0]]]}, "properties": {"site_code": "170", "dem_area_ha": 16.06, "routing_qc_pass": false}}, {"type": "Feature", "geometry": {"type": "Polygon", "coordinates": [[[568320.0, 4903470.0], [568320.0, 4903460.0], [568310.0, 4903460.0], [568310.0, 4903450.0], [568290.0, 4903450.0], [568290.0, 4903440.0], [568240.0, 4903440.0], [568240.0, 4903450.0], [568220.0, 4903450.0], [568220.0, 4903440.0], [568210.0, 4903440.0], [568210.0, 4903430.0], [568200.0, 4903430.0], [568200.0, 4903420.0], [568190.0, 4903420.0], [568190.0, 4903410.0], [568180.0, 4903410.0], [568180.0, 4903400.0], [568170.0, 4903400.0], [568170.0, 4903390.0], [568160.0, 4903390.0], [568160.0, 4903380.0], [568150.0, 4903380.0], [568150.0, 4903370.0], [568140.0, 4903370.0], [568140.0, 4903360.0], [568130.0, 4903360.0], [568130.0, 4903340.0], [568120.0, 4903340.0], [568120.0, 4903330.0], [568110.0, 4903330.0], [568110.0, 4903320.0], [568100.0, 4903320.0], [568100.0, 4903300.0], [568090.0, 4903300.0], [568090.0, 4903290.0], [568080.0, 4903290.0], [568080.0, 4903270.0], [568070.0, 4903270.0], [568070.0, 4903260.0], [568060.0, 4903260.0], [568060.0, 4903250.0], [568050.0, 4903250.0], [568050.0, 4903240.0], [568040.0, 4903240.0], [568040.0, 4903230.0], [568030.0, 4903230.0], [568030.0, 4903220.0], [568010.0, 4903220.0], [568010.0, 4903210.0], [567990.0, 4903210.0], [567990.0, 4903200.0], [567980.0, 4903200.0], [567980.0, 4903190.0], [567960.0, 4903190.0], [567960.0, 4903180.0], [567950.0, 4903180.0], [567950.0, 4903170.0], [567940.0, 4903170.0], [567940.0, 4903160.0], [567930.0, 4903160.0], [567930.0, 4903150.0], [567920.0, 4903150.0], [567920.0, 4903140.0], [567910.0, 4903140.0], [567910.0, 4903130.0], [567900.0, 4903130.0], [567900.0, 4903120.0], [567890.0, 4903120.0], [567890.0, 4903110.0], [567880.0, 4903110.0], [567880.0, 4903100.0], [567870.0, 4903100.0], [567870.0, 4903090.0], [567860.0, 4903090.0], [567860.0, 4903080.0], [567850.0, 4903080.0], [567850.0, 4903070.0], [567840.0, 4903070.0], [567840.0, 4903060.0], [567830.0, 4903060.0], [567830.0, 4903050.0], [567810.0, 4903050.0], [567810.0, 4903040.0], [567800.0, 4903040.0], [567800.0, 4903030.0], [567770.0, 4903030.0], [567770.0, 4903020.0], [567750.0, 4903020.0], [567750.0, 4903010.0], [567740.0, 4903010.0], [567740.0, 4903000.0], [567720.0, 4903000.0], [567720.0, 4902990.0], [567710.0, 4902990.0], [567710.0, 4902980.0], [567690.0, 4902980.0], [567690.0, 4902970.0], [567670.0, 4902970.0], [567670.0, 4902980.0], [567650.0, 4902980.0], [567650.0, 4902990.0], [567550.0, 4902990.0], [567550.0, 4903000.0], [567510.0, 4903000.0], [567510.0, 4903010.0], [567410.0, 4903010.0], [567410.0, 4903020.0], [567400.0, 4903020.0], [567400.0, 4903030.0], [567390.0, 4903030.0], [567390.0, 4903040.0], [567340.0, 4903040.0], [567340.0, 4903050.0], [567320.0, 4903050.0], [567320.0, 4903060.0], [567290.0, 4903060.0], [567290.0, 4903050.0], [567280.0, 4903050.0], [567280.0, 4903040.0], [567270.0, 4903040.0], [567270.0, 4903030.0], [567260.0, 4903030.0], [567260.0, 4903010.0], [567250.0, 4903010.0], [567250.0, 4903000.0], [567240.0, 4903000.0], [567240.0, 4902990.0], [567230.0, 4902990.0], [567230.0, 4902980.0], [567220.0, 4902980.0], [567220.0, 4902970.0], [567210.0, 4902970.0], [567210.0, 4902960.0], [567190.0, 4902960.0], [567190.0, 4902950.0], [567180.0, 4902950.0], [567180.0, 4902940.0], [567170.0, 4902940.0], [567170.0, 4902930.0], [567150.0, 4902930.0], [567150.0, 4902920.0], [567130.0, 4902920.0], [567130.0, 4902910.0], [567120.0, 4902910.0], [567120.0, 4902900.0], [567110.0, 4902900.0], [567110.0, 4902910.0], [566970.0, 4902910.0], [566970.0, 4902920.0], [566930.0, 4902920.0], [566930.0, 4902930.0], [566880.0, 4902930.0], [566880.0, 4902940.0], [566860.0, 4902940.0], [566860.0, 4902950.0], [566850.0, 4902950.0], [566850.0, 4902960.0], [566840.0, 4902960.0], [566840.0, 4902970.0], [566780.0, 4902970.0], [566780.0, 4902960.0], [566740.0, 4902960.0], [566740.0, 4902970.0], [566570.0, 4902970.0], [566570.0, 4902960.0], [566560.0, 4902960.0], [566560.0, 4902950.0], [566540.0, 4902950.0], [566540.0, 4902940.0], [566530.0, 4902940.0], [566530.0, 4902930.0], [566510.0, 4902930.0], [566510.0, 4902920.0], [566500.0, 4902920.0], [566500.0, 4902910.0], [566490.0, 4902910.0], [566490.0, 4902900.0], [566470.0, 4902900.0], [566470.0, 4902890.0], [566460.0, 4902890.0], [566460.0, 4902880.0], [566430.0, 4902880.0], [566430.0, 4902870.0], [566420.0, 4902870.0], [566420.0, 4902860.0], [566410.0, 4902860.0], [566410.0, 4902850.0], [566400.0, 4902850.0], [566400.0, 4902840.0], [566390.0, 4902840.0], [566390.0, 4902830.0], [566380.0, 4902830.0], [566380.0, 4902810.0], [566370.0, 4902810.0], [566370.0, 4902760.0], [566380.0, 4902760.0], [566380.0, 4902630.0], [566370.0, 4902630.0], [566370.0, 4902600.0], [566360.0, 4902600.0], [566360.0, 4902590.0], [566350.0, 4902590.0], [566350.0, 4902580.0], [566340.0, 4902580.0], [566340.0, 4902570.0], [566320.0, 4902570.0], [566320.0, 4902560.0], [566310.0, 4902560.0], [566310.0, 4902550.0], [566300.0, 4902550.0], [566300.0, 4902540.0], [566290.0, 4902540.0], [566290.0, 4902530.0], [566280.0, 4902530.0], [566280.0, 4902520.0], [566260.0, 4902520.0], [566260.0, 4902510.0], [566210.0, 4902510.0], [566210.0, 4902500.0], [566190.0, 4902500.0], [566190.0, 4902490.0], [566170.0, 4902490.0], [566170.0, 4902480.0], [566150.0, 4902480.0], [566150.0, 4902470.0], [566140.0, 4902470.0], [566140.0, 4902460.0], [566130.0, 4902460.0], [566130.0, 4902440.0], [566120.0, 4902440.0], [566120.0, 4902430.0], [566100.0, 4902430.0], [566100.0, 4902420.0], [566050.0, 4902420.0], [566050.0, 4902410.0], [566030.0, 4902410.0], [566030.0, 4902400.0], [566010.0, 4902400.0], [566010.0, 4902390.0], [566000.0, 4902390.0], [566000.0, 4902320.0], [565990.0, 4902320.0], [565990.0, 4902310.0], [565980.0, 4902310.0], [565980.0, 4902300.0], [565970.0, 4902300.0], [565970.0, 4902280.0], [565960.0, 4902280.0], [565960.0, 4902260.0], [565950.0, 4902260.0], [565950.0, 4902240.0], [565940.0, 4902240.0], [565940.0, 4902230.0], [565930.0, 4902230.0], [565930.0, 4902220.0], [565920.0, 4902220.0], [565920.0, 4902210.0], [565900.0, 4902210.0], [565900.0, 4902200.0], [565890.0, 4902200.0], [565890.0, 4902180.0], [565880.0, 4902180.0], [565880.0, 4902160.0], [565870.0, 4902160.0], [565870.0, 4902150.0], [565850.0, 4902150.0], [565850.0, 4902140.0], [565830.0, 4902140.0], [565830.0, 4902130.0], [565820.0, 4902130.0], [565820.0, 4902120.0], [565800.0, 4902120.0], [565800.0, 4902110.0], [565790.0, 4902110.0], [565790.0, 4902100.0], [565760.0, 4902100.0], [565760.0, 4902090.0], [565740.0, 4902090.0], [565740.0, 4902080.0], [565730.0, 4902080.0], [565730.0, 4902070.0], [565720.0, 4902070.0], [565720.0, 4902060.0], [565700.0, 4902060.0], [565700.0, 4902050.0], [565650.0, 4902050.0], [565650.0, 4902040.0], [565630.0, 4902040.0], [565630.0, 4902030.0], [565620.0, 4902030.0], [565620.0, 4902020.0], [565610.0, 4902020.0], [565610.0, 4902010.0], [565600.0, 4902010.0], [565600.0, 4902000.0], [565580.0, 4902000.0], [565580.0, 4901990.0], [565570.0, 4901990.0], [565570.0, 4901980.0], [565550.0, 4901980.0], [565550.0, 4901970.0], [565540.0, 4901970.0], [565540.0, 4901960.0], [565520.0, 4901960.0], [565520.0, 4901950.0], [565490.0, 4901950.0], [565490.0, 4901940.0], [565480.0, 4901940.0], [565480.0, 4901930.0], [565470.0, 4901930.0], [565470.0, 4901910.0], [565460.0, 4901910.0], [565460.0, 4901890.0], [565450.0, 4901890.0], [565450.0, 4901830.0], [565440.0, 4901830.0], [565440.0, 4901820.0], [565420.0, 4901820.0], [565420.0, 4901810.0], [565410.0, 4901810.0], [565410.0, 4901790.0], [565400.0, 4901790.0], [565400.0, 4901780.0], [565390.0, 4901780.0], [565390.0, 4901770.0], [565380.0, 4901770.0], [565380.0, 4901740.0], [565370.0, 4901740.0], [565370.0, 4901730.0], [565360.0, 4901730.0], [565360.0, 4901720.0], [565350.0, 4901720.0], [565350.0, 4901710.0], [565340.0, 4901710.0], [565340.0, 4901700.0], [565330.0, 4901700.0], [565330.0, 4901690.0], [565320.0, 4901690.0], [565320.0, 4901680.0], [565310.0, 4901680.0], [565310.0, 4901670.0], [565300.0, 4901670.0], [565300.0, 4901660.0], [565290.0, 4901660.0], [565290.0, 4901650.0], [565280.0, 4901650.0], [565280.0, 4901640.0], [565260.0, 4901640.0], [565260.0, 4901630.0], [565250.0, 4901630.0], [565250.0, 4901620.0], [565240.0, 4901620.0], [565240.0, 4901610.0], [565230.0, 4901610.0], [565230.0, 4901590.0], [565220.0, 4901590.0], [565220.0, 4901570.0], [565210.0, 4901570.0], [565210.0, 4901560.0], [565190.0, 4901560.0], [565190.0, 4901550.0], [565160.0, 4901550.0], [565160.0, 4901540.0], [565140.0, 4901540.0], [565140.0, 4901530.0], [565130.0, 4901530.0], [565130.0, 4901510.0], [565110.0, 4901510.0], [565110.0, 4901500.0], [565100.0, 4901500.0], [565100.0, 4901490.0], [565090.0, 4901490.0], [565090.0, 4901480.0], [565080.0, 4901480.0], [565080.0, 4901450.0], [565050.0, 4901450.0], [565050.0, 4901440.0], [565020.0, 4901440.0], [565020.0, 4901430.0], [565000.0, 4901430.0], [565000.0, 4901420.0], [564990.0, 4901420.0], [564990.0, 4901400.0], [564980.0, 4901400.0], [564980.0, 4901390.0], [564970.0, 4901390.0], [564970.0, 4901380.0], [564950.0, 4901380.0], [564950.0, 4901370.0], [564930.0, 4901370.0], [564930.0, 4901360.0], [564920.0, 4901360.0], [564920.0, 4901350.0], [564910.0, 4901350.0], [564910.0, 4901340.0], [564900.0, 4901340.0], [564900.0, 4901330.0], [564890.0, 4901330.0], [564890.0, 4901320.0], [564880.0, 4901320.0], [564880.0, 4901310.0], [564860.0, 4901310.0], [564860.0, 4901300.0], [564850.0, 4901300.0], [564850.0, 4901280.0], [564840.0, 4901280.0], [564840.0, 4901270.0], [564830.0, 4901270.0], [564830.0, 4901260.0], [564820.0, 4901260.0], [564820.0, 4901250.0], [564810.0, 4901250.0], [564810.0, 4901240.0], [564800.0, 4901240.0], [564800.0, 4901230.0], [564790.0, 4901230.0], [564790.0, 4901220.0], [564780.0, 4901220.0], [564780.0, 4901210.0], [564760.0, 4901210.0], [564760.0, 4901200.0], [564740.0, 4901200.0], [564740.0, 4901190.0], [564730.0, 4901190.0], [564730.0, 4901180.0], [564710.0, 4901180.0], [564710.0, 4901170.0], [564690.0, 4901170.0], [564690.0, 4901160.0], [564670.0, 4901160.0], [564670.0, 4901150.0], [564660.0, 4901150.0], [564660.0, 4901140.0], [564640.0, 4901140.0], [564640.0, 4901130.0], [564620.0, 4901130.0], [564620.0, 4901120.0], [564610.0, 4901120.0], [564610.0, 4901100.0], [564600.0, 4901100.0], [564600.0, 4901090.0], [564590.0, 4901090.0], [564590.0, 4901070.0], [564580.0, 4901070.0], [564580.0, 4901050.0], [564570.0, 4901050.0], [564570.0, 4901030.0], [564560.0, 4901030.0], [564560.0, 4901010.0], [564550.0, 4901010.0], [564550.0, 4900990.0], [564540.0, 4900990.0], [564540.0, 4900970.0], [564530.0, 4900970.0], [564530.0, 4900950.0], [564520.0, 4900950.0], [564520.0, 4900930.0], [564510.0, 4900930.0], [564510.0, 4900920.0], [564500.0, 4900920.0], [564500.0, 4900900.0], [564490.0, 4900900.0], [564490.0, 4900890.0], [564480.0, 4900890.0], [564480.0, 4900870.0], [564470.0, 4900870.0], [564470.0, 4900830.0], [564460.0, 4900830.0], [564460.0, 4900730.0], [564450.0, 4900730.0], [564450.0, 4900710.0], [564440.0, 4900710.0], [564440.0, 4900700.0], [564430.0, 4900700.0], [564430.0, 4900690.0], [564410.0, 4900690.0], [564410.0, 4900680.0], [564400.0, 4900680.0], [564400.0, 4900670.0], [564390.0, 4900670.0], [564390.0, 4900660.0], [564380.0, 4900660.0], [564380.0, 4900640.0], [564370.0, 4900640.0], [564370.0, 4900630.0], [564360.0, 4900630.0], [564360.0, 4900640.0], [564290.0, 4900640.0], [564290.0, 4900630.0], [564250.0, 4900630.0], [564250.0, 4900620.0], [564220.0, 4900620.0], [564220.0, 4900610.0], [564190.0, 4900610.0], [564190.0, 4900600.0], [564180.0, 4900600.0], [564180.0, 4900590.0], [564170.0, 4900590.0], [564170.0, 4900580.0], [564150.0, 4900580.0], [564150.0, 4900570.0], [564130.0, 4900570.0], [564130.0, 4900560.0], [564120.0, 4900560.0], [564120.0, 4900550.0], [564110.0, 4900550.0], [564110.0, 4900540.0], [564100.0, 4900540.0], [564100.0, 4900530.0], [564090.0, 4900530.0], [564090.0, 4900520.0], [564080.0, 4900520.0], [564080.0, 4900510.0], [564070.0, 4900510.0], [564070.0, 4900490.0], [564060.0, 4900490.0], [564060.0, 4900480.0], [564050.0, 4900480.0], [564050.0, 4900460.0], [564040.0, 4900460.0], [564040.0, 4900450.0], [564030.0, 4900450.0], [564030.0, 4900430.0], [564020.0, 4900430.0], [564020.0, 4900400.0], [564010.0, 4900400.0], [564010.0, 4900390.0], [564000.0, 4900390.0], [564000.0, 4900380.0], [563990.0, 4900380.0], [563990.0, 4900370.0], [563970.0, 4900370.0], [563970.0, 4900360.0], [563950.0, 4900360.0], [563950.0, 4900350.0], [563940.0, 4900350.0], [563940.0, 4900340.0], [563920.0, 4900340.0], [563920.0, 4900330.0], [563910.0, 4900330.0], [563910.0, 4900320.0], [563900.0, 4900320.0], [563900.0, 4900310.0], [563880.0, 4900310.0], [563880.0, 4900300.0], [563870.0, 4900300.0], [563870.0, 4900290.0], [563860.0, 4900290.0], [563860.0, 4900280.0], [563850.0, 4900280.0], [563850.0, 4900270.0], [563840.0, 4900270.0], [563840.0, 4900240.0], [563830.0, 4900240.0], [563830.0, 4900170.0], [563840.0, 4900170.0], [563840.0, 4900160.0], [563850.0, 4900160.0], [563850.0, 4900150.0], [563860.0, 4900150.0], [563860.0, 4900120.0], [563850.0, 4900120.0], [563850.0, 4900100.0], [563840.0, 4900100.0], [563840.0, 4900080.0], [563830.0, 4900080.0], [563830.0, 4900070.0], [563820.0, 4900070.0], [563820.0, 4900060.0], [563810.0, 4900060.0], [563810.0, 4900050.0], [563800.0, 4900050.0], [563800.0, 4900030.0], [563790.0, 4900030.0], [563790.0, 4900020.0], [563780.0, 4900020.0], [563780.0, 4900010.0], [563770.0, 4900010.0], [563770.0, 4899990.0], [563760.0, 4899990.0], [563760.0, 4899980.0], [563750.0, 4899980.0], [563750.0, 4899970.0], [563740.0, 4899970.0], [563740.0, 4899950.0], [563730.0, 4899950.0], [563730.0, 4899940.0], [563710.0, 4899940.0], [563710.0, 4899930.0], [563700.0, 4899930.0], [563700.0, 4899920.0], [563670.0, 4899920.0], [563670.0, 4899930.0], [563600.0, 4899930.0], [563600.0, 4899920.0], [563570.0, 4899920.0], [563570.0, 4899910.0], [563500.0, 4899910.0], [563500.0, 4899900.0], [563480.0, 4899900.0], [563480.0, 4899880.0], [563470.0, 4899880.0], [563470.0, 4899870.0], [563460.0, 4899870.0], [563460.0, 4899860.0], [563450.0, 4899860.0], [563450.0, 4899850.0], [563440.0, 4899850.0], [563440.0, 4899840.0], [563420.0, 4899840.0], [563420.0, 4899830.0], [563400.0, 4899830.0], [563400.0, 4899820.0], [563380.0, 4899820.0], [563380.0, 4899800.0], [563370.0, 4899800.0], [563370.0, 4899790.0], [563360.0, 4899790.0], [563360.0, 4899780.0], [563350.0, 4899780.0], [563350.0, 4899770.0], [563330.0, 4899770.0], [563330.0, 4899760.0], [563320.0, 4899760.0], [563320.0, 4899720.0], [563310.0, 4899720.0], [563310.0, 4899710.0], [563300.0, 4899710.0], [563300.0, 4899690.0], [563290.0, 4899690.0], [563290.0, 4899680.0], [563280.0, 4899680.0], [563280.0, 4899660.0], [563270.0, 4899660.0], [563270.0, 4899650.0], [563260.0, 4899650.0], [563260.0, 4899630.0], [563250.0, 4899630.0], [563250.0, 4899620.0], [563240.0, 4899620.0], [563240.0, 4899600.0], [563230.0, 4899600.0], [563230.0, 4899550.0], [563220.0, 4899550.0], [563220.0, 4899540.0], [563200.0, 4899540.0], [563200.0, 4899530.0], [563190.0, 4899530.0], [563190.0, 4899520.0], [563170.0, 4899520.0], [563170.0, 4899510.0], [563160.0, 4899510.0], [563160.0, 4899500.0], [563130.0, 4899500.0], [563130.0, 4899310.0], [563120.0, 4899310.0], [563120.0, 4899220.0], [563130.0, 4899220.0], [563130.0, 4899210.0], [563140.0, 4899210.0], [563140.0, 4899170.0], [563150.0, 4899170.0], [563150.0, 4899160.0], [563160.0, 4899160.0], [563160.0, 4899150.0], [563170.0, 4899150.0], [563170.0, 4899100.0], [563160.0, 4899100.0], [563160.0, 4899040.0], [563170.0, 4899040.0], [563170.0, 4899020.0], [563180.0, 4899020.0], [563180.0, 4899000.0], [563190.0, 4899000.0], [563190.0, 4898990.0], [563210.0, 4898990.0], [563210.0, 4898980.0], [563220.0, 4898980.0], [563220.0, 4898970.0], [563230.0, 4898970.0], [563230.0, 4898960.0], [563250.0, 4898960.0], [563250.0, 4898950.0], [563260.0, 4898950.0], [563260.0, 4898940.0], [563270.0, 4898940.0], [563270.0, 4898920.0], [563280.0, 4898920.0], [563280.0, 4898910.0], [563290.0, 4898910.0], [563290.0, 4898890.0], [563300.0, 4898890.0], [563300.0, 4898880.0], [563310.0, 4898880.0], [563310.0, 4898870.0], [563320.0, 4898870.0], [563320.0, 4898850.0], [563330.0, 4898850.0], [563330.0, 4898840.0], [563350.0, 4898840.0], [563350.0, 4898850.0], [563370.0, 4898850.0], [563370.0, 4898860.0], [563490.0, 4898860.0], [563490.0, 4898850.0], [563500.0, 4898850.0], [563500.0, 4898840.0], [563510.0, 4898840.0], [563510.0, 4898830.0], [563520.0, 4898830.0], [563520.0, 4898820.0], [563530.0, 4898820.0], [563530.0, 4898810.0], [563550.0, 4898810.0], [563550.0, 4898800.0], [563560.0, 4898800.0], [563560.0, 4898790.0], [563570.0, 4898790.0], [563570.0, 4898780.0], [563580.0, 4898780.0], [563580.0, 4898760.0], [563590.0, 4898760.0], [563590.0, 4898740.0], [563600.0, 4898740.0], [563600.0, 4898730.0], [563610.0, 4898730.0], [563610.0, 4898710.0], [563620.0, 4898710.0], [563620.0, 4898700.0], [563630.0, 4898700.0], [563630.0, 4898690.0], [563640.0, 4898690.0], [563640.0, 4898680.0], [563650.0, 4898680.0], [563650.0, 4898640.0], [563640.0, 4898640.0], [563640.0, 4898580.0], [563660.0, 4898580.0], [563660.0, 4898570.0], [563700.0, 4898570.0], [563700.0, 4898560.0], [563710.0, 4898560.0], [563710.0, 4898550.0], [563720.0, 4898550.0], [563720.0, 4898540.0], [563730.0, 4898540.0], [563730.0, 4898490.0], [563740.0, 4898490.0], [563740.0, 4898480.0], [563750.0, 4898480.0], [563750.0, 4898470.0], [563760.0, 4898470.0], [563760.0, 4898450.0], [563770.0, 4898450.0], [563770.0, 4898430.0], [563780.0, 4898430.0], [563780.0, 4898420.0], [563790.0, 4898420.0], [563790.0, 4898410.0], [563800.0, 4898410.0], [563800.0, 4898400.0], [563810.0, 4898400.0], [563810.0, 4898390.0], [563820.0, 4898390.0], [563820.0, 4898370.0], [563830.0, 4898370.0], [563830.0, 4898360.0], [563850.0, 4898360.0], [563850.0, 4898370.0], [563900.0, 4898370.0], [563900.0, 4898380.0], [563920.0, 4898380.0], [563920.0, 4898390.0], [563940.0, 4898390.0], [563940.0, 4898400.0], [563960.0, 4898400.0], [563960.0, 4898410.0], [563990.0, 4898410.0], [563990.0, 4898420.0], [564000.0, 4898420.0], [564000.0, 4898430.0], [564010.0, 4898430.0], [564010.0, 4898450.0], [564020.0, 4898450.0], [564020.0, 4898470.0], [564040.0, 4898470.0], [564040.0, 4898480.0], [564050.0, 4898480.0], [564050.0, 4898490.0], [564060.0, 4898490.0], [564060.0, 4898500.0], [564080.0, 4898500.0], [564080.0, 4898510.0], [564090.0, 4898510.0], [564090.0, 4898520.0], [564100.0, 4898520.0], [564100.0, 4898530.0], [564120.0, 4898530.0], [564120.0, 4898540.0], [564140.0, 4898540.0], [564140.0, 4898550.0], [564150.0, 4898550.0], [564150.0, 4898560.0], [564170.0, 4898560.0], [564170.0, 4898570.0], [564210.0, 4898570.0], [564210.0, 4898580.0], [564230.0, 4898580.0], [564230.0, 4898570.0], [564260.0, 4898570.0], [564260.0, 4898560.0], [564280.0, 4898560.0], [564280.0, 4898550.0], [564300.0, 4898550.0], [564300.0, 4898560.0], [564320.0, 4898560.0], [564320.0, 4898570.0], [564380.0, 4898570.0], [564380.0, 4898580.0], [564440.0, 4898580.0], [564440.0, 4898570.0], [564490.0, 4898570.0], [564490.0, 4898580.0], [564500.0, 4898580.0], [564500.0, 4898590.0], [564510.0, 4898590.0], [564510.0, 4898600.0], [564520.0, 4898600.0], [564520.0, 4898610.0], [564540.0, 4898610.0], [564540.0, 4898620.0], [564560.0, 4898620.0], [564560.0, 4898630.0], [564580.0, 4898630.0], [564580.0, 4898640.0], [564610.0, 4898640.0], [564610.0, 4898650.0], [564650.0, 4898650.0], [564650.0, 4898660.0], [564680.0, 4898660.0], [564680.0, 4898670.0], [564690.0, 4898670.0], [564690.0, 4898660.0], [564700.0, 4898660.0], [564700.0, 4898650.0], [564710.0, 4898650.0], [564710.0, 4898640.0], [564720.0, 4898640.0], [564720.0, 4898630.0], [564730.0, 4898630.0], [564730.0, 4898620.0], [564760.0, 4898620.0], [564760.0, 4898610.0], [564780.0, 4898610.0], [564780.0, 4898600.0], [564800.0, 4898600.0], [564800.0, 4898590.0], [564820.0, 4898590.0], [564820.0, 4898580.0], [564830.0, 4898580.0], [564830.0, 4898570.0], [564870.0, 4898570.0], [564870.0, 4898600.0], [564880.0, 4898600.0], [564880.0, 4898610.0], [564890.0, 4898610.0], [564890.0, 4898620.0], [564900.0, 4898620.0], [564900.0, 4898640.0], [564910.0, 4898640.0], [564910.0, 4898650.0], [564920.0, 4898650.0], [564920.0, 4898670.0], [564930.0, 4898670.0], [564930.0, 4898680.0], [564950.0, 4898680.0], [564950.0, 4898690.0], [564970.0, 4898690.0], [564970.0, 4898700.0], [564980.0, 4898700.0], [564980.0, 4898710.0], [565000.0, 4898710.0], [565000.0, 4898720.0], [565020.0, 4898720.0], [565020.0, 4898730.0], [565030.0, 4898730.0], [565030.0, 4898740.0], [565040.0, 4898740.0], [565040.0, 4898750.0], [565050.0, 4898750.0], [565050.0, 4898760.0], [565070.0, 4898760.0], [565070.0, 4898770.0], [565080.0, 4898770.0], [565080.0, 4898800.0], [565090.0, 4898800.0], [565090.0, 4898820.0], [565100.0, 4898820.0], [565100.0, 4898830.0], [565110.0, 4898830.0], [565110.0, 4898840.0], [565120.0, 4898840.0], [565120.0, 4898850.0], [565130.0, 4898850.0], [565130.0, 4898870.0], [565140.0, 4898870.0], [565140.0, 4898890.0], [565150.0, 4898890.0], [565150.0, 4898900.0], [565160.0, 4898900.0], [565160.0, 4898940.0], [565170.0, 4898940.0], [565170.0, 4898950.0], [565210.0, 4898950.0], [565210.0, 4898960.0], [565220.0, 4898960.0], [565220.0, 4898970.0], [565230.0, 4898970.0], [565230.0, 4898980.0], [565250.0, 4898980.0], [565250.0, 4898990.0], [565270.0, 4898990.0], [565270.0, 4899000.0], [565280.0, 4899000.0], [565280.0, 4899010.0], [565310.0, 4899010.0], [565310.0, 4899000.0], [565320.0, 4899000.0], [565320.0, 4898990.0], [565340.0, 4898990.0], [565340.0, 4898980.0], [565350.0, 4898980.0], [565350.0, 4898970.0], [565430.0, 4898970.0], [565430.0, 4898980.0], [565470.0, 4898980.0], [565470.0, 4898970.0], [565480.0, 4898970.0], [565480.0, 4898980.0], [565580.0, 4898980.0], [565580.0, 4898990.0], [565650.0, 4898990.0], [565650.0, 4899000.0], [565660.0, 4899000.0], [565660.0, 4899010.0], [565670.0, 4899010.0], [565670.0, 4899020.0], [565680.0, 4899020.0], [565680.0, 4899030.0], [565730.0, 4899030.0], [565730.0, 4899040.0], [565740.0, 4899040.0], [565740.0, 4899030.0], [565760.0, 4899030.0], [565760.0, 4899040.0], [565780.0, 4899040.0], [565780.0, 4899050.0], [565800.0, 4899050.0], [565800.0, 4899060.0], [565810.0, 4899060.0], [565810.0, 4899070.0], [565820.0, 4899070.0], [565820.0, 4899160.0], [565830.0, 4899160.0], [565830.0, 4899170.0], [565850.0, 4899170.0], [565850.0, 4899180.0], [565880.0, 4899180.0], [565880.0, 4899190.0], [565920.0, 4899190.0], [565920.0, 4899200.0], [565930.0, 4899200.0], [565930.0, 4899210.0], [565940.0, 4899210.0], [565940.0, 4899220.0], [565970.0, 4899220.0], [565970.0, 4899230.0], [565980.0, 4899230.0], [565980.0, 4899240.0], [565990.0, 4899240.0], [565990.0, 4899260.0], [566000.0, 4899260.0], [566000.0, 4899270.0], [566010.0, 4899270.0], [566010.0, 4899290.0], [566020.0, 4899290.0], [566020.0, 4899310.0], [566040.0, 4899310.0], [566040.0, 4899300.0], [566050.0, 4899300.0], [566050.0, 4899290.0], [566060.0, 4899290.0], [566060.0, 4899280.0], [566200.0, 4899280.0], [566200.0, 4899290.0], [566210.0, 4899290.0], [566210.0, 4899300.0], [566240.0, 4899300.0], [566240.0, 4899310.0], [566290.0, 4899310.0], [566290.0, 4899320.0], [566330.0, 4899320.0], [566330.0, 4899330.0], [566340.0, 4899330.0], [566340.0, 4899340.0], [566360.0, 4899340.0], [566360.0, 4899350.0], [566370.0, 4899350.0], [566370.0, 4899360.0], [566380.0, 4899360.0], [566380.0, 4899370.0], [566400.0, 4899370.0], [566400.0, 4899380.0], [566410.0, 4899380.0], [566410.0, 4899390.0], [566430.0, 4899390.0], [566430.0, 4899410.0], [566440.0, 4899410.0], [566440.0, 4899430.0], [566450.0, 4899430.0], [566450.0, 4899450.0], [566460.0, 4899450.0], [566460.0, 4899470.0], [566470.0, 4899470.0], [566470.0, 4899490.0], [566480.0, 4899490.0], [566480.0, 4899500.0], [566490.0, 4899500.0], [566490.0, 4899510.0], [566500.0, 4899510.0], [566500.0, 4899530.0], [566510.0, 4899530.0], [566510.0, 4899550.0], [566520.0, 4899550.0], [566520.0, 4899560.0], [566530.0, 4899560.0], [566530.0, 4899570.0], [566540.0, 4899570.0], [566540.0, 4899580.0], [566550.0, 4899580.0], [566550.0, 4899590.0], [566560.0, 4899590.0], [566560.0, 4899600.0], [566570.0, 4899600.0], [566570.0, 4899610.0], [566580.0, 4899610.0], [566580.0, 4899600.0], [566590.0, 4899600.0], [566590.0, 4899590.0], [566650.0, 4899590.0], [566650.0, 4899580.0], [566660.0, 4899580.0], [566660.0, 4899590.0], [566690.0, 4899590.0], [566690.0, 4899600.0], [566710.0, 4899600.0], [566710.0, 4899610.0], [566730.0, 4899610.0], [566730.0, 4899620.0], [566750.0, 4899620.0], [566750.0, 4899630.0], [566770.0, 4899630.0], [566770.0, 4899640.0], [566780.0, 4899640.0], [566780.0, 4899650.0], [566800.0, 4899650.0], [566800.0, 4899660.0], [566810.0, 4899660.0], [566810.0, 4899670.0], [566830.0, 4899670.0], [566830.0, 4899680.0], [566840.0, 4899680.0], [566840.0, 4899690.0], [566850.0, 4899690.0], [566850.0, 4899700.0], [566860.0, 4899700.0], [566860.0, 4899710.0], [566870.0, 4899710.0], [566870.0, 4899720.0], [566880.0, 4899720.0], [566880.0, 4899730.0], [566900.0, 4899730.0], [566900.0, 4899740.0], [566920.0, 4899740.0], [566920.0, 4899750.0], [567020.0, 4899750.0], [567020.0, 4899740.0], [567070.0, 4899740.0], [567070.0, 4899750.0], [567140.0, 4899750.0], [567140.0, 4899760.0], [567160.0, 4899760.0], [567160.0, 4899770.0], [567170.0, 4899770.0], [567170.0, 4899780.0], [567180.0, 4899780.0], [567180.0, 4899790.0], [567190.0, 4899790.0], [567190.0, 4899800.0], [567200.0, 4899800.0], [567200.0, 4899820.0], [567210.0, 4899820.0], [567210.0, 4899840.0], [567220.0, 4899840.0], [567220.0, 4899850.0], [567230.0, 4899850.0], [567230.0, 4899860.0], [567240.0, 4899860.0], [567240.0, 4899870.0], [567250.0, 4899870.0], [567250.0, 4899880.0], [567260.0, 4899880.0], [567260.0, 4899890.0], [567270.0, 4899890.0], [567270.0, 4899900.0], [567290.0, 4899900.0], [567290.0, 4899910.0], [567300.0, 4899910.0], [567300.0, 4899930.0], [567310.0, 4899930.0], [567310.0, 4899940.0], [567320.0, 4899940.0], [567320.0, 4899970.0], [567330.0, 4899970.0], [567330.0, 4899990.0], [567340.0, 4899990.0], [567340.0, 4900000.0], [567350.0, 4900000.0], [567350.0, 4900010.0], [567360.0, 4900010.0], [567360.0, 4900020.0], [567370.0, 4900020.0], [567370.0, 4900030.0], [567390.0, 4900030.0], [567390.0, 4900040.0], [567410.0, 4900040.0], [567410.0, 4900050.0], [567420.0, 4900050.0], [567420.0, 4900060.0], [567430.0, 4900060.0], [567430.0, 4900070.0], [567450.0, 4900070.0], [567450.0, 4900080.0], [567460.0, 4900080.0], [567460.0, 4900090.0], [567470.0, 4900090.0], [567470.0, 4900100.0], [567480.0, 4900100.0], [567480.0, 4900110.0], [567510.0, 4900110.0], [567510.0, 4900120.0], [567520.0, 4900120.0], [567520.0, 4900140.0], [567530.0, 4900140.0], [567530.0, 4900160.0], [567540.0, 4900160.0], [567540.0, 4900170.0], [567550.0, 4900170.0], [567550.0, 4900180.0], [567560.0, 4900180.0], [567560.0, 4900190.0], [567570.0, 4900190.0], [567570.0, 4900200.0], [567580.0, 4900200.0], [567580.0, 4900210.0], [567600.0, 4900210.0], [567600.0, 4900220.0], [567610.0, 4900220.0], [567610.0, 4900230.0], [567620.0, 4900230.0], [567620.0, 4900240.0], [567630.0, 4900240.0], [567630.0, 4900250.0], [567640.0, 4900250.0], [567640.0, 4900260.0], [567650.0, 4900260.0], [567650.0, 4900270.0], [567660.0, 4900270.0], [567660.0, 4900280.0], [567680.0, 4900280.0], [567680.0, 4900290.0], [567700.0, 4900290.0], [567700.0, 4900300.0], [567710.0, 4900300.0], [567710.0, 4900310.0], [567730.0, 4900310.0], [567730.0, 4900320.0], [567740.0, 4900320.0], [567740.0, 4900330.0], [567750.0, 4900330.0], [567750.0, 4900340.0], [567760.0, 4900340.0], [567760.0, 4900350.0], [567770.0, 4900350.0], [567770.0, 4900360.0], [567780.0, 4900360.0], [567780.0, 4900370.0], [567790.0, 4900370.0], [567790.0, 4900380.0], [567800.0, 4900380.0], [567800.0, 4900390.0], [567830.0, 4900390.0], [567830.0, 4900400.0], [567840.0, 4900400.0], [567840.0, 4900410.0], [567850.0, 4900410.0], [567850.0, 4900420.0], [567860.0, 4900420.0], [567860.0, 4900430.0], [567870.0, 4900430.0], [567870.0, 4900460.0], [567880.0, 4900460.0], [567880.0, 4900470.0], [567900.0, 4900470.0], [567900.0, 4900480.0], [567940.0, 4900480.0], [567940.0, 4900490.0], [568030.0, 4900490.0], [568030.0, 4900480.0], [568040.0, 4900480.0], [568040.0, 4900470.0], [568070.0, 4900470.0], [568070.0, 4900460.0], [568100.0, 4900460.0], [568100.0, 4900470.0], [568110.0, 4900470.0], [568110.0, 4900480.0], [568120.0, 4900480.0], [568120.0, 4900470.0], [568150.0, 4900470.0], [568150.0, 4900460.0], [568160.0, 4900460.0], [568160.0, 4900480.0], [568210.0, 4900480.0], [568210.0, 4900470.0], [568280.0, 4900470.0], [568280.0, 4900480.0], [568290.0, 4900480.0], [568290.0, 4900490.0], [568300.0, 4900490.0], [568300.0, 4900500.0], [568350.0, 4900500.0], [568350.0, 4900510.0], [568370.0, 4900510.0], [568370.0, 4900520.0], [568380.0, 4900520.0], [568380.0, 4900530.0], [568390.0, 4900530.0], [568390.0, 4900540.0], [568400.0, 4900540.0], [568400.0, 4900550.0], [568410.0, 4900550.0], [568410.0, 4900560.0], [568420.0, 4900560.0], [568420.0, 4900570.0], [568430.0, 4900570.0], [568430.0, 4900610.0], [568440.0, 4900610.0], [568440.0, 4900620.0], [568450.0, 4900620.0], [568450.0, 4900630.0], [568460.0, 4900630.0], [568460.0, 4900640.0], [568470.0, 4900640.0], [568470.0, 4900650.0], [568480.0, 4900650.0], [568480.0, 4900660.0], [568490.0, 4900660.0], [568490.0, 4900680.0], [568500.0, 4900680.0], [568500.0, 4900690.0], [568520.0, 4900690.0], [568520.0, 4900700.0], [568550.0, 4900700.0], [568550.0, 4900710.0], [568560.0, 4900710.0], [568560.0, 4900730.0], [568570.0, 4900730.0], [568570.0, 4900740.0], [568580.0, 4900740.0], [568580.0, 4900750.0], [568590.0, 4900750.0], [568590.0, 4900760.0], [568600.0, 4900760.0], [568600.0, 4900770.0], [568610.0, 4900770.0], [568610.0, 4900780.0], [568620.0, 4900780.0], [568620.0, 4900790.0], [568630.0, 4900790.0], [568630.0, 4900810.0], [568640.0, 4900810.0], [568640.0, 4900820.0], [568650.0, 4900820.0], [568650.0, 4900860.0], [568660.0, 4900860.0], [568660.0, 4900880.0], [568670.0, 4900880.0], [568670.0, 4900890.0], [568680.0, 4900890.0], [568680.0, 4900900.0], [568690.0, 4900900.0], [568690.0, 4900910.0], [568710.0, 4900910.0], [568710.0, 4900920.0], [568730.0, 4900920.0], [568730.0, 4900930.0], [568760.0, 4900930.0], [568760.0, 4900940.0], [568780.0, 4900940.0], [568780.0, 4900950.0], [568790.0, 4900950.0], [568790.0, 4900960.0], [568800.0, 4900960.0], [568800.0, 4900990.0], [568810.0, 4900990.0], [568810.0, 4901010.0], [568820.0, 4901010.0], [568820.0, 4901030.0], [568830.0, 4901030.0], [568830.0, 4901060.0], [568840.0, 4901060.0], [568840.0, 4901080.0], [568850.0, 4901080.0], [568850.0, 4901100.0], [568860.0, 4901100.0], [568860.0, 4901140.0], [568870.0, 4901140.0], [568870.0, 4901190.0], [568880.0, 4901190.0], [568880.0, 4901210.0], [568890.0, 4901210.0], [568890.0, 4901230.0], [568900.0, 4901230.0], [568900.0, 4901300.0], [568910.0, 4901300.0], [568910.0, 4901480.0], [568920.0, 4901480.0], [568920.0, 4901520.0], [568930.0, 4901520.0], [568930.0, 4901550.0], [568940.0, 4901550.0], [568940.0, 4901570.0], [568950.0, 4901570.0], [568950.0, 4901600.0], [568960.0, 4901600.0], [568960.0, 4901620.0], [568970.0, 4901620.0], [568970.0, 4901630.0], [568980.0, 4901630.0], [568980.0, 4901640.0], [568990.0, 4901640.0], [568990.0, 4901660.0], [569000.0, 4901660.0], [569000.0, 4901690.0], [569010.0, 4901690.0], [569010.0, 4901730.0], [569020.0, 4901730.0], [569020.0, 4901740.0], [569030.0, 4901740.0], [569030.0, 4901750.0], [569040.0, 4901750.0], [569040.0, 4901770.0], [569050.0, 4901770.0], [569050.0, 4901810.0], [569060.0, 4901810.0], [569060.0, 4901830.0], [569070.0, 4901830.0], [569070.0, 4901850.0], [569080.0, 4901850.0], [569080.0, 4901870.0], [569090.0, 4901870.0], [569090.0, 4901890.0], [569100.0, 4901890.0], [569100.0, 4901900.0], [569110.0, 4901900.0], [569110.0, 4901910.0], [569120.0, 4901910.0], [569120.0, 4901930.0], [569130.0, 4901930.0], [569130.0, 4901940.0], [569140.0, 4901940.0], [569140.0, 4901960.0], [569150.0, 4901960.0], [569150.0, 4901980.0], [569160.0, 4901980.0], [569160.0, 4902000.0], [569170.0, 4902000.0], [569170.0, 4902010.0], [569180.0, 4902010.0], [569180.0, 4902030.0], [569190.0, 4902030.0], [569190.0, 4902040.0], [569200.0, 4902040.0], [569200.0, 4902060.0], [569210.0, 4902060.0], [569210.0, 4902080.0], [569220.0, 4902080.0], [569220.0, 4902090.0], [569230.0, 4902090.0], [569230.0, 4902110.0], [569240.0, 4902110.0], [569240.0, 4902150.0], [569230.0, 4902150.0], [569230.0, 4902180.0], [569220.0, 4902180.0], [569220.0, 4902260.0], [569210.0, 4902260.0], [569210.0, 4902280.0], [569220.0, 4902280.0], [569220.0, 4902320.0], [569210.0, 4902320.0], [569210.0, 4902340.0], [569200.0, 4902340.0], [569200.0, 4902360.0], [569190.0, 4902360.0], [569190.0, 4902390.0], [569180.0, 4902390.0], [569180.0, 4902410.0], [569170.0, 4902410.0], [569170.0, 4902440.0], [569160.0, 4902440.0], [569160.0, 4902470.0], [569150.0, 4902470.0], [569150.0, 4902620.0], [569140.0, 4902620.0], [569140.0, 4902640.0], [569130.0, 4902640.0], [569130.0, 4902670.0], [569120.0, 4902670.0], [569120.0, 4902690.0], [569110.0, 4902690.0], [569110.0, 4902720.0], [569100.0, 4902720.0], [569100.0, 4902740.0], [569090.0, 4902740.0], [569090.0, 4902760.0], [569080.0, 4902760.0], [569080.0, 4902780.0], [569070.0, 4902780.0], [569070.0, 4902790.0], [569060.0, 4902790.0], [569060.0, 4902800.0], [569050.0, 4902800.0], [569050.0, 4902820.0], [569040.0, 4902820.0], [569040.0, 4902830.0], [569030.0, 4902830.0], [569030.0, 4902850.0], [569020.0, 4902850.0], [569020.0, 4902870.0], [569010.0, 4902870.0], [569010.0, 4902890.0], [569000.0, 4902890.0], [569000.0, 4902900.0], [568990.0, 4902900.0], [568990.0, 4902920.0], [568980.0, 4902920.0], [568980.0, 4902930.0], [568970.0, 4902930.0], [568970.0, 4902940.0], [568960.0, 4902940.0], [568960.0, 4902960.0], [568950.0, 4902960.0], [568950.0, 4902970.0], [568940.0, 4902970.0], [568940.0, 4902980.0], [568930.0, 4902980.0], [568930.0, 4902990.0], [568910.0, 4902990.0], [568910.0, 4903000.0], [568900.0, 4903000.0], [568900.0, 4903040.0], [568890.0, 4903040.0], [568890.0, 4903050.0], [568880.0, 4903050.0], [568880.0, 4903060.0], [568870.0, 4903060.0], [568870.0, 4903070.0], [568860.0, 4903070.0], [568860.0, 4903080.0], [568850.0, 4903080.0], [568850.0, 4903090.0], [568840.0, 4903090.0], [568840.0, 4903100.0], [568830.0, 4903100.0], [568830.0, 4903110.0], [568820.0, 4903110.0], [568820.0, 4903120.0], [568800.0, 4903120.0], [568800.0, 4903130.0], [568790.0, 4903130.0], [568790.0, 4903140.0], [568780.0, 4903140.0], [568780.0, 4903150.0], [568770.0, 4903150.0], [568770.0, 4903160.0], [568750.0, 4903160.0], [568750.0, 4903170.0], [568730.0, 4903170.0], [568730.0, 4903180.0], [568710.0, 4903180.0], [568710.0, 4903190.0], [568700.0, 4903190.0], [568700.0, 4903200.0], [568690.0, 4903200.0], [568690.0, 4903210.0], [568680.0, 4903210.0], [568680.0, 4903220.0], [568670.0, 4903220.0], [568670.0, 4903230.0], [568660.0, 4903230.0], [568660.0, 4903240.0], [568650.0, 4903240.0], [568650.0, 4903250.0], [568640.0, 4903250.0], [568640.0, 4903260.0], [568630.0, 4903260.0], [568630.0, 4903270.0], [568620.0, 4903270.0], [568620.0, 4903280.0], [568610.0, 4903280.0], [568610.0, 4903290.0], [568600.0, 4903290.0], [568600.0, 4903300.0], [568580.0, 4903300.0], [568580.0, 4903310.0], [568570.0, 4903310.0], [568570.0, 4903320.0], [568560.0, 4903320.0], [568560.0, 4903330.0], [568550.0, 4903330.0], [568550.0, 4903340.0], [568540.0, 4903340.0], [568540.0, 4903350.0], [568530.0, 4903350.0], [568530.0, 4903360.0], [568520.0, 4903360.0], [568520.0, 4903380.0], [568510.0, 4903380.0], [568510.0, 4903400.0], [568500.0, 4903400.0], [568500.0, 4903410.0], [568490.0, 4903410.0], [568490.0, 4903420.0], [568480.0, 4903420.0], [568480.0, 4903430.0], [568470.0, 4903430.0], [568470.0, 4903440.0], [568460.0, 4903440.0], [568460.0, 4903450.0], [568450.0, 4903450.0], [568450.0, 4903460.0], [568440.0, 4903460.0], [568440.0, 4903470.0], [568320.0, 4903470.0]]]}, "properties": {"site_code": "57", "dem_area_ha": 1509.56, "routing_qc_pass": true}}, {"type": "Feature", "geometry": {"type": "Polygon", "coordinates": [[[569590.0, 4894920.0], [569590.0, 4894910.0], [569600.0, 4894910.0], [569600.0, 4894920.0], [569590.0, 4894920.0]]]}, "properties": {"site_code": "76", "dem_area_ha": 384.21, "routing_qc_pass": true}}, {"type": "Feature", "geometry": {"type": "Polygon", "coordinates": [[[571340.0, 4897320.0], [571340.0, 4897310.0], [571200.0, 4897310.0], [571200.0, 4897300.0], [571180.0, 4897300.0], [571180.0, 4897290.0], [571170.0, 4897290.0], [571170.0, 4897280.0], [571160.0, 4897280.0], [571160.0, 4897270.0], [571150.0, 4897270.0], [571150.0, 4897260.0], [571140.0, 4897260.0], [571140.0, 4897250.0], [571130.0, 4897250.0], [571130.0, 4897240.0], [571110.0, 4897240.0], [571110.0, 4897230.0], [571090.0, 4897230.0], [571090.0, 4897220.0], [571070.0, 4897220.0], [571070.0, 4897210.0], [571060.0, 4897210.0], [571060.0, 4897200.0], [571050.0, 4897200.0], [571050.0, 4897190.0], [571040.0, 4897190.0], [571040.0, 4897180.0], [571030.0, 4897180.0], [571030.0, 4897170.0], [571020.0, 4897170.0], [571020.0, 4897160.0], [571010.0, 4897160.0], [571010.0, 4897150.0], [571000.0, 4897150.0], [571000.0, 4897140.0], [570990.0, 4897140.0], [570990.0, 4897130.0], [570980.0, 4897130.0], [570980.0, 4897120.0], [570970.0, 4897120.0], [570970.0, 4897110.0], [570950.0, 4897110.0], [570950.0, 4897100.0], [570940.0, 4897100.0], [570940.0, 4897090.0], [570910.0, 4897090.0], [570910.0, 4897080.0], [570870.0, 4897080.0], [570870.0, 4897070.0], [570830.0, 4897070.0], [570830.0, 4897060.0], [570810.0, 4897060.0], [570810.0, 4897050.0], [570800.0, 4897050.0], [570800.0, 4897040.0], [570790.0, 4897040.0], [570790.0, 4897030.0], [570770.0, 4897030.0], [570770.0, 4897020.0], [570740.0, 4897020.0], [570740.0, 4897010.0], [570720.0, 4897010.0], [570720.0, 4897000.0], [570700.0, 4897000.0], [570700.0, 4896990.0], [570690.0, 4896990.0], [570690.0, 4896980.0], [570510.0, 4896980.0], [570510.0, 4896990.0], [570470.0, 4896990.0], [570470.0, 4896980.0], [570450.0, 4896980.0], [570450.0, 4896960.0], [570440.0, 4896960.0], [570440.0, 4896950.0], [570430.0, 4896950.0], [570430.0, 4896860.0], [570420.0, 4896860.0], [570420.0, 4896850.0], [570410.0, 4896850.0], [570410.0, 4896840.0], [570400.0, 4896840.0], [570400.0, 4896830.0], [570390.0, 4896830.0], [570390.0, 4896820.0], [570380.0, 4896820.0], [570380.0, 4896810.0], [570370.0, 4896810.0], [570370.0, 4896800.0], [570360.0, 4896800.0], [570360.0, 4896790.0], [570350.0, 4896790.0], [570350.0, 4896780.0], [570340.0, 4896780.0], [570340.0, 4896770.0], [570330.0, 4896770.0], [570330.0, 4896750.0], [570320.0, 4896750.0], [570320.0, 4896730.0], [570310.0, 4896730.0], [570310.0, 4896720.0], [570300.0, 4896720.0], [570300.0, 4896700.0], [570290.0, 4896700.0], [570290.0, 4896690.0], [570280.0, 4896690.0], [570280.0, 4896680.0], [570270.0, 4896680.0], [570270.0, 4896670.0], [570260.0, 4896670.0], [570260.0, 4896660.0], [570250.0, 4896660.0], [570250.0, 4896650.0], [570240.0, 4896650.0], [570240.0, 4896630.0], [570230.0, 4896630.0], [570230.0, 4896600.0], [570220.0, 4896600.0], [570220.0, 4896590.0], [570210.0, 4896590.0], [570210.0, 4896580.0], [570200.0, 4896580.0], [570200.0, 4896570.0], [570190.0, 4896570.0], [570190.0, 4896560.0], [570180.0, 4896560.0], [570180.0, 4896550.0], [570170.0, 4896550.0], [570170.0, 4896540.0], [570160.0, 4896540.0], [570160.0, 4896530.0], [570150.0, 4896530.0], [570150.0, 4896520.0], [570140.0, 4896520.0], [570140.0, 4896510.0], [570130.0, 4896510.0], [570130.0, 4896500.0], [570120.0, 4896500.0], [570120.0, 4896490.0], [570110.0, 4896490.0], [570110.0, 4896480.0], [570100.0, 4896480.0], [570100.0, 4896470.0], [570090.0, 4896470.0], [570090.0, 4896460.0], [570080.0, 4896460.0], [570080.0, 4896450.0], [570070.0, 4896450.0], [570070.0, 4896440.0], [570050.0, 4896440.0], [570050.0, 4896430.0], [570040.0, 4896430.0], [570040.0, 4896420.0], [570020.0, 4896420.0], [570020.0, 4896410.0], [570000.0, 4896410.0], [570000.0, 4896400.0], [569950.0, 4896400.0], [569950.0, 4896390.0], [569940.0, 4896390.0], [569940.0, 4896380.0], [569930.0, 4896380.0], [569930.0, 4896370.0], [569920.0, 4896370.0], [569920.0, 4896360.0], [569910.0, 4896360.0], [569910.0, 4896350.0], [569900.0, 4896350.0], [569900.0, 4896340.0], [569890.0, 4896340.0], [569890.0, 4896330.0], [569860.0, 4896330.0], [569860.0, 4896320.0], [569830.0, 4896320.0], [569830.0, 4896310.0], [569800.0, 4896310.0], [569800.0, 4896300.0], [569710.0, 4896300.0], [569710.0, 4896290.0], [569680.0, 4896290.0], [569680.0, 4896280.0], [569660.0, 4896280.0], [569660.0, 4896270.0], [569620.0, 4896270.0], [569620.0, 4896260.0], [569590.0, 4896260.0], [569590.0, 4896250.0], [569490.0, 4896250.0], [569490.0, 4896240.0], [569480.0, 4896240.0], [569480.0, 4896210.0], [569470.0, 4896210.0], [569470.0, 4896150.0], [569480.0, 4896150.0], [569480.0, 4896110.0], [569490.0, 4896110.0], [569490.0, 4896080.0], [569500.0, 4896080.0], [569500.0, 4896040.0], [569510.0, 4896040.0], [569510.0, 4896010.0], [569520.0, 4896010.0], [569520.0, 4895950.0], [569530.0, 4895950.0], [569530.0, 4895860.0], [569540.0, 4895860.0], [569540.0, 4895830.0], [569550.0, 4895830.0], [569550.0, 4895770.0], [569560.0, 4895770.0], [569560.0, 4895730.0], [569570.0, 4895730.0], [569570.0, 4895650.0], [569580.0, 4895650.0], [569580.0, 4895550.0], [569590.0, 4895550.0], [569590.0, 4895470.0], [569600.0, 4895470.0], [569600.0, 4895380.0], [569610.0, 4895380.0], [569610.0, 4895350.0], [569620.0, 4895350.0], [569620.0, 4895320.0], [569630.0, 4895320.0], [569630.0, 4895300.0], [569640.0, 4895300.0], [569640.0, 4895280.0], [569650.0, 4895280.0], [569650.0, 4895270.0], [569660.0, 4895270.0], [569660.0, 4895260.0], [569650.0, 4895260.0], [569650.0, 4895220.0], [569640.0, 4895220.0], [569640.0, 4895170.0], [569630.0, 4895170.0], [569630.0, 4895080.0], [569620.0, 4895080.0], [569620.0, 4895040.0], [569610.0, 4895040.0], [569610.0, 4894980.0], [569600.0, 4894980.0], [569600.0, 4894920.0], [569690.0, 4894920.0], [569690.0, 4894910.0], [569730.0, 4894910.0], [569730.0, 4894900.0], [569780.0, 4894900.0], [569780.0, 4894890.0], [569840.0, 4894890.0], [569840.0, 4894880.0], [569870.0, 4894880.0], [569870.0, 4894870.0], [569930.0, 4894870.0], [569930.0, 4894880.0], [569960.0, 4894880.0], [569960.0, 4894890.0], [569980.0, 4894890.0], [569980.0, 4894900.0], [570030.0, 4894900.0], [570030.0, 4894910.0], [570090.0, 4894910.0], [570090.0, 4894900.0], [570140.0, 4894900.0], [570140.0, 4894890.0], [570180.0, 4894890.0], [570180.0, 4894880.0], [570210.0, 4894880.0], [570210.0, 4894870.0], [570230.0, 4894870.0], [570230.0, 4894860.0], [570250.0, 4894860.0], [570250.0, 4894850.0], [570260.0, 4894850.0], [570260.0, 4894840.0], [570280.0, 4894840.0], [570280.0, 4894830.0], [570290.0, 4894830.0], [570290.0, 4894840.0], [570340.0, 4894840.0], [570340.0, 4894850.0], [570370.0, 4894850.0], [570370.0, 4894860.0], [570460.0, 4894860.0], [570460.0, 4894870.0], [570540.0, 4894870.0], [570540.0, 4894860.0], [570570.0, 4894860.0], [570570.0, 4894850.0], [570590.0, 4894850.0], [570590.0, 4894840.0], [570610.0, 4894840.0], [570610.0, 4894830.0], [570630.0, 4894830.0], [570630.0, 4894820.0], [570690.0, 4894820.0], [570690.0, 4894810.0], [570710.0, 4894810.0], [570710.0, 4894800.0], [570730.0, 4894800.0], [570730.0, 4894790.0], [570760.0, 4894790.0], [570760.0, 4894800.0], [570770.0, 4894800.0], [570770.0, 4894810.0], [570780.0, 4894810.0], [570780.0, 4894820.0], [570790.0, 4894820.0], [570790.0, 4894830.0], [570840.0, 4894830.0], [570840.0, 4894840.0], [570860.0, 4894840.0], [570860.0, 4894850.0], [570880.0, 4894850.0], [570880.0, 4894860.0], [570940.0, 4894860.0], [570940.0, 4894870.0], [570950.0, 4894870.0], [570950.0, 4894880.0], [570960.0, 4894880.0], [570960.0, 4894890.0], [570980.0, 4894890.0], [570980.0, 4894900.0], [570990.0, 4894900.0], [570990.0, 4894910.0], [571010.0, 4894910.0], [571010.0, 4894920.0], [571030.0, 4894920.0], [571030.0, 4894930.0], [571060.0, 4894930.0], [571060.0, 4894940.0], [571100.0, 4894940.0], [571100.0, 4894950.0], [571230.0, 4894950.0], [571230.0, 4894960.0], [571240.0, 4894960.0], [571240.0, 4894970.0], [571250.0, 4894970.0], [571250.0, 4894980.0], [571260.0, 4894980.0], [571260.0, 4895000.0], [571270.0, 4895000.0], [571270.0, 4895010.0], [571280.0, 4895010.0], [571280.0, 4895030.0], [571290.0, 4895030.0], [571290.0, 4895050.0], [571300.0, 4895050.0], [571300.0, 4895060.0], [571310.0, 4895060.0], [571310.0, 4895070.0], [571320.0, 4895070.0], [571320.0, 4895080.0], [571340.0, 4895080.0], [571340.0, 4895090.0], [571350.0, 4895090.0], [571350.0, 4895100.0], [571360.0, 4895100.0], [571360.0, 4895220.0], [571370.0, 4895220.0], [571370.0, 4895250.0], [571380.0, 4895250.0], [571380.0, 4895270.0], [571390.0, 4895270.0], [571390.0, 4895370.0], [571380.0, 4895370.0], [571380.0, 4895410.0], [571390.0, 4895410.0], [571390.0, 4895420.0], [571400.0, 4895420.0], [571400.0, 4895440.0], [571410.0, 4895440.0], [571410.0, 4895450.0], [571420.0, 4895450.0], [571420.0, 4895460.0], [571430.0, 4895460.0], [571430.0, 4895470.0], [571440.0, 4895470.0], [571440.0, 4895480.0], [571450.0, 4895480.0], [571450.0, 4895490.0], [571470.0, 4895490.0], [571470.0, 4895500.0], [571490.0, 4895500.0], [571490.0, 4895510.0], [571500.0, 4895510.0], [571500.0, 4895520.0], [571510.0, 4895520.0], [571510.0, 4895530.0], [571530.0, 4895530.0], [571530.0, 4895540.0], [571540.0, 4895540.0], [571540.0, 4895550.0], [571550.0, 4895550.0], [571550.0, 4895560.0], [571560.0, 4895560.0], [571560.0, 4895570.0], [571570.0, 4895570.0], [571570.0, 4895580.0], [571580.0, 4895580.0], [571580.0, 4895590.0], [571590.0, 4895590.0], [571590.0, 4895600.0], [571600.0, 4895600.0], [571600.0, 4895630.0], [571610.0, 4895630.0], [571610.0, 4895640.0], [571620.0, 4895640.0], [571620.0, 4895650.0], [571630.0, 4895650.0], [571630.0, 4895660.0], [571640.0, 4895660.0], [571640.0, 4895680.0], [571650.0, 4895680.0], [571650.0, 4895690.0], [571660.0, 4895690.0], [571660.0, 4895700.0], [571670.0, 4895700.0], [571670.0, 4895710.0], [571680.0, 4895710.0], [571680.0, 4895720.0], [571690.0, 4895720.0], [571690.0, 4895730.0], [571700.0, 4895730.0], [571700.0, 4895740.0], [571710.0, 4895740.0], [571710.0, 4895750.0], [571720.0, 4895750.0], [571720.0, 4895760.0], [571730.0, 4895760.0], [571730.0, 4895770.0], [571740.0, 4895770.0], [571740.0, 4895780.0], [571750.0, 4895780.0], [571750.0, 4895790.0], [571760.0, 4895790.0], [571760.0, 4895800.0], [571770.0, 4895800.0], [571770.0, 4895830.0], [571760.0, 4895830.0], [571760.0, 4895860.0], [571750.0, 4895860.0], [571750.0, 4895880.0], [571740.0, 4895880.0], [571740.0, 4895900.0], [571730.0, 4895900.0], [571730.0, 4895930.0], [571720.0, 4895930.0], [571720.0, 4895980.0], [571710.0, 4895980.0], [571710.0, 4896030.0], [571700.0, 4896030.0], [571700.0, 4896060.0], [571690.0, 4896060.0], [571690.0, 4896130.0], [571680.0, 4896130.0], [571680.0, 4896260.0], [571670.0, 4896260.0], [571670.0, 4896270.0], [571660.0, 4896270.0], [571660.0, 4896290.0], [571650.0, 4896290.0], [571650.0, 4896300.0], [571640.0, 4896300.0], [571640.0, 4896310.0], [571630.0, 4896310.0], [571630.0, 4896330.0], [571620.0, 4896330.0], [571620.0, 4896410.0], [571610.0, 4896410.0], [571610.0, 4896450.0], [571600.0, 4896450.0], [571600.0, 4896490.0], [571590.0, 4896490.0], [571590.0, 4896520.0], [571580.0, 4896520.0], [571580.0, 4896560.0], [571590.0, 4896560.0], [571590.0, 4896580.0], [571580.0, 4896580.0], [571580.0, 4896630.0], [571570.0, 4896630.0], [571570.0, 4896800.0], [571560.0, 4896800.0], [571560.0, 4896810.0], [571540.0, 4896810.0], [571540.0, 4896820.0], [571530.0, 4896820.0], [571530.0, 4896830.0], [571510.0, 4896830.0], [571510.0, 4896840.0], [571500.0, 4896840.0], [571500.0, 4896860.0], [571490.0, 4896860.0], [571490.0, 4896870.0], [571480.0, 4896870.0], [571480.0, 4896890.0], [571470.0, 4896890.0], [571470.0, 4896910.0], [571460.0, 4896910.0], [571460.0, 4896940.0], [571450.0, 4896940.0], [571450.0, 4896960.0], [571440.0, 4896960.0], [571440.0, 4896980.0], [571430.0, 4896980.0], [571430.0, 4897000.0], [571420.0, 4897000.0], [571420.0, 4897030.0], [571410.0, 4897030.0], [571410.0, 4897170.0], [571420.0, 4897170.0], [571420.0, 4897210.0], [571410.0, 4897210.0], [571410.0, 4897280.0], [571400.0, 4897280.0], [571400.0, 4897290.0], [571390.0, 4897290.0], [571390.0, 4897320.0], [571340.0, 4897320.0]]]}, "properties": {"site_code": "76", "dem_area_ha": 384.21, "routing_qc_pass": true}}, {"type": "Feature", "geometry": {"type": "Polygon", "coordinates": [[[568780.0, 4900950.0], [568780.0, 4900940.0], [568760.0, 4900940.0], [568760.0, 4900930.0], [568730.0, 4900930.0], [568730.0, 4900920.0], [568710.0, 4900920.0], [568710.0, 4900910.0], [568690.0, 4900910.0], [568690.0, 4900900.0], [568680.0, 4900900.0], [568680.0, 4900890.0], [568670.0, 4900890.0], [568670.0, 4900880.0], [568660.0, 4900880.0], [568660.0, 4900860.0], [568650.0, 4900860.0], [568650.0, 4900820.0], [568640.0, 4900820.0], [568640.0, 4900810.0], [568630.0, 4900810.0], [568630.0, 4900790.0], [568620.0, 4900790.0], [568620.0, 4900780.0], [568610.0, 4900780.0], [568610.0, 4900770.0], [568600.0, 4900770.0], [568600.0, 4900760.0], [568590.0, 4900760.0], [568590.0, 4900750.0], [568580.0, 4900750.0], [568580.0, 4900740.0], [568570.0, 4900740.0], [568570.0, 4900730.0], [568560.0, 4900730.0], [568560.0, 4900710.0], [568550.0, 4900710.0], [568550.0, 4900700.0], [568520.0, 4900700.0], [568520.0, 4900690.0], [568500.0, 4900690.0], [568500.0, 4900680.0], [568490.0, 4900680.0], [568490.0, 4900660.0], [568480.0, 4900660.0], [568480.0, 4900650.0], [568470.0, 4900650.0], [568470.0, 4900640.0], [568460.0, 4900640.0], [568460.0, 4900630.0], [568450.0, 4900630.0], [568450.0, 4900620.0], [568440.0, 4900620.0], [568440.0, 4900610.0], [568430.0, 4900610.0], [568430.0, 4900570.0], [568420.0, 4900570.0], [568420.0, 4900560.0], [568410.0, 4900560.0], [568410.0, 4900550.0], [568400.0, 4900550.0], [568400.0, 4900540.0], [568390.0, 4900540.0], [568390.0, 4900530.0], [568380.0, 4900530.0], [568380.0, 4900520.0], [568370.0, 4900520.0], [568370.0, 4900510.0], [568350.0, 4900510.0], [568350.0, 4900500.0], [568300.0, 4900500.0], [568300.0, 4900490.0], [568290.0, 4900490.0], [568290.0, 4900480.0], [568280.0, 4900480.0], [568280.0, 4900470.0], [568210.0, 4900470.0], [568210.0, 4900480.0], [568160.0, 4900480.0], [568160.0, 4900460.0], [568150.0, 4900460.0], [568150.0, 4900470.0], [568120.0, 4900470.0], [568120.0, 4900480.0], [568110.0, 4900480.0], [568110.0, 4900470.0], [568100.0, 4900470.0], [568100.0, 4900460.0], [568070.0, 4900460.0], [568070.0, 4900470.0], [568040.0, 4900470.0], [568040.0, 4900480.0], [568030.0, 4900480.0], [568030.0, 4900490.0], [567940.0, 4900490.0], [567940.0, 4900480.0], [567900.0, 4900480.0], [567900.0, 4900470.0], [567880.0, 4900470.0], [567880.0, 4900460.0], [567870.0, 4900460.0], [567870.0, 4900430.0], [567860.0, 4900430.0], [567860.0, 4900420.0], [567850.0, 4900420.0], [567850.0, 4900410.0], [567840.0, 4900410.0], [567840.0, 4900400.0], [567830.0, 4900400.0], [567830.0, 4900390.0], [567800.0, 4900390.0], [567800.0, 4900380.0], [567790.0, 4900380.0], [567790.0, 4900370.0], [567780.0, 4900370.0], [567780.0, 4900360.0], [567770.0, 4900360.0], [567770.0, 4900350.0], [567760.0, 4900350.0], [567760.0, 4900340.0], [567750.0, 4900340.0], [567750.0, 4900330.0], [567740.0, 4900330.0], [567740.0, 4900320.0], [567730.0, 4900320.0], [567730.0, 4900310.0], [567710.0, 4900310.0], [567710.0, 4900300.0], [567700.0, 4900300.0], [567700.0, 4900290.0], [567680.0, 4900290.0], [567680.0, 4900280.0], [567660.0, 4900280.0], [567660.0, 4900270.0], [567650.0, 4900270.0], [567650.0, 4900260.0], [567640.0, 4900260.0], [567640.0, 4900250.0], [567630.0, 4900250.0], [567630.0, 4900240.0], [567620.0, 4900240.0], [567620.0, 4900230.0], [567610.0, 4900230.0], [567610.0, 4900220.0], [567600.0, 4900220.0], [567600.0, 4900210.0], [567580.0, 4900210.0], [567580.0, 4900200.0], [567570.0, 4900200.0], [567570.0, 4900190.0], [567560.0, 4900190.0], [567560.0, 4900180.0], [567550.0, 4900180.0], [567550.0, 4900170.0], [567540.0, 4900170.0], [567540.0, 4900160.0], [567530.0, 4900160.0], [567530.0, 4900140.0], [567520.0, 4900140.0], [567520.0, 4900120.0], [567510.0, 4900120.0], [567510.0, 4900110.0], [567480.0, 4900110.0], [567480.0, 4900100.0], [567470.0, 4900100.0], [567470.0, 4900090.0], [567460.0, 4900090.0], [567460.0, 4900080.0], [567450.0, 4900080.0], [567450.0, 4900070.0], [567430.0, 4900070.0], [567430.0, 4900060.0], [567420.0, 4900060.0], [567420.0, 4900050.0], [567410.0, 4900050.0], [567410.0, 4900040.0], [567390.0, 4900040.0], [567390.0, 4900030.0], [567370.0, 4900030.0], [567370.0, 4900020.0], [567360.0, 4900020.0], [567360.0, 4900010.0], [567350.0, 4900010.0], [567350.0, 4900000.0], [567340.0, 4900000.0], [567340.0, 4899990.0], [567330.0, 4899990.0], [567330.0, 4899970.0], [567320.0, 4899970.0], [567320.0, 4899940.0], [567310.0, 4899940.0], [567310.0, 4899930.0], [567300.0, 4899930.0], [567300.0, 4899910.0], [567290.0, 4899910.0], [567290.0, 4899900.0], [567270.0, 4899900.0], [567270.0, 4899890.0], [567260.0, 4899890.0], [567260.0, 4899880.0], [567250.0, 4899880.0], [567250.0, 4899870.0], [567240.0, 4899870.0], [567240.0, 4899860.0], [567230.0, 4899860.0], [567230.0, 4899850.0], [567220.0, 4899850.0], [567220.0, 4899840.0], [567210.0, 4899840.0], [567210.0, 4899820.0], [567200.0, 4899820.0], [567200.0, 4899800.0], [567190.0, 4899800.0], [567190.0, 4899790.0], [567180.0, 4899790.0], [567180.0, 4899780.0], [567170.0, 4899780.0], [567170.0, 4899770.0], [567160.0, 4899770.0], [567160.0, 4899760.0], [567150.0, 4899760.0], [567150.0, 4899660.0], [567160.0, 4899660.0], [567160.0, 4899650.0], [567170.0, 4899650.0], [567170.0, 4899640.0], [567180.0, 4899640.0], [567180.0, 4899630.0], [567190.0, 4899630.0], [567190.0, 4899620.0], [567200.0, 4899620.0], [567200.0, 4899610.0], [567210.0, 4899610.0], [567210.0, 4899600.0], [567220.0, 4899600.0], [567220.0, 4899590.0], [567230.0, 4899590.0], [567230.0, 4899580.0], [567240.0, 4899580.0], [567240.0, 4899570.0], [567250.0, 4899570.0], [567250.0, 4899560.0], [567260.0, 4899560.0], [567260.0, 4899540.0], [567270.0, 4899540.0], [567270.0, 4899530.0], [567280.0, 4899530.0], [567280.0, 4899520.0], [567290.0, 4899520.0], [567290.0, 4899510.0], [567280.0, 4899510.0], [567280.0, 4899490.0], [567270.0, 4899490.0], [567270.0, 4899460.0], [567260.0, 4899460.0], [567260.0, 4899440.0], [567250.0, 4899440.0], [567250.0, 4899430.0], [567240.0, 4899430.0], [567240.0, 4899200.0], [567250.0, 4899200.0], [567250.0, 4899130.0], [567240.0, 4899130.0], [567240.0, 4899070.0], [567250.0, 4899070.0], [567250.0, 4899050.0], [567260.0, 4899050.0], [567260.0, 4899040.0], [567270.0, 4899040.0], [567270.0, 4899030.0], [567260.0, 4899030.0], [567260.0, 4898910.0], [567270.0, 4898910.0], [567270.0, 4898850.0], [567260.0, 4898850.0], [567260.0, 4898780.0], [567250.0, 4898780.0], [567250.0, 4898760.0], [567240.0, 4898760.0], [567240.0, 4898730.0], [567230.0, 4898730.0], [567230.0, 4898710.0], [567220.0, 4898710.0], [567220.0, 4898680.0], [567210.0, 4898680.0], [567210.0, 4898660.0], [567200.0, 4898660.0], [567200.0, 4898650.0], [567190.0, 4898650.0], [567190.0, 4898620.0], [567180.0, 4898620.0], [567180.0, 4898580.0], [567170.0, 4898580.0], [567170.0, 4898550.0], [567160.0, 4898550.0], [567160.0, 4898540.0], [567150.0, 4898540.0], [567150.0, 4898520.0], [567140.0, 4898520.0], [567140.0, 4898480.0], [567130.0, 4898480.0], [567130.0, 4898460.0], [567120.0, 4898460.0], [567120.0, 4898440.0], [567100.0, 4898440.0], [567100.0, 4898430.0], [567080.0, 4898430.0], [567080.0, 4898420.0], [567060.0, 4898420.0], [567060.0, 4898410.0], [567040.0, 4898410.0], [567040.0, 4898400.0], [567030.0, 4898400.0], [567030.0, 4898390.0], [567020.0, 4898390.0], [567020.0, 4898380.0], [567010.0, 4898380.0], [567010.0, 4898330.0], [567020.0, 4898330.0], [567020.0, 4898320.0], [567030.0, 4898320.0], [567030.0, 4898250.0], [567040.0, 4898250.0], [567040.0, 4898240.0], [567050.0, 4898240.0], [567050.0, 4898200.0], [567040.0, 4898200.0], [567040.0, 4898190.0], [567030.0, 4898190.0], [567030.0, 4898180.0], [567020.0, 4898180.0], [567020.0, 4898130.0], [567010.0, 4898130.0], [567010.0, 4898120.0], [567000.0, 4898120.0], [567000.0, 4898110.0], [566990.0, 4898110.0], [566990.0, 4898100.0], [566980.0, 4898100.0], [566980.0, 4898090.0], [566970.0, 4898090.0], [566970.0, 4898060.0], [566960.0, 4898060.0], [566960.0, 4898050.0], [566940.0, 4898050.0], [566940.0, 4898040.0], [566930.0, 4898040.0], [566930.0, 4898030.0], [566920.0, 4898030.0], [566920.0, 4898020.0], [566910.0, 4898020.0], [566910.0, 4898010.0], [566900.0, 4898010.0], [566900.0, 4898000.0], [566890.0, 4898000.0], [566890.0, 4897990.0], [566880.0, 4897990.0], [566880.0, 4897980.0], [566870.0, 4897980.0], [566870.0, 4897960.0], [566850.0, 4897960.0], [566850.0, 4897950.0], [566840.0, 4897950.0], [566840.0, 4897940.0], [566830.0, 4897940.0], [566830.0, 4897930.0], [566810.0, 4897930.0], [566810.0, 4897910.0], [566800.0, 4897910.0], [566800.0, 4897900.0], [566790.0, 4897900.0], [566790.0, 4897890.0], [566780.0, 4897890.0], [566780.0, 4897880.0], [566770.0, 4897880.0], [566770.0, 4897870.0], [566750.0, 4897870.0], [566750.0, 4897860.0], [566710.0, 4897860.0], [566710.0, 4897850.0], [566700.0, 4897850.0], [566700.0, 4897840.0], [566680.0, 4897840.0], [566680.0, 4897830.0], [566670.0, 4897830.0], [566670.0, 4897820.0], [566650.0, 4897820.0], [566650.0, 4897810.0], [566620.0, 4897810.0], [566620.0, 4897800.0], [566600.0, 4897800.0], [566600.0, 4897790.0], [566590.0, 4897790.0], [566590.0, 4897780.0], [566580.0, 4897780.0], [566580.0, 4897770.0], [566570.0, 4897770.0], [566570.0, 4897760.0], [566560.0, 4897760.0], [566560.0, 4897750.0], [566550.0, 4897750.0], [566550.0, 4897730.0], [566540.0, 4897730.0], [566540.0, 4897700.0], [566530.0, 4897700.0], [566530.0, 4897680.0], [566520.0, 4897680.0], [566520.0, 4897620.0], [566510.0, 4897620.0], [566510.0, 4897610.0], [566500.0, 4897610.0], [566500.0, 4897590.0], [566490.0, 4897590.0], [566490.0, 4897580.0], [566480.0, 4897580.0], [566480.0, 4897570.0], [566470.0, 4897570.0], [566470.0, 4897560.0], [566460.0, 4897560.0], [566460.0, 4897550.0], [566450.0, 4897550.0], [566450.0, 4897540.0], [566440.0, 4897540.0], [566440.0, 4897520.0], [566430.0, 4897520.0], [566430.0, 4897510.0], [566410.0, 4897510.0], [566410.0, 4897520.0], [566400.0, 4897520.0], [566400.0, 4897440.0], [566390.0, 4897440.0], [566390.0, 4897430.0], [566350.0, 4897430.0], [566350.0, 4897420.0], [566310.0, 4897420.0], [566310.0, 4897410.0], [566300.0, 4897410.0], [566300.0, 4897400.0], [566290.0, 4897400.0], [566290.0, 4897390.0], [566280.0, 4897390.0], [566280.0, 4897370.0], [566270.0, 4897370.0], [566270.0, 4897360.0], [566260.0, 4897360.0], [566260.0, 4897350.0], [566250.0, 4897350.0], [566250.0, 4897340.0], [566230.0, 4897340.0], [566230.0, 4897330.0], [566210.0, 4897330.0], [566210.0, 4897320.0], [566200.0, 4897320.0], [566200.0, 4897310.0], [566180.0, 4897310.0], [566180.0, 4897290.0], [566170.0, 4897290.0], [566170.0, 4897270.0], [566160.0, 4897270.0], [566160.0, 4897260.0], [566150.0, 4897260.0], [566150.0, 4897250.0], [566140.0, 4897250.0], [566140.0, 4897240.0], [566130.0, 4897240.0], [566130.0, 4897230.0], [566120.0, 4897230.0], [566120.0, 4897220.0], [566110.0, 4897220.0], [566110.0, 4897210.0], [566100.0, 4897210.0], [566100.0, 4897200.0], [566090.0, 4897200.0], [566090.0, 4897170.0], [566080.0, 4897170.0], [566080.0, 4897160.0], [566070.0, 4897160.0], [566070.0, 4897150.0], [566050.0, 4897150.0], [566050.0, 4897140.0], [566040.0, 4897140.0], [566040.0, 4897130.0], [566010.0, 4897130.0], [566010.0, 4897120.0], [565990.0, 4897120.0], [565990.0, 4897110.0], [565970.0, 4897110.0], [565970.0, 4897100.0], [565960.0, 4897100.0], [565960.0, 4897060.0], [565950.0, 4897060.0], [565950.0, 4897040.0], [565940.0, 4897040.0], [565940.0, 4897010.0], [565930.0, 4897010.0], [565930.0, 4896990.0], [565920.0, 4896990.0], [565920.0, 4896980.0], [565910.0, 4896980.0], [565910.0, 4896930.0], [565900.0, 4896930.0], [565900.0, 4896910.0], [565890.0, 4896910.0], [565890.0, 4896900.0], [565880.0, 4896900.0], [565880.0, 4896850.0], [565870.0, 4896850.0], [565870.0, 4896830.0], [565860.0, 4896830.0], [565860.0, 4896820.0], [565850.0, 4896820.0], [565850.0, 4896810.0], [565840.0, 4896810.0], [565840.0, 4896780.0], [565830.0, 4896780.0], [565830.0, 4896760.0], [565820.0, 4896760.0], [565820.0, 4896750.0], [565810.0, 4896750.0], [565810.0, 4896740.0], [565800.0, 4896740.0], [565800.0, 4896730.0], [565790.0, 4896730.0], [565790.0, 4896710.0], [565780.0, 4896710.0], [565780.0, 4896700.0], [565770.0, 4896700.0], [565770.0, 4896680.0], [565760.0, 4896680.0], [565760.0, 4896660.0], [565750.0, 4896660.0], [565750.0, 4896650.0], [565740.0, 4896650.0], [565740.0, 4896630.0], [565730.0, 4896630.0], [565730.0, 4896610.0], [565720.0, 4896610.0], [565720.0, 4896580.0], [565710.0, 4896580.0], [565710.0, 4896560.0], [565700.0, 4896560.0], [565700.0, 4896540.0], [565690.0, 4896540.0], [565690.0, 4896520.0], [565680.0, 4896520.0], [565680.0, 4896510.0], [565670.0, 4896510.0], [565670.0, 4896490.0], [565660.0, 4896490.0], [565660.0, 4896480.0], [565650.0, 4896480.0], [565650.0, 4896470.0], [565640.0, 4896470.0], [565640.0, 4896460.0], [565630.0, 4896460.0], [565630.0, 4896440.0], [565620.0, 4896440.0], [565620.0, 4896420.0], [565610.0, 4896420.0], [565610.0, 4896410.0], [565600.0, 4896410.0], [565600.0, 4896400.0], [565590.0, 4896400.0], [565590.0, 4896390.0], [565580.0, 4896390.0], [565580.0, 4896380.0], [565570.0, 4896380.0], [565570.0, 4896360.0], [565560.0, 4896360.0], [565560.0, 4896330.0], [565550.0, 4896330.0], [565550.0, 4896310.0], [565540.0, 4896310.0], [565540.0, 4896290.0], [565530.0, 4896290.0], [565530.0, 4896280.0], [565520.0, 4896280.0], [565520.0, 4896260.0], [565510.0, 4896260.0], [565510.0, 4896250.0], [565500.0, 4896250.0], [565500.0, 4896240.0], [565480.0, 4896240.0], [565480.0, 4896230.0], [565470.0, 4896230.0], [565470.0, 4896220.0], [565450.0, 4896220.0], [565450.0, 4896210.0], [565420.0, 4896210.0], [565420.0, 4896200.0], [565390.0, 4896200.0], [565390.0, 4896190.0], [565380.0, 4896190.0], [565380.0, 4896180.0], [565370.0, 4896180.0], [565370.0, 4896170.0], [565360.0, 4896170.0], [565360.0, 4896160.0], [565350.0, 4896160.0], [565350.0, 4896150.0], [565340.0, 4896150.0], [565340.0, 4896140.0], [565330.0, 4896140.0], [565330.0, 4896130.0], [565320.0, 4896130.0], [565320.0, 4896120.0], [565300.0, 4896120.0], [565300.0, 4896110.0], [565290.0, 4896110.0], [565290.0, 4896100.0], [565280.0, 4896100.0], [565280.0, 4896090.0], [565260.0, 4896090.0], [565260.0, 4896080.0], [565240.0, 4896080.0], [565240.0, 4896070.0], [565230.0, 4896070.0], [565230.0, 4896060.0], [565220.0, 4896060.0], [565220.0, 4896050.0], [565200.0, 4896050.0], [565200.0, 4896040.0], [565170.0, 4896040.0], [565170.0, 4896030.0], [565150.0, 4896030.0], [565150.0, 4896020.0], [565130.0, 4896020.0], [565130.0, 4896010.0], [565010.0, 4896010.0], [565010.0, 4896000.0], [564990.0, 4896000.0], [564990.0, 4895990.0], [564950.0, 4895990.0], [564950.0, 4895980.0], [564910.0, 4895980.0], [564910.0, 4895970.0], [564870.0, 4895970.0], [564870.0, 4895960.0], [564830.0, 4895960.0], [564830.0, 4895950.0], [564810.0, 4895950.0], [564810.0, 4895940.0], [564800.0, 4895940.0], [564800.0, 4895930.0], [564790.0, 4895930.0], [564790.0, 4895920.0], [564780.0, 4895920.0], [564780.0, 4895910.0], [564770.0, 4895910.0], [564770.0, 4895900.0], [564760.0, 4895900.0], [564760.0, 4895840.0], [564750.0, 4895840.0], [564750.0, 4895760.0], [564740.0, 4895760.0], [564740.0, 4895730.0], [564730.0, 4895730.0], [564730.0, 4895710.0], [564720.0, 4895710.0], [564720.0, 4895690.0], [564710.0, 4895690.0], [564710.0, 4895670.0], [564700.0, 4895670.0], [564700.0, 4895660.0], [564690.0, 4895660.0], [564690.0, 4895650.0], [564680.0, 4895650.0], [564680.0, 4895640.0], [564660.0, 4895640.0], [564660.0, 4895630.0], [564650.0, 4895630.0], [564650.0, 4895620.0], [564630.0, 4895620.0], [564630.0, 4895610.0], [564640.0, 4895610.0], [564640.0, 4895600.0], [564650.0, 4895600.0], [564650.0, 4895580.0], [564660.0, 4895580.0], [564660.0, 4895570.0], [564670.0, 4895570.0], [564670.0, 4895560.0], [564680.0, 4895560.0], [564680.0, 4895550.0], [564690.0, 4895550.0], [564690.0, 4895540.0], [564700.0, 4895540.0], [564700.0, 4895530.0], [564710.0, 4895530.0], [564710.0, 4895520.0], [564720.0, 4895520.0], [564720.0, 4895510.0], [564730.0, 4895510.0], [564730.0, 4895500.0], [564740.0, 4895500.0], [564740.0, 4895490.0], [564750.0, 4895490.0], [564750.0, 4895480.0], [564760.0, 4895480.0], [564760.0, 4895470.0], [564780.0, 4895470.0], [564780.0, 4895460.0], [564790.0, 4895460.0], [564790.0, 4895450.0], [564810.0, 4895450.0], [564810.0, 4895440.0], [564830.0, 4895440.0], [564830.0, 4895430.0], [564870.0, 4895430.0], [564870.0, 4895420.0], [564920.0, 4895420.0], [564920.0, 4895410.0], [564950.0, 4895410.0], [564950.0, 4895400.0], [564980.0, 4895400.0], [564980.0, 4895390.0], [564990.0, 4895390.0], [564990.0, 4895380.0], [565000.0, 4895380.0], [565000.0, 4895370.0], [565020.0, 4895370.0], [565020.0, 4895360.0], [565070.0, 4895360.0], [565070.0, 4895350.0], [565210.0, 4895350.0], [565210.0, 4895330.0], [565220.0, 4895330.0], [565220.0, 4895320.0], [565230.0, 4895320.0], [565230.0, 4895310.0], [565240.0, 4895310.0], [565240.0, 4895300.0], [565260.0, 4895300.0], [565260.0, 4895290.0], [565270.0, 4895290.0], [565270.0, 4895280.0], [565300.0, 4895280.0], [565300.0, 4895270.0], [565350.0, 4895270.0], [565350.0, 4895260.0], [565390.0, 4895260.0], [565390.0, 4895250.0], [565430.0, 4895250.0], [565430.0, 4895240.0], [565460.0, 4895240.0], [565460.0, 4895230.0], [565480.0, 4895230.0], [565480.0, 4895220.0], [565490.0, 4895220.0], [565490.0, 4895210.0], [565500.0, 4895210.0], [565500.0, 4895200.0], [565520.0, 4895200.0], [565520.0, 4895190.0], [565540.0, 4895190.0], [565540.0, 4895180.0], [565550.0, 4895180.0], [565550.0, 4895170.0], [565570.0, 4895170.0], [565570.0, 4895160.0], [565590.0, 4895160.0], [565590.0, 4895150.0], [565600.0, 4895150.0], [565600.0, 4895140.0], [565620.0, 4895140.0], [565620.0, 4895130.0], [565660.0, 4895130.0], [565660.0, 4895120.0], [565690.0, 4895120.0], [565690.0, 4895110.0], [565720.0, 4895110.0], [565720.0, 4895100.0], [565850.0, 4895100.0], [565850.0, 4895090.0], [565880.0, 4895090.0], [565880.0, 4895100.0], [565940.0, 4895100.0], [565940.0, 4895090.0], [565960.0, 4895090.0], [565960.0, 4895100.0], [565990.0, 4895100.0], [565990.0, 4895090.0], [566000.0, 4895090.0], [566000.0, 4895080.0], [566020.0, 4895080.0], [566020.0, 4895070.0], [566030.0, 4895070.0], [566030.0, 4895060.0], [566040.0, 4895060.0], [566040.0, 4895040.0], [566050.0, 4895040.0], [566050.0, 4895030.0], [566060.0, 4895030.0], [566060.0, 4895020.0], [566070.0, 4895020.0], [566070.0, 4895010.0], [566080.0, 4895010.0], [566080.0, 4894990.0], [566090.0, 4894990.0], [566090.0, 4894970.0], [566100.0, 4894970.0], [566100.0, 4894960.0], [566110.0, 4894960.0], [566110.0, 4894950.0], [566120.0, 4894950.0], [566120.0, 4894940.0], [566130.0, 4894940.0], [566130.0, 4894930.0], [566140.0, 4894930.0], [566140.0, 4894920.0], [566150.0, 4894920.0], [566150.0, 4894910.0], [566170.0, 4894910.0], [566170.0, 4894890.0], [566190.0, 4894890.0], [566190.0, 4894880.0], [566200.0, 4894880.0], [566200.0, 4894870.0], [566210.0, 4894870.0], [566210.0, 4894860.0], [566220.0, 4894860.0], [566220.0, 4894850.0], [566230.0, 4894850.0], [566230.0, 4894840.0], [566240.0, 4894840.0], [566240.0, 4894820.0], [566250.0, 4894820.0], [566250.0, 4894800.0], [566260.0, 4894800.0], [566260.0, 4894790.0], [566280.0, 4894790.0], [566280.0, 4894780.0], [566290.0, 4894780.0], [566290.0, 4894760.0], [566300.0, 4894760.0], [566300.0, 4894750.0], [566310.0, 4894750.0], [566310.0, 4894740.0], [566320.0, 4894740.0], [566320.0, 4894730.0], [566330.0, 4894730.0], [566330.0, 4894720.0], [566350.0, 4894720.0], [566350.0, 4894710.0], [566360.0, 4894710.0], [566360.0, 4894700.0], [566370.0, 4894700.0], [566370.0, 4894690.0], [566380.0, 4894690.0], [566380.0, 4894680.0], [566390.0, 4894680.0], [566390.0, 4894670.0], [566400.0, 4894670.0], [566400.0, 4894660.0], [566410.0, 4894660.0], [566410.0, 4894650.0], [566420.0, 4894650.0], [566420.0, 4894640.0], [566430.0, 4894640.0], [566430.0, 4894630.0], [566440.0, 4894630.0], [566440.0, 4894620.0], [566460.0, 4894620.0], [566460.0, 4894610.0], [566520.0, 4894610.0], [566520.0, 4894600.0], [566550.0, 4894600.0], [566550.0, 4894610.0], [566560.0, 4894610.0], [566560.0, 4894620.0], [566580.0, 4894620.0], [566580.0, 4894630.0], [566600.0, 4894630.0], [566600.0, 4894640.0], [566620.0, 4894640.0], [566620.0, 4894660.0], [566630.0, 4894660.0], [566630.0, 4894670.0], [566660.0, 4894670.0], [566660.0, 4894680.0], [566670.0, 4894680.0], [566670.0, 4894690.0], [566690.0, 4894690.0], [566690.0, 4894700.0], [566710.0, 4894700.0], [566710.0, 4894710.0], [566750.0, 4894710.0], [566750.0, 4894720.0], [566770.0, 4894720.0], [566770.0, 4894730.0], [566800.0, 4894730.0], [566800.0, 4894740.0], [566830.0, 4894740.0], [566830.0, 4894750.0], [566840.0, 4894750.0], [566840.0, 4894760.0], [566860.0, 4894760.0], [566860.0, 4894770.0], [566880.0, 4894770.0], [566880.0, 4894780.0], [566900.0, 4894780.0], [566900.0, 4894790.0], [566920.0, 4894790.0], [566920.0, 4894800.0], [566940.0, 4894800.0], [566940.0, 4894810.0], [566960.0, 4894810.0], [566960.0, 4894820.0], [566980.0, 4894820.0], [566980.0, 4894830.0], [567000.0, 4894830.0], [567000.0, 4894840.0], [567010.0, 4894840.0], [567010.0, 4894850.0], [567110.0, 4894850.0], [567110.0, 4894840.0], [567290.0, 4894840.0], [567290.0, 4894850.0], [567300.0, 4894850.0], [567300.0, 4894860.0], [567310.0, 4894860.0], [567310.0, 4894870.0], [567330.0, 4894870.0], [567330.0, 4894880.0], [567340.0, 4894880.0], [567340.0, 4894890.0], [567370.0, 4894890.0], [567370.0, 4894900.0], [567460.0, 4894900.0], [567460.0, 4894910.0], [567490.0, 4894910.0], [567490.0, 4894920.0], [567530.0, 4894920.0], [567530.0, 4894930.0], [567540.0, 4894930.0], [567540.0, 4894940.0], [567560.0, 4894940.0], [567560.0, 4894950.0], [567580.0, 4894950.0], [567580.0, 4894960.0], [567660.0, 4894960.0], [567660.0, 4894950.0], [567710.0, 4894950.0], [567710.0, 4894940.0], [567750.0, 4894940.0], [567750.0, 4894930.0], [567780.0, 4894930.0], [567780.0, 4894920.0], [567790.0, 4894920.0], [567790.0, 4894910.0], [567800.0, 4894910.0], [567800.0, 4894900.0], [567810.0, 4894900.0], [567810.0, 4894890.0], [567830.0, 4894890.0], [567830.0, 4894880.0], [567850.0, 4894880.0], [567850.0, 4894870.0], [567870.0, 4894870.0], [567870.0, 4894860.0], [567880.0, 4894860.0], [567880.0, 4894850.0], [567900.0, 4894850.0], [567900.0, 4894840.0], [567920.0, 4894840.0], [567920.0, 4894830.0], [567950.0, 4894830.0], [567950.0, 4894820.0], [567980.0, 4894820.0], [567980.0, 4894810.0], [568000.0, 4894810.0], [568000.0, 4894800.0], [568030.0, 4894800.0], [568030.0, 4894790.0], [568090.0, 4894790.0], [568090.0, 4894800.0], [568100.0, 4894800.0], [568100.0, 4894810.0], [568110.0, 4894810.0], [568110.0, 4894820.0], [568130.0, 4894820.0], [568130.0, 4894830.0], [568140.0, 4894830.0], [568140.0, 4894840.0], [568160.0, 4894840.0], [568160.0, 4894850.0], [568170.0, 4894850.0], [568170.0, 4894860.0], [568180.0, 4894860.0], [568180.0, 4894870.0], [568190.0, 4894870.0], [568190.0, 4894880.0], [568200.0, 4894880.0], [568200.0, 4894890.0], [568210.0, 4894890.0], [568210.0, 4894900.0], [568230.0, 4894900.0], [568230.0, 4894910.0], [568240.0, 4894910.0], [568240.0, 4894920.0], [568260.0, 4894920.0], [568260.0, 4894930.0], [568290.0, 4894930.0], [568290.0, 4894940.0], [568310.0, 4894940.0], [568310.0, 4894950.0], [568330.0, 4894950.0], [568330.0, 4894960.0], [568420.0, 4894960.0], [568420.0, 4894950.0], [568440.0, 4894950.0], [568440.0, 4894940.0], [568460.0, 4894940.0], [568460.0, 4894930.0], [568480.0, 4894930.0], [568480.0, 4894920.0], [568490.0, 4894920.0], [568490.0, 4894910.0], [568500.0, 4894910.0], [568500.0, 4894900.0], [568510.0, 4894900.0], [568510.0, 4894890.0], [568520.0, 4894890.0], [568520.0, 4894870.0], [568530.0, 4894870.0], [568530.0, 4894860.0], [568540.0, 4894860.0], [568540.0, 4894850.0], [568550.0, 4894850.0], [568550.0, 4894840.0], [568560.0, 4894840.0], [568560.0, 4894830.0], [568570.0, 4894830.0], [568570.0, 4894820.0], [568580.0, 4894820.0], [568580.0, 4894800.0], [568590.0, 4894800.0], [568590.0, 4894780.0], [568600.0, 4894780.0], [568600.0, 4894750.0], [568620.0, 4894750.0], [568620.0, 4894760.0], [568630.0, 4894760.0], [568630.0, 4894770.0], [568640.0, 4894770.0], [568640.0, 4894780.0], [568660.0, 4894780.0], [568660.0, 4894790.0], [568710.0, 4894790.0], [568710.0, 4894800.0], [568730.0, 4894800.0], [568730.0, 4894810.0], [568750.0, 4894810.0], [568750.0, 4894820.0], [568760.0, 4894820.0], [568760.0, 4894830.0], [568770.0, 4894830.0], [568770.0, 4894840.0], [568790.0, 4894840.0], [568790.0, 4894850.0], [568820.0, 4894850.0], [568820.0, 4894860.0], [568850.0, 4894860.0], [568850.0, 4894870.0], [568860.0, 4894870.0], [568860.0, 4894880.0], [568880.0, 4894880.0], [568880.0, 4894890.0], [568890.0, 4894890.0], [568890.0, 4894900.0], [568900.0, 4894900.0], [568900.0, 4894910.0], [568930.0, 4894910.0], [568930.0, 4894920.0], [568940.0, 4894920.0], [568940.0, 4894930.0], [568960.0, 4894930.0], [568960.0, 4894940.0], [568970.0, 4894940.0], [568970.0, 4894950.0], [568980.0, 4894950.0], [568980.0, 4894960.0], [569010.0, 4894960.0], [569010.0, 4894970.0], [569070.0, 4894970.0], [569070.0, 4894980.0], [569220.0, 4894980.0], [569220.0, 4894970.0], [569240.0, 4894970.0], [569240.0, 4894960.0], [569260.0, 4894960.0], [569260.0, 4894950.0], [569280.0, 4894950.0], [569280.0, 4894940.0], [569300.0, 4894940.0], [569300.0, 4894930.0], [569320.0, 4894930.0], [569320.0, 4894920.0], [569340.0, 4894920.0], [569340.0, 4894910.0], [569350.0, 4894910.0], [569350.0, 4894900.0], [569360.0, 4894900.0], [569360.0, 4894890.0], [569370.0, 4894890.0], [569370.0, 4894880.0], [569380.0, 4894880.0], [569380.0, 4894870.0], [569400.0, 4894870.0], [569400.0, 4894860.0], [569420.0, 4894860.0], [569420.0, 4894850.0], [569450.0, 4894850.0], [569450.0, 4894840.0], [569470.0, 4894840.0], [569470.0, 4894850.0], [569500.0, 4894850.0], [569500.0, 4894860.0], [569530.0, 4894860.0], [569530.0, 4894870.0], [569550.0, 4894870.0], [569550.0, 4894880.0], [569560.0, 4894880.0], [569560.0, 4894890.0], [569570.0, 4894890.0], [569570.0, 4894900.0], [569580.0, 4894900.0], [569580.0, 4894910.0], [569600.0, 4894910.0], [569600.0, 4894920.0], [569690.0, 4894920.0], [569690.0, 4894910.0], [569730.0, 4894910.0], [569730.0, 4894900.0], [569780.0, 4894900.0], [569780.0, 4894890.0], [569840.0, 4894890.0], [569840.0, 4894880.0], [569870.0, 4894880.0], [569870.0, 4894870.0], [569930.0, 4894870.0], [569930.0, 4894880.0], [569960.0, 4894880.0], [569960.0, 4894890.0], [569980.0, 4894890.0], [569980.0, 4894900.0], [570030.0, 4894900.0], [570030.0, 4894910.0], [570090.0, 4894910.0], [570090.0, 4894900.0], [570140.0, 4894900.0], [570140.0, 4894890.0], [570180.0, 4894890.0], [570180.0, 4894880.0], [570210.0, 4894880.0], [570210.0, 4894870.0], [570230.0, 4894870.0], [570230.0, 4894860.0], [570250.0, 4894860.0], [570250.0, 4894850.0], [570260.0, 4894850.0], [570260.0, 4894840.0], [570280.0, 4894840.0], [570280.0, 4894830.0], [570290.0, 4894830.0], [570290.0, 4894840.0], [570340.0, 4894840.0], [570340.0, 4894850.0], [570370.0, 4894850.0], [570370.0, 4894860.0], [570460.0, 4894860.0], [570460.0, 4894870.0], [570540.0, 4894870.0], [570540.0, 4894860.0], [570570.0, 4894860.0], [570570.0, 4894850.0], [570590.0, 4894850.0], [570590.0, 4894840.0], [570610.0, 4894840.0], [570610.0, 4894830.0], [570630.0, 4894830.0], [570630.0, 4894820.0], [570690.0, 4894820.0], [570690.0, 4894810.0], [570710.0, 4894810.0], [570710.0, 4894800.0], [570730.0, 4894800.0], [570730.0, 4894790.0], [570760.0, 4894790.0], [570760.0, 4894800.0], [570770.0, 4894800.0], [570770.0, 4894810.0], [570780.0, 4894810.0], [570780.0, 4894820.0], [570790.0, 4894820.0], [570790.0, 4894830.0], [570840.0, 4894830.0], [570840.0, 4894840.0], [570860.0, 4894840.0], [570860.0, 4894850.0], [570880.0, 4894850.0], [570880.0, 4894860.0], [570940.0, 4894860.0], [570940.0, 4894870.0], [570950.0, 4894870.0], [570950.0, 4894880.0], [570960.0, 4894880.0], [570960.0, 4894890.0], [570980.0, 4894890.0], [570980.0, 4894900.0], [570990.0, 4894900.0], [570990.0, 4894910.0], [571010.0, 4894910.0], [571010.0, 4894920.0], [571030.0, 4894920.0], [571030.0, 4894930.0], [571060.0, 4894930.0], [571060.0, 4894940.0], [571100.0, 4894940.0], [571100.0, 4894950.0], [571230.0, 4894950.0], [571230.0, 4894960.0], [571240.0, 4894960.0], [571240.0, 4894970.0], [571250.0, 4894970.0], [571250.0, 4894980.0], [571260.0, 4894980.0], [571260.0, 4895000.0], [571270.0, 4895000.0], [571270.0, 4895010.0], [571280.0, 4895010.0], [571280.0, 4895030.0], [571290.0, 4895030.0], [571290.0, 4895050.0], [571300.0, 4895050.0], [571300.0, 4895060.0], [571310.0, 4895060.0], [571310.0, 4895070.0], [571320.0, 4895070.0], [571320.0, 4895080.0], [571340.0, 4895080.0], [571340.0, 4895090.0], [571350.0, 4895090.0], [571350.0, 4895100.0], [571360.0, 4895100.0], [571360.0, 4895220.0], [571370.0, 4895220.0], [571370.0, 4895250.0], [571380.0, 4895250.0], [571380.0, 4895270.0], [571390.0, 4895270.0], [571390.0, 4895370.0], [571380.0, 4895370.0], [571380.0, 4895410.0], [571390.0, 4895410.0], [571390.0, 4895420.0], [571400.0, 4895420.0], [571400.0, 4895440.0], [571410.0, 4895440.0], [571410.0, 4895450.0], [571420.0, 4895450.0], [571420.0, 4895460.0], [571430.0, 4895460.0], [571430.0, 4895470.0], [571440.0, 4895470.0], [571440.0, 4895480.0], [571450.0, 4895480.0], [571450.0, 4895490.0], [571470.0, 4895490.0], [571470.0, 4895500.0], [571490.0, 4895500.0], [571490.0, 4895510.0], [571500.0, 4895510.0], [571500.0, 4895520.0], [571510.0, 4895520.0], [571510.0, 4895530.0], [571530.0, 4895530.0], [571530.0, 4895540.0], [571540.0, 4895540.0], [571540.0, 4895550.0], [571550.0, 4895550.0], [571550.0, 4895560.0], [571560.0, 4895560.0], [571560.0, 4895570.0], [571570.0, 4895570.0], [571570.0, 4895580.0], [571580.0, 4895580.0], [571580.0, 4895590.0], [571590.0, 4895590.0], [571590.0, 4895600.0], [571600.0, 4895600.0], [571600.0, 4895630.0], [571610.0, 4895630.0], [571610.0, 4895640.0], [571620.0, 4895640.0], [571620.0, 4895650.0], [571630.0, 4895650.0], [571630.0, 4895660.0], [571640.0, 4895660.0], [571640.0, 4895680.0], [571650.0, 4895680.0], [571650.0, 4895690.0], [571660.0, 4895690.0], [571660.0, 4895700.0], [571670.0, 4895700.0], [571670.0, 4895710.0], [571680.0, 4895710.0], [571680.0, 4895720.0], [571690.0, 4895720.0], [571690.0, 4895730.0], [571700.0, 4895730.0], [571700.0, 4895740.0], [571710.0, 4895740.0], [571710.0, 4895750.0], [571720.0, 4895750.0], [571720.0, 4895760.0], [571730.0, 4895760.0], [571730.0, 4895770.0], [571740.0, 4895770.0], [571740.0, 4895780.0], [571750.0, 4895780.0], [571750.0, 4895790.0], [571760.0, 4895790.0], [571760.0, 4895800.0], [571770.0, 4895800.0], [571770.0, 4895830.0], [571760.0, 4895830.0], [571760.0, 4895860.0], [571750.0, 4895860.0], [571750.0, 4895880.0], [571740.0, 4895880.0], [571740.0, 4895900.0], [571730.0, 4895900.0], [571730.0, 4895930.0], [571720.0, 4895930.0], [571720.0, 4895980.0], [571710.0, 4895980.0], [571710.0, 4896030.0], [571700.0, 4896030.0], [571700.0, 4896060.0], [571690.0, 4896060.0], [571690.0, 4896130.0], [571680.0, 4896130.0], [571680.0, 4896260.0], [571670.0, 4896260.0], [571670.0, 4896270.0], [571660.0, 4896270.0], [571660.0, 4896290.0], [571650.0, 4896290.0], [571650.0, 4896300.0], [571640.0, 4896300.0], [571640.0, 4896310.0], [571630.0, 4896310.0], [571630.0, 4896330.0], [571620.0, 4896330.0], [571620.0, 4896410.0], [571610.0, 4896410.0], [571610.0, 4896450.0], [571600.0, 4896450.0], [571600.0, 4896490.0], [571590.0, 4896490.0], [571590.0, 4896520.0], [571580.0, 4896520.0], [571580.0, 4896560.0], [571590.0, 4896560.0], [571590.0, 4896580.0], [571580.0, 4896580.0], [571580.0, 4896630.0], [571570.0, 4896630.0], [571570.0, 4896800.0], [571560.0, 4896800.0], [571560.0, 4896810.0], [571540.0, 4896810.0], [571540.0, 4896820.0], [571530.0, 4896820.0], [571530.0, 4896830.0], [571510.0, 4896830.0], [571510.0, 4896840.0], [571500.0, 4896840.0], [571500.0, 4896860.0], [571490.0, 4896860.0], [571490.0, 4896870.0], [571480.0, 4896870.0], [571480.0, 4896890.0], [571470.0, 4896890.0], [571470.0, 4896910.0], [571460.0, 4896910.0], [571460.0, 4896940.0], [571450.0, 4896940.0], [571450.0, 4896960.0], [571440.0, 4896960.0], [571440.0, 4896980.0], [571430.0, 4896980.0], [571430.0, 4897000.0], [571420.0, 4897000.0], [571420.0, 4897030.0], [571410.0, 4897030.0], [571410.0, 4897170.0], [571420.0, 4897170.0], [571420.0, 4897210.0], [571410.0, 4897210.0], [571410.0, 4897280.0], [571400.0, 4897280.0], [571400.0, 4897290.0], [571390.0, 4897290.0], [571390.0, 4897340.0], [571400.0, 4897340.0], [571400.0, 4897400.0], [571410.0, 4897400.0], [571410.0, 4897450.0], [571420.0, 4897450.0], [571420.0, 4897460.0], [571430.0, 4897460.0], [571430.0, 4897480.0], [571440.0, 4897480.0], [571440.0, 4897490.0], [571450.0, 4897490.0], [571450.0, 4897590.0], [571460.0, 4897590.0], [571460.0, 4897630.0], [571450.0, 4897630.0], [571450.0, 4897640.0], [571430.0, 4897640.0], [571430.0, 4897650.0], [571420.0, 4897650.0], [571420.0, 4897660.0], [571410.0, 4897660.0], [571410.0, 4897670.0], [571400.0, 4897670.0], [571400.0, 4897680.0], [571390.0, 4897680.0], [571390.0, 4897690.0], [571380.0, 4897690.0], [571380.0, 4897710.0], [571370.0, 4897710.0], [571370.0, 4897720.0], [571360.0, 4897720.0], [571360.0, 4897730.0], [571350.0, 4897730.0], [571350.0, 4897740.0], [571340.0, 4897740.0], [571340.0, 4897750.0], [571330.0, 4897750.0], [571330.0, 4897760.0], [571320.0, 4897760.0], [571320.0, 4897860.0], [571330.0, 4897860.0], [571330.0, 4897880.0], [571340.0, 4897880.0], [571340.0, 4897910.0], [571350.0, 4897910.0], [571350.0, 4897940.0], [571360.0, 4897940.0], [571360.0, 4898010.0], [571370.0, 4898010.0], [571370.0, 4898060.0], [571360.0, 4898060.0], [571360.0, 4898130.0], [571350.0, 4898130.0], [571350.0, 4898150.0], [571340.0, 4898150.0], [571340.0, 4898180.0], [571330.0, 4898180.0], [571330.0, 4898280.0], [571340.0, 4898280.0], [571340.0, 4898310.0], [571330.0, 4898310.0], [571330.0, 4898330.0], [571320.0, 4898330.0], [571320.0, 4898360.0], [571310.0, 4898360.0], [571310.0, 4898430.0], [571300.0, 4898430.0], [571300.0, 4898450.0], [571290.0, 4898450.0], [571290.0, 4898460.0], [571280.0, 4898460.0], [571280.0, 4898480.0], [571270.0, 4898480.0], [571270.0, 4898490.0], [571260.0, 4898490.0], [571260.0, 4898510.0], [571250.0, 4898510.0], [571250.0, 4898520.0], [571240.0, 4898520.0], [571240.0, 4898530.0], [571230.0, 4898530.0], [571230.0, 4898540.0], [571220.0, 4898540.0], [571220.0, 4898560.0], [571210.0, 4898560.0], [571210.0, 4898570.0], [571200.0, 4898570.0], [571200.0, 4898580.0], [571190.0, 4898580.0], [571190.0, 4898590.0], [571180.0, 4898590.0], [571180.0, 4898600.0], [571170.0, 4898600.0], [571170.0, 4898620.0], [571160.0, 4898620.0], [571160.0, 4898630.0], [571150.0, 4898630.0], [571150.0, 4898640.0], [571140.0, 4898640.0], [571140.0, 4898660.0], [571130.0, 4898660.0], [571130.0, 4898680.0], [571060.0, 4898680.0], [571060.0, 4898690.0], [571030.0, 4898690.0], [571030.0, 4898700.0], [571020.0, 4898700.0], [571020.0, 4898710.0], [571000.0, 4898710.0], [571000.0, 4898720.0], [570980.0, 4898720.0], [570980.0, 4898730.0], [570970.0, 4898730.0], [570970.0, 4898740.0], [570960.0, 4898740.0], [570960.0, 4898750.0], [570950.0, 4898750.0], [570950.0, 4898760.0], [570930.0, 4898760.0], [570930.0, 4898770.0], [570920.0, 4898770.0], [570920.0, 4898780.0], [570910.0, 4898780.0], [570910.0, 4898790.0], [570900.0, 4898790.0], [570900.0, 4898800.0], [570890.0, 4898800.0], [570890.0, 4898810.0], [570880.0, 4898810.0], [570880.0, 4898820.0], [570860.0, 4898820.0], [570860.0, 4898830.0], [570850.0, 4898830.0], [570850.0, 4898840.0], [570840.0, 4898840.0], [570840.0, 4898850.0], [570830.0, 4898850.0], [570830.0, 4898860.0], [570820.0, 4898860.0], [570820.0, 4898870.0], [570810.0, 4898870.0], [570810.0, 4898880.0], [570800.0, 4898880.0], [570800.0, 4898890.0], [570780.0, 4898890.0], [570780.0, 4898900.0], [570770.0, 4898900.0], [570770.0, 4898910.0], [570750.0, 4898910.0], [570750.0, 4898920.0], [570740.0, 4898920.0], [570740.0, 4898930.0], [570730.0, 4898930.0], [570730.0, 4898940.0], [570720.0, 4898940.0], [570720.0, 4898950.0], [570700.0, 4898950.0], [570700.0, 4898960.0], [570690.0, 4898960.0], [570690.0, 4898970.0], [570680.0, 4898970.0], [570680.0, 4898980.0], [570670.0, 4898980.0], [570670.0, 4898990.0], [570660.0, 4898990.0], [570660.0, 4899000.0], [570650.0, 4899000.0], [570650.0, 4899010.0], [570640.0, 4899010.0], [570640.0, 4899020.0], [570630.0, 4899020.0], [570630.0, 4899030.0], [570620.0, 4899030.0], [570620.0, 4899040.0], [570610.0, 4899040.0], [570610.0, 4899050.0], [570590.0, 4899050.0], [570590.0, 4899060.0], [570580.0, 4899060.0], [570580.0, 4899070.0], [570550.0, 4899070.0], [570550.0, 4899080.0], [570450.0, 4899080.0], [570450.0, 4899090.0], [570130.0, 4899090.0], [570130.0, 4899100.0], [570110.0, 4899100.0], [570110.0, 4899110.0], [570070.0, 4899110.0], [570070.0, 4899120.0], [569930.0, 4899120.0], [569930.0, 4899110.0], [569840.0, 4899110.0], [569840.0, 4899120.0], [569810.0, 4899120.0], [569810.0, 4899130.0], [569800.0, 4899130.0], [569800.0, 4899140.0], [569790.0, 4899140.0], [569790.0, 4899150.0], [569780.0, 4899150.0], [569780.0, 4899160.0], [569770.0, 4899160.0], [569770.0, 4899170.0], [569760.0, 4899170.0], [569760.0, 4899180.0], [569740.0, 4899180.0], [569740.0, 4899190.0], [569730.0, 4899190.0], [569730.0, 4899200.0], [569710.0, 4899200.0], [569710.0, 4899210.0], [569700.0, 4899210.0], [569700.0, 4899220.0], [569690.0, 4899220.0], [569690.0, 4899230.0], [569680.0, 4899230.0], [569680.0, 4899250.0], [569690.0, 4899250.0], [569690.0, 4899290.0], [569700.0, 4899290.0], [569700.0, 4899320.0], [569710.0, 4899320.0], [569710.0, 4899350.0], [569720.0, 4899350.0], [569720.0, 4899370.0], [569730.0, 4899370.0], [569730.0, 4899400.0], [569740.0, 4899400.0], [569740.0, 4899420.0], [569750.0, 4899420.0], [569750.0, 4899440.0], [569760.0, 4899440.0], [569760.0, 4899490.0], [569750.0, 4899490.0], [569750.0, 4899530.0], [569770.0, 4899530.0], [569770.0, 4899570.0], [569780.0, 4899570.0], [569780.0, 4899640.0], [569770.0, 4899640.0], [569770.0, 4899750.0], [569760.0, 4899750.0], [569760.0, 4899770.0], [569750.0, 4899770.0], [569750.0, 4899860.0], [569740.0, 4899860.0], [569740.0, 4899960.0], [569730.0, 4899960.0], [569730.0, 4899970.0], [569690.0, 4899970.0], [569690.0, 4899980.0], [569670.0, 4899980.0], [569670.0, 4900000.0], [569660.0, 4900000.0], [569660.0, 4900010.0], [569650.0, 4900010.0], [569650.0, 4900020.0], [569640.0, 4900020.0], [569640.0, 4900030.0], [569630.0, 4900030.0], [569630.0, 4900040.0], [569620.0, 4900040.0], [569620.0, 4900050.0], [569600.0, 4900050.0], [569600.0, 4900060.0], [569590.0, 4900060.0], [569590.0, 4900070.0], [569570.0, 4900070.0], [569570.0, 4900080.0], [569560.0, 4900080.0], [569560.0, 4900090.0], [569550.0, 4900090.0], [569550.0, 4900100.0], [569540.0, 4900100.0], [569540.0, 4900120.0], [569530.0, 4900120.0], [569530.0, 4900130.0], [569520.0, 4900130.0], [569520.0, 4900140.0], [569510.0, 4900140.0], [569510.0, 4900150.0], [569500.0, 4900150.0], [569500.0, 4900170.0], [569490.0, 4900170.0], [569490.0, 4900180.0], [569480.0, 4900180.0], [569480.0, 4900190.0], [569470.0, 4900190.0], [569470.0, 4900210.0], [569460.0, 4900210.0], [569460.0, 4900230.0], [569450.0, 4900230.0], [569450.0, 4900240.0], [569440.0, 4900240.0], [569440.0, 4900250.0], [569430.0, 4900250.0], [569430.0, 4900260.0], [569420.0, 4900260.0], [569420.0, 4900280.0], [569410.0, 4900280.0], [569410.0, 4900290.0], [569400.0, 4900290.0], [569400.0, 4900300.0], [569380.0, 4900300.0], [569380.0, 4900310.0], [569370.0, 4900310.0], [569370.0, 4900330.0], [569360.0, 4900330.0], [569360.0, 4900340.0], [569350.0, 4900340.0], [569350.0, 4900360.0], [569340.0, 4900360.0], [569340.0, 4900370.0], [569330.0, 4900370.0], [569330.0, 4900380.0], [569320.0, 4900380.0], [569320.0, 4900400.0], [569310.0, 4900400.0], [569310.0, 4900410.0], [569300.0, 4900410.0], [569300.0, 4900420.0], [569290.0, 4900420.0], [569290.0, 4900430.0], [569280.0, 4900430.0], [569280.0, 4900450.0], [569270.0, 4900450.0], [569270.0, 4900460.0], [569260.0, 4900460.0], [569260.0, 4900470.0], [569250.0, 4900470.0], [569250.0, 4900480.0], [569240.0, 4900480.0], [569240.0, 4900490.0], [569230.0, 4900490.0], [569230.0, 4900510.0], [569220.0, 4900510.0], [569220.0, 4900520.0], [569210.0, 4900520.0], [569210.0, 4900530.0], [569200.0, 4900530.0], [569200.0, 4900540.0], [569190.0, 4900540.0], [569190.0, 4900550.0], [569180.0, 4900550.0], [569180.0, 4900570.0], [569170.0, 4900570.0], [569170.0, 4900580.0], [569160.0, 4900580.0], [569160.0, 4900600.0], [569150.0, 4900600.0], [569150.0, 4900610.0], [569140.0, 4900610.0], [569140.0, 4900630.0], [569130.0, 4900630.0], [569130.0, 4900650.0], [569120.0, 4900650.0], [569120.0, 4900660.0], [569110.0, 4900660.0], [569110.0, 4900680.0], [569100.0, 4900680.0], [569100.0, 4900690.0], [569090.0, 4900690.0], [569090.0, 4900700.0], [569080.0, 4900700.0], [569080.0, 4900710.0], [569070.0, 4900710.0], [569070.0, 4900740.0], [569060.0, 4900740.0], [569060.0, 4900750.0], [569050.0, 4900750.0], [569050.0, 4900760.0], [569040.0, 4900760.0], [569040.0, 4900780.0], [569030.0, 4900780.0], [569030.0, 4900790.0], [569020.0, 4900790.0], [569020.0, 4900820.0], [569010.0, 4900820.0], [569010.0, 4900830.0], [569000.0, 4900830.0], [569000.0, 4900840.0], [568990.0, 4900840.0], [568990.0, 4900850.0], [568980.0, 4900850.0], [568980.0, 4900870.0], [568960.0, 4900870.0], [568960.0, 4900880.0], [568950.0, 4900880.0], [568950.0, 4900890.0], [568940.0, 4900890.0], [568940.0, 4900900.0], [568920.0, 4900900.0], [568920.0, 4900910.0], [568900.0, 4900910.0], [568900.0, 4900920.0], [568880.0, 4900920.0], [568880.0, 4900930.0], [568830.0, 4900930.0], [568830.0, 4900940.0], [568790.0, 4900940.0], [568790.0, 4900950.0], [568780.0, 4900950.0]]]}, "properties": {"site_code": "160", "dem_area_ha": 2589.39, "routing_qc_pass": true}}, {"type": "Feature", "geometry": {"type": "Polygon", "coordinates": [[[567140.0, 4899760.0], [567140.0, 4899750.0], [567070.0, 4899750.0], [567070.0, 4899740.0], [567020.0, 4899740.0], [567020.0, 4899750.0], [566920.0, 4899750.0], [566920.0, 4899740.0], [566900.0, 4899740.0], [566900.0, 4899730.0], [566880.0, 4899730.0], [566880.0, 4899720.0], [566870.0, 4899720.0], [566870.0, 4899710.0], [566860.0, 4899710.0], [566860.0, 4899700.0], [566850.0, 4899700.0], [566850.0, 4899690.0], [566840.0, 4899690.0], [566840.0, 4899680.0], [566830.0, 4899680.0], [566830.0, 4899670.0], [566810.0, 4899670.0], [566810.0, 4899660.0], [566800.0, 4899660.0], [566800.0, 4899650.0], [566780.0, 4899650.0], [566780.0, 4899640.0], [566770.0, 4899640.0], [566770.0, 4899630.0], [566750.0, 4899630.0], [566750.0, 4899620.0], [566730.0, 4899620.0], [566730.0, 4899610.0], [566710.0, 4899610.0], [566710.0, 4899600.0], [566690.0, 4899600.0], [566690.0, 4899590.0], [566660.0, 4899590.0], [566660.0, 4899580.0], [566650.0, 4899580.0], [566650.0, 4899590.0], [566590.0, 4899590.0], [566590.0, 4899600.0], [566580.0, 4899600.0], [566580.0, 4899610.0], [566570.0, 4899610.0], [566570.0, 4899600.0], [566560.0, 4899600.0], [566560.0, 4899590.0], [566550.0, 4899590.0], [566550.0, 4899580.0], [566540.0, 4899580.0], [566540.0, 4899570.0], [566530.0, 4899570.0], [566530.0, 4899560.0], [566520.0, 4899560.0], [566520.0, 4899550.0], [566510.0, 4899550.0], [566510.0, 4899530.0], [566500.0, 4899530.0], [566500.0, 4899510.0], [566490.0, 4899510.0], [566490.0, 4899500.0], [566480.0, 4899500.0], [566480.0, 4899490.0], [566470.0, 4899490.0], [566470.0, 4899470.0], [566460.0, 4899470.0], [566460.0, 4899450.0], [566450.0, 4899450.0], [566450.0, 4899430.0], [566440.0, 4899430.0], [566440.0, 4899410.0], [566430.0, 4899410.0], [566430.0, 4899390.0], [566410.0, 4899390.0], [566410.0, 4899380.0], [566400.0, 4899380.0], [566400.0, 4899370.0], [566380.0, 4899370.0], [566380.0, 4899360.0], [566370.0, 4899360.0], [566370.0, 4899350.0], [566360.0, 4899350.0], [566360.0, 4899340.0], [566340.0, 4899340.0], [566340.0, 4899330.0], [566330.0, 4899330.0], [566330.0, 4899320.0], [566290.0, 4899320.0], [566290.0, 4899310.0], [566240.0, 4899310.0], [566240.0, 4899300.0], [566210.0, 4899300.0], [566210.0, 4899290.0], [566200.0, 4899290.0], [566200.0, 4899280.0], [566060.0, 4899280.0], [566060.0, 4899290.0], [566050.0, 4899290.0], [566050.0, 4899300.0], [566040.0, 4899300.0], [566040.0, 4899310.0], [566020.0, 4899310.0], [566020.0, 4899290.0], [566010.0, 4899290.0], [566010.0, 4899270.0], [566000.0, 4899270.0], [566000.0, 4899260.0], [565990.0, 4899260.0], [565990.0, 4899240.0], [565980.0, 4899240.0], [565980.0, 4899230.0], [565970.0, 4899230.0], [565970.0, 4899220.0], [565940.0, 4899220.0], [565940.0, 4899210.0], [565930.0, 4899210.0], [565930.0, 4899200.0], [565920.0, 4899200.0], [565920.0, 4899190.0], [565930.0, 4899190.0], [565930.0, 4899170.0], [565940.0, 4899170.0], [565940.0, 4899080.0], [565950.0, 4899080.0], [565950.0, 4899060.0], [565960.0, 4899060.0], [565960.0, 4899050.0], [565970.0, 4899050.0], [565970.0, 4899040.0], [565980.0, 4899040.0], [565980.0, 4899030.0], [565990.0, 4899030.0], [565990.0, 4899020.0], [566000.0, 4899020.0], [566000.0, 4899010.0], [566010.0, 4899010.0], [566010.0, 4899000.0], [566020.0, 4899000.0], [566020.0, 4898990.0], [566030.0, 4898990.0], [566030.0, 4898980.0], [566040.0, 4898980.0], [566040.0, 4898970.0], [566050.0, 4898970.0], [566050.0, 4898950.0], [566060.0, 4898950.0], [566060.0, 4898920.0], [566070.0, 4898920.0], [566070.0, 4898910.0], [566080.0, 4898910.0], [566080.0, 4898900.0], [566090.0, 4898900.0], [566090.0, 4898890.0], [566100.0, 4898890.0], [566100.0, 4898870.0], [566110.0, 4898870.0], [566110.0, 4898850.0], [566120.0, 4898850.0], [566120.0, 4898830.0], [566130.0, 4898830.0], [566130.0, 4898610.0], [566120.0, 4898610.0], [566120.0, 4898600.0], [566110.0, 4898600.0], [566110.0, 4898590.0], [566100.0, 4898590.0], [566100.0, 4898560.0], [566090.0, 4898560.0], [566090.0, 4898550.0], [566080.0, 4898550.0], [566080.0, 4898530.0], [566070.0, 4898530.0], [566070.0, 4898510.0], [566060.0, 4898510.0], [566060.0, 4898490.0], [566050.0, 4898490.0], [566050.0, 4898470.0], [566040.0, 4898470.0], [566040.0, 4898450.0], [566030.0, 4898450.0], [566030.0, 4898430.0], [566020.0, 4898430.0], [566020.0, 4898420.0], [566010.0, 4898420.0], [566010.0, 4898390.0], [566000.0, 4898390.0], [566000.0, 4898330.0], [565990.0, 4898330.0], [565990.0, 4898320.0], [565980.0, 4898320.0], [565980.0, 4898260.0], [565970.0, 4898260.0], [565970.0, 4898240.0], [565960.0, 4898240.0], [565960.0, 4898220.0], [565950.0, 4898220.0], [565950.0, 4898190.0], [565940.0, 4898190.0], [565940.0, 4898170.0], [565950.0, 4898170.0], [565950.0, 4898140.0], [565960.0, 4898140.0], [565960.0, 4898130.0], [565970.0, 4898130.0], [565970.0, 4898100.0], [565960.0, 4898100.0], [565960.0, 4898090.0], [565950.0, 4898090.0], [565950.0, 4897900.0], [565960.0, 4897900.0], [565960.0, 4897880.0], [565950.0, 4897880.0], [565950.0, 4897870.0], [565980.0, 4897870.0], [565980.0, 4897860.0], [565990.0, 4897860.0], [565990.0, 4897850.0], [566000.0, 4897850.0], [566000.0, 4897840.0], [566020.0, 4897840.0], [566020.0, 4897850.0], [566130.0, 4897850.0], [566130.0, 4897840.0], [566140.0, 4897840.0], [566140.0, 4897830.0], [566170.0, 4897830.0], [566170.0, 4897820.0], [566180.0, 4897820.0], [566180.0, 4897810.0], [566190.0, 4897810.0], [566190.0, 4897800.0], [566200.0, 4897800.0], [566200.0, 4897790.0], [566210.0, 4897790.0], [566210.0, 4897760.0], [566220.0, 4897760.0], [566220.0, 4897750.0], [566230.0, 4897750.0], [566230.0, 4897740.0], [566250.0, 4897740.0], [566250.0, 4897730.0], [566290.0, 4897730.0], [566290.0, 4897740.0], [566300.0, 4897740.0], [566300.0, 4897730.0], [566320.0, 4897730.0], [566320.0, 4897740.0], [566380.0, 4897740.0], [566380.0, 4897750.0], [566390.0, 4897750.0], [566390.0, 4897760.0], [566410.0, 4897760.0], [566410.0, 4897770.0], [566420.0, 4897770.0], [566420.0, 4897870.0], [566440.0, 4897870.0], [566440.0, 4897880.0], [566480.0, 4897880.0], [566480.0, 4897890.0], [566500.0, 4897890.0], [566500.0, 4897900.0], [566530.0, 4897900.0], [566530.0, 4897890.0], [566540.0, 4897890.0], [566540.0, 4897900.0], [566560.0, 4897900.0], [566560.0, 4897890.0], [566570.0, 4897890.0], [566570.0, 4897880.0], [566650.0, 4897880.0], [566650.0, 4897890.0], [566660.0, 4897890.0], [566660.0, 4897900.0], [566670.0, 4897900.0], [566670.0, 4897910.0], [566680.0, 4897910.0], [566680.0, 4897920.0], [566690.0, 4897920.0], [566690.0, 4897930.0], [566760.0, 4897930.0], [566760.0, 4897920.0], [566770.0, 4897920.0], [566770.0, 4897910.0], [566810.0, 4897910.0], [566810.0, 4897930.0], [566830.0, 4897930.0], [566830.0, 4897940.0], [566840.0, 4897940.0], [566840.0, 4897950.0], [566850.0, 4897950.0], [566850.0, 4897960.0], [566870.0, 4897960.0], [566870.0, 4897980.0], [566880.0, 4897980.0], [566880.0, 4897990.0], [566890.0, 4897990.0], [566890.0, 4898000.0], [566900.0, 4898000.0], [566900.0, 4898010.0], [566910.0, 4898010.0], [566910.0, 4898020.0], [566920.0, 4898020.0], [566920.0, 4898030.0], [566930.0, 4898030.0], [566930.0, 4898040.0], [566940.0, 4898040.0], [566940.0, 4898050.0], [566960.0, 4898050.0], [566960.0, 4898060.0], [566970.0, 4898060.0], [566970.0, 4898090.0], [566980.0, 4898090.0], [566980.0, 4898100.0], [566990.0, 4898100.0], [566990.0, 4898110.0], [567000.0, 4898110.0], [567000.0, 4898120.0], [567010.0, 4898120.0], [567010.0, 4898130.0], [567020.0, 4898130.0], [567020.0, 4898180.0], [567030.0, 4898180.0], [567030.0, 4898190.0], [567040.0, 4898190.0], [567040.0, 4898200.0], [567050.0, 4898200.0], [567050.0, 4898240.0], [567040.0, 4898240.0], [567040.0, 4898250.0], [567030.0, 4898250.0], [567030.0, 4898320.0], [567020.0, 4898320.0], [567020.0, 4898330.0], [567010.0, 4898330.0], [567010.0, 4898380.0], [567020.0, 4898380.0], [567020.0, 4898390.0], [567030.0, 4898390.0], [567030.0, 4898400.0], [567040.0, 4898400.0], [567040.0, 4898410.0], [567060.0, 4898410.0], [567060.0, 4898420.0], [567080.0, 4898420.0], [567080.0, 4898430.0], [567100.0, 4898430.0], [567100.0, 4898440.0], [567120.0, 4898440.0], [567120.0, 4898460.0], [567130.0, 4898460.0], [567130.0, 4898480.0], [567140.0, 4898480.0], [567140.0, 4898520.0], [567150.0, 4898520.0], [567150.0, 4898540.0], [567160.0, 4898540.0], [567160.0, 4898550.0], [567170.0, 4898550.0], [567170.0, 4898580.0], [567180.0, 4898580.0], [567180.0, 4898620.0], [567190.0, 4898620.0], [567190.0, 4898650.0], [567200.0, 4898650.0], [567200.0, 4898660.0], [567210.0, 4898660.0], [567210.0, 4898680.0], [567220.0, 4898680.0], [567220.0, 4898710.0], [567230.0, 4898710.0], [567230.0, 4898730.0], [567240.0, 4898730.0], [567240.0, 4898760.0], [567250.0, 4898760.0], [567250.0, 4898780.0], [567260.0, 4898780.0], [567260.0, 4898850.0], [567270.0, 4898850.0], [567270.0, 4898910.0], [567260.0, 4898910.0], [567260.0, 4899030.0], [567270.0, 4899030.0], [567270.0, 4899040.0], [567260.0, 4899040.0], [567260.0, 4899050.0], [567250.0, 4899050.0], [567250.0, 4899070.0], [567240.0, 4899070.0], [567240.0, 4899130.0], [567250.0, 4899130.0], [567250.0, 4899200.0], [567240.0, 4899200.0], [567240.0, 4899430.0], [567250.0, 4899430.0], [567250.0, 4899440.0], [567260.0, 4899440.0], [567260.0, 4899460.0], [567270.0, 4899460.0], [567270.0, 4899490.0], [567280.0, 4899490.0], [567280.0, 4899510.0], [567290.0, 4899510.0], [567290.0, 4899520.0], [567280.0, 4899520.0], [567280.0, 4899530.0], [567270.0, 4899530.0], [567270.0, 4899540.0], [567260.0, 4899540.0], [567260.0, 4899560.0], [567250.0, 4899560.0], [567250.0, 4899570.0], [567240.0, 4899570.0], [567240.0, 4899580.0], [567230.0, 4899580.0], [567230.0, 4899590.0], [567220.0, 4899590.0], [567220.0, 4899600.0], [567210.0, 4899600.0], [567210.0, 4899610.0], [567200.0, 4899610.0], [567200.0, 4899620.0], [567190.0, 4899620.0], [567190.0, 4899630.0], [567180.0, 4899630.0], [567180.0, 4899640.0], [567170.0, 4899640.0], [567170.0, 4899650.0], [567160.0, 4899650.0], [567160.0, 4899660.0], [567150.0, 4899660.0], [567150.0, 4899760.0], [567140.0, 4899760.0]]]}, "properties": {"site_code": "45", "dem_area_ha": 189.68, "routing_qc_pass": true}}, {"type": "Feature", "geometry": {"type": "Polygon", "coordinates": [[[560610.0, 4896570.0], [560610.0, 4896560.0], [560600.0, 4896560.0], [560600.0, 4896550.0], [560590.0, 4896550.0], [560590.0, 4896540.0], [560580.0, 4896540.0], [560580.0, 4896530.0], [560560.0, 4896530.0], [560560.0, 4896520.0], [560550.0, 4896520.0], [560550.0, 4896510.0], [560530.0, 4896510.0], [560530.0, 4896490.0], [560520.0, 4896490.0], [560520.0, 4896460.0], [560530.0, 4896460.0], [560530.0, 4896450.0], [560540.0, 4896450.0], [560540.0, 4896440.0], [560550.0, 4896440.0], [560550.0, 4896430.0], [560560.0, 4896430.0], [560560.0, 4896410.0], [560570.0, 4896410.0], [560570.0, 4896320.0], [560580.0, 4896320.0], [560580.0, 4896310.0], [560600.0, 4896310.0], [560600.0, 4896300.0], [560610.0, 4896300.0], [560610.0, 4896290.0], [560620.0, 4896290.0], [560620.0, 4896280.0], [560630.0, 4896280.0], [560630.0, 4896260.0], [560640.0, 4896260.0], [560640.0, 4896240.0], [560650.0, 4896240.0], [560650.0, 4896230.0], [560660.0, 4896230.0], [560660.0, 4896220.0], [560670.0, 4896220.0], [560670.0, 4896210.0], [560680.0, 4896210.0], [560680.0, 4896190.0], [560690.0, 4896190.0], [560690.0, 4896170.0], [560700.0, 4896170.0], [560700.0, 4896160.0], [560710.0, 4896160.0], [560710.0, 4896150.0], [560720.0, 4896150.0], [560720.0, 4896140.0], [560730.0, 4896140.0], [560730.0, 4896130.0], [560740.0, 4896130.0], [560740.0, 4896100.0], [560750.0, 4896100.0], [560750.0, 4896080.0], [560760.0, 4896080.0], [560760.0, 4896050.0], [560770.0, 4896050.0], [560770.0, 4896030.0], [560780.0, 4896030.0], [560780.0, 4896020.0], [560790.0, 4896020.0], [560790.0, 4896010.0], [560800.0, 4896010.0], [560800.0, 4896000.0], [560810.0, 4896000.0], [560810.0, 4895940.0], [560820.0, 4895940.0], [560820.0, 4895900.0], [560830.0, 4895900.0], [560830.0, 4895800.0], [560840.0, 4895800.0], [560840.0, 4895760.0], [560850.0, 4895760.0], [560850.0, 4895750.0], [560880.0, 4895750.0], [560880.0, 4895740.0], [560930.0, 4895740.0], [560930.0, 4895730.0], [560940.0, 4895730.0], [560940.0, 4895720.0], [560950.0, 4895720.0], [560950.0, 4895710.0], [560960.0, 4895710.0], [560960.0, 4895700.0], [560970.0, 4895700.0], [560970.0, 4895680.0], [560980.0, 4895680.0], [560980.0, 4895670.0], [560990.0, 4895670.0], [560990.0, 4895660.0], [561000.0, 4895660.0], [561000.0, 4895650.0], [561010.0, 4895650.0], [561010.0, 4895630.0], [561020.0, 4895630.0], [561020.0, 4895610.0], [561030.0, 4895610.0], [561030.0, 4895590.0], [561040.0, 4895590.0], [561040.0, 4895580.0], [561050.0, 4895580.0], [561050.0, 4895570.0], [561070.0, 4895570.0], [561070.0, 4895560.0], [561080.0, 4895560.0], [561080.0, 4895550.0], [561090.0, 4895550.0], [561090.0, 4895540.0], [561100.0, 4895540.0], [561100.0, 4895460.0], [561110.0, 4895460.0], [561110.0, 4895440.0], [561120.0, 4895440.0], [561120.0, 4895430.0], [561130.0, 4895430.0], [561130.0, 4895420.0], [561140.0, 4895420.0], [561140.0, 4895410.0], [561280.0, 4895410.0], [561280.0, 4895400.0], [561300.0, 4895400.0], [561300.0, 4895390.0], [561310.0, 4895390.0], [561310.0, 4895380.0], [561320.0, 4895380.0], [561320.0, 4895360.0], [561330.0, 4895360.0], [561330.0, 4895320.0], [561340.0, 4895320.0], [561340.0, 4895310.0], [561350.0, 4895310.0], [561350.0, 4895290.0], [561360.0, 4895290.0], [561360.0, 4895270.0], [561370.0, 4895270.0], [561370.0, 4895260.0], [561380.0, 4895260.0], [561380.0, 4895230.0], [561400.0, 4895230.0], [561400.0, 4895240.0], [561440.0, 4895240.0], [561440.0, 4895250.0], [561460.0, 4895250.0], [561460.0, 4895260.0], [561480.0, 4895260.0], [561480.0, 4895270.0], [561500.0, 4895270.0], [561500.0, 4895280.0], [561520.0, 4895280.0], [561520.0, 4895290.0], [561530.0, 4895290.0], [561530.0, 4895300.0], [561540.0, 4895300.0], [561540.0, 4895310.0], [561560.0, 4895310.0], [561560.0, 4895320.0], [561570.0, 4895320.0], [561570.0, 4895330.0], [561590.0, 4895330.0], [561590.0, 4895340.0], [561610.0, 4895340.0], [561610.0, 4895360.0], [561650.0, 4895360.0], [561650.0, 4895370.0], [561670.0, 4895370.0], [561670.0, 4895390.0], [561690.0, 4895390.0], [561690.0, 4895400.0], [561700.0, 4895400.0], [561700.0, 4895410.0], [561720.0, 4895410.0], [561720.0, 4895420.0], [561730.0, 4895420.0], [561730.0, 4895430.0], [561750.0, 4895430.0], [561750.0, 4895440.0], [561800.0, 4895440.0], [561800.0, 4895450.0], [561810.0, 4895450.0], [561810.0, 4895460.0], [561830.0, 4895460.0], [561830.0, 4895470.0], [561850.0, 4895470.0], [561850.0, 4895480.0], [561860.0, 4895480.0], [561860.0, 4895500.0], [561870.0, 4895500.0], [561870.0, 4895520.0], [561880.0, 4895520.0], [561880.0, 4895540.0], [561890.0, 4895540.0], [561890.0, 4895580.0], [561880.0, 4895580.0], [561880.0, 4895600.0], [561870.0, 4895600.0], [561870.0, 4895920.0], [561860.0, 4895920.0], [561860.0, 4895930.0], [561850.0, 4895930.0], [561850.0, 4895990.0], [561840.0, 4895990.0], [561840.0, 4896000.0], [561830.0, 4896000.0], [561830.0, 4896010.0], [561820.0, 4896010.0], [561820.0, 4896020.0], [561810.0, 4896020.0], [561810.0, 4896030.0], [561780.0, 4896030.0], [561780.0, 4896040.0], [561760.0, 4896040.0], [561760.0, 4896050.0], [561750.0, 4896050.0], [561750.0, 4896060.0], [561740.0, 4896060.0], [561740.0, 4896070.0], [561730.0, 4896070.0], [561730.0, 4896080.0], [561720.0, 4896080.0], [561720.0, 4896090.0], [561710.0, 4896090.0], [561710.0, 4896100.0], [561700.0, 4896100.0], [561700.0, 4896110.0], [561680.0, 4896110.0], [561680.0, 4896120.0], [561670.0, 4896120.0], [561670.0, 4896130.0], [561650.0, 4896130.0], [561650.0, 4896140.0], [561620.0, 4896140.0], [561620.0, 4896150.0], [561600.0, 4896150.0], [561600.0, 4896180.0], [561590.0, 4896180.0], [561590.0, 4896200.0], [561580.0, 4896200.0], [561580.0, 4896240.0], [561590.0, 4896240.0], [561590.0, 4896290.0], [561580.0, 4896290.0], [561580.0, 4896300.0], [561560.0, 4896300.0], [561560.0, 4896310.0], [561550.0, 4896310.0], [561550.0, 4896320.0], [561540.0, 4896320.0], [561540.0, 4896330.0], [561530.0, 4896330.0], [561530.0, 4896340.0], [561520.0, 4896340.0], [561520.0, 4896360.0], [561510.0, 4896360.0], [561510.0, 4896370.0], [561500.0, 4896370.0], [561500.0, 4896390.0], [561490.0, 4896390.0], [561490.0, 4896400.0], [561470.0, 4896400.0], [561470.0, 4896410.0], [561440.0, 4896410.0], [561440.0, 4896400.0], [561420.0, 4896400.0], [561420.0, 4896390.0], [561400.0, 4896390.0], [561400.0, 4896380.0], [561390.0, 4896380.0], [561390.0, 4896370.0], [561380.0, 4896370.0], [561380.0, 4896360.0], [561370.0, 4896360.0], [561370.0, 4896350.0], [561340.0, 4896350.0], [561340.0, 4896340.0], [561320.0, 4896340.0], [561320.0, 4896330.0], [561310.0, 4896330.0], [561310.0, 4896320.0], [561290.0, 4896320.0], [561290.0, 4896310.0], [561260.0, 4896310.0], [561260.0, 4896300.0], [561230.0, 4896300.0], [561230.0, 4896290.0], [561210.0, 4896290.0], [561210.0, 4896280.0], [561130.0, 4896280.0], [561130.0, 4896290.0], [561110.0, 4896290.0], [561110.0, 4896300.0], [561070.0, 4896300.0], [561070.0, 4896310.0], [561060.0, 4896310.0], [561060.0, 4896320.0], [561050.0, 4896320.0], [561050.0, 4896330.0], [561040.0, 4896330.0], [561040.0, 4896340.0], [561030.0, 4896340.0], [561030.0, 4896350.0], [561020.0, 4896350.0], [561020.0, 4896360.0], [560990.0, 4896360.0], [560990.0, 4896370.0], [560970.0, 4896370.0], [560970.0, 4896380.0], [560960.0, 4896380.0], [560960.0, 4896390.0], [560940.0, 4896390.0], [560940.0, 4896400.0], [560910.0, 4896400.0], [560910.0, 4896410.0], [560900.0, 4896410.0], [560900.0, 4896400.0], [560880.0, 4896400.0], [560880.0, 4896410.0], [560830.0, 4896410.0], [560830.0, 4896420.0], [560810.0, 4896420.0], [560810.0, 4896430.0], [560790.0, 4896430.0], [560790.0, 4896440.0], [560780.0, 4896440.0], [560780.0, 4896450.0], [560770.0, 4896450.0], [560770.0, 4896460.0], [560760.0, 4896460.0], [560760.0, 4896480.0], [560750.0, 4896480.0], [560750.0, 4896490.0], [560740.0, 4896490.0], [560740.0, 4896510.0], [560730.0, 4896510.0], [560730.0, 4896530.0], [560720.0, 4896530.0], [560720.0, 4896540.0], [560650.0, 4896540.0], [560650.0, 4896550.0], [560640.0, 4896550.0], [560640.0, 4896560.0], [560620.0, 4896560.0], [560620.0, 4896570.0], [560610.0, 4896570.0]]]}, "properties": {"site_code": "WS3-2", "dem_area_ha": 95.45, "routing_qc_pass": true}}, {"type": "Feature", "geometry": {"type": "Polygon", "coordinates": [[[559770.0, 4895260.0], [559770.0, 4895250.0], [559750.0, 4895250.0], [559750.0, 4895240.0], [559730.0, 4895240.0], [559730.0, 4895230.0], [559710.0, 4895230.0], [559710.0, 4895220.0], [559700.0, 4895220.0], [559700.0, 4895210.0], [559670.0, 4895210.0], [559670.0, 4895200.0], [559630.0, 4895200.0], [559630.0, 4895210.0], [559590.0, 4895210.0], [559590.0, 4895220.0], [559560.0, 4895220.0], [559560.0, 4895210.0], [559530.0, 4895210.0], [559530.0, 4895200.0], [559500.0, 4895200.0], [559500.0, 4895190.0], [559490.0, 4895190.0], [559490.0, 4895180.0], [559480.0, 4895180.0], [559480.0, 4895170.0], [559470.0, 4895170.0], [559470.0, 4895160.0], [559460.0, 4895160.0], [559460.0, 4895150.0], [559450.0, 4895150.0], [559450.0, 4895140.0], [559440.0, 4895140.0], [559440.0, 4895130.0], [559430.0, 4895130.0], [559430.0, 4895120.0], [559420.0, 4895120.0], [559420.0, 4895110.0], [559410.0, 4895110.0], [559410.0, 4895100.0], [559400.0, 4895100.0], [559400.0, 4895090.0], [559380.0, 4895090.0], [559380.0, 4895080.0], [559390.0, 4895080.0], [559390.0, 4894890.0], [559400.0, 4894890.0], [559400.0, 4894880.0], [559410.0, 4894880.0], [559410.0, 4894870.0], [559420.0, 4894870.0], [559420.0, 4894860.0], [559430.0, 4894860.0], [559430.0, 4894850.0], [559440.0, 4894850.0], [559440.0, 4894840.0], [559450.0, 4894840.0], [559450.0, 4894830.0], [559460.0, 4894830.0], [559460.0, 4894820.0], [559470.0, 4894820.0], [559470.0, 4894810.0], [559480.0, 4894810.0], [559480.0, 4894800.0], [559490.0, 4894800.0], [559490.0, 4894790.0], [559500.0, 4894790.0], [559500.0, 4894780.0], [559530.0, 4894780.0], [559530.0, 4894770.0], [559560.0, 4894770.0], [559560.0, 4894760.0], [559570.0, 4894760.0], [559570.0, 4894750.0], [559600.0, 4894750.0], [559600.0, 4894740.0], [559620.0, 4894740.0], [559620.0, 4894730.0], [559630.0, 4894730.0], [559630.0, 4894720.0], [559640.0, 4894720.0], [559640.0, 4894710.0], [559650.0, 4894710.0], [559650.0, 4894700.0], [559660.0, 4894700.0], [559660.0, 4894690.0], [559670.0, 4894690.0], [559670.0, 4894680.0], [559680.0, 4894680.0], [559680.0, 4894670.0], [559710.0, 4894670.0], [559710.0, 4894660.0], [559770.0, 4894660.0], [559770.0, 4894650.0], [559780.0, 4894650.0], [559780.0, 4894630.0], [559790.0, 4894630.0], [559790.0, 4894600.0], [559800.0, 4894600.0], [559800.0, 4894580.0], [559810.0, 4894580.0], [559810.0, 4894560.0], [559820.0, 4894560.0], [559820.0, 4894550.0], [559830.0, 4894550.0], [559830.0, 4894540.0], [559840.0, 4894540.0], [559840.0, 4894530.0], [559850.0, 4894530.0], [559850.0, 4894520.0], [559860.0, 4894520.0], [559860.0, 4894510.0], [559880.0, 4894510.0], [559880.0, 4894500.0], [559890.0, 4894500.0], [559890.0, 4894490.0], [559900.0, 4894490.0], [559900.0, 4894480.0], [559910.0, 4894480.0], [559910.0, 4894470.0], [559920.0, 4894470.0], [559920.0, 4894460.0], [559930.0, 4894460.0], [559930.0, 4894450.0], [559950.0, 4894450.0], [559950.0, 4894440.0], [559970.0, 4894440.0], [559970.0, 4894430.0], [559980.0, 4894430.0], [559980.0, 4894420.0], [559990.0, 4894420.0], [559990.0, 4894410.0], [560010.0, 4894410.0], [560010.0, 4894400.0], [560020.0, 4894400.0], [560020.0, 4894390.0], [560040.0, 4894390.0], [560040.0, 4894380.0], [560110.0, 4894380.0], [560110.0, 4894370.0], [560130.0, 4894370.0], [560130.0, 4894360.0], [560140.0, 4894360.0], [560140.0, 4894350.0], [560150.0, 4894350.0], [560150.0, 4894340.0], [560160.0, 4894340.0], [560160.0, 4894320.0], [560170.0, 4894320.0], [560170.0, 4894310.0], [560180.0, 4894310.0], [560180.0, 4894300.0], [560220.0, 4894300.0], [560220.0, 4894290.0], [560250.0, 4894290.0], [560250.0, 4894280.0], [560270.0, 4894280.0], [560270.0, 4894270.0], [560320.0, 4894270.0], [560320.0, 4894260.0], [560440.0, 4894260.0], [560440.0, 4894270.0], [560450.0, 4894270.0], [560450.0, 4894280.0], [560470.0, 4894280.0], [560470.0, 4894300.0], [560480.0, 4894300.0], [560480.0, 4894310.0], [560490.0, 4894310.0], [560490.0, 4894320.0], [560500.0, 4894320.0], [560500.0, 4894330.0], [560510.0, 4894330.0], [560510.0, 4894340.0], [560520.0, 4894340.0], [560520.0, 4894360.0], [560530.0, 4894360.0], [560530.0, 4894380.0], [560540.0, 4894380.0], [560540.0, 4894390.0], [560550.0, 4894390.0], [560550.0, 4894410.0], [560560.0, 4894410.0], [560560.0, 4894420.0], [560570.0, 4894420.0], [560570.0, 4894440.0], [560580.0, 4894440.0], [560580.0, 4894450.0], [560590.0, 4894450.0], [560590.0, 4894460.0], [560600.0, 4894460.0], [560600.0, 4894470.0], [560610.0, 4894470.0], [560610.0, 4894480.0], [560620.0, 4894480.0], [560620.0, 4894490.0], [560630.0, 4894490.0], [560630.0, 4894500.0], [560640.0, 4894500.0], [560640.0, 4894510.0], [560650.0, 4894510.0], [560650.0, 4894520.0], [560660.0, 4894520.0], [560660.0, 4894530.0], [560670.0, 4894530.0], [560670.0, 4894540.0], [560680.0, 4894540.0], [560680.0, 4894600.0], [560690.0, 4894600.0], [560690.0, 4894620.0], [560700.0, 4894620.0], [560700.0, 4894740.0], [560710.0, 4894740.0], [560710.0, 4894750.0], [560720.0, 4894750.0], [560720.0, 4894760.0], [560730.0, 4894760.0], [560730.0, 4894770.0], [560740.0, 4894770.0], [560740.0, 4894780.0], [560750.0, 4894780.0], [560750.0, 4894790.0], [560760.0, 4894790.0], [560760.0, 4894800.0], [560770.0, 4894800.0], [560770.0, 4894820.0], [560780.0, 4894820.0], [560780.0, 4894830.0], [560790.0, 4894830.0], [560790.0, 4894840.0], [560800.0, 4894840.0], [560800.0, 4894860.0], [560810.0, 4894860.0], [560810.0, 4894880.0], [560820.0, 4894880.0], [560820.0, 4894910.0], [560830.0, 4894910.0], [560830.0, 4894930.0], [560840.0, 4894930.0], [560840.0, 4894940.0], [560850.0, 4894940.0], [560850.0, 4894950.0], [560860.0, 4894950.0], [560860.0, 4894960.0], [560870.0, 4894960.0], [560870.0, 4894970.0], [560880.0, 4894970.0], [560880.0, 4894980.0], [560890.0, 4894980.0], [560890.0, 4894990.0], [560900.0, 4894990.0], [560900.0, 4895000.0], [560910.0, 4895000.0], [560910.0, 4895010.0], [560920.0, 4895010.0], [560920.0, 4895020.0], [560930.0, 4895020.0], [560930.0, 4895030.0], [560970.0, 4895030.0], [560970.0, 4895040.0], [560960.0, 4895040.0], [560960.0, 4895050.0], [560950.0, 4895050.0], [560950.0, 4895060.0], [560930.0, 4895060.0], [560930.0, 4895070.0], [560910.0, 4895070.0], [560910.0, 4895080.0], [560900.0, 4895080.0], [560900.0, 4895090.0], [560840.0, 4895090.0], [560840.0, 4895080.0], [560830.0, 4895080.0], [560830.0, 4895070.0], [560820.0, 4895070.0], [560820.0, 4895060.0], [560810.0, 4895060.0], [560810.0, 4895050.0], [560800.0, 4895050.0], [560800.0, 4895040.0], [560710.0, 4895040.0], [560710.0, 4895030.0], [560650.0, 4895030.0], [560650.0, 4895040.0], [560630.0, 4895040.0], [560630.0, 4895050.0], [560610.0, 4895050.0], [560610.0, 4895060.0], [560590.0, 4895060.0], [560590.0, 4895070.0], [560580.0, 4895070.0], [560580.0, 4895080.0], [560570.0, 4895080.0], [560570.0, 4895090.0], [560480.0, 4895090.0], [560480.0, 4895100.0], [560420.0, 4895100.0], [560420.0, 4895110.0], [560350.0, 4895110.0], [560350.0, 4895120.0], [560300.0, 4895120.0], [560300.0, 4895130.0], [560260.0, 4895130.0], [560260.0, 4895140.0], [560250.0, 4895140.0], [560250.0, 4895150.0], [560240.0, 4895150.0], [560240.0, 4895170.0], [560230.0, 4895170.0], [560230.0, 4895190.0], [560220.0, 4895190.0], [560220.0, 4895220.0], [560150.0, 4895220.0], [560150.0, 4895210.0], [560120.0, 4895210.0], [560120.0, 4895200.0], [560090.0, 4895200.0], [560090.0, 4895210.0], [560070.0, 4895210.0], [560070.0, 4895220.0], [560000.0, 4895220.0], [560000.0, 4895230.0], [559940.0, 4895230.0], [559940.0, 4895240.0], [559870.0, 4895240.0], [559870.0, 4895250.0], [559850.0, 4895250.0], [559850.0, 4895260.0], [559770.0, 4895260.0]]]}, "properties": {"site_code": "WS1-3", "dem_area_ha": 92.54, "routing_qc_pass": true}}]}